* Sea-Bird SBE 9 Data File:
* FileName = X:\CTD_Data\2023\PS23_22_Sutton_CTD\B001_Night_244.hex
* Software Version Seasave V 7.26.7.121
* Temperature SN = 2893
* Conductivity SN = 0434
* Number of Bytes Per Scan = 40
* Number of Voltage Words = 5
* Number of Scans Averaged by the Deck Unit = 24
* System UpLoad Time = May 02 2023 18:01:22
* NMEA Latitude = 28 57.37 N
* NMEA Longitude = 087 58.36 W
* NMEA UTC (Time) = May 02 2023  23:03:57
* Store Lat/Lon Data = Append to Every Scan
* SBE 11plus V 5.2
* number of scans to average = 24
* pressure baud rate = 9600
* NMEA baud rate = 4800
* surface PAR voltage added to scan
* A/D offset = 5
* GPIB address = 1
* advance primary conductivity  0.073 seconds
* advance secondary conductivity  0.073 seconds
* autorun on power up is disabled
* S>
* System UTC = May 02 2023 23:01:22
*END*
1372072C313382B79D132E4E1AA6619B19C9040FFFFFFFFFFB5FFF0001F6161784431E2B40BDB213
1371942C314582B7A8132E571AA65798B9CD03FFFFFFFFFFFB6FFF0001FD161784431E2B40BDB22B
1371C32C301582B7AD132E4C1AA62F98F9D7040FFFFFFFFFFB6FFF0001FE161784431E2B40BDD243
1371B72C2EF982B7A2132E5C1AA60799F9E203FFFFFFFFFFFB6FFF0001F3161784431E2B40BDB25B
1371A32C2ED382B798132DDF1AA61C9939D1040FFFFFFFFFFB5FFF0001FA161784431E2B40BDB273
1371872C2EB382B79B132DDF1AA5FD9909B2083FFFFFFFFFFB5FFF0001FD161784431E2B40BDB28B
13713E2C2F9E82B7AD132DC21AA5F59959A5100FFFFFFFFFFB7FFF0001F7161784431E2B40BDB2A3
1371642C2E4E82B7AD132DE21AA5E39839A203FFFFFFFFFFFB7FFF0001FC161784431E2A40BDD2BB
13719F2C2E3D82B79D132DE51AA5E49639B4040FFFFFFFFFFB7FFF0001FD161784431E2A40BDB2D3
1372362C2EBF82B79F132E311AA5F99659BE040FFFFFFFFFFB7FFF0001FD161784431E2A40BDC2EB
1371742C2EA282B7A9132E471AA5E69809AC03FFFFFFFFFFFB7FFF0001FE161784431E2A40BDB203
13708C2C2EEA82B7AD132C9C1AA6359999B0040FFFFFFFFFFB5FFF0001FE161784431E2A40BDB21B
1370622C2E7982B7A4132B661AA60F9AB9AF040FFFFFFFFFFB5FFF0001FC161784431E2A40BDB233
136FA82C2F2B82B79A132B4F1AA66F9939B8040FFFFFFFFFFB5FFF0001FC161784431E2A40BDD24B
136D6A2C314582B79F132B241AA61999A9AE040FFFFFFFFFFB4FFF0001F6161784431E2A40BDD263
136CC32C32D982B7AE132A871AA5A49B7991040FFFFFFFFFFB4FFF0001FE161784431E2A40BDD27B
136CA72C32DE82B7B5132A0C1AA5A99C196B040FFFFFFFFFFB6FFF0001FF161785431E2A40BDD293
136CB62C31F982B7AC1329591AA5A99A493D08CFFFFFFFFFFB6FFF0001F8161785431E2A40BDB2AB
136D7D2C322882B7971329271AA57098D92B11AFFFFFFFFFFB8FFF0001FD161785431E2A40BDD2C3
136F012C331182B79713297A1AA50399993B040FFFFFFFFFFB8FFF0001FC161785431E2940BDD2DB
136D692C339482B7AA1329B51AA4D99A593F040FFFFFFFFFFB5FFF0001FD161785431E2940BDB2F3
136D092C32A782B7B21329701AA4C89B090B03FFFFFFFFFFFB4FFF0001FF161785431E2940BDD30B
136D2F2C32FB82B7A813295C1AA44F9538BF03FFFFFFFFFFFB6FFF0001F9161785431E2940BDD323
136D362C331382B7A11329AE1AA47F80182B03FFFFFFFFFFFB6FFF0001FF161785431E2940BDD33B
136D262C330882B7A413299A1AA4747807E203FFFFFFFFFFFB5FFF0001F8161785431E2940BDD353
136E262C33FC82B7A41329B11AA48075C7C803FFFFFFFFFFFB5FFF0001FF161785431E2940BDD36B
136D612C332682B7A31329C51AA48174E7BD03FFFFFFFFFFFB5FFF0001F9161785431E2940BDD383
136F572C354182B7A91329D81AA48274C7B603FFFFFFFFFFFB6FFF0001F7161785431E2940BDD39B
136EE22C34FD82B7A6132A971AA5007457B103FFFFFFFFFFFB5FFF0001FF161785431E2940BDC3B3
1370692C367182B7A3132CDE1AA6527447AA095FFFFFFFFFFB5FFF0001F9161785431E2940BDD3CB
13709C2C369982B7A2132C951AA62273E7AE136FFFFFFFFFFB6FFF0001F9161785431E2940BDD3E3
1370652C367C82B7A3132C6E1AA61573E7B103FFFFFFFFFFFB6FFF000200161785431E2840BDD3FB
1370D52C36EC82B7A3132DA71AA6D473E7B203FFFFFFFFFFFB7FFF0001FF161785431E2840BDC313
1371022C371982B7A4132D741AA6B373F7B003FFFFFFFFFFFB9FFF0001FF161785431E2840BDD32B
1371D72C37ED82B7A8132E191AA7107427AF03FFFFFFFFFFFB6FFF0001F9161785431E2840BDD343
1371A92C37D682B7A3132E371AA7267397AC03FFFFFFFFFFFB6FFF000200161785431E2840BDD35B
1371372C375F82B7A7132D7D1AA6C473C7A803FFFFFFFFFFFB7FFF0001FA161785431E2840BDD373
13705F2C367D82B7AC132D021AA67773F7A903FFFFFFFFFFFB5FFF0001FF161785431E2840BDD38B
1370782C36C382B7A1132D131AA68A7407A703FFFFFFFFFFFB6FFF000200161786431E2840BDC3A3
1370842C36C582B7A0132D381AA6B673F7AF03FFFFFFFFFFFB8FFF000200161786431E2840BDD3BB
1370352C369082B7A2132CBA1AA67273A7B603FFFFFFFFFFFB5FFF000200161786431E2840BDD3D3
1370072C366982B7A4132CDA1AA69273E7B509FFFFFFFFFFFB1FFF000200161786431E2840BDD3EB
1370232C364082B7A5132BEE1AA61B73D7AD151FFFFFFFFFFB7FFF0001FB161786431E2840BDD303
1371502C37E482B7A7132D531AA6D47427AA03FFFFFFFFFFFB6FFF0001FA161786431E2840BDD31B
13722F2C388182B7AF132F141AA7B17437A903FFFFFFFFFFFB5FFF000201161786431E2740BDD333
1371582C37CD82B7A5132E5A1AA74E73C7A703FFFFFFFFFFFB5FFF0001FD161786431E2740BDD34B
136F7E2C368082B79E132CF41AA6B173E7A803FFFFFFFFFFFB5FFF0001F9161786431E2740BDD363
136E952C356382B7A3132C091AA63573A7AB03FFFFFFFFFFFB7FFF0001FF161786431E2740BDD37B
136F042C35D982B7A0132B111AA5A17387AC03FFFFFFFFFFFB7FFF0001FF161786431E2740BDD393
136FAB2C363582B7A5132BB91AA6157377AB03FFFFFFFFFFFB7FFF000200161786431E2740BDD3AB
1370102C36DB82B7AB132E751AA76273D7A903FFFFFFFFFFFB7FFF0001FB161786431E2740BDD3C3
13702B2C36BA82B7AC132CBE1AA69473D7A903FFFFFFFFFFFB7FFF000202161786431E2740BDD3DB
136FC02C360982B7AD132D301AA6DC7387AB03FFFFFFFFFFFB7FFF0001FB161786431E2740BDD3F3
1371192C372F82B7A3132C9F1AA6417397AA09FFFFFFFFFFFB7FFF0001FE161786431E2740BDD30B
13711A2C373982B79E132CE11AA65D7397A9156FFFFFFFFFFB6FFF0001FF161786431E2740BDC323
1370222C364482B7A6132C751AA6307367AA03FFFFFFFFFFFB7FFF0001FF161786431E2740BDD33B
1370472C366482B7A2132CA61AA64E7367AA03FFFFFFFFFFFB6FFF0001FF161786431E2640BDD353
1370972C36B982B7A5132CA11AA64B73D7A903FFFFFFFFFFFB6FFF0001FF161786431E2640BDD36B
136F712C359882B7B5132BD71AA5CC73B7A803FFFFFFFFFFFB5FFF000200161786431E2640BDD383
136EE62C351482B7AD132B6D1AA58C7387A903FFFFFFFFFFFB5FFF0001F2161786431E2640BDD39B
136FA02C357A82B79A132CCD1AA65973B7AB03FFFFFFFFFFFB6FFF0001FD161786431E2640BDD3B3
136E9A2C34A882B7A1132B161AA5527397AB03FFFFFFFFFFFB7FFF0001F6161787431E2640BDD3CB
136E4E2C345A82B7A9132AEE1AA5427397AB03FFFFFFFFFFFB7FFF0001FE161787431E2640BDD3E3
136E962C349482B7A8132AEE1AA54773C7AB03FFFFFFFFFFFB7FFF0001FE161787431E2640BDD3FB
136F452C355F82B7A5132BBA1AA5B373E7AC03FFFFFFFFFFFB7FFF0001F7161787431E2640BDD313
136F882C359D82B7A3132C111AA5ED73D7A70ABFFFFFFFFFFB6FFF0001FC161787431E2640BDD32B
136F652C358782B7A7132BFD1AA5DD73A7AA179FFFFFFFFFFB4FFF0001F6161787431E2640BDD343
136FCD2C35EB82B7AB132C291AA5FB7317AA03FFFFFFFFFFFB4FFF0001F7161787431E2640BDD35B
13706D2C368C82B7A5132C681AA61E7397AA03FFFFFFFFFFFB7FFF0001F6161787431E2640BDD373
1370502C367082B7A0132C891AA62D73E7AE03FFFFFFFFFFFB7FFF0001FB161787431E2540BDD38B
1370812C36AD82B7A5132C6F1AA61D7397AA03FFFFFFFFFFFB5FFF0001F4161787431E2540BDD3A3
13704C2C366882B7A9132CBD1AA6537377A603FFFFFFFFFFFB5FFF0001FC161787431E2540BDD3BB
136F492C358C82B7A6132CF91AA67D7387A503FFFFFFFFFFFB5FFF0001FC161787431E2540BDD3D3
136F5D2C359982B7A3132C901AA64E7397A503FFFFFFFFFFFB5FFF0001FC161787431E2540BDD3EB
136FB02C35D982B7A6132CE31AA67A73A7A403FFFFFFFFFFFB5FFF0001FB161787431E2540BDD303
136EDB2C351282B7AC132BFC1AA5F873B7A303FFFFFFFFFFFB6FFF0001FA161787431E2540BDD31B
136F912C360A82B7AB132C711AA63073B7A703FFFFFFFFFFFB5FFF0001FA161787431E2540BDD333
1370E12C374982B7A3132C411AA62E73D7AA0B2FFFFFFFFFFB5FFF0001F4161787431E2540BDD34B
1371422C37CF82B79D132CBA1AA6AC7347A918EFFFFFFFFFFB7FFF0001F1161787431E2540BDD363
13716E2C37ED82B7A2132C411AA66D7337A903FFFFFFFFFFFB5FFF0001F7161787431E2540BDD37B
1370B92C373E82B7AF132CA01AA67A7347AC03FFFFFFFFFFFB5FFF0001F7161787431E2540BDD393
136F932C361E82B7B7132B151AA5C17367AE03FFFFFFFFFFFB6FFF0001F8161787431E2540BDD3AB
13706F2C372282B7A6132BB41AA61E73A7AD03FFFFFFFFFFFB7FFF0001F2161787431E2440BDD3C3
1370312C36DE82B796132B901AA5F27357A703FFFFFFFFFFFB6FFF0001F6161788431E2440BDD3DB
1370392C370082B7A2132BF11AA6457347A703FFFFFFFFFFFB5FFF0001EF161788431E2440BDD3F3
13700B2C36CE82B7AC132C221AA6687327A503FFFFFFFFFFFB4FFF0001F5161788431E2440BDD30B
136F2D2C35DD82B7AC132C001AA6507387A603FFFFFFFFFFFB4FFF0001F5161788431E2440BDD323
136F0D2C360782B7A5132C1B1AA65A73B7A203FFFFFFFFFFFB6FFF0001F4161788431E2440BDD33B
136ED72C358F82B7A9132B8D1AA5CE7377A503FFFFFFFFFFFB8FFF0001E8161788431E2440BDD353
136E952C34D182B7AB132AEB1AA53E73B7A80BCFFFFFFFFFFB8FFF0001F4161788431E2440BDD36B
136E712C348A82B7A8132ABD1AA51E7367AB1ADFFFFFFFFFFB6FFF0001F3161788431E2440BDD383
136E2F2C342A82B7A7132AC81AA5257367AD03FFFFFFFFFFFAFFFF0001F2161788431E2440BDD39B
136E292C344A82B7A0132ACA1AA52F7387B003FFFFFFFFFFFB6FFF0001F2161788431E2440BDD3B3
136E7B2C348582B79C132AD21AA5307397AE03FFFFFFFFFFFB7FFF0001F2161788431E2440BDD3CB
136E902C34CD82B7AB132B6C1AA5997377AB03FFFFFFFFFFFB5FFF0001ED161788431E2340BDD3E3
136EB12C34BC82B7B1132B0F1AA55C7397AC03FFFFFFFFFFFB6FFF0001F0161788431E2340BDD3FB
136ED12C34F682B7AB132B341AA57D7417A603FFFFFFFFFFFB6FFF0001F3161788431E2340BDD313
136F012C353382B7A4132B0C1AA55973C7A203FFFFFFFFFFFB6FFF0001F1161788431E2340BDD32B
136F2B2C356C82B7A4132B4B1AA5827377A703FFFFFFFFFFFB7FFF0001E8161788431E2340BDD343
136F192C356E82B79F132B7A1AA5AC7377AA03FFFFFFFFFFFB6FFF0001E8161788431E2340BDD35B
136F2D2C357282B7A0132C0D1AA60773C7AA03FFFFFFFFFFFB6FFF0001F0161788431E2340BDD373
136F4A2C356D82B7AD132BFA1AA5E97357AA0C2FFFFFFFFFFB6FFF0001F1161788431E2340BDD38B
136F542C357F82B7B0132BE41AA5E17377A71C0FFFFFFFFFFB5FFF0001F2161788431E2340BDD3A3
136F552C359082B7A3132BCE1AA5D67397A503FFFFFFFFFFFB5FFF0001EC161788431E2340BDD3BB
136F752C35A982B7A1132BBF1AA5CE73B7A503FFFFFFFFFFFB7FFF0001EF161788431E2340BDD3D3
136F792C35BA82B7A4132BBE1AA5C87367A503FFFFFFFFFFFB3FFF0001F0161788431E2340BDD3EB
136F982C35DD82B7A0132B771AA5A773A7A203FFFFFFFFFFFB5FFF0001E6161789431E2340BDD303
136FB52C360082B7AA132BA11AA5C17397A903FFFFFFFFFFFB6FFF0001E8161789431E2340BDD31B
136F662C35AB82B7B1132BC31AA5D07377A803FFFFFFFFFFFB6FFF0001F2161789431E2240BDD333
136ED92C351082B7A4132B4D1AA58C73A7A803FFFFFFFFFFFB6FFF0001F1161789431E2240BDD34B
136ECC2C351882B7A2132AF71AA55B73A7A603FFFFFFFFFFFB6FFF0001F1161789431E2240BDD363
136EF32C353F82B7A9132B351AA5807377A403FFFFFFFFFFFB6FFF0001ED161789431E2240BDD37B
136F062C355382B7A7132B201AA57973A7A503FFFFFFFFFFFB6FFF0001EE161789431E2240BDD393
1370F62C377482B7A2132B251AA57673E7AA0C9FFFFFFFFFFB5FFF0001F1161789431E2240BDD3AB
1371E82C384F82B7A8132D8E1AA6F373A7A81D6FFFFFFFFFFB5FFF0001EA161789431E2240BDD3C3
136F972C35EC82B7AB132C521AA66073B7A703FFFFFFFFFFFB7FFF0001F0161789431E2240BDD3DB
13704F2C368D82B7A5132B971AA5E073F7A803FFFFFFFFFFFB4FFF0001F1161789431E2240BDD3F3
136FF32C361F82B7A5132B751AA59573A7AA03FFFFFFFFFFFB5FFF0001F2161789431E2240BDD30B
136FA52C35C482B7AB132BC81AA5DA7357A903FFFFFFFFFFFAFFFF0001F1161789431E2240BDD323
136F622C358682B7A8132BA41AA5C27307A703FFFFFFFFFFFB3FFF0001F0161789431E2240BDD33B
136FCB2C360482B7A8132B6C1AA59A7357A803FFFFFFFFFFFB5FFF0001F0161789431E2140BDD353
1370042C363D82B7A8132BBD1AA5BB7377A503FFFFFFFFFFFB7FFF0001EF161789431E2140BDD36B
136FB42C35E882B7A4132C091AA5F77347A303FFFFFFFFFFFB6FFF0001EF161789431E2140BDD383
136F102C355082B79F132C5C1AA62B7377A103FFFFFFFFFFFB6FFF0001E8161789431E2140BDD39B
136EF62C352D82B79F132BE51AA5ED73E7A603FFFFFFFFFFFB6FFF0001EF161789431E2140BDD3B3
136E882C34B682B7AD132B5D1AA5967407A90D3FFFFFFFFFFB5FFF0001EF161789431E2140BDD3CB
136D6D2C337B82B7B8132ACC1AA52873B7AD1F6FFFFFFFFFFB4FFF0001E9161789431E2140BDD3E3
136DD92C33C682B7AD132ABC1AA52673C7A903FFFFFFFFFFFB7FFF0001E1161789431E2140BDD3FB
136DF02C33E182B79C132A621AA4E87377A203FFFFFFFFFFFB7FFF0001EC16178A431E2140BDD313
136DF92C33E982B79E132A281AA4C573A7A303FFFFFFFFFFFB7FFF0001EC16178A431E2140BDD32B
136EF22C350582B7A7132AC81AA5267387A403FFFFFFFFFFFB6FFF0001EC16178A431E2140BDD343
136FA42C35BC82B7B0132BA11AA5A57387A503FFFFFFFFFFFB6FFF0001EC16178A431E2140BDD35B
136F432C357D82B7B0132C371AA5FD7397A703FFFFFFFFFFFB7FFF0001E716178A431E2140BDD373
136F752C359682B795132BC51AA5BA7347AB03FFFFFFFFFFFB5FFF0001E316178A431E2040BDD38B
136F612C358982B799132B5A1AA57A7337AB03FFFFFFFFFFFB5FFF0001E916178A431E2040BDD3A3
136F3E2C353A82B7C6132AAD1AA5117367A603FFFFFFFFFFFB6FFF0001EA16178A431E2040BDD3BB
13708B2C369D82B7BC132B201AA5527357A603FFFFFFFFFFFB6FFF0001EB16178A431E2040BDD3D3
136F732C357082B78C132B111AA5467367A30DBFFFFFFFFFFB6FFF0001E616178A431E2040BDD3EB
136F862C358E82B78C132B2F1AA55E7337A320EFFFFFFFFFFB6FFF0001DC16178A431E2040BDD303
136F1F2C353082B7AD132B081AA54A73279F03FFFFFFFFFFFB6FFF0001E216178A431E2040BDD31B
136ED62C34D082B7B6132B811AA58C73179F03FFFFFFFFFFFB6FFF0001E216178A431E2040BDD333
136FCF2C35F282B7AA132AA91AA51D7377A103FFFFFFFFFFFB8FFF0001E916178A431E2040BDD34B
13703F2C365382B7A8132BD61AA5C97387A603FFFFFFFFFFFB6FFF0001EA16178A431E2040BDD363
136FAA2C35BB82B7AC132BFD1AA5D47347A503FFFFFFFFFFFB6FFF0001E916178A431E2040BDD37B
13701B2C363482B79F132BA81AA5AE7387A903FFFFFFFFFFFB7FFF0001E116178A431E2040BDD393
1370E32C371182B799132C451AA60973A7A803FFFFFFFFFFFB7FFF0001E716178A431E1F40BDD3AB
1370C12C36E682B7A4132C5F1AA6197377A803FFFFFFFFFFFB7FFF0001E816178A431E1F40BDD3C3
1370E12C371982B7AA132CE21AA6707367A903FFFFFFFFFFFB7FFF0001E116178A431E1F40BDD3DB
1371272C376082B7AA132D5F1AA6B67337AA03FFFFFFFFFFFB6FFF0001DE16178A431E1F40BDD3F3
13716B2C379582B7A9132D491AA6A97357AA0E4FFFFFFFFFFB6FFF0001EA16178B431E1F40BDD30B
1371532C378D82B7AE132CC21AA64F7347A8229FFFFFFFFFFB6FFF0001EA16178B431E1F40BDD323
1371182C374D82B7A8132CFA1AA6727357A503FFFFFFFFFFFB7FFF0001E916178B431E1F40BDD33B
13717C2C37E982B798132CF81AA67773F7A803FFFFFFFFFFFB7FFF0001E216178B431E1F40BDD353
1371DD2C383482B79B132D3B1AA6A573C7AA03FFFFFFFFFFFB9FFF0001E816178B431E1F40BDD36B
1371412C378182B7A6132D5E1AA6C87377AA03FFFFFFFFFFFB6FFF0001E316178B431E1F40BDD383
136F692C35F782B7B0132D241AA6A473C7AB03FFFFFFFFFFFB6FFF0001EA16178B431E1F40BDD39B
136D4E2C338A82B7BC132B171AA5C573A7AA03FFFFFFFFFFFB7FFF0001EB16178B431E1F40BDD3B3
136DF82C344982B7AC132B531AA5BB73D7AB03FFFFFFFFFFFB7FFF0001E216178B431E1F40BDD3CB
136EE02C351282B78F132C1D1AA5FC73D7AA03FFFFFFFFFFFB7FFF0001E616178B431E1E40BDD3E3
136F132C354182B79C132BC91AA5CE7337AA03FFFFFFFFFFFB7FFF0001E116178B431E1E40BDD3FB
136FA72C35C382B7B2132C441AA6117327A703FFFFFFFFFFFB6FFF0001E816178B431E1E40BDD313
136F7D2C35A882B7AD132BFE1AA5E87367A30EBFFFFFFFFFFB6FFF0001E216178B431E1E40BDD32B
136FD42C35FA82B7A6132BA21AA5B07357A1241FFFFFFFFFFB6FFF0001E716178B431E1E40BDD343
136FE32C361982B7A5132B9A1AA5AA7347A603FFFFFFFFFFFB6FFF0001E016178B431E1E40BDD35B
136F8B2C35B682B7A9132C4A1AA6117377A703FFFFFFFFFFFB7FFF0001E616178B431E1E40BDD373
136EC42C34A282B7AC132BD21AA5D17377A603FFFFFFFFFFFB6FFF0001E016178B431E1E40BDD38B
1370602C368982B7A4132C801AA61F7377A803FFFFFFFFFFFB6FFF0001DF16178B431E1E40BDD3A3
1370DE2C36F482B79F132C601AA5DB7357A703FFFFFFFFFFFB6FFF0001DE16178B431E1E40BDD3BB
136E702C359C82B7A9132AF71AA5727337A603FFFFFFFFFFFB6FFF0001E416178B431E1E40BDD3D3
136EBF2C364182B7A7132B2F1AA64D7337A503FFFFFFFFFFFB6FFF0001E416178C431E1E40BDD3EB
136F372C380F82B7A4132B2D1AA6557337A503FFFFFFFFFFFB8FFF0001DD16178C431E1E40BDD303
136E722C358682B7AA132AC21AA5377337A703FFFFFFFFFFFB7FFF0001E316178C431E1D40BDD31B
1371072C371A82B7AE132BD81AA5C27307A603FFFFFFFFFFFB4FFF0001E216178C431E1D40BDD333
136D032C32D182B7A8132D921AA6B17327A40F4FFFFFFFFFFB1FFF0001E216178C431E1D40BDD34B
136D522C334B82B7A1132CFC1AA6687307A325DFFFFFFFFFFB1FFF0001E016178C431E1D40BDD363
136D032C331F82B7A3132B471AA5737337A203FFFFFFFFFFFB3FFF0001DF16178C431E1D40BDD37B
136DA72C33EF82B7A71329511AA4567377A203FFFFFFFFFFFB5FFF0001DE16178C431E1D40BDD393
136F632C356882B7A71329FF1AA4BE7357A403FFFFFFFFFFFB6FFF0001DD16178C431E1D40BDD3AB
136E012C33FA82B7C3132B171AA55773A7A503FFFFFFFFFFFB5FFF0001DE16178C431E1D40BDD3C3
136C252C324282B7EB13293E1AA45D7367A503FFFFFFFFFFFB5FFF0001D016178C431E1D40BDD3DB
136C0C2C321682B82A1328241AA3BC7317A603FFFFFFFFFFFB5FFF0001DB16178C431E1D40BDD3F3
136A492C307482B86D1327311AA3457357A903FFFFFFFFFFFB2FFF0001D316178C431E1D40BDD30B
1368372C2E9882B8AE1324E91AA2217377A603FFFFFFFFFFFB3FFF0001D916178C431E1D40BDD323
1366502C2CE282B8F41322A71AA10473B7A203FFFFFFFFFFFB5FFF0001D916178C431E1D40BDD33B
135D3A2C248A82B942131A351A9CC073A7A303FFFFFFFFFFFB4FFF0001D216178C431E1C40BDD353
1356922C1EB882B9861312DE1A991A7407A403FFFFFFFFFFFB5FFF0001D016178C431E1C40BDD36B
1354782C1C6A82B97F13125D1A989F7417AC03FFFFFFFFFFFB4FFF0001D516178C431E1C40BDD383
13537C2C1BB182B9801311091A97E273A7AB03FFFFFFFFFFFB4FFF0001C116178C431E1C40BDD39B
1352392C1A6E82B986130FD11A974D7377A903FFFFFFFFFFFB6FFF0001D516178C431E1C40BDD3B3
1351C82C1A1882B987130EF91A96F07387A503FFFFFFFFFFFB7FFF0001D416178C431E1C40BDD3CB
1353BB2C1BC082B9801310AB1A97C07377A203FFFFFFFFFFFB7FFF0001D216178D431E1C40BDD3E3
1354912C1C7682B97713117B1A98287357A303FFFFFFFFFFFB8FFF0001D116178D431E1C40BDD3FB
13547D2C1C6B82B97E1311421A980473B7A503FFFFFFFFFFFB5FFF0001D116178D431E1C40BDD313
1352D52C1AF582B991130ECF1A96D473E7AA03FFFFFFFFFFFB7FFF0001D216178D431E1C40BDD32B
1350C42C192082B98F130F2D1A96F773A7AB03FFFFFFFFFFFB7FFF0001CB16178D431E1C40BDD343
1353932C1B9782B97C1310FC1A97E97387A903FFFFFFFFFFFB5FFF0001D016178D431E1C40BDD35B
1355002C1CCC82B97B1311261A97F77397A703FFFFFFFFFFFB5FFF0001C816178D431E1B40BDD373
1353552C1B6B82B9821310EA1A97D573C7A703FFFFFFFFFFFB6FFF0001CD16178D431E1B40BDD38B
13527E2C1A9282B983130FF41A975C7387AA03FFFFFFFFFFFB6FFF0001CE16178D431E1B40BDD3A3
1350EA2C193782B986130E3A1A96837377A803FFFFFFFFFFFB5FFF0001CF16178D431E1B40BDD3BB
1351612C199D82B985130E4D1A968D73B7A803FFFFFFFFFFFB3FFF0001C116178D431E1B40BDD3D3
1351FB2C1A1C82B982130EE51A96D07377A703FFFFFFFFFFFB5FFF0001CD16178D431E1B40BDD3EB
13520B2C1A2882B985130EE31A96D17397A903FFFFFFFFFFFB6FFF0001CC16178D431E1B40BDD303
13520A2C1A3482B985130F211A96F073B7AE03FFFFFFFFFFFB5FFF0001CC16178D431E1B40BDD31B
1353C02C1BA982B97D1310011A97617357A803FFFFFFFFFFFB6FFF0001CB16178D431E1B40BDD333
1353E22C1BE382B97A13105B1A979373A7A403FFFFFFFFFFFB5FFF0001C916178D431E1B40BDD34B
13541C2C1C1982B97A1310D21A97C573A7A603FFFFFFFFFFFB6FFF0001C616178D431E1B40BDD363
1353E92C1BDA82B9861310901A97A97367AA03FFFFFFFFFFFB6FFF0001C416178D431E1B40BDD37B
1352572C1A7E82B98F130FFD1A976673A7A503FFFFFFFFFFFB6FFF0001CB16178D431E1B40BDD393
13535C2C1B6682B9871310371A978773B7A5104FFFFFFFFFFB5FFF0001CA16178D431E1B40BDD3AB
1354E12C1CAD82B97C13112C1A97F373F7A4296FFFFFFFFFFB4FFF0001C316178E431E1A40BDD3C3
1354B42C1C9682B97713116B1A981073C7A203FFFFFFFFFFFB4FFF0001C916178E431E1A40BDD3DB
1354892C1C6382B97E1311101A97E67397A103FFFFFFFFFFFB4FFF0001C316178E431E1A40BDD3F3
1352F72C1B1082B98C130FE81A975373C7A703FFFFFFFFFFFB4FFF0001C816178E431E1A40BDD30B
1352582C1A7B82B98C1310051A976273D7A703FFFFFFFFFFFB5FFF0001C516178E431E1A40BDD323
1353E52C1BE882B97B1310B61A97C773E7A203FFFFFFFFFFFB6FFF0001C516178E431E1A40BDD33B
1355C02C1D7782B9791311D11A984E73B7A203FFFFFFFFFFFB4FFF0001C216178E431E1A40BDD353
1353BE2C1BD382B98513106E1A979573B7A503FFFFFFFFFFFB4FFF0001C916178E431E1A40BDD36B
1353C32C1BCA82B9871311381A97FE73F7A403FFFFFFFFFFFB5FFF0001C816178E431E1A40BDD383
1353CC2C1BD682B98313115B1A980F7397A503FFFFFFFFFFFB6FFF0001C316178E431E1A40BDD39B
1354232C1C1D82B97D1310F81A97DD73C7A103FFFFFFFFFFFB6FFF0001BF16178E431E1A40BDD3B3
1353C02C1BC182B97A13110E1A97E673D7A210EFFFFFFFFFFB6FFF0001C816178E431E1A40BDD3CB
1353A32C1BAF82B9801310CD1A97CA7367A82B5FFFFFFFFFFB5FFF0001C916178E431E1940BDD3E3
13527A2C1AA782B98C13100B1A976D7347A803FFFFFFFFFFFB5FFF0001C816178E431E1940BDD3FB
1353EB2C1BF682B9861310E11A97D57387A803FFFFFFFFFFFB5FFF0001C716178E431E1940BDD313
1356312C1DE182B9781312671A989773A7A803FFFFFFFFFFFB8FFF0001C116178E431E1940BDD32B
1355AD2C1D7682B9801311881A98207377A703FFFFFFFFFFFB6FFF0001C316178E431E1940BDD343
1353AF2C1BB682B98B1310B01A97C07357A603FFFFFFFFFFFB5FFF0001C616178E431E1940BDD35B
1354442C1C5882B9801311FC1A98647317A703FFFFFFFFFFFB5FFF0001C716178E431E1940BDD373
13581C2C1F6F82B9751313421A990B7377A303FFFFFFFFFFFB5FFF0001C716178E431E1940BDD38B
1354F72C1CFA82B97E13122F1A987F7377A503FFFFFFFFFFFB5FFF0001C216178F431E1940BDD3A3
13536B2C1B7782B98A13110D1A97E673B7A903FFFFFFFFFFFB5FFF0001CA16178F431E1940BDD3BB
13514F2C19C282B98B1310AC1A97B873E7AA03FFFFFFFFFFFB5FFF0001CA16178F431E1940BDD3D3
1353452C1B6E82B985130F4E1A971173D7A6112FFFFFFFFFFB6FFF0001C316178F431E1940BDD3EB
1354742C1C5782B97C1310C51A97BD73B7A32C7FFFFFFFFFFB5FFF0001C916178F431E1840BDD303
1354F52C1CAC82B9771311061A97DE73E7A203FFFFFFFFFFFB4FFF0001C916178F431E1840BDD31B
13543D2C1C2C82B97E13110C1A97E27397A403FFFFFFFFFFFB6FFF0001C916178F431E1840BDD333
1352D12C1B0882B9851311861A981D73B7A203FFFFFFFFFFFB7FFF0001C316178F431E1840BDD34B
1351FE2C1A4282B9861311291A97EB73D79F03FFFFFFFFFFFB6FFF0001CA16178F431E1840BDD363
1351D72C1A4482B9831310091A976473D7A003FFFFFFFFFFFB6FFF0001C416178F431E1840BDD37B
1351222C19AB82B9841310701A979073A7A303FFFFFFFFFFFB5FFF0001C516178F431E1840BDD393
1350C22C190482B988130F891A97237417A803FFFFFFFFFFFB4FFF0001CA16178F431E1840BDD3AB
1351352C197282B97F130E831A969C7407A803FFFFFFFFFFFB4FFF0001C416178F431E1840BDD3C3
1352552C1A6482B979130ECF1A96C473A7AA03FFFFFFFFFFFB6FFF0001C316178F431E1840BDD3DB
1350EA2C191C82B981130DBA1A963873C7A803FFFFFFFFFFFB6FFF0001CA16178F431E1840BDD3F3
134F9A2C17F382B983130EFF1A96CF7407AA120FFFFFFFFFFB6FFF0001CB16178F431E1840BDD30B
134DDA2C166982B986130D151A95E573A7A82EEFFFFFFFFFFB7FFF0001C816178F431E1740BDD323
134D782C15FF82B996130A181A94567367A603FFFFFFFFFFFB7FFF0001C616178F431E1740BDD33B
134B472C13E082B9A913075B1A92FD73A7A803FFFFFFFFFFFB7FFF0001C716178F431E1740BDD353
13478C2C107582B9BC1301D31A90517407A903FFFFFFFFFFFB9FFF0001C716178F431E1740BDD36B
1345A82C0EEA82B9C71301EE1A905D73D7A703FFFFFFFFFFFB9FFF0001CF16178F431E1740BDD383
13437A2C0D0C82B9D31300FC1A8FCB73A7A703FFFFFFFFFFFB3FFF0001CE161790431E1740BDD39B
1341432C0ADF82B9EA12FDBF1A8E2F73C7A603FFFFFFFFFFFB5FFF0001C7161790431E1740BDD3B3
133B712C05C582BA1112F8531A8B8273E7A703FFFFFFFFFFFB4FFF0001D0161790431E1740BDD3CB
1336C92C017A82BA3312F4111A89527397AC03FFFFFFFFFFFB4FFF0001CC161790431E1740BDD3E3
1335A62C009C82BA4112F2F11A88CC7437A903FFFFFFFFFFFB4FFF0001CC161790431E1740BDD3FB
1335D22C00B882BA5512F2711A887973F7A603FFFFFFFFFFFB4FFF0001C8161790431E1740BDD313
1334032BFEE382BA7512F1331A87CC7427A6120FFFFFFFFFFB4FFF0001CB161790431E1740BDD32B
1333352BFE0B82BA9512F08E1A876B7407A92F8FFFFFFFFFFB3FFF0001D4161790431E1640BDD343
1332BD2BFD9382BABE12F00C1A871E73F7AB03FFFFFFFFFFFB2FFF0001D3161790431E1640BDD35B
13325D2BFD3882BADC12EFB21A86F273E7A903FFFFFFFFFFFB2FFF0001D0161790431E1640BDD373
1332012BFCDD82BAF112EF561A86BC73F7AA03FFFFFFFFFFFB2FFF0001D5161790431E1640BDD38B
1331822BFC5B82BB1212EECE1A866D73F7AB03FFFFFFFFFFFB1FFF0001D5161790431E1640BDD3A3
13311D2BFC0882BB3E12EE501A863473F7AC03FFFFFFFFFFFB2FFF0001D2161790431E1640BDD3BB
1330C42BFBF382BB7212EE031A862E7427AB03FFFFFFFFFFFB2FFF0001D1161790431E1640BDD3D3
1330BC2BFBFF82BB9A12EDFB1A863A7487AC03FFFFFFFFFFFB3FFF0001D8161790431E1640BDD3EB
1330BA2BFC2282BBBB12EDFE1A864B7437AB03FFFFFFFFFFFB2FFF0001D2161790431E1640BDD303
1330BD2BFC3882BBE112EDFD1A865173E7A903FFFFFFFFFFFB1FFF0001D9161790431E1640BDC31B
1330C82BFC9982BC0712EE091A868A73F7A903FFFFFFFFFFFB2FFF0001D8161790431E1640BDD333
1330DD2BFCD382BC2912EE1F1A86B173F7AA121FFFFFFFFFFB2FFF0001D1161790431E1540BDC34B
1330F52BFD1282BC5C12EE391A86D273F7AA302FFFFFFFFFFB2FFF0001D7161790431E1540BDC363
1331962BFE9482BC9712EEDC1A87A173E7AB03FFFFFFFFFFFB2FFF0001D8161790431E1540BDC37B
1331F32BFF7982BCC612EF331A882373C7A703FFFFFFFFFFFAFFFF0001D9161791431E1540BDD393
13320A2C001682BCF412EF471A88737387AA03FFFFFFFFFFFAFFFF0001D8161791431E1540BDC3AB
1332372C00E582BD2612EF831A890473B7A903FFFFFFFFFFFB1FFF0001D1161791431E1540BDC3C3
1332A22C027B82BD5212EFF01A89E97417A503FFFFFFFFFFFB1FFF0001D6161791431E1540BDD3DB
1332D12C033482BD7812F0151A8A3C7487A503FFFFFFFFFFFB3FFF0001CF161791431E1540BDC3F3
1333352C04BB82BDA812F0671A8AEF7487A603FFFFFFFFFFFB2FFF0001D3161791431E1540BDD30B
1333522C054082BDE512F0901A8B557437AB03FFFFFFFFFFFB2FFF0001D5161791431E1540BDC323
1333772C062282BE2812F0B41A8BD07437AE03FFFFFFFFFFFB2FFF0001C9161791431E1540BDD33B
13335D2C06BD82BE6712F0A31A8C137487AD03FFFFFFFFFFFB3FFF0001D4161791431E1540BDC353
1332F12C06F182BE9712F0451A8C3E7437AC114FFFFFFFFFFB3FFF0001CE161791431E1540BDD36B
1332462C06E582BEBE12EF6F1A8C387427A92E9FFFFFFFFFFB1FFF0001D2161791431E1440BDD383
13303A2C06E182BEED12ED701A8C3E7417AA03FFFFFFFFFFFB1FFF0001D3161791431E1440BDD39B
132D1C2C07F482BF2312EA5C1A8CC37437AE03FFFFFFFFFFFB1FFF0001CA161791431E1440BDC3B3
132D9E2C0BF082BF6312EAE81A8EFB7407AD03FFFFFFFFFFFB1FFF0001CF161791431E1440BDC3CB
132E972C0EC382BFAB12EBDD1A908C7427AC03FFFFFFFFFFFB3FFF0001C9161791431E1440BDD3E3
132F0F2C103782BFF312EC561A915A7437AA03FFFFFFFFFFFB4FFF0001CC161791431E1440BDC3FB
132F492C10E782C02A12EC8C1A91B97467AB03FFFFFFFFFFFB3FFF0001D3161791431E1440BDC313
132F692C116D82C05412ECB21A92057467AE03FFFFFFFFFFFB1FFF0001D0161791431E1440BDD32B
132FA02C123682C08612ECE11A926A7487AC03FFFFFFFFFFFB1FFF0001CD161791431E1440BDC343
13302B2C137C82C0C812ED691A93217467AD03FFFFFFFFFFFB1FFF0001C6161791431E1440BDC35B
1330742C143C82C11412EDB31A938E7497AE03FFFFFFFFFFFB2FFF0001CC161792431E1440BDC373
1330612C149382C15B12EDA21A93BD7487AF106FFFFFFFFFFB2FFF0001C7161792431E1440BDC38B
1330FF2C15D482C19812EE371A946D7487B22CDFFFFFFFFFFB1FFF0001CF161792431E1340BDD3A3
1331552C16A182C1CA12EE941A94E17447B203FFFFFFFFFFFAFFFF0001CE161792431E1340BDC3BB
13317B2C172C82C20212EEB61A952D7447B203FFFFFFFFFFFAFFFF0001C8161792431E1340BDC3D3
1331A22C17B182C24612EEEC1A958D7457B103FFFFFFFFFFFB4FFF0001C9161792431E1340BDC3EB
1331EB2C18A982C28B12EF281A960D7487B303FFFFFFFFFFFB1FFF0001CD161792431E1340BDD303
1332A12C1B1082C2CC12EFF71A97877447B4046FFFFFFFFFFAFFFF0001CE161792431E1340BDD31B
1332F72C1C3782C31312F0461A98197467B304AFFFFFFFFFFB1FFF0001C9161792431E1340BDC333
13335F2C1D9B82C35D12F0851A98957477B3047FFFFFFFFFFB1FFF0001CC161792431E1340BDC34B
1333B82C1EC282C3A012F0F71A996374B7B0045FFFFFFFFFFAEFFF0001CD161792431E1340BDC363
1333DE2C1F4582C3E112F11B1A99A474D7B004AFFFFFFFFFFAFFFF0001C7161792431E1340BDC37B
1334252C201F82C42B12F1621A9A267507B004AFFFFFFFFFFB0FFF0001CE161792431E1340BDC393
1334792C212882C47212F1AB1A9A9E74C7B2102FFFFFFFFFFAEFFF0001C7161792431E1340BDC3AB
1334E12C227882C4B112F20F1A9B5074E7B62B6FFFFFFFFFFACFFF0001C6161792431E1340BDC3C3
1335B32C24F782C4F312F2F71A9CD874B7BB04DFFFFFFFFFFA5FFF0001BE161792431E1240BDC3DB
1336202C264382C53F12F37C1A9DC174C7B704EFFFFFFFFFF92FFF0001CB161792431E1240BDC3F3
1336CC2C283F82C58D12F3FD1A9E9774E7B704EFFFFFFFFFFAFFFF0001CD161792431E1240BDC30B
1336E92C28E482C5CB12F41F1A9EEE7487B304EFFFFFFFFFFAFFFF0001C5161792431E1240BDC323
1336F22C295682C60712F4251A9F2C74F7B004DFFFFFFFFFFB1FFF0001CA161792431E1240BDC33B
1336CA2C298D82C64F12F3FC1A9F427517B004FFFFFFFFFFFB2FFF0001C3161792431E1240BDC353
13372C2C2AA482C69812F4591A9FE27507B304CFFFFFFFFFFAEFFF0001C8161792431E1240BDC36B
1337A22C2C0C82C6E512F4D21AA0A674F7B7051FFFFFFFFFFAFFFF0001C9161793431E1240BDC383
1337C92C2D1582C72A12F4FB1AA13E7537B6051FFFFFFFFFFAEFFF0001C2161793431E1240BDD39B
13381D2C2E1B82C76A12F54A1AA1CA7527B804DFFFFFFFFFFAEFFF0001C7161793431E1240BDC3B3
1338D52C2FDE82C7A912F6051AA2C47517B50F7FFFFFFFFFFAFFFF0001C0161793431E1240BDC3CB
133A5F2C330082C7ED12F78D1AA4857567B4294FFFFFFFFFFB0FFF0001C6161793431E1240BDC3E3
133B8F2C358182C83D12F8AD1AA5DB7527B5048FFFFFFFFFFAFFFF0001C1161793431E1140BDC3FB
133AFE2C357D82C88512F8181AA5D97527B4052FFFFFFFFFFAEFFF0001C1161793431E1140BDC313
1339652C33D582C8C512F6931AA4F97507B3050FFFFFFFFFFACFFF0001C6161793431E1140BDC32B
1337202C311182C90D12F4491AA36F74D7B604CFFFFFFFFFFAFFFF0001C5161793431E1140BDC343
1336A92C30EC82C95112F3E11AA3577527B8050FFFFFFFFFFACFFF0001C5161793431E1140BDC35B
1337132C31D282C98D12F4511AA3DB7517B704FFFFFFFFFFFABFFF0001C6161793431E1140BDC373
13383A2C33FC82C9CE12F56C1AA50374F7B704EFFFFFFFFFFABFFF0001C6161793431E1140BDC38B
1338BB2C34FA82CA1312F5EA1AA5957587B804DFFFFFFFFFFABFFF0001C5161793431E1140BDB3A3
1338912C351882CA5D12F5C11AA5A27547B5048FFFFFFFFFFACFFF0001C5161793431E1140BDC3BB
1338C42C35D582CAAE12F5ED1AA60E74E7B6052FFFFFFFFFFAAFFF0001BF161793431E1140BDC3D3
1336452C33A782CAFA12F35C1AA4E174F7BA0E6FFFFFFFFFFAAFFF0001C0161793431E1140BDC3EB
1332FB2C307F82CB3512F03E1AA32B7547BD26BFFFFFFFFFFA9FFF0001C0161793431E1140BDC303
13302E2C2D7C82CB6712ED821AA1887507BB051FFFFFFFFFFA7FFF0001C6161793431E1040BDC31B
132BA42C28D682CB9F12E8F81A9EFF74C7BA04FFFFFFFFFFFA4FFF0001BE161793431E1040BDC333
1328C42C25E482CBEF12E61B1A9D4774F7BD051FFFFFFFFFFA3FFF0001C2161793431E1040BDC34B
1327582C245382CC4A12E4BB1A9C7074F7BB04FFFFFFFFFFFA3FFF0001C5161793431E1040BDC363
13258C2C227D82CC9312E2F81A9B717517BA04DFFFFFFFFFFA4FFF0001C2161793431E1040BDC37B
1321262C1DD982CCCB12DE7C1A98F77517B904BFFFFFFFFFFA1FFF0001C8161793431E1040BDC393
1318D12C149E82CD0012D6A31A94127517B904AFFFFFFFFFF9FFFF0001C0161793431E1040BDC3AB
13168B2C11DD82CD4912D4361A92507597BB04EFFFFFFFFFF99FFF0001C5161794431E1040BDB3C3
1315E42C10F482CD9912D3761A91C87517C0052FFFFFFFFFF97FFF0001C7161794431E1040BDC3DB
1312CE2C0CEC82CDD512D0411A8F8A7507C104CFFFFFFFFFF94FFF0001C1161794431E1040BDC3F3
130E3F2C06C482CE1412CBD21A8C3875B7C10D7FFFFFFFFFF8CFFF0001C7161794431E1040BDC30B
1303872BF89482CE6312C1741A847F75D7BF248FFFFFFFFFF7DFFF0001C4161794431E1040BDC323
12FB912BEDFD82CEB112B95F1A7E8E75D7C4050FFFFFFFFFF61FFF0001C6161794431E1040BDC33B
12F6D12BE7B582CEED12B4AB1A7B197667CB051FFFFFFFFFF3DFFF0001CA161794431E1040BDC353
12F2442BE18D82CF2312B0331A77CA76A7D104BFFFFFFFFFF2EFFF0001C4161794431E0F40BDC36B
12EBC12BD8CF82CF6512A9E41A73017727D305EFFFFFFFFFF1DFFF0001C8161794431E0F40BDC383
12E6702BD17D82CFB112A49E1A6EEA7797D8060FFFFFFFFFEF8FFF0001C3161794431E0F40BDC39B
12E1EA2BCB5D82D00012A02F1A6B8C7807DF059FFFFFFFFFEECFFF0001C8161794431E0F40BDC3B3
12DD962BC55382D04C129BBE1A68437847E6051FFFFFFFFFEE6FFF0001C5161794431E0F40BDC3CB
12D4EE2BB9DE82D08D1293441A62027897EF056FFFFFFFFFEDFFFF0001CD161794431E0F40BDB3E3
12CC962BAEA882D0CD128B151A5BFC7947FE055FFFFFFFFFECCFFF0001C6161794431E0F40BDC3FB
12C2CE2BA27A82D10B1281881A554C7A480A05BFFFFFFFFFED8FFF0001CA161794431E0F40BDC313
12BA702B97E982D1541279611A4F7E7BA81A0D2FFFFFFFFFEE9FFF0001CB161794431E0F40BDC32B
12B25F2B8E0482D1AA1271631A49EE7D682E21AFFFFFFFFFEE4FFF0001CA161794431E0F40BDC343
12AE892B890C82D1F5126D6D1A47147F5845050FFFFFFFFFEE7FFF0001CA161794431E0F40BDC35B
12ABF42B862D82D226126AF11A4588806859054FFFFFFFFFF04FFF0001C7161794431E0E40BDC373
12A9F02B864A82D2621268F61A459280C86405CFFFFFFFFFEFAFFF0001CC161794431E0E40BDC38B
12A8BC2B89A182D2B61267C11A475680F86B060FFFFFFFFFF0EFFF0001CC161794431E0E40BDC3A3
12A92B2B8C5682D31012682C1A48D9801866059FFFFFFFFFF2DFFF0001C9161794431E0E40BDB3BB
12A8A32B8C9382D3591267AA1A49037E9853052FFFFFFFFFF2BFFF0001C7161795431E0E40BDB3D3
12A6872B8A3C82D3951265A51A47C77D383E05EFFFFFFFFFF37FFF0001CE161795431E0E40BDC3EB
12A5DE2B89E182D3CA1264F01A47867CE83305DFFFFFFFFFF4FFFF0001CD161795431E0E40BDC303
12A59D2B89DB82D4091264A51A47817D983605EFFFFFFFFFF57FFF0001CD161795431E0E40BDB31B
12A4BD2B899682D4611263CD1A47607E083B04EFFFFFFFFFF5AFFF0001C7161795431E0E40BDB333
12A4AC2B8ACF82D4B91263C21A480A7DA83C0C8FFFFFFFFFF64FFF0001CF161795431E0E40BDC34B
12A5D62B8D3482D4F81264F91A49627D1836207FFFFFFFFFF6EFFF0001C7161795431E0E40BDC363
12A6322B8E4E82D5331265411A49ED7D0830057FFFFFFFFFF70FFF0001D1161795431E0E40BDB37B
12A6E72B912E82D5741265E31A4B687CF82D05EFFFFFFFFFF70FFF0001CF161795431E0D40BDB393
12A77A2B92B882D5BF12667E1A4C5F7CD82D058FFFFFFFFFF75FFF0001D0161795431E0D40BDC3AB
12A7282B925782D61112662F1A4C2E7D1831050FFFFFFFFFF7FFFF0001D2161795431E0D40BDB3C3
12A59E2B909B82D65D1264A81A4B3C7DB836059FFFFFFFFFF7FFFF0001CE161795431E0D40BDB3DB
12A4E82B901382D6971263F41A4AEC7DC83705DFFFFFFFFFF82FFF0001CE161795431E0D40BDB3F3
12A46C2B8FA882D6D71263781A4AB07DE83A05DFFFFFFFFFF7CFFF0001D4161795431E0D40BDB30B
12A4052B8F4B82D71B1263121A4A7E7E283C052FFFFFFFFFF82FFF0001CE161795431E0D40BDC323
12A3982B8EF082D7691262A81A4A4D7E484105AFFFFFFFFFF80FFF0001D5161795431E0D40BDB33B
12A2E82B8E9D82D7B41261F91A4A1F7E584505EFFFFFFFFFF82FFF0001CF161795431E0D40BDB353
12A23D2B8E0882D7FE1261531A49CC7EA84A0B6FFFFFFFFFF86FFF0001CD161795431E0D40BDB36B
12A2112B8DE082D8421261291A49B77EF84D1D9FFFFFFFFFF88FFF0001CA161795431E0D40BDB383
12A15A2B8DED82D88212606A1A49BE7F4854048FFFFFFFFFF8BFFF0001D6161795431E0C40BDB39B
129DE12B8A3982D8C3125D0F1A47B87FA85805AFFFFFFFFFF8DFFF0001D1161795431E0C40BDB3B3
129CAE2B88B482D918125BD31A46E07FE85A057FFFFFFFFFF8FFFF0001D4161795431E0C40BDB3CB
129ADC2B867B82D968125A071A45A480A85F05AFFFFFFFFFF92FFF0001D7161795431E0C40BDB3E3
129A232B858982D9A412595C1A452F81586905AFFFFFFFFFF97FFF0001D1161796431E0C40BDB3FB
1299B62B850382D9D21258E61A44DB825878047FFFFFFFFFF98FFF0001D5161796431E0C40BDB313
1298A12B83A882DA0D1257C71A441683188105CFFFFFFFFFF9AFFF0001CE161796431E0C40BDB32B
12977B2B823882DA621256AD1A434983989105CFFFFFFFFFF9CFFF0001CF161796431E0C40BDB343
1296342B808A82DAB11255861A427784A89D05BFFFFFFFFFFA0FFF0001D6161796431E0C40BDB35B
1294D42B7EF182DAF51254131A418B85E8AE051FFFFFFFFFFA3FFF0001D7161796431E0C40BDB373
12940E2B7E2882DB3512534C1A41198748BF098FFFFFFFFFFA6FFF0001D7161796431E0C40BDB38B
12939E2B7DB682DB711252E81A40DB8858CF1ADFFFFFFFFFFA7FFF0001D7161796431E0C40BDB3A3
1293022B7CF282DBAC1252301A405C8928DE055FFFFFFFFFFA7FFF0001D0161796431E0C40BDB3BB
128EE92B779082DBF0124E1C1A3D658938E2059FFFFFFFFFFA8FFF0001D6161796431E0B40BDB3D3
128A8C2B720A82DC361249E31A3A698998EA05AFFFFFFFFFFAAFFF0001D6161796431E0B40BDB3EB
1288C92B706A82DC751248511A39A98B18FA055FFFFFFFFFFB0FFF0001D6161796431E0B40BDB303
128AF12B755782DCB5124A6C1A3C558CC91104AFFFFFFFFFFB5FFF0001CF161796431E0B40BDB31B
12899A2B741882DCFF1248EC1A3B818E492705CFFFFFFFFFFB9FFF0001D9161796431E0B40BDB333
12857E2B6F3982DD4A1244F21A38E38F093605DFFFFFFFFFFBAFFF0001D8161796431E0B40BDB34B
1282E62B6C5782DD8F1242251A373E8FB94105DFFFFFFFFFFBAFFF0001CB161796431E0B40BDB363
127E5F2B669A82DDC0123D481A33F590394C053FFFFFFFFFFAFFFF0001D7161796431E0B40BDB37B
1278A92B5FEE82DDF31237E41A30598E993C058FFFFFFFFFFAAFFF0001D9161796431E0B40BDB393
12734B2B59C182DE3A1233081A2D278C89200A0FFFFFFFFFFAAFFF0001D9161796431E0B40BDB3AB
126FE42B559582DE88122F9C1A2AD38C0915191FFFFFFFFFFABFFF0001D4161796431E0B40BDB3C3
126B842B4FD582DED8122B441A27A98C091304DFFFFFFFFFFABFFF0001D7161796431E0B40BDB3DB
1266B42B49D882DF1A1226621A244A8C591705CFFFFFFFFFFA6FFF0001D6161796431E0B40BDB3F3
1264CC2B475C82DF4712247B1A22F08CF91D05BFFFFFFFFFFA5FFF0001DD161796431E0A40BDB30B
1263B12B467982DF7D1223931A22878D892705CFFFFFFFFFFA1FFF0001DC161796431E0A40BDB323
12606C2B422982DFB71220601A20388E0930051FFFFFFFFFF98FFF0001DB161796431E0A40BDB33B
125E682B3F7D82DFEE121E5E1A1EB68EC935047FFFFFFFFFFA6FFF0001DB161796431E0A40BDB353
125C7D2B3CFA82E031121C811A1D5E8F5938047FFFFFFFFFFA9FFF0001DD161797431E0A40BDB36B
12599E2B398782E0771219B21A1B798F993D056FFFFFFFFFFB0FFF0001DC161797431E0A40BDB383
12580D2B37A282E0AC12182B1A1A778FF945059FFFFFFFFFFB3FFF0001D7161797431E0A40BDA39B
1256252B35B782E0DA1216331A195890694C051FFFFFFFFFFB2FFF0001DF161797431E0A40BDB3B3
12547F2B347A82E1171214981A18AE90D953090FFFFFFFFFFACFFF0001D9161797431E0A40BDA3CB
12504E2B2F6A82E15E12107F1A15F190D957156FFFFFFFFFFA8FFF0001DB161797431E0A40BDB3E3
124D302B2BD782E191120D9E1A140F911959057FFFFFFFFFFAAFFF0001DA161797431E0A40BDA3FB
124CC52B2BE482E1BA120D3C1A141891795F05AFFFFFFFFFFAEFFF0001E0161797431E0940BDB313
124DA12B2D9E82E1EF120DC21A14CF91F964052FFFFFFFFFFADFFF0001DA161797431E0940BDB32B
124E552B2F1682E22F120E841A15B491D966058FFFFFFFFFFABFFF0001E1161797431E0940BDA343
124EB02B2FE582E26C120ECE1A161291E968050FFFFFFFFFFACFFF0001E3161797431E0940BDA35B
124F282B310A82E297120F5A1A16C0921968040FFFFFFFFFFADFFF0001DE161797431E0940BDB373
124FC92B324482E2BB1210271A17A5920968041FFFFFFFFFFABFFF0001E4161797431E0940BDA38B
1251712B367482E2E612120B1A1A2A92496804DFFFFFFFFFFABFFF0001E2161797431E0940BDB3A3
1254DE2B3E8B82E32012151C1A1E3792496B05BFFFFFFFFFFA5FFF0001DC161797431E0940BDB3BB
1254CD2B40D982E3601214EB1A1F5692196E05DFFFFFFFFFFA2FFF0001E3161797431E0940BDA3D3
1254662B424382E39D1214891A204092396F08FFFFFFFFFFFA1FFF0001E5161797431E0940BDB3EB
1253FF2B43B982E3D31214281A20F792A971150FFFFFFFFFFA0FFF0001DA161797431E0940BDB303
1255BC2B472C82E3FC1215FE1A231192E974048FFFFFFFFFFA0FFF0001E7161797431E0940BDB31B
1255792B46FE82E4231215601A22DC93397A03FFFFFFFFFFFA0FFF0001E6161797431E0940BDA333
1251112B416482E4501210101A1F94936981041FFFFFFFFFFA0FFF0001E6161797431E0840BDA34B
124C8E2B3C0682E47C120BB71A1C9793A98504EFFFFFFFFFFA3FFF0001E7161797431E0840BDA363
12464B2B34D482E4A812064E1A18F094198805CFFFFFFFFFFA8FFF0001E0161797431E0840BDB37B
1242F42B312282E4DF1203031A16D694A98F05AFFFFFFFFFFAEFFF0001E4161797431E0840BDA393
1235FC2B1E9482E51911F5811A0C6B95699905CFFFFFFFFFFAFFFF0001E5161797431E0840BDA3AB
122BCE2B108B82E54311ED2D1A05689609A404FFFFFFFFFFFB4FFF0001E3161797431E0840BDA3C3
1228422B0AF082E56311E9A01A027F9609A7047FFFFFFFFFFB8FFF0001E9161797431E0840BDA3DB
1223802B048A82E58E11E4AE19FEC595A99F050FFFFFFFFFFB9FFF0001E2161798431E0840BDA3F3
12207C2B001E82E5BA11E12519FBDE95099A07BFFFFFFFFFFB9FFF0001E8161798431E0840BDA30B
121BE52AF9BE82E5E811DCBC19F87D94E995147FFFFFFFFFFB9FFF0001E4161798431E0840BDA323
1218A22AF57D82E61511D98419F62A94C99005AFFFFFFFFFFBBFFF0001E2161798431E0840BDA33B
1218792AF63B82E63E11D95A19F68C94A98D05EFFFFFFFFFFBDFFF0001EC161798431E0840BDA353
1216F42AF4E982E65F11D7D819F5C894998E054FFFFFFFFFFBEFFF0001EB161798431E0840BDA36B
1216E42AF5DF82E67A11D7B319F656950993046FFFFFFFFFFBEFFF0001EA161798431E0740BDA383
1216BB2AF6EC82E69C11D7A219F6EA958997047FFFFFFFFFFBFFFF0001EB161798431E0740BD939B
1216F02AF98C82E6D011D7D519F85995F99D041FFFFFFFFFFBDFFF0001EE161798431E0740BD93B3
1217082AFABA82E6FF11D7EA19F8F69669A4046FFFFFFFFFFBAFFF0001E8161798431E0740BDA3CB
1218112AFD1F82E71A11D8F119FA4E96C9AB054FFFFFFFFFFB9FFF0001E7161798431E0740BDA3E3
121A372B016682E73611DAA119FC279719B2055FFFFFFFFFFB9FFF0001EC161798431E0740BD93FB
121D622B078E82E75F11DE2519FFF59789B9059FFFFFFFFFFB7FFF0001EE161798431E0740BDA313
121D4D2B08C082E78911DE271A00C09829BF088FFFFFFFFFFB2FFF0001F0161798431E0740BDA32B
1217752B02CB82E7AA11D8F919FDC998F9CB128FFFFFFFFFFB1FFF0001F1161798431E0740BD9343
1212A32AFCC282E7C911D47319FAAB99A9D703FFFFFFFFFFFB3FFF0001E9161798431E0740BD935B
120F672AF88B82E7E511D0CF19F80F9A69E1045FFFFFFFFFFB3FFF0001EF161798431E0740BDA373
120E152AF6A482E80211CF9019F71E9AA9E7054FFFFFFFFFFB5FFF0001E9161798431E0740BDA38B
120B9A2AF31482E82C11CCA619F4D59A89E805BFFFFFFFFFFB7FFF0001F2161798431E0640BD93A3
1209E32AF08A82E84C11CB0919F3819A99E905BFFFFFFFFFFB7FFF0001F3161798431E0640BDA3BB
12098E2AF01782E85B11CAD419F3619A79E9060FFFFFFFFFFB9FFF0001F2161798431E0640BDA3D3
1209FC2AF06C82E85C11CBD219F42A9A69E8059FFFFFFFFFFB9FFF0001EB161798431E0640BD93EB
1209CC2AF08082E85E11CC4219F44C9A59E8045FFFFFFFFFFB9FFF0001F1161798431E0640BDA303
12098D2AEFF082E86111CBE519F4129A69E803FFFFFFFFFFFB9FFF0001F2161798431E0640BD931B
1209912AEFBD82E86F11CBC919F3FD9A89E603FFFFFFFFFFFB7FFF0001F4161798431E0640BDA333
1208D42AEEF682E87011CCF019F4AD9AB9E6067FFFFFFFFFFB8FFF0001EE161798431E0640BD934B
1209052AEF1D82E86111CD4219F4E09A89E710BFFFFFFFFFFB9FFF0001F3161798431E0640BD9363
1209A02AF01082E85911CC6C19F45A9A89E704EFFFFFFFFFFB7FFF0001ED161798431E0640BD937B
120A582AF0AE82E85E11CC7519F4439A79E7052FFFFFFFFFFB6FFF0001F0161799431E0640BD9393
1209912AEFCD82E86711CB0319F3389A59E8051FFFFFFFFFFB7FFF0001F2161799431E0640BD93AB
1207392AEC3882E87811C7DD19F0D79A29E8054FFFFFFFFFFBAFFF0001F2161799431E0640BD93C3
11FA202ADCC882E8CA11BB7219E8999A39E8051FFFFFFFFFFBCFFF0001F1161799431E0540BD93DB
11F9892ADBFF82E91011BAC619E8299A69EA048FFFFFFFFFFC2FFF0001F0161799431E0540BD93F3
11F8FD2ADC1882E97511BA3F19E8349AA9EC042FFFFFFFFFFC2FFF0001F0161799431E0540BD930B
11F8272ADC2582E9E911B96D19E83C9B59EF044FFFFFFFFFFC2FFF0001E2161799431E0540BD9323
11F6F62ADB5A82EA5111B81519E7BE9B89F3058FFFFFFFFFFC2FFF0001EE161799431E0540BD933B
11F19C2AD5E782EAB111B2F419E4C79BD9F7053FFFFFFFFFFC2FFF0001E6161799431E0540BD9353
11E6FA2ACA4382EB0F11A89119DE7C9C49FD078FFFFFFFFFFC3FFF0001E6161799431E0540BD936B
11E1082AC2EA82EB6D11A30119DAA89D0A0710FFFFFFFFFFFC4FFF0001E9161799431E0540BD9383
11DFE02AC20D82EBD111A17619DA029DBA11055FFFFFFFFFFC3FFF0001E2161799431E0540BD939B
11E0882AC39382EC3411A22719DAD59DCA1503FFFFFFFFFFFC3FFF0001E7161799431E0540BD93B3
11E17D2AC58282EC9611A30519DBD79DCA18042FFFFFFFFFFC3FFF0001DF161799431E0540BD93CB
11E0392AC68582ECE611A1B419DC649E2A1D052FFFFFFFFFFC2FFF0001DA161799431E0540BD93E3
11DC342AC49082ED22119D6119DB419E8A2305BFFFFFFFFFFC2FFF0001E3161799431E0440BD93FB
11D7462ABFBD82ED5011988B19D8919F5A2F053FFFFFFFFFFC2FFF0001E1161799431E0440BD9313
11D1812AB8C982EDAE11932719D4CAA08A3F056FFFFFFFFFFC2FFF0001DF161799431E0440BD932B
11C6C32AAC4C82EE2411889719CDFCA18A4E057FFFFFFFFFFC2FFF0001D5161799431E0440BD9343
11C4962AA9EF82EE8C11868219CCB7A22A5905DFFFFFFFFFFC2FFF0001D9161799431E0440BD935B
11CCC92AB28582EE95118B4619CF63A29A5F055FFFFFFFFFFC2FFF0001D7161799431E0440BD9373
11CA862AAFCB82EE951189B819CE73A2EA61061FFFFFFFFFFC3FFF0001D8161799431E0440BD938B
11C9CD2AAF0E82EE9D118A0A19CEB4A2FA610DCFFFFFFFFFFC3FFF0001D8161799431E0440BD93A3
11C97B2AAEAD82EE9711894819CE3DA2DA60044FFFFFFFFFFC4FFF0001D1161799431E0440BD93BB
11C6AE2AABE082EE8B11879F19CD79A2BA6203FFFFFFFFFFFC4FFF0001D5161799431E0440BD93D3
11C7A22AAD0A82EE951186FA19CD00A2BA6503FFFFFFFFFFFC2FFF0001D4161799431E0440BD93EB
11C3802AA86082EF0B11851E19CBADA2EA67047FFFFFFFFFFC2FFF0001D3161799431E0440BD9303
11B9A62A9CBD82EFAF117BA919C57CA2FA69054FFFFFFFFFFC2FFF0001D2161799431E0440BD931B
11B0BA2A91B182F0331172EA19BF79A32A6C058FFFFFFFFFFC2FFF0001D2161799431E0340BD9333
11A6CC2A849D82F0A311693B19B85DA38A6F05AFFFFFFFFFFC3FFF0001C4161799431E0340BD934B
11A4482A80FA82F11711667A19B638A42A7505FFFFFFFFFFFC4FFF0001CE161799431E0340BD9363
11A3382A7F6982F1911165AB19B58BA46A7A05BFFFFFFFFFFC5FFF0001CE161799431E0340BD937B
11A00E2A7B3E82F20E11630119B394A46A7B05FFFFFFFFFFFC4FFF0001CE16179A431E0340BD9393
119D4D2A77C282F27B115F9B19B12EA46A7B05DFFFFFFFFFFC3FFF0001CE16179A431E0340BD93AB
1196152A6F0982F2DD11581C19AC3AA44A7C077FFFFFFFFFFC3FFF0001C216179A431E0340BD93C3
1190042A67D182F32C11526F19A875A44A7D05DFFFFFFFFFFC4FFF0001CA16179A431E0340BD83DB
118C202A632882F37A114EB719A5FCA48A7F05AFFFFFFFFFFC4FFF0001C216179A431E0340BD93F3
1180DA2A559A82F3DC1143B9199EA5A4FA8305FFFFFFFFFFFC6FFF0001CB16179A431E0340BD930B
116FC62A414182F4471132D4199383A54A8805FFFFFFFFFFFC6FFF0001CC16179A431E0340BD9323
1169AE2A396482F4AB112CC0198F28A5AA8E04BFFFFFFFFFFC6FFF0001CC16179A431E0340BD833B
1161E72A2FBA82F5091124E31989CDA5FA9604FFFFFFFFFFFC6FFF0001C016179A431E0340BD9353
1159E92A262482F561111D331984ACA64A9C049FFFFFFFFFFC6FFF0001CD16179A431E0240BD836B
1154772A1FA682F5B91117D3198118A69A9F052FFFFFFFFFFC6FFF0001C516179A431E0240BD8383
11533B2A1E0A82F61211169F198034A6EAA305FFFFFFFFFFFC7FFF0001C416179A431E0240BD839B
1152222A1C8A82F66F111585197F61A70AA3059FFFFFFFFFFC5FFF0001C916179A431E0240BD83B3
114E572A176B82F6D41111C5197C92A6FAA205AFFFFFFFFFFC5FFF0001CB16179A431E0240BD83CB
1148E22A104C82F733110C751978B7A6FAA2056FFFFFFFFFFC6FFF0001BF16179A431E0240BD83E3
11474F2A0E2882F792110AE4197790A71AA3054FFFFFFFFFFC6FFF0001CB16179A431E0240BD83FB
1145CA2A0C3882F7EE110960197679A71AA4058FFFFFFFFFFC6FFF0001CA16179A431E0240BD8313
11440C2A09F082F8441107A919753CA73AA4051FFFFFFFFFFC6FFF0001CA16179A431E0240BD832B
1142962A080182F8A011063319742BA72AA6055FFFFFFFFFFC6FFF0001CB16179A431E0240BD8343
11419E2A06BB82F903110534197371A72AA7052FFFFFFFFFFC5FFF0001CA16179A431E0140BD835B
1141332A062182F9681104CE197320A73AA7058FFFFFFFFFFC5FFF0001C316179A431E0140BD8373
1141032A05DA82F9C51104A21972FBA75AA8059FFFFFFFFFFC5FFF0001C316179A431E0140BD838B
113EAA2A026382FA191101FF19710BA77AA905FFFFFFFFFFFC5FFF0001CA16179A431E0140BD83A3
11375729F89F82FA7110FB18196BD2A79AAC05AFFFFFFFFFFC5FFF0001C916179A431E0140BD83BB
112DA329EB5C82FAD110F19D1964A4A7DAAF056FFFFFFFFFFC5FFF0001C816179A431E0140BD83D3
1126AF29E20182FB2E10EAAE195F7EA84AB4059FFFFFFFFFFC6FFF0001C316179A431E0140BD83EB
11220C29DBC282FB8B10E61C195C09A86AB8051FFFFFFFFFFC6FFF0001C916179A431E0140BD8303
111DE629D61582FBF210E1F31958E2A84AB8051FFFFFFFFFFC7FFF0001C816179A431E0140BD831B
111D2829D50382FC5010E131195844A7FAB2057FFFFFFFFFFC8FFF0001C716179A431E0140BD8333
111C2729D38E82FCA510E03119577DA7AAAE05BFFFFFFFFFFC8FFF0001C016179A431E0140BD834B
111B5829D26D82FD0110DF711956E4A79AAA076FFFFFFFFFFC8FFF0001C316179A431E0040BD8363
11193D29CF6E82FD5810DD5B195549A79AAA05CFFFFFFFFFFC8FFF0001C416179A431E0040BD837B
11148C29C8D982FDAE10D87E195191A78AAC05AFFFFFFFFFFC9FFF0001C616179A431E0040BD8393
110E7D29C09E82FE1210D2C5194D30A78AAD05CFFFFFFFFFFC8FFF0001C516179A431E0040BD83AB
110D0829BE8182FE8010D152194C06A79AAE06EFFFFFFFFFFC8FFF0001BF16179B431E0040BD83C3
110A5F29BAB682FEE010CEAD1949F5A7BAAF051FFFFFFFFFFC8FFF0001C516179B431E0040BD83DB
1108FA29B8C982FF2E10CD591948E6A7DAAF055FFFFFFFFFFC7FFF0001BE16179B431E0040BD83F3
11069529B54582FF7F10CAF11946F9A7DAAF057FFFFFFFFFFC7FFF0001C216179B431E0040BD830B
10FF8429AB6E82FFDE10C4131941ABA7BAB005BFFFFFFFFFFC8FFF0001C216179B431E0040BD8323
10F93A29A29283004610BDD8193CC2A7EAB0059FFFFFFFFFFC8FFF0001C016179B431E0040BD833B
10F696299EB88300A410BB25193AA3A81AB305AFFFFFFFFFFC9FFF0001BA16179B431E0040BD8353
10F4FB299C5F8300F810B99B193963A86AB6052FFFFFFFFFFC8FFF0001BF16179B431DFF40BD836B
10F1AE2997A883015710B64B1936BFA8BAB9056FFFFFFFFFFC7FFF0001C116179B431DFF40BD8383
10EF682994858301BF10B413193518A90ABB056FFFFFFFFFFC8FFF0001C116179B431DFF40BD839B
10EF2529941783022410B3EC1934EFA90ABD057FFFFFFFFFFC9FFF0001BA16179B431DFF40BD83B3
10EF182993FC83027510B3CF1934D2A90AC0057FFFFFFFFFFC9FFF0001BA16179B431DFF40BD83CB
10EE0F2992908302BC10B2BC193406A91AC1059FFFFFFFFFFC9FFF0001BF16179B431DFF40BD73E3
10EBA7298F2E83031410B055193222A90AC1059FFFFFFFFFFC8FFF0001B716179B431DFF40BD83FB
10E76D29890E83038010AC3A192ECFA91AC1051FFFFFFFFFFC8FFF0001BC16179B431DFF40BD8313
10E1D72981578303ED10A6D1192AB7A92AC105BFFFFFFFFFFC7FFF0001B916179B431DFF40BD832B
10E04F297F2E83045110A542192983A94AC4059FFFFFFFFFFC8FFF0001AC16179B431DFF40BD8343
10E02C297EF08304AA10A50A192953A92AC6059FFFFFFFFFFC8FFF0001BF16179B431DFF40BD735B
10DF0F297D5C8304FA10A42519289AA93AC5058FFFFFFFFFFC8FFF0001BE16179B431DFE40BD8373
10DCDF297A3283054B10A1D91926BDA94AC6054FFFFFFFFFFC9FFF0001AF16179B431DFE40BD838B
10D85B2973CB8305AA109D7019234CA97AC7051FFFFFFFFFFC9FFF0001BB16179B431DFE40BD73A3
10D2B2296BB383060F1097D1191EDEA96AC7056FFFFFFFFFFCAFFF0001BC16179B431DFE40BD73BB
10CEAC2966118306751093B1191BACA99AC7054FFFFFFFFFFC8FFF0001BD16179B431DFE40BD83D3
10CA9529603B8306D1108FB9191891A9AAC8051FFFFFFFFFFC8FFF0001B116179B431DFE40BD73EB
10C6E8295AD9830729108C18191599A9AACA051FFFFFFFFFFC8FFF0001B916179B431DFE40BD7303
10C28C2954C383078A1087D2191250A9DACB057FFFFFFFFFFC9FFF0001B816179B431DFE40BD831B
10C1242952BC8307E810867119113CAA2ACF055FFFFFFFFFFC7FFF0001BC16179B431DFE40BD7333
10BFEA2950DE83083E10852D191028AA6AD2051FFFFFFFFFFC8FFF0001B516179B431DFE40BD734B
10BCC6294C53830895108201190D9DAA9AD5054FFFFFFFFFFC8FFF0001BB16179B431DFE40BD7363
10BA632948EA8308EE107FCF190BE4AA8AD6053FFFFFFFFFFC8FFF0001B416179B431DFD40BD737B
10B8B4294669830953107E1C190A83AA8AD7055FFFFFFFFFFC8FFF0001BA16179B431DFD40BD7393
10B3B2293F278309C1107921190682AA8AD9051FFFFFFFFFFC9FFF0001BB16179B431DFD40BD73AB
10AE30293770830A1F10739E190245AA9AD9052FFFFFFFFFFC9FFF0001B016179B431DFD40BD73C3
10A9B3293119830A6F106F2A18FECCAAAAD9055FFFFFFFFFFC9FFF0001BA16179B431DFD40BD63DB
10A40F2928F8830AC010693418FA10AAAADA051FFFFFFFFFFC9FFF0001BA16179B431DFD40BD73F3
109DF2292043830B1910635E18F576AACADB055FFFFFFFFFFC9FFF0001B816179B431DFD40BD730B
109B14291C1D830B801060D018F36AAADADC053FFFFFFFFFFCAFFF0001B216179B431DFD40BD7323
1098DD2918D6830BE5105EA518F1A3AB0ADD053FFFFFFFFFFC9FFF0001B416179B431DFD40BD733B
1097E3291755830C3D105DAD18F0D1AB2ADF051FFFFFFFFFFC9FFF0001B616179B431DFD40BD7353
10958E2913DE830C9A105B6318EEF2AB5AE0055FFFFFFFFFFC9FFF0001B216179B431DFD40BD736B
1092F329102A830D071058C318ECE2AB9AE2051FFFFFFFFFFC9FFF0001B516179B431DFC40BD7383
10929B290F9E830D6510587518EC9EABCAE3056FFFFFFFFFFC9FFF0001B016179C431DFC40BD739B
1091E7290E92830DAD10578C18EBE1ABBAE3053FFFFFFFFFFC9FFF0001B616179C431DFC40BD73B3
10907C290C88830DFF10565418EAE8AB9AE4051FFFFFFFFFFC8FFF0001AE16179C431DFC40BD73CB
108FA8290B56830E6510558618EA43AB8AE4058FFFFFFFFFFC9FFF0001AE16179C431DFC40BD63E3
108B95290568830ED010518718E715AB8AE5051FFFFFFFFFFCAFFF0001AF16179C431DFC40BD63FB
1086BC28FE83830F2B104CA218E340ABAAE5051FFFFFFFFFFC9FFF0001AE16179C431DFC40BD6313
107D5A28F124830F8010435C18DC01ABDAE7058FFFFFFFFFFC9FFF0001AC16179C431DFC40BD632B
107B5D28EE41830FE510418918DA76ABEAE7051FFFFFFFFFFC8FFF0001AE16179C431DFC40BD6343
1078FA28EAB4831048103F2E18D888ABEAE8054FFFFFFFFFFC8FFF0001AD16179C431DFC40BD635B
10774C28E82C8310A0103D8F18D728ABFAEA051FFFFFFFFFFC9FFF0001AC16179C431DFC40BD6373
1076E128E7818310ED103D2618D6CDAC1AEC055FFFFFFFFFFC9FFF0001A516179C431DFC40BD638B
1076A728E71C83114A103CF518D6A2AC1AEC051FFFFFFFFFFCAFFF0001A916179C431DFB40BD63A3
1076A028E7158311B5103CE118D691AC1AEC051FFFFFFFFFFC9FFF0001A816179C431DFB40BD63BB
10765B28E6A9831217103C9318D651AC2AEB057FFFFFFFFFFC8FFF0001A316179C431DFB40BD63D3
10723D28E09883126910384418D2F7AC1AEB051FFFFFFFFFFC9FFF0001A716179C431DFB40BD63EB
106EF028DBFF8312BC10354E18D08FAC2AEB053FFFFFFFFFFC8FFF0001A716179C431DFB40BD6303
106B0E28D64583131F10315D18CD5BAC5AED051FFFFFFFFFFC8FFF00019C16179C431DFB40BD631B
10680628D1D9831392102E7618CB07AC5AEF052FFFFFFFFFFC9FFF00019B16179C431DFB40BD5333
10679828D1338313EE102E0F18CAAAAC6AF005AFFFFFFFFFFC9FFF0001A016179C431DFB40BD534B
10673B28D09D83142F102DAF18CA54AC6AF1053FFFFFFFFFFC9FFF00019D16179C431DFB40BD6363
1066C228CFE8831480102D3518C9F3AC7AF1051FFFFFFFFFFC9FFF0001A416179C431DFB40BD637B
10656628CDD48314F1102BDF18C8D4AC6AF2055FFFFFFFFFFC9FFF0001A416179C431DFA40BD5393
105DD828C2D78315641024A218C303AC7AF2051FFFFFFFFFFC8FFF0001A516179C431DFA40BD63AB
10593928BC218315C0101FC618BF2BAC9AF4051FFFFFFFFFFC8FFF0001A616179C431DFA40BD53C3
1055A228B6A9831607101C4518BC56ACBAF4055FFFFFFFFFFC8FFF0001A516179C431DFA40BD63DB
10507D28AF5C83165010173418B844ACEAF6050FFFFFFFFFFC9FFF00019D16179C431DFA40BD53F3
104F6C28ADAE8316AF10162C18B753ACFAF8053FFFFFFFFFFC8FFF00019C16179C431DFA40BD630B
104D0B28AA1E8317241013E218B56FAD1AFA05AFFFFFFFFFFC8FFF0001A316179C431DFA40BD5323
104C4028A8F583179510131218B4C6AD1AFD051FFFFFFFFFFC9FFF00019E16179C431DFA40BD633B
104C1D28A8BA8317E81012EE18B4A5AD4AFE052FFFFFFFFFFC8FFF0001A016179C431DFA40BD5353
104BC928A84183183310129518B461AD8B0004FFFFFFFFFFFC8FFF0001A616179C431DFA40BD536B
104B8428A7DA83188810124618B41FAD7B00041FFFFFFFFFFC9FFF0001A616179C431DFA40BD5383
104B3728A7688318E810120118B3EAAD7B0004AFFFFFFFFFFC8FFF00019E16179C431DFA40BD539B
104A4D28A60C83194D10112218B335AD7B00047FFFFFFFFFFC8FFF0001A516179C431DF940BD53B3
10497528A4C78319A910103F18B279AD7B00053FFFFFFFFFFC8FFF0001A616179C431DF940BD53CB
10465428A031831A03100D3418B00CAD8B00056FFFFFFFFFFC9FFF0001A116179C431DF940BD53E3
1042D7289B0E831A661009BC18AD35AD7AFF052FFFFFFFFFFC9FFF0001A816179C431DF940BD53FB
10402728971B831AC710070F18AB09AD8AFF053FFFFFFFFFFC9FFF0001A116179C431DF940BD5313
103F12289587831B1F1005F418AA25ADAB01051FFFFFFFFFFC9FFF0001A316179C431DF940BD532B
103D12289293831B7110040118A894ADAB01052FFFFFFFFFFCAFFF0001A916179C431DF940BD5343
103C1C289139831BCE10031A18A7DAADAB03059FFFFFFFFFFC9FFF0001A916179C431DF940BD535B
103B66289027831C3110026F18A750ADBB0304BFFFFFFFFFFC9FFF0001A416179C431DF940BD5373
103A76288EC7831C8B10017E18A68AADCB0403FFFFFFFFFFFC9FFF0001A016179D431DF940BD538B
10395C288D1E831CE610006B18A5A5ADCB04043FFFFFFFFFFC9FFF0001AA16179D431DF940BD53A3
103543288713831D460FFC8418A277ADCB0603FFFFFFFFFFFC8FFF0001AB16179D431DF940BD53BB
1031EA288238831DA60FF8FB189FA9ADEB06048FFFFFFFFFFC8FFF0001AB16179D431DF840BD53D3
102FB8287F06831E080FF727189E30ADFB08054FFFFFFFFFFC9FFF0001A616179D431DF840BD53EB
102E42287CBF831E600FF570189CC6AE2B08052FFFFFFFFFFC9FFF0001AD16179D431DF840BD5303
1028E52874D5831EAA0FF04D1898A4AE3B09057FFFFFFFFFFC9FFF0001A616179D431DF840BD531B
1025DD287082831F030FED0A1895FCAE3B0C056FFFFFFFFFFC9FFF0001AB16179D431DF840BD5333
1024F7286F2E831F720FEC5D18956DAE4B0D051FFFFFFFFFFC9FFF0001A716179D431DF840BD534B
1024C0286EC5831FD80FEBFC189517AE7B0D051FFFFFFFFFFC8FFF0001A716179D431DF840BD5363
1020112867DB83202F0FE7C21891ABAE8B0D050FFFFFFFFFFC8FFF0001AB16179D431DF840BD537B
101E2E28651D8320850FE592188FDEAE8B0E04CFFFFFFFFFFC9FFF0001AB16179D431DF840BD4393
101D862864158320E10FE4F0188F52AE9B10040FFFFFFFFFFC9FFF0001AE16179D431DF840BD53AB
101C5D2862628321450FE3C9188E60AEBB1203FFFFFFFFFFFCAFFF0001A716179D431DF840BD53C3
101C232862088321A30FE381188E25AECB13046FFFFFFFFFFCAFFF0001AE16179D431DF840BD43DB
101B832861178321F20FE31E188DD2AEBB13055FFFFFFFFFFC9FFF0001AE16179D431DF840BD43F3
1018EF285D468322450FE06F188B9BAEDB14052FFFFFFFFFFC9FFF0001AF16179D431DF740BD430B
1014AF2856FA8322AC0FDC4D18883DAF0B14051FFFFFFFFFFC9FFF0001B016179D431DF740BD4323
10127F2853C18323170FDA0C188670AF1B16051FFFFFFFFFFC9FFF0001B016179D431DF740BD433B
10105B2850A28323760FD7FC1884BDAF3B18054FFFFFFFFFFC9FFF0001AB16179D431DF740BD4353
100EA3284E028323CE0FD64218834EAF5B1A04FFFFFFFFFFFC8FFF0001AB16179D431DF740BD536B
100A2128476E8324230FD1E3187FC7AF6B1A051FFFFFFFFFFC8FFF0001B116179D431DF740BD4383
10078428438C8324790FCF30187D95AF8B1B03FFFFFFFFFFFC9FFF0001AD16179D431DF740BD439B
10056D2840468324D20FCD2C187BDDAF9B1E03FFFFFFFFFFFC9FFF0001B216179D431DF740BD43B3
1003D0283DDF8325310FCB9C187A95AFAB20040FFFFFFFFFFC9FFF0001B316179D431DF740BD43CB
1001062839B18325980FC8D2187845AFCB2303FFFFFFFFFFFC9FFF0001B016179D431DF740BD43E3
0FFF002836B58326000FC6D31876ABAFDB24053FFFFFFFFFFC9FFF0001B116179D431DF740BD43FB
0FFC6E2832E583265D0FC45E18749EAFEB25059FFFFFFFFFFC8FFF0001B716179D431DF740BD5313
0FF9AD282EE58326AE0FC1A1187272AFFB26056FFFFFFFFFFC8FFF0001B216179D431DF640BD432B
0FF888282D1A8326F70FC06D187171B00B27050FFFFFFFFFFC8FFF0001B816179D431DF640BD4343
0FF51B2827E183274D0FBD0E186E8FB01B2704FFFFFFFFFFFC8FFF0001B816179D431DF640BD435B
0FF0932821478327B90FB899186B0EB01B26049FFFFFFFFFFC8FFF0001BA16179D431DF640BD4373
0FF00D2820758328250FB7F5186A7EB04B2803FFFFFFFFFFFC8FFF0001BC16179D431DF640BD438B
0FEF21281F0B83287E0FB7381869DFB07B2B044FFFFFFFFFFC8FFF0001B116179D431DF640BD43A3
0FECCC281B908328CE0FB4E91867F3B08B2D03FFFFFFFFFFFC8FFF0001B916179D431DF640BD43BB
0FE89C2815588329240FB0CF18649FB07B2E040FFFFFFFFFFC7FFF0001B616179D431DF640BD43D3
0FE5E828114483297C0FADED18623DB08B30054FFFFFFFFFFC7FFF0001BF16179D431DF640BD43EB
0FE31C280CFF8329D40FAB58186002B0AB31050FFFFFFFFFFC9FFF0001BF16179D431DF640BD4303
0FDF4B28073F832A330FA781185CD5B0DB33050FFFFFFFFFFC9FFF0001C016179D431DF640BD431B
0FD9D927FF47832A950FA237185896B0FB36058FFFFFFFFFFC9FFF0001C116179D431DF640BD4333
0FD79D27FBF7832AF50F9FF11856C0B11B3704CFFFFFFFFFFC9FFF0001C316179D431DF640BD434B
0FD6B327FA8B832B520F9EFB1855EFB14B3A03FFFFFFFFFFFC9FFF0001BD16179D431DF540BD4363
0FD5AD27F8F7832BA40F9DF6185515B16B3B03FFFFFFFFFFFC8FFF0001C216179D431DF540BD437B
0FD43C27F6C7832BF30F9C911853EDB18B3C040FFFFFFFFFFC8FFF0001BA16179D431DF540BD3393
0FD36027F56D832C4B0F9BB6185329B18B3E03FFFFFFFFFFFC9FFF0001C116179D431DF540BD33AB
0FD21727F377832CAC0F9A77185223B19B3F053FFFFFFFFFFC9FFF0001C116179D431DF540BD33C3
0FD0AB27F155832D160F99131850FAB1AB40055FFFFFFFFFFC8FFF0001C316179D431DF540BD33DB
0FCF8827EFA4832D730F97EF18500DB1CB41050FFFFFFFFFFC8FFF0001BE16179D431DF540BD43F3
0FCE6C27EDFA832DC10F96D4184F25B1CB42051FFFFFFFFFFC8FFF0001C316179D431DF540BD330B
0FCD5127EC51832E190F95BB184E3BB1CB42049FFFFFFFFFFC8FFF0001C216179D431DF540BD3323
0FCC0D27EA6A832E780F947D184D34B1CB4203FFFFFFFFFFFC8FFF0001BB16179D431DF540BD333B
0FCA7C27E810832ECF0F92EB184BE9B1CB42043FFFFFFFFFFC8FFF0001C216179D431DF540BD4353
0FC6FD27E2DF832F260F8F6C184910B1CB42040FFFFFFFFFFC8FFF0001C216179E431DF540BD336B
0FC4AB27DF5A832F850F8D3A18473AB1DB43044FFFFFFFFFFC8FFF0001C116179E431DF440BD3383
0FC16927DA6B832FE80F89F2184485B1DB4305AFFFFFFFFFFC8FFF0001C116179E431DF440BD339B
0FBE1927D5868330460F86B61841E0B20B44052FFFFFFFFFFC9FFF0001C216179E431DF440BD33B3
0FBA8B27D03C83309F0F8330183EFAB21B4504FFFFFFFFFFFC8FFF0001BC16179E431DF440BD33CB
0FB91C27CE0C8330F50F81D3183DD6B22B4704FFFFFFFFFFFC8FFF0001C216179E431DF440BD33E3
0FB86B27CCFF8331410F8110183D32B24B48048FFFFFFFFFFC9FFF0001C216179E431DF440BD33FB
0FB78127CB968331940F7FED183C3DB24B4803FFFFFFFFFFFC9FFF0001BB16179E431DF440BD3313
0FB69727CA2D8331FC0F7F2E183B9AB24B4903FFFFFFFFFFFC9FFF0001BF16179E431DF440BD332B
0FB5F027C92A8332660F7EBA183B38B25B4A040FFFFFFFFFFC9FFF0001C216179E431DF440BD3343
0FB5AE27C8C18332C20F7E68183AF1B28B4A04CFFFFFFFFFFC8FFF0001C416179E431DF440BD335B
0FB4F827C7AF8333150F7DBC183A65B2AB4B050FFFFFFFFFFC8FFF0001BF16179E431DF440BD3373
0FB33D27C52183336B0F7C041838FFB28B4D055FFFFFFFFFFC8FFF0001C516179E431DF440BD338B
0FB20827C3568333C30F7ACA183801B28B4C04BFFFFFFFFFFC9FFF0001BE16179E431DF340BD33A3
0FB0CC27C18B8334200F799D18370CB28B4D03FFFFFFFFFFFC8FFF0001BF16179E431DF340BD23BB
0FAF1027BEF383347E0F77F91835B9B28B4E03FFFFFFFFFFFC8FFF0001C716179E431DF340BD33D3
0FAD9C27BCC38334D00F7685183484B29B4F042FFFFFFFFFFC8FFF0001C816179E431DF340BD33EB
0FACB627BB5E8335230F758F1833B3B2BB4F03FFFFFFFFFFFC9FFF0001C216179E431DF340BD2303
0FAA6A27B7CB8335840F73481831C0B2CB50045FFFFFFFFFFC9FFF0001C916179E431DF340BD331B
0FA4CA27AF618335F50F6D9C182D1AB2CB51051FFFFFFFFFFC8FFF0001C416179E431DF340BD2333
0FA1C927AAEF83366A0F6AC6182AC9B2EB5204FFFFFFFFFFFC8FFF0001CE16179E431DF340BD234B
0FA02C27A8698336CA0F693018296EB2EB52054FFFFFFFFFFC8FFF0001C316179E431DF340BD2363
0F9F0327A6978337170F67EE182860B2EB52044FFFFFFFFFFC9FFF0001CE16179E431DF340BD337B
0F9C9B27A2FA83376E0F65A1182677B2EB5303FFFFFFFFFFFC8FFF0001CE16179E431DF340BD2393
0F9B0E27A0B38337D80F6427182540B2FB5403FFFFFFFFFFFC8FFF0001CF16179E431DF240BD23AB
0F99F2279F0883384A0F6309182457B2FB54043FFFFFFFFFFC9FFF0001CB16179E431DF240BD23C3
0F979A279B888338B80F60B418226AB31B5403FFFFFFFFFFFC9FFF0001D416179E431DF240BD23DB
0F960227992583391E0F5F2B182128B33B56055FFFFFFFFFFC9FFF0001CE16179E431DF240BD23F3
0F95452798058339800F5E80182098B34B56051FFFFFFFFFFC9FFF0001CA16179E431DF240BD230B
0F950D2797AA8339E90F5E3918205CB35B5704DFFFFFFFFFFC9FFF0001D116179E431DF240BD2323
0F94902796EF833A510F5DC0181FF7B37B59041FFFFFFFFFFC8FFF0001D516179E431DF240BD233B
0F941027962F833AB10F5D44181F90B38B59043FFFFFFFFFFC8FFF0001CF16179E431DF240BD1353
0F9222279342833B1B0F5B3E181DE2B37B5A03FFFFFFFFFFFC9FFF0001D616179E431DF240BD236B
0F8CCC278B56833B8C0F56161819AAB37B5C048FFFFFFFFFFC9FFF0001CA16179E431DF240BD1383
0F8A742787C9833BF70F53BF1817BDB38B5D049FFFFFFFFFFC8FFF0001D716179E431DF240BD239B
0F88B0278521833C540F5210181656B3CB5D04FFFFFFFFFFFC8FFF0001D816179E431DF240BD23B3
0F874C2782EA833CAF0F50A5181524B40B5F050FFFFFFFFFFC8FFF0001D916179E431DF240BD23CB
0F84C3277F17833D190F4E2718130DB41B61041FFFFFFFFFFC8FFF0001D916179E431DF140BD13E3
0F82F0277C56833D870F4C52181185B42B63047FFFFFFFFFFC9FFF0001D916179E431DF140BD13FB
0F811D277995833DF40F4A86181006B42B6403FFFFFFFFFFFC9FFF0001D516179E431DF140BD1313
0F7FAD277763833E610F4920180EDEB42B64041FFFFFFFFFFC9FFF0001D716179E431DF140BD132B
0F7E4C27754B833EC70F47CF180DC3B42B6403FFFFFFFFFFFC8FFF0001DB16179E431DF140BD1343
0F7C34277217833F240F45B9180C08B42B64050FFFFFFFFFFC9FFF0001D516179E431DF140BD135B
0F79B9276E60833F860F43431809FEB42B65053FFFFFFFFFFC8FFF0001DA16179E431DF140BD1373
0F785B276C4A833FF50F41E41808D9B43B66044FFFFFFFFFFC8FFF0001D116179E431DF140BD138B
0F771F276A6A8340610F40AD1807D7B46B6803FFFFFFFFFFFC8FFF0001D816179E431DF140BD13A3
0F74912766898340C50F3E2F1805C6B47B6A041FFFFFFFFFFCAFFF0001DB16179E431DF140BD13BB
0F72072762AB8341230F3BB01803AEB47B6B03FFFFFFFFFFFCAFFF0001DB16179E431DF140BD13D3
0F6D04275B018341860F36BA17FF85B47B6B046FFFFFFFFFFCAFFF0001DA16179E431DF040BD13EB
0F684D2753D68341F30F321117FBA0B49B6DAE1FFFFFFFFFFC8FFF0001D616179E431DF040BD1303
0F64B3274E738342670F2E8517F8B2B4AB6E04FFFFFFFFFFFC9FFF0001D716179E431DF040BD131B
0F6247274ABD8342D20F2C2717F6B7B48B6D04EFFFFFFFFFFC8FFF0001DB16179E431DF040BD1333
0F5FE827471E8343310F29C917F4C1B49B6D049FFFFFFFFFFC8FFF0001D516179E431DF040BD134B
0F5EC727456B8343930F28A517F3CEB4BB6F03FFFFFFFFFFFC9FFF0001DC16179E431DF040BD1363
0F5DAE2743B38343F70F277C17F2D2B4EB7003FFFFFFFFFFFC9FFF0001DB16179E431DF040BD137B
0F5BFC27412D8344590F25FA17F193B50B72042FFFFFFFFFFC9FFF0001DB16179E431DF040BD1393
0F5AB3273F328344BF0F249417F066B51B73045FFFFFFFFFFC9FFF0001DC16179E431DF040BD13AB
0F58CE273C548345320F22D117EEEFB51B73048FFFFFFFFFFC9FFF0001DD16179E431DF040BD13C3
0F5766273A3C8345A20F215F17EDC2B52B7504EFFFFFFFFFFC8FFF0001DE16179E431DF040BD03DB
0F56D22739578346000F20CE17ED44B54B7604CFFFFFFFFFFC8FFF0001DE16179E431DF040BD13F3
0F565527389183465C0F205817ECDDB54B7703FFFFFFFFFFFC9FFF0001DD16179E431DEF40BD130B
0F54E22736448346CA0F1EF517EBACB55B76A8DFFFFFFFFFFC9FFF0001D716179E431DEF40BD1323
0F523027325183473A0F1C4117E97DB56B77049FFFFFFFFFFC8FFF0001DD16179E431DEF40BD133B
0F4F91272E3F83479C0F199F17E743B58B7804AFFFFFFFFFFC8FFF0001DE16179E431DEF40BD0353
0F4B792728268347FD0F15A117E3FEB58B7904CFFFFFFFFFFC9FFF0001D816179E431DEF40BD136B
0F48D02724118348590F130917E1CFB59B7A04EFFFFFFFFFFC8FFF0001D616179E431DEF40BD1383
0F46D42720F78348C30F110A17E017B5AB7B04BFFFFFFFFFFC8FFF0001DC16179E431DEF40BD039B
0F4449271D2683493A0F0E8C17DE0BB5BB7C03FFFFFFFFFFFC8FFF0001DC16179E431DEF40BD03B3
0F4344271B818349A00F0D8C17DD2DB5CB7D041FFFFFFFFFFC8FFF0001DB16179E431DEF40BD03CB
0F42B6271AA9834A030F0CF017DCA6B5CB7F043FFFFFFFFFFCAFFF0001D916179E431DEF40BD03E3
0F421C2719BA834A680F0C5A17DC27B5CB7E03FFFFFFFFFFFC8FFF0001D716179E431DEF40BD03FB
0F41C5271930834ACC0F0C0417DBDDB5EB7F04EFFFFFFFFFFC8FFF0001D416179E431DEE40BD0313
0F4109271814834B340F0B5717DB4CB5FB7F056FFFFFFFFFFC8FFF0001D016179E431DEE40BD032B
0F3F982715D8834B9C0F09FC17DA23B60B7FA00FFFFFFFFFFC8FFF0001C416179E431DEE40BD0343
0F3C6D27111C834C060F06DC17D791B61B8103FFFFFFFFFFFC9FFF0001CD16179E431DEE40BD035B
0F3AE5270ECA834C680F053517D636B63B81044FFFFFFFFFFC8FFF0001CA16179E431DEE40BD0373
0F386E270B11834CCB0F02C817D42EB63B82042FFFFFFFFFFC8FFF0001C116179E431DEE40BD038B
0F35F627074C834D3B0F007717D240B64B8304FFFFFFFFFFFC8FFF0001C316179E431DEE40BD03A3
0F3345270336834DA40EFDD217D00AB64B84053FFFFFFFFFFC9FFF0001BC16179F431DEE40BCF3BB
0F3218270166834DFB0EFC8E17CEFBB65B8604AFFFFFFFFFFC8FFF0001BA16179F431DEE40BD03D3
0F310626FFB1834E5E0EFB7517CE06B67B87047FFFFFFFFFFC8FFF0001BC16179F431DEE40BD03EB
0F2F6626FD30834ED20EF9F117CCC2B68B8703FFFFFFFFFFFC9FFF0001B816179E431DED40BD0303
0F2CB826F928834F440EF74617CA86B68B8703FFFFFFFFFFFCAFFF0001B116179F431DED40BD031B
0F290326F37B834FA70EF38017C760B66B87050FFFFFFFFFFC9FFF0001B616179F431DED40BD0333
0F271826F09B8350000EF1DC17C60FB68B8804FFFFFFFFFFFC9FFF0001B516179F431DED40BD034B
0F271626F08983505C0EF1BF17C5EDB6AB8803FFFFFFFFFFFC9FFF0001AD16179F431DED40BD0363
0F266526EF7F8350CB0EF12D17C570B6AB8903FFFFFFFFFFFC8FFF0001B316179F431DED40BCF37B
0F25BF26EE7283513F0EF04B17C4ACB6BB8A03FFFFFFFFFFFC7FFF0001B416179F431DED40BD0393
0F245B26EC608351A80EEEFB17C39EB6CB8B042FFFFFFFFFFC7FFF0001B516179F431DED40BD03AB
0F23BC26EB698352100EEE5717C311B6EB8B042FFFFFFFFFFC8FFF0001B516179F431DED40BD03C3
0F224F26E9428352720EED0817C1FBB6EB8C040FFFFFFFFFFC9FFF0001B816179F431DED40BD03DB
0F20EB26E7248352CE0EEB9C17C0CAB6EB8C050FFFFFFFFFFC8FFF0001BA16179F431DED40BCF3F3
0F1FAD26E53E83532B0EEA4C17BFB5B6EB8D04BFFFFFFFFFFC8FFF0001BB16179F431DEC40BCF30B
0F1EB326E3BB8353950EE96717BEF5B6FB8E03FFFFFFFFFFFCAFFF0001B916179F431DEC40BCF323
0F1D3526E17383540C0EE80717BDC6B70B8E041FFFFFFFFFFC9FFF0001B816179F431DEC40BCF33B
0F1A9726DD7283547E0EE56D17BB99B72B8F040FFFFFFFFFFC8FFF0001C216179F431DEC40BCF353
0F182126D9BF8354E40EE2FB17B990B73B90045FFFFFFFFFFC9FFF0001C316179F431DEC40BCF36B
0F168326D74F83553D0EE15217B836B75B9103FFFFFFFFFFFC8FFF0001C816179F431DEC40BCF383
0F153026D52C83559B0EE00D17B719B75B92045FFFFFFFFFFC9FFF0001C216179F431DEC40BCF39B
0F112D26CF0683560A0EDC3317B3D8B74B9204FFFFFFFFFFFCAFFF0001CD16179F431DEC40BCF3B3
0F0F6A26CC468356750EDA5517B24DB74B94046FFFFFFFFFFC9FFF0001D116179F431DEC40BCF3CB
0F0A6B26C4D68356D40ED57417AE4BB75B94041FFFFFFFFFFC9FFF0001D316179F431DEC40BCF3E3
0F089C26C22183573F0ED3A317ACD0B76B9403FFFFFFFFFFFC9FFF0001D216179F431DEC40BCE3FB
0F079426C07E8357A80ED29117ABDEB77B9703FFFFFFFFFFFC9FFF0001D516179F431DEB40BCE313
0F06B426BF2783580D0ED1C117AB34B77B9703FFFFFFFFFFFC9FFF0001DB16179F431DEB40BCE32B
0F061726BE3083587F0ED11B17AAA2B78B9803FFFFFFFFFFFC9FFF0001D816179F431DEB40BCF343
0F050426BC7E8358EA0ED00617A9B4B79B98043FFFFFFFFFFCAFFF0001DF16179F431DEB40BCF35B
0F038726BA398359440ECEA417A88DB7CB9803FFFFFFFFFFFC9FFF0001E116179F431DEB40BCE373
0F01FC26B7CA8359A00ECD1817A731B7CB9903FFFFFFFFFFFC9FFF0001E216179F431DEB40BCE38B
0EFF5226B3C4835A0A0ECA6A17A4FCB7CB9A889FFFFFFFFFFC9FFF0001DE16179F431DEB40BCE3A3
0EFE8426B28A835A7D0EC9B717A468B7DB9B047FFFFFFFFFFC8FFF0001E616179F431DEB40BCE3BB
0EFE3D26B21F835AEC0EC96917A42BB7EB9C046FFFFFFFFFFC8FFF0001E216179F431DEB40BCE3D3
0EFE0926B1CE835B520EC92717A3F0B7EB9C03FFFFFFFFFFFC8FFF0001E616179F431DEB40BCE3EB
0EFC9226AF90835BAD0EC7B117A2BBB7EB9D049FFFFFFFFFFC8FFF0001E916179F431DEA40BCE303
0EF9ED26AB75835C0C0EC50517A06CB7FB9D04CFFFFFFFFFFC8FFF0001EC16179F431DEA40BCE31B
0EF62926A5D6835C7B0EC146179D61B7FB9E043FFFFFFFFFFC8FFF0001E616179F431DEA40BCE333
0EF56E26A4B9835CEE0EC0B5179CEAB80B9E043FFFFFFFFFFC9FFF0001ED16179F431DEA40BCE34B
0EF51E26A43C835D520EC059179C98B80B9F03FFFFFFFFFFFC8FFF0001EE16179F431DEA40BCE363
0EF45526A303835DB10EBF9F179BFBB81BA003FFFFFFFFFFFC9FFF0001EC16179F431DEA40BCD37B
0EF2EB26A0DE835E150EBE38179AD1B82BA003FFFFFFFFFFFC9FFF0001E716179F431DEA40BCE393
0EF188269EB5835E7F0EBCD51799A5B82BA0042FFFFFFFFFFC9FFF0001F016179F431DEA40BCE3AB
0EF021269C97835EE70EBB6F17987DB83BA1820FFFFFFFFFFC9FFF0001F116179F431DEA40BCE3C3
0EEE482699B9835F4E0EB9A31796F9B83BA203FFFFFFFFFFFC9FFF0001F116179F431DEA40BCE3DB
0EEC9B269732835FB40EB7F6179594B84BA204DFFFFFFFFFFC9FFF0001F216179F431DEA40BCD3F3
0EEBA82695B383601B0EB7081794CAB85BA204AFFFFFFFFFFC9FFF0001F316179F431DE940BCD30B
0EE7FE26901D83608B0EB3721791CDB87BA3042FFFFFFFFFFC8FFF0001ED16179F431DE940BCE323
0EE5FE268D198360F40EB166179017B88BA503FFFFFFFFFFFC8FFF0001F516179F431DE940BCD33B
0EE38C2689588361540EAEEB178E04B89BA603FFFFFFFFFFFC8FFF0001F116179F431DE940BCD353
0EE22D2687418361B40EADB3178CFCB89BA703FFFFFFFFFFFC9FFF0001F416179F431DE940BCD36B
0EE21C26872383621C0EADA1178CECB8ABA803FFFFFFFFFFFC9FFF0001F616179F431DE940BCD383
0EE1A026865F8362860EAD1B178C79B8ABA903FFFFFFFFFFFC9FFF0001F716179F431DE940BCD39B
0EE0CB2685178362F10EAC58178BD7B8ABA9046FFFFFFFFFFC9FFF0001F216179F431DE940BCD3B3
0EDEFB26824B8363570EAA9E178A60B8CBAA03FFFFFFFFFFFC8FFF0001FA16179F431DE940BCD3CB
0EDD6B267FE78363B90EA8F8178900B8DBAA049FFFFFFFFFFC8FFF0001FB16179F431DE940BCD3E3
0EDBF4267DA58364270EA7861787C8B8DBAB04CFFFFFFFFFFC8FFF0001FB16179F431DE840BCD3FB
0EDA22267AE68364970EA5B817864AB8FBAB03FFFFFFFFFFFC8FFF0001FC16179F431DE840BCD313
0ED9672679C48364F50EA5041785B0B90BAB03FFFFFFFFFFFC9FFF0001FC16179F431DE840BCD32B
0ED8D32678E383654F0EA47D178541B91BAB03FFFFFFFFFFFC9FFF0001FC16179F431DE840BCD343
0ED8902678838365B80EA434178508B8FBAC03FFFFFFFFFFFC9FFF0001FD16179F431DE840BCD35B
0ED88A26787D8366270EA433178507B8FBAC03FFFFFFFFFFFC8FFF0001FE16179F431DE840BCD373
0ED87C26786D83668F0EA4261784FEB90BAE048FFFFFFFFFFC7FFF0001F816179F431DE840BCC38B
0ED7FE2677A88366FC0EA39B17848BB91BAD03FFFFFFFFFFFC9FFF0001F816179F431DE840BCD3A3
0ED6CA2675DE8367600EA27917839AB92BAE03FFFFFFFFFFFC9FFF0001FF16179F431DE840BCD3BB
0ED6692675418367BF0EA216178346B92BAE045FFFFFFFFFFC9FFF0001F916179F431DE840BCD3D3
0ED45B26721F8368210E9FFB178186B92BAE048FFFFFFFFFFC9FFF00020016179F431DE840BCC3EB
0ED155266D748368910E9D0A177F0BB92BAE03FFFFFFFFFFFC8FFF0001FA1617A0431DE740BCD303
0ECE7E2669368369030E9A36177CB9B93BAF03FFFFFFFFFFFC8FFF0002011617A0431DE740BCC31B
0ECC9D2666578369610E9860177B2FB94BAE040FFFFFFFFFFC8FFF0002011617A0431DE740BCC333
0ECB0F2663E78369BA0E96E01779E8B93BAF042FFFFFFFFFFC8FFF0002011617A0431DE740BCC34B
0EC79B265EA0836A250E938C17771FB93BB003FFFFFFFFFFFC8FFF0001FB1617A0431DE740BCC363
0EC72B265DF2836A9D0E931C1776C0B95BB003FFFFFFFFFFFC8FFF0002021617A0431DE740BCC37B
0EC753265E32836B060E932F1776CDB95BB003FFFFFFFFFFFC8FFF0002031617A0431DE740BCC393
0EC7AA265EB1836B620E939117771EB95BB103FFFFFFFFFFFC9FFF0001FC1617A0431DE740BCC3AB
0EC7B1265EC2836BC30E938D177720B95BB203FFFFFFFFFFFC9FFF0002031617A0431DE740BCC3C3
0EC7B4265ED1836C320E9394177729B95BB203FFFFFFFFFFFC9FFF0002031617A0431DE740BCC3DB
0EC800265F4D836CA20E93D4177763B96BB303FFFFFFFFFFFC8FFF0002041617A0431DE740BCC3F3
0EC7E5265F23836CFF0E93C0177753B97BB3042FFFFFFFFFFC8FFF0001FF1617A0431DE640BCC30B
0EC7E7265F2A836D600E93BC177755B96BB303FFFFFFFFFFFC8FFF0002051617A0431DE640BCC323
0EC742265E31836DCD0E93171776CCB96BB303FFFFFFFFFFFC8FFF0002051617A0431DE640BCC33B
0EC5B9265BE2836E3B0E919A177593B96BB403FFFFFFFFFFFC8FFF0001FF1617A0431DE640BCC353
0EC2BD265750836E9E0E8EA5177321B95BB403FFFFFFFFFFFC9FFF0002061617A0431DE640BCC36B
0EBF76265242836EFC0E8B79177071B96BB503FFFFFFFFFFFC9FFF0002071617A0431DE640BCC383
0EBDE9264FD1836F650E89E2176F11B99BB503FFFFFFFFFFFC8FFF0002011617A0431DE640BCC39B
0EBC1A264D09836FD20E881B176D90B9ABB603FFFFFFFFFFFC8FFF0002011617A0431DE640BCB3B3
0EBAED264B3C83703D0E86F4176C98B9ABB603FFFFFFFFFFFC9FFF00020A1617A0431DE640BCC3CB
0EB9B226495C8370A00E85C7176BA1B9BBB703FFFFFFFFFFFCAFFF0002031617A0431DE640BCC3E3
0EB8E52648218371010E84F2176AECB9BBB803FFFFFFFFFFFC9FFF0002091617A0431DE640BCB3FB
0EB84326472D8371690E8454176A6AB9BBB8046FFFFFFFFFFC9FFF00020A1617A0431DE540BCC313
0EB7772645F88371D50E838E1769C4B9BBB7041FFFFFFFFFFC9FFF0002041617A0431DE540BCB32B
0EB6C82644F08372380E82E417693AB9CBB703FFFFFFFFFFFC9FFF00020B1617A0431DE540BCB343
0EB5D226437B8372980E81FA176878B9CBB703FFFFFFFFFFFC9FFF0002051617A0431DE540BCB35B
0EB48C26418F8372FD0E80B2176769B9DBB803FFFFFFFFFFFC9FFF0002071617A0431DE540BCC373
0EB365263FCE83736C0E7F8417666CB9DBB803FFFFFFFFFFFC9FFF00020B1617A0431DE540BCB38B
0EB1CD263D628373DB0E7DF8176525B9EBB903FFFFFFFFFFFC9FFF0002061617A0431DE540BCB3A3
0EB12C263C718374390E7D5D1764A6B9EBBA03FFFFFFFFFFFC9FFF00020E1617A0431DE540BCB3BB
0EB0EC263C0B83748D0E7D18176469B9FBBB03FFFFFFFFFFFC8FFF00020E1617A0431DE540BCA3D3
0EB071263B4D8374E60E7C9B176401B9FBBC03FFFFFFFFFFFC8FFF00020E1617A0431DE540BCA3EB
0EB032263AEE8375560E7C631763D3BA0BBC03FFFFFFFFFFFC8FFF00020E1617A0431DE440BCB303
0EB01A263AD28375CD0E7C3D1763B8BA1BBD03FFFFFFFFFFFC8FFF0002101617A0431DE440BCB31B
0EAFF4263A998376300E7C361763B2BA1BBE03FFFFFFFFFFFC9FFF00020B1617A0431DE440BCA333
0EAE7A26384C83768C0E7AD617628DBA1BBE03FFFFFFFFFFFC9FFF0002111617A0431DE440BCA34B
0EACB52635A48376F40E78E81760F2BA2BBF03FFFFFFFFFFFC9FFF00020A1617A0431DE440BCA363
0EAC5D26351F83775D0E788F1760A7BA3BBF03FFFFFFFFFFFC9FFF00020A1617A0431DE440BCA37B
0EABE62634698377BA0E7816176041BA4BBF03FFFFFFFFFFFC8FFF0002101617A0431DE440BCA393
0EAB762633C08378170E77AD175FECBA5BC003FFFFFFFFFFFC8FFF0002101617A0431DE440BCA3AB
0EAB0626331C83787E0E7742175F95BA5BC003FFFFFFFFFFFC8FFF00020A1617A0431DE440BCA3C3
0EAA9D26327F8378EA0E76DA175F41BA5BC003FFFFFFFFFFFC8FFF0002111617A0431DE440BCA3DB
0EAA8826326783794F0E76C6175F32BA4BC103FFFFFFFFFFFC8FFF00020B1617A0431DE440BCA3F3
0EAA842632638379AF0E76C4175F33BA5BC103FFFFFFFFFFFC8FFF0002111617A0431DE440BCA30B
0EAA6726323F837A180E76A6175F1EBA7BC103FFFFFFFFFFFC8FFF00020A1617A0431DE340BCA323
0EAA362631FA837A830E7679175EFBBA6BC103FFFFFFFFFFFC8FFF00020F1617A0431DE340BCA33B
0EAA132631CE837AE50E764D175EDABA5BC103FFFFFFFFFFFC8FFF00020F1617A0431DE340BCA353
0EA9D7263173837B470E760F175EABBA4BC203FFFFFFFFFFFC8FFF00020D1617A0431DE340BC936B
0EA9A8263132837BA80E75E8175E8EBA5BC203FFFFFFFFFFFC9FFF00020C1617A0431DE340BCA383
0EA990263118837C070E75D1175E7EBA5BC203FFFFFFFFFFFC9FFF00020D1617A0431DE340BCA39B
0EA938263098837C6B0E757E175E3DBA6BC203FFFFFFFFFFFC9FFF0002091617A0431DE340BCA3B3
0EA872262F70837CDF0E74CF175DB0BA7BC203FFFFFFFFFFFC8FFF00020F1617A0431DE340BCA3CB
0EA777262DFB837D4C0E73BB175CCFBA7BC203FFFFFFFFFFFC8FFF0002111617A0431DE340BCA3E3
0EA6F3262D3B837DA10E7339175C65BA8BC203FFFFFFFFFFFC9FFF00020F1617A0431DE340BCA3FB
0EA659262C4E837DFB0E729A175BE3BA9BC303FFFFFFFFFFFC8FFF0002081617A0431DE340BC9313
0EA5AF262B53837E6A0E71F7175B5EBA9BC303FFFFFFFFFFFC7FFF00020D1617A0431DE240BC932B
0EA539262AAB837EDD0E7184175B03BA9BC403FFFFFFFFFFFC8FFF0002071617A0431DE240BC9343
0EA529262A96837F3F0E717B175AFCBAABC303FFFFFFFFFFFC8FFF0002091617A0431DE240BC935B
0EA527262A96837F950E7175175AFCBA9BC403FFFFFFFFFFFC8FFF0002081617A0431DE240BC9373
0EA507262A71837FF10E7157175AE7BA9BC403FFFFFFFFFFFC8FFF00020E1617A0431DE240BC938B
0EA46F26298983805C0E70D3175A7CBA8BC403FFFFFFFFFFFC8FFF00020D1617A0431DE240BC93A3
0EA3712627FE8380CA0E6FCC1759A0BA7BC403FFFFFFFFFFFC9FFF0002071617A0431DE240BC93BB
0EA21D26260F8381350E6E7817588BBA7BC503FFFFFFFFFFFC8FFF00020E1617A0431DE240BC83D3
0EA13F2624B983819E0E6D9C1757D5BA8BC503FFFFFFFFFFFC8FFF00020C1617A0431DE240BC93EB
0EA0EE2624448381F90E6D4C175794BAABC403FFFFFFFFFFFC9FFF00020A1617A0431DE240BC9303
0EA0512623538382520E6CAD175713BA9BC403FFFFFFFFFFFC9FFF0002071617A0431DE240BC931B
0E9F992622448382BA0E6BF617567BBA9BC403FFFFFFFFFFFC8FFF00020B1617A0431DE140BC8333
0E9D83261F1183832E0E69E61754C2BA9BC403FFFFFFFFFFFC8FFF0002051617A0431DE140BC834B
0E9B75261C0A8383900E67E2175325BAABC403FFFFFFFFFFFC8FFF0002061617A0431DE140BC8363
0E9AEC261B2D8383E80E67671752B7BAABC503FFFFFFFFFFFC8FFF00020D1617A0431DE140BC837B
0E99732618F383844D0E65E6175177BAABC603FFFFFFFFFFFC9FFF00020C1617A0431DE140BC8393
0E981A2616DE8384B90E6490175059BABBC703FFFFFFFFFFFC8FFF00020B1617A0431DE140BC83AB
0E96FF2615348385260E637F174F77BACBC7040FFFFFFFFFFC8FFF00020C1617A0431DE140BC83C3
0E96322613FD8385870E62B2174ECBBACBC803FFFFFFFFFFFC8FFF00020D1617A0431DE140BC83DB
0E956C2612CD8385E10E61F0174E2ABACBC703FFFFFFFFFFFC8FFF0001FF1617A0431DE140BC83F3
0E94282610D683864B0E60B7174D21BADBC8040FFFFFFFFFFC8FFF00020A1617A0431DE140BC830B
0E92A6260E8A8386BA0E5F30174BDCBADBC803FFFFFFFFFFFC8FFF00020A1617A0431DE140BC8323
0E90A9260B8983871B0E5D3A174A3BBAEBC803FFFFFFFFFFFC8FFF00020A1617A0431DE040BC833B
0E8F4926096883877A0E5BCF17490ABAFBCA041FFFFFFFFFFC9FFF0002081617A0431DE040BC8353
0E8E942608598387E10E5B2D174884BAEBCA03FFFFFFFFFFFC9FFF0002011617A0431DE040BC836B
0E8E072607778388450E5AAC174815BAEBC903FFFFFFFFFFFC9FFF0002071617A0431DE040BC8383
0E8C8E2605448388A70E592F1746DCBAFBCA042FFFFFFFFFFC9FFF0002041617A0431DE040BC839B
0E8BA52603E083890F0E5851174624BAFBCB03FFFFFFFFFFFC9FFF0001FD1617A1431DE040BC83B3
0E8A362601B18389760E56E41744F2BB0BCA03FFFFFFFFFFFC5FFF0002051617A1431DE040BC83CB
0E873D25FD378389DC0E53F9174289BB0BCA03FFFFFFFFFFFC8FFF0001FE1617A1431DE040BC83E3
0E866225FBE2838A460E53151741CDBB0BCB040FFFFFFFFFFC9FFF0001FF1617A1431DE040BC83FB
0E858025FA8C838AAA0E523D174117BB1BCC03FFFFFFFFFFFC8FFF0001FC1617A1431DE040BC7313
0E843F25F8A8838B050E5104174015BB1BCC03FFFFFFFFFFFC8FFF0002021617A1431DE040BC732B
0E831E25F6F0838B670E4FE4173F29BB3BCE040FFFFFFFFFFC9FFF0002001617A1431DDF40BC7343
0E814225F408838BD70E4E14173D96BB4BCF03FFFFFFFFFFFC9FFF0002011617A1431DDF40BC835B
0E7E8F25EFD7838C440E4B60173B51BB7BD103FFFFFFFFFFFC9FFF0002021617A1431DDF40BC7373
0E7CE625ED50838CA70E49C41739F7BB7BD203FFFFFFFFFFFC9FFF0001FB1617A1431DDF40BC738B
0E7C4C25EC55838CFF0E492117396BBB6BD2040FFFFFFFFFFC9FFF0001FF1617A1431DDF40BC73A3
0E7B6925EAEA838D5D0E484A1738ADBB4BD103FFFFFFFFFFFC9FFF0001F71617A1431DDF40BC73BB
0E7A1025E8D8838DCF0E46EF17378DBB4BD003FFFFFFFFFFFC7FFF0001FB1617A1431DDF40BC73D3
0E788B25E686838E3D0E457217364BBB4BCF03FFFFFFFFFFFC9FFF0001EC1617A1431DDF40BC73EB
0E763825E2FE838E9B0E4332173469BB5BCF045FFFFFFFFFFC9FFF0001FB1617A1431DDF40BC7303
0E741225DFAE838EFC0E410617329ABB5BCF03FFFFFFFFFFFC9FFF0001F51617A1431DDF40BC631B
0E733F25DE5F838F630E40361731ECBB5BCE03FFFFFFFFFFFC9FFF0001FA1617A1431DDF40BC7333
0E72C925DDA6838FD00E3FC2173186BB5BCE03FFFFFFFFFFFC9FFF0001FA1617A1431DDF40BC634B
0E71EE25DC5483903A0E3EF21730D7BB4BCE03FFFFFFFFFFFC9FFF0001F21617A1431DDE40BC6363
0E715925DB6A8390900E3E57173050BB4BCE041FFFFFFFFFFC9FFF0001F11617A1431DDE40BC637B
0E6FF925D94A8390E50E3CFD172F2DBB3BCE03FFFFFFFFFFFC9FFF0001F51617A1431DDE40BC6393
0E6E9225D71783914F0E3BA1172E04BB2BCD03FFFFFFFFFFFC9FFF0001F31617A1431DDE40BC63AB
0E6D9625D5A68391C90E3A95172D2CBB3BCE03FFFFFFFFFFFC9FFF0001ED1617A1431DDE40BC63C3
0E6D1725D4DE8392360E3A18172CC0BB2BCE041FFFFFFFFFFC9FFF0001EF1617A1431DDE40BC63DB
0E6B4425D21F83928A0E3841172B32BB3BCE03FFFFFFFFFFFC9FFF0001F11617A1431DDE40BC63F3
0E699425CF7D8392E70E36AA1729E3BB3BCE03FFFFFFFFFFFC8FFF0001E91617A1431DDE40BC630B
0E682525CD3583935B0E3527172897BB2BCE03FFFFFFFFFFFC8FFF0001E41617A1431DDE40BC6323
0E674025CBEA8393C70E345A1727F3BB2BCE040FFFFFFFFFFC7FFF0001E81617A1431DDE40BC633B
0E670225CB8683941F0E34291727C8BB2BCD03FFFFFFFFFFFC8FFF0001EC1617A1431DDE40BC6353
0E671825CBAB8394790E341A1727BABB3BCD03FFFFFFFFFFFC9FFF0001E51617A1431DDD40BC636B
0E66D925CB488394E50E33CF172780BB3BCD041FFFFFFFFFFC9FFF0001EA1617A1431DDD40BC6383
0E669225CAE18395540E33DF172790BB2BCE03FFFFFFFFFFFC8FFF0001E81617A1431DDD40BC639B
0E668725CAD88395B30E33AB172765BB2BCE03FFFFFFFFFFFC8FFF0001E11617A1431DDD40BC63B3
0E665925CA958396170E337C172742BB2BCE03FFFFFFFFFFFC8FFF0001E61617A1431DDD40BC63CB
0E642425C6FF8396810E31AF1725A5BB2BCE040FFFFFFFFFFC9FFF0001E51617A1431DDD40BC63E3
0E60E525C2338396E70E2E221722C2BB4BCE03FFFFFFFFFFFC9FFF0001DE1617A1431DDD40BC53FB
0E5F7025BFF883974C0E2CA517218CBB4BCE03FFFFFFFFFFFCAFFF0001E41617A1431DDD40BC5313
0E5E0425BDCC8397A90E2B47172065BB5BCF040FFFFFFFFFFC8FFF0001DD1617A1431DDD40BC532B
0E5CD625BC0483980D0E2A20171F6FBB5BCF03FFFFFFFFFFFC8FFF0001E31617A1431DDD40BC5343
0E5C7325BB758398790E29B8171F1BBB4BD003FFFFFFFFFFFC8FFF0001DE1617A1431DDD40BC535B
0E5B6025B9C18398E30E28AE171E3BBB4BD003FFFFFFFFFFFC8FFF0001E31617A1431DDD40BC5373
0E5A9125B88C8399440E27D9171D89BB5BD0040FFFFFFFFFFC8FFF0001DF1617A1431DDC40BC538B
0E5A0E25B7CD8399A20E275A171D24BB6BD003FFFFFFFFFFFC9FFF0001E11617A1431DDC40BC43A3
0E59AC25B730839A010E26FE171CD5BB6BD003FFFFFFFFFFFC9FFF0001E11617A1431DDC40BC43BB
0E588425B56B839A6D0E25D7171BDEBB6BD003FFFFFFFFFFFC8FFF0001E31617A1431DDC40BC43D3
0E580A25B4BB839AE20E255D171B7CBB7BD103FFFFFFFFFFFC9FFF0001E41617A1431DDC40BC43EB
0E578325B3E6839B490E24D4171B07BB7BD103FFFFFFFFFFFC9FFF0001E51617A1431DDC40BC4303
0E56A525B297839BA50E23F5171A4DBB7BD103FFFFFFFFFFFC9FFF0001D91617A1431DDC40BC431B
0E555925B09E839C010E22A3171935BB6BD1040FFFFFFFFFFC8FFF0001E71617A1431DDC40BC4333
0E543725AED9839C630E2197171850BB6BD103FFFFFFFFFFFC9FFF0001E71617A1431DDC40BC434B
0E530825AD14839CC70E2066171758BB6BD103FFFFFFFFFFFC8FFF0001E71617A1431DDC40BC4363
0E520525AB8B839D340E1F68171686BB6BD103FFFFFFFFFFFC8FFF0001E81617A1431DDC40BC437B
0E518925AAD8839DA60E1EF417162CBB7BD0040FFFFFFFFFFC8FFF0001EA1617A1431DDB40BC4393
0E504D25A8F7839E0E0E1DB417151EBB7BD1040FFFFFFFFFFC8FFF0001EB1617A1431DDB40BC43AB
0E4EFD25A6FB839E670E1C6E171411BB7BD103FFFFFFFFFFFC8FFF0001EB1617A1431DDB40BC43C3
0E4E8B25A644839EBE0E1C081713BBBB7BD103FFFFFFFFFFFC8FFF0001EB1617A1431DDB40BC43DB
0E4E4B25A5ED839F270E1BB717137ABB7BD103FFFFFFFFFFFC8FFF0001E41617A1431DDB40BC43F3
0E4E1325A596839F940E1B8B171357BB7BD1041FFFFFFFFFFC8FFF0001E21617A1431DDB40BC430B
0E4D8725A4BF839FFB0E1AFD1712E3BB7BD103FFFFFFFFFFFC8FFF0001EB1617A1431DDB40BC4323
0E4D0F25A40E83A0600E1A6D17126DBB7BD103FFFFFFFFFFFC8FFF0001EE1617A1431DDB40BC333B
0E4C3B25A2D483A0C50E19B41711D8BB7BD103FFFFFFFFFFFC8FFF0001ED1617A1431DDB40BC3353
0E4BC025A21783A12E0E1950171187BB7BD2040FFFFFFFFFFC8FFF0001E71617A1431DDB40BC436B
0E4B3F25A15A83A1970E18C2171111BB8BD203FFFFFFFFFFFC7FFF0001EB1617A1431DDB40BC3383
0E4A6725A01383A1F40E1809171079BB8BD203FFFFFFFFFFFC7FFF0001EE1617A1431DDA40BC339B
0E4A1B259FA783A24E0E17A3171025BB8BD203FFFFFFFFFFFC9FFF0001EF1617A1431DDA40BC33B3
0E4A20259FB483A2B60E17A3171029BB9BD2040FFFFFFFFFFC9FFF0001E81617A1431DDA40BC43CB
0E4A0C259F9A83A3240E1778171009BB8BD203FFFFFFFFFFFC9FFF0001EF1617A1431DDA40BC33E3
0E4965259EA683A3970E16E6170F93BB7BD203FFFFFFFFFFFC8FFF0001F21617A1431DDA40BC23FB
0E48FC259E0A83A3FF0E1678170F3BBB7BD203FFFFFFFFFFFC8FFF0001ED1617A1431DDA40BC2313
0E489C259D7C83A4520E161B170EEFBB8BD203FFFFFFFFFFFC7FFF0001ED1617A1431DDA40BC332B
0E47F5259C7D83A4AA0E1576170E69BB8BD2040FFFFFFFFFFC7FFF0001F21617A1431DDA40BC3343
0E45D025993283A5130E133A170C8CBB8BD203FFFFFFFFFFFC8FFF0001F21617A1431DDA40BC335B
0E437225959E83A5890E1102170AB9BB8BD303FFFFFFFFFFFC9FFF0001EC1617A1431DD940BC2373
0E42AD25947683A5F90E1047170A1CBB8BD303FFFFFFFFFFFC8FFF0001F41617A1431DD940BC238B
0E41FD25936883A6550E0F9A17098ABB9BD303FFFFFFFFFFFC8FFF0001E81617A1431DD940BC23A3
0E412125921283A6A80E0EB21708C8BBABD3040FFFFFFFFFFC9FFF0001F41617A1431DD940BC23BB
0E3FF125904B83A70F0E0D921707DCBB9BD303FFFFFFFFFFFC8FFF0001F31617A1431DD940BC23D3
0E3F49258F4E83A7850E0CED170753BBBBD403FFFFFFFFFFFC8FFF0001F31617A1431DD940BC23EB
0E3E5A258DE183A7EF0E0BFE17068EBBBBD403FFFFFFFFFFFC8FFF0001ED1617A1431DD940BC2303
0E3D55258C5A83A84E0E0B031705C0BBABD503FFFFFFFFFFFC9FFF0001EC1617A1431DD940BC231B
0E3CBF258B7483A8AA0E0A74170549BBABD4040FFFFFFFFFFC8FFF0001F21617A1431DD940BC2333
0E3C3B258AA883A9080E09EB1704D7BBABD303FFFFFFFFFFFC8FFF0001F21617A1431DD940BC234B
0E3B972589B383A9700E094617044DBBABD403FFFFFFFFFFFC9FFF0001EC1617A1431DD940BC2363
0E399025869783A9DF0E074A1702ACBB9BD403FFFFFFFFFFFC9FFF0001EC1617A1431DD840BC237B
0E385A2584C783AA520E06141701ABBB9BD3040FFFFFFFFFFC9FFF0001F11617A1431DD840BC2393
0E37CA2583ED83AAB60E0589170136BBABD303FFFFFFFFFFFC8FFF0001EB1617A1431DD840BC23AB
0E36F72582A383AB0C0E04B3170084BBABD403FFFFFFFFFFFC9FFF0001F01617A1431DD840BC23C3
0E354825801C83AB680E030C16FF26BB9BD303FFFFFFFFFFFC8FFF0001EE1617A1431DD840BC23DB
0E344C257EA483ABCE0E021616FE5FBB8BD4040FFFFFFFFFFC8FFF0001E81617A1431DD840BC23F3
0E337B257D6583AC410E014916FDB6BB9BD403FFFFFFFFFFFC9FFF0001EC1617A1431DD840BC230B
0E3304257CB383ACAD0E00D516FD56BBABD403FFFFFFFFFFFC9FFF0001EC1617A1431DD840BC1323
0E3295257C1283AD060E005F16FCF3BBBBD403FFFFFFFFFFFC8FFF0001EA1617A1431DD840BC133B
0E3222257B5E83AD6C0DFFF216FC9BBBABD403FFFFFFFFFFFC8FFF0001E51617A1431DD840BC1353
0E31EC257B1183ADDD0DFFC216FC75BB9BD303FFFFFFFFFFFC9FFF0001E51617A1431DD740BC136B
0E31DB257AFF83AE400DFFB916FC6FBB9BD403FFFFFFFFFFFC9FFF0001EB1617A2431DD740BC1383
0E31DB257B0383AE980DFFB216FC6CBBABD4040FFFFFFFFFFC9FFF0001E41617A2431DD740BC139B
0E3162257A4A83AEF90DFF3116FC06BBABD503FFFFFFFFFFFC9FFF0001E81617A2431DD740BC13B3
0E2FBA2577CC83AF640DFD9E16FABBBBABD403FFFFFFFFFFFC9FFF0001E51617A2431DD740BC03CB
0E2E572575B483AFD40DFC2916F987BBBBD403FFFFFFFFFFFC8FFF0001DE1617A2431DD740BC03E3
0E2C652572C983B03D0DFA4B16F802BBBBD5040FFFFFFFFFFC6FFF0001E71617A2431DD740BC13FB
0E2C0725723C83B09B0DF9F016F7B5BBABD503FFFFFFFFFFFC8FFF0001E31617A2431DD740BC0313
0E2BA32571A583B0F70DF98C16F761BBABD503FFFFFFFFFFFC9FFF0001E61617A2431DD740BC032B
0E2AE625708883B15D0DF8D016F6C9BBABD503FFFFFFFFFFFC8FFF0001DF1617A2431DD740BC0343
0E2ABC25704F83B1C70DF89916F69EBBBBD4041FFFFFFFFFFC8FFF0001E51617A2431DD640BC035B
0E2A9425701483B2310DF88516F691BBBBD503FFFFFFFFFFFC8FFF0001E11617A2431DD640BC0373
0E29A8256EA983B2960DF79916F5D1BBBBD403FFFFFFFFFFFC8FFF0001E21617A2431DD640BC038B
0E2844256C9583B2F50DF63D16F4B0BBABD503FFFFFFFFFFFC8FFF0001E41617A2431DD640BC03A3
0E2803256C3483B35A0DF5F616F477BBABD503FFFFFFFFFFFC8FFF0001DD1617A2431DD640BC03BB
0E27C8256BE283B3C50DF5C116F44DBBABD503FFFFFFFFFFFC8FFF0001E41617A2431DD640BC03D3
0E27A4256BB583B4260DF59016F425BBABD5041FFFFFFFFFFC8FFF0001DE1617A2431DD640BC03EB
0E272F256B0383B4840DF52916F3D3BBCBD5050FFFFFFFFFFC8FFF0001E31617A2431DD640BC0303
0E25E325690A83B4F60DF3E616F2CBBBCBD503FFFFFFFFFFFC8FFF0001DC1617A2431DD640BC031B
0E24B025674283B5620DF2B416F1D4BBABD503FFFFFFFFFFFC7FFF0001E31617A2431DD640BC0333
0E23B42565C483B5B80DF1B916F108BBABD503FFFFFFFFFFFC7FFF0001E21617A2431DD540BC034B
0E23292564F183B6160DF12A16F08EBBABD503FFFFFFFFFFFC8FFF0001E21617A2431DD540BC0363
0E21B42562B583B6860DEFAA16EF50BBBBD503FFFFFFFFFFFC8FFF0001E21617A2431DD540BC037B
0E1E7A255DDD83B6F60DEC9916ECC9BBABD603FFFFFFFFFFFC7FFF0001E01617A2431DD540BC0393
0E1D9C255C8083B7590DEBBC16EC0EBBBBD603FFFFFFFFFFFC9FFF0001D91617A2431DD540BC03AB
0E1D20255BC983B7B00DEB3C16EBA2BBBBD6040FFFFFFFFFFC9FFF0001E11617A2431DD540BC03C3
0E1CDF255B6483B80E0DEAFB16EB6EBBABD503FFFFFFFFFFFC8FFF0001E01617A2431DD540BBE3DB
0E1CA6255B1283B8820DEABD16EB3EBBABD503FFFFFFFFFFFC8FFF0001E11617A2431DD540BC03F3
0E1C48255A8983B8EF0DEA5A16EAEFBBBBD503FFFFFFFFFFFCAFFF0001E21617A2431DD540BBE30B
0E1BE9255A0083B94A0DEA0416EAA9BBCBD5040FFFFFFFFFFC7FFF0001DB1617A2431DD540BBE323
0E1B8825596A83B9A80DE9A716EA5FBBCBD503FFFFFFFFFFFC7FFF0001E21617A2431DD440BBE33B
0E1AB725583083BA160DE8DC16E9B8BBBBD603FFFFFFFFFFFC8FFF0001E11617A2431DD440BBE353
0E195A25562783BA830DE78716E8A2BBABD503FFFFFFFFFFFC8FFF0001DB1617A2431DD440BBE36B
0E187F2554DD83BAE50DE6AC16E7EFBBABD5040FFFFFFFFFFC8FFF0001E01617A2431DD440BBE383
0E184D25549383BB450DE67816E7C2BBBBD503FFFFFFFFFFFC8FFF0001E21617A2431DD440BBE39B
0E183025546883BBA60DE65416E7A5BBABD403FFFFFFFFFFFC8FFF0001DB1617A2431DD440BBE3B3
0E16E125526C83BC070DE51B16E6ABBBABD503FFFFFFFFFFFC8FFF0001E11617A2431DD440BBE3CB
0E15C52550C583BC770DE3F316E5B5BBABD5041FFFFFFFFFFC8FFF0001DB1617A2431DD440BBE3E3
0E1475254EC883BCE70DE2A716E4A7BBABD503FFFFFFFFFFFC8FFF0001D91617A2431DD440BBE3FB
0E12D6254C4A83BD430DE11516E35DBBABD503FFFFFFFFFFFC8FFF0001DA1617A2431DD440BBE313
0E105D25489283BD9B0DDEA616E15BBBABD503FFFFFFFFFFFC8FFF0001E21617A2431DD340BBE32B
0E0F5F25471783BDF90DDDA516E085BBABD503FFFFFFFFFFFC8FFF0001DB1617A2431DD340BBE343
0E0D9025445583BE640DDBDB16DF0CBBABD4041FFFFFFFFFFC8FFF0001DF1617A2431DD340BBE35B
0E0CBC25431F83BED40DDB0A16DE61BBABD503FFFFFFFFFFFC8FFF0001E01617A2431DD340BBD373
0E0C6225429483BF360DDAB016DE14BBABD403FFFFFFFFFFFC9FFF0001E51617A2431DD340BBE38B
0E0BA425417483BF940DD9F916DD7EBB9BD403FFFFFFFFFFFC9FFF0001D81617A2431DD340BBD3A3
0E0A4A253F6183BFF20DD8A116DC66BB9BD403FFFFFFFFFFFC9FFF0001E41617A2431DD340BBD3BB
0E0901253D7F83C0540DD74F16DB50BB9BD4040FFFFFFFFFFC8FFF0001DE1617A2431DD340BBD3D3
0E088F253CD683C0B70DD6EC16DAFFBB9BD403FFFFFFFFFFFC7FFF0001E41617A2431DD340BBE3EB
0E0825253C3483C1170DD67716DA9FBB8BD403FFFFFFFFFFFC7FFF0001DD1617A2431DD340BBC303
0E077F253B3B83C1820DD5D916DA1FBB8BD403FFFFFFFFFFFC7FFF0001E41617A2431DD240BBC31B
0E06A22539F283C1F40DD50316D972BB8BD3040FFFFFFFFFFC7FFF0001E01617A2431DD240BBC333
0E065725398A83C24D0DD4C116D93CBB8BD303FFFFFFFFFFFC8FFF0001E11617A2431DD240BBC34B
0E056925381883C2A40DD3D116D879BB8BD303FFFFFFFFFFFC9FFF0001E81617A2431DD240BBC363
0E043625365683C3070DD2A016D782BB8BD403FFFFFFFFFFFC9FFF0001E61617A2431DD240BBC37B
0E03AF25358E83C36D0DD21C16D716BB8BD4040FFFFFFFFFFC8FFF0001DA1617A2431DD240BBC393
0E035525350883C3D80DD1C216D6CEBB8BD4042FFFFFFFFFFC9FFF0001E51617A2431DD240BBC3AB
0E02882533D183C43E0DD0FB16D62ABB9BD403FFFFFFFFFFFC9FFF0001E81617A2431DD240BBC3C3
0E01E32532DE83C4960DD05B16D5A9BB8BD303FFFFFFFFFFFC8FFF0001E91617A2431DD240BBC3DB
0E010125319083C4F60DCF7916D4F3BB8BD303FFFFFFFFFFFC8FFF0001E91617A2431DD240BBC3F3
0DFF8E252F6183C5610DCE0916D3C7BB8BD203FFFFFFFFFFFC8FFF0001E91617A2431DD240BBC30B
0DFEB3252E1D83C5CF0DCD3016D318BB8BD403FFFFFFFFFFFC8FFF0001EA1617A2431DD240BBC323
0DFD5A252C0F83C6310DCBDF16D203BB8BD203FFFFFFFFFFFC9FFF0001EB1617A2431DD140BBC33B
0DFC6D252ABA83C68D0DCAF916D149BB8BD303FFFFFFFFFFFC7FFF0001EA1617A2431DD140BBC353
0DFB4F25290983C6E50DC9E816D06EBB7BD3040FFFFFFFFFFC7FFF0001E81617A2431DD140BBC36B
0DFA5725279783C73A0DC8E416CF9ABB7BD203FFFFFFFFFFFC9FFF0001E81617A2431DD140BBC383
0DF8F325258683C7A60DC78716CE80BB7BD203FFFFFFFFFFFC8FFF0001EA1617A2431DD140BBC39B
0DF79C25238983C8270DC63516CD6BBB8BD203FFFFFFFFFFFC8FFF0001ED1617A2431DD140BBC3B3
0DF67C2521E183C8930DC52A16CC97BB8BD203FFFFFFFFFFFC9FFF0001E21617A2431DD140BBB3CB
0DF5C02520D283C8E50DC46216CBF6BB7BD203FFFFFFFFFFFC8FFF0001EE1617A2431DD140BBB3E3
0DF55825203183C9380DC3EA16CB96BB7BD103FFFFFFFFFFFC7FFF0001E51617A2431DD140BBB3FB
0DF50B251FC283C9990DC39916CB56BB7BD1040FFFFFFFFFFC7FFF0001EA1617A2431DD040BBB313
0DF4AB251F3983CA040DC34716CB15BB6BD203FFFFFFFFFFFC8FFF0001E51617A2431DD040BBB32B
0DF499251F2283CA6E0DC33416CB09BB6BD203FFFFFFFFFFFC7FFF0001EC1617A2431DD040BBB343
0DF429251E8383CACE0DC2BE16CAABBB7BD203FFFFFFFFFFFC7FFF0001E21617A2431DD040BBA35B
0DF3AC251DCF83CB2E0DC23E16CA48BB8BD103FFFFFFFFFFFC9FFF0001ED1617A2431DD040BBA373
0DF38C251DA683CB980DC22C16CA3EBB8BD203FFFFFFFFFFFC9FFF0001ED1617A2431DD040BBA38B
0DF38B251DAC83CC080DC22B16CA41BB8BD203FFFFFFFFFFFC9FFF0001EC1617A3431DD040BBA3A3
0DF394251DC183CC660DC23616CA4DBB8BD203FFFFFFFFFFFC8FFF0001E31617A3431DD040BBA3BB
0DF361251D8283CCBD0DC21016CA31BB8BD303FFFFFFFFFFFC8FFF0001EB1617A3431DD040BBA3D3
0DF35A251D7E83CD120DC1FB16CA26BB8BD203FFFFFFFFFFFC8FFF0001EB1617A3431DD040BBA3EB
0DF351251D7B83CD750DC1F616CA29BB7BD103FFFFFFFFFFFC8FFF0001EB1617A3431DCF40BBA303
0DF34F251D8483CDF00DC1F416CA2EBB8BD203FFFFFFFFFFFC8FFF0001E91617A3431DCF40BBA31B
0DF316251D3C83CE600DC1CA16CA13BB8BD103FFFFFFFFFFFC8FFF0001EB1617A3431DCF40BBA333
0DF2AF251CB883CEC00DC14D16C9B5BB8BD203FFFFFFFFFFFC8FFF0001E71617A3431DCF40BBA34B
0DF271251C5783CF1B0DC11E16C98FBB7BD203FFFFFFFFFFFC8FFF0001EC1617A3431DCF40BBA363
0DF1DD251B7783CF740DC08616C913BB8BD303FFFFFFFFFFFC8FFF0001E41617A3431DCF40BBA37B
0DF0EB251A1883CFD00DBF7F16C844BB9BD203FFFFFFFFFFFC8FFF0001E91617A3431DCF40BBA393
0DF09C2519A583D0340DBF4A16C818BB9BD403FFFFFFFFFFFC8FFF0001E31617A3431DCF40BB93AB
0DF04125192A83D09F0DBEE916C7CBBBABD403FFFFFFFFFFFC8FFF0001E41617A3431DCF40BBA3C3
0DEFCE25187083D1080DBE7C16C774BB9BD303FFFFFFFFFFFC8FFF0001EA1617A3431DCF40BBA3DB
0DEF532517B783D16B0DBE0C16C71BBB8BD203FFFFFFFFFFFC6FFF0001EC1617A3431DCF40BB93F3
0DEEC725172F83D1D50DBD7016C6BABB8BD303FFFFFFFFFFFC8FFF0001EB1617A3431DCF40BB930B
0DEE4E2516AF83D23A0DBD0916C680BB9BD303FFFFFFFFFFFC9FFF0001E11617A3431DCE40BB9323
0DEDFD25164C83D2980DBCB116C648BB9BD3040FFFFFFFFFFC8FFF0001DE1617A3431DCE40BB933B
0DEDBB2515F583D2F40DBC7116C61ABBABD303FFFFFFFFFFFC7FFF0001E81617A3431DCE40BB9353
0DECCA25149583D3520DBB8916C560BBABD403FFFFFFFFFFFC7FFF0001E91617A3431DCE40BB836B
0DEB5E25127A83D3B20DBA2116C43EBBBBD4040FFFFFFFFFFC8FFF0001EB1617A3431DCE40BBA383
0DEAE72511C383D41D0DB9A716C3DABBCBD503FFFFFFFFFFFC8FFF0001EC1617A3431DCE40BB839B
0DEA9B25115183D48A0DB95A16C39DBBCBD503FFFFFFFFFFFC8FFF0001E51617A3431DCE40BB83B3
0DE9AF250FE583D4F70DB87816C2E0BBCBD603FFFFFFFFFFFC8FFF0001EC1617A3431DCE40BB83CB
0DE817250D8983D55E0DB6E316C196BBBBD503FFFFFFFFFFFC9FFF0001EC1617A3431DCE40BB83E3
0DE752250C6083D5B50DB62116C0F7BBBBD703FFFFFFFFFFFC8FFF0001E51617A3431DCE40BB83FB
0DE7A0250CEF83D6040DB67116C148BB9BD6040FFFFFFFFFFC8FFF0001E91617A3431DCD40BB8313
0DE75B250CA083D6600DB62516C118BB7BD603FFFFFFFFFFFC7FFF0001E31617A3431DCD40BB832B
0DE6F0250C0D83D6D50DB5BB16C0C6BB7BD503FFFFFFFFFFFC7FFF0001E31617A3431DCD40BB8343
0DE67C250B5F83D7500DB54A16C06CBB7BD403FFFFFFFFFFFC7FFF0001ED1617A3431DCD40BB835B
0DE658250B2A83D7B20DB52516C04FBB9BD503FFFFFFFFFFFC8FFF0001E91617A3431DCD40BB8373
0DE62F250AEA83D80B0DB4FE16C02FBBBBD503FFFFFFFFFFFC8FFF0001ED1617A3431DCD40BB838B
0DE5622509BF83D86B0DB42C16BF82BBBBD603FFFFFFFFFFFC8FFF0001E51617A3431DCD40BB83A3
0DE4BE2508C683D8CB0DB38F16BF06BBABD503FFFFFFFFFFFC8FFF0001EB1617A3431DCD40BB83BB
0DE46B25084E83D92B0DB34416BEC8BBABD503FFFFFFFFFFFC7FFF0001EC1617A3431DCD40BB83D3
0DE3A725072683D98F0DB28216BE2BBBBBD503FFFFFFFFFFFC8FFF0001ED1617A3431DCD40BB73EB
0DE28625056983D9F40DB16216BD3ABBBBD403FFFFFFFFFFFC8FFF0001EE1617A3431DCC40BB8303
0DE0162501BD83DA600DAEFE16BB46BBBBD503FFFFFFFFFFFC8FFF0001EF1617A3431DCC40BB731B
0DDEE424FFED83DAD00DADD316BA4DBBBBD403FFFFFFFFFFFC8FFF0001E91617A3431DCC40BB7333
0DDDD824FE4B83DB300DACD116B971BBBBD403FFFFFFFFFFFC8FFF0001F01617A3431DCC40BB734B
0DDB5F24FA7583DB8B0DAA5F16B760BBABD203FFFFFFFFFFFC8FFF0001EF1617A3431DCC40BB7363
0DDADB24F9A883DBE80DA9D216B6ECBB8BD203FFFFFFFFFFFC7FFF0001E81617A3431DCC40BB637B
0DDAB324F96E83DC480DA9AB16B6CABB5BD103FFFFFFFFFFFC7FFF0001ED1617A3431DCC40BB6393
0DD9BA24F7DD83DCB40DA8B016B5F3BB3BD103FFFFFFFFFFFC8FFF0001F01617A3431DCC40BB63AB
0DD78624F4B083DD170DA68616B43EBB2BCE03FFFFFFFFFFFC7FFF0001EB1617A3431DCC40BB63C3
0DD5DB24F21E83DD780DA4D816B2DABB1BCD03FFFFFFFFFFFC6FFF0001F11617A3431DCC40BB63DB
0DD28E24ED4183DDE70DA19A16B040BB0BCD03FFFFFFFFFFFC8FFF0001F21617A3431DCC40BB63F3
0DD17E24EBBF83DE4E0DA09816AF76BAFBCC03FFFFFFFFFFFC9FFF0001F31617A3431DCB40BB630B
0DD13D24EB5983DEAD0DA05316AF3CBAFBCB03FFFFFFFFFFFC9FFF0001F31617A3431DCB40BB6323
0DD0FA24EAFA83DF0E0DA01316AF08BADBCA03FFFFFFFFFFFC8FFF0001F21617A3431DCB40BB633B
0DD0BE24EA9F83DF600D9FD816AED9BACBC803FFFFFFFFFFFC7FFF0001F11617A3431DCB40BB6353
0DD0A124EA7E83DFC10D9FBB16AEC4BABBC803FFFFFFFFFFFC7FFF0001F11617A3431DCB40BB636B
0DCFFF24E98983E0420D9F1616AE3FBAABC703FFFFFFFFFFFC7FFF0001EE1617A3431DCB40BB6383
0DCF1724E83983E0B90D9E2C16AD8ABAABC6040FFFFFFFFFFC7FFF0001F31617A3431DCB40BB639B
0DCE8824E76F83E1080D9DB916AD2CBABBC703FFFFFFFFFFFC8FFF0001F01617A3431DCB40BB63B3
0DCE7924E75983E14E0D9D9316AD11BAABC603FFFFFFFFFFFC8FFF0001F31617A3431DCB40BB63CB
0DCE3424E6F683E1B30D9D5216ACDDBAABC603FFFFFFFFFFFC8FFF0001F31617A3431DCB40BB63E3
0DCD9324E60783E22F0D9CB016AC5DBAABC503FFFFFFFFFFFC8FFF0001F21617A3431DCA40BB53FB
0DCCA724E4BD83E29D0D9BD616ABB3BAABC603FFFFFFFFFFFC8FFF0001EF1617A3431DCA40BB6313
0DCC6524E45D83E2F50D9B8D16AB7CBACBC403FFFFFFFFFFFC8FFF0001F61617A3431DCA40BB632B
0DCC4824E43883E34C0D9B7316AB69BABBC4040FFFFFFFFFFC8FFF0001F51617A3431DCA40BB5343
0DCC1C24E40083E3B80D9B4816AB4CBAABC403FFFFFFFFFFFC8FFF0001EE1617A3431DCA40BB535B
0DCBAA24E35883E4290D9AD016AAECBAABC403FFFFFFFFFFFC8FFF0001F51617A3431DCA40BB4373
0DCAE624E23F83E48B0D9A1716AA59BAABC403FFFFFFFFFFFC8FFF0001F61617A3431DCA40BB438B
0DCA2B24E13183E4E00D995D16A9C4BA9BC403FFFFFFFFFFFC8FFF0001F51617A3431DCA40BB43A3
0DC94224DFDF83E53B0D987616A911BA9BC403FFFFFFFFFFFC8FFF0001F41617A3431DCA40BB43BB
0DC8E424DF5883E5A40D981716A8CCBA8BC403FFFFFFFFFFFC8FFF0001F41617A3431DCA40BB43D3
0DC89D24DEFA83E6140D97D216A898BA8BC303FFFFFFFFFFFC8FFF0001F51617A3431DC940BB43EB
0DC7FD24DE1383E67F0D973E16A820BA8BC303FFFFFFFFFFFC8FFF0001F61617A3431DC940BB4303
0DC69D24DC2283E6DE0D95E116A712BA7BC203FFFFFFFFFFFC8FFF0001F11617A3431DC940BB431B
0DC64E24DBAC83E7390D958316A6CABA6BC203FFFFFFFFFFFC7FFF0001EF1617A4431DC940BB4333
0DC58424DA8B83E79E0D94C616A637BA6BC103FFFFFFFFFFFC8FFF0001ED1617A4431DC940BB434B
0DC54124DA2E83E8040D948016A602BA5BC103FFFFFFFFFFFC8FFF0001F31617A4431DC940BB4363
0DC53024DA1E83E86B0D947416A5FABA4BC103FFFFFFFFFFFC8FFF0001F51617A4431DC940BB437B
0DC50A24D9ED83E8CB0D944F16A5E1BA5BC203FFFFFFFFFFFC8FFF0001F61617A4431DC940BB3393
0DC4D624D9A383E92E0D941716A5B8BA6BC103FFFFFFFFFFFC8FFF0001EF1617A4431DC940BB33AB
0DC47D24D92683E9950D93B916A570BA6BC103FFFFFFFFFFFC8FFF0001F41617A4431DC940BB43C3
0DC3F224D86783E9F70D933616A50CBA6BC103FFFFFFFFFFFC8FFF0001F31617A4431DC940BB33DB
0DC3C624D82E83EA5E0D930C16A4F0BA6BC103FFFFFFFFFFFC8FFF0001ED1617A4431DC840BB33F3
0DC38424D7D383EAC80D92CD16A4C2BA6BC003FFFFFFFFFFFC8FFF0001F41617A4431DC840BB330B
0DC28924D66683EB290D91D916A403BA6BC103FFFFFFFFFFFC8FFF0001ED1617A4431DC840BB3323
0DC1AD24D52C83EB870D90F616A34FBA5BC103FFFFFFFFFFFC8FFF0001F21617A4431DC840BB333B
0DC0E224D3FE83EBE80D902E16A2B1BA3BC103FFFFFFFFFFFC8FFF0001EB1617A4431DC840BB2353
0DBF8D24D21883EC4A0D8EE016A1ABBA4BC103FFFFFFFFFFFC8FFF0001F11617A4431DC840BB236B
0DBE8024D09283ECB40D8DD616A0D9BA4BC003FFFFFFFFFFFC8FFF0001F11617A4431DC840BB2383
0DBE2124D00A83ED250D8D7A16A091BA5BC0040FFFFFFFFFFC9FFF0001F11617A4431DC840BB239B
0DBDEC24CFC183ED8C0D8D4716A06ABA4BBF03FFFFFFFFFFFC9FFF0001F11617A4431DC840BB23B3
0DBD8224CF2A83EDE00D8CDE16A01ABA4BBE03FFFFFFFFFFFC9FFF0001F01617A4431DC840BB23CB
0DBD4824CEDD83EE390D8CA5169FEEBA3BBE03FFFFFFFFFFFC8FFF0001E91617A4431DC740BB23E3
0DBD3824CEC683EE9D0D8C91169FE4BA2BBE03FFFFFFFFFFFC7FFF0001EB1617A4431DC740BB23FB
0DBCD524CE3F83EF070D8C2F169F9ABA1BBD03FFFFFFFFFFFC7FFF0001EA1617A4431DC740BB2313
0DBC7224CDB483EF790D8BD0169F52BA1BBD03FFFFFFFFFFFC8FFF0001E01617A4431DC740BB232B
0DBBFB24CD1083EFE20D8B54169EF3BA0BBD03FFFFFFFFFFFC8FFF0001EB1617A4431DC740BB2343
0DBBD024CCD583F0340D8B37169EDCBA1BBC03FFFFFFFFFFFC8FFF0001E81617A4431DC740BB235B
0DBBC124CCC683F0960D8B2D169EDABA2BBC03FFFFFFFFFFFC7FFF0001E91617A4431DC740BB2373
0DBBB624CCBD83F1020D8B18169ECEBA2BBD03FFFFFFFFFFFC8FFF0001E41617A4431DC740BB238B
0DBB8D24CC8B83F16A0D8AF2169EB4BA2BBC03FFFFFFFFFFFC9FFF0001E51617A4431DC740BB13A3
0DBB7124CC6683F1CE0D8AD6169EA1BA1BBD03FFFFFFFFFFFC7FFF0001E41617A4431DC740BB03BB
0DBB7124CC7483F22D0D8AD8169EA7BA1BBD03FFFFFFFFFFFC8FFF0001DF1617A4431DC740BB13D3
0DBB7624CC8583F2910D8AD9169EACBA1BBC03FFFFFFFFFFFC7FFF0001E51617A4431DC640BB13EB
0DBAF724CBC983F2F50D8A72169E5FBA0BBC03FFFFFFFFFFFC7FFF0001E41617A4431DC640BB2303
0DB9D124CA2A83F35A0D893E169D70BA0BBC03FFFFFFFFFFFC7FFF0001E41617A4431DC640BB031B
0DB89524C85D83F3BC0D8810169C83BA0BBC03FFFFFFFFFFFC7FFF0001E31617A4431DC640BB0333
0DB7D924C75583F4220D874F169BEEBA0BBC03FFFFFFFFFFFC8FFF0001DD1617A4431DC640BB034B
0DB70B24C62C83F48E0D8684169B4FB9FBBB03FFFFFFFFFFFC9FFF0001D71617A4431DC640BB0363
0DB68D24C57B83F4EF0D8603169AEAB9FBBC03FFFFFFFFFFFC8FFF0001DF1617A4431DC640BB037B
0DB63D24C50B83F54D0D85B1169AABB9FBBB03FFFFFFFFFFFC8FFF0001E11617A4431DC640BB0393
0DB5C224C45C83F5B40D852E169A47B9FBBA03FFFFFFFFFFFC8FFF0001E01617A4431DC640BB03AB
0DB54E24C3BE83F6130D84C51699FAB9FBBA03FFFFFFFFFFFC8FFF0001D81617A4431DC540BB03C3
0DB4BC24C2F483F6780D843916998EB9EBBA03FFFFFFFFFFFC9FFF0001DF1617A4431DC540BB03DB
0DB46824C27B83F6DE0D83E116994CB9EBB903FFFFFFFFFFFC8FFF0001DE1617A4431DC540BB03F3
0DB45224C26183F7420D83CE16993FB9EBB903FFFFFFFFFFFC7FFF0001DF1617A4431DC540BB030B
0DB44924C25F83F7A40D83C516993DB9DBB903FFFFFFFFFFFC7FFF0001DE1617A4431DC540BB0323
0DB44324C25B83F8110D83BA169938B9CBB803FFFFFFFFFFFC7FFF0001DE1617A4431DC540BAF33B
0DB42924C24083F8790D83A916992FB9CBB803FFFFFFFFFFFC8FFF0001D21617A4431DC540BAF353
0DB40224C21083F8D70D837F169912B9CBB803FFFFFFFFFFFC7FFF0001DB1617A4431DC540BAF36B
0DB3E824C1F383F9320D8367169903B9DBB903FFFFFFFFFFFC7FFF0001DC1617A4431DC540BAF383
0DB35D24C12983F98E0D82DC169899B9EBB903FFFFFFFFFFFC8FFF0001DB1617A4431DC540BAF39B
0DB29524C01583F9F70D820F1697FDB9EBB803FFFFFFFFFFFC8FFF0001CF1617A4431DC540BAF3B3
0DB18324BE8683FA690D810416972CB9EBB803FFFFFFFFFFFC8FFF0001DB1617A4431DC440BAE3CB
0DB08C24BD2183FAD40D801016966DB9EBB903FFFFFFFFFFFC9FFF0001DA1617A4431DC440BAE3E3
0DAFBB24BBF783FB370D7F3F1695CBB9DBB803FFFFFFFFFFFC9FFF0001DD1617A4431DC440BAE3FB
0DAF3524BB3D83FB990D7EC0169567B9DBB803FFFFFFFFFFFC8FFF0001D61617A4431DC440BAE313
0DAEE824BACB83FBF00D7E70169528B9CBB703FFFFFFFFFFFC7FFF0001DC1617A4431DC440BAE32B
0DAEA324BA6D83FC440D7E2E1694F7B9ABB603FFFFFFFFFFFC7FFF0001DC1617A4431DC440BAE343
0DAD8224B8C783FCAA0D7D09169411B9ABB603FFFFFFFFFFFC8FFF0001DC1617A4431DC440BAE35B
0DACA724B79483FD260D7C38169374B99BB603FFFFFFFFFFFC8FFF0001DC1617A4431DC440BAE373
0DAC7624B75183FD9A0D7C0B169351B99BB503FFFFFFFFFFFC9FFF0001D91617A4431DC440BAE38B
0DAC5224B72783FDF70D7BEB16933AB98BB503FFFFFFFFFFFC9FFF0001D71617A4431DC440BAE3A3
0DAC4424B71D83FE4B0D7BDC169333B98BB403FFFFFFFFFFFC9FFF0001DD1617A4431DC340BAE3BB
0DAC3824B71083FEB40D7BCB16932BB98BB503FFFFFFFFFFFC8FFF0001DC1617A4431DC340BAE3D3
0DAB8924B61D83FF1C0D7B1F1692A9B97BB403FFFFFFFFFFFC7FFF0001DC1617A4431DC340BAE3EB
0DAAFA24B55B83FF6C0D7A95169242B98BB403FFFFFFFFFFFC9FFF0001DC1617A4431DC340BAE303
0DAA9024B4CC83FFC20D7A271691F2B98BB403FFFFFFFFFFFC8FFF0001DC1617A4431DC340BAE31B
0DAA0724B40B8400410D799F16918CB98BB303FFFFFFFFFFFC8FFF0001DC1617A4431DC340BAE333
0DA9B924B3A48400C50D7953169155B98BB403FFFFFFFFFFFC7FFF0001D91617A4431DC340BAD34B
0DA97124B3448401230D7911169122B97BB403FFFFFFFFFFFC8FFF0001D71617A4431DC340BAE363
0DA91624B2C48401700D78C21690E6B97BB303FFFFFFFFFFFC9FFF0001DD1617A4431DC340BAD37B
0DA90124B2A58401BF0D78A41690CEB97BB303FFFFFFFFFFFC9FFF0001D41617A4431DC340BAC393
0DA8C324B25384021D0D786016909DB96BB203FFFFFFFFFFFC9FFF0001D91617A4431DC240BAD3AB
0DA7FF24B1358402970D77A0169008B95BB203FFFFFFFFFFFC9FFF0001DB1617A4431DC240BAC3C3
0DA74124B02E8403110D76E6168F7CB94BB103FFFFFFFFFFFC8FFF0001D71617A4431DC240BAC3DB
0DA6FC24AFD484036F0D76A7168F4DB95BB103FFFFFFFFFFFC8FFF0001DD1617A4431DC240BAC3F3
0DA68E24AF3A8403C50D7637168EF8B95BB103FFFFFFFFFFFC8FFF0001DC1617A4431DC240BAC30B
0DA59824ADDC8404330D7542168E3DB94BB103FFFFFFFFFFFC8FFF0001D51617A4431DC240BAC323
0DA4C824ACB88404A20D7478168DA3B94BB003FFFFFFFFFFFC9FFF0001D61617A4431DC240BAC33B
0DA47624AC458404F20D742A168D68B94BB003FFFFFFFFFFFC9FFF0001DB1617A4431DC240BAB353
0DA40F24ABB08405400D73C2168D14B93BB003FFFFFFFFFFFC8FFF0001DA1617A4431DC240BAC36B
0DA3E124AB728405A20D738E168CF0B93BB003FFFFFFFFFFFC8FFF0001D51617A4431DC240BAB383
0DA37124AADA8406200D7319168C9AB92BAF03FFFFFFFFFFFC8FFF0001DB1617A4431DC240BAB39B
0DA2F524AA3684069F0D72AF168C4EB92BAE03FFFFFFFFFFFC8FFF0001DE1617A4431DC240BAB3B3
0DA2B224A9D98406FA0D726A168C1AB92BAE03FFFFFFFFFFFC8FFF0001D91617A4431DC240BAB3CB
0DA1F224A8CB8407420D71AA168B86B91BAE03FFFFFFFFFFFC8FFF0001DD1617A4431DC140BAB3E3
0DA19E24A8598407920D7156168B45B92BAE03FFFFFFFFFFFC8FFF0001DA1617A4431DC140BAB3FB
0DA0CD24A7258407F40D7086168AA5B92BAD03FFFFFFFFFFFC7FFF0001DA1617A4431DC140BAB313
0D9FD224A5CA8408690D6F931689EDB92BAD03FFFFFFFFFFFC6FFF0001DC1617A4431DC140BAB32B
0D9F9024A56E8408D40D6F4E1689B9B92BAD03FFFFFFFFFFFC7FFF0001DA1617A4431DC140BAB343
0D9F0924A4B48409330D6EC9168953B92BAC03FFFFFFFFFFFC8FFF0001D71617A4431DC140BAA35B
0D9E9224A40D84099D0D6E4D1688F8B91BAC03FFFFFFFFFFFC9FFF0001E01617A4431DC140BAA373
0D9E7524A3ED8409FD0D6E3A1688E8B91BAC03FFFFFFFFFFFC8FFF0001D91617A4431DC140BAA38B
0D9E7124A3EE840A510D6E371688E9B90BAC03FFFFFFFFFFFC8FFF0001DE1617A4431DC140BAA3A3
0D9E6424A3E4840AB20D6E241688E0B8FBAC03FFFFFFFFFFFC7FFF0001DD1617A4431DC040BAA3BB
0D9E4C24A3C8840B170D6E0B1688D1B8DBAA03FFFFFFFFFFFC6FFF0001D71617A4431DC040BAA3D3
0D9E3E24A3BC840B770D6E001688CDB8DBAA03FFFFFFFFFFFC7FFF0001D81617A4431DC040BAA3EB
0D9E1424A389840BDA0D6DD51688AFB8DBAA03FFFFFFFFFFFC8FFF0001DD1617A4431DC040BAA303
0D9D2B24A23C840C430D6CE91687FDB8DBAA03FFFFFFFFFFFC8FFF0001DF1617A4431DC040BAA31B
0D9C6624A133840CB40D6C2E168773B8DBA903FFFFFFFFFFFC7FFF0001E21617A4431DC040BAA333
0D9C4E24A115840D150D6C17168761B8DBA903FFFFFFFFFFFC7FFF0001DE1617A4431DC040BAA34B
0D9C3E24A105840D630D6C0C168759B8CBAA03FFFFFFFFFFFC6FFF0001D91617A4431DC040BAA363
0D9C3C24A106840DB90D6C0A16875CB8BBA903FFFFFFFFFFFC6FFF0001E21617A4431DC040BA837B
0D9C3D24A112840E1E0D6C0416875FB8ABA903FFFFFFFFFFFC8FFF0001E11617A4431DC040BAA393
0D9C1424A0E5840E920D6BDC168745B8BBA803FFFFFFFFFFFC9FFF0001E21617A4431DC040BAA3AB
0D9BE224A09F840F010D6BBA168730B8BBA903FFFFFFFFFFFC9FFF0001DE1617A4431DC040BA93C3
0D9BA824A05B840F5F0D6B79168700B8ABA803FFFFFFFFFFFC8FFF0001E61617A4431DBF40BA93DB
0D9B9E24A051840FB60D6B6A1686F7B8ABA803FFFFFFFFFFFC8FFF0001E61617A4431DBF40BA93F3
0D9B6A24A00D8410100D6B331686D0B8BBA803FFFFFFFFFFFC8FFF0001DE1617A4431DBF40BA930B
0D9B46249FE68410700D6B111686BBB8CBA803FFFFFFFFFFFC8FFF0001E41617A4431DBF40BA9323
0D9B3B249FE08410D90D6B071686B9B8CBA803FFFFFFFFFFFC8FFF0001E51617A4431DBF40BA833B
0D9B20249FBE8411430D6AE21686A2B8CBA803FFFFFFFFFFFC7FFF0001E61617A4431DBF40BA8353
0D9AF8249F928411A70D6AC416868FB8BBA803FFFFFFFFFFFC7FFF0001E51617A4431DBF40BA836B
0D9AE6249F8484120A0D6AB6168689B8BBA803FFFFFFFFFFFC8FFF0001E61617A4431DBF40BA8383
0D9ADD249F7F8412620D6AAB168684B8BBA803FFFFFFFFFFFC8FFF0001E21617A4431DBF40BA839B
0D9A85249EFD8412BF0D6A50168643B8CBA803FFFFFFFFFFFC8FFF0001E81617A4431DBF40BA73B3
0D995E249D6784132E0D692D168564B8CBA703FFFFFFFFFFFC8FFF0001E81617A4431DBE40BA83CB
0D98E8249CC88413930D68BD168510B8CBAA03FFFFFFFFFFFC7FFF0001E41617A5431DBE40BA73E3
0D989E249C5E8413E40D68751684DAB8BBA803FFFFFFFFFFFC7FFF0001E21617A5431DBE40BA73FB
0D982E249BC28414420D6802168485B8BBA803FFFFFFFFFFFC7FFF0001E91617A4431DBE40BA7313
0D979E249AFE8414BA0D677616841DB8ABA703FFFFFFFFFFFC7FFF0001EB1617A5431DBE40BA732B
0D96CE2499DE8415280D66B816838DB8ABA603FFFFFFFFFFFC8FFF0001EC1617A5431DBE40BA7343
0D96722499628415780D664B16833DB8ABA703FFFFFFFFFFFC8FFF0001ED1617A5431DBE40BA735B
0D95F92498B88415CD0D65CF1682DFB89BA603FFFFFFFFFFFC9FFF0001EC1617A5431DBE40BA7373
0D95BD2498698416340D659E1682BEB89BA603FFFFFFFFFFFC8FFF0001E51617A5431DBE40BA638B
0D958624981E8416A50D6563168291B88BA603FFFFFFFFFFFC7FFF0001E61617A5431DBE40BA73A3
0D95732498108417040D6552168288B87BA603FFFFFFFFFFFC7FFF0001ED1617A5431DBE40BA73BB
0D95432497D18417610D6524168269B86BA503FFFFFFFFFFFC8FFF0001EE1617A5431DBD40BA63D3
0D94AE2496FD8417C30D64911681FAB86BA403FFFFFFFFFFFC7FFF0001EF1617A5431DBD40BA63EB
0D94112496238418220D63F5168185B87BA403FFFFFFFFFFFC7FFF0001E21617A5431DBD40BA6303
0D936124953084188D0D63471680FFB87BA403FFFFFFFFFFFC8FFF0001EF1617A5431DBD40BA631B
0D93122494C48418F80D62FB1680C9B86BA303FFFFFFFFFFFC8FFF0001EF1617A5431DBD40BA6333
0D92552493BC8419500D624216803BB86BA303FFFFFFFFFFFC8FFF0001EE1617A5431DBD40BA634B
0D91EF2493328419AA0D61D9167FEEB86BA303FFFFFFFFFFFC7FFF0001EE1617A5431DBD40BA6363
0D917924928A841A0A0D6167167F98B86BA303FFFFFFFFFFFC7FFF0001EE1617A5431DBD40BA637B
0D90E72491C3841A6B0D60D7167F2BB85BA203FFFFFFFFFFFC7FFF0001EE1617A5431DBD40BA6393
0D9003249083841AD60D5FF9167E7FB85BA103FFFFFFFFFFFC8FFF0001E21617A5431DBD40BA63AB
0D8EDA248EE1841B4E0D5ED3167DA2B84BA103FFFFFFFFFFFC9FFF0001EF1617A5431DBD40BA63C3
0D8EA8248E9C841BB30D5E9B167D7AB84BA003FFFFFFFFFFFC8FFF0001E31617A5431DBC40BA63DB
0D8E93248E86841BFA0D5E86167D67B83BA003FFFFFFFFFFFC9FFF0001EE1617A5431DBC40BA53F3
0D8E50248E29841C450D5E44167D39B83BA103FFFFFFFFFFFC8FFF0001EC1617A5431DBC40BA530B
0D8DE4248D9A841CAE0D5DEC167CFCB83B9F03FFFFFFFFFFFC8FFF0001EB1617A5431DBC40BA5323
0D8D57248CCF841D2C0D5D3C167C74B82B9F03FFFFFFFFFFFC8FFF0001ED1617A5431DBC40BA533B
0D8C6F248B95841D970D5C70167BDBB82B9F03FFFFFFFFFFFC8FFF0001EF1617A5431DBC40BA4353
0D8C0A248B02841DEF0D5C09167B8FB81B9E03FFFFFFFFFFFC8FFF0001EE1617A5431DBC40BA436B
0D8B282489C5841E4B0D5B28167AE2B80B9D03FFFFFFFFFFFC7FFF0001ED1617A5431DBC40BA4383
0D8A3B24887F841EB10D5A40167A32B7FB9D03FFFFFFFFFFFC6FFF0001E61617A5431DBC40BA439B
0D8A0424883A841F190D5A09167A0CB7DB9D03FFFFFFFFFFFC8FFF0001EA1617A5431DBC40BA33B3
0D89F224881F841F6E0D59FC167A03B7DB9C03FFFFFFFFFFFC7FFF0001EA1617A5431DBC40BA33CB
0D89E3248815841FC50D59E81679F8B7DB9B03FFFFFFFFFFFC7FFF0001E71617A5431DBB40BA33E3
0D89A62487C08420340D59AB1679CDB7DB9B03FFFFFFFFFFFC7FFF0001EC1617A5431DBB40BA33FB
0D89652487708420A70D596D1679A1B7CB9A03FFFFFFFFFFFC8FFF0001E11617A5431DBB40BA3313
0D89252487208421020D592D167975B7CB9A03FFFFFFFFFFFC8FFF0001E81617A5431DBB40BA332B
0D89032486F884215D0D590C167960B7CB9A03FFFFFFFFFFFC9FFF0001EB1617A5431DBB40BA3343
0D88CD2486AF8421C70D58D816793BB7CB9A03FFFFFFFFFFFC8FFF0001EB1617A5431DBB40BA335B
0D87D024855484222C0D57E2167880B7DB9A03FFFFFFFFFFFC8FFF0001E31617A5431DBB40BA3373
0D86DF2483E48422810D56F01677CBB7DB9403FFFFFFFFFFFC8FFF0001E41617A5431DBB40BA238B
0D86AF2483D88422E00D56BB1677A4B7DBA003FFFFFFFFFFFC7FFF0001E81617A5431DBB40BA33A3
0D864124831684234C0D5656167758B7BB9303FFFFFFFFFFFC7FFF0001EA1617A5431DBB40BA23BB
0D85662482038423B30D55821676B7B7BB9F03FFFFFFFFFFFC8FFF0001DF1617A5431DBB40BA33D3
0D84A92480F38424150D54BD167625B7BB9803FFFFFFFFFFFC8FFF0001E41617A5431DBA40BA23EB
0D83FD247FEA8424700D54131675A3B7BB9303FFFFFFFFFFFC8FFF0001E91617A5431DBA40BA2303
0D83B8247FC28424CA0D53CC167570B7AB9E03FFFFFFFFFFFC8FFF0001E21617A5431DBA40BA331B
0D839F247F828425330D53BE167568B7AB9603FFFFFFFFFFFC8FFF0001EA1617A5431DBA40BA1333
0D8384247F6884259C0D53A0167555B78B9703FFFFFFFFFFFC8FFF0001EC1617A5431DBA40BA234B
0D8372247F568425FD0D538F16754BB77B9603FFFFFFFFFFFC8FFF0001E51617A5431DBA40BA2363
0D835C247F3984265E0D537616753CB76B9403FFFFFFFFFFFC8FFF0001E91617A5431DBA40BA237B
0D833A247F218426BD0D5356167528B76B9703FFFFFFFFFFFC8FFF0001E91617A5431DBA40BA2393
0D830A247ED88427230D5321167503B77B9503FFFFFFFFFFFC8FFF0001E71617A5431DBA40BA13AB
0D82EF247EC784278D0D530C1674F9B77B9603FFFFFFFFFFFC8FFF0001EE1617A5431DBA40BA13C3
0D82DD247EAE8427E90D52F91674EEB77B9503FFFFFFFFFFFC8FFF0001EE1617A5431DBA40BA13DB
0D82CC247E9F8428430D52E91674E6B77B9403FFFFFFFFFFFC8FFF0001E81617A5431DBA40BA13F3
0D82C2247E9A8428A00D52DF1674E4B77B9403FFFFFFFFFFFC8FFF0001EC1617A5431DB940BA130B
0D82B0247E8884290A0D52CC1674D9B77B9403FFFFFFFFFFFC8FFF0001EF1617A5431DB940BA1323
0D8290247E6684297D0D52AD1674C9B77B9303FFFFFFFFFFFC8FFF0001EA1617A5431DB940BA133B
0D8274247E498429E30D52921674B9B77B9603FFFFFFFFFFFC9FFF0001F21617A5431DB940BA1353
0D8225247DDF842A360D5246167482B76B9403FFFFFFFFFFFC8FFF0001F01617A5431DB940BA036B
0D80A3247BBF842A8E0D50CA167360B76B9403FFFFFFFFFFFC8FFF0001F01617A5431DB940BA1383
0D7FE5247AC1842AF40D500C1672D4B75B9403FFFFFFFFFFFC8FFF0001F01617A5431DB940BA039B
0D7FA4247A6A842B610D4FCB1672A5B76B9403FFFFFFFFFFFC8FFF0001F31617A5431DB940BA03B3
0D7F56247A01842BCD0D4F7B16726DB76B9403FFFFFFFFFFFC8FFF0001EF1617A5431DB940B9F3CB
0D7F3D2479E3842C2C0D4F68167261B76B9303FFFFFFFFFFFC8FFF0001ED1617A5431DB940B9F3E3
0D7F252479CE842C840D4F4E167251B74B9303FFFFFFFFFFFC8FFF0001F31617A5431DB940B9F3FB
0D7EE7247980842CE30D4F0F167224B73B9303FFFFFFFFFFFC7FFF0001F41617A5431DB940BA0313
0D7EC2247939842D460D4EEC16720EB73B8E03FFFFFFFFFFFC7FFF0001EE1617A5431DB840B9F32B
0D7EA6247949842DAD0D4ED11671FEB74B9503FFFFFFFFFFFC7FFF0001F01617A5431DB840B9F343
0D7E702478F0842E150D4E9D1671DAB74B9003FFFFFFFFFFFC8FFF0001F11617A5431DB840B9F35B
0D7DF5247843842E760D4E25167182B74B9003FFFFFFFFFFFC7FFF0001F51617A5431DB840B9F373
0D7DAE2477D6842ECD0D4DDB167156B74B8A03FFFFFFFFFFFC7FFF0001F21617A5431DB840B9F38B
0D7D23247765842F2D0D4D7016716EB73B9703FFFFFFFFFFFC8FFF0001F21617A5431DB840B9F3A3
0D7CB1247690842FA00D4D0516718EB72B9103FFFFFFFFFFFC7FFF0001F51617A5431DB840B9F3BB
0D7C7324763C84300D0D4CD71671E0B71B9903FFFFFFFFFFFC8FFF0001EE1617A5431DB840B9D3D3
0D7BFA2475A18430630D4C801671DAB71BA703FFFFFFFFFFFC8FFF0001F41617A5431DB840B9D3EB
0D7BC924755F8430BB0D4C1116719FB72BB503FFFFFFFFFFFC8FFF0001F31617A5431DB840B9D303
0D7B9024751C8431160D4BD6167157B71BC303FFFFFFFFFFFC8FFF0001F31617A5431DB740B9D31B
0D7B522474C98431790D4B991670F8B71BCD03FFFFFFFFFFFC8FFF0001F41617A5431DB740B9D333
0D7AD92474288431EF0D4B3B1670ECB70BD303FFFFFFFFFFFC8FFF0001EE1617A5431DB740B9D34B
0D7A6A2473938432630D4ADE16711EB70BD503FFFFFFFFFFFC8FFF0001EE1617A5431DB740B9D363
0D7A422473668432B90D4A871670CAB6FBD403FFFFFFFFFFFC9FFF0001F31617A5431DB740B9D37B
0D79F52472F88433080D4A5316705BB6FBD403FFFFFFFFFFFC8FFF0001EC1617A5431DB740B9D393
0D78C124714F84336B0D495B167009B6FBD703FFFFFFFFFFFC8FFF0001EA1617A5431DB740B9D3AB
0D78552470BC8433D30D48CC16702EB70BD803FFFFFFFFFFFC8FFF0001F01617A5431DB740B9D3C3
0D782124707A8434320D4875166FF2B70BD703FFFFFFFFFFFC8FFF0001F01617A5431DB740B9D3DB
0D780C2470668434940D484D166F65B6FBD503FFFFFFFFFFFC8FFF0001F01617A5431DB740B9D3F3
0D7785246FAA8435040D4823166F11B6FBD603FFFFFFFFFFFC7FFF0001EE1617A5431DB740B9D30B
0D765B246E1284356E0D4715166EFEB6EBD803FFFFFFFFFFFC8FFF0001EE1617A5431DB740B9D323
0D75C5246D418435C90D463A166EC8B6EBD903FFFFFFFFFFFC9FFF0001F01617A5431DB740B9D33B
0D75B0246D298436290D4600166E7FB6DBD903FFFFFFFFFFFC8FFF0001E81617A5431DB640B9D353
0D7586246CF38436840D45E2166E42B6DBDA03FFFFFFFFFFFC8FFF0001ED1617A5431DB640B9D36B
0D74B2246BCA8436D60D4560166DDCB6CBDB03FFFFFFFFFFFC8FFF0001EC1617A5431DB640B9C383
0D73C2246A7F84373F0D447A166D8AB6BBDD03FFFFFFFFFFFC8FFF0001E51617A5431DB640B9B39B
0D72D724693B8437B40D4378166D31B6ABDE03FFFFFFFFFFFC8FFF0001E51617A5431DB640B9B3B3
0D725724688F84381F0D42CE166CB5B6ABE003FFFFFFFFFFFC8FFF0001ED1617A5431DB640B9B3CB
0D72422468768438860D4297166C33B69BE003FFFFFFFFFFFC8FFF0001E71617A5431DB640B9B3E3
0D722F2468618438E40D4283166BA5B68BDF03FFFFFFFFFFFC8FFF0001E71617A5431DB640B9B3FB
0D72202468518439330D4274166B0DB68BDE03FFFFFFFFFFFC6FFF0001E81617A5431DB640B9B313
0D720624683484398A0D425E166AD7B68BDD03FFFFFFFFFFFC7FFF0001E71617A5431DB640B9B32B
0D71EE2468198439F20D4246166AD8B66BDB03FFFFFFFFFFFC7FFF0001E71617A5431DB540B9B343
0D716D24676D843A670D421C166B46B66BD703FFFFFFFFFFFC7FFF0001E91617A5431DB540B9B35B
0D70A624665E843AD00D414D166B37B66BD403FFFFFFFFFFFC8FFF0001E41617A5431DB540B99373
0D706524660B843B270D40D8166AE5B66BD503FFFFFFFFFFFC8FFF0001E11617A5431DB540B9938B
0D70342465C8843B800D4096166A14B66BD703FFFFFFFFFFFC7FFF0001E11617A5431DB540B993A3
0D70222465BC843BF40D40781669D1B66BDB03FFFFFFFFFFFC7FFF0001E61617A5431DB540B993BB
0D70212465C6843C620D407F166AF6B65BDD03FFFFFFFFFFFC8FFF0001E71617A5431DB540B993D3
0D70092465A7843CB00D4074166A25B65BDB03FFFFFFFFFFFC9FFF0001E11617A5431DB540B993EB
0D6FC224654A843D040D403316693BB64BDA03FFFFFFFFFFFC7FFF0001DE1617A5431DB540B99303
0D6F2A24647A843D660D3FC71668EAB64BDB03FFFFFFFFFFFC7FFF0001E31617A5431DB540B9931B
0D6E8C2463AA843DD80D3F1F1668FDB64BDB03FFFFFFFFFFFC8FFF0001E01617A5431DB540B99333
0D6E5124635E843E4D0D3ED216696DB63BD603FFFFFFFFFFFC9FFF0001E61617A5431DB540B9934B
0D6E2724632A843EAE0D3EBC1669E6B63BD203FFFFFFFFFFFC9FFF0001E81617A5431DB540B99363
0D6DA824627E843F010D3E441668F8B63BD203FFFFFFFFFFFC8FFF0001E61617A5431DB440B9937B
0D6CDF246168843F5C0D3D8316683FB62BD503FFFFFFFFFFFC7FFF0001E41617A5431DB440B99393
0D6CBE246143843FC10D3D2B16682BB62BD903FFFFFFFFFFFC7FFF0001E41617A5431DB440B993AB
0D6CB524613E8440270D3D171667C1B61BDB03FFFFFFFFFFFC8FFF0001E51617A5431DB440B993C3
0D6CA92461378440910D3D0B166770B61BDA03FFFFFFFFFFFC8FFF0001E51617A5431DB440B993DB
0D6CA32461338440F60D3D0316677DB60BD903FFFFFFFFFFFC7FFF0001E61617A5431DB440B993F3
0D6C8724611A8441580D3CF8166785B5FBD803FFFFFFFFFFFC9FFF0001E51617A5431DB440B9830B
0D6C7924610D8441B10D3CE016674DB5FBD903FFFFFFFFFFFC8FFF0001DB1617A5431DB440B98323
0D6C7624610E84420D0D3CD61666FCB5FBDB03FFFFFFFFFFFC8FFF0001E11617A5431DB440B9833B
0D6C602460FC8442770D3CC61666B7B60BDD03FFFFFFFFFFFC8FFF0001DB1617A5431DB440B98353
0D6BE22460518442E40D3C8816668EB5FBE003FFFFFFFFFFFC8FFF0001E51617A5431DB440B9836B
0D6B3B245F7384434B0D3BE6166687B5FBE103FFFFFFFFFFFC9FFF0001E61617A5431DB440B97383
0D6AE4245EFD8443A50D3B7B16665AB60BDE03FFFFFFFFFFFC8FFF0001E01617A5431DB340B9739B
0D6AA3245EA88444010D3B2916660AB61BDB03FFFFFFFFFFFC8FFF0001E51617A5431DB340B973B3
0D6A61245E568444630D3ADF1665BFB60BD903FFFFFFFFFFFC9FFF0001DF1617A5431DB340B973CB
0D6A58245E4F8444C60D3AC31665ADB60BD803FFFFFFFFFFFC8FFF0001E31617A5431DB340B973E3
0D6A54245E5684452C0D3ABE1665B4B5FBD603FFFFFFFFFFFC8FFF0001E61617A5431DB340B973FB
0D6A53245E608445950D3ABA16658CB5EBD503FFFFFFFFFFFC8FFF0001E61617A5431DB340B95313
0D6A41245E4F8445FA0D3AB2166588B5EBD603FFFFFFFFFFFC8FFF0001E51617A5431DB340B9732B
0D69DD245DC98446590D3A7B166562B5FBD703FFFFFFFFFFFC7FFF0001E01617A5431DB340B97343
0D699B245D758446B80D3A1E166502B5FBDB03FFFFFFFFFFFC8FFF0001E21617A5431DB340B9535B
0D697D245D5484471A0D39FA1664FEB5FBDE03FFFFFFFFFFFC8FFF0001DD1617A5431DB340B95373
0D694A245D168447770D39CA1664C0B5FBDF03FFFFFFFFFFFC8FFF0001E21617A5431DB340B9538B
0D6941245D138447DB0D39AD166484B5EBDE03FFFFFFFFFFFC7FFF0001E21617A5431DB240B953A3
0D6946245D2384484C0D39AA166470B5DBDC03FFFFFFFFFFFC7FFF0001E21617A5431DB240B953BB
0D6940245D258448B50D39B0166486B5DBDA03FFFFFFFFFFFC7FFF0001E21617A5431DB240B953D3
0D6940245D2D8449130D39AA16645FB5DBD803FFFFFFFFFFFC7FFF0001DB1617A5431DB240B953EB
0D6939245D2D8449680D39A5166447B5EBD603FFFFFFFFFFFC9FFF0001DF1617A5431DB240B95303
0D6936245D2E8449C20D399E166414B5EBD603FFFFFFFFFFFC8FFF0001D71617A5431DB240B9531B
0D6936245D3D844A260D399A1663EFB5EBD703FFFFFFFFFFFC8FFF0001DC1617A5431DB240B95333
0D692F245D41844A910D39951663F1B5EBD703FFFFFFFFFFFC9FFF0001DB1617A5431DB240B9534B
0D6930245D4D844AFE0D399D16641EB5EBD503FFFFFFFFFFFC7FFF0001D51617A5431DB240B95363
0D692F245D56844B6A0D399616642EB5DBD103FFFFFFFFFFFC8FFF0001DA1617A5431DB240B9537B
0D68FB245D13844BCA0D398216641CB5DBCE03FFFFFFFFFFFC9FFF0001D41617A5431DB240B94393
0D68DF245CF2844C230D39591663F6B5DBCF03FFFFFFFFFFFC8FFF0001D51617A5431DB240B953AB
0D68CF245CE6844C770D393F1663F7B5DBD203FFFFFFFFFFFC8FFF0001D31617A5431DB140B943C3
0D6856245C3E844CD20D38FD1663B8B5DBD503FFFFFFFFFFFC8FFF0001D21617A5431DB140B943DB
0D67B8245B6E844D3F0D386816639DB5CBD703FFFFFFFFFFFC8FFF0001D11617A6431DB140B933F3
0D66F5245A67844DAD0D37C91663BDB5CBD603FFFFFFFFFFFC7FFF0001CA1617A6431DB140B9330B
0D66D2245A3F844E160D375A1663A0B5CBD303FFFFFFFFFFFC6FFF0001C61617A5431DB140B93323
0D66A8245A0C844E780D373216634DB5CBD003FFFFFFFFFFFC8FFF0001CC1617A5431DB140B9333B
0D66782459D0844ECC0D37001662A8B5CBD003FFFFFFFFFFFC8FFF0001CA1617A5431DB140B93353
0D66642459BC844F270D36DA166246B5ABD103FFFFFFFFFFFC8FFF0001C81617A6431DB140B9336B
0D664624599B844F890D36C3166236B59BD103FFFFFFFFFFFC8FFF0001C51617A6431DB140B93383
0D662D24597A844FE60D36BA16622CB59BCC03FFFFFFFFFFFC7FFF0001C21617A6431DB140B9339B
0D654F2458498450450D365B16622EB5ABC603FFFFFFFFFFFC7FFF0001C11617A6431DB140B933B3
0D64A824576C8450B40D357C16623BB5ABC303FFFFFFFFFFFC7FFF0001BF1617A6431DB140B933CB
0D644F2456F584511B0D350416623CB5ABC303FFFFFFFFFFFC8FFF0001B31617A6431DB040B913E3
0D63E024565E8451710D349816621EB59BC503FFFFFFFFFFFC8FFF0001B61617A6431DB040B913FB
0D639D24560F8451D00D3433166159B58BC803FFFFFFFFFFFC7FFF0001AE1617A6431DB040B91313
0D63882455F884523E0D34171660FEB59BCC03FFFFFFFFFFFC7FFF0001B61617A6431DB040B9132B
0D629C2454B384529E0D33D9166185B58BCF03FFFFFFFFFFFC8FFF0001B51617A6431DB040B91343
0D622124540D8452E50D32F81660FAB57BCE03FFFFFFFFFFFC8FFF0001AB1617A6431DB040B9135B
0D620E2453F484533B0D329C166013B57BCD03FFFFFFFFFFFC8FFF0001AE1617A6431DB040B91373
0D61D52453AE8453B70D3277165F91B57BCD03FFFFFFFFFFFC8FFF0001A61617A6431DB040B9138B
0D610224528D8454370D3241166072B56BCD03FFFFFFFFFFFC7FFF0001AC1617A6431DB040B913A3
0D60E924527184548B0D321316609FB56BC803FFFFFFFFFFFC8FFF0001A41617A6431DB040B913BB
0D60D724525D8454D30D3174165F90B56BC403FFFFFFFFFFFC9FFF0001A71617A6431DB040B913D3
0D609524520684552A0D3144165EDFB55BC503FFFFFFFFFFFC8FFF00019C1617A6431DAF40B913EB
0D604224519F8455930D30EA165E9DB54BC803FFFFFFFFFFFC8FFF0001A01617A6431DAF40B91303
0D602A2451858456020D30BC165E7AB54BC703FFFFFFFFFFFC8FFF0001A01617A6431DAF40B9031B
0D60162451748456690D30A8165E87B53BC403FFFFFFFFFFFC9FFF0001991617A6431DAF40B90333
0D60032451608456C30D309B165E4EB53BC003FFFFFFFFFFFC8FFF0001991617A6431DAF40B9134B
0D5FE924514384571A0D3086165E0EB53BC003FFFFFFFFFFFC8FFF0001971617A6431DAF40B90363
0D5FD024512E84577C0D306A165DEDB53BC103FFFFFFFFFFFC8FFF0001951617A6431DAF40B8F37B
0D5FC124511F8457E10D305B165E0EB54BC203FFFFFFFFFFFC8FFF00018D1617A6431DAF40B90393
0D5FC02451298458470D3050165DE0B53BC103FFFFFFFFFFFC8FFF0001911617A6431DAF40B8F3AB
0D5FC12451328458AE0D304A165DBFB53BC103FFFFFFFFFFFC9FFF00018F1617A6431DAF40B903C3
0D5FC02451378459060D304E165DC4B53BC203FFFFFFFFFFFC9FFF00018D1617A6431DAF40B8F3DB
0D5F9724510C84595A0D3038165D9FB54BC303FFFFFFFFFFFC9FFF00018B1617A6431DAF40B8F3F3
0D5F9024510A8459BF0D301C165D76B54BC403FFFFFFFFFFFC7FFF0001841617A6431DAE40B8F30B
0D5F782450F2845A2D0D3012165D7EB54BC403FFFFFFFFFFFC7FFF0001811617A6431DAE40B8F323
0D5F3D2450AD845A900D2FDB165D90B54BC303FFFFFFFFFFFC8FFF0001851617A6431DAE40B8F33B
0D5F382450AE845AEA0D2FCA165D55B54BC103FFFFFFFFFFFC7FFF0001831617A6431DAE40B8F353
0D5F2D2450A7845B4D0D2FC5165D33B54BC103FFFFFFFFFFFC7FFF0001821617A6431DAE40B8F36B
0D5EFB245069845BB00D2FAE165D3FB53BC103FFFFFFFFFFFC8FFF0001811617A6431DAE40B8F383
0D5EBE24501D845C050D2F6D165D36B53BC003FFFFFFFFFFFC8FFF00017F1617A6431DAE40B8D39B
0D5EA2244FFD845C660D2F41165D19B52BBF03FFFFFFFFFFFC8FFF00017D1617A6431DAE40B8D3B3
0D5E23244F50845CD20D2F0D165D4CB52BBF03FFFFFFFFFFFC9FFF00016F1617A6431DAE40B8D3CB
0D5E05244F35845D370D2EC4165D6BB52BC103FFFFFFFFFFFC9FFF00017A1617A6431DAE40B8D3E3
0D5DF3244F27845D9A0D2E97165D41B52BC303FFFFFFFFFFFC8FFF0001781617A6431DAE40B8D3FB
0D5DE5244F17845DF90D2E81165D10B52BC503FFFFFFFFFFFC7FFF0001771617A6431DAE40B8D313
0D5DDA244F0F845E4F0D2E72165CC3B52BC903FFFFFFFFFFFC8FFF0001761617A6431DAD40B8D32B
0D5DD6244F1D845EAF0D2E69165C7BB51BCD03FFFFFFFFFFFC9FFF00016F1617A6431DAD40B8D343
0D5DD5244F21845F130D2E68165C60B51BCF03FFFFFFFFFFFC9FFF00016D1617A6431DAD40B8D35B
0D5DD0244F22845F710D2E68165C53B52BCF03FFFFFFFFFFFC8FFF0001711617A6431DAD40B8D373
0D5DAF244EFD845FDB0D2E5C165C3AB51BCC03FFFFFFFFFFFC8FFF0001711617A6431DAD40B8D38B
0D5CCE244DCA8460440D2DE9165C5AB50BC803FFFFFFFFFFFC8FFF00016E1617A6431DAD40B8C3A3
0D5C9D244D8E84609B0D2D71165C4DB50BC403FFFFFFFFFFFC8FFF00016B1617A6431DAD40B8D3BB
0D5C7C244D6A8460FA0D2D24165C01B50BC103FFFFFFFFFFFC8FFF00016E1617A6431DAD40B8D3D3
0D5C67244D5484615A0D2D0E165BEEB50BC003FFFFFFFFFFFCAFFF00016C1617A6431DAD40B8C3EB
0D5C2C244D0A8461BB0D2CDF165BBEB4FBBF03FFFFFFFFFFFC8FFF0001651617A6431DAD40B8C303
0D5C17244CF78462200D2CC0165BD9B4FBBF03FFFFFFFFFFFC8FFF00016B1617A6431DAD40B8C31B
0D5BDF244CAD8462850D2C97165BC2B4EBC003FFFFFFFFFFFC8FFF00016A1617A6431DAD40B8C333
0D5BA9244C6F8462EC0D2C62165BCBB4EBC303FFFFFFFFFFFC9FFF0001631617A6431DAC40B8B34B
0D5B80244C3C8463450D2C73165C6DB4DBC603FFFFFFFFFFFC8FFF0001681617A6431DAC40B8B363
0D5B79244C3A84639F0D2C29165BC0B4DBCA03FFFFFFFFFFFC8FFF0001681617A6431DAC40B8B37B
0D5B3F244BF684640B0D2BFD165B8BB4DBD003FFFFFFFFFFFC8FFF0001671617A6431DAC40B8B393
0D5A99244B158464670D2BBA165BEFB4DBD503FFFFFFFFFFFC8FFF0001661617A6431DAC40B8B3AB
0D5A1E244A718464BE0D2AF8165B61B4DBD903FFFFFFFFFFFC7FFF0001611617A6431DAC40B8B3C3
0D59EE244A338465260D2AA7165AE6B4EBDB03FFFFFFFFFFFC8FFF00015B1617A6431DAC40B8A3DB
0D59A22449CD84659A0D2A79165AF4B4EBDA03FFFFFFFFFFFC8FFF0001601617A6431DAC40B8A3F3
0D590E24490B8465FB0D2A92165BB1B4EBD903FFFFFFFFFFFC9FFF0001621617A6431DAC40B8A30B
0D58B524489384664A0D299F165AE2B4EBD503FFFFFFFFFFFC9FFF0001631617A6431DAC40B89323
0D586524482984669C0D292F165A04B4DBD303FFFFFFFFFFFC8FFF0001621617A6431DAB40B8933B
0D58092447AD84670A0D28DC165966B4CBD203FFFFFFFFFFFC8FFF00015B1617A6431DAB40B89353
0D57752446E78467810D288D1659D5B4BBD003FFFFFFFFFFFC9FFF0001611617A6431DAB40B8936B
0D57162446688467E00D27F616597DB4CBCB03FFFFFFFFFFFC8FFF0001611617A6431DAB40B89383
0D56E624462E8468370D27A616592CB4BBC603FFFFFFFFFFFC8FFF0001601617A6431DAB40B8939B
0D56BE2445FD84688F0D278A1658B6B4ABC403FFFFFFFFFFFC8FFF0001591617A6431DAB40B893B3
0D56542445708468E90D2734165872B49BC503FFFFFFFFFFFC8FFF0001571617A6431DAB40B893CB
0D56222445308469530D26EC16584DB48BC703FFFFFFFFFFFC8FFF00015D1617A6431DAB40B893E3
0D55E92444E58469C00D26C41658DDB48BC703FFFFFFFFFFFC8FFF00015E1617A6431DAB40B893FB
0D55C42444C0846A200D269116583EB47BC603FFFFFFFFFFFC8FFF0001561617A6431DAB40B89313
0D5539244402846A830D26311657B2B47BC703FFFFFFFFFFFC9FFF0001561617A6431DAB40B8832B
0D54E8244393846ADF0D25CC165788B47BC803FFFFFFFFFFFC7FFF0001551617A6431DAB40B88343
0D53D624421F846B3A0D24F6165710B47BC903FFFFFFFFFFFC8FFF00015A1617A6431DAA40B8835B
0D537C2441A8846B9E0D24521656DEB48BC703FFFFFFFFFFFC8FFF0001541617A6431DAA40B88373
0D5363244189846C010D242A165693B47BC503FFFFFFFFFFFC8FFF00014D1617A6431DAA40B8738B
0D5322244132846C580D23F8165629B46BC203FFFFFFFFFFFC8FFF0001591617A6431DAA40B883A3
0D527724404B846CBE0D237F1655D3B45BBF03FFFFFFFFFFFC7FFF00014B1617A6431DAA40B873BB
0D51B1243F3D846D310D22F31656BDB44BBE03FFFFFFFFFFFC7FFF0001581617A6431DAA40B873D3
0D5127243E85846D8D0D22861656A2B43BBD03FFFFFFFFFFFC8FFF0001591617A6431DAA40B873EB
0D50D4243E15846DE00D21CE1655B5B42BBC03FFFFFFFFFFFC8FFF0001521617A6431DAA40B87303
0D5078243D97846E3E0D215E1654B8B41BBE03FFFFFFFFFFFC8FFF0001561617A6431DAA40B8731B
0D502B243D35846EA50D210C165437B41BBF03FFFFFFFFFFFC8FFF00014F1617A6431DAA40B87333
0D5016243D1E846F110D20DD165439B41BC003FFFFFFFFFFFC8FFF0001561617A6431DAA40B8734B
0D500E243D1B846F6E0D20D416542FB41BBD03FFFFFFFFFFFC9FFF0001501617A6431DAA40B87363
0D4FF0243CFB846FC80D20BE1653A8B40BBA03FFFFFFFFFFFC8FFF0001501617A6431DA940B8537B
0D4FDC243CE884702C0D20A7165380B3FBB903FFFFFFFFFFFC7FFF0001551617A6431DA940B87393
0D4F5F243C3F84708E0D206E16539EB3EBBB03FFFFFFFFFFFC6FFF0001481617A6431DA940B853AB
0D4F13243BDC8470F20D1FEC165349B3EBBA03FFFFFFFFFFFC7FFF0001551617A6431DA940B853C3
0D4EED243BB184715A0D1FBC16532AB3DBB903FFFFFFFFFFFC7FFF0001551617A6431DA940B853DB
0D4EAB243B568471B30D1F90165329B3DBB903FFFFFFFFFFFC7FFF00014F1617A6431DA940B853F3
0D4E94243B418472120D1F631652DDB3DBBA03FFFFFFFFFFFC8FFF0001511617A6431DA940B8530B
0D4E7C243B288472720D1F4E1652ABB3EBBA03FFFFFFFFFFFC8FFF0001501617A6431DA940B85323
0D4E67243B148472CF0D1F3C165290B3EBBB03FFFFFFFFFFFC8FFF0001541617A6431DA940B8533B
0D4E50243AFD8473390D1F24165232B3DBBC03FFFFFFFFFFFC6FFF0001541617A6431DA940B85353
0D4E13243AB284739F0D1EF6165251B3DBBD03FFFFFFFFFFFC8FFF0001551617A6431DA940B8536B
0D4E03243AA48473FB0D1ED516521FB3DBBC03FFFFFFFFFFFC8FFF00014E1617A6431DA940B84383
0D4DF8243A9C84745B0D1EC6165221B3DBBB03FFFFFFFFFFFC8FFF0001541617A6431DA840B8439B
0D4DE8243A918474C30D1EB716520DB3DBBA03FFFFFFFFFFFC9FFF00014E1617A6431DA840B843B3
0D4DCE243A788475220D1EA61651E5B3DBBA03FFFFFFFFFFFC9FFF0001531617A6431DA840B843CB
0D4D662439EC84757F0D1E741651B2B3DBBB03FFFFFFFFFFFC8FFF0001541617A6431DA840B843E3
0D4CED24394C8475DF0D1DEF1651B2B3DBBD03FFFFFFFFFFFC8FFF0001531617A6431DA840B833FB
0D4CC624391E84763A0D1DA8165173B3CBBE03FFFFFFFFFFFC8FFF00014D1617A6431DA840B83313
0D4C6D2438A78476A00D1D661650F3B3CBBC03FFFFFFFFFFFC8FFF0001531617A6431DA840B8332B
0D4BCC2437D184770E0D1CE6165109B3DBBC03FFFFFFFFFFFC8FFF00014B1617A6431DA840B83343
0D4B932437898477750D1C801650DBB3DBB903FFFFFFFFFFFC7FFF00014C1617A6431DA840B8335B
0D4B452437248477CD0D1C3F16507EB3CBB403FFFFFFFFFFFC7FFF0001541617A6431DA840B83373
0D4A6E2435FD8478200D1B9516500BB3BBB203FFFFFFFFFFFC9FFF0001541617A6431DA840B8138B
0D4A282435A08478860D1B0D164FC8B3BBB103FFFFFFFFFFFC9FFF0001551617A6431DA740B833A3
0D49EB2435528478F40D1AE7164FC2B3ABAE03FFFFFFFFFFFC8FFF0001561617A6431DA740B823BB
0D49692434A48479540D1A8A164F89B3ABAB03FFFFFFFFFFFC8FFF0001561617A6431DA740B823D3
0D49082434248479AA0D1A08164F3FB38BA803FFFFFFFFFFFC8FFF0001521617A6431DA740B833EB
0D48D42433E2847A0C0D19CA164EDEB37BA803FFFFFFFFFFFC8FFF0001531617A6431DA740B81303
0D487C24336D847A7B0D197C164EBCB36BAA03FFFFFFFFFFFC8FFF0001571617A6431DA740B8131B
0D485B243347847AE10D1948164E79B35BAB03FFFFFFFFFFFC8FFF0001511617A6431DA740B81333
0D4839243320847B370D1923164E05B35BAA03FFFFFFFFFFFC8FFF0001501617A6431DA740B8134B
0D4829243310847B920D1904164DBDB35BAA03FFFFFFFFFFFC7FFF00014F1617A6431DA740B81363
0D4825243311847BF10D18FE164DA4B35BA903FFFFFFFFFFFC7FFF0001571617A6431DA740B8137B
0D481624330C847C5B0D18F4164DA7B34BA503FFFFFFFFFFFC7FFF0001581617A6431DA740B81393
0D47F52432E4847CCB0D18E8164DACB34BA103FFFFFFFFFFFC9FFF0001521617A6431DA740B813AB
0D47A9243286847D250D18B6164DCAB34B9F03FFFFFFFFFFFC8FFF0001531617A6431DA740B803C3
0D4782243254847D780D186D164D7EB34B9F03FFFFFFFFFFFC6FFF0001571617A6431DA640B813DB
0D476E24323E847DD30D1855164D4CB34BA103FFFFFFFFFFFC7FFF0001571617A6431DA640B803F3
0D4750243220847E430D183B164D17B34BA403FFFFFFFFFFFC7FFF0001511617A6431DA640B8030B
0D47292431F4847EB70D1819164D2EB34BA503FFFFFFFFFFFC9FFF0001521617A6431DA640B80323
0D47142431E0847F0D0D1801164D33B35BA303FFFFFFFFFFFC8FFF00014E1617A6431DA640B8033B
0D47022431D0847F5B0D17EC164CECB34BA103FFFFFFFFFFFC7FFF0001591617A6431DA640B7F353
0D46E72431B2847FBB0D17D1164CA5B34BA103FFFFFFFFFFFC7FFF0001591617A6431DA640B7F36B
0D46D52431A08480300D17B9164CB6B34BA203FFFFFFFFFFFC9FFF0001531617A6431DA640B7F383
0D468124313C8480A70D1797164CFEB35BA103FFFFFFFFFFFC8FFF00015B1617A6431DA640B7F39B
0D465F24310F8480F80D175E164CFFB34B9E03FFFFFFFFFFFC8FFF00015B1617A6431DA640B7F3B3
0D464B2430F78481360D1735164C9FB34B9D03FFFFFFFFFFFC8FFF0001531617A6431DA640B7F3CB
0D45F624308C8481950D16FE164C31B34BA003FFFFFFFFFFFC7FFF0001581617A6431DA540B7F3E3
0D458A242FFC8482110D169C164C07B33BA403FFFFFFFFFFFC8FFF00015A1617A6431DA540B7F3FB
0D44BF242EEC8482910D1626164C71B33BA303FFFFFFFFFFFC8FFF0001561617A6431DA540B7E313
0D445D242E6C8482EE0D1616164CF5B32B9F03FFFFFFFFFFFC7FFF0001551617A6431DA540B7E32B
0D4437242E3A8483310D1554164C07B32B9B03FFFFFFFFFFFC8FFF00015B1617A6431DA540B7D343
0D4426242E298483840D1510164B33B31B9C03FFFFFFFFFFFC8FFF0001591617A6431DA540B7D35B
0D43FD242DF68483EC0D1505164AFAB31B9F03FFFFFFFFFFFC8FFF0001541617A6431DA540B7D373
0D4354242D158484650D1496164AF3B30B9F03FFFFFFFFFFFC9FFF00015A1617A6431DA540B7D38B
0D430C242CBA8484CF0D141F164AEBB2FB9C03FFFFFFFFFFFC8FFF00015C1617A6431DA540B7D3A3
0D42E5242C868485160D13E4164A8CB2EB9A03FFFFFFFFFFFC7FFF0001551617A6431DA540B7D3BB
0D42BD242C578485720D13C2164A00B2EB9A03FFFFFFFFFFFC7FFF00015B1617A6431DA540B7D3D3
0D4221242B838485E90D13761649F5B2EB9A03FFFFFFFFFFFC7FFF0001541617A6431DA540B7D3EB
0D416B242A8E8486570D12B1164A30B2EB9903FFFFFFFFFFFC7FFF0001551617A6431DA540B7D303
0D409624296A8486AC0D1226164A33B2EB9503FFFFFFFFFFFC8FFF00015C1617A6431DA440B7C31B
0D40292428D78486FD0D114B164987B2EB9403FFFFFFFFFFFC7FFF00015B1617A6431DA440B7D333
0D40122428BC84875D0D111116489EB2CB9703FFFFFFFFFFFC7FFF00015B1617A6431DA440B7C34B
0D3FE52428828487CD0D10FC164845B2BB9B03FFFFFFFFFFFC6FFF00015B1617A6431DA440B7C363
0D3F7E2427FD84883D0D10B016486EB2AB9B03FFFFFFFFFFFC7FFF0001551617A6431DA440B7C37B
0D3F572427D08488950D106D16487AB2AB9703FFFFFFFFFFFC8FFF00015C1617A6431DA440B7C393
0D3F2C2427998488EB0D10391647FAB2AB9403FFFFFFFFFFFC8FFF0001551617A6431DA440B7B3AB
0D3EF72427558489460D100C16478DB2AB9503FFFFFFFFFFFC8FFF00015A1617A6431DA440B7C3C3
0D3EC32427138489AD0D0FCE164757B2AB9803FFFFFFFFFFFC8FFF0001531617A6431DA440B7B3DB
0D3EB724270F848A200D0FB4164756B2AB9703FFFFFFFFFFFC8FFF00015A1617A6431DA440B7B3F3
0D3E6E2426B1848A7E0D0F9D16477CB29B9403FFFFFFFFFFFC8FFF0001521617A6431DA440B7B30B
0D3E25242654848AD50D0F3F164712B29B9003FFFFFFFFFFFC9FFF0001511617A6431DA440B7B323
0D3DFD242620848B3E0D0F1B1646E4B29B9003FFFFFFFFFFFC7FFF0001571617A6431DA340B7933B
0D3DD92425FC848BA90D0EE21646B3B28B9203FFFFFFFFFFFC8FFF0001521617A6431DA340B7A353
0D3DBF2425DE848C080D0ECE164690B28B9303FFFFFFFFFFFC9FFF00015C1617A6431DA340B7936B
0D3D962425AF848C580D0EA9164670B27B9203FFFFFFFFFFFC9FFF00015B1617A6431DA340B7A383
0D3D8624259E848CB10D0E8C164634B26B9103FFFFFFFFFFFC8FFF00015B1617A6431DA340B7A39B
0D3D6624257C848D220D0E7216461CB26B8F03FFFFFFFFFFFC8FFF00015B1617A6431DA340B793B3
0D3D3124253C848D8C0D0E4E16460CB27B8D03FFFFFFFFFFFC8FFF00015B1617A6431DA340B793CB
0D3D1424251D848DE60D0E261645F5B27B8A03FFFFFFFFFFFC9FFF00015C1617A6431DA340B793E3
0D3CEE2424F0848E4B0D0E051645E2B27B8703FFFFFFFFFFFC8FFF0001571617A6431DA340B793FB
0D3CA324248F848EAF0D0DD11645C4B27B8603FFFFFFFFFFFC8FFF00015B1617A6431DA340B79313
0D3C4924241C848F110D0D721645AFB26B8503FFFFFFFFFFFC8FFF00015C1617A6431DA340B7832B
0D3B4D2422BF848F710D0D081645BCB26B8403FFFFFFFFFFFC8FFF0001591617A6431DA340B79343
0D3AE124222F848FC80D0C15164578B26B8403FFFFFFFFFFFC8FFF0001591617A6431DA240B7935B
0D3ACF24221C84902C0D0BE51644FBB25B8503FFFFFFFFFFFC9FFF00015D1617A6431DA240B79373
0D3ACB2422218490970D0BDA1644BBB25B8703FFFFFFFFFFFC8FFF00015D1617A6431DA240B7838B
0D3ABC2422148490FB0D0BD31644DEB24B8903FFFFFFFFFFFC8FFF00015C1617A6431DA240B783A3
0D3AAA2422048491510D0BC11644A8B23B8A03FFFFFFFFFFFC8FFF00015A1617A6431DA240B783BB
0D3A8C2421DE8491AB0D0B9D16445AB23B8B03FFFFFFFFFFFC8FFF00015D1617A6431DA240B783D3
0D3A832421DF84921A0D0B8D164457B23B8D03FFFFFFFFFFFC9FFF0001571617A6431DA240B773EB
0D3A6C2421C68492890D0B811644B0B22B8F03FFFFFFFFFFFC8FFF00015E1617A6431DA240B78303
0D3A572421B58492E00D0B6F16446FB22B8F03FFFFFFFFFFFC8FFF00015F1617A6431DA240B7831B
0D3A4D2421B08493350D0B5E164436B21B8F03FFFFFFFFFFFC8FFF00015F1617A6431DA240B77333
0D3A3924219E84939E0D0B481643FEB21B9103FFFFFFFFFFFC8FFF00015F1617A6431DA240B7734B
0D3A1B2421818494070D0B31164419B21B9403FFFFFFFFFFFC8FFF00015F1617A6431DA240B77363
0D3A0C24217384945F0D0B23164407B21B9403FFFFFFFFFFFC9FFF0001591617A6431DA140B7637B
0D3A0024216A8494AB0D0B131643DCB21B9103FFFFFFFFFFFC9FFF0001601617A6431DA140B76393
0D39F02421598495090D0B021643B1B21B9103FFFFFFFFFFFC9FFF0001601617A6431DA140B763AB
0D39D424214084957C0D0AF21643B7B21B9203FFFFFFFFFFFC7FFF00015A1617A6431DA140B763C3
0D395D2420A18495ED0D0AB61643C3B20B9003FFFFFFFFFFFC8FFF0001601617A6431DA140B753DB
0D38EF2420128496460D0A601643E9B20B8D03FFFFFFFFFFFC9FFF0001611617A6431DA140B753F3
0D38B3241FC58496930D09EB164390B20B8C03FFFFFFFFFFFC9FFF0001611617A6431DA140B7530B
0D3872241F708496EF0D09A1164320B20B8D03FFFFFFFFFFFC8FFF00015B1617A6431DA140B75323
0D3803241EDD8497580D09551642EBB20B8F03FFFFFFFFFFFC8FFF00015E1617A6431DA140B7533B
0D37E7241EBD8497BC0D09021642C6B1FB8F03FFFFFFFFFFFC7FFF0001601617A6431DA140B75353
0D37A5241E6984981E0D08F01642B9B1FB8C03FFFFFFFFFFFC7FFF00015E1617A6431DA140B7536B
0D3732241DD28498810D087F1642AFB1FB8903FFFFFFFFFFFC8FFF00015F1617A6431DA140B75383
0D36D8241D5B8498D70D0824164274B1EB8703FFFFFFFFFFFC8FFF0001611617A6431DA040B7439B
0D36B0241D2A8499300D07DB1641FDB1EB8803FFFFFFFFFFFC8FFF00015D1617A6431DA040B743B3
0D3698241D118499900D07B71641E1B1DB8A03FFFFFFFFFFFC9FFF00015C1617A6431DA040B753CB
0D3672241CE38499F20D079C1641C9B1CB8A03FFFFFFFFFFFC8FFF0001611617A6431DA040B743E3
0D362D241C8A849A5C0D07671641B9B1BB8703FFFFFFFFFFFC8FFF00015A1617A6431DA040B743FB
0D35BF241BFC849AC80D071F1641C2B1AB8603FFFFFFFFFFFC7FFF0001601617A6431DA040B74313
0D3573241B95849B210D06CC1641E4B1AB8803FFFFFFFFFFFC8FFF0001611617A6431DA040B7432B
0D34D1241ABB849B740D06441641A7B1AB8A03FFFFFFFFFFFC8FFF0001611617A6431DA040B73343
0D34A5241A83849BC80D05E116415CB1AB8D03FFFFFFFFFFFC8FFF00015F1617A6431DA040B7335B
0D347C241A53849C310D05B4164138B19B9103FFFFFFFFFFFC8FFF0001591617A6431DA040B73373
0D34332419F8849CA30D0585164146B19B9503FFFFFFFFFFFC9FFF00015F1617A6431DA040B7338B
0D33FB2419B1849CF90D0547164139B18B9703FFFFFFFFFFFC9FFF0001591617A6431D9F40B733A3
0D33DC24198A849D480D05121640B3B17B9903FFFFFFFFFFFC8FFF00015F1617A7431D9F40B723BB
0D33C3241970849DAC0D04EC16405CB17B9C03FFFFFFFFFFFC9FFF00015F1617A7431D9F40B723D3
0D33B924196C849E1C0D04DF16400FB17B9E03FFFFFFFFFFFC8FFF00015F1617A6431D9F40B723EB
0D33A2241958849E850D04CE164013B17B9F03FFFFFFFFFFFC8FFF00015F1617A6431D9F40B71303
0D338C241942849EDA0D04BC164047B17B9C03FFFFFFFFFFFC7FFF00015B1617A6431D9F40B7131B
0D3386241942849F2A0D04AB163FE8B16B9903FFFFFFFFFFFC8FFF00015B1617A7431D9F40B71333
0D337124192B849F860D04A0163FB8B16B9703FFFFFFFFFFFC8FFF00015C1617A6431D9F40B7134B
0D33432418F4849FF50D047B163FC1B16B9703FFFFFFFFFFFC8FFF0001551617A6431D9F40B71363
0D33122418BC84A0640D045416400BB16B9703FFFFFFFFFFFC8FFF00015C1617A7431D9F40B7137B
0D32FB2418A384A0B20D042F163FE7B17B9603FFFFFFFFFFFC8FFF0001571617A7431D9E40B71393
0D32EE24189984A1030D0417163F73B17B9603FFFFFFFFFFFC8FFF00015A1617A7431D9E40B703AB
0D32E624189584A16D0D040C163F41B17B9703FFFFFFFFFFFC9FFF00015A1617A6431D9E40B703C3
0D32D824188D84A1D60D0403163F84B17B9903FFFFFFFFFFFC8FFF00014D1617A6431D9E40B703DB
0D32C524187E84A2380D03F2163F68B18B9603FFFFFFFFFFFC8FFF00015A1617A7431D9E40B703F3
0D32B624187484A29A0D03E3163F49B17B9303FFFFFFFFFFFC8FFF00015A1617A7431D9E40B7030B
0D32AB24186D84A2ED0D03D5163F37B17B9203FFFFFFFFFFFC8FFF0001591617A7431D9E40B70323
0D32A124186584A3410D03CA163F0FB17B9403FFFFFFFFFFFC7FFF0001581617A6431D9E40B7033B
0D328924185084A3AA0D03B9163F20B17B9603FFFFFFFFFFFC7FFF0001581617A6431D9E40B70353
0D327D24184A84A41B0D03A9163F2DB17B9703FFFFFFFFFFFC8FFF00014B1617A7431D9E40B6F36B
0D327624184984A4770D039D163F06B16B9703FFFFFFFFFFFC8FFF00014B1617A7431D9D40B70383
0D327624185484A4C50D039B163ECDB16B9703FFFFFFFFFFFC8FFF0001571617A7431D9D40B6F39B
0D327224185884A5280D0398163EE9B16B9803FFFFFFFFFFFC7FFF0001521617A6431D9D40B6E3B3
0D325324183984A5950D038D163F32B16B9903FFFFFFFFFFFC8FFF00014E1617A7431D9D40B6E3CB
0D324324182784A5F30D0373163F33B15B9603FFFFFFFFFFFC8FFF0001571617A7431D9D40B6E3E3
0D324324183284A6470D036A163F21B15B9303FFFFFFFFFFFC8FFF0001561617A7431D9D40B6E3FB
0D323524182684A6A40D0363163F0DB14B9403FFFFFFFFFFFC8FFF0001551617A7431D9D40B6E313
0D320F2417FC84A7070D034A163EE3B14B9703FFFFFFFFFFFC8FFF00014E1617A6431D9D40B6E32B
0D31EA2417D384A7720D0327163EE1B15B9B03FFFFFFFFFFFC7FFF0001551617A7431D9D40B6D343
0D31DC2417CA84A7D40D030E163EEAB14BA003FFFFFFFFFFFC8FFF0001561617A7431D9D40B6D35B
0D31C02417AD84A82C0D02FC163EB3B14BA303FFFFFFFFFFFC7FFF0001551617A7431D9D40B6D373
0D318F24177184A87D0D02D4163EA7B15BA503FFFFFFFFFFFC8FFF0001541617A7431D9C40B6D38B
0D313B2416FE84A8DD0D0295163E8AB16BA503FFFFFFFFFFFC8FFF0001541617A7431D9C40B6D3A3
0D30782415F884A94D0D0213163EC0B15BA403FFFFFFFFFFFC8FFF00014D1617A7431D9C40B6D3BB
0D2F0E24140084A9B80D014E163F15B15BA203FFFFFFFFFFFC8FFF00014E1617A7431D9C40B6C3D3
0D2DD724125384AA100CFFFD163EDAB15BA103FFFFFFFFFFFC8FFF00014E1617A7431D9C40B6C3EB
0D2D832411E084AA5A0CFF00163E78B15BA103FFFFFFFFFFFC8FFF0001531617A7431D9C40B6C303
0D2D6B2411C284AABB0CFEB0163D34B13BA303FFFFFFFFFFFC8FFF0001531617A6431D9C40B6C31B
0D2D3524118384AB2D0CFE84163CCDB12BA403FFFFFFFFFFFC8FFF00014C1617A6431D9C40B6C333
0D2D1824116284AB970CFE5B163CB6B10BA303FFFFFFFFFFFC8FFF00014D1617A7431D9C40B6C34B
0D2D0C24115684ABE60CFE49163C49B0FB9F03FFFFFFFFFFFC8FFF00014E1617A7431D9C40B6C363
0D2D0424115284AC350CFE3F163BC8B0DB9B03FFFFFFFFFFFC9FFF0001511617A6431D9B40B6B37B
0D2CF324114584AC9D0CFE31163BC5B0CB9903FFFFFFFFFFFC8FFF0001451617A6431D9B40B6B393
0D2CEB24114784AD130CFE27163C24B0CB9603FFFFFFFFFFFC7FFF0001521617A6431D9B40B6B3AB
0D2CD924113484AD760CFE20163C69B0DB9203FFFFFFFFFFFC7FFF0001531617A7431D9B40B6A3C3
0D2CAF24110184ADC10CFE03163BE4B0EB8F03FFFFFFFFFFFC8FFF0001521617A7431D9B40B6A3DB
0D2C982410E884AE130CFDDA163B67B0EB9003FFFFFFFFFFFC9FFF0001511617A6431D9B40B6A3F3
0D2C5724109484AE7B0CFDB7163B41B0EB9303FFFFFFFFFFFC8FFF0001451617A6431D9B40B6A30B
0D2BFE24102484AEED0CFD72163BF9B0DB9403FFFFFFFFFFFC8FFF0001511617A6431D9B40B6A323
0D2BE924100F84AF500CFD72163C64B0DB9103FFFFFFFFFFFC9FFF0001511617A7431D9B40B6A33B
0D2BD6240FFD84AFA40CFD27163BC4B0EB8E03FFFFFFFFFFFC8FFF00014B1617A6431D9B40B6A353
0D2BCF240FFB84B0000CFD0D163AFEB0DB8D03FFFFFFFFFFFC9FFF00014B1617A6431D9A40B6936B
0D2BBC240FEB84B0620CFD00163AFCB0CB9003FFFFFFFFFFFC7FFF0001501617A6431D9A40B69383
0D2BB9240FEE84B0BF0CFCF8163B40B0CB9203FFFFFFFFFFFC7FFF0001511617A6431D9A40B6939B
0D2BBB240FFD84B1230CFCF5163B02B0BB9103FFFFFFFFFFFC6FFF0001521617A6431D9A40B693B3
0D2B9C240FD884B1870CFCEA163AE0B0BB9003FFFFFFFFFFFC7FFF00014B1617A6431D9A40B693CB
0D2B85240FC284B1E00CFCCC163ADBB0BB9003FFFFFFFFFFFC7FFF0001501617A6431D9A40B683E3
0D2B60240F9A84B23B0CFCAD163AC8B0CB9303FFFFFFFFFFFC7FFF0001501617A6431D9A40B683FB
0D2B23240F4884B2A40CFC8A163AB1B0DB9603FFFFFFFFFFFC8FFF00014A1617A6431D9A40B69313
0D2A95240E9284B3130CFC1F163AECB0DB9903FFFFFFFFFFFC8FFF0001501617A6431D9A40B6832B
0D2A78240E6D84B36E0CFBFE163B52B0CB9B03FFFFFFFFFFFC9FFF0001501617A6431D9A40B68343
0D2A5E240E5384B3B50CFBD3163AE4B0CB9D03FFFFFFFFFFFC8FFF0001501617A6431D9A40B6835B
0D2A4B240E3D84B40F0CFB93163A2FB0BBA003FFFFFFFFFFFC7FFF0001491617A6431D9940B68373
0D2A38240E2F84B47F0CFB81163A37B0BBA303FFFFFFFFFFFC7FFF0001501617A6431D9940B6838B
0D2996240D5584B4F00CFB37163A49B0BBA303FFFFFFFFFFFC8FFF0001501617A6431D9940B673A3
0D2938240CD284B5500CFAE9163ACBB0AB9E03FFFFFFFFFFFC7FFF0001491617A6431D9940B673BB
0D2823240B5184B59F0CFA0C163A0EB0AB9B03FFFFFFFFFFFC7FFF00014F1617A6431D9940B673D3
0D274A240A2E84B5FA0CF8CE16396BB0AB9A03FFFFFFFFFFFC8FFF0001481617A6431D9940B663EB
0D27142409E784B6620CF884163970B0AB9B03FFFFFFFFFFFC7FFF0001481617A6431D9940B66303
0D26D524099884B6C10CF84A163931B09B9A03FFFFFFFFFFFC7FFF0001491617A6431D9940B6631B
0D269824094684B7250CF7FD163866B08B9803FFFFFFFFFFFC8FFF00014B1617A6431D9940B66333
0D26572408F784B78A0CF7CA163860B07B9603FFFFFFFFFFFC8FFF0001471617A6431D9940B6634B
0D26442408E184B7DF0CF79C163818B07B9403FFFFFFFFFFFC8FFF00014D1617A6431D9940B66363
0D263E2408E284B8400CF78E1637BDB06B9303FFFFFFFFFFFC8FFF00014C1617A6431D9840B6637B
0D263F2408ED84B8A40CF78A1637C3B05B9203FFFFFFFFFFFC9FFF0001401617A6431D9840B66393
0D263D2408F584B8FE0CF789163794B04B9103FFFFFFFFFFFC7FFF00014B1617A6431D9840B653AB
0D25AA24082C84B9610CF74D163754B03B9103FFFFFFFFFFFC8FFF00014B1617A6431D9840B653C3
0D250124074984B9C40CF68F163732B03B9103FFFFFFFFFFFC9FFF0001441617A6431D9840B653DB
0D24B92406ED84BA2B0CF633163728B03B9103FFFFFFFFFFFC8FFF00014A1617A6431D9840B653F3
0D24A02406D184BA8E0CF608163716B03B9103FFFFFFFFFFFC7FFF0001441617A6431D9840B6430B
0D24902406C184BAE30CF5EB1636B3B03B8F03FFFFFFFFFFFC8FFF0001491617A6431D9840B65323
0D246D24069284BB3B0CF5DB16365DB03B8E03FFFFFFFFFFFC8FFF0001421617A6431D9840B6433B
0D241924062984BB9A0CF59316365CB02B8E03FFFFFFFFFFFC8FFF0001481617A6431D9840B64353
0D23BA2405AC84BC000CF547163673B01B8E03FFFFFFFFFFFC9FFF0001471617A6431D9840B6436B
0D239E24059084BC6B0CF50216366AB01B8D03FFFFFFFFFFFC9FFF0001471617A6431D9740B63383
0D238424056F84BCC80CF4EF163649B01B8D03FFFFFFFFFFFC9FFF0001471617A6431D9740B6439B
0D22CD24047484BD220CF47116359DB01B8E03FFFFFFFFFFFC9FFF0001471617A6431D9740B633B3
0D227324040184BD860CF3EE16355CB01B9103FFFFFFFFFFFC8FFF00013F1617A6431D9740B643CB
0D226D24040084BDE20CF3CF163545B00B9303FFFFFFFFFFFC8FFF00013F1617A6431D9740B633E3
0D226D24040984BE3D0CF3C6163523B00B9103FFFFFFFFFFFC8FFF0001431617A6431D9740B633FB
0D227224041984BEA50CF3C9163538AFFB8D03FFFFFFFFFFFC8FFF0001441617A6431D9740B63313
0D221D2403AD84BF090CF3BC16351FAFFB8B03FFFFFFFFFFFC7FFF0001431617A6431D9740B6232B
0D220424039084BF5B0CF3711634C7AFFB8B03FFFFFFFFFFFC7FFF00013D1617A6431D9740B62343
0D22252403C784BFB60CF37A163479AFEB8C03FFFFFFFFFFFC8FFF00013C1617A6431D9740B6235B
0D21C524034C84C0250CF364163496AFDB8E03FFFFFFFFFFFC8FFF0001411617A6431D9740B62373
0D218E24030A84C0930CF30A1634BEAFDB8E03FFFFFFFFFFFC8FFF0001421617A6431D9640B6238B
0D217C2402F684C0EA0CF2E81634CEAFDB8D03FFFFFFFFFFFC8FFF0001421617A6431D9640B623A3
0D21652402DA84C1390CF2CD163450AFDB8B03FFFFFFFFFFFC7FFF00013A1617A6431D9640B613BB
0D21442402B984C1940CF2A91633D6AFDB8C03FFFFFFFFFFFC7FFF00013A1617A6431D9640B613D3
0D212724029C84C2020CF2951633C7AFCB8D03FFFFFFFFFFFC8FFF00013F1617A6431D9640B603EB
0D20FC24026A84C2740CF28E163494AFBB8C03FFFFFFFFFFFC7FFF0001401617A6431D9640B60303
0D20F724026B84C2CD0CF28C1634C9AFCB8803FFFFFFFFFFFC7FFF0001401617A6431D9640B6031B
0D20E724025984C3160CF252163426AFCB8503FFFFFFFFFFFC8FFF00013F1617A6431D9640B60333
0D20AF24021484C3720CF2331633B8AFCB8503FFFFFFFFFFFC6FFF00013E1617A6431D9640B6034B
0D206D2401C184C3DF0CF1FE1633F0AFCB8703FFFFFFFFFFFC6FFF0001391617A6431D9640B60363
0D203824018484C44B0CF1C01633BDAFDB8803FFFFFFFFFFFC8FFF0001371617A6431D9640B6037B
0D1FF724012F84C4B20CF17C163380AFCB8903FFFFFFFFFFFC8FFF00013B1617A6431D9640B60393
0D1F8A24009F84C50D0CF13116338BAFCB8803FFFFFFFFFFFC8FFF0001351617A6431D9540B5F3AB
0D1F2724001A84C55D0CF0C5163348AFBB8903FFFFFFFFFFFC8FFF00013D1617A6431D9540B5F3C3
0D1ECF23FFA584C5B90CF05C1632A5AFBB8A03FFFFFFFFFFFC7FFF0001361617A6431D9540B5F3DB
0D1E9023FF5984C61C0CF00E163295AFAB8B03FFFFFFFFFFFC8FFF00013D1617A6431D9540B5F3F3
0D1E5523FF0C84C6810CEFDE1632A6AFAB8A03FFFFFFFFFFFC8FFF0001371617A6431D9540B5E30B
0D1E1B23FEC284C6E10CEFA0163295AFAB8503FFFFFFFFFFFC7FFF00013A1617A6431D9540B5E323
0D1E0923FEB384C7440CEF77163258AFAB8203FFFFFFFFFFFC7FFF0001331617A6431D9540B5E33B
0D1E0B23FEC284C7A90CEF75163259AF9B8203FFFFFFFFFFFC8FFF00013D1617A6431D9540B5E353
0D1E0023FEBA84C8110CEF711631F8AF8B8403FFFFFFFFFFFC8FFF00013D1617A6431D9540B5E36B
0D1DF023FEAA84C86A0CEF651631E2AF8B8703FFFFFFFFFFFC8FFF00013D1617A6431D9540B5E383
0D1DE723FEA684C8B10CEF5416319EAF7B8A03FFFFFFFFFFFC8FFF00013C1617A6431D9440B5E39B
0D1DD723FE9784C9080CEF4C163160AF7B8B03FFFFFFFFFFFC8FFF00013B1617A6431D9440B5D3B3
0D1DA823FE6084C9790CEF20163181AF7B8C03FFFFFFFFFFFC8FFF00013A1617A6431D9440B5D3CB
0D1D9F23FE6384C9F50CEF111631A7AF7B8903FFFFFFFFFFFC8FFF0001381617A6431D9440B5D3E3
0D1D8A23FE4E84CA5F0CEF0116322BAF7B8503FFFFFFFFFFFC8FFF0001381617A6431D9440B5D3FB
0D1D8623FE5184CAB10CEEFA1631BEAF8B8203FFFFFFFFFFFC8FFF00013C1617A6431D9440B5C313
0D1D5523FE1184CAF00CEEEC163148AF7B8303FFFFFFFFFFFC8FFF00013B1617A6431D9440B5C32B
0D1CDD23FD7084CB450CEE711630E1AF7B8603FFFFFFFFFFFC7FFF00013A1617A6431D9440B5C343
0D1C5923FCC084CBBE0CEE0F163124AF7B8803FFFFFFFFFFFC8FFF00013B1617A6431D9440B5C35B
0D1BA923FBD384CC330CEDCA1631C0AF7B8503FFFFFFFFFFFC8FFF00013C1617A6431D9440B5C373
0D1BA123FBCF84CC8A0CED2416310FAF6B7E03FFFFFFFFFFFC8FFF0001351617A6431D9440B5C38B
0D1B7E23FBA484CCE00CED0416305FAF6B7A03FFFFFFFFFFFC7FFF0001351617A6431D9440B5C3A3
0D1B6623FB8B84CD440CECE3163030AF6B7803FFFFFFFFFFFC6FFF00013B1617A6431D9340B5B3BB
0D1B4A23FB6E84CDA80CECC7163067AF5B7803FFFFFFFFFFFC6FFF00013A1617A6431D9340B5B3D3
0D1B4F23FB7E84CE090CECBA1630BAAF4B7603FFFFFFFFFFFC8FFF00013A1617A6431D9340B5B3EB
0D1B5923FB9484CE610CECCB16305EAF4B7403FFFFFFFFFFFC8FFF00013A1617A6431D9340B5A303
0D1B3523FB6B84CEBC0CECBC162FFBAF4B7503FFFFFFFFFFFC7FFF0001391617A6431D9340B5A31B
0D1B0C23FB3B84CF170CEC8C162FFDAF4B7903FFFFFFFFFFFC8FFF00012D1617A6431D9340B5A333
0D1AF423FB2284CF7F0CEC72162FB7AF4B7D03FFFFFFFFFFFC9FFF0001311617A6431D9340B5A34B
0D1ADC23FB0F84CFF30CEC56162FF2AF4B7E03FFFFFFFFFFFC8FFF0001391617A6431D9340B5A363
0D1ACD23FB0484D0540CEC711630A9AF4B7E03FFFFFFFFFFFC8FFF0001381617A6431D9340B5A37B
0D1AB723FAEA84D0A20CEC47163003AF4B7E03FFFFFFFFFFFC8FFF0001371617A6431D9340B59393
0D1AAA23FAE284D0F80CEC25162F5FAF3B7F03FFFFFFFFFFFC8FFF0001301617A6431D9340B593AB
0D1AA023FADC84D1520CEC18162F5AAF3B8003FFFFFFFFFFFC8FFF0001351617A6431D9240B593C3
0D1A9223FAD384D1BB0CEC0B162F64AF2B7F03FFFFFFFFFFFC8FFF00012F1617A6431D9240B593DB
0D1A6923FAA784D22E0CEBF5162FA2AF2B7C03FFFFFFFFFFFC8FFF0001351617A6431D9240B593F3
0D1A4A23FA8484D2900CEBEF162FFDAF2B7A03FFFFFFFFFFFC8FFF0001341617A6431D9240B5830B
0D1A1723FA4184D2E70CEBA8162F8CAF2B7A03FFFFFFFFFFFC9FFF00012D1617A6431D9240B58323
0D1A0023FA2D84D3460CEB86162F5FAF2B7E03FFFFFFFFFFFC8FFF0001331617A6431D9240B5833B
0D19CC23F9F184D3A20CEB5C162F39AF2B8203FFFFFFFFFFFC8FFF0001321617A6431D9240B58353
0D198923F99784D3FA0CEB2B162EEEAF2B8603FFFFFFFFFFFC8FFF0001321617A6431D9240B5836B
0D190723F8EA84D45B0CEABA162EF0AF2B8803FFFFFFFFFFFC9FFF00012B1617A6431D9240B58383
0D18DF23F8BB84D4C40CEA6E162EF6AF2B8803FFFFFFFFFFFC9FFF0001311617A6431D9240B5839B
0D18CD23F8AE84D5290CEA5B162F02AF2B8603FFFFFFFFFFFC8FFF0001311617A6431D9240B583B3
0D188D23F85A84D58C0CEA2C162ED1AF1B8503FFFFFFFFFFFC8FFF0001291617A6431D9240B583CB
0D186D23F83384D5E40CE9F4162E68AF0B8403FFFFFFFFFFFC8FFF0001281617A6431D9140B573E3
0D183623F7F384D6410CE9C5162E0CAEFB8503FFFFFFFFFFFC8FFF00012E1617A6431D9140B573FB
0D180B23F7BB84D6A40CE99E162E00AEFB8603FFFFFFFFFFFC7FFF0001271617A6431D9140B56313
0D17F923F7AD84D7010CE97F162DDEAEFB8403FFFFFFFFFFFC7FFF00012C1617A6431D9140B5632B
0D17C523F76B84D7600CE95F162DD2AEFB8003FFFFFFFFFFFC8FFF0001261617A6431D9140B56343
0D179123F72A84D7C30CE92E162DB7AEFB7C03FFFFFFFFFFFC9FFF0001241617A5431D9140B5635B
0D172C23F6A684D8250CE8DE162DA3AEFB7903FFFFFFFFFFFC8FFF00012A1617A5431D9140B56373
0D16DC23F63C84D8800CE87C162D71AEFB7803FFFFFFFFFFFC7FFF00012A1617A5431D9140B5638B
0D16A423F5F584D8DF0CE847162D4CAEEB7803FFFFFFFFFFFC7FFF0001291617A5431D9140B553A3
0D165F23F59B84D9370CE808162D35AEDB7803FFFFFFFFFFFC7FFF0001231617A5431D9140B553BB
0D15EF23F50884D98A0CE7AB162CD7AECB7703FFFFFFFFFFFC8FFF0001261617A5431D9140B553D3
0D157123F45E84D9EE0CE72C162CA7AECB7603FFFFFFFFFFFC7FFF0001201617A5431D9140B553EB
0D152423F3FE84DA5C0CE6C1162C93AEBB7503FFFFFFFFFFFC7FFF0001251617A5431D9040B54303
0D151823F3F384DAC10CE6A7162C83AEBB7203FFFFFFFFFFFC7FFF0001261617A5431D9040B5431B
0D150923F3E284DB0E0CE697162C28AEBB7003FFFFFFFFFFFC9FFF0001251617A5431D9040B54333
0D14C223F38984DB630CE673162BAEAEBB6F03FFFFFFFFFFFC9FFF0001221617A5431D9040B5434B
0D148723F33D84DBC20CE627162B8FAEAB6F03FFFFFFFFFFFC9FFF0001181617A5431D9040B54363
0D13EA23F26984DC230CE5CA162B94AEAB6E03FFFFFFFFFFFC9FFF0001221617A5431D9040B5437B
0D13AD23F21E84DC890CE554162B8FAEAB6A03FFFFFFFFFFFC8FFF0001221617A5431D9040B53393
0D138B23F1F384DCEE0CE52D162BC1AEAB6603FFFFFFFFFFFC8FFF0001211617A5431D9040B533AB
0D137423F1DC84DD440CE50E162B70AE9B6403FFFFFFFFFFFC8FFF0001151617A5431D9040B523C3
0D135123F1B184DDA00CE4EB162AEDAE8B6603FFFFFFFFFFFC7FFF0001211617A5431D9040B523DB
0D133523F19184DDFB0CE4CE162AF3AE7B6903FFFFFFFFFFFC7FFF0001201617A5431D9040B523F3
0D131523F16D84DE590CE4B3162AE3AE7B6B03FFFFFFFFFFFC8FFF00011F1617A5431D9040B5330B
0D12B923F0F784DEC30CE4B3162BAFAE7B6B03FFFFFFFFFFFC8FFF0001151617A5431D8F40B52323
0D127F23F0AB84DF230CE448162B7AAE7B6B03FFFFFFFFFFFC7FFF00011C1617A5431D8F40B5233B
0D126523F09384DF760CE400162ADEAE6B6E03FFFFFFFFFFFC8FFF00011F1617A5431D8F40B52353
0D125C23F08B84DFC90CE3F4162A75AE5B7203FFFFFFFFFFFC8FFF0001171617A5431D8F40B5236B
0D125423F08D84E02E0CE3ED162A23AE5B7703FFFFFFFFFFFC8FFF00011E1617A5431D8F40B51383
0D121D23F04584E09D0CE3D6162A9BAE5B7A03FFFFFFFFFFFC8FFF0001181617A5431D8F40B5139B
0D11DF23EFF684E0FC0CE396162A5CAE5B7903FFFFFFFFFFFC8FFF00011B1617A5431D8F40B513B3
0D119F23EFA684E1570CE35A162A38AE5B7603FFFFFFFFFFFC9FFF0001151617A5431D8F40B503CB
0D115123EF4384E1AC0CE30F1629E4AE5B7503FFFFFFFFFFFC7FFF00011D1617A5431D8F40B513E3
0D113923EF2684E2010CE2DA16298AAE4B7503FFFFFFFFFFFC8FFF0001161617A5431D8F40B503FB
0D111323EEF984E2660CE2BC16297FAE3B7603FFFFFFFFFFFC8FFF00011D1617A5431D8F40B50313
0D10D123EEA384E2C90CE29C162A19AE3B7503FFFFFFFFFFFC8FFF00011D1617A5431D8E40B5032B
0D107523EE2E84E32C0CE2441629D6AE3B7203FFFFFFFFFFFC8FFF0001171617A5431D8E40B50343
0D101A23EDB684E38B0CE1DF1629B5AE2B7003FFFFFFFFFFFC8FFF00011D1617A5431D8E40B5035B
0D0FF523ED8A84E3E40CE1A1162946AE2B6F03FFFFFFFFFFFC7FFF0001161617A5431D8E40B50373
0D0FF123ED8A84E4400CE1881628A8AE2B7103FFFFFFFFFFFC7FFF00011C1617A5431D8E40B5038B
0D0FE723ED8A84E4A80CE184162883AE1B7403FFFFFFFFFFFC8FFF00011D1617A5431D8E40B503A3
0D0FE323ED8B84E5010CE17D16287CAE0B7403FFFFFFFFFFFC8FFF00011C1617A5431D8E40B503BB
0D0FDF23ED8C84E54C0CE179162835ADFB7003FFFFFFFFFFFC9FFF0001151617A5431D8E40B503D3
0D0FC923ED7784E5B10CE16C162822ADFB6C03FFFFFFFFFFFC8FFF00011B1617A5431D8E40B4E3EB
0D0F8E23ED3184E6200CE14E16287CADFB6903FFFFFFFFFFFC8FFF0001151617A5431D8E40B4E303
0D0F5E23ECF484E6800CE14F162917AE0B6603FFFFFFFFFFFC9FFF0001161617A5431D8E40B4E31B
0D0F1B23EC9F84E6DC0CE0E81628BFAE0B6303FFFFFFFFFFFC8FFF0001161617A5431D8D40B4E333
0D0ECA23EC3584E73A0CE094162850ADFB6303FFFFFFFFFFFC8FFF00011C1617A5431D8D40B4E34B
0D0E6B23EBB484E7940CE0261627E8ADFB6703FFFFFFFFFFFC8FFF00011C1617A5431D8D40B4E363
0D0E5023EB9B84E7EF0CE0001627C0ADEB6B03FFFFFFFFFFFC8FFF0001151617A5431D8D40B4E37B
0D0E2A23EB6A84E8460CDFE0162789ADDB6D03FFFFFFFFFFFC8FFF00011B1617A5431D8D40B4D393
0D0DEE23EB2084E89E0CDFAD16275EADCB6C03FFFFFFFFFFFC8FFF0001151617A5431D8D40B4D3AB
0D0D9523EAAD84E9070CDF5716272DADCB6903FFFFFFFFFFFC8FFF0001111617A5431D8D40B4C3C3
0D0D6923EA7984E97A0CDF20162736ADCB6703FFFFFFFFFFFC8FFF0001191617A5431D8D40B4C3DB
0D0D4B23EA5684E9D80CDEFF16275CADCB6503FFFFFFFFFFFC8FFF00011C1617A5431D8D40B4C3F3
0D0D0623E9F984EA230CDECB1626EFADCB6303FFFFFFFFFFFC8FFF0001191617A5431D8D40B4C30B
0D0CBD23E99D84EA7F0CDE7516268CADBB6203FFFFFFFFFFFC8FFF0001171617A5431D8D40B4C323
0D0C9123E96784EAE00CDE501626B4ADAB6203FFFFFFFFFFFC8FFF00011B1617A5431D8C40B4C33B
0D0C6E23E93D84EB3C0CDE2416268AADAB6203FFFFFFFFFFFC8FFF0001141617A5431D8C40B4C353
0D0C3623E8F784EBA10CDDFC162674AD9B6003FFFFFFFFFFFC8FFF00011B1617A5431D8C40B4C36B
0D0BD423E87884EBFC0CDDAB162667AD9B6003FFFFFFFFFFFC6FFF00011B1617A5431D8C40B4B383
0D0B9523E82584EC570CDD4F162605AD9B6203FFFFFFFFFFFC7FFF0001141617A5431D8C40B4B39B
0D0B7B23E80C84ECBD0CDD321625FEADAB6403FFFFFFFFFFFC9FFF00011A1617A5431D8C40B4B3B3
0D0B5623E7E484ED230CDD111625F7ADAB6603FFFFFFFFFFFC8FFF00011B1617A5431D8C40B4B3CB
0D0B5723E7EB84ED7D0CDD001625D9ADAB6603FFFFFFFFFFFC8FFF0001141617A5431D8C40B4A3E3
0D0B5823E7F384EDD10CDD00162588AD9B6603FFFFFFFFFFFC8FFF00011A1617A5431D8C40B4A3FB
0D0B5123E7F384EE250CDCFA16255BAD8B6703FFFFFFFFFFFC8FFF0001121617A4431D8C40B4A313
0D0B4123E7E384EE800CDCEE162525AD8B6803FFFFFFFFFFFC6FFF0001181617A4431D8B40B4A32B
0D0A8723E6E684EEEC0CDCA316252DAD7B6903FFFFFFFFFFFC6FFF0001191617A4431D8B40B4A343
0D099323E59C84EF600CDBE816257DAD7B6703FFFFFFFFFFFC7FFF0001141617A4431D8B40B4A35B
0D095023E54484EFC30CDB39162576AD7B6303FFFFFFFFFFFC7FFF0001121617A4431D8B40B4A373
0D094223E53784F00D0CDB00162548AD6B6003FFFFFFFFFFFC8FFF0001181617A4431D8B40B4938B
0D093123E52284F0540CDAE916249EAD5B6003FFFFFFFFFFFC8FFF0001101617A4431D8B40B493A3
0D091823E50884F0B00CDAD1162432AD4B6203FFFFFFFFFFFC8FFF0001161617A4431D8B40B483BB
0D090023E4F484F11E0CDABB16244CAD3B6403FFFFFFFFFFFC7FFF0001111617A4431D8B40B483D3
0D08E723E4D684F18B0CDAA7162476AD3B6403FFFFFFFFFFFC6FFF0001161617A4431D8B40B483EB
0D08D523E4C784F1E90CDA8F162431AD3B6203FFFFFFFFFFFC8FFF00010F1617A4431D8B40B48303
0D08A423E48784F2410CDA6A1623EEAD2B6103FFFFFFFFFFFC7FFF0001151617A4431D8B40B4831B
0D089823E48384F29E0CDA421623C0AD2B6203FFFFFFFFFFFC7FFF00010F1617A4431D8B40B48333
0D084A23E41C84F3010CDA231623CDAD2B6403FFFFFFFFFFFC8FFF0001141617A4431D8A40B4834B
0D081923E3E484F35E0CD9E21623AEAD2B6503FFFFFFFFFFFC7FFF0001141617A4431D8A40B47363
0D07EC23E3A984F3AE0CD9B8162379AD2B6403FFFFFFFFFFFC7FFF0001141617A4431D8A40B4737B
0D07A523E34F84F4040CD977162326AD2B6303FFFFFFFFFFFC7FFF0001131617A4431D8A40B46393
0D077823E31784F4680CD93B162314AD0B6303FFFFFFFFFFFC7FFF0001131617A4431D8A40B463AB
0D075323E2EC84F4DC0CD92316233DAD0B6203FFFFFFFFFFFC8FFF00010F1617A4431D8A40B473C3
0D06E923E26284F54A0CD91E1623DDACFB5F03FFFFFFFFFFFC7FFF0001111617A4431D8A40B463DB
0D06D923E25284F5940CD8C51623BEACFB5C03FFFFFFFFFFFC7FFF00010B1617A4431D8A40B463F3
0D06B723E22684F5DB0CD8841622F8ACFB5D03FFFFFFFFFFFC8FFF0001111617A4431D8A40B4630B
0D064823E19584F63C0CD82E1622A7ACEB6003FFFFFFFFFFFC8FFF0001111617A4431D8A40B46323
0D05FF23E13684F6A10CD7E41622BCACEB6303FFFFFFFFFFFC7FFF0001101617A4431D8940B4633B
0D05ED23E12984F70A0CD7BA162293ACEB6403FFFFFFFFFFFC7FFF0001101617A4431D8940B46353
0D05DF23E11D84F7730CD7A616229FACDB6303FFFFFFFFFFFC8FFF00010B1617A4431D8940B4536B
0D05C023E0F984F7CA0CD78F16223BACCB6303FFFFFFFFFFFC8FFF0001071617A4431D8940B45383
0D057C23E0A484F8240CD7561621C8ACCB6403FFFFFFFFFFFC8FFF00010F1617A4431D8940B4539B
0D055023E06B84F8840CD7231621ACACCB6603FFFFFFFFFFFC8FFF0001021617A4431D8940B443B3
0D052E23E04584F8D90CD6F9162194ACCB6603FFFFFFFFFFFC8FFF00010D1617A4431D8940B443CB
0D051523E02984F92D0CD6DD162148ACBB6303FFFFFFFFFFFC8FFF00010D1617A4431D8940B443E3
0D050623E01D84F98F0CD6C9162148ACBB5E03FFFFFFFFFFFC8FFF00010D1617A4431D8940B443FB
0D04DF23DFF284F9FB0CD6B2162157ACBB5B03FFFFFFFFFFFC8FFF00010D1617A4431D8940B44313
0D04D823DFF284FA640CD698162166ACBB5703FFFFFFFFFFFC8FFF00010C1617A4431D8940B4432B
0D04DE23E00384FAC00CD69A162135ACBB5503FFFFFFFFFFFC8FFF00010C1617A4431D8840B44343
0D04E823E01C84FB160CD69F162112ACBB5503FFFFFFFFFFFC8FFF00010B1617A4431D8840B4335B
0D04D223E00384FB6A0CD69D1620F6ACAB5703FFFFFFFFFFFC7FFF0001041617A4431D8840B43373
0D043423DF2A84FBC70CD632162116AC8B5A03FFFFFFFFFFFC9FFF00010A1617A4431D8840B4338B
0D03D723DEB884FC2E0CD5E016217CAC8B5A03FFFFFFFFFFFC8FFF00010B1617A4431D8840B433A3
0D03C923DEAB84FC8D0CD5A8162162AC8B5B03FFFFFFFFFFFC8FFF00010A1617A4431D8840B423BB
0D03B823DE9884FCE60CD58716210CAC8B5C03FFFFFFFFFFFC8FFF0001021617A4431D8840B423D3
0D038F23DE6884FD4B0CD565162096AC8B5E03FFFFFFFFFFFC8FFF0001091617A4431D8840B423EB
0D033B23DDFB84FDAE0CD52E16205CAC7B6103FFFFFFFFFFFC8FFF0001021617A4431D8840B42303
0D02AE23DD3C84FDFD0CD4B916202AAC7B6203FFFFFFFFFFFC8FFF0001081617A4431D8840B4231B
0D025923DCC784FE590CD442161FF9AC7B5F03FFFFFFFFFFFC8FFF0001001617A4431D8840B42333
0D01EE23DC3B84FECA0CD3EB162006AC6B5B03FFFFFFFFFFFC7FFF0001041617A4431D8740B4134B
0D01E523DC3D84FF340CD3C116209AAC6B5703FFFFFFFFFFFC7FFF0001081617A4431D8740B41363
0D01D123DC2284FF850CD3B9162034AC4B5303FFFFFFFFFFFC7FFF0001071617A4431D8740B4037B
0D01AB23DBF784FFCB0CD381161F98AC2B5303FFFFFFFFFFFC8FFF0001071617A4431D8740B40393
0D01A823DBFA8500220CD370161F2CAC1B5403FFFFFFFFFFFCAFFF0001071617A4431D8740B403AB
0D01AA23DC0685008E0CD373161F54AC1B5603FFFFFFFFFFFC8FFF0001071617A4431D8740B403C3
0D01AC23DC178500FE0CD37A161FFAAC1B5603FFFFFFFFFFFC8FFF0001071617A4431D8740B403DB
0D016223DBB48501660CD38716205EAC1B5403FFFFFFFFFFFC8FFF0001071617A4431D8740B403F3
0D00D323DAF78501BE0CD2F716203BAC1B5303FFFFFFFFFFFC7FFF0001071617A4431D8740B4030B
0D009423DAA585020D0CD294161FDDAC1B5603FFFFFFFFFFFC7FFF0001001617A3431D8740B3F323
0D004C23DA478502610CD23A161F41AC1B5B03FFFFFFFFFFFC8FFF0001041617A3431D8640B3F33B
0D002F23DA208502C00CD20F161EF8AC1B6103FFFFFFFFFFFC7FFF0001051617A3431D8640B3E353
0D001223DA048503260CD1EF161F43AC0B6603FFFFFFFFFFFC7FFF0000FE1617A3431D8640B3E36B
0CFFE423D9CC85038C0CD1D1161F7BAC1B6803FFFFFFFFFFFC8FFF0001001617A3431D8640B3E383
0CFFCC23D9B78503EC0CD1AE161F2FAC1B6803FFFFFFFFFFFC7FFF0001061617A3431D8640B3E39B
0CFFBD23D9A88504490CD198161EA0AC0B6803FFFFFFFFFFFC8FFF0000FF1617A3431D8640B3E3B3
0CFF7E23D9598504A90CD16D161E36AC0B6903FFFFFFFFFFFC8FFF0001011617A3431D8640B3E3CB
0CFF2523D8E28505030CD127161E0DABFB6A03FFFFFFFFFFFC8FFF0000FC1617A3431D8640B3E3E3
0CFEF723D8AA8505560CD0D9161DD2ABFB6B03FFFFFFFFFFFC8FFF0001031617A3431D8640B3E3FB
0CFEC423D8698505A90CD0BB161D7AABFB6803FFFFFFFFFFFC8FFF0001041617A3431D8640B3D313
0CFE9423D82C85060C0CD070161D36ABFB6503FFFFFFFFFFFC9FFF0001041617A3431D8540B3D32B
0CFE8323D82185067D0CD060161D41ABEB6103FFFFFFFFFFFC9FFF0001051617A3431D8540B3D343
0CFE3C23D7C78506EF0CD03D161D99ABEB5B03FFFFFFFFFFFC9FFF0000FF1617A3431D8540B3C35B
0CFE2923D7B585074B0CD014161DB1ABDB5503FFFFFFFFFFFC8FFF0001051617A3431D8540B3C373
0CFE2023D7B08507900CCFFA161D64ABDB5203FFFFFFFFFFFC8FFF0000FD1617A3431D8540B3C38B
0CFE1E23D7B28507DD0CCFF6161CC7ABDB5303FFFFFFFFFFFC8FFF0001031617A3431D8540B3C3A3
0CFE1223D7AD8508400CCFED161CE1ABDB5503FFFFFFFFFFFC8FFF0001031617A3431D8540B3C3BB
0CFDFE23D79A8508A60CCFDF161D06ABDB5703FFFFFFFFFFFC7FFF0001031617A3431D8540B3C3D3
0CFDEB23D78B85090C0CCFC9161CF9ABDB5603FFFFFFFFFFFC7FFF0000FF1617A3431D8540B3B3EB
0CFDDF23D7858509770CCFBA161CD8ABDB5403FFFFFFFFFFFC9FFF0000FC1617A3431D8540B3B303
0CFDD623D7828509DA0CCFB4161D02ABCB5403FFFFFFFFFFFC7FFF0001041617A3431D8540B3A31B
0CFDD223D785850A2A0CCFAC161CEAABCB5603FFFFFFFFFFFC7FFF0001041617A3431D8540B3B333
0CFDD223D78C850A780CCFA9161CA5ABBB5A03FFFFFFFFFFFC8FFF0001031617A3431D8440B3A34B
0CFDC723D78A850AD30CCF9C161C5FABBB5E03FFFFFFFFFFFC8FFF0001031617A3431D8440B3A363
0CFDB423D777850B3B0CCF96161C7CABBB6103FFFFFFFFFFFC8FFF0001031617A3431D8440B3A37B
0CFDA223D768850B9D0CCF8F161CF7ABBB6103FFFFFFFFFFFC9FFF0001031617A3431D8440B3A393
0CFD9523D75F850BF70CCF85161CF6ABCB5F03FFFFFFFFFFFC8FFF0000FD1617A3431D8440B3A3AB
0CFD7D23D747850C5C0CCF62161C9AABBB5D03FFFFFFFFFFFC7FFF0001011617A3431D8440B3A3C3
0CFD7223D743850CC80CCF55161CB8ABAB5D03FFFFFFFFFFFC7FFF0000FF1617A3431D8440B393DB
0CFD6723D740850D250CCF45161C92ABAB5E03FFFFFFFFFFFC7FFF0001001617A3431D8440B393F3
0CFD6723D747850D770CCF3E161C37ABBB6103FFFFFFFFFFFC9FFF0000F91617A3431D8440B3930B
0CFD6323D74A850DC90CCF3E161C08ABBB6403FFFFFFFFFFFC7FFF0001021617A3431D8440B39323
0CFD6023D74E850E180CCF3A161BFDABBB6503FFFFFFFFFFFC8FFF0001021617A3431D8340B3833B
0CFD5B23D751850E7D0CCF36161BECABBB6203FFFFFFFFFFFC8FFF0000F61617A3431D8340B38353
0CFD5823D75A850EF60CCF33161C5EABBB5C03FFFFFFFFFFFC9FFF0000FC1617A3431D8340B3836B
0CFD4D23D755850F5D0CCF35161CA1ABBB5503FFFFFFFFFFFC8FFF0001021617A3431D8340B38383
0CFD3A23D743850FB60CCF1F161C3BABCB5003FFFFFFFFFFFC8FFF0001031617A3431D8340B3839B
0CFD1323D7178510110CCF02161BFFABBB4E03FFFFFFFFFFFC8FFF0000FD1617A3431D8340B383B3
0CFCFB23D7018510670CCEE0161BE3ABAB4E03FFFFFFFFFFFC8FFF0001011617A3431D8340B373CB
0CFCB023D69B8510BB0CCEBB161BD3ABAB4F03FFFFFFFFFFFC7FFF0001021617A3431D8340B373E3
0CFC4F23D61A8511100CCE4E161BBCABAB4F03FFFFFFFFFFFC7FFF0001001617A3431D8340B363FB
0CFC2B23D5F78511720CCE10161BB1ABAB4C03FFFFFFFFFFFC8FFF0000F61617A3431D8340B36313
0CFC3623D60A8511E40CCE0D161BC0ABBB4903FFFFFFFFFFFC8FFF0000FD1617A2431D8340B3632B
0CFC1323D5E685124F0CCE05161BDCABBB4603FFFFFFFFFFFC7FFF0001001617A2431D8340B36343
0CFBDC23D5A28512AA0CCDD8161BCEABBB4503FFFFFFFFFFFC8FFF0001021617A2431D8340B3635B
0CFBBF23D5828513010CCDAB161B75ABAB4503FFFFFFFFFFFC7FFF0000FA1617A2431D8240B36373
0CFBAD23D56F8513590CCD93161B47ABAB4903FFFFFFFFFFFC7FFF0001001617A2431D8240B3638B
0CFB9823D5598513AA0CCD84161B60AB9B4B03FFFFFFFFFFFC8FFF0001001617A2431D8240B353A3
0CFB8423D5478513FF0CCD71161B47AB8B4C03FFFFFFFFFFFC8FFF0001001617A2431D8240B363BB
0CFB7A23D5448514690CCD60161B3EAB8B4B03FFFFFFFFFFFC7FFF0001001617A2431D8240B353D3
0CFB6A23D5398514DE0CCD6B161BC8AB8B4903FFFFFFFFFFFC7FFF0000FA1617A2431D8240B353EB
0CFB5F23D5338515430CCD6A161BF0AB8B4A03FFFFFFFFFFFC7FFF0000F81617A2431D8240B35303
0CFB3D23D50E85159A0CCD3A161BD7AB8B4D03FFFFFFFFFFFC7FFF0000FF1617A2431D8240B3431B
0CFB2C23D4FC8515E80CCD16161B66AB9B5303FFFFFFFFFFFC7FFF0000FE1617A2431D8240B34333
0CFB1523D4E785163B0CCD03161AFEAB9B5A03FFFFFFFFFFFC8FFF0000F71617A2431D8240B3434B
0CFB0C23D4E68516A30CCCF4161AEAAB9B5E03FFFFFFFFFFFC8FFF0000F71617A2431D8240B34363
0CFB0323D4E185170A0CCCEA161B0AAB9B5F03FFFFFFFFFFFC8FFF0000FD1617A2431D8240B3437B
0CFAD723D4AC8517640CCCCB161AD0AB8B5B03FFFFFFFFFFFC7FFF0000FD1617A2431D8140B34393
0CFAC823D4A48517C90CCCAD161AB4AB8B5603FFFFFFFFFFFC7FFF0000FD1617A2431D8140B333AB
0CFAC323D4A38518280CCCA7161AB9AB8B5203FFFFFFFFFFFC8FFF0000FC1617A2431D8140B333C3
0CFAB923D4A18518810CCCA1161AB4AB7B5003FFFFFFFFFFFC8FFF0000EE1617A2431D8140B333DB
0CFAB423D4A48518E40CCC9A161A92AB7B4E03FFFFFFFFFFFC7FFF0000FB1617A2431D8140B323F3
0CFA9D23D48C8519480CCC8C161A87AB8B4C03FFFFFFFFFFFC6FFF0000FA1617A2431D8140B3230B
0CFA7E23D46A85199D0CCC72161A8DAB7B4B03FFFFFFFFFFFC8FFF0000F91617A2431D8140B32323
0CFA7423D4688519E90CCC5D161A77AB8B4A03FFFFFFFFFFFC8FFF0000F81617A2431D8140B3233B
0CFA7123D469851A420CCC53161A53AB7B4903FFFFFFFFFFFC8FFF0000F41617A2431D8140B32353
0CFA6B23D46B851AAE0CCC51161A58AB7B4803FFFFFFFFFFFC8FFF0000F21617A2431D8140B3236B
0CFA5E23D467851B240CCC4C161AB3AB6B4703FFFFFFFFFFFC7FFF0000F21617A2431D8140B32383
0CFA3F23D445851B810CCC3C161AADAB6B4403FFFFFFFFFFFC7FFF0000F51617A2431D8140B3139B
0CFA2323D428851BC80CCC19161A6DAB5B4303FFFFFFFFFFFC8FFF0000F51617A2431D8140B313B3
0CF9FE23D3F9851C150CCBF7161A3CAB5B4303FFFFFFFFFFFC8FFF0000ED1617A2431D8040B313CB
0CF9E623D3E3851C720CCBD7161A3CAB5B4503FFFFFFFFFFFC9FFF0000ED1617A2431D8040B303E3
0CF9DC23D3DC851CD40CCBC8161A39AB5B4703FFFFFFFFFFFC7FFF0000F21617A2431D8040B303FB
0CF9B423D3B0851D3B0CCBAD161A24AB6B4603FFFFFFFFFFFC7FFF0000EB1617A2431D8040B30313
0CF9A023D39F851DA30CCB92161A56AB6B4303FFFFFFFFFFFC8FFF0000EC1617A2431D8040B3032B
0CF99923D39C851DFE0CCB84161A4DAB6B4303FFFFFFFFFFFC9FFF0000F01617A2431D8040B30343
0CF99023D398851E4F0CCB7B161A39AB6B4303FFFFFFFFFFFC8FFF0000F01617A2431D8040B3035B
0CF98C23D39C851EA20CCB73161A17AB5B4503FFFFFFFFFFFC8FFF0000E91617A2431D8040B30373
0CF98223D398851EF80CCB6E1619F8AB5B4803FFFFFFFFFFFC8FFF0000E71617A2431D8040B3038B
0CF96D23D384851F560CCB5D1619E8AB5B4B03FFFFFFFFFFFC9FFF0000EE1617A2431D8040B303A3
0CF95A23D372851FC10CCB4A1619F5AB4B4D03FFFFFFFFFFFC9FFF0000ED1617A2431D8040B2E3BB
0CF94523D3618520280CCB34161A09AB4B4C03FFFFFFFFFFFC8FFF0000ED1617A2431D8040B2E3D3
0CF92623D33F8520830CCB201619F7AB4B4B03FFFFFFFFFFFC8FFF0000E61617A1431D8040B2E3EB
0CF92623D3498520DD0CCB0E1619EAAB4B4A03FFFFFFFFFFFC8FFF0000E61617A1431D7F40B2E303
0CF91B23D3418521370CCB0B1619F1AB4B4A03FFFFFFFFFFFC8FFF0000EA1617A1431D7F40B2E31B
0CF90723D32F8521840CCAF71619CAAB4B4B03FFFFFFFFFFFC7FFF0000EA1617A1431D7F40B2E333
0CF8EF23D3188521DC0CCAE016199BAB5B4E03FFFFFFFFFFFC7FFF0000E91617A1431D7F40B2D34B
0CF8C523D2E28522400CCAC81619A0AB5B4F03FFFFFFFFFFFC8FFF0000E91617A1431D7F40B2D363
0CF89423D2AB8522A40CCA9116199DAB5B4E03FFFFFFFFFFFC8FFF0000E91617A1431D7F40B2D37B
0CF88E23D2AC8523060CCA7916199EAB4B4903FFFFFFFFFFFC8FFF0000E91617A1431D7F40B2D393
0CF88E23D2B38523680CCA771619A0AB4B4503FFFFFFFFFFFC8FFF0000E81617A1431D7F40B2C3AB
0CF88D23D2BF8523CA0CCA7716197EAB3B4303FFFFFFFFFFFC7FFF0000DA1617A1431D7F40B2C3C3
0CF88B23D2C28524180CCA76161966AB2B4303FFFFFFFFFFFC9FFF0000E71617A1431D7F40B2C3DB
0CF88A23D2C98524610CCA7316194FAB3B4303FFFFFFFFFFFC7FFF0000E61617A1431D7F40B2C3F3
0CF88A23D2D78524C00CCA7216194EAB3B4403FFFFFFFFFFFC8FFF0000E61617A1431D7F40B2C30B
0CF88323D2D38525280CCA6F161962AB2B4203FFFFFFFFFFFC8FFF0000E61617A1431D7E40B2B323
0CF87E23D2D885258A0CCA6A16196DAB2B3F03FFFFFFFFFFFC8FFF0000E61617A1431D7E40B2B33B
0CF87923D2DC8525EB0CCA6516195EAB2B3C03FFFFFFFFFFFC8FFF0000E61617A1431D7E40B2B353
0CF87623D2E185264F0CCA63161966AB2B3B03FFFFFFFFFFFC8FFF0000E51617A1431D7E40B2B36B
0CF86D23D2DD8526A80CCA5C161979AB3B3B03FFFFFFFFFFFC8FFF0000E41617A1431D7E40B2A383
0CF85E23D2D08526F30CCA53161976AB4B3E03FFFFFFFFFFFC8FFF0000D71617A1431D7E40B2A39B
0CF84E23D2C28527410CCA3E161956AB4B4103FFFFFFFFFFFC8FFF0000E41617A1431D7E40B2A3B3
0CF84D23D2CC8527A50CCA3716194DAB4B4403FFFFFFFFFFFC8FFF0000E41617A1431D7E40B2A3CB
0CF83923D2BA8528170CCA401619A5AB4B4603FFFFFFFFFFFC8FFF0000E41617A1431D7E40B2A3E3
0CF81C23D29C85287C0CCA2F1619CCAB4B4603FFFFFFFFFFFC9FFF0000DD1617A1431D7E40B2A3FB
0CF81623D29D8528D10CCA081619B0AB4B4403FFFFFFFFFFFC8FFF0000E31617A1431D7E40B2A313
0CF81823D2AB8529270CCA0216198AAB4B4503FFFFFFFFFFFC8FFF0000D51617A1431D7E40B2932B
0CF81C23D2B885297A0CCA05161963AB4B4603FFFFFFFFFFFC7FFF0000E21617A1431D7D40B29343
0CF81B23D2BF8529D50CCA05161941AB4B4803FFFFFFFFFFFC8FFF0000E31617A1431D7D40B2835B
0CF81B23D2CC852A320CCA0416193EAB4B4A03FFFFFFFFFFFC9FFF0000E31617A1431D7D40B28373
0CF81823D2D1852A900CCA04161943AB3B4A03FFFFFFFFFFFC8FFF0000E31617A1431D7D40B2838B
0CF81923D2DE852AF50CCA02161955AB3B4703FFFFFFFFFFFC7FFF0000DC1617A1431D7D40B283A3
0CF81923D2EA852B590CCA0416195BAB2B4403FFFFFFFFFFFC8FFF0000E01617A1431D7D40B283BB
0CF81923D2F5852BBA0CCA0316195EAB2B4303FFFFFFFFFFFC8FFF0000D81617A1431D7D40B283D3
0CF81523D2F6852C0F0CCA01161950AB3B4303FFFFFFFFFFFC8FFF0000E31617A1431D7D40B273EB
0CF81323D2FD852C5B0CCA0016194AAB3B4503FFFFFFFFFFFC8FFF0000DB1617A1431D7D40B27303
0CF80323D2F0852CAD0CC9F2161942AB4B4703FFFFFFFFFFFC8FFF0000E21617A1431D7D40B2731B
0CF80423D2FB852D100CC9ED16193CAB4B4903FFFFFFFFFFFC8FFF0000E21617A1431D7D40B27333
0CF80623D308852D7F0CC9EE16194CAB3B4903FFFFFFFFFFFC8FFF0000DB1617A1431D7D40B2634B
0CF80023D30D852DE80CC9ED161957AB3B4603FFFFFFFFFFFC8FFF0000E21617A1431D7D40B26363
0CF7F523D305852E420CC9E8161952AB3B4103FFFFFFFFFFFC8FFF0000D51617A1431D7C40B2637B
0CF7F223D30A852E920CC9DF161946AB3B3F03FFFFFFFFFFFC8FFF0000E21617A1431D7C40B26393
0CF7C623D2D5852EDF0CC9CE161944AB4B3F03FFFFFFFFFFFC8FFF0000DB1617A1431D7C40B263AB
0CF7B123D2C1852F330CC9A7161937AB4B4003FFFFFFFFFFFC8FFF0000E11617A0431D7C40B263C3
0CF7B423D2CE852F990CC99E161942AB4B3F03FFFFFFFFFFFC8FFF0000E11617A0431D7C40B263DB
0CF7A923D2CD8530080CC99D161960AB4B3D03FFFFFFFFFFFC9FFF0000DB1617A0431D7C40B253F3
0CF78623D2A485306F0CC98F16197DAB3B3903FFFFFFFFFFFC8FFF0000E21617A0431D7C40B2530B
0CF76623D27F8530C20CC96A161969AB3B3703FFFFFFFFFFFC8FFF0000DB1617A0431D7C40B24323
0CF75323D27085310F0CC949161948AB3B3903FFFFFFFFFFFC8FFF0000E11617A0431D7C40B2433B
0CF74123D26085316A0CC937161937AB3B3C03FFFFFFFFFFFC8FFF0000E11617A0431D7C40B24353
0CF72823D2458531C50CC927161930AB3B4003FFFFFFFFFFFC7FFF0000E11617A0431D7C40B2436B
0CF71723D2378532210CC90D161917AB3B4303FFFFFFFFFFFC7FFF0000E11617A0431D7B40B24383
0CF71723D2428532880CC905161916AB3B4303FFFFFFFFFFFC8FFF0000DA1617A0431D7B40B2439B
0CF6FA23D2228532E90CC8FD16191FAB3B4303FFFFFFFFFFFC8FFF0000E11617A0431D7B40B243B3
0CF6E423D20B8533430CC8DD161905AB2B4103FFFFFFFFFFFC7FFF0000DA1617A0431D7B40B233CB
0CF6DD23D20D85339F0CC8CF1618EBAB2B4103FFFFFFFFFFFC7FFF0000DE1617A0431D7B40B233E3
0CF6DB23D2128533F80CC8CC1618DCAB1B4103FFFFFFFFFFFC8FFF0000DF1617A0431D7B40B223FB
0CF6D423D2108534500CC8C51618DFAB1B4003FFFFFFFFFFFC8FFF0000DF1617A0431D7B40B23313
0CF6CC23D2128534AB0CC8C01618DAAB1B3D03FFFFFFFFFFFC7FFF0000DF1617A0431D7B40B2332B
0CF6C123D20A85350B0CC8B81618E1AB1B3903FFFFFFFFFFFC7FFF0000DF1617A0431D7B40B22343
0CF6BB23D20F8535680CC8AC1618D8AB1B3603FFFFFFFFFFFC8FFF0000DF1617A0431D7B40B2235B
0CF6BB23D2168535C50CC8A31618D0AB1B3603FFFFFFFFFFFC8FFF0000DF1617A0431D7B40B22373
0CF6A223D1FD8536230CC89E1618D1AB2B3603FFFFFFFFFFFC7FFF0000D81617A0431D7B40B2138B
0CF67423D1C78536830CC87A1618D2AB3B3603FFFFFFFFFFFC8FFF0000D61617A0431D7B40B223A3
0CF66E23D1CA8536DD0CC8611618CEAB4B3503FFFFFFFFFFFC7FFF0000D91617A0431D7A40B213BB
0CF66E23D1D08537340CC85D1618B9AB4B3403FFFFFFFFFFFC7FFF0000DB1617A0431D7A40B213D3
0CF66B23D1D885378E0CC85D1618B0AB3B3403FFFFFFFFFFFC7FFF0000DD1617A0431D7A40B203EB
0CF66C23D1E38537EC0CC85B1618AAAB3B3503FFFFFFFFFFFC7FFF0000DC1617A0431D7A40B20303
0CF66B23D1EC8538480CC85A1618ABAB3B3403FFFFFFFFFFFC9FFF0000DC1617A0431D7A40B2031B
0CF66D23D1F88538AD0CC85B1618ABAB3B3203FFFFFFFFFFFC8FFF0000D81617A0431D7A40B20333
0CF65E23D1EF8539140CC85A1618ACAB2B3003FFFFFFFFFFFC7FFF0000D91617A0431D7A40B2034B
0CF65B23D1F78539690CC8531618AFAB2B2E03FFFFFFFFFFFC8FFF0000D51617A0431D7A40B20363
0CF66523D20A8539B40CC8511618AEAB2B2D03FFFFFFFFFFFC9FFF0000DB1617A0431D7A40B1F37B
0CF65B23D203853A0F0CC84B1618AEAB3B2B03FFFFFFFFFFFC8FFF0000DB1617A0431D7A40B1F393
0CF64023D1EB853A720CC83F1618B4AB3B2A03FFFFFFFFFFFC8FFF0000DB1617A0431D7940B1F3AB
0CF63023D1E2853AD40CC8211618B2AB3B2A03FFFFFFFFFFFC8FFF0000DB1617A0431D7940B1E3C3
0CF62B23D1E0853B330CC8221618ADAB4B2903FFFFFFFFFFFC8FFF0000D31617A0431D7940B1E3DB
0CF62D23D1EF853B9A0CC8221618B7AB4B2A03FFFFFFFFFFFC7FFF0000D51617A0431D7940B1E3F3
0CF62723D1F2853BFA0CC8201618E0AB4B2A03FFFFFFFFFFFC7FFF0000D71617A0431D7940B1E30B
0CF62023D1F1853C4D0CC81A1618C1AB4B2A03FFFFFFFFFFFC8FFF0000D91617A0431D7940B1E323
0CF61523D1E9853CA00CC80D1618BEAB5B2C03FFFFFFFFFFFC8FFF0000D21617A0431D7940B1E33B
0CF61423D1F4853CF30CC80C1618BEAB5B2F03FFFFFFFFFFFC8FFF0000D81617A0431D7940B1D353
0CF61123D1F6853D4D0CC8031618B2AB5B3303FFFFFFFFFFFC8FFF0000D716179F431D7940B1D36B
0CF60923D1F7853DB80CC7FC1618B5AB5B3603FFFFFFFFFFFC7FFF0000D716179F431D7940B1D383
0CF5E423D1CE853E290CC7ED1618C1AB4B3703FFFFFFFFFFFC7FFF0000D716179F431D7940B1C39B
0CF5D923D1C8853E860CC7D51618CBAB4B3703FFFFFFFFFFFC7FFF0000D716179F431D7940B1C3B3
0CF5C523D1B3853ECF0CC7CB1618D1AB4B3703FFFFFFFFFFFC6FFF0000D116179F431D7840B1C3CB
0CF59023D171853F1D0CC7A71618C3AB4B3803FFFFFFFFFFFC8FFF0000D016179F431D7840B1C3E3
0CF57D23D162853F830CC7801618C4AB4B3B03FFFFFFFFFFFC8FFF0000D716179F431D7840B1C3FB
0CF54E23D127853FEC0CC7671618CDAB3B3F03FFFFFFFFFFFC8FFF0000D716179F431D7840B1C313
0CF53523D1118540450CC7411618CCAB3B4203FFFFFFFFFFFC8FFF0000D616179F431D7840B1C32B
0CF53623D11A8540A10CC72E1618B7AB3B4503FFFFFFFFFFFC8FFF0000CF16179F431D7840B1B343
0CF52223D1088540FF0CC7291618BAAB3B4803FFFFFFFFFFFC8FFF0000D116179F431D7840B1B35B
0CF50623D0E88541560CC70E1618BAAB2B4A03FFFFFFFFFFFC8FFF0000D416179F431D7840B1A373
0CF50223D0EF8541B60CC6FA16189DAB1B4C03FFFFFFFFFFFC7FFF0000CE16179F431D7840B1A38B
0CF50023D0F88542190CC6F7161888AB1B4E03FFFFFFFFFFFC7FFF0000D416179F431D7840B1A3A3
0CF4FD23D0FB8542720CC6F6161883AB1B5003FFFFFFFFFFFC9FFF0000D416179F431D7840B1A3BB
0CF4EA23D0E78542C70CC6F1161867AB1B5103FFFFFFFFFFFC9FFF0000D516179F431D7740B1A3D3
0CF4E423D0EC8543210CC6DC161859AB1B5103FFFFFFFFFFFC9FFF0000D416179F431D7740B1A3EB
0CF4E323D0F28543810CC6D9161857AB1B5003FFFFFFFFFFFC6FFF0000D416179F431D7740B1A303
0CF4CD23D0DD8543E80CC6C8161853AB1B4E03FFFFFFFFFFFC7FFF0000CD16179F431D7740B1931B
0CF4CB23D0E585444A0CC6C116185CAB1B4B03FFFFFFFFFFFC8FFF0000CD16179F431D7740B19333
0CF4CA23D0EB85449D0CC6C216184DAB1B4803FFFFFFFFFFFC9FFF0000D316179F431D7740B1934B
0CF4CA23D0F68544EF0CC6C216183DAB1B4503FFFFFFFFFFFC8FFF0000D316179F431D7740B18363
0CF4C823D0FE85454E0CC6C1161831AB2B4403FFFFFFFFFFFC8FFF0000D316179F431D7740B1837B
0CF4C923D10C8545B30CC6C0161838AB1B4203FFFFFFFFFFFC8FFF0000D316179F431D7740B18393
0CF4CA23D1178546130CC6C016183BAB1B4003FFFFFFFFFFFC7FFF0000CC16179F431D7740B183AB
0CF4CD23D12585466F0CC6C216183CAB1B3C03FFFFFFFFFFFC7FFF0000D316179F431D7740B183C3
0CF4CF23D1328546CA0CC6C5161833AB1B3903FFFFFFFFFFFC7FFF0000CB16179F431D7740B173DB
0CF4CE23D1378547260CC6C616183AAB1B3603FFFFFFFFFFFC9FFF0000D216179F431D7640B183F3
0CF4BA23D12585477A0CC6C016183BAB1B3403FFFFFFFFFFFC8FFF0000CB16179F431D7640B1730B
0CF4B223D1268547D10CC6AC161839AB1B3203FFFFFFFFFFFC8FFF0000D116179F431D7640B17323
0CF4B823D13885483D0CC6AC161845AB1B2F03FFFFFFFFFFFC7FFF0000CC16179F431D7640B1733B
0CF4BF23D14F8548A30CC6B216184FAB1B2C03FFFFFFFFFFFC7FFF0000D016179F431D7640B16353
0CF4C123D1578548F60CC6B6161851AB1B2A03FFFFFFFFFFFC8FFF0000D116179F431D7640B1636B
0CF4A823D14085494C0CC6A3161849AB1B2A03FFFFFFFFFFFC8FFF0000CA16179F431D7640B16383
0CF49323D12A8549AB0CC68E161853AB1B2B03FFFFFFFFFFFC9FFF0000D016179F431D7640B1639B
0CF49023D135854A130CC68A161862AB2B2E03FFFFFFFFFFFC9FFF0000D016179F431D7640B163B3
0CF49523D143854A6E0CC687161874AB1B3103FFFFFFFFFFFC8FFF0000D016179F431D7640B153CB
0CF49223D146854AB80CC68B161871AB1B3303FFFFFFFFFFFC8FFF0000D016179E431D7640B153E3
0CF49723D157854B100CC68D16185AAB1B3703FFFFFFFFFFFC8FFF0000CF16179E431D7640B153FB
0CF49723D164854B7A0CC68D161855AB1B3B03FFFFFFFFFFFC8FFF0000CF16179E431D7540B14313
0CF49923D172854BEA0CC68E16185FAB1B3F03FFFFFFFFFFFC8FFF0000CA16179E431D7540B1432B
0CF4A123D188854C490CC697161866AB1B4003FFFFFFFFFFFC8FFF0000C616179E431D7540B14343
0CF4A423D192854C8A0CC699161861AB2B3F03FFFFFFFFFFFC9FFF0000CE16179E431D7540B1435B
0CF4A923D1A2854CDD0CC69D16185DAB2B3F03FFFFFFFFFFFC8FFF0000C716179E431D7540B14373
0CF4AA23D1B0854D4D0CC6A0161882AB2B3E03FFFFFFFFFFFC8FFF0000CE16179E431D7540B1338B
0CF4A923D1BB854DB50CC69E16189DAB3B3E03FFFFFFFFFFFC8FFF0000C416179E431D7540B143A3
0CF4A723D1C6854E080CC69D161888AB3B3D03FFFFFFFFFFFC8FFF0000CB16179E431D7540B133BB
0CF4A923D1CE854E570CC6A1161880AB3B3D03FFFFFFFFFFFC7FFF0000CD16179E431D7540B123D3
0CF4AA23D1D9854EB30CC6A0161877AB3B3E03FFFFFFFFFFFC7FFF0000CC16179E431D7540B123EB
0CF4AC23D1E5854F1C0CC6A116187EAB2B3F03FFFFFFFFFFFC8FFF0000CD16179E431D7540B12303
0CF4AB23D1F2854F870CC6A2161890AB2B4003FFFFFFFFFFFC8FFF0000C716179E431D7540B1231B
0CF4AA23D1F9854FD60CC69F161894AB3B3D03FFFFFFFFFFFC8FFF0000C816179E431D7540B12333
0CF48D23D1D98550200CC67C16188AAB3B3A03FFFFFFFFFFFC7FFF0000CB16179E431D7440B1234B
0CF47E23D1CD8550970CC670161892AB3B3903FFFFFFFFFFFC6FFF0000CC16179E431D7440B12363
0CF46223D1BA8551290CC67B1618C2AB3B3903FFFFFFFFFFFC7FFF0000CC16179E431D7440B1037B
0CF46123D1C58551AC0CC68B1618D1AB3B3803FFFFFFFFFFFC6FFF0000CC16179E431D7440B11393
0CF45B23D1C785521F0CC6771618DAAB3B3603FFFFFFFFFFFC7FFF0000C516179E431D7440B113AB
0CF45623D1CE85528F0CC6521618CFAB3B3603FFFFFFFFFFFC8FFF0000CB16179E431D7440B103C3
0CF46023D1EA8553120CC6541618CBAB2B3903FFFFFFFFFFFC8FFF0000C516179E431D7440B113DB
0CF46323D1FE8553AC0CC6601618EFAB2B3D03FFFFFFFFFFFC8FFF0000C416179E431D7440B103F3
0CF45B23D2048554410CC68B16190EAB3B3F03FFFFFFFFFFFC8FFF0000CB16179E431D7440B1030B
0CF45C23D20B8554810CC69416190FAB3B4303FFFFFFFFFFFC8FFF0000CA16179E431D7440B10323
0CF46423D2248554F80CC65A1618F3AB4B4703FFFFFFFFFFFC8FFF0000C516179E431D7440B1033B
0CF46723D23A85558F0CC66F161927AB4B4B03FFFFFFFFFFFC9FFF0000C416179E431D7340B0F353
0CF45C23D2398556140CC666161930AB4B4B03FFFFFFFFFFFC8FFF0000CA16179E431D7340B1036B
0CF44723D2298556960CC68A161943AB4B4A03FFFFFFFFFFFC8FFF0000CA16179E431D7340B10383
0CF44723D2348557010CC67C161942AB4B4703FFFFFFFFFFFC9FFF0000C616179E431D7340B0E39B
0CF43F23D23485576F0CC63E161945AB5B4603FFFFFFFFFFFC8FFF0000C816179E431D7340B0E3B3
0CF43823D2368557BD0CC635161945AB4B4703FFFFFFFFFFFC7FFF0000CA16179E431D7340B0E3CB
0CF43D23D2468558120CC633161924AB4B4903FFFFFFFFFFFC7FFF0000C316179E431D7340B0E3E3
0CF43323D23E8558640CC63016190FAB4B4D03FFFFFFFFFFFC7FFF0000C216179E431D7340B0E3FB
0CF43223D24A8558B40CC62C1618E3AB4B5003FFFFFFFFFFFC7FFF0000C916179E431D7340B0E313
0CF43223D24E85590D0CC62B1618E1AB4B5303FFFFFFFFFFFC8FFF0000CA16179E431D7340B0D32B
0CF43223D25985595E0CC62E1618E9AB4B5403FFFFFFFFFFFC8FFF0000C316179E431D7340B0D343
0CF42A23D2568559B10CC6271618E2AB4B5103FFFFFFFFFFFC8FFF0000C216179E431D7340B0D35B
0CF42923D25B855A0C0CC6231618E7AB3B4C03FFFFFFFFFFFC8FFF0000C816179D431D7240B0D373
0CF42A23D26B855A650CC6221618DDAB4B4903FFFFFFFFFFFC8FFF0000C316179D431D7240B0C38B
0CF42B23D274855AAE0CC6231618DEAB4B4803FFFFFFFFFFFC8FFF0000C816179D431D7240B0C3A3
0CF42B23D278855AED0CC6261618DDAB5B4703FFFFFFFFFFFC8FFF0000C316179D431D7240B0C3BB
0CF42E23D284855B2D0CC6251618DAAB6B4603FFFFFFFFFFFC8FFF0000C116179D431D7240B0C3D3
0CF42F23D28F855B800CC6261618DFAB6B4403FFFFFFFFFFFC8FFF0000C816179D431D7240B0B3EB
0CF42F23D29A855BDA0CC6281618E3AB6B42466FFFFFFFFFFC7FFF0000C816179D431D7240B0C303
0CF42D23D29F855C2B0CC6281618E9AB6B40490FFFFFFFFFFC7FFF0000C816179D431D7240B0B31B
0CF42E23D2AA855C720CC6271618E7AB6B3E03FFFFFFFFFFFC8FFF0000BB16179D431D7240B0A333
0CF42F23D2B2855CBB0CC6281618E7AB6B3D03FFFFFFFFFFFC7FFF0000C716179D431D7240B0A34B
0CF43123D2C0855D050CC62A1618EAAB6B3C03FFFFFFFFFFFC8FFF0000C716179D431D7240B0A363
0CF43223D2C7855D4D0CC62C1618EDAB6B3A03FFFFFFFFFFFC9FFF0000C716179D431D7240B0B37B
0CF43123D2D0855DA30CC62C1618F2AB7B3803FFFFFFFFFFFC8FFF0000C116179D431D7140B0A393
0CF43423D2DC855DF80CC62D1618FFAB7B3403FFFFFFFFFFFC9FFF0000C116179D431D7140B093AB
0CF43523D2E6855E400CC6301618FFAB7B3231EFFFFFFFFFFC8FFF0000C716179D431D7140B0A3C3
0CF43723D2F2855E880CC6301618FFAB7B30903FFFFFFFFFFC8FFF0000C616179D431D7140B093DB
0CF43823D2FF855EE60CC633161905AB6B30897FFFFFFFFFFC8FFF0000C716179D431D7140B093F3
0CF43823D306855F490CC63316191AAB6B3103BFFFFFFFFFFC8FFF0000C016179D431D7140B0930B
0CF43623D30D855F960CC633161925AB5B3034CFFFFFFFFFFC8FFF0000C716179D431D7140B08323
0CF43523D310855FC10CC62F16191BAB6B2F4A8FFFFFFFFFFC9FFF0000C616179D431D7140B0833B
0CF43723D31A855FFF0CC631161912AB6B31983FFFFFFFFFFC8FFF0000C616179D431D7140B08353
0CF43A23D32A8560660CC63416191BAB6B34552FFFFFFFFFFC8FFF0000C616179D431D7140B0836B
0CF43823D3358560C80CC634161924AB6B3592EFFFFFFFFFFC8FFF0000BF16179D431D7140B08383
0CF43423D3368561140CC630161927AB7B329DEFFFFFFFFFFC8FFF0000C616179D431D7140B0839B
0CF43623D33E85615C0CC631161929AB7B2F9EFFFFFFFFFFFC7FFF0000BF16179D431D7040B073B3
0CF42B23D3378561A20CC63016192CAB7B2F9FEFFFFFFFFFFC9FFF0000C616179D431D7040B073CB
0CF42023D3328561F50CC621161930AB6B30A21FFFFFFFFFFC6FFF0000C616179D431D7040B073E3
0CF41B23D33285624F0CC619161934AB6B30A3DFFFFFFFFFFC7FFF0000C616179D431D7040B063FB
0CF41523D33285629F0CC615161930AB6B30A5AFFFFFFFFFFC8FFF0000C316179D431D7040B06313
0CF40D23D3318562E80CC611161930AB6B2FA76FFFFFFFFFFC8FFF0000C116179D431D7040B0632B
0CF41623D34485632D0CC60B161932AB6B2EA8BFFFFFFFFFFC8FFF0000C516179D431D7040B06343
0CF41223D34785637C0CC614161932AB6B2D55EFFFFFFFFFFC8FFF0000BE16179D431D7040B0635B
0CF41623D35A8563D40CC617161938AB6B2CACEFFFFFFFFFFC8FFF0000C516179D431D7040B05373
0CF41E23D36A8564280CC618161940AB6B2BADEFFFFFFFFFFC8FFF0000C116179D431D7040B0538B
0CF41D23D3748564710CC619161944AB6B2BAF5FFFFFFFFFFC8FFF0000C316179D431D7040B053A3
0CF41F23D37D8564B80CC61A161945AB7B2BB13FFFFFFFFFFC8FFF0000C516179D431D6F40B053BB
0CF41A23D37E85650B0CC61B16194BAB6B2EB32FFFFFFFFFFC8FFF0000C016179D431D6F40B043D3
0CF41423D37F8565630CC615161953AB7B30B4FFFFFFFFFFFC7FFF0000C216179D431D6F40B043EB
0CF41823D3908565B80CC616161958AB7B31B6DFFFFFFFFFFC8FFF0000B716179D431D6F40B04303
0CF41A23D39C8566020CC619161958AB7B30B88FFFFFFFFFFC9FFF0000C516179D431D6F40B0431B
0CF41B23D3A38566440CC61816195AAB7B31BA1FFFFFFFFFFC8FFF0000C416179C431D6F40B04333
0CF41E23D3AE8566900CC61A16195CAB8B32BB9FFFFFFFFFFC8FFF0000C416179C431D6F40B0434B
0CF41F23D3BC8566E80CC61D161965AB7B33BD6FFFFFFFFFFC8FFF0000BD16179C431D6F40B03363
0CF41923D3BB85673E0CC61916196BAB7B31BF2FFFFFFFFFFC8FFF0000C516179C431D6F40B0337B
0CF41B23D3C585678E0CC61716196FAB7B2EC0EFFFFFFFFFFC8FFF0000BE16179C431D6F40B02393
0CF41A23D3CE8567D40CC616161971AB7B2DC28FFFFFFFFFFC8FFF0000C316179C431D6F40B033AB
0CF41423D3CC8568240CC613161973AB7B2EC42FFFFFFFFFFC7FFF0000C416179C431D6E40B023C3
0CF41323D3D78568810CC610161979AB8B2FC5EFFFFFFFFFFC7FFF0000BD16179C431D6E40B023DB
0CF41223D3DD8568D60CC611161982AB8B2EC7AFFFFFFFFFFC8FFF0000C416179C431D6E40B023F3
0CF41323D3E88569210CC610161983AB8B2CC98FFFFFFFFFFC6FFF0000C416179C431D6E40B0230B
0CF40E23D3E98569650CC60E161983AB7B2ACB1FFFFFFFFFFC8FFF0000C416179C431D6E40B01323
0CF41123D3F58569B40CC612161984AB6B2CCCAFFFFFFFFFFC9FFF0000C316179C431D6E40B0233B
0CF40C23D3F5856A090CC60F16198BAB7B2DCE6FFFFFFFFFFC9FFF0000BC16179C431D6E40B01353
0CF3F923D3E7856A680CC601161991AB8B2DD04FFFFFFFFFFC9FFF0000C316179C431D6E40B0136B
0CF3F323D3E8856ABA0CC5F2161997AB9B2BD22FFFFFFFFFFC8FFF0000C316179C431D6E40B00383
0CF3EB23D3E0856AF50CC5EA161998AB9B2BD3AFFFFFFFFFFC7FFF0000BB16179C431D6E40B0039B
0CF3EA23D3E8856B360CC5E816198CAB9B2BD50FFFFFFFFFFC7FFF0000C216179C431D6E40B003B3
0CF3E023D3E4856B950CC5E2161990AB8B2DD6AFFFFFFFFFFC7FFF0000BB16179C431D6E40B003CB
0CF3DB23D3E7856BF90CC5E01619A6AB8B2ED8AFFFFFFFFFFC7FFF0000C216179C431D6E40B003E3
0CF3CA23D3D8856C430CC5DB1619B1AB8B2DDA8FFFFFFFFFFC6FFF0000C216179C431D6E40B003FB
0CF3C823D3DB856C7B0CC5C91619A2AB7B2CDBEFFFFFFFFFFC7FFF0000C216179C431D6D40AFF313
0CF3C723D3DE856CC20CC5CC161994AB7B2EDD5FFFFFFFFFFCAFFF0000C116179C431D6D40AFF32B
0CF38923D393856D1C0CC595161995AB7B32DF0FFFFFFFFFFC6FFF0000BF16179C431D6D40AFF343
0CF38F23D3A7856D810CC5871619A1AB7B34E0FFFFFFFFFFFC8FFF0000B816179C431D6D40AFF35B
0CF38223D39D856DD00CC5861619A8AB8B33E2EFFFFFFFFFFC7FFF0000B716179C431D6D40AFE373
0CF38123D39F856E030CC5751619A5AB8B32E45FFFFFFFFFFC8FFF0000C016179C431D6D40AFE38B
0CF37723D398856E420CC569161989AB8B33E59FFFFFFFFFFC9FFF0000C016179C431D6D40AFE3A3
0CF36323D385856E960CC57216197EAB8B36E72FFFFFFFFFFC8FFF0000B916179C431D6D40AFE3BB
0CF33F23D35D856EF20CC55616197FAB8B39E8FFFFFFFFFFFC8FFF0000BF16179C431D6D40AFE3D3
0CF33A23D35E856F3D0CC53816197DAB9B3AEABFFFFFFFFFFC8FFF0000C016179C431D6D40AFC3EB
0CF34B23D372856F580CC540161982AB9B39EBFFFFFFFFFFFC9FFF0000B916179C431D6D40AFD303
0CF34723D369856F2A0CC53E16195BAB8B37EBFFFFFFFFFFFC7FFF0000BD16179C431D6C40AFC31B
0CF34A23D374856F2B0CC542161947AB8B38EB9FFFFFFFFFFC7FFF0000BE16179C431D6C40AFD333
0CF35523D37B856F450CC54B161946AB8B38EBCFFFFFFFFFFC8FFF0000B716179C431D6C40AFC34B
0CF34C23D372856F4C0CC55016194AAB8B35EC1FFFFFFFFFFC8FFF0000BE16179C431D6C40AFC363
0CF35123D37A856F440CC54C16194AAB7B2EEC1FFFFFFFFFFC8FFF0000B716179C431D6C40AFC37B
0CF35323D379856F2D0CC54B161943AB7B27EBCFFFFFFFFFFC8FFF0000BD16179C431D6C40AFC393
0CF35423D37E856F390CC54F161940AB7B23EBAFFFFFFFFFFC7FFF0000B616179C431D6C40AFB3AB
0CF35323D37E856F4F0CC550161944AB7B20EBEFFFFFFFFFFC7FFF0000BD16179C431D6C40AFB3C3
0CF35123D377856F3F0CC550161940AB7B1DEC0FFFFFFFFFFC8FFF0000BB16179B431D6C40AFB3DB
0CF34C23D370856F2F0CC54E16193EAB7B19EBBFFFFFFFFFFC8FFF0000BC16179B431D6C40AFB3F3
0CF34C23D36F856F360CC54C16193AAB7B16EB9FFFFFFFFFFC8FFF0000BC16179B431D6C40AFB30B
0CF34B23D370856F3C0CC548161939AB8B14EBAFFFFFFFFFFC8FFF0000B716179B431D6C40AFA323
0CF34F23D375856F480CC54A161937AB8B13EBDFFFFFFFFFFC8FFF0000B216179B431D6C40AFA33B
0CF34823D36D856F450CC54B161939AB8B12EBFFFFFFFFFFFC9FFF0000B616179B431D6C40AFA353
0CF34723D36A856F370CC547161937AB8B11EBCFFFFFFFFFFC8FFF0000BA16179B431D6B40AF936B
0CF35023D373856F310CC544161931AB8B11EB8FFFFFFFFFFC8FFF0000BB16179B431D6B40AFA383
0CF33523D353856F410CC546161933AB9B12EBAFFFFFFFFFFC8FFF0000B316179B431D6B40AF939B
0CF33D23D35C856F4C0CC539161931AB9B12EBEFFFFFFFFFFC8FFF0000BA16179B431D6B40AF93B3
0CF33B23D359856F420CC532161929AB9B12EBEFFFFFFFFFFC9FFF0000BA16179B431D6B40AF83CB
0CF33D23D35E856F3A0CC538161925AB9B11EBBFFFFFFFFFFC9FFF0000BA16179B431D6B40AF83E3
0CF33023D346856F390CC53A161929AB8B11EB9FFFFFFFFFFC9FFF0000BA16179B431D6B40AF83FB
0CF33423D351856F3C0CC531161926AB7B12EB9FFFFFFFFFFC8FFF0000B916179B431D6B40AF8313
0CF33A23D35B856F410CC530161920AB7B12EBBFFFFFFFFFFC7FFF0000B916179B431D6B40AF832B
0CF32C23D346856F390CC52C16191EAB6B11EBBFFFFFFFFFFC7FFF0000B916179B431D6B40AF8343
0CF33023D34D856F3D0CC52916191BAB7B11EBAFFFFFFFFFFC6FFF0000B816179B431D6B40AF735B
0CF36323D396856F4F0CC53316191AAB8B10EBDFFFFFFFFFFC6FFF0000B816179B431D6B40AF7373
0CF37723D3AC856F4A0CC54F16191FAB8B0EEBFFFFFFFFFFFC8FFF0000B816179B431D6B40AF738B
0CF36C23D39E856F390CC544161926AB8B0EEBCFFFFFFFFFFC9FFF0000B816179B431D6A40AF73A3
0CF37B23D3B2856F370CC54D161929AB8B0EEB9FFFFFFFFFFC8FFF0000B116179B431D6A40AF63BB
0CF38923D3CF856F440CC58716192FAB9B0FEB9FFFFFFFFFFC8FFF0000B116179B431D6A40AF63D3
0CF38323D3C3856F490CC583161943AB9B0FEBCFFFFFFFFFFC8FFF0000B616179B431D6A40AF63EB
0CF38323D3C4856F3F0CC58216194AAB9B0EEBBFFFFFFFFFFC8FFF0000B716179B431D6A40AF6303
0CF37723D3B0856F3C0CC58316194EAB8B0FEB9FFFFFFFFFFC8FFF0000B116179B431D6A40AF631B
0CF37723D3B2856F3F0CC57416194DAB8B0FEB8FFFFFFFFFFC8FFF0000B616179B431D6A40AF5333
0CF36923D39F856F410CC57316194BAB8B10EB9FFFFFFFFFFC8FFF0000B616179B431D6A40AF534B
0CF36F23D3A6856F480CC570161949AB8B0FEBAFFFFFFFFFFC8FFF0000AF16179B431D6A40AF4363
0CF37123D3A9856F460CC56E161946AB8B0FEBBFFFFFFFFFFC8FFF0000B516179B431D6A40AF537B
0CF37323D3AF856F4B0CC56D161945AB8B10EBBFFFFFFFFFFC7FFF0000B016179B431D6A40AF4393
0CF37723D3AF856F400CC56A161945AB8B11EBBFFFFFFFFFFC8FFF0000B516179B431D6A40AF43AB
0CF37723D3AC856F2E0CC575161944AB8B11EB7FFFFFFFFFFC9FFF0000B516179B431D6A40AF43C3
0CF36E23D3A7856F3E0CC57516194AAB8B10EB5FFFFFFFFFFC8FFF0000B516179A431D6940AF43DB
0CF36F23D3AA856F5A0CC56F161949AB8B0FEBBFFFFFFFFFFC8FFF0000B516179A431D6940AF33F3
0CF37223D3AB856F580CC569161948AB9B0EEBFFFFFFFFFFFC8FFF0000AF16179B431D6940AF330B
0CF37823D3B3856F400CC56F161943AB9B0DEBCFFFFFFFFFFC8FFF0000AD16179A431D6940AF3323
0CF37C23D3B5856F2B0CC574161946AB9B0CEB4FFFFFFFFFFC8FFF0000B416179A431D6940AF333B
0CF37623D3AE856F340CC574161947AB9B0DEB2FFFFFFFFFFC9FFF0000B316179A431D6940AF2353
0CF36E23D3A1856F540CC57416194AAB8B0DEB8FFFFFFFFFFC8FFF0000AE16179A431D6940AF336B
0CF36923D3A1856F540CC57316194AAB9B0DEBEFFFFFFFFFFC7FFF0000B216179A431D6940AF2383
0CF37523D3AC856F450CC571161948AB9B0DEBDFFFFFFFFFFC7FFF0000B316179A431D6940AF239B
0CF36B23D39D856F420CC55A161943AB8B0DEBAFFFFFFFFFFC7FFF0000B316179A431D6940AF23B3
0CF34F23D378856F420CC55716193DAB8B0DEB9FFFFFFFFFFC9FFF0000AC16179A431D6940AF13CB
0CF34C23D376856F480CC560161939AB8B0EEB9FFFFFFFFFFC7FFF0000B316179A431D6940AF13E3
0CF34E23D375856F4D0CC553161937AB8B0EEBAFFFFFFFFFFC7FFF0000AC16179A431D6940AF13FB
0CF34223D364856F3D0CC547161934AB8B0FEB8FFFFFFFFFFC7FFF0000AB16179A431D6940AF1313
0CF33A23D357856F3D0CC56416192FAB8B10EB5FFFFFFFFFFC7FFF0000B216179A431D6840AF032B
0CF32623D33F856F4F0CC551161939AB9B11EB7FFFFFFFFFFC8FFF0000AC16179A431D6840AF0343
0CF33823D35E856F530CC546161937AB8B12EBBFFFFFFFFFFC8FFF0000B016179A431D6840AF035B
0CF36F23D3A2856F460CC55416192DAB8B11EBBFFFFFFFFFFC8FFF0000B116179A431D6840AF0373
0CF36623D399856F380CC55A161934AB8B10EB6FFFFFFFFFFC8FFF0000B116179A431D6840AF038B
0CF36223D391856F430CC550161938AB8B10EB5FFFFFFFFFFC8FFF0000B116179A431D6840AF03A3
0CF35223D37F856F570CC542161932AB8B11EB9FFFFFFFFFFC8FFF0000B116179A431D6840AEF3BB
0CF32823D340856F4E0CC52816192CAB7B11EBBFFFFFFFFFFC8FFF0000B116179A431D6840AEF3D3
0CF32123D337856F3D0CC53216191DAB7B10EB8FFFFFFFFFFC9FFF0000AF16179A431D6840AEE3EB
0CF32B23D346856F3A0CC547161921AB7B10EB4FFFFFFFFFFC8FFF0000A316179A431D6840AEE303
0CF33023D34B856F450CC54B16192BAB8B10EB4FFFFFFFFFFC8FFF0000B016179A431D6840AEE31B
0CF32A23D347856F550CC542161926AB8B0FEB8FFFFFFFFFFC8FFF0000A916179A431D6840AEE333
0CF33423D355856F570CC538161926AB8B10EBBFFFFFFFFFFC8FFF0000A916179A431D6840AEE34B
0CF35523D37C856F480CC53E161924AB9B0FEB9FFFFFFFFFFC8FFF0000AF16179A431D6840AED363
0CF32423D33B856F3F0CC53B161922AB9B0EEB6FFFFFFFFFFC7FFF0000AF16179A431D6740AED37B
0CF32123D332856F390CC52B16191AAB9B0FEB3FFFFFFFFFFC7FFF0000AF16179A431D6740AED393
0CF32223D335856F460CC522161915AB9B11EB3FFFFFFFFFFC8FFF0000AF16179A431D6740AEC3AB
0CF32123D336856F530CC51E161913AB9B12EB7FFFFFFFFFFC8FFF0000AF16179A431D6740AEC3C3
0CF31E23D332856F4E0CC536161911AB9B12EB9FFFFFFFFFFC7FFF0000AD16179A431D6740AEC3DB
0CF31623D32A856F580CC532161927AB9B11EB9FFFFFFFFFFC8FFF0000A316179A431D6740AEC3F3
0CF31A23D32D856F4E0CC51E161918AB9B11EBAFFFFFFFFFFC9FFF0000AE16179A431D6740AEC30B
0CF33423D350856F3D0CC52E16190EAB9B11EB6FFFFFFFFFFC7FFF0000AE16179A431D6740AEC323
0CF32D23D341856F3D0CC54F161921AB9B11EB3FFFFFFFFFFC8FFF0000AE16179A431D6740AEC33B
0CF33723D353856F440CC52F161920AB9B11EB3FFFFFFFFFFC7FFF0000AE16179A431D6740AEB353
0CF32923D342856F530CC53116191BAB9B10EB6FFFFFFFFFFC7FFF0000AE161799431D6740AEA36B
0CF31D23D332856F5C0CC526161918AB9B11EBAFFFFFFFFFFC6FFF0000AB161799431D6740AEB383
0CF32A23D33E856F500CC520161910AB9B12EB9FFFFFFFFFFC7FFF0000A7161799431D6740AEA39B
0CF34323D365856F430CC544161913AB9B12EB6FFFFFFFFFFC7FFF0000A8161799431D6740AEA3B3
0CF33D23D357856F400CC53F16191EAB8B11EB3FFFFFFFFFFC6FFF0000AB161799431D6740AEA3CB
0CF34A23D36D856F4C0CC553161924AB7B11EB4FFFFFFFFFFC8FFF0000A8161799431D6740AEA3E3
0CF35323D37B856F590CC55916192BAB7B11EB7FFFFFFFFFFC8FFF0000AC161799431D6640AE93FB
0CF36023D38E856F4D0CC55A16192BAB7B11EB8FFFFFFFFFFC8FFF0000AC161799431D6640AE9313
0CF36023D38E856F3C0CC55A16192DAB7B11EB3FFFFFFFFFFC8FFF0000A5161799431D6640AE932B
0CF35D23D387856F400CC55816192FAB8B12EB1FFFFFFFFFFC9FFF0000AC161799431D6640AE9343
0CF36123D391856F560CC560161930AB8B14EB4FFFFFFFFFFC7FFF0000AC161799431D6640AE835B
0CF36523D399856F640CC561161933AB7B17EBBFFFFFFFFFFC8FFF0000AC161799431D6640AE8373
0CF36523D397856F560CC562161933AB7B16EBBFFFFFFFFFFC8FFF0000A6161799431D6640AE838B
0CF37123D3A5856F3D0CC56D161934AB7B16EB5FFFFFFFFFFC7FFF0000AA161799431D6640AE83A3
0CF37223D3A7856F3B0CC575161939AB7B17EB0FFFFFFFFFFC8FFF0000A5161799431D6640AE83BB
0CF37323D3AC856F4B0CC56E16193FAB7B19EB2FFFFFFFFFFC8FFF0000AB161799431D6640AE73D3
0CF37123D3A8856F570CC56C161940AB7B1AEB6FFFFFFFFFFC8FFF0000AC161799431D6640AE73EB
0CF36E23D3A3856F570CC56C16193EAB7B1BEB7FFFFFFFFFFC8FFF0000AC161799431D6640AE7303
0CF37323D3AB856F4B0CC56E16193DAB7B1BEB7FFFFFFFFFFC8FFF0000AB161799431D6640AE731B
0CF37323D3A8856F410CC56F16193DAB8B1AEB4FFFFFFFFFFC8FFF0000A5161799431D6540AE6333
0CF37423D3AB856F500CC574161940AB8B1AEB4FFFFFFFFFFC8FFF0000A9161799431D6540AE634B
0CF37623D3B0856F5A0CC57C161942AB8B1AEB7FFFFFFFFFFC9FFF0000AB161799431D6540AE6363
0CF37823D3B2856F4D0CC57D161944AB8B1AEB8FFFFFFFFFFC7FFF0000A4161799431D6540AE637B
0CF38223D3C1856F400CC586161948AB9B1AEB3FFFFFFFFFFC7FFF0000AB161799431D6540AE6393
0CF38823D3C8856F490CC58716194DABAB1AEB2FFFFFFFFFFC8FFF0000AB161799431D6540AE53AB
0CF38C23D3D2856F570CC57616194FAB9B1AEB5FFFFFFFFFFC8FFF0000AB161799431D6540AE53C3
0CF38F23D3D4856F580CC57B16194BAB9B1AEB7FFFFFFFFFFC6FFF0000AB161799431D6540AE53DB
0CF39223D3D8856F480CC58416194AAB9B19EB6FFFFFFFFFFC7FFF0000A3161799431D6540AE53F3
0CF39123D3D6856F3E0CC57616194DAB9B18EB1FFFFFFFFFFC8FFF0000A3161799431D6540AE430B
0CF38423D3C4856F4B0CC57416194AAB8B17EB1FFFFFFFFFFC8FFF0000A9161799431D6540AE4323
0CF36023D397856F610CC56616194AAB8B16EB7FFFFFFFFFFC8FFF0000AA161799431D6540AE433B
0CF37823D3B2856F5A0CC56C161945AB9B15EB9FFFFFFFFFFC8FFF0000AA161799431D6540AE4353
0CF37D23D3B8856F3F0CC567161941AB9B15EB3FFFFFFFFFFC8FFF0000A4161799431D6440AE336B
0CF37F23D3B9856F2E0CC56316193FAB9B15EACFFFFFFFFFFC8FFF0000A8161799431D6440AE3383
0CF37123D3A1856F2A0CC56416193DAB9B16EA7FFFFFFFFFFC8FFF0000AA161799431D6440AE339B
0CF34123D369856F3E0CC55416193EABAB16EA9FFFFFFFFFFC9FFF0000A4161799431D6440AE33B3
0CF34B23D371856F2B0CC54B16193AABAB15EAAFFFFFFFFFFC8FFF0000A9161799431D6440AE23CB
0CF36C23D398856EF70CC55E161930ABAB14E9FFFFFFFFFFFC8FFF0000A3161799431D6440AE23E3
0CF37523D3A0856ED00CC56B161934ABAB14E90FFFFFFFFFFC8FFF0000A2161799431D6440AE23FB
0CF37123D399856ECD0CC56C161939ABAB16E87FFFFFFFFFFC8FFF0000A9161798431D6440AE2313
0CF36323D38A856ED80CC56A16193AABAB18E87FFFFFFFFFFC8FFF0000A9161799431D6440AE132B
0CF36123D386856ECC0CC56C161938ABAB17E87FFFFFFFFFFC8FFF0000A8161799431D6440AE2343
0CF36723D386856EA30CC569161935ABAB15E80FFFFFFFFFFC9FFF00009B161798431D6440AE135B
0CF37223D397856E810CC56B161933ABAB14E73FFFFFFFFFFC8FFF0000A7161798431D6440AE0373
0CF36723D381856E690CC56A161933ABAB15E69FFFFFFFFFFC7FFF0000A4161798431D6340AE138B
0CF36223D377856E4F0CC56D161932ABAB16E60FFFFFFFFFFC6FFF0000A6161798431D6340AE13A3
0CF36523D376856E380CC569161932AB9B16E58FFFFFFFFFFC8FFF0000A9161798431D6340AE03BB
0CF36423D375856E100CC56616192CAB9B13E4DFFFFFFFFFFC8FFF0000A8161798431D6340AE03D3
0CF37923D392856DF30CC565161929AB9B12E41FFFFFFFFFFC8FFF0000A1161798431D6340AE03EB
0CF37F23D393856DDE0CC567161928AB9B12E39FFFFFFFFFFC7FFF0000A1161798431D6340AE0303
0CF37F23D391856DC00CC568161926AB9B11E30FFFFFFFFFFC7FFF0000A8161798431D6340AE031B
0CF38B23D39C856D990CC571161924AB9B11E25FFFFFFFFFFC8FFF0000A8161798431D6340ADE333
0CF38B23D396856D680CC577161926AB8B11E16FFFFFFFFFFC8FFF0000A1161798431D6340ADF34B
0CF38623D390856D3A0CC583161927AB8B10E06FFFFFFFFFFC7FFF0000A7161798431D6340ADE363
0CF39723D39F856D040CC59516192AAB8B10DF5FFFFFFFFFFC7FFF0000A7161798431D6340ADE37B
0CF3A923D3AD856CDF0CC5A0161934AB9B0FDE5FFFFFFFFFFC7FFF0000A7161798431D6340ADE393
0CF3B823D3C2856CD40CC591161938AB8B0FDDCFFFFFFFFFFC8FFF0000A7161798431D6240ADE3AB
0CF3BC23D3CC856CAF0CC590161931AB7B0FDD4FFFFFFFFFFC8FFF0000A6161798431D6240ADD3C3
0CF3D123D3E1856C6F0CC5B816192EAB6B0EDC4FFFFFFFFFFC8FFF0000A1161798431D6240ADD3DB
0CF3D623D3DE856C260CC5C8161939AB6B0EDAEFFFFFFFFFFC9FFF0000A0161798431D6240ADD3F3
0CF3D623D3DB856BE80CC5D116193EAB7B0FD96FFFFFFFFFFC8FFF0000A7161798431D6240ADC30B
0CF3D423D3D2856BBE0CC5CF161943AB7B11D84FFFFFFFFFFC8FFF0000A7161798431D6240ADD323
0CF3E423D3E6856B8F0CC5C6161943AB8B12D75FFFFFFFFFFC7FFF0000A1161798431D6240ADC33B
0CF3F023D3EB856B550CC5E216193FAB8B13D63FFFFFFFFFFC7FFF0000A6161798431D6240ADC353
0CF3F123D3E9856B160CC5E3161945AB7B13D4FFFFFFFFFFFC8FFF0000A4161798431D6240ADC36B
0CF3F223D3E4856ADC0CC5E6161946AB7B13D3AFFFFFFFFFFC8FFF0000A1161798431D6240ADC383
0CF3F323D3DC856AA70CC5E9161945AB7B13D27FFFFFFFFFFC8FFF0000A6161798431D6240ADB39B
0CF3F323D3D6856A620CC5EB161943AB8B12D12FFFFFFFFFFC8FFF0000A6161798431D6240ADB3B3
0CF3F623D3D4856A110CC5E7161942AB9B12CFAFFFFFFFFFFC9FFF00009F161798431D6140ADA3CB
0CF3FB23D3CF8569C00CC5EE16193DAB9B13CDEFFFFFFFFFFC7FFF00009F161798431D6140ADB3E3
0CF3FB23D3CA8569850CC5F116193DAB9B13CC4FFFFFFFFFFC7FFF00009F161798431D6140ADA3FB
0CF3FD23D3C88569570CC5F516193FAB9B13CB3FFFFFFFFFFC8FFF0000A6161798431D6140ADA313
0CF3FE23D3BE8569070CC5F816193BAB9B14C9EFFFFFFFFFFC8FFF00009E161798431D6140ADA32B
0CF3FC23D3B58568A80CC5F8161938AB9B12C7FFFFFFFFFFFC7FFF0000A5161798431D6140ADA343
0CF3FA23D3AA85685F0CC5F7161935ABAB11C63FFFFFFFFFFC7FFF0000A5161798431D6140AD935B
0CF40223D3AE8568160CC5F8161931ABAB11C4AFFFFFFFFFFC8FFF0000A5161798431D6140AD9373
0CF41F23D3CB8567C10CC61116192EABAB10C32FFFFFFFFFFC8FFF0000A5161798431D6140AD938B
0CF41E23D3C18567710CC61A161932AB9B10C14FFFFFFFFFFC9FFF0000A5161798431D6140AD93A3
0CF41A23D3B38567220CC615161931ABAB10BF6FFFFFFFFFFC7FFF0000A5161798431D6140AD83BB
0CF41D23D3AC8566CC0CC61416192CAB9B11BD9FFFFFFFFFFC7FFF00009E161798431D6140AD83D3
0CF41223D3938566790CC612161927AB9B11BBBFFFFFFFFFFC7FFF0000A4161798431D6040AD83EB
0CF40E23D3878566230CC609161924AB8B14BA2FFFFFFFFFFC8FFF000096161798431D6040AD8303
0CF40A23D3798565C10CC60616191BAB9B16B86FFFFFFFFFFC8FFF00009D161798431D6040AD831B
0CF40D23D3708565610CC608161914AB9B18B66FFFFFFFFFFC7FFF0000A4161798431D6040AD8333
0CF40823D35E85650A0CC603161910AB9B19B48FFFFFFFFFFC7FFF0000A4161797431D6040AD734B
0CF3FB23D3428564B60CC5F8161909AB9B18B2BFFFFFFFFFFC7FFF00009D161797431D6040AD7363
0CF3F523D3308564680CC5F01618FFAB9B16B0BFFFFFFFFFFC8FFF0000A4161797431D6040AD737B
0CF3E423D31085640A0CC5E61618F5AB9B14AEFFFFFFFFFFFC9FFF00009E161797431D6040AD6393
0CF3E923D30E8563A60CC5DF1618EBAB8B13AD4FFFFFFFFFFC8FFF0000A3161797431D6040AD63AB
0CF42623D35985633D0CC60B1618DFAB8B14AC0FFFFFFFFFFC8FFF0000A3161797431D6040AD63C3
0CF42F23D3578562CE0CC6261618DCAB8B1763EFFFFFFFFFFC8FFF00009C161797431D5F40AD53DB
0CF42E23D34D85627C0CC6271618EFAB8B1A96AFFFFFFFFFFC8FFF0000A3161797431D5F40AD53F3
0CF42B23D3428562370CC6261618F4AB8B1D608FFFFFFFFFFC9FFF00009E161797431D5F40AD530B
0CF42D23D3398561D20CC6251618E4AB8B1F92BFFFFFFFFFFC7FFF0000A1161797431D5F40AD5323
0CF43723D33E8561670CC62D1618DFAB8B1DA0AFFFFFFFFFFC8FFF0000A3161797431D5F40AD433B
0CF43823D3328561050CC6321618D8AB8B1B9F7FFFFFFFFFFC8FFF00009F161797431D5F40AD4353
0CF43523D32785609F0CC6301618D0AB9B1C9A0FFFFFFFFFFC8FFF0000A0161797431D5F40AD436B
0CF43623D31C8560350CC6311618D2AB8B204E7FFFFFFFFFFC8FFF0000A2161797431D5F40AD4383
0CF43423D30C855FCC0CC6311618D5AB8B26770FFFFFFFFFFC8FFF0000A2161797431D5F40AD439B
0CF43523D306855F6E0CC6321618D3AB7B2D122FFFFFFFFFFC8FFF00009C161797431D5F40AD33B3
0CF43523D2F8855F120CC6311618CDAB7B3056DFFFFFFFFFFC8FFF0000A2161797431D5F40AD43CB
0CF43123D2E9855EAF0CC62E1618C9AB7B2E03FFFFFFFFFFFC8FFF00009C161797431D5F40AD33E3
0CF43223D2DF855E4F0CC62E1618C0AB7B2903FFFFFFFFFFFC8FFF00009B161797431D5F40AD23FB
0CF42D23D2CD855DE50CC62B1618B4AB7B2603FFFFFFFFFFFC8FFF0000A2161797431D5F40AD2313
0CF42A23D2BC855D710CC6271618ADAB6B2403FFFFFFFFFFFC8FFF0000A2161797431D5E40AD232B
0CF42C23D2B6855D090CC6271618A5AB6B2303FFFFFFFFFFFC9FFF00009B161797431D5E40AD2343
0CF42923D2A5855CA60CC6261618A0AB6B2503FFFFFFFFFFFC9FFF0000A2161797431D5E40AD235B
0CF42C23D29E855C4D0CC62716189EAB5B2903FFFFFFFFFFFC8FFF0000A2161797431D5E40AD2373
0CF42D23D295855BEE0CC628161898AB6B2D03FFFFFFFFFFFC8FFF00009B161797431D5E40AD138B
0CF42B23D287855B850CC62816188DAB7B3003FFFFFFFFFFFC7FFF00009A161797431D5E40AD13A3
0CF42B23D27B855B0F0CC627161885AB7B2F03FFFFFFFFFFFC8FFF0000A0161797431D5E40AD13BB
0CF42B23D26E855A990CC628161880AB7B2E03FFFFFFFFFFFC8FFF00009A161797431D5E40AD13D3
0CF42923D263855A390CC62416187EAB7B2F03FFFFFFFFFFFC7FFF0000A1161797431D5E40AD03EB
0CF42A23D2558559D70CC624161878AB7B3103FFFFFFFFFFFC7FFF0000A1161797431D5E40AD0303
0CF42923D2468559620CC624161870AB6B3403FFFFFFFFFFFC8FFF0000A1161797431D5E40AD031B
0CF42623D23B8558F00CC62216186AAB6B3403FFFFFFFFFFFC7FFF00009B161797431D5D40AD0333
0CF42323D2298558840CC621161865AB6B3203FFFFFFFFFFFC7FFF00009F161797431D5D40ACF34B
0CF41E23D21285581E0CC61A161860AB6B3003FFFFFFFFFFFC7FFF0000A0161797431D5D40AD0363
0CF42323D2108557C60CC61A161859AB5B2D03FFFFFFFFFFFC8FFF000093161797431D5D40ACF37B
0CF42523D20D8557640CC622161850AB3B2803FFFFFFFFFFFC7FFF0000A0161797431D5D40ACE393
0CF42723D1FF8556E00CC624161841AB3B2303FFFFFFFFFFFC7FFF0000A0161797431D5D40ACE3AB
0CF42023D1E88556550CC621161838AB3B1F03FFFFFFFFFFFC8FFF00009F161797431D5D40ACE3C3
0CF42223D1DE8555EE0CC61C16183AAB3B1D03FFFFFFFFFFFC7FFF000092161797431D5D40ACE3DB
0CF42423D1D68555A50CC61E161839AB3B2003FFFFFFFFFFFC7FFF00009F161797431D5D40ACE3F3
0CF42423D1CC85554E0CC61D161830AB3B2303FFFFFFFFFFFC7FFF00009B161797431D5D40ACE30B
0CF42323D1BF8554D80CC620161828AB3B2403FFFFFFFFFFFC8FFF00009D161797431D5D40ACD323
0CF42223D1B48554580CC61E16181FAB3B2103FFFFFFFFFFFC8FFF00009F161796431D5D40ACD33B
0CF42123D1A18553EA0CC61D16181DAB3B2103FFFFFFFFFFFC8FFF00009F161796431D5C40ACD353
0CF42823D1A385538B0CC61F161818AB3B2203FFFFFFFFFFFC9FFF000098161796431D5C40ACC36B
0CF42B23D19A8553220CC629161811AB3B2403FFFFFFFFFFFC8FFF00009E161796431D5C40ACC383
0CF42F23D1948552AB0CC630161809AB4B2303FFFFFFFFFFFC8FFF00009E161796431D5C40ACC39B
0CF44523D1A985523E0CC63C161807AB4B2003FFFFFFFFFFFC8FFF000091161796431D5C40ACC3B3
0CF45123D1AE8551D80CC64916180FAB5B1D03FFFFFFFFFFFC6FFF00009E161796431D5C40ACC3CB
0CF45523D1A68551790CC64E16180FAB5B1E03FFFFFFFFFFFC7FFF000097161796431D5C40ACC3E3
0CF45123D19785511A0CC65016180AAB5B1D03FFFFFFFFFFFC8FFF000098161796431D5C40ACB3FB
0CF44B23D1848550A80CC64D161803AB5B1C03FFFFFFFFFFFC9FFF00009C161796431D5C40ACA313
0CF45B23D18E8550280CC6571617FCAB5B1A03FFFFFFFFFFFC8FFF00009E161796431D5C40ACA32B
0CF46823D193854FB30CC65E1617FBAB5B1B03FFFFFFFFFFFC7FFF00009D161796431D5C40ACA343
0CF46E23D18E854F490CC6671617FDAB5B1C03FFFFFFFFFFFC8FFF00009D161796431D5C40ACA35B
0CF47223D18E854EEE0CC6691617FEAB4B1E03FFFFFFFFFFFC7FFF00009D161796431D5B40ACA373
0CF47E23D18E854E840CC67B1617F7AB4B1D03FFFFFFFFFFFC7FFF000096161796431D5B40ACA38B
0CF47D23D184854E150CC6811617F8AB4B1B03FFFFFFFFFFFC8FFF000096161796431D5B40AC93A3
0CF49F23D1A5854DB10CC6981617FBAB4B1803FFFFFFFFFFFC7FFF00009C161796431D5B40AC93BB
0CF4A123D19D854D400CC69B1617FAAB4B1703FFFFFFFFFFFC7FFF000096161796431D5B40AC93D3
0CF4A423D197854CC70CC69E1617F3AB4B1603FFFFFFFFFFFC8FFF000096161796431D5B40AC93EB
0CF4AA23D190854C5D0CC69F1617F5AB4B1503FFFFFFFFFFFC8FFF000096161796431D5B40AC8303
0CF4AC23D189854BE60CC6A41617F2AB5B1703FFFFFFFFFFFC8FFF00009B161796431D5B40AC831B
0CF4AA23D177854B6C0CC6A11617EBAB6B1903FFFFFFFFFFFC8FFF00009C161796431D5B40AC8333
0CF4A923D16D854B100CC6A41617EFAB6B1A03FFFFFFFFFFFC8FFF000095161796431D5B40AC834B
0CF4A923D163854ABD0CC6A61617EBAB5B1C03FFFFFFFFFFFC7FFF000095161796431D5B40AC8363
0CF4AB23D159854A4C0CC6A61617E0AB5B1C03FFFFFFFFFFFC7FFF00009C161796431D5B40AC837B
0CF4A923D14B8549C90CC6A21617D3AB5B1B03FFFFFFFFFFFC7FFF000094161796431D5B40AC7393
0CF4AE23D1458549470CC6A61617CDAB4B1A03FFFFFFFFFFFC7FFF00009A161796431D5A40AC73AB
0CF4B223D13C8548D40CC6AD1617CEAB4B1B03FFFFFFFFFFFC9FFF00008E161796431D5A40AC63C3
0CF4AE23D12B85487A0CC6A81617D4AB3B1F03FFFFFFFFFFFC7FFF00009B161796431D5A40AC63DB
0CF4AE23D12085481A0CC6A91617CBAB4B2303FFFFFFFFFFFC7FFF000098161796431D5A40AC63F3
0CF4AD23D1128547A70CC6A81617C4AB3B2303FFFFFFFFFFFC7FFF000096161796431D5A40AC630B
0CF4B123D10C8547370CC6A71617C2AB3B2003FFFFFFFFFFFC7FFF00009A161796431D5A40AC6323
0CF4B623D1088546CE0CC6AF1617BAAB4B1E03FFFFFFFFFFFC8FFF000094161796431D5A40AC533B
0CF4B523D0FC85465D0CC6B01617B3AB3B1B03FFFFFFFFFFFC8FFF00009A161796431D5A40AC5353
0CF4BC23D0F88545E40CC6B21617A8AB3B1903FFFFFFFFFFFC8FFF00009A161796431D5A40AC436B
0CF4C923D0FE85456D0CC6BF1617A0AB3B1703FFFFFFFFFFFC7FFF00009A161796431D5A40AC4383
0CF4CC23D0F48545010CC6C416179EAB2B1803FFFFFFFFFFFC7FFF00009A161796431D5A40AC439B
0CF4CB23D0EA85449E0CC6C51617A4AB2B1B03FFFFFFFFFFFC9FFF00009A161796431D5940AC43B3
0CF4C823D0D985443F0CC6C41617A4AB2B2003FFFFFFFFFFFC9FFF000095161796431D5940AC43CB
0CF4C623D0CC8543CA0CC6C2161798AB2B2203FFFFFFFFFFFC9FFF000091161796431D5940AC43E3
0CF4C623D0BE8543450CC6C016178DAB2B2203FFFFFFFFFFFC8FFF000099161796431D5940AC43FB
0CF4E723D0DD8542CE0CC6D416178AAB2B1F03FFFFFFFFFFFC8FFF000099161796431D5940AC3313
0CF4F523D0E48542670CC6EC16178BAB2B1F03FFFFFFFFFFFC8FFF000099161796431D5940AC232B
0CF4F223D0D68542020CC6EC161795AB2B2103FFFFFFFFFFFC8FFF000099161796431D5940AC2343
0CF4EA23D0BD85419A0CC6E6161794AB1B2303FFFFFFFFFFFC8FFF000099161796431D5940AC235B
0CF4E923D0B585412E0CC6E716178AAB1B2203FFFFFFFFFFFC8FFF000099161796431D5940AC2373
0CF51C23D0EF8540AF0CC70716177FAB1B1F03FFFFFFFFFFFC8FFF00008B161796431D5940AC238B
0CF54223D1158540290CC72E161779AB2B1D03FFFFFFFFFFFC7FFF000098161795431D5940AC23A3
0CF54423D10A853FBA0CC73A16178DAB2B1E03FFFFFFFFFFFC7FFF000098161795431D5940AC23BB
0CF52D23D0DE853F630CC7261617A2AB2B2103FFFFFFFFFFFC7FFF000092161795431D5940AC13D3
0CF56A23D12F853EED0CC752161794AB2B2303FFFFFFFFFFFC8FFF000097161795431D5840AC13EB
0CF59D23D166853E5F0CC76E161786AB2B2303FFFFFFFFFFFC8FFF000091161795431D5840AC0303
0CF5C023D18E853DDC0CC7AD1617A8AB2B2003FFFFFFFFFFFC8FFF000090161795431D5840AC031B
0CF5C823D189853D780CC7BA1617CBAB2B1E03FFFFFFFFFFFC9FFF000097161795431D5840AC0333
0CF5C723D17E853D210CC7BC1617CAAB3B1F03FFFFFFFFFFFC8FFF000090161795431D5840AC034B
0CF5BA23D15C853CB00CC7B71617C2AB3B1D03FFFFFFFFFFFC8FFF000087161795431D5840AC0363
0CF5C023D15B853C240CC7AE1617B9AB3B1A03FFFFFFFFFFFC8FFF000094161795431D5840AC037B
0CF5CE23D15E853BA10CC7BF1617C2AB2B1A03FFFFFFFFFFFC8FFF000097161795431D5840AC0393
0CF5CD23D152853B360CC7C11617C9AB3B1C03FFFFFFFFFFFC8FFF000097161795431D5840AC03AB
0CF5D223D14D853ACA0CC7C41617C6AB3B1E03FFFFFFFFFFFC8FFF000097161795431D5840AC03C3
0CF5C923D134853A5A0CC7C01617C4AB3B1E03FFFFFFFFFFFC8FFF000091161795431D5840AC03DB
0CF5DE23D14C8539E20CC7D81617BFAB3B1C03FFFFFFFFFFFC8FFF000093161795431D5740ABE3F3
0CF60523D17285396A0CC7F51617B6AB4B1803FFFFFFFFFFFC8FFF000092161795431D5740ABE30B
0CF62123D18C8538FB0CC80C1617BCAB3B1503FFFFFFFFFFFC8FFF000096161795431D5740ABE323
0CF62223D17F8538910CC8141617C9AB2B1303FFFFFFFFFFFC8FFF000096161795431D5740ABE33B
0CF62323D1798538170CC81D1617BEAB2B1303FFFFFFFFFFFC8FFF000096161795431D5740ABE353
0CF64C23D1A38537950CC82E1617B7AB2B1503FFFFFFFFFFFC9FFF000096161795431D5740ABD36B
0CF65023D19A85371D0CC83F1617C0AB2B1603FFFFFFFFFFFC8FFF000096161795431D5740ABD383
0CF64D23D1898536A70CC8401617C8AB2B1903FFFFFFFFFFFC8FFF000096161795431D5740ABC39B
0CF64C23D17B85363E0CC83F1617CEAB2B1D03FFFFFFFFFFFC7FFF00008F161795431D5740ABC3B3
0CF64B23D1718535E50CC8411617DCAB2B2003FFFFFFFFFFFC7FFF000095161795431D5740ABC3CB
0CF66323D1898535720CC8581617CAAB3B2103FFFFFFFFFFFC8FFF000089161795431D5740ABC3E3
0CF67523D1958534E10CC85C1617AEAB3B2003FFFFFFFFFFFC8FFF000095161795431D5740ABC3FB
0CF69923D1B585345E0CC8811617C0AB3B1D03FFFFFFFFFFFC7FFF00008E161795431D5640ABB313
0CF6A923D1BF8533F00CC8981617DAAB3B1D03FFFFFFFFFFFC7FFF000095161795431D5640ABC32B
0CF6A723D1AF8533810CC89C1617ECAB3B1E03FFFFFFFFFFFC7FFF00008E161795431D5640ABB343
0CF69D23D19885330C0CC8921617F0AB3B2003FFFFFFFFFFFC8FFF000095161795431D5640ABA35B
0CF69E23D18A85329A0CC8911617E6AB3B1F03FFFFFFFFFFFC8FFF000095161795431D5640ABA373
0CF6B923D1A285321E0CC8A51617D6AB3B1B03FFFFFFFFFFFC8FFF000092161795431D5640ABA38B
0CF6BB23D19F8531A00CC8AB1617CDAB3B1803FFFFFFFFFFFC8FFF00008A161795431D5640ABA3A3
0CF6D023D1AB8531250CC8BC1617CBAB3B1703FFFFFFFFFFFC8FFF000094161795431D5640ABA3BB
0CF6D523D1A58530B90CC8C41617D8AB2B1A03FFFFFFFFFFFC8FFF000094161795431D5640ABA3D3
0CF6DD23D1A485303F0CC8C91617C9AB1B1E03FFFFFFFFFFFC8FFF000094161795431D5640AB93EB
0CF70723D1D5852FB60CC8E81617C7AB1B2103FFFFFFFFFFFC8FFF000094161795431D5640AB9303
0CF72D23D1F9852F3B0CC9101617D9AB1B2303FFFFFFFFFFFC8FFF000094161795431D5540AB931B
0CF74E23D21A852ECD0CC9361617F1AB2B2403FFFFFFFFFFFC8FFF000093161795431D5540AB8333
0CF75823D21D852E620CC949161806AB2B2703FFFFFFFFFFFC9FFF000093161795431D5540AB834B
0CF75523D210852DF80CC94C16180CAB2B2703FFFFFFFFFFFC7FFF00008D161795431D5540AB8363
0CF78A23D251852D780CC9741617C5AB2B2503FFFFFFFFFFFC9FFF000093161795431D5540AB837B
0CF7B223D276852CED0CC9871617ABAB2B2103FFFFFFFFFFFC9FFF000093161795431D5540AB7393
0CF7B523D26F852C690CC99D1617E6AB2B2003FFFFFFFFFFFC8FFF00008C161795431D5540AB83AB
0CF7CF23D286852BF40CC9BA16181FAB2B2203FFFFFFFFFFFC8FFF000093161795431D5540AB83C3
0CF7DC23D28F852B870CC9D0161837AB3B2603FFFFFFFFFFFC8FFF000093161795431D5540AB73DB
0CF7E123D288852B1E0CC9D016184EAB3B2803FFFFFFFFFFFC7FFF000093161795431D5540AB63F3
0CF7C123D24B852AAD0CC9C8161849AB4B2603FFFFFFFFFFFC7FFF00008C161795431D5540AB630B
0CF7DE23D26E852A2D0CC9DD16183DAB4B2203FFFFFFFFFFFC7FFF000087161795431D5440AB6323
0CF7FE23D2898529A50CC9E6161837AB5B1D03FFFFFFFFFFFC8FFF00008A161795431D5440AB633B
0CF7FF23D27C8529210CC9EA16183AAB4B1B03FFFFFFFFFFFC7FFF000092161795431D5440AB5353
0CF80623D27A8528AE0CC9F1161848AB3B1C03FFFFFFFFFFFC6FFF000092161795431D5440AB536B
0CF80523D26D85284D0CC9F2161854AB3B1D03FFFFFFFFFFFC6FFF000091161795431D5440AB5383
0CF80223D25E8527DE0CC9F4161845AB3B1E03FFFFFFFFFFFC7FFF00008B161795431D5440AB439B
0CF82923D28A8527570CC9F816183BAB3B1C040FFFFFFFFFFC8FFF00008D161794431D5440AB43B3
0CF86323D2CF8526D30CCA36161841AB3B19042FFFFFFFFFFC8FFF000090161794431D5440AB43CB
0CF87123D2D385265E0CCA5716184AAB3B1903FFFFFFFFFFFC8FFF000092161794431D5440AB43E3
0CF87B23D2D48525ED0CCA66161851AB3B1A03FFFFFFFFFFFC8FFF000092161794431D5440AB43FB
0CF86723D2AB8525780CCA60161853AB3B1C040FFFFFFFFFFC9FFF00008C161794431D5440AB4313
0CF87B23D2BE8525010CCA6416185AAB3B1C042FFFFFFFFFFC8FFF000089161794431D5440AB432B
0CF89C23D2DF85248C0CCA7E16184AAB4B1D03FFFFFFFFFFFC8FFF000091161794431D5340AB4343
0CF8CC23D3188524160CCAA8161844AB4B1F03FFFFFFFFFFFC8FFF000091161794431D5340AB235B
0CF8EE23D33A8523910CCAD0161834AB4B2203FFFFFFFFFFFC8FFF00008B161794431D5340AB2373
0CF90B23D35485230F0CCAE016182EAB4B2503FFFFFFFFFFFC8FFF000090161794431D5340AB238B
0CF92223D36785229A0CCB0216185AAB5B2A040FFFFFFFFFFC8FFF000091161794431D5340AB23A3
0CF92C23D36A8522300CCB1216188EAB5B30043FFFFFFFFFFC8FFF000091161794431D5340AB23BB
0CF92323D34E8521C60CCB151618A2AB4B3403FFFFFFFFFFFC7FFF000090161794431D5340AB23D3
0CF91723D33785214C0CCB09161899AB4B3603FFFFFFFFFFFC8FFF00008A161794431D5340AB13EB
0CF95223D37F8520D10CCB2A161897AB4B3303FFFFFFFFFFFC8FFF00008A161794431D5340AB1303
0CF96C23D3948520510CCB4C16189FAB4B2E03FFFFFFFFFFFC8FFF00008D161794431D5340AB031B
0CF97A23D39B851FC90CCB5B161895AB5B2C03FFFFFFFFFFFC8FFF00008C161794431D5240AB0333
0CF98B23D3A1851F4A0CCB6B1618A0AB5B2B03FFFFFFFFFFFC8FFF000090161794431D5240AB034B
0CF99823D3A8851EE40CCB7E1618C8AB5B2A03FFFFFFFFFFFC8FFF00008A161794431D5240AB0363
0CF99B23D3A3851E800CCB851618DDAB5B2A03FFFFFFFFFFFC8FFF00008D161794431D5240AB037B
0CF98C23D37F851E070CCB7C1618D7AB4B2A03FFFFFFFFFFFC8FFF00008B161794431D5240AB0393
0CF9A023D393851D820CCB7C1618C1AB5B2603FFFFFFFFFFFC8FFF00008F161794431D5240AAF3AB
0CF9A723D38A851D000CCB8D1618C4AB5B2203FFFFFFFFFFFC8FFF000088161794431D5240AAF3C3
0CF9A923D380851C8A0CCB911618D2AB6B1F03FFFFFFFFFFFC8FFF000088161794431D5240AAE3DB
0CF9AC23D37B851C170CCB951618C7AB6B1F03FFFFFFFFFFFC8FFF00008F161794431D5240AAE3F3
0CF9B823D37B851B970CCB9C1618C7AB6B2103FFFFFFFFFFFC8FFF000088161794431D5240AAE30B
0CF9C123D37F851B230CCBB71618C7AB6B22041FFFFFFFFFFC8FFF00008F161794431D5240AAE323
0CFA0B23D3DD851AB60CCBEA1618D7AB5B22042FFFFFFFFFFC8FFF00008F161794431D5140AAE33B
0CFA1D23D3E7851A440CCC101618D9AB5B2203FFFFFFFFFFFC8FFF000081161794431D5140AAE353
0CFA3123D3F58519C40CCC181618A0AB5B2203FFFFFFFFFFFC8FFF00008F161794431D5140AAD36B
0CFA5423D41785193E0CCC1B16187CAB5B2103FFFFFFFFFFFC8FFF000088161794431D5140AAD383
0CFA6523D4258518C60CCC401618BAAB5B2203FFFFFFFFFFFC8FFF00008E161794431D5140AAC39B
0CFA6523D4158518540CCC4C1618EAAB6B25041FFFFFFFFFFC9FFF000087161794431D5140AAD3B3
0CFA5D23D3FB8517DE0CCC4B1618FCAB6B29044FFFFFFFFFFC8FFF00008E161794431D5140AAC3CB
0CFA6123D3F98517650CCC4516190CAB6B2D042FFFFFFFFFFC7FFF00008B161794431D5140AAC3E3
0CFA8A23D4268516E80CCC661618FAAB7B2D03FFFFFFFFFFFC7FFF000083161794431D5140AAC3FB
0CFABB23D45C8516690CCC911618F5AB7B2B03FFFFFFFFFFFC8FFF000087161794431D5140AAC313
0CFACF23D46A8515F40CCCB0161915AB7B2803FFFFFFFFFFFC8FFF000087161794431D5140AAC32B
0CFADF23D4758515820CCCBE161929AB6B2703FFFFFFFFFFFC9FFF00008E161794431D5040AAC343
0CFADE23D46885150A0CCCCB161919AB7B2703FFFFFFFFFFFC8FFF000087161794431D5040AAB35B
0CFB0423D4968514900CCCE8161925AB7B2603FFFFFFFFFFFC8FFF00008C161794431D5040AAA373
0CFB2523D4B38514100CCD03161931AB8B2503FFFFFFFFFFFC8FFF000087161794431D5040AAA38B
0CFB4923D4D98513990CCD2116193DAB8B2503FFFFFFFFFFFC8FFF00008D161794431D5040AAA3A3
0CFB5C23D4ED8513300CCD3A161952AB9B2703FFFFFFFFFFFC8FFF000086161794431D5040AAA3BB
0CFB7523D4FE8512BE0CCD5616194CAB9B2803FFFFFFFFFFFC8FFF00008D161794431D5040AAA3D3
0CFB7523D4F78512420CCD5716193FAB8B2803FFFFFFFFFFFC8FFF00008B161794431D5040AAA3EB
0CFBA723D52C8511C20CCD78161945AB8B2703FFFFFFFFFFFC9FFF000088161794431D5040AAA303
0CFBB423D5318511430CCD8B161960AB8B2803FFFFFFFFFFFC8FFF00008C161794431D5040AAA31B
0CFBD423D5518510C30CCDA916195AAB8B2B03FFFFFFFFFFFC8FFF00008C161794431D4F40AA9333
0CFBE323D55B85104E0CCDBF161974AB8B2E03FFFFFFFFFFFC8FFF000086161794431D4F40AA834B
0CFBEE23D55F850FE80CCDCA1619AEAB8B3003FFFFFFFFFFFC8FFF00008B161793431D4F40AA8363
0CFC1723D590850F800CCDED1619A9AB8B3203FFFFFFFFFFFC8FFF000085161793431D4F40AA837B
0CFC3E23D5C1850EFF0CCE07161981AB9B3103FFFFFFFFFFFC8FFF000085161793431D4F40AA8393
0CFCD323D67E850E720CCE5E161955AB9B2C03FFFFFFFFFFFC8FFF00008C161793431D4F40AA83AB
0CFCED23D698850DF90CCEB316198DAB9B2903FFFFFFFFFFFC8FFF000085161793431D4F40AA83C3
0CFD0C23D6B5850D840CCEE31619BAABAB2A03FFFFFFFFFFFC8FFF00008B161793431D4F40AA83DB
0CFCF723D68D850D080CCED9161A05ABAB2E03FFFFFFFFFFFC8FFF00008B161793431D4F40AA83F3
0CFD1123D6A6850C9C0CCEE9161A28ABAB3103FFFFFFFFFFFC8FFF00008B161793431D4F40AA630B
0CFD3523D6CF850C320CCF0C161A21ABAB3203FFFFFFFFFFFC7FFF000084161793431D4F40AA6323
0CFD3D23D6CF850BB60CCF191619E2ABAB3003FFFFFFFFFFFC8FFF00008B161793431D4E40AA633B
0CFD5423D6DF850B350CCF1E1619A4ABAB2E03FFFFFFFFFFFC7FFF00008B161793431D4E40AA6353
0CFD6523D6EB850AB40CCF321619C4ABAB2D03FFFFFFFFFFFC9FFF000085161793431D4E40AA636B
0CFD8023D706850A3B0CCF51161A00ABAB2F03FFFFFFFFFFFC9FFF00008A161793431D4E40AA6383
0CFD8F23D70C8509CA0CCF64161A47ABAB3303FFFFFFFFFFFC8FFF000089161793431D4E40AA639B
0CFD9023D7038509590CCF6A161A44ABBB3803FFFFFFFFFFFC7FFF00008B161793431D4E40AA53B3
0CFD9323D6FA8508E20CCF74161A50ABCB3A03FFFFFFFFFFFC7FFF000085161793431D4E40AA53CB
0CFDAD23D71485086F0CCF8C161A6FABCB3903FFFFFFFFFFFC7FFF000089161793431D4E40AA43E3
0CFDCA23D72D8507EF0CCF9D161A67ABBB3603FFFFFFFFFFFC7FFF00008A161793431D4E40AA43FB
0CFDD723D7378507650CCFAA161A50ABBB3503FFFFFFFFFFFC7FFF000084161793431D4E40AA4313
0CFDE523D7398506F30CCFB8161A6EABAB3303FFFFFFFFFFFC7FFF000086161793431D4D40AA332B
0CFDF423D7428506890CCFCD161A91ABAB3203FFFFFFFFFFFC8FFF000081161793431D4D40AA4343
0CFDF523D73885061A0CCFD7161A7EABBB3203FFFFFFFFFFFC8FFF000089161793431D4D40AA335B
0CFE0C23D7528505A00CCFE8161A65ABBB3303FFFFFFFFFFFC9FFF00008A161793431D4D40AA3373
0CFE6023D7B585051C0CD023161A6AABBB3203FFFFFFFFFFFC6FFF000083161793431D4D40AA238B
0CFE7623D7C78504990CD03E161A72ABBB3103FFFFFFFFFFFC8FFF000089161793431D4D40AA23A3
0CFE8523D7D28504280CD055161AACABCB3203FFFFFFFFFFFC9FFF000085161793431D4D40AA23BB
0CFEA123D7F08503C30CD075161AD9ABCB35041FFFFFFFFFFC9FFF000087161793431D4D40AA23D3
0CFEB723D7FE85034C0CD09F161ACFABCB3903FFFFFFFFFFFC8FFF000087161793431D4D40AA23EB
0CFEFB23D8568502C20CD0AF161AE2ABCB3903FFFFFFFFFFFC8FFF000085161793431D4D40AA2303
0CFF3123D89585023D0CD0F3161AFCABCB3503FFFFFFFFFFFC8FFF000089161793431D4C40AA131B
0CFF7223D8E98501D60CD135161B2EABCB3303FFFFFFFFFFFC8FFF000089161793431D4C40AA1333
0CFFD623D96A8501720CD187161B4AABDB3103FFFFFFFFFFFC8FFF000082161793431D4C40AA034B
0CFFCF23D9528500ED0CD1A3161B56ABDB2F03FFFFFFFFFFFC7FFF000088161793431D4C40AA0363
0D002423D9BB8500690CD1D2161B56ABDB2B03FFFFFFFFFFFC7FFF000089161793431D4C40AA037B
0D002723D9B384FFFC0CD1EF161BA3ABEB28044FFFFFFFFFFC8FFF000089161793431D4C40AA0393
0D002A23D9AF84FF890CD1FD161BA7ABFB2803FFFFFFFFFFFC9FFF000089161793431D4C40AA03AB
0D002423D99884FF030CD1F0161B88ABFB2803FFFFFFFFFFFC7FFF000082161793431D4C40AA03C3
0D003A23D9AA84FE8B0CD1F9161BAFABFB2803FFFFFFFFFFFC7FFF000086161793431D4C40AA03DB
0D007423D9F784FE210CD22A161BD6ABFB2903FFFFFFFFFFFC7FFF000083161793431D4C40AA03F3
0D00D623DA6C84FDA90CD28A161BACABEB2B03FFFFFFFFFFFC8FFF000088161793431D4C40AA030B
0D00D323DA6284FD220CD294161B9BABFB2C03FFFFFFFFFFFC8FFF000088161793431D4B40AA0323
0D013423DADC84FCAE0CD2EA161BF8AC0B2B03FFFFFFFFFFFC7FFF000088161793431D4B40A9E33B
0D014223DAE684FC480CD30C161C3FAC0B2C03FFFFFFFFFFFC7FFF000088161793431D4B40A9E353
0D012C23DAB984FBCE0CD30B161C1DABFB2E03FFFFFFFFFFFC7FFF000088161793431D4B40A9E36B
0D016C23DB0D84FB420CD306161B96ABFB2E03FFFFFFFFFFFC8FFF000087161793431D4B40A9D383
0D01DE23DBA084FAC00CD37E161BDCAC0B2D03FFFFFFFFFFFC8FFF000087161793431D4B40A9E39B
0D025223DC3884FA5B0CD3F1161C78AC0B2E03FFFFFFFFFFFC8FFF000087161793431D4B40A9D3B3
0D02BE23DCC884F9F90CD450161CABAC2B3203FFFFFFFFFFFC9FFF000081161793431D4B40A9C3CB
0D02B923DCB584F9790CD485161CBBAC2B3503FFFFFFFFFFFC8FFF000080161793431D4B40A9C3E3
0D036823DDA584F8F00CD4D9161CD7AC3B3403FFFFFFFFFFFC7FFF000080161793431D4B40A9C3FB
0D03BB23DE0784F86E0CD55E161D3CAC4B3103FFFFFFFFFFFC7FFF000087161793431D4B40A9C313
0D03EB23DE4284F7F80CD5A1161D9FAC4B3103FFFFFFFFFFFC8FFF000087161793431D4A40A9C32B
0D041423DE6F84F78C0CD5CD161DECAC4B3103FFFFFFFFFFFC8FFF000087161793431D4A40A9C343
0D040B23DE5984F7250CD5E8161E29AC4B2E03FFFFFFFFFFFC7FFF000087161792431D4A40A9B35B
0D046B23DEDE84F6AD0CD632161E34AC5B2A03FFFFFFFFFFFC7FFF00007A161792431D4A40A9B373
0D04CB23DF5384F6230CD662161E08AC6B2503FFFFFFFFFFFC7FFF000085161792431D4A40A9B38B
0D04DC23DF5E84F59D0CD68F161E49AC7B2103FFFFFFFFFFFC8FFF000086161792431D4A40A9A3A3
0D04EA23DF6684F52D0CD6A6161E8DAC8B2003FFFFFFFFFFFC8FFF000086161792431D4A40A9A3BB
0D04FD23DF7484F4CC0CD6BD161E94AC9B2203FFFFFFFFFFFC8FFF000086161792431D4A40A9A3D3
0D04F323DF5784F4560CD6D3161EA3AC9B2403FFFFFFFFFFFC9FFF00007F161792431D4A40A9A3EB
0D052723DFA184F3CD0CD6E0161E92AC9B2403FFFFFFFFFFFC8FFF000085161792431D4A40A9A303
0D05DB23E08984F34E0CD76C161EC8AC8B2503FFFFFFFFFFFC8FFF000085161792431D4A40A9A31B
0D05E123E08284F2DF0CD797161F27AC8B2603FFFFFFFFFFFC8FFF00007E161792431D4940A99333
0D05E423E07E84F26E0CD7A6161F25AC8B2803FFFFFFFFFFFC8FFF000085161792431D4940A9934B
0D05C523E04F84F1F20CD77C161F07AC9B2803FFFFFFFFFFFC8FFF000085161792431D4940A98363
0D067C23E15084F1750CD7F0161F20AC9B2703FFFFFFFFFFFC8FFF000085161792431D4940A9837B
0D07BB23E2FC84F0FD0CD927161F6FACAB2803FFFFFFFFFFFC7FFF000085161792431D4940A98393
0D084D23E3BB84F0880CD9C8161FDEACAB2B03FFFFFFFFFFFC8FFF000085161792431D4940A983AB
0D081923E36B84F0150CD9D9162022ACAB2D03FFFFFFFFFFFC8FFF000078161792431D4940A983C3
0D080723E34584EFA40CD9C5162077ACBB2D03FFFFFFFFFFFC8FFF000084161792431D4940A983DB
0D086923E3C784EF2D0CDA1A16207AACCB2C03FFFFFFFFFFFC8FFF000078161792431D4940A973F3
0D08AD23E41C84EEA20CDA4D162032ACEB2C03FFFFFFFFFFFC8FFF000083161792431D4940A9630B
0D090B23E49584EE210CDA92162055ACEB2B03FFFFFFFFFFFC8FFF000084161792431D4840A96323
0D092D23E4B684EDB70CDAC91620B4ACFB2C041FFFFFFFFFFC7FFF000080161792431D4840A9633B
0D095023E4DD84ED500CDAFF16210BAD0B2F03FFFFFFFFFFFC7FFF00007C161792431D4840A96353
0D090323E45D84ECD70CDAE7162152AD0B3303FFFFFFFFFFFC8FFF000082161792431D4840A9636B
0D0A6123E66584EC520CDBBB162154AD1B34042FFFFFFFFFFC8FFF000083161792431D4840A96383
0D0B4323E77B84EBD30CDCB5162196AD1B34041FFFFFFFFFFC8FFF000083161792431D4840A9539B
0D0B5B23E79684EB5F0CDCF8162222AD1B3103FFFFFFFFFFFC7FFF000083161792431D4840A963B3
0D0B5123E77E84EAF10CDCF316226FAD1B2F03FFFFFFFFFFFC7FFF000083161792431D4840A943CB
0D0B2C23E73884EA770CDCDB162276AD3B2E03FFFFFFFFFFFC8FFF000079161792431D4840A943E3
0D0B4823E75F84E9F90CDCE3162276AD4B2D03FFFFFFFFFFFC8FFF000080161792431D4840A943FB
0D0BE523E83384E9820CDD6D16229EAD5B2D03FFFFFFFFFFFC8FFF000083161792431D4840A94313
0D0C4923E8B084E90E0CDDDA1622C5AD5B2F03FFFFFFFFFFFC6FFF000083161792431D4840A9432B
0D0C5A23E8BE84E8940CDDEC1622FFAD5B3103FFFFFFFFFFFC8FFF000083161792431D4740A94343
0D0C6E23E8D184E81F0CDE0C16233BAD5B3203FFFFFFFFFFFC8FFF000077161792431D4740A9335B
0D0CD623E95884E7A80CDE62162351AD7B3303FFFFFFFFFFFC8FFF00007D161792431D4740A94373
0D0D2623E9BD84E7270CDEB416233FAD8B3303FFFFFFFFFFFC8FFF000078161792431D4740A9438B
0D0D8223EA3B84E6AE0CDEF716237CAD9B3303FFFFFFFFFFFC8FFF000082161792431D4740A923A3
0D0E0323EAE284E63E0CDF7D1623C8AD9B3403FFFFFFFFFFFC8FFF00007B161792431D4740A923BB
0D0E0F23EADE84E5C60CDFAE1623ECAD9B3603FFFFFFFFFFFC8FFF000082161792431D4740A923D3
0D0DC823EA7884E54F0CDF7916244BAD9B3803FFFFFFFFFFFC9FFF000082161792431D4740A923EB
0D0E4D23EB3084E4D80CDFFF162458ADAB3A03FFFFFFFFFFFC8FFF00007B161792431D4740A92303
0D0EB223EBA984E45E0CE04616247DADAB3B03FFFFFFFFFFFC8FFF000082161792431D4740A9231B
0D0F1723EC3584E3E40CE09D162497ADBB3A03FFFFFFFFFFFC8FFF00007B161792431D4640A92333
0D0F4923EC6884E3680CE0D11624C3ADBB3A042FFFFFFFFFFC8FFF00007A161792431D4640A9134B
0D0F8323ECAE84E2F30CE108162523ADCB3A03FFFFFFFFFFFC6FFF000080161792431D4640A90363
0D0F9923ECC284E2820CE124162553ADDB3B03FFFFFFFFFFFC6FFF000079161792431D4640A9037B
0D0FA523ECC384E20F0CE12F162570ADDB3C03FFFFFFFFFFFC6FFF00007B161792431D4640A90393
0D0F9423ECA684E18C0CE138162563ADEB3B03FFFFFFFFFFFC6FFF000081161792431D4640A903AB
0D0FEB23ED1384E10D0CE176162592ADEB3A03FFFFFFFFFFFC7FFF000081161792431D4640A903C3
0D100123ED2684E0990CE1911625CBADFB3A03FFFFFFFFFFFC8FFF000081161792431D4640A903DB
0D108223EDD084E02A0CE1FD1625E1ADFB3B03FFFFFFFFFFFC8FFF000080161792431D4640A8F3F3
0D108123EDC484DFB50CE2411625E4ADFB3B03FFFFFFFFFFFC9FFF000079161792431D4640A8E30B
0D10A723EDF384DF400CE26F162618ADEB3A03FFFFFFFFFFFC8FFF00007A161792431D4640A8E323
0D117523EF0E84DEC60CE2EC162615ADFB3A03FFFFFFFFFFFC8FFF00007F161791431D4540A8E33B
0D120223EFC984DE430CE36916262FADFB3B03FFFFFFFFFFFC8FFF000080161792431D4540A8E353
0D128F23F08384DDC30CE3E6162624ADFB3D03FFFFFFFFFFFC8FFF00007A161792431D4540A8E36B
0D12D923F0DD84DD4C0CE44D1626A6AE0B3F03FFFFFFFFFFFC7FFF00007E161791431D4540A8E383
0D12D123F0C784DCE90CE471162757AE1B4403FFFFFFFFFFFC8FFF00007F161791431D4540A8E39B
0D12D923F0CD84DC7B0CE495162786AE1B4703FFFFFFFFFFFC8FFF000078161791431D4540A8D3B3
0D12E723F0DA84DBF00CE444162774AE2B4803FFFFFFFFFFFC7FFF000079161791431D4540A8D3CB
0D138D23F1B184DB670CE4C716276EAE3B4603FFFFFFFFFFFC7FFF00007E161791431D4540A8C3E3
0D139A23F1B684DAEF0CE51E1627A7AE2B4503FFFFFFFFFFFC8FFF00007F161791431D4540A8C3FB
0D13AE23F1CA84DA750CE5381627F7AE3B4503FFFFFFFFFFFC8FFF00007F161791431D4540A8C313
0D13B423F1CB84D9F80CE55516280EAE4B4703FFFFFFFFFFFC8FFF00007F161791431D4540A8C32B
0D144C23F2A084D9890CE5CD162858AE6B4803FFFFFFFFFFFC8FFF000078161791431D4540A8C343
0D155823F40284D9250CE70B1628B7AE7B4703FFFFFFFFFFFC8FFF00007E161791431D4440A8C35B
0D155923F3F984D8B40CE7291628F6AE8B4603FFFFFFFFFFFC8FFF000079161791431D4440A8C373
0D157223F41B84D82D0CE6F61628DEAE8B4203FFFFFFFFFFFC9FFF00007C161791431D4440A8A38B
0D161D23F4F884D79F0CE75E1628D1AE8B40040FFFFFFFFFFC8FFF00007E161791431D4440A8A3A3
0D16FF23F62F84D7190CE823162915AE9B40042FFFFFFFFFFC7FFF000077161791431D4440A8A3BB
0D175423F69584D6AB0CE8831629BCAEAB4403FFFFFFFFFFFC7FFF00007E161791431D4440A8A3D3
0D174F23F68F84D64D0CE8B9162A5DAEBB4A03FFFFFFFFFFFC7FFF00007E161791431D4440A8A3EB
0D173023F64384D5E10CE8F3162A92AEBB4E041FFFFFFFFFFC7FFF000077161791431D4440A8A303
0D173423F65884D55B0CE869162A8CAECB4D040FFFFFFFFFFC7FFF000077161791431D4440A8A31B
0D189323F83384D4DA0CE9A2162AA7AECB4903FFFFFFFFFFFC7FFF00007C161791431D4440A8A333
0D18B823F85A84D4670CEA1A162ADDAECB4503FFFFFFFFFFFC8FFF000077161791431D4340A8934B
0D18B323F84384D3E50CEA21162B4AAECB4403FFFFFFFFFFFC8FFF000076161791431D4340A88363
0D18BA23F84B84D3620CEA16162B50AEDB4403FFFFFFFFFFFC9FFF000077161791431D4340A8837B
0D190F23F8B784D2EF0CEA87162B7BAEEB4403FFFFFFFFFFFC8FFF00007C161791431D4340A88393
0D193223F8D984D2840CEAB1162BADAEFB4403FFFFFFFFFFFC7FFF000077161791431D4340A883AB
0D192323F8B884D21D0CEAB3162BF2AEFB4503FFFFFFFFFFFC8FFF00007B161791431D4340A883C3
0D193623F8D984D1A60CEAC8162BDEAEFB4603FFFFFFFFFFFC8FFF00007D161791431D4340A883DB
0D1A4E23FA5684D11C0CEB32162B19AF0B4603FFFFFFFFFFFC8FFF000076161791431D4340A883F3
0D1ABD23FADE84D0960CEBF5162BACAF1B4503FFFFFFFFFFFC8FFF000076161791431D4340A8630B
0D1AF123FB1D84D0250CEC4F162CA8AF1B4703FFFFFFFFFFFC8FFF00007A161791431D4340A86323
0D1AF323FB1684CFBD0CEC69162CFFAF1B4C03FFFFFFFFFFFC8FFF00007C161791431D4340A8633B
0D1AD523FADB84CF490CEC58162D22AF1B4F03FFFFFFFFFFFC9FFF00007C161791431D4340A86353
0D1ABF23FABB84CEC50CEC57162D06AF2B4F03FFFFFFFFFFFC8FFF000075161791431D4240A8636B
0D1BD423FC3684CE440CECF4162CFCAF3B4D03FFFFFFFFFFFC8FFF00007B161791431D4240A86383
0D1C6423FCF284CDD30CED99162D51AF3B4C03FFFFFFFFFFFC8FFF00007B161791431D4240A8639B
0D1C6623FCE784CD650CEDE6162DA6AF4B4C03FFFFFFFFFFFC8FFF000075161791431D4240A853B3
0D1C2F23FC9484CCEE0CEDB7162DD4AF4B4E03FFFFFFFFFFFC7FFF000079161791431D4240A853CB
0D1C7323FCEF84CC6F0CEDF0162E01AF4B4E03FFFFFFFFFFFC8FFF000076161791431D4240A843E3
0D1D7923FE4C84CBF00CEEBC162E17AF4B4E03FFFFFFFFFFFC9FFF000074161791431D4240A843FB
0D1D8023FE4B84CB7B0CEEE9162E73AF5B4D03FFFFFFFFFFFC7FFF00007B161791431D4240A84313
0D1D7723FE3384CB160CEEE6162EDDAF5B4D03FFFFFFFFFFFC7FFF000077161791431D4240A8432B
0D1D6D23FE1C84CAA10CEEFA162ECAAF5B4D03FFFFFFFFFFFC8FFF000078161791431D4240A84343
0D1D7323FE1B84CA180CEED6162EBBAF6B4B03FFFFFFFFFFFC9FFF00007B161791431D4240A8435B
0D1DB923FE6A84C9910CEF08162ED6AF7B4A03FFFFFFFFFFFC8FFF00007A161791431D4140A84373
0D1DC223FE6C84C91C0CEF27162EF0AF7B4B03FFFFFFFFFFFC7FFF000074161791431D4140A8238B
0D1DCF23FE7684C8B50CEF38162F12AF8B4E03FFFFFFFFFFFC7FFF00007A161791431D4140A823A3
0D1DC523FE5784C8480CEF30162F2AAF8B5103FFFFFFFFFFFC8FFF00007A161791431D4140A823BB
0D1D8E23FE0184C7CC0CEEFD162F30AF8B5203FFFFFFFFFFFC8FFF00006D161791431D4140A823D3
0D1DCF23FE5484C7510CEF2E162F2DAF7B5203FFFFFFFFFFFC8FFF00007A161791431D4140A823EB
0D1DF323FE7684C6D60CEF5C162F36AF7B5103FFFFFFFFFFFC8FFF00007A161791431D4140A82303
0D1DF923FE7284C64C0CEF5E162F2BAF7B5003FFFFFFFFFFFC8FFF00007A161791431D4140A8231B
0D1E6623FF0284C5CB0CEF88162F43AF7B4F040FFFFFFFFFFC7FFF000073161791431D4140A82333
0D1EBF23FF7284C5660CEFFC162F7CAF8B4F040FFFFFFFFFFC7FFF000079161791431D4140A8234B
0D1EC823FF6F84C4FB0CF038162F9BAF8B5103FFFFFFFFFFFC7FFF000079161791431D4140A81363
0D1E9023FF1284C4800CF014162FADAF8B5103FFFFFFFFFFFC8FFF000072161791431D4140A8137B
0D1EEE23FF9B84C4060CF06F162FBAAF9B5103FFFFFFFFFFFC8FFF000079161791431D4140A80393
0D1FBC2400A384C3850CF0F1162FCFAF9B5103FFFFFFFFFFFC7FFF000068161791431D4040A803AB
0D1FB724009384C3080CF111163003AF9B5203FFFFFFFFFFFC7FFF000072161791431D4040A803C3
0D1FCB2400A184C29B0CF115163047AFAB5403FFFFFFFFFFFC7FFF000075161791431D4040A803DB
0D1FE82400C384C22C0CF13C163056AFBB5503FFFFFFFFFFFC8FFF000079161791431D4040A803F3
0D1FD62400A384C1B10CF144163056AFBB5503FFFFFFFFFFFC9FFF000073161791431D4040A7E30B
0D208824019F84C12D0CF20B163066AFAB5403FFFFFFFFFFFC8FFF000077161791431D4040A80323
0D21602402B384C0B40CF293163087AFBB5403FFFFFFFFFFFC8FFF000076161790431D4040A7E33B
0D21882402DB84C03E0CF2DE1630EFAFBB5503FFFFFFFFFFFC8FFF000073161790431D4040A7E353
0D215424028A84BFCB0CF2B916313FAFCB5703FFFFFFFFFFFC8FFF000072161790431D4040A7E36B
0D21742402B184BF5B0CF2C816314AAFCB5803FFFFFFFFFFFC8FFF000076161790431D4040A7E383
0D21922402CC84BEE90CF2AE16315CAFCB5803FFFFFFFFFFFC8FFF000072161790431D4040A7E39B
0D220E24037184BE640CF357163159AFCB5703FFFFFFFFFFFC8FFF000078161790431D4040A7D3B3
0D224F2403BE84BDE00CF38616315FAFCB5703FFFFFFFFFFFC8FFF000075161790431D3F40A7D3CB
0D225D2403C584BD740CF3B01631C8AFBB5803FFFFFFFFFFFC7FFF000072161790431D3F40A7D3E3
0D22592403B384BD030CF3B51631DFAFCB5903FFFFFFFFFFFC7FFF000077161790431D3F40A7C3FB
0D222824036284BC840CF3961631BCAFCB5A03FFFFFFFFFFFC7FFF000077161790431D3F40A7C313
0D224824038E84BC080CF39D1631DBAFCB5A03FFFFFFFFFFFC7FFF000077161790431D3F40A7C32B
0D23C92405A184BB930CF4781631F7AFDB5A03FFFFFFFFFFFC8FFF000070161790431D3F40A7C343
0D23FF2405E384BB210CF54C1631F5AFDB5D03FFFFFFFFFFFC8FFF000070161790431D3F40A7C35B
0D240B2405DB84BAAF0CF59E163262AFEB60040FFFFFFFFFFC8FFF000070161790431D3F40A7C373
0D23E52405A784BA300CF58E16329FAFEB61041FFFFFFFFFFC8FFF000077161790431D3F40A7A38B
0D25882407FD84B9AE0CF6AD1632D4AFFB6203FFFFFFFFFFFC8FFF000071161790431D3F40A7B3A3
0D268A24094784B93B0CF774163347B00B6303FFFFFFFFFFFC7FFF000074161790431D3F40A7A3BB
0D268B24093D84B8C70CF7C31633FEAFFB6403FFFFFFFFFFFC8FFF000071161790431D3E40A7A3D3
0D262A2408A684B8440CF778163440B00B6403FFFFFFFFFFFC8FFF000076161790431D3E40A7A3EB
0D260324087A84B7D30CF6EF163469B02B6303FFFFFFFFFFFC8FFF00006F161790431D3E40A7A303
0D26B824096084B7680CF7D5163430B02B6003FFFFFFFFFFFC8FFF000075161790431D3E40A7A31B
0D26A924093B84B6F00CF7FA16344CB03B5E03FFFFFFFFFFFC8FFF000070161790431D3E40A79333
0D26AE24094284B66F0CF7DD16348AB04B5D03FFFFFFFFFFFC8FFF000075161790431D3E40A7A34B
0D274D240A1084B5EA0CF865163466B04B5D03FFFFFFFFFFFC8FFF00006E161790431D3E40A78363
0D2799240A6F84B56D0CF8B616346CB05B5E03FFFFFFFFFFFC8FFF000074161790431D3E40A7837B
0D27C1240AA084B5030CF8DE1634F5B05B5F03FFFFFFFFFFFC9FFF000075161790431D3E40A78393
0D27BE240A9484B49B0CF90B163557B05B6303FFFFFFFFFFFC9FFF00006F161790431D3E40A783AB
0D27C1240A8084B4200CF915163580B06B6603FFFFFFFFFFFC8FFF000074161790431D3E40A783C3
0D2875240B8984B3990CF991163561B07B6603FFFFFFFFFFFC6FFF000075161790431D3E40A783DB
0D29AF240D2A84B3120CFA7E163563B07B6303FFFFFFFFFFFC7FFF00006E161790431D3D40A783F3
0D29F6240D8484B2A00CFB051635C8B07B6103FFFFFFFFFFFC9FFF000074161790431D3D40A7830B
0D2A09240D9184B23A0CFB37163695B08B6203FFFFFFFFFFFC8FFF00006E161790431D3D40A76323
0D29E3240D5284B1CF0CFB3D1636D5B09B6403FFFFFFFFFFFC8FFF000075161790431D3D40A7633B
0D298C240CC684B14E0CFAD01636E8B0AB6503FFFFFFFFFFFC8FFF00006E161790431D3D40A76353
0D2AE5240EB884B0C20CFB941636DAB0AB6303FFFFFFFFFFFC8FFF000073161790431D3D40A7636B
0D2B53240F3884B0440CFC6C1636D7B0AB6003FFFFFFFFFFFC7FFF00006D161790431D3D40A76383
0D2B57240F3484AFDC0CFC8E16375BB0BB5F03FFFFFFFFFFFC8FFF000074161790431D3D40A7639B
0D2B3C240F0384AF730CFC891637ACB0BB5F03FFFFFFFFFFFC9FFF000072161790431D3D40A753B3
0D2B07240EAC84AEF80CFC321637A2B0BB6003FFFFFFFFFFFC8FFF000068161790431D3D40A743CB
0D2B2E240EDF84AE6E0CFC3C163784B0CB6103FFFFFFFFFFFC8FFF000074161790431D3C40A743E3
0D2B56240F0484ADF50CFC8C1637CEB0CB6103FFFFFFFFFFFC8FFF000073161790431D3C40A743FB
0D2B54240EF684AD8E0CFC931637FDB0CB6303FFFFFFFFFFFC8FFF000073161790431D3C40A74313
0D2B4E240EDC84AD130CFC8C1637D8B0CB6503FFFFFFFFFFFC8FFF000073161790431D3C40A7432B
0D2BC3240F8584AC8C0CFCC81637DAB0CB6503FFFFFFFFFFFC8FFF000073161790431D3C40A74343
0D2C5224103D84AC110CFD5B163813B0DB6403FFFFFFFFFFFC8FFF00006F161790431D3C40A7435B
0D2CAA2410AA84AB9E0CFDC6163866B0DB66041FFFFFFFFFFC8FFF000070161790431D3C40A74373
0D2CA524109684AB2D0CFDE21638B6B0CB6803FFFFFFFFFFFC8FFF00006C161790431D3C40A7238B
0D2C7724104684AABD0CFDC91638BDB0DB6803FFFFFFFFFFFC9FFF000071161790431D3C40A723A3
0D2C9024106984AA390CFDFA163896B0DB6603FFFFFFFFFFFC8FFF000067161790431D3C40A723BB
0D2D3024113C84A9AE0CFE25163867B0EB6403FFFFFFFFFFFC9FFF000073161790431D3C40A723D3
0D2E0A24126B84A93C0CFEDB1638EAB0EB6403FFFFFFFFFFFC8FFF00006C161790431D3B40A723EB
0D2EB524135184A8D70CFFF016396CB0EB6803FFFFFFFFFFFC7FFF000073161790431D3B40A72303
0D2EF924139584A8620D00211639A7B0EB6C03FFFFFFFFFFFC8FFF00006C161790431D3B40A7231B
0D2F192413E084A7DD0D0022163A17B0FB6D03FFFFFFFFFFFC8FFF00007216178F431D3B40A71333
0D310A24167B84A75D0D0199163A40B10B6C03FFFFFFFFFFFC7FFF00007216178F431D3B40A7134B
0D317A24170D84A6E90D0272163AEDB10B6B03FFFFFFFFFFFC7FFF00006B16178F431D3B40A70363
0D31772416F684A67D0D029B163B60B11B6903FFFFFFFFFFFC7FFF00006C16178F431D3B40A7037B
0D30E724161E84A6080D025D163B9FB12B6703FFFFFFFFFFFC7FFF00007116178F431D3B40A70393
0D305B24156C84A5850D0211163BAAB13B6503FFFFFFFFFFFC9FFF00006C16178F431D3B40A703AB
0D31AC24172C84A5060D02B8163BA0B14B6503FFFFFFFFFFFC8FFF00007016178F431D3B40A703C3
0D31EF24177884A4910D0309163BD2B14B6503FFFFFFFFFFFC9FFF00007116178F431D3B40A703DB
0D31E924176484A41D0D030E163C1DB14B6603FFFFFFFFFFFC8FFF00007116178F431D3A40A6F3F3
0D31B424170C84A3A20D02D9163C48B15B6803FFFFFFFFFFFC7FFF00007116178F431D3A40A6E30B
0D31A92416F684A32C0D0309163C3EB16B6803FFFFFFFFFFFC7FFF00007116178F431D3A40A6F323
0D31FD24176084A2B90D0332163C2CB17B6703FFFFFFFFFFFC8FFF00007116178F431D3A40A6E33B
0D320624175D84A2400D032D163C32B17B6603FFFFFFFFFFFC8FFF00007116178F431D3A40A6E353
0D320E24176584A1C40D0320163C45B16B6703FFFFFFFFFFFC8FFF00006716178F431D3A40A6E36B
0D324C2417AC84A1480D035F163C46B16B6A03FFFFFFFFFFFC7FFF00006E16178F431D3A40A6E383
0D32792417E184A0CC0D038A163C88B16B6D03FFFFFFFFFFFC8FFF00007116178F431D3A40A6E39B
0D32B124182284A0560D03B4163CADB17B7103FFFFFFFFFFFC7FFF00007116178F431D3A40A6D3B3
0D32B024180D849FDD0D03DA163CB7B17B7403FFFFFFFFFFFC9FFF00007016178F431D3A40A6E3CB
0D32F7241873849F5F0D0408163CF8B17B7403FFFFFFFFFFFC8FFF00007016178F431D3A40A6D3E3
0D332C2418AF849EF20D0464163D1FB17B7303FFFFFFFFFFFC8FFF00007016178F431D3940A6C3FB
0D337724190A849E850D04C5163D4BB17B7103FFFFFFFFFFFC7FFF00006916178F431D3940A6C313
0D33A0241933849E070D04BB163D5CB17B6F03FFFFFFFFFFFC7FFF00007016178F431D3940A6C32B
0D33C4241963849D800D04B6163C8EB17B6C03FFFFFFFFFFFC7FFF00007016178F431D3940A6C343
0D33EA241985849D040D04F9163D6CB17B6B03FFFFFFFFFFFC8FFF00006916178F431D3940A6C35B
0D33F924198D849C8B0D0515163DADB16B6D03FFFFFFFFFFFC8FFF00007016178F431D3940A6C373
0D33FB241987849C170D0520163DD4B16B7103FFFFFFFFFFFC8FFF00006F16178F431D3940A6A38B
0D34152419A4849BA70D0549163DE0B17B7203FFFFFFFFFFFC8FFF00006B16178F431D3940A6B3A3
0D34572419EE849B2B0D058F163DCDB17B7103FFFFFFFFFFFC7FFF00006C16178F431D3940A6A3BB
0D34AC241A68849AAD0D05A3163DDFB18B6E03FFFFFFFFFFFC6FFF00006F16178F431D3940A6A3D3
0D3545241B2D849A330D063C163DF8B18B6D03FFFFFFFFFFFC8FFF00006E16178F431D3940A6A3EB
0D3554241B328499B80D066D163E24B19B6E03FFFFFFFFFFFC8FFF00006816178F431D3840A6A303
0D3562241B3C8499480D0680163E80B19B7003FFFFFFFFFFFC7FFF00006F16178F431D3840A6A31B
0D3584241B678498D60D06A2163E9DB1AB7203FFFFFFFFFFFC8FFF00006816178F431D3840A6A333
0D35AF241B938498550D06E5163EAEB1AB7203FFFFFFFFFFFC9FFF00006816178F431D3840A6934B
0D360D241C088497DA0D0719163EA5B1AB7103FFFFFFFFFFFC9FFF00006116178F431D3840A68363
0D3647241C4F8497660D0754163EC5B1AB6F03FFFFFFFFFFFC9FFF00006E16178F431D3840A6837B
0D3652241C4F8496E80D0758163ECAB1BB7003FFFFFFFFFFFC8FFF00006E16178F431D3840A68393
0D364B241C3984966E0D0744163EEBB1BB7303FFFFFFFFFFFC8FFF00006E16178F431D3840A683AB
0D3664241C578495FB0D0786163F1BB1BB7503FFFFFFFFFFFC8FFF00006E16178F431D3840A683C3
0D36D1241CDF8495800D07DB163F3CB1BB7903FFFFFFFFFFFC8FFF00006716178F431D3840A683DB
0D36B4241CA884950B0D07D5163F84B1BB7B03FFFFFFFFFFFC8FFF00006716178F431D3840A683F3
0D36B1241CA28494990D0815163F6BB1CB7A03FFFFFFFFFFFC8FFF00006D16178F431D3740A6830B
0D3727241D3284941C0D083D163F7DB1BB7703FFFFFFFFFFFC8FFF00006D16178F431D3740A66323
0D3758241D738493A30D0867163F92B1BB7503FFFFFFFFFFFC8FFF00006B16178F431D3740A6633B
0D37BC241DF284932C0D08C9163FB0B1CB7503FFFFFFFFFFFC9FFF00006216178F431D3740A66353
0D37F8241E3E8492B10D090B163FD7B1CB7703FFFFFFFFFFFC8FFF00006D16178F431D3740A6636B
0D389B241F1C8492300D097216400BB1DB7803FFFFFFFFFFFC8FFF00006B16178F431D3740A66383
0D3935241FE58491B70D09E716406FB1DB7A03FFFFFFFFFFFC8FFF00006716178F431D3740A6639B
0D39802420448491440D0A6A1640BEB1EB7A03FFFFFFFFFFFC8FFF00006D16178F431D3740A653B3
0D39A02420608490CE0D0AA3164116B1FB7903FFFFFFFFFFFC8FFF00006416178F431D3740A653CB
0D394D241FE98490540D0A77164126B1FB7603FFFFFFFFFFFC8FFF00006216178F431D3740A643E3
0D399B242045848FD20D0AB4164141B1FB7303FFFFFFFFFFFC8FFF00006D16178F431D3740A643FB
0D3A102420E4848F510D0AFA16415CB20B7103FFFFFFFFFFFC8FFF00006616178E431D3740A64313
0D3A6924214A848EDD0D0B5F164198B21B7103FFFFFFFFFFFC8FFF00006A16178F431D3640A6432B
0D3A8624216D848E670D0B891641A5B21B7203FFFFFFFFFFFC8FFF00006716178E431D3640A64343
0D3A73242142848DEB0D0B631641E0B22B7103FFFFFFFFFFFC9FFF00006C16178E431D3640A6435B
0D3AB62421AD848D700D0B9D1641D8B22B7003FFFFFFFFFFFC7FFF00006716178E431D3640A64373
0D3BD224231D848CF50D0CA91641B8B22B7103FFFFFFFFFFFC7FFF00006A16178E431D3640A6338B
0D3C0824235E848C7E0D0CD81641FEB22B7103FFFFFFFFFFFC8FFF00006B16178E431D3640A623A3
0D3C31242399848C060D0D42164266B22B7303FFFFFFFFFFFC8FFF00006516178E431D3640A623BB
0D3C5F2423C2848B850D0D5316429BB23B7603FFFFFFFFFFFC9FFF00006C16178E431D3640A623D3
0D3CB1242439848B030D0D9C1642ECB24B7903FFFFFFFFFFFC9FFF00006516178E431D3640A623EB
0D3D302424D8848A8F0D0E1916433FB24B7A03FFFFFFFFFFFC8FFF00006516178E431D3640A62303
0D3D59242504848A1A0D0E4F164343B23B7A03FFFFFFFFFFFC8FFF00006A16178E431D3640A6231B
0D3D552424EF8489970D0E38164379B24B7903FFFFFFFFFFFC8FFF00006B16178E431D3540A61333
0D3D272424A584891B0D0E6416439CB25B7803FFFFFFFFFFFC8FFF00006516178E431D3540A6034B
0D3DDE24259B8488B10D0E7F1643D0B25B7803FFFFFFFFFFFC8FFF00006316178E431D3540A60363
0D3DE824259D8488390D0EE81643ACB24B7903FFFFFFFFFFFC8FFF00006616178E431D3540A6037B
0D3DEE24259D8487AB0D0EBD164381B25B7903FFFFFFFFFFFC8FFF00006816178E431D3540A60393
0D3E772426518487280D0F341643E4B26B7803FFFFFFFFFFFC8FFF00006B16178E431D3540A603AB
0D3EAE2426938486BD0D0F93164439B27B7A03FFFFFFFFFFFC7FFF00006416178E431D3540A603C3
0D3ED92426BF84864A0D0FD016446EB27B7E03FFFFFFFFFFFC7FFF00006416178E431D3540A603DB
0D3EC724269F8485C80D0F9B1644A9B28B8003FFFFFFFFFFFC8FFF00006B16178E431D3540A603F3
0D3F202427188485560D10041644A7B27B7F03FFFFFFFFFFFC9FFF00006516178E431D3540A6030B
0D3FCE2427F78484DA0D10AD164495B27B7D03FFFFFFFFFFFC8FFF00006916178E431D3540A5E323
0D401A24285A8484520D10BF1644E4B28B7B03FFFFFFFFFFFC7FFF00006A16178E431D3540A5E33B
0D40792428D78483D70D112F164538B28B7B03FFFFFFFFFFFC7FFF00006316178E431D3540A5E353
0D410124298C8483600D11B3164585B29B7C03FFFFFFFFFFFC8FFF00006A16178E431D3440A5E36B
0D41172429938482ED0D12081645D9B2AB7C03FFFFFFFFFFFC8FFF00006816178E431D3440A5E383
0D41102429868482760D120F164617B2BB7B03FFFFFFFFFFFC8FFF00006416178E431D3440A5E39B
0D4161242A018481FB0D126816463AB2CB7903FFFFFFFFFFFC8FFF00006A16178E431D3440A5D3B3
0D4259242B4384817A0D1341164659B2DB7803FFFFFFFFFFFC8FFF00006916178E431D3440A5D3CB
0D42FE242C1D8480FC0D13CA164695B2DB7803FFFFFFFFFFFC9FFF00006316178E431D3440A5E3E3
0D431F242C408480820D14061646E2B2DB7803FFFFFFFFFFFC9FFF00006916178E431D3440A5C3FB
0D433C242C6084800F0D1413164764B2DB7903FFFFFFFFFFFC7FFF00006916178E431D3440A5C313
0D4364242C92847F9E0D141A164787B2DB7B03FFFFFFFFFFFC7FFF00006216178E431D3440A5C32B
0D43A9242CE0847F1F0D143016478BB2EB7B03FFFFFFFFFFFC8FFF00006816178E431D3440A5C343
0D44A2242E4F847E990D1524164791B2FB7A03FFFFFFFFFFFC7FFF00006916178E431D3440A5C35B
0D45EA243003847E250D1689164818B2FB7A03FFFFFFFFFFFC7FFF00006916178E431D3340A5C373
0D462824304C847DBE0D16ED1648DEB2FB7A03FFFFFFFFFFFC7FFF00006916178E431D3340A5C38B
0D461724302A847D4F0D171116491FB2FB7B03FFFFFFFFFFFC6FFF00006916178E431D3340A5A3A3
0D45A8242F8F847CD20D16C016496FB30B7B03FFFFFFFFFFFC8FFF00006916178E431D3340A5A3BB
0D471C243189847C430D17A2164912B31B7A03FFFFFFFFFFFC9FFF00006216178D431D3340A5A3D3
0D47AE243249847BC00D182E164932B31B7B03FFFFFFFFFFFC9FFF00006116178D431D3340A5A3EB
0D48012432B9847B5A0D18B41649F2B32B7D03FFFFFFFFFFFC8FFF00006816178D431D3340A5A303
0D4844243304847AEE0D1932164A52B33B8003FFFFFFFFFFFC8FFF00006316178D431D3340A5A31B
0D47D2243252847A710D18C5164AC5B34B8403FFFFFFFFFFFC9FFF00006616178D431D3340A5A333
0D48082432B18479F40D18CD164ACCB35B8503FFFFFFFFFFFC8FFF00006816178D431D3340A5934B
0D48E22433C68479790D19A5164AB3B36B8403FFFFFFFFFFFC7FFF00006816178D431D3340A58363
0D48F02433D48479000D19B7164B11B36B8203FFFFFFFFFFFC8FFF00005C16178D431D3340A5837B
0D49162433FB84787F0D19C9164B4FB35B8003FFFFFFFFFFFC8FFF00005E16178D431D3240A58393
0D49412434358478010D1A18164B68B36B8003FFFFFFFFFFFC8FFF00006716178D431D3240A583AB
0D49D72434F684778C0D1A85164B84B36B8103FFFFFFFFFFFC7FFF00006716178D431D3240A583C3
0D49E72434FE84771C0D1AB8164BDBB36B8203FFFFFFFFFFFC8FFF00006116178D431D3240A583DB
0D49D42434D98476AC0D1ABF164C0EB36B8203FFFFFFFFFFFC8FFF00006016178D431D3240A583F3
0D4A2A24355B8476260D1AFF164BD1B36B8203FFFFFFFFFFFC8FFF00006716178D431D3240A5830B
0D4B512436E184759E0D1B9F164BFBB36B8203FFFFFFFFFFFC8FFF00006716178D431D3240A56323
0D4BBF24376B84752F0D1C51164C9FB36B8303FFFFFFFFFFFC9FFF00006016178D431D3240A5633B
0D4BC82437738474C00D1C93164CE4B37B8603FFFFFFFFFFFC8FFF00006716178D431D3240A56353
0D4BB42437448474410D1C8D164D17B38B8903FFFFFFFFFFFC8FFF00006716178D431D3240A5636B
0D4BAB24373C8473D20D1C97164D54B39B8903FFFFFFFFFFFC7FFF00006016178D431D3240A56383
0D4D312439578473630D1E00164D35B3AB8903FFFFFFFFFFFC7FFF00006616178D431D3240A5639B
0D4D6724398B8472D80D1E21164CF1B3AB8903FFFFFFFFFFFC8FFF00006616178D431D3140A563B3
0D4E1C243A8784724E0D1E7A164D23B3AB8903FFFFFFFFFFFC8FFF00006616178D431D3140A563CB
0D4E73243AF58471DD0D1F0E164E2AB3BB8B03FFFFFFFFFFFC8FFF00006616178D431D3140A543E3
0D4E88243B058471790D1F51164EE3B3BB8F03FFFFFFFFFFFC7FFF00006616178D431D3140A543FB
0D4E7C243AED8471090D1F5E164F0DB3CB9403FFFFFFFFFFFC8FFF00005E16178D431D3140A54313
0D4E1C243A668470850D1F08164F14B3DB9403FFFFFFFFFFFC8FFF00006016178D431D3140A5432B
0D4F78243C3C846FFF0D2000164F2FB3DB9103FFFFFFFFFFFC9FFF00006616178D431D3140A54343
0D4FD4243CAE846F900D2067164FA0B3DB8F03FFFFFFFFFFFC8FFF00006616178D431D3140A5435B
0D4FD1243CA2846F260D2096164FEDB3EB8F03FFFFFFFFFFFC8FFF00005E16178D431D3140A53373
0D4FB1243C64846EA10D2077164FC0B3FB8D03FFFFFFFFFFFC9FFF00006516178D431D3140A5238B
0D505C243D58846E1A0D20AB164FDFB3FB8B03FFFFFFFFFFFC9FFF00006516178D431D3040A523A3
0D5141243E84846DA10D21D1165032B3FB8B03FFFFFFFFFFFC9FFF00005E16178C431D3040A523BB
0D5149243E8A846D350D220E1650E8B3FB8E03FFFFFFFFFFFC9FFF00006416178C431D3040A523D3
0D516C243EB4846CC70D222B165139B3FB9003FFFFFFFFFFFC9FFF00005816178C431D3040A523EB
0D5133243E62846C4C0D21F6165137B40B8F03FFFFFFFFFFFC9FFF00006516178C431D3040A52303
0D526E24401B846BCE0D2334165129B41B8D03FFFFFFFFFFFC8FFF00006116178C431D3040A5231B
0D537F244181846B5E0D240D1651A3B41B8C03FFFFFFFFFFFC7FFF00006116178C431D3040A52333
0D53AC2441B4846AE70D247716522BB42B8D03FFFFFFFFFFFC8FFF00005E16178C431D3040A5134B
0D53DD2441FA846A5D0D245116524BB43B8E041FFFFFFFFFFC9FFF00006416178C431D3040A50363
0D55BD2444908469DA0D257C165277B43B8F040FFFFFFFFFFC8FFF00006416178C431D3040A5037B
0D56022444DF84696B0D265C165344B44B8F03FFFFFFFFFFFC8FFF00006416178C431D3040A50393
0D55EF2444BD8469030D26A11653E4B45B9203FFFFFFFFFFFC7FFF00006416178C431D2F40A503AB
0D55AE2444548468950D267C165417B46B9303FFFFFFFFFFFC7FFF00005E16178C431D2F40A503C3
0D54C62443128468130D261F165432B48B9103FFFFFFFFFFFC8FFF00005C16178C431D2F40A4F3DB
0D57462446928467900D27A91653ECB48B90042FFFFFFFFFFC8FFF00006416178C431D2F40A4F3F3
0D57962446E98467150D2822165438B47B90040FFFFFFFFFFC8FFF00005D16178C431D2F40A4F30B
0D57822446C48466990D28271654CEB47B9103FFFFFFFFFFFC8FFF00006416178C431D2F40A4F323
0D57752446A78466280D2813165550B48B9403FFFFFFFFFFFC9FFF00005F16178C431D2F40A4E33B
0D577524469C8465BC0D27F116554FB48B9703FFFFFFFFFFFC8FFF00006016178C431D2F40A4E353
0D577524469584653B0D2853165520B49B9703FFFFFFFFFFFC9FFF00005C16178C431D2F40A4E36B
0D57AF2446DE8464B90D287C165558B49B9603FFFFFFFFFFFC9FFF00005E16178C431D2F40A4E383
0D584224479F84644D0D28CC1655A5B49B9603FFFFFFFFFFFC8FFF00006116178C431D2F40A4E39B
0D58792447E58463DB0D292C1655A6B49B9903FFFFFFFFFFFC8FFF00006316178C431D2E40A4D3B3
0D58932447FF8463550D29321655B1B4AB9B03FFFFFFFFFFFC9FFF00006316178C431D2E40A4C3CB
0D592D2448D08462DB0D29D21655D2B4BB9B03FFFFFFFFFFFC8FFF00006316178C431D2E40A4C3E3
0D5A36244A3D84626C0D2A9D165660B4BB9E03FFFFFFFFFFFC8FFF00006316178C431D2E40A4C3FB
0D5A73244A768461EE0D2B0E16566CB4BBA103FFFFFFFFFFFC7FFF00005C16178C431D2E40A4C313
0D5A42244A3484616F0D2AD61656F7B4BBA303FFFFFFFFFFFC7FFF00005D16178C431D2E40A4C32B
0D5AB2244ACF8460FC0D2B9D165752B4BBA303FFFFFFFFFFFC9FFF00006016178C431D2E40A4C343
0D5B4D244B9384608B0D2BEA1657C5B4BBA403FFFFFFFFFFFC9FFF00005A16178B431D2E40A4C35B
0D5B21244B478460150D2BE71657DCB4BBA203FFFFFFFFFFFC9FFF00006216178B431D2E40A4C373
0D5AE8244B00845F980D2BFE1657DCB4CB9F03FFFFFFFFFFFC8FFF00005B16178B431D2E40A4A38B
0D5C7C244D27845F150D2CD21657DCB4DB9C043FFFFFFFFFFC8FFF00006216178B431D2E40A4A3A3
0D5CE8244DB1845EA20D2D74165842B4EB9C042FFFFFFFFFFC9FFF00005C16178B431D2E40A4A3BB
0D5D22244DF7845E360D2DB61658D7B4EB9F03FFFFFFFFFFFC8FFF00006016178B431D2D40A4A3D3
0D5D10244DCC845DBD0D2DAE1658FDB4EBA103FFFFFFFFFFFC8FFF00005B16178B431D2D40A4A3EB
0D5CCD244D70845D3F0D2D4816592AB4FBA103FFFFFFFFFFFC8FFF00005F16178B431D2D40A4A303
0D5D92244E73845CC50D2E06165936B4FBA003FFFFFFFFFFFC8FFF00005D16178B431D2D40A4A31B
0D5DAE244E91845C4B0D2E4D16596EB4FBA003FFFFFFFFFFFC8FFF00005A16178B431D2D40A49333
0D5DB2244E88845BCF0D2E3E1659A1B50B9F03FFFFFFFFFFFC9FFF00006116178B431D2D40A4934B
0D5D94244E58845B4F0D2E491659B3B51B9F041FFFFFFFFFFC9FFF00006116178B431D2D40A48363
0D5DF1244ECC845AD80D2E7C1659E0B51B9E03FFFFFFFFFFFC9FFF00005A16178B431D2D40A4837B
0D5E0B244EDF845A750D2EBC165A20B51B9F03FFFFFFFFFFFC8FFF00006116178B431D2D40A48393
0D5E7F244F8A845A0E0D2EF7165A2EB51B9F03FFFFFFFFFFFC8FFF00006116178B431D2D40A483AB
0D5E30244EF98459930D2EEC165A39B52B9E03FFFFFFFFFFFC8FFF00005A16178B431D2D40A483C3
0D5F262450648458FA0D2F5B165A16B53B9D03FFFFFFFFFFFC6FFF00006116178B431D2D40A483DB
0D5FCF24513684586B0D3022165A30B53B9E03FFFFFFFFFFFC6FFF00005D16178B431D2C40A483F3
0D5FEA24514C8458000D3063165AA7B53BA103FFFFFFFFFFFC7FFF00005D16178B431D2C40A4830B
0D5FED24514B8457A00D3073165B09B53BA603FFFFFFFFFFFC8FFF00006016178B431D2C40A46323
0D60022451588457350D3072165B10B54BAA03FFFFFFFFFFFC7FFF00006016178B431D2C40A4633B
0D5FBE2450F18456BD0D302A165B45B54BAA03FFFFFFFFFFFC8FFF00005916178B431D2C40A46353
0D60742451F38456340D30D4165B3EB54BA903FFFFFFFFFFFC8FFF00005E16178B431D2C40A4636B
0D60C824524D8455AF0D313C165B59B54BA903FFFFFFFFFFFCAFFF00005416178B431D2C40A46383
0D60CE24524984553B0D314A165BA5B53BA703FFFFFFFFFFFC9FFF00006016178B431D2C40A4639B
0D60C62452348454C50D3152165BCDB53BA603FFFFFFFFFFFC9FFF00005E16178A431D2C40A463B3
0D60B024520584544B0D3136165BE5B54BA603FFFFFFFFFFFC9FFF00005A16178A431D2C40A453CB
0D60AC2452028453D50D314D165BECB54BA603FFFFFFFFFFFC7FFF00005F16178A431D2C40A453E3
0D614E2452D88453680D31FD165C0CB54BA603FFFFFFFFFFFC7FFF00005A16178A431D2C40A443FB
0D61A924533E8452F30D325F165BEFB54BA603FFFFFFFFFFFC7FFF00005916178A431D2B40A44313
0D618824530B8452710D3237165C05B55BA503FFFFFFFFFFFC8FFF00005C16178A431D2B40A4432B
0D61E42453898451F00D3261165C31B54BA503FFFFFFFFFFFC8FFF00005F16178A431D2B40A44343
0D62062453A58451740D328D165C50B55BA803FFFFFFFFFFFC8FFF00005816178A431D2B40A4435B
0D62042453988451050D3290165C79B56BAD03FFFFFFFFFFFC8FFF00005F16178A431D2B40A43373
0D61FE2453828450940D3291165CAEB57BB203FFFFFFFFFFFC8FFF00005F16178A431D2B40A4338B
0D61E92453598450200D3296165CAEB57BB503FFFFFFFFFFFC9FFF00005F16178A431D2B40A423A3
0D61E1245345844FA00D3297165CB2B57BB403FFFFFFFFFFFC8FFF00005916178A431D2B40A423BB
0D624E2453D0844F230D32CC165CACB56BB303FFFFFFFFFFFC8FFF00005716178A431D2B40A423D3
0D625B2453D6844EB00D32E1165CCCB56BB203FFFFFFFFFFFC8FFF00005D16178A431D2B40A423EB
0D62682453DB844E300D32EB165CE8B56BB303FFFFFFFFFFFC8FFF00005E16178A431D2B40A42303
0D62712453DE844DB30D32E9165D0AB55BB303FFFFFFFFFFFC9FFF00005E16178A431D2B40A4231B
0D6294245402844D420D3312165D0CB56BB303FFFFFFFFFFFC8FFF00005016178A431D2B40A41333
0D62B124541F844CD50D333F165D10B56BB003FFFFFFFFFFFC7FFF00005E16178A431D2A40A4234B
0D62A6245402844C600D3333165D30B56BAE03FFFFFFFFFFFC8FFF00005E16178A431D2A40A40363
0D62962453E0844BD80D333D165D33B56BAC03FFFFFFFFFFFC8FFF00005E16178A431D2A40A4037B
0D6309245476844B5A0D3376165D40B56BAC03FFFFFFFFFFFC8FFF00005E16178A431D2A40A40393
0D632A245496844AEC0D33A4165D65B56BAC03FFFFFFFFFFFC8FFF00005716178A431D2A40A403AB
0D63422454AD844A710D33C8165D5FB56BAB03FFFFFFFFFFFC8FFF00005E16178A431D2A40A403C3
0D63532454B78449F40D33D1165D6BB56BAB03FFFFFFFFFFFC8FFF00005616178A431D2A40A403DB
0D644324560484497C0D3483165D83B56BAB03FFFFFFFFFFFC9FFF00005D16178A431D2A40A403F3
0D64AE2456948449030D34FC165DD2B57BAC03FFFFFFFFFFFC7FFF000056161789431D2A40A4030B
0D652024572384488A0D35EE165E18B56BAE03FFFFFFFFFFFC8FFF00005D161789431D2A40A40323
0D652B24572D8448190D361A165E71B57BAF03FFFFFFFFFFFC8FFF000056161789431D2A40A4033B
0D65B52457E18447AB0D3664165ED3B57BAD03FFFFFFFFFFFC8FFF00005C161789431D2A40A3E353
0D65D42457FF8447300D3681165ED7B57BAC03FFFFFFFFFFFC8FFF00005D161789431D2A40A3E36B
0D65EB24582D8446AA0D36A8165ED5B57BAB03FFFFFFFFFFFC8FFF00005D161789431D2940A3E383
0D67BB245A998446260D37B3165EC0B57BAB03FFFFFFFFFFFC9FFF00005C161789431D2940A3E39B
0D67DD245AC18445B00D381B165F5DB57BAD041FFFFFFFFFFC9FFF00005C161789431D2940A3D3B3
0D67D8245AAD8445450D3867165FECB58BB203FFFFFFFFFFFC9FFF000055161789431D2940A3D3CB
0D67D3245A9C8444D40D3859166038B59BB603FFFFFFFFFFFC8FFF000055161789431D2940A3C3E3
0D673B2459B184445F0D37EA16605FB5ABB6044FFFFFFFFFFC9FFF00005B161789431D2940A3C3FB
0D681C245AFE8443DA0D388516604AB5ABB4042FFFFFFFFFFCAFFF00005C161789431D2940A3C313
0D688F245B8A84435F0D3902166047B5BBB103FFFFFFFFFFFC9FFF000058161789431D2940A3C32B
0D68CB245BD28442EE0D3933166094B5ABAF03FFFFFFFFFFFC8FFF000052161789431D2940A3C343
0D68D8245BD38442750D39561660B6B5ABAE042FFFFFFFFFFC8FFF00005C161789431D2940A3B35B
0D686F245B368441F60D39161660E7B5BBAF044FFFFFFFFFFC8FFF00005C161789431D2940A3B373
0D6968245C9C8441760D39DE1660F1B5CBB0040FFFFFFFFFFC8FFF000059161789431D2940A3B38B
0D69E3245D2C8440F90D3A5016614DB5CBB103FFFFFFFFFFFC8FFF000057161789431D2840A3A3A3
0D6A07245D5684408C0D3A881661A9B5CBB103FFFFFFFFFFFC8FFF000054161789431D2840A3A3BB
0D6A04245D4E8440260D3A981661E4B5CBB1043FFFFFFFFFFC9FFF00005B161789431D2840A3A3D3
0D6A33245D74843FAC0D3B3A1661F7B5EBAF044FFFFFFFFFFC8FFF00005B161789431D2840A3A3EB
0D6B75245F56843F220D3B6716622EB5FBAD03FFFFFFFFFFFC9FFF00005B161789431D2840A3A303
0D6CDC24612D843E9F0D3CEC16623CB60BAC03FFFFFFFFFFFC8FFF00005B161789431D2840A3A31B
0D6CF2246141843E290D3D521662ABB60BAC03FFFFFFFFFFFC9FFF00005B161789431D2840A39333
0D6CF9246141843DB10D3D8F166327B60BAC043FFFFFFFFFFC8FFF00005B161789431D2840A3934B
0D6CF624613A843D3F0D3D531663B4B61BAE043FFFFFFFFFFC9FFF00005B161788431D2840A38363
0D6CA32460C1843CD20D3DB61663B7B61BB003FFFFFFFFFFFC9FFF00005B161788431D2840A3837B
0D6E95246381843C5D0D3F411663E5B61BB003FFFFFFFFFFFC8FFF00005B161788431D2840A38393
0D6EB82463A6843BE20D3FB01663E4B61BAF03FFFFFFFFFFFC8FFF00005A161788431D2840A383AB
0D704B2465C8843B5B0D40771663D8B61BAE044FFFFFFFFFFC8FFF00005A161788431D2840A383C3
0D709E246631843AD30D40CD166442B62BAF043FFFFFFFFFFC8FFF000053161788431D2740A383DB
0D70AA246638843A5E0D40FE166557B63BB203FFFFFFFFFFFC8FFF000053161788431D2740A373F3
0D70A724662A8439F50D411E1665E4B63BB803FFFFFFFFFFFC8FFF00005A161788431D2740A3630B
0D70D82466608439890D4128166614B64BBC03FFFFFFFFFFFC8FFF00005A161788431D2740A36323
0D705024659B84390E0D4091166604B64BBB043FFFFFFFFFFC8FFF00004C161788431D2740A3633B
0D71582467198438880D41801665F7B65BB9043FFFFFFFFFFC9FFF000059161788431D2740A36353
0D72082467F18438090D423C16663EB65BB703FFFFFFFFFFFC8FFF00005A161788431D2740A3636B
0D723F24683A8437950D4292166699B65BB903FFFFFFFFFFFC9FFF000059161788431D2740A36383
0D724724683184371F0D42AD1666EEB65BBB03FFFFFFFFFFFC8FFF000059161788431D2740A3439B
0D71F42467BA8436A30D4268166746B65BBB042FFFFFFFFFFC8FFF000059161788431D2740A353B3
0D726224685284362C0D42D0166744B66BBA043FFFFFFFFFFC8FFF000056161788431D2740A343CB
0D73032469258435B80D4345166758B67BB8041FFFFFFFFFFC8FFF000055161788431D2740A343E3
0D732024694084353E0D43B0166761B67BB603FFFFFFFFFFFC8FFF000056161788431D2640A343FB
0D735524698D8434C20D4405166782B67BB603FFFFFFFFFFFC8FFF000055161788431D2640A34313
0D7450246AEC8434470D44E61667B6B68BB803FFFFFFFFFFFC7FFF000059161788431D2640A3432B
0D7517246BE78433D00D458F166834B67BBB03FFFFFFFFFFFC8FFF000052161788431D2640A34343
0D7541246C208433570D45A61668B2B67BBE03FFFFFFFFFFFC8FFF000051161788431D2640A3435B
0D759F246C9A8432DD0D45FA166930B67BC103FFFFFFFFFFFC8FFF000058161788431D2640A33373
0D76BD246E338432660D46CC16696CB68BC103FFFFFFFFFFFC8FFF000058161788431D2640A3338B
0D77BB246F8D8431F40D48111669DAB69BC003FFFFFFFFFFFC8FFF000053161788431D2640A323A3
0D77D9246FA88431820D4863166A6CB69BBF03FFFFFFFFFFFC7FFF000055161788431D2640A323BB
0D775E246EFA8430FD0D486A166A97B6BBBD03FFFFFFFFFFFC9FFF000058161787431D2640A323D3
0D788624708D8430760D48B2166A97B6CBBB03FFFFFFFFFFFC9FFF000056161787431D2640A323EB
0D78C32470D38430010D48FF166B2EB6CBBC03FFFFFFFFFFFC7FFF000052161787431D2640A32303
0D790F24713A842F8D0D495D166B79B6CBBE03FFFFFFFFFFFC7FFF000058161787431D2640A3131B
0D7920247137842F1E0D4951166B94B6CBC103FFFFFFFFFFFC8FFF000058161787431D2640A31333
0D78D42470DA842EAF0D4961166C03B6CBC103FFFFFFFFFFFC8FFF000057161787431D2540A3034B
0D7B4224743D842E330D4B87166BE3B6CBC103FFFFFFFFFFFC8FFF000051161787431D2540A30363
0D7BE7247526842DB30D4C44166C31B6CBC003FFFFFFFFFFFC9FFF000050161787431D2540A3037B
0D7CDA247679842D320D4CFA166C85B6DBBF03FFFFFFFFFFFC9FFF000057161787431D2540A30393
0D7D7F24774C842CB40D4DEC166D13B6FBC003FFFFFFFFFFFC8FFF000057161787431D2540A303AB
0D7E13247818842C440D4E3E166E27B6FBC203FFFFFFFFFFFC9FFF000057161787431D2540A303C3
0D7E30247834842BD20D4E59166EE3B70BC503FFFFFFFFFFFC9FFF000057161787431D2540A303DB
0D7E012477E5842B570D4E53166F39B71BC803FFFFFFFFFFFC7FFF000057161787431D2540A2F3F3
0D7E1F24782E842AE30D4E61166F72B73BC603FFFFFFFFFFFC8FFF000057161787431D2540A2F30B
0D7FCD247A72842A700D4FE7166F64B73BC403FFFFFFFFFFFC9FFF000049161787431D2540A2E323
0D802E247AE28429F60D5097166FD9B74BC103FFFFFFFFFFFC8FFF000057161787431D2540A2E33B
0D7FE1247A898429730D50BA166FA2B73BBF03FFFFFFFFFFFC8FFF000057161787431D2540A2E353
0D8142247C628428F70D515516703CB73BBF03FFFFFFFFFFFC8FFF000056161787431D2540A2E36B
0D8192247CC584287F0D51B21670F6B73BC103FFFFFFFFFFFC9FFF000056161787431D2440A2E383
0D8192247CBC84280B0D51E716714EB74BC503FFFFFFFFFFFC9FFF000056161787431D2440A2D39B
0D815F247C6F8427960D5202167198B75BC803FFFFFFFFFFFC8FFF000056161787431D2440A2E3B3
0D8150247C5484271C0D52561671DFB76BC903FFFFFFFFFFFC9FFF000056161787431D2440A2C3CB
0D8238247D968426A80D5264167236B77BC903FFFFFFFFFFFC8FFF000056161787431D2440A2C3E3
0D82C2247E498426310D52D0167233B76BC903FFFFFFFFFFFC7FFF000056161787431D2440A2C3FB
0D82C0247E368425B30D530E16723DB76BC803FFFFFFFFFFFC8FFF000056161787431D2440A2C313
0D82FE247E888425380D5335167265B77BC703FFFFFFFFFFFC9FFF000056161787431D2440A2C32B
0D834B247EE98424BC0D53741672C9B77BC903FFFFFFFFFFFC9FFF000056161786431D2440A2C343
0D8392247F4184243D0D53BB1672D9B78BCB03FFFFFFFFFFFC8FFF000054161786431D2440A2C35B
0D83AC247F5C8423CF0D5444167313B78BCC03FFFFFFFFFFFC7FFF000049161786431D2440A2B373
0D852C2481868423630D556B1673AFB78BCD03FFFFFFFFFFFC9FFF000055161786431D2440A2B38B
0D85652481BD8422E90D55E016744CB78BCD03FFFFFFFFFFFC9FFF000055161786431D2440A2A3A3
0D85F024829B8422670D5631167422B78BCD03FFFFFFFFFFFCAFFF000055161786431D2340A2A3BB
0D87D024852B8421E40D57BA1674B2B79BCA03FFFFFFFFFFFC8FFF00004F161786431D2340A2A3D3
0D88392485AD84216E0D585D16754FB79BCA03FFFFFFFFFFFC8FFF00004D161786431D2340A2A3EB
0D88442485BE8420FF0D588B167638B7ABCC03FFFFFFFFFFFC8FFF000055161786431D2340A2A303
0D881C2485668420890D58631676C6B7BBCE03FFFFFFFFFFFC8FFF000055161786431D2340A2A31B
0D873324842984200C0D575B1676DCB7CBCE03FFFFFFFFFFFC8FFF00004E161786431D2340A29333
0D88DB248679841F900D587D1676AFB7DBCB03FFFFFFFFFFFC7FFF00004D161786431D2340A2934B
0D89ED2487ED841F1D0D59FE1676F5B7DBC803FFFFFFFFFFFC8FFF000054161786431D2340A28363
0D8A3824884C841EA50D5A87167766B7CBC603FFFFFFFFFFFC8FFF000054161786431D2340A2837B
0D8A0E248807841E2A0D5A6C1677F7B7DBC503FFFFFFFFFFFC8FFF000054161786431D2340A28393
0D8AF6248974841DB50D5B2816785DB7DBC503FFFFFFFFFFFC8FFF000050161786431D2340A283AB
0D8C7D248B7A841D390D5C9116785DB7EBC603FFFFFFFFFFFC8FFF00004A161786431D2340A283C3
0D8CF1248C17841CBE0D5D20167897B7FBC703FFFFFFFFFFFC8FFF000054161786431D2340A273DB
0D8D2C248C6C841C440D5DAE167922B7FBC703FFFFFFFFFFFC9FFF000054161786431D2240A283F3
0D8E0C248D9A841BCD0D5E311679E9B7FBC903FFFFFFFFFFFC8FFF000054161786431D2240A2730B
0D8E3E248DDA841B5B0D5E74167A7CB80BCD03FFFFFFFFFFFC8FFF000054161786431D2240A26323
0D8EC6248E90841AE80D5EB6167AD9B81BCF03FFFFFFFFFFFC8FFF000054161786431D2240A2633B
0D8EAE248E6D841A6A0D5EE9167AEEB82BCF03FFFFFFFFFFFC8FFF000054161786431D2240A26353
0D905F2490E28419E90D601B167AF1B82BCE03FFFFFFFFFFFC8FFF000045161786431D2240A2636B
0D91BC2492C18419700D61A7167B35B82BCE03FFFFFFFFFFFC9FFF000045161786431D2240A26383
0D92652493A18418FB0D624D167C0CB82BD003FFFFFFFFFFFC8FFF000053161786431D2240A2639B
0D925F24938B8418870D62B9167CF5B83BD303FFFFFFFFFFFC7FFF000053161786431D2240A263B3
0D91CA2492BE8418140D6222167D89B84BD603FFFFFFFFFFFC7FFF000053161785431D2240A243CB
0D92BE24940C84179F0D62DD167DCCB85BD603FFFFFFFFFFFC9FFF000053161785431D2240A243E3
0D932524949B8417210D6340167DBAB85BD503FFFFFFFFFFFC9FFF00004C161785431D2240A243FB
0D93DA2495718416A50D63AE167DF7B85BD403FFFFFFFFFFFC9FFF000053161785431D2240A24313
0D942D24960184162C0D642E167E5CB86BD303FFFFFFFFFFFC8FFF000053161785431D2140A2432B
0D952124975F8415B20D6506167F21B86BD503FFFFFFFFFFFC8FFF000053161785431D2140A24343
0D952F24976784153B0D6541167FFDB86BD803FFFFFFFFFFFC8FFF00004C161785431D2140A2435B
0D955B2497968414C80D65F616802AB87BD803FFFFFFFFFFFC8FFF00004B161785431D2140A23373
0D95EC2498778414560D663B16806EB87BD503FFFFFFFFFFFC8FFF000052161785431D2140A2238B
0D96422498D18413DC0D667F1680D0B88BD203FFFFFFFFFFFC8FFF000053161785431D2140A223A3
0D963A2498C28413620D6699168107B89BD203FFFFFFFFFFFC8FFF00004B161785431D2140A223BB
0D9726249A0C8412E70D670B1680FFB89BD203FFFFFFFFFFFC8FFF000052161785431D2140A223D3
0D9738249A1384126E0D67331680F7B89BD203FFFFFFFFFFFC9FFF000052161785431D2140A223EB
0D9758249A348411EE0D675F16814CB89BD403FFFFFFFFFFFCAFFF000052161785431D2140A22303
0D9796249A8E8411730D677D1681E2B8ABD703FFFFFFFFFFFC9FFF000052161785431D2140A2131B
0D97FA249B1784110A0D67C8168243B8ABDA03FFFFFFFFFFFC9FFF000052161785431D2140A21333
0D98E1249C588410990D68F116823BB8ABDB03FFFFFFFFFFFC6FFF000052161785431D2140A2134B
0D988E249BC184101D0D68961682E9B8ABD803FFFFFFFFFFFC9FFF000052161785431D2140A20363
0D9A02249DF2840FA40D69D616831BB8BBD503FFFFFFFFFFFC8FFF000052161785431D2040A2037B
0D9B9024A014840F230D6B461682F7B8BBD403FFFFFFFFFFFC8FFF000052161785431D2040A20393
0D9C1124A0C2840E9B0D6BE21682F4B8BBD203FFFFFFFFFFFC8FFF000052161785431D2040A203AB
0D9D1724A23A840E250D6C6E16844FB8BBD303FFFFFFFFFFFC8FFF00004A161785431D2040A203C3
0D9D6E24A2B0840DBC0D6D6916852FB8CBD603FFFFFFFFFFFC8FFF000051161785431D2040A203DB
0D9DA824A2F1840D520D6D8C1685DDB8DBDB03FFFFFFFFFFFC8FFF000051161785431D2040A203F3
0D9D0224A1F3840CD80D6D26168618B8EBDC03FFFFFFFFFFFC8FFF00004E161785431D2040A2030B
0D9DB624A31C840C560D6E1C1685D9B8EBDA03FFFFFFFFFFFC9FFF000046161785431D2040A1E323
0D9EDF24A49C840BD80D6E951685DCB8EBD903FFFFFFFFFFFC8FFF000049161784431D2040A1E33B
0D9ED024A47E840B620D6EA6168671B8EBDA03FFFFFFFFFFFC8FFF000049161784431D2040A1E353
0D9ED524A47A840AEC0D6E971686E1B8FBDE03FFFFFFFFFFFC9FFF000050161784431D2040A1E36B
0D9E3224A37E840A6B0D6E4516872DB90BE103FFFFFFFFFFFC9FFF000051161784431D2040A1E383
0D9E4724A3A18409F30D6EA8168710B91BE303FFFFFFFFFFFC9FFF00004B161784431D2040A1E39B
0D9EF624A4998409850D6F34168774B91BE203FFFFFFFFFFFC9FFF00004F161784431D1F40A1D3B3
0DA00524A6068409170D6FCA1687BFB91BE003FFFFFFFFFFFC9FFF000051161784431D1F40A1D3CB
0D9FBE24A59984089F0D702F1687ACB91BDE03FFFFFFFFFFFC9FFF000051161784431D1F40A1C3E3
0DA00A24A6038408210D70C61687BCB90BDC03FFFFFFFFFFFC9FFF00004A161784431D1F40A1C3FB
0DA18724A80B84079A0D7131168791B90BDC03FFFFFFFFFFFC9FFF000050161784431D1F40A1C313
0DA1B124A83C84071C0D71571687A5B90BE003FFFFFFFFFFFC9FFF000050161784431D1F40A1C32B
0DA17F24A7FA8406B80D7171168863B90BE603FFFFFFFFFFFC9FFF000050161784431D1F40A1C343
0DA22B24A8E084064F0D71DA1688E4B90BEC03FFFFFFFFFFFC9FFF000050161784431D1F40A1C35B
0DA1B724A8218405CC0D71A21688E7B90BF203FFFFFFFFFFFC9FFF000050161784431D1F40A1A373
0DA1F824A88A8405460D719A168979B91BF303FFFFFFFFFFFC9FFF000050161784431D1F40A1B38B
0DA25B24A9068404D70D71FA1689C8B91BF103FFFFFFFFFFFC9FFF000048161784431D1F40A1A3A3
0DA2D524A9A984045C0D728016899BB91BEF03FFFFFFFFFFFC9FFF000050161784431D1F40A1A3BB
0DA2CD24A98C8403E10D72611689E4B91BEB03FFFFFFFFFFFC9FFF000050161784431D1F40A1A3D3
0DA2AF24A96C8403710D731F168A60B92BE603FFFFFFFFFFFC9FFF000050161784431D1E40A1A3EB
0DA41224AB628402F30D7407168A64B92BE503FFFFFFFFFFFC9FFF000050161784431D1E40A1A303
0DA49D24AC1B84026C0D740C168A62B92BE403FFFFFFFFFFFC9FFF00004F161784431D1E40A1A31B
0DA55B24AD1D8401F50D74DE168B56B92BE203FFFFFFFFFFFC9FFF000049161784431D1E40A19333
0DA5A724AD828401880D7549168C16B92BE303FFFFFFFFFFFC9FFF000047161784431D1E40A1934B
0DA57F24AD2D8401160D7557168C59B93BE403FFFFFFFFFFFC9FFF00004B161784431D1E40A18363
0DA4FE24AC6F84009A0D751C168C61B93BE203FFFFFFFFFFFC9FFF000044161784431D1E40A1837B
0DA5ED24ADE38400150D75EB168C46B94BDF03FFFFFFFFFFFC9FFF00004F161784431D1E40A18393
0DA72024AF7383FF8D0D7680168C93B94BDD03FFFFFFFFFFFC8FFF000048161784431D1E40A183AB
0DA75A24AFC583FF120D76E8168D0AB93BDE03FFFFFFFFFFFC8FFF00004F161783431D1E40A173C3
0DA78324AFF683FE9B0D7748168D47B93BDF03FFFFFFFFFFFC8FFF000049161783431D1E40A183DB
0DA7A424B02283FE290D7797168DA9B94BDF03FFFFFFFFFFFC9FFF00004D161783431D1E40A173F3
0DA75924AFA883FDB90D7789168DF7B94BDF03FFFFFFFFFFFC9FFF00004A161783431D1D40A1630B
0DA86824B12D83FD3F0D7949168DE5B94BDF03FFFFFFFFFFFC8FFF000045161783431D1D40A16323
0DAA1024B3AD83FCC10D79DA168E14B94BDE03FFFFFFFFFFFC8FFF00004E161783431D1D40A1633B
0DAC3E24B6BD83FC3F0D7BA1168EF0B94BDD03FFFFFFFFFFFC8FFF00004F161783431D1D40A16353
0DACDD24B79D83FBBD0D7C85168F7AB95BDF03FFFFFFFFFFFC8FFF00004E161783431D1D40A1636B
0DAD8B24B89C83FB3F0D7D78168FE5B96BE203FFFFFFFFFFFC8FFF00004E161783431D1D40A16383
0DAE6F24B9D383FAC60D7E53169121B96BE403FFFFFFFFFFFC9FFF000047161783431D1D40A1539B
0DAEBD24BA4D83FA530D7E89169254B97BE703FFFFFFFFFFFC8FFF00004E161783431D1D40A143B3
0DAF3624BAF183F9E00D7EFD1692E9B98BE803FFFFFFFFFFFC8FFF00004E161783431D1D40A143CB
0DAFC224BBA083F9670D804B169324B99BE603FFFFFFFFFFFC8FFF00004E161783431D1D40A153E3
0DAF4B24BB0983F8EB0D80841693AAB99BE203FFFFFFFFFFFC9FFF00004E161783431D1D40A143FB
0DB1CA24BEA283F86D0D81FF1693BEB9ABE003FFFFFFFFFFFC8FFF00004E161783431D1D40A14313
0DB31124C06A83F7EF0D82E0169416B9BBDF03FFFFFFFFFFFC8FFF00004E161783431D1C40A1432B
0DB40D24C1CE83F76B0D8355169403B9BBE203FFFFFFFFFFFC8FFF00004E161783431D1C40A13343
0DB47824C25783F6E70D842B169540B9CBE603FFFFFFFFFFFC8FFF000047161783431D1C40A1335B
0DB38924C12983F67B0D84C11696A7B9CBEA03FFFFFFFFFFFC8FFF00004E161783431D1C40A13373
0DB5C524C45183F60D0D85971696D7B9DBEE03FFFFFFFFFFFC9FFF00004E161783431D1C40A1338B
0DB5B124C41083F5930D8572169777B9EBED03FFFFFFFFFFFC9FFF000048161783431D1C40A123A3
0DB72824C66D83F50C0D864E1697B4B9EBEB03FFFFFFFFFFFCAFFF000045161783431D1C40A123BB
0DB99824C9BB83F48A0D889E169754B9EBEA03FFFFFFFFFFFC9FFF00004D161783431D1C40A123D3
0DB99724C9B383F4110D88FD169802B9EBEA03FFFFFFFFFFFC8FFF00004D161783431D1C40A123EB
0DB94D24C94683F3980D88F816993FB9FBEB03FFFFFFFFFFFCAFFF00004D161783431D1C40A12303
0DB8FE24C8C783F3200D884D169A01BA0BEF03FFFFFFFFFFFCAFFF00004D161783431D1C40A1231B
0DB98824C9A183F2AA0D8932169A77BA0BF103FFFFFFFFFFFC8FFF00004D161783431D1B40A12333
0DBA3F24CA9483F23F0D8983169AD6BA1BF003FFFFFFFFFFFC8FFF000046161782431D1B40A1134B
0DBBDF24CD0383F1CF0D8AFB169AEFBA1BED03FFFFFFFFFFFC9FFF000045161782431D1B40A10363
0DBC3424CD8C83F1490D8C1F169AF8BA1BE9040FFFFFFFFFFC8FFF000047161782431D1B40A1037B
0DBEED24D15C83F0B90D8D1C169AFDBA1BE903FFFFFFFFFFFC9FFF00004B161782431D1B40A10393
0DBF5224D1E583F03F0D8E4B169C84BA1BEA03FFFFFFFFFFFC9FFF000042161782431D1B40A0F3AB
0DBE4E24D07883EFDD0D8E6B169E28BA2BEE03FFFFFFFFFFFC9FFF000049161782431D1B40A103C3
0DBF8F24D23983EF750D8EED169EA5BA3BF203FFFFFFFFFFFC9FFF00004D161782431D1B40A0F3DB
0DBF1724D17983EEFC0D8E49169EC2BA4BF203FFFFFFFFFFFC8FFF000045161782431D1B40A0F3F3
0DC0F024D46283EE760D8FFA169EE6BA4BEF03FFFFFFFFFFFCAFFF00003E161782431D1B40A0E30B
0DC2DF24D70483EDF50D91B5169F0FBA4BED03FFFFFFFFFFFC9FFF00004C161782431D1B40A0E323
0DC37F24D7EA83ED7F0D92B016A027BA4BEE03FFFFFFFFFFFC8FFF000045161782431D1B40A0E33B
0DC36124D7B983ED0B0D93A216A15CBA5BEE03FFFFFFFFFFFC9FFF00004C161782431D1B40A0E353
0DC3BA24D84183EC9A0D93CF16A247BA6BEF03FFFFFFFFFFFC9FFF000042161782431D1A40A0E36B
0DC40824D89B83EC1F0D940816A2B2BA7BEF043FFFFFFFFFFC9FFF000048161782431D1A40A0E383
0DC4D224D9DD83EBA10D94CF16A2E0BA7BED041FFFFFFFFFFC8FFF00004B161782431D1A40A0D39B
0DC5D424DB3783EB270D954B16A2F4BA8BEC03FFFFFFFFFFFC8FFF000045161782431D1A40A0D3B3
0DC65924DBF483EAB40D95D416A3C4BA8BEC03FFFFFFFFFFFC9FFF00004C161782431D1A40A0D3CB
0DC71724DCFC83EA400D964916A416BA8BEE03FFFFFFFFFFFC8FFF00004C161782431D1A40A0C3E3
0DC6C724DC7483E9CA0D969916A46BBA8BF003FFFFFFFFFFFC8FFF00004C161782431D1A40A0C3FB
0DC71224DCE783E94C0D975216A4D1BA8BF103FFFFFFFFFFFC9FFF00004C161782431D1A40A0C313
0DC8A824DF3983E8CD0D97EE16A513BA8BF203FFFFFFFFFFFC9FFF00004C161782431D1A40A0C32B
0DC8F024DF8A83E85C0D987516A563BA8BF303FFFFFFFFFFFCAFFF000044161782431D1A40A0C343
0DCA8D24E1FA83E7EA0D9A0016A5DABA9BF403FFFFFFFFFFFC9FFF00004B161782431D1A40A0C35B
0DCAEA24E26A83E76D0D9A0F16A63ABA8BF503FFFFFFFFFFFC8FFF00003E161782431D1A40A0C373
0DCA2A24E16883E6EA0D9A1116A727BA9BF803FFFFFFFFFFFC8FFF00004B161782431D1940A0B38B
0DCC8724E4B583E6710D9B6816A78DBAABFA03FFFFFFFFFFFC8FFF00004A161782431D1940A0B3A3
0DCCC624E50883E6080D9C1016A877BAABFB03FFFFFFFFFFFC9FFF000044161782431D1940A0A3BB
0DCCEB24E54583E59F0D9BE416A92CBAABFA03FFFFFFFFFFFC8FFF00004B161782431D1940A0A3D3
0DCC8B24E49283E51E0D9B4D16A961BABBF703FFFFFFFFFFFC8FFF000044161781431D1940A0A3EB
0DCCEC24E55683E4940D9BF516A945BABBF503FFFFFFFFFFFC9FFF00004B161781431D1940A0A303
0DCE7A24E76B83E41C0D9D3A16A989BABBF3041FFFFFFFFFFC9FFF00004B161781431D1940A0A31B
0DCE6424E74583E3AA0D9D9916AA62BABBF3040FFFFFFFFFFC9FFF00004B161781431D1940A0A333
0DCE7024E75383E3380D9D9316AAA9BACBF303FFFFFFFFFFFC8FFF000044161781431D1940A0834B
0DCE1224E6BF83E2C80D9CFF16AAE0BABBF303FFFFFFFFFFFC9FFF00004B161781431D1940A08363
0DCEC224E7B883E24B0D9E0516AAB2BACBF203FFFFFFFFFFFC9FFF00004B161781431D1940A0837B
0DCF4924E87683E1CC0D9E7416AAE9BACBF203FFFFFFFFFFFC9FFF00003E161781431D1940A08393
0DCFE324E95783E1550D9ED716AAFFBACBF203FFFFFFFFFFFC9FFF000048161781431D1840A083AB
0DD05224E9E883E0DA0D9F3816AB5EBACBF403FFFFFFFFFFFC9FFF00004A161781431D1840A083C3
0DD02924E99E83E05D0D9F5E16ABFBBABBF603FFFFFFFFFFFC8FFF000043161781431D1840A083DB
0DCFF424E95683DFED0D9F5816AC45BABBFA03FFFFFFFFFFFC9FFF000049161781431D1840A073F3
0DD0FF24EADC83DF7D0DA0A816AC9ABACBFB03FFFFFFFFFFFC9FFF000043161781431D1840A0730B
0DD1AC24EBC383DF010DA0D616AD45BABBFA03FFFFFFFFFFFC8FFF00004A161781431D1840A06323
0DD10D24EAD283DE870DA10516AD7BBABBF703FFFFFFFFFFFC8FFF000043161781431D1840A0633B
0DD27224ECFE83DE0B0DA1D216AD83BACBF503FFFFFFFFFFFC9FFF00004A161781431D1840A06353
0DD35424EE2883DD910DA29516AE2FBACBF403FFFFFFFFFFFC9FFF00004A161781431D1840A0636B
0DD48A24EFF483DD170DA3E616AEC6BACBF503FFFFFFFFFFFC8FFF00004A161781431D1840A06383
0DD4FA24F08C83DCA00DA47316AF7FBACBF603FFFFFFFFFFFC9FFF00004A161781431D1840A0639B
0DD65B24F29783DC320DA5FF16B010BACBF503FFFFFFFFFFFC8FFF00004A161781431D1840A053B3
0DD73624F40B83DBC00DA7BF16B0BABADBF403FFFFFFFFFFFC8FFF000043161781431D1840A043CB
0DD79E24F48083DB460DA7E016B18BBADBF303FFFFFFFFFFFC8FFF00004A161781431D1740A043E3
0DD85E24F5C983DAC10DA8A716B1D9BADBF403FFFFFFFFFFFC8FFF000043161781431D1740A043FB
0DDAFC24F95B83DA3E0DA9A116B259BAEBF603FFFFFFFFFFFC8FFF00004A161781431D1740A04313
0DDB3C24F9B083D9C90DAA2316B2F7BAEBF803FFFFFFFFFFFC9FFF00004A161781431D1740A0432B
0DDADD24F92483D95F0DAA0016B3BABAFBFC03FFFFFFFFFFFC9FFF000049161781431D1740A04343
0DDAF324F93883D8ED0DA9AC16B437BAFBFE03FFFFFFFFFFFC9FFF000049161781431D1740A0435B
0DDA9624F8A283D86F0DA99316B45EBB0BFE03FFFFFFFFFFFC9FFF000042161781431D1740A04373
0DDB9424FA5783D7F20DAB6F16B44DBB0BFC03FFFFFFFFFFFC9FFF000048161781431D1740A0338B
0DDDFC24FDD083D77B0DAD3616B4FBBB0BF903FFFFFFFFFFFCAFFF000049161780431D1740A023A3
0DDE6924FE5483D7010DAD5916B5EBBAFBF903FFFFFFFFFFFCBFFF000042161780431D1740A023BB
0DDD3524FC8683D67F0DAD5116B665BAFBF9044FFFFFFFFFFCAFFF000048161780431D1740A023D3
0DDDFB24FDCA83D6040DAE1616B6D7BB1BFA03FFFFFFFFFFFC9FFF000049161780431D1740A023EB
0DE0032500C683D58E0DAF3916B771BB2BFC03FFFFFFFFFFFC9FFF00003B161780431D1640A02303
0DE0CA2501ED83D5200DAFA416B846BB3BFD03FFFFFFFFFFFC9FFF000049161780431D1640A0131B
0DE1372502A083D4B20DB02116B8EEBB3BFC03FFFFFFFFFFFC9FFF000049161780431D1640A02333
0DE2F125058683D4310DB34516B8D0BB4BFA03FFFFFFFFFFFC9FFF000049161780431D1640A0134B
0DE50B2508B983D3AA0DB42C16B9BEBB4BF803FFFFFFFFFFFC9FFF000049161780431D1640A01363
0DE8B7250E1F83D32E0DB6DE16BB2CBB5BF903FFFFFFFFFFFC9FFF000049161780431D1640A0137B
0DE84F250D7983D2C00DB75F16BD74BB6BFB03FFFFFFFFFFFCAFFF000049161780431D1640A00393
0DE805250D0083D2510DB6DF16BE56BB9BFD03FFFFFFFFFFFC9FFF000049161780431D1640A003AB
0DE73B250BBE83D1D80DB6CF16BE6BBBBBFC03FFFFFFFFFFFC8FFF000048161780431D1640A003C3
0DE89E250E1983D15D0DB75416BE10BBDBFB03FFFFFFFFFFFC9FFF00003A161780431D1640A003DB
0DEC0C25130083D0DD0DBA8B16BE3FBBDBFA03FFFFFFFFFFFC8FFF000048161780431D16409FF3F3
0DECDD25143E83D0680DBB7C16BF41BBCBFC03FFFFFFFFFFFC8FFF000048161780431D16409FE30B
0DED6D2514FA83CFF20DBC6416C09BBBCC0003FFFFFFFFFFFC9FFF00003B161780431D15409FE323
0DEDAD25152A83CF760DBC7516C1CEBBDC0303FFFFFFFFFFFC9FFF000046161780431D15409FE33B
0DED8D25151183CEF90DBDE816C282BBEC0403FFFFFFFFFFFC8FFF000048161780431D15409FE353
0DEF7D25180483CE830DBF3E16C2D4BBEC0303FFFFFFFFFFFC8FFF000048161780431D15409FE36B
0DF16F251AB483CE0C0DC06A16C439BBDC02042FFFFFFFFFFC8FFF000048161780431D15409FE383
0DF15D251A9383CDA10DBF8A16C550BBDC01043FFFFFFFFFFC8FFF000043161780431D15409FE39B
0DF131251A3483CD360DC09716C54CBBDC01043FFFFFFFFFFC8FFF000046161780431D15409FD3B3
0DF1BD251B5583CCAE0DC1A716C43FBBDC0103FFFFFFFFFFFC9FFF000048161780431D15409FD3CB
0DF4D4251F9E83CC220DC2BC16C41DBBDC0203FFFFFFFFFFFCAFFF000040161780431D15409FC3E3
0DF54A25203483CBA10DC3C316C5E5BBCC0503FFFFFFFFFFFCAFFF000047161780431D15409FC3FB
0DF55925204783CB2E0DC3BA16C7ACBBCC0B03FFFFFFFFFFFC9FFF000047161780431D15409FC313
0DF4FB251FB383CACB0DC38216C859BBDC1003FFFFFFFFFFFC8FFF00003D161780431D15409FC32B
0DF455251EBA83CA600DC32916C87ABBDC1003FFFFFFFFFFFC8FFF000043161780431D15409FC343
0DF489251EFB83C9E10DC35416C865BBEC0C03FFFFFFFFFFFC8FFF000040161780431D14409FC35B
0DF58025205183C95A0DC3B416C822BBDC0903FFFFFFFFFFFC7FFF000047161780431D14409FA373
0DF60D25210583C8DC0DC47116C831BBCC0703FFFFFFFFFFFC8FFF000046161780431D14409FB38B
0DF67D25219783C8600DC50D16C8A7BBBC0903FFFFFFFFFFFC9FFF000041161780431D14409FA3A3
0DF67125218783C7F10DC54D16C958BBAC0C03FFFFFFFFFFFC8FFF000046161780431D14409FA3BB
0DF6842521A283C77D0DC4EC16C9E1BBAC0F03FFFFFFFFFFFC8FFF000040161780431D14409FA3D3
0DF7382522A083C7030DC5AD16C9FEBBAC0F03FFFFFFFFFFFCAFFF00004716177F431D14409FA3EB
0DF7B725236483C68A0DC6D616CA55BBBC0C03FFFFFFFFFFFC9FFF00004716177F431D14409FA303
0DF9492525A183C6180DC83716CA79BBBC0903FFFFFFFFFFFCAFFF00004716177F431D14409FA31B
0DF9A325262383C5A10DC89116CB08BBAC0703FFFFFFFFFFFCBFFF00004016177F431D14409F9333
0DF97A2525DC83C51D0DC86E16CB9EBB9C0703FFFFFFFFFFFC9FFF00004616177F431D13409F834B
0DFA972527A483C49F0DC94F16CC26BB9C0903FFFFFFFFFFFC9FFF00004716177F431D13409F9363
0DFCF1252AF883C4260DCB6916CC96BBAC0C03FFFFFFFFFFFC8FFF00004016177F431D13409F837B
0DFD47252B6C83C3BE0DCCA716CDBCBBAC0E03FFFFFFFFFFFC9FFF00004616177F431D13409F8393
0DFD23252B4783C3520DCC8416CEC2BBAC0E03FFFFFFFFFFFCAFFF00004716177F431D13409F83AB
0DFE97252D8C83C2D10DCCDE16CEDCBBAC0C03FFFFFFFFFFFCAFFF00003F16177F431D13409F83C3
0E01E125329483C24F0DCE2916CF71BBAC0B03FFFFFFFFFFFC9FFF00004616177F431D13409F73DB
0E043E2535E183C1D10DD24E16D037BB9C0A03FFFFFFFFFFFC9FFF00004616177F431D13409F73F3
0E048425365183C15A0DD30916D24BBB9C0B03FFFFFFFFFFFC8FFF00003F16177F431D13409F830B
0E044C25360383C0E20DD30516D3C2BBAC0A03FFFFFFFFFFFC8FFF00004516177F431D13409F6323
0E04C525369683C06B0DD34B16D449BBAC0803FFFFFFFFFFFC9FFF00004516177F431D13409F633B
0E04A72536A383BFFC0DD4E416D51ABBBC0603FFFFFFFFFFFC9FFF00003F16177F431D13409F6353
0E07F8253BAF83BF8E0DD68116D5DDBBBC0403FFFFFFFFFFFCAFFF00003F16177F431D12409F636B
0E0A49253EE283BF130DD88716D666BBBC0203FFFFFFFFFFFC9FFF00004516177F431D12409F6383
0E09E1253E8683BE860DD94516D725BBAC0103FFFFFFFFFFFC9FFF00004616177F431D12409F639B
0E0DC925443383BE080DDBDD16D89CBBBC0303FFFFFFFFFFFC9FFF00004616177F431D12409F53B3
0E0EAF25459283BD960DDCE116DA08BBBC0503FFFFFFFFFFFC9FFF00004616177F431D12409F53CB
0E0F732546B183BD250DDE1716DB49BBAC0703FFFFFFFFFFFC8FFF00004616177F431D12409F43E3
0E0ED72545C783BCBB0DDB3216DC95BBAC0703FFFFFFFFFFFC8FFF00004116177F431D12409F43FB
0E0F762546CE83BC460DDD9516DBDABBBC0603FFFFFFFFFFFC9FFF00003C16177F431D12409F4313
0E112A25494483BBBF0DDF9416DAC5BBBC04040FFFFFFFFFFC9FFF00004616177F431D12409F432B
0E12D7254BCC83BB370DE09016DB5CBBBC0303FFFFFFFFFFFC9FFF00004616177F431D12409F4343
0E13DE254D5483BAC00DE1B216DDAABBBC0603FFFFFFFFFFFC8FFF00003F16177F431D12409F435B
0E146F254E2B83BA4E0DE28516DEC7BBCC0A03FFFFFFFFFFFC8FFF00004416177F431D11409F3373
0E143E254DDF83B9DD0DE23E16E009BBDC0F03FFFFFFFFFFFC9FFF00003E16177F431D11409F238B
0E1430254DD783B96A0DE1BE16E089BBDC0F03FFFFFFFFFFFCAFFF00004416177F431D11409F23A3
0E16362550F483B8EF0DE40916E0A1BBEC0D03FFFFFFFFFFFC9FFF00004516177F431D11409F23BB
0E17712552BA83B86C0DE64E16E110BBDC0A03FFFFFFFFFFFC9FFF00004516177F431D11409F23D3
0E18DA2554BE83B7E90DE78C16E160BBDC0703FFFFFFFFFFFC9FFF00004516177F431D11409F23EB
0E1A7525573A83B7730DE85F16E3BDBBCC0603FFFFFFFFFFFCAFFF00004516177E431D11409F2303
0E1AB525578A83B7090DE88216E502BBBC0903FFFFFFFFFFFC9FFF00004316177E431D11409F231B
0E1A8425573083B6960DE8FC16E5AEBBBC0B03FFFFFFFFFFFC8FFF00004416177E431D11409F1333
0E196D2555A583B60C0DE7FD16E5D5BBCC0A03FFFFFFFFFFFC8FFF00003716177E431D11409F134B
0E1BB025590683B58A0DE9A416E60EBBCC0803FFFFFFFFFFFC9FFF00004516177E431D11409F0363
0E1C7E255A3283B51A0DEA8916E70BBBBC0603FFFFFFFFFFFC8FFF00004516177E431D11409F037B
0E1CE9255AD083B4AD0DEB0416E7A8BBBC0603FFFFFFFFFFFC8FFF00003716177E431D10409F0393
0E1CB3255A7283B4360DEAD416E82ABBCC0403FFFFFFFFFFFC9FFF00003F16177E431D10409F03AB
0E1C7E255A3483B3B50DEC7016E831BBCC0203FFFFFFFFFFFC9FFF00004316177E431D10409F03C3
0E20D12560F083B3350DEED416E886BBCC0203FFFFFFFFFFFC9FFF00004416177E431D10409F03DB
0E21D125624483B2B70DF05816E93EBBDC01043FFFFFFFFFFC9FFF00003D16177E431D10409EF3F3
0E224D2562F283B2440DF0E716EAD4BBDC03040FFFFFFFFFFCAFFF00004416177E431D10409EF30B
0E22442562D283B1D50DF14D16EBD5BBEC0603FFFFFFFFFFFCAFFF00004316177E431D10409EE323
0E226425631883B1550DF1B616EC91BBEC0A03FFFFFFFFFFFC9FFF00003716177E431D10409EE33B
0E201E255F9C83B0D70DF12C16ED07BBEC0A03FFFFFFFFFFFC9FFF00004416177E431D10409EE353
0E26102568C183B0610DF44B16ED1FBBEC0903FFFFFFFFFFFC9FFF00004416177E431D10409EE36B
0E277A256AA983AFF10DF56B16EE2DBBFC0803FFFFFFFFFFFC9FFF00003616177E431D10409EE383
0E26B725698283AF750DF52116EF63BBFC09041FFFFFFFFFFC8FFF00004316177E431D10409EE39B
0E26262568A183AEF20DF69C16EFC2BBEC0903FFFFFFFFFFFC9FFF00003D16177E431D0F409EE3B3
0E28D1256D1383AE770DF8CD16F078BBEC0903FFFFFFFFFFFC9FFF00004316177E431D0F409EE3CB
0E2CED2572E283AE040DFABD16F1EABBDC0903FFFFFFFFFFFC9FFF00003D16177E431D0F409ED3E3
0E2CA025727483AD900DFAA816F34ABBCC0A03FFFFFFFFFFFC9FFF00004416177E431D0F409EC3FB
0E2A7D256EFC83AD0C0DFA2C16F3EBBBCC0A03FFFFFFFFFFFC9FFF00004416177E431D0F409EC313
0E2AF425700383AC8D0DFC1016F42BBBCC0903FFFFFFFFFFFCAFFF00003C16177E431D0F409EC32B
0E2EB025758B83AC220DFCE016F53ABBDC0903FFFFFFFFFFFC9FFF00004416177E431D0F409EC343
0E305A25781283ABB60DFE0616F5EDBBCC0903FFFFFFFFFFFC9FFF00004316177E431D0F409EC35B
0E2FD125772E83AB3C0DFDE916F6CFBBCC0803FFFFFFFFFFFC9FFF00003D16177E431D0F409EB373
0E30BF2578CB83AAAE0DFE9916F618BBCC0803FFFFFFFFFFFC8FFF00004316177E431D0F409EB38B
0E3353257C8B83AA290E007E16F663BBCC0803FFFFFFFFFFFC8FFF00004316177E431D0E409EA3A3
0E33B6257D1F83A9B70E014C16F819BBCC0A03FFFFFFFFFFFC9FFF00004316177E431D0E409EB3BB
0E3421257DBA83A9460E01E916F948BBCC0F03FFFFFFFFFFFC9FFF00004316177E431D0E409EA3D3
0E33F7257D6583A8D20E015016FA2EBBDC1303FFFFFFFFFFFCAFFF00003C16177E431D0E409EA3EB
0E335A257C9783A85C0E01DA16FA7FBBDC1203FFFFFFFFFFFC9FFF00004216177E431D0E409EA303
0E379D25832883A7E50E067016FA57BBDC0E03FFFFFFFFFFFC8FFF00004016177E431D0E409E931B
0E39DC25866A83A7680E07FC16FACBBBCC0A03FFFFFFFFFFFC8FFF00003F16177D431D0E409E9333
0E39A025861C83A6E90E081B16FC58BBCC0803FFFFFFFFFFFC9FFF00004316177D431D0E409E934B
0E3AD225880F83A6660E087916FE18BBCC0A040FFFFFFFFFFC9FFF00004316177D431D0E409E9363
0E3BDB25896D83A5EB0E09DE16FF83BBCC0E041FFFFFFFFFFCAFFF00004216177D431D0E409E837B
0E3C58258A2F83A57F0E0AAB1700E1BBBC1003FFFFFFFFFFFC8FFF00004216177D431D0E409E8393
0E3D7A258BF483A5150E0B6C170112BBCC0D03FFFFFFFFFFFC9FFF00003D16177D431D0E409E83AB
0E3CCA258AB383A49C0E0B2C1701E1BBCC0903FFFFFFFFFFFC9FFF00004116177D431D0D409E83C3
0E3D75258C2383A41A0E0C161701B6BBCC0603FFFFFFFFFFFC8FFF00004316177D431D0D409E83DB
0E426325935783A3940E0F7C1701D0BBBC0703FFFFFFFFFFFC9FFF00004316177D431D0D409E83F3
0E43AB25955A83A3120E113A1702F4BBAC0A03FFFFFFFFFFFC9FFF00003B16177D431D0D409E830B
0E44192595FA83A2A10E123C17056CBBBC0E03FFFFFFFFFFFC9FFF00004216177D431D0D409E7323
0E459F25984183A2350E136B170706BBBC1003FFFFFFFFFFFC9FFF00003B16177D431D0D409E733B
0E46AD2599C483A1BE0E14B317085FBBAC1003FFFFFFFFFFFC9FFF00004116177D431D0D409E6353
0E44C32596E383A13F0E143A170913BBAC0C03FFFFFFFFFFFC9FFF00004116177D431D0D409E636B
0E49E4259F2183A0C00E18F717091FBBAC0803FFFFFFFFFFFCAFFF00003C16177D431D0D409E6383
0E4D1625A3B883A04B0E1B7E170A5FBBAC0703FFFFFFFFFFFCAFFF00004216177D431D0D409E639B
0E4EA725A607839FDB0E1C9F170D04BBAC0803FFFFFFFFFFFCAFFF00003B16177D431D0D409E53B3
0E4DBC25A4AD839F5E0E1C0D170E50BBAC0A03FFFFFFFFFFFCAFFF00004216177D431D0C409E53CB
0E4C6525A27A839EDA0E1BDD170F11BBAC0C03FFFFFFFFFFFC9FFF00004216177D431D0C409E53E3
0E501E25A864839E5B0E1DD3170FC9BBAC0B03FFFFFFFFFFFCBFFF00004216177D431D0C409E43FB
0E50BB25A933839DE80E1E461710B9BB9C0A03FFFFFFFFFFFCAFFF00004216177D431D0C409E4313
0E514225A9F7839D780E1EBF1711A0BB9C0803FFFFFFFFFFFCAFFF00004216177D431D0C409E432B
0E50BE25A91E839D050E1EBA171233BB9C0603FFFFFFFFFFFCAFFF00004216177D431D0C409E4343
0E517F25AA8D839C870E1ED0171255BB9C0503FFFFFFFFFFFCAFFF00004216177D431D0C409E435B
0E539125AD8C839C050E225B17123BBB9C0403FFFFFFFFFFFC9FFF00004216177D431D0C409E4373
0E557625B075839B860E234D1712B7BB8C0403FFFFFFFFFFFC8FFF00003B16177D431D0C409E438B
0E55C225B0CB839B110E23D117142CBB8C0503FFFFFFFFFFFC9FFF00004216177D431D0C409E43A3
0E55F525B110839A9C0E23B11715D7BB8C0903FFFFFFFFFFFCAFFF00004216177D431D0C409E33BB
0E55FA25B121839A230E244D171682BB9C0C041FFFFFFFFFFCAFFF00003B16177D431D0B409E23D3
0E572925B32E8399AC0E24A61716EDBBAC0C03FFFFFFFFFFFCAFFF00004116177D431D0B409E23EB
0E59EF25B72E83992D0E27DF171744BBAC0803FFFFFFFFFFFCAFFF00003A16177D431D0B409E2303
0E5A4525B79F8398B30E28B8171891BB9C0603FFFFFFFFFFFCAFFF00004116177D431D0B409E231B
0E5C7125BB3083983B0E2A75171979BB9C0503FFFFFFFFFFFC9FFF00003A16177D431D0B409E2333
0E5D6425BC4B8397C30E2B2D171A9FBB8C0703FFFFFFFFFFFCAFFF00004116177D431D0B409E234B
0E5CDF25BBA983974D0E2A09171BB9BB8C0803FFFFFFFFFFFCAFFF00004116177D431D0B409E1363
0E604025C1098396CE0E2DCB171BC7BB7C0903FFFFFFFFFFFC9FFF00003A16177C431D0B409E037B
0E60D225C1A98396540E3034171C84BB7C09043FFFFFFFFFFC9FFF00003916177C431D0B409E0393
0E62D525C4FE8395DC0E33C3171EC5BB7C0803FFFFFFFFFFFCAFFF00003D16177C431D0B409E03AB
0E669B25CA7D83956A0E34931721A6BB7C0803FFFFFFFFFFFC9FFF00003E16177C431D0B409E03C3
0E67DD25CC548394F30E33D81722B7BB7C0803FFFFFFFFFFFC9FFF00004016177C431D0A409E03DB
0E663A25C9A383946E0E351E172320BB6C0703FFFFFFFFFFFC9FFF00003A16177C431D0A409E03F3
0E683A25CD5B8393EF0E35D517243BBB6C0503FFFFFFFFFFFCAFFF00003F16177C431D0A409E030B
0E6A6325D03883937E0E377E172526BB4C0503FFFFFFFFFFFCAFFF00003B16177C431D0A409E0323
0E6A7E25D05783930F0E37A4172633BB4C0403FFFFFFFFFFFC9FFF00004116177C431D0A409DF33B
0E698525CEDA8392960E3657172653BB5C0203FFFFFFFFFFFC9FFF00004116177C431D0A409DE353
0E68B625CD7B8392120E367217262BBB6C0103FFFFFFFFFFFC9FFF00004116177C431D0A409DE36B
0E6A8925D0948391910E38401725F5BB6C0303FFFFFFFFFFFCAFFF00003A16177C431D0A409DE383
0E6BB925D22A8391190E38F9172697BB6C0403FFFFFFFFFFFCAFFF00004016177C431D0A409DE39B
0E6C2B25D2DB8390AB0E39B3172805BB5C0703FFFFFFFFFFFCAFFF00003916177C431D0A409DE3B3
0E6CA925D38A8390310E3AB3172870BB5C0803FFFFFFFFFFFCAFFF00004016177C431D0A409DE3CB
0E6BD525D237838FB10E3A431728D1BB5C07047FFFFFFFFFFCAFFF00004016177C431D09409DD3E3
0E6DF525D5D6838F350E3CC517295BBB5C0503FFFFFFFFFFFC9FFF00004016177C431D09409DD3FB
0E706525D93E838EC10E3DA7172A62BB4C0603FFFFFFFFFFFC8FFF00004016177C431D09409DC313
0E70B025D99B838E4D0E3DAC172B8ABB4C0703FFFFFFFFFFFC9FFF00003A16177C431D09409DC32B
0E6FCF25D83B838DD20E3DAB172BF7BB4C07058FFFFFFFFFFC9FFF00003F16177C431D09409DC343
0E6F7E25D7B6838D520E3EF7172C1CBB3C0603FFFFFFFFFFFC9FFF00004016177C431D09409DC35B
0E722025DBF6838CCE0E406A172C5BBB3C0503FFFFFFFFFFFC9FFF00003916177C431D09409DC373
0E735625DD9E838C580E40CB172D4BBB3C0403FFFFFFFFFFFC9FFF00003F16177C431D09409DC38B
0E738F25DDF1838BED0E409E172E47BB3C0503FFFFFFFFFFFCAFFF00004016177C431D09409DB3A3
0E74D725DFFA838B7A0E41B4172EAABB3C0703FFFFFFFFFFFC8FFF00004016177C431D09409DA3BB
0E746725DF3C838AFA0E417C172F58BB3C08042FFFFFFFFFFC8FFF00003F16177C431D09409DA3D3
0E78E725E693838A710E4584172F91BB3C0603FFFFFFFFFFFC9FFF00003916177C431D08409DA3EB
0E7C5F25EB738389F60E487E17317EBB3C0403FFFFFFFFFFFC9FFF00003B16177C431D08409DA303
0E7CD825EC518389880E49411733F0BB3C0403FFFFFFFFFFFCAFFF00003C16177C431D08409DA31B
0E7D4D25ECF58389190E488D17352EBB3C0303FFFFFFFFFFFCAFFF00003F16177C431D08409DA333
0E7D1D25EC9C83889F0E49D617350CBB3C0203FFFFFFFFFFFC9FFF00003C16177C431D08409DA34B
0E7E3C25EEAF8388170E4CD917352ABB3C0003FFFFFFFFFFFC9FFF00003B16177C431D08409D9363
0E83BE25F6EA8387990E4FE6173625BB4BFF03FFFFFFFFFFFCAFFF00003F16177C431D08409DA37B
0E840D25F73F8387290E5154173979BB3C0103FFFFFFFFFFFCAFFF00003816177C431D08409D8393
0E84D125F86B8386B60E51C4173BA8BB3C0403FFFFFFFFFFFC9FFF00003F16177C431D08409D83AB
0E844E25F78983863E0E50A3173C29BB3C0403FFFFFFFFFFFC9FFF00003F16177C431D08409D83C3
0E84EA25F8A78385BE0E51F9173B79BB3C0103FFFFFFFFFFFC9FFF00003216177C431D08409D83DB
0E86EF25FBDA83853C0E552D173BEBBB2BFE03FFFFFFFFFFFC9FFF00003E16177C431D08409D83F3
0E890425FED68384CA0E55FC173E37BB2BFF03FFFFFFFFFFFC9FFF00003F16177C431D07409D830B
0E894F25FF5D8384550E56F2173F8ABB2C0203FFFFFFFFFFFC9FFF00003F16177B431D07409D7323
0E893125FF1C8383D70E56AF17404EBB2C0303FFFFFFFFFFFCAFFF00003F16177B431D07409D733B
0E898926000283835C0E562F1740ABBB2C0103FFFFFFFFFFFCAFFF00003F16177B431D07409D7353
0E8ED72608258382E10E5BEE174154BB1C0003FFFFFFFFFFFC9FFF00003816177B431D07409D636B
0E90AF260AA583826D0E5E90174447BB1BFF214FFFFFFFFFFC9FFF00003F16177B431D07409D6383
0E9298260D868381F80E613817450FBB2BFE03FFFFFFFFFFFCAFFF00003816177B431D07409D639B
0E94862610818381790E641317460ABB4BFE03FFFFFFFFFFFCAFFF00003D16177B431D07409D63B3
0E942E260FF08380FA0E63E91747D0BB4C0103FFFFFFFFFFFC8FFF00003116177B431D07409D63CB
0E9A73261A4983807E0E68DC1749FFBB3C0503FFFFFFFFFFFCAFFF00003816177B431D07409D63E3
0E9CBA261D3B8380090E69AA174C4DBB1C0803FFFFFFFFFFFC9FFF00003D16177B431D07409D43FB
0E9E51261F7A837F900E6AC5174E90BB0C0703FFFFFFFFFFFCAFFF00003E16177B431D06409D5313
0E9CE4261D5A837F180E6BD7174FF4BB0C0503FFFFFFFFFFFCAFFF00003716177B431D06409D432B
0E9D02261D94837EA50E6B7A1750D6BAEC0203FFFFFFFFFFFCAFFF00003016177B431D06409D4343
0E9F1E2620E5837E290E6F32175168BAEC00040FFFFFFFFFFCBFFF00003E16177B431D06409D435B
0EA33B2626FB837DB10E71481752F2BADC00042FFFFFFFFFFCBFFF00003E16177B431D06409D4373
0EA25F26258F837D380E729F17542DBADC0003FFFFFFFFFFFCAFFF00003816177B431D06409D438B
0EA5F5262B46837CBE0E74B71755B5BACC012C0FFFFFFFFFFC8FFF00003C16177B431D06409D43A3
0EA82A262EBB837C3F0E759B1756DBBABC0303FFFFFFFFFFFC9FFF00003E16177B431D06409D43BB
0EAA582631D7837BCC0E77801758DABABC0403FFFFFFFFFFFCBFFF00003C16177B431D06409D23D3
0EABDC26348A837B5A0E7860175A02BABC0403FFFFFFFFFFFCAFFF00003816177B431D06409D23EB
0EAD842636C1837ADC0E78A9175A9ABABC0303FFFFFFFFFFFCAFFF00003E16177B431D06409D2303
0EACE32635C4837A620E7736175BA1BABC0103FFFFFFFFFFFC9FFF00003816177B431D05409D231B
0EAF102639448379EA0E7B66175C16BABC0103FFFFFFFFFFFC9FFF00003C16177B431D05409D2333
0EB07E263B388379720E7C9B175E3EBA9C00041FFFFFFFFFFCAFFF00003616177B431D05409D234B
0EAECE2638B98379000E7BBD175F2EBA9BFE03FFFFFFFFFFFCAFFF00003B16177B431D05409D2363
0EAFE0263A798378890E7CDB175F55BA9BFB03FFFFFFFFFFFCAFFF00003916177B431D05409D137B
0EB083263B3A83780A0E7CB6175F0FBA8BFB03FFFFFFFFFFFCAFFF00003D16177B431D05409D2393
0EAFF3263A658377A30E7C5317601BBA8BFC03FFFFFFFFFFFCAFFF00003B16177B431D05409D03AB
0EB077263B4D83773C0E7C9F175C50BA8BFE3ACFFFFFFFFFFCAFFF00003816177B431D05409D03C3
0EB270263E108376D00E7DE317604FBA7C0403FFFFFFFFFFFCBFFF00003616177B431D05409D03DB
0EB14E263C528376780E7DB717606CBA7C0903FFFFFFFFFFFCAFFF00003916177B431D05409D03F3
0EB255263E0B8376100E7F901761CFBA8C0E03FFFFFFFFFFFC8FFF00003916177B431D05409D030B
0EB331263F488375A80E7F41176299BA8C1103FFFFFFFFFFFC9FFF00003D16177B431D05409D0323
0EB52026425183753F0E808B176307BA6C0F03FFFFFFFFFFFC9FFF00003C16177B431D04409CF33B
0EB6332643F98374DA0E82BD1763B3BA5C0903FFFFFFFFFFFCAFFF00003616177B431D04409CF353
0EB7592645928374750E83221764F4BA4C0303FFFFFFFFFFFCAFFF00003816177B431D04409CF36B
0EB75026459C83740D0E832917654CBA4BFF03FFFFFFFFFFFCAFFF00003A16177B431D04409CE383
0EB7C926465F8373B30E82FC176622BA5BFD03FFFFFFFFFFFCAFFF00003D16177B431D04409CE39B
0EB7B82646088373690E82F5176642BA4BFD03FFFFFFFFFFFC9FFF00002F16177B431D04409CE3B3
0EB86B2647348373140E846617669CBA3BFC03FFFFFFFFFFFC9FFF00003916177B431D04409CE3CB
0EB82126469F8372C70E8426176782BA3BFB45CFFFFFFFFFFCAFFF00003816177A431D04409CE3E3
0EB8512646FF8372760E843217677ABA4BF903FFFFFFFFFFFCAFFF00003616177A431D04409CD3FB
0EB9E52649768372100E868C1767EDBA4BF703FFFFFFFFFFFCAFFF00003B16177A431D04409CD313
0EBBCD264C4B8371B40E878817691CBA4BF603FFFFFFFFFFFCAFFF00003316177A431D03409CC32B
0EBC62264D398371610E884D1769E2BA2BF603FFFFFFFFFFFCAFFF00003816177A431D03409CC343
0EBFD02652808371070E8A7F176A63BA2BF603FFFFFFFFFFFC9FFF00003516177A431D03409CC35B
0EBF2526514F8370A80E8B34176B8DBA1BF703FFFFFFFFFFFC9FFF00003C16177A431D03409CC373
0EBEDE26510B83704F0E899D176C90BA0BF803FFFFFFFFFFFC9FFF00003C16177A431D03409CC38B
0EBEEB265135836FF20E8B0F176C67B9FBF903FFFFFFFFFFFCAFFF00003516177A431D03409CC3A3
0EC1EB265598836F970E8DBE176D3FB9EBF903FFFFFFFFFFFCAFFF00003C16177A431D03409CC3BB
0EC2E0265709836F430E8D69176E74B9EBF803FFFFFFFFFFFCAFFF00003C16177A431D03409CB3D3
0EC2AE2656C4836EF90E8C7A176EF9B9DBF6040FFFFFFFFFFCAFFF00003C16177A431D03409CB3EB
0EC32026578C836EA70E8F38176E9DB9CBF64FBFFFFFFFFFFCAFFF00003C16177A431D03409CA303
0EC38F26580C836E540E8EB817700BB9CBF803FFFFFFFFFFFCBFFF00003C16177A431D03409CA31B
0EC3D9265880836E010E8F86177033B9CBF903FFFFFFFFFFFCAFFF00003C16177A431D03409CA333
0EC48126596E836DAB0E90291770BAB9CBF703FFFFFFFFFFFCAFFF00003C16177A431D02409CA34B
0ECA1126622E836D520E9563177191B9BBF503FFFFFFFFFFFCAFFF00003C16177A431D02409CA363
0EC9E02661D9836CF40E955C17741CB9ABF403FFFFFFFFFFFCAFFF00003B16177A431D02409CA37B
0EC92D2660FF836C9E0E9409177517B99BF303FFFFFFFFFFFCAFFF00003916177A431D02409CA393
0ECA2E266241836C590E94F21774F5B97BF203FFFFFFFFFFFC9FFF00002F16177A431D02409C93AB
0EC907266073836C120E954E17754BB97BF203FFFFFFFFFFFC9FFF00003B16177A431D02409C93C3
0ECA0E26621C836BB30E9619177592B96BF103FFFFFFFFFFFC9FFF00003416177A431D02409C83DB
0ECB402663B8836B540E9694177667B97BF103FFFFFFFFFFFC9FFF00003B16177A431D02409C83F3
0ECA56266279836B020E96771776E2B98BF303FFFFFFFFFFFCAFFF00003B16177A431D02409C830B
0ECDCD266809836AB30E987D1776F7B98BF2597FFFFFFFFFFC9FFF00003B16177A431D02409C8323
0ECFCA266AC4836A640E9B1617786DB98BF003FFFFFFFFFFFCBFFF00003516177A431D02409C733B
0ECF92266A88836A100E9BE71779F8B98BEF03FFFFFFFFFFFCBFFF00003916177A431D01409C8353
0ED070266BCA8369BA0E9BF7177A97B97BEF03FFFFFFFFFFFCAFFF00003416177A431D01409C736B
0ED0DA266C778369600E9B63177B4CB97BEF03FFFFFFFFFFFCBFFF00003A16177A431D01409C6383
0ED17C266D5F83690C0E9B27177B32B97BEF03FFFFFFFFFFFC8FFF00003B16177A431D01409C739B
0ED1A0266D7C8368BB0E9D0C177B5EB97BEE03FFFFFFFFFFFC9FFF00003B16177A431D01409C63B3
0ED23B266E7D8368660E9D0E177C69B98BEA03FFFFFFFFFFFCAFFF00003B16177A431D01409C63CB
0ED1D9266DD58368100E9D8C177CDDB97BE903FFFFFFFFFFFCAFFF00003B16177A431D01409C63E3
0ED181266D4C8367D50E9D82177D3DB96BE803FFFFFFFFFFFCAFFF00003216177A431D01409C63FB
0ED17D266D3B8367A40E9D75177D0AB97BE603FFFFFFFFFFFCAFFF00003416177A431D01409C6313
0ED199266D7E8367710E9CD0177D35B97BE603FFFFFFFFFFFC9FFF00003A16177A431D01409C532B
0ED42726716F8367340E9CF8177D10B97BEA632FFFFFFFFFFC9FFF00003616177A431D01409C4343
0ED58D2673678366ED0E9FDC177D7DB97BED03FFFFFFFFFFFCAFFF00003116177A431D00409C535B
0ED3FD26711D8366AC0EA076177ECEB95BEA03FFFFFFFFFFFCAFFF00003916177A431D00409C4373
0ED4802671C08366750E9F6D177F5BB95BE903FFFFFFFFFFFC9FFF00003916177A431D00409C438B
0ED5902673A88366390E9F22177F27B95BE903FFFFFFFFFFFCAFFF00003A16177A431D00409C43A3
0ED7D42676FC8365F30EA0BB177F23B95BEB03FFFFFFFFFFFC9FFF00003A16177A431D00409C43BB
0ED7382675FE8365B50EA3EA17804BB94BE903FFFFFFFFFFFC9FFF00003A16177A431D00409C43D3
0ED8372677D08365830EA2911781E4B95BE703FFFFFFFFFFFC9FFF00003A161779431D00409C23EB
0ED8AF2678678365450EA265178199B95BE703FFFFFFFFFFFC9FFF00003A161779431D00409C3303
0EDAEC267BC28364F30EA5FE1781F5B94BE703FFFFFFFFFFFC9FFF00003A161779431D00409C231B
0EDB86267C8C8364980EA7441783F2B94BE703FFFFFFFFFFFC9FFF00003A161779431D00409C2333
0EDBE2267D1883646A0EA7841784CFB93BE603FFFFFFFFFFFCAFFF000031161779431D00409C234B
0EDE152680C28364310EA7431784C1B93BE56C8FFFFFFFFFFCAFFF000034161779431CFF409C2363
0EE0992684548363FD0EAAF9178519B93BE603FFFFFFFFFFFCAFFF000039161779431CFF409C237B
0EE18A2685C48363B80EAC221786EAB92BEC03FFFFFFFFFFFCAFFF000037161779431CFF409C2393
0EE2442686CE83636A0EAC9A178822B92BF203FFFFFFFFFFFC9FFF00002E161779431CFF409C23AB
0EE29C26875F83631B0EACE51788BEB92BF403FFFFFFFFFFFCBFFF00003A161779431CFF409C13C3
0EE2B026876D8362C50EACC1178957B91BF203FFFFFFFFFFFCBFFF00003A161779431CFF409C13DB
0EE28926872F83626C0EADB3178997B90BF103FFFFFFFFFFFC9FFF000035161779431CFF409C03F3
0EE2AC26875F83621D0EAE0E178A2AB90BEE03FFFFFFFFFFFC9FFF000030161779431CFF409C030B
0EE2FA2687D58361DA0EAE4E178AAEB91BEB03FFFFFFFFFFFCAFFF000039161779431CFF409C0323
0EE3672688718361990EAEAB178B06B91BE903FFFFFFFFFFFCAFFF000039161779431CFF409C033B
0EE3D42689198361510EAF17178B6AB90BE703FFFFFFFFFFFC9FFF000039161779431CFF409C0353
0EE46B2689FE8360FB0EAF9B178BA9B8FBE503FFFFFFFFFFFC9FFF000039161779431CFF409C036B
0EE46C2689FC8360B50EAFE1178C54B8FBE4758FFFFFFFFFFCAFFF000032161779431CFE409C0383
0EE4612689F183609D0EAFB3178CACB8FBE503FFFFFFFFFFFCAFFF000031161779431CFE409BF39B
0EE4602689EF8360A40EAFC5178CC7B8FBE403FFFFFFFFFFFC9FFF000038161779431CFE409BE3B3
0EE46F268A088360AE0EAFE9178CFCB8EBE003FFFFFFFFFFFCAFFF000039161779431CFE409C03CB
0EE46E268A0A8360BA0EAFEA178D0AB8FBDD03FFFFFFFFFFFCBFFF000039161779431CFE409BE3E3
0EE468268A028360B40EAFE9178CEEB8FBDC03FFFFFFFFFFFCAFFF000039161779431CFE409BE3FB
0EE470268A118360A90EAFE9178D03B8EBDD03FFFFFFFFFFFCBFFF000033161779431CFE409BE313
0EE46E268A0E8360AF0EAFE6178D22B8EBE003FFFFFFFFFFFCBFFF000030161779431CFE409BE32B
0EE465268A008360B20EAFE5178D28B8EBE403FFFFFFFFFFFCAFFF000039161779431CFE409BE343
0EE467268A028360B10EAFDC178D32B8EBE403FFFFFFFFFFFCAFFF000031161779431CFE409BD35B
0EE472268A268360B40EAFE8178D38B8DBE403FFFFFFFFFFFC9FFF000038161779431CFE409BC373
0EE4A7268A748360B70EB01B178D3DB8DBE603FFFFFFFFFFFC9FFF000038161779431CFD409BC38B
0EE481268A2C8360B40EB006178D58B8CBE878AFFFFFFFFFFCAFFF000032161779431CFD409BC3A3
0EE473268A1B8360AF0EAFF1178D6FB8DBEB03FFFFFFFFFFFC9FFF000037161779431CFD409BC7BB
0EE476268A268360B30EB018178D7EB8EBEE03FFFFFFFFFFFC9FFF000038161779431CFD409BC7D3
0EE4A7268A6F8360B80EB029178D94B8EBF103FFFFFFFFFFFC9FFF000038161779431CFD409BC3EB
0EE488268A3F8360B80EB000178D8CB8DBF003FFFFFFFFFFFCDFFF000031161779431CFD409BC703
0EE468268A168360B00EAFE4178D9DB8DBF003FFFFFFFFFFFCCFFF000033161779431CFD409BC31B
0EE470268A1F8360B10EAFDF178DA9B8EBF103FFFFFFFFFFFCAFFF000036161779431CFD409BB733
0EE482268A388360BC0EAFE3178DB0B8EBF503FFFFFFFFFFFCAFFF000038161779431CFD409BA34B
0EE47B268A2B8360BE0EAFE9178DC6B8FBF403FFFFFFFFFFFCAFFF000038161779431CFD409BA763
0EE474268A258360B90EAFC4178DD1B8FBF203FFFFFFFFFFFCAFFF000038161779431CFD409BA37B
0EE473268A228360B40EAFDB178DD0B8FBEC03FFFFFFFFFFFCAFFF000032161779431CFC409BA793
0EE485268A3E8360B60EAFDE178DDBB8EBE903FFFFFFFFFFFCAFFF000036161779431CFC409BA7AB
0EE489268A458360BD0EAFF5178DE6B8EBE679CFFFFFFFFFFCBFFF000031161779431CFC409BA3C3
0EE487268A438360BF0EAFF7178DF4B8DBE503FFFFFFFFFFFCBFFF000037161779431CFC409B93DB
0EE48D268A4E8360BF0EB000178DFDB8DBE603FFFFFFFFFFFCAFFF000038161778431CFC409B93F3
0EE490268A4F8360BA0EAFFE178DFDB8FBE603FFFFFFFFFFFCBFFF00002B161778431CFC409B830B
0EE498268A678360B80EB003178E10B8EBE803FFFFFFFFFFFC9FFF00002F161778431CFC409B8323
0EE4B4268A7F8360BD0EB00D178E1EB8EBEA03FFFFFFFFFFFC9FFF000032161778431CFC409B833B
0EE4B2268A868360C70EB013178E2BB8EBE903FFFFFFFFFFFCAFFF000035161778431CFC409B8353
0EE4C3268A9A8360C80EB01B178E2AB8EBE603FFFFFFFFFFFC9FFF000036161778431CFC409B836B
0EE4B0268A7F8360BE0EB029178E33B8EBE403FFFFFFFFFFFC9FFF000030161778431CFB409B8383
0EE4D4268AB68360B90EB02A178E44B8EBE503FFFFFFFFFFFCAFFF000030161778431CFB409B839B
0EE4C6268AA28360BD0EB041178E4EB8EBE803FFFFFFFFFFFCAFFF000030161778431CFB409B73B3
0EE4B2268A868360C70EB03C178E63B8EBE703FFFFFFFFFFFC9FFF000036161778431CFB409B73CB
0EE4D3268AB88360CD0EB031178E62B8DBE57DBFFFFFFFFFFC9FFF000036161778431CFB409B63E3
0EE4E2268AD18360CB0EB03D178E63B8FBE403FFFFFFFFFFFCAFFF000036161778431CFB409B63FB
0EE4EA268ADB8360C60EB043178E6DB8FBE203FFFFFFFFFFFCAFFF00002A161778431CFB409B6313
0EE4E7268ADD8360C40EB055178E79B8FBE203FFFFFFFFFFFCBFFF000037161778431CFB409B632B
0EE4FC268AFC8360C20EB05F178E80B8FBE303FFFFFFFFFFFCAFFF000037161778431CFB409B6343
0EE4E7268AD38360820EB057178E64B8FBE203FFFFFFFFFFFCBFFF000037161778431CFB409B635B
0EE4ED268AD78360340EB06E178E7AB8FBE203FFFFFFFFFFFCAFFF000037161778431CFA409B5373
0EE51C268B1E835FE50EB079178E82B8EBE603FFFFFFFFFFFC9FFF000037161778431CFA409B538B
0EE5BC268C1B835F870EB102178E7BB8EBED03FFFFFFFFFFFC9FFF000030161778431CFA409B53A3
0EE924269175835F0E0EB34F178E82B8EBEF03FFFFFFFFFFFCAFFF000035161778431CFA409B43BB
0EEEDB269A43835E9B0EB7B1178EB3B8DBF103FFFFFFFFFFFCAFFF000036161778431CFA409B43D3
0EF2AF269FCD835E240EBCFB178F70B8CBF503FFFFFFFFFFFCAFFF000036161778431CFA409B43EB
0EF3CD26A18F835DA90EBE9D179174B8BBFA85FFFFFFFFFFFCAFFF00002F161778431CFA409B4303
0EF49E26A2CC835D2E0EBF99179407B8ABFE03FFFFFFFFFFFC9FFF000036161778431CFA409B431B
0EF64126A575835CC20EC0C317968CB89C0103FFFFFFFFFFFCAFFF000036161778431CFA409B4333
0EFD8226B093835C640EC5AA1798F0B87C0303FFFFFFFFFFFCAFFF000036161778431CFA409B334B
0EFFC426B3C1835BFD0EC999179BB2B86BFF03FFFFFFFFFFFCAFFF000036161778431CFA409B3363
0EFE1726B153835B850EC4AE179D96B85BF703FFFFFFFFFFFCAFFF000036161778431CFA409B237B
0F016926B678835B080EC6D8179DC8B85BF003FFFFFFFFFFFCAFFF000035161778431CF9409B2393
0F028226B80C835A960ECCE9179D30B85BEF03FFFFFFFFFFFCAFFF00002A161778431CF9409B23AB
0F031226B8E1835A2F0ECE0017A021B84BF403FFFFFFFFFFFCAFFF000034161778431CF9409B23C3
0F02F626B8AF8359C60ECDA517A255B83BF903FFFFFFFFFFFCBFFF000036161778431CF9409B23DB
0F026C26B7CB8359580ECD5517A345B81BF803FFFFFFFFFFFCAFFF000036161778431CF9409B23F3
0F021C26B77B8358EE0ECC5C17A384B81BF303FFFFFFFFFFFCAFFF00002F161778431CF9409B230B
0F041926BA9A8358820ECBDC17A358B80BED948FFFFFFFFFFCAFFF000036161778431CF9409B1323
0F063E26BDB28358070ECE8217A309B7FBE803FFFFFFFFFFFCBFFF00002E161778431CF9409B133B
0F0AE226C5648357910ECFD017A48EB7FBE503FFFFFFFFFFFCBFFF000036161778431CF9409B0353
0F113026CE418357410ECF9F17A588B7EBE603FFFFFFFFFFFCCFFF000034161778431CF8409B036B
0F145926D35F8356E70ED80F17A5F7B7CBE503FFFFFFFFFFFCAFFF00002A161778431CF8409B0383
0F156F26D4938356810EDE0617A9E4B7CBE403FFFFFFFFFFFC8FFF000035161778431CF8409B039B
0F135726D1D583560C0EDF5617AE89B7BBE303FFFFFFFFFFFC9FFF000035161777431CF8409B03B3
0F1BAC26DE9483559D0EE2C517B0A1B7BBE303FFFFFFFFFFFCAFFF000035161777431CF8409AF3CB
0F1D0126E05C8355340EE6A617B314B7ABE003FFFFFFFFFFFCAFFF000035161777431CF8409AF3E3
0F1D3526E0C48354CA0EE72B17B508B78BDD03FFFFFFFFFFFCAFFF00002E161777431CF8409AF3FB
0F1D5326E0FC8354550EE64117B669B77BDC03FFFFFFFFFFFCAFFF000035161777431CF8409AE313
0F1CED26E06A8353E20EE54B17B732B77BDE03FFFFFFFFFFFCBFFF000030161777431CF8409AE32B
0F204D26E5C28353730EE70517B737B77BE0A2BFFFFFFFFFFCBFFF000033161777431CF8409AE343
0F231D26E9D98353050EEBDD17B889B76BDD03FFFFFFFFFFFCAFFF000035161777431CF7409AE35B
0F243026EB5D83529A0EEC6417BADAB75BD803FFFFFFFFFFFCAFFF000035161777431CF7409AE373
0F222526E80F8352360EEBFC17BC43B74BD603FFFFFFFFFFFCAFFF000035161777431CF7409AE38B
0F230F26E9B98351C90EECA617BCA1B74BD703FFFFFFFFFFFCAFFF000035161777431CF7409AE3A3
0F236926EA418351500EEDC617BD5AB74BD903FFFFFFFFFFFCBFFF000028161777431CF7409AD3BB
0F281026F18A8350D40EEEBD17BE24B73BD703FFFFFFFFFFFCBFFF000035161777431CF7409AD3D3
0F2AFA26F5D78350630EF2B917BF49B72BD603FFFFFFFFFFFCBFFF000034161777431CF7409AC3EB
0F2D1226F8E3834FF80EF59D17C19AB72BD403FFFFFFFFFFFCAFFF000034161777431CF7409AC303
0F2D9526F9B1834F940EF70D17C3C1B70BD403FFFFFFFFFFFCAFFF000034161777431CF7409AC31B
0F2DB526FA3E834F300EF79517C4F1B6FBD103FFFFFFFFFFFCAFFF000030161777431CF7409AC333
0F2F1426FC1D834EC10EF75217C58FB6FBD003FFFFFFFFFFFCAFFF000030161777431CF7409AB34B
0F2EF726FBE0834E460EF7CD17C647B6DBD0AE0FFFFFFFFFFCAFFF00002D161777431CF6409AC363
0F359727063E834DD90EF88317C6E7B6DBD103FFFFFFFFFFFCBFFF000033161777431CF6409AB37B
0F383D2709D8834D720EFDF817C770B6CBD103FFFFFFFFFFFCBFFF000034161777431CF6409AB393
0F37F727097C834CFC0F01ED17CA71B6DBCE03FFFFFFFFFFFCBFFF00002D161777431CF6409AA3AB
0F38092709BA834C800F01EF17CD85B6CBCE03FFFFFFFFFFFCBFFF000033161777431CF6409AA3C3
0F3BF3270FA7834C100F01A217CE1FB6BBD003FFFFFFFFFFFCBFFF000034161777431CF6409AA3DB
0F3CE52710FF834BAF0F04A317CEEAB6ABD203FFFFFFFFFFFCBFFF000034161777431CF6409AA3F3
0F3DCD27125E834B520F089917D00AB69BD203FFFFFFFFFFFCBFFF00002D161777431CF6409AA30B
0F3F33271494834ADB0F091317D181B68BD003FFFFFFFFFFFCBFFF00002D161777431CF6409AA323
0F40062715EA834A5D0F07F117D3ADB67BCF03FFFFFFFFFFFCAFFF00002D161777431CF6409AA33B
0F43C8271B918349E10F0B0917D3C8B67BD103FFFFFFFFFFFCAFFF00002E161777431CF5409A9353
0F4560271DEF8349680F0FC617D5C8B66BD203FFFFFFFFFFFCBFFF000032161777431CF5409A836B
0F462E271F288348FA0F119B17D8C3B65BD003FFFFFFFFFFFCAFFF000034161777431CF5409A8383
0F48AE27231D8348890F120217DA58B65BCD03FFFFFFFFFFFCAFFF000033161777431CF5409A839B
0F4B7927274C8348140F152B17DBC4B63BCB03FFFFFFFFFFFCBFFF00002D161777431CF5409A83B3
0F4D37272A138347A10F152717DDDCB61BCA03FFFFFFFFFFFCBFFF000033161777431CF5409A83CB
0F52D72732BE8347310F15F317DE51B60BC703FFFFFFFFFFFCAFFF000033161777431CF5409A83E3
0F561927376E8346BE0F1D1117DFB6B60BC403FFFFFFFFFFFCBFFF000033161777431CF5409A83FB
0F5958273C8E8346460F222317E425B60BC303FFFFFFFFFFFCBFFF000033161777431CF5409A8313
0F5B97273FB88345CA0F238617E796B5EBC2040FFFFFFFFFFCAFFF000033161777431CF5409A632B
0F5DD52743388345540F24F717E914B5CBC003FFFFFFFFFFFCBFFF00002C161777431CF4409A7343
0F600B2746A58344EB0F29EA17EA9FB5BBBF03FFFFFFFFFFFCBFFF00002C161777431CF4409A635B
0F6301274B278344810F2BBA17EC3AB59BBD03FFFFFFFFFFFCAFFF00002C161777431CF4409A6373
0F665D27503B8344000F2E7A17EE6DB57BBE03FFFFFFFFFFFCBFFF000033161777431CF4409A638B
0F68E927545A83437B0F2F1517F0C8B57BC303FFFFFFFFFFFCCFFF000033161776431CF4409A63A3
0F6CE4275A2E8342F80F361E17F346B56BC703FFFFFFFFFFFCBFFF00002C161776431CF4409A63BB
0F6FD0275E998342750F396617F7E0B55BC603FFFFFFFFFFFCAFFF000033161776431CF4409A53D3
0F723C2762008341FB0F3BAF17F9DEB54BC203FFFFFFFFFFFC9FFF000033161776431CF4409A43EB
0F73DE2764948341890F3D6217FBF8B53BBE03FFFFFFFFFFFC9FFF000033161776431CF4409A4303
0F75FD2767D783410E0F3F4A17FDB9B52BBC03FFFFFFFFFFFCBFFF000033161776431CF4409A431B
0F7848276B628340880F40C317FF74B51BBC03FFFFFFFFFFFCBFFF00002D161776431CF3409A4333
0F7CBE2772318340080F45261800A8B4FBBC041FFFFFFFFFFCBFFF000031161776431CF3409A434B
0F80F227788F833F810F4A10180300B4EBBC03FFFFFFFFFFFCBFFF000033161776431CF3409A4363
0F84B6277E28833F010F4DD4180704B4DBBB03FFFFFFFFFFFCAFFF000033161776431CF3409A437B
0F862327803C833E8E0F4F861809EFB4ABBC03FFFFFFFFFFFCAFFF00002C161776431CF3409A4393
0F877727825E833E150F50C7180BF6B49BBA03FFFFFFFFFFFCAFFF00002E161776431CF3409A33AB
0F8B2D278819833D930F5386180CFFB49BBA03FFFFFFFFFFFCBFFF00002F161776431CF3409A33C3
0F8EAE278D41833D0B0F5722180E8EB48BBA03FFFFFFFFFFFCBFFF000032161776431CF3409A23DB
0F90BE279053833C8B0F597D18112EB46BBB03FFFFFFFFFFFCBFFF00002B161776431CF3409A23F3
0F939E2794C7833C0E0F5BA6181380B44BBE03FFFFFFFFFFFCAFFF000031161776431CF3409A230B
0F95C82797E4833B970F5E531814ECB43BBF041FFFFFFFFFFCBFFF00002F161776431CF3409A2323
0F974B279A44833B1B0F5FD01817B3B42BBF03FFFFFFFFFFFCAFFF000027161776431CF2409A233B
0F97F1279B2D833A970F60F41817EDB41BC003FFFFFFFFFFFCBFFF000032161776431CF2409A2353
0F97FF279B46833A140F611D1818FCB40BC103FFFFFFFFFFFCBFFF000032161776431CF2409A236B
0F985C279BCD8339950F616A181AEDB3FBC5042FFFFFFFFFFCBFFF000032161776431CF2409A1383
0F98B8279C658339180F61A8181AE5B3FBCA03FFFFFFFFFFFCAFFF000032161776431CF2409A039B
0F9BB527A0F78338950F6318181A6CB3FBCA03FFFFFFFFFFFCAFFF000032161776431CF2409A03B3
0F9E2027A47C8338170F6604181A9EB3DBC903FFFFFFFFFFFCAFFF000032161776431CF2409A03CB
0FA15027A96783379A0F68D8181B40B3BBCE03FFFFFFFFFFFCAFFF000032161776431CF2409A03E3
0FA79627B2CE8337170F6D2A181CAAB39BD603FFFFFFFFFFFCAFFF000032161776431CF2409A03FB
0FAA1327B6568336960F6F7C18203AB36BDD03FFFFFFFFFFFCBFFF000031161776431CF2409A0313
0FAA1327B66683362E0F721018247EB34BE103FFFFFFFFFFFCBFFF000025161776431CF1409A032B
0FABD327B9268335C50F738C18276CB34BDD03FFFFFFFFFFFCBFFF000031161776431CF14099F343
0FAB5027B82A83355A0F72821829A8B35BD203FFFFFFFFFFFCBFFF000031161776431CF1409A035B
0FAA6727B6E38334E90F7123182A44B36BC603FFFFFFFFFFFCAFFF000031161776431CF14099E373
0FAD6627BB838334810F732E182A43B35BBB03FFFFFFFFFFFCBFFF000031161776431CF14099F38B
0FB0C127C09B8334210F71F9182B9EB35BB303FFFFFFFFFFFCBFFF000031161776431CF14099E3A3
0FB11A27C1788333BA0F77EF182BB6B34BAE03FFFFFFFFFFFCBFFF000031161776431CF14099E3BB
0FB2EE27C38B8333490F7A27182E62B32BA903FFFFFFFFFFFCBFFF000031161776431CF14099E3D3
0FB24827C32F8332D80F7A0A18305AB31BA703FFFFFFFFFFFCBFFF000031161776431CF14099E3EB
0FB7DE27CB1C83326D0F7D83183187B31BA503FFFFFFFFFFFCBFFF000031161776431CF14099E303
0FB7ED27CB168332200F7F7E1834E5B2FBA503FFFFFFFFFFFCAFFF000030161776431CF14099D31B
0FB79C27CAC68331D20F7DD6183607B30BA303FFFFFFFFFFFCAFFF00002A161776431CF04099D333
0FB7B027CAEE83317F0F80181835A5B2FB9F03FFFFFFFFFFFCBFFF00002A161776431CF04099C34B
0FB73627CA198331250F7F7C18364CB2FB9D03FFFFFFFFFFFCBFFF000030161776431CF04099C363
0FB68327C9218330D00F7EDD1836DBB2FB9F03FFFFFFFFFFFCBFFF000031161776431CF04099C37B
0FB5A327C7EE8330860F7EA418372EB2DBA103FFFFFFFFFFFCBFFF000030161776431CF04099C393
0FB7B227CADE8330680F81EC18375CB2DB9F03FFFFFFFFFFFCAFFF000030161776431CF04099C3AB
0FB87C27CC0E8330450F84741838DDB2DB9803FFFFFFFFFFFCAFFF00002F161776431CF04099C3C3
0FBAA227CF5B8330280F8614183A63B2EB9603FFFFFFFFFFFCAFFF000030161776431CF04099C3DB
0FBB8A27D0C183300E0F8555183C51B2FB9803FFFFFFFFFFFCBFFF000031161776431CF04099C3F3
0FB89A27CC6583301E0F84D4183C49B2CB9B03FFFFFFFFFFFCAFFF00002B161776431CF04099A30B
0FBB6827D03A8330250F82B7183C8BB2BB9903FFFFFFFFFFFCAFFF00002E161776431CF04099B323
0FBCB727D27383301C0F83D2183B8FB2BB9803FFFFFFFFFFFCAFFF000030161776431CEF4099A33B
0FBC6527D22583300D0F8500183C10B2BB9A03FFFFFFFFFFFCAFFF000029161775431CEF4099A353
0FBDBB27D40983300A0F8700183CD7B2CB9C03FFFFFFFFFFFCBFFF000030161775431CEF4099A36B
0FBECA27D5B48330170F888C183E38B2DB9C03FFFFFFFFFFFCBFFF000030161775431CEF4099A383
0FBFFE27D74783301F0F887E183F00B2CB9903FFFFFFFFFFFCAFFF000030161775431CEF4099A39B
0FBFEA27D73C8330200F8830183F8DB29B9703FFFFFFFFFFFCBFFF000030161775431CEF4099A3B3
0FC01B27D7968330250F8840183FD2B2AB9803FFFFFFFFFFFCCFFF000030161775431CEF409993CB
0FC01527D78F8330250F889C184002B28B9A03FFFFFFFFFFFCBFFF000030161775431CEF409997E3
0FC01F27D79F83301F0F8888184068B28B9A04FFFFFFFFFFFCBFFF000030161775431CEF409983FB
0FC03127D7B58330190F8881184098B27B990DEFFFFFFFFFFCBFFF000030161775431CEF40998713
0FC03E27D7D18330180F88841840C2B27B9603FFFFFFFFFFFCBFFF000030161775431CEE4099832B
0FC04227D7DB8330190F88AD1840FAB27B9303FFFFFFFFFFFCCFFF000030161775431CEE40998743
0FC06227D80C8330240F88C8184133B27B9203FFFFFFFFFFFCBFFF000030161775431CEE4099835B
0FC02D27D7BE83302C0F88D0184150B26B8F03FFFFFFFFFFFCBFFF000030161775431CEE40998773
0FC02127D7AE83302C0F88C2184168B27B8D03FFFFFFFFFFFCBFFF00002B161775431CEE4099838B
0FC02A27D7BD8330290F88C7184186B28B8E03FFFFFFFFFFFCBFFF000027161775431CEE409977A3
0FC03027D7C88330220F88CC184190B28B9003FFFFFFFFFFFCBFFF00002F161775431CEE409967BB
0FC04D27D7F183301F0F88DE1841B1B29B90042FFFFFFFFFFCBFFF000028161775431CEE409963D3
0FC03D27D7DD8330210F88E31841DBB29B91043FFFFFFFFFFCBFFF00002F161775431CEE409963EB
0FC02827D7C68330270F88CE1841F1B29B9103FFFFFFFFFFFCAFFF00002F161775431CEE40996303
0FC02527D7BC83302C0F88C71841FDB29B8E03FFFFFFFFFFFCAFFF00002F161775431CEE4099631B
0FC01327D7A283302E0F88C1184201B29B8C03FFFFFFFFFFFCBFFF000028161775431CEE40996333
0FC01427D7A88330310F88B8184214B2AB8903FFFFFFFFFFFCBFFF000028161775431CED4099634B
0FC04227D7F383302D0F88CC18420FB2BB8803FFFFFFFFFFFCBFFF00002E161775431CED40994363
0FC07627D83B8330210F88E0184228B2AB8803FFFFFFFFFFFCAFFF000025161775431CED4099437B
0FC0B227D88E83301A0F890F184249B29B8803FFFFFFFFFFFCAFFF00002B161775431CED40994393
0FC0A427D87C83301F0F891C184260B29B8803FFFFFFFFFFFCBFFF00002F161775431CED409943AB
0FC0B327D8988330130F89101841FFB28B8803FFFFFFFFFFFCBFFF00002F161775431CED409943C3
0FC11427D931832FEF0F899B184266B28B8903FFFFFFFFFFFCBFFF000028161775431CED409943DB
0FC12E27D96F832FA30F8A3318422FB27B9003FFFFFFFFFFFCBFFF000028161775431CED409943F3
0FC34627DCA2832F3A0F8B71184275B28B9D03FFFFFFFFFFFCBFFF00002F161775431CED4099430B
0FC51927DF3F832ECC0F8D4018427BB29BA803FFFFFFFFFFFCAFFF00002F161775431CED40993323
0FC5B427E02E832E540F8DD91842CEB28BB503FFFFFFFFFFFCAFFF000028161775431CED4099333B
0FC88E27E489832DD80F8FAE1843B4B26BC003FFFFFFFFFFFCBFFF00002F161775431CEC40993353
0FCC4727E9CD832D5D0F932518448BB24BC703FFFFFFFFFFFCBFFF000028161775431CEC4099236B
0FCD9327EBAB832CEE0F950E184635B23BC903FFFFFFFFFFFCBFFF000028161775431CEC40992383
0FCEAC27ED64832C770F955A1847EAB22BC703FFFFFFFFFFFCBFFF000028161775431CEC4099239B
0FCEC527ED79832BF00F941B1849C8B21BC003FFFFFFFFFFFCBFFF00002E161775431CEC409923B3
0FD1BF27F22C832B6C0F96E71849EEB21BB803FFFFFFFFFFFCBFFF000027161775431CEC409923CB
0FD42227F594832AF50F9B83184AA3B20BAD03FFFFFFFFFFFCAFFF00002E161775431CEC409923E3
0FD71027F9EF832A7B0F9CA4184D56B21BA2041FFFFFFFFFFCCFFF00002E161775431CEC409923FB
0FD72C27F9F28329F30F9D70184EDFB20B9C043FFFFFFFFFFCBFFF000029161775431CEC40992313
0FDB0427FFF483296B0F9DFB184FD6B20B9A03FFFFFFFFFFFCAFFF00002C161775431CEC4099132B
0FDE512804F78328EB0FA42B185198B21B9903FFFFFFFFFFFCAFFF00002E161775431CEC40990343
0FE2F2280B9C8328700FA85418558AB1FB9703FFFFFFFFFFFCAFFF00002E161775431CEC4099035B
0FE537280F118327F70FAA231858A5B1CB9203FFFFFFFFFFFCAFFF00002E161775431CEB40990373
0FE40E280CBB8327760FA6E31859C2B19B8B03FFFFFFFFFFFCBFFF00002E161775431CEB4099038B
0FE8922814728326F20FA6E21858AAB19B8903FFFFFFFFFFFCBFFF00002E161774431CEB409903A3
0FEE20281C3583266F0FB1C2185976B18B8A03FFFFFFFFFFFCBFFF00002E161774431CEB4098F3BB
0FEFAA281E848325ED0FB5CB185E4DB15B8B03FFFFFFFFFFFCBFFF00002E161774431CEB4098F3D3
0FF1EA2821F383256D0FB72B1861DEB14B8B03FFFFFFFFFFFCCFFF00002E161774431CEB4098F3EB
0FF3D42824BF8324EB0FB78E186374B12B8A03FFFFFFFFFFFCBFFF00002E161774431CEB4098E303
0FF79C282AB18324660FB969186465B12B8703FFFFFFFFFFFCCFFF000022161774431CEB4098E31B
0FFDCE2833918323E80FBA671865F3B11B8703FFFFFFFFFFFCCFFF000029161774431CEB4098E333
0FFFE52836A783236A0FC315186700B0CB87041FFFFFFFFFFCBFFF00002B161774431CEB4098E34B
1000B528382E8322E20FC67C186B89B08B85054FFFFFFFFFFCBFFF000027161774431CEB4098E363
10089C2843D18322590FC7F2186EE1B06B8403FFFFFFFFFFFCBFFF00002E161774431CEA4098E37B
100FD6284E958321D60FD279187100B04B8503FFFFFFFFFFFCBFFF00002D161774431CEA4098E393
1012502851FA8321610FD66F1875E1B02B8403FFFFFFFFFFFCCFFF00002D161774431CEA4098E3AB
1014C12855A98320F00FD95518794EB00B8403FFFFFFFFFFFCCFFF00002D161774431CEA4098C3C3
1015952856C08320740FDA14187CADAFDB8503FFFFFFFFFFFCCFFF00002A161774431CEA4098C3DB
101283285307831FF10FD760187E99AF9B8503FFFFFFFFFFFCDFFF000022161774431CEA4098D3F3
101C9128617C831F720FE03B187E49AF8B8203FFFFFFFFFFFCCFFF00002D161774431CEA4098C30B
101E4C2863CE831F060FE60418828EAF6B7E043FFFFFFFFFFCBFFF00002D161774431CEA4098C323
101FA928660A831E960FE7C11886A9AF5B7A03FFFFFFFFFFFCCFFF00002D161774431CEA4098C33B
10221228699A831E210FE9BD18896AAF1B7A03FFFFFFFFFFFCBFFF00002D161774431CEA4098C353
10277A28722A831DAE0FE7CB188B53AEFB7803FFFFFFFFFFFCBFFF00002D161774431CEA4098B36B
1032F828828A831D320FE9BB188ABBAEDB7503FFFFFFFFFFFCCFFF00001F161774431CEA4098B383
103923288BD5831CB60FFE88188D6AAEBB7303FFFFFFFFFFFCBFFF00002C161774431CE94098B39B
1042752899A4831C4010081B189819AE8B7403FFFFFFFFFFFCBFFF00001F161774431CE94098A3B3
10480728A192831BCE100EB0189EA4AE6B7403FFFFFFFFFFFCBFFF00002D161774431CE94098A3CB
104D3C28A961831B5B1012A818A403AE4B7003FFFFFFFFFFFCBFFF00002D161774431CE94098A3E3
104FC628AD14831AE110144318A84EAE1B7003FFFFFFFFFFFCBFFF000026161774431CE94098A3FB
10515528AF5F831A6710127118AAD1AE0B6E03FFFFFFFFFFFCAFFF00002D161774431CE94098A313
10550828B4FE8319EE10198F18AB89ADEB6A04DFFFFFFFFFFCAFFF00002D161774431CE94098A32B
10587F28B9F6831979101DD818AEA2ADBB650E9FFFFFFFFFFCBFFF000026161774431CE94098A343
105D9028C15B8319041022BD18B275AD8B6403FFFFFFFFFFFCCFFF00002C161774431CE94098A35B
10622128C82083188E10275318B6ACAD5B6603FFFFFFFFFFFCBFFF00002C161774431CE94098A373
1066C428CEE4831821102CA818B9DAAD3B6503FFFFFFFFFFFCBFFF00002C161774431CE94098938B
10689C28D17B8317B0102E7F18BC78AD2B6003FFFFFFFFFFFCCFFF000029161774431CE8409883A3
106B3128D54983172F10310618BECFAD2B5F03FFFFFFFFFFFCCFFF000027161774431CE8409883BB
106CDD28D7968316AD10332018C20FACFB6403FFFFFFFFFFFCCFFF000025161774431CE8409883D3
106D6628D86C8316391033FD18C54BACEB6703FFFFFFFFFFFCCFFF00002C161774431CE8409883EB
106EC928DA818315CE10353B18C66DACEB6503FFFFFFFFFFFCBFFF00002C161774431CE840988303
10714328DE2583155810375C18C80AACDB5C03FFFFFFFFFFFCBFFF00002C161774431CE84098831B
10729B28E01E8314E61038D518C988ACEB5703FFFFFFFFFFFCCFFF00002C161774431CE840988333
10762F28E58C831470103BFA18CAD7ACEB56060FFFFFFFFFFCCFFF00002C161774431CE84098734B
107AFF28EC368313F310406918CD25ACFB57191FFFFFFFFFFCCFFF00002C161774431CE840987363
107DAD28F01883137810432018CFA3AD0B5803FFFFFFFFFFFCBFFF00002C161774431CE84098637B
107F5928F2948313081044EC18D29EACEB5803FFFFFFFFFFFCBFFF00002C161774431CE840986393
10829228F75483129410476118D442ACCB5803FFFFFFFFFFFCDFFF00002A161774431CE7409863AB
10871D28FDC6831217104B8318D501ACBB5403FFFFFFFFFFFCCFFF000027161774431CE7409863C3
108A2829024C8311A1104ED818D60FAC9B5403FFFFFFFFFFFCCFFF00002C161774431CE7409863DB
108E9F2908978311321052F418D8F1ACAB5C03FFFFFFFFFFFCBFFF00002C161774431CE7409863F3
10907A290B4D8310BC10558618D936AC9B6603FFFFFFFFFFFCCFFF00002C161774431CE74098630B
1091E2290D4983103910570418D78BAC6B6D03FFFFFFFFFFFCDFFF00002C161774431CE740984323
10932B290F3B830FBA10585918D947AC2B7703FFFFFFFFFFFCCFFF00002C161774431CE74098533B
10982F291680830F3C105C6D18DDA5AC0B8303FFFFFFFFFFFCBFFF00002B161774431CE740985353
109AC3291A10830EC1105E6C18E1E8AC0B8F077FFFFFFFFFFCBFFF00002B161774431CE74098436B
109CBA291D55830E49105FDA18E55AABFB93237FFFFFFFFFFCBFFF00002B161774431CE740984383
10A5982929C3830DCA1062CE18E7A9ABDB8B03FFFFFFFFFFFCBFFF000024161774431CE74098439B
10A82E292D60830D4710680618EA80ABBB7C03FFFFFFFFFFFCCFFF000026161774431CE6409843B3
10A909292E92830CCC106D1D18ECB4ABBB6C03FFFFFFFFFFFCBFFF000029161774431CE6409843CB
10A998292F4C830C5B106E7F18F111ABBB6003FFFFFFFFFFFCBFFF00002B161774431CE6409843E3
10A8E0292E3C830BE0106E3318F24EAB9B5A03FFFFFFFFFFFCBFFF00002B161774431CE6409833FB
10A5AA2929F0830B5B106A9318F2FAAB8B5703FFFFFFFFFFFCBFFF00002B161774431CE640982313
10AA862930A9830AD1106C0C18F37DAB7B5903FFFFFFFFFFFCBFFF00002B161774431CE64098232B
10AC3929332B830A5410703518F3B7AB5B5C03FFFFFFFFFFFCCFFF00002B161774431CE640982343
10AD842934F48309E210719B18F6BEAB4B5903FFFFFFFFFFFCCFFF00001E161774431CE64098235B
10AD9329350683096710725418F7FDAB5B5203FFFFFFFFFFFCCFFF00002A161774431CE640982373
10AB732932018308DE106FE918F956AB6B4B092FFFFFFFFFFCCFFF00002B161774431CE64098238B
10B2C1293CA883085310732018F910AB5B482DEFFFFFFFFFFCCFFF000025161774431CE6409813A3
10B9752945F48307CD10791518FA32AB4B4503FFFFFFFFFFFCBFFF00002A161773431CE5409823BB
10BB0629481B830752107DA618FE1DAB0B4103FFFFFFFFFFFCBFFF000024161773431CE5409813D3
10BBA52949328306DD107F01190163AAEB4203FFFFFFFFFFFCCFFF00002A161773431CE5409803EB
10BAF929480B830655107F5F19033FAAEB4303FFFFFFFFFFFCBFFF000024161773431CE540980303
10BC1B294A6B8305C4107D471903F1AAEB4303FFFFFFFFFFFCAFFF00002B161773431CE54098031B
10C3542954258305401084E9190407AADB4203FFFFFFFFFFFCAFFF00002B161773431CE540980333
10C49A29560E8304C710886E190782AAAB4103FFFFFFFFFFFCAFFF000025161773431CE54098034B
10C6752958D48304521089D3190A46AA8B4003FFFFFFFFFFFCAFFF000023161773431CE540980363
10C5822957428303D11089AB190BC5AA8B4003FFFFFFFFFFFCBFFF00002A161773431CE54098037B
10C9B5295E388303421089AB190C76AA9B4003FFFFFFFFFFFCAFFF00002B161773431CE540980393
10D8862972478302C010928B190EE1AA8B410B4FFFFFFFFFFCAFFF00002B161773431CE54097F3AB
10DC5F29779B830248109C9A1912F7AA5B3D383FFFFFFFFFFCBFFF000024161773431CE44097F3C3
10DD8B29797A8301CD10A0331917DFAA3B3603FFFFFFFFFFFCBFFF000027161773431CE44097E3DB
10DD9C29797183015310A127191BAEA9FB3303FFFFFFFFFFFCBFFF000026161773431CE44097E3F3
10DD672979BB8300DD10A03C191CF2AA0B3403FFFFFFFFFFFCAFFF00002A161773431CE44097E30B
10E2C629806C83006210A577191E16A9EB3403FFFFFFFFFFFCAFFF00002A161773431CE44097E323
10EA96298CB082FFE610A9851921DAA9EB3403FFFFFFFFFFFCBFFF00001D161773431CE44097E33B
10F4AA299AAA82FF6810AF60192582A9DB3203FFFFFFFFFFFCAFFF000029161773431CE44097E353
10FD7329A6BF82FEE310B60B192972A98B2C03FFFFFFFFFFFCAFFF000023161773431CE44097E36B
11046429B02382FE6310BBAD192E30A95B2703FFFFFFFFFFFCAFFF00002A161773431CE44097D383
11088C29B64382FDEE10C2CE1931ADA90B2503FFFFFFFFFFFC9FFF000023161773431CE44097C39B
1108B629B64582FD7810C8CB1936A6A8DB2303FFFFFFFFFFFC9FFF000024161773431CE34097C3B3
110B2629B9EF82FD0010C6BB193A87A89B220E1FFFFFFFFFFCAFFF000028161773431CE34097C3CB
110F3029BF9382FC7C10C9DA193AD1A87B22442FFFFFFFFFFCAFFF00002A161773431CE34097C3E3
11190829CDFA82FBF910D3E3193D6FA84B2203FFFFFFFFFFFC9FFF00002A161773431CE34097C3FB
111D9729D36A82FB8310DCEC194392A83B2003FFFFFFFFFFFCBFFF000023161773431CE34097C313
111E7829D4BF82FB0E10DEDA1946B3A80B1C03FFFFFFFFFFFCAFFF00001E161773431CE34097C32B
111F8C29D60182FA9110E0AD194B49A7FB1E03FFFFFFFFFFFCAFFF00002A161773431CE34097A343
111E2629D4C282FA0D10DEB6194DBFA7FB2203FFFFFFFFFFFCAFFF00002A161773431CE34097B35B
112CB229E81482F98F10EA2D194EFDA7FB1E03FFFFFFFFFFFC9FFF00002A161773431CE34097B373
1130BD29ED8582F91A10F14D195438A82B1603FFFFFFFFFFFC8FFF00002A161773431CE34097B38B
11376029F71782F8A310FA281958BDA88B1103FFFFFFFFFFFC8FFF00002A161773431CE24097B3A3
11386829F8AD82F82610F866195E1EA8BB1103FFFFFFFFFFFC8FFF00002A161773431CE24097A3BB
113D6829FF1082F7A510F4A4195EF2A8BB1403FFFFFFFFFFFC8FFF000029161773431CE24097A3D3
1145192A093F82F72110FA3A195DF2A87B12110FFFFFFFFFFC9FFF000020161773431CE24097A3EB
1148882A0DB582F6A211083F196222A82B0D4F2FFFFFFFFFFC7FFF000028161773431CE240979303
114DEE2A14F082F63511113B196982A7FB0A03FFFFFFFFFFFC8FFF000029161773431CE24097A31B
11507E2A187682F5C811121F196E1FA7EB0C03FFFFFFFFFFFC8FFF000029161773431CE240979333
1151F42A19D382F5471112C7196FB1A7AB0F03FFFFFFFFFFFC8FFF000022161773431CE24097834B
11562D2A1F6F82F4B91112DD197255A77B1203FFFFFFFFFFFC8FFF000023161773431CE240978363
1165402A317182F43111237819732CA77B1303FFFFFFFFFFFC8FFF000029161773431CE24097837B
1174CA2A453A82F3BB113E19197B43A74B0F03FFFFFFFFFFFC9FFF000029161773431CE140978393
1184B32A582782F34E1141E219864FA73B0F03FFFFFFFFFFFC8FFF000029161773431CE1409783AB
1186252A5CA082F2E0114D39198E49A6DB0F040FFFFFFFFFFC8FFF000022161773431CE1409783C3
1198502A70BC82F25E1151DB1996B4A66B0D03FFFFFFFFFFFC8FFF000029161773431CE1409783DB
1197852A6FBE82F1CF114EC71999D6A5EB0603FFFFFFFFFFFC7FFF000022161773431CE1409783F3
11A1242A7B7282F1511164C3199999A5AB0013BFFFFFFFFFFC7FFF000029161773431CE14097830B
11AA642A871A82F0E1116B1519A165A54B01593FFFFFFFFFFC7FFF000029161773431CE140978323
11B5A32A959682F06B11765219A98CA50B0703FFFFFFFFFFFC7FFF000022161773431CE14097633B
11BC712A9D8982EFEE11797719B17DA4AB0603FFFFFFFFFFFC7FFF000028161773431CE140976353
11C2732AA43882EF621181AB19B217A45AFD03FFFFFFFFFFFC6FFF000022161773431CE14097636B
11CFA82AB43582EECF118E2C19B812A41AFA03FFFFFFFFFFFC6FFF000029161773431CE040976383
11E0BC2AC4D382EE5011A32619C04CA3BB0103FFFFFFFFFFFC4FFF000025161773431CE04097639B
11E5122AC7AB82EDDA11A6C619C7C7A2BB0203FFFFFFFFFFFC5FFF000026161773431CE0409763B3
11E4DC2AC6E982ED5B11A67E19CCBFA18AFD03FFFFFFFFFFFC6FFF000029161773431CE0409763CB
11E4C42AC69E82ECDB11A64D19CDBFA07AF903FFFFFFFFFFFC5FFF000024161773431CE0409763E3
11E5192AC60782EC5A11A66F19CE059FBAF303FFFFFFFFFFFC5FFF000020161773431CE0409753FB
11EAE62ACB2282EBDA11ABCD19D02A9F6AF303FFFFFFFFFFFC5FFF000028161773431CE040974313
11F1122AD33C82EB5C11B19D19D3859EEAF316BFFFFFFFFFFC6FFF000022161773431CE04097532B
11F9912ADB2182EAD311B92519D5169E7AE8632FFFFFFFFFFC5FFF000022161773431CE040974343
11FDF12ADE5F82EA4711BD8B19D9119DFAE003FFFFFFFFFFFC5FFF000027161773431CDF4097435B
1205E72AE89A82E9C511C3F619DB229CEADF03FFFFFFFFFFFC6FFF000028161773431CDF40974373
120F7E2AF54282E95011CD1719DE819BCADC03FFFFFFFFFFFC6FFF000028161773431CDF4097438B
1214562AF81F82E8DA11D39D19E2B49B2ADE03FFFFFFFFFFFC3FFF000028161773431CDF409743A3
12127A2AF05E82E84F11D27619E2379ACADB03FFFFFFFFFFFC1FFF000026161773431CDF409733BB
1211B42AEBFC82E7C611D28819E17E99EADF040FFFFFFFFFFBFFFF000021161773431CDF409743D3
1214052AEC4482E74411D41619E528985AEF03FFFFFFFFFFFC0FFF00001D161773431CDF409723EB
1218952AF06882E6C811D7D919E4A696FB0103FFFFFFFFFFFC3FFF000025161773431CDF40972303
121ED82AF77682E64811DA9119E423958B0A03FFFFFFFFFFFC4FFF000028161773431CDF4097231B
1226A92B029082E5C011DDC219DEAD947B0103FFFFFFFFFFFC3FFF000022161773431CDF40972333
1233292B12A782E53411ECA019DEB393FAFE1AEFFFFFFFFFFC1FFF000027161773431CDE4097234B
123AC12B1C1082E4B011F6A219E05F93FB056F2FFFFFFFFFFBDFFF000028161773431CDE40972363
12417D2B245182E43511FC8519EA7693FB1203FFFFFFFFFFFB8FFF000028161773431CDE4097237B
1244302B25E382E3C111F88F19F62A93CB1A03FFFFFFFFFFFB5FFF000024161773431CDE40972393
1240332B206982E34011F97E19F85893DB0F03FFFFFFFFFFFB6FFF000024161773431CDE409713AB
12482F2B26F082E2B311F5EA19FB1E93DAF103FFFFFFFFFFFB6FFF000022161773431CDE409713C3
124D7B2B29F682E22712081419FAEB93CADC03FFFFFFFFFFFB5FFF000026161773431CDE409713DB
124EC52B2B3282E1A3120CE119FD55935ACF03FFFFFFFFFFFB7FFF000028161773431CDE409703F3
124E972B2B1882E12A120C851A0368931AC103FFFFFFFFFFFB9FFF000028161773431CDE4097030B
124BF62B28CB82E0B51208181A061092FAB403FFFFFFFFFFFB9FFF000027161773431CDE40970323
124B4F2B27B682E0301208961A068C92FA9B03FFFFFFFFFFFB9FFF000020161773431CDE4097033B
1252EE2B30BB82DFA81208051A073692CA7E03FFFFFFFFFFFBAFFF000027161773431CDD4096F353
125D2C2B3C5D82DF211212F01A074C92AA641F5FFFFFFFFFFBAFFF000027161773431CDD4096F36B
1260FC2B411982DE91121BE51A0C5A91CA547AEFFFFFFFFFFB5FFF000020161773431CDD4096F383
12685F2B4AA282DDFD121CF11A10FF90CA4D03FFFFFFFFFFFB0FFF000027161773431CDD4096F39B
126EDF2B530D82DD6F1225A41A12CF8FEA4303FFFFFFFFFFFB1FFF000027161773431CDD4096F3B3
1278A22B5EF982DCEB122E991A17808EEA3B03FFFFFFFFFFFB6FFF000027161773431CDD4096E3CB
127BC52B62B782DC6812339B1A1D1C8E9A3403FFFFFFFFFFFB7FFF000027161773431CDD4096E3E3
127D742B63AB82DBD71234581A20F98E6A2B03FFFFFFFFFFFB7FFF000021161773431CDD4096E3FB
1285042B6C5782DB3B1237FB1A21B18F4A2203FFFFFFFFFFFB9FFF000021161773431CDD4096E313
128AB72B711A82DAA212477B1A2028901A1C03FFFFFFFFFFFB8FFF000027161773431CDD4096E32B
128F4B2B766A82DA12124CB31A25338FDA2103FFFFFFFFFFFB7FFF000020161773431CDC4096E343
1291132B78CE82D980124D0A1A2D1F8E7A3503FFFFFFFFFFFB5FFF000027161773431CDC4096E35B
12923C2B7A4E82D8E9124A6B1A30D68CFA3C03FFFFFFFFFFFB2FFF000020161773431CDC4096E373
1295812B7DFD82D84F1250EF1A306B8BBA26245FFFFFFFFFFB2FFF000027161773431CDC4096D38B
1298262B814B82D7BF12563C1A32D48AAA05877FFFFFFFFFFAFFFF000027161773431CDC4096C3A3
1299B32B833D82D7301257011A362E8929FB03FFFFFFFFFFFA4FFF000027161773431CDC4096C3BB
129B352B852D82D69B1257151A38238739FB03FFFFFFFFFFFA4FFF000027161773431CDC4096C3D3
129F072B89AA82D6041258BB1A398385D9F403FFFFFFFFFFFA1FFF00001B161773431CDC4096C3EB
12A22F2B8C6682D56C125FE21A3BD48469E603FFFFFFFFFFFA0FFF000027161773431CDC4096C303
12A20D2B8BCB82D4D612601C1A3ED88269D503FFFFFFFFFFF92FFF000027161773431CDC4096C31B
12A1E82B8AF882D4481260501A3F2680F9C903FFFFFFFFFFF92FFF000027161773431CDB4096C333
12A2652B8B2E82D3C3125FAB1A3F968049C403FFFFFFFFFFF93FFF000022161773431CDB4096B34B
12A3112B8BC182D34112617B1A40477FB9C403FFFFFFFFFFF91FFF00001F161773431CDB4096B363
12A4FD2B8D9282D2B112619E1A3FD37F49B803FFFFFFFFFFF8CFFF000027161773431CDB4096A37B
12A66E2B8D5D82D2121262EF1A40757EE9A903FFFFFFFFFFF89FFF000027161773431CDB4096A393
12A5162B893082D1761264111A40DD7E89AC03FFFFFFFFFFF87FFF000024161773431CDB4096A3AB
12A5962B880182D0E81264861A417C7DE9AD03FFFFFFFFFFF7BFFF000022161773431CDB4096A3C3
12A78B2B892F82D0691266751A40D17DA9A103FFFFFFFFFFF73FFF000020161773431CDB4096A3DB
12A8AD2B86B782CFE31267201A41307D898003FFFFFFFFFFF6AFFF000025161773431CDB4096A3F3
12B1C62B8D5982CF5012656C1A40977D996B03FFFFFFFFFFF59FFF000026161773431CDB4096A30B
12C3C22BA26B82CEBD12806B1A40A97E996103FFFFFFFFFFF5AFFF00001F161773431CDB40969323
12D8E02BBDD382CE2D1294161A46EF7F8960044FFFFFFFFFF3DFFF000021161773431CDB4096833B
12E4BB2BCD2782CD9E12A14B1A4F047E395D03FFFFFFFFFFF19FFF000024161773431CDA40969353
12EF332BDB3082CD0C12A89A1A58347BD95603FFFFFFFFFFF10FFF000026161773431CDA4096836B
12F88A2BE77682CC7B12B2541A5F647A195403FFFFFFFFFFF19FFF000026161773431CDA40968383
1305652BF8F382CBF312B8161A646778F94403FFFFFFFFFFF20FFF000026161773431CDA4096839B
13147A2C0C3682CB6412CFB71A691D77F93903FFFFFFFFFFF2CFFF000026161773431CDA409683B3
131ABF2C140282CAD812D5E61A763E77493D03FFFFFFFFFFF45FFF000026161773431CDA409683CB
1325932C206282CA5112DDBF1A7CB076293C03FFFFFFFFFFF59FFF000026161773431CDA409683E3
132E8C2C299E82C9BE12EA741A836B76093303FFFFFFFFFFF7AFFF000020161773431CDA409683FB
13373F2C324C82C92112F3131A895E76192803FFFFFFFFFFF89FFF00001F161773431CDA40968313
1338CA2C32B482C88D12F5F21A8FAA75C91C03FFFFFFFFFFF87FFF000026161773431CDA4096632B
1338832C316382C80612F59D1A94DB75C91C03FFFFFFFFFFF9FFFF000026161773431CD940968343
1339C22C328D82C77A12F6071A961F75A90A03FFFFFFFFFFFA7FFF000026161773431CD94096635B
1339A12C2FCC82C6ED12F4791A96AC75C8E903FFFFFFFFFFFA5FFF000026161773431CD940966373
1338592C2C1C82C66F12F3C51A95987598D903FFFFFFFFFFFA7FFF00001F161773431CD94096638B
1336AF2C27C182C5EA12F4661A94EC7568D503FFFFFFFFFFFA7FFF000025161773431CD9409663A3
1334752C21F982C56312F27E1A955C7558E103FFFFFFFFFFFA6FFF00001F161773431CD9409663BB
1333122C1D9182C4DB12F0AA1A93C67558F803FFFFFFFFFFFA7FFF000025161773431CD9409663D3
1332702C1A5D82C44812EFE71A92DB75A8F803FFFFFFFFFFFA9FFF000026161773431CD9409663EB
1331F72C18BE82C3C212EF511A91547588F703FFFFFFFFFFFABFFF000026161773431CD940966303
1331442C169582C36412EE941A90B07568E1041FFFFFFFFFFABFFF000025161773431CD94096431B
1330772C146682C31112EDC31A8FD27548B603FFFFFFFFFFFACFFF00001E161773431CD940964333
1330122C133582C2AE12ED5F1A8EEF75189303FFFFFFFFFFFABFFF000025161773431CD94096434B
132EF02C100A82C22B12ECA11A8D8B75588303FFFFFFFFFFFABFFF000020161773431CD840964363
132E1C2C0D6482C1A112EB951A8B7275488B03FFFFFFFFFFFABFFF000023161773431CD84096437B
132D722C0B3882C12512EAF61A8BB17508B603FFFFFFFFFFFACFFF000025161773431CD840964393
132D172C09F182C0B912EA6C1A8B927538EB03FFFFFFFFFFFAEFFF000025161773431CD8409643AB
132C5B2C082182C05712E9E71A8AD074F90E03FFFFFFFFFFFAFFFF000025161773431CD8409643C3
132AF02C053C82BFE912E8AA1A89BF7498EA03FFFFFFFFFFFAFFFF00001E161773431CD8409643DB
1329602C01E782BF6912E7521A85B174B8BF03FFFFFFFFFFFADFFF000024161773431CD8409633F3
132A182C014782BEDF12E7D71A82E574E8CD03FFFFFFFFFFFAEFFF00001E161773431CD84096230B
132F3D2C03B482BE6412EAC41A82257498FB03FFFFFFFFFFFACFFF000025161773431CD840962323
13300B2C025382BDF212EC9D1A8196743923040FFFFFFFFFFAFFFF000025161773431CD74096233B
132F0C2BFFDE82BD7C12EC911A81FA74494D03FFFFFFFFFFFB0FFF000025161773431CD740962353
132E972BFDAB82BD0412EC111A817A74897A03FFFFFFFFFFFB2FFF000022161773431CD74096236B
132DC22BFB2082BC8A12EB181A7EDE7449A203FFFFFFFFFFFB1FFF00001B161773431CD740962383
132CB72BF86182BC1212E9E41A7F0673F9C803FFFFFFFFFFFACFFF000025161773431CD74096239B
132BF92BF68582BB9F12E95E1A7FAC73F9E803FFFFFFFFFFFB0FFF000025161773431CD7409623B3
132C0D2BF61882BB2712E9351A804973F9FF03FFFFFFFFFFFAFFFF000025161773431CD7409613CB
132F8E2BF9D482BAA912EAB11A7F2073DA1103FFFFFFFFFFFB0FFF000025161773431CD7409613E3
1337E22C020B82BA2B12EEE11A7E0F744A2203FFFFFFFFFFFB1FFF00001E161773431CD7409603FB
13490F2C12AE82B9C912FC4F1A811C743A2D03FFFFFFFFFFFB2FFF000024161773431CD740960313
1355292C1D6282B96B1309D21A849873DA2503FFFFFFFFFFFB4FFF000025161773431CD74096032B
1354982C1D3882B8FF1310E21A815A73DA1103FFFFFFFFFFFB5FFF000025161773431CD740960343
1351B82C1B4A82B89D13128A1A806473E9E503FFFFFFFFFFFB6FFF00001E161773431CD64096035B
1363FA2C2AC182B849131C781A85247439B203FFFFFFFFFFFB6FFF000024161772431CD640960373
1363EB2C2A6A82B801131DDB1A88B873C98E03FFFFFFFFFFFB7FFF00001D161773431CD64096038B
1364432C2B0C82B7B5131F401A889E73C98C03FFFFFFFFFFFB7FFF000024161773431CD6409603A3
13639E2C2ADA82B75B1323D71A901473D98103FFFFFFFFFFFB7FFF00001D161773431CD6409603BB
135D282C254382B73D131EF61A97F873C96603FFFFFFFFFFFB7FFF000024161773431CD6409603D3
1360882C28B582B73F1321161A98B173C95203FFFFFFFFFFFB5FFF000021161773431CD6409603EB
13637F2C2B1182B73B1321761A9B1673B90B03FFFFFFFFFFFB4FFF00001F161773431CD640960303
1368532C2FAD82B7411320E11A9B0073B8D103FFFFFFFFFFFB4FFF000024161773431CD64095E31B
136BAE2C32A082B74F13275D1A9BA473E8C003FFFFFFFFFFFB5FFF000024161773431CD64095E333
136AC42C31D582B7491327AD1A970F73A8BD03FFFFFFFFFFFB5FFF000024161773431CD64095E34B
136B312C324C82B73C13269E1A9D9373A8C503FFFFFFFFFFFB4FFF000024161773431CD54095E363
136A962C31AD82B73F13265F1A9E7C73F8DD03FFFFFFFFFFFB6FFF000024161773431CD54095E37B
136A012C317582B7441326321A9E987378EC03FFFFFFFFFFFB5FFF000024161773431CD54095E393
136B432C326182B74113266C1A9F377378C603FFFFFFFFFFFB4FFF000024161773431CD54095C3AB
136BCD2C32E882B7401326441A9F2B73B8AD03FFFFFFFFFFFB4FFF000024161773431CD54095C3C3
136AEB2C324082B73E1326DC1A9FD073D89903FFFFFFFFFFFB5FFF000024161773431CD54095C3DB
136B1C2C325082B7491326C01A9DD473888F03FFFFFFFFFFFB6FFF000024161773431CD54095C3F3
136AE22C321482B74D1326E51AA01273E89A03FFFFFFFFFFFB5FFF000024161773431CD54095C30B
136AA32C31E682B7491327221A9FE073A8C503FFFFFFFFFFFB4FFF000023161773431CD54095C323
136A772C31A382B7471326C61AA0FD73E8EF046FFFFFFFFFFB4FFF000019161773431CD54095C33B
136A682C319182B73B1326C51AA0CB73B8FE04DFFFFFFFFFFB3FFF000023161773431CD54095C353
136A3A2C314D82B73C1326DD1AA1577398ED04CFFFFFFFFFFB3FFF000024161773431CD44095C36B
136A532C317282B7431326CC1AA10773A8BC049FFFFFFFFFFB3FFF000024161773431CD44095C383
136AC32C320682B74613269D1AA18673989803FFFFFFFFFFFB2FFF000024161773431CD44095A39B
136AB22C322082B7481326DC1AA1897388A703FFFFFFFFFFFB5FFF000023161773431CD44095A2B3
136A542C30F482B74913278C1AA34B7488BF040FFFFFFFFFFB0FFF000024161773431CD44095A2CB
