* Sea-Bird SBE 9 Data File:
* FileName = X:\CTD_Data\2023\PS23_22_Sutton_CTD\B081N_CTD_260.hex
* Software Version Seasave V 7.26.7.121
* Temperature SN = 2893
* Conductivity SN = 0434
* Number of Bytes Per Scan = 40
* Number of Voltage Words = 5
* Number of Scans Averaged by the Deck Unit = 24
* System UpLoad Time = May 10 2023 18:41:58
* NMEA Latitude = 28 31.24 N
* NMEA Longitude = 088 01.65 W
* NMEA UTC (Time) = May 10 2023  23:44:39
* Store Lat/Lon Data = Append to Every Scan
* SBE 11plus V 5.2
* number of scans to average = 24
* pressure baud rate = 9600
* NMEA baud rate = 4800
* surface PAR voltage added to scan
* A/D offset = 5
* GPIB address = 1
* advance primary conductivity  0.073 seconds
* advance secondary conductivity  0.073 seconds
* autorun on power up is disabled
* S>
* System UTC = May 10 2023 23:41:58
*END*
14243B2AD1A082B7C713BFBE1B0E849619C6040FFFFFFFFFFC3FFF0001AD15C26F4328E240B7D243
1426382AF69982B7CA13C1971B0E5297D973868FFFFFFFFFFC3FFF0001B715C26F4328E340B7D25B
1426742B139F82B7D813C2EA1B0DD598E95103AFFFFFFFFFFC2FFF0001B515C26F4328E340B7D273
1427752B343782B7DB13C3711B0CC198F94A040FFFFFFFFFFC2FFF0001A915C2704328E340B7D28B
1427BD2B52D982B7D013BFA21B0D1C989949042FFFFFFFFFFC3FFF0001B215C2704328E440B7D2A3
14274E2B6F8782B7B813BA441B0D2F97C95F043FFFFFFFFFFC2FFF0001AC15C2704328E440B7D2BB
14208C2B595B82B7B813B9C41B0D4A960989040FFFFFFFFFFC2FFF0001B615C2704328E440B7D2D3
1402E02BD4B882B7D613B9711B0D9B9359AE03FFFFFFFFFFFC2FFF0001B515C2704328E540B7E3EB
13FF2E2CF41982B7D913B9C01B0E668AD96E7BCFFFFFFFFFFC2FFF0001B015C2714328E540B7E303
13FF142CF40A82B7C913B9B21B0E657B387003AFFFFFFFFFFC2FFF0001A215C2714328E540B7E31B
13FF592CF41982B7D213BA011B0E9575B7FF03FFFFFFFFFFFC2FFF0001A415C2714328E540B7E333
13FEC32CF36E82B7D813B97A1B0E397427D5046FFFFFFFFFFC2FFF0001AC15C2714328E640B7E34B
13FEFD2CF39182B7C013B9D41B0E2C7397C6049FFFFFFFFFFC2FFF00019F15C2724328E640B7E363
13FEEF2CF38682B7BA13B9861B0E2B7347C403FFFFFFFFFFFC2FFF0001B015C2724328E640B7E37B
13FE692CF30882B7D313B8FB1B0E077337C003FFFFFFFFFFFC2FFF0001AE15C2724328E740B7E393
13FE5A2CF2E382B7D513B8BF1B0DDC7387BE8B3FFFFFFFFFFC2FFF0001A915C2724328E740B7E3AB
13FFD92CF44A82B7C113B96C1B0E317367BE039FFFFFFFFFFC2FFF00019E15C2724328E740B7E3C3
14001D2CF4AE82B7C213BA5E1B0EBF7387B903FFFFFFFFFFFC2FFF0001AA15C2734328E840B7E3DB
1402DE2CF78782B7DD13BA861B0EC87367BC03FFFFFFFFFFFC2FFF0001A115C2734328E840B7E3F3
13FFD42CF48382B7DB13BB331B0F3A72F7B803FFFFFFFFFFFC2FFF0001A815C2734328E840B7E30B
13FFFB2CF48E82B7B913BAE01B0F127337B603FFFFFFFFFFFC3FFF0001A715C2734328E840B7E323
14006D2CF4FC82B7BB13BA101B0E9C72F7B603FFFFFFFFFFFC3FFF0001A715C2734328E940B7E33B
1400312CF4B782B7D013BAE01B0F047317B503FFFFFFFFFFFC2FFF00019E15C2744328E940B7E353
1400432CF4CB82B7CC13BAA61B0EEA7337B203FFFFFFFFFFFC2FFF0001A715C2744328E940B7E36B
1400A32CF52882B7C513BAE61B0F0B7317B003FFFFFFFFFFFC3FFF0001A615C2744328EA40B7E383
1400A62CF52882B7CC13BAF11B0F137327B2045FFFFFFFFFFC2FFF00019A15C2744328EA40B7E39B
13FE162CF27082B7D113B91B1B0E0272F7B2047FFFFFFFFFFC2FFF0001A115C2754328EA40B7E3B3
13FEB22CF32B82B7CB13B9DE1B0E7772D7B103FFFFFFFFFFFC3FFF0001A215C2754328EB40B7E3CB
13FE4F2CF2BA82B7D013B9D41B0E6B72A7AF03FFFFFFFFFFFC4FFF0001A215C2754328EB40B7E3E3
13FEEF2CF34D82B7D413B9D01B0E637257AD814FFFFFFFFFFC3FFF0001A215C2754328EB40B7E3FB
13FF512CF3D282B7C113BA761B0EC27287AD039FFFFFFFFFFC2FFF00019915C2754328EC40B7E313
13FFCB2CF44382B7BB13BACB1B0EFB72B7B003FFFFFFFFFFFC2FFF00019F15C2764328EC40B7E32B
13FFC72CF43182B7C813BAA81B0EE372B7AF04AFFFFFFFFFFC2FFF00019A15C2764328EC40B7E343
13FEDF2CF35A82B7D113BA2C1B0E9B72A7AD04FFFFFFFFFFFC3FFF00019315C2764328EC40B7F35B
13FED72CF33282B7D913B97A1B0E2D7297AF03FFFFFFFFFFFC2FFF00019415C2764328ED40B7F373
13FF492CF3A482B7DE13B9AC1B0E4572D7B203FFFFFFFFFFFC2FFF00018E15C2764328ED40B7E38B
13FF6B2CF3D182B7C913BA131B0E8C7347B28FDFFFFFFFFFFC2FFF00019D15C2774328ED40B7E3A3
13FF7B2CF3E282B7B513B9F01B0E7972C7AF039FFFFFFFFFFC2FFF00019F15C2774328EE40B7F3BB
13FFAB2CF40C82B7BD13BA3E1B0EAA72B7AB03FFFFFFFFFFFC2FFF00019E15C2774328EE40B7E3D3
13FFA92CF42182B7C913B9FD1B0E7972C7AD03FFFFFFFFFFFC2FFF00019315C2774328EE40B7E3EB
13FF842CF3E882B7CB13BA401B0EA272D7B003FFFFFFFFFFFC2FFF00019915C2784328EF40B7F303
13FF9F2CF40582B7D413B9D81B0E6672C7B003FFFFFFFFFFFC2FFF00019315C2784328EF40B7F31B
13FEB22CF32682B7D813B9371B0E1E72B7B103FFFFFFFFFFFC2FFF00018615C2784328EF40B7E333
13FEF12CF35182B7D713B93C1B0E0C72C7B003FFFFFFFFFFFC2FFF00019215C2784328EF40B7F34B
13FF322CF38D82B7CA13B9F11B0E747277AA03FFFFFFFFFFFC2FFF00019715C2784328F040B7F363
13FF942CF3E382B7B213BB2A1B0F2472C7A603FFFFFFFFFFFC2FFF00019A15C2794328F040B7E37B
1400272CF48D82B7B813BA451B0EA57307A704BFFFFFFFFFFC2FFF00019915C2794328F040B7F393
1400182CF47C82B7CC13BB631B0F4A7327AA051FFFFFFFFFFC2FFF00019515C2794328F140B7F3AB
1400402CF4A482B7D013BAD71B0EF972D7AC03FFFFFFFFFFFC2FFF00018015C2794328F140B7F3C3
14003C2CF4AA82B7CE13BA7A1B0EC972D7AD03FFFFFFFFFFFC2FFF00018D15C2794328F140B7F3DB
14002E2CF49A82B7D213B9EF1B0E8172C7B084FFFFFFFFFFFC3FFF00018C15C27A4328F240B7F3F3
13FE852CF2F482B7CE13B9FC1B0E7B72E7AE039FFFFFFFFFFC2FFF00018E15C27A4328F240B7E30B
13FDFC2CF27D82B7CA13B8C81B0DDD7327AC03FFFFFFFFFFFC2FFF00018915C27A4328F240B7F323
13FE122CF28B82B7CF13B86C1B0DA872C7AE03FFFFFFFFFFFC2FFF00019215C27A4328F340B7F33B
13FF772CF3F282B7C013B96E1B0E2472A7AD03FFFFFFFFFFFC2FFF00019315C27B4328F340B7F353
1400682CF4B782B7A013B9681B0E2B7307A903FFFFFFFFFFFC2FFF00018915C27B4328F340B7F36B
1400A82CF51082B7AA13BA841B0ECF72E7B003FFFFFFFFFFFC2FFF00018E15C27B4328F440B80383
13FF292CF39582B7EC13B9021B0E0672E7AD03FFFFFFFFFFFC3FFF00017415C27B4328F440B7F39B
13FE8F2CF31382B7FE13B9E41B0E7B72F7AA03FFFFFFFFFFFC2FFF00017E15C27B4328F440B7F3B3
14004E2CF4C882B7CC13BAE11B0F017347A603FFFFFFFFFFFC2FFF00017F15C27B4328F440B7F3CB
1400542CF4C582B79D13BAB91B0EED7347A503FFFFFFFFFFFC2FFF00018F15C27C4328F540B7F3E3
1400952CF50082B79613BAA21B0EE272C7AC03FFFFFFFFFFFC2FFF00019015C27C4328F540B7F3FB
13FFE22CF45782B7AE13BA6F1B0ECB7297B203FFFFFFFFFFFC2FFF00018E15C27C4328F540B7F313
13FFA22CF41782B7D813BA9C1B0EEE7287B403FFFFFFFFFFFC3FFF00017E15C27C4328F640B7F32B
13FF6B2CF3E082B7EC13BA171B0E9A72D7B203FFFFFFFFFFFC3FFF00017D15C27C4328F640B7E343
13FFD42CF44882B7DA13BA951B0EDF72B7B303FFFFFFFFFFFC3FFF00017D15C27D4328F640B7F35B
13FFE52CF45A82B7B913BA9F1B0EE272B7B103FFFFFFFFFFFC2FFF00018515C27D4328F740B7F373
14002A2CF4A482B7A813BA9B1B0EE17307AD081FFFFFFFFFFC2FFF00018015C27D4328F740B8038B
1400062CF47D82B7C713BACF1B0F0572E7AF0A1FFFFFFFFFFC2FFF00018915C27D4328F740B7F3A3
13FF832CF3F782B7DB13BA5E1B0EC37307AE03FFFFFFFFFFFC3FFF00018215C27E4328F840B7F3BB
13FFE12CF45D82B7B513BABA1B0EF87317AB03FFFFFFFFFFFC3FFF00017915C27E4328F840B803D3
13FFEA2CF47482B7AC13BAB71B0EFC7307AA868FFFFFFFFFFC3FFF00017D15C27E4328F840B7F3EB
13FE612CF2D982B7DF13B8F61B0DFC7327AD039FFFFFFFFFFC2FFF00017115C27E4328F840B7F303
13FDA32CF20E82B7EE13B8C21B0DDF7357A903FFFFFFFFFFFC1FFF00017C15C27E4328F940B8031B
13FE2C2CF29982B7CD13B99A1B0E4F7327A903FFFFFFFFFFFC3FFF00018115C27F4328F940B80333
13FF132CF38B82B7AF13BA231B0EA272E7AB03FFFFFFFFFFFC2FFF00017415C27F4328F940B8034B
13FEC22CF33882B7A213B9301B0E1072C7AB03FFFFFFFFFFFC2FFF00018315C27F4328FA40B80363
13FFC62CF43E82B7B413BA011B0E917347AD03FFFFFFFFFFFC2FFF00018315C27F4328FA40B8037B
1400552CF4E482B7E613B86D1B0DBA7367AF03FFFFFFFFFFFC2FFF00017F15C27F4328FA40B80393
13FFD22CF46B82B7F413B8D31B0DF072F7B203FFFFFFFFFFFC2FFF00017915C2804328FB40B803AB
1401492CF5E382B7EE13BA391B0EB972D7B003FFFFFFFFFFFC2FFF00017315C2804328FB40B803C3
14015F2CF5F182B80713BC1A1B0FC77337AE044FFFFFFFFFFC2FFF00016C15C2804328FB40B803DB
13FE822CF38882B81F13B94F1B0E7A7357AC047FFFFFFFFFFC2FFF00017915C2804328FB40B803F3
13FE8A2CF37D82B80C13BB231B0F5072E7AB03FFFFFFFFFFFC1FFF00017F15C2814328FC40B8030B
13FF752CF43782B7FF13BA201B0EC872B7A703FFFFFFFFFFFC0FFF00017915C2814328FC40B80323
13FE032CF2A582B81B13B8D91B0E157377A59E4FFFFFFFFFFC2FFF00017E15C2814328FD40B8033B
13FD442CF1BE82B84513B8181B0D887397A6038FFFFFFFFFFC2FFF00016715C2814328FD40B80353
13FD942CF21582B86E13B8271B0D917397A703FFFFFFFFFFFC3FFF00016E15C2814328FD40B8036B
13FD522CF1DA82B88613B8551B0DBA73A7A903FFFFFFFFFFFC2FFF00016D15C2824328FD40B80383
13FD9C2CF23282B88113B88B1B0DD47397AC03FFFFFFFFFFFC4FFF00017615C2824328FE40B8039B
13FDF32CF2BF82B87C13B89E1B0DFE7407AC03FFFFFFFFFFFC3FFF00017B15C2824328FE40B803B3
13FE102CF2ED82B88E13B8B21B0E197427AC03FFFFFFFFFFFC2FFF00017C15C2824328FE40B803CB
13FE1E2CF30982B8AC13B8BB1B0E1F74C7AB03FFFFFFFFFFFC2FFF00017315C2824328FF40B803E3
13FE012CF2C582B8D013B8A21B0DF87497A803FFFFFFFFFFFC2FFF00017515C2834328FF40B803FB
13FDF92CF2D282B8F813B8991B0DFB7487A503FFFFFFFFFFFC3FFF00017215C2834328FF40B80313
13FDE32CF2CA82B91813B88A1B0DFF7457A503FFFFFFFFFFFC3FFF00016815C2834328FF40B8032B
13FDE52CF30882B91E13B89C1B0E0D7497A603FFFFFFFFFFFC3FFF00017315C28343290040B80343
13FDF22CF30F82B91E13B89B1B0E187467A903FFFFFFFFFFFC3FFF00016F15C28443290040B8135B
13FDEE2CF35C82B93313B8AC1B0E3F7467A903FFFFFFFFFFFC3FFF00017015C28443290140B80373
13FDEB2CF35C82B96913B8BA1B0E5E74D7A903FFFFFFFFFFFC3FFF00017015C28443290140B8038B
13FDD32CF3B482B9A013B8971B0E6A74E7A603FFFFFFFFFFFC3FFF00017415C28443290140B803A3
13FDA02CF3B782B9B913B83F1B0E7374F7A703FFFFFFFFFFFC4FFF00017015C28443290140B803BB
13FCFB2CF34682B9CB13B7A61B0E4274C7AA045FFFFFFFFFFC3FFF00016D15C28543290240B803D3
13FB832CF24082B9F113B6381B0DAB7487AC048FFFFFFFFFFC3FFF00016615C28543290240B803EB
13FAD62CF1BE82BA1D13B5531B0D5E7467AB03FFFFFFFFFFFC2FFF00017515C28543290240B80303
13F6992CEDC282BA3C13B3431B0C217467AA03FFFFFFFFFFFC3FFF00016D15C28543290340B8031B
13E6912CDCB882BA6413A33C1B02EC74F7AA9CFFFFFFFFFFFC3FFF00017415C28543290340B81333
13C69B2CB98982BA9F1382D21AEF7D7537A9039FFFFFFFFFFC2FFF00016215C28643290340B8034B
13B7452CA92582BACC13753B1AE6597497AD03FFFFFFFFFFFC2FFF00017115C28643290440B80363
13AF302C9EAC82BAE3136BAF1AE0867477AE03FFFFFFFFFFFC2FFF00017315C28643290440B8037B
1399912C838082BB131355D11AD11E7457A703FFFFFFFFFFFC2FFF00017315C28643290440B81393
1392452C7DDA82BB54134E081ACD797447AB03FFFFFFFFFFFC2FFF00016215C28743290540B803AB
13920B2C7F9A82BB85134DDB1ACE2673F7A903FFFFFFFFFFFC2FFF00017215C28743290540B813C3
13921F2C802882BBA7134DFA1ACE7E73C7A203FFFFFFFFFFFC2FFF00016B15C28743290540B813DB
1392242C806782BBD0134DFB1ACEDF73D79D03FFFFFFFFFFFC2FFF00017315C28743290640B813F3
13914B2C801D82BC12134D5F1ACED573E79D03FFFFFFFFFFFC2FFF00016915C28743290640B8030B
138DF02C7DAB82BC60134A161ACD6F74079F03FFFFFFFFFFFC2FFF00016F15C28843290640B80323
138A662C79A482BC991347721ACB7473F79D03FFFFFFFFFFFC2FFF00016E15C28843290640B8133B
13844B2C713182BCC913416A1AC6E073C79D03FFFFFFFFFFFC2FFF00017115C28843290740B81353
137C482C678682BD021338B31AC12D73A7A203FFFFFFFFFFFC2FFF00017315C28843290740B8136B
137BBD2C688C82BD3313381B1AC1C173F7A803FFFFFFFFFFFC2FFF00017415C28943290740B80383
1378CA2C668082BD6613351B1AC08F7407A803FFFFFFFFFFFC2FFF00017515C28943290840B8139B
137A402C6A3982BDBC1336801AC2A97427A703FFFFFFFFFFFC2FFF00016215C28943290840B813B3
137AFC2C6BF782BE271337561AC3AE7477A403FFFFFFFFFFFC2FFF00016F15C28943290840B813CB
1376222C674482BE6C1332D61AC12F7417A303FFFFFFFFFFFC2FFF00016A15C28943290940B803E3
1375C92C66D982BE9013321E1AC0CE7487A603FFFFFFFFFFFC2FFF00016E15C28A43290940B813FB
1374172C64AA82BEBD1330931ABFB574E7A703FFFFFFFFFFFC2FFF00016315C28A43290940B81313
13694B2C578282BF0C1325D71AB86F7467AA987FFFFFFFFFFC2FFF00017615C28A43290A40B8132B
13624E2C4F7F82BF6E131EDA1AB3FE7457AA03AFFFFFFFFFFC2FFF00017615C28A43290A40B81343
1357FF2C414682BFD11315091AAC607487AA03FFFFFFFFFFFC2FFF00017115C28B43290A40B8135B
134C9D2C313A82C0331309221AA2DE74A7A904AFFFFFFFFFFC2FFF00016715C28B43290B40B81373
1341A72C226682C07A12FF491A9B717477A6051FFFFFFFFFFC2FFF00016715C28B43290B40B8138B
13414B2C221E82C0B312FE7F1A9B1C7437A403FFFFFFFFFFFC2FFF00016915C28B43290B40B813A3
133F792C1FA682C0F512FCA41A99B373E79F03FFFFFFFFFFFC1FFF00017615C28B43290C40B813BB
133D0D2C1C5782C14D12FA101A97D073B79D82AFFFFFFFFFFC1FFF00017715C28C43290C40B823D3
1336CC2C145B82C1B712F38A1A934773E7A003BFFFFFFFFFFC1FFF00016D15C28C43290C40B803EB
132F832C0C5482C22612EC9B1A8EF77437A003FFFFFFFFFFFBFFFF00016F15C28C43290C40B81303
132B8C2C082682C27C12E8B81A8CB27407A203FFFFFFFFFFFBFFFF00016915C28C43290D40B8131B
132B9B2C097382C2CD12E8FB1A8D8B7447A203FFFFFFFFFFFBFFFF00015D15C28C43290D40B81333
132C772C0B5682C32C12E9D21A8E967427A203FFFFFFFFFFFBFFFF00016F15C28D43290D40B8134B
132A712C08C382C38412E7C31A8D267467A303FFFFFFFFFFFBFFFF00017415C28D43290E40B82363
1328102C05A482C3D012E57D1A8B777467A203FFFFFFFFFFFBFFFF00017615C28D43290E40B8137B
1328242C068182C42712E58F1A8BEC7447A503FFFFFFFFFFFBEFFF00016715C28D43290E40B82393
13248D2C014782C49112E1BB1A88E77447A403FFFFFFFFFFFBEFFF00017215C28E43290F40B813AB
1323462C00E182C4F912E0C01A88CE7407A603FFFFFFFFFFFBEFFF00017415C28E43290F40B813C3
1322A52C00C682C55A12E0061A88B674A7A803FFFFFFFFFFFBDFFF00016915C28E43290F40B823DB
1322272C004E82C5C612DF9A1A887C74F7AC03FFFFFFFFFFFBDFFF00016415C28E43291040B813F3
1321DB2BFFFE82C62712DF4D1A88487497AC03FFFFFFFFFFFBCFFF00016C15C28E43291040B8130B
13213C2BFF5282C67812DEA51A87E77477AB03FFFFFFFFFFFBCFFF00017415C28F43291040B82323
131FB42BFDAC82C6DA12DD2A1A87077497A903FFFFFFFFFFFBCFFF00017715C28F43291140B8233B
131CD72BFB4B82C74512DA391A85A674D7AA03FFFFFFFFFFFBCFFF00017815C28F43291140B82353
131A642BF8D882C79E12D7D01A845674F7A903FFFFFFFFFFFBCFFF00017615C28F43291140B8236B
1318312BF66C82C7F512D5D01A83157517A803FFFFFFFFFFFBCFFF00016C15C28F43291240B81383
1315762BF4E082C86712D2FB1A822E74A7A703FFFFFFFFFFFBBFFF00016F15C29043291240B8239B
13102A2BF25F82C8F812CDA71A80CD74B7A803FFFFFFFFFFFBAFFF00016C15C29043291240B823B3
130AFF2BF04482C96512C8871A7FA874D7AF03FFFFFFFFFFFB8FFF00016E15C29043291240B823CB
1309792BF07182C99012C7861A7FD074B7B203FFFFFFFFFFFB8FFF00015D15C29043291340B823E3
1306652BEEC482C9C512C4081A7ECE74F7B303FFFFFFFFFFFB8FFF00017815C29143291340B823FB
13029E2BED5E82CA4912C0691A7E1474A7B203FFFFFFFFFFFB9FFF00017A15C29143291440B82313
13005E2BECB082CADE12BE2B1A7DAD74C7B303FFFFFFFFFFFB5FFF00017815C29143291440B8232B
12FBBE2BE89682CB4E12B96D1A7B6074D7B303FFFFFFFFFFFB4FFF00017315C29143291440B82343
12F6AF2BE5CD82CBB312B4981A79EB74D7B403FFFFFFFFFFFB7FFF00016915C29143291440B8235B
12F3342BE42E82CC1912B1341A79047507B003FFFFFFFFFFFB6FFF00016015C29243291540B82373
12EF782BE18B82CC6B12AD4B1A777B7507AF03FFFFFFFFFFFB5FFF00017215C29243291540B8238B
12EDEA2BE06282CCBD12AC0E1A76F174E7B103FFFFFFFFFFFB5FFF00017915C29243291540B823A3
12EC332BDF1182CD2C12AA451A76377557B103FFFFFFFFFFFB5FFF00017215C29243291640B823BB
12E7FD2BDC0A82CDA312A6231A748C7537B403FFFFFFFFFFFB5FFF00017815C29243291640B823D3
12E5512BD9C882CE0A12A3841A73517527B703FFFFFFFFFFFB5FFF00017515C29343291640B823EB
12E2522BD77382CE7712A07E1A72037587BA03FFFFFFFFFFFB5FFF00016F15C29343291740B82303
12DBA92BD2A882CEF31299E51A6F627597B903FFFFFFFFFFFB3FFF00016715C29343291740B8231B
12D8392BD02782CF5B1296A31A6E0775B7BE03FFFFFFFFFFFB2FFF00016E15C29343291740B83333
12D7832BCF7E82CFA81295E91A6DA77617C003FFFFFFFFFFFB4FFF00017715C29443291840B8234B
12D6952BCEAC82CFF01294DF1A6D297617C303FFFFFFFFFFFB6FFF00017A15C29443291840B82363
12D4872BCD1982D0571292EB1A6C577637C503FFFFFFFFFFFB6FFF00017215C29443291840B8237B
12D2AC2BCB8282D0D312911B1A6B767667C803FFFFFFFFFFFB4FFF00017915C29443291940B82393
12D16A2BCA4982D154128FDA1A6ACA7697CA03FFFFFFFFFFFB3FFF00017115C29443291940B823AB
12CF2C2BC84682D1D0128DA21A69A776A7CD03FFFFFFFFFFFB1FFF00016415C29543291940B823C3
12CCFA2BC65A82D231128B691A68937717CC03FFFFFFFFFFFB1FFF00016715C29543291940B823DB
12CB7D2BC4FE82D2811289FE1A67D57707CD03FFFFFFFFFFFB2FFF00017215C29543291A40B823F3
12C9A42BC33082D2D912881E1A66D77727CE03FFFFFFFFFFFB2FFF00017815C29543291A40B8230B
12C67F2BC01A82D3321284FC1A65237777D103FFFFFFFFFFFB2FFF00017B15C29643291A40B82323
12C4382BBDEF82D39A1282D51A63FF77C7D703FFFFFFFFFFFB2FFF00017A15C29643291B40B8233B
12C1E72BBBAB82D4181280871A62BD77F7D903FFFFFFFFFFFB1FFF00017615C29643291B40B82353
12BFB32BB9BB82D49A127E571A61AC7837DC03FFFFFFFFFFFADFFF00016515C29643291B40B8236B
12BD252BB6E682D50D127BD71A602078A7E203FFFFFFFFFFFACFFF00016715C29643291B40B82383
12BA892BB3B482D56512793A1A5E5978E7E303FFFFFFFFFFFACFFF00016C15C29743291C40B8239B
12B8E22BB1E782D5A41277E81A5D847907E603FFFFFFFFFFFAFFFF00016E15C29743291C40B823B3
12B8072BB0F582D5F11276CE1A5CDA7907ED03FFFFFFFFFFFACFFF00017A15C29743291D40B823CB
12B6232BAEDF82D6781274E41A5BB27947F203FFFFFFFFFFFABFFF00017915C29743291D40B823E3
12B3662BAC1182D70E1272311A5A2C79B7F803FFFFFFFFFFFA3FFF00017415C29743291D40B823FB
12B1712BA9FC82D78012704F1A590A7A37FE03FFFFFFFFFFFA0FFF00016F15C29843291D40B82313
12B06B2BA8A582D7D0126F421A58477A6802041FFFFFFFFFFA2FFF00016D15C29843291E40B8232B
12AF1F2BA75C82D82F126E021A57977A8802040FFFFFFFFFFA3FFF00017015C29843291E40B82343
12AC9A2BA44282D8A5126B761A55DD7AB804045FFFFFFFFFFA0FFF00016C15C29843291E40B8335B
12A96E2BA0C782D91312685B1A53FA7B480E040FFFFFFFFFF9AFFF00017615C29943291F40B82373
12A69E2B9D9A82D9751265961A523E7BA815040FFFFFFFFFF93FFF00016D15C29943291F40B8238B
12A48A2B9C5A82D9DF12638C1A51897C081B041FFFFFFFFFF88FFF00017515C29943291F40B833A3
12A0262B971782DA4E125F1A1A4EA17C7823047FFFFFFFFFF71FFF00017415C29943292040B823BB
129BE72B927D82DABC125B051A4C227D282B03FFFFFFFFFFF61FFF00017215C29943292040B823D3
1299122B902E82DB2D1258231A4AD67E483703FFFFFFFFFFF5CFFF00017215C29A43292040B823EB
1293AA2B8AEE82DB9D1252DE1A47F97F9846043FFFFFFFFFF57FFF00017115C29A43292140B83303
1290712B87AB82DC02124FA81A462D810859040FFFFFFFFFF59FFF00016F15C29A43292140B8231B
128DBF2B851082DC5F124D111A44C7829870046FFFFFFFFFF5EFFF00016A15C29A43292140B82333
128CC32B83F282DCBB124C111A442783E886040FFFFFFFFFF60FFF00017515C29A43292240B8234B
1285E92B7C5582DD2F12453C1A3FF784B89803FFFFFFFFFFF5EFFF00017515C29B43292240B82363
127FDA2B760282DDAB123F441A3C798598A5045FFFFFFFFFF5CFFF00016B15C29B43292240B8337B
127C532B727A82DE1D123BC81A3A8C86E8B8042FFFFFFFFFF5AFFF00016615C29B43292240B83393
12765D2B6D1F82DE891235EE1A37A48858CE040FFFFFFFFFF58FFF00016B15C29B43292340B823AB
1273012B6A2C82DEF312329D1A360289D8E4041FFFFFFFFFF68FFF00016515C29B43292340B823C3
126E9D2B66CB82DF66122E421A34288B78FA040FFFFFFFFFF6BFFF00017115C29C43292340B833DB
12682C2B610F82DFC01227C31A30FC8CF910047FFFFFFFFFF6FFFF00017315C29C43292440B823F3
1262EB2B5C7382E0121222AF1A2E7B8EA928040FFFFFFFFFF74FFF00017415C29C43292440B8330B
125D572B57A982E083121D2D1A2BD7907942041FFFFFFFFFF64FFF00017315C29C43292440B83323
1256322B511582E1011216031A283291F95A042FFFFFFFFFF6DFFF00016715C29D43292540B8233B
124C0A2B47E582E181120C0E1A232C939975040FFFFFFFFFF72FFF00016415C29D43292540B83353
1244252B409F82E1F51204301A1F29958991041FFFFFFFFFF78FFF00016A15C29D43292540B8236B
123D822B3A2982E25011FDA61A1B9A9799AF041FFFFFFFFFF7FFFF00016C15C29D43292640B83383
123A822B372182E28F11FADC1A1A0E9999CC040FFFFFFFFFF84FFF00017015C29D43292640B8339B
1236A52B339882E2E611F7001A18119B59E4040FFFFFFFFFF88FFF00016B15C29E43292640B833B3
1230EB2B2E2682E37011F1441A150E9C29F7045FFFFFFFFFF85FFF00017215C29E43292740B833CB
1229E72B26EA82E40B11EA691A111C9CEA07041FFFFFFFFFF7AFFF00017115C29E43292740B833E3
1227002B23DB82E47D11E7951A0F6D9E2A16040FFFFFFFFFF7CFFF00016B15C29E43292740B833FB
12226A2B1EEB82E4C411E2A01A0C849F6A27040FFFFFFFFFF87FFF00015D15C29F43292740B83313
121C832B18A782E50F11DD2A1A09419FEA33043FFFFFFFFFF8EFFF00016915C29F43292840B8332B
1218032B13BC82E58411D8C11A0697A06A3C042FFFFFFFFFF91FFF00016F15C29F43292840B83343
1212072B0D0E82E60211D2CD1A02EAA10A45040FFFFFFFFFF8FFFF00017115C29F43292940B8335B
120AA32B04A782E66C11CB7F19FE4FA17A4D041FFFFFFFFFF91FFF00017115C29F43292940B83373
12040B2AFD0E82E6D111C4FE19FA24A21A56048FFFFFFFFFF95FFF00016D15C2A043292940B8338B
11FFDD2AF82C82E74111C0FE19F780A2BA60040FFFFFFFFFF97FFF00016315C2A043292940B833A3
11FEFF2AF71982E7A611C02C19F6F2A33A68041FFFFFFFFFF97FFF00015D15C2A043292A40B843BB
11FE2F2AF62882E80811BF5B19F666A36A6B043FFFFFFFFFF99FFF00016115C2A043292A40B843D3
11F9302AF05382E87711BA3119F322A3DA6F045FFFFFFFFFF9AFFF00016815C2A043292A40B833EB
11EFE32AE5B782E8EA11B12019ED5DA3EA72041FFFFFFFFFF99FFF00016F15C2A143292B40B83303
11E99E2ADE4F82E94A11AAF119E94DA45A78040FFFFFFFFFF9AFFF00016B15C2A143292B40B8331B
11E1802AD49482E9B111A2E619E3F7A4CA7E041FFFFFFFFFF9DFFF00016A15C2A143292B40B83333
11DB642ACD1B82EA23119CF319DFEAA53A85046FFFFFFFFFF9BFFF00016C15C2A143292C40B8334B
11D4B22AC50182EA9711964119DB74A56A8A042FFFFFFFFFF9BFFF00016415C2A143292C40B83363
11CB5E2AB9B982EB0B118D1719D549A5AA8D040FFFFFFFFFF9BFFF00016A15C2A243292C40B8337B
11C62B2AB32E82EB6C1187CD19D190A62A92042FFFFFFFFFF9EFFF00016215C2A243292D40B83393
11BDF22AA8C082EBB7117F4819CBA9A66A96043FFFFFFFFFFA2FFF00016B15C2A243292D40B833AB
11B78D2AA0F482EC1611798C19C7B2A66A99041FFFFFFFFFFA4FFF00016515C2A243292D40B833C3
11B26C2A9A9B82EC9D11747519C435A68A9A040FFFFFFFFFFA2FFF00016D15C2A343292E40B833DB
11AE5C2A958382ED2311708419C174A67A9A042FFFFFFFFFF9FFFF00016215C2A343292E40B843F3
11A9A62A8F6082ED8C116BD819BE1DA68A9B041FFFFFFFFFFA0FFF00016715C2A343292E40B8430B
11A33A2A871D82EDE711658519B998A68A9C041FFFFFFFFFFA4FFF00016615C2A343292E40B84323
119DBA2A801482EE3D11601C19B5BEA6CA9F041FFFFFFFFFFA8FFF00016915C2A343292F40B8333B
1199AD2A7AD182EEA3115C0A19B2D0A6DAA0042FFFFFFFFFFA9FFF00016015C2A443292F40B83353
11917E2A6FF782EF1B1153D819ACF0A6EAA1040FFFFFFFFFFA8FFF00016815C2A443293040B8336B
1187C02A63B082EF93114A4519A61EA6EAA3041FFFFFFFFFFA7FFF00016C15C2A443293040B83383
1180F42A5AE282EFFD1143A419A15BA70AA4048FFFFFFFFFFA8FFF00016915C2A443293040B8439B
117C992A551982F058113F74199E40A70AA5041FFFFFFFFFFABFFF00016615C2A543293040B843B3
117A722A525282F0BD113D51199CB2A71AA403FFFFFFFFFFFACFFF00016715C2A543293140B833CB
1177512A4E4882F13F113A1E199A6EA72AA4043FFFFFFFFFFABFFF00016015C2A543293140B843E3
1173AB2A497482F1B81136891997D0A76AA5047FFFFFFFFFFA9FFF00016715C2A543293140B833FB
116F182A435582F210113205199479A78AA7042FFFFFFFFFFABFFF00016815C2A543293240B83313
116A552A3CF282F260112D60199106A7AAA7041FFFFFFFFFFB1FFF00016315C2A643293240B8432B
1164B82A35A882F2C11127C8198D00A7BAA7040FFFFFFFFFFB1FFF00016E15C2A643293240B84343
1160A72A307882F3421123BD198A24A78AA8042FFFFFFFFFFB1FFF00016B15C2A643293340B8335B
115AD12A28BD82F3C8111DFB1985EEA78AAA041FFFFFFFFFFAEFFF00015415C2A643293340B83373
11537A2A1F1C82F4391116CC1980B1A7BAAC042FFFFFFFFFFB1FFF00015F15C2A643293340B8338B
114FEF2A1A4282F49911134E197E0CA7EAAC04CFFFFFFFFFFB4FFF00016315C2A743293340B843A3
114C412A153382F4F1110FB2197B4FA7FAAA041FFFFFFFFFFB5FFF00016915C2A743293440B833BB
1147352A0E7082F555110A93197784A7FAA803FFFFFFFFFFFB8FFF00016B15C2A743293440B833D3
1141922A06D982F5C811050C19735FA7AAA804AFFFFFFFFFFBAFFF00016115C2A743293540B833EB
113ECD2A030882F63611027319715EA7CAAA045FFFFFFFFFFBAFFF00016A15C2A743293540B84303
113A8629FD1782F6A010FE21196E18A7CAAC041FFFFFFFFFFBAFFF00016615C2A843293540B8431B
11321D29F1B282F71310F5C91967D4A7DAAD047FFFFFFFFFFB9FFF00016215C2A843293540B84333
112CCF29EA6A82F78C10F0971963DCA7FAAD041FFFFFFFFFFBAFFF00016215C2A843293640B8334B
112AF629E7B982F7F510EEF9196287A80AAE041FFFFFFFFFFBBFFF00014415C2A843293640B84363
11293F29E51E82F85110ED161960F8A81AAF046FFFFFFFFFFBEFFF00016415C2A943293640B8437B
11242829DE0A82F8B610E813195D22A80AAF045FFFFFFFFFFBDFFF00016A15C2A943293740B84393
111FDE29D81C82F91C10E3CF1959DEA80AB0040FFFFFFFFFFBDFFF00016C15C2A943293740B843AB
111B3B29D1B182F98210DF44195662A82AAF041FFFFFFFFFFBDFFF00016A15C2A943293740B843C3
11174729CC1A82F9F610DB58195350A85AAF04CFFFFFFFFFFBCFFF00015D15C2A943293840B843DB
11139C29C6E082FA7910D7B6195077A88AB1041FFFFFFFFFFBCFFF00015615C2AA43293840B843F3
110BE529BC4282FAF910D010194AA9A8AAB2041FFFFFFFFFFBCFFF00015915C2AA43293840B8430B
1106D229B52082FB5F10CB221946CEA88AB204AFFFFFFFFFFBDFFF00015115C2AA43293940B84323
11010E29AD3782FBAD10C547194260A86AB203FFFFFFFFFFFBFFFF00016815C2AA43293940B8433B
10FC2E29A68382FBF710C084193EC0A87AB2042FFFFFFFFFFC2FFF00016B15C2AA43293940B84353
10F6AF299EA882FC5F10BB02193A6AA87AB4049FFFFFFFFFFC2FFF00016B15C2AB43293A40B8436B
10ECB12990EA82FCEC10B150193300A89AB503FFFFFFFFFFFC3FFF00016015C2AB43293A40B84383
10E77029894482FD6E10AC20192EDFA90AB9043FFFFFFFFFFC4FFF00015815C2AB43293A40B8439B
10DFF3297E9682FDD810A4BA19290DA91ABC046FFFFFFFFFFC5FFF00015A15C2AB43293A40B833B3
10DAEB29779782FE40109FE4192548A91ABD045FFFFFFFFFFC5FFF00015D15C2AB43293B40B843CB
10D74929724882FEA7109C5819226CA91ABF041FFFFFFFFFFC5FFF00015B15C2AC43293B40B843E3
10D41B296DBB82FEF9109918191FD5A91AC1044FFFFFFFFFFC6FFF00016415C2AC43293B40B843FB
10D25C296B0982FF5010975D191E61A95AC1047FFFFFFFFFFC7FFF00016615C2AC43293C40B84313
10CC2D29625982FFCF10912B191997A98AC203FFFFFFFFFFFC7FFF00016A15C2AC43293C40B8432B
10C500295833830052108A0F19140CA9BAC404BFFFFFFFFFFC7FFF00015E15C2AC43293C40B84343
10BF19294FF18300BD108461190F9BA9CAC7042FFFFFFFFFFC8FFF00015A15C2AD43293D40B8435B
10BD2D294CFB83012D108278190DF8A9EAC9043FFFFFFFFFFC7FFF00015715C2AD43293D40B84373
10BA0429485E8301A9107F52190B7AAA1ACB046FFFFFFFFFFC7FFF00015615C2AD43293D40B8438B
10B5E7294260830203107B19190818AA3ACD046FFFFFFFFFFC9FFF00015B15C2AD43293E40B843A3
10B178293C008302451076BB19049DAA7ACD041FFFFFFFFFFC9FFF00016A15C2AE43293E40B843BB
10AE5E29377E83029A1073D4190247AA5ACE045FFFFFFFFFFC9FFF00016A15C2AE43293E40B843D3
10A9C12930EA830320106F2718FE9DAA7ACE041FFFFFFFFFFC8FFF00015E15C2AE43293F40B843EB
10A587292B138303BC106B2318FB82AA9ACF041FFFFFFFFFFC8FFF00015715C2AE43293F40B84303
10A4C72929D5830430106A6318FAD1AACAD104BFFFFFFFFFFC8FFF00015615C2AE43293F40B8431B
10A37E2927CD83048110691918F9B0AADAD3042FFFFFFFFFFC8FFF00015415C2AF43293F40B84333
10A1832924D88304D110672D18F81DAADAD6041FFFFFFFFFFC9FFF00016215C2AF43294040B8434B
109D69291EF083053410630C18F4E2AAEAD504AFFFFFFFFFFC9FFF00016715C2AF43294040B84363
10996229193A8305B0105F0F18F1B9AADAD703FFFFFFFFFFFC9FFF00016715C2AF43294140B8437B
10960A29145283062D105BCC18EF16AB0ADA041FFFFFFFFFFC9FFF00015D15C2AF43294140B84393
1092D7290F988306971058A718EC84AB3ADC04AFFFFFFFFFFC8FFF00016315C2B043294140B843AB
108F32290A5A8306FB10550518E9A5AB5ADE041FFFFFFFFFFC8FFF00016015C2B043294140B843C3
108BF12905CF8307661051E518E737AB8AE0042FFFFFFFFFFC9FFF00015E15C2B043294240B843DB
108A7D2903B38307D610506E18E609ABBAE2046FFFFFFFFFFC9FFF00015815C2B043294240B843F3
1088B6290115830843104EAD18E4A1ABEAE703FFFFFFFFFFFCAFFF00015C15C2B043294240B8430B
10866C28FDBE8308AE104C7318E2D3AC3AEC047FFFFFFFFFFCAFFF00015915C2B143294340B84323
10847228FAC4830914104A7818E132AC8AEF046FFFFFFFFFFC9FFF00015B15C2B143294340B8433B
1081DF28F70683097C1047F118DF25ACDAF1040FFFFFFFFFFC9FFF00016315C2B143294340B84353
10808D28F5128309EA1046AD18DE1CAD2AF304AFFFFFFFFFFC9FFF00015B15C2B143294440B8436B
10801628F457830A5410462E18DDADAD1AF5041FFFFFFFFFFC9FFF00016115C2B143294440B84383
107F1028F2CB830AC010452F18DCDBAD1AF5042FFFFFFFFFFC9FFF00015615C2B243294440B8439B
107D9B28F0B2830B2D1043BE18DBB2AD2AF5049FFFFFFFFFFC9FFF00015E15C2B243294540B843B3
107C6B28EEF7830B9710429818DAC8ACFAF5041FFFFFFFFFFC9FFF00016215C2B243294540B843CB
107B3328ED33830C0610415C18D9CDAD0AF5043FFFFFFFFFFC9FFF00015B15C2B243294540B843E3
107A2228EBA8830C7410405518D8FAAD0AF6049FFFFFFFFFFC9FFF00016315C2B243294640B843FB
10792228EA30830CD8103F4D18D825ACEAF8042FFFFFFFFFFC8FFF00015815C2B343294640B84313
10763F28E5DB830D3D103C5318D5BAACEAF8043FFFFFFFFFFC9FFF00015F15C2B343294640B8432B
106D0B28D892830DB610333918CE84AD0AF704CFFFFFFFFFFC8FFF00015F15C2B343294740B85343
1067F528D155830E32102E5A18CAA6ACFAF803FFFFFFFFFFFC8FFF00015815C2B343294740B8435B
10646728CC25830E8F102ADB18C7D6AD4AFA03FFFFFFFFFFFC8FFF00016115C2B443294740B84373
1060A128C691830EE610271318C4C3AD9AFE041FFFFFFFFFFCAFFF00015915C2B443294840B8438B
105B7028BF05830F561021F218C0A3ADEB01042FFFFFFFFFFCAFFF00016115C2B443294840B843A3
10584528BA52830FD4101EDD18BE1BAE0B0303FFFFFFFFFFFCAFFF00015815C2B443294840B843BB
10561028B6F283104E101CAA18BC3DAE0B04042FFFFFFFFFFC9FFF00015F15C2B443294840B843D3
10531728B2948310B71019C318B9E6AE0B04041FFFFFFFFFFC9FFF00015F15C2B543294940B843EB
104EFA28ACA28311141015A218B699AE0B04042FFFFFFFFFFC8FFF00015715C2B543294940B84303
104B3228A71C8311781011F618B3A6ADFB0403FFFFFFFFFFFC8FFF00016015C2B543294940B8431B
10489A28A34C8311EA100F6418B192ADFB03042FFFFFFFFFFCAFFF00016015C2B543294A40B84333
104624289FAD83125F100CFA18AF9AADFB0403FFFFFFFFFFFC9FFF00015715C2B543294A40B8434B
104423289C978312CB100AFC18ADE9ADFB07042FFFFFFFFFFC9FFF00015F15C2B643294A40B84363
1041C02899158313291008AA18AC0BAE2B08041FFFFFFFFFFC9FFF00015F15C2B643294B40B8437B
103ED12894BD8313911005B818A9AAAE4B0903FFFFFFFFFFFC8FFF00015615C2B643294B40B84393
103831288B208314120FFF6018A498AE7B0B048FFFFFFFFFFC8FFF00015615C2B643294B40B853AB
1035842887508314890FFCB918A27AAE9B0D040FFFFFFFFFFC9FFF00015D15C2B643294C40B843C3
1034292885388314DF0FFB5718A14CAEAB0E045FFFFFFFFFFC9FFF00015F15C2B743294C40B843DB
1032A22882DC8315330FF9BF189FF4AE9B0E040FFFFFFFFFFC9FFF00016115C2B743294C40B853F3
1031642881088315AC0FF884189EF2AE9B0E03FFFFFFFFFFFC9FFF00015A15C2B743294D40B8430B
103016287F078316340FF734189DD6AE9B0E044FFFFFFFFFFC9FFF00015B15C2B743294D40B84323
102F48287DC38316980FF671189D2CAEBB0F03FFFFFFFFFFFCAFFF00015D15C2B743294D40B8433B
102E08287BE18316E90FF53C189C2EAECB0F044FFFFFFFFFFCAFFF00015E15C2B843294E40B84353
102C872879AA8317590FF3C3189AFEAECB0F040FFFFFFFFFFC8FFF00015615C2B843294E40B8436B
102B5D2878018317DE0FF296189A0BAEEB1003FFFFFFFFFFFC8FFF00015415C2B843294E40B84383
102B2C2877A18318470FF2301899ACAF1B11040FFFFFFFFFFC8FFF00014C15C2B843294F40B8439B
10272E2871DF8318960FEE561896A5AF0B12043FFFFFFFFFFC9FFF00016015C2B943294F40B843B3
102570286F558318F60FECB8189555AF0B13040FFFFFFFFFFCAFFF00016015C2B943294F40B843CB
102304286BAE8319700FEA39189345AF1B1503FFFFFFFFFFFC9FFF00015D15C2B943295040B843E3
1020252867768319ED0FE77E18910CAF1B16043FFFFFFFFFFC9FFF00015715C2B943295040B853FB
101EAB28652F831A550FE60A188FD1AF3B1803FFFFFFFFFFFC9FFF00015815C2B943295040B84313
101C6D2861F2831AB40FE3C7188E05AF6B1A04BFFFFFFFFFFC8FFF00015D15C2BA43295140B8432B
1019AC285DD1831B170FE116188BCEAF9B1E03FFFFFFFFFFFC8FFF00015615C2BA43295140B84343
10179D285AA7831B810FDF0C188A14AFDB20040FFFFFFFFFFC9FFF00015D15C2BA43295140B8435B
1015DE285826831BF00FDD5E1888C0AFEB2204FFFFFFFFFFFC9FFF00015B15C2BA43295140B84373
10133528543C831C630FDA91188685AFEB23041FFFFFFFFFFC9FFF00015115C2BB43295240B8438B
100C50284A32831CD50FD3D618811AAFEB2303FFFFFFFFFFFC7FFF00015715C2BB43295240B843A3
1008022843CC831D3D0FCFA9187DAEAFEB24044FFFFFFFFFFC8FFF00015A15C2BB43295240B843BB
10060A2840D0831D9F0FCDB1187C0AAFDB2403FFFFFFFFFFFC9FFF00015B15C2BB43295340B843D3
1003ED283DAF831DFA0FCBAD187A63AFFB2303FFFFFFFFFFFC8FFF00015315C2BB43295340B843EB
100276283B6A831E5B0FCA1E187913AFEB22043FFFFFFFFFFC8FFF00015B15C2BC43295340B84303
0FFF09283656831ED60FC699187635AFEB2303FFFFFFFFFFFC9FFF00015215C2BC43295440B8431B
0FFBB2283151831F5A0FC3C41873D8AFFB24042FFFFFFFFFFC9FFF00015915C2BC43295440B85333
0FF95B282DAD831FC00FC1711871DCB01B25041FFFFFFFFFFC8FFF00015715C2BC43295440B8434B
0FF6482829188320180FBE1A186F1CB01B25040FFFFFFFFFFC8FFF00015915C2BC43295540B84363
0FF4202825EA83207B0FBC0A186D6FB02B27040FFFFFFFFFFCAFFF00015A15C2BD43295540B8437B
0FF2082822D98320E80FB9EB186BBDB05B28042FFFFFFFFFFC9FFF00015915C2BD43295540B84393
0FF00A281FCE83214F0FB7FD186A1CB05B2A03FFFFFFFFFFFC8FFF00015A15C2BD43295640B843AB
0FEDE6281CAA8321B50FB5D7186860B07B2B043FFFFFFFFFFC9FFF00014915C2BD43295640B843C3
0FEA8728179F8322290FB26C186591B09B2C03FFFFFFFFFFFC9FFF00015815C2BE43295640B843DB
0FE7CE2813848322990FAFBC186356B0EB2C043FFFFFFFFFFC9FFF00015515C2BE43295740B843F3
0FE2AD280BD78322F00FAAA7185F2DB0FB2D040FFFFFFFFFFC9FFF00015615C2BE43295740B8430B
0FDFB728077583234D0FA7D7185CE0B0FB2E041FFFFFFFFFFC9FFF00015015C2BE43295740B84323
0FDCF42803468323BE0FA521185A9BB10B2F04AFFFFFFFFFFC9FFF00015915C2BE43295840B8433B
0FD8E727FD2483242C0FA0F518572CB11B31043FFFFFFFFFFC9FFF00015915C2BF43295840B84353
0FD2B127F4008324990F9B0D18525EB12B34040FFFFFFFFFFC8FFF00014E15C2BF43295840B8436B
0FD1B227F26C8324FC0F9A20185187B13B37041FFFFFFFFFFCAFFF00015415C2BF43295840B84383
0FD0D027F0E083255A0F98F418507EB16B3904EFFFFFFFFFFC9FFF00015515C2BF43295940B8439B
0FC73E27E2C28325C90F8F961848EAB18B3A040FFFFFFFFFFC7FFF00014F15C2BF43295940B843B3
0FC3EA27DDCD83263D0F8CDA18469EB1CB3C042FFFFFFFFFFCAFFF00015715C2C043295940B843CB
0FC1F627DAC48326A40F8A3A18446BB1EB3E040FFFFFFFFFFCAFFF00015715C2C043295A40B853E3
0FBFE727D7A28327090F882D1842B4B1EB3F040FFFFFFFFFFC9FFF00014D15C2C043295A40B843FB
0FBFA327D7408327760F884D1842C7B1DB3F041FFFFFFFFFFC9FFF00014D15C2C043295A40B84313
0FBFE027D7908327DB0F88911842F6B1CB3F043FFFFFFFFFFC8FFF00015515C2C143295B40B8432B
0FBE1627D4CE83283A0F8675184137B1DB3F03FFFFFFFFFFFC8FFF00015815C2C143295B40B85343
0FBD2827D3748328AB0F85D41840B5B1FB3F040FFFFFFFFFFC8FFF00014E15C2C143295B40B8535B
0FBCEB27D3188329190F85B518409BB1FB40043FFFFFFFFFFC8FFF00014915C2C143295C40B84373
0FBCBF27D2DA83297B0F85B8184098B20B40040FFFFFFFFFFC8FFF00015115C2C143295C40B8438B
0FBCAB27D2BA8329E30F856A18405EB21B40041FFFFFFFFFFC8FFF00014A15C2C243295C40B843A3
0FBC2E27D1FB832A4E0F84E9183FF1B20B41042FFFFFFFFFFC7FFF00014D15C2C243295D40B853BB
0FBBD927D180832AAB0F849D183FB6B21B4003FFFFFFFFFFFC7FFF00015715C2C243295D40B853D3
0FBB8227D102832B110F83FC183F31B21B40044FFFFFFFFFFC8FFF00015715C2C243295D40B843EB
0FBB6527D0DB832B850F840E183F45B20B4104DFFFFFFFFFFC9FFF00014215C2C243295D40B84303
0FBAC527CFE3832BEF0F8360183EB6B21B41045FFFFFFFFFFC9FFF00014F15C2C343295E40B8531B
0FB9DB27CE8B832C4B0F82B0183E29B22B42041FFFFFFFFFFC9FFF00015215C2C343295E40B84333
0FB33627C462832CB20F7BD618387CB21B43040FFFFFFFFFFC8FFF00014C15C2C343295E40B8434B
0FAC2E27B9F8832D260F74EA1832CCB23B44052FFFFFFFFFFC7FFF00015415C2C343295F40B85363
0FA9AB27B61A832D8F0F71D5183035B25B45044FFFFFFFFFFC7FFF00014C15C2C343295F40B8537B
0FA44E27AE37832DE90F6D0B182C4DB27B48041FFFFFFFFFFC8FFF00015115C2C443295F40B84393
0FA48E27AE89832E4F0F6D82182CA5B28B4A043FFFFFFFFFFC9FFF00014F15C2C443296040B853AB
0FA42C27ADDA832EB60F6CFD182C2FB2BB4B04EFFFFFFFFFFC8FFF00015315C2C443296040B853C3
0FA32F27AC66832F290F6C35182B8FB2BB4C046FFFFFFFFFFC8FFF00015215C2C443296040B843DB
0FA36127ACBB832FA20F6C57182BA8B2CB4D040FFFFFFFFFFCAFFF00013D15C2C443296040B843F3
0FA28427AB4F832FFD0F6B08182A85B2EB4D042FFFFFFFFFFC9FFF00014A15C2C543296140B8430B
0F9E8327A5668330470F67AE1827CFB30B4E045FFFFFFFFFFC8FFF00015315C2C543296140B84323
0F9E6D27A5408330A60F676D182798B30B4F051FFFFFFFFFFC8FFF00015515C2C543296240B8433B
0F9DC527A44E83311B0F66E718272EB31B4F041FFFFFFFFFFC8FFF00015515C2C543296240B85353
0F9D2027A3458331890F662F182692B32B51042FFFFFFFFFFC8FFF00014115C2C543296240B8436B
0F9B6627A0C18331E80F646118251AB32B52042FFFFFFFFFFC9FFF00014F15C2C643296240B85383
0F9B2F27A06983324E0F64301824F2B30B51052FFFFFFFFFFC9FFF00014D15C2C643296340B8439B
0F9AC8279FD48332C60F63CB1824A1B31B52044FFFFFFFFFFC9FFF00014E15C2C643296340B843B3
0F9AA6279FA483332D0F63EB1824BAB34B53041FFFFFFFFFFC9FFF00015015C2C643296340B843CB
0F9A5D279F358333750F636818244FB36B54041FFFFFFFFFFC8FFF00015315C2C643296440B843E3
0F9A4D279F238333CF0F637118245AB36B54044FFFFFFFFFFC8FFF00015415C2C743296440B853FB
0F9A33279F028334420F634A18243DB36B55050FFFFFFFFFFC9FFF00014B15C2C743296440B84313
0F9A13279ED98334B80F62F51823FBB36B55041FFFFFFFFFFC9FFF00014F15C2C743296540B8432B
0F9993279E1A8335200F628318239FB37B56040FFFFFFFFFFCAFFF00014615C2C743296540B84343
0F9869279C588335820F622B182356B37B56042FFFFFFFFFFC8FFF00014F15C2C743296540B8435B
0F96C32799ED8335E70F5FD9182176B37B57043FFFFFFFFFFC9FFF00013C15C2C843296640B84373
0F964127992E8336530F5F5E182111B38B5704BFFFFFFFFFFC9FFF00014C15C2C843296640B8438B
0F958127980E8336B60F5E9718206DB38B58041FFFFFFFFFFC9FFF00014F15C2C843296640B843A3
0F959027982683370F0F5E99182070B39B59044FFFFFFFFFFC8FFF00015215C2C843296740B853BB
0F94C62797038337720F5DF3181FEBB3AB59041FFFFFFFFFFC8FFF00015215C2C843296740B853D3
0F949D2796C98337DE0F5DD9181FD7B39B5904DFFFFFFFFFFC9FFF00014715C2C943296740B843EB
0F944E2796588338460F5D80181F91B3AB59042FFFFFFFFFFC9FFF00014B15C2C943296740B84303
0F942A2796288338AB0F5D55181F70B3AB5A041FFFFFFFFFFC9FFF00014315C2C943296840B8431B
0F942727962A83391B0F5D60181F7FB3AB5A03FFFFFFFFFFFC9FFF00013C15C2C943296840B84333
0F93D22795AF8339830F5D15181F43B3BB5A04DFFFFFFFFFFC9FFF00014F15C2C943296840B8434B
0F93662795138339DC0F5C93181EDBB3BB5A045FFFFFFFFFFC8FFF00015015C2C943296940B85363
0F93222794B8833A390F5C56181EACB3CB5B042FFFFFFFFFFC8FFF00014F15C2CA43296940B8437B
0F93162794AB833A9F0F5C45181EA3B3EB5C040FFFFFFFFFFC9FFF00014F15C2CA43296940B84393
0F92FA279484833B0B0F5C32181E97B3EB5C04CFFFFFFFFFFCAFFF00014615C2CA43296A40B843AB
0F9241279372833B800F5B75181E00B3FB5C049FFFFFFFFFFC8FFF00014315C2CA43296A40B843C3
0F91BF2792BF833BF00F5AE0181D88B3EB5C03FFFFFFFFFFFC8FFF00014A15C2CA43296A40B843DB
0F90EA27917E833C380F5A0A181CD8B3EB5C043FFFFFFFFFFC9FFF00014D15C2CB43296B40B843F3
0F9024279053833C8A0F5957181C46B3FB5C041FFFFFFFFFFC8FFF00014F15C2CB43296B40B8430B
0F8EC5278E54833D070F581D181B4CB40B5D050FFFFFFFFFFC8FFF00014E15C2CB43296B40B85323
0F8E05278D39833D860F5760181AB4B41B5E040FFFFFFFFFFC8FFF00013A15C2CB43296C40B8433B
0F8D10278BC5833DE20F56311819B9B42B5E042FFFFFFFFFFC8FFF00014B15C2CB43296C40B85353
0F8C5B278ABF833E230F5596181938B42B5F043FFFFFFFFFFCAFFF00014E15C2CC43296C40B8436B
0F8B232788D7833E840F547618184AB43B60044FFFFFFFFFFC8FFF00014D15C2CC43296D40B85383
0F8747278328833F060F5092181524B42B6104CFFFFFFFFFFC8FFF00014215C2CC43296D40B8539B
0F844C277EA8833F800F4DA31812B7B43B6203FFFFFFFFFFFC8FFF00014815C2CC43296D40B843B3
0F821A277B59833FE00F4B7A1810E9B45B64042FFFFFFFFFFC8FFF00014815C2CC43296E40B843CB
0F7F752777548340450F48D7180EB9B46B66043FFFFFFFFFFC9FFF00014915C2CD43296E40B843E3
0F7CD627735B8340A60F463D180C8DB48B67042FFFFFFFFFFC8FFF00014C15C2CD43296E40B843FB
0F794F276DE28340F10F426218094FB48B6704FFFFFFFFFFFC9FFF00014515C2CD43296F40B84313
0F721F2763228341510F3BA41803C7B4BB69042FFFFFFFFFFC9FFF00014C15C2CD43296F40B8432B
0F6D65275C208341D20F370217FFF7B4DB6B03FFFFFFFFFFFC9FFF00013F15C2CD43296F40B84343
0F6A4227574E8342530F33DF17FD56B4EB6E046FFFFFFFFFFC9FFF00013B15C2CE43296F40B8435B
0F68562754618342B90F321B17FBD7B52B7004FFFFFFFFFFFC9FFF00014715C2CE43297040B85373
0F67722752FF83430A0F314317FB1BB54B71043FFFFFFFFFFC9FFF00014B15C2CE43297040B8438B
0F671D27527583435A0F30DB17FAC2B56B73040FFFFFFFFFFC9FFF00014B15C2CE43297040B843A3
0F66CB2751F98343C60F308817FA7EB56B73041FFFFFFFFFFC9FFF00014115C2CE43297140B843BB
0F66902751A583444D0F305217FA54B57B75041FFFFFFFFFFC9FFF00013F15C2CE43297140B843D3
0F66202750FC8344BC0F2FEE17F9FDB58B7503FFFFFFFFFFFC9FFF00014515C2CF43297140B853EB
0F6552274FB98344FD0F2F0D17F946B59B76044FFFFFFFFFFC9FFF00014915C2CF43297240B84303
0F64A1274EB883455C0F2E7117F8C4B5BB77040FFFFFFFFFFC7FFF00014815C2CF43297240B8531B
0F63AE274D448345DB0F2D7517F7F6B5CB7703FFFFFFFFFFFC7FFF00014615C2CF43297240B84333
0F6185274A158346560F2B5B17F63EB5DB78043FFFFFFFFFFC8FFF00014515C2CF43297340B8434B
0F607127486B8346BA0F2A4417F554B5DB79047FFFFFFFFFFC8FFF00014615C2D043297340B85363
0F5FD62747888347150F29B917F4E0B5EB79042FFFFFFFFFFC8FFF00013E15C2D043297340B8437B
0F5FBD27476183476D0F299D17F4C9B5EB7B03FFFFFFFFFFFC8FFF00013F15C2D043297440B85393
0F5E9F2745A88347D00F288217F3DFB5EB7C03FFFFFFFFFFFC8FFF00013D15C2D043297440B843AB
0F5C262741E08348470F25ED17F1B7B5EB7C04CFFFFFFFFFFC9FFF00014415C2D043297440B853C3
0F52812733608348C40F1C6117E9E7B60B7E045FFFFFFFFFFC8FFF00013815C2D143297540B843DB
0F4CD6272ADE8349310F16DF17E54FB62B80044FFFFFFFFFFC8FFF00013E15C2D143297540B843F3
0F4AD92727C48349790F14E217E39AB66B82041FFFFFFFFFFC8FFF00014415C2D143297540B8430B
0F493A27253C8349C40F134C17E240B69B86040FFFFFFFFFFC8FFF00014715C2D143297640B84323
0F468F272130834A360F10B617E018B6BB88044FFFFFFFFFFC8FFF00014615C2D143297640B8433B
0F4448271DBD834AC30F0E5A17DE25B6EB8A04CFFFFFFFFFFC8FFF00013915C2D243297640B84353
0F41B82719DD834B410F0BF617DC25B71B8C041FFFFFFFFFFC8FFF00013C15C2D243297640B8436B
0F3FFC27170E834B8B0F0A1A17DA8CB73B8F041FFFFFFFFFFC8FFF00013915C2D243297740B85383
0F3D392712D7834BBF0F074817D82DB75B90041FFFFFFFFFFC8FFF00013C15C2D243297740B8439B
0F3A0F270E0C834C220F045B17D5BEB75B9103FFFFFFFFFFFC8FFF00014215C2D243297840B843B3
0F357427071F834CB90EFFC517D1F5B75B9204DFFFFFFFFFFC8FFF00013C15C2D343297840B843CB
0F3244270230834D4D0EFCAD17CF58B77B94043FFFFFFFFFFC9FFF00013915C2D343297840B853E3
0F306226FF49834DA50EFAC717CDB1B79B96042FFFFFFFFFFC8FFF00013A15C2D343297840B843FB
0F2EA026FC71834DD80EF8F817CC23B7BB97042FFFFFFFFFFC8FFF00014315C2D343297940B84313
0F2B7126F769834E1C0EF5C817C969B7BB98042FFFFFFFFFFC8FFF00014515C2D343297940B8432B
0F265426EFB8834E930EF0DF17C550B7CB9903FFFFFFFFFFFC8FFF00014215C2D443297A40B84343
0F21CC26E8C1834F2D0EEC8317C1A7B7DB9904EFFFFFFFFFFC8FFF00013215C2D443297A40B8435B
0F1FE526E5CF834FAA0EEA9417BFFFB7DB99043FFFFFFFFFFC9FFF00013715C2D443297A40B85373
0F1F3826E4AD834FF20EE9EE17BF66B7DB99043FFFFFFFFFFC9FFF00013815C2D443297A40B8438B
0F1EC826E3F98350440EE98217BF06B7CB98042FFFFFFFFFFC9FFF00013A15C2D443297B40B843A3
0F1E7D26E3818350AE0EE92217BEB2B7AB97043FFFFFFFFFFC9FFF00013615C2D543297B40B843BB
0F1D0A26E1408351120EE79917BD66B79B9704DFFFFFFFFFFC8FFF00013015C2D543297B40B843D3
0F1C0C26DFC483517B0EE6E217BCCEB79B98046FFFFFFFFFFC8FFF00014015C2D543297C40B843EB
0F1BBF26DF468351ED0EE67317BC6FB79B98043FFFFFFFFFFC9FFF00013C15C2D543297C40B84303
0F1B5426DEA583524D0EE61517BC1FB79B97042FFFFFFFFFFC9FFF00013515C2D543297C40B8531B
0F1AF526DE128352A40EE5BD17BBD2B7AB96042FFFFFFFFFFC8FFF00013315C2D543297D40B84333
0F1A4E26DD0B83530B0EE50417BB38B7AB95043FFFFFFFFFFC8FFF00013215C2D643297D40B8434B
0F177526D8AE8353810EE24017B8E8B7AB9504BFFFFFFFFFFC8FFF00013B15C2D643297D40B84363
0F162226D6A48353F40EE0ED17B7C5B7CB96042FFFFFFFFFFC8FFF00013A15C2D643297E40B8437B
0F151826D4FE8354410EDFF217B6ECB7BB96043FFFFFFFFFFC9FFF00013A15C2D643297E40B85393
0F144B26D3BA83548A0EDF1717B62FB79B95043FFFFFFFFFFC9FFF00013315C2D643297E40B853AB
0F13A226D2B38354F40EDE9217B5BEB78B94046FFFFFFFFFFC9FFF00013C15C2D743297F40B843C3
0F11E826D0108355770EDCC717B440B76B9304AFFFFFFFFFFC9FFF00013815C2D743297F40B843DB
0F0F9526CC7B8355E50EDA7617B24DB76B93043FFFFFFFFFFC7FFF00013415C2D743297F40B843F3
0F0D0826C88B8356420ED7F017B02BB75B93043FFFFFFFFFFC7FFF00013215C2D743298040B8430B
0F0B3726C5C18356AC0ED61017AE97B76B92043FFFFFFFFFFC9FFF00012915C2D743298040B84323
0F0A4326C45483570E0ED55B17ADFEB75B91049FFFFFFFFFFC8FFF00012E15C2D843298040B8433B
0F09B226C35E83575E0ED4BB17AD70B72B8F048FFFFFFFFFFC8FFF00013915C2D843298140B84353
0F07C226C0748357BC0ED2B617ABC1B71B8E042FFFFFFFFFFC8FFF00013A15C2D843298140B8436B
0F06B226BED48358290ED1B817AAEFB70B8E042FFFFFFFFFFC8FFF00013615C2D843298140B84383
0F02A626B8908358A70ECD9B17A77BB71B8D04CFFFFFFFFFFC7FFF00012515C2D843298240B8439B
0EFFFB26B48A8359140ECB1617A55CB72B8D045FFFFFFFFFFC7FFF00012A15C2D943298240B843B3
0EFF9926B3DE8359630ECAAC17A4F7B73B8E042FFFFFFFFFFC8FFF00012F15C2D943298240B843CB
0EFF2126B31E8359C20ECA3117A48EB75B8F043FFFFFFFFFFC8FFF00013415C2D943298340B843E3
0EFDA626B0D4835A2C0EC8C917A362B75B90043FFFFFFFFFFC8FFF00012D15C2D943298340B843FB
0EFB7526AD7B835A810EC69217A18AB75B90046FFFFFFFFFFC8FFF00012D15C2D943298340B84313
0EF92D26AA0B835ADB0EC47F179FD1B75B9004DFFFFFFFFFFC9FFF00013515C2DA43298440B8432B
0EF78326A77D835B4D0EC2AC179E46B77B92042FFFFFFFFFFC9FFF00012315C2DA43298440B84343
0EF66126A5B9835BBE0EC17E179D43B77B92041FFFFFFFFFFC9FFF00012F15C2DA43298440B8435B
0EF47A26A2C3835C2C0EBF75179B8EB78B92043FFFFFFFFFFC6FFF00011F15C2DA43298540B84373
0EF153269E0E835C940EBC281798D5B77B9104DFFFFFFFFFFC9FFF00012515C2DA43298540B8438B
0EF08D269CDA835CF20EBBAC17986AB76B91045FFFFFFFFFFC8FFF00012D15C2DA43298540B843A3
0EEFBF269B99835D4B0EBB4F179819B76B92043FFFFFFFFFFC8FFF00013315C2DB43298640B843BB
0EEF24269A9F835D9C0EBA3917972CB77B92042FFFFFFFFFFC8FFF00013315C2DB43298640B843D3
0EEE58269975835E020EB9971796A6B79B93043FFFFFFFFFFC8FFF00013215C2DB43298640B843EB
0EEE7A2699B0835E7E0EB9CA1796D6B7AB9304EFFFFFFFFFFC8FFF00012D15C2DB43298740B84303
0EEE5B269981835EF30EB9B01796C0B79B93043FFFFFFFFFFC8FFF00012715C2DB43298740B8431B
0EEE2B269936835F550EB9911796A7B79B93043FFFFFFFFFFC9FFF00012115C2DC43298740B84333
0EEDF92698EA835FBC0EB93A17965CB79B93043FFFFFFFFFFC9FFF00011C15C2DC43298740B8434B
0EED6C2698128360190EB8BB1795F0B78B94043FFFFFFFFFFC9FFF00012C15C2DC43298840B84363
0EED652698028360600EB8B21795E9B77B94050FFFFFFFFFFC8FFF00012815C2DC43298840B8437B
0EECE326973A8360B80EB820179570B76B94042FFFFFFFFFFC7FFF00012815C2DC43298940B84393
0EEC7126969D8361360EB7D0179535B75B94043FFFFFFFFFFC7FFF00012D15C2DC43298940B843AB
0EEC922696D58361AD0EB7F2179554B76B94043FFFFFFFFFFC8FFF00012315C2DD43298940B843C3
0EEB572694FB8362190EB6CF179468B76B9304EFFFFFFFFFFC9FFF00011415C2DD43298940B843DB
0EEA6726938F83627F0EB5CC179391B76B93045FFFFFFFFFFC9FFF00012315C2DD43298A40B843F3
0EE9312691CA8362D40EB49D1792A0B77B93043FFFFFFFFFFC8FFF00012215C2DD43298A40B8430B
0EE8AB26910683632D0EB447179257B79B93040FFFFFFFFFFC8FFF00012415C2DD43298B40B84323
0EE88C2690D68363930EB3FE17921DB79B93044FFFFFFFFFFC7FFF00012B15C2DE43298B40B8433B
0EE7C9268FAC8363FC0EB32D17916EB7AB9304DFFFFFFFFFFC7FFF00012915C2DE43298B40B84353
0EE6CC268E308364600EB224179095B7AB93043FFFFFFFFFFC8FFF00012815C2DE43298B40B8436B
0EE515268B9C8364D00EB087178F41B7AB94041FFFFFFFFFFC8FFF00011E15C2DE43298C40B84383
0EE4002689F28365390EAF83178E68B7BB94042FFFFFFFFFFC9FFF00011C15C2DE43298C40B8439B
0EE3A726896983658E0EAF2A178E1BB7BB95043FFFFFFFFFFC8FFF00011B15C2DE43298C40B843B3
0EE3632689028365ED0EAED9178DD9B7BB9604FFFFFFFFFFFC8FFF00011C15C2DF43298D40B833CB
0EE2002686E08366620EAD6A178CA5B7BB97043FFFFFFFFFFC9FFF00012715C2DF43298D40B843E3
0EDF8826830E8366C20EAB09178AA2B7DB98042FFFFFFFFFFC8FFF00012815C2DF43298D40B843FB
0EDE962681A18367240EAA1B1789DAB7EB98043FFFFFFFFFFC8FFF00012615C2DF43298E40B84313
0EDDED2680A68367910EA9A0178977B7DB98041FFFFFFFFFFC8FFF00011A15C2DF43298E40B8432B
0EDD852680068367E80EA91C17890BB7DB98047FFFFFFFFFFC8FFF00012415C2E043298E40B84343
0EDC5B267E478368380EA7E417880CB7EB99045FFFFFFFFFFC8FFF00011F15C2E043298F40B8435B
0EDA34267B2E8368AD0EA5C017865EB7FB9A043FFFFFFFFFFC8FFF00012315C2E043298F40B84373
0ED8F626795E83692D0EA48A178566B82B9C043FFFFFFFFFFC7FFF00010B15C2E043298F40B8438B
0ED78A2677248369970EA30E178422B85B9F043FFFFFFFFFFC7FFF00011A15C2E043299040B843A3
0ED4FE2673378369E00EA0A4178215B88BA2050FFFFFFFFFFC8FFF00012215C2E143299040B843BB
0ED4282671EA836A200E9FE217816BB8ABA5042FFFFFFFFFFC8FFF00012615C2E143299040B843D3
0ED2F2267001836A820E9E8E178050B8BBA6043FFFFFFFFFFC8FFF00012615C2E143299140B843EB
0ED11D266D51836B000E9CC9177EE2B8ABA6042FFFFFFFFFFC8FFF00011215C2E143299140B84303
0ED059266C30836B7F0E9C12177E4DB8ABA6049FFFFFFFFFFC7FFF00011815C2E143299140B8431B
0ED034266BF9836BDE0E9BEF177E2FB8BBA6048FFFFFFFFFFC8FFF00011715C2E143299240B84333
0ED03D266C0D836C300E9BFD177E3FB8DBA7042FFFFFFFFFFC8FFF00011D15C2E243299240B8434B
0ED046266C20836C870E9C05177E45B8EBA8043FFFFFFFFFFC8FFF00011915C2E243299240B84363
0ED02A266BFD836CE50E9BF4177E3DB8FBAA043FFFFFFFFFFC8FFF00012315C2E243299340B8437B
0ED023266BF9836D540E9BE1177E32B91BAB047FFFFFFFFFFC8FFF00011815C2E243299340B84393
0ECFFF266BCF836DC80E9BBF177E19B92BAD04AFFFFFFFFFFC8FFF00011C15C2E243299340B843AB
0ECFFD266BD2836E320E9BBC177E1BB94BAE043FFFFFFFFFFC9FFF00011A15C2E343299440B843C3
0ECFBE266B77836E8F0E9B85177DF0B97BAF043FFFFFFFFFFC7FFF00011515C2E343299440B843DB
0ECEDE266A1E836EE00E9A97177D2EB97BAF043FFFFFFFFFFC7FFF00012015C2E343299440B843F3
0ECD452667AD836F3B0E9907177BDDB96BB0044FFFFFFFFFFC7FFF00011F15C2E343299540B8330B
0EC99D266212836FA40E955C1778CEB97BB004EFFFFFFFFFFC9FFF00011215C2E343299540B83323
0EC7A1265F1183701D0E9372177734B98BB0040FFFFFFFFFFC9FFF00010F15C2E443299540B8433B
0EC6A8265D918370900E928517766CB98BB1041FFFFFFFFFFC7FFF00011415C2E443299640B84353
0EC5F3265C778370EB0E91D71775D7B97BB2042FFFFFFFFFFC7FFF00011C15C2E443299640B8436B
0EC54F265B728371350E912817753FB97BB2042FFFFFFFFFFC8FFF00011F15C2E443299640B84383
0EC3EC26594883718A0E8FC3177413B96BB204FFFFFFFFFFFC8FFF00011615C2E443299740B8339B
0EC12E2655188371FC0E8CF51771C0B97BB3042FFFFFFFFFFC8FFF00011115C2E443299740B843B3
0EBD5D264F4F8372770E894B176EB4B99BB3042FFFFFFFFFFC8FFF00010C15C2E543299740B833CB
0EBB29264BE98372E50E8728176CE2B9ABB4042FFFFFFFFFFC9FFF00011015C2E543299740B833E3
0EBA27264A4E83733F0E8629176C05B9BBB4043FFFFFFFFFFC8FFF00011715C2E543299840B843FB
0EB99C26497083738C0E859E176B8CB9BBB504DFFFFFFFFFFC8FFF00011B15C2E543299840B84313
0EB78126462D8373E60E837F1769C0B9BBB5044FFFFFFFFFFC7FFF00011C15C2E543299940B8332B
0EB5CB2643938374540E81D8176860B9BBB5043FFFFFFFFFFC7FFF00010715C2E643299940B83343
0EB3D426407A8374CE0E7FF01766BFB9ABB5043FFFFFFFFFFC6FFF00011415C2E643299940B8335B
0EB21B263DD283753E0E7E5317655FB9ABB504FFFFFFFFFFFC7FFF00011415C2E643299940B83373
0EB173263CC183758B0E7D7C1764A2B9ABB5044FFFFFFFFFFC8FFF00011715C2E643299A40B8338B
0EB052263AFF8375D10E7C5D1763AEB99BB403FFFFFFFFFFFC8FFF00011915C2E643299A40B843A3
0EAECE26389A8376400E7AEA176272B98BB3043FFFFFFFFFFC8FFF00011715C2E743299B40B833BB
0EAA4326319B8376BF0E7651175E96B97BB2040FFFFFFFFFFC8FFF00010A15C2E743299B40B833D3
0EA7CC262DDE8377260E7409175CAAB97BB1043FFFFFFFFFFC7FFF00011115C2E743299B40B833EB
0EA64A262B5D8377750E726A175B3DB98BB204FFFFFFFFFFFC7FFF00011415C2E743299B40B83303
0EA2552625778377D50E6EB9175837B97BB203FFFFFFFFFFFC8FFF00010D15C2E743299C40B8431B
0E9EEF2620188378440E6B49175543B96BB2042FFFFFFFFFFC6FFF00011315C2E743299C40B83333
0E99AE2617DD83789E0E65CD17509DB94BB1042FFFFFFFFFFC7FFF00011315C2E843299C40B8234B
0E95E32612088378F40E625B174DAFB93BB0040FFFFFFFFFFC8FFF00011415C2E843299D40B83363
0E9282260CEB83795C0E5EE7174AD5B93BB0042FFFFFFFFFFC8FFF00010A15C2E843299D40B8237B
0E902D26095B8379C70E5CB41748F9B93BB004BFFFFFFFFFFC8FFF00010915C2E843299D40B82393
0E8EE9260758837A350E5B791747E7B95BB0042FFFFFFFFFFC9FFF00010E15C2E843299E40B833AB
0E8CD3260410837AA00E5945174605B95BB0043FFFFFFFFFFC9FFF00010A15C2E943299E40B823C3
0E89B425FF4F837AFB0E564E17438FB97BB103FFFFFFFFFFFC8FFF00010315C2E943299E40B823DB
0E884A25FD2A837B510E54FD174273B99BB2044FFFFFFFFFFC8FFF00011015C2E943299F40B833F3
0E84F425F7E5837BA30E5165173F6AB9ABB304AFFFFFFFFFFC6FFF00010A15C2E943299F40B8330B
0E835B25F590837C030E5015173E51B9BBB5045FFFFFFFFFFC6FFF00011215C2E943299F40B82323
0E828825F43A837C710E4F40173D9BB9DBB703FFFFFFFFFFFC7FFF00010F15C2EA4329A040B8233B
0E80DE25F1BB837CE70E4DA8173C4DB9FBB9043FFFFFFFFFFC7FFF00010915C2EA4329A040B82353
0E804025F0C9837D590E4D0D173BC8BA1BBB042FFFFFFFFFFC7FFF00010415C2EA4329A040B8336B
0E7FAE25EFE3837DB20E4C78173B46BA2BBD048FFFFFFFFFFC8FFF00010815C2EA4329A140B82383
0E7EFD25EED0837DF90E4BD9173AC0BA4BBE045FFFFFFFFFFC8FFF00010E15C2EA4329A140B8239B
0E7E5425EDCB837E560E4B3C173A3DBA5BBF044FFFFFFFFFFC8FFF00010615C2EB4329A140B833B3
0E7D9325ECA5837EBA0E4A821739A3BA7BC003FFFFFFFFFFFC9FFF00010E15C2EB4329A240B823CB
0E7D3525EC1D837F200E4A0917393DBA8BC0043FFFFFFFFFFC7FFF00010215C2EB4329A240B823E3
0E7D3325EC18837F860E4A0517393DBA7BC004AFFFFFFFFFFC6FFF00010815C2EB4329A240B823FB
0E7D3425EC1E837FEF0E4A0E173943BA8BC0045FFFFFFFFFFC6FFF0000FE15C2EB4329A340B82313
0E7D3525EC288380550E4A08173943BA8BC0040FFFFFFFFFFC6FFF00010615C2EB4329A340B8232B
0E7D2125EC0C8380BF0E49EF173931BA7BC0043FFFFFFFFFFC8FFF0000FC15C2EC4329A340B82343
0E7CFC25EBD38381190E49E5173929BA8BC1044FFFFFFFFFFC8FFF0000FF15C2EC4329A440B8235B
0E7CBA25EB748381640E498B1738E1BA9BC1041FFFFFFFFFFC8FFF00010815C2EC4329A440B82373
0E7C8D25EB2D8381C70E49631738C1BA8BC104AFFFFFFFFFFC8FFF00010A15C2EC4329A440B8238B
0E7A8F25E82F8382360E476F173729BA8BC2043FFFFFFFFFFC8FFF00010115C2EC4329A540B823A3
0E79A225E6D08382960E469017366FBA9BC2044FFFFFFFFFFC7FFF00010815C2ED4329A540B823BB
0E798825E6A78382F10E466817364EBAABC3044FFFFFFFFFFC7FFF0000FC15C2ED4329A540B823D3
0E789C25E54283835E0E4585173596BAABC3043FFFFFFFFFFC8FFF0000FC15C2ED4329A640B823EB
0E76F625E2C68383DA0E43D317342FBACBC304CFFFFFFFFFFC8FFF0000F315C2ED4329A640B82303
0E760425E1478384390E42E6173363BADBC4044FFFFFFFFFFC7FFF00010315C2ED4329A640B8231B
0E74BB25DF3C83847A0E4183173235BADBC5044FFFFFFFFFFC8FFF00010715C2EE4329A740B82333
0E72E325DC778384C70E3FCF1730CEBADBC5042FFFFFFFFFFC7FFF00010715C2EE4329A740B8234B
0E720725DB308385330E3EF917301EBADBC5042FFFFFFFFFFC7FFF0000FD15C2EE4329A740B82363
0E718A25DA758385AB0E3E84172FBDBAEBC6045FFFFFFFFFFC7FFF00010215C2EE4329A840B8237B
0E70D825D96183861B0E3DCE172F27BAEBC704DFFFFFFFFFFC7FFF0000FA15C2EE4329A840B82393
0E6F6C25D73E8386840E3C67172E00BAFBC8044FFFFFFFFFFC7FFF0000F015C2EE4329A840B823AB
0E6EDC25D6658386D50E3BD9172D8BBB1BC8043FFFFFFFFFFC8FFF0000FF15C2EF4329A940B823C3
0E6E8C25D5ED83871A0E3B95172D4FBB1BC8044FFFFFFFFFFC8FFF0000FC15C2EF4329A940B823DB
0E6DFC25D51683877B0E3B00172CD6BB0BC8044FFFFFFFFFFC8FFF00010115C2EF4329A940B823F3
0E6CCF25D3538387F30E39C6172BD9BB0BC8047FFFFFFFFFFC8FFF0000F615C2EF4329AA40B8230B
0E6A9B25CFFE83885C0E37A7172A18BB0BC8049FFFFFFFFFFC7FFF0000F115C2EF4329AA40B82323
0E69B025CE9A8388BD0E36C817295FBB1BC9042FFFFFFFFFFC6FFF0000F415C2F04329AA40B8233B
0E693025CDCC8389160E364B1728F3BB2BC9041FFFFFFFFFFC6FFF0000FB15C2F04329AB40B82353
0E67B525CB828389730E34C71727AEBB3BCA045FFFFFFFFFFC7FFF0000FA15C2F04329AB40B8236B
0E660125C8D38389E40E331217263ABB3BCA048FFFFFFFFFFC7FFF0000F915C2F04329AB40B82383
0E62A125C396838A550E2FD1172373BB3BCB049FFFFFFFFFFC8FFF0000F315C2F04329AC40B8239B
0E60DD25C0BB838AA20E2DE01721BFBB4BCB043FFFFFFFFFFC7FFF0000FE15C2F04329AC40B823B3
0E5FB425BEE4838AE70E2CE81720E4BB4BCC044FFFFFFFFFFC7FFF0000FF15C2F14329AC40B823CB
0E5DE425BBEB838B3F0E2AE4171F20BB4BCB044FFFFFFFFFFC8FFF0000F615C2F14329AD40B823E3
0E5BF625B8F4838BB90E2933171DB0BB3BCA040FFFFFFFFFFC7FFF0000FB15C2F14329AD40B823FB
0E5AC325B716838C3B0E27FF171CABBB2BCA045FFFFFFFFFFC7FFF0000EB15C2F14329AD40B82313
0E5A0825B5F6838CA30E274E171C15BB1BC904AFFFFFFFFFFC8FFF0000F215C2F14329AE40B8232B
0E59AF25B572838CEA0E2700171BD2BB0BC7044FFFFFFFFFFC7FFF0000F815C2F24329AE40B82343
0E59D825B5BC838D260E2728171BFABAFBC6043FFFFFFFFFFC6FFF0000FC15C2F24329AE40B8235B
0E59D925B5C8838D860E271B171BF8BADBC6045FFFFFFFFFFC7FFF0000F415C2F24329AF40B82373
0E594225B4E4838E010E268C171B87BACBC5044FFFFFFFFFFC7FFF0000FA15C2F24329AF40B8238B
0E57FD25B309838E7D0E2547171A80BADBC5046FFFFFFFFFFC7FFF0000EB15C2F24329AF40B823A3
0E573625B1FA838EE50E24AE171A10BAEBC604BFFFFFFFFFFC7FFF0000F115C2F24329AF40B823BB
0E55A625AF6D838F240E22D517187DBAEBC6044FFFFFFFFFFC9FFF0000F515C2F34329B040B823D3
0E539B25AC69838F5D0E215517173FBB0BC7044FFFFFFFFFFC7FFF0000F915C2F34329B040B823EB
0E538425AC57838FCD0E20E21716E9BB2BC9043FFFFFFFFFFC7FFF0000F915C2F34329B140B82303
0E539525AC8D83905B0E20F4171706BB2BCA044FFFFFFFFFFC7FFF0000EC15C2F34329B140B8231B
0E531125ABD38390CD0E206417169CBB3BCB04DFFFFFFFFFFC7FFF0000F315C2F34329B140B82333
0E521125AA4583910E0E1F6D1715C9BB4BCC044FFFFFFFFFFC8FFF0000F415C2F44329B140B8234B
0E505425A7918391500E1DA917144ABB6BCD044FFFFFFFFFFC7FFF0000F515C2F44329B240B82363
0E4EF725A57E8391B80E1C5B171335BB6BCE042FFFFFFFFFFC7FFF0000EE15C2F44329B240B8237B
0E4F4425A6508392320E1CC01713B6BB6BCE041FFFFFFFFFFC8FFF0000F415C2F44329B240B82393
0E4F4125A66D83929F0E1CBC1713C5BB6BCF045FFFFFFFFFFC8FFF0000E715C2F44329B340B823AB
0E4F1E25A64C8392FF0E1C9A1713B5BB8BCF04DFFFFFFFFFFC7FFF0000ED15C2F54329B340B813C3
0E4E9C25A58483935C0E1C0817133EBBABD1044FFFFFFFFFFC6FFF0000EE15C2F54329B340B823DB
0E4B8625A09E8393AD0E18FE17109CBBCBD3044FFFFFFFFFFC8FFF0000E215C2F54329B440B813F3
0E496A259D308394090E16F3170ECEBBEBD5045FFFFFFFFFFC8FFF0000F515C2F54329B440B8130B
0E483D259B4A83946F0E15B2170DB0BBFBD604AFFFFFFFFFFC8FFF0000F315C2F54329B440B82323
0E47512599DF8394D40E14D5170CF9BBEBD604AFFFFFFFFFFC6FFF0000EF15C2F54329B540B8133B
0E46D325993983954F0E1458170C9EBBCBD4046FFFFFFFFFFC7FFF0000E215C2F64329B540B81353
0E46BD2599328395B40E1453170CA4BBBBD3043FFFFFFFFFFC8FFF0000E915C2F64329B540B8036B
0E471D2599DE8395EB0E14BA170D03BBABD2046FFFFFFFFFFC8FFF0000E115C2F64329B640B81383
0E47C8259B0D8396350E155D170DA8BBBBD2044FFFFFFFFFFC8FFF0000F115C2F64329B640B8239B
0E48A2259CA48396B50E15FD170E53BBABD2046FFFFFFFFFFC8FFF0000F015C2F64329B640B803B3
0E481E259BDB8397240E15AA170E10BBBBD204CFFFFFFFFFFC7FFF0000ED15C2F74329B740B823CB
0E479A259B0183977A0E1521170D98BBDBD4045FFFFFFFFFFC7FFF0000E415C2F74329B740B813E3
0E44EE2596DE8397E20E1277170B57BBFBD6044FFFFFFFFFFC7FFF0000ED15C2F74329B740B813FB
0E45DF2598EC83983F0E136B170C71BC1BD7044FFFFFFFFFFC6FFF0000EC15C2F74329B840B82313
0E46652599CF8398940E13EF170CEFBC1BD8045FFFFFFFFFFC7FFF0000EC15C2F74329B840B8132B
0E465A2599C68398F40E13E6170CEEBC2BD9043FFFFFFFFFFC7FFF0000ED15C2F74329B840B80343
0E45F52599348399590E137D170C9BBC4BDB04BFFFFFFFFFFC7FFF0000ED15C2F84329B940B8035B
0E45562598488399B10E12E5170C1CBC7BDD046FFFFFFFFFFC7FFF0000E415C2F84329B940B80373
0E4431259688839A170E11BD170B2BBC9BDF044FFFFFFFFFFC8FFF0000EB15C2F84329B940B8038B
0E433C25951A839A830E10D2170A6BBCABE003FFFFFFFFFFFC8FFF0000DE15C2F84329B940B803A3
0E42522593AD839AEA0E0FD8170996BCCBE1042FFFFFFFFFFC8FFF0000E515C2F84329BA40B803BB
0E40FB259197839B4F0E0E95170885BCCBE2048FFFFFFFFFFC7FFF0000E815C2F94329BA40B803D3
0E40612590B3839BA70E0DFD170806BCCBE3047FFFFFFFFFFC7FFF0000E215C2F94329BA40B803EB
0E3FA9258F8E839BE20E0D4417076BBCCBE2045FFFFFFFFFFC8FFF0000ED15C2F94329BB40B80303
0E3EDA258E4B839C2B0E0C721706B7BCCBE3046FFFFFFFFFFC8FFF0000E415C2F94329BB40B8031B
0E3E8B258DDF839CA30E0C2817067DBCBBE3041FFFFFFFFFFC8FFF0000E915C2F94329BB40B80333
0E3DF2258D04839D3A0E0B9617060EBCBBE3041FFFFFFFFFFC8FFF0000E015C2F94329BC40B8034B
0E3DD6258CE7839DA20E0B7D1705FEBCBBE204EFFFFFFFFFFC8FFF0000E215C2FA4329BC40B80363
0E3DA3258CA0839DDA0E0B451705D2BCABE2047FFFFFFFFFFC6FFF0000E015C2FA4329BC40B8037B
0E3D35258C06839E270E0ADB170583BCABE2045FFFFFFFFFFC8FFF0000E115C2FA4329BD40B7F393
0E3CC8258B6A839E8A0E0A6F17052EBC9BE203FFFFFFFFFFFC8FFF0000E915C2FA4329BD40B803AB
0E3C0B258A50839EE90E09B7170499BC9BE2043FFFFFFFFFFC8FFF0000E715C2FA4329BD40B803C3
0E3B4425891C839F530E08F71703FBBCABE3045FFFFFFFFFFC8FFF0000DE15C2FB4329BE40B803DB
0E39FC258734839FC50E07B81702F6BCCBE304AFFFFFFFFFFC7FFF0000E515C2FB4329BE40B803F3
0E39D72586FD83A01E0E07721702BABCCBE3046FFFFFFFFFFC6FFF0000DF15C2FB4329BE40B7F30B
0E38D025855383A0720E06741701E2BCCBE4046FFFFFFFFFFC8FFF0000DB15C2FB4329BE40B7F323
0E359A25808683A0E30E036B16FF62BCCBE4045FFFFFFFFFFC8FFF0000E015C2FB4329BF40B8033B
0E35A025808983A14D0E036D16FF5EBCDBE5043FFFFFFFFFFC8FFF0000DB15C2FC4329BF40B80353
0E359425806D83A1960E035616FF49BCDBE4045FFFFFFFFFFC7FFF0000E315C2FC4329BF40B8036B
0E3508257F9883A1DE0E02C416FECEBCCBE3045FFFFFFFFFFC7FFF0000E515C2FC4329C040B7F383
0E3496257EEA83A23A0E026116FE7FBCCBE3045FFFFFFFFFFC7FFF0000E615C2FC4329C040B7F39B
0E33EB257DE983A2B70E01B316FDF1BCCBE304DFFFFFFFFFFC8FFF0000D715C2FC4329C040B7F3B3
0E3296257BEF83A32F0E006116FCDFBCDBE2044FFFFFFFFFFC7FFF0000DB15C2FC4329C140B7F3CB
0E31AC257A9183A37C0DFF8016FC23BCEBE2045FFFFFFFFFFC7FFF0000DF15C2FD4329C140B7F3E3
0E31362579D883A3D50DFEF516FBAEBCDBE3045FFFFFFFFFFC7FFF0000D815C2FD4329C140B7F3FB
0E308A2578D183A44E0DFE5816FB2CBCCBE3045FFFFFFFFFFC8FFF0000DF15C2FD4329C140B7F313
0E300625780683A4A60DFDDC16FAC2BCBBE3044FFFFFFFFFFC7FFF0000E215C2FD4329C240B7F32B
0E2F7925772383A4D90DFD6916FA5DBCCBE3045FFFFFFFFFFC7FFF0000E315C2FD4329C240B7F343
0E2EA12575E083A52D0DFC7316F997BCCBE3045FFFFFFFFFFC8FFF0000D815C2FE4329C340B7F35B
0E2D1A25738C83A5A50DFAF516F859BCCBE304DFFFFFFFFFFC8FFF0000E415C2FE4329C340B7F373
0E2BE62571BC83A6260DF9C516F760BCCBE3042FFFFFFFFFFC6FFF0000D315C2FE4329C340B7F38B
0E29D6256E8D83A6890DF7CC16F5BBBCBBE3046FFFFFFFFFFC6FFF0000D315C2FE4329C340B7F3A3
0E2863256C5983A6DF0DF66116F48ABCBBE2045FFFFFFFFFFC7FFF0000CC15C2FE4329C440B7F3BB
0E2831256C0D83A73C0DF61A16F44DBCABE2045FFFFFFFFFFC7FFF0000D515C2FF4329C440B7F3D3
0E2804256BC883A78A0DF5F316F42CBC9BE1045FFFFFFFFFFC7FFF0000E515C2FF4329C440B7E3EB
0E27FA256BBA83A7DB0DF5EC16F426BC7BE0045FFFFFFFFFFC7FFF0000E615C2FF4329C540B7F303
0E27DC256B8B83A8420DF5C216F407BC7BE004EFFFFFFFFFFC7FFF0000D915C2FF4329C540B7F31B
0E2716256A6483A8BB0DF50616F36CBC7BDF045FFFFFFFFFFC7FFF0000D015C2FF4329C540B7F333
0E264225691F83A9210DF42616F2B1BC8BDF045FFFFFFFFFFC7FFF0000CC15C3004329C540B7F34B
0E25762567EB83A96D0DF36816F214BC8BDF045FFFFFFFFFFC7FFF0000DA15C3004329C640B7E363
0E251525675883A9D60DF31116F1CEBC7BE0045FFFFFFFFFFC7FFF0000DF15C3004329C640B7F37B
0E241D2565E483AA470DF21516F0FFBC6BDF045FFFFFFFFFFC8FFF0000DE15C3004329C640B7F393
0E233A25648983AA9D0DF12616F037BC7BDF045FFFFFFFFFFC7FFF0000CA15C3004329C740B7F3AB
0E225125632783AADD0DF04B16EF80BC7BDE045FFFFFFFFFFC6FFF0000DC15C3014329C740B7F3C3
0E21F325629383AB2A0DEFF316EF38BC6BDE04DFFFFFFFFFFC7FFF0000D815C3014329C740B7E3DB
0E214D2561A683ABA10DEF4E16EEB4BC7BDE045FFFFFFFFFFC8FFF0000E015C3014329C840B7F3F3
0E209625608D83AC220DEE9E16EE24BC7BDE045FFFFFFFFFFC7FFF0000DA15C3014329C840B7E30B
0E1F9E255F1983AC850DEDAA16ED5BBC7BDD045FFFFFFFFFFC6FFF0000D315C3014329C840B7E323
0E1E9B255D9183ACD10DECA616EC84BC6BDD045FFFFFFFFFFC6FFF0000D215C3014329C840B7E33B
0E1E3F255D0483AD280DEC5416EC40BC6BDE045FFFFFFFFFFC7FFF0000D015C3024329C940B7E353
0E1DE1255C7583AD920DEBEF16EBECBC6BDD04CFFFFFFFFFFC7FFF0000DE15C3024329C940B7F36B
0E1CCB255AC983ADFB0DEADA16EB07BC6BDD046FFFFFFFFFFC7FFF0000D715C3024329C940B7E383
0E1B7A2558B683AE450DE99216E9F0BC6BDD045FFFFFFFFFFC7FFF0000D415C3024329CA40B7F39B
0E1AFB2557F683AE910DE91516E987BC5BDD045FFFFFFFFFFC8FFF0000DB15C3034329CA40B7E3B3
0E1AB925578F83AEFE0DE8CA16E945BC3BDC045FFFFFFFFFFC6FFF0000D915C3034329CA40B7E3CB
0E19BA25560183AF890DE7D516E87ABC3BDC045FFFFFFFFFFC6FFF0000D515C3034329CB40B7E3E3
0E187B25541683AFFE0DE68A16E75EBC3BDC045FFFFFFFFFFC7FFF0000C315C3034329CB40B7E3FB
0E17BF2552E483B0310DE5FA16E6DBBC4BDB045FFFFFFFFFFC7FFF0000D815C3034329CB40B7E313
0E17BA2552DC83B0630DE5FA16E6DBBC4BDB045FFFFFFFFFFC8FFF0000D415C3044329CC40B7E32B
0E16842550EC83B0C80DE49E16E5B1BC2BDA045FFFFFFFFFFC6FFF0000DE15C3044329CC40B7E343
0E1437254D5383B1510DE25B16E3C7BC1BD9045FFFFFFFFFFC6FFF0000DD15C3044329CC40B7E35B
0E1347254BE283B1BC0DE18116E30BBC1BD804DFFFFFFFFFFC8FFF0000D415C3044329CC40B7E373
0E1336254BC983B2110DE16B16E2F7BC0BD7045FFFFFFFFFFC8FFF0000D015C3044329CD40B7E38B
0E131A254B9E83B26E0DE15316E2E2BBEBD6045FFFFFFFFFFC8FFF0000D015C3044329CD40B7E3A3
0E1278254AA383B2CE0DE0AA16E259BBCBD5045FFFFFFFFFFC8FFF0000C915C3054329CD40B7E3BB
0E11B725498283B3230DDFF016E1BEBBBBD4045FFFFFFFFFFC8FFF0000D015C3054329CE40B7E3D3
0E11562548F683B3850DDF9416E179BBBBD4045FFFFFFFFFFC8FFF0000DD15C3054329CE40B7E3EB
0E11362548CD83B3EB0DDF7016E15DBBBBD3046FFFFFFFFFFC6FFF0000D515C3054329CE40B7E303
0E110225488983B44C0DDF4316E13CBBABD304AFFFFFFFFFFC6FFF0000C615C3054329CF40B7E31B
0E10DC25485283B4A10DDF1B16E11EBBABD2046FFFFFFFFFFC7FFF0000D515C3064329CF40B7E333
0E105E2547A283B50B0DDEA816E0CABBABD2045FFFFFFFFFFC7FFF0000D415C3064329CF40B7E34B
0E100525472E83B57C0DDE5116E088BBABD2045FFFFFFFFFFC7FFF0000D315C3064329CF40B7E363
0E0FF725472283B5D50DDE4116E07FBBBBD2045FFFFFFFFFFC7FFF0000CB15C3064329D040B7E37B
0E0FEA25471083B6240DDE2516E06DBBBBD2045FFFFFFFFFFC6FFF0000D615C3074329D040B7E393
0E0F9C2546AF83B6740DDDF516E04CBBBBD2045FFFFFFFFFFC6FFF0000D115C3074329D040B7E3AB
0E0F982546B483B6DE0DDDDC16E03FBBBBD3043FFFFFFFFFFC7FFF0000D215C3074329D140B7D3C3
0E0F9E2546CC83B7400DDDE516E04BBBBBD3045FFFFFFFFFFC7FFF0000D915C3074329D140B7E3DB
0E0F9E2546D383B79E0DDDE016E04FBBBBD4045FFFFFFFFFFC8FFF0000D615C3074329D140B7E3F3
0E0F952546D083B8090DDDD816E04DBBBBD4045FFFFFFFFFFC7FFF0000C115C3074329D140B7E30B
0E0F3425465083B8780DDD7916E00ABBCBD4045FFFFFFFFFFC8FFF0000CF15C3084329D240B7E323
0E0EEA2545EC83B8CB0DDD1716DFC1BBDBD4045FFFFFFFFFFC7FFF0000D215C3084329D240B7E33B
0E0EA725459283B9140DDCF016DFA5BBDBD4045FFFFFFFFFFC7FFF0000D715C3084329D240B7E353
0E0D8B2543E983B9700DDBBD16DEB2BBDBD5045FFFFFFFFFFC7FFF0000D915C3084329D340B7D36B
0E0AE1253FEB83B9D90DD93016DC9BBBEBD5045FFFFFFFFFFC7FFF0000D915C3084329D340B7C383
0E0948253D8283BA420DD79E16DB4DBBEBD6045FFFFFFFFFFC8FFF0000D715C3094329D340B7D39B
0E07D3253B4B83BA990DD63716DA24BBFBD6045FFFFFFFFFFC7FFF0000CD15C3094329D440B7D3B3
0E0727253A4A83BAF80DD58516D990BBFBD6045FFFFFFFFFFC7FFF0000D115C3094329D440B7D3CB
0E06A425398083BB670DD50116D925BBEBD6045FFFFFFFFFFC8FFF0000C915C3094329D440B7C3E3
0E05E025385583BBD00DD44816D88CBBDBD6045FFFFFFFFFFC7FFF0000D015C3094329D440B7D3FB
0E04D82536C383BC1A0DD33116D7A4BBDBD6045FFFFFFFFFFC7FFF0000D415C30A4329D540B7C313
0E03ED25355B83BC650DD24B16D6E5BBEBD6045FFFFFFFFFFC7FFF0000CF15C30A4329D540B7C32B
0E01CD25321D83BCC90DD03016D529BBFBD6043FFFFFFFFFFC7FFF0000D015C30A4329D540B7C343
0E000A252F6F83BD310DCE7A16D3BDBBEBD5045FFFFFFFFFFC7FFF0000D715C30A4329D640B7C35B
0DFF88252EAE83BD970DCE0016D356BBDBD5046FFFFFFFFFFC7FFF0000CA15C30A4329D640B7C373
0DFF0D252DF883BE100DCD8516D2F4BBCBD4045FFFFFFFFFFC8FFF0000CB15C30B4329D640B7C38B
0DFE7F252D1B83BE780DCCF516D27ABBCBD3046FFFFFFFFFFC8FFF0000C315C30B4329D740B7C3A3
0DFD8A252B9F83BEA70DCC2B16D1CCBBCBD3046FFFFFFFFFFC8FFF0000CC15C30B4329D740B7C3BB
0DFBA12528B983BEDD0DCA4616D041BBBBD3045FFFFFFFFFFC8FFF0000D915C30B4329D740B7C3D3
0DFADE2527AB83BF500DC96416CF90BBABD3045FFFFFFFFFFC9FFF0000D815C30B4329D840B7C3EB
0DFA1025267583BFE10DC89E16CEF1BBABD3045FFFFFFFFFFC8FFF0000C915C30C4329D840B7C303
0DF8E02524B083C04A0DC76516CDF3BBBBD3045FFFFFFFFFFC7FFF0000CC15C30C4329D840B7C31B
0DF87825241C83C0940DC70116CD9EBBABD3046FFFFFFFFFFC7FFF0000CC15C30C4329D840B7B333
0DF8552523E383C0D80DC6E816CD8BBBABD2045FFFFFFFFFFC8FFF0000C815C30C4329D940B7C34B
0DF80925237783C1280DC69E16CD51BBABD2045FFFFFFFFFFC8FFF0000D515C30C4329D940B7C363
0DF72E25223183C18F0DC5C316CCA6BBABD1045FFFFFFFFFFC7FFF0000D615C30D4329D940B7C37B
0DF505251EFF83C2010DC3AD16CAF7BB9BD1041FFFFFFFFFFC7FFF0000CE15C30D4329DA40B7C393
0DF40D251D9783C25F0DC2D516CA4DBB9BD1044FFFFFFFFFFC6FFF0000CB15C30D4329DA40B7B3AB
0DF274251B4083C2C20DC12116C8F0BB9BD2045FFFFFFFFFFC7FFF0000CD15C30D4329DA40B7B3C3
0DF1EB251A7A83C3210DC09216C87FBBABD1045FFFFFFFFFFC8FFF0000CD15C30D4329DB40B7C3DB
0DF07E25184383C3730DBF2316C74DBBABD2045FFFFFFFFFFC8FFF0000C815C30E4329DB40B7B3F3
0DEE1825149B83C3D00DBCD716C564BBABD2045FFFFFFFFFFC7FFF0000D215C30E4329DB40B7B30B
0DECF62512F283C4330DBBB116C476BBABD1045FFFFFFFFFFC7FFF0000C815C30E4329DC40B7B323
0DEC8225124383C4890DBB3816C412BBABD1045FFFFFFFFFFC8FFF0000CF15C30E4329DC40B7B33B
0DEC462511F483C4E00DBB0116C3E8BB9BD1045FFFFFFFFFFC8FFF0000D015C30E4329DC40B7B353
0DEBE225116383C54F0DBA9D16C39CBB8BD1045FFFFFFFFFFC8FFF0000C715C30F4329DD40B7B36B
0DEAE0250FD683C5B30DB9A016C2CABB7BD0045FFFFFFFFFFC8FFF0000C515C30F4329DD40B7B383
0DEA62250F1B83C60F0DB92816C264BB6BCF046FFFFFFFFFFC6FFF0000C315C30F4329DD40B7B39B
0DE9E0250E4E83C6780DB8A016C1F4BB6BCF046FFFFFFFFFFC6FFF0000CB15C30F4329DD40B7B3B3
0DE932250D4E83C6CF0DB7F916C16CBB5BCF046FFFFFFFFFFC7FFF0000C815C30F4329DE40B7B3CB
0DE863250C0E83C7070DB72016C0BBBB5BCE046FFFFFFFFFFC8FFF0000D015C3104329DE40B7B3E3
0DE71C250A4383C7690DB5DE16BFC0BB6BCF045FFFFFFFFFFC8FFF0000D315C3104329DE40B7B3FB
0DE69225098283C7EA0DB56016BF62BB6BCF042FFFFFFFFFFC8FFF0000CE15C3104329DF40B7B313
0DE66E25095283C8460DB53F16BF48BB7BCF046FFFFFFFFFFC7FFF0000C915C3104329DF40B7B32B
0DE65E25093A83C8940DB52B16BF3ABB7BCE046FFFFFFFFFFC7FFF0000C915C3104329DF40B7B343
0DE5B625084783C8FC0DB48616BEB9BB6BCE047FFFFFFFFFFC7FFF0000CC15C3104329E040B7A35B
0DE50525074783C95F0DB3D816BE2EBB5BCD047FFFFFFFFFFC6FFF0000CA15C3114329E040B7A373
0DE48125067E83C9AC0DB35316BDC0BB4BCE047FFFFFFFFFFC5FFF0000CA15C3114329E040B7A38B
0DE3B625055283C9FE0DB28916BD1EBB4BCD047FFFFFFFFFFC8FFF0000CE15C3114329E140B7B3A3
0DE28E2503A083CA680DB16416BC34BB3BCD047FFFFFFFFFFC8FFF0000BB15C3114329E140B7A3BB
0DE22225030583CAD60DB0F216BBDCBB4BCD047FFFFFFFFFFC7FFF0000CA15C3114329E140B7A3D3
0DE19525023883CB3B0DB07216BB75BB5BCD047FFFFFFFFFFC7FFF0000CA15C3124329E140B7A3EB
0DE1652501F383CB940DB04716BB51BB6BCC047FFFFFFFFFFC7FFF0000CB15C3124329E240B7A303
0DE1402501BF83CBE40DB02016BB34BB6BCD046FFFFFFFFFFC7FFF0000C215C3124329E240B7A31B
0DE10925016F83CC3C0DAFEB16BB0DBB6BCC045FFFFFFFFFFC7FFF0000CB15C3124329E240B7A333
0DE0A62500E583CC9F0DAF8816BAC0BB5BCC045FFFFFFFFFFC7FFF0000CC15C3124329E340B7A34B
0DE05725007483CCFD0DAF3716BA81BB5BCB046FFFFFFFFFFC7FFF0000C515C3134329E340B7A363
0DDFCC24FFA983CD550DAEB316BA16BB4BCB046FFFFFFFFFFC7FFF0000CC15C3134329E340B7A37B
0DDF9B24FF6483CDC00DAE8416B9F6BB3BCB047FFFFFFFFFFC8FFF0000C815C3134329E440B7A393
0DDF9824FF6B83CE390DAE7D16B9F3BB3BCB046FFFFFFFFFFC9FFF0000BC15C3134329E440B7A3AB
0DDF6024FF1983CE840DAE4616B9C9BB4BCA046FFFFFFFFFFC8FFF0000BE15C3134329E440B7A3C3
0DDF4224FEF083CEBF0DAE3D16B9C3BB4BCA046FFFFFFFFFFC8FFF0000CC15C3144329E540B7A3DB
0DDF0324FE9C83CF210DADE216B980BB3BCB045FFFFFFFFFFC8FFF0000CE15C3144329E540B7A3F3
0DDEC624FE4C83CF930DADA916B957BB3BCB045FFFFFFFFFFC7FFF0000CB15C3144329E540B7A30B
0DDE7F24FDE783CFFD0DAD6916B926BB3BCB046FFFFFFFFFFC6FFF0000C815C3144329E640B7A323
0DDDD124FCE783D0530DACB816B899BB3BCB046FFFFFFFFFFC7FFF0000C815C3144329E640B7A33B
0DDCE224FB8483D0A70DABD016B7DDBB3BCA045FFFFFFFFFFC7FFF0000BF15C3144329E640B7A353
0DDC1B24FA5E83D10B0DAB0816B73DBB3BCA045FFFFFFFFFFC6FFF0000C615C3154329E740B7A36B
0DDB5724F94083D1780DAA4A16B6A6BB2BCA046FFFFFFFFFFC7FFF0000C015C3154329E740B7A383
0DDB0324F8C483D1CE0DA9F816B663BB2BCA046FFFFFFFFFFC7FFF0000C715C3154329E740B7A39B
0DDA7624F7EB83D21E0DA96816B5EDBB2BC9046FFFFFFFFFFC7FFF0000CB15C3154329E840B7A3B3
0DD8B224F54B83D27A0DA7AB16B487BB0BC9047FFFFFFFFFFC7FFF0000CB15C3154329E840B7A3CB
0DD80124F45083D2DF0DA6FF16B3FFBB0BC9047FFFFFFFFFFC8FFF0000C915C3164329E840B7A3E3
0DD79B24F3BA83D3440DA69816B3ACBB0BC9047FFFFFFFFFFC8FFF0000BF15C3164329E840B793FB
0DD66C24F1F983D3AC0DA56D16B2BEBAFBC8046FFFFFFFFFFC8FFF0000C215C3164329E940B79313
0DD5B424F0EF83D4070DA4B916B22EBAFBC804AFFFFFFFFFFC7FFF0000C715C3164329E940B7A32B
0DD56B24F08483D45B0DA47316B1F6BAEBC7047FFFFFFFFFFC7FFF0000BF15C3164329E940B79343
0DD55324F06B83D4BC0DA45B16B1E6BAFBC6046FFFFFFFFFFC8FFF0000C715C3164329EA40B7935B
0DD51724F00E83D51A0DA41E16B1B5BAFBC6046FFFFFFFFFFC7FFF0000C915C3174329EA40B79373
0DD44024EED183D5740DA34916B10DBAEBC5046FFFFFFFFFFC7FFF0000C915C3174329EA40B7838B
0DD36124ED8C83D5D80DA26E16B05DBADBC5046FFFFFFFFFFC7FFF0000C915C3174329EB40B793A3
0DD2AF24EC8283D6310DA1BD16AFCDBADBC5046FFFFFFFFFFC8FFF0000C815C3174329EB40B783BB
0DD1EE24EB6A83D68E0DA0FD16AF37BAEBC5046FFFFFFFFFFC7FFF0000C415C3174329EB40B793D3
0DD18524EAD983D7070DA09716AEE9BAEBC5046FFFFFFFFFFC7FFF0000A815C3174329EC40B783EB
0DD10724EA2783D7780DA01C16AE89BAEBC5047FFFFFFFFFFC7FFF0000C115C3184329EC40B78303
0DD09E24E98C83D7C10D9FB216AE33BAEBC5046FFFFFFFFFFC8FFF0000C515C3184329EC40B7831B
0DD04724E90C83D7FA0D9F5B16ADF0BADBC5046FFFFFFFFFFC6FFF0000C215C3184329ED40B78333
0DCFF924E89D83D84E0D9F1316ADB7BADBC5046FFFFFFFFFFC7FFF0000CC15C3184329ED40B7834B
0DCF9E24E82483D8C10D9EB616AD73BADBC5046FFFFFFFFFFC8FFF0000B915C3184329ED40B78363
0DCF2424E77383D9430D9E4116AD1BBADBC4046FFFFFFFFFFC8FFF0000BF15C3194329ED40B7837B
0DCEE624E72183D9A30D9E0516ACEDBADBC4046FFFFFFFFFFC8FFF0000BE15C3194329EE40B78393
0DCEB224E6D983D9F20D9DD216ACC7BACBC4045FFFFFFFFFFC7FFF0000C015C3194329EE40B783AB
0DCE6424E67183DA540D9D8C16AC94BACBC4045FFFFFFFFFFC7FFF0000BC15C3194329EE40B783C3
0DCE1C24E60883DAAE0D9D3716AC50BACBC4045FFFFFFFFFFC6FFF0000C715C3194329EF40B783DB
0DCD7424E51883DAEC0D9C9516ABD1BACBC3045FFFFFFFFFFC6FFF0000CA15C31A4329EF40B783F3
0DCCC924E41F83DB4C0D9BE716AB4BBADBC3041FFFFFFFFFFC8FFF0000C915C31A4329F040B7830B
0DCC4B24E37083DBCD0D9B6816AAEBBABBC403FFFFFFFFFFFC9FFF0000C015C31A4329F040B77323
0DCAE624E16A83DC360D9A0E16A9D7BABBC3044FFFFFFFFFFC7FFF0000BA15C31A4329F040B7733B
0DCA5D24E09E83DC7E0D998916A96CBABBC3046FFFFFFFFFFC7FFF0000C115C31A4329F040B77353
0DC9E024DFF283DCE20D990C16A90FBACBC3046FFFFFFFFFFC7FFF0000BA15C31A4329F140B7736B
0DC9B424DFB583DD4D0D98E716A8F3BACBC3045FFFFFFFFFFC7FFF0000C515C31B4329F140B77383
0DC9A224DFA083DD9A0D98D516A8E7BABBC3045FFFFFFFFFFC7FFF0000C715C31B4329F140B7739B
0DC99C24DF9D83DDE50D98CC16A8E3BAABC3045FFFFFFFFFFC7FFF0000BF15C31B4329F240B773B3
0DC99224DF9683DE430D98C216A8E0BAABC2045FFFFFFFFFFC7FFF0000BC15C31B4329F240B773CB
0DC96424DF5E83DEB60D988D16A8BBBA9BC2045FFFFFFFFFFC7FFF0000C415C31B4329F240B773E3
0DC90F24DEE983DF250D983F16A881BA8BC2045FFFFFFFFFFC7FFF0000C015C31B4329F340B773FB
0DC8AF24DE6183DF8C0D97DA16A834BA8BC2045FFFFFFFFFFC7FFF0000BD15C31C4329F340B77313
0DC81924DD8B83DFDE0D974B16A7C3BA9BC204AFFFFFFFFFFC6FFF0000B815C31C4329F340B7732B
0DC7AF24DCEF83E01B0D96D916A769BAABC2045FFFFFFFFFFC6FFF0000C615C31C4329F440B77343
0DC70824DC0283E0710D963916A6EEBA9BC2045FFFFFFFFFFC7FFF0000BF15C31C4329F440B7735B
0DC62E24DACC83E0ED0D956316A64ABA9BC2045FFFFFFFFFFC7FFF0000C515C31C4329F440B77373
0DC5AE24DA1983E1610D94E916A5EDBA9BC1045FFFFFFFFFFC7FFF0000BC15C31D4329F540B7738B
0DC4F624D90A83E1C10D942B16A556BAABC1045FFFFFFFFFFC6FFF0000B915C31D4329F540B773A3
0DC41E24D7D183E20F0D935D16A4B0BA9BC1045FFFFFFFFFFC6FFF0000B715C31D4329F540B763BB
0DC37324D6D183E2550D92AA16A422BA9BC1045FFFFFFFFFFC7FFF0000BC15C31D4329F640B773D3
0DC28224D57D83E2B90D91C616A371BA8BC1045FFFFFFFFFFC7FFF0000BD15C31D4329F640B763EB
0DC23124D50883E3290D917B16A338BA7BC1045FFFFFFFFFFC7FFF0000C115C31D4329F640B76303
0DC1EC24D4AC83E3900D913A16A308BA6BC1045FFFFFFFFFFC7FFF0000B515C31E4329F640B7631B
0DC19C24D43C83E3FA0D90E316A2C6BA6BC0045FFFFFFFFFFC7FFF0000B615C31E4329F740B76333
0DC13E24D3B483E44D0D908916A27FBA6BC0046FFFFFFFFFFC7FFF0000C115C31E4329F740B7634B
0DC0C724D30483E4870D900416A215BA6BBF046FFFFFFFFFFC7FFF0000C615C31E4329F840B76363
0DC01724D20D83E4E50D8F6616A19DBA7BBF046FFFFFFFFFFC8FFF0000C315C31E4329F840B7637B
0DBF9A24D15D83E5600D8EE516A13BBA7BBE045FFFFFFFFFFC8FFF0000BE15C31E4329F840B76393
0DBF2F24D0C983E5CF0D8E7E16A0ECBA7BBE046FFFFFFFFFFC8FFF0000BC15C31F4329F840B763AB
0DBEF324D07783E62D0D8E3C16A0B8BA6BBE045FFFFFFFFFFC7FFF0000BE15C31F4329F940B763C3
0DBEB924D02383E6800D8E0516A08DBA6BBE046FFFFFFFFFFC7FFF0000C115C31F4329F940B763DB
0DBE8624CFDE83E6D00D8DDB16A06FBA5BBE045FFFFFFFFFFC7FFF0000BD15C31F4329F940B763F3
0DBE3524CF6883E71F0D8D8C16A031BA5BBD045FFFFFFFFFFC7FFF0000BF15C31F4329FA40B7530B
0DBDBC24CEBE83E78A0D8D0F169FD2BA4BBD045FFFFFFFFFFC7FFF0000BF15C31F4329FA40B76323
0DBD2924CDEC83E8040D8C81169F66BA4BBD045FFFFFFFFFFC8FFF0000BF15C3204329FA40B7633B
0DBCC724CD6683E85B0D8C26169F1EBA4BBD045FFFFFFFFFFC7FFF0000B715C3204329FB40B75353
0DBCC424CD6383E89E0D8C1F169F19BA4BBD045FFFFFFFFFFC7FFF0000BF15C3204329FB40B7536B
0DBC6F24CCE783E9050D8BCB169EDBBA4BBC046FFFFFFFFFFC7FFF0000B415C3204329FB40B75383
0DBB6F24CB8283E9810D8ACC169E18BA4BBC045FFFFFFFFFFC7FFF0000BB15C3204329FC40B7539B
0DBA9224CA3D83E9D80D89F9169D6DBA3BBC045FFFFFFFFFFC7FFF0000BF15C3214329FC40B753B3
0DBA0F24C97E83EA020D898F169D1BBA2BBC045FFFFFFFFFFC7FFF0000C315C3214329FC40B753CB
0DB9C024C90F83EA590D8923169CC8BA2BBD045FFFFFFFFFFC7FFF0000BB15C3214329FD40B753E3
0DB97324C8AE83EAD60D88D6169C92BA2BBC045FFFFFFFFFFC8FFF0000C015C3214329FD40B753FB
0DB8FF24C80583EB4E0D885C169C35BA2BBC046FFFFFFFFFFC7FFF0000B915C3214329FD40B75313
0DB7FB24C68C83EBB00D875A169B69BA3BBB045FFFFFFFFFFC6FFF0000AE15C3214329FD40B7432B
0DB71224C54083EBF70D867B169ABABA3BBB045FFFFFFFFFFC6FFF0000BC15C3224329FE40B75343
0DB6BD24C4C883EC440D862A169A7BBA3BBB046FFFFFFFFFFC8FFF0000C015C3224329FE40B7435B
0DB5E924C39783ECA60D85561699D7BA1BBA046FFFFFFFFFFC7FFF0000C115C3224329FE40B74373
0DB50124C24B83ED120D8470169925BA0BBA045FFFFFFFFFFC6FFF0000B715C3224329FF40B7538B
0DB45C24C15C83ED6F0D83CC1698A3BA1BBA046FFFFFFFFFFC7FFF0000BD15C3224329FF40B743A3
0DB36E24C00183EDC30D82E11697E9BA1BBA045FFFFFFFFFFC7FFF0000BC15C3224329FF40B733BB
0DB2F424BF5683EE270D826C169790BA0BB9045FFFFFFFFFFC7FFF0000BB15C323432A0040B743D3
0DB21124BE1383EE9A0D818A1696E2B9FBB8045FFFFFFFFFFC7FFF0000BB15C323432A0040B733EB
0DB14F24BD0083EEFA0D80CF16964EB9EBB8046FFFFFFFFFFC7FFF0000BC15C323432A0040B74303
0DB0FC24BC8783EF3C0D807A16960BB9DBB7045FFFFFFFFFFC6FFF0000B515C323432A0140B7331B
0DB0A824BC0F83EF890D802D1695D0B9DBB7045FFFFFFFFFFC5FFF0000BD15C323432A0140B73333
0DAFBF24BAC383EFF40D7F4316951CB9DBB7046FFFFFFFFFFC6FFF0000BE15C323432A0140B7334B
0DAE5024B8AF83F0620D7DDF169406B9BBB6045FFFFFFFFFFC7FFF0000B515C324432A0240B73363
0DADD024B7FE83F0C20D7D5E1693A3B9ABB5045FFFFFFFFFFC7FFF0000BB15C324432A0240B7337B
0DADC724B7F383F1270D7D5616939EB9ABB4046FFFFFFFFFFC7FFF0000B915C324432A0240B73393
0DAD9F24B7C283F1860D7D34169384B9ABB4045FFFFFFFFFFC6FFF0000B815C324432A0240B733AB
0DAD6D24B77B83F1D50D7CF4169353B9ABB4045FFFFFFFFFFC6FFF0000BA15C324432A0340B733C3
0DAC9224B64183F22F0D7C371692C2B99BB3045FFFFFFFFFFC8FFF0000B415C324432A0340B733DB
0DABEE24B55783F2890D7B82169236B99BB3045FFFFFFFFFFC7FFF0000BE15C325432A0340B733F3
0DABA324B4EF83F2DE0D7B2E1691F6B99BB3045FFFFFFFFFFC7FFF0000BD15C325432A0440B7330B
0DAB4A24B47C83F3570D7ADC1691BDB98BB3045FFFFFFFFFFC8FFF0000B015C325432A0440B73323
0DAB1C24B44083F3D40D7AAE16919CB98BB2045FFFFFFFFFFC8FFF0000B515C325432A0440B7333B
0DAB0524B42183F4190D7AA0169191B97BB2045FFFFFFFFFFC8FFF0000B115C325432A0540B73353
0DAAFB24B41883F4500D7A9716918BB98BB2045FFFFFFFFFFC8FFF0000BC15C326432A0540B7336B
0DAABB24B3C383F4AD0D7A4D169158B98BB1045FFFFFFFFFFC7FFF0000BD15C326432A0540B73383
0DAA6224B34F83F5280D79FA16911FB98BB2045FFFFFFFFFFC6FFF0000BA15C326432A0640B7339B
0DAA0F24B2DE83F59B0D799E1690DAB98BB1045FFFFFFFFFFC8FFF0000AD15C326432A0640B723B3
0DA9ED24B2B683F5EC0D798A1690CBB98BB0045FFFFFFFFFFC8FFF0000B715C326432A0640B723CB
0DA9A824B25583F6320D794E16909FB97BB0045FFFFFFFFFFC8FFF0000B315C326432A0740B723E3
0DA8F024B15383F6910D7890169010B97BB0045FFFFFFFFFFC7FFF0000B115C327432A0740B723FB
0DA8C724B12083F6F70D7865168FF2B98BB0045FFFFFFFFFFC7FFF0000BA15C327432A0740B72313
0DA8B124B10483F75A0D784F168FE4B97BB0045FFFFFFFFFFC7FFF0000B715C327432A0740B7232B
0DA82124B03C83F7BB0D77C6168F7DB96BB0045FFFFFFFFFFC7FFF0000B615C327432A0840B72343
0DA78F24AF7483F81F0D772D168F09B96BAF045FFFFFFFFFFC7FFF0000AE15C327432A0840B7235B
0DA75324AF2483F87D0D76FA168EE1B95BAF045FFFFFFFFFFC6FFF0000B715C327432A0840B72373
0DA74624AF1683F8C60D76CB168EBEB95BAF046FFFFFFFFFFC6FFF0000B915C328432A0940B7238B
0DA73024AEFA83F91E0D76D7168ECDB95BAF046FFFFFFFFFFC6FFF0000B115C328432A0940B723A3
0DA73724AF1083F98E0D76CB168ECAB94BAF041FFFFFFFFFFC7FFF0000B615C328432A0940B723BB
0DA72F24AF0D83F9FC0D76BF168EC5B94BAE046FFFFFFFFFFC8FFF0000AC15C328432A0A40B713D3
0DA71624AEF083FA4A0D76C1168EC8B94BAE046FFFFFFFFFFC8FFF0000B715C328432A0A40B713EB
0DA6CE24AE8883FA950D7664168E86B95BAE046FFFFFFFFFFC7FFF0000A615C328432A0A40B71303
0DA58424ACB283FAFD0D7531168D98B94BAE045FFFFFFFFFFC8FFF0000B515C329432A0B40B7131B
0DA45424AB0983FB710D73FF168CAEB94BAD045FFFFFFFFFFC6FFF0000B415C329432A0B40B71333
0DA40524AA9A83FBD10D73B6168C75B95BAD046FFFFFFFFFFC7FFF0000B515C329432A0B40B7134B
0DA3C824AA4783FC1F0D737A168C46B95BAD046FFFFFFFFFFC7FFF0000B715C329432A0C40B71363
0DA3A324AA1183FC5F0D7352168C29B94BAD046FFFFFFFFFFC7FFF0000AF15C329432A0C40B7137B
0DA33A24A98383FCC20D72EA168BDCB93BAD046FFFFFFFFFFC8FFF0000AE15C329432A0C40B71393
0DA2E924A91C83FD3B0D729A168BA3B93BAD045FFFFFFFFFFC8FFF0000AB15C32A432A0D40B713AB
0DA2A924A8C583FDA50D725D168B76B93BAD046FFFFFFFFFFC7FFF0000B115C32A432A0D40B713C3
0DA22924A81183FDFC0D71E0168B17B93BAC046FFFFFFFFFFC6FFF0000B215C32A432A0D40B713DB
0DA1B124A76783FE520D7169168ABDB93BAC045FFFFFFFFFFC6FFF0000AA15C32A432A0D40B713F3
0DA16824A70483FEA70D711D168A83B93BAC045FFFFFFFFFFC7FFF0000B515C32A432A0E40B7130B
0DA11A24A69683FEF20D70F1168A63B93BAC046FFFFFFFFFFC9FFF00009D15C32A432A0E40B70323
0DA0F424A66983FF500D70A5168A2EB92BAC045FFFFFFFFFFC7FFF0000B615C32B432A0F40B7033B
0DA0EB24A66883FFC20D70A0168A2FB91BAB045FFFFFFFFFFC6FFF0000AA15C32B432A0F40B70353
0DA0DD24A65C8400350D7098168A2EB92BAA045FFFFFFFFFFC7FFF0000AF15C32B432A0F40B7036B
0DA0CE24A64F8400980D708A168A25B93BAA046FFFFFFFFFFC8FFF0000B015C32B432A0F40B70383
0DA0CF24A6548400DF0D7087168A26B93BAB046FFFFFFFFFFC7FFF0000AB15C32B432A1040B7039B
0DA0B724A63984012A0D706D168A17B92BAB046FFFFFFFFFFC7FFF0000B515C32B432A1040B6F3B3
0DA04A24A5A48401880D700A1689CDB90BAB046FFFFFFFFFFC8FFF0000B515C32C432A1040B6F3CB
0D9FDF24A5128401E60D6F9B16897BB90BAB046FFFFFFFFFFC7FFF0000AA15C32C432A1140B703E3
0D9F0D24A3EF84024C0D6EC91688DDB90BAB046FFFFFFFFFFC6FFF0000B115C32C432A1140B6F3FB
0D9E9124A3408402BA0D6E4D16887DB91BAB046FFFFFFFFFFC6FFF0000B115C32C432A1140B6F313
0D9D9A24A1E384031D0D6D581687C2B92BAA045FFFFFFFFFFC6FFF0000A815C32C432A1240B6F32B
0D9CC324A0B484037C0D6C87168721B91BAA045FFFFFFFFFFC8FFF0000B015C32C432A1240B6F343
0D9C6524A02E8403CA0D6C2C1686D9B90BAA046FFFFFFFFFFC7FFF0000B015C32D432A1240B6F35B
0D9C38249FED8404110D6C011686BAB8FBA9045FFFFFFFFFFC6FFF0000AA15C32D432A1340B6F373
0D9C00249FA384046E0D6BC516868EB8EBA9042FFFFFFFFFFC6FFF0000B415C32D432A1340B6F38B
0D9B6B249ED98404E20D6B37168626B8DBA803FFFFFFFFFFFC6FFF0000B315C32D432A1340B6F3A3
0D9B4C249EB28405460D6B19168611B8DBA8046FFFFFFFFFFC6FFF0000B115C32D432A1440B6F3BB
0D9B10249E608405990D6ADC1685E3B8DBA8046FFFFFFFFFFC7FFF0000A515C32D432A1440B6F3D3
0D99BD249C7B8405F40D69881684DEB8DBA8046FFFFFFFFFFC7FFF0000AD15C32E432A1440B6F3EB
0D98E7249B578406620D68B8168444B8EBA7046FFFFFFFFFFC7FFF0000A815C32E432A1540B6F303
0D98B8249B188406CB0D688E168422B8EBA7046FFFFFFFFFFC8FFF0000B015C32E432A1540B6F31B
0D989E249AF58407170D687416840FB8EBA7046FFFFFFFFFFC7FFF0000B215C32E432A1540B6F333
0D9877249AC08407560D684B1683F1B8DBA6046FFFFFFFFFFC7FFF0000AA15C32E432A1640B6E34B
0D97EF2499FF8407B40D67BF168387B8DBA6045FFFFFFFFFFC7FFF0000B215C32E432A1640B6E363
0D974E2499278408250D6725168317B8CBA5045FFFFFFFFFFC8FFF0000B015C32F432A1640B6E37B
0D96A82498428408930D667A168296B8CBA5046FFFFFFFFFFC6FFF0000AF15C32F432A1740B6D393
0D95F92497498408F50D65D5168217B8BBA5046FFFFFFFFFFC7FFF00009D15C32F432A1740B6E3AB
0D95D524971B84094B0D65B41681FFB8ABA5046FFFFFFFFFFC8FFF0000AA15C32F432A1740B6E3C3
0D95742496968409A40D65551681B9B89BA5046FFFFFFFFFFC7FFF0000AD15C32F432A1840B6D3DB
0D950E24960C8409FF0D64ED16816CB89BA5045FFFFFFFFFFC7FFF0000B015C32F432A1840B6D3F3
0D94D62495C3840A530D64B8168144B89BA5045FFFFFFFFFFC7FFF0000AA15C330432A1840B6D30B
0D94B4249595840AAD0D649516812DB8ABA4045FFFFFFFFFFC7FFF0000B215C330432A1940B6D323
0D945924951C840B160D643B1680ECB8ABA4046FFFFFFFFFFC7FFF0000A615C330432A1940B6D33B
0D93FD24949E840B780D63E11680A9B89BA3046FFFFFFFFFFC8FFF0000AA15C330432A1940B6D353
0D93B1249439840BD70D6395168073B88BA3045FFFFFFFFFFC6FFF0000AA15C330432A1940B6D36B
0D938D24940D840C3B0D637316805BB88BA3045FFFFFFFFFFC6FFF0000A415C330432A1A40B6D383
0D93732493F0840C920D635A16804BB88BA2040FFFFFFFFFFC6FFF0000A815C331432A1A40B6D39B
0D933F2493AA840CE90D6325168025B87BA2046FFFFFFFFFFC6FFF0000AF15C331432A1B40B6D3B3
0D92862492A7840D4E0D6269167F99B86BA2046FFFFFFFFFFC7FFF0000A615C331432A1B40B6D3CB
0D9167249115840DAC0D6154167EC4B86BA2046FFFFFFFFFFC8FFF0000A315C331432A1B40B6D3E3
0D9105249089840DFC0D60F4167E79B87BA2046FFFFFFFFFFC7FFF0000A615C331432A1C40B6D3FB
0D9092248FEC840E4D0D6083167E24B87BA2046FFFFFFFFFFC8FFF0000B015C331432A1C40B6D313
0D8FD4248EDF840EB00D5FC2167D93B87BA1045FFFFFFFFFFC8FFF0000A515C332432A1C40B6D32B
0D8F1F248DE7840F310D5F11167D0EB86BA003FFFFFFFFFFFC7FFF0000A915C332432A1C40B6D343
0D8EBD248D60840FA40D5EB1167CC4B85B9F045FFFFFFFFFFC6FFF0000A915C332432A1D40B6B35B
0D8E38248C9C840FE90D5E22167C55B84B9E046FFFFFFFFFFC6FFF0000A715C332432A1D40B6C373
0D8DBB248BEF8410230D5DB2167BFEB84B9E046FFFFFFFFFFC6FFF0000AE15C332432A1E40B6B38B
0D8D76248B938410760D5D71167BCEB83B9E045FFFFFFFFFFC8FFF0000B115C332432A1E40B6D3A3
0D8CEB248AD28410E00D5CE3167B65B83B9D045FFFFFFFFFFC9FFF0000B015C332432A1E40B6B3BB
0D8C082489978411550D5C05167AC0B81B9C046FFFFFFFFFFC8FFF0000AB15C333432A1E40B6B3D3
0D8B752488CD8411CB0D5B74167A54B81B9C046FFFFFFFFFFC7FFF00009C15C333432A1F40B6B3EB
0D8B2024885B8412280D5B22167A13B81B9C046FFFFFFFFFFC7FFF0000A715C333432A1F40B6B303
0D8AEB24880D8412610D5AE81679E7B80B9B046FFFFFFFFFFC7FFF0000AD15C333432A1F40B6B31B
0D8A3D2487158412B00D5A41167969B7FB9B046FFFFFFFFFFC7FFF0000A715C333432A2040B6B333
0D89E32486A484131B0D59E916792AB7FB9A046FFFFFFFFFFC7FFF0000AF15C333432A2040B6B34B
0D89B924866F8413810D59C016790DB7FB9A046FFFFFFFFFFC6FFF0000AE15C334432A2040B6B363
0D899424863F8413DE0D599D1678F6B7FB99046FFFFFFFFFFC6FFF0000A315C334432A2140B6B37B
0D897F24862B84143B0D598A1678EBB7FB99046FFFFFFFFFFC6FFF0000AB15C334432A2140B6B393
0D897C24862A8414910D59851678EAB7FB99046FFFFFFFFFFC7FFF0000AB15C334432A2140B6B3AB
0D89672486158414F90D596A1678DCB7FB98044FFFFFFFFFFC7FFF0000A015C334432A2240B6B3C3
0D892C2485CF84156E0D59341678B7B7FB98048FFFFFFFFFFC8FFF0000A815C334432A2240B6B3DB
0D88FB24858E8415B90D5909167898B7FB98046FFFFFFFFFFC6FFF0000AC15C335432A2240B6B3F3
0D88DC2485658415F70D58E416787FB7EB98046FFFFFFFFFFC6FFF0000B015C335432A2340B6B30B
0D88722484D88416510D587D167834B7EB97046FFFFFFFFFFC7FFF0000B015C335432A2340B6B323
0D87DD24840D8416BE0D57E81677C6B7EB97046FFFFFFFFFFC8FFF0000AE15C335432A2340B6A33B
0D87572483568417250D5766167766B7FB97046FFFFFFFFFFC8FFF0000A715C335432A2440B6A353
0D872E24832D84178C0D573B16774DB7FB97046FFFFFFFFFFC8FFF00009D15C335432A2440B6A36B
0D87062483018417F70D5716167734B7EB97046FFFFFFFFFFC8FFF00009A15C335432A2440B6A383
0D86F02482E484184E0D5701167728B7DB97046FFFFFFFFFFC7FFF0000A715C336432A2540B6A39B
0D86C32482A584188F0D56D3167705B7CB96046FFFFFFFFFFC6FFF0000AF15C336432A2540B6B3B3
0D868D24825D8418D60D569D1676DEB7BB96046FFFFFFFFFFC6FFF0000A815C336432A2540B6A3CB
0D86142481B884192C0D5625167686B7BB96046FFFFFFFFFFC8FFF0000AF15C336432A2640B693E3
0D85C124814D84199B0D55D316764CB7BB96045FFFFFFFFFFC8FFF0000A115C336432A2640B693FB
0D85622480D4841A1E0D557816760AB7CB9503FFFFFFFFFFFC8FFF00009F15C336432A2640B69313
0D854E2480BC841A810D55631675FEB7CB95045FFFFFFFFFFC6FFF0000A415C337432A2640B6932B
0D852D24808C841ABE0D55411675E3B7BB95046FFFFFFFFFFC6FFF0000A215C337432A2740B69343
0D84F9248048841B090D550F1675C1B7BB95046FFFFFFFFFFC8FFF0000AC15C337432A2740B6935B
0D84D624801E841B670D54EC1675AAB7AB95046FFFFFFFFFFC7FFF0000AC15C337432A2840B69373
0D8489247FB8841BC60D54A0167573B79B94046FFFFFFFFFFC6FFF0000AC15C337432A2840B6938B
0D8429247F3A841C1B0D5445167530B79B93046FFFFFFFFFFC7FFF0000A315C338432A2840B693A3
0D83E6247EDB841C780D53FF1674FEB79B94046FFFFFFFFFFC8FFF0000A715C338432A2840B693BB
0D8398247E78841CD50D53B31674C6B79B93046FFFFFFFFFFC7FFF0000A415C338432A2940B693D3
0D834E247E0E841D1E0D536616748CB79B93046FFFFFFFFFFC6FFF00009C15C338432A2940B693EB
0D82FC247D9F841D6B0D5318167456B78B93046FFFFFFFFFFC6FFF0000A515C338432A2940B69303
0D829E247D2A841DC70D52BE167414B77B93046FFFFFFFFFFC6FFF0000A715C339432A2A40B6931B
0D8282247D0B841E170D52A0167405B77B93046FFFFFFFFFFC7FFF0000A215C339432A2A40B67333
0D825F247CE1841E570D527C1673ECB76B92046FFFFFFFFFFC7FFF0000AC15C339432A2A40B6834B
0D81F5247C50841E9B0D521116739EB76B92046FFFFFFFFFFC8FFF0000AB15C339432A2B40B67363
0D815A247B7F841EF20D517A167330B77B92046FFFFFFFFFFC7FFF0000A615C33A432A2B40B6737B
0D812C247B46841F4F0D514F167313B77B92046FFFFFFFFFFC7FFF0000A015C33A432A2B40B67393
0D80EF247AF5841FB20D51101672E4B77B92046FFFFFFFFFFC6FFF00009E15C33A432A2B40B673AB
0D8068247A39841FFE0D508516727AB77B91046FFFFFFFFFFC6FFF0000A315C33A432A2C40B673C3
0D80152479C68420220D5067167262B76B91046FFFFFFFFFFC7FFF0000A915C33B432A2C40B673DB
0D7FB12479378420560D4FDA1671F9B76B90046FFFFFFFFFFC7FFF0000A215C33B432A2C40B673F3
0D7F602478CE8420B90D4F881671BEB76B90045FFFFFFFFFFC7FFF0000A715C33B432A2D40B6730B
0D7E3D2477378421250D4E631670E0B76B90045FFFFFFFFFFC7FFF0000A215C33B432A2D40B67323
0D7D652476078421720D4D95167045B76B91046FFFFFFFFFFC8FFF00009B15C33C432A2D40B6733B
0D7D4F2475E78421A60D4D81167031B76B91046FFFFFFFFFFC7FFF00009B15C33C432A2D40B67353
0D7D422475D78421E00D4D7416702BB76B90046FFFFFFFFFFC7FFF0000A015C33C432A2E40B6736B
0D7D1F2475B184223A0D4D53167017B76B8F045FFFFFFFFFFC6FFF0000A115C33D432A2E40B67383
0D7CBB2475298422990D4CEE166FCBB74B8E045FFFFFFFFFFC6FFF00009715C33D432A2E40B6739B
0D7C842474E38422E20D4CAE166F9BB74B8E046FFFFFFFFFFC7FFF0000A015C33D432A2E40B673B3
0D7C3B24747784231B0D4C6B166F6BB74B8E046FFFFFFFFFFC7FFF0000A115C33E432A2F40B673CB
0D7BE824740A84235C0D4C1A166F30B74B8D046FFFFFFFFFFC7FFF00009815C33E432A2F40B673E3
0D7B9D2473AA8423B10D4BD7166F01B73B8E046FFFFFFFFFFC7FFF00009E15C33E432A2F40B653FB
0D7B6E24736E8424090D4BA5166EDCB72B8D046FFFFFFFFFFC7FFF00009C15C33E432A2F40B65313
0D7B662473688424550D4B9C166EDBB71B8D046FFFFFFFFFFC6FFF00009915C33F432A2F40B6532B
0D7B6224736D84249C0D4B9A166EDBB71B8D046FFFFFFFFFFC6FFF00009015C33F432A2F40B65343
0D7B5A2473618424E80D4B91166ED7B72B8C046FFFFFFFFFFC9FFF00009915C33F432A3040B6535B
0D7B3B24734284253C0D4B76166EC7B72B8C046FFFFFFFFFFC7FFF00009215C340432A3040B65373
0D7B1324730E8425930D4B49166EA9B71B8C046FFFFFFFFFFC7FFF00009915C340432A3040B6538B
0D7AF42472E88425D90D4B3B166E9FB71B8C046FFFFFFFFFFC7FFF00009A15C340432A3040B653A3
0D7AC62472A584260F0D4AE9166E63B71B8B046FFFFFFFFFFC7FFF00009C15C341432A3040B653BB
0D7A8A24725F8426530D4ACA166E4EB71B8B046FFFFFFFFFFC7FFF00009215C341432A3040B653D3
0D7A5E2472298426B40D4A94166E2DB71B8B046FFFFFFFFFFC7FFF00009715C341432A3140B653EB
0D79EE24719684272A0D4A29166DE1B71B8B046FFFFFFFFFFC7FFF00009415C341432A3140B65303
0D798824710B8427920D49BE166D93B71B8B046FFFFFFFFFFC8FFF00009115C342432A3140B6531B
0D79582470CC8427CF0D4997166D74B71B8B046FFFFFFFFFFC7FFF00008715C342432A3140B65333
0D79242470878427F90D4965166D50B71B8B046FFFFFFFFFFC7FFF00009415C342432A3140B6534B
0D78DB24702484283B0D491C166D1BB70B8A046FFFFFFFFFFC7FFF00009215C343432A3140B65363
0D789E246FD884289F0D48DD166CF1B6FB8A045FFFFFFFFFFC8FFF00009B15C343432A3140B6537B
0D7855246F7A8429110D4894166CC0B6EB8A045FFFFFFFFFFC6FFF00009715C343432A3140B65393
0D7831246F538429730D4873166CAAB6EB89046FFFFFFFFFFC7FFF00008815C343432A3140B653AB
0D7803246F168429C40D484A166C8DB6CB89046FFFFFFFFFFC7FFF00008C15C343432A3140B653C3
0D77F1246F07842A1F0D4835166C82B6CB89045FFFFFFFFFFC7FFF00008C15C344432A3140B653DB
0D77F0246F0E842A830D4837166C87B6CB89046FFFFFFFFFFC7FFF00009015C344432A3140B633F3
0D77F0246F17842AD20D4835166C8AB6BB88046FFFFFFFFFFC7FFF00008F15C344432A3140B6330B
0D77E8246F12842B0F0D482A166C84B6CB88046FFFFFFFFFFC7FFF00009815C345432A3140B63323
0D77DC246F07842B660D4823166C85B6CB88046FFFFFFFFFFC6FFF00009315C345432A3140B6333B
0D777A246E8A842BE30D47C0166C3FB6CB88045FFFFFFFFFFC7FFF00008E15C345432A3240B63353
0D76B2246D74842C670D46ED166BA6B6CB88045FFFFFFFFFFC8FFF00008615C345432A3240B6336B
0D758C246BE3842CDA0D45D4166AD5B6DB88046FFFFFFFFFFC6FFF00008E15C345432A3240B63383
0D7527246B5E842D450D4572166A8CB6DB89046FFFFFFFFFFC6FFF00009015C346432A3240B6339B
0D74DE246AFD842DA40D4529166A58B6DB88046FFFFFFFFFFC7FFF00008815C346432A3140B633B3
0D74A9246ABA842DF50D44F7166A33B6CB88046FFFFFFFFFFC6FFF00008E15C346432A3140B633CB
0D749A246AAD842E520D44E6166A2BB6BB87045FFFFFFFFFFC6FFF00008E15C347432A3140B633E3
0D743E246A35842ED70D44871669E9B6AB87045FFFFFFFFFFC7FFF00008915C347432A3140B633FB
0D7367246911842F750D43B4166950B6BB87041FFFFFFFFFFC8FFF00009015C347432A3140B63313
0D72D0246845842FF80D43201668E4B6BB8703FFFFFFFFFFFC7FFF00008C15C347432A3140B6332B
0D72802467DF84305B0D42D41668AAB6BB86041FFFFFFFFFFC7FFF00008315C347432A3140B63343
0D72572467A98430BF0D42AB16688FB6AB86045FFFFFFFFFFC7FFF00008C15C347432A3140B6335B
0D722724676C84312C0D427716686CB69B85045FFFFFFFFFFC7FFF00008E15C348432A3140B62373
0D715324664D8431A70D41A51667D2B68B85045FFFFFFFFFFC7FFF00008C15C348432A3140B6138B
0D70B82465808432320D4110166766B68B85045FFFFFFFFFFC6FFF00008C15C348432A3140B633A3
0D704F2464F68432BF0D40A716671CB68B84045FFFFFFFFFFC6FFF00008615C348432A3140B613BB
0D6FE924646F8433360D40431666D3B67B84046FFFFFFFFFFC7FFF00008E15C348432A3140B613D3
0D6F592463A98433A10D3FAF166667B66B84046FFFFFFFFFFC7FFF00008415C348432A3140B613EB
0D6E8D24629A84341F0D3EE71665D5B65B83046FFFFFFFFFFC6FFF00008715C349432A3140B61303
0D6E1E2462058434AE0D3E8116658BB65B83046FFFFFFFFFFC6FFF00008715C349432A3040B6131B
0D6DB32461788435380D3E1516653FB64B82046FFFFFFFFFFC7FFF00008B15C349432A3040B61333
0D6D702461248435B80D3DD3166511B64B81046FFFFFFFFFFC7FFF00008615C349432A3040B6134B
0D6D5624610A84362B0D3DB31664FBB64B81046FFFFFFFFFFC7FFF00008C15C349432A3040B61363
0D6BEB245F118436AE0D3C491663F0B63B81045FFFFFFFFFFC6FFF00007F15C349432A3040B6137B
0D6AD1245D8F84374A0D3B34166324B63B80045FFFFFFFFFFC6FFF00008615C34A432A3040B61393
0D6A5D245CFD8437D80D3AC51662D2B64B80045FFFFFFFFFFC7FFF00008915C34A432A3040B613AB
0D6A0F245C928438540D3A7816629BB63B80046FFFFFFFFFFC6FFF00008315C34A432A2F40B613C3
0D697E245BD18438D70D39ED166236B62B7F046FFFFFFFFFFC7FFF00008515C34A432A2F40B613DB
0D6935245B758439630D39A6166207B62B7E045FFFFFFFFFFC7FFF00008515C34A432A2F40B613F3
0D68A8245AB78439FA0D391716619FB60B7D045FFFFFFFFFFC8FFF00008415C34A432A2F40B6130B
0D67D92459A1843A860D384E16610AB60B7D045FFFFFFFFFFC6FFF00008215C34A432A2F40B61323
0D6784245934843B070D37FB1660D1B60B7C046FFFFFFFFFFC6FFF00007815C34A432A2F40B6133B
0D672E2458C5843B8F0D37A6166095B5FB7C046FFFFFFFFFFC6FFF00007E15C34B432A2E40B61353
0D66D124584C843C220D3749166055B5FB7B046FFFFFFFFFFC6FFF00007D15C34B432A2E40B6036B
0D663D245786843CB40D36B5165FE9B5EB7A046FFFFFFFFFFC7FFF00007515C34B432A2E40B60383
0D656124565A843D470D35DC165F49B5DB7A046FFFFFFFFFFC8FFF00007C15C34B432A2E40B5F39B
0D64B324556D843DCF0D352F165ECAB5CB79045FFFFFFFFFFC7FFF00007715C34B432A2E40B5F3B3
0D6412245495843E4A0D348C165E52B5BB78046FFFFFFFFFFC7FFF00007115C34B432A2E40B5F3CB
0D63A624540D843ED70D3424165E09B5BB78046FFFFFFFFFFC7FFF00007715C34B432A2D40B5F3E3
0D6399245407843F720D3420165E0CB5AB77046FFFFFFFFFFC7FFF00007A15C34B432A2D40B5F3FB
0D637A2453E58440090D33F7165DF5B58B76046FFFFFFFFFFC8FFF00007215C34B432A2D40B5F313
0D62D824530A84409A0D3357165D80B57B76046FFFFFFFFFFC7FFF00007515C34C432A2D40B5F32B
0D61C32451968441260D324C165CBDB57B75046FFFFFFFFFFC7FFF00007515C34C432A2D40B5F343
0D619524515C84419F0D3221165C9EB58B75046FFFFFFFFFFC6FFF00007615C34C432A2C40B5F35B
0D61402450F184421C0D31CA165C63B57B75046FFFFFFFFFFC7FFF00006F15C34C432A2C40B5F373
0D610A2450B68442BE0D3197165C45B58B74045FFFFFFFFFFC8FFF00007715C34C432A2C40B5D38B
0D60E72450948443670D3175165C34B57B7403FFFFFFFFFFFC7FFF00007715C34C432A2C40B5F3A3
0D60C12450678443F00D314E165C19B56B73042FFFFFFFFFFC7FFF00006F15C34C432A2C40B5D3BB
0D608B2450298444690D3121165BFDB56B73046FFFFFFFFFFC7FFF00007415C34C432A2B40B5D3D3
0D6016244F8C8444EE0D30A2165BA3B55B72046FFFFFFFFFFC7FFF00007615C34C432A2B40B5F3EB
0D5FAF244F148445800D3041165B62B55B72046FFFFFFFFFFC6FFF00007015C34D432A2B40B5D303
0D5F66244EB28446160D2FF4165B2EB55B72046FFFFFFFFFFC6FFF00007715C34D432A2B40B5D31B
0D5EDE244E048446AC0D2F70165AD2B55B72046FFFFFFFFFFC6FFF00007415C34D432A2B40B5D333
0D5E82244D8F8447440D2F16165A93B55B72046FFFFFFFFFFC7FFF00006D15C34D432A2A40B5D34B
0D5E22244D128447CB0D2EB8165A51B54B71046FFFFFFFFFFC7FFF00007A15C34D432A2A40B5D363
0D5E01244CEE84483B0D2E99165A3EB54B71046FFFFFFFFFFC6FFF00007B15C34D432A2A40B5D37B
0D5DEA244CDD8448C90D2E83165A35B53B71045FFFFFFFFFFC6FFF00007715C34D432A2A40B5D393
0D5D46244BFF8449770D2DDE1659C1B53B71044FFFFFFFFFFC6FFF00007815C34D432A2A40B5D3AB
0D5CD4244B6F844A070D2D6F165971B53B71044FFFFFFFFFFC7FFF00007615C34D432A2A40B5D3C3
0D5C8B244B10844A7D0D2D2816593EB53B71045FFFFFFFFFFC7FFF00007F15C34D432A2940B5D3DB
0D5C37244AA5844B000D2CD4165904B52B70045FFFFFFFFFFC6FFF00007B15C34E432A2940B5D3F3
0D5BF4244A52844B8E0D2C911658D7B51B6F045FFFFFFFFFFC7FFF00007315C34E432A2940B5D30B
0D5B29244943844C280D2BC7165847B51B6E045FFFFFFFFFFC8FFF00007715C34E432A2940B5D323
0D5A5E244834844CD10D2AFE1657B5B51B6D045FFFFFFFFFFC8FFF00008215C34E432A2940B5D33B
0D59E824479B844D650D2A8E165764B51B6D046FFFFFFFFFFC8FFF00007B15C34E432A2840B5C353
0D59C1244766844DD40D2A67165747B51B6D046FFFFFFFFFFC8FFF00007E15C34E432A2840B5B36B
0D59622446E7844E3E0D2A07165703B50B6C046FFFFFFFFFFC6FFF00007D15C34E432A2840B5D383
0D58E024463E844EC40D29871656A7B4EB6C045FFFFFFFFFFC6FFF00007E15C34E432A2840B5B39B
0D58BE24461F844F730D296816569AB4DB6B041FFFFFFFFFFC7FFF00007B15C34E432A2740B5B3B3
0D58832445D784502B0D292E165677B4DB6B03FFFFFFFFFFFC7FFF00008415C34E432A2740B5B3CB
0D581724454C8450AE0D28C4165628B4CB6A03FFFFFFFFFFFC7FFF00007815C34F432A2740B5B3E3
0D57DB24450284510F0D28891655FEB4CB6A03FFFFFFFFFFFC7FFF00007415C34F432A2740B5B3FB
0D57B32444DA8451890D28611655E9B4BB6903FFFFFFFFFFFC6FFF00007C15C34F432A2740B5B313
0D57A72444D48452210D28531655E9B4BB6903FFFFFFFFFFFC7FFF00007F15C34F432A2640B5B32B
0D57652444838452C60D28111655BDB4BB6903FFFFFFFFFFFC6FFF00008215C34F432A2640B5B343
0D56BC2443A38453630D2768165544B4BB6803FFFFFFFFFFFC6FFF00007C15C34F432A2640B5B35B
0D562C2442E78453E70D26DC1654DDB4BB68041FFFFFFFFFFC6FFF00008015C34F432A2640B5B373
0D55C12442578454560D2673165491B4AB68044FFFFFFFFFFC6FFF00007315C34F432A2640B5B38B
0D557E2442048454CC0D2633165467B4AB68044FFFFFFFFFFC6FFF00007B15C350432A2540B5B3A3
0D553B2441B68455610D25ED16543CB49B67043FFFFFFFFFFC7FFF00007F15C350432A2540B5B3BB
0D54F224415C8456080D25A816540DB49B67043FFFFFFFFFFC7FFF00008215C350432A2540B5B3D3
0D545C2440938456A40D25111653A1B49B66046FFFFFFFFFFC6FFF00007915C350432A2540B5B3EB
0D540C24402F84571B0D24C716536CB49B66046FFFFFFFFFFC6FFF00007D15C350432A2540B59303
0D53F32440198457970D24AE16535FB49B66046FFFFFFFFFFC7FFF00007B15C350432A2440B5931B
0D53BC243FD684581F0D2474165339B47B65045FFFFFFFFFFC8FFF00007615C350432A2440B59333
0D533B243F298458A30D23F31652DEB47B65046FFFFFFFFFFC8FFF00008015C350432A2440B5934B
0D52DD243EB684592E0D239A1652A0B47B64046FFFFFFFFFFC8FFF00007B15C350432A2440B59363
0D5292243E588459C90D234D16526DB46B64045FFFFFFFFFFC7FFF00007C15C350432A2340B5937B
0D5237243DE8845A600D22F7165234B46B63045FFFFFFFFFFC7FFF00007415C351432A2340B59393
0D51EE243D88845AEA0D22AF165200B46B63045FFFFFFFFFFC6FFF00007D15C351432A2340B593AB
0D5183243CFB845B690D22431651B5B46B63045FFFFFFFFFFC7FFF00007E15C351432A2340B593C3
0D510D243C5C845BE10D21CE16515FB44B62045FFFFFFFFFFC6FFF00007515C351432A2340B593DB
0D50A6243BDD845C660D216C16511CB43B62045FFFFFFFFFFC6FFF00007E15C351432A2240B593F3
0D507F243BB1845CF00D2147165105B43B61045FFFFFFFFFFC6FFF00007A15C351432A2240B5930B
0D5057243B81845D790D211C1650E9B42B61045FFFFFFFFFFC7FFF00007C15C351432A2240B59323
0D503D243B6B845E0A0D21021650DFB41B60045FFFFFFFFFFC7FFF00007415C351432A2240B5933B
0D500D243B35845EAA0D20D31650C2B40B60045FFFFFFFFFFC7FFF00007D15C351432A2240B59353
0D4FCF243AEA845F280D2099165099B40B60045FFFFFFFFFFC7FFF00007915C352432A2140B5936B
0D4FB7243AD1845F8B0D2080165089B40B5F045FFFFFFFFFFC7FFF00007715C352432A2140B57383
0D4F93243AAC8460100D205B165077B41B5F044FFFFFFFFFFC7FFF00007815C352432A2140B5739B
0D4F34243A348460AF0D1FFC165037B40B5F045FFFFFFFFFFC7FFF00007615C352432A2140B593B3
0D4EFA2439F284613C0D1FC6165014B41B5F045FFFFFFFFFFC7FFF00008115C352432A2140B573CB
0D4EC82439B48461B70D1F93164FF3B42B5E045FFFFFFFFFFC7FFF00007B15C352432A2040B573E3
0D4E5224391B8462340D1F1E164F9FB42B5E045FFFFFFFFFFC6FFF00006C15C352432A2040B573FB
0D4DE02438878462C00D1EAF164F52B41B5E045FFFFFFFFFFC7FFF00007515C352432A2040B57313
0D4D8824381584634D0D1E57164F17B40B5D045FFFFFFFFFFC7FFF00007715C352432A2040B5732B
0D4D6B2437FB8463D60D1E39164F07B3FB5D045FFFFFFFFFFC7FFF00007515C353432A2040B57343
0D4D272437AA8464640D1DF5164ED9B3FB5D045FFFFFFFFFFC6FFF00006C15C353432A1F40B5735B
0D4CD024373A8464ED0D1DA3164E9EB3EB5C042FFFFFFFFFFC6FFF00007115C353432A1F40B57373
0D4CA52437018465530D1D79164E83B3DB5B045FFFFFFFFFFC6FFF00006F15C353432A1F40B5738B
0D4C932436F88465BD0D1D68164E7CB3CB5A045FFFFFFFFFFC7FFF00006715C353432A1F40B553A3
0D4C7B2436E48466550D1D4B164E70B3AB5A043FFFFFFFFFFC7FFF00007015C353432A1F40B553BB
0D4BF724363A8467020D1CCD164E19B3BB5A03FFFFFFFFFFFC7FFF00007015C353432A1E40B553D3
0D4BAC2435E384679B0D1C81164DE8B3CB5A03FFFFFFFFFFFC7FFF00006815C353432A1E40B553EB
0D4B972435C98468120D1C6D164DDBB3CB5A040FFFFFFFFFFC6FFF00006B15C353432A1E40B55303
0D4B6B24359684686E0D1C43164DBEB3CB59045FFFFFFFFFFC7FFF00006D15C354432A1E40B5531B
0D4B0B24351E8468E70D1BE0164D7BB3BB5A042FFFFFFFFFFC8FFF00006E15C354432A1E40B55333
0D4AB42434B384697B0D1B8D164D43B3AB59041FFFFFFFFFFC8FFF00006A15C354432A1D40B5534B
0D4A7824346B846A190D1B50164D1EB3AB59043FFFFFFFFFFC7FFF00006D15C354432A1D40B55363
0D49D124338B846AAE0D1AAB164CA7B3AB59045FFFFFFFFFFC7FFF00006D15C354432A1D40B5537B
0D49BA243376846B2C0D1A98164C9CB3AB58045FFFFFFFFFFC6FFF00006B15C354432A1D40B55393
0D49B624337D846B980D1A93164C9DB3AB57044FFFFFFFFFFC6FFF00006815C354432A1D40B553AB
0D49A324336C846C150D1A7F164C95B39B57044FFFFFFFFFFC7FFF00007015C354432A1C40B553C3
0D4971243337846CAB0D1A4C164C78B38B57045FFFFFFFFFFC7FFF00007315C354432A1C40B553DB
0D495E24332B846D4A0D1A35164C70B38B56043FFFFFFFFFFC7FFF00006C15C354432A1C40B553F3
0D48F92432AA846DDB0D19D8164C2DB38B56045FFFFFFFFFFC7FFF00007215C354432A1C40B5530B
0D48BB24325C846E490D199E164C05B37B57044FFFFFFFFFFC6FFF00007215C354432A1C40B55323
0D48A324324A846EBF0D1986164BFBB37B57043FFFFFFFFFFC7FFF00007215C354432A1C40B5533B
0D4881243221846F460D1964164BE6B38B57045FFFFFFFFFFC7FFF00007215C355432A1B40B53353
0D478E2430D9846FD80D186D164B34B38B56044FFFFFFFFFFC7FFF00007B15C355432A1B40B5336B
0D473424306D8470700D1819164AFCB38B56044FFFFFFFFFFC6FFF00007B15C355432A1B40B53383
0D469F242FA58471080D1782164A8FB37B56043FFFFFFFFFFC6FFF00007215C355432A1B40B5339B
0D464A242F3C84718E0D1733164A57B37B55045FFFFFFFFFFC7FFF00007A15C355432A1B40B533B3
0D462A242F178471F70D1710164A41B38B55044FFFFFFFFFFC7FFF00007915C355432A1A40B533CB
0D45A7242E688472720D168E1649E6B37B54044FFFFFFFFFFC7FFF00007215C355432A1A40B533E3
0D4526242DC38473050D161316498EB36B54044FFFFFFFFFFC7FFF00007B15C355432A1A40B533FB
0D44CE242D528473940D15BF164957B34B53042FFFFFFFFFFC7FFF00007B15C355432A1A40B53313
0D44A3242D228474230D158E164937B33B53041FFFFFFFFFFC9FFF00007215C355432A1A40B5332B
0D4419242C708474C10D15071648D7B32B53042FFFFFFFFFFC6FFF00007A15C355432A1A40B53343
0D433F242B3F8475430D1429164831B32B52044FFFFFFFFFFC6FFF00007C15C355432A1940B5335B
0D42D2242AB18475A60D13C51647E9B32B52042FFFFFFFFFFC6FFF00007A15C355432A1940B53373
0D42A1242A7B84761C0D13951647CBB30B51045FFFFFFFFFFC7FFF00007015C355432A1940B5138B
0D425D242A278476B60D13501647A1B2FB50042FFFFFFFFFFC6FFF00007815C355432A1940B513A3
0D41FF2429AD8477670D12F3164761B2EB4F03FFFFFFFFFFFC7FFF00007B15C355432A1940B513BB
0D417C2429078477F60D1273164704B2FB4F03FFFFFFFFFFFC7FFF00007615C355432A1840B513D3
0D412324288C8478580D121C1646C4B2FB4E03FFFFFFFFFFFC7FFF00007915C355432A1840B513EB
0D40E82428488478C90D11E216469FB2FB4E03FFFFFFFFFFFC6FFF00007815C355432A1840B51303
0D40B924281684795D0D11B5164683B2EB4D03FFFFFFFFFFFC5FFF00007415C355432A1840B5131B
0D4043242778847A020D113D164632B2EB4D041FFFFFFFFFFC6FFF00007815C355432A1840B51333
0D400B242739847A990D110F164613B2EB4C044FFFFFFFFFFC7FFF00007C15C355432A1840B5134B
0D3FE0242706847B0D0D10DE1645F2B2DB4C042FFFFFFFFFFC7FFF00007815C355432A1740B51363
0D3FD32426FF847B760D10D01645EDB2CB4B044FFFFFFFFFFC8FFF00006E15C355432A1740B5137B
0D3F9E2426C3847C040D109B1645CDB2AB4B045FFFFFFFFFFC8FFF00007815C356432A1740B51393
0D3F7624269C847CAF0D10741645BAB2AB4A03FFFFFFFFFFFC8FFF00007C15C355432A1740B513AB
0D3F5624267A847D480D10571645AAB2AB4A03FFFFFFFFFFFC6FFF00007415C355432A1740B513C3
0D3F32242655847DBE0D1033164594B2BB4A044FFFFFFFFFFC6FFF00007815C355432A1640B513DB
0D3EF3242607847E310D0FF416456AB2BB4A043FFFFFFFFFFC7FFF00007615C356432A1640B513F3
0D3EB32425B9847EB20D0FB4164540B2AB4A043FFFFFFFFFFC7FFF00006F15C356432A1640B5130B
0D3E5924254C847F490D0F5F164509B2AB4A044FFFFFFFFFFC8FFF00007915C356432A1640B51323
0D3DFA2424D0847FEE0D0EFB1644C4B2AB49044FFFFFFFFFFC7FFF00007B15C356432A1640B5133B
0D3DBB2424868480720D0EC016449BB2AB49045FFFFFFFFFFC6FFF00007315C356432A1640B4F353
0D3D562424028480EB0D0E59164452B29B4903FFFFFFFFFFFC7FFF00007615C356432A1540B4F36B
0D3D0B2423A584816C0D0E16164426B29B48041FFFFFFFFFFC7FFF00007515C356432A1540B4F383
0D3C922423068481F50D0D991643CEB28B48045FFFFFFFFFFC7FFF00007715C356432A1540B4F39B
0D3C1E24227084828D0D0D29164381B28B47043FFFFFFFFFFC7FFF00007215C356432A1540B4F3B3
0D3BF92422498483230D0D0516436CB28B47043FFFFFFFFFFC6FFF00007A15C356432A1540B4F3CB
0D3BCC24221984839A0D0CDA16434FB28B47043FFFFFFFFFFC6FFF00007615C356432A1440B4F3E3
0D3B8E2421CE8484160D0C9C164328B27B46044FFFFFFFFFFC7FFF00007415C356432A1440B4F3FB
0D3B7E2421C18484A80D0C8A164324B27B46043FFFFFFFFFFC7FFF00007715C356432A1440B4F313
0D3B1F24214984853F0D0C2A1642E1B27B45044FFFFFFFFFFC7FFF00007715C356432A1440B4D32B
0D3A6A2420578485D70D0B7616425FB27B45043FFFFFFFFFFC7FFF00006C15C356432A1440B4F343
0D39C7241F8184865E0D0AD81641EBB26B44045FFFFFFFFFFC7FFF00007315C355432A1440B4F35B
0D397F241F228486CE0D0A931641BAB24B44042FFFFFFFFFFC7FFF00006D15C356432A1340B4D373
0D38D8241E3E84874F0D09E816413EB23B4303FFFFFFFFFFFC8FFF00007615C356432A1340B4D38B
0D374B241C228487E90D086116401EB21B43041FFFFFFFFFFC7FFF00007115C356432A1340B4D3A3
0D36FE241BC484887A0D081B163FEDB21B43042FFFFFFFFFFC6FFF00007615C355432A1340B4D3BB
0D36ED241BB38489010D080A163FE4B20B42045FFFFFFFFFFC6FFF00007315C355432A1340B4D3D3
0D36A6241B5384898D0D07C1163FB3B1FB41042FFFFFFFFFFC7FFF00007415C355432A1240B4D3EB
0D364D241AEA848A180D076B163F79B1EB40045FFFFFFFFFFC7FFF00007615C355432A1240B4D303
0D3641241AE5848AA00D075F163F75B1EB3F043FFFFFFFFFFC7FFF00007015C355432A1240B4D31B
0D3608241AA0848B260D0728163F50B1EB3E043FFFFFFFFFFC7FFF00007015C355432A1240B4D333
0D35DE241A71848BA90D06FD163F37B1EB3E043FFFFFFFFFFC6FFF00006E15C355432A1240B4D34B
0D35B6241A46848C340D06D8163F24B1EB3D042FFFFFFFFFFC7FFF00007415C355432A1240B4D363
0D357E241A03848CC20D069E163EFDB1DB3D043FFFFFFFFFFC7FFF00007315C355432A1140B4D37B
0D3527241997848D480D0648163EC3B1DB3D043FFFFFFFFFFC6FFF00006B15C355432A1140B4D393
0D34F324195F848DDF0D0616163EA5B1DB3D043FFFFFFFFFFC6FFF00007415C355432A1140B4D3AB
0D34972418E6848E750D05B3163E5EB1CB3C043FFFFFFFFFFC7FFF00007415C355432A1140B4D3C3
0D342B241856848EE70D054F163E17B1BB3C043FFFFFFFFFFC9FFF00006F15C355432A1140B4B3DB
0D33B32417B8848F530D04DA163DC3B1BB3B042FFFFFFFFFFC9FFF00007015C355432A1040B4C3F3
0D32C6241677848FE40D03EE163D17B1BB3B043FFFFFFFFFFC6FFF00006F15C355432A1040B4B30B
0D327D2416208490830D03A9163CEAB1AB3A042FFFFFFFFFFC6FFF00006C15C355432A1040B4B323
0D32532415F28491220D037F163CD0B1AB3A044FFFFFFFFFFC7FFF00006E15C355432A1040B4B33B
0D32182415A78491A30D0345163CA9B1AB39042FFFFFFFFFFC7FFF00007415C355432A1040B4B353
0D31C024152F8492060D02E5163C62B18B39043FFFFFFFFFFC7FFF00007015C355432A0F40B4B36B
0D309E2413AC84928C0D01CB163B94B17B38043FFFFFFFFFFC7FFF00006815C355432A0F40B4B383
0D303124131C8493250D0163163B4DB17B38042FFFFFFFFFFC7FFF00006F15C355432A0F40B4B39B
0D2FB32412738493B60D00E7163AF4B16B37042FFFFFFFFFFC7FFF00006F15C355432A0F40B493B3
0D2F4C2411F084943E0D0082163AACB15B37042FFFFFFFFFFC6FFF00006715C355432A0F40B4B3CB
0D2F0F2411A88494C00D0047163A84B14B36042FFFFFFFFFFC6FFF00007215C355432A0F40B4B3E3
0D2EFB24119284953C0D0031163A79B13B35043FFFFFFFFFFC6FFF00007115C355432A0E40B493FB
0D2EAB24112C8495C40CFFDF163A41B12B34043FFFFFFFFFFC7FFF00006F15C355432A0E40B49313
0D2E4D2410BA84965C0CFF87163A06B11B34042FFFFFFFFFFC8FFF00006715C355432A0E40B4932B
0D2E052410628496F60CFF3B1639D4B10B33042FFFFFFFFFFC7FFF00007115C355432A0E40B49343
0D2D76240FA08497750CFEB3163970B10B32043FFFFFFFFFFC7FFF00006C15C355432A0E40B4935B
0D2D44240F648497DE0CFE8216394CB0FB32044FFFFFFFFFFC7FFF00007015C355432A0D40B49373
0D2D26240F498498580CFE6516393FB0EB3103FFFFFFFFFFFC7FFF00006615C355432A0D40B4938B
0D2D0B240F2D8498F80CFE47163932B0EB3003FFFFFFFFFFFC6FFF00006D15C355432A0D40B493A3
0D2CCB240EE384999A0CFE0A16390CB0EB2F03FFFFFFFFFFFC6FFF00006915C355432A0D40B493BB
0D2C9F240EB0849A150CFDDE1638EFB0EB2F03FFFFFFFFFFFC6FFF00006A15C355432A0D40B493D3
0D2C53240E52849A8B0CFD931638BCB0EB2F03FFFFFFFFFFFC6FFF00007015C355432A0D40B493EB
0D2C1F240E13849B090CFD6116389AB0EB2F03FFFFFFFFFFFC8FFF00006E15C355432A0C40B49303
0D2BE5240DCB849B920CFD25163874B0DB2E03FFFFFFFFFFFC9FFF00006515C355432A0C40B4931B
0D2B8F240D64849C330CFCD216383EB0DB2E040FFFFFFFFFFC6FFF00006D15C355432A0C40B49333
0D2B41240D01849CC10CFC81163804B0DB2E041FFFFFFFFFFC8FFF00006915C355432A0C40B4934B
0D2ACF240C67849D240CFC131637B5B0DB2E042FFFFFFFFFFC8FFF00006815C355432A0C40B49363
0D2A71240BF2849D9C0CFBB5163774B0CB2D043FFFFFFFFFFC8FFF00006E15C355432A0B40B4837B
0D2A37240BB0849E3D0CFB7E163754B0CB2D042FFFFFFFFFFC8FFF00006D15C355432A0B40B47393
0D29CA240B18849ED80CFB0E163703B0CB2D041FFFFFFFFFFC7FFF00006715C355432A0B40B483AB
0D28EF2409F8849F550CFA39163666B0BB2D042FFFFFFFFFFC8FFF00006E15C355432A0B40B473C3
0D28A7240999849FBE0CF9F4163634B0BB2C042FFFFFFFFFFC7FFF00006B15C355432A0B40B473DB
0D284C24092784A03A0CF99B1635F8B0BB2B041FFFFFFFFFFC7FFF00006015C355432A0B40B473F3
0D27B624085F84A0D80CF90316358BB0AB2B041FFFFFFFFFFC7FFF00006D15C355432A0A40B4730B
0D275C2407F084A17A0CF8AE163552B09B2A042FFFFFFFFFFC8FFF00006E15C355432A0A40B46323
0D27392407C184A1F40CF88B16353BB09B2A041FFFFFFFFFFC8FFF00006B15C355432A0A40B4733B
0D270F24079284A2620CF862163520B09B2A042FFFFFFFFFFC6FFF00006415C355432A0A40B47353
0D26F024077684A2DB0CF844163510B08B29042FFFFFFFFFFC6FFF00006D15C355432A0A40B4736B
0D26C124074084A3670CF8151634F4B07B28041FFFFFFFFFFC7FFF00006F15C355432A0940B45383
0D269E24071B84A3F90CF7F41634E2B07B27042FFFFFFFFFFC8FFF00006615C355432A0940B4539B
0D269B24072484A4840CF7F11634E6B06B27043FFFFFFFFFFC7FFF00006B15C355432A0940B453B3
0D268524070F84A5040CF7D91634DBB06B26041FFFFFFFFFFC7FFF00006815C355432A0940B453CB
0D261124067E84A58D0CF76516348AB06B2503FFFFFFFFFFFC8FFF00006415C355432A0940B453E3
0D25A02405E884A61A0CF6F916343FB06B25040FFFFFFFFFFC8FFF00006E15C355432A0940B453FB
0D254A24057984A6940CF6A2163401B05B24041FFFFFFFFFFC8FFF00006F15C355432A0840B45313
0D251224053684A6FE0CF6661633D7B04B24042FFFFFFFFFFC8FFF00006C15C355432A0840B4532B
0D24D42404EF84A7890CF62F1633B7B03B24040FFFFFFFFFFC7FFF00006315C355432A0840B45343
0D24B42404CE84A81E0CF60D1633A4B03B24042FFFFFFFFFFC7FFF00006815C355432A0840B4535B
0D246C24047484A8A30CF5C7163374B03B24042FFFFFFFFFFC7FFF00006A15C355432A0840B45373
0D242224041384A9260CF580163342B02B24041FFFFFFFFFFC7FFF00006815C355432A0840B4538B
0D23C72403A684A9A20CF526163306B02B23042FFFFFFFFFFC7FFF00006415C355432A0740B453A3
0D23B724039984AA2C0CF514163300B01B23041FFFFFFFFFFC7FFF00006A15C355432A0740B443BB
0D237E24035484AABC0CF4DC1632DBB01B22041FFFFFFFFFFC8FFF00006A15C355432A0740B453D3
0D23252402E284AB310CF48516329DB00B22043FFFFFFFFFFC8FFF00006615C355432A0740B453EB
0D22CF24027184AB9D0CF42D163260B00B21042FFFFFFFFFFC7FFF00006915C355432A0740B44303
0D225B2401E184AC230CF3BF163213AFEB22040FFFFFFFFFFC6FFF00006B15C355432A0640B4331B
0D221C24019084ACB40CF37F1631E9AFEB2103FFFFFFFFFFFC5FFF00006215C355432A0640B43333
0D21FB24017084AD4A0CF35A1631D6AFEB21040FFFFFFFFFFC6FFF00006915C355432A0640B4334B
0D21CA24013C84ADDD0CF32F1631BCAFDB2003FFFFFFFFFFFC6FFF00006215C355432A0640B43363
0D219C24010284AE520CF30216319CAFDB2003FFFFFFFFFFFC7FFF00006A15C355432A0640B4337B
0D21772400D584AEB00CF2DC163185AFDB1F041FFFFFFFFFFC7FFF00006B15C355432A0640B43393
0D215B2400BE84AF220CF2BF163175AFEB1F040FFFFFFFFFFC6FFF00006315C355432A0540B433AB
0D212B24008684AFB10CF29016315BAFEB1E041FFFFFFFFFFC6FFF00006415C355432A0540B433C3
0D20AC23FFE084B04D0CF212163103AFEB1D041FFFFFFFFFFC6FFF00006715C355432A0540B433DB
0D205A23FF7E84B0DC0CF1C71630CEAFEB1E040FFFFFFFFFFC6FFF00006915C355432A0540B413F3
0D204523FF6A84B1500CF1B81630C7AFDB1D041FFFFFFFFFFC7FFF00006915C355432A0540B4130B
0D202523FF4884B1CE0CF1911630B1AFCB1D041FFFFFFFFFFC8FFF00006915C355432A0540B41323
0D1FF823FF1384B2570CF163163095AFAB1C041FFFFFFFFFFC7FFF00006215C355432A0540B4133B
0D1FA823FEAB84B2D20CF11C163064AF9B1C041FFFFFFFFFFC6FFF00006915C355432A0440B41353
0D1EE023FD9E84B33D0CF04C162FCBAF9B1C041FFFFFFFFFFC7FFF00006015C355432A0440B4136B
0D1E6523FD0284B3B90CEFD6162F77AF9B1B041FFFFFFFFFFC7FFF00006815C355432A0440B41383
0D1E4423FCD884B4420CEFB4162F64AFAB1B042FFFFFFFFFFC8FFF00006815C355432A0440B4139B
0D1E1723FCAA84B4DB0CEF87162F49AF9B1B040FFFFFFFFFFC6FFF00006015C355432A0440B413B3
0D1E0023FC9984B5750CEF72162F41AF9B1A03FFFFFFFFFFFC7FFF00006815C355432A0440B413CB
0D1DF623FC9284B5EE0CEF67162F3CAF9B1A040FFFFFFFFFFC6FFF00006815C355432A0440B413E3
0D1DEC23FC8E84B6480CEF5D162F39AF8B19041FFFFFFFFFFC6FFF00006015C355432A0340B413FB
0D1DC923FC6684B6AB0CEF3B162F25AF7B18041FFFFFFFFFFC6FFF00006615C355432A0340B41313
0D1D9623FC2A84B7310CEF08162F07AF6B18040FFFFFFFFFFC6FFF00006615C355432A0340B4132B
0D1D5B23FBE984B7CE0CEECE162EE3AF5B1703FFFFFFFFFFFC6FFF00006015C355432A0340B41343
0D1D1823FB9584B85D0CEE8C162EB7AF6B17041FFFFFFFFFFC7FFF00006815C355432A0340B3F35B
0D1CD523FB4384B8D50CEE4A162E8BAF6B18041FFFFFFFFFFC8FFF00006715C355432A0340B3F373
0D1C6123FAAB84B94D0CEDD6162E37AF7B18041FFFFFFFFFFC7FFF00005615C355432A0240B4138B
0D1C1323FA4A84B9CA0CED8B162E04AF7B17041FFFFFFFFFFC7FFF00005515C355432A0240B3F3A3
0D1BE723FA1484BA450CED5F162DE9AF6B17040FFFFFFFFFFC7FFF00006515C355432A0240B3F3BB
0D1BAB23F9CF84BABE0CED24162DC0AF6B17041FFFFFFFFFFC6FFF00006715C355432A0240B3F3D3
0D1B9023F9B684BB360CED0D162DB6AF5B16041FFFFFFFFFFC6FFF00006715C355432A0240B3F3EB
0D1B8A23F9BB84BBBE0CED05162DB6AF4B16041FFFFFFFFFFC6FFF00006715C355432A0240B3F303
0D1B7023F9A084BC4A0CECEC162DABAF3B15041FFFFFFFFFFC7FFF00006615C355432A0240B3F31B
0D1B2F23F95384BCD60CECAB162D81AF3B1503FFFFFFFFFFFC7FFF00005D15C355432A0240B3F333
0D1AE423F8F284BD4B0CEC5E162D4BAF2B14040FFFFFFFFFFC7FFF00005D15C355432A0140B3F34B
0D1A7C23F86684BDAA0CEBF7162D01AF2B14040FFFFFFFFFFC6FFF00006515C355432A0140B3F363
0D1A4523F82684BE140CEBC2162CDFAF2B13040FFFFFFFFFFC6FFF00006615C356432A0140B3D37B
0D1A1D23F7FE84BEA10CEB99162CC8AF2B13040FFFFFFFFFFC7FFF00006015C356432A0140B3D393
0D19FB23F7DE84BF520CEB79162CB8AF2B1303FFFFFFFFFFFC6FFF00006215C356432A0140B3D3AB
0D19DB23F7BC84BFDD0CEB5B162CA6AF1B1303FFFFFFFFFFFC8FFF00005C15C356432A0140B3D3C3
0D19A723F77484C01E0CEB1E162C78AF1B1303FFFFFFFFFFFC6FFF00005B15C356432A0140B3D3DB
0D195F23F72084C07C0CEAE0162C51AF0B1203FFFFFFFFFFFC7FFF00006315C356432A0040B3D3F3
0D194E23F71384C10C0CEACF162C4CAF0B1203FFFFFFFFFFFC8FFF00006615C356432A0040B3D30B
0D192823F6EF84C1B10CEAAA162C3AAF0B1203FFFFFFFFFFFC7FFF00005F15C356432A0040B3D323
0D191323F6E084C23F0CEA96162C31AF0B1203FFFFFFFFFFFC7FFF00005A15C356432A0040B3D33B
0D190B23F6DA84C2A60CEA8D162C2DAF0B12040FFFFFFFFFFC7FFF00005215C356432A0040B3D353
0D18EF23F6BF84C3060CEA71162C1EAEFB11040FFFFFFFFFFC7FFF00006215C356432A0040B3D36B
0D18A823F66484C37A0CEA2A162BF1AEEB11040FFFFFFFFFFC7FFF00005815C356432A0040B3D383
0D187D23F63984C4090CEA02162BD8AEEB10040FFFFFFFFFFC7FFF00006315C3564329FF40B3D39B
0D187223F63884C48F0CE9F8162BD7AEEB10040FFFFFFFFFFC7FFF00006315C3564329FF40B3D3B3
0D184E23F60D84C5090CE9D0162BBFAEDB10040FFFFFFFFFFC7FFF00006215C3564329FF40B3D3CB
0D17F023F59684C5850CE973162B7FAEDB10040FFFFFFFFFFC8FFF00006215C3564329FF40B3C3E3
0D177223F4F284C6060CE8F6162B27AEDB0F040FFFFFFFFFFC8FFF00005C15C3564329FF40B3B3FB
0D171423F47B84C6850CE89C162AE9AEDB0F040FFFFFFFFFFC8FFF00006115C3564329FF40B3B313
0D16EA23F44884C6FE0CE872162ACEAEDB0F040FFFFFFFFFFC8FFF00005115C3564329FF40B3B32B
0D16A823F3F284C7610CE831162A9FAEDB0F042FFFFFFFFFFC8FFF00006215C3564329FF40B3B343
0D169023F3E084C7D40CE81B162A94AEDB0F040FFFFFFFFFFC6FFF00006215C3564329FE40B3B35B
0D168023F3D684C85E0CE80C162A90AECB0E03FFFFFFFFFFFC6FFF00006315C3564329FE40B3B373
0D167223F3CC84C8D90CE7FE162A8BAECB0E03FFFFFFFFFFFC6FFF00005D15C3564329FE40B3B38B
0D166123F3C284C9590CE7ED162A85AEBB0D03FFFFFFFFFFFC6FFF00006515C3564329FE40B3B3A3
0D164123F3A584C9E40CE7CD162A75AECB0D040FFFFFFFFFFC6FFF00006415C3564329FE40B3B3BB
0D161523F36D84CA5E0CE7A1162A58AECB0D040FFFFFFFFFFC6FFF00005D15C3574329FE40B3B3D3
0D15D023F31984CAC60CE75F162A2AAEBB0D041FFFFFFFFFFC7FFF00005D15C3574329FE40B3A3EB
0D15AF23F2F684CB350CE73D162A17AEBB0D040FFFFFFFFFFC7FFF00005E15C3574329FE40B39303
0D157E23F2BB84CBAA0CE70E1629FAAEBB0D041FFFFFFFFFFC7FFF00006215C3574329FD40B3931B
0D155823F29384CC280CE6E71629E1AECB0C040FFFFFFFFFFC7FFF00005515C3574329FD40B39333
0D151423F24284CCB10CE6A31629B8AECB0C03FFFFFFFFFFFC7FFF00006515C3574329FD40B3934B
0D14D123F1F084CD430CE65F16298BAEBB0B03FFFFFFFFFFFC7FFF00005715C3574329FD40B39363
0D148623F19184CDBF0CE61816295AAEAB0B040FFFFFFFFFFC7FFF00006515C3574329FD40B3937B
0D146523F16A84CE200CE5F6162942AE9B0B03FFFFFFFFFFFC7FFF00006315C3574329FD40B39393
0D144923F14E84CE800CE5DD162935AE9B0B040FFFFFFFFFFC8FFF00005B15C3574329FD40B393AB
0D144723F15984CF000CE5DA16293CAE8B0A040FFFFFFFFFFC8FFF00005F15C3574329FD40B393C3
0D144323F16084CF890CE5D7162941AE8B0A03FFFFFFFFFFFC8FFF00006515C3574329FD40B393DB
0D141E23F13884D00B0CE5B2162929AE8B0A040FFFFFFFFFFC8FFF00006415C3574329FC40B393F3
0D139D23F09184D08C0CE5321628D1AE8B0A042FFFFFFFFFFC8FFF00006315C3574329FC40B3830B
0D132023EFE784D1050CE4B5162876AE9B0A042FFFFFFFFFFC8FFF00005C15C3574329FC40B39323
0D12DC23EF9A84D1780CE47516284AAE9B09042FFFFFFFFFFC7FFF00006515C3574329FC40B3833B
0D12BC23EF7584D1F90CE454162838AE9B09041FFFFFFFFFFC7FFF00006515C3574329FC40B38353
0D127C23EF2784D2740CE41716280FAE7B09040FFFFFFFFFFC7FFF00006315C3574329FC40B3736B
0D126523EF1084D2D90CE3FF162802AE6B09041FFFFFFFFFFC7FFF00006315C3574329FC40B38383
0D125823EF0984D3430CE3F11627FCAE6B08040FFFFFFFFFFC8FFF00006315C3574329FC40B3739B
0D121623EEB884D3D10CE3AD1627D4AE7B0703FFFFFFFFFFFC7FFF00005A15C3574329FC40B373B3
0D11E323EE8184D4690CE37C1627B7AE6B0703FFFFFFFFFFFC7FFF00006015C3574329FC40B373CB
0D11BF23EE5884D4E80CE35716279DAE5B0703FFFFFFFFFFFC8FFF00006415C3574329FB40B373E3
0D119923EE2B84D5490CE335162787AE4B0703FFFFFFFFFFFC8FFF00006215C3574329FB40B353FB
0D118023EE1384D5AA0CE31B162778AE3B0703FFFFFFFFFFFC8FFF00006215C3584329FB40B37313
0D112523ED9C84D6210CE2C016273AAE2B0603FFFFFFFFFFFC8FFF00006415C3584329FB40B3632B
0D10A623ECF884D6A20CE2451626E4AE2B0603FFFFFFFFFFFC8FFF00005515C3584329FB40B35343
0D106C23ECB584D7280CE20B1626BEAE3B0603FFFFFFFFFFFC8FFF00006315C3584329FB40B3535B
0D100823EC3284D7B50CE1A916267BAE3B0503FFFFFFFFFFFC7FFF00006215C3584329FB40B35373
0D0FC223EBDA84D8380CE16416264BAE3B0503FFFFFFFFFFFC7FFF00005615C3584329FB40B3538B
0D0FA423EBB984D89E0CE147162638AE2B0403FFFFFFFFFFFC7FFF00006115C3584329FB40B353A3
0D0F8823EB9B84D8F80CE12B162626AE1B0403FFFFFFFFFFFC7FFF00006115C3584329FA40B353BB
0D0F4E23EB5584D9730CE0F0162603AE1B0303FFFFFFFFFFFC7FFF00006115C3584329FA40B353D3
0D0EEC23EADC84DA0B0CE0921625C3AE0B0303FFFFFFFFFFFC7FFF00006315C3584329FA40B353EB
0D0EC123EAAA84DA8E0CE0681625A7AE0B0203FFFFFFFFFFFC7FFF00005C15C3584329FA40B35303
0D0E9323EA6C84DAED0CE037162586ADFB0203FFFFFFFFFFFC6FFF00006215C3584329FA40B3531B
0D0E1E23E9D684DB580CDFC3162535ADEB02041FFFFFFFFFFC6FFF00005C15C3584329FA40B35333
0D0DE623E99184DBD80CDF8E162513ADDB02041FFFFFFFFFFC8FFF00005C15C3584329FA40B3534B
0D0D8B23E91F84DC670CDF321624D4ADDB0103FFFFFFFFFFFC7FFF00006115C3584329FA40B35363
0D0D4B23E8D384DCFD0CDEF51624ACADDB0103FFFFFFFFFFFC7FFF00006515C3584329FA40B3537B
0D0D2323E89E84DD640CDECF162491ADEB00042FFFFFFFFFFC8FFF00006115C3584329FA40B34393
0D0D1823E89484DDA20CDEC4162488ADDAFF040FFFFFFFFFFC6FFF00005C15C3594329FA40B343AB
0D0D0323E88384DE050CDEAD162480ADBAFF03FFFFFFFFFFFC6FFF00005D15C3594329F940B343C3
0D0CD423E85484DE9D0CDE7F162467ADAAFF03FFFFFFFFFFFC6FFF00006015C3594329FA40B333DB
0D0CA623E82384DF4E0CDE52162451ADAAFE03FFFFFFFFFFFC7FFF00005C15C3594329F940B333F3
0D0C9323E81584DFD50CDE40162445ADBAFE03FFFFFFFFFFFC8FFF00006315C3594329F940B3330B
0D0C8223E80084E01F0CDE2E162438ADBAFE03FFFFFFFFFFFC7FFF00006015C3594329F940B33323
0D0C7823E7FC84E0770CDE2716243AADAAFD03FFFFFFFFFFFC7FFF00005815C3594329F940B3333B
0D0C7123E80184E0EF0CDE1F16243BADAAFD03FFFFFFFFFFFC7FFF00006115C3594329F940B33353
0D0C7223E81184E16B0CDE20162444ADAAFD03FFFFFFFFFFFC8FFF00006215C3594329F940B3336B
0D0C5723E7F784E1F60CDE05162436ADAAFC03FFFFFFFFFFFC7FFF00006115C3594329F940B33383
0D0C0923E79B84E28C0CDDB8162405ADAAFC03FFFFFFFFFFFC8FFF00005915C3594329F940B3139B
0D0BD823E75F84E30A0CDD881623E4AD9AFC03FFFFFFFFFFFC6FFF00005915C3594329F940B313B3
0D0BB523E73484E3690CDD631623CDADAAFC03FFFFFFFFFFFC6FFF00006015C3594329F940B333CB
0D0B9123E70E84E3D00CDD401623B7ADAAFC03FFFFFFFFFFFC7FFF00005315C3594329F940B313E3
0D0B5823E6CA84E4400CDD08162394ADAAFD03FFFFFFFFFFFC7FFF00006115C3594329F940B313FB
0D0B1B23E67F84E4B10CDCCD16236CADAAFC03FFFFFFFFFFFC7FFF00005115C3594329F840B31313
0D0AF423E65384E5240CDCA6162354AD9AFC03FFFFFFFFFFFC6FFF00005E15C3594329F840B3132B
0D0ACC23E62684E5A80CDC7D16233CAD9AFC03FFFFFFFFFFFC5FFF00005815C3594329F840B31343
0D0A3D23E56C84E6420CDBF01622DAAD8AFC03FFFFFFFFFFFC6FFF00006015C3594329F840B3135B
0D0A0A23E53084E6CA0CDBC01622BAAD8AFC03FFFFFFFFFFFC7FFF00005A15C3594329F840B31373
0D09F423E51484E71F0CDBAA1622ABAD7AFC03FFFFFFFFFFFC8FFF00006015C35A4329F840B3138B
0D09DC23E50084E7770CDB9316229EAD7AFB041FFFFFFFFFFC7FFF00005715C35A4329F840B313A3
0D09C323E4EB84E7EE0CDB7B162293AD6AFA03FFFFFFFFFFFC7FFF00005715C35A4329F840B313BB
0D097823E48684E8640CDB2B16225CAD6AF903FFFFFFFFFFFC8FFF00006015C35A4329F840B313D3
0D08DF23E3BC84E8E40CDA971621F3AD6AF903FFFFFFFFFFFC7FFF00005915C35A4329F840B303EB
0D082223E2BF84E9710CD9DB16216BAD6AF903FFFFFFFFFFFC7FFF00005A15C35A4329F840B30303
0D07DF23E26F84E9FC0CD99C162140AD5AF903FFFFFFFFFFFC6FFF00005D15C35A4329F840B2F31B
0D07CC23E25884EA640CD98A162135AD5AF9041FFFFFFFFFFC7FFF00005F15C35A4329F840B2F333
0D07B523E24184EAB90CD974162129AD4AF803FFFFFFFFFFFC7FFF00005815C35A4329F740B2F34B
0D078723E20D84EB2A0CD94516210BAD3AF703FFFFFFFFFFFC7FFF00005615C35A4329F740B2F363
0D075723E1D484EBB20CD9151620EEAD2AF603FFFFFFFFFFFC7FFF00005815C35A4329F740B2F37B
0D072D23E1A584EC270CD8ED1620D4AD2AF6040FFFFFFFFFFC7FFF00005F15C35A4329F740B2F393
0D070323E17484EC940CD8C31620B9AD1AF6040FFFFFFFFFFC8FFF00005615C35A4329F740B2F3AB
0D06D723E14384ED150CD8991620A1AD1AF503FFFFFFFFFFFC6FFF00005D15C35A4329F740B2F3C3
0D06C323E13684EDA10CD88516209AAD1AF603FFFFFFFFFFFC7FFF00005E15C35A4329F740B2D3DB
0D06B523E12584EE110CD877162093AD1AF503FFFFFFFFFFFC6FFF00005715C35A4329F740B2D3F3
0D06AC23E12384EE660CD86F162090AD1AF5041FFFFFFFFFFC7FFF00005D15C35B4329F740B2D30B
0D069923E11884EECF0CD85A162087AD0AF4040FFFFFFFFFFC8FFF00005B15C35B4329F740B2D323
0D067623E0F584EF5D0CD837162075AD0AF403FFFFFFFFFFFC7FFF00005515C35B4329F740B2D33B
0D061823E07A84EFEC0CD7D9162034AD1AF403FFFFFFFFFFFC7FFF00005E15C35B4329F740B2D353
0D05CF23E01B84F0530CD795162003AD2AF303FFFFFFFFFFFC7FFF00005715C35B4329F640B2D36B
0D05B123E00184F0AE0CD776161FF1AD2AF303FFFFFFFFFFFC8FFF00005B15C35B4329F640B2D383
0D058E23DFDC84F12B0CD755161FDFAD1AF303FFFFFFFFFFFC8FFF00005B15C35B4329F640B2D39B
0D057423DFBF84F1AB0CD73B161FD1AD0AF303FFFFFFFFFFFC7FFF00005315C35B4329F640B2D3B3
0D056523DFB784F2260CD72B161FCDAD0AF203FFFFFFFFFFFC7FFF00005B15C35B4329F640B2D3CB
0D054C23DFA284F29F0CD714161FC1AD0AF203FFFFFFFFFFFC7FFF00005415C35B4329F640B2D3E3
0D054623DFA784F3100CD70D161FC1ACFAF203FFFFFFFFFFFC6FFF00005A15C35B4329F640B2C3FB
0D054623DFB084F3810CD70F161FCAACEAF103FFFFFFFFFFFC5FFF00005A15C35B4329F640B2C313
0D054A23DFC384F3F50CD713161FD3ACEAF1041FFFFFFFFFFC7FFF00005815C35B4329F640B2D32B
0D054E23DFD584F46F0CD716161FDCACEAF103FFFFFFFFFFFC6FFF00005315C35B4329F640B2B343
0D054E23DFE184F4E60CD717161FE3ACEAF003FFFFFFFFFFFC7FFF00005215C35C4329F640B2C35B
0D055023DFF284F5570CD719161FEBACFAF103FFFFFFFFFFFC7FFF00005815C35C4329F540B2B373
0D054C23DFF684F5C70CD712161FECACEAF103FFFFFFFFFFFC7FFF00005115C35C4329F540B2B38B
0D054523DFFB84F63F0CD70C161FEFACFAF103FFFFFFFFFFFC8FFF00005915C35C4329F540B2B3A3
0D054023DFFC84F6BB0CD702161FEEACFAF103FFFFFFFFFFFC8FFF00004915C35C4329F540B2B3BB
0D053C23E00684F7280CD702161FF2AD0AF103FFFFFFFFFFFC7FFF00005715C35C4329F540B2B3D3
0D053B23E01284F7950CD705161FFDAD1AF1040FFFFFFFFFFC7FFF00005815C35C4329F540B2B3EB
0D053A23E01D84F80F0CD702162002AD0AF103FFFFFFFFFFFC8FFF00005815C35C4329F540B2B303
0D053823E02884F8880CD700162009ACFAF103FFFFFFFFFFFC8FFF00004F15C35C4329F540B2931B
0D052F23E02384F8F90CD6F4162003ACFAF103FFFFFFFFFFFC7FFF00005215C35C4329F540B29333
0D04E423DFC584F96E0CD6AA161FD1ACFAF103FFFFFFFFFFFC7FFF00005715C35C4329F540B2934B
0D04B223DF8E84F9E30CD67B161FB5ACFAF103FFFFFFFFFFFC7FFF00005715C35C4329F540B29363
0D049723DF7584FA5A0CD660161FA8ACDAF103FFFFFFFFFFFC7FFF00005715C35C4329F540B2937B
0D048723DF6A84FACC0CD651161FA3ACDAF203FFFFFFFFFFFC8FFF00005815C35D4329F440B29393
0D047923DF6084FB3F0CD643161F9CACDAF103FFFFFFFFFFFC7FFF00004815C35D4329F440B293AB
0D043C23DF1484FBAE0CD604161F74ACDAF1041FFFFFFFFFFC7FFF00005715C35D4329F440B293C3
0D041423DEE884FC230CD5DC161F5AACDAF103FFFFFFFFFFFC8FFF00004F15C35D4329F440B293DB
0D03F523DEC984FC950CD5C0161F4CACDAF203FFFFFFFFFFFC7FFF00005615C35D4329F440B293F3
0D03DF23DEB984FD110CD5AB161F44ACDAF103FFFFFFFFFFFC6FFF00005715C35D4329F440B2930B
0D03BB23DE8E84FD900CD586161F2CACDAF103FFFFFFFFFFFC7FFF00005215C35D4329F440B28323
0D038D23DE5F84FDFD0CD55B161F13ACEAF103FFFFFFFFFFFC7FFF00005415C35D4329F440B2833B
0D038023DE5284FE650CD54C161F0DACDAF103FFFFFFFFFFFC7FFF00004E15C35D4329F440B28353
0D037E23DE5B84FED10CD549161F10ACCAF103FFFFFFFFFFFC9FFF00005015C35D4329F440B2836B
0D037423DE5A84FF400CD541161F0FACCAF003FFFFFFFFFFFC6FFF00004615C35D4329F440B28383
0D036423DE5284FFC60CD531161F0EACDAF0040FFFFFFFFFFC8FFF00005515C35D4329F440B2739B
0D035923DE5085004B0CD527161F0CACDAF003FFFFFFFFFFFC7FFF00005615C35D4329F340B273B3
0D035023DE478500B20CD51D161F0AACDAF003FFFFFFFFFFFC7FFF00005615C35E4329F340B273CB
0D034523DE4A85010E0CD514161F07ACCAF003FFFFFFFFFFFC8FFF00004E15C35E4329F340B273E3
0D033823DE418501800CD505161F04ACCAF003FFFFFFFFFFFC8FFF00004E15C35E4329F340B273FB
0D032023DE2E8502010CD4ED161EFAACCAF003FFFFFFFFFFFC7FFF00004E15C35E4329F340B27313
0D030323DE1185027F0CD4D1161EEAACCAEF03FFFFFFFFFFFC6FFF00005615C35E4329F340B2632B
0D029823DD878502EB0CD464161E9CACCAEF03FFFFFFFFFFFC6FFF00005615C35E4329F340B26343
0D024023DD158503570CD40F161E61ACBAEF03FFFFFFFFFFFC7FFF00004E15C35E4329F340B2535B
0D020823DCD48503CE0CD3D8161E3FACBAEF041FFFFFFFFFFC7FFF00005515C35E4329F340B25373
0D01FB23DCCD8504480CD3CE161E3EACAAEF03FFFFFFFFFFFC6FFF00004715C35E4329F340B2538B
0D01CB23DC908504B20CD39B161E1AACAAEE03FFFFFFFFFFFC7FFF00005515C35E4329F340B253A3
0D015B23DBFC8505110CD32D161DCBAC9AEE03FFFFFFFFFFFC8FFF00005615C35E4329F340B253BB
0D013423DBD98505840CD308161DB9AC9AEE03FFFFFFFFFFFC7FFF00005615C35F4329F240B253D3
0D012623DBCE85060E0CD2FB161DB4AC9AEE03FFFFFFFFFFFC7FFF00005615C35F4329F240B253EB
0D011423DBC185068D0CD2EB161DAEAC9AED03FFFFFFFFFFFC8FFF00005515C35F4329F240B25303
0D010D23DBBD8506ED0CD2E2161DACAC9AED03FFFFFFFFFFFC8FFF00005515C35F4329F240B2531B
0D00F923DBB28507550CD2CF161DA5ACAAEC03FFFFFFFFFFFC7FFF00004D15C35F4329F240B24333
0D00E623DBA38507D80CD2BC161D9DAC9AEB03FFFFFFFFFFFC6FFF00004E15C35F4329F240B2434B
0D00D623DB938508530CD2AD161D97AC9AEB03FFFFFFFFFFFC6FFF00004815C35F4329F240B24363
0D00CA23DB8E8508AD0CD2A1161D93AC8AEB03FFFFFFFFFFFC8FFF00005315C35F4329F240B2437B
0D00B823DB858509190CD28F161D8BAC7AEB03FFFFFFFFFFFC8FFF00005515C35F4329F240B23393
0D009123DB5885099D0CD268161D74AC7AEB03FFFFFFFFFFFC8FFF00005515C35F4329F240B233AB
0D006A23DB30850A1A0CD242161D5FAC7AEB03FFFFFFFFFFFC6FFF00005515C35F4329F240B243C3
0D004123DB00850A8B0CD218161D45AC7AEB03FFFFFFFFFFFC7FFF00005515C35F4329F240B233DB
0D001623DAD1850AFF0CD1EF161D2CAC7AEB03FFFFFFFFFFFC7FFF00004D15C3604329F140B223F3
0D000B23DACE850B710CD1E5161D2BAC7AEB03FFFFFFFFFFFC7FFF00005415C3604329F140B2330B
0D000123DACB850BD40CD1DB161D27AC7AEB03FFFFFFFFFFFC7FFF00004F15C3604329F140B23323
0CFFD323DA98850C400CD1AC161D0BAC7AEB03FFFFFFFFFFFC7FFF00004415C3604329F140B2333B
0CFFB023DA70850CB80CD18C161CF8AC6AEA03FFFFFFFFFFFC7FFF00005415C3604329F140B22353
0CFFA723DA6F850D330CD181161CFAAC5AEA03FFFFFFFFFFFC7FFF00004615C3604329F140B2236B
0CFFA323DA76850DAE0CD17F161CFCAC5AEA03FFFFFFFFFFFC7FFF00005315C3604329F140B22383
0CFF9D23DA7D850E1A0CD17F161D01AC5AEA03FFFFFFFFFFFC7FFF00004C15C3604329F140B2139B
0CFF9B23DA80850E840CD175161D00AC5AE903FFFFFFFFFFFC7FFF00005415C3604329F140B213B3
0CFF8523DA6D850F020CD15E161CF7AC5AE903FFFFFFFFFFFC7FFF00005615C3604329F140B213CB
0CFF1E23D9E8850F790CD0F8161CADAC5AE903FFFFFFFFFFFC9FFF00004D15C3614329F140B213E3
0CFEE723D9A5850FD30CD0C5161C89AC6AE903FFFFFFFFFFFC7FFF00005415C3614329F140B213FB
0CFEDA23D99A85102C0CD0B7161C86AC5AE903FFFFFFFFFFFC7FFF00005415C3614329F040B21313
0CFEB823D97B8510AB0CD097161C75AC4AE903FFFFFFFFFFFC7FFF00005515C3614329F040B2132B
0CFEA523D9718511360CD086161C6FAC2AE903FFFFFFFFFFFC7FFF00004E15C3614329F040B20343
0CFE9623D9628511A80CD075161C67AC3AE803FFFFFFFFFFFC8FFF00005415C3614329F040B2035B
0CFE9423D96C8512110CD073161C6CAC4AE803FFFFFFFFFFFC8FFF00004C15C3614329F040B20373
0CFE9323D97A8512820CD072161C72AC4AE803FFFFFFFFFFFC8FFF00005415C3614329F040B2038B
0CFE9023D97B8512F40CD06F161C74AC4AE803FFFFFFFFFFFC7FFF00005515C3614329F040B203A3
0CFE7423D9648513580CD052161C65AC4AE803FFFFFFFFFFFC6FFF00004E15C3614329F040B203BB
0CFE3D23D91B8513BA0CD01A161C3FAC2AE703FFFFFFFFFFFC8FFF00005515C3614329F040B1F3D3
0CFDC023D87A8514320CCFA0161BECAC2AE803FFFFFFFFFFFC7FFF00005515C3624329F040B203EB
0CFDA123D85C8514B90CCF83161BDDAC3AE803FFFFFFFFFFFC7FFF00004D15C3624329F040B1F303
0CFD9823D85785152B0CCF7A161BD9AC2AE803FFFFFFFFFFFC7FFF00004D15C3624329F040B1F31B
0CFD8523D84B8515940CCF68161BD0AC2AE803FFFFFFFFFFFC7FFF00005415C3624329F040B1F333
0CFD6123D81F85160C0CCF43161BBCAC2AE703FFFFFFFFFFFC7FFF00005615C3624329F040B1F34B
0CFD3A23D7F785167E0CCF1C161BA3AC2AE7040FFFFFFFFFFC7FFF00004F15C3624329F040B1E363
0CFD1823D7D28516DA0CCEFC161B8FAC2AE703FFFFFFFFFFFC8FFF00005515C3624329EF40B1E37B
0CFCF723D7AD85173E0CCEDB161B7BAC2AE603FFFFFFFFFFFC8FFF00005415C3624329EF40B1E393
0CFCEA23D7A88517BC0CCECE161B7BAC1AE603FFFFFFFFFFFC8FFF00005415C3624329EF40B1D3AB
0CFCE123D7A685183B0CCEC6161B7BAC1AE603FFFFFFFFFFFC8FFF00004E15C3624329EF40B1D3C3
0CFCD123D79E8518A80CCEB7161B73AC1AE603FFFFFFFFFFFC7FFF00005615C3624329EF40B1D3DB
0CFCBB23D78A8519150CCE9E161B67AC0AE603FFFFFFFFFFFC7FFF00005515C3634329EF40B1D3F3
0CFCAB23D78085198C0CCE91161B63AC0AE603FFFFFFFFFFFC7FFF00004E15C3634329EF40B1D30B
0CFC9C23D775851A090CCE82161B5FABFAE6040FFFFFFFFFFC6FFF00005315C3634329EF40B1D323
0CFC7E23D755851A700CCE64161B4BABFAE603FFFFFFFFFFFC7FFF00004D15C3634329EF40B1C33B
0CFC6F23D745851AB80CCE55161B45ABFAE503FFFFFFFFFFFC6FFF00005415C3634329EF40B1D353
0CFC6923D74A851B250CCE4F161B4AABFAE503FFFFFFFFFFFC7FFF00004C15C3634329EF40B1C36B
0CFC5D23D74C851BB60CCE43161B49ABFAE503FFFFFFFFFFFC8FFF00005515C3634329EF40B1C383
0CFC4923D73B851C3C0CCE2F161B40ABFAE503FFFFFFFFFFFC8FFF00004E15C3634329EF40B1C39B
0CFC3F23D737851CA50CCE26161B3DAC0AE503FFFFFFFFFFFC7FFF00005415C3634329EF40B1C3B3
0CFC1A23D710851D0C0CCDFE161B26AC0AE503FFFFFFFFFFFC7FFF00004C15C3634329EE40B1C3CB
0CFBF423D6E8851D7D0CCDD9161B10AC0AE403FFFFFFFFFFFC8FFF00005415C3634329EE40B1C3E3
0CFBE423D6DD851DEA0CCDCC161B0CAC0AE403FFFFFFFFFFFC7FFF00004E15C3644329EE40B1B3FB
0CFBE223D6E1851E4F0CCDCB161B0FAC0AE403FFFFFFFFFFFC7FFF00004D15C3644329EE40B1B313
0CFBDF23D6E9851EB40CCDCA161B16ABFAE403FFFFFFFFFFFC6FFF00004915C3644329EE40B1B32B
0CFBDC23D6F1851F2C0CCDC5161B1AABEAE403FFFFFFFFFFFC6FFF00004F15C3644329EE40B1B343
0CFBD223D6F0851FBA0CCDBC161B1DABEAE403FFFFFFFFFFFC6FFF00004D15C3644329EE40B1A35B
0CFBB923D6DC85203C0CCD9D161B0AABFAE403FFFFFFFFFFFC6FFF00005315C3644329EE40B1B373
0CFB9823D6B68520940CCD82161AF7AC0AE403FFFFFFFFFFFC8FFF00004C15C3644329EE40B1A38B
0CFB9023D6B48520EA0CCD79161AF8ABFAE4040FFFFFFFFFFC7FFF00005215C3644329EE40B193A3
0CFB8723D6BB8521660CCD71161AF9ABEAE403FFFFFFFFFFFC7FFF00005315C3644329EE40B1A3BB
0CFB8223D6BE8521E60CCD6C161AFCABEAE403FFFFFFFFFFFC7FFF00005515C3644329EE40B193D3
0CFB7B23D6BD8522570CCD65161AFDABEAE403FFFFFFFFFFFC7FFF00005415C3644329EE40B193EB
0CFB6B23D6B18522B40CCD56161AF6ABEAE403FFFFFFFFFFFC7FFF00004A15C3644329EE40B19303
0CFB6023D6AC85230C0CCD49161AF2ABEAE303FFFFFFFFFFFC7FFF00005115C3654329EE40B1931B
0CFB2423D6678523900CCD0D161ACEABDAE403FFFFFFFFFFFC7FFF00005315C3654329EE40B19333
0CFB0E23D65A85243A0CCCFA161AC9ABEAE403FFFFFFFFFFFC8FFF00005515C3654329EE40B1934B
0CFB0123D64E8524B20CCCED161AC2ABEAE403FFFFFFFFFFFC7FFF00005415C3654329ED40B18363
0CFAFE23D64D8524E20CCCEB161AC0ABEAE403FFFFFFFFFFFC7FFF00004E15C3654329ED40B1837B
0CFAF723D65085252A0CCCE2161AC0ABDAE303FFFFFFFFFFFC8FFF00004D15C3654329ED40B18393
0CFAE323D6438525A00CCCCE161AB9ABCAE303FFFFFFFFFFFC8FFF00005215C3654329ED40B183AB
0CFACF23D6378526370CCCBA161AB3ABCAE303FFFFFFFFFFFC8FFF00005415C3654329ED40B183C3
0CFAA823D60F8526D40CCC94161A9EABDAE203FFFFFFFFFFFC8FFF00005215C3654329ED40B183DB
0CFA8523D5EA8527410CCC73161A88ABDAE303FFFFFFFFFFFC7FFF00004C15C3654329ED40B173F3
0CFA5F23D5BA8527930CCC4B161A6EABEAE303FFFFFFFFFFFC7FFF00005015C3654329ED40B1730B
0CFA4C23D5AF8527F80CCC3A161A67ABEAE203FFFFFFFFFFFC7FFF00004A15C3654329ED40B17323
0CFA4123D5A88528690CCC2D161A65ABDAE203FFFFFFFFFFFC8FFF00005215C3664329ED40B1733B
0CFA1923D57D8528DB0CCC08161A4FABCAE103FFFFFFFFFFFC8FFF00005415C3664329ED40B16353
0CFA0423D5698529460CCBF2161A45ABCAE103FFFFFFFFFFFC7FFF00005215C3664329ED40B1636B
0CF9F923D56C8529BB0CCBE7161A44ABCAE103FFFFFFFFFFFC7FFF00004A15C3664329ED40B16383
0CF9C623D52D852A3E0CCBB5161A24ABCAE103FFFFFFFFFFFC7FFF00004F15C3664329ED40B1639B
0CF9A623D50C852AB80CCB96161A14ABCAE103FFFFFFFFFFFC8FFF00005115C3664329ED40B153B3
0CF98D23D4F7852B240CCB7D161A06ABDAE103FFFFFFFFFFFC7FFF00005215C3664329ED40B153CB
0CF97523D4DE852B8A0CCB671619F9ABEAE103FFFFFFFFFFFC7FFF00004A15C3664329ED40B153E3
0CF96223D4CF852BF10CCB531619F0ABEAE103FFFFFFFFFFFC7FFF00005215C3664329EC40B153FB
0CF94D23D4BC852C620CCB3F1619E7ABDAE103FFFFFFFFFFFC6FFF00005115C3664329EC40B15313
0CF94323D4B8852CCF0CCB341619E4ABCAE103FFFFFFFFFFFC7FFF00004915C3664329EC40B1432B
0CF93E23D4BE852D340CCB311619E8ABCAE103FFFFFFFFFFFC8FFF00005115C3664329EC40B15343
0CF93123D4B7852DB30CCB211619E4ABDAE103FFFFFFFFFFFC8FFF00004B15C3674329EC40B1535B
0CF90A23D48E852E440CCAFB1619CFABDAE103FFFFFFFFFFFC7FFF00004F15C3674329EC40B14373
0CF8FC23D48A852EBD0CCAEF1619CCABDAE0040FFFFFFFFFFC7FFF00005115C3674329EC40B1438B
0CF8F623D487852F160CCAE81619C8ABDAE003FFFFFFFFFFFC7FFF00004A15C3674329EC40B143A3
0CF8E923D482852F6D0CCADC1619C5ABCAE003FFFFFFFFFFFC7FFF00005015C3674329EC40B143BB
0CF8D123D469852FCA0CCAC41619B9ABCAE003FFFFFFFFFFFC7FFF00004915C3674329EC40B143D3
0CF8C623D46985303B0CCAB91619B8ABBAE003FFFFFFFFFFFC6FFF00004F15C3674329EC40B133EB
0CF8B123D4588530CC0CCAA31619B2ABAAE003FFFFFFFFFFFC7FFF00004915C3674329EC40B13303
0CF89023D4398531620CCA811619A0ABAAE003FFFFFFFFFFFC8FFF00005115C3674329EC40B1331B
0CF88223D42D8531CC0CCA76161999ABAADF03FFFFFFFFFFFC8FFF00005115C3674329EC40B13333
0CF87923D42885321C0CCA6D161996ABBAE0040FFFFFFFFFFC7FFF00004915C3674329EC40B1234B
0CF87723D4328532760CCA6A16199CABBAE003FFFFFFFFFFFC7FFF00004F15C3674329EC40B13363
0CF87123D43A8532EA0CCA661619A0ABAADF03FFFFFFFFFFFC6FFF00005015C3674329EC40B1237B
0CF86823D43A85336F0CCA5C1619A0AB9ADF03FFFFFFFFFFFC6FFF00004915C3684329EC40B12393
0CF85923D4328533EE0CCA4D16199AAB9ADF03FFFFFFFFFFFC8FFF00005015C3684329EC40B123AB
0CF84223D41D85345E0CCA3616198FABAADF03FFFFFFFFFFFC7FFF00004F15C3684329EC40B113C3
0CF82F23D40B8534CA0CCA23161986ABAAE0040FFFFFFFFFFC7FFF00004F15C3684329EB40B113DB
0CF82423D40885352A0CCA19161983ABBADF03FFFFFFFFFFFC8FFF00004F15C3684329EB40B113F3
0CF81323D40085359B0CCA0816197EABBADF03FFFFFFFFFFFC8FFF00004915C3684329EB40B1130B
0CF80623D3F68536210CC9FB16197DABAADF03FFFFFFFFFFFC7FFF00004F15C3684329EB40B11323
0CF80123D3FF8536990CC9F616197FABBADF03FFFFFFFFFFFC8FFF00004815C3684329EB40B1133B
0CF7FF23D4048536F70CC9F4161981ABBADF03FFFFFFFFFFFC8FFF00004F15C3684329EB40B10353
0CF7FB23D40985374D0CC9F1161983ABBADF03FFFFFFFFFFFC8FFF00004815C3684329EB40B1036B
0CF7E623D3FD8537BE0CC9DB16197CABBADF03FFFFFFFFFFFC7FFF00004715C3684329EB40B11383
0CF7DB23D3FF85384E0CC9CF16197BABBADF03FFFFFFFFFFFC7FFF00004F15C3684329EB40B1039B
0CF7D323D3FE8538D80CC9C916197DABBADF03FFFFFFFFFFFC9FFF00004F15C3684329EB40B103B3
0CF7CB23D3FA85393A0CC9C216197BABBADF03FFFFFFFFFFFC8FFF00004E15C3684329EB40B103CB
0CF7BA23D3EF85398E0CC9B1161974ABAADF03FFFFFFFFFFFC7FFF00004E15C3694329EB40B103E3
0CF7A123D3D58539F00CC998161968AB9ADF03FFFFFFFFFFFC7FFF00004F15C3694329EB40B0F3FB
0CF78523D3BE853A6B0CC97D16195CABAAE003FFFFFFFFFFFC6FFF00004F15C3694329EB40B10313
0CF77F23D3BF853AF80CC97616195FABBAE0040FFFFFFFFFFC6FFF00004915C3694329EB40B0F32B
0CF77423D3BF853B730CC96D16195DABBAE003FFFFFFFFFFFC7FFF00004515C3694329EB40B0E343
0CF77023D3C5853BCC0CC96816195CABBAE003FFFFFFFFFFFC6FFF00004E15C3694329EB40B0F35B
0CF76423D3CD853C2E0CC95C16195AABBADF03FFFFFFFFFFFC7FFF00004E15C3694329EB40B0F373
0CF75123D3CA853CA90CC949161953ABBADF03FFFFFFFFFFFC8FFF00004F15C3694329EB40B0E38B
0CF74823D3CF853D200CC942161954ABCADF03FFFFFFFFFFFC8FFF00004015C3694329EA40B0E3A3
0CF74623D3E9853D8C0CC93F161958ABCADF03FFFFFFFFFFFC7FFF00004D15C3694329EA40B0E3BB
0CF74323D3E4853E030CC93C16195DABCADF03FFFFFFFFFFFC6FFF00004D15C3694329EA40B0E3D3
0CF73323D3D7853E790CC92C161958ABCADF03FFFFFFFFFFFC6FFF00004E15C3694329EA40B0D3EB
0CF72923D3DD853EDE0CC921161954ABBADF03FFFFFFFFFFFC8FFF00004E15C36A4329EA40B0D303
0CF71B23D3DB853F460CC914161951ABAADF03FFFFFFFFFFFC8FFF00004215C36A4329EA40B0D31B
0CF71A23D3ED853FBF0CC913161959ABAADF03FFFFFFFFFFFC6FFF00004B15C36A4329EA40B0D333
0CF71123D3ED8540380CC90C161958ABAADF03FFFFFFFFFFFC7FFF00004D15C36A4329EA40B0D34B
0CF70323D3E88540A10CC8FD161953ABBADF03FFFFFFFFFFFC8FFF00004D15C36A4329EA40B0C363
0CF70123D3F48541120CC8F7161955ABBADF03FFFFFFFFFFFC8FFF00004E15C36A4329EA40B0C37B
0CF6FB23D3F885418D0CC8F416195BABBADE03FFFFFFFFFFFC7FFF00003F15C36A4329EA40B0C393
0CF6FB23D4058541F50CC8F6161961ABBADE03FFFFFFFFFFFC7FFF00004C15C36A4329EA40B0C3AB
0CF6F423D4028542590CC8ED16195FABAADE03FFFFFFFFFFFC7FFF00004D15C36A4329EA40B0C3C3
0CF6E223D3FF8542C90CC8DC16195AABAADE03FFFFFFFFFFFC7FFF00004D15C36A4329EA40B0C3DB
0CF6D723D3F88543480CC8D016195AABAADE03FFFFFFFFFFFC7FFF00004D15C36A4329EA40B0B3F3
0CF6B423D3D48543D20CC8B0161948ABAADE03FFFFFFFFFFFC8FFF00003E15C36A4329EA40B0C30B
0CF6B623D3DE85443C0CC8B4161950ABBADF03FFFFFFFFFFFC7FFF00004C15C36A4329EA40B0B323
0CF6BB23D3EB8544890CC8B8161956ABBADF03FFFFFFFFFFFC8FFF00004D15C36A4329EA40B0B33B
0CF6BD23D3FD8544E70CC8BA16195FABBADF03FFFFFFFFFFFC7FFF00004C15C36B4329E940B0B353
0CF6BB23D40585455D0CC8B5161963ABBADF03FFFFFFFFFFFC6FFF00004C15C36B4329E940B0A36B
0CF6A723D3FF8545F60CC8A016195EABCADF03FFFFFFFFFFFC6FFF00004515C36B4329E940B0A383
0CF68923D3E185468A0CC88216194CABDADF03FFFFFFFFFFFC6FFF00003F15C36B4329E940B0A39B
0CF67923D3D88546D80CC877161944ABDADF03FFFFFFFFFFFC7FFF00004C15C36B4329E940B0A3B3
0CF66C23D3D485470F0CC86716193CABDADF03FFFFFFFFFFFC8FFF00004B15C36B4329E940B093CB
0CF65423D3C98547800CC84E161935ABCADF03FFFFFFFFFFFC8FFF00004B15C36B4329E940B0A3E3
0CF63C23D3B58548180CC83816192DABBADF03FFFFFFFFFFFC9FFF00004C15C36B4329E940B093FB
0CF62E23D3B28548A40CC829161928ABCADF03FFFFFFFFFFFC7FFF00004815C36B4329E940B09313
0CF62823D3C085490F0CC823161929ABDADF03FFFFFFFFFFFC7FFF00004915C36B4329E940B0932B
0CF62423D3C58549690CC82016192AABDADF03FFFFFFFFFFFC6FFF00004B15C36B4329E940B09343
0CF61C23D3C88549CB0CC81916192CABCADE03FFFFFFFFFFFC7FFF00004415C36B4329E940B0935B
0CF61123D3C9854A3E0CC80F16192BABCADE03FFFFFFFFFFFC8FFF00004B15C36B4329E940B08373
0CF5FF23D3C0854ABA0CC7FC161924ABBADF03FFFFFFFFFFFC8FFF00004C15C36B4329E940B0838B
0CF5EB23D3B1854B390CC7E716191BABBADF03FFFFFFFFFFFC8FFF00003D15C36B4329E940B083A3
0CF5D423D3A0854BA80CC7D3161911ABBADF03FFFFFFFFFFFC8FFF00004A15C36C4329E940B083BB
0CF5CF23D3A7854C110CC7CD161912ABAADF03FFFFFFFFFFFC8FFF00004B15C36C4329E940B083D3
0CF5C523D3A7854C800CC7C2161911AB9ADF03FFFFFFFFFFFC7FFF00004C15C36C4329E940B073EB
0CF5BC23D3AC854CF00CC7BB161911AB9ADF03FFFFFFFFFFFC7FFF00004415C36C4329E940B07303
0CF5AC23D39E854D5B0CC7AA16190AAB9ADF03FFFFFFFFFFFC7FFF00004A15C36C4329E840B0731B
0CF59823D38C854DCB0CC796161901AB9ADF03FFFFFFFFFFFC8FFF00004B15C36C4329E840B06333
0CF57C23D377854E430CC77C1618F5AB9ADF03FFFFFFFFFFFC7FFF00004B15C36C4329E840B0634B
0CF57823D37C854EBF0CC7791618FAAB9ADE03FFFFFFFFFFFC8FFF00004315C36C4329E840B06363
0CF57523D383854F3C0CC7751618FDAB9ADE040FFFFFFFFFFC9FFF00004A15C36C4329E840B0637B
0CF56923D37C854FA10CC7691618F8AB9ADF040FFFFFFFFFFC9FFF00004415C36C4329E840B06393
0CF56823D384854FF20CC7681618FCAB9ADE03FFFFFFFFFFFC8FFF00004B15C36C4329E840B053AB
0CF55D23D3888550530CC75E1618FAAB9ADF03FFFFFFFFFFFC7FFF00004A15C36C4329E840B053C3
0CF55323D3808550D80CC7521618FAAB8ADE03FFFFFFFFFFFC8FFF00004A15C36C4329E840B053DB
0CF53F23D3748551750CC73E1618F5AB8ADF03FFFFFFFFFFFC8FFF00004315C36C4329E840B053F3
0CF52E23D36B8551F30CC72E1618ECAB9ADF03FFFFFFFFFFFC7FFF00004B15C36D4329E840B0530B
0CF52723D3678552340CC72A1618EAAB9ADF03FFFFFFFFFFFC6FFF00004A15C36D4329E840B04323
0CF51923D3618552800CC71A1618E6AB9ADF03FFFFFFFFFFFC8FFF00004215C36D4329E840B0433B
0CF50923D35D8553010CC7081618E1AB9ADF03FFFFFFFFFFFC7FFF00004A15C36D4329E840B04353
0CF4DD23D3318553990CC6DD1618CBAB9ADE03FFFFFFFFFFFC7FFF00004B15C36D4329E840B0436B
0CF4D423D32E85540A0CC6D71618C8AB8ADE03FFFFFFFFFFFC8FFF00004415C36D4329E840B04383
0CF4D423D3468554560CC6D61618CBAB7ADE03FFFFFFFFFFFC9FFF00004815C36D4329E840B0439B
0CF4D323D3628554B60CC6D41618D2AB7ADE03FFFFFFFFFFFC7FFF00004A15C36D4329E740B043B3
0CF4D323D37B8555390CC6D41618DBAB6ADE03FFFFFFFFFFFC7FFF00004A15C36D4329E740B033CB
0CF4CE23D3878555CB0CC6CF1618DFAB7ADE03FFFFFFFFFFFC8FFF00003C15C36D4329E740B033E3
0CF4C523D38B8556400CC6C61618DEAB8ADE03FFFFFFFFFFFC7FFF00004915C36D4329E740B033FB
0CF4C023D38E8556910CC6C41618DEAB9ADE03FFFFFFFFFFFC7FFF00004A15C36D4329E740B03313
0CF4AE23D3858556EE0CC6B11618D6AB8ADE03FFFFFFFFFFFC7FFF00004A15C36E4329E740B0232B
0CF49A23D3768557620CC69C1618D0AB8ADE03FFFFFFFFFFFC8FFF00004A15C36E4329E740B03343
0CF48823D3658557E30CC6891618CAAB7ADE03FFFFFFFFFFFC8FFF00004915C36E4329E740B0235B
0CF47523D34E8558650CC6781618C3AB8ADE03FFFFFFFFFFFC8FFF00004215C36E4329E740B02373
0CF47623D35B8558D60CC67B1618C9AB8ADE03FFFFFFFFFFFC7FFF00004915C36E4329E740B0238B
0CF47223D35E8559370CC6751618CAAB9ADE03FFFFFFFFFFFC7FFF00003B15C36E4329E740B023A3
0CF46523D35585599F0CC6661618C7AB9ADE03FFFFFFFFFFFC7FFF00004915C36E4329E740B013BB
0CF46423D364855A180CC6661618CEAB9ADE040FFFFFFFFFFC8FFF00004915C36E4329E740B013D3
0CF46223D36E855A910CC6651618D4AB9ADE03FFFFFFFFFFFC6FFF00004915C36E4329E740B013EB
0CF46223D378855B040CC6651618DAABAADE03FFFFFFFFFFFC7FFF00004315C36E4329E740B01303
0CF46123D388855B6E0CC6661618DFABAADE03FFFFFFFFFFFC7FFF00004015C36E4329E740B0031B
0CF45B23D386855BD70CC65E1618E1ABAADE03FFFFFFFFFFFC7FFF00004915C36E4329E740B00333
0CF45523D390855C4F0CC6581618E5AB9ADE03FFFFFFFFFFFC8FFF00004915C36E4329E640B0034B
0CF45423D398855CCF0CC6571618EAABAADE03FFFFFFFFFFFC8FFF00003615C36E4329E640B00363
0CF45123D39F855D3E0CC6551618EEABAADE03FFFFFFFFFFFC7FFF00004415C36E4329E640B0037B
0CF44B23D3A4855DA30CC6501618EFABAADE03FFFFFFFFFFFC6FFF00004015C36E4329E640B00393
0CF44223D3A4855E140CC6461618EFABAADE03FFFFFFFFFFFC7FFF00004815C36F4329E640B003AB
0CF43323D398855E840CC6381618EAABAADE03FFFFFFFFFFFC7FFF00004615C36F4329E640AFF3C3
0CF43123D3A1855EF00CC6361618EEABAADE03FFFFFFFFFFFC7FFF00004315C36F4329E640AFF3DB
0CF42F23D3AF855F630CC6341618F5ABAADF03FFFFFFFFFFFC8FFF00004815C36F4329E640AFE3F3
0CF42D23D3B4855FE30CC6301618F9ABAADF03FFFFFFFFFFFC8FFF00004015C36F4329E640AFE30B
0CF42523D3B78560600CC62A1618FCAB9ADF03FFFFFFFFFFFC8FFF00004815C36F4329E640AFE323
0CF41C23D3B38560C70CC61F1618F7AB9ADF03FFFFFFFFFFFC8FFF00003D15C36F4329E640AFE33B
0CF41023D3AB85611D0CC6151618F4AB9ADF03FFFFFFFFFFFC8FFF00004415C36F4329E640AFE353
0CF40D23D3B485617F0CC6131618FAAB9ADF03FFFFFFFFFFFC7FFF00003F15C36F4329E640AFE36B
0CF40A23D3BF8561FF0CC610161900AB9ADF03FFFFFFFFFFFC7FFF00004715C36F4329E640AFE383
0CF40423D3C48562930CC609161903AB9ADF03FFFFFFFFFFFC8FFF00004815C36F4329E640AFD39B
0CF3E923D3A58563060CC5F21618F6AB9ADF03FFFFFFFFFFFC8FFF00004115C36F4329E640AFD3B3
0CF3D823D39B8563530CC5DC1618E9AB9ADF03FFFFFFFFFFFC7FFF00004715C36F4329E540AFD3CB
0CF3CA23D3938563BD0CC5CD1618E6ABAADF03FFFFFFFFFFFC7FFF00004015C36F4329E540AFD3E3
0CF3AE23D3798564490CC5B41618DCABAADF03FFFFFFFFFFFC9FFF00004615C3704329E540AFC3FB
0CF39E23D36F8564CE0CC5A41618D6ABBADF03FFFFFFFFFFFC9FFF00004015C3704329E540AFC313
0CF38A23D35A85652D0CC5911618CAABBADF03FFFFFFFFFFFC7FFF00004715C3704329E540AFC32B
0CF38323D35B8565740CC5891618CAABBADF03FFFFFFFFFFFC7FFF00003F15C3704329E540AFC343
0CF37F23D3648565E10CC5871618D1ABBADF03FFFFFFFFFFFC6FFF00004615C3704329E540AFC35B
0CF37F23D3708566750CC5851618D7ABAADF03FFFFFFFFFFFC7FFF00004715C3704329E540AFC373
0CF37923D37785670B0CC57F1618DCABBADF03FFFFFFFFFFFC7FFF00003F15C3704329E540AFC38B
0CF37823D3798567740CC57E1618DEABBADF03FFFFFFFFFFFC7FFF00003F15C3704329E540AFB3A3
0CF37623D3828567C20CC57D1618E1ABBADF03FFFFFFFFFFFC7FFF00004715C3704329E540AFC3BB
0CF37123D38985681C0CC5781618E4ABAADF03FFFFFFFFFFFC7FFF00004715C3704329E540AFA3D3
0CF36F23D39585688B0CC5761618EAAB9ADE03FFFFFFFFFFFC7FFF00003F15C3704329E540AFB3EB
0CF36F23D3A48569140CC5751618F3AB9ADE03FFFFFFFFFFFC7FFF00004715C3704329E540AFA303
0CF36823D3A78569A40CC56E1618F4AB9ADF03FFFFFFFFFFFC8FFF00004515C3704329E540AFA31B
0CF36523D3AB856A060CC56D1618F4ABAADF03FFFFFFFFFFFC7FFF00004715C3704329E540AFA333
0CF35B23D3AA856A600CC5631618F6ABAADF03FFFFFFFFFFFC8FFF00004715C3704329E440AFA34B
0CF35623D3B7856AD30CC55C1618F9ABAAE003FFFFFFFFFFFC8FFF00004615C3704329E440AFA363
0CF35223D3BC856B510CC5591618FEABAADF03FFFFFFFFFFFC7FFF00003F15C3704329E440AFA37B
0CF34523D3B7856BD20CC54B1618FBABAADF03FFFFFFFFFFFC6FFF00004615C3704329E440AF9393
0CF34423D3C1856C420CC54B1618FFABBAE003FFFFFFFFFFFC6FFF00004015C3714329E440AF93AB
0CF34523D3C7856C920CC54C161903ABAADF03FFFFFFFFFFFC7FFF00004615C3714329E440AF93C3
0CF34223D3D2856CF50CC549161909ABAADF040FFFFFFFFFFC7FFF00003E15C3714329E440AF83DB
0CF33B23D3DA856D800CC54216190EABAADF03FFFFFFFFFFFC8FFF00004615C3714329E440AF83F3
0CF33423D3DB856E0B0CC53B161910ABAADF03FFFFFFFFFFFC8FFF00004615C3714329E440AF830B
0CF32F23D3DC856E800CC535161912ABAADF03FFFFFFFFFFFC8FFF00003915C3714329E440AF8323
0CF32123D3D4856EE30CC52916190CABAADF03FFFFFFFFFFFC9FFF00004415C3714329E440AF833B
0CF31E23D3DB856F3A0CC52716190FABAAE003FFFFFFFFFFFC7FFF00004615C3714329E440AF8353
0CF31C23D3E3856FA20CC525161915ABAAE003FFFFFFFFFFFC7FFF00003F15C3714329E440AF736B
0CF31223D3E085702C0CC518161915AB9AE003FFFFFFFFFFFC7FFF00004415C3714329E440AF8383
0CF30923D3E68570BC0CC511161918AB9AE003FFFFFFFFFFFC8FFF00004615C3714329E440AF739B
0CF30923D3EF8571260CC51116191CAB9AE003FFFFFFFFFFFC8FFF00003E15C3714329E440AF73B3
0CF30723D3F585717B0CC512161920AB9AE003FFFFFFFFFFFC7FFF00003E15C3714329E440AF63CB
0CF30023D3F78571E80CC509161922ABAAE003FFFFFFFFFFFC7FFF00004415C3714329E340AF63E3
0CF2FD23D4038572630CC505161927ABAAE003FFFFFFFFFFFC8FFF00004515C3714329E340AF63FB
0CF2F023D3FD8572DE0CC4F8161923ABAADF03FFFFFFFFFFFC8FFF00003E15C3714329E340AF6313
0CF2E723D3FB8573540CC4EF161923ABBAE003FFFFFFFFFFFC8FFF00004415C3714329E340AF632B
0CF2D723D3F08573C50CC4E016191EABBAE003FFFFFFFFFFFC8FFF00004015C3714329E340AF6343
0CF2D623D3FB8574340CC4DE161923ABBAE003FFFFFFFFFFFC8FFF00004515C3714329E340AF635B
0CF2D123D3FF8574A10CC4DB161926ABCAE003FFFFFFFFFFFC7FFF00004515C3724329E340AF5373
0CF2D123D4068575030CC4DA16192CABDAE003FFFFFFFFFFFC7FFF00003D15C3724329E340AF538B
0CF2D123D4168575720CC4DA161933ABDAE003FFFFFFFFFFFC7FFF00004515C3724329E340AF53A3
0CF2CD23D41E8575F80CC4D6161938ABEAE003FFFFFFFFFFFC6FFF00004515C3724329E340AF43BB
0CF2CB23D42885767E0CC4D416193EABEAE003FFFFFFFFFFFC7FFF00003D15C3724329E340AF43D3
0CF2CA23D4328576EA0CC4D4161941ABDAE003FFFFFFFFFFFC7FFF00004415C3724329E340AF43EB
0CF2C923D4378577410CC4D3161945ABDAE003FFFFFFFFFFFC7FFF00003D15C3724329E340AF4303
0CF2BF23D4318577990CC4C9161943ABDADF03FFFFFFFFFFFC9FFF00004415C3724329E340AF431B
0CF2BD23D43A8577E80CC4C6161947ABCAE003FFFFFFFFFFFC8FFF00003D15C3724329E340AF3333
0CF2B023D4318578460CC4BB161942ABCAE003FFFFFFFFFFFC6FFF00004415C3724329E340AF434B
0CF2A423D42585788A0CC4B016193CABBAE003FFFFFFFFFFFCAFFF00003C15C3724329E340AF4363
0CF29923D4218578D60CC4A516193AABBAE003FFFFFFFFFFFC7FFF00004415C3724329E340AF337B
0CF29523D41D8579230CC4A0161938ABBAE003FFFFFFFFFFFC7FFF00003615C3724329E340AF3393
0CF29423D4208579560CC4A116193DABBAE003FFFFFFFFFFFC6FFF00004415C3724329E240AF33AB
0CF29223D4298579980CC49D16193EABBAE003FFFFFFFFFFFC6FFF00003C15C3724329E240AF23C3
0CF29023D4328579FB0CC49B161944ABAAE003FFFFFFFFFFFC7FFF00004315C3724329E240AF23DB
0CF28E23D438857A680CC498161947ABAAE003FFFFFFFFFFFC8FFF00003C15C3724329E240AF23F3
0CF28D23D43D857AB30CC498161949ABBAE003FFFFFFFFFFFC8FFF00003E15C3724329E240AF230B
0CF28823D43F857AEF0CC49416194AABBAE003FFFFFFFFFFFC8FFF00004315C3724329E240AF2323
0CF28523D446857B420CC49016194FABAAE003FFFFFFFFFFFC8FFF00003B15C3734329E240AF233B
0CF27D23D44D857BBF0CC487161951ABAAE003FFFFFFFFFFFC8FFF00004315C3734329E240AF1353
0CF27823D44F857C440CC482161954ABAAE003FFFFFFFFFFFC8FFF00004415C3734329E240AF136B
0CF27623D452857CA00CC481161954ABAAE003FFFFFFFFFFFC8FFF00003C15C3734329E240AF0383
0CF27323D456857CE40CC480161957ABAAE003FFFFFFFFFFFC8FFF00003C15C3734329E240AF039B
0CF26D23D45D857D410CC47816195AABBAE003FFFFFFFFFFFC9FFF00003415C3734329E240AF03B3
0CF25523D44C857DC30CC461161950ABBAE003FFFFFFFFFFFC8FFF00004315C3734329E240AF03CB
0CF25E23D457857E0A0CC466161953ABBAE103FFFFFFFFFFFC6FFF00004315C3734329E240AF03E3
0CF26C23D46C857DF90CC46B161955ABBAE103FFFFFFFFFFFC7FFF00003B15C3734329E240AF03FB
0CF26823D462857DEB0CC46E161955ABBAE003FFFFFFFFFFFC8FFF00004315C3734329E240AF0313
0CF26423D459857DD20CC46E161956ABBAE103FFFFFFFFFFFC8FFF00004315C3734329E240AF032B
0CF26523D459857DC30CC46D161953ABBAE103FFFFFFFFFFFC8FFF00003C15C3734329E140AF0343
0CF25123D441857DE50CC45C16194AABBAE103FFFFFFFFFFFC7FFF00004215C3734329E140AEE35B
0CF24D23D440857E180CC45A16194BABBAE103FFFFFFFFFFFC6FFF00004315C3734329E140AEE373
0CF24F23D440857E150CC45C16194AABBAE003FFFFFFFFFFFC6FFF00003715C3734329E140AEE38B
0CF25823D44E857DEC0CC45E16194BABBAE003FFFFFFFFFFFC7FFF00004015C3734329E140AEE3A3
0CF25823D448857DE60CC46116194CABCAE003FFFFFFFFFFFC9FFF00003315C3734329E140AEE3BB
0CF25023D440857DFA0CC46016194CABCAE003FFFFFFFFFFFC7FFF00004115C3734329E140AEE3D3
0CF25023D43F857E090CC46016194CABCAE003FFFFFFFFFFFC7FFF00003B15C3734329E140AEE3EB
0CF25023D442857E220CC46116194EABBAE003FFFFFFFFFFFC7FFF00004215C3734329E140AEE303
0CF25423D449857E2A0CC46116194FABBAE003FFFFFFFFFFFC7FFF00004215C3734329E140AED31B
0CF25823D44F857E1A0CC46216194EABBADF03FFFFFFFFFFFC7FFF00003F15C3734329E140AED333
0CF25423D444857E150CC46316194EABAAE003FFFFFFFFFFFC7FFF00003C15C3744329E140AED34B
0CF25323D446857E110CC46016194EABAAE003FFFFFFFFFFFC7FFF00004215C3744329E140AED363
0CF25623D449857E0F0CC46016194EABAAE003FFFFFFFFFFFC7FFF00003B15C3744329E140AEC37B
0CF25023D442857E2F0CC45C16194EABAADF03FFFFFFFFFFFC8FFF00004215C3744329E140AEC393
0CF25123D44B857E520CC45F161951ABBAE003FFFFFFFFFFFC8FFF00004215C3744329E140AEC3AB
0CF25323D44E857E470CC464161952ABBAE003FFFFFFFFFFFC8FFF00003A15C3744329E140AEC3C3
0CF25523D44E857E350CC464161952ABCAE003FFFFFFFFFFFC7FFF00003B15C3744329E140AEC3DB
0CF25223D449857E360CC463161951ABCAE003FFFFFFFFFFFC8FFF00004015C3744329E140AEB3F3
0CF25523D44B857E380CC463161953ABCAE003FFFFFFFFFFFC7FFF00003A15C3744329E140AEB30B
0CF25323D44C857E430CC461161950ABCAE103FFFFFFFFFFFC8FFF00004115C3744329E040AEB323
0CF25323D44D857E480CC461161951ABBAE103FFFFFFFFFFFC7FFF00004115C3744329E040AEB33B
0CF25423D451857E4E0CC45F161951ABBAE103FFFFFFFFFFFC7FFF00004115C3744329E040AEA353
0CF25123D44D857E600CC45B161952ABBAE003FFFFFFFFFFFC8FFF00003915C3744329E040AEA36B
0CF25223D44B857E740CC45C161951ABAAE003FFFFFFFFFFFC8FFF00004115C3744329E040AEA383
0CF25223D44F857E7D0CC462161956ABAAE003FFFFFFFFFFFC7FFF00004215C3744329E040AEA39B
0CF25423D455857E690CC466161958ABAAE003FFFFFFFFFFFC6FFF00003A15C3744329E040AEA3B3
0CF25523D453857E4D0CC461161951ABAAE003FFFFFFFFFFFC8FFF00004015C3744329E040AEA3CB
0CF25423D450857E4A0CC462161953ABAADF03FFFFFFFFFFFC7FFF00004015C3744329E040AE93E3
0CF25123D44E857E6A0CC45A161952ABBADF03FFFFFFFFFFFC6FFF00003915C3744329E040AE93FB
0CF24F23D453857E970CC456161952ABBAE003FFFFFFFFFFFC8FFF00004215C3744329E040AE9313
0CF25223D453857EAB0CC45E161956ABBAE003FFFFFFFFFFFC7FFF00004115C3744329E040AE932B
0CF25323D456857E910CC463161957ABBAE003FFFFFFFFFFFC7FFF00004015C3744329E040AE8343
0CF25423D455857E630CC462161955ABBAE003FFFFFFFFFFFC8FFF00003815C3754329E040AE835B
0CF25323D457857E680CC460161955ABBAE003FFFFFFFFFFFC8FFF00003815C3754329E040AE8373
0CF24E23D455857EA90CC458161956ABBAE003FFFFFFFFFFFC7FFF00004115C3754329E040AE838B
0CF25023D455857EC30CC45D161957ABBAE003FFFFFFFFFFFC7FFF00004115C3754329E040AE83A3
0CF25023D455857E9B0CC461161956ABBAE003FFFFFFFFFFFC8FFF00003915C3754329E040AE83BB
0CF25323D461857E7F0CC461161955ABBAE003FFFFFFFFFFFC8FFF00003F15C3754329E040AE73D3
0CF25023D465857E8D0CC460161955ABBAE003FFFFFFFFFFFC7FFF00004015C3754329E040AE83EB
0CF24F23D46C857EB90CC459161956ABBAE003FFFFFFFFFFFC7FFF00003A15C3754329E040AE6303
0CF25023D474857ED60CC45B161957ABBAE003FFFFFFFFFFFC9FFF00003F15C3754329E040AE631B
0CF24F23D470857EC40CC45D161955ABBAE003FFFFFFFFFFFC7FFF00004015C3754329E040AE6333
0CF25323D476857EB20CC45F161957ABAAE003FFFFFFFFFFFC7FFF00003815C3754329DF40AE634B
0CF25223D473857EB90CC45E161956ABAAE0040FFFFFFFFFFC7FFF00003F15C3754329DF40AE6363
0CF25323D475857EBA0CC460161957ABAAE003FFFFFFFFFFFC7FFF00003215C3754329DF40AE637B
0CF25223D476857EBB0CC45E161956ABAADF03FFFFFFFFFFFC7FFF00004015C3754329DF40AE5393
0CF25123D479857ED10CC45C161956AB9ADF03FFFFFFFFFFFC8FFF00004015C3754329DF40AE53AB
0CF25123D47D857EE90CC45B161959ABAADF03FFFFFFFFFFFC8FFF00003915C3754329DF40AE63C3
0CF25023D481857EF30CC45F161959ABAAE003FFFFFFFFFFFC8FFF00003F15C3754329DF40AE53DB
0CF24F23D47D857EDF0CC45E161956AB9ADF03FFFFFFFFFFFC6FFF00003B15C3754329DF40AE43F3
0CF24F23D47D857EC60CC45D161954ABAAE003FFFFFFFFFFFC7FFF00003C15C3754329DF40AE530B
0CF24F23D484857ED90CC45B161956ABAAE003FFFFFFFFFFFC8FFF00004015C3754329DF40AE4323
0CF24F23D48A857F050CC45A161957ABBAE003FFFFFFFFFFFC8FFF00003915C3754329DF40AE433B
0CF24F23D48F857F060CC45D161959ABBAE003FFFFFFFFFFFC8FFF00003F15C3754329DF40AE4353
0CF24F23D492857EE60CC45E161955ABBAE103FFFFFFFFFFFC8FFF00003F15C3764329DF40AE436B
0CF24E23D495857EE00CC45C161957ABBAE103FFFFFFFFFFFC8FFF00003F15C3764329DF40AE3383
0CF24E23D49C857F060CC45B161958ABCAE003FFFFFFFFFFFC8FFF00003F15C3764329DF40AE439B
0CF24E23D49C857F230CC45C161958ABCAE003FFFFFFFFFFFC8FFF00003815C3764329DF40AE33B3
0CF24F23D49B857F0F0CC45D161959ABCAE003FFFFFFFFFFFC8FFF00003E15C3764329DF40AE33CB
0CF25023D49A857F040CC45E161958ABCAE003FFFFFFFFFFFC8FFF00003715C3764329DF40AE23E3
0CF24F23D499857F0B0CC45D161957ABCAE003FFFFFFFFFFFC8FFF00003F15C3764329DF40AE23FB
0CF25023D499857F0A0CC45D161959ABBAE003FFFFFFFFFFFC7FFF00003715C3764329DF40AE2313
0CF24F23D49C857F1F0CC45C16195AABBAE003FFFFFFFFFFFC7FFF00003715C3764329DF40AE232B
0CF25023D49C857F240CC45E16195AABAAE003FFFFFFFFFFFC7FFF00003015C3764329DF40AE2343
0CF25023D49B857F1D0CC45E161959ABAAE003FFFFFFFFFFFC7FFF00003E15C3764329DF40AE135B
0CF25023D4A1857F370CC45C16195CABBAE003FFFFFFFFFFFC9FFF00003E15C3764329DF40AE1373
0CF25223D4A3857F460CC45E16195DABBAE003FFFFFFFFFFFCAFFF00003E15C3764329DF40AE138B
0CF25523D4A3857F2E0CC46316195EABCAE003FFFFFFFFFFFC7FFF00003E15C3764329DE40AE03A3
0CF25423D4A4857F1E0CC46316195DABCAE003FFFFFFFFFFFC7FFF00003F15C3764329DE40AE03BB
0CF25423D4A3857F300CC462161960ABCAE003FFFFFFFFFFFC7FFF00003F15C3764329DE40AE13D3
0CF25023D4A3857F4A0CC45E16195EABCAE103FFFFFFFFFFFC7FFF00003E15C3764329DE40AE03EB
0CF25023D4A6857F530CC45E16195CABCAE103FFFFFFFFFFFC7FFF00003E15C3764329DE40AE0303
0CF25223D4A6857F510CC46116195FABCAE103FFFFFFFFFFFC8FFF00003615C3764329DE40AE031B
0CF25223D4A5857F4F0CC46016195FABCAE103FFFFFFFFFFFC8FFF00003615C3764329DE40AE0333
0CF25123D4A6857F520CC460161960ABDAE103FFFFFFFFFFFC8FFF00002F15C3764329DE40AE034B
0CF24F23D4A2857F500CC45E16195DABDAE003FFFFFFFFFFFC8FFF00003D15C3764329DE40AE0363
0CF25123D4A3857F540CC45F16195FABCAE003FFFFFFFFFFFC8FFF00003515C3764329DE40ADF37B
0CF25023D4A3857F670CC45E161960ABCAE003FFFFFFFFFFFC9FFF00003D15C3764329DE40ADE393
0CF24F23D4A8857F7A0CC45E161960ABCAE103FFFFFFFFFFFC7FFF00003E15C3774329DE40ADE3AB
0CF25023D4A4857F730CC46016195FABCAE003FFFFFFFFFFFC7FFF00003615C3774329DE40ADE3C3
0CF24F23D4A1857F5F0CC46016195EABCAE103FFFFFFFFFFFC7FFF00003D15C3774329DE40ADE3DB
0CF24E23D49D857F5A0CC45E16195EABCAE103FFFFFFFFFFFC7FFF00003D15C3774329DE40ADE3F3
0CF24F23D49F857F5A0CC45E16195FABCAE103FFFFFFFFFFFC8FFF00003615C3774329DE40ADE30B
0CF24F23D49D857F560CC45F16195EABCAE003FFFFFFFFFFFC8FFF00003615C3774329DE40ADE323
0CF25023D4A0857F5A0CC45F161960ABCAE003FFFFFFFFFFFC8FFF00003E15C3774329DE40ADD33B
0CF25023D49D857F520CC46116195CABCAE003FFFFFFFFFFFC8FFF00003D15C3774329DE40ADD353
0CF25623D49F857F210CC46616195EABCAE003FFFFFFFFFFFC8FFF00003C15C3774329DD40ADD36B
0CF25323D49B857F040CC46216195CABDAE003FFFFFFFFFFFC8FFF00003515C3774329DD40ADC383
0CF25423D4A3857F230CC46116195DABDAE003FFFFFFFFFFFC8FFF00003D15C3774329DE40ADC39B
0CF25423D4A0857F2D0CC46416195FABCAE003FFFFFFFFFFFC8FFF00003715C3774329DD40ADC3B3
0CF25723D49E857EF60CC46716195BABCAE003FFFFFFFFFFFC7FFF00003C15C3774329DD40ADC3CB
0CF25423D49A857EC80CC463161959ABDAE003FFFFFFFFFFFC7FFF00003C15C3774329DD40ADC3E3
0CF25323D498857ECC0CC46316195AABDAE003FFFFFFFFFFFC8FFF00003C15C3774329DD40ADC3FB
0CF25423D497857EC30CC46516195AABCAE003FFFFFFFFFFFC7FFF00003915C3774329DD40ADC313
0CF25523D497857EAC0CC465161958ABCAE003FFFFFFFFFFFC7FFF00003815C3774329DD40ADB32B
0CF25623D497857EA00CC466161959ABCAE003FFFFFFFFFFFC7FFF00003C15C3774329DD40ADA343
0CF25F23D498857E790CC46F16195AABBAE003FFFFFFFFFFFC7FFF00003415C3774329DD40ADB35B
0CF26723D4A2857E460CC47516195DABBAE003FFFFFFFFFFFC7FFF00003B15C3774329DD40ADA373
0CF26723D49E857E270CC47716195DABBAE003FFFFFFFFFFFC8FFF00003415C3774329DD40ADA38B
0CF26623D49D857E0B0CC47816195CABAAE003FFFFFFFFFFFC8FFF00003415C3784329DD40ADA3A3
0CF26B23D49F857DEB0CC47A16195DABAAE003FFFFFFFFFFFC8FFF00003C15C3784329DD40ADA3BB
0CF26B23D49B857DCB0CC47B16195DABAAE003FFFFFFFFFFFC8FFF00003B15C3784329DD40ADA3D3
0CF26A23D498857DB60CC47B161959ABBAE003FFFFFFFFFFFC7FFF00003C15C3784329DD40ADA3EB
0CF26C23D492857D9C0CC47B161959ABBAE003FFFFFFFFFFFC8FFF00002F15C3784329DD40ADA303
0CF26E23D490857D670CC47D161955ABCAE003FFFFFFFFFFFC8FFF00003915C3784329DD40AD931B
0CF26C23D48A857D330CC47B161951ABCAE003FFFFFFFFFFFC7FFF00003B15C3784329DD40AD8333
0CF26B23D486857D190CC47A161950ABBAE003FFFFFFFFFFFC7FFF00003315C3784329DD40AD834B
0CF26C23D483857CFB0CC47A16194FABBAE003FFFFFFFFFFFC8FFF00003B15C3784329DD40AD8363
0CF26B23D483857CD80CC47C16194FABAAE003FFFFFFFFFFFC8FFF00003B15C3784329DD40AD837B
0CF26C23D484857CC50CC47C16194CABAAE003FFFFFFFFFFFC7FFF00003315C3784329DC40AD8393
0CF27023D481857CA20CC47F16194CABBADF03FFFFFFFFFFFC7FFF00003B15C3784329DC40AD83AB
0CF27223D47F857C6B0CC48216194BABBAE003FFFFFFFFFFFC8FFF00003B15C3784329DC40AD83C3
0CF27123D47E857C430CC48116194AABBAE003FFFFFFFFFFFC8FFF00003B15C3784329DC40AD83DB
0CF27523D47D857C2A0CC48516194BABCADF03FFFFFFFFFFFC9FFF00003B15C3784329DC40AD73F3
0CF27C23D484857C040CC48B16194DABCAE003FFFFFFFFFFFC8FFF00002C15C3784329DC40AD730B
0CF27E23D483857BD40CC48D16194BABCAE003FFFFFFFFFFFC7FFF00003A15C3784329DC40AD6323
0CF27C23D47B857BB00CC48D16194AABBADF03FFFFFFFFFFFC7FFF00003315C3784329DC40AD633B
0CF27D23D47C857B990CC48D161949ABAAE003FFFFFFFFFFFC8FFF00003A15C3794329DC40AD6353
0CF28023D479857B700CC48E161946ABAAE003FFFFFFFFFFFC7FFF00003B15C3794329DC40AD636B
0CF28023D473857B440CC48F161945AB9AE003FFFFFFFFFFFC7FFF00003315C3794329DC40AD6383
0CF28223D472857B190CC491161943ABAADF03FFFFFFFFFFFC7FFF00003A15C3794329DC40AD639B
0CF28223D46C857ADA0CC492161940ABAADF03FFFFFFFFFFFC8FFF00003315C3794329DC40AD63B3
0CF28223D464857A8B0CC49116193AABBADF03FFFFFFFFFFFC7FFF00003815C3794329DC40AD53CB
0CF28223D45E857A4E0CC48F161936ABBADF03FFFFFFFFFFFC6FFF00003A15C3794329DC40AD53E3
0CF27E23D45B857A3C0CC48E161937ABAADF03FFFFFFFFFFFC8FFF00002B15C3794329DC40AD53FB
0CF28223D453857A160CC490161934ABAADF03FFFFFFFFFFFC8FFF00003815C3794329DC40AD4313
0CF28023D44B8579BD0CC48D16192EABAADF03FFFFFFFFFFFC7FFF00003A15C3794329DB40AD532B
0CF28023D4418579560CC48E16192AABAADF03FFFFFFFFFFFC8FFF00003215C3794329DB40AD4343
0CF28223D4388578FA0CC490161922ABAADF03FFFFFFFFFFFC8FFF00003A15C3794329DB40AD435B
0CF28223D4328578BA0CC49016191FABAADF03FFFFFFFFFFFC8FFF00003215C3794329DB40AD4373
0CF28423D43085788F0CC49116191EABBADF03FFFFFFFFFFFC8FFF00003815C3794329DB40AD438B
0CF28823D43185784A0CC49416191EABBADF03FFFFFFFFFFFC7FFF00003315C3794329DB40AD43A3
0CF28F23D4358577DA0CC49B16191EABCADF03FFFFFFFFFFFC7FFF00003915C37A4329DB40AD23BB
0CF29923D4328577620CC4A716191FABCADE03FFFFFFFFFFFC7FFF00003115C37A4329DB40AD33D3
0CF2A323D4368577140CC4B1161920ABBADF03FFFFFFFFFFFC7FFF00003915C37A4329DB40AD23EB
0CF2AC23D43B8576DC0CC4BA161922ABBADF03FFFFFFFFFFFC8FFF00002415C37A4329DB40AD2303
0CF2B523D4418576810CC4C1161926ABAADE03FFFFFFFFFFFC7FFF00003915C37A4329DB40AD231B
0CF2B923D43D85760C0CC4C5161923ABAADF03FFFFFFFFFFFC7FFF00003915C37A4329DB40AD2333
0CF2BA23D42F8575960CC4C916191DABAADF03FFFFFFFFFFFC8FFF00003915C37A4329DB40AD234B
0CF2C223D4318575390CC4CF16191CABAADF03FFFFFFFFFFFC8FFF00003915C37A4329DB40AD1363
0CF2C423D4298574E10CC4D1161919ABAADF03FFFFFFFFFFFC8FFF00003115C37A4329DA40AD137B
0CF2C623D42385747F0CC4D3161915ABAADF03FFFFFFFFFFFC7FFF00003815C37A4329DA40AD1393
0CF2CB23D4208574270CC4D9161914ABAADF03FFFFFFFFFFFC7FFF00003115C37A4329DA40AD13AB
0CF2CF23D4208573C80CC4DC161913ABAADF03FFFFFFFFFFFC7FFF00003915C37A4329DA40AD03C3
0CF2D323D4188573500CC4DF16190FABAADF03FFFFFFFFFFFC7FFF00003815C37B4329DA40AD03DB
0CF2D623D40C8572CB0CC4E316190BABAADE03FFFFFFFFFFFC7FFF00003115C37B4329DA40AD03F3
0CF2E923D4198572560CC4F6161910ABAADE03FFFFFFFFFFFC8FFF00003115C37B4329DA40AD030B
0CF2EE23D4178571FF0CC4FD16190EABAADE03FFFFFFFFFFFC6FFF00003715C37B4329DA40AD0323
0CF2F123D4108571AF0CC4FE16190BABAADE03FFFFFFFFFFFC6FFF00003815C37B4329DA40AD033B
0CF2F423D40985714A0CC50016190AABBADF03FFFFFFFFFFFC7FFF00003215C37B4329DA40AD0353
0CF2FF23D40F8570C90CC509161909ABAADF03FFFFFFFFFFFC8FFF00003715C37B4329DA40AD036B
0CF30323D40685703F0CC50E161904ABAADF03FFFFFFFFFFFC8FFF00003815C37B4329DA40AD0383
0CF30523D3F7856FC70CC5121618FEAB9ADF03FFFFFFFFFFFC6FFF00003015C37B4329D940AD039B
0CF30623D3F0856F750CC5151618FAAB9ADF03FFFFFFFFFFFC7FFF00003715C37B4329D940ACE3B3
0CF30823D3ED856F200CC5141618F7AB9ADF03FFFFFFFFFFFC7FFF00003015C37B4329D940ACE3CB
0CF30923D3E1856E9A0CC5131618F3ABAADF03FFFFFFFFFFFC7FFF00003815C37B4329D940ACE3E3
0CF30E23D3DC856E090CC51C1618EFABAADF03FFFFFFFFFFFC8FFF00002815C37C4329D940ACE3FB
0CF31923D3DA856D970CC52A1618F1ABAADE03FFFFFFFFFFFC8FFF00003715C37C4329D940ACE313
0CF32123D3DA856D3B0CC52F1618EEABBADE03FFFFFFFFFFFC8FFF00003015C37C4329D940ACE32B
0CF32123D3CE856CD60CC5301618EAABBADE03FFFFFFFFFFFC8FFF00003715C37C4329D940ACD343
0CF32623D3CC856C5B0CC5391618EDABCADE03FFFFFFFFFFFC9FFF00003715C37C4329D940ACD35B
0CF34223D3E2856BD90CC5511618F8ABBADE03FFFFFFFFFFFC8FFF00003715C37C4329D940ACC373
0CF34B23D3E4856B5E0CC55B1618F6ABAADE03FFFFFFFFFFFC7FFF00002815C37C4329D940ACC38B
0CF35923D3EA856AEF0CC5661618F8ABAADE03FFFFFFFFFFFC8FFF00002815C37C4329D940ACC3A3
0CF35C23D3E1856A800CC5681618F4AB9ADE03FFFFFFFFFFFC8FFF00003615C37C4329D940ACB3BB
0CF35C23D3D58569FA0CC56A1618EFABAADE03FFFFFFFFFFFC8FFF00003715C37C4329D840ACC3D3
0CF36823D3D48569740CC5761618EDAB9ADE03FFFFFFFFFFFC7FFF00003715C37C4329D840ACC3EB
0CF36C23D3CF85690F0CC5821618F0ABAADE03FFFFFFFFFFFC7FFF00003715C37D4329D840ACB303
0CF37C23D3DC8568AF0CC58B1618F1ABAADE03FFFFFFFFFFFC8FFF00003715C37D4329D840ACB31B
0CF37F23D3D48568330CC58C1618EEABAADE03FFFFFFFFFFFC7FFF00002F15C37D4329D840ACB333
0CF37E23D3C48567B40CC58C1618E6ABBADE03FFFFFFFFFFFC7FFF00002F15C37D4329D840ACB34B
0CF37F23D3B38567350CC5891618DEABBADE03FFFFFFFFFFFC8FFF00003615C37D4329D840ACA363
0CF37D23D3A48566B50CC5891618D6ABBADE03FFFFFFFFFFFC8FFF00003715C37D4329D840ACA37B
0CF37E23D39A85664A0CC58A1618CDABAADE03FFFFFFFFFFFC8FFF00002F15C37D4329D840ACA393
0CF37F23D3938565E40CC58A1618C9ABAADE03FFFFFFFFFFFC7FFF00003715C37D4329D840ACA3AB
0CF38723D38F8565680CC5941618CBABAADD03FFFFFFFFFFFC8FFF00002E15C37D4329D840ACA3C3
0CF39323D3958564E40CC5A41618CFAB9ADE03FFFFFFFFFFFC7FFF00003615C37D4329D840ACA3DB
0CF3AA23D3A485646C0CC5B71618D6AB9ADE03FFFFFFFFFFFC7FFF00003615C37D4329D840AC93F3
0CF3B023D3A08563F70CC5B91618D2AB8ADE03FFFFFFFFFFFC7FFF00003715C37E4329D840AC930B
0CF3B623D39C8563790CC5C11618D0AB9ADD03FFFFFFFFFFFC8FFF00003615C37E4329D740AC9323
0CF3BB23D3978562F80CC5C91618CFAB8ADD03FFFFFFFFFFFC8FFF00002E15C37E4329D740AC833B
0CF3C423D3988562880CC5CF1618CBAB8ADD03FFFFFFFFFFFC8FFF00003615C37E4329D740AC8353
0CF3C623D38D85621E0CC5D11618C8AB7ADD03FFFFFFFFFFFC7FFF00002E15C37E4329D740AC836B
0CF3DB23D39E8561990CC5ED1618D8AB8ADD03FFFFFFFFFFFC7FFF00003615C37E4329D740AC8383
0CF3F823D3B785610F0CC6031618E1AB8ADD03FFFFFFFFFFFC7FFF00002715C37E4329D740AC839B
0CF3FE23D3B08560900CC6071618DCAB9ADD03FFFFFFFFFFFC8FFF00003615C37E4329D740AC83B3
0CF3FE23D3A48560100CC6071618D5AB9ADD03FFFFFFFFFFFC9FFF00003615C37E4329D740AC83CB
0CF3FD23D395855F9C0CC6071618CCABAADD03FFFFFFFFFFFC8FFF00002E15C37E4329D740AC73E3
0CF40323D393855F370CC60D1618C9ABAADD03FFFFFFFFFFFC8FFF00003615C37E4329D740AC73FB
0CF40823D391855EC80CC6131618CBAB9ADD03FFFFFFFFFFFC7FFF00002E15C37E4329D740AC7313
0CF41423D395855E3D0CC6211618CFAB9ADD03FFFFFFFFFFFC7FFF00002E15C37E4329D740AC632B
0CF42F23D3A3855D9D0CC6381618D8AB9ADD03FFFFFFFFFFFC7FFF00003615C37F4329D740AC6343
0CF43423D39D855D160CC6411618D2AB9ADD03FFFFFFFFFFFC7FFF00002E15C37F4329D640AC635B
0CF43A23D399855CBC0CC6441618CFAB9ADD03FFFFFFFFFFFC7FFF00003615C37F4329D640AC6373
0CF43D23D396855C650CC6461618CAAB9ADD03FFFFFFFFFFFC8FFF00003615C37F4329D640AC638B
0CF43923D387855BE70CC6441618C6AB9ADD03FFFFFFFFFFFC8FFF00002D15C37F4329D640AC63A3
0CF44523D385855B4D0CC6501618C7AB9ADE03FFFFFFFFFFFC7FFF00003515C37F4329D640AC53BB
0CF45023D381855AB80CC6591618C2AB9ADE03FFFFFFFFFFFC7FFF00003515C37F4329D640AC43D3
0CF45623D37A855A4D0CC65F1618C1AB9ADE03FFFFFFFFFFFC7FFF00003515C37F4329D640AC43EB
0CF45923D3778559F10CC6631618BBAB9ADE03FFFFFFFFFFFC7FFF00003515C37F4329D640AC4303
0CF45C23D3728559790CC6671618BCAB9ADE03FFFFFFFFFFFC7FFF00002D15C37F4329D640AC431B
0CF47223D3818558EA0CC6821618CBAB9ADD03FFFFFFFFFFFC8FFF00003515C37F4329D640AC4333
0CF48C23D39885585C0CC6971618CFAB8ADD03FFFFFFFFFFFC8FFF00003515C37F4329D640AC434B
0CF49523D3958557E60CC69D1618CCAB8ADD03FFFFFFFFFFFC7FFF00003515C37F4329D640AC4363
0CF4AB23D3AC8557830CC6B21618D5AB8ADD03FFFFFFFFFFFC7FFF00002D15C37F4329D640AC337B
0CF4B623D3B18557180CC6C41618DFAB8ADD03FFFFFFFFFFFC8FFF00002D15C37F4329D640AC3393
0CF4B523D3A38556980CC6C71618DBAB9ADD03FFFFFFFFFFFC8FFF00002E15C3804329D640AC23AB
0CF4C823D3AB8556080CC6D01618DBAB9ADD03FFFFFFFFFFFC8FFF00003315C3804329D540AC23C3
0CF4CA23D39D8555820CC6CF1618D0AB9ADE03FFFFFFFFFFFC8FFF00002D15C3804329D540AC23DB
0CF4C923D38F85550E0CC6CF1618C9AB9ADE03FFFFFFFFFFFC8FFF00003415C3804329D540AC23F3
0CF4D323D39485549A0CC6DA1618CBAB9ADE03FFFFFFFFFFFC8FFF00003415C3804329D540AC230B
0CF4D923D39185541F0CC6E31618CBAB9ADD03FFFFFFFFFFFC8FFF00003415C3804329D540AC2323
0CF4E723D3958553A00CC6F01618CEAB9ADE03FFFFFFFFFFFC8FFF00003415C3804329D540AC233B
0CF50223D3AC8553200CC7091618DCAB9ADD03FFFFFFFFFFFC8FFF00002515C3804329D540AC2353
0CF52023D3C98552A60CC7271618EAABAADD03FFFFFFFFFFFC8FFF00003415C3804329D540AC136B
0CF52723D3C78552310CC72C1618E7ABAADD03FFFFFFFFFFFC8FFF00003415C3804329D540AC1383
0CF53523D3CF8551B80CC73C1618ECABAADD03FFFFFFFFFFFC7FFF00003415C3804329D540AC039B
0CF54E23D3E68551320CC7581618FAAB9ADD03FFFFFFFFFFFC7FFF00003415C3804329D540AC03B3
0CF56123D3EE8550A80CC7651618FCABAADD03FFFFFFFFFFFC7FFF00003315C3804329D540AC03CB
0CF56223D3E285502F0CC7671618F7ABAADD03FFFFFFFFFFFC7FFF00003415C3804329D540AC03E3
0CF56723D3DE854FC60CC76D1618F2ABAADD03FFFFFFFFFFFC7FFF00002C15C3804329D540AC03FB
0CF56723D3D4854F550CC76F1618F3ABAADD03FFFFFFFFFFFC8FFF00003415C3804329D540AC0313
0CF57223D3D6854ED50CC77A1618F2ABAADE03FFFFFFFFFFFC8FFF00002B15C3804329D440ABF32B
0CF57C23D3D4854E500CC7811618F0ABAADE03FFFFFFFFFFFC8FFF00003315C3804329D440ABE343
0CF58A23D3D9854DC70CC7931618F6ABAADE03FFFFFFFFFFFC8FFF00003415C3814329D440ABE35B
0CF59E23D3E6854D490CC7A31618FAABAADE03FFFFFFFFFFFC8FFF00003115C3814329D440ABE373
0CF5A423D3E3854CDC0CC7A81618F6ABBADE03FFFFFFFFFFFC8FFF00002915C3814329D440ABE38B
0CF5AD23D3E5854C6F0CC7B21618F8ABBADE03FFFFFFFFFFFC8FFF00003115C3814329D440ABE3A3
0CF5BF23D3F2854BE80CC7C8161905ABAADE03FFFFFFFFFFFC6FFF00002B15C3814329D440ABE3BB
0CF5DF23D40A854B540CC7E4161910ABAADE03FFFFFFFFFFFC6FFF00003315C3814329D440ABE3D3
0CF5EA23D40E854ADC0CC7EF16190FABBADE03FFFFFFFFFFFC7FFF00003315C3814329D440ABD3EB
0CF5EC23D408854A860CC7F016190BABBADE03FFFFFFFFFFFC7FFF00003315C3814329D440ABD303
0CF5E923D3F8854A170CC7EE161904ABBADE03FFFFFFFFFFFC7FFF00003315C3814329D440ABE31B
0CF5E923D3EB8549890CC7EF161900ABAADD03FFFFFFFFFFFC7FFF00003315C3814329D440ABC333
0CF60423D3FF8548F20CC80A16190AABAADD03FFFFFFFFFFFC8FFF00002B15C3814329D440ABC34B
0CF61423D40685486A0CC81716190CABAADE03FFFFFFFFFFFC9FFF00002B15C3814329D440ABC363
0CF61D23D4078547F50CC81F161909ABAADD03FFFFFFFFFFFC9FFF00003315C3814329D440ABC37B
0CF62323D4068547980CC827161908ABAADD03FFFFFFFFFFFC8FFF00003315C3814329D440ABC393
0CF62923D4068547350CC82C161908AB9ADE03FFFFFFFFFFFC8FFF00002B15C3814329D440ABC3AB
0CF62323D3F08546B20CC82C161902ABAADE03FFFFFFFFFFFC8FFF00002B15C3814329D440ABC3C3
0CF63223D3F285461E0CC833161901ABAADE03FFFFFFFFFFFC7FFF00003315C3814329D340ABB3DB
0CF63523D3E385458B0CC8361618F8ABAADE03FFFFFFFFFFFC7FFF00003215C3814329D340ABB3F3
0CF65123D3FF8545100CC856161909ABAADE03FFFFFFFFFFFC8FFF00003215C3814329D340ABC30B
0CF65323D3F48544B90CC857161903ABAADE03FFFFFFFFFFFC8FFF00003215C3814329D340ABA323
0CF65623D3F58544490CC858161901ABAADE03FFFFFFFFFFFC8FFF00002B15C3814329D340ABA33B
0CF65F23D3F18543B70CC85F1618FFAB9ADD03FFFFFFFFFFFC8FFF00002A15C3814329D340ABA353
0CF67A23D40685432F0CC87F16190FAB8ADD03FFFFFFFFFFFC8FFF00002B15C3814329D340ABA36B
0CF69923D4298542C50CC89E16191EAB8ADD03FFFFFFFFFFFC7FFF00003115C3814329D340ABA383
0CF6B123D43B8542550CC8B216192AABAADD03FFFFFFFFFFFC7FFF00003215C3824329D340AB939B
0CF6AD23D4268541D50CC8BD16192BABBADD03FFFFFFFFFFFC7FFF00002A15C3824329D340ABA3B3
0CF6D223D44E8541510CC8D3161934ABBADD03FFFFFFFFFFFC7FFF00003215C3824329D340AB93CB
0CF6DD23D4548540D50CC8DD161934ABBADD03FFFFFFFFFFFC7FFF00003215C3824329D340AB93E3
0CF6F223D46285405A0CC8F316193FABBADE03FFFFFFFFFFFC6FFF00003215C3824329D340AB83FB
0CF6F923D45F853FE00CC8F816193BABAADE03FFFFFFFFFFFC6FFF00003215C3824329D340AB8313
0CF6F923D450853F690CC8F9161934ABAADE03FFFFFFFFFFFC7FFF00002A15C3824329D340AB832B
0CF6FA23D44B853EFD0CC8FA16192FABAADD03FFFFFFFFFFFC7FFF00002A15C3824329D340AB8343
0CF6FF23D440853E800CC8FC16192BAB9ADD03FFFFFFFFFFFC7FFF00003115C3824329D340AB835B
0CF70423D43A853DF00CC902161927AB9ADE03FFFFFFFFFFFC7FFF00003115C3824329D340AB8373
0CF70F23D43A853D6E0CC91016192AAB8ADD03FFFFFFFFFFFC8FFF00003115C3824329D340AB738B
0CF71523D435853D0D0CC915161926AB7ADE03FFFFFFFFFFFC8FFF00003115C3824329D340AB73A3
0CF71423D42C853C9F0CC915161920AB7ADE03FFFFFFFFFFFC8FFF00002A15C3824329D340AB63BB
0CF71323D41C853C190CC91616191BAB7ADE03FFFFFFFFFFFC8FFF00003115C3824329D240AB73D3
0CF72D23D42F853B8B0CC92F161928AB8ADE03FFFFFFFFFFFC6FFF00002915C3824329D240AB73EB
0CF74223D444853B120CC94516192DAB8ADE03FFFFFFFFFFFC6FFF00003115C3824329D240AB6303
0CF75023D44A853AAD0CC94E16192EAB9ADE03FFFFFFFFFFFC7FFF00002315C3824329D240AB631B
0CF75423D441853A390CC95216192CAB9ADE03FFFFFFFFFFFC8FFF00003015C3824329D240AB6333
0CF76E23D4588539A60CC97216193EABAADE03FFFFFFFFFFFC7FFF00003015C3824329D240AB534B
0CF78C23D4758539230CC98D161948ABAADE03FFFFFFFFFFFC7FFF00003015C3824329D240AB5363
0CF79323D4718538C50CC995161946ABAADE03FFFFFFFFFFFC8FFF00003115C3824329D240AB537B
0CF79C23D47785385E0CC99B161945ABBADD03FFFFFFFFFFFC8FFF00002215C3824329D240AB4393
0CF79523D45E8537D80CC999161940ABBADE03FFFFFFFFFFFC8FFF00003015C3824329D240AB43AB
0CF7A323D4618537470CC9A116193FABAADE03FFFFFFFFFFFC7FFF00003015C3824329D240AB43C3
0CF7A823D4588536B50CC9A6161938AB9ADE03FFFFFFFFFFFC8FFF00002815C3824329D240AB43DB
0CF7AA23D44E85363E0CC9A7161932ABAADE03FFFFFFFFFFFC8FFF00002815C3824329D240AB43F3
0CF7AC23D4438535E50CC9AB16192FAB9ADE03FFFFFFFFFFFC7FFF00003015C3824329D240AB430B
0CF7B723D44E8535820CC9B316192FABAADE03FFFFFFFFFFFC7FFF00002515C3824329D240AB3323
0CF7C323D44E8535030CC9CA16193CABAADF03FFFFFFFFFFFC7FFF00002715C3824329D240AB433B
0CF7DF23D46985346E0CC9E3161948ABBADE03FFFFFFFFFFFC7FFF00002F15C3834329D140AB3353
0CF7F423D4748533E20CC9F0161947ABAADF03FFFFFFFFFFFC8FFF00002815C3834329D140AB236B
0CF7FD23D4758533710CC9FC161947ABBADE03FFFFFFFFFFFC7FFF00002815C3834329D140AB3383
0CF80723D4798533020CCA03161949ABBADE03FFFFFFFFFFFC7FFF00003015C3834329D140AB239B
0CF80823D46C85328A0CCA0B161947ABBADE03FFFFFFFFFFFC8FFF00002A15C3834329D140AB23B3
0CF81423D4718532190CCA15161947ABBADF03FFFFFFFFFFFC8FFF00002C15C3834329D140AB23CB
0CF82223D47A8531A80CCA1E16194BABAADE03FFFFFFFFFFFC8FFF00002815C3834329D140AB23E3
0CF85423D4B08531210CCA5316196DABAADE03FFFFFFFFFFFC7FFF00002F15C3834329D140AB13FB
0CF87123D4CA8530960CCA6C161978ABBADE03FFFFFFFFFFFC7FFF00002F15C3834329D140AB1313
0CF87823D4C78530180CCA72161973ABBADE03FFFFFFFFFFFC7FFF00002815C3834329D140AB132B
0CF87F23D4C5852FA30CCA79161972ABCADE03FFFFFFFFFFFC7FFF00002715C3834329D140AB1343
0CF88A23D4CC852F370CCA85161975ABCADE03FFFFFFFFFFFC7FFF00002715C3834329D140AB035B
0CF8A623D4E4852ECA0CCAA3161984ABCADE03FFFFFFFFFFFC7FFF00002E15C3834329D140AB0373
0CF8B323D4EC852E4A0CCAB216198BABCADF03FFFFFFFFFFFC6FFF00002F15C3834329D140AB038B
0CF8CB23D4FC852DC20CCACD161998ABCADF03FFFFFFFFFFFC6FFF00002715C3834329D140AB03A3
0CF8EA23D51C852D4E0CCAE51619A2ABBADF03FFFFFFFFFFFC6FFF00002715C3834329D140AB03BB
0CF8FD23D52E852CDA0CCAF41619A7ABBADF03FFFFFFFFFFFC7FFF00002E15C3834329D140AB03D3
0CF91423D53F852C510CCB111619B7ABBADF03FFFFFFFFFFFC8FFF00002F15C3834329D140AB03EB
0CF93223D559852BCB0CCB2A1619C1ABBADF03FFFFFFFFFFFC8FFF00002E15C3844329D140AAE303
0CF94623D56A852B560CCB421619CDABBADF03FFFFFFFFFFFC8FFF00002E15C3844329D040AAE31B
0CF96E23D598852AED0CCB6A1619E3ABBADF03FFFFFFFFFFFC7FFF00002E15C3844329D040AB0333
0CF97F23D5A7852A810CCB781619EAABBADF03FFFFFFFFFFFC8FFF00002115C3844329D040AAE34B
0CF99623D5BC8529FC0CCB911619F8ABCADF03FFFFFFFFFFFC8FFF00002D15C3844329D040AAE363
0CF9D023D5FE85296C0CCBD0161A1FABCADF03FFFFFFFFFFFC7FFF00002615C3844329D040AAE37B
0CF9F123D6198528F20CCBE7161A2AABCADF03FFFFFFFFFFFC7FFF00002E15C3844329D040AAE393
0CFA0023D62385287F0CCBF4161A2EABCADF03FFFFFFFFFFFC7FFF00002E15C3844329D040AAE3AB
0CFA2923D65885280E0CCC22161A4AABCADF03FFFFFFFFFFFC7FFF00002615C3844329D040AAD3C3
0CFA3D23D6658527940CCC39161A55ABBAE003FFFFFFFFFFFC8FFF00002C15C3844329D040AAC3DB
0CFA4E23D67085270D0CCC41161A56ABBAE003FFFFFFFFFFFC7FFF00002E15C3844329D040AAD3F3
0CFA6423D67F8526890CCC5E161A62ABBAE003FFFFFFFFFFFC7FFF00002D15C3844329D040AAC30B
0CFA7623D68D8526240CCC6B161A64ABCAE003FFFFFFFFFFFC8FFF00002E15C3844329D040AAC323
0CFA9223D6B08525C30CCC84161A74ABDAE003FFFFFFFFFFFC7FFF00002615C3844329D040AAC33B
0CFABD23D6DF8525310CCCC3161AA0ABEAE003FFFFFFFFFFFC7FFF00002515C3844329D040AAC353
0CFAF223D7168524960CCCEB161AB3ABEAE003FFFFFFFFFFFC8FFF00002515C3844329D040AAC36B
0CFB0323D7218524260CCCF8161AB4ABFAE003FFFFFFFFFFFC7FFF00002D15C3844329D040AAB383
0CFB1323D72F8523BA0CCD06161AB9ABFAE103FFFFFFFFFFFC8FFF00002615C3854329D040AAB39B
0CFB1023D71E85233C0CCD0A161AB8ABFAE103FFFFFFFFFFFC8FFF00002D15C3854329D040AAA3B3
0CFB4C23D7658522C40CCD47161ADFABFAE103FFFFFFFFFFFC7FFF00002D15C3854329CF40AAA3CB
0CFB6A23D78285225B0CCD5C161AEAABFAE103FFFFFFFFFFFC7FFF00002D15C3854329CF40AAA3E3
0CFB7C23D7928521E20CCD6D161AF1ABFAE103FFFFFFFFFFFC8FFF00002D15C3854329CF40AAA3FB
0CFB7E23D7858521530CCD70161AEBABFAE103FFFFFFFFFFFC8FFF00002515C3854329CF40AAA313
0CFB8623D77E8520C50CCD76161AE7ABFAE203FFFFFFFFFFFC8FFF00002C15C3854329CF40AAA32B
0CFB9023D77F85204F0CCD80161AE7AC0AE203FFFFFFFFFFFC8FFF00002515C3854329CF40AA9343
0CFB9623D77B851FE40CCD84161AE3ABFAE203FFFFFFFFFFFC8FFF00002615C3854329CF40AA935B
0CFB9C23D77B851F650CCD89161AE4ABFAE203FFFFFFFFFFFC7FFF00002B15C3854329CF40AA8373
0CFBA723D778851EE40CCD9B161AE6ABFAE303FFFFFFFFFFFC7FFF00002415C3854329CF40AA938B
0CFBB223D784851E7F0CCDA0161AE5ABEAE303FFFFFFFFFFFC7FFF00002C15C3854329CF40AA83A3
0CFBD123D79F851E0C0CCDC1161AFAABEAE303FFFFFFFFFFFC7FFF00001F15C3854329CF40AA83BB
0CFBEC23D7B8851D770CCDDF161B09ABEAE303FFFFFFFFFFFC7FFF00002C15C3864329CF40AA83D3
0CFBFB23D7BC851CDC0CCDEA161B08ABEAE203FFFFFFFFFFFC8FFF00002C15C3864329CF40AA83EB
0CFC1523D7D4851C650CCE0C161B18ABFAE303FFFFFFFFFFFC7FFF00002C15C3864329CF40AA8303
0CFC5223D81C851C100CCE40161B39ABFAE303FFFFFFFFFFFC7FFF00002C15C3864329CF40AA831B
0CFC6423D82C851BA80CCE4A161B3EABFAE303FFFFFFFFFFFC7FFF00002515C3864329CF40AA7333
0CFC5F23D81A851B140CCE4B161B3BAC0AE303FFFFFFFFFFFC7FFF00002A15C3864329CE40AA734B
0CFC7723D825851A7C0CCE63161B41AC0AE303FFFFFFFFFFFC7FFF00002815C3864329CE40AA6363
0CFC8223D82C851A0B0CCE6F161B42AC0AE303FFFFFFFFFFFC8FFF00002715C3864329CE40AA637B
0CFC9223D83A8519AC0CCE7F161B49AC0AE303FFFFFFFFFFFC7FFF00002C15C3864329CE40AA6393
0CFCB023D85685192D0CCEA5161B64AC0AE403FFFFFFFFFFFC7FFF00001D15C3864329CE40AA63AB
0CFCD723D87F85189B0CCED7161B80AC0AE403FFFFFFFFFFFC8FFF00002B15C3874329CE40AA63C3
0CFCF323D8928518140CCEDD161B7BAC0AE403FFFFFFFFFFFC8FFF00002515C3874329CE40AA63DB
0CFCF523D88B8517980CCEE1161B76AC0AE403FFFFFFFFFFFC8FFF00002A15C3874329CE40AA63F3
0CFCF523D87C85172F0CCEE1161B6FAC1AE403FFFFFFFFFFFC8FFF00002915C3874329CE40AA530B
0CFCF223D86C8516CA0CCEDE161B6BAC1AE403FFFFFFFFFFFC8FFF00002615C3874329CE40AA5323
0CFCF923D8698516420CCEE8161B6BAC1AE403FFFFFFFFFFFC8FFF00002B15C3874329CE40AA433B
0CFD1B23D88A8515AC0CCF0C161B7EAC1AE403FFFFFFFFFFFC8FFF00002315C3874329CE40AA5353
0CFD4123D8AD8515240CCF2E161B8EAC1AE403FFFFFFFFFFFC8FFF00002B15C3874329CE40AA436B
0CFD5023D8BA8514AA0CCF39161B91AC1AE403FFFFFFFFFFFC7FFF00002315C3874329CE40AA4383
0CFD7423D8E18514320CCF5D161BA6AC2AE403FFFFFFFFFFFC8FFF00001D15C3874329CD40AA339B
0CFD8923D8F38513BD0CCF7A161BB5AC1AE403FFFFFFFFFFFC8FFF00002A15C3874329CD40AA43B3
0CFD9623D8F785133F0CCF82161BB5AC1AE403FFFFFFFFFFFC7FFF00002B15C3884329CD40AA33CB
0CFD9B23D8EC8512B10CCF88161BB2AC2AE503FFFFFFFFFFFC7FFF00002B15C3884329CD40AA33E3
0CFDAF23D8FC8512380CCF99161BB7AC3AE403FFFFFFFFFFFC8FFF00002B15C3884329CD40AA23FB
0CFDDF23D9368511DB0CCFC5161BD2AC3AE503FFFFFFFFFFFC7FFF00002B15C3884329CD40AA3313
0CFE4123D9B68511550CD02E161C20AC3AE503FFFFFFFFFFFC7FFF00002B15C3884329CD40AA232B
0CFE8923DA0E8510AF0CD07C161C52AC2AE503FFFFFFFFFFFC8FFF00002315C3884329CD40AA2343
0CFEF623DA9485101E0CD0E7161C98AC2AE503FFFFFFFFFFFC7FFF00002315C3884329CD40AA235B
0CFF4A23DB02850FB90CD13A161CD1AC1AE503FFFFFFFFFFFC6FFF00002A15C3884329CD40AA1373
0CFF8123DB43850F5A0CD160161CEAAC2AE503FFFFFFFFFFFC8FFF00002A15C3884329CD40AA138B
0CFF4D23DAF0850EE10CD153161CDDAC2AE603FFFFFFFFFFFC8FFF00002B15C3884329CD40AA13A3
0CFF7C23DB26850E500CD16F161CEDAC3AE603FFFFFFFFFFFC8FFF00002315C3894329CD40AA13BB
0CFF9223DB34850DBC0CD175161CE9AC4AE703FFFFFFFFFFFC7FFF00002A15C3894329CD40AA13D3
0CFF9D23DB34850D400CD181161CE7AC4AE703FFFFFFFFFFFC7FFF00002215C3894329CC40AA13EB
0CFFA423DB33850CCF0CD186161CE6AC6AE803FFFFFFFFFFFC8FFF00002915C3894329CC40AA0303
0CFFAC23DB30850C460CD18C161CE6AC6AE803FFFFFFFFFFFC8FFF00002A15C3894329CC40AA031B
0CFFC123DB41850BBC0CD1A8161CF1AC6AE803FFFFFFFFFFFC7FFF00002315C3894329CC40AA0333
0CFFE023DB5C850B4E0CD1C2161CFDAC6AE803FFFFFFFFFFFC8FFF00002215C3894329CC40AA034B
0D000A23DB94850AEA0CD1E9161D15AC5AE903FFFFFFFFFFFC8FFF00002915C3894329CC40AA0363
0D002823DBB0850A6E0CD20D161D2CAC6AE903FFFFFFFFFFFC8FFF00001C15C3894329CC40A9F37B
0D006923DBFC8509CF0CD255161D5BAC6AE9041FFFFFFFFFFC8FFF00002915C38A4329CC40A9F393
0D008423DC1085092E0CD268161D5FAC6AE903FFFFFFFFFFFC7FFF00002215C38A4329CC40A9F3AB
0D009423DC158508B90CD276161D61AC6AE903FFFFFFFFFFFC7FFF00002915C38A4329CC40A9E3C3
0D00B323DC3C8508680CD29A161D76AC6AEA03FFFFFFFFFFFC9FFF00002A15C38A4329CC40A9E3DB
0D00CB23DC508508040CD2A6161D7CAC7AEA03FFFFFFFFFFFC9FFF00002215C38A4329CC40A9E3F3
0D00CD23DC4A85076E0CD2B1161D80AC7AEA03FFFFFFFFFFFC7FFF00002915C38A4329CC40A9E30B
0D011823DCA28506B50CD300161DB2AC7AEA040FFFFFFFFFFC7FFF00002915C38A4329CC40A9E323
0D017123DD0285061F0CD35F161DF0AC7AEA03FFFFFFFFFFFC8FFF00002915C38A4329CC40A9D33B
0D015723DCDE8505E50CD34D161DDBAC7AEA03FFFFFFFFFFFC7FFF00002215C38A4329CC40A9D353
0D016E23DCFE8505A30CD361161DEAAC7AEB041FFFFFFFFFFC7FFF00002915C38B4329CC40A9D36B
0D01B923DD528505070CD399161E10AC7AEB040FFFFFFFFFFC7FFF00002915C38B4329CB40A9C383
0D021223DDBB8504470CD3EB161E42AC8AEB03FFFFFFFFFFFC7FFF00002915C38B4329CB40A9C39B
0D023523DDDC8503A80CD40C161E52AC7AEB03FFFFFFFFFFFC8FFF00002915C38B4329CB40A9C3B3
0D021123DDA28503490CD423161E5BAC7AEB03FFFFFFFFFFFC8FFF00002915C38B4329CB40A9C3CB
0D024C23DDEB8502FE0CD431161E61AC7AEC03FFFFFFFFFFFC8FFF00002115C38B4329CB40A9C3E3
0D026723DE0A8502960CD43E161E68AC7AEC03FFFFFFFFFFFC7FFF00002915C38B4329CB40A9B3FB
0D027723DE128502030CD453161E74AC8AED03FFFFFFFFFFFC7FFF00002915C38B4329CB40A9B313
0D028823DE138501590CD45E161E70ACAAED041FFFFFFFFFFC7FFF00002915C38C4329CB40A9B32B
0D029B23DE218500CE0CD472161E76ACBAED03FFFFFFFFFFFC7FFF00002115C38C4329CB40A9A343
0D02AC23DE2B8500670CD481161E7BACCAED03FFFFFFFFFFFC7FFF00002915C38C4329CB40A9A35B
0D02BC23DE3A84FFF30CD493161E83ACCAED03FFFFFFFFFFFC7FFF00002815C38C4329CB40A9A373
0D02C223DE3484FF740CD4AC161E91ACCAEE03FFFFFFFFFFFC7FFF00002815C38C4329CB40A9A38B
0D02E623DE5A84FEF00CD4BF161E99ACCAEE03FFFFFFFFFFFC6FFF00002815C38C4329CB40A9A3A3
0D02F523DE6084FE6E0CD4CD161E9CACCAEE040FFFFFFFFFFC8FFF00002115C38C4329CB40A9A3BB
0D030623DE6B84FDF80CD4DC161EA0ACCAEE03FFFFFFFFFFFC8FFF00002115C38C4329CB40A993D3
0D031223DE7084FD7A0CD4E7161EA5ACBAEE03FFFFFFFFFFFC8FFF00002715C38C4329CA40A993EB
0D032623DE8384FCF00CD4FE161EACACBAEE040FFFFFFFFFFC8FFF00002815C38D4329CA40A99303
0D033D23DE8A84FC610CD510161EB2ACAAEE040FFFFFFFFFFC7FFF00002815C38D4329CA40A9931B
0D034523DE8D84FBE00CD51D161EB2ACAAEE03FFFFFFFFFFFC8FFF00002015C38D4329CA40A98333
0D035B23DEA284FB790CD52F161EB9ACAAEE03FFFFFFFFFFFC7FFF00002815C38D4329CA40A9834B
0D038523DECF84FB080CD557161ED4ACBAEF03FFFFFFFFFFFC7FFF00002015C38D4329CA40A98363
0D038C23DECB84FA7E0CD568161EDBACBAEF03FFFFFFFFFFFC7FFF00002815C38D4329CA40A9837B
0D03BE23DF0784F9F20CD597161EF7ACBAEF03FFFFFFFFFFFC8FFF00002315C38D4329CA40A98393
0D03E323DF2784F9740CD5B8161F08ACAAEF041FFFFFFFFFFC8FFF00002515C38E4329CA40A973AB
0D040223DF4884F8F50CD5D2161F17ACBAEF03FFFFFFFFFFFC7FFF00002215C38E4329CA40A973C3
0D041123DF4F84F8700CD5E3161F1CACCAEF03FFFFFFFFFFFC7FFF00002615C38E4329CA40A963DB
0D041C23DF5084F7EE0CD5EF161F1DACCAEF03FFFFFFFFFFFC7FFF00002015C38E4329CA40A963F3
0D042A23DF5984F7790CD5FE161F21ACCAEF040FFFFFFFFFFC7FFF00002015C38E4329CA40A9630B
0D043723DF6084F70A0CD609161F23ACDAF0040FFFFFFFFFFC7FFF00002715C38E4329CA40A96323
0D046823DF9A84F68D0CD638161F42ACEAF0040FFFFFFFFFFC8FFF00002715C38E4329C940A9633B
0D047623DF9D84F5FD0CD649161F47ACEAF003FFFFFFFFFFFC8FFF00002015C38E4329C940A96353
0D048623DFA484F56B0CD656161F49ACEAF003FFFFFFFFFFFC8FFF00002015C38F4329C940A9536B
0D04A223DFBC84F4E70CD676161F58ACDAF003FFFFFFFFFFFC8FFF00002715C38F4329C940A95383
0D04E323E00B84F4790CD6B7161F83ACDAF003FFFFFFFFFFFC8FFF00002715C38F4329C940A9539B
0D053023E07384F40F0CD6FB161FAFACEAF003FFFFFFFFFFFC8FFF00002015C38F4329C940A943B3
0D054123E07B84F38F0CD719161FC3ACEAF0040FFFFFFFFFFC8FFF00002715C38F4329C940A943CB
0D055623E08884F3010CD72B161FCAACFAF003FFFFFFFFFFFC7FFF00002715C38F4329C940A943E3
0D056E23E09F84F27A0CD73C161FCEACFAF003FFFFFFFFFFFC6FFF00002715C38F4329C940A943FB
0D058A23E0B684F1F20CD759161FDDACEAF003FFFFFFFFFFFC7FFF00001F15C3904329C940A94313
0D059923E0C084F1770CD769161FDFACEAF003FFFFFFFFFFFC9FFF00002215C3904329C940A9332B
0D05BA23E0E084F1090CD788161FF2ACFAF103FFFFFFFFFFFC9FFF00001E15C3904329C940A93343
0D05C923E0EE84F0940CD795161FF9ACFAF103FFFFFFFFFFFC8FFF00001D15C3904329C940A9335B
0D05CA23E0E084F0080CD796161FF0ACFAF103FFFFFFFFFFFC7FFF00002615C3904329C940A93373
0D05FA23E11684EF770CD7CF162016ACFAF103FFFFFFFFFFFC8FFF00001F15C3904329C940A9238B
0D063A23E15C84EEF40CD806162035ACFAF1041FFFFFFFFFFC8FFF00002715C3904329C840A923A3
0D065823E18084EE880CD824162046ACFAF1040FFFFFFFFFFC7FFF00002715C3914329C840A923BB
0D066B23E18E84EE140CD83416204CACFAF103FFFFFFFFFFFC7FFF00002615C3914329C840A923D3
0D068123E1A084ED880CD84E16205BACFAF103FFFFFFFFFFFC7FFF00001B15C3914329C840A923EB
0D06A823E1CA84ECF90CD877162074AD0AF203FFFFFFFFFFFC7FFF00002515C3914329C840A91303
0D06F723E23084EC7D0CD8CB1620ABAD0AF103FFFFFFFFFFFC8FFF00002615C3914329C840A9131B
0D075823E2AA84EC090CD9241620E9AD0AF203FFFFFFFFFFFC7FFF00002615C3914329C840A91333
0D077A23E2CD84EB900CD94A1620FFAD1AF2041FFFFFFFFFFC8FFF00001B15C3914329C840A9034B
0D07B023E30D84EB0E0CD983162124AD1AF203FFFFFFFFFFFC8FFF00002515C3914329C840A90363
0D07CA23E32584EA7E0CD99316212BAD0AF3041FFFFFFFFFFC7FFF00002615C3924329C840A9037B
0D07F323E35084E9F90CD9BC162142AD1AF303FFFFFFFFFFFC9FFF00002615C3924329C840A90393
0D088223E41584E9870CDA521621AFAD1AF303FFFFFFFFFFFC6FFF00001E15C3924329C840A903AB
0D08F523E4A784E90E0CDAB91621F8AD1AF403FFFFFFFFFFFC6FFF00002615C3924329C840A903C3
0D093723E4FA84E88D0CDB16162239AD2AF403FFFFFFFFFFFC7FFF00002415C3924329C840A903DB
0D09A423E58984E80F0CDB6D162275AD3AF403FFFFFFFFFFFC8FFF00001A15C3924329C840A903F3
0D09DA23E5C584E78B0CDB9A162292AD3AF503FFFFFFFFFFFC7FFF00002615C3924329C840A9030B
0D0A0323E5F384E7010CDBC51622ABAD4AF603FFFFFFFFFFFC8FFF00001E15C3924329C840A8E323
0D0A2723E61B84E6810CDBE61622BDAD5AF6040FFFFFFFFFFC8FFF00001E15C3934329C740A8E33B
0D0A5423E64E84E6150CDC121622D8AD5AF703FFFFFFFFFFFC6FFF00002515C3934329C740A8E353
0D0A6723E65F84E59B0CDC231622E1AD6AF803FFFFFFFFFFFC8FFF00002615C3934329C740A8E36B
0D0AA323E6A684E5090CDC6716230DAD6AF8041FFFFFFFFFFC8FFF00002515C3934329C740A8E383
0D0B0E23E72F84E4810CDCD416235AAD7AF803FFFFFFFFFFFC9FFF00001E15C3934329C740A8E39B
0D0B5F23E79384E4120CDD2016238AAD7AF803FFFFFFFFFFFC7FFF00002315C3934329C740A8D3B3
0D0B8A23E7CC84E39C0CDD411623A3AD8AF803FFFFFFFFFFFC7FFF00002015C3934329C740A8D3CB
0D0BDC23E83584E3130CDDA21623E6AD8AF903FFFFFFFFFFFC7FFF00002515C3934329C740A8D3E3
0D0C3323E89F84E28E0CDDEF162418AD8AFA03FFFFFFFFFFFC7FFF00001915C3934329C740A8C3FB
0D0C5723E8C684E2120CDE1016242BAD9AFA040FFFFFFFFFFC8FFF00002215C3944329C740A8C313
0D0C7A23E8EA84E19A0CDE34162441AD9AFB040FFFFFFFFFFC7FFF00002515C3944329C740A8C32B
0D0CCE23E95A84E1110CDE8C162481AD9AFC040FFFFFFFFFFC7FFF00002515C3944329C740A8B343
0D0D0723E99684E0860CDEC71624A4ADAAFC03FFFFFFFFFFFC7FFF00001F15C3944329C740A8C35B
0D0D1C23E9A784E0190CDED21624A4AD9AFC03FFFFFFFFFFFC8FFF00002315C3944329C740A8C373
0D0D2323E9A984DFAE0CDED61624A3AD9AFD03FFFFFFFFFFFC7FFF00001D15C3944329C740A8B38B
0D0D3A23E9BE84DF260CDEF31624B4ADAAFD03FFFFFFFFFFFC7FFF00002515C3944329C740A8A3A3
0D0D4923E9C684DE9E0CDF011624B6ADAAFD03FFFFFFFFFFFC7FFF00001D15C3944329C740A8A3BB
0D0D5A23E9CC84DE1C0CDF0D1624B9ADBAFD03FFFFFFFFFFFC7FFF00001D15C3944329C740A8A3D3
0D0D7523E9E684DD8F0CDF281624C7ADCAFD040FFFFFFFFFFC7FFF00002515C3954329C740A8A3EB
0D0D9C23EA1384DD0A0CDF561624E2ADCAFD040FFFFFFFFFFC8FFF00001915C3954329C740A8A303
0D0DED23EA7984DC9C0CDFA6162516ADBAFE03FFFFFFFFFFFC8FFF00002415C3954329C640A8931B
0D0E0F23EA9984DC310CDFC3162525ADCAFE03FFFFFFFFFFFC8FFF00002415C3954329C640A8A333
0D0E1523EA9B84DBC80CDFCB16252AADCAFE03FFFFFFFFFFFC8FFF00002415C3954329C640A8934B
0D0E3123EAB684DB450CDFEB16253DADBAFE03FFFFFFFFFFFC8FFF00001D15C3954329C640A89363
0D0E7023EAFF84DAA00CE025162560ADBAFE040FFFFFFFFFFC8FFF00002415C3954329C640A8937B
0D0EB223EB4784D9FA0CE063162584ADBAFE03FFFFFFFFFFFC7FFF00002415C3954329C640A88393
0D0EAF23EB3584D9870CE06716257FADBAFE03FFFFFFFFFFFC7FFF00002415C3954329C640A883AB
0D0EB423EB3784D93F0CE07E16258BADBAFF03FFFFFFFFFFFC7FFF00001D15C3964329C640A883C3
0D0EEC23EB7B84D8E10CE09C1625A1ADBAFF03FFFFFFFFFFFC8FFF00002415C3964329C640A883DB
0D0F2023EBC184D85F0CE0DC1625CEADCB0003FFFFFFFFFFFC7FFF00002415C3964329C640A873F3
0D0FBC23EC8A84D7C30CE181162645ADDB0003FFFFFFFFFFFC7FFF00001D15C3964329C640A8730B
0D100823ECE284D7260CE1BC162665ADEB0003FFFFFFFFFFFC7FFF00001C15C3964329C640A87323
0D102E23ED0B84D6A90CE1DE162679ADFB0003FFFFFFFFFFFC8FFF00002415C3964329C640A8733B
0D103D23ED1384D63E0CE1E7162679ADFB01040FFFFFFFFFFC8FFF00002415C3964329C640A87353
0D104D23ED2484D5D00CE1F116267BAE0B01040FFFFFFFFFFC8FFF00002415C3964329C640A8736B
0D105723ED2C84D5530CE20D16268EAE1B0103FFFFFFFFFFFC8FFF00001D15C3964329C640A86383
0D10C923EDB984D4C30CE2811626DFAE1B0103FFFFFFFFFFFC7FFF00001C15C3964329C640A8639B
0D111623EE1984D4450CE2C0162707AE0B0203FFFFFFFFFFFC7FFF00002215C3964329C640A863B3
0D114023EE4584D3DE0CE2E316271BAE0B0203FFFFFFFFFFFC9FFF00002315C3974329C640A863CB
0D114823EE4684D36A0CE2EA16271CAE0B02041FFFFFFFFFFC7FFF00002415C3974329C640A863E3
0D116123EE6384D2D20CE31816273CAE1B03040FFFFFFFFFFC9FFF00002315C3974329C640A843FB
0D123B23EF8984D2330CE3F01627D5AE2B0303FFFFFFFFFFFC6FFF00001C15C3974329C640A85313
0D129D23F00084D1B70CE447162810AE2B0303FFFFFFFFFFFC7FFF00001B15C3974329C640A8532B
0D12D023F03D84D1590CE47316282BAE3B0303FFFFFFFFFFFC8FFF00002315C3974329C640A84343
0D12F423F06784D0F70CE4A516284DAE4B0403FFFFFFFFFFFC8FFF00001F15C3974329C640A8435B
0D12E623F05684D0790CE4B0162857AE5B0403FFFFFFFFFFFC8FFF00001F15C3974329C640A84373
0D13A823F15284CFDF0CE55C1628D0AE5B0503FFFFFFFFFFFC8FFF00002315C3974329C640A8438B
0D13F823F1B084CF420CE5991628F4AE5B0503FFFFFFFFFFFC7FFF00001B15C3974329C640A843A3
0D145723F22E84CECD0CE5F5162933AE5B0503FFFFFFFFFFFC7FFF00002115C3974329C640A833BB
0D148623F26284CE630CE625162951AE6B06040FFFFFFFFFFC7FFF00002315C3984329C640A833D3
0D144823F1F884CDEE0CE600162931AE6B07041FFFFFFFFFFC7FFF00002315C3984329C640A823EB
0D146E23F23084CD7B0CE62F162953AE5B0703FFFFFFFFFFFC8FFF00001B15C3984329C640A82303
0D151923F31884CCFC0CE6BF1629BBAE5B08040FFFFFFFFFFC7FFF00002315C3984329C640A8231B
0D158123F39884CC6C0CE726162A02AE6B0803FFFFFFFFFFFC8FFF00002215C3984329C640A82333
0D15B523F3D284CBDD0CE74F162A1AAE7B0803FFFFFFFFFFFC8FFF00001715C3984329C640A8234B
0D15DA23F3FC84CB690CE776162A2EAE7B0903FFFFFFFFFFFC8FFF00002015C3984329C640A81363
0D161523F44584CB090CE7A9162A4FAE8B0903FFFFFFFFFFFC8FFF00002215C3984329C640A8137B
0D164523F47F84CA960CE7E5162A7CAE9B0A03FFFFFFFFFFFC8FFF00001B15C3984329C640A81393
0D167223F4AF84CA040CE80E162A94AE9B0A03FFFFFFFFFFFC6FFF00002215C3984329C640A813AB
0D16B623F50284C96B0CE854162AC2AE9B0A040FFFFFFFFFFC6FFF00002215C3984329C540A803C3
0D16F823F54D84C8F60CE891162AE7AEAB0B03FFFFFFFFFFFC7FFF00002215C3984329C540A803DB
0D171523F57884C8A00CE8AF162AFBAEAB0B041FFFFFFFFFFC7FFF00002215C3994329C640A803F3
0D178E23F61384C8290CE921162B4EAEBB0C040FFFFFFFFFFC7FFF00001B15C3994329C640A8030B
0D179323F60F84C78C0CE93F162B5FAEBB0C03FFFFFFFFFFFC6FFF00002115C3994329C540A80323
0D180223F6A184C6F40CE997162B9AAECB0D040FFFFFFFFFFC6FFF00001415C3994329C540A8033B
0D187623F73384C6890CEA12162BEFAECB0D03FFFFFFFFFFFC8FFF00002115C3994329C540A7F353
0D18AE23F77B84C62A0CEA38162C06AECB0E03FFFFFFFFFFFC7FFF00001D15C3994329C540A7E36B
0D189423F74B84C5A50CEA3F162C0BAEDB0E03FFFFFFFFFFFC7FFF00001F15C3994329C540A7E383
0D18CE23F79084C5180CEA62162C1DAEDB0E040FFFFFFFFFFC9FFF00002215C3994329C540A7F39B
0D18DC23F79384C4A90CEA6C162C1AAEEB0F040FFFFFFFFFFC8FFF00002215C3994329C540A7E3B3
0D18E123F78E84C4380CEA6B162C16AEEB0F03FFFFFFFFFFFC8FFF00002215C3994329C540A7E3CB
0D18DE23F78284C3B40CEA70162C12AEEB10040FFFFFFFFFFC8FFF00002215C3994329C540A7E3E3
0D18E723F77C84C32C0CEA74162C10AEFB1003FFFFFFFFFFFC7FFF00001E15C3994329C540A7D3FB
0D18EF23F77A84C2AB0CEA7C162C0FAEFB10040FFFFFFFFFFC8FFF00001C15C3994329C540A7D313
0D18F623F77884C2340CEA82162C0BAF0B1003FFFFFFFFFFFC8FFF00002115C39A4329C540A7D32B
0D190223F78484C1C10CEA8F162C10AF0B1103FFFFFFFFFFFC8FFF00001C15C39A4329C540A7D343
0D193C23F7C084C1410CEAC2162C30AF0B1003FFFFFFFFFFFC8FFF00001F15C39A4329C540A7D35B
0D194E23F7D084C0C60CEAE3162C42AF0B1003FFFFFFFFFFFC9FFF00002115C39A4329C540A7C373
0D197A23F7FF84C0530CEB04162C54AEFB1003FFFFFFFFFFFC6FFF00002115C39A4329C540A7C38B
0D19A423F83284BFD70CEB30162C72AEFB1003FFFFFFFFFFFC6FFF00001A15C39A4329C540A7C3A3
0D1A0323F8AE84BF4A0CEB93162CB7AEFB1003FFFFFFFFFFFC6FFF00002115C39A4329C540A7C3BB
0D1A4423F8F384BEBB0CEBCA162CD7AEFB10041FFFFFFFFFFC7FFF00001A15C39A4329C540A7B3D3
0D1A5423F90084BE4E0CEBDF162CDDAEFB1103FFFFFFFFFFFC8FFF00001A15C39A4329C540A7B3EB
0D1A6123F90984BDF40CEBE7162CE0AEFB1103FFFFFFFFFFFC7FFF00002115C39A4329C540A7B303
0D1A6F23F91484BD7D0CEBF3162CE6AF0B1103FFFFFFFFFFFC7FFF00002115C39A4329C540A7A31B
0D1A8A23F92D84BCE70CEC19162CFDAEFB11042FFFFFFFFFFC8FFF00002115C39A4329C540A7A333
0D1AE523F9A084BC5F0CEC7C162D3EAF0B1103FFFFFFFFFFFC8FFF00002115C39A4329C540A7A34B
0D1B2623F9EC84BBE90CECAD162D5CAF0B1203FFFFFFFFFFFC8FFF00001A15C39A4329C540A7A363
0D1B5423FA2684BB720CECD9162D7BAF0B1303FFFFFFFFFFFC7FFF00002115C39A4329C540A7A37B
0D1B7A23FA5284BAFB0CED05162D94AF0B1303FFFFFFFFFFFC7FFF00002015C39B4329C540A7A393
0D1BA723FA7E84BA7F0CED2D162DAEAF1B1303FFFFFFFFFFFC7FFF00002115C39B4329C540A793AB
0D1BB723FA8984B9F90CED3D162DB2AF2B1303FFFFFFFFFFFC6FFF00002015C39B4329C540A793C3
0D1BC123FA8684B97A0CED41162DADAF2B1403FFFFFFFFFFFC7FFF00002015C39B4329C540A793DB
0D1BC923FA8984B9020CED48162DADAF3B14041FFFFFFFFFFC8FFF00002015C39B4329C540A783F3
0D1BD123FA8684B89A0CED51162DACAF3B1403FFFFFFFFFFFC8FFF00001915C39B4329C540A7830B
0D1BFD23FAC284B8210CED82162DD0AF2B14041FFFFFFFFFFC8FFF00001F15C39B4329C540A78323
0D1CBF23FBCA84B78B0CEE5B162E6FAF3B1403FFFFFFFFFFFC8FFF00001915C39B4329C540A7833B
0D1D6223FC9984B6F90CEEEC162ED3AF3B1403FFFFFFFFFFFC8FFF00002015C39B4329C540A78353
0D1D9523FCD484B68F0CEF1B162EEEAF4B1403FFFFFFFFFFFC8FFF00001315C39B4329C540A7736B
0D1DF323FD5684B62C0CEF76162F30AF4B1403FFFFFFFFFFFC8FFF00001F15C39B4329C540A77383
0D1E2323FD9484B5BC0CEF7B162F31AF3B1503FFFFFFFFFFFC8FFF00002015C39B4329C540A7739B
0D1E9123FE2884B5340CF049162FD0AF4B1603FFFFFFFFFFFC8FFF00002015C39B4329C540A763B3
0D1FCB23FFCB84B4A20CF149163086AF5B16040FFFFFFFFFFC8FFF00002015C39B4329C540A763CB
0D201B24003484B41D0CF1961630BCAF6B16040FFFFFFFFFFC8FFF00002015C39B4329C540A763E3
0D20752400A884B3AF0CF1E71630F1AF7B17041FFFFFFFFFFC7FFF00001915C39C4329C540A763FB
0D207124009B84B34D0CF1EE1630F3AF9B18040FFFFFFFFFFC7FFF00002015C39C4329C540A76313
0D205924006E84B2D30CF1E11630E7AFAB18040FFFFFFFFFFC8FFF00001815C39C4329C540A7532B
0D208124009C84B2460CF209163100AFAB1903FFFFFFFFFFFC7FFF00001F15C39C4329C540A75343
0D20D12400FB84B1B90CF245163125AFAB1A03FFFFFFFFFFFC7FFF00001815C39C4329C540A7435B
0D212124015E84B1340CF292163158AFBB1B03FFFFFFFFFFFC7FFF00001A15C39C4329C540A74373
0D212124015784B0CF0CF2B0163168AFBB1B041FFFFFFFFFFC8FFF00001D15C39C4329C540A7538B
0D214824018284B0640CF2BD16316DAFBB1C03FFFFFFFFFFFC7FFF00001915C39C4329C540A743A3
0D214224017284AFE40CF2BD163169AFCB1C03FFFFFFFFFFFC8FFF00001815C39C4329C440A743BB
0D215824017D84AF580CF2CB163169AFCB1C03FFFFFFFFFFFC8FFF00001E15C39C4329C440A743D3
0D216024017D84AEDC0CF2D0163167AFDB1D03FFFFFFFFFFFC7FFF00001F15C39C4329C440A743EB
0D217A24019A84AE640CF2E9163177AFDB1D03FFFFFFFFFFFC8FFF00001F15C39C4329C440A74303
0D21EB24023284ADE60CF36F1631D5AFDB1D03FFFFFFFFFFFC8FFF00001F15C39C4329C440A7331B
0D22612402C784AD640CF3DC16321FAFCB1D042FFFFFFFFFFC8FFF00001315C39C4329C440A73333
0D22932402FA84ACF30CF402163236AFCB1D040FFFFFFFFFFC7FFF00001E15C39C4329C440A7334B
0D22F424038584AC8A0CF458163274AFBB1E040FFFFFFFFFFC7FFF00001815C39C4329C440A72363
0D235724040084AC070CF4CA1632C7AFCB1E03FFFFFFFFFFFC8FFF00001F15C39C4329C440A7237B
0D23C024048C84AB690CF53E163318AFCB1E03FFFFFFFFFFFC8FFF00001E15C39C4329C440A72393
0D242124050084AADA0CF58C163348AFDB1F03FFFFFFFFFFFC7FFF00001715C39D4329C440A723AB
0D244B24053284AA780CF5BA163367AFDB1F03FFFFFFFFFFFC6FFF00001E15C39D4329C440A713C3
0D247124055F84AA240CF5D4163374AFEB2003FFFFFFFFFFFC7FFF00001815C39D4329C440A713DB
0D245C24053884A9AF0CF5CC16336CAFFB2003FFFFFFFFFFFC6FFF00001E15C39D4329C440A713F3
0D249124057784A91D0CF5F616338AB01B2103FFFFFFFFFFFC7FFF00001715C39D4329C440A7130B
0D24C02405A784A88A0CF62C1633A9B01B21040FFFFFFFFFFC7FFF00001E15C39D4329C440A70323
0D24F32405E584A8050CF65C1633C4B02B21040FFFFFFFFFFC8FFF00001E15C39D4329C440A7033B
0D252224061B84A7960CF6891633DFB02B2203FFFFFFFFFFFC7FFF00001E15C39D4329C440A70353
0D253A24063084A7280CF6A01633EBB02B2203FFFFFFFFFFFC8FFF00001715C39D4329C440A7036B
0D256924066984A6B80CF6E816341FB02B23040FFFFFFFFFFC7FFF00001E15C39D4329C440A70383
0D25CD2406F084A6370CF73F16345BB01B2303FFFFFFFFFFFC6FFF00001715C39D4329C440A7039B
0D25F624071D84A5AE0CF75B16346BB01B2303FFFFFFFFFFFC7FFF00001E15C39D4329C440A703B3
0D268A2407E684A5250CF8071634EBB02B2303FFFFFFFFFFFC8FFF00001715C39D4329C440A6F3CB
0D272B2408B084A4B00CF88D163543B03B2303FFFFFFFFFFFC8FFF00001D15C39D4329C440A6E3E3
0D27572408E984A43D0CF8B316355EB04B2303FFFFFFFFFFFC8FFF00001E15C39D4329C440A6E3FB
0D276B2408FA84A3BB0CF8CC16356DB04B2403FFFFFFFFFFFC8FFF00001715C39D4329C440A6E313
0D277D24090584A33A0CF8E1163572B05B24041FFFFFFFFFFC7FFF00001115C39D4329C440A6E32B
0D278324090084A2D00CF8E116356CB06B25040FFFFFFFFFFC8FFF00001D15C39D4329C440A6E343
0D27802408EF84A2560CF8DD163567B06B2503FFFFFFFFFFFC8FFF00001915C39D4329C440A6E35B
0D276F2408CD84A1C70CF8D3163556B05B2603FFFFFFFFFFFC8FFF00001C15C39D4329C340A6D373
0D27882408E184A1450CF8E516355DB05B2603FFFFFFFFFFFC7FFF00001D15C39E4329C340A6D38B
0D278B2408D784A0D00CF8E4163554B06B2703FFFFFFFFFFFC7FFF00001715C39E4329C340A6D3A3
0D27872408CB84A0640CF8E416354FB06B2703FFFFFFFFFFFC8FFF00001D15C39E4329C340A6C3BB
0D27CF240924849FF00CF92A16357FB07B2703FFFFFFFFFFFC7FFF00001D15C39E4329C340A6C3D3
0D280024095B849F6B0CF9601635A3B07B27041FFFFFFFFFFC7FFF00001615C39E4329C340A6C3EB
0D2836240997849ED70CF98F1635BDB06B2703FFFFFFFFFFFC8FFF00001C15C39E4329C340A6C303
0D28622409CB849E500CF9C21635DEB06B2703FFFFFFFFFFFC8FFF00001D15C39E4329C340A6C31B
0D28AC240A27849DE60CFA06163606B06B2703FFFFFFFFFFFC8FFF00001D15C39E4329C340A6B333
0D2928240AD0849D8D0CFA76163657B06B2703FFFFFFFFFFFC7FFF00001D15C39E4329C340A6B34B
0D29D0240BB8849D1A0CFB251636E1B06B2703FFFFFFFFFFFC8FFF00001D15C39E4329C340A6A363
0D2A41240C41849C810CFBAE16373EB06B2803FFFFFFFFFFFC8FFF00001D15C39E4329C340A6B37B
0D2A8B240C99849BE30CFBE216375CB07B2803FFFFFFFFFFFC7FFF00001815C39E4329C340A6A393
0D2A9C240CA4849B780CFBFF16376CB08B2803FFFFFFFFFFFC7FFF00001B15C39E4329C340A6A3AB
0D2AC2240CDC849B1C0CFC0F163774B09B2903FFFFFFFFFFFC7FFF00001D15C39E4329C340A6A3C3
0D2B09240D36849AA10CFC4C1637A3B0AB2A040FFFFFFFFFFC8FFF00001D15C39E4329C340A693DB
0D2B82240DCE849A020CFCEA163811B0AB2A040FFFFFFFFFFC7FFF00001615C39E4329C340A693F3
0D2C1D240E9F8499780CFD74163871B0AB2A03FFFFFFFFFFFC6FFF00001C15C39E4329C340A6930B
0D2BFD240E6F8499240CFDD21638B5B0AB2A040FFFFFFFFFFC8FFF00001615C39E4329C340A68323
0D2CB8240F618498C00CFE0B1638DCB0BB2B03FFFFFFFFFFFC8FFF00001D15C39E4329C340A6933B
0D2CC9240F7584982C0CFE211638E9B0CB2B03FFFFFFFFFFFC8FFF00001C15C39F4329C340A68353
0D2D13240FCC84978F0CFE62163913B0CB2C03FFFFFFFFFFFC8FFF00001C15C39F4329C340A6836B
0D2D6B24103984970B0CFEBC16394FB0CB2C03FFFFFFFFFFFC8FFF00001C15C39F4329C340A68383
0D2DA82410878496A10CFEF7163975B0CB2C041FFFFFFFFFFC8FFF00001515C39F4329C340A6839B
0D2DD12410BF84963D0CFF1F16398FB0BB2D040FFFFFFFFFFC8FFF00001C15C39F4329C340A673B3
0D2DF72410E78495CD0CFF621639C0B0CB2D03FFFFFFFFFFFC9FFF00001615C39F4329C340A673CB
0D2E3F24113E8495470CFF9A1639E5B0DB2D03FFFFFFFFFFFC7FFF00001B15C39F4329C340A663E3
0D2EA12411BC8494B80CFFF0163A21B0EB2D03FFFFFFFFFFFC7FFF00001C15C39F4329C340A673FB
0D2F2824126E84942F0D007A163A81B0EB2E03FFFFFFFFFFFC7FFF00001515C39F4329C340A66313
0D2F5C2412A68493B60D009F163A96B0FB2E03FFFFFFFFFFFC7FFF00001B15C39F4329C340A6632B
0D2F8A2412E38493430D00CA163AB3B0FB2F03FFFFFFFFFFFC8FFF00001C15C39F4329C340A66343
0D2FA52412FD8492CA0D00F0163AC8B0FB2F03FFFFFFFFFFFC7FFF00001515C39F4329C240A6635B
0D2FD124132E84925A0D011A163AE3B10B3003FFFFFFFFFFFC7FFF00001B15C39F4329C240A66373
0D30662413FF8491E10D01A9163B4EB10B3003FFFFFFFFFFFC8FFF00001B15C39F4329C240A6538B
0D311B2414F284915D0D0288163BF3B10B31040FFFFFFFFFFC7FFF00001C15C39F4329C240A653A3
0D322524165B8490CB0D036E163C9BB10B31040FFFFFFFFFFC7FFF00001C15C39F4329C240A643BB
0D32E124175984903D0D0426163D1FB11B3103FFFFFFFFFFFC7FFF00001515C39F4329C240A643D3
0D33B5241876848FD70D04E1163DA6B12B3203FFFFFFFFFFFC6FFF00001B15C39F4329C240A643EB
0D342E241919848F780D055C163E02B13B3303FFFFFFFFFFFC7FFF00001B15C39F4329C240A64303
0D3439241925848F020D057C163E1DB14B3403FFFFFFFFFFFC8FFF00001515C39F4329C240A6431B
0D34962419A6848E6F0D05FD163E76B16B35041FFFFFFFFFFC8FFF00001515C3A04329C240A64333
0D34EC2419FF848DCE0D0617163E81B17B36040FFFFFFFFFFC8FFF00001A15C3A04329C240A6434B
0D351B241A37848D4B0D064B163EA1B18B37040FFFFFFFFFFC7FFF00001515C3A04329C240A63363
0D3532241A51848CF50D065E163EAAB1AB3803FFFFFFFFFFFC7FFF00001A15C3A04329C240A6237B
0D3553241A79848C9F0D067A163EBDB19B3803FFFFFFFFFFFC7FFF00001515C3A04329C240A62393
0D355E241A7B848C0F0D0690163ECBB19B39041FFFFFFFFFFC8FFF00001A15C3A04329C240A623AB
0D3598241ABB848B650D06C7163EE9B1AB3903FFFFFFFFFFFC8FFF00001415C3A04329C240A623C3
0D35B0241ACD848AD70D06E8163EFAB1BB3A03FFFFFFFFFFFC7FFF00001B15C3A04329C240A623DB
0D35CD241AEF848A840D0700163F05B1BB3A03FFFFFFFFFFFC7FFF00001B15C3A04329C240A623F3
0D362B241B6F848A2A0D0748163F3AB1BB3A040FFFFFFFFFFC7FFF00001515C3A04329C240A6230B
0D3630241B6A8489A70D0778163F5AB1BB3B03FFFFFFFFFFFC8FFF00001915C3A04329C240A61323
0D36DC241C4F8489000D080E163FC5B1BB3B03FFFFFFFFFFFC8FFF00001B15C3A04329C240A6033B
0D376B241D0984886F0D089D164028B1DB3B03FFFFFFFFFFFC8FFF00001415C3A04329C240A61353
0D37CA241D8284880C0D08EE16405FB1EB3B03FFFFFFFFFFFC8FFF00001A15C3A04329C240A6036B
0D3820241DFB8487AC0D094116409EB1EB3C03FFFFFFFFFFFC8FFF00001A15C3A04329C240A60383
0D385A241E3C8487310D09AD1640EDB1DB3C03FFFFFFFFFFFC9FFF00001015C3A04329C240A6039B
0D38EE241F098486A30D0A4216415AB1DB3D03FFFFFFFFFFFC8FFF00001A15C3A04329C240A603B3
0D39B724201784861E0D0AF41641D9B1EB3D041FFFFFFFFFFC7FFF00001015C3A04329C240A603CB
0D3A162420928485A80D0B31164203B1EB3E03FFFFFFFFFFFC7FFF00001815C3A14329C240A603E3
0D3A7424210B8485320D0B9416424AB1FB3F03FFFFFFFFFFFC8FFF00000F15C3A14329C240A5F3FB
0D3ABE24216D8484B50D0C01164299B21B3F040FFFFFFFFFFC8FFF00001615C3A14329C240A60313
0D3B7724226C84843C0D0CAD164316B22B3F03FFFFFFFFFFFC8FFF00001415C3A14329C240A5E32B
0D3BCD2422D18483BF0D0CEA164340B22B4003FFFFFFFFFFFC8FFF00000E15C3A14329C140A5E343
0D3BFC2423078483420D0D13164358B22B4103FFFFFFFFFFFC8FFF00001915C3A14329C140A5E35B
0D3C0C2423138482C50D0D1E16435BB23B4203FFFFFFFFFFFC7FFF00001415C3A14329C140A5E373
0D3C4624236184824C0D0D6716438FB25B4203FFFFFFFFFFFC7FFF00001A15C3A14329C140A5D38B
0D3CF424244A8481D60D0E0D164404B25B4303FFFFFFFFFFFC8FFF00001315C3A14329C140A5D3A3
0D3D582424CE84815E0D0E78164456B26B4303FFFFFFFFFFFC8FFF00001A15C3A14329C140A5D3BB
0D3DA72425308480D20D0EBB164482B26B44040FFFFFFFFFFC6FFF00001A15C3A14329C140A5D3D3
0D3DCB24255284804A0D0EDF164492B26B45040FFFFFFFFFFC8FFF00001A15C3A14329C140A5C3EB
0D3DE8242574847FE00D0EFD1644A1B27B4503FFFFFFFFFFFC7FFF00001A15C3A14329C140A5C303
0D3E07242596847F770D0F191644B5B27B46040FFFFFFFFFFC7FFF00001115C3A14329C140A5C31B
0D3E282425B8847EF30D0F421644CFB28B4503FFFFFFFFFFFC8FFF00001515C3A14329C140A5C333
0D3E612425FF847E640D0F7E1644F4B28B4603FFFFFFFFFFFC8FFF00001915C3A14329C140A5C34B
0D3EEF2426BB847DEB0D1006164559B2AB4603FFFFFFFFFFFC8FFF00001915C3A14329C140A5B363
0D3F42242722847D7A0D1052164589B2AB4603FFFFFFFFFFFC8FFF00001915C3A14329C140A5C37B
0D3F69242751847D000D10711645A1B2AB47041FFFFFFFFFFC8FFF00001415C3A24329C140A5B393
0D3F9A24278A847C7A0D10AB1645C3B29B4703FFFFFFFFFFFC7FFF00001815C3A24329C140A5A3AB
0D3FA724278C847BF70D10B11645C1B29B4703FFFFFFFFFFFC6FFF00001315C3A24329C140A5A3C3
0D3FD12427BF847B880D10DB1645D9B29B4803FFFFFFFFFFFC6FFF00001915C3A24329C140A5A3DB
0D402324282A847B1E0D112516460DB2AB4803FFFFFFFFFFFC9FFF00001315C3A24329C140A5A3F3
0D4058242867847A9C0D116816463DB2AB48040FFFFFFFFFFC8FFF00001915C3A24329C140A5A30B
0D40A02428BD847A070D11B416466CB2BB49040FFFFFFFFFFC8FFF00001315C3A24329C140A59323
0D40C72428E58479800D11CD164678B2BB4903FFFFFFFFFFFC8FFF00001815C3A24329C140A5933B
0D40D72428EF8479140D11E1164681B2BB4A03FFFFFFFFFFFC8FFF00001915C3A24329C140A59353
0D40F32429118478B30D11F716468BB2CB4A03FFFFFFFFFFFC8FFF00001915C3A24329C140A5936B
0D410324292284783C0D12141646A0B2CB4B03FFFFFFFFFFFC8FFF00001315C3A24329C140A59383
0D415324297F8477A60D125E1646D1B2BB4B03FFFFFFFFFFFC7FFF00001715C3A24329C140A5839B
0D41AC2429F18477100D12BE164714B2CB4B03FFFFFFFFFFFC7FFF00001115C3A24329C040A583B3
0D41F7242A4F8476990D130016473BB2CB4B03FFFFFFFFFFFC8FFF00001415C3A24329C040A583CB
0D424E242AC18476330D134716476CB2DB4B03FFFFFFFFFFFC8FFF00001915C3A24329C040A583E3
0D42AE242B3D8475C10D13BE1647C2B2CB4C041FFFFFFFFFFC7FFF00000D15C3A24329C040A573FB
0D429A242B148475480D13CE1647CEB2DB4C03FFFFFFFFFFFC8FFF00001815C3A24329C040A57313
0D434B242C058474C60D145616482EB2FB4C03FFFFFFFFFFFC9FFF00001815C3A24329C040A5632B
0D43C5242CA28474360D14CD164882B2FB4C03FFFFFFFFFFFC8FFF00001815C3A34329C040A57343
0D4420242D138473AD0D15231648BBB30B4D03FFFFFFFFFFFC8FFF00001815C3A34329C040A5635B
0D444F242D498473380D154B1648D2B30B4D03FFFFFFFFFFFC8FFF00000D15C3A34329C040A56373
0D446B242D678472D20D15611648DDB30B4E03FFFFFFFFFFFC6FFF00001815C3A34329C040A5638B
0D4495242D9B84725F0D158A1648FBB30B4E040FFFFFFFFFFC6FFF00001815C3A34329C040A563A3
0D44D9242DF98471DA0D15ED164942B2FB4F040FFFFFFFFFFC7FFF00001815C3A34329C040A553BB
0D456E242EB78471570D167B1649A5B30B4F03FFFFFFFFFFFC8FFF00001815C3A34329C040A553D3
0D45F5242F698470D80D16F41649FEB30B5003FFFFFFFFFFFC8FFF00001015C3A34329C040A553EB
0D468324302784704A0D177A164A5BB31B5003FFFFFFFFFFFC7FFF00001615C3A34329C040A54303
0D46BF24306A846FCB0D17C2164A89B32B5103FFFFFFFFFFFC6FFF00001815C3A34329C040A5431B
0D470D2430D1846F690D1807164AB8B33B5103FFFFFFFFFFFC8FFF00001815C3A34329C040A54333
0D474F243128846F000D184A164AEAB35B5103FFFFFFFFFFFC9FFF00001115C3A34329C040A5434B
0D4774243153846E7D0D188D164B1BB35B5203FFFFFFFFFFFC7FFF00001215C3A34329C040A54363
0D47EE2431F0846DE50D18E2164B52B35B5203FFFFFFFFFFFC6FFF00001815C3A34329C040A5437B
0D4858243276846D5D0D1959164BA5B36B52040FFFFFFFFFFC6FFF00001815C3A44329C040A53393
0D48A22432D6846CF00D1995164BCCB36B5303FFFFFFFFFFFC7FFF00001815C3A44329C040A533AB
0D493F2433AB846C780D1A28164C3BB37B5303FFFFFFFFFFFC7FFF00001215C3A44329C040A523C3
0D497E2433FB846BF90D1A72164C6CB38B5403FFFFFFFFFFFC7FFF00001715C3A44329BF40A523DB
0D4A092434AD846B880D1AF6164CCAB39B5403FFFFFFFFFFFC8FFF00001615C3A44329BF40A523F3
0D4A2A2434CF846B0E0D1B0D164CD8B39B5503FFFFFFFFFFFC8FFF00001315C3A44329BF40A5230B
0D4A272434C3846A810D1B10164CD5B38B56040FFFFFFFFFFC7FFF00001315C3A44329BF40A52323
0D4A452434DF8469F80D1B32164CE7B38B5603FFFFFFFFFFFC7FFF00001515C3A44329BF40A5133B
0D4A9B24354D84697F0D1B82164D1EB37B5603FFFFFFFFFFFC7FFF00001715C3A44329BF40A51353
0D4AAD2435598469070D1B8F164D20B38B5603FFFFFFFFFFFC8FFF00001715C3A44329BF40A5136B
0D4AC624357484689A0D1BAD164D33B38B5703FFFFFFFFFFFC8FFF00001715C3A44329BF40A51383
0D4AD92435828468280D1BBC164D38B39B5703FFFFFFFFFFFC7FFF00001115C3A44329BF40A5139B
0D4AEF2435968467A20D1BDB164D4AB3AB58040FFFFFFFFFFC8FFF00001715C3A44329BF40A503B3
0D4B252435D484670B0D1C0D164D69B3AB5703FFFFFFFFFFFC6FFF00001715C3A44329BF40A503CB
0D4B3F2435E98466880D1C24164D70B3AB5803FFFFFFFFFFFC6FFF00001215C3A54329BF40A503E3
0D4B5A24360584661A0D1C3D164D7DB3AB5703FFFFFFFFFFFC8FFF00001515C3A54329BF40A503FB
0D4B7C24362C8465A80D1C69164D9AB3BB5803FFFFFFFFFFFC8FFF00001115C3A54329BF40A50313
0D4BDC2436AD8465350D1CBD164DD3B3BB5803FFFFFFFFFFFC8FFF00001215C3A54329BF40A5032B
0D4C2F2437108464BB0D1D12164E0FB3AB5803FFFFFFFFFFFC8FFF00001715C3A54329BF40A50343
0D4C682437518464290D1D4F164E37B3AB5803FFFFFFFFFFFC8FFF00001715C3A54329BF40A4E35B
0D4CD12437E084639C0D1DBF164E84B3BB58041FFFFFFFFFFC7FFF00001115C3A54329BF40A4E373
0D4D392438608463260D1E21164ECAB3CB5903FFFFFFFFFFFC8FFF00001715C3A54329BF40A4E38B
0D4D6E24389A8462B00D1E4F164EE3B3CB5903FFFFFFFFFFFC9FFF00001715C3A54329BF40A4E3A3
0D4D7D2438B38462340D1E7C164F04B3CB5903FFFFFFFFFFFC8FFF00001615C3A54329BF40A4E3BB
0D4DE924393A8461BC0D1ED1164F3FB3DB59041FFFFFFFFFFC6FFF00001015C3A54329BE40A4D3D3
0D4E0924395A84614D0D1EE4164F47B3DB5A03FFFFFFFFFFFC7FFF00001615C3A54329BF40A4D3EB
0D4E252439798460C60D1EFF164F58B3DB5A03FFFFFFFFFFFC8FFF00001115C3A64329BE40A4D303
0D4E412439908460340D1F1D164F66B3DB5B03FFFFFFFFFFFC8FFF00001115C3A64329BE40A4C31B
0D4E5A2439A3845FBA0D1F32164F6EB3DB5B03FFFFFFFFFFFC8FFF00001515C3A64329BE40A4C333
0D4E8A2439E2845F3D0D1F63164F91B3DB5B03FFFFFFFFFFFC8FFF00001615C3A64329BE40A4C34B
0D4EAB243A04845EBD0D1F91164FA9B3DB5B040FFFFFFFFFFC8FFF00001015C3A64329BE40A4C363
0D4F03243A77845E520D1FEB164FEAB3DB5C03FFFFFFFFFFFC8FFF00001615C3A64329BE40A4C37B
0D4F87243B25845DD70D2061165042B3DB5C03FFFFFFFFFFFC8FFF00001615C3A64329BE40A4C393
0D4FC9243B73845D510D20A316506BB3EB5C03FFFFFFFFFFFC9FFF00001015C3A64329BE40A4B3AB
0D5006243BBA845CD30D20DA16508FB3EB5C03FFFFFFFFFFFC7FFF00001515C3A64329BE40A4B3C3
0D5030243BEF845C540D21081650AAB3EB5D03FFFFFFFFFFFC8FFF00001015C3A64329BE40A4A3DB
0D5066243C29845BCB0D213C1650CDB3EB5D03FFFFFFFFFFFC8FFF00001515C3A64329BE40A4A3F3
0D5095243C5B845B490D21681650E6B3FB5E041FFFFFFFFFFC8FFF00001015C3A74329BE40A4A30B
0D50BB243C87845AD90D218D1650FBB3FB5E040FFFFFFFFFFC7FFF00001015C3A74329BE40A4A323
0D511D243D10845A640D21F5165149B40B5E03FFFFFFFFFFFC7FFF00001615C3A74329BE40A4A33B
0D5191243DA08459E70D226E16519FB41B5E03FFFFFFFFFFFC7FFF00001415C3A74329BE40A49353
0D51DB243E0284596A0D22B01651CBB41B5F03FFFFFFFFFFFC7FFF00001115C3A74329BE40A4936B
0D520E243E3E8458E10D22E31651EFB42B5F03FFFFFFFFFFFC6FFF00001615C3A74329BE40A49383
0D5262243EAB8458570D233D16522CB42B5F03FFFFFFFFFFFC6FFF00001015C3A74329BE40A4839B
0D52C8243F2D8457DA0D239C165270B42B6003FFFFFFFFFFFC6FFF00001515C3A74329BE40A483B3
0D5308243F7E8457660D23D3165292B43B60040FFFFFFFFFFC6FFF00001615C3A74329BE40A483CB
0D5329243FA18456F30D23F31652A4B44B6003FFFFFFFFFFFC8FFF00001615C3A74329BE40A483E3
0D5360243FE88456750D242A1652CBB44B61040FFFFFFFFFFC8FFF00001015C3A74329BD40A483FB
0D53B32440558455F10D248616530AB45B6103FFFFFFFFFFFC7FFF00001515C3A84329BD40A48313
0D541D2440D684556E0D24ED165352B45B62040FFFFFFFFFFC7FFF00000B15C3A84329BD40A4732B
0D546D24413D8454F00D2536165383B46B62042FFFFFFFFFFC7FFF00001515C3A84329BD40A47343
0D54ED2441E584546D0D25BD1653E5B46B62040FFFFFFFFFFC8FFF00001015C3A84329BD40A4735B
0D553D24424A8453EE0D260A165416B47B6303FFFFFFFFFFFC7FFF00001515C3A84329BD40A46373
0D55652442758453720D2627165428B46B6303FFFFFFFFFFFC7FFF00001015C3A84329BD40A4638B
0D55A32442C38452FF0D266F165459B46B6403FFFFFFFFFFFC7FFF00001415C3A84329BD40A463A3
0D55DF24430A84528A0D269D165476B46B6403FFFFFFFFFFFC7FFF00001515C3A84329BD40A463BB
0D55F024431784520E0D26AE16547FB46B64040FFFFFFFFFFC8FFF00001015C3A84329BD40A463D3
0D56702443C684517B0D27341654E0B47B65040FFFFFFFFFFC8FFF00001415C3A84329BD40A453EB
0D57032444848450EC0D27CD16554CB47B6603FFFFFFFFFFFC8FFF00001515C3A94329BD40A45303
0D57A724455D84506F0D28711655C2B47B6503FFFFFFFFFFFC8FFF00001515C3A94329BD40A4531B
0D57F72445C38450000D28AF1655E9B48B6503FFFFFFFFFFFC8FFF00001515C3A94329BD40A45333
0D57FD2445C3844F990D28BC1655F0B49B6603FFFFFFFFFFFC8FFF00000F15C3A94329BD40A4434B
0D580E2445D2844F190D28C61655F2B49B6603FFFFFFFFFFFC8FFF00001415C3A94329BD40A44363
0D581D2445D7844E870D28D81655F8B49B6703FFFFFFFFFFFC8FFF00001515C3A94329BD40A4437B
0D583E2445F9844DF90D28F916560BB4AB67041FFFFFFFFFFC7FFF00000F15C3A94329BD40A43393
0D58A4244680844D7A0D2960165652B4AB6703FFFFFFFFFFFC7FFF00001415C3A94329BD40A443AB
0D591F244722844D070D29DD1656ADB4AB6703FFFFFFFFFFFC7FFF00000D15C3A94329BD40A433C3
0D59A52447DD844CA20D2A5916570AB4AB6803FFFFFFFFFFFC7FFF00001315C3A94329BD40A433DB
0D5A34244899844C250D2AF016577BB4AB6803FFFFFFFFFFFC7FFF00001515C3A94329BD40A423F3
0D5A89244906844B870D2B4A1657B6B4CB68040FFFFFFFFFFC7FFF00001415C3AA4329BC40A4230B
0D5ADF24496C844AED0D2B8D1657E0B4EB6903FFFFFFFFFFFC9FFF00000A15C3AA4329BC40A43323
0D5ADD244962844A810D2BB61657F7B4EB6A03FFFFFFFFFFFC8FFF00001315C3AA4329BC40A4233B
0D5B1A2449B2844A2C0D2BD0165807B4FB6A03FFFFFFFFFFFC8FFF00001415C3AA4329BC40A42353
0D5B392449CF8449AF0D2BF1165820B4FB6A03FFFFFFFFFFFC8FFF00001415C3AA4329BC40A4136B
0D5BB3244A7184490F0D2C6D165875B4FB6B03FFFFFFFFFFFC8FFF00001415C3AA4329BC40A41383
0D5C25244AFB8448700D2CD41658BBB4FB6B03FFFFFFFFFFFC8FFF00000E15C3AA4329BC40A4139B
0D5C78244B638447F50D2D2C1658F4B4FB6B041FFFFFFFFFFC8FFF00001215C3AA4329BC40A413B3
0D5D02244C2084478C0D2DAC165952B4FB6C03FFFFFFFFFFFC8FFF00001015C3AA4329BC40A413CB
0D5D5B244C9F84470E0D2E0E16599DB50B6C03FFFFFFFFFFFC8FFF00001415C3AA4329BC40A403E3
0D5DE8244D4B84468D0D2EA7165A07B51B6D03FFFFFFFFFFFC8FFF00001415C3AB4329BC40A403FB
0D5E37244DAB8446140D2EDA165A27B51B6D03FFFFFFFFFFFC8FFF00001415C3AB4329BC40A40313
0D5E43244DB08445950D2EE6165A2AB51B6D03FFFFFFFFFFFC8FFF00001415C3AB4329BC40A4032B
0D5E71244DED8445020D2F14165A49B52B6E041FFFFFFFFFFC7FFF00001415C3AB4329BC40A40343
0D5EC3244E4684446C0D2F62165A7BB52B6E03FFFFFFFFFFFC7FFF00001415C3AB4329BC40A4035B
0D5F03244EA08443EF0D2FAE165AB1B52B6F03FFFFFFFFFFFC7FFF00001415C3AB4329BC40A40373
0D5F93244F5E8443820D303E165B15B52B6F03FFFFFFFFFFFC8FFF00001415C3AB4329BC40A3E38B
0D5FBA244F8A8443140D305B165B27B52B6F03FFFFFFFFFFFC8FFF00001415C3AB4329BC40A3E3A3
0D600F2450068442930D309F165B5DB51B6F03FFFFFFFFFFFC7FFF00001415C3AB4329BC40A3E3BB
0D60EE2451298442040D318D165C08B52B6F03FFFFFFFFFFFC8FFF00000915C3AB4329BC40A3E3D3
0D613724517F8441730D31D2165C36B52B7003FFFFFFFFFFFC8FFF00001215C3AC4329BC40A3E3EB
0D61822451DE8440E80D3221165C6CB52B70041FFFFFFFFFFC7FFF00000A15C3AC4329BC40A3D303
0D61BB2452278440710D3251165C89B53B7003FFFFFFFFFFFC8FFF00001215C3AC4329BB40A3D31B
0D620E2452968440070D329E165CC1B53B7103FFFFFFFFFFFC7FFF00001315C3AC4329BB40A3D333
0D62D52453A8843F8C0D338F165D7AB53B7103FFFFFFFFFFFC7FFF00001315C3AC4329BB40A3C34B
0D6373245479843EFC0D3412165DD3B53B7103FFFFFFFFFFFC9FFF00000E15C3AC4329BB40A3C363
0D63B62454C4843E600D344F165DF9B54B7103FFFFFFFFFFFC8FFF00001215C3AC4329BB40A3C37B
0D63ED24550A843DDF0D3484165E1BB56B7203FFFFFFFFFFFC8FFF00000E15C3AC4329BB40A3C393
0D641824553D843D780D34A8165E30B58B7303FFFFFFFFFFFC6FFF00000915C3AC4329BB40A3C3AB
0D6437245561843D0C0D34CA165E46B58B7403FFFFFFFFFFFC8FFF00001315C3AC4329BB40A3C3C3
0D6463245594843C800D34F6165E66B59B7503FFFFFFFFFFFC8FFF00001215C3AC4329BB40A3C3DB
0D64C4245607843BDD0D3557165EA6B58B7503FFFFFFFFFFFC8FFF00001215C3AD4329BB40A3B3F3
0D652024567E843B4D0D35B2165EE2B59B7603FFFFFFFFFFFC8FFF00001215C3AD4329BB40A3B30B
0D65742456EB843AE80D3611165F23B59B7603FFFFFFFFFFFC8FFF00001315C3AD4329BB40A3A323
0D664324580F843A860D36CD165FB0B59B7603FFFFFFFFFFFC7FFF00001315C3AD4329BB40A3A33B
0D666B24582D8439FE0D36D8165FB6B59B7603FFFFFFFFFFFC7FFF00000B15C3AD4329BB40A3A353
0D66E32458D58439620D3784166030B59B76040FFFFFFFFFFC8FFF00001315C3AD4329BB40A3A36B
0D673824593F8438D00D37D3166066B59B77040FFFFFFFFFFC8FFF00001315C3AD4329BB40A3A383
0D67AE2459DC8438560D38361660ACB59B7703FFFFFFFFFFFC7FFF00001315C3AD4329BB40A3A39B
0D67E2245A178437E60D38691660CAB5AB7803FFFFFFFFFFFC7FFF00000D15C3AD4329BB40A393B3
0D67DD245A0884376E0D38821660DDB5BB7803FFFFFFFFFFFC8FFF00001215C3AD4329BB40A383CB
0D6835245A7A8436E90D38C716610BB5CB7803FFFFFFFFFFFC8FFF00001315C3AE4329BB40A383E3
0D6863245AB18436610D38EA166120B5CB7903FFFFFFFFFFFC7FFF00000D15C3AE4329BB40A373FB
0D694B245C008435E20D39F01661EAB5CB79040FFFFFFFFFFC7FFF00001215C3AE4329BB40A38313
0D6B3F245EB18435650D3BC916634AB5BB7903FFFFFFFFFFFC8FFF00001215C3AE4329BA40A3832B
0D6C1A245FD98434E30D3C981663E2B5BB7903FFFFFFFFFFFC8FFF00001215C3AE4329BA40A38343
0D6C862460638434580D3D0316642DB5CB7903FFFFFFFFFFFC7FFF00000D15C3AE4329BA40A3835B
0D6CCF2460C08433DC0D3D44166457B5DB7B03FFFFFFFFFFFC7FFF00001215C3AE4329BA40A37373
0D6D1C24611F84336C0D3D8E16648DB5FB7B03FFFFFFFFFFFC7FFF00000D15C3AE4329BA40A3638B
0D6D4824615A8432F60D3DBE1664AEB60B7C040FFFFFFFFFFC6FFF00001115C3AE4329BA40A363A3
0D6D862461A78432750D3E011664DCB60B7D03FFFFFFFFFFFC7FFF00001215C3AE4329BA40A373BB
0D6E692462EA8431F10D3EE616658CB61B7E03FFFFFFFFFFFC7FFF00001215C3AE4329BA40A363D3
0D6F4F24641A8431690D3FC316662CB61B7E03FFFFFFFFFFFC7FFF00000E15C3AF4329BA40A363EB
0D6FD12464C58430FA0D404916668EB62B7E03FFFFFFFFFFFC7FFF00001015C3AF4329BA40A36303
0D702124652F84307F0D40891666BBB63B7F03FFFFFFFFFFFC8FFF00000C15C3AF4329BA40A3631B
0D705424656E842FED0D40C81666E5B64B7F03FFFFFFFFFFFC9FFF00001215C3AF4329BA40A35333
0D70E9246635842F600D415C166750B65B8003FFFFFFFFFFFC8FFF00001215C3AF4329BA40A3534B
0D7184246708842EF00D42091667CEB65B81040FFFFFFFFFFC8FFF00000B15C3AF4329BA40A35363
0D721A2467D1842E880D427716681AB66B8103FFFFFFFFFFFC7FFF00000E15C3AF4329BA40A3437B
0D71E724677F842E0E0D427A16681FB66B8103FFFFFFFFFFFC6FFF00001215C3AF4329BA40A34393
0D72E22468DD842D8B0D43691668CEB67B8203FFFFFFFFFFFC8FFF00000A15C3AF4329BA40A343AB
0D734F246965842CFD0D43BA166906B67B8303FFFFFFFFFFFC8FFF00001115C3AF4329BA40A343C3
0D73B62469EC842C6C0D4417166949B68B8303FFFFFFFFFFFC9FFF00001215C3B04329B940A333DB
0D73FB246A3D842BEC0D445C166975B68B8403FFFFFFFFFFFC7FFF00001215C3B04329B940A333F3
0D7453246ABC842B820D44BE1669BBB69B8403FFFFFFFFFFFC7FFF00000D15C3B04329B940A3230B
0D74AE246B28842B160D4538166A13B69B85040FFFFFFFFFFC7FFF00001115C3B04329B940A33323
0D759B246C83842A9E0D4612166ABCB6AB8603FFFFFFFFFFFC7FFF00001215C3B04329B940A3233B
0D76FF246E6E842A0E0D4797166BE2B6AB8603FFFFFFFFFFFC8FFF00001115C3B04329B940A32353
0D77DC246F928429790D4834166C51B6BB8603FFFFFFFFFFFC8FFF00000915C3B04329B940A3236B
0D7814246FD28429000D4861166C6BB6CB8703FFFFFFFFFFFC8FFF00001015C3B04329B940A32383
0D7829246FE884288F0D4876166C79B6CB8803FFFFFFFFFFFC7FFF00001115C3B04329B940A3139B
0D784824700F8428120D4891166C8CB6DB8803FFFFFFFFFFFC7FFF00000C15C3B04329B940A313B3
0D788C24706D84278D0D48E7166CC8B6EB88040FFFFFFFFFFC7FFF00000C15C3B04329B940A313CB
0D79622471928427120D49C0166D6CB6FB8903FFFFFFFFFFFC6FFF00001115C3B04329B940A313E3
0D79E22472398426950D4A30166DBBB70B8903FFFFFFFFFFFC8FFF00001115C3B14329B940A303FB
0D7A0D24726B84261A0D4A56166DD3B71B8A03FFFFFFFFFFFC9FFF00001115C3B14329B940A30313
0D7A2024727A8425A20D4A68166DD9B71B8B03FFFFFFFFFFFC8FFF00001115C3B14329B940A3032B
0D7A442472A88425200D4A91166DF6B71B8B03FFFFFFFFFFFC7FFF00000915C3B14329B940A30343
0D7A902473098424940D4AD8166E26B70B8C03FFFFFFFFFFFC7FFF00000F15C3B14329B940A3035B
0D7B0D2473B48424110D4B59166E83B70B8C03FFFFFFFFFFFC6FFF00001115C3B14329B940A30373
0D7B6424741D84238C0D4BA6166EB6B71B8C040FFFFFFFFFFC7FFF00001115C3B14329B940A2F38B
0D7BC324749B84230F0D4C09166EFEB71B8C03FFFFFFFFFFFC8FFF00001115C3B14329B840A2F3A3
0D7C2D2475268422A00D4C7B166F4EB71B8D03FFFFFFFFFFFC8FFF00001115C3B14329B840A2E3BB
0D7C622475628422380D4CA1166F67B71B8D03FFFFFFFFFFFC8FFF00000C15C3B14329B840A2E3D3
0D7C8524758E8421B80D4CCB166F84B72B8D03FFFFFFFFFFFC8FFF00001115C3B14329B840A2E3EB
0D7CC22475D384211D0D4D07166FA9B73B8E03FFFFFFFFFFFC7FFF00000C15C3B14329B840A2E303
0D7D0124761E84208B0D4D43166FCEB73B8E040FFFFFFFFFFC8FFF00000E15C3B24329B840A2E31B
0D7D5724769584201B0D4DA3167012B73B8E03FFFFFFFFFFFC8FFF00000E15C3B24329B840A2D333
0D7E492477EE841FB00D4E891670C6B73B8E03FFFFFFFFFFFC8FFF00000B15C3B24329B840A2D34B
0D7F47247946841F2A0D4FA416719DB73B8E03FFFFFFFFFFFC8FFF00001015C3B24329B840A2D363
0D7FF9247A3C841E990D504E167215B73B8E03FFFFFFFFFFFC6FFF00000815C3B24329B840A2D37B
0D8062247AC4841E230D50A2167251B74B8F03FFFFFFFFFFFC7FFF00000F15C3B24329B840A2D393
0D80AF247B28841DC50D50DB167279B74B8F03FFFFFFFFFFFC8FFF00001015C3B24329B840A2C3AB
0D80EB247B77841D440D51171672A6B74B9003FFFFFFFFFFFC6FFF00001015C3B24329B840A2C3C3
0D8149247BF4841CB00D51731672E8B75B90040FFFFFFFFFFC6FFF00001015C3B24329B840A2C3DB
0D81BF247C89841C160D51E9167339B76B9103FFFFFFFFFFFC6FFF00000B15C3B24329B840A2C3F3
0D8219247CFC841B950D5243167378B76B9103FFFFFFFFFFFC6FFF00000F15C3B34329B840A2B30B
0D8234247D19841B260D526316738CB76B9203FFFFFFFFFFFC8FFF00000B15C3B34329B840A2A323
0D8261247D58841AB10D52981673B1B77B9203FFFFFFFFFFFC7FFF00000E15C3B34329B840A2B33B
0D8298247D99841A420D52D41673D7B78B9303FFFFFFFFFFFC8FFF00001015C3B34329B840A2A353
0D82B7247DB68419D40D52DF1673DEB78B9403FFFFFFFFFFFC8FFF00001015C3B34329B840A2A36B
0D8305247E2384194B0D534D167430B78B9403FFFFFFFFFFFC8FFF00001015C3B34329B740A2A383
0D8424247FA28418B20D54511674E7B78B9303FFFFFFFFFFFC8FFF00000B15C3B34329B740A2A39B
0D8465247FEC84181A0D5485167507B78B9403FFFFFFFFFFFC8FFF00000B15C3B34329B740A293B3
0D847F2480048417A70D54AB16751CB78B9403FFFFFFFFFFFC8FFF00000C15C3B34329B740A293CB
0D849E24802B84174E0D54C516752DB78B9403FFFFFFFFFFFC8FFF00000E15C3B34329B740A293E3
0D84C72480688416DD0D54FD16755AB78B9403FFFFFFFFFFFC8FFF00001015C3B34329B740A293FB
0D85A22481928416510D55DD167601B79B94040FFFFFFFFFFC6FFF00000B15C3B44329B740A28313
0D86752482B68415C40D569A16768CB7AB9503FFFFFFFFFFFC6FFF00000F15C3B44329B740A2832B
0D86DE24833F8415420D57001676D8B7AB9403FFFFFFFFFFFC8FFF00000B15C3B44329B740A28343
0D878524841F8414C00D57A316774DB7BB9403FFFFFFFFFFFC8FFF00000F15C3B44329B740A2835B
0D87EF2484B08414440D5806167797B7BB9403FFFFFFFFFFFC7FFF00000B15C3B44329B740A28373
0D88A02485AD8413C00D58BC167820B7BB9503FFFFFFFFFFFC8FFF00000E15C3B44329B740A2838B
0D899B2486FB84134D0D59BD1678DEB7BB9503FFFFFFFFFFFC6FFF00000F15C3B44329B740A283A3
0D8A2D2487CD8412E50D5A41167941B7BB9603FFFFFFFFFFFC7FFF00000A15C3B44329B740A273BB
0D8AC824889C8412640D5AE91679C1B7CB97040FFFFFFFFFFC9FFF00000F15C3B44329B740A273D3
0D8B762489908411CA0D5BA3167A4BB7DB9703FFFFFFFFFFFC9FFF00000F15C3B44329B740A263EB
0D8BED248A258411490D5BFE167A8AB7FB9803FFFFFFFFFFFC8FFF00000F15C3B54329B740A26303
0D8C31248A828410E00D5C42167AB7B7FB9803FFFFFFFFFFFC8FFF00000A15C3B54329B740A2631B
0D8C59248AB184106C0D5C65167AD3B7FB9903FFFFFFFFFFFC8FFF00000F15C3B54329B740A26333
0D8CB7248B33840FDA0D5CD2167B24B80B9A03FFFFFFFFFFFC9FFF00000F15C3B54329B740A2534B
0D8DD2248CC2840F400D5DDF167BF1B81B9B03FFFFFFFFFFFC8FFF00000F15C3B54329B740A25363
0D8E66248D87840ED30D5E92167C71B81B9B03FFFFFFFFFFFC8FFF00000A15C3B54329B740A2537B
0D8EBD248DFF840E7A0D5EBF167C8FB81B9B041FFFFFFFFFFC8FFF00000A15C3B54329B740A24393
0D8EFF248E5B840E040D5ECF167C9FB82B9C03FFFFFFFFFFFC8FFF00000E15C3B54329B740A243AB
0D8F83248F0C840D680D5F94167D31B83B9C03FFFFFFFFFFFC8FFF00000A15C3B54329B640A243C3
0D9139249185840CBF0D6133167E76B83B9D03FFFFFFFFFFFC8FFF00000A15C3B64329B640A243DB
0D92C4249390840C3A0D62F9167FCFB83B9D03FFFFFFFFFFFC6FFF00000E15C3B64329B640A243F3
0D90A12490A0840BF50D6051167DB1B84B9D03FFFFFFFFFFFC7FFF00000F15C3B64329B640A2330B
0D931A24940D840B9E0D62EA167FB2B84B9E03FFFFFFFFFFFC8FFF00000A15C3B64329B640A22323
0D9376249491840B020D6373168025B85B9F040FFFFFFFFFFC9FFF00000F15C3B64329B640A2333B
0D9405249548840A590D63E316806FB86B9F03FFFFFFFFFFFC8FFF00000F15C3B64329B640A22353
0D94A72496308409CD0D649C1680FCB87BA003FFFFFFFFFFFC8FFF00000F15C3B64329B640A2236B
0D95BF2497C28409580D65BF1681D9B88BA003FFFFFFFFFFFC8FFF00000F15C3B64329B640A22383
0D965F24989C8408F70D6668168258B88BA103FFFFFFFFFFFC8FFF00000D15C3B64329B640A2239B
0D9766249A198408950D6746168307B88BA203FFFFFFFFFFFC7FFF00000C15C3B64329B640A223B3
0D97F8249AD884080F0D67FE168394B89BA203FFFFFFFFFFFC7FFF00000E15C3B64329B640A223CB
0D9906249C6B84076A0D68F6168454B89BA403FFFFFFFFFFFC8FFF00000E15C3B74329B640A223E3
0D9AB2249EBE8406D70D6A9F168597B8ABA503FFFFFFFFFFFC7FFF00000E15C3B74329B640A213FB
0D9B7B249FCD8406700D6B5F168624B8BBA5041FFFFFFFFFFC7FFF00000915C3B74329B640A21313
0D9BD224A03E8406010D6BA4168659B8CBA503FFFFFFFFFFFC8FFF00000A15C3B74329B640A2032B
0D9BAF24A0238405770D6BBF168671B8CBA603FFFFFFFFFFFC8FFF00000915C3B74329B640A21343
0D9CBF24A18F8404F50D6CA516871EB8CBA703FFFFFFFFFFFC8FFF00000915C3B74329B640A2035B
0D9D4724A2508404850D6D2516877EB8DBA803FFFFFFFFFFFC7FFF00000E15C3B74329B640A20373
0D9DE324A32484040C0D6DB51687EAB8DBA803FFFFFFFFFFFC7FFF00000E15C3B74329B640A2038B
0D9E4524A3B08403870D6E41168853B8EBA903FFFFFFFFFFFC8FFF00000915C3B74329B640A203A3
0D9EDF24A4808403000D6EB11688A9B8FBA9040FFFFFFFFFFC8FFF00000E15C3B74329B640A203BB
0D9F6624A5418402790D6F40168914B8FBA903FFFFFFFFFFFC7FFF00000E15C3B74329B640A1F3D3
0DA01D24A6388401F50D6FF716899DB90BA903FFFFFFFFFFFC8FFF00000E15C3B84329B640A1F3EB
0DA10424A79484017C0D70EB168A62B90BAA03FFFFFFFFFFFC7FFF00000E15C3B84329B640A1F303
0DA27E24A9A584010A0D7259168B75B90BAB03FFFFFFFFFFFC7FFF00000715C3B84329B640A1E31B
0DA2E724AA2E8400940D72A0168BA9B90BAB03FFFFFFFFFFFC7FFF00000D15C3B84329B640A1E333
0DA30624AA5B8400190D72D5168BD2B91BAC040FFFFFFFFFFC7FFF00000E15C3B84329B640A1E34B
0DA36B24AAE483FF930D7332168C15B92BAC03FFFFFFFFFFFC8FFF00000E15C3B84329B640A1E363
0DA39A24AB1C83FF0F0D7359168C2FB93BAD03FFFFFFFFFFFC8FFF00000C15C3B84329B640A1D37B
0DA3BB24AB4183FE930D7379168C42B93BAE03FFFFFFFFFFFC8FFF00000B15C3B84329B640A1D393
0DA3C024AB3A83FE100D737C168C3FB93BAE03FFFFFFFFFFFC7FFF00000915C3B84329B540A1D3AB
0DA3F824AB8783FD8E0D73C1168C6EB93BAE03FFFFFFFFFFFC7FFF00000915C3B84329B540A1D3C3
0DA43424ABCD83FD1F0D73F2168C8FB94BAE040FFFFFFFFFFC7FFF00000715C3B84329B540A1D3DB
0DA50424AD0C83FCA00D74DA168D4EB95BAE03FFFFFFFFFFFC7FFF00000D15C3B84329B540A1C3F3
0DA65724AEDF83FC180D7620168E40B95BAE03FFFFFFFFFFFC7FFF00000E15C3B84329B540A1C30B
0DA6B924AF5983FB930D7670168E76B95BAE03FFFFFFFFFFFC7FFF00000E15C3B94329B540A1C323
0DA6EE24AFA183FB290D76A1168E95B95BAE03FFFFFFFFFFFC7FFF00000915C3B94329B540A1B33B
0DA77A24B06C83FAB60D7721168EFDB95BAF03FFFFFFFFFFFC7FFF00000D15C3B94329B540A1B353
0DA7CB24B0D083FA1E0D778B168F48B95BB003FFFFFFFFFFFC7FFF00000E15C3B94329B540A1B36B
0DA82B24B14B83F9870D77DC168F80B96BB0041FFFFFFFFFFC8FFF00000915C3B94329B540A1A383
0DA84F24B17383F9150D77F9168F90B96BB003FFFFFFFFFFFC8FFF00000C15C3B94329B540A1A39B
0DA84C24B16683F8AC0D77FA168F89B96BB003FFFFFFFFFFFC7FFF00000B15C3B94329B540A1A3B3
0DA83924B14683F8470D77F2168F82B97BB103FFFFFFFFFFFC7FFF00000915C3B94329B540A1A3CB
0DA84524B14E83F7C90D77F8168F82B97BB103FFFFFFFFFFFC8FFF00000515C3B94329B540A1A3E3
0DA86124B16883F7370D7814168F92B97BB103FFFFFFFFFFFC8FFF00000C15C3B94329B540A193FB
0DA8B424B1D283F6A80D7868168FCEB98BB103FFFFFFFFFFFC8FFF00000D15C3B94329B540A19313
0DA92824B27183F6280D78D4169019B98BB103FFFFFFFFFFFC8FFF00000D15C3B94329B540A1932B
0DA98A24B2F183F5B50D7933169061B97BB103FFFFFFFFFFFC7FFF00000D15C3BA4329B540A18343
0DA9CC24B34C83F5380D7978169095B97BB103FFFFFFFFFFFC7FFF00000D15C3BA4329B540A1835B
0DAAD424B4D083F4B20D7AA716917FB97BB103FFFFFFFFFFFC8FFF00000D15C3BA4329B540A18373
0DABCE24B62A83F43F0D7B83169221B96BB103FFFFFFFFFFFC8FFF00000815C3BA4329B540A1838B
0DAC3724B6AF83F3E20D7BD1169259B97BB103FFFFFFFFFFFC8FFF00000D15C3BA4329B540A183A3
0DAC6924B6F583F3680D7C06169284B97BB103FFFFFFFFFFFC8FFF00000915C3BA4329B540A173BB
0DACC824B77883F2CE0D7C721692D4B97BB2040FFFFFFFFFFC8FFF00000D15C3BA4329B540A173D3
0DAD9724B89583F2320D7D2D16935DB98BB203FFFFFFFFFFFC7FFF00000815C3BA4329B540A163EB
0DAE5124B99D83F1B00D7E09169408B98BB303FFFFFFFFFFFC8FFF00000D15C3BA4329B540A16303
0DAF3824BADE83F1430D7EDA1694A4B99BB303FFFFFFFFFFFC8FFF00000815C3BA4329B540A1631B
0DAFCA24BBAD83F0E70D7F461694F6B9ABB303FFFFFFFFFFFC8FFF00000915C3BA4329B540A16333
0DAFFF24BBF483F07C0D7F9F16953DB9BBB4040FFFFFFFFFFC8FFF00000C15C3BA4329B540A1634B
0DB00824BBFD83EFFD0D7FB4169548B9BBB403FFFFFFFFFFFC8FFF00000D15C3BA4329B540A16363
0DB07724BC9483EF690D8016169592B9BBB503FFFFFFFFFFFC8FFF00000915C3BA4329B540A1537B
0DB14B24BDBF83EEC70D80E7169630B9BBB403FFFFFFFFFFFC8FFF00000D15C3BB4329B540A15393
0DB28024BF7283EE340D8225169725B9BBB503FFFFFFFFFFFC8FFF00000A15C3BB4329B540A153AB
0DB2D124BFD583EDDA0D829D16977EB9CBB503FFFFFFFFFFFC9FFF00000A15C3BB4329B540A143C3
0DB34624C0A883ED900D82F51697C0B9DBB503FFFFFFFFFFFC9FFF00000D15C3BB4329B540A143DB
0DB40F24C1A883ED1C0D8387169835B9DBB503FFFFFFFFFFFC9FFF00000B15C3BB4329B540A143F3
0DB4BA24C29E83EC840D84701698E6B9DBB603FFFFFFFFFFFC7FFF00000A15C3BB4329B540A1430B
0DB57724C3A083EBEA0D8513169961B9DBB6040FFFFFFFFFFC8FFF00000C15C3BB4329B540A14323
0DB66624C4F983EB6D0D85E9169A06B9DBB703FFFFFFFFFFFC8FFF00000C15C3BB4329B540A1433B
0DB74024C62483EAF80D86B7169AA4B9EBB703FFFFFFFFFFFC6FFF00000C15C3BB4329B540A14353
0DB76D24C66883EA830D86FA169AD8B9FBB803FFFFFFFFFFFC7FFF00000815C3BB4329B540A1336B
0DB81024C74F83EA030D87A0169B58BA0BB803FFFFFFFFFFFC7FFF00000C15C3BB4329B540A13383
0DB90724C89E83E98F0D8883169C03BA1BB903FFFFFFFFFFFC7FFF00000C15C3BB4329B540A1239B
0DB99A24C98483E9150D8926169C8BBA1BB903FFFFFFFFFFFC7FFF00000815C3BB4329B540A123B3
0DBB5524CC0A83E88A0D8AF9169DF8BA1BBA03FFFFFFFFFFFC8FFF00000C15C3BC4329B540A123CB
0DBC5D24CD7983E8110D8BD3169E9FBA1BBA03FFFFFFFFFFFC8FFF00000C15C3BC4329B540A123E3
0DBCF424CE4B83E7940D8C5F169F0BBA1BBA03FFFFFFFFFFFC8FFF00000815C3BC4329B540A123FB
0DBD6424CEF083E7080D8CD2169F62BA2BBB040FFFFFFFFFFC7FFF00000B15C3BC4329B540A11313
0DBDF924CFC283E6870D8D63169FD5BA2BBB03FFFFFFFFFFFC7FFF00000815C3BC4329B540A1132B
0DBECC24D0F583E6160D8E3316A077BA2BBB03FFFFFFFFFFFC8FFF00000C15C3BC4329B540A11343
0DBFA824D23D83E5AB0D8F1B16A133BA3BBC03FFFFFFFFFFFC8FFF00000C15C3BC4329B540A1035B
0DC0F324D42383E5380D907316A244BA3BBC03FFFFFFFFFFFC9FFF00000915C3BC4329B540A10373
0DC1CE24D55E83E4B30D913B16A2E0BA3BBD03FFFFFFFFFFFC9FFF00000A15C3BC4329B540A1038B
0DC2B324D6A283E4230D921716A38DBA3BBE03FFFFFFFFFFFCAFFF00000C15C3BC4329B540A103A3
0DC38E24D7EF83E3A10D92FC16A448BA4BBE03FFFFFFFFFFFC9FFF00000C15C3BC4329B540A103BB
0DC50124D9F583E3280D945516A54FBA5BBF03FFFFFFFFFFFC7FFF00000A15C3BC4329B540A103D3
0DC52324DA2383E2AD0D946C16A55EBA6BBF041FFFFFFFFFFC7FFF00000A15C3BC4329B540A0F3EB
0DC54824DA5583E23A0D949C16A582BA6BBF03FFFFFFFFFFFC7FFF00000C15C3BC4329B540A0F303
0DC5D824DB2583E1C40D952C16A5F3BA6BC003FFFFFFFFFFFC8FFF00000815C3BD4329B540A0E31B
0DC62824DB8F83E14A0D957116A623BA7BC103FFFFFFFFFFFC8FFF00000615C3BD4329B540A0E333
0DC69324DC2A83E0CF0D95DE16A67ABA8BC103FFFFFFFFFFFC7FFF00000B15C3BD4329B540A0E34B
0DC7DF24DE0E83E04C0D973116A787BA8BC103FFFFFFFFFFFC7FFF00000815C3BD4329B540A0E363
0DC8AB24DF4083DFC20D97FD16A827BA9BC103FFFFFFFFFFFC9FFF00000B15C3BD4329B540A0E37B
0DC9F824E11983DF370D993816A91FBA9BC2040FFFFFFFFFFC9FFF00000815C3BD4329B440A0E393
0DCA8524E1D983DEBD0D99BD16A982BA9BC203FFFFFFFFFFFC9FFF00000C15C3BD4329B440A0D3AB
0DCAF524E28483DE540D9A3916A9E5BA9BC203FFFFFFFFFFFC8FFF00000C15C3BD4329B540A0D3C3
0DCC2124E43A83DDE80D9B6816AAD6BAABC303FFFFFFFFFFFC8FFF00000915C3BD4329B540A0D3DB
0DCC9724E4DA83DD720D9BE216AB32BABBC3040FFFFFFFFFFC8FFF00000A15C3BD4329B540A0C3F3
0DCCCC24E51383DCDD0D9C0516AB45BABBC403FFFFFFFFFFFC7FFF00000C15C3BD4329B440A0C30B
0DCCF924E54A83DC420D9C2D16AB5EBACBC503FFFFFFFFFFFC7FFF00000715C3BD4329B440A0C323
0DCD7824E60083DBC80D9CB216ABC2BACBC503FFFFFFFFFFFC7FFF00000B15C3BD4329B440A0C33B
0DCE4924E73583DB670D9D6D16AC56BABBC503FFFFFFFFFFFC8FFF00000C15C3BE4329B440A0C353
0DCF0824E84283DAF60D9E5616AD10BACBC503FFFFFFFFFFFC8FFF00000815C3BE4329B440A0C36B
0DCF7924E8FD83DA730D9F1216ADABBADBC5040FFFFFFFFFFC7FFF00000B15C3BE4329B440A0B383
0DD06524EA3583D9EA0D9F9A16AE0CBADBC503FFFFFFFFFFFC6FFF00000B15C3BE4329B440A0B39B
0DD0A924EA9183D9690D9FD616AE38BAEBC503FFFFFFFFFFFC9FFF00000B15C3BE4329B440A0A3B3
0DD11724EB3283D8F00DA03916AE85BAEBC503FFFFFFFFFFFC9FFF00000715C3BE4329B440A0A3CB
0DD17F24EBC783D86C0DA0A016AED5BAEBC603FFFFFFFFFFFC8FFF00000B15C3BE4329B440A0A3E3
0DD24B24ECF783D7F60DA17D16AF84BADBC603FFFFFFFFFFFC8FFF00000B15C3BE4329B440A0A3FB
0DD30C24EE0583D77D0DA22E16B011BADBC603FFFFFFFFFFFC8FFF00000A15C3BE4329B440A0A313
0DD38624EEBA83D6F90DA2A316B06EBADBC603FFFFFFFFFFFC6FFF00000415C3BE4329B440A0A32B
0DD46F24F00D83D6790DA39F16B136BAEBC603FFFFFFFFFFFC7FFF00000A15C3BE4329B440A09343
0DD59724F1CD83D6150DA4C716B21EBAEBC703FFFFFFFFFFFC9FFF00000B15C3BE4329B440A0835B
0DD77F24F4A483D5A40DA67916B388BAEBC703FFFFFFFFFFFC9FFF00000715C3BE4329B440A08373
0DD82024F57F83D5120DA75316B42CBAEBC803FFFFFFFFFFFC8FFF00000915C3BE4329B440A0838B
0DD89F24F63D83D46C0DA7E216B4A2BAFBC803FFFFFFFFFFFC7FFF00000815C3BE4329B440A083A3
0DDA2924F88683D3EE0DA95316B5C2BB0BC903FFFFFFFFFFFC7FFF00000B15C3BF4329B440A083BB
0DDA9824F91883D3920DA99616B5F8BB1BC903FFFFFFFFFFFC8FFF00000B15C3BF4329B440A073D3
0DDA8024F8F083D3200DA9B316B60EBB0BCA040FFFFFFFFFFC8FFF00000B15C3BF4329B440A073EB
0DDABA24F95483D29C0DA9E516B63BBB1BCB040FFFFFFFFFFC8FFF00000715C3BF4329B440A07303
0DDBA824FAA883D2230DAAC116B6E4BB2BCC03FFFFFFFFFFFC8FFF00000B15C3BF4329B440A0631B
0DDC6024FBB383D1A80DAB6816B76BBB3BCC03FFFFFFFFFFFC8FFF00000B15C3BF4329B440A06333
0DDD6424FD3A83D1200DAC7C16B848BB3BCC03FFFFFFFFFFFC8FFF00000B15C3BF4329B440A0634B
0DDE8624FEE683D0900DADA016B932BB4BCC03FFFFFFFFFFFC7FFF00000715C3BF4329B440A06363
0DDF5C25001783D0140DAE6D16B9D1BB4BCC03FFFFFFFFFFFC7FFF00000A15C3BF4329B440A0637B
0DE01425012A83CFB50DAF0C16BA4CBB4BCC03FFFFFFFFFFFC8FFF00000B15C3BF4329B440A06393
0DE0D625024283CF470DAFC316BAE5BB4BCC03FFFFFFFFFFFC8FFF00000715C3BF4329B440A053AB
0DE0D825024483CEBB0DAFFB16BB0EBB5BCD03FFFFFFFFFFFC8FFF00000815C3BF4329B440A053C3
0DE11C25029883CE220DB01C16BB22BB6BCD03FFFFFFFFFFFC7FFF00000915C3BF4329B440A053DB
0DE17025030B83CD9F0DB06316BB57BB6BCE03FFFFFFFFFFFC7FFF00000715C3BF4329B440A043F3
0DE2052503EC83CD3B0DB0F116BBC2BB6BCE03FFFFFFFFFFFC8FFF00000A15C3C04329B440A0430B
0DE2D02504FD83CCD60DB1BB16BC5ABB6BCF03FFFFFFFFFFFC7FFF00000715C3C04329B440A04323
0DE30225055383CC550DB1FD16BC9BBB6BCF03FFFFFFFFFFFC8FFF00000715C3C04329B440A0433B
0DE47C25078483CBB80DB38216BDCABB6BCF03FFFFFFFFFFFC7FFF00000A15C3C04329B440A04353
0DE5B425093783CB280DB4A816BEB4BB6BCF03FFFFFFFFFFFC7FFF00000B15C3C04329B440A0436B
0DE62D2509E683CABD0DB51816BF03BB7BCE03FFFFFFFFFFFC8FFF00000B15C3C04329B440A04383
0DE6C9250AD583CA5A0DB5B716BF8ABB8BCF03FFFFFFFFFFFC8FFF00000A15C3C04329B440A0339B
0DE745250B8483C9D40DB64F16C009BB8BCE03FFFFFFFFFFFC8FFF00000715C3C04329B440A033B3
0DE83D250CF283C93B0DB74C16C0C8BB7BCF03FFFFFFFFFFFC8FFF00000A15C3C04329B440A023CB
0DE8F2250DEE83C8BF0DB7D316C130BB7BCF03FFFFFFFFFFFC8FFF00000715C3C04329B440A033E3
0DE99C250EE483C85E0DB85E16C19BBB7BCF03FFFFFFFFFFFC9FFF00000A15C3C04329B440A023FB
0DEAB625108D83C7EE0DB9CA16C2CBBB6BCF03FFFFFFFFFFFC9FFF00000715C3C04329B440A02313
0DEC242512A583C7640DBB0B16C3BCBB5BD003FFFFFFFFFFFC9FFF00000815C3C04329B340A0132B
0DED2D25143083C6C70DBC1816C49ABB6BD003FFFFFFFFFFFC8FFF00000315C3C14329B340A02343
0DEE9725163783C6400DBD7816C5AFBB7BCF03FFFFFFFFFFFC8FFF00000815C3C14329B340A0135B
0DEF3125171383C5DF0DBDD416C5F4BB8BCF03FFFFFFFFFFFC8FFF00000415C3C14329B340A01373
0DEFF625183B83C5770DBEA516C69EBB8BD003FFFFFFFFFFFC9FFF00000A15C3C14329B340A0138B
0DEFF625183A83C4FA0DBEF516C6DFBB7BD103FFFFFFFFFFFC9FFF00000A15C3C14329B340A003A3
0DF0A025193383C46A0DBF9316C75EBB8BD1040FFFFFFFFFFC7FFF00000A15C3C14329B340A003BB
0DF228251B8C83C3D70DC14916C8C4BB9BD203FFFFFFFFFFFC6FFF00000615C3C14329B340A003D3
0DF3F2251E2183C34A0DC2D116C9FBBBABD203FFFFFFFFFFFC6FFF00000A15C3C14329B3409FF3EB
0DF58425207F83C2D80DC43416CB1DBBABD203FFFFFFFFFFFC8FFF00000A15C3C14329B340A00303
0DF6CD25226183C27B0DC55616CC01BBABD2041FFFFFFFFFFC8FFF00000715C3C14329B3409FF31B
0DF75E25234E83C2110DC63916CCC7BBABD203FFFFFFFFFFFC8FFF00000915C3C14329B3409FE333
0DF8602524B683C1810DC73116CD8CBBABD203FFFFFFFFFFFC9FFF00000A15C3C14329B3409FF34B
0DF98B25268A83C0E90DC84B16CE75BB9BD203FFFFFFFFFFFC7FFF00000A15C3C24329B3409FE363
0DFB5425291D83C0690DC9FA16CFCABBABD303FFFFFFFFFFFC7FFF00000A15C3C24329B3409FE37B
0DFC38252A7A83BFEF0DCAC116D06FBBABD303FFFFFFFFFFFC8FFF00000A15C3C24329B3409FE393
0DFDA9252CBA83BF760DCC6716D1D4BBBBD3040FFFFFFFFFFC9FFF00000A15C3C24329B3409FE3AB
0DFED9252E6783BEFA0DCD9E16D2C6BBCBD303FFFFFFFFFFFC9FFF00000715C3C24329B3409FD3C3
0DFF9E252F8D83BE8A0DCE4E16D354BBBBD403FFFFFFFFFFFC9FFF00000515C3C24329B3409FD3DB
0E002425304C83BE160DCEB216D3A1BBBBD403FFFFFFFFFFFC8FFF00000615C3C24329B3409FD3F3
0E007A2530D283BD930DCF1016D3F0BBCBD403FFFFFFFFFFFC8FFF00000915C3C24329B3409FD30B
0E015B25322A83BD0A0DCFE516D49FBBBBD403FFFFFFFFFFFC7FFF00000615C3C24329B3409FD323
0E02CB25344F83BC840DD15B16D5CEBBCBD403FFFFFFFFFFFC6FFF00000915C3C24329B3409FC33B
0E04552536BF83BC010DD2D916D716BBDBD503FFFFFFFFFFFC8FFF00000A15C3C24329B3409FC353
0E0703253ACF83BB820DD5AE16D96ABBDBD503FFFFFFFFFFFC9FFF00000A15C3C34329B3409FC36B
0E086E253CE983BB0D0DD6DF16DA62BBDBD5301FFFFFFFFFFC8FFF00000A15C3C34329B3409FC383
0E090E253DDC83BA980DD78716DAF1BBDBD503FFFFFFFFFFFC8FFF00000415C3C34329B3409FB39B
0E0A52253FDA83BA200DD8EF16DC1DBBDBD503FFFFFFFFFFFC7FFF00000915C3C34329B3409FB3B3
0E0B6525417083B9A30DD9D116DCD7BBDBD603FFFFFFFFFFFC8FFF00000A15C3C34329B3409FA3CB
0E0C4A2542CB83B9160DDAAE16DD89BBEBD703FFFFFFFFFFFC8FFF00000615C3C34329B3409FA3E3
0E0D6D25448F83B87C0DDBDA16DE89BBFBD8040FFFFFFFFFFC8FFF00000915C3C34329B2409FA3FB
0E0F6225478383B7FB0DDDBF16E014BC0BD803FFFFFFFFFFFC8FFF00000715C3C34329B2409FA313
0E100A25487683B78E0DDE6816E09BBC0BD803FFFFFFFFFFFC8FFF00000A15C3C34329B2409FA32B
0E109D25494F83B71A0DDF1016E125BC1BD903FFFFFFFFFFFC8FFF00000615C3C34329B2409FA343
0E119D254AEC83B69D0DE00016E1EBBC1BDA03FFFFFFFFFFFC8FFF00000915C3C34329B2409F935B
0E12FF254CE883B6180DE15816E301BC1BDA03FFFFFFFFFFFC8FFF00000A15C3C34329B2409F9373
0E1476254F4183B58F0DE31216E477BC0BDA040FFFFFFFFFFC8FFF00000615C3C44329B2409F938B
0E16B025527183B5040DE4EB16E5ECBC1BDA03FFFFFFFFFFFC8FFF00000915C3C44329B2409F93A3
0E16D72552A683B48A0DE51416E60DBC1BDA03FFFFFFFFFFFC9FFF00000A15C3C44329B2409F83BB
0E173825533683B40E0DE57816E65DBC2BDA03FFFFFFFFFFFC7FFF00000915C3C44329B2409F83D3
0E177B25539583B3900DE5BA16E68DBC3BDA03FFFFFFFFFFFC7FFF00000615C3C44329B2409F83EB
0E177A25538783B3100DE5B616E685BC3BDA040FFFFFFFFFFC8FFF00000915C3C44329B2409F8303
0E178025538883B2950DE5BA16E682BC2BDB03FFFFFFFFFFFC8FFF00000915C3C44329B2409F831B
0E178925538683B2100DE5BE16E67EBC2BDB03FFFFFFFFFFFC8FFF00000315C3C44329B2409F8333
0E178F25537D83B1800DE5C316E679BC2BDB03FFFFFFFFFFFC8FFF00000815C3C44329B2409F734B
0E179125537283B1030DE5C716E675BC2BDA03FFFFFFFFFFFC8FFF00000915C3C54329B2409F7363
0E179825537783B0960DE5CD16E674BC2BDA471FFFFFFFFFFC8FFF00000915C3C54329B2409F637B
0E17A525537983B01A0DE5D416E673BC2BD9041FFFFFFFFFFC8FFF00000615C3C54329B2409F6393
0E17A125536B83AF8C0DE5D916E670BC2BD903FFFFFFFFFFFC8FFF00000915C3C54329B2409F63AB
0E17B125536B83AEFE0DE5E416E66EBC2BD903FFFFFFFFFFFC9FFF00000515C3C54329B2409F63C3
0E181B25540D83AE770DE67716E6E1BC1BD903FFFFFFFFFFFC7FFF00000315C3C54329B2409F63DB
0E198425561B83AE050DE7E116E802BC0BD903FFFFFFFFFFFC8FFF00000815C3C54329B2409F53F3
0E1ACB2557EF83ADA00DE8F916E8DBBBFBD803FFFFFFFFFFFC8FFF00000915C3C54329B2409F430B
0E1AE525581183AD260DE91716E8F1BBFBD8040FFFFFFFFFFC8FFF00000415C3C54329B2409F5323
0E1B3625587683AC8A0DE96516E92BBBFBD803FFFFFFFFFFFC7FFF00000715C3C54329B2409F433B
0E1CAB255ABE83ABDF0DEAE216EA6ABBFBD703FFFFFFFFFFFC7FFF00000915C3C64329B1409F4353
0E1DA5255C2883AB650DEBFC16EB44BBEBD603FFFFFFFFFFFC8FFF00000915C3C64329B1409F436B
0E1E29255CE283AB110DEC5616EB8BBBEBD603FFFFFFFFFFFC8FFF00000715C3C64329B1409F4383
0E1E10255CAA83AAA10DEC2616EB62BBDBD603FFFFFFFFFFFC9FFF00000715C3C64329B1409F339B
0E1F40255E7D83AA090DED7716EC6CBBDBD6040FFFFFFFFFFC8FFF00000915C3C64329B1409F33B3
0E21E825625883A9750DF01C16EE89BBEBD603FFFFFFFFFFFC8FFF00000515C3C64329B1409F33CB
0E227B25632383A8F60DF09416EEE8BBDBD503FFFFFFFFFFFC9FFF00000915C3C64329B1409F33E3
0E228925632C83A8810DF09F16EEEEBBBBD403FFFFFFFFFFFC8FFF00000915C3C64329B1409F33FB
0E228225632483A8040DF09B16EEE6BBABD403FFFFFFFFFFFC8FFF00000915C3C64329B1409F2313
0E229325633183A7730DF0A416EEE8BBABD3040FFFFFFFFFFC8FFF00000315C3C74329B1409F232B
0E22F22563B883A6E90DF10516EF31BB9BD303FFFFFFFFFFFC8FFF00000915C3C74329B1409F2343
0E23BE2564E283A6780DF1D916EFD8BB9BD303FFFFFFFFFFFC7FFF00000915C3C74329B1409F235B
0E247B25660383A60C0DF28016F065BB8BD2613FFFFFFFFFFC7FFF00000915C3C74329B1409F2373
0E24E82566A483A58B0DF30016F0D0BB8BD203FFFFFFFFFFFC7FFF00000515C3C74329B1409F138B
0E26B225699683A4F40DF4C616F254BB9BD2040FFFFFFFFFFC7FFF00000615C3C74329B1409F03A3
0E29DF256E5A83A4560DF80916F50BBB9BD203FFFFFFFFFFFC8FFF00000815C3C74329B1409F13BB
0E2B3F25707D83A3D70DF96416F636BB9BD103FFFFFFFFFFFC7FFF00000915C3C84329B1409F03D3
0E2D2425738F83A3760DFB0116F796BBABD203FFFFFFFFFFFC7FFF00000915C3C84329B1409F03EB
0E2DD725748883A30C0DFBF216F862BBBBD303FFFFFFFFFFFCAFFF00000515C3C84329B1409F0303
0E2E822575BF83A2880DFC9616F8FABBCBD403FFFFFFFFFFFC8FFF00000915C3C84329B1409F031B
0E31C7257ACE83A1EE0DFFF616FBD6BBEBD503FFFFFFFFFFFC9FFF00000915C3C84329B1409EF333
0E3388257D7783A1580E017716FD15BBFBD503FFFFFFFFFFFC8FFF00000515C3C84329B1409F034B
0E3500257FB883A0DF0E02F716FE57BBFBD603FFFFFFFFFFFC8FFF00000915C3C84329B1409EF363
0E38902585AA83A07E0E064A17013EBC0BD803FFFFFFFFFFFC9FFF00000915C3C84329B1409EF37B
0E3C9C258C0583A00A0E0B4B170595BC1BD803FFFFFFFFFFFC9FFF00000915C3C84329B1409EE393
0E40D4259296839F7E0E0F241708DABC2BD803FFFFFFFFFFFC9FFF00000915C3C94329B0409EE3AB
0E429925951A839EED0E10501709C6BC4BDA03FFFFFFFFFFFC8FFF00000515C3C94329B0409EE3C3
0E43062595CE839E6D0E10CA170A34BC8BDC03FFFFFFFFFFFC8FFF00000815C3C94329B0409EE3DB
0E441925977D839DFC0E11CE170B11BCBBDF03FFFFFFFFFFFC8FFF00000515C3C94329B0409EE3F3
0E45AF2599FD839D810E13A7170CA2BCCBE103FFFFFFFFFFFC8FFF00000815C3C94329B0409ED30B
0E4646259AF1839CF90E141F170CFEBCEBE303FFFFFFFFFFFC8FFF00000815C3C94329B0409ED323
0E46CC259BA9839C700E1473170D42BCEBE5041FFFFFFFFFFC9FFF00000515C3C94329B0409ED33B
0E4809259DAE839BF10E15B4170E55BCEBE603FFFFFFFFFFFC9FFF00000815C3C94329B0409EC353
0E4B6425A2DB839B7F0E18F017110ABCEBE67A3FFFFFFFFFFC8FFF00000815C3C94329B0409EC36B
0E4D2925A58E839B0B0E1AE81712B6BCEBE703FFFFFFFFFFFC8FFF00000515C3CA4329B0409EC383
0E4EB825A7EA839A860E1C86171409BCEBE703FFFFFFFFFFFC9FFF00000515C3CA4329B0409EC39B
0E4F9925A9378399F70E1D1317147CBCFBE703FFFFFFFFFFFC9FFF00000815C3CA4329B0409EC3B3
0E509925AAC88399760E1E31171569BD0BE703FFFFFFFFFFFC9FFF00000815C3CA4329B0409EC3CB
0E511925AB7F8398FE0E1E951715B9BD0BE7040FFFFFFFFFFC9FFF00000815C3CA4329B0409EB3E3
0E51CA25AC8A8398880E1F40171647BD0BE703FFFFFFFFFFFC8FFF00000515C3CA4329B0409EB3FB
0E52BB25AE0E83980D0E207517174EBCFBE703FFFFFFFFFFFC8FFF00000515C3CA4329B0409EA313
0E537825AF1483978D0E21061717BCBCFBE703FFFFFFFFFFFC9FFF00000715C3CA4329B0409EA32B
0E53CA25AF918397040E213E1717EBBCEBE7040FFFFFFFFFFC8FFF00000515C3CB4329B0409EA343
0E53F525AFC583967B0E215D171801BCEBE703FFFFFFFFFFFC8FFF00000815C3CB4329B0409EA35B
0E550825B1778395F90E22691718E2BCFBE703FFFFFFFFFFFC9FFF00000815C3CB4329B0409EA373
0E55B725B2708395840E232C17197BBD0BE703FFFFFFFFFFFC9FFF00000815C3CB4329B0409EA38B
0E56C425B3ED8395120E2432171A47BD0BE703FFFFFFFFFFFC9FFF00000415C3CB4329B0409EA3A3
0E56E925B3F583948E0E2457171A52BD0BE703FFFFFFFFFFFC9FFF00000515C3CB4329B0409E93BB
0E56B325B3828394030E2420171A10BCFBE603FFFFFFFFFFFC9FFF00000815C3CB4329B0409E83D3
0E566925B2DA83937E0E23D21719B4BCFBE6040FFFFFFFFFFC8FFF00000815C3CB4329B0409E83EB
0E561A25B23F8393070E2389171965BCEBE403FFFFFFFFFFFC8FFF00000815C3CB4329B0409E8303
0E565B25B28883928C0E23D2171991BCABE203FFFFFFFFFFFC8FFF00000315C3CC4329B0409E831B
0E576725B42383920D0E24D3171A62BC7BE003FFFFFFFFFFFC8FFF00000515C3CC4329AF409E8333
0E588025B5BB83918F0E25F2171B48BC5BDF040FFFFFFFFFFC8FFF00000715C3CC4329AF409E734B
0E594625B6A183910F0E26AB171BB9BC3BDD951FFFFFFFFFFC8FFF00000715C3CC4329AF409E8363
0E5C1425BB0E8390870E29D9171E70BC3BDB03FFFFFFFFFFFC8FFF00000315C3CC4329AF409E737B
0E5F6225BFFB83900F0E2CC81720D2BC1BDA03FFFFFFFFFFFC9FFF00000615C3CC4329AF409E7393
0E600325C0F1838F980E2D48172145BBDBD703FFFFFFFFFFFC8FFF00000315C3CC4329AF409E63AB
0E608625C1BE838F020E2DDC1721C0BBCBD503FFFFFFFFFFFC8FFF00000715C3CC4329AF409E63C3
0E60D325C21E838E710E2E1D1721EEBBBBD403FFFFFFFFFFFC8FFF00000815C3CD4329AF409E63DB
0E60DF25C21F838E110E2E231721E7BBBBD403FFFFFFFFFFFC8FFF00000815C3CD4329AF409E63F3
0E60FA25C239838DB80E2E381721EDBBBBD403FFFFFFFFFFFC8FFF00000815C3CD4329AF409E630B
0E618F25C327838D340E2F211722B4BBCBD403FFFFFFFFFFFC9FFF00000515C3CD4329AF409E6323
0E63AB25C659838C910E310A17244BBBBBD303FFFFFFFFFFFC8FFF00000715C3CD4329AF409E533B
0E65BC25C973838BF00E3349172627BBBBD303FFFFFFFFFFFC8FFF00000815C3CD4329AF409E4353
0E677225CC0C838B770E34CE172760BBABD203FFFFFFFFFFFC8FFF00000415C3CD4329AF409E436B
0E680425CCDC838B160E354A1727C3BB9BD203FFFFFFFFFFFC8FFF00000815C3CD4329AF409E4383
0E680B25CCDD838AB70E353B1727B8BB8BD103FFFFFFFFFFFC8FFF00000815C3CD4329AF409E439B
0E685B25CD76838A390E3590172806BB7BD003FFFFFFFFFFFC9FFF00000815C3CE4329AF409E43B3
0E6AB425D0F28389980E3813172A12BB5BCF03FFFFFFFFFFFC7FFF00000415C3CE4329AF409E43CB
0E6BD525D2A98388F90E390A172AE2BB4BCF03FFFFFFFFFFFC8FFF00000715C3CE4329AF409E33E3
0E6CDE25D42D8388820E3A09172BAABB3BCF0F4FFFFFFFFFFC7FFF00000715C3CE4329AF409E43FB
0E6D5A25D4F08388220E3A97172C23BB3BCE07DFFFFFFFFFFC7FFF00000515C3CE4329AF409E3313
0E6E8725D6FF8387A80E3C41172D9EBB3BCE03FFFFFFFFFFFC8FFF00000715C3CE4329AF409E232B
0E72FD25DDC283871C0E3FF01730B1BB3BCE03FFFFFFFFFFFC7FFF00000715C3CE4329AF409E3343
0E754625E1238386990E424E1732A3BB3BCD03FFFFFFFFFFFC7FFF00000715C3CE4329AF409E235B
0E76C325E3868386290E4410173420BB3BCC03FFFFFFFFFFFC8FFF00000415C3CE4329AF409E2373
0E78EC25E6BE8385B20E45FD1735BBBB4BCC03FFFFFFFFFFFC9FFF00000715C3CF4329AF409E238B
0E79BF25E8158385240E46F917368FBB3BCB03FFFFFFFFFFFC8FFF00000415C3CF4329AE409E13A3
0E7C3625EBC883848E0E4932173860BB2BCB03FFFFFFFFFFFC9FFF00000715C3CF4329AE409E23BB
0E7D4625ED618384170E4A41173942BB0BCB03FFFFFFFFFFFC8FFF00000715C3CF4329AE409E13D3
0E7E0825EE758383AF0E4AF41739D6BB0BCA03FFFFFFFFFFFC8FFF00000715C3CF4329AE409E13EB
0E7E7325EF268383360E4B60173A32BAFBC9040FFFFFFFFFFC7FFF00000415C3CF4329AE409E0303
0E7F7925F0E48382B80E4CE7173B81BAEBC803FFFFFFFFFFFC8FFF00000615C3CF4329AE409E031B
0E81A525F3FB8382340E4E9F173CE2BADBC703FFFFFFFFFFFC9FFF00000715C3CF4329AE409E0333
0E823B25F4DC8381AD0E4F17173D40BADBC603FFFFFFFFFFFC8FFF00000515C3CF4329AE409E034B
0E829A25F5648381250E4F72173D8CBADBC503FFFFFFFFFFFC8FFF00000615C3D04329AE409E0363
0E82EF25F5D783809E0E4FC3173DC9BACBC5041FFFFFFFFFFC9FFF00000715C3D04329AE409E037B
0E833625F64783801D0E5006173DFEBABBC403FFFFFFFFFFFC8FFF00000415C3D04329AE409E0393
0E83E225F753837FAC0E50C0173E9CBABBC303FFFFFFFFFFFC7FFF00000715C3D04329AE409DE3AB
0E84CF25F8A8837F420E51A3173F51BAABC303FFFFFFFFFFFC9FFF00000715C3D04329AE409E03C3
0E854825F963837ED20E5222173FBCBAABC3040FFFFFFFFFFC8FFF00000415C3D04329AE409E03DB
0E861025FA9B837E4E0E5302174077BA9BC303FFFFFFFFFFFC8FFF00000715C3D04329AE409DE3F3
0E871E25FC1D837DAF0E53F0174132BA9BC203FFFFFFFFFFFC8FFF00000415C3D04329AE409DE30B
0E883925FDD5837D150E552C17423DBA9BC2040FFFFFFFFFFC7FFF00000415C3D04329AE409DE323
0E8A3F260106837C970E577E174433BA8BC2040FFFFFFFFFFC8FFF00000615C3D04329AE409DE33B
0E8D4E260586837C350E5A6E174689BA7BC003FFFFFFFFFFFC9FFF00000715C3D04329AE409DD353
0E8E492606F9837BE40E5B15174720BA6BBF041FFFFFFFFFFC8FFF00000715C3D04329AE409DD36B
0E8F44260893837B6B0E5C1C17480FBA5BBE040FFFFFFFFFFC8FFF00000415C3D04329AE409DD383
0E91F2260CE9837AC80E5EF0174A75BA2BBC03FFFFFFFFFFFC8FFF00000415C3D14329AE409DC39B
0E96D4261437837A2B0E63CD174E75BA0BBA03FFFFFFFFFFFC8FFF00000715C3D14329AE409DC3B3
0E9A682619AE8379AF0E6741175151B9FBB8042FFFFFFFFFFC8FFF00000715C3D14329AE409DC3CB
0E9D7B261E5F8379430E6A0A1753ADB9DBB6044FFFFFFFFFFC9FFF00000415C3D14329AE409DC3E3
0E9E6A261FF08378CA0E6C38175586B9ABB503FFFFFFFFFFFC8FFF00000615C3D14329AE409DC3FB
0EA1AE26250B8378450E6E70175784B98BB403FFFFFFFFFFFC9FFF00000715C3D14329AE409DC313
0EA5EF262B938377C70E729D175AF4B97BB303FFFFFFFFFFFC9FFF00000715C3D14329AE409DC32B
0EA795262E1583775A0E740A175C22B98BB303FFFFFFFFFFFC9FFF00000415C3D14329AE409DB343
0EA9F82631C68376ED0E7670175E31B98BB303FFFFFFFFFFFC8FFF00000715C3D14329AE409DA35B
0EACBA26363283766A0E7931176094B97BB2040FFFFFFFFFFC8FFF00000415C3D14329AE409DA373
0EB118263CD18375D30E7D7B176421B96BB2041FFFFFFFFFFC8FFF00000615C3D14329AE409DA38B
0EB3512640288375420E7F8C1765DAB97BB203FFFFFFFFFFFC9FFF00000715C3D14329AE409DA3A3
0EB51D2642E48374C30E815F176763B96BB1042FFFFFFFFFFC9FFF00000715C3D24329AE409DA3BB
0EB5E526441F8374650E82171767FEB97BB2042FFFFFFFFFFC9FFF00000415C3D24329AE409DA3D3
0EB7CA26473B8374000E83F21769B0B97BB2308FFFFFFFFFFC9FFF00000715C3D24329AE409D93EB
0EBA77264B8283737D0E8741176C70B97BB3129FFFFFFFFFFC9FFF00000715C3D24329AE409D9303
0EBE4426511A8372EB0E8A37176EE8B97BB303FFFFFFFFFFFCAFFF00000415C3D24329AE409D831B
0EBF552652C38372650E8B57176FDEB97BB303FFFFFFFFFFFCAFFF00000415C3D24329AE409D8333
0EC06E2654758371EA0E8C801770D4B97BB403FFFFFFFFFFFC9FFF00000715C3D24329AD409D834B
0EC19B26564D83716E0E8DD71771FEB97BB403FFFFFFFFFFFC8FFF00000415C3D24329AD409D8363
0EC3262658BE8370F40E8F48177335B98BB503FFFFFFFFFFFC8FFF00000715C3D24329AD409D837B
0EC601265D3C83707D0E92751775E7B98BB403FFFFFFFFFFFC9FFF00000415C3D24329AD409D8393
0ECB8C26660D8370010E9840177ADFB9ABB403FFFFFFFFFFFC9FFF00000715C3D24329AD409D83AB
0ECFD7266C33836F7C0E9BEA177DCCB9ABB403FFFFFFFFFFFC9FFF00000715C3D24329AD409D73C3
0ED0A1266D69836EFF0E9C81177E54B99BB403FFFFFFFFFFFC9FFF00000415C3D24329AD409D63DB
0ED1F0266F84836E810E9DED177F8AB99BB403FFFFFFFFFFFC9FFF00000415C3D24329AD409D73F3
0ED26026701B836E090E9E35177FC3B99BB403FFFFFFFFFFFC8FFF00000415C3D24329AD409D630B
0ED30026712C836D890E9EDF17805EB99BB403FFFFFFFFFFFC9FFF00000615C3D24329AD409D6323
0ED444267311836D050EA02717816AB99BB4041FFFFFFFFFFC8FFF00000415C3D24329AD409D633B
0ED59926751B836C890EA16C17827AB99BB3041FFFFFFFFFFC9FFF00000515C3D24329AD409D6353
0ED66226764A836C100EA22C17831CB97BB3042FFFFFFFFFFC8FFF00000415C3D24329AD409D636B
0ED718267767836B960EA2E11783B4B96BB2046FFFFFFFFFFC9FFF00000615C3D34329AD409D5383
0ED85C26795A836B140EA42C1784CCB96BB2041FFFFFFFFFFC9FFF00000715C3D34329AD409D539B
0ED95E267AE2836A930EA521178598B97BB303FFFFFFFFFFFC9FFF00000615C3D34329AD409D53B3
0EDB1F267D9E836A1C0EA6DF178716B97BB203FFFFFFFFFFFC9FFF00000315C3D34329AD409D43CB
0EDCFB26808A8369AC0EA8A0178890B97BB2430FFFFFFFFFFC8FFF00000615C3D34329AD409D43E3
0EDF412683FE83692E0EAAFC178A89B98BB2183FFFFFFFFFFC8FFF00000315C3D34329AD409D43FB
0EE1332686F483689C0EACE2178C1CB98BB203FFFFFFFFFFFC9FFF00000615C3D34329AD409D4313
0EE28E2688F883681D0EAE4D178D48B98BB203FFFFFFFFFFFC8FFF00000315C3D34329AD409D432B
0EE415268B5D8367AC0EAFCC178E91B97BB103FFFFFFFFFFFCAFFF00000315C3D34329AD409D4343
0EE569268D548367370EB0C1178F54B96BB1044FFFFFFFFFFC8FFF00000615C3D34329AD409D435B
0EE5BF268DCE8366BF0EB137178FBDB96BB1047FFFFFFFFFFC9FFF00000615C3D34329AD409D2373
0EE5F9268E218366420EB196179001B96BB1043FFFFFFFFFFC8FFF00000615C3D34329AD409D238B
0EE665268EC38365BA0EB201179058B96BB103FFFFFFFFFFFC8FFF00000515C3D34329AD409D23A3
0EE701268FA68365370EB28E1790CBB96BB1041FFFFFFFFFFC9FFF00000315C3D34329AD409D23BB
0EE74526900E8364B80EB2C21790F5B96BB103FFFFFFFFFFFC9FFF00000415C3D34329AD409D23D3
0EE7A22690A08364380EB32917914BB95BB003FFFFFFFFFFFC9FFF00000515C3D34329AD409D23EB
0EE8162691508363C70EB39F1791AFB95BB103FFFFFFFFFFFC9FFF00000615C3D34329AD409D1303
0EEAFF2696168363570EB6AF179463B95BB103FFFFFFFFFFFC8FFF00000615C3D34329AD409D131B
0EEFCA269D2E8362D90EBB9817985BB95BB1040FFFFFFFFFFC8FFF00000315C3D34329AD409D1333
0EF21026A08E83625C0EBDB2179A11B93BB003FFFFFFFFFFFC9FFF00000615C3D34329AD409D034B
0EF30126A1EE8361DE0EBE75179AB2B93BAE03FFFFFFFFFFFC8FFF00000615C3D34329AD409D0363
0EF36E26A2948361520EBECB179AF7B92BAD03FFFFFFFFFFFCAFFF00000315C3D34329AD409D037B
0EF3D326A32A8360CD0EBF39179B51B91BAD040FFFFFFFFFFC9FFF00000615C3D44329AD409D0393
0EF49526A44C8360630EBFFA179BEEB8FBAC042FFFFFFFFFFC9FFF00000615C3D44329AD409D03AB
0EF54826A55D835FFA0EC09F179C77B8FBAB048FFFFFFFFFFC9FFF00000315C3D44329AD409D03C3
0EF59E26A5D2835F7A0EC0FF179CBAB8FBAA551FFFFFFFFFFC8FFF00000515C3D44329AD409D03DB
0EF59E26A5AF835EE70EC0F4179C9DB8EBA81E0FFFFFFFFFFC8FFF00000415C3D44329AD409D03F3
0EF5FC26A637835E5B0EC153179CE5B8BBA803FFFFFFFFFFFC8FFF00000615C3D44329AD409CF30B
0EF6A126A72B835DEB0EC1FA179D67B8ABA6048FFFFFFFFFFC8FFF00000615C3D44329AD409CE323
0EF87E26AA2A835D880EC35D179E99B87BA4048FFFFFFFFFFC9FFF00000615C3D44329AD409CE33B
0EFAD726ADB9835D1B0EC5A717A085B83BA103FFFFFFFFFFFC9FFF00000315C3D44329AD409CE353
0EFB3326AE34835C8E0EC68E17A13FB80B9F03FFFFFFFFFFFC9FFF00000315C3D44329AD409CE36B
0EFB8926AE9C835BF20EC6BB17A15DB7EB9E03FFFFFFFFFFFC8FFF00000615C3D44329AD409CE383
0EFBD126AF0D835B6C0EC74517A1CFB7DB9C042FFFFFFFFFFCAFFF00000615C3D44329AD409CE39B
0EFC9326B024835B070EC7C217A22BB7DB9A048FFFFFFFFFFC9FFF00000315C3D44329AD409CD3B3
0EFCC326B068835AA30EC81817A272B7CB9903FFFFFFFFFFFC9FFF00000515C3D44329AD409CD3CB
0EFCC926B070835A2A0EC7B517A21FB7CB99045FFFFFFFFFFC9FFF00000415C3D44329AD409CD3E3
0EFD2126B0EC83599F0EC86917A2AEB7CB99043FFFFFFFFFFC9FFF00000615C3D44329AD409CC3FB
0EFD6126B1318359150EC89117A2C6B7CB98043FFFFFFFFFFC9FFF00000415C3D44329AD409CC313
0EFDB826B1A98358970EC8F017A309B7BB97044FFFFFFFFFFC9FFF00000515C3D54329AD409CC32B
0EFE0326B21C8358230EC93F17A344B79B9603FFFFFFFFFFFC8FFF00000615C3D54329AD409CC343
0EFEDD26B37F8357AE0EC9DF17A3D1B77B9403FFFFFFFFFFFC9FFF00000615C3D54329AD409CC35B
0F001526B55583572C0ECB6C17A51BB77B9404BFFFFFFFFFFC8FFF00000615C3D54329AD409CC373
0F016E26B7638356A40ECCB517A62AB77B920C6FFFFFFFFFFC9FFF00000315C3D54329AD409CB38B
0F025E26B8E383562E0ECDB117A6FCB76B9203FFFFFFFFFFFC9FFF00000615C3D54329AD409CB3A3
0F071A26C04D8355CB0ED28817AB22B77B92048FFFFFFFFFFC9FFF00000615C3D54329AD409CB3BB
0F0BBA26C73F8355520ED72917AEF8B76B92686FFFFFFFFFFC9FFF00000315C3D54329AD409CA3D3
0F0DB626CA468354BE0ED8F617B076B75B9223FFFFFFFFFFFC9FFF00000615C3D54329AD409CA3EB
0F0EBA26CBC483542F0EDA0717B15BB75B92048FFFFFFFFFFC9FFF00000515C3D54329AD409CA303
0F109B26CEB38353B40EDBCE17B2E5B76B93049FFFFFFFFFFC9FFF00000115C3D54329AD409CA31B
0F149726D50E8353470EDFD817B657B77B93045FFFFFFFFFFC9FFF00000515C3D54329AD409CA333
0F168626D7D48352D30EE00517B65DB77B9303FFFFFFFFFFFC8FFF00000615C3D64329AD409C934B
0F170826D8C18352590EE23117B852B78B9403FFFFFFFFFFFC8FFF00000315C3D64329AD409C9363
0F188F26DB038351DD0EE37A17B961B7BB9603FFFFFFFFFFFC9FFF00000515C3D64329AD409C937B
0F19B126DCD38351600EE49B17BA5DB7DB97049FFFFFFFFFFC9FFF00000315C3D64329AD409C9393
0F1AE326DEA48350DA0EE5DB17BB70B7EB98046FFFFFFFFFFC9FFF00000515C3D64329AD409C93AB
0F1C1926E08883504A0EE75317BCABB7FB9A03FFFFFFFFFFFCAFFF00000315C3D64329AD409C83C3
0F1EDA26E4D2834FCF0EEA2B17BF0EB7FB9B046FFFFFFFFFFC8FFF00000615C3D64329AD409C83DB
0F216B26E8B4834F670EEC8017C101B81B9D041FFFFFFFFFFC9FFF00000615C3D64329AE409C83F3
0F23C626EC5B834EF20EEEC917C2F1B83B9D045FFFFFFFFFFC9FFF00000615C3D64329AE409C830B
0F283026F328834E6E0EF30217C68BB82B9D03FFFFFFFFFFFC8FFF00000615C3D64329AE409C8323
0F2C8A26FA04834DF40EF82A17CAD9B81B9D03FFFFFFFFFFFC8FFF00000615C3D74329AE409C733B
0F3149270111834D790EFC1417CE1BB81B9D03FFFFFFFFFFFC8FFF00000515C3D74329AE409C7353
0F34B4270681834CEE0EFF9D17D123B81B9C06DFFFFFFFFFFC8FFF00000415C3D74329AE409C636B
0F39F6270E6C834C5F0F04BF17D55FB80B9C1EBFFFFFFFFFFC8FFF00000615C3D74329AE409C6383
0F3C402711C5834BDE0F072B17D768B7FB9B047FFFFFFFFFFC9FFF00000615C3D74329AE409C639B
0F3ECD2715DE834B750F0A8417DA31B7EB9A046FFFFFFFFFFC8FFF00000315C3D74329AE409C63B3
0F41892719FA834B1B0F0C2717DB91B7DB9A7F1FFFFFFFFFFC8FFF00000615C3D74329AE409C63CB
0F41D7271A54834A9F0F0CB717DC19B7CB992B0FFFFFFFFFFC8FFF00000615C3D74329AE409C63E3
0F4461271E438349FC0F0E9817DDA6B7AB9904AFFFFFFFFFFCAFFF00000315C3D84329AE409C53FB
0F4582271FEA8349660F0FD817DEABB79B98041FFFFFFFFFFC9FFF00000515C3D84329AE409C5313
0F488A2724C28348F00F138817E1D2B79B9703FFFFFFFFFFFC9FFF00000515C3D84329AE409C532B
0F4DE6272CFB83487B0F18F117E654B79B9603FFFFFFFFFFFC9FFF00000515C3D84329AE409C4343
0F4FD8272FD68348050F189617E608B78B9403FFFFFFFFFFFC8FFF00000315C3D84329AE409C435B
0F5BF22742828347960F264A17F18AB76B93048FFFFFFFFFFC8FFF00000415C3D84329AF409C4373
0F6260274BA683471D0F2C8C17F679B72B91040FFFFFFFFFFC9FFF00000415C3D84329AF409C438B
0F637B274D8583468E0F2DB217F789B6DB8E044FFFFFFFFFFC9FFF00000515C3D94329AF409C43A3
0F66782752128345FC0F30D217FA1FB67B89043FFFFFFFFFFCAFFF00000515C3D94329AF409C43BB
0F68642754EE8345790F324A17FB5AB65B8603FFFFFFFFFFFC9FFF00000415C3D94329AF409C33D3
0F69312756278344FB0F330217FBF3B64B83049FFFFFFFFFFC8FFF00000415C3D94329AF409C43EB
0F69C427570C8344870F33A617FC81B61B8004AFFFFFFFFFFC9FFF00000515C3D94329AF409C3303
0F6A682758078344200F344E17FD0DB5EB7E040FFFFFFFFFFC8FFF00000515C3D94329AF409C231B
0F6B1F27591E8343A60F349817FD59B5DB7D03FFFFFFFFFFFC9FFF00000315C3D94329AF409C2333
0F6BBA275A168343190F35D917FE5EB5DB7C049FFFFFFFFFFC9FFF00000415C3DA4329AF409C234B
0F6DBF275D1B83428D0F37AE17FFD9B5DB7B096FFFFFFFFFFC9FFF00000515C3DA4329AF409C2363
0F6EEB275ED58341FC0F38B31800AEB5BB7A2FBFFFFFFFFFFC9FFF00000415C3DA4329AF409C137B
0F6FE527604A8341780F39AF18017EB5BB79042FFFFFFFFFFC9FFF00000315C3DA4329AF409C1393
0F70592760F68341130F3A421801F6B59B79049FFFFFFFFFFC9FFF00000515C3DA4329B0409C03AB
0F72592764478340AC0F3CA518040CB57B79041FFFFFFFFFFC9FFF00000215C3DA4329B0409C03C3
0F7714276B648340260F3F12180624B57B78045FFFFFFFFFFC8FFF00000515C3DB4329B0409C03DB
0F7E5E277641833F8C0F47F2180D6AB56B7703FFFFFFFFFFFC9FFF00000515C3DB4329B0409C13F3
0F8393277E39833F030F4E03181267B53B7503FFFFFFFFFFFC9FFF00000315C3DB4329B0409C030B
0F8A3727883F833E8B0F53EF18174CB51B7303FFFFFFFFFFFCAFFF00000415C3DB4329B0409C0323
0F8E16278E0A833E180F582A181AD5B50B7003FFFFFFFFFFFCAFFF00000515C3DB4329B0409C033B
0F90C527921E833D9D0F59CC181C31B4CB6D047FFFFFFFFFFC8FFF00000515C3DC4329B0409C0353
0F931C2795A2833D110F5C83181E64B4AB6B043FFFFFFFFFFC8FFF00000215C3DC4329B0409C036B
0F93A9279660833C890F5D0B181ED3B48B68042FFFFFFFFFFC9FFF00000515C3DC4329B0409C0383
0F944927975A833C120F5DB7181F67B48B66048FFFFFFFFFFC8FFF00000515C3DC4329B1409C039B
0F94D9279838833B920F5E2E181FD0B47B6409FFFFFFFFFFFC9FFF00000315C3DC4329B1409C03B3
0F95C12799B5833B0D0F5F421820B3B44B6434DFFFFFFFFFFC9FFF00000415C3DD4329B1409BE3CB
0F978E279C64833A9C0F60DE182209B43B64043FFFFFFFFFFC9FFF00000515C3DD4329B1409BE3E3
0F99BA279FA6833A2A0F62F41823C3B42B6203FFFFFFFFFFFC9FFF00000515C3DD4329B1409BE3FB
0F9B0D27A1A48339940F64421824D6B41B61049FFFFFFFFFFC9FFF00000315C3DD4329B1409BE313
0F9D3B27A4E68338EA0F66851826B2B3FB5F048FFFFFFFFFFC9FFF00000415C3DD4329B1409BE32B
0F9D8F27A53783386D0F676118275FB3EB5E045FFFFFFFFFFC8FFF00000515C3DE4329B1409BC343
0F9D7027A5678338200F67E91827CCB3DB5D03FFFFFFFFFFFC9FFF00000315C3DE4329B1409BC35B
0F9F3E27A7E48337BB0F6847182822B3DB5C042FFFFFFFFFFC9FFF00000415C3DE4329B1409BC373
0F9FF527A90783372A0F68D118289EB3CB5C049FFFFFFFFFFC9FFF00000515C3DE4329B2409BC38B
0FA0F227AA798336850F6A0118298EB3AB5C048FFFFFFFFFFC8FFF00000415C3DE4329B2409BC3A3
0FA24A27AC728335E20F6B67182AAEB38B5B041FFFFFFFFFFC8FFF00000315C3DF4329B2409BC3BB
0FA30027AD798335660F6C34182B51B37B5A043FFFFFFFFFFC9FFF00000515C3DF4329B2409BC3D3
0FA2A827AD0D8335140F6CB8182BB7B38B5A047FFFFFFFFFFC9FFF00000415C3DF4329B2409BB3EB
0FA3F527AEE98334A70F6CD9182BD5B38B5903FFFFFFFFFFFC9FFF00000315C3DF4329B2409BC303
0FA43027AF3E8334150F6D41182C2FB37B5803FFFFFFFFFFFC9FFF00000515C3DF4329B2409BA31B
0FA4D127B0298333860F6DE3182CABB37B5703FFFFFFFFFFFC9FFF00000515C3E04329B2409BA333
0FA57727B11A8333090F6E8F182D3AB34B57041FFFFFFFFFFC9FFF00000215C3E04329B3409BA34B
0FA62D27B2308332840F6F50182DD3B33B57048FFFFFFFFFFCAFFF00000515C3E04329B3409BA363
0FA6A527B2CF8331F50F6FBD182E24B35B56043FFFFFFFFFFCAFFF00000515C3E04329B3409BA37B
0FA78027B4338331670F708A182ED1B35B55042FFFFFFFFFFCAFFF00000215C3E14329B3409BA393
0FA94927B6C28330F00F728A183071B33B540DFFFFFFFFFFFC9FFF00000515C3E14329B3409BA3AB
0FAA5D27B8568330930F735A18310CB32B54488FFFFFFFFFFC9FFF00000515C3E14329B3409B93C3
0FAA9E27B8B88330250F739018313FB32B52048FFFFFFFFFFC9FFF00000515C3E14329B3409B93DB
0FAAC227B8EC832F900F73BD183162B31B51040FFFFFFFFFFC9FFF00000515C3E14329B3409B93F3
0FADD827BDC9832EE40F76871833C3B2FB5003FFFFFFFFFFFC9FFF00000215C3E24329B4409B830B
0FB25127C43D832E4E0F7B25183774B30B50047FFFFFFFFFFC9FFF00000515C3E24329B4409B8323
0FB36E27C5DD832DDC0F7C76183880B2FB4F049FFFFFFFFFFC9FFF00000315C3E24329B4409B833B
0FB39527C615832D760F7C7B183884B2EB4F047FFFFFFFFFFC9FFF00000415C3E24329B4409B8353
0FB39727C652832D040F7C58183877B2CB4F043FFFFFFFFFFCAFFF00000515C3E34329B4409B836B
0FB68C27CAE7832C8A0F7FF8183B79B2BB4E044FFFFFFFFFFC9FFF00000515C3E34329B4409B8383
0FBAFC27D197832C050F8483183F34B2AB4D048FFFFFFFFFFC9FFF00000215C3E34329B4409B839B
0FBCD527D422832B600F8596183FF9B29B4C03FFFFFFFFFFFC9FFF00000415C3E34329B5409B73B3
0FBE8227D6B4832AC40F876418417AB28B4B03FFFFFFFFFFFC9FFF00000515C3E44329B5409B63CB
0FBFDA27D8C3832A5B0F89091842DDB27B4904AFFFFFFFFFFCAFFF00000215C3E44329B5409B63E3
0FC30F27DDD38329FC0F8BF3184548B27B48047FFFFFFFFFFC9FFF00000515C3E44329B5409B63FB
0FC44C27DF778329760F8C8B1845C0B26B47045FFFFFFFFFFC9FFF00000315C3E44329B5409B6313
0FC5C327E1B48328DF0F8E84184761B24B46043FFFFFFFFFFC9FFF00000415C3E54329B5409B632B
0FC66527E2968328630F8EBE184787B23B44043FFFFFFFFFFC9FFF00000515C3E54329B6409B6343
0FC6B727E31F8327F40F8F8318482EB21B43048FFFFFFFFFFC9FFF00000515C3E54329B6409B535B
0FC72027E3BB8327670F8FD318486DB21B43044FFFFFFFFFFC9FFF00000315C3E54329B6409B5373
0FC88027E5C98326CD0F915C1849B0B20B4203FFFFFFFFFFFC9FFF00000315C3E64329B6409B538B
0FCB2827E9FC8326510F945C184C2AB1FB4112CFFFFFFFFFFCBFFF00000515C3E64329B6409B43A3
0FD03427F15D8325E00F98D8184FCAB1FB415B6FFFFFFFFFFCAFFF00000415C3E64329B6409B53BB
0FD38E27F6868325630F9BF7185279B1EB41043FFFFFFFFFFC9FFF00000215C3E64329B7409B43D3
0FD80927FD6D8324D60FA0B418566FB1FB40043FFFFFFFFFFCAFFF00000415C3E74329B7409B43EB
0FDC952804148324450FA526185A07B1DB40045FFFFFFFFFFC9FFF00000415C3E74329B7409B4303
0FDF1E2807BB8323C10FA77E185BE7B1BB3F042FFFFFFFFFFC9FFF00000215C3E74329B7409B431B
0FE0232809378323490FA886185CBBB18B3E046FFFFFFFFFFC8FFF00000415C3E74329B7409B3333
0FE18D280B748322C90FAA43185E35B17B3C048FFFFFFFFFFC8FFF00000315C3E84329B8409B334B
0FE68D2812FD8322400FAF1418621EB15B3B044FFFFFFFFFFCAFFF00000215C3E84329B8409B3363
0FE9652816E38321B00FB18D186409B14B39040FFFFFFFFFFCAFFF00000415C3E84329B8409B237B
0FEAD928192983212B0FB347186585B13B38049FFFFFFFFFFC9FFF00000415C3E94329B8409B2393
0FEE21281E0F8320AB0FB67E186827B12B36044FFFFFFFFFFC9FFF00000415C3E94329B8409B23AB
0FEFA828205A8320220FB7F218695DB12B35044FFFFFFFFFFC9FFF00000215C3E94329B8409B23C3
0FF25D282465831FA50FBAA8186B8EB0FB33048FFFFFFFFFFC9FFF00000415C3E94329B9409B23DB
0FF48828277E831F360FBC9C186D1DB0CB32040FFFFFFFFFFCAFFF00000415C3E94329B9409B13F3
0FF752282BF2831EAD0FBFA4186FB7B0DB30046FFFFFFFFFFCAFFF00000215C3EA4329B9409B130B
0FFB4E28319D831E0C0FC3731872C8B0DB30042FFFFFFFFFFCAFFF00000415C3EA4329B9409B1323
0FFDDE283589831D750FC5E51874D5B0BB2F043FFFFFFFFFFCAFFF00000415C3EA4329B9409B033B
0FFFE5283883831CF80FC806187695B09B2E056FFFFFFFFFFC9FFF00000215C3EB4329BA409B0353
1001EC283BB1831C8D0FCA06187841B07B2D046FFFFFFFFFFC9FFF00000315C3EB4329BA409B036B
1006CC284310831C210FCEB2187C22B05B2C046FFFFFFFFFFC9FFF00000415C3EB4329BA409B0383
100EF6284F3D831B9C0FD7A718837EB05B2A191FFFFFFFFFFC9FFF00000215C3EB4329BA409B039B
101699285A26831AFA0FDE491888BAB04B28718FFFFFFFFFFCAFFF00000315C3EC4329BA409B03B3
101B83286148831A560FE345188CBEB02B2703FFFFFFFFFFFCAFFF00000415C3EC4329BB409B03CB
101CB12862F58319E10FE449188D8DB01B27040FFFFFFFFFFC9FFF00000315C3EC4329BB409B03E3
101CE928635D83197D0FE46B188DBCB02B27049FFFFFFFFFFC8FFF00000215C3EC4329BB409AF3FB
101D0C2863AD8318F70FE59D188EC6B02B28049FFFFFFFFFFC9FFF00000415C3ED4329BB409AF313
1021232869F38318610FE8F018917FB01B27040FFFFFFFFFFCBFFF00000415C3ED4329BB409AF32B
1023F6286DEC8317D80FEB7E18938EB00B25048FFFFFFFFFFCAFFF00000315C3ED4329BC409AE343
1026622871998317640FEE0018959FAFEB23042FFFFFFFFFFC9FFF00000215C3ED4329BC409AE35B
10299A2876508316EE0FF112189820AFCB20049FFFFFFFFFFC9FFF00000415C3EE4329BC409AE373
102C26287A078316640FF389189A1EAF8B1E041FFFFFFFFFFC9FFF00000215C3EE4329BC409AE38B
102E0E287CE18315CB0FF552189B8FAF6B1C064FFFFFFFFFFC9FFF00000315C3EE4329BC409AE3A3
1030432880198315420FF7AC189D76AF6B1A045FFFFFFFFFFC9FFF00000415C3EE4329BD409AD3BB
1032EE2884188314C70FFA6C189FBFAF3B19045FFFFFFFFFFCAFFF00000415C3EF4329BD409AD3D3
1037AC288B2883145D0FFF2318A382AF4B19230FFFFFFFFFFC9FFF00000215C3EF4329BD409AD3EB
103C142891A28313F110038E18A725AF1B19899FFFFFFFFFFC9FFF00000315C3EF4329BD409AC303
1040A828985983136510080A18AAB2AF1B18042FFFFFFFFFFC9FFF00000315C3EF4329BD409AC31B
104549289F0A8312D0100C4D18AE30AF0B1704AFFFFFFFFFFCAFFF00000215C3F04329BE409AC333
10478B28A26C831242100E8718B004AECB15048FFFFFFFFFFC9FFF00000415C3F04329BE409AC34B
1049A628A58A8311C81010BD18B1CEAEAB1303FFFFFFFFFFFC9FFF00000415C3F04329BE409AC363
104D8628AB8683115510151B18B566AE9B11049FFFFFFFFFFCAFFF00000315C3F14329BE409AC37B
1053CD28B4608310D4101B0D18BA09AE5B0F048FFFFFFFFFFCAFFF00000315C3F14329BF409AB393
10572D28B96E831053101E3E18BCADAE3B0C040FFFFFFFFFFCAFFF00000415C3F14329BF409AB3AB
1059FD28BD8A830FD61020BF18BEBCAE2B0B03FFFFFFFFFFFC9FFF00000415C3F14329BF409AB3C3
105D5C28C2AC830F5610243618C19BAE0B0903FFFFFFFFFFFC8FFF00000415C3F24329BF409AA3DB
105F8C28C5A5830ECA10262C18C313ADFB09042FFFFFFFFFFCAFFF00000215C3F24329BF409AA3F3
10622D28C9EE830E4310293C18C5B5ADFB0A049FFFFFFFFFFCAFFF00000415C3F24329C0409AA30B
106A4228D5A0830DC710312018CC08ADDB09049FFFFFFFFFFCAFFF00000415C3F24329C0409AA323
106FDD28DD95830D4F1036A218D05CADCB07046FFFFFFFFFFCAFFF00000215C3F34329C0409AA33B
10746128E41E830CCD103B3318D406AD9B03045FFFFFFFFFFCAFFF00000315C3F34329C0409A9353
107A7628ED09830C4410412418D8C6AD6B00047FFFFFFFFFFCAFFF00000215C3F34329C1409A936B
107DA528F196830BC11043ED18DB09AD4AFF047FFFFFFFFFFCAFFF00000415C3F34329C1409A9383
10807A28F5EE830B401046F218DD8CAD4AFE217FFFFFFFFFFCAFFF00000415C3F44329C1409A939B
10848228FBD0830AD0104ABB18E099AD4AFD04AFFFFFFFFFFCBFFF00000415C3F44329C1409A83B3
1086DD28FF40830A5D104D0518E275AD6AFC043FFFFFFFFFFCBFFF00000415C3F44329C1409A83CB
108A062903D48309C710502518E4F0AD4AFC043FFFFFFFFFFCAFFF00000215C3F44329C2409A83E3
108CA729078483091F1052AA18E6EAAD3AFD049FFFFFFFFFFCAFFF00000415C3F54329C2409A83FB
108EC0290A7F8308961054D318E89BAD1AFC048FFFFFFFFFFC9FFF00000315C3F54329C2409A8313
1090D0290DC183083210573D18EA98ACDAF9041FFFFFFFFFFC8FFF00000315C3F54329C3409A832B
10936029114C8307D010596518EC49ACCAF6049FFFFFFFFFFC8FFF00000415C3F54329C3409A8343
109492291350830758105B5918EDFFAC8AF3046FFFFFFFFFFC9FFF00000415C3F64329C3409A735B
109B5B291D378306C110617F18F2E2AC4AEE03FFFFFFFFFFFC9FFF00000315C3F64329C3409A6373
10A29C29277E83061C10686C18F85FABFAEB044FFFFFFFFFFCAFFF00000215C3F64329C3409A638B
10A87D292FB9830591106E7F18FD0DAB9AE8048FFFFFFFFFFC9FFF00000415C3F64329C4409A63A3
10ABCD29348A83051C1071B718FFA1AB6AE5048FFFFFFFFFFC9FFF00000315C3F74329C4409A63BB
10AE412938318304B210740D190189AB5AE203FFFFFFFFFFFC9FFF00000215C3F74329C4409A63D3
10B174293D1183044410777919045CAB2ADE045FFFFFFFFFFCAFFF00000415C3F74329C4409A63EB
10B7C42945DB8303B8107DC219093DAADADC048FFFFFFFFFFC9FFF00000215C3F74329C5409A6303
10BBCD294B9D83032710816D190C29AADADA048FFFFFFFFFFC8FFF00000415C3F84329C5409A531B
10BED1294FDF8302A910844C190E5FAACAD7047FFFFFFFFFFC8FFF00000415C3F84329C5409A5333
10C15A295396830231108691191038AA9AD4043FFFFFFFFFFC8FFF00000415C3F84329C5409A534B
10C3C029570983019810893619124EAA8AD2042FFFFFFFFFFC9FFF00000215C3F84329C6409A4363
10C98B295F828300FB108EF21916E5AA7AD3047FFFFFFFFFFC9FFF00000315C3F94329C6409A437B
10CEBC2966BC83008710942B191AE1AA4AD2371FFFFFFFFFFC9FFF00000415C3F94329C6409A4393
10D26B296C1F83002F1097A0191DA7AA2AD0044FFFFFFFFFFCAFFF00000215C3F94329C6409A43AB
10D5F429712782FFC8109AF119204CAA0ACD03FFFFFFFFFFFC8FFF00000415C3F94329C7409A43C3
10DA862977C682FF3710A03F192479A9FACC03FFFFFFFFFFFC8FFF00000415C3FA4329C7409A33DB
10DFDB297F6582FE8D10A4DF192820AA0ACA03FFFFFFFFFFFC8FFF00000215C3FA4329C7409A33F3
10E6D42988DB82FDEA10ABC6192D58A9FAC8040FFFFFFFFFFC7FFF00000315C3FA4329C8409A230B
10E89A298B7082FD6C10AD71192EA7A9CAC604AFFFFFFFFFFC6FFF00000415C3FA4329C8409A3323
10EA09298DAC82FD1110AEE5192FD8A9AAC5049FFFFFFFFFFC6FFF00000415C3FB4329C8409A233B
10EFDD29960382FCAD10B37F193393A9AAC5049FFFFFFFFFFC7FFF00000315C3FB4329C8409A2353
10F552299E1082FC2F10BB771939A9A97AC4044FFFFFFFFFFC6FFF00000215C3FB4329C9409A236B
10FD6929A8DB82FB9D10C297193F14A93AC3044FFFFFFFFFFC4FFF00000415C3FB4329C9409A2383
11046E29B2B182FAFD10C93A194448A8EABF04AFFFFFFFFFFC2FFF00000315C3FC4329C9409A239B
110F9529C26182FA7210D442194CCFA8BABD040FFFFFFFFFFC1FFF00000215C3FC4329C9409A23B3
1117DA29CDA382F9FB10DB88195249A89ABA041FFFFFFFFFFC0FFF00000415C3FC4329CA409A13CB
111D1B29D4E382F98D10E0DA195669A89AB704BFFFFFFFFFFC0FFF00000315C3FC4329CA409A13E3
11221029DBFE82F91D10E60E195A7FA88AB6044FFFFFFFFFFC1FFF00000215C3FD4329CA409A03FB
1127C829E3CE82F88F10EC08195F0EA89AB603FFFFFFFFFFFC1FFF00000415C3FD4329CA409A0313
112D9829EC1582F7F910F2171963B7A88AB6048FFFFFFFFFFC1FFF00000215C3FD4329CB409A032B
11319329F14E82F78610F5101965F1A85AB3041FFFFFFFFFFC0FFF00000315C3FD4329CB409A0343
1132C729F31A82F70C10F69219672BA83AB1048FFFFFFFFFFC0FFF00000315C3FE4329CB409A035B
11350F29F68182F67D10F93D19694EA81AB304AFFFFFFFFFFC0FFF00000415C3FE4329CC409A0373
1139E929FD0882F5F210FDBF196CA9A82AB34B1FFFFFFFFFFC0FFF00000415C3FE4329CC409A038B
113E922A035F82F57D1101E9196FC6A83AB3051FFFFFFFFFFBFFFF00000115C3FE4329CC409A03A3
1140D62A064982F50811044119717CA82AB2049FFFFFFFFFFBEFFF00000315C3FF4329CC409A03BB
11468B2A0E5B82F483110A8A197650A82AB1045FFFFFFFFFFBEFFF00000115C3FF4329CD4099E3D3
1152322A1DBC82F402111566197E34A80AAF043FFFFFFFFFFBAFFF00000315C3FF4329CD4099E3EB
1158C72A26BE82F38B111BFC19833BA80AAD043FFFFFFFFFFB9FFF00000315C3FF4329CD4099E303
1164AB2A365082F2FC112804198BFFA7EAAC043FFFFFFFFFFB6FFF00000215C4004329CE4099E31B
116A9C2A3E2B82F25E112DE019903CA7CAAB03FFFFFFFFFFFB5FFF00000215C4004329CE4099E333
116F352A445F82F1EA113243199385A7CAA9044FFFFFFFFFFB2FFF00000315C4004329CE4099D34B
1172872A492682F19D1134A519956FA7CAAA045FFFFFFFFFFB0FFF00000315C4004329CE4099D363
1179942A527B82F12A113C87199B3CA7BAAC047FFFFFFFFFFAFFFF00000315C4014329CF4099C37B
11836C2A5FAE82F0891146F719A2DCA78AAA040FFFFFFFFFFB0FFF00000115C4014329CF4099C393
118DF72A6D2082EFE91150EC19A9FCA76AA803FFFFFFFFFFFB0FFF00000315C4014329CF4099D3AB
11944C2A757E82EF631156DF19AE42A75AA7042FFFFFFFFFFAEFFF00000315C4014329D04099C3C3
11999D2A7C3982EEE8115C0B19B1EEA75AA704BFFFFFFFFFFABFFF00000115C4014329D04099C3DB
119C172A7F6C82EE84115E6719B398A74AA5044FFFFFFFFFFABFFF00000315C4024329D04099C3F3
11A15C2A865382EE0B11634319B726A74AA5046FFFFFFFFFFABFFF00000315C4024329D04099C30B
11A9B82A90BE82ED7C116BEE19BD29A76AA6041FFFFFFFFFFACFFF00000115C4024329D14099C323
11B2CD2A9C3982ECF711748D19C329A75AA504AFFFFFFFFFFABFFF00000315C4024329D14099B33B
11BD462AA93082EC71117F8319CAACA76AA4045FFFFFFFFFFA7FFF00000315C4034329D14099B353
11C5E12AB36C82EBEB1187A719D014A75AA2044FFFFFFFFFFA6FFF00000315C4034329D24099A36B
11CB2A2AB9B982EB67118D1519D3B0A6EA9E62EFFFFFFFFFFA5FFF00000115C4034329D24099A383
11D2702AC2E682EAEA1193BC19D848A6CA9D050FFFFFFFFFFA2FFF00000315C4034329D24099A39B
11DB692ACDA582EA79119C6B19DE1AA6DA9B045FFFFFFFFFFA2FFF00000215C4044329D34099A3B3
11E5722AD9D082EA0211A68F19E4F2A69A99047FFFFFFFFFFA3FFF00000215C4044329D34099A3CB
11EBA42AE0DE82E97F11AD0119E8F5A61A9403FFFFFFFFFFFA1FFF00000315C4044329D34099A3E3
11F35C2AE9AE82E8FF11B4D419EDECA5DA8F044FFFFFFFFFFA0FFF00000315C4044329D34099A3FB
11F71A2AEDB682E88311B87119F014A52A8704AFFFFFFFFFF9FFFF00000115C4044329D44099A313
11F9CE2AF0D482E7F911BB1E19F1CCA4CA8303FFFFFFFFFFF9FFFF00000315C4054329D44099932B
1203512AFC0182E76711C4A419F7EEA48A7D048FFFFFFFFFF9FFFF00000315C4054329D440999343
120D482B06D682E6EA11CE7219FDD7A44A78043FFFFFFFFFF9FFFF00000115C4054329D54099935B
12147F2B0ECD82E68411D60F1A0286A3CA72044FFFFFFFFFF99FFF00000315C4054329D540998373
121AE52B15C782E61711DBE21A060EA2DA66046FFFFFFFFFF98FFF00000315C4064329D54099838B
121E772B196482E58B11DF591A0802A1BA59044FFFFFFFFFF98FFF00000115C4064329D6409983A3
1222E52B1E5D82E4F211E3CB1A0ABDA10A4E046FFFFFFFFFF96FFF00000315C4064329D6409983BB
122AAB2B266382E46811EB451A0F09A0BA44046FFFFFFFFFF95FFF00000315C4064329D6409983D3
122F2D2B2BA882E3F211EFD51A11F4A00A3A047FFFFFFFFFF94FFF00000315C4074329D7409973EB
1236202B338D82E38911F6CC1A16529EFA2D048FFFFFFFFFF92FFF00000115C4074329D740997303
123C702B397782E31311FCFA1A19919E3A24043FFFFFFFFFF8FFFF00000215C4074329D74099731B
123F962B3C5382E27D11FFFC1A1B0F9DDA1E049FFFFFFFFFF91FFF00000215C4074329D740997333
1245CF2B42C482E1EE1206331A1E949D0A13040FFFFFFFFFF8EFFF00000115C4074329D84099634B
1250D52B4CFF82E17D12111D1A243B9C4A0604CFFFFFFFFFF8CFFF00000215C4084329D840996363
1257182B523682E1081217511A27119B19F5047FFFFFFFFFF86FFF00000215C4084329D84099637B
125D3C2B586482E084121D1A1A2A589969DF046FFFFFFFFFF89FFF00000215C4084329D940996393
1265592B5EF382E0031224C61A2DC997A9C7045FFFFFFFFFF85FFF00000215C4084329D9409963AB
126D4C2B64D382DF82122CB61A310C9629B203FFFFFFFFFFF81FFF00000315C4094329D9409963C3
1272072B68C482DF0512316D1A333293F995045FFFFFFFFFF7DFFF00000315C4094329DA409953DB
1277EC2B6E2082DE901237011A3604912970045FFFFFFFFFF79FFF00000115C4094329DA409953F3
127FCF2B75A282DE24123F5D1A3A678F494A043FFFFFFFFFF74FFF00000215C4094329DA4099430B
1284BE2B7A3682DDA51244481A3CEA8CD92C047FFFFFFFFFF6EFFF00000315C4094329DB40995323
128B902B820F82DD21124AFD1A412C8A9908042FFFFFFFFFF6CFFF00000315C40A4329DB4099433B
1292572B89F782DCA21251A01A45808898EA03FFFFFFFFFFF63FFF00000115C40A4329DB40994353
1299282B925382DC1E12586B1A4A2086A8CB04BFFFFFFFFFF60FFF00000315C40A4329DC4099436B
129F6C2B98FE82DB9C125E991A4DC284F8AE04AFFFFFFFFFF63FFF00000215C40A4329DC40994383
12A4682B9E6482DB311263781A50B282E892045FFFFFFFFFF64FFF00000015C40A4329DC4099439B
12A6BE2BA0E382DACE1265DC1A521E80D877046FFFFFFFFFF6AFFF00000315C40B4329DD409933B3
12A8F42BA37682DA561268191A53927F685C03FFFFFFFFFFF74FFF00000315C40B4329DD409923CB
12ABF12BA6A082D9BE126B0D1A554B7E7848046FFFFFFFFFF85FFF00000115C40B4329DD409923E3
12AEB82BA92482D924126DC81A56AA7DB83A043FFFFFFFFFF95FFF00000315C40B4329DE409923FB
12B0C12BAB8C82D8A8126FCE1A57FA7D282F044FFFFFFFFFF9EFFF00000315C40C4329DE40992313
12B24A2BAD4082D83D1271341A58DD7C782403FFFFFFFFFFFA2FFF00000315C40C4329DE4099232B
12B3392BAE1182D7CA1272311A59587BB81A045FFFFFFFFFFA3FFF00000115C40C4329DF40992343
12B4002BAEC882D75C1272E31A59B37BA813043FFFFFFFFFFA6FFF00000315C40C4329DF4099235B
12B6032BB12382D6F11274E01A5AFE7B5814040FFFFFFFFFFA7FFF00000115C40C4329DF40992373
12B8792BB42782D66712775C1A5CB17B181104BFFFFFFFFFFA9FFF00000315C40D4329DF4099138B
12BA362BB63682D5C112791D1A5DD17AA80B046FFFFFFFFFFAAFFF00000215C40D4329E0409913A3
12BDDB2BB9BD82D537127CAB1A5FB57A1803040FFFFFFFFFFADFFF00000015C40D4329E0409913BB
12BEE12BBA6F82D4DA127D9C1A60127957FE046FFFFFFFFFFAEFFF00000315C40D4329E1409913D3
12C03F2BBBCB82D471127EF41A60CC7897F7047FFFFFFFFFFADFFF00000115C40D4329E1409903EB
12C15E2BBCEE82D3F01280191A617878D7F203FFFFFFFFFFFADFFF00000215C40E4329E140990303
12C2122BBDAE82D3791280C71A61DC78D7EF043FFFFFFFFFFB0FFF00000215C40E4329E14099031B
12C2BD2BBE7982D3051281691A624678F7E9049FFFFFFFFFFB1FFF00000315C40E4329E240990333
12C4F22BC0B082D2781283B11A638B78E7E703FFFFFFFFFFFB1FFF00000315C40E4329E24099034B
12C8CB2BC48D82D1EE12876D1A65A07897E503FFFFFFFFFFFB3FFF00000315C40E4329E34098F363
12CA062BC55B82D1701288981A660F77D7E104CFFFFFFFFFFB3FFF00000115C40F4329E34098F37B
12CCEF2BC7C782D0FA128B771A675E77A7DF048FFFFFFFFFFB2FFF00000215C40F4329E34098F393
12D11D2BCB9982D093128F961A696E7797DB044FFFFFFFFFFB2FFF00000315C40F4329E34098E3AB
12D3292BCD1782D0311291A41A6A507757DD03FFFFFFFFFFFB3FFF00000315C40F4329E44098E3C3
12D86F2BD18A82CFB31296CC1A6CB47747D9040FFFFFFFFFFB3FFF00000115C40F4329E44098E3DB
12DCDB2BD51382CF27129B221A6EAC7747D703FFFFFFFFFFFB4FFF00000215C4104329E44098E3F3
12E0C62BD83082CEB2129EFF1A705B7727D203FFFFFFFFFFFB4FFF00000215C4104329E54098E30B
12E5542BDBB982CE4B12A3851A725276A7CC03FFFFFFFFFFFB3FFF00000115C4104329E54098D323
12E8252BDD1782CDD812A6521A731D7657CB03FFFFFFFFFFFB2FFF00000315C4104329E54098D33B
12EA162BDCA982CD5F12A8341A72D87617C803FFFFFFFFFFFB3FFF00000215C4104329E64098D353
12EECF2BDF8482CCE812ACB91A745475F7C503FFFFFFFFFFFB4FFF00000215C4114329E64098D36B
12F3A22BE3CF82CC7C12B19D1A76B575C7C203FFFFFFFFFFFB2FFF00000115C4114329E64098C383
12F6F72BE75A82CC2912B4F01A78B87597C203FFFFFFFFFFFADFFF00000215C4114329E74098C39B
12F8832BE93C82CBEA12B6581A79A675B7C103FFFFFFFFFFFB2FFF00000115C4114329E74098C3B3
12FE0A2BEE3682CB9012BBBC1A7C637557C003FFFFFFFFFFFB6FFF00000315C4114329E74098C3CB
130CAB2BF7DA82CB1012CA181A81B07597BA03FFFFFFFFFFFB4FFF00000315C4124329E84098B3E3
130FE92BF9FD82CA9112CD551A82D175D7B2040FFFFFFFFFFB4FFF00000315C4124329E84098C3FB
1314342BFEBE82CA2812D1B21A85717567AE03FFFFFFFFFFFB5FFF00000315C4124329E84098C313
1318A52C020582C9ED12D6341A875774D7B003FFFFFFFFFFFB6FFF00000115C4124329E94098B32B
1318B92C008C82C9BD12D6491A86877497B103FFFFFFFFFFFB5FFF00000115C4124329E94098B343
1319D32C01DC82C96112D74D1A873D74D7B203FFFFFFFFFFFB6FFF00000315C4134329E94098B35B
131A552C02A082C8DD12D7BE1A879974C7B203FFFFFFFFFFFB6FFF00000315C4134329EA4098A373
131F092C074D82C86A12DC591A8A2E74A7B203FFFFFFFFFFFB5FFF00000315C4134329EA4098A38B
13213F2C072882C80A12DEB41A8A337497AE03FFFFFFFFFFFB6FFF00000115C4134329EA4098A3A3
1321462C058F82C7AB12DEAE1A89417467AB03FFFFFFFFFFFB8FFF00000315C4134329EB4098A3BB
1325262C08F882C75012E2761A8B1F7487AD03FFFFFFFFFFFB9FFF00000315C4144329EB4098A3D3
1323302C050882C6FB12E08C1A88F47457AE040FFFFFFFFFFB8FFF00000115C4144329EB4098A3EB
1322E02C030282C6AD12E0481A87E074A7B41A7FFFFFFFFFFB6FFF00000315C4144329EC40989303
13224C2C014882C66412DFC21A86F374D7B62A1FFFFFFFFFFB7FFF00000315C4144329EC4098931B
1323D02C02BB82C60112E1381A87BD74D7B6042FFFFFFFFFFB8FFF00000115C4144329EC40989333
13247B2C02F682C57312E1E11A87D77487B203FFFFFFFFFFFB9FFF00000215C4154329ED4098934B
1326A62C05DA82C4F312E4041A896C73F7B103FFFFFFFFFFFBCFFF00000115C4154329ED40988363
1328732C083E82C4AD12E5DD1A8AC97427AD041FFFFFFFFFFBBFFF00000315C4154329EE4098837B
132A7C2C0AEC82C46E12E7E31A8C4B7407AC03FFFFFFFFFFFBBFFF00000215C4154329EE40988393
132C862C0D7182C41612E9DA1A8DA77447AB03FFFFFFFFFFFBBFFF00000215C4154329EE409883AB
132CD32C0D2382C3B612EA1E1A8D777447AC03FFFFFFFFFFFBBFFF00000315C4164329EE409883C3
132D362C0CE682C35B12EA821A8D537477AA03FFFFFFFFFFFBBFFF00000115C4164329EF409883DB
132F652C0F8F82C2F912EC9D1A8EC97417A803FFFFFFFFFFFBAFFF00000215C4164329EF409873F3
1331952C121182C28812EED61A903273D7A803FFFFFFFFFFFBAFFF00000315C4164329EF4098730B
1334BC2C15CF82C22112F1F21A923F7397AA03FFFFFFFFFFFBCFFF00000215C4164329F040987323
133A932C1DCF82C1C312F7CB1A96B27357AB03FFFFFFFFFFFBCFFF00000115C4164329F04098633B
1340572C265F82C16C12FD7B1A9B6473E7A803FFFFFFFFFFFBCFFF00000115C4174329F140986353
134C1D2C375B82C12013094A1AA4CE7417A603FFFFFFFFFFFBDFFF00000215C4174329F14098636B
13544B2C423882C0DA1311371AAABE73E7A703FFFFFFFFFFFBDFFF00000115C4174329F140986383
1359122C485982C0841315CE1AAE0F7407A503FFFFFFFFFFFBEFFF00000015C4174329F14098639B
135B782C4A6782C01013181F1AAF2B73E7A503FFFFFFFFFFFBFFFF00000215C4174329F2409863B3
1361672C50B982BF8F131DE91AB27B73D7A503FFFFFFFFFFFBFFFF00000215C4184329F2409853CB
1368BE2C58D482BF2C1325291AB70973B7A703FFFFFFFFFFFBFFFF00000115C4184329F3409853E3
1369D52C595D82BEF013266E1AB76F73F7A8220FFFFFFFFFFBFFFF00000115C4184329F3409853FB
136AD12C58FD82BEAB1327511AB73073C7A834FFFFFFFFFFFC1FFF00000115C4184329F340984313
1368EA2C53F982BE521325771AB47B7397A803FFFFFFFFFFFC1FFF00000215C4184329F34098532B
136EC02C5B6082BDF2132AE01AB82C73D7A803FFFFFFFFFFFC0FFF00000215C4194329F440984343
138A5F2C837582BD8913458D1ACD7673B7A503FFFFFFFFFFFC0FFF00000115C4194329F44098435B
13AAAA2CA7A582BD1C1365CF1AE2647367A003FFFFFFFFFFFC1FFF00000215C4194329F540984373
13A1152C951582BCBA135CFF1AD87373C79D03FFFFFFFFFFFC1FFF00000215C4194329F54098438B
139E3A2C90A982BC6D1359F11AD5BD73D7A303FFFFFFFFFFFC1FFF00000115C4194329F5409833A3
139C0C2C8C2782BC1A1357EE1AD35773C7A8041FFFFFFFFFFC1FFF00000115C41A4329F6409833BB
139F322C8F5E82BBBA135B081AD5217377A8040FFFFFFFFFFC1FFF00000215C41A4329F6409823D3
13A31C2C954C82BB64135EFA1AD85E7347A5040FFFFFFFFFFC1FFF00000215C41A4329F6409823EB
13A7D12C9A4182BB051363771ADB187347A403FFFFFFFFFFFC0FFF00000215C41A4329F740982303
13A87E2C98BC82BA8E13642C1ADA467357A303FFFFFFFFFFFC1FFF00000115C41A4329F74098231B
13AB122C9B4E82BA2713667F1ADB497327A4040FFFFFFFFFFC2FFF00000215C41A4329F740982333
13CD732CC3E982B9EC13861B1AEFA672C7A203FFFFFFFFFFFC2FFF00000115C41B4329F84098134B
13F3D72CEE3D82B99513AEBB1B098472C79C03FFFFFFFFFFFC2FFF00000115C41B4329F840982363
13FEF02CFB5F82B91313B7831B0F2D73179503FFFFFFFFFFFC2FFF00000215C41B4329F84098137B
14049F2D016A82B8B013BF941B143E73979B040FFFFFFFFFFC2FFF00000215C41B4329F940981393
1404712D018482B89613BF241B141473C7A403FFFFFFFFFFFC3FFF00000115C41B4329F9409813AB
1403FA2D012282B86913BE9A1B13DA7427A803FFFFFFFFFFFC3FFF00000215C41C4329F9409813C3
1405062D029382B7FA13BEFE1B14367427A903FFFFFFFFFFFC3FFF00000215C41C4329FA409803DB
1405462D02CE82B7B613BFE11B14C07437AD29AFFFFFFFFFFC2FFF00000115C41C4329FA409803F3
1405552D030682B78013BF761B148573A7AD3F9FFFFFFFFFFC2FFF00000115C41C4329FA4098030B
1405CC2D039C82B73C13C0171B150973B7AA042FFFFFFFFFFC2FFF00000115C41C4329FB40980323
14065A2D045882B74A13C07D1B154473F7AF040FFFFFFFFFFC2FFF00000215C41C4329FB4098033B
1406F72D050C82B75213C12B1B15B87417B103FFFFFFFFFFFC2FFF00000015C41D4329FB40980353
1406CD2D04DA82B73613C0BA1B157873E7AF040FFFFFFFFFFC2FFF00000115C41D4329FC4097F36B
1406A72D04BD82B73713C0FB1B15A87447AC03FFFFFFFFFFFC4FFF00000115C41D4329FC4097F383
1407052D053182B75013C14F1B15D47457AE040FFFFFFFFFFC2FFF00000115C41D4329FC4097F39B
1407242D053B82B74213C1931B16007437B0041FFFFFFFFFFC2FFF00000015C41D4329FD4097F3B3
1406F12D052682B73113C1E71B16387437AF041FFFFFFFFFFC2FFF00000115C41E4329FD4097F3CB
1407932D05D182B75013C2B11B16B07447AD03FFFFFFFFFFFC2FFF00000115C41E4329FD4097E3E3
14075E2D05A282B74B13C1F71B16517407AD03FFFFFFFFFFFC2FFF00000215C41E4329FE4097E3FB
14075D2D059D82B73A13C2631B16877427AE040FFFFFFFFFFC2FFF00000215C41E4329FE4097E313
14072D2D058182B74513C1F01B164A7407AD03FFFFFFFFFFFC2FFF00000115C41E4329FF4097E32B
14074C2D059D82B73F13C1E31B16487437B103FFFFFFFFFFFC2FFF00000115C41E4329FF4097E343
1407BF2D066182B73913C2531B168D7407B003FFFFFFFFFFFC2FFF00000215C41F4329FF4097C25B
1407C22D05FD82B74213C2291B161973A7AF040FFFFFFFFFFC3FFF00000215C41F432A004097C273
14074E2D043182B74713C2011B15427707D0040FFFFFFFFFFC2FFF00000215C41F432A004097C28B
14072B2D02D882B74B13C1C41B1496802828040FFFFFFFFFFC2FFF00000115C41F432A004097C2A3
1406652D01C282B75013C0821B1410860892040FFFFFFFFFFC3FFF00000115C41F432A014097C2BB
1406922D00D882B73C13C1601B135187D8BF040FFFFFFFFFFC2FFF00000115C420432A014097C2D3
1404D22D001882B72E13C10C1B12DA8A08DC2A0FFFFFFFFFFC2FFF00000215C420432A014097B2EB
14069E2CFEB982B73913C1931B121C8CF90240DFFFFFFFFFFC2FFF00000215C420432A024097B203
1406D22CFEAB82B74F13C1F01B124C90B92B040FFFFFFFFFFC2FFF00000015C420432A024097A21B
1406D02CFE4D82B74E13C1A11B123B93A951040FFFFFFFFFFC2FFF00000115C420432A024097A233
1404EB2CFEE982B74D13C14C1B11F896B970040FFFFFFFFFFC2FFF00000215C421432A034097A24B
