* Sea-Bird SBE 9 Data File:
* FileName = X:\CTD_Data\2023\PS23_22_Sutton_CTD\B082N_CTD_256.hex
* Software Version Seasave V 7.26.7.121
* Temperature SN = 2893
* Conductivity SN = 0434
* Number of Bytes Per Scan = 40
* Number of Voltage Words = 5
* Number of Scans Averaged by the Deck Unit = 24
* System UpLoad Time = May 08 2023 17:19:28
* NMEA Latitude = 28 01.42 N
* NMEA Longitude = 087 58.75 W
* NMEA UTC (Time) = May 08 2023  22:22:07
* Store Lat/Lon Data = Append to Every Scan
* SBE 11plus V 5.2
* number of scans to average = 24
* pressure baud rate = 9600
* NMEA baud rate = 4800
* surface PAR voltage added to scan
* A/D offset = 5
* GPIB address = 1
* advance primary conductivity  0.073 seconds
* advance secondary conductivity  0.073 seconds
* autorun on power up is disabled
* S>
* System UTC = May 08 2023 22:19:28
*END*
14720B2D95F382B7B8142A271B62329788BF040FFFFFFFFFFC6FFF0003E915615F431F6A40BE72BE
1472602DA61582B79C142BAF1B623094F8CD040FFFFFFFFFFC6FFF0003E215615F431F6A40BE72D6
146E572DB45282B79E142C291B62779208F91F3FFFFFFFFFFC6FFF0003EC15615F431F6A40BE82EE
146E442DB88482B7A4142A691B628394391A040FFFFFFFFFFC5FFF0003DF156160431F6A40BE8206
146FBA2DB90C82B7AB142B551B61D49288DD040FFFFFFFFFFC5FFF0003EA156160431F6A40BE821E
146E9F2DB9BA82B7C114282A1B60B189B8BF03FFFFFFFFFFFC5FFF0003E9156160431F6A40BE8336
146E152DBBD682B7CF1426C71B60107E385F2CAFFFFFFFFFFC5FFF0003E2156160431F6940BE834E
146E8B2DBC3E82B7B81426EF1B602C76F7ED05DFFFFFFFFFFC5FFF0003DF156160431F6940BE8366
14707E2DBE7F82B79D14271E1B605F7557C603FFFFFFFFFFFC5FFF0003DF156160431F6940BE837E
146F272DBCEE82B79C1428521B612874C7B803FFFFFFFFFFFC5FFF0003F1156160431F6940BE8396
146D332DBAFD82B7991428071B61157457B11EEFFFFFFFFFFC5FFF0003F2156161431F6940BE83AE
1469862DB74E82B7A51423E91B5E8274A7B0133FFFFFFFFFFC5FFF0003EB156161431F6940BE83C6
1466552DB3D982B7DB141F8F1B5BFB74F7AF03FFFFFFFFFFFC5FFF0003D9156161431F6940BE83DE
1466B12DB4A882B7E1141ED01B5B7774B7AD03FFFFFFFFFFFC6FFF0003DF156161431F6840BE83F6
146AEA2DB8AB82B7A61421721B5D0F7427AB0D4FFFFFFFFFFC5FFF0003DF156161431F6840BE830E
146B1D2DB93A82B7831424171B5E877407AB189FFFFFFFFFFC5FFF0003EB156162431F6840BE8326
146C072DB9A682B79414248F1B5EE77467AB03FFFFFFFFFFFC5FFF0003F0156162431F6840BE833E
1467C52DB5A582B7AD1421291B5CEE7417AF03FFFFFFFFFFFC5FFF0003F3156162431F6840BE8356
146A432DB82582B7B51424281B5EAF7417B104AFFFFFFFFFFC5FFF0003EC156162431F6840BE836E
146AA52DB88882B7C214258B1B5F697407AF2F7FFFFFFFFFFC5FFF0003E2156162431F6840BE8386
146E822DBCA282B7CD1428AB1B613573F7B203FFFFFFFFFFFC5FFF0003E1156162431F6740BE839E
146D882DBB8B82B7B81427C91B60AF7407AE03FFFFFFFFFFFC4FFF0003E7156162431F6740BE83B6
146F042DBD5582B78D1428281B60FE7477AC03FFFFFFFFFFFC4FFF0003F0156163431F6740BE83CE
146FC32DBE1082B7811428F31B617B7477A830AFFFFFFFFFFC6FFF0003EF156163431F6740BE83E6
1470D32DBF2B82B7A71429F61B62067467A703FFFFFFFFFFFC5FFF0003F6156163431F6740BE83FE
1470392DBE7E82B7C414292B1B61987457A803FFFFFFFFFFFC5FFF0003ED156163431F6740BE8316
1470BD2DBF0682B7B81429691B61C473D7AA03FFFFFFFFFFFC5FFF0003DC156163431F6740BE832E
14706D2DBEAF82B7AE14296E1B61BD7387AD21CFFFFFFFFFFA9FFF0003E4156163431F6740BE8346
14703D2DBEB782B7B31429781B61CF7357AB057FFFFFFFFFFBAFFF0003E0156164431F6740BE835E
146FD12DBE3182B7B1142A2E1B62287417AA03FFFFFFFFFFFC4FFF0003EE156164431F6640BE8376
14716F2DBFD982B7AB142AE71B629F74C7AB03FFFFFFFFFFFC4FFF0003E9156164431F6640BE838E
1470FC2DBF6B82B79B142A581B625874A7AD21DFFFFFFFFFFC5FFF0003EA156164431F6640BE83A6
1470E22DBF4F82B79E142A211B623074B7AB150FFFFFFFFFFC5FFF0003F1156164431F6640BE83BE
1470072DBE8C82B7AE1428C51B615874A7AC03FFFFFFFFFFFC5FFF0003EF156164431F6640BE83D6
1471532DBFD682B7AD1428EC1B614D7487AC03FFFFFFFFFFFC4FFF0003E6156165431F6640BE83EE
1471BC2DC05F82B7A51428D41B615E7427AB134FFFFFFFFFFC4FFF0003E9156165431F6640BE8306
1470AE2DBF4D82B7B81429121B618373E7A9243FFFFFFFFFFC6FFF0003E9156165431F6540BE831E
146BD32DBA7882B7CA1428141B60F673F7A503FFFFFFFFFFFC4FFF0003DD156165431F6540BE8336
146E292DBC7782B7B114282A1B61057437A803FFFFFFFFFFFC4FFF0003E9156165431F6540BE834E
146FB62DBE6282B78814290B1B618973D7A9047FFFFFFFFFFC5FFF0003E4156165431F6540BE8366
146FC92DBE8782B7871428131B60FD7387A826BFFFFFFFFFFC5FFF0003F9156166431F6540BE837E
146E282DBC9B82B7A11428C71B616073A7A803FFFFFFFFFFFC5FFF0003EC156166431F6540BE8396
146DAF2DBC8082B7BF14270A1B605A73D7A703FFFFFFFFFFFC4FFF0003E9156166431F6540BE83AE
1470932DBF4A82B7C714289C1B61577427AC03FFFFFFFFFFFC4FFF0003D9156166431F6440BE83C6
1470EC2DBF9882B7C3142A091B620A7457AC32FFFFFFFFFFFC4FFF0003E6156166431F6440BE83DE
146F0F2DBD8A82B7B51429211B618E7447A703FFFFFFFFFFFC4FFF0003E7156166431F6440BE83F6
146BD92DBA6682B78E1426551B60117407A603FFFFFFFFFFFC3FFF0003F3156167431F6440BE830E
146E342DBCE182B7671427A31B60BE7457A803FFFFFFFFFFFC5FFF0003F7156167431F6440BE8326
146E122DBCD082B78E1427421B60817457A8335FFFFFFFFFFC6FFF0003F8156167431F6440BE833E
146B672DBA4382B7D51426BC1B60257407AF069FFFFFFFFFFC6FFF0003EC156167431F6440BE8356
146AB12DB90382B7DD1424501B5EE37497B103FFFFFFFFFFFC6FFF0003DB156167431F6340BE836E
1468CF2DB7C182B7B51421CD1B5D2C74A7AD03FFFFFFFFFFFC5FFF0003E3156167431F6340BE8386
146BF02DBA9B82B79E1424C41B5F067477AA1B5FFFFFFFFFFC5FFF0003F0156167431F6340BE839E
146B3D2DB9DC82B79114257C1B5F847447A811CFFFFFFFFFFC5FFF0003F7156168431F6340BE83B6
146AEB2DB99F82B78C1425211B5F3D7427A903FFFFFFFFFFFC5FFF0003F7156168431F6340BE83CE
146BE12DBA7F82B7A01424C71B5EEB7467AE03FFFFFFFFFFFC5FFF0003F2156168431F6340BE83E6
146B212DB9ED82B7B11424C01B5EFC7447AB13DFFFFFFFFFFC4FFF0003E3156168431F6340BE83FE
1469FB2DB85882B7C41425371B5F4B7417A825DFFFFFFFFFFC4FFF0003E2156168431F6340BE8316
146A6D2DB92482B7C51422E01B5DB573F7A803FFFFFFFFFFFC6FFF0003E6156168431F6240BE832E
146C4E2DBB0382B7AC141E361B5B227467A603FFFFFFFFFFFC5FFF0003E5156169431F6240BE8346
146DBE2DBC9282B7921422511B5DBC7487A604DFFFFFFFFFFC5FFF0003F5156169431F6240BE835E
1470412DBF0982B78B1426371B5FF17477A4354FFFFFFFFFFC4FFF0003F2156169431F6240BE8376
146AF42DB93082B78D1424E21B5F1A73F7A903FFFFFFFFFFFC4FFF0003F6156169431F6240BE838E
14691E2DB7A782B7A0141CEC1B5A4A7417AB03FFFFFFFFFFFC5FFF0003EA156169431F6240BE83A6
1466CE2DB55582B7C7141B7D1B598B7467AC03FFFFFFFFFFFC5FFF0003E5156169431F6240BE83BE
145BEF2DAA0E82B7D71412E41B54AD7407AB2ADFFFFFFFFFFC5FFF0003E515616A431F6240BE83D6
145A2E2DA7BA82B7CA141AB11B59537457AF03FFFFFFFFFFFC4FFF0003EA15616A431F6140BE83EE
145F582DAD7682B7AE141B461B599D7457AE03FFFFFFFFFFFC4FFF0003EC15616A431F6140BE8306
146B9E2DBA1182B7B61427811B608073F7AE03FFFFFFFFFFFC4FFF0003FA15616A431F6140BE831E
146C6D2DBB0C82B7E41427391B606973D7AB355FFFFFFFFFFC4FFF0003FC15616A431F6140BE8336
1467CF2DB6DF82B81914235F1B5E2A7467AC06FFFFFFFFFFFC5FFF0003F215616B431F6140BE834E
146CB62DBB9682B8351425E81B5FBA7497AE03FFFFFFFFFFFC4FFF0003DE15616B431F6140BE8366
146BE22DBB2A82B8371425B01B5F8573E7AB03FFFFFFFFFFFC4FFF0003E515616B431F6140BE837E
146C172DBB4A82B83C14245F1B5EA873D7A923CFFFFFFFFFFC4FFF0003ED15616B431F6140BE8396
1469BF2DB88E82B84A141CB81B5AAF7437AB16BFFFFFFFFFFC5FFF0003ED15616B431F6140BE83AE
1466B62DB61882B857141F8C1B5BF17427AC03FFFFFFFFFFFC6FFF0003F815616B431F6040BE83C6
1464DC2DB3DF82B875141C0F1B59FF73F7A703FFFFFFFFFFFC5FFF0003F115616C431F6040BE83DE
1462642DB1AA82B8AE141C7D1B5A3B7457A90FCFFFFFFFFFFC4FFF0003E415616C431F6040BE83F6
1462072DB12F82B8C9141C3A1B5A1C7477AB1EDFFFFFFFFFFC4FFF0003EC15616C431F6040BE830E
14626C2DB18C82B8B9141C391B5A0974A7A803FFFFFFFFFFFC4FFF0003ED15616C431F6040BE8326
1460002DAEB082B8C21419211B582D73D7A803FFFFFFFFFFFC4FFF0003F115616C431F6040BE833E
144AB22D98E582B9031403B91B4BEA7367A903FFFFFFFFFFFC5FFF0003F315616C431F6040BE8356
14425F2D904082B94F13FC711B47917457AC042FFFFFFFFFFC5FFF0003EE15616D431F5F40BE736E
143C4C2D89DF82B96D13F6231B43D474F7AE03FFFFFFFFFFFC4FFF0003E715616D431F5F40BE8386
143CB82D8A4582B95D13F69F1B440874D7B203FFFFFFFFFFFC3FFF0003DE15616D431F5F40BE839E
143D382D8A8082B95F13F7C01B44977467AF03FFFFFFFFFFFC4FFF0003ED15616D431F5F40BE83B6
14337A2D7FF482B99F13EDDB1B3EB87457B03ABFFFFFFFFFFC4FFF0003F215616D431F5F40BE83CE
1428F72D74E582B9DE13E3211B38557487B803FFFFFFFFFFFC4FFF0003EF15616D431F5F40BE83E6
1424CA2D704882BA0C13DED61B35A37437B703FFFFFFFFFFFC4FFF0003DE15616E431F5E40BE83FE
1421AF2D6CD382BA4B13DBDB1B33BB73F7B803FFFFFFFFFFFC4FFF0003E015616E431F5E40BE8316
141FED2D6ABF82BA7C13DA451B32B473F7B828FFFFFFFFFFFC3FFF0003D915616E431F5E40BE832E
141FC12D6A6F82BA7513DA141B32877437B5066FFFFFFFFFFC3FFF0003E815616E431F5E40BE7346
141FDB2D6A6882BA7613DA311B32927427B403FFFFFFFFFFFC3FFF0003F215616E431F5E40BE835E
141E442D688D82BAC813D8991B318F7417B203FFFFFFFFFFFC3FFF0003F115616F431F5E40BE8376
141BD12D65C082BB2613D6391B300073F7B2243FFFFFFFFFFC3FFF0003F015616F431F5E40BE838E
141AF32D64B182BB4F13D5701B2F7E7437B3179FFFFFFFFFFC4FFF0003E715616F431F5E40BE83A6
141A8F2D642A82BB6713D4FE1B2F317467B503FFFFFFFFFFFC4FFF0003E015616F431F5D40BE83BE
14198B2D62ED82BBA713D3EA1B2E7C7487B403FFFFFFFFFFFC4FFF0003E415616F431F5D40BE83D6
1417FF2D611982BBFF13D25E1B2D757487B013EFFFFFFFFFFC3FFF0003ED15616F431F5D40BE83EE
1416F12D5FDF82BC4813D16E1B2CCB74B7AF273FFFFFFFFFFC3FFF0003EC15616F431F5D40BE8306
14160A2D5ECA82BC6613D0A01B2C3B74B7AF03FFFFFFFFFFFC2FFF0003E3156170431F5D40BE831E
1415D22D5E9182BC7113D03E1B2BF87467B003FFFFFFFFFFFC2FFF0003EC156170431F5D40BE8336
1415992D5E4282BCA013D00D1B2BD87487B1042FFFFFFFFFFC4FFF0003F3156170431F5D40BE834E
14138F2D5BDB82BD0C13CDFF1B2A787457B3294FFFFFFFFFFC3FFF0003F2156170431F5D40BE8366
1410532D57B382BD8713CACA1B281F73F7BA043FFFFFFFFFFC2FFF0003DF156170431F5C40BE837E
140C282D525D82BDD013C7171B256E7447BB040FFFFFFFFFFC2FFF0003DF156170431F5C40BE7396
1404EB2D49CF82BDEB13C2421B22257467B703FFFFFFFFFFFC2FFF0003E1156171431F5C40BE83AE
13FE252D418682BE1213B9501B1C137477B7353FFFFFFFFFFC2FFF0003E5156171431F5C40BE83C6
13F3CC2D348C82BE5613AE891B149B7437B803FFFFFFFFFFFC2FFF0003EF156171431F5C40BE73DE
13E5D82D231082BEA913A0A51B0B087417B503FFFFFFFFFFFC2FFF0003F3156171431F5C40BE83F6
13D7482D111282BEFD13926D1B01147417B3049FFFFFFFFFFC2FFF0003E7156171431F5C40BE730E
13CA712D00A382BF591385A51AF7F473E7B230EFFFFFFFFFFC2FFF0003E5156172431F5B40BE8326
13BDBC2CF06082BFB61379491AEF177407AE073FFFFFFFFFFC2FFF0003D7156172431F5B40BE833E
13B7372CE80282C0041372E51AEA7F73F7AE03FFFFFFFFFFFC3FFF0003E1156172431F5B40BE8356
13AF502CDD9D82C047136B241AE4E573A7B003FFFFFFFFFFFC2FFF0003E0156172431F5B40BE836E
13A19F2CCBC482C08D135D991ADB167397B0181FFFFFFFFFFC2FFF0003EF156172431F5B40BE7386
137C532C9AD382C0D713387E1AC0667387AE10BFFFFFFFFFFC1FFF0003F2156172431F5B40BE739E
13555C2C6B1182C13213125E1AA5BD73C7AF03FFFFFFFFFFFC1FFF0003EE156173431F5B40BE73B6
1343BC2C545E82C19F1301881A99AF73E7B0041FFFFFFFFFFC2FFF0003E8156173431F5A40BE73CE
1339A82C46D682C20612F6F11A91A87397A8117FFFFFFFFFFC2FFF0003D4156173431F5A40BE73E6
13371C2C440E82C25512F44A1A90107337A5232FFFFFFFFFFC2FFF0003E8156173431F5A40BE83FE
1335472C420882C2A312F2851A8F2572C7A003FFFFFFFFFFFC2FFF0003EB156173431F5A40BE7316
1333812C3FD182C2FF12F0C91A8E027307A103FFFFFFFFFFFC1FFF0003ED156173431F5A40BE732E
1331CE2C3E1F82C35512EF0E1A8D247317A4041FFFFFFFFFFC1FFF0003E5156174431F5A40BE7346
1330512C3C6782C3B012ED9C1A8C4772E7A22F8FFFFFFFFFFC0FFF0003E5156174431F5A40BE835E
132EEE2C3AD482C42412EC3D1A8B7772E7A1041FFFFFFFFFFC0FFF0003E6156174431F5A40BE8376
132E622C3A2382C49912EBB71A8B1E72F7A103FFFFFFFFFFFBFFFF0003EE156174431F5940BE738E
132D852C38F682C4E612EAEB1A8A7F73079E03FFFFFFFFFFFC0FFF0003E4156174431F5940BE83A6
132C2F2C374282C52512E9A41A899A73079D206FFFFFFFFFFC0FFF0003E7156174431F5940BE73BE
1329972C33ED82C58412E6F01A87C873979D043FFFFFFFFFFBFFFF0003EC156175431F5940BE73D6
1326652C300A82C61412E3D21A85A37377A003FFFFFFFFFFFBEFFF0003DF156175431F5940BE73EE
13249D2C2E0F82C69B12E2131A84907367A2046FFFFFFFFFFBEFFF0003F0156175431F5940BE7306
1323872C2D1882C6EF12E1051A83F87397A2280FFFFFFFFFFBDFFF0003E1156175431F5840BE731E
1323BB2C2D7F82C72F12E1371A843B73B7A206FFFFFFFFFFFBBFFF0003E7156175431F5840BE6336
1320DD2C2A9982C77F12DE5C1A82BE73A7A2047FFFFFFFFFFBCFFF0003E7156175431F5840BE834E
131CF92C285582C7F112DA7A1A816F7367A303FFFFFFFFFFFBDFFF0003F3156175431F5840BE7366
13174C2C272282C87012D4DD1A80C573B7A51A7FFFFFFFFFFBCFFF0003EA156176431F5840BE737E
1311BA2C25C082C8E612CF6A1A800F73F7A612CFFFFFFFFFFBBFFF0003E4156176431F5840BE7396
130F6C2C24D082C94F12CD231A7F8873B7A6043FFFFFFFFFFBAFFF0003D9156176431F5840BE73AE
130C7E2C236C82C9B012CA331A7EBB7317A603FFFFFFFFFFFB9FFF0003ED156176431F5740BE73C6
1308BF2C21CD82CA1112C6841A7DDB7387A309EFFFFFFFFFFB8FFF0003F0156176431F5740BE73DE
13045F2C1FFD82CA6712C2441A7CDF73A79E134FFFFFFFFFFB7FFF0003F3156176431F5740BE73F6
1302072C1F4E82CAC312BFEA1A7C8173579E03FFFFFFFFFFFB6FFF0003F4156177431F5740BE830E
12FE4E2C1E8C82CB3E12BC341A7C0F7357A0040FFFFFFFFFFB5FFF0003F2156177431F5740BE7326
12F3AB2C1E1C82CBC612B1D01A7BDB7377A3042FFFFFFFFFFB6FFF0003E7156177431F5740BE733E
12E9482C16B182CC3A12A7971A77EC7377A6247FFFFFFFFFFB3FFF0003ED156177431F5740BE7356
12E4CC2C109282CC8F12A33A1A749B73E7AB03FFFFFFFFFFFB3FFF0003ED156177431F5640BE736E
12DDD82C08E182CCDA129C501A70537437AF040FFFFFFFFFFB4FFF0003E8156177431F5640BE7386
12D96B2C045C82CD3A1297D11A6DC974B7B204BFFFFFFFFFFB4FFF0003F2156178431F5640BE639E
12D57F2C006E82CDBC1293EF1A6BA174D7B4223FFFFFFFFFFB3FFF0003F6156178431F5640BE83B6
12D4122BFED582CE3B12928D1A6ACE74E7B303FFFFFFFFFFFB2FFF0003E2156178431F5640BE73CE
12D2912BFD2682CEA11291121A69E874E7B503FFFFFFFFFFFB1FFF0003EC156178431F5640BE73E6
12D1412BFBD982CEFB128FC71A69347497B7049FFFFFFFFFFB1FFF0003EB156178431F5640BE83FE
12CCA12BF74382CF5B128B341A66BA74D7B8121FFFFFFFFFFB2FFF0003E8156178431F5640BE7316
12C7F82BF20C82CFD012869B1A63D97537BC053FFFFFFFFFFB1FFF0003ED156179431F5540BE632E
12C6332BEFFF82D03F1284DC1A62BF75B7BF03FFFFFFFFFFFB1FFF0003F3156179431F5540BE7346
12C57A2BEF2D82D0941284281A624A7607C2045FFFFFFFFFFB2FFF0003F1156179431F5540BE735E
12C4DC2BEE9E82D0EB1283871A61F47687C6141FFFFFFFFFFB0FFF0003EB156179431F5540BE7376
12C53F2BEFDF82D1631283E01A629B7657C60E8FFFFFFFFFFB1FFF0003EF156179431F5540BE738E
12C8BE2BF6FF82D1F61287631A669A7677CA03FFFFFFFFFFFB1FFF0003F1156179431F5540BE73A6
12C8B42BF76782D26F1287541A66D77637CB048FFFFFFFFFFB1FFF0003DE15617A431F5540BE63BE
12C6DC2BF52782D2C31285981A65AB76B7C90ABFFFFFFFFFF89FFF0003ED15617A431F5440BE63D6
12C3E82BF19182D30C1282B21A63B57677CB155FFFFFFFFFF9EFFF0003E815617A431F5440BE63EE
12C2202BEF6B82D36E1280D41A62747677D103FFFFFFFFFFFAFFFF0003F415617A431F5440BE7306
12C06B2BEDD582D3F7127F2A1A61A076C7D1048FFFFFFFFFFADFFF0003ED15617A431F5440BE731E
12BDA32BEAFB82D485127C6A1A60117717D7046FFFFFFFFFFADFFF0003F215617A431F5440BE6336
12BD112BEA5982D4FA127BD81A5FB97727DA0D1FFFFFFFFFFACFFF0003EE15617A431F5440BE734E
12BC4D2BE96582D562127B161A5F3A77A7DB03FFFFFFFFFFFACFFF0003EB15617B431F5440BE7366
12BBDA2BE8ED82D5C0127AA71A5EF977C7E0046FFFFFFFFFFADFFF0003E515617B431F5440BE637E
12BAA02BE7B382D6191279761A5E5477D7E304AFFFFFFFFFFADFFF0003F215617B431F5340BE6396
12B9AD2BE6C582D68212787F1A5DD67847E3176FFFFFFFFFFAAFFF0003EF15617B431F5340BE63AE
12B74B2BE3E082D6FF1276241A5C4878C7E6040FFFFFFFFFFABFFF0003F315617B431F5340BE63C6
12B4182BE03E82D77A1272FB1A5A4078B7E9044FFFFFFFFFFAAFFF0003EF15617C431F5340BE73DE
12B2182BDDB782D7E91271071A58F278B7EC04AFFFFFFFFFFA7FFF0003E515617C431F5340BE63F6
12AD322BD78B82D85C126C2B1A55947907F312DFFFFFFFFFFA2FFF0003ED15617C431F5340BE730E
12A8E32BD28082D8D51267ED1A52C17967FA055FFFFFFFFFFA1FFF0003E515617C431F5340BE6326
12A79D2BD15A82D9411266AB1A52267A1801048FFFFFFFFFFA1FFF0003E815617C431F5240BE633E
12A6722BD03182D99A12658D1A51957AC80A047FFFFFFFFFFA1FFF0003EF15617C431F5240BE7356
12A37E2BCCCC82D9F412629F1A4FB17B3810043FFFFFFFFFF9FFFF0003EB15617D431F5240BE636E
12A0962BC99782DA64125FBA1A4DFD7BD812043FFFFFFFFFF97FFF0003E015617D431F5240BE6386
129BB52BC46382DAEB125AEF1A4B367C781A03FFFFFFFFFFF87FFF0003E715617D431F5240BE639E
1296052BBECA82DB6912554D1A48207CF82704BFFFFFFFFFF6CFFF0003E315617D431F5240BE63B6
1290862BBA2F82DBDC124FDB1A45A97E1834074FFFFFFFFFF56FFF0003EB15617D431F5240BE63CE
128B052BB57182DC4F124A731A43117FA84A0CDFFFFFFFFFF47FFF0003EB15617D431F5140BE63E6
12859F2BB16482DCB81245251A40F681A86703FFFFFFFFFFF53FFF0003E515617D431F5140BE63FE
1282452BAD9982DD051242041A3EFF84188504BFFFFFFFFFF5CFFF0003EF15617E431F5140BE6316
127E5B2BA9AB82DD46123E2B1A3CDD8698A8046FFFFFFFFFF62FFF0003F115617E431F5140BE632E
12786F2BA44982DDAF1238181A39D68868C30E3FFFFFFFFFF65FFF0003F215617E431F5140BE6346
126EA82B9B0C82DE5D122E921A34E389B8DA043FFFFFFFFFF65FFF0003EE15617E431F5140BE635E
125FEB2B8B7682DF07121FFE1A2C628B98F7044FFFFFFFFFF69FFF0003EA15617E431F5140BE6376
1256932B81BA82DF671216CA1A270E8E2919049FFFFFFFFFF6EFFF0003E215617E431F5040BE638E
1253FF2B7EEB82DF961214841A25B890F93D03FFFFFFFFFFF73FFF0003E415617F431F5040BE73A6
124F2E2B7A8C82DFEB120F6A1A233992B95C03FFFFFFFFFFF76FFF0003EF15617F431F5040BE73BE
1245512B712F82E0741205C31A1E2C937972040FFFFFFFFFF71FFF0003F015617F431F5040BE63D6
123B072B684D82E0F911FB841A193994A98804BFFFFFFFFFF79FFF0003F715617F431F5040BE63EE
1237AF2B657182E15811F82E1A17A49669A1052FFFFFFFFFF7EFFF0003EF15617F431F5040BE6306
1235BE2B63F482E1BA11F63D1A16CE9849BB041FFFFFFFFFF7FFFF0003E0156180431F5040BE631E
12335F2B625282E24011F3EB1A15F49969CE03FFFFFFFFFFF7FFFF0003E8156180431F5040BE6336
122FB32B5E7782E2CB11F0531A13E69A39DD04BFFFFFFFFFF7EFFF0003EA156180431F4F40BE734E
1229E02B58E582E33811EA9B1A108E9A99E8046FFFFFFFFFF80FFF0003EA156180431F4F40BE6366
12233F2B519C82E38611E41A1A0C699B39F1044FFFFFFFFFF83FFF0003E4156180431F4F40BE637E
121D6C2B4A6182E3D811DE501A08989BD9FA046FFFFFFFFFF84FFF0003F0156180431F4F40BE6396
1216A32B42BD82E45011D78F1A045B9C7A02047FFFFFFFFFF84FFF0003F4156180431F4F40BE63AE
120E862B39CF82E4EE11CFA719FF999CCA0903FFFFFFFFFFF84FFF0003F0156181431F4F40BE63C6
11F8BD2B227382E57411BA1E19F2C49D4A11040FFFFFFFFFF84FFF0003D8156181431F4F40BE63DE
11F65F2B202182E5CE11B7AA19F1689E9A1D041FFFFFFFFFF8DFFF0003E3156181431F4E40BE63F6
11F4BF2B1EC982E62611B61419F0B99FCA2E045FFFFFFFFFF8FFFF0003E8156181431F4E40BE630E
11EFD22B19DA82E68F11B13119EE0FA06A3C03FFFFFFFFFFF8FFFF0003EF156181431F4E40BE6326
11ECE92B160E82E6F711AE5919EC15A12A4503FFFFFFFFFFF8FFFF0003EA156181431F4E40BE633E
11E7DD2B101C82E76711A96519E8D8A1EA50043FFFFFFFFFF90FFF0003F0156182431F4E40BE6356
11D99B2AFF2F82E7EC119B6D19DFBAA25A5B040FFFFFFFFFF94FFF0003ED156182431F4E40BE636E
11D2512AF7BA82E86F11941719DB7CA30A6303FFFFFFFFFFF97FFF0003E9156182431F4E40BE6386
11C7CD2AE9A382E8E01189B219D3DAA35A6A042FFFFFFFFFF98FFF0003DF156182431F4E40BE639E
11BD2A2ADBDD82E93E117F3D19CC5DA39A7203FFFFFFFFFFF99FFF0003E9156182431F4E40BE63B6
11B74B2AD44382E99711796119C80AA44A7A040FFFFFFFFFF99FFF0003E3156182431F4D40BE63CE
11B53A2AD1FD82E9FA11775D19C6CDA4FA8103FFFFFFFFFFF9CFFF0003F2156183431F4D40BE63E6
11B28E2ACFA282EA6C1174B919C57FA55A86046FFFFFFFFFF9FFFF0003F5156183431F4D40BE63FE
11AE7C2ACB2082EAF71170C919C345A56A8A040FFFFFFFFFFA3FFF0003EE156183431F4D40BE6316
11A61A2AC07582EB8311687619BD81A55A8A03FFFFFFFFFFFA8FFF0003D4156183431F4D40BE632E
119F4E2AB70182EBF61161B819B85EA4EA8A046FFFFFFFFFFA8FFF0003E3156183431F4D40BE6346
119AC52AB0C382EC50115D5419B505A51A89040FFFFFFFFFFA3FFF0003E8156183431F4D40BE635E
1195EA2AA9E482ECA011588D19B16FA55A89040FFFFFFFFFFA3FFF0003E6156184431F4D40BE6376
118E6E2AA05282ECFF11510D19AC00A58A8D04AFFFFFFFFFFA5FFF0003F3156184431F4D40BE638E
1183272A91A882ED8111460219A41DA5EA91043FFFFFFFFFFA7FFF0003EC156184431F4C40BE63A6
116D1E2A747282EE1211305819942AA62A92041FFFFFFFFFFABFFF0003EB156184431F4C40BE63BE
115FF22A62EA82EE8C1122FA198A3DA61A9303FFFFFFFFFFFAEFFF0003E4156184431F4C40BE63D6
115CBC2A5E5382EEE811201D1987EFA62A94041FFFFFFFFFFADFFF0003E5156184431F4C40BE63EE
1159322A593E82EF3D111C7F198523A63A97045FFFFFFFFFFADFFF0003E2156184431F4C40BE6306
114EFF2A4AEB82EFA9111256197D7EA63A9803FFFFFFFFFFFAEFFF0003EE156185431F4C40BE631E
1144942A3D2182F03111083B1975F8A65A9A040FFFFFFFFFFB1FFF0003ED156185431F4C40BE6336
1140B62A37C282F0BC11045B1972FEA66A9B049FFFFFFFFFFB4FFF0003E4156185431F4B40BE634E
113E842A347282F12911022B19712EA68A9B042FFFFFFFFFFB2FFF0003E7156185431F4B40BE6366
113CDB2A31D082F1731100AE196FEAA65A9B03FFFFFFFFFFFB4FFF0003E6156185431F4B40BE637E
1133A72A251A82F1C110F78B196918A66A9B042FFFFFFFFFFB5FFF0003E2156185431F4B40BE6396
112D3D2A1CCF82F23610F12119646AA66A9E04AFFFFFFFFFFB8FFF0003EF156186431F4B40BE63AE
112C8B2A1BC382F2CF10F06C1963D8A6AA9F040FFFFFFFFFFBBFFF0003EC156186431F4B40BE63C6
112AC92A195E82F36110EEC119629AA6EAA103FFFFFFFFFFFBCFFF0003E4156186431F4B40BE63DE
1128A12A162682F3C910EC911960EBA6FAA0049FFFFFFFFFFBDFFF0003E1156186431F4A40BE63F6
1126552A12B482F41610EA4D195F1BA6DAA0042FFFFFFFFFFBFFFF0003E6156186431F4A40BE630E
1123462A0E3182F46D10E744195CBBA6DAA203FFFFFFFFFFFC0FFF0003E6156186431F4A40BE6326
111EB72A07CF82F4D810E2D219594CA6FAA3040FFFFFFFFFFC0FFF0003EF156187431F4A40BE633E
111C852A049B82F55510E0AD19578CA70AA404AFFFFFFFFFFC1FFF0003E8156187431F4A40BE6356
1119A42A005D82F5DB10DDD0195547A70AA4042FFFFFFFFFFC0FFF0003E5156187431F4A40BE636E
1114FC29F9C182F65710D9371951ACA73AA5040FFFFFFFFFFC1FFF0003D8156187431F4A40BE6386
11109529F36F82F6C510D4D1194E3BA76AA7041FFFFFFFFFFBFFFF0003E4156187431F4A40BE639E
110C6D29EDA082F72810D0BC194B18A76AA804BFFFFFFFFFFBFFFF0003EB156187431F4A40BE63B6
11079029E6F382F78910CBE2194768A76AA903FFFFFFFFFFFC0FFF0003EF156187431F4A40BE63CE
11037D29E10B82F7F610C7E7194434A76AA803FFFFFFFFFFFC0FFF0003EE156188431F4940BE63E6
10FD9D29D8C182F86810C226193FBAA77AA9043FFFFFFFFFFBFFFF0003EB156188431F4940BE63FE
10F94A29D2A082F8D710BDD4193C5BA78AAA048FFFFFFFFFFBFFFF0003D9156188431F4940BE6316
10F36329CA6E82F94E10B82C1937F7A7AAAB041FFFFFFFFFFC0FFF0003EA156188431F4940BE532E
10EDC229C2B782F9D210B28E1933B4A7CAAC045FFFFFFFFFFC1FFF0003E8156188431F4940BE6346
10EA6A29BDEB82FA4910AF2C193112A7EAAD03FFFFFFFFFFFC2FFF0003DD156188431F4940BE535E
10E7A029B9EA82FAA410AC6B192EE9A7FAB0040FFFFFFFFFFC4FFF0003DF156189431F4940BE6376
10E49A29B57B82FB0310A976192C88A82AB3042FFFFFFFFFFC4FFF0003EE156189431F4840BE638E
10DD8429AB9782FB7210A27219270EA84AB304AFFFFFFFFFFC5FFF0003F3156189431F4840BE63A6
10DADE29A7B482FBDD109FD21924F5A85AB5049FFFFFFFFFFC4FFF0003F1156189431F4840BE63BE
10D99129A5A082FC4F109E8F1923E5A86AB5041FFFFFFFFFFC4FFF0003EC156189431F4840BE53D6
10D72929A21B82FCCF109C311921FAA89AB6040FFFFFFFFFFC4FFF0003EA156189431F4840BE53EE
10D462299DE482FD51109968191FAFA8BAB9043FFFFFFFFFFC5FFF0003E8156189431F4840BE6306
10D07E29985282FDC31095A4191CBEA8CABA049FFFFFFFFFFC6FFF0003DE15618A431F4840BE531E
10CD7B29941782FE211092B0191A74A8EABB049FFFFFFFFFFC6FFF0003E715618A431F4840BE6336
10CB332990ED82FE841090781918C2A8DABB042FFFFFFFFFFC5FFF0003ED15618A431F4840BE534E
10CA49298F9682FEF7108F731917F8A8EABB03FFFFFFFFFFFC5FFF0003F115618A431F4740BE5366
10C722298B2082FF66108C2C191574A90ABD03FFFFFFFFFFFC6FFF0003F115618A431F4740BE537E
10C23829841982FFCE1087951911D1A93ABD03FFFFFFFFFFFC6FFF0003E615618A431F4740BE5396
10BC47297BA58300411081A9190D26A94ABF03FFFFFFFFFFFC6FFF0003EB15618A431F4740BE53AE
10B7692974B18300C2107CD9190958A93AC103FFFFFFFFFFFC6FFF0003E815618B431F4740BE63C6
10B0F6296B7483014710767A19045EA93AC303FFFFFFFFFFFC6FFF0003DE15618B431F4740BE53DE
10A91029605C8301AF106EAB18FE45A98AC4040FFFFFFFFFFC6FFF0003E815618B431F4740BE53F6
10A7DD295E6F8301F5106D7418FD2EA9EAC704BFFFFFFFFFFC7FFF0003DB15618B431F4740BE530E
10A671295C49830251106C0918FC03AA0AC9049FFFFFFFFFFC6FFF0003F015618B431F4640BE5326
10A41E2958E48302C51069E118FA41AA2ACC04AFFFFFFFFFFC7FFF0003F315618B431F4640BE533E
10A05929536983034910662418F73FAA5ACE044FFFFFFFFFFC8FFF0003E715618C431F4640BE6356
109C6C294DD78303D510623B18F431AA6AD1046FFFFFFFFFFC8FFF0003DF15618C431F4640BE536E
109A8E294B1A83045310606618F2BCAA7AD2049FFFFFFFFFFC8FFF0003D915618C431F4640BE5386
1097982946AA8304AD105D7018F04EAA9AD4044FFFFFFFFFFC8FFF0003E315618C431F4640BE539E
1094502941DD8304F8105A3118EDBCAAAAD5044FFFFFFFFFFC8FFF0003E315618C431F4640BE53B6
109116293D0B83055C10570318EB2FAAAAD7049FFFFFFFFFFC9FFF0003F315618C431F4640BE63CE
108C6D29365C8305E110526F18E78CAAAAD804AFFFFFFFFFFC9FFF0003F215618C431F4640BE53E6
1089BF29326083066D104FC518E55AAAEADB040FFFFFFFFFFCAFFF0003EB15618D431F4540BE53FE
10875E292ED18306E0104D6418E36CAB1ADD047FFFFFFFFFFC9FFF0003DC15618D431F4540BE5316
10854D292BCA830744104B6518E1CAAB4ADE04BFFFFFFFFFFC9FFF0003E515618D431F4540BE432E
107F6029234E8307AA10457518DD1DAB5ADF044FFFFFFFFFFC8FFF0003E115618D431F4540BE6346
107AC4291C8683080F1040EC18D97BAB5AE1041FFFFFFFFFFC8FFF0003EC15618D431F4540BE435E
1077042916F7830879103D4018D682AB9AE3049FFFFFFFFFFCAFFF0003ED15618D431F4540BE5376
1072F82911288308FC10395018D35EABAAE5049FFFFFFFFFFCAFFF0003EC15618E431F4540BE538E
1070D5290DE883099210373218D19CABBAE7046FFFFFFFFFFC9FFF0003EB15618E431F4440BE43A6
106EC0290AD28309FE10351D18CFEDABEAE8046FFFFFFFFFFC9FFF0003DE15618E431F4440BE53BE
106D36290886830A341033B918CEC3AC0AE9048FFFFFFFFFFC9FFF0003E715618E431F4440BE43D6
106AFD290528830A8210316018CCDDAC0AEB043FFFFFFFFFFC9FFF0003E415618E431F4440BE43EE
10674128FFA8830B0D102DBA18C9E0AC1AEC047FFFFFFFFFFC9FFF0003E815618E431F4440BE4306
1061DC28F7E6830BB710286B18C5AEAC2AEE047FFFFFFFFFFC9FFF0003EE15618E431F4440BE431E
105DD828F223830C3810246618C281AC7AEF03FFFFFFFFFFFC9FFF0003E815618E431F4440BE4336
105C2B28EF97830C781022D118C123AC8AF0043FFFFFFFFFFC8FFF0003DC15618F431F4340BE434E
105A2C28EC7E830CBE1020CD18BF7FACAAF2049FFFFFFFFFFC8FFF0003E915618F431F4340BE4366
1056F928E7D9830D2B101DA718BCF2ACAAF4049FFFFFFFFFFC8FFF0003E815618F431F4340BE437E
10545028E3DF830DBC101B1218BAD2ACCAF603FFFFFFFFFFFC9FFF0003F315618F431F4340BE5396
104F8728DD03830E4810164B18B713ACDAF8046FFFFFFFFFFC9FFF0003E415618F431F4340BE43AE
104C9928D8BD830EAF10135D18B4B8AD1AF9048FFFFFFFFFFC9FFF0003E715618F431F4340BE43C6
104B7828D6F5830F0310124118B3C3AD3AFA049FFFFFFFFFFC9FFF0003E8156190431F4340BE43DE
104A4628D50A830F6C10111718B2C5AD4AFA043FFFFFFFFFFC8FFF0003E4156190431F4340BE43F6
10482128D1CF830FE8100EFE18B103AD3AFA040FFFFFFFFFFC9FFF0003F0156190431F4340BE430E
10447A28CC56831069100B5F18AE0CAD3AFB046FFFFFFFFFFC8FFF0003EE156190431F4340BE4326
1040D128C6F68310E31007C318AB22AD4AFC048FFFFFFFFFFC8FFF0003E2156190431F4240BE433E
103E3828C33783114D10053618A91FAD4AFD048FFFFFFFFFFC8FFF0003EA156190431F4240BE4356
103D0128C16283119410041818A82FAD3AFC045FFFFFFFFFFC8FFF0003EF156190431F4240BE436E
103ABA28BDF68311E91001C318A656AD2AFD040FFFFFFFFFFC9FFF0003F2156191431F4240BE4386
10375828B8E88312760FFE8218A3B2AD3AFE044FFFFFFFFFFC9FFF0003E5156191431F4240BE439E
10320628B10483131D0FF930189F54AD5AFF04AFFFFFFFFFFC9FFF0003E0156191431F4240BE43B6
102DE628AAF08313960FF50D189BFFAD8B00046FFFFFFFFFFC9FFF0003E7156191431F4240BE43CE
102B3628A7098313CB0FF334189A76ADBB01042FFFFFFFFFFC9FFF0003EC156191431F4240BE43E6
10292A28A3C98313F70FF0E318988AADDB02044FFFFFFFFFFC9FFF0003E7156191431F4140BE43FE
1025C9289ED78314630FED23189584ADFB04049FFFFFFFFFFC8FFF0003F4156192431F4140BE4316
10232C289AFC8315200FEA8B18936CAE1B05048FFFFFFFFFFC9FFF0003EA156192431F4140BE432E
1020832897058315D40FE7ED189149AE1B07048FFFFFFFFFFC9FFF0003E1156192431F4140BE4346
101F5C28954B83161F0FE6DA18906AAE2B0904BFFFFFFFFFFC9FFF0003DB156192431F4140BE435E
10220828994683163D0FE6C7189043AE5B0B043FFFFFFFFFFC9FFF0003E5156192431F4140BE4376
101D2828919A83168F0FE41A188E0EAE5B0C044FFFFFFFFFFCAFFF0003F1156192431F4140BE438E
10185F288AC48317210FDFE6188AA4AE5B0C04BFFFFFFFFFFC9FFF0003F6156193431F4140BE43A6
1011FE28812D8317CC0FD9A8188580AE8B0D049FFFFFFFFFFC7FFF0003E0156193431F4140BE43BE
100C9C28796F83185A0FD44F188141AEAB0F049FFFFFFFFFFC7FFF0003E3156193431F4040BE43D6
10083B2872D68318BD0FCFDF187DA4AEDB12043FFFFFFFFFFC8FFF0003DE156193431F4040BE43EE
1004A2286D928319080FCC5C187AC7AF0B14046FFFFFFFFFFC9FFF0003E4156193431F4040BE4306
1002A3286A6483194A0FCA76187928AF2B1604AFFFFFFFFFFC9FFF0003E8156193431F4040BE431E
0FFEAC2864888319A30FC68D1875F4AF3B1904AFFFFFFFFFFC8FFF0003F7156194431F4040BE4336
0FFB7E285FB8831A260FC36A187357AF4B1A046FFFFFFFFFFCAFFF0003F3156194431F4040BE434E
0FF899285B5A831AD10FC08C1870F3AF5B1C044FFFFFFFFFFC8FFF0003E0156194431F4040BE4366
0FF5C328570E831B720FBDB7186E9DAF8B1E048FFFFFFFFFFC8FFF0003DC156194431F3F40BE437E
0FF2DB2852D5831BDE0FBACB186C45AFAB20049FFFFFFFFFFC8FFF0003D9156194431F3F40BE4396
0FF274285216831C1A0FBA6C186BEFAFCB21049FFFFFFFFFFC8FFF0003E3156194431F3F40BE43AE
0FF1B02850CB831C4C0FB9D2186B62AFFB22040FFFFFFFFFFC8FFF0003EA156194431F3F40BE43C6
0FEFE8284E2A831C9C0FB7F61869D9B02B23043FFFFFFFFFFC8FFF0003FA156195431F3F40BE43DE
0FEDB7284AEA831D1A0FB5CA186816B00B24049FFFFFFFFFFC9FFF0003F4156195431F3F40BE43F6
0FECAF284972831DC70FB4B5186742AFFB2404AFFFFFFFFFFC9FFF0003DE156195431F3F40BE430E
0FEB64284788831E820FB37518663BB01B26048FFFFFFFFFFC8FFF0003DA156195431F3F40BE4326
0FE9D1284533831EEF0FB1F8186505B03B28048FFFFFFFFFFC7FFF0003D6156195431F3E40BE433E
0FEBAC2847C7831F0A0FB3381865EEB04B27044FFFFFFFFFFC8FFF0003D9156195431F3E40BE4356
0FECF6284927831F390FB06C1863B6B03B26048FFFFFFFFFFC7FFF0003EF156196431F3F40BE436E
0FE4D2283D7E831FA80FACF91860D3B02B26049FFFFFFFFFFC9FFF0003F8156196431F3F40BE4386
0FDC9028311A8320450FA503185A45B01B27043FFFFFFFFFFC9FFF0003F3156196431F3E40BE439E
0FD29F28226E8320EE0F9B2018523EB02B29040FFFFFFFFFFC8FFF0003D5156196431F3E40BE33B6
0FCDD0281B4D83217C0F9649184E48B08B2B049FFFFFFFFFFC8FFF0003D3156196431F3E40BE43CE
0FCC662819088321D20F94DF184D15B0BB2E049FFFFFFFFFFC8FFF0003D9156196431F3E40BE43E6
0FCBCF2818168321FE0F9465184CA5B0DB2F048FFFFFFFFFFC8FFF0003DE156197431F3E40BE43FE
0FCB7628176983223D0F93F6184C3FB0DB31049FFFFFFFFFFC8FFF0003F0156197431F3E40BE4316
0FCA0D28153E8322CD0F9295184B19B0BB32049FFFFFFFFFFC8FFF0003F1156197431F3E40BE432E
0FC628280F708323880F8EBE1847F4B0DB33048FFFFFFFFFFC8FFF0003E2156197431F3D40BE4346
0FC489280D048323FE0F8D211846A3B10B35041FFFFFFFFFFC8FFF0003E1156197431F3D40BE435E
0FC3C2280BB88324420F8C551845ECB12B36047FFFFFFFFFFC8FFF0003DC156197431F3D40BE4376
0FC1CA2808B18324AA0F8A6318444BB14B37048FFFFFFFFFFC8FFF0003D7156197431F3D40BE338E
0FBEA728040E83252A0F873D1841BDB15B3804AFFFFFFFFFFC9FFF0003DE156198431F3D40BE33A6
0FBCDC2801478325970F859A18405CB16B3A049FFFFFFFFFFC9FFF0003E9156198431F3D40BE33BE
0FBBD927FFB58325FA0F8487183F73B16B3B048FFFFFFFFFFC8FFF0003E6156198431F3D40BE43D6
0FBA1027FCE88326720F82D8183E06B17B3B043FFFFFFFFFFC8FFF0003DC156198431F3D40BE43EE
0FB40027F3FA8326F20F7CDA183927B19B3C042FFFFFFFFFFC9FFF0003E3156198431F3C40BE3306
0FB13727EFCD83275E0F7A0D1836DFB1AB3D048FFFFFFFFFFC9FFF0003E0156198431F3C40BE431E
0FB07B27EEA38327B10F7949183635B1CB3F049FFFFFFFFFFC9FFF0003DD156199431F3C40BE3336
0FAFD227ED9C8328150F78A81835AFB1FB41049FFFFFFFFFFC8FFF0003E3156199431F3C40BE334E
0FAFB027ED6B83289D0F7889183597B21B4204BFFFFFFFFFFC8FFF0003DD156199431F3C40BE3366
0FAD8F27EA378329260F76771833DFB23B43048FFFFFFFFFFC8FFF0003E2156199431F3C40BE437E
0FA97E27E42C83298F0F726A18309AB23B44048FFFFFFFFFFC8FFF0003D8156199431F3C40BE4396
0FA86127E2788329D60F714D182FA1B25B46049FFFFFFFFFFC8FFF0003E0156199431F3C40BE33AE
0FA78F27E116832A2A0F708A182EF6B26B46046FFFFFFFFFFC8FFF0003DB15619A431F3C40BE43C6
0FA29627D974832AA80F6BBB182AECB26B47043FFFFFFFFFFC8FFF0003E715619A431F3B40BE33DE
0F9E5727D356832B410F676A182782B26B48044FFFFFFFFFFC8FFF0003E415619A431F3B40BE33F6
0F9DAE27D245832BCB0F66BC1826E9B27B49049FFFFFFFFFFC9FFF0003D415619A431F3B40BE330E
0F9C1327CFC5832C290F652818259BB28B4B049FFFFFFFFFFC8FFF0003D215619A431F3B40BE3326
0F9ACD27CDDA832C750F63EB182494B2AB4C04AFFFFFFFFFFC8FFF0003DE15619A431F3B40BE333E
0F9A0E27CCA3832CCF0F632F1823F3B2CB4E048FFFFFFFFFFC9FFF0003E215619B431F3B40BE3356
0F987E27CA2A832D4A0F61A81822A0B2DB4E048FFFFFFFFFFC9FFF0003DD15619B431F3B40BE236E
0F965727C6DC832DD20F5F861820D6B2FB4F042FFFFFFFFFFC8FFF0003E715619B431F3B40BE2386
0F939227C2D1832E570F5CC8181EA5B31B50041FFFFFFFFFFC7FFF0003E415619B431F3A40BE339E
0F91DC27C03A832EC10F5B02181D2FB30B51045FFFFFFFFFFC9FFF0003D315619B431F3A40BE33B6
0F90F427BEBF832F160F5A31181C77B30B5204AFFFFFFFFFFC9FFF0003CF15619B431F3A40BE33CE
0F904227BD96832F730F5995181BEFB30B52048FFFFFFFFFFC9FFF0003DD15619C431F3A40BE33E6
0F8DD327B9CC832FF30F571E1819D7B2FB53048FFFFFFFFFFC8FFF0003E515619C431F3A40BE23FE
0F898227B36283307A0F52DA181654B2FB53049FFFFFFFFFFC8FFF0003DF15619C431F3A40BE2316
0F873C27AFEB8330E00F509918147BB32B54048FFFFFFFFFFC8FFF0003E215619C431F3A40BE332E
0F84EA27AC6083313E0F4E3A181285B35B56048FFFFFFFFFFC8FFF0003DD15619C431F3940BE2346
0F826227A89E8331B10F4BC618107BB38B58046FFFFFFFFFFC8FFF0003CC15619C431F3940BE235E
0F81D527A7AE8332280F4B41181007B39B59042FFFFFFFFFFC9FFF0003E015619C431F3940BE2376
0F807227A57B83328B0F49D2180ECFB38B5A045FFFFFFFFFFC9FFF0003E215619D431F3940BE338E
0F7CF127A0268332F20F467C180C0BB39B5C048FFFFFFFFFFC8FFF0003D915619D431F3940BE23A6
0F77EB27987183336A0F419A1807F0B3AB5D048FFFFFFFFFFC8FFF0003DD15619D431F3940BE23BE
0F71B9278F3D8333EE0F3B521802CEB3BB5F048FFFFFFFFFFC9FFF0003DB15619D431F3940BE23D6
0F6F52278B7D83346D0F38EB1800C1B3FB60048FFFFFFFFFFC9FFF0003DE15619D431F3940BE23EE
0F6CF32787D78334CA0F36B017FEE3B41B61049FFFFFFFFFFC8FFF0003DB15619D431F3840BE2306
0F6C2127867C8335100F35D617FE1EB42B62046FFFFFFFFFFC7FFF0003DA15619D431F3840BE231E
0F6B002784B28335720F34C117FD36B42B63041FFFFFFFFFFC7FFF0003E615619E431F3840BE2336
0F67C7277FC58336020F319B17FA96B44B64042FFFFFFFFFFC8FFF0003E615619E431F3840BE334E
0F63C82779CE8336960F2DB817F765B46B66046FFFFFFFFFFC8FFF0003D715619E431F3840BE2366
0F60BD27753F8337020F2A9F17F4E1B48B67048FFFFFFFFFFC7FFF0003D915619E431F3840BE237E
0F5E2F27715883374C0F281417F2C5B49B68048FFFFFFFFFFC7FFF0003DA15619E431F3840BE2396
0F5BF3276DE98337AA0F25E017F0E5B48B69049FFFFFFFFFFC8FFF0003D815619E431F3840BE23AE
0F5B02276CBC8338280F24F217F015B48B6A048FFFFFFFFFFC9FFF0003E515619E431F3840BE23C6
0F59D3276AD08338AB0F23DA17EF24B49B6B046FFFFFFFFFFCAFFF0003DB15619F431F3740BE23DE
0F58ED2769568339140F22F117EE5BB4AB6C047FFFFFFFFFFC9FFF0003DF15619F431F3740BE23F6
0F57B92767798339800F21B317ED50B4BB6D046FFFFFFFFFFC9FFF0003DE15619F431F3740BE230E
0F55882763FA8339F90F1F8317EB74B4BB6D045FFFFFFFFFFC8FFF0003DE15619F431F3740BE2326
0F5174275DD3833A6B0F1B8717E834B4EB6E040FFFFFFFFFFC7FFF0003DF15619F431F3740BE233E
0F4E92275964833AC80F18B217E5D1B4FB6F042FFFFFFFFFFC8FFF0003D715619F431F3740BE2356
0F4D6327577B833B290F178217E4C7B50B70047FFFFFFFFFFC8FFF0003E11561A0431F3740BE236E
0F4C3B2755A4833B9C0F166917E3D5B4EB70049FFFFFFFFFFC9FFF0003E11561A0431F3740BE2386
0F49EF27520D833C0D0F142817E1F1B4EB6F047FFFFFFFFFFC7FFF0003D11561A0431F3640BE239E
0F46DA274D63833C870F111317DF66B4EB6F049FFFFFFFFFFC8FFF0003E21561A0431F3640BE23B6
0F44912749E3833D0C0F0EE417DD9BB50B7004AFFFFFFFFFFC8FFF0003D51561A0431F3640BE23CE
0F404A274368833D7D0F0A9417DA0AB51B70047FFFFFFFFFFC7FFF0003DA1561A0431F3640BE23E6
0F3E832740B3833DD10F08CF17D88DB52B71047FFFFFFFFFFC9FFF0003D41561A0431F3640BE23FE
0F3E1C273FFD833E2E0F087217D837B53B72047FFFFFFFFFFC9FFF0003E11561A1431F3640BE2316
0F3DAC273F56833EA20F07FC17D7D3B54B73049FFFFFFFFFFC8FFF0003DB1561A1431F3640BE232E
0F3D16273E58833F1D0F076B17D758B55B74047FFFFFFFFFFC7FFF0003DC1561A1431F3640BE2346
0F3C78273D5D833F980F06CE17D6D5B57B75046FFFFFFFFFFC9FFF0003E11561A1431F3640BE235E
0F3BEB273C758340140F063B17D656B5AB77046FFFFFFFFFFC8FFF0003D41561A1431F3540BE2376
0F3AEC273AE18340780F054817D58EB5BB79046FFFFFFFFFFC8FFF0003D71561A1431F3540BE238E
0F37B827360D8340DE0F020D17D2DEB5CB7B043FFFFFFFFFFC8FFF0003DB1561A1431F3540BE23A6
0F340D27308383414A0EFE7E17CFEEB5DB7C041FFFFFFFFFFC8FFF0003D61561A2431F3540BE23BE
0F3355272F5D8341AB0EFDCD17CF50B5DB7D043FFFFFFFFFFC8FFF0003DC1561A2431F3540BE23D6
0F32FE272EC88342140EFD7417CF04B5FB7D048FFFFFFFFFFC8FFF0003E51561A2431F3540BE23EE
0F32A0272E308342960EFD1917CEB7B5FB7D047FFFFFFFFFFC8FFF0003D21561A2431F3540BE2306
0F3098272B0A8343150EFB0F17CCFAB5EB7D047FFFFFFFFFFC8FFF0003DC1561A2431F3540BE231E
0F2D8027266A8343820EF80C17CA7BB5EB7D047FFFFFFFFFFC8FFF0003D61561A2431F3440BE2336
0F2C232724618343EE0EF6A817C965B5FB7D048FFFFFFFFFFC8FFF0003D81561A3431F3440BE234E
0F2B9527237B83445F0EF62617C8F2B60B7E047FFFFFFFFFFC9FFF0003D61561A3431F3440BE2366
0F2A4527216F8344C40EF4C117C7C9B60B7F047FFFFFFFFFFC8FFF0003E11561A3431F3440BE237E
0F28BB271F288345160EF35917C6A6B61B7F048FFFFFFFFFFC7FFF0003E31561A3431F3440BE2396
0F26B3271C0A8345800EF14D17C4F5B62B80047FFFFFFFFFFC7FFF0003D81561A3431F3440BE23AE
0F2572271A1F8346140EF01417C3EEB64B80048FFFFFFFFFFC7FFF0003DC1561A3431F3440BE23C6
0F24F52719628346A00EEF9917C386B65B82047FFFFFFFFFFC7FFF0003D91561A3431F3440BE23DE
0F24342718288346F50EEEE117C2EEB65B82045FFFFFFFFFFC8FFF0003D91561A4431F3340BE23F6
0F224D2715148347420EECF617C161B66B83045FFFFFFFFFFC8FFF0003D21561A4431F3340BE230E
0F207627124A8347A60EEB2E17BFE8B69B84048FFFFFFFFFFC8FFF0003DE1561A4431F3340BE2326
0F1F702710BC8348200EEA2817BF15B6BB86044FFFFFFFFFFC8FFF0003E01561A4431F3340BE233E
0F1CDE270CC18348B90EE78A17BCDDB6EB89040FFFFFFFFFFC8FFF0003D41561A4431F3340BE1356
0F181E2705AB83494D0EE2F917B92AB72B8C044FFFFFFFFFFC7FFF0003D61561A4431F3340BE236E
0F156127016C8349A20EE05417B6EBB75B90047FFFFFFFFFFC7FFF0003D31561A4431F3340BE2386
0F143E26FF8F8349D30EDF3C17B5EFB77B92048FFFFFFFFFFC8FFF0003D81561A5431F3340BE239E
0F129426FCEC834A2B0EDD7917B46EB77B94047FFFFFFFFFFC9FFF0003D81561A5431F3340BE23B6
0F106326F98B834AB40EDB5417B29FB78B95047FFFFFFFFFFC9FFF0003E11561A5431F3340BE13CE
0F0E1226F5F1834B470ED91E17B0BFB78B96047FFFFFFFFFFC9FFF0003C91561A5431F3240BE13E6
0F0BDE26F286834BC60ED6EA17AEE5B78B96047FFFFFFFFFFC9FFF0003D21561A5431F3240BE23FE
0F095226EE9C834C390ED44F17ACB7B79B96047FFFFFFFFFFC8FFF0003D01561A5431F3240BE2316
0F08E826EDE5834CA70ED3EF17AC5FB78B96048FFFFFFFFFFC8FFF0003D41561A5431F3240BE232E
0F084726ECDC834CF80ED35217ABD3B76B96047FFFFFFFFFFC8FFF0003D11561A6431F3240BE2346
0F077B26EB9A834D3C0ED29217AB2DB75B95047FFFFFFFFFFC8FFF0003DD1561A6431F3240BE235E
0F066D26E9DE834DAA0ED18717AA49B75B94044FFFFFFFFFFC8FFF0003DE1561A6431F3240BE2376
0F03E426E5F4834E410ECF0017A828B76B94046FFFFFFFFFFC8FFF0003DB1561A6431F3240BE138E
0F00F226E182834ECE0ECC1417A5C2B76B94046FFFFFFFFFFC8FFF0003CC1561A6431F3140BE13A6
0F002026E035834F3A0ECB4A17A517B76B93042FFFFFFFFFFC9FFF0003D11561A6431F3140BE23BE
0EFFDF26DFBF834F970ECAFC17A4CFB76B94043FFFFFFFFFFC9FFF0003D21561A7431F3140BE03D6
0EFF7C26DF0E834FE70ECAA117A47DB77B94047FFFFFFFFFFC8FFF0003CD1561A7431F3140BE23EE
0EFE8B26DD8E83504F0EC9AA17A3A9B78B95048FFFFFFFFFFC8FFF0003DB1561A7431F3140BE1306
0EFC8126DA558350D90EC7B717A1FEB78B95047FFFFFFFFFFC8FFF0003DB1561A7431F3140BE131E
0EF77926D2BE8351670EC2BB179DDFB78B95047FFFFFFFFFFC8FFF0003CC1561A7431F3140BE1336
0EF46A26CE008351DD0EBFA4179B4BB78B96048FFFFFFFFFFC8FFF0003C71561A7431F3140BE034E
0EF39126CC9D8352370EBED3179A8BB78B95047FFFFFFFFFFC8FFF0003CF1561A7431F3040BE0366
0EF34326CC118352760EBE96179A4EB77B94047FFFFFFFFFFC8FFF0003D51561A8431F3040BE037E
0EF31E26CBC78352C10EBE61179A24B76B94047FFFFFFFFFFC8FFF0003D21561A8431F3040BE1396
0EF03526C7288353380EBBAB1797D3B75B93047FFFFFFFFFFC8FFF0003DD1561A8431F3040BE23AE
0EEB9026C0498353EC0EB700179408B75B93046FFFFFFFFFFC9FFF0003D81561A8431F3040BE03C6
0EEA9D26BEB28354930EB601179329B76B93047FFFFFFFFFFC9FFF0003CE1561A8431F3040BE03DE
0EE94D26BCB78354DE0EB4C817922FB77B94045FFFFFFFFFFC9FFF0003C11561A8431F3040BE03F6
0EE8C526BBC98355060EB44E1791BAB79B95045FFFFFFFFFFC7FFF0003D01561A9431F3040BE030E
0EE7DF26BA6A83555C0EB3511790EAB7AB96046FFFFFFFFFFC7FFF0003DB1561A9431F3040BE1326
0EE6F126B8EF8355DA0EB26617902FB7BB97045FFFFFFFFFFC8FFF0003DE1561A9431F3040BE033E
0EE4F426B5F58356670EB07F178EA1B7DB98044FFFFFFFFFFC8FFF0003DB1561A9431F2F40BE0356
0EE30E26B3018356F60EAE94178D02B7FB99040FFFFFFFFFFC8FFF0003D11561A9431F2F40BE036E
0EDF4C26AD368357740EAAE51789F0B82B9B046FFFFFFFFFFC7FFF0003C11561A9431F2F40BE0386
0EDD0326A9B08357D20EA8A7178815B83B9E047FFFFFFFFFFC7FFF0003C91561A9431F2F40BE039E
0EDB0026A6A08358250EA69E178664B83B9F049FFFFFFFFFFC8FFF0003C91561A9431F2F40BE03B6
0EDA0226A50C83587A0EA5A217858BB83BA0047FFFFFFFFFFC8FFF0003D21561AA431F2F40BE03CE
0ED97F26A4378358DF0EA52017851CB86BA1047FFFFFFFFFFC8FFF0003E11561AA431F2F40BE03E6
0ED91326A38283595E0EA4B41784C1B87BA2047FFFFFFFFFFC8FFF0003DF1561AA431F2F40BE03FE
0ED88826A2A48359E90EA431178454B88BA3046FFFFFFFFFFC8FFF0003D41561AA431F2E40BE0316
0ED7BB26A156835A710EA3691783A9B87BA3048FFFFFFFFFFC7FFF0003C21561AA431F2E40BE032E
0ED5CB269E64835AE30EA16D178205B88BA4046FFFFFFFFFFC7FFF0003C61561AA431F2E40BE0346
0ED40D269BB3835B3A0E9FB5178093B8ABA5044FFFFFFFFFFC8FFF0003C91561AA431F2E40BE035E
0ED398269AF4835B850E9F5717803EB8CBA6047FFFFFFFFFFC8FFF0003D71561AB431F2E40BE0376
0ED2DF2699C2835BE40E9E94177F9AB8CBA7046FFFFFFFFFFC7FFF0003DE1561AB431F2E40BE038E
0ED12C26972D835C5E0E9CF0177E40B8DBA8047FFFFFFFFFFC7FFF0003CE1561AB431F2E40BE03A6
0ECF3B26941F835CE30E9B0D177CA8B8EBA9047FFFFFFFFFFC8FFF0003D71561AB431F2E40BE03BE
0ECCB7269047835D690E988C177A95B8DBAA046FFFFFFFFFFC8FFF0003C31561AB431F2D40BE03D6
0EC995268B87835DE90E9574177808B8EBAB045FFFFFFFFFFC8FFF0003C71561AB431F2D40BE03EE
0EC8752689B9835E480E945C177712B91BAC041FFFFFFFFFFC8FFF0003C51561AB431F2D40BE0306
0EC79826884A835E8D0E9386177655B92BAD047FFFFFFFFFFC8FFF0003D61561AC431F2D40BE031E
0EC5E826858F835EDB0E91D81774E5B93BAC047FFFFFFFFFFC9FFF0003DD1561AC431F2D40BE0336
0EC522268455835F4A0E911F177446B93BAC046FFFFFFFFFFC8FFF0003DC1561AC431F2D40BE034E
0EC469268332835FE50E90641773A9B92BAC047FFFFFFFFFFC8FFF0003D51561AC431F2D40BE0366
0EC2AF26808F8360830E8E9D17722CB92BAB046FFFFFFFFFFC8FFF0003BA1561AC431F2D40BE037E
0EC1CA267F278360FF0E8DD3177187B91BAB048FFFFFFFFFFC9FFF0003C51561AC431F2C40BE0396
0EC19A267ED78361520E8D8B177144B90BAB047FFFFFFFFFFC9FFF0003C81561AD431F2C40BE03AE
0EC16A267E7C83617F0E8D5A177118B90BAC047FFFFFFFFFFC8FFF0003D21561AD431F2C40BE03C6
0EC134267E228361BF0E8D251770EFB90BAB048FFFFFFFFFFC8FFF0003DC1561AD431F2C40BDF3DE
0EC0CC267D838362420E8CC81770AAB90BAB047FFFFFFFFFFC8FFF0003DC1561AD431F2C40BE03F6
0EC086267D1D8362F60E8C81177074B91BAB046FFFFFFFFFFC8FFF0003C21561AD431F2C40BDF30E
0EC015267C6E8363970E8C0D177014B92BAD047FFFFFFFFFFC8FFF0003C81561AD431F2C40BE0326
0EBFAC267BC58363EB0E8BC1176FD2B92BAD047FFFFFFFFFFC9FFF0003C41561AD431F2C40BDF33E
0EBE552679C083641E0E8A7F176ECAB93BAE047FFFFFFFFFFC8FFF0003C81561AE431F2C40BE0356
0EBC2D2676858364740E8841176CFDB92BAE044FFFFFFFFFFC8FFF0003CC1561AE431F2C40BDF36E
0EB9CF2672F08364FA0E85EB176B0EB93BAE046FFFFFFFFFFC9FFF0003DA1561AE431F2C40BDF386
0EB85C2670B78365890E846C1769CDB94BAF047FFFFFFFFFFC7FFF0003D71561AE431F2B40BDF39E
0EB755266F148365F00E83711768F8B96BB0044FFFFFFFFFFC7FFF0003CF1561AE431F2B40BDF3B6
0EB668266D9A8366580E828417682CB98BB1047FFFFFFFFFFC8FFF0003CB1561AE431F2B40BE03CE
0EB4C5266B058366D00E80EE1766D4B98BB2047FFFFFFFFFFC7FFF0003CB1561AE431F2B40BDE3E6
0EB1572665C08367420E7DA217641AB9ABB3045FFFFFFFFFFC6FFF0003CC1561AF431F2B40BDF3FE
0EAD26265F558367A40E798E1760AFB9CBB5047FFFFFFFFFFC7FFF0003C71561AF431F2B40BDF316
0EAC4A265E028368000E7888175FCDB9DBB6043FFFFFFFFFFC7FFF0003D21561AF431F2B40BDF32E
0EABBA265D138368710E780B175F62B9DBB6040FFFFFFFFFFC8FFF0003D41561AF431F2A40BDE346
0EAB03265BEC8368F40E7740175EB6B9CBB6043FFFFFFFFFFC8FFF0003CB1561AF431F2A40BDF35E
0EAA37265B4683696F0E7676175E0EB9CBB6048FFFFFFFFFFC8FFF0003D11561AF431F2A40BDE376
0EA8FC2659DF8369DC0E7528175CFDB9CBB6048FFFFFFFFFFC8FFF0003CD1561AF431F2A40BDF38E
0EA72D265706836A390E7392175BABB9CBB6047FFFFFFFFFFC6FFF0003CC1561B0431F2A40BDE3A6
0EA6B626564A836A9C0E72FA175B2CB9CBB6046FFFFFFFFFFC6FFF0003C51561B0431F2A40BDE3BE
0EA6882655F0836B0B0E72D6175B11B9CBB7047FFFFFFFFFFC7FFF0003C81561B0431F2A40BDE3D6
0EA63F26557C836B8F0E727F175ACBB9DBB8047FFFFFFFFFFC7FFF0003D11561B0431F2A40BDE3EE
0EA445265260836C150E70A4175939B9DBB8048FFFFFFFFFFC7FFF0003CD1561B0431F2940BDE306
0EA1B4264E83836C6B0E6E1817571DB9EBB9047FFFFFFFFFFC7FFF0003CD1561B0431F2940BDE31E
0EA0E6264D2D836CAF0E6D4B17566FB9FBBA046FFFFFFFFFFC7FFF0003BF1561B0431F2940BDE336
0EA032264C04836D100E6C941755D9BA0BBA046FFFFFFFFFFC7FFF0003D41561B1431F2940BDE34E
0E9F6F264ACA836D990E6BD9175537BA0BBA045FFFFFFFFFFC8FFF0003D11561B1431F2940BDE366
0E9DC226482D836E350E6A2F1753D7BA0BBA048FFFFFFFFFFC9FFF0003CA1561B1431F2940BDE37E
0E9D0F26470A836EB70E696617532EBA2BBB048FFFFFFFFFFC9FFF0003BD1561B1431F2940BDE396
0E9B8526448D836F0D0E67FA1751F9BA2BBC047FFFFFFFFFFC6FFF0003C71561B1431F2940BDE3AE
0E9A00264238836F520E666F1750ADBA3BBC044FFFFFFFFFFC7FFF0003C41561B1431F2940BDE3C6
0E98CC264047836FB00E654D174FB7BA4BBC048FFFFFFFFFFC8FFF0003D11561B1431F2940BDE3DE
0E96FB263D748370350E637E174E2CBA2BBC047FFFFFFFFFFC7FFF0003CD1561B2431F2840BDE3F6
0E954F263AD18370B70E61DD174CCFBA3BBC048FFFFFFFFFFC7FFF0003C51561B2431F2840BDE30E
0E92DB26370183711D0E5F6E174AC9BA3BBD045FFFFFFFFFFC7FFF0003C01561B2431F2840BDE326
0E90302632E68371920E5CCB174898BA2BBD046FFFFFFFFFFC7FFF0003C41561B2431F2840BDE33E
0E8EC92630AB8372140E5B63174767BA2BBD048FFFFFFFFFFC8FFF0003C41561B2431F2840BDE356
0E8C9E262D488372760E59461745A4BA1BBE045FFFFFFFFFFC8FFF0003BE1561B2431F2840BDE36E
0E8B2B262B0B8372D20E57D317446ABA3BBE041FFFFFFFFFFC7FFF0003C21561B2431F2840BDE386
0E8A9C262A288373450E57451743F0BA4BBF047FFFFFFFFFFC8FFF0003C91561B2431F2840BDE39E
0E8A1F2629598373B70E56C6174382BA3BBF047FFFFFFFFFFC9FFF0003C61561B3431F2740BDE3B6
0E87EB2625ED83740F0E54A41741C0BA4BC0045FFFFFFFFFFC8FFF0003C71561B3431F2740BDE3CE
0E864126237183746B0E52FD174064BA5BC0046FFFFFFFFFFC8FFF0003C11561B3431F2740BDE3E6
0E85032621888374E80E51BF173F60BA6BC0046FFFFFFFFFFC7FFF0003C11561B3431F2740BDE3FE
0E84812620B58375790E513C173EF2BA7BC0044FFFFFFFFFFC7FFF0003C41561B3431F2740BDE316
0E837A261F1B83760A0E503F173E1DBA8BC2045FFFFFFFFFFC8FFF0003BE1561B3431F2740BDE32E
0E8223261D0C8376830E4EF1173D07BAABC2048FFFFFFFFFFC8FFF0003AA1561B3431F2740BDE346
0E812F261B838376BF0E4E26173C65BABBC3046FFFFFFFFFFC8FFF0003C21561B4431F2740BDE35E
0E8075261A548376E70E4D77173BC4BABBC4047FFFFFFFFFFC8FFF0003CD1561B4431F2740BDE376
0E7E7E26175C8377460E4B5A173A08BABBC4044FFFFFFFFFFC8FFF0003D51561B4431F2740BDE38E
0E7D152615278377E70E49F71738E3BABBC5041FFFFFFFFFFC8FFF0003D01561B4431F2740BDE3A6
0E7A7C26110D8378990E475417369FBACBC6044FFFFFFFFFFC8FFF0003B71561B4431F2640BDE3BE
0E76C9260B718379270E43B71733A0BAEBC7044FFFFFFFFFFC7FFF0003B21561B4431F2640BDE3D6
0E7630260A5E83797A0E432F173326BAEBC704AFFFFFFFFFFC8FFF0003B71561B4431F2640BDE3EE
0E75C92609BE8379A50E42F41732F2BADBC7045FFFFFFFFFFC6FFF0003BF1561B4431F2640BDE306
0E756B26092F8379EC0E4266173275BACBC7044FFFFFFFFFFC6FFF0003D31561B5431F2640BDE31E
0E74E426085A837A630E41DB17320ABACBC5043FFFFFFFFFFC9FFF0003D41561B5431F2640BDE336
0E74782607D1837AFF0E416D1731BEBACBC6042FFFFFFFFFFC8FFF0003CC1561B5431F2640BDE34E
0E73E32606E5837BA10E40E6173156BADBC6047FFFFFFFFFFC7FFF0003B71561B5431F2640BDE366
0E71D42603D5837C200E3EEF172FBABAEBC7046FFFFFFFFFFC7FFF0003B61561B5431F2540BDC37E
0E711A2602A1837C710E3E1D172F07BAFBC8046FFFFFFFFFFC6FFF0003AF1561B5431F2540BDE396
0E70812601A3837CB20E3D8A172E84BB0BC9044FFFFFFFFFFC7FFF0003C21561B5431F2540BDE3AE
0E7025260115837CF70E3D2F172E3ABB1BCA045FFFFFFFFFFC8FFF0003C51561B6431F2540BDE3C6
0E6EF625FF3A837D5F0E3C08172D46BB3BCB040FFFFFFFFFFC8FFF0003C91561B6431F2540BDD3DE
0E6DE125FDB9837DFD0E3AEF172C62BB3BCB045FFFFFFFFFFC8FFF0003CB1561B6431F2540BDE3F6
0E6D7D25FD0E837EB90E3A8F172C18BB4BCC043FFFFFFFFFFC8FFF0003AD1561B6431F2540BDE30E
0E6D3525FCA6837F330E3A40172BD3BB4BCC048FFFFFFFFFFC7FFF0003B41561B6431F2540BDD326
0E6D7125FCFB837F4D0E3B0F172C6CBB3BCC045FFFFFFFFFFC7FFF0003BA1561B6431F2540BDD33E
0E6DAC25FD2D837F7B0E3A24172BB7BB2BCC044FFFFFFFFFFC8FFF0003BF1561B6431F2540BDC356
0E6C3B25FB078380070E394D172B06BB1BCB043FFFFFFFFFFC8FFF0003D11561B7431F2540BDC36E
0E6AFD25F92E8380B60E3810172A04BB2BCC042FFFFFFFFFFC7FFF0003C51561B7431F2540BDC386
0E6A7125F85783812D0E3784172992BB3BCD047FFFFFFFFFFC7FFF0003C41561B7431F2440BDC39E
0E69B925F73983818D0E36D0172901BB3BCC045FFFFFFFFFFC7FFF0003BF1561B7431F2440BDC3B6
0E693D25F6858381FF0E36601728A3BB2BCC045FFFFFFFFFFC8FFF0003C11561B7431F2440BDC3CE
0E689925F57F8382630E35BB17281EBB3BCD040FFFFFFFFFFC8FFF0003BF1561B7431F2440BDD3E6
0E684B25F5138382AE0E35741727E1BB3BCD047FFFFFFFFFFC8FFF0003CE1561B7431F2440BDC3FE
0E671C25F3368383180E34401726E4BB4BCE045FFFFFFFFFFC8FFF0003D11561B7431F2440BDC316
0E654625F07B8383AE0E326B172566BB5BCE044FFFFFFFFFFC8FFF0003C81561B8431F2440BDC32E
0E641F25EECA8384340E314B17247BBB6BCE044FFFFFFFFFFC8FFF0003C51561B8431F2440BDC346
0E63BB25EE258384980E30EA172429BB6BCE045FFFFFFFFFFC6FFF0003C81561B8431F2340BDC35E
0E631625ED1C8385000E304417239EBB6BCE045FFFFFFFFFFC6FFF0003C01561B8431F2340BDC376
0E625925EBF883856D0E2F8A172301BB6BCE044FFFFFFFFFFC8FFF0003C21561B8431F2340BDC38E
0E61C725EB198385CF0E2F0117228EBB7BCE044FFFFFFFFFFC7FFF0003CF1561B8431F2340BDC3A6
0E5FD225E80683862F0E2D121720F3BB7BCE045FFFFFFFFFFC7FFF0003D11561B8431F2340BDC3BE
0E5DFB25E5328386AC0E2B3E171F6DBB7BCF045FFFFFFFFFFC7FFF0003C71561B8431F2340BDC3D6
0E5D4925E4388387350E2A94171EE0BB8BCF046FFFFFFFFFFC7FFF0003C31561B9431F2340BDC3EE
0E5CCA25E36983879D0E2A26171E83BB7BCF045FFFFFFFFFFC7FFF0003C91561B9431F2340BDC306
0E5BEC25E1FD8387F00E293C171DBDBB6BCF042FFFFFFFFFFC7FFF0003CC1561B9431F2340BDC31E
0E58FC25DD9983885D0E265C171B5EBB5BCF045FFFFFFFFFFC8FFF0003C71561B9431F2340BDB336
0E56EC25DA778388F80E244B1719ADBB4BCF041FFFFFFFFFFC8FFF0003CB1561B9431F2240BDC34E
0E55A925D88283897D0E23051718A0BB4BCF04AFFFFFFFFFFC8FFF0003C81561B9431F2240BDB366
0E555E25D80B8389B70E22D2171874BB4BCF046FFFFFFFFFFC7FFF0003C41561B9431F2240BDB37E
0E551C25D79F8389F20E227E17182ABB5BCF03FFFFFFFFFFFC7FFF0003CE1561BA431F2240BDC396
0E541225D5FA838A590E2178171752BB6BD0045FFFFFFFFFFC8FFF0003D51561BA431F2240BDC3AE
0E527925D39F838AF40E1FE9171611BB6BD0042FFFFFFFFFFC8FFF0003CB1561BA431F2240BDC3C6
0E524A25D35E838BA00E1FB41715E9BB8BD1042FFFFFFFFFFC8FFF0003CA1561BA431F2240BDB3DE
0E514A25D1C1838C1A0E1EBB17151CBB9BD1047FFFFFFFFFFC8FFF0003B81561BA431F2240BDB3F6
0E4F4A25CEC0838C670E1CB517136EBBABD2044FFFFFFFFFFC8FFF0003C21561BA431F2140BDB30E
0E4EC725CDEB838CAD0E1C3B171301BBABD1048FFFFFFFFFFC8FFF0003CD1561BA431F2140BDB326
0E4E7025CD60838D050E1BE21712B6BB8BD2043FFFFFFFFFFC7FFF0003D61561BA431F2140BDB33E
0E4DFD25CCB3838D770E1B7317125ABB8BD2043FFFFFFFFFFC7FFF0003D81561BB431F2140BDC356
0E4BB925C94B838DFD0E194017108BBB8BD2045FFFFFFFFFFC8FFF0003CA1561BB431F2140BDB36E
0E4A6325C72D838E850E17EE170F6EBB8BD2045FFFFFFFFFFC7FFF0003C91561BB431F2140BDB386
0E492825C553838F040E16AF170E63BB9BD2045FFFFFFFFFFC7FFF0003C11561BB431F2140BDB39E
0E480C25C3A6838F740E159D170D83BB9BD3047FFFFFFFFFFC8FFF0003BB1561BB431F2140BDB3B6
0E473A25C251838FCC0E14CA170CD4BB9BD2042FFFFFFFFFFC6FFF0003CD1561BB431F2140BDB3CE
0E45D525C0238390190E1365170BA7BB9BD3040FFFFFFFFFFC7FFF0003D71561BB431F2140BDB3E6
0E44C125BE838390720E1259170AC6BBABD2046FFFFFFFFFFC8FFF0003DB1561BC431F2140BDA3FE
0E43EB25BD288390F30E1185170A15BBABD3043FFFFFFFFFFC7FFF0003D51561BC431F2140BDA316
0E426A25BAE683919B0E10001708D9BBABD3044FFFFFFFFFFC7FFF0003C91561BC431F2040BDA32E
0E40C225B86283922C0E0E6B170780BBABD3045FFFFFFFFFFC7FFF0003C21561BC431F2040BDA346
0E402325B76E8392660E0DF3170722BBBBD3046FFFFFFFFFFC7FFF0003BE1561BC431F2040BDB35E
0E3FC625B6CA8392980E0D911706CBBBBBD2041FFFFFFFFFFC7FFF0003CF1561BC431F2040BDB376
0E3E4A25B46D8393090E0C0917057CBBABD2043FFFFFFFFFFC7FFF0003D51561BC431F2040BDB38E
0E3B5125AFFC8393AC0E08E11702EDBB8BD1041FFFFFFFFFFC6FFF0003CC1561BD431F2040BDA3A6
0E39C725ADC78394400E077D1701CBBB7BD2045FFFFFFFFFFC8FFF0003CF1561BD431F2040BDA3BE
0E39BA25ADA38394950E07791701BFBB7BD3046FFFFFFFFFFC8FFF0003C81561BD431F2040BDA3D6
0E397A25AD348394DE0E0737170189BB7BD2046FFFFFFFFFFC8FFF0003BF1561BD431F2040BDA3EE
0E392C25ACCF83954A0E06E617014BBB7BD2043FFFFFFFFFFC9FFF0003CC1561BD431F2040BDA306
0E391025AC9F8395CE0E06C7170132BB7BD2046FFFFFFFFFFC8FFF0003CF1561BD431F1F40BDA31E
0E388925ABD783964F0E06401700C7BB9BD3044FFFFFFFFFFC7FFF0003CE1561BD431F1F40BDA336
0E381F25AB388396BE0E05DA170078BBABD3044FFFFFFFFFFC7FFF0003C11561BD431F1F40BDA34E
0E381B25AB3C8397270E05D7170079BBABD3047FFFFFFFFFFC7FFF0003C81561BD431F1F40BDA366
0E37C325AAB38397890E0580170031BB9BD3040FFFFFFFFFFC7FFF0003C21561BE431F1F40BDA37E
0E378A25AA5C8397E50E0544170002BB8BD2046FFFFFFFFFFC7FFF0003CD1561BE431F1F40BDA396
0E36BD25A91B8398540E048316FF5FBB8BD2044FFFFFFFFFFC8FFF0003CE1561BE431F1F40BDA3AE
0E35B025A7978398DD0E037816FE8ABB9BD2042FFFFFFFFFFC7FFF0003CA1561BE431F1F40BDA3C6
0E34EF25A6638399620E02B816FDECBBABD2048FFFFFFFFFFC7FFF0003BD1561BE431F1F40BDA3DE
0E332225A3918399BE0E00FC16FC7CBBABD3045FFFFFFFFFFC7FFF0003C61561BE431F1E40BDA3F6
0E309C259FB7839A150DFE7916FA5DBBBBD3043FFFFFFFFFFC7FFF0003C91561BE431F1E40BDA30E
0E2E94259C98839A860DFC7916F8ADBBCBD4044FFFFFFFFFFC7FFF0003C21561BF431F1E40BDA326
0E2C89259979839B070DFA7716F704BBCBD3043FFFFFFFFFFC8FFF0003B71561BF431F1E40BDA33E
0E2BCC259860839B7D0DF9B416F663BBBBD3040FFFFFFFFFFC8FFF0003C81561BF431F1E40BDA356
0E2B2A259761839BDE0DF91216F5DBBBBBD3047FFFFFFFFFFC8FFF0003C11561BF431F1E40BDA36E
0E2A6C259641839C440DF85B16F546BB9BD2044FFFFFFFFFFC8FFF0003C31561BF431F1E40BDA386
0E299D259505839CB70DF78D16F4A1BB8BD2041FFFFFFFFFFC7FFF0003C21561BF431F1E40BDA39E
0E28E02593D3839D340DF6D616F408BB9BD2048FFFFFFFFFFC7FFF0003C41561BF431F1E40BDA3B6
0E28462592DD839DB10DF63A16F38ABB9BD3043FFFFFFFFFFC8FFF0003B01561BF431F1E40BD93CE
0E27E225923C839E1D0DF5D916F33ABB9BD3044FFFFFFFFFFC8FFF0003C11561BF431F1E40BDA3E6
0E275125916D839E610DF54B16F2C1BB8BD2044FFFFFFFFFFC8FFF0003C61561C0431F1E40BDA3FE
0E269F259056839EB50DF49D16F236BB8BD2044FFFFFFFFFFC6FFF0003CB1561C0431F1E40BD9316
0E25A0258EE3839F4E0DF3A416F16BBB8BD203FFFFFFFFFFFC7FFF0003C01561C0431F1E40BDA32E
0E235A258B7B839FFB0DF15F16EF92BB9BD2043FFFFFFFFFFC8FFF0003BE1561C0431F1D40BD9346
0E220725896983A0570DF02F16EE95BB9BD2041FFFFFFFFFFC6FFF0003B11561C0431F1D40BD835E
0E213125881183A08D0DEF5D16EDE7BB9BD203FFFFFFFFFFFC6FFF0003BB1561C0431F1D40BD9376
0E207F25870683A0F40DEE8F16ED3BBB9BD2045FFFFFFFFFFC7FFF0003C41561C0431F1D40BD938E
0E1F4D25853383A1830DED6416EC45BB9BD1042FFFFFFFFFFC7FFF0003C81561C0431F1D40BD93A6
0E1E3025834A83A20D0DEC4B16EB5FBB9BD1044FFFFFFFFFFC7FFF0003C51561C0431F1D40BD93BE
0E1D0125813983A2720DEB1D16EA65BB9BD1043FFFFFFFFFFC7FFF0003B71561C0431F1D40BD83D6
0E1CB42580B283A2B90DEACF16EA23BB8BD1041FFFFFFFFFFC7FFF0003BD1561C1431F1D40BD83EE
0E1C0C257F9D83A3210DEA2D16E9A1BB8BD2045FFFFFFFFFFC8FFF0003BE1561C1431F1D40BD8306
0E1AAE257D8C83A3B60DE8D416E884BB9BD1045FFFFFFFFFFC7FFF0003B81561C1431F1D40BD831E
0E197F257BCD83A43C0DE7A516E78FBB9BD2040FFFFFFFFFFC7FFF0003C11561C1431F1D40BD9336
0E1933257B4C83A4930DE75916E750BB8BD2045FFFFFFFFFFC8FFF0003B91561C1431F1D40BD834E
0E18F0257AEA83A4F40DE71516E71ABB8BD2041FFFFFFFFFFC6FFF0003C21561C1431F1C40BD8366
0E186C257A1E83A5660DE69016E6ACBB8BD2044FFFFFFFFFFC7FFF0003C11561C1431F1C40BD837E
0E17FE25797683A5CC0DE62816E657BB7BD2044FFFFFFFFFFC8FFF0003AE1561C1431F1C40BD8396
0E176C25788A83A63A0DE59C16E5E7BB7BD2041FFFFFFFFFFC8FFF0003BE1561C1431F1C40BD83AE
0E15EF25763A83A6B60DE42916E4B5BB8BD1041FFFFFFFFFFC7FFF0003BF1561C2431F1C40BD83C6
0E148A25742983A72D0DE2C216E393BB8BD1046FFFFFFFFFFC7FFF0003BD1561C2431F1C40BD83DE
0E13B62572DC83A7A10DE1F316E2E9BB9BD2044FFFFFFFFFFC7FFF0003BC1561C2431F1C40BD83F6
0E131D2571F683A81A0DE15816E26DBB9BD2047FFFFFFFFFFC8FFF0003B31561C2431F1C40BD930E
0E12DC25718983A87E0DE11816E238BB8BD1042FFFFFFFFFFC9FFF0003BD1561C2431F1C40BD8326
0E12B225714D83A8D50DE0EE16E217BB8BD1042FFFFFFFFFFC9FFF0003BE1561C2431F1C40BD833E
0E125A2570CE83A9360DE09816E1D2BB7BD1046FFFFFFFFFFC6FFF0003B41561C2431F1C40BD8356
0E121225706483A9A80DE05116E19CBB7BD1042FFFFFFFFFFC8FFF0003B21561C2431F1C40BD736E
0E11A4256FC383AA300DDFE616E146BB7BD1044FFFFFFFFFFC8FFF0003BF1561C2431F1B40BD7386
0E0FFE256D4083AABD0DDE4B16DFF7BB7BD0042FFFFFFFFFFC6FFF0003BA1561C2431F1B40BD739E
0E0E68256ACF83AB2A0DDCB316DEA8BB7BD0045FFFFFFFFFFC6FFF0003B61561C3431F1B40BD83B6
0E0C7B2567E483AB7E0DDACC16DD17BB8BD0043FFFFFFFFFFC7FFF0003B81561C3431F1B40BD73CE
0E0B6925664983ABDA0DD9BE16DC39BB9BD1043FFFFFFFFFFC7FFF0003BD1561C3431F1B40BD73E6
0E0AA925651A83AC450DD8FF16DB9EBB8BD1042FFFFFFFFFFC8FFF0003BA1561C3431F1B40BD73FE
0E09E52563F483ACBB0DD84416DB06BB9BD1042FFFFFFFFFFC8FFF0003C31561C3431F1B40BD7316
0E098B25636E83AD3E0DD7E516DABCBB9BD0046FFFFFFFFFFC8FFF0003B21561C3431F1B40BD732E
0E08F625627583ADB30DD76116DA4FBB9BD1043FFFFFFFFFFC7FFF0003B31561C3431F1B40BD8346
0E078525604183AE1C0DD5E516D918BB9BD1044FFFFFFFFFFC7FFF0003B71561C3431F1B40BD735E
0E06F6255F6483AE960DD55C16D8ACBB9BD1042FFFFFFFFFFC8FFF0003B61561C3431F1A40BD7376
0E06AE255EF283AF0B0DD51816D876BB9BD1043FFFFFFFFFFC6FFF0003B51561C4431F1A40BD738E
0E063C255E4083AF5E0DD4A616D818BB8BD1044FFFFFFFFFFC6FFF0003BE1561C4431F1A40BD73A6
0E0612255DF783AFAA0DD47A16D7F5BB8BD1043FFFFFFFFFFC7FFF0003C21561C4431F1A40BD73BE
0E05BF255D7383B00D0DD42516D7B3BB7BD1044FFFFFFFFFFC7FFF0003BC1561C4431F1A40BD63D6
0E0440255B3783B0A00DD2B516D686BB7BD1045FFFFFFFFFFC7FFF0003C21561C4431F1A40BD73EE
0E02A32558CD83B1450DD11516D539BB7BD0042FFFFFFFFFFC7FFF0003BB1561C4431F1A40BD6306
0E01B625576783B1B30DD03016D47DBB8BD1042FFFFFFFFFFC8FFF0003AC1561C4431F1A40BD631E
0E012925569383B1FA0DCFA716D40BBB8BD1042FFFFFFFFFFC8FFF0003B51561C4431F1A40BD7336
0E006B25557283B2560DCEE516D370BB8BD0045FFFFFFFFFFC8FFF0003BC1561C4431F1A40BD634E
0DFFF82554C283B2C70DCE7216D312BB8BCF042FFFFFFFFFFC8FFF0003C21561C4431F1A40BD6366
0DFFD225548383B3310DCE4F16D2F6BB8BCF044FFFFFFFFFFC7FFF0003C41561C5431F1A40BD637E
0DFEA12552BC83B3A20DCD2C16D208BB9BCF043FFFFFFFFFFC7FFF0003C11561C5431F1940BD6396
0DFDA025514183B42D0DCC2316D137BB9BCF042FFFFFFFFFFC8FFF0003B31561C5431F1940BD63AE
0DFD3025509A83B4A90DCBB816D0E0BB9BCF045FFFFFFFFFFC7FFF0003AF1561C5431F1940BD63C6
0DFCD925501383B4FD0DCB6516D09CBB9BD0045FFFFFFFFFFC6FFF0003B81561C5431F1940BD63DE
0DFC6F254F7683B55A0DCAF316D043BB8BD0042FFFFFFFFFFC6FFF0003BB1561C5431F1940BD63F6
0DFBF6254ECE83B5D70DCA8516CFEDBB8BD0043FFFFFFFFFFC6FFF0003BE1561C5431F1940BD630E
0DFB22254DB683B6610DC9B316CF47BB7BD0044FFFFFFFFFFC6FFF0003B51561C5431F1940BD6326
0DFA85254CCF83B6CD0DC91016CEC5BB7BD0046FFFFFFFFFFC8FFF0003BC1561C5431F1940BD633E
0DF969254B2283B7250DC7FC16CDE6BB7BCF043FFFFFFFFFFC7FFF0003BF1561C6431F1940BD6356
0DF8DF254A4F83B77F0DC77416CD77BB7BCF043FFFFFFFFFFC7FFF0003B71561C6431F1940BD636E
0DF7C52548AA83B7ED0DC65E16CC97BB7BD0044FFFFFFFFFFC8FFF0003BE1561C6431F1940BD6386
0DF70225479283B8720DC59C16CBFDBB7BD0042FFFFFFFFFFC6FFF0003B11561C6431F1840BD639E
0DF6D525475B83B8F90DC56F16CBDCBB6BD0042FFFFFFFFFFC7FFF0003AC1561C6431F1840BD63B6
0DF6A125471983B9660DC53D16CBB6BB6BD0047FFFFFFFFFFC8FFF0003B61561C6431F1840BD63CE
0DF5E12545DF83B9CB0DC48316CB20BB6BCF042FFFFFFFFFFC9FFF0003BA1561C6431F1840BD63E6
0DF4892543DC83BA240DC32F16CA0ABB6BCF042FFFFFFFFFFC8FFF0003B51561C6431F1840BD63FE
0DF3242541B983BA7E0DC1CA16C8E9BB6BCE044FFFFFFFFFFC7FFF0003C21561C6431F1840BD5316
0DF184253F4D83BAF40DC03D16C7A9BB6BCF044FFFFFFFFFFC6FFF0003BA1561C6431F1840BD532E
0DEF6F253C2383BB810DBE2916C5F6BB5BCE042FFFFFFFFFFC5FFF0003BD1561C7431F1840BD6346
0DEDC32539A083BC030DBC8016C49EBB6BCE043FFFFFFFFFFC5FFF0003B51561C7431F1840BD635E
0DED0925388783BC750DBBC316C405BB5BCE044FFFFFFFFFFC7FFF0003A91561C7431F1740BD5376
0DEC802537B983BCDA0DBB3B16C394BB5BCE044FFFFFFFFFFC7FFF0003B41561C7431F1740BD638E
0DEC3825374283BD270DBAF816C35BBB4BCE042FFFFFFFFFFC7FFF0003AB1561C7431F1740BD53A6
0DEBAE25366E83BD800DBA6E16C2EEBB3BCD043FFFFFFFFFFC7FFF0003C31561C7431F1840BD53BE
0DEAAB2534E483BDF30DB96B16C21BBB2BCD044FFFFFFFFFFC8FFF0003C61561C7431F1740BD53D6
0DE7A025304D83BE750DB67516BFB0BB2BCC042FFFFFFFFFFC8FFF0003C31561C7431F1740BD43EE
0DE681252EAB83BF020DB56216BED2BB3BCD043FFFFFFFFFFC8FFF0003B01561C7431F1740BD4306
0DE602252E0783BF7D0DB4D516BE67BB2BCC042FFFFFFFFFFC7FFF0003AF1561C7431F1740BD431E
0DE5EA252DF083BFC00DB4C016BE55BB1BCC046FFFFFFFFFFC7FFF0003AC1561C8431F1740BD4336
0DE55B252D1883C0100DB43916BDECBB1BCB042FFFFFFFFFFC7FFF0003BE1561C8431F1740BD434E
0DE413252B2C83C0910DB2F316BCE6BB1BCA042FFFFFFFFFFC7FFF0003C41561C8431F1740BD5366
0DE2DB25295E83C11C0DB1BC16BBEBBB3BCA042FFFFFFFFFFC8FFF0003C11561C8431F1740BD437E
0DE22825285583C1890DB10816BB5ABB3BCA043FFFFFFFFFFC7FFF0003BD1561C8431F1740BD4396
0DE1DD2527D283C1E00DB0C116BB20BB2BCA045FFFFFFFFFFC6FFF0003B51561C8431F1740BD43AE
0DE1262526AF83C2400DB00D16BA8FBB1BCA042FFFFFFFFFFC6FFF0003BB1561C8431F1640BD33C6
0DDFD025246A83C2B80DAEBC16B981BB1BC9045FFFFFFFFFFC6FFF0003B41561C8431F1640BD43DE
0DDDE0251D2583C3400DACD516B7FDBB1BC9044FFFFFFFFFFC7FFF0003BA1561C8431F1640BD33F6
0DDCC9251B8083C3C20DABBA16B71CBB0BC9045FFFFFFFFFFC8FFF0003B91561C8431F1640BD430E
0DDBD0251A0A83C4220DAAC416B652BB0BC9041FFFFFFFFFFC8FFF0003BC1561C9431F1640BD3326
0DDB5C25195883C4690DAA4C16B5ECBB0BC9042FFFFFFFFFFC7FFF0003B91561C9431F1640BD333E
0DDAD325188783C4BA0DA9C716B580BAFBC9043FFFFFFFFFFC7FFF0003C81561C9431F1640BD3356
0DDA8525181383C52C0DA97C16B545BAEBC8043FFFFFFFFFFC7FFF0003C71561C9431F1640BD336E
0DD9DB25171583C5C40DA8E116B4C9BADBC7044FFFFFFFFFFC7FFF0003B51561C9431F1640BD3386
0DD85A2514EF83C6610DA73E16B385BACBC7041FFFFFFFFFFC7FFF0003AB1561C9431F1640BD339E
0DD7CF25141E83C6D40DA6CE16B329BACBC7042FFFFFFFFFFC6FFF0003B21561C9431F1540BD33B6
0DD77E2513A583C7150DA68716B2EDBADBC6041FFFFFFFFFFC8FFF0003BB1561C9431F1540BD33CE
0DD75125136883C7520DA65416B2C6BACBC6041FFFFFFFFFFC8FFF0003C51561C9431F1540BD33E6
0DD6D12512A683C7AF0DA5D216B260BACBC5044FFFFFFFFFFC7FFF0003CA1561C9431F1540BD33FE
0DD5FC25117A83C8340DA50716B1C3BACBC5043FFFFFFFFFFC7FFF0003C41561CA431F1540BD3316
0DD53A25106483C8DB0DA44B16B131BACBC5040FFFFFFFFFFC7FFF0003AD1561CA431F1540BD332E
0DD39F250E0883C9700DA2B116AFECBACBC5043FFFFFFFFFFC8FFF0003B21561CA431F1540BD3346
0DD337250D7183C9BE0DA24616AF95BACBC5041FFFFFFFFFFC7FFF0003B21561CA431F1540BD335E
0DD31D250D4883C9F40DA22816AF7EBABBC5041FFFFFFFFFFC7FFF0003BD1561CA431F1540BD3376
0DD2D8250CE683CA4E0DA1E416AF4DBAABC5041FFFFFFFFFFC7FFF0003BE1561CA431F1540BD338E
0DD2CA250CDF83CAC90DA1D816AF48BAABC4041FFFFFFFFFFC7FFF0003C81561CA431F1540BD33A6
0DD257250C3E83CB550DA16F16AEF5BAABC3042FFFFFFFFFFC7FFF0003C01561CA431F1540BD23BE
0DD1AE250B5883CBE70DA0C616AE77BAABC3044FFFFFFFFFFC7FFF0003AD1561CA431F1440BD23D6
0DD16C250AF383CC660DA08416AE44BAABC4043FFFFFFFFFFC7FFF0003B21561CA431F1440BD23EE
0DD0972509B883CCA60D9FFD16ADD3BAABC4047FFFFFFFFFFC9FFF0003AE1561CA431F1440BD2306
0DCF2125078283CCDA0D9E7C16ACA1BAABC4041FFFFFFFFFFC9FFF0003AE1561CB431F1440BD331E
0DCE3D25063483CD470D9D6216ABBDBA9BC3041FFFFFFFFFFC8FFF0003C61561CB431F1440BD2336
0DCDCD25059583CDE30D9CF216AB69BA9BC3041FFFFFFFFFFC6FFF0003C31561CB431F1440BD234E
0DCD9625054A83CE7D0D9CBA16AB40BA9BC3041FFFFFFFFFFC7FFF0003B91561CB431F1440BD2366
0DCD0D25048283CEEB0D9C3116AAD4BA8BC3044FFFFFFFFFFC7FFF0003AB1561CB431F1440BD237E
0DCCA42503E783CF350D9BCD16AA83BA8BC2042FFFFFFFFFFC7FFF0003B51561CB431F1440BD2396
0DCB662501FF83CF8B0D9A9816A988BA8BC1041FFFFFFFFFFC7FFF0003BB1561CB431F1440BD23AE
0DC8C724FE2B83CFFB0D97FB16A773BA8BC1043FFFFFFFFFFC8FFF0003B61561CB431F1440BD23C6
0DC8A324FDFA83D07B0D97D816A759BA8BC1046FFFFFFFFFFC8FFF0003BD1561CB431F1340BD23DE
0DC88424FDCA83D0F50D97B916A741BA7BC0042FFFFFFFFFFC6FFF0003BC1561CB431F1340BD23F6
0DC7E524FCE683D1630D971C16A6C6BA6BC0041FFFFFFFFFFC6FFF0003B21561CC431F1340BD230E
0DC72F24FBD083D1CD0D966916A637BA6BC0044FFFFFFFFFFC9FFF0003B91561CC431F1340BD2326
0DC5E624F9F883D2300D952416A539BA5BC0042FFFFFFFFFFC6FFF0003BA1561CC431F1340BD233E
0DC51E24F8D883D2970D945F16A49DBA5BBF041FFFFFFFFFFC6FFF0003B21561CC431F1340BD2356
0DC4AB24F83C83D3150D93F316A44EBA5BBF043FFFFFFFFFFC7FFF0003B11561CC431F1340BD136E
0DC41A24F77883D3950D936316A3E5BA5BBF045FFFFFFFFFFC8FFF0003BA1561CC431F1340BD1386
0DC3F824F74783D3F20D933F16A3CABA5BBF041FFFFFFFFFFC8FFF0003BB1561CC431F1340BD139E
0DC3FA24F74D83D4420D933F16A3CABA5BBF041FFFFFFFFFFC8FFF0003BC1561CC431F1340BD13B6
0DC38E24F6B483D4B90D92D716A380BA4BBE045FFFFFFFFFFC8FFF0003BC1561CC431F1340BD13CE
0DC2A424F55E83D5440D91F216A2CEBA3BBD041FFFFFFFFFFC7FFF0003B31561CC431F1240BD13E6
0DC1E824F44C83D59E0D913716A23CBA3BBD041FFFFFFFFFFC6FFF0003BB1561CC431F1240BD13FE
0DC19924F3E383D5F90D90E816A200BA3BBD045FFFFFFFFFFC7FFF0003B01561CD431F1240BD1316
0DC16024F39983D68B0D90B116A1DABA2BBC041FFFFFFFFFFC9FFF0003B51561CD431F1240BD032E
0DC0F824F30483D7290D904E16A18EBA1BBC03FFFFFFFFFFFC8FFF0003B51561CD431F1240BD1346
0DC06024F21B83D7660D902116A15FBA1BBC03FFFFFFFFFFFC8FFF0003B31561CD431F1240BD035E
0DC05224F1FA83D7850D8F7516A0D8BA1BBC03FFFFFFFFFFFC6FFF0003BF1561CD431F1240BD0376
0DBEDD24EFD383D7F20D8E2F169FD5BA2BBB040FFFFFFFFFFC7FFF0003C61561CD431F1240BD038E
0DBE5724EF2683D89D0D8DAE169F77BA2BBB041FFFFFFFFFFC8FFF0003BB1561CD431F1240BD13A6
0DBDDA24EE7683D94D0D8D38169F1FBA1BBB041FFFFFFFFFFC8FFF0003B01561CD431F1140BD03BE
0DBD6124EDCC83D9A60D8CC1169EC5BA1BBB041FFFFFFFFFFC8FFF0003AF1561CD431F1140BCF3D6
0DBD3B24ED9B83D9D40D8C9F169EAFBA1BBB041FFFFFFFFFFC7FFF0003AC1561CD431F1140BD03EE
0DBCB324ECD083DA3C0D8C14169E3FBA1BBA041FFFFFFFFFFC7FFF0003BC1561CE431F1140BCF306
0DBBB524EB7283DABD0D8B1F169D87BA1BB9040FFFFFFFFFFC7FFF0003C21561CE431F1140BCF31E
0DBAEE24EA5883DB2C0D8A51169CE9BA0BB903FFFFFFFFFFFC7FFF0003B91561CE431F1140BD0336
0DBA0D24E91983DB9F0D8974169C3DBA0BB903FFFFFFFFFFFC7FFF0003BA1561CE431F1140BD034E
0DB91224E7AE83DC250D887D169B7DB9FBB903FFFFFFFFFFFC7FFF0003AC1561CE431F1140BCF366
0DB84524E68083DC990D87B5169AE2B9EBB803FFFFFFFFFFFC8FFF0003B41561CE431F1140BCF37E
0DB81824E64383DCEE0D8787169ABDB9DBB803FFFFFFFFFFFC8FFF0003B81561CE431F1140BCF396
0DB76824E53D83DD430D86DA169A33B9DBB8041FFFFFFFFFFC8FFF0003B41561CE431F1140BCF3AE
0DB61A24E35183DDA70D859016992FB9DBB7041FFFFFFFFFFC8FFF0003C21561CE431F1140BCF3C6
0DB4FB24E1B583DE240D8475169850B9DBB7042FFFFFFFFFFC7FFF0003B81561CF431F1140BCF3DE
0DB40124E04D83DEB10D8380169793B9CBB7043FFFFFFFFFFC7FFF0003B01561CF431F1040BCF3F6
0DB24A24DDD383DF300D81CF16963FB9CBB6043FFFFFFFFFFC8FFF0003B11561CF431F1040BCF30E
0DB16C24DC8D83DF930D80F2169590B9CBB62D8FFFFFFFFFFC8FFF0003A81561CF431F1040BCF326
0DB0AE24DB7983DFE80D80371694FDB9BBB57CCFFFFFFFFFFC7FFF0003B81561CF431F1040BCF33E
0DAFE924DA5983E0440D7F73169463B99BB4043FFFFFFFFFFC8FFF0003C01561CF431F1040BCF356
0DAF4C24D97B83E0B20D7ED71693EFB98BB4041FFFFFFFFFFC8FFF0003C11561CF431F1040BCF36E
0DAE9224D87783E12F0D7E21169364B97BB3043FFFFFFFFFFC8FFF0003B91561CF431F1040BCF386
0DADDB24D77183E1AF0D7D6B1692D6B97BB2043FFFFFFFFFFC8FFF0003AF1561D0431F1040BCE39E
0DAD7724D6E383E2260D7D0716928CB97BB2042FFFFFFFFFFC7FFF0003B31561D0431F0F40BCF3B6
0DAD0824D64B83E2930D7C9C16923AB96BB1043FFFFFFFFFFC7FFF0003B21561D0431F0F40BCE3CE
0DAC8924D58583E2F00D7C211691DAB97BB1043FFFFFFFFFFC6FFF0003B71561D0431F0F40BCE3E6
0DAC2224D4F083E33D0D7BBB16918AB97BB0042FFFFFFFFFFC8FFF0003BF1561D0431F0F40BCE3FE
0DABF624D4B683E3990D7B8A16916AB96BB0043FFFFFFFFFFC7FFF0003C41561D0431F0F40BCE316
0DABB524D46583E41E0D7B4C169142B96BB0042FFFFFFFFFFC7FFF0003B91561D0431F0F40BCE32E
0DAB6A24D40683E4BD0D7B03169110B95BAF041FFFFFFFFFFC7FFF0003B91561D0431F0F40BCD346
0DAB3F24D3D183E53C0D7AD81690F4B95BB0040FFFFFFFFFFC7FFF0003A91561D0431F0F40BCE35E
0DAABC24D31283E58A0D7A5C169093B95BB003FFFFFFFFFFFC7FFF0003B01561D0431F0F40BCE376
0DAA4024D26583E5D30D79DD169032B95BB0043FFFFFFFFFFC8FFF0003AE1561D1431F0F40BCE38E
0DAA1224D22783E6400D79AE169014B96BB0041FFFFFFFFFFC7FFF0003BE1561D1431F0F40BCD3A6
0DA9EB24D1F183E6BF0D7987168FFAB95BAF041FFFFFFFFFFC6FFF0003B81561D1431F0F40BCE3BE
0DA9E224D1E883E72B0D7981168FF9B94BAF041FFFFFFFFFFC8FFF0003BE1561D1431F0E40BCE3D6
0DA9A124D19383E79C0D793F168FCBB93BAF03FFFFFFFFFFFC8FFF0003B91561D1431F0E40BCD3EE
0DA91E24D0DC83E8270D78BD168F6AB93BAF040FFFFFFFFFFC6FFF0003AB1561D1431F0E40BCD306
0DA88D24D00B83E89D0D782F168EFCB93BAF040FFFFFFFFFFC6FFF0003AA1561D1431F0E40BCD31E
0DA85A24CFC383E8DF0D77FF168ED7B93BAF042FFFFFFFFFFC7FFF0003B51561D1431F0E40BCD336
0DA7FF24CF4183E9330D77A2168E94B93BAF042FFFFFFFFFFC7FFF0003BB1561D2431F0E40BCD34E
0DA76724CE6D83E9B00D770B168E21B93BAE041FFFFFFFFFFC7FFF0003B51561D2431F0E40BCD366
0DA70E24CE0183EA3F0D76B5168DE4B94BAE040FFFFFFFFFFC8FFF0003BB1561D2431F0E40BCD37E
0DA71224CE0D83EAA40D76BF168DEEB93BAE041FFFFFFFFFFC7FFF0003B91561D2431F0E40BCD396
0DA6D824CDB583EAF70D7681168DBFB93BAE042FFFFFFFFFFC7FFF0003B01561D2431F0E40BCC3AE
0DA50524CB1183EB770D74BA168C5DB93BAE043FFFFFFFFFFC7FFF0003B51561D2431F0D40BCD3C6
0DA34324C89E83EC130D72F7168B06B92BAD041FFFFFFFFFFC6FFF0003B11561D2431F0D40BCD3DE
0DA32224C86583EC780D72DC168AEBB91BAD040FFFFFFFFFFC6FFF0003B31561D2431F0D40BCD3F6
0DA31324C84B83ECAD0D72C8168ADDB90BAC041FFFFFFFFFFC6FFF0003B11561D2431F0D40BCC30E
0DA2FE24C82E83ECFA0D72B3168AD0B90BAC042FFFFFFFFFFC7FFF0003BF1561D3431F0D40BCB326
0DA2DF24C80883ED750D7291168ABDB90BAB041FFFFFFFFFFC8FFF0003B61561D3431F0D40BCD33E
0DA2AE24C7CA83EE110D7264168AA1B90BAA03FFFFFFFFFFFC6FFF0003B81561D3431F0D40BCC356
0DA27B24C78883EE990D722E168A7AB90BAA03FFFFFFFFFFFC6FFF0003B31561D3431F0D40BCD36E
0DA21724C6FD83EF020D71CE168A33B90BAA041FFFFFFFFFFC7FFF0003AF1561D3431F0D40BCC386
0DA11924C58C83EF620D70D116896FB90BAA03FFFFFFFFFFFC7FFF0003A71561D3431F0C40BCB39E
0DA05A24C47D83EFBA0D70131688DCB90BAA041FFFFFFFFFFC7FFF0003AD1561D3431F0C40BCB3B6
0D9FF424C3E583F0180D6FB3168893B8FBAA041FFFFFFFFFFC8FFF0003BD1561D3431F0C40BCB3CE
0D9FAA24C37683F0860D6F6A16885FB8EBA9040FFFFFFFFFFC8FFF0003B71561D3431F0C40BCB3E6
0D9F5B24C30283F1010D6F1D168826B8DBA9040FFFFFFFFFFC7FFF0003BC1561D4431F0C40BCB3FE
0D9ED424C24183F1850D6E9A1687C5B8CBA8043FFFFFFFFFFC7FFF0003B41561D4431F0C40BCB316
0D9E3624C16983F20B0D6DFB16874EB8CBA8041FFFFFFFFFFC6FFF0003AD1561D4431F0C40BCB32E
0D9DBB24C0B783F2730D6D821686F1B8BBA8042FFFFFFFFFFC8FFF0003A51561D4431F0C40BCB346
0D9D5324C01D83F2B00D6D1F1686A4B8ABA7041FFFFFFFFFFC7FFF0003B71561D4431F0C40BCB35E
0D9CCB24BF5983F3090D6C9616863DB8ABA7042FFFFFFFFFFC7FFF0003C01561D4431F0C40BCB376
0D9C7224BEE483F3870D6C3D1685FEB8ABA6040FFFFFFFFFFC7FFF0003C31561D4431F0C40BCB38E
0D9C1C24BE6B83F4130D6BEE1685C5B8ABA6040FFFFFFFFFFC7FFF0003BD1561D4431F0C40BCB3A6
0D9B4124BD3983F4970D6B1416851FB8BBA503FFFFFFFFFFFC7FFF0003AA1561D4431F0B40BCB3BE
0D9A8024BC2583F4FF0D6A5316848DB8BBA6042FFFFFFFFFFC7FFF0003A81561D5431F0B40BCB3D6
0D9A4624BBDB83F5560D6A19168462B8BBA5817FFFFFFFFFFC8FFF0003AE1561D5431F0B40BCB3EE
0D9A1E24BB9F83F5BD0D69EF168445B8ABA403CFFFFFFFFFFC7FFF0003B81561D5431F0B40BCB306
0D99FC24BB7783F6250D69D1168431B89BA4041FFFFFFFFFFC7FFF0003BD1561D5431F0B40BCB31E
0D996524BAA183F68D0D69381683BEB89BA4042FFFFFFFFFFC7FFF0003C01561D5431F0B40BCA336
0D989124B97D83F70C0D686B168322B89BA3040FFFFFFFFFFC7FFF0003B31561D5431F0B40BCA34E
0D983924B90383F7980D68111682E2B89BA3040FFFFFFFFFFC7FFF0003B41561D5431F0B40BCA366
0D978924B80883F8010D676B168263B89BA3042FFFFFFFFFFC7FFF0003A71561D5431F0B40BCA37E
0D976B24B7DD83F8600D675C16825AB8ABA2040FFFFFFFFFFC7FFF0003B21561D5431F0B40BCA396
0D96AA24B6D183F8CB0D668A1681BEB89BA203FFFFFFFFFFFC7FFF0003B61561D6431F0B40BCA3AE
0D965D24B66B83F92D0D663B168184B88BA2041FFFFFFFFFFC8FFF0003B21561D6431F0B40BCA3C6
0D963124B62B83F9910D6613168167B88BA103FFFFFFFFFFFC7FFF0003BC1561D6431F0A40BCA3DE
0D95DF24B5BE83FA0E0D65C016812CB87BA103FFFFFFFFFFFC6FFF0003BB1561D6431F0A40BC93F6
0D954D24B4FF83FA920D65311680C4B86BA1040FFFFFFFFFFC7FFF0003B51561D6431F0A40BC930E
0D951224B4A983FAFC0D64F816809CB85BA0042FFFFFFFFFFC7FFF0003AA1561D6431F0A40BC9326
0D94C624B44283FB5F0D64AB168064B85BA1041FFFFFFFFFFC8FFF0003B21561D6431F0A40BC933E
0D943B24B37F83FBDA0D6421167FFCB84BA1040FFFFFFFFFFC7FFF0003B21561D6431F0A40BC9356
0D937E24B27883FC500D6367167F70B83BA0040FFFFFFFFFFC7FFF0003AD1561D6431F0A40BC936E
0D933B24B21E83FCA00D6327167F3AB83BA003FFFFFFFFFFFC8FFF0003B81561D7431F0A40BC9386
0D92E024B19D83FCF00D62CB167EFBB83B9F041FFFFFFFFFFC7FFF0003B31561D7431F0A40BC939E
0D926624B0F483FD650D6256167EA3B84B9F03FFFFFFFFFFFC7FFF0003B31561D7431F0A40BC93B6
0D916A24AF9583FDFC0D615A167DE4B83B9F03FFFFFFFFFFFC7FFF0003B61561D7431F0940BC93CE
0D90C024AEAE83FE870D60B3167D69B82B9E03FFFFFFFFFFFC7FFF0003A51561D7431F0940BC93E6
0D905524AE1583FEEE0D604A167D1AB82B9E03FFFFFFFFFFFC7FFF0003AA1561D7431F0940BC83FE
0D8FD924AD6383FF490D5FCE167CBEB82B9E040FFFFFFFFFFC7FFF0003A71561D7431F0940BC9316
0D8F2824AC6D83FFA70D5F20167C3BB81B9D03FFFFFFFFFFFC7FFF0003A81561D7431F0940BC832E
0D8E9A24ABA48400080D5E96167BD0B81B9D03FFFFFFFFFFFC8FFF0003BE1561D7431F0940BC8346
0D8E0724AADF8400620D5E03167B61B80B9C03FFFFFFFFFFFC9FFF0003BD1561D8431F0940BC735E
0D8DCA24AA8D8400CE0D5DC7167B37B80B9B040FFFFFFFFFFC8FFF0003B81561D8431F0940BC7376
0D8D5724A9F88401690D5D58167AE7B7FB9A03FFFFFFFFFFFC7FFF0003B11561D8431F0940BC738E
0D8C3024A86084020E0D5C35167A0CB7FB9903FFFFFFFFFFFC6FFF0003A21561D8431F0840BC73A6
0D8BF724A80E8402780D5BFB1679E0B7FB9903FFFFFFFFFFFC6FFF0003A51561D8431F0840BC73BE
0D8BD624A7D78402B00D5BE61679CEB7FB9903FFFFFFFFFFFC6FFF0003B61561D8431F0840BC73D6
0D8B7424A7408402E30D5B84167985B7EB9803FFFFFFFFFFFC6FFF0003C01561D8431F0840BC73EE
0D8A9524A61084033C0D5A9E1678DAB7EB9803FFFFFFFFFFFC7FFF0003BE1561D8431F0840BC7306
0D89DA24A5108403CB0D59E6167852B7EB9703FFFFFFFFFFFC8FFF0003B61561D9431F0840BC731E
0D892524A4208404830D59331677D0B7EB9803FFFFFFFFFFFC8FFF0003AF1561D9431F0840BC7336
0D88C224A39E8405280D58D116778DB7DB9803FFFFFFFFFFFC8FFF00039D1561D9431F0840BC734E
0D888D24A3548405750D58B016776DB7BB9703FFFFFFFFFFFC8FFF0003A91561D9431F0840BC7366
0D890124A3EA84058E0D58B7167773B7AB9703FFFFFFFFFFFC8FFF0003B61561D9431F0840BC737E
0D88C224A3888405CB0D589F167766B79B9603FFFFFFFFFFFC8FFF0003C11561D9431F0840BC7396
0D880524A29384063B0D5815167703B79B9603FFFFFFFFFFFC7FFF0003C21561D9431F0840BC73AE
0D87B524A2388406E10D57C71676CFB78B9603FFFFFFFFFFFC7FFF0003BA1561D9431F0840BC63C6
0D876D24A1D98407960D577F1676A4B79B9603FFFFFFFFFFFC6FFF00039F1561D9431F0740BC73DE
0D873E24A1A28408090D5751167681B7AB9603FFFFFFFFFFFC6FFF0003A51561D9431F0740BC63F6
0D872E24A18384082E0D575D16768AB7AB9503FFFFFFFFFFFC7FFF0003AE1561DA431F0740BC630E
0D86BC24A0DC84086A0D56D2167622B79B9403FFFFFFFFFFFC7FFF0003B71561DA431F0740BC6326
0D85E8249FC48408D80D5604167586B79B9403FFFFFFFFFFFC7FFF0003B41561DA431F0740BC633E
0D8542249EE28409620D555D16750DB79B9403FFFFFFFFFFFC7FFF0003BB1561DA431F0740BC6356
0D850F249EA48409F30D552A1674EDB79B9403FFFFFFFFFFFC7FFF0003B31561DA431F0740BC636E
0D84A8249E16840A740D54C41674A1B79B9303FFFFFFFFFFFC6FFF0003AB1561DA431F0740BC5386
0D83F7249D25840ACE0D541516741FB78B932E0FFFFFFFFFFC6FFF0003AB1561DA431F0740BC539E
0D83A3249CB4840B1C0D53C21673E1B76B93322FFFFFFFFFFC8FFF0003A91561DA431F0640BC63B6
0D8367249C5F840B770D53841673B5B76B9203FFFFFFFFFFFC6FFF0003B01561DB431F0640BC53CE
0D8327249C0D840BDD0D534616738AB76B9103FFFFFFFFFFFC6FFF0003B51561DB431F0640BC53E6
0D82D6249BA4840C5C0D52F7167353B75B9003FFFFFFFFFFFC7FFF0003B41561DB431F0640BC53FE
0D8233249AC2840CE40D52581672DFB75B9103FFFFFFFFFFFC8FFF0003AE1561DB431F0640BC5316
0D81912499E8840D580D51B5167267B75B9103FFFFFFFFFFFC8FFF0003AC1561DB431F0640BC532E
0D812A249961840DBC0D515116721DB75B9103FFFFFFFFFFFC8FFF0003AC1561DB431F0640BC5346
0D80FC24990A840E200D51231671FEB75B9103FFFFFFFFFFFC7FFF0003AF1561DB431F0640BC535E
0D80E82498ED840E7E0D51081671EDB74B9103FFFFFFFFFFFC7FFF0003AB1561DB431F0640BC5376
0D80B32498A6840ED70D50DD1671CEB74B9003FFFFFFFFFFFC7FFF0003AE1561DC431F0640BC538E
0D806524983E840F450D508F167198B73B8F041FFFFFFFFFFC8FFF0003B11561DC431F0640BC53A6
0D7FB6249751840FD50D4FE316711AB72B8F040FFFFFFFFFFC8FFF0003AE1561DC431F0640BC43BE
0D7F422496C084105F0D4F701670C8B72B8F040FFFFFFFFFFC7FFF0003A11561DC431F0540BC43D6
0D7F2424969B8410C00D4F521670B3B72B8F041FFFFFFFFFFC7FFF0003981561DC431F0540BC53EE
0D7EF82496648411120D4F28167097B72B8F040FFFFFFFFFFC6FFF0003A71561DC431F0540BC4306
0D7EB624960C84116F0D4EE6167069B72B8E040FFFFFFFFFFC6FFF0003A61561DC431F0540BC331E
0D7E6024959D8411D40D4E9116702EB71B8E040FFFFFFFFFFC7FFF0003B41561DC431F0540BC3336
0D7E0F24953584124A0D4E3D166FF4B71B8D040FFFFFFFFFFC7FFF0003B21561DC431F0540BC334E
0D7DC32494D78412E30D4DF5166FC3B70B8D03FFFFFFFFFFFC8FFF0003A91561DD431F0540BC3366
0D7CCB2493818413790D4D03166F0FB70B8D03FFFFFFFFFFFC8FFF0003991561DD431F0540BC337E
0D7C092492788413C10D4C41166E7BB70B8D03FFFFFFFFFFFC8FFF0003A61561DD431F0540BC3396
0D7BFA24925F8413F00D4C33166E6FB70B8D040FFFFFFFFFFC8FFF0003A71561DD431F0540BC33AE
0D7BE62492488414490D4C1B166E61B6FB8C040FFFFFFFFFFC8FFF0003B71561DD431F0540BC33C6
0D7BAF2491FF8414C30D4BE7166E40B6FB8B040FFFFFFFFFFC7FFF0003B71561DD431F0540BC33DE
0D7B812491D08415620D4BBB166E25B6FB8B03FFFFFFFFFFFC7FFF0003A41561DD431F0440BC33F6
0D7B692491B784160A0D4BA2166E1BB6FB8B03FFFFFFFFFFFC8FFF0003971561DD431F0440BC330E
0D7B3324917084167A0D4B64166DF2B70B8A03FFFFFFFFFFFC8FFF00039F1561DE431F0440BC3326
0D7AE62491058416A30D4B4A166DDFB70B8A03FFFFFFFFFFFC8FFF0003A81561DE431F0440BC333E
0D7A6C2490538416DE0D4AB1166D69B6FB8A03FFFFFFFFFFFC8FFF0003AA1561DE431F0440BC3356
0D79B1248F5884174C0D49EE166CDAB6EB8903FFFFFFFFFFFC7FFF0003B81561DE431F0440BC336E
0D789E248DE28417E20D48E7166C15B6DB8903FFFFFFFFFFFC7FFF0003B41561DE431F0440BC2386
0D7809248D168418680D4851166BAAB6DB89040FFFFFFFFFFC7FFF0003AC1561DE431F0440BC339E
0D77B1248C9C8418DF0D47F8166B69B6DB8903FFFFFFFFFFFC6FFF00039C1561DE431F0440BC13B6
0D7723248BE084195E0D476C166B01B6CB8903FFFFFFFFFFFC6FFF0003A41561DE431F0340BC23CE
0D76B9248B4D8419C20D4704166AB4B6BB8803FFFFFFFFFFFC7FFF0003A31561DF431F0340BC13E6
0D7699248B24841A090D46E3166A9DB6AB8803FFFFFFFFFFFC7FFF0003AE1561DF431F0340BC13FE
0D7682248B0F841A620D46CC166A90B6AB87041FFFFFFFFFFC7FFF0003B51561DF431F0340BC1316
0D75DD248A25841ACF0D4625166A16B69B86042FFFFFFFFFFC6FFF0003AB1561DF431F0340BC232E
0D7505248906841B520D455816697FB68B85041FFFFFFFFFFC7FFF0003B01561DF431F0340BC1346
0D741E2487CA841BDC0D44741668D8B68B8503FFFFFFFFFFFC8FFF0003A71561DF431F0340BC135E
0D73AB248736841C540D4401166885B68B85040FFFFFFFFFFC7FFF0003A21561DF431F0340BC1376
0D73612486D7841CBD0D43B7166850B68B85040FFFFFFFFFFC7FFF0003A91561DF431F0340BC138E
0D732D248690841D130D438416682AB67B84040FFFFFFFFFFC8FFF0003AF1561DF431F0340BC13A6
0D731924867C841D730D436F16681FB66B83040FFFFFFFFFFC7FFF0003AA1561E0431F0340BC13BE
0D729B2485C4841DE50D42F31667C1B67B83041FFFFFFFFFFC7FFF0003B51561E0431F0340BC13D6
0D72042484F1841E5B0D425D16674EB67B82041FFFFFFFFFFC7FFF0003A91561E0431F0240BC13EE
0D71C2248492841ED00D421D16671FB66B82040FFFFFFFFFFC7FFF0003A21561E0431F0240BC1306
0D70F2248365841F500D4152166680B65B8203FFFFFFFFFFFC8FFF0003A71561E0431F0240BC131E
0D70862482D6841FC50D40E3166631B65B81040FFFFFFFFFFC7FFF00039E1561E0431F0240BC1336
0D704E24829184201A0D40AE16660EB64B81040FFFFFFFFFFC8FFF0003AC1561E0431F0240BC034E
0D70122482478420760D40721665E4B63B80040FFFFFFFFFFC7FFF0003B21561E0431F0240BBF366
0D6FE024820C8420E60D40401665C6B62B7F040FFFFFFFFFFC8FFF0003B41561E0431F0240BBF37E
0D6FB12481D58421540D40121665ACB62B7E040FFFFFFFFFFC6FFF0003AA1561E1431F0240BBF396
0D6F592481728421C80D3FBC166572B61B7E040FFFFFFFFFFC6FFF0003AC1561E1431F0240BBF3AE
0D6F1B2481218422560D3F8016654AB61B7E03FFFFFFFFFFFC6FFF0003A61561E1431F0140BBF3C6
0D6EB72480968422CE0D3F1F166504B60B7E03FFFFFFFFFFFC6FFF00039B1561E1431F0140BBF3DE
0D6E7524803C84231E0D3EDE1664D2B60B7F040FFFFFFFFFFC8FFF0003A91561E1431F0140BBF3F6
0D6E23247FD48423760D3E8A166498B60B7E041FFFFFFFFFFC8FFF0003A81561E1431F0140BBF30E
0D6DC6247F4F8423DF0D3E2D166453B60B7E041FFFFFFFFFFC7FFF0003B41561E1431F0140BBF326
0D6CC7247DF38424580D3D3416639CB60B7E03FFFFFFFFFFFC7FFF0003A91561E1431F0140BBF33E
0D6C99247DC18424D90D3D0516637DB60B7D040FFFFFFFFFFC7FFF0003A11561E1431F0140BBF356
0D6C84247DA28425550D3CF1166374B60B7D040FFFFFFFFFFC7FFF0003A81561E2431F0140BBF36E
0D6C75247D928425BD0D3CE316636CB5FB7C040FFFFFFFFFFC8FFF0003A71561E2431F0140BBF386
0D6C66247D828426210D3CD3166366B5EB7C040FFFFFFFFFFC6FFF0003A21561E2431F0140BBF39E
0D6C46247D638426920D3CB3166353B5EB7B041FFFFFFFFFFC6FFF0003A61561E2431F0140BBF3B6
0D6C1C247D308426ED0D3C88166334B5EB7A03FFFFFFFFFFFC7FFF0003A81561E2431F0040BBF3CE
0D6BE5247CEB84273C0D3C5216630FB5EB7A041FFFFFFFFFFC7FFF0003B31561E2431F0040BBF3E6
0D6B92247C7A8427AF0D3C031662D7B5DB7A040FFFFFFFFFFC7FFF0003B31561E2431F0040BBD3FE
0D6AEC247B968428500D3B64166260B5DB7A03FFFFFFFFFFFC8FFF0003AD1561E2431F0040BBE316
0D69BB2479F18428ED0D3A3416617FB5DB7B03FFFFFFFFFFFC7FFF00039F1561E2431F0040BBE32E
0D696E24798A8429440D39E9166145B5EB7B03FFFFFFFFFFFC7FFF0003A81561E3431F0040BBD346
0D694424795084297C0D39BE166127B5EB7A03FFFFFFFFFFFC7FFF0003AF1561E3431F0040BBD35E
0D69192479108429C90D3993166106B5CB7A03FFFFFFFFFFFC7FFF0003AE1561E3431F0040BBD376
0D68262477BA842A380D38A4166054B5BB7903FFFFFFFFFFFC7FFF0003B51561E3431F0040BBD38E
0D67542476A7842AD60D37D3165FBDB5AB7803FFFFFFFFFFFC7FFF00039F1561E3431F0040BBD3A6
0D6709247645842B770D3789165F87B59B7703FFFFFFFFFFFC7FFF0003A81561E3431EFF40BBD3BE
0D6685247592842BD60D3704165F24B59B7703FFFFFFFFFFFC7FFF0003A81561E3431EFF40BBD3D6
0D662C247514842C130D36AC165EE4B59B7603FFFFFFFFFFFC7FFF0003A51561E3431EFF40BBD3EE
0D65DD2474A7842C750D3662165EACB59B7503FFFFFFFFFFFC8FFF0003AC1561E4431EFF40BBD306
0D6583247433842CE60D3608165E6EB57B7403FFFFFFFFFFFC7FFF0003B41561E4431EFF40BBD31E
0D6571247426842D5D0D35F1165E63B56B7403FFFFFFFFFFFC6FFF0003B31561E4431EFF40BBD336
0D655D247419842DEC0D35E1165E5DB56B7303FFFFFFFFFFFC7FFF0003A61561E4431EFF40BBD34E
0D653E2473F9842E810D35C0165E49B55B7303FFFFFFFFFFFC7FFF0003A81561E4431EFF40BBD366
0D64E7247381842ECE0D357D165E16B54B7303FFFFFFFFFFFC7FFF0003AD1561E4431EFF40BBD37E
0D64D224735B842EF00D358C165E2AB55B7303FFFFFFFFFFFC8FFF0003B61561E4431EFF40BBD396
0D64762472E0842F510D34FE165DBDB55B7203FFFFFFFFFFFC8FFF0003BC1561E4431EFF40BBB3AE
0D63D1247207842FF30D3460165D4DB55B7203FFFFFFFFFFFC7FFF0003B81561E5431EFF40BBB3C6
0D636D24718D8430A20D33F7165D04B54B7103FFFFFFFFFFFC7FFF0003AE1561E5431EFE40BBB3DE
0D635A2471768431090D33EE165CFDB53B7103FFFFFFFFFFFC7FFF0003A91561E5431EFE40BBB3F6
0D63462471598431450D33D7165CF0B52B7103FFFFFFFFFFFC8FFF0003A41561E5431EFE40BBB30E
0D631E2471248431A30D33AA165CD4B52B7003FFFFFFFFFFFC8FFF0003B51561E5431EFE40BBB326
0D63032471088432200D338E165CC5B51B7003FFFFFFFFFFFC7FFF0003BC1561E5431EFE40BBB33E
0D62D72470D084329B0D3364165CAAB51B6F03FFFFFFFFFFFC7FFF0003B61561E6431EFE40BBB356
0D62A424708F8432F80D3333165C89B51B6F03FFFFFFFFFFFC7FFF0003B41561E6431EFE40BBB36E
0D6227246FDF84335B0D32B6165C2EB52B6F03FFFFFFFFFFFC6FFF0003B41561E6431EFE40BBB386
0D60AB246DCD8433E40D3147165B18B52B6F03FFFFFFFFFFFC9FFF0003AE1561E6431EFD40BBB39E
0D5F5E246C1384347C0D2FF8165A23B52B6F03FFFFFFFFFFFC9FFF0003AB1561E6431EFD40BBB3B6
0D5F21246BC08434E20D2FB71659F1B52B6F03FFFFFFFFFFFC7FFF0003B31561E6431EFD40BBB3CE
0D5F0C246B9C8435110D2FAA1659ECB50B6F03FFFFFFFFFFFC7FFF0003BA1561E6431EFD40BBB3E6
0D5EE4246B688435670D2F7E1659CAB4EB6E03FFFFFFFFFFFC7FFF0003B81561E7431EFD40BBB3FE
0D5E63246AB48435E70D2EFF16596FB4EB6D03FFFFFFFFFFFC7FFF0003BF1561E7431EFD40BBB316
0D5E14246A548436730D2EB116593AB4DB6C03FFFFFFFFFFFC7FFF0003B41561E7431EFD40BBB32E
0D5DB92469DF8436E80D2E561658F9B4DB6C03FFFFFFFFFFFC8FFF0003AE1561E7431EFC40BB9346
0D5D282469158437570D2DCB165892B4DB6B03FFFFFFFFFFFC8FFF0003B51561E7431EFC40BB935E
0D5C672468138437CD0D2D07165804B4DB6A03FFFFFFFFFFFC8FFF0003B81561E7431EFC40BB9376
0D5C3D2467DE8438370D2CDC1657E5B4CB6A03FFFFFFFFFFFC8FFF0003B31561E8431EFC40BB938E
0D5C232467BE8438750D2CD11657DDB4BB6A03FFFFFFFFFFFC7FFF0003BE1561E8431EFC40BB93A6
0D5C1A2467C28438BA0D2CBF1657D4B4AB6903FFFFFFFFFFFC7FFF0003C21561E8431EFC40BB93BE
0D5BD82467748439390D2C7B1657A7B49B6803FFFFFFFFFFFC7FFF0003BB1561E8431EFB40BB93D6
0D5B6E2466F88439E10D2C17165763B49B6703FFFFFFFFFFFC7FFF0003BD1561E8431EFB40BB93EE
0D5B3A2466BC843A640D2BE6165742B49B6803FFFFFFFFFFFC7FFF0003B61561E8431EFB40BB9306
0D5B2F2466A2843AA80D2BD7165738B49B6803FFFFFFFFFFFC6FFF0003AD1561E9431EFB40BB931E
0D5B292466A0843AF70D2BCB165734B49B6703FFFFFFFFFFFC7FFF0003BC1561E9431EFA40BB9336
0D5A8D2465CA843B660D2B3F1656CDB48B6603FFFFFFFFFFFC8FFF0003C41561E9431EFA40BB934E
0D5A38246564843BDF0D2AEB165694B49B6603FFFFFFFFFFFC8FFF0003C71561E9431EFA40BB9366
0D5A1B24653B843C460D2AC716567CB48B6603FFFFFFFFFFFC7FFF0003B91561E9431EFA40BB937E
0D5A09246526843C9E0D2AB5165673B46B6503FFFFFFFFFFFC6FFF0003BD1561EA431EFA40BB9396
0D59F824651C843D180D2A9B165666B45B6403FFFFFFFFFFFC8FFF0003BE1561EA431EF940BB93AE
0D59E2246507843DA80D2A8B165661B45B6403FFFFFFFFFFFC8FFF0003BF1561EA431EF940BB93C6
0D59C12464E4843E270D2A5E165646B45B6403FFFFFFFFFFFC8FFF0003B71561EA431EF940BB73DE
0D59B92464DD843E6B0D2A6816564BB46B6403FFFFFFFFFFFC8FFF0003BF1561EA431EF940BB83F6
0D59B92464DC843E8A0D2A69165651B46B6303FFFFFFFFFFFC7FFF0003C41561EA431EF940BB730E
0D5989246499843ED10D2A3416562EB46B6303FFFFFFFFFFFC8FFF0003C61561EB431EF840BB7326
0D58E42463BB843F6D0D29931655BAB46B6303FFFFFFFFFFFC6FFF0003C21561EB431EF840BB733E
0D58192462B38440350D28CD16552EB45B6303FFFFFFFFFFFC6FFF0003BA1561EB431EF840BB7356
0D57EA2462778440BF0D289A16550CB46B6303FFFFFFFFFFFC7FFF0003BB1561EB431EF840BB736E
0D583B2462EB8440E50D28C5165526B47B6303FFFFFFFFFFFC8FFF0003BE1561EB431EF740BB7386
0D59292464398441030D28CC165531B47B6303FFFFFFFFFFFC7FFF0003C01561EB431EF740BB739E
0D57BC24623F8441610D28501654DBB45B6203FFFFFFFFFFFC7FFF0003C31561EB431EF740BB73B6
0D573924619C8441F70D27EE165498B45B6103FFFFFFFFFFFC8FFF0003C01561EC431EF740BB73CE
0D56A92460E08442A00D2761165435B45B6103FFFFFFFFFFFC8FFF0003C91561EB431EF740BB73E6
0D56752460A08443200D272C165412B45B6103FFFFFFFFFFFC7FFF0003BC1561EB431EF740BB73FE
0D565D2460808443660D2717165402B45B6103FFFFFFFFFFFC7FFF0003BC1561EB431EF740BB5316
0D563224603D8443A20D26EC1653E6B44B6103FFFFFFFFFFFC7FFF0003BB1561EC431EF740BB532E
0D55B3245F948444090D266D16538BB42B6003FFFFFFFFFFFC8FFF0003C21561EC431EF740BB5346
0D54ED245E8E84449C0D25AA1652FDB42B6003FFFFFFFFFFFC6FFF0003C81561EC431EF640BB535E
0D549B245E228445300D25571652C6B42B6003FFFFFFFFFFFC7FFF0003BD1561EC431EF640BB5376
0D5423245D9B8445970D24E016526EB41B6003FFFFFFFFFFFC8FFF0003C01561EC431EF640BB538E
0D53EC245D798446020D24AC16524BB41B5F03FFFFFFFFFFFC7FFF0003C01561EC431EF640BB53A6
0D53AC245D718446620D246B16521DB41B5F03FFFFFFFFFFFC7FFF0003BB1561EC431EF640BB53BE
0D5383245D5E8446B90D2441165202B40B5E03FFFFFFFFFFFC7FFF0003C01561EC431EF640BB53D6
0D5322245CE08447280D23E51651C2B3FB5E03FFFFFFFFFFFC7FFF0003B91561ED431EF640BB53EE
0D52E9245C9384479B0D23AC16519DB3EB5E03FFFFFFFFFFFC7FFF0003BF1561ED431EF640BB5306
0D52CF245C7584481C0D239316518FB3FB5D03FFFFFFFFFFFC8FFF0003C11561ED431EF640BB531E
0D528A245C2E8448AB0D234F165161B3FB5D03FFFFFFFFFFFC5FFF0003C51561ED431EF640BB5336
0D524C245BDB84491A0D2312165135B3FB5D03FFFFFFFFFFFC7FFF0003BB1561ED431EF640BB534E
0D522C245BAE84495A0D22F4165123B3EB5D03FFFFFFFFFFFC7FFF0003BD1561ED431EF540BB5366
0D520D245B938449AA0D22D316510EB3DB5C03FFFFFFFFFFFC8FFF0003BC1561ED431EF540BB337E
0D51FE245B8E844A1E0D22C416510AB3DB5C03FFFFFFFFFFFC8FFF0003C01561ED431EF540BB5396
0D51C3245B40844AAE0D228B1650E5B3EB5B03FFFFFFFFFFFC8FFF0003BA1561ED431EF540BB53AE
0D5150245AA3844B3C0D221A165095B3DB5B03FFFFFFFFFFFC8FFF0003C01561ED431EF540BB43C6
0D50E0245A06844BA80D21A9165044B3CB5B03FFFFFFFFFFFC8FFF0003C01561ED431EF540BB33DE
0D50BE2459E3844BE60D218C16502DB3BB5A03FFFFFFFFFFFC7FFF0003BB1561EE431EF540BB33F6
0D50A42459D4844C250D217316501FB3BB5A03FFFFFFFFFFFC7FFF0003BF1561EE431EF540BB330E
0D506D245996844C960D2138164FF9B3BB5903FFFFFFFFFFFC6FFF0003B81561EE431EF540BB3326
0D503A245963844D330D2107164FDBB3BB5903FFFFFFFFFFFC7FFF0003BA1561EE431EF540BB333E
0D501B245947844DDA0D20E8164FCEB3BB5903FFFFFFFFFFFC6FFF0003C01561EE431EF540BB3356
0D500A245934844E4D0D20D8164FC4B3BB5903FFFFFFFFFFFC7FFF0003C31561EE431EF540BB336E
0D501E24595B844E690D2119164FF3B3BB5903FFFFFFFFFFFC8FFF0003B51561EE431EF440BB3386
0D505D2459B1844E840D2114164FF5B3BB5803FFFFFFFFFFFC6FFF0003B91561EE431EF440BB339E
0D4FE424591B844F000D20B0164FB0B3AB5803FFFFFFFFFFFC7FFF0003BE1561EF431EF440BB33B6
0D4F842458AE844FC20D2056164F76B39B5803FFFFFFFFFFFC6FFF0003BE1561EF431EF440BB33CE
0D4F3524585684507D0D2008164F45B3AB5803FFFFFFFFFFFC6FFF0003B51561EF431EF440BB33E6
0D4EDA2457DC8450E60D1FAD164F03B3AB5903FFFFFFFFFFFC6FFF0003C01561EF431EF440BB13FE
0D4EAA24579D8451190D1F83164EE3B3AB5803FFFFFFFFFFFC6FFF0003C01561EF431EF440BB3316
0D4EA024578D8451450D1F76164EDCB39B5803FFFFFFFFFFFC7FFF0003B31561EF431EF440BB132E
0D4E4424570584518A0D1F1D164E9BB38B5703FFFFFFFFFFFC7FFF0003B81561EF431EF440BB1346
0D4DC12456638452190D1E97164E3EB38B5703FFFFFFFFFFFC8FFF0003C01561F0431EF440BB135E
0D4D512455E78452EC0D1E28164DF6B38B5703FFFFFFFFFFFC8FFF0003C31561EF431EF440BB1376
0D4D1C24559E84537C0D1DF6164DD2B39B5703FFFFFFFFFFFC8FFF0003B21561EF431EF440BB138E
0D4D322455CB84539A0D1E5D164E1DB39B5703FFFFFFFFFFFC7FFF0003B31561F0431EF340BB13A6
0D4D4A2455EB8453E20D1DE8164DCDB38B5603FFFFFFFFFFFC7FFF0003BA1561F0431EF340BB13BE
0D4CB724552F8454730D1D8F164D90B37B5603FFFFFFFFFFFC8FFF0003BD1561F0431EF340BB13D6
0D4C1B2454618454FB0D1CF6164D23B37B5503FFFFFFFFFFFC6FFF0003C31561F0431EF340BB13EE
0D4BD224540A8455470D1CAF164CEDB36B5503FFFFFFFFFFFC7FFF0003BB1561F0431EF340BB1306
0D4B642453698455840D1C47164CA1B36B5603FFFFFFFFFFFC8FFF0003A91561F0431EF340BB131E
0D4A932452558455FB0D1B75164C08B35B5503FFFFFFFFFFFC8FFF0003B61561F1431EF340BB1336
0D4A3E2451F18456AB0D1B22164BD1B34B5503FFFFFFFFFFFC7FFF0003C11561F1431EF340BB134E
0D4A162451C584574A0D1AF7164BB9B34B5403FFFFFFFFFFFC7FFF0003C21561F1431EF340BB1366
0D4A212451D38457860D1AFC164BBAB34B5403FFFFFFFFFFFC7FFF0003B11561F1431EF340BB137E
0D4A2E2451E48457B50D1AF8164BBBB33B5303FFFFFFFFFFFC7FFF0003B41561F1431EF340BB1396
0D4A072451C184581C0D1AE7164BB4B32B5203FFFFFFFFFFFC7FFF0003B91561F1431EF340BAF3AE
0D49E42451A084589E0D1AC5164BA2B31B5203FFFFFFFFFFFC8FFF0003BD1561F1431EF340BAF3C6
0D49D524519E8459340D1AB8164B9FB31B5103FFFFFFFFFFFC7FFF0003BB1561F1431EF240BAF3DE
0D499524514D8459B60D1A78164B77B31B5103FFFFFFFFFFFC7FFF0003B21561F1431EF240BAF3F6
0D492D2450C2845A190D1A14164B2CB31B5103FFFFFFFFFFFC8FFF0003AA1561F2431EF240BAF30E
0D48D724504A845A6B0D19BE164AEEB32B5103FFFFFFFFFFFC7FFF0003BB1561F2431EF240BAF326
0D4871244FC9845AC60D1960164AABB31B5003FFFFFFFFFFFC7FFF0003B91561F2431EF240BAF33E
0D484D244FA5845B370D1933164A90B31B5003FFFFFFFFFFFC7FFF0003AA1561F2431EF240BAF356
0D47EC244F22845BB60D18D4164A4FB30B4F03FFFFFFFFFFFC8FFF0003B91561F2431EF240BAF36E
0D47A3244EC5845C2A0D188C164A1CB30B4F03FFFFFFFFFFFC7FFF0003BB1561F2431EF240BAF386
0D46E8244DC4845C9E0D17D3164991B2FB4F03FFFFFFFFFFFC7FFF0003BC1561F2431EF240BAF39E
0D45EF244C75845D1C0D16DB1648DEB2FB4F03FFFFFFFFFFFC7FFF0003AD1561F3431EF240BAF3B6
0D4588244BEB845D7D0D167A164895B2FB4F03FFFFFFFFFFFC7FFF0003B81561F3431EF240BAD3CE
0D4551244BA1845DCD0D164216486FB2EB4E03FFFFFFFFFFFC7FFF0003BB1561F3431EF140BAD3E6
0D4537244B8B845E390D1628164860B2DB4D03FFFFFFFFFFFC6FFF0003B61561F3431EF140BAD3FE
0D4516244B61845EB20D160716484CB2DB4D03FFFFFFFFFFFC7FFF0003AE1561F3431EF140BAD316
0D44E7244B26845F160D15D916482DB2BB4C03FFFFFFFFFFFC8FFF0003BA1561F3431EF140BAD32E
0D448B244AB5845F8E0D15811647EFB2BB4C03FFFFFFFFFFFC8FFF0003BA1561F3431EF140BAD346
0D43EA2449E78460210D14E316477DB2AB4B03FFFFFFFFFFFC8FFF0003B21561F3431EF140BAD35E
0D43482449168460A40D144616470EB2AB4B03FFFFFFFFFFFC7FFF0003BC1561F3431EF140BAD376
0D43332448FC8460FB0D142D1646FAB2AB4B03FFFFFFFFFFFC6FFF0003AD1561F4431EF140BAD38E
0D432F2448F48461270D1430164701B29B4A03FFFFFFFFFFFC6FFF0003B71561F4431EF140BAD3A6
0D432B2448FB8461720D14231646FBB28B4903FFFFFFFFFFFC6FFF0003AB1561F4431EF140BAD3BE
0D432F24490C8462000D1429164706B28B4903FFFFFFFFFFFC6FFF0003BA1561F4431EF140BAD3D6
0D43102448F68462B50D140B1646FAB28B4903FFFFFFFFFFFC7FFF0003B91561F4431EF140BAD3EE
0D430A2448F484633D0D14041646FBB28B4903FFFFFFFFFFFC6FFF0003BA1561F4431EF040BAD306
0D43082448F784638D0D14031646FAB28B4903FFFFFFFFFFFC8FFF0003B11561F4431EF040BAC31E
0D42E22448C58463E00D13DC1646E5B28B4903FFFFFFFFFFFC7FFF0003B41561F5431EF040BAD336
0D42AA24488684643D0D13A51646C0B29B4803FFFFFFFFFFFC7FFF0003BC1561F5431EF040BAC34E
0D423C2447F68464A10D1337164671B29B4803FFFFFFFFFFFC8FFF0003BE1561F5431EF040BAB366
0D41B224474E8465180D12B2164610B29B4803FFFFFFFFFFFC8FFF0003BB1561F5431EF040BAB37E
0D40E724463684659C0D11E916457EB29B4803FFFFFFFFFFFC8FFF0003A71561F5431EF040BAB396
0D408B2445C384661A0D118E16453FB29B4803FFFFFFFFFFFC7FFF0003B31561F5431EF040BAB3AE
0D40712445A68466910D117116452EB29B4703FFFFFFFFFFFC6FFF0003B31561F5431EF040BAB3C6
0D406D2445A48466F50D116F164531B27B4703FFFFFFFFFFFC7FFF0003B71561F5431EF040BAB3DE
0D40672445A48467580D116A164530B25B4603FFFFFFFFFFFC6FFF0003BB1561F6431EF040BAB3F6
0D40672445AC84679B0D1169164532B25B4603FFFFFFFFFFFC6FFF0003BC1561F6431EF040BAB30E
0D404224457F8467E90D114816451CB24B4503FFFFFFFFFFFC8FFF0003AD1561F6431EEF40BAB326
0D3F6424445A8468830D106A16447DB24B4403FFFFFFFFFFFC7FFF0003B31561F6431EEF40BAB33E
0D3EFF2443E58469410D100816443BB24B4403FFFFFFFFFFFC6FFF0003AE1561F6431EEF40BA9356
0D3EA72443758469A30D0FB41643FCB24B4503FFFFFFFFFFFC6FFF0003B91561F6431EEF40BA936E
0D3E8624433F8469D60D0F961643E9B24B4403FFFFFFFFFFFC7FFF0003BB1561F6431EEF40BA9386
0D3DBE24422F846A360D0ECC164355B23B4303FFFFFFFFFFFC7FFF0003B61561F6431EEF40BA939E
0D3D7C2441E0846AA50D0E86164324B22B4303FFFFFFFFFFFC8FFF0003B71561F7431EEF40BA93B6
0D3D612441C8846B0B0D0E6D164316B21B4303FFFFFFFFFFFC8FFF0003AC1561F7431EEF40BA93CE
0D3D4E2441BB846B8D0D0E5F164310B21B4203FFFFFFFFFFFC8FFF0003B11561F7431EEF40BA93E6
0D3D3C2441BF846C300D0E4A16430AB21B4203FFFFFFFFFFFC8FFF0003BD1561F7431EEF40BA93FE
0D3D332441C7846CAD0D0E44164309B20B4103FFFFFFFFFFFC9FFF0003B11561F7431EEF40BA9316
0D3D352441D4846CF10D0E4116430AB1FB4103FFFFFFFFFFFC7FFF0003B31561F7431EEE40BA932E
0D3D312441D4846D420D0E3E16430DB1FB4003FFFFFFFFFFFC8FFF0003B51561F7431EEE40BA9346
0D3D1E2441C0846DA90D0E2B164305B1FB4003FFFFFFFFFFFC7FFF0003B51561F8431EEE40BA935E
0D3CB1244134846E240D0DC51642BDB21B4003FFFFFFFFFFFC7FFF0003C11561F8431EEE40BA9376
0D3C562440BC846E940D0D63164279B21B4003FFFFFFFFFFFC7FFF0003BD1561F8431EEE40BA938E
0D3C1A24406F846F060D0D2B164252B20B4003FFFFFFFFFFFC7FFF0003B41561F8431EEE40BA93A6
0D3BA5243FD5846F960D0CB9164203B20B3F03FFFFFFFFFFFC8FFF0003A91561F8431EEE40BA93BE
0D3AF0243EE78470230D0C05164181B20B4003FFFFFFFFFFFC8FFF0003B91561F8431EEE40BA93D6
0D3A78243E468470760D0B8D164128B1FB4003FFFFFFFFFFFC7FFF0003C01561F8431EEE40BA93EE
0D3A46243DFF8470B50D0B5C164105B1EB3F03FFFFFFFFFFFC7FFF0003BE1561F8431EEE40BA7306
0D3A2E243DE38470FD0D0B481640F8B1DB3F03FFFFFFFFFFFC8FFF0003B11561F9431EEE40BA831E
0D3A07243DB884716C0D0B221640E1B1DB3E03FFFFFFFFFFFC8FFF0003B91561F9431EEE40BA7336
0D39B2243D578472070D0ACD1640A8B1CB3D03FFFFFFFFFFFC8FFF0003B21561F9431EEE40BA734E
0D3888243BBC8472AF0D09A9163FD1B1CB3E03FFFFFFFFFFFC8FFF0003B91561F9431EEE40BA7366
0D3830243B5284732D0D094E163F91B1DB3E03FFFFFFFFFFFC8FFF0003B61561F9431EED40BA737E
0D3830243B5484736E0D094F163F92B1CB3E03FFFFFFFFFFFC7FFF0003AF1561F9431EED40BA7396
0D3831243B5F8473A50D094E163F94B1BB3C03FFFFFFFFFFFC7FFF0003B71561F9431EED40BA73AE
0D3831243B638473FF0D094E163F9AB1AB3C03FFFFFFFFFFFC7FFF0003BA1561FA431EED40BA53C6
0D3834243B7D8474880D0951163FA3B19B3B03FFFFFFFFFFFC8FFF0003BB1561FA431EED40BA53DE
0D3834243B8A8475190D0951163FACB19B3A03FFFFFFFFFFFC8FFF0003B51561FA431EED40BA53F6
0D3811243B658475950D092E163F98B19B3A03FFFFFFFFFFFC7FFF0003B91561FA431EED40BA530E
0D37C8243B0F8476100D08E8163F68B19B3A03FFFFFFFFFFFC6FFF0003B71561FA431EED40BA5326
0D3799243AD684765E0D08BA163F47B1AB3A03FFFFFFFFFFFC6FFF0003B21561FA431EED40BA533E
0D378C243AD18476AC0D08AC163F41B19B3A03FFFFFFFFFFFC6FFF0003B11561FA431EED40BA5356
0D3746243A798477270D0868163F15B18B3A03FFFFFFFFFFFC8FFF0003B21561FA431EED40BA536E
0D36E5243A058477BA0D080E163ED8B17B3903FFFFFFFFFFFC7FFF0003C11561FA431EED40BA5386
0D367D24398084782E0D07A4163E8BB17B3903FFFFFFFFFFFC7FFF0003B71561FA431EED40BA539E
0D36692439668478800D078B163E7BB18B3903FFFFFFFFFFFC7FFF0003B41561FB431EED40BA53B6
0D36552439558478D80D0778163E72B18B3903FFFFFFFFFFFC8FFF0003B31561FB431EEC40BA53CE
0D36082438F484794D0D072D163E3FB17B3803FFFFFFFFFFFC7FFF0003B81561FB431EEC40BA53E6
0D35CC2438AA8479CD0D06F4163E1AB16B3703FFFFFFFFFFFC6FFF0003B31561FB431EEC40BA53FE
0D34D7243760847A530D0605163D6AB15B3703FFFFFFFFFFFC6FFF0003BB1561FB431EEC40BA5316
0D341E243665847ACA0D054B163CE2B15B3703FFFFFFFFFFFC6FFF0003B31561FB431EEC40BA532E
0D33A22435BA847B250D04D0163C87B15B3703FFFFFFFFFFFC7FFF0003B91561FB431EEC40BA5346
0D335C24355E847B710D048B163C54B15B36040FFFFFFFFFFC7FFF0003B81561FC431EEC40BA435E
0D333B24353D847BD90D0469163C41B14B3603FFFFFFFFFFFC6FFF0003B91561FC431EEC40BA3376
0D3331243540847C5C0D045F163C3DB13B3503FFFFFFFFFFFC8FFF0003BA1561FC431EEC40BA438E
0D331C243532847CC00D044C163C33B13B3503FFFFFFFFFFFC9FFF0003B61561FC431EEC40BA33A6
0D331924353A847D370D0448163C37B12B3403FFFFFFFFFFFC7FFF0003C11561FC431EEC40BA33BE
0D32F3243517847DD70D0425163C25B12B3303FFFFFFFFFFFC7FFF0003BA1561FC431EEC40BA33D6
0D32C72434E6847E560D03FA163C09B11B3303FFFFFFFFFFFC8FFF0003A81561FC431EEC40BA33EE
0D32D42434F9847E760D0441163C3DB11B3303FFFFFFFFFFFC8FFF0003B11561FC431EEC40BA3306
0D32E924351E847EAB0D03F0163C08B11B3203FFFFFFFFFFFC7FFF0003B91561FD431EEC40BA331E
0D32AF2434E3847F3B0D03E0163C03B11B3203FFFFFFFFFFFC7FFF0003C51561FD431EEC40BA3336
0D329E2434DE847FF10D03D3163C04B11B3203FFFFFFFFFFFC7FFF0003C11561FD431EEC40BA334E
0D328E2434CC8480620D03C1163BF7B12B3203FFFFFFFFFFFC7FFF0003B71561FD431EEB40BA3366
0D32842434C784809D0D03B7163BF5B12B3203FFFFFFFFFFFC7FFF0003AA1561FD431EEB40BA337E
0D32702434B984810D0D03A1163BECB12B3203FFFFFFFFFFFC7FFF0003B71561FD431EEB40BA1396
0D322F24346B84818A0D0362163BC2B11B3103FFFFFFFFFFFC6FFF0003BE1561FD431EEB40BA13AE
0D31822433808481F50D02BA163B47B12B3103FFFFFFFFFFFC8FFF0003BE1561FD431EEB40BA13C6
0D301024318B84826B0D014D163A36B12B3203FFFFFFFFFFFC8FFF0003B61561FE431EEB40BA13DE
0D2F752430C08482E60D00B21639C6B12B3203FFFFFFFFFFFC8FFF0003BB1561FE431EEB40BA13F6
0D2F692430B38483440D00A51639BEB11B3203FFFFFFFFFFFC7FFF0003BA1561FE431EEB40BA130E
0D2F5B2430AB84839E0D00981639B8B10B3103FFFFFFFFFFFC7FFF0003B11561FE431EEB40BA1326
0D2F4F2430A884840F0D008B1639B5B0FB3003FFFFFFFFFFFC8FFF0003BD1561FE431EEB40BA133E
0D2F3D2430958484960D00761639AAB0EB2F03FFFFFFFFFFFC7FFF0003BF1561FE431EEB40BA1356
0D2EF124303C84851B0D002F16397BB0EB2E03FFFFFFFFFFFC7FFF0003B61561FE431EEB40BA136E
0D2E7C242F948485750CFFBA163924B0DB2E03FFFFFFFFFFFC8FFF0003B91561FE431EEB40BA1386
0D2E2D242F338485C00CFF6E1638F0B0DB2E03FFFFFFFFFFFC7FFF0003B91561FE431EEB40BA139E
0D2E0D242F0D8486310CFF4C1638DCB0DB2E03FFFFFFFFFFFC6FFF0003B71561FF431EEB40BA13B6
0D2DFA242F078486B90CFF3A1638D5B0CB2D03FFFFFFFFFFFC6FFF0003C11561FF431EEB40BA13CE
0D2DDB242EEB8487390CFF1A1638C2B0BB2D03FFFFFFFFFFFC7FFF0003BB1561FF431EEA40BA03E6
0D2DBC242ECB8487A50CFEFC1638B1B0AB2D03FFFFFFFFFFFC8FFF0003B81561FF431EEA40BA13FE
0D2D92242E9B8488100CFEDD16389DB0AB2C03FFFFFFFFFFFC6FFF0003BA1561FF431EEA40BA0316
0D2D7E242E8D84886C0CFEC216388DB09B2C03FFFFFFFFFFFC6FFF0003B61561FF431EEA40B9F32E
0D2CD1242D9E8488BE0CFE1A163812B08B2B03FFFFFFFFFFFC7FFF0003BE1561FF431EEA40B9F346
0D2C82242D3E84892D0CFDC41637D8B09B2B03FFFFFFFFFFFC7FFF0003B41561FF431EEA40B9F35E
0D2C55242D0B8489B10CFD9A1637BDB09B2B03FFFFFFFFFFFC7FFF0003BC156200431EEA40B9F376
0D2C3F242CFB848A3C0CFD851637B4B09B2B03FFFFFFFFFFFC7FFF0003B9156200431EEA40B9F38E
0D2C2F242CEA848AC10CFD711637ACB08B2A03FFFFFFFFFFFC7FFF0003AE156200431EEA40B9F3A6
0D2BD1242C6E848B170CFD1A163769B08B2A03FFFFFFFFFFFC8FFF0003B7156200431EEA40B9F3BE
0D2B8A242C10848B470CFCE0163740B07B2903FFFFFFFFFFFC6FFF0003BB156200431EEA40B9F3D6
0D2B61242BE4848BAA0CFCAC163720B07B2903FFFFFFFFFFFC7FFF0003C0156200431EEA40B9F3EE
0D2B57242BEA848C410CFCA216371FB06B2803FFFFFFFFFFFC8FFF0003B9156200431EEA40B9D306
0D2B4A242BEE848CDC0CFC9416371CB06B2803FFFFFFFFFFFC7FFF0003B9156200431EEA40B9D31E
0D2B44242BEC848D4D0CFC9016371EB06B2803FFFFFFFFFFFC7FFF0003AA156200431EE940B9D336
0D2B3B242BEB848D9A0CFC8716371AB05B2803FFFFFFFFFFFC7FFF0003B2156200431EE940B9D34E
0D2B2F242BE8848DF10CFC7C163719B05B2703FFFFFFFFFFFC6FFF0003BB156201431EE940B9D366
0D2B2B242BEF848E5C0CFC75163719B05B2703FFFFFFFFFFFC7FFF0003C0156201431EE940B9D37E
0D2B12242BDE848EDF0CFC5F163710B04B2703FFFFFFFFFFFC7FFF0003B7156201431EE940B9D396
0D2AF1242BBE848F620CFC3A1636FCB04B2703FFFFFFFFFFFC7FFF0003B5156201431EE940B9D3AE
0D2A93242B47848FD70CFBDE1636BAB03B2803FFFFFFFFFFFC7FFF0003B4156201431EE940B9D3C6
0D2A3B242AD084902E0CFB8916367CB03B2703FFFFFFFFFFFC7FFF0003B7156201431EE940B9D3DE
0D2A15242A9E8490770CFB64163664B03B2703FFFFFFFFFFFC7FFF0003B3156201431EE940B9D3F6
0D29E6242A698490E30CFB35163646B04B2703FFFFFFFFFFFC7FFF0003BB156201431EE940B9D30E
0D29AD242A2C8491710CFAFD163623B04B2603FFFFFFFFFFFC7FFF0003BB156202431EE940B9D326
0D295C2429C88491FF0CFAAC1635EEB04B2603FFFFFFFFFFFC8FFF0003B0156202431EE940B9D33E
0D293224299D84926E0CFA851635D3B04B2603FFFFFFFFFFFC7FFF0003B3156202431EE940B9C356
0D292124298F8492BB0CFA771635CBB03B2603FFFFFFFFFFFC7FFF0003B6156202431EE840B9C36E
0D290E24297F8493120CFA601635C1B03B2503FFFFFFFFFFFC7FFF0003B9156202431EE840B9B386
0D28F92429648493830CFA4B1635B7B03B2503FFFFFFFFFFFC6FFF0003B5156202431EE840B9B39E
0D28DC24294C8493ED0CFA2F1635A8B02B2503FFFFFFFFFFFC6FFF0003B8156202431EE840B9B3B6
0D28DF24295C8494620CFA301635B0B02B2503FFFFFFFFFFFC6FFF0003B9156202431EE840B9B3CE
0D28C92429508494F50CFA1D1635A7B02B2403FFFFFFFFFFFC6FFF0003B4156202431EE840B9B3E6
0D28392428928495820CF98E163542B03B2403FFFFFFFFFFFC8FFF0003A9156202431EE840B9B3FE
0D27B52427E28495D20CF9101634E4B03B2403FFFFFFFFFFFC8FFF0003B3156202431EE840B9B316
0D277F2427A284960A0CF8D91634BDB03B2403FFFFFFFFFFFC8FFF0003B7156203431EE840B9B32E
0D271F24272284966E0CF875163477B03B2403FFFFFFFFFFFC7FFF0003B1156203431EE840B9A346
0D26CD2426BE8496FC0CF827163443B02B2303FFFFFFFFFFFC8FFF0003B8156203431EE840B9935E
0D264E2426178497930CF7A81633EAB01B2303FFFFFFFFFFFC8FFF0003AC156203431EE840B99376
0D26202425E28498000CF7801633CEB00B2203FFFFFFFFFFFC8FFF0003B3156203431EE840B9938E
0D25E62425998498590CF7451633A5B00B2203FFFFFFFFFFFC7FFF0003B4156203431EE840B993A6
0D25AA2425518498B50CF70B16337EAFFB2203FFFFFFFFFFFC8FFF0003AC156203431EE740B993BE
0D25A324254C8499200CF6FF16337AAFEB2103FFFFFFFFFFFC8FFF0003B3156203431EE740B993D6
0D25952425448499920CF6EF163373AFEB2003FFFFFFFFFFFC7FFF0003B7156203431EE740B993EE
0D256E24251C849A0F0CF6CB16335EAFDB2003FFFFFFFFFFFC6FFF0003B7156203431EE740B99306
0D25202424BB849A960CF68116332CAFCB1F03FFFFFFFFFFFC7FFF0003AA156204431EE740B9931E
0D24CB24244D849B060CF62C1632F2AFCB1F03FFFFFFFFFFFC8FFF0003AE156204431EE740B99336
0D24AE24242A849B530CF60F1632DDAFCB1F03FFFFFFFFFFFC7FFF0003B1156204431EE740B9934E
0D248B242407849B9F0CF5EE1632C9AFCB1E03FFFFFFFFFFFC8FFF0003B0156204431EE740B99366
0D244E2423C2849C130CF5AF16329FAFCB1E03FFFFFFFFFFFC6FFF0003BA156204431EE740B9937E
0D23DC242339849CA30CF53F163253AFCB1D03FFFFFFFFFFFC7FFF0003B5156204431EE740B99396
0D23AC242301849D290CF50F163235AFCB1D03FFFFFFFFFFFC7FFF0003AE156204431EE740B993AE
0D23992422ED849DA50CF4FC16322DAFBB1D03FFFFFFFFFFFC7FFF0003AC156204431EE740B983C6
0D23872422DD849E0F0CF4EE163224AFAB1D03FFFFFFFFFFFC7FFF0003A8156204431EE740B983DE
0D237F2422D9849E430CF4EB163222AFAB1D03FFFFFFFFFFFC7FFF0003B5156204431EE740B993F6
0D23752422D0849E820CF4DD16321DAF9B1C03FFFFFFFFFFFC7FFF0003B0156205431EE740B9730E
0D23582422BA849F080CF4BE16320DAF9B1C03FFFFFFFFFFFC8FFF0003B9156205431EE740B97326
0D231324226E849FB80CF47A1631E5AF9B1B03FFFFFFFFFFFC8FFF0003B3156205431EE640B9733E
0D22962421D984A0570CF3FF16318FAF9B1C03FFFFFFFFFFFC7FFF0003AA156205431EE640B97356
0D225D24218A84A0AC0CF3CB163167AFAB1C03FFFFFFFFFFFC6FFF00039F156205431EE640B9736E
0D224824217484A0D40CF3BA16315CAFAB1B03FFFFFFFFFFFC6FFF0003AE156205431EE640B95386
0D21B22420A384A12C0CF3251630F0AF9B1B03FFFFFFFFFFFC6FFF0003B7156205431EE640B9539E
0D215624203D84A1B70CF2BF1630ACAF8B1A03FFFFFFFFFFFC7FFF0003B0156205431EE640B973B6
0D213524201684A24A0CF2A61630A0AF7B1A03FFFFFFFFFFFC8FFF0003B2156205431EE640B953CE
0D20F2241FBE84A2B70CF25E16306BAF6B1A03FFFFFFFFFFFC8FFF0003AA156205431EE640B953E6
0D20AE241F6C84A3270CF21C163040AF6B1A03FFFFFFFFFFFC6FFF00039F156205431EE640B953FE
0D209C241F5D84A39B0CF209163036AF5B1A03FFFFFFFFFFFC6FFF0003AB156205431EE640B95316
0D207C241F3184A3EA0CF1ED163021AF6B1903FFFFFFFFFFFC6FFF0003B0156205431EE640B9532E
0D2057241F0284A4390CF1C716300AAF6B1903FFFFFFFFFFFC7FFF0003B1156206431EE640B95346
0D201A241EBA84A4B50CF189162FE2AF6B1803FFFFFFFFFFFC7FFF0003AB156206431EE640B9535E
0D1FD5241E6D84A55C0CF147162FB9AF6B1703FFFFFFFFFFFC6FFF0003AD156206431EE540B95376
0D1FB5241E4C84A5DE0CF129162FA6AF6B1703FFFFFFFFFFFC6FFF0003A1156206431EE540B9538E
0D1FBE241E5C84A5FB0CF170162FDBAF6B1703FFFFFFFFFFFC7FFF0003A9156206431EE540B953A6
0D1FA3241E3D84A63A0CF0F9162F87AF6B1703FFFFFFFFFFFC6FFF0003AE156206431EE540B953BE
0D1F38241DBC84A6D20CF0AC162F56AF5B1703FFFFFFFFFFFC8FFF0003AB156206431EE540B953D6
0D1F04241D7684A7820CF076162F37AF4B1703FFFFFFFFFFFC7FFF0003AC156206431EE540B943EE
0D1EDE241D5584A80C0CF053162F21AF4B1703FFFFFFFFFFFC6FFF0003A4156206431EE540B93306
0D1EB5241D2384A8580CF02C162F05AF4B1703FFFFFFFFFFFC7FFF0003A3156206431EE540B9331E
0D1EA9241D1C84A8990CF01F162EFFAF3B1603FFFFFFFFFFFC8FFF0003A2156206431EE540B93336
0D1EA4241D2784A8FA0CF019162F02AF3B1603FFFFFFFFFFFC8FFF0003B2156207431EE540B9334E
0D1E8A241D0684A9750CEFFF162EF4AF3B1503FFFFFFFFFFFC7FFF0003B2156207431EE540B93366
0D1E48241CAB84A9DF0CEFBD162EC7AF4B1503FFFFFFFFFFFC6FFF0003AC156207431EE440B9337E
0D1E23241C8C84AA540CEF99162EB3AF4B1503FFFFFFFFFFFC6FFF0003A0156207431EE440B93396
0D1DF6241C6184AAF50CEF6E162E9BAF4B1503FFFFFFFFFFFC7FFF000395156207431EE440B933AE
0D1D96241BE684AB830CEF0E162E57AF3B1503FFFFFFFFFFFC7FFF0003A6156207431EE440B933C6
0D1D90241BE284ABBE0CEF0C162E53AF3B1503FFFFFFFFFFFC8FFF0003A0156207431EE440B913DE
0D1D8A241BDE84ABE60CEF07162E54AF3B1503FFFFFFFFFFFC8FFF0003AB156207431EE440B913F6
0D1D73241BC584AC420CEEED162E47AF3B1403FFFFFFFFFFFC8FFF0003B2156207431EE440B9130E
0D1CF5241B1F84ACD20CEE72162DF1AF2B1403FFFFFFFFFFFC6FFF0003AB156207431EE440B91326
0D1C79241A8984AD790CEDF7162D9DAF2B1303FFFFFFFFFFFC6FFF0003AB156208431EE440B9133E
0D1C17241A0F84ADFE0CED95162D58AF1B1303FFFFFFFFFFFC7FFF0003A3156208431EE440B91356
0D1BCE2419AE84AE5F0CED4D162D25AF1B1303FFFFFFFFFFFC8FFF000398156208431EE340B9136E
0D1B9524195B84AEB50CED14162CFDAF1B1303FFFFFFFFFFFC8FFF0003A3156208431EE340B91386
0D1B5524190B84AF120CECD7162CD4AF0B1203FFFFFFFFFFFC8FFF0003AC156208431EE340B9139E
0D1B162418BF84AF750CEC97162CA7AF0B1103FFFFFFFFFFFC7FFF0003B0156208431EE340B913B6
0D1AD324186784AFE10CEC53162C78AEFB1003FFFFFFFFFFFC7FFF0003AF156208431EE340B913CE
0D1A412417AF84B05F0CEBC5162C12AEEB1003FFFFFFFFFFFC8FFF0003A3156208431EE340B913E6
0D19FC24175484B0DF0CEB81162BE5AEDB1003FFFFFFFFFFFC7FFF0003A8156208431EE340B903FE
0D19EF24174184B14B0CEB73162BDFAEDB0F03FFFFFFFFFFFC7FFF0003A6156208431EE340B90316
0D19DB24173184B1AC0CEB61162BD4AEDB0F03FFFFFFFFFFFC7FFF00039C156209431EE340B9032E
0D19BC24171384B2100CEB43162BC3AEEB0E03FFFFFFFFFFFC7FFF0003A6156209431EE340B8F346
0D19B324171684B28C0CEB38162BC3AEDB0E03FFFFFFFFFFFC7FFF0003A8156209431EE340B8F35E
0D199F24170684B3100CEB25162BB9AEDB0E03FFFFFFFFFFFC7FFF0003AA156209431EE240B8F376
0D19972416FF84B3630CEB21162BB7AEDB0E03FFFFFFFFFFFC6FFF0003A5156209431EE240B8F38E
0D198C2416F684B3A70CEB15162BB3AEDB0D03FFFFFFFFFFFC6FFF0003AF156209431EE240B8F3A6
0D19582416BA84B4160CEAE3162B93AECB0D03FFFFFFFFFFFC7FFF0003A5156209431EE240B8F3BE
0D18E824162C84B4A90CEA73162B49AECB0D03FFFFFFFFFFFC8FFF00039D156209431EE240B8F3D6
0D18B02415EA84B53D0CEA39162B23AEBB0D03FFFFFFFFFFFC7FFF0003A0156209431EE240B8F3EE
0D18832415AF84B5A50CEA0F162B05AEBB0D03FFFFFFFFFFFC7FFF00039A156209431EE240B8E306
0D186624158E84B5FF0CE9EF162AF1AEBB0C03FFFFFFFFFFFC8FFF0003A7156209431EE240B8F31E
0D182F24154E84B6560CE9BB162ACDAEAB0C03FFFFFFFFFFFC8FFF0003AC15620A431EE240B8D336
0D182024154284B6980CE9AD162AC6AE9B0B03FFFFFFFFFFFC7FFF0003AF15620A431EE240B8D34E
0D180224152284B7040CE990162AB8AE8B0B03FFFFFFFFFFFC7FFF0003AE15620A431EE240B8D366
0D177B24147384B7B10CE90C162A5DAE8B0B03FFFFFFFFFFFC7FFF0003A715620A431EE140B8D37E
0D172F24141584B84E0CE8BD162A26AE9B0B03FFFFFFFFFFFC7FFF00039A15620A431EE140B8D396
0D170F2413F484B8890CE8A4162A14AE9B0B03FFFFFFFFFFFC7FFF00039815620A431EE140B8D3AE
0D16F02413D084B8C90CE8811629FEAE9B0A03FFFFFFFFFFFC8FFF0003A515620A431EE140B8D3C6
0D169424135584B94E0CE8261629C1AE9B0A03FFFFFFFFFFFC7FFF0003AB15620A431EE140B8D3DE
0D167524133384B9D20CE8051629AEAE8B0A03FFFFFFFFFFFC7FFF0003A715620A431EE140B8D3F6
0D163E2412F284BA300CE7D0162989AE8B0A03FFFFFFFFFFFC7FFF0003A715620A431EE140B8D30E
0D160F2412BE84BA920CE7A016296BAE8B0A03FFFFFFFFFFFC6FFF0003A515620B431EE140B8D326
0D15DF24128984BB130CE77116294DAE8B0903FFFFFFFFFFFC6FFF00039B15620B431EE140B8D33E
0D15AA24124784BB990CE73D16292DAE8B0903FFFFFFFFFFFC8FFF00039D15620B431EE040B8C356
0D158724121F84BC020CE71B162918AE7B0803FFFFFFFFFFFC6FFF00039A15620B431EE040B8C36E
0D15682411FE84BC530CE6FD162903AE6B0803FFFFFFFFFFFC6FFF0003A315620B431EE040B8C386
0D15482411DC84BCA80CE6DD1628F0AE5B0703FFFFFFFFFFFC6FFF00039D15620B431EE040B8B39E
0D150524118784BD180CE69A1628C2AE4B0703FFFFFFFFFFFC7FFF0003A015620B431EE040B8C3B6
0D14B124110C84BD930CE64816288AAE4B0703FFFFFFFFFFFC7FFF0003AA15620B431EE040B8B3CE
0D140D24103884BE110CE5A9162818AE3B0703FFFFFFFFFFFC7FFF0003A315620B431EE040B8B3E6
0D13CE240FF084BE890CE5661627E9AE3B0603FFFFFFFFFFFC7FFF00039E15620B431EE040B8B3FE
0D13B9240FDA84BEFE0CE5541627E1AE2B0603FFFFFFFFFFFC6FFF0003A115620B431EE040B8B316
0D13AB240FCD84BF690CE5471627DAAE1B0503FFFFFFFFFFFC6FFF0003A215620B431EDF40B8B32E
0D139C240FBB84BFB90CE5391627D3AE1B0503FFFFFFFFFFFC7FFF00039B15620C431EDF40B8B346
0D1321240F1584C0150CE4BF16277DAE2B0503FFFFFFFFFFFC7FFF0003A615620C431EDF40B8935E
0D1278240E3384C0910CE418162703AE2B0503FFFFFFFFFFFC8FFF0003A015620C431EDF40B89376
0D1244240DFB84C10F0CE3E21626E0AE2B0403FFFFFFFFFFFC8FFF0003A615620C431EDF40B8938E
0D123B240DF484C1770CE3DA1626DEAE1B0403FFFFFFFFFFFC7FFF0003A415620C431EDF40B893A6
0D1234240DF084C1E20CE3D31626DEAE0B0403FFFFFFFFFFFC7FFF0003A015620C431EDF40B893BE
0D122A240DF484C2550CE3C91626DCAE0B0303FFFFFFFFFFFC8FFF0003A015620C431EDF40B893D6
0D1224240DF984C2D40CE3C31626DFADFB0303FFFFFFFFFFFC7FFF0003A115620C431EDF40B893EE
0D11CC240D8384C34B0CE36E1626A3ADEB0203FFFFFFFFFFFC6FFF00039915620C431EDF40B89306
0D116A240D0384C39D0CE31016265DADEB0203FFFFFFFFFFFC6FFF0003A315620C431EDE40B8931E
0D1119240C9884C3EB0CE2B8162620ADEB0203FFFFFFFFFFFC6FFF00039D15620D431EDE40B89336
0D10C6240C2184C4470CE2701625ECADEB0203FFFFFFFFFFFC6FFF0003A815620D431EDE40B8834E
0D1073240BBF84C4C40CE2161625B0ADEB0103FFFFFFFFFFFC7FFF00039F15620D431EDE40B88366
0D1069240BBE84C5620CE20F1625B3ADEB0103FFFFFFFFFFFC6FFF00039B15620D431EDE40B8837E
0D100F240B4184C5F70CE1B2162571ADDB0103FFFFFFFFFFFC8FFF00039915620D431EDE40B88396
0D0F96240AAA84C64A0CE14516251FADDB0003FFFFFFFFFFFC7FFF00039915620D431EDE40B883AE
0D0F63240A6184C67D0CE1131624FAADDB0003FFFFFFFFFFFC7FFF00039B15620D431EDE40B873C6
0D0EEE2409C184C6D90CE09A1624A5ADCAFF03FFFFFFFFFFFC5FFF0003A715620D431EDE40B873DE
0D0E9224094F84C7560CE03D162466ADAAFF03FFFFFFFFFFFC5FFF0003AB15620D431EDE40B873F6
0D0E5724090284C7E00CE005162440ADAAFE03FFFFFFFFFFFC6FFF0003A415620D431EDE40B8730E
0D0E332408E184C86B0CDFDF16242CADAAFE03FFFFFFFFFFFC7FFF00039515620D431EDD40B87326
0D0E282408D984C8D70CDFD7162427AD9AFD03FFFFFFFFFFFC7FFF00039615620D431EDD40B8733E
0D0E192408CA84C9230CDFCB162421AD8AFC03FFFFFFFFFFFC6FFF00039B15620E431EDD40B86356
0D0DFB2408AA84C9780CDFA716240CAD7AFC03FFFFFFFFFFFC6FFF0003A215620E431EDD40B8736E
0D0DE024088884C9E90CDF8D1623FFAD6AFB03FFFFFFFFFFFC6FFF00039F15620E431EDD40B86386
0D0DB724085E84CA6A0CDF671623E7AD6AFB03FFFFFFFFFFFC8FFF0003A715620E431EDD40B8539E
0D0D672407FC84CAF00CDF171623B2AD6AFA03FFFFFFFFFFFC7FFF0003A115620E431EDD40B853B6
0D0D412407CE84CB630CDEF316239BAD4AFA03FFFFFFFFFFFC7FFF00038915620E431EDD40B853CE
0D0D292407BB84CBB90CDEDB16238BAD5AFA03FFFFFFFFFFFC7FFF00039815620E431EDC40B853E6
0D0D132407A184CC130CDEC6162380AD5AFA03FFFFFFFFFFFC7FFF00039D15620E431EDC40B853FE
0D0CAD24071984CC740CDE5C162337AD5AF903FFFFFFFFFFFC7FFF00039C15620E431EDC40B85316
0D0C732406D984CCEC0CDE25162313AD5AF903FFFFFFFFFFFC8FFF00039F15620E431EDC40B8532E
0D0C762406E084CD770CDE2816231DAD5AF903FFFFFFFFFFFC8FFF0003A215620F431EDC40B85346
0D0C722406E784CDE50CDE2516231EAD4AF903FFFFFFFFFFFC8FFF00039A15620F431EDC40B8535E
0D0C742406F284CE550CDE27162327AD4AF803FFFFFFFFFFFC8FFF00039615620F431EDC40B84376
0D0C652406E984CED30CDE1C162324AD3AF803FFFFFFFFFFFC7FFF00039915620F431EDC40B8438E
0D0C562406DB84CF250CDE1016231DAD3AF803FFFFFFFFFFFC7FFF00039F15620F431EDC40B843A6
0D0C4F2406D284CF590CDE06162317AD2AF803FFFFFFFFFFFC8FFF00039C15620F431EDC40B843BE
0D0C412406CE84CFC70CDDF7162316AD2AF803FFFFFFFFFFFC7FFF0003A415620F431EDC40B843D6
0D0C322406CD84D06C0CDDE7162313AD3AF803FFFFFFFFFFFC7FFF00038D15620F431EDC40B833EE
0D0C1D2406B984D10C0CDDD316230CAD3AF703FFFFFFFFFFFC7FFF00039515620F431EDB40B83306
0D0C1B2406BD84D16A0CDDD116230EAD3AF803FFFFFFFFFFFC6FFF00039515620F431EDB40B8331E
0D0C192406C484D1A50CDDCF162311AD3AF803FFFFFFFFFFFC6FFF00039915620F431EDB40B83336
0D0C212406CE84D2020CDDD1162319AD3AF703FFFFFFFFFFFC7FFF00039715620F431EDB40B8334E
0D0C082406BF84D2720CDDBC162310AD3AF703FFFFFFFFFFFC8FFF0003A4156210431EDB40B83366
0D0BE624069A84D2EF0CDD9A1622FCAD3AF703FFFFFFFFFFFC8FFF0003A2156210431EDB40B8337E
0D0BBD24066A84D3770CDD761622EAAD3AF703FFFFFFFFFFFC8FFF000399156210431EDB40B82396
0D0B7524061684D3FD0CDD2D1622B7AD4AF703FFFFFFFFFFFC8FFF000388156210431EDB40B823AE
0D0B612405FD84D4570CDD191622AAAD4AF703FFFFFFFFFFFC8FFF000391156210431EDA40B813C6
0D0B4B2405E484D4970CDD0416229FAD4AF703FFFFFFFFFFFC7FFF000399156210431EDA40B813DE
0D0B332405CD84D4FC0CDCEA162290AD3AF703FFFFFFFFFFFC6FFF000398156210431EDA40B813F6
0D0B182405B184D5740CDCD0162285AD2AF703FFFFFFFFFFFC6FFF0003A3156210431EDA40B8130E
0D0AF624058984D5F30CDCAE162271AD2AF603FFFFFFFFFFFC7FFF00039D156210431EDA40B81326
0D0ACD24056584D6820CDC8616225CAD1AF603FFFFFFFFFFFC6FFF00038B156210431EDA40B8133E
0D0ABC24054E84D6F80CDC74162253AD1AF703FFFFFFFFFFFC7FFF000390156210431EDA40B81356
0D0AB724054F84D72C0CDC78162254AD1AF603FFFFFFFFFFFC8FFF000396156210431EDA40B8136E
0D0AB224054F84D7710CDC6B162253AD3AF603FFFFFFFFFFFC7FFF000396156211431EDA40B81386
0D0AA224054384D7FC0CDC5B16224FAD3AF603FFFFFFFFFFFC7FFF0003A0156211431EDA40B8039E
0D0A8B24053884D8990CDC44162247AD2AF603FFFFFFFFFFFC7FFF00039C156211431EDA40B803B6
0D0A6D24050D84D9040CDC28162234AD1AF603FFFFFFFFFFFC7FFF00038F156211431EDA40B803CE
0D0A452404E684D9580CDC0016221BAD1AF603FFFFFFFFFFFC8FFF00038E156211431ED940B7F3E6
0D0A122404A884D9C60CDBCD1621FBAD1AF603FFFFFFFFFFFC7FFF000395156211431ED940B7F3FE
0D09EE24047684DA2D0CDBAB1621E5AD2AF603FFFFFFFFFFFC8FFF000388156211431ED940B7F316
0D09BB24043C84DA930CDB781621C5AD2AF603FFFFFFFFFFFC9FFF00039C156211431ED940B7F32E
0D09A424042984DB170CDB601621BBAD3AF503FFFFFFFFFFFC6FFF000399156211431ED940B7F346
0D098324040284DB990CDB411621A9AD3AF503FFFFFFFFFFFC6FFF000395156211431ED940B7F35E
0D09462403BA84DBED0CDB0716217FAD3AF503FFFFFFFFFFFC7FFF00038E156211431ED940B7E376
0D090B24036984DC4A0CDACA162158AD2AF503FFFFFFFFFFFC7FFF000398156211431ED940B7E38E
0D08ED24034184DCC90CDAAB162148AD1AF503FFFFFFFFFFFC7FFF000398156211431ED940B7F3A6
0D08D624032884DD3B0CDA9616213CAD0AF403FFFFFFFFFFFC6FFF000392156212431ED940B7E3BE
0D08D024032184DD8F0CDA9216213DAD0AF403FFFFFFFFFFFC6FFF000390156212431ED940B7D3D6
0D08AF2402F984DDFE0CDA7016212BACFAF303FFFFFFFFFFFC7FFF000390156212431ED940B7D3EE
0D086B2402A384DE8C0CDA2C1620FFACEAF303FFFFFFFFFFFC7FFF000396156212431ED840B7D306
0D084124026F84DF130CDA021620E4ACEAF403FFFFFFFFFFFC7FFF00038B156212431ED840B7D31E
0D082124024984DF730CD9E51620D1ACEAF403FFFFFFFFFFFC6FFF000395156212431ED840B7D336
0D081C24023E84DFB40CD9E01620CFACEAF303FFFFFFFFFFFC8FFF00038F156212431ED840B7D34E
0D081B24024484DFFE0CD9DD1620D4ACDAF303FFFFFFFFFFFC8FFF000393156212431ED840B7D366
0D081024023C84E0730CD9D11620D1ACDAF203FFFFFFFFFFFC8FFF00039D156212431ED840B7D37E
0D07BF2401D884E1190CD9821620A0ACDAF203FFFFFFFFFFFC7FFF00039A156212431ED840B7D396
0D07AF2401CC84E1B40CD97216209BACDAF203FFFFFFFFFFFC7FFF000392156212431ED840B7C3AE
0D07AC2401CB84E2100CD9731620A0ACDAF203FFFFFFFFFFFC7FFF00037B156213431ED840B7C3C6
0D07A42401C984E24C0CD96D16209DACEAF203FFFFFFFFFFFC7FFF00038F156213431ED840B7C3DE
0D078124019784E29E0CD949162089ACDAF203FFFFFFFFFFFC7FFF000397156213431ED840B7C3F6
0D074624015084E30E0CD90C16205FACDAF203FFFFFFFFFFFC8FFF00039E156213431ED840B7C30E
0D070E24010D84E3900CD8D216203BACDAF103FFFFFFFFFFFC8FFF000395156213431ED840B7B326
0D06DF2400D884E4200CD8A5162021ACDAF103FFFFFFFFFFFC8FFF00038A156213431ED740B7B33E
0D06C22400C084E4A60CD887162011ACDAF103FFFFFFFFFFFC8FFF000389156213431ED740B7B356
0D06B82400AF84E4FC0CD88316200FACDAF103FFFFFFFFFFFC9FFF000383156213431ED740B7B36E
0D06AC2400AA84E5380CD87816200AACDAF103FFFFFFFFFFFC7FFF000392156213431ED740B7B386
0D069624009484E5930CD85E161FFCACCAF003FFFFFFFFFFFC7FFF000397156214431ED740B7A39E
0D068E2400B384E6170CD854161FFFACBAF003FFFFFFFFFFFC8FFF000395156214431ED740B7A3B6
0D066224008E84E6AD0CD828161FE3ACCAF003FFFFFFFFFFFC8FFF000395156214431ED740B7A3CE
0D062224003184E7260CD7EC161FBCACCAF003FFFFFFFFFFFC8FFF000390156214431ED740B793E6
0D05B823FFA084E76A0CD786161F72ACCAF003FFFFFFFFFFFC8FFF000387156214431ED740B793FE
0D059A23FF7E84E7BC0CD764161F5BACBAF003FFFFFFFFFFFC8FFF000389156214431ED640B79316
0D058123FF6684E8440CD74C161F51ACBAF003FFFFFFFFFFFC7FFF000393156214431ED640B7932E
0D056523FF4F84E8D70CD72F161F43AC9AF003FFFFFFFFFFFC7FFF000392156214431ED640B79346
0D050D23FEDC84E93D0CD6DC161F06AC9AF003FFFFFFFFFFFC7FFF00038A156214431ED640B7935E
0D04D823FE9984E97F0CD6A6161EE0AC9AEF03FFFFFFFFFFFC9FFF00038F156214431ED640B79376
0D04C523FE8884E9DD0CD692161ED8AC9AEF03FFFFFFFFFFFC8FFF00038A156214431ED640B7838E
0D04A923FE7084EA5D0CD677161ECBAC8AEF03FFFFFFFFFFFC5FFF00038B156215431ED640B783A6
0D047823FE3684EAEB0CD64D161EAFAC8AEE03FFFFFFFFFFFC5FFF00038F156215431ED640B793BE
0D042F23FDDF84EB6C0CD602161E80AC8AEE03FFFFFFFFFFFC7FFF000382156215431ED640B783D6
0D041F23FDD784EBD10CD5F0161E75AC9AEE03FFFFFFFFFFFC8FFF000382156215431ED640B783EE
0D041D23FDD384EC180CD5F0161E77AC9AED03FFFFFFFFFFFC8FFF00038E156215431ED640B78306
0D03CC23FD6D84EC680CD59F161E3FAC8AED03FFFFFFFFFFFC7FFF00038A156215431ED640B7731E
0D037923FD0084ECDA0CD54E161E08AC8AED03FFFFFFFFFFFC7FFF00038C156215431ED640B77336
0D031D23FC8F84ED630CD4F5161DCBAC8AEC03FFFFFFFFFFFC7FFF00038F156215431ED540B7734E
0D02DF23FC4B84EDFA0CD4B6161DA3AC8AEC03FFFFFFFFFFFC6FFF00037D156215431ED540B77366
0D02D623FC4A84EE7A0CD4A5161D9CAC7AEC03FFFFFFFFFFFC8FFF00037D156215431ED540B7737E
0D02CE23FC4384EEB00CD4AB161DA0AC6AEC03FFFFFFFFFFFC9FFF00038C156216431ED540B76396
0D02C923FC4684EEDE0CD49F161D9CAC5AEB03FFFFFFFFFFFC7FFF000395156216431ED540B763AE
0D02C723FC7684EF560CD49B161DA1AC5AEA03FFFFFFFFFFFC7FFF000395156216431ED540B763C6
0D029F23FC6F84EFFD0CD477161D8EAC5AEA03FFFFFFFFFFFC6FFF00037E156216431ED540B763DE
0D026E23FC3C84F0970CD445161D6EAC5AEA03FFFFFFFFFFFC7FFF000382156216431ED540B753F6
0D026223FC4684F0F50CD437161D67AC5AEA03FFFFFFFFFFFC6FFF000384156216431ED440B7530E
0D024E23FC3284F1350CD42A161D61AC5AEA03FFFFFFFFFFFC7FFF00038B156216431ED440B75326
0D023123FC0984F18C0CD408161D4DAC5AE903FFFFFFFFFFFC8FFF000389156216431ED540B7533E
0D022423FBFE84F1FF0CD3F9161D48AC5AE903FFFFFFFFFFFC8FFF000391156216431ED440B75356
0D020523FBD684F27A0CD3DA161D37AC5AE903FFFFFFFFFFFC8FFF000382156217431ED440B7536E
0D01FC23FBD384F2F50CD3D2161D39AC5AE903FFFFFFFFFFFC8FFF000385156217431ED440B75386
0D01D923FBA984F3810CD3B2161D26AC4AE903FFFFFFFFFFFC7FFF00037A156217431ED440B7539E
0D01A923FB7084F3EF0CD382161D07AC4AE903FFFFFFFFFFFC7FFF000387156217431ED440B743B6
0D018823FB4384F42E0CD362161CF1AC3AE903FFFFFFFFFFFC7FFF000384156217431ED440B743CE
0D013323FAD284F4800CD30D161CB6AC3AE903FFFFFFFFFFFC7FFF000390156217431ED440B743E6
0D012223FAC884F4F70CD2FB161CAFAC3AE803FFFFFFFFFFFC7FFF000387156217431ED440B743FE
0D011823FAC684F5700CD2F1161CAEAC3AE903FFFFFFFFFFFC7FFF000384156217431ED440B73316
0D010523FABA84F5E60CD2DD161CA5AC3AE803FFFFFFFFFFFC8FFF00037F156217431ED340B7332E
0D00C723FA6D84F6720CD2A2161C7EAC2AE803FFFFFFFFFFFC8FFF000381156217431ED340B73346
0D009423FA3984F6FB0CD272161C60AC2AE703FFFFFFFFFFFC7FFF000378156217431ED340B7335E
0D008723FA2884F7460CD267161C59AC2AE703FFFFFFFFFFFC7FFF000387156218431ED340B73376
0D008223FA2884F7700CD261161C59AC2AE703FFFFFFFFFFFC7FFF000391156218431ED340B7238E
0D007723FA2384F7CE0CD252161C55AC1AE703FFFFFFFFFFFC7FFF000395156218431ED340B723A6
0D006823FA2384F8600CD245161C53AC1AE703FFFFFFFFFFFC6FFF000387156218431ED340B723BE
0D006523FA3584F9040CD241161C59AC1AE703FFFFFFFFFFFC6FFF000386156218431ED340B723D6
0D005723FA2D84F9860CD231161C54AC1AE703FFFFFFFFFFFC7FFF00037F156218431ED340B713EE
0D004423FA2084F9D50CD225161C4CAC0AE703FFFFFFFFFFFC8FFF000379156218431ED240B71306
0D003C23FA1A84FA120CD21B161C49AC1AE703FFFFFFFFFFFC8FFF000387156218431ED340B7131E
0D002D23FA0E84FA6A0CD20A161C43AC1AE603FFFFFFFFFFFC7FFF00038F156219431ED340B71336
0D000A23F9EE84FAF00CD1E8161C31AC0AE603FFFFFFFFFFFC6FFF00038E156219431ED340B7134E
0CFFCD23F9A884FB900CD1AD161C0CAC0AE603FFFFFFFFFFFC7FFF000385156219431ED240B71366
0CFF7A23F94184FC010CD15D161BD4AC0AE603FFFFFFFFFFFC7FFF000381156219431ED240B7137E
0CFF5C23F91F84FC500CD13E161BC1AC0AE603FFFFFFFFFFFC7FFF000385156219431ED240B70396
0CFF5123F91F84FCB90CD130161BBDAC1AE503FFFFFFFFFFFC8FFF000383156219431ED240B703AE
0CFF3D23F90B84FD1D0CD11D161BB2AC0AE503FFFFFFFFFFFC8FFF00037D156219431ED240B703C6
0CFF2323F8EF84FD740CD104161BA4AC0AE403FFFFFFFFFFFC7FFF00038B156219431ED240B703DE
0CFF2423F8F984FDEA0CD105161BAFAC0AE403FFFFFFFFFFFC7FFF00038B156219431ED240B703F6
0CFF2123F90684FE7D0CD0FE161BB0AC0AE403FFFFFFFFFFFC7FFF000386156219431ED240B7030E
0CFF0723F8ED84FF080CD0E7161BA5AC0AE403FFFFFFFFFFFC7FFF000378156219431ED240B6F326
0CFEFA23F8EA84FF660CD0DF161BA2AC0AE403FFFFFFFFFFFC8FFF00038015621A431ED140B6E33E
0CFEEE23F8D884FF9F0CD0D3161B9AAC0AE403FFFFFFFFFFFC7FFF00038015621A431ED140B6F356
0CFEE523F8DA84FFEB0CD0C8161B9BABFAE403FFFFFFFFFFFC7FFF00038115621A431ED140B6E36E
0CFEC523F8B985006A0CD0A8161B88ABFAE403FFFFFFFFFFFC8FFF00038915621A431ED140B6E386
0CFE6E23F8558501040CD055161B53ABFAE403FFFFFFFFFFFC8FFF00037D15621A431ED140B6E39E
0CFE4723F83085018D0CD02B161B3AABFAE403FFFFFFFFFFFC7FFF00038015621A431ED140B6E3B6
0CFE2D23F8198501E60CD012161B29ABEAE403FFFFFFFFFFFC7FFF00037F15621A431ED140B6E3CE
0CFE1C23F80D85023B0CD002161B22ABEAE303FFFFFFFFFFFC7FFF00038015621A431ED140B6D3E6
0CFE0423F8018502A90CCFE9161B16ABDAE303FFFFFFFFFFFC7FFF00037B15621A431ED140B6D3FE
0CFDF823F7FD85030B0CCFDE161B11ABDAE303FFFFFFFFFFFC7FFF00038515621A431ED140B6D316
0CFDF823F8098503610CCFDE161B15ABDAE303FFFFFFFFFFFC8FFF00038615621B431ED140B6D32E
0CFDEC23F8098503E40CCFD2161B16ABDAE303FFFFFFFFFFFC8FFF00037A15621B431ED140B6D346
0CFDDC23F8078504860CCFC0161B11ABCAE203FFFFFFFFFFFC8FFF00036C15621B431ED040B6C35E
0CFDCC23F8038504F10CCFB7161B0DABCAE303FFFFFFFFFFFC7FFF00037C15621B431ED040B6C376
0CFDC023F7FB85052A0CCFAA161B07ABCAE203FFFFFFFFFFFC7FFF00037E15621B431ED040B6C38E
0CFDA823F7E885058B0CCF8F161AF9ABCAE203FFFFFFFFFFFC8FFF00038015621B431ED040B6C3A6
0CFD9023F7D88506170CCF77161AF0ABCAE203FFFFFFFFFFFC9FFF00037715621B431ED040B6C3BE
0CFD7423F7C48506A00CCF5A161AE0ABCAE303FFFFFFFFFFFC8FFF00037615621B431ED040B6C3D6
0CFD6823F7BE8506EC0CCF54161ADCABDAE203FFFFFFFFFFFC7FFF00037715621B431ED040B6B3EE
0CFD6023F7BC8507260CCF4A161ADBABDAE203FFFFFFFFFFFC7FFF00038115621B431ED040B6C306
0CFD4323F7A28507940CCF2A161AC9ABDAE203FFFFFFFFFFFC7FFF00037A15621C431ED040B6C31E
0CFD1723F7788508300CCEFF161AB2ABDAE103FFFFFFFFFFFC7FFF00037E15621C431ED040B6B336
0CFCEE23F7568508D80CCED8161A9DABDAE103FFFFFFFFFFFC9FFF00037815621C431ECF40B6A34E
0CFCD323F73E85094A0CCEBD161A8EABDAE203FFFFFFFFFFFC8FFF00037615621C431ECF40B6B366
0CFCC823F7328509790CCEB8161A88ABDAE203FFFFFFFFFFFC7FFF00037915621C431ECF40B6A37E
0CFCB723F71E8509AF0CCEA4161A7EABDAE103FFFFFFFFFFFC7FFF00037A15621C431ECF40B6A396
0CFC9D23F704850A030CCE87161A6FABDAE103FFFFFFFFFFFC7FFF00038B15621C431ECF40B693AE
0CFC6023F6BF850A830CCE4C161A4AABCAE103FFFFFFFFFFFC6FFF00038015621C431ECF40B693C6
0CFC1723F66E850B410CCE04161A1DABCAE103FFFFFFFFFFFC7FFF00037B15621C431ECF40B693DE
0CFBF923F656850BFC0CCDE5161A10ABBAE103FFFFFFFFFFFC8FFF00036D15621C431ECF40B693F6
0CFC0323F672850C390CCE07161A25ABBAE103FFFFFFFFFFFC7FFF00036E15621C431ECF40B6930E
0CFC1F23F697850C390CCE15161A31ABBAE103FFFFFFFFFFFC8FFF00036A15621D431ECF40B69326
0CFC0D23F68D850C980CCDE7161A18ABBAE003FFFFFFFFFFFC8FFF00038915621D431ECF40B6933E
0CFBE823F66B850D2E0CCDD4161A13ABBAE003FFFFFFFFFFFC8FFF00038A15621D431ECF40B68356
0CFBDF23F670850DC40CCDCC161A16ABCAE003FFFFFFFFFFFC9FFF00038115621D431ECF40B6836E
0CFBDC23F678850E480CCDC7161A1AABCAE003FFFFFFFFFFFC8FFF00037515621D431ECE40B68386
0CFBD223F676850EBC0CCDBF161A18ABCAE003FFFFFFFFFFFC8FFF00037115621D431ECE40B6839E
0CFBC723F672850F170CCDB3161A13ABCAE103FFFFFFFFFFFC8FFF00037815621D431ECE40B683B6
0CFBC023F67B850F580CCDAE161A12ABCAE103FFFFFFFFFFFC8FFF00037A15621D431ECE40B683CE
0CFBB723F675850F9D0CCDA5161A10ABBAE003FFFFFFFFFFFC8FFF00038A15621D431ECE40B683E6
0CFBB023F67E85100C0CCD9D161A12ABBAE003FFFFFFFFFFFC6FFF00038015621E431ECE40B673FE
0CFBAB23F6918510B40CCD9A161A19ABAADF03FFFFFFFFFFFC6FFF00036C15621E431ECE40B67316
0CFBA223F69B8511640CCD8F161A1BABAAE003FFFFFFFFFFFC8FFF00037515621E431ECE40B6632E
0CFB9923F6998511CC0CCD87161A18ABAAE003FFFFFFFFFFFC8FFF00037415621E431ECD40B67346
0CFB9B23F6A28511EA0CCD8C161A1AABBAE003FFFFFFFFFFFC7FFF00037B15621E431ECD40B6735E
0CFBA023F6B485121D0CCD81161A19ABBAE003FFFFFFFFFFFC7FFF00037C15621E431ECE40B66376
0CFB8923F6A785129A0CCD77161A1AABAAE003FFFFFFFFFFFC7FFF00038815621E431ECE40B6638E
0CFB7223F69C8513400CCD61161A14ABAAE003FFFFFFFFFFFC8FFF00038115621E431ECD40B663A6
0CFB3223F6558513D80CCD201619EBABBAE003FFFFFFFFFFFC7FFF00036E15621E431ECD40B653BE
0CFB1D23F64585143D0CCD0F1619DFABBAE003FFFFFFFFFFFC7FFF00037215621E431ECD40B653D6
0CFB0923F6378514810CCCFC1619D5ABBAE003FFFFFFFFFFFC7FFF00036E15621F431ECD40B653EE
0CFAF823F6278514DB0CCCE71619CCABBAE003FFFFFFFFFFFC7FFF00037E15621F431ECD40B65306
0CFAE523F6208515560CCCD31619C4ABBAE003FFFFFFFFFFFC9FFF00038215621F431ECD40B6531E
0CFACF23F6108515D00CCCC01619BCABBADF03FFFFFFFFFFFC8FFF00038215621F431ECD40B64336
0CFAB123F5F28516350CCCA21619ABABCAE003FFFFFFFFFFFC7FFF00037D15621F431ECD40B6434E
0CFAA823F5F28516A50CCC981619AAABBADF03FFFFFFFFFFFC7FFF00036F15621F431ECC40B64366
0CFA9E23F5F28517170CCC8E1619A8ABBADF03FFFFFFFFFFFC6FFF00037715621F431ECC40B6437E
0CFA8D23F5F185177E0CCC7D1619A2ABAADF03FFFFFFFFFFFC8FFF00037915621F431ECC40B64396
0CFA8123F5EC8517E90CCC7116199DABAADE03FFFFFFFFFFFC7FFF00037315621F431ECC40B643AE
0CFA6823F5D68518520CCC5A161992AB9ADF03FFFFFFFFFFFC8FFF00037C15621F431ECC40B643C6
0CFA4B23F5BA8518BC0CCC3D161982AB8ADF03FFFFFFFFFFFC9FFF00037D156220431ECC40B633DE
0CFA1C23F58C85192D0CCC0F161965AB8ADF03FFFFFFFFFFFC8FFF000374156220431ECC40B633F6
0CF9CD23F52885198E0CCBC5161932AB9ADF03FFFFFFFFFFFC7FFF00037C156220431ECC40B6330E
0CF99923F4EA8519E90CCB8C16190BAB8ADE03FFFFFFFFFFFC7FFF00037A156220431ECC40B63326
0CF97E23F4D5851A5D0CCB711618FDAB7ADE03FFFFFFFFFFFC8FFF000378156220431ECB40B6333E
0CF96823F4C7851AE30CCB5B1618F2AB7ADE03FFFFFFFFFFFC8FFF00036E156220431ECB40B62356
0CF95A23F4C1851B500CCB4E1618EEAB7ADE03FFFFFFFFFFFC8FFF000379156220431ECB40B6236E
0CF95723F4C6851B960CCB4E1618EFAB7ADE03FFFFFFFFFFFC8FFF00037D156220431ECB40B62386
0CF95323F4D0851BF70CCB4B1618F5AB7ADD03FFFFFFFFFFFC8FFF000375156220431ECB40B6239E
0CF94823F4CA851C7E0CCB3D1618F1AB7ADD03FFFFFFFFFFFC7FFF00037B156220431ECB40B613B6
0CF92723F4AE851CF70CCB1D1618E1AB8ADD03FFFFFFFFFFFC7FFF000378156221431ECB40B613CE
0CF91523F49E851D4F0CCB0C1618D8AB8ADC03FFFFFFFFFFFC7FFF00036E156221431ECB40B613E6
0CF90923F499851DAE0CCAFF1618D5AB8ADD03FFFFFFFFFFFC7FFF000378156221431ECB40B603FE
0CF8F523F485851E270CCAEB1618CDAB8ADC03FFFFFFFFFFFC8FFF00036A156221431ECB40B60316
0CF8D123F462851EA50CCAC71618B7AB7ADC03FFFFFFFFFFFC8FFF00037A156221431ECB40B6032E
0CF8B823F455851F080CCAB31618ACAB7ADC03FFFFFFFFFFFC8FFF00037A156221431ECA40B60346
0CF8A223F43C851F520CCAA01618A0AB6ADD03FFFFFFFFFFFC8FFF000379156221431ECA40B6035E
0CF85C23F3E5851FAC0CCA5516186EAB6ADC03FFFFFFFFFFFC8FFF000371156221431ECA40B60376
0CF84423F3D28520270CCA3C161863AB6ADC03FFFFFFFFFFFC7FFF00037B156221431ECA40B6038E
0CF82F23F3C48520B90CCA2616185BAB6ADC03FFFFFFFFFFFC7FFF000378156221431ECA40B603A6
0CF81E23F3BB8521400CCA17161854AB7ADB03FFFFFFFFFFFC7FFF00036D156222431ECA40B5F3BE
0CF81323F3B685218D0CCA12161853AB7ADB03FFFFFFFFFFFC7FFF000370156222431ECA40B5E3D6
0CF80C23F3B88521C10CCA0816184FAB6ADB03FFFFFFFFFFFC7FFF00037D156222431ECA40B5E3EE
0CF7FD23F3B48522250CC9F6161849AB6ADB03FFFFFFFFFFFC6FFF00037E156222431ECA40B5E306
0CF7F123F3B18522AD0CC9EA161848AB6ADB03FFFFFFFFFFFC7FFF000372156222431ECA40B5E31E
0CF7D723F3A08523360CC9D116183CAB6ADB03FFFFFFFFFFFC8FFF000379156222431EC940B5E336
0CF7C323F38F8523920CC9C0161832AB6ADB03FFFFFFFFFFFC8FFF000379156222431EC940B5E34E
0CF7A123F36E8523EF0CC99D16181FAB6ADB03FFFFFFFFFFFC7FFF00037A156222431EC940B5E366
0CF78923F3578524740CC983161813AB6ADB03FFFFFFFFFFFC7FFF000377156222431EC940B5D37E
0CF77B23F35A8524F30CC978161810AB5ADB03FFFFFFFFFFFC6FFF00036C156222431EC940B5D396
0CF77923F35B85253D0CC977161811AB5ADA03FFFFFFFFFFFC6FFF00036E156223431EC940B5D3AE
0CF77B23F36C85257F0CC975161816AB4ADA03FFFFFFFFFFFC7FFF00036A156223431EC940B5D3C6
0CF77423F36D8525F30CC96F161819AB4ADA03FFFFFFFFFFFC7FFF00037F156223431EC940B5D3DE
0CF76923F37085267D0CC962161815AB4ADA03FFFFFFFFFFFC7FFF00037D156223431EC940B5C3F6
0CF75223F3608526FA0CC94F16180FAB4ADA03FFFFFFFFFFFC8FFF000377156223431EC940B5C30E
0CF74023F35385275D0CC93E161806AB4ADA03FFFFFFFFFFFC8FFF00036A156223431EC840B5C326
0CF73F23F3628527C10CC939161809AB4ADA03FFFFFFFFFFFC7FFF000373156223431EC840B5C33E
0CF73D23F3698528330CC93916180FAB3ADA03FFFFFFFFFFFC7FFF00036F156223431EC840B5C356
0CF73E23F37C8528950CC93D161815AB3ADA03FFFFFFFFFFFC8FFF000378156223431EC840B5C36E
0CF73C23F3828528E90CC93B161819AB4ADA03FFFFFFFFFFFC8FFF00037D156223431EC840B5B386
0CF74123F39A8529530CC93E161822AB4ADA03FFFFFFFFFFFC8FFF00037C156224431EC840B5C39E
0CF74123F3A98529CD0CC93D16182BAB5ADA03FFFFFFFFFFFC7FFF000379156224431EC840B5B3B6
0CF74123F3B7852A4F0CC93D161833AB4AD903FFFFFFFFFFFC7FFF000374156224431EC840B5A3CE
0CF73F23F3C7852AC50CC93B161838AB3ADA03FFFFFFFFFFFC7FFF000369156224431EC840B5A3E6
0CF74123F3D8852B220CC93D16183DAB3ADA03FFFFFFFFFFFC6FFF000372156224431EC740B5A3FE
0CF73F23F3E5852B750CC93D161841AB4ADA03FFFFFFFFFFFC7FFF00036F156224431EC740B5A316
0CF74023F3F3852BCF0CC93D161847AB3ADA03FFFFFFFFFFFC8FFF00037C156224431EC740B5A32E
0CF74323F402852C320CC94016184FAB3ADA03FFFFFFFFFFFC8FFF00037D156224431EC740B59346
0CF74923F41B852CB30CC94516185DAB3ADA03FFFFFFFFFFFC8FFF000370156224431EC740B5935E
0CF74B23F435852D4D0CC948161868AB3ADA03FFFFFFFFFFFC8FFF000372156224431EC740B59376
0CF74C23F444852DC90CC94816186EAB3ADA03FFFFFFFFFFFC8FFF000370156224431EC740B5938E
0CF74923F449852E0A0CC94B161870AB3ADA03FFFFFFFFFFFC6FFF00036C156225431EC740B593A6
0CF74A23F457852E4C0CC947161872AB4ADB03FFFFFFFFFFFC7FFF000376156225431EC740B593BE
0CF74223F457852EAF0CC93C161871AB4ADA03FFFFFFFFFFFC7FFF00037C156225431EC740B583D6
0CF73F23F463852F270CC93A161879AB5ADA03FFFFFFFFFFFC7FFF000374156225431EC740B583EE
0CF74323F478852FB30CC93E161883AB6ADA03FFFFFFFFFFFC7FFF00036E156225431EC740B58306
0CF73323F4728530370CC92E16187FAB5ADA03FFFFFFFFFFFC7FFF000366156225431EC640B5831E
0CF71723F45485309B0CC914161870AB5ADB03FFFFFFFFFFFC8FFF00036C156225431EC640B58336
0CF6EB23F4278530FC0CC8E9161856AB5ADB03FFFFFFFFFFFC8FFF00036B156225431EC640B5834E
0CF69823F3BA8531580CC89716181BAB6ADB03FFFFFFFFFFFC9FFF000377156225431EC640B57366
0CF65923F3738531A90CC85A1617F3AB6ADB03FFFFFFFFFFFC8FFF000374156225431EC640B5737E
0CF64923F3698532100CC8491617EBAB6ADA03FFFFFFFFFFFC6FFF00037B156226431EC640B57396
0CF64423F36C8532940CC8431617EEAB5ADB03FFFFFFFFFFFC7FFF000375156226431EC640B563AE
0CF63023F3628533180CC8301617E6AB4ADA03FFFFFFFFFFFC7FFF00035E156226431EC640B563C6
0CF62023F35B8533820CC8211617E1AB3ADA03FFFFFFFFFFFC7FFF00036D156226431EC640B563DE
0CF61A23F35D8533EA0CC81A1617E2AB3ADA03FFFFFFFFFFFC7FFF00036E156226431EC540B553F6
0CF60A23F3578534470CC80F1617DCAB3ADA03FFFFFFFFFFFC7FFF00036F156226431EC540B5630E
0CF5FD23F34E8534A00CC8011617D8AB2AD903FFFFFFFFFFFC8FFF00037B156226431EC640B55326
0CF5DC23F32A85350C0CC7DC1617C3AB2AD903FFFFFFFFFFFC7FFF000374156226431EC540B5533E
0CF5C823F31A85358A0CC7C91617BBAB3AD903FFFFFFFFFFFC8FFF00036D156226431EC540B55356
0CF5BA23F3198536010CC7BB1617B6AB3AD903FFFFFFFFFFFC8FFF00036E156226431EC540B5536E
0CF5B023F3188536730CC7B11617B5AB3AD903FFFFFFFFFFFC7FFF000367156226431EC540B54386
0CF59223F2FD8536D90CC7951617A6AB3AD903FFFFFFFFFFFC9FFF000372156227431EC540B5439E
0CF53E23F29385374D0CC74116176CAB3AD903FFFFFFFFFFFC7FFF000374156227431EC540B543B6
0CF50E23F2608537C10CC71316174FAB2AD903FFFFFFFFFFFC8FFF000374156227431EC540B543CE
0CF50B23F26385380B0CC712161750AB3AD903FFFFFFFFFFFC8FFF000375156227431EC540B543E6
0CF50A23F26885385B0CC70D161752AB3AD903FFFFFFFFFFFC8FFF000376156227431EC540B543FE
0CF50723F27B8538E80CC70A161759AB3AD803FFFFFFFFFFFC7FFF000375156227431EC540B54316
0CF50223F28185397A0CC70616175EAB3AD803FFFFFFFFFFFC7FFF000373156227431EC440B5432E
0CF4F823F2848539DE0CC6FE16175CAB3AD803FFFFFFFFFFFC8FFF00036E156227431EC440B53346
0CF4EE23F281853A500CC6F616175DAB3AD803FFFFFFFFFFFC8FFF000363156227431EC440B5335E
0CF4EF23F291853AC10CC6F3161760AB3AD803FFFFFFFFFFFC9FFF000367156227431EC440B52376
0CF4E823F292853B070CC6F1161761AB3AD703FFFFFFFFFFFC9FFF000374156227431EC440B5238E
0CF4EC23F2A4853B600CC6EF161767AB3AD703FFFFFFFFFFFC7FFF000379156228431EC440B523A6
0CF4EF23F2B7853BDD0CC6F2161771AB2AD703FFFFFFFFFFFC8FFF000370156228431EC440B523BE
0CF4F023F2CB853C630CC6F216177AAB2AD703FFFFFFFFFFFC7FFF000372156228431EC440B523D6
0CF4EF23F2DB853CE60CC6F3161780AB3AD703FFFFFFFFFFFC7FFF000368156228431EC440B523EE
0CF4F123F2EB853D580CC6F7161789AB3AD703FFFFFFFFFFFC8FFF000367156228431EC440B51306
0CF4F123F2F4853D9E0CC6F716178DAB3AD703FFFFFFFFFFFC8FFF000367156228431EC440B5131E
0CF4F123F305853DEA0CC6F8161792AB3AD803FFFFFFFFFFFC8FFF000376156228431EC440B51336
0CF4E923F307853E760CC6EF161795AB3AD803FFFFFFFFFFFC8FFF000374156228431EC440B5034E
0CF4B823F2D6853F0C0CC6BE161779AB2AD803FFFFFFFFFFFC7FFF000367156228431EC340B50366
0CF4B323F2DA853F590CC6BC161779AB2AD803FFFFFFFFFFFC7FFF00036C156228431EC340B5037E
0CF4B323F2DE853FA20CC6BA16177CAB3AD903FFFFFFFFFFFC8FFF00036C156228431EC340B50396
0CF4B423F2F48540180CC6B9161784AB3AD903FFFFFFFFFFFC7FFF000366156228431EC340B503AE
0CF4AC23F2F48540A50CC6B3161787AB3AD803FFFFFFFFFFFC7FFF00036F156229431EC340B503C6
0CF4A323F2F88541280CC6A8161786AB3AD803FFFFFFFFFFFC8FFF00036D156229431EC340B4F3DE
0CF49D23F30385417E0CC6A4161788AB2AD803FFFFFFFFFFFC7FFF00036D156229431EC340B503F6
0CF47B23F2DE8541E20CC683161775AB2AD803FFFFFFFFFFFC8FFF00036D156229431EC340B4F30E
0CF46523F2D08542620CC66A16176BAB2AD803FFFFFFFFFFFC7FFF00036F156229431EC340B4F326
0CF45D23F2D08542B90CC666161769AB2AD803FFFFFFFFFFFC7FFF00036A156229431EC340B4E33E
0CF45923F2D98542EC0CC662161768AB1AD803FFFFFFFFFFFC7FFF00036B156229431EC340B4E356
0CF45723F2E48543590CC65D16176DAB1AD803FFFFFFFFFFFC8FFF00035F156229431EC240B4E36E
0CF45623F2FD85440F0CC65D161778AB1AD803FFFFFFFFFFFC8FFF000355156229431EC240B4E386
0CF43C23F2ED8544C70CC645161770AB1AD803FFFFFFFFFFFC7FFF000366156229431EC240B4E39E
0CF43623F2EC8545150CC647161770AB1AD903FFFFFFFFFFFC7FFF00036C15622A431EC240B4E3B6
0CF45323F31A8545200CC65216177CAB2AD903FFFFFFFFFFFC7FFF00036A15622A431EC240B4E3CE
0CF43A23F30785456D0CC63A161771AB2AD803FFFFFFFFFFFC8FFF00037515622A431EC240B4D3E6
0CF42923F2FE8545F20CC630161771AB2AD803FFFFFFFFFFFC6FFF00036C15622A431EC240B4C3FE
0CF42D23F31585468B0CC63416177DAB2AD803FFFFFFFFFFFC7FFF00036815622A431EC240B4C316
0CF42A23F32685472B0CC634161785AB2AD903FFFFFFFFFFFC8FFF00036415622A431EC240B4D32E
0CF42D23F33085479D0CC63516178BAB3AD903FFFFFFFFFFFC7FFF00036515622A431EC240B4C346
0CF42D23F33F8547D40CC63616178FAB4AD903FFFFFFFFFFFC7FFF00036215622A431EC140B4C35E
0CF42D23F35085482A0CC632161792AB4AD903FFFFFFFFFFFC7FFF00037015622A431EC140B4C376
0CF42A23F3568548990CC632161799AB3AD903FFFFFFFFFFFC8FFF00037115622A431EC140B4C38E
0CF42A23F3678548FA0CC6341617A0AB3AD903FFFFFFFFFFFC8FFF00036F15622B431EC140B4B3A6
0CF42D23F37485496B0CC6341617A7AB3AD903FFFFFFFFFFFC7FFF00036C15622B431EC140B4B3BE
0CF42D23F38D854A020CC6341617B1AB2AD903FFFFFFFFFFFC6FFF00036715622B431EC140B4B3D6
0CF42A23F38F854A8E0CC6311617B6AB2AD903FFFFFFFFFFFC8FFF00036415622B431EC140B4B3EE
0CF42923F38F854AD60CC6321617B9AB1AD903FFFFFFFFFFFC7FFF00035F15622B431EC140B4A306
0CF42923F39A854B150CC6311617BEAB1AD903FFFFFFFFFFFC6FFF00036615622B431EC140B4A31E
0CF42923F3AB854B910CC6311617C6AB2AD903FFFFFFFFFFFC8FFF00036F15622B431EC140B4A336
0CF40823F38E854C210CC60E1617B4AB3AD903FFFFFFFFFFFC7FFF00036D15622B431EC140B4A34E
0CF3F023F375854C820CC5F81617A7AB4AD903FFFFFFFFFFFC7FFF00036A15622B431EC140B4A366
0CF3E623F373854CDF0CC5EE1617A6AB4AD903FFFFFFFFFFFC7FFF00036815622C431EC040B4937E
0CF3B623F33C854D570CC5C216178DAB4AD903FFFFFFFFFFFC6FFF00035F15622C431EC040B49396
0CF3A823F333854DC50CC5B1161785AB4AD903FFFFFFFFFFFC5FFF00036A15622C431EC040B493AE
0CF3A623F33C854E240CC5AF161788AB3AD903FFFFFFFFFFFC7FFF00036B15622C431EC040B483C6
0CF39B23F335854E9B0CC5A2161785AB3AD903FFFFFFFFFFFC8FFF00036415622C431EC040B483DE
0CF39023F322854F1D0CC599161787AB3AD903FFFFFFFFFFFC8FFF00036615622C431EC040B483F6
0CF38A23F338854F960CC592161788AB3AD903FFFFFFFFFFFC8FFF00036415622C431EC040B4830E
0CF38023F344854FFD0CC58C161786AB4AD903FFFFFFFFFFFC7FFF00035C15622C431EC040B48326
0CF37D23F3438550350CC58C161787AB4AD903FFFFFFFFFFFC8FFF00036C15622C431EC040B4833E
0CF37D23F34F85506E0CC58916178BAB4AD903FFFFFFFFFFFC8FFF00037315622C431EC040B48356
0CF37423F3528550EF0CC58016178EAB4AD903FFFFFFFFFFFC8FFF00037015622D431EC040B4836E
0CF32C23F3078551AB0CC537161762AB3AD903FFFFFFFFFFFC7FFF00036515622D431EC040B47386
0CF30F23F2EF85525C0CC51A161754AB3AD903FFFFFFFFFFFC5FFF00035D15622D431EBF40B4639E
0CF30823F2F18552B30CC519161754AB2ADA03FFFFFFFFFFFC6FFF00035E15622D431EBF40B463B6
0CF32E23F33A8552B60CC54C16177AAB1AD903FFFFFFFFFFFC7FFF00036115622D431EBF40B463CE
0CF33B23F3558552DF0CC53A161772AB1AD903FFFFFFFFFFFC8FFF00037515622D431EBF40B463E6
0CF2E423F2DB8553730CC4F1161745AB1AD803FFFFFFFFFFFC8FFF00037515622D431EBF40B463FE
0CF2C023F2AB8554310CC4CD161735AB2AD803FFFFFFFFFFFC7FFF00036115622D431EBF40B46316
0CF2A823F28F8554C50CC4B516172AAB3AD903FFFFFFFFFFFC8FFF00035E15622D431EBF40B4632E
0CF29823F2868555220CC4A316171FAB3AD903FFFFFFFFFFFC8FFF00035915622D431EBF40B46346
0CF29123F28A8555880CC49E161722AB2AD903FFFFFFFFFFFC8FFF00035515622D431EBF40B4535E
0CF28F23F2918555E50CC49D161725AB2AD903FFFFFFFFFFFC9FFF00035E15622D431EBF40B45376
0CF28F23F29985562B0CC49E161729AB1AD803FFFFFFFFFFFC8FFF00036F15622E431EBF40B4538E
0CF29023F2A78556750CC49D16172EAB1AD803FFFFFFFFFFFC7FFF00036E15622E431EBF40B443A6
0CF29623F2BD8556E70CC4A216173AAB2AD803FFFFFFFFFFFC7FFF00036B15622E431EBF40B443BE
0CF29823F2D785577C0CC4A5161746AB2AD803FFFFFFFFFFFC7FFF00035D15622E431EBE40B443D6
0CF29323F2DD8558160CC4A016174BAB2AD803FFFFFFFFFFFC8FFF00035615622E431EBE40B443EE
0CF28A23F2E18558980CC49516174AAB2AD803FFFFFFFFFFFC8FFF00035A15622E431EBE40B44306
0CF28423F2E48558F80CC49216174AAB2AD803FFFFFFFFFFFC8FFF00035D15622E431EBE40B4431E
0CF28523F2F28559320CC49516174FAB2AD803FFFFFFFFFFFC7FFF00035E15622E431EBE40B43336
0CF28323F2FB8559750CC492161754AB2AD803FFFFFFFFFFFC7FFF00036F15622E431EBE40B4334E
0CF28523F3028559D80CC49316175BAB1AD803FFFFFFFFFFFC8FFF00037515622F431EBE40B43366
0CF28523F31A855A550CC492161762AB1AD903FFFFFFFFFFFC8FFF00036F15622F431EBE40B4337E
0CF28523F32C855AF00CC49216176CAB0AD803FFFFFFFFFFFC7FFF00035615622F431EBE40B42396
0CF27623F32F855B990CC48516176AAB1AD803FFFFFFFFFFFC7FFF00035315622F431EBD40B423AE
0CF27623F337855C0B0CC48616176EAB1AD903FFFFFFFFFFFC6FFF00035515622F431EBD40B423C6
0CF27923F33F855C320CC48B161772AB0AD903FFFFFFFFFFFC6FFF00036315622F431EBD40B423DE
0CF27923F34A855C5F0CC489161775AB1AD903FFFFFFFFFFFC7FFF00036E15622F431EBE40B413F6
0CF26A23F343855CBE0CC47616176FAB2AD903FFFFFFFFFFFC8FFF00037315622F431EBE40B4130E
0CF25823F337855D400CC460161767AB3AD903FFFFFFFFFFFC8FFF00036E15622F431EBD40B41326
0CF24323F333855DEE0CC451161765AB3ADA03FFFFFFFFFFFC7FFF00035815622F431EBD40B4133E
0CF21F23F315855EA20CC42F161755AB3AD903FFFFFFFFFFFC8FFF00035215622F431EBD40B41356
0CF21823F313855F0E0CC429161753AB3ADA03FFFFFFFFFFFC8FFF000352156230431EBD40B4036E
0CF22923F332855F250CC454161773AB3ADA03FFFFFFFFFFFC8FFF000360156230431EBD40B40386
0CF25423F36F855F360CC44E161770AB2AD903FFFFFFFFFFFC8FFF00036B156230431EBD40B4039E
0CF21E23F33A855FA40CC42A161761AB2AD903FFFFFFFFFFFC8FFF000376156230431EBD40B403B6
0CF21723F34485605A0CC427161768AB2AD803FFFFFFFFFFFC8FFF00036B156230431EBD40B3F3CE
0CF21223F35485610C0CC42116176EAB2AD903FFFFFFFFFFFC8FFF000354156230431EBD40B3F3E6
0CF20A23F3578561900CC41816176EAB2AD903FFFFFFFFFFFC8FFF000353156230431EBC40B3F3FE
0CF20823F3618561E40CC41B161772AB2AD903FFFFFFFFFFFC7FFF00034E156230431EBC40B3E316
0CF20A23F3678562040CC424161778AB2AD903FFFFFFFFFFFC7FFF00035D156230431EBC40B3E32E
0CF20B23F37585622E0CC41B161778AB3AD903FFFFFFFFFFFC8FFF000372156231431EBD40B3E346
0CF20B23F3898562BC0CC41A161782AB2AD903FFFFFFFFFFFC8FFF000371156231431EBC40B3E35E
0CF20123F3908563840CC412161786AB2AD903FFFFFFFFFFFC8FFF00035B156231431EBC40B3E376
0CF1EA23F37F85641B0CC3FA16177DAB2AD903FFFFFFFFFFFC8FFF000359156231431EBC40B3E38E
0CF1E023F3778564510CC3F816177BAB3AD903FFFFFFFFFFFC8FFF000359156231431EBC40B3E3A6
0CF1D023F3748564890CC3E1161770AB3AD903FFFFFFFFFFFC8FFF000361156231431EBC40B3E3BE
0CF1B123F3528564F40CC3C016175EAB3AD903FFFFFFFFFFFC9FFF000360156231431EBC40B3D3D6
0CF1A423F34A8565710CC3B216175BAB3AD903FFFFFFFFFFFC8FFF000367156231431EBC40B3D3EE
0CF1A123F35A8565FC0CC3B0161760AB3AD903FFFFFFFFFFFC8FFF000362156231431EBC40B3D306
0CF19C23F3648566760CC3AB161764AB4ADA03FFFFFFFFFFFC8FFF00035D156231431EBC40B3C31E
0CF19A23F36D8566DF0CC3A9161767AB3AD903FFFFFFFFFFFC8FFF000353156231431EBC40B3C336
0CF19823F3798567390CC3AA16176DAB3AD903FFFFFFFFFFFC8FFF000360156232431EBB40B3C34E
0CF19223F3728567970CC3A116176BAB3AD903FFFFFFFFFFFC7FFF000352156232431EBB40B3C366
0CF16C23F34F85680D0CC37D161758AB3AD903FFFFFFFFFFFC7FFF000364156232431EBB40B3C37E
0CF16523F3518568770CC377161759AB3AD903FFFFFFFFFFFC7FFF000363156232431EBB40B3C396
0CF16323F3588568CE0CC37416175CAB4AD903FFFFFFFFFFFC8FFF000360156232431EBB40B3C3AE
0CF15B23F36485694D0CC36D16175EAB3AD903FFFFFFFFFFFC8FFF000355156232431EBB40B3B3C6
0CF13B23F3498569EA0CC34E16174FAB2AD903FFFFFFFFFFFC8FFF00035C156232431EBB40B3A3DE
0CF13023F348856A640CC34316174DAB3AD903FFFFFFFFFFFC7FFF00034B156232431EBB40B3A3F6
0CF12F23F34C856A960CC34516174CAB3AD903FFFFFFFFFFFC7FFF000361156232431EBB40B3A30E
0CF12D23F352856ACC0CC33F161751AB3AD903FFFFFFFFFFFC8FFF00035C156232431EBB40B3A326
0CF12923F367856B4F0CC33B161756AB3AD903FFFFFFFFFFFC8FFF000363156233431EBB40B3A33E
0CF10C23F34F856BF30CC31F16174AAB4AD903FFFFFFFFFFFC8FFF000355156233431EBB40B3A356
0CF10123F355856C740CC314161746AB3AD903FFFFFFFFFFFC8FFF00035B156233431EBB40B3936E
0CF10123F35E856CC70CC31516174CAB4AD903FFFFFFFFFFFC7FFF000359156233431EBA40B39386
0CF10223F372856D2F0CC313161752AB3AD903FFFFFFFFFFFC6FFF000351156233431EBA40B3939E
0CF0FF23F377856D930CC313161756AB4AD903FFFFFFFFFFFC6FFF00035A156233431EBA40B393B6
0CF0FF23F383856DE60CC31316175CAB3AD903FFFFFFFFFFFC8FFF00035C156233431EBA40B383CE
0CF10123F397856E610CC313161763AB3AD903FFFFFFFFFFFC9FFF00035E156233431EBA40B383E6
0CF0FC23F3A3856EF20CC30F161768AB3AD803FFFFFFFFFFFC9FFF00035B156233431EBA40B383FE
0CF0F823F3AB856F520CC30E16176BAB3AD903FFFFFFFFFFFC6FFF000351156233431EBA40B38316
0CF0F723F3B6856F9F0CC30D161770AB3AD903FFFFFFFFFFFC7FFF00035A156233431EBA40B3832E
0CF0EF23F3B88570120CC30016176FAB3AD903FFFFFFFFFFFC7FFF00035B156234431EBA40B38346
0CF0D523F3A985709A0CC2E8161764AB3AD903FFFFFFFFFFFC7FFF000354156234431EBA40B3835E
0CF0BC23F3998571200CC2D2161759AB3AD903FFFFFFFFFFFC8FFF000358156234431EBA40B37376
0CF0AF23F39085717C0CC2C6161755AB4AD903FFFFFFFFFFFC7FFF000359156234431EBA40B3738E
0CF0AB23F3938571BF0CC2C2161756AB4AD903FFFFFFFFFFFC7FFF00035C156234431EBA40B363A6
0CF0A423F39785721D0CC2B5161753AB3AD903FFFFFFFFFFFC8FFF000356156234431EBA40B363BE
0CF08223F36F8572910CC297161743AB3AD903FFFFFFFFFFFC7FFF000358156234431EBA40B363D6
0CF08623F38B85731E0CC29A16174EAB3AD903FFFFFFFFFFFC7FFF000358156234431EB940B363EE
0CF08B23F3A78573B90CC29E16175AAB3AD903FFFFFFFFFFFC7FFF000354156234431EB940B36306
0CF08923F3B085742F0CC2A0161760AB3AD903FFFFFFFFFFFC8FFF000354156234431EB940B3631E
0CF08A23F3B58574660CC2A4161763AB3AD803FFFFFFFFFFFC7FFF00035A156234431EB940B35336
0CF08823F3C685749C0CC2A1161766AB2AD803FFFFFFFFFFFC9FFF000350156235431EB940B3434E
0CF08B23F3F68574FA0CC2A016176CAB2AD803FFFFFFFFFFFC8FFF000364156235431EB940B35366
0CF08F23F42A8575800CC2A2161777AB2AD803FFFFFFFFFFFC8FFF00035C156235431EB940B3437E
0CF08823F43D85763E0CC29E16177EAB3AD803FFFFFFFFFFFC8FFF000350156235431EB940B34396
0CF08823F4858576E80CC29D161787AB3AD903FFFFFFFFFFFC8FFF000345156235431EB940B343AE
0CF08D23F48485770A0CC2A816178CAB3AD903FFFFFFFFFFFC7FFF00034F156235431EB940B343C6
0CF09023F4728577060CC2A616178BAB3AD903FFFFFFFFFFFC7FFF000361156235431EB940B343DE
0CF09423F4938577720CC2A5161797AB3AD903FFFFFFFFFFFC7FFF000363156235431EB940B343F6
0CF08D23F4F485781F0CC2A316179FAB3AD903FFFFFFFFFFFC8FFF00035D156235431EB940B3330E
0CF08F23F5088578A90CC2A21617A7AB3AD903FFFFFFFFFFFC8FFF000353156235431EB940B32326
0CF08E23F4ED8578FF0CC2A81617A9AB4ADA03FFFFFFFFFFFC7FFF000344156235431EB840B3233E
0CF09723F51D8579060CC2B31617B1AB3ADA03FFFFFFFFFFFC6FFF000352156236431EB840B32356
0CF09A23F5638579000CC2B81617B4AB3ADA03FFFFFFFFFFFC6FFF000354156236431EB940B3236E
0CF09B23F59485792B0CC2B21617B8AB3AD903FFFFFFFFFFFC7FFF000361156236431EB940B32386
0CF09023F59E85799F0CC2A41617B6AB3AD903FFFFFFFFFFFC7FFF000358156236431EB840B3239E
0CF09123F59D857A2B0CC2A81617C0AB4AD903FFFFFFFFFFFC7FFF00034D156236431EB840B323B6
0CF09523F5AB857A640CC2AE1617C4AB4AD903FFFFFFFFFFFC7FFF00034D156236431EB840B323CE
0CF09823F590857A4D0CC2B11617C5AB4AD903FFFFFFFFFFFC8FFF000357156236431EB840B313E6
0CF09A23F5B8857A5F0CC2B11617C7AB3AD903FFFFFFFFFFFC8FFF00035F156236431EB840B313FE
0CF09823F599857AC90CC2AE1617CEAB3AD903FFFFFFFFFFFC8FFF00035C156236431EB840B31316
0CF09223F593857B440CC2A51617D0AB3AD903FFFFFFFFFFFC8FFF000348156236431EB840B3032E
0CF09023F594857B990CC2A81617D2AB3AD903FFFFFFFFFFFC7FFF000348156237431EB840B30346
0CF09223F592857BB60CC2B01617D7AB3ADA03FFFFFFFFFFFC7FFF00034C156237431EB840B3035E
0CF09523F587857B750CC2B21617D6AB3ADA03FFFFFFFFFFFC7FFF000350156237431EB840B30376
0CF09823F577857B2F0CC2B11617D0AB3ADA03FFFFFFFFFFFC7FFF00035F156237431EB840B3038E
0CF09E23F586857B2A0CC2B31617D4AB4AD903FFFFFFFFFFFC7FFF000360156237431EB840B303A6
0CF09523F589857B720CC2AA1617D5AB5AD903FFFFFFFFFFFC8FFF000356156237431EB840B303BE
0CF09323F593857BB50CC2AA1617D4AB5AD903FFFFFFFFFFFC8FFF000341156237431EB740B303D6
0CF09223F586857BAC0CC2AF1617D4AB5AD903FFFFFFFFFFFC8FFF000344156237431EB740B2E3EE
0CF09523F581857B800CC2B01617D4AB5AD903FFFFFFFFFFFC8FFF000340156237431EB740B2E306
0CF09523F57C857B4D0CC2B31617D1AB4AD903FFFFFFFFFFFC8FFF00034D156237431EB740B2E31E
0CF09723F573857B2C0CC2B31617D2AB4ADA03FFFFFFFFFFFC8FFF000361156237431EB740B2E336
0CF09223F568857B490CC2B31617D8AB4AD903FFFFFFFFFFFC8FFF000360156238431EB740B2E34E
0CF09223F56E857B830CC2AB1617D3AB4AD903FFFFFFFFFFFC8FFF00034C156238431EB740B2E366
0CF09223F56D857B9F0CC2AB1617D2AB4AD903FFFFFFFFFFFC8FFF000335156238431EB740B2D37E
0CF09223F56B857B960CC2AF1617D2AB4AD903FFFFFFFFFFFC9FFF000340156238431EB740B2D396
0CF09623F56C857B7E0CC2B01617D2AB4AD903FFFFFFFFFFFC8FFF000345156238431EB740B2D3AE
0CF09923F571857B5E0CC2B41617D2AB4AD903FFFFFFFFFFFC8FFF000353156238431EB740B2D3C6
0CF09723F567857B4F0CC2B21617D3AB4AD903FFFFFFFFFFFC7FFF00035A156238431EB740B2C3DE
0CF09523F563857B5A0CC2B01617D2AB5AD903FFFFFFFFFFFC7FFF000355156238431EB740B2C3F6
0CF09723F567857B5C0CC2B11617D1AB5ADA03FFFFFFFFFFFC7FFF000355156238431EB740B2C30E
0CF09523F565857B6D0CC2AC1617D0AB4AD903FFFFFFFFFFFC8FFF00034D156238431EB640B2B326
0CF09323F568857B930CC2AA1617D1AB5AD903FFFFFFFFFFFC8FFF000348156239431EB640B2C33E
0CF09523F569857B9D0CC2AF1617D2AB5ADA03FFFFFFFFFFFC8FFF000347156239431EB640B2B356
0CF09523F56B857B710CC2B01617D1AB5AD903FFFFFFFFFFFC7FFF000345156239431EB640B2B36E
0CF09423F565857B380CC2AF1617CFAB5AD903FFFFFFFFFFFC7FFF000357156239431EB640B2B386
0CF09623F567857B360CC2AD1617CEAB5AD903FFFFFFFFFFFC8FFF000351156239431EB640B2A39E
0CF09623F570857B660CC2AD1617D3AB5AD903FFFFFFFFFFFC8FFF00034D156239431EB640B2A3B6
0CF09723F575857B860CC2B21617D4AB5AD903FFFFFFFFFFFC8FFF00034F156239431EB640B2A3CE
0CF09523F570857B7E0CC2B01617D1AB5AD903FFFFFFFFFFFC8FFF000341156239431EB640B2A3E6
0CF09323F570857B670CC2AE1617CFAB5AD903FFFFFFFFFFFC8FFF00034A156239431EB640B2A3FE
0CF09223F56A857B570CC2AC1617CEAB6AD903FFFFFFFFFFFC7FFF00034F15623A431EB540B2A316
0CF09223F570857B6D0CC2AA1617CFAB5AD903FFFFFFFFFFFC7FFF00034015623A431EB540B2932E
0CF09323F572857B850CC2AD1617D1AB5AD903FFFFFFFFFFFC8FFF00035115623A431EB540B29346
0CF09523F573857B5E0CC2B21617D0AB5AD903FFFFFFFFFFFC8FFF00033F15623A431EB540B2935E
0CF09223F57A857B330CC2AC1617CBAB5AD903FFFFFFFFFFFC7FFF00035215623A431EB540B29376
0CF09123F57F857B510CC2AA1617CEAB4AD903FFFFFFFFFFFC7FFF00034015623A431EB540B2838E
0CF08F23F583857B8A0CC2AB1617D0AB4AD903FFFFFFFFFFFC7FFF00035015623A431EB540B283A6
0CF09323F581857B8A0CC2AE1617D0AB4AD903FFFFFFFFFFFC7FFF00034415623A431EB540B283BE
0CF09423F57F857B5A0CC2AF1617CCAB3AD903FFFFFFFFFFFC8FFF00034A15623A431EB540B283D6
0CF09123F57D857B4A0CC2AB1617CCAB3AD903FFFFFFFFFFFC8FFF00034315623A431EB540B283EE
0CF09123F582857B650CC2AB1617CEAB3AD903FFFFFFFFFFFC7FFF00034615623A431EB540B27306
0CF09323F588857B6F0CC2AD1617CFAB3AD903FFFFFFFFFFFC7FFF00035215623B431EB540B2731E
0CF09923F590857B530CC2B51617D4AB4AD903FFFFFFFFFFFC7FFF00034A15623B431EB540B27336
0CF09823F58E857B4C0CC2B41617D3AB4AD903FFFFFFFFFFFC7FFF00035015623B431EB440B2634E
0CF09923F59B857B5E0CC2B21617D3AB4AD903FFFFFFFFFFFC7FFF00033B15623B431EB440B26366
0CF09923F598857B650CC2B31617D3AB4AD903FFFFFFFFFFFC7FFF00034815623B431EB440B2637E
0CF09023F58F857B5D0CC2B21617D2AB4AD903FFFFFFFFFFFC7FFF00034715623B431EB440B26396
0CF09023F58F857B690CC2A91617CDAB3AD903FFFFFFFFFFFC7FFF00034915623B431EB440B263AE
0CF09223F598857B770CC2AC1617CFAB3AD903FFFFFFFFFFFC7FFF00034D15623B431EB440B263C6
0CF09623F597857B580CC2B01617CEAB3AD903FFFFFFFFFFFC8FFF00034A15623C431EB440B263DE
0CF09E23F59D857B260CC2B11617CDAB3AD903FFFFFFFFFFFC8FFF00035415623C431EB440B253F6
0CF09923F59B857B230CC2B31617D1AB3AD903FFFFFFFFFFFC7FFF00034715623C431EB440B2530E
0CF09423F5A6857B640CC2AF1617D4AB3AD903FFFFFFFFFFFC7FFF00034815623C431EB440B24326
0CF09223F5A0857B980CC2AF1617D3AB2AD903FFFFFFFFFFFC8FFF00034415623C431EB340B2433E
0CF09523F59F857B770CC2B31617D1AB2AD903FFFFFFFFFFFC8FFF00034615623C431EB340B24356
0CF09523F599857B430CC2B31617D0AB3AD903FFFFFFFFFFFC7FFF00033D15623C431EB340B2436E
0CF09223F594857B3C0CC2AD1617CDAB3AD903FFFFFFFFFFFC8FFF00034F15623C431EB340B23386
0CF09223F598857B480CC2AD1617CFAB3AD903FFFFFFFFFFFC8FFF00035415623C431EB340B2439E
0CF09323F594857B330CC2AE1617CEAB3AD903FFFFFFFFFFFC8FFF00035215623C431EB340B243B6
0CF09323F59E857B390CC2AD1617CDAB3AD903FFFFFFFFFFFC8FFF00034A15623D431EB340B223CE
0CF09223F5A9857B780CC2AC1617D1AB3AD903FFFFFFFFFFFC8FFF00033B15623D431EB340B223E6
0CF09323F5AC857BA40CC2AF1617D4AB3AD903FFFFFFFFFFFC6FFF00034115623D431EB340B223FE
0CF09523F5A0857B6D0CC2AE1617D2AB3AD903FFFFFFFFFFFC8FFF00033F15623D431EB340B22316
0CF09323F59C857B0A0CC2AC1617CAAB4AD903FFFFFFFFFFFC8FFF00035115623D431EB340B2232E
0CF09323F598857AFA0CC2AD1617CAAB6AD903FFFFFFFFFFFC7FFF00035315623D431EB340B22346
0CF09223F59F857B330CC2AC1617CDAB6AD903FFFFFFFFFFFC7FFF00034F15623D431EB340B2235E
0CF09323F5A2857B620CC2AE1617D0AB6AD903FFFFFFFFFFFC7FFF00034915623D431EB240B21376
0CF09423F59F857B550CC2B11617CEAB5AD903FFFFFFFFFFFC5FFF00034615623D431EB240B2138E
0CF09623F59F857B190CC2B11617CCAB5AD903FFFFFFFFFFFC6FFF00034515623D431EB240B203A6
0CF09423F597857AE00CC2AE1617C7AB5AD903FFFFFFFFFFFC7FFF00033C15623D431EB240B203BE
0CF09123F598857AD20CC2AD1617C8AB4AD903FFFFFFFFFFFC7FFF00034815623E431EB240B203D6
0CF09123F594857AD40CC2AD1617C6AB4AD803FFFFFFFFFFFC7FFF00034B15623E431EB240B203EE
0CF09223F595857ADA0CC2AC1617C7AB4AD903FFFFFFFFFFFC7FFF00034715623E431EB240B20306
0CF09223F59B857AE80CC2AC1617C7AB4AD903FFFFFFFFFFFC8FFF00034815623E431EB240B2031E
0CF09423F594857AC20CC2B01617C6AB4AD903FFFFFFFFFFFC7FFF00034615623E431EB240B20336
0CF09323F58D857A730CC2AC1617C0AB4AD903FFFFFFFFFFFC8FFF00034215623E431EB240B1F34E
0CF09123F58A857A440CC2AC1617BBAB4AD803FFFFFFFFFFFC7FFF00034215623E431EB240B1F366
0CF09023F58A857A540CC2AA1617BEAB5AD803FFFFFFFFFFFC6FFF00034815623E431EB140B1F37E
0CF09023F58C857A650CC2AB1617BDAB5AD903FFFFFFFFFFFC7FFF00034915623E431EB140B1E396
0CF09323F58B857A440CC2AE1617BCAB4AD903FFFFFFFFFFFC9FFF00034915623E431EB140B1E3AE
0CF09223F583857A0B0CC2AC1617B8AB4AD903FFFFFFFFFFFC8FFF00034915623F431EB140B1E3C6
0CF08F23F57F8579DD0CC2AA1617B5AB4AD903FFFFFFFFFFFC6FFF00034815623F431EB140B1E3DE
0CF08F23F57D8579C10CC2A91617B2AB4AD903FFFFFFFFFFFC6FFF00034615623F431EB140B1E3F6
0CF09223F57D8579980CC2AC1617B1AB4AD903FFFFFFFFFFFC8FFF00034615623F431EB140B1E30E
0CF08F23F5788579690CC2AA1617ADAB5AD903FFFFFFFFFFFC8FFF00034915623F431EB140B1D326
0CF08F23F57485794C0CC2A91617ACAB5AD903FFFFFFFFFFFC8FFF00033915623F431EB140B1D33E
0CF09723F5898579390CC2B11617B0AB5AD903FFFFFFFFFFFC7FFF00034915623F431EB140B1C356
0CF09323F57B85792C0CC2AF1617ADAB5AD903FFFFFFFFFFFC8FFF00034515623F431EB140B1C36E
0CF09A23F57C8579030CC2B31617ADAB4AD903FFFFFFFFFFFC8FFF00033015623F431EB040B1C386
0CF09D23F57E8578BC0CC2B81617AEAB4AD903FFFFFFFFFFFC8FFF00034215623F431EB040B1C39E
0CF09E23F57D8578900CC2B91617ACAB4AD903FFFFFFFFFFFC8FFF00034815623F431EB040B1C3B6
0CF0A023F57885786D0CC2BD1617ACAB4AD903FFFFFFFFFFFC6FFF00035015623F431EB040B1C3CE
0CF09F23F57685783B0CC2BA1617A8AB4AD903FFFFFFFFFFFC6FFF00034B156240431EB040B1B3E6
0CF09B23F5728578360CC2B71617A7AB4AD903FFFFFFFFFFFC7FFF00033F156240431EB040B1B3FE
0CF0A023F5738578230CC2BB1617A6AB4AD903FFFFFFFFFFFC8FFF000341156240431EB040B1B316
0CF0A023F5778577DA0CC2B91617A2AB4AD903FFFFFFFFFFFC7FFF000342156240431EB040B1A32E
0CF09D23F58D8577A00CC2B916179EAB4AD803FFFFFFFFFFFC7FFF000346156240431EB040B1A346
0CF09B23F57A8577890CC2B716179BAB3AD903FFFFFFFFFFFC7FFF00034A156240431EB040B1A35E
0CF09C23F56D85776D0CC2B816179AAB3AD903FFFFFFFFFFFC9FFF000344156240431EB040B1A376
0CF09B23F56A8577480CC2B3161794AB3AD903FFFFFFFFFFFC8FFF000347156240431EB040B1A38E
0CF09823F55E8577290CC2B6161794AB3AD803FFFFFFFFFFFC8FFF000344156240431EB040B1A3A6
0CF09C23F55B8577020CC2B6161790AB3AD803FFFFFFFFFFFC8FFF000343156240431EAF40B193BE
0CF09C23F5578576BD0CC2B616178FAB3AD803FFFFFFFFFFFC8FFF00033E156240431EAF40B193D6
0CF09C23F54E8576730CC2B716178BAB4AD803FFFFFFFFFFFC8FFF00034A156240431EAF40B193EE
0CF09A23F54C8576540CC2B516178AAB4AD803FFFFFFFFFFFC7FFF00034B156241431EAF40B18306
0CF09B23F5548576560CC2B6161788AB4AD803FFFFFFFFFFFC7FFF00033F156241431EAF40B1831E
0CF09C23F54685761A0CC2B6161784AB4AD803FFFFFFFFFFFC6FFF00033C156241431EAF40B18336
0CF09B23F53F8575B30CC2B516177FAB4AD803FFFFFFFFFFFC6FFF000345156241431EAF40B1834E
0CF0A023F53A8575680CC2B916177DAB4AD803FFFFFFFFFFFC8FFF00033F156241431EAF40B18366
0CF0A123F53C85753B0CC2BC16177DAB4AD803FFFFFFFFFFFC8FFF000349156241431EAF40B1837E
0CF0A123F5388575060CC2BE161778AB3AD803FFFFFFFFFFFC8FFF00034A156241431EAF40B17396
0CF0A223F52D8574C20CC2BD161778AB3AD803FFFFFFFFFFFC8FFF000341156241431EAF40B173AE
0CF09E23F51D8574630CC2B816176FAB3AD803FFFFFFFFFFFC8FFF000347156241431EAF40B163C6
0CF09E23F5188573EC0CC2B8161768AB3AD803FFFFFFFFFFFC8FFF00034B156241431EAF40B163DE
0CF0A823F51C85739F0CC2C416176BAB3AD803FFFFFFFFFFFC8FFF00034A156241431EAE40B163F6
0CF0AD23F51F8573850CC2BE161767AB3AD803FFFFFFFFFFFC8FFF000347156241431EAE40B1630E
0CF0B123F5208573400CC2CB16176CAB3AD703FFFFFFFFFFFC8FFF00033E156242431EAE40B16326
0CF0BD23F5258572C60CC2D616176FAB3AD703FFFFFFFFFFFC8FFF000348156242431EAE40B1633E
0CF0C923F5298572500CC2E5161772AB3AD703FFFFFFFFFFFC7FFF000342156242431EAE40B16356
0CF0DA23F5378571EB0CC2F5161776AB3AD703FFFFFFFFFFFC7FFF00034C156242431EAE40B1536E
0CF0E623F5428571940CC2FF16177AAB3AD703FFFFFFFFFFFC8FFF00034B156242431EAE40B15386
0CF0EF23F54185714E0CC30A16177CAB3AD703FFFFFFFFFFFC7FFF000349156242431EAE40B1539E
0CF0F023F5378570FD0CC30B16177AAB3AD703FFFFFFFFFFFC6FFF000341156242431EAE40B143B6
0CF0F323F5398570940CC30C161776AB3AD803FFFFFFFFFFFC7FFF000343156242431EAE40B143CE
0CF0FA23F5388570230CC314161776AB3AD803FFFFFFFFFFFC7FFF00033F156242431EAE40B143E6
0CF0F923F527856FA80CC31316176EAB3AD803FFFFFFFFFFFC8FFF00033A156242431EAE40B143FE
0CF0FA23F514856F300CC314161766AB3AD803FFFFFFFFFFFC9FFF00034D156242431EAD40B14316
0CF0F923F50A856ED50CC315161760AB3AD803FFFFFFFFFFFC8FFF00034C156242431EAD40B1332E
0CF0F923F506856E8E0CC31316175DAB3AD803FFFFFFFFFFFC8FFF00033F156243431EAD40B13346
0CF0F923F4F9856E230CC310161757AB3AD803FFFFFFFFFFFC7FFF00033D156243431EAD40B1235E
0CF0FA23F4ED856D9E0CC31116174FAB3AD803FFFFFFFFFFFC7FFF000346156243431EAD40B12376
0CF0FB23F4E1856D300CC31816174CAB3AD803FFFFFFFFFFFC8FFF000349156243431EAD40B1238E
0CF10823F4EA856CDB0CC32316174FAB3AD803FFFFFFFFFFFC8FFF000341156243431EAD40B123A6
0CF10A23F4DE856C670CC321161749AB2AD803FFFFFFFFFFFC7FFF000347156243431EAD40B123BE
0CF10E23F4D2856BD40CC323161744AB2AD803FFFFFFFFFFFC7FFF000349156243431EAD40B123D6
0CF11623F4DA856B5D0CC333161743AB2AD803FFFFFFFFFFFC8FFF00033D156243431EAD40B123EE
0CF12123F4DE856B160CC33C161747AB2AD703FFFFFFFFFFFC6FFF000343156243431EAD40B12306
0CF12423F4DB856AC90CC33E161747AB2AD703FFFFFFFFFFFC7FFF00033D156243431EAC40B1131E
0CF12723F4D4856A440CC33A16173EAB2AD703FFFFFFFFFFFC8FFF000348156243431EAC40B10336
0CF12C23F4C88569A70CC34216173AAB2AD703FFFFFFFFFFFC8FFF000342156244431EAC40B1034E
0CF13223F4C085692D0CC34D161737AB2AD703FFFFFFFFFFFC8FFF00034B156244431EAC40B10366
0CF13523F4B78568D30CC34F161735AB2AD703FFFFFFFFFFFC7FFF000348156244431EAC40B1037E
0CF13323F4B185685C0CC34B16172EAB2AD703FFFFFFFFFFFC6FFF000347156244431EAC40B10396
0CF14A23F4C58567DC0CC35D161731AB1AD703FFFFFFFFFFFC7FFF00033F156244431EAC40B103AE
0CF15923F4D085677F0CC37316173CAB1AD703FFFFFFFFFFFC7FFF000348156244431EAC40B103C6
0CF17D23F4FB8567180CC396161753AB0AD703FFFFFFFFFFFC8FFF000349156244431EAC40B0F3DE
0CF18C23F50A8566820CC39816174EAB0AD703FFFFFFFFFFFC8FFF000343156244431EAC40B0E3F6
0CF19223F4FF8565ED0CC3A9161750AB0AD603FFFFFFFFFFFC8FFF00034B156244431EAC40B0E30E
0CF18623F4E38565980CC3AA16174AAB1AD703FFFFFFFFFFFC8FFF000347156244431EAC40B0E326
0CF18823F4E58565540CC3AC161748AB1AD703FFFFFFFFFFFC8FFF00033C156244431EAB40B0E33E
0CF1A223F4FB8564CC0CC3BC161751AB1AD703FFFFFFFFFFFC8FFF000347156245431EAB40B0E356
0CF1BB23F50C8564240CC3CD161754AB1AD703FFFFFFFFFFFC7FFF000343156245431EAB40B0E36E
0CF1C523F50885639B0CC3DC161754AB1AD703FFFFFFFFFFFC7FFF000344156245431EAB40B0E386
0CF1CD23F5098563430CC3E5161755AB0AD703FFFFFFFFFFFC7FFF000349156245431EAB40B0D39E
0CF1E323F5218562E50CC3FA161760AB1AD703FFFFFFFFFFFC7FFF000332156245431EAB40B0D3B6
0CF1E023F5168562690CC3F5161756AB2AD703FFFFFFFFFFFC6FFF000343156245431EAB40B0D3CE
0CF1F923F5278561F00CC412161764AB3AD803FFFFFFFFFFFC7FFF000344156245431EAB40B0C3E6
0CF20223F5328561660CC412161760AB2AD803FFFFFFFFFFFC7FFF000348156245431EAB40B0C3FE
0CF20623F5248560CB0CC41A16175CAB2AD703FFFFFFFFFFFC8FFF000344156245431EAB40B0C316
0CF20C23F51B85604B0CC422161759AB2AD703FFFFFFFFFFFC8FFF00034A156245431EAB40B0B32E
0CF20823F50C8560010CC420161752AB3AD703FFFFFFFFFFFC7FFF000348156245431EAB40B0C346
0CF20E23F50E855FAA0CC421161750AB3AD703FFFFFFFFFFFC7FFF000343156245431EAA40B0B35E
0CF21023F500855F0E0CC42216174BAB3AD703FFFFFFFFFFFC8FFF000343156246431EAA40B0B376
0CF21223F4F7855E710CC428161742AB3AD703FFFFFFFFFFFC7FFF00033F156246431EAA40B0A38E
0CF20F23F4DE855E110CC42E161741AB3AD703FFFFFFFFFFFC8FFF000345156246431EAA40B0A3A6
0CF21D23F4E9855DB60CC435161741AB3AD703FFFFFFFFFFFC8FFF00033F156246431EAA40B0A3BE
0CF21F23F4E2855D250CC434161739AB2AD703FFFFFFFFFFFC7FFF000347156246431EAA40B0A3D6
0CF23323F4F1855C8D0CC44516173EAB2AD703FFFFFFFFFFFC7FFF00033F156246431EAA40B0A3EE
0CF23723F4E7855C1C0CC44F16173BAB1AD703FFFFFFFFFFFC8FFF000347156246431EAA40B0A306
0CF24523F4F7855BC50CC45C161740AB1AD703FFFFFFFFFFFC8FFF000340156246431EAA40B0931E
0CF26623F510855B580CC47216174CAB1AD703FFFFFFFFFFFC7FFF00033F156246431EAA40B09336
0CF26A23F510855AC80CC47D161750AB1AD703FFFFFFFFFFFC8FFF000343156246431EAA40B0934E
0CF27B23F512855A3A0CC48C161753AB1AD703FFFFFFFFFFFC8FFF000346156246431EAA40B09366
0CF28623F5198559C10CC499161753AB2AD703FFFFFFFFFFFC7FFF000336156247431EAA40B0837E
0CF28523F50A85595C0CC49B16174DAB2AD703FFFFFFFFFFFC7FFF000347156247431EAA40B08396
0CF28223F4FD8558F90CC49A161748AB2AD703FFFFFFFFFFFC8FFF000344156247431EA940B083AE
0CF28423F4F185586D0CC49216173EAB2AD703FFFFFFFFFFFC8FFF000343156247431EA940B083C6
0CF29423F4FB8557CE0CC4A4161740AB2AD703FFFFFFFFFFFC8FFF000343156247431EA940B083DE
0CF29423F4F18557490CC4A916173AAB3AD703FFFFFFFFFFFC7FFF000345156247431EA940B073F6
0CF29823F4E58556DE0CC4AD161738AB3AD703FFFFFFFFFFFC7FFF000348156247431EA940B0730E
0CF2A323F4E985566B0CC4B716173BAB3AD703FFFFFFFFFFFC7FFF000348156247431EA940B07326
0CF29D23F4D48555E60CC4B216172DAB3AD703FFFFFFFFFFFC7FFF00033B156247431EA940B0633E
0CF2AC23F4DC85556A0CC4C0161731AB2AD703FFFFFFFFFFFC7FFF000339156247431EA940B06356
0CF2B223F4D58554F60CC4C416172FAB2AD703FFFFFFFFFFFC6FFF00033F156247431EA940B0636E
0CF2B523F4D185546C0CC4C4161728AB2AD703FFFFFFFFFFFC8FFF000344156247431EA940B06386
0CF2D323F4ED8553D00CC4E6161738AB2AD703FFFFFFFFFFFC7FFF000348156247431EA940B0639E
0CF30523F52B85535C0CC51C161758AB2AD703FFFFFFFFFFFC8FFF000348156248431EA940B063B6
0CF30E23F5278553060CC520161755AB2AD603FFFFFFFFFFFC8FFF000345156248431EA940B063CE
0CF30823F5108552800CC51B16174EAB2AD603FFFFFFFFFFFC8FFF000343156248431EA840B053E6
0CF31E23F5218551DF0CC52D161752AB2AD703FFFFFFFFFFFC7FFF00033E156248431EA840B043FE
0CF34023F54685516F0CC556161769AB2AD703FFFFFFFFFFFC7FFF00033F156248431EA840B04316
0CF35A23F5608551150CC570161774AB2AD603FFFFFFFFFFFC8FFF00033E156248431EA840B0432E
0CF35D23F55B8550960CC56C16176FAB3AD7040FFFFFFFFFFC8FFF00033C156248431EA840B04346
0CF37923F56F854FFE0CC580161775AB3AD6040FFFFFFFFFFC7FFF00033B156248431EA840B0335E
0CF37E23F56F854F720CC58B161775AB3AD703FFFFFFFFFFFC7FFF00033E156248431EA840B04376
0CF37D23F558854EF80CC58D16176FAB3AD703FFFFFFFFFFFC8FFF000346156248431EA840B0338E
0CF37F23F54E854E830CC59216176CAB3AD703FFFFFFFFFFFC9FFF00033A156248431EA840B033A6
0CF37D23F53C854E030CC591161766AB3AD703FFFFFFFFFFFC8FFF00033F156248431EA840B033BE
0CF38423F539854D8E0CC596161762AB3AD703FFFFFFFFFFFC8FFF000337156249431EA840B023D6
0CF38823F539854D2E0CC59916175DAB3AD703FFFFFFFFFFFC7FFF00033F156249431EA840B023EE
0CF38723F52B854CAD0CC595161758AB3AD703FFFFFFFFFFFC7FFF000343156249431EA840B02306
0CF38823F517854C070CC59616174EAB3AD803FFFFFFFFFFFC7FFF000344156249431EA840B0231E
0CF39B23F529854B680CC5AC161755AB3AD7040FFFFFFFFFFC7FFF000345156249431EA840B01336
0CF3CB23F55D854AF00CC5E4161775AB2AD703FFFFFFFFFFFC8FFF000344156249431EA840B0134E
0CF3E623F577854AA70CC5EE161777AB1AD703FFFFFFFFFFFC8FFF000341156249431EA740B01366
0CF3EA23F57C854A5E0CC60E16178DAB1AD703FFFFFFFFFFFC7FFF000330156249431EA740B0137E
0CF3F423F5768549D80CC608161784AB2AD703FFFFFFFFFFFC6FFF000335156249431EA740B00396
0CF42023F59E8549240CC625161790AB3AD803FFFFFFFFFFFC6FFF00033E156249431EA740B003AE
0CF42223F59A8548720CC62F16178CAB4AD703FFFFFFFFFFFC8FFF000333156249431EA740B003C6
0CF41B23F5828547FD0CC62F161782AB4AD703FFFFFFFFFFFC8FFF000347156249431EA740B003DE
0CF41323F56D8547B10CC62E16177CAB4AD803FFFFFFFFFFFC8FFF000343156249431EA740B003F6
0CF41F23F56E8547490CC62F161778AB3AD803FFFFFFFFFFFC8FFF00033415624A431EA740B0030E
0CF41D23F55E8546D10CC62C161772AB2AD803FFFFFFFFFFFC6FFF00032F15624A431EA740AFF326
0CF42523F5618546510CC63116176EAB2AD803FFFFFFFFFFFC7FFF00033915624A431EA740AFF33E
0CF42523F5518545C00CC631161768AB2AD803FFFFFFFFFFFC7FFF00033E15624A431EA740AFF356
0CF42923F54985451F0CC634161760AB2AD803FFFFFFFFFFFC7FFF00033B15624A431EA740AFF36E
0CF43423F54585448B0CC642161762AB2AD7040FFFFFFFFFFC8FFF00034115624A431EA740AFE386
0CF44123F54D8544240CC651161763AB3AD7040FFFFFFFFFFC7FFF00034115624A431EA740AFE39E
0CF44923F5518543DB0CC66016176AAB3AD7040FFFFFFFFFFC7FFF00033B15624A431EA640AFE3B6
0CF46623F56A8543720CC676161777AB2AD703FFFFFFFFFFFC9FFF00032315624A431EA640AFE3CE
0CF48923F5998542EA0CC69716178BAB2AD703FFFFFFFFFFFC8FFF00033215624A431EA640AFD3E6
0CF4C123F5D88542550CC6C91617A8AB2AD703FFFFFFFFFFFC7FFF00033615624A431EA640AFD3FE
0CF4D623F5E28541BB0CC6DB1617AEAB2AD8040FFFFFFFFFFC8FFF00033C15624A431EA640AFD316
0CF4DD23F5DA8541280CC6E71617ADAB2AD8040FFFFFFFFFFC8FFF00032A15624A431EA640AFC32E
0CF4E623F5D58540AF0CC6EF1617AAAB2AD803FFFFFFFFFFFC8FFF00033915624B431EA640AFC346
0CF4EA23F5CD85404C0CC6F91617ABAB3AD803FFFFFFFFFFFC8FFF00033B15624B431EA640AFC35E
0CF4E823F5BA853FF90CC6FC1617A9AB3AD803FFFFFFFFFFFC7FFF00032D15624B431EA640AFC376
0CF4DD23F5A9853FA30CC6F41617A0AB3AD903FFFFFFFFFFFC7FFF00032415624B431EA640AFC38E
0CF4ED23F5B2853F140CC6F716179DAB3AD8040FFFFFFFFFFC7FFF00032C15624B431EA640AFC3A6
0CF4F323F5A5853E520CC6FB161795AB3AD803FFFFFFFFFFFC7FFF00033315624B431EA640AFB3BE
0CF4F323F594853DA50CC6FE16178DAB3AD803FFFFFFFFFFFC8FFF00034615624B431EA640AFB3D6
0CF4F623F589853D360CC707161789AB3AD803FFFFFFFFFFFC8FFF00033B15624B431EA640AFB3EE
0CF4FE23F58C853CE50CC70C161789AB3AD8040FFFFFFFFFFC7FFF00033715624B431EA640AFA306
0CF4FE23F581853C850CC70C161782AB2AD803FFFFFFFFFFFC8FFF00032015624B431EA540AFA31E
0CF4F923F570853C280CC70916177CAB2AD803FFFFFFFFFFFC7FFF00031F15624B431EA540AFA336
0CF50523F581853BB20CC70D16177DAB3AD803FFFFFFFFFFFC7FFF00031D15624B431EA540AFA34E
0CF50A23F579853B110CC714161777AB3AD803FFFFFFFFFFFC7FFF00032815624B431EA540AFA366
0CF50B23F56A853A5B0CC71216176CAB3AD703FFFFFFFFFFFC8FFF00033915624C431EA540AFA37E
0CF50C23F5518539B80CC715161763AB3AD703FFFFFFFFFFFC8FFF00033A15624C431EA540AF9396
0CF50D23F54B8539510CC71816175EAB3AD703FFFFFFFFFFFC8FFF00032D15624C431EA540AF93AE
0CF50823F5358539160CC719161759AB3AD703FFFFFFFFFFFC7FFF00032815624C431EA540AF83C6
0CF51123F53C8538BD0CC71E16175AAB3AD703FFFFFFFFFFFC7FFF00031415624C431EA540AF83DE
0CF51523F53B8538370CC71E161756AB3AD703FFFFFFFFFFFC7FFF00031415624C431EA540AF83F6
0CF51B23F52B8537A10CC723161751AB3AD703FFFFFFFFFFFC9FFF00032215624C431EA540AF830E
0CF51B23F51C8537060CC724161748AB4AD703FFFFFFFFFFFC8FFF00032A15624C431EA540AF7326
0CF52323F51C8536700CC72C161744AB3AD603FFFFFFFFFFFC7FFF00033015624C431EA540AF733E
0CF52B23F5148536020CC736161743AB3AD603FFFFFFFFFFFC7FFF00032F15624C431EA540AF7356
0CF53C23F5228535A90CC745161749AB3AD603FFFFFFFFFFFC6FFF00032715624C431EA540AF736E
0CF55623F53B8535310CC76616175DAB3AD603FFFFFFFFFFFC7FFF00032115624C431EA440AF6386
0CF59823F58785349C0CC79E161781AB2AD603FFFFFFFFFFFC8FFF00031A15624C431EA440AF639E
0CF5B823F5A78534120CC7BF161790AB2AD603FFFFFFFFFFFC8FFF00032815624C431EA440AF63B6
0CF5CB23F5BE8533AF0CC7D616179AAB2AD603FFFFFFFFFFFC8FFF00032415624C431EA440AF63CE
0CF5D323F5B085334C0CC7DD16179BAB2AD703FFFFFFFFFFFC8FFF00032F15624D431EA440AF63E6
0CF5C823F59E8532CA0CC7CE16178AAB3AD703FFFFFFFFFFFC6FFF00033015624D431EA440AF63FE
0CF5FA23F5D08532400CC7FC1617A7AB3AD703FFFFFFFFFFFC6FFF00033515624D431EA440AF5316
0CF61B23F5E98531A20CC81D1617B8AB2AD703FFFFFFFFFFFC8FFF00033215624D431EA440AF532E
0CF62023F5E585310B0CC8261617B5AB2AD703FFFFFFFFFFFC9FFF00033815624D431EA440AF4346
0CF62623F5DE85309A0CC8301617B2AB2AD603FFFFFFFFFFFC7FFF00033415624D431EA440AF435E
0CF63223F5E98530430CC8371617B2AB2AD703FFFFFFFFFFFC7FFF00032815624D431EA440AF4376
0CF63223F5DB852FF00CC83D1617B1AB2AD703FFFFFFFFFFFC7FFF00032E15624D431EA440AF438E
0CF62C23F5CD852F7F0CC83D1617B2AB3AD703FFFFFFFFFFFC7FFF00032E15624D431EA440AF43A6
0CF67423F61F852EE20CC86B1617CBAB3AD703FFFFFFFFFFFC7FFF00033315624D431EA440AF33BE
0CF6A923F65F852E200CC8A71617EFAB3AD703FFFFFFFFFFFC8FFF00033215624D431EA440AF33D6
0CF6F623F6BA852D7F0CC8F9161822AB2AD703FFFFFFFFFFFC8FFF00033D15624D431EA440AF33EE
0CF6A923F63E852D340CC8DB161806AB2AD803FFFFFFFFFFFC8FFF00033815624D431EA340AF3306
0CF6C123F667852CF80CC8EE161811AB3AD803FFFFFFFFFFFC8FFF00032615624D431EA340AF231E
0CF70E23F6BD852C7E0CC914161828AB3AD803FFFFFFFFFFFC8FFF00032915624E431EA340AF2336
0CF72D23F6DF852BE50CC92416182DAB4AD803FFFFFFFFFFFC8FFF00032815624E431EA340AF234E
0CF75623F70C852B5B0CC955161847AB4AD803FFFFFFFFFFFC9FFF00032415624E431EA340AF2366
0CF75E23F707852AE30CC96116184CAB5AD803FFFFFFFFFFFC9FFF00033315624E431EA340AF137E
0CF75123F6E6852A580CC95716183DAB5AD803FFFFFFFFFFFC8FFF00033615624E431EA340AF1396
0CF76023F6EE8529C10CC95F16183AAB6AD903FFFFFFFFFFFC8FFF00033415624E431EA340AF13AE
0CF76423F6E585294A0CC967161838AB6AD903FFFFFFFFFFFC8FFF00032615624E431EA340AF13C6
0CF75023F6C18529130CC95B16182AAB6AD903FFFFFFFFFFFC8FFF00032715624E431EA340AF13DE
0CF75823F6C38528B70CC96216182DAB6ADA03FFFFFFFFFFFC8FFF00032215624E431EA340AF03F6
0CF75E23F6BE8528010CC95E161822AB6ADA03FFFFFFFFFFFC7FFF00031F15624E431EA340AF030E
0CF75B23F6B08527480CC95E161815AB5ADA03FFFFFFFFFFFC7FFF00032A15624E431EA340AF0326
0CF75A23F69A8526D70CC966161811AB4ADA03FFFFFFFFFFFC8FFF00032F15624E431EA340AF033E
0CF75A23F6948526A10CC96116180CAB4ADA03FFFFFFFFFFFC7FFF00032A15624E431EA240AF0356
0CF76423F6988526210CC96716180EAB3ADA03FFFFFFFFFFFC7FFF00031C15624E431EA240AF036E
0CF76E23F6928525680CC969161803AB3ADA03FFFFFFFFFFFC7FFF00032415624F431EA240AF0386
0CF77323F6888524D90CC9711617FDAB4AD903FFFFFFFFFFFC8FFF00031B15624F431EA240AEF39E
0CF76823F66B85249F0CC9731617FAAB4AD903FFFFFFFFFFFC8FFF00031015624F431EA240AEE3B6
0CF77823F6838524560CC984161805AB4ADA03FFFFFFFFFFFC7FFF00031F15624F431EA240AEE3CE
0CF79223F6918523B20CC991161807AB4ADA03FFFFFFFFFFFC7FFF00030C15624F431EA240AEE3E6
0CF79F23F6928523010CC99F161808AB5ADA03FFFFFFFFFFFC7FFF00032115624F431EA240AED3FE
0CF7B623F6AB8522750CC9B8161811AB5ADA03FFFFFFFFFFFC8FFF00032515624F431EA240AEE316
0CF7C323F6AB8522020CC9C5161813AB5ADA03FFFFFFFFFFFC8FFF00032415624F431EA240AED32E
0CF7C323F6A185218F0CC9C916180FAB5AD903FFFFFFFFFFFC7FFF00031715624F431EA240AED346
0CF7BD23F68C8521280CC9C7161808AB5AD903FFFFFFFFFFFC8FFF00031915624F431EA240AEC35E
0CF7DB23F6B68520CE0CC9ED161820AB4AD903FFFFFFFFFFFC7FFF00031615624F431EA140AEC376
0CF7FC23F6D68520540CC9F9161826AB3ADA03FFFFFFFFFFFC7FFF00031815624F431EA140AEC38E
0CF81423F6EE851FAF0CCA0D16182CAB3AD903FFFFFFFFFFFC8FFF00031615624F431EA140AEC3A6
0CF83E23F710851F060CCA3B161844AB3AD903FFFFFFFFFFFC9FFF00032415624F431EA140AEC3BE
0CF84623F70A851E850CCA47161845AB3AD903FFFFFFFFFFFC8FFF000323156250431EA140AEC3D6
0CF84F23F70E851E2B0CCA51161845AB4AD903FFFFFFFFFFFC7FFF000317156250431EA140AEB3EE
0CF86623F727851DC20CCA67161856AB4AD903FFFFFFFFFFFC8FFF00031E156250431EA140AEB306
0CF89423F75A851D3F0CCAB0161884AB5AD903FFFFFFFFFFFC8FFF00031F156250431EA140AEB31E
0CF8DE23F7B3851CCA0CCAD716189CAB5ADA03FFFFFFFFFFFC8FFF000317156250431EA140AEB336
0CF8F323F7C7851C570CCAF11618A8AB5ADA03FFFFFFFFFFFC8FFF000320156250431EA140AEA34E
0CF90C23F7DE851BD80CCB061618B3AB5ADA03FFFFFFFFFFFC7FFF000321156250431EA140AEA366
0CF92323F7F1851B470CCB191618B9AB5ADA03FFFFFFFFFFFC7FFF000324156250431EA140AEA37E
0CF93523F7F7851AA80CCB2C1618BEAB5ADA03FFFFFFFFFFFC6FFF000321156250431EA140AEA396
0CF94723F800851A160CCB451618C8AB6ADA03FFFFFFFFFFFC6FFF00032C156250431EA140AE93AE
0CF94623F7ED8519B70CCB431618BDAB6ADB03FFFFFFFFFFFC8FFF000329156250431EA140AE93C6
0CF93523F7D28519820CCB4E1618C4AB7ADB03FFFFFFFFFFFC8FFF000318156250431EA040AE83DE
0CF94823F7EA8519210CCB491618BDAB7ADB03FFFFFFFFFFFC7FFF00031B156250431EA040AE83F6
0CF96A23F8078518830CCB5E1618C7AB7ADB03FFFFFFFFFFFC8FFF00031D156250431EA040AE830E
0CF99123F8288517D20CCB851618D9AB7ADB03FFFFFFFFFFFC8FFF000324156250431EA040AE8326
0CF9A423F8348517340CCBA01618E6AB7ADB03FFFFFFFFFFFC8FFF000324156251431EA040AE833E
0CF9D723F8738516B70CCBCE1618FEAB7ADB03FFFFFFFFFFFC7FFF00032F156251431EA040AE7356
0CFA2D23F8DB8516540CCC1416192DAB7ADB03FFFFFFFFFFFC6FFF00031E156251431EA040AE736E
0CFA2423F8C98516050CCC4616194FAB7ADB03FFFFFFFFFFFC6FFF000316156251431EA040AE7386
0CFA3423F8DB8515A80CCC5916195DAB7ADB03FFFFFFFFFFFC7FFF000316156251431EA040AE739E
0CFA8E23F94A8515120CCC7816196FAB7ADC03FFFFFFFFFFFC7FFF00031B156251431EA040AE63B6
0CFAA523F95585144F0CCC9816197AAB7ADC03FFFFFFFFFFFC8FFF000328156251431EA040AE63CE
0CFAC223F9708513AC0CCCB9161987AB7ADC03FFFFFFFFFFFC7FFF000329156251431EA040AE63E6
0CFA8323F90D8513590CCCCA16198FAB7ADC03FFFFFFFFFFFC8FFF00032F156251431EA040AE63FE
0CFA9D23F93485131E0CCCD6161993AB7ADD03FFFFFFFFFFFC9FFF000323156251431E9F40AE6316
0CFB0C23F9C28512AD0CCCFC1619B2AB7ADD03FFFFFFFFFFFC9FFF00030F156251431E9F40AE632E
0CFB7C23FA4C85121A0CCD601619F5AB7ADD03FFFFFFFFFFFC9FFF000317156251431E9F40AE5346
0CFBC923FAAF85117F0CCDA6161A22AB8ADD03FFFFFFFFFFFC8FFF000316156251431E9F40AE535E
0CFC0323FAED8510E60CCDF1161A52AB9ADE03FFFFFFFFFFFC8FFF000326156252431E9F40AE5376
0CFC1023FAF48510650CCE02161A56AB9ADE03FFFFFFFFFFFC8FFF000327156252431E9F40AE438E
0CFC1323FAED8510090CCE0B161A55ABAADE03FFFFFFFFFFFC8FFF000324156252431E9F40AE43A6
0CFC1923FAEB850FAB0CCE10161A56ABAADF03FFFFFFFFFFFC7FFF000321156252431E9F40AE43BE
0CFC0623FACB850F2B0CCE01161A48ABBADF03FFFFFFFFFFFC6FFF00031E156252431E9F40AE43D6
0CFC2823FAE3850E8D0CCE13161A4BABBADF03FFFFFFFFFFFC7FFF00031E156252431E9F40AE33EE
0CFC2B23FADC850DF70CCE1B161A48ABBADF03FFFFFFFFFFFC7FFF000314156252431E9F40AE4306
0CFC2823FACF850D8A0CCE1D161A42ABBAE003FFFFFFFFFFFC8FFF000313156252431E9F40AE331E
0CFC2823FAC0850D250CCE1C161A3AABBAE003FFFFFFFFFFFC7FFF000314156252431E9F40AE3336
0CFC2123FAAC850CA40CCE18161A33ABBAE003FFFFFFFFFFFC7FFF00031F156252431E9E40AE234E
0CFC2B23FAA8850C180CCE1B161A2CABBAE003FFFFFFFFFFFC6FFF000317156252431E9E40AE2366
0CFC3023FAA5850B9D0CCE23161A2CABBAE003FFFFFFFFFFFC8FFF00031C156252431E9E40AE237E
0CFC4023FAAF850B2D0CCE34161A34ABBAE003FFFFFFFFFFFC8FFF00030F156252431E9E40AE1396
0CFC6E23FAE1850AA90CCE5C161A4BABCAE003FFFFFFFFFFFC7FFF000312156253431E9E40AE13AE
0CFC9A23FB14850A1E0CCE81161A5DABCAE003FFFFFFFFFFFC7FFF000317156253431E9E40AE23C6
0CFCB123FB288509A50CCEA0161A6EABDADF03FFFFFFFFFFFC8FFF00031A156253431E9E40AE13DE
0CFCC423FB3A85092C0CCEB3161A77ABDAE003FFFFFFFFFFFC7FFF000319156253431E9E40AE13F6
0CFCC923FB318508B10CCEC0161A7AABDAE003FFFFFFFFFFFC8FFF000311156253431E9E40AE030E
0CFCD723FB3C85083B0CCEC5161A76ABDAE003FFFFFFFFFFFC8FFF000313156253431E9E40AE0326
0CFCDE23FB368507BC0CCECE161A79ABDAE0040FFFFFFFFFFC8FFF00030A156253431E9E40AE033E
0CFD0723FB6785072D0CCEEA161A85ABDAE003FFFFFFFFFFFC8FFF000303156253431E9E40AE0356
0CFD3923FB9A8506A70CCF24161AAAABDAE0040FFFFFFFFFFC8FFF000311156253431E9E40ADF36E
0CFD4523FBA18506430CCF37161AAFABDAE0040FFFFFFFFFFC8FFF00030E156253431E9D40AE0386
0CFD4A23FBA28505ED0CCF3C161AAEABDAE0042FFFFFFFFFFC8FFF000304156253431E9D40ADF39E
0CFD5723FBAC85056B0CCF42161AB1ABDAE103FFFFFFFFFFFC7FFF00030D156253431E9D40ADF3B6
0CFD6523FBAE8504BD0CCF4A161AACABEAE103FFFFFFFFFFFC7FFF00030E156253431E9D40ADE3CE
0CFD6A23FBA485041E0CCF59161AABABEAE1040FFFFFFFFFFC8FFF000309156254431E9D40ADE3E6
0CFD7E23FBAE8503AF0CCF6F161AB6ABEAE1040FFFFFFFFFFC8FFF000303156254431E9D40ADE3FE
0CFD9023FBC08503610CCF76161AB5ABEAE103FFFFFFFFFFFC8FFF000313156254431E9D40ADE316
0CFD9F23FBCD8502F90CCF9B161AD2ABDAE103FFFFFFFFFFFC7FFF000305156254431E9D40ADE32E
0CFDE423FC2285026D0CCFD2161AF3ABDAE103FFFFFFFFFFFC7FFF00030C156254431E9D40ADD346
0CFE1523FC568501DE0CCFF8161B07ABCAE003FFFFFFFFFFFC7FFF000305156254431E9D40ADD35E
0CFE2823FC6485015B0CD012161B15ABCAE103FFFFFFFFFFFC8FFF000311156254431E9D40ADD376
0CFE4B23FC848500CC0CD031161B24ABCAE103FFFFFFFFFFFC8FFF00030B156254431E9D40ADC38E
0CFE5C23FC908500450CD043161B2BABDAE1042FFFFFFFFFFC7FFF000314156254431E9D40ADC3A6
0CFE8623FCBD84FFDB0CD071161B46ABDAE1040FFFFFFFFFFC7FFF000311156254431E9D40ADC3BE
0CFEA923FCE384FF860CD090161B56ABDAE1040FFFFFFFFFFC8FFF000302156254431E9C40ADC3D6
0CFEC023FCF984FF0C0CD0A1161B5FABDAE203FFFFFFFFFFFC8FFF000300156254431E9C40ADB3EE
0CFECE23FD0284FE730CD0AE161B64ABEAE203FFFFFFFFFFFC7FFF000307156254431E9C40ADB306
0CFEDC23FD0784FDE00CD0C0161B67ABEAE203FFFFFFFFFFFC7FFF00030E156255431E9C40ADB31E
0CFEF723FD2284FD660CD0E3161B78ABFAE3040FFFFFFFFFFC7FFF000308156255431E9C40ADB336
0CFF0523FD3084FD030CD0EF161B7EABFAE303FFFFFFFFFFFC7FFF00030E156255431E9C40ADB34E
0CFF1523FD3E84FC890CD112161B95ABFAE2042FFFFFFFFFFC7FFF0002F9156255431E9C40ADA366
0CFF7523FDB484FBEA0CD155161BC0ABFAE303FFFFFFFFFFFC7FFF00030B156255431E9C40ADA37E
0CFFA223FDE684FB620CD185161BDAABFAE303FFFFFFFFFFFC7FFF00030C156255431E9C40ADA396
0CFF7A23FD9F84FB140CD183161BD3ABFAE3040FFFFFFFFFFC7FFF00030A156255431E9C40ADA3AE
0CFFA123FDD184FABB0CD184161BD2AC0AE303FFFFFFFFFFFC7FFF000308156255431E9C40AD93C6
0CFFAC23FDD284FA1F0CD18D161BD2AC0AE303FFFFFFFFFFFC7FFF0002FF156255431E9C40AD93DE
0CFFC123FDD984F97B0CD1A3161BD8AC0AE403FFFFFFFFFFFC7FFF00030B156255431E9C40AD93F6
0CFFCA23FDD884F8F70CD1B1161BD7AC0AE403FFFFFFFFFFFC7FFF00030E156255431E9C40AD930E
0CFFD123FDDC84F88F0CD1BA161BD8AC0AE403FFFFFFFFFFFC8FFF00030C156255431E9B40AD8326
0CFFE423FDE984F8260CD1D4161BE8AC0AE4040FFFFFFFFFFC8FFF000307156255431E9B40AD833E
0CFFE823FDE684F7B70CD1EA161BF4ABFAE403FFFFFFFFFFFC7FFF0002FC156255431E9B40AD8356
0D002F23FE4284F7400CD216161C10ABFAE403FFFFFFFFFFFC7FFF000305156255431E9B40AD836E
0D008B23FEAE84F6A30CD264161C43AC0AE4041FFFFFFFFFFC7FFF000303156256431E9B40AD8386
0D009A23FEB184F5F90CD277161C47AC0AE403FFFFFFFFFFFC7FFF00030E156256431E9B40AD739E
0D007823FE7484F58D0CD27E161C44AC1AE403FFFFFFFFFFFC8FFF00030C156256431E9B40AD73B6
0D007E23FE7A84F5520CD27E161C42AC1AE4041FFFFFFFFFFC8FFF0002FF156256431E9B40AD63CE
0D00A323FEA484F4E30CD282161C3FAC1AE403FFFFFFFFFFFC8FFF0002FF156256431E9B40AD73E6
0D00C423FEC284F4470CD298161C48AC1AE503FFFFFFFFFFFC8FFF000303156256431E9B40AD63FE
0D00D223FEBF84F39D0CD2AF161C51AC1AE403FFFFFFFFFFFC6FFF000301156256431E9B40AD6316
0D00DC23FEC084F3030CD2BF161C55AC1AE503FFFFFFFFFFFC7FFF000310156256431E9B40AD632E
0D00FA23FEDD84F2970CD2D6161C5DAC2AE503FFFFFFFFFFFC8FFF00030E156256431E9B40AD5346
0D00D923FEA284F2590CD2F6161C70AC1AE503FFFFFFFFFFFC7FFF000305156256431E9B40AD535E
0D014323FF3784F2090CD31A161C8AAC2AE503FFFFFFFFFFFC7FFF0002F3156256431E9A40AD5376
0D017A23FF7A84F18A0CD375161CCCAC2AE503FFFFFFFFFFFC8FFF0002F9156256431E9A40AD538E
0D01E223FFF784F0D90CD3AE161CEDAC1AE503FFFFFFFFFFFC7FFF0002FA156256431E9A40AD43A6
0D021924002E84F0150CD3EE161D14AC1AE603FFFFFFFFFFFC7FFF000305156257431E9A40AD43BE
0D022824003184EF880CD408161D1DAC1AE6040FFFFFFFFFFC6FFF000312156257431E9A40AD43D6
0D01FD23FFE684EF3D0CD40B161D1AAC2AE6042FFFFFFFFFFC8FFF00030B156257431E9A40AD43EE
0D022124001E84EEF20CD42A161D2CAC2AE6041FFFFFFFFFFC7FFF000301156257431E9A40AD4306
0D024624004884EE8F0CD443161D3EAC3AE7041FFFFFFFFFFC7FFF0002F0156257431E9A40AD331E
0D02A32400BB84EE190CD481161D68AC3AE7041FFFFFFFFFFC7FFF0002F7156257431E9A40AD3336
0D02D02400E184ED7B0CD497161D71AC2AE7040FFFFFFFFFFC7FFF0002F7156257431E9A40AD334E
0D02FA24010984ECC50CD4CA161D8EAC3AE7040FFFFFFFFFFC7FFF000304156257431E9A40AD2366
0D031924012C84EC2C0CD4F1161DA2AC3AE7040FFFFFFFFFFC8FFF00030C156257431E9A40AD237E
0D02E62400D584EBC90CD4F5161D9DAC3AE8042FFFFFFFFFFC8FFF000309156257431E9A40AD2396
0D02F02400E484EB8D0CD51E161DB9AC3AE8041FFFFFFFFFFC9FFF0002FF156257431E9940AD13AE
0D035024016084EB2B0CD54B161DDAAC4AE8042FFFFFFFFFFC8FFF0002EC156257431E9940AD23C6
0D03B82401EC84EAA00CD589161E05AC4AE8040FFFFFFFFFFC7FFF0002F6156257431E9940AD13DE
0D042724026F84E9F90CD5F1161E48AC4AE903FFFFFFFFFFFC8FFF0002F5156257431E9940AD13F6
0D044B24029884E9590CD61E161E63AC4AE903FFFFFFFFFFFC7FFF000305156258431E9940AD130E
0D048B2402E484E8EA0CD66C161E95AC4AE903FFFFFFFFFFFC8FFF000306156258431E9940AD0326
0D04B924032284E89A0CD695161EAFAC5AE903FFFFFFFFFFFC8FFF0002EF156258431E9940AD033E
0D04D024033784E8240CD695161EB0AC6AEA03FFFFFFFFFFFC7FFF0002FC156258431E9940AD0356
0D055B2403F184E7940CD70B161F03AC7AEA03FFFFFFFFFFFC7FFF0002F8156258431E9940AD036E
0D058224041984E7050CD74C161F2BAC8AEB03FFFFFFFFFFFC7FFF0002F7156258431E9940AD0386
0D058224040C84E6930CD756161F2AAC8AEB03FFFFFFFFFFFC8FFF0002F1156258431E9940AD039E
0D058924040E84E6310CD75D161F29AC9AEB03FFFFFFFFFFFC8FFF0002FA156258431E9940ACF3B6
0D059124041584E5B90CD76B161F31AC9AEC03FFFFFFFFFFFC7FFF0002FA156258431E9940ACF3CE
0D06022404A684E5180CD7C2161F6FACAAEC03FFFFFFFFFFFC7FFF0002F5156258431E9940ACE3E6
0D066824051E84E4710CD832161FB7ACAAEC040FFFFFFFFFFC8FFF0002FD156258431E9940ACE3FE
0D067224051984E4060CD85F161FD2ACAAED041FFFFFFFFFFC6FFF0002F2156258431E9840ACE316
0D060124048A84E3D60CD844161FB9ACAAED040FFFFFFFFFFC6FFF0002ED156258431E9840ACE32E
0D069624053F84E36D0CD86F161FD9ACAAED040FFFFFFFFFFC7FFF0002F3156258431E9840ACD346
0D06D424058984E2BA0CD890161FEBACAAEE040FFFFFFFFFFC6FFF0002F5156259431E9840ACD35E
0D06E624058F84E2040CD8AE161FF5ACAAEE042FFFFFFFFFFC6FFF0002EE156259431E9840ACD376
0D06D024055F84E1920CD8B4161FF2ACBAEF03FFFFFFFFFFFC7FFF0002F8156259431E9840ACC38E
0D06BE24054684E14B0CD8BE161FF5ACCAEF03FFFFFFFFFFFC7FFF0002F1156259431E9840ACC3A6
0D06FD24059184E0D50CD8D2162000ACCAEF040FFFFFFFFFFC7FFF0002F8156259431E9840ACC3BE
0D071F2405B784E0490CD8E6162009ACCAEF041FFFFFFFFFFC7FFF0002EE156259431E9840ACC3D6
0D07432405D984DFC40CD90C162020ACBAEF043FFFFFFFFFFC8FFF0002E2156259431E9840ACC3EE
0D077E24062084DF4E0CD95316204DACCAEF03FFFFFFFFFFFC8FFF0002F2156259431E9840ACB306
0D07A624064D84DEE20CD976162061ACCAEF03FFFFFFFFFFFC7FFF0002F3156259431E9840ACB31E
0D07B824065D84DE570CD983162067ACCAEF03FFFFFFFFFFFC6FFF0002F9156259431E9840ACB336
0D07D824067484DDB40CD99F162074ACDAF003FFFFFFFFFFFC8FFF0002F6156259431E9840ACB34E
0D080024069B84DD320CD9D7162094ACEAF003FFFFFFFFFFFC8FFF0002FE156259431E9840ACA366
0D07D824066D84DCE90CD9ED16209FACEAF003FFFFFFFFFFFC8FFF0002EE156259431E9740ACA37E
0D082D2406C884DC840CD9FB1620A7ACDAF0040FFFFFFFFFFC6FFF0002EC156259431E9740ACA396
0D08372406CF84DBFC0CDA031620A8ACDAF103FFFFFFFFFFFC7FFF0002EC15625A431E9740ACA3AE
0D088624073384DB710CDA441620D3ACDAF103FFFFFFFFFFFC8FFF0002E015625A431E9740ACA3C6
0D08B424076084DAE10CDA751620EFACEAF1041FFFFFFFFFFC7FFF0002F815625A431E9740AC93DE
0D08D824078684DA480CDA9E162106ACFAF1045FFFFFFFFFFC7FFF0002FC15625A431E9740AC93F6
0D08F224079984D9C70CDAB7162111ACFAF1042FFFFFFFFFFC7FFF0002F915625A431E9740AC930E
0D08FC2407A584D9750CDACE16211DAD0AF103FFFFFFFFFFFC8FFF0002EA15625A431E9740AC9326
0D093F2407EE84D9190CDAFD16213CAD0AF2040FFFFFFFFFFC8FFF0002ED15625A431E9740AC833E
0D095C24081684D8910CDB33162161ACFAF3044FFFFFFFFFFC8FFF0002E615625A431E9740AC8356
0D09AB24087084D80D0CDB68162180ACFAF2041FFFFFFFFFFC7FFF0002F115625A431E9740AC836E
0D09D024089584D7810CDB88162195ACFAF203FFFFFFFFFFFC7FFF0002F415625A431E9640AC8386
0D0A132408E784D6D30CDBCD1621C0ACFAF203FFFFFFFFFFFC7FFF0002F715625A431E9740AC739E
0D0A6924094784D6450CDC291621FCACFAF3043FFFFFFFFFFC7FFF0002E515625A431E9740AC73B6
0D0A102408C284D60F0CDBE31621C7ACFAF3041FFFFFFFFFFC7FFF0002F115625A431E9640AC73CE
0D0A4924091A84D5D60CDC2D1621F9AD0AF4042FFFFFFFFFFC7FFF0002EB15625B431E9640AC63E6
0D0A8024094D84D5380CDC381621FBAD0AF403FFFFFFFFFFFC7FFF0002ED15625B431E9640AC63FE
0D0B12240A0B84D4720CDCC116225CAD0AF5042FFFFFFFFFFC7FFF0002EA15625B431E9640AC6316
0D0B58240A5784D3E50CDD19162290AD0AF5040FFFFFFFFFFC7FFF0002F615625B431E9640AC632E
0D0AAD24096184D3A10CDD07162281AD0AF503FFFFFFFFFFFC6FFF0002F415625B431E9640AC6346
0D0B61240A5884D3310CDD24162292AD1AF503FFFFFFFFFFFC7FFF0002E715625B431E9640AC535E
0D0B80240A7284D28C0CDD32162298AD2AF603FFFFFFFFFFFC7FFF0002EF15625B431E9640AC5376
0D0B9F240A8784D1FF0CDD551622A6AD2AF603FFFFFFFFFFFC7FFF0002E715625B431E9640AC538E
0D0BB3240A9A84D19C0CDD6D1622B3AD3AF603FFFFFFFFFFFC8FFF0002F015625B431E9640AC43A6
0D0BFE240AF584D1270CDDD11622FDAD3AF603FFFFFFFFFFFC7FFF0002F115625B431E9640AC43BE
0D0C3E240B4C84D0A40CDE12162328AD3AF603FFFFFFFFFFFC7FFF0002F215625B431E9640AC43D6
0D0C8E240BA884D02A0CDE44162347AD3AF603FFFFFFFFFFFC7FFF0002EC15625C431E9640AC43EE
0D0C9A240BB084CFAE0CDE5316234CAD2AF603FFFFFFFFFFFC7FFF0002EF15625C431E9540AC3306
0D0CD1240BED84CF2C0CDE8A162371AD3AF7042FFFFFFFFFFC7FFF0002E715625C431E9540AC331E
0D0D3D240C7B84CEA40CDEED1623B5AD3AF703FFFFFFFFFFFC8FFF0002E815625C431E9540AC3336
0D0D59240C9484CE140CDF0A1623C1AD3AF703FFFFFFFFFFFC7FFF0002F415625C431E9540AC234E
0D0D8B240CCE84CDA20CDF3E1623E2AD3AF803FFFFFFFFFFFC6FFF0002F415625C431E9540AC2366
0D0DB5240D0184CD4A0CDF671623FBAD4AF803FFFFFFFFFFFC9FFF0002E715625C431E9540AC237E
0D0DCC240D1484CCC60CDF8F162419AD5AF9040FFFFFFFFFFC9FFF0002EF15625C431E9540AC2396
0D0E1F240D7684CC2D0CDFC7162439AD5AF903FFFFFFFFFFFC7FFF0002E815625C431E9540AC23AE
0D0E29240D7C84CBB80CDFE5162447AD6AF903FFFFFFFFFFFC7FFF0002F115625C431E9540AC13C6
0D0E3D240D8C84CB510CDFF116244BAD6AF903FFFFFFFFFFFC7FFF0002F115625C431E9540AC13DE
0D0E2B240D6A84CAC10CDFE716243EAD7AFA03FFFFFFFFFFFC7FFF0002E915625D431E9540AC13F6
0D0E42240D7784CA260CDFF116243DAD8AFA03FFFFFFFFFFFC8FFF0002F315625D431E9540AC030E
0D0E43240D6D84C9B70CDFF7162438AD9AFA03FFFFFFFFFFFC8FFF0002EA15625D431E9540AC0326
0D0E40240D5D84C9590CDFF6162432AD8AFA041FFFFFFFFFFC8FFF0002E715625D431E9540AC033E
0D0E38240D4B84C8E50CDFEF16242AAD8AFA03FFFFFFFFFFFC8FFF0002ED15625D431E9440AC0356
0D0E5E240D7884C8630CE016162440AD7AFB042FFFFFFFFFFC7FFF0002ED15625D431E9440AC036E
0D0EB4240DDD84C7D50CE060162473AD8AFB041FFFFFFFFFFC7FFF0002E815625D431E9440AC0386
0D0F2E240E7C84C74A0CE0EA1624D4AD8AFB041FFFFFFFFFFC6FFF0002F015625D431E9440AC039E
0D0FB1240F2A84C6D50CE16A16252FAD8AFB040FFFFFFFFFFC6FFF0002F215625D431E9440AC03B6
0D0FDE240F5E84C6520CE1A5162557AD8AFB040FFFFFFFFFFC8FFF0002EB15625D431E9440ABE3CE
0D1037240FD184C5C40CE1C4162567AD8AFB043FFFFFFFFFFC8FFF0002F115625E431E9440ABE3E6
0D104E240FE684C5650CE204162591AD8AFC042FFFFFFFFFFC6FFF0002EB15625E431E9440ABE3FE
0D1065240FFC84C5100CE21616259AAD9AFC03FFFFFFFFFFFC6FFF0002E915625E431E9440ABE316
0D106E240FFB84C47F0CE218162598ADAAFD03FFFFFFFFFFFC8FFF0002E315625E431E9440ABE32E
0D10D824108984C3DF0CE26A1625D1ADAAFD040FFFFFFFFFFC7FFF0002F015625E431E9440ABD346
0D117D24116184C35C0CE32E16265CADAAFD045FFFFFFFFFFC7FFF0002F315625E431E9440ABD35E
0D11C72411BB84C2ED0CE37A16268FADAAFE041FFFFFFFFFFC8FFF0002F215625E431E9440ABD376
0D11C72411AD84C26D0CE373162684ADBAFE041FFFFFFFFFFC7FFF0002EF15625E431E9440ABC38E
0D122924122D84C1EB0CE3C81626BEADCAFE041FFFFFFFFFFC7FFF0002EE15625E431E9340ABC3A6
0D124D24125584C1850CE3FD1626DFADCAFF041FFFFFFFFFFC7FFF0002E315625E431E9340ABC3BE
0D125C24125E84C1160CE4061626E1ADCAFF041FFFFFFFFFFC7FFF0002E015625E431E9340ABC3D6
0D12A42412B884C08A0CE43C162709ADDB00042FFFFFFFFFFC8FFF0002E915625E431E9340ABC3EE
0D134624139384C0090CE4F9162795ADEB00041FFFFFFFFFFC8FFF0002E515625E431E9340ABC306
0D13EF24147384BF900CE5901627FFADEB00040FFFFFFFFFFC7FFF0002F015625F431E9340ABB31E
0D14262414B384BEF90CE5B7162815ADFB01041FFFFFFFFFFC7FFF0002F115625F431E9340ABB336
0D142E2414B184BE630CE5C1162815ADFB0103FFFFFFFFFFFC7FFF0002EF15625F431E9340ABA34E
0D142824149E84BDF80CE5D0162818AE0B02041FFFFFFFFFFC8FFF0002E315625F431E9340ABA366
0D141C24148E84BDB30CE5D2162815AE1B0203FFFFFFFFFFFC7FFF0002E815625F431E9340ABA37E
0D142824148F84BD560CE5CD16280FAE3B0303FFFFFFFFFFFC6FFF0002E415625F431E9340ABA396
0D14582414D584BCC50CE5EB162825AE3B04041FFFFFFFFFFC6FFF0002DD15625F431E9340ABA3AE
0D157624164F84BC010CE6FC1628E9AE3B04041FFFFFFFFFFC7FFF0002EF15625F431E9340ABA3C6
0D15F42416EA84BB4F0CE788162948AE3B0403FFFFFFFFFFFC8FFF0002F815625F431E9340AB93DE
0D15252415BA84BAED0CE7A1162959AE2B04041FFFFFFFFFFC8FFF0002F715625F431E9340AB93F6
0D155D24161284BAC80CE7DE162984AE2B0503FFFFFFFFFFFC6FFF0002EB15625F431E9240AB930E
0D164F24175384BA740CE80A1629A3AE3B06041FFFFFFFFFFC8FFF0002D915625F431E9240AB9326
0D167924178C84B9D60CE8111629A2AE3B0603FFFFFFFFFFFC7FFF0002DA156260431E9240AB833E
0D169F2417AA84B91C0CE82B1629ABAE3B0603FFFFFFFFFFFC6FFF0002E9156260431E9240AB8356
0D16B62417BF84B88C0CE84F1629BBAE4B0703FFFFFFFFFFFC6FFF0002F1156260431E9240AB736E
0D16CD2417D484B8340CE8651629C5AE5B0703FFFFFFFFFFFC7FFF0002F4156260431E9240AB8386
0D16FB24180A84B7C30CE88B1629E1AE5B0703FFFFFFFFFFFC6FFF0002F1156260431E9240AB739E
0D17862418D584B72C0CE8FD162A36AE6B0803FFFFFFFFFFFC6FFF0002EC156260431E9240AB73B6
0D1874241A0584B6B70CEA0B162AF8AE6B0803FFFFFFFFFFFC8FFF0002DD156260431E9240AB63CE
0D188A241A2F84B6690CEA30162B10AE7B0803FFFFFFFFFFFC8FFF0002E3156260431E9240AB63E6
0D18A8241A4284B5F60CEA3C162B18AE8B08040FFFFFFFFFFC7FFF0002DC156260431E9240AB63FE
0D18D0241A7584B5560CEA47162B1AAE9B0903FFFFFFFFFFFC6FFF0002E2156260431E9240AB6316
0D18EB241A8A84B4A30CEA73162B31AE9B09042FFFFFFFFFFC7FFF0002F2156260431E9240AB632E
0D18FB241A9184B4160CEA8F162B3BAE9B0A03FFFFFFFFFFFC7FFF0002F4156261431E9240AB6346
0D18ED241A7A84B3C50CEA9B162B40AE9B0A046FFFFFFFFFFC7FFF0002E6156261431E9140AB535E
0D191F241AB384B36E0CEAAB162B47AE9B0B042FFFFFFFFFFC7FFF0002E1156261431E9140AB5376
0D1921241AAC84B2F90CEABF162B56AE9B0B03FFFFFFFFFFFC6FFF0002DA156261431E9140AB438E
0D1982241B2684B2710CEB01162B82AE9B0B03FFFFFFFFFFFC7FFF0002E4156261431E9140AB43A6
0D19C2241B7084B1DC0CEB44162BADAE9B0B03FFFFFFFFFFFC7FFF0002E2156261431E9140AB43BE
0D1A0D241BD384B1520CEB99162BE7AEAB0C03FFFFFFFFFFFC6FFF0002EC156261431E9140AB43D6
0D1A38241C0084B0CD0CEBC1162BFDAEBB0C03FFFFFFFFFFFC7FFF0002E5156261431E9140AB33EE
0D1A8C241C7084B04B0CEC29162C47AEBB0C03FFFFFFFFFFFC7FFF0002EC156261431E9140AB4306
0D1B0C241D1384AFE20CEC9C162C94AEBB0C03FFFFFFFFFFFC6FFF0002E3156261431E9140AB331E
0D1B40241D5584AF880CECC1162CADAECB0D040FFFFFFFFFFC8FFF0002DC156261431E9140AB3336
0D1B6B241D8584AF0E0CED10162CE8AECB0E040FFFFFFFFFFC7FFF0002D1156261431E9040AB234E
0D1C04241E5284AE730CED6F162D2AAEDB0E03FFFFFFFFFFFC7FFF0002E7156262431E9040AB3366
0D1C82241EF584ADD90CEDFD162D8EAEDB0E040FFFFFFFFFFC8FFF0002DB156262431E9040AB237E
0D1D09241FAB84AD600CEE8C162DF1AEDB0F040FFFFFFFFFFC8FFF0002EE156262431E9040AB1396
0D1D6224202284ACFD0CEEDE162E2FAEEB0F041FFFFFFFFFFC8FFF0002EB156262431E9040AB23AE
0D1D5924200C84AC8C0CEF0B162E49AEEB10042FFFFFFFFFFC8FFF0002DD156262431E9040AB13C6
0D1DCD2420AB84AC000CEF1E162E56AEFB1003FFFFFFFFFFFC7FFF0002DC156262431E9040AB13DE
0D1E162420F884AB780CEF8B162EA2AF0B1003FFFFFFFFFFFC7FFF0002E8156262431E9040AB13F6
0D1E5D24215A84AB050CEFE6162EE1AF0B11041FFFFFFFFFFC7FFF0002EB156262431E9040AB130E
0D1EA02421AD84AA8F0CF01D162F07AF1B12045FFFFFFFFFFC7FFF0002E4156262431E9040AB0326
0D1EED24221384AA040CF05C162F30AF2B13045FFFFFFFFFFC7FFF0002EC156262431E9040AB033E
0D1F9D24230084A9870CF120162FC0AF2B13044FFFFFFFFFFC6FFF0002E9156262431E9040AB0356
0D200924238884A9170CF181163002AF2B13042FFFFFFFFFFC6FFF0002DE156262431E8F40AB036E
0D200024236F84A8900CF179162FF9AF2B1403FFFFFFFFFFFC6FFF0002E7156263431E8F40AB0386
0D200924237684A80F0CF177162FEFAF3B15041FFFFFFFFFFC7FFF0002E7156263431E8F40AAF39E
0D200A24236984A79C0CF180162FF2AF4B15041FFFFFFFFFFC8FFF0002E4156263431E8F40AAE3B6
0D201124236C84A7140CF186162FEFAF5B16041FFFFFFFFFFC8FFF0002E3156263431E8F40AAF3CE
0D203A24239984A6940CF1B316300AAF5B16041FFFFFFFFFFC8FFF0002EC156263431E8F40AAE3E6
0D20722423DD84A6290CF1EA16302CAF6B16041FFFFFFFFFFC8FFF0002E7156263431E8F40AAE3FE
0D20782423D784A5AA0CF1EE16302AAF6B17042FFFFFFFFFFC8FFF0002E2156263431E8F40AAE316
0D207B2423CF84A5180CF1ED163022AF6B17041FFFFFFFFFFC8FFF0002D6156263431E8F40AAE32E
0D20782423B584A4900CF1EF16301AAF7B17040FFFFFFFFFFC8FFF0002EA156263431E8F40AAD346
0D20822423BC84A4300CF1FC16301CAF8B1803FFFFFFFFFFFC8FFF0002EB156263431E8F40AAD35E
0D20942423CE84A3CE0CF20A163025AF7B1803FFFFFFFFFFFC8FFF0002EB156263431E8F40AAD376
0D20B02423E884A33A0CF21E163030AF6B1803FFFFFFFFFFFC7FFF0002EB156263431E8E40AAC38E
0D20C62423EE84A2920CF236163036AF6B1703FFFFFFFFFFFC7FFF0002EB156264431E8E40AAC3A6
0D20B12423C484A20D0CF22716301FAF6B1803FFFFFFFFFFFC7FFF0002EB156264431E8E40AAC3BE
0D20B32423BD84A1B90CF22E16301EAF6B18041FFFFFFFFFFC8FFF0002EA156264431E8E40AAC3D6
0D20BE2423C784A15C0CF235163020AF6B18040FFFFFFFFFFC8FFF0002D9156264431E8E40AAB3EE
0D20E32423F184A0D20CF259163038AF7B1803FFFFFFFFFFFC8FFF0002E4156264431E8E40AAB306
0D21722424A984A03A0CF2C9163088AF7B18041FFFFFFFFFFC8FFF0002E8156264431E8E40AAB31E
0D21EE24254D849FAF0CF3631630F6AF7B18040FFFFFFFFFFC7FFF0002EB156264431E8E40AAB336
0D22C5242669849F2E0CF435163190AF7B1803FFFFFFFFFFFC6FFF0002EC156264431E8E40AAB34E
0D231B2426DA849EB80CF4A01631D9AF7B18042FFFFFFFFFFC6FFF0002EB156264431E8E40AAA366
0D2344242711849E540CF4B61631E7AF8B18045FFFFFFFFFFC7FFF0002E1156264431E8E40AAA37E
0D237D242752849DDD0CF4F4163211AF8B19041FFFFFFFFFFC7FFF0002E7156264431E8D40AAA396
0D23B324278F849D4D0CF50D16321EAFAB19040FFFFFFFFFFC7FFF0002DF156264431E8D40AA93AE
0D241924281A849CBD0CF57F16326EAFAB1A03FFFFFFFFFFFC8FFF0002E9156265431E8D40AAA3C6
0D247F242897849C470CF5E91632B6AFBB1B03FFFFFFFFFFFC8FFF0002DA156265431E8D40AA93DE
0D24C02428EB849BE20CF62F1632E6AFBB1C03FFFFFFFFFFFC7FFF0002E9156265431E8D40AA93F6
0D24F8242931849B710CF69016332FAFCB1C03FFFFFFFFFFFC7FFF0002DE156265431E8D40AA830E
0D25772429D3849ADF0CF6C316334FAFDB1D03FFFFFFFFFFFC8FFF0002E8156265431E8D40AA8326
0D25C8242A38849A410CF715163385AFDB1D040FFFFFFFFFFC8FFF0002E3156265431E8D40AA833E
0D25F1242A708499BD0CF75B1633B2AFDB1D041FFFFFFFFFFC8FFF0002EB156265431E8D40AA8356
0D2632242AC18499550CF7991633D9AFEB1D040FFFFFFFFFFC7FFF0002EB156265431E8D40AA836E
0D262C242AB78498F60CF7A61633DFAFEB1E041FFFFFFFFFFC6FFF0002E0156265431E8D40AA7386
0D264C242ADF84988B0CF7AF1633E5AFEB1E041FFFFFFFFFFC8FFF0002E1156265431E8D40AA739E
0D266B242B008497FE0CF7C21633EDAFFB1F03FFFFFFFFFFFC8FFF0002E1156265431E8C40AA73B6
0D26C8242B7884975F0CF81D16342AAFFB1F03FFFFFFFFFFFC8FFF0002DF156265431E8C40AA63CE
0D2716242BD88496D30CF873163464B00B2003FFFFFFFFFFFC7FFF0002EB156266431E8C40AA63E6
0D2761242C3B84965A0CF8C2163496AFFB20040FFFFFFFFFFC7FFF0002ED156266431E8C40AA63FE
0D27C8242CD18495EE0CF93A1634EEAFFB20041FFFFFFFFFFC8FFF0002E9156266431E8C40AA6316
0D2827242D458495840CF9C016354FB00B20040FFFFFFFFFFC8FFF0002E5156266431E8C40AA532E
0D28AF242DFE84950E0CFA1216358BB00B2103FFFFFFFFFFFC8FFF0002D9156266431E8C40AA5346
0D293F242EBC8494870CFA911635EAB00B2103FFFFFFFFFFFC8FFF0002E0156266431E8C40AA535E
0D29E4242F928493F30CFB3716365CB00B21041FFFFFFFFFFC8FFF0002DC156266431E8C40AA4376
0D2A0E242FBE8493570CFB5F163675B01B22041FFFFFFFFFFC8FFF0002E2156266431E8C40AA438E
0D2A6324302E8492E50CFBBB1636B2B02B22041FFFFFFFFFFC8FFF0002EB156266431E8C40AA43A6
0D2A6024306E84929B0CFBC61636B6B03B23041FFFFFFFFFFC8FFF0002E5156266431E8C40AA43BE
0D2A6624302A8492340CFBCF1636BBB03B24041FFFFFFFFFFC8FFF0002D7156266431E8C40AA43D6
0D2A7024303284919A0CFBC21636ABB03B24041FFFFFFFFFFC8FFF0002E0156267431E8B40AA33EE
0D2A8624303B8490EE0CFBD11636ACB04B2503FFFFFFFFFFFC8FFF0002C7156267431E8B40AA4306
0D2A8A2430338490630CFBDD1636AAB04B2603FFFFFFFFFFFC8FFF0002E2156267431E8B40AA331E
0D2A8A2430238490050CFBDD1636A4B04B2603FFFFFFFFFFFC8FFF0002E8156267431E8B40AA2336
0D2A8B243020848FA30CFBDF1636A5B05B26041FFFFFFFFFFC8FFF0002E2156267431E8B40AA234E
0D2AA324303B848F260CFC0E1636C3B05B26042FFFFFFFFFFC7FFF0002D6156267431E8B40AA2366
0D2B55243120848E960CFC92163721B06B2603FFFFFFFFFFFC6FFF0002E1156267431E8B40AA237E
0D2B7E243149848E030CFCC7163740B06B26040FFFFFFFFFFC6FFF0002E7156267431E8B40AA1396
0D2B8B243153848D760CFCDE163749B06B26042FFFFFFFFFFC6FFF0002EB156267431E8B40AA13AE
0D2BA3243163848CFF0CFCF4163753B06B2603FFFFFFFFFFFC7FFF0002E7156267431E8B40AA13C6
0D2BB1243174848C930CFD0916375CB06B27041FFFFFFFFFFC7FFF0002DD156267431E8B40AA13DE
0D2BB8243181848C100CFD1B163765B06B27041FFFFFFFFFFC8FFF0002E0156267431E8B40AA13F6
0D2BE02431A2848B840CFD2C16376AB06B2803FFFFFFFFFFFC7FFF0002E3156268431E8B40AA030E
0D2BE62431A7848B0D0CFD3916376FB06B28041FFFFFFFFFFC6FFF0002DD156268431E8A40AA0326
0D2C55243235848AA00CFDB31637C5B06B28041FFFFFFFFFFC6FFF0002E6156268431E8A40AA033E
0D2CCF2432D9848A1B0CFE30163822B06B29040FFFFFFFFFFC7FFF0002E7156268431E8A40AA0356
0D2D7E2433B484897C0CFEAD163878B06B2803FFFFFFFFFFFC8FFF0002E1156268431E8A40AA036E
0D2DB82433F58488EF0CFF011638AFB07B28040FFFFFFFFFFC6FFF0002E9156268431E8A40AA0386
0D2DE92434348488890CFF391638D2B08B2903FFFFFFFFFFFC7FFF0002E4156268431E8A40A9F39E
0D2E0324345084881A0CFF601638ECB09B2903FFFFFFFFFFFC8FFF0002D8156268431E8A40A9F3B6
0D2E232434788487970CFF6F1638F3B0AB2A03FFFFFFFFFFFC7FFF0002D8156268431E8A40A9E3CE
0D2E5E2434B98487170CFFA6163918B0AB2A03FFFFFFFFFFFC7FFF0002E4156268431E8A40A9E3E6
0D2EDD24356584869E0D003216397CB0AB2A03FFFFFFFFFFFC7FFF0002E7156268431E8A40A9E3FE
0D2F472435EE8486170D00851639B5B0AB2A03FFFFFFFFFFFC7FFF0002DF156268431E8A40A9E316
0D2F8924363784857F0D00BD1639D7B0BB2B03FFFFFFFFFFFC8FFF0002E8156269431E8A40A9D32E
0D2FAD2436618484F00D00EF1639F4B0CB2B043FFFFFFFFFFC7FFF0002DE156269431E8A40A9D346
0D2FC324368184849D0D013C163A24B0CB2C040FFFFFFFFFFC8FFF0002E1156269431E8940A9D35E
0D30F224383084844D0D0213163AD2B0DB2D03FFFFFFFFFFFC8FFF0002D6156269431E8940A9C376
0D31562438A68483C60D02B3163B46B0DB2D03FFFFFFFFFFFC8FFF0002E0156269431E8940A9C38E
0D323B2439D384831D0D0348163BAFB0DB2D040FFFFFFFFFFC8FFF0002DC156269431E8940A9C3A6
0D326F243A0E8482830D03A1163BE7B0DB2D040FFFFFFFFFFC7FFF0002E7156269431E8940A9C3BE
0D3285243A2B8482230D03C5163BFBB0EB2E041FFFFFFFFFFC7FFF0002D6156269431E8940A9B3D6
0D329D243A448481CF0D03DB163C0BB0FB2F041FFFFFFFFFFC8FFF0002E5156269431E8940A9B3EE
0D3296243A2F8481410D03C6163BF8B10B30041FFFFFFFFFFC9FFF0002E3156269431E8940A9B306
0D32EB243A978480980D0416163C2CB10B31041FFFFFFFFFFC8FFF0002E3156269431E8940A9B31E
0D32FE243AA58480200D0445163C44B11B31041FFFFFFFFFFC7FFF0002D8156269431E8940A9A336
0D32CA243A5B847FE10D0446163C41B12B32041FFFFFFFFFFC7FFF0002DB156269431E8940A9A34E
0D3315243AB4847F730D044C163C44B12B32042FFFFFFFFFFC7FFF0002E1156269431E8940A9A366
0D3349243AF7847ECF0D046E163C59B12B32041FFFFFFFFFFC7FFF0002E415626A431E8940A9A37E
0D33C3243B9C847E250D04FA163CBDB13B3203FFFFFFFFFFFC6FFF0002DF15626A431E8940A99396
0D3558243DCD847D9C0D06AC163DFEB13B32040FFFFFFFFFFC7FFF0002EA15626A431E8840A993AE
0D35D6243E79847D3B0D071D163E4CB12B32041FFFFFFFFFFC8FFF0002E915626A431E8840A993C6
0D3600243E96847CD60D0726163E4CB13B3303FFFFFFFFFFFC7FFF0002D315626A431E8840A993DE
0D3572243DDA847C730D0694163DE2B14B3303FFFFFFFFFFFC6FFF0002DF15626A431E8840A983F6
0D35EB243E82847C080D0737163E59B15B3403FFFFFFFFFFFC6FFF0002DE15626A431E8840A9830E
0D3636243F8D847B6C0D074C163E5FB16B3503FFFFFFFFFFFC7FFF0002E315626A431E8840A98326
0D3643243F3A847AB10D0766163E6AB16B3503FFFFFFFFFFFC7FFF0002E215626A431E8840A9833E
0D3655243F16847A1E0D078E163E7DB16B3603FFFFFFFFFFFC7FFF0002EF15626A431E8840A98356
0D35F2243E6E8479DE0D07A4163E89B17B37040FFFFFFFFFFC8FFF0002EA15626A431E8840A9836E
0D3615243EAC8479A80D07A1163E89B17B37041FFFFFFFFFFC9FFF0002DE15626A431E8840A97386
0D36D3243F968479220D07FD163EC8B17B3803FFFFFFFFFFFC9FFF0002D315626B431E8740A9639E
0D371D243FED8478650D082F163EE6B17B3803FFFFFFFFFFFC8FFF0002E015626B431E8740A963B6
0D37962440888477B80D08CA163F52B17B38040FFFFFFFFFFC8FFF0002EA15626B431E8840A963CE
0D37A424409A8477500D0952163FAEB18B38041FFFFFFFFFFC8FFF0002E715626B431E8840A963E6
0D385124418E8476FB0D0983163FD5B18B38040FFFFFFFFFFC7FFF0002E915626B431E8740A953FE
0D385924417F8476890D097A163FC6B18B3803FFFFFFFFFFFC7FFF0002DE15626B431E8740A95316
0D38E524423F8476110D09FE164029B19B3903FFFFFFFFFFFC7FFF0002D115626B431E8740A9432E
0D39322442A08475920D0A50164064B19B3903FFFFFFFFFFFC7FFF0002DD15626B431E8740A94346
0D39C224435F84750D0D0ADB1640C8B1AB3903FFFFFFFFFFFC7FFF0002DC15626B431E8740A9435E
0D3A352443F084747A0D0B48164111B1BB3A03FFFFFFFFFFFC7FFF0002E815626B431E8740A94376
0D3A3A2443E68473F30D0B52164111B1CB3A03FFFFFFFFFFFC9FFF0002EA15626B431E8740A9438E
0D3A5324440484737E0D0B75164125B1CB3B043FFFFFFFFFFC8FFF0002E615626B431E8740A943A6
0D3A792444348473080D0BB2164150B1CB3B03FFFFFFFFFFFC8FFF0002D015626B431E8740A943BE
0D3A9924445884729B0D0BDF16416AB1DB3C03FFFFFFFFFFFC8FFF0002DC15626C431E8740A943D6
0D3AD92444AC8472380D0BFA16417BB1EB3D03FFFFFFFFFFFC7FFF0002DA15626C431E8640A933EE
0D3AF62444CA8471BE0D0C0F164187B1DB3D03FFFFFFFFFFFC7FFF0002DD15626C431E8640A93306
0D3B0D2444DE84711E0D0C2016418CB1EB3D03FFFFFFFFFFFC8FFF0002D215626C431E8640A9231E
0D3B3324450784707B0D0C4B1641A2B1FB3E040FFFFFFFFFFC7FFF0002EA15626C431E8640A92336
0D3B3F24450F846FFD0D0C5A1641A6B1EB3E03FFFFFFFFFFFC7FFF0002EA15626C431E8640A9234E
0D3B69244544846F8E0D0C8C1641C5B1FB3E043FFFFFFFFFFC7FFF0002DC15626C431E8640A92366
0D3B99244580846F2D0D0CBE1641E7B20B3E043FFFFFFFFFFC7FFF0002D415626C431E8640A9237E
0D3BF924461D846EC50D0D2D16423CB20B3E040FFFFFFFFFFC6FFF0002D815626C431E8640A91396
0D3CB324477D846E480D0DC81642AAB21B3E040FFFFFFFFFFC6FFF0002DA15626C431E8640A913AE
0D3D1024481E846DC00D0E1A1642E1B20B3E042FFFFFFFFFFC7FFF0002D615626C431E8640A913C6
0D3D2B244844846D270D0E331642EBB21B3F043FFFFFFFFFFC9FFF0002E515626C431E8640A903DE
0D3D2C244843846C930D0E3C1642EAB21B3F042FFFFFFFFFFC7FFF0002DF15626C431E8640A903F6
0D3D3524484C846C290D0E4C1642EEB21B3F043FFFFFFFFFFC7FFF0002E515626D431E8640A9030E
0D3D7324489D846BCF0D0E80164313B22B3F042FFFFFFFFFFC8FFF0002DF15626D431E8640A90326
0D3D972448CC846B540D0EB616433AB22B40040FFFFFFFFFFC6FFF0002D915626D431E8540A9033E
0D3DFA244944846ABA0D0EF116435DB21B4003FFFFFFFFFFFC7FFF0002CF15626D431E8540A90356
0D3E462449AA846A2E0D0F5D1643ABB21B40040FFFFFFFFFFC8FFF0002DD15626D431E8540A8F36E
0D3EEE244A8A8469C30D1006164421B21B41041FFFFFFFFFFC7FFF0002DB15626D431E8540A8E386
0D3F9C244B7D8469650D10C71644B7B21B41041FFFFFFFFFFC6FFF0002E115626D431E8540A8E39E
0D4084244CD38468E70D11CC164580B20B41040FFFFFFFFFFC6FFF0002D515626D431E8540A8E3B6
0D419E244E3D8468450D12741645F0B21B4103FFFFFFFFFFFC6FFF0002DD15626D431E8540A8E3CE
0D41AF244E498467B50D12A016460AB22B42042FFFFFFFFFFC6FFF0002DE15626D431E8540A8E3E6
0D41BC244E5084673F0D12C016461BB24B4303FFFFFFFFFFFC7FFF0002D715626D431E8540A8E3FE
0D41AE244E398466D40D12BE164614B26B4303FFFFFFFFFFFC7FFF0002DF15626D431E8540A8D316
0D4194244E0B84666D0D12BD16460FB26B44041FFFFFFFFFFC8FFF0002D615626D431E8540A8D32E
0D41B4244E318466010D12C2164611B27B45041FFFFFFFFFFC7FFF0002DC15626E431E8440A8D346
0D41BD244E2B84657B0D12BE164608B27B46040FFFFFFFFFFC7FFF0002D215626E431E8440A8C35E
0D41C3244E278464DB0D12C5164604B27B4603FFFFFFFFFFFC7FFF0002DE15626E431E8440A8C376
0D41F7244E648464480D12F9164623B27B47042FFFFFFFFFFC7FFF0002DA15626E431E8440A8C38E
0D4221244E8F8463D50D1329164640B27B47041FFFFFFFFFFC8FFF0002DC15626E431E8440A8B3A6
0D4233244E998463550D1334164642B28B4703FFFFFFFFFFFC8FFF0002E315626E431E8440A8C3BE
0D4239244E978462D90D132416462EB29B47042FFFFFFFFFFC7FFF0002DF15626E431E8440A8B3D6
0D4217244E5F84628F0D1378164669B29B47042FFFFFFFFFFC7FFF0002D115626E431E8440A8B3EE
0D42BA244F3E8462310D13BF16469FB29B4703FFFFFFFFFFFC7FFF0002D815626E431E8440A8B306
0D4300244F8E84618D0D13F21646BFB28B4703FFFFFFFFFFFC7FFF0002DC15626E431E8440A8A31E
0D434A244FE38460CE0D14461646F3B28B4703FFFFFFFFFFFC7FFF0002DF15626E431E8440A8A336
0D433B244FB48460500D147F164714B28B47040FFFFFFFFFFC7FFF0002E115626E431E8440A8A34E
0D42D5244F3B84600A0D14AC164731B28B4703FFFFFFFFFFFC7FFF0002E315626E431E8440A8A366
0D43A7245039845F9A0D14A5164729B28B4703FFFFFFFFFFFC8FFF0002DE15626E431E8340A8A37E
0D43C0245055845F060D14B7164733B28B4803FFFFFFFFFFFC7FFF0002DA15626F431E8340A89396
0D442D2450DF845E830D152A164781B28B48041FFFFFFFFFFC7FFF0002DA15626F431E8340A883AE
0D449124515F845E160D158B1647C6B29B4803FFFFFFFFFFFC6FFF0002DA15626F431E8340A883C6
0D451C24521A845D9A0D162A16483BB29B48041FFFFFFFFFFC6FFF0002DA15626F431E8340A893DE
0D4579245299845D1B0D167616486DB2AB4803FFFFFFFFFFFC8FFF0002DD15626F431E8340A883F6
0D46482453A9845CA00D17361648FDB29B49040FFFFFFFFFFC8FFF0002D315626F431E8340A8830E
0D47192454CA845C170D181016499FB2AB4903FFFFFFFFFFFC8FFF0002D315626F431E8340A88326
0D4805245606845B950D18E6164A3BB2AB49040FFFFFFFFFFC9FFF0002D415626F431E8340A8833E
0D486D245692845B160D1969164A99B2BB4A041FFFFFFFFFFC8FFF0002DD15626F431E8340A87356
0D48DA24571A845A930D19C0164AD4B2CB4B03FFFFFFFFFFFC7FFF0002DE15626F431E8340A8836E
0D491324575F845A170D19F4164AF5B2DB4B041FFFFFFFFFFC7FFF0002D415626F431E8340A86386
0D49192457648459B70D1A0F164B01B2FB4C042FFFFFFFFFFC7FFF0002D715626F431E8240A8639E
0D49242457708459540D1A14164B05B31B4D03FFFFFFFFFFFC8FFF0002C315626F431E8240A863B6
0D49452457928458C20D1A32164B19B32B4E040FFFFFFFFFFC8FFF0002D915626F431E8240A863CE
0D49902457E784581F0D1A76164B42B31B4E03FFFFFFFFFFFC8FFF0002E0156270431E8240A863E6
0D49B82458118457930D1AA6164B5EB31B4F041FFFFFFFFFFC8FFF0002E3156270431E8240A853FE
0D49C42458138457200D1AB0164B5DB31B4F03FFFFFFFFFFFC7FFF0002DF156270431E8240A85316
0D49BB2457FB8456C00D1AA0164B4BB31B50041FFFFFFFFFFC7FFF0002C5156270431E8240A8532E
0D49C124580284565D0D1AB2164B59B30B5003FFFFFFFFFFFC9FFF0002D2156270431E8240A85346
0D49FF2458538455D80D1AE4164B79B31B50040FFFFFFFFFFC8FFF0002D5156270431E8240A8435E
0D4A522458B984553B0D1B2E164BAAB31B5103FFFFFFFFFFFC8FFF0002DC156270431E8240A84376
0D4AC62459558454AD0D1BAC164BFFB31B51041FFFFFFFFFFC8FFF0002DD156270431E8240A8438E
0D4ACA24594B84545A0D1BF6164C32B31B5103FFFFFFFFFFFC8FFF0002DB156270431E8240A843A6
0D4B3D2459E18453EB0D1C31164C5CB32B52040FFFFFFFFFFC8FFF0002D0156270431E8240A833BE
0D4BE0245AC78453430D1CA1164CB1B32B5203FFFFFFFFFFFC8FFF0002D9156270431E8240A833D6
0D4C79245B868452B40D1D55164D29B31B52040FFFFFFFFFFC7FFF0002DA156270431E8140A833EE
0D4CB2245BCD84525B0D1DAC164D66B31B52040FFFFFFFFFFC7FFF0002D1156270431E8140A82306
0D4D23245C658451EE0D1DF8164DA2B32B5203FFFFFFFFFFFC6FFF0002D6156270431E8140A8231E
0D4D49245C9E8451610D1E21164DBCB33B5203FFFFFFFFFFFC6FFF0002D5156271431E8140A82336
0D4DC1245D2E8450DB0D1E85164DFFB35B5303FFFFFFFFFFFC8FFF0002D5156271431E8140A8234E
0D4DD9245D488450640D1EC0164E27B36B5303FFFFFFFFFFFC9FFF0002CE156271431E8140A81366
0D4E67245E0A844FE50D1F4B164E8DB35B54040FFFFFFFFFFC9FFF0002D8156271431E8140A8137E
0D4E9D245E4A844F5B0D1F59164E90B36B5403FFFFFFFFFFFC7FFF0002D1156271431E8140A81396
0D4EF8245EB9844EDD0D1FD0164EE4B37B55040FFFFFFFFFFC8FFF0002D9156271431E8140A803AE
0D4F43245F24844E6C0D202A164F21B37B5503FFFFFFFFFFFC8FFF0002CE156271431E8140A803C6
0D4F98245F90844DFF0D2072164F57B37B55040FFFFFFFFFFC7FFF0002D3156271431E8140A803DE
0D4FD7245FDD844D820D20AC164F7DB38B56040FFFFFFFFFFC8FFF0002C8156271431E8140A803F6
0D503A246062844CEC0D20F7164FB4B38B57043FFFFFFFFFFC8FFF0002D1156271431E8140A8030E
0D50D0246124844C510D2198165023B39B5703FFFFFFFFFFFC7FFF0002CE156271431E8140A80326
0D50FA246150844BE30D21D716504BB39B57040FFFFFFFFFFC6FFF0002D8156271431E8140A7F33E
0D50B12460F5844B9C0D21EC165054B3AB57040FFFFFFFFFFC8FFF0002D5156271431E8040A7E356
0D511524616F844B260D21EE165057B3BB5803FFFFFFFFFFFC7FFF0002D1156271431E8040A7E36E
0D51532461B9844A860D220F16506AB3BB5903FFFFFFFFFFFC7FFF0002C9156272431E8040A7E386
0D51C22462498449ED0D228D1650C0B3BB5903FFFFFFFFFFFC8FFF0002D4156272431E8040A7E39E
0D51F124628584496E0D22B91650DBB3BB5903FFFFFFFFFFFC8FFF0002D6156272431E8040A7E3B6
0D52162462AE8448FD0D22ED1650FDB3CB5A03FFFFFFFFFFFC7FFF0002D5156272431E8040A7E3CE
0D524A2462E58448940D2318165114B3CB5A040FFFFFFFFFFC7FFF0002D2156272431E8040A7D3E6
0D52BB2463888448210D23AC165187B3CB5B041FFFFFFFFFFC8FFF0002C5156272431E8040A7D3FE
0D532D24641084479A0D23EA1651AEB3CB5B041FFFFFFFFFFC8FFF0002C6156272431E8040A7D316
0D535724644584470B0D241B1651CBB3BB5B03FFFFFFFFFFFC8FFF0002D3156272431E8040A7C32E
0D537A2464698446810D24381651DBB3CB5B040FFFFFFFFFFC8FFF0002D1156272431E8040A7C346
0D537E2464618445FC0D24491651E1B3EB5C042FFFFFFFFFFC8FFF0002D9156272431E8040A7C35E
0D53902464718445860D24621651ECB3EB5C041FFFFFFFFFFC8FFF0002CB156272431E8040A7C376
0D53DA2464D18445290D249816520EB3FB5C040FFFFFFFFFFC8FFF0002C5156272431E7F40A7C38E
0D546D24659F8444D30D252E16527FB3FB5C03FFFFFFFFFFFC8FFF0002CC156272431E7F40A7B3A6
0D54FB2466578444410D25AA1652D8B3FB5D03FFFFFFFFFFFC8FFF0002C7156272431E7F40A7B3BE
0D55842466FF84437F0D2640165342B3EB5C03FFFFFFFFFFFC7FFF0002D6156273431E7F40A7B3D6
0D55C22467438442E90D2696165379B3EB5D040FFFFFFFFFFC7FFF0002D9156273431E7F40A7B3EE
0D550F24665984429C0D26E51653B1B3FB5D040FFFFFFFFFFC8FFF0002D0156273431E7F40A7A306
0D563A2467E88442370D26FD1653BEB40B5D041FFFFFFFFFFC9FFF0002CC156273431E7F40A7A31E
0D566B2468268441BB0D271C1653D6B40B5E040FFFFFFFFFFC8FFF0002CF156273431E7F40A7A336
0D56CC24689E84414E0D278816541FB41B5E03FFFFFFFFFFFC8FFF0002CB156273431E7F40A7A34E
0D56DF2468B08440C60D278B16541DB42B5F03FFFFFFFFFFFC8FFF0002C6156273431E7F40A79366
0D571E2468FD84401A0D27D416544CB42B5F03FFFFFFFFFFFC8FFF0002D1156273431E7F40A7937E
0D57B82469CE843F8A0D28831654CBB42B5F03FFFFFFFFFFFC8FFF0002D8156273431E7F40A79396
0D5801246A23843F250D28D11654FCB42B60041FFFFFFFFFFC7FFF0002DA156273431E7F40A783AE
0D57FC246A0D843EB00D28CD1654F4B42B60041FFFFFFFFFFC7FFF0002D5156274431E7F40A783C6
0D582D246A56843E370D28E5165503B42B60040FFFFFFFFFFC8FFF0002CB156274431E7E40A783DE
0D585F246A86843DD10D2918165522B43B6103FFFFFFFFFFFC9FFF0002CB156274431E7E40A783F6
0D5863246A85843D680D291B165521B43B62040FFFFFFFFFFC7FFF0002C2156274431E7E40A7830E
0D5875246A91843CC80D2925165525B44B6103FFFFFFFFFFFC7FFF0002D3156274431E7E40A77326
0D5918246B6F843C150D29C2165591B44B6203FFFFFFFFFFFC7FFF0002DB156274431E7E40A7833E
0D5A67246D2F843B8E0D2B1B165692B43B6203FFFFFFFFFFFC7FFF0002DD156274431E7E40A76356
0D5AD1246DBF843B3E0D2B891656DFB43B62041FFFFFFFFFFC7FFF0002D0156274431E7E40A7636E
0D5B07246E06843AF20D2BB11656FCB44B62040FFFFFFFFFFC8FFF0002CE156274431E7E40A76386
0D5AC8246D9F843A830D2B8E1656DEB45B63040FFFFFFFFFFC8FFF0002C1156274431E7E40A7639E
0D5B75246E858439DB0D2BF3165727B46B6403FFFFFFFFFFFC8FFF0002CE156274431E7E40A763B6
0D5BB4246ED284391B0D2C5C16576EB47B6503FFFFFFFFFFFC8FFF0002D1156274431E7E40A753CE
0D5B94246E8884389E0D2C9F165796B47B6503FFFFFFFFFFFC8FFF0002DF156275431E7E40A763E6
0D5AFB246DC28438540D2CC11657ABB48B65041FFFFFFFFFFC8FFF0002D4156275431E7E40A753FE
0D5C68246FAA8437F90D2D041657DAB49B65040FFFFFFFFFFC8FFF0002D4156275431E7D40A75316
0D5C78246FC08437830D2D2C1657FBB49B6603FFFFFFFFFFFCAFFF0002CD156275431E7D40A7432E
0D5CEE2470528436F10D2D7C16582FB49B6603FFFFFFFFFFFC9FFF0002CE156275431E7D40A74346
0D5D732471068436530D2E1116589AB4AB6703FFFFFFFFFFFC7FFF0002D3156275431E7D40A7435E
0D5DE32471948435C00D2E8B1658EEB49B6703FFFFFFFFFFFC6FFF0002D2156275431E7D40A73376
0D5E012471B484354A0D2EAF165900B49B6703FFFFFFFFFFFC6FFF0002DE156275431E7D40A7438E
0D5E222471D78434E50D2ED2165917B4AB67040FFFFFFFFFFC6FFF0002D1156275431E7D40A733A6
0D5E1B2471D18434790D2F21165954B4BB6803FFFFFFFFFFFC7FFF0002C2156275431E7D40A733BE
0D5E822472668434060D2F51165975B4CB68041FFFFFFFFFFC7FFF0002CE156275431E7D40A733D6
0D5F5724737E84338F0D2FF21659EBB4CB68040FFFFFFFFFFC7FFF0002CF156275431E7D40A723EE
0D5FEA2474468432F60D307B165A4CB4CB6903FFFFFFFFFFFC7FFF0002D5156276431E7D40A72306
0D618C2476888432490D3225165B8DB4CB69041FFFFFFFFFFC7FFF0002D3156276431E7D40A7231E
0D624E24777B8431CC0D32F5165C1EB4DB69041FFFFFFFFFFC9FFF0002D6156276431E7D40A72336
0D61E52476FD8431840D3350165C61B4DB6A042FFFFFFFFFFC9FFF0002D8156276431E7C40A7134E
0D62F724785E84311A0D3368165C6FB4EB6A040FFFFFFFFFFC9FFF0002D3156276431E7C40A71366
0D633A2478D28430850D339B165CA0B4EB6C03FFFFFFFFFFFC7FFF0002D1156276431E7C40A7137E
0D63ED2479AD8430080D346F165D30B4FB6D03FFFFFFFFFFFC7FFF0002C9156276431E7C40A70396
0D64202479F0842F9E0D34BA165D68B4FB6D03FFFFFFFFFFFC8FFF0002D3156276431E7C40A703AE
0D6447247A20842EFA0D34BC165D65B50B6E041FFFFFFFFFFC8FFF0002D0156276431E7C40A703C6
0D64BF247ABB842E420D354D165DC9B51B6F040FFFFFFFFFFC7FFF0002DD156277431E7C40A703DE
0D649E247A74842DD20D354C165DC3B52B6F040FFFFFFFFFFC6FFF0002D4156277431E7C40A703F6
0D6468247A29842DB00D3532165DABB52B70041FFFFFFFFFFC5FFF0002D4156277431E7C40A6F30E
0D64BB247AA5842D5F0D356A165DD5B52B7103FFFFFFFFFFFC8FFF0002CC156277431E7C40A70326
0D6513247B07842CB10D3599165DF3B53B7103FFFFFFFFFFFC8FFF0002C7156277431E7B40A6E33E
0D657B247B8B842BE90D3604165E36B52B7103FFFFFFFFFFFC7FFF0002D3156277431E7B40A6E356
0D6586247B8A842B590D3621165E44B53B7103FFFFFFFFFFFC7FFF0002DB156277431E7C40A6E36E
0D6564247B64842B030D3633165E4BB54B7103FFFFFFFFFFFC7FFF0002DC156277431E7C40A6E386
0D65BF247BDD842AA30D3649165E5AB54B71042FFFFFFFFFFC8FFF0002CD156277431E7B40A6E39E
0D65BF247BCF842A390D3646165E51B54B71043FFFFFFFFFFC7FFF0002CF156277431E7B40A6D3B6
0D6607247C348429CE0D369A165E90B55B72042FFFFFFFFFFC7FFF0002CA156278431E7B40A6D3CE
0D6641247C758429370D36B9165EA3B55B7203FFFFFFFFFFFC8FFF0002CD156278431E7B40A6D3E6
0D66C9247D2A8428730D374A165F09B56B7203FFFFFFFFFFFC8FFF0002CE156278431E7B40A6D3FE
0D6775247E0C8427D30D37FB165F8AB56B72040FFFFFFFFFFC7FFF0002D5156278431E7B40A6C316
0D66E2247D188427880D3872165FDFB57B72042FFFFFFFFFFC7FFF0002DC156278431E7B40A6C32E
0D6744247DD884274E0D38C916602EB57B73042FFFFFFFFFFC7FFF0002D4156278431E7B40A6C346
0D694724808C8426D80D39B51660D6B57B7403FFFFFFFFFFFC7FFF0002CC156278431E7B40A6C35E
0D6A1C2481B98426330D3A60166153B56B7403FFFFFFFFFFFC7FFF0002BA156278431E7A40A6C376
0D6A6024820484258B0D3AC8166199B56B7403FFFFFFFFFFFC7FFF0002D1156278431E7A40A6B38E
0D6AB224826F8425060D3B391661ECB57B75040FFFFFFFFFFC7FFF0002C4156279431E7A40A6B3A6
0D6B152482F68424A50D3B92166229B59B76044FFFFFFFFFFC7FFF0002D5156279431E7A40A6A3BE
0D6B2F24830A8424350D3BD1166255B5AB76042FFFFFFFFFFC7FFF0002CB156279431E7A40A6A3D6
0D6B072482DC8423B40D3B7716620DB5BB77040FFFFFFFFFFC7FFF0002D2156279431E7A40A6A3EE
0D6BF02484098423410D3C611662BAB5CB7803FFFFFFFFFFFC7FFF0002C8156279431E7A40A6A306
0D6C3F24847D8422C90D3CB61662FAB5CB78041FFFFFFFFFFC9FFF0002CB156279431E7A40A6931E
0D6CC12485238422310D3D1616633EB5CB78040FFFFFFFFFFC9FFF0002CD156279431E7A40A69336
0D6D122485878421930D3D7E166385B5CB79042FFFFFFFFFFC8FFF0002C0156279431E7A40A6934E
0D6D7424860884211F0D3DEE1663D4B5DB7A042FFFFFFFFFFC8FFF0002D5156279431E7A40A68366
0D6DB72486628420CF0D3E38166406B5EB7A040FFFFFFFFFFC8FFF0002D3156279431E7A40A6837E
0D6DC22486678420600D3E43166410B5EB7A03FFFFFFFFFFFC7FFF0002D0156279431E7A40A68396
0D6E6124873F841FC30D3EAC16645BB5DB7B03FFFFFFFFFFFC8FFF0002C515627A431E7A40A683AE
0D6F822488D5841F240D3FF1166551B5EB7B040FFFFFFFFFFC8FFF0002CE15627A431E7940A683C6
0D7110248AE9841E9F0D417616666AB5EB7B040FFFFFFFFFFC8FFF0002C815627A431E7940A683DE
0D7150248B36841E460D41CB1666A6B5EB7C042FFFFFFFFFFC8FFF0002CF15627A431E7940A683F6
0D7174248B5C841DDD0D41EE1666BDB5FB7D041FFFFFFFFFFC8FFF0002C415627A431E7940A6830E
0D7157248B3E841D500D41B6166694B60B7D041FFFFFFFFFFC7FFF0002CD15627A431E7940A66326
0D7250248C86841CBA0D4292166731B61B7E03FFFFFFFFFFFC6FFF0002CE15627A431E7940A6633E
0D72A1248CF7841C370D430E166790B62B7E041FFFFFFFFFFC6FFF0002D015627A431E7940A66356
0D72D8248D3B841BCC0D43411667AFB63B7E042FFFFFFFFFFC6FFF0002C715627A431E7940A6636E
0D7330248DC2841B610D439E1667FEB63B7F042FFFFFFFFFFC8FFF0002CD15627B431E7940A66386
0D73B4248E75841ADC0D4426166860B64B7F040FFFFFFFFFFC9FFF0002CA15627B431E7940A6639E
0D745A248F39841A4B0D448C1668A7B63B8003FFFFFFFFFFFC9FFF0002CB15627B431E7940A653B6
0D7472248F518419B60D44BB1668C2B64B80040FFFFFFFFFFC7FFF0002C515627B431E7940A653CE
0D7497248F8284193D0D44FC1668EFB64B81040FFFFFFFFFFC8FFF0002CF15627B431E7940A653E6
0D74D1248FCD8418E50D452E16690EB65B82040FFFFFFFFFFC7FFF0002C515627B431E7840A643FE
0D753C2490518418760D45C8166987B66B82042FFFFFFFFFFC7FFF0002CB15627B431E7840A64316
0D76572491F48417DF0D467B166A0AB67B83043FFFFFFFFFFC8FFF0002CA15627B431E7840A6432E
0D76CB24927584174A0D4707166A66B66B83041FFFFFFFFFFC8FFF0002CB15627B431E7840A64346
0D76DE2492898416C90D472E166A7FB67B83040FFFFFFFFFFC8FFF0002CE15627B431E7840A6335E
0D76F124929C8416510D474A166A8FB68B8403FFFFFFFFFFFC8FFF0002C615627C431E7840A63376
0D76FA24929A8415E00D475F166A99B68B84040FFFFFFFFFFC8FFF0002CF15627C431E7840A6338E
0D774D24930A8415710D4790166ABDB68B84041FFFFFFFFFFC7FFF0002C215627C431E7840A623A6
0D77AB2493908415010D4803166B10B68B8403FFFFFFFFFFFC7FFF0002C715627C431E7840A623BE
0D784424945F84147A0D487E166B6AB69B8503FFFFFFFFFFFC9FFF0002C715627C431E7840A623D6
0D78D92495128413D70D4914166BD6B69B86041FFFFFFFFFFC8FFF0002C315627C431E7840A623EE
0D7A382497058413400D4A8B166CF1B69B8603FFFFFFFFFFFC8FFF0002D215627C431E7840A62306
0D7AFC2497FD8412D50D4B57166D82B6AB86043FFFFFFFFFFC8FFF0002D315627C431E7840A6131E
0D7B3424985284126D0D4B79166D9EB6BB8603FFFFFFFFFFFC8FFF0002C615627C431E7740A61336
0D7AD72497C68411EF0D4AF8166D30B6CB87041FFFFFFFFFFC8FFF0002C915627C431E7740A6134E
0D7B5724987A8411870D4BA5166DB2B6DB88042FFFFFFFFFFC7FFF0002BE15627C431E7740A60366
0D7B922498C184112A0D4BD7166DD7B6EB88042FFFFFFFFFFC7FFF0002C515627C431E7740A6037E
0D7C0224995C8410930D4C2B166E15B6EB89040FFFFFFFFFFC7FFF0002C215627D431E7740A60396
0D7D0E249AD3840FC00D4D4F166EEFB6EB8903FFFFFFFFFFFC7FFF0002D615627D431E7740A603AE
0D7EC3249D22840F120D4F2516704CB6FB89041FFFFFFFFFFC7FFF0002D715627D431E7740A603C6
0D7D9D249B77840ED00D4F7016707EB6FB89041FFFFFFFFFFC7FFF0002D215627D431E7740A603DE
0D7E6B249CAA840EB00D4FB91670C0B70B8903FFFFFFFFFFFC7FFF0002C915627D431E7740A603F6
0D8019249EE8840E500D5081167151B70B8A03FFFFFFFFFFFC8FFF0002C015627D431E7740A6030E
0D80AB249FD2840DA70D50A9167173B71B8B03FFFFFFFFFFFC8FFF0002C215627D431E7640A5E326
0D824424A1E8840CDB0D52621672AFB71B8C03FFFFFFFFFFFC8FFF0002BC15627D431E7640A5E33E
0D82A024A251840C3D0D52C41672F0B72B8C03FFFFFFFFFFFC7FFF0002D615627D431E7740A5E356
0D822E24A1AE840BDC0D52F8167313B73B8D03FFFFFFFFFFFC7FFF0002D715627D431E7740A5E36E
0D82E524A2A5840B930D52DC1672FAB74B8E03FFFFFFFFFFFC7FFF0002D115627E431E7640A5E386
0D82BB24A268840B390D5305167319B73B8E041FFFFFFFFFFC7FFF0002BE15627E431E7640A5E39E
0D836024A35C840AAD0D5376167374B73B8F03FFFFFFFFFFFC7FFF0002B815627E431E7640A5E3B6
0D847824A4DC840A190D5487167440B74B8F03FFFFFFFFFFFC8FFF0002C315627E431E7640A5D3CE
0D853324A5D98409920D554F1674D2B75B8F040FFFFFFFFFFC8FFF0002CB15627E431E7640A5D3E6
0D85AA24A67F8408F90D55BC167525B75B8F040FFFFFFFFFFC9FFF0002CB15627E431E7640A5C3FE
0D869724A7C784086A0D56B91675E3B76B90040FFFFFFFFFFC8FFF0002D515627E431E7640A5C316
0D875724A8D084080D0D579D167687B76B90041FFFFFFFFFFC8FFF0002CF15627E431E7640A5C32E
0D87AD24A9408407BA0D57D01676ACB77B9103FFFFFFFFFFFC7FFF0002B615627E431E7640A5C346
0D877F24A8FE8407430D57BE1676A3B77B9203FFFFFFFFFFFC7FFF0002C515627E431E7640A5B35E
0D882624A9D98406AD0D58001676CDB78B9303FFFFFFFFFFFC7FFF0002C715627E431E7540A5B376
0D884724A9FE84061C0D584E167701B78B9303FFFFFFFFFFFC7FFF0002C415627F431E7540A5B38E
0D886E24AA2D8405900D5885167727B78B94042FFFFFFFFFFC7FFF0002D315627F431E7540A5A3A6
0D88F624AAE58405050D591016778DB78B94041FFFFFFFFFFC7FFF0002CD15627F431E7540A5A3BE
0D899724ABC184049A0D59D9167822B78B95043FFFFFFFFFFC7FFF0002D115627F431E7540A5A3D6
0D8A8324AD0E8404440D5AAE1678C1B77B95042FFFFFFFFFFC6FFF0002B915627F431E7540A5A3EE
0D8AF924ADA48403D70D5B52167943B77B96042FFFFFFFFFFC6FFF0002C415627F431E7540A5A306
0D8BE124AF078403420D5BD11679A1B79B96040FFFFFFFFFFC6FFF0002C515627F431E7540A5931E
0D8C5124AF828402950D5C4D1679F6B7AB9603FFFFFFFFFFFC8FFF0002C515627F431E7540A59336
0D8C8D24AFCD8402060D5C93167A22B7CB97040FFFFFFFFFFC8FFF0002CB15627F431E7540A5934E
0D8C9624AFDA8401A60D5CA5167A29B7DB9703FFFFFFFFFFFC8FFF0002D315627F431E7540A58366
0D8CB224AFF68401470D5CBF167A3BB7DB98040FFFFFFFFFFC8FFF0002CE15627F431E7540A5837E
0D8C9724AFDE8400C20D5C9F167A24B7DB9803FFFFFFFFFFFC8FFF0002C615627F431E7540A58396
0D8D3F24B0B58400290D5D3F167A97B7EB9803FFFFFFFFFFFC8FFF0002C215627F431E7540A583AE
0D8E1924B1E183FFA00D5E13167B36B7EB99040FFFFFFFFFFC7FFF0002CB15627F431E7540A583C6
0D8EEC24B30683FF2F0D5EFE167BE5B7EB99042FFFFFFFFFFC7FFF0002CF156280431E7540A573DE
0D8F4024B37183FEB60D5F23167C00B7FB9903FFFFFFFFFFFC8FFF0002D0156280431E7440A573F6
0D8FD724B44B83FE2B0D5FA3167C5EB7FB9A03FFFFFFFFFFFC8FFF0002C5156280431E7440A5630E
0D90A324B55D83FD9E0D6086167D0AB80B9A03FFFFFFFFFFFC8FFF0002CD156280431E7440A56326
0D917A24B68A83FD280D6178167DC0B80B9A040FFFFFFFFFFC8FFF0002C3156280431E7440A5633E
0D920A24B74F83FCC40D620C167E2DB80B9B042FFFFFFFFFFC8FFF0002CB156280431E7440A55356
0D925424B7B883FC500D6260167E6FB80B9B040FFFFFFFFFFC6FFF0002C9156280431E7440A5536E
0D93FB24BA2683FBAB0D63AF167F78B81B9C03FFFFFFFFFFFC7FFF0002C3156280431E7440A55386
0D94E324BB4D83FAFE0D64C7168042B81B9C041FFFFFFFFFFC8FFF0002C9156280431E7440A5539E
0D94ED24BB4D83FA8B0D64E7168053B81B9C042FFFFFFFFFFC9FFF0002D0156280431E7440A553B6
0D93F024B9F883FA4D0D64F816805FB82B9D042FFFFFFFFFFC7FFF0002CB156280431E7440A543CE
0D950624BB6983F9E30D64EE168055B83B9E042FFFFFFFFFFC7FFF0002B2156280431E7440A543E6
0D955824BBE983F93D0D653516808EB84B9F043FFFFFFFFFFC8FFF0002C4156281431E7340A543FE
0D961524BCE083F89D0D65F4168114B84BA0040FFFFFFFFFFC8FFF0002CA156281431E7340A54316
0D96CA24BDDB83F8250D66DE1681CAB85BA0042FFFFFFFFFFC8FFF0002CD156281431E7340A5432E
0D975524BE9083F7A40D6737168203B85BA003FFFFFFFFFFFC7FFF0002CF156281431E7340A53346
0D978124BED683F71B0D675116821AB85BA003FFFFFFFFFFFC7FFF0002CE156281431E7340A5335E
0D980D24BF8583F6AE0D67F216828CB86BA103FFFFFFFFFFFC9FFF0002CA156281431E7340A52376
0D986324BFFF83F6490D68501682D2B86BA1042FFFFFFFFFFC8FFF0002BE156281431E7340A5238E
0D990224C0E383F5CB0D68D716833EB86BA1040FFFFFFFFFFC8FFF0002C6156281431E7340A523A6
0D99DA24C20383F5310D69941683C7B86BA203FFFFFFFFFFFC8FFF0002C8156281431E7340A523BE
0D9A1524C24983F4970D69EA168400B87BA2041FFFFFFFFFFC8FFF0002C3156281431E7340A523D6
0D9A3B24C27B83F41A0D6A1A16841FB87BA2043FFFFFFFFFFC8FFF0002CD156281431E7340A523EE
0D9A4F24C29083F3AC0D6A2B168428B88BA3042FFFFFFFFFFC8FFF0002CC156281431E7340A51306
0D9A3524C26283F32F0D6A11168412B88BA403FFFFFFFFFFFC7FFF0002C2156281431E7340A5131E
0D9A5C24C29883F2AF0D6A2E168425B88BA4040FFFFFFFFFFC7FFF0002C9156282431E7340A50336
0D9B6024C40583F23B0D6B5816850BB87BA403FFFFFFFFFFFC7FFF0002BE156282431E7340A5034E
0D9C9924C5BE83F1C30D6C7F1685EDB88BA403FFFFFFFFFFFC8FFF0002C3156282431E7240A50366
0D9DE024C78A83F1330D6D8A1686B9B86BA403FFFFFFFFFFFC7FFF0002BE156282431E7240A5037E
0D9E5F24C82A83F0960D6E0B168717B86BA403FFFFFFFFFFFC7FFF0002CE156282431E7240A50396
0D9E7424C83E83F0100D6E41168738B88BA4042FFFFFFFFFFC8FFF0002D2156282431E7240A503AE
0D9ED524C8C583EFA10D6EB7168790B88BA5040FFFFFFFFFFC8FFF0002CE156282431E7240A503C6
0D9F3824C95783EF410D6F1E1687DCB8ABA5042FFFFFFFFFFC7FFF0002B4156282431E7240A4F3DE
0D9FFA24CA6F83EED60D6FB3168852B8BBA6042FFFFFFFFFFC7FFF0002C2156282431E7240A4E3F6
0DA0FB24CBD783EE460D70911688FBB8CBA6044FFFFFFFFFFC8FFF0002C4156282431E7240A4E30E
0DA1A124CCBC83EDA80D715C168994B8CBA703FFFFFFFFFFFC9FFF0002C8156282431E7240A4E326
0DA25724CDB883ED1D0D720F168A1AB8CBA803FFFFFFFFFFFC9FFF0002CE156282431E7240A4E33E
0DA28B24CDF983ECA20D7251168A48B8CBA8042FFFFFFFFFFC9FFF0002D0156282431E7240A4E356
0DA2C724CE5783EC350D72A3168A87B8DBA8040FFFFFFFFFFC8FFF0002CD156283431E7240A4E36E
0DA34624CF0383EBD10D7323168AE6B8FBA9041FFFFFFFFFFC8FFF0002BD156283431E7240A4D386
0DA3A424CF8583EB6A0D7361168B16B8FBAA040FFFFFFFFFFC8FFF0002B8156283431E7140A4D39E
0DA41E24D03283EADE0D73C1168B5DB8FBAA042FFFFFFFFFFC7FFF0002C2156283431E7140A4C3B6
0DA4A724D0F283EA360D7453168BC9B8FBAA043FFFFFFFFFFC9FFF0002BE156283431E7140A4C3CE
0DA50024D16783E9A10D74C2168C19B8FBAA042FFFFFFFFFFC8FFF0002CE156283431E7140A4C3E6
0DA5D724D29683E9290D75B8168CD7B90BAB042FFFFFFFFFFC8FFF0002D2156283431E7140A4C3FE
0DA6CA24D40483E8D00D76A7168D92B90BAB042FFFFFFFFFFC7FFF0002C4156283431E7140A4C316
0DA76B24D4CD83E8710D7727168DF6B8FBAB042FFFFFFFFFFC7FFF0002C5156283431E7140A4C32E
0DA7A224D53D83E7EB0D7793168E4CB90BAC042FFFFFFFFFFC8FFF0002B8156283431E7140A4B346
0DA8DA24D6DF83E7540D785C168EE2B91BAC042FFFFFFFFFFC8FFF0002C2156283431E7140A4B35E
0DA91E24D73683E6CE0D78C0168F27B91BAD042FFFFFFFFFFC7FFF0002C5156283431E7140A4B376
0DA99124D7D883E64D0D7941168F8CB91BAE041FFFFFFFFFFC7FFF0002CA156283431E7140A4A38E
0DAA2424D8A583E5B40D79A5168FD3B92BAE03FFFFFFFFFFFC8FFF0002C8156284431E7140A4A3A6
0DAAD124D99D83E5280D7A75169071B93BAF042FFFFFFFFFFC8FFF0002C8156284431E7140A4A3BE
0DAAD624D98683E4DF0D7AEE1690C6B93BAF042FFFFFFFFFFC9FFF0002C9156284431E7140A4A3D6
0DAB0B24DA0B83E4AB0D7B3B169106B94BAF040FFFFFFFFFFC9FFF0002C1156284431E7040A4A3EE
0DAC0E24DB6783E41F0D7BB3169166B95BB003FFFFFFFFFFFCAFFF0002B7156284431E7040A49306
0DAD7C24DD5983E34E0D7D1316926EB95BB003FFFFFFFFFFFC9FFF0002C8156284431E7040A4831E
0DAE8624DED083E2980D7E26169342B95BB003FFFFFFFFFFFC8FFF0002C8156284431E7040A48336
0DAEDB24DF3C83E2330D7EC61693B6B95BB1040FFFFFFFFFFC7FFF0002D2156284431E7040A4834E
0DAF1824DF9F83E1F30D7EDB1693C5B96BB1041FFFFFFFFFFC7FFF0002CA156284431E7040A48366
0DAF9924E04283E19B0D7F3C16940BB97BB103FFFFFFFFFFFC7FFF0002BA156284431E7040A4837E
0DB01E24E11F83E1240D7FCA169486B98BB2041FFFFFFFFFFC6FFF0002C1156284431E7040A48396
0DB10824E25083E0880D805E1694F0B99BB203FFFFFFFFFFFC7FFF0002BC156284431E7040A483AE
0DB1B624E34E83DFCE0D8139169597B99BB303FFFFFFFFFFFC9FFF0002AF156285431E7040A483C6
0DB30B24E51C83DF3D0D829816969EB99BB3041FFFFFFFFFFC9FFF0002C3156285431E7040A473DE
0DB35924E59D83DEE30D830E1696F4B99BB3041FFFFFFFFFFC9FFF0002CB156285431E7040A473F6
0DB37524E5A283DE8A0D83211696FDB99BB3042FFFFFFFFFFC8FFF0002C9156285431E7040A4630E
0DB36B24E5B883DE1A0D83181696FCB99BB4042FFFFFFFFFFC8FFF0002C3156285431E6F40A46326
0DB40524E67C83DD9A0D8376169740B99BB4041FFFFFFFFFFC8FFF0002BC156285431E6F40A4633E
0DB4C724E79B83DD120D84481697E2B98BB4042FFFFFFFFFFC8FFF0002C3156285431E6F40A45356
0DB62E24E9A083DC860D85991698EEB99BB4040FFFFFFFFFFC6FFF0002C6156285431E6F40A4536E
0DB7C224EBEB83DBF60D8737169A33B99BB4041FFFFFFFFFFC7FFF0002C2156285431E6F40A45386
0DB98C24EE9383DB720D891B169BBAB9ABB4040FFFFFFFFFFC8FFF0002CC156285431E6F40A4539E
0DBACE24F05583DAFC0D8A4C169C9DB9ABB4041FFFFFFFFFFC7FFF0002CA156285431E6F40A443B6
0DBB3C24F0FA83DA980D8ACA169CFFB9BBB4041FFFFFFFFFFC8FFF0002C6156285431E6F40A443CE
0DBB8C24F16C83DA2C0D8B14169D3CB9CBB5041FFFFFFFFFFC9FFF0002B9156285431E6F40A443E6
0DBBD224F1D183D9AE0D8B25169D43B9DBB6042FFFFFFFFFFC7FFF0002C1156286431E6F40A443FE
0DBC1624F22883D9200D8B6A169D75B9DBB7042FFFFFFFFFFC7FFF0002C4156286431E6F40A44316
0DBCD224F33683D89F0D8C45169E22B9EBB8042FFFFFFFFFFC6FFF0002C1156286431E6E40A4332E
0DBE2724F52683D81C0D8D96169F2BB9EBB9042FFFFFFFFFFC8FFF0002CA156286431E6E40A44346
0DBEB124F5DB83D7860D8DF1169F67B9FBB9041FFFFFFFFFFC8FFF0002CB156286431E6E40A4335E
0DBED024F60083D7060D8E2E169F92B9FBB903FFFFFFFFFFFC7FFF0002C8156286431E6E40A42376
0DBF0024F64883D6AD0D8E70169FC1BA0BB903FFFFFFFFFFFC7FFF0002B9156286431E6E40A4238E
0DBFB424F75283D64A0D8F2A16A05DBA0BBA040FFFFFFFFFFC8FFF0002BE156286431E6E40A423A6
0DC0F024F92C83D5C20D904916A143BA1BBB042FFFFFFFFFFC8FFF0002B7156286431E6E40A423BE
0DC22224FACA83D5260D916C16A21CBA2BBB042FFFFFFFFFFC8FFF0002C9156286431E6E40A423D6
0DC25C24FB1A83D4A00D91AA16A249BA1BBB041FFFFFFFFFFC8FFF0002CD156286431E6E40A413EE
0DC2AC24FB8C83D4310D920716A28FBA1BBB03FFFFFFFFFFFC8FFF0002CA156286431E6E40A42306
0DC2A524FB8D83D3AF0D921216A296BA1BBB040FFFFFFFFFFC7FFF0002BC156286431E6E40A4131E
0DC30824FC0D83D3240D923916A2B1BA2BBB03FFFFFFFFFFFC7FFF0002C2156286431E6E40A40336
0DC36724FC9683D2B00D92BA16A312BA2BBC03FFFFFFFFFFFC7FFF0002C0156287431E6D40A4034E
0DC49524FE6283D2590D93F116A409BA2BBC041FFFFFFFFFFC8FFF0002B8156287431E6D40A40366
0DC5BA25000483D1E90D952616A503BA3BBC042FFFFFFFFFFC9FFF0002BE156287431E6D40A4037E
0DC6AD25016783D1500D95E116A594BA3BBC042FFFFFFFFFFC8FFF0002C5156287431E6D40A40396
0DC8482503BE83D0A50D97A316A6F8BA4BBD042FFFFFFFFFFC8FFF0002B6156287431E6D40A403AE
0DCA2025064B83D01B0D996D16A853BA4BBE042FFFFFFFFFFC8FFF0002C9156287431E6D40A403C6
0DCA972506F083CFB50D99DB16A8A4BA4BBE042FFFFFFFFFFC8FFF0002C4156287431E6D40A403DE
0DCA762506D583CF4D0D9A2B16A8E8BA5BBE03FFFFFFFFFFFC8FFF0002B6156287431E6D40A403F6
0DCB352507FA83CEE60D9AF316A98DBA6BBF03FFFFFFFFFFFC7FFF0002B3156287431E6D40A3E30E
0DCD21250AC883CE7E0D9C4E16AAA2BA7BC003FFFFFFFFFFFC7FFF0002BB156287431E6D40A3E326
0DCD8D250B6683CDEE0D9C9116AAD4BA8BC003FFFFFFFFFFFC8FFF0002BE156287431E6D40A3E33E
0DCE3B250C6C83CD430D9D5E16AB79BA8BC0040FFFFFFFFFFC8FFF0002BC156287431E6D40A3E356
0DCF58250E1683CCB60D9E7E16AC5ABA8BC1040FFFFFFFFFFC8FFF0002C7156287431E6D40A3D36E
0DCFE1250EDD83CC4B0D9F3616ACEEBA9BC2042FFFFFFFFFFC8FFF0002C6156287431E6D40A3D386
0DD01C250F2C83CBD10D9F3A16ACF0BA8BC1040FFFFFFFFFFC8FFF0002C2156288431E6C40A3D39E
0DD0B225101983CB5D0D9FFD16AD8CBA9BC2042FFFFFFFFFFC8FFF0002B3156288431E6C40A3C3B6
0DD16525110A83CB0C0DA09B16AE00BAABC2042FFFFFFFFFFC7FFF0002B7156288431E6C40A3C3CE
0DD1A625119883CAA80DA0C416AE25BAABC3041FFFFFFFFFFC7FFF0002AF156288431E6C40A3C3E6
0DD20B25120883C9FA0DA11D16AE68BABBC303FFFFFFFFFFFC8FFF0002BD156288431E6C40A3C3FE
0DD37025140B83C93C0DA29016AF88BABBC303FFFFFFFFFFFC9FFF0002BD156288431E6C40A3C316
0DD3F225149F83C8BD0DA32016AFEEBABBC3042FFFFFFFFFFC8FFF0002C8156288431E6C40A3B32E
0DD3312513A683C86A0DA34E16B012BACBC3040FFFFFFFFFFC8FFF0002BA156288431E6C40A3B346
0DD46525154383C8000DA37216B02BBACBC4040FFFFFFFFFFC8FFF0002BD156288431E6C40A3A35E
0DD4B92515DE83C78C0DA3CF16B07EBACBC4040FFFFFFFFFFC8FFF0002B8156288431E6C40A3A376
0DD68025187383C70F0DA58416B1DBBABBC403FFFFFFFFFFFC8FFF0002B6156288431E6B40A3A38E
0DD7A9251A1483C6850DA6A116B2B8BABBC403FFFFFFFFFFFC8FFF0002B0156288431E6B40A3A3A6
0DD83B251AEB83C5FF0DA74516B338BABBC4043FFFFFFFFFFC6FFF0002BD156288431E6B40A393BE
0DD941251C6A83C57F0DA85416B40FBACBC5040FFFFFFFFFFC7FFF0002C1156288431E6B40A393D6
0DDAB0251EAF83C4FC0DA9BB16B53ABACBC5040FFFFFFFFFFC8FFF0002C2156289431E6B40A393EE
0DDCE62521E183C4720DABC216B6DEBADBC6041FFFFFFFFFFC7FFF0002C0156289431E6B40A39306
0DDDBE25232483C3F10DACB016B795BADBC6041FFFFFFFFFFC7FFF0002BC156289431E6B40A3831E
0DDE292523BB83C38F0DAD2D16B7F3BAEBC6041FFFFFFFFFFC8FFF0002B9156289431E6B40A38336
0DDED02524C183C3350DADE216B88ABAEBC7041FFFFFFFFFFC8FFF0002B6156289431E6B40A3834E
0DDF7B2525C683C2BC0DAE5716B8F0BAFBC803FFFFFFFFFFFC9FFF0002A2156289431E6B40A38366
0DE04C2526F183C2200DAF2D16B993BB0BC803FFFFFFFFFFFC8FFF0002B7156289431E6B40A3837E
0DE0EA2527D483C1850DAFE416BA25BB0BC9044FFFFFFFFFFC8FFF0002BE156289431E6B40A38396
0DE2552529E983C1020DB14F16BB47BB0BC9042FFFFFFFFFFC9FFF0002C2156289431E6B40A373AE
0DE373252B8D83C07C0DB26F16BC31BB1BC9043FFFFFFFFFFC9FFF0002BF156289431E6B40A373C6
0DE4DF252DBB83BFF70DB3D516BD50BB1BC9042FFFFFFFFFFC8FFF0002B7156289431E6B40A363DE
0DE74825314283BF9C0DB65816BF53BB1BC9040FFFFFFFFFFC7FFF0002B4156289431E6A40A363F6
0DE7F425325083BF610DB6DB16BFBBBB2BC903FFFFFFFFFFFC7FFF0002AC156289431E6A40A3630E
0DE85D2532FA83BEF20DB71116BFF0BB3BCA03FFFFFFFFFFFC8FFF0002A5156289431E6A40A36326
0DE94825344D83BE2D0DB80916C0B5BB4BCB03FFFFFFFFFFFC8FFF0002B815628A431E6A40A3633E
0DEA0425355183BD5A0DB8D516C14DBB4BCB03FFFFFFFFFFFC8FFF0002C515628A431E6A40A35356
0DE97C25347883BCDA0DB94416C19FBB4BCC040FFFFFFFFFFC8FFF0002C715628A431E6A40A3536E
0DE7DD25320483BCA70DB93616C17DBB4BCC041FFFFFFFFFFC7FFF0002BD15628A431E6A40A34386
0DEA372535B783BC620DB9B516C1FABB4BCD03FFFFFFFFFFFC7FFF0002A915628A431E6A40A3439E
0DEB872537A283BBE90DBA7916C2A4BB4BCC042FFFFFFFFFFC8FFF0002A215628A431E6A40A343B6
0DED172539D883BB4C0DBBD916C3B8BB4BCC03FFFFFFFFFFFC9FFF0002AC15628A431E6A40A343CE
0DEDDB253B0583BAA40DBC9F16C456BB4BCC043FFFFFFFFFFC8FFF0002B515628A431E6A40A343E6
0DEEFE253CB083BA080DBDC116C53DBB5BCC041FFFFFFFFFFC8FFF0002BC15628A431E6A40A343FE
0DEFC6253DCD83B9940DBE9016C5E0BB4BCD041FFFFFFFFFFC8FFF0002B615628A431E6A40A33316
0DF13C25400883B93B0DC00D16C716BB5BCD03FFFFFFFFFFFC8FFF0002B415628B431E6A40A3332E
0DF19225407E83B8D40DC04E16C74DBB5BCD041FFFFFFFFFFC8FFF0002A115628B431E6940A33346
0DF29225422383B8550DC13816C819BB5BCD043FFFFFFFFFFC7FFF0002AD15628B431E6940A3235E
0DF55825463D83B7C40DC40216CA55BB5BCE042FFFFFFFFFFC7FFF0002AF15628B431E6940A32376
0DF7302548EE83B7390DC5DE16CBD2BB4BCD041FFFFFFFFFFC7FFF0002B415628B431E6940A3238E
0DF7D92549F283B6B00DC68516CC57BB5BCD03FFFFFFFFFFFC7FFF0002B615628B431E6940A323A6
0DF8E1254B9983B62F0DC79916CD43BB6BCE041FFFFFFFFFFC8FFF0002B115628B431E6940A323BE
0DFB7A254F7D83B5C50DCA4616CF6BBB6BCE043FFFFFFFFFFC7FFF0002B115628B431E6940A313D6
0DFC542550B883B5590DCAF416CFF6BB6BCE043FFFFFFFFFFC7FFF0002B015628B431E6940A313EE
0DFC9225511183B4D50DCB2516D01CBB6BCF03FFFFFFFFFFFC9FFF0002A515628B431E6940A30306
0DFD042551C883B4430DCB9A16D07DBB6BD003FFFFFFFFFFFC8FFF0002AE15628B431E6940A3031E
0DFDE425531383B3C90DCC7A16D12DBB7BD0043FFFFFFFFFFC6FFF0002AF15628B431E6940A30336
0DFEC625546C83B3570DCD5B16D1E8BB8BD1043FFFFFFFFFFC7FFF0002B215628B431E6940A3034E
0DFF4625552383B2D30DCDC716D239BB7BD1042FFFFFFFFFFC8FFF0002AC15628C431E6840A30366
0E000025563983B2480DCE8E16D2DEBB7BD1042FFFFFFFFFFC8FFF0002B415628C431E6840A3037E
0E012B2557F983B1CD0DCFBC16D3CEBB8BD1042FFFFFFFFFFC7FFF0002AA15628C431E6840A2F396
0E01D32558E783B15F0DD05B16D449BB9BD1042FFFFFFFFFFC7FFF0002AA15628C431E6840A2F3AE
0E02732559DE83B0E90DD0EF16D4C5BB8BD1040FFFFFFFFFFC9FFF0002AB15628C431E6840A2E3C6
0E0379255B5D83B0690DD1F316D597BB8BD103FFFFFFFFFFFC8FFF0002AD15628C431E6840A2E3DE
0E0404255C2C83AFEB0DD28016D606BB8BD103FFFFFFFFFFFC8FFF0002A815628C431E6840A2E3F6
0E046B255CC983AF620DD2E716D657BB9BD1041FFFFFFFFFFC8FFF0002B215628C431E6840A2E30E
0E060E255F4383AED80DD49016D7B7BB9BD1042FFFFFFFFFFC7FFF0002B015628C431E6840A2E326
0E06CA25604983AE630DD53A16D835BB9BD1044FFFFFFFFFFC8FFF0002A715628C431E6840A2E33E
0E06E025606A83ADE00DD55016D847BBABD1042FFFFFFFFFFC8FFF0002AF15628C431E6840A2E356
0E07252560D683AD5C0DD59316D87BBB9BD203FFFFFFFFFFFC8FFF0002A815628C431E6840A2D36E
0E07D72561E783ACF00DD65F16D920BB8BD2042FFFFFFFFFFC8FFF0002A315628C431E6740A2C386
0E08C925634583AC8D0DD74D16D9E0BB9BD2044FFFFFFFFFFC8FFF0002A815628D431E6740A2C39E
0E099825648B83AC090DD7FF16DA73BB9BD2043FFFFFFFFFFC8FFF0002A915628D431E6740A2C3B6
0E0A7D2565DB83AB680DD8DB16DB22BB9BD2042FFFFFFFFFFC8FFF0002B015628D431E6740A2C3CE
0E0B4F25672483AAD00DD9BD16DBDBBB9BD2042FFFFFFFFFFC8FFF0002A415628D431E6740A2C3E6
0E0C972568FF83AA590DDB0B16DCE7BB9BD3042FFFFFFFFFFC7FFF0002B415628D431E6740A2C3FE
0E0D272569DF83A9F70DDB9316DD55BB9BD2040FFFFFFFFFFC7FFF0002AE15628D431E6740A2B316
0E0E31256B7883A9860DDC8316DE1CBB9BD203FFFFFFFFFFFC8FFF0002A815628D431E6740A2B32E
0E0EB6256C2D83A90F0DDCFD16DE79BBABD2042FFFFFFFFFFC8FFF00029F15628D431E6740A2A346
0E0EF0256C8383A8A00DDD4A16DEB4BBABD2043FFFFFFFFFFC8FFF0002A915628D431E6740A2A35E
0E1074256EF483A81F0DDEC716DFFDBBABD2042FFFFFFFFFFC8FFF00029B15628D431E6740A2A376
0E127C25720183A7800DE0D316E1A9BBABD2042FFFFFFFFFFC8FFF0002AD15628D431E6740A2A38E
0E15202575FC83A6E20DE38C16E3E5BB9BD2043FFFFFFFFFFC9FFF0002B115628D431E6740A2A3A6
0E169F25782D83A6710DE4EF16E500BB8BD2042FFFFFFFFFFC8FFF0002AE15628D431E6740A293BE
0E177425797D83A60F0DE5C616E5B7BB9BD2042FFFFFFFFFFC8FFF00029E15628D431E6640A2A3D6
0E1838257AA183A59F0DE5F416E5D6BB9BD3040FFFFFFFFFFC8FFF0002A915628E431E6640A293EE
0E189C257B3983A5280DE6A416E675BB9BD3042FFFFFFFFFFC8FFF00029615628E431E6640A28306
0E192F257C1D83A4AD0DE75A16E702BB9BD3043FFFFFFFFFFC8FFF0002A615628E431E6640A2831E
0E19E6257D2983A4250DE82016E79FBB9BD3043FFFFFFFFFFC8FFF0002AA15628E431E6640A28336
0E1A46257DC183A3920DE88216E7EEBB9BD3042FFFFFFFFFFC9FFF0002A715628E431E6640A2834E
0E1ADF257E9D83A3050DE91916E867BBABD3042FFFFFFFFFFC8FFF0002B215628E431E6640A28366
0E1BB7257FDF83A2960DE9F316E915BBBBD4043FFFFFFFFFFC8FFF0002A515628E431E6640A2837E
0E1C5E2580DC83A22E0DEA9516E99EBBBBD4043FFFFFFFFFFC8FFF0002AA15628E431E6640A27396
0E1D092581DC83A1AE0DEB2116EA0EBBABD4042FFFFFFFFFFC8FFF00029F15628E431E6640A273AE
0E1D9B2582C483A12D0DEBC116EA90BBABD4042FFFFFFFFFFC8FFF0002A815628E431E6640A283C6
0E1E8525842183A0BB0DECB516EB53BBBBD4042FFFFFFFFFFC8FFF0002AA15628E431E6640A263DE
0E1F3C25852D83A04E0DED6416EBE6BBBBD4043FFFFFFFFFFC8FFF0002AA15628E431E6640A263F6
0E207A258723839FC70DEEA116ECEFBBABD4042FFFFFFFFFFC8FFF0002A215628E431E6540A2630E
0E221725897F839F230DF03D16EE3EBBABD3042FFFFFFFFFFC9FFF0002AC15628E431E6540A26326
0E238A258BAE839E940DF1B216EF6ABBABD3042FFFFFFFFFFC9FFF0002AE15628F431E6540A2533E
0E246C258CFD839E280DF28516F018BBABD3042FFFFFFFFFFC9FFF0002A515628F431E6540A25356
0E258E258EBB839DBC0DF3B616F114BBBBD3042FFFFFFFFFFC9FFF0002AC15628F431E6540A2536E
0E2655258FE1839D4F0DF41016F163BBCBD3043FFFFFFFFFFC7FFF0002A015628F431E6540A25386
0E26D72590A7839CEF0DF4DE16F209BBBBD3043FFFFFFFFFFC8FFF00029E15628F431E6540A2439E
0E27072590F5839C760DF50716F228BBABD3042FFFFFFFFFFC8FFF0002A715628F431E6540A243B6
0E274A259165839BD40DF54916F260BBABD4042FFFFFFFFFFC8FFF0002A915628F431E6540A243CE
0E28552592EF839B1C0DF65F16F33BBB9BD4042FFFFFFFFFFC8FFF0002AF15628F431E6540A233E6
0E28D3259393839A8F0DF6DB16F397BB9BD4042FFFFFFFFFFC8FFF0002B315628F431E6540A243FE
0E28402592CC839A440DF73016F3D8BB9BD4042FFFFFFFFFFC8FFF0002AF15628F431E6540A23316
0E29982594CD8399F20DF7A416F43EBBABD4042FFFFFFFFFFC7FFF00029F15628F431E6540A2332E
0E29D925954183997A0DF7F316F488BBBBD4042FFFFFFFFFFC7FFF0002A515628F431E6540A23346
0E2C902599E08398E80DFA7A16F69EBBBBD3043FFFFFFFFFFC8FFF00029D15628F431E6440A2235E
0E2E20259C348398480DFC0616F7D2BBCBD3043FFFFFFFFFFC8FFF0002A815628F431E6440A22376
0E2F36259DF68397B90DFD6016F8FABBBBD3042FFFFFFFFFFC9FFF0002A5156290431E6440A2238E
0E313D25A10C8397500DFF5316FA89BBBBD4040FFFFFFFFFFC9FFF0002AF156290431E6440A223A6
0E31B825A1C48396F50DFFAE16FAD5BBABD4042FFFFFFFFFFC8FFF0002AC156290431E6440A213BE
0E317525A1818396800DFF7916FAB7BBBBD4042FFFFFFFFFFC9FFF0002A8156290431E6440A213D6
0E333E25A4398395F10E010616FC00BBCBD4042FFFFFFFFFFC9FFF0002A5156290431E6440A203EE
0E349325A63783955A0E026E16FD26BBBBD4043FFFFFFFFFFC9FFF0002A6156290431E6440A21306
0E363025A8D08394D80E042516FE96BBCBD4042FFFFFFFFFFC9FFF0002A9156290431E6440A2031E
0E383C25ABCF8394640E061F170033BBCBD4042FFFFFFFFFFC8FFF0002A3156290431E6440A20336
0E38A225AC628394010E0677170077BBCBD4042FFFFFFFFFFC7FFF0002AC156290431E6440A2034E
0E38DD25ACC183939D0E06B81700AFBBCBD4042FFFFFFFFFFC8FFF00029E156290431E6440A20366
0E38F825ACEF8393190E06BB1700B0BBBBD4044FFFFFFFFFFC8FFF00029D156290431E6440A2037E
0E390A25AD038392760E06DC1700C5BBABD4042FFFFFFFFFFC8FFF0002A6156290431E6340A20396
0E396325AD868391DC0E072A170100BBABD4042FFFFFFFFFFC8FFF0002A4156290431E6340A203AE
0E3B0825B01E83915B0E093D1702C4BBBBD4042FFFFFFFFFFC8FFF0002AF156290431E6340A1E3C6
0E3D1625B3248390EA0E0AFF17042CBBCBD4042FFFFFFFFFFC8FFF0002A4156291431E6340A1E3DE
0E3D8325B3D68390880E0BA11704B0BBBBD4042FFFFFFFFFFC8FFF00029C156291431E6340A1E3F6
0E3EA225B58883902A0E0C53170546BBBBD4042FFFFFFFFFFC9FFF0002A0156291431E6340A1E30E
0E3F8F25B6F6838FB80E0D4C170615BBBBD4044FFFFFFFFFFC8FFF0002A1156291431E6340A1E326
0E407C25B853838F130E0E2D1706C9BBABD4042FFFFFFFFFFC8FFF0002A0156291431E6340A1D33E
0E418D25B9FD838E570E0F3F1707ADBBBBD4042FFFFFFFFFFC8FFF0002AF156291431E6340A1D356
0E43DB25BD80838DC40E1177170986BBCBD4042FFFFFFFFFFC8FFF0002B1156291431E6340A1D36E
0E44E825BF00838D730E12D1170AA4BBBBD4042FFFFFFFFFFC8FFF0002AC156291431E6340A1C386
0E458125C05C838D2D0E13DE170B85BBBBD4042FFFFFFFFFFC8FFF00029B156291431E6340A1C39E
0E463E25C13A838CCA0E135A170B19BBBBD4042FFFFFFFFFFC8FFF00029E156291431E6240A1C3B6
0E479425C34A838C460E1525170CA5BBBBD4043FFFFFFFFFFC9FFF00029F156291431E6240A1C3CE
0E48D725C52A838BA40E1672170DAEBBCBD5042FFFFFFFFFFC8FFF00029C156291431E6240A1C3E6
0E49C825C6A3838AF60E1769170E73BBDBD5040FFFFFFFFFFC9FFF0002AC156291431E6240A1B3FE
0E4AE525C853838A630E187C170F54BBEBD5041FFFFFFFFFFC9FFF0002B0156292431E6240A1A316
0E4BA425C9858389FD0E194B170FF9BBEBD4042FFFFFFFFFFC8FFF0002AE156292431E6240A1A32E
0E4C2E25CA458389B60E19BD171057BBDBD4044FFFFFFFFFFC8FFF0002A5156292431E6240A1A346
0E4C3725CA608389530E19C217105CBBCBD5042FFFFFFFFFFC8FFF00028F156292431E6240A1A35E
0E4D4A25CC228388BE0E1A90171116BBCBD5042FFFFFFFFFFC9FFF000298156292431E6240A1A376
0E4F8C25CF5E8388210E1D18171319BBBBD5042FFFFFFFFFFC8FFF0002A3156292431E6240A1A38E
0E510625D1B58387900E1EA0171469BBABD5042FFFFFFFFFFC8FFF0002AB156292431E6240A193A6
0E522D25D35A8387000E1FAD17153EBBBBD4042FFFFFFFFFFC8FFF0002AE156292431E6240A193BE
0E52D325D44E8386930E20461715B6BBABD4043FFFFFFFFFFC8FFF0002AA156292431E6240A193D6
0E534C25D51F8386510E212117166BBB9BD3042FFFFFFFFFFC9FFF000297156292431E6240A183EE
0E54AC25D7348385F40E220A171730BBABD3042FFFFFFFFFFC8FFF00029A156292431E6140A19306
0E559B25D8A383854D0E22CD1717DABB9BD2042FFFFFFFFFFC8FFF000294156292431E6140A1831E
0E56B625DA4D8384910E242C1718F2BB8BD2043FFFFFFFFFFC9FFF0002A5156292431E6140A18336
0E593725DE268383FE0E26C3171B1BBB8BD2042FFFFFFFFFFC9FFF0002AC156293431E6140A1834E
0E5AA725E0478383930E284C171C5BBB8BD1042FFFFFFFFFFC8FFF0002AD156293431E6140A18366
0E5CBF25E3958383420E2A04171DDDBB8BD1042FFFFFFFFFFC8FFF0002A7156293431E6140A1737E
0E5DA825E4DC8382E10E2AF9171E89BB7BD0042FFFFFFFFFFC9FFF00028E156293431E6140A18396
0E5E9925E67E8382570E2B5E171F0CBB6BD0042FFFFFFFFFFC8FFF00029B156293431E6140A163AE
0E611A25EA418381B80E2E75172187BB6BD0044FFFFFFFFFFC8FFF000294156293431E6140A163C6
0E620125EB8183812D0E2F2F172218BB6BD0042FFFFFFFFFFC8FFF0002A3156293431E6140A163DE
0E627425EC448380B10E2FCF1722A4BB6BCF042FFFFFFFFFFC9FFF0002A7156293431E6140A163F6
0E630225ED2783803A0E30201722ECBB6BD0042FFFFFFFFFFC8FFF00029F156293431E6140A1630E
0E641825EED3837FD00E313D1723DCBB6BD0042FFFFFFFFFFC8FFF0002A5156293431E6140A16326
0E653625F0AC837F600E328C1724FBBB6BD0042FFFFFFFFFFC8FFF00028E156293431E6140A1533E
0E67FA25F4D6837EDF0E351017270EBB6BD0042FFFFFFFFFFC8FFF00029A156293431E6040A15356
0E698725F720837E540E36A7172858BB7BCF042FFFFFFFFFFC8FFF00029B156293431E6040A1436E
0E6A4625F837837DC20E37651728F1BB6BCF042FFFFFFFFFFC8FFF0002A1156293431E6040A14386
0E6A9F25F8C6837D3A0E37D8172951BB7BCF044FFFFFFFFFFC8FFF0002A6156294431E6040A1439E
0E6B5725F9DC837CD50E38971729EDBB7BCF044FFFFFFFFFFC8FFF0002A5156294431E6040A143B6
0E6BC325FA88837C710E38ED172A36BB7BCF042FFFFFFFFFFC9FFF0002A2156294431E6040A143CE
0E6D5E25FD36837BF40E39F7172B24BB7BD0042FFFFFFFFFFC9FFF00029F156294431E6040A143E6
0E707A260188837B5F0E3D6C172DD4BB6BCF042FFFFFFFFFFC9FFF00029E156294431E6040A133FE
0E707E260175837AC30E3D8B172DE2BB6BCF042FFFFFFFFFFC8FFF000296156294431E6040A13316
0E70EC260209837A470E3E03172E40BB4BCF042FFFFFFFFFFC8FFF00029F156294431E6040A1232E
0E71A22603378379E60E3EC5172EE4BB1BCD042FFFFFFFFFFC9FFF000297156294431E6040A13346
0E73652605E48379790E3FB7172FB3BAFBCB043FFFFFFFFFFC9FFF0002A0156294431E6040A1235E
0E74C12607F28378F20E415917311DBADBC9042FFFFFFFFFFCAFFF0002A2156294431E6040A12376
0E75952609398378680E428F17320EBACBC8042FFFFFFFFFFC9FFF000297156294431E6040A1238E
0E76022609E98377DF0E4300173271BABBC7042FFFFFFFFFFC9FFF000294156294431E6040A123A6
0E7682260ABE8377630E438B1732E8BABBC7042FFFFFFFFFFC9FFF00029D156294431E5F40A123BE
0E77B6260CA88376F10E44BB1733F4BABBC6042FFFFFFFFFFC7FFF000298156295431E5F40A113D6
0E79CB260FD08376730E46CD1735A8BABBC7042FFFFFFFFFFC7FFF00029D156295431E5F40A113EE
0E7B332611FF8375EF0E483A1736D7BABBC7042FFFFFFFFFFC8FFF0002A0156295431E5F40A10306
0E7D5226154083757A0E4A5617389ABABBC7042FFFFFFFFFFC8FFF00029E156295431E5F40A1031E
0E7E502616AF8375020E4B3B173958BACBC7042FFFFFFFFFFC7FFF00028B156295431E5F40A10336
0E7EFD2617D48374730E4BE31739EBBADBC7042FFFFFFFFFFC7FFF00029E156295431E5F40A1034E
0E80FF261AF58373E90E4DF8173BA9BAEBC7042FFFFFFFFFFC8FFF0002A1156295431E5F40A10366
0E82D2261D928373760E4FB0173D04BAFBC8042FFFFFFFFFFC9FFF0002A1156295431E5F40A0F37E
0E836E261E878373090E5048173D85BAFBC8042FFFFFFFFFFCAFFF00029E156295431E5F40A0F396
0E85CF26226D8372890E52BF173FABBAEBC8042FFFFFFFFFFCAFFF000293156295431E5F40A0E3AE
0E89D22628758371F20E569F1742E1BAEBC7042FFFFFFFFFFC9FFF00029A156295431E5F40A0E3C6
0E8C52262C3E83716B0E591C1744EFBACBC6042FFFFFFFFFFC8FFF00029A156295431E5F40A0E3DE
0E8DCC262E768371010E5A8D174622BABBC5042FFFFFFFFFFC8FFF00029E156296431E5E40A0E3F6
0E8FFC2632108370880E5CA91747FDBAABC5042FFFFFFFFFFC9FFF000296156296431E5E40A0E30E
0E934D2636F2836FFD0E5FB7174A72BABBC4042FFFFFFFFFFC9FFF00029D156296431E5E40A0E326
0E94FF26398D836F7E0E61B0174C1ABAABC3042FFFFFFFFFFC8FFF000297156296431E5E40A0E33E
0E9615263B3E836F030E62B4174CF9BA9BC2042FFFFFFFFFFC9FFF00029B156296431E5E40A0D356
0E97CC263DEC836E7F0E645A174E61BA7BC0043FFFFFFFFFFC9FFF00029A156296431E5E40A0D36E
0E9928264028836DF80E65B9174F95BA6BC0043FFFFFFFFFFCAFFF00028F156296431E5E40A0D386
0E9AED2642F7836D780E678517511EBA4BBF042FFFFFFFFFFC8FFF00029A156296431E5E40A0C39E
0E9DC826476B836CFE0E6A6C175394BA5BBF042FFFFFFFFFFC8FFF000296156296431E5E40A0C3B6
0EA11D264C92836C7F0E6DA917564BBA4BBF042FFFFFFFFFFC8FFF00029B156296431E5E40A0C3CE
0EA3AA265075836C030E704017586FBA4BBE042FFFFFFFFFFC8FFF000298156296431E5E40A0C3E6
0EA628265431836B910E7296175A5FBA3BBE043FFFFFFFFFFC9FFF000298156296431E5E40A0C3FE
0EA70626558C836B120E7364175B0EBA2BBE043FFFFFFFFFFC9FFF00029A156296431E5E40A0B316
0EA8902657F9836A6F0E74F9175C67BA1BBD043FFFFFFFFFFC9FFF000294156297431E5E40A0A32E
0EAA3B265A7E8369D50E7697175DB8BA2BBE043FFFFFFFFFFC9FFF00029F156297431E5E40A0A346
0EABAE265CB183696C0E7818175EF6BA2BBE042FFFFFFFFFFC9FFF000295156297431E5E40A0A35E
0EACE2265E8A8369130E793F175FEBBA1BBD042FFFFFFFFFFC9FFF00029A156297431E5D40A0A376
0EADF826603D83689A0E795517600EB9FBBC050FFFFFFFFFFC8FFF000296156297431E5D40A0A38E
0EAE9E2661358368080E7A9717610AB9EBBB043FFFFFFFFFFC8FFF000294156297431E5D40A0A3A6
0EAF0F2661DA8367760E7B4E17619BB9DBBB043FFFFFFFFFFC9FFF00028D156297431E5D40A093BE
0EAFE326632B8366EB0E7C3917625EB9CBB9043FFFFFFFFFFC8FFF00029B156297431E5D40A093D6
0EB16326658083666E0E7DAB176397B9CBB8055FFFFFFFFFFCAFFF00029E156297431E5D40A083EE
0EB62D266D438365FC0E82B41767EAB9BBB704EFFFFFFFFFFCAFFF00029B156297431E5D40A08306
0EBA332672E583657E0E863D176ABFB9ABB6043FFFFFFFFFFC9FFF00028F156297431E5D40A0831E
0EBA772673688364F60E8665176AECB9ABB5042FFFFFFFFFFC9FFF000294156298431E5D40A08336
0EBBFC2675CF83647A0E8821176C62B9BBB5042FFFFFFFFFFC8FFF00028C156298431E5D40A0834E
0EBD602677EF8364000E897B176D87B9CBB5044FFFFFFFFFFC8FFF00028F156298431E5D40A08366
0EBE142679088363790E8A1E176E0EB9BBB5043FFFFFFFFFFC8FFF000298156298431E5C40A0837E
0EBEA82679E68362ED0E8AB0176E83B9ABB5043FFFFFFFFFFC9FFF000296156298431E5C40A08396
0EBEED267A508362790E8B00176EC5B99BB4043FFFFFFFFFFC9FFF000292156298431E5C40A073AE
0EBF42267ADB83623D0E8BFB176F9BB99BB4135FFFFFFFFFFC9FFF00028C156298431E5C40A063C6
0EC27A267FF88361F50E8F2117723BB99BB3043FFFFFFFFFFC7FFF000295156298431E5C40A063DE
0EC4782682C88361BD0E906B17734AB98BB3043FFFFFFFFFFCBFFF00028F156298431E5C40A063F6
0EC4F62683878361B20E90DF1773B1B97BB2042FFFFFFFFFFC8FFF000299156298431E5C40A0630E
0EC55C26842C83619B0E914817740EB96BB115CFFFFFFFFFFC9FFF000296156298431E5C40A06326
0EC5EE2685108361730E91E017748FB96BB0043FFFFFFFFFFC9FFF000282156298431E5C40A0533E
0EC64B26859E83615A0E92391774DDB95BB0042FFFFFFFFFFC9FFF000294156299431E5C40A05356
0EC6502685B78361660E923C1774E2B93BAF042FFFFFFFFFFC8FFF000295156299431E5C40A0536E
0EC61D26857283617F0E92011774B7B92BAF05EFFFFFFFFFFC8FFF000295156299431E5C40A04386
0EC5D626850F8361900E91CB17748FB92BAF044FFFFFFFFFFC8FFF000296156299431E5C40A0439E
0EC5FF2685528361870E91F01774ACB93BB0042FFFFFFFFFFC8FFF000297156299431E5B40A043B6
0EC6662685E88361660E92531774FEB93BB0043FFFFFFFFFFC8FFF000287156299431E5B40A043CE
0EC6792686098361610E926B177515B93BB00FEFFFFFFFFFFCAFFF000296156299431E5B40A043E6
0EC64E2685CD8361800E92351774EBB93BB00B5FFFFFFFFFFCAFFF000294156299431E5B40A043FE
0EC5B32684E18361A00E919D177472B94BAF044FFFFFFFFFFC8FFF000290156299431E5B40A03316
0EC5B12684E483619F0E919C177473B93BAF042FFFFFFFFFFCAFFF000287156299431E5B40A0232E
0EC6422685BF83617C0E92321774EBB94BAF09DFFFFFFFFFFC8FFF000295156299431E5B40A02346
0EC65A2685E88361680E924C177503B94BAF11AFFFFFFFFFFC9FFF00029A15629A431E5B40A0235E
0EC6562685E98361760E9246177501B95BAF043FFFFFFFFFFC9FFF00029C15629A431E5B40A02376
0EC61A26858B83618C0E92131774DAB94BAF042FFFFFFFFFFC9FFF00029815629A431E5B40A0238E
0EC5D52685278361960E91CC17749FB94BAF042FFFFFFFFFFC9FFF00028815629A431E5B40A023A6
0EC5C52685148361980E91B9177490B93BB0060FFFFFFFFFFC9FFF00028415629A431E5B40A023BE
0EC5C82685188361970E91D21774A6B92BB0043FFFFFFFFFFCAFFF00028F15629A431E5A40A013D6
0EC5FD2685638361900E923E1774FFB93BB0042FFFFFFFFFFC9FFF00029515629A431E5A40A003EE
0EC63A2685BB8361870E922D1774F2B93BB0043FFFFFFFFFFC9FFF00029715629A431E5A40A01306
0EC6502685E88361890E9252177511B93BB018EFFFFFFFFFFC8FFF00029615629A431E5A40A0031E
0EC66126860783618C0E924C17750AB93BAF043FFFFFFFFFFCAFFF00029515629A431E5A40A00336
0EC6522685E883618B0E9257177515B92BAF042FFFFFFFFFFCAFFF00029515629A431E5A40A0034E
0EC5F626856583618B0E92091774D5B91BAF042FFFFFFFFFFCAFFF00029415629B431E5A40A00366
0EC5B22684FE8361970E91A9177486B92BAF184FFFFFFFFFFCAFFF00029115629B431E5A40A0037E
0EC57F2684BC8361A40E917C177461B94BAF055FFFFFFFFFFCAFFF00028615629B431E5A409FF396
0EC5732684AA8361A00E917617745CB94BB0042FFFFFFFFFFCAFFF00028F15629B431E5A409FF3AE
0EC56D2684A18361A10E916617744DB95BB0043FFFFFFFFFFCAFFF00028915629B431E5A409FE3C6
0EC55826847E8361A20E915A177442B95BAF0A0FFFFFFFFFFC9FFF00028C15629B431E5A409FE3DE
0EC5B12684FF83617F0E91A9177483B96BB007EFFFFFFFFFFC8FFF00029815629B431E5A409FE3F6
0EC60126857A8361650E920F1774D8B95BB0043FFFFFFFFFFC8FFF00029715629B431E5A409FE30E
0EC5B02684FF83618C0E91AC17748AB94BB0043FFFFFFFFFFC9FFF00028915629B431E59409FD326
0EC4B226837D8361C20E90B41773C2B93BB00AEFFFFFFFFFFC9FFF00028C15629B431E59409FD33E
0EC43D2682DB8361C10E903C17735AB93BAF142FFFFFFFFFFCAFFF00028C15629C431E59409FD356
0EC5042683FF8361A10E911317740BB93BB0043FFFFFFFFFFC9FFF00028815629C431E59409FD76E
0EC5762684AF8361870E916917744FB93BB0043FFFFFFFFFFC9FFF00029315629C431E59409FC786
0EC5982684D58361840E917D177466B94BAF043FFFFFFFFFFC9FFF00029715629C431E59409FC39E
0EC57726849D83618D0E917617745DB93BB01C0FFFFFFFFFFC9FFF00028D15629C431E59409FC7B6
0EC5462684518361A00E9144177435B92BB0042FFFFFFFFFFC9FFF00029115629C431E59409FC3CE
0EC4DB2683AB8361B10E910A177403B91BB0043FFFFFFFFFFC9FFF00028E15629C431E59409FC7E6
0EC4742683178361B40E909A1773A5B91BAF043FFFFFFFFFFC9FFF00028515629C431E59409FB3FE
0EC49D2683458361A80E90B11773BBB92BB011DFFFFFFFFFFC9FFF00029015629C431E59409FB716
0EC51826840B8361980E911917740EB93BB0043FFFFFFFFFFC9FFF00029215629C431E59409FB32E
0EC53C2684378361920E910D177408B94BAF042FFFFFFFFFFC9FFF00028A15629C431E58409FA746
0EC53B2684458361940E911E177413B94BAF56AFFFFFFFFFFC9FFF00029315629D431E58409FA35E
0EC50B26840283619F0E91011773FEB94BAF1C4FFFFFFFFFFC9FFF00029215629D431E58409FA776
0EC4B826837B8361B00E909E1773ADB93BAF05BFFFFFFFFFFC9FFF00029115629D431E58409FA38E
0EC4352682BE8361BA0E907D177397B93BAF043FFFFFFFFFFCAFFF00028615629D431E58409FA7A6
0EC40B2682788361BA0E902417734BB94BAF043FFFFFFFFFFC7FFF00028F15629D431E58409FA3BE
0EC4542682EC8361A30E9068177382B93BB0147FFFFFFFFFFC8FFF00029215629D431E58409F97D6
0EC4EA2683C38361850E9106177401B92BAF0E4FFFFFFFFFFC8FFF00028D15629D431E58409F83EE
0EC52E26841D8361880E90DF1773E4B92BAF042FFFFFFFFFFC9FFF00029515629D431E58409F8706
0EC4512682D28361B30E906A177383B92BAF042FFFFFFFFFFCAFFF00029115629D431E58409F831E
0EC3BA2681FA8361D30E8FC51772FCB92BB0082FFFFFFFFFFCAFFF00028515629D431E58409F8736
0EC3B32681E98361CB0E8FDA17730FB92BB00E5FFFFFFFFFFC9FFF00028E15629E431E57409F874E
0EC4192682868361A80E9041177360B92BB0043FFFFFFFFFFC9FFF00029115629E431E57409F8366
0EC49826833183618A0E909C1773A6B92BB0043FFFFFFFFFFC9FFF00028E15629E431E57409F837E
0EC5272683F68361890E9081177393B92BB0043FFFFFFFFFFCAFFF00029615629E431E57409F8396
0EC49A26833A8361A40E9082177395B94BAF1FEFFFFFFFFFFCAFFF00028B15629E431E57409F73AE
0EC3DF2682248361C70E8FD3177306B95BAF043FFFFFFFFFFCAFFF00028E15629E431E57409F73C6
0EC3802681988361D90E8FA31772DEB95BAF043FFFFFFFFFFC9FFF00028315629E431E57409F63DE
0EC3B12681E68361BF0E8FE6177315B93BAF043FFFFFFFFFFC8FFF00029015629E431E57409F63F6
0EC4322682AA8361920E906A177380B94BAF209FFFFFFFFFFC8FFF00029715629E431E57409F630E
0EC4CF2683998361840E9074177385B93BAF043FFFFFFFFFFC9FFF00029115629E431E57409F6326
0EC4AC26835A83619D0E9085177397B93BAF042FFFFFFFFFFC9FFF00029515629E431E57409F633E
0EC4022682628361C10E8FF9177329B92BAF043FFFFFFFFFFC9FFF00028F15629F431E57409F5356
0EC3982681BE8361D70E8F801772C4B92BB0132FFFFFFFFFFC9FFF00028D15629F431E56409F536E
0EC35B2681598361D30E8FBD1772E9B94BB0053FFFFFFFFFFC9FFF00028F15629F431E56409F5386
0EC3BD2681F78361B80E8FD0177304B93BAF043FFFFFFFFFFC9FFF00028A15629F431E56409F439E
0EC4172682808361920E9050177368B92BB0043FFFFFFFFFFC8FFF00029615629F431E56409F43B6
0EC48926831583618A0E9035177354B93BAF168FFFFFFFFFFCAFFF00028D15629F431E56409F43CE
0EC4092682738361B50E8FF017731CB94BAF0FBFFFFFFFFFFC9FFF00028815629F431E56409F43E6
0EC31D26810F8361E30E8F2D177281B93BAF044FFFFFFFFFFC9FFF00028D15629F431E56409F43FE
0EC3552681658361D40E8F9B1772D8B94BAF043FFFFFFFFFFC9FFF00028E15629F431E56409F3316
0EC40726825D8361970E902D177350B93BAF0D1FFFFFFFFFFC8FFF00028B15629F431E56409F232E
0EC4A92683448361710E9088177394B93BAF198FFFFFFFFFFC9FFF0002971562A0431E56409F3346
0EC48D26831F8361780E906617737CB93BAF043FFFFFFFFFFC9FFF0002951562A0431E56409F235E
0EC4802683198361990E9059177374B93BAF043FFFFFFFFFFC9FFF0002881562A0431E56409F2376
0EC4622682ED8361980E907D17738EB92BAF043FFFFFFFFFFCAFFF00028D1562A0431E55409F238E
0EC4CD2683968361730E90EE1773EDB92BAF16DFFFFFFFFFFC9FFF00028E1562A0431E55409F23A6
0EC54526843B83614B0E9187177466B93BAF043FFFFFFFFFFC9FFF0002921562A0431E55409F13BE
0EC5F126852B8361410E916517744AB93BAE043FFFFFFFFFFC8FFF00028D1562A0431E55409F13D6
0EC61E26857A8361340E912F17741FB93BAF043FFFFFFFFFFC9FFF0002931562A0431E55409F13EE
0EC64C2685BE83611A0E92061774D2B94BB024CFFFFFFFFFFC9FFF0002901562A0431E55409F0306
0EC6652685D283610C0E92201774E7B95BB0043FFFFFFFFFFC9FFF0002871562A0431E55409F031E
0EC6692685F68361150E92151774E5B95BAF042FFFFFFFFFFC9FFF0002911562A1431E55409F0336
0EC6862686318361110E924C177513B96BAF043FFFFFFFFFFC9FFF00028A1562A1431E55409F034E
0EC6D62686AB8360E10E92D3177581B95BAF249FFFFFFFFFFC9FFF00028A1562A1431E55409F0366
0EC6F82686E48360AC0E93091775ACB95BAF06AFFFFFFFFFFC9FFF0002901562A1431E55409F037E
0EC74826875C8360960E92F81775A1B94BAE043FFFFFFFFFFC9FFF0002921562A1431E55409F0396
0EC7892687B78360970E93011775A6B93BAE043FFFFFFFFFFC9FFF0002891562A1431E55409EE3AE
0EC79F2687E58360900E92EF17759CB92BAE11CFFFFFFFFFFC9FFF00028F1562A1431E55409EE3C6
0EC7E426885C83605E0E93CC177651B91BAD0D0FFFFFFFFFFCAFFF0002851562A1431E55409EE3DE
0EC85826890C83601D0E946A1776D1B91BAD043FFFFFFFFFFC9FFF0002891562A1431E55409EE3F6
0EC85526890E8360010E944C1776B8B91BAD043FFFFFFFFFFC9FFF0002931562A1431E55409EE30E
0EC86226891C83600B0E94491776B5B91BAD0F0FFFFFFFFFFC8FFF00028F1562A2431E54409EE326
0EC88E268974835FEF0E94681776D3B90BAE1E1FFFFFFFFFFC8FFF0002811562A2431E54409EE33E
0EC8E92689F9835FAC0E94F3177744B91BAE043FFFFFFFFFFC9FFF0002811562A2431E54409ED356
0EC9CE268B5A835F610E963717784EB91BAE043FFFFFFFFFFCAFFF0002911562A2431E54409ED36E
0ECACF268CED835F320E962317783DB91BAE043FFFFFFFFFFC9FFF0002961562A2431E54409ED386
0ECBA4268E1C835F100E951417775FB90BAF2A5FFFFFFFFFFC9FFF0002821562A2431E54409EC39E
0ECC6B268F60835EF00E96EA1778F7B90BAF043FFFFFFFFFFC9FFF0002901562A2431E54409EC3B6
0ECCC9268FDA835ECF0E9886177A34B90BAF043FFFFFFFFFFC9FFF0002821562A2431E54409EC3CE
0ECCD3268FE9835EB20E98A7177A56B90BAE043FFFFFFFFFFC8FFF0002881562A2431E54409EC3E6
0ECCE9269010835E7F0E98CC177A73B91BAE1FBFFFFFFFFFFC8FFF0002811562A2431E54409EC3FE
0ECD5A2690B8835E2D0E9947177AD8B92BAE043FFFFFFFFFFCBFFF00028F1562A3431E54409EB316
0ECD892690FA835DDD0E996E177AF2B92BAD043FFFFFFFFFFCAFFF0002941562A3431E54409EB32E
0ECDDA26916A835DB50E9996177B0EB91BAE043FFFFFFFFFFC9FFF00028D1562A3431E54409EB346
0ECE9226928C835DA70E9953177AE1B92BAF2B9FFFFFFFFFFCAFFF0002931562A3431E54409EA35E
0ECF7D26940A835D900E9A01177B73B92BAF074FFFFFFFFFFC9FFF0002841562A3431E53409EA376
0ECFFC2694A9835D640E9BBB177CD8B92BAE043FFFFFFFFFFC9FFF00027E1562A3431E53409EA38E
0ED035269506835D180E9C24177D32B92BAE043FFFFFFFFFFC8FFF0002871562A3431E53409EA3A6
0ED100269648835CC80E9D0A177DFAB92BAD1FBFFFFFFFFFFC8FFF0002851562A3431E53409EA3BE
0ED2192697FB835C9B0E9DAB177E82B92BAD159FFFFFFFFFFC8FFF00028C1562A3431E53409EA3D6
0ED28E2698B6835C8B0E9D6F177E56B92BAE043FFFFFFFFFFC9FFF0002931562A3431E53409E93EE
0ED2B12698E4835C620E9E18177EE8B92BAE042FFFFFFFFFFC9FFF0002911562A4431E53409E9306
0ED2BE2698FA835C1F0E9E8B177F3EB92BAE0DFFFFFFFFFFFC9FFF00028F1562A4431E53409E931E
0ED2BD2698FB835BDE0E9E84177F36B91BAE1C5FFFFFFFFFFC9FFF00028E1562A4431E53409E8336
0ED2C6269912835BB60E9E82177F35B91BAE042FFFFFFFFFFC8FFF0002781562A4431E53409E834E
0ED2E226993F835BA10E9E65177F1DB92BAE043FFFFFFFFFFC9FFF0002861562A4431E52409E8366
0ED2DF269932835B660E9EA3177F4EB92BAE045FFFFFFFFFFC9FFF0002881562A4431E52409E837E
0ED2E1269934835B010E9E9D177F48B92BAE351FFFFFFFFFFC9FFF0002921562A4431E53409E8396
0ED3B4269A66835ABE0EA0511780BCB92BAE03FFFFFFFFFFFCAFFF0002971562A4431E53409E73AE
0ED5B6269D9A835A9F0E9FA5178015B92BAD03FFFFFFFFFFFCAFFF00028A1562A4431E52409E63C6
0ED688269ED9835A570EA1E717820FB92BAD03FFFFFFFFFFFC9FFF00028E1562A4431E52409E63DE
0ED77E26A05C8359F00EA356178340B92BAD386FFFFFFFFFFC8FFF00028C1562A5431E52409E63F6
0ED8B726A22E83599C0EA47117842AB92BAC03FFFFFFFFFFFC9FFF00028C1562A5431E52409E630E
0ED8E026A2858359720EA3D31783ADB91BAC03FFFFFFFFFFFC9FFF0002821562A5431E52409E6326
0ED91E26A2ED8359400EA37C17836DB91BAB03FFFFFFFFFFFC8FFF0002881562A5431E52409E633E
0EDA2C26A4A58358DF0EA5E0178562B90BAB2AEFFFFFFFFFFC7FFF00028B1562A5431E52409E6356
0EDC0626A77C8358530EA7AC1786E2B8FBAB074FFFFFFFFFFCAFFF00027F1562A5431E52409E636E
0EDEEC26ABCC8357C60EAA81178930B8EBAB03FFFFFFFFFFFCAFFF0002941562A5431E52409E5386
0EE04926ADBA83576C0EABDB178A45B8DBA903FFFFFFFFFFFC9FFF0002961562A5431E52409E539E
0EE15926AF638357400EACE1178B1BB8DBA827FFFFFFFFFFFC8FFF0002861562A5431E52409E53B6
0EE2CD26B18F8357100EAE47178C4BB8BBA71AAFFFFFFFFFFC8FFF0002861562A5431E51409E43CE
0EE31B26B2178356A80EAEA5178C9EB89BA603FFFFFFFFFFFC9FFF0002831562A6431E51409E43E6
0EE35026B26C8356210EAEDE178CCDB87BA503FFFFFFFFFFFC9FFF0002881562A6431E51409E43FE
0EE37826B2A28355980EAF0D178CF0B87BA4178FFFFFFFFFFC9FFF00027E1562A6431E51409E4316
0EE49A26B48383551D0EB00C178DCAB86BA3301FFFFFFFFFFC9FFF0002941562A6431E51409E432E
0EE7AB26B90C8354B90EB2FD179028B86BA303FFFFFFFFFFFC9FFF0002941562A6431E51409E3346
0EE8F026BAE08354600EB46517914CB84BA203FFFFFFFFFFFC9FFF00028F1562A6431E51409E335E
0EEAFE26BE128354060EB67C17930BB83BA1041FFFFFFFFFFCAFFF0002801562A6431E51409E2376
0EEC9126C07D8353B90EB806179456B83BA03A0FFFFFFFFFFCAFFF00027C1562A6431E51409E238E
0EEE1226C2DA8353580EB964179583B82B9E03FFFFFFFFFFFCAFFF0002831562A6431E51409E23A6
0EF12E26C7CC8352B30EBC6D179820B7FB9D03FFFFFFFFFFFC9FFF0002801562A6431E51409E23BE
0EF5B526CE5B8351FB0EC0F1179BC0B7DB9C03FFFFFFFFFFFC9FFF0002941562A7431E51409E23D6
0EF5FE26CEE583518A0EC121179BE3B7BB9A4C6FFFFFFFFFFCAFFF00029A1562A7431E51409E23EE
0EF4BB26CCEA8351540EBC5017980FB79B9803FFFFFFFFFFFC9FFF0002931562A7431E51409E1306
0EF88126D3188351070EC36A179E15B78B9703FFFFFFFFFFFC9FFF0002821562A7431E50409E031E
0EFD9C26DABF8350930EC8D717A27BB77B95041FFFFFFFFFFC9FFF0002831562A7431E50409E0336
0EFE3626DB8D8350140EC96817A2EAB77B954AFFFFFFFFFFFC9FFF00027A1562A7431E50409E034E
0EFF3826DD6D834F850ECA3F17A3AFB78B950A6FFFFFFFFFFC9FFF0002801562A7431E50409E0366
0F029D26E26B834EEB0ECDAD17A680B79B9603FFFFFFFFFFFC9FFF0002901562A7431E50409E037E
0F059326E70F834E640ED05F17A8C8B7AB9703FFFFFFFFFFFCAFFF0002941562A7431E50409E0396
0F06DD26E910834E030ED1D117A9FCB78B962D7FFFFFFFFFFCBFFF00028D1562A8431E50409E03AE
0F085C26EB84834DB10ED31917AB18B77B941E3FFFFFFFFFFC8FFF00028A1562A8431E50409E03C6
0F0A3426EE4F834D480ED53817ACE9B75B9303FFFFFFFFFFFC9FFF0002881562A8431E50409E03DE
0F0B5226F014834CBC0ED65317ADD6B75B9303FFFFFFFFFFFC9FFF0002751562A8431E4F409E03F6
0F0C7B26F1F3834C240ED78317AED9B76B921FBFFFFFFFFFFC9FFF0002871562A8431E4F409DE30E
0F0F8C26F6A5834BA00EDA8317B162B77B933EBFFFFFFFFFFC8FFF00028F1562A8431E50409E0326
0F119C26F9B2834B370EDC8E17B30AB77B93044FFFFFFFFFFC9FFF0002931562A8431E4F409DE33E
0F137126FCAD834AD80EDE3A17B480B77B94044FFFFFFFFFFCAFFF0002871562A8431E4F409DE356
0F155426FFA9834A600EE01017B61BB79B95065FFFFFFFFFFCAFFF00028A1562A8431E4F409DE36E
0F185B27044B8349D80EE33417B8BBB7BB965BDFFFFFFFFFFC9FFF0002881562A8431E4F409DD386
0F1A982707C18349630EE58617BAAAB7BB97041FFFFFFFFFFC9FFF00027F1562A9431E4F409DD39E
0F1CB9270AFC8348F70EE78F17BC62B7BB96043FFFFFFFFFFC9FFF0002891562A9431E4F409DC3B6
0F1E61270D958348740EE93717BDC6B7BB96040FFFFFFFFFFC9FFF00028C1562A9431E4F409DC3CE
0F20982711018347D80EEB4E17BF83B7BB9754DFFFFFFFFFFC9FFF0002891562A9431E4F409DC3E6
0F21F72712F88347520EECB817C0A5B79B9703FFFFFFFFFFFC9FFF0002941562A9431E4F409DC3FE
0F227B2713D58346EB0EED4117C11EB78B9603FFFFFFFFFFFC9FFF00028F1562A9431E4F409DC316
0F23D02715D88346760EEE5317C1FDB78B96042FFFFFFFFFFC9FFF0002861562A9431E4E409DC32E
0F25212717C68345F90EEE7417C218B79B95606FFFFFFFFFFC9FFF0002821562A9431E4E409DC346
0F26B9271A3F83457F0EF16917C483B77B950C6FFFFFFFFFFC8FFF0002851562A9431E4E409DB35E
0F280E271C388345000EF2B617C597B75B9303FFFFFFFFFFFC8FFF0002791562A9431E4E409DB376
0F29C9271EFF8344750EF46017C707B72B9003FFFFFFFFFFFC9FFF0002901562AA431E4E409DA38E
0F2D6C27245C8343EC0EF82817CA15B6EB8E45FFFFFFFFFFFC9FFF0002921562AA431E4E409DA3A6
0F2EBE27263D8343670EF96217CB0BB6CB8B2BAFFFFFFFFFFC9FFF00028F1562AA431E4E409DA3BE
0F30C92729708342EE0EFB2D17CC90B6AB8903FFFFFFFFFFFC9FFF0002811562AA431E4E409DA3D6
0F3252272BB083427E0EFC3B17CD72B69B87040FFFFFFFFFFCAFFF00027F1562AA431E4E409DA3EE
0F3314272CE38342080EFD1317CE20B67B8522CFFFFFFFFFFCAFFF0002871562AA431E4E409DA306
0F33AA272DE48341880EFE2017CF0DB64B84442FFFFFFFFFFC9FFF0002891562AA431E4E409D931E
0F357A2730B38340F80F000817D0A1B62B8303FFFFFFFFFFFC8FFF00028C1562AA431E4E409D9336
0F36672732218340730F00E517D15BB61B8103FFFFFFFFFFFCAFFF00028F1562AA431E4D409D834E
0F36F727330D8340060F017517D1D7B62B8008AFFFFFFFFFFC9FFF00028E1562AB431E4D409D8366
0F384827354C833F910F028517D2C1B61B80725FFFFFFFFFFC9FFF00028A1562AB431E4D409D837E
0F3B0A27394A833F030F04E617D4A6B61B81041FFFFFFFFFFCAFFF0002891562AB431E4D409D8396
0F3BC0273A45833E660F062917D5A9B62B8103FFFFFFFFFFFC9FFF0002791562AB431E4D409D83AE
0F3BDC273A78833DE60F064317D5BEB62B80041FFFFFFFFFFC8FFF00028C1562AB431E4D409D83C6
0F3BC3273A54833D990F064717D5BFB61B7F7C7FFFFFFFFFFC9FFF00028B1562AB431E4D409D83DE
0F3C8F273BB9833D3D0F070E17D677B5FB7F03FFFFFFFFFFFC8FFF0002891562AB431E4D409D73F6
0F3FE82740E9833CA00F098C17D892B5FB7E042FFFFFFFFFFC9FFF0002821562AB431E4D409D630E
0F442927471A833BEF0F0E8B17DC98B5EB7D03FFFFFFFFFFFC9FFF00028C1562AB431E4D409D7326
0F45A527493E833B6A0F0FF217DDB9B5AB7C68EFFFFFFFFFFC8FFF0002901562AB431E4D409D633E
0F46022749F5833B0C0F107817DE2CB58B7A0D9FFFFFFFFFFC8FFF00028E1562AC431E4C409D6356
0F45EE2749CC833AA60F0FF917DDCBB57B78043FFFFFFFFFFC8FFF00028A1562AC431E4C409D636E
0F46B8274B50833A240F107D17DE5AB57B7703FFFFFFFFFFFC8FFF00027E1562AC431E4C409D6386
0F4AC42751458339950F151D17E20FB56B76565FFFFFFFFFFCAFFF0002891562AC431E4C409D639E
0F4CB327542D8339080F16F017E393B55B7534CFFFFFFFFFFCAFFF0002841562AC431E4C409D53B6
0F4DD52755DE83388D0F182617E498B55B7403FFFFFFFFFFFC8FFF00028F1562AC431E4C409D53CE
0F50532759E68338250F1ABD17E6CBB54B73042FFFFFFFFFFC8FFF00028B1562AC431E4C409D53E6
0F541C275FAC8337B10F1CF917E8A1B54B73332FFFFFFFFFFCAFFF0002841562AC431E4C409D53FE
0F55DF2762268337270F1E4C17E9D1B54B715D6FFFFFFFFFFC9FFF0002801562AC431E4C409D4316
0F57CE2765518336980F220017ECD8B52B71041FFFFFFFFFFC9FFF0002891562AD431E4C409D432E
0F5AE0276A008336150F24F417EF53B51B70043FFFFFFFFFFC9FFF00028B1562AD431E4B409D4346
0F5D69276DD18335990F273417F130B4FB6F09DFFFFFFFFFFC9FFF0002851562AD431E4B409D435E
0F5ED527700C83351E0F262817F05FB4EB6F7BBFFFFFFFFFFC9FFF00028E1562AD431E4B409D4376
0F612B2773918334A50F2B0017F450B4EB6E041FFFFFFFFFFC9FFF0002831562AD431E4B409D338E
0F630827765583343C0F2CF717F5EDB4CB6E043FFFFFFFFFFC9FFF0002791562AD431E4B409D23A6
0F6585277A658333CD0F2F6117F7FEB4AB6D041FFFFFFFFFFCAFFF0002871562AD431E4B409D23BE
0F6ADF2782608333360F346617FC2CB49B6C973FFFFFFFFFFCAFFF0002891562AD431E4B409D23D6
0F6FE52789EA8332850F39BB18009AB48B6B03FFFFFFFFFFFCAFFF0002851562AD431E4B409D23EE
0F7280278DCA8331F80F3C3518029BB4AB6A043FFFFFFFFFFCAFFF0002921562AE431E4B409D2306
0F72DD278E848331A30F3CC318031EB49B69040FFFFFFFFFFCAFFF0002911562AE431E4B409D231E
0F75B42793038331520F3F8A180560B46B688F5FFFFFFFFFFCAFFF0002831562AE431E4B409D2336
0F77922795D18330E00F3EDA1804FBB45B67114FFFFFFFFFFC9FFF0002861562AE431E4B409D134E
0F7C44279CB38330500F457A180A64B46B65043FFFFFFFFFFCAFFF0002851562AE431E4A409D1366
0F7FB627A1E0832FB60F4930180D6CB45B64043FFFFFFFFFFCAFFF0002811562AE431E4A409D037E
0F819127A4D2832F240F4B13180F03B43B635D4FFFFFFFFFFC9FFF00028D1562AE431E4A409D0396
0F837E27A7F9832E9A0F4CEE18109BB42B6138EFFFFFFFFFFC9FFF0002901562AE431E4A409D03AE
0F887627AF86832E1A0F513A181438B41B60041FFFFFFFFFFC8FFF0002901562AE431E4A409D03C6
0F8C2F27B511832DBC0F55CB1817F5B40B5F043FFFFFFFFFFC8FFF00028C1562AF431E4A409D03DE
0F8DDC27B7AB832D700F582B1819EDB3FB5E3EBFFFFFFFFFFC9FFF00027D1562AF431E4A409D03F6
0F8D2227B691832CF70F565A18184EB3EB5D6D3FFFFFFFFFFCAFFF0002831562AF431E4A409D030E
0F91D727BDDC832C4A0F5AA0181C11B3CB5C03FFFFFFFFFFFCAFFF0002871562AF431E4A409CF326
0F95DB27C404832BA30F5F1E181FC1B3AB5B03FFFFFFFFFFFCAFFF0002861562AF431E4A409CE33E
0F9A3827CA55832B2F0F6396182363B38B5A117FFFFFFFFFFCAFFF0002931562AF431E4A409CF356
0F9ADD27CB4C832ACB0F646218240FB36B579FAFFFFFFFFFFC8FFF0002901562AF431E4A409CE36E
0F98F027C86E832A510F621318224FB33B56044FFFFFFFFFFC9FFF0002881562AF431E49409CE386
0F9B4027CC918329D60F63C71823D3B32B55041FFFFFFFFFFC9FFF0002711562AF431E49409CE39E
0FA2FF27D7D683296B0F6CFA182B35B33B54040FFFFFFFFFFCAFFF0002811562AF431E49409CE3B6
0FA6F227DDD28328F60F7025182DDBB31B52A26FFFFFFFFFFC8FFF0002861562B0431E49409CD3CE
0FA96C27E19983285E0F716E182EF7B2EB50042FFFFFFFFFFC9FFF00028C1562B0431E49409CD3E6
0FADCA27E8418327BE0F76A318333FB2CB4E043FFFFFFFFFFCAFFF00028F1562B0431E49409CC3FE
0FAF9D27EAD783273A0F787D1834B5B2BB4D042FFFFFFFFFFCAFFF00028D1562B0431E49409CD316
0FAFBF27EB2A8326D30F78A51834DCB28B4B042FFFFFFFFFFCAFFF00028A1562B0431E49409CC32E
0FAFC027EB4B8326770F78E9183534B28B4A043FFFFFFFFFFCAFFF0002861562B0431E49409CC346
0FB04227EC458326010F76F818338AB28B49042FFFFFFFFFFCAFFF0002821562B0431E48409CC35E
0FB5E927F49B83256B0F7CA4183850B27B48042FFFFFFFFFFCAFFF0002821562B0431E48409CC376
0FB88827F86D8324D60F8156183BFDB24B47040FFFFFFFFFFC9FFF0002861562B1431E48409CC38E
0FBA8627FB898324510F8343183DA0B22B46043FFFFFFFFFFCBFFF0002791562B1431E48409CB3A6
0FBD892800248323CB0F833A183D9CB21B44044FFFFFFFFFFC9FFF00028C1562B1431E48409CB3BE
0FBFFD2803A583234A0F85A5183F87B1FB43042FFFFFFFFFFCAFFF00028A1562B1431E48409CB3D6
0FC13A2805A98322D80F8612184018B1EB43042FFFFFFFFFFC9FFF0002861562B1431E48409CA3EE
0FC3042808698322700F8BBF18449AB1DB42041FFFFFFFFFFC9FFF0002721562B1431E48409CA306
0FC52C280BA18322070F8D9B18462AB1BB40042FFFFFFFFFFCAFFF00027E1562B1431E48409CA31E
0FC749280EDD83217B0F8FB71847EFB1AB3E045FFFFFFFFFFCAFFF0002821562B1431E48409CA336
0FC97628121C8320CA0F92151849D8B18B3D042FFFFFFFFFFCAFFF0002881562B1431E48409CA34E
0FCDEC2819138320240F96FD184DF6B16B3B041FFFFFFFFFFCAFFF0002841562B2431E48409CA366
0FD36C2820F8831FB10F9CE61852B0B16B3A043FFFFFFFFFFCAFFF00028B1562B2431E48409C937E
0FD0AC281D9E831F690F9F8E1854F2B14B38041FFFFFFFFFFCAFFF0002861562B2431E47409C9396
0FD7D62827AA831F0B0FA18A185679B14B37043FFFFFFFFFFCAFFF0002741562B2431E47409C93AE
0FDA7B282C66831E7A0FA11B18567AB13B3603FFFFFFFFFFFCAFFF0002801562B2431E47409C83C6
0FE5BD283CDC831DD80FAE2E18610CB10B35043FFFFFFFFFFC9FFF0002811562B2431E47409C83DE
0FEBEB2845CC831D350FB4111865B5B0EB32041FFFFFFFFFFCAFFF00027D1562B2431E47409C83F6
0FEE802849BD831CB30FB68F1867C9B0BB2F043FFFFFFFFFFCAFFF0002811562B2431E47409C830E
0FEFBD284BC1831C5F0FB7C41868D8B07B2D043FFFFFFFFFFCAFFF0002891562B3431E47409C8326
0FF0DF284D83831C040FB8BB18698AB06B2C043FFFFFFFFFFC9FFF0002851562B3431E47409C833E
0FF0A4284D64831B690FB60A1867A9B05B2A042FFFFFFFFFFC9FFF0002761562B3431E47409C8356
0FF2B128506B831AB50FBACF186B6BB04B29045FFFFFFFFFFCAFFF0002801562B3431E46409C636E
0FF5E1285553831A2D0FBDE9186DF5B02B28044FFFFFFFFFFCAFFF0002741562B3431E46409C6386
0FF938285A4B8319DC0FC2661871A6B02B27043FFFFFFFFFFCAFFF0002861562B3431E46409C639E
0FFD982860B78319800FC58318742FB00B26042FFFFFFFFFFC9FFF0002841562B3431E46409C63B6
0FFFCA28644B8318F40FC46F187381AFFB25041FFFFFFFFFFC9FFF0002791562B3431E46409C63CE
100568286C6583185E0FCD61187A9BB00B25042FFFFFFFFFFCBFFF0002811562B4431E46409C63E6
100AB52874718317C50FD298187EEBAFDB24041FFFFFFFFFFC9FFF00027D1562B4431E46409C53FE
1010A8287D458317370FD834188372AFAB22040FFFFFFFFFFCAFFF00027F1562B4431E46409C5316
10140A2882308316BD0FD89D1883BAAF9B2003FFFFFFFFFFFCAFFF0002801562B4431E46409C532E
10153C2884078316540FDA9A188576AF7B1E03FFFFFFFFFFFCAFFF0002841562B4431E46409C5346
1015F428851F8315EF0FDB74188628AF6B1C03FFFFFFFFFFFCAFFF0002761562B4431E45409C435E
1017BB2887E38315790FDE5F188891AF5B1A03FFFFFFFFFFFCAFFF0002741562B4431E45409C4376
101B91288DB78314E70FE31B188C66AF5B1903FFFFFFFFFFFC9FFF00027E1562B4431E45409C438E
1020982895478314440FE825189092AF3B1903FFFFFFFFFFFC9FFF0002841562B5431E45409C43A6
102452289AB58313B40FEBDC189387AF2B1703FFFFFFFFFFFCAFFF0002891562B5431E45409C43BE
1027CD289FF383133D0FEEFE189612AF2B1503FFFFFFFFFFFCAFFF0002891562B5431E45409C43D6
102BE628A6038312D50FF2EE189948AEEB1103FFFFFFFFFFFCBFFF0002841562B5431E45409C33EE
102DFA28A90C8312660FEFEB1896EEAEBB0F03FFFFFFFFFFFCAFFF0002751562B5431E45409C4306
1031DE28AEF88311E80FF7E4189D99AE7B0E03FFFFFFFFFFFCAFFF00027A1562B5431E44409C331E
10373328B70A8311540FFE8118A2C0AE5B0C03FFFFFFFFFFFCAFFF0002731562B5431E44409C2336
103D6B28BFFD8310C41004AB18A7A7AE3B0B03FFFFFFFFFFFCBFFF0002811562B6431E44409C234E
10405328C42483104810077318A9DAAE1B0803FFFFFFFFFFFCAFFF0002851562B6431E44409C2366
10441228C9F9830FCE100A4518AC52ADFB0503FFFFFFFFFFFC9FFF0002861562B6431E44409C237E
10476528CEEC830F4C100AE518ACF0ADCB0303FFFFFFFFFFFC9FFF0002831562B6431E44409C2396
10493428D193830ECF10100418B0F9AD9B0103FFFFFFFFFFFC9FFF0002751562B6431E44409C13AE
104AF828D448830E5A1011EC18B28CAD8B0003FFFFFFFFFFFCAFFF0002721562B6431E44409C03C6
104D3D28D7D3830DDD1013C118B415AD9AFF03FFFFFFFFFFFC9FFF00027B1562B6431E44409C13DE
10516D28DE12830D4D1017AE18B759ADAAFF03FFFFFFFFFFFC9FFF00027E1562B6431E44409C03F6
10558F28E3DA830CC1101C0818BAA7AD9AFE03FFFFFFFFFFFC9FFF0002791562B7431E44409C030E
1057C328E741830C44101E9E18BCCEAD6AFD03FFFFFFFFFFFCAFFF0002821562B7431E44409C0326
105AEF28EBFE830BCB10219718BF3AAD4AFD03FFFFFFFFFFFCAFFF0002801562B7431E43409C033E
105D9B28F037830B551021E318BF95AD3AFC03FFFFFFFFFFFCAFFF00026C1562B7431E43409C0356
10615528F57F830AD110271518C3BDAD2AFB03FFFFFFFFFFFC9FFF00027D1562B7431E43409C036E
1063B728F8ED830A4B102A2D18C636AD1AFA03FFFFFFFFFFFC9FFF0002741562B7431E43409C0386
10668428FD038309CB102D1B18C87CACFAF8040FFFFFFFFFFCAFFF00027D1562B7431E43409C039E
10683028FF7A83094A102E7E18C9A2ACDAF703FFFFFFFFFFFCAFFF0002751562B7431E43409C03B6
106AEA2903768308C010314C18CBDEACCAF503FFFFFFFFFFFCAFFF00027E1562B8431E43409C03CE
106E402908828308481034B318CE9FAC9AF303FFFFFFFFFFFCAFFF0002751562B8431E43409C03E6
1071DA290DE78307DA10388718D1BAAC9AF203FFFFFFFFFFFCAFFF00027C1562B8431E43409BE3FE
1075FF29140C830760103B4918D40EAC7AF103FFFFFFFFFFFCAFFF0002711562B8431E42409BE316
107DBB291F648306D610421E18D9AFAC7AEF03FFFFFFFFFFFCAFFF00027A1562B8431E42409BE32E
1085462929FF83063E104B8318E0DDAC3AEE03FFFFFFFFFFFC9FFF0002751562B8431E42409BE346
10888E292EEA8305B0104ED218E395AC1AEC03FFFFFFFFFFFC9FFF0002801562B8431E42409BD35E
108CC52935118305401052C218E6B0ABEAE903FFFFFFFFFFFCAFFF00027F1562B8431E42409BD376
108F622938EB8304E410556018E8D4ABFAE703FFFFFFFFFFFC8FFF00027B1562B8431E42409BD38E
109142293BC283046E10547818E807AC0AE603FFFFFFFFFFFC9FFF00026E1562B9431E42409BC3A6
1094592940778303D510588E18EBB2ABEAE403FFFFFFFFFFFCAFFF0002751562B9431E42409BC3BE
10994729479783033B105F7018F0F0AB8AE203FFFFFFFFFFFCAFFF00027B1562B9431E42409BC3D6
109EC3294F7A8302B61064C418F523AB4AE003FFFFFFFFFFFC9FFF0002781562B9431E42409BC3EE
10A13D29532F83024A1066DF18F6D4AB2ADE03FFFFFFFFFFFC8FFF0002801562B9431E42409BC306
10A43E2957958301D81067F118F7B9AB2ADC040FFFFFFFFFFC8FFF00027B1562B9431E41409BB31E
10A614295A4C83015C1066F518F71CAB1AD9040FFFFFFFFFFC7FFF0002771562B9431E41409BB336
10AC602963B88300DF10721D18FFF4AAEAD803FFFFFFFFFFFCAFFF0002751562B9431E41409BB34E
10B5A72970AB83005A107B3F1906EFAAAAD603FFFFFFFFFFFC9FFF00026E1562BA431E41409BA366
10B99329762D82FFCB107EFE1909E4AA6AD403FFFFFFFFFFFC8FFF00027B1562BA431E41409BA37E
10C07229803182FF4110860F190F8DAA3ACF03FFFFFFFFFFFC8FFF0002751562BA431E41409BA396
10C43D29858F82FED51089B119125CAA0ACC03FFFFFFFFFFFC8FFF00027E1562BA431E41409BA3AE
10C847298B9982FE68108CBE1914D8AA0AC9040FFFFFFFFFFC7FFF00027C1562BA431E41409BA3C6
10CE2C29939982FDDB10915B19187AA9DAC703FFFFFFFFFFFC6FFF0002781562BA431E41409BA3DE
10D297299A1582FD461097CE191D79A98AC6040FFFFFFFFFFC6FFF0002661562BA431E40409B93F6
10D78E29A14C82FCC6109CCB19216FA96AC403FFFFFFFFFFFC6FFF0002771562BA431E40409B930E
10DA5229A51682FC60109F59192360A92AC103FFFFFFFFFFFC6FFF0002671562BB431E40409B9326
10DAAC29A5C882FBF2109E951922E6A93ABF03FFFFFFFFFFFC6FFF0002791562BB431E40409B833E
10DFB029AD5E82FB7110A4961927C0A94ABE03FFFFFFFFFFFC6FFF0002701562BB431E40409B8356
10E6BB29B73982FAD810ABA5192D2DA92ABD052FFFFFFFFFFC6FFF0002781562BB431E40409B836E
10EC9529BF8082FA4210B15B19319BA90ABB042FFFFFFFFFFC7FFF0002701562BB431E40409B8386
10F04F29C4B182F9C910B5511934A5A8DABA03FFFFFFFFFFFC6FFF0002691562BB431E40409B839E
10F4A729CAD682F95610B8501936F1A8AAB803FFFFFFFFFFFC4FFF00027A1562BB431E40409B83B6
10F9FD29D24582F8DB10BADD193911A86AB6090FFFFFFFFFFC4FFF0002791562BB431E40409B83CE
10FD8229D75D82F86A10C1DB193E64A84AB5083FFFFFFFFFFC3FFF0002751562BC431E40409B73E6
11038629E03782F80310C7C619431DA83AB103FFFFFFFFFFFC2FFF0002611562BC431E3F409B63FE
110D7E29EE6282F77B10D1C7194AF1A7FAAE041FFFFFFFFFFC2FFF0002721562BC431E3F409B6316
1118A329FD8A82F6C910DC8319531CA7DAAC043FFFFFFFFFFC2FFF0002771562BC431E3F409B632E
111BCA2A020182F62610E0141955D6A80AAB04CFFFFFFFFFFC3FFF00027E1562BC431E3F409B6346
111CF52A03F082F5B410E0F019569AA80AAB042FFFFFFFFFFC3FFF0002801562BC431E3F409B635E
111CA82A03EF82F56D10E20B19578EA80AAB042FFFFFFFFFFC2FFF00027A1562BC431E3F409B6376
11201E2A08C882F51710E4BD19599CA7EAAB042FFFFFFFFFFC2FFF0002681562BC431E3F409B538E
1124AC2A0F9F82F48D10E690195B63A7DAAA158FFFFFFFFFFC3FFF00026C1562BD431E3F409B53A6
1131522A205C82F3E210F579196650A7DAA9045FFFFFFFFFFC4FFF0002701562BD431E3F409B53BE
11398F2A2B7482F34A10FE26196CC7A7AAA7045FFFFFFFFFFC2FFF0002701562BD431E3F409B53D6
113EB62A328682F2D711023E196FDAA77AA3042FFFFFFFFFFBFFFF00027E1562BD431E3F409B43EE
11401F2A349282F25D1100AE196EB3A73AA019BFFFFFFFFFFBBFFF00027E1562BD431E3F409B4306
1146932A3E1B82F1D710FDD9196D00A72AA0047FFFFFFFFFFB9FFF0002711562BD431E3E409B431E
1158632A55D482F164111A4E198206A6FAA0046FFFFFFFFFFBAFFF0002721562BD431E3E409B4336
115EBE2A5E4D82F0FD1121DD19879DA6FA9D045FFFFFFFFFFB8FFF0002671562BD431E3E409B434E
1162332A633482F08D11240D19894FA6FA9B0F8FFFFFFFFFFB5FFF0002671562BE431E3E409B4366
1169ED2A6E3882F004112ACF198EDBA6FA9C05FFFFFFFFFFFB4FFF0002731562BE431E3E409B337E
117A142A849082EF62113D7C199CC6A6CA9D041FFFFFFFFFFB4FFF0002781562BE431E3E409B3396
1188FC2A96CC82EEC4114BA019A682A6BA9A040FFFFFFFFFFB4FFF00027C1562BE431E3E409B23AE
118F7A2AA02082EE441151C719AB27A64A9615DFFFFFFFFFFB4FFF00027D1562BE431E3E409B23C6
1197432AAA7382EDE3115BC319B29AA63A95123FFFFFFFFFFADFFF0002671562BE431E3E409B23DE
119D422AB28B82ED95115E0419B4B1A64A93041FFFFFFFFFFAAFFF0002711562BE431E3E409B23F6
11988B2AADA882ED231155D319AE1FA62A92045FFFFFFFFFFA9FFF0002631562BE431E3D409B230E
11AB542AC62982EC7B116ABE19BE35A5FA910C6FFFFFFFFFFABFFF00026E1562BF431E3D409B2326
11B49C2AD05C82EBCA1176F619C5DEA5CA8E1E7FFFFFFFFFFAEFFF0002771562BF431E3D409B133E
11B7C82AD37182EB411179E319C76BA56A89044FFFFFFFFFFAEFFF0002751562BF431E3D409B1356
11B8562AD38C82EADD11794E19C6BFA56A88040FFFFFFFFFFAAFFF00027D1562BF431E3D409B136E
11BDFD2ADAD282EA8B117F9119CB28A5AA8B047FFFFFFFFFFA7FFF0002741562BF431E3D409B0386
11C2882AE08082EA2A1185B119CF07A60A8E1E4FFFFFFFFFFA7FFF0002651562BF431E3D409B039E
11C6BC2AE77982E99C11860919D020A5FA8F044FFFFFFFFFFA8FFF0002681562BF431E3D409B03B6
11DF7D2B04C882E8F411A15619E245A5BA8E044FFFFFFFFFFA8FFF0002711562C0431E3D409B03CE
11EA612B10A382E85011ABEB19E8B7A51A86045FFFFFFFFFFA0FFF0002701562C0431E3D409B03E6
11F0DF2B18F382E7C211B24719ED21A4BA7E2F5FFFFFFFFFF9DFFF00027B1562C0431E3D409B03FE
11F57F2B1DDA82E75811B73919F001A42A76046FFFFFFFFFF98FFF0002791562C0431E3D409B0316
11F8532B205F82E6FE11B5D719EE90A37A6D045FFFFFFFFFF94FFF0002741562C0431E3C409AF32E
11F6BF2B1DEC82E6A311B68019EF09A2FA65046FFFFFFFFFF91FFF0002651562C0431E3C409AF346
11F97E2B21CF82E62611B8EE19F0A8A26A5F2E0FFFFFFFFFF97FFF0002611562C0431E3C409AE35E
1204622B2D2982E57C11C5FB19F837A1FA5A0A5FFFFFFFFFF95FFF00026C1562C0431E3C409AE376
120E082B375582E4D011CF2D19FDA4A16A54045FFFFFFFFFF93FFF0002741562C1431E3C409AE38E
1212F82B3D1882E44C11D4A81A0136A07A48047FFFFFFFFFF92FFF0002721562C1431E3C409AE3A6
121B242B46BE82E3E211DCDF1A06579FBA3A19FFFFFFFFFFF8CFFF00027A1562C1431E3C409AE3BE
121F7D2B4B8F82E38211DC031A06129F2A2E15CFFFFFFFFFF89FFF0002721562C1431E3C409AD3D6
1215DD2B415882E31E11D5CD1A02229E7A27045FFFFFFFFFF89FFF0002581562C1431E3C409AD3EE
1229632B56E482E2A011E9561A0E3F9E5A25045FFFFFFFFFF85FFF0002661562C1431E3B409AD306
1232B22B5F6A82E21011F3821A13699E6A2212AFFFFFFFFFF87FFF0002611562C1431E3B409AD31E
1237E42B643182E16D11F86E1A15EA9DCA182EDFFFFFFFFFF84FFF00026F1562C1431E3B409AC336
1242FE2B6EA682E0D01203E01A1BD39CEA0A045FFFFFFFFFF85FFF00026F1562C2431E3B409AC34E
124B132B769382E061120C601A20809BB9FB044FFFFFFFFFF82FFF0002781562C2431E3B409AC366
12506F2B7C6682E00F1213261A241199D9E6045FFFFFFFFFF7DFFF0002721562C2431E3B409AC37E
1258742B847582DFA21215701A25B59849CF427FFFFFFFFFF7DFFF00025A1562C2431E3B409AC396
1264012B90AB82DF0B12209B1A2C3696D9BB045FFFFFFFFFF7CFFF0002681562C2431E3B409AC3AE
126AE32B95DE82DE6B122B461A310C95A9A8045FFFFFFFFFF78FFF00026A1562C2431E3B409AB3C6
1273E52B9E2D82DDE212343A1A35A8941991045FFFFFFFFFF72FFF0002661562C2431E3B409AC3DE
12794C2BA3E482DD8412396B1A389291A96E395FFFFFFFFFF6AFFF0002701562C3431E3B409AB3F6
127C112BA6B282DD1F123B901A39D48F294703EFFFFFFFFFF63FFF00026E1562C3431E3A409AB30E
127E422BA9FA82DC8D12374D1A380A8D592E03FFFFFFFFFFF63FFF0002641562C3431E3A409AA326
12893A2BB38F82DBEF1248F81A40E68C591F03FFFFFFFFFFF62FFF00026D1562C3431E3A409AA33E
1290242BB92582DB6A124FD01A43FE8AA911415FFFFFFFFFF5FFFF00026E1562C3431E3A409AA356
1292822BBAF282DAFF1251F41A44D987E8E70D0FFFFFFFFFF4DFFF00026D1562C3431E3A409AA36E
1295252BBDA582DA9A12536E1A45C184E8B803FFFFFFFFFFF48FFF00026B1562C3431E3A409AA386
129B372BC44782DA251255941A475983289703FFFFFFFFFFF47FFF00026A1562C3431E3A409AA39E
12A5192BD03C82D98F12643C1A50368198812E5FFFFFFFFFF4DFFF0002581562C4431E3A409A93B6
12AAF42BD79C82D8D4126A181A54587FA86E242FFFFFFFFFF6BFFF00026D1562C4431E3A409A83CE
12AD492BDA6982D83F126C611A55DE7DD84F03FFFFFFFFFFF8EFFF0002691562C4431E3A409A93E6
12A4EA2BD14082D7FF12678E1A53027CD83503FFFFFFFFFFF9CFFF0002721562C4431E3A409A83FE
12A69D2BD40182D7C9126E1A1A56DC7C882914AFFFFFFFFFF9BFFF0002631562C4431E39409A8316
12B22A2BDFC282D74312713C1A58C57D4824348FFFFFFFFFF9CFFF0002651562C4431E39409A832E
12B7222BE61D82D68C1276001A5C077C681903FFFFFFFFFFFA5FFF0002671562C4431E39409A8346
12BA592BEA1182D5EE1279581A5E407B280F03FFFFFFFFFFFA7FFF00026D1562C4431E39409A835E
12BB442BEA6882D57E127A1F1A5E4079F80503FFFFFFFFFFFABFFF00026A1562C5431E39409A7376
12BC6B2BEB7682D51D127B171A5EC27947FB589FFFFFFFFFFA9FFF0002721562C5431E39409A738E
12BC892BEB6C82D4B11279411A5DC078D7F503FFFFFFFFFFFA7FFF00026F1562C5431E39409A83A6
12BC822BEAAF82D442127A9E1A5E037897F103FFFFFFFFFFFA7FFF0002621562C5431E39409A73BE
12BE2D2BEBF182D3D6127D091A5EFE7887F203FFFFFFFFFFFA7FFF00025D1562C5431E39409A63D6
12C0CD2BEF2582D34E127F9A1A60B47857EE5D1FFFFFFFFFFAAFFF0002691562C5431E39409A63EE
12C42B2BF34F82D2AB1282FA1A62FF7807E803EFFFFFFFFFFAEFFF0002691562C5431E39409A6306
12C6162BF5B682D2241285181A646C77B7E003FFFFFFFFFFFB0FFF0002711562C6431E39409A631E
12C5DD2BF5BA82D1D81286431A65367727D903FFFFFFFFFFFB0FFF0002751562C6431E39409A5336
12C72B2BF78F82D19B12867A1A658C76F7D4484FFFFFFFFFFAFFFF0002701562C6431E38409A534E
12CA642BFB3B82D12712886A1A66B87737D10E5FFFFFFFFFFACFFF0002651562C6431E38409A6366
12CB4F2BFBBB82D0A11289DD1A675F76F7D103FFFFFFFFFFFB1FFF0002621562C6431E38409A537E
12CC332BFBFD82D029128AD31A678D76B7D003FFFFFFFFFFFB0FFF00026A1562C6431E38409A5396
12CE572BFDE082CFB6128CFE1A688C76B7CB3C3FFFFFFFFFFB0FFF0002671562C6431E38409A43AE
12D2132C00E082CF471290BB1A6A1F7697C72DAFFFFFFFFFFB2FFF0002731562C6431E38409A43C6
12D4492C021D82CEF21292CC1A6AAE7687C703FFFFFFFFFFFB1FFF0002721562C7431E38409A43DE
12D4FE2C020982CEA212939C1A6AA37627C003FFFFFFFFFFFAEFFF0002651562C7431E38409A43F6
12D6142C030682CE3B1294A11A6B2675D7BC208FFFFFFFFFFAFFFF00026C1562C7431E38409A430E
12D7E52C04CE82CDCD1296871A6C2A75C7BB4D3FFFFFFFFFFB2FFF00026C1562C7431E38409A3326
12D9D42C068782CD7F1298881A6D2E7597BA043FFFFFFFFFFB2FFF00026C1562C7431E37409A333E
12DB6C2C082F82CD2F129A091A6DF27547B9042FFFFFFFFFFB2FFF0002641562C7431E37409A3356
12E0F22C0D6882CCB6129F4F1A70907577B7042FFFFFFFFFFB3FFF00026F1562C7431E37409A236E
12E8142C138782CC2F12A65B1A73DC7547B25ECFFFFFFFFFFB2FFF0002731562C8431E37409A2386
12E96E2C155882CBE412A9161A75C974C7AF040FFFFFFFFFFB5FFF00026A1562C8431E37409A239E
12E4D52C11D382CBCA12A9CF1A76937477AD03FFFFFFFFFFFB4FFF0002651562C8431E37409A23B6
12F0172C1CCD82CB9A12AF0B1A79147517AE03FFFFFFFFFFFB3FFF0002671562C8431E37409A23CE
12F91A2C1E9B82CB4312B7781A79F97567B0717FFFFFFFFFFB1FFF00025E1562C8431E37409A23E6
12FC642C1F7782CB1612BAAE1A7A677487AC03EFFFFFFFFFFB2FFF00026B1562C8431E37409A13FE
12FE0F2C1FF282CAF412BC091A7AA27427A803FFFFFFFFFFFB2FFF0002711562C8431E37409A1316
12FE292C201C82CAFB12BC191A7AAF7407A603FFFFFFFFFFFB2FFF00026B1562C8431E37409A132E
12FE102C203582CAFE12BBF91A7AB57417A464BFFFFFFFFFFB3FFF0002711562C9431E37409A0346
12FE812C206C82CAF312BC781A7AD47427A212BFFFFFFFFFFB4FFF00026B1562C9431E36409A035E
13004B2C216E82CAAC12BE3E1A7B367427A503FFFFFFFFFFFB4FFF0002661562C9431E36409A0376
1305672C23AF82CA3812C3401A7C577487A603FFFFFFFFFFFB5FFF0002681562C9431E36409A038E
130A0E2C256282C9E412C7D31A7D3E7407A23D5FFFFFFFFFFB5FFF00026C1562C9431E36409A03A6
130BAC2C261982C9B912C9DB1A7DC973979E2F0FFFFFFFFFFB5FFF00026E1562C9431E36409A03BE
130C902C269F82C97C12CA891A7E0073579F03FFFFFFFFFFFB3FFF00025C1562C9431E36409A03D6
130DE12C277B82C91512CB951A7E4F73A7A003FFFFFFFFFFFB4FFF00026B1562CA431E36409A03EE
1310562C28C582C8B212CE0A1A7EEE73979F25BFFFFFFFFFFB5FFF00026A1562CA431E364099E306
13129A2C294B82C86812D0251A7F1773979F57DFFFFFFFFFFB5FFF0002691562CA431E36409A031E
13154E2C2A2582C82612D3351A7FA473D79F03FFFFFFFFFFFB5FFF0002601562CA431E364099E336
131B232C2BA182C7D612D82D1A804973E79E03FFFFFFFFFFFB6FFF0002681562CA431E364099E34E
131CC62C2C3382C77B12DA291A808D74279E050FFFFFFFFFFB6FFF0002681562CA431E354099E366
131E322C2CA182C72312DBB31A80C073F7A27C4FFFFFFFFFFB7FFF0002601562CA431E354099E37E
1320F92C2F0282C6CB12DEB41A821B73B7A603FFFFFFFFFFFB6FFF0002661562CA431E354099E396
1324AD2C334582C66912E2171A842D73B7A303FFFFFFFFFFFB7FFF0002681562CB431E354099E3AE
13269D2C358382C60312E4111A857B73D79F03FFFFFFFFFFFBBFFF0002681562CB431E354099D3C6
1326932C356682C5AE12E4121A856573979D71DFFFFFFFFFFBAFFF0002601562CB431E354099D3DE
13263B2C350F82C57512E3F11A854173D7A003DFFFFFFFFFFB9FFF0002661562CB431E354099D3F6
13263A2C34AC82C53012E3691A84E77447A203FFFFFFFFFFFB9FFF0002581562CB431E354099C30E
1328432C371882C4B212E5601A85F673E7A203FFFFFFFFFFFBAFFF00025F1562CB431E354099C326
132D7C2C3D7482C43312EA9C1A89627367A173DFFFFFFFFFFBBFFF0002641562CB431E354099C33E
132BF72C3C2082C3EE12EAC11A89A27347A1155FFFFFFFFFFBBFFF0002681562CB431E354099C356
132F872C3FE482C3B912E7F01A885873C7A203FFFFFFFFFFFBCFFF0002681562CC431E354099C36E
1333D72C449282C36012F0971A8D0C7367A203FFFFFFFFFFFBEFFF0002631562CC431E344099B386
13367E2C472A82C2F212F36F1A8E897387A550FFFFFFFFFFFBEFFF00025E1562CC431E344099C39E
1336EC2C47B182C29312F4301A8EF773C7A53BDFFFFFFFFFFBEFFF00025D1562CC431E344099B3B6
1337802C485C82C24412F4B61A8F4973F7A403FFFFFFFFFFFBEFFF00024E1562CC431E344099B3CE
13387A2C497382C1F912F5901A8FB773F79F03FFFFFFFFFFFBFFFF0002611562CC431E344099A3E6
1339DE2C4A6982C1A612F7011A904373B79E267FFFFFFFFFFBDFFF0002611562CC431E344099A3FE
133C6B2C4D2F82C14812F97F1A91AA7387A05A8FFFFFFFFFFBFFFF0002601562CC431E344099A316
1341F92C54B882C0D212FEF91A95B073979E03FFFFFFFFFFFBFFFF00024D1562CD431E344099A32E
134A5A2C5FD682C0561307131A9B7573879B03FFFFFFFFFFFBFFFF0002601562CD431E344099A346
1363FA2C82A282BFFD1323391AB02A73679C068FFFFFFFFFFC0FFF0002591562CD431E344099935E
1397672CC36D82BFC2134B221ACD0B73579C8EBFFFFFFFFFFBFFFF0002591562CD431E3340999376
13A4432CD28682BF89135FEA1ADB2672879703FFFFFFFFFFFBFFFF0002551562CD431E334099938E
13ABD32CDCD182BF2F1367421AE0A472B79803FFFFFFFFFFFC0FFF00025D1562CD431E33409983A6
13B9932CEF3C82BEB513748D1AEA4873179B03FFFFFFFFFFFC0FFF0002571562CD431E33409993BE
13CD602D082B82BE3B1389731AF8C873179C96CFFFFFFFFFFC1FFF0002631562CD431E33409983D6
13DD892D1C5D82BDDA139A161B047873A79E03DFFFFFFFFFFC1FFF0002671562CE431E33409983EE
13E9F32D2BFC82BD9A13A57D1B0C907417A203FFFFFFFFFFFC2FFF0002671562CE431E3340998306
13F6652D3BA782BD6C13B1691B14E77477A703FFFFFFFFFFFC2FFF0002631562CE431E334099831E
1402AE2D4B3082BD2313BD8E1B1D757497A976AFFFFFFFFFFC2FFF0002561562CE431E3340998336
1406D82D514882BCB013C14A1B20507427A9165FFFFFFFFFFC2FFF0002541562CE431E324099834E
1408CB2D545482BC3413C3551B21D77437AC03FFFFFFFFFFFC2FFF0002621562CE431E3240997366
1409FC2D55E882BBCD13C4921B22AC7457AF03FFFFFFFFFFFC2FFF0002691562CE431E334099737E
140C052D587D82BB8013C68F1B23FC7417B35D2FFFFFFFFFFC3FFF00026C1562CE431E3240997396
140E252D5B1F82BB4313C8B61B25887437B643BFFFFFFFFFFC2FFF0002601562CF431E32409963AE
140FF42D5D7E82BB0613CA811B26DA7467B503FFFFFFFFFFFC3FFF0002631562CF431E32409963C6
14120C2D602182BAA713CC9E1B28487477B403FFFFFFFFFFFC3FFF0002601562CF431E32409963DE
1415102D63A582BA2E13CF941B2A407477B4338FFFFFFFFFFC3FFF00025B1562CF431E32409963F6
141DD42D6E0B82B9C713D9271B307C73F7B2707FFFFFFFFFFC2FFF0002691562CF431E324099630E
142B192D7D3182B97813E8C61B3A3C7407B003FFFFFFFFFFFC2FFF00026B1562CF431E3240996326
144C322DA19E82B93C1402BA1B49EC73D7B003FFFFFFFFFFFC4FFF0002601562CF431E324099533E
1450BE2DA57382B905140C6B1B4FCB7387AD067FFFFFFFFFFC4FFF0002621562CF431E3240995356
1451412DA6BB82B8BE140EC01B51567367A891BFFFFFFFFFFC4FFF0002601562D0431E314099436E
1454F32DAB3F82B85E140ED21B515F7377A803FFFFFFFFFFFC4FFF0002611562D0431E3140994386
145CF52DB43E82B7ED1415341B554A73E7AB03FFFFFFFFFFFC5FFF00025E1562D0431E314099439E
1463E42DBB7282B781141D731B5A1B7437AB03FFFFFFFFFFFC5FFF00026C1562D0431E31409943B6
1463FA2DBBB282B765141CB61B59BC7427AAA66FFFFFFFFFFC5FFF0002651562D0431E31409943CE
1463C32DBBA682B78D141D371B5A1D7407AC03CFFFFFFFFFFC5FFF0002651562D0431E31409943E6
14625B2DBA0682B7BE141AD41B58B97427AA03FFFFFFFFFFFC4FFF00025D1562D0431E31409933FE
1462B82DBA0982B7AA141CBF1B59F57407AF03FFFFFFFFFFFC3FFF00025C1562D0431E3140993316
1463F32DBB8482B779141E5E1B5ACC73E7AD8F7FFFFFFFFFFC4FFF0002621562D1431E314099332E
1465C62DBD6D82B769141D1D1B5A2973D7A71A7FFFFFFFFFFC4FFF00026A1562D1431E3140993346
14658A2DBD7182B772141E1E1B5AD273D7A603FFFFFFFFFFFC4FFF00026E1562D1431E314099335E
1465862DBD7C82B779141EA01B5B2B7417A603FFFFFFFFFFFC4FFF00026B1562D1431E3140993376
14644F2DBC1882B78A141DF31B5AC47407AB584FFFFFFFFFFC6FFF0002641562D1431E304099238E
1463742DBB9C82B7A6141D001B5A3773E7AC41FFFFFFFFFFFC5FFF0002551562D1431E30409923A6
14624F2DBAAD82B7AE141BC71B598B7367A803FFFFFFFFFFFC5FFF00025B1562D1431E30409923BE
14629E2DBAF082B792141C741B59EA7377A803FFFFFFFFFFFC5FFF0002571562D1431E30409923D6
1463562DBBAA82B772141BBF1B597F73B7A836BFFFFFFFFFFC5FFF0002661562D2431E30409923EE
1461412DB95C82B778141B561B59687387A976CFFFFFFFFFFC5FFF00026A1562D2431E3040991306
1463102DBB5982B779141E571B5B307347AA03FFFFFFFFFFFC5FFF00026A1562D2431E304099131E
1465822DBE0882B783141FF01B5C377367AD03FFFFFFFFFFFC4FFF0002641562D2431E3040991336
1465EB2DBE6882B7A2141FCD1B5C147377AF086FFFFFFFFFFC4FFF0002551562D2431E304099134E
1465AE2DBE5582B7B3141F2B1B5BBE7377ACA45FFFFFFFFFFC4FFF00025C1562D2431E2F40990366
1465042DBE4182B78D141E091B5B4F7347AB03FFFFFFFFFFFC4FFF0002581562D2431E2F4099037E
1464872DBDF982B765141DEF1B5B5273B7AD03FFFFFFFFFFFC4FFF00025C1562D3431E2F40990396
1464E12DBEA882B778141E131B5B3073C7AF03FFFFFFFFFFFC5FFF0002671562D3431E2F4098E2AE
14652E2DBD6382B788141DA91B5A647457B89AEFFFFFFFFFFC4FFF00025D1562D3431E2F4098E2C6
1464C02DBC4E82B78C141D5D1B597A7C180303DFFFFFFFFFFC4FFF0002621562D3431E2F4098E2DE
1463D62DBAFD82B798141D021B58BB86185F040FFFFFFFFFFC5FFF00025D1562D3431E2F4098E2F6
1463B92DB9F982B7A4141CCC1B58698DC8AE040FFFFFFFFFFC4FFF00025C1562D3431E2F4098E20E
1462532DBB4682B794141BA81B590893590494DFFFFFFFFFFC4FFF00025F1562D3431E2F4098E226
1461A52DBAEC82B76F141B301B58AA9519421BEFFFFFFFFFFC4FFF0002591562D3431E2F4098E23E
1462842DB91882B75F141C0D1B57AD96396E040FFFFFFFFFFC4FFF0002601562D4431E2F4098D256
