* Sea-Bird SBE 9 Data File:
* FileName = X:\CTD_Data\2023\PS23_22_Sutton_CTD\B082D_CTD_257.hex
* Software Version Seasave V 7.26.7.121
* Temperature SN = 2893
* Conductivity SN = 0434
* Number of Bytes Per Scan = 40
* Number of Voltage Words = 5
* Number of Scans Averaged by the Deck Unit = 24
* System UpLoad Time = May 09 2023 06:01:19
* NMEA Latitude = 28 01.55 N
* NMEA Longitude = 087 59.99 W
* NMEA UTC (Time) = May 09 2023  11:03:59
* Store Lat/Lon Data = Append to Every Scan
* SBE 11plus V 5.2
* number of scans to average = 24
* pressure baud rate = 9600
* NMEA baud rate = 4800
* surface PAR voltage added to scan
* A/D offset = 5
* GPIB address = 1
* advance primary conductivity  0.073 seconds
* advance secondary conductivity  0.073 seconds
* autorun on power up is disabled
* S>
* System UTC = May 09 2023 11:01:19
*END*
1440A22D310A82B72913FACE1B45C699E9B8048FFFFFFFFFFC2FFF0000021561C943237440AA32B8
14407A2D430A82B73F13FA061B46369C39D7048FFFFFFFFFFC2FFF0000021561C943237440AA32D0
1440932D37C882B75113FA401B45D09C49D2048FFFFFFFFFFC2FFF0000011561CA43237440AA32E8
1440552D2F1882B76113FA0F1B45BA9CF9D6325FFFFFFFFFFC1FFF0000011561CA43237440AA3200
143F8B2D26F882B75D13F9FB1B45B49BB9DB048FFFFFFFFFFC1FFF0000011561CA43237440AA3218
143E482D1D8E82B73513F9F61B45AE9959CE048FFFFFFFFFFC1FFF0000001561CA43237440AA3230
143F6F2D28DB82B71A13FA071B45C99A39C5048FFFFFFFFFFC2FFF0000011561CB43237440AA3248
1440712D3EF982B73313FA201B460E9A59C040FFFFFFFFFFFC2FFF0000021561CB43237440AA3260
1440972D41A982B75413FA891B461E9959AC047FFFFFFFFFFC1FFF0000011561CB43237440AA4278
1440152D2A2982B75213FA801B45D198C954048FFFFFFFFFFC2FFF0000011561CB43237440AA4290
143EED2D268B82B74113FA481B45E6939922048FFFFFFFFFFC2FFF0000021561CB43237440AA42A8
143EEC2D2A7B82B73613F9FE1B45E2934923394FFFFFFFFFFC2FFF0000021561CC43237440AA32C0
143FA82D2ECE82B73F13FA1E1B45DE96F94C0CEFFFFFFFFFFC2FFF0000011561CC43237440AA42D8
1440062D342282B75213FA021B46109A7979048FFFFFFFFFFC2FFF0000011561CC43237440AA42F0
143F792D27B482B75013F9DC1B45D49BB981048FFFFFFFFFFC3FFF0000021561CC43237440AA3208
143FDA2D2DB082B74613F9D11B45C998E9621FAFFFFFFFFFFC2FFF0000001561CD43237440AA3220
143F892D27D382B73213F9E81B45B694D92E1AEFFFFFFFFFFC2FFF0000021561CD43237440AA3238
143FDE2D32D982B73013F97E1B45D2933926047FFFFFFFFFFC2FFF0000021561CD43237440AA5350
143FC52D592982B74613F99C1B462C90F91F047FFFFFFFFFFC1FFF0000021561CD43237440AA5368
14404C2D5A8E82B75113FA2D1B4693805883138FFFFFFFFFFC0FFF0000011561CD43237440AA5380
14404A2D5A8282B74813FA7F1B46D7782812330FFFFFFFFFFC2FFF0000001561CE43237440AA5398
143FD02D59F182B74713FA151B468F7677E8047FFFFFFFFFFC2FFF0000011561CE43237440AA53B0
143FFD2D5A0882B74513FA1D1B46977677DB047FFFFFFFFFFC2FFF0000011561CE43237440AA53C8
143EE82D58F982B73F13F9BE1B465B7677D5047FFFFFFFFFFC1FFF0000011561CE43237440AA53E0
143F252D592982B73E13F93C1B461775F7D0434FFFFFFFFFFC1FFF0000021561CF43237440AA53F8
143EE92D58E082B74D13F9371B46167667CF047FFFFFFFFFFC1FFF0000021561CF43237440AA5310
143E462D583C82B74813F8DF1B45DD7637D2047FFFFFFFFFFC1FFF0000011561CF43237440AA5328
143F4F2D597582B73413F8EA1B45DD7607CE047FFFFFFFFFFC2FFF0000011561CF43237440AA5340
143F942D59B482B73A13F94D1B460D7577CD361FFFFFFFFFFC2FFF0000011561CF43237440AA5358
143F7C2D59A082B74713F9461B461F75D7C9046FFFFFFFFFFC2FFF0000011561D043237440AA6370
143F512D591C82B74F13F9301B460E7647C9047FFFFFFFFFFC2FFF0000021561D043237340AA6388
143F5B2D596A82B74E13F8DF1B45E57607CD047FFFFFFFFFFC2FFF0000021561D043237340AA53A0
143EFA2D590482B74513F9371B460F75C7CD3D1FFFFFFFFFFC2FFF0000011561D043237340AA53B8
143EF22D590382B74813F9191B45FE7647CA0DCFFFFFFFFFFC2FFF0000011561D043237340AA53D0
143F412D595482B74113F9301B46097617C6047FFFFFFFFFFC2FFF0000021561D143237340AA53E8
143F0E2D592082B73013F9501B46227647C2047FFFFFFFFFFC2FFF0000001561D143237340AA5300
143EA42D58AE82B73B13F9151B46007617C4284FFFFFFFFFFC2FFF0000011561D143237340AA5318
143EB52D58C782B73E13F9331B46127607C621AFFFFFFFFFFC2FFF0000021561D143237340AA6330
143E9B2D58B882B74B13F8A01B45B97617C3047FFFFFFFFFFC2FFF0000011561D143237340AA6348
143EA52D58C782B75B13F8C31B45D27667C2047FFFFFFFFFFC2FFF0000011561D243237340AA6360
143EC32D58DC82B74D13F8AE1B45CB7617C6108FFFFFFFFFFC3FFF0000021561D243237340AA5378
143ECB2D58E182B75313F8F31B45EE75D7C52C6FFFFFFFFFFC2FFF0000021561D243237340AA5390
143ED12D58E382B74613F8E61B45E77567C5047FFFFFFFFFFC2FFF0000021561D243237340AA53A8
143F0B2D592382B71013F8B91B45C475E7C4047FFFFFFFFFFC2FFF0000001561D343237340AA63C0
143EFD2D591282B70413F8D21B45D97607C4047FFFFFFFFFFC2FFF0000021561D343237340AA53D8
143F522D598782B75113F8FD1B45FC75E7C547BFFFFFFFFFFC2FFF0000011561D343237340AA63F0
1440C22D5AE582B78713F9201B460075F7C8049FFFFFFFFFFC2FFF0000011561D343237340AA5308
143FAA2D59C582B77113F8FA1B45F27607C5047FFFFFFFFFFC3FFF0000021561D343237340AA6320
143EA42D58C782B73F13F8A01B45B97607C3047FFFFFFFFFFC3FFF0000011561D443237340AA6338
143E552D586A82B71613F8411B457C75F7C5485FFFFFFFFFFC2FFF0000011561D443237340AA6350
143DEF2D57F982B70A13F80A1B45627607C6045FFFFFFFFFFC2FFF0000021561D443237340AA6368
143E902D58B782B73D13F8BF1B45D575C7C8047FFFFFFFFFFC2FFF0000021561D443237340AA6380
143ECF2D58F582B77413F90F1B45FA75F7CE047FFFFFFFFFFC2FFF0000001561D543237340AA6398
143EE52D590682B76C13F8D91B45E375D7CD330FFFFFFFFFFC3FFF0000021561D543237340AA63B0
143E3A2D584C82B74213F8401B45817597C80C8FFFFFFFFFFC3FFF0000021561D543237340AA63C8
143DF62D581482B71613F7FA1B455C75F7C7047FFFFFFFFFFC3FFF0000011561D543237340AA53E0
143E522D587782B74013F8BB1B45D07637C9047FFFFFFFFFFC3FFF0000011561D643237340AA63F8
143F4F2D596F82B75513F8C91B45DA75C7C82A4FFFFFFFFFFC2FFF0000021561D643237340AA5310
143DD62D57DC82B74213F7FE1B455E7577C7239FFFFFFFFFFC2FFF0000021561D643237340AA6328
143DF22D582482B74913F8241B45727577C6047FFFFFFFFFFC2FFF0000001561D643237340AA6340
143E382D584A82B74513F8121B456875C7CC047FFFFFFFFFFC2FFF0000011561D643237340AA6358
143DE42D57F682B73813F7F61B455F7607CA155FFFFFFFFFFC3FFF0000011561D743237340AA6370
143DF02D580382B73113F7E31B454E75C7CA393FFFFFFFFFFC2FFF0000021561D743237340AA6388
143E0B2D582F82B72F13F7FF1B455D75D7C6047FFFFFFFFFFC2FFF0000011561D743237340AA63A0
143DF62D580982B75B13F8841B45AD75B7C6047FFFFFFFFFFC2FFF0000011561D743237340AA63B8
143E0E2D582F82B77213F8661B459B7567C2047FFFFFFFFFFC2FFF0000001561D743237340AA63D0
143DEF2D57FD82B73913F8251B457375B7C53D3FFFFFFFFFFC2FFF0000011561D843237340AA63E8
143D732D577D82B70913F77C1B450C75A7C6047FFFFFFFFFFC3FFF0000011561D843237340AA6300
143D762D578582B72213F7731B450B7647C4047FFFFFFFFFFC2FFF0000011561D843237340AA6318
143DA82D57B982B74913F77B1B45137607C6047FFFFFFFFFFC2FFF0000021561D843237340AA6330
143DC92D57E682B76113F8381B457A75B7C74D8FFFFFFFFFFC2FFF0000021561D943237340AA6348
143DFB2D581682B76213F8211B45737617C4046FFFFFFFFFFC2FFF0000021561D943237340AA6360
143DCF2D57E182B75713F7A81B452575C7C4047FFFFFFFFFFC1FFF0000011561D943237340AA6378
143DCC2D57D282B73D13F7861B451375C7C8047FFFFFFFFFFC1FFF0000011561D943237340AA6390
143D792D578282B71D13F7CD1B453B75C7C7432FFFFFFFFFFC2FFF0000011561DA43237340AA63A8
143DA22D57B482B71313F7C91B453A75C7C20F7FFFFFFFFFFC2FFF0000011561DA43237340AA63C0
143DAB2D57C282B73C13F7AC1B452C75F7C7047FFFFFFFFFFC2FFF0000021561DA43237340AA63D8
143DAE2D57C782B75A13F7891B451275C7C6047FFFFFFFFFFC2FFF0000011561DA43237340AA63F0
143DD52D57EF82B75B13F7AD1B452D7587C9250FFFFFFFFFFC2FFF0000011561DA43237340AA5308
143E1C2D582C82B75C13F7D71B454875B7C9203FFFFFFFFFFC2FFF0000011561DB43237340AA6320
143DE62D580282B74F13F7D81B454975C7C7047FFFFFFFFFFC2FFF0000011561DB43237340AA6338
143DB32D57BF82B73413F7C31B453B75A7C5047FFFFFFFFFFC2FFF0000021561DB43237340AA6350
143DCA2D57E082B72A13F7CC1B453D75A7C316BFFFFFFFFFFC3FFF0000021561DC43237340AA6368
143DCA2D57D982B71013F7D11B453C75C7C73D6FFFFFFFFFFC3FFF0000001561DC43237340AA6380
143E012D581D82B72613F7E21B454C7637C5047FFFFFFFFFFC3FFF0000021561DC43237340AA6398
143FCB2D59F982B76C13F9251B460A75D7C8047FFFFFFFFFFC2FFF0000011561DC43237340AA63B0
143FB92D59E082B77E13F9D81B466B75B7C7047FFFFFFFFFFC2FFF0000011561DC43237340AA63C8
143E532D586082B74E13F8101B456875A7C24FCFFFFFFFFFFC2FFF0000021561DC43237340AA63E0
143DC22D57D282B71D13F7C71B45397607C0047FFFFFFFFFFC2FFF0000021561DD43237340AA63F8
143DC22D57CB82B71A13F7C61B453A7577C0047FFFFFFFFFFC2FFF0000021561DD43237340AA6310
143DB72D57D382B73313F7D61B45447587C5047FFFFFFFFFFC2FFF0000021561DD43237340AA6328
143DE72D57FA82B73C13F81B1B45737607C5430FFFFFFFFFFC2FFF0000021561DD43237340AA6340
143DD52D57D982B74813F8151B457075C7C4046FFFFFFFFFFC2FFF0000011561DE43237340AA6358
143F242D595082B76D13F8C61B45D575C7C4047FFFFFFFFFFC1FFF0000011561DE43237340AA6370
143EBF2D58D582B76B13F8B51B45C175D7C3047FFFFFFFFFFC1FFF0000021561DE43237340AA6388
143E142D583282B73313F8561B45927637C3461FFFFFFFFFFC3FFF0000001561DE43237340AA63A0
143DD22D57E982B70A13F8051B456176B7C2104FFFFFFFFFFC2FFF0000021561DF43237340AA63B8
143E522D587882B72513F8511B459175A7C3047FFFFFFFFFFC2FFF0000021561DF43237340AA63D0
143E8F2D58BA82B74513F8831B45AE7537C8047FFFFFFFFFFC2FFF0000011561DF43237340AA63E8
143E7C2D58AB82B75213F88A1B45B17587C62F8FFFFFFFFFFC3FFF0000011561DF43237340AA6300
143EE32D590C82B75613F8A91B45C475E7C5289FFFFFFFFFFC2FFF0000021561DF43237340AA6318
143FA62D59CB82B75513F8F51B45EC75D7C9047FFFFFFFFFFC2FFF0000011561DF43237340AA6330
143ED42D58F382B74813F8A31B45C275A7C7047FFFFFFFFFFC1FFF0000011561E043237340AA6348
143E592D587F82B72C13F8541B45927557C6136FFFFFFFFFFC1FFF0000021561E043237340AA6360
143E5D2D587882B71B13F83E1B45847527C3369FFFFFFFFFFC2FFF0000021561E043237340AA6378
143E8D2D58BE82B73513F85B1B45977587C5047FFFFFFFFFFC2FFF0000001561E143237340AA6390
1440362D5A7A82B75613F8B71B45D975E7CB047FFFFFFFFFFC2FFF0000011561E143237340AA63A8
1443242D5D5C82B75113FCFB1B48507607C9047FFFFFFFFFFC3FFF0000001561E143237340AA63C0
1442812D5C9982B74013FDC81B48A77627C6537FFFFFFFFFFC2FFF0000021561E143237340AA63D8
1441D22D5C2482B74813FBB01B478C75A7C7047FFFFFFFFFFC2FFF0000021561E143237340AA63F0
1443B52D5E0982B75213FCB31B48187557C7047FFFFFFFFFFC2FFF0000011561E243237340AA6308
1442E52D5D1982B75013FC561B47D775A7C6047FFFFFFFFFFC2FFF0000001561E243237340AA6320
1441612D5B9482B74913FC181B47B57587C6556FFFFFFFFFFC2FFF0000021561E243237340AA6338
143F9A2D59DF82B76E13F81F1B458175C7C5045FFFFFFFFFFC2FFF0000021561E243237340AA6350
143DDD2D580882B7A313F7111B44E275A7C2047FFFFFFFFFFC3FFF0000011561E243237340AA6368
143D082D574382B7BF13F6EF1B44D37577C2047FFFFFFFFFFC3FFF0000001561E343237240AA6380
143CF82D572B82B7CF13F6F31B44D37577C13C7FFFFFFFFFFC3FFF0000011561E343237240AA6398
143CE02D571382B7F213F6D61B44C375C7C10F0FFFFFFFFFFC3FFF0000011561E343237240AA63B0
143CCE2D570282B81913F6C41B44B775C7C3047FFFFFFFFFFC2FFF0000021561E343237240AA63C8
143CA42D56CA82B83813F6B01B44A975A7C8047FFFFFFFFFFC2FFF0000011561E443237240AA63E0
143CAF2D56DA82B84A13F69A1B44997597C730AFFFFFFFFFFC2FFF0000021561E443237240AA73F8
143CCC2D570182B87313F6A81B44A77587C429FFFFFFFFFFFC2FFF0000011561E443237240AA6310
143CCF2D570782B8BE13F6A31B44A775B7C4047FFFFFFFFFFC3FFF0000011561E443237240AA7328
143CCC2D570882B8F413F6A71B44AE7607C3047FFFFFFFFFFC2FFF0000021561E443237240AA6340
143CBD2D56FD82B90A13F6B41B44B475E7C3177FFFFFFFFFFC2FFF0000021561E543237240AA7358
143CBC2D56FB82B93A13F6AB1B44B275C7C7416FFFFFFFFFFC3FFF0000021561E543237240AA6370
143CDB2D572E82B98A13F6B81B44C075D7CD047FFFFFFFFFFC3FFF0000011561E543237240AA6388
143CEB2D573A82B9CF13F6CD1B44D075B7CC047FFFFFFFFFFC3FFF0000021561E543237240AA63A0
143C402D567582B9F213F6A11B44AD75F7CB047FFFFFFFFFFC3FFF0000011561E543237240AA63B8
143BD22D55EC82BA1313F5691B43E475F7CA475FFFFFFFFFFC3FFF0000011561E643237240AA73D0
143ACB2D54C482BA5C13F4991B436175D7C9048FFFFFFFFFFC3FFF0000011561E643237240AA63E8
1438832D521482BAB213F2871B42097597C5049FFFFFFFFFFC3FFF0000001561E643237240AA7300
14357C2D4EAC82BAF313EF681B40057657C8047FFFFFFFFFFC2FFF0000021561E643237240AA7318
1430552D486382BB3313EAEA1B3D237677CA54AFFFFFFFFFFC3FFF0000021561E743237240AA6330
1426112D3D6082BB8813E05E1B36A37657C5045FFFFFFFFFFC4FFF0000011561E743237240AA6348
14259D2D3CF182BBD913DFD91B36527627C5047FFFFFFFFFFC2FFF0000011561E743237240AA6360
1425762D3CC582BC1513DFB61B36397577C704AFFFFFFFFFFC2FFF0000021561E743237240AA6378
1424E72D3C2082BC4B13DF251B35DC7567C3461FFFFFFFFFFC2FFF0000021561E743237240AA7390
1424572D3B8E82BC8F13DE971B358B7597C510FFFFFFFFFFFC2FFF0000001561E843237240AA73A8
1423B62D3AD982BCE613DDF21B352A7597C6047FFFFFFFFFFC3FFF0000011561E843237240AA63C0
1422B42D399D82BD4E13DCF21B347F75A7C7047FFFFFFFFFFC3FFF0000011561E843237240AA63D8
141E312D33FD82BDB313D8711B317675D7C5256FFFFFFFFFFC2FFF0000011561E843237240AA63F0
140C982D1EA782BE1413C6ED1B25C07597C421FFFFFFFFFFFC1FFF0000011561E843237240AA6308
13F7272D048A82BE6713B1FB1B179B7527C4047FFFFFFFFFFC1FFF0000011561E943237240AA6320
13DF842CE7E282BEA5139AE61B07B27567C5047FFFFFFFFFFC2FFF0000021561E943237240AA6338
13D51A2CDA5382BEE01390481B000A7577C5159FFFFFFFFFFC2FFF0000011561E943237240AA6350
13C3072CC30282BF36137E1D1AF33874F7C23E2FFFFFFFFFFC2FFF0000001561E943237240AA6368
13A6672C9F9082BFAA1361B01ADF6774B7BB047FFFFFFFFFFC0FFF0000021561EA43237240AA6380
1395B22C89A282C0201351111AD36574C7BB049FFFFFFFFFFC0FFF0000021561EA43237240AA6398
135AB62C406182C09113171C1AAB5174D7BC04BFFFFFFFFFFBFFFF0000011561EA43237240AA63B0
1347132C288C82C0F51304031A9E1F7557C64D4FFFFFFFFFFBFFFF0000011561EA43237240AA63C8
133EF32C1E2D82C12F12FD111A992B7527C304BFFFFFFFFFFBEFFF0000021561EA43237240AA63E0
1338562C160C82C15712F6D51A94D274C7B804BFFFFFFFFFFBEFFF0000011561EB43237240AA63F8
1333472C0F8082C1A612F07C1A904C74E7B404AFFFFFFFFFFC0FFF0000011561EB43237240AA7310
132CA92C07F582C23412EA141A8C3174A7B53E1FFFFFFFFFFBEFFF0000021561EB43237240AA7328
1329EA2C052082C2D012E7541A8A947497B8049FFFFFFFFFFBEFFF0000021561EB43237240AA7340
13275F2C024282C34612E4CA1A88F47487B704BFFFFFFFFFFBEFFF0000001561EB43237240AA7358
1328632C049382C39012E5CB1A8A2A7437B504BFFFFFFFFFFBEFFF0000021561EB43237240AA7370
1329602C065482C3C612E6DA1A8B387417B23D2FFFFFFFFFFBEFFF0000011561EC43237240AA7388
132A5A2C087D82C40012E7C61A8C4D7427B00FFFFFFFFFFFFBEFFF0000001561EC43237240AA63A0
132E832C10D482C46512EBD91A90F77417B104BFFFFFFFFFFBFFFF0000011561EC43237240AA73B8
1331542C16BA82C4FA12EE9B1A942F74D7B104BFFFFFFFFFFBFFFF0000021561ED43237240AA73D0
1332222C187182C58F12EF6E1A952A7507B427EFFFFFFFFFFBEFFF0000011561ED43237240AA73E8
1331402C176082C5E912EE9B1A949074C7B6246FFFFFFFFFFBDFFF0000021561ED43237240AA7300
1330F02C171E82C62A12EE4E1A946B7547B404CFFFFFFFFFFBDFFF0000021561ED43237240AA6318
1330232C16A782C67B12ED761A94277507B604BFFFFFFFFFFBCFFF0000011561ED43237240AA7330
1330162C17C982C6F012ED6B1A94CF74F7B60F1FFFFFFFFFFBCFFF0000011561EE43237240AA7348
132CB62C140182C77112EA111A92B674F7B82D4FFFFFFFFFFBCFFF0000011561EE43237240AA7360
132C5B2C13DD82C7E512E9B81A92A27527BC04CFFFFFFFFFFBCFFF0000011561EE43237240AA7378
132B482C130C82C84312E8B01A92357567BE04CFFFFFFFFFFBCFFF0000021561EE43237240AA7390
1329FB2C11BA82C89712E7691A917A7507BE04CFFFFFFFFFFBCFFF0000021561EE43237240AA73A8
1329372C10FA82C8F312E6A21A910F74B7BD42AFFFFFFFFFFBCFFF0000021561EF43237240AA73C0
1328C62C108782C96712E62F1A90CB74A7C104CFFFFFFFFFFBCFFF0000011561EF43237240AA73D8
13283E2C0FFD82C9E512E5AA1A90837507BF04CFFFFFFFFFFBBFFF0000011561EF43237240AA63F0
13275A2C0F1082CA5412E4CA1A90007567BB04BFFFFFFFFFFBBFFF0000011561EF43237240AA7308
1326432C0DF082CAB012E3C31A8F6A7567BC40AFFFFFFFFFFBCFFF0000011561EF43237140AA7320
1324E62C0CB982CB0512E2641A8EB87547BF049FFFFFFFFFFBCFFF0000011561F043237140AA7338
1324972C0D0C82CB6A12E2111A8EE57577BE04CFFFFFFFFFFBCFFF0000011561F043237240AA7350
1324002C0D2C82CBE712E17B1A8EF975A7BF04CFFFFFFFFFFBBFFF0000011561F043237140AA7368
13228C2C0BB882CC5912E00D1A8E3075F7BF290FFFFFFFFFFB9FFF0000011561F043237140AA7380
131FE52C098382CCAF12DD7F1A8CFB75C7BF0C7FFFFFFFFFFBBFFF0000011561F143237140AA7398
131DAD2C082182CD0412DB451A8C377567C004CFFFFFFFFFFBCFFF0000011561F143237140AA73B0
131A152C056A82CD7A12D7A11A8AB77557C104BFFFFFFFFFFBBFFF0000011561F143237140AA73C8
1312212BFFFA82CE0512CFD11A87C175C7C1210FFFFFFFFFFBAFFF0000021561F143237140AA73E0
130E1E2BFE3F82CE7B12CBDB1A86C27627C51F6FFFFFFFFFFB9FFF0000011561F143237140AA73F8
130D722BFDBA82CED912CB391A867F7687C704CFFFFFFFFFFB9FFF0000011561F243237140AA7310
130AC52BFB3682CF3612C8921A851F7637C904BFFFFFFFFFFBAFFF0000021561F243237140AA7328
1304422BF5E082CFA012C2221A823B75E7CA0F4FFFFFFFFFFBAFFF0000021561F243237140AA7340
12F3332BE6EF82D01D12B1421A7A1A7597C92EBFFFFFFFFFFB9FFF0000001561F243237140AA7358
12E2352BD90482D09012A0861A725B75F7CD04CFFFFFFFFFFB8FFF0000011561F243237140AA7370
12DD302BD4FF82D0FA129B8C1A70207697D004CFFFFFFFFFFB7FFF0000021561F343237140AA7388
12D89D2BD10382D1741297071A6DF47717D704CFFFFFFFFFFB7FFF0000021561F343237140AA73A0
12D25E2BCB7482D1F61290D91A6AE17777DB298FFFFFFFFFFB9FFF0000021561F343237140AA73B8
12CE8D2BC88182D25D128D321A694B77E7DF04CFFFFFFFFFFB6FFF0000011561F343237140AA73D0
12CC132BC5E482D2A4128ACE1A67DE77A7E104CFFFFFFFFFFB6FFF0000021561F443237140AA73E8
12CA7B2BC48082D2FD1289161A670E7817E304BFFFFFFFFFFB7FFF0000021561F443237140AA7300
12C7282BC13182D37B1285CC1A653C7857E634CFFFFFFFFFFB5FFF0000011561F443237140AA8318
12C4B42BBE7882D40F1283661A63BF7877EC04AFFFFFFFFFFB4FFF0000021561F443237140AA8330
12C18C2BBB1882D49012803C1A61E07887EF04BFFFFFFFFFFB3FFF0000021561F443237140AA7348
12BEC02BB7FA82D4ED127D841A602D7897F104BFFFFFFFFFFB2FFF0000021561F543237140AA7360
12BD7C2BB66682D541127C401A5F4778E7F329DFFFFFFFFFFB1FFF0000021561F543237140AA7378
12BD462BB62F82D5AA127C0E1A5F317917F20CDFFFFFFFFFFB2FFF0000011561F543237140AA7390
12BAA92BB35682D6241279891A5DAB7937F404CFFFFFFFFFFB1FFF0000011561F543237140AA73A8
12B8022BB09082D6941276EF1A5C287957F604CFFFFFFFFFFB0FFF0000021561F643237140AA73C0
12B46C2BACA882D6FF1273521A59FC7997F7138FFFFFFFFFFAEFFF0000021561F643237140AA73D8
12AFDE2BA78682D770126ED31A57287A07FE13CFFFFFFFFFFABFFF0000021561F643237140AA83F0
12ACE62BA42E82D7DF126BE11A554C7AD80904CFFFFFFFFFFA9FFF0000011561F643237140AA8308
12AA0E2BA0F682D8551269281A53987B480F04CFFFFFFFFFFA6FFF0000011561F643237140AA7320
12A64E2B9D2682D8CC1265711A517E7BA8160BFFFFFFFFFFFA0FFF0000011561F743237140AA7338
12A1F72B98A582D9391261431A4F137C281E255FFFFFFFFFF94FFF0000011561F743237140AA8350
129EA02B954982D99B125DCE1A4D1D7D282804CFFFFFFFFFF86FFF0000011561F743237140AA7368
129C332B92CB82D9F3125B761A4BCA7E183504CFFFFFFFFFF7CFFF0000011561F743237140AA7380
1296D42B8CB082DA481256251A48817EE84104CFFFFFFFFFF72FFF0000011561F843237140AA7398
128CF42B81D882DAC5124C5C1A42797FB84D2ACFFFFFFFFFF62FFF0000011561F843237140AA73B0
1281B72B762282DB701241711A3C2781186104CFFFFFFFFFF53FFF0000021561F843237140AA73C8
1275FA2B69BF82DC091235BC1A353E83887D04CFFFFFFFFFF58FFF0000021561F843237040AA83E0
1273EB2B67AA82DC591234151A34558658A204CFFFFFFFFFF65FFF0000001561F843237040AA73F8
1273862B673882DC7C1233771A33F98888C81BDFFFFFFFFFF6BFFF0000011561F943237140AA7310
1271832B658982DCC112312B1A32DF89F8E204AFFFFFFFFFF5EFFF0000021561F943237140AA7328
126E7B2B633F82DD4B122E6F1A31BA8AE8F104BFFFFFFFFFF67FFF0000021561F943237140AA7340
125D162B52AF82DDFD121D5F1A28B28B68FD04CFFFFFFFFFF64FFF0000021561F943237040AA7358
125AEF2B558F82DE88121B021A2A328CF9101FEFFFFFFFFFF70FFF0000011561F943237040AA7370
1252DE2B4CEE82DEDA12145F1A266E8FE9330AFFFFFFFFFFF79FFF0000011561FA43237040AA7388
1241F52B3D3D82DF1C1203141A1D1092795F04CFFFFFFFFFF7FFFF0000001561FA43237040AA73A0
123A6E2B37A682DF7511FAFA1A19DC95098604BFFFFFFFFFF87FFF0000011561FA43237040AA83B8
1232D12B302B82DFF411F3671A15AF97E9AC13BFFFFFFFFFF8AFFF0000011561FA43237040AA83D0
122EE22B2C7082E07811EF891A13AD9A79D2144FFFFFFFFFF8BFFF0000001561FB43237040AA83E8
12244B2B20E282E0E211E5111A0D719C29F104CFFFFFFFFFF8BFFF0000011561FB43237040AA8300
121C972B18CA82E14411DD651A08D69D5A0804BFFFFFFFFFF8EFFF0000021561FB43237040AA8318
1219EC2B161082E1B411DAD31A07629EBA1D071FFFFFFFFFF8FFFF0000021561FB43237040AA8330
1214CE2B109982E22A11D5BC1A045A9FCA2F11FFFFFFFFFFF8FFFF0000011561FB43237040AA8348
1212142B0DA682E29411D3091A02B8A0BA3B04BFFFFFFFFFF93FFF0000011561FC43237040AA8360
12103F2B0BA182E2EE11D1301A0195A12A4504BFFFFFFFFFF94FFF0000011561FC43237040AA7378
120DED2B08EF82E34D11CEEF1A0025A15A4D04BFFFFFFFFFF95FFF0000021561FC43237040AA8390
1209832B040F82E3BE11CA9E19FD80A1AA521EBFFFFFFFFFF96FFF0000021561FC43237040AA83A8
1201092AFB6F82E43411C23819F8CBA1FA5804BFFFFFFFFFF95FFF0000021561FD43237040AA73C0
11FBF42AF56B82E4AA11BD3719F57AA28A5F04BFFFFFFFFFF94FFF0000011561FD43237040AA83D8
11F5D32AEDFF82E52811B73219F16DA33A6804BFFFFFFFFFF95FFF0000021561FD43237040AA83F0
11F1612AE91C82E59C11B2CC19EEBDA3BA6F1C8FFFFFFFFFF96FFF0000011561FD43237040AA8308
11EE3A2AE5AE82E5F911AFA919ECD9A3BA7304AFFFFFFFFFF9AFFF0000021561FD43237040AA8320
11E94E2ADFFB82E64C11AAD319E9C7A43A7704BFFFFFFFFFF9CFFF0000021561FE43237040AA8338
11E4382ADA1482E6A311A5C719E683A4BA7F04BFFFFFFFFFF9BFFF0000021561FE43237040AA8350
11DD4E2AD21A82E710119EFF19E22FA54A8A0C1FFFFFFFFFF9BFFF0000021561FE43237040AA8368
11D9A02ACE3082E796119B5219DFF2A5CA92068FFFFFFFFFF9CFFF0000021561FF43237040AA8380
11D4382AC70982E82511962019DC2AA62A9904BFFFFFFFFFF9EFFF0000011561FF43237040AA8398
11C79A2AB6ED82E8A611898719D341A68A9E04BFFFFFFFFFFA0FFF0000011561FF43237040AA83B0
11C4272AB2B282E90611862619D0E9A69AA00DDFFFFFFFFFFA3FFF0000021561FF43237040AA83C8
11C2B02AB10382E9441184D819D012A64A9A0EAFFFFFFFFFFA5FFF0000021561FF43237040AA83E0
11C06A2AAE4682E98C11827C19CE87A62A9704AFFFFFFFFFFA5FFF00000115620043237040AA83F8
11BC852AA9CA82EA02117E9819CC05A63A9704AFFFFFFFFFFA5FFF00000115620043237040AA8310
11BA2C2AA6D082EA95117C4F19CA6FA66A9A072FFFFFFFFFFA4FFF00000115620043237040AA8328
11AE732A978382EB241170C819C224A6EAA112FFFFFFFFFFFA4FFF00000115620043236F40AA8340
11A1A72A877282EB9311642019B95BA7AAA804AFFFFFFFFFFA6FFF00000115620043236F40AA8358
119B9A2A7FCA82EBE7115E3619B52DA85AB3048FFFFFFFFFFAAFFF00000215620143236F40AA8370
11957D2A77EA82EC3511581819B0D0A88AB9048FFFFFFFFFFABFFF00000215620143236F40AA8388
118F3F2A6FE282ECA01151F019AC69A7FAB3053FFFFFFFFFFAFFFF00000215620143236F40AA83A0
118C652A6C2A82ED1E114F1719AA52A77AAE047FFFFFFFFFFB0FFF00000215620143236F40AA83B8
118C112A6BA682ED96114EB619A9FBA73AAB047FFFFFFFFFFB1FFF00000215620143236F40AA83D0
118B1D2A6A4E82EDFE114DCC19A947A74AA7048FFFFFFFFFFB1FFF00000115620243236F40AA83E8
1188D52A674482EE5B114B8519A7A0A75AA6116FFFFFFFFFFB2FFF00000115620243236F40AA8300
11853C2A629382EEBE11480719A519A73AA5049FFFFFFFFFFB1FFF00000115620243236F40AA8318
117EE42A5A3882EF3E1141D519A091A76AA5048FFFFFFFFFFB1FFF00000115620243236F40AA8330
1179D12A538282EFC1113CD1199CE4A77AA7048FFFFFFFFFFB1FFF00000115620343236F40AA8348
1176682A4F0282F01E11395F199A5DA78AA90D7FFFFFFFFFFB1FFF00000215620343236F40AA8360
1171DA2A490282F0771134ED199726A77AA906BFFFFFFFFFFB5FFF00000115620343236F40AA8378
116CA22A421B82F0E0112FB8199358A7AAAB047FFFFFFFFFFB6FFF00000215620343236F40AA8390
1163E92A366982F14F112729198D05A7CAAC047FFFFFFFFFFB6FFF00000115620343236F40AA83A8
115A892A29DF82F1C0111DD019860DA7CAAE049FFFFFFFFFFBAFFF00000115620443236F40AA83C0
1156FB2A24F482F22B111A60198370A7AAAE049FFFFFFFFFFBCFFF00000115620443236F40AA83D8
114F0B2A1A4A82F290111288197DA0A78AAD048FFFFFFFFFFBCFFF00000115620443236F40AA83F0
114B912A158F82F302110F1B197B00A79AAD048FFFFFFFFFFBDFFF00000215620443236F40AA8308
1147DE2A10A082F377110B6D197842A7BAAE057FFFFFFFFFFBDFFF00000215620543236F40AA8320
1144F82A0CA682F3EE11088B197612A7DAAE0B3FFFFFFFFFFBCFFF00000215620543236F40AA8338
1140B72A06F782F45E11047C197314A7FAAF047FFFFFFFFFFBCFFF00000215620543236F40AA8350
113CC22A018582F4BD110077197001A80AB2047FFFFFFFFFFBDFFF00000015620543236F40AA8368
1139BB29FD2382F51210FD85196DA7A7EAB3047FFFFFFFFFFBFFFF00000015620543236F40AA8380
11375929F9E582F57A10FB23196BD6A7FAB3059FFFFFFFFFFBFFFF00000115620643236F40AA8398
112FE229EFE682F60C10F3C8196665A82AB2047FFFFFFFFFFC1FFF00000215620643236F40AA83B0
112C9229EB6182F69810F0821963E7A83AB3047FFFFFFFFFFBFFFF00000115620643236F40AA83C8
112C0429EA7D82F6F110EFF7196368A82AB3047FFFFFFFFFFBFFFF00000115620643236F40AA83E0
112ABE29E8A482F74510EEB1196269A81AB3047FFFFFFFFFFC1FFF00000215620743236F40AA83F8
11264A29E28582F7BA10EA3C195F01A81AB3048FFFFFFFFFFC1FFF00000215620743236F40AA8310
11239429DED182F83910E7AE195D17A82AB3048FFFFFFFFFFC1FFF00000115620743236F40AA8328
11210829DB3282F8A510E51F195B1BA82AB4048FFFFFFFFFFC2FFF00000215620743236F40AA8340
111DA529D69582F8FC10E1C019588FA7FAB3048FFFFFFFFFFC2FFF00000215620743236F40AA8358
1119BC29D10182F95910DDEA19558FA7DAB4048FFFFFFFFFFC3FFF00000215620843236F40AA8370
11130329C7B682F9D710D75B195081A7EAB3048FFFFFFFFFFC4FFF00000115620843236F40AA8388
110E5B29C13482FA6D10D2BD194CE8A80AB4048FFFFFFFFFFC5FFF00000215620843236E40AA83A0
110A9629BBF982FAEE10CEED1949FEA86AB5047FFFFFFFFFFC5FFF00000215620843236E40AA83B8
11089629B91B82FB4C10CCF2194876A89AB8047FFFFFFFFFFC5FFF00000215620843236E40AA83D0
1105BC29B52082FB9310CA35194652A8CAB9047FFFFFFFFFFC5FFF00000215620943236E40AA83E8
11032A29B16382FBD710C7A319444AA8FABA047FFFFFFFFFFC5FFF00000215620943236E40AA8300
10FDE129A9D182FC4010C27A19402CA8FABC047FFFFFFFFFFC5FFF00000215620943236E40AA8318
10F5E4299EAA82FCEE10BA8C193A0BA8EABC047FFFFFFFFFFC5FFF00000115620943236E40AA8330
10ED0729928682FDA110B1B5193352A90ABB048FFFFFFFFFFC5FFF00000215620943236E40AA8348
10ECF829926B82FDF210B434193501A92ABC047FFFFFFFFFFC5FFF00000115620A43236E40AA8360
10F377299AF382FE0A10B5C319360BA90ABC047FFFFFFFFFFC5FFF00000215620A43236E40AA8378
10E76E2989B082FE5810AA0A192D0FA90ABB047FFFFFFFFFFC6FFF00000215620A43236E40AA8390
10DA0429777E82FEEC109F2A1924C1A91ABD047FFFFFFFFFFC5FFF00000315620B43236E40AA83A8
10D185296B7C82FF9A1096A5191E17A92ABF047FFFFFFFFFFC8FFF00000215620B43236E40AA83C0
10CF1D296809830013109449191C31A97AC1047FFFFFFFFFFC9FFF00000215620B43236E40AA83D8
10CE552966F383004B1093CC191BCFA99AC2047FFFFFFFFFFCAFFF00000215620B43236E40AA83F0
10CC7E29640E83008F1091C9191A20A99AC3047FFFFFFFFFFC9FFF00000215620B43236E40AA8308
10C8E2295EFA830105108E1019173AA99AC5047FFFFFFFFFFC8FFF00000115620C43236E40AA8320
10C51A29599F8301B2108A74191465A98AC6048FFFFFFFFFFC8FFF00000315620C43236E40AA8338
10C18929545E8302441086DE191172A9BAC7047FFFFFFFFFFC8FFF00000215620C43236E40AA8350
10BFE829520B830294108562191041A9FAC9047FFFFFFFFFFC8FFF00000115620C43236E40AA8368
10BDBA294ED78302D6108345190E88A9FACA047FFFFFFFFFFC9FFF00000315620C43236E40AA8380
10BA3E2949CD83032C107FBC190BBEAA1ACB047FFFFFFFFFFC9FFF00000115620D43236E40AA9398
10B52E2942968303A1107AB11907D2AA3ACC046FFFFFFFFFFC9FFF00000215620D43236E40AA93B0
10B257293E708304291077CB19057BAA1ACE043FFFFFFFFFFC9FFF00000115620D43236E40AA93C8
10AC9C2936428304B7107237190112AA5AD1047FFFFFFFFFFC9FFF00000215620D43236E40AA93E0
10A7F3292F91830536106DA118FD70AA8AD3047FFFFFFFFFFC9FFF00000115620D43236E40AA83F8
10A568292BF9830595106B3418FB76AAAAD4047FFFFFFFFFFC9FFF00000215620E43236E40AA8310
10A2BD2927F98305D81068B918F966AABAD6047FFFFFFFFFFCAFFF00000315620E43236E40AA8328
109FDA29239B83062410659818F6E0AAEAD7047FFFFFFFFFFCAFFF00000215620E43236E40AA9340
109B8C291D5583069110615D18F37CAAEAD9047FFFFFFFFFFC9FFF00000115620F43236E40AA8358
1091A4290F2383072E10579618EBC0AB0ADA047FFFFFFFFFFC9FFF00000315620F43236D40AA8370
1089D92903EA8307CA104FD118E594AB2ADD047FFFFFFFFFFC9FFF00000115620F43236D40AA8388
1084D428FD02830826104B5618E1EFAB6ADF047FFFFFFFFFFC9FFF00000115620F43236D40AA83A0
1082A128F9848308691048FF18E005ABAAE1047FFFFFFFFFFC9FFF00000215620F43236D40AA83B8
1080D728F6A98308C71046F918DE6AABDAE2047FFFFFFFFFFC9FFF00000215621043236D40AA83D0
107CE328F0E783094610431B18DB50ABCAE5047FFFFFFFFFFC9FFF00000115621043236D40AA93E8
107B8628EEF78309D21041C718DA42ABEAE7045FFFFFFFFFFC9FFF00000215621043236D40AA8300
107B3628EE79830A4610416218D9E7ABEAE9044FFFFFFFFFFC9FFF00000315621043236D40AA8318
1079E728EC92830A9C10403918D8EAAC1AEA044FFFFFFFFFFCAFFF00000315621043236D40AA8330
10783828EA0E830AEC103E6718D77CAC4AEB046FFFFFFFFFFC8FFF00000115621143236D40AA8348
10776928E8EB830B4E103DA418D6E8AC5AEC046FFFFFFFFFFC8FFF00000315621143236D40AA9360
10743E28E448830BD0103A7C18D45DAC7AEC046FFFFFFFFFFC9FFF00000315621143236D40AA8378
106F1228DCAD830C7510355D18D035AC8AEE045FFFFFFFFFFC9FFF00000115621143236D40AA8390
10699C28D4AD830D0310300318CBDDACAAEE042FFFFFFFFFFC9FFF00000215621143236D40AA83A8
1067DC28D24B830D49102E7618CAC5AC9AF103FFFFFFFFFFFC9FFF00000015621243236D40AA83C0
10658B28CEC1830D7C102BA318C85EACAAF2040FFFFFFFFFFC9FFF00000215621243236D40AA83D8
1060B928C797830DD410272818C4AEACBAF303FFFFFFFFFFFC8FFF00000315621243236D40AA83F0
105DA328C32D830E5510242418C24CACCAF403FFFFFFFFFFFC8FFF00000315621243236D40AA8308
105B1D28BF7B830EEA1021C818C069ACEAF5042FFFFFFFFFFC8FFF00000115621343236D40AA8320
10572D28B995830F78101DC218BD19AD1AF703FFFFFFFFFFFC8FFF00000215621343236D40AA8338
1054EB28B66A830FEB101BA218BB71AD3AF8041FFFFFFFFFFC8FFF00000315621343236D40AA9350
10549D28B5E9831049101B5018BB24AD3AF903FFFFFFFFFFFC9FFF00000115621343236D40AA8368
1053ED28B4DE8310A5101A9E18BA90AD4AFA03FFFFFFFFFFFC9FFF00000315621443236D40AA9380
10522E28B24C8311021018E718B933AD5AFB041FFFFFFFFFFC9FFF00000315621443236D40AA9398
104FA128AE9183116310165D18B724AD8AFC03FFFFFFFFFFFC9FFF00000315621443236D40AA83B0
104A3D28A67C8311D910110318B2C5AD8AFD040FFFFFFFFFFCAFFF00000115621443236D40AAA3C8
104552289F61831265100C1E18AEDBAD7AFE03FFFFFFFFFFFCAFFF00000215621443236D40AA93E0
103F4B2896958312E810062C18AA15AD9B00041FFFFFFFFFFC9FFF00000315621543236C40AA93F8
103C2E28920183135310033618A7A1ADDB02041FFFFFFFFFFC9FFF00000115621543236C40AA8310
103944288D968313AB10005118A539AE0B0303FFFFFFFFFFFCAFFF00000315621543236C40AA9328
1037B7288B4E83140E0FFED118A3FEAE1B05041FFFFFFFFFFC9FFF00000315621543236C40AA8340
10358A28880D8314810FFCAD18A241AE2B0603FFFFFFFFFFFC9FFF00000015621643236C40AA9358
1030582880678314EF0FF78C189E1EAE2B0703FFFFFFFFFFFC9FFF00000215621643236C40AA9370
102A0828773383155E0FF14318990AAE3B09044FFFFFFFFFFCAFFF00000315621643236C40AA9388
102483286EF38315DE0FEBD318949DAE6B0B03FFFFFFFFFFFCAFFF00000215621643236C40AA93A0
101EA028663883165A0FE5FD188FD5AECB0F03FFFFFFFFFFFCAFFF00000115621643236C40AA83B8
10193A285E438316C00FE0C9188B99AF4B15042FFFFFFFFFFC8FFF00000215621743236C40AA93D0
1016D4285A8D83170F0FDE71188996AF9B1A03FFFFFFFFFFFC9FFF00000215621743236C40AA93E8
1015002857B68317700FDC891887F7AF6B1B044FFFFFFFFFFC9FFF00000115621743236C40AA9300
100FF22850518317F30FD78A1883F1AF6B1B03FFFFFFFFFFFC8FFF00000315621743236C40AA9318
100AAD2848728318710FD250187FA6AF8B1D041FFFFFFFFFFC8FFF00000315621843236C40AA8330
10068428425D8318DA0FCE33187C5AAF9B1E042FFFFFFFFFFC9FFF00000315621843236C40AA9348
10044C283F148319450FCC0D187A91AFAB1E03FFFFFFFFFFFC8FFF00000315621843236C40AA9360
1001F0283B7D8319C10FC9AD187896AF9B1E044FFFFFFFFFFC8FFF00000215621843236C40AA9378
0FFEA028367B831A3B0FC6801875F6AFAB1F03FFFFFFFFFFFC8FFF00000115621843236C40AA8390
0FFBAA283221831A9B0FC393187393AF9B2003FFFFFFFFFFFC9FFF00000115621943236C40AA83A8
0FFA20282FC6831AEE0FC1EE18723AAF9B2003FFFFFFFFFFFC8FFF00000115621943236C40AA83C0
0FF826282CE1831B500FC0121870B2AFBB20041FFFFFFFFFFC8FFF00000115621943236C40AAA3D8
0FF6D8282ADC831BD00FBECC186F9CAFDB21041FFFFFFFFFFC9FFF00000015621943236C40AA93F0
0FF3A62825F8831C5F0FBBA5186CF5AFEB22040FFFFFFFFFFC9FFF00000215621A43236C40AA9308
0FF09B28217D831CD30FB8B4186A92B00B24040FFFFFFFFFFC8FFF00000315621A43236C40AAA320
0FEFAA281FFD831D2F0FB7B81869B7B01B26041FFFFFFFFFFC8FFF00000115621A43236C40AAA338
0FEE59281DF6831D880FB661186895B02B27040FFFFFFFFFFC9FFF00000215621A43236C40AAA350
0FEC01281A75831DF50FB40F1866AEB03B28041FFFFFFFFFFC9FFF00000315621B43236C40AA9368
0FE8622814FA831E720FB08F1863CBB03B29041FFFFFFFFFFC9FFF00000115621B43236C40AA9380
0FE31F280D3F831EED0FAB61185FA2B06B2A041FFFFFFFFFFC9FFF00000215621B43236C40AAA398
0FDF34280782831F590FA773185C6EB08B2B049FFFFFFFFFFCAFFF00000315621B43236C40AA93B0
0FDA56280013831FB30FA285185867B0AB2D04AFFFFFFFFFFC9FFF00000315621B43236C40AAA3C8
0FD4AC27F7AA83200F0F9D0B1853DDB0BB2F04AFFFFFFFFFFC9FFF00000215621C43236C40AAA3E0
0FD1B327F32E83208B0F9A41185182B0BB3204AFFFFFFFFFFC9FFF00000015621C43236C40AAA3F8
0FCEF727EF118321190F9725184EF0B0DB3404AFFFFFFFFFFC8FFF00000315621C43236B40AA9310
0FCD9227ECEB8321880F9613184DFFB10B3504AFFFFFFFFFFCAFFF00000315621C43236B40AAA328
0FCD4C27EC708321CF0F95CF184DBBB13B3504AFFFFFFFFFFC9FFF00000315621C43236B40AA9340
0FCD1227EC0F8322230F958C184D84B12B36049FFFFFFFFFFC9FFF00000315621D43236B40AAA358
0FCCAB27EB778322990F9528184D33B13B37049FFFFFFFFFFC9FFF00000315621D43236B40AAA370
0FCA9927E8468323320F9377184BC8B15B38049FFFFFFFFFFC9FFF00000215621D43236B40AAA388
0FC57B27E0B68323C90F8E2318476EB16B39049FFFFFFFFFFC8FFF00000115621D43236B40AA93A0
0FC35627DD5A8324270F8BF118458EB17B3A048FFFFFFFFFFC8FFF00000115621D43236B40AAA3B8
0FC1DB27DAF983244C0F8ACB184494B1AB3B047FFFFFFFFFFC9FFF00000115621E43236B40AAA3D0
0FBDEF27D54B8324970F8684184121B1AB3A047FFFFFFFFFFC9FFF00000215621E43236B40AA93E8
0FBCBC27D38A8325280F8579184048B1AB3A045FFFFFFFFFFC9FFF00000315621E43236B40AAA300
0FBB8427D1918325C60F8437183F2BB1BB3B042FFFFFFFFFFC9FFF00000315621E43236B40AAA318
0FB5C527C8E58326400F7E6B183A6BB1BB3B048FFFFFFFFFFC9FFF00000115621F43236B40AAA330
0FB33527C51E8326A10F7C1B183879B1BB3B044FFFFFFFFFFC9FFF00000215621F43236B40AA9348
0FB19E27C2918326EC0F7A531836ECB1BB3C04AFFFFFFFFFFC9FFF00000315621F43236B40AA9360
0FAF9D27BF8D83273C0F7878183568B1CB3E04AFFFFFFFFFFC9FFF00000115621F43236B40AAA378
0FAD0127BBB68327B10F75D918334DB1DB3F049FFFFFFFFFFC8FFF00000115622043236B40AA9390
0FAAA827B8298328430F738D183163B1EB40049FFFFFFFFFFC8FFF00000315622043236B40AAA3A8
0FA7FF27B42C8328C00F70EF182F3BB1EB42048FFFFFFFFFFC9FFF00000215622043236B40AAA3C0
0FA50127AFB68329210F6DFA182CD2B21B4204AFFFFFFFFFFCAFFF00000015622043236B40AAA3D8
0FA2C527AC678329820F6BAA182AECB23B4304AFFFFFFFFFFC9FFF00000215622043236B40AAA3F0
0FA25E27ABC58329E70F6B67182AADB24B4404AFFFFFFFFFFC8FFF00000315622143236B40AAA308
0FA24E27ABA5832A470F6B55182A97B26B4504AFFFFFFFFFFC9FFF00000315622143236B40AAA320
0FA16E27AA35832AB80F6A7C1829DFB26B46048FFFFFFFFFFC9FFF00000315622143236B40AAA338
0F9D7E27A45C832B390F66841826A1B26B4804AFFFFFFFFFFC9FFF00000315622143236B40AA9350
0F9B0727A0A3832BAC0F64231824A9B28B4904AFFFFFFFFFFC8FFF00000315622243236B40AA9368
0F9927279DE0832C1C0F6248182322B29B4B04AFFFFFFFFFFC8FFF00000315622243236B40AA9380
0F97A2279B85832C910F60CA1821E2B2CB4D048FFFFFFFFFFC9FFF00000115622243236B40AAA398
0F9567279846832CFF0F5E94182019B30B4F049FFFFFFFFFFC8FFF00000115622243236B40AAA3B0
0F94B4279726832D5E0F5DE8181F80B30B5004AFFFFFFFFFFC8FFF00000215622243236B40AAA3C8
0F939D27956C832DBB0F5CD6181E96B30B5104AFFFFFFFFFFC8FFF00000315622343236B40AAA3E0
0F90EC279159832E230F5A2E181C63B30B5204BFFFFFFFFFFC9FFF00000115622343236B40AAA3F8
0F8D69278C0F832E9A0F56B2181983B2FB5204AFFFFFFFFFFC8FFF00000215622343236B40AAA310
0F8AD027882C832F200F5420181760B30B5304AFFFFFFFFFFC9FFF00000315622343236B40AAA328
0F89512785CB832F940F52BB18162AB34B5404AFFFFFFFFFFCAFFF00000115622443236A40AAA340
0F87B6278361832FED0F511E1814D2B37B5804AFFFFFFFFFFC9FFF00000215622443236A40AAA358
0F858327800D83305B0F4EE61812FDB38B5904BFFFFFFFFFFC8FFF00000315622443236A40AAA370
0F822C277AFA8330D40F4B96181039B39B5A04AFFFFFFFFFFC8FFF00000215622443236A40AAA388
0F80062777A88331370F497A180E73B3AB5C04AFFFFFFFFFFC8FFF00000115622443236A40AAA3A0
0F7E2A2774DC8331990F47B1180CF8B3CB5D04AFFFFFFFFFFC9FFF00000315622543236A40AAA3B8
0F7CFA2773118332050F467C180BF4B3CB5D049FFFFFFFFFFC9FFF00000115622543236A40AAA3D0
0F7BEB27717D8332830F4570180B18B3CB5E04AFFFFFFFFFFCAFFF00000215622543236A40AAA3E8
0F7A48276EF88332FD0F43D61809C2B3EB5F04AFFFFFFFFFFC9FFF00000215622543236A40AA9300
0F7773276AB48333620F410D180775B41B6104AFFFFFFFFFFC9FFF00000215622543236A40AAA318
0F75A72768038333C30F3F421805FAB42B6204AFFFFFFFFFFC8FFF00000315622643236A40AAA330
0F747327663883343A0F3E19180507B43B62049FFFFFFFFFFC8FFF00000115622643236A40AA9348
0F710D2760F98334B40F3AC618023AB44B6304AFFFFFFFFFFC8FFF00000315622643236A40AAA360
0F6E06275C6C8335210F37C117FFBDB45B6404AFFFFFFFFFFC8FFF00000315622643236A40AAA378
0F6B962758BF8335840F355717FDBFB46B6504AFFFFFFFFFFC8FFF00000115622743236A40AAA390
0F681D2753768335E90F31E817FAE2B48B6604AFFFFFFFFFFC8FFF00000215622743236A40AAA3A8
0F65B3274FE48336650F2F8517F8E9B4AB6704AFFFFFFFFFFC9FFF00000215622743236A40AAA3C0
0F6558274F488336E20F2F3917F8A0B4AB6904AFFFFFFFFFFC8FFF00000215622743236A40AAA3D8
0F6473274DD68337490F2E4317F7CCB4DB6A049FFFFFFFFFFC8FFF00000315622743236A40AAA3F0
0F6263274AC28337A50F2C3A17F624B4CB6B04AFFFFFFFFFFC9FFF00000315622843236A40AAA308
0F60BF2748578338100F2A9217F4C9B4EB6D59DFFFFFFFFFFC9FFF00000315622843236A40AAA320
0F5E7F2744E78338830F287317F304B4FB6D543FFFFFFFFFFC8FFF00000115622843236A40AAA338
0F5C422741748338F70F264417F129B50B6F04AFFFFFFFFFFC8FFF00000215622843236A40AAA350
0F587D273BC683396C0F228717EE15B51B7004AFFFFFFFFFFCAFFF00000215622843236A40AAA368
0F575A2739F78339D50F215C17ED10B52B7204AFFFFFFFFFFC9FFF00000215622943236A40AAA380
0F54E1273634833A3C0F1EED17EB09B55B7504AFFFFFFFFFFC9FFF00000115622943236A40AAA398
0F527927329A833AB00F1C9217E917B57B7604AFFFFFFFFFFC9FFF00000315622943236A40AAA3B0
0F4FB9272E6F833B240F19D017E6CEB58B77049FFFFFFFFFFC9FFF00000115622943236A40AAA3C8
0F4D65272AD0833B920F178A17E4E1B58B7704AFFFFFFFFFFC9FFF00000315622A43236A40AAA3E0
0F4A022725A6833C000F143117E213B57B7804AFFFFFFFFFFC9FFF00000315622A43236A40AA93F8
0F491427243A833C680F134C17E14DB57B7704AFFFFFFFFFFC9FFF00000315622A43236A40AAA310
0F48FA272402833CC20F132917E128B56B77049FFFFFFFFFFC9FFF00000215622A43236A40AAA328
0F47C3272216833D330F11FD17E029B55B76049FFFFFFFFFFC9FFF00000215622A43236A40AAA340
0F452B271E34833DC00F0F7917DE12B53B75A05FFFFFFFFFFC9FFF00000215622B43236A40AAA358
0F42C0271A8D833E400F0D0517DC0EB53B74044FFFFFFFFFFC9FFF00000215622B43236940AAA370
0F40512716D1833E9A0F0AA817DA18B55B7404BFFFFFFFFFFC9FFF00000315622B43236940AAA388
0F3EF72714C2833EE60F094617D8EAB55B7404BFFFFFFFFFFC8FFF00000315622B43236940AAA3A0
0F3CFB2711CA833F4D0F075117D74BB55B748A6FFFFFFFFFFC8FFF00000315622C43236940AAA3B8
0F3BB7270FD4833FD60F062917D650B56B74279FFFFFFFFFFC6FFF00000315622C43236940AAA3D0
0F3A9E270E1983405F0F04FF17D552B56B7504AFFFFFFFFFFC7FFF00000315622C43236940AAA3E8
0F399E270C898340C50F040217D479B57B7604AFFFFFFFFFFC8FFF00000315622C43236940AAA300
0F383C270A6A8341120F02A417D354B57B77598FFFFFFFFFFC8FFF00000115622D43236940AAA318
0F34B127050883416B0EFF1417D060B57B77551FFFFFFFFFFC9FFF00000215622D43236940AAA330
0F31BF2700938341E90EFC4017CE03B58B78049FFFFFFFFFFC9FFF00000315622D43236940AAA348
0F2ED826FC4F8342830EF96917CBBAB5AB7904AFFFFFFFFFFC9FFF00000315622D43236940AAA360
0F2DC826FAB68342FD0EF85A17CAD7B5EB7B24DFFFFFFFFFFC9FFF00000115622D43236940AAA378
0F2D2726F9A583433F0EF7CD17CA53B60B7C75CFFFFFFFFFFC9FFF00000315622E43236940AAA390
0F2BD126F79F8343910EF66717C92FB61B7E04AFFFFFFFFFFC8FFF00000315622E43236940AAA3A8
0F2A0C26F4EB8343F90EF4A617C7B5B63B80049FFFFFFFFFFC9FFF00000315622E43236940AAA3C0
0F28D326F3128344770EF37017C6AFB66B81047FFFFFFFFFFC9FFF00000315622E43236940AAA3D8
0F261226EECC8345040EF0C117C466B68B84A38FFFFFFFFFFC9FFF00000315622F43236940AAA3F0
0F22F626EA1C8345870EEDA417C1DAB6AB8704AFFFFFFFFFFC9FFF00000115622F43236940AAA308
0F206526E61B8345EC0EEB1B17BFB6B6BB8804AFFFFFFFFFFC8FFF00000215622F43236940AAA320
0F1F2026E42E83463A0EE9D617BE9CB6DB8904AFFFFFFFFFFC8FFF00000215622F43236940AAA338
0F1E7C26E3238346910EE94017BE19B6DB8AA0AFFFFFFFFFFC9FFF00000115623043236940AAA350
0F1D4526E1388347010EE80D17BD10B6DB8A043FFFFFFFFFFC9FFF00000215623043236940AAA368
0F1A8326DD0F83478B0EE55617BAD1B6EB8B049FFFFFFFFFFC9FFF00000315623043236940AAA380
0F18A726DA3B8348110EE37917B947B6FB8C049FFFFFFFFFFC9FFF00000115623043236940AAA398
0F16D426D78083487A0EE1B317B7D1B6FB8C6F9FFFFFFFFFFC7FFF00000315623043236940AAA3B0
0F167526D6E98348D20EE14A17B775B6FB8D223FFFFFFFFFFC8FFF00000315623143236940AAA3C8
0F15A326D5A183492F0EE07917B6C3B6FB8D04AFFFFFFFFFFC8FFF00000115623143236940AAA3E0
0F139626D28583499F0EDE7A17B51BB70B8E049FFFFFFFFFFC8FFF00000315623143236940AAA3F8
0F11B126CF9C834A230EDC9E17B388B71B8F4F6FFFFFFFFFFC8FFF00000315623143236940AAA310
0F0F3626CBE0834A9F0EDA1517B172B72B904EAFFFFFFFFFFC8FFF00000215623143236940AAA328
0F0D6A26C919834AFE0ED85717B001B73B9004AFFFFFFFFFFC8FFF00000215623243236940AAA340
0F0B1326C580834B580ED61517AE16B73B9104AFFFFFFFFFFC8FFF00000315623243236940AAA358
0F09B926C367834BBC0ED4BF17ACF2B74B91049FFFFFFFFFFC7FFF00000215623243236940AAA370
0F075226BFBF834C3A0ED26317AAFAB75B92049FFFFFFFFFFC7FFF00000015623243236940AAA388
0F063A26BE25834CC60ED14117AA0FB76B92049FFFFFFFFFFC9FFF00000115623343236840AAA3A0
0F05F626BDBA834D310ED0F817A9CFB76B93049FFFFFFFFFFCAFFF00000315623343236840AAA3B8
0F05CE26BD7A834D840ED0E617A9BFB77B9304AFFFFFFFFFFC8FFF00000315623343236840AAA3D0
0F057326BCEE834DEB0ED07D17A966B78B94841FFFFFFFFFFC8FFF00000015623343236940AAA3E8
0F021126B7A7834E5F0ECD4317A6AEB78B95047FFFFFFFFFFC8FFF00000215623443236840AAA300
0EFE8726B25A834ED30EC9BF17A3CAB7AB96049FFFFFFFFFFC9FFF00000315623443236840AAA318
0EFC9D26AF70834F4E0EC7E517A23CB7BB96049FFFFFFFFFFC9FFF00000115623443236840AAA330
0EF93826AA31834FC90EC48A179F68B7BB98915FFFFFFFFFFC7FFF00000215623443236840AAA348
0EF73A26A7248350290EC278179DA8B7CB98043FFFFFFFFFFC7FFF00000115623443236840AAA360
0EF6B626A64F8350800EC1F8179D34B7DB99049FFFFFFFFFFC8FFF00000215623543236840AAA378
0EF5DC26A4F48350EA0EC123179C7EB7EB9A049FFFFFFFFFFC8FFF00000315623543236840AAA390
0EF41926A2458351580EBF5D179B01B7DB9A701FFFFFFFFFFC8FFF00000315623543236840AAA3A8
0EF35026A1098351C90EBEA5179A64B7EB9B22FFFFFFFFFFFC8FFF00000315623543236840AAA3C0
0EF235269F598352430EBD89179978B7EB9B049FFFFFFFFFFC8FFF00000315623543236840AAA3D8
0EF08E269CCA8352BD0EBC0C179838B7EB9C049FFFFFFFFFFC9FFF00000215623643236840AAA3F0
0EEE2A26993683533B0EB97D17961BB7FB9C3E1FFFFFFFFFFC9FFF00000115623643236840AAA308
0EED4D2697E083539B0EB8B117956DB80B9C41BFFFFFFFFFFCAFFF00000315623643236840AAA320
0EECC82697138353E60EB82E1794FBB80B9C04AFFFFFFFFFFC9FFF00000115623643236840AAA338
0EEC9A2696CE8354400EB8001794D7B81B9D049FFFFFFFFFFC9FFF00000115623743236840AAA350
0EEC4A2696578354A80EB7A9179491B82B9E1F6FFFFFFFFFFC9FFF00000215623743236840AAA368
0EEB3B2694DA8355320EB6A41793C7B82B9E6D1FFFFFFFFFFC9FFF00000315623743236840AAA380
0EEA3B2693658355E00EB59C1792F5B84B9E04AFFFFFFFFFFC9FFF00000315623743236840AAA398
0EE7FC2690078356600EB33B179100B86BA004AFFFFFFFFFFC9FFF00000015623743236840AAA3B0
0EE80826904283567C0EB59B1792DFB88BA204BFFFFFFFFFFC9FFF00000215623843236840AAA3C8
0EE9332691988356AB0EB2DE17909FB8ABA485AFFFFFFFFFFC8FFF00000115623843236840AAA3E0
0EE25326875983572F0EAE01178C98B8ABA504AFFFFFFFFFFC7FFF00000215623843236840AAA3F8
0EDFD426838A8357DC0EAB6C178A76B8CBA604AFFFFFFFFFFC7FFF00000115623843236840AAA310
0EDEB62681C28358570EAA4417897BB8EBA804AFFFFFFFFFFC9FFF00000315623843236840AAA328
0EDE152680C583589E0EA9A91788F3B8FBAA737FFFFFFFFFFCAFFF00000315623943236840AAA340
0EDC56267E1A8359010EA7F4178786B90BAA044FFFFFFFFFFC8FFF00000315623943236840AAA358
0EDA81267B538359850EA62D178609B90BAB04AFFFFFFFFFFC8FFF00000215623943236840AAA370
0ED8E62678E1835A0D0EA4821784A5B90BAC04AFFFFFFFFFFC8FFF00000215623943236840AAA388
0ED71B267605835A640EA2E117833FB91BAD641FFFFFFFFFFC9FFF00000315623943236840AAA3A0
0ED467267202835AAD0EA0201780FEB93BAD20DFFFFFFFFFFC9FFF00000215623A43236840AAA3B8
0ED38726709A835B100E9F48178041B94BAE049FFFFFFFFFFC8FFF00000215623A43236840AAA3D0
0ED310266FED835B9C0E9ECD177FDBB94BAE049FFFFFFFFFFC8FFF00000315623A43236840AAA3E8
0ED28B266F21835C330E9E4B177F6FB94BAF3E4FFFFFFFFFFC8FFF00000215623A43236840AAA300
0ED213266E65835CA10E9DD1177F05B94BAF42EFFFFFFFFFFC8FFF00000115623B43236840AAA318
0ED1EF266E22835CDE0E9DAF177EE2B93BB004AFFFFFFFFFFC8FFF00000315623B43236840AAA330
0ED1C9266DED835D260E9D88177EC5B93BB004AFFFFFFFFFFC8FFF00000115623B43236840AAA348
0ED176266D6B835D980E9D3C177E83B92BB0167FFFFFFFFFFC8FFF00000215623B43236840AAA360
0ECEA7266928835E2E0E9A7F177C3FB93BB058CFFFFFFFFFFC9FFF00000315623C43236840AAA378
0ECBD5266510835ECE0E97A51779F9B94BB004AFFFFFFFFFFC9FFF00000315623C43236840AAA390
0ECAE6266394835F440E96D3177942B96BB104BFFFFFFFFFFC9FFF00000215623C43236740AAA3A8
0EC951266150835F7A0E956A177827B97BB204BFFFFFFFFFFC8FFF00000215623C43236740AAA3C0
0EC86A265FBD835FB20E945C177731B98BB3766FFFFFFFFFFC7FFF00000215623C43236840AAA3D8
0EC796265E7883601C0E937417766CB97BB404AFFFFFFFFFFC8FFF00000215623D43236840AAA3F0
0EC611265C208360B40E91FE177532B98BB504AFFFFFFFFFFC8FFF00000115623D43236840AAA308
0EC47B2659C08361500E90621773DBB9ABB604BFFFFFFFFFFC8FFF00000215623D43236740AAA320
0EC3712658208361B90E8F5C177301B9CBB704BFFFFFFFFFFC8FFF00000215623D43236740AAA338
0EC1A526555A8362080E8D9B177189B9EBB704AFFFFFFFFFFC7FFF00000115623D43236740AAA350
0EC08026539583626F0E8C82177099B9EBB704AFFFFFFFFFFC7FFF00000315623E43236740AAA368
0EBFA12652438362E80E8BA1176FDEB9DBB704AFFFFFFFFFFC9FFF00000315623E43236740AAA380
0EBDB4264F5D8363530E89B5176E4DB9DBB84C5FFFFFFFFFFC9FFF00000115623E43236740AAA398
0EBC81264D858363B30E888B176D4EB9DBB91B1FFFFFFFFFFC9FFF00000315623E43236740AAA3B0
0EBB3A264B7F83641E0E8757176C48B9CBB904AFFFFFFFFFFC9FFF00000015623F43236740AAA3C8
0EBA162649A98364920E8655176B62B9BBB904BFFFFFFFFFFC7FFF00000215623F43236740AAA3E0
0EB7C626461A8365020E83DD17694AB9CBB904AFFFFFFFFFFC8FFF00000315623F43236740AAA3F8
0EB7062644F58365780E831F1768ACB9DBB9049FFFFFFFFFFC9FFF00000315623F43236740AAA310
0EB5F42643498366090E821A1767CEB9DBB9049FFFFFFFFFFC9FFF00000315623F43236740AAA328
0EB271263DF88366900E7E941764DAB9EBB904AFFFFFFFFFFC8FFF00000315624043236740AAA340
0EB19D263CB18366D00E7E6A1764BAB9EBB9164FFFFFFFFFFC8FFF00000315624043236740AA9358
0EB17B263C698366F80E7E4A1764A1B9DBB959BFFFFFFFFFFC8FFF00000315624043236740AAA370
0EB0FA263B9883674D0E7D301763AAB9EBB904AFFFFFFFFFFC8FFF00000315624143236740AAA388
0EB012263A388367E20E7C431762E2B9EBB8049FFFFFFFFFFC8FFF00000115624143236740AAA3A0
0EAF772639538368870E7BB0176268B9FBB804AFFFFFFFFFFC8FFF00000315624143236740AAA3B8
0EAE7B2637DF8369120E7AAF17619AB9FBB804BFFFFFFFFFFC8FFF00000315624143236740AAA3D0
0EADF526370D8369780E7A3117612FB9DBB804AFFFFFFFFFFC8FFF00000015624143236740AAA3E8
0EACF026357A8369CF0E7925176050B9CBB904AFFFFFFFFFFC8FFF00000215624143236740AAA300
0EAC6326349D836A1B0E789F175FDEB9CBB904AFFFFFFFFFFC8FFF00000315624243236740AAA318
0EAAE1263245836A5F0E7730175EA8B9BBB9669FFFFFFFFFFC7FFF00000115624243236740AAA330
0EA9B5263079836ABE0E75FE175DA4B9CBB8044FFFFFFFFFFC7FFF00000315624243236740AAA348
0EA6B3262BDD836B500E7306175B26B9EBB9049FFFFFFFFFFC8FFF00000115624243236740AAA360
0EA2BC2625E6836C000E6F1D1757EFBA0BB9049FFFFFFFFFFC7FFF00000115624243236740AAA378
0EA0CE2622F3836C8C0E6D36175656BA1BBA049FFFFFFFFFFC7FFF00000215624343236740AAA390
0EA0312621FF836CD90E6CA11755D9BA2BBB04BFFFFFFFFFFC8FFF00000315624343236740AAA3A8
0E9FE226218C836D050E6C761755B2BA3BBC04AFFFFFFFFFFC8FFF00000115624343236740AAA3C0
0E9F47262088836D480E6BB517550FBA4BBD04AFFFFFFFFFFC9FFF00000315624443236740AAA3D8
0E9E2D261EE1836DC00E6A9F175429BA4BBD26CFFFFFFFFFFC7FFF00000315624443236740AAA3F0
0E9D73261DD1836E670E69DD17538CBA5BBE2E7FFFFFFFFFFC7FFF00000315624443236740AAA308
0E9C25261BD9836F010E68A0175288BA6BBF049FFFFFFFFFFC7FFF00000115624443236640AAA320
0E9B8D261AF4836F700E67D71751E2BA8BC004AFFFFFFFFFFC7FFF00000315624443236640AA9338
0E9ACA2619CD836FAD0E674E17516BBA8BC004AFFFFFFFFFFC8FFF00000115624443236640AA9350
0E99822617B7836FF20E6605175053BA8BC004AFFFFFFFFFFC8FFF00000215624543236640AAA368
0E981E2615A883706A0E649B174F26BA8BC1049FFFFFFFFFFC8FFF00000315624543236640AAA380
0E97A52614EC8370F50E6425174EC1BA8BC2049FFFFFFFFFFC8FFF00000315624543236640AAA398
0E96BB2613828371660E633C174E01BA8BC2049FFFFFFFFFFC8FFF00000315624543236640AA93B0
0E95B42611F68371DB0E623E174D2FBA7BC104BFFFFFFFFFFC8FFF00000115624643236640AA93C8
0E957326119983723E0E61FD174CFBBA7BC204AFFFFFFFFFFC9FFF00000315624643236640AA93E0
0E952F26112983728F0E61AB174CB4BA7BC104BFFFFFFFFFFC8FFF00000215624643236640AAA3F8
0E94ED2610D28372F90E6166174C80BA8BC1049FFFFFFFFFFC8FFF00000215624643236640AAA310
0E94752610238373750E6104174C32BA9BC2049FFFFFFFFFFC8FFF00000115624643236640AA9328
0E944B260FEB8373F70E60D2174C0FBA8BC104AFFFFFFFFFFC8FFF00000215624743236640AA9340
0E935F260E7C8374770E5FEF174B51BA9BC204BFFFFFFFFFFC7FFF00000215624743236640AAA358
0E900E2609658374CA0E5CA4174895BA8BC204AFFFFFFFFFFC7FFF00000115624743236640AAA370
0E8EA82607528375070E5B4F17477ABA8BC241DFFFFFFFFFFC7FFF00000215624743236640AAA388
0E8CFA2604BE8375750E59A4174610BA8BC3192FFFFFFFFFFC7FFF00000015624843236640AAA3A0
0E8B3926020583761E0E57E8174494BA9BC3049FFFFFFFFFFC7FFF00000115624843236640AA93B8
0E88B025FE158376B20E555B174274BAABC4049FFFFFFFFFFC8FFF00000315624843236640AA93D0
0E860A25FA3C8376ED0E53531740C6BABBC504AFFFFFFFFFFC8FFF00000315624843236640AAA3E8
0E855525F8FF8377200E5259173FEEBAABC504BFFFFFFFFFFC8FFF00000215624843236640AA9300
0E833A25F5B38377920E500D173DFDBABBC504AFFFFFFFFFFC8FFF00000215624943236640AAA318
0E809225F1A68378270E4D57173BBBBAABC5049FFFFFFFFFFC7FFF00000315624943236640AAA330
0E7FB125F0558378AF0E4C83173B0DBABBC6049FFFFFFFFFFC8FFF00000115624943236640AA9348
0E7F6925EFDF83791E0E4C23173ABABABBC604AFFFFFFFFFFC7FFF00000315624943236640AA9360
0E7EFF25EF368379840E4BD7173A78BACBC604BFFFFFFFFFFC7FFF00000315624943236640AA9378
0E7E5625EE318379D80E4B2F1739EBBADBC604AFFFFFFFFFFC8FFF00000315624A43236640AA9390
0E7E0C25EDC0837A370E4ADD1739A6BACBC604AFFFFFFFFFFC8FFF00000115624A43236640AAA3A8
0E7D7325ECDB837AB50E4A3E173921BACBC6049FFFFFFFFFFC9FFF00000215624A43236640AA93C0
0E7C8A25EB84837B2B0E4966173873BACBC6049FFFFFFFFFFC9FFF00000215624A43236640AAA3D8
0E7BAA25EA3B837B910E48881737C7BADBC604AFFFFFFFFFFC7FFF00000115624B43236640AAA3F0
0E7A5225E84C837C0A0E47351736B9BAEBC704AFFFFFFFFFFC9FFF00000215624B43236640AAA308
0E79BB25E770837C7C0E469F173640BAFBC7049FFFFFFFFFFC9FFF00000115624B43236640AA9320
0E78FB25E64C837CD10E45E91735ADBB0BC804AFFFFFFFFFFC9FFF00000215624B43236640AA9338
0E77FA25E4C7837D2E0E44EA1734DABB2BC904AFFFFFFFFFFC9FFF00000315624B43236640AAA350
0E772F25E398837DA30E4423173435BB3BCB049FFFFFFFFFFC8FFF00000315624C43236540AAA368
0E75C325E166837E300E42B9173303BB5BCC049FFFFFFFFFFC8FFF00000115624C43236540AA9380
0E748F25DFA2837EB60E418417320BBB5BCD049FFFFFFFFFFC8FFF00000115624C43236540AA9398
0E747425DF72837F050E416F1731F5BB5BCD04BFFFFFFFFFFC8FFF00000315624C43236540AA93B0
0E73CB25DE69837F530E40DB17317CBB6BCE04AFFFFFFFFFFC7FFF00000315624C43236540AA93C8
0E72E625DD15837FBE0E3FD91730A9BB5BCE049FFFFFFFFFFC7FFF00000315624D43236540AA93E0
0E725325DC178380300E3EC5172FB0BB5BCE049FFFFFFFFFFC8FFF00000315624D43236540AA93F8
0E6CA625D3878380AA0E399B172B76BB6BCE04AFFFFFFFFFFC8FFF00000315624D43236540AA9310
0E6A2C25CFB283812F0E374F172983BB8BCF04AFFFFFFFFFFC8FFF00000215624D43236540AAA328
0E688425CD258381A70E35A217281ABB8BCF049FFFFFFFFFFC8FFF00000215624D43236540AA9340
0E67AB25CBC88382040E34C1172758BB8BD004AFFFFFFFFFFC7FFF00000215624E43236540AA9358
0E664425C9A18382610E336D172640BB7BCF049FFFFFFFFFFC8FFF00000215624E43236540AA9370
0E64EB25C79F8382BF0E321F17252CBB6BCF049FFFFFFFFFFC7FFF00000315624E43236540AA9388
0E642A25C6728383110E3158172482BB7BD004AFFFFFFFFFFC8FFF00000115624E43236540AA93A0
0E62E125C47E8383820E301017236FBB7BD004AFFFFFFFFFFC9FFF00000215624F43236540AAA3B8
0E616025C2238384240E2EA2172238BB8BD0049FFFFFFFFFFC8FFF00000115624F43236540AA93D0
0E601D25C0468384B20E2D5A17212DBB9BD0049FFFFFFFFFFC7FFF00000215624F43236540AA93E8
0E5F5C25BF168385060E2C9E17208EBB8BD1049FFFFFFFFFFC7FFF00000315624F43236540AA9300
0E5EFE25BE8183855A0E2C3A172037BB8BD1049FFFFFFFFFFC8FFF00000315624F43236540AA9318
0E5D2625BB938385C70E2A6F171EAEBB8BD104AFFFFFFFFFFC8FFF00000115625043236540AA9330
0E598625B6078386330E26E0171BB8BB7BD104AFFFFFFFFFFC8FFF00000115625043236540AA9348
0E56A525B1A483868E0E23FC171950BB7BD1049FFFFFFFFFFC8FFF00000215625043236540AA9360
0E544D25ADF98386FD0E21B117175ABB8BD104AFFFFFFFFFFC8FFF00000315625043236540AA9378
0E52C625ABAF83878A0E202E171619BB8BD2049FFFFFFFFFFC9FFF00000215625043236540AA9390
0E529D25AB628388060E20041715F1BB7BD2049FFFFFFFFFFC8FFF00000215625143236540AA93A8
0E51C625AA078388680E1F51171557BB6BD104AFFFFFFFFFFC7FFF00000115625143236540AA93C0
0E4FBF25A6F58388D00E1D471713A3BB6BD104BFFFFFFFFFFC7FFF00000315625143236540AA93D8
0E4EBF25A5748389320E1C321712BFBB6BD0049FFFFFFFFFFC8FFF00000315625143236540AA93F0
0E4E8F25A52A8389940E1BFF171292BB6BD0049FFFFFFFFFFC8FFF00000115625243236540AA9308
0E4E1625A46D838A000E1B90171236BB6BCF049FFFFFFFFFFC8FFF00000215625243236540AA9320
0E4C8225A20A838A760E1A021710F0BB7BCF04BFFFFFFFFFFC8FFF00000115625243236540AA9338
0E4B3A25A019838AE30E18BB170FE1BB8BD004AFFFFFFFFFFC7FFF00000215625243236540AA9350
0E4A5E259EC7838B4D0E17E1170F2ABB8BD0049FFFFFFFFFFC6FFF00000115625243236540AA9368
0E484D259BA2838BC50E15DC170D7DBB9BD1049FFFFFFFFFFC8FFF00000215625343236540AA9380
0E469F259921838C3A0E1430170C1EBB8BD104AFFFFFFFFFFC8FFF00000215625343236540AA9398
0E459A259793838CA20E132A170B48BB9BD104AFFFFFFFFFFC8FFF00000215625343236540AA83B0
0E44632595B7838D090E11FC170A4DBBABD2049FFFFFFFFFFC9FFF00000315625343236540AA93C8
0E42F125937E838D6A0E1099170925BBBBD3049FFFFFFFFFFC7FFF00000215625343236540AA93E0
0E40CB259034838DD30E0E72170756BBBBD3049FFFFFFFFFFC8FFF00000115625443236540AA93F8
0E404B258F6D838E440E0DF41706E8BBCBD504AFFFFFFFFFFC7FFF00000015625443236540AA9310
0E3F46258DC8838EB40E0CF417060CBBCBD504AFFFFFFFFFFC7FFF00000215625443236540AA9328
0E3D82258B1A838F2D0E0B3617049ABBBBD504AFFFFFFFFFFC7FFF00000115625443236540AA9340
0E3BFC2588CF838FAC0E09AA170354BBBBD5049FFFFFFFFFFC8FFF00000215625443236540AA9358
0E3B4D2587C38390040E09121702D0BBBBD4049FFFFFFFFFFC8FFF00000315625543236540AA9370
0E3A792586768390500E082C170210BBABD3049FFFFFFFFFFC8FFF00000315625543236540AA9388
0E389C2583AD8390CA0E065C170097BBABD3049FFFFFFFFFFC8FFF00000315625543236540AA93A0
0E381E2582EE83915B0E05DB17002BBBABD304AFFFFFFFFFFC7FFF00000215625543236540AA93B8
0E37EA25829F8391C90E05AD170002BBBBD404AFFFFFFFFFFC8FFF00000015625643236540AA93D0
0E37AE25823D8392160E057516FFD0BBBBD404AFFFFFFFFFFC8FFF00000315625643236540AA93E8
0E375A2581C48392660E053016FF99BBABD3049FFFFFFFFFFC9FFF00000315625643236540AA9300
0E373125818C8392D90E04F216FF6BBBABD3049FFFFFFFFFFC9FFF00000115625643236540AA9318
0E371925817183936B0E04DD16FF61BBBBD2049FFFFFFFFFFC8FFF00000115625743236540AA9330
0E36FF25814E8393EB0E04C516FF4EBBBBD3049FFFFFFFFFFC8FFF00000315625743236440AA9348
0E3598257F2F8394460E035D16FE2BBBBBD304AFFFFFFFFFFC8FFF00000315625743236440AA9360
0E343A257D1C8394A00E021016FD17BBCBD304BFFFFFFFFFFC8FFF00000315625743236440AA9378
0E330A257B5983950B0E00DE16FC1BBBCBD4049FFFFFFFFFFC7FFF00000215625743236440AA8390
0E323B257A1E8395710E001416FB72BBCBD4049FFFFFFFFFFC7FFF00000215625843236540AA93A8
0E31812579048395C10DFF5E16FADEBBCBD4049FFFFFFFFFFC7FFF00000315625843236440AA93C0
0E2FED2576A08396320DFDCD16F995BBCBD5049FFFFFFFFFFC9FFF00000315625843236440AA93D8
0E2E082573D78396DB0DFBF316F817BBCBD5049FFFFFFFFFFC9FFF00000115625843236440AA93F0
0E2CED2572248397750DFAD216F727BBCBD5049FFFFFFFFFFC9FFF00000315625843236440AA8308
0E2C802571968397A70DFB4D16F790BBCBD604BFFFFFFFFFFC8FFF00000115625943236440AA9320
0E2D132572628397C20DFADA16F724BBBBD504AFFFFFFFFFFC8FFF00000315625943236440AA8338
0E2BF225708783980A0DF98816F610BBBBD504AFFFFFFFFFFC8FFF00000315625A43236540AA8350
0E29EC256D8D8398970DF7E316F4B4BBCBD5049FFFFFFFFFFC8FFF00000315625A43236440AA7368
0E27EB256A868399550DF5E916F312BBCBD5049FFFFFFFFFFC8FFF00000315625A43236440AA9380
0E26DB2568ED839A0C0DF4D616F230BBDBD6049FFFFFFFFFFC7FFF00000315625A43236440AA8398
0E269325687A839A680DF52116F26ABBEBD6049FFFFFFFFFFC7FFF00000315625A43236440AA93B0
0E2852256B51839A6D0DF74B16F42BBBEBD5049FFFFFFFFFFC8FFF00000315625A43236440AA93C8
0E2860256B19839A750DF7A716F464BBDBD504AFFFFFFFFFFC7FFF00000215625B43236440AA93E0
0E25892566D7839ADC0DF3C516F141BBEBD4049FFFFFFFFFFC7FFF00000315625B43236440AA83F8
0E23FA25648F839B970DF20416EFDCBBDBD4049FFFFFFFFFFC7FFF00000215625B43236440AA8310
0E2257256204839C600DF05E16EE79BBDBD5049FFFFFFFFFFC8FFF00000115625B43236440AA8328
0E20FB256007839CD90DEF0D16ED69BBDBD5049FFFFFFFFFFC8FFF00000315625B43236440AA9340
0E20C3255FA6839D1C0DEED516ED37BBCBD5049FFFFFFFFFFC8FFF00000315625C43236440AA9358
0E20B0255F86839D540DEEC216ED25BBBBD404AFFFFFFFFFFC8FFF00000215625C43236440AA8370
0E2071255F26839DA10DEE8316ECF2BBABD404AFFFFFFFFFFC8FFF00000315625C43236440AA7388
0E1FC4255E2B839E180DEDDA16EC6BBBABD4049FFFFFFFFFFC7FFF00000415625D43236440AA93A0
0E1EEB255CEB839EAA0DED0916EBC4BBABD4049FFFFFFFFFFC7FFF00000315625D43236440AA83B8
0E1DCF255B3D839F2F0DEC0716EAF0BBBBD5049FFFFFFFFFFC8FFF00000015625D43236440AA83D0
0E1D5A255A89839F960DEB7A16EA7ABBDBD504BFFFFFFFFFFC7FFF00000315625D43236440AA83E8
0E1CB92559A4839FF30DEAD516E9F8BBDBD5049FFFFFFFFFFC7FFF00000215625D43236440AA8300
0E1C5425590F83A0520DEA6F16E9A9BBDBD4049FFFFFFFFFFC8FFF00000315625E43236440AA8318
0E1BE825587783A0C60DEA0916E958BBCBD4049FFFFFFFFFFC8FFF00000315625E43236440AA8330
0E1B862557EA83A1480DE9A816E90DBBCBD504BFFFFFFFFFFC8FFF00000215625E43236440AA7348
0E1B2625575B83A1AF0DE94816E8C2BBCBD5049FFFFFFFFFFC8FFF00000415625E43236440AA7360
0E1AC52556CE83A2090DE8E816E874BBCBD5049FFFFFFFFFFC9FFF00000315625E43236440AA7378
0E1A4A25561583A2660DE87116E814BBCBD404BFFFFFFFFFFC8FFF00000415625F43236440AA8390
0E193925547383A2D00DE76316E734BBBBD404AFFFFFFFFFFC8FFF00000415625F43236440AA73A8
0E187325534C83A3490DE6A116E694BBABD4049FFFFFFFFFFC7FFF00000215625F43236440AA73C0
0E17E925527D83A3CE0DE61716E622BBBBD4049FFFFFFFFFFC7FFF00000215625F43236440AA73D8
0E16D32550D783A44F0DE50616E542BBCBD4049FFFFFFFFFFC8FFF00000315625F43236440AA73F0
0E15A4254F1283A4AE0DE3EA16E45BBBCBD4049FFFFFFFFFFC7FFF00000415626043236440AA8308
0E14CC254DC383A4FA0DE30A16E3A3BBDBD404BFFFFFFFFFFC7FFF00000215626043236440AA7320
0E12E0254AE283A54B0DE12016E210BBDBD4049FFFFFFFFFFC8FFF00000215626043236440AA7338
0E11BF25493283A5B40DE00016E123BBEBD4049FFFFFFFFFFC8FFF00000415626043236440AA7350
0E107925474883A6400DDEC016E01EBBDBD4049FFFFFFFFFFC8FFF00000215626143236440AA7368
0E0F882545DE83A6CB0DDDD016DF59BBBBD4049FFFFFFFFFFC7FFF00000315626143236440AA7380
0E0ECA2544C483A73B0DDD1616DEC4BBABD404AFFFFFFFFFFC7FFF00000215626143236440AA7398
0E0E0425439F83A7A10DDC5316DE27BBABD404AFFFFFFFFFFC7FFF00000415626143236440AA73B0
0E0D3325426983A8070DDB8716DD80BBABD304AFFFFFFFFFFC8FFF00000415626143236440AA73C8
0E0C0725409F83A8670DDA5E16DC8FBBBBD404BFFFFFFFFFFC8FFF00000415626243236440AA73E0
0E0B09253F2183A8BA0DD96416DBBFBBABD3049FFFFFFFFFFC8FFF00000215626243236440AA73F8
0E09E0253D6183A9170DD83A16DACCBBABD3049FFFFFFFFFFC7FFF00000415626243236440AA7310
0E08A6253B8F83A9990DD70F16D9D7BBABD3049FFFFFFFFFFC8FFF00000415626243236440AA7328
0E074125397683AA350DD5A916D8B2BBABD3049FFFFFFFFFFC8FFF00000415626243236440AA7340
0E056E2536B283AAA20DD3D916D737BBBBD3049FFFFFFFFFFC7FFF00000215626343236440AA7358
0E04AE25358C83AAEA0DD31A16D697BBBBD304BFFFFFFFFFFC7FFF00000215626343236440AA7370
0E031025331783AB4B0DD18016D545BBBBD304AFFFFFFFFFFC7FFF00000315626343236440AA7388
0E02182531A983ABC60DD08F16D47FBBABD3049FFFFFFFFFFC8FFF00000415626443236440AA73A0
0E020C25319483AC350DD08316D474BB8BD2049FFFFFFFFFFC9FFF00000215626443236440AA73B8
0E020625318E83AC930DD07816D46DBB8BD204BFFFFFFFFFFC7FFF00000315626443236440AA73D0
0E01822530C283ACFF0DCFFE16D408BB9BD304AFFFFFFFFFFC7FFF00000015626443236440AA73E8
0DFEEE252CF083AD860DCD7316D1F7BB9BD3049FFFFFFFFFFC7FFF00000215626443236440AA7300
0DFE80252C4983ADFA0DCD0216D19DBB9BD3049FFFFFFFFFFC7FFF00000415626543236440AA7318
0DFE82252C5083AE3E0DCD0616D19DBBABD3049FFFFFFFFFFC8FFF00000415626543236440AA7330
0DFE81252C5183AE9F0DCD0416D1A1BB9BD2049FFFFFFFFFFC7FFF00000415626543236440AA7348
0DFE84252C6383AF300DCD0616D1A8BB8BD204AFFFFFFFFFFC7FFF00000415626543236440AA7360
0DFE6D252C4383AFB90DCCF116D19ABB9BD204BFFFFFFFFFFC7FFF00000215626543236440AA7378
0DFE2E252BEB83B0000DCCBC16D16BBB9BD204AFFFFFFFFFFC8FFF00000415626643236340AA7390
0DFDAD252B2B83B0450DCC3716D106BB9BD204AFFFFFFFFFFC7FFF00000415626643236440AA73A8
0DFD05252A3183B0B30DCB8F16D07DBB9BD1049FFFFFFFFFFC8FFF00000215626643236440AA73C0
0DFBBF25285383B1420DCA4D16CF7BBB9BD1049FFFFFFFFFFC8FFF00000215626643236340AA73D8
0DFAB72526CF83B1DB0DC94716CEABBBABD1049FFFFFFFFFFC8FFF00000315626643236340AA73F0
0DF9A225253183B2420DC83716CDD0BBABD1049FFFFFFFFFFC8FFF00000415626743236340AA7308
0DF8AB2523B983B2820DC74D16CD0EBB9BD104AFFFFFFFFFFC7FFF00000415626743236340AA7320
0DF7A425223A83B2CC0DC63E16CC34BB8BD004AFFFFFFFFFFC7FFF00000315626743236340AA7338
0DF7602521D583B3240DC5FC16CC00BB7BD0049FFFFFFFFFFC7FFF00000315626843236340AA7350
0DF605251FC283B39E0DC4AC16CAE9BB6BD0049FFFFFFFFFFC8FFF00000215626843236340AA7368
0DF405251CE383B4450DC2AE16C957BB7BD0049FFFFFFFFFFC8FFF00000315626843236340AA7380
0DF2D1251B1183B4E70DC17A16C858BB7BD0049FFFFFFFFFFC8FFF00000415626843236340AA7398
0DF1BE25197583B5530DC06A16C77DBB7BD1049FFFFFFFFFFC8FFF00000415626843236340AA73B0
0DF19E25194D83B5840DC05F16C779BB7BD104AFFFFFFFFFFC9FFF00000215626943236340AA73C8
0DF2022519CC83B5A40DC05316C769BB6BD0049FFFFFFFFFFC7FFF00000415626943236340AA73E0
0DF1412518B083B5F10DBFF016C712BB6BCF049FFFFFFFFFFC6FFF00000215626943236340AA73F8
0DF0882517A183B6800DBF3B16C685BB6BCE04AFFFFFFFFFFC6FFF00000415626943236340AA7310
0DEF6525160383B7480DBE1E16C5A3BB6BCF049FFFFFFFFFFC7FFF00000315626943236340AA7328
0DEE992514D183B7FB0DBD5316C501BB7BCF049FFFFFFFFFFC8FFF00000215626943236340AA7340
0DEE4D25147783B8460DBD4216C4F1BB7BCF049FFFFFFFFFFC8FFF00000215626A43236340AA7358
0DF0002516ED83B84E0DBE2616C5A6BB6BCF049FFFFFFFFFFC7FFF00000315626A43236340AA6370
0DEEB42514EB83B87B0DBD9916C52EBB5BCE049FFFFFFFFFFC7FFF00000415626B43236340AA7388
0DED9B25136283B8F30DBC5916C43BBB6BCE049FFFFFFFFFFC7FFF00000415626B43236340AA73A0
0DECDA25124A83B9AA0DBB9D16C3A6BB7BCE049FFFFFFFFFFC8FFF00000215626B43236340AA73B8
0DEB7A25104383BA580DBA3B16C28CBB7BCE049FFFFFFFFFFC9FFF00000315626B43236340AA63D0
0DEAEB250F6583BAA50DB9AA16C215BB7BCE049FFFFFFFFFFC8FFF00000215626B43236340AA73E8
0DEA99250F0D83BACA0DB9AD16C213BB7BCE049FFFFFFFFFFC8FFF00000315626B43236340AA6300
0DE9C6250DB183BB180DB89E16C138BB6BCD04AFFFFFFFFFFC8FFF00000315626C43236340AA7318
0DE86A250BB983BBA90DB73D16C021BB5BCE049FFFFFFFFFFC8FFF00000415626C43236340AA6330
0DE792250A7783BC590DB66316BF72BB5BCE049FFFFFFFFFFC7FFF00000215626C43236340AA7348
0DE6CD25095683BCC10DB5C416BEEBBB5BCE049FFFFFFFFFFC7FFF00000415626C43236340AA7360
0DE6F225098183BCE30DB6A616BF95BB4BCD049FFFFFFFFFFC8FFF00000415626D43236340AA7378
0DE5FF25081983BD220DB4E116BE36BB3BCD04AFFFFFFFFFFC8FFF00000215626D43236340AA7390
0DE44725058F83BDA20DB32C16BCD4BB2BCC049FFFFFFFFFFC8FFF00000315626D43236340AA63A8
0DE2BB25034D83BE4C0DB1A116BB9CBB2BCC049FFFFFFFFFFC8FFF00000215626D43236340AA63C0
0DE23325028983BEEB0DB11216BB2DBB3BCC049FFFFFFFFFFC7FFF00000315626D43236340AA53D8
0DE22825027383BF560DB10616BB21BB4BCC04AFFFFFFFFFFC6FFF00000415626E43236340AA73F0
0DE2F925037C83BF810DB1AC16BBA4BB4BCB049FFFFFFFFFFC7FFF00000415626E43236340AA5308
0DE22325027183BFB30DB11716BB2FBB2BCB04AFFFFFFFFFFC6FFF00000415626E43236340AA5320
0DE1BD2501E183C01F0DB0A316BAD5BB1BCA04AFFFFFFFFFFC6FFF00000215626F43236340AA6338
0DE09F25003883C0AC0DAF8416B9F0BB1BCA049FFFFFFFFFFC7FFF00000315626F43236340AA6350
0DDF9124FEB383C1350DAE7E16B91FBB1BCA049FFFFFFFFFFC8FFF00000415626F43236340AA5368
0DDEBA24FD7D83C1C30DADA916B87ABB1BCA049FFFFFFFFFFC8FFF00000215626F43236340AA5380
0DDE7D24FD2883C2380DAD6B16B84BBB2BC9049FFFFFFFFFFC8FFF00000315626F43236340AA5398
0DDE5624FCF283C2800DAD4616B82FBB2BCA04BFFFFFFFFFFC7FFF00000115627043236340AA53B0
0DDE3224FCBC83C2CA0DAD1A16B80DBB1BCA049FFFFFFFFFFC7FFF00000315627043236340AA53C8
0DDDCA24FC2483C3300DACBC16B7BEBB1BC9049FFFFFFFFFFC7FFF00000315627043236340AA53E0
0DDD1624FB2283C39D0DAC0B16B735BB1BC904BFFFFFFFFFFC8FFF00000315627043236340AA53F8
0DDC6824FA2683C4070DAB6016B6AFBB1BC9048FFFFFFFFFFC8FFF00000215627143236340AA5310
0DDC0724F9A683C4860DAAFD16B668BB2BC9049FFFFFFFFFFC8FFF00000315627143236340AA5328
0DDB9024F90083C50F0DAA8516B60CBB1BC9048FFFFFFFFFFC8FFF00000415627143236340AA5340
0DDAE024F7FB83C5800DA9DB16B585BB0BC9048FFFFFFFFFFC8FFF00000415627143236340AA5358
0DDA3524F70383C5DE0DA92C16B4FDBAFBC804AFFFFFFFFFFC7FFF00000415627143236340AA5370
0DDA0724F6C583C63D0DA8FD16B4D8BAEBC9049FFFFFFFFFFC7FFF00000415627243236340AA5388
0DD91224F56483C6A70DA81616B421BAFBC8049FFFFFFFFFFC8FFF00000515627243236340AA53A0
0DD8D324F50E83C7110DA7D716B3F4BAFBC804AFFFFFFFFFFC7FFF00000515627243236340AA53B8
0DD86324F46883C7700DA76816B39CBAFBC8049FFFFFFFFFFC6FFF00000515627243236340AA53D0
0DD72624F29383C7D00DA62F16B2A1BAEBC8049FFFFFFFFFFC6FFF00000515627343236340AA53E8
0DD6A724F1E083C8390DA5B216B23FBAEBC804AFFFFFFFFFFC7FFF00000315627343236340AA5300
0DD61D24F11D83C8C10DA52816B1D4BAEBC7049FFFFFFFFFFC7FFF00000315627343236340AA5318
0DD59B24F06B83C95D0DA4A616B172BAEBC7049FFFFFFFFFFC8FFF00000215627343236340AA5330
0DD58724F04F83C9CA0DA49216B164BAEBC7049FFFFFFFFFFC8FFF00000415627343236340AA5348
0DD57B24F03E83CA0A0DA48916B15DBAEBC704BFFFFFFFFFFC6FFF00000315627443236340AA5360
0DD55524F00A83CA510DA46116B13FBAEBC704BFFFFFFFFFFC6FFF00000415627443236340AA5378
0DD51324EFA783CAA20DA42116B10EBADBC6048FFFFFFFFFFC6FFF00000515627443236340AA5390
0DD3ED24EDF183CB0B0DA30316B023BAEBC6048FFFFFFFFFFC7FFF00000515627443236340AA53A8
0DD1D224EAE983CB9B0DA0EB16AE81BAEBC6049FFFFFFFFFFC8FFF00000515627543236340AA53C0
0DD04E24E8BE83CC440D9F6D16AD54BAEBC6048FFFFFFFFFFC8FFF00000515627543236240AA53D8
0DCFFF24E85783CCD30D9F1316AD13BADBC6049FFFFFFFFFFC8FFF00000215627543236240AA53F0
0DD02024E88583CD1C0D9F5E16AD52BACBC604AFFFFFFFFFFC8FFF00000315627543236240AA5308
0DD04124E8AF83CD3A0D9F8C16AD78BACBC5049FFFFFFFFFFC6FFF00000515627643236240AA5320
0DCFB724E7ED83CD6F0D9EE316ACEEBACBC4049FFFFFFFFFFC8FFF00000515627643236340AA5338
0DCED424E6AE83CDED0D9DFF16AC3DBABBC404AFFFFFFFFFFC7FFF00000515627643236340AA5350
0DCDDE24E55283CEA90D9D0516AB81BACBC4048FFFFFFFFFFC7FFF00000215627643236240AA5368
0DCD5024E48683CF450D9C7616AB11BACBC5048FFFFFFFFFFC9FFF00000515627643236240AA5380
0DCD2D24E45A83CF920D9C5A16AB01BACBC5048FFFFFFFFFFC7FFF00000515627643236240AA5398
0DCD1124E43283CFC90D9C4416AAE9BABBC4049FFFFFFFFFFC7FFF00000515627743236240AA53B0
0DCC0624E29B83D0240D9B3D16AA10BAABC4049FFFFFFFFFFC8FFF00000515627743236240AA43C8
0DC9EC24DF8183D0A80D992516A864BAABC4048FFFFFFFFFFC7FFF00000515627743236240AA53E0
0DC87224DD5C83D1290D97AC16A739BAABC4048FFFFFFFFFFC7FFF00000215627843236240AA53F8
0DC80B24DCC583D1850D974716A6ECBAABC4048FFFFFFFFFFC7FFF00000515627843236240AA5310
0DC7E524DC9483D1E50D972116A6CEBAABC3049FFFFFFFFFFC6FFF00000515627843236240AA3328
0DC7D324DC7F83D2580D970E16A6C4BA9BC304AFFFFFFFFFFC6FFF00000215627843236240AA5340
0DC7AE24DC5283D2D90D96E816A6A9BA8BC3048FFFFFFFFFFC7FFF00000515627843236240AA3358
0DC71224DB7283D34F0D965216A633BA8BC3048FFFFFFFFFFC8FFF00000315627943236240AA3370
0DC65924DA6883D3A10D959E16A5A6BA9BC2049FFFFFFFFFFC7FFF00000315627943236240AA3388
0DC5C324D99083D3E60D950B16A532BA9BC204AFFFFFFFFFFC8FFF00000515627943236240AA33A0
0DC40A24D70583D44B0D935816A3D7BA9BC204AFFFFFFFFFFC8FFF00000315627943236240AA53B8
0DC26E24D4BD83D4DC0D91BC16A29DBA8BC2048FFFFFFFFFFC8FFF00000415627A43236240AA33D0
0DC1B824D3B883D56E0D910816A20FBA9BC1048FFFFFFFFFFC7FFF00000315627A43236240AA53E8
0DC11F24D2DD83D5DA0D906616A191BA8BC1048FFFFFFFFFFC7FFF00000415627A43236240AA5300
0DC0FD24D2AD83D62B0D905316A182BA7BC0049FFFFFFFFFFC7FFF00000215627A43236240AA3318
0DC0B824D24983D6770D900716A144BA6BBF04AFFFFFFFFFFC7FFF00000415627B43236240AA3330
0DC08A24D20F83D6DD0D8FDD16A12ABA5BBF049FFFFFFFFFFC7FFF00000515627B43236240AA3348
0DC06124D1DF83D76A0D8FB516A10FBA5BBE048FFFFFFFFFFC7FFF00000515627B43236240AA3360
0DC01624D17683D7F80D8F6816A0D6BA5BBE048FFFFFFFFFFC8FFF00000515627B43236240AA3378
0DBFDA24D12983D8550D8F3216A0AEBA4BBE04AFFFFFFFFFFC8FFF00000515627B43236240AA3390
0DBF9D24D0D583D8940D8EFF16A085BA4BBE049FFFFFFFFFFC7FFF00000515627C43236240AA33A8
0DBE6424CF0D83D8E20D8DC7169F91BA3BBE04AFFFFFFFFFFC9FFF00000515627C43236240AA33C0
0DBC6124CC1783D9590D8BC9169DFABA3BBE048FFFFFFFFFFC8FFF00000515627C43236240AA33D8
0DBAE924CA0083D9FC0D8A51169CD7BA4BBE048FFFFFFFFFFC8FFF00000415627C43236240AA33F0
0DBA5024C92583DA8D0D89B8169C61BA4BBE049FFFFFFFFFFC8FFF00000415627C43236240AA3308
0DBA2D24C8F483DAF30D8996169C47BA4BBD049FFFFFFFFFFC7FFF00000615627D43236240AA3320
0DBA2224C8E983DB340D8990169C42BA3BBC049FFFFFFFFFFC7FFF00000315627D43236240AA3338
0DB9F524C8A883DB5F0D8980169C3ABA1BBB049FFFFFFFFFFC7FFF00000315627D43236240AA3350
0DB9B924C85483DBB10D8926169BF2BA1BBA049FFFFFFFFFFC8FFF00000315627E43236240AA3368
0DB90524C75783DC4A0D8873169B6ABA0BBA048FFFFFFFFFFC7FFF00000415627E43236240AA3380
0DB79B24C55A83DD070D870E169A5BBA0BBA048FFFFFFFFFFC6FFF00000615627E43236240AA3398
0DB68424C3CD83DD8F0D8602169984B9FBBA048FFFFFFFFFFC8FFF00000615627E43236240AA33B0
0DB63B24C37083DDC90D86471699BFB9FBBA048FFFFFFFFFFC8FFF00000515627E43236240AA33C8
0DB60724C31B83DDF60D85AA169947B9FBBA048FFFFFFFFFFC8FFF00000315627E43236240AA33E0
0DB5D124C2CF83DE540D85491698FBB9FBB9048FFFFFFFFFFC8FFF00000615627F43236240AA33F8
0DB57924C25B83DEED0D84F21698BEB9EBB9049FFFFFFFFFFC8FFF00000615627F43236240AA3310
0DB4F924C1A983DF7E0D847316985CB9EBB9049FFFFFFFFFFC8FFF00000315627F43236240AA3328
0DB4D124C17683DFD10D8451169844B9EBB8049FFFFFFFFFFC8FFF00000515627F43236240AA3340
0DB3BE24BFD883E01F0D833E169764B9EBB8049FFFFFFFFFFC7FFF00000315628043236240AA3358
0DB21E24BD8D83E08D0D819E169627B9EBB804AFFFFFFFFFFC7FFF00000515628043236240AA3370
0DB16F24BC9183E1110D80F41695A3B9DBB8048FFFFFFFFFFC7FFF00000315628043236240AA3388
0DB10124BBF983E1850D8088169553B9DBB8049FFFFFFFFFFC7FFF00000615628043236240AA33A0
0DB0D424BBBD83E1D80D805F169532B9DBB804AFFFFFFFFFFC8FFF00000615628143236240AA33B8
0DB07524BB3D83E23E0D80001694EAB9DBB7049FFFFFFFFFFC8FFF00000315628143236240AA33D0
0DAFC024BA3D83E2CB0D7F4B16945FB9DBB7049FFFFFFFFFFC8FFF00000315628143236240AA33E8
0DAEDF24B8FD83E3360D7E6E1693B7B9DBB6048FFFFFFFFFFC7FFF00000315628143236240AA3300
0DAF4824B99883E3620D7ED41693FCB9CBB604AFFFFFFFFFFC8FFF00000615628143236240AA3318
0DAE5124B83583E3B10D7DDD169346B9BBB5049FFFFFFFFFFC7FFF00000615628243236240AA3330
0DAD2624B69983E4460D7CB816926BB9BBB5048FFFFFFFFFFC7FFF00000615628243236240AA1348
0DACB524B60283E4F80D7C4B16921CB9BBB5049FFFFFFFFFFC8FFF00000615628243236240AA3360
0DAC8524B5C383E57C0D7C1E1691FDB9BBB4049FFFFFFFFFFC8FFF00000615628243236240AA3378
0DAC8324B5BE83E5B90D7C4E16921EB9ABB4049FFFFFFFFFFC8FFF00000615628343236240AA3390
0DAC7224B5AC83E5EA0D7C021691E7B99BB304AFFFFFFFFFFC7FFF00000515628343236240AA13A8
0DAC2A24B54E83E63B0D7BBF1691B6B99BB2049FFFFFFFFFFC7FFF00000315628343236240AA13C0
0DABA824B49183E6B20D7B3D169154B99BB2049FFFFFFFFFFC7FFF00000615628343236240AA33D8
0DAA8224B2EF83E7450D7A21169074B98BB3048FFFFFFFFFFC7FFF00000315628443236240AA13F0
0DA94724B12C83E7DF0D78ED168F88B98BB3048FFFFFFFFFFC7FFF00000515628443236240AA1308
0DA89324B02E83E8570D7836168EFAB97BB3049FFFFFFFFFFC7FFF00000615628443236240AA1320
0DA82924AF9A83E8A90D77D1168EABB96BB204BFFFFFFFFFFC8FFF00000615628443236240AA1338
0DA7F724AF5583E8EB0D77A1168E8AB96BB2049FFFFFFFFFFC7FFF00000315628443236240AA1350
0DA7D224AF2583E9340D7775168E6BB96BB1048FFFFFFFFFFC7FFF00000515628543236240AA1368
0DA66924AD1983E99B0D7609168D51B95BB1049FFFFFFFFFFC7FFF00000615628543236240AA1380
0DA59824AC0783EA260D7546168CC2B95BB0049FFFFFFFFFFC8FFF00000415628543236240AA1398
0DA50D24AB4583EABA0D74BB168C5AB94BB004AFFFFFFFFFFC8FFF00000515628543236240AA13B0
0DA48C24AA8F83EB310D743C168BFAB93BB0049FFFFFFFFFFC7FFF00000515628643236240AA13C8
0DA45224AA4483EB8C0D7403168BCFB92BAF048FFFFFFFFFFC8FFF00000415628643236240AA13E0
0DA42024A9FC83EBE00D73D1168BA9B93BAF04AFFFFFFFFFFC6FFF00000315628643236240AA13F8
0DA39324A93583EC490D7343168B3BB93BAE049FFFFFFFFFFC6FFF00000415628643236240AA1310
0DA32824A8A583ECBC0D72DD168AEFB93BAE048FFFFFFFFFFC7FFF00000315628743236240AA1328
0DA30924A87B83ED150D72C3168ADDB93BAE048FFFFFFFFFFC8FFF00000415628743236240AA1340
0DA2F524A86783ED710D72AA168ACCB94BAE048FFFFFFFFFFC6FFF00000715628743236240AA1358
0DA2A424A7F983EDF00D725A168A93B93BAE04AFFFFFFFFFFC6FFF00000715628743236240AA1370
0DA21B24A73D83EE7B0D71D4168A2FB94BAD049FFFFFFFFFFC7FFF00000515628743236240AA1388
0DA1A124A69283EEEA0D71591689D1B93BAD049FFFFFFFFFFC6FFF00000515628843236240AA13A0
0DA12324A5E483EF3A0D70E1168974B92BAD04AFFFFFFFFFFC7FFF00000515628843236240AA13B8
0DA0BE24A55583EF900D707B168928B92BAD049FFFFFFFFFFC8FFF00000515628843236240AA13D0
0DA05E24A4D483F0020D701B1688E2B91BAC048FFFFFFFFFFC8FFF00000715628843236240AA13E8
0D9FD624A41983F0740D6F9916887FB90BAC048FFFFFFFFFFC8FFF00000415628943236240AA1300
0D9F1E24A31883F0E00D6EE01687F5B90BAC048FFFFFFFFFFC7FFF00000615628943236240AA1318
0D9ED724A2BC83F15B0D6E9F1687C6B90BAB048FFFFFFFFFFC8FFF00000515628943236240AA1330
0D9ECA24A2AD83F1C80D6E961687C1B90BAB049FFFFFFFFFFC9FFF00000315628943236240AA1348
0D9EBE24A2A483F2160D6E871687B9B90BAB04AFFFFFFFFFFC8FFF00000615628A43236240AA1360
0D9EB824A2A483F2710D6E7E1687B7B8FBAA049FFFFFFFFFFC7FFF00000415628A43236240AA1378
0D9E9724A27D83F2E60D6E5D1687A3B8EBAA049FFFFFFFFFFC7FFF00000715628A43236240AA1390
0D9E3B24A20483F3600D6E04168763B8DBAA049FFFFFFFFFFC9FFF00000615628A43236240AA13A8
0D9DC624A16383F3D40D6D8F16870BB8EBAA049FFFFFFFFFFC8FFF00000215628A43236240AA13C0
0D9D5124A0C283F43D0D6D181686B3B8EBAA049FFFFFFFFFFC8FFF00000715628B43236240AA13D8
0D9CAD249FDC83F49D0D6C7B16863BB8FBA904AFFFFFFFFFFC8FFF00000715628B43236240AA13F0
0D9B9E249E5283F4EF0D6B7116856BB8EBA9048FFFFFFFFFFC7FFF00000415628B43236240AA1308
0D9AC3249D2883F5520D6A9A1684C8B8FBA9049FFFFFFFFFFC7FFF00000615628C43236240AA1320
0D9ABB249D2883F5DA0D6A8F1684C5B8EBA8048FFFFFFFFFFC8FFF00000715628C43236240AA1338
0D9A86249CE383F6640D6A5B1684A4B8DBA8049FFFFFFFFFFC8FFF00000415628C43236240AA0350
0D9A6B249CC183F6BF0D6A42168490B8CBA8049FFFFFFFFFFC8FFF00000615628C43236240AA0368
0D99AF249BB283F6FF0D6987168401B8CBA704AFFFFFFFFFFC8FFF00000715628C43236240AA0380
0D98FC249AC083F7620D68D616837CB8BBA604AFFFFFFFFFFC7FFF00000715628D43236240AA0398
0D9874249A0883F7D80D6851168319B8BBA6048FFFFFFFFFFC8FFF00000715628D43236240AA03B0
0D984A2499D383F8450D68281682FCB8BBA6048FFFFFFFFFFC6FFF00000415628D43236240AA03C8
0D981624999383F8BE0D67F41682D9B8ABA5048FFFFFFFFFFC7FFF00000615628D43236240A9F3E0
0D97F424996883F93C0D67D31682C6B8ABA5049FFFFFFFFFFC8FFF00000415628E43236240A9F3F8
0D97C024992783F9A70D679F1682A2B8BBA4048FFFFFFFFFFC7FFF00000715628E43236240A9F310
0D97862498DC83F9FF0D676B16827CB8BBA404AFFFFFFFFFFC6FFF00000715628E43236240A9F328
0D971624983783FA440D66F5168222B8BBA4049FFFFFFFFFFC7FFF00000715628E43236240A9F340
0D96332496FF83FAAA0D6613168177B8BBA5048FFFFFFFFFFC8FFF00000615628F43236240A9F358
0D95B324965283FB2D0D659616811BB8ABA4048FFFFFFFFFFC7FFF00000415628F43236240A9F370
0D952424958C83FBAD0D650A1680B2B8ABA3048FFFFFFFFFFC7FFF00000715628F43236240A9F388
0D94AF2494EB83FC0B0D649816805BB89BA4048FFFFFFFFFFC7FFF00000715628F43236240A9F3A0
0D946F24949583FC6B0D645916802FB88BA3049FFFFFFFFFFC7FFF00000715629043236240A9F3B8
0D944124946083FCE20D642D168013B88BA3049FFFFFFFFFFC7FFF00000415629043236240A9F3D0
0D940024940C83FD520D63EF167FE6B88BA2049FFFFFFFFFFC7FFF00000715629043236240A9F3E8
0D93BD2493B183FDA90D63A6167FB1B87BA1048FFFFFFFFFFC7FFF00000415629043236240A9F300
0D93A724939783FE070D6395167FA6B87BA1048FFFFFFFFFFC6FFF00000615629143236240A9F318
0D937D24936383FE650D6367167F88B87BA104AFFFFFFFFFFC7FFF00000515629143236240A9F330
0D935F24934583FEC30D6348167F75B87BA1049FFFFFFFFFFC7FFF00000515629143236240A9F348
0D934C24933683FF3C0D6335167F6EB86BA1048FFFFFFFFFFC7FFF00000715629143236240A9F360
0D933424932183FFCE0D6325167F69B86BA1048FFFFFFFFFFC7FFF00000715629243236240A9F378
0D92CD2492988400570D62B7167F19B87BA0048FFFFFFFFFFC7FFF00000715629243236240A9F390
0D92A124925F8400A10D6293167EFEB87BA004AFFFFFFFFFFC8FFF00000615629243236240A9F3A8
0D92842492348400C80D6274167EE5B88BA1049FFFFFFFFFFC9FFF00000415629243236240A9F3C0
0D92412491DE84011D0D6231167EBBB88BA0048FFFFFFFFFFC9FFF00000415629343236240A9F3D8
0D915F2490A68401A70D6152167E13B87BA0048FFFFFFFFFFC8FFF00000715629343236240A9F3F0
0D90AE248FAC8402340D60A4167D8FB86BA0049FFFFFFFFFFC8FFF00000815629343236240A9F308
0D903A248F0E8402950D603B167D3FB86BA104AFFFFFFFFFFC8FFF00000515629343236240A9D320
0D8FB0248E4F8402EF0D5FAE167CD5B85BA0048FFFFFFFFFFC8FFF00000615629443236240A9D338
0D8F56248DD984035E0D5F53167C92B84B9F049FFFFFFFFFFC8FFF00000815629443236240A9F350
0D8EC1248D088403DB0D5EBF167C24B83B9E048FFFFFFFFFFC8FFF00000615629443236340A9D368
0D8D78248B3B8404580D5D7D167B30B82B9E048FFFFFFFFFFC8FFF00000615629443236340A9D380
0D8D3B248AEB8404B20D5D3F167B00B81B9E04AFFFFFFFFFFC7FFF00000415629543236240A9D398
0D8D1F248ABE8404E30D5D28167AEBB82B9D049FFFFFFFFFFC7FFF00000515629543236340A9D3B0
0D8CF8248A8A8405240D5CF9167ACBB82B9D048FFFFFFFFFFC8FFF00000415629543236340A9D3C8
0D8CA4248A2184059F0D5CA6167A93B81B9C048FFFFFFFFFFC9FFF00000515629543236340A9D3E0
0D8C572489C28406420D5C5B167A63B81B9B048FFFFFFFFFFC8FFF00000715629643236340A9D3F8
0D8B8724889E8406DD0D5B8D1679C5B81B9B048FFFFFFFFFFC8FFF00000615629643236340A9D310
0D89FB24867E84074E0D5A111678AAB81B9B048FFFFFFFFFFC8FFF00000615629643236340A9D328
0D89C524862B84078F0D59D7167877B80B9C048FFFFFFFFFFC8FFF00000815629643236340A9D340
0D89A12485F78407C40D59B1167857B80B9B04AFFFFFFFFFFC8FFF00000615629743236340A9D358
0D895B24859F8408130D5969167826B7FB9A049FFFFFFFFFFC8FFF00000615629743236340A9D370
0D88F224850F8408850D59021677DDB7FB9A048FFFFFFFFFFC7FFF00000815629743236340A9D388
0D888324847F84090F0D589216778EB7FB99048FFFFFFFFFFC8FFF00000815629743236340A9D3A0
0D87EE2483BA8409A20D5800167725B7FB99048FFFFFFFFFFC8FFF00000815629743236340A9D3B8
0D87A524835D840A2B0D57BE1676F7B7EB98048FFFFFFFFFFC8FFF00000515629843236340A9D3D0
0D876B248312840A830D578C1676CFB7EB98049FFFFFFFFFFC7FFF00000815629843236340A9D3E8
0D875B2482F5840AA90D57821676C7B7DB9704AFFFFFFFFFFC7FFF00000715629843236340A9D300
0D87332482C2840AEB0D574A1676A0B7DB97048FFFFFFFFFFC7FFF00000515629943236340A9D318
0D86972481F0840B700D56A916762DB7CB96048FFFFFFFFFFC8FFF00000815629943236340A9D330
0D862324815A840C1A0D563C1675E1B7CB97048FFFFFFFFFFC7FFF00000815629943236340A9D348
0D85F4248120840C920D560A1675BCB7CB96048FFFFFFFFFFC7FFF00000415629943236340A9D360
0D85D92480FF840CCA0D55F31675A8B7CB96048FFFFFFFFFFC7FFF00000615629943236340A9D378
0D85D32480FB840D120D55CE167591B7AB96048FFFFFFFFFFC7FFF00000615629A43236340A9D390
0D858024808E840D8E0D55A0167574B7AB95048FFFFFFFFFFC6FFF00000615629A43236340A9D3A8
0D84DB247FAC840E240D54FD1674FDB7AB95048FFFFFFFFFFC6FFF00000515629A43236340A9D3C0
0D8403247E81840E9B0D5422167459B7AB95048FFFFFFFFFFC7FFF00000715629A43236340A9D3D8
0D8380247DCA840EE40D53A21673F4B7AB95049FFFFFFFFFFC8FFF00000715629B43236340A9D3F0
0D8322247D48840F2A0D53481673B3B7BB95049FFFFFFFFFFC7FFF00000915629B43236340A9B308
0D824C247C28840F890D526E167315B7AB94048FFFFFFFFFFC7FFF00000515629B43236340A9D320
0D816E247B008410060D5193167277B79B94048FFFFFFFFFFC7FFF00000515629B43236340A9D338
0D80AD2479FE8410940D50D71671ECB78B93048FFFFFFFFFFC7FFF00000815629C43236340A9D350
0D806424799A8411180D508D1671B7B77B93048FFFFFFFFFFC7FFF00000915629C43236340A9B368
0D7EDA24776D8411750D4F0816708DB78B93049FFFFFFFFFFC7FFF00000915629C43236340A9B380
0D7E6E2476DC8411B30D4EA216703DB77B9204AFFFFFFFFFFC8FFF00000915629C43236340A9B398
0D7E662476D58411FE0D4E96167037B77B92048FFFFFFFFFFC8FFF00000915629D43236440A9B3B0
0D7E4E2476BB8412660D4E7F16702CB76B91048FFFFFFFFFFC8FFF00000915629D43236440A9D3C8
0D7E2F24769A8412F20D4E5D167018B75B90048FFFFFFFFFFC8FFF00000515629D43236340A9B3E0
0D7DED24764B84138F0D4E21166FF3B75B8F048FFFFFFFFFFC8FFF00000715629D43236340A9B3F8
0D7D4D24756D8414100D4D82166F7CB74B8F048FFFFFFFFFFC7FFF00000915629D43236340A9B310
0D7CAB24748D8414500D4CEA166F05B74B8F048FFFFFFFFFFC7FFF00000915629E43236340A9B328
0D7C9A24747084146D0D4CC5166EE8B73B8F04AFFFFFFFFFFC8FFF00000915629E43236440A9B340
0D7BC42473508414C10D4BFF166E57B72B8F048FFFFFFFFFFC6FFF00000515629E43236440A9B358
0D7B9E2473298415590D4BDA166E42B71B8E048FFFFFFFFFFC8FFF00000915629F43236440A9B370
0D7B852473118415FC0D4BBF166E37B71B8E048FFFFFFFFFFC8FFF00000915629F43236440A9B388
0D7B5F2472E28416630D4B9E166E1EB70B8E048FFFFFFFFFFC8FFF00000915629F43236440A9B3A0
0D7B392472B68416B30D4B75166E03B70B8D048FFFFFFFFFFC7FFF00000915629F43236440A9B3B8
0D7B2124729F8417230D4B60166DFAB6FB8D048FFFFFFFFFFC7FFF00000915629F43236440A9B3D0
0D7B052472808417960D4B45166DEAB6FB8D048FFFFFFFFFFC7FFF0000081562A043236440A9B3E8
0D7AF82472748417E60D4B3A166DE2B6FB8C048FFFFFFFFFFC8FFF0000061562A043236440A9B300
0D7ADB24725184182C0D4B1D166DCFB70B8C048FFFFFFFFFFC8FFF0000081562A043236440A9B318
0D7A512471998418910D4A90166D6CB6FB8C048FFFFFFFFFFC7FFF0000061562A043236440A9B330
0D79B52470CA8419240D49F7166CFDB6FB8C048FFFFFFFFFFC7FFF0000051562A143236440A9B348
0D7915246FF48419C30D4955166C88B6FB8C048FFFFFFFFFFC7FFF0000091562A143236440A9B360
0D7860246EF9841A2B0D48A9166C04B6FB8C048FFFFFFFFFFC9FFF0000051562A143236440A9B378
0D77F6246E65841A700D4841166BB7B6EB8C049FFFFFFFFFFC8FFF0000091562A143236440A99390
0D7797246DE3841AC10D47E0166B6EB6DB8B049FFFFFFFFFFC8FFF0000091562A243236440A9B3A8
0D7724246D3E841B150D476D166B1AB6DB8B048FFFFFFFFFFC6FFF0000091562A243236440A9B3C0
0D7641246C07841B780D468F166A72B6DB8A048FFFFFFFFFFC6FFF0000051562A243236440A993D8
0D7555246ABD841BFB0D45A61669C1B6DB89048FFFFFFFFFFC7FFF0000071562A243236440A993F0
0D745024695D841C940D44A4166903B6DB89048FFFFFFFFFFC8FFF0000041562A343236440A99308
0D73FD2468EA841D1B0D44521668C7B6BB88048FFFFFFFFFFC7FFF0000081562A343236440A99320
0D73CB2468A9841D640D44291668A7B6AB8804AFFFFFFFFFFC6FFF0000091562A343236440A99338
0D73BA246892841D8E0D441A16689BB6AB87049FFFFFFFFFFC6FFF0000081562A343236440A99350
0D73A624687F841DEB0D43FE16688AB69B8604AFFFFFFFFFFC6FFF0000071562A443236440A99368
0D736324682A841E750D43BB16685EB69B85049FFFFFFFFFFC8FFF00000A1562A443236440A99380
0D73092467AD841EFC0D436016681CB68B85048FFFFFFFFFFC7FFF0000071562A443236440A99398
0D72EC246794841F610D434516680DB69B85048FFFFFFFFFFC7FFF0000091562A443236440A993B0
0D72A1246730841FC20D42FD1667D7B69B85049FFFFFFFFFFC8FFF0000061562A443236440A993C8
0D723624669A8420270D429416678AB68B8404AFFFFFFFFFFC8FFF0000091562A543236440A993E0
0D714F24655B84209F0D41AF1666DEB66B84048FFFFFFFFFFC8FFF0000061562A543236440A993F8
0D712224652584211B0D41811666BEB66B83048FFFFFFFFFFC7FFF0000091562A543236440A99310
0D71012464F984216B0D41671666AAB66B83048FFFFFFFFFFC7FFF00000A1562A543236540A99328
0D70D32464BD8421B40D413C16668DB65B82048FFFFFFFFFFC8FFF00000A1562A643236540A99340
0D70BB2464A68422130D411A166679B65B8204AFFFFFFFFFFC8FFF00000A1562A643236540A99358
0D704F2464198422A00D40AF16662EB65B81049FFFFFFFFFFC7FFF0000061562A643236540A99370
0D70012463BC8423390D40621665FDB65B81048FFFFFFFFFFC7FFF00000A1562A643236540A99388
0D6FE624639C84238E0D404B1665EBB65B81048FFFFFFFFFFC8FFF00000A1562A743236540A993A0
0D6FDA2463948423C50D40411665E6B64B80048FFFFFFFFFFC8FFF0000061562A743236540A993B8
0D6F9224633A8424280D3FF61665B8B64B80048FFFFFFFFFFC8FFF00000A1562A743236540A993D0
0D6F4A2462E38424AD0D3FB116658AB63B80048FFFFFFFFFFC7FFF0000061562A743236540A993E8
0D6F182462AF8425320D3F7D16656AB63B80048FFFFFFFFFFC7FFF0000081562A843236540A99300
0D6F0A2462A484259A0D3F70166564B64B8004AFFFFFFFFFFC8FFF0000071562A843236540A99318
0D6EFA2462978425F50D3F62166560B64B80049FFFFFFFFFFC8FFF0000051562A843236540A99330
0D6EE72462878426520D3F51166556B63B80048FFFFFFFFFFC7FFF0000091562A843236540A99348
0D6ECD2462698426B10D3F34166545B62B8004AFFFFFFFFFFC7FFF00000A1562A943236540A99360
0D6E8F24621984271B0D3F01166525B61B7F049FFFFFFFFFFC8FFF00000A1562A943236540A99378
0D6DE32461338427980D3E531664A7B62B80048FFFFFFFFFFC8FFF00000A1562A943236540A98390
0D6D3D24605684281D0D3DAE16642EB62B80048FFFFFFFFFFC7FFF0000081562A943236540A993A8
0D6D1224602084288E0D3D7F16640CB61B80048FFFFFFFFFFC6FFF0000071562AA43236540A983C0
0D6D072460188428DA0D3D7A16640AB61B7F049FFFFFFFFFFC8FFF0000081562AA43236540A973D8
0D6CE6245FED84292A0D3D561663F2B61B7F04AFFFFFFFFFFC7FFF0000041562AA43236540A973F0
0D6CC0245FC28429900D3D2D1663D9B60B7E048FFFFFFFFFFC7FFF0000091562AA43236540A98308
0D6C19245ED88429FF0D3C8816635EB60B7E048FFFFFFFFFFC7FFF00000A1562AB43236540A97320
0D6B89245E16842A750D3BF91662F6B60B7E048FFFFFFFFFFC7FFF0000061562AB43236540A97338
0D6B5E245DE4842AF70D3BC91662D5B60B7D048FFFFFFFFFFC6FFF0000061562AB43236540A97350
0D6B40245DC5842B820D3BB21662CBB5FB7E049FFFFFFFFFFC7FFF00000A1562AB43236540A97368
0D6B37245DC5842BF00D3BAD1662C9B5FB7D04AFFFFFFFFFFC8FFF00000A1562AB43236540A97380
0D6B33245DC3842C260D3BA81662C6B60B7D048FFFFFFFFFFC8FFF0000061562AC43236540A97398
0D6B35245DC7842C4F0D3BA91662C9B60B7C048FFFFFFFFFFC7FFF00000A1562AC43236640A973B0
0D6B35245DD4842CA70D3BA61662CEB5FB7C04AFFFFFFFFFFC7FFF00000A1562AC43236640A973C8
0D6B22245DC6842D370D3B941662C9B5FB7B048FFFFFFFFFFC7FFF00000A1562AC43236640A973E0
0D69F5245C2E842DF00D3A691661ECB5FB7B048FFFFFFFFFFC8FFF0000061562AD43236540A973F8
0D68AE245A75842E840D392A166106B60B7C048FFFFFFFFFFC8FFF0000091562AD43236540A97310
0D6860245A08842EBD0D38F41660E9B60B7C048FFFFFFFFFFC7FFF00000A1562AD43236640A97328
0D68392459CF842EEA0D38B11660A8B5FB7C048FFFFFFFFFFC7FFF00000A1562AD43236640A95340
0D67CB24593F842F4A0D384A16605EB5EB7B048FFFFFFFFFFC8FFF00000A1562AE43236640A97358
0D675624589D842FC90D37DA16600DB5DB7A048FFFFFFFFFFC7FFF00000A1562AE43236640A97370
0D669824579E8430490D371B165F7FB5CB7A048FFFFFFFFFFC6FFF00000A1562AE43236640A95388
0D66272457088430B20D36AB165F2CB5BB7A048FFFFFFFFFFC6FFF00000A1562AE43236640A973A0
0D660D2456E98431080D3691165F1BB5BB79048FFFFFFFFFFC8FFF0000051562AF43236640A953B8
0D65ED2456C18431680D3672165F07B5AB79048FFFFFFFFFFC7FFF0000081562AF43236640A953D0
0D65D32456AE8431F30D3659165EFCB5AB78048FFFFFFFFFFC7FFF00000A1562AF43236640A953E8
0D65BA24569384328C0D363F165EEEB5AB78048FFFFFFFFFFC7FFF0000061562AF43236640A95300
0D65AB2456868432DE0D3634165EE5B59B78048FFFFFFFFFFC8FFF0000071562AF43236640A95318
0D65B42456918432FB0D3634165EE5B59B77048FFFFFFFFFFC8FFF00000A1562B043236640A95330
0D65A124567F8433410D3622165EDEB58B77048FFFFFFFFFFC7FFF0000071562B043236640A95348
0D657A2456588433CC0D3601165ECEB58B76048FFFFFFFFFFC6FFF0000061562B043236640A95360
0D64F22455A48434830D357D165E70B58B76048FFFFFFFFFFC6FFF00000A1562B043236640A95378
0D643A2454A88434FC0D34C7165DEAB58B76048FFFFFFFFFFC7FFF0000071562B143236640A95390
0D64002454578435350D3496165DC4B58B76048FFFFFFFFFFC7FFF00000A1562B143236640A953A8
0D63A12453D984358E0D342F165D7AB57B75048FFFFFFFFFFC6FFF0000071562B143236640A953C0
0D63292453398435FA0D33B6165D23B57B75048FFFFFFFFFFC7FFF00000A1562B143236640A953D8
0D62FE24530484365E0D338C165D07B57B74048FFFFFFFFFFC6FFF0000091562B243236640A953F0
0D629E24527E8436BB0D3332165CC3B57B74048FFFFFFFFFFC8FFF0000071562B243236640A95308
0D615F2450C984373C0D31F5165BD7B56B73048FFFFFFFFFFC8FFF00000B1562B243236640A95320
0D6069244F788437CB0D3101165B22B56B73048FFFFFFFFFFC9FFF0000071562B243236640A95338
0D5FEE244ECE8438200D308B165AC8B55B73048FFFFFFFFFFC7FFF00000B1562B343236640A95350
0D5FD5244EAF84385A0D3073165AB4B54B72048FFFFFFFFFFC7FFF00000B1562B343236640A95368
0D5FBD244E958438C20D3056165AA5B53B72048FFFFFFFFFFC7FFF0000071562B343236740A95380
0D5F8A244E5984394C0D3023165A84B52B71048FFFFFFFFFFC8FFF00000B1562B343236740A95398
0D5EF8244D938439C30D2F92165A19B51B70048FFFFFFFFFFC8FFF0000071562B443236740A953B0
0D5ED2244D65843A140D2F72165A04B50B6F048FFFFFFFFFFC7FFF00000B1562B443236740A953C8
0D5E9B244D20843A7B0D2F381659DEB4FB6F049FFFFFFFFFFC6FFF00000B1562B443236740A953E0
0D5E68244CE2843AF00D2F071659BDB4FB6E048FFFFFFFFFFC6FFF0000091562B443236740A953F8
0D5E35244CA0843B4E0D2ED716599CB4FB6E049FFFFFFFFFFC7FFF0000081562B543236740A95310
0D5DDE244C30843BA90D2E8116595DB4EB6E049FFFFFFFFFFC7FFF00000B1562B543236740A95328
0D5D5A244B7B843C170D2DFC1658FFB4EB6E049FFFFFFFFFFC7FFF00000B1562B543236740A93340
0D5CE1244ADF843C960D2D851658A9B4EB6D048FFFFFFFFFFC7FFF0000071562B543236740A94358
0D5C90244A73843D000D2D36165871B4EB6D048FFFFFFFFFFC8FFF00000B1562B543236740A94370
0D5C81244A67843D4E0D2D2A165867B4EB6D048FFFFFFFFFFC7FFF00000A1562B643236740A93388
0D5C75244A5F843DB50D2D1A165862B4EB6C048FFFFFFFFFFC7FFF0000051562B643236740A933A0
0D5BB9244962843E3D0D2C601657DBB4EB6B049FFFFFFFFFFC7FFF0000041562B643236740A933B8
0D5AEA244844843EBD0D2B95165747B4DB6B04AFFFFFFFFFFC7FFF00000A1562B643236740A943D0
0D5A842447BF843F200D2B311656FDB4DB6B049FFFFFFFFFFC7FFF00000A1562B743236740A933E8
0D5A4D244774843F6F0D2AFE1656D5B4CB6B048FFFFFFFFFFC7FFF0000081562B743236740A93300
0D5A22244740843FB00D2AD71656BAB4BB6A048FFFFFFFFFFC7FFF00000B1562B743236740A93318
0D5A0724472384400A0D2AB51656A7B4AB69049FFFFFFFFFFC7FFF0000071562B743236740A93330
0D59A62446A58440990D2A55165667B4AB68048FFFFFFFFFFC7FFF00000B1562B843236740A93348
0D594324462784413B0D29F4165624B4AB68048FFFFFFFFFFC7FFF0000071562B843236740A93360
0D58E92445B58441B10D299D1655E4B49B67048FFFFFFFFFFC8FFF00000A1562B843236740A93378
0D58B324456E8441F60D296D1655BEB49B67048FFFFFFFFFFC8FFF00000B1562B843236740A93390
0D589A24454E84423C0D294E1655ADB48B67048FFFFFFFFFFC8FFF0000071562B943236740A933A8
0D586A2445138442A60D291A16558DB48B66049FFFFFFFFFFC8FFF00000B1562B943236740A933C0
0D58352444D38443160D28E816556BB47B66049FFFFFFFFFFC8FFF00000B1562B943236740A913D8
0D57F62444848443710D28AB165540B47B66048FFFFFFFFFFC8FFF00000B1562B943236740A913F0
0D57B52444308443E30D2869165514B47B65048FFFFFFFFFFC7FFF00000B1562BA43236740A91308
0D573524438984446C0D27EC1654BCB47B65048FFFFFFFFFFC7FFF00000A1562BA43236740A91320
0D56E52443298444E90D279E165486B46B65048FFFFFFFFFFC7FFF0000071562BA43236740A91338
0D56DA24431E84453D0D2795165481B46B65048FFFFFFFFFFC8FFF00000B1562BA43236740A91350
0D56D624431C8445760D2793165481B47B6504AFFFFFFFFFFC8FFF00000B1562BA43236840A91368
0D56AB2442EA8445C80D2765165463B46B6504AFFFFFFFFFFC8FFF0000071562BB43236840A91380
0D564924426B8446480D2703165420B45B64049FFFFFFFFFFC8FFF00000B1562BB43236840A91398
0D55D12441C58446D50D268D1653CDB45B64048FFFFFFFFFFC9FFF00000B1562BB43236840A913B0
0D556924414584473E0D2624165382B45B64048FFFFFFFFFFC6FFF00000B1562BB43236840A913C8
0D553E24410C8447990D25FE165368B45B63048FFFFFFFFFFC6FFF00000B1562BB43236840A913E0
0D550F2440D58447FC0D25D216534BB44B63048FFFFFFFFFFC7FFF00000B1562BC43236840A913F8
0D54B024405884485E0D2574165307B44B62049FFFFFFFFFFC8FFF00000C1562BC43236840A91310
0D547E2440188448BA0D253F1652E2B44B62049FFFFFFFFFFC8FFF0000071562BC43236840A91328
0D5430243FB284491F0D24F21652ADB44B62048FFFFFFFFFFC8FFF00000C1562BD43236840A91340
0D53C1243F1F8449930D2486165263B44B62048FFFFFFFFFFC8FFF00000C1562BD43236840A91358
0D5324243E4F844A010D23EF1651F3B43B61048FFFFFFFFFFC7FFF0000071562BD43236840A91370
0D52CE243DDE844A750D23931651B3B43B61048FFFFFFFFFFC7FFF00000C1562BD43236840A91388
0D5287243D89844AF20D234E165182B43B61048FFFFFFFFFFC7FFF0000081562BD43236840A913A0
0D5253243D41844B570D231E165160B42B60048FFFFFFFFFFC8FFF0000071562BE43236840A913B8
0D5198243C37844B990D228B1650ECB41B60049FFFFFFFFFFC9FFF00000C1562BE43236840A913D0
0D505E243A8B844BDA0D2138164FEFB40B6004AFFFFFFFFFFC7FFF00000C1562BE43236840A913E8
0D4FFB243A06844C3A0D20C9164FA3B40B5F049FFFFFFFFFFC8FFF00000C1562BE43236840A90300
0D4FA4243998844CC70D2074164F67B3FB5E049FFFFFFFFFFC7FFF0000081562BF43236840A91318
0D4F4424391B844D6C0D2014164F26B3FB5E048FFFFFFFFFFC7FFF0000081562BF43236840A8F330
0D4F012438C5844DDF0D1FD4164EFAB3EB5D048FFFFFFFFFFC7FFF00000C1562BF43236840A91348
0D4EFE2438C9844E160D1FD7164EF8B3CB5C048FFFFFFFFFFC8FFF0000091562BF43236840A91360
0D4EFA2438C6844E560D1FCE164EF7B3BB5B048FFFFFFFFFFC8FFF0000061562C043236840A90378
0D4EE62438B6844EB80D1FBA164EEEB3BB5A048FFFFFFFFFFC8FFF00000B1562C043236840A8F390
0D4E7B243829844F3A0D1F53164EA5B3BB59048FFFFFFFFFFC8FFF00000C1562C043236840A8F3A8
0D4E352437D2844FC40D1F08164E73B3AB59048FFFFFFFFFFC7FFF0000081562C043236840A8F3C0
0D4DB32437268450280D1E89164E17B39B59048FFFFFFFFFFC7FFF00000C1562C043236840A8F3D8
0D4D5A2436AF8450710D1E37164DD9B39B59048FFFFFFFFFFC8FFF00000C1562C143236840A8F3F0
0D4D3524367F8450CB0D1E0E164DBEB38B59048FFFFFFFFFFC9FFF00000B1562C143236940A8F308
0D4D172436638451450D1DF0164DAFB38B59048FFFFFFFFFFC8FFF0000081562C143236940A8F320
0D4CB42435E38451D40D1D8E164D6BB39B58048FFFFFFFFFFC8FFF00000C1562C143236940A8F338
0D4C6024357384523D0D1D3F164D33B39B58048FFFFFFFFFFC8FFF00000A1562C143236940A8F350
0D4C432435508452750D1D20164D1AB3AB5704AFFFFFFFFFFC7FFF00000A1562C243236940A8F368
0D4C3024353D8452BA0D1D10164D12B39B57049FFFFFFFFFFC7FFF0000051562C243236940A8F380
0D4BF62434F38453290D1CCD164CE8B39B57048FFFFFFFFFFC7FFF00000B1562C243236940A8F398
0D4B252433D98453BE0D1C05164C55B38B56048FFFFFFFFFFC8FFF0000091562C243236940A8F3B0
0D4A4B2432B78454540D1B2F164BBAB37B56048FFFFFFFFFFC8FFF00000B1562C343236940A8F3C8
0D4A3324329C8454B80D1B1A164BABB37B56048FFFFFFFFFFC8FFF0000091562C343236940A8F3E0
0D4A1324326E8454E90D1AFF164B96B37B55048FFFFFFFFFFC7FFF0000071562C343236940A8F3F8
0D49F724325184551F0D1AE0164B81B37B55049FFFFFFFFFFC6FFF00000C1562C343236940A8D310
0D49C32432108455890D1AA8164B5EB35B55048FFFFFFFFFFC8FFF00000D1562C443236940A8F328
0D494124316784561B0D1A20164B00B35B54049FFFFFFFFFFC8FFF0000031562C443236940A8D340
0D49002431138456A90D19F7164AE5B35B54048FFFFFFFFFFC8FFF00000A1562C443236940A8D358
0D48BF2430C98457150D19AB164AB0B34B54048FFFFFFFFFFC8FFF00000B1562C443236940A8D370
0D488424307A84575B0D1980164A8EB34B54048FFFFFFFFFFC7FFF00000D1562C543236940A8D388
0D48792430728457A10D1965164A7FB35B53048FFFFFFFFFFC7FFF00000D1562C543236940A8D3A0
0D484B24303684580B0D192C164A5BB35B53049FFFFFFFFFFC7FFF00000D1562C543236940A8D3B8
0D47DD242FAC8458910D18C7164A17B33B53049FFFFFFFFFFC7FFF00000D1562C543236940A8D3D0
0D4752242EF084590A0D183F1649B4B32B52049FFFFFFFFFFC7FFF0000081562C543236940A8D3E8
0D470E242E988459690D17FD164983B32B52048FFFFFFFFFFC7FFF00000D1562C643236940A8D300
0D46E3242E648459BD0D17D5164967B32B52048FFFFFFFFFFC8FFF00000D1562C643236940A8D318
0D46CA242E46845A140D17BB164958B31B51048FFFFFFFFFFC7FFF0000081562C643236940A8D330
0D46B9242E3E845A810D17AA164952B30B50048FFFFFFFFFFC9FFF00000D1562C643236940A8D348
0D46A0242E25845B020D178E164943B2FB50048FFFFFFFFFFC5FFF00000D1562C743236940A8D360
0D4683242E05845B7B0D1774164934B2FB4F048FFFFFFFFFFC7FFF0000031562C743236940A8D378
0D4650242DC5845BD50D1745164913B2FB4F048FFFFFFFFFFC8FFF00000A1562C743236940A8D390
0D45FB242D59845C1E0D16F41648D8B2EB4F048FFFFFFFFFFC7FFF00000B1562C743236A40A8D3A8
0D45A7242CEA845C800D169B16489CB2DB4F048FFFFFFFFFFC7FFF00000B1562C843236A40A8D3C0
0D455E242C8B845CFE0D164E164868B2DB4F04AFFFFFFFFFFC7FFF0000091562C843236A40A8D3D8
0D4522242C43845D740D1618164844B2DB4F049FFFFFFFFFFC7FFF00000D1562C843236A40A8D3F0
0D450B242C2A845DCA0D1602164835B2DB4E04AFFFFFFFFFFC8FFF00000E1562C843236A40A8D308
0D44D6242BEC845E360D15CB164812B2DB4E048FFFFFFFFFFC7FFF00000E1562C843236A40A8D320
0D448F242B92845EB40D15861647E4B2CB4E048FFFFFFFFFFC7FFF0000091562C943236A40A8D338
0D445F242B59845F160D15581647C5B2BB4E048FFFFFFFFFFC8FFF00000E1562C943236A40A8D350
0D43FC242ACF845F750D14F516477DB2BB4D048FFFFFFFFFFC9FFF00000E1562C943236A40A8C368
0D435A2429F7845FD90D1457164709B2BB4D04AFFFFFFFFFFC7FFF00000E1562C943236A40A8C380
0D43272429BA8460360D14241646E7B2CB4C049FFFFFFFFFFC7FFF0000091562CA43236A40A8C398
0D42812428CE8460A30D137B16466BB2CB4C049FFFFFFFFFFC7FFF00000E1562CA43236A40A8C3B0
0D418B2427878461220D128A1645BCB2BB4B049FFFFFFFFFFC8FFF0000091562CA43236A40A8B3C8
0D415124273F8461940D1251164592B2CB4B048FFFFFFFFFFC8FFF00000D1562CA43236A40A8B3E0
0D411C2426F88461EF0D121B16456AB2AB4A048FFFFFFFFFFC8FFF00000A1562CA43236A40A8B3F8
0D40B92426758462500D11BE164527B29B49047FFFFFFFFFFC8FFF0000091562CB43236A40A8C310
0D408124262C8462B00D1186164501B29B49048FFFFFFFFFFC7FFF00000E1562CB43236A40A8B328
0D40432425E38463160D114B1644DAB28B48047FFFFFFFFFFC7FFF00000E1562CB43236A40A8B340
0D40302425D18463910D11371644D1B27B47047FFFFFFFFFFC8FFF00000E1562CB43236A40A8B358
0D400F2425AE8464090D11151644BCB27B47047FFFFFFFFFFC8FFF0000091562CC43236A40A8B370
0D3FCA2425558464650D10D016448BB27B47048FFFFFFFFFFC6FFF00000E1562CC43236A40A8B388
0D3F8B2425028464BB0D1095164460B26B46048FFFFFFFFFFC7FFF0000091562CC43236A40A8B3A0
0D3F732424EC8465230D107A164454B25B46048FFFFFFFFFFC6FFF00000E1562CC43236A40A8B3B8
0D3F692424E88465A80D106F164453B25B45047FFFFFFFFFFC6FFF00000E1562CD43236A40A8B3D0
0D3F592424E08466200D106316444FB25B45048FFFFFFFFFFC7FFF00000D1562CD43236A40A893E8
0D3F282424A284666B0D103B164430B25B45048FFFFFFFFFFC8FFF0000071562CD43236A40A8B300
0D3ECB2424248466AF0D0FDD1643EDB25B45048FFFFFFFFFFC7FFF00000D1562CD43236B40A89318
0D3E5924238D8467180D0F64164399B25B45047FFFFFFFFFFC7FFF00000E1562CE43236B40A89330
0D3E2024234B8467AD0D0F2E164377B24B44047FFFFFFFFFFC7FFF00000F1562CE43236B40A89348
0D3DF224231484682E0D0F0316435AB24B44047FFFFFFFFFFC7FFF00000F1562CE43236B40A89360
0D3DDA2422FB84687A0D0EEC16434BB24B43047FFFFFFFFFFC6FFF00000F1562CE43236B40A89378
0D3DB52422CD8468D40D0EC7164335B23B43047FFFFFFFFFFC6FFF00000F1562CE43236B40A89390
0D3D7F24229084694A0D0E8C164311B23B43047FFFFFFFFFFC8FFF00000A1562CF43236B40A893A8
0D3D3C2422388469AF0D0E4D1642E1B22B43047FFFFFFFFFFC9FFF00000E1562CF43236B40A893C0
0D3D042421F18469F20D0E1D1642BEB22B43047FFFFFFFFFFC7FFF00000F1562CF43236B40A893D8
0D3C492420EB846A520D0D5D164235B22B42048FFFFFFFFFFC7FFF00000F1562CF43236B40A893F0
0D3BA4242019846AEA0D0CB71641BFB22B42048FFFFFFFFFFC6FFF0000081562D043236B40A89308
0D3B70241FDA846B890D0C8416419FB22B42047FFFFFFFFFFC5FFF00000A1562D043236B40A89320
0D3B3E241F99846BDD0D0C5816417DB22B42047FFFFFFFFFFC6FFF00000F1562D043236B40A89338
0D3B49241FA6846BF50D0C4D164172B21B41047FFFFFFFFFFC7FFF00000F1562D043236B40A89350
0D3B1D241F74846C390D0C30164164B20B41047FFFFFFFFFFC6FFF00000F1562D143236B40A89368
0D3AF5241F4B846CCA0D0C0B164150B1EB40047FFFFFFFFFFC7FFF00000E1562D143236B40A89380
0D3ABF241F11846D750D0BD5164131B1EB3F047FFFFFFFFFFC7FFF00000B1562D143236B40A89398
0D3AB3241F05846DED0D0BCC16412CB1EB3F047FFFFFFFFFFC8FFF00000F1562D143236B40A893B0
0D3AAA241F06846E2C0D0BC716412AB1EB3F047FFFFFFFFFFC8FFF00000F1562D143236B40A883C8
0D3A9A241EF3846E710D0BB6164122B1EB3E047FFFFFFFFFFC7FFF00000B1562D243236B40A883E0
0D3A85241EE2846ED40D0B9C164116B1EB3E047FFFFFFFFFFC7FFF00000D1562D243236B40A883F8
0D3A73241ED6846F510D0B8A164110B1FB3E047FFFFFFFFFFC8FFF00000F1562D243236B40A88310
0D3A66241EC9846FC60D0B7F16410BB1EB3E047FFFFFFFFFFC6FFF00000A1562D243236B40A88328
0D3A59241EC384702B0D0B72164107B1EB3E047FFFFFFFFFFC7FFF00000A1562D343236B40A88340
0D3A33241E9C8470990D0B4D1640F2B1EB3E047FFFFFFFFFFC7FFF00000F1562D343236B40A88358
0D39F9241E538471070D0B141640CBB1EB3E047FFFFFFFFFFC7FFF00000F1562D343236B40A87370
0D399C241DD884716B0D0AB816408AB1EB3E047FFFFFFFFFFC7FFF00000A1562D343236B40A87388
0D3914241D1F8471C80D0A3416402AB1EB3E046FFFFFFFFFFC7FFF0000101562D443236B40A873A0
0D383F241BFD84722E0D0960163F90B1EB3E045FFFFFFFFFFC7FFF0000101562D443236B40A873B8
0D37DC241B7F84729D0D0900163F4AB1EB3E03FFFFFFFFFFFC7FFF0000101562D443236B40A873D0
0D37CA241B6B8473070D08EB163F3DB1DB3D03FFFFFFFFFFFC6FFF00000B1562D443236B40A873E8
0D37B3241B568473620D08D6163F31B1DB3D03FFFFFFFFFFFC8FFF00000F1562D443236B40A87300
0D37AF241B578473B80D08D4163F33B1DB3C03FFFFFFFFFFFC8FFF00000B1562D543236C40A87318
0D379D241B498474290D08BF163F2BB1CB3C041FFFFFFFFFFC7FFF0000101562D543236C40A87330
0D3763241B058474B10D0885163F07B1BB3C040FFFFFFFFFFC7FFF0000101562D543236C40A87348
0D3712241A9C8475350D0836163ECFB1AB3C03FFFFFFFFFFFC6FFF0000091562D543236C40A87360
0D36E1241A6384758F0D080B163EB1B1AB3B040FFFFFFFFFFC6FFF00000C1562D643236C40A87378
0D36C0241A358475C30D07ED163E9BB19B3C040FFFFFFFFFFC7FFF00000B1562D643236C40A87390
0D36B1241A2A8476150D07D8163E91B1AB3B042FFFFFFFFFFC7FFF00000F1562D643236C40A863A8
0D36B5241A3C8476960D07D9163E9BB1AB3B040FFFFFFFFFFC8FFF0000101562D643236C40A853C0
0D36AA241A398477250D07CF163E9AB19B3A03FFFFFFFFFFFC8FFF00000B1562D743236C40A863D8
0D3682241A0C84779C0D07AA163E83B19B3A03FFFFFFFFFFFC8FFF0000101562D743236C40A873F0
0D36622419EC8477F60D078A163E6FB19B3B03FFFFFFFFFFFC8FFF0000101562D743236C40A85308
0D364D2419D38478440D0779163E64B1AB3A03FFFFFFFFFFFC8FFF0000101562D743236C40A85320
0D35F524195C84788C0D0725163E27B19B3A040FFFFFFFFFFC8FFF0000101562D843236C40A85338
0D34F02417F78478F30D061B163D65B18B39040FFFFFFFFFFC8FFF0000101562D843236C40A85350
0D34032416BE84798D0D052F163CBBB18B3903FFFFFFFFFFFC8FFF00000B1562D843236C40A85368
0D33BF241665847A2A0D04ED163C8EB18B3903FFFFFFFFFFFC7FFF0000101562D843236C40A85380
0D338024160E847A780D04B4163C61B17B3903FFFFFFFFFFFC6FFF00000C1562D843236C40A85398
0D338A24161E847A930D04A4163C54B17B3803FFFFFFFFFFFC6FFF00000F1562D943236C40A853B0
0D33392415B3847AE10D0466163C2CB16B3703FFFFFFFFFFFC8FFF0000111562D943236C40A853C8
0D32DD241541847B620D040D163BEFB16B3703FFFFFFFFFFFC7FFF0000111562D943236C40A853E0
0D32B5241514847BF90D03E6163BD9B16B3603FFFFFFFFFFFC6FFF0000111562D943236C40A853F8
0D329E241500847C850D03D0163BCFB15B3503FFFFFFFFFFFC6FFF0000111562DA43236C40A85310
0D328E2414F3847CDF0D03C4163BC7B14B3503FFFFFFFFFFFC7FFF0000111562DA43236C40A85328
0D32632414B8847D0F0D03A3163BB1B14B3403FFFFFFFFFFFC8FFF0000111562DA43236C40A85340
0D322324146B847D650D0359163B7FB13B3403FFFFFFFFFFFC7FFF00000B1562DA43236C40A85358
0D3182241393847DEB0D02B7163B0AB14B3403FFFFFFFFFFFC6FFF0000111562DB43236C40A85370
0D311724130A847E6A0D024F163AC0B14B33041FFFFFFFFFFC6FFF00000F1562DB43236C40A84388
0D30FA2412E6847EC50D0235163AAFB13B34041FFFFFFFFFFC8FFF00000D1562DB43236C40A843A0
0D30D02412B2847F250D0207163A91B13B3303FFFFFFFFFFFC8FFF0000111562DB43236C40A843B8
0D307524123C847F8E0D01B0163A54B11B3303FFFFFFFFFFFC7FFF0000111562DC43236C40A843D0
0D306124122D847FEF0D019C163A49B11B32041FFFFFFFFFFC6FFF0000111562DC43236C40A843E8
0D30562412238480680D0190163A47B10B32041FFFFFFFFFFC6FFF0000111562DC43236C40A84300
0D304824121C8480E70D0182163A42B10B31040FFFFFFFFFFC8FFF0000111562DC43236C40A84318
0D303C24121584813C0D017A163A3DB10B31041FFFFFFFFFFC8FFF0000111562DC43236C40A83330
0D302E24120B8481830D016C163A37B0FB3103FFFFFFFFFFFC7FFF00000E1562DD43236D40A84348
0D30192411F88481E50D0155163A2CB0FB30041FFFFFFFFFFC6FFF00000E1562DD43236D40A83360
0D2FE02411B28482590D011B163A08B0FB30041FFFFFFFFFFC7FFF00000C1562DD43236D40A83378
0D2FB02411788482DF0D00EB1639EAB0FB30041FFFFFFFFFFC8FFF0000101562DD43236D40A83390
0D2F612411148483630D00A01639B6B0EB3003FFFFFFFFFFFC6FFF0000111562DE43236D40A833A8
0D2F172410B78483AF0D005F163985B0DB3003FFFFFFFFFFFC6FFF00000C1562DE43236D40A833C0
0D2EDC2410668483E10D002916395EB0CB3003FFFFFFFFFFFC6FFF0000101562DE43236D40A833D8
0D2E7D240FE78484490CFFBC163914B0DB2F041FFFFFFFFFFC7FFF0000111562DE43236D40A833F0
0D2E0E240F5D8484E00CFF521638CAB0DB2F03FFFFFFFFFFFC7FFF0000121562DE43236D40A82308
0D2D8D240EB48485660CFED316386FB0CB2E03FFFFFFFFFFFC7FFF0000071562DF43236D40A81320
0D2D6A240E858485A60CFEB6163858B0DB2E03FFFFFFFFFFFC7FFF0000111562DF43236D40A81338
0D2D4E240E668485F30CFE94163845B0CB2E03FFFFFFFFFFFC6FFF0000121562DF43236D40A81350
0D2D1C240E2A8486690CFE60163825B0CB2E03FFFFFFFFFFFC6FFF0000101562DF43236D40A81368
0D2CC5240DB58486E70CFE041637E5B0AB2D03FFFFFFFFFFFC7FFF00000D1562E043236D40A81380
0D2C3F240D058487550CFD84163787B0AB2D03FFFFFFFFFFFC8FFF0000121562E043236D40A81398
0D2C1D240CE38487B50CFD6A163778B0AB2C03FFFFFFFFFFFC7FFF0000121562E043236D40A813B0
0D2C0D240CD58488100CFD5D163770B0AB2C03FFFFFFFFFFFC8FFF00000F1562E043236D40A813C8
0D2BFB240CC184885D0CFD3F16375DB0AB2C03FFFFFFFFFFFC7FFF00000A1562E143236D40A813E0
0D2BD5240C968488C90CFD1D16374BB0AB2B041FFFFFFFFFFC7FFF0000111562E143236D40A813F8
0D2BD4240CA084894F0CFD1E163751B0AB2B040FFFFFFFFFFC8FFF00000D1562E143236D40A81310
0D2BC2240C928489C90CFD0D16374CB0AB2A040FFFFFFFFFFC8FFF0000111562E143236D40A81328
0D2B7C240C3B848A260CFCC6163719B09B2A041FFFFFFFFFFC8FFF0000121562E243236D40A81340
0D2B45240BF3848A7B0CFC951636F8B09B2A041FFFFFFFFFFC8FFF0000121562E243236D40A81358
0D2B40240BFA848AE40CFC8C1636F7B09B2A040FFFFFFFFFFC7FFF00000E1562E243236D40A81370
0D2B14240BC2848B4D0CFC661636DDB08B2A03FFFFFFFFFFFC8FFF0000101562E243236D40A81388
0D2AD8240B79848B960CFC2C1636B4B07B2A040FFFFFFFFFFC7FFF0000121562E343236D40A813A0
0D2AB8240B57848BF20CFC071636A1B07B2A040FFFFFFFFFFC7FFF0000121562E343236D40A813B8
0D2AB0240B56848C7D0CFBFF1636A2B07B29040FFFFFFFFFFC7FFF0000121562E343236D40A803D0
0D2A9E240B4C848D170CFBED16369DB06B2903FFFFFFFFFFFC9FFF0000121562E343236D40A803E8
0D2A25240AA7848D830CFB76163644B06B2903FFFFFFFFFFFC7FFF00000D1562E343236D40A80300
0D29CD240A33848DB40CFB24163606B07B2903FFFFFFFFFFFC7FFF00000D1562E443236D40A80318
0D29B8240A1A848DEC0CFB0B1635F8B07B2803FFFFFFFFFFFC7FFF00000D1562E443236E40A80330
0D2948240985848E600CFA991635A9B07B2803FFFFFFFFFFFC6FFF0000121562E443236E40A80348
0D28C62408DE848EF30CFA1916354EB06B28041FFFFFFFFFFC7FFF00000D1562E443236E40A80360
0D2852240841848F730CF9A71634FDB05B2803FFFFFFFFFFFC8FFF0000121562E543236E40A7F378
0D27BA240773848FCD0CF915163490B05B2803FFFFFFFFFFFC8FFF0000121562E543236E40A7F390
0D273E2406CF84901D0CF899163436B05B27040FFFFFFFFFFC7FFF00000C1562E543236E40A7F3A8
0D270F2406948490860CF86D163419B03B2703FFFFFFFFFFFC7FFF00000D1562E543236E40A7F3C0
0D26DA2406528490EA0CF8361633F1B03B26040FFFFFFFFFFC6FFF00000D1562E643236E40A7F3D8
0D26B824062C8491510CF8131633DDB02B26040FFFFFFFFFFC6FFF0000121562E643236E40A7F3F0
0D26822405E98491D20CF7DC1633BAB00B2403FFFFFFFFFFFC7FFF00000D1562E643236E40A7F308
0D26252405718492420CF782163378B00B2403FFFFFFFFFFFC7FFF0000131562E643236E40A7F320
0D25D42405048492960CF735163341B00B2303FFFFFFFFFFFC6FFF00000D1562E643236E40A7E338
0D25872404A08492F20CF6E3163306B00B22041FFFFFFFFFFC6FFF0000121562E743236E40A7E350
0D24EF2403D184935A0CF6571632A2B00B23040FFFFFFFFFFC7FFF0000131562E743236E40A7E368
0D24792403348493CA0CF5DC163249AFFB2203FFFFFFFFFFFC8FFF00000D1562E743236E40A7D380
0D24492402F584942A0CF5B1163229AFEB21041FFFFFFFFFFC8FFF0000061562E743236E40A7D398
0D241B2402C184948E0CF58416320DAFCB2103FFFFFFFFFFFC8FFF0000121562E843236E40A7D3B0
0D23C02402498495120CF5251631CAAFCB2003FFFFFFFFFFFC8FFF0000131562E843236E40A7D3C8
0D23772401EC8495960CF4DD163199AFBB1F03FFFFFFFFFFFC7FFF0000131562E843236E40A7D3E0
0D235D2401CE8495E90CF4C6163187AFBB1F03FFFFFFFFFFFC7FFF0000131562E843236E40A7D3F8
0D235D2401D38496180CF4C8163189AFBB1F03FFFFFFFFFFFC6FFF00000E1562E943236E40A7D310
0D23532401CC8496630CF4BB163185AFBB1E041FFFFFFFFFFC6FFF0000111562E943236E40A7D328
0D232E2401A68496E30CF496163171AFBB1E040FFFFFFFFFFC7FFF0000131562E943236E40A7D340
0D231324018F84978F0CF479163166AFAB1E03FFFFFFFFFFFC7FFF00000D1562E943236E40A7D358
0D22FD24017984981F0CF46616315DAFBB1E03FFFFFFFFFFFC7FFF0000131562E943236E40A7D370
0D22EC24016B84985E0CF459163152AFBB1E03FFFFFFFFFFFC6FFF0000131562EA43236E40A7D388
0D22F12401738498720CF450163149AFBB1E03FFFFFFFFFFFC6FFF0000131562EA43236E40A7D3A0
0D22D32401548498C10CF438163142AFAB1D03FFFFFFFFFFFC7FFF0000131562EA43236F40A7C3B8
0D22B324013384994E0CF41C163135AFAB1D03FFFFFFFFFFFC8FFF0000131562EA43236E40A7D3D0
0D22732400ED8499FF0CF3DC16310EAFAB1D03FFFFFFFFFFFC8FFF0000101562EB43236E40A7C3E8
0D22432400B0849A730CF3AD1630EFAFAB1D03FFFFFFFFFFFC7FFF0000101562EB43236E40A7D300
0D22392400AA849AAA0CF3AB1630EEAFAB1D03FFFFFFFFFFFC7FFF0000131562EB43236E40A7C318
0D2219240089849B020CF3861630D8AFAB1D03FFFFFFFFFFFC7FFF00000E1562EB43236F40A7C330
0D21D7240032849B740CF33B1630A7AFAB1D03FFFFFFFFFFFC7FFF00000F1562EC43236F40A7C348
0D218823FFD2849BE00CF2FC16307CAF9B1C03FFFFFFFFFFFC6FFF0000131562EC43236F40A7C360
0D214323FF75849C3D0CF2B1163043AF9B1C03FFFFFFFFFFFC6FFF0000131562EC43236F40A7C378
0D211423FF35849C980CF28616302AAFAB1C03FFFFFFFFFFFC7FFF00000D1562EC43236F40A7C390
0D20A323FEAB849D150CF20F162FD6AFBB1B03FFFFFFFFFFFC7FFF0000131562ED43236F40A7B3A8
0D204523FE31849DA70CF1B5162F9AAFCB1B03FFFFFFFFFFFC6FFF0000131562ED43236F40A7B3C0
0D200223FDDD849E1C0CF174162F6DAFBB1C03FFFFFFFFFFFC6FFF00000F1562ED43236F40A7B3D8
0D1FDC23FDAD849E590CF15B162F58AFAB1B03FFFFFFFFFFFC7FFF0000111562ED43236F40A7B3F0
0D1FA323FD61849E900CF11E162F2CAF9B1A03FFFFFFFFFFFC7FFF0000141562EE43236F40A7B308
0D1F7723FD2B849EEC0CF0EB162F0DAF9B1903FFFFFFFFFFFC7FFF0000141562EE43236F40A7B320
0D1F3D23FCE2849F6E0CF0B1162EE8AF8B1903FFFFFFFFFFFC7FFF00000D1562EE43236F40A7B338
0D1EED23FC8584A00E0CF063162EB4AF8B1903FFFFFFFFFFFC7FFF0000101562EE43236F40A7B350
0D1EB723FC4184A0880CF031162E93AF7B1803FFFFFFFFFFFC7FFF00000F1562EE43236F40A7A368
0D1E6B23FBD984A0BF0CEFF5162E64AF7B1803FFFFFFFFFFFC7FFF0000101562EF43236F40A7A380
0D1E3823FB9A84A0FD0CEFB5162E39AF5B1803FFFFFFFFFFFC8FFF0000111562EF43236F40A7A398
0D1E0223FB5984A17F0CEF7B162E14AF4B1803FFFFFFFFFFFC8FFF00000E1562EF43236F40A793B0
0D1D9723FAD184A21A0CEF11162DCBAF4B1703FFFFFFFFFFFC7FFF0000111562EF43236F40A793C8
0D1D3223FA4B84A2920CEEAE162D83AF4B1703FFFFFFFFFFFC7FFF0000141562EF43236F40A793E0
0D1CF623F9F784A2C70CEE7B162D5CAF4B1603FFFFFFFFFFFC8FFF0000141562F043236F40A793F8
0D1CCD23F9C384A2F90CEE50162D3FAF3B1603FFFFFFFFFFFC8FFF0000141562F043236F40A79310
0D1C9723F97F84A3600CEE14162D17AF3B1503FFFFFFFFFFFC9FFF0000141562F043236F40A79328
0D1C6E23F95884A3EF0CEDEE162D01AF2B1503FFFFFFFFFFFC8FFF00000F1562F143236F40A79340
0D1C4C23F93384A4940CEDCB162CEFAF2B1503FFFFFFFFFFFC8FFF00000E1562F143236F40A79358
0D1BC823F88684A51D0CED47162C91AF2B1503FFFFFFFFFFFC7FFF0000141562F143236F40A79370
0D1B9523F84784A5600CED22162C77AF2B1503FFFFFFFFFFFC7FFF0000111562F143236F40A79388
0D1B8B23F83784A5860CED15162C6DAF2B1403FFFFFFFFFFFC6FFF0000111562F143236F40A793A0
0D1B6A23F81184A5D10CECEC162C52AF2B1403FFFFFFFFFFFC7FFF00000E1562F243237040A793B8
0D1B1623F7A484A6430CEC98162C18AF1B1303FFFFFFFFFFFC7FFF0000131562F243237040A793D0
0D1A6423F6BF84A6E30CEBE9162B9DAF0B1303FFFFFFFFFFFC7FFF0000141562F243236F40A783E8
0D1A3423F68584A7850CEBB9162B7FAF0B1203FFFFFFFFFFFC7FFF00000E1562F243236F40A78300
0D1A1223F65984A7D60CEB9C162B69AF0B1203FFFFFFFFFFFC7FFF0000141562F243236F40A78318
0D1A0423F64D84A7FC0CEB97162B67AF0B1203FFFFFFFFFFFC7FFF0000141562F343237040A78330
0D19F223F63D84A85A0CEB79162B55AEEB1103FFFFFFFFFFFC8FFF0000151562F343237040A78348
0D19A323F5D584A8D20CEB2A162B21AEDB1103FFFFFFFFFFFC8FFF0000151562F343237040A78360
0D194723F56384A94D0CEAD0162AE6AEDB1003FFFFFFFFFFFC7FFF0000121562F343237040A78378
0D190723F51284A9D20CEA91162ABAAECB1003FFFFFFFFFFFC7FFF0000121562F443237040A78390
0D18EA23F4F584AA4F0CEA73162AA9AECB1003FFFFFFFFFFFC7FFF00000E1562F443237040A783A8
0D18D723F4E384AAAB0CEA62162A9EAEDB1003FFFFFFFFFFFC8FFF0000151562F443237040A783C0
0D18B123F4AE84AAD80CEA4F162A90AECB0F03FFFFFFFFFFFC7FFF0000151562F443237040A773D8
0D185423F43784AB1C0CE9E4162A46AEBB0E03FFFFFFFFFFFC7FFF0000131562F543237040A773F0
0D17FF23F3CE84ABAA0CE98D162A0CAEBB0E03FFFFFFFFFFFC7FFF0000111562F543237040A77308
0D176523F30484AC500CE8F61629A0AEBB0D03FFFFFFFFFFFC6FFF00000F1562F543237040A76320
0D172923F2B484ACBD0CE8BD162976AEAB0D03FFFFFFFFFFFC6FFF00000F1562F543237040A77338
0D16F723F27384ACF80CE88D162955AEAB0D03FFFFFFFFFFFC8FFF00000F1562F543237040A76350
0D16AF23F21984AD5A0CE83F16291FAE9B0C03FFFFFFFFFFFC8FFF0000141562F643237040A77368
0D168923F1ED84ADD50CE81A16290BAE9B0B03FFFFFFFFFFFC8FFF0000151562F643237040A76380
0D167123F1D384AE410CE8031628FDAE9B0A03FFFFFFFFFFFC6FFF0000151562F643237040A77398
0D163823F18C84AE9B0CE7CF1628D7AE8B0A03FFFFFFFFFFFC6FFF00000F1562F643237040A753B0
0D15E123F11C84AEF50CE775162898AE7B0903FFFFFFFFFFFC7FFF0000151562F743237040A753C8
0D15B523F0E384AF5D0CE74816287CAE6B0903FFFFFFFFFFFC7FFF00000E1562F743237040A753E0
0D159023F0BD84AFE10CE721162867AE6B0803FFFFFFFFFFFC8FFF0000101562F743237040A753F8
0D156023F08984B06D0CE6F5162849AE5B0803FFFFFFFFFFFC7FFF0000151562F743237040A75310
0D153123F04A84B0CB0CE6CA16282CAE5B0803FFFFFFFFFFFC7FFF0000111562F743237040A75328
0D151023F02384B1090CE6AD162816AE4B07041FFFFFFFFFFC7FFF0000141562F843237040A75340
0D14F723F00884B14C0CE694162807AE4B0703FFFFFFFFFFFC6FFF0000161562F843237140A75358
0D14D223EFDB84B1A30CE66A1627EEAE3B0603FFFFFFFFFFFC8FFF0000101562F843237140A75370
0D14A523EFAD84B2290CE63F1627D4AE2B0603FFFFFFFFFFFC7FFF00000E1562F843237140A75388
0D147323EF7484B2D70CE60B1627B8AE2B0603FFFFFFFFFFFC7FFF0000131562F943237040A753A0
0D142F23EF2284B36A0CE5CC16278DAE2B0603FFFFFFFFFFFC8FFF0000161562F943237040A753B8
0D13E123EEB884B3AA0CE58816275CAE2B0703FFFFFFFFFFFC7FFF0000161562F943237140A743D0
0D13F923EEDD84B3CE0CE572162748AE1B0603FFFFFFFFFFFC7FFF0000101562F943237140A743E8
0D13CC23EEA584B4160CE566162747AE1B0603FFFFFFFFFFFC7FFF0000161562FA43237140A75300
0D13BA23EE9884B4850CE555162740AE1B0503FFFFFFFFFFFC7FFF0000161562FA43237140A74318
0D139E23EE7D84B5160CE538162733AE1B0503FFFFFFFFFFFC6FFF0000101562FA43237140A74330
0D138F23EE7A84B5B30CE52A16272FAE1B0403FFFFFFFFFFFC6FFF0000151562FA43237140A73348
0D138023EE6E84B62E0CE51B16272BAE0B0403FFFFFFFFFFFC7FFF0000161562FA43237140A74360
0D136A23EE5484B6710CE50D16271FAE0B0403FFFFFFFFFFFC7FFF0000161562FB43237140A73378
0D134323EE2584B6A40CE4E8162706AE1B0303FFFFFFFFFFFC8FFF0000101562FB43237140A73390
0D12EB23EDB284B6F80CE48A1626C5AE0B0303FFFFFFFFFFFC8FFF0000151562FB43237140A743A8
0D127723ED1D84B7730CE416162676AE0B0303FFFFFFFFFFFC7FFF0000141562FB43237140A733C0
0D124523ECE384B80C0CE3E4162656ADFB0303FFFFFFFFFFFC7FFF0000081562FC43237140A733D8
0D121A23ECAE84B8980CE3B816263BAE0B0303FFFFFFFFFFFC7FFF0000141562FC43237140A733F0
0D11E723EC7384B8EB0CE38F16261CADFB0303FFFFFFFFFFFC6FFF0000171562FC43237140A72308
0D11B023EC2A84B9210CE35B1625F7ADFB0303FFFFFFFFFFFC7FFF0000171562FC43237140A73320
0D119623EC0C84B9720CE33A1625E4ADFB0203FFFFFFFFFFFC6FFF0000171562FC43237140A72338
0D118623EC0684B9E90CE3271625DDADDB0203FFFFFFFFFFFC6FFF0000171562FD43237140A73350
0D117823EBFC84BA6D0CE3191625D9ADCB0103FFFFFFFFFFFC7FFF0000101562FD43237140A72368
0D115723EBD684BAE70CE2F91625C7ADCB0103FFFFFFFFFFFC6FFF0000171562FD43237140A71380
0D111C23EB9484BB5C0CE2C11625A2ADCB0103FFFFFFFFFFFC6FFF0000171562FD43237140A71398
0D10FA23EB6F84BBCF0CE29E16258EADDB0103FFFFFFFFFFFC7FFF0000171562FD43237140A713B0
0D10EA23EB5D84BC1E0CE294162586ADDB0103FFFFFFFFFFFC7FFF0000131562FE43237140A713C8
0D10E523EB5A84BC400CE28816257EADCB0103FFFFFFFFFFFC8FFF0000141562FE43237240A713E0
0D10B423EB1E84BC950CE25A162563ADBB0003FFFFFFFFFFFC8FFF0000111562FE43237240A713F8
0D101223EA4E84BD380CE1BB1624F4ADBB0003FFFFFFFFFFFC6FFF0000131562FE43237240A71310
0D0FA223E9BF84BDE80CE14B1624A8ADBB0003FFFFFFFFFFFC6FFF0000141562FF43237240A71328
0D0F7623E98884BE4C0CE12216248AADCB0003FFFFFFFFFFFC6FFF0000171562FF43237240A71340
0D0F5E23E96A84BE7A0CE10F16247DADCAFF03FFFFFFFFFFFC6FFF0000111562FF43237240A71358
0D0F4023E94784BECF0CE0EA162466ADCAFF03FFFFFFFFFFFC8FFF0000171562FF43237240A71370
0D0F2B23E93684BF3F0CE0D616245DADBAFE03FFFFFFFFFFFC8FFF00001315630043237240A71388
0D0F1B23E92584BF9F0CE0C8162454ADAAFE03FFFFFFFFFFFC8FFF00001515630043237240A713A0
0D0EEC23E8ED84BFFF0CE097162437AD9AFE03FFFFFFFFFFFC8FFF00001815630043237240A703B8
0D0ED423E8D984C0890CE07F16242BAD9AFD03FFFFFFFFFFFC8FFF00001815630043237240A703D0
0D0E9E23E89F84C12F0CE04B16240CAD8AFD03FFFFFFFFFFFC7FFF00001115630043237240A703E8
0D0E6523E85384C18B0CE0281623F3AD9AFD03FFFFFFFFFFFC7FFF00001815630143237240A70300
0D0E9823E89A84C1880CE090162440AD8AFD03FFFFFFFFFFFC7FFF00001815630143237240A70318
0D0E7923E87684C1C10CE02D1623FDAD7AFD03FFFFFFFFFFFC7FFF00001115630143237240A70330
0D0E0723E7EB84C2640CDFB61623ADAD7AFD03FFFFFFFFFFFC7FFF00001815630143237240A70348
0D0DA823E77184C3140CDF5416236AAD7AFD03FFFFFFFFFFFC8FFF00001815630243237240A6F360
0D0D6F23E72D84C3950CDF1216233CAD7AFD03FFFFFFFFFFFC7FFF00001815630243237240A70378
0D0D6D23E72C84C3CC0CDF22162349AD7AFD03FFFFFFFFFFFC7FFF00001415630243237240A6F390
0D0D7323E73A84C3F10CDF13162341AD7AFC03FFFFFFFFFFFC8FFF00001515630243237340A6F3A8
0D0D1E23E6D384C45F0CDECF162314AD6AFB03FFFFFFFFFFFC8FFF00001815630343237340A6F3C0
0D0C9023E61484C4F90CDE461622B4AD6AFB03FFFFFFFFFFFC9FFF00001215630343237340A6F3D8
0D0C3A23E5AA84C5850CDDEE162278AD6AFB03FFFFFFFFFFFC9FFF00001815630343237240A6F3F0
0D0C2B23E59D84C5DF0CDDE2162270AD6AFB03FFFFFFFFFFFC8FFF00001915630343237340A6F308
0D0C2A23E59D84C6090CDDE3162273AD5AFA03FFFFFFFFFFFC8FFF00001915630443237340A6E320
0D0C2323E59A84C6550CDDD8162270AD5AF903FFFFFFFFFFFC8FFF00001915630443237340A6E338
0D0C1423E59684C6E20CDDC916226CAD5AF903FFFFFFFFFFFC8FFF00001315630443237340A6D350
0D0C0523E59084C7860CDDB9162269AD4AF803FFFFFFFFFFFC6FFF00001815630443237340A6E368
0D0BFD23E59184C8020CDDB216226AAD5AF803FFFFFFFFFFFC6FFF00001215630443237340A6D380
0D0BFF23E59584C8390CDDB816226CAD4AF803FFFFFFFFFFFC6FFF00001315630543237340A6D398
0D0C0C23E5AB84C84E0CDDB616226DAD4AF803FFFFFFFFFFFC7FFF00001215630543237340A6D3B0
0D0C0223E5A884C89F0CDDB1162273AD4AF703FFFFFFFFFFFC8FFF00001915630543237340A6D3C8
0D0BF023E5A484C9420CDDA5162272AD3AF703FFFFFFFFFFFC8FFF00001715630543237340A6D3E0
0D0BCB23E58184C9F70CDD82162263AD3AF703FFFFFFFFFFFC8FFF00001315630643237340A6D3F8
0D0BB523E56984CA640CDD6C162254AD3AF803FFFFFFFFFFFC7FFF00001915630643237340A6D310
0D0BB023E56584CA8D0CDD6A162257AD3AF7040FFFFFFFFFFC6FFF00001515630643237340A6D328
0D0BAA23E56784CADA0CDD60162254AD2AF8040FFFFFFFFFFC7FFF00001615630643237340A6C340
0D0B9F23E55F84CB410CDD54162251AD3AF8040FFFFFFFFFFC8FFF00001415630743237440A6C358
0D0B4A23E4F284CBA40CDD02162217AD3AF8040FFFFFFFFFFC7FFF00001815630743237440A6C370
0D0B0D23E4AB84CC110CDCC41621EDAD3AF8040FFFFFFFFFFC7FFF00001A15630743237440A6C388
0D0AC023E44A84CCA10CDC7A1621BCAD3AF8040FFFFFFFFFFC8FFF00001315630743237440A6C3A0
0D0A5B23E3C784CD250CDC14162176AD4AF8040FFFFFFFFFFC7FFF00001915630743237440A6C3B8
0D0A3623E39E84CD700CDBF516215FAD4AF7040FFFFFFFFFFC7FFF00001A15630843237440A6C3D0
0D0A1B23E37C84CDB00CDBD916214DAD3AF7040FFFFFFFFFFC8FFF00001A15630843237440A6C3E8
0D0A0123E36284CE1B0CDBBC16213FAD3AF7040FFFFFFFFFFC7FFF00000A15630843237440A6B300
0D09E323E34184CE950CDB9F16212EAD2AF6040FFFFFFFFFFC6FFF00001715630843237440A6B318
0D09CE23E33184CEFA0CDB8B162119AD1AF6040FFFFFFFFFFC8FFF00001A15630943237440A6B330
0D09C323E32A84CF5A0CDB7F162120AD1AF6040FFFFFFFFFFC8FFF00001A15630943237440A6B348
0D09B123E31C84CFCA0CDB6D16211AAD0AF6040FFFFFFFFFFC7FFF00001315630943237440A6B360
0D09A223E31284D03D0CDB60162115AD0AF5040FFFFFFFFFFC6FFF00001315630943237440A6B378
0D099A23E31284D0A40CDB59162114AD0AF5040FFFFFFFFFFC7FFF00001A15630A43237440A6B390
0D099623E31884D1060CDB54162116AD1AF5041FFFFFFFFFFC7FFF00001A15630A43237440A6B3A8
0D098723E31084D1740CDB45162112AD0AF4041FFFFFFFFFFC8FFF00001A15630A43237440A6A3C0
0D096B23E2F084D1E90CDB28162102AD0AF4040FFFFFFFFFFC7FFF00001B15630A43237440A6A3D8
0D095423E2DB84D23A0CDB161620F5AD0AF4040FFFFFFFFFFC7FFF00001B15630B43237440A6A3F0
0D094523E2CD84D27B0CDB081620EDAD0AF4040FFFFFFFFFFC8FFF00001415630B43237440A6A308
0D08EC23E25784D2E30CDAAD1620B1AD0AF5040FFFFFFFFFFC7FFF00001A15630B43237440A69320
0D086823E1AE84D36E0CDA29162057AD0AF5040FFFFFFFFFFC7FFF00001B15630B43237440A69338
0D084923E18F84D3FF0CDA09162044AD0AF4040FFFFFFFFFFC7FFF00001415630B43237540A6A350
0D083D23E18484D46C0CD9FF162040AD1AF5040FFFFFFFFFFC6FFF00001A15630C43237540A69368
0D083523E18084D4AB0CD9FB16203DAD0AF5040FFFFFFFFFFC6FFF00001B15630C43237540A69380
0D082423E17384D4EF0CD9EA162034ACFAF4040FFFFFFFFFFC7FFF00001B15630C43237540A69398
0D080423E14E84D5600CD9C7162022ACEAF3040FFFFFFFFFFC7FFF00001515630C43237540A693B0
0D07D023E11384D5DC0CD993162003ACDAF3040FFFFFFFFFFC7FFF00001A15630D43237540A693C8
0D07C423E10984D6380CD98B161FFEACDAF2040FFFFFFFFFFC8FFF00001B15630D43237540A693E0
0D07A923E0ED84D6970CD96C161FEDACCAF2040FFFFFFFFFFC8FFF00001815630D43237540A683F8
0D079723E0E684D71B0CD95B161FE9ACCAF2040FFFFFFFFFFC7FFF00001715630D43237540A68310
0D077723E0BF84D7A80CD93A161FD8ACCAF2040FFFFFFFFFFC7FFF00001C15630E43237540A68328
0D074A23E08C84D80B0CD912161FBCACCAF2040FFFFFFFFFFC8FFF00001515630E43237540A68340
0D06F223E01784D84F0CD8C0161F80ACBAF2040FFFFFFFFFFC7FFF00001C15630E43237540A68358
0D06D323DFF084D88E0CD89A161F64ACCAF2042FFFFFFFFFFC7FFF00001C15630E43237540A68370
0D06C023DFE084D8DC0CD88B161F5EACEAF1042FFFFFFFFFFC7FFF00001C15630F43237540A68388
0D06B123DFD484D94E0CD87B161F5BACDAF1041FFFFFFFFFFC7FFF00001C15630F43237640A683A0
0D06B023DFE084D9E50CD875161F5FACCAF1040FFFFFFFFFFC8FFF00001615630F43237540A683B8
0D06B023DFF584DA890CD876161F69ACCAF0040FFFFFFFFFFC8FFF00001A15630F43237540A683D0
0D068E23DFD084DB0C0CD856161F55ACCAF0040FFFFFFFFFFC8FFF00001515630F43237540A673E8
0D066F23DFA984DB330CD860161F5CACBAF0040FFFFFFFFFFC7FFF00001C15631043237640A68300
0D068923DFCB84DB260CD87D161F6FACBAF0040FFFFFFFFFFC7FFF00001C15631043237640A67318
0D065223DF8884DB7B0CD82D161F3EACBAF003FFFFFFFFFFFC7FFF00000F15631043237640A67330
0D05F523DF1784DC2D0CD7C0161EF5ACAAEF03FFFFFFFFFFFC7FFF00001B15631043237640A67348
0D058823DE8D84DCD70CD755161EACACAAEF03FFFFFFFFFFFC6FFF00001C15631043237640A67360
0D052A23DE1184DD440CD6F7161E69AC9AEF03FFFFFFFFFFFC6FFF00001C15631143237640A66378
0D04FD23DDDD84DD9C0CD6CC161E4BAC9AEF03FFFFFFFFFFFC8FFF00001515631143237640A66390
0D04D823DDAF84DDEE0CD6AA161E34AC9AEF03FFFFFFFFFFFC8FFF00001C15631143237640A663A8
0D04B023DD7784DE360CD682161E19AC9AEF03FFFFFFFFFFFC8FFF00001D15631243237640A663C0
0D046823DD2184DE9C0CD638161DE6AC9AEE040FFFFFFFFFFC8FFF00001615631243237640A663D8
0D043523DCE384DF110CD603161DC6AC8AEE044FFFFFFFFFFC7FFF00001C15631243237640A663F0
0D041C23DCC684DF830CD5EC161DBAAC7AED044FFFFFFFFFFC8FFF00001615631243237640A65308
0D03EF23DC9184DFED0CD5C0161D9CAC7AED044FFFFFFFFFFC8FFF00001C15631243237640A65320
0D036923DBDC84E0460CD53E161D3BAC7AEC044FFFFFFFFFFC8FFF00001615631343237640A65338
0D02F723DB4984E0AA0CD4CB161CEBAC7AEC045FFFFFFFFFFC8FFF00001D15631343237740A65350
0D02CE23DB1E84E1370CD4A2161CD2AC7AEB045FFFFFFFFFFC7FFF00001115631343237740A64368
0D02AB23DAF884E1CF0CD480161CC0AC7AEB044FFFFFFFFFFC7FFF00001B15631343237740A65380
0D02A223DAEB84E21E0CD478161CBAAC6AEB044FFFFFFFFFFC7FFF00001D15631343237740A64398
0D02AF23DB0384E2230CD4C4161CF4AC5AEB044FFFFFFFFFFC8FFF00001D15631443237740A643B0
0D02C923DB2A84E24B0CD494161CD1AC4AEA044FFFFFFFFFFC8FFF00001615631443237740A643C8
0D029123DAED84E2CF0CD468161CBAAC3AE9044FFFFFFFFFFC8FFF00001D15631443237740A643E0
0D028123DAED84E3950CD459161CBAAC3AE9045FFFFFFFFFFC8FFF00001815631443237740A643F8
0D027223DAEB84E44B0CD447161CB6AC3AE9044FFFFFFFFFFC8FFF00001615631543237740A64310
0D026823DAE084E4A00CD445161CB3AC3AE9045FFFFFFFFFFC8FFF00001E15631543237740A64328
0D027023DAF084E4B80CD441161CB1AC3AE8045FFFFFFFFFFC8FFF00001E15631543237740A63340
0D025B23DAD484E4EF0CD427161CA4AC3AE8045FFFFFFFFFFC7FFF00001615631543237740A64358
0D021823DA8584E54A0CD3EE161C80AC3AE8045FFFFFFFFFFC7FFF00001615631643237740A63370
0D020F23DA8684E5C90CD3E7161C82AC3AE8045FFFFFFFFFFC7FFF00001E15631643237740A63388
0D01F623DA7184E6650CD3CE161C78AC3AE8045FFFFFFFFFFC7FFF00001615631643237740A643A0
0D01DC23DA5784E6F40CD3B4161C6BAC3AE8045FFFFFFFFFFC7FFF00001D15631643237740A623B8
0D01C723DA4684E7520CD3A2161C5FAC3AE8045FFFFFFFFFFC7FFF00001015631643237740A633D0
0D01BB23DA3E84E7950CD398161C5BAC3AE8045FFFFFFFFFFC8FFF00001D15631743237840A623E8
0D01A423DA2184E7E00CD37E161C4EAC3AE8045FFFFFFFFFFC8FFF00001715631743237840A63300
0D018A23DA0C84E8410CD364161C40AC2AE7045FFFFFFFFFFC7FFF00001D15631743237840A62318
0D016C23D9EA84E8B20CD344161C2DAC3AE7045FFFFFFFFFFC8FFF00001C15631743237840A62330
0D014223D9BB84E92D0CD31A161C14AC3AE7045FFFFFFFFFFC8FFF00001E15631843237840A62348
0D011723D98B84E9A80CD2F0161BFBAC3AE7045FFFFFFFFFFC8FFF00001715631843237840A62360
0D011023D98A84EA1D0CD2EB161BFCAC3AE7045FFFFFFFFFFC8FFF00001E15631843237840A61378
0D010D23D99784EA8D0CD2E8161C00AC3AE6045FFFFFFFFFFC7FFF00001A15631843237840A61390
0D010E23D9A184EAEA0CD2EA161C05AC2AE6045FFFFFFFFFFC7FFF00001A15631843237840A613A8
0D010D23D9A584EB2B0CD2EB161C08AC2AE6045FFFFFFFFFFC8FFF00001715631943237840A613C0
0D010823D9A884EB6C0CD2E4161C07AC2AE6045FFFFFFFFFFC8FFF00001715631943237840A613D8
0D010223D9AA84EBD80CD2DC161C0AAC2AE6045FFFFFFFFFFC8FFF00001E15631943237840A613F0
0D00ED23D99E84EC770CD2C5161C02AC1AE6045FFFFFFFFFFC7FFF00001F15631943237840A60308
0D00A823D94C84ED180CD284161BDAAC1AE6045FFFFFFFFFFC7FFF00001F15631A43237840A61320
0D007723D90E84ED7A0CD256161BB8AC1AE6045FFFFFFFFFFC8FFF00001F15631A43237840A61338
0D006723D8FA84EDAA0CD249161BAFAC0AE7045FFFFFFFFFFC8FFF00001F15631A43237840A60350
0D005923D8F084EDDF0CD23A161BA8ABFAE6044FFFFFFFFFFC8FFF00001F15631A43237840A60368
0D004023D8D784EE3F0CD21F161B9BAC0AE6045FFFFFFFFFFC7FFF00001715631B43237940A60380
0D001623D8AD84EED40CD1F5161B83AC0AE6044FFFFFFFFFFC7FFF00001B15631B43237940A60398
0CFFDA23D86584EF740CD1B9161B5EAC0AE6044FFFFFFFFFFC8FFF00001B15631B43237840A603B0
0CFFA923D82884EFE30CD18A161B3DAC0AE7044FFFFFFFFFFC8FFF00001F15631B43237840A603C8
0CFF9F23D82384F0220CD183161B39AC0AE6044FFFFFFFFFFC8FFF00001715631B43237940A603E0
0CFF9923D82084F0600CD17C161B39AC1AE6044FFFFFFFFFFC7FFF00001F15631C43237940A5F3F8
0CFF9323D82384F0C10CD172161B3AAC0AE6044FFFFFFFFFFC7FFF00001F15631C43237940A5F310
0CFF8023D81484F1410CD15C161B31AC0AE5043FFFFFFFFFFC8FFF00001815631C43237940A5F328
0CFF5C23D7EC84F1C70CD13B161B1EAC0AE503FFFFFFFFFFFC9FFF00001E15631C43237940A5F340
0CFF1223D79484F23A0CD0F6161AF0AC0AE403FFFFFFFFFFFC8FFF00001F15631D43237940A5F358
0CFF0823D78D84F2950CD0EB161AEAAC1AE503FFFFFFFFFFFC8FFF00001F15631D43237940A5F370
0CFF0423D79084F2F20CD0E4161AEAAC1AE403FFFFFFFFFFFC8FFF00001815631D43237940A5E388
0CFEF423D78A84F35D0CD0D6161AE7AC0AE403FFFFFFFFFFFC8FFF00001F15631D43237940A5E3A0
0CFEEC23D78384F3BC0CD0CE161AE5ABFAE403FFFFFFFFFFFC8FFF00002015631E43237940A5E3B8
0CFEE523D78584F4110CD0C8161AE4ABFAE403FFFFFFFFFFFC8FFF00002015631E43237940A5E3D0
0CFED923D78184F47B0CD0BC161AE2ABEAE303FFFFFFFFFFFC8FFF00001B15631E43237940A5D3E8
0CFEC423D77484F4F90CD0A6161AD9ABEAE303FFFFFFFFFFFC7FFF00001C15631E43237940A5E300
0CFE9B23D74284F5770CD080161AC3ABFAE303FFFFFFFFFFFC7FFF00000C15631E43237940A5E318
0CFE7023D71284F5DA0CD059161AA8ABFAE403FFFFFFFFFFFC8FFF00001F15631F43237940A5D330
0CFE4123D6D884F6350CD028161A8AABFAE403FFFFFFFFFFFC7FFF00002015631F43237940A5D348
0CFE3323D6CD84F6980CD01B161A83ABEAE303FFFFFFFFFFFC7FFF00002015631F43237940A5D360
0CFE2923D6CB84F6F90CD010161A81ABEAE303FFFFFFFFFFFC7FFF00002015631F43237940A5D378
0CFE1123D6B384F7690CCFF8161A76ABEAE3040FFFFFFFFFFC8FFF00001815631F43237940A5D390
0CFDF023D69084F7D50CCFD7161A62ABDAE3040FFFFFFFFFFC8FFF00001A15632043237940A5C3A8
0CFDDC23D67B84F8330CCFC3161A57ABDAE3040FFFFFFFFFFC8FFF00001E15632043237940A5C3C0
0CFDCD23D67484F8970CCFB5161A52ABCAE203FFFFFFFFFFFC8FFF00002015632043237A40A5C3D8
0CFDAF23D64F84F9020CCF95161A3FABCAE203FFFFFFFFFFFC7FFF00001915632043237A40A5D3F0
0CFD8423D62484F97C0CCF6A161A27ABCAE203FFFFFFFFFFFC7FFF00001915632143237A40A5C308
0CFD7723D61C84FA010CCF5E161A24ABCAE203FFFFFFFFFFFC7FFF00002015632143237A40A5C320
0CFD7023D61D84FA660CCF5B161A25ABCAE203FFFFFFFFFFFC8FFF00002115632143237A40A5C338
0CFD6E23D61E84FA960CCF59161A25ABDAE203FFFFFFFFFFFC8FFF00001D15632143237A40A5C350
0CFD6A23D62484FACF0CCF55161A26ABCAE203FFFFFFFFFFFC8FFF00001C15632243237A40A5C368
0CFD6923D62E84FB450CCF4E161A2BABCAE203FFFFFFFFFFFC8FFF00002115632243237A40A5B380
0CFD5323D62184FBE90CCF3A161A24ABBAE103FFFFFFFFFFFC8FFF00001E15632243237A40A5B398
0CFD1C23D5E284FC870CCF05161A05ABCAE103FFFFFFFFFFFC6FFF00001C15632243237A40A5B3B0
0CFD0323D5C684FCE90CCEED1619F6ABCAE103FFFFFFFFFFFC7FFF00002115632243237A40A5B3C8
0CFD0123D5C884FD150CCEEE1619F6ABCAE103FFFFFFFFFFFC7FFF00002115632343237A40A5B3E0
0CFCFE23D5CE84FD4D0CCEEA1619F7ABBAE103FFFFFFFFFFFC8FFF00001915632343237A40A5B3F8
0CFCF023D5C584FDC20CCED91619F6ABBAE103FFFFFFFFFFFC7FFF00002115632343237A40A5A310
0CFCDA23D5B584FE4B0CCEC31619EBABBAE103FFFFFFFFFFFC7FFF00002115632343237A40A5A328
0CFCCA23D5A984FEC20CCEB21619E5ABBAE103FFFFFFFFFFFC8FFF00001A15632343237A40A5A340
0CFCC423D5AF84FF2D0CCEAF1619E7ABBAE1041FFFFFFFFFFC7FFF00001915632443237A40A5A358
0CFCBF23D5B184FF970CCEA51619E7ABCAE1040FFFFFFFFFFC7FFF00002015632443237A40A5A370
0CFCA523D59A8500020CCE8F1619DAABCAE103FFFFFFFFFFFC7FFF00002115632443237A40A5A388
0CFC9223D5888500670CCE7E1619D2ABCAE103FFFFFFFFFFFC7FFF00002115632443237A40A593A0
0CFC4623D5278500BB0CCE3316199FABBAE103FFFFFFFFFFFC7FFF00002115632543237A40A593B8
0CFC2A23D50485010E0CCE1616198DABAAE003FFFFFFFFFFFC9FFF00001E15632543237B40A593D0
0CFBFB23D4CA8501730CCDE6161971AB9AE003FFFFFFFFFFFC7FFF00001D15632543237B40A593E8
0CFBDC23D4AE8501EA0CCDC8161960AB9AE003FFFFFFFFFFFC7FFF00001C15632543237B40A59300
0CFBBD23D49085026D0CCDAA161950AB9AE003FFFFFFFFFFFC8FFF00001E15632543237B40A58318
0CFBAC23D4838502EE0CCD9A16194CABAAE003FFFFFFFFFFFC8FFF00001C15632643237B40A58330
0CFB9D23D4788503560CCD8C161943AB9AE003FFFFFFFFFFFC8FFF00001A15632643237B40A58348
0CFB7E23D45285039B0CCD73161930AB9AE003FFFFFFFFFFFC8FFF00002215632643237B40A58360
0CFB6823D43D8503D30CCD5A161921AB9ADF03FFFFFFFFFFFC7FFF00001B15632643237B40A58378
0CFB5823D42F85042A0CCD4716191CAB9ADF03FFFFFFFFFFFC6FFF00002015632743237B40A58390
0CFB4023D41D8504B50CCD2E161910AB9ADF03FFFFFFFFFFFC7FFF00001615632743237B40A583A8
0CFB2723D40685054C0CCD15161906AB9AE003FFFFFFFFFFFC7FFF00002115632743237B40A583C0
0CFB0D23D3EF8505C10CCCFC1618F7ABAADF03FFFFFFFFFFFC8FFF00002215632743237B40A583D8
0CFB0323D3ED8506140CCCF71618F6ABAADF03FFFFFFFFFFFC9FFF00002215632743237B40A583F0
0CFB0523D3F58506630CCCF51618FAABAADF03FFFFFFFFFFFC8FFF00001A15632843237B40A58308
0CFB0723D4008506C80CCCF7161903AB9ADF041FFFFFFFFFFC8FFF00002115632843237B40A57320
0CFB0823D40E85073A0CCCF8161909AB9ADF040FFFFFFFFFFC6FFF00002015632843237B40A57338
0CFB0623D4178507940CCCF816190BAB9ADF03FFFFFFFFFFFC9FFF00001C15632843237B40A56350
0CFB0723D41C8507C50CCCFB161912AB9ADE03FFFFFFFFFFFC8FFF00001B15632943237B40A56368
0CFB0D23D4348508280CCCFC16191DAB8ADF03FFFFFFFFFFFC8FFF00001A15632943237B40A56380
0CFB1423D4538508D00CCD0416192BAB8ADF03FFFFFFFFFFFC7FFF00001A15632943237B40A56398
0CFB1023D45C8509750CCCFF161932AB8ADF03FFFFFFFFFFFC7FFF00002215632943237B40A563B0
0CFB0F23D45C8509C30CCD01161933AB9ADF03FFFFFFFFFFFC8FFF00001B15632943237B40A563C8
0CFB0F23D4628509D90CCD02161935ABAADF03FFFFFFFFFFFC8FFF00002215632A43237C40A553E0
0CFB0D23D46A850A1A0CCCFD161938ABAADF03FFFFFFFFFFFC8FFF00002315632A43237C40A563F8
0CFB0E23D478850A8C0CCCFE161941ABAADF03FFFFFFFFFFFC8FFF00002215632A43237C40A55310
0CFB0923D47B850B170CCCF6161944ABAADE03FFFFFFFFFFFC8FFF00001B15632A43237C40A55328
0CFADA23D449850B9A0CCCCD16192BABAADE03FFFFFFFFFFFC6FFF00002315632B43237C40A55340
0CFAC523D438850C060CCCB6161920AB9ADE03FFFFFFFFFFFC7FFF00002315632B43237C40A55358
0CFAA823D419850C680CCC9516190BAB9ADF03FFFFFFFFFFFC7FFF00001B15632B43237C40A54370
0CFA7C23D3E6850CC90CCC6F1618F4ABAADE03FFFFFFFFFFFC7FFF00002315632B43237C40A55388
0CFA4D23D3AB850D1C0CCC431618D5ABAADE03FFFFFFFFFFFC8FFF00002315632C43237C40A543A0
0CFA2F23D389850D610CCC281618C1ABAADE03FFFFFFFFFFFC8FFF00002215632C43237C40A543B8
0CFA0523D359850DBA0CCBF91618A6AB9ADE03FFFFFFFFFFFC8FFF00001B15632C43237C40A543D0
0CF9E923D33C850E2E0CCBDC161896AB9ADE03FFFFFFFFFFFC8FFF00002315632C43237C40A543E8
0CF9DA23D331850EBA0CCBCE161896AB8ADE03FFFFFFFFFFFC8FFF00002315632C43237C40A54300
0CF9BA23D313850F3D0CCBAF161885AB8ADE03FFFFFFFFFFFC8FFF00001B15632D43237C40A54318
0CF98F23D2DD850F950CCB7916185FAB8ADE03FFFFFFFFFFFC8FFF00002215632D43237C40A54330
0CF96323D2A8850FE00CCB58161847AB8ADE03FFFFFFFFFFFC7FFF00001C15632D43237C40A53348
0CF95323D29D8510310CCB4B161844AB8ADD03FFFFFFFFFFFC7FFF00002215632E43237C40A53360
0CF95A23D2AF85107C0CCB5316184DAB7ADD03FFFFFFFFFFFC7FFF00002315632E43237D40A53378
0CF95A23D2B98510EA0CCB54161855AB7ADC03FFFFFFFFFFFC7FFF00002315632E43237C40A53390
0CF94423D2AB8511830CCB3A16184DAB6ADC03FFFFFFFFFFFC7FFF00001815632E43237C40A523A8
0CF93323D29E85120C0CCB28161844AB6ADC03FFFFFFFFFFFC7FFF00002115632E43237C40A523C0
0CF92E23D2A185124D0CCB2C161847AB6ADC03FFFFFFFFFFFC8FFF00002315632F43237D40A523D8
0CF92023D2928512820CCB1B16183FAB7ADC040FFFFFFFFFFC8FFF00002215632F43237D40A523F0
0CF91023D2868512EC0CCB07161837AB6ADC03FFFFFFFFFFFC7FFF00001A15632F43237D40A52308
0CF91323D29885136C0CCB0416183EAB5ADC03FFFFFFFFFFFC6FFF00001E15632F43237D40A52320
0CF90223D28D8513DB0CCAF6161837AB4ADC03FFFFFFFFFFFC7FFF00002415632F43237D40A52338
0CF8EE23D27C8514350CCAE8161832AB4ADC03FFFFFFFFFFFC9FFF00002415633043237D40A52350
0CF8E823D27A8514900CCAD2161823AB5ADC03FFFFFFFFFFFC8FFF00001C15633043237D40A52368
0CF8D623D26F8514F90CCAD116182BAB5ADC03FFFFFFFFFFFC8FFF00002315633043237D40A52380
0CF8BD23D2598515730CCAB416181EAB6ADB03FFFFFFFFFFFC8FFF00001C15633043237D40A52398
0CF8A123D2398515DB0CCAA7161818AB6ADC03FFFFFFFFFFFC6FFF00002415633143237D40A513B0
0CF88E23D22D85162F0CCA8C161807AB7ADC03FFFFFFFFFFFC7FFF00001D15633143237D40A513C8
0CF89223D23985168B0CCA8C16180DAB7ADB03FFFFFFFFFFFC8FFF00001B15633143237D40A503E0
0CF88523D2308516EC0CCA8216180BAB6ADB03FFFFFFFFFFFC7FFF00002315633143237D40A503F8
0CF88423D23D8517480CCA7D16180DAB6ADB03FFFFFFFFFFFC7FFF00001D15633243237D40A50310
0CF87E23D23D8517B50CCA7816180FAB5ADB03FFFFFFFFFFFC7FFF00002215633243237D40A50328
0CF86C23D22E8518360CCA6516180BAB4ADB03FFFFFFFFFFFC7FFF00002415633243237D40A50340
0CF85A23D2278518AE0CCA54161802AB4ADB03FFFFFFFFFFFC7FFF00001C15633243237D40A50358
0CF85023D2208519150CCA4C161802AB4ADB03FFFFFFFFFFFC8FFF00002415633243237D40A50370
0CF84A23D2228519650CCA48161802AB4ADA03FFFFFFFFFFFC7FFF00002415633343237E40A50388
0CF84A23D2268519950CCA47161803AB4ADA03FFFFFFFFFFFC8FFF00002415633343237E40A503A0
0CF84D23D2328519E10CCA4816180AAB5ADA03FFFFFFFFFFFC8FFF00001C15633343237E40A503B8
0CF84723D23B851A690CCA3E16180CAB4ADA041FFFFFFFFFFC8FFF00002415633343237E40A503D0
0CF84123D244851B0E0CCA3A161813AB5ADA03FFFFFFFFFFFC8FFF00001C15633343237E40A503E8
0CF82F23D233851B890CCA2A16180DAB5ADA03FFFFFFFFFFFC8FFF00002515633443237E40A4E300
0CF82423D233851BC60CCA25161809AB5ADA03FFFFFFFFFFFC8FFF00002515633443237E40A4E318
0CF81F23D230851BFB0CCA1E161808AB5ADB03FFFFFFFFFFFC8FFF00001915633443237E40A4E330
0CF81E23D238851C560CCA1A16180BAB5ADA03FFFFFFFFFFFC9FFF00002115633443237E40A4E348
0CF81F23D244851CCE0CCA19161813AB5ADA03FFFFFFFFFFFC9FFF00002515633543237E40A4E360
0CF81B23D24F851D560CCA16161819AB6ADA03FFFFFFFFFFFC8FFF00002515633543237E40A4E378
0CF81323D24C851DC60CCA0F161819AB6ADA03FFFFFFFFFFFC7FFF00002515633543237E40A4E390
0CF80223D241851E1D0CCA01161812AB6ADA03FFFFFFFFFFFC8FFF00002515633543237E40A4E3A8
0CF7ED23D231851E790CC9ED161808AB5ADA03FFFFFFFFFFFC7FFF00002515633643237E40A4E3C0
0CF7E023D224851ED50CC9DE161804AB5AD903FFFFFFFFFFFC7FFF00002015633643237E40A4E3D8
0CF7DE23D22D851F2F0CC9DA161806AB4ADA03FFFFFFFFFFFC8FFF00002215633643237E40A4D3F0
0CF7DC23D236851F9B0CC9D6161809AB4ADA03FFFFFFFFFFFC8FFF00001D15633643237E40A4D308
0CF7D923D23D8520160CC9D216180EAB4ADA03FFFFFFFFFFFC8FFF00002415633643237E40A4D320
0CF7D323D24285208A0CC9D0161810AB5ADA03FFFFFFFFFFFC8FFF00002515633743237E40A4D338
0CF7CC23D2418520E10CC9CA161811AB5ADA03FFFFFFFFFFFC8FFF00002515633743237E40A4C350
0CF78023D1DF8521360CC9801617DFAB5ADA03FFFFFFFFFFFC7FFF00002615633743237F40A4C368
0CF74023D18E85218F0CC9401617B4AB4ADA03FFFFFFFFFFFC7FFF00002615633743237F40A4C380
0CF73723D18F8522020CC9321617B1AB3ADA03FFFFFFFFFFFC8FFF00002615633843237F40A4C398
0CF73023D19685228C0CC92D1617B5AB2ADB040FFFFFFFFFFC7FFF00002615633843237F40A4C3B0
0CF71F23D1868522F70CC91F1617AEAB1ADA03FFFFFFFFFFFC6FFF00001D15633843237F40A4C3C8
0CF70F23D17885233F0CC90F1617A4AB1ADA03FFFFFFFFFFFC8FFF00002615633843237F40A4C3E0
0CF70623D1758523940CC9071617A5AB1ADA03FFFFFFFFFFFC8FFF00001E15633943237F40A4C3F8
0CF6F823D1698523F60CC8F81617A0AB1ADA03FFFFFFFFFFFC8FFF00002515633943237F40A4B310
0CF6E023D1588524710CC8DF161794AB1ADA03FFFFFFFFFFFC8FFF00002615633943237F40A4B328
0CF6D823D1578524FD0CC8D9161797AB1ADA03FFFFFFFFFFFC8FFF00001A15633943237F40A4B340
0CF6CD23D15685256B0CC8CC161791AB2ADA03FFFFFFFFFFFC8FFF00002515633943237F40A4B358
0CF6C923D1578525AC0CC8CC161792AB2AD903FFFFFFFFFFFC8FFF00001E15633A43237F40A4A370
0CF6C523D1578525E90CC8C8161794AB2AD903FFFFFFFFFFFC7FFF00002615633A43237F40A4A388
0CF6C523D16385264B0CC8C416179BAB2AD903FFFFFFFFFFFC7FFF00001E15633A43237F40A4A3A0
0CF6C023D1698526DB0CC8BF16179EAB2AD803FFFFFFFFFFFC8FFF00002615633A43237F40A4A3B8
0CF6AC23D15D85276C0CC8AB161798AB2AD9041FFFFFFFFFFC8FFF00001E15633B43237F40A4A3D0
0CF6A323D15A8527C50CC8A4161795AB3AD903FFFFFFFFFFFC7FFF00002615633B43237F40A4A3E8
0CF6A123D15B8528070CC8A6161799AB3AD903FFFFFFFFFFFC7FFF00002015633B43237F40A4A300
0CF69A23D1618528590CC89C161797AB3ADA03FFFFFFFFFFFC8FFF00001915633B43237F40A4A318
0CF69823D1668528C10CC89716179BAB3AD903FFFFFFFFFFFC8FFF00002115633B43237F40A4A330
0CF69C23D17F85294B0CC89A1617A6AB3AD903FFFFFFFFFFFC8FFF00002715633C43237F40A49348
0CF69823D1818529DA0CC8981617ACAB3AD903FFFFFFFFFFFC8FFF00002715633C43237F40A49360
0CF69423D187852A2F0CC8961617ACAB3AD903FFFFFFFFFFFC8FFF00002715633C43237F40A49378
0CF69023D187852A520CC8971617AEAB2AD903FFFFFFFFFFFC8FFF00002715633C43238040A48390
0CF69423D197852A9B0CC8931617B2AB2AD903FFFFFFFFFFFC8FFF00002715633D43238040A483A8
0CF69123D19F852B240CC8901617BAAB2AD903FFFFFFFFFFFC7FFF00001E15633D43238040A483C0
0CF68E23D1AC852BC80CC88D1617C2AB2AD903FFFFFFFFFFFC7FFF00001F15633D43238040A483D8
0CF68523D1AA852C410CC8841617C0AB3AD903FFFFFFFFFFFC8FFF00002615633D43238040A483F0
0CF68623D1B7852C830CC8891617C6AB3AD903FFFFFFFFFFFC7FFF00002715633E43238040A48308
0CF68523D1BD852CB90CC8881617C8AB3AD903FFFFFFFFFFFC8FFF00002715633E43238040A48320
0CF68323D1BF852D070CC8861617CDAB3AD903FFFFFFFFFFFC8FFF00002715633E43238040A48338
0CF67E23D1CA852D8D0CC87D1617CFAB4AD903FFFFFFFFFFFC8FFF00002115633E43238040A47350
0CF68223D1DC852E2D0CC8801617DCAB4AD903FFFFFFFFFFFC7FFF00002515633E43238040A48368
0CF67D23D1E5852EA70CC87C1617DBAB4AD903FFFFFFFFFFFC7FFF00002415633F43238040A47380
0CF67923D1E7852EE80CC87C1617DFAB3AD903FFFFFFFFFFFC7FFF00002315633F43238040A47398
0CF67323D1E6852F240CC8771617DEAB3ADA03FFFFFFFFFFFC7FFF00002815633F43238040A463B0
0CF66C23D1E5852F8D0CC86C1617E0AB4AD903FFFFFFFFFFFC8FFF00002815633F43238040A463C8
0CF64E23D1C88530020CC8501617D1AB4AD903FFFFFFFFFFFC8FFF00002815634043238040A463E0
0CF64723D1CD85306A0CC84B1617D3AB4ADA03FFFFFFFFFFFC8FFF00001E15634043238040A463F8
0CF63B23D1C88530DE0CC83D1617D1AB4ADA03FFFFFFFFFFFC8FFF00002715634043238040A46310
0CF63823D1CE8531610CC8381617D2AB4ADA03FFFFFFFFFFFC8FFF00002015634043238040A46328
0CF62523D1C28531D50CC8281617CCAB5ADA041FFFFFFFFFFC7FFF00002815634143238040A46340
0CF62723D1C785320F0CC82C1617CEAB5ADA03FFFFFFFFFFFC8FFF00002815634143238040A46358
0CF62923D1CF85322C0CC82D1617D1AB5ADA03FFFFFFFFFFFC7FFF00002015634143238140A45370
0CF62D23D1E385328C0CC82D1617DDAB5ADA03FFFFFFFFFFFC7FFF00002715634143238140A46388
0CF63023D1FD8533320CC8321617E9AB5ADA03FFFFFFFFFFFC7FFF00002815634143238140A463A0
0CF63123D20A8533DC0CC8311617F2AB5ADA03FFFFFFFFFFFC7FFF00002815634243238140A453B8
0CF63023D2188534500CC8331617F9AB6ADA03FFFFFFFFFFFC8FFF00002015634243238140A443D0
0CF63223D21E8534810CC8371617FAAB7ADA03FFFFFFFFFFFC8FFF00002015634243238140A443E8
0CF63223D22385349F0CC8351617FDAB6ADA03FFFFFFFFFFFC8FFF00001915634343238140A44300
0CF62F23D2288534EE0CC831161802AB6ADA03FFFFFFFFFFFC7FFF00002715634343238140A44318
0CF62F23D23B8535720CC83116180AAB6ADA03FFFFFFFFFFFC7FFF00002915634343238140A44330
0CF62A23D24885361B0CC82C161810AB5ADB03FFFFFFFFFFFC9FFF00002915634343238140A44348
0CF62123D23F8536B00CC82016180FAB5ADB03FFFFFFFFFFFC8FFF00002915634343238140A44360
0CF61C23D24A8537080CC821161812AB5ADB03FFFFFFFFFFFC7FFF00002115634443238140A44378
0CF62823D25A8537330CC82B16181BAB5ADB03FFFFFFFFFFFC7FFF00002715634443238140A44390
0CF63023D2738537720CC833161828AB5ADB03FFFFFFFFFFFC8FFF00002215634443238140A433A8
0CF62C23D2768537CA0CC83116182CAB5ADB03FFFFFFFFFFFC8FFF00002615634543238140A443C0
0CF62023D26D8538330CC820161828AB5ADB03FFFFFFFFFFFC7FFF00002315634543238140A433D8
0CF62523D2868538BE0CC825161834AB4ADB03FFFFFFFFFFFC7FFF00002915634543238140A433F0
0CF62523D2978539600CC82316183CAB5ADB03FFFFFFFFFFFC7FFF00002215634543238140A42308
0CF61E23D2998539E30CC82016183EAB6ADB03FFFFFFFFFFFC7FFF00002815634543238140A42320
0CF61723D295853A1D0CC81A16183BAB7ADC03FFFFFFFFFFFC7FFF00002A15634643238140A42338
0CF62023D2A3853A290CC81D16183DAB7ADC03FFFFFFFFFFFC7FFF00002A15634643238140A42350
0CF62123D2AE853A5D0CC81E161845AB7ADC03FFFFFFFFFFFC7FFF00001A15634643238240A42368
0CF60C23D29E853AE10CC80C161840AB7ADC03FFFFFFFFFFFC8FFF00002A15634643238240A42380
0CF5CF23D25D853B8A0CC7D316181EAB6ADC03FFFFFFFFFFFC7FFF00002A15634743238140A42398
0CF5B723D24B853C290CC7B9161813AB5ADC03FFFFFFFFFFFC7FFF00002215634743238140A423B0
0CF5B323D24F853C9C0CC7B6161815AB5ADD03FFFFFFFFFFFC8FFF00002915634743238140A423C8
0CF5B423D255853CD60CC7BA161819AB6ADD03FFFFFFFFFFFC9FFF00002A15634743238240A413E0
0CF5B323D259853D010CC7BA16181CAB7ADD03FFFFFFFFFFFC9FFF00002115634843238240A403F8
0CF5B423D269853D520CC7B7161822AB6ADD03FFFFFFFFFFFC8FFF00002A15634843238240A40310
0CF5B823D278853DC50CC7B816182BAB5ADC03FFFFFFFFFFFC8FFF00002A15634843238240A40328
0CF5B323D280853E540CC7B4161830AB5ADD03FFFFFFFFFFFC8FFF00002215634843238240A40340
0CF59E23D26A853ED50CC7A0161827AB6ADC03FFFFFFFFFFFC8FFF00002115634843238240A40358
0CF59723D272853F2E0CC79C161828AB6ADC03FFFFFFFFFFFC8FFF00002A15634943238240A40370
0CF59623D27D853F8C0CC79B16182DAB6ADC03FFFFFFFFFFFC9FFF00002A15634943238240A40388
0CF59323D281853FF90CC797161831AB6ADC03FFFFFFFFFFFC9FFF00002B15634943238240A403A0
0CF59123D2878540520CC795161833AB7ADC03FFFFFFFFFFFC8FFF00002215634943238240A403B8
0CF58C23D2888540990CC794161836AB6ADC03FFFFFFFFFFFC6FFF00002A15634A43238240A403D0
0CF58B23D2918540F10CC78E161839AB6ADC03FFFFFFFFFFFC7FFF00002215634A43238240A3F3E8
0CF58B23D2A185416D0CC78F161841AB6ADD03FFFFFFFFFFFC8FFF00002315634A43238240A3F300
0CF58323D2A18542090CC784161844AB6ADD03FFFFFFFFFFFC8FFF00002315634A43238240A3E318
0CF57723D2A18542870CC77B161841AB6ADD03FFFFFFFFFFFC7FFF00002215634A43238240A3E330
0CF57823D2A38542B30CC780161842AB6ADD03FFFFFFFFFFFC7FFF00002915634B43238240A3E348
0CF57B23D2AE8542D60CC77C161844AB6ADD03FFFFFFFFFFFC7FFF00002B15634B43238240A3E360
0CF57523D2B08543440CC77716184AAB6ADD03FFFFFFFFFFFC7FFF00002B15634B43238240A3E378
0CF57223D2BD8543DB0CC775161851AB7ADC03FFFFFFFFFFFC7FFF00002515634C43238240A3E390
0CF56D23D2C78544630CC771161855AB7ADD03FFFFFFFFFFFC7FFF00002015634C43238240A3E3A8
0CF56723D2C98544CD0CC76B161856AB7ADD03FFFFFFFFFFFC8FFF00002B15634C43238240A3E3C0
0CF56023D2C88545160CC767161857AB7ADD040FFFFFFFFFFC6FFF00002B15634C43238240A3E3D8
0CF55323D2BD85455D0CC759161851AB7ADD040FFFFFFFFFFC6FFF00002B15634C43238240A3D3F0
0CF53F23D2AA8545C40CC743161848AB6ADD03FFFFFFFFFFFC7FFF00002B15634D43238240A3D308
0CF53523D2AB8546390CC73A161847AB7ADD03FFFFFFFFFFFC7FFF00002B15634D43238240A3D320
0CF53323D2B285469F0CC73916184BAB7ADC03FFFFFFFFFFFC7FFF00002615634D43238240A3C338
0CF53223D2BD8547040CC737161850AB7ADD03FFFFFFFFFFFC8FFF00002715634D43238240A3C350
0CF52F23D2C68547720CC733161854AB7ADD03FFFFFFFFFFFC7FFF00002B15634E43238240A3C368
0CF52A23D2C98547DA0CC730161857AB8ADD03FFFFFFFFFFFC6FFF00002315634E43238340A3C380
0CF52523D2CD8548490CC72A161859AB8ADD03FFFFFFFFFFFC7FFF00002B15634E43238340A3C398
0CF52423D2D68548B00CC72A16185EAB8ADD03FFFFFFFFFFFC7FFF00002B15634E43238340A3C3B0
0CF52523D2E185490A0CC72B161863AB8ADD03FFFFFFFFFFFC8FFF00002B15634F43238340A3C3C8
0CF52123D2E785495D0CC727161865AB8ADD03FFFFFFFFFFFC8FFF00002C15634F43238340A3C3E0
0CF51F23D2EA8549AF0CC724161868AB7ADD03FFFFFFFFFFFC9FFF00002C15634F43238340A3C3F8
0CF52123D2FB854A1F0CC724161870AB7ADD03FFFFFFFFFFFC8FFF00002C15634F43238340A3C310
0CF51F23D305854AAD0CC721161878AB7ADD03FFFFFFFFFFFC8FFF00002415634F43238340A3C328
0CF51923D30D854B350CC71D16187AAB8ADD03FFFFFFFFFFFC8FFF00002A15635043238340A3B340
0CF51123D30C854B930CC71816187CAB8ADD03FFFFFFFFFFFC8FFF00002C15635043238340A3A358
0CF50C23D30F854BD20CC71716187BAB8ADE03FFFFFFFFFFFC8FFF00002315635043238340A3A370
0CF50D23D315854C0A0CC71616187EAB7ADD03FFFFFFFFFFFC8FFF00002C15635143238340A3A388
0CF50D23D31E854C5D0CC712161883AB7ADD03FFFFFFFFFFFC7FFF00001E15635143238340A3A3A0
0CF51023D32F854CDD0CC71416188EAB6ADD03FFFFFFFFFFFC7FFF00002A15635143238340A3A3B8
0CF50B23D33D854D750CC70F161892AB7ADD03FFFFFFFFFFFC8FFF00002315635143238340A3A3D0
0CF4FE23D335854E070CC702161892AB8ADE03FFFFFFFFFFFC9FFF00002B15635143238340A3A3E8
0CF4E923D324854E7F0CC6EF161887AB8ADE03FFFFFFFFFFFC8FFF00002315635243238340A3A300
0CF4E623D320854EA60CC6F916188EAB8ADE040FFFFFFFFFFC7FFF00002315635243238340A39318
0CF4EC23D32C854EA00CC70A16189AAB8ADE040FFFFFFFFFFC6FFF00002B15635243238340A39330
0CF4ED23D33B854EFB0CC6F4161893AB9ADE040FFFFFFFFFFC6FFF00002C15635243238440A39348
0CF4E523D345854FB00CC6EB161897AB9ADE03FFFFFFFFFFFC6FFF00002315635343238340A38360
0CF4C423D3238550610CC6CB16188AAB8ADE03FFFFFFFFFFFC7FFF00002C15635343238340A39378
0CF4B623D31C8550CF0CC6BF161886AB8ADE03FFFFFFFFFFFC7FFF00002C15635343238340A39390
0CF4AC23D3148551040CC6BA161882AB8ADE03FFFFFFFFFFFC7FFF00002515635343238340A383A8
0CF4A923D3168551320CC6B316187FAB8ADE03FFFFFFFFFFFC8FFF00002A15635443238440A383C0
0CF4A723D32085518E0CC6AE161884AB8ADE03FFFFFFFFFFFC8FFF00002C15635443238440A383D8
0CF4A423D32A8552190CC6AA16188AAB8ADE03FFFFFFFFFFFC7FFF00002C15635443238440A383F0
0CF49923D3278552A50CC69F161889AB8ADE03FFFFFFFFFFFC7FFF00002815635443238440A38308
0CF48D23D31F85530B0CC694161885AB8ADE03FFFFFFFFFFFC7FFF00002815635443238440A38320
0CF48A23D3268553560CC691161888AB8ADE03FFFFFFFFFFFC9FFF00002C15635543238440A38338
0CF48923D32F8553AF0CC69016188CAB9ADE03FFFFFFFFFFFC8FFF00002C15635543238440A37350
0CF48823D33985540E0CC68D16188FAB9ADE03FFFFFFFFFFFC6FFF00002515635543238440A37368
0CF48523D33E8554850CC689161894AB9ADE03FFFFFFFFFFFC6FFF00002C15635543238440A36380
0CF47F23D3448555090CC686161899AB8ADE03FFFFFFFFFFFC6FFF00002415635643238440A36398
0CF47823D34885555C0CC684161898AB8ADF03FFFFFFFFFFFC6FFF00002D15635643238440A363B0
0CF47823D34B8555930CC68216189CAB9ADE03FFFFFFFFFFFC7FFF00002D15635643238440A363C8
0CF47823D3598555FD0CC6801618A2AB9ADE03FFFFFFFFFFFC8FFF00002D15635643238440A363E0
0CF46A23D34F85568B0CC66E16189EAB8ADE03FFFFFFFFFFFC8FFF00002515635743238440A363F8
0CF44D23D3388557090CC655161890AB9ADE03FFFFFFFFFFFC8FFF00002415635743238440A36310
0CF44623D33785576D0CC64E161890AB9ADF03FFFFFFFFFFFC7FFF00002D15635743238440A36328
0CF43E23D3368557C80CC649161891AB9ADF03FFFFFFFFFFFC8FFF00002D15635743238440A36340
0CF43C23D33C8558090CC648161892ABAADF03FFFFFFFFFFFC7FFF00002415635843238440A35358
0CF43A23D33E85583E0CC647161894ABAADF03FFFFFFFFFFFC8FFF00002C15635843238440A35370
0CF43823D3478558A00CC640161898AB9ADF03FFFFFFFFFFFC8FFF00002D15635843238440A34388
0CF43223D3528559430CC63A16189CAB9ADE03FFFFFFFFFFFC8FFF00002415635843238440A343A0
0CF41B23D3428559FA0CC624161898AB9ADF03FFFFFFFFFFFC7FFF00002C15635843238440A343B8
0CF40623D32D855A610CC61316188CAB9ADE03FFFFFFFFFFFC7FFF00002D15635943238440A343D0
0CF40E23D33B855A6D0CC63016189FAB9ADF03FFFFFFFFFFFC7FFF00002615635943238540A343E8
0CF42323D35D855A8E0CC62316189DAB9ADF03FFFFFFFFFFFC6FFF00002B15635943238540A34300
0CF3E023D30B855AF80CC5E4161877AB9ADE03FFFFFFFFFFFC6FFF00002D15635A43238540A34318
0CF3C523D2F4855B890CC5D016186EAB9ADE03FFFFFFFFFFFC8FFF00002D15635A43238540A34330
0CF39F23D2CF855C290CC5AA16185AAB8ADE03FFFFFFFFFFFC8FFF00002515635A43238540A34348
0CF38B23D2C0855CB90CC596161853AB8ADF03FFFFFFFFFFFC8FFF00002415635A43238540A33360
0CF38723D2C2855D040CC596161852AB9ADF03FFFFFFFFFFFC9FFF00002D15635A43238540A33378
0CF38A23D2C7855D1D0CC597161854AB9ADF03FFFFFFFFFFFC7FFF00002E15635B43238540A32390
0CF38523D2CA855D6C0CC58E161854AB9ADE03FFFFFFFFFFFC7FFF00002E15635B43238540A323A8
0CF37F23D2D1855DE50CC589161859AB8ADE03FFFFFFFFFFFC8FFF00002515635B43238540A323C0
0CF37D23D2D8855E590CC58616185DAB8ADE03FFFFFFFFFFFC8FFF00002E15635B43238540A323D8
0CF37923D2E3855ECD0CC583161862AB8ADE03FFFFFFFFFFFC8FFF00002E15635C43238540A323F0
0CF37323D2E5855F4C0CC57D161864AB8ADE03FFFFFFFFFFFC8FFF00002E15635C43238540A32308
0CF36023D2D7855FBD0CC56C16185DAB9ADE03FFFFFFFFFFFC8FFF00002E15635C43238540A32320
0CF35323D2CD85600E0CC561161858AB9ADE03FFFFFFFFFFFC8FFF00002515635C43238540A32338
0CF34B23D2CC8560640CC558161856AB9ADF03FFFFFFFFFFFC7FFF00002D15635D43238540A32350
0CF34423D2CD8560C60CC550161859ABAADE03FFFFFFFFFFFC7FFF00002E15635D43238540A32368
0CF33D23D2CB85611A0CC54B161857AB9ADE03FFFFFFFFFFFC8FFF00002615635D43238640A31380
0CF33823D2CE8561630CC546161858AB9ADE03FFFFFFFFFFFC7FFF00002C15635D43238540A31398
0CF33923D2D78561CC0CC54516185EAB9ADE03FFFFFFFFFFFC8FFF00002E15635E43238640A303B0
0CF33023D2D98562640CC53B161860AB9ADE03FFFFFFFFFFFC8FFF00002515635E43238640A313C8
0CF31D23D2CD8562FF0CC52916185BAB9ADF03FFFFFFFFFFFC8FFF00002815635E43238640A313E0
0CF30C23D2BD8563620CC51B161854AB8ADE03FFFFFFFFFFFC6FFF00002615635E43238640A303F8
0CF30C23D2CC8563A50CC51C161857AB8ADF03FFFFFFFFFFFC7FFF00002B15635E43238640A30310
0CF30923D2C68563D60CC51B161858AB8ADE03FFFFFFFFFFFC8FFF00002E15635F43238640A30328
0CF30A23D2CD8564010CC518161859AB8ADE03FFFFFFFFFFFC7FFF00002E15635F43238640A30340
0CF30523D2D28564670CC51216185FAB8ADE03FFFFFFFFFFFC7FFF00002E15635F43238640A30358
0CF2F223D2CC8565140CC4FE16185AAB8ADF03FFFFFFFFFFFC8FFF00002E15635F43238640A30370
0CF2D923D2BE8565D60CC4E7161854AB8ADE03FFFFFFFFFFFC8FFF00002E15636043238640A30388
0CF2C523D2A785664B0CC4D5161848AB8ADF03FFFFFFFFFFFC8FFF00002915636043238640A2E3A0
0CF2D923D2C78566590CC4F616185DAB8ADF03FFFFFFFFFFFC7FFF00002915636043238640A303B8
0CF2EB23D2E485666E0CC4E7161858AB8ADF03FFFFFFFFFFFC7FFF00002E15636043238640A2E3D0
0CF2C423D2BA8566CD0CC4BE161841AB8ADE03FFFFFFFFFFFC7FFF00002E15636143238640A2E3E8
0CF29F23D29485675D0CC4AC16183BAB9ADE03FFFFFFFFFFFC7FFF00002E15636143238640A2E300
0CF29023D28D8567F10CC49D161838AB9ADE03FFFFFFFFFFFC7FFF00002515636143238640A2E318
0CF27523D2738568640CC48316182CAB8ADE03FFFFFFFFFFFC7FFF00002E15636143238640A2E330
0CF26923D2708568CB0CC478161827AB7ADF03FFFFFFFFFFFC7FFF00002715636243238640A2E348
0CF26223D2718569320CC47216182AAB8ADF03FFFFFFFFFFFC7FFF00002D15636243238640A2E360
0CF26023D27985698F0CC46F161829AB9ADF03FFFFFFFFFFFC8FFF00002F15636243238740A2D378
0CF26023D27E8569CB0CC47016182EAB8ADF03FFFFFFFFFFFC6FFF00002615636243238740A2E390
0CF25C23D27F856A100CC46D161831AB8ADE03FFFFFFFFFFFC8FFF00002F15636343238740A2D3A8
0CF25623D286856A8D0CC464161834AB8ADE03FFFFFFFFFFFC8FFF00002F15636343238740A2C3C0
0CF24A23D281856B290CC459161834AB9ADE03FFFFFFFFFFFC7FFF00002615636343238740A2D3D8
0CF24423D285856B9A0CC455161835AB8ADE03FFFFFFFFFFFC7FFF00002E15636343238740A2C3F0
0CF24323D28D856BE60CC454161839AB7ADE03FFFFFFFFFFFC8FFF00002715636343238740A2C308
0CF23423D283856C490CC446161835AB8ADE03FFFFFFFFFFFC7FFF00002E15636443238740A2C320
0CF23023D28B856CA50CC441161836AB7ADE03FFFFFFFFFFFC9FFF00002615636443238740A2C338
0CF23023D295856D020CC44116183BAB6ADE03FFFFFFFFFFFC8FFF00002915636443238740A2C350
0CF23023D2A1856D7F0CC43F161843AB7ADE03FFFFFFFFFFFC7FFF00002B15636443238740A2C368
0CF22523D29C856DFC0CC434161840AB6ADE03FFFFFFFFFFFC8FFF00002F15636443238740A2B380
0CF21023D289856E4E0CC424161836AB6ADE03FFFFFFFFFFFC8FFF00002615636543238740A2B398
0CF20E23D28E856E860CC422161837AB6ADE03FFFFFFFFFFFC8FFF00002715636543238740A2B3B0
0CF20B23D294856EE60CC41B16183AAB6ADE03FFFFFFFFFFFC7FFF00002D15636543238740A2B3C8
0CF1F323D27E856F710CC403161831AB7ADE03FFFFFFFFFFFC7FFF00002F15636643238740A2B3E0
0CF1E123D271856FFE0CC3F116182CAB7ADE03FFFFFFFFFFFC6FFF00002615636643238740A2A3F8
0CF1D823D27485706D0CC3EB16182BAB7ADE03FFFFFFFFFFFC7FFF00002F15636643238740A2A310
0CF1D623D27A8570C20CC3EA16182DAB6ADE03FFFFFFFFFFFC8FFF00002F15636643238840A2A328
0CF1D423D27F8571020CC3EA16182FAB6ADE03FFFFFFFFFFFC8FFF00002F15636643238840A2A340
0CF1D123D28085713F0CC3E6161832AB6ADE03FFFFFFFFFFFC7FFF00002F15636743238840A2A358
0CF1CC23D2858571AC0CC3DD161835AB6ADE03FFFFFFFFFFFC7FFF00002715636743238840A2A370
0CF1BD23D28085724B0CC3CF161832AB6ADE03FFFFFFFFFFFC7FFF00002B15636743238840A2A388
0CF1AF23D27A8572E40CC3BF16182EAB6ADE03FFFFFFFFFFFC8FFF00002B15636743238840A2A3A0
0CF1AB23D2808573310CC3C1161830AB7ADE03FFFFFFFFFFFC8FFF00002715636843238840A293B8
0CF1AD23D2838573530CC3C2161834AB7ADE03FFFFFFFFFFFC8FFF00002F15636843238840A293D0
0CF1AE23D2938573AA0CC3C016183AAB7ADE03FFFFFFFFFFFC7FFF00003015636843238840A293E8
0CF1A523D29285743D0CC3B616183DAB7ADE03FFFFFFFFFFFC6FFF00003015636843238840A28300
0CF19523D2898574CD0CC3A7161838AB8ADE03FFFFFFFFFFFC7FFF00003015636843238840A28318
0CF18823D28685751E0CC39E161834AB8ADE03FFFFFFFFFFFC7FFF00002715636943238840A28330
0CF17F23D27F85755D0CC396161831AB8ADE03FFFFFFFFFFFC8FFF00002F15636943238840A28348
0CF17223D2768575B40CC38716182BAB8ADE040FFFFFFFFFFC8FFF00002D15636943238840A28360
0CF16E23D27D85762D0CC38016182FAB8ADE03FFFFFFFFFFFC8FFF00002A15636943238940A28378
0CF16623D27F8576BF0CC378161832AB7ADE03FFFFFFFFFFFC8FFF00003015636A43238940A28390
0CF15B23D27C8577420CC36E161830AB7ADE03FFFFFFFFFFFC8FFF00003015636A43238940A283A8
0CF15223D27785778A0CC36A16182FAB7ADF03FFFFFFFFFFFC7FFF00002A15636A43238940A273C0
0CF14B23D2778577BD0CC36416182DAB7ADF03FFFFFFFFFFFC8FFF00002715636A43238940A273D8
0CF14523D2748578020CC35C16182CAB6ADE03FFFFFFFFFFFC8FFF00002E15636B43238940A263F0
0CF13C23D27085785F0CC34F161828AB7ADE03FFFFFFFFFFFC8FFF00003015636B43238940A26308
0CF13A23D26F85788C0CC34F161827AB7ADE03FFFFFFFFFFFC8FFF00002715636B43238940A26320
0CF13223D26B8578C70CC348161825AB8ADE03FFFFFFFFFFFC8FFF00003015636B43238940A26338
0CF13423D2698578C60CC34E161828AB8ADE03FFFFFFFFFFFC8FFF00002715636B43238940A26350
0CF13823D26E8578880CC351161828AB8ADD03FFFFFFFFFFFC7FFF00003015636C43238940A26368
0CF13E23D26E8578670CC357161829AB8ADD03FFFFFFFFFFFC8FFF00003015636C43238940A26380
0CF13C23D2738578860CC35316182AAB8ADD040FFFFFFFFFFC7FFF00003015636C43238940A25398
0CF13323D2708578D30CC349161828AB8ADD03FFFFFFFFFFFC7FFF00002915636C43238940A253B0
0CF13323D27C8579350CC34816182CAB8ADD03FFFFFFFFFFFC7FFF00002F15636D43238940A253C8
0CF12B23D27785797F0CC34416182CAB8ADD03FFFFFFFFFFFC7FFF00003115636D43238940A243E0
0CF12C23D27385798D0CC34416182CAB9ADE03FFFFFFFFFFFC8FFF00002815636D43238940A243F8
0CF12E23D2748579760CC34716182AAB8ADE03FFFFFFFFFFFC8FFF00003115636D43238940A24310
0CF12D23D2798579910CC34416182EAB9ADD03FFFFFFFFFFFC8FFF00003115636D43238A40A24328
0CF12B23D2828579F10CC340161832AB8ADD03FFFFFFFFFFFC7FFF00003115636E43238A40A24340
0CF11D23D278857A490CC33416182CAB8ADD03FFFFFFFFFFFC7FFF00002815636E43238A40A24358
0CF11E23D278857A640CC33816182EAB8ADD03FFFFFFFFFFFC8FFF00003115636E43238A40A24370
0CF12123D27F857A700CC339161830AB8ADD03FFFFFFFFFFFC6FFF00003015636E43238A40A24388
0CF11F23D27F857A980CC336161832AB7ADD03FFFFFFFFFFFC7FFF00002915636F43238A40A233A0
0CF11D23D288857ACE0CC334161834AB7ADD03FFFFFFFFFFFC6FFF00003115636F43238A40A233B8
0CF12723D29D857B090CC334161838AB7ADE03FFFFFFFFFFFC6FFF00002915636F43238A40A233D0
0CF12123D298857B430CC33616183CAB8ADE03FFFFFFFFFFFC6FFF00002915636F43238A40A233E8
0CF12023D292857B4C0CC33916183CAB8ADE03FFFFFFFFFFFC7FFF00002F15636F43238A40A22300
0CF12023D294857B360CC33816183BAB7ADE03FFFFFFFFFFFC8FFF00003015637043238A40A22318
0CF12123D28A857B080CC33F16183AAB6ADE03FFFFFFFFFFFC6FFF00003015637043238A40A22330
0CF12323D289857AC90CC33B161835AB7ADE03FFFFFFFFFFFC8FFF00002815637043238A40A22348
0CF12123D28B857ACE0CC339161837AB7ADD03FFFFFFFFFFFC7FFF00003115637043238A40A22360
0CF11D23D292857B1B0CC33516183BAB7ADD03FFFFFFFFFFFC8FFF00002D15637043238A40A22378
0CF11B23D290857B4E0CC33716183CAB6ADD03FFFFFFFFFFFC8FFF00002515637143238A40A22390
0CF11F23D28F857B2D0CC33A161839AB6ADD03FFFFFFFFFFFC8FFF00003215637143238A40A223A8
0CF12023D285857AD80CC336161835AB6ADE03FFFFFFFFFFFC8FFF00003115637143238A40A213C0
0CF12023D27E857A910CC337161831AB6ADE03FFFFFFFFFFFC8FFF00003215637243238B40A213D8
0CF11F23D288857AAD0CC336161834AB6ADE03FFFFFFFFFFFC8FFF00002815637243238B40A213F0
0CF11B23D28C857AFF0CC335161837AB6ADD03FFFFFFFFFFFC8FFF00003115637243238B40A21308
0CF11E23D28B857B0A0CC338161837AB6ADD03FFFFFFFFFFFC8FFF00003115637243238B40A20320
0CF12023D284857ACB0CC338161831AB6ADD03FFFFFFFFFFFC8FFF00002915637243238B40A20338
0CF11B23D27E857AA90CC335161830AB7ADD03FFFFFFFFFFFC8FFF00002A15637343238B40A20350
0CF11D23D283857ACA0CC334161832AB8ADD03FFFFFFFFFFFC8FFF00003115637343238B40A20368
0CF11C23D287857ADE0CC336161833AB7ADD03FFFFFFFFFFFC8FFF00002915637343238B40A20380
0CF11F23D27E857AB90CC338161830AB7ADD03FFFFFFFFFFFC8FFF00003215637343238B40A20398
0CF11D23D27B857A930CC33516182EAB7ADD03FFFFFFFFFFFC7FFF00003215637343238B40A203B0
0CF11B23D27C857A9F0CC33416182FAB7ADD03FFFFFFFFFFFC7FFF00002415637443238B40A203C8
0CF11A23D27E857AC40CC334161830AB6ADD03FFFFFFFFFFFC7FFF00003115637443238B40A1F3E0
0CF11D23D27B857AA60CC33616182DAB6ADD03FFFFFFFFFFFC8FFF00003215637443238B40A1E3F8
0CF11C23D276857A700CC33516182BAB6ADD03FFFFFFFFFFFC8FFF00003215637443238B40A1E310
0CF11A23D27C857A860CC33216182DAB7ADD03FFFFFFFFFFFC7FFF00003215637443238B40A1E328
0CF11C23D281857AC00CC335161831AB7ADD03FFFFFFFFFFFC7FFF00002A15637543238B40A1E340
0CF11F23D27E857AAC0CC33716182FAB7ADD03FFFFFFFFFFFC8FFF00002915637543238B40A1E358
0CF11D23D278857A740CC33816182EAB8ADD03FFFFFFFFFFFC9FFF00003215637543238B40A1E370
0CF11D23D27B857A700CC33616182DAB8ADD03FFFFFFFFFFFC8FFF00003315637543238C40A1E388
0CF11E23D27A857A760CC33716182EAB8ADD03FFFFFFFFFFFC6FFF00003315637643238C40A1D3A0
0CF11E23D278857A580CC33816182DAB8ADD03FFFFFFFFFFFC7FFF00003315637643238C40A1E3B8
0CF11D23D277857A4E0CC33516182AAB8ADD03FFFFFFFFFFFC6FFF00003315637643238C40A1D3D0
0CF11E23D277857A590CC33716182BAB8ADD03FFFFFFFFFFFC7FFF00002A15637643238C40A1E3E8
0CF11F23D278857A510CC33816182BAB8ADD03FFFFFFFFFFFC8FFF00003215637643238C40A1C300
0CF11F23D271857A310CC338161828AB8ADD03FFFFFFFFFFFC7FFF00002A15637743238C40A1C318
0CF11E23D270857A180CC337161828AB9ADD03FFFFFFFFFFFC8FFF00003315637743238C40A1C330
0CF12223D2708579F60CC33A161827AB8ADE03FFFFFFFFFFFC9FFF00003315637743238C40A1C348
0CF12A23D2778579CA0CC34216182AAB8ADD03FFFFFFFFFFFC9FFF00002A15637743238C40A1C360
0CF12A23D2778579A50CC344161829AB8ADD03FFFFFFFFFFFC8FFF00003215637843238C40A1C378
0CF12B23D27B8579A70CC34416182CAB8ADD03FFFFFFFFFFFC8FFF00002D15637843238C40A1C390
0CF12923D27B8579B90CC34316182DAB7ADD03FFFFFFFFFFFC8FFF00002F15637843238C40A1C3A8
0CF12D23D27885799D0CC34616182CAB7ADD03FFFFFFFFFFFC8FFF00003315637843238C40A1C3C0
0CF13123D2728579580CC34816182BAB7ADD03FFFFFFFFFFFC8FFF00003315637843238C40A1B3D8
0CF13523D27185790A0CC34D161828AB7ADD03FFFFFFFFFFFC8FFF00002A15637943238C40A1B3F0
0CF13C23D27A8578DE0CC35616182DAB7ADC03FFFFFFFFFFFC8FFF00002A15637943238D40A1B308
0CF14023D2858578E50CC359161831AB7ADC03FFFFFFFFFFFC6FFF00003315637943238D40A1A320
0CF13F23D2838578F90CC359161831AB7ADD03FFFFFFFFFFFC8FFF00002A15637943238D40A1A338
0CF14523D2858578DD0CC35E161833AB7ADD03FFFFFFFFFFFC7FFF00002B15637A43238D40A1A350
0CF14923D28585788C0CC35F161832AB7ADD03FFFFFFFFFFFC6FFF00003315637A43238D40A1A368
0CF14F23D2818578250CC368161830AB7ADD03FFFFFFFFFFFC7FFF00003415637A43238D40A1A380
0CF15423D2828577E40CC36E161830AB7ADD03FFFFFFFFFFFC7FFF00002A15637A43238D40A1A398
0CF15423D2828577DA0CC36E161831AB8ADD03FFFFFFFFFFFC7FFF00003415637B43238D40A1A3B0
0CF15623D2858577DC0CC370161833AB8ADD03FFFFFFFFFFFC8FFF00002B15637B43238D40A193C8
0CF15A23D2858577B80CC374161831AB9ADD03FFFFFFFFFFFC7FFF00002B15637B43238D40A193E0
0CF15A23D27F85775B0CC37216182FAB9ADD03FFFFFFFFFFFC7FFF00003415637B43238D40A193F8
0CF15E23D2778576F40CC37516182AAB9ADD03FFFFFFFFFFFC8FFF00003415637B43238D40A19310
0CF16623D27A8576B30CC37E161829AB8ADD03FFFFFFFFFFFC7FFF00003415637C43238D40A18328
0CF16923D27D85768F0CC38216182BAB8ADD03FFFFFFFFFFFC7FFF00002B15637C43238D40A18340
0CF16B23D27685765F0CC384161829AB8ADD03FFFFFFFFFFFC8FFF00003315637C43238D40A18358
0CF16E23D27585761D0CC386161828AB8ADC03FFFFFFFFFFFC8FFF00002515637C43238D40A18370
0CF17023D26F8575D40CC389161826AB9ADD03FFFFFFFFFFFC8FFF00003115637C43238D40A18388
0CF17323D26F8575910CC38B161822AB8ADD03FFFFFFFFFFFC8FFF00003415637D43238E40A183A0
0CF17C23D2758575420CC394161826AB8ADC03FFFFFFFFFFFC7FFF00003415637D43238E40A183B8
0CF19023D2898574E50CC3A5161830AB8ADC03FFFFFFFFFFFC7FFF00003415637D43238E40A183D0
0CF19923D28985748D0CC3B0161831AB7ADC03FFFFFFFFFFFC7FFF00003415637D43238E40A173E8
0CF19F23D28A8574370CC3B6161832AB8ADC03FFFFFFFFFFFC7FFF00003415637E43238E40A17300
0CF1A223D2868573F70CC3BB161830AB8ADC03FFFFFFFFFFFC9FFF00003415637E43238E40A17318
0CF1A223D2828573CC0CC3BB16182EAB8ADC03FFFFFFFFFFFC8FFF00002715637E43238E40A16330
0CF1A123D27B8573760CC3B616182AAB7ADC03FFFFFFFFFFFC7FFF00003215637E43238E40A16348
0CF1A823D2748572FA0CC3BD161828AB7ADC03FFFFFFFFFFFC7FFF00003415637E43238E40A16360
0CF1C323D28E8572810CC3D9161834AB7ADC03FFFFFFFFFFFC7FFF00002C15637F43238E40A16378
0CF1D123D29785722C0CC3E9161839AB7ADC03FFFFFFFFFFFC8FFF00002B15637F43238E40A16390
0CF1D423D2958571F30CC3ED161838AB8ADC03FFFFFFFFFFFC8FFF00003415637F43238E40A163A8
0CF1D423D28E8571970CC3EA161835AB8ADC03FFFFFFFFFFFC8FFF00003515637F43238E40A153C0
0CF1D623D27F85711D0CC3E916182FAB9ADC03FFFFFFFFFFFC8FFF00003515638043238E40A153D8
0CF1D523D2778570BA0CC3ED161827AB8ADC03FFFFFFFFFFFC8FFF00002B15638043238E40A153F0
0CF1D923D27185706C0CC3F0161826AB8ADC03FFFFFFFFFFFC8FFF00003515638043238F40A15308
0CF1E223D27685700B0CC3F6161828AB8ADC03FFFFFFFFFFFC8FFF00002C15638043238F40A14320
0CF1EA23D276856F9F0CC3FF161828AB8ADC03FFFFFFFFFFFC8FFF00003415638043238F40A14338
0CF1F223D277856F2D0CC407161828AB8ADC03FFFFFFFFFFFC7FFF00003515638143238F40A14350
0CF20423D281856EA90CC41916182FAB8ADC03FFFFFFFFFFFC8FFF00003515638143238F40A14368
0CF20E23D289856E3A0CC42416182CAB9ADC03FFFFFFFFFFFC8FFF00002F15638143238F40A14380
0CF21523D285856DF20CC42D16182DAB9ADC03FFFFFFFFFFFC8FFF00003115638143238F40A13398
0CF22223D293856D9E0CC438161837AB9ADC03FFFFFFFFFFFC8FFF00003515638143238F40A133B0
0CF23923D2A5856D230CC44C161841AB9ADC03FFFFFFFFFFFC8FFF00002D15638243238F40A143C8
0CF24623D2AC856C9F0CC459161843AB9ADC03FFFFFFFFFFFC8FFF00003415638243238F40A133E0
0CF24F23D2A6856C1A0CC460161841AB9ADC03FFFFFFFFFFFC8FFF00002415638243238F40A133F8
0CF25523D2A1856B9E0CC46A161840AB9ADC03FFFFFFFFFFFC8FFF00003415638243238F40A12310
0CF25A23D29D856B4A0CC47116183DAB9ADC03FFFFFFFFFFFC8FFF00003515638343238F40A12328
0CF25A23D297856B050CC471161838AB9ADD03FFFFFFFFFFFC8FFF00003515638343238F40A12340
0CF25D23D296856A950CC470161837AB9ADD03FFFFFFFFFFFC7FFF00003515638343238F40A12358
0CF26023D2858569F60CC472161830AB9ADD03FFFFFFFFFFFC7FFF00003515638343238F40A12370
0CF26523D2798569560CC478161829ABAADD03FFFFFFFFFFFC7FFF00003515638343239040A12388
0CF26623D26D8568E00CC47D161821AB9ADC03FFFFFFFFFFFC8FFF00002E15638443239040A123A0
0CF26523D26485688F0CC47E16181BAB9ADC03FFFFFFFFFFFC9FFF00003215638443239040A113B8
0CF26423D25D8568460CC47D161817AB8ADC03FFFFFFFFFFFC8FFF00003515638443239040A113D0
0CF27623D26C8567EA0CC48A161820AB8ADC03FFFFFFFFFFFC8FFF00003515638443239040A113E8
0CF29B23D29285675B0CC4AA161832AB8ADC03FFFFFFFFFFFC8FFF00002C15638443239040A11300
0CF2C223D2B285669A0CC4D0161844AB8ADC03FFFFFFFFFFFC7FFF00003515638543239040A10318
0CF2DD23D2C98565F00CC4F2161854AB9ADC03FFFFFFFFFFFC7FFF00003515638543239040A10330
0CF2B923D2898565980CC4EC161848AB9ADC03FFFFFFFFFFFC6FFF00002F15638543239040A10348
0CF2CB23D2A08565820CC4F816184FAB9ADC03FFFFFFFFFFFC6FFF00003215638543239040A10360
0CF2FD23D2E08565310CC510161860AB8ADC03FFFFFFFFFFFC7FFF00003515638643239040A10378
0CF31223D2E78564800CC520161864AB8ADC03FFFFFFFFFFFC9FFF00003515638643239040A10390
0CF31623D2DD8563B50CC52616185BAB8ADC03FFFFFFFFFFFC7FFF00003515638643239040A103A8
0CF32523D2DF8563270CC53516185EAB8ADC03FFFFFFFFFFFC7FFF00002C15638643239140A103C0
0CF31723D2C18562E40CC543161861AB9ADC03FFFFFFFFFFFC8FFF00003515638643239140A103D8
0CF33023D2E585629C0CC54E161868AB8ADC03FFFFFFFFFFFC8FFF00002C15638743239140A103F0
0CF34F23D3008562180CC56C161879AB8ADD03FFFFFFFFFFFC7FFF00003515638743239140A0E308
0CF36323D30B8561820CC570161874AB7ADC03FFFFFFFFFFFC7FFF00003515638743239140A0E320
0CF36323D2FD8560F70CC57416186FAB8ADC03FFFFFFFFFFFC7FFF00002C15638743239140A0E338
0CF36723D2F38560760CC57916186AAB8ADD03FFFFFFFFFFFC7FFF00003515638743239140A0E350
0CF36B23D2EC855FF10CC57C161866AB9ADD03FFFFFFFFFFFC8FFF00003515638843239140A0E368
0CF36E23D2E1855F6B0CC58016185FAB9ADE03FFFFFFFFFFFC7FFF00003515638843239140A0D380
0CF37023D2D2855F040CC582161859AB9ADE03FFFFFFFFFFFC7FFF00002D15638843239140A0E398
0CF36F23D2CE855EB50CC582161854AB9ADD03FFFFFFFFFFFC9FFF00003415638843239140A0D3B0
0CF36F23D2C3855E400CC581161850AB9ADD03FFFFFFFFFFFC9FFF00003515638843239140A0D3C8
0CF37023D2B1855DA40CC57F161847AB8ADE03FFFFFFFFFFFC9FFF00002C15638943239140A0C3E0
0CF37123D2A1855D050CC58116183DAB7ADD03FFFFFFFFFFFC7FFF00003515638943239140A0D3F8
0CF37423D297855C780CC583161837AB7ADE03FFFFFFFFFFFC7FFF00003515638943239140A0D310
0CF37623D291855BFD0CC588161832AB7ADE03FFFFFFFFFFFC8FFF00003515638943239240A0C328
0CF37F23D28F855B950CC598161836AB7ADD03FFFFFFFFFFFC8FFF00003515638A43239240A0C340
0CF39423D2A5855B410CC5A3161839AB7ADD03FFFFFFFFFFFC8FFF00002C15638A43239240A0C358
0CF3B423D2C6855ADE0CC5C5161850AB7ADD03FFFFFFFFFFFC7FFF00003015638A43239240A0C370
0CF3CB23D2DB855A550CC5DA16185DAB8ADD03FFFFFFFFFFFC7FFF00003215638A43239240A0C388
0CF3D923D2D98559AA0CC5E516185AAB7ADD03FFFFFFFFFFFC6FFF00003515638A43239240A0C3A0
0CF3E223D2D78558FD0CC5F0161857AB8ADC03FFFFFFFFFFFC8FFF00003515638B43239240A0B3B8
0CF3F023D2D88558830CC60416185DAB9ADD03FFFFFFFFFFFC8FFF00003515638B43239240A0B3D0
0CF3F823D2DC85583C0CC60F161860ABAADD03FFFFFFFFFFFC9FFF00002615638B43239240A0B3E8
0CF3FD23D2DE8557E00CC610161860ABAADD03FFFFFFFFFFFC6FFF00003415638B43239240A0B300
0CF40B23D2DF85574F0CC61A161860ABAADD03FFFFFFFFFFFC7FFF00002715638B43239240A0B318
0CF41E23D2EB8556A70CC629161863ABAADD040FFFFFFFFFFC7FFF00003615638C43239240A0A330
0CF42623D2E68556170CC636161862AB9ADD03FFFFFFFFFFFC7FFF00003515638C43239240A0A348
0CF43223D2EB8555B00CC63F16185FAB8ADD040FFFFFFFFFFC8FFF00003615638C43239240A0A360
0CF44223D2F68555480CC650161868AB7ADD03FFFFFFFFFFFC8FFF00002D15638C43239240A0A378
0CF44323D2EC8554BF0CC653161865AB7ADD03FFFFFFFFFFFC7FFF00003515638C43239240A0A390
0CF44E23D2E885541B0CC659161860AB7ADE03FFFFFFFFFFFC7FFF00002E15638D43239340A093A8
0CF45223D2DE85537F0CC65F16185BAB8ADD03FFFFFFFFFFFC7FFF00003415638D43239340A093C0
0CF45D23D2DD8553180CC66C16185DAB7ADD03FFFFFFFFFFFC8FFF00003015638D43239340A093D8
0CF46123D2DF8552D50CC67116185BAB7ADD03FFFFFFFFFFFC9FFF00003115638D43239340A093F0
0CF46F23D2EA8552660CC67D161863AB7ADE03FFFFFFFFFFFC9FFF00003615638D43239340A09308
0CF48B23D2FC8551C50CC692161869AB8ADD03FFFFFFFFFFFC8FFF00002D15638E43239340A08320
0CF49C23D3038551160CC6A7161871AB8ADD03FFFFFFFFFFFC8FFF00003615638E43239340A08338
0CF4AF23D3108550850CC6BD161877AB7ADD03FFFFFFFFFFFC8FFF00002C15638E43239340A08350
0CF4C023D31B85501D0CC6CF16187CAB7ADD03FFFFFFFFFFFC8FFF00002E15638E43239340A08368
0CF4C723D31E854FC60CC6D316187AAB7ADD03FFFFFFFFFFFC8FFF00003415638F43239340A08380
0CF4CA23D315854F5C0CC6D916187CAB9ADC041FFFFFFFFFFC8FFF00003615638F43239340A08398
0CF4D723D315854EC80CC6E216187CABAADC03FFFFFFFFFFFC7FFF00002D15638F43239340A073B0
0CF4DE23D30E854E240CC6E7161876ABAADD03FFFFFFFFFFFC7FFF00003515638F43239340A073C8
0CF4EF23D31E854DA30CC6FD16187DAB9ADD03FFFFFFFFFFFC8FFF00003615638F43239440A063E0
0CF50223D329854D370CC70E161883AB9ADD03FFFFFFFFFFFC7FFF00003615639043239440A063F8
0CF50B23D32C854CB80CC71B161889AB9ADD03FFFFFFFFFFFC7FFF00002D15639043239440A07310
0CF51C23D331854C380CC72716188AAB8ADD03FFFFFFFFFFFC9FFF00002D15639043239440A06328
0CF52323D333854BC80CC73116188AAB9ADD040FFFFFFFFFFC8FFF00003515639043239440A06340
0CF52B23D330854B4C0CC73816188BAB9ADD03FFFFFFFFFFFC8FFF00002E15639043239440A06358
0CF52D23D326854AC40CC738161883ABAADD03FFFFFFFFFFFC7FFF00003415639143239440A06370
0CF52C23D312854A3F0CC73716187AABAADD03FFFFFFFFFFFC8FFF00003615639143239440A05388
0CF52B23D3048549C30CC735161872ABAADD040FFFFFFFFFFC8FFF00002E15639143239440A053A0
0CF52B23D2F68549390CC734161869ABAADD03FFFFFFFFFFFC9FFF00003315639143239440A053B8
0CF52B23D2E78548AB0CC736161862ABAADD03FFFFFFFFFFFC9FFF00003515639143239440A043D0
0CF52C23D2DD85483A0CC73A16185CAB9ADD03FFFFFFFFFFFC8FFF00003015639143239440A043E8
0CF52D23D2D48547E70CC73C161856AB9ADD040FFFFFFFFFFC7FFF00003215639243239440A04300
0CF53123D2D18547790CC73F161857AB9ADD03FFFFFFFFFFFC7FFF00003615639243239440A04318
0CF54823D2DB8546D90CC74E16185AAB9ADD03FFFFFFFFFFFC7FFF00003615639243239540A04330
0CF55423D2DE85462D0CC75C161859AB9ADC03FFFFFFFFFFFC8FFF00002E15639243239540A04348
0CF55523D2CB8545B40CC760161854AB8ADC03FFFFFFFFFFFC9FFF00003415639243239540A04360
0CF55523D2C885455B0CC76116184DAB8ADC040FFFFFFFFFFC6FFF00003615639343239540A03378
0CF55D23D2C58544E20CC76716184EAB7ADD03FFFFFFFFFFFC7FFF00003615639343239540A04390
0CF55F23D2B88544540CC767161847AB8ADC03FFFFFFFFFFFC8FFF00002D15639343239540A033A8
0CF56423D2B08543CC0CC76D161845AB8ADC03FFFFFFFFFFFC8FFF00003615639343239540A033C0
0CF57823D2C685435F0CC78516184DAB7ADC03FFFFFFFFFFFC7FFF00002D15639343239540A033D8
0CF59C23D2E98543000CC79C16185AAB7ADC03FFFFFFFFFFFC7FFF00003615639343239540A023F0
0CF5A823D2EF85427A0CC7B0161865AB8ADC03FFFFFFFFFFFC8FFF00002D15639443239540A02308
0CF5B323D2EA8541CB0CC7B8161860AB8ADD03FFFFFFFFFFFC8FFF00002D15639443239540A02320
0CF5BB23D2E18541310CC7C316185CAB9ADC03FFFFFFFFFFFC8FFF00003515639443239540A02338
0CF5BE23D2DF8540D30CC7C816185AAB8ADC03FFFFFFFFFFFC9FFF00003615639443239540A02350
0CF5BE23D2D185407E0CC7C9161855AB8ADC03FFFFFFFFFFFC8FFF00003615639443239540A02368
0CF5B823D2C2853FFD0CC7C316184DAB8ADC03FFFFFFFFFFFC7FFF00002D15639543239540A01380
0CF5B923D2B4853F750CC7C3161844AB8ADD03FFFFFFFFFFFC7FFF00003615639543239640A01398
0CF5BA23D2A6853EFB0CC7C416183EAB8ADD03FFFFFFFFFFFC8FFF00003615639543239640A013B0
0CF5B923D297853E790CC7C2161836AB8ADC03FFFFFFFFFFFC8FFF00002D15639543239640A013C8
0CF5C923D2A2853DE60CC7D316183AAB7ADC041FFFFFFFFFFC8FFF00003615639643239640A003E0
0CF5EF23D2C5853D5C0CC7FE161854AB6ADC03FFFFFFFFFFFC8FFF00003015639643239640A003F8
0CF60123D2D1853CE90CC80E161856AB7ADC03FFFFFFFFFFFC8FFF00003315639643239640A00310
0CF60823D2D0853C750CC813161854AB7ADC03FFFFFFFFFFFC7FFF00002D15639643239640A00328
0CF61223D2D1853BFA0CC81B161854AB7ADB03FFFFFFFFFFFC7FFF00003615639643239640A00340
0CF61E23D2D4853B860CC829161858AB7ADB03FFFFFFFFFFFC7FFF00003615639643239640A00358
0CF62023D2CA853B140CC829161852AB7ADC03FFFFFFFFFFFC7FFF00002B156397432396409FF370
0CF62423D2C1853A8F0CC82A16184DAB8ADB03FFFFFFFFFFFC8FFF00002F156397432396409FE388
0CF62523D2B38539FF0CC82B161846AB7ADC040FFFFFFFFFFC7FFF000036156397432396409FF3A0
0CF62523D2A48539750CC82C16183DAB7ADC03FFFFFFFFFFFC7FFF000036156397432396409FE3B8
0CF62823D29D8538F20CC830161838AB7ADC03FFFFFFFFFFFC7FFF000036156397432397409FE3D0
0CF62823D2898538720CC82E16182FAB7ADC03FFFFFFFFFFFC8FFF00002D156398432397409FE3E8
0CF62823D27E8537FF0CC830161829AB6ADC03FFFFFFFFFFFC8FFF000034156398432397409FE300
0CF62723D2758537990CC831161821AB6ADC03FFFFFFFFFFFC7FFF000026156398432397409FE318
0CF62923D26785371E0CC83016181DAB6ADC03FFFFFFFFFFFC7FFF000035156398432397409FE330
0CF63023D2618536830CC837161819AB6ADB040FFFFFFFFFFC8FFF000036156398432397409FE348
0CF63423D2598535ED0CC83A161813AB6ADB040FFFFFFFFFFC8FFF00002D156399432397409FD360
0CF63523D24A85356D0CC83B16180BAB6ADB03FFFFFFFFFFFC8FFF000036156399432397409FD378
0CF63523D23C8535050CC83D161805AB6ADB03FFFFFFFFFFFC8FFF000036156399432397409FD390
0CF63523D23485349E0CC83D161800AB6ADB041FFFFFFFFFFCAFFF000026156399432397409FD3A8
0CF63B23D22D85341A0CC8411617FEAB6ADB03FFFFFFFFFFFC8FFF000034156399432397409FC3C0
0CF64423D2298533780CC8491617FBAB6ADB03FFFFFFFFFFFC8FFF00002F156399432397409FC3D8
0CF64B23D2228532E40CC8511617F8AB6ADB03FFFFFFFFFFFC7FFF00003415639A432397409FC3F0
0CF65023D2208532710CC85A1617F4AB7ADB03FFFFFFFFFFFC7FFF00003615639A432397409FC308
0CF65423D2188532120CC85B1617F0AB7ADA03FFFFFFFFFFFC8FFF00002715639A432397409FC320
0CF65423D20985319C0CC85A1617EAAB6ADA03FFFFFFFFFFFC8FFF00003315639A432397409FC338
0CF65023D1F88531060CC8571617E1AB5ADA03FFFFFFFFFFFC8FFF00002D15639A432398409FB350
0CF65423D1EB8530700CC85A1617D8AB5ADA040FFFFFFFFFFC8FFF00003615639B432398409FB368
0CF65A23D1E5852FF00CC8631617D5AB6ADA041FFFFFFFFFFC8FFF00003615639B432398409FB380
0CF66023D1E1852F810CC8691617D4AB6ADA040FFFFFFFFFFC7FFF00003615639B432398409FB398
0CF66523D1DE852F0A0CC86E1617D4AB5ADA03FFFFFFFFFFFC7FFF00002815639B432398409FA3B0
0CF68E23D20A852E840CC8961617EBAB4ADA03FFFFFFFFFFFC8FFF00002E15639B432398409FA3C8
0CF69623D205852DFB0CC89E1617E9AB5ADA03FFFFFFFFFFFC7FFF00003615639C432398409FA3E0
0CF6A123D205852D7B0CC8A81617E9AB5ADA03FFFFFFFFFFFC7FFF00003415639C432398409FA3F8
0CF6AB23D208852CFF0CC8B31617EAAB5ADA040FFFFFFFFFFC8FFF00003015639C432398409FA310
0CF6B323D204852C840CC8BC1617E9AB6ADA03FFFFFFFFFFFC7FFF00003715639C432398409FA328
0CF6BA23D205852C100CC8C11617E7AB5AD903FFFFFFFFFFFC8FFF00002D15639C432398409F9340
0CF6C823D209852B900CC8CE1617EBAB5AD903FFFFFFFFFFFC8FFF00003615639C432398409F9358
0CF6D423D20A852AEF0CC8D71617E8AB4ADA03FFFFFFFFFFFC8FFF00002615639D432398409F9370
0CF6D423D1F3852A550CC8D71617DFAB4ADA03FFFFFFFFFFFC8FFF00003615639D432399409F9388
0CF6D323D1EA8529F40CC8DD1617D6AB4AD903FFFFFFFFFFFC8FFF00003715639D432399409F83A0
0CF6D823D1EA8529B20CC8DE1617D6AB5ADA040FFFFFFFFFFC8FFF00003415639D432399409F83B8
0CF6DF23D1EB8529410CC8E21617D9AB5ADA03FFFFFFFFFFFC8FFF00002715639D432399409F83D0
0CF6EB23D1E48528900CC8ED1617D6AB5ADA03FFFFFFFFFFFC8FFF00003615639E432399409F83E8
0CF6FC23D1EC8527D40CC8FF1617D9AB4ADA03FFFFFFFFFFFC8FFF00003715639E432399409F8300
0CF6FB23D1DC8527550CC9031617D0AB5ADA03FFFFFFFFFFFC8FFF00003715639E432399409F8318
0CF6FA23D1D08527060CC9031617CAAB5ADA03FFFFFFFFFFFC8FFF00003715639E432399409F7330
0CF6FA23D1C585269B0CC8FE1617C5AB4ADA041FFFFFFFFFFC8FFF00002E15639E432399409F8348
0CF6FA23D1BC85262A0CC9021617BFAB3ADA03FFFFFFFFFFFC7FFF00002D15639F432399409F7360
0CF6FD23D1AF8525A60CC9011617B9AB3ADA03FFFFFFFFFFFC7FFF00003715639F432399409F6378
0CF70E23D1B68524FB0CC9121617BCAB3AD903FFFFFFFFFFFC7FFF00003715639F432399409F6390
0CF71D23D1B885245A0CC9211617BEAB3AD903FFFFFFFFFFFC7FFF00003715639F432399409F63A8
0CF72123D1B08523F90CC9261617B8AB4AD903FFFFFFFFFFFC7FFF00003715639F432399409F63C0
0CF72523D1AF8523AB0CC92F1617BBAB4AD903FFFFFFFFFFFC7FFF0000281563A0432399409F63D8
0CF73223D1B58523280CC9391617BFAB3AD9040FFFFFFFFFFC7FFF0000341563A0432399409F63F0
0CF74223D1BB8522880CC9451617BDAB3AD903FFFFFFFFFFFC7FFF0000371563A0432399409F6308
0CF74123D1A68521E60CC9431617B4AB4AD903FFFFFFFFFFFC8FFF00002E1563A0432399409F5320
0CF74123D1988521680CC9471617ACAB3AD903FFFFFFFFFFFC7FFF0000361563A043239A409F5338
0CF74323D1918521060CC9481617A5AB3AD903FFFFFFFFFFFC7FFF0000371563A143239A409F5350
0CF74623D18E8520A10CC94B1617A3AB3AD903FFFFFFFFFFFC7FFF0000371563A143239A409F4368
0CF74923D18585202E0CC94F1617A2AB3AD903FFFFFFFFFFFC8FFF0000371563A143239A409F4380
0CF75823D187851F920CC95B1617A4AB3AD9044FFFFFFFFFFC8FFF0000371563A143239A409F4398
0CF78B23D1B9851EE00CC98A1617BFAB3AD9044FFFFFFFFFFC9FFF0000371563A143239A409F43B0
0CF79B23D1C5851E5D0CC99E1617C1AB3AD8044FFFFFFFFFFC8FFF00002E1563A243239A409F43C8
0CF79E23D1BC851E100CC9A21617BEAB4AD8044FFFFFFFFFFC7FFF0000361563A243239A409F43E0
0CF7A823D1C4851DB10CC9A71617C2AB4AD8045FFFFFFFFFFC8FFF0000371563A243239A409F33F8
0CF7C823D1E2851D200CC9CC1617D5AB4AD8044FFFFFFFFFFC7FFF00002E1563A243239A409F3310
0CF7EA23D202851C780CC9E81617E3AB4AD9044FFFFFFFFFFC7FFF0000371563A243239A409F3328
0CF81E23D23B851BE40CCA22161804AB3AD9044FFFFFFFFFFC7FFF0000371563A343239A409F3340
0CF83D23D258851B7E0CCA3E161810AB4AD9044FFFFFFFFFFC8FFF00002E1563A343239A409F3358
0CF84523D259851B1B0CCA45161812AB4AD9044FFFFFFFFFFC8FFF0000371563A343239A409F2370
0CF84623D24C851A970CCA4616180EAB4AD9044FFFFFFFFFFC8FFF0000371563A343239A409F2388
0CF84623D23E851A040CCA46161804AB4AD9044FFFFFFFFFFC8FFF0000351563A343239A409F23A0
0CF84423D22D8519850CCA441617FAAB4AD9044FFFFFFFFFFC8FFF0000301563A443239A409F23B8
0CF84223D21B85190A0CCA401617F3AB5AD9045FFFFFFFFFFC8FFF0000371563A443239B409F23D0
0CF84423D2128518790CCA431617ECAB5ADA044FFFFFFFFFFC7FFF0000371563A443239B409F23E8
0CF84923D2078517EA0CCA491617E6AB5AD9044FFFFFFFFFFC8FFF0000371563A443239B409F1300
0CF84B23D1FD8517850CCA4D1617E1AB5ADA044FFFFFFFFFFC8FFF00002E1563A443239B409F1318
0CF84E23D1F885172A0CCA4E1617DEAB4ADA044FFFFFFFFFFC9FFF0000371563A543239B409F1330
0CF85523D1F78516A80CCA541617DFAB4ADA044FFFFFFFFFFC8FFF0000331563A543239B409F0348
0CF85F23D1F785160A0CCA5D1617DBAB4ADA044FFFFFFFFFFC8FFF0000321563A543239B409F0360
0CF87323D1FD8515700CCA711617E2AB4AD9044FFFFFFFFFFC8FFF0000371563A543239B409F0378
0CF89723D2268514F20CCA991617F7AB5ADA044FFFFFFFFFFC7FFF0000371563A543239B409F0390
0CF8C623D25A8514850CCAC3161811AB5ADA044FFFFFFFFFFC7FFF00002E1563A643239B409F03A8
0CF8DA23D26B8514100CCADA16181DAB5ADA044FFFFFFFFFFC8FFF0000371563A643239B409F03C0
0CF8EB23D2778513A00CCAEA161822AB5ADA044FFFFFFFFFFC8FFF0000381563A643239B409F03D8
0CF8F223D2738513260CCAEF16181FAB6ADA044FFFFFFFFFFC7FFF00002F1563A643239B409F03F0
0CF8FC23D2718512970CCAF616181EAB6ADA044FFFFFFFFFFC7FFF0000371563A643239B409F0308
0CF90523D26D8512070CCB0016181DAB6ADA044FFFFFFFFFFC9FFF0000381563A743239B409EF320
0CF91323D2708511780CCB0D161820AB6ADA044FFFFFFFFFFC8FFF00002B1563A743239C409F0338
0CF91F23D2758510F30CCB1A161822AB6ADA044FFFFFFFFFFC8FFF0000321563A743239C409EE350
0CF92923D2768510990CCB29161823AB6ADA044FFFFFFFFFFC8FFF00002F1563A743239C409EE368
0CF93023D27C85103D0CCB2B161824AB6ADA044FFFFFFFFFFC8FFF0000371563A743239C409EE380
0CF95D23D2AB850FB30CCB5616183EAB6ADA044FFFFFFFFFFC8FFF0000351563A843239C409EE398
0CF99723D2E6850F060CCB9016185FAB7ADA044FFFFFFFFFFC8FFF0000311563A843239C409EE3B0
0CF9A023D2E4850E6B0CCB9A16185DAB7ADA044FFFFFFFFFFC8FFF0000381563A843239C409EE3C8
0CF9AE23D2F1850E0E0CCBA2161859AB7ADA044FFFFFFFFFFC8FFF0000381563A843239C409ED3E0
0CF9C923D309850DB70CCBC216186FAB6ADA044FFFFFFFFFFC8FFF0000321563A843239C409ED3F8
0CF9D923D319850D370CCBD1161878AB6ADB044FFFFFFFFFFC8FFF00002C1563A943239C409ED310
0CFA1D23D363850C950CCC191618A3AB7ADA044FFFFFFFFFFC8FFF0000301563A943239C409ED328
0CFA4223D384850BFA0CCC381618B2AB7ADA044FFFFFFFFFFC8FFF0000361563A943239C409EC340
0CFA4B23D387850B7D0CCC471618B5AB8ADB044FFFFFFFFFFC8FFF0000381563A943239C409EC358
0CFA4F23D381850B200CCC4B1618B1AB9ADB044FFFFFFFFFFC7FFF0000381563A943239C409ED370
0CFA4D23D377850AC10CCC461618AAAB9ADC044FFFFFFFFFFC7FFF0000261563AA43239C409EC388
0CFA4E23D36D850A440CCC471618A5AB9ADC044FFFFFFFFFFC9FFF0000371563AA43239C409EC3A0
0CFA4E23D3568509A00CCC4616189AAB8ADC044FFFFFFFFFFC8FFF0000321563AA43239C409EB3B8
0CFA4F23D3468508F60CCC45161891AB8ADC044FFFFFFFFFFC7FFF0000351563AA43239D409EC3D0
0CFA4B23D3308508780CCC45161886AB8ADC044FFFFFFFFFFC7FFF0000381563AA43239D409EB3E8
0CFA4923D3298508220CCC4516187FAB8ADC044FFFFFFFFFFC7FFF00002D1563AB43239D409EA300
0CFA4A23D31F8507C90CCC4216187BAB8ADC043FFFFFFFFFFC7FFF0000331563AB43239D409EB318
0CFA5123D31F8507470CCC4A16187CAB8ADC044FFFFFFFFFFC7FFF0000381563AB43239D409EA330
0CFA7123D3388506A00CCC6916188AAB8ADC044FFFFFFFFFFC7FFF0000381563AB43239D409EA348
0CFA9923D35F85060A0CCC921618A1AB8ADC044FFFFFFFFFFC7FFF0000381563AB43239D409EA360
0CFAFC23D3E88505A20CCCE41618D6AB7ADC044FFFFFFFFFFC7FFF00002F1563AC43239D409EA378
0CFB1B23D40385053A0CCD0E1618F0AB7ADC043FFFFFFFFFFC7FFF0000371563AC43239D409EA390
0CFB2023D3FB8504B30CCD1C1618F7AB7ADC044FFFFFFFFFFC7FFF0000381563AC43239D409EA3A8
0CFB2F23D3FE85041C0CCD251618F5AB7ADC044FFFFFFFFFFC6FFF0000381563AC43239D409E93C0
0CFB3023D3F28503940CCD281618ECAB7ADD044FFFFFFFFFFC7FFF00002F1563AC43239D409E93D8
0CFB3323D3EC85033F0CCD2C1618E7AB8ADD044FFFFFFFFFFC8FFF0000371563AD43239D409E93F0
0CFB3723D3EB8502E30CCD2D1618E9AB9ADD044FFFFFFFFFFC8FFF0000381563AD43239D409E9308
0CFB4E23D3FB8502500CCD411618F0AB9ADD044FFFFFFFFFFC8FFF00002F1563AD43239D409E8320
0CFB6423D4098501A00CCD571618F6AB9ADD044FFFFFFFFFFC7FFF0000381563AD43239E409E8338
0CFB9E23D44985010B0CCD9516191EAB9ADD043FFFFFFFFFFC7FFF0000381563AE43239E409E8350
0CFBB223D45985009E0CCDA8161923AB9ADD044FFFFFFFFFFC8FFF0000381563AE43239E409E8368
0CFBD623D48985003A0CCDC6161938AB9ADD044FFFFFFFFFFC8FFF0000381563AE43239E409E8380
0CFBFE23D4B284FFD50CCDF6161955ABAADD044FFFFFFFFFFC8FFF0000301563AE43239E409E7398
0CFC1123D4C184FF640CCE0816195CABAADD044FFFFFFFFFFC8FFF0000371563AE43239E409E83B0
0CFC2C23D4D884FED40CCE2016196AAB9ADD044FFFFFFFFFFC8FFF0000381563AE43239E409E73C8
0CFC4623D4E884FE2E0CCE37161971ABAADE044FFFFFFFFFFC9FFF0000381563AF43239E409E73E0
0CFC5D23D4FE84FD9C0CCE5216197DABAADE043FFFFFFFFFFC7FFF00002F1563AF43239E409E63F8
0CFC7823D51484FD380CCE6E161988ABAADE044FFFFFFFFFFC7FFF0000381563AF43239E409E6310
0CFC9A23D54284FCDC0CCE8A16199DABAADE044FFFFFFFFFFC7FFF0000301563AF43239E409E6328
0CFCDF23D59384FC630CCEC91619C8ABAADF044FFFFFFFFFFC7FFF0000321563AF43239E409E6340
0CFCF923D5A984FBCD0CCEE81619D6ABAADF044FFFFFFFFFFC7FFF0000341563B043239E409E6358
0CFD0223D5A684FB350CCEEE1619D3ABAADF044FFFFFFFFFFC7FFF0000391563B043239E409E6370
0CFD0223D59684FAC70CCEF31619CEABBADF044FFFFFFFFFFC7FFF0000381563B043239E409E5388
0CFD0123D59184FA670CCEEF1619C7ABBADF043FFFFFFFFFFC8FFF0000381563B043239E409E63A0
0CFD3E23D5DB84F9EC0CCF241619EEABBADF044FFFFFFFFFFC8FFF0000291563B043239F409E53B8
0CFD7E23D62684F9560CCF6A161A18ABBADF044FFFFFFFFFFC8FFF0000371563B143239F409E53D0
0CFDAD23D65384F8B20CCF99161A33ABBADF044FFFFFFFFFFC8FFF0000391563B143239F409E53E8
0CFDD523D68184F8320CCFC4161A48ABBADF044FFFFFFFFFFC8FFF0000311563B143239F409E5300
0CFDE123D68984F7FE0CCFCF161A4CABBAE0044FFFFFFFFFFC7FFF0000361563B143239F409E4318
0CFDEE23D69784F7A60CCFDB161A56ABCAE0044FFFFFFFFFFC8FFF0000381563B143239F409E4330
0CFE0823D6A684F6E60CCFF2161A5BABDAE0043FFFFFFFFFFC7FFF00002F1563B243239F409E4348
0CFE4723D6EA84F6000CD032161A82ABCAE1044FFFFFFFFFFC7FFF0000381563B243239F409E4360
0CFE6823D70084F5710CD05E161A99ABCAE1044FFFFFFFFFFC7FFF0000381563B243239F409E4378
0CFE5823D6F584F56D0CD06B161A9EABCAE1044FFFFFFFFFFC6FFF00002F1563B243239F409E3390
0CFE8523D73084F54B0CD06F161AA5ABDAE1044FFFFFFFFFFC7FFF0000381563B243239F409E33A8
0CFEAD23D75184F49F0CD092161AB9ABDAE1044FFFFFFFFFFC8FFF0000391563B343239F409E33C0
0CFEEF23D79A84F3BF0CD0D2161ADEABEAE1044FFFFFFFFFFC7FFF0000391563B343239F409E33D8
0CFF0C23D7B184F30C0CD0F5161AEDABEAE1044FFFFFFFFFFC8FFF0000381563B343239F409E23F0
0CFF0E23D7A984F2A90CD0FA161AE8ABEAE1044FFFFFFFFFFC8FFF0000381563B343239F409E2308
0CFF0C23D79F84F25E0CD0F5161AE1ABEAE2043FFFFFFFFFFC9FFF0000381563B443239F409E2320
0CFF0B23D79484F1F60CD0F3161ADEABEAE2044FFFFFFFFFFC8FFF00002F1563B443239F409E2338
0CFF1A23D79E84F1840CD102161AE0ABEAE2044FFFFFFFFFFC8FFF0000381563B443239F409E2350
0CFF2023D79784F0F70CD109161AE0ABFAE2043FFFFFFFFFFC8FFF0000391563B44323A0409E1368
0CFF5B23D7DA84F0600CD146161B05ABFAE3044FFFFFFFFFFC8FFF0000381563B44323A0409E2380
0CFF8D23D81684EFD60CD173161B21ABFAE2044FFFFFFFFFFC7FFF00002E1563B54323A0409E1398
0CFFE223D88284EF5F0CD1C8161B59ABFAE3044FFFFFFFFFFC7FFF0000371563B54323A0409E13B0
0D000023D8A284EEE50CD1E9161B6DABEAE2043FFFFFFFFFFC8FFF0000381563B54323A0409E13C8
0D002723D8C384EE610CD20B161B81ABFAE3043FFFFFFFFFFC8FFF0000371563B54323A0409E03E0
0D003723D8CF84EDEA0CD222161B89ABFAE3044FFFFFFFFFFC7FFF0000311563B64323A0409E03F8
0D005F23D8FF84ED8A0CD241161B9CABFAE3044FFFFFFFFFFC7FFF0000381563B64323A0409E0310
0D006723D8FD84ED140CD248161B9DAC0AE4043FFFFFFFFFFC7FFF00002F1563B64323A0409E0328
0D006723D8F084EC7E0CD249161B95AC0AE4044FFFFFFFFFFC8FFF00002F1563B64323A0409E0340
0D006E23D8EA84EBE50CD250161B94AC1AE4044FFFFFFFFFFC8FFF0000381563B64323A0409E0358
0D008523D8FB84EB4E0CD268161B9CAC1AE4044FFFFFFFFFFC7FFF0000311563B74323A0409DF370
0D00AB23D92784EACF0CD28E161BB2AC1AE4044FFFFFFFFFFC7FFF0000381563B74323A0409E0388
0D00CD23D94784EA810CD2B4161BC4AC1AE4043FFFFFFFFFFC7FFF0000381563B74323A0409DF3A0
0D00CA23D93B84EA430CD2AE161BBEAC0AE4044FFFFFFFFFFC7FFF0000301563B74323A0409DE3B8
0D00CE23D93984E9C90CD2B1161BBEAC0AE4044FFFFFFFFFFC8FFF0000371563B74323A0409DE3D0
0D00D423D92E84E9180CD2B4161BB6AC1AE5043FFFFFFFFFFC7FFF0000391563B84323A0409DE3E8
0D00DA23D91D84E85D0CD2B7161BAFAC0AE4044FFFFFFFFFFC7FFF0000391563B84323A1409DE300
0D00E623D92684E7CA0CD2C4161BB2AC0AE4044FFFFFFFFFFC8FFF00002F1563B84323A1409DE318
0D013923D99084E7590CD317161BE9AC0AE5044FFFFFFFFFFC8FFF0000381563B84323A1409DE330
0D016D23D9CC84E6FA0CD34C161C09AC1AE4044FFFFFFFFFFC8FFF0000381563B94323A1409DD348
0D01A023DA1384E6B10CD380161C2CAC1AE5043FFFFFFFFFFC8FFF0000271563B94323A1409DD360
0D01AF23DA1684E6490CD38C161C34AC1AE5043FFFFFFFFFFC7FFF0000381563B94323A1409DD378
0D01B423DA1384E5B70CD394161C32AC2AE5043FFFFFFFFFFC6FFF0000391563B94323A1409DC390
0D01CC23DA2484E5170CD3AA161C3AAC2AE5043FFFFFFFFFFC7FFF0000281563B94323A1409DC3A8
0D01FD23DA5984E47B0CD3DD161C5AAC2AE5044FFFFFFFFFFC8FFF0000371563BA4323A1409DC3C0
0D023423DA9B84E3EE0CD414161C79AC2AE5043FFFFFFFFFFC8FFF0000381563BA4323A1409DC3D8
0D025323DABA84E3770CD431161C87AC1AE6043FFFFFFFFFFC7FFF0000381563BA4323A1409DC3F0
0D02AC23DB3184E3180CD483161CC2AC1AE5043FFFFFFFFFFC7FFF0000381563BA4323A1409DC308
0D02D323DB5784E2B60CD4AE161CDEAC1AE6044FFFFFFFFFFC8FFF0000391563BA4323A1409DC320
0D02D923DB5784E2380CD4BA161CDFAC2AE6043FFFFFFFFFFC7FFF0000301563BB4323A1409DB338
0D02E223DB5284E1A50CD4C0161CDDAC3AE6043FFFFFFFFFFC7FFF0000201563BB4323A1409DC350
0D02EA23DB5084E11D0CD4C6161CD9AC4AE7043FFFFFFFFFFC8FFF0000361563BB4323A2409DB368
0D02F623DB5184E0A10CD4D1161CDAAC4AE7043FFFFFFFFFFC8FFF00002C1563BB4323A2409DA380
0D02F823DB4A84E0230CD4D2161CD5AC4AE7043FFFFFFFFFFC8FFF0000331563BC4323A2409DA398
0D030223DB4C84DF9F0CD4DC161CD7AC5AE7044FFFFFFFFFFC8FFF0000301563BC4323A2409DA3B0
0D032823DB7184DF1D0CD4FB161CE9AC5AE7043FFFFFFFFFFC8FFF0000381563BC4323A2409DA3C8
0D034C23DB9F84DEAB0CD526161D01AC6AE8043FFFFFFFFFFC6FFF0000351563BC4323A2409DA3E0
0D038423DBE784DE540CD55F161D26AC6AE8043FFFFFFFFFFC6FFF0000331563BC4323A2409D93F8
0D040C23DC9884DDEB0CD5E3161D8AAC5AE8044FFFFFFFFFFC7FFF0000391563BD4323A2409D9310
0D047923DD2484DD4D0CD651161DD6AC5AE8043FFFFFFFFFFC7FFF0000391563BD4323A2409D9328
0D04F423DDC184DCAB0CD6C9161E29AC6AE8043FFFFFFFFFFC7FFF0000391563BD4323A2409D9340
0D055D23DE4784DC290CD733161E73AC6AE9043FFFFFFFFFFC7FFF00002A1563BD4323A2409D9358
0D058223DE6E84DBAD0CD752161E84AC6AE9044FFFFFFFFFFC7FFF0000351563BD4323A2409D9370
0D059923DE8C84DB430CD76B161E92AC6AEA044FFFFFFFFFFC8FFF0000391563BE4323A2409D8388
0D060923DF2384DAF00CD7DA161EE1AC7AEB043FFFFFFFFFFC7FFF0000311563BE4323A2409D83A0
0D064D23DF7884DA8C0CD81B161F11AC8AEB043FFFFFFFFFFC8FFF0000381563BE4323A2409D83B8
0D069223DFC684D9F10CD863161F3EAC8AEC043FFFFFFFFFFC8FFF0000391563BE4323A2409D83D0
0D06C623E00184D9430CD88F161F57AC9AEC043FFFFFFFFFFC8FFF0000311563BE4323A3409D83E8
0D06DC23E01384D8B90CD8A8161F65ACAAEC044FFFFFFFFFFC6FFF0000371563BF4323A3409D7300
0D06FA23E03384D8510CD8C6161F75ACAAED044FFFFFFFFFFC6FFF0000301563BF4323A3409D7318
0D072A23E07084D7F10CD8F7161F97ACAAED043FFFFFFFFFFC7FFF0000381563BF4323A3409D7330
0D073723E07684D77D0CD903161F9AACBAEE043FFFFFFFFFFC7FFF0000391563BF4323A3409D6348
0D073C23E06B84D6E90CD909161F96ACBAEE043FFFFFFFFFFC6FFF0000391563C04323A3409D6360
0D074523E06A84D6540CD910161F94ACCAEF043FFFFFFFFFFC6FFF0000391563C04323A3409D6378
0D075F23E08484D5DF0CD92E161FA4ACCAEF044FFFFFFFFFFC7FFF0000391563C04323A3409D6390
0D079123E0C484D5820CD95B161FC1ACCAEF044FFFFFFFFFFC7FFF0000311563C04323A3409D63A8
0D07B423E0E984D51A0CD97C161FD6ACCAEF043FFFFFFFFFFC6FFF0000301563C04323A3409D63C0
0D07EC23E12F84D4940CD9B7161FFBACBAEF044FFFFFFFFFFC8FFF0000371563C14323A3409D63D8
0D082523E16884D3E80CD9EC16201AACBAEF043FFFFFFFFFFC8FFF0000391563C14323A3409D53F0
0D087D23E1DA84D34E0CDA45162058ACCAF0044FFFFFFFFFFC7FFF0000391563C14323A3409D6308
0D08C123E22F84D2E70CDA8A162082ACCAF0043FFFFFFFFFFC7FFF0000391563C14323A3409D5320
0D08F523E26F84D2970CDAC61620ADACDAF1043FFFFFFFFFFC8FFF0000291563C14323A3409D5338
0D08FB23E26B84D23C0CDABF1620A7ACDAF1043FFFFFFFFFFC7FFF0000381563C24323A3409D4350
0D090623E27184D1C40CDAC71620A6ACDAF1043FFFFFFFFFFC7FFF0000391563C24323A3409D4368
0D092723E28D84D1130CDAEB1620B8ACEAF2043FFFFFFFFFFC8FFF0000391563C24323A4409D4380
0D095A23E2C284D04B0CDB1E1620D4ACEAF2043FFFFFFFFFFC8FFF0000391563C24323A4409D4398
0D097423E2DC84CFCB0CDB3C1620DFACEAF2044FFFFFFFFFFC8FFF0000391563C34323A4409D43B0
0D098823E2F184CFAC0CDB4F1620EAACEAF3043FFFFFFFFFFC8FFF0000301563C34323A4409D33C8
0D09A223E31184CF610CDB641620FEACFAF3043FFFFFFFFFFC8FFF0000381563C34323A4409D33E0
0D09C623E33484CEC80CDB8C162114ACFAF3043FFFFFFFFFFC8FFF0000391563C34323A4409D33F8
0D0A2E23E3B784CE210CDBF0162156AD0AF3043FFFFFFFFFFC7FFF0000301563C34323A4409D3310
0D0A6F23E40D84CD8F0CDC2F162181AD0AF3043FFFFFFFFFFC8FFF0000281563C44323A4409D2328
0D0B0023E4C484CD0A0CDCC11621E8AD1AF3044FFFFFFFFFFC8FFF0000381563C44323A4409D2340
0D0B0E23E4CE84CC8E0CDCCF1621ECAD0AF4043FFFFFFFFFFC7FFF0000391563C44323A4409D2358
0D0B1123E4C984CC340CDCD41621E6AD1AF4043FFFFFFFFFFC7FFF0000391563C44323A4409D2370
0D0B1E23E4D184CBDA0CDCDB1621ECAD1AF4043FFFFFFFFFFC6FFF0000311563C44323A4409D2388
0D0B5323E51084CB540CDD13162211AD2AF5043FFFFFFFFFFC6FFF0000381563C54323A4409D13A0
0D0B7B23E53884CAB00CDD38162224AD2AF5043FFFFFFFFFFC7FFF0000301563C54323A5409D23B8
0D0B8B23E53F84CA190CDD47162226AD3AF6043FFFFFFFFFFC8FFF0000311563C54323A5409D13D0
0D0B8F23E53984C9AE0CDD51162226AD3AF6043FFFFFFFFFFC7FFF0000381563C54323A5409D13E8
0D0BA923E55684C9490CDD67162234AD3AF6042FFFFFFFFFFC6FFF0000301563C54323A5409D1300
0D0BB823E55F84C8CB0CDD75162238AD3AF6040FFFFFFFFFFC6FFF0000301563C64323A5409D0318
0D0BCA23E56984C8520CDD8516223DAD4AF603FFFFFFFFFFFC7FFF0000391563C64323A5409D0330
0D0BDC23E57784C7E30CDD97162244AD4AF603FFFFFFFFFFFC8FFF0000391563C64323A5409D0348
0D0BF323E58C84C76B0CDDAD16224FAD3AF703FFFFFFFFFFFC8FFF0000311563C64323A5409D0360
0D0C2E23E5D484C6D70CDDEA162278AD3AF703FFFFFFFFFFFC8FFF0000381563C74323A5409D0378
0D0D0323E6FE84C6480CDEC4162319AD3AF703FFFFFFFFFFFC7FFF0000391563C74323A5409D0390
0D0D8A23E7A684C5DD0CDF4216236EAD3AF7040FFFFFFFFFFC7FFF0000391563C74323A5409D03A8
0D0D8D23E79D84C5750CDF40162369AD3AF703FFFFFFFFFFFC7FFF0000301563C74323A5409D03C0
0D0D8923E78E84C4F70CDF3E162362AD4AF703FFFFFFFFFFFC8FFF0000381563C74323A5409CF3D8
0D0D8823E77F84C4710CDF3C16235AAD5AF803FFFFFFFFFFFC8FFF0000301563C84323A5409CE3F0
0D0D8A23E77684C3EA0CDF40162355AD5AF903FFFFFFFFFFFC8FFF0000391563C84323A5409CE308
0D0D8F23E77284C3770CDF44162351AD7AF903FFFFFFFFFFFC7FFF0000391563C84323A5409CE320
0D0D9A23E77284C3160CDF4E162354AD7AF9040FFFFFFFFFFC7FFF0000321563C84323A5409CE338
0D0DAD23E78384C2960CDF6116235CAD7AF903FFFFFFFFFFFC8FFF00002E1563C84323A5409CE350
0D0DBB23E78284C1EF0CDF6F16235CAD7AF903FFFFFFFFFFFC7FFF0000391563C94323A6409CE368
0D0DC323E77F84C1650CDF7716235AAD7AFA03FFFFFFFFFFFC7FFF0000391563C94323A6409CE380
0D0DCE23E78284C1060CDF8216235CAD7AFA03FFFFFFFFFFFC8FFF0000301563C94323A6409CD398
0D0DD323E78484C09C0CDF8616235CAD7AFA03FFFFFFFFFFFC8FFF0000391563C94323A6409CD3B0
0D0DE323E78E84C01F0CDF96162360AD7AFA044FFFFFFFFFFC7FFF0000391563C94323A6409CC3C8
0D0E8B23E87484BF9A0CE0311623D6AD6AFA044FFFFFFFFFFC6FFF0000301563CA4323A6409CD3E0
0D0EE423E8DB84BF130CE09C16241AAD6AFA043FFFFFFFFFFC6FFF0000391563CA4323A6409CC3F8
0D0EF123E8E784BE9B0CE0A0162418AD6AFA044FFFFFFFFFFC7FFF0000361563CA4323A6409CC310
0D0EF323E8D984BE290CE0A2162414AD6AFA044FFFFFFFFFFC7FFF0000331563CA4323A6409CC328
0D0EF323E8CF84BDA60CE0A516240EAD7AFB044FFFFFFFFFFC7FFF0000391563CB4323A6409CC340
0D0F3223E92084BD210CE0F2162445AD8AFA044FFFFFFFFFFC7FFF0000381563CB4323A6409CC358
0D0FFC23EA3384BCAB0CE1AF1624D0AD8AFB043FFFFFFFFFFC7FFF0000281563CB4323A6409CB370
0D108223EAE184BC3D0CE23116252BAD8AFB043FFFFFFFFFFC7FFF0000391563CB4323A6409CB388
0D10BD23EB2884BBC40CE268162550AD8AFB044FFFFFFFFFFC7FFF0000391563CB4323A6409CB3A0
0D10E523EB5484BB400CE290162568AD8AFB044FFFFFFFFFFC7FFF00002F1563CC4323A6409CB3B8
0D112E23EBB384BAC20CE2D916259AAD9AFC044FFFFFFFFFFC8FFF0000391563CC4323A7409CA3D0
0D115123EBD784BA530CE2F81625ABADAAFD043FFFFFFFFFFC9FFF0000301563CC4323A7409CA3E8
0D116A23EBF184B9ED0CE3101625B9ADBAFD043FFFFFFFFFFC9FFF0000391563CC4323A7409CA300
0D118723EC0B84B9670CE32F1625C8ADCAFE044FFFFFFFFFFC9FFF0000321563CC4323A7409CA318
0D11A723EC2884B8BC0CE34F1625D8ADCAFE043FFFFFFFFFFC8FFF0000361563CD4323A7409CA330
0D11D323EC5884B82B0CE37A1625F1ADDAFF044FFFFFFFFFFC7FFF0000391563CD4323A7409CA348
0D11F123EC7984B7EC0CE39B162601ADEAFF043FFFFFFFFFFC6FFF0000341563CD4323A7409C9360
0D120223EC8C84B79D0CE3A816260DADEAFF044FFFFFFFFFFC8FFF0000341563CD4323A7409CA378
0D121C23ECA684B70C0CE3BF162618ADEB00044FFFFFFFFFFC7FFF0000391563CD4323A7409C9390
0D124923ECD284B67E0CE3EE162633ADEB00043FFFFFFFFFFC8FFF0000391563CE4323A7409C93A8
0D127123ECFE84B5E80CE416162649ADEB00043FFFFFFFFFFC8FFF0000301563CE4323A7409C93C0
0D12A723ED3984B53B0CE448162668ADDB00044FFFFFFFFFFC8FFF00002F1563CE4323A7409C83D8
0D12FD23EDA484B4C20CE4A31626A4ADDB00043FFFFFFFFFFC8FFF0000381563CE4323A7409C83F0
0D131623EDC284B4960CE4BC1626B0ADEB00043FFFFFFFFFFC8FFF0000291563CF4323A7409C8308
0D132723EDD984B44C0CE4C81626BDADFB01043FFFFFFFFFFC8FFF0000361563CF4323A7409C8320
0D135723EE0D84B3BB0CE4F91626DAADFB01044FFFFFFFFFFC8FFF0000381563CF4323A7409C8338
0D139F23EE6184B3050CE542162708ADFB01043FFFFFFFFFFC7FFF0000381563CF4323A8409C8350
0D144323EF3684B24F0CE5E616277CAE0B01043FFFFFFFFFFC7FFF0000381563D04323A8409C7368
0D149F23EFA984B1BE0CE63E1627B7AE0B02044FFFFFFFFFFC7FFF00002F1563D04323A8409C7380
0D14BC23EFC984B16B0CE65B1627C4AE0B02043FFFFFFFFFFC8FFF00002F1563D04323A8409C6398
0D14CD23EFDE84B13D0CE66B1627CEAE1B03044FFFFFFFFFFC7FFF0000371563D04323A8409C63B0
0D150123F02484B0E80CE69B1627F8AE2B03043FFFFFFFFFFC7FFF0000381563D04323A8409C63C8
0D153723F06184B0550CE6D5162819AE3B04043FFFFFFFFFFC7FFF0000381563D04323A8409C63E0
0D157123F0A284AF9C0CE70C162839AE3B04043FFFFFFFFFFC8FFF0000381563D14323A8409C63F8
0D159223F0B884AEE30CE72D162848AE3B05044FFFFFFFFFFC8FFF0000381563D14323A8409C5310
0D15AA23F0D184AE530CE744162853AE3B05043FFFFFFFFFFC8FFF0000381563D14323A8409C6328
0D15B723F0DB84ADFA0CE754162856AE3B05044FFFFFFFFFFC8FFF0000381563D14323A8409C5340
0D15CD23F0F184ADB80CE768162863AE4B05043FFFFFFFFFFC8FFF00002F1563D14323A8409C5358
0D15E223F10E84AD5F0CE77B162871AE4B06043FFFFFFFFFFC7FFF0000381563D24323A8409C4370
0D160323F12C84ACE80CE79C162885AE4B06043FFFFFFFFFFC8FFF00002F1563D24323A8409C4388
0D165623F19184AC490CE7ED1628BCAE4B07043FFFFFFFFFFC8FFF0000371563D24323A8409C53A0
0D16A523F1F084AB990CE83C1628EEAE4B07043FFFFFFFFFFC8FFF0000381563D24323A9409C43B8
0D171B23F29084AB040CE8B3162942AE4B07043FFFFFFFFFFC8FFF0000381563D34323A9409C43D0
0D176723F2EA84AA980CE8FD162971AE4B07044FFFFFFFFFFC8FFF0000261563D34323A9409C43E8
0D178323F30984AA4D0CE91C162982AE4B07044FFFFFFFFFFC8FFF0000371563D34323A9409C4300
0D179F23F32E84AA000CE932162994AE5B07043FFFFFFFFFFC8FFF0000371563D34323A9409C4318
0D17E523F38484A97C0CE9791629C6AE6B07044FFFFFFFFFFC8FFF0000301563D34323A9409C3330
0D187123F43C84A8D50CE9FE162A23AE7B07044FFFFFFFFFFC8FFF0000361563D44323A9409C3348
0D18DC23F4BE84A8370CEA6A162A6CAE8B07043FFFFFFFFFFC8FFF00002E1563D44323A9409C2360
0D18E823F4C484A7B70CEA79162A71AE8B07043FFFFFFFFFFC7FFF00002E1563D44323A9409C2378
0D190223F4E284A74F0CEA91162A7CAE9B08044FFFFFFFFFFC7FFF0000371563D44323A9409C2390
0D192023F50484A6F50CEAB0162A90AE9B09043FFFFFFFFFFC8FFF0000371563D44323A9409C23A8
0D193B23F51F84A6900CEAC8162AA0AE9B0A043FFFFFFFFFFC7FFF0000291563D54323A9409C23C0
0D198523F57A84A6080CEB16162AD5AE9B0A043FFFFFFFFFFC7FFF0000371563D54323A9409C23D8
0D1A0D23F63084A55F0CEB98162B30AE9B0B043FFFFFFFFFFC8FFF0000371563D54323A9409C13F0
0D1A8423F6C384A4CC0CEC11162B81AEAB0A043FFFFFFFFFFC7FFF0000371563D54323A9409C0308
0D1AC723F71784A46B0CEC54162BAEAEAB0B044FFFFFFFFFFC8FFF0000371563D64323A9409C1320
0D1AFF23F76084A4190CEC88162BD4AEBB0B043FFFFFFFFFFC6FFF0000371563D64323A9409C1338
0D1B2123F78384A3B00CECA7162BE9AEBB0C043FFFFFFFFFFC6FFF0000371563D64323A9409C0350
0D1B7B23F7F984A32C0CED04162C29AEBB0D044FFFFFFFFFFC7FFF0000261563D64323A9409C0368
0D1BE223F87A84A2890CED68162C6CAECB0E044FFFFFFFFFFC8FFF0000351563D64323AA409C0380
0D1C3423F8E184A1D80CEDBC162CA3AECB0E043FFFFFFFFFFC7FFF00002E1563D74323AA409C0398
0D1CA123F96D84A1530CEE28162CEDAEDB0F043FFFFFFFFFFC7FFF0000361563D74323AA409C03B0
0D1CD623F9AE84A1230CEE5C162D0EAEEB10044FFFFFFFFFFC7FFF0000301563D74323AA409C03C8
0D1CEF23F9D284A0F00CEE71162D21AEFB11043FFFFFFFFFFC7FFF00002D1563D74323AA409C03E0
0D1D3223FA2684A05A0CEEB7162D52AEFB11043FFFFFFFFFFC8FFF0000351563D74323AA409C03F8
0D1D9C23FAA3849F970CEF18162D92AF0B12043FFFFFFFFFFC8FFF00002E1563D84323AA409C0310
0D1DEA23FB08849EF40CEF6C162DCCAF1B12043FFFFFFFFFFC8FFF0000361563D84323AA409C0328
0D1E7D23FBCF849E870CF001162E35AF2B12044FFFFFFFFFFC8FFF0000361563D84323AA409BE340
0D1ECD23FC38849E300CF04C162E69AF3B13043FFFFFFFFFFC8FFF0000361563D84323AA409C0358
0D1F0A23FC88849DD60CF07F162E90AF1B13043FFFFFFFFFFC8FFF0000361563D94323AA409BE370
0D1F4C23FCD6849D5D0CF0C7162EC2AF2B14043FFFFFFFFFFC7FFF00002D1563D94323AA409BE388
0D1FBB23FD67849CCE0CF136162F0EAF3B15044FFFFFFFFFFC7FFF0000361563D94323AA409BE3A0
0D202423FDEE849C300CF19B162F54AF4B15044FFFFFFFFFFC7FFF0000361563D94323AA409BE3B8
0D209923FE86849B980CF20E162FA7AF5B16043FFFFFFFFFFC7FFF0000361563D94323AA409BD3D0
0D211423FF2F849B270CF292163002AF6B16043FFFFFFFFFFC8FFF0000361563DA4323AA409BD3E8
0D219923FFE1849AE10CF31116305EAF6B17044FFFFFFFFFFC8FFF0000361563DA4323AA409BD300
0D21C9240021849A810CF33B16307EAF6B18043FFFFFFFFFFC8FFF00002E1563DA4323AA409BD318
0D22272400928499E90CF39A1630C0AF7B18043FFFFFFFFFFC8FFF0000341563DA4323AA409BC330
0D226F2400E884993D0CF3DC1630EAAF8B19043FFFFFFFFFFC8FFF00002E1563DB4323AB409BC348
0D22A02401258498BB0CF41016310FAF9B1A044FFFFFFFFFFC7FFF0000351563DB4323AB409BC360
0D22CC2401578498620CF43C163127AF9B1A044FFFFFFFFFFC8FFF0000341563DB4323AB409BC378
0D22EC24017F8497F40CF45A16313DAFAB1B043FFFFFFFFFFC9FFF0000271563DB4323AB409BC390
0D238C24025B84975E0CF4FC1631B4AFBB1B043FFFFFFFFFFC7FFF0000321563DB4323AB409BC3A8
0D24552403618496C30CF5BD16323EAFBB1B043FFFFFFFFFFC7FFF0000361563DC4323AB409BB3C0
0D24932403AE84965E0CF602163268AFBB1C043FFFFFFFFFFC7FFF0000351563DC4323AB409BB3D8
0D24A82403C58496110CF611163273AFCB1C043FFFFFFFFFFC7FFF0000351563DC4323AB409BB3F0
0D24AB2403C08495950CF614163270AFDB1D043FFFFFFFFFFC7FFF00002C1563DC4323AB409BA308
0D24B22403BA8494F90CF61B16326FAFDB1E044FFFFFFFFFFC7FFF0000351563DC4323AB409BB320
0D24B62403AF84945A0CF61D163269AFEB1E043FFFFFFFFFFC7FFF0000351563DD4323AB409BA338
0D24B52403A28493D60CF61C163260AFDB1F043FFFFFFFFFFC7FFF00002D1563DD4323AB409BA350
0D24B52403968493630CF61B16325BAFEB1F043FFFFFFFFFFC8FFF0000331563DD4323AB409BA368
0D24B624038D8493030CF61E163255AFEB1F044FFFFFFFFFFC6FFF0000351563DD4323AB409B9380
0D24C624039C8492A60CF62B16325DAFEB1F043FFFFFFFFFFC6FFF0000241563DD4323AB409B9398
0D250D2403F48492270CF67316328FAFEB1F043FFFFFFFFFFC7FFF0000341563DE4323AB409B93B0
0D258F2404A08491840CF6F41632E7AFEB1F043FFFFFFFFFFC7FFF0000351563DE4323AB409B93C8
0D260724053E8490F00CF76E16333FAFDB1F043FFFFFFFFFFC7FFF0000351563DE4323AB409B93E0
0D264C2405948490860CF7B316336AAFDB1F043FFFFFFFFFFC7FFF0000341563DE4323AB409B83F8
0D26B624062384902F0CF8171633B6AFDB1F044FFFFFFFFFFC7FFF0000341563DF4323AB409B8310
0D26E924065B848FB40CF84A1633D6AFDB1F043FFFFFFFFFFC7FFF0000341563DF4323AB409B8328
0D27532406E6848F1E0CF8B7163424AFEB20043FFFFFFFFFFC6FFF0000331563DF4323AB409B8340
0D27E12407A2848E930CF940163485AFFB20043FFFFFFFFFFC6FFF00002B1563DF4323AC409B8358
0D283B240819848E150CF9981634C3AFFB21043FFFFFFFFFFC8FFF0000341563E04323AC409B7370
0D28D22408E8848DA00CFA2D163532B00B21043FFFFFFFFFFC7FFF00002B1563E04323AC409B7388
0D296F2409B7848D3F0CFACC1635A4B00B22043FFFFFFFFFFC7FFF0000341563E04323AC409B73A0
0D29B1240A0D848CE30CFB051635CDB01B22043FFFFFFFFFFC7FFF0000341563E04323AC409B63B8
0D29E7240A49848C650CFB3E1635F2B02B23044FFFFFFFFFFC7FFF00002C1563E04323AC409B63D0
0D2A38240AAD848BBC0CFB8F163628B03B24043FFFFFFFFFFC7FFF0000321563E14323AC409B63E8
0D2A8B240B14848B140CFBE016365DB04B24043FFFFFFFFFFC7FFF0000341563E14323AC409B6300
0D2ABB240B50848A9D0CFC0F163679B05B25043FFFFFFFFFFC7FFF0000301563E14323AC409B6318
0D2AED240B8F848A470CFC3E16369BB06B26044FFFFFFFFFFC8FFF00002E1563E14323AC409B6330
0D2B5A240C248489E30CFCA81636EAB06B27043FFFFFFFFFFC8FFF0000251563E14323AC409B5348
0D2BA2240C7B8489750CFCF116371AB06B27043FFFFFFFFFFC8FFF00002F1563E24323AC409B5360
0D2BBB240C978489020CFD0C163729B06B28043FFFFFFFFFFC8FFF0000331563E24323AC409B5378
0D2C07240CEE8488630CFD5816375BB06B28044FFFFFFFFFFC8FFF00002A1563E24323AC409B5390
0D2C74240D768487B00CFDC21637A5B06B28043FFFFFFFFFFC7FFF0000331563E24323AC409B53A8
0D2CD7240DF78487340CFE291637EAB07B28043FFFFFFFFFFC7FFF00002A1563E34323AC409B43C0
0D2D06240E318486F70CFE54163804B09B28043FFFFFFFFFFC7FFF0000331563E34323AC409B43D8
0D2D29240E658486920CFE76163821B0AB29043FFFFFFFFFFC8FFF0000331563E34323AC409B43F0
0D2D8C240EDD8486050CFED9163866B0AB29043FFFFFFFFFFC8FFF0000331563E34323AC409B4308
0D2E2F240FBE8485790CFF7E1638DFB0BB2A043FFFFFFFFFFC8FFF00002A1563E34323AC409B4320
0D2EA92410598484EC0CFFF116392DB0BB2A043FFFFFFFFFFC7FFF0000331563E44323AC409B3338
0D2EEB2410A98484670D0030163958B0BB2B043FFFFFFFFFFC7FFF0000331563E44323AD409B3350
0D2F182410DF8483FE0D005A163973B0BB2B043FFFFFFFFFFC8FFF0000301563E44323AD409B3368
0D2F622411498483990D00A31639A9B0CB2B043FFFFFFFFFFC8FFF00002C1563E44323AD409B2380
0D301A24123C8483240D015D163A31B0DB2C043FFFFFFFFFFC7FFF0000331563E44323AD409B3398
0D305524127E8482A00D0193163A51B0EB2D03FFFFFFFFFFFC7FFF0000291563E54323AD409B23B0
0D306124128584821A0D01A0163A54B0EB2D03FFFFFFFFFFFC7FFF0000291563E54323AD409B23C8
0D30732412918481990D01B1163A5DB0EB2D03FFFFFFFFFFFC5FFF0000321563E54323AD409B23E0
0D308324129C8481110D01BF163A61B0FB2E03FFFFFFFFFFFC7FFF0000321563E54323AD409B23F8
0D30992412B08480990D01D5163A69B0FB2F03FFFFFFFFFFFC8FFF0000291563E64323AD409B1310
0D309E2412AB84804F0D01DD163A68B0FB2F03FFFFFFFFFFFC7FFF0000311563E64323AD409B1328
0D309F2412A9847FE90D01DB163A65B10B3003FFFFFFFFFFFC7FFF00002D1563E64323AD409B2340
0D30CA2412D4847F3C0D0205163A7EB11B3003FFFFFFFFFFFC8FFF00002D1563E64323AD409B0358
0D314E24137A847E790D0286163AD5B11B3003FFFFFFFFFFFC8FFF0000321563E64323AD409B1370
0D31AC2413F2847E080D02E7163B16B11B3003FFFFFFFFFFFC7FFF0000321563E74323AD409B0388
0D31B9241403847DED0D02F8163B1FB11B3003FFFFFFFFFFFC7FFF0000281563E74323AD409B03A0
0D31DA24142E847DA20D0315163B39B11B3003FFFFFFFFFFFC8FFF0000291563E74323AD409B03B8
0D320524145C847D050D0340163B50B11B3103FFFFFFFFFFFC9FFF0000321563E74323AD409B03D0
0D32592414BB847C3E0D0394163B87B11B3103FFFFFFFFFFFC7FFF0000321563E84323AD409B03E8
0D32CC241549847B8F0D0401163BCFB11B3203FFFFFFFFFFFC8FFF0000311563E84323AD409B0300
0D33172415B3847B160D044C163C04B12B31040FFFFFFFFFFC8FFF0000311563E84323AE409AF318
0D33AF24167B847AD20D04E2163C6DB13B3203FFFFFFFFFFFC8FFF0000211563E84323AD409AF330
0D33CA24169C847A9B0D0501163C85B13B3203FFFFFFFFFFFC7FFF0000301563E84323AD409AE348
0D3414241700847A300D054B163CBEB14B3303FFFFFFFFFFFC7FFF0000311563E94323AD409AE360
0D348D24179E84799B0D05C4163D14B14B3303FFFFFFFFFFFC7FFF0000311563E94323AD409AE378
0D351B24185C8478F60D0650163D77B15B3303FFFFFFFFFFFC7FFF0000311563E94323AE409AE390
0D35BF2419288478450D06F1163DE5B15B3403FFFFFFFFFFFC6FFF0000311563E94323AE409AE3A8
0D35FC2419798477B90D072A163E0CB15B35040FFFFFFFFFFC7FFF0000281563EA4323AE409AD3C0
0D362E2419B38477670D075C163E29B17B3503FFFFFFFFFFFC7FFF0000291563EA4323AE409AE3D8
0D363C2419C484771E0D0768163E33B17B36043FFFFFFFFFFC8FFF00002F1563EA4323AE409AD3F0
0D365C2419E98476C40D0785163E47B17B37044FFFFFFFFFFC8FFF0000281563EA4323AE409AE308
0D3687241A1784763C0D07B3163E65B18B38044FFFFFFFFFFC7FFF0000301563EA4323AE409AD320
0D36C0241A598475900D07EB163E83B18B38043FFFFFFFFFFC8FFF0000281563EB4323AE409AC338
0D36DA241A698474E60D0805163E8FB19B39043FFFFFFFFFFC7FFF0000301563EB4323AE409AC350
0D3701241A9984745B0D082C163EA5B1AB39044FFFFFFFFFFC7FFF0000301563EB4323AE409AC368
0D3736241AD88474030D0861163EC6B1BB39043FFFFFFFFFFC7FFF0000271563EB4323AE409AC380
0D374C241AF08473C30D0876163ED3B1BB39044FFFFFFFFFFC7FFF0000301563EB4323AE409AC398
0D375E241B058473650D0886163EE1B1BB3A043FFFFFFFFFFC7FFF0000291563EC4323AE409AC3B0
0D3812241BF78472D60D0941163F67B1BB3A043FFFFFFFFFFC7FFF00002D1563EC4323AE409AB3C8
0D38B6241CC584721D0D09DC163FD2B1BB3A043FFFFFFFFFFC7FFF0000271563EC4323AE409AB3E0
0D390C241D318471730D0A2F164009B1BB3A043FFFFFFFFFFC7FFF0000301563EC4323AE409AB3F8
0D3928241D518471100D0A4F164018B1CB3B043FFFFFFFFFFC8FFF0000301563ED4323AE409AA310
0D393B241D668470C90D0A5E164025B1DB3B043FFFFFFFFFFC6FFF0000301563ED4323AE409AA328
0D396C241DA384705C0D0A8B164045B1DB3C043FFFFFFFFFFC6FFF0000271563ED4323AE409AA340
0D39AA241DED846FDA0D0AD1164073B1EB3C043FFFFFFFFFFC7FFF0000301563ED4323AE409AA358
0D3A1F241E89846F540D0B401640C2B1EB3C044FFFFFFFFFFC6FFF00002F1563EE4323AE409AA370
0D3A5E241ED5846EDA0D0B7B1640E8B1EB3D043FFFFFFFFFFC7FFF0000261563EE4323AE409A9388
0D3A9F241F1F846E5D0D0BBD164113B1EB3D043FFFFFFFFFFC8FFF00002E1563EE4323AE409A93A0
0D3AC4241F46846DCA0D0BE316412AB1EB3D044FFFFFFFFFFC7FFF00002F1563EE4323AF409A93B8
0D3AFA241F88846D480D0C1816414CB1FB3E044FFFFFFFFFFC7FFF0000261563EE4323AF409A93D0
0D3B24241FBB846CE80D0C40164164B1FB3E043FFFFFFFFFFC7FFF00002E1563EF4323AF409A83E8
0D3B42241FDB846C880D0C5B164176B1FB3E043FFFFFFFFFFC8FFF00002F1563EF4323AF409A8300
0D3B8024202A846C100D0C9A1641A0B1FB3E043FFFFFFFFFFC8FFF00002F1563EF4323AF409A8318
0D3BC224207A846B8B0D0CDB1641CAB20B3F043FFFFFFFFFFC9FFF0000261563EF4323AF409A8330
0D3C122420E0846B060D0D291641FFB20B3F043FFFFFFFFFFC8FFF00002F1563F04323AF409A8348
0D3C7124215E846A920D0D86164245B20B3F043FFFFFFFFFFC9FFF00002F1563F04323AF409A8360
0D3CFE242214846A1A0D0E0F1642A3B21B40043FFFFFFFFFFC8FFF0000201563F04323AF409A8378
0D3D582422878469870D0E6A1642E2B21B40044FFFFFFFFFFC8FFF00002C1563F04323AF409A7390
0D3DC22423138469080D0ED316432DB22B40043FFFFFFFFFFC8FFF00002F1563F04323AF409A73A8
0D3DF624234F8468A20D0F08164350B21B40043FFFFFFFFFFC8FFF0000171563F14323AF409A73C0
0D3E472423C18468280D0F52164386B22B41043FFFFFFFFFFC8FFF00002D1563F14323AF409A63D8
0D3EF42424A38467AA0D1001164404B23B41043FFFFFFFFFFC7FFF00002E1563F14323AF409A63F0
0D3F6724253984674C0D1074164453B23B42043FFFFFFFFFFC7FFF00002E1563F14323AF409A6308
0D3FA324258E8466EF0D10AC16447EB24B43043FFFFFFFFFFC8FFF00002E1563F14323AF409A6320
0D402724263B84665D0D112B1644D9B24B43044FFFFFFFFFFC7FFF00002E1563F24323AF409A6338
0D410D2427668465A90D120E16457CB24B44043FFFFFFFFFFC7FFF00002E1563F24323AF409A5350
0D41412427A484650E0D124416459EB25B44043FFFFFFFFFFC8FFF00001D1563F24323AF409A5368
0D414A2427A58464AE0D125116459FB26B44043FFFFFFFFFFC8FFF00002D1563F24323AF409A5380
0D416D2427D28464740D12721645B5B27B46043FFFFFFFFFFC9FFF00002E1563F34323AF409A5398
0D418E2427FF8464390D12941645CFB27B46044FFFFFFFFFFC7FFF00002E1563F34323AF409A53B0
0D419E24280B8463C10D12A21645D8B27B47043FFFFFFFFFFC7FFF0000251563F34323AF409A53C8
0D41E224285B8462FD0D12E41645FDB28B47043FFFFFFFFFFC7FFF0000291563F34323AF409A43E0
0D423A2428BD8462250D133C164636B28B47043FFFFFFFFFFC7FFF0000291563F44323B0409A43F8
0D42A524294D84619C0D13A8164681B29B47043FFFFFFFFFFC7FFF00002E1563F44323B0409A4310
0D42ED2429AD84617B0D13F11646B4B2AB48043FFFFFFFFFFC8FFF00002E1563F44323B0409A4328
0D43202429F68461510D141D1646D8B2BB48043FFFFFFFFFFC8FFF00002E1563F44323B0409A4340
0D4370242A5A8460CF0D146E164713B2BB49043FFFFFFFFFFC8FFF0000251563F44323AF409A4358
0D438C242A6C8460280D148B16471DB2BB49043FFFFFFFFFFC7FFF00002E1563F54323B0409A3370
0D4399242A6D845F810D149B164722B2CB49043FFFFFFFFFFC7FFF00002E1563F54323B0409A3388
0D4419242B24845EE90D151916477FB2CB4A043FFFFFFFFFFC7FFF0000261563F54323B0409A23A0
0D450F242C70845E700D1601164829B2CB4A044FFFFFFFFFFC7FFF00002B1563F54323B0409A23B8
0D4584242D06845E1F0D1674164878B2CB4A043FFFFFFFFFFC8FFF00002D1563F64323B0409A23D0
0D45A6242D35845DDD0D169F164896B2CB4A043FFFFFFFFFFC8FFF00002D1563F64323B0409A23E8
0D45B4242D3D845D790D16AC16489FB2CB4B043FFFFFFFFFFC7FFF0000251563F64323B0409A2300
0D45D2242D58845CD20D16CD1648ADB2DB4C043FFFFFFFFFFC7FFF00002C1563F64323B0409A1318
0D4635242DD1845C0E0D172C1648EEB2EB4C043FFFFFFFFFFC7FFF0000281563F74323B0409A2330
0D4687242E36845B8A0D177C164922B2EB4D043FFFFFFFFFFC8FFF0000281563F74323B0409A1348
0D46B7242E79845B590D17AC164942B2EB4D043FFFFFFFFFFC8FFF00002D1563F74323B0409A0360
0D4711242EF2845B030D17FF164984B2EB4E043FFFFFFFFFFC7FFF00002C1563F74323B0409A0378
0D4749242F33845A720D183C1649AAB2EB4E043FFFFFFFFFFC7FFF0000241563F74323B0409A0390
0D477C242F688459D70D186F1649CAB2EB4E043FFFFFFFFFFC7FFF00002D1563F74323B0409A03A8
0D485B2430A884594D0D1952164A77B2FB4E043FFFFFFFFFFC6FFF00002D1563F84323B0409A03C0
0D49152431988458DD0D1A01164AF1B30B4F043FFFFFFFFFFC8FFF0000241563F84323B0409A03D8
0D49412431D184587B0D1A2B164B0DB30B4F043FFFFFFFFFFC7FFF00002C1563F84323B0409A03F0
0D49B124326884581E0D1A99164B5EB31B4F043FFFFFFFFFFC7FFF00002D1563F84323B0409A0308
0D49DD24329A8457B60D1AC6164B7CB32B50043FFFFFFFFFFC7FFF0000271563F94323B0409A0320
0D49FC2432BB84572A0D1AE6164B8CB32B51043FFFFFFFFFFC7FFF0000211563F94323B1409A0338
0D4A3E24330684567F0D1B23164BB3B33B51043FFFFFFFFFFC8FFF00002B1563F94323B1409A0350
0D4AC52433B68455EA0D1BA2164C0FB33B52043FFFFFFFFFFC8FFF0000241563F94323B14099E368
0D4B022434048455960D1BF1164C3FB33B52043FFFFFFFFFFC8FFF00002C1563F94323B14099F380
0D4B772434A48455610D1C59164C8FB35B53043FFFFFFFFFFC8FFF00002C1563FA4323B14099E398
0D4BE82435448454F50D1CC3164CE1B36B53043FFFFFFFFFFC8FFF00002C1563FA4323B14099E3B0
0D4C732435F38454520D1D56164D48B37B53043FFFFFFFFFFC8FFF00002C1563FA4323B14099E3C8
0D4CD12436698453A40D1DAB164D81B37B54043FFFFFFFFFFC7FFF0000231563FA4323B14099D3E0
0D4D322436E28453200D1E0C164DC4B37B54043FFFFFFFFFFC7FFF00002C1563FB4323B14099E3F8
0D4D442436F58452D40D1E21164DCCB37B55043FFFFFFFFFFC8FFF00002C1563FB4323B14099E310
0D4D492436F98452830D1E27164DD0B38B55043FFFFFFFFFFC8FFF0000231563FB4323B14099D328
0D4D4E2436EF8452120D1E2C164DD1B38B56043FFFFFFFFFFC8FFF00002B1563FB4323B14099C340
0D4D802437338451830D1E5C164DEEB39B57043FFFFFFFFFFC9FFF00002C1563FB4323B14099C358
0D4DE62437B08450F20D1EC0164E34B39B57043FFFFFFFFFFC9FFF0000231563FC4323B14099D370
0D4E5D24385384506F0D1F36164E89B3AB57043FFFFFFFFFFC8FFF00002C1563FC4323B14099C388
0D4E9D24389C8450070D1F73164EAEB3AB57043FFFFFFFFFFC7FFF00002C1563FC4323B14099C3A0
0D4E9E243893844FBB0D1F79164EAEB3AB57043FFFFFFFFFFC7FFF0000231563FC4323B14099C3B8
0D4EAB24389E844F4F0D1F81164EB3B3AB58043FFFFFFFFFFC8FFF00002B1563FC4323B14099C3D0
0D4F54243985844EAD0D2026164F2AB3BB59043FFFFFFFFFFC8FFF0000241563FD4323B14099B3E8
0D4FFC243A5D844E070D20CA164F9DB3BB58043FFFFFFFFFFC8FFF0000231563FD4323B14099B300
0D5062243AE2844D950D2133164FE7B3BB58042FFFFFFFFFFC7FFF00002C1563FD4323B24099B318
0D50D9243B82844D570D21AD16503DB3BB5903FFFFFFFFFFFC6FFF00002C1563FD4323B14099B330
0D518E243C88844D020D22551650C5B3BB5903FFFFFFFFFFFC7FFF00002C1563FE4323B14099A348
0D525E243D9D844C850D232C165160B3CB5903FFFFFFFFFFFC7FFF0000231563FE4323B14099A360
0D529F243DE8844BF00D236C165189B3DB5A03FFFFFFFFFFFC7FFF00002B1563FE4323B24099A378
0D5371243F0F844B530D243116521BB3DB5B040FFFFFFFFFFC7FFF00002C1563FE4323B24099A390
0D5427243FFD844AC70D24EB1652A2B3DB5C03FFFFFFFFFFFC7FFF00002B1563FE4323B2409993A8
0D543D244012844A580D25021652AEB3EB5C03FFFFFFFFFFFC8FFF00002C1563FF4323B2409993C0
0D546E24404D844A020D25331652CFB3EB5D03FFFFFFFFFFFC8FFF00002C1563FF4323B2409993D8
0D54852440688449BF0D254B1652DBB3FB5E03FFFFFFFFFFFC7FFF00002C1563FF4323B2409993F0
0D54902440738449650D25551652E5B41B5F041FFFFFFFFFFC7FFF00002C1563FF4323B240999308
0D54E02440D88448C40D25A2165316B42B5F043FFFFFFFFFFC8FFF00002B1563FF4323B240998320
0D554724415A84480E0D260616535BB42B60043FFFFFFFFFFC8FFF00001D1564004323B240998338
0D55A32441CA8447840D265F165397B43B60043FFFFFFFFFFC8FFF0000291564004323B240998350
0D55AE2441CF8447340D266E16539CB43B60043FFFFFFFFFFC8FFF0000231564004323B240998368
0D55C92441F28446E10D268E1653B5B43B61043FFFFFFFFFFC8FFF0000221564004323B240998380
0D562A24427284466A0D26EA1653F6B43B61044FFFFFFFFFFC8FFF00002B1564004323B240997398
0D566B2442BC8445DD0D272716541BB43B61043FFFFFFFFFFC7FFF00002B1564014323B2409973B0
0D56BF24433684455F0D277B16545CB43B61043FFFFFFFFFFC6FFF00002B1564014323B2409973C8
0D57A02444648445020D285B1654FFB44B61043FFFFFFFFFFC7FFF0000231564014323B2409963E0
0D58032444E68444A30D28BB165542B44B62043FFFFFFFFFFC7FFF0000231564014323B2409963F8
0D58362445208444140D28EE165563B44B62044FFFFFFFFFFC7FFF00002A1564014323B240996310
0D58932445948443740D294816559FB45B62043FFFFFFFFFFC7FFF00002B1564024323B340996328
0D58BA2445C28443020D296F1655B9B47B63043FFFFFFFFFFC7FFF0000231564024323B340996340
0D58FD2446168442A70D29B01655E7B48B64043FFFFFFFFFFC9FFF0000291564024323B340996358
0D592924464D8442450D29DC165604B48B65043FFFFFFFFFFC8FFF00002B1564024323B340996370
0D595A24468A8441D70D2A0E165625B48B65043FFFFFFFFFFC8FFF00002B1564024323B340995388
0D59CA24471F84415A0D2A7C165675B49B66043FFFFFFFFFFC8FFF0000231564034323B3409963A0
0D5A312447A38440CB0D2ADD1656B7B49B66043FFFFFFFFFFC8FFF00002A1564034323B3409943B8
0D5AB82448578440460D2B61165718B4AB66043FFFFFFFFFFC7FFF00002B1564034323B3409953D0
0D5AF2244899843FE20D2BA0165740B4AB66043FFFFFFFFFFC7FFF0000231564034323B3409943E8
0D5B8B24497F843F820D2C3A1657B9B4AB66043FFFFFFFFFFC8FFF0000221564034323B340994300
0D5CCE244B2C843EF20D2D7116589AB4AB66043FFFFFFFFFFC8FFF00002B1564044323B340994318
0D5CE8244B41843E710D2D911658ADB4BB67043FFFFFFFFFFC8FFF00002B1564044323B340994330
0D5CEB244B40843E160D2D941658AAB4BB67043FFFFFFFFFFC9FFF00002B1564044323B340993348
0D5CEF244B40843DAC0D2D961658AAB4CB68043FFFFFFFFFFC9FFF0000231564044323B340993360
0D5CF1244B31843D1A0D2D961658A1B4CB69043FFFFFFFFFFC8FFF0000221564054323B340993378
0D5D45244BAB843C920D2DEA1658E3B4DB6A043FFFFFFFFFFC7FFF00002B1564054323B340994390
0D5E72244D48843C3E0D2F171659BFB4DB6A043FFFFFFFFFFC7FFF00002B1564054323B3409923A8
0D5EDD244DD1843BDE0D2F7D165A0AB4DB6A043FFFFFFFFFFC7FFF0000231564054323B3409923C0
0D5F29244E34843B530D2FC6165A3DB4EB6A043FFFFFFFFFFC8FFF00002A1564054323B4409923D8
0D5FD1244F1E843AC80D3064165AB1B4FB6B043FFFFFFFFFFC8FFF00002B1564054323B4409923F0
0D6094245023843A590D3134165B4CB51B6C043FFFFFFFFFFC8FFF00002B1564064323B440992308
0D60EC2450948439E90D3186165B84B52B6D043FFFFFFFFFFC8FFF0000221564064323B440991320
0D61262450DE84397F0D31BE165BADB52B6D043FFFFFFFFFFC7FFF00002B1564064323B440992338
0D618324515C8439180D321A165BEDB53B6E043FFFFFFFFFFC7FFF00002B1564064323B440991350
0D61EC2451E68438970D3283165C3AB53B6F043FFFFFFFFFFC8FFF00002B1564064323B440991368
0D624C24525C84380C0D32DE165C76B54B6F043FFFFFFFFFFC8FFF0000231564074323B440990380
0D625B24526984378C0D32ED165C7BB54B70043FFFFFFFFFFC9FFF0000261564074323B440990398
0D62872452A18437180D3319165C9AB54B70043FFFFFFFFFFC8FFF00001F1564074323B4409903B0
0D62EE24532C8436AB0D337E165CE5B54B70043FFFFFFFFFFC8FFF00002A1564074323B4409903C8
0D632424536A8436540D33B9165D08B55B71043FFFFFFFFFFC8FFF0000231564074323B4409903E0
0D632F2453728435F70D33C0165D0CB55B71043FFFFFFFFFFC7FFF00002B1564084323B4409903F8
0D634024537F8435730D33D1165D13B56B72043FFFFFFFFFFC7FFF0000291564084323B440990310
0D635C2453938434D70D33EA165D1DB56B72043FFFFFFFFFFC7FFF0000241564084323B44098F328
0D63942453DF8434420D341E165D40B57B73043FFFFFFFFFFC9FFF0000241564084323B54098F340
0D64302454B38433C50D34BB165DB5B56B73043FFFFFFFFFFC8FFF0000221564094323B54098F358
0D64782455078433700D3504165DE4B56B73043FFFFFFFFFFC8FFF0000241564094323B54098E370
0D64BC24557184331B0D3549165E1BB56B7303FFFFFFFFFFFC8FFF00002A1564094323B54098E388
0D662A2457798432B20D36AF165F30B57B7303FFFFFFFFFFFC8FFF00002B1564094323B54098E3A0
0D673A2458EE84323D0D37BE165FFAB57B7403FFFFFFFFFFFC9FFF00001C1564094323B54098E3B8
0D6811245A158431B00D388D166095B57B7403FFFFFFFFFFFC6FFF0000291564094323B54098E3D0
0D68E4245B2D84311F0D395C16612BB58B7403FFFFFFFFFFFC6FFF00002B15640A4323B54098E3E8
0D693A245BA184309D0D39B3166167B5AB7603FFFFFFFFFFFC7FFF00002B15640A4323B54098D300
0D6993245C1284303B0D3A0D1661A8B5AB7703FFFFFFFFFFFC7FFF00002315640A4323B54098D318
0D69F6245C9A842FD10D3A6F1661F1B5BB77040FFFFFFFFFFC7FFF00002B15640A4323B54098D330
0D6A72245D38842F5B0D3AEA166249B5CB7903FFFFFFFFFFFC8FFF00002C15640A4323B54098D348
0D6ABE245D9F842EEB0D3B3616627EB5DB7903FFFFFFFFFFFC8FFF00002C15640B4323B54098D360
0D6B0F245E0A842E6B0D3B821662B5B5EB7903FFFFFFFFFFFC7FFF00002715640B4323B54098C378
0D6BE8245F39842DE20D3C55166352B5EB7A03FFFFFFFFFFFC7FFF00002715640B4323B54098C390
0D6C73245FEC842D740D3CE31663B7B5EB7A03FFFFFFFFFFFC8FFF00002315640B4323B54098C3A8
0D6CA7246032842D080D3D181663DEB5EB7B03FFFFFFFFFFFC8FFF00002B15640C4323B54098C3C0
0D6D032460AC842C830D3D7016641EB5FB7B03FFFFFFFFFFFC8FFF00002C15640C4323B54098B3D8
0D6D47246102842C090D3DB516644BB60B7C03FFFFFFFFFFFC8FFF00002C15640C4323B64098B3F0
0D6D9B246178842BA00D3E0B16648DB61B7C03FFFFFFFFFFFC7FFF00002315640C4323B64098B308
0D6DD32461B8842B320D3E431664B3B61B7D03FFFFFFFFFFFC7FFF00002C15640C4323B64098B320
0D6DFB2461E6842AA90D3E671664C5B62B7D043FFFFFFFFFFC6FFF00002315640D4323B64098A338
0D6E19246206842A220D3E851664D8B63B7E043FFFFFFFFFFC7FFF00002B15640D4323B64098A350
0D6E3E24622D8429B20D3EAA1664EEB62B7E043FFFFFFFFFFC8FFF00002C15640D4323B64098A368
0D6E5D24625184294E0D3EC91664FFB62B7F043FFFFFFFFFFC8FFF00002C15640D4323B64098A380
0D6E8A24628B8428DD0D3EF416651CB62B7F043FFFFFFFFFFC8FFF00002C15640D4323B64098A398
0D6EFB24631F8428560D3F6316656EB63B7F043FFFFFFFFFFC8FFF00002315640E4323B64098A3B0
0D6FB32464138427D00D40141665EDB63B7F043FFFFFFFFFFC8FFF00002C15640E4323B6409893C8
0D6FF82464668427550D405D16661CB62B7F043FFFFFFFFFFC8FFF00001415640E4323B6409893E0
0D702C2464A68426DF0D409116663FB62B7F043FFFFFFFFFFC7FFF00002B15640E4323B6409893F8
0D70712464FE8426670D40D7166670B62B7F043FFFFFFFFFFC7FFF00002C15640F4323B640989310
0D709A2465298426090D40FE166685B63B80043FFFFFFFFFFC7FFF00002315640F4323B640988328
0D70A524652F8425B50D410916668BB63B80043FFFFFFFFFFC8FFF00002415640F4323B640988340
0D70B02465398425310D411416668DB64B81043FFFFFFFFFFC8FFF00002B15640F4323B640988358
0D70ED24657A8424820D414D1666AFB64B81043FFFFFFFFFFC7FFF00002C15640F4323B740988370
0D71352465DB8423EC0D41941666E0B64B81043FFFFFFFFFFC8FFF0000231564104323B740988388
0D71BF24668F8423900D4220166744B64B81043FFFFFFFFFFC8FFF00002C1564104323B7409883A0
0D71F92466DD84233A0D4260166775B65B82043FFFFFFFFFFC8FFF00002C1564104323B7409873B8
0D72902467B48422CC0D42E91667DEB65B82043FFFFFFFFFFC8FFF0000241564104323B7409873D0
0D73732468DE8422550D43CD166882B66B82043FFFFFFFFFFC8FFF00002B1564104323B7409863E8
0D74292469E68421DC0D448016690CB67B83043FFFFFFFFFFC8FFF00002C1564114323B740986300
0D7516246B1E84214C0D45671669B3B68B83043FFFFFFFFFFC6FFF0000251564114323B740986318
0D7598246BD28420B20D45E3166A0FB68B83043FFFFFFFFFFC8FFF0000231564114323B740986330
0D75FB246C518420420D464D166A59B68B83043FFFFFFFFFFC8FFF00002C1564114323B740986348
0D7617246C76841FEA0D4669166A6DB69B84043FFFFFFFFFFC7FFF00002C1564124323B740986360
0D766F246CEF841F7A0D46C0166AADB6AB85043FFFFFFFFFFC8FFF0000271564124323B740985378
0D7742246E1F841EFE0D478D166B4EB6AB85043FFFFFFFFFFC7FFF0000291564124323B740986390
0D7807246F1D841E800D4851166BDAB6AB86043FFFFFFFFFFC6FFF00002C1564124323B7409853A8
0D783A246F5B841E010D4883166BFCB6BB86043FFFFFFFFFFC7FFF0000251564124323B8409853C0
0D785A246F87841D930D48A3166C0FB6DB87043FFFFFFFFFFC8FFF00002D1564134323B8409843D8
0D78B1246FFC841D310D48F9166C50B6EB88043FFFFFFFFFFC7FFF00002D1564134323B8409843F0
0D792C247097841C9A0D4972166CA6B6EB89043FFFFFFFFFFC8FFF0000241564134323B840984308
0D7989247117841BEC0D49C8166CE1B6EB89043FFFFFFFFFFC8FFF0000241564134323B840984320
0D7A0B2471C2841B770D4A4E166D3FB6EB8A043FFFFFFFFFFC8FFF00002D1564144323B840984338
0D7A1F2471D2841B360D4A66166D4EB6DB8A043FFFFFFFFFFC8FFF00002D1564144323B840984350
0D7A2A2471DF841AEF0D4A70166D55B6EB8A043FFFFFFFFFFC8FFF0000261564144323B840984368
0D7A86247261841A7F0D4AC9166D99B6FB8B043FFFFFFFFFFC7FFF00002B1564144323B840983380
0D7AD12472B38419DE0D4B12166DC5B70B8C043FFFFFFFFFFC7FFF00002D1564144323B840983398
0D7B6E24738B84192B0D4BA7166E31B70B8C043FFFFFFFFFFC7FFF00002D1564154323B8409833B0
0D7C1E24747584188C0D4C56166EB1B70B8C043FFFFFFFFFFC7FFF0000241564154323B8409823C8
0D7C742474E284182A0D4CB3166EEFB70B8C043FFFFFFFFFFC7FFF00002D1564154323B8409823E0
0D7CBD2475458417FA0D4CFC166F23B6FB8C043FFFFFFFFFFC8FFF0000231564154323B8409823F8
0D7D1A2475C98417BC0D4D56166F6BB70B8D043FFFFFFFFFFC8FFF0000281564154323B840982310
0D7D9C24767D8417420D4DD6166FCCB71B8E043FFFFFFFFFFC7FFF00002D1564164323B840982328
0D7E202477258416890D4E56167025B72B8E043FFFFFFFFFFC7FFF00002D1564164323B940982340
0D7ED22478108415D70D4F031670A2B73B8E043FFFFFFFFFFC8FFF0000241564164323B940981358
0D7F0F24785E8415680D4F461670CDB73B8E043FFFFFFFFFFC6FFF00002C1564164323B940981370
0D7F452478A784151D0D4F7A1670F2B73B8E043FFFFFFFFFFC7FFF0000251564174323B940981388
0D7F692478D18414BE0D4F9C16710CB74B8F043FFFFFFFFFFC8FFF0000241564174323B9409803A0
0D7F822478EC8414500D4FB5167119B75B90043FFFFFFFFFFC8FFF0000231564174323B9409803B8
0D7FDB2479638413CF0D500F16715CB76B90043FFFFFFFFFFC7FFF00002C1564174323B9409803D0
0D80A7247A7684134B0D50D91671EFB77B90043FFFFFFFFFFC7FFF00002D1564174323B9409803E8
0D80F5247AD98412DA0D5122167222B76B90043FFFFFFFFFFC8FFF0000241564184323B940980300
0D811D247B0684125C0D514B16723BB76B90043FFFFFFFFFFC8FFF00002D1564184323B940980318
0D8158247B528411D20D5184167262B76B91043FFFFFFFFFFC8FFF00002D1564184323B940980330
0D81D1247BEE8411510D51FB1672B6B77B91043FFFFFFFFFFC7FFF0000251564184323B94097F348
0D826B247CC38410EE0D5294167325B77B92043FFFFFFFFFFC7FFF00002B1564184323B94097F360
0D830C247D938410960D5333167398B77B92043FFFFFFFFFFC8FFF00002D1564194323B94097E378
0D8376247E238410310D53981673E2B77B92043FFFFFFFFFFC7FFF0000251564194323B94097E390
0D83B9247E7D840FB60D53D716740FB77B92043FFFFFFFFFFC9FFF00002D1564194323B94097E3A8
0D852C24808D840F230D5534167519B78B93043FFFFFFFFFFC9FFF0000251564194323B94097E3C0
0D86152481BB840E880D562B1675CAB77B93043FFFFFFFFFFC8FFF00002515641A4323BA4097E3D8
0D86312481D7840E0E0D564A1675DEB78B93043FFFFFFFFFFC8FFF00002D15641A4323BA4097D3F0
0D865A24820A840DB10D56751675FAB79B94043FFFFFFFFFFC8FFF00002615641A4323BA4097D308
0D8666248214840D4D0D5683167603B7AB94043FFFFFFFFFFC8FFF00002C15641A4323BA4097D320
0D868624823B840CE50D56A1167617B7BB95043FFFFFFFFFFC8FFF00002515641A4323BA4097D338
0D869E248253840C780D56B9167624B7BB95043FFFFFFFFFFC8FFF00002E15641B4323BA4097D350
0D86C224827E840BEC0D56D6167636B7BB95043FFFFFFFFFFC8FFF00002615641B4323BA4097C368
0D87CF2483F2840B4D0D57D91676F7B7BB95043FFFFFFFFFFC8FFF00002415641B4323BA4097C380
0D882324845B840AC60D583D16773DB7BB96043FFFFFFFFFFC8FFF00002E15641B4323BA4097C398
0D88852484E4840A670D589F167786B7BB96043FFFFFFFFFFC9FFF00002E15641B4323BA4097C3B0
0D88E4248562840A0E0D58F51677C6B7BB97043FFFFFFFFFFC8FFF00002615641C4323BA4097C3C8
0D890C24858F8409A20D591E1677DEB7CB97043FFFFFFFFFFC8FFF00002415641C4323BA4097C3E0
0D896624860D84092B0D597516781EB7DB97043FFFFFFFFFFC8FFF00002E15641C4323BA4097C3F8
0D8A332487248408A60D5A3B1678B1B7CB97043FFFFFFFFFFC8FFF00002E15641C4323BA4097B310
0D8A9D2487B184081B0D5AA61678FDB7CB98043FFFFFFFFFFC8FFF00002615641D4323BA4097B328
0D8B1B24885D8407A70D5B2316795AB7DB99043FFFFFFFFFFC8FFF00002D15641D4323BA4097A340
0D8B5C2488AF8407350D5B64167988B7EB99043FFFFFFFFFFC8FFF00002E15641D4323BA4097A358
0D8C102489B78406AF0D5C11167A11B7EB99043FFFFFFFFFFC8FFF00001715641D4323BB4097A370
0D8DBC248C0C8406350D5DBC167B55B7FB99043FFFFFFFFFFC8FFF00002D15641D4323BB4097A388
0D8E34248CA68405DB0D5E35167BA9B7FB99043FFFFFFFFFFC8FFF00002E15641E4323BB409793A0
0D8E67248CF28405810D5E66167BD1B80B9A043FFFFFFFFFFC8FFF00002E15641E4323BB4097A3B8
0D8F1B248DEB8404FD0D5F13167C55B81B9B043FFFFFFFFFFC8FFF00002E15641E4323BB4097A3D0
0D8FA1248EA084045B0D5F99167CB4B81B9B042FFFFFFFFFFC8FFF00002E15641E4323BB409793E8
0D8FEE248F028403C50D5FE6167CEBB81B9C043FFFFFFFFFFC8FFF00002515641F4323BB40979300
0D903D248F678403590D6039167D24B81B9C043FFFFFFFFFFC8FFF00002E15641F4323BB40979318
0D903F248F6084031A0D603C167D20B82B9D043FFFFFFFFFFC8FFF00002E15641F4323BB40978330
0D9056248F848402C80D6052167D32B83B9E043FFFFFFFFFFC7FFF00002615641F4323BB40978348
0D909E248FDD8402450D6097167D63B84B9E043FFFFFFFFFFC7FFF00002D15641F4323BB40978360
0D911724907984018E0D610D167DB3B85B9E043FFFFFFFFFFC8FFF00002E1564204323BB40978378
0D91682490D88400D70D615C167DE8B84B9E043FFFFFFFFFFC8FFF0000261564204323BB40978390
0D917D2490EE8400740D6175167DF6B83B9E043FFFFFFFFFFC8FFF00002D1564204323BB409783A8
0D918B2491038400590D6186167E00B84B9E043FFFFFFFFFFC9FFF0000271564204323BB409783C0
0D91B924914A8400090D61AE167E25B85B9F044FFFFFFFFFFC8FFF00002D1564204323BB409773D8
0D931B24933883FF690D630D167F30B85B9F042FFFFFFFFFFC7FFF0000271564214323BB409773F0
0D947B24952683FEB10D6463168032B85BA0043FFFFFFFFFFC8FFF00002D1564214323BC40977308
0D954D24964483FE300D65381680D0B84B9F043FFFFFFFFFFC7FFF00002F1564214323BC40976320
0D959124969C83FDE30D657F168102B84BA0043FFFFFFFFFFC8FFF00002F1564214323BC40976338
0D95A92496BD83FD7F0D6592168112B85BA1043FFFFFFFFFFC9FFF00002F1564214323BC40976350
0D95DF2496FF83FCF10D65C9168136B86BA1042FFFFFFFFFFC8FFF0000261564224323BC40976368
0D962424975083FC4F0D660C168163B87BA2043FFFFFFFFFFC8FFF0000221564224323BC40975380
0D96622497A483FBC50D664A16818DB88BA2042FFFFFFFFFFC9FFF0000261564224323BC40976398
0D96702497AB83FB870D665B168192B89BA3043FFFFFFFFFFC8FFF00002C1564224323BC409753B0
0D966F2497AA83FB490D6657168190B89BA3043FFFFFFFFFFC8FFF0000291564234323BC409753C8
0D96752497A583FAC60D665B16818CB89BA3043FFFFFFFFFFC7FFF00002F1564234323BC409743E0
0D967824979383FA150D665E168187B88BA303FFFFFFFFFFFC6FFF0000261564234323BC409743F8
0D967D24979083F96E0D6662168183B88BA303FFFFFFFFFFFC8FFF00002F1564234323BC40974310
0D96FB24983983F8F20D66E21681E1B87BA403FFFFFFFFFFFC8FFF00002F1564244323BC40974328
0D96E624981083F8A30D66D01681CAB88BA403FFFFFFFFFFFC8FFF00002F1564244323BC40974340
0D976E2498DD83F85A0D6756168236B88BA403FFFFFFFFFFFC8FFF0000261564244323BC40974358
0D98362499EA83F7E40D68171682C7B89BA4040FFFFFFFFFFC7FFF0000271564244323BC40973370
0D9882249A4383F7420D685C1682F3B8ABA4043FFFFFFFFFFC7FFF00001F1564244323BD40974388
0D98C6249AA483F6B50D689E168325B8ABA5043FFFFFFFFFFC8FFF00002F1564254323BD409723A0
0D9987249BAF83F6610D69651683B8B8ABA5043FFFFFFFFFFC7FFF0000291564254323BD409723B8
0D9A84249D1E83F6020D6A5A16847DB8ABA5043FFFFFFFFFFC6FFF00002E1564254323BD409723D0
0D9B7E249E7483F56C0D6B4C16852FB89BA5043FFFFFFFFFFC8FFF0000291564254323BD409723E8
0D9C2F249F6183F4C80D6BFF1685B3B89BA5043FFFFFFFFFFC8FFF00002E1564264323BD40972300
0D9CC024A03183F44D0D6C8E16861FB8ABA5043FFFFFFFFFFC8FFF0000301564264323BD40972318
0D9D6D24A12783F3FE0D6D401686A3B8BBA6043FFFFFFFFFFC9FFF0000301564264323BD40972330
0D9DF224A1DF83F3AE0D6DC016870AB8BBA6044FFFFFFFFFFC7FFF0000271564264323BD40972348
0D9E2524A22183F3400D6DF016872DB8DBA7043FFFFFFFFFFC7FFF0000301564264323BD40971360
0D9EA024A2CB83F2B40D6E5F16877FB8EBA7043FFFFFFFFFFC8FFF0000271564274323BD40971378
0D9F1924A36D83F2110D6EDF1687DCB8EBA8043FFFFFFFFFFC7FFF00002F1564274323BD40970390
0DA00724A4C083F1780D6FC7168890B8EBA8043FFFFFFFFFFC7FFF0000301564274323BD409713A8
0DA07A24A55483F1120D703F1688E4B8EBA8043FFFFFFFFFFC8FFF0000271564274323BD409703C0
0DA09224A57183F0D70D705A1688F4B8FBA9043FFFFFFFFFFC9FFF0000301564284323BD409703D8
0DA0C524A5BA83F0870D708A16891CB90BAA043FFFFFFFFFFC9FFF0000301564284323BD409703F0
0DA0ED24A5EC83F0040D70B516893AB90BAB043FFFFFFFFFFC8FFF0000301564284323BD40970308
0DA17924A6A683EF5D0D7137168996B91BAB043FFFFFFFFFFC8FFF0000271564284323BE40970320
0DA1F324A74B83EEBE0D71AF1689F0B91BAC043FFFFFFFFFFC8FFF0000301564294323BE4096F338
0DA29524A83283EE440D724C168A67B91BAB043FFFFFFFFFFC9FFF0000301564294323BE4096E350
0DA2DE24A89283EDFE0D729B168A9DB92BAB043FFFFFFFFFFC8FFF0000281564294323BE4096E368
0DA32C24A8FD83EDB00D72EA168ADCB92BAC043FFFFFFFFFFC7FFF0000311564294323BE4096E380
0DA35424A93183ED300D730D168AF4B91BAC043FFFFFFFFFFC7FFF0000311564294323BE4096E398
0DA3CA24A9D783EC9E0D7381168B4CB91BAC043FFFFFFFFFFC8FFF00002815642A4323BE4096E3B0
0DA53624ABE483EC120D74EA168C6AB91BAC043FFFFFFFFFFC8FFF00002815642A4323BE4096E3C8
0DA67A24ADB983EB9D0D7620168D5AB92BAC043FFFFFFFFFFC8FFF00003115642A4323BE4096E3E0
0DA76424AEFB83EB3E0D770E168E0CB93BAD043FFFFFFFFFFC8FFF00003115642A4323BE4096E3F8
0DA7D624AF9383EAD00D777F168E61B94BAD043FFFFFFFFFFC8FFF00002A15642B4323BE4096D310
0DA87B24B07683EA490D781D168ED6B95BAE043FFFFFFFFFFC8FFF00002F15642B4323BE4096D328
0DA91224B14183E9C60D78BE168F4DB96BAF044FFFFFFFFFFC8FFF00003115642B4323BE4096C340
0DA94324B17F83E95E0D78EC168F6CB97BAF043FFFFFFFFFFC8FFF00002815642B4323BE4096C358
0DA94C24B18983E9000D78F6168F71B97BAF043FFFFFFFFFFC9FFF00003115642B4323BF4096C370
0DA98224B1CF83E8810D792D168F98B96BB0043FFFFFFFFFFC8FFF00003115642C4323BF4096C388
0DA9CB24B22A83E7F50D796D168FC4B95BB0043FFFFFFFFFFC7FFF00003115642C4323BF4096C3A0
0DAA6D24B31983E7820D7A0D169042B95BB0043FFFFFFFFFFC7FFF00002915642C4323BF4096C3B8
0DAAEC24B3C383E7230D7A8D16909FB95BB0043FFFFFFFFFFC8FFF00003115642C4323BF4096C3D0
0DAB8824B49E83E6B90D7B21169111B96BB1043FFFFFFFFFFC8FFF00003215642C4323BF4096C3E8
0DABE624B51383E6290D7B7F169151B96BB1043FFFFFFFFFFC8FFF00003215642D4323BF4096B300
0DAC0A24B53C83E5940D7BA4169167B97BB1043FFFFFFFFFFC8FFF00002215642D4323BF4096B318
0DAC5824B5A783E5370D7BF41691A2B97BB2043FFFFFFFFFFC9FFF00003015642D4323BF4096B330
0DACAC24B61A83E4F00D7C431691DFB97BB2043FFFFFFFFFFC8FFF00002415642D4323BF4096A348
0DACF424B68383E48B0D7C8D169219B97BB2043FFFFFFFFFFC8FFF00003115642D4323BF4096A360
0DAD9624B76783E3F70D7D2916928EB98BB2043FFFFFFFFFFC8FFF00003215642E4323BF4096A378
0DAF6B24BA1983E3580D7EE61693EFB99BB2043FFFFFFFFFFC7FFF00003215642E4323BF4096A390
0DB01F24BB0083E2D30D7FAB169480B99BB2043FFFFFFFFFFC8FFF00002915642E4323BF4096A3A8
0DB06624BB6C83E2710D7FF31694B7B99BB2043FFFFFFFFFFC8FFF00003115642E4323BF4096A3C0
0DB10224BC4483E2240D808F16952DB9ABB3043FFFFFFFFFFC8FFF00002915642F4323BF409693D8
0DB14E24BCB683E1C80D80D8169569B9ABB4043FFFFFFFFFFC7FFF00003115642F4323BF409683F0
0DB24724BE1883E1470D81CB169626B9ABB4043FFFFFFFFFFC8FFF00003215642F4323BF40969308
0DB30724BF2183E0AC0D82851696B0B9BBB5043FFFFFFFFFFC8FFF00002A15642F4323C040968320
0DB3D824C05383E0260D834E16974FB9BBB5043FFFFFFFFFFC7FFF0000281564304323C040968338
0DB49724C15783DFC20D84141697E3B9BBB5043FFFFFFFFFFC7FFF0000321564304323C040968350
0DB4A924C16683DF650D84291697F0B9CBB6043FFFFFFFFFFC8FFF00002A1564304323C040968368
0DB4B524C17283DEF20D84351697F5B9DBB6043FFFFFFFFFFC8FFF0000311564304323C040968380
0DB4EC24C1B883DE760D846A16981AB9EBB7043FFFFFFFFFFC8FFF0000291564304323C040968398
0DB53A24C22583DDFD0D84B7169853B9EBB7043FFFFFFFFFFC8FFF0000321564314323C0409683B0
0DB57D24C27983DD760D84F7169880B9EBB7042FFFFFFFFFFC8FFF0000291564314323C0409683C8
0DB5B624C2BC83DD040D85311698A8B9EBB8043FFFFFFFFFFC8FFF0000291564314323C0409673E0
0DB60F24C34083DC9F0D85881698EAB9DBB8043FFFFFFFFFFC8FFF0000221564314323C0409663F8
0DB69C24C3FE83DC330D8615169952B9DBB8043FFFFFFFFFFC9FFF0000301564314323C040966310
0DB6C524C42B83DBB20D863D16996BB9EBB8043FFFFFFFFFFC8FFF0000321564324323C040966328
0DB75124C4F683DB280D86BF1699CDB9EBB8043FFFFFFFFFFC8FFF0000321564324323C040966340
0DB87824C6A483DAB60D87E5169AB8B9FBB9043FFFFFFFFFFC7FFF0000321564324323C040966358
0DB9D724C88F83DA4A0D8944169BC3B9EBB9043FFFFFFFFFFC7FFF0000321564324323C040966370
0DBA0D24C8D983D9F00D897C169BECB9EBB9042FFFFFFFFFFC8FFF00002B1564324323C040966388
0DBA1A24C8E283D9850D8987169BF3B9EBB9043FFFFFFFFFFC7FFF0000311564334323C0409653A0
0DBAA124C9A383D8E40D8A04169C54BA0BB9043FFFFFFFFFFC7FFF0000291564334323C0409653B8
0DBBAF24CB2B83D83D0D8B0E169D21BA1BB9042FFFFFFFFFFC8FFF0000321564334323C1409653D0
0DBC2424CBC783D7D70D8B8B169D7DBA1BB9042FFFFFFFFFFC8FFF0000331564334323C1409643E8
0DBCC424CCB483D7A70D8C2E169DFDBA1BB9042FFFFFFFFFFC7FFF0000261564344323C140964300
0DBEBD24CFC383D75A0D8E19169F9BBA1BBA043FFFFFFFFFFC8FFF00002F1564344323C140964318
0DC09624D25183D6C70D8FEA16A0FCBA0BBB043FFFFFFFFFFC8FFF0000331564344323C140964330
0DC13624D33583D60A0D908516A174BA1BBA042FFFFFFFFFFC8FFF0000331564344323C140964348
0DC1C124D3F883D5630D911116A1DFBA2BBB043FFFFFFFFFFC8FFF0000291564354323C140964360
0DC24824D4BF83D5080D91A116A24CBA3BBB042FFFFFFFFFFC8FFF00002A1564354323C140963378
0DC2F124D5B083D4E00D924616A2CEBA3BBC043FFFFFFFFFFC8FFF00002A1564354323C140963390
0DC37824D68A83D49A0D92C416A33DBA3BBD045FFFFFFFFFFC9FFF0000321564354323C1409633A8
0DC52924D8FA83D4140D946D16A48DBA3BBE043FFFFFFFFFFC8FFF00002A1564354323C1409623C0
0DC67124DAB183D34F0D95B116A576BA3BBE042FFFFFFFFFFC8FFF0000321564364323C1409623D8
0DC91E24DEC083D2970D984116A790BA3BBE042FFFFFFFFFFC9FFF0000331564364323C1409623F0
0DCABD24E10583D23D0D99F916A8DCBA4BBF043FFFFFFFFFFC7FFF00002A1564364323C140962308
0DCB3924E1B883D2120D9A7116A940BA6BBF043FFFFFFFFFFC8FFF00002A1564364323C140962320
0DCB8A24E23383D1B70D9AC016A984BA7BC0043FFFFFFFFFFC8FFF0000331564364323C140962338
0DCC0524E2E783D1330D9B3716A9E2BA9BC1043FFFFFFFFFFC7FFF00002A1564374323C140961350
0DCD5724E4E883D09A0D9C8816AAF3BAABC1043FFFFFFFFFFC7FFF0000321564374323C140961368
0DCF4B24E7D383D00A0D9E7616AC89BAABC2043FFFFFFFFFFC8FFF0000331564374323C140961380
0DD03724E92783CF9F0D9F5C16AD3DBAABC2043FFFFFFFFFFC8FFF0000331564374323C140961398
0DD0BF24E9FB83CF410D9FE116ADADBAABC3043FFFFFFFFFFC7FFF0000331564384323C1409603B0
0DD17E24EB0883CED40DA09D16AE3EBAABC3044FFFFFFFFFFC7FFF00002A1564384323C1409603C8
0DD20624EBC883CE550DA12216AEA4BABBC4042FFFFFFFFFFCAFFF0000331564384323C1409603E0
0DD24424EC1483CDD20DA15F16AED1BABBC5043FFFFFFFFFFC8FFF0000331564384323C1409603F8
0DD28D24EC8083CD5C0DA1AA16AF08BABBC5043FFFFFFFFFFC8FFF0000331564394323C240960310
0DD2CE24ECD383CCFC0DA1E816AF35BADBC5042FFFFFFFFFFC8FFF0000331564394323C240960328
0DD2D724ECDC83CC8F0DA1ED16AF36BADBC6043FFFFFFFFFFC8FFF00002A1564394323C240960340
0DD31624ED2F83CC130DA22816AF61BACBC6043FFFFFFFFFFC8FFF00002A1564394323C240960358
0DD37F24EDBD83CB900DA29316AFAFBADBC7042FFFFFFFFFFC7FFF0000331564394323C240960370
0DD3D624EE3183CAFC0DA2E616AFEDBAEBC7042FFFFFFFFFFC7FFF00003315643A4323C240960388
0DD42A24EEAD83CA7B0DA33816B02BBAEBC7042FFFFFFFFFFC8FFF00003315643A4323C24095E3A0
0DD49B24EF4B83CA2D0DA3AF16B084BAEBC7042FFFFFFFFFFC8FFF00002615643A4323C24095E3B8
0DD4DA24EFA883C9E00DA3F716B0C1BAEBC7043FFFFFFFFFFC8FFF00002F15643A4323C24095E3D0
0DD54324F04683C9570DA44F16B106BAEBC8043FFFFFFFFFFC8FFF00003315643B4323C24095E3E8
0DD77124F37583C8AF0DA66516B2AEBAEBC8043FFFFFFFFFFC9FFF00003315643B4323C24095D300
0DD7E824F40783C81D0DA6E716B309BAEBC8042FFFFFFFFFFC9FFF00003315643B4323C24095E318
0DD84624F48983C7BA0DA74616B352BAEBC8042FFFFFFFFFFC8FFF00003315643B4323C24095D330
0DD86624F4AF83C7730DA76416B364BAEBC8042FFFFFFFFFFC6FFF00002A15643C4323C24095D348
0DD8BC24F52C83C7120DA7BD16B3A9BAFBC8043FFFFFFFFFFC6FFF00003315643C4323C24095C360
0DD8FA24F57D83C6880DA80B16B3E4BB0BC8041FFFFFFFFFFC8FFF00003315643C4323C24095C378
0DDA0A24F70B83C5DF0DA90316B4A7BB1BC803FFFFFFFFFFFC8FFF00002B15643C4323C24095C390
0DDB2B24F8AE83C54D0DAA2416B58DBB1BC803FFFFFFFFFFFC8FFF00003215643D4323C24095C3A8
0DDBA124F95183C5040DAAA416B5E5BB0BC803FFFFFFFFFFFC8FFF00003315643D4323C24095C3C0
0DDBD824F9A083C4C70DAAD716B615BAFBC803FFFFFFFFFFFC8FFF00003215643D4323C24095B3D8
0DDC6424FA7183C4420DAB5F16B681BAFBC803FFFFFFFFFFFC8FFF00002B15643D4323C24095C3F0
0DDCDA24FB1083C3820DABD216B6D4BB0BC903FFFFFFFFFFFC8FFF00003315643D4323C24095B308
0DDD5924FBC383C2D80DAC4816B72FBB1BC903FFFFFFFFFFFC8FFF00002A15643E4323C24095B320
0DDE5F24FD3A83C2800DAD5516B7FDBB1BC903FFFFFFFFFFFC8FFF00002A15643E4323C34095A338
0DDFAB24FF2F83C25A0DAEAF16B914BB1BC903FFFFFFFFFFFC9FFF00003315643E4323C24095A350
0DE00D24FFC283C20D0DAF0416B961BB1BC903FFFFFFFFFFFC7FFF00003315643E4323C24095A368
0DE0DD2500FC83C17C0DAFC416B9FDBB1BCA03FFFFFFFFFFFC9FFF00003315643F4323C24095A380
0DE25625032783C0C40DB13C16BB2ABB2BCA03FFFFFFFFFFFC8FFF00002A15643F4323C34095A398
0DE43E2505F483C0110DB31C16BCABBB3BCA03FFFFFFFFFFFC8FFF00003315643F4323C34095A3B0
0DE4CB2506B983BF940DB3AB16BD15BB3BCA040FFFFFFFFFFC8FFF0000331564404323C34095A3C8
0DE4FF25070083BF5B0DB3E416BD41BB4BCA03FFFFFFFFFFFC8FFF00002E1564404323C34095A3E0
0DE51425072583BF1A0DB3F616BD54BB3BCB03FFFFFFFFFFFC8FFF00002E1564404323C3409583F8
0DE52E25074783BEB50DB40D16BD67BB3BCB03FFFFFFFFFFFC8FFF00002B1564404323C340959310
0DE54E25076D83BE2E0DB42E16BD7BBB3BCC03FFFFFFFFFFFC7FFF0000311564404323C340958328
0DE5942507C683BD820DB47116BDA9BB4BCC03FFFFFFFFFFFC8FFF0000331564414323C340958340
0DE5D225081583BCD70DB4AC16BDD3BB3BCC03FFFFFFFFFFFC8FFF0000331564414323C340958358
0DE62E25089B83BC530DB50716BE18BB2BCC03FFFFFFFFFFFC8FFF00002B1564414323C340958370
0DE65B2508D083BC000DB53916BE38BB2BCC03FFFFFFFFFFFC8FFF0000311564414323C340958388
0DE6BB25096F83BBC60DB5A016BE8CBB3BCC03FFFFFFFFFFFC7FFF0000331564424323C3409583A0
0DE930250D3B83BB740DB80216C090BB3BCD03FFFFFFFFFFFC7FFF0000331564424323C3409583B8
0DEBCB25110283BAE40DBA9516C29CBB3BCD03FFFFFFFFFFFC8FFF0000331564424323C3409583D0
0DED132512E183BA2A0DBBD516C398BB2BCD03FFFFFFFFFFFC8FFF00002B1564424323C3409563E8
0DEE1125145283B98B0DBCD416C468BB3BCC03FFFFFFFFFFFC8FFF0000291564434323C340956300
0DEE8625150283B9260DBD4516C4BEBB4BCD03FFFFFFFFFFFC8FFF00002A1564434323C340956318
0DEED025156F83B8D20DBD9316C501BB5BCD040FFFFFFFFFFC9FFF0000321564434323C340956330
0DEF0F2515C983B8730DBDC916C52CBB5BCE044FFFFFFFFFFC8FFF0000331564434323C340956348
0DEF8E25168483B8040DBE4916C594BB6BCF045FFFFFFFFFFC8FFF00002A1564434323C340956360
0DF02F25177883B77D0DBEE516C610BB7BCF044FFFFFFFFFFC8FFF0000321564444323C340956378
0DF11F2518D583B6E20DBFCB16C6C5BB6BCF043FFFFFFFFFFC9FFF0000331564444323C340955390
0DF1C92519CD83B65F0DC07B16C754BB6BCF043FFFFFFFFFFC9FFF00002A1564444323C3409553A8
0DF2A4251B1983B6020DC15916C807BB6BCF043FFFFFFFFFFC9FFF00002A1564454323C3409553C0
0DF3E1251CF583B5AB0DC28E16C907BB7BCF044FFFFFFFFFFC7FFF0000321564454323C3409543D8
0DF458251D9A83B52A0DC30416C95FBB7BCF044FFFFFFFFFFC8FFF0000331564454323C3409543F0
0DF4B5251E1E83B4900DC35A16C9A1BB7BD0044FFFFFFFFFFC7FFF00002A1564454323C340954308
0DF518251EA983B4170DC3BB16C9EFBB7BD0043FFFFFFFFFFC8FFF0000321564454323C340954320
0DF57F251F4683B3AD0DC42916CA47BB7BD0043FFFFFFFFFFC9FFF0000331564464323C440954338
0DF5DF251FCA83B3420DC48616CA8CBB7BD0043FFFFFFFFFFC9FFF0000331564464323C440954350
0DF64225205783B2CB0DC4E516CAD8BB7BD0043FFFFFFFFFFC9FFF0000331564464323C440954368
0DF6B02520F083B2400DC55216CB27BB8BD0044FFFFFFFFFFC8FFF00002B1564464323C440954380
0DF7242521A383B1B50DC5BE16CB82BB9BD0043FFFFFFFFFFC7FFF0000291564474323C440953398
0DF8982523C783B1490DC73516CCAFBB9BD0043FFFFFFFFFFC8FFF0000331564474323C4409523B0
0DF98225251F83B0F10DC81B16CD67BB8BD0043FFFFFFFFFFC7FFF0000331564474323C4409523C8
0DFA842526AC83B0840DC91A16CE3BBB8BD0043FFFFFFFFFFC8FFF0000331564474323C4409523E0
0DFC4B25295683AFF80DCACB16CF9BBB8BD1043FFFFFFFFFFC8FFF00002B1564484323C4409523F8
0DFDC5252B7183AF590DCC4316D0C0BB7BD1043FFFFFFFFFFC7FFF0000321564484323C440952310
0DFE81252C8F83AED20DCD0116D15EBB7BD1043FFFFFFFFFFC7FFF0000331564484323C440952328
0DFF09252D5283AE750DCD9216D1D1BB7BD1043FFFFFFFFFFC8FFF00002B1564484323C440952340
0DFF84252E0D83AE230DCE0B16D233BB8BD1043FFFFFFFFFFC8FFF0000321564494323C440952358
0DFFF1252EAE83ADB40DCE7416D289BB9BD1043FFFFFFFFFFC8FFF0000331564494323C440952370
0E00A4252FB483AD2C0DCF2116D312BBABD1043FFFFFFFFFFC8FFF0000321564494323C440951388
0E010F25305883ACA10DCF8516D363BBABD2043FFFFFFFFFFC7FFF0000221564494323C4409503A0
0E02102531CE83AC190DD08716D433BBABD2043FFFFFFFFFFC7FFF00003315644A4323C4409503B8
0E033425339083ABA00DD1AD16D529BB9BD2043FFFFFFFFFFC9FFF00003315644A4323C4409503D0
0E04252534E283AB380DD29D16D5DFBB9BD3043FFFFFFFFFFC8FFF00002B15644A4323C4409503E8
0E048825357B83AACE0DD2FB16D62FBB9BD2044FFFFFFFFFFC8FFF00003215644A4323C440950300
0E051A25364F83AA5F0DD38B16D69FBBABD3043FFFFFFFFFFC8FFF00002A15644B4323C440950318
0E056B2536BD83A9E10DD3DA16D6D9BBABD3043FFFFFFFFFFC8FFF00003315644B4323C44094F330
0E05D925376383A9590DD44416D732BBABD3043FFFFFFFFFFC8FFF00002A15644B4323C44094F348
0E06A02538AF83A8E60DD51016D7E6BBABD3043FFFFFFFFFFC8FFF00003315644B4323C44094F360
0E09AC253D3183A86A0DD7FF16DA42BBABD3044FFFFFFFFFFC8FFF00003215644C4323C440950378
0E0A6C253E4283A7D50DD8C416DADFBBABD3043FFFFFFFFFFC8FFF00002B15644C4323C44094E390
0E0B34253F6E83A75C0DD98D16DB83BBABD3043FFFFFFFFFFC8FFF00003315644C4323C44094E3A8
0E0B8F253FF183A70A0DD9EF16DBD0BBBBD3044FFFFFFFFFFC9FFF00003315644C4323C44094E3C0
0E0BF625409C83A69F0DDA5316DC28BBDBD3043FFFFFFFFFFC8FFF00002B15644C4323C44094E3D8
0E0D922542F783A6090DDBD616DD5FBBDBD4043FFFFFFFFFFC7FFF00003115644D4323C44094E3F0
0E0E8325446D83A56D0DDCBF16DE1CBBDBD4043FFFFFFFFFFC9FFF00003315644D4323C44094E308
0E10102546B483A4F50DDE5B16DF6BBBCBD4044FFFFFFFFFFC8FFF00002A15644D4323C54094E320
0E111125484283A49A0DDF5D16E044BBBBD4043FFFFFFFFFFC9FFF00003315644D4323C54094D338
0E12AF254AB283A4350DE0F216E190BBBBD4043FFFFFFFFFFC9FFF00003315644E4323C44094D350
0E140B254CD383A3A70DE24016E2ABBBBBD4043FFFFFFFFFFC9FFF00002A15644E4323C54094C368
0E16DB25510A83A3120DE4FF16E4E8BBBBD4042FFFFFFFFFFC9FFF00002A15644E4323C54094C380
0E17D825527C83A2A30DE60A16E5C0BBBBD403FFFFFFFFFFFC8FFF00003315644E4323C54094C398
0E183325530983A22E0DE66516E60CBBBBD403FFFFFFFFFFFC8FFF00003315644F4323C54094C3B0
0E192025547D83A1B60DE74A16E6CFBBCBD4040FFFFFFFFFFC8FFF00003315644F4323C54094C3C8
0E1A3C25562083A1440DE85D16E7ABBBCBD403FFFFFFFFFFFC8FFF00003315644F4323C54094C3E0
0E1AC32556E983A0C50DE8E916E81EBBCBD403FFFFFFFFFFFC8FFF00002E15644F4323C54094C3F8
0E1BCF25587E83A03B0DE9E816E8F1BBDBD4044FFFFFFFFFFC8FFF0000271564504323C54094B310
0E1CB02559CA839FC70DEAD316E9AFBBCBD4043FFFFFFFFFFC8FFF00002A1564504323C54094C328
0E1D20255A70839F590DEB4216EA08BBBBD4043FFFFFFFFFFC8FFF0000321564504323C54094B340
0E1D6E255ADC839ED80DEB8B16EA3EBBBBD4044FFFFFFFFFFC8FFF00002E1564504323C54094B358
0E1E05255BBE839E570DEC1E16EAB6BBBBD4043FFFFFFFFFFC8FFF0000271564514323C54094A370
0E1E7B255C6A839DE70DEC9816EB18BBBBD503FFFFFFFFFFFC8FFF0000321564514323C54094A388
0E1EF7255D31839D7A0DED1616EB83BBCBD503FFFFFFFFFFFC8FFF0000321564514323C54094A3A0
0E20AA255FCB839CF00DEEB116ECD9BBCBD5040FFFFFFFFFFC8FFF0000221564514323C54094A3B8
0E21FB2561AB839C580DEFFE16EDDFBBCBD503FFFFFFFFFFFC8FFF0000321564524323C54094A3D0
0E22D12562FB839BE50DF0DD16EE9ABBCBD503FFFFFFFFFFFC8FFF0000331564524323C5409493E8
0E23D5256491839B890DF1DE16EF73BBCBD503FFFFFFFFFFFC8FFF00002E1564524323C54094A300
0E258F256721839B1B0DF39016F0D3BBDBD503FFFFFFFFFFFC8FFF00002D1564524323C540948318
0E266F256870839A950DF46B16F182BBCBD503FFFFFFFFFFFC7FFF0000321564534323C540949330
0E27722569F3839A100DF56916F256BBDBD503FFFFFFFFFFFC8FFF00001D1564534323C540948348
0E27DD256A8E83998C0DF5DA16F2ADBBCBD503FFFFFFFFFFFC9FFF00002F1564534323C540948360
0E286F256B788399020DF66416F323BBCBD503FFFFFFFFFFFC9FFF0000331564534323C540948378
0E29B3256D5F8398970DF7A916F42EBBCBD403FFFFFFFFFFFC9FFF00002A1564544323C540948390
0E2A76256E7F8398440DF86A16F4CDBBCBD503FFFFFFFFFFFC9FFF00002A1564544323C5409483A8
0E2B3B256FAE8397D50DF93316F573BBCBD503FFFFFFFFFFFC8FFF00002A1564544323C5409483C0
0E2C532571568397450DFA3C16F64ABBCBD503FFFFFFFFFFFC8FFF0000331564544323C5409483D8
0E2E0A2574008396B60DFBD416F7A2BBCBD4040FFFFFFFFFFC9FFF0000331564544323C5409483F0
0E2FF52576EA8396380DFDC016F937BBCBD403FFFFFFFFFFFC9FFF00002A1564554323C640948308
0E319B2579558395AF0DFF7016FA97BBBBD503FFFFFFFFFFFC7FFF0000331564554323C640946320
0E3257257A668395350E003216FB2DBBBBD403FFFFFFFFFFFC9FFF0000331564554323C640946338
0E3287257AAD8394ED0E006416FB55BBCBD4043FFFFFFFFFFC8FFF0000331564554323C640946350
0E32B8257AFE8394B00E009316FB81BBCBD5043FFFFFFFFFFC8FFF00002B1564564323C640946368
0E3341257BE08394430E011616FBF5BBCBD5044FFFFFFFFFFC7FFF0000331564564323C640946380
0E34EE257E6383938B0E02BC16FD4ABBCBD4043FFFFFFFFFFC9FFF00002A1564564323C640946398
0E36322580398392B60E03FE16FE4BBBBBD5043FFFFFFFFFFC9FFF0000331564574323C6409463B0
0E36F525814C83922D0E04BD16FEDEBBCBD4043FFFFFFFFFFC8FFF0000331564574323C6409453C8
0E374D2581D28391FE0E051A16FF26BBCBD5044FFFFFFFFFFC7FFF00002A1564574323C6409453E0
0E38BA2584128391BF0E0688170062BBCBD5043FFFFFFFFFFC7FFF0000341564574323C6409443F8
0E39522584E08391540E071C1700D3BBCBD5043FFFFFFFFFFC7FFF0000341564574323C640944310
0E398225852B8390DC0E07481700F8BBBBD5043FFFFFFFFFFC8FFF0000331564584323C640944328
0E3A6325868683904C0E081E1701ABBBBBD4043FFFFFFFFFFC8FFF00002C1564584323C640944340
0E3C9B2589E1838FA10E0A39170364BBBBD4042FFFFFFFFFFC8FFF0000331564584323C640944358
0E3DB0258B7C838F050E0B5917044EBBBBD4042FFFFFFFFFFC8FFF00002A1564594323C640944370
0E3F25258DB8838E980E0CCC170580BBABD3044FFFFFFFFFFC8FFF0000331564594323C640943388
0E4038258F4C838E620E0DE1170661BBABD3044FFFFFFFFFFC8FFF0000341564594323C6409443A0
0E4080258FC6838E170E0E341706B1BBABD2043FFFFFFFFFFC8FFF0000341564594323C6409433B8
0E417D259157838D990E0F2017077BBBABD2044FFFFFFFFFFC8FFF00002E1564594323C6409443D0
0E439C2594BB838CF50E112917093EBBABD2044FFFFFFFFFFC8FFF00003015645A4323C6409423E8
0E47B3259B17838C520E151D170C95BBABD2043FFFFFFFFFFC8FFF00003415645A4323C640942300
0E4A41259ED4838BD80E17CC170EC1BBABD2043FFFFFFFFFFC8FFF00003315645A4323C640942318
0E4A77259F2C838B7C0E17F7170EE7BBBBD2043FFFFFFFFFFC8FFF00002C15645A4323C640942330
0E4B2225A053838B080E18A6170F86BBDBD3044FFFFFFFFFFC9FFF00003415645B4323C640942348
0E4D4525A382838A940E1AC217113EBBFBD4043FFFFFFFFFFC9FFF00003315645B4323C640942360
0E4E5125A518838A370E1BCB171218BBFBD5040FFFFFFFFFFC9FFF00002B15645B4323C640942378
0E4F3C25A66E8389CA0E1CB41712D4BBFBD503FFFFFFFFFFFC8FFF00002C15645B4323C640941390
0E4FC025A7288389440E1D3817133ABBEBD503FFFFFFFFFFFC8FFF00003315645C4323C6409403A8
0E50CF25A8DC8388B80E1E2B17140FBBDBD403FFFFFFFFFFFC8FFF00002B15645C4323C6409413C0
0E527525AB4E83883C0E1FDF17156FBBBBD403FFFFFFFFFFFC9FFF00003315645C4323C6409403D8
0E531A25AC3B8387CB0E20841715F2BBABD303FFFFFFFFFFFC8FFF00003215645C4323C6409403F0
0E537A25ACD583874A0E20E5171646BB9BD3040FFFFFFFFFFC8FFF00002415645D4323C640940308
0E553C25AFA08386C70E228F1717B3BB9BD2041FFFFFFFFFFC8FFF00003415645D4323C640940320
0E57D325B38B83866A0E252D1719D7BB9BD2042FFFFFFFFFFC9FFF00002B15645D4323C640940338
0E59B725B6748386200E270A171B6BBB8BD1041FFFFFFFFFFC9FFF00002F15645D4323C640940350
0E5B4725B8D28385BB0E289A171CB9BB8BD1041FFFFFFFFFFC8FFF00002C15645E4323C640940368
0E5C2C25BA348385230E2973171D6EBB9BD1041FFFFFFFFFFC8FFF00002F15645E4323C640940380
0E5DEB25BCCC83846B0E2B21171ECCBB9BD1041FFFFFFFFFFC9FFF00003415645E4323C640940398
0E5ED525BE088383DC0E2C17171F81BBABD1041FFFFFFFFFFC8FFF00002F15645E4323C7409403B0
0E5F1C25BE558383830E2C62171FB0BB9BD1043FFFFFFFFFFC8FFF00002F15645F4323C7409403C8
0E5F4A25BE958383490E2C90171FCFBB7BD1043FFFFFFFFFFC9FFF00002B15645F4323C6409403E0
0E605125C0408382F60E2D951720BABB6BCF043FFFFFFFFFFC8FFF00002C15645F4323C64093E3F8
0E624525C3278382710E2F7817223EBB3BCD044FFFFFFFFFFC8FFF00003515645F4323C64093E310
0E663C25C9578381BF0E335B17258BBB0BCB043FFFFFFFFFFC8FFF0000341564604323C64093E328
0E680025CBF683811E0E351C1726F5BAFBC9044FFFFFFFFFFC8FFF00002D1564604323C74093E340
0E691125CD8E8380C10E36351727DCBAFBC9043FFFFFFFFFFC9FFF0000321564604323C74093D358
0E6A0125CF1F83806E0E37211728B2BAFBC9042FFFFFFFFFFC9FFF0000341564604323C74093D370
0E6AEE25D0828380060E380B172976BAFBC903FFFFFFFFFFFC9FFF00002C1564614323C64093D388
0E6B4225D100837F800E38501729ACBAFBCA03FFFFFFFFFFFC8FFF0000341564614323C74093C3A0
0E6B8025D16B837EE60E38901729E6BAFBCA03FFFFFFFFFFFC9FFF00002D1564614323C74093C3B8
0E6C9225D32B837E690E39B5172AE8BB0BCA03FFFFFFFFFFFC9FFF0000331564614323C74093C3D0
0E6D9725D4B9837E110E3AA6172BAFBB1BCA03FFFFFFFFFFFCAFFF00002C1564624323C74093C3E8
0E6E8D25D64B837DB00E3BA1172C92BB1BCA03FFFFFFFFFFFC9FFF00002D1564624323C74093C300
0E71C425DB55837D350E3ECE172F46BB2BCB03FFFFFFFFFFFC8FFF0000341564624323C74093C318
0E738325DDD5837CA90E408117309FBB3BCB03FFFFFFFFFFFC9FFF0000351564624323C74093C330
0E73BD25DE2B837C240E40BD1730CDBB4BCC041FFFFFFFFFFC8FFF00002C1564634323C74093C348
0E749025DF76837BAD0E418117316FBB5BCD041FFFFFFFFFFC8FFF0000351564634323C74093B360
0E767225E242837B350E435C1732F3BB5BCD03FFFFFFFFFFFC9FFF00002C1564634323C74093A378
0E76F325E30B837AC10E43D717335CBB4BCD03FFFFFFFFFFFC8FFF0000341564634323C74093A390
0E77E825E4A4837A590E44E8173450BB3BCD040FFFFFFFFFFC8FFF0000351564644323C74093A3A8
0E7A6425E88E8379F60E475017365FBB3BCD03FFFFFFFFFFFC8FFF00002B1564644323C74093A3C0
0E7C7425EAA88379840E4952173806BB3BCC044FFFFFFFFFFC8FFF00002D1564644323C74093A3D8
0E7DA625ED738378F30E4A751738F7BB4BCD043FFFFFFFFFFC8FFF0000351564644323C74093A3F0
0E7F6725F01C8378600E4C38173A6ABB5BCD043FFFFFFFFFFC8FFF0000351564654323C74093A308
0E812525F2C38377E10E4DF0173BD9BB6BCE043FFFFFFFFFFC9FFF00002C1564654323C74093A320
0E822B25F43F83776D0E4F00173CB0BB5BCE043FFFFFFFFFFC9FFF00002C1564654323C740939338
0E834125F5F58376FD0E4FEE173D7DBB3BCD043FFFFFFFFFFC8FFF00002D1564664323C740939350
0E84A325F8068376A40E5199173EDBBB2BCD043FFFFFFFFFFC8FFF0000341564664323C740938368
0E867425FAC783764A0E5336174036BB1BCB043FFFFFFFFFFC8FFF00002F1564664323C740938380
0E876A25FC368375D40E54241740F7BAFBCA043FFFFFFFFFFC8FFF0000331564664323C740938398
0E87CB25FCBE8375420E548317413DBAEBC9043FFFFFFFFFFC8FFF0000361564674323C7409383B0
0E882D25FD5C8374A20E54DD174186BADBC7043FFFFFFFFFFC8FFF0000361564674323C7409383C8
0E88B225FE2883740D0E555E1741F7BACBC7044FFFFFFFFFFC9FFF0000361564674323C7409383E0
0E8A262600708373A10E56D3174331BACBC6043FFFFFFFFFFC8FFF0000361564674323C7409383F8
0E8AFC2601A28373610E57B21743E3BABBC6043FFFFFFFFFFC8FFF0000361564684323C740937310
0E8BBF2602D28373090E5871174487BABBC6043FFFFFFFFFFC9FFF0000361564684323C740937328
0E8C6F2603DC83727F0E5910174509BAABC5043FFFFFFFFFFCAFFF00002D1564684323C740936340
0E8E042606558371E90E5A7917463BBAABC4043FFFFFFFFFFC9FFF0000351564684323C740936358
0E8FF42609528371670E5C771747EABA9BC4043FFFFFFFFFFC8FFF00002E1564694323C740936370
0E91A5260BC68370EE0E5E37174953BAABC4043FFFFFFFFFFC9FFF00002E1564694323C740936388
0E91E8260C3D83706F0E5E7917498EBABBC203FFFFFFFFFFFC9FFF0000351564694323C7409363A0
0E922D260C99836FF90E5EF31749FABAABC203FFFFFFFFFFFC9FFF00003515646A4323C7409363B8
0E93A0260EF7836FA10E6078174B3CBAABC303FFFFFFFFFFFC9FFF00002E15646A4323C7409363D0
0E94BC2610A8836F470E6156174BFFBABBC303FFFFFFFFFFFC8FFF00003615646A4323C7409353E8
0E9512261117836EBB0E61AF174C42BABBC303FFFFFFFFFFFC8FFF00003715646A4323C740936300
0E952A261139836E0F0E61BD174C49BABBC4040FFFFFFFFFFC8FFF00002D15646B4323C740935318
0E953C26114E836D840E61D8174C5BBABBC503FFFFFFFFFFFC9FFF00003315646B4323C740934330
0E9555261174836D350E61EA174C6BBABBC4040FFFFFFFFFFC8FFF00003115646B4323C740934348
0E957B2611A7836CE80E61F3174C6DBACBC403FFFFFFFFFFFC9FFF00002E15646B4323C740934360
0E95C6261213836C6C0E6242174CB0BACBC403FFFFFFFFFFFC9FFF00003715646C4323C740934378
0E95E5261239836BCE0E626F174CCBBADBC403FFFFFFFFFFFC8FFF00003715646C4323C740934390
0E964B2612E0836B410E62C5174D18BADBC503FFFFFFFFFFFC8FFF00002E15646C4323C7409343A8
0E989A26167E836ADC0E652D174F28BADBC5042FFFFFFFFFFC9FFF00003615646C4323C7409333C0
0E9B2E261A65836A800E67B3175141BABBC4043FFFFFFFFFFC8FFF00003715646D4323C7409333D8
0E9D71261DC6836A0F0E69EB175311BAABC4043FFFFFFFFFFC8FFF00003715646D4323C7409333F0
0E9E2E261EDE83697A0E6AA51753A1BAABC4043FFFFFFFFFFC8FFF00003715646D4323C740932308
0E9EAA261FA08368EF0E6B171753FFBAABC4043FFFFFFFFFFC8FFF00003715646D4323C740932320
0E9F892620EC8368880E6BFC1754C3BAABC3043FFFFFFFFFFC9FFF00002E15646E4323C740932338
0EA1492623AC8368130E6DE217565FBAABC3043FFFFFFFFFFC9FFF00002E15646E4323C740932350
0EA4312628078367860E705617585ABA9BC2044FFFFFFFFFFCAFFF00002E15646E4323C740932368
0EA655262B4A8367190E7289175A2DBA8BC3043FFFFFFFFFFC9FFF00002E15646E4323C740932380
0EA863262E578366DD0E74CE175C08BA7BC1043FFFFFFFFFFC7FFF00003815646F4323C740932398
0EA920262F718366640E7571175C91BA6BC0043FFFFFFFFFFC8FFF00003815646F4323C7409323B0
0EA9AB2630408365AD0E75FD175D01BA5BBF043FFFFFFFFFFC9FFF00003815646F4323C7409313C8
0EAAA92631C88365090E76F5175DCFBA5BBE043FFFFFFFFFFC8FFF00002F1564704323C7409313E0
0EABCF26338F8364A30E7823175ECEBA5BBC043FFFFFFFFFFC8FFF0000371564704323C7409303F8
0EAD6226360283645D0E7999176007BA5BBC043FFFFFFFFFFC8FFF0000361564704323C740930310
0EAF1226389483640B0E7B3E17616FBA3BBB043FFFFFFFFFFC9FFF0000311564704323C740930328
0EB063263A9C8363950E7C91176284BA1BBB043FFFFFFFFFFCAFFF0000301564714323C740930340
0EB241263D818362FC0E7E491763FEB9FBBA043FFFFFFFFFFCAFFF0000381564714323C740930358
0EB4F62641CD8362620E80E1176636B9EBB9043FFFFFFFFFFC9FFF0000391564714323C740930370
0EB7C426460C8361DA0E83D51768AFB9DBB8043FFFFFFFFFFC9FFF0000391564724323C740930388
0EB9E426494E8361720E8600176A80B9CBB8043FFFFFFFFFFC9FFF0000321564724323C74092F3A0
0EBA87264A3F8361150E869D176AFFB9DBB8043FFFFFFFFFFC9FFF0000371564724323C74092E3B8
0EBAB6264A8A8360AD0E86CA176B28B9EBB8043FFFFFFFFFFC9FFF0000301564724323C74092F3D0
0EBB05264B088360400E8713176B68B9FBB8043FFFFFFFFFFC8FFF0000301564734323C74092E3E8
0EBB66264B96835FC70E876E176BAFB9FBB8043FFFFFFFFFFC7FFF0000331564734323C74092E300
0EBC15264CA8835F3B0E8811176C3AB9FBB7043FFFFFFFFFFC7FFF0000371564734323C74092E318
0EBF22265187835EA90E8ADA176EA1B9FBB7043FFFFFFFFFFC8FFF0000311564734323C74092E330
0EC139265487835E350E8D2F177086B9FBB7043FFFFFFFFFFC9FFF0000391564744323C74092E348
0EC1E526559D835DCE0E8DEB177128B9FBB8044FFFFFFFFFFC9FFF00003A1564744323C74092E360
0EC3542657CD835D600E8F4F177252B9FBB8043FFFFFFFFFFC9FFF0000321564744323C74092E378
0EC44E26593C835D000E9047177317BA0BB8043FFFFFFFFFFC9FFF0000391564754323C74092D390
0EC51F265A8F835C920E91111773CBBA0BB9043FFFFFFFFFFC9FFF00003A1564754323C74092D3A8
0EC768265DFF835C080E933B177591B9FBB9043FFFFFFFFFFC9FFF00003A1564754323C74092C3C0
0EC94B2660E6835B840E9516177722B9EBB8043FFFFFFFFFFC9FFF0000311564754323C74092C3D8
0ECBFF266507835B060E97C117795EB9DBB7044FFFFFFFFFFC9FFF00003A1564764323C74092C3F0
0ECE2A26686F835A830E99F4177B3DB9BBB6043FFFFFFFFFFC9FFF0000321564764323C74092C308
0ED038266B7D835A040E9BF9177CE5B99BB5043FFFFFFFFFFC9FFF00003A1564764323C74092C320
0ED056266BA88359960E9C24177D06B98BB4043FFFFFFFFFFC9FFF0000321564764323C74092C338
0ED1FC266E6383593B0E9DCC177E82B97BB3043FFFFFFFFFFC9FFF0000321564774323C74092C350
0ED6692675128358DB0EA22917821CB98BB3043FFFFFFFFFFC8FFF00003B1564774323C74092C368
0ED9082678F58358650EA4B117842AB98BB2043FFFFFFFFFFC8FFF0000341564774323C74092B380
0EDA4A267AE58357D70EA5E617852DB98BB0043FFFFFFFFFFC9FFF0000391564784323C74092B398
0EDB42267C6883574B0EA6DB1785FEB97BB0043FFFFFFFFFFC9FFF0000321564784323C74092B3B0
0EDCF4267F198356C10EA876178761B96BAF043FFFFFFFFFFC8FFF00003A1564784323C74092A3C8
0EDEF526820B83563A0EAA8E17891AB95BAF042FFFFFFFFFFC8FFF00003B1564784323C74092A3E0
0EE11726857F8355CB0EACB5178AF4B93BAF042FFFFFFFFFFC9FFF00003C1564794323C74092A3F8
0EE31126885D83557B0EAEA6178C84B91BAE043FFFFFFFFFFCAFFF00003C1564794323C74092A310
0EE3822689058355340EAF07178CD6B93BAD042FFFFFFFFFFC9FFF0000331564794323C74092A328
0EE449268A448354D00EAFE0178D94B92BAD043FFFFFFFFFFCAFFF0000371564794323C74092A340
0EE4F2268B2A8354410EB07B178E05B92BAC043FFFFFFFFFFC9FFF00003715647A4323C740929358
0EE529268B688353890EB0A6178E1DB91BAC03FFFFFFFFFFFC9FFF00002D15647A4323C74092A370
0EE59F268BFA8352C50EB11F178E6EB8FBAB03FFFFFFFFFFFC9FFF00003C15647B4323C840928388
0EE6AB268D9883523E0EB22A178F4BB8EBAA03FFFFFFFFFFFC8FFF00003C15647B4323C8409283A0
0EE73C268E6283521F0EB2C6178FC5B8BBA703FFFFFFFFFFFC8FFF00003C15647B4323C7409283B8
0EE760268EAA83520E0EB2EB178FECB88BA503FFFFFFFFFFFC9FFF00003415647B4323C7409283D0
0EE83226900C8351A90EB3AF1790A2B87BA403FFFFFFFFFFFC9FFF00003D15647B4323C7409283E8
0EEB792695198350F80EB6C817933DB87BA303FFFFFFFFFFFCAFFF00003D15647C4323C740928300
0EEDE72698C68350330EB953179553B86BA103FFFFFFFFFFFC8FFF00003415647C4323C840928318
0EEFB7269B6A834F7F0EBB191796C4B85BA003FFFFFFFFFFFC9FFF00003C15647D4323C840928330
0EF177269E5A834F0E0EBCEF179860B84BA003FFFFFFFFFFFC9FFF00002C15647D4323C840928348
0EF5C926A4CA834ED80EC12E179BDEB85BA003FFFFFFFFFFFCAFFF00003C15647D4323C840928360
0EF71D26A6E4834E980EC280179D0CB85BA003FFFFFFFFFFFC9FFF00003E15647D4323C740926378
0EF9A826AAE6834E3F0EC4FC179F2DB85B9F03FFFFFFFFFFFC9FFF00003E15647D4323C740927390
0EFBE026AE30834DD40EC71D17A0E9B84B9F03FFFFFFFFFFFC9FFF00003B15647E4323C7409263A8
0EFDA726B0F5834D320EC8BE17A24BB82B9E03FFFFFFFFFFFC8FFF00003715647E4323C8409263C0
0F006D26B529834C620ECB9117A4A3B83B9D03FFFFFFFFFFFC8FFF00003D15647E4323C8409263D8
0F016526B699834BB10ECC8717A56AB82B9C03FFFFFFFFFFFC9FFF00003415647F4323C8409263F0
0F027726B83E834B690ECDA317A656B80B9B041FFFFFFFFFFC9FFF00003D15647F4323C840926308
0F02D726B8DD834B630ECDF417A69FB7FB9A044FFFFFFFFFFC8FFF00002D15647F4323C840926320
0F03BE26BA55834B230ECED517A76AB7EB9A044FFFFFFFFFFC9FFF00003D15647F4323C740925338
0F06FE26BF50834A860ED20917AA1AB7EB9A044FFFFFFFFFFCAFFF00003E15647F4323C740925350
0F093B26C2BC8349BA0ED43117ABE4B7EB99043FFFFFFFFFFCAFFF00003E1564804323C840925368
0F0BF026C6C98349120ED6E517AE20B7EB98042FFFFFFFFFFCAFFF00003E1564804323C840924380
0F0D4826C8D88348AB0ED84317AF42B7DB97043FFFFFFFFFFCAFFF00003E1564814323C840924398
0F0DEA26C9CD8348690ED8E817AFCBB7BB97044FFFFFFFFFFC9FFF0000351564814323C8409243B0
0F0EAD26CB058348150ED9A917B075B79B97044FFFFFFFFFFC9FFF00003F1564814323C8409243C8
0F114826CF1283479B0EDC3D17B2A7B79B97044FFFFFFFFFFCAFFF0000361564814323C8409243E0
0F131C26D1BE8347090EDE0117B410B79B96044FFFFFFFFFFC9FFF00003D1564814323C8409243F8
0F159426D5A68346840EE05517B611B78B95044FFFFFFFFFFC8FFF00003E1564824323C840924310
0F177826D88683461B0EE26017B7C5B77B94044FFFFFFFFFFC9FFF0000361564824323C840924328
0F193826DB238345AF0EE42417B938B76B93044FFFFFFFFFFC9FFF0000381564824323C840924340
0F1B8726DEE08345270EE63317BB09B76B92044FFFFFFFFFFC9FFF00003D1564834323C840923358
0F1F8326E4AF8344990EEA3B17BE45B75B9103FFFFFFFFFFFC8FFF00003F1564834323C840922370
0F201726E58E8344330EEAD517BEC7B75B9103FFFFFFFFFFFC9FFF00003F1564834323C840922388
0F210426E7238343F10EEBC917BFA6B73B90043FFFFFFFFFFCAFFF0000401564834323C8409223A0
0F239826EB1783438D0EEE4E17C1C6B73B8F044FFFFFFFFFFCAFFF00003F1564844323C8409223B8
0F261826EEF88342F00EF0B717C3CFB71B8D044FFFFFFFFFFC9FFF00002E1564844323C8409223D0
0F2AB526F5F78342430EF52017C771B6FB8C044FFFFFFFFFFC9FFF0000371564844323C8409223E8
0F2D6526F9FF8341C40EF80817C9D9B6EB8A044FFFFFFFFFFC9FFF00003F1564854323C840922300
0F301326FE0A8341700EFAAC17CC0BB6CB89044FFFFFFFFFFCAFFF0000381564854323C840921318
0F319A2700678341260EFC2717CD4DB69B89044FFFFFFFFFFC9FFF0000381564854323C840921330
0F345327049F8340C20EFECA17CF8FB69B89044FFFFFFFFFFC9FFF00003F1564854323C840920348
0F37312708F48340410F019F17D1E3B6AB87044FFFFFFFFFFC9FFF0000411564854323C840920360
0F399B270CC2833FBB0F03E117D3D5B69B86044FFFFFFFFFFCAFFF0000411564864323C840920378
0F3C95271147833F360F06E717D65CB68B84044FFFFFFFFFFC8FFF0000381564864323C840920390
0F3E362713C5833EA10F087A17D7ABB67B83044FFFFFFFFFFC9FFF00003A1564864323C8409203A8
0F405A271721833E150F0A9217D975B66B83044FFFFFFFFFFC9FFF00003E1564874323C8409203C0
0F434C271B97833DBC0F0DA417DC00B64B82044FFFFFFFFFFC9FFF0000381564874323C8409203D8
0F4599271F0C833D820F0FE117DDD8B62B81044FFFFFFFFFFC9FFF0000411564874323C8409203F0
0F47C427223E833D2D0F120217DF92B62B80044FFFFFFFFFFC9FFF0000421564874323C840920308
0F491D272449833C990F134D17E0A6B61B7F044FFFFFFFFFFCAFFF00003B1564884323C840920320
0F4A282725FB833BEB0F145117E18BB60B7E044FFFFFFFFFFCAFFF0000381564884323C840920338
0F4C9F2729BB833B5A0F16B517E38DB5FB7D044FFFFFFFFFFC9FFF0000401564884323C840920350
0F4E1B272BF1833AF10F183717E4C6B5EB7C044FFFFFFFFFFC9FFF0000391564894323C84091E368
0F4FB6272E5C833A950F19D817E61EB5DB7B044FFFFFFFFFFC8FFF0000411564894323C84091E380
0F50B8272FE5833A3D0F1ADE17E6FBB5CB7A044FFFFFFFFFFC9FFF0000421564894323C84091E398
0F52642732A68339DB0F1C7B17E870B5AB7A044FFFFFFFFFFC9FFF0000391564894323C84091E3B0
0F5768273A538339590F214B17EC78B5AB78044FFFFFFFFFFC8FFF0000421564894323C84091E3C8
0F5B5227400C8338C60F252317EF92B58B77044FFFFFFFFFFC9FFF00003E15648A4323C84091D3E0
0F5D4727430F83383C0F272F17F148B57B76044FFFFFFFFFFC9FFF00003E15648A4323C84091D3F8
0F5FD627470C8337C20F29B817F372B55B74044FFFFFFFFFFCAFFF00003915648A4323C84091D310
0F6345274C4983375E0F2D2A17F650B55B73044FFFFFFFFFFCAFFF00004315648B4323C84091C328
0F661C2750868336FB0F2FF917F89FB54B72044FFFFFFFFFFC9FFF00003E15648B4323C84091C340
0F67B32752D98336940F318517F9E0B52B71044FFFFFFFFFFC9FFF00003E15648B4323C84091C358
0F68622753DD83361D0F323117FA6EB52B70044FFFFFFFFFFC9FFF00004315648B4323C84091C370
0F69102754F383358F0F32D217FAF7B51B6F044FFFFFFFFFFCAFFF00004315648C4323C84091C388
0F6A112756748335080F33D117FBCAB50B6F044FFFFFFFFFFC9FFF00004315648C4323C84091C3A0
0F6B3127582D8334A10F34E417FCADB4EB6E044FFFFFFFFFFC8FFF00003A15648C4323C84091C3B8
0F6CA4275A778334430F369217FE25B4FB6D044FFFFFFFFFFC8FFF00004415648C4323C84091C3D0
0F700E275FC48333CB0F39B41800CCB4EB6C044FFFFFFFFFFC9FFF00003C15648D4323C84091B3E8
0F738F2764E98333400F3D27180393B4DB6C044FFFFFFFFFFC9FFF00004315648D4323C84091A300
0F75F227686D8332B00F3F8618057FB4CB6B044FFFFFFFFFFC9FFF00004415648D4323C84091A318
0F76BB2769A48332410F4075180646B49B6A044FFFFFFFFFFC9FFF00003C15648E4323C84091A330
0F7834276BED8332010F41DC180775B48B68044FFFFFFFFFFCAFFF00003D15648E4323C84091A348
0F79B0276E518331AB0F43541808C9B48B68044FFFFFFFFFFC9FFF00003A15648E4323C84091A360
0F7EFA27765A83310E0F486B180D00B49B67044FFFFFFFFFFC8FFF00004415648E4323C84091A378
0F810F2779308330510F4A90180EA0B4AB67043FFFFFFFFFFC8FFF00003C15648F4323C84091A390
0F816C2779DE832FBB0F4AEB180EFDB48B65044FFFFFFFFFFC9FFF00003315648F4323C84091A3A8
0F82D2277C0A832F730F4C6B18103FB46B65044FFFFFFFFFFC9FFF00004415648F4323C8409183C0
0F83BE277D96832F520F4D56181112B45B64043FFFFFFFFFFCAFFF00004515648F4323C8409183D8
0F88762784BC832EF50F51E01814DFB45B64044FFFFFFFFFFC9FFF0000461564904323C8409193F0
0F8AA62787DF832E530F53F8181683B44B63044FFFFFFFFFFCAFFF0000461564904323C840918308
0F8CF1278B76832D9E0F562B181861B43B62042FFFFFFFFFFC9FFF0000461564904323C840918320
0F8FB6278F9D832CF90F58E5181AA5B43B6103FFFFFFFFFFFC9FFF0000461564914323C840918338
0F90B9279121832C820F5A0A181B96B42B5F03FFFFFFFFFFFC9FFF00003F1564914323C840918350
0F91B02792AD832C4E0F5ADE181C47B3FB5E03FFFFFFFFFFFC9FFF0000431564914323C840918368
0F94652796DD832C210F5DAB181EA4B3EB5D045FFFFFFFFFFC8FFF0000461564914323C840918380
0F981D279C62832BB60F61511821ACB3DB5D045FFFFFFFFFFC8FFF00003E1564924323C840918398
0F9B4F27A127832B0B0F645C182426B3CB5C043FFFFFFFFFFC9FFF0000471564924323C8409183B0
0F9E4727A5E5832A510F67481826ABB3BB5A03FFFFFFFFFFFC9FFF00003E1564924323C8409183C8
0FA53A27B01D8329D00F6E26182C3DB39B5803FFFFFFFFFFFCAFFF0000471564934323C8409163E0
0FA73827B3188329760F7036182DEFB37B5603FFFFFFFFFFFCAFFF0000441564934323C8409163F8
0FA8E427B5A58329110F71C5182F44B36B54048FFFFFFFFFFCBFFF0000401564934323C840916310
0FAA2127B7888328A50F7310183054B34B52045FFFFFFFFFFCAFFF0000361564934323C840916328
0FAB4927B9578328430F7437183152B32B51045FFFFFFFFFFCAFFF0000471564944323C840916340
0FAE4127BE278327E10F77221833E3B30B50045FFFFFFFFFFCAFFF0000481564944323C840916358
0FB61B27C99483275A0F7E761839C6B2EB4E046FFFFFFFFFFCAFFF0000481564944323C840915370
0FB81D27CC7A8326B10F80D1183BA6B2CB4C045FFFFFFFFFFCAFFF00003F1564954323C840916388
0FB99C27CEDA8326130F8253183CF4B2AB4B045FFFFFFFFFFC9FFF0000481564954323C8409153A0
0FBBAA27D2128325B50F846D183EBBB28B4A045FFFFFFFFFFC9FFF0000481564954323C8409153B8
0FBE5727D63383256D0F8715184101B26B48045FFFFFFFFFFCAFFF0000481564954323C8409143D0
0FC2B527DCA68325050F8B5D18447BB24B48045FFFFFFFFFFC9FFF0000491564964323C8409153E8
0FC57E27E0FC83248A0F8E021846C1B22B45045FFFFFFFFFFC9FFF0000401564964323C840914300
0FC9AE27E7108323FE0F92041849F3B22B43045FFFFFFFFFFC9FFF0000491564964323C840914318
0FCC3A27EAEC8323810F94A7184C24B20B41045FFFFFFFFFFCAFFF0000491564974323C840914330
0FCD8A27ECE283230F0F9609184D46B1EB40045FFFFFFFFFFC9FFF0000491564974323C840914348
0FCE0627ED8F8322900F967D184DA1B1CB3F045FFFFFFFFFFCAFFF0000491564974323C840914360
0FCE8627EE6183220B0F96F3184E07B1AB3E045FFFFFFFFFFC9FFF0000441564974323C840914378
0FD06C27F14A8321A00F98E8184FB1B1AB3D045FFFFFFFFFFCAFFF0000461564984323C840914390
0FD23227F3F58321380F9A9A185119B19B3C045FFFFFFFFFFC9FFF00004A1564984323C8409123A8
0FD55C27F8D28320BE0F9DAF1853AEB19B3B045FFFFFFFFFFC9FFF0000431564984323C8409133C0
0FD93E27FE6A83205A0FA1971856C4B18B3A044FFFFFFFFFFC9FFF0000481564984323C8409123D8
0FDB2B280144831FFE0FA38218585BB16B38044FFFFFFFFFFC9FFF0000411564994323C8409123F0
0FE07A28096D831F5F0FA883185C8DB14B37045FFFFFFFFFFCAFFF0000411564994323C840912308
0FE7BC281417831EA30FAFCD186274B15B36044FFFFFFFFFFC9FFF0000431564994323C840912320
0FEA9828184B831E260FB2B11864CBB15B35045FFFFFFFFFFCAFFF00004815649A4323C840912338
0FEC6D281B16831DEF0FB48A186650B12B33045FFFFFFFFFFCAFFF00004B15649A4323C840912350
0FEF20281F2A831DB40FB740186895B11B32044FFFFFFFFFFCAFFF00004215649A4323C840912368
0FF4492826F2831D4C0FBC41186CBEB0FB32045FFFFFFFFFFCAFFF00004B15649A4323C840911380
0FF8EF282DCA831C9F0FC0C2187062B0DB30044FFFFFFFFFFC9FFF00004B15649B4323C840910398
0FFEDB2836DC831BD40FC683187533B0AB2F044FFFFFFFFFFC9FFF00004B15649B4323C8409103B0
100480283EFD831B340FCC211879B1B09B2D045FFFFFFFFFFC9FFF00004215649C4323C8409103C8
10052F283FFC831AEA0FCCF5187A5AB05B2A045FFFFFFFFFFCAFFF00004315649C4323C8409103E0
10054E284040831ACB0FCD17187A81B04B28045FFFFFFFFFFCBFFF00004B15649C4323C8409103F8
1005892840B3831A780FCD54187AC9B04B28045FFFFFFFFFFCAFFF00004C15649C4323C840910310
10076B2843968319DD0FCF18187C40B02B26045FFFFFFFFFFCAFFF00004315649C4323C840910328
100A422847B78319260FD1D1187E6DB00B25044FFFFFFFFFFCBFFF00004C15649D4323C840910340
100ED6284E9383187C0FD638188211B00B23044FFFFFFFFFFCAFFF00004C15649D4323C840910358
10124A2853868317F70FD9C91884DFAFFB22045FFFFFFFFFFC9FFF00004C15649E4323C84090F370
1013B82855AA8317B10FDB6318862EAFCB20045FFFFFFFFFFC9FFF00004415649E4323C84090F388
1016702859A38317880FDDF318883AAFAB1E044FFFFFFFFFFCAFFF00004C15649E4323C84090E3A0
1017F6285BEA8317220FDF7B188988AF8B1C045FFFFFFFFFFCBFFF00004D15649E4323C84090E3B8
101936285DBF8316780FE0B8188A8AAF5B1B045FFFFFFFFFFC9FFF00004D15649E4323C84090E3D0
101E1E2865688315C70FE54B188E6BAF3B19045FFFFFFFFFFC9FFF00004415649F4323C84090F3E8
1026382871588315400FED7318950FAF2B17045FFFFFFFFFFC9FFF00004D15649F4323C84090E300
102A7E2877678314D40FF1CA189877AEFB14046FFFFFFFFFFC9FFF00003D1564A04323C84090E318
102C2B2879ED8314850FF3711899D3AEBB11045FFFFFFFFFFC9FFF00004C1564A04323C84090E330
102DD5287C8483142A0FF519189B43AE9B10045FFFFFFFFFFC9FFF00004E1564A04323C84090D348
1030522880388313AC0FF78E189D44AEAB0F044FFFFFFFFFFCAFFF0000451564A04323C84090E360
1033D828858F8313230FFAE518A010AEAB0C044FFFFFFFFFFCAFFF00004E1564A14323C84090D378
1037C4288B3F8312B30FFED818A336AEAB0B044FFFFFFFFFFCAFFF0000451564A14323C84090D390
103B992890EA83124310028A18A63BAE8B0A041FFFFFFFFFFCAFFF00004E1564A14323C84090C3A8
103F7828965E8311BC10067018A947AE6B0903FFFFFFFFFFFCAFFF00004E1564A14323C84090C3C0
10413E28994683113810083718AAD5AE4B08041FFFFFFFFFFCAFFF0000491564A24323C84090C3D8
1045BC289FD28310D0100CAE18AE6EAE1B07044FFFFFFFFFFCAFFF00004C1564A24323C84090C3F0
10497728A55883106F10106918B17DADFB0503FFFFFFFFFFFC9FFF00004F1564A24323C84090C308
104C0228A916830FFA1012D218B36DADDB0403FFFFFFFFFFFC9FFF0000461564A34323C84090C320
104FF728AEEA830F7110169D18B681ADDB0303FFFFFFFFFFFCAFFF00004F1564A34323C84090B338
10533328B37F830EEB1019DF18B90FADDB0103FFFFFFFFFFFCAFFF00004F1564A34323C84090C350
1054F128B615830E7B101BB818BA96ADCB0003FFFFFFFFFFFCAFFF00003E1564A34323C84090B368
1057F628BAB1830E1B101EB918BD12ADCAFE041FFFFFFFFFFC9FFF0000471564A44323C84090A380
105C0A28C09F830DB31022BC18C050ADBAFF045FFFFFFFFFFC8FFF00004F1564A44323C84090A398
105F8A28C5C3830D3A10260E18C300AD7AFE045FFFFFFFFFFCAFFF0000471564A44323C84090A3B0
10640928CCAF830CB2102A7818C6BAAD7AFC045FFFFFFFFFFCBFFF00004F1564A54323C84090A3C8
106A4D28D57B830C2710309E18CB81AD4AFA045FFFFFFFFFFCBFFF0000501564A54323C84090A3E0
106DDE28DADB830BAE10342D18CE72AD0AF9045FFFFFFFFFFC9FFF0000501564A54323C84090A3F8
10728928E192830B4F1038DF18D228ACFAF7045FFFFFFFFFFC9FFF0000501564A54323C84090A310
1074D728E4E9830AF4103B2A18D404ACFAF5045FFFFFFFFFFC9FFF0000481564A64323C84090A328
1077F328E96C830A77103E2E18D66FACDAF5045FFFFFFFFFFCAFFF0000511564A64323C840909340
107A6D28ED2F8309EF10409018D86AACCAF3045FFFFFFFFFFC9FFF0000411564A64323C840908358
107F7028F47383097710458218DC61ACCAF2045FFFFFFFFFFC9FFF00004F1564A74323C840909370
10834028F9E683090D10496418DF70AC9AF0045FFFFFFFFFFCBFFF0000511564A74323C840909388
1084F128FC46830895104B0018E0B2AC6AEE045FFFFFFFFFFCAFFF0000511564A74323C8409083A0
1085AB28FD67830811104BC018E154AC3AED045FFFFFFFFFFCBFFF0000511564A74323C8409083B8
1089522902F883079D104F5E18E455AC3AED045FFFFFFFFFFCAFFF0000511564A84323C8409083D0
108D8A2908E883073C1053A018E7AFAC3AEB045FFFFFFFFFFC8FFF0000491564A84323C8409083E8
108EE6290ACC8306CF1054E318E8A5AC3AE9045FFFFFFFFFFC9FFF0000491564A84323C840908300
109062290D0B83064810564318E9CAAC1AE7045FFFFFFFFFFC9FFF0000511564A94323C840908318
10941F2912A38305C41059F518ECD7ABFAE5045FFFFFFFFFFCAFFF0000521564A94323C840908330
109A64291BAF83054F10603F18F1D6ABEAE4045FFFFFFFFFFC9FFF0000521564A94323C840908348
109F7D2922AA8304E710654F18F5AEABCAE3045FFFFFFFFFFC9FFF0000521564AA4323C840906360
10A2222926B88304841067DC18F7D5AB8AE2045FFFFFFFFFFC9FFF0000521564AA4323C840906378
10A4F2292AA1830413106A9518F9EFAB5AE0045FFFFFFFFFFC9FFF00004A1564AA4323C840906390
10A52A292B06830396106AD618FA2CAB4ADD045FFFFFFFFFFC9FFF0000521564AA4323C8409063A8
10A65D292CFC830314106C1018FB44AB1ADB045FFFFFFFFFFC8FFF0000531564AB4323C8409063C0
10AD852937A98302901072EF1900ECAB0AD9045FFFFFFFFFFC8FFF00004A1564AB4323C8409063D8
10B693294428830213107BFA1907D4AB0AD7045FFFFFFFFFFCAFFF0000521564AB4323C8409063F0
10BAF0294A698301A610804E190B3FAAEAD5046FFFFFFFFFFC8FFF0000431564AC4323C840906308
10BDEC294EE1830142108335190DA5AABAD3045FFFFFFFFFFC8FFF0000511564AC4323C840905320
10C4BE2958FB8300D3108A01191338AA7AD1045FFFFFFFFFFC7FFF00004A1564AC4323C840905338
10CC972963E78300621091CB191932AA6ACE045FFFFFFFFFFC7FFF0000531564AC4323C840904350
10D2EA296CA982FFF71097FE191DEDAA4ACB045FFFFFFFFFFC6FFF0000531564AD4323C840904368
10D6C129721582FF78109BB81920D9AA0AC9045FFFFFFFFFFC7FFF00004B1564AD4323C840904380
10DBC329798A82FEDA10A0851924C6A9CAC6045FFFFFFFFFFC7FFF0000531564AD4323C840904398
10E36D29849482FE4410A819192AC8A9CAC3045FFFFFFFFFFC7FFF0000541564AE4323C8409043B0
10E78C2989FC82FDE410AC59192DEDA99AC0045FFFFFFFFFFC6FFF0000541564AE4323C8409043C8
10E8DF298C0982FDA710ADDA192F2BA95ABD044FFFFFFFFFFC6FFF0000541564AE4323C8409043E0
10EB5F298FCF82FD5F10B06F193150A91ABB045FFFFFFFFFFC6FFF00004B1564AE4323C8409043F8
10EF7629956A82FCD810B42019341FA90ABA045FFFFFFFFFFC6FFF0000541564AF4323C740904310
10F2E9299AB182FC1C10B77A1936EBA8DAB8045FFFFFFFFFFC5FFF00004C1564AF4323C840902328
10F5A4299E5282FB7C10BA401938FFA8CAB6045FFFFFFFFFFC6FFF0000531564AF4323C840903340
10F662299F8282FB1110BAFE1939A1A88AB4045FFFFFFFFFFC4FFF0000541564B04323C840902358
10F7CC29A19A82FAD210BC7F193ADCA86AB3045FFFFFFFFFFC4FFF0000541564B04323C840903370
10FB3029A69682FA9710BFF4193DA3A86AB2044FFFFFFFFFFC7FFF00004C1564B04323C740902388
11045029B35482FA2A10C8C419447DA87AB1045FFFFFFFFFFC6FFF0000551564B04323C7409023A0
110B5329BD2482F98310CF5F19498CA82AB0044FFFFFFFFFFC5FFF00004C1564B14323C7409023B8
11114929C54A82F8D310D581194E3AA7EAAE044FFFFFFFFFFC4FFF0000541564B14323C7409023D0
111B9229D3D882F84610DF8719560EA7EAAC044FFFFFFFFFFC4FFF0000551564B24323C8409023E8
11228D29DD1282F7FB10E6A4195B4CA7FAAC044FFFFFFFFFFC4FFF0000551564B24323C840902300
1124A629E02982F7C410E8B6195CF8A7FAAA044FFFFFFFFFFC3FFF0000561564B24323C740901318
1126A729E33982F76510EAB7195EABA7EAAA044FFFFFFFFFFC3FFF0000561564B24323C740901330
112DF029EDB382F6E410F1A0196424A7EAA9044FFFFFFFFFFC4FFF0000561564B24323C740901348
11373629FA2C82F64C10FAA2196ADEA7CAA7044FFFFFFFFFFC3FFF0000561564B34323C740900360
113B3029FF8F82F5B010FECF196DFDA79AA5044FFFFFFFFFFC3FFF0000561564B34323C740901378
113E5D2A03B482F5301101FD19704EA74AA2044FFFFFFFFFFC3FFF00004D1564B44323C740900390
113E382A037082F4CB1101F4197040A71A9F044FFFFFFFFFFC2FFF0000561564B44323C7409003A8
113E362A036782F4761101EC197034A72A9E044FFFFFFFFFFC1FFF0000561564B44323C7409003C0
113EDE2A044E82F41D1102861970AAA72A9D044FFFFFFFFFFC0FFF00004F1564B44323C7409003D8
1140E62A076D82F3B71104A9197277A74A9E044FFFFFFFFFFBEFFF0000541564B44323C7409003F0
1143502A0AAE82F33F1106F419742FA72A9E044FFFFFFFFFFBEFFF0000571564B54323C740900308
1144D12A0C9082F2B7110866197533A70A9C044FFFFFFFFFFC0FFF00004F1564B54323C7408FF320
1145812A0D5F82F2281109201975A8A6FA9C044FFFFFFFFFFC0FFF0000561564B64323C7408FF338
114CE22A178C82F1A1111032197B09A73A9E044FFFFFFFFFFBEFFF0000571564B64323C7408FF350
1150CA2A1BF982F139111443197DA0A74A9E044FFFFFFFFFFBCFFF00004E1564B64323C7408FE368
1156762A237282F0DB1119EE1981C3A73A9F044FFFFFFFFFFBAFFF0000571564B64323C7408FE380
115CF72A2BB282F06C112048198639A74AA1044FFFFFFFFFFB9FFF0000581564B74323C7408FE398
11603A2A300982F008112382198899A74AA2044FFFFFFFFFFB6FFF0000571564B74323C7408FE3B0
1161E92A325C82EFB311252F1989DFA78AA4044FFFFFFFFFFB6FFF00004F1564B74323C7408FE3C8
1166382A389282EF3A112938198D18A78AA4044FFFFFFFFFFB5FFF0000521564B74323C7408FE3E0
1170F82A46F882EE8B1133A61994D1A77AA3043FFFFFFFFFFB5FFF0000541564B84323C7408FE3F8
117DBA2A581782EDE411406A199E53A73AA2043FFFFFFFFFFB4FFF0000581564B84323C7408FE310
1182112A5D7C82ED7D1144E419A16AA75AA0040FFFFFFFFFFB3FFF0000581564B94323C7408FD328
1183662A5F7E82ED4211464019A28BA74A9F03FFFFFFFFFFFB0FFF0000581564B94323C7408FD340
11870C2A64F382ECF21149D119A57FA72A9E03FFFFFFFFFFFB1FFF0000591564B94323C7408FD358
118CEF2A6CE782EC74114F7619A9BBA70A9F03FFFFFFFFFFFB1FFF0000521564B94323C7408FC370
1192FB2A74E682EBD811554D19ADFDA6EA9E03FFFFFFFFFFFB4FFF0000561564BA4323C7408FC388
1197F72A7B6882EB52115A6F19B1B5A6AA9A03FFFFFFFFFFFB1FFF0000591564BA4323C7408FC3A0
119ACA2A7E6B82EAEA115D4B19B369A6AA9803FFFFFFFFFFFB2FFF0000501564BA4323C7408FC3B8
119EA82A822682EA8711612019B575A68A9703FFFFFFFFFFFB1FFF0000501564BB4323C7408FC3D0
11A3D02A887782EA0511664619B8FEA68A9703FFFFFFFFFFFADFFF0000501564BB4323C7408FC3E8
11AF072A97A582E9741170ED19C0E9A6CA9B03FFFFFFFFFFFABFFF0000521564BB4323C7408FC300
11B6A42AA02182E90A1178CF19C5E0A6DA9C03FFFFFFFFFFFAAFFF0000571564BB4323C7408FC318
11BB182AA5AF82E8BD117D4419C8EAA6CA9B03FFFFFFFFFFFA8FFF00005A1564BC4323C7408FB330
11BFFD2AABA582E86B11820F19CC2EA6EA9A03FFFFFFFFFFFA6FFF00005A1564BC4323C7408FA348
11C5442AB24C82E7F011872F19CFC1A6EA9B03FFFFFFFFFFFA4FFF0000511564BC4323C7408FB360
11CFB82ABED082E74211912519D654A6CA9A03FFFFFFFFFFFA1FFF0000511564BD4323C7408FB378
11D9CC2ACB3882E6A1119B5619DD58A67A9603FFFFFFFFFFF9EFFF0000511564BD4323C7408FA390
11E07E2AD30182E63A11A21D19E1ABA61A9203FFFFFFFFFFF9DFFF00005A1564BD4323C7408FA3A8
11E4222AD74F82E60111A5BF19E40AA5BA8D03FFFFFFFFFFF9EFFF00004A1564BE4323C7408FA3C0
11E7662ADBA782E5B611A90319E67AA56A8803FFFFFFFFFFF99FFF0000591564BE4323C6408FA3D8
11F3292AE92F82E53711B45D19EDB8A52A8303FFFFFFFFFFF99FFF00005B1564BE4323C6408FA3F0
11FC582AF30382E49211BCFE19F2BFA4EA7E03FFFFFFFFFFF98FFF00005B1564BE4323C6408FA308
120D592B062A82E41011CE1419FD77A49A7703FFFFFFFFFFF97FFF00005B1564BF4323C6408F9320
12121F2B0B0682E3BF11D3111A0051A3EA7003FFFFFFFFFFF95FFF0000521564BF4323C6408F9338
12139F2B0CD182E35B11D49C1A015BA2FA67041FFFFFFFFFF93FFF00005B1564BF4323C6408F8350
1216C32B0FC782E2D711D7901A02DBA27A5C041FFFFFFFFFF90FFF0000571564C04323C6408F8368
121C072B147282E24D11DCC21A0568A1DA53040FFFFFFFFFF8FFFF0000561564C04323C6408F8380
12255C2B1D3E82E1E811E6401A0A53A14A4A03FFFFFFFFFFF8EFFF0000551564C04323C6408F8398
122A492B21D182E18711EAF71A0CCDA06A3F041FFFFFFFFFF8CFFF0000591564C14323C6408F83B0
122E982B266082E10311EF191A0F2C9F3A2F040FFFFFFFFFF8BFFF0000551564C14323C6408F83C8
123A082B313282E08411FA371A15079E4A1F040FFFFFFFFFF8BFFF00005A1564C14323C6408F73E0
12423D2B38AE82E0191202DB1A19679D5A0F042FFFFFFFFFF86FFF00005C1564C24323C6408F83F8
1247E92B3CF782DFB31208361A1BA99BD9F8041FFFFFFFFFF83FFF0000541564C24323C6408F8310
1248ED2B3DD582DF3612092B1A1C1699B9E2041FFFFFFFFFF80FFF00005A1564C24323C6408F7328
1251A92B45D282DEA91211A51A20619819CB041FFFFFFFFFF81FFF0000531564C34323C6408F7340
125A1D2B4DD682DE35121A3A1A24DE96B9B6041FFFFFFFFFF7FFFF00005A1564C34323C6408F6358
1266982B5A6B82DDDE1226B01A2BDB95199F040FFFFFFFFFF7CFFF0000541564C34323C6408F6370
1273002B665582DD721232D31A3255933986040FFFFFFFFFF79FFF00005D1564C34323C6408F6388
127D382B70BA82DCE8123CCE1A37FB90895F041FFFFFFFFFF73FFF00005D1564C44323C6408F63A0
127F0D2B72AC82DC54123E971A39008DB932040FFFFFFFFFF6BFFF0000541564C44323C6408F63B8
127F8A2B735A82DBDB123F0C1A39558AB909040FFFFFFFFFF63FFF0000541564C44323C6408F63D0
12801C2B742382DB7F12407B1A3A4A8958F0040FFFFFFFFFF61FFF00005D1564C54323C6408F63E8
1280742B749582DB281241521A3AE78918E3040FFFFFFFFFF60FFF00005D1564C54323C6408F6300
1283192B77DC82DAC41242E01A3BDD8888DC040FFFFFFFFFF5CFFF0000571564C54323C6408F5318
1285A92B7A3382DA4E1245401A3D0E8838D3040FFFFFFFFFF5CFFF00005C1564C64323C6408F4330
128D652B827882D9BA124CA01A417387D8CB040FFFFFFFFFF5BFFF0000581564C64323C6408F4348
1293982B891882D9241252DA1A450E8718C0040FFFFFFFFFF5BFFF00005A1564C64323C6408F4360
1298FA2B8F3C82D8B012583B1A48738558A9040FFFFFFFFFF5FFFF00005E1564C74323C6408F4378
129D2F2B93D282D84E125C751A4B00837891040FFFFFFFFFF64FFF00005E1564C74323C6408F4390
12A0AE2B97A982D7EF125FE51A4D1881A87E03FFFFFFFFFFF6CFFF00005E1564C74323C6408F43A8
12A4F02B9C0D82D79512641B1A4F8180586A040FFFFFFFFFF77FFF0000581564C74323C6408F43C0
12A8822BA02882D73112679B1A51C37F6859042FFFFFFFFFF82FFF00005B1564C84323C6408F43D8
12B10C2BA97B82D6BA126FE71A56D47F3846042FFFFFFFFFF8CFFF00005F1564C84323C6408F43F0
12B5AF2BAE6A82D6371274761A59877E3839041FFFFFFFFFF9FFFF0000551564C84323C6408F3308
12BBD42BB52682D59F127A9C1A5D447CA82B03FFFFFFFFFFFA8FFF00005E1564C94323C6408F3320
12C0552BBA0482D507127F071A5FEB7B7819043FFFFFFFFFFACFFF0000551564C94323C6408F2338
12C2882BBC4D82D4A112813F1A61327A3809045FFFFFFFFFFAEFFF0000561564C94323C6408F2350
12C2DA2BBCAF82D4671281971A616E79A7FF044FFFFFFFFFFB1FFF00005F1564CA4323C6408F2368
12C3302BBD1982D4111281EE1A61AA7957F8043FFFFFFFFFFB1FFF00005F1564CA4323C5408F2380
12C5052BBF0F82D38A1283B71A62BC7957F603FFFFFFFFFFFB1FFF00005F1564CA4323C5408F2398
12C73F2BC15582D2F01285D01A63EA7947F303FFFFFFFFFFFB2FFF0000571564CB4323C5408F23B0
12CC642BC66282D269128AF81A66BB7967F203FFFFFFFFFFFB5FFF00005F1564CB4323C5408F23C8
12D03E2BCA6B82D1F8128ECA1A68F978E7ED042FFFFFFFFFFB7FFF00005F1564CB4323C5408F23E0
12D2692BCCA082D1871290F01A6A3578D7EA041FFFFFFFFFFB6FFF00005F1564CB4323C5408F13F8
12D9BC2BD54B82D1121298471A6F0178A7E9041FFFFFFFFFFB4FFF0000581564CC4323C5408F1310
12E53F2BE0A982D0A412A3871A753E7837E6320FFFFFFFFFFB6FFF0000601564CC4323C5408F1328
12E6482BE13182D03D12A4941A759177F7DF348FFFFFFFFFFB7FFF0000581564CC4323C5408F1340
12E96D2BE3F482CFE312A7CF1A772377E7D9043FFFFFFFFFFB4FFF0000561564CD4323C5408F1358
12EF102BE97682CF8212AD4A1A7A2777E7D6041FFFFFFFFFFB6FFF0000581564CD4323C5408F1370
12F15B2BEBA882CEED12AF761A7B5977A7D21B0FFFFFFFFFFB7FFF0000611564CD4323C5408F0388
12F5E62BEFDE82CE2F12B3B31A7D7D7797CD5D9FFFFFFFFFFB7FFF0000581564CE4323C5408F03A0
13073F2BFDA282CD9112C4E91A852C7717C903FFFFFFFFFFFB6FFF0000601564CE4323C5408F03B8
130DC52C023F82CD5112CBBF1A87D17677C5045FFFFFFFFFFB7FFF00005D1564CE4323C5408F03D0
1311BC2C04C382CD3C12CFA61A89397657C2045FFFFFFFFFFB8FFF00005B1564CE4323C5408F03E8
1315FF2C062582CCEA12D3AF1A89F375E7C37C9FFFFFFFFFFB7FFF0000611564CF4323C5408EF300
1319F72C097582CC5312D74A1A8B7E75F7BE045FFFFFFFFFFB8FFF0000611564CF4323C5408EF318
1325DE2C15A682CBAF12E3091A924A75F7BB045FFFFFFFFFFBAFFF0000501564CF4323C5408EF330
13296A2C193B82CB3612E6D41A947075C7B9045FFFFFFFFFFBAFFF0000601564D04323C5408EF348
132A492C1A0082CAD912E7B31A94DD7577B9045FFFFFFFFFFBBFFF0000611564D04323C5408EF360
132BDD2C1A7382CA6612E9421A951B75B7BC045FFFFFFFFFFBAFFF0000591564D04323C5408EE378
132FD12C1E1082C9F112ED2C1A971A7637BC045FFFFFFFFFFBBFFF0000591564D14323C5408EE390
1330792C1E9A82C9AC12EDD11A976B7667BD045FFFFFFFFFFBBFFF0000621564D14323C5408EE3A8
1330622C1E8482C98A12EDBB1A975E7617BD692FFFFFFFFFFB9FFF0000621564D14323C5408EE3C0
1331012C1F0682C93F12EE541A97A675F7BE1F7FFFFFFFFFFB9FFF00005A1564D14323C5408EE3D8
1332DF2C212382C8A012F0141A98BE75B7BD045FFFFFFFFFFBAFFF0000621564D24323C5408EC3F0
1334A62C234482C7E012F1E11A99F47637BA044FFFFFFFFFFBBFFF0000621564D24323C5408ED308
13353D2C23B182C75512F2801A9A3275C7BB045FFFFFFFFFFBCFFF0000591564D34323C5408ED320
1334BE2C220A82C72412F2031A994A75B7BC044FFFFFFFFFFBBFFF0000551564D34323C5408EC338
1334A22C21E582C72912F1EF1A99387547BB044FFFFFFFFFFBBFFF00005D1564D34323C5408EC350
1334A62C21F582C71212F1F11A993E7557BB044FFFFFFFFFFBCFFF0000631564D34323C5408EC368
13345D2C20F982C6AA12F1A61A98B37587BB1DCFFFFFFFFFFBCFFF0000621564D34323C5408EC380
1333592C1E6582C60112F0A91A974B75B7BA654FFFFFFFFFFBCFFF00005B1564D44323C5408EC398
13334D2C1E0C82C55912F0981A97117617B5044FFFFFFFFFFBCFFF00005A1564D54323C5408EC3B0
1333992C1E5A82C4EE12F0EA1A973675D7B8044FFFFFFFFFFBDFFF0000631564D54323C5408EC3C8
1334162C1EFA82C4DE12F1671A979274E7B8043FFFFFFFFFFBCFFF0000631564D54323C5408EC3E0
1333B72C1E7D82C4F712F1051A97497547BA933FFFFFFFFFFBDFFF0000631564D54323C5408EC3F8
13331F2C1DCE82C52212F06F1A96E67577B9044FFFFFFFFFFBFFFF00005B1564D54323C4408EB310
1333232C1DCA82C51412F0771A96E67507BB03FFFFFFFFFFFBEFFF0000641564D64323C4408EB328
1334452C1F4682C49D12F18C1A97B274D7B803FFFFFFFFFFFBEFFF0000641564D64323C4408EB340
1335992C208A82C40512F2D61A98637547B695DFFFFFFFFFFBEFFF0000631564D74323C5408EC358
1335BF2C1FA782C3BF12F3081A97EB7567B6039FFFFFFFFFFBEFFF0000631564D74323C5408EA370
1335D72C1F9C82C3BC12F3211A97E47547B603FFFFFFFFFFFBEFFF0000641564D74323C4408EA388
13357E2C1EA082C3A912F2B41A97467577B603FFFFFFFFFFFBDFFF0000641564D74323C4408EA3A0
1333A72C19FF82C35E12F0EB1A94CA7537B76C3FFFFFFFFFFBCFFF00005C1564D84323C4408EA3B8
1333AB2C193F82C2EB12F0F21A94627557B6208FFFFFFFFFFBCFFF0000641564D84323C4408EA3D0
1334AE2C19A582C26F12F1EF1A94927537B203FFFFFFFFFFFBEFFF0000651564D84323C4408EA3E8
13353F2C19E182C21412F2861A94B27537B003FFFFFFFFFFFBFFFF0000651564D94323C4408E9300
1335782C19D582C1C912F2BA1A94A37577B151CFFFFFFFFFFBEFFF0000641564D94323C4408E9318
13354B2C18E682C17212F2921A94247557B04FCFFFFFFFFFFBDFFF00005C1564D94323C4408E9330
1336382C187E82C12612F3821A93EC7517AF03FFFFFFFFFFFBEFFF00005C1564DA4323C4408E9348
13373E2C190B82C0FF12F4941A943B74E7AF03FFFFFFFFFFFBEFFF0000651564DA4323C4408E8360
1338282C197382C0D412F5731A947674B7B2284FFFFFFFFFFBEFFF0000651564DA4323C4408E9378
1339B52C197682C06512F6E41A94697507B37DDFFFFFFFFFFBFFFF00005D1564DA4323C4408E8390
135CC12C471682BFC31319041AACA474C7B1047FFFFFFFFFFBFFFF0000651564DB4323C4408E83A8
1399DC2C920A82BF221355B41AD66774B7A6047FFFFFFFFFFC0FFF0000651564DB4323C4408E83C0
13C7652CC92F82BEC21382751AF4A873E79B046FFFFFFFFFFBFFFF00005E1564DC4323C4408E83D8
13CFCB2CD36D82BEAA138B641AFAF074379D946FFFFFFFFFFBFFFF0000631564DC4323C4408E83F0
13D33F2CD8D282BE93138EEC1AFDD674E7A9046FFFFFFFFFFC0FFF0000661564DC4323C4408E7308
13E65D2CF1A782BE3D13A1411B0B317547B5046FFFFFFFFFFC1FFF0000661564DC4323C4408E8320
1403272D14A882BDA113BD371B1E287537B603FFFFFFFFFFFC2FFF0000661564DD4323C4408E7338
14178D2D2C5382BCF313D1EC1B2B9B7537B4AA4FFFFFFFFFFC2FFF00005D1564DD4323C4408E6350
141AA12D302582BC6D13D4D11B2DAA75E7B7039FFFFFFFFFFC2FFF0000651564DE4323C4408E7368
141BBA2D319B82BC2D13D6131B2E9175E7BC042FFFFFFFFFFC2FFF00005C1564DE4323C4408E6380
141BE22D31F182BC0C13D6401B2EC875E7C5046FFFFFFFFFFC2FFF0000661564DE4323C4408E6398
141D5C2D33ED82BBCF13D7BB1B2FDB7627C88ADFFFFFFFFFFC2FFF0000671564DE4323C4408E63B0
14285A2D410B82BB5D13E28E1B37137667C528AFFFFFFFFFFC2FFF00005F1564DF4323C4408E63C8
1433D72D4E8882BAC713EF671B3F8075A7C4046FFFFFFFFFFC2FFF0000651564DF4323C4408E63E0
1438EB2D544582BA2C13F2C01B419275A7C1046FFFFFFFFFFC2FFF0000661564E04323C4408E53F8
1439122D549382B9B613F3121B41E075B7C153EFFFFFFFFFFC2FFF00005D1564E04323C4408E5310
1439002D549D82B97C13F3071B41E475B7C4527FFFFFFFFFFC2FFF0000661564E04323C4408E5328
1438D82D548782B94C13F2F11B41E075B7C2045FFFFFFFFFFC2FFF00005E1564E04323C4408E5340
1439152D54D882B8F313F3101B41FD7567C5045FFFFFFFFFFC2FFF0000671564E14323C4408E5358
1439372D550A82B88213F3251B421675C7C32CAFFFFFFFFFFC2FFF00005F1564E14323C4408E5370
14393C2D551582B7F513F3271B421B75F7C287CFFFFFFFFFFC2FFF0000631564E14323C4408E4388
1439AB2D558882B75E13F3651B424075B7C2045FFFFFFFFFFC4FFF0000601564E24323C4408E43A0
143A672D568482B73013F3721B425C75F7C2045FFFFFFFFFFC3FFF0000671564E24323C4408E43B8
143CD12D58CC82B76413F5D61B43B375C7C5045FFFFFFFFFFC3FFF0000671564E24323C4408E43D0
143A882D567F82B79B13F3E71B42A375C7C7045FFFFFFFFFFC3FFF00005F1564E24323C3408E43E8
143C8F2D58D582B79613F4FF1B42AC75E7C6046FFFFFFFFFFC4FFF00005D1564E34323C3408E2200
143D1B2D55F082B76813F75F1B42D27717D6045FFFFFFFFFFC3FFF0000551564E34323C3408E2218
143D6C2D550882B74A13F76F1B42587D481E046FFFFFFFFFFC3FFF0000671564E44323C3408E2230
143D6B2D555082B75E13F7431B420C84D86CA8FFFFFFFFFFFC2FFF0000671564E44323C3408E2248
143D852D54A482B77513F6971B40E887A89D040FFFFFFFFFFC2FFF0000671564E44323C3408E2260
143D1D2D545082B77E13F7A31B411E8918C0047FFFFFFFFFFC2FFF0000631564E44323C3408E2278
