* Sea-Bird SBE 9 Data File:
* FileName = X:\CTD_Data\2023\PS23_22_Sutton_CTD\B175N_CTD_246.hex
* Software Version Seasave V 7.26.7.121
* Temperature SN = 2893
* Conductivity SN = 0434
* Number of Bytes Per Scan = 40
* Number of Voltage Words = 5
* Number of Scans Averaged by the Deck Unit = 24
* System UpLoad Time = May 03 2023 17:46:38
* NMEA Latitude = 28 57.91 N
* NMEA Longitude = 087 26.67 W
* NMEA UTC (Time) = May 03 2023  22:49:13
* Store Lat/Lon Data = Append to Every Scan
* SBE 11plus V 5.2
* number of scans to average = 24
* pressure baud rate = 9600
* NMEA baud rate = 4800
* surface PAR voltage added to scan
* A/D offset = 5
* GPIB address = 1
* advance primary conductivity  0.073 seconds
* advance secondary conductivity  0.073 seconds
* autorun on power up is disabled
* S>
* System UTC = May 03 2023 22:46:38
*END*
1394622C9E9C82B779134FDC1AE0B3A27A14040FFFFFFFFFFC4FFF0003D416194342B70540B852F0
13937C2C9F0682B77A134DDA1AE028A30A281F0FFFFFFFFFFC3FFF0003D316194342B70540B85208
138F242CA04782B780134B991ADFCEA32A2A04AFFFFFFFFFFC3FFF0003D116194342B70540B85220
138F8A2CA01E82B786134A061ADF69A21A0D040FFFFFFFFFFC2FFF0003C816194342B70540B85238
13908C2C9FDF82B77E13497E1ADEEBA22A04040FFFFFFFFFFC3FFF0003D116194342B70540B85250
1392832C9F5382B776134B801ADEEAA2F9FC03FFFFFFFFFFFC3FFF0003CA16194442B70540B85268
1394F42C9F4F82B778134ED61ADE4AA3E9EE040FFFFFFFFFFC4FFF0003D116194442B70540B85280
1395B92C9F5E82B77C13510D1ADD86A419DB040FFFFFFFFFFC3FFF0003C016194442B70540B85298
13965F2C9E0982B7801352C71ADCC3A2D9CD040FFFFFFFFFFC2FFF0003CF16194442B70540B852B0
1399592C9E4882B7801355891ADD1AA0C9CB040FFFFFFFFFFC3FFF0003CE16194442B70540B852C8
139C702C9DF782B77D1357321ADCEAA089E4040FFFFFFFFFFC4FFF0003CE16194442B70540B852E0
139C4D2C9CF982B77C1358AE1ADCE8A0F9F303FFFFFFFFFFFC3FFF0003D016194442B70540B852F8
139D032C9D7382B778135B3D1ADCFAA049E2040FFFFFFFFFFC4FFF0003C816194442B70540B85210
139DF52C9DC582B776135B4D1ADD029FD9E5040FFFFFFFFFFC3FFF0003CE16194442B70540B85228
13A28A2C9DD182B77E135CBF1ADD86A069FE175FFFFFFFFFFC2FFF0003C416194442B70540B85240
13A20E2C9ECA82B783135E7C1ADE42A17A030E4FFFFFFFFFFC4FFF0003CD16194442B70540B85258
13A1AF2C9F2F82B780135EA11ADEEFA29A0503FFFFFFFFFFFC4FFF0003CD16194442B70540B87370
139AAF2CA28C82B779135B781AE4B49EF9EA03FFFFFFFFFFFC3FFF0003C016194442B70540B86388
139DDB2CA68582B775135AB31AE48D8658D603FFFFFFFFFFFC3FFF0003CB16194442B70640B863A0
139D642CA5E782B77C13569B1AE2717A682503FFFFFFFFFFFC3FFF0003CC16194442B70640B863B8
139C992CA4E082B7811357701AE28E7747E103FFFFFFFFFFFC4FFF0003C616194442B70640B863D0
139C3A2CA4A282B77A1358321AE32D7627C903FFFFFFFFFFFC4FFF0003C716194442B70640B863E8
139BDD2CA43C82B7751358A51AE36775E7BE03FFFFFFFFFFFC3FFF0003BF16194442B70640B86300
1399F42CA28C82B77B1359311AE3AA75B7BE03FFFFFFFFFFFC3FFF0003CE16194442B70640B87318
13978F2C9FCC82B7831357951AE2D37537B903FFFFFFFFFFFC4FFF0003CE16194442B70640B86330
13978C2CA00B82B7801353991AE0727517B503FFFFFFFFFFFC5FFF0003D016194442B70640B86348
1397F12CA04182B77713531B1AE02F7597B903FFFFFFFFFFFC4FFF0003CA16194442B70640B86360
139B382CA3E682B7731354101AE1497587B803FFFFFFFFFFFC4FFF0003CB16194442B70640B86378
13A2E02CABC182B774135EBD1AE70D7517B603FFFFFFFFFFFC3FFF0003D416194442B70640B86390
139A8E2CA32482B77C135A5E1AE46F7517B218AFFFFFFFFFFC3FFF0003CB16194442B70640B863A8
13983B2CA09F82B7801358481AE3187507B40F1FFFFFFFFFFC4FFF0003CA16194442B70640B863C0
1397FE2CA06582B77E1354CC1AE12274D7B003FFFFFFFFFFFC4FFF0003CA16194442B70640B873D8
1396E32C9F4F82B77B1355761AE1977527AE03FFFFFFFFFFFC3FFF0003D316194442B70640B863F0
13999C2CA25082B7741356A01AE24D7527B003FFFFFFFFFFFC3FFF0003CD16194442B70640B86308
139C8E2CA4D082B77513593E1AE3717567B303FFFFFFFFFFFC3FFF0003D616194442B70640B86320
139ABF2CA2E582B77C13572E1AE2777557B403FFFFFFFFFFFC3FFF0003D716194442B70640B86338
139BD32CA42A82B7791357FE1AE3077527B303FFFFFFFFFFFC3FFF0003D616194442B70640B87350
139B7C2CA3F482B7761357431AE29674C7B203FFFFFFFFFFFC4FFF0003D516194442B70640B86368
139B582CA3F282B77C1357841AE28A74B7B203FFFFFFFFFFFC4FFF0003CD16194442B70640B86380
139B1E2CA36882B77F1357301AE27D74F7B503FFFFFFFFFFFC4FFF0003D516194442B70640B86398
1399482CA17F82B7781357921AE2997517B403FFFFFFFFFFFC3FFF0003D816194442B70640B863B0
1399D52CA1B182B7741358AB1AE34F74E7B403FFFFFFFFFFFC3FFF0003D216194442B70640B863C8
139AEE2CA29482B776135A881AE3C174A7BB03FFFFFFFFFFFC4FFF0003D716194442B70640B873E0
139B452CA35082B776135C2A1AE51F74E7B803FFFFFFFFFFFC5FFF0003CA16194442B70640B873F8
1397992C9FE182B77C135CFC1AE5917527B21A6FFFFFFFFFFC4FFF0003D216194442B70640B87310
13992A2CA26782B780135DAE1AE5FE74F7AE101FFFFFFFFFFC4FFF0003CF16194542B70740B87328
139DE12CA66882B778135B471AE5117507AC03FFFFFFFFFFFC4FFF0003D816194542B70740B87340
13A4002CACB482B773135E9C1AE6E374C7AC03FFFFFFFFFFFC5FFF0003D916194542B70740B86358
13A3942CACBC82B775135FBF1AE7797507AE03FFFFFFFFFFFC4FFF0003CF16194542B70740B87370
13A0222CA91E82B77813609C1AE82A74A7B103FFFFFFFFFFFC3FFF0003CE16194542B70740B87388
139F252CA7D782B778135EB71AE6F274B7B003FFFFFFFFFFFC4FFF0003CF16194542B70740B873A0
139E022CA69782B77B135BD31AE5AC74B7AF03FFFFFFFFFFFC3FFF0003CF16194542B70740B863B8
139F2C2CA7D482B779135C611AE5907497B503FFFFFFFFFFFC3FFF0003D616194542B70740B863D0
13A4072CAD0482B773135FA21AE75974C7B303FFFFFFFFFFFC4FFF0003CC16194542B70740B873E8
13A7032CAF8482B777135E091AE68674A7B203FFFFFFFFFFFC4FFF0003D416194542B70740B86300
13AAB52CB3C482B78013670B1AEBD074E7B203FFFFFFFFFFFC3FFF0003CE16194542B70740B87318
13AA322CB3DC82B7781367A31AEC857467B403FFFFFFFFFFFC3FFF0003D016194542B70740B86330
13AD4A2CB6FD82B76B1368D41AED0D7437B103FFFFFFFFFFFC4FFF0003D716194542B70740B87348
13AC412CB60C82B77513675E1AEC437457AF03FFFFFFFFFFFC3FFF0003D516194542B70740B86360
13ACCE2CB69582B7801366B41AEBDE7477AF130FFFFFFFFFFC3FFF0003CC16194542B70740B86378
13AC342CB5E282B7781367D51AEC877487AF0C6FFFFFFFFFFC3FFF0003CB16194542B70740B87390
13AA4E2CB3DA82B77613649F1AEA9F74A7AB03FFFFFFFFFFFC3FFF0003D316194542B70740B873A8
13A8EF2CB2AE82B77E13631B1AE99574D7A903FFFFFFFFFFFC4FFF0003D416194542B70740B873C0
13AFDB2CB9F982B77A136C7F1AEF427487AA03FFFFFFFFFFFC5FFF0003C616194542B70740B863D8
13A9E82CB32A82B76E136A031AEDEE7417A903FFFFFFFFFFFC5FFF0003D816194542B70740B873F0
13A99B2CB34282B76D1366D21AEC157467A803FFFFFFFFFFFC4FFF0003D716194542B70740B86308
13AB8F2CB4DB82B7731364A61AEAE57447AE03FFFFFFFFFFFC4FFF0003D516194542B70740B87320
13A90B2CB23A82B77E1366141AEB7B7417AF03FFFFFFFFFFFC5FFF0003C916194542B70740B86338
13A88A2CB1D782B7881365251AEAB87447B103FFFFFFFFFFFC4FFF0003D116194542B70740B86350
13AB532CB4F182B78113659C1AEB1174A7B003FFFFFFFFFFFC4FFF0003D416194542B70740B86368
13A9A52CB33882B76C1366681AEB897487AF03FFFFFFFFFFFC4FFF0003D016194542B70840B87380
13ABD22CB42782B7671364301AEA8374B7AE03FFFFFFFFFFFC4FFF0003D816194542B70840B87398
13A9542CB2F682B7721366DD1AEBFF7467AD03FFFFFFFFFFFC4FFF0003D616194542B70840B873B0
13AAC82CB47D82B77F1363FC1AEA127487AE03FFFFFFFFFFFC4FFF0003D616194542B70840B873C8
13ACD22CB68282B7811367C51AEC5C74A7AF14CFFFFFFFFFFC4FFF0003D516194542B70840B873E0
13AC5D2CB5FA82B7781369541AED5A7487AD0D8FFFFFFFFFFC4FFF0003D216194542B70840B863F8
13AB412CB4D582B775136BC71AEED57467A903FFFFFFFFFFFC4FFF0003CA16194542B70840B87310
13A9AA2CB32682B78013671E1AEC017457AD03FFFFFFFFFFFC3FFF0003CC16194542B70840B87328
13A7832CB0C982B77E1364F91AEABE7447AF03FFFFFFFFFFFC4FFF0003D216194542B70840B87340
13AD332CB74782B767136A981AEE137427B20BFFFFFFFFFFFC4FFF0003DB16194542B70840B87358
13AF4A2CB92082B765136C951AEF4F7437AE642FFFFFFFFFFC4FFF0003D016194542B70840B87370
13ACA62CB66682B77C13693E1AED4C7467AA180FFFFFFFFFFC4FFF0003C416194542B70840B87388
13A5222CAE4B82B78B13642E1AEA477477AA8CAFFFFFFFFFFC4FFF0003D216194542B70840B873A0
13A2282CAB0E82B7831362451AE92274A7AD03FFFFFFFFFFFC5FFF0003D416194542B70840B883B8
13A8032CB13282B7731366081AEB5D7477AC548FFFFFFFFFFC3FFF0003CE16194642B70840B873D0
13AB5B2CB4C782B7701367631AEC3C7487AD072FFFFFFFFFFC3FFF0003D916194642B70840B873E8
13AB192CB4AE82B7721366F41AEBEE7447AF07CFFFFFFFFFFC4FFF0003D416194642B70840B87300
13AA1E2CB39282B7721366D41AEBE67497AEA99FFFFFFFFFFC4FFF0003D716194642B70840B88318
13A8E02CB26682B77813664B1AEB9674B7AF0A1FFFFFFFFFFC3FFF0003D616194642B70840B87330
13A7492CB09882B77F1363FF1AEA2A74A7AE264FFFFFFFFFFC4FFF0003CB16194642B70840B87348
13A6FD2CB03882B77E1363C41AEA0E7497AF3FAFFFFFFFFFFC3FFF0003D416194642B70840B87360
13A6D52CB00682B77A13644B1AEA4474A7AE3BCFFFFFFFFFFC5FFF0003CE16194642B70840B87378
13A6EC2CB01782B77613642B1AEA677467AE58EFFFFFFFFFFC4FFF0003D716194642B70840B87390
13A97B2CB2AB82B7711366541AEB9A7457AE03FFFFFFFFFFFC4FFF0003D816194642B70840B883A8
13AB912CB50C82B7731367FB1AECA574A7AE49BFFFFFFFFFFC4FFF0003D616194642B70840B883C0
13A7242CB06782B77B1365FC1AEB7B74A7AC03FFFFFFFFFFFC5FFF0003CD16194642B70840B873D8
13A5922CAEAF82B77D1362651AE95574C7AD09AFFFFFFFFFFC3FFF0003CD16194642B70840B873F0
13A62B2CAF4882B77913645B1AEA5B74B7ADA6CFFFFFFFFFFC3FFF0003C516194642B70840B87308
13AA482CB3A182B7731367A51AEC607487AD03FFFFFFFFFFFC4FFF0003D516194642B70840B87320
13A9F32CB37F82B77513680F1AEC9A7467AD35DFFFFFFFFFFC5FFF0003CC16194642B70840B87338
13A8702CB1BB82B77B13654C1AEAEE7467AC1E4FFFFFFFFFFC4FFF0003D316194642B70840B87350
13A7572CB0BD82B77B1365631AEB0374C7AC03FFFFFFFFFFFC4FFF0003CD16194642B70840B88368
13ABDC2CB57882B7721368601AECCA7497AC812FFFFFFFFFFC4FFF0003C616194642B70840B88380
13AC612CB62482B7721368A41AECF67427AC38EFFFFFFFFFFC5FFF0003D516194642B70840B88398
13AB6B2CB4EA82B7781368301AECB17427AC09DFFFFFFFFFFC5FFF0003D416194642B70840B873B0
13A81B2CB18F82B77813668E1AEBDA73F7AA5D0FFFFFFFFFFC5FFF0003D416194642B70840B883C8
13A7372CB06F82B7761366291AEB987437AA183FFFFFFFFFFC5FFF0003CC16194642B70840B883E0
13A5892CAE9682B77D13624B1AE95A7467AA8F6FFFFFFFFFFC5FFF0003D316194642B70840B883F8
13A6242CAF2C82B7791362EB1AE9727467AB03FFFFFFFFFFFC4FFF0003D416194642B70840B87310
13A9F42CB36782B7701366E41AEBE37427AE57AFFFFFFFFFFC4FFF0003D416194642B70840B87328
13A62E2CAF6382B7781365EF1AEB557427AE07BFFFFFFFFFFC4FFF0003D416194642B70940B88340
13A5452CAE7F82B77B1364B91AEAA37487AE07BFFFFFFFFFFC5FFF0003D316194642B70940B87358
13A85E2CB1BA82B77113662C1AEB7C7497AAA7AFFFFFFFFFFC4FFF0003D316194642B70940B88370
13A6372CAF7182B7791364611AEA717477AA0ADFFFFFFFFFFC4FFF0003CB16194642B70940B88388
13A1722CAA1182B77F1360C51AE84B7437AD255FFFFFFFFFFC4FFF0003D316194642B70940B883A0
13A6722CAF8682B7741363BA1AE9FB7437B03FAFFFFFFFFFFC4FFF0003C316194642B70940B873B8
13A8312CB17B82B7701366F91AEBF47487AF3D2FFFFFFFFFFC4FFF0003D216194642B70940B883D0
13A62E2CAF4B82B7781363D61AEA0E74D7AF5BBFFFFFFFFFFC4FFF0003D016194642B70940B873E8
13A14A2CAA0382B780135FFC1AE7CA74B7B103FFFFFFFFFFFC4FFF0003C916194642B70940B87300
13A06F2CA90E82B77C135F261AE74474B7B3279FFFFFFFFFFC3FFF0003D416194642B70940B88318
13A6922CAFED82B76D13646B1AEA457487B242EFFFFFFFFFFC3FFF0003CC16194642B70940B88330
13A9302CB26E82B76D1366111AEB467467B003FFFFFFFFFFFC3FFF0003D116194642B70940B88348
13A4032CACFA82B7801360CA1AE8227477AD227FFFFFFFFFFC4FFF0003D116194642B70940B88360
13A1B22CAA4382B7811360161AE7CC7477AC3BEFFFFFFFFFFC4FFF0003D116194642B70940B88378
13A6E02CAFEE82B7751364F21AEAB37497AE231FFFFFFFFFFC4FFF0003D216194642B70940B88390
13AADB2CB42282B7721366FE1AEBF97497AE33BFFFFFFFFFFC4FFF0003D116194642B70940B883A8
13A9212CB26B82B7721365BC1AEB327477AC3B8FFFFFFFFFFC5FFF0003C916194642B70940B883C0
13A5D02CAEFA82B77913633F1AE9B674C7AA03FFFFFFFFFFFC5FFF0003D116194642B70940B883D8
13A23E2CAAFC82B77B1360E91AE84774E7AD1C5FFFFFFFFFFC3FFF0003CC16194642B70940B873F0
13A33C2CAC2082B7761361A11AE8BA7477AF32DFFFFFFFFFFC4FFF0003D016194642B70940B88308
13A3932CAC7D82B77413610B1AE87F7407B003FFFFFFFFFFFC5FFF0003D216194642B70940B88320
13A35C2CAC4E82B7741362C31AE9717437B01FCFFFFFFFFFFC3FFF0003C916194642B70940B87338
13A0E72CA96382B7791360E61AE85C7477AD384FFFFFFFFFFC3FFF0003C616194642B70940B88350
139BE12CA45082B77C135D981AE6667487AC03FFFFFFFFFFFC4FFF0003C716194642B70940B88368
139F052CA79E82B779135F611AE7707457AE1A3FFFFFFFFFFC4FFF0003D016194742B70940B88380
13A4EB2CADB582B7741363331AE99E7467AD2FCFFFFFFFFFFC4FFF0003D116194742B70940B88398
13A6232CAF2782B7741363B71AE9FE7497AD03FFFFFFFFFFFC4FFF0003D116194742B70940B873B0
13A3B52CAC5582B7781361801AE8AB7467AF167FFFFFFFFFFC4FFF0003D216194742B70940B883C8
13A1932CAA4D82B777135F631AE7667457AF29DFFFFFFFFFFC4FFF0003C916194742B70940B873E0
13A42A2CAD1C82B77113622C1AE9007447AE242FFFFFFFFFFC4FFF0003CE16194742B70940B883F8
13A3432CAC0882B7761360FC1AE85573F7AD25BFFFFFFFFFFC4FFF0003CA16194742B70940B88310
13991F2CA13182B78513595C1AE3B973D7AF03FFFFFFFFFFFC4FFF0003C916194742B70940B88328
13991D2CA14B82B77F13574A1AE2837467B00EAFFFFFFFFFFC5FFF0003C016194742B70940B88340
13A3432CAC2C82B76B13634A1AE9A57487ACB96FFFFFFFFFFC4FFF0003D116194742B70940B87358
13A3C02CAC4C82B76E13626D1AE8D47447A8250FFFFFFFFFFC4FFF0003CF16194742B70940B88370
1399652CA13982B7881358371AE2CF7477A91A2FFFFFFFFFFC4FFF0003CF16194742B70940B87388
13902E2C979882B7C9134C921ADC1674B7AEAF9FFFFFFFFFFC4FFF0003CF16194742B70940B873A0
138B642C929582B8031347CE1AD93F74E7B20C1FFFFFFFFFFC4FFF0003CF16194742B70940B883B8
1387832C8E5B82B83F1343E51AD6E574E7B807FFFFFFFFFFFC3FFF0003CF16194742B70940B873D0
13853D2C8BE682B8881341881AD57D7527B895DFFFFFFFFFFC3FFF0003C616194742B70940B883E8
1382032C886682B8D4133E601AD3947517BC0BAFFFFFFFFFFC3FFF0003C916194742B70940B87300
137F3C2C857282B926133B8F1AD1E47517BE839FFFFFFFFFFC3FFF0003CB16194742B70940B88318
137D992C83BD82B9741339EC1AD0EB74F7BF0ADFFFFFFFFFFC3FFF0003CD16194742B70940B88330
137D172C833E82B9C41339681AD0A074E7BE81CFFFFFFFFFFC3FFF0003CE16194742B70940B88348
137C512C826F82BA161338A91AD0327537B7224FFFFFFFFFFC3FFF0003C816194742B70940B87360
137B5B2C817482BA661337B51ACFA47527B611EFFFFFFFFFFC1FFF0003D016194742B70940B88378
137A782C808682BAB51336D61ACF227507BA6D0FFFFFFFFFFC1FFF0003CA16194742B70940B88390
1379F62C7FF382BB0813365D1ACED57537BC09CFFFFFFFFFFC2FFF0003C916194742B70940B883A8
13794D2C7F3782BB611335AC1ACE6A7517BC03FFFFFFFFFFFC2FFF0003CC16194742B70940B883C0
1378C12C7EA482BBB41335231ACE157577B95ACFFFFFFFFFFC2FFF0003CC16194742B70940B883D8
1378692C7E4882BC001334CA1ACDE17567BC08EFFFFFFFFFFC2FFF0003CB16194742B70940B883F0
1377F92C7DD682BC501334581ACDA07587B903FFFFFFFFFFFC2FFF0003CA16194742B70A40B88308
1377A22C7D7782BCA41334031ACD6E7597BD4F3FFFFFFFFFFC2FFF0003CF16194742B70A40B88320
13775A2C7D3082BCF71333BD1ACD447587C0085FFFFFFFFFFC2FFF0003CD16194742B70A40B88338
13770C2C7CDD82BD4113336D1ACD1475B7BF03FFFFFFFFFFFC3FFF0003C516194742B70A40B88350
13767B2C7C4482BD871332D71ACCBD75A7BC03FFFFFFFFFFFC2FFF0003CD16194742B70A40B88368
1375DF2C7BA882BDD91332441ACC6C75A7C203FFFFFFFFFFFC2FFF0003C516194742B70A40B88380
1374EF2C7ABA82BE351331551ACBEA7537C303FFFFFFFFFFFC2FFF0003CB16194742B70A40B88398
13746E2C7A4782BE971330D71ACBAB7537C220EFFFFFFFFFFC2FFF0003CC16194742B70A40B873B0
1373632C794082BEF7132FD31ACB1E7547BE1B2FFFFFFFFFFC2FFF0003CD16194742B70A40B883C8
1372CA2C78A482BF53132F381ACAC47567C2115FFFFFFFFFFC2FFF0003CD16194742B70A40B883E0
1372A92C788982BFAB132F191ACAB27557BF04BFFFFFFFFFFC2FFF0003CE16194742B70A40B873F8
1372452C781C82C003132EAE1ACA757577BE056FFFFFFFFFFC2FFF0003C716194742B70A40B87310
1371912C776882C05F132E021ACA1675C7BE3C8FFFFFFFFFFC2FFF0003C516194742B70A40B88328
1371602C773D82C0C6132DD31AC9FD75C7BE5F4FFFFFFFFFFC2FFF0003C316194742B70A40B88340
1370BE2C76B882C133132D331AC9B57587C104FFFFFFFFFFFC2FFF0003CA16194742B70A40B88358
1370102C762082C195132C851AC96075B7C504DFFFFFFFFFFC0FFF0003C416194742B70A40B88370
136FA02C75B382C1F1132C1A1AC92475C7C2051FFFFFFFFFFC1FFF0003BA16194742B70A40B88388
136F312C755C82C258132BAB1AC8F575A7BD04EFFFFFFFFFFC2FFF0003CE16194742B70A40B883A0
136E4D2C748582C2C6132AC91AC87E75C7BE052FFFFFFFFFFC2FFF0003CF16194742B70A40B873B8
136C7C2C72AE82C32D1328FB1AC77C75C7C44EEFFFFFFFFFFC1FFF0003CD16194742B70A40B883D0
136AF02C711A82C3901327771AC69F75C7C509EFFFFFFFFFFC1FFF0003BA16194742B70A40B883E8
1369E32C6FE982C3F51326711AC5F97567C304FFFFFFFFFFFC1FFF0003C816194742B70A40B88300
1369742C6F6B82C4521326001AC5AF7547C005CFFFFFFFFFFC0FFF0003C916194842B70A40B88318
1368552C6E1B82C4B01325171AC5197577C004BFFFFFFFFFFC0FFF0003CA16194842B70A40B88330
13674A2C6CE482C51F1323E61AC44F75B7BE048FFFFFFFFFFC0FFF0003CC16194842B70A40B88348
13669F2C6C0782C58F13232B1AC3CF75D7BE049FFFFFFFFFFBFFFF0003C516194842B70A40B88360
135EEB2C633D82C5F7131B821ABEEE7577C1049FFFFFFFFFFBFFFF0003C416194842B70A40B88378
135AC82C5EB182C6631317821ABC7475D7C1709FFFFFFFFFFC0FFF0003C116194842B70A40B88390
1358F62C5C8382C6DE1315D71ABB587617C420FFFFFFFFFFFBFFFF0003C916194842B70A40B883A8
1357F82C5B5D82C75A1314CB1ABAAB75E7C3122FFFFFFFFFFBFFFF0003C316194842B70A40B883C0
1357722C5ABB82C7C61314401ABA4D75D7C5054FFFFFFFFFFBEFFF0003C816194842B70A40B883D8
1356F12C5A2682C82B1313BF1AB9F975E7C904DFFFFFFFFFFBEFFF0003B816194842B70A40B883F0
1356FB2C5A3782C8991313C61AB9FF75C7C8052FFFFFFFFFFBEFFF0003C916194842B70A40B88308
13570F2C5A4D82C90A1313D91ABA0F7607C705CFFFFFFFFFFBFFFF0003C316194842B70A40B87320
1357092C5A4982C97B1313D11ABA0C7637C7373FFFFFFFFFFBEFFF0003CC16194842B70A40B88338
1356E82C5A2C82C9ED1313941AB9E67607C804FFFFFFFFFFFBEFFF0003C416194842B70A40B88350
1356632C599382CA5F13133A1AB9AE7607C604CFFFFFFFFFFBDFFF0003BF16194842B70A40B88368
1353EB2C566082CAD21311411AB8397667C6053FFFFFFFFFFBCFFF0003C716194842B70A40B88380
134DC82C4E9F82CB42130A6A1AB36A7647C9054FFFFFFFFFFBCFFF0003C516194842B70A40B88398
134ED52C500582CBAE130BF31AB48E7647CBA62FFFFFFFFFFBBFFF0003C116194842B70A40B883B0
134D332C4DBC82CC1B1309E01AB2F07647CA0F0FFFFFFFFFFBCFFF0003B816194842B70A40B883C8
1340CA2C3DD182CC8912FE261AAA827637C9054FFFFFFFFFFBBFFF0003CB16194842B70A40B883E0
1339C32C34E382CCFA12F6981AA54675F7CB04CFFFFFFFFFFB9FFF0003CB16194842B70A40B883F8
1326532C1D6E82CD7312E40E1A98A77657C80D4FFFFFFFFFFB9FFF0003CA16194842B70A40B88310
1315D52C0B2F82CDED12D39F1A8E9C7647C809FFFFFFFFFFFB7FFF0003C816194842B70A40B88328
1305A02BF9AC82CE5F12C38A1A84F27637C509DFFFFFFFFFFB5FFF0003C516194842B70A40B88340
12FA292BED1B82CED012B8111A7DF97607C165EFFFFFFFFFFB5FFF0003B416194842B70A40B88358
12EB9E2BDEE982CF4112A9B81A76287637C4053FFFFFFFFFFB4FFF0003C716194842B70A40B88370
12E0572BD34982CFB0129EB01A6FD97657C8052FFFFFFFFFFB4FFF0003CA16194842B70A40B88388
12D8B62BCE4082D0211297351A6D157697CA04EFFFFFFFFFFB4FFF0003CC16194842B70B40B883A0
12D74B2BCDC582D0931295C41A6CCA76C7CC046FFFFFFFFFFB2FFF0003CA16194842B70B40B883B8
12D4112BCA8282D10912928F1A6B0076C7CE056FFFFFFFFFFACFFF0003B716194842B70B40B883D0
12D1A92BC91382D17D1290161A6A267727D21D5FFFFFFFFFFAEFFF0003C416194842B70A40B873E8
12D0602BC7F482D1F4128EF31A69977737D413DFFFFFFFFFFAEFFF0003C416194842B70B40B88300
12D02F2BC7B082D26A128EB51A696F7747D504BFFFFFFFFFFACFFF0003C616194842B70B40B88318
12CF0F2BC69582D2D7128D8F1A68CF76F7D6044FFFFFFFFFFACFFF0003C816194842B70B40B88330
12CC082BC4AB82D341128A8D1A67BE76D7D6052FFFFFFFFFFACFFF0003C916194842B70B40B88348
12C4752BBE5D82D3B81283241A64497707D5142FFFFFFFFFFABFFF0003C916194842B70B40B88360
12C1762BBB9982D43412802A1A62C57767D7961FFFFFFFFFFA8FFF0003BF16194842B70B40B88378
12C0B32BBAA282D4A5127F6D1A624277C7DD07BFFFFFFFFFFA6FFF0003C516194842B70B40B88390
12C07D2BBA6282D510127F331A621D77F7E0054FFFFFFFFFFA4FFF0003BC16194942B70B40B883A8
12BF372BB8E082D583127DEB1A61427827E1047FFFFFFFFFFA3FFF0003C516194942B70B40B883C0
12BBBA2BB58582D5F7127A831A5F717847E3054FFFFFFFFFFA2FFF0003C716194942B70B40B883D8
12BA1C2BB3F482D6621278DD1A5E8F7847E5053FFFFFFFFFF9CFFF0003BF16194942B70B40B883F0
12B6822BAF9582D6CE1275531A5C2A7907EB3D4FFFFFFFFFF9BFFF0003C516194942B70B40B88308
12B22F2BAA5F82D74412710D1A59507947F0251FFFFFFFFFF92FFF0003C516194942B70B40B88320
12AF4F2BA72082D7B8126E3C1A578979A7F5048FFFFFFFFFF7BFFF0003BF16194942B70B40B88338
12AE722BA61082D824126D611A56EC7AA7FE054FFFFFFFFFF66FFF0003C716194942B70B40B88350
12AE2D2BA5B182D890126D1F1A56BE7AE807051FFFFFFFFFF5CFFF0003C516194942B70B40B88368
12AA6B2BA14882D90312695D1A54517B080B053FFFFFFFFFF4FFFF0003BB16194942B70B40B88380
12A2932B991482D97B1261A81A4FD37B480E04BFFFFFFFFFF39FFF0003C216194942B70B40B88398
129E062B944382D9EE125D2F1A4D2E7BF815211FFFFFFFFFF25FFF0003C216194942B70B40B883B0
129C0F2B921982DA56125B3F1A4BFD7D7827049FFFFFFFFFF22FFF0003B616194942B70B40B883C8
129B002B90F782DABE125A301A4B5D7E983B04AFFFFFFFFFF25FFF0003C816194942B70B40B883E0
1298DA2B8E7982DB2C1258021A4A067F0849048FFFFFFFFFF2AFFF0003C616194942B70B40B883F8
1295312B8A8982DBA612546F1A47D37FD852052FFFFFFFFFF30FFF0003BB16194942B70B40B88310
1289752B7D9782DC221248EE1A40C280785860EFFFFFFFFFF33FFF0003C016194942B70B40B88328
12822F2B75B082DC941241BC1A3C6781D86636BFFFFFFFFFF3EFFF0003BC16194942B70B40B88340
127F992B738C82DCF9123F251A3B3B83E88004CFFFFFFFFFF43FFF0003C216194942B70B40B88358
12798C2B6DFD82DD5E1239391A382B85689A05CFFFFFFFFFF42FFF0003C316194942B70B40B88370
1276762B6B9082DDC812361D1A36D58688AF05CFFFFFFFFFF4BFFF0003B316194942B70B40B88388
1274A72B698782DE391234631A35C18778BF05CFFFFFFFFFF51FFF0003C416194942B70B40B883A0
12735B2B67DB82DEAC1232FB1A34C08828CC055FFFFFFFFFF52FFF0003C416194942B70B40B883B8
1271902B663B82DF211231521A33ED88D8D74EAFFFFFFFFFF54FFF0003C416194942B70B40B883D0
126F262B63D782DF8D122EFF1A32AA8938DF055FFFFFFFFFF58FFF0003BA16194942B70B40B883E8
126D872B61C082DFF4122D541A317889E8E405CFFFFFFFFFF5CFFF0003BE16194942B70B40B88300
1269C42B5DF182E0651229A11A2F638A68EB05EFFFFFFFFFF5CFFF0003B816194942B70B40B88318
1265AC2B590782E0D61225A81A2CBD8AF8F6059FFFFFFFFFF62FFF0003C116194942B70B40B88330
1263F72B57B082E13E1223E21A2BF08BB901059FFFFFFFFFF5EFFF0003C316194942B70B40B88348
1260372B546682E1AC1220231A2A1B8C9912059FFFFFFFFFF5DFFF0003C316194942B70B40B88360
1256572B4ABE82E21C12167D1A24DB8D891C054FFFFFFFFFF5CFFF0003C316194942B70B40B88378
124D5E2B426882E289120DDA1A20668EA92870DFFFFFFFFFF62FFF0003C116194942B70B40B88390
123D652B346582E2FA11FDF71A18A890594104DFFFFFFFFFF6AFFF0003AF16194942B70B40B883A8
123AEA2B32A882E37011FB5E1A17A1929960049FFFFFFFFFF70FFF0003BF16194942B70B40B883C0
123A162B328082E3DF11FA7A1A178894D980052FFFFFFFFFF75FFF0003C016194A42B70B40B883D8
12342F2B2EAE82E44511F4C61A157596099805AFFFFFFFFFF7CFFF0003C216194A42B70B40B883F0
122E802B2A5C82E4AB11EF1C1A131796D9A505AFFFFFFFFFF81FFF0003C216194A42B70B40B88308
1224532B1E6682E51C11E51E1A0C8997B9B312AFFFFFFFFFF88FFF0003B916194A42B70B40B88320
121BAC2B143582E59211DC941A06F598F9C3248FFFFFFFFFF8CFFF0003BC16194A42B70B40B88338
1216092B0E0F82E60411D6FF1A03939A69D6054FFFFFFFFFF8FFFF0003BD16194A42B70B40B88350
1214492B0C6182E67011D5341A02A39B99E8059FFFFFFFFFF8FFFF0003BF16194A42B70B40B88368
1212C42B0B3182E6DE11D3B21A01F99CA9FB052FFFFFFFFFF90FFF0003AF16194A42B70B40B88380
1212932B0B4182E74F11D3811A02059D4A08051FFFFFFFFFF91FFF0003BF16194A42B70B40B88398
120C722B03D882E7BE11CDB519FE0A9D9A0FA75FFFFFFFFFF92FFF0003C016194A42B70B40B883B0
1204D22AFA8A82E82B11C5F719F8DB9DDA14054FFFFFFFFFF95FFF0003C016194A42B70B40B883C8
11FDB42AF24082E89C11BF0B19F4549E7A1C052FFFFFFFFFF99FFF0003C116194A42B70B40B883E0
11F2B52AE62982E90C11B43619EDB39F9A2A056FFFFFFFFFF9EFFF0003C016194A42B70B40B883F8
11EBB72ADEC282E97E11AD3B19E9A7A0FA3B058FFFFFFFFFFA6FFF0003B716194A42B70B40B88310
11E8A82ADADC82E9EE11AA4219E78CA27A5205BFFFFFFFFFFADFFF0003BD16194A42B70B40B88328
11E3832AD4D682EA6111A52F19E439A3BA67055FFFFFFFFFFADFFF0003B516194A42B70B40B88340
11E08D2AD18082EAD111A23419E262A45A74058FFFFFFFFFFB1FFF0003BE16194A42B70B40B88358
11DF232ACFA282EB3E11A06319E10AA4DA7D054FFFFFFFFFFB2FFF0003B816194A42B70B40B88370
11DD552ACD6182EBAB119EEF19E014A53A85054FFFFFFFFFFB0FFF0003C016194A42B70B40B88388
11DAC22ACA0D82EC1B119CC919DE81A57A8A2ABFFFFFFFFFFB2FFF0003B716194A42B70B40B883A0
11D7102AC58282EC9111989019DB9AA5BA8E4E0FFFFFFFFFFB3FFF0003BD16194A42B70B40B883B8
11C1322AABBE82ED061182E119CD67A5EA8E057FFFFFFFFFFB6FFF0003B616194A42B70B40B883D0
11BBEB2AA57482ED73117DF119CA34A64A91057FFFFFFFFFFB9FFF0003B816194A42B70C40B883E8
11BA742AA37982EDDD117C9319C930A75A9E059FFFFFFFFFFBAFFF0003B616194A42B70C40B88300
11BA042AA2D182EE4D117C2E19C8DBA7EAAA05AFFFFFFFFFFBAFFF0003B716194A42B70C40B88318
11B8D12AA14182EEC1117AF219C7F9A7FAB005BFFFFFFFFFFBAFFF0003BF16194A42B70C40B88330
11B2E92A99FB82EF331174EB19C3DFA85AB4318FFFFFFFFFFB9FFF0003B616194A42B70C40B88348
11ADF82A93EC82EFA411703019C0A3A86AB6096FFFFFFFFFFB9FFF0003BE16194A42B70C40B88360
11A6E62A8B2282F01411694919BBE2A8AABA05AFFFFFFFFFFBBFFF0003B516194A42B70C40B88378
11A0BA2A83BF82F08411632419B7CFA8EABE058FFFFFFFFFFBFFFF0003AB16194A42B70C40B88390
119E6B2A80E882F0F31160D619B639A92AC1053FFFFFFFFFFBFFFF0003BB16194A42B70C40B883A8
119D202A7F4F82F160115F8F19B559A93AC2444FFFFFFFFFFBFFFF0003BC16194A42B70C40B883C0
119A612A7BF382F1D1115CE219B390A93AC26F1FFFFFFFFFFC0FFF0003BD16194B42B70C40B883D8
1199152A7A6382F245115BD519B2D6A91AC4055FFFFFFFFFFC0FFF0003B516194B42B70C40B883F0
11986A2A799282F2BB115AF319B23CA92AC4051FFFFFFFFFFC1FFF0003BE16194B42B70C40B88308
11982C2A793A82F32D115AB219B20DA93AC2058FFFFFFFFFFC2FFF0003B516194B42B70C40B88320
1197F72A78FE82F399115A7719B1E1A93AC2058FFFFFFFFFFC1FFF0003AC16194B42B70C40B87338
1197D02A78C882F409115A5319B1C8A91AC3058FFFFFFFFFFC1FFF0003BC16194B42B70C40B88350
1197612A784582F4781159DE19B179A93AC3610FFFFFFFFFFC1FFF0003BB16194B42B70C40B87368
11963A2A76EA82F4E31158C119B0C0A94AC40D3FFFFFFFFFFC0FFF0003B216194B42B70C40B88380
11942F2A748C82F55C1156B619AF73A94AC4052FFFFFFFFFFC0FFF0003BB16194B42B70C40B88398
118F852A6FE782F5D611521D19ACE5A93AC3058FFFFFFFFFFC1FFF0003BE16194B42B70C40B883B0
118FCC2A709D82F63D11526119AD47A91AC1058FFFFFFFFFFC0FFF0003B516194B42B70C40B883C8
1190092A711D82F6A11152A619AD97A87AB8058FFFFFFFFFFC0FFF0003BB16194B42B70C40B883E0
118CEB2A6D2282F716114FA119AB6FA7CAAD058FFFFFFFFFFC0FFF0003BB16194B42B70C40B883F8
1181682A5E8A82F79211443519A371A76AA72CFFFFFFFFFFFBFFFF0003BB16194B42B70C40B88310
117AC72A562482F805113DB7199EDFA70AA3058FFFFFFFFFFBFFFF0003BA16194B42B70C40B88328
11784E2A52B982F86F113B4D199D08A6AA9F050FFFFFFFFFFC0FFF0003B216194B42B70C40B88340
1173562A4BD782F8DF113699199961A65A99050FFFFFFFFFFC1FFF0003B816194B42B70C40B88358
116CA52A42AC82F950112FB319942DA62A96056FFFFFFFFFFC2FFF0003B816194B42B70C40B87370
1162F12A356782F9BE112646198CFEA5FA95969FFFFFFFFFFC2FFF0003BB16194B42B70C40B88388
1152B52A1F7582FA2C11166F198115A62A9711FFFFFFFFFFFC2FFF0003AD16194B42B70C40B883A0
1141502A08A482FA9F110533197493A67A99055FFFFFFFFFFC3FFF0003B716194B42B70C40B883B8
113A1A29FED882FB1510FDF2196F26A6BA9C058FFFFFFFFFFC7FFF0003B016194B42B70C40B883D0
1134AC29F74F82FB8710F86C196AFFA69A9E058FFFFFFFFFFC9FFF0003B916194B42B70C40B883E8
1133A129F5C282FBF910F77C196A33A66A9C05AFFFFFFFFFFC8FFF0003BA16194B42B70C40B87300
1132B329F46082FC6910F699196972A64A9A059FFFFFFFFFFC8FFF0003B316194B42B70C40B87318
11303129F0E682FCD610F41B19678AA63A98058FFFFFFFFFFC8FFF0003BB16194B42B70C40B88330
112EEC29EF0E82FD4010F2D2196683A62A97051FFFFFFFFFFC8FFF0003BB16194B42B70C40B88348
112DB729ED5D82FDB110F1A819659CA63A98054FFFFFFFFFFC8FFF0003BA16194B42B70C40B88360
112CD729EC1C82FE2C10F0C51964E7A65A9A090FFFFFFFFFFC8FFF0003B016194B42B70C40B87378
1128F129E6CF82FEA310ED0519620AA65A9A6C6FFFFFFFFFFC7FFF0003B816194B42B70C40B88390
11262329E30082FF1110EA1C195FE3A65A98058FFFFFFFFFFC7FFF0003AF16194C42B70C40B883A8
11241E29E01B82FF7D10E82B195E59A67A98054FFFFFFFFFFC9FFF0003B816194C42B70C40B883C0
1121DC29DCEE82FFE610E5E5195C8FA69A99050FFFFFFFFFFC9FFF0003B916194C42B70C40B883D8
11206529DAE883005610E47C195B7EA6CA99053FFFFFFFFFFC9FFF0003BA16194C42B70C40B883F0
111F4929D9588300CD10E37E195ABBA6CA98058FFFFFFFFFFCAFFF0003BA16194C42B70C40B87308
111C2E29D50583013E10E06F195854A6EA9A1F9FFFFFFFFFFC9FFF0003B816194C42B70C40B88320
1116CC29CD828301AC10DB14195437A6DA9A172FFFFFFFFFFC9FFF0003A516194C42B70C40B87338
11136129C89B83022210D7A6195182A6CA9B059FFFFFFFFFFC9FFF0003B416194C42B70C40B87350
11109529C47783029910D4E8194F3FA6EA9D058FFFFFFFFFFC9FFF0003B616194C42B70C40B88368
110A7029BBA883030110CF27194A8BA72AA0053FFFFFFFFFFC8FFF0003B016194C42B70C40B87380
1100E429AE5983036910C56E19432BA76AA5124FFFFFFFFFFC8FFF0003B816194C42B70C40B88398
10F7E329A1308303D810BCD9193C2BA80AAD9ADFFFFFFFFFFC9FFF0003B916194C42B70C40B873B0
10F29029996E83044C10B7431937C3A8CAB5058FFFFFFFFFFC8FFF0003B016194C42B70C40B883C8
10EDA22992418304C310B26A1933D1A9CAC1050FFFFFFFFFFC8FFF0003AE16194C42B70C40B883E0
10E9ED298D0D83053B10AEBF1930FEAADACF050FFFFFFFFFFCAFFF0003AC16194C42B70C40B883F8
10E6E32988C08305AD10ABB6192E9FAB9ADC050FFFFFFFFFFCAFFF0003B316194C42B70C40B87310
10E3E329845083061610A8B4192C23ABCAE5061FFFFFFFFFFC9FFF0003AB16194C42B70C40B87328
10DBB62978F383068210A0B61925FAABEAE9051FFFFFFFFFFC9FFF0003AD16194C42B70C40B88340
10D72229726C8306F0109C2F192277ABFAE9054FFFFFFFFFFC9FFF0003B916194C42B70C40B87358
10D347296D0C83075C10985A191F8BAC1AEB055FFFFFFFFFFCAFFF0003B916194C42B70C40B87370
10D0AC29692E8307D01095CB191D71AC4AED056FFFFFFFFFFCAFFF0003AF16194C42B70C40B88388
10CEB829665583084E1093D7191BDAAC6AEF4A7FFFFFFFFFFC9FFF0003B316194C42B70C40B873A0
10CD652964608308C410928F191ACFACAAF42FFFFFFFFFFFFCAFFF0003B016194C42B70C40B873B8
10CC0729624C83093010912F1919A8ACFAF7057FFFFFFFFFFCAFFF0003A916194C42B70C40B883D0
10CADF2960928309961090011918AFAD1AFA057FFFFFFFFFFC9FFF0003B316194C42B70C40B873E8
10C86A295D0D8309FE108D9D1916C7AD2AFC058FFFFFFFFFFC9FFF0003B616194C42B70D40B87300
10C41F29571E830A70108959191395AD6AFD057FFFFFFFFFFC9FFF0003B016194C42B70D40B88318
10C0D529527B830AE7108624191108AD6AFD056FFFFFFFFFFC9FFF0003B616194C42B70D40B87330
10BEB3294F59830B5E108403190F55AD4AFE367FFFFFFFFFFCAFFF0003B216194C42B70C40B87348
10BC3E294BEC830BD11081B2190D8AAD2AFE056FFFFFFFFFFC9FFF0003B116194D42B70C40B87360
10BC01294B89830C3F10815F190D40AD0AFE056FFFFFFFFFFC9FFF0003A816194D42B70D40B88378
10B9942947F1830CAE107EFC190B55ACFAFD059FFFFFFFFFFCAFFF0003B116194D42B70D40B87390
10B13F293C4C830D211076CA190502ACFAFC059FFFFFFFFFFC9FFF0003A916194D42B70D40B883A8
10AED22938D0830D9210745519030BAD2AFC70DFFFFFFFFFFCAFFF00039C16194D42B70D40B883C0
10AB542933BD830DFA1070E3190042AD1AFB42BFFFFFFFFFFCAFFF0003AC16194D42B70D40B863D8
10A787292E58830E66106D1F18FD53AD0AFB052FFFFFFFFFFC9FFF0003B216194D42B70D40B873F0
10A641292C74830EDB106BDF18FC4CACFAFB058FFFFFFFFFFC9FFF0003A816194D42B70D40B87308
10A57B292B44830F52106B1D18FBA9ACEAFB059FFFFFFFFFFC9FFF0003A716194D42B70D40B88320
10A25529269E830FCB1067D218F8F4ACFAFC060FFFFFFFFFFC9FFF0003AF16194D42B70D40B87338
109BEB291D9A83103F1061A318F432AD3AFD06DFFFFFFFFFFC9FFF0003B116194D42B70D40B87350
10980B2917FF8310A3105DD718F12DAD4AFF051FFFFFFFFFFCAFFF0003A216194D42B70D40B88368
1091E8290F2A83110510580F18EC87AD6B00059FFFFFFFFFFCAFFF0003B116194D42B70D40B88380
108E3B2909B283117710543F18E971AD8B02059FFFFFFFFFFC9FFF0003A816194D42B70D40B86398
1085A728FD3B8311F5104BA918E29BADBB04059FFFFFFFFFFC9FFF0003B116194D42B70D40B873B0
107E3128F28883126E10446518DCCFADCB06784FFFFFFFFFFCAFFF0003A916194D42B70D40B873C8
107CDA28F0868312DC1042FF18DBA5ADFB08058FFFFFFFFFFCBFFF0003A516194D42B70D40B873E0
107BDA28EEEF83134710420018DAC6AE3B0A058FFFFFFFFFFCAFFF0003AF16194D42B70D40B873F8
1078C328EA638313B0103EF418D853AE9B0F056FFFFFFFFFFCAFFF0003A616194D42B70D40B87310
1074E728E4CE831420103B2418D547AEDB13054FFFFFFFFFFCAFFF0003AD16194D42B70D40B87328
106EF228DC4B83149410353F18D09EAF3B17058FFFFFFFFFFC9FFF0003AF16194D42B70D40B87340
106BD328D7AF83150410323A18CE28AF8B1C13CFFFFFFFFFFC9FFF0003A916194D42B70D40B87358
1068AC28D2FD831579102F2018CB9EAFDB1E2AEFFFFFFFFFFCAFFF0003B016194D42B70D40B87370
10651028CDD88315EE102B8418C8C3AFDB1F057FFFFFFFFFFC9FFF0003AF16194D42B70D40B87388
10646228CCBF831657102AEA18C838AFEB20053FFFFFFFFFFC9FFF0003A516194D42B70D40B873A0
10634C28CB0D8316C21029CC18C745AFFB22058FFFFFFFFFFC9FFF0003AA16194D42B70D40B873B8
10609428C71A83173910272918C52BB00B25051FFFFFFFFFFCAFFF0003AA16194D42B70D40B873D0
105E4328C3AE8317B01024E318C350B01B26050FFFFFFFFFFC9FFF0003AD16194D42B70D40B873E8
105BA828BFF083182010225218C145B03B28055FFFFFFFFFFC9FFF0003A916194D42B70D40B86300
1059A528BCFF83188710205218BFA8B02B29052FFFFFFFFFFCAFFF0003B316194E42B70D40B87318
1056E828B8FD8318F0101D9818BD6FB00B28059FFFFFFFFFFCAFFF0003AF16194E42B70D40B87330
1053E428B47E831962101A9F18BB03AFEB28059FFFFFFFFFFC9FFF0003A216194E42B70D40B87348
10508928AF888319E010175718B856B01B29059FFFFFFFFFFC8FFF0003AA16194E42B70D40B87360
104C1428A914831A5610130218B4D8B02B2A258FFFFFFFFFFC9FFF0003A916194E42B70D40B86378
1048A828A43E831ABD100F7118B20DB05B2C4BBFFFFFFFFFFC9FFF0003A516194E42B70D40B87390
10463A28A09E831B26100D2A18B038B05B2D055FFFFFFFFFFC9FFF0003A816194E42B70D40B863A8
1043F8289D38831B97100AF218AE62B05B2C058FFFFFFFFFFCAFFF0003AF16194E42B70D40B863C0
104358289C35831C08100A4818ADCCB04B2B054FFFFFFFFFFCAFFF0003AF16194E42B70D40B863D8
104298289B0F831C7A10098218AD23B05B2B055FFFFFFFFFFC9FFF0003AD16194E42B70D40B873F0
1040EE2898A6831CEE1007DD18ABD2B05B2A059FFFFFFFFFFCAFFF0003A316194E42B70D40B87308
103DD6289410831D5F1004EC18A961B05B2C2ACFFFFFFFFFFCBFFF0003AB16194E42B70D40B87320
1036E6288A0C831DCD0FFE1318A3EFB08B2D09EFFFFFFFFFFCAFFF0003AB16194E42B70D40B86338
1034DA288700831E3E0FFBFD18A244B08B2D054FFFFFFFFFFC9FFF0003A416194E42B70D40B86350
103315288452831EAD0FFA3F18A0CEB07B2C050FFFFFFFFFFC9FFF0003AE16194E42B70D40B87368
10310928813D831F190FF83D189F25B06B2C056FFFFFFFFFFC9FFF0003B016194E42B70D40B87380
102CAC287ACC831F850FF3F8189B9FB05B2C3D0FFFFFFFFFFC9FFF0003AF16194E42B70D40B86398
102626287175831FF60FED8018968CB04B2A6E0FFFFFFFFFFCAFFF0003A516194E42B70D40B863B0
10232D286D0C83206A0FEA8C189427B03B2A059FFFFFFFFFFCAFFF0003AB16194E42B70D40B873C8
102234286B908320E10FE988189352B03B2A058FFFFFFFFFFCAFFF0003A116194E42B70D40B863E0
1021AA286AB48321560FE90B1892E1B03B2C058FFFFFFFFFFC9FFF0003AB16194E42B70D40B863F8
10210F2869C28321C00FE86A18925AB05B2C058FFFFFFFFFFC9FFF0003A516194E42B70D40B87310
1020032868288322290FE76918917CB07B2C061FFFFFFFFFFC8FFF0003AF16194E42B70D40B87328
101A0B285F558322950FE184188CB3B09B2D058FFFFFFFFFFC9FFF0003A716194E42B70D40B86340
101713285B098323030FDE90188A5DB0BB2F054FFFFFFFFFFCAFFF0003AD16194E42B70D40B87358
10153028583383237D0FDCAE1888CBB0DB31051FFFFFFFFFFCAFFF0003A316194E42B70D40B87370
1014752857138323FA0FDBFB188832B0EB3305AFFFFFFFFFFC9FFF0003AB16194E42B70D40B87388
1013F028563F8324640FDB691887B3B11B34878FFFFFFFFFFCAFFF0003AA16194E42B70D40B863A0
1013642855698324CC0FDAEB188747B13B3513BFFFFFFFFFFCAFFF0003A216194E42B70D40B873B8
1012A928545683253C0FDA371886B5B15B360E9FFFFFFFFFFC9FFF0003AD16194E42B70D40B863D0
1012812854158325AA0FDA12188695B16B38208FFFFFFFFFFCAFFF0003AE16194F42B70D40B863E8
100F95284FAB8326140FD71A18841CB15B3805BFFFFFFFFFFC9FFF0003AC16194F42B70D40B87300
100A172847A583268A0FD1CD187FDDB16B3813EFFFFFFFFFFC8FFF0003A116194F42B70D40B86318
1007A528440B8327060FCF53187DDBB17B382C5FFFFFFFFFFC9FFF0003A916194F42B70D40B87330
10052D2840598327750FCCE9187BD6B17B3B05BFFFFFFFFFFC9FFF0003A916194F42B70D40B86348
100174283AEB8327DC0FC9331878E0B17B3C108FFFFFFFFFFC9FFF0003A216194F42B70D40B86360
10006828394F8328450FC82D187803B15B3C260FFFFFFFFFFC9FFF00039B16194F42B70D40B86378
0FFFCF2838648328B00FC78F18777CB17B3D05BFFFFFFFFFFC9FFF0003AB16194F42B70D40B86390
0FFF7E2837E683291E0FC74318773BB1AB3E190FFFFFFFFFFC9FFF0003AA16194F42B70D40B863A8
0FFF3228377283298D0FC701187704B1CB4036CFFFFFFFFFFC8FFF0003A816194F42B70D40B863C0
0FFE6F28364E832A030FC63D187662B1CB41046FFFFFFFFFFC8FFF0003A816194F42B70D40B863D8
0FFD23283465832A770FC4F1187554B1DB41237FFFFFFFFFFC8FFF0003A816194F42B70E40B863F0
0FFC9728338F832ADC0FC46E1874E6B1DB424B7FFFFFFFFFFC9FFF00039916194F42B70E40B86308
0FFB0B283133832B410FC2E5187399B1EB4304AFFFFFFFFFFC9FFF0003A916194F42B70E40B86320
0FF59028292F832BB20FBD67186F2CB20B4530EFFFFFFFFFFC9FFF0003A916194F42B70E40B86338
0FF21628240E832C270FBA0F186C7DB22B475F5FFFFFFFFFFC9FFF0003A016194F42B70E40B86350
0FF068282192832C9A0FB863186B23B27B49058FFFFFFFFFFC9FFF00039F16194F42B70E40B87368
0FEEE0281F4D832D050FB6DF1869E0B2BB4B526FFFFFFFFFFC9FFF0003A716194F42B70E40B86380
0FEDDD281DBF832D6B0FB5D5186900B2EB4F729FFFFFFFFFFC9FFF0003A616194F42B70E40B86398
0FECF4281C5F832DDA0FB4FB18684BB32B52058FFFFFFFFFFC9FFF00039F16194F42B70E40B863B0
0FEC36281B3A832E4E0FB4481867B5B32B55498FFFFFFFFFFC9FFF0003A816194F42B70E40B863C8
0FEB1A281985832EBA0FB3261866C1B34B56057FFFFFFFFFFC9FFF0003A816194F42B70E40B873E0
0FE8DE281647832F210FB0F3186504B35B56057FFFFFFFFFFC9FFF00039F16194F42B70E40B863F8
0FE71F2813BC832F900FAF33186394B36B575C2FFFFFFFFFFC9FFF0003A616194F42B70E40B86310
0FE60C2812158330040FAE2C1862BBB36B58057FFFFFFFFFFC9FFF0003A616194F42B70E40B86328
0FE4CF28103A8330710FACF51861B6B36B590DBFFFFFFFFFFC9FFF0003A616194F42B70E40B86340
0FE2E1280D618330DA0FAB07186028B38B5AB10FFFFFFFFFFC8FFF0003A616194F42B70E40B86358
0FDE712806DB83314B0FA6BB185CA7B39B5A057FFFFFFFFFFC8FFF0003A616194F42B70E40B86370
0FDC5C2803BA8331BB0FA44C185AAAB3CB5B253FFFFFFFFFFC8FFF0003A716194F42B70E40B86388
0FDA3028007C8332250FA280185931B3CB5C487FFFFFFFFFFC9FFF0003A716194F42B70E40B863A0
0FD8AD27FE488332900FA0F81857F9B3DB5C607FFFFFFFFFFCAFFF0003A616194F42B70E40B863B8
0FD72627FC088332FF0F9F7E1856C2B3DB5C2F8FFFFFFFFFFC9FFF00039C16195042B70E40B863D0
0FD50927F8DA83336D0F9D63185502B3DB5D238FFFFFFFFFFC9FFF0003A416195042B70E40B863E8
0FCF0427EFF98333DA0F9788185042B3FB5D057FFFFFFFFFFC9FFF0003A516195042B70E40B86300
0FCC7E27EC2B83344A0F94EE184E21B3EB5F61AFFFFFFFFFFC9FFF0003A316195042B70E40B86318
0FCADA27E9928334BD0F936A184CC9B3EB60697FFFFFFFFFFC9FFF00039F16195042B70E40B86330
0FC7EE27E54E8335240F9079184A6AB3FB618CBFFFFFFFFFFC9FFF00039416195042B70E40B86348
0FC65A27E2D68335880F8EDE18490FB40B63487FFFFFFFFFFC9FFF0003A316195042B70E40B86360
0FC52C27E10F8335FC0F8DC0184823B3FB63058FFFFFFFFFFC9FFF0003A416195042B70E40B86378
0FC47827E0048336730F8D11184793B3FB6249DFFFFFFFFFFCAFFF00039D16195042B70E40B86390
0FC44527DFB68336D90F8CD3184761B3FB62057FFFFFFFFFFC9FFF0003A516195042B70E40B863A8
0FC23227DC9B8337410F8ACB1845AFB41B62064FFFFFFFFFFC9FFF0003A316195042B70E40B863C0
0FC0A027DA2E8337B60F893718445AB41B62653FFFFFFFFFFC8FFF00039A16195042B70E40B863D8
0FBF0627D7BB8338290F87B0184313B42B62057FFFFFFFFFFC7FFF0003A316195042B70E40B863F0
0FBD5E27D5428338950F86081841B7B43B630B4FFFFFFFFFFC7FFF00039B16195042B70E40B86308
0FBAFB27D1AB8339000F83C8183FD4B42B638C5FFFFFFFFFFC9FFF00039C16195042B70E40B86320
0FB6CD27CB868339670F7F9A183C6EB43B640A6FFFFFFFFFFCAFFF0003A216195042B70E40B86338
0FB4A227C8368339CE0F7D69183A9EB44B63892FFFFFFFFFFCAFFF0003A316195042B70E40B86350
0FAF3F27C01F833A450F783A183652B45B64057FFFFFFFFFFC9FFF00039216195042B70E40B86368
0FAB9627BAC5833AC00F7477183353B45B65209FFFFFFFFFFCAFFF0003A216195042B70E40B86380
0FA93627B716833B2D0F722B183158B45B669F0FFFFFFFFFFC9FFF0003A316195042B70E40B86398
0FA57827B16D833B900F6E82182E48B46B67057FFFFFFFFFFC8FFF0003A316195042B70E40B863B0
0FA32827ADF2833BF60F6C2B182C64B47B693DDFFFFFFFFFFC8FFF0003A216195042B70E40B863C8
0FA10C27AAAE833C630F6A02182A8DB46B690CFFFFFFFFFFFC9FFF00039A16195042B70E40B863E0
0F9E8C27A6C4833CD70F679B182884B47B6A299FFFFFFFFFFC8FFF0003A316195042B70E40B863F8
0F9B4327A1D1833D4A0F645F1825D6B4BB6A9C3FFFFFFFFFFC7FFF00039B16195042B70E40B86310
0F9674279AB0833DB80F5FBE18220CB4CB6B101FFFFFFFFFFC7FFF0003A416195042B70E40B86328
0F926427949B833E220F5BA1181EA8B4BB6C056FFFFFFFFFFC8FFF0003A316195042B70E40B86340
0F8FB9279083833E920F58FD181C76B4BB6E69EFFFFFFFFFFC8FFF00039916195042B70E40B86358
0F8E6A278E77833F040F57AB181B55B4CB6F128FFFFFFFFFFC8FFF0003A116195042B70E40B86370
0F8D87278D1F833F690F56CC181A94B4DB6F056FFFFFFFFFFC6FFF00039816195042B70E40B86388
0F8C19278AE6833FD20F557F181982B50B6F6C1FFFFFFFFFFC9FFF0003A116195042B70E40B863A0
0F8A712788718340470F53B6181804B51B7112AFFFFFFFFFFC9FFF0003A416195042B70E40B863B8
0F87642783C68340B80F50C618158EB53B7107EFFFFFFFFFFC8FFF00039D16195042B70E40B863D0
0F850A2780448341240F4E6918139EB54B72929FFFFFFFFFFC9FFF0003A416195042B70E40B863E8
0F83BF277E4C8341940F4D3118129BB53B72163FFFFFFFFFFC8FFF00039A16195042B70E40B86300
0F81EC277B798341FD0F4B56181106B54B72088FFFFFFFFFFC8FFF0003A016195042B70E40B86318
0F7C5F27732D8342690F45DA180C89B53B72961FFFFFFFFFFC8FFF0003A016195042B70E40B86330
0F7AAE2770A68342DE0F4435180B31B52B72169FFFFFFFFFFC8FFF00039216195142B70F40B86348
0F7A4D27700483434B0F43D8180AD8B53B730CDFFFFFFFFFFC8FFF0003A316195142B70F40B86360
0F7911276E1D8343B20F429B1809CBB53B74AF9FFFFFFFFFFC8FFF0003A416195142B70F40B86378
0F785D276D1283441F0F41EB18093DB54B74187FFFFFFFFFFC9FFF0003A416195142B70F40B86390
0F7811276C9D8344930F41A11808FFB52B7416EFFFFFFFFFFC8FFF00039516195142B70F40B863A8
0F7764276B908345020F40F718086CB52B7435CFFFFFFFFFFC8FFF0003A316195142B70F40B863C0
0F76EE276AD783456C0F4088180810B52B7404EFFFFFFFFFFC9FFF0003A016195142B70F40B863D8
0F74C62767878345DB0F3E6018063CB53B7423EFFFFFFFFFFC9FFF0003A016195142B70F40B863F0
0F73002764E583464E0F3C9E1804CEB54B744F6FFFFFFFFFFC9FFF0003A116195142B70F40B86308
0F719B2762D58346BA0F3B3D1803AEB53B7404EFFFFFFFFFFC8FFF00039316195142B70F40B86320
0F70122760818347240F39C1180273B54B752EBFFFFFFFFFFC8FFF0003A616195142B70F40B86338
0F6C00275A6583478D0F35B417FF19B56B76606FFFFFFFFFFC8FFF0003A516195142B70F40B86350
0F694F27564E8347F90F32FF17FCDCB56B76057FFFFFFFFFFC8FFF0003A216195142B70F40B86368
0F678227539383486E0F315217FB7BB58B76219FFFFFFFFFFC9FFF0003A016195142B70F40B86380
0F65C02750E78348E60F2FA017FA0EB5AB774B2FFFFFFFFFFC9FFF0003A016195142B70F40B86398
0F63D4274DED8349530F2DAC17F864B5CB78057FFFFFFFFFFC8FFF00039816195142B70F40B863B0
0F626F274BB48349B40F2C2F17F71AB5DB7A057FFFFFFFFFFC8FFF0003A216195142B70F40B863C8
0F60F5274974834A1E0F2AD017F5F4B5EB7B058FFFFFFFFFFC9FFF00039B16195142B70F40B863E0
0F602E27485A834A950F2A0D17F55DB5EB7C058FFFFFFFFFFC9FFF0003A316195142B70F40B863F8
0F5F8C274775834B020F296E17F4E1B60B7CA5EFFFFFFFFFFC8FFF0003A316195142B70F40B86310
0F5EEF274685834B690F28D417F460B5FB7C057FFFFFFFFFFC8FFF00039816195142B70F40B86328
0F5E34274565834BDD0F281417F3BEB5FB7C058FFFFFFFFFFC9FFF00038E16195142B70F40B86340
0F5D0A274399834C580F26F117F2C9B5FB7C058FFFFFFFFFFC9FFF0003A016195142B70F40B86358
0F5AD8274054834CC10F24C817F102B5EB7C058FFFFFFFFFFC9FFF0003A316195142B70F40B86370
0F594D273DFC834D1D0F233417EFB3B5EB7D067FFFFFFFFFFC8FFF0003A316195142B70F40B86388
0F5736273AC2834D830F212E17EDFAB5EB7D05BFFFFFFFFFFC8FFF0003A216195142B70F40B863A0
0F53F02735CB834DFE0F1E0117EB5CB5DB7D058FFFFFFFFFFC8FFF00039716195142B70F40B863B8
0F527E27338D834E780F1C9B17EA2BB5EB7E059FFFFFFFFFFC7FFF00039916195142B70F40B863D0
0F4E9A272D9C834EE50F18AE17E6DAB5FB7E05AFFFFFFFFFFC7FFF0003A216195142B70F40B863E8
0F49A327263D834F4B0F13CD17E2E8B61B7E279FFFFFFFFFFC8FFF0003A316195142B70F40B85300
0F492327256B834FAD0F135517E27AB62B7F55FFFFFFFFFFFCAFFF0003A216195142B70F40B86318
0F48BA2724CC83501B0F12EF17E227B63B7F058FFFFFFFFFFCAFFF0003A016195142B70F40B86330
0F47C827234F8350960F11F017E14BB62B7F058FFFFFFFFFFC9FFF0003A016195142B70F40B86348
0F46A627219383510A0F10D317E058B63B80058FFFFFFFFFFC8FFF0003A116195142B70F40B85360
0F45BA27201A83516D0F0FEE17DF93B64B80058FFFFFFFFFFC8FFF00039A16195142B70F40B86378
0F433F271C5B8351D60F0D8617DD97B65B81058FFFFFFFFFFC8FFF0003A216195142B70F40B86390
0F402A2717B083524C0F0A6317DAF6B64B8234AFFFFFFFFFFC9FFF0003A116195142B70F40B853A8
0F3EED2715C48352BB0F094517DA07B64B820C9FFFFFFFFFFC9FFF00039816195142B70F40B863C0
0F3E512714D78353230F089E17D97DB65B83058FFFFFFFFFFC9FFF00039F16195142B70F40B863D8
0F3D372713328353920F079A17D8A6B66B84058FFFFFFFFFFC9FFF0003A016195242B70F40B863F0
0F3C0727116C8353FD0F065C17D79FB67B84058FFFFFFFFFFC8FFF00039A16195242B70F40B86308
0F3B3B2710338354670F058F17D6F0B67B851E9FFFFFFFFFFC9FFF00039F16195242B70F40B86320
0F3989270D968354D90F03E317D58CB67B8646BFFFFFFFFFFC9FFF0003A216195242B70F40B85338
0F374A270A2683554C0F01B617D3AAB69B8705CFFFFFFFFFFC9FFF00039916195242B70F40B84350
0F32EB2703B08355B50EFD6E17D034B6AB89057FFFFFFFFFFC6FFF00039816195242B70F40B86368
0F32222702728356220EFC9917CF87B6AB89055FFFFFFFFFFC6FFF00039716195242B70F40B84380
0F31A32701A78356960EFC2017CF1FB6BB8A04EFFFFFFFFFFC7FFF00039F16195242B70F40B86398
0F31352700FA8357010EFBB017CEC0B6DB8B04EFFFFFFFFFFC8FFF00039F16195242B70F40B843B0
0F30BA2700398357670EFB3A17CE56B6CB8C657FFFFFFFFFFC9FFF00039816195242B70F40B843C8
0F2F6C26FE398357D60EF9E617CD35B6CB8D12EFFFFFFFFFFC9FFF0003A216195242B70F40B853E0
0F2DAF26FB8C8358450EF83C17CBD0B6EB8C04EFFFFFFFFFFC8FFF0003A016195242B70F40B843F8
0F2BC526F8A78358B10EF65E17CA42B6EB8C04EFFFFFFFFFFC7FFF00039716195242B70F40B84310
0F2AFF26F7728359260EF59C17C99DB6FB8C04EFFFFFFFFFFC7FFF00039F16195242B70F40B86328
0F2A6A26F68E8359950EF4FD17C91AB6FB8C04EFFFFFFFFFFC9FFF00039816195242B70F40B84340
0F29BE26F5828359FA0EF45717C889B71B8D04EFFFFFFFFFFC8FFF0003A016195242B70F40B84358
0F283426F32E835A650EF2D417C748B71B8E377FFFFFFFFFFC7FFF00039F16195242B70F40B84370
0F272A26F19D835AD80EF1C717C66DB71B8E056FFFFFFFFFFC7FFF00039616195242B70F40B84388
0F26AE26F0DE835B490EF14917C605B70B8F057FFFFFFFFFFC8FFF00039916195242B70F40B843A0
0F256D26EEF7835BB50EF00C17C4FCB6FB90055FFFFFFFFFFC8FFF00039C16195242B70F40B843B8
0F23B726EC63835C230EEE5D17C396B70B8F04FFFFFFFFFFFC8FFF0003A116195242B70F40B843D0
0F21E726E9B0835C8E0EEC9D17C22AB71B8F9DCFFFFFFFFFFC8FFF0003A216195242B70F40B843E8
0F205B26E765835CF80EEB0717C0E3B71B8F1A3FFFFFFFFFFC8FFF0003A116195242B70F40B84300
0F1FA526E64B835D690EEA6317C05AB72B9004FFFFFFFFFFFC8FFF00039E16195242B70F40B84318
0F1F1A26E578835DDF0EE9CF17BFDCB73B9004FFFFFFFFFFFC8FFF00039416195242B70F40B84330
0F1E7626E481835E510EE92817BF53B73B9104FFFFFFFFFFFC8FFF00039C16195242B70F40B84348
0F1D5426E2DC835EB20EE80217BE66B74B92055FFFFFFFFFFC7FFF00039816195242B70F40B84360
0F1C1726E0FE835F140EE6D317BD6BB75B9205CFFFFFFFFFFCAFFF0003A016195242B70F40B84378
0F1B4126DFA9835F890EE60217BCB6B75B916D7FFFFFFFFFFCAFFF0003A216195242B70F40B84390
0F182226DAE48360020EE2DC17BA14B75B92056FFFFFFFFFFC8FFF00039216195242B70F40B843A8
0F146126D52583606A0EDF2917B6FCB75B92056FFFFFFFFFFC9FFF00039D16195242B70F40B843C0
0F100826CE978360DB0EDAF517B386B76B93052FFFFFFFFFFC8FFF00039316195242B70F40B843D8
0F0E7426CC248361500ED95A17B228B77B9404DFFFFFFFFFFC8FFF00039C16195242B70F40B843F0
0F0C6926C90E8361BB0ED76217B082B77B9504DFFFFFFFFFFC8FFF00039D16195242B70F40B84308
0F0C5326C8E983621F0ED74817B06DB78B961D0FFFFFFFFFFC8FFF00039A16195242B70F40B84320
0F0C3C26C8C18362870ED73017B056B79B97190FFFFFFFFFFC8FFF0003A116195242B70F40B84338
0F0BC226C8058362F80ED6B117AFEAB7AB9704DFFFFFFFFFFC8FFF0003A016195242B70F40B84350
0F0B5926C7618363680ED64C17AF95B7AB9704BFFFFFFFFFFC8FFF00039B16195242B70F40B84368
0F0A2F26C5A18363DC0ED52B17AEA7B79B97047FFFFFFFFFFC9FFF00039216195242B70F40B84380
0F098326C4A68364500ED47A17AE1AB79B980A0FFFFFFFFFFC8FFF00039B16195242B70F40B84398
0F065A26BFC58364BA0ED16117AB77B7CB99A2BFFFFFFFFFFC9FFF00039E16195242B70F40B843B0
0F01F126B91F83651E0ECD0617A7DEB7BB9A03FFFFFFFFFFFC8FFF00039816195242B70F40B843C8
0F004926B68883658A0ECB6717A67EB7DB9B04BFFFFFFFFFFC8FFF00039F16195242B70F40B843E0
0EFF0A26B4968365FC0ECA2E17A575B7FB9B051FFFFFFFFFFC8FFF00039516195242B70F40B843F8
0EFDBB26B29C8366700EC8E917A468B7EB9B051FFFFFFFFFFC8FFF00039916195242B70F40B84310
0EFD2926B1BF8366E60EC84F17A3E8B7FB9C069FFFFFFFFFFC8FFF00039316195242B70F40B84328
0EFC6526B08F8367510EC79517A34AB7FB9C050FFFFFFFFFFC7FFF00039516195342B70F40B84340
0EFBEB26AFD48367AC0EC6EE17A2BBB7FB9D050FFFFFFFFFFC8FFF00039C16195342B70F40B84358
0EFABD26AE078368110EC5FA17A1F5B80B9E050FFFFFFFFFFC8FFF00039D16195342B70F40B84370
0EF9F126ACDB83688A0EC50517A128B81B9E050FFFFFFFFFFC8FFF00039516195342B70F40B84388
0EF94126ABCC8369070EC47617A0B2B82B9E480FFFFFFFFFFC8FFF00038C16195342B70F40B843A0
0EF85E26AA6E8369790EC396179FF4B82BA0364FFFFFFFFFFC9FFF00039B16195342B70F40B843B8
0EF7D226A99E8369E30EC306179F7FB83BA0050FFFFFFFFFFC8FFF00039A16195342B70F40B843D0
0EF72426A893836A480EC264179EF6B84BA004FFFFFFFFFFFC9FFF00039316195342B70F40B843E8
0EF65826A75F836AAE0EC19C179E51B84BA104EFFFFFFFFFFC8FFF00039E16195342B71040B84300
0EF59826A633836B1B0EC0E0179DB0B84B9F04EFFFFFFFFFFC8FFF00039F16195342B71040B84318
0EF1BE26A052836B8B0EBD1C179A8AB84BA004EFFFFFFFFFFC9FFF00039516195342B71040B84330
0EEF3B269C8E836C010EBAA2179885B85BA13A6FFFFFFFFFFC9FFF00039316195342B71040B84348
0EED902699F4836C750EB8EE179710B86BA204EFFFFFFFFFFC9FFF00039216195342B71040B84360
0EEB882696D4836CE00EB6F1179565B87BA304EFFFFFFFFFFC9FFF00039B16195342B71040B84378
0EE9902693CA836D440EB4FC1793BBB87BA304EFFFFFFFFFFC8FFF00039C16195342B71040B84390
0EE7DF26911E836DAD0EB348179247B88BA404EFFFFFFFFFFC8FFF00039516195342B71040B833A8
0EE3FC268B3B836E1D0EAF84178F22B89BA504EFFFFFFFFFFC8FFF00039B16195342B71040B843C0
0EE1A42687A4836E900EAD2A178D30B8BBA604EFFFFFFFFFFC8FFF00039C16195342B71040B843D8
0EE14F268719836EFC0EACD5178CE2B8BBA704EFFFFFFFFFFC8FFF00039B16195342B71040B843F0
0EE035268559836F6D0EABD1178BFFB8BBA704EFFFFFFFFFFC8FFF00039B16195342B71040B84308
0EDE61268298836FE00EA9FA178A7CB8CBA704EFFFFFFFFFFC8FFF00039B16195342B71040B84320
0EDCFC2680798370440EA89417894DB8EBA804EFFFFFFFFFFC8FFF00039316195342B71040B84338
0EDAFA267D558370A90EA69B1787A0B8EBA804EFFFFFFFFFFC8FFF00039216195342B71040B83350
0ED7AA26784B83711A0EA35C1784EBB8FBA86DDFFFFFFFFFFC9FFF00038A16195342B71040B84368
0ED55B2674CE83718F0EA115178309B90BAA04DFFFFFFFFFFCAFFF00039A16195342B71040B84380
0ED47626736D8372010EA026178242B8FBAA04EFFFFFFFFFFC9FFF00039216195342B71040B83398
0ED28726708D83726C0E9E451780BAB8FBAB0D7FFFFFFFFFFC9FFF00039B16195342B71040B833B0
0ED174266EE08372D40E9D33177FD0B90BAC23AFFFFFFFFFFC8FFF00039516195342B71040B833C8
0ED056266D1E83733D0E9C1E177EE2B90BAC04EFFFFFFFFFFC8FFF00039316195342B71040B843E0
0ECF68266BA08373A70E9B3E177E1AB92BAD0E8FFFFFFFFFFC9FFF00039816195342B71040B833F8
0ECDE526694E8374180E99BD177CDBB92BAD26BFFFFFFFFFFC8FFF00039716195342B71040B83310
0ECC7F26671F83748C0E984E177BA0B93BAE04EFFFFFFFFFFC8FFF00039716195342B71040B83328
0ECA9726643E8374F50E9673177A11B93BAF04EFFFFFFFFFFC8FFF00039816195342B71040B83340
0EC9082661DC8375580E94EA1778CDB94BAF04EFFFFFFFFFFC9FFF00039416195342B71040B83358
0EC8882661138375BE0E946417785EB95BB0047FFFFFFFFFFC9FFF00039E16195342B71040B83370
0EC8182660678376260E93FE177807B96BB1A75FFFFFFFFFFC9FFF00039B16195342B71040B83388
0EC7C9265FF083769A0E939F1777BBB96BB103CFFFFFFFFFFC9FFF00038F16195342B71040B833A0
0EC771265F688377110E935D177785B96BB103FFFFFFFFFFFC9FFF00039516195342B71040B823B8
0EC5D6265CEA83777C0E91AB17760FB96BB203FFFFFFFFFFFC8FFF00039616195342B71040B823D0
0EC2E426586C8377E30E8ED71773B2B96BB203FFFFFFFFFFFC8FFF00038F16195442B71040B823E8
0EBFDF2653CE8378480E8BD5177130B97BB204DFFFFFFFFFFC9FFF00039A16195442B71040B83300
0EBB36264CA88378AC0E874F176D68B97BB3045FFFFFFFFFFC8FFF00039C16195442B71040B83318
0EB86A2648598379180E847B176B07B99BB403FFFFFFFFFFFC8FFF00039416195442B71040B83330
0EB75F2646A783798E0E836E176A1CB99BB403FFFFFFFFFFFC9FFF00039716195442B71040B82348
0EB68526455A837A030E8298176965B99BB503FFFFFFFFFFFC8FFF00039416195442B71040B82360
0EB5FC264480837A710E82121768F2B99BB5233FFFFFFFFFFC8FFF00039416195442B71040B82378
0EB4A226426E837AD70E80CC1767E3B9ABB5564FFFFFFFFFFC9FFF00039616195442B71040B83390
0EB2F1263FD6837B390E7F1517666EB9BBB603FFFFFFFFFFFC9FFF00039016195442B71040B823A8
0EB121263D16837B9E0E7D451764F1B9CBB6043FFFFFFFFFFC9FFF00039216195442B71040B823C0
0EAF44263A31837C0C0E7B6F176360B9BBB704FFFFFFFFFFFC9FFF00039916195442B71040B833D8
0EAC4426359A837C7F0E787B1760EAB9CBB704FFFFFFFFFFFC9FFF00039716195442B71040B823F0
0EAA0D263236837CF10E764F175F17B9CBB804FFFFFFFFFFFC9FFF00038D16195442B71040B82308
0EA950263108837D650E759B175E7CB9CBB92F8FFFFFFFFFFC8FFF00038C16195442B71040B82320
0EA716262DA2837DCC0E736A175CA7B9DBB90CAFFFFFFFFFFC9FFF00039516195442B71040B82338
0EA5F1262BD9837E2D0E723B175BA4B9EBB904EFFFFFFFFFFC8FFF00039616195442B71040B82350
0EA47326298E837E920E70C8175A6DB9EBB9050FFFFFFFFFFC9FFF00039016195442B71040B82368
0EA3412627BE837F010E6F96175970B9FBB9050FFFFFFFFFFC9FFF00039016195442B71040B82380
0EA2C42626FA837F750E6F17175902B9FBBB3ABFFFFFFFFFFC8FFF00039716195442B71040B82398
0EA2172625ED837FE60E6E74175878B9FBBB7B8FFFFFFFFFFC8FFF00039416195442B71040B823B0
0EA08B2623988380530E6CF4175739BA0BBC04EFFFFFFFFFFC9FFF00038F16195442B71040B823C8
0E9F9526221F8380BC0E6BF5175665BA0BBC04EFFFFFFFFFFC9FFF00039416195442B71040B823E0
0E9F552621BE8381200E6BB9175633BA0BBC04EFFFFFFFFFFC9FFF00039416195442B71040B823F8
0E9F1B26216783818A0E6B80175606BA0BBC04EFFFFFFFFFFC9FFF00039316195442B71040B82310
0E9E8126207F8381F60E6AE6175587BA1BBC04EFFFFFFFFFFC9FFF00038716195442B71040B82328
0E9E372620198382680E6A9717554BBA1BBC5B5FFFFFFFFFFC8FFF00039716195442B71040B82340
0E9D16261E658382D60E698917546BBA2BBD13FFFFFFFFFFFC9FFF00039616195442B71040B82358
0E9C07261CC28383390E686C17537BBA3BBD04EFFFFFFFFFFCAFFF00038D16195442B71040B82370
0E9AC8261ADD8383AA0E6743175287BA3BBE04EFFFFFFFFFFC8FFF00039416195442B71040B82388
0E994B26188E8384200E65CC175148BA4BBE04EFFFFFFFFFFC8FFF00039416195442B71040B823A0
0E97A82616098384840E642D174FE9BA4BBF04EFFFFFFFFFFC8FFF00038B16195442B71040B823B8
0E96352613CC8384E60E62C0174EB4BA3BBF04EFFFFFFFFFFC9FFF00038C16195442B71040B823D0
0E94C82611898385530E6159174D81BA4BBF2D5FFFFFFFFFFC9FFF00039216195442B71040B823E8
0E92F4260EB28385C40E5F86174BF3BA4BBF04EFFFFFFFFFFC8FFF00039516195442B71040B82300
0E9084260AF68386330E5D1B1749EBBA5BBF04EFFFFFFFFFFC8FFF00038F16195442B71040B82318
0E8E5B2607A183869B0E5AE3174812BA5BBF04DFFFFFFFFFFC9FFF00039716195442B71040B82330
0E8D8A2606518387050E5A1F174765BA5BC0044FFFFFFFFFFC9FFF00038C16195442B71040B82348
0E8CF82605738387750E59971746F0BA4BC08C8FFFFFFFFFFC8FFF00038816195442B71040B82360
0E8C902604D78387EA0E592C174699BA3BBF1ACFFFFFFFFFFC8FFF00039016195442B71040B82378
0E8C0E26040F8388550E58B2174633BA3BBF03FFFFFFFFFFFCAFFF00039316195442B71040B82390
0E8B102602938388B10E57D9174581BA3BBF03FFFFFFFFFFFC7FFF00038C16195442B71040B823A8
0E89FE2600F08389100E56AC174488BA3BBF03FFFFFFFFFFFC7FFF00039516195442B71040B823C0
0E88F425FF5B8389890E55A51743ADBA4BBF03FFFFFFFFFFFC8FFF00038E16195442B71140B823D8
0E881725FE16838A020E54CC1742FCBA5BBE03FFFFFFFFFFFC8FFF00038F16195542B71140B823F0
0E87B825FD7F838A690E54651742A6BA7BBF03FFFFFFFFFFFC9FFF00039116195542B71140B82308
0E873F25FCC7838AD20E53FB17424CBA7BBF03FFFFFFFFFFFC9FFF00039116195542B71140B82320
0E867E25FB9F838B440E53321741A4BA6BBF03FFFFFFFFFFFC9FFF00038716195542B71040B82338
0E857325FA04838BAF0E52261740C3BA5BC003FFFFFFFFFFFC9FFF00038E16195542B71040B82350
0E855025F9CD838C140E52081740ABBA5BC003FFFFFFFFFFFC8FFF00039116195542B71140B82368
0E842F25F808838C7F0E50BE173F94BA5BC003FFFFFFFFFFFC8FFF00038E16195542B71140B82380
0E81AC25F457838CEA0E4E74173DBEBA6BC103FFFFFFFFFFFCAFFF00039816195542B71140B82398
0E819925F436838D4A0E4E57173DA1BA6BC203FFFFFFFFFFFC9FFF00039516195542B71140B823B0
0E80A125F2BE838DB40E4D23173C9FBA7BC103FFFFFFFFFFFC9FFF00038F16195542B71140B823C8
0E7F1C25F06D838E370E4BE2173B9ABA7BC203FFFFFFFFFFFC8FFF00038D16195542B71140B823E0
0E7E2325EEEB838EB20E4AF6173ACDBA7BC203FFFFFFFFFFFC8FFF00038616195542B71140B823F8
0E7B9525EB06838F0D0E48611738A5BA8BC203FFFFFFFFFFFC8FFF00039116195542B71140B80310
0E79AC25E807838F620E46A2173723BA8BC303FFFFFFFFFFFC8FFF00038E16195542B71140B82328
0E76B725E385838FCC0E43AD1734ACBA9BC3040FFFFFFFFFFC9FFF00039116195542B71140B82340
0E740925DF6D8390440E40F7173270BA9BC4048FFFFFFFFFFC8FFF00039416195542B71140B82358
0E739525DEBB8390B60E408B173218BAABC403FFFFFFFFFFFC6FFF00039116195542B71140B82370
0E732225DE018391240E40221731BBBABBC503FFFFFFFFFFFC8FFF00037E16195542B71140B82388
0E725F25DCDA8391950E3F6217311BBABBC503FFFFFFFFFFFC9FFF00038E16195542B71140B803A0
0E71F525DC3B8391FF0E3F081730D1BAABC503FFFFFFFFFFFC9FFF00038B16195542B71140B813B8
0E71B525DBD583925D0E3EB0173087BABBC503FFFFFFFFFFFC8FFF00038E16195542B71140B803D0
0E718425DB8A8392C20E3E7E173060BACBC603FFFFFFFFFFFC9FFF00038A16195542B71140B823E8
0E702B25D97A8393340E3D30172F45BABBC603FFFFFFFFFFFC9FFF00039316195542B71140B80300
0E6F7A25D8728393A80E3C76172EAEBACBC603FFFFFFFFFFFC9FFF00039216195542B71140B80318
0E6F4525D8238394120E3C44172E88BACBC703FFFFFFFFFFFC9FFF00038F16195542B71140B81330
0E6EFF25D7B683947B0E3C0F172E59BACBC703FFFFFFFFFFFC8FFF00038616195542B71140B80348
0E6DF425D61B8394E90E3AFF172D73BABBC703FFFFFFFFFFFC8FFF00038E16195542B71140B80360
0E6C1525D34D8395590E3921172BE9BACBC703FFFFFFFFFFFC8FFF00038F16195542B71140B80378
0E6B0925D1B88395C20E37FF172AFABADBC703FFFFFFFFFFFC8FFF00038916195542B71140B80390
0E6A3825D07783962B0E3749172A66BAEBC703FFFFFFFFFFFC9FFF00038A16195542B71140B803A8
0E69FA25D0158396930E3710172A33BADBC603FFFFFFFFFFFC8FFF00038816195542B71140B803C0
0E696725CF398396FD0E367E1729BABADBC703FFFFFFFFFFFC8FFF00038616195542B71140B803D8
0E686725CDA983976F0E357A1728DEBADBC703FFFFFFFFFFFC9FFF00038E16195542B71140B803F0
0E665625CA7F8397DC0E3378172730BAEBC703FFFFFFFFFFFC8FFF00038616195642B71140B80308
0E650C25C8928398420E323B17262CBB0BC803FFFFFFFFFFFCAFFF00038E16195642B71140B80320
0E640F25C7108398B00E314017255EBB1BC803FFFFFFFFFFFC9FFF00039016195642B71140B80338
0E628D25C4C88399250E2FC5172426BB1BC803FFFFFFFFFFFC8FFF00038A16195642B71140B80350
0E618C25C34783998E0E2ED117235DBB1BC8040FFFFFFFFFFC8FFF00038816195642B71140B80368
0E606725C1918399F20E2DA3172268BB0BC8041FFFFFFFFFFC8FFF00038516195642B71140B80380
0E5F6125C005839A5C0E2C8D172180BB0BC9041FFFFFFFFFFC8FFF00038B16195642B71140B80398
0E5EAC25BEE8839ACA0E2BE91720F4BB1BCA041FFFFFFFFFFCAFFF00038C16195642B71140B7F3B0
0E5DD625BD9C839B3A0E2B1C172046BB0BCA047FFFFFFFFFFC9FFF00038616195642B71140B7F3C8
0E5D2B25BC9E839BAC0E2A6B171FB7BAFBC904BFFFFFFFFFFC8FFF00039116195642B71140B7F3E0
0E5C8E25BBAD839C150E29CF171F36BAFBCA04AFFFFFFFFFFC8FFF00039316195642B71140B7F3F8
0E5C6A25BB80839C760E29AD171F1DBAFBCA047FFFFFFFFFFC8FFF00038F16195642B71140B7F310
0E5C3E25BB47839CDD0E2980171EFFBB0BCA044FFFFFFFFFFC9FFF00038216195642B71140B7F328
0E5B0225B974839D540E286D171E20BB1BCA044FFFFFFFFFFC8FFF00038A16195642B71140B7F340
0E587825B5B0839DC70E25C7171BFCBB0BCA044FFFFFFFFFFC8FFF00038516195642B71140B7F358
0E56D425B33A839E2F0E242C171AACBB2BCB044FFFFFFFFFFC7FFF00038C16195642B71140B7F370
0E55AF25B178839E990E230D1719B9BB4BCC044FFFFFFFFFFC8FFF00038F16195642B71140B7F388
0E549E25AFD6839F050E21FD1718D5BB4BCD04AFFFFFFFFFFC8FFF00038F16195642B71140B7F3A0
0E53DB25AEAB839F690E213E171837BB4BCD04CFFFFFFFFFFC8FFF00038D16195642B71140B7F3B8
0E536825ADFB839FD50E20C61717D5BB5BCD04CFFFFFFFFFFC8FFF00038216195642B71140B7F3D0
0E52F325AD4A83A04A0E2061171781BB5BCD04CFFFFFFFFFFC8FFF00038316195642B71140B7F3E8
0E529325ACB983A0B80E1FFB17172CBB4BCE04CFFFFFFFFFFC7FFF00038A16195642B71140B7F300
0E51A125AB4B83A11D0E1F0C171667BB4BCE04CFFFFFFFFFFC8FFF00038516195642B71140B7F318
0E513525AAAB83A1860E1EA017160FBB4BCE04CFFFFFFFFFFCAFFF00038C16195642B71140B7F330
0E50D225AA1583A1F20E1E3D1715C0BB4BCE04CFFFFFFFFFFC9FFF00038316195642B71140B7F348
0E507225A98683A2600E1DDB17156FBB5BCE04CFFFFFFFFFFC8FFF00038B16195642B71140B7F360
0E4FCD25A89283A2D00E1D3A1714ECBB5BCE04CFFFFFFFFFFC8FFF00038C16195742B71140B7F378
0E4E8F25A6B283A33E0E1BFB1713E6BB5BCE04CFFFFFFFFFFC9FFF00038C16195742B71140B7F390
0E4D9025A52E83A3A20E1AF8171311BB6BCF04CFFFFFFFFFFC8FFF00038B16195742B71140B7F3A8
0E4CCA25A40483A4090E1A2D171264BB6BCF04CFFFFFFFFFFC8FFF00038216195742B71140B7E3C0
0E4B5B25A1CB83A47D0E18CD17113DBB7BCF04CFFFFFFFFFFC8FFF00038116195742B71140B7E3D8
0E499B259F2583A4EE0E172C170FE6BB6BCF04CFFFFFFFFFFC8FFF00038916195742B71140B7F3F0
0E48A9259DB883A5540E162D170F13BB5BCF04CFFFFFFFFFFC8FFF00038B16195742B71140B7F308
0E484D259D2983A5B90E15D5170ECBBB5BD004CFFFFFFFFFFC7FFF00038416195742B71140B7F320
0E47E2259C8983A6230E156B170E73BB6BD004CFFFFFFFFFFC8FFF00038C16195742B71140B7E338
0E4752259BAE83A6940E14EE170E0EBB6BD022FFFFFFFFFFFC8FFF00038216195742B71140B7F350
0E465A259A3583A70A0E13F9170D43BB6BD05B8FFFFFFFFFFC8FFF00037A16195742B71140B7E368
0E452525986083A7770E12C2170C40BB7BD103FFFFFFFFFFFC8FFF00037D16195742B71140B7E380
0E44BF2597C883A7D80E124E170BE0BB7BD103FFFFFFFFFFFC9FFF00038816195742B71140B7E398
0E43852595EC83A83D0E1117170AE1BB7BD003FFFFFFFFFFFC7FFF00038116195742B71140B7E3B0
0E42DC2594F183A8AF0E1073170A5CBB7BD003FFFFFFFFFFFC7FFF00038616195742B71140B7E3C8
0E428B25947283A91E0E1021170A16BB7BD0042FFFFFFFFFFC8FFF00038916195742B71240B7E3E0
0E41A925932483A9890E0F42170961BB6BD004DFFFFFFFFFFC9FFF00038216195742B71140B7E3F8
0E408825916A83A9F50E0E1F17086DBB7BD004CFFFFFFFFFFC8FFF00038716195742B71140B7E310
0E3E1F258DC383AA5D0E0BC817067ABB7BD004CFFFFFFFFFFC7FFF00038516195742B71140B7E328
0E3D40258C7183AACA0E0AF11705CEBB7BD004CFFFFFFFFFFC8FFF00037D16195742B71240B7E340
0E3D05258C1883AB3E0E0AB217059DBB7BD104CFFFFFFFFFFC8FFF00038816195742B71240B7E358
0E3CB7258BA383ABA70E0A75170569BB7BD104CFFFFFFFFFFC9FFF00038416195742B71240B7E370
0E3B982589F183AC070E0954170476BB6BD104CFFFFFFFFFFC8FFF00038C16195742B71240B7E388
0E3A1B2587AA83AC6E0E07D517033BBB7BD004CFFFFFFFFFFC7FFF00038916195742B71240B7E3A0
0E38452584DF83ACE50E06081701B9BB7BD057DFFFFFFFFFFC7FFF00037516195742B71240B7E3B8
0E35992580E483AD5E0E036516FF95BB8BD1049FFFFFFFFFFC8FFF00038416195742B71240B7E3D0
0E3499257F5C83ADC50E026B16FEC6BB9BD104CFFFFFFFFFFC8FFF00038516195842B71240B7E3E8
0E3447257ED983AE270E021016FE7BBB9BD257AFFFFFFFFFFC8FFF00038016195842B71240B7E300
0E33CE257E1E83AE8D0E019D16FE19BB9BD2049FFFFFFFFFFC8FFF00038A16195842B71240B7E318
0E329F257C5A83AEF90E007D16FD2EBB9BD204BFFFFFFFFFFC9FFF00038216195842B71240B7E330
0E3209257B7A83AF6E0DFFE416FCB2BB9BD154DFFFFFFFFFFC8FFF00038816195842B71240B7E348
0E3164257A8583AFDE0DFF3B16FC28BBABD103DFFFFFFFFFFC8FFF00038516195842B71240B7E360
0E308D25793483B04A0DFE6F16FB7ABB9BD103FFFFFFFFFFFC8FFF00038516195842B71240B7E378
0E2E472575C883B0B70DFC3316F9A3BB9BD1734FFFFFFFFFFC8FFF00037616195842B71240B7E390
0E2C462572AC83B11B0DFA3816F7F7BB9BD203BFFFFFFFFFFC8FFF00038716195842B71240B7E3A8
0E2932256DFF83B17E0DF72A16F570BB9BD2047FFFFFFFFFFC7FFF00038716195842B71240B7E3C0
0E290E256DB983B1F20DF6FC16F547BB9BD274AFFFFFFFFFFC7FFF00038816195842B71240B7E3D8
0E28E4256D7C83B2670DF6D216F523BB9BD2048FFFFFFFFFFC8FFF00038816195842B71240B7E3F0
0E285C256CB083B2CE0DF64F16F4B5BB9BD204CFFFFFFFFFFC8FFF00038816195842B71240B7E308
0E27B0256BA783B3320DF5A716F429BB8BD2819FFFFFFFFFFC8FFF00037E16195842B71240B7E320
0E263D25696F83B39F0DF43316F2F5BB8BD1048FFFFFFFFFFC8FFF00038316195842B71240B7E338
0E25302567DB83B4130DF32516F218BB8BD104BFFFFFFFFFFC8FFF00038416195842B71240B7E350
0E244E25668483B4810DF24F16F168BB8BD04FEFFFFFFFFFFC7FFF00037E16195842B71240B7D368
0E23B52565A283B4E80DF1B716F0EDBB8BD0048FFFFFFFFFFC8FFF00038716195842B71240B7E380
0E237F25654F83B54B0DF18016F0BFBB7BD004BFFFFFFFFFFC7FFF00038716195842B71240B7E398
0E233A2564E883B5B40DF13E16F089BB6BD06B7FFFFFFFFFFC9FFF00037E16195842B71240B7E3B0
0E222325634583B62A0DF02916EFA6BB7BD0044FFFFFFFFFFC8FFF00038716195842B71240B7D3C8
0E218725625F83B69F0DEF8F16EF2BBB7BD003FFFFFFFFFFFC8FFF00038516195842B71240B7D3E0
0E201725603783B7050DEE2116EDFDBB7BD0790FFFFFFFFFFC9FFF00037B16195842B71240B7D3F8
0E1EBC255E2A83B76C0DECCF16ECE5BB6BD003BFFFFFFFFFFC8FFF00038316195842B71240B7D310
0E1DC1255CA583B7DA0DEBD816EC18BB6BD003FFFFFFFFFFFC8FFF00037C16195842B71240B7D328
0E1D16255BA483B84B0DEB2C16EB8BBB6BD0873FFFFFFFFFFC7FFF00037E16195842B71240B7C340
0E1C33255A4F83B8B10DEA4F16EAD4BB6BD0043FFFFFFFFFFC8FFF00038516195842B71240B7C358
0E1B8025594383B9180DE99C16EA43BB6BD013EFFFFFFFFFFC8FFF00037616195942B71240B7D370
0E1A4D25577483B9890DE86F16E94EBB6BD1BC0FFFFFFFFFFC7FFF00038516195942B71240B7C388
0E17C32553A383B9F70DE5E616E739BB6BD1047FFFFFFFFFFC8FFF00038316195942B71240B7C3A0
0E15EE2550E683BA610DE41C16E5C5BB6BD125DFFFFFFFFFFC8FFF00038216195942B71240B7C3B8
0E1506254F7E83BAD00DE33A16E505BB7BD1244FFFFFFFFFFC9FFF00038216195942B71240B7C3D0
0E1470254E9683BB400DE29E16E482BB7BD104BFFFFFFFFFFC9FFF00037B16195942B71240B7C3E8
0E12DC254C4083BBA60DE12316E350BB7BD12DCFFFFFFFFFFC9FFF00037E16195942B71240B7C300
0E12A4254BED83BC090DE0E016E31BBB7BD12AAFFFFFFFFFFC9FFF00038616195942B71240B7C318
0E129E254BEA83BC760DE0DB16E31BBB6BD004BFFFFFFFFFFC8FFF00038416195942B71240B7C330
0E121D254B2983BCED0DE09016E2DEBB6BD037AFFFFFFFFFFC8FFF00037B16195942B71240B7C348
0E108B2548C083BD600DDEDE16E173BB6BD0323FFFFFFFFFFC8FFF00038316195942B71240B7C360
0E0E5E25458783BDC50DDCA816DFA9BB7BD103FFFFFFFFFFFC8FFF00038216195942B71240B7B378
0E0CB625430B83BE250DDB0716DE53BB8BD14D1FFFFFFFFFFC8FFF00037916195942B71240B7C390
0E0B502540E683BE8D0DD9A216DD2DBB7BD1413FFFFFFFFFFC8FFF00038216195942B71240B7C3A8
0E099C253E5983BEFE0DD7F616DBD0BB7BD103FFFFFFFFFFFC7FFF00037D16195942B71240B7C3C0
0E0923253DA483BF650DD78116DB6FBB7BD1809FFFFFFFFFFC8FFF00038616195942B71240B7C3D8
0E0895253CCB83BFC60DD6F316DAF8BB7BD151BFFFFFFFFFFC6FFF00038416195942B71240B7B3F0
0E07F7253BD883C0370DD65516DA77BB7BD004CFFFFFFFFFFC8FFF00037A16195942B71240B7B308
0E07AF253B7083C0AD0DD61016DA41BB6BD07D2FFFFFFFFFFC9FFF00037A16195942B71240B7B320
0E076F253B1383C1140DD5CD16DA0ABB7BCF4F2FFFFFFFFFFC8FFF00036E16195942B71240B7C338
0E073C253ACC83C17B0DD59C16D9E4BB6BD004BFFFFFFFFFFC8FFF00038216195942B71240B7B350
0E06D4253A3283C1E50DD53716D992BB6BCF34BFFFFFFFFFFC8FFF00037B16195942B71240B7B368
0E060925390383C2430DD46D16D8F0BB6BCF04BFFFFFFFFFFC7FFF00038416195942B71240B7B380
0E053C2537D283C2A50DD39E16D847BB5BCF04AFFFFFFFFFFC8FFF00038316195942B71240B7B398
0E04D125373B83C31B0DD33616D7F7BB5BCF4E2FFFFFFFFFFC9FFF00038016195942B71240B7B3B0
0E04952536E883C3910DD2F816D7C9BB5BCF03FFFFFFFFFFFC8FFF00037A16195942B71240B7B3C8
0E03332534D783C3F60DD1A716D6B2BB6BCF03FFFFFFFFFFFC8FFF00038016195942B71240B7B3E0
0E010D25319883C45D0DCF8216D4F2BB6BD0600FFFFFFFFFFC9FFF00038016195942B71340B7B3F8
0DFF68252F2283C4C80DCDE416D3A1BB7BD003FFFFFFFFFFFC8FFF00037D16195A42B71340B7B310
0DFE1D252D3183C52F0DCCA116D296BB7BCF03FFFFFFFFFFFC8FFF00037C16195A42B71340B7B328
0DFD45252BEB83C5940DCBC716D1E7BB6BCF866FFFFFFFFFFC8FFF00038116195A42B71340B7B340
0DFC85252ACA83C5FE0DCB0F16D151BB6BCF03FFFFFFFFFFFC8FFF00038116195A42B71340B7B358
0DFB5225290683C6700DC9E216D05DBB5BCF376FFFFFFFFFFC8FFF00038116195A42B71340B7B370
0DFA3A25276483C6DE0DC8C616CF76BB5BCF107FFFFFFFFFFC8FFF00037916195A42B71340B7B388
0DF9C72526B883C73E0DC84B16CF13BB6BCF04BFFFFFFFFFFC8FFF00038016195A42B71340B7B3A0
0DF92F2525D783C7A60DC7BE16CEA2BB6BCF41AFFFFFFFFFFC8FFF00037716195A42B71340B7A3B8
0DF8C625253D83C8190DC75616CE4EBB6BCF12AFFFFFFFFFFC8FFF00037F16195A42B71340B7A3D0
0DF8702524BF83C8810DC70216CE0ABB6BCE04AFFFFFFFFFFC7FFF00038016195A42B71340B7A3E8
0DF81025243483C8E20DC6A216CDC0BB6BCE76AFFFFFFFFFFC7FFF00038016195A42B71340B7A300
0DF75025231983C94B0DC5E616CD24BB5BCE1CAFFFFFFFFFFC8FFF00038016195A42B71340B7A318
0DF6582521A383C9BC0DC4EE16CC60BB4BCE086FFFFFFFFFFC7FFF00038116195A42B71340B7A330
0DF57F25206283CA260DC41916CBB4BB5BCE247FFFFFFFFFFC7FFF00038116195A42B71340B7A348
0DF4E4251F7D83CA8C0DC38316CB39BB5BCE0D6FFFFFFFFFFC8FFF00036F16195A42B71340B7A360
0DF355251D2683CAFB0DC1F716C9F6BB5BCE2E5FFFFFFFFFFC8FFF00037E16195A42B71340B7A378
0DF19E251A9383CB680DC04816C898BB5BCE03FFFFFFFFFFFC8FFF00037D16195A42B71340B7A390
0DF0792518DA83CBCD0DBF2C16C7AEBB5BCD1B6FFFFFFFFFFC6FFF00037E16195A42B71340B7A3A8
0DF03725187B83CC340DBEE816C777BB4BCE538FFFFFFFFFFC6FFF00037816195A42B71340B7A3C0
0DF03025186E83CC9B0DBEDE16C770BB3BCD04BFFFFFFFFFFC7FFF00038116195A42B71340B7A3D8
0DEFD72517EF83CD030DBEA016C73FBB2BCC2D3FFFFFFFFFFC8FFF00037F16195A42B71340B7A3F0
0DEF292516F183CD6F0DBDD116C69ABB2BCC744FFFFFFFFFFC8FFF00037816195A42B71340B7A308
0DEE9425160F83CDE00DBD3B16C61FBB2BCC04AFFFFFFFFFFC8FFF00037D16195A42B71340B7A320
0DEC702512E483CE4D0DBB3216C478BB2BCC471FFFFFFFFFFC7FFF00037C16195A42B71340B7A338
0DEBF025122983CEB30DBAAE16C411BB2BCC7D7FFFFFFFFFFC6FFF00037C16195A42B71340B7A350
0DEB5A25114A83CF1C0DBA2216C39EBB2BCC03FFFFFFFFFFFC8FFF00037816195A42B71340B7A368
0DEA5A250FCF83CF810DB92316C2D1BB2BCC425FFFFFFFFFFC8FFF00038116195A42B71340B79380
0DE98E250E9D83CFE40DB85516C22BBB2BCC7AAFFFFFFFFFFC8FFF00037F16195B42B71340B7A398
0DE8B2250D5883D0530DB77C16C17DBB1BCB03FFFFFFFFFFFC8FFF00037416195B42B71340B793B0
0DE7F5250C3C83D0CD0DB6C316C0E5BB1BCB2E1FFFFFFFFFFC8FFF00037C16195B42B71340B7A3C8
0DE6EF250ABC83D1380DB5BE16C014BB2BCB03CFFFFFFFFFFC8FFF00037416195B42B71340B793E0
0DE6442509C383D1940DB51616BF8CBB1BCB03FFFFFFFFFFFC8FFF00037816195B42B71340B793F8
0DE5E125092F83D1F90DB4B116BF40BB0BCA04BFFFFFFFFFFC8FFF00037C16195B42B71340B7A310
0DE55925086583D2680DB42E16BED4BAFBCA04BFFFFFFFFFFC9FFF00037F16195B42B71340B7A328
0DE3F025065183D2D40DB2CA16BDB6BAEBCA403FFFFFFFFFFC9FFF00037F16195B42B71340B7A340
0DE37F2505A983D33D0DB25916BD5EBAEBC93A9FFFFFFFFFFC9FFF00037D16195B42B71340B79358
0DE2CC2504A283D3A50DB1AA16BCCFBAEBCA049FFFFFFFFFFC8FFF00037216195B42B71340B79370
0DE21925039E83D4110DB0F616BC41BAFBCA045FFFFFFFFFFC9FFF00037016195B42B71340B79388
0DE1882502CB83D4800DB06616BBD1BAFBC903FFFFFFFFFFFC7FFF00037A16195B42B71340B783A0
0DE10F25021D83D4E50DAFEC16BB6EBAEBC903FFFFFFFFFFFC7FFF00037416195B42B71340B793B8
0DE0B92501A183D54A0DAF9716BB2CBAEBC803FFFFFFFFFFFC8FFF00037616195B42B71340B793D0
0DE05F25011F83D5BB0DAF4116BAE9BAEBC8360FFFFFFFFFFC8FFF00037E16195B42B71340B793E8
0DDFA525001583D6230DAE8C16BA5ABAEBC803CFFFFFFFFFFC9FFF00036C16195B42B71340B78300
0DDEDB24FEF583D6850DADC516B9C3BAEBC803FFFFFFFFFFFC8FFF00037916195B42B71340B79318
0DDE7924FE6A83D6FA0DAD6416B977BAEBC903FFFFFFFFFFFC8FFF00037816195B42B71340B78330
0DDD4424FCA983D76F0DAC3216B885BADBC803FFFFFFFFFFFC8FFF00037916195B42B71340B78348
0DDC8E24FBA783D7CF0DAB7B16B7F6BADBC860DFFFFFFFFFFC9FFF00036D16195B42B71340B78360
0DDC1924FAFF83D8300DAB0C16B79FBAEBC8518FFFFFFFFFFC9FFF00037A16195B42B71340B78378
0DDB9924FA4283D8980DAA9016B73DBAEBC704BFFFFFFFFFFC9FFF00037D16195B42B71340B78390
0DDB0B24F97283D9000DAA0016B6CCBAFBC704AFFFFFFFFFFC8FFF00037216195B42B71340B783A8
0DDAB624F8FD83D96D0DA9AB16B68BBAEBC704AFFFFFFFFFFC8FFF00037016195B42B71340B773C0
0DDA9524F8D483D9E40DA98816B674BADBC704AFFFFFFFFFFC6FFF00037916195B42B71340B783D8
0DD9FB24F7F283DA590DA8EE16B5FABADBC6049FFFFFFFFFFC6FFF00037A16195B42B71340B783F0
0DD8DB24F64F83DAB20DA7D416B519BADBC6672FFFFFFFFFFC7FFF00037A16195C42B71340B78308
0DD80B24F52383DB0C0DA70A16B478BADBC603BFFFFFFFFFFC8FFF00037216195C42B71340B77320
0DD74424F3FB83DB7E0DA64616B3DFBADBC603FFFFFFFFFFFC8FFF00037916195C42B71340B77338
0DD65724F2A883DBF30DA55C16B327BADBC603FFFFFFFFFFFC7FFF00037016195C42B71340B77350
0DD5AD24F1B183DC5A0DA4B416B2A0BACBC503FFFFFFFFFFFC7FFF00036F16195C42B71340B77368
0DD4CE24F07783DCC20DA3D916B1F7BACBC503FFFFFFFFFFFC7FFF00037116195C42B71340B77380
0DD41E24EF6D83DD2B0DA32916B16ABABBC509BFFFFFFFFFFC7FFF00037A16195C42B71340B77398
0DD32624EE0483DD950DA23716B0A4BABBC422BFFFFFFFFFFC7FFF00037816195C42B71340B773B0
0DD1C024EBF283DDFE0DA0D716AF8EBABBC503FFFFFFFFFFFC8FFF00037216195C42B71340B773C8
0DD0E324EAA483DE690D9FFA16AED8BAABC4047FFFFFFFFFFC8FFF00037816195C42B71340B773E0
0DD09724EA3683DED70D9FAC16AE9BBAABC404AFFFFFFFFFFC8FFF00036F16195C42B71340B773F8
0DD07424EA0383DF430D9F8B16AE81BAABC3049FFFFFFFFFFC9FFF00036E16195C42B71340B77310
0DD05624E9DE83DFA90D9F7016AE70BA9BC29D3FFFFFFFFFFC8FFF00037716195C42B71340B77328
0DD02524E99C83E00E0D9F3F16AE49BA8BC1041FFFFFFFFFFC8FFF00037116195C42B71340B77340
0DCF9824E8CD83E0780D9EAE16ADD7BA8BC103FFFFFFFFFFFC8FFF00037716195C42B71340B77358
0DCE6824E71783E0E50D9D8216ACEBBA9BC103FFFFFFFFFFFC8FFF00037116195C42B71340B77370
0DCDCD24E63C83E14E0D9CEC16AC79BA9BC103FFFFFFFFFFFC7FFF00037816195C42B71340B77388
0DCD7E24E5CB83E1B90D9C9C16AC3ABA9BC103FFFFFFFFFFFC7FFF00037616195C42B71340B763A0
0DCD5E24E5A083E2260D9C8116AC29BA9BC114EFFFFFFFFFFC7FFF00036D16195C42B71340B763B8
0DCD5324E59583E28A0D9C7516AC21BA8BC146EFFFFFFFFFFC7FFF00037416195C42B71340B763D0
0DCD3E24E57C83E2F60D9C6216AC14BA7BC103FFFFFFFFFFFC9FFF00037516195C42B71340B763E8
0DCCEC24E50E83E3650D9C1116ABD7BA7BC1049FFFFFFFFFFC9FFF00037816195C42B71340B76300
0DCCAC24E4B483E3CB0D9BCF16ABA6BA8BC1049FFFFFFFFFFC8FFF00037216195C42B71340B76318
0DCC4C24E42F83E42D0D9B7316AB60BA8BC1049FFFFFFFFFFC8FFF00037816195C42B71340B76330
0DCBB924E35E83E4970D9AE016AAEEBA7BC1048FFFFFFFFFFC8FFF00036D16195C42B71340B76348
0DC9BA24E06883E50C0D98EE16A95ABA7BC116EFFFFFFFFFFC8FFF00037316195C42B71340B76360
0DC77424DD2883E57A0D96AE16A79CBA8BC1091FFFFFFFFFFC8FFF00037316195C42B71340B76378
0DC72D24DCBB83E5DE0D966616A763BA7BC103FFFFFFFFFFFC8FFF00036D16195D42B71340B76390
0DC70624DC8683E6450D963E16A744BA7BC003FFFFFFFFFFFC6FFF00037816195D42B71340B763A8
0DC6EB24DC5E83E6AC0D962216A72FBA6BC003FFFFFFFFFFFC7FFF00037916195D42B71340B763C0
0DC6CD24DC3A83E7100D960016A717BA6BBF25BFFFFFFFFFFC8FFF00036E16195D42B71340B763D8
0DC6A924DC0D83E77C0D95E216A702BA5BBF6D4FFFFFFFFFFC7FFF00037316195D42B71340B763F0
0DC68C24DBEA83E7F00D95C516A6F0BA5BBF03FFFFFFFFFFFC8FFF00037316195D42B71340B75308
0DC67024DBCC83E8600D95A916A6DFBA5BBF03FFFFFFFFFFFC6FFF00037416195D42B71340B75320
0DC65324DBA983E8C50D958D16A6CDBA4BBE03FFFFFFFFFFFC8FFF00037516195D42B71340B75338
0DC64124DB9583E92A0D957C16A6C2BA4BBE04AFFFFFFFFFFC8FFF00037616195D42B71340B75350
0DC5B124DAC783E98F0D94EF16A654BA4BBE049FFFFFFFFFFC8FFF00036D16195D42B71340B75368
0DC51F24D9FD83E9F70D946116A5E8BA3BBE3F3FFFFFFFFFFC8FFF00036B16195D42B71340B76380
0DC50224D9D983EA650D944416A5D6BA3BBF139FFFFFFFFFFC8FFF00036316195D42B71340B75398
0DC4F224D9C983EAD60D943316A5CDBA3BBE041FFFFFFFFFFC8FFF00037316195D42B71340B753B0
0DC4D824D9AE83EB410D941716A5BBBA3BBF043FFFFFFFFFFC8FFF00037416195D42B71340B753C8
0DC4BC24D98A83EBA60D93FB16A5A9BA4BBF03FFFFFFFFFFFC8FFF00037416195D42B71340B743E0
0DC42024D8AF83EC0A0D936416A534BA4BBF03FFFFFFFFFFFC8FFF00037316195D42B71340B753F8
0DC29124D66C83EC740D91DA16A400BA5BBF03FFFFFFFFFFFC8FFF00036F16195D42B71340B74310
0DC1A224D51783ECE70D90EE16A348BA5BBE03FFFFFFFFFFFC8FFF00036E16195D42B71340B74328
0DC16A24D4CC83ED570D90B416A31DBA4BBE5BDFFFFFFFFFFC9FFF00036A16195D42B71340B75340
0DC12224D46583EDBA0D907116A2E7BA4BBE19BFFFFFFFFFFC9FFF00037316195D42B71340B74358
0DC01224D2DA83EE1E0D8F6216A214BA3BBE040FFFFFFFFFFC8FFF00037216195D42B71340B75370
0DBEEA24D13983EE820D8E3F16A135BA2BBE049FFFFFFFFFFC8FFF00036C16195D42B71340B75388
0DBE7724D09983EEEC0D8DCD16A0DDBA2BBD048FFFFFFFFFFC8FFF00036916195D42B71340B743A0
0DBE1F24D01A83EF640D8D7316A097BA2BBD048FFFFFFFFFFC8FFF00036A16195D42B71340B743B8
0DBDD024CFA483EFD70D8D2416A056BA1BBC041FFFFFFFFFFC8FFF00037016195D42B71340B733D0
0DBD4A24CEDD83F0390D8CA5169FF1BA1BBC334FFFFFFFFFFC8FFF00037116195D42B71340B743E8
0DBCC124CE1783F09C0D8C1C169F87BA1BBC03FFFFFFFFFFFC8FFF00036A16195D42B71340B73300
0DBBD424CCC683F1000D8B35169ED1BA0BBC03FFFFFFFFFFFC7FFF00037216195D42B71340B74318
0DBB4A24CC0383F16A0D8AAB169E69B9FBBC03FFFFFFFFFFFC6FFF00036A16195D42B71340B73330
0DBAF824CB9283F1D60D8A51169E27B9EBBB03FFFFFFFFFFFC8FFF00037116195E42B71340B73348
0DBAC924CB5A83F2490D8A29169E0AB9EBBB8C1FFFFFFFFFFC8FFF00036916195E42B71340B73360
0DBAC224CB5983F2BB0D8A22169E0CB9EBBA247FFFFFFFFFFC8FFF00036816195E42B71340B73378
0DBAB624CB5583F31F0D8A16169E09B9EBBA049FFFFFFFFFFC8FFF00036916195E42B71340B73390
0DBA6124CAE583F37E0D89C0169DCAB9EBBA048FFFFFFFFFFC8FFF00037016195E42B71340B733A8
0DB9BE24CA0483F3E50D8921169D53B9FBB9042FFFFFFFFFFC8FFF00036716195E42B71340B733C0
0DB97E24C9AC83F4550D88E4169D25B9FBB904CFFFFFFFFFFC8FFF00036F16195E42B71340B733D8
0DB80424C78383F4C50D8771169C03B9EBB904FFFFFFFFFFFC8FFF00036816195E42B71340B733F0
0DB6B324C5A083F52C0D8623169AF9B9FBB803FFFFFFFFFFFC8FFF00036A16195E42B71340B73308
0DB5E424C47583F5970D8554169A58B9FBB803FFFFFFFFFFFC7FFF00037116195E42B71340B73320
0DB5AF24C42D83F6030D8520169A31B9FBB803FFFFFFFFFFFC7FFF00037016195E42B71340B73338
0DB58824C3FC83F66C0D84FD169A18B9DBB803FFFFFFFFFFFC7FFF00036F16195E42B71340B73350
0DB55924C3BA83F6D30D84CA1699F3B9CBB8793FFFFFFFFFFC7FFF00036516195E42B71340B73368
0DB52924C37C83F7390D849B1699D1B9CBB703FFFFFFFFFFFC8FFF00036D16195E42B71340B73380
0DB4FC24C33F83F7AA0D846F1699B4B9CBB703FFFFFFFFFFFC7FFF00036716195E42B71340B73398
0DB4D624C31383F81A0D844B16999BB9CBB603FFFFFFFFFFFC9FFF00037116195E42B71340B733B0
0DB4A524C2D483F87C0D841E16997BB9CBB603FFFFFFFFFFFC7FFF00037216195E42B71340B723C8
0DB47524C29683F8E20D83EB169957B9BBB6046FFFFFFFFFFC7FFF00036816195E42B71340B723E0
0DB44824C26183F94C0D83BD169937B9BBB61E3FFFFFFFFFFC8FFF00036516195E42B71340B733F8
0DB41E24C22783F9B90D839816991EB9ABB520BFFFFFFFFFFC8FFF00036C16195E42B71340B72310
0DB34024C0EA83FA2C0D82B9169870B9ABB503FFFFFFFFFFFC8FFF00036C16195E42B71340B73328
0DB29624BFFE83FA980D82071697E7B99BB503FFFFFFFFFFFC8FFF00036716195E42B71340B72340
0DB1D324BEE483FAFA0D816716976BB99BB503FFFFFFFFFFFC8FFF00036916195E42B71340B72358
0DB16624BE4B83FB590D80E1169706B9ABB5043FFFFFFFFFFC7FFF00036F16195E42B71340B72370
0DB12524BDF683FBC40D80961696CDB9ABB4B60FFFFFFFFFFC7FFF00035E16195E42B71340B72388
0DB06124BCDD83FC3A0D7FF3169652B98BB4048FFFFFFFFFFC8FFF00036E16195E42B71340B723A0
0DAF5424BB6283FCA80D7EE316957FB98BB3045FFFFFFFFFFC7FFF00036D16195E42B71340B713B8
0DAEA424BA6683FD110D7E301694F6B98BB303FFFFFFFFFFFC9FFF00036C16195E42B71340B723D0
0DAD8524B8CE83FD790D7D1A169418B98BB303FFFFFFFFFFFC7FFF00036D16195E42B71340B723E8
0DAC7E24B74F83FDDD0D7C1016934CB97BB303FFFFFFFFFFFC7FFF00036516195E42B71340B71300
0DAAF224B51B83FE430D7A8A16921DB96BB33A6FFFFFFFFFFC7FFF00036C16195E42B71340B71318
0DA99F24B32E83FEB20D794416911CB95BB23A3FFFFFFFFFFC8FFF00036F16195F42B71340B71330
0DA78D24B03383FF220D7737168F82B95BB203FFFFFFFFFFFC8FFF00036816195F42B71340B71348
0DA62424AE2F83FF870D75D0168E68B94BB2048FFFFFFFFFFC8FFF00036B16195F42B71340B71360
0DA57424AD3183FFEF0D751C168DDEB94BB1046FFFFFFFFFFC8FFF00036316195F42B71340B71378
0DA53924ACE08400610D74E3168DB4B92BB003FFFFFFFFFFFC8FFF00036B16195F42B71340B71390
0DA52C24ACD18400C80D74D7168DACB91BAE03FFFFFFFFFFFC8FFF00036416195F42B71340B713A8
0DA50724ACA284012B0D74B2168D91B8FBAD332FFFFFFFFFFC7FFF00036C16195F42B71340B713C0
0DA4D124AC5A8401990D747C168D6DB8FBAC03CFFFFFFFFFFC8FFF00036416195F42B71340B713D8
0DA4C324AC4F8402070D746D168D63B8FBAC03FFFFFFFFFFFC8FFF00036E16195F42B71340B713F0
0DA4A124AC228402720D744D168D4EB8EBAB03FFFFFFFFFFFC7FFF00036D16195F42B71340B71308
0DA48324AC018402D80D7430168D3CB8EBAB03FFFFFFFFFFFC7FFF00036316195F42B71340B70320
0DA46F24ABEE84033B0D7421168D34B8DBAB5C6FFFFFFFFFFC7FFF00036216195F42B71340B71338
0DA45B24ABDB8403A90D7409168D28B8EBAB53EFFFFFFFFFFC8FFF00036A16195F42B71340B71350
0DA42924AB9A84041D0D73E1168D0DB8EBAB03FFFFFFFFFFFC7FFF00036A16195F42B71340B70368
0DA40024AB698404870D73B0168CEBB8FBAB03FFFFFFFFFFFC6FFF00035D16195F42B71340B70380
0DA3BF24AB148404E60D7373168CBFB8FBAA040FFFFFFFFFFC8FFF00036C16195F42B71340B71398
0DA38624AAC984054D0D7337168C94B8FBAB04BFFFFFFFFFFC8FFF00036B16195F42B71340B6F3B0
0DA26B24A9358405BB0D721C168BB9B8FBAB063FFFFFFFFFFC8FFF00036B16195F42B71340B703C8
0DA17124A7E084062B0D712A168B03B8EBAB042FFFFFFFFFFC7FFF00036216195F42B71340B703E0
0DA16624A7D18406940D711F168AFDB8EBAA03FFFFFFFFFFFC8FFF00036916195F42B71340B6F3F8
0DA13624A7938406F90D70E5168AD3B8EBAA03FFFFFFFFFFFC7FFF00036916195F42B71340B6F310
0DA10224A7518407650D70B6168AB4B8DBA903FFFFFFFFFFFC7FFF00036916195F42B71340B6F328
0DA0C624A7038407D00D7080168A8DB8DBA9792FFFFFFFFFFC8FFF00036516195F42B71340B6F340
0DA07F24A6A68408310D703D168A5DB8EBA8039FFFFFFFFFFC7FFF00035F16195F42B71340B6F358
0DA02924A62F84088F0D6FE7168A1DB8EBA8040FFFFFFFFFFC7FFF00036116195F42B71340B6F370
0D9F1124A49B8408F90D6ED6168949B8DBA8046FFFFFFFFFFC8FFF00036916195F42B71340B6F388
0D9E2C24A3588409700D6DF0168897B8DBA8047FFFFFFFFFFC8FFF00036016195F42B71340B6F3A0
0D9D8524A26C8409DB0D6D49168816B8CBA8040FFFFFFFFFFC8FFF00036816195F42B71340B6F3B8
0D9C8324A0FF840A3E0D6C5A16875DB8BBA80BEFFFFFFFFFFC7FFF00036916195F42B71340B6F3D0
0D9C7424A0EE840AA30D6C3A168748B8ABA830CFFFFFFFFFFC7FFF00036916195F42B71340B6F3E8
0D9C1F24A077840B040D6BFE16871AB8ABA703FFFFFFFFFFFC7FFF00036816196042B71340B6F300
0D9B8E249FB3840B6E0D6B621686A7B8ABA603FFFFFFFFFFFC8FFF00036716196042B71340B6F318
0D9AFA249EE6840BDC0D6AC7168631B8ABA603FFFFFFFFFFFC9FFF00035716196042B71340B6F330
0D99BC249D26840C400D698D168542B8ABA503FFFFFFFFFFFC8FFF00036916196042B71340B6F348
0D9915249C40840CA60D68EF1684CBB88BA5B2FFFFFFFFFFFC8FFF00036816196042B71340B6F360
0D98A5249BA3840D110D6878168471B87BA403FFFFFFFFFFFC7FFF00036716196042B71340B6E378
0D97E7249A99840D7D0D67C11683E6B86BA403FFFFFFFFFFFC7FFF00036616196042B71340B6E390
0D96E224992A840DE60D66C0168321B86BA303FFFFFFFFFFFC8FFF00036616196042B71340B6E3A8
0D96072497F0840E4D0D65E5168279B86BA303FFFFFFFFFFFC8FFF00035E16196042B71340B6F3C0
0D955A2496FD840EB20D653C1681F4B85BA303FFFFFFFFFFFC7FFF00036716196042B71340B6E3D8
0D951424969B840F150D64F61681C2B84BA3181FFFFFFFFFFC7FFF00035E16196042B71340B6E3F0
0D94C224962E840F7F0D64A816818AB84BA256CFFFFFFFFFFC7FFF00035D16196042B71340B6E308
0D94712495BD840FED0D645416814AB84BA103FFFFFFFFFFFC7FFF00036516196042B71340B6D320
0D93912494808410590D63831680A9B84BA003FFFFFFFFFFFC8FFF00036516196042B71340B6D338
0D935324942A8410C30D633C168073B84BA003FFFFFFFFFFFC8FFF00035D16196042B71340B6D350
0D93382494098411240D6322168062B84B9F03FFFFFFFFFFFC8FFF00036516196042B71340B6E368
0D92FA2493B68411830D62E6168036B82B9F048FFFFFFFFFFC8FFF00036516196042B71340B6D380
0D92D12493838411EB0D62B8168017B81B9E235FFFFFFFFFFC7FFF00035416196042B71340B6D398
0D92AD24935B84125D0D6296168003B81B9E0D5FFFFFFFFFFC8FFF00036416196042B71340B6D3B0
0D92942493428412D00D6283167FFAB81B9D03FFFFFFFFFFFC9FFF00035C16196042B71340B6D3C8
0D92812493308413340D626E167FEBB81B9D03FFFFFFFFFFFC8FFF00036416196042B71340B6D3E0
0D92412492DA8413960D6231167FC3B81B9D03FFFFFFFFFFFC8FFF00035C16196042B71340B6D3F8
0D92132492A78413F80D6208167FA9B81B9D295FFFFFFFFFFC8FFF00036316196042B71340B6D310
0D91CD24924C84145F0D61B5167F6EB81B9D7DCFFFFFFFFFFC8FFF00036416196042B71340B6D328
0D91912492008414CE0D617C167F49B81B9D046FFFFFFFFFFC9FFF00035B16196042B71340B6D340
0D91722491DE84153E0D615F167F35B80B9D047FFFFFFFFFFC9FFF00036316196042B71340B6D358
0D91552491BD8415A60D6141167F21B80B9D03FFFFFFFFFFFC8FFF00035C16196042B71340B6D370
0D91052491578416050D60F1167EEBB80B9D03FFFFFFFFFFFC8FFF00036216196042B71340B6D388
0D90C02490FE84166A0D60AC167EBBB80B9D043FFFFFFFFFFC8FFF00035A16196042B71340B6D3A0
0D90812490AD8416D20D6069167E8DB80B9D03FFFFFFFFFFFC8FFF00036216196142B71340B6B3B8
0D90312490458417420D602B167E60B80B9D03FFFFFFFFFFFC7FFF00035A16196142B71340B6D3D0
0D8FD9248FD58417AE0D5FCB167E1EB80B9D03FFFFFFFFFFFC7FFF00036316196142B71340B6C3E8
0D8FCD248FCB84180E0D5FC0167E19B81B9D03FFFFFFFFFFFC8FFF00035B16196142B71340B6B300
0D8FAC248FA68418750D5F9E167E03B81B9D599FFFFFFFFFFC7FFF00035916196142B71340B6B318
0D8F42248F198418DE0D5F37167DB9B81B9C1C2FFFFFFFFFFC7FFF00035116196142B71340B6B330
0D8EB7248E5C8419440D5EAF167D56B81B9C043FFFFFFFFFFC7FFF00036016196142B71340B6B348
0D8E6B248DF88419AC0D5E61167D1DB80B9C03FFFFFFFFFFFC8FFF00035916196142B71340B6B360
0D8E3B248DBF841A1D0D5E34167D00B7FB9C03FFFFFFFFFFFC7FFF00036116196142B71340B6B378
0D8DD6248D34841A870D5DD1167CB8B80B9B03FFFFFFFFFFFC8FFF00035916196142B71340B6B390
0D8D05248C15841AE20D5D07167C1FB80B9B03FFFFFFFFFFFC8FFF00036116196142B71340B6B3A8
0D8C97248B7F841B450D5C8F167BC5B80B9B33CFFFFFFFFFFC8FFF00036116196142B71340B6B3C0
0D8C08248ABA841BBD0D5C01167B5EB80B9B03FFFFFFFFFFFC8FFF00036116196142B71340B6B3D8
0D8BC2248A5B841C2A0D5BC7167B33B80B9B03FFFFFFFFFFFC7FFF00036116196142B71340B6B3F0
0D8B8B248A15841C850D5BA1167B17B80B9B03FFFFFFFFFFFC7FFF00035016196142B71340B6B308
0D8ADE248929841CEC0D5AE3167A8BB7FB9B03FFFFFFFFFFFC8FFF00035F16196142B71340B6B320
0D8ACF24891D841D5E0D5AD2167A83B7EB9A895FFFFFFFFFFC7FFF00035616196142B71340B6B338
0D8ABD248909841DC90D5AC0167A7AB7FB9A276FFFFFFFFFFC7FFF00035F16196142B71340B6B350
0D8A852488C0841E2A0D5A8A167A52B7EB9A042FFFFFFFFFFC7FFF00036016196142B71340B6B368
0D89EC2487F0841E900D59F11679E0B7EB9A042FFFFFFFFFFC7FFF00035816196142B71340B6B380
0D8991248779841EF90D59971679A1B7EB9A040FFFFFFFFFFC7FFF00036016196142B71340B6A398
0D896B24874A841F610D5972167988B7EB9A03FFFFFFFFFFFC8FFF00034F16196142B71340B6B3B0
0D8958248738841FC90D595E16797EB7DB9A03FFFFFFFFFFFC7FFF00035D16196142B71340B6A3C8
0D893C2487188420360D594316796DB7DB9A687FFFFFFFFFFC8FFF00035E16196142B71340B6A3E0
0D88FF2486CD8420A20D5907167946B7DB9903FFFFFFFFFFFC8FFF00035E16196142B71340B6A3F8
0D88B424866A8421060D58BF16790FB7DB9903FFFFFFFFFFFC8FFF00035716196142B71340B69310
0D882F2485B28421670D583D1678B2B7DB9803FFFFFFFFFFFC8FFF00036016196142B71340B6B328
0D87CF2485378421D30D57DD16786DB7CB98042FFFFFFFFFFC9FFF00035F16196142B71340B69340
0D879D2484F784223B0D57AC16784AB7BB98041FFFFFFFFFFC8FFF00035616196142B71340B69358
0D873D2484778422A20D574F167805B7AB98155FFFFFFFFFFC8FFF00035B16196142B71340B69370
0D86BE2483C78423100D56CF1677A8B7AB9819FFFFFFFFFFFC8FFF00035D16196142B71340B69388
0D866424835184237C0D567616776AB7AB9803FFFFFFFFFFFC9FFF00035716196242B71340B693A0
0D863B2483218423DD0D564F16774EB7BB9703FFFFFFFFFFFC7FFF00035716196242B71340B693B8
0D85B624826E84243B0D55CD1676EDB7BB9703FFFFFFFFFFFC8FFF00035D16196242B71340B693D0
0D851F24819F8424AA0D553A167681B7BB9703FFFFFFFFFFFC7FFF00034C16196242B71340B693E8
0D848F2480DD84251C0D54AB167616B7BB97A24FFFFFFFFFFC7FFF00035D16196242B71340B69300
0D841224802E8425800D542D1675BAB7AB96041FFFFFFFFFFC7FFF00035516196242B71340B69318
0D83C2247FC48425E20D53DC167580B7AB96041FFFFFFFFFFC8FFF00035D16196242B71340B69330
0D835B247F3A84264B0D5371167530B79B9503FFFFFFFFFFFC8FFF00035516196242B71340B69348
0D82D4247E858426B60D52F71674D8B79B9503FFFFFFFFFFFC8FFF00035D16196242B71340B67360
0D829A247E3584271C0D52B51674A9B78B94041FFFFFFFFFFC9FFF00035416196242B71340B68378
0D81FE247D618427840D522E167442B78B9403FFFFFFFFFFFC8FFF00035C16196242B71340B68390
0D80E8247BDC8427F00D511216736CB77B9303FFFFFFFFFFFC7FFF00035316196242B71340B683A8
0D8053247B0F8428560D50801672FFB78B9303FFFFFFFFFFFC8FFF00034B16196242B71340B673C0
0D8038247AEF8428C00D50601672ECB77B9303FFFFFFFFFFFC7FFF00035C16196242B71340B673D8
0D8020247AD084292A0D504C1672DEB76B9237BFFFFFFFFFFC7FFF00035516196242B71340B693F0
0D7FA1247A258429890D4FCD16727FB75B913C3FFFFFFFFFFC8FFF00035E16196242B71340B68308
0D7F2D2479878429EC0D4F5A16722DB74B9103FFFFFFFFFFFC8FFF00035C16196242B71340B67320
0D7F0824795D842A600D4F31167211B73B9003FFFFFFFFFFFC8FFF00035216196242B71340B67338
0D7EDE24792E842ACF0D4F081671F9B72B9003FFFFFFFFFFFC8FFF00035A16196242B71340B67350
0D7EBB247906842B340D4EE71671E1B71B8F040FFFFFFFFFFC8FFF00035A16196242B71340B67368
0D7E832478BE842B980D4EB31671BEB71B8F042FFFFFFFFFFC7FFF00035416196242B71340B67380
0D7E55247887842BFB0D4E8216719DB71B8F316FFFFFFFFFFC6FFF00035716196242B71340B67398
0D7E13247830842C610D4E41167170B72B8F03BFFFFFFFFFFC8FFF00035F16196242B71340B673B0
0D7DE42477F8842CC80D4E13167153B72B8E03FFFFFFFFFFFC7FFF00035C16196242B71340B673C8
0D7DB72477C4842D360D4DE7167137B73B8E03FFFFFFFFFFFC6FFF00034B16196242B71340B673E0
0D7D5224773E842DAD0D4D811670EEB73B8E03FFFFFFFFFFFC6FFF00035416196242B71340B673F8
0D7CAA24765F842E190D4CDD167075B73B8E56BFFFFFFFFFFC8FFF00035916196242B71340B67310
0D7B53247483842E6F0D4B79166F69B72B8E557FFFFFFFFFFC9FFF00035B16196242B71340B67328
0D7AC62473B9842ECC0D4B03166F10B71B8E03FFFFFFFFFFFC8FFF00035616196242B71340B67340
0D79F7247296842F380D4A3C166E77B71B8D03FFFFFFFFFFFC8FFF00035C16196242B71340B67358
0D79712471E1842FA60D49B1166E0FB70B8D041FFFFFFFFFFC8FFF00035716196242B71340B67370
0D78A72470CC8430120D48ED166D7EB70B8C048FFFFFFFFFFC8FFF00035916196242B71340B66388
0D78502470538430800D488E166D37B6FB8B050FFFFFFFFFFC8FFF00034616196342B71340B663A0
0D77EB246FCB8430EF0D482E166CF1B6EB8B03FFFFFFFFFFFC8FFF00035716196342B71340B673B8
0D77BB246F908431560D47FE166CD0B6EB8A03FFFFFFFFFFFC8FFF00035B16196342B71340B653D0
0D7768246F188431B20D47AB166C90B6DB8903FFFFFFFFFFFC8FFF00035E16196342B71340B653E8
0D7704246E9284320C0D474C166C49B6BB890C3FFFFFFFFFFC9FFF00035D16196342B71340B65300
0D76DE246E618432730D4724166C2FB6AB88BAFFFFFFFFFFFC9FFF00035C16196342B71340B65318
0D76AE246E288432EB0D46F4166C11B69B87038FFFFFFFFFFC7FFF00035A16196342B71340B65330
0D7677246DE68433670D46BE166BEEB69B87185FFFFFFFFFFC8FFF00035816196342B71340B65348
0D764C246DB48433CC0D4694166BD2B69B871DCFFFFFFFFFFC8FFF00034716196342B71340B65360
0D761D246D778434270D4667166BB3B69B8603FFFFFFFFFFFC8FFF00035816196342B71340B65378
0D75FB246D4F8434870D4644166B9DB68B85323FFFFFFFFFFC7FFF00034A16196342B71340B65390
0D75DE246D348434EE0D4625166B8BB68B85385FFFFFFFFFFC7FFF00035C16196342B71340B653A8
0D75C3246D1884355D0D460C166B7FB68B8503FFFFFFFFFFFC7FFF00035C16196342B71340B653C0
0D7590246CDD8435CE0D45DB166B5DB69B85273FFFFFFFFFFC7FFF00035216196342B71340B653D8
0D7575246CBB8436350D45BD166B4BB68B8503FFFFFFFFFFFC7FFF00035816196342B71340B653F0
0D754A246C8784369A0D4591166B2FB68B8503FFFFFFFFFFFC8FFF00035216196342B71340B65308
0D74FD246C258437050D454B166AFCB68B85347FFFFFFFFFFC8FFF00035616196342B71340B65320
0D74CC246BE18437700D451B166ADAB69B8403FFFFFFFFFFFC9FFF00035B16196342B71340B65338
0D7463246B5B8437D10D44B3166A8DB68B8403FFFFFFFFFFFC9FFF00035B16196342B71340B63350
0D73DC246AA28438360D442F166A2DB68B84449FFFFFFFFFFC7FFF00035A16196342B71340B63368
0D7367246A048438A30D43BC1669DBB68B8403FFFFFFFFFFFC7FFF00035016196342B71340B63380
0D72ED2469648439120D434E16698BB67B8403FFFFFFFFFFFC8FFF00034E16196342B71340B63398
0D728A2468E084397B0D42D9166936B67B83687FFFFFFFFFFC8FFF00035716196342B71340B633B0
0D723C2468798439E20D428F166901B66B8203FFFFFFFFFFFC8FFF00035116196342B71340B633C8
0D721824684B843A4B0D426F1668ECB65B82040FFFFFFFFFFC9FFF00035A16196342B71340B633E0
0D71DF246807843AB00D42311668C1B64B8268AFFFFFFFFFFC8FFF00035016196342B71340B633F8
0D71AC2467C8843B190D42011668A4B63B81042FFFFFFFFFFC8FFF00034E16196342B71340B63310
0D715724675A843B860D41AD166865B63B80041FFFFFFFFFFC8FFF00035716196342B71340B63328
0D710A2466F5843BEB0D4164166834B63B8078EFFFFFFFFFFC8FFF00034716196342B71340B63340
0D70DC2466BA843C530D4136166815B63B8003FFFFFFFFFFFC8FFF00035016196342B71340B63358
0D706F246628843CBF0D40C61667C4B63B810BCFFFFFFFFFFC8FFF00035916196342B71340B63370
0D701C2465C0843D270D407816678CB63B80A7DFFFFFFFFFFC8FFF00035816196342B71340B63388
0D6FBD246542843D8B0D401D16674CB62B8003FFFFFFFFFFFC8FFF00035716196342B71340B633A0
0D6F632464CD843DF70D3FC416670DB61B7F1C2FFFFFFFFFFC7FFF00035516196342B71340B633B8
0D6F07246456843E670D3F681666CCB61B7FB96FFFFFFFFFFC7FFF00034E16196342B71340B633D0
0D6EB52463E9843EC90D3F18166693B60B7E03FFFFFFFFFFFC8FFF00035416196342B71340B613E8
0D6E852463AD843F290D3EE8166672B60B7D32FFFFFFFFFFFC8FFF00035516196442B71340B62300
0D6E5C24637E843F960D3EBF166659B5FB7D13DFFFFFFFFFFC8FFF00035916196442B71340B61318
0D6E3F2463608440030D3EA4166649B5FB7D03FFFFFFFFFFFC8FFF00035716196442B71340B61330
0D6E1B2463378440680D3E80166634B5FB7D61DFFFFFFFFFFC8FFF00034D16196442B71340B61348
0D6E122463378440D30D3E74166631B5FB7C20EFFFFFFFFFFC7FFF00035516196442B71340B61360
0D6DCE2462E08441440D3E33166605B5FB7D05DFFFFFFFFFFC7FFF00035616196442B71340B61378
0D6D7724626F8441AD0D3DD81665C4B60B7D9E7FFFFFFFFFFC8FFF00035116196442B71340B61390
0D6D4524623284420A0D3DAA1665A5B5FB7D2C2FFFFFFFFFFC7FFF00035B16196442B71340B613A8
0D6D172461F88442680D3D8616658FB5FB7C078FFFFFFFFFFC7FFF00035816196442B71340B613C0
0D6CBF2461858442CE0D3D2616654BB5EB7CA94FFFFFFFFFFC8FFF00034C16196442B71340B613D8
0D6BE62460688443460D3C551664B5B5EB7C2CCFFFFFFFFFFC8FFF00035416196442B71340B613F0
0D6ADF245F058443C70D3B501663F6B5EB7C073FFFFFFFFFFC8FFF00035616196442B71340B61308
0D6A76245E8084442D0D3AE81663ACB5EB7C225FFFFFFFFFFC8FFF00035016196442B71340B61320
0D6A40245E388444790D3AB2166385B5EB7C03FFFFFFFFFFFC8FFF00035816196442B71340B61338
0D69C7245D948444D20D3A3816632DB5EB7C14DFFFFFFFFFFC8FFF00035616196442B71340B61350
0D696B245D1B8445440D39DE1662EEB5EB7C58CFFFFFFFFFFC8FFF00034416196442B71340B61368
0D693B245CE28445C20D39B01662CFB5EB7C03FFFFFFFFFFFC8FFF00035416196442B71340B60380
0D6919245CBB8446320D398F1662BAB5DB7B166FFFFFFFFFFC9FFF00035716196442B71340B60398
0D68F9245C9784468E0D39701662A5B5CB7B5D5FFFFFFFFFFC8FFF00035816196442B71340B613B0
0D68D9245C728446EA0D3951166292B5CB7B21AFFFFFFFFFFC8FFF00034E16196442B71340B603C8
0D68AF245C3F8447520D3921166273B5CB7A75FFFFFFFFFFFC8FFF00035516196442B71340B603E0
0D687E245C058447C80D38F4166258B5CB7A03FFFFFFFFFFFC8FFF00035316196442B71340B603F8
0D67D0245B178448340D38551661E3B5CB7A3F1FFFFFFFFFFC7FFF00035516196442B71340B61310
0D674A245A678448940D37C716617BB5CB7A03BFFFFFFFFFFC8FFF00035516196442B71340B5F328
0D6700245A048448FE0D377C166146B5BB7A03FFFFFFFFFFFC7FFF00035616196442B71340B5F340
0D66C22459B884496B0D373F16611BB5BB7969BFFFFFFFFFFC7FFF00034816196442B71340B5F358
0D669B2459868449CE0D3718166102B5BB7903FFFFFFFFFFFC8FFF00035616196442B71340B5F370
0D6642245914844A310D36C31660C5B5AB79040FFFFFFFFFFC9FFF00034D16196442B71340B5F388
0D65F72458B3844A9D0D367A166093B5AB797FFFFFFFFFFFFC8FFF00035416196442B71340B5F3A0
0D65BB245868844B0D0D363A166068B59B7903EFFFFFFFFFFC8FFF00035516196442B71340B5F3B8
0D6599245840844B790D3619166054B5AB798F8FFFFFFFFFFC8FFF00034C16196442B71340B5F3D0
0D652A2457AF844BDC0D35AD166004B5AB78039FFFFFFFFFFC7FFF00034C16196442B71340B5F3E8
0D64F3245767844C3D0D3576165FE0B5AB780D7FFFFFFFFFFC7FFF00035416196442B71340B5F300
0D649E2456FA844CA50D3522165FA5B59B77C17FFFFFFFFFFC7FFF00034D16196442B71340B5F318
0D64602456AE844D150D34E5165F7CB58B76039FFFFFFFFFFC8FFF00035616196442B71340B5F330
0D644A245699844D800D34CE165F6FB59B761B5FFFFFFFFFFC9FFF00035616196542B71340B5F348
0D6440245692844DE00D34C3165F6DB59B76231FFFFFFFFFFC9FFF00035416196542B71340B5D360
0D643B245699844E490D34BF165F6DB59B7603FFFFFFFFFFFC7FFF00034A16196542B71340B5D378
0D642E24568F844EB70D34B3165F6BB59B76317FFFFFFFFFFC6FFF00035116196542B71340B5D390
0D6422245688844F1E0D34A6165F66B58B763A0FFFFFFFFFFC7FFF00035316196542B71340B5D3A8
0D6410245678844F7D0D3497165F5FB58B76042FFFFFFFFFFC7FFF00034D16196542B71340B5D3C0
0D63F824565E844FDF0D347C165F4FB58B764DCFFFFFFFFFFC8FFF00035716196542B71340B5D3D8
0D63D42456358450440D3451165F34B58B76525FFFFFFFFFFC7FFF00035616196542B71340B5D3F0
0D63A72456048450AE0D3432165F21B58B7603FFFFFFFFFFFC8FFF00034216196542B71340B5D308
0D634524558084511B0D33D1165EDCB57B76455FFFFFFFFFFC8FFF00035116196542B71340B5D320
0D62AA2454B48451870D3339165E6FB56B7603FFFFFFFFFFFC7FFF00035216196542B71340B5D338
0D626624545B8451EA0D32F2165E3CB57B7603FFFFFFFFFFFC7FFF00035416196542B71340B5D350
0D62272454068452460D32B3165E11B57B76484FFFFFFFFFFC7FFF00035516196542B71340B5D368
0D61E02453AC8452A90D326D165DE0B56B7503FFFFFFFFFFFC7FFF00034E16196542B71340B5D380
0D61842453398453170D3212165DA1B56B7503FFFFFFFFFFFC7FFF00035016196542B71340B5D398
0D61152452A28453840D31A7165D51B56B7570CFFFFFFFFFFC7FFF00035116196542B71340B5D3B0
0D60942451FB8453EE0D3124165CF6B55B7503FFFFFFFFFFFC7FFF00035316196542B71340B5D3C8
0D60812451E984544D0D3114165CEEB54B7403FFFFFFFFFFFC8FFF00034C16196542B71340B5B3E0
0D600C24514E8454A90D30A2165C9AB54B74845FFFFFFFFFFC8FFF00035416196542B71340B5D3F8
0D5FD12451098455120D3064165C73B54B7303FFFFFFFFFFFC8FFF00035216196542B71340B5B310
0D5FAC2450DD84557F0D3041165C5EB53B73041FFFFFFFFFFC8FFF00035216196542B71340B5B328
0D5F7F2450A28455EA0D301A165C44B54B7303FFFFFFFFFFFC8FFF00034A16196542B71340B5B340
0D5F562450798456540D2FEB165C27B54B7203FFFFFFFFFFFC8FFF00035216196542B71340B5B358
0D5F2C2450438456B40D2FC1165C0AB54B7103FFFFFFFFFFFC8FFF00034B16196542B71340B5B370
0D5EF72450018457150D2F8E165BE9B54B7103FFFFFFFFFFFC8FFF00035216196542B71340B5B388
0D5ECD244FD384577D0D2F65165BD0B54B71B7CFFFFFFFFFFC8FFF00035316196542B71340B5B3A0
0D5EA1244F9D8457E30D2F39165BB2B54B7103AFFFFFFFFFFC8FFF00034B16196542B71340B5B3B8
0D5E49244F2A8458490D2EE3165B76B54B7103FFFFFFFFFFFC7FFF00035116196542B71340B5B3D0
0D5D84244E1C8458B30D2E1F165AE2B54B7103FFFFFFFFFFFC8FFF00034916196542B71340B5B3E8
0D5D03244D7384591E0D2DA7165A8DB53B7103FFFFFFFFFFFC8FFF00035016196542B71340B5B300
0D5C44244C658459820D2CEE1659FFB53B7103FFFFFFFFFFFC9FFF00034016196542B71340B5B318
0D5BCF244BCA8459EA0D2C741659A7B52B7114BFFFFFFFFFFC8FFF00035216196542B71340B5B330
0D5B9A244B83845A500D2C3816597FB52B705C9FFFFFFFFFFC8FFF00034B16196642B71340B5B348
0D5B87244B72845AAF0D2C27165973B51B6F03FFFFFFFFFFFC9FFF00035216196642B71340B59360
0D5B30244AFE845B110D2BCB165931B50B6F03FFFFFFFFFFFC7FFF00035216196642B71340B59378
0D5A98244A2F845B7F0D2B3E1658C9B4FB6E03FFFFFFFFFFFC8FFF00034916196642B71340B59390
0D59E7244943845BF10D2A9416584DB4FB6E03FFFFFFFFFFFC8FFF00035016196642B71340B593A8
0D59AE2448F4845C540D2A5316581FB4EB6E03FFFFFFFFFFFC8FFF00034F16196642B71340B593C0
0D5956244883845CB30D2A011657E5B4CB6C228FFFFFFFFFFC7FFF00034716196642B71340B593D8
0D5930244855845D1C0D29DD1657CEB4BB6C0F5FFFFFFFFFFC7FFF00035016196642B71340B593F0
0D590D244830845D840D29B51657B4B4AB6C041FFFFFFFFFFC9FFF00034916196642B71340B59308
0D58BE2447C3845DE60D296916577EB4BB6B041FFFFFFFFFFC9FFF00033E16196642B71340B59320
0D5889244785845E4C0D293516575BB4BB6B03FFFFFFFFFFFC8FFF00034E16196642B71340B59338
0D587D24477D845EB30D2929165757B4BB6A240FFFFFFFFFFC7FFF00034D16196642B71340B59350
0D5859244752845F1D0D2905165740B4BB6A837FFFFFFFFFFC6FFF00034C16196642B71340B59368
0D580E2446F6845F8B0D28BF165710B4BB6A03FFFFFFFFFFFC8FFF00034516196642B71340B59380
0D57E32446C1845FF00D28931656F3B4BB6A03FFFFFFFFFFFC8FFF00034E16196642B71340B59398
0D57C424469C8460500D28791656E4B4AB6903FFFFFFFFFFFC8FFF00034716196642B71340B593B0
0D57BB24469A8460B50D286A1656DDB4AB6903FFFFFFFFFFFC8FFF00034A16196642B71340B593C8
0D57B624469C84611A0D28651656DFB49B6903FFFFFFFFFFFC8FFF00034A16196642B71340B593E0
0D57BA2446AD8461850D286D1656ECB49B68461FFFFFFFFFFC8FFF00034A16196642B71340B573F8
0D578A2446728461F00D28371656C4B49B681B6FFFFFFFFFFC7FFF00033A16196642B71340B58310
0D57162445D98462550D27C7165674B49B6803FFFFFFFFFFFC7FFF00034B16196642B71340B57328
0D56982445308462B40D273916560BB49B6803FFFFFFFFFFFC8FFF00034C16196642B71340B57340
0D55C12444078463190D267416557BB49B6703FFFFFFFFFFFC8FFF00034B16196642B71340B57358
0D55AC2443F78463880D2664165574B48B6703FFFFFFFFFFFC8FFF00034216196642B71340B57370
0D55A72443F48463F50D265F165572B48B6603FFFFFFFFFFFC9FFF00034916196642B71340B57388
0D55922443DF8464570D264D16556AB47B661F7FFFFFFFFFFC9FFF00034116196642B71340B573A0
0D55942443EB8464B60D264F165570B47B6603FFFFFFFFFFFC8FFF00033516196642B71340B573B8
0D55912443F284651E0D264316556EB47B6603FFFFFFFFFFFC7FFF00034716196642B71340B573D0
0D55862443ED84658B0D2641165573B47B6603FFFFFFFFFFFC7FFF00034816196642B71340B573E8
0D558A2443FE8465F40D2641165576B47B66040FFFFFFFFFFC8FFF00034916196642B71340B57300
0D55792443F08466590D263116556FB47B666D9FFFFFFFFFFC8FFF00034A16196642B71340B57318
0D55532443C18466B50D260E16555AB47B65274FFFFFFFFFFC8FFF00034116196642B71340B55330
0D55502443CA8467150D25FD165551B46B6503FFFFFFFFFFFC8FFF00033D16196742B71340B55348
0D550924437084678C0D25D1165538B46B6503FFFFFFFFFFFC8FFF00033916196742B71340B55360
0D54F02443588468030D25AB165520B46B6503FFFFFFFFFFFC8FFF00034116196742B71340B55378
0D54E224434D8468610D25A016551AB46B6503FFFFFFFFFFFC8FFF00034316196742B71340B55390
0D54D32443428468B90D258F165513B46B6403FFFFFFFFFFFC8FFF00033D16196742B71340B553A8
0D54CE2443428469170D2588165513B46B654CDFFFFFFFFFFC8FFF00034616196742B71340B553C0
0D54C124434084697F0D257B16550FB46B6503FFFFFFFFFFFC8FFF00033C16196742B71340B553D8
0D54A324431F8469EF0D2561165501B46B6503FFFFFFFFFFFC8FFF00033816196742B71340B553F0
0D545A2442C3846A600D25111654CAB47B6503FFFFFFFFFFFC8FFF00033B16196742B71340B55308
0D540C24425D846AD20D24C0165492B46B6503FFFFFFFFFFFC7FFF00033616196742B71340B55320
0D538A2441B1846B340D2445165439B46B6503FFFFFFFFFFFC7FFF00033716196742B71340B55338
0D534824415D846B890D240916540EB46B65090FFFFFFFFFFC8FFF00033716196742B71340B55350
0D5326244131846BEB0D23E81653FBB45B650C3FFFFFFFFFFC8FFF00034016196742B71340B55368
0D52DD2440D5846C4D0D23A21653C8B45B65042FFFFFFFFFFC8FFF00033716196742B71340B55380
0D5287244068846CB40D234B16538DB45B65040FFFFFFFFFFC7FFF00033B16196742B71340B55398
0D528224406D846D2E0D234316538EB45B6503FFFFFFFFFFFC8FFF00033716196742B71340B553B0
0D5229243FF3846DA30D22E916534CB45B6403FFFFFFFFFFFC7FFF00033516196742B71340B553C8
0D5126243E97846E060D21ED165292B45B637F1FFFFFFFFFFC6FFF00033516196742B71340B533E0
0D50E7243E43846E600D21AF165264B44B6303FFFFFFFFFFFC8FFF00033716196742B71340B533F8
0D50D2243E2B846EBA0D219A165259B42B6203FFFFFFFFFFFC8FFF00033116196742B71340B53310
0D50B9243E0C846F1B0D2179165245B42B6203FFFFFFFFFFFC8FFF00033916196742B71340B53328
0D509E243DF6846F870D216316523BB42B6103FFFFFFFFFFFC8FFF00033616196742B71340B53340
0D5084243DD5846FFC0D214B16522DB41B6003FFFFFFFFFFFC7FFF00032B16196742B71340B53358
0D5034243D7684706C0D21021651FBB41B601B4FFFFFFFFFFC7FFF00032916196742B71340B53370
0D501C243D5A8470D00D20EB1651ECB41B60255FFFFFFFFFFC7FFF00033016196742B71340B53388
0D4F95243CA584712E0D2062165189B41B60041FFFFFFFFFFC7FFF00032A16196742B71340B533A0
0D4F14243BFA84718B0D1FE316512DB41B6003FFFFFFFFFFFC7FFF00033216196742B71440B533B8
0D4EBC243B838471F20D1F8A1650EFB41B6003FFFFFFFFFFFC8FFF00032B16196742B71440B533D0
0D4E87243B4384725D0D1F561650CCB41B6003FFFFFFFFFFFC8FFF00033316196742B71340B533E8
0D4E56243B0A8472C50D1F271650ADB41B5FB56FFFFFFFFFFC7FFF00033016196742B71340B53300
0D4E2F243ADD84732E0D1EFF165094B40B5F03FFFFFFFFFFFC8FFF00032716196742B71340B53318
0D4DF8243A9684739B0D1EC716506EB3FB5E03FFFFFFFFFFFC8FFF00032D16196742B71340B51330
0D4D5C2439C68474030D1E30164FFFB3FB5E03FFFFFFFFFFFC8FFF00032F16196742B71440B51348
0D4D122439658474630D1DE6164FCDB3FB5D03FFFFFFFFFFFC7FFF00032816196742B71440B51360
0D4D012439588474C50D1DD4164FC4B3FB5D03FFFFFFFFFFFC7FFF00032F16196742B71440B51378
0D4CEF24394684752D0D1DC2164FBBB3FB5D316FFFFFFFFFFC8FFF00032F16196842B71440B51390
0D4CCA24391C8475920D1D9E164FA3B3EB5D3DEFFFFFFFFFFC8FFF00031D16196842B71340B513A8
0D4CA12438EE8475F90D1D75164F89B3EB5C03FFFFFFFFFFFC8FFF00032C16196842B71340B513C0
0D4C4824387D8476690D1D20164F4DB3DB5C03FFFFFFFFFFFC8FFF00032C16196842B71440B513D8
0D4C092438288476D10D1CE1164F23B3DB5B03FFFFFFFFFFFC7FFF00032C16196842B71440B513F0
0D4BF52438188477300D1CCE164F19B3CB5B03FFFFFFFFFFFC8FFF00032916196842B71440B51308
0D4BCC2437E78477980D1CA4164EFDB3CB5B03FFFFFFFFFFFC7FFF00032416196842B71440B51320
0D4B6A2437688477FC0D1C43164EB8B3CB5B2B0FFFFFFFFFFC8FFF00032816196842B71440B51338
0D4B2B2437188478630D1C05164E90B3BB5B03EFFFFFFFFFFC8FFF00031E16196842B71440B51350
0D4ADE2436B58478D10D1BBB164E5AB3BB5A03FFFFFFFFFFFC7FFF00031716196842B71440B51368
0D4AB62436858479340D1B93164E42B3BB5B03FFFFFFFFFFFC7FFF00032716196842B71440B51380
0D4A9E24366C8479930D1B7B164E34B3AB5B03FFFFFFFFFFFC8FFF00032516196842B71440B50398
0D4A6E243634847A000D1B4E164E17B3AB5A4B8FFFFFFFFFFC8FFF00032216196842B71440B513B0
0D4A5A24361D847A710D1B3F164E11B3AB5A56FFFFFFFFFFFC8FFF00031F16196842B71440B503C8
0D4A3D243602847AD70D1B1B164DFAB3BB5903FFFFFFFFFFFC8FFF00031E16196842B71440B513E0
0D4A2A2435F3847B330D1B0B164DF2B3BB5903FFFFFFFFFFFC8FFF00031516196842B71440B4F3F8
0D4A102435D4847B920D1AF1164DE4B3BB5903FFFFFFFFFFFC9FFF00031416196842B71440B4F310
0D49DC243594847BF90D1AB8164DC1B3BB5903FFFFFFFFFFFC9FFF00031A16196842B71440B4F328
0D49A5243553847C6C0D1A85164D9DB3AB5903FFFFFFFFFFFC7FFF00031816196842B71440B4F340
0D49602434FD847CDA0D1A42164D70B3BB59582FFFFFFFFFFC6FFF00030616196842B71440B4F358
0D48DA243447847D3B0D19C3164D14B3BB59040FFFFFFFFFFC7FFF00031016196842B71440B4F370
0D4809243329847D9D0D18EF164C78B3AB5803FFFFFFFFFFFC7FFF00031016196842B71440B4F388
0D4755243237847E040D183F164BF3B39B5803FFFFFFFFFFFC7FFF00030616196842B71440B4F3A0
0D47012431C7847E680D17EB164BB9B38B5803FFFFFFFFFFFC8FFF00030D16196842B71440B4D3B8
0D46BC24316B847ECE0D17A6164B86B37B5703FFFFFFFFFFFC8FFF00030C16196842B71440B4F3D0
0D46502430DE847F390D173A164B39B36B57051FFFFFFFFFFC8FFF00030316196842B71440B4D3E8
0D460424307B847F9F0D16F0164B05B35B5619DFFFFFFFFFFC9FFF00030916196842B71440B4D300
0D457E242FC88480030D166D164AA6B35B5603FFFFFFFFFFFC8FFF00030816196842B71440B4D318
0D44FB242F1A84806B0D15E6164A44B35B5503FFFFFFFFFFFC8FFF00030616196842B71440B4D330
0D44EB242F0B8480D30D15DA164A3FB34B5503FFFFFFFFFFFC8FFF0002FC16196842B71440B4D348
0D44B1242EBE84813E0D15A4164A1AB34B5403FFFFFFFFFFFC8FFF00030416196842B71440B4D360
0D4457242E498481A90D154F1649DEB34B548ABFFFFFFFFFFC8FFF0002FC16196842B71440B4D378
0D4415242DF48482080D15091649ACB35B54044FFFFFFFFFFC8FFF0002FE16196842B71440B4D390
0D43E9242DBD8482620D14DB16498CB35B5303FFFFFFFFFFFC8FFF00030416196842B71440B4D3A8
0D4327242CB78482CC0D141D164901B33B5203FFFFFFFFFFFC7FFF00030416196842B71440B4D3C0
0D4306242C9284833F0D13FC1648EFB33B5203FFFFFFFFFFFC7FFF00030116196842B71440B4D3D8
0D4306242C998483AD0D13FA1648F0B33B5103FFFFFFFFFFFC8FFF00030116196842B71440B4D3F0
0D42FE242C968484100D13F51648F1B31B500A8FFFFFFFFFFC8FFF00030516196942B71440B4D308
0D42E7242C8384846F0D13D11648DCB31B50406FFFFFFFFFFC8FFF00030516196942B71440B4D320
0D42CB242C618484CF0D13C91648DAB30B4F03FFFFFFFFFFFC7FFF0002FD16196942B71440B4D338
0D42BF242C5F8485380D13BC1648D7B30B4F03FFFFFFFFFFFC8FFF00030516196942B71440B4D350
0D42C7242C718485A50D13B81648DAB30B4F03FFFFFFFFFFFC8FFF00030216196942B71440B4B368
0D42C2242C7584860E0D13B71648DDB2FB4F03FFFFFFFFFFFC7FFF00030D16196942B71440B4B380
0D42AF242C6484866E0D13A91648D8B2FB5003FFFFFFFFFFFC8FFF00030D16196942B71440B4C398
0D4284242C318486D20D137F1648BDB2EB4F094FFFFFFFFFFC9FFF00030116196942B71440B4B3B0
0D4254242BF884873F0D134B16489AB2EB4F065FFFFFFFFFFC8FFF00030416196942B71440B4B3C8
0D423C242BE58487AB0D1335164890B2EB4F03FFFFFFFFFFFC8FFF00030B16196942B71440B4B3E0
0D421B242BBD8488150D131416487CB2EB4F03FFFFFFFFFFFC8FFF00030E16196942B71440B4B3F8
0D41EF242B8A8488790D12E916485EB2EB4F041FFFFFFFFFFC8FFF00031116196942B71440B4B310
0D419E242B208488D40D129A164827B2EB4F14DFFFFFFFFFFC7FFF00030B16196942B71440B4B328
0D4122242A768489360D121E1647CBB2EB4F670FFFFFFFFFFC7FFF00031316196942B71440B4B340
0D404424294B8489A50D114116472BB2EB4F03FFFFFFFFFFFC8FFF00031416196942B71440B4B358
0D3FBF242896848A140D10C51646D0B2DB4F03FFFFFFFFFFFC8FFF00031516196942B71440B4B370
0D3F6124281B848A7C0D106B16468DB2DB4F03FFFFFFFFFFFC7FFF00031616196942B71440B49388
0D3EEB24277C848ADF0D0FF0164636B2CB4E03FFFFFFFFFFFC9FFF00031616196942B71440B493A0
0D3EB924273F848B490D0FBD164614B2BB4E03FFFFFFFFFFFC9FFF00031716196942B71440B493B8
0D3E97242714848BAD0D0F9C1645FDB2BB4D275FFFFFFFFFFC8FFF00031116196942B71440B493D0
0D3E1B24266F848C0A0D0F261645A8B2BB4C12BFFFFFFFFFFC8FFF00031716196942B71440B493E8
0D3D6C242582848C720D0E7B164529B2BB4B03FFFFFFFFFFFC8FFF00031216196942B71440B49300
0D3D31242536848CE10D0E361644FAB2AB4B03FFFFFFFFFFFC7FFF00031B16196942B71440B49318
0D3D15242518848D4C0D0E1A1644E9B28B4A03FFFFFFFFFFFC7FFF00031C16196942B71440B49330
0D3D10242517848DA80D0E171644ECB27B4A236FFFFFFFFFFC8FFF00031A16196942B71440B49348
0D3CF52424FD848E0B0D0DFD1644DDB26B498E1FFFFFFFFFFC7FFF00031916196942B71440B49360
0D3CEC2424FC848E830D0DF81644DEB26B4803FFFFFFFFFFFC7FFF00031916196942B71440B49378
0D3CCC2424D5848EEE0D0DE01644D0B26B4803FFFFFFFFFFFC8FFF00031A16196942B71440B49390
0D3CA62424A7848F420D0DB91644B8B25B4803FFFFFFFFFFFC6FFF00031416196942B71440B493A8
0D3C6D242460848FA30D0D8E16449AB26B4703FFFFFFFFFFFC9FFF00031D16196942B71440B493C0
0D3C032423D48490110D0D13164443B26B47059FFFFFFFFFFC7FFF00031C16196942B71440B493D8
0D3BEB2423C28490800D0CFA164435B26B4703FFFFFFFFFFFC8FFF00031516196942B71440B493F0
0D3BE02423B98490E70D0CE716442CB25B4603FFFFFFFFFFFC8FFF00031C16196942B71440B48308
0D3B9E24236784914A0D0CB616440BB25B46041FFFFFFFFFFC7FFF00031216196942B71440B49320
0D3B6224231C8491B30D0C711643DBB25B4603FFFFFFFFFFFC8FFF00031316196942B71440B48338
0D3B152422B784921C0D0C231643A5B26B46561FFFFFFFFFFC8FFF00031C16196942B71440B47350
0D3AAD24222B84927F0D0BC116435FB25B46239FFFFFFFFFFC8FFF00031E16196942B71440B48368
0D3A932422138492E30D0BA8164351B25B4503FFFFFFFFFFFC8FFF00032016196A42B71440B47380
0D3A9324221D8493440D0BA2164351B24B4503FFFFFFFFFFFC7FFF00031F16196A42B71440B47398
0D3A892422158493A70D0B9C164352B24B4403FFFFFFFFFFFC7FFF00031516196A42B71440B473B0
0D3A492421C98494180D0B5C164326B23B4403FFFFFFFFFFFC8FFF00031C16196A42B71440B473C8
0D3A1224218684948A0D0B24164301B22B4303FFFFFFFFFFFC8FFF00031C16196A42B71440B473E0
0D39FA24216B8494E90D0B0B1642F3B22B43349FFFFFFFFFFC9FFF00031416196A42B71440B473F8
0D39F12421678495460D0B0B1642F9B22B4203FFFFFFFFFFFC8FFF00031E16196A42B71440B45310
0D39CA24213D8495AD0D0AE21642DDB21B43040FFFFFFFFFFC8FFF00032016196A42B71440B45328
0D39922420F38496080D0AA91642B5B21B43041FFFFFFFFFFC8FFF00031016196A42B71440B45340
0D395D2420B28496670D0A74164291B22B4303FFFFFFFFFFFC8FFF00031E16196A42B71440B45358
0D39422420998496D90D0A5A164285B22B437E0FFFFFFFFFFC8FFF00031316196A42B71440B45370
0D393124208D8497470D0A4816427DB22B43307FFFFFFFFFFC8FFF00031B16196A42B71440B45388
0D392F2420958497AC0D0A46164281B22B4303FFFFFFFFFFFC8FFF00031416196A42B71440B453A0
0D392924209684980D0D0A3E16427FB22B4203FFFFFFFFFFFC7FFF00031D16196A42B71440B453B8
0D39162420848498630D0A2E164279B22B4203FFFFFFFFFFFC7FFF00031E16196A42B71440B453D0
0D390224206F8498C20D0A1A16426FB22B42046FFFFFFFFFFC7FFF00031C16196A42B71440B453E8
0D38E82420568499320D0A0016425FB22B4104CFFFFFFFFFFC8FFF00030B16196A42B71440B45300
0D38D02420428499A70D09E7164255B21B4103FFFFFFFFFFFC8FFF00031916196A42B71440B45318
0D38AC242015849A0C0D09C516423EB21B4203FFFFFFFFFFFC8FFF00031B16196A42B71440B45330
0D3896242002849A610D09B0164232B21B4103FFFFFFFFFFFC8FFF00031B16196A42B71440B45348
0D385E241FBA849ABB0D097B16420FB21B4103FFFFFFFFFFFC8FFF00031B16196A42B71440B45360
0D37EC241F27849B270D09091641BEB20B41749FFFFFFFFFFC7FFF00031216196A42B71440B45378
0D377B241E93849B9C0D089D164172B21B4103FFFFFFFFFFFC8FFF00031A16196A42B71440B44390
0D372A241E2B849C050D084B164138B21B4103FFFFFFFFFFFC8FFF00031A16196A42B71440B443A8
0D3713241E0F849C5E0D0833164128B21B4103FFFFFFFFFFFC7FFF00031116196A42B71440B443C0
0D36F4241DEC849CBD0D0812164115B21B4003FFFFFFFFFFFC8FFF00031216196A42B71440B433D8
0D36D2241DC8849D240D07EC1640FCB21B4003FFFFFFFFFFFC8FFF00031B16196A42B71440B433F0
0D3684241D65849D890D07A71640CDB20B40162FFFFFFFFFFC8FFF00031A16196A42B71440B43308
0D363C241D06849DEE0D076016409EB20B3F218FFFFFFFFFFC8FFF00031216196A42B71440B43320
0D362E241CFB849E590D0751164095B1FB3F03FFFFFFFFFFFC8FFF00031716196A42B71440B43338
0D35CF241C81849EC30D06F2164052B1FB3F03FFFFFFFFFFFC5FFF00031516196A42B71440B43350
0D357D241C19849F290D06A416401CB1EB3F03FFFFFFFFFFFC7FFF00031416196A42B71440B43368
0D356A241C06849F830D068E16400FB1DB3F03FFFFFFFFFFFC8FFF00031416196A42B71440B43380
0D3562241C03849FDD0D068616400EB1DB3FAB0FFFFFFFFFFC8FFF00031A16196A42B71440B43398
0D3553241BF984A0470D067B16400CB1CB3E03FFFFFFFFFFFC7FFF00031916196A42B71440B433B0
0D3537241BDC84A0BC0D065C163FFBB1BB3E03FFFFFFFFFFFC7FFF00031216196A42B71440B413C8
0D3511241BB384A1280D0636163FE2B1BB3E03FFFFFFFFFFFC7FFF00030C16196A42B71440B413E0
0D34FD241B9E84A17F0D0625163FD9B1BB3E03FFFFFFFFFFFC8FFF00031E16196A42B71440B413F8
0D34F2241B9384A1D80D0618163FD6B1BB3D054FFFFFFFFFFC8FFF00031F16196B42B71440B41310
0D34BB241B5584A2460D05E3163FB3B1CB3D03FFFFFFFFFFFC8FFF00031D16196B42B71440B41328
0D3472241AF684A2B10D059C163F80B1CB3D03FFFFFFFFFFFC8FFF00031316196B42B71440B41340
0D33E1241A3384A3150D050D163F17B1CB3D03FFFFFFFFFFFC8FFF00031816196B42B71440B41358
0D332324193284A37E0D0453163E8DB1DB3D03FFFFFFFFFFFC8FFF00031B16196B42B71440B41370
0D32BA2418A984A3E10D03EB163E42B1CB3D33DFFFFFFFFFFC8FFF00031716196B42B71440B41388
0D329224187484A43C0D03C4163E29B1BB3C45AFFFFFFFFFFC8FFF00031916196B42B71440B413A0
0D328024186584A4990D03B2163E21B1AB3C03FFFFFFFFFFFC7FFF00032016196B42B71440B413B8
0D325224182C84A5040D0382163E02B1AB3B03FFFFFFFFFFFC6FFF00031D16196B42B71440B413D0
0D32292417FF84A5740D035A163DEAB1AB3B03FFFFFFFFFFFC7FFF00031916196B42B71440B403E8
0D32052417D584A5DC0D0334163DD1B19B3A03FFFFFFFFFFFC8FFF00030F16196B42B71440B41300
0D31AB24175E84A6430D02DF163D94B19B3A03FFFFFFFFFFFC6FFF00031916196B42B71440B41318
0D315B2416F884A6A90D028E163D5DB19B3A342FFFFFFFFFFC6FFF00031416196B42B71440B3F330
0D31472416E484A7050D027D163D52B19B39045FFFFFFFFFFC8FFF00031C16196B42B71440B41348
0D31272416C184A7580D025A163D3AB18B3903FFFFFFFFFFFC8FFF00031A16196B42B71440B3F360
0D30742415C884A7BC0D01AC163CBBB17B3903FFFFFFFFFFFC7FFF00031916196B42B71440B3F378
0D2F5B24144984A8330D00A0163BF5B17B3903FFFFFFFFFFFC6FFF00030416196B42B71340B3F390
0D2EF62413C384A8A90D0031163BA8B16B384EAFFFFFFFFFFC7FFF00031216196B42B71340B3F3A8
0D2EF12413C684A9110D002E163BA8B16B37605FFFFFFFFFFC7FFF00031416196B42B71440B3F3C0
0D2ECE24139784A9680D0009163B8DB15B3703FFFFFFFFFFFC7FFF00031716196B42B71440B3F3D8
0D2E7124131F84A9BB0CFFAC163B4AB14B3603FFFFFFFFFFFC7FFF00031716196B42B71440B3F3F0
0D2DE224125B84AA1A0CFF1D163AE2B13B3603FFFFFFFFFFFC7FFF00031216196B42B71440B3F308
0D2D862411E784AA890CFEC5163AA5B12B3503FFFFFFFFFFFC6FFF00030616196B42B71340B3D320
0D2D522411A584AB010CFE92163A84B12B34054FFFFFFFFFFC7FFF00030816196B42B71340B3D338
0D2D3624118984AB6F0CFE76163A72B12B3403FFFFFFFFFFFC7FFF00030816196B42B71440B3D350
0D2D2624117684ABC60CFE6A163A6DB11B3303FFFFFFFFFFFC8FFF00030816196B42B71440B3D368
0D2D1D24117184AC210CFE5D163A65B10B3303FFFFFFFFFFFC8FFF0002FF16196B42B71440B3D380
0D2D0D24116584AC860CFE4A163A5FB0FB3203FFFFFFFFFFFC7FFF00030516196B42B71440B3D398
0D2D0124116084ACED0CFE43163A60B0FB32742FFFFFFFFFFC7FFF0002FD16196B42B71440B3D3B0
0D2CE724114584AD530CFE2C163A51B0FB31051FFFFFFFFFFC8FFF0002FE16196B42B71340B3D3C8
0D2CBB24111284ADB90CFDFF163A34B0FB3103FFFFFFFFFFFC8FFF0002FC16196B42B71340B3D3E0
0D2C892410D584AE210CFDCB163A12B0FB3103FFFFFFFFFFFC8FFF0002F016196B42B71340B3D3F8
0D2C5F2410A584AE8A0CFD901639EBB0FB3103FFFFFFFFFFFC8FFF0002F816196B42B71440B3D310
0D2C2424105984AEEF0CFD631639CEB0FB3103FFFFFFFFFFFC8FFF0002F816196B42B71440B3D328
0D2C0C24104184AF4D0CFD4F1639C1B10B3106AFFFFFFFFFFC8FFF0002EE16196C42B71440B3D340
0D2BE824101784AFAC0CFD2F1639AEB0FB30323FFFFFFFFFFC8FFF0002EC16196C42B71340B3D358
0D2BD424100784B0150CFD191639A4B0EB3003FFFFFFFFFFFC8FFF0002EC16196C42B71340B3D370
0D2B71240F8184B0830CFCBC163962B0EB3003FFFFFFFFFFFC8FFF0002EB16196C42B71340B3C388
0D2AD5240EB384B0EA0CFC1D1638EEB0FB3003FFFFFFFFFFFC8FFF0002EA16196C42B71340B3C3A0
0D2A59240E0C84B14E0CFBA3163895B0EB2F03FFFFFFFFFFFC9FFF0002E916196C42B71340B3C3B8
0D2A15240DB484B1AC0CFB5F163866B0EB2FAA8FFFFFFFFFFC9FFF0002E016196C42B71340B3C3D0
0D2A08240DA884B2050CFB54163862B0DB2F05CFFFFFFFFFFC8FFF0002E616196C42B71340B3B3E8
0D29F9240D9E84B2690CFB4716385DB0CB2E03FFFFFFFFFFFC8FFF0002E116196C42B71340B3B300
0D29E9240D9284B2DE0CFB34163855B0BB2E03FFFFFFFFFFFC7FFF0002D916196C42B71340B3B318
0D2961240CDC84B3510CFAAC1637F0B0AB2D17DFFFFFFFFFFC7FFF0002D716196C42B71340B3B330
0D28D8240C2984B3AF0CFA28163793B0AB2DB24FFFFFFFFFFC8FFF0002DA16196C42B71340B3B348
0D288C240BC184B4050CF9DD16375DB0AB2D03FFFFFFFFFFFC8FFF0002D916196C42B71340B3B360
0D2843240B6384B4640CF994163729B0AB2D186FFFFFFFFFFC8FFF0002D016196C42B71340B3B378
0D279E240A8984B4C90CF8F21636B4B09B2CB68FFFFFFFFFFC8FFF0002D416196C42B71340B3B390
0D2785240A6884B5350CF8D71636A5B08B2B03FFFFFFFFFFFC7FFF0002C816196C42B71340B3B3A8
0D27162409D684B5A60CF869163655B06B2A2D4FFFFFFFFFFC7FFF0002C416196C42B71340B393C0
0D26C924097684B6100CF820163622B05B2A16CFFFFFFFFFFC8FFF0002C916196C42B71340B393D8
0D26AF24095784B66D0CF806163610B05B2903FFFFFFFFFFFC7FFF0002C616196C42B71340B393F0
0D266A24090084B6CB0CF7C31635E3B05B282B1FFFFFFFFFFC8FFF0002BE16196C42B71340B39308
0D26442408D084B72E0CF79B1635C9B05B2815EFFFFFFFFFFC9FFF0002C416196C42B71340B39320
0D26382408C984B78C0CF7951635C9B04B2703FFFFFFFFFFFC7FFF0002C016196C42B71340B39338
0D26382408D384B7F10CF7901635CBB03B272D6FFFFFFFFFFC7FFF0002B316196C42B71340B39350
0D263B2408E084B8660CF7921635D3B03B2616FFFFFFFFFFFC7FFF0002B616196C42B71340B39368
0D26382408E884B8D80CF78F1635D7B03B2503FFFFFFFFFFFC7FFF0002B316196C42B71340B39380
0D25D124085E84B9360CF71F163584B03B2549CFFFFFFFFFFC8FFF0002B216196C42B71340B39398
0D252824077984B98D0CF677163506B03B25220FFFFFFFFFFC8FFF0002A816196C42B71340B393B0
0D24A92406CD84B9E90CF6101634BFB03B2403FFFFFFFFFFFC7FFF0002AB16196C42B71340B393C8
0D246F24068284BA540CF5D1163493B03B245F8FFFFFFFFFFC7FFF0002A616196C42B71340B383E0
0D245824066E84BAC40CF5B8163484B02B242A0FFFFFFFFFFC7FFF00029F16196C42B71340B383F8
0D244524065B84BB260CF5A3163477B02B2364FFFFFFFFFFFC9FFF00029C16196C42B71340B39310
0D243324064684BB8B0CF596163473B02B232BFFFFFFFFFFFC8FFF00029C16196C42B71340B38328
0D23F52405FC84BBF40CF553163443B02B236DCFFFFFFFFFFC9FFF00029816196C42B71340B38340
0D239D24058684BC530CF50216340AB02B232F0FFFFFFFFFFC8FFF00028B16196C42B71340B38358
0D239A24058D84BCB20CF4DE1633F4B02B23049FFFFFFFFFFC7FFF00028E16196C42B71340B37370
0D236024054584BD1A0CF4BC1633DFB01B238EFFFFFFFFFFFC7FFF00028B16196D42B71340B37388
0D22E92404A884BD840CF452163396B00B23338FFFFFFFFFFC8FFF00028016196D42B71340B373A0
0D22C124047984BDEB0CF429163379B00B23047FFFFFFFFFFC8FFF00027D16196D42B71340B373B8
0D22B624047384BE520CF41C163375B00B22950FFFFFFFFFFC8FFF00028216196D42B71340B353D0
0D22B324047684BEB30CF418163377B00B23368FFFFFFFFFFC7FFF00027516196D42B71340B353E8
0D22A924047484BF160CF40216336BB00B22053FFFFFFFFFFC7FFF00026F16196D42B71340B37300
0D227024042B84BF7D0CF3DD163354AFFB2226FFFFFFFFFFFC7FFF00027416196D42B71340B35318
0D226024042084BFE50CF3C0163344AFFB2203FFFFFFFFFFFCAFFF00026916196D42B71340B35330
0D22292403DF84C0470CF393163325AFFB21052FFFFFFFFFFC8FFF00026F16196D42B71340B35348
0D220C2403BD84C0A50CF375163316AFFB21A0CFFFFFFFFFFC8FFF00026D16196D42B71340B35360
0D22022403B884C10B0CF369163312AFEB21376FFFFFFFFFFC8FFF00026A16196D42B71340B35378
0D21C424036C84C1790CF3311632EDAFEB2109DFFFFFFFFFFC8FFF00026516196D42B71340B35390
0D214D2402D184C1E30CF2C61632A0AFDB204ADFFFFFFFFFFC8FFF00026116196D42B71340B353A8
0D211524028F84C2430CF280163270AFDB1F03FFFFFFFFFFFC8FFF00025D16196D42B71340B353C0
0D210124027C84C2A40CF26F163269AFDB1F255FFFFFFFFFFC8FFF00025A16196D42B71340B353D8
0D20E424025684C30A0CF250163255AFDB1F813FFFFFFFFFFC7FFF00025116196D42B71340B353F0
0D20D724025284C3740CF23F16324DAFCB1F03FFFFFFFFFFFC6FFF00025A16196D42B71340B35308
0D20AA24021A84C3D80CF213163232AFBB1E296FFFFFFFFFFC7FFF00025016196D42B71340B34320
0D203924018884C4350CF1A31631E1AFBB1E049FFFFFFFFFFC9FFF00025216196D42B71340B34338
0D201D24016784C49B0CF18A1631D2AFCB1E03FFFFFFFFFFFC6FFF00024E16196D42B71340B35350
0D1FD524010A84C50D0CF1431631A0AFCB1E438FFFFFFFFFFC8FFF00024D16196D42B71340B34368
0D1F6624007B84C5720CF0D016314DAFBB1E050FFFFFFFFFFC8FFF00024D16196D42B71340B34380
0D1F1424001184C5CE0CF084163119AFAB1D03FFFFFFFFFFFC7FFF00024C16196D42B71340B34398
0D1EEE23FFE084C6310CF05E163101AF9B1D8B6FFFFFFFFFFC7FFF00024516196D42B71340B333B0
0D1ED623FFC984C6990CF0441630F2AF8B1C063FFFFFFFFFFC7FFF00024716196D42B71340B333C8
0D1E9123FF6F84C6FE0CF0051630C7AF7B1C08BFFFFFFFFFFC7FFF00024816196D42B71340B333E0
0D1E5D23FF2C84C7610CEFCF1630A2AF8B1BA0CFFFFFFFFFFC7FFF00024716196D42B71340B333F8
0D1E3223FF0084C7CF0CEFA6163089AF7B1B068FFFFFFFFFFC8FFF00024716196D42B71340B33310
0D1E1E23FEEB84C83B0CEF9016307CAF7B1B0D4FFFFFFFFFFC8FFF00024716196D42B71340B32328
0D1E1223FEE484C8950CEF84163077AF6B1ABA2FFFFFFFFFFC8FFF00024816196D42B71340B33340
0D1DEF23FEBE84C8F40CEF60163062AF6B1906EFFFFFFFFFFC8FFF00024016196D42B71340B33358
0D1D9823FE4984C9620CEF0E163029AF5B190E1FFFFFFFFFFC8FFF00024916196D42B71340B31370
0D1D0223FD8184C9C80CEE7D162FBEAF5B19BABFFFFFFFFFFC7FFF00023B16196D42B71340B31388
0D1CE623FD6384CA1F0CEE63162FAEAF6B1906FFFFFFFFFFFC7FFF00024916196D42B71340B313A0
0D1CE423FD6984CA830CEE5D162FAFAF6B190E4FFFFFFFFFFC8FFF00024216196E42B71340B313B8
0D1CE123FD6D84CAF80CEE5B162FB4AF5B19BA2FFFFFFFFFFC8FFF00024C16196E42B71340B313D0
0D1CC823FD5484CB670CEE47162FAAAF5B18070FFFFFFFFFFC8FFF00024E16196E42B71340B313E8
0D1CBE23FD5284CBC30CEE36162FA2AF5B180D3FFFFFFFFFFC8FFF00023716196E42B71340B31300
0D1CA623FD3884CC210CEE1E162F95AF4B171EAFFFFFFFFFFC8FFF00025216196E42B71340B31318
0D1C9223FD2984CC850CEE0B162F8CAF3B17122FFFFFFFFFFC8FFF00024316196E42B71340B31330
0D1C7723FD0984CCE40CEDEF162F7CAF4B171E2FFFFFFFFFFC9FFF00025416196E42B71340B31348
0D1C3923FCB984CD4C0CEDB5162F55AF4B1703FFFFFFFFFFFC8FFF00025516196E42B71340B30360
0D1C0D23FC8984CDC30CED86162F37AF4B172AAFFFFFFFFFFC8FFF00025716196E42B71340B31378
0D1BDD23FC4E84CE2C0CED59162F19AF5B173FEFFFFFFFFFFC7FFF00025916196E42B71340B30390
0D1BC323FC3584CE810CED3F162F09AF4B1703FFFFFFFFFFFC8FFF00025B16196E42B71340B303A8
0D1B6123FBB084CEDF0CECDD162EC3AF4B1728FFFFFFFFFFFC8FFF00025D16196E42B71340B2F3C0
0D1B0323FB3A84CF460CEC81162E85AF4B163DEFFFFFFFFFFC8FFF00026016196E42B71340B2F3D8
0D1AF423FB2E84CFAD0CEC71162E7DAF4B1603FFFFFFFFFFFC7FFF00026216196E42B71340B2F3F0
0D1ADB23FB1284D01A0CEC58162E6FAF4B16367FFFFFFFFFFC7FFF00026316196E42B71340B2F308
0D1AA823FAD484D0890CEC26162E50AF3B164E0FFFFFFFFFFC7FFF00026416196E42B71340B2F320
0D1A5323FA6784D0EB0CEBD4162E15AF3B1503FFFFFFFFFFFC8FFF00025E16196E42B71340B2F338
0D1A2323FA2C84D1440CEBA4162DF4AF2B15413FFFFFFFFFFC8FFF00026716196E42B71340B2F350
0D19F523F9F784D1A60CEB76162DD6AF2B15581FFFFFFFFFFC7FFF00026116196E42B71340B2F368
0D19C523F9B784D2110CEB45162DB3AF1B1503FFFFFFFFFFFC7FFF00026C16196E42B71340B2D380
0D195D23F93284D2790CEADD162D6CAF2B14241FFFFFFFFFFC7FFF00026716196E42B71340B2E398
0D18F023F8A084D2E10CEA73162D1DAF2B1403FFFFFFFFFFFC8FFF00027016196E42B71340B2D3B0
0D188423F80E84D3410CEA0A162CD3AF2B1303FFFFFFFFFFFC6FFF00027116196E42B71340B2D3C8
0D17ED23F73F84D3A30CE977162C66AF1B136C7FFFFFFFFFFC6FFF00026E16196E42B71340B2D3E0
0D172C23F63D84D40D0CE8BC162BDFAEFB12662FFFFFFFFFFC8FFF00026D16196E42B71340B2D3F8
0D170623F61084D4730CE88F162BC1AEEB1103FFFFFFFFFFFC8FFF00026216196E42B71340B2D310
0D16FD23F60684D4DA0CE887162BC0AEDB113F8FFFFFFFFFFC8FFF00027316196E42B71340B2D328
0D16F823F60C84D5410CE885162BC1AEDB1003FFFFFFFFFFFC8FFF00026E16196E42B71340B2D340
0D16F423F60E84D5A20CE87F162BC1AECB0F03FFFFFFFFFFFC8FFF00027516196E42B71340B2D358
0D16EB23F60884D5FF0CE877162BC0AEBB0E03FFFFFFFFFFFC8FFF00027416196E42B71340B2D370
0D16EC23F61684D6630CE872162BC0AEAB0E03FFFFFFFFFFFC8FFF00026A16196E42B71340B2D388
0D16E823F61D84D6D40CE871162BC6AEAB0D03FFFFFFFFFFFC8FFF00027016196E42B71340B2C3A0
0D16E723F62384D7400CE872162BCEAEAB0D03FFFFFFFFFFFC8FFF00026E16196E42B71340B2D3B8
0D16E123F62784D79D0CE86D162BCFAEAB0C03FFFFFFFFFFFC7FFF00026816196F42B71340B2D3D0
0D16D523F62084D7FE0CE85E162BC8AEAB0C03FFFFFFFFFFFC9FFF00026816196F42B71340B2D3E8
0D16AE23F5F084D8660CE835162BAFAEAB0D503FFFFFFFFFFC8FFF00027016196F42B71340B2C300
0D165123F57C84D8C90CE7E7162B76AEAB0D03FFFFFFFFFFFC8FFF00027116196F42B71340B2C318
0D15DE23F4E184D9270CE76E162B1FAEBB0D042FFFFFFFFFFC6FFF00027116196F42B71340B2C330
0D158C23F47684D98E0CE71F162AE8AEBB0D046FFFFFFFFFFC7FFF00027116196F42B71340B2B348
0D155123F42B84D9F90CE6E1162ABEAEAB0D03FFFFFFFFFFFC7FFF00026916196F42B71340B2B360
0D14BB23F36184DA5B0CE652162A54AE9B0D03FFFFFFFFFFFC7FFF00026B16196F42B71340B2B378
0D149823F33A84DABB0CE62D162A3CAE8B0C03FFFFFFFFFFFC8FFF00026E16196F42B71340B2B390
0D146F23F30584DB1D0CE605162A21AE8B0C03FFFFFFFFFFFC8FFF00027816196F42B71340B2B3A8
0D142523F2A484DB7D0CE5BA1629EEAE9B0B70AFFFFFFFFFFC9FFF00027316196F42B71340B2B3C0
0D13C323F22584DBDF0CE55D1629ABAE8B0A03FFFFFFFFFFFC8FFF00027E16196F42B71340B2A3D8
0D137223F1BC84DC440CE50B162971AE8B0A03FFFFFFFFFFFC7FFF00028216196F42B71340B293F0
0D12F023F10A84DCA80CE48B162913AE8B0903FFFFFFFFFFFC7FFF00028616196F42B71340B29308
0D126123F04C84DD0B0CE3FE1628AFAE6B0903FFFFFFFFFFFC8FFF00028A16196F42B71340B29320
0D11F023EFB584DD730CE38E16285BAE6B0803FFFFFFFFFFFC7FFF00028516196F42B71340B29338
0D11AD23EF6084DDD80CE34916282DAE5B08135FFFFFFFFFFC7FFF00029116196F42B71340B29350
0D118623EF2E84DE340CE321162812AE4B07212FFFFFFFFFFC8FFF00028E16196F42B71340B29368
0D115923EEF784DE900CE2F61627F4AE3B0603FFFFFFFFFFFC8FFF00029416196F42B71340B29380
0D114423EEE484DEF50CE2E11627EAAE3B0603FFFFFFFFFFFC9FFF0002A216196F42B71340B29398
0D112823EEC284DF640CE2C61627DBAE2B0503FFFFFFFFFFFC9FFF0002A816196F42B71340B293B0
0D10F723EE8684DFC80CE2971627BCAE1B0503FFFFFFFFFFFC8FFF0002A516196F42B71340B293C8
0D10BC23EE3F84E0230CE25E162793AE1B0403FFFFFFFFFFFC7FFF0002B116196F42B71340B283E0
0D107123EDDD84E0830CE21116275CAE0B0403FFFFFFFFFFFC8FFF0002A816196F42B71340B293F8
0D103623ED9384E0ED0CE1D8162738AE0B0303FFFFFFFFFFFC9FFF0002B616196F42B71340B28310
0D101023ED6884E1520CE1B4162721ADFB0303FFFFFFFFFFFC8FFF0002BF16196F42B71340B28328
0D100323ED5D84E1AF0CE1A4162719ADFB0303FFFFFFFFFFFC6FFF0002C616196F42B71340B28340
0D0FEF23ED4B84E2150CE194162712ADEB0203FFFFFFFFFFFC7FFF0002C716196F42B71340B28358
0D0FC923ED1F84E27A0CE16D1626FAADEB0203FFFFFFFFFFFC8FFF0002D316196F42B71340B28370
0D0F9C23ECEA84E2D30CE1441626DDADEB0203FFFFFFFFFFFC7FFF0002D816196F42B71340B28388
0D0F2F23EC5284E3340CE0DA162690ADDB0103FFFFFFFFFFFC7FFF0002DA16196F42B71340B283A0
0D0E9D23EB9384E3A50CE046162627ADDB0103FFFFFFFFFFFC8FFF0002D416196F42B71340B273B8
0D0E8723EB7C84E4140CE02E16261BADCB0103FFFFFFFFFFFC8FFF0002E116196F42B71340B273D0
0D0E8523EB8284E4750CE02C16261BADCB0103FFFFFFFFFFFC8FFF0002E316197042B71340B273E8
0D0E5823EB4C84E4C80CE004162601ADBB0103FFFFFFFFFFFC9FFF0002EA16197042B71340B27300
0D0DEA23EAB784E51D0CDF951625AFADBB0003FFFFFFFFFFFC8FFF0002F816197042B71340B25318
0D0D4023E9CA84E5810CDEEE162534ADBAFF03FFFFFFFFFFFC8FFF0002F216197042B71340B25330
0D0C3B23E86484E5F40CDDED162473ADBAFF03FFFFFFFFFFFC8FFF0002F316197042B71340B25348
0D0B5523E72A84E6670CDD0A1623CBADAAFF03FFFFFFFFFFFC7FFF0002FE16197042B71340B25360
0D0AFD23E6B484E6C50CDCB216238CADAAFF03FFFFFFFFFFFC7FFF00030116197042B71340B25378
0D0AE623E69B84E7200CDC9A16237DAD9AFE03FFFFFFFFFFFC7FFF0002FE16197042B71340B25390
0D0AC523E67084E7810CDC7A162368AD8AFD03FFFFFFFFFFFC7FFF00030316197042B71340B253A8
0D0A9923E63A84E7D90CDC4F16234BAD7AFC03FFFFFFFFFFFC7FFF00030E16197042B71340B253C0
0D0A6D23E60884E83E0CDC2316232EAD5AFB03FFFFFFFFFFFC8FFF00031016197042B71340B253D8
0D0A4B23E5DF84E8B30CDC00162318AD4AFA03FFFFFFFFFFFC8FFF00031116197042B71340B243F0
0D097D23E4C884E9180CDB3B162288AD4AFA03FFFFFFFFFFFC7FFF00030916197042B71340B25308
0D090423E42384E96F0CDABF16222CAD5AF903FFFFFFFFFFFC7FFF00031116197042B71340B24320
0D08D223E3E484E9D20CDA8D162209AD4AF803FFFFFFFFFFFC8FFF00030E16197042B71340B24338
0D085223E33684EA370CDA0F1621ACAD3AF803FFFFFFFFFFFC7FFF00031516197042B71340B24350
0D07D723E28E84EA990CD996162156AD1AF703FFFFFFFFFFFC8FFF00031616197042B71340B24368
0D07C023E27684EB000CD97F162149AD0AF703FFFFFFFFFFFC9FFF00031716197042B71340B23380
0D07BA23E27884EB660CD979162148AD0AF603FFFFFFFFFFFC8FFF00031816197042B71340B23398
0D07B723E27B84EBC40CD97616214AAD0AF503FFFFFFFFFFFC7FFF00031716197042B71340B233B0
0D07B223E27D84EC280CD97016214BAD0AF403FFFFFFFFFFFC7FFF00030616197042B71340B233C8
0D07A323E27084EC920CD961162144ACFAF403FFFFFFFFFFFC7FFF00031416197042B71340B233E0
0D077323E23884ECF40CD933162124ACEAF303FFFFFFFFFFFC7FFF00031416197042B71340B233F8
0D074723E20184ED500CD908162108ACDAF303FFFFFFFFFFFC8FFF00030516197042B71340B22310
0D072D23E1E884EDB00CD8EC1620F9ACCAF303FFFFFFFFFFFC7FFF00031516197042B71340B22328
0D071B23E1DB84EE190CD8DE1620F3ACCAF203FFFFFFFFFFFC6FFF00031616197042B71340B22340
0D06FF23E1B984EE840CD8C21620E3ACBAF203FFFFFFFFFFFC8FFF00031516197042B71340B23358
0D06A623E14684EEE30CD86C1620A7ACBAF103FFFFFFFFFFFC9FFF00030A16197042B71340B22370
0D069023E13384EF400CD85516209AACBAF103FFFFFFFFFFFC8FFF00031116197042B71340B21388
0D067523E11784EFA90CD83916208AACBAF103FFFFFFFFFFFC7FFF00031116197042B71340B213A0
0D066723E10A84F0120CD82B162084ACBAF103FFFFFFFFFFFC7FFF00030B16197042B71340B213B8
0D066423E10E84F0700CD829162088ACBAF103FFFFFFFFFFFC7FFF00031316197042B71340B213D0
0D065E23E10E84F0CE0CD822162087ACBAF003FFFFFFFFFFFC7FFF00031316197142B71340B213E8
0D065323E10B84F1320CD817162083ACAAF003FFFFFFFFFFFC7FFF00031216197142B71340B21300
0D064C23E10C84F1940CD814162086AC9AF003FFFFFFFFFFFC6FFF00030916197142B71340B21318
0D065523E12584F1F90CD81D162093AC9AF003FFFFFFFFFFFC7FFF00030816197142B71340B20330
0D062A23E0EC84F2650CD7E616206DAC9AF003FFFFFFFFFFFC8FFF00030916197142B71340B20348
0D05D723E08584F2C70CD79A16203AACAAF003FFFFFFFFFFFC6FFF00031116197142B71340B20360
0D05C823E07884F3260CD78E162034ACBAF003FFFFFFFFFFFC8FFF00030916197142B71340B20378
0D05B423E06384F3860CD77916202AACBAF003FFFFFFFFFFFC7FFF00030116197142B71340B20390
0D05A823E05D84F3EB0CD76D162027ACAAEF03FFFFFFFFFFFC8FFF00031116197142B71340B203A8
0D05A423E06484F4500CD76A162028ACAAEF03FFFFFFFFFFFC8FFF00031116197142B71340B1F3C0
0D058223E03D84F4AD0CD74A162015ACAAEF03FFFFFFFFFFFC8FFF00030616197142B71340B1F3D8
0D050E23DFA584F5120CD6D5161FC1AC9AEF03FFFFFFFFFFFC9FFF00030D16197142B71340B1F3F0
0D04D123DF5984F5810CD69A161F9CAC9AEF03FFFFFFFFFFFC8FFF00030716197142B71340B1F308
0D04B223DF3884F5E20CD67E161F89AC9AEF03FFFFFFFFFFFC7FFF00030A16197142B71340B1F320
0D048223DEF684F6390CD650161F6BAC8AEF03FFFFFFFFFFFC7FFF00031216197142B71340B1E338
0D047523DEF384F6A00CD63F161F65AC8AEF03FFFFFFFFFFFC7FFF00030E16197142B71340B1E350
0D045023DEC684F7080CD61E161F4FAC8AEE03FFFFFFFFFFFC8FFF00030616197142B71340B1E368
0D043823DEAC84F7650CD607161F42AC8AEE03FFFFFFFFFFFC7FFF00030B16197142B71340B1E380
0D041523DE8884F7CE0CD5E2161F2CAC7AED03FFFFFFFFFFFC9FFF00030D16197142B71340B1D398
0D03EA23DE5684F83B0CD5B3161F0EAC8AED03FFFFFFFFFFFC9FFF00031016197142B71340B1D3B0
0D03B523DE1184F8960CD57B161EE7AC7AED03FFFFFFFFFFFC8FFF00031116197142B71340B1D3C8
0D035023DD8984F8F00CD52A161EACAC8AED03FFFFFFFFFFFC9FFF00030F16197142B71340B1D3E0
0D02E923DD0484F9550CD4B8161E5CAC8AEC03FFFFFFFFFFFC8FFF00030D16197142B71340B1D3F8
0D02E423DD0784F9C10CD4B2161E5DAC7AEC03FFFFFFFFFFFC8FFF00030216197142B71340B1D310
0D02E023DD0884FA260CD4AE161E5DAC7AEC03FFFFFFFFFFFC8FFF00030A16197142B71340B1D328
0D02DF23DD1184FA870CD4AE161E63AC7AEB03FFFFFFFFFFFC8FFF00030C16197142B71340B1D340
0D02D923DD1084FAE80CD4A0161E5DAC6AEB03FFFFFFFFFFFC7FFF00030716197142B71340B1C358
0D02AE23DCDE84FB4A0CD46F161E3EAC5AEA03FFFFFFFFFFFC7FFF00030D16197142B71340B1C370
0D027B23DCA384FBAB0CD455161E2EAC5AEA03FFFFFFFFFFFC9FFF00030E16197142B71340B1C388
0D023123DC4484FC0F0CD40D161DFCAC6AEA03FFFFFFFFFFFC8FFF0002FB16197142B71340B1C3A0
0D01BC23DBAA84FC760CD399161DAAAC6AEA03FFFFFFFFFFFC7FFF00030A16197142B71340B1C3B8
0D015F23DB2E84FCDF0CD331161D5EAC5AE903FFFFFFFFFFFC9FFF00030A16197142B71340B1C3D0
0D011923DAD584FD410CD2EF161D31AC5AE903FFFFFFFFFFFC8FFF00030B16197142B71340B1C3E8
0D00D723DA8284FDA00CD2AF161D06AC4AE903FFFFFFFFFFFC6FFF00030416197242B71340B1B300
0D00A123DA3F84FDFF0CD279161CE1AC3AE803FFFFFFFFFFFC7FFF00030C16197242B71340B1A318
0D008B23DA2684FE5F0CD262161CD4AC2AE803FFFFFFFFFFFC7FFF00030B16197242B71340B1B330
0D008423DA2684FEC40CD25C161CD3AC1AE803FFFFFFFFFFFC7FFF00030216197242B71340B1A348
0D006D23DA0F84FF2E0CD245161CC8AC0AE703FFFFFFFFFFFC8FFF00030A16197242B71340B1A360
0D004023D9D984FF980CD217161CACAC0AE703FFFFFFFFFFFC8FFF00030A16197242B71340B1A378
0D003523D9D584FFF90CD210161CA9AC0AE703FFFFFFFFFFFC8FFF00030116197242B71340B19390
0D002E23D9D78500580CD209161CA8ABFAE603FFFFFFFFFFFC8FFF00030016197242B71340B193A8
0D001223D9B38500BA0CD1EC161C98ABFAE603FFFFFFFFFFFC8FFF00030816197242B71340B193C0
0CFFE123D97D85011F0CD1C3161C80ABEAE603FFFFFFFFFFFC8FFF00030416197242B71340B193D8
0CFFD023D96D8501820CD1AA161C71ABFAE503FFFFFFFFFFFC8FFF00030616197242B71340B193F0
0CFFD323D9798501E00CD1AD161C77ABFAE503FFFFFFFFFFFC7FFF00030916197242B71340B19308
0CFFBE23D9678502450CD19E161C74ABFAE503FFFFFFFFFFFC7FFF0002F816197242B71340B18320
0CFFB523D9668502AE0CD18E161C6BABFAE503FFFFFFFFFFFC7FFF00030516197242B71340B18338
0CFFB123D96B8503120CD18C161C6EABFAE503FFFFFFFFFFFC7FFF00030516197242B71340B19350
0CFFA623D9658503770CD183161C6FABFAE503FFFFFFFFFFFC6FFF00030616197242B71340B18368
0CFF9723D95A8503DC0CD177161C6BABFAE503FFFFFFFFFFFC7FFF0002FF16197242B71340B18380
0CFF7E23D94385043F0CD15B161C5AABEAE503FFFFFFFFFFFC7FFF00030716197242B71340B18398
0CFF7223D93985049B0CD14E161C55ABEAE403FFFFFFFFFFFC7FFF00030616197242B71340B183B0
0CFF5A23D9238504F70CD136161C49ABEAE503FFFFFFFFFFFC7FFF0002FE16197242B71340B183C8
0CFF4823D91185055E0CD124161C41ABDAE403FFFFFFFFFFFC6FFF00030416197242B71340B173E0
0CFF2523D8EE8505CC0CD105161C30ABDAE403FFFFFFFFFFFC8FFF0002FB16197242B71340B173F8
0CFF1423D8E08506380CD0F1161C26ABDAE403FFFFFFFFFFFC8FFF0002FA16197242B71340B17310
0CFEF723D8C28506970CD0D6161C16ABDAE403FFFFFFFFFFFC8FFF00030416197242B71340B17328
0CFED623D89B8506EE0CD0B5161C01ABEAE403FFFFFFFFFFFC8FFF00030416197242B71340B17340
0CFEB723D87B85074B0CD094161BF0ABEAE403FFFFFFFFFFFC8FFF00030416197242B71340B16358
0CFE9023D84C8507B90CD06D161BD8ABEAE303FFFFFFFFFFFC8FFF00030416197242B71340B16370
0CFE7723D8388508250CD056161BCCABEAE303FFFFFFFFFFFC8FFF00030216197242B71340B16388
0CFE5F23D81E8508820CD040161BBEABEAE303FFFFFFFFFFFC7FFF0002F216197242B71340B163A0
0CFE3523D7ED8508E20CD015161BA5ABDAE303FFFFFFFFFFFC7FFF00030016197242B71340B153B8
0CFE1E23D7D68509460CCFFE161B97ABDAE303FFFFFFFFFFFC8FFF00030216197342B71340B153D0
0CFDF823D7A98509AB0CCFD8161B80ABDAE203FFFFFFFFFFFC7FFF00030216197342B71340B153E8
0CFDE023D793850A140CCFC0161B73ABDAE203FFFFFFFFFFFC6FFF0002FA16197342B71340B15300
0CFDC323D771850A740CCFA5161B63ABDAE203FFFFFFFFFFFC6FFF0002FB16197342B71340B15318
0CFD9D23D748850AD00CCF81161B4EABDAE203FFFFFFFFFFFC8FFF00030116197342B71340B15330
0CFD8A23D739850B360CCF6A161B40ABDAE203FFFFFFFFFFFC9FFF00030016197342B71340B14348
0CFD6D23D719850B9D0CCF50161B33ABCAE203FFFFFFFFFFFC7FFF0002FF16197342B71340B14360
0CFD6823D71D850C030CCF4B161B34ABCAE203FFFFFFFFFFFC7FFF0002FF16197342B71340B14378
0CFD4C23D6FE850C6E0CCF31161B25ABBAE203FFFFFFFFFFFC6FFF0002FF16197342B71340B14390
0CFD2E23D6DD850CCC0CCF13161B12ABBAE203FFFFFFFFFFFC8FFF0002FB16197342B71340B143A8
0CFD2123D6D8850D210CCF07161B10ABBAE203FFFFFFFFFFFC9FFF0002FD16197342B71340B143C0
0CFD1523D6CB850D850CCEF8161B0AABBAE103FFFFFFFFFFFC9FFF0002F916197342B71340B143D8
0CFD0E23D6D3850DF20CCEF1161B0CABAAE103FFFFFFFFFFFC9FFF0002FC16197342B71340B133F0
0CFD0023D6C8850E5A0CCEE4161B05ABAAE003FFFFFFFFFFFC8FFF0002FD16197342B71340B13308
0CFCFB23D6C6850EBE0CCEDF161B07ABAAE103FFFFFFFFFFFC8FFF0002EC16197342B71340B13320
0CFCED23D6C1850F250CCECF161B01ABAAE003FFFFFFFFFFFC8FFF0002FD16197342B71340B13338
0CFCC423D692850F810CCEAA161AE8ABAAE003FFFFFFFFFFFC9FFF0002FD16197342B71340B12350
0CFCB223D67F850FD40CCE97161AE1AB9AE003FFFFFFFFFFFC8FFF0002FC16197342B71340B12368
0CFC9623D6678510400CCE7A161AD0AB9AE003FFFFFFFFFFFC7FFF0002FC16197342B71340B12380
0CFC8F23D6648510B90CCE72161AD1ABAAE003FFFFFFFFFFFC8FFF0002FC16197342B71340B12398
0CFC7F23D6598511190CCE67161ACCABAAE003FFFFFFFFFFFC8FFF0002F416197342B71340B113B0
0CFC7D23D65F85116A0CCE63161ACEABAAE003FFFFFFFFFFFC8FFF0002FA16197342B71340B123C8
0CFC6F23D6598511D20CCE56161ACBABAAE003FFFFFFFFFFFC8FFF0002F216197342B71340B113E0
0CFC6423D64F85123D0CCE4A161AC7AB9ADF03FFFFFFFFFFFC7FFF0002F816197342B71340B113F8
0CFC5E23D65385129A0CCE45161AC9AB9AE003FFFFFFFFFFFC7FFF0002F816197342B71340B11310
0CFC5823D6548512FD0CCE3D161AC9AB9AE003FFFFFFFFFFFC8FFF0002F816197342B71340B11328
0CFC4423D64485136A0CCE2B161AC1ABAAE003FFFFFFFFFFFC8FFF0002F116197342B71340B11340
0CFC3423D6398513C90CCE1F161ABBABAAE003FFFFFFFFFFFC8FFF0002F916197342B71340B10358
0CFC1623D6168514260CCDF9161AA4ABAAE003FFFFFFFFFFFC8FFF0002F716197342B71340B10370
0CFBF723D5F88514910CCDDC161A94ABAAE003FFFFFFFFFFFC7FFF0002ED16197342B71340B10388
0CFBE523D5E98514F60CCDCC161A8CABAAE103FFFFFFFFFFFC7FFF0002F316197342B71340B103A0
0CFBD223D5D58515530CCDBA161A86ABAAE103FFFFFFFFFFFC8FFF0002F016197342B71340B103B8
0CFB9E23D5998515BD0CCD87161A64ABAAE003FFFFFFFFFFFC8FFF0002F116197442B71340B103D0
0CFB7923D56C8516290CCD63161A4EABBAE003FFFFFFFFFFFC7FFF0002EE16197442B71340B0F3E8
0CFB5323D53F8516820CCD3E161A35ABAAE003FFFFFFFFFFFC8FFF0002F516197442B71340B10300
0CFB3223D51D8516D40CCD24161A25ABAADF03FFFFFFFFFFFC8FFF0002F316197442B71340B0F318
0CFB1D23D5078517380CCD0D161A1BABAADF03FFFFFFFFFFFC7FFF0002E616197442B71340B0E330
0CFAD023D4A38517AC0CCCB91619E1AB9ADF03FFFFFFFFFFFC7FFF0002EB16197442B71240B0E348
0CFA7A23D4388518200CCC671619A8AB9ADF03FFFFFFFFFFFC8FFF0002EA16197442B71240B0E360
0CFA6B23D42D8518850CCC5A1619A2AB9ADF03FFFFFFFFFFFC9FFF0002E316197442B71340B0E378
0CFA4723D4018518D70CCC3916198BAB9ADF03FFFFFFFFFFFC8FFF0002EE16197442B71340B0E390
0CFA1A23D3CA85192C0CCC0B16196FAB8ADE03FFFFFFFFFFFC9FFF0002EC16197442B71340B0E3A8
0CFA1823D3D38519900CCC05161971AB7ADE03FFFFFFFFFFFC6FFF0002E916197442B71340B0E3C0
0CFA0423D3BF8519FD0CCBF0161967AB6ADE03FFFFFFFFFFFC6FFF0002E916197442B71240B0D3D8
0CF9E923D3A6851A680CCBD7161959AB6ADD03FFFFFFFFFFFC7FFF0002E516197442B71240B0D3F0
0CF9E423D3A9851AD00CCBD316195CAB6ADD03FFFFFFFFFFFC6FFF0002E416197442B71240B0D308
0CF9E523D3B7851B380CCBD3161961AB6ADD03FFFFFFFFFFFC7FFF0002DC16197442B71240B0D320
0CF9E523D3BD851B970CCBD4161966AB6ADC03FFFFFFFFFFFC8FFF0002E716197442B71340B0D338
0CF9DC23D3B9851BE80CCBCD161964AB7ADC03FFFFFFFFFFFC8FFF0002E816197442B71240B0C350
0CF9C723D3A8851C3D0CCBB716195AAB7ADC03FFFFFFFFFFFC8FFF0002DE16197442B71240B0D368
0CF9AA23D38A851CA80CCB9916194CAB7ADC03FFFFFFFFFFFC8FFF0002DB16197442B71240B0C380
0CF9A823D393851D210CCB9516194FAB5ADC03FFFFFFFFFFFC8FFF0002E016197442B71240B0C398
0CF99223D381851D8C0CCB82161945AB5ADC03FFFFFFFFFFFC8FFF0002D916197442B71240B0C3B0
0CF97D23D36E851DDE0CCB7016193BAB5ADC03FFFFFFFFFFFC8FFF0002DC16197442B71240B0C3C8
0CF96A23D356851E340CCB5B161931AB4ADC03FFFFFFFFFFFC8FFF0002DE16197442B71240B0B3E0
0CF96923D360851E990CCB59161934AB4ADB03FFFFFFFFFFFC8FFF0002E116197442B71240B0B3F8
0CF95D23D35C851EFD0CCB4E161932AB5ADB03FFFFFFFFFFFC8FFF0002DB16197442B71240B0B310
0CF94323D33E851F560CCB32161921AB5ADB03FFFFFFFFFFFC7FFF0002E016197442B71240B0B328
0CF92823D326851FB60CCB19161915AB5ADB03FFFFFFFFFFFC8FFF0002D716197442B71240B0A340
0CF92823D32F8520260CCB1916191BAB5ADB03FFFFFFFFFFFC8FFF0002D416197442B71240B0A358
0CF8FE23D2FF8520900CCAF3161902AB5ADA03FFFFFFFFFFFC8FFF0002DA16197442B71240B0A370
0CF8E223D2E48520ED0CCAD71618F1AB5ADB03FFFFFFFFFFFC8FFF0002DC16197442B71240B0A388
0CF8DD23D2E78521470CCAD11618F1AB5ADB03FFFFFFFFFFFC7FFF0002DF16197442B71240B093A0
0CF8CD23D2D48521A00CCAC01618EAAB5ADB03FFFFFFFFFFFC8FFF0002D716197442B71240B0A3B8
0CF8B123D2BB8521FE0CCAA41618DAAB4ADB03FFFFFFFFFFFC8FFF0002DE16197442B71240B0A3D0
0CF87823D2728522680CCA671618B3AB4ADB03FFFFFFFFFFFC7FFF0002DC16197442B71240B093E8
0CF84023D2318522D30CCA3016188FAB3ADA03FFFFFFFFFFFC8FFF0002DB16197442B71240B09300
0CF80A23D1EE8523350CCA0216186FAB3ADA03FFFFFFFFFFFC7FFF0002D216197542B71240B09318
0CF7F423D1D98523920CC9EA161863AB2ADA03FFFFFFFFFFFC7FFF0002DB16197542B71240B09330
0CF7E823D1D38523F00CC9DD16185EAB2AD903FFFFFFFFFFFC7FFF0002D516197542B71240B09348
0CF7C423D1A78524510CC9BE16184BAB2AD903FFFFFFFFFFFC9FFF0002DC16197542B71240B08360
0CF7AF23D1958524B10CC9A516183DAB2AD903FFFFFFFFFFFC8FFF0002DE16197542B71240B08378
0CF79723D1798525130CC98C161832AB2AD903FFFFFFFFFFFC7FFF0002DF16197542B71240B08390
0CF77A23D15F8525780CC974161822AB3AD903FFFFFFFFFFFC8FFF0002DE16197542B71240B083A8
0CF76323D1468525D70CC95A161813AB2AD803FFFFFFFFFFFC9FFF0002DC16197542B71240B083C0
0CF74523D1278526360CC93D161802AB2AD803FFFFFFFFFFFC8FFF0002CB16197542B71240B073D8
0CF6FE23D0CB85269C0CC8F71617D2AB1AD703FFFFFFFFFFFC8FFF0002DC16197542B71240B073F0
0CF6E123D0AD8527000CC8D91617C2AB1AD703FFFFFFFFFFFC9FFF0002DE16197542B71240B07308
0CF6D323D0A285275F0CC8CD1617BDAB2AD703FFFFFFFFFFFC9FFF0002DF16197542B71240B07320
0CF6BD23D08E8527C10CC8B71617B1AB1AD703FFFFFFFFFFFC9FFF0002DF16197542B71240B06338
0CF6AF23D08185281F0CC8A91617ADAB1AD603FFFFFFFFFFFC9FFF0002DD16197542B71240B06350
0CF6AA23D08785287E0CC8A31617ACAB1AD603FFFFFFFFFFFC9FFF0002D416197542B71240B06368
0CF6A623D08B8528E20CC89F1617B0AB0AD603FFFFFFFFFFFC8FFF0002DA16197542B71240B06380
0CF6A223D0908529490CC8991617B0AB0AD603FFFFFFFFFFFC8FFF0002D216197542B71240B05398
0CF69323D0838529B10CC88D1617AEAAFAD603FFFFFFFFFFFC8FFF0002CB16197542B71240B053B0
0CF68923D084852A0F0CC8831617AAAAFAD603FFFFFFFFFFFC8FFF0002DC16197542B71240B053C8
0CF67B23D075852A620CC8771617A5AAFAD603FFFFFFFFFFFC9FFF0002DB16197542B71240B053E0
0CF66923D069852ABD0CC86216179CAAFAD603FFFFFFFFFFFC9FFF0002D916197542B71240B053F8
0CF65923D05B852B2C0CC852161795AAFAD603FFFFFFFFFFFC8FFF0002CE16197542B71240B05310
0CF64723D04C852B9C0CC84016178EAAFAD603FFFFFFFFFFFC8FFF0002CD16197542B71240B05328
0CF64523D055852BF90CC83D161790AAFAD603FFFFFFFFFFFC8FFF0002CD16197542B71240B04340
0CF63223D046852C4D0CC83516178FAB0AD603FFFFFFFFFFFC8FFF0002D416197542B71240B04358
0CF61023D01D852CAD0CC81216177BAB1AD603FFFFFFFFFFFC8FFF0002D416197542B71240B04370
0CF5F423D000852D130CC7F2161768AB1AD603FFFFFFFFFFFC8FFF0002CB16197542B71240B04388
0CF5F623D00C852D780CC7F016176BAB1AD603FFFFFFFFFFFC8FFF0002D016197542B71240B043A0
0CF60223D02C852DD80CC7FD16177AAB0AD503FFFFFFFFFFFC8FFF0002CF16197542B71240B043B8
0CF61523D04D852E3D0CC813161791AAFAD503FFFFFFFFFFFC8FFF0002C616197542B71240B043D0
0CF61923D05E852E9F0CC815161797AAFAD503FFFFFFFFFFFC8FFF0002CC16197542B71240B033E8
0CF61623D064852EF80CC811161799AAFAD503FFFFFFFFFFFC7FFF0002CB16197542B71240B02300
0CF60923D060852F600CC803161797AAFAD503FFFFFFFFFFFC7FFF0002C216197542B71240B03318
0CF5E523D036852FCB0CC7E1161781AAEAD503FFFFFFFFFFFC8FFF0002C016197542B71240B02330
0CF5A523CFE58530210CC7A5161759AAFAD503FFFFFFFFFFFC7FFF0002C816197542B71240B02348
0CF57823CFB185307D0CC773161737AAFAD503FFFFFFFFFFFC7FFF0002BF16197642B71240B02360
0CF55D23CF938530E50CC75A16172AAAEAD603FFFFFFFFFFFC7FFF0002C416197642B71240B02378
0CF54E23CF878531480CC750161728AAEAD6460FFFFFFFFFFC9FFF0002C316197642B71240B02390
0CF54323CF818531AD0CC742161723AAEAD603FFFFFFFFFFFC9FFF0002C116197642B71240B013A8
0CF54323CF8D85320F0CC740161727AAEAD503FFFFFFFFFFFC8FFF0002BF16197642B71240B013C0
0CF54323CF9585326A0CC74016172DAAEAD5598FFFFFFFFFFC8FFF0002BE16197642B71240B013D8
0CF53E23CF9D8532CE0CC73C16172EAAFAD503FFFFFFFFFFFC8FFF0002BD16197642B71240B013F0
0CF53723CF9C85332E0CC73716172EAAFAD503FFFFFFFFFFFC8FFF0002BB16197642B71240B00308
0CF53823CFA685338A0CC736161736AAEAD476FFFFFFFFFFFC8FFF0002B216197642B71240B00320
0CF53B23CFB58533F30CC73816173DAAEAD4042FFFFFFFFFFC8FFF0002B716197642B71240B00338
0CF53C23CFC28534570CC739161742AAEAD4998FFFFFFFFFFC8FFF0002B616197642B71240B00350
0CF53B23CFCC8534B50CC73B161749AAEAD403FFFFFFFFFFFC7FFF0002AC16197642B71240B00368
0CF53C23CFD68535190CC73B16174FAAEAD4186FFFFFFFFFFC9FFF0002B316197642B71240B00380
0CF53B23CFE18535770CC73B161755AAEAD4BD7FFFFFFFFFFC8FFF0002B116197642B71240B00398
0CF53C23CFED8535D30CC739161758AAEAD403FFFFFFFFFFFC8FFF0002A616197642B71240B003B0
0CF53A23CFF585363A0CC73616175EAAEAD4282FFFFFFFFFFC8FFF0002A316197642B71240B003C8
0CF53723CFFD8536A30CC736161761AAEAD41A7FFFFFFFFFFC8FFF0002A416197642B71240AFF3E0
0CF53723D0058536FE0CC737161768AAEAD403FFFFFFFFFFFC7FFF0002AA16197642B71240AFF3F8
0CF53A23D01485375A0CC73816176FAADAD434CFFFFFFFFFFC7FFF0002AA16197642B71240AFE310
0CF53C23D0228537C10CC73B161777AADAD4215FFFFFFFFFFC7FFF0002A016197642B71240AFF328
0CF53B23D0288538220CC73A16177CAADAD403FFFFFFFFFFFC9FFF00029E16197642B71240AFE340
0CF53C23D03885387D0CC73B161782AAEAD44FFFFFFFFFFFFC9FFF0002A416197642B71140AFE358
0CF54023D0478538E10CC73D16178AAAFAD52EEFFFFFFFFFFC8FFF0002A316197642B71140AFE370
0CF54123D05785394C0CC73E161792AAFAD503FFFFFFFFFFFC8FFF0002A316197642B71140AFE388
0CF54023D0618539B30CC740161797AAFAD559DFFFFFFFFFFC8FFF0002A416197642B71240AFD3A0
0CF54123D06C853A0D0CC74116179DAB0AD633AFFFFFFFFFFC8FFF00029C16197642B71240AFD3B8
0CF54323D074853A610CC7431617A2AB1AD603FFFFFFFFFFFC8FFF00029C16197642B71140AFD3D0
0CF54623D086853ABE0CC7431617ABAB1AD65DDFFFFFFFFFFC8FFF00029F16197642B71140AFD3E8
0CF54623D090853B2B0CC7431617B1AB1AD634FFFFFFFFFFFC8FFF00029F16197642B71140AFD300
0CF52E23D07B853B9A0CC7311617AAAB0AD603FFFFFFFFFFFC8FFF00029F16197642B71140AFD318
0CF52823D07D853BFC0CC7261617A7AB0AD52C4FFFFFFFFFFC8FFF00029816197642B71140AFC330
0CF52723D084853C550CC7261617ADAB1AD603FFFFFFFFFFFC8FFF00029F16197642B71140AFC348
0CF52123D086853CAF0CC7211617ADAB0AD5040FFFFFFFFFFC8FFF0002A016197642B71140AFC360
0CF51F23D08B853D090CC71C1617AFAB0AD5346FFFFFFFFFFC8FFF00029F16197642B71140AFC378
0CF51F23D09A853D700CC71C1617B5AB0AD603FFFFFFFFFFFC8FFF00029E16197642B71140AFC390
0CF50B23D087853DDB0CC7141617B4AB0AD504AFFFFFFFFFFC8FFF00029516197642B71140AFC3A8
0CF4FC23D080853E400CC6FA1617A5AB0AD5458FFFFFFFFFFC9FFF00029C16197642B71140AFB3C0
0CF4F823D082853EA60CC6F71617AAAAFAD603FFFFFFFFFFFC9FFF00029416197642B71140AFB3D8
0CF4F123D086853F030CC6F51617ACAAFAD606CFFFFFFFFFFC8FFF00029D16197642B71140AFB3F0
0CF4F623D09A853F570CC6F31617B0AAFAD55E7FFFFFFFFFFC7FFF00029E16197742B71140AFB308
0CF4C223D056853FB50CC6C8161796AB0AD503FFFFFFFFFFFC7FFF00029F16197742B71140AFA320
0CF49E23D02C85401E0CC6A6161784AB0AD50A7FFFFFFFFFFC8FFF00029E16197742B71140AFA338
0CF4AB23D0498540830CC6A3161786AB0AD5771FFFFFFFFFFC8FFF00028C16197742B71140AFA350
0CF48823D0218540E80CC687161776AAFAD503FFFFFFFFFFFC8FFF00029B16197742B71140AFA368
0CF46023CFF88541540CC659161759AAFAD60ADFFFFFFFFFFC8FFF00029D16197742B71140AFA380
0CF45923CFF78541B10CC662161763AB0AD6796FFFFFFFFFFC7FFF00029716197742B71140AF9398
0CF45123CFF18542010CC65C161764AB0AD603FFFFFFFFFFFC7FFF00029616197742B71140AF93B0
0CF42D23CFC98542600CC63616174DAAFAD52F8FFFFFFFFFFC9FFF00029D16197742B71140AF93C8
0CF42E23CFD98542C90CC62916174AAAEAD5A07FFFFFFFFFFC9FFF00029E16197742B71140AF83E0
0CF42F23CFE285432D0CC62F161754AAEAD503FFFFFFFFFFFC9FFF00029E16197742B71140AF93F8
0CF43423CFF58543920CC63416175DAAEAD52EFFFFFFFFFFFCAFFF00029E16197742B71140AF8310
0CF42723CFEB8543F80CC627161759AAEAD507DFFFFFFFFFFC8FFF00029F16197742B71140AF8328
0CF42523CFF28544550CC62016175AAAEAD503FFFFFFFFFFFC8FFF0002A016197742B71140AF8340
0CF41E23CFF88544B00CC623161760AADAD55CBFFFFFFFFFFC8FFF0002A016197742B71140AF8358
0CF41523CFF48545150CC612161759AAEAD50BBFFFFFFFFFFC8FFF0002A016197742B71140AF7370
0CF3DD23CFAF85457A0CC5E216173BAAFAD505FFFFFFFFFFFC8FFF00029F16197742B71140AF8388
0CF3B723CF868545D80CC5B9161721AAFAD5889FFFFFFFFFFC9FFF00028E16197742B71140AF73A0
0CF3AC23CF7F8546360CC5B016171EAAFAD50ECFFFFFFFFFFC8FFF00029F16197742B71140AF73B8
0CF39E23CF7485469C0CC5A1161717AAFAD60B1FFFFFFFFFFC8FFF00029916197742B71140AF63D0
0CF39923CF738547020CC59A161717AAFAD5175FFFFFFFFFFC8FFF0002A316197742B71140AF73E8
0CF39723CF8085475C0CC59B16171EAAEAD503FFFFFFFFFFFC8FFF0002A116197742B71140AF6300
0CF39223CF818547B70CC59616171FAAEAD5285FFFFFFFFFFC9FFF00029616197742B71140AF6318
0CF38723CF7D8548230CC58C16171EAADAD54C2FFFFFFFFFFC8FFF00029E16197742B71140AF6330
0CF38223CF8185488F0CC58516171FAADAD503FFFFFFFFFFFC8FFF00029916197742B71140AF6348
0CF37B23CF828548E90CC57F16171FAADAD52FFFFFFFFFFFFC9FFF00029816197742B71140AF6360
0CF37723CF848549430CC57B161722AAEAD5575FFFFFFFFFFC8FFF0002A016197742B71140AF5378
0CF35E23CF6C8549A40CC563161714AAEAD503FFFFFFFFFFFC6FFF00029A16197742B71140AF6390
0CF35923CF6F854A060CC55D161716AAFAD5346FFFFFFFFFFC6FFF00029C16197742B71140AF53A8
0CF35423CF74854A6B0CC558161719AAEAD503FFFFFFFFFFFC7FFF00029D16197742B71140AF53C0
0CF35223CF7B854AD20CC55516171CAAEAD503FFFFFFFFFFFC7FFF00029D16197742B71140AF53D8
0CF35223CF89854B360CC556161722AAEAD5689FFFFFFFFFFC9FFF00028E16197742B71140AF43F0
0CF35323CF93854B900CC558161729AAEAD503FFFFFFFFFFFC8FFF00029E16197742B71140AF4308
0CF35523CFA1854BF10CC55B161732AAEAD40B5FFFFFFFFFFC8FFF00029F16197742B71140AF4320
0CF35623CFAB854C540CC559161734AADAD4981FFFFFFFFFFC7FFF00029D16197742B71140AF4338
0CF35023CFAB854CAA0CC556161738AADAD403FFFFFFFFFFFC8FFF00029316197742B71140AF4350
0CF34823CFAE854D0D0CC54A161733AADAD419BFFFFFFFFFFC8FFF00029916197742B71140AF4368
0CF33F23CFAB854D820CC542161735AADAD412EFFFFFFFFFFC7FFF00029A16197742B71140AF3380
0CF33623CFA9854DEA0CC53D161737AAEAD403FFFFFFFFFFFC7FFF00029A16197742B71140AF3398
0CF33123CFAB854E400CC535161735AAEAD4304FFFFFFFFFFC8FFF00029116197842B71140AF23B0
0CF32423CFA6854E970CC52B161734AAEAD5206FFFFFFFFFFC7FFF00029816197842B71140AF23C8
0CF32123CFA9854EF70CC527161737AAEAD403FFFFFFFFFFFC7FFF00028F16197842B71140AF23E0
0CF32023CFB5854F5A0CC52516173BAAEAD548CFFFFFFFFFFC8FFF00029316197842B71140AF23F8
0CF31C23CFBA854FBF0CC52116173EAAEAD52D7FFFFFFFFFFC8FFF00028316197842B71140AF2310
0CF31123CFB685502A0CC51716173CAAFAD503FFFFFFFFFFFC8FFF00029416197842B71140AF2328
0CF2E723CF8485508C0CC4F1161724AAFAD5737FFFFFFFFFFC9FFF00029316197842B71140AF2340
0CF2A323CF2F8550E50CC4B31616F9AB0AD53E1FFFFFFFFFFC8FFF00029116197842B71140AF1358
0CF29923CF298551430CC4A01616F1AB0AD503FFFFFFFFFFFC7FFF00028716197842B71140AF1370
0CF29423CF2B8551A40CC49B1616F2AAFAD52E7FFFFFFFFFFC7FFF00028516197842B71140AF1388
0CF27F23CF1A85520E0CC4871616E7AB0AD403FFFFFFFFFFFC7FFF00028316197842B71140AF13A0
0CF24E23CEDF8552780CC45A1616CCAAFAD403FFFFFFFFFFFC8FFF00028B16197842B71140AF13B8
0CF23F23CED28552D40CC4471616C1AAFAD403FFFFFFFFFFFC8FFF00028B16197842B71140AF03D0
0CF23E23CEDB85532C0CC4461616C7AAFAD503FFFFFFFFFFFC8FFF00028216197842B71140AF03E8
0CF23D23CEE485538D0CC4461616CCAAEAD403FFFFFFFFFFFC8FFF00028816197842B71140AF0300
0CF23E23CEF18553ED0CC4461616D2AADAD503FFFFFFFFFFFC8FFF00028516197842B71140AF0318
0CF23D23CEFA8554510CC4461616D7AACAD503FFFFFFFFFFFC8FFF00028316197842B71140AF0330
0CF23B23CF048554C40CC4431616DDAACAD403FFFFFFFFFFFC9FFF00028316197842B71140AF0348
0CF23423CF038555260CC43E1616DBAADAD503FFFFFFFFFFFC8FFF00028316197842B71140AF0360
0CF23223CF0885556D0CC43C1616DEAACAD503FFFFFFFFFFFC7FFF00027A16197842B71140AF0378
0CF22123CF018555CE0CC42B1616DAAADAD403FFFFFFFFFFFC9FFF00028016197842B71140AEE390
0CF20723CEE18556430CC4111616CCAADAD403FFFFFFFFFFFC8FFF00026E16197842B71140AEE3A8
0CF1E923CEC58556A50CC3F21616B9AADAD403FFFFFFFFFFFC7FFF00027D16197842B71140AEE3C0
0CF1DA23CEB78556FD0CC3E41616B3AADAD403FFFFFFFFFFFC7FFF00027316197842B71140AEE3D8
0CF1D623CEBC8557660CC3E01616B5AADAD403FFFFFFFFFFFC8FFF00027B16197842B71140AEE3F0
0CF1CA23CEB78557CB0CC3D41616B3AADAD403FFFFFFFFFFFC8FFF00027216197842B71140AEE308
0CF1C823CEBC8558210CC3D31616B4AACAD403FFFFFFFFFFFC8FFF00027816197842B71140AED320
0CF1C523CEC185587D0CC3CF1616B9AACAD403FFFFFFFFFFFC8FFF00027816197842B71140AED338
0CF1BA23CEC28558EE0CC3C41616B7AACAD403FFFFFFFFFFFC8FFF00027716197842B71140AED350
0CF1AA23CEB18559580CC3B51616B1AACAD403FFFFFFFFFFFC8FFF00027616197842B71140AED368
0CF1A523CEB48559A80CC3AE1616AEAADAD303FFFFFFFFFFFC8FFF00027516197842B71140AED380
0CF18323CE92855A010CC38F16169FAADAD403FFFFFFFFFFFC9FFF00027416197842B71140AEC398
0CF17923CE8A855A6C0CC37C161696AADAD303FFFFFFFFFFFC7FFF00027316197842B71140AEC3B0
0CF15D23CE6F855AD50CC36A16168EAADAD303FFFFFFFFFFFC8FFF00026216197842B71140AEC3C8
0CF15A23CE75855B370CC368161692AADAD303FFFFFFFFFFFC8FFF00027116197842B71140AEC3E0
0CF15F23CE88855B9A0CC36A161699AADAD303FFFFFFFFFFFC8FFF00026016197842B71140AEC3F8
0CF15D23CE90855BFB0CC36B16169EAADAD303FFFFFFFFFFFC7FFF00027016197842B71140AEC310
0CF15623CE8D855C500CC36516169FAADAD303FFFFFFFFFFFC7FFF00026F16197842B71140AEC328
0CF15423CE95855CAB0CC3601616A3AACAD303FFFFFFFFFFFC8FFF00026D16197942B71140AEC340
0CF15223CEA2855D190CC35E1616A6AACAD303FFFFFFFFFFFC9FFF00026C16197942B71140AEA358
0CF15023CEA6855D880CC35C1616ABAACAD403FFFFFFFFFFFC8FFF00026416197942B71140AEA370
0CF14F23CEAE855DE10CC35D1616AFAACAD303FFFFFFFFFFFC8FFF00026B16197942B71140AEA388
0CF14E23CEB9855E320CC35A1616B3AACAD303FFFFFFFFFFFC8FFF00026816197942B71140AEA3A0
0CF15123CEC4855E910CC35C1616BAAACAD403FFFFFFFFFFFC9FFF00025F16197942B71140AEA3B8
0CF15123CED6855EF90CC35E1616C1AACAD303FFFFFFFFFFFC9FFF00026716197942B71140AEA3D0
0CF15423CEDF855F5C0CC3611616CAAADAD403FFFFFFFFFFFC7FFF00025916197942B71140AEA3E8
0CF15623CEEA855FBB0CC35F1616CEAADAD403FFFFFFFFFFFC7FFF00026516197942B71140AE9300
0CF15323CEF18560150CC35E1616D3AADAD403FFFFFFFFFFFC8FFF00026416197942B71140AE9318
0CF15523CF018560740CC3631616DCAADAD303FFFFFFFFFFFC8FFF00026116197942B71140AE9330
0CF15623CF0A8560D70CC3621616E1AADAD303FFFFFFFFFFFC8FFF00025716197942B71140AE9348
0CF15423CF128561310CC3601616E4AADAD303FFFFFFFFFFFC8FFF00025F16197942B71140AE8360
0CF15523CF238561940CC3601616ECAADAD303FFFFFFFFFFFC8FFF00026016197942B71140AE8378
0CF15523CF2E8561F90CC3621616F2AADAD303FFFFFFFFFFFC8FFF00026116197942B71140AE8390
0CF15823CF3485624E0CC3651616F7AADAD403FFFFFFFFFFFC7FFF00025F16197942B71140AE83A8
0CF15A23CF478562A60CC3641616FFAADAD403FFFFFFFFFFFC8FFF00025416197942B71140AE83C0
0CF14E23CF408563140CC35B1616FDAAEAD403FFFFFFFFFFFC9FFF00025A16197942B71140AE83D8
0CF13E23CF338563810CC3481616F5AAEAD403FFFFFFFFFFFC9FFF00025216197942B71140AE73F0
0CF12023CF138563D20CC32F1616E4AAEAD403FFFFFFFFFFFCAFFF00025316197942B71140AE8308
0CF10A23CEFF8564280CC3151616D8AAEAD503FFFFFFFFFFFC7FFF00025616197942B71140AE7320
0CF10623CF0085648E0CC3111616D9AAFAD503FFFFFFFFFFFC7FFF00025B16197942B71140AE6338
0CF10723CF0C8564EA0CC3101616DEAAFAD503FFFFFFFFFFFC8FFF00025A16197942B71140AE6350
0CF0FF23CF0F8565490CC30B1616E1AAEAD503FFFFFFFFFFFC8FFF00025816197942B71140AE6368
0CF10023CF198565B80CC30D1616E7AADAD503FFFFFFFFFFFC7FFF00025816197942B71140AE6380
0CF10023CF258566190CC30D1616ECAADAD503FFFFFFFFFFFC7FFF00024A16197942B71140AE5398
0CF10123CF3285666C0CC3111616F4AAEAD403FFFFFFFFFFFC9FFF00025816197942B71140AE53B0
0CF0FE23CF348566C90CC30A1616F5AADAD403FFFFFFFFFFFC9FFF00025A16197942B71140AE63C8
0CF0EA23CF2485672F0CC2F81616EFAADAD403FFFFFFFFFFFC7FFF00025116197942B71140AE53E0
0CF0DF23CF2185678F0CC2F21616EDAADAD403FFFFFFFFFFFC7FFF00025816197942B71140AE53F8
0CF0CC23CF0C8567E90CC2DC1616E2AAEAD403FFFFFFFFFFFC8FFF00025816197942B71140AE4310
0CF0AD23CEED85684C0CC2B61616CCAAEAD403FFFFFFFFFFFC8FFF00025016197942B71140AE4328
0CF0A823CEF08568B10CC2AF1616CBAAEAD403FFFFFFFFFFFC7FFF00025116197942B71140AE4340
0CF0B423CF0885690B0CC2C51616DFAAFAD403FFFFFFFFFFFC7FFF00025816197942B71140AE4358
0CF09223CEE38569670CC2A41616CCAAFAD403FFFFFFFFFFFC6FFF00025716197942B71140AE4370
0CF06F23CEC08569CE0CC27C1616B5AAEAD403FFFFFFFFFFFC7FFF00024D16197942B71140AE4388
0CF05F23CEB1856A390CC26E1616B0AAFAD403FFFFFFFFFFFC8FFF00025516197942B71140AE43A0
0CF05723CEB0856A9A0CC2671616AFAAFAD403FFFFFFFFFFFC8FFF00024616197942B71140AE43B8
0CF05723CEB8856AF60CC2661616B3AAEAD403FFFFFFFFFFFC8FFF00025716197A42B71140AE33D0
0CF04723CEAE856B4D0CC2591616ADAAEAD403FFFFFFFFFFFC7FFF00025716197A42B71140AE33E8
0CF01723CE73856BA00CC22B161690AAEAD403FFFFFFFFFFFC7FFF00024E16197A42B71140AE3300
0CF00423CE64856C020CC216161686AADAD403FFFFFFFFFFFCAFFF00024C16197A42B71140AE2318
0CF00723CE6F856C650CC21A16168DAACAD403FFFFFFFFFFFC8FFF00025416197A42B71140AE2330
0CF00923CE7D856CB90CC21B161691AACAD403FFFFFFFFFFFC8FFF00025416197A42B71140AE2348
0CF00923CE85856D160CC218161698AACAD403FFFFFFFFFFFC9FFF00024516197A42B71140AE2360
0CF00023CE86856D830CC21616169CAADAD403FFFFFFFFFFFC7FFF00025416197A42B71140AE2378
0CF00523CE94856DE90CC21E1616A8AADAD403FFFFFFFFFFFC7FFF00025516197A42B71140AE1390
0CEFEA23CE7A856E460CC20916169DAADAD403FFFFFFFFFFFC7FFF00025416197A42B71140AE13A8
0CEFE023CE78856EAB0CC1F2161692AADAD403FFFFFFFFFFFC8FFF00024316197A42B71140AE13C0
0CEFD623CE7B856F220CC1E9161692AADAD403FFFFFFFFFFFC8FFF00025216197A42B71140AE03D8
0CEFCD23CE77856F8F0CC1DF161690AADAD403FFFFFFFFFFFC8FFF00025416197A42B71140AE03F0
0CEFCE23CE7D856FE60CC1E0161694AADAD403FFFFFFFFFFFC8FFF00025316197A42B71140AE0308
0CEFD123CE918570420CC1E216169CAADAD403FFFFFFFFFFFC8FFF00024A16197A42B71140AE0320
0CEFD323CE9A8570AB0CC1E31616A4AADAD403FFFFFFFFFFFC8FFF00025216197A42B71140AE0338
0CEFD523CEA98571120CC1E61616ABAADAD403FFFFFFFFFFFC8FFF00025316197A42B71140AE0350
0CEFD723CEB78571720CC1E81616B2AADAD403FFFFFFFFFFFC8FFF00024A16197A42B71140AE0368
0CEFD823CEC58571D00CC1EA1616B9AADAD403FFFFFFFFFFFC8FFF00025016197A42B71140AE0380
0CEFD723CECC85722D0CC1EB1616C0AADAD403FFFFFFFFFFFC8FFF00024716197A42B71140AE0398
0CEFD723CED58572880CC1EA1616C3AADAD403FFFFFFFFFFFC9FFF00024616197A42B71140ADE3B0
0CEFD423CEDC8572E20CC1E41616C5AADAD403FFFFFFFFFFFC7FFF00024E16197A42B71140ADF3C8
0CEFCE23CEDF8573440CC1E11616C9AAEAD503FFFFFFFFFFFC8FFF00024F16197A42B71140ADE3E0
0CEFCC23CEE385739D0CC1E01616CBAAEAD503FFFFFFFFFFFC8FFF00024616197A42B71140ADE3F8
0CEFCA23CEE88573E80CC1DD1616CEAAFAD503FFFFFFFFFFFC7FFF00024A16197A42B71140ADE310
0CEFC123CEE48574410CC1D31616CCAAEAD503FFFFFFFFFFFC8FFF00024816197A42B71140ADE328
0CEFB523CEE38574A50CC1C71616CAAAEAD403FFFFFFFFFFFC9FFF00024716197A42B71140ADE340
0CEFB323CEEA8575060CC1C51616CDAAEAD403FFFFFFFFFFFC8FFF00024616197A42B71140ADE358
0CEFB323CEF085755A0CC1C61616D2AAEAD403FFFFFFFFFFFCAFFF00023E16197A42B71140ADD370
0CEFB623CEFE8575AD0CC1C81616D8AAFAD403FFFFFFFFFFFC7FFF00024516197A42B71140ADD388
0CEFB223CF008576070CC1C51616DCAAFAD403FFFFFFFFFFFC8FFF00023F16197A42B71140ADD3A0
0CEFAE23CF098576630CC1C01616DEAAEAD403FFFFFFFFFFFC9FFF00023A16197A42B71140ADC3B8
0CEFAE23CF118576C10CC1C01616E3AAEAD403FFFFFFFFFFFCAFFF00023D16197A42B71140ADC3D0
0CEFAB23CF1585771F0CC1BE1616E7AAEAD403FFFFFFFFFFFCAFFF00023B16197A42B71140ADC3E8
0CEFAF23CF278577730CC1C21616EDAAEAD403FFFFFFFFFFFC9FFF00023216197A42B71140ADC300
0CEFAF23CF2F8577C50CC1C21616F2AAEAD403FFFFFFFFFFFC9FFF00023916197A42B71140ADC318
0CEFB523CF418578220CC1C31616F9AAFAD303FFFFFFFFFFFC8FFF00023816197A42B71140ADC330
0CEFB123CF4A8578800CC1C41616FFAAFAD403FFFFFFFFFFFC7FFF00022E16197B42B71140ADB348
0CEFA823CF448578D90CC1BD161700AAFAD403FFFFFFFFFFFC8FFF00023216197B42B71140ADB360
0CEFAA23CF508579320CC1BD161704AAFAD503FFFFFFFFFFFC9FFF00021F16197B42B71140ADB378
0CEFAB23CF5E85798B0CC1BE16170BAAFAD503FFFFFFFFFFFC7FFF00022C16197B42B71140ADB390
0CEFAB23CF658579E60CC1BE161710AAFAD503FFFFFFFFFFFC8FFF00022A16197B42B71140ADA3A8
0CEFA423CF68857A450CC1B716170FAB0AD503FFFFFFFFFFFC8FFF00022116197B42B71140ADA3C0
0CEF9E23CF69857A9D0CC1B3161711AB0AD503FFFFFFFFFFFC7FFF00022116197B42B71140ADA3D8
0CEF9D23CF6D857AED0CC1B2161715AB0AD503FFFFFFFFFFFC7FFF00022616197B42B71140ADA3F0
0CEF9E23CF77857B3E0CC1B516171AAAFAD503FFFFFFFFFFFC8FFF00022216197B42B71140ADA308
0CEFA823CF8E857B560CC1BF16171FAAFAD503FFFFFFFFFFFC8FFF00021516197B42B71140ADA320
0CEFBF23CFA8857B480CC1D316172EAADAD503FFFFFFFFFFFC9FFF00021816197B42B71140ADA338
0CEFC523CFB4857B510CC1D8161731AADAD503FFFFFFFFFFFC8FFF00021716197B42B71140AD9350
0CEFB123CF96857B490CC1D1161728AAEAD503FFFFFFFFFFFC8FFF00020616197B42B71140AD9368
0CEFC123CFAA857B3A0CC1C6161723AAEAD503FFFFFFFFFFFC9FFF00021516197B42B71140AD9380
0CEFC223CFAF857B370CC1D616172EAAEAD503FFFFFFFFFFFC9FFF00021216197B42B71140AD8398
0CEFC723CFB3857B360CC1E0161737AAEAD503FFFFFFFFFFFC8FFF00020616197B42B71140AD83B0
0CEFC823CFB6857B3E0CC1E716173DAAEAD503FFFFFFFFFFFC7FFF00020316197B42B71140AD83C8
0CEFC723CFB2857B4B0CC1E616173EAAEAD503FFFFFFFFFFFC7FFF00020316197B42B71140AD73E0
0CEFC623CFB3857B4A0CC1DE161738AAEAD503FFFFFFFFFFFC6FFF00020216197B42B71140AD83F8
0CEFC823CFBA857B470CC1DB161734AAEAD503FFFFFFFFFFFC7FFF0001F816197B42B71140AD8310
0CEFCA23CFB6857B450CC1E716173DAAEAD503FFFFFFFFFFFC8FFF0001FF16197B42B71140AD7328
0CEFBB23CFA2857B330CC1ED16173FAAFAD503FFFFFFFFFFFC8FFF0001FC16197B42B71140AD7340
0CEFBA23CF9F857B2A0CC1E316173AAAFAD503FFFFFFFFFFFC8FFF0001EF16197B42B71140AD7358
0CEFBC23CFA6857B430CC1DD161736AB0AD503FFFFFFFFFFFC8FFF0001F316197B42B71140AD6370
0CEFBB23CFA4857B4F0CC1DF161737AAFAD503FFFFFFFFFFFC8FFF0001F016197B42B71140AD6388
0CEFB523CF9A857B3F0CC1DF161736AAFAD503FFFFFFFFFFFC8FFF0001E316197B42B71140AD63A0
0CEFB423CF9D857B430CC1E0161738AAFAD603FFFFFFFFFFFC8FFF0001D816197B42B71140AD63B8
0CEFBD23CFA6857B4B0CC1D8161732AB0AD603FFFFFFFFFFFC9FFF0001E616197B42B71140AD63D0
0CEFBE23CFA6857B3A0CC1D616172EAB0AD603FFFFFFFFFFFC8FFF0001DB16197B42B71140AD63E8
0CEFB923CFA0857B2E0CC1CD161728AB1AD603FFFFFFFFFFFC8FFF0001DF16197B42B71140AD6300
0CEFB923CFA1857B3D0CC1D116172EAB0AD503FFFFFFFFFFFC8FFF0001D516197B42B71140AD5318
0CEFB623CFA3857B4C0CC1D7161733AB0AD603FFFFFFFFFFFC8FFF0001D616197B42B71140AD4330
0CEFB823CFA3857B480CC1D5161730AB0AD603FFFFFFFFFFFC8FFF0001D416197B42B71140AD4348
0CEFC023CFAA857B460CC1D016172DAAFAD603FFFFFFFFFFFC8FFF0001C716197B42B71140AD4360
0CEFB623CF9C857B440CC1D516172FAAFAD603FFFFFFFFFFFC8FFF0001CB16197B42B71140AD4378
0CEFBB23CFA4857B390CC1D9161734AAFAD503FFFFFFFFFFFC8FFF0001C816197B42B71140AD4390
0CEFB123CF97857B3C0CC1DB161733AAFAD603FFFFFFFFFFFC8FFF0001BD16197C42B71140AD43A8
0CEFA723CF83857B400CC1D116172DAAFAD503FFFFFFFFFFFC7FFF0001C216197C42B71140AD43C0
0CEF9F23CF7B857B430CC1C3161721AAEAD503FFFFFFFFFFFC8FFF0001BE16197C42B71140AD33D8
0CEF9F23CF7D857B4F0CC1C3161723AAFAD503FFFFFFFFFFFC7FFF0001B216197C42B71140AD33F0
0CEFA123CF80857B450CC1BB161719AAFAD56E2FFFFFFFFFFC8FFF0001B516197C42B71140AD3308
0CEF9F23CF79857B340CC1C3161720AAFAD5460FFFFFFFFFFC7FFF0001B016197C42B71140AD2320
0CEF9A23CF74857B400CC1BC16171CAB0AD503FFFFFFFFFFFC7FFF0001AD16197C42B71140AD2338
0CEF9B23CF76857B4F0CC1B6161716AB0AD503FFFFFFFFFFFC8FFF0001A216197C42B71140AD2350
0CEF9B23CF76857B420CC1BF16171BAB0AD503FFFFFFFFFFFC8FFF0001A716197C42B71240AD2368
0CEF9B23CF76857B3A0CC1C116171FAB0AD503FFFFFFFFFFFC8FFF0001A416197C42B71240AD2380
0CEF9B23CF75857B3F0CC1B9161718AB0AD503FFFFFFFFFFFC8FFF0001A016197C42B71240AD2398
0CEF9C23CF79857B3F0CC1B7161719AB0AD503FFFFFFFFFFFC8FFF00019216197C42B71140AD13B0
0CEF9C23CF75857B490CC1B7161718AB0AD503FFFFFFFFFFFC8FFF00019616197C42B71140AD13C8
0CEF9C23CF77857B4D0CC1B9161719AB0AD503FFFFFFFFFFFC8FFF00019316197C42B71240AD03E0
0CEF9B23CF76857B430CC1BA161717AAFAD503FFFFFFFFFFFC9FFF00018916197C42B71240AD03F8
0CEF9C23CF76857B3E0CC1B8161718AAFAD603FFFFFFFFFFFC9FFF00018E16197C42B71240AD0310
0CEF9C23CF77857B400CC1B9161718AAFAD503FFFFFFFFFFFC7FFF00017B16197C42B71240AD0328
0CEF9C23CF77857B3F0CC1B9161718AAFAD503FFFFFFFFFFFC7FFF00018716197C42B71240AD0340
0CEF9C23CF79857B3F0CC1B9161718AAFAD503FFFFFFFFFFFC8FFF00018316197C42B71240AD0358
0CEF9D23CF7A857B440CC1B8161717AB0AD503FFFFFFFFFFFC8FFF00018016197C42B71240AD0370
0CEF9D23CF77857B4B0CC1B8161719AB0AD503FFFFFFFFFFFC8FFF00016E16197C42B71240AD0388
0CEF9D23CF77857B460CC1BA161717AB0AD403FFFFFFFFFFFC8FFF00017B16197C42B71240AD03A0
0CEF9C23CF75857B390CC1B9161717AAFAD403FFFFFFFFFFFC8FFF00017816197C42B71240AD03B8
0CEF9D23CF78857B3F0CC1B8161719AAFAD403FFFFFFFFFFFC9FFF00017516197C42B71240AD03D0
0CEF9C23CF78857B4D0CC1B9161719AB0AD403FFFFFFFFFFFC9FFF00017316197C42B71240ACE3E8
0CEF9C23CF78857B460CC1BA161719AB0AD503FFFFFFFFFFFC9FFF00016116197C42B71240ACE300
0CEF9B23CF79857B3B0CC1B7161716AB0AD503FFFFFFFFFFFC9FFF00017016197C42B71240ACE318
0CEF9C23CF76857B400CC1B5161716AAFAD503FFFFFFFFFFFC9FFF00016D16197C42B71240ACE330
0CEF9C23CF7A857B470CC1B4161716AAFAD503FFFFFFFFFFFC8FFF00016216197C42B71240ACE348
0CEF9D23CF7B857B490CC1B4161715AAFAD503FFFFFFFFFFFC9FFF00016016197C42B71240ACD360
0CEF9F23CF79857B460CC1B5161716AAFAD603FFFFFFFFFFFC9FFF00016616197C42B71240ACD378
0CEF9E23CF7A857B420CC1B5161715AAEAD503FFFFFFFFFFFC8FFF00016616197C42B71240ACD390
0CEFA023CF79857B3D0CC1B4161715AAEAD603FFFFFFFFFFFC8FFF00016416197D42B71240ACC3A8
0CEFA023CF79857B3C0CC1B4161714AAEAD503FFFFFFFFFFFC9FFF00016316197D42B71240ACC3C0
0CEF9E23CF7A857B470CC1B4161715AAEAD603FFFFFFFFFFFC9FFF00016116197D42B71240ACC3D8
0CEF9D23CF7B857B4C0CC1B5161717AAFAD603FFFFFFFFFFFC9FFF00015016197D42B71240ACC3F0
0CEF9F23CF7F857B480CC1B8161718AAFAD503FFFFFFFFFFFC9FFF00015F16197D42B71240ACC308
0CEFA123CF7D857B400CC1BC16171BAAFAD603FFFFFFFFFFFC9FFF00015E16197D42B71240ACC320
0CEFA223CF7E857B400CC1BB16171AAAFAD503FFFFFFFFFFFC9FFF00015516197D42B71240ACC338
0CEFA123CF7E857B450CC1BC16171BAAFAD503FFFFFFFFFFFC8FFF00015C16197D42B71240ACB350
0CEFA623CF89857B3E0CC1BF16171CAAFAD503FFFFFFFFFFFC9FFF00015316197D42B71240ACA368
0CEFAC23CF8C857B480CC1BC16171DAAFAD503FFFFFFFFFFFC8FFF00015C16197D42B71240ACA380
0CEFAB23CF8F857B4E0CC1BE16171DAAFAD503FFFFFFFFFFFC8FFF00015C16197D42B71240ACA398
0CEFB023CF92857B3A0CC1C216171CAAFAD503FFFFFFFFFFFC8FFF00015316197D42B71240ACA3B0
0CEFB123CF99857B3A0CC1C016171FAAFAD503FFFFFFFFFFFC8FFF00015116197D42B71240ACA3C8
0CEFB723CFA1857B4E0CC1BF16171EAAFAD503FFFFFFFFFFFC8FFF00015816197D42B71240ACA3E0
0CEFBB23CFA8857B4A0CC1C3161721AAFAD503FFFFFFFFFFFC9FFF00015916197D42B71240ACA3F8
0CEFB323CF98857B3C0CC1C216171FAAFAD503FFFFFFFFFFFC8FFF00015816197D42B71240AC9310
0CEFB523CF9E857B440CC1C7161724AB0AD503FFFFFFFFFFFC7FFF00015916197D42B71240ACA328
0CEFBA23CFA4857B4C0CC1CF16172BAB0AD503FFFFFFFFFFFC8FFF00015116197D42B71240AC9340
0CEFB923CFA2857B420CC1CE161729AAFAD503FFFFFFFFFFFC8FFF00015016197D42B71240AC8358
0CEFBA23CFA1857B3D0CC1CC161728AAFAD403FFFFFFFFFFFC9FFF00014E16197D42B71240AC8370
0CEFBA23CFA9857B480CC1D016172EAB0AD503FFFFFFFFFFFC8FFF00015516197D42B71240AC9388
0CEFBA23CFA1857B460CC1CF16172AAB0AD503FFFFFFFFFFFC8FFF00014C16197D42B71240AC83A0
0CEFB923CFA5857B430CC1CE16172BAAFAD503FFFFFFFFFFFC8FFF00015516197D42B71240AC83B8
0CEFB923CFA3857B4D0CC1CF16172CAAFAD503FFFFFFFFFFFC8FFF00014516197D42B71240AC83D0
0CEFBC23CFA4857B4A0CC1D216172CAAFAD503FFFFFFFFFFFC8FFF00015516197D42B71240AC83E8
0CEFB923CFA0857B400CC1D416172DAAFAD503FFFFFFFFFFFC8FFF00015316197D42B71240AC8300
0CEFB123CF9B857B3B0CC1D116172CAAFAD503FFFFFFFFFFFC9FFF00014916197D42B71240AC7318
0CEFB123CF95857B440CC1D016172CAAFAD503FFFFFFFFFFFC9FFF00014A16197D42B71240AC7330
0CEFA523CF82857B550CC1C6161725AAEAD503FFFFFFFFFFFC9FFF00014E16197D42B71240AC6348
0CEFA523CF8B857B500CC1C3161722AAEAD503FFFFFFFFFFFC9FFF00014916197D42B71240AC6360
0CEF9E23CF7B857B3D0CC1C8161726AAEAD403FFFFFFFFFFFC9FFF00015016197D42B71240AC6378
0CEF9B23CF78857B390CC1B9161719AAFAD503FFFFFFFFFFFC8FFF00014816197D42B71240AC6390
0CEF9B23CF74857B420CC1B7161718AAFAD503FFFFFFFFFFFC8FFF00014616197D42B71240AC63A8
0CEF9C23CF7A857B4D0CC1B7161718AB0AD503FFFFFFFFFFFC8FFF00014D16197D42B71240AC53C0
0CEF9C23CF78857B510CC1B7161718AB0AD503FFFFFFFFFFFC8FFF00014D16197E42B71240AC53D8
0CEF9E23CF7C857B4B0CC1B7161716AB0AD503FFFFFFFFFFFC9FFF00014416197E42B71240AC53F0
0CEF9A23CF73857B430CC1B8161716AB0AD503FFFFFFFFFFFC9FFF00014C16197E42B71240AC5308
0CEF9B23CF6F857B270CC1B9161714AAFAD503FFFFFFFFFFFC8FFF00014C16197E42B71240AC4320
0CEF9A23CF6B857AFA0CC1B6161711AAFAD503FFFFFFFFFFFC8FFF00014A16197E42B71240AC4338
0CEF9F23CF6D857AB90CC1B716170EAAFAD403FFFFFFFFFFFC8FFF00014916197E42B71240AC4350
0CEFA923CF70857A640CC1B7161708AAFAD403FFFFFFFFFFFC8FFF00014016197E42B71240AC4368
0CEFA523CF628579F90CC1B7161706AAFAD403FFFFFFFFFFFC8FFF00014716197E42B71240AC4380
0CEFA423CF518579750CC1B81616FFAAFAD503FFFFFFFFFFFC7FFF00013E16197E42B71240AC4398
0CEFA323CF408578E40CC1BE1616FBAAFAD503FFFFFFFFFFFC7FFF00013616197E42B71240AC33B0
0CEFA723CF388578630CC1C31616F5AAFAD503FFFFFFFFFFFC8FFF00014516197E42B71240AC33C8
0CEFA723CF298577EC0CC1C51616EFAAFAD403FFFFFFFFFFFC8FFF00014416197E42B71240AC33E0
0CEFAC23CF2185776D0CC1C81616ECAAFAD403FFFFFFFFFFFC8FFF00013A16197E42B71240AC23F8
0CEFAD23CF188576EF0CC1C91616E4AAFAD403FFFFFFFFFFFC8FFF00014116197E42B71240AC2310
0CEFAC23CF0785767D0CC1C81616DDAAFAD403FFFFFFFFFFFC7FFF00013816197E42B71240AC2328
0CEFAF23CF0185760A0CC1CB1616D8AAEAD303FFFFFFFFFFFC7FFF00013816197E42B71240AC2340
0CEFAE23CEF18575820CC1CA1616D0AAEAD303FFFFFFFFFFFC8FFF00013E16197E42B71240AC2358
0CEFAC23CEDE8575000CC1C81616C7AADAD303FFFFFFFFFFFC9FFF00013E16197E42B71240AC2370
0CEFB223CEDD85748F0CC1D31616C8AADAD303FFFFFFFFFFFC9FFF00013416197E42B71240AC2388
0CEFBF23CEDE8574150CC1DC1616C8AADAD303FFFFFFFFFFFC8FFF00013A16197E42B71240AC13A0
0CEFC423CED98573950CC1E01616C5AADAD303FFFFFFFFFFFC8FFF00013A16197E42B71240AC13B8
0CEFD123CEDF85731E0CC1EE1616C8AADAD303FFFFFFFFFFFC8FFF00013316197E42B71240AC13D0
0CEFD723CED98572A00CC1F21616C4AADAD303FFFFFFFFFFFC9FFF00013A16197E42B71240AC03E8
0CEFD623CECD85721E0CC1F11616BCAADAD303FFFFFFFFFFFC9FFF00013116197E42B71240AC0300
0CEFD123CEB78571AA0CC1EF1616B2AADAD303FFFFFFFFFFFC9FFF00012616197E42B71240AC0318
0CEFD123CEA58571380CC1ED1616ABAADAD303FFFFFFFFFFFC8FFF00013516197E42B71240AC0330
0CEFD023CE9B8570BB0CC1EB1616A1AAEAD303FFFFFFFFFFFC8FFF00013416197E42B71240AC0348
0CEFD023CE908570400CC1EC16169DAAEAD303FFFFFFFFFFFC8FFF00013416197E42B71240ABF360
0CEFD523CE85856FC80CC1F2161698AADAD303FFFFFFFFFFFC8FFF00012D16197E42B71240ABF378
0CEFDF23CE87856F3E0CC1FF16169CAADAD303FFFFFFFFFFFC8FFF00013516197E42B71240ABE390
0CEFF623CE99856EBB0CC2141616A2AADAD303FFFFFFFFFFFC7FFF00012C16197E42B71240ABE3A8
0CEFFF23CE99856E520CC21E1616A3AACAD22D2FFFFFFFFFFC7FFF00012F16197E42B71240ABF3C0
0CF00623CE96856DE30CC2211616A0AACAD3248FFFFFFFFFFC9FFF00012F16197E42B71240ABE3D8
0CF00223CE83856D650CC217161692AACAD303FFFFFFFFFFFC9FFF00012716197E42B71240ABE3F0
0CF00323CE77856CEA0CC214161688AACAD23F8FFFFFFFFFFC8FFF00013016197F42B71240ABE308
0CF00223CE6A856C6A0CC21E16168AAACAD3306FFFFFFFFFFC7FFF00013016197F42B71240ABE320
0CF00723CE63856BE30CC224161686AACAD24E0FFFFFFFFFFC7FFF00012F16197F42B71240ABE338
0CF00B23CE5A856B6C0CC228161681AADAD2394FFFFFFFFFFC7FFF00012416197F42B71240ABC350
0CF01A23CE64856B020CC237161686AADAD203FFFFFFFFFFFC6FFF00012A16197F42B71140ABD368
0CF03D23CE89856A910CC254161693AADAD25A0FFFFFFFFFFC7FFF00012B16197F42B71240ABC380
0CF04323CE84856A100CC23B16167BAADAD2403FFFFFFFFFFC8FFF00011C16197F42B71240ABC398
0CF05623CE8F8569870CC27016169FAADAD203FFFFFFFFFFFC8FFF00012B16197F42B71240ABC3B0
0CF07123CEA88569070CC28D1616ABAADAD22F4FFFFFFFFFFC8FFF00012A16197F42B71240ABC3C8
0CF08023CEB18568940CC29B1616AEAADAD203FFFFFFFFFFFC8FFF00012016197F42B71140ABC3E0
0CF09E23CED18568260CC2AB1616B3AACAD203FFFFFFFFFFFC8FFF00012616197F42B71140ABC3F8
0CF0B923CEE98567B10CC2AA1616ADAACAD2409FFFFFFFFFFC9FFF00011E16197F42B71140ABB310
0CF0CB23CEFA85672D0CC2B21616AEAACAD203FFFFFFFFFFFC8FFF00012716197F42B71140ABC328
0CF0D223CEEE8566AA0CC2E41616CBAABAD204DFFFFFFFFFFC9FFF00012716197F42B71140ABB340
0CF0D523CEEC8566370CC2F11616CFAABAD37ADFFFFFFFFFFC8FFF00011616197F42B71140ABB358
0CF0DD23CEE88565C80CC2F71616CCAACAD303FFFFFFFFFFFC8FFF00012516197F42B71140ABA370
0CF0E623CEE785654B0CC2F61616C6AADAD3119FFFFFFFFFFC9FFF00011316197F42B71140ABA388
0CF0EB23CEE18564C80CC2F91616C1AAEAD393FFFFFFFFFFFC8FFF00012216197F42B71140ABA3A0
0CF0EF23CED985644F0CC3061616C3AAEAD203FFFFFFFFFFFC8FFF00012316197F42B71140ABA3B8
0CF0F023CECC8563DB0CC30A1616BEAAEAD2370FFFFFFFFFFC8FFF00012316197F42B71140ABA3D0
0CF0FA23CECD85635C0CC30F1616BBAAEAD20C9FFFFFFFFFFC8FFF00012316197F42B71140AB93E8
0CF11123CEE48562E30CC3231616C3AAEAD203FFFFFFFFFFFC9FFF00012216197F42B71140AB9300
0CF11E23CEEE8562730CC32F1616C8AAEAD355EFFFFFFFFFFC8FFF00011A16197F42B71140AB9318
0CF13823CF008561F50CC3481616D4AAEAD3114FFFFFFFFFFC8FFF00012116197F42B71140AB8330
0CF13F23CEFF8561750CC3421616C8AAEAD303FFFFFFFFFFFC9FFF00011816197F42B71140AB8348
0CF14E23CF048561030CC3691616DEAAEAD36DFFFFFFFFFFFC8FFF00011F16197F42B71140AB8360
0CF15123CEFD85608D0CC3691616D7AAEAD314CFFFFFFFFFFC8FFF00012016197F42B71140AB8378
0CF14D23CEEA85600B0CC35A1616C5AADAD303FFFFFFFFFFFC8FFF00011716197F42B71140AB8390
0CF14D23CEDE855F8D0CC3641616C5AACAD3796FFFFFFFFFFC8FFF00011F16197F42B71140AB83A8
0CF15323CED4855F190CC36A1616C2AACAD3167FFFFFFFFFFC8FFF00011E16197F42B71140AB83C0
0CF15123CEC7855EA30CC3671616B8AADAD30C3FFFFFFFFFFC8FFF00011E16197F42B71140AB73D8
0CF14F23CEBA855E260CC35F1616ADAADAD3B60FFFFFFFFFFC8FFF00011516197F42B71140AB63F0
0CF14D23CEA5855DA50CC3611616A8AADAD21BAFFFFFFFFFFC8FFF00011D16198042B71140AB6308
0CF15123CE9F855D2A0CC3691616A6AADAD2119FFFFFFFFFFC8FFF00011516198042B71140AB6320
0CF15323CE94855CAF0CC36A16169EAADAD2308FFFFFFFFFFC8FFF00011C16198042B71140AB6338
0CF14F23CE7E855C2F0CC365161694AADAD203FFFFFFFFFFFCAFFF00010C16198042B71140AB6350
0CF14B23CE6B855BAA0CC36216168AAACAD21E0FFFFFFFFFFC8FFF00011C16198042B71140AB6368
0CF14A23CE5D855B2D0CC362161682AACAD24B6FFFFFFFFFFC9FFF00011216198042B71140AB6380
0CF14A23CE4E855AB50CC36316167CAADAD203FFFFFFFFFFFC9FFF00011A16198042B71140AB6398
0CF14F23CE4D855A380CC366161677AADAD2294FFFFFFFFFFC8FFF00011916198042B71140AB63B0
0CF15523CE438559B80CC367161671AADAD25F0FFFFFFFFFFC7FFF00011316198042B71140AB53C8
0CF16023CE448559370CC373161671AADAD203FFFFFFFFFFFC7FFF00011A16198042B71140AB43E0
0CF17423CE578558AF0CC396161686AADAD2219FFFFFFFFFFC6FFF00011A16198042B71140AB43F8
0CF19423CE7685582E0CC3B5161696AACAD252AFFFFFFFFFFC6FFF00010F16198042B71140AB4310
0CF1A723CE7E8557B70CC3C0161694AACAD203FFFFFFFFFFFC7FFF00011616198042B71140AB4328
0CF1B223CE828557420CC3C116168FAACAD239EFFFFFFFFFFC7FFF00011616198042B71140AB4340
0CF1BB23CE848556C20CC3AE16167AAACAD26B0FFFFFFFFFFC8FFF00010F16198042B71140AB4358
0CF1D023CE9285563D0CC3CB16168BAACAD103FFFFFFFFFFFC8FFF00010F16198042B71140AB3370
0CF1EC23CEAB8555B70CC40D1616B5AACAD254DFFFFFFFFFFC8FFF00011616198042B71140AB2388
0CF20323CEBC8555310CC4181616B5AADAD27BCFFFFFFFFFFC7FFF00011516198042B71140AB33A0
0CF20723CEB48554B60CC4131616AAAADAD203FFFFFFFFFFFC8FFF00011416198042B71140AB23B8
0CF20A23CEAC8554450CC41E1616ABAADAD23A8FFFFFFFFFFC7FFF00010B16198042B71140AB23D0
0CF21823CEB28553CC0CC4231616A9AADAD203EFFFFFFFFFFC7FFF00011316198042B71140AB23E8
0CF21B23CEAD8553470CC40B161690AACAD203FFFFFFFFFFFC7FFF00011316198042B71140AB2300
0CF22523CEAB8552C10CC43F1616B0AACAD2593FFFFFFFFFFC8FFF00010C16198042B71140AB2318
0CF23023CEAD85523F0CC44C1616B1AACAD203DFFFFFFFFFFC9FFF00011216198042B71140AB2330
0CF23723CEA68551C10CC44C1616A9AACAD203FFFFFFFFFFFC8FFF00010C16198042B71140AB2348
0CF23A23CE9B8551420CC44E1616A4AACAD2818FFFFFFFFFFC7FFF00011016198042B71140AB1360
0CF24B23CEAA8550C70CC445161698AACAD203DFFFFFFFFFFC7FFF00011116198042B71140AB0378
0CF26123CEBC8550500CC4721616B2AACAD20C7FFFFFFFFFFC8FFF00010916198042B71140AB1390
0CF26823CEB7854FD10CC4791616B0AADAD2A6CFFFFFFFFFFC9FFF00011016198042B71140AB03A8
0CF27A23CEC2854F4F0CC46E1616A0AADAD203CFFFFFFFFFFC8FFF00010816198042B71140AB03C0
0CF29B23CEE4854ECA0CC4A41616C2AADAD2283FFFFFFFFFFC8FFF00011116198042B71140AB03D8
0CF2CC23CF20854E460CC4E91616F0AADAD222AFFFFFFFFFFC8FFF00011016198042B71140AB03F0
0CF30723CF61854DCA0CC4F91616F4AADAD203FFFFFFFFFFFC8FFF00011016198042B71140AB0308
0CF31623CF6A854D550CC51C161707AADAD154CFFFFFFFFFFC9FFF0000FF16198042B71140AB0320
0CF32423CF6E854CE00CC51F161702AADAD23FFFFFFFFFFFFC9FFF00011016198142B71140AAF338
0CF30223CF34854C5B0CC4F11616DAAADAD203FFFFFFFFFFFC8FFF00011016198142B71140AAF350
0CF32A23CF5E854BCF0CC53F16170EAADAD23D2FFFFFFFFFFC8FFF00010F16198142B71140AAE368
0CF33523CF61854B4E0CC54916170DAADAD303FFFFFFFFFFFC7FFF00010E16198142B71140AAE380
0CF33A23CF59854ADF0CC547161704AAEAD403FFFFFFFFFFFC7FFF00010E16198142B71140AAE398
0CF34223CF56854A640CC54D161701AAEAD44CBFFFFFFFFFFC8FFF00010716198142B71140AAE3B0
0CF34023CF478549DB0CC53F1616F0AADAD403FFFFFFFFFFFC7FFF00010F16198142B71140AAE3C8
0CF34823CF438549590CC5551616FAAADAD3042FFFFFFFFFFC8FFF00010816198142B71140AAE3E0
0CF34D23CF408548DE0CC55E1616F8AACAD37A3FFFFFFFFFFC8FFF00011016198142B71140AAD3F8
0CF35023CF328548630CC55E1616F4AACAD3072FFFFFFFFFFC8FFF00010F16198142B71140AAD310
0CF34E23CF248547EC0CC5541616E5AADAD4984FFFFFFFFFFC8FFF0000FE16198142B71140AAC328
0CF35B23CF2C85476A0CC5691616ECAADAD4087FFFFFFFFFFC8FFF00010F16198142B71140AAC340
0CF37123CF3B8546E70CC57C1616F4AADAD49CCFFFFFFFFFFC9FFF00010816198142B71140AAC358
0CF37D23CF3E8546680CC58E1616FAAADAD403FFFFFFFFFFFC8FFF00011016198142B71140AAC370
0CF38423CF388545E70CC5951616F9AADAD3237FFFFFFFFFFC8FFF00011116198142B71140AAC388
0CF38723CF2F8545690CC59A1616F6AADAD309FFFFFFFFFFFC8FFF00010916198142B71140AAC3A0
0CF39123CF318544EE0CC5A01616F2AACAD403FFFFFFFFFFFC9FFF00010A16198142B71140AAB3B8
0CF3A023CF3885446F0CC5B01616F7AACAD403FFFFFFFFFFFC8FFF00011316198142B71140AAB3D0
0CF3BD23CF548543F30CC5BD1616FAAADAD403FFFFFFFFFFFC8FFF00010A16198142B71140AAB3E8
0CF3DC23CF728543760CC5EE161717AADAD303FFFFFFFFFFFC8FFF00011316198142B71140AAB300
0CF3EC23CF798542F50CC5EC16170EAADAD303FFFFFFFFFFFC9FFF00011316198142B71140AAA318
0CF3FD23CF8B8542750CC5FE161717AAEAD303FFFFFFFFFFFC8FFF00010B16198142B71140AAA330
0CF40C23CF8E8541F90CC615161720AAEAD303FFFFFFFFFFFC8FFF00011516198142B71140AAA348
0CF42523CFA685417A0CC638161735AAEAD403FFFFFFFFFFFC9FFF00011616198142B71140AAA360
0CF43423CFAA8540F60CC63E161732AAEAD403FFFFFFFFFFFC8FFF00010E16198142B71140AAA378
0CF44623CFBB85407B0CC65416173AAAEAD403FFFFFFFFFFFC7FFF00011016198142B71140AAA390
0CF45723CFBE8540050CC65A161738AAEAD403FFFFFFFFFFFC7FFF00011916198142B71140AA93A8
0CF46523CFC9853F7E0CC66916173EAAEAD403FFFFFFFFFFFC8FFF00011116198142B71140AA93C0
0CF49523CFFF853EFE0CC67E161745AAEAD403FFFFFFFFFFFC8FFF00010816198142B71140AA83D8
0CF4CB23D03D853E8C0CC6DD161786AAFAD403FFFFFFFFFFFC7FFF00011916198142B71140AA83F0
0CF4DB23D047853E0D0CC6DE161782AB0AD403FFFFFFFFFFFC7FFF00011C16198142B71140AA8308
0CF4E723D04A853D810CC6E6161782AB0AD403FFFFFFFFFFFC8FFF00011E16198142B71140AA8320
0CF50B23D072853CFF0CC71916179FAAFAD403FFFFFFFFFFFC7FFF00012016198242B71140AA8338
0CF51623D071853C8B0CC72216179FAAFAD403FFFFFFFFFFFC7FFF00012116198242B71140AA8350
0CF51E23D06D853C0E0CC71F161797AAFAD503FFFFFFFFFFFC8FFF00011E16198242B71140AA7368
0CF51E23D060853B8A0CC71816178BAAFAD503FFFFFFFFFFFC8FFF00011A16198242B71140AA7380
0CF52223D05A853B110CC731161795AAFAD503FFFFFFFFFFFC8FFF00012016198242B71140AA7398
0CF52A23D05B853A9E0CC732161790AAFAD503FFFFFFFFFFFC7FFF00011D16198242B71140AA63B0
0CF52823D047853A170CC72C161785AAFAD503FFFFFFFFFFFC7FFF00011416198242B71140AA63C8
0CF52223D0328539870CC72F16177FAB0AD503FFFFFFFFFFFC7FFF00012816198242B71140AA63E0
0CF52923D02E8539090CC73516177BAB1AD503FFFFFFFFFFFC8FFF00012916198242B71140AA63F8
0CF52D23D0278538990CC735161774AB1AD503FFFFFFFFFFFC8FFF00012916198242B71140AA6310
0CF53323D0208538200CC73B161773AB0AD503FFFFFFFFFFFC8FFF00012916198242B71140AA6328
0CF53C23D0238537A10CC740161770AB0AD503FFFFFFFFFFFC9FFF00012916198242B71140AA5340
0CF54723D0228537230CC74A161770AB0AD503FFFFFFFFFFFC9FFF00012D16198242B71140AA5358
0CF54723D0148536A10CC74F16176DAAFAD503FFFFFFFFFFFC8FFF00012816198242B71140AA4370
0CF54623D00585361B0CC74E161764AAEAD503FFFFFFFFFFFC8FFF00013216198242B71140AA5388
0CF54423CFF185359A0CC74C16175BAAFAD403FFFFFFFFFFFC8FFF00013416198242B71140AA43A0
0CF54323CFE685351F0CC74A161752AAFAD403FFFFFFFFFFFC8FFF00012B16198242B71140AA43B8
0CF54023CFD58534A30CC746161748AAFAD403FFFFFFFFFFFC8FFF00013316198242B71140AA43D0
0CF53E23CFC685342A0CC749161742AAFAD403FFFFFFFFFFFC8FFF00012E16198242B71140AA43E8
0CF54023CFB88533B50CC74816173AAB0AD403FFFFFFFFFFFC8FFF00013616198242B71140AA4300
0CF54023CFAB8533320CC746161734AB0AD403FFFFFFFFFFFC9FFF00013B16198242B71140AA4318
0CF54323CF9F8532A60CC74A16172EAAFAD403FFFFFFFFFFFC8FFF00013E16198242B71140AA3330
0CF54723CF968532220CC74F16172AAAFAD403FFFFFFFFFFFC8FFF00013F16198242B71140AA3348
0CF54B23CF8D8531A70CC753161724AAEAD403FFFFFFFFFFFC8FFF00013716198242B71040AA3360
0CF55023CF858531320CC756161720AAEAD403FFFFFFFFFFFC8FFF00014016198242B71040AA2378
0CF55523CF858530C00CC75B16171EAAEAD403FFFFFFFFFFFC8FFF00013A16198242B71040AA2390
0CF56223CF868530430CC768161722AADAD403FFFFFFFFFFFC8FFF00013416198242B71140AA23A8
0CF56E23CF8D852FB90CC77B161728AADAD403FFFFFFFFFFFC8FFF00014616198242B71140AA23C0
0CF59123CFB2852F340CC79E16173BAAEAD403FFFFFFFFFFFC8FFF00014816198242B71040AA23D8
0CF5C023CFE0852EB80CC7C6161751AAFAD303FFFFFFFFFFFC8FFF00014116198242B71040AA13F0
0CF5C423CFDB852E400CC7CE161751AAFAD403FFFFFFFFFFFC8FFF00014B16198242B71040AA1308
0CF5C823CFD3852DC20CC7D016174CAAFAD403FFFFFFFFFFFC7FFF00014516198242B71040AA0320
0CF5CA23CFCB852D3D0CC7D5161748AAFAD403FFFFFFFFFFFC6FFF00014D16198242B71040AA0338
0CF5DA23CFD4852CBF0CC7E516174BAAFAD403FFFFFFFFFFFC8FFF00015016198242B71040AA0350
0CF60523D007852C4A0CC80716175FAAFAD403FFFFFFFFFFFC8FFF00015116198342B71040AA0368
0CF64623D04F852BCE0CC852161790AAFAD303FFFFFFFFFFFC8FFF00014216198342B71040AA0380
0CF65023D051852B460CC85216178CAAEAD403FFFFFFFFFFFC9FFF00015216198342B71040AA0398
0CF65323D04B852AC30CC85F16178DAAFAD403FFFFFFFFFFFC8FFF00014D16198342B71040AA03B0
0CF66D23D05D852A4F0CC877161796AAFAD403FFFFFFFFFFFC8FFF00014E16198342B71040A9F3C8
0CF67323D0588529D40CC878161793AAFAD403FFFFFFFFFFFC7FFF00014A16198342B71040A9F3E0
0CF67623D05285294B0CC871161787AB0AD403FFFFFFFFFFFC7FFF00015A16198342B71040A9F3F8
0CF67823D0478528CC0CC881161788AB0AD403FFFFFFFFFFFC8FFF00015B16198342B71040A9E310
0CF68423D0488528540CC889161789AB0AD403FFFFFFFFFFFC8FFF00015416198342B71040A9E328
0CF69723D0578527D80CC89D161792AB0AD403FFFFFFFFFFFC8FFF00015516198342B71040A9E340
0CF6A923D0658527540CC8AD161798AB0AD503FFFFFFFFFFFC8FFF00015E16198342B71040A9E358
0CF6BD23D0718526D00CC8C41617A1AAFAD503FFFFFFFFFFFC9FFF00016016198342B71040A9D370
0CF6E223D09C8526550CC8F01617BBAAFAD503FFFFFFFFFFFC8FFF00015916198342B71040A9D388
0CF73A23D10A8525DE0CC93F1617F1AAFAD503FFFFFFFFFFFC8FFF00016316198342B71040A9D3A0
0CF76123D1368525610CC94A1617F2AB0AD503FFFFFFFFFFFC8FFF00015C16198342B71040A9D3B8
0CF77023D13D8524DD0CC9591617F6AB0AD503FFFFFFFFFFFC8FFF00015D16198342B71040A9C3D0
0CF78F23D15B85245B0CC99416181CAB1AD603FFFFFFFFFFFC8FFF00016516198342B71040A9C3E8
0CF7A823D1718523DF0CC9B316182EAB1AD603FFFFFFFFFFFC8FFF00015E16198342B71040A9C300
0CF7CC23D1978523650CC9CD16183BAB1AD603FFFFFFFFFFFC8FFF00016716198342B71040A9C318
0CF80A23D1E48522E40CC9D716183BAB1AD603FFFFFFFFFFFC8FFF00016B16198342B71040A9C330
0CF84A23D2308522640CCA3416187BAB2AD704DFFFFFFFFFFC7FFF00016D16198342B71040A9C348
0CF88C23D27F8521E80CCA8F1618BBAB2AD6042FFFFFFFFFFC7FFF00016716198342B71040A9B360
0CF8B223D2A78521640CCABA1618D4AB2AD703FFFFFFFFFFFC8FFF00016D16198342B71040A9A378
0CF8D623D2CE8520E20CCAA71618BCAB2AD703FFFFFFFFFFFC8FFF00016E16198342B71040A9B390
0CF90323D30085206E0CCAF81618F5AB2AD703FFFFFFFFFFFC8FFF00016016198342B71040A9B3A8
0CF91B23D314851FF50CCB12161903AB2AD703FFFFFFFFFFFC8FFF00017316198342B71040A9A3C0
0CF93723D32F851F6C0CCAFF1618EBAB3AD803FFFFFFFFFFFC8FFF00017516198342B71040A9A3D8
0CF95423D34E851EE90CCB2E16190AAB3AD803FFFFFFFFFFFC8FFF00017616198342B71040A9A3F0
0CF95F23D350851E720CCB6516192BAB4AD803FFFFFFFFFFFC8FFF00017816198342B71040A9A308
0CF97723D364851DF90CCB69161929AB4AD803FFFFFFFFFFFC9FFF00017A16198342B71040A99320
0CF99323D381851D750CCB6416191FAB4AD803FFFFFFFFFFFC8FFF00017B16198342B71040A99338
0CF9B923D3A6851CEF0CCBAE161951AB5AD903FFFFFFFFFFFC7FFF00016E16198342B71040A99350
0CF9D723D3C4851C720CCBD5161966AB5AD903FFFFFFFFFFFC7FFF00017F16198342B71040A99368
0CF9DF23D3BE851BFC0CCBD416195DAB4AD903FFFFFFFFFFFC8FFF00018116198342B71040A98380
0CF9D823D3A6851B810CCBC916194CAB5ADA03FFFFFFFFFFFC8FFF00018416198342B71040A98398
0CF9FA23D3CF851B020CCBAF161934AB5ADA03FFFFFFFFFFFC8FFF00018016198342B71040A983B0
0CFA2723D3FD851A7D0CCC10161979AB5ADA03FFFFFFFFFFFC7FFF00018A16198442B71040A983C8
0CFA3923D40B8519EB0CCC28161983AB6ADA03FFFFFFFFFFFC7FFF00018C16198442B71040A973E0
0CFA5423D4218519670CCC55161999AB6ADA03FFFFFFFFFFFC8FFF00018516198442B71040A983F8
0CFA7623D4438518FD0CCC6F1619A9AB6ADA03FFFFFFFFFFFC9FFF00019116198442B71040A97310
0CFAC323D4A48518860CCC8C1619B7AB6ADA03FFFFFFFFFFFC8FFF00018C16198442B71040A96328
0CFACC23D4AC8517F50CCC69161997AB6ADB03FFFFFFFFFFFC8FFF00019816198442B71040A96340
0CFB2823D51885176B0CCD18161A16AB7ADB03FFFFFFFFFFFC8FFF00019316198442B71040A96358
0CFB5123D5448516F20CCD48161A32AB8ADB03FFFFFFFFFFFC8FFF00019416198442B71040A96370
0CFB6D23D5618516730CCD5A161A3AAB8ADC03FFFFFFFFFFFC9FFF00019916198442B71040A96388
0CFB7C23D56B8515EE0CCD3E161A1CAB8ADC03FFFFFFFFFFFC8FFF0001A316198442B71040A963A0
0CFBDA23D5E485156B0CCD97161A5CAB8ADD03FFFFFFFFFFFC8FFF0001A716198442B71040A963B8
0CFBE323D5E28514E70CCDE0161A8CAB8ADD03FFFFFFFFFFFC8FFF0001A916198442B71040A963D0
0CFBFF23D5FD85146C0CCDDA161A81AB9ADD03FFFFFFFFFFFC8FFF0001A316198442B71040A953E8
0CFC2223D6248513F80CCDDC161A7AAB9ADD03FFFFFFFFFFFC8FFF0001AD16198442B71040A95300
0CFC1923D60385136D0CCDE9161A7DAB9ADE03FFFFFFFFFFFC8FFF0001B016198442B71040A95318
0CFC4B23D6438512DE0CCE1A161A9DABAADE03FFFFFFFFFFFC9FFF0001B316198442B71040A94330
0CFC6423D6558512680CCE59161AC5ABAADE03FFFFFFFFFFFC9FFF0001B616198442B71040A94348
0CFC6723D6498511F20CCE5B161AC0ABAADF03FFFFFFFFFFFC8FFF0001B216198442B71040A94360
0CFC5E23D6328511680CCE38161A9DABAADF03FFFFFFFFFFFC6FFF0001BD16198442B71040A94378
0CFC7023D63F8510E10CCE5E161AB5ABAADF03FFFFFFFFFFFC7FFF0001B616198442B71040A94390
0CFC9023D65F8510620CCE8A161ACEABBADF03FFFFFFFFFFFC8FFF0001BF16198442B71040A933A8
0CFCA923D673850FE50CCE96161AD1ABAADF03FFFFFFFFFFFC8FFF0001C216198442B71040A933C0
0CFCC523D692850F680CCE87161ABEABAADF03FFFFFFFFFFFC9FFF0001BE16198442B71040A923D8
0CFCDB23D6A0850EE90CCE93161AC1ABAADF03FFFFFFFFFFFC9FFF0001C916198442B71040A923F0
0CFCF023D6AE850E600CCEB2161AD3ABAADF03FFFFFFFFFFFC9FFF0001CC16198442B71040A92308
0CFCFD23D6B5850DD50CCEF5161AFDABAADF03FFFFFFFFFFFC9FFF0001CA16198442B71040A92320
0CFD0623D6B5850D560CCEF8161AF8ABAADF03FFFFFFFFFFFC9FFF0001CA16198442B71040A92338
0CFD1023D6B1850CE50CCF00161AF6ABAADF03FFFFFFFFFFFCAFFF0001D116198442B71040A92350
0CFD1C23D6B6850C680CCEF6161AE8ABBADF03FFFFFFFFFFFC9FFF0001D416198442B71040A91368
0CFD2223D6B8850BE10CCEEC161ADAABBADF03FFFFFFFFFFFC9FFF0001C816198442B71040A91380
0CFD6F23D713850B590CCF67161B32ABBADF03FFFFFFFFFFFC8FFF0001D716198442B71040A91398
0CFD9B23D745850AD40CCF90161B49ABCADF03FFFFFFFFFFFC8FFF0001DA16198442B71040A913B0
0CFDC723D779850A5A0CCFB1161B5AABCADF03FFFFFFFFFFFC8FFF0001DC16198442B71040A903C8
0CFDC923D76A8509E40CCFA6161B4CABCADF03FFFFFFFFFFFC7FFF0001D716198442B71040A903E0
0CFDF523D7A085095E0CCF96161B37ABBAE003FFFFFFFFFFFC7FFF0001E116198542B71040A903F8
0CFE0723D7AC8508D50CCFC4161B56ABBAE003FFFFFFFFFFFC8FFF0001E316198542B71040A90310
0CFE3F23D7ED8508570CD033161BA3ABBAE103FFFFFFFFFFFC8FFF0001DE16198542B71040A90328
0CFE6823D8128507DB0CD04E161BAFABAAE003FFFFFFFFFFFC8FFF0001E316198542B71040A90340
0CFE7E23D82C85075B0CD057161BAFABAAE003FFFFFFFFFFFC9FFF0001D516198542B71040A90358
0CFEAD23D85E8506DC0CD071161BBCABAAE003FFFFFFFFFFFC7FFF0001E616198542B71040A90370
0CFEE823D8A285065A0CD0C1161BF4ABAAE103FFFFFFFFFFFC7FFF0001E816198542B71040A8E388
0CFF0823D8C68505D20CD0DA161BFEABBAE103FFFFFFFFFFFC8FFF0001EA16198542B71040A8E3A0
0CFF2E23D8ED85054E0CD0F3161C0BABCAE103FFFFFFFFFFFC8FFF0001EC16198542B71040A8E3B8
0CFF5623D9178504D60CD139161C39ABCAE103FFFFFFFFFFFC8FFF0001E516198542B71040A8E3D0
0CFF6B23D9278504570CD13C161C34ABDAE203FFFFFFFFFFFC8FFF0001ED16198542B71040A8E3E8
0CFF7F23D9368503D10CD138161C2CABDAE203FFFFFFFFFFFC7FFF0001E316198542B71040A8E300
0CFFA323D9608503550CD177161C54ABDAE303FFFFFFFFFFFC7FFF0001EB16198542B71040A8D318
0CFFB823D96D8502DE0CD197161C66ABDAE303FFFFFFFFFFFC9FFF0001EE16198542B71040A8D330
0CFFB923D95B8502550CD19C161C62ABEAE303FFFFFFFFFFFC8FFF0001F016198542B71040A8C348
0CFFB723D94F8501C30CD157161C27ABEAE303FFFFFFFFFFFC8FFF0001F116198542B71040A8C360
0CFFC323D9518501430CD1B2161C62ABEAE303FFFFFFFFFFFC9FFF0001F116198542B71040A8C378
0CFFDA23D9648500D10CD1BE161C64ABEAE403FFFFFFFFFFFC8FFF0001EA16198542B71040A8C390
0CFFFE23D98B8500520CD1D0161C6DABEAE403FFFFFFFFFFFC9FFF0001F116198542B71040A8C3A8
0D001423D9A284FFCA0CD1B1161C4DABFAE303FFFFFFFFFFFC9FFF0001F116198542B71040A8C3C0
0D008923DA3B84FF4C0CD27A161CE0ABFAE303FFFFFFFFFFFC9FFF0001E916198542B71040A8B3D8
0D00D123DA8C84FED20CD2B5161D05ABFAE303FFFFFFFFFFFC9FFF0001F116198542B71040A8B3F0
0D00E623DAA484FE4B0CD2BA161D04ABFAE303FFFFFFFFFFFC7FFF0001EA16198542B71040A8B308
0D014023DB1784FDC50CD323161D52ABFAE303FFFFFFFFFFFC7FFF0001EC16198542B71040A8A320
0D021A23DC3C84FD440CD422161E08AC0AE403FFFFFFFFFFFC8FFF0001F616198542B71040A8A338
0D025D23DC8F84FCC10CD418161DF9AC0AE403FFFFFFFFFFFC8FFF0001EF16198542B71040A8A350
0D026323DC8784FC430CD3FB161DDCAC0AE403FFFFFFFFFFFC8FFF0001F416198542B71040A8A368
0D029823DCC684FBC80CD42E161E00AC1AE503FFFFFFFFFFFC8FFF0001EA16198542B71040A8A380
0D027D23DC9484FB4C0CD437161E00AC2AE503FFFFFFFFFFFC8FFF0001E916198542B71040A89398
0D027223DC8084FAD00CD426161DEAAC3AE603FFFFFFFFFFFC8FFF0001F116198542B71040A893B0
0D028D23DC9184FA440CD457161E09AC3AE703FFFFFFFFFFFC8FFF0001EB16198542B71040A893C8
0D029123DC8884F9B60CD45E161E07AC4AE803FFFFFFFFFFFC7FFF0001ED16198542B71040A883E0
0D02A423DC9584F9370CD483161E1BAC5AE803FFFFFFFFFFFC7FFF0001F516198542B71040A883F8
0D02B523DC9F84F8BE0CD489161E19AC5AE803FFFFFFFFFFFC8FFF0001F516198542B71040A88310
0D02CE23DCB984F8450CD496161E1DAC4AE803FFFFFFFFFFFC8FFF0001F216198542B71040A88328
0D032123DD2984F7C60CD498161E18AC4AE903FFFFFFFFFFFC8FFF0001E816198642B71040A88340
0D039923DDC384F73F0CD542161E97AC4AE903FFFFFFFFFFFC7FFF0001F016198642B71040A87358
0D03F023DE2C84F6BE0CD5D9161F00AC4AE903FFFFFFFFFFFC7FFF0001F016198642B71040A87370
0D043C23DE8C84F63C0CD613161F26AC4AE903FFFFFFFFFFFC8FFF0001EA16198642B71040A88388
0D045A23DEA984F5B50CD643161F46AC4AE903FFFFFFFFFFFC8FFF0001F416198642B71040A863A0
0D04A423DF0484F5350CD67A161F69AC5AEA03FFFFFFFFFFFC8FFF0001F316198642B71040A863B8
0D04CC23DF3184F4BB0CD6A3161F82AC6AEA03FFFFFFFFFFFC8FFF0001F216198642B71040A863D0
0D04DF23DF4384F4350CD6AB161F7DAC6AEB03FFFFFFFFFFFC9FFF0001E816198642B71040A863E8
0D053C23DFB784F3B60CD6C1161F8DAC7AEB03FFFFFFFFFFFC9FFF0001EE16198642B71040A86300
0D05A723E04784F3410CD78E162020AC7AEB03FFFFFFFFFFFC9FFF0001EE16198642B71040A86318
0D05C923E06584F2C10CD79016201DAC7AEC03FFFFFFFFFFFC9FFF0001F016198642B71040A85330
0D05C723E05984F2340CD76A161FFAAC8AEC03FFFFFFFFFFFC8FFF0001F216198642B71140A85348
0D05FE23E09A84F1A60CD7F616205CAC9AED03FFFFFFFFFFFC7FFF0001F216198642B71140A85360
0D063B23E0E284F1240CD81F162074AC9AED03FFFFFFFFFFFC8FFF0001F016198642B71040A85378
0D064F23E0ED84F0B00CD81F16206DAC9AED03FFFFFFFFFFFC8FFF0001E516198642B71040A84390
0D064723E0D884F03B0CD81516205FACAAED03FFFFFFFFFFFC8FFF0001EC16198642B71040A843A8
0D062B23E0A384EFBC0CD7E5162034ACAAEE03FFFFFFFFFFFC8FFF0001ED16198642B71140A843C0
0D063E23E0B684EF340CD7DA162025ACBAEE03FFFFFFFFFFFC8FFF0001E816198642B71140A843D8
0D064A23E0B784EEAA0CD820162053ACBAEE03FFFFFFFFFFFC9FFF0001F116198642B71140A833F0
0D066323E0CE84EE1E0CD83716205EACAAEE03FFFFFFFFFFFC9FFF0001E816198642B71140A83308
0D06BB23E13E84EDA40CD888162095ACAAEE03FFFFFFFFFFFC8FFF0001ED16198642B71140A83320
0D06E123E16184ED340CD8B71620B0ACBAEE03FFFFFFFFFFFC7FFF0001EE16198642B71140A83338
0D06E223E15184ECB40CD89E162098ACBAEE03FFFFFFFFFFFC8FFF0001ED16198642B71140A82350
0D06FE23E17284EC2B0CD89F162091ACBAEF03FFFFFFFFFFFC8FFF0001ED16198642B71140A83368
0D074923E1D284EBAA0CD9211620EEACBAEF042FFFFFFFFFFC8FFF0001EE16198642B71140A82380
0D078423E21484EB280CD957162110ACBAEF041FFFFFFFFFFC9FFF0001E716198642B71140A82398
0D07A723E23984EAA30CD974162120ACCAF003FFFFFFFFFFFC9FFF0001E616198642B71140A823B0
0D07B223E23B84EA250CD97A16211FACCAF003FFFFFFFFFFFC8FFF0001EE16198642B71140A823C8
0D07C123E24384E9AB0CD98616211FACDAF003FFFFFFFFFFFC8FFF0001ED16198642B71140A823E0
0D07ED23E27A84E92A0CD9A8162133ACDAF103FFFFFFFFFFFC8FFF0001EC16198642B71140A813F8
0D085023E2FC84E8A80CDA19162182ACDAF103FFFFFFFFFFFC7FFF0001E916198642B71140A80310
0D08BD23E38584E82C0CDA961621DBACDAF103FFFFFFFFFFFC7FFF0001E816198642B71140A80328
0D08FA23E3CC84E7A50CDAC51621FAACEAF103FFFFFFFFFFFC8FFF0001EC16198642B71140A80340
0D09CF23E4F784E7200CDBA416229EACEAF103FFFFFFFFFFFC8FFF0001E516198642B71140A80358
0D0A3B23E58484E6A40CDC281622FAACEAF103FFFFFFFFFFFC8FFF0001ED16198642B71140A80370
0D0A8E23E5E684E6220CDC54162319ACEAF203FFFFFFFFFFFC8FFF0001ED16198742B71140A80388
0D0A9823E5EA84E59E0CDC4B162308ACFAF2657FFFFFFFFFFC8FFF0001EC16198742B71140A7F3A0
0D0AFD23E66D84E5220CDCCE16236AAD0AF3541FFFFFFFFFFC8FFF0001DA16198742B71140A7F3B8
0D0C0623E7E984E4A70CDDE916243AAD1AF403FFFFFFFFFFFC8FFF0001EA16198742B71140A7F3D0
0D0CDE23E91584E4250CDE8E1624B7AD1AF403FFFFFFFFFFFC8FFF0001EA16198742B71140A7E3E8
0D0D3823E98D84E3A00CDF1116251AAD2AF403FFFFFFFFFFFC7FFF0001EB16198742B71140A7E300
0D0E3023EAC784E31D0CDFFD1625C4AD3AF503FFFFFFFFFFFC6FFF0001E316198742B71140A7E318
0D0E7B23EB2784E29B0CE02F1625E4AD3AF603FFFFFFFFFFFC8FFF0001EA16198742B71140A7E330
0D0E8023EB2684E2180CE0561625FEAD5AF703FFFFFFFFFFFC9FFF0001E516198742B71140A7E348
0D0F1623EBFF84E1990CE0DB16265CAD6AF903FFFFFFFFFFFC8FFF0001E116198742B71140A7D360
0D0F9323EC9784E1210CE1501626B2AD7AFA03FFFFFFFFFFFC8FFF0001E716198742B71140A7D378
0D0FC623ECCE84E0A10CE1791626CCAD9AFB03FFFFFFFFFFFC8FFF0001DF16198742B71140A7D390
0D0FE323ECF484E01C0CE16E1626BBADAAFC03FFFFFFFFFFFC8FFF0001E716198742B71140A7D3A8
0D104223ED7184DF980CE21916273BADBAFD03FFFFFFFFFFFC8FFF0001E616198742B71140A7C3C0
0D10A423EDED84DF130CE28A162788ADCAFE03FFFFFFFFFFFC8FFF0001E316198742B71140A7C3D8
0D110923EE6C84DE940CE2A5162798ADDAFE03FFFFFFFFFFFC8FFF0001E316198742B71140A7C3F0
0D112423EE8884DE180CE2DC1627BAADDAFF03FFFFFFFFFFFC8FFF0001E316198742B71140A7C308
0D114E23EEBB84DD920CE2DA1627B3ADEB0003FFFFFFFFFFFC9FFF0001E216198742B71140A7C320
0D117D23EEEE84DD140CE31B1627E2ADEB0003FFFFFFFFFFFC8FFF0001E216198742B71140A7B338
0D120D23EFAF84DC9C0CE3C516285BADEB0103FFFFFFFFFFFC9FFF0001E216198742B71140A7B350
0D129B23F07084DC1B0CE43E1628B3ADFB0103FFFFFFFFFFFC8FFF0001D916198742B71140A7B368
0D132623F13084DB8C0CE4C2162913ADFB0103FFFFFFFFFFFC8FFF0001E016198742B71140A7A380
0D140723F25C84DB050CE5D71629DCADFB0203FFFFFFFFFFFC8FFF0001D616198742B71140A7A398
0D147E23F2F884DA8E0CE622162A12AE0B03043FFFFFFFFFFC8FFF0001DD16198742B71140A7A3B0
0D14E423F37C84DA1C0CE688162A57AE1B0303FFFFFFFFFFFC8FFF0001DD16198742B71140A7A3C8
0D152923F3D884D99D0CE68D162A58AE3B0403FFFFFFFFFFFC8FFF0001D816198742B71140A7A3E0
0D156D23F43084D9100CE720162ACAAE4B0603FFFFFFFFFFFC8FFF0001E016198742B71140A7A3F8
0D164323F55484D8830CE7FF162B68AE5B0603FFFFFFFFFFFC8FFF0001DE16198742B71140A79310
0D16B323F5DF84D8030CE86A162BB4AE6B0703FFFFFFFFFFFC8FFF0001D316198742B71140A79328
0D16D623F60584D78E0CE878162BB8AE7B0703FFFFFFFFFFFC9FFF0001D916198742B71140A79340
0D16CF23F5E884D7120CE861162BA1AE7B0803FFFFFFFFFFFC9FFF0001DA16198742B71140A78358
0D16C023F5D284D6830CE849162B8CAE8B0903FFFFFFFFFFFC8FFF0001D416198742B71140A78370
0D16DA23F5E784D5F50CE888162BB2AE9B0AB7EFFFFFFFFFFC8FFF0001DC16198742B71140A78388
0D16EA23F5EC84D5760CE886162BAAAEAB0B03AFFFFFFFFFFC8FFF0001DC16198742B71140A783A0
0D16F323F5EB84D4FB0CE88B162BA7AE9B0B03FFFFFFFFFFFC9FFF0001D116198742B71140A783B8
0D16F723F5E484D4770CE895162BA8AE9B0C03FFFFFFFFFFFC9FFF0001D616198842B71140A773D0
0D171423F60284D3F60CE8A9162BB0AE9B0C03FFFFFFFFFFFC8FFF0001D616198842B71140A773E8
0D178523F6A584D3760CE938162C1AAE9B0C055FFFFFFFFFFC7FFF0001CF16198842B71140A77300
0D183B23F79484D2EE0CE9E4162C95AE9B0D045FFFFFFFFFFC7FFF0001D616198842B71140A76318
0D18D823F86284D2630CEA86162D0AAE9B0D03FFFFFFFFFFFC8FFF0001D616198842B71140A76330
0D196723F92384D1D90CEB0E162D6DAEAB0D03FFFFFFFFFFFC8FFF0001D416198842B71140A76348
0D19CB23F99E84D1580CEB7D162DB9AEBB0D03FFFFFFFFFFFC8FFF0001D116198842B71140A76360
0D1A2623FA1384D0E60CEBB9162DE1AEBB0E03FFFFFFFFFFFC8FFF0001C716198842B71140A76378
0D1A8B23FA9E84D06A0CEC06162E15AECB0E03FFFFFFFFFFFC8FFF0001CE16198842B71140A75390
0D1A9C23FAA484CFDA0CEBC2162DE4AEDB0F03FFFFFFFFFFFC9FFF0001C616198842B71140A753A8
0D1B0A23FB3C84CF4F0CECAC162E8AAEEB1003FFFFFFFFFFFC9FFF0001CC16198842B71140A753C0
0D1BA923FC0984CECC0CED3F162EF3AEFB1103FFFFFFFFFFFC9FFF0001CB16198842B71140A743D8
0D1BE023FC4B84CE480CED71162F12AF0B113B2FFFFFFFFFFC8FFF0001C116198842B71140A743F0
0D1C0B23FC8284CDC50CEDAC162F3CAF1B12390FFFFFFFFFFC8FFF0001C516198842B71140A74308
0D1C3A23FCB584CD480CEDD5162F52AF2B13043FFFFFFFFFFC9FFF0001BB16198842B71140A74320
0D1C6923FCE884CCCE0CEDEA162F5BAF3B13407FFFFFFFFFFC8FFF0001C316198842B71140A73338
0D1C7B23FCFD84CC450CEE07162F70AF4B143D0FFFFFFFFFFC8FFF0001BB16198842B71140A73350
0D1CBA23FD4384CBB40CEE42162F95AF3B1403FFFFFFFFFFFC8FFF0001B916198842B71140A73368
0D1CD223FD5384CB2F0CEE6B162FABAF4B15839FFFFFFFFFFC8FFF0001BD16198842B71140A73380
0D1CE123FD5E84CAB20CEE70162FA7AF4B15574FFFFFFFFFFC8FFF0001BA16198842B71140A73398
0D1CFC23FD7984CA320CEE83162FB1AF4B1603FFFFFFFFFFFC9FFF0001B716198842B71140A723B0
0D1D7423FE1C84C9B40CEEF5163004AF5B1644DFFFFFFFFFFC9FFF0001B616198842B71140A723C8
0D1E0923FED984C9320CEF8E163072AF6B1703FFFFFFFFFFFC7FFF0001B516198842B71140A723E0
0D1E4223FF2084C8A50CEFD216309EAF6B1703FFFFFFFFFFFC7FFF0001AC16198842B71140A723F8
0D1E6A23FF4D84C81A0CEFF61630B3AF6B17696FFFFFFFFFFC8FFF0001B116198842B71140A72310
0D1E8F23FF7584C7990CF01F1630C9AF6B1703FFFFFFFFFFFC8FFF0001AD16198842B71140A71328
0D1EB723FF9F84C71F0CF0401630DDAF7B1803FFFFFFFFFFFC8FFF0001A116198842B71140A71340
0D1ECF23FFB684C6A60CF00A1630ADAF8B1872BFFFFFFFFFFC8FFF0001A616198842B71140A71358
0D1F3824004584C61A0CF079163102AF8B19050FFFFFFFFFFC7FFF00019C16198842B71140A70370
0D1FBF2400F284C5860CF15D1631A4AF8B1883BFFFFFFFFFFC7FFF00019B16198842B71140A70388
0D1FEC24012284C5030CF1891631BCAF9B1903FFFFFFFFFFFC7FFF0001A116198842B71140A703A0
0D20652401C584C4890CF1E9163202AF9B190ABFFFFFFFFFFC7FFF00019616198842B71140A703B8
0D20AA24021884C4060CF208163213AF9B1AA3EFFFFFFFFFFC8FFF00019916198842B71140A703D0
0D20B824022084C3880CF1B01631C9AF9B1A03FFFFFFFFFFFC8FFF00018C16198842B71040A703E8
0D20C624022684C30B0CF24E16323DAFAB1A282FFFFFFFFFFC7FFF00019116198842B71040A70300
0D20D924023684C27F0CF24A163233AFBB1B0DEFFFFFFFFFFC7FFF00018E16198942B71040A70318
0D210924026D84C1F10CF294163264AFCB1C03FFFFFFFFFFFC8FFF00018D16198942B71140A6F330
0D21752402FA84C1740CF2F41632A6AFDB1C46FFFFFFFFFFFC8FFF00018416198942B71140A6F348
0D21D824037184C0F10CF3511632E4AFCB1C157FFFFFFFFFFC8FFF00018916198942B71140A6E360
0D22042403A684C0680CF3491632D6AFCB1D04EFFFFFFFFFFC8FFF00018616198942B71040A6E378
0D224F24040484BFE90CF3A7163318AFCB1D8B3FFFFFFFFFFC7FFF00017916198942B71040A6E390
0D226924041984BF6D0CF3D8163336AFCB1D232FFFFFFFFFFC7FFF00017F16198942B71040A6E3A8
0D228024042D84BEE30CF3E216333AAFDB1E0AAFFFFFFFFFFC8FFF00017E16198942B71040A6D3C0
0D22DB2404A684BE570CF3FC163347AFEB1E283FFFFFFFFFFC8FFF00017316198942B71040A6D3D8
0D233E24052484BDD30CF4CD1633DEAFFB1F03FFFFFFFFFFFC8FFF00017916198942B71040A6D3F0
0D23F624061884BD530CF54A163435AFFB1F12AFFFFFFFFFFC9FFF00017716198942B71040A6D308
0D23FB24061684BCD30CF4E11633E2AFFB1F445FFFFFFFFFFC9FFF00016516198942B71040A6C320
0D241224062684BC530CF52B163410B00B2003FFFFFFFFFFFC8FFF00017216198942B71040A6C338
0D242624063984BBCC0CF5151633F9B00B20260FFFFFFFFFFC7FFF00017016198942B71040A6C350
0D242924062F84BB440CF597163458B00B216EEFFFFFFFFFFC7FFF00016E16198942B71040A6C368
0D245124065984BABA0CF5B3163468B00B2103FFFFFFFFFFFC8FFF00016C16198942B71040A6B380
0D24D324070D84BA380CF6131634A7B00B213C8FFFFFFFFFFC8FFF00016216198942B71040A6B398
0D256E2407DC84B9C00CF6711634EBB00B2103BFFFFFFFFFFC8FFF00016116198942B71040A6B3B0
0D25EE24087F84B93B0CF6EE163546B00B2203FFFFFFFFFFFC8FFF00016716198942B71040A6B3C8
0D261F2408B784B8AA0CF72616356DB01B22532FFFFFFFFFFC9FFF00015D16198942B71040A6A3E0
0D262A2408BB84B8280CF79D1635BCB02B2203DFFFFFFFFFFC7FFF00016416198942B71040A6A3F8
0D263B2408C284B7AE0CF79D1635B6B02B2304EFFFFFFFFFFC8FFF00016216198942B71040A6A310
0D262024089084B7280CF78A1635A1B03B2391DFFFFFFFFFFC8FFF00015916198942B71040A69328
0D26382408AE84B6A00CF7961635A3B03B24041FFFFFFFFFFC8FFF00015F16198942B71040A6A340
0D26D224097D84B6200CF848163627B02B24912FFFFFFFFFFC8FFF00014D16198942B71040A69358
0D275A240A2E84B59B0CF8C216367BB02B25043FFFFFFFFFFC8FFF00015B16198942B71040A69370
0D2782240A5984B5170CF8FA1636A1B02B2593AFFFFFFFFFFC8FFF00015C16198942B71040A68388
0D2811240B1284B4960CF9611636EBB03B25042FFFFFFFFFFC8FFF00015C16198942B71040A693A0
0D282B240B2A84B40C0CF97D1636F7B03B259F4FFFFFFFFFFC8FFF00015B16198942B71040A683B8
0D2882240B9484B3830CF9A016370AB04B26039FFFFFFFFFFC9FFF00015116198942B71040A683D0
0D28DD240C1084B30A0CFA0E163759B05B270D5FFFFFFFFFFC8FFF00015716198942B71040A683E8
0D2915240C4E84B28A0CFA8D1637B2B05B27ADEFFFFFFFFFFC7FFF00015716198942B71040A68300
0D29AE240D2584B2010CFA851637A4B06B27039FFFFFFFFFFC7FFF00014F16198942B71040A67318
0D2A87240E3E84B1800CFB40163832B05B280D2FFFFFFFFFFC8FFF00014A16198942B71040A67330
0D2ACD240E9C84B0FE0CFC321638DFB06B28BB1FFFFFFFFFFC8FFF00015716198942B71040A67348
0D2B0B240EE984B0720CFC431638EAB08B29039FFFFFFFFFFC8FFF00015716198942B71040A66360
0D2B68240F5F84AFEF0CFC8F16391FB0AB291E4FFFFFFFFFFC8FFF00015616198942B71040A67378
0D2BD1240FE684AF730CFD2B16398BB0BB2A21BFFFFFFFFFFC8FFF00015516198942B71040A66390
0D2BEF24100084AEEC0CFD2016397CB0BB2C03FFFFFFFFFFFC8FFF00015516198942B71040A663A8
0D2C0C24102284AE620CFCC916393AB0CB2C2B6FFFFFFFFFFC8FFF00014E16198942B71040A663C0
0D2C3324104A84ADE20CFD9D1639D1B0CB2D2E3FFFFFFFFFFC8FFF00015716198A42B71040A653D8
0D2C992410CB84AD620CFDE8163A03B0CB2D03FFFFFFFFFFFC8FFF00015016198A42B71040A653F0
0D2CB02410DF84ACDD0CFDD31639EDB0CB2D398FFFFFFFFFFC8FFF00014616198A42B71040A65308
0D2CD624110B84AC570CFE1E163A21B0CB2E3A2FFFFFFFFFFC8FFF00015516198A42B71040A64320
0D2CF824112F84ABCF0CFE46163A37B0DB2E4E2FFFFFFFFFFC7FFF00014616198A42B71040A64338
0D2CEE24110B84AB4C0CFE4C163A34B0EB2F495FFFFFFFFFFC7FFF00015716198A42B71040A64350
0D2D1824113D84AACE0CFE66163A40B0FB2F03FFFFFFFFFFFC7FFF00015816198A42B71040A64368
0D2D2E24115184AA4B0CFE61163A37B0FB2F6CCFFFFFFFFFFC8FFF00015816198A42B71040A64380
0D2D5324117584A9C30CFE50163A22B0FB3052EFFFFFFFFFFC8FFF00015116198A42B71040A64398
0D2D8E2411C184A93A0CFE9E163A5AB10B3003FFFFFFFFFFFC8FFF00015216198A42B71040A633B0
0D2E0D24126984A8B40CFF7B163AF9B11B302E0FFFFFFFFFFC7FFF00015A16198A42B71040A633C8
0D2E832412FE84A8350CFFE1163B41B12B3003FFFFFFFFFFFC7FFF00015A16198A42B71040A623E0
0D2EEC24138784A7BA0D001D163B67B11B3003FFFFFFFFFFFC8FFF00015A16198A42B71040A633F8
0D2EFB24138F84A7340CFFA8163B09B11B304AEFFFFFFFFFFC8FFF00015B16198A42B71040A62310
0D2F5E24141984A6A90D0057163B85B11B3103FFFFFFFFFFFC8FFF00014A16198A42B71040A62328
0D304424155284A6270D01BD163C96B10B3203FFFFFFFFFFFC9FFF00015C16198A42B71040A62340
0D30FC24164284A5AA0D0271163D18B11B32715FFFFFFFFFFC9FFF00015E16198A42B71040A61358
0D31492416A384A5230D0252163CFAB12B32040FFFFFFFFFFC8FFF00015E16198A42B71040A61370
0D317D2416DF84A4940D0265163D01B13B331CAFFFFFFFFFFCAFFF00015516198A42B71040A61388
0D31E124176284A40E0D032E163D97B14B340B8FFFFFFFFFFC8FFF00015C16198A42B71040A613A0
0D325E24180584A39B0D03C0163DFDB14B34043FFFFFFFFFFC8FFF00015C16198A42B71040A613B8
0D328F24184184A3230D03CD163E03B16B35242FFFFFFFFFFC8FFF00015616198A42B71040A613D0
0D327424180B84A2920D0395163DD3B16B350D8FFFFFFFFFFC9FFF00016016198A42B71040A603E8
0D32D624189284A1FD0D0415163E2EB17B3603FFFFFFFFFFFC7FFF00016116198A42B71140A60300
0D332A2418F184A17B0D0462163E61B17B3703FFFFFFFFFFFC7FFF00016116198A42B71040A60318
0D335C24192F84A0FF0D0496163E83B18B3803FFFFFFFFFFFC8FFF00015816198A42B71040A60330
0D33A424198B84A0830D04D7163EADB18B3903FFFFFFFFFFFC8FFF00016016198A42B71040A60348
0D33DF2419D584A0070D050F163ED3B18B3903FFFFFFFFFFFC8FFF00016116198A42B71040A60360
0D34042419FB849F7D0D0555163F04B19B3903FFFFFFFFFFFC8FFF00015D16198A42B71040A5E378
0D3451241A5B849EE90D05A2163F35B19B3A03FFFFFFFFFFFC8FFF00015F16198A42B71040A5E390
0D34BB241AE4849E680D05F7163F70B1AB3A03FFFFFFFFFFFC9FFF00016316198A42B71140A5E3A8
0D3534241B81849DF20D064B163FACB1AB3A03FFFFFFFFFFFC9FFF00015D16198A42B71140A5E3C0
0D3553241B9E849D6E0D0680163FCBB1AB3A03FFFFFFFFFFFC8FFF00016516198A42B71140A5E3D8
0D3590241BED849CE70D06B9163FF3B1AB3B03FFFFFFFFFFFC8FFF00016516198A42B71140A5E3F0
0D3656241CFC849C690D0789164089B1BB3B03FFFFFFFFFFFC8FFF00016416198A42B71040A5D308
0D369D241D4C849BE20D07C41640B1B1CB3C03FFFFFFFFFFFC8FFF00016416198A42B71040A5D320
0D36AC241D57849B5A0D07DD1640BFB1CB3C03FFFFFFFFFFFC8FFF00016516198A42B71140A5D338
0D36BF241D61849AD90D07F61640C8B1EB3D03FFFFFFFFFFFC8FFF00016016198B42B71140A5C350
0D36DC241D7F849A530D08051640CEB1FB3E03FFFFFFFFFFFC8FFF00016916198B42B71140A5C368
0D370E241DBC8499CC0D083D1640F3B1FB3E03FFFFFFFFFFFC8FFF00016216198B42B71140A5C380
0D3742241DFA84994E0D087916411BB1FB3E03FFFFFFFFFFFC8FFF00016116198B42B71140A5C398
0D3776241E378498CD0D08AC16413CB1FB3F03FFFFFFFFFFFC9FFF00016116198B42B71040A5C3B0
0D37CE241EA88498490D091A164188B1FB3F03FFFFFFFFFFFC9FFF00016816198B42B71140A5C3C8
0D383B241F2E8497C60D09731641C4B20B3F03FFFFFFFFFFFC8FFF00016B16198B42B71140A5C3E0
0D3862241F5F8497410D09921641D7B20B3F03FFFFFFFFFFFC7FFF00016616198B42B71140A5B3F8
0D3874241F678496B80D099F1641D9B21B3F03FFFFFFFFFFFC8FFF00016F16198B42B71140A5B310
0D387D241F6A8496350D09A81641D9B22B4003FFFFFFFFFFFC8FFF00016716198B42B71140A5A328
0D3889241F6E8495B60D09AE1641D4B21B4003FFFFFFFFFFFC8FFF00017016198B42B71140A5A340
0D3895241F6D8495330D09BE1641DBB21B4003FFFFFFFFFFFC8FFF00016916198B42B71140A5A358
0D38A0241F6E8494AA0D09C61641DCB21B4003FFFFFFFFFFFC8FFF00017316198B42B71140A5A370
0D38B0241F7B8494280D09DD1641E6B21B4103FFFFFFFFFFFC9FFF00016C16198B42B71140A5A388
0D38B7241F758493A70D09E51641E4B22B4103FFFFFFFFFFFC9FFF00016C16198B42B71140A593A0
0D38D3241F9284931F0D09F51641EAB22B4103FFFFFFFFFFFC8FFF00016516198B42B71140A593B8
0D38D9241F8C84929E0D09FF1641E7B22B4203FFFFFFFFFFFC8FFF00017716198B42B71140A593D0
0D390A241FC58492160D0A2B164204B22B41040FFFFFFFFFFC9FFF00017A16198B42B71140A593E8
0D394A24200E8491820D0A63164228B22B4103FFFFFFFFFFFC8FFF00017316198B42B71140A58300
0D39BC2420A88490FA0D0AFD164296B22B4203FFFFFFFFFFFC7FFF00017C16198B42B71140A58318
0D3A4B2421678490800D0B841642F4B22B4103FFFFFFFFFFFC7FFF00017E16198B42B71140A58330
0D3AF12422448490070D0C1116435CB21B4103FFFFFFFFFFFC8FFF00017816198B42B71140A57348
0D3B462422B2848F7B0D0C3A164377B22B4103FFFFFFFFFFFC7FFF00018116198B42B71140A58360
0D3B8A2422FC848EEA0D0C9D1643BAB22B4203FFFFFFFFFFFC7FFF00018316198B42B71140A57378
0D3BC2242346848E5E0D0CFC1643FBB24B4203FFFFFFFFFFFC8FFF00018516198B42B71140A57390
0D3C87242453848DD50D0D9C164470B25B4303FFFFFFFFFFFC8FFF00018816198B42B71140A563A8
0D3D062424F2848D540D0E171644C7B25B4303FFFFFFFFFFFC8FFF00018A16198B42B71140A563C0
0D3D6A242575848CD90D0E4F1644ECB25B4303FFFFFFFFFFFC8FFF00018B16198B42B71140A563D8
0D3D7A242584848C500D0E1E1644BEB25B4403FFFFFFFFFFFC8FFF00017D16198B42B71140A563F0
0D3DA42425AD848BC40D0E7D164507B25B4403FFFFFFFFFFFC8FFF00018E16198B42B71140A56308
0D3DBE2425C4848B410D0EDF164544B26B4503FFFFFFFFFFFC7FFF00018A16198B42B71140A56320
0D3DCB2425CD848AB50D0EEF16454CB27B4503FFFFFFFFFFFC9FFF00018D16198B42B71140A56338
0D3DF42425F7848A280D0EDB164535B27B4603FFFFFFFFFFFC7FFF00019516198B42B71140A55350
0D3E482426658489A90D0F3B164577B27B4603FFFFFFFFFFFC8FFF00019016198B42B71140A54368
0D3E8E2426B884892B0D0F841645A9B27B4703FFFFFFFFFFFC8FFF00019016198B42B71140A54380
0D3EC32426F68488A70D0F941645AFB27B4703FFFFFFFFFFFC8FFF00019C16198B42B71140A54398
0D3F162427678488210D0FEA1645EBB27B4803FFFFFFFFFFFC8FFF0001A016198B42B71140A543B0
0D3FA524282684878E0D10A3164670B27B4803FFFFFFFFFFFC8FFF0001A416198C42B71140A543C8
0D406F2429338486F70D1195164723B27B4803FFFFFFFFFFFC8FFF0001A516198C42B71140A543E0
0D415E242A778486780D12771647C9B28B49042FFFFFFFFFFC8FFF00019D16198C42B71140A533F8
0D41C1242AF984860C0D12C7164800B29B49042FFFFFFFFFFC9FFF0001A516198C42B71140A53310
0D41AF242AC384858D0D12911647D0B29B4A043FFFFFFFFFFC9FFF0001A316198C42B71140A53328
0D41AD242ACC8484F80D11EE164756B2BB4B03FFFFFFFFFFFC7FFF0001A816198C42B71140A52340
0D428C242BF584846A0D13AC16489BB2CB4C03FFFFFFFFFFFC8FFF0001AF16198C42B71140A52358
0D42BC242C238483DE0D13BE1648A4B2DB4C03FFFFFFFFFFFC9FFF0001A916198C42B71140A52370
0D42B3242C0E8483500D1382164872B2DB4D03FFFFFFFFFFFC6FFF0001B116198C42B71140A52388
0D42DF242C3C8482D50D1390164873B2EB4D03FFFFFFFFFFFC5FFF0001B216198C42B71140A513A0
0D42E7242C3884825B0D1393164870B2EB4E03FFFFFFFFFFFC7FFF0001B416198C42B71140A513B8
0D42BD242BF48481D20D138216485BB2FB4E03FFFFFFFFFFFC8FFF0001AE16198C42B71140A513D0
0D42FA242C468481500D136116483EB30B4E03FFFFFFFFFFFC8FFF0001B916198C42B71140A513E8
0D43B4242D408480C10D14B1164936B31B4E03FFFFFFFFFFFC9FFF0001BA16198C42B71140A51300
0D442F242DDB8480290D151716497EB31B4E03FFFFFFFFFFFC9FFF0001B316198C42B71140A50318
0D4466242E1A847FAB0D15741649BBB31B4F03FFFFFFFFFFFC8FFF0001BC16198C42B71140A50330
0D44D7242EAD847F370D15C01649EFB32B4F03FFFFFFFFFFFC8FFF0001BE16198C42B71140A50348
0D44FC242ED5847EB50D15B01649DBB31B5003FFFFFFFFFFFC8FFF0001B816198C42B71140A50360
0D4548242F3F847E250D15741649AFB32B5003FFFFFFFFFFFC8FFF0001BA16198C42B71140A4F378
0D460724303C847D950D1718164AE5B32B5003FFFFFFFFFFFC8FFF0001C316198C42B71140A50390
0D466C2430B7847D0E0D1768164B18B32B5103FFFFFFFFFFFC8FFF0001B316198C42B71140A4F3A8
0D46C7243136847C8B0D177D164B23B33B5103FFFFFFFFFFFC9FFF0001C416198C42B71140A4F3C0
0D47442431DA847C070D1732164AE5B33B5103FFFFFFFFFFFC8FFF0001C416198C42B71140A4E3D8
0D47582431E1847B830D1728164AD4B33B5203FFFFFFFFFFFC8FFF0001C716198C42B71140A4E3F0
0D487624336D847B030D18B1164BFEB34B5303FFFFFFFFFFFC8FFF0001BB16198C42B71140A4E308
0D48FE24342A847A770D1976164C8DB35B5303FFFFFFFFFFFC8FFF0001CA16198C42B71140A4E320
0D49702434BC8479E60D1A1D164D09B35B5303FFFFFFFFFFFC8FFF0001CC16198C42B71140A4E338
0D49D524353684795F0D1ACA164D83B36B5403FFFFFFFFFFFCAFFF0001CB16198C42B71140A4D350
0D49FE2435678478E50D1AE5164D93B37B5403FFFFFFFFFFFC9FFF0001C216198C42B71140A4D368
0D4A2F24359E84786A0D1AE7164D8FB38B5503FFFFFFFFFFFC8FFF0001CC16198C42B71140A4D380
0D49E12435268477DB0D1A28164CF5B39B5603FFFFFFFFFFFC9FFF0001C616198C42B71140A4C398
0D4AA824363584774A0D1AC9164D6DB39B5603FFFFFFFFFFFC9FFF0001D116198C42B71140A4C3B0
0D4B0124369E8476C10D1C07164E57B3AB5703FFFFFFFFFFFC8FFF0001D316198C42B71140A4C3C8
0D4B412436EC84763A0D1C22164E65B3AB5703FFFFFFFFFFFC8FFF0001D316198C42B71140A4C3E0
0D4B5C24370B8475B70D1BD6164E24B3AB5803FFFFFFFFFFFC9FFF0001CA16198C42B71140A4C3F8
0D4B6424370784753B0D1BD0164E19B3BB59041FFFFFFFFFFC9FFF0001C816198C42B71140A4B310
0D4BDD2437A78474BA0D1C95164EA8B3BB59043FFFFFFFFFFC9FFF0001C616198C42B71140A4B328
0D4BF42437BE84742B0D1C6B164E81B3BB5903FFFFFFFFFFFC9FFF0001CD16198D42B71140A4B340
0D4C7824386484739B0D1D66164F3EB3CB5903FFFFFFFFFFFC8FFF0001CD16198D42B71140A4B358
0D4CBA2438BE8473170D1DAF164F6CB3DB5903FFFFFFFFFFFC7FFF0001D516198D42B71140A4A370
0D4D102439288472990D1DF4164F9CB3DB5A03FFFFFFFFFFFC7FFF0001D616198D42B71140A4A388
0D4D812439A28472150D1E0F164FA8B3DB5A03FFFFFFFFFFFC7FFF0001D516198D42B71140A4A3A0
0D4E11243A8E8471870D1E5D164FE3B3DB5A03FFFFFFFFFFFC9FFF0001CD16198D42B71140A493B8
0D4ED3243B808470FB0D1FD51650F7B3EB5B03FFFFFFFFFFFC9FFF0001D516198D42B71140A4A3D0
0D4F51243C2384707E0D2045165147B3EB5B03FFFFFFFFFFFC9FFF0001D616198D42B71140A493E8
0D4F7D243C51846FFA0D204416513FB3EB5C03FFFFFFFFFFFC8FFF0001CF16198D42B71140A49300
0D4F79243C45846F6E0D1FC31650D4B3EB5D03FFFFFFFFFFFC8FFF0001D816198D42B71140A49318
0D5023243D2F846EEB0D206B165151B3FB5E03FFFFFFFFFFFC7FFF0001CD16198D42B71140A48330
0D508D243DB0846E650D21521651FDB3FB5E03FFFFFFFFFFFC7FFF0001D316198D42B71140A48348
0D509C243DBE846DD50D216C165207B40B5D03FFFFFFFFFFFC8FFF0001D816198D42B71140A48360
0D512A243E82846D480D220B165280B40B5D03FFFFFFFFFFFC8FFF0001D716198D42B71140A48378
0D51DC243F68846CD00D230C165339B40B5E03FFFFFFFFFFFC8FFF0001D716198D42B71140A48390
0D5243243FEA846C580D22F5165323B41B5E03FFFFFFFFFFFC8FFF0001CF16198D42B71140A473A8
0D51FB243F76846BCE0D22C91652FDB41B5F03FFFFFFFFFFFC9FFF0001D116198D42B71140A473C0
0D528E24403F846B3B0D22E516530BB42B6103FFFFFFFFFFFC8FFF0001D916198D42B71140A473D8
0D52DA2440A0846AA90D23D21653B8B43B6103FFFFFFFFFFFC7FFF0001DB16198D42B71140A463F0
0D534824412B846A220D241B1653ECB43B6203FFFFFFFFFFFC7FFF0001D216198D42B71140A46308
0D53A82441AB8469A00D2486165434B43B6203FFFFFFFFFFFC7FFF0001D116198D42B71140A46320
0D53FE2442128469210D247B165425B44B6203FFFFFFFFFFFC8FFF0001CE16198D42B71140A46338
0D54082442138468A90D247F165425B44B6303FFFFFFFFFFFC8FFF0001D716198D42B71140A45350
0D53D72441C68468230D244C1653F6B44B6303FFFFFFFFFFFC9FFF0001D216198D42B71140A45368
0D542924423184678B0D249F165433B45B6303FFFFFFFFFFFC9FFF0001DC16198D42B71240A45380
0D54862442A38466F80D25691654C2B46B6303FFFFFFFFFFFC8FFF0001DC16198D42B71240A45398
0D54E72443228466760D25E416551BB46B6303FFFFFFFFFFFC8FFF0001DB16198D42B71140A443B0
0D554324438F8465FB0D260D165532B46B6303FFFFFFFFFFFCAFFF0001D116198D42B71140A443C8
0D554724438A8465800D25D1165501B46B64040FFFFFFFFFFC8FFF0001D916198D42B71140A443E0
0D553F2443778464FB0D257B1654B7B46B6403FFFFFFFFFFFC9FFF0001D916198D42B71140A443F8
0D555624438884646A0D25F716550FB46B6503FFFFFFFFFFFC7FFF0001CD16198D42B71240A44310
0D55782443AB8463D70D2648165545B47B6503FFFFFFFFFFFC7FFF0001DD16198D42B71240A43328
0D55882443AD84634F0D2651165545B47B65041FFFFFFFFFFC8FFF0001DD16198D42B71240A43340
0D55922443B28462CC0D265416553FB48B6503FFFFFFFFFFFC6FFF0001DD16198D42B71240A42358
0D55A22443B684624B0D265616553BB48B6503FFFFFFFFFFFC7FFF0001D416198E42B71240A42370
0D55A72443B78461D10D2652165531B49B6503FFFFFFFFFFFC9FFF0001D516198E42B71240A43388
0D562624446384614C0D26CA16558AB48B6603FFFFFFFFFFFC8FFF0001DD16198E42B71240A423A0
0D56E32445688460B50D279516561EB48B6503FFFFFFFFFFFC8FFF0001DE16198E42B71240A423B8
0D576E2446148460260D283816568FB48B6503FFFFFFFFFFFC8FFF0001D716198E42B71240A423D0
0D5789244628845FA90D2847165697B48B6503FFFFFFFFFFFC7FFF0001D916198E42B71240A413E8
0D579B244637845F260D2853165699B48B6603FFFFFFFFFFFCAFFF0001DA16198E42B71240A41300
0D579D244630845E9C0D285B16569AB49B6703FFFFFFFFFFFC9FFF0001E116198E42B71240A41318
0D57EE24469C845E1B0D28A11656C6B49B67041FFFFFFFFFFC8FFF0001D016198E42B71240A40330
0D584824470C845D9C0D28F5165703B49B6703FFFFFFFFFFFC9FFF0001E016198E42B71240A40348
0D58A924478C845D0D0D2941165736B49B6703FFFFFFFFFFFC9FFF0001E116198E42B71240A40360
0D58FA2447EC845C7F0D29C1165790B4AB6703FFFFFFFFFFFC7FFF0001DA16198E42B71240A40378
0D5944244847845BFC0D29F71657B2B4AB6803FFFFFFFFFFFC8FFF0001E516198E42B71240A40390
0D59942448B0845B790D2A1A1657C7B4BB6803FFFFFFFFFFFC9FFF0001DE16198E42B71240A403A8
0D59D22448FB845AEF0D2A8D16581CB4CB6903FFFFFFFFFFFC8FFF0001E516198E42B71240A403C0
0D5A622449C6845A650D2B32165892B4CB6903FFFFFFFFFFFC8FFF0001DC16198E42B71240A403D8
0D5B3E244AEA8459E40D2C08165930B4BB6903FFFFFFFFFFFC8FFF0001E416198E42B71240A3F3F0
0D5BDA244BB38459690D2C73165978B4BB6A03FFFFFFFFFFFC8FFF0001DC16198E42B71240A40308
0D5BFE244BDD8458E50D2CAB1659A1B4CB6A03FFFFFFFFFFFC8FFF0001E616198E42B71240A3E320
0D5C0F244BE084584F0D2CE01659C2B4DB6B03FFFFFFFFFFFC7FFF0001E816198E42B71240A3E338
0D5CDA244D058457C20D2D9A165A4BB4DB6C03FFFFFFFFFFFC7FFF0001E016198E42B71240A3E350
0D5DE4244E738457410D2E71165AEEB4EB6D03FFFFFFFFFFFC8FFF0001DF16198E42B71240A3E368
0D5E64244F198456C10D2F08165B58B4FB6C03FFFFFFFFFFFC7FFF0001E816198E42B71240A3E380
0D5E85244F3F8456390D2F4E165B8AB4FB6C03FFFFFFFFFFFC7FFF0001E016198E42B71240A3D398
0D5ED5244FA18455B40D2F94165BBAB51B6E03FFFFFFFFFFFC7FFF0001E716198E42B71240A3D3B0
0D5F20244FFE8455310D2FD2165BE3B52B6E03FFFFFFFFFFFC7FFF0001E816198E42B71240A3C3C8
0D5F642450548454AA0D301C165C14B53B6F03FFFFFFFFFFFC8FFF0001E816198E42B71240A3C3E0
0D602C24516084541A0D30FD165CBAB53B7003FFFFFFFFFFFC7FFF0001DA16198E42B71240A3C3F8
0D60CE24523384538F0D3183165D16B54B7003FFFFFFFFFFFC8FFF0001EB16198E42B71240A3C310
0D61292452A484530D0D31DA165D52B54B7103FFFFFFFFFFFC9FFF0001EB16198E42B71240A3C328
0D618924532684528E0D3248165DA0B54B7103FFFFFFFFFFFC8FFF0001EB16198E42B71240A3C340
0D61E524539A8452080D3287165DC9B55B7203FFFFFFFFFFFC9FFF0001E216198E42B71240A3B358
0D621A2453DC84517C0D3287165DC6B55B7303FFFFFFFFFFFC9FFF0001E416198E42B71240A3B370
0D62C62454C68450F60D3392165E8AB57B7303FFFFFFFFFFFC8FFF0001E716198E42B71240A3B388
0D63762455B084506F0D342E165EFDB57B7303FFFFFFFFFFFC8FFF0001E416198E42B71240A3B3A0
0D63DD245634844FE10D3483165F35B57B7403FFFFFFFFFFFC8FFF0001EE16198F42B71240A3A3B8
0D6405245658844F5B0D34B9165F57B58B7403FFFFFFFFFFFC8FFF0001E616198F42B71240A3A3D0
0D642624567C844ED40D34CF165F63B59B7503FFFFFFFFFFFC8FFF0001EC16198F42B71240A3A3E8
0D643924568E844E510D34D2165F60B59B7503FFFFFFFFFFFC8FFF0001E116198F42B71240A3A300
0D644D245699844DD60D34DE165F61B59B7603FFFFFFFFFFFC7FFF0001E816198F42B71240A39318
0D644A24568C844D520D34E2165F60B59B7603FFFFFFFFFFFC8FFF0001E416198F42B71240A39330
0D64972456EC844CB80D3536165F99B59B7703FFFFFFFFFFFC8FFF0001EF16198F42B71240A38348
0D64D7245739844C1C0D357A165FC3B59B7603FFFFFFFFFFFC8FFF0001EF16198F42B71240A38360
0D64FE24575A844B920D3598165FD0B59B7603FFFFFFFFFFFC8FFF0001E516198F42B71240A38378
0D651424576C844B1B0D3599165FCBB59B7703FFFFFFFFFFFC9FFF0001EB16198F42B71240A38390
0D652B245786844A9C0D357E165FAEB59B7703FFFFFFFFFFFC9FFF0001E916198F42B71240A383A8
0D656D2457D9844A180D3519165F5EB59B7703FFFFFFFFFFFC9FFF0001E516198F42B71240A373C0
0D65F624589084498A0D366916605AB59B7703FFFFFFFFFFFC9FFF0001EE16198F42B71240A383D8
0D66552459008448EA0D36E71660AFB59B7703FFFFFFFFFFFC8FFF0001EF16198F42B71240A373F0
0D669324594C84485B0D37331660E2B59B7703FFFFFFFFFFFC8FFF0001E616198F42B71240A37308
0D67152459FD8447DF0D379C16612CB5BB7703FFFFFFFFFFFC8FFF0001E616198F42B71240A37320
0D67D4245AF884475C0D37F3166166B5BB7703FFFFFFFFFFFC8FFF0001EC16198F42B71240A36338
0D67AB245ABD8446D40D37D516614DB5BB7803FFFFFFFFFFFC8FFF0001EC16198F42B71240A36350
0D685A245BA284464D0D38B91661F3B5CB78042FFFFFFFFFFC8FFF0001E516198F42B71240A36368
0D68F9245C748445C20D397216627AB5CB79042FFFFFFFFFFC8FFF0001E716198F42B71240A36380
0D6933245CB78445300D39A3166298B5BB7903FFFFFFFFFFFC8FFF0001EF16198F42B71240A35398
0D697B245D128444A00D39FA1662D7B5CB7903FFFFFFFFFFFC8FFF0001E816198F42B71240A363B0
0D69E5245D9F84441C0D3A7A166331B5DB7A03FFFFFFFFFFFC8FFF0001E416198F42B71240A353C8
0D6A8A245E7D84439E0D3AC5166363B5EB7A03FFFFFFFFFFFC8FFF0001ED16198F42B71240A353E0
0D6B63245F9A8443170D3A9D16633AB5EB7A03FFFFFFFFFFFC8FFF0001ED16198F42B71240A353F8
0D6C322460B284428C0D3AF816637EB5FB7B03FFFFFFFFFFFC8FFF0001E516198F42B71240A34310
0D6CB82461648441F90D3D0C166503B5FB7B03FFFFFFFFFFFC8FFF0001EE16198F42B71240A34328
0D6D8424626E8441690D3DE01665A2B5FB7C03FFFFFFFFFFFC8FFF0001EE16198F42B71240A34340
0D6DD22462D08440E30D3E411665E3B60B7C03FFFFFFFFFFFC8FFF0001ED16198F42B71240A34358
0D6E012463028440600D3E1E1665C3B60B7C03FFFFFFFFFFFC8FFF0001EC16198F42B71240A33370
0D6D78246233843FDC0D3DC1166575B61B7D03FFFFFFFFFFFC9FFF0001E316198F42B71240A33388
0D6DA6246279843F530D3D3916650FB61B7D03FFFFFFFFFFFC8FFF0001EB16198F42B71240A323A0
0D6E982463B3843EC20D3EBD16662BB61B7D03FFFFFFFFFFFC9FFF0001E216198F42B71240A323B8
0D6EC92463EE843E360D3F4A16668CB61B7D03FFFFFFFFFFFC9FFF0001E916199042B71240A323D0
0D6F5024649A843DAE0D3FAE1666D2B60B7D03FFFFFFFFFFFC8FFF0001E916199042B71240A323E8
0D6FAD24651A843D250D3F7D1666A7B60B7D03FFFFFFFFFFFC8FFF0001D816199042B71240A32300
0D703C2465D4843C9C0D4005166707B60B7E03FFFFFFFFFFFC8FFF0001E616199042B71240A32318
0D70F82466D4843C100D4058166742B60B7E03FFFFFFFFFFFC8FFF0001DC16199042B71240A31330
0D716B246769843B880D4197166830B60B7E03FFFFFFFFFFFC8FFF0001E316199042B71240A31348
0D71CD2467E1843B090D41BE166845B61B7E03FFFFFFFFFFFC8FFF0001DB16199042B71240A31360
0D71DF2467E9843A7D0D41341667DAB62B7E03FFFFFFFFFFFC8FFF0001E116199042B71240A30378
0D72962469038439E50D427A1668D1B62B7F03FFFFFFFFFFFC8FFF0001E016199042B71240A30390
0D735D2469FC84395C0D43CD1669CAB64B7F03FFFFFFFFFFFC9FFF0001DE16199042B71240A303A8
0D7399246A3F8438DB0D43E71669D7B64B7F03FFFFFFFFFFFC9FFF0001D316199042B71240A303C0
0D736A2469F08438590D43B41669A8B65B7F03FFFFFFFFFFFC7FFF0001D816199042B71240A303D8
0D73442469B18437CF0D4351166957B66B8003FFFFFFFFFFFC7FFF0001D016199042B71240A303F0
0D741D246ADF8437390D43DF1669C2B66B8103FFFFFFFFFFFC7FFF0001D016199042B71240A2F308
0D74A7246B928436A30D4528166AB7B65B81040FFFFFFFFFFC8FFF0001D716199042B71240A2F320
0D7593246CD38436210D45DB166B37B66B81043FFFFFFFFFFC8FFF0001CB16199042B71240A2E338
0D75C1246D098435A40D45B8166B15B66B82042FFFFFFFFFFC8FFF0001C716199042B71240A2E350
0D7574246C8F8435180D45C2166B13B66B82040FFFFFFFFFFC8FFF0001CC16199042B71240A2E368
0D7631246D8E8434960D4502166A7EB66B838C3FFFFFFFFFFC9FFF0001C316199042B71240A2E380
0D7689246DFC84340E0D4695166BADB67B832F1FFFFFFFFFFC9FFF0001BB16199042B71240A2E398
0D7680246DE384336D0D46C2166BCAB67B8303FFFFFFFFFFFC8FFF0001CA16199042B71240A2E3B0
0D76A2246E068432D40D4708166BF7B68B8303FFFFFFFFFFFC8FFF0001C616199042B71240A2D3C8
0D7701246E7D84325A0D4757166C2DB69B8403FFFFFFFFFFFC9FFF0001BA16199042B71240A2D3E0
0D773C246EC58431E70D476C166C39B69B8403FFFFFFFFFFFC8FFF0001BE16199042B71240A2C3F8
0D770F246E7F84315B0D4747166C16B69B8403FFFFFFFFFFFC9FFF0001BC16199042B71240A2C310
0D7764246EED8430C60D4737166C06B69B8503FFFFFFFFFFFC8FFF0001B316199042B71240A2C328
0D77D5246F818430390D483D166CC8B69B8503FFFFFFFFFFFC8FFF0001B116199042B71240A2C340
0D7898247092842FAD0D48F3166D4FB69B8503FFFFFFFFFFFC9FFF0001B716199042B71240A2B358
0D791124712A842F1D0D48EB166D3DB69B8603FFFFFFFFFFFC9FFF0001AD16199042B71240A2C370
0D7955247185842E9C0D4994166DBDB6AB8603FFFFFFFFFFFC8FFF00019E16199042B71240A2B388
0D7A352472CB842E1F0D49DD166DFAB6BB8703FFFFFFFFFFFC8FFF0001AC16199042B71240A2C3A0
0D7B1E2473F8842D910D4AED166EB8B6CB8703FFFFFFFFFFFC7FFF0001AB16199042B71240A2B3B8
0D7BA72474BB842CFB0D4B65166F1BB6BB8803FFFFFFFFFFFC7FFF0001A016199042B71240A2A3D0
0D7CFE2476A0842C720D4D791670A8B6CB88040FFFFFFFFFFC7FFF0001A716199042B71240A2A3E8
0D7DA3247767842BEB0D4DCE1670E5B6DB8903FFFFFFFFFFFC8FFF0001A416199042B71240A2A300
0D7DA324775E842B600D4D961670B6B6EB8A03FFFFFFFFFFFC8FFF00019916199142B71240A2A318
0D7DF32477D3842AD80D4DB71670CCB6FB8B03FFFFFFFFFFFC8FFF00019416199142B71240A2A330
0D7E4F24783D842A560D4E4616712EB70B8C03FFFFFFFFFFFC8FFF00019A16199142B71240A2A348
0D7E822478768429CF0D4E64167141B70B8C03FFFFFFFFFFFC8FFF00019716199142B71240A29360
0D7EF424791984293D0D4E8B167155B71B8D03FFFFFFFFFFFC9FFF00019016199142B71240A28378
0D7FB3247A198428AB0D4FF6167271B71B8D03FFFFFFFFFFFC9FFF00019216199142B71240A28390
0D8076247B1A84281E0D50971672E1B72B8D03FFFFFFFFFFFC9FFF00018916199142B71240A283A8
0D80A9247B658427A00D515116736CB72B8E03FFFFFFFFFFFC8FFF00018E16199142B71240A283C0
0D819E247CAE8427250D51B51673B3B73B8F03FFFFFFFFFFFC8FFF00018B16199142B71240A283D8
0D820C247D4D84269F0D5143167353B73B8F03FFFFFFFFFFFC9FFF00018916199142B71240A283F0
0D8286247DFB8426040D52101673F5B74B9003FFFFFFFFFFFC9FFF00018716199142B71240A27308
0D8338247ED784256B0D53C916753BB75B9103FFFFFFFFFFFC9FFF00018416199142B71240A27320
0D83CE247FA78424EC0D542C167581B75B9103FFFFFFFFFFFC8FFF00018116199142B71240A27338
0D841C2480068424730D545616759FB75B9103FFFFFFFFFFFC8FFF00018016199142B71240A26350
0D844C24803F8423E70D544E167593B77B920DAFFFFFFFFFFC9FFF00017716199142B71240A26368
0D84B12480C78423550D5439167581B77B93B24FFFFFFFFFFC8FFF00017C16199142B71240A26380
0D85D82482628422C50D560F1676E3B77B9303FFFFFFFFFFFC8FFF00017916199142B71240A26398
0D86382482DA84223F0D564A16770AB78B930F1FFFFFFFFFFC8FFF00016C16199142B71240A263B0
0D86692483128421C10D567F16772CB78B93154FFFFFFFFFFC9FFF00017316199142B71240A253C8
0D86912483498421380D568916772FB79B9403FFFFFFFFFFFC8FFF00017316199142B71240A253E0
0D872D24841E8420A80D56FB167785B79B9421AFFFFFFFFFFC7FFF00016B16199142B71240A253F8
0D87A12484B38420150D57CE16781EB7AB952CCFFFFFFFFFFC9FFF00017016199142B71240A24310
0D881D248556841F8C0D581D167855B7BB9503FFFFFFFFFFFC8FFF00016416199142B71240A25328
0D88912485F1841F0F0D58AB1678BEB7BB96335FFFFFFFFFFC8FFF00016916199142B71240A24340
0D88E9248667841E8C0D58E51678E4B7BB973F8FFFFFFFFFFC8FFF00015F16199142B71240A24358
0D89212486AC841DFA0D592D167919B7BB9740AFFFFFFFFFFC9FFF00015E16199142B71240A24370
0D897A248723841D6C0D599E167969B7BB984B7FFFFFFFFFFC9FFF00016516199142B71240A23388
0D89F52487BB841CE00D59EF1679A2B7CB9803FFFFFFFFFFFC9FFF00015B16199142B71240A233A0
0D8A4124881F841C570D5A311679CEB7CB992DBFFFFFFFFFFC7FFF00016016199142B71240A233B8
0D8A7324885D841BD30D5A7E167A03B7CB9903FFFFFFFFFFFC7FFF00015516199142B71240A233D0
0D8A92248877841B4F0D5AA0167A17B7DB9903FFFFFFFFFFFC8FFF00015416199142B71240A223E8
0D8AA9248891841AC20D5AC6167A2EB7EB9950CFFFFFFFFFFC9FFF00015816199142B71240A22300
0D8ACA2488AE841A350D5AD2167A31B7FB9903FFFFFFFFFFFC8FFF00015016199142B71240A22318
0D8B442489598419AA0D5B59167A94B7FB9A03FFFFFFFFFFFC8FFF00014F16199142B71240A22330
0D8BE3248A288419200D5BF9167B08B7EB9A76BFFFFFFFFFFC8FFF00015516199142B71240A22348
0D8C85248B128418960D5C9F167B83B7FB9A048FFFFFFFFFFC8FFF00015216199142B71240A21360
0D8DA2248C9F8418150D5DCA167C63B7FB9A8FBFFFFFFFFFFC8FFF00014F16199242B71240A21378
0D8E70248DBA8417910D5E8A167CF6B7FB9A050FFFFFFFFFFC8FFF00014C16199242B71240A21390
0D8F36248EC78417010D5F76167DA5B7FB9A68BFFFFFFFFFFC8FFF00014B16199242B71240A203A8
0D8FA2248F5484166E0D5FCF167DE4B7FB9B041FFFFFFFFFFC8FFF00014316199242B71240A203C0
0D8FDC248F958415E70D5FED167DF5B80B9C84FFFFFFFFFFFC9FFF00014616199242B71240A203D8
0D901D248FE98415620D601D167E16B81B9C03FFFFFFFFFFFC7FFF00014416199242B71240A203F0
0D909F2490988414DB0D60A0167E75B81B9C26CFFFFFFFFFFC7FFF00014516199242B71240A20308
0D90DB2490DF8414510D60F6167EB0B82B9C11EFFFFFFFFFFC8FFF00013116199242B71240A20320
0D910D2491178413C90D6149167EE9B82B9D03FFFFFFFFFFFC8FFF00013F16199242B71240A20338
0D918C2491C884133D0D61AF167F33B81B9E3E0FFFFFFFFFFC8FFF00013D16199242B71240A1E350
0D921824927D8412AC0D621D167F81B81B9E1A1FFFFFFFFFFC8FFF00013D16199242B71240A20368
0D92592492C98412200D625C167FA9B81B9E03FFFFFFFFFFFC9FFF00013D16199242B71240A1E380
0D92782492E784119A0D6275167FB7B82B9E4D6FFFFFFFFFFC9FFF00013B16199242B71240A1E398
0D92A72493198411110D62A1167FD1B82B9E1F4FFFFFFFFFFC8FFF00013916199242B71240A1E3B0
0D92DD24935F8410840D62AE167FD5B82B9F03FFFFFFFFFFFC9FFF00012E16199242B71240A1E3C8
0D93242493B9840FFD0D631B168023B83B9F629FFFFFFFFFFC8FFF00013116199242B71240A1D3E0
0D93582493F7840F790D635A16804DB83B9F25FFFFFFFFFFFC8FFF00013116199242B71240A1D3F8
0D93C124948B840EEC0D63A116807EB83B9E044FFFFFFFFFFC7FFF00012916199242B71240A1D310
0D944A249540840E600D641B1680DEB83B9E75BFFFFFFFFFFC8FFF00013216199242B71240A1C328
0D94CA2495F4840DD30D64D7168168B82B9E298FFFFFFFFFFC8FFF00013016199242B71240A1D340
0D95622496C9840D470D65731681DDB82B9E04AFFFFFFFFFFC8FFF00012416199242B71240A1C358
0D96CB2498D2840CBE0D669E1682C2B83B9E859FFFFFFFFFFC8FFF00012A16199242B71240A1C370
0D9807249A85840C3E0D67C41683A4B84B9F2CBFFFFFFFFFFC8FFF00012016199242B71240A1B388
0D987F249B27840BB50D67C416839FB85B9F06CFFFFFFFFFFC8FFF00011F16199242B71240A1B3A0
0D9936249C18840B270D689E16843FB86B9F28DFFFFFFFFFFC8FFF00011E16199242B71240A1C3B8
0D9A27249D81840A960D6A3916857DB86BA003FFFFFFFFFFFC9FFF00012516199242B71240A1B3D0
0D9B4E249F07840A070D6B4C168648B86BA1098FFFFFFFFFFC9FFF00012416199242B71240A1B3E8
0D9BA5249F798409830D6B52168644B87BA13A7FFFFFFFFFFCAFFF00011A16199242B71240A1A300
0D9BF7249FE88409060D6B19168619B88BA203FFFFFFFFFFFC9FFF00012116199242B71240A1B318
0D9BD6249FAD84087A0D6B6B168658B89BA4150FFFFFFFFFFC9FFF00011E16199242B71240A1A330
0D9CD924A1258407E60D6C61168717B89BA5666FFFFFFFFFFC8FFF00011416199242B71240A1A348
0D9E7624A37F84075E0D6E9E1688CDB8ABA503FFFFFFFFFFFC8FFF00011A16199242B71240A1A360
0D9FEF24A58C8406E00D6F8516897DB8ABA513FFFFFFFFFFFC8FFF00011A16199242B71240A1A378
0DA03324A5DE8406540D6EC61688E3B8ABA5633FFFFFFFFFFC9FFF00011316199242B71240A19390
0DA04D24A6048405BA0D6F29168932B8BBA603FFFFFFFFFFFC9FFF00011816199342B71240A183A8
0DA0D224A6B68405280D70DA168A7BB8DBA718FFFFFFFFFFFC8FFF00011616199342B71240A183C0
0DA15724A76A8404A90D7140168AC6B8DBA772DFFFFFFFFFFC8FFF00011316199342B71240A183D8
0DA1C224A7F58404240D712D168AB3B8DBA803FFFFFFFFFFFC8FFF00011216199342B71240A183F0
0DA1B724A7E28403950D70B1168A4AB8DBA812DFFFFFFFFFFC8FFF00010916199342B71240A18308
0DA2D824A9798403050D719A168B03B8DBA9603FFFFFFFFFFC8FFF00011116199342B71240A18320
0DA39524AA758402760D7363168C59B8EBA9187FFFFFFFFFFC8FFF00010816199342B71240A18338
0DA3B224AA938401E70D7339168C35B8EBA9718FFFFFFFFFFC8FFF00010616199342B71240A17350
0DA37B24AA3D84015B0D72F2168BF8B8EBA903FFFFFFFFFFFC9FFF00010C16199342B71240A17368
0DA40E24AB018400D60D738D168C6AB8FBAA23DFFFFFFFFFFC9FFF00010A16199342B71240A16380
0DA3FC24AAD284004F0D7388168C5CB90BAA7B8FFFFFFFFFFC8FFF00010116199342B71240A16398
0DA3BC24AA7D83FFBD0D7320168C07B90BAB03FFFFFFFFFFFC9FFF00010816199342B71240A163B0
0DA46024AB5883FF2F0D73F7168CB0B90BAB311FFFFFFFFFFC9FFF00010616199342B71240A163C8
0DA50F24AC5283FEA50D74ED168D67B91BAB8E4FFFFFFFFFFC8FFF00010516199342B71240A153E0
0DA5F124AD8C83FE1A0D7577168DC9B91BAB03FFFFFFFFFFFC8FFF0000F416199342B71240A163F8
0DA6FD24AF1E83FD840D7557168DAEB91BAA2D7FFFFFFFFFFCAFFF00010216199342B71240A15310
0DA97F24B2A483FCF40D78DD169073B91BAA040FFFFFFFFFFC9FFF00010116199342B71240A15328
0DAB6524B56383FC6D0D7B4216924CB92BAB03FFFFFFFFFFFC8FFF00010016199342B71240A15340
0DAC6624B6D283FBE90D7B9716928DB93BAB45AFFFFFFFFFFC8FFF0000FF16199342B71240A14358
0DAD4024B7FB83FB600D7C101692EAB93BAC041FFFFFFFFFFC8FFF0000F616199342B71240A14370
0DAE1F24B94B83FAD30D7C54169328B93BAD03FFFFFFFFFFFC8FFF0000F516199342B71240A14388
0DB02D24BC3C83FA360D7FCB1695D6B94BAE504FFFFFFFFFFC8FFF0000F916199342B71240A143A0
0DB1AE24BE5683F9A90D81461696FDB94BAF044FFFFFFFFFFC8FFF0000F916199342B71240A133B8
0DB25124BF4F83F92A0D82371697BAB96BB003FFFFFFFFFFFC7FFF0000F916199342B71240A133D0
0DB2E024BFFE83F89D0D819B169737B97BB16A7FFFFFFFFFFC8FFF0000F016199342B71340A133E8
0DB34C24C0B483F8090D803F169630B98BB2045FFFFFFFFFFC8FFF0000F716199342B71240A12300
0DB48124C25683F7800D83FE169916B99BB303FFFFFFFFFFFC8FFF0000F316199342B71240A13318
0DB4F424C2F783F6F90D8475169972B9ABB48DAFFFFFFFFFFC8FFF0000EF16199342B71340A12330
0DB4FD24C30483F66B0D8418169922B9ABB404EFFFFFFFFFFC9FFF0000EC16199342B71340A12348
0DB51A24C32283F5D90D83BB1698D2B9ABB59D0FFFFFFFFFFC9FFF0000EC16199442B71340A12360
0DB58424C3BC83F54E0D85251699F1B9BBB504AFFFFFFFFFFC9FFF0000F216199442B71340A12378
0DB62624C49E83F4C50D85A0169A4DB9CBB503FFFFFFFFFFFC9FFF0000F216199442B71340A11390
0DB73324C63083F43A0D85EF169A8BB9CBB603FFFFFFFFFFFC9FFF0000F116199442B71340A113A8
0DB8D524C88D83F3AF0D8738169B91B9CBB603FFFFFFFFFFFC9FFF0000F016199442B71340A103C0
0DB9CC24C9E683F3230D893E169D22B9CBB703FFFFFFFFFFFC9FFF0000E816199442B71340A103D8
0DBA8724CACE83F2920D8A1B169DC5B9DBB703FFFFFFFFFFFC9FFF0000EF16199442B71340A103F0
0DBAB424CB1583F2050D8A7B169E0FB9EBB8844FFFFFFFFFFC8FFF0000E716199442B71340A10308
0DBB5424CBF383F1790D8ACC169E4BB9EBB831EFFFFFFFFFFC8FFF0000EE16199442B71340A10320
0DBBD624CCAA83F0F10D8B40169EA0B9FBB903FFFFFFFFFFFC8FFF0000EE16199442B71340A10338
0DBC7324CD8C83F0670D8C06169F3CB9EBBA03FFFFFFFFFFFCAFFF0000E516199442B71340A10350
0DBD6224CEE283EFD90D8C76169F9BB9EBBA03FFFFFFFFFFFC8FFF0000DC16199442B71340A0F368
0DBDAD24CF4883EF4E0D8D2416A01AB9FBBA03FFFFFFFFFFFC8FFF0000EC16199442B71340A0F380
0DBE5624D04883EEC90D8DCA16A09DBA1BBA03FFFFFFFFFFFC8FFF0000ED16199442B71340A0E398
0DBF6E24D1C983EE310D8E2316A0DCBA1BBB03FFFFFFFFFFFC8FFF0000EE16199442B71340A0E3B0
0DC03324D2E383ED9B0D8FEE16A243BA1BBB03FFFFFFFFFFFC8FFF0000ED16199442B71340A0E3C8
0DC10624D3FD83ED170D906916A29DBA1BBB03FFFFFFFFFFFC9FFF0000DC16199442B71340A0E3E0
0DC1CB24D52D83EC960D90E916A303BA2BBB03FFFFFFFFFFFC9FFF0000EB16199442B71340A0E3F8
0DC32024D71683EC0A0D91B916A3AABA2BBC03FFFFFFFFFFFC9FFF0000EB16199442B71340A0E310
0DC3C024D7F583EB7E0D934816A4DFBA3BBC03FFFFFFFFFFFC9FFF0000E416199442B71340A0D328
0DC45C24D8CD83EAED0D93B416A531BA3BBD03FFFFFFFFFFFC9FFF0000ED16199442B71340A0D340
0DC48124D8F683EA550D93EB16A559BA3BBD03FFFFFFFFFFFC9FFF0000E716199442B71340A0D358
0DC4B324D93783E9C70D942616A582BA4BBE03FFFFFFFFFFFC9FFF0000EE16199442B71340A0D370
0DC54C24DA1683E9440D94A516A5E4BA4BBE03FFFFFFFFFFFC9FFF0000E516199442B71340A0C388
0DC5A324DA8683E8C00D94F816A620BA4BBE03FFFFFFFFFFFC7FFF0000EB16199442B71340A0C3A0
0DC5C624DAAB83E83A0D950516A626BA5BBF03FFFFFFFFFFFC8FFF0000E416199442B71340A0C3B8
0DC5FE24DAF983E7AA0D955D16A668BA6BBF03FFFFFFFFFFFC9FFF0000ED16199542B71340A0B3D0
0DC63B24DB4883E7130D95A516A69ABA6BC003FFFFFFFFFFFC9FFF0000DF16199542B71340A0C3E8
0DC69824DBC283E6840D95F116A6D1BA6BC003FFFFFFFFFFFC9FFF0000F016199542B71340A0B300
0DC6DA24DC1883E5FA0D963316A701BA6BC003FFFFFFFFFFFC9FFF0000F016199542B71340A0A318
0DC77924DD0083E5700D96D116A779BA7BC003FFFFFFFFFFFC9FFF0000E816199542B71340A0A330
0DC8A124DEB483E4E80D980D16A877BA7BC003FFFFFFFFFFFC9FFF0000E616199542B71340A0A348
0DCAAC24E1C783E45E0D9A4516AA39BA6BC003FFFFFFFFFFFC9FFF0000EE16199542B71340A0A360
0DCB8C24E2F683E3D40D9AF716AAC5BA6BC003FFFFFFFFFFFC8FFF0000F016199542B71340A0A378
0DCC0924E39B83E3410D9B7E16AB2ABA7BC003FFFFFFFFFFFC7FFF0000EA16199542B71340A0A390
0DCC6124E40D83E2AD0D9BBA16AB53BA7BC103FFFFFFFFFFFC9FFF0000F216199542B71340A093A8
0DCC8624E43583E21C0D9BE016AB68BA6BC103FFFFFFFFFFFCAFFF0000F316199542B71340A093C0
0DCCBA24E47283E1940D9BFB16AB78BA7BC203FFFFFFFFFFFC8FFF0000EA16199542B71340A093D8
0DCCC324E47D83E10C0D9C0416AB79BA7BC303FFFFFFFFFFFC8FFF0000EA16199542B71340A083F0
0DCD0324E4CC83E0860D9BE816AB5EBA7BC3053FFFFFFFFFFC8FFF0000F216199542B71340A08308
0DCD7324E56F83DFFA0D9CB916AC03BA7BC303FFFFFFFFFFFC9FFF0000F316199542B71340A08320
0DCE3F24E69883DF660D9DCB16ACD9BA8BC303FFFFFFFFFFFC8FFF0000EC16199542B71340A08338
0DCFA724E8AD83DED10D9F0F16ADD7BA9BC303FFFFFFFFFFFC8FFF0000F616199542B71340A08350
0DD08524E9D483DE450D9FC916AE67BA9BC303FFFFFFFFFFFC9FFF0000EE16199542B71340A08368
0DD0C224EA2D83DDBF0D9FBA16AE5FBA9BC303FFFFFFFFFFFC9FFF0000F716199542B71340A07380
0DD17124EB4783DD340DA0A616AF19BA9BC303FFFFFFFFFFFC8FFF0000EF16199542B71340A07398
0DD30724EDA383DCA80DA1A616AFEABA9BC303FFFFFFFFFFFC8FFF0000F616199542B71340A063B0
0DD4AB24F00383DC1C0DA41C16B1E0BA8BC303FFFFFFFFFFFCAFFF0000E716199542B71340A063C8
0DD5AD24F17783DB900DA52516B2B1BA9BC303FFFFFFFFFFFC9FFF0000F816199542B71340A063E0
0DD7A024F45283DAFD0DA70D16B439BAABC303FFFFFFFFFFFC9FFF0000F916199542B71340A063F8
0DD8FB24F65283DA670DA88316B564BAABC303FFFFFFFFFFFC9FFF0000FA16199542B71340A06310
0DDA0624F7C583D9E10DA93F16B5F0BABBC403FFFFFFFFFFFC8FFF0000FB16199542B71340A05328
0DDA4824F82483D9620DA91E16B5D2BABBC503FFFFFFFFFFFC8FFF0000F416199542B71340A05340
0DDA3F24F81483D8D60DA7ED16B4D4BACBC604AFFFFFFFFFFC7FFF0000FD16199642B71340A05358
0DDB8D24F9F883D8400DAA2916B6ABBADBC6194FFFFFFFFFFC7FFF0000F516199642B71340A04370
0DDC3924FAEB83D7AD0DAB5A16B791BADBC603FFFFFFFFFFFC8FFF0000F416199642B71340A04388
0DDD0424FC0D83D7240DAC0B16B819BAEBC603FFFFFFFFFFFC8FFF0000FD16199642B71340A043A0
0DDD7024FCA683D69A0DAC4416B847BAEBC703FFFFFFFFFFFC8FFF0000FE16199642B71340A043B8
0DDE1624FD9783D6110DAC2016B81EBAFBC703FFFFFFFFFFFC8FFF0000F916199642B71340A043D0
0DDF7F24FFB483D5850DAD7016B938BAFBC803FFFFFFFFFFFC9FFF00010216199642B71340A033E8
0DE07725010983D4F00DAF3B16BA9BBAFBC803FFFFFFFFFFFC7FFF00010316199642B71340A04300
0DE1C52502F383D45E0DB0E916BBF2BAEBC803FFFFFFFFFFFC8FFF00010316199642B71340A03318
0DE2E325048E83D3D80DB20016BCCEBAFBC803FFFFFFFFFFFC9FFF0000FA16199642B71340A02330
0DE3FB25063B83D3540DB2CA16BD70BAFBC803FFFFFFFFFFFC9FFF00010316199642B71340A02348
0DE4B925074A83D2C60DB22B16BCE0BB0BC9534FFFFFFFFFFC9FFF0000FC16199642B71340A03360
0DE5E625090383D2370DB3D916BE5EBB0BCA648FFFFFFFFFFCAFFF0000F616199642B71340A02378
0DE771250B5783D1A20DB6DD16C0B8BB0BCA03FFFFFFFFFFFC9FFF00010816199642B71340A02390
0DE8B6250D4483D10E0DB7DD16C187BB1BCA03FFFFFFFFFFFC8FFF00010916199642B71340A023A8
0DEA0A250F2E83D0870DB87116C204BB1BCA05DFFFFFFFFFFC9FFF00010116199642B71340A013C0
0DEC502512A883D0040DBAFB16C40EBB1BCB2A1FFFFFFFFFFC9FFF00010A16199642B71340A013D8
0DED3F25141283CF740DBAD416C3EABB1BCB03FFFFFFFFFFFC9FFF00010316199642B71340A013F0
0DEE4725157D83CEE20DBC3516C518BB2BCB03FFFFFFFFFFFC8FFF00010A16199642B71340A00308
0DEEEF25166C83CE5D0DBDCC16C650BB2BCC03FFFFFFFFFFFC9FFF00010B16199642B71340A00320
0DEF0B25168783CDD40DBDBF16C643BB3BCD03FFFFFFFFFFFCAFFF00010D16199642B71340A00338
0DEEDE25164383CD400DBCEE16C597BB4BCE03FFFFFFFFFFFC8FFF00010F16199642B71340A00350
0DF0652518A883CCAF0DBF6C16C7A3BB5BCE03FFFFFFFFFFFC8FFF00011016199642B71340A00368
0DF1252519A383CC220DC03716C840BB5BCE03FFFFFFFFFFFC7FFF00011216199642B713409FF380
0DF213251B1483CB910DC0A716C89ABB5BCE03FFFFFFFFFFFC8FFF00011216199642B713409FF398
0DF2C3251C0783CB090DC0DA16C8C5BB5BCE03FFFFFFFFFFFC9FFF00010216199642B713409FE3B0
0DF44C251E7383CA880DC2FF16CA8CBB4BCF03FFFFFFFFFFFC9FFF00011316199642B713409FE3C8
0DF57A25201183C9FC0DC3CA16CB1BBB4BCF03FFFFFFFFFFFC9FFF00011516199742B713409FE3E0
0DF6CF25223083C9670DC55816CC73BB4BCF03FFFFFFFFFFFC9FFF00011616199742B713409FE3F8
0DF81325240283C8D80DC70F16CDCABB5BCF03FFFFFFFFFFFC9FFF00010F16199742B713409FE310
0DF9342525AB83C8470DC82816CEADBB6BCF077FFFFFFFFFFC8FFF00011916199742B713409FE328
0DFA2825271283C7B60DC8E216CF46BB6BCF38BFFFFFFFFFFC9FFF00011416199742B713409FD340
0DFB752528F483C72C0DCA0616D02ABB6BD003FFFFFFFFFFFC8FFF00011916199742B713409FD358
0DFBA925294583C6A90DC9A516CFE1BB6BD103FFFFFFFFFFFC8FFF00011B16199742B713409FD370
0DFC73252A6383C6200DCB0E16D0FBBB5BD1040FFFFFFFFFFC9FFF00011C16199742B713409FC388
0DFD52252BD583C5900DCB6E16D14FBB6BD103FFFFFFFFFFFC9FFF00011D16199742B713409FC3A0
0DFF94252F4283C4FA0DCEDD16D41FBB7BD103FFFFFFFFFFFC9FFF00011F16199742B713409FC3B8
0E02BB2533DC83C4690DD17916D63EBB7BD1040FFFFFFFFFFC8FFF00011116199742B713409FC3D0
0E040A2535DE83C3E00DD30916D780BB7BD103FFFFFFFFFFFC8FFF00012216199742B713409FC3E8
0E04E025370483C3580DD2F216D764BB8BD103FFFFFFFFFFFC9FFF00012216199742B713409FB300
0E05EF2538A983C2CD0DD45216D88CBB7BD103FFFFFFFFFFFC8FFF00012216199742B713409FB318
0E06CD2539F483C2460DD54216D954BB7BD203FFFFFFFFFFFC8FFF00012316199742B713409FB330
0E072F253A6B83C1B60DD57516D975BB7BD203FFFFFFFFFFFCAFFF00011D16199742B713409FB348
0E075D253AA983C11D0DD5FB16D9DDBB7BD203FFFFFFFFFFFC8FFF00012716199742B713409FA360
0E07C4253B4783C08D0DD64C16DA1BBB7BD203FFFFFFFFFFFC8FFF00012016199742B713409FA378
0E07FD253B8883C0080DD67516DA39BB7BD20A4FFFFFFFFFFC8FFF00012816199742B713409FA390
0E0862253C2283BF7F0DD6EE16DA9EBB8BD14A2FFFFFFFFFFC8FFF00012716199742B713409FA3A8
0E09C9253E5B83BEF90DD87F16DBECBB8BD103FFFFFFFFFFFC8FFF00012716199742B713409FA3C0
0E0BA925413483BE680DDA6716DD7CBB7BD103FFFFFFFFFFFC8FFF00012116199742B713409F93D8
0E0D1325434B83BDCF0DDBF916DEC1BB7BD1040FFFFFFFFFFC8FFF00012A16199742B713409F93F0
0E0F4B2546A183BD410DDDEE16E056BB7BD1040FFFFFFFFFFC9FFF00012B16199742B713409F9308
0E119C254A0B83BCBB0DDFC916E1D6BB7BD103FFFFFFFFFFFC8FFF00012C16199742B713409F8320
0E1290254B7083BC310DE0E616E2C8BB7BD103FFFFFFFFFFFC9FFF00012316199742B713409F8338
0E12ED254C0883BB9F0DE1EC16E39ABB7BD103FFFFFFFFFFFC8FFF00012B16199742B713409F8350
0E1438254DF983BB0F0DE32316E499BB9BD203FFFFFFFFFFFC9FFF00012C16199742B713409F8368
0E159F25500583BA7E0DE41F16E565BB9BD303FFFFFFFFFFFC8FFF00012316199742B713409F8380
0E170825524A83B9E90DE5A016E6A8BB8BD303FFFFFFFFFFFC8FFF00012416199742B713409F8398
0E193D25558283B95F0DE7E616E87CBB9BD303FFFFFFFFFFFC8FFF00012D16199742B713409F63B0
0E1AE32557FA83B8D00DE96916E9BEBB9BD303FFFFFFFFFFFC8FFF00012616199842B713409F73C8
0E1C2B2559E583B8390DEAA216EAB6BB8BD303FFFFFFFFFFFC8FFF00012C16199842B713409F73E0
0E1D2C255B5F83B7AE0DEBA316EB8EBB8BD20D3FFFFFFFFFFC8FFF00012B16199842B713409F63F8
0E1E3E255D0483B7270DECC316EC79BB9BD25A0FFFFFFFFFFC9FFF00012B16199842B713409F6310
0E1F3B255E8983B6930DED6316ECFFBB9BD203FFFFFFFFFFFC8FFF00012516199842B713409F6328
0E219A25623283B5FC0DEFFC16EF26BB9BD2AF6FFFFFFFFFFC8FFF00012D16199842B714409F6340
0E234525649883B5680DF1CD16F0A3BB9BD2066FFFFFFFFFFC8FFF00012D16199842B714409F5358
0E24192565DB83B4DD0DF25C16F116BBABD303FFFFFFFFFFFC8FFF00012B16199842B714409F5370
0E246E25665B83B4560DF29016F142BBABD203FFFFFFFFFFFCAFFF00012316199842B713409F5388
0E24B22566BF83B3CB0DF25516F106BBABD203FFFFFFFFFFFC8FFF00012A16199842B713409F43A0
0E267825698783B3320DF4C316F318BBABD303FFFFFFFFFFFC9FFF00012216199842B714409F43B8
0E27E7256BA383B2990DF65B16F467BBABD203FFFFFFFFFFFC7FFF00012B16199842B714409F43D0
0E288F256C9383B20B0DF6D316F4C1BBABD203FFFFFFFFFFFC8FFF00012B16199842B714409F43E8
0E290A256D4083B1870DF72016F4FEBBABD303FFFFFFFFFFFC9FFF00011916199842B714409F4300
0E2ADA25704683B0FD0DF78616F55EBBABD303FFFFFFFFFFFC9FFF00011816199842B714409F4318
0E2E5525758183B0690DFACB16F81BBBABD303FFFFFFFFFFFC9FFF00012816199842B714409F3330
0E303925784F83AFCC0DFED316FB64BBABD303FFFFFFFFFFFC9FFF00012716199842B714409F3348
0E31262579B483AF3B0DFF6F16FBE8BBABD210FFFFFFFFFFFC9FFF00011616199842B714409F3360
0E31D2257AB383AEB60DFFAD16FC19BBABD369EFFFFFFFFFFC9FFF00012616199842B714409F3378
0E3264257B8283AE270DFF4716FBBEBBABD303FFFFFFFFFFFC8FFF00012516199842B714409F2390
0E3317257CA083AD940DFF7616FBE9BBABD303FFFFFFFFFFFC8FFF00012416199842B714409F23A8
0E349C257EE183AD070E024E16FE51BBABD403FFFFFFFFFFFCAFFF00011B16199842B714409F23C0
0E36632581B183AC740E04A9170034BBBBD403FFFFFFFFFFFC9FFF00012316199842B714409F23D8
0E38C225854D83ABDB0E06D6170209BBBBD303FFFFFFFFFFFCAFFF00012216199842B714409F13F0
0E3B062588A583AB4D0E087B170360BBABD303FFFFFFFFFFFC9FFF00011816199842B714409F1308
0E3C85258AD683AACB0E0A0D1704A6BBABD303FFFFFFFFFFFC9FFF00010E16199842B714409F2320
0E3CCE258B3583AA420E09A117043EBBBBD303FFFFFFFFFFFC8FFF00011D16199842B714409F0338
0E3D7B258C6D83A9AD0E09A417045BBBBBD303FFFFFFFFFFFC8FFF00011C16199842B714409F0350
0E3FB8258FBD83A9120E0DDB1707C5BBBBD4040FFFFFFFFFFC9FFF00011C16199842B714409F0368
0E40982590FD83A87F0E0E96170861BBABD303FFFFFFFFFFFCAFFF00011B16199842B714409F0380
0E410025919583A7F20E0E6E170839BB9BD3040FFFFFFFFFFCAFFF00011216199842B714409F0398
0E421925935D83A7670E0F96170931BB9BD3040FFFFFFFFFFCAFFF00011916199842B714409F03B0
0E433025951983A6E00E0F2B1708DFBB9BD315FFFFFFFFFFFC9FFF00011616199942B714409EF3C8
0E4683259A1183A6530E13C4170CBFBB9BD37AAFFFFFFFFFFC9FFF00011316199942B714409F03E0
0E473F259B3183A5BA0E152F170DDEBB8BD2046FFFFFFFFFFC8FFF00010D16199942B714409EE3F8
0E48A6259D4B83A5240E169F170F0DBB8BD2040FFFFFFFFFFC9FFF00011216199942B714409EE310
0E49B3259EDB83A4950E1791170FD1BB8BD3047FFFFFFFFFFCAFFF00010116199942B714409EE328
0E4A74259FFC83A40A0E1806171031BB8BD303FFFFFFFFFFFCAFFF00011016199942B714409EE340
0E4B3B25A12F83A37C0E186817107CBB9BD303FFFFFFFFFFFCAFFF00010F16199942B714409EE358
0E4B8C25A1AA83A2F30E16D5170F39BB9BD3042FFFFFFFFFFC9FFF00010E16199942B714409EE370
0E4CD125A39F83A2610E1A6817122BBB9BD3044FFFFFFFFFFC9FFF00010D16199942B714409ED388
0E4D8525A4AE83A1C60E1BC017134ABB8BD203FFFFFFFFFFFC8FFF00010B16199942B714409ED3A0
0E4F5E25A76B83A1320E1D53171493BB7BD203FFFFFFFFFFFC8FFF0000F916199942B714409ED3B8
0E507725A91083A0B10E1E8517158CBB7BD203FFFFFFFFFFFC9FFF00010416199942B714409EC3D0
0E519725AABF83A02C0E1F0D1715FEBB7BD2041FFFFFFFFFFCAFFF00010716199942B714409EC3E8
0E520125AB70839F900E1F071715FABB7BD2042FFFFFFFFFFC9FFF0000FF16199942B714409EC300
0E52BC25AC7A839EF00E2067171722BB7BD203FFFFFFFFFFFC9FFF0000FF16199942B714409EC318
0E536925AD7F839E610E21161717A9BB8BD216DFFFFFFFFFFC9FFF00010516199942B714409EC330
0E549C25AF5A839DDC0E221F171885BB9BD27F1FFFFFFFFFFCAFFF0000F916199942B714409EC348
0E554725B04B839D510E2200171869BB8BD103FFFFFFFFFFFC9FFF0000FF16199942B714409EB360
0E568225B22C839CC30E23B91719DFBB8BD103FFFFFFFFFFFC9FFF0000F816199942B714409EB378
0E57C225B3F5839C330E2551171B1CBB8BD103FFFFFFFFFFFC9FFF0000F616199942B714409EA390
0E57CD25B3F9839B9C0E2569171B23BB7BD103FFFFFFFFFFFC9FFF0000FF16199942B714409EA3A8
0E580C25B445839B060E258F171B3EBB7BD103FFFFFFFFFFFCAFFF0000F716199942B714409EA3C0
0E58B325B54E839A780E261D171BB3BB5BD103FFFFFFFFFFFC9FFF0000F116199942B714409EA3D8
0E5C4025BAD68399E90E297A171E7DBB4BD003FFFFFFFFFFFC9FFF0000F916199942B714409EA3F0
0E5D9525BCC683995C0E2B53172006BB4BCF03FFFFFFFFFFFCAFFF0000F716199942B714409E9308
0E5EE525BEAE8398D40E2CA517211DBB5BCE042FFFFFFFFFFC9FFF0000F016199942B714409E9320
0E5F0725BEE08398420E2CA917211ABB5BCE03FFFFFFFFFFFC8FFF0000F816199942B714409E9338
0E5F6E25BF708397AE0E2CDB172144BB4BCE03FFFFFFFFFFFC9FFF0000F716199942B714409E9350
0E608A25C1418397190E2E5E17228ABB4BCE03FFFFFFFFFFFC9FFF0000E516199942B714409E8368
0E63B625C6188396840E31541724FEBB4BCD03FFFFFFFFFFFCAFFF0000F316199A42B714409E8380
0E660D25C9908395F90E334F17269EBB4BCD03FFFFFFFFFFFC9FFF0000F216199A42B714409E8398
0E672525CB1E8395720E33891726BDBB3BCD03FFFFFFFFFFFC9FFF0000F116199A42B714409E83B0
0E681225CCA88394E40E34B51727D6BB3BCD03FFFFFFFFFFFC9FFF0000F116199A42B714409E83C8
0E6AC025D0E683944C0E3864172ADDBB3BCD03FFFFFFFFFFFC9FFF0000E216199A42B714409E83E0
0E6D1425D4588393B70E3AD2172CDFBB3BCD043FFFFFFFFFFCAFFF0000F116199A42B714409E73F8
0E6E4825D6208393260E3BD8172DBABB1BCC041FFFFFFFFFFCAFFF0000EF16199A42B714409E7310
0E709825D9C683929A0E3DEF172F7BBB1BCB03FFFFFFFFFFFC9FFF0000EE16199A42B714409E6328
0E720325DBCA83920E0E3E2D172FBEBB1BCB03FFFFFFFFFFFC9FFF0000EC16199A42B714409E6340
0E724125DC4283917F0E3F9E1730E2BB0BCB03FFFFFFFFFFFC9FFF0000E216199A42B714409E6358
0E72D725DD118390EB0E401C173145BAFBCB03FFFFFFFFFFFC8FFF0000E516199A42B714409E6370
0E730F25DD5783905B0E404F17316EBAFBCA03FFFFFFFFFFFCAFFF0000E316199A42B714409E6388
0E732825DD76838FC70E404217315EBAFBC9045FFFFFFFFFFC9FFF0000EB16199A42B714409E53A0
0E739D25DE25838F340E3FFE17312BBAFBC9041FFFFFFFFFFC9FFF0000E416199A42B715409E53B8
0E74D625E025838EA50E42F71733AFBAFBC904AFFFFFFFFFFCAFFF0000EA16199A42B715409E43D0
0E783A25E548838E180E45C11735F0BAFBC9047FFFFFFFFFFCAFFF0000E916199A42B714409E43E8
0E7B8225EA56838D8F0E4860173825BAEBC8043FFFFFFFFFFCAFFF0000E616199A42B714409E4300
0E7E7425EEBF838D060E4B2F173A8DBAEBC703FFFFFFFFFFFCAFFF0000E616199A42B715409E4318
0E808D25F249838C720E4E0F173CEEBADBC703FFFFFFFFFFFCAFFF0000E716199A42B715409E4330
0E833525F603838BD30E50E5173F3DBADBC703FFFFFFFFFFFCAFFF0000E816199A42B715409E4348
0E850C25F8E6838B350E5229174051BACBC603FFFFFFFFFFFC9FFF0000E016199A42B715409E4360
0E85F325FA31838AA70E5327174126BACBC603FFFFFFFFFFFC9FFF0000E716199A42B715409E4378
0E86A825FB47838A2A0E53BF1741A1BABBC503FFFFFFFFFFFC8FFF0000DD16199A42B715409E4390
0E875C25FC648389A90E52EF1740F5BABBC503FFFFFFFFFFFCAFFF0000E416199A42B715409E33A8
0E87C525FD3D8389160E5332174146BABBC503FFFFFFFFFFFC9FFF0000E416199A42B715409E23C0
0E8A842601578388770E57F6174537BABBC403FFFFFFFFFFFC9FFF0000E516199A42B715409E23D8
0E8BC92603388387D90E592917462DBABBC303FFFFFFFFFFFCAFFF0000E516199A42B715409E23F0
0E8CFC2604F583874C0E59D91746C0BAABC303FFFFFFFFFFFCBFFF0000DD16199A42B715409E2308
0E8DCA26063B8386C40E5A84174749BA9BC303FFFFFFFFFFFCAFFF0000E016199A42B715409E2320
0E8F0D26083083863D0E5A9617475BBA9BC303FFFFFFFFFFFCAFFF0000E016199B42B715409E1338
0E90AE260AB78385B00E5D4A1749A1BA8BC303FFFFFFFFFFFC9FFF0000E416199B42B715409E1350
0E930B260E598385190E6014174BF9BA8BC203FFFFFFFFFFFCBFFF0000DB16199B42B715409E1368
0E94D92611258384810E623C174DCBBA8BC103FFFFFFFFFFFCAFFF0000E316199B42B715409E1380
0E96822613B68383F30E6391174EE8BA7BC103FFFFFFFFFFFCAFFF0000DB16199B42B715409E1398
0E98112616078383670E646E174FA1BA7BC103FFFFFFFFFFFCAFFF0000E116199B42B715409E03B0
0E99312617EF8382D70E668D175179BA6BC103FFFFFFFFFFFCAFFF0000D316199B42B715409E03C8
0E9B94261B7D8382400E68021752AABA6BC103FFFFFFFFFFFCAFFF0000E216199B42B715409E03E0
0E9C3F261C668381B30E693A17539FBA5BC003FFFFFFFFFFFC9FFF0000D916199B42B715409E03F8
0E9D14261DA783812D0E69DF175424BA5BC003FFFFFFFFFFFC9FFF0000E216199B42B715409E0310
0E9DBD261EA483809C0E6A5E175491BA5BC003FFFFFFFFFFFCAFFF0000DA16199B42B715409E0328
0E9F062620AA8380000E6BEE1755DDBA4BC003FFFFFFFFFFFC9FFF0000E216199B42B715409E0340
0EA0F4262396837F700E6DB517575CBA4BC0040FFFFFFFFFFC9FFF0000E116199B42B715409DE358
0EA25B2625B4837EE70E6F1217587DBA4BBF040FFFFFFFFFFC9FFF0000D816199B42B715409DE370
0EA3CD2627F9837E570E70941759BABA4BBE041FFFFFFFFFFCAFFF0000D716199B42B715409DE388
0EA628262B92837DC80E7309175BCBBA4BBE03FFFFFFFFFFFCBFFF0000DF16199B42B715409DE3A0
0EA7C1262DF2837D3B0E748E175D0EBA3BBD03FFFFFFFFFFFCAFFF0000D916199B42B715409DD3B8
0EA917263011837CA10E75E8175E3ABA2BBD03FFFFFFFFFFFCBFFF0000E216199B42B715409DC3D0
0EAC312634DB837C0B0E78E71760C0BA2BBD03FFFFFFFFFFFCAFFF0000E116199B42B715409DD3E8
0EAF4E263997837B830E7BE0176336BA1BBD03FFFFFFFFFFFCAFFF0000D816199B42B715409DD300
0EB0E5263BF5837AFD0E7D8B176498BA0BBC03FFFFFFFFFFFCAFFF0000DE16199B42B715409DD318
0EB286263E97837A6F0E7DE11764D9BA0BBC03FFFFFFFFFFFCAFFF0000DE16199B42B715409DC330
0EB51A26426F8379D90E81751767F0BA0BBC03FFFFFFFFFFFCAFFF0000DE16199B42B715409DC348
0EB67A26448C8379450E830317692DBA0BBC03FFFFFFFFFFFCBFFF0000D616199B42B715409DC360
0EB7F52646C68378B50E84A9176A93BA0BBB040FFFFFFFFFFCBFFF0000D716199B42B715409DC378
0EBAFB264BBE8378210E87DD176D60B9FBBB03FFFFFFFFFFFCAFFF0000CF16199B42B715409DC390
0EC1822655CA83778F0E8E911772EEB9FBBA03FFFFFFFFFFFCAFFF0000DF16199B42B715409DC3A8
0EC5B2265C058377040E92191775E1B9EBB903FFFFFFFFFFFCAFFF0000DD16199B42B715409DB3C0
0EC6D0265D9483767C0E91AE17757CB9DBB803FFFFFFFFFFFC9FFF0000DC16199C42B715409DA3D8
0EC749265E838375EA0E92C8177698B9CBB703FFFFFFFFFFFCAFFF0000DC16199C42B715409DB3F0
0EC7EB265F5E8375560E948E1777F8B9BBB603FFFFFFFFFFFCAFFF0000DB16199C42B715409DA308
0EC97D2661F78374C70E96A31779B2B9BBB603FFFFFFFFFFFCBFFF0000DC16199C42B715409DA320
0ECBD62665538374300E9815177AE1B9BBB503FFFFFFFFFFFCAFFF0000D516199C42B715409DA338
0ECD2026676E8373990E9925177BD1B9ABB403FFFFFFFFFFFCAFFF0000DD16199C42B715409DA350
0ECEEB266A2B8373100E9B27177D82B99BB403FFFFFFFFFFFCAFFF0000D516199C42B715409DA368
0ED010266BF88372890E9C13177E4BB99BB403FFFFFFFFFFFCAFFF0000D816199C42B715409D9380
0ED0BC266CF88371FD0E9C4C177E7CB99BB403FFFFFFFFFFFCAFFF0000D916199C42B715409D9398
0ED4A826731283716C0EA0291781B5B98BB403FFFFFFFFFFFCAFFF0000D916199C42B715409D83B0
0ED7BF2677A98370DE0EA3F71784E6B96BB303FFFFFFFFFFFCAFFF0000D916199C42B715409D83C8
0EDA2F267B8383704B0EA6AC178720B96BB203FFFFFFFFFFFCAFFF0000D216199C42B715409D83E0
0EDC27267E53836FC30EA8801788AAB96BB177CFFFFFFFFFFCAFFF0000D316199C42B715409D83F8
0EDE04268149836F550EAA001789ECB93BB007FFFFFFFFFFFCAFFF0000D816199C42B715409D8310
0EDEFB2682A1836EE80EAAC3178A8CB91BAF0B6FFFFFFFFFFC9FFF0000D816199C42B715409D8328
0EDD31267FD8836EC20EA9F31789E4B8FBAEA7EFFFFFFFFFFC9FFF0000D716199C42B715409D8340
0ED97F267A63836EC30EA5331785F2B90BAD092FFFFFFFFFFCAFFF0000CE16199C42B715409D7358
0ED8BF267909836EBF0EA50E1785B3B92BAE193FFFFFFFFFFCAFFF0000D616199C42B716409D7370
0EDB1A267CC9836EC40EA74A1787B5B92BAF2BEFFFFFFFFFFCAFFF0000C716199C42B716409D6388
0EDCED267F88836EC50EA849178877B92BAE03FFFFFFFFFFFC9FFF0000D816199C42B716409D63A0
0EDE27268164836EBC0EA93317893BB93BAE25BFFFFFFFFFFC9FFF0000D716199C42B716409D63B8
0EDECF26828F836EBE0EAA79178A5DB92BAE3DFFFFFFFFFFFC9FFF0000CE16199C42B716409D53D0
0EDD8726806A836ECA0EAAD8178AC3B91BAD03FFFFFFFFFFFCAFFF0000CB16199C42B716409D63E8
0EDBEF267E19836ECF0EA7C117882CB92BAD2DDFFFFFFFFFFCBFFF0000D416199C42B716409D5300
0EDA09267B3E836ECA0EA663178706B91BAE485FFFFFFFFFFCAFFF0000CD16199C42B716409D5318
0EDB4F267D36836EC30EA5AA178661B91BAE03FFFFFFFFFFFCAFFF0000CF16199C42B716409D5330
0EDB28267D0A836EBF0EA6681786F7B91BAE379FFFFFFFFFFCAFFF0000D316199C42B716409D5348
0EDD47268036836EC10EA969178981B92BAF543FFFFFFFFFFCAFFF0000D416199C42B716409D4360
0EDB0E267CC2836EC70EA6021786BCB91BAE03FFFFFFFFFFFC9FFF0000D416199D42B716409D4378
0ED9262679E9836ECD0EA566178630B91BAE495FFFFFFFFFFC9FFF0000C316199D42B716409D4390
0ED91B2679CA836ECE0EA5281785F9B92BAF5C4FFFFFFFFFFCAFFF0000D216199D42B716409D47A8
0ED8DA267977836EC90EA5211785F9B92BAE03FFFFFFFFFFFCAFFF0000D316199D42B716409D33C0
0ED9D3267AF3836EC30EA50C1785DDB92BAF59DFFFFFFFFFFCAFFF0000D316199D42B716409D37D8
0EDA0A267B49836EC20EA52E178605B92BAF65FFFFFFFFFFFCAFFF0000CB16199D42B716409D23F0
0EDA68267BD5836EC50EA5C7178681B92BAF03FFFFFFFFFFFCBFFF0000D216199D42B716409D2708
0EDA78267BE3836EC90EA6331786DBB92BAE3FCFFFFFFFFFFCAFFF0000CB16199D42B716409D2320
0EDAFA267CBB836EC90EA66717870EB92BAE03FFFFFFFFFFFCBFFF0000D116199D42B716409D2738
0EDC0D267E7A836ECA0EA6A717873EB92BAE03FFFFFFFFFFFCAFFF0000D116199D42B716409D2350
0EDCEC267F73836ECD0EA6E417876FB91BAF5D2FFFFFFFFFFCAFFF0000C916199D42B716409D2768
0EDC53267EE9836ECA0EA7F517883CB90BAF03FFFFFFFFFFFC9FFF0000CD16199D42B716409D1780
0EDD922680D6836EC60EA79A178811B90BAF03FFFFFFFFFFFCAFFF0000CE16199D42B716409D1398
0EDF62268373836EC70EA87C1788C5B91BAF546FFFFFFFFFFCAFFF0000D216199D42B716409D03B0
0EDF50268385836EC40EA9E51789DBB92BAF03FFFFFFFFFFFCAFFF0000C916199D42B716409D03C8
0EE02A2684AB836EC70EAB12178B0AB91BAF03FFFFFFFFFFFC9FFF0000D116199D42B716409D03E0
0EE0442684DF836ED00EAB35178B38B91BAE5E0FFFFFFFFFFC9FFF0000D116199D42B716409D03F8
0EE083268539836ED00EAB07178B12B91BAE042FFFFFFFFFFCAFFF0000D216199D42B716409D0310
0EE09E268570836EC90EABDD178BABB91BAE03FFFFFFFFFFFCBFFF0000D116199D42B716409D0328
0EE0AE268591836EC50EAC4A178C01B91BAE8BCFFFFFFFFFFCAFFF0000D116199D42B716409D0340
0EE0B626859B836EC80EAC4D178C08B91BAE040FFFFFFFFFFCBFFF0000D116199D42B716409CF358
0EE0B8268599836ECC0EAC4D178C0AB91BAE150FFFFFFFFFFCAFFF0000C016199D42B716409CF370
0EE0AD26858D836ECC0EAC56178C13B91BADAD9FFFFFFFFFFCAFFF0000D116199D42B716409CF388
0EE0B0268590836ECA0EAC60178C1CB90BAD03FFFFFFFFFFFCAFFF0000D316199D42B716409CF3A0
0EE0B32685A4836EC50EAC62178C1BB8FBAD1D8FFFFFFFFFFCAFFF0000CF16199D42B716409CE3B8
0EE0A626858E836EC50EAC5A178C19B8FBAE126FFFFFFFFFFCAFFF0000CD16199D42B716409CE3D0
0EE08926855E836ECF0EAC2A178BEFB8FBAE03FFFFFFFFFFFCAFFF0000D116199D42B716409CE3E8
0EE05D268507836ECF0EABFA178BCBB92BAE320FFFFFFFFFFCAFFF0000D216199D42B716409CE300
0EE0282684E9836EC40EABA9178B8DB92BAE1C8FFFFFFFFFFCBFFF0000D216199D42B716409CE318
0EE090268558836EC30EABAB178B92B92BAE03FFFFFFFFFFFCBFFF0000D216199D42B716409CE330
0EE08626854F836ECA0EAB99178B82B91BAE408FFFFFFFFFFCAFFF0000CB16199D42B716409CD348
0EDFF226847B836ECB0EAB4F178B49B91BAE23AFFFFFFFFFFCAFFF0000C516199D42B716409CC360
0EDF782683A6836ECB0EAB60178B65B90BAF04AFFFFFFFFFFCAFFF0000D416199E42B716409CD378
0EDF3226835C836ECA0EAB2D178B1FB90BAE4F1FFFFFFFFFFC9FFF0000D416199E42B716409CC390
0EDED42682CE836EC40EAACE178AD7B91BAE29CFFFFFFFFFFCAFFF0000CB16199E42B716409CC3A8
0EDEDB2682D3836EC70EAAC0178ACFB91BAE03FFFFFFFFFFFCAFFF0000D316199E42B716409CC3C0
0EDEAF268295836ED40EAAC1178AD2B92BAE4F5FFFFFFFFFFCAFFF0000D516199E42B716409CC3D8
0EDE71268226836ECE0EAA61178A7EB92BAE2A0FFFFFFFFFFC9FFF0000D316199E42B716409CB3F0
0EDE3D2681D0836EBF0EAA17178A3FB92BAE03FFFFFFFFFFFCAFFF0000D416199E42B716409CB308
0EDE70268231836EC10EA9E4178A13B91BAF63CFFFFFFFFFFCBFFF0000D816199E42B716409CA320
0EDEBD2682A0836ECC0EAA3F178A67B90BAF320FFFFFFFFFFCBFFF0000D716199E42B716409CA338
0EDE4F2681FA836ECF0EAA8F178A92B91BB003FFFFFFFFFFFCBFFF0000D016199E42B716409CA350
0EDF3C26836D836ECD0EAA3C178A56B91BAF83BFFFFFFFFFFCAFFF0000CF16199E42B716409CA368
0EDFB726842A836EC90EAAD3178AD1B90BAF380FFFFFFFFFFCAFFF0000DA16199E42B716409CA380
0EE091268554836EC70EABC1178B8BB91BAF048FFFFFFFFFFCBFFF0000DB16199E42B716409CA398
0EE095268587836EC40EABEB178BC1B92BAF2F3FFFFFFFFFFCAFFF0000D316199E42B716409CA3B0
0EE08F26853B836EC40EAC74178C27B92BAF045FFFFFFFFFFCAFFF0000DB16199E42B716409C93C8
0EE055268503836ECC0EABF6178BB9B92BAE067FFFFFFFFFFCAFFF0000DC16199E42B716409C93E0
0EE0152684B7836ECF0EAB85178B6AB92BAD3D7FFFFFFFFFFCAFFF0000DD16199E42B716409C93F8
0EE00226849F836ECA0EAB23178B2DB91BAE03FFFFFFFFFFFCAFFF0000DB16199E42B716409C9310
0EE0DB2685FD836E8F0EAC8A178C4BB90BAD040FFFFFFFFFFCAFFF0000DA16199E42B716409C8328
0EE14F26868D836E430EACED178C93B91BAD8E3FFFFFFFFFFCAFFF0000E016199E42B716409C8340
0EE2242687D9836DC90EADBC178D4DB90BAE3A6FFFFFFFFFFCAFFF0000D816199E42B716409C8358
0EE3C7268A55836D4C0EAF5A178E98B90BAD03FFFFFFFFFFFC9FFF0000E116199E42B716409C8370
0EE478268B24836CD40EB0DD178FCCB90BAC03FFFFFFFFFFFC9FFF0000D316199E42B716409C7388
0EE717268F9C836C4E0EB17817905CB90BAC03FFFFFFFFFFFCAFFF0000E516199E42B716409C83A0
0EEAF326953D836BCC0EB423179291B8FBAC03FFFFFFFFFFFCBFFF0000E616199E42B716409C73B8
0EED5B2698F6836B4B0EB8A8179666B8EBAB3DFFFFFFFFFFFCAFFF0000E516199E42B716409C73D0
0EF00C269D3D836ACC0EBB6E1798B8B8DBAB22DFFFFFFFFFFCAFFF0000DE16199E42B716409C63E8
0EF49826A3FF836A4F0EC013179C82B8BBAA03FFFFFFFFFFFCAFFF0000E816199E42B716409C6300
0EF68F26A70A8369C90EC0DF179D3AB89BA9535FFFFFFFFFFC9FFF0000E216199E42B716409C6318
0EF82726A97A8369490EC25C179E7DB88BA82CBFFFFFFFFFFC9FFF0000EC16199E42B716409C6330
0EF8F926AAB58368C50EC45117A021B87BA704FFFFFFFFFFFCAFFF0000ED16199E42B716409C6348
0EF98B26AB988368390EC414179FEEB87BA698FFFFFFFFFFFCAFFF0000ED16199E42B716409C6360
0EFB4526AE368367B10EC66717A1DDB87BA53CBFFFFFFFFFFC9FFF0000E516199E42B716409C5378
0EFC4226AFA483672D0EC78117A2C7B87BA4062FFFFFFFFFFC9FFF0000EE16199E42B716409C5390
0EFCE626B0A98366A30EC83E17A363B87BA3481FFFFFFFFFFCAFFF0000F116199E42B716409C43A8
0EFECB26B3B38366080EC9BC17A4B1B86BA303FFFFFFFFFFFCAFFF0000EC16199F42B716409C43C0
0F03F426BB958365780ECF7A17A975B85BA20C1FFFFFFFFFFCAFFF0000F216199F42B716409C43D8
0F06EE26BFEF8364F90ED26817ABDAB86BA16D2FFFFFFFFFFCAFFF0000E516199F42B716409C43F0
0F07D726C16E8364770ED20B17AB88B86BA103FFFFFFFFFFFCAFFF0000F616199F42B716409C4308
0F09E226C4938363EC0ED01417AA0AB84BA017EFFFFFFFFFFCAFFF0000E816199F42B716409C4320
0F0BAA26C73E83635D0ED4BF17ADEBB83BA01F4FFFFFFFFFFC9FFF0000F916199F42B716409C4338
0F0CFC26C9358362CA0ED83417B0B9B81B9E04AFFFFFFFFFFCAFFF0000FA16199F42B716409C3350
0F0E1926CAF283623F0ED91F17B181B81B9D03FFFFFFFFFFFCAFFF0000FB16199F42B716409C2368
0F0FD926CDAB8361B60EDAEC17B305B7FB9C03FFFFFFFFFFFCAFFF0000F516199F42B716409C2380
0F12CB26D24583612D0EDC1017B3F5B7FB9B03FFFFFFFFFFFCAFFF0000F816199F42B716409C2398
0F16F826D85B8360980EE0F617B80EB7EB9B03FFFFFFFFFFFC9FFF0000FF16199F42B716409C23B0
0F17B126D96D835FFF0EE16017B852B7DB9A03FFFFFFFFFFFC9FFF00010216199F42B716409C23C8
0F189826DAE9835F6C0EE3B517BA51B7BB9A03FFFFFFFFFFFCAFFF0000F216199F42B716409C23E0
0F1B0A26DEAB835EE00EE5F917BC2EB7AB9903FFFFFFFFFFFCAFFF00010316199F42B716409C13F8
0F1E2426E379835E500EE83B17BE1FB7BB9803FFFFFFFFFFFCAFFF00010616199F42B716409C1310
0F225526E9B1835DB80EECC117C1D3B7BB9703FFFFFFFFFFFCAFFF00010916199F42B716409C1328
0F24DE26ED6B835D1B0EEFC517C44EB7AB9703FFFFFFFFFFFCAFFF00010A16199F42B716409C0340
0F25DE26EEE9835C870EF0A317C500B78B9603FFFFFFFFFFFCAFFF00010216199F42B716409C0358
0F263B26EF6C835BF90EF05C17C4C2B76B9503FFFFFFFFFFFCAFFF00010916199F42B716409C0370
0F266826EFC3835B630EF09E17C508B75B940DBFFFFFFFFFFCAFFF00010B16199F42B716409C0388
0F27CD26F1FE835AC70EF1B917C605B76B941A8FFFFFFFFFFCAFFF00010E16199F42B716409C03A0
0F29C326F4D6835A310EF49317C84CB76B9403FFFFFFFFFFFC9FFF00010A16199F42B716409C03B8
0F2A9326F62083599F0EF55917C8F6B76B9203FFFFFFFFFFFC9FFF00011316199F42B716409C03D0
0F2C1926F8798359100EF68817C9F5B75B9203FFFFFFFFFFFCAFFF00010B16199F42B716409C03E8
0F2EC426FC9A83587D0EF75517CA8DB74B9103FFFFFFFFFFFCBFFF00011316199F42B716409C0300
0F2FD826FE188357F60EF99317CC8FB73B9103FFFFFFFFFFFCAFFF00011316199F42B716409BE318
0F307526FF1A83576D0EFB8217CE1DB73B9103FFFFFFFFFFFCAFFF00010716199F42B716409C0330
0F31D12701428357040EFB9B17CE33B73B8F03FFFFFFFFFFFCBFFF00011416199F42B716409BE348
0F341F2704C08356A70EFDCC17D001B72B9003FFFFFFFFFFFCBFFF00011A16199F42B716409BE360
0F348727052D8356870EFDA417CFE6B71B8F03FFFFFFFFFFFCBFFF00011C16199F42B716409BE378
0F30EF26FFD283568B0EFA8117CD5CB71B9003FFFFFFFFFFFCAFFF00011E16199F42B716409BD390
0F30F626FFEF83568E0EFB8117CE30B71B9003FFFFFFFFFFFC9FFF00011516199F42B716409BD3A8
0F31762700AE8356950EFBC117CE50B73B9003FFFFFFFFFFFC9FFF00011C16199F42B716409BD3C0
0F31602700618356990EFB5417CDF9B72B9003FFFFFFFFFFFCAFFF00011D16199F42B716409BC3D8
0F31CB2701558356990EFBB417CE4EB71B90114FFFFFFFFFFCAFFF00011916199F42B716409BC3F0
0F34342705048356950EFBDC17CE5CB72B8F21CFFFFFFFFFFCAFFF00012216199F42B716409BC308
0F37E2270A038356910EFCB317CF21B72B8F03FFFFFFFFFFFCAFFF00012616199F42B716409BC320
0F369627088483568E0F018B17D304B71B9003FFFFFFFFFFFCAFFF00012716199F42B716409BC338
0F36EE2708F983568F0F02C117D41EB71B8F03FFFFFFFFFFFCAFFF00012716199F42B716409BC350
0F37F9270AA48356950F01A317D352B71B8F03FFFFFFFFFFFC9FFF00011E16199F42B716409BB368
0F375B2709CD83569E0F025217D3D8B70B8F03FFFFFFFFFFFC9FFF0001281619A042B716409BC380
0F372927097C83569D0F029517D41AB70B9003FFFFFFFFFFFCAFFF0001221619A042B716409BA398
0F375E2709D38356960F01AB17D35BB70B8F03FFFFFFFFFFFCAFFF00012D1619A042B716409BB3B0
0F384A270BBC8356930F01DE17D390B70B8F03FFFFFFFFFFFCAFFF00012F1619A042B716409BB3C8
0F3955270CBD83568F0F022417D3C0B6FB8E03FFFFFFFFFFFCAFFF0001311619A042B716409BA3E0
0F3938270CA98356900F037717D52AB6EB8E03FFFFFFFFFFFCAFFF0001321619A042B716409BA3F8
0F38EA270C4483569B0F030B17D49AB6EB8F03FFFFFFFFFFFC9FFF0001321619A042B716409BA310
0F3977270D0D8356A30F03B317D520B6EB8E03FFFFFFFFFFFC8FFF0001331619A042B716409BA328
0F393B270CA783569C0F03ED17D552B6FB8E03FFFFFFFFFFFC8FFF00012D1619A042B716409B9340
0F396D270D008356930F033C17D4D1B6EB8D11DFFFFFFFFFFCAFFF0001331619A042B716409B9358
0F39B5270D5783568F0F03BD17D51DB6DB8D234FFFFFFFFFFCAFFF0001351619A042B717409B9370
0F39C3270D758356910F041717D568B6EB8E03FFFFFFFFFFFCAFFF00013C1619A042B717409B9388
0F3993270D328356950F040A17D56FB6EB8E03FFFFFFFFFFFCAFFF00013E1619A042B717409B83A0
0F3912270C6E8356970F03FB17D561B6EB8E03FFFFFFFFFFFCAFFF00013E1619A042B717409B83B8
0F37E2270AC88356990F03DB17D552B6FB8E03FFFFFFFFFFFCAFFF0001361619A042B716409B83D0
0F36A92708F183569E0F035C17D4DEB6FB8F03FFFFFFFFFFFCAFFF00013F1619A042B716409B83E8
0F36592708B983569D0F036517D4DAB70B8F03FFFFFFFFFFFCAFFF0001421619A042B717409B8300
0F37702709788356930F030217D49DB70B8F03FFFFFFFFFFFCAFFF00013D1619A042B717409B8318
0F37D6270AC383568A0F025617D40FB70B8F03FFFFFFFFFFFCAFFF0001491619A042B717409B7330
0F36D727090383568F0F026D17D427B70B8F03FFFFFFFFFFFCBFFF00014A1619A042B717409B7348
0F36A42708D98356970F00BF17D290B6FB8F03FFFFFFFFFFFCAFFF00013B1619A042B717409B6360
0F375F2709D183569E0F00B117D2A5B6EB8E03FFFFFFFFFFFC9FFF0001481619A042B717409B6378
0F37C0270A6C8356A10F014D17D330B6FB8F03FFFFFFFFFFFCAFFF00014C1619A042B717409B6390
0F3880270B8383569A0F02A017D41FB6FB8E03FFFFFFFFFFFCAFFF00013F1619A042B717409B63A8
0F380B270AFB8356920F02FD17D468B6EB8E12EFFFFFFFFFFCAFFF0001521619A042B717409B63C0
0F3852270B5A83568D0F02AE17D448B6FB8E25CFFFFFFFFFFCAFFF0001541619A042B717409B53D8
0F382F270B2883568F0F02BD17D45AB6FB8F03FFFFFFFFFFFCAFFF0001551619A042B717409B53F0
0F38B6270BFF8356980F02D517D46DB70B8E03FFFFFFFFFFFCAFFF00014D1619A042B717409B5308
0F3965270CF583569F0F035617D4D7B70B8E03FFFFFFFFFFFCAFFF0001571619A042B717409B4320
0F395E270CFC8356A10F03B017D527B6FB8F03FFFFFFFFFFFCAFFF00014C1619A042B717409B5338
0F3929270CB383569C0F034117D4CCB6FB8F03FFFFFFFFFFFCAFFF00015A1619A042B717409B4350
0F3958270CE683568B0F033717D4BCB6FB8E03FFFFFFFFFFFCAFFF00015E1619A042B717409B4368
0F38FF270C7F8356870F032017D4BAB70B8E03FFFFFFFFFFFC9FFF0001551619A042B717409B4380
0F39BB270D9283569C0F03D017D54FB6FB8E03FFFFFFFFFFFCBFFF0001571619A042B717409B4398
0F39F4270DD38356A40F046C17D5C2B6FB8E03FFFFFFFFFFFCAFFF0001591619A042B717409B43B0
0F39B1270D8783569B0F042E17D58CB6FB8F03FFFFFFFFFFFCBFFF00015C1619A142B717409B33C8
0F396D270D198356950F03D717D540B6FB8F03FFFFFFFFFFFC9FFF00015E1619A142B717409B23E0
0F3977270D3883568D0F042A17D594B6FB8F03FFFFFFFFFFFC9FFF0001671619A142B717409B23F8
0F3991270D4783568B0F041117D581B6FB8F03FFFFFFFFFFFCAFFF00015F1619A142B717409B2310
0F39C5270D9983569D0F045417D5B6B6FB8E139FFFFFFFFFFC9FFF0001661619A142B717409B2328
0F39A7270D648356A50F043F17D5A1B6FB8E278FFFFFFFFFFC9FFF00016A1619A142B717409B2340
0F39A7270D728356980F03C017D53EB6FB8E03FFFFFFFFFFFC9FFF0001651619A142B717409B2358
0F39B5270D8083568D0F03D617D54AB6DB8E03FFFFFFFFFFFC9FFF00016E1619A142B717409B1370
0F39A6270D6983568D0F03E317D55AB6EB8E03FFFFFFFFFFFCAFFF00016F1619A142B717409B2388
0F397E270D268356910F03E817D558B6FB8E03FFFFFFFFFFFCAFFF00016E1619A142B717409B13A0
0F396F270D1A8356990F03D817D550B71B8D03FFFFFFFFFFFCBFFF0001661619A142B717409B03B8
0F397A270D288356A30F03AF17D527B71B8D03FFFFFFFFFFFCAFFF00016F1619A142B717409B03D0
0F396B270D0E8356A20F03B817D532B70B8D03FFFFFFFFFFFCAFFF00016A1619A142B717409B03E8
0F3943270CCE8356920F03AF17D52FB6EB8D03FFFFFFFFFFFCAFFF0001741619A142B717409B0300
0F393D270CCE8356860F03B117D52EB6EB8D03FFFFFFFFFFFCAFFF0001751619A142B717409B0318
0F3924270CA68356910F03AA17D52BB6FB8E03FFFFFFFFFFFCAFFF00016C1619A142B717409B0330
0F3949270CD983569E0F039F17D51EB70B8F03FFFFFFFFFFFCAFFF00016C1619A142B717409AF348
0F3960270CF98356A10F03A917D52AB6FB8F03FFFFFFFFFFFCAFFF0001741619A142B717409AF360
0F3979270D1183569C0F03A717D529B6FB8F03FFFFFFFFFFFCAFFF0001751619A142B717409AF378
0F3932270CAB8356910F039F17D523B6FB8F140FFFFFFFFFFCAFFF00016E1619A142B717409AE390
0F3943270CDE83568B0F03A117D521B6FB8E28DFFFFFFFFFFCAFFF00016E1619A142B717409AE3A8
0F3944270CD58356930F03D817D553B6EB8E03FFFFFFFFFFFCAFFF00016E1619A142B717409AE3C0
0F398B270D3D83569E0F03AD17D529B6EB8E03FFFFFFFFFFFCAFFF0001771619A142B717409AE3D8
0F396B270D298356990F039917D51EB6EB8E03FFFFFFFFFFFCAFFF0001781619A142B717409AE3F0
0F3942270CD28356920F039A17D51FB6EB8E03FFFFFFFFFFFCAFFF0001771619A142B717409AE308
0F3947270CDD83569A0F03BA17D53DB6FB8E03FFFFFFFFFFFCAFFF0001651619A142B717409AD320
0F391A270C9883569D0F03EA17D562B6FB8D03FFFFFFFFFFFCAFFF0001741619A142B717409AD338
0F3907270C438356980F03E517D554B6FB8D03FFFFFFFFFFFCAFFF0001741619A142B717409AC350
0F3902270C898356960F03A417D52CB6EB8E03FFFFFFFFFFFCAFFF0001741619A142B717409AD368
0F3932270CC68356930F038B17D513B6EB8E03FFFFFFFFFFFCAFFF0001661619A142B717409AC380
0F394B270CDB8356910F039617D51CB6EB8E03FFFFFFFFFFFCAFFF0001761619A142B717409AC398
0F391C270C9C8356950F038217D513B6FB8E03FFFFFFFFFFFC9FFF0001761619A142B717409AC3B0
0F3927270CA68356980F039017D512B6FB8E03FFFFFFFFFFFCAFFF0001731619A142B717409AC3C8
0F3964270D0D8356980F03A817D52AB6EB8E03FFFFFFFFFFFCAFFF0001691619A242B717409AC3E0
0F39A1270D6283569F0F03D717D555B6DB8E155FFFFFFFFFFC9FFF0001701619A242B717409AB3F8
0F39AC270D6F8356A20F042117D58BB6DB8E2BBFFFFFFFFFFCAFFF0001691619A242B717409AB310
0F39A4270D628356950F03F617D56CB6EB8E03FFFFFFFFFFFCAFFF0001721619A242B717409AB328
0F398D270D438356870F03E517D55FB6FB8E03FFFFFFFFFFFCBFFF0001731619A242B717409AB340
0F3979270D2B83568C0F03EB17D55DB6FB8E03FFFFFFFFFFFCAFFF0001711619A242B717409AA358
0F39EF270DD883569A0F03FE17D572B6FB8E03FFFFFFFFFFFCAFFF0001671619A242B717409AA370
0F39EC270DD48356A20F042F17D59CB6FB8F03FFFFFFFFFFFCAFFF00016D1619A242B717409AA388
0F39E8270DD68356A10F044817D5ADB6FB8F03FFFFFFFFFFFCAFFF00016C1619A242B717409AA3A0
0F39ED270DE48356970F044217D5A9B6EB8E03FFFFFFFFFFFCAFFF00016B1619A242B717409A93B8
0F3A3C270E4B83568E0F043417D59DB6EB8E03FFFFFFFFFFFCAFFF00016A1619A242B717409AA3D0
0F3A3B270E5B8356900F046B17D5D5B6FB8E03FFFFFFFFFFFCAFFF0001691619A242B717409A83E8
0F3A74270EAA83569D0F048217D5E4B6EB8E03FFFFFFFFFFFC9FFF0001691619A242B717409A9300
0F3A24270E4583569D0F04A617D5FDB6EB8D03FFFFFFFFFFFC8FFF0001581619A242B717409A9318
0F39F5270DE68356900F044617D5B4B6EB8D03FFFFFFFFFFFCAFFF0001671619A242B717409A8330
0F39E6270DD483568F0F044C17D5B5B6EB8E03FFFFFFFFFFFCAFFF0001641619A242B717409A8348
0F3A0C270E0F83569B0F046317D5C5B6DB8E1AFFFFFFFFFFFCAFFF0001621619A242B717409A8360
0F3A2D270E3B83569E0F047B17D5DCB6CB8D362FFFFFFFFFFCBFFF0001601619A242B717409A8378
0F3A4C270E778356960F046617D5CDB6CB8D03FFFFFFFFFFFC9FFF00015E1619A242B717409A8390
0F3A5C270E8C8356950F045617D5BEB6DB8E03FFFFFFFFFFFC9FFF00015C1619A242B717409A73A8
0F3A4E270E6C83569C0F046817D5CFB6EB8D03FFFFFFFFFFFCBFFF0001541619A242B717409A73C0
0F3A21270E308356950F049F17D5F7B6DB8D03FFFFFFFFFFFCBFFF00015B1619A242B717409A73D8
0F3A16270E1A83568B0F047117D5DCB6DB8C03FFFFFFFFFFFCBFFF0001511619A242B717409A63F0
0F3A17270E1C8356940F046817D5CEB6FB8C03FFFFFFFFFFFCAFFF0001561619A242B717409A6708
0F39E4270DCE83569F0F046017D5C5B6FB8D03FFFFFFFFFFFCAFFF0001531619A242B717409A6320
0F39CB270DA183569B0F044817D5B0B6FB8D03FFFFFFFFFFFCAFFF0001501619A242B717409A6738
0F39B1270D7A8356940F043817D5A6B6EB8D03FFFFFFFFFFFCAFFF0001451619A242B717409A6350
0F3998270D598356960F043D17D5A8B6EB8E03FFFFFFFFFFFCAFFF00014B1619A242B717409A5768
0F3989270D3D8356960F040F17D580B6FB8E03FFFFFFFFFFFCAFFF00014A1619A242B717409A5380
0F39AD270D718356920F040117D576B6FB8E03FFFFFFFFFFFCAFFF0001411619A242B717409A5798
0F39BE270D928356910F041A17D588B6FB8E03FFFFFFFFFFFCAFFF0001471619A242B717409A53B0
0F39D3270DAF8356930F042D17D598B6FB8E1C1FFFFFFFFFFCAFFF0001441619A242B717409A47C8
0F39D8270DC98356960F044417D5B1B6FB8E38AFFFFFFFFFFC9FFF0001301619A242B717409A47E0
0F3A22270E2E83569B0F04B917D607B6FB8D03FFFFFFFFFFFCAFFF00013B1619A242B717409A43F8
0F3A73270EA78356A00F04A017D600B70B8D03FFFFFFFFFFFCAFFF0001391619A242B717409A4310
0F3A8C270EBD83569C0F04AF17D60FB70B8E03FFFFFFFFFFFCAFFF0001381619A242B717409A4328
0F3A7A270EB383568F0F054B17D669B6FB8D03FFFFFFFFFFFCAFFF0001381619A342B717409A4340
0F3A78270EAC8356860F052117D663B6EB8D03FFFFFFFFFFFCAFFF0001361619A342B717409A3358
0F3A66270E9083568C0F04CD17D621B6EB8D03FFFFFFFFFFFCAFFF0001331619A342B717409A2370
0F3A84270EC08356980F04E317D634B6EB8E03FFFFFFFFFFFCBFFF00012F1619A342B717409A3388
0F3A62270E9B83569F0F050917D65BB6EB8E03FFFFFFFFFFFCAFFF00012B1619A342B717409A33A0
0F3A80270EBB8356A40F04FC17D649B6DB8D03FFFFFFFFFFFCAFFF0001201619A342B717409A23B8
0F3AC2270F1F83569D0F04F317D643B6EB8D03FFFFFFFFFFFC9FFF0001201619A342B717409A23D0
0F3AC7270F3283568B0F04B917D61AB6EB8D03FFFFFFFFFFFCAFFF0001251619A342B717409A23E8
0F3B01270F818356850F052F17D687B6EB8E03FFFFFFFFFFFCBFFF0001241619A342B717409A2300
0F3A99270EE18356920F052517D66CB6FB8E03FFFFFFFFFFFCAFFF0001211619A342B717409A2318
0F3A74270EAF83569A0F050E17D656B6FB8E1CFFFFFFFFFFFCAFFF0001071619A342B717409A2330
0F3A6D270E9F8356960F04E217D637B6EB8E3ADFFFFFFFFFFC9FFF00011C1619A342B717409A1348
0F3A4F270E6D8356960F04DE17D62FB6DB8D03FFFFFFFFFFFC9FFF0001181619A342B717409A1360
0F39DD270DCB83569D0F04B617D60FB6DB8D03FFFFFFFFFFFC9FFF0001151619A342B717409A0378
0F39CE270DB183569A0F048117D5E1B6DB8E03FFFFFFFFFFFCBFFF0001141619A342B717409A0390
0F39FE270DF183568E0F04BA17D615B6DB8E03FFFFFFFFFFFCBFFF00010D1619A342B717409A03A8
0F3A11270E0D83568C0F04AB17D608B6EB8D03FFFFFFFFFFFCAFFF00010C1619A342B717409A03C0
0F3A02270DF58356890F048D17D5E7B6EB8D03FFFFFFFFFFFCAFFF0000F51619A342B717409A03D8
0F3A47270E7183564D0F051217D663B6EB8D03FFFFFFFFFFFCAFFF00010B1619A342B717409A03F0
0F39D3270D938356040F04B617D602B6EB8E03FFFFFFFFFFFCBFFF0000F91619A342B717409A0308
0F3A21270E288355A60F044817D5A8B6EB8E03FFFFFFFFFFFC9FFF0001061619A342B717409A0320
0F3CFC2712668355420F05B317D6CFB6EB8D03FFFFFFFFFFFCAFFF0001031619A342B717409A0338
0F3D892713208354D20F063F17D737B6FB8C03FFFFFFFFFFFCBFFF0000F81619A342B7174099E350
0F3ECE27153783546C0F08A417D937B6EB8C03FFFFFFFFFFFCAFFF0000F71619A342B7174099E368
0F41D22719C983540B0F0C3317DC2EB6DB8B03FFFFFFFFFFFC9FFF0000FD1619A342B7174099E380
0F4414271D2C83539F0F0E8B17DE20B6BB8A1A9FFFFFFFFFFC9FFF0000FD1619A342B7174099E398
0F45B9271F918353240F101C17DF6AB6BB89379FFFFFFFFFFCBFFF0000F21619A342B7174099E3B0
0F47292721CA8352B60F117817E08DB6AB8803FFFFFFFFFFFCBFFF0000F61619A342B7174099D3C8
0F47E02722D28352550F123117E125B68B8803FFFFFFFFFFFCBFFF0000F31619A342B7174099D3E0
0F483227234F8351EF0F12B217E192B67B8603FFFFFFFFFFFCBFFF0000F21619A342B7174099D3F8
0F495627251B83516F0F12E017E1B0B67B8503FFFFFFFFFFFCAFFF0000E91619A342B7174099C310
0F4BBC2728BC8350E30F156117E3E5B66B8503FFFFFFFFFFFCAFFF0000EF1619A342B7174099C328
0F506B272FE18350590F1B0917E874B64B8403FFFFFFFFFFFCAFFF0000EE1619A342B7174099C340
0F53CE2734EA834FD90F1E2E17EB15B63B8303FFFFFFFFFFFCAFFF0000E51619A342B7174099C358
0F55242736FB834F770F1FA617EC51B63B832F6FFFFFFFFFFCAFFF0000E21619A342B7174099C370
0F577A273A7C834F000F20F717ED6DB64B83582FFFFFFFFFFCAFFF0000E01619A342B7174099C388
0F5800273B22834E8D0F1EB417EB6DB64B8303FFFFFFFFFFFCAFFF0000E61619A342B7174099C3A0
0F5A68273F31834E160F222317EE7DB64B8303FFFFFFFFFFFCAFFF0000DD1619A342B7174099B3B8
0F5C642741F6834D990F26D617F24BB63B8203FFFFFFFFFFFCAFFF0000E41619A342B7174099B3D0
0F5DE427442B834D1E0F27F817F33AB61B8203FFFFFFFFFFFCBFFF0000DC1619A342B7184099B3E8
0F5EB627456A834CA30F28CC17F3EAB61B8120AFFFFFFFFFFCAFFF0000DC1619A342B7184099A300
0F5F57274660834C270F294F17F45EB60B806DAFFFFFFFFFFCAFFF0000E31619A342B7184099A318
0F615627496F834BAC0F2B1B17F5D5B60B7F08FFFFFFFFFFFCAFFF0000DB1619A442B7184099A330
0F6394274CD7834B3B0F2D3C17F79CB61B8003FFFFFFFFFFFCAFFF0000DC1619A442B7184099A348
0F6539274F50834AB40F2F1817F929B61B8003FFFFFFFFFFFCBFFF0000DD1619A442B71840999360
0F65F2275067834A300F2E9917F8BFB61B8003FFFFFFFFFFFCAFFF0000D61619A442B71840999378
0F68B62754D58349AF0F339A17FCF2B60B8040EFFFFFFFFFFCAFFF0000DE1619A442B71840999390
0F6CF3275B2783492E0F37A1180045B5FB806EEFFFFFFFFFFCAFFF0000D71619A442B718409993A8
0F6F78275ED98348AA0F39901801DAB5FB7F03FFFFFFFFFFFC9FFF0000DE1619A442B718409983C0
0F71502761898348290F3AA01802B8B5EB7D03FFFFFFFFFFFC9FFF0000D51619A442B718409983D8
0F72A02763828347A80F3C1B1803F6B5DB7C03FFFFFFFFFFFCBFFF0000D51619A442B718409983F0
0F754327679083472A0F3F801806BAB5BB7B03FFFFFFFFFFFCBFFF0000D51619A442B71840998308
0F76A527699C8346AB0F405C180773B5AB7B042FFFFFFFFFFC9FFF0000DC1619A442B71840998320
0F77BD276B538346270F3FEC180719B59B7A03FFFFFFFFFFFCAFFF0000D81619A442B71840998338
0F789F276C8B8345A00F42101808EBB59B7903FFFFFFFFFFFCAFFF0000D01619A442B71840998350
0F7963276DC58345210F432D1809D0B58B7803FFFFFFFFFFFCAFFF0000DB1619A442B71840998368
0F7A9C276FA38344A60F4451180AC7B57B7803FFFFFFFFFFFCAFFF0000DC1619A442B71840997380
0F7D0A2773738344240F472A180D26B56B775F8FFFFFFFFFFCAFFF0000D61619A442B71840997398
0F817C277A1A83439E0F4A47180FB7B57B770D2FFFFFFFFFFCBFFF0000DE1619A442B718409963B0
0F85F62780D38343170F5015181486B57B7603FFFFFFFFFFFCBFFF0000D41619A442B718409963C8
0F8B8C2789678342970F55511818D4B56B7503FFFFFFFFFFFCAFFF0000DB1619A442B718409963E0
0F8E29278D2D83421E0F57C3181ADDB56B7503FFFFFFFFFFFCAFFF0000DB1619A442B718409963F8
0F8F2F278EBB8341A10F56C3181A12B57B7603FFFFFFFFFFFCAFFF0000D81619A442B71840996310
0F92632793BE8341180F599A181C7EB56B7603FFFFFFFFFFFCBFFF0000DC1619A442B71840995328
0F96B6279A2F83408C0F5FA2182179B55B7522CFFFFFFFFFFCAFFF0000DE1619A442B71840995340
0F9BF327A1EA83400E0F6563182614B54B75336FFFFFFFFFFCAFFF0000D41619A442B71840995358
0F9F3327A6DE833F960F67D5182831B51B745F8FFFFFFFFFFCAFFF0000D61619A442B71840994370
0FA15D27AA3D833F1D0F678E1827FDB4FB7203FFFFFFFFFFFCAFFF0000DC1619A442B71840994388
0FA54727B028833E9C0F6BA1182B7AB4EB7003FFFFFFFFFFFCAFFF0000DE1619A442B718409943A0
0FA9E027B736833E120F6F20182E73B4DB6F824FFFFFFFFFFCBFFF0000E01619A442B718409943B8
0FAC8E27BB25833D850F757918338DB4EB6F107FFFFFFFFFFCAFFF0000D91619A442B718409943D0
0FB11927C216833D050F7A02183748B50B6D03FFFFFFFFFFFCAFFF0000DF1619A442B718409943E8
0FB55527C845833C900F7E2D183AB3B4FB6E03FFFFFFFFFFFCBFFF0000D61619A442B71840993300
0FB8B327CD74833C170F7FDE183C1FB4EB6D03FFFFFFFFFFFCBFFF0000D71619A442B71840993318
0FBBF927D264833B8F0F7C6E18394BB4CB6C03FFFFFFFFFFFCBFFF0000E11619A442B71840993330
0FBF5027D722833B020F8647184180B48B6B03FFFFFFFFFFFCBFFF0000E31619A442B71840993348
0FC14627DA3F833A7D0F89FD184470B48B6A441FFFFFFFFFFC9FFF0000E21619A442B71840993360
0FC2FD27DCD3833A010F8BEB184615B48B6903FFFFFFFFFFFCAFFF0000D11619A442B71840992378
0FC4F927DFD183398D0F8C7218467FB49B6803FFFFFFFFFFFC9FFF0000E01619A442B71840992390
0FC61D27E1838339120F8C5F184688B49B6803FFFFFFFFFFFCAFFF0000E11619A442B718409923A8
0FC60527E16B83388A0F8BC118460BB47B6833BFFFFFFFFFFCBFFF0000E31619A442B718409913C0
0FC93027E6318337FA0F91C8184AF1B46B6960FFFFFFFFFFFCBFFF0000E51619A442B718409913D8
0FCCC127EB828337760F9514184DA2B46B69040FFFFFFFFFFCAFFF0000E41619A442B718409913F0
0FCF9227EFBB8337050F97E5185000B44B67040FFFFFFFFFFCAFFF0000DB1619A442B71840991308
0FD0FE27F1C78336970F98BC185095B42B6603FFFFFFFFFFFCAFFF0000E31619A542B71840990320
0FD1E427F3338336210F9644184EA9B41B6503FFFFFFFFFFFCBFFF0000E51619A542B71840991338
0FD35027F55D8335990F9849185071B43B6503FFFFFFFFFFFCCFFF0000DE1619A542B71840990350
0FD62327F98B83350D0F9E98185579B43B64062FFFFFFFFFFCBFFF0000E71619A542B71840990368
0FD7C027FBEF8334930FA03D1856CEB41B6567FFFFFFFFFFFCAFFF0000E61619A542B71840990380
0FD98D27FE9B8334210FA203185846B40B6403FFFFFFFFFFFCAFFF0000E61619A542B71840990398
0FDB0C2800E88333AC0FA0DF185742B3EB6203FFFFFFFFFFFCAFFF0000E01619A542B718409903B0
0FDDB02804B88333280FA22018585EB3DB6103FFFFFFFFFFFCAFFF0000E91619A542B7184098F3C8
0FE22A280B8983329B0FA9FF185EDDB3DB6003FFFFFFFFFFFCAFFF0000EA1619A542B7184098F3E0
0FE6BB28125B8332100FAE9C18629EB3BB5E03FFFFFFFFFFFCAFFF0000D91619A542B7184098F3F8
0FE8A62814F083318E0FB0D718645FB39B5D174FFFFFFFFFFCAFFF0000E91619A542B7184098E310
0FE8A42814FD8331180FAF9F186364B38B5C124FFFFFFFFFFCBFFF0000EA1619A542B7184098E328
0FE9CD2816BD83309E0FAFFD1863B1B3AB5D03FFFFFFFFFFFCBFFF0000EC1619A542B7184098E340
0FE9E02816BC83301A0FADE71861F2B3BB5D03FFFFFFFFFFFCAFFF0000E61619A542B7184098E358
0FEB97281993832F950FB207186575B3CB5D03FFFFFFFFFFFCAFFF0000EC1619A542B7184098E370
0FECF7281B72832F160FB52A1867F3B3CB5D0B2FFFFFFFFFFCAFFF0000E41619A542B7184098E388
0FEE72281DBF832E8E0FB6CE186952B3BB5D8BEFFFFFFFFFFCBFFF0000ED1619A542B7184098D3A0
0FF04128205A832E0E0FB810186A52B39B5D03FFFFFFFFFFFCCFFF0000E71619A542B7184098D3B8
0FF2932823E0832D930FBA5A186C30B38B5D03FFFFFFFFFFFCCFFF0000F11619A542B7184098D3D0
0FF5D728288B832D120FBB8F186D29B38B5C0B2FFFFFFFFFFC9FFF0000F21619A542B7184098C3E8
0FF7FD282BBE832C8B0FBF8C187065B38B5C86CFFFFFFFFFFCBFFF0000E91619A542B7184098C300
0FF9CA282E51832C0D0FC1C2187229B36B5A090FFFFFFFFFFCBFFF0000F11619A542B7184098C318
0FFAD2282FE9832B8B0FC2C01872F5B36B587FEFFFFFFFFFFCAFFF0000F11619A542B7184098C330
0FFD34283396832B070FC374187398B34B5603FFFFFFFFFFFCAFFF0000E51619A542B7184098C348
0FFFBF28373B832A8A0FC5B718757FB31B55074FFFFFFFFFFCAFFF0000F71619A542B7194098C360
10008828386C832A080FC72718768DB2DB53759FFFFFFFFFFCAFFF0000F91619A542B7194098C378
1001AE283A2A8329850FC72E1876B5B2AB5003FFFFFFFFFFFCBFFF0000E81619A542B7194098B390
1002E8283BE28329080FC9EE1878D8B28B4D078FFFFFFFFFFCAFFF0000F71619A542B7184098B3A8
10034F283C788328910FCAC2187989B26B4C781FFFFFFFFFFC9FFF0000F71619A542B7194098B3C0
100332283CB483280C0FC9E01878E9B25B4A03FFFFFFFFFFFCAFFF0000F91619A542B7194098B3D8
100A072846898327810FD1C7187F4EB23B4706DFFFFFFFFFFCAFFF0000F51619A542B7194098A3F0
100ED8284D888326FD0FD6B9188340B21B4572EFFFFFFFFFFCAFFF0001001619A642B7194098A308
1011022850B883267B0FD8D01884F1B1DB4203FFFFFFFFFFFCAFFF0000FA1619A642B7194098A320
10124A2852A38325EE0FD81A188463B19B3F05BFFFFFFFFFFCBFFF0001011619A642B7194098A338
1013AC2854B88325660FD8EA1884FEB17B3E687FFFFFFFFFFCAFFF0000F91619A642B71940989350
1014AB2856208324DC0FD9A01885BFB15B3C03FFFFFFFFFFFCAFFF0000F71619A642B71940989368
10158728578583244C0FDB4B188706B15B3B04FFFFFFFFFFFCAFFF0001001619A642B71940989380
101798285AA78323B80FDD691888CDB15B3B607FFFFFFFFFFCAFFF0001051619A642B71940989398
1019EB285E248323270FE053188B39B16B3B03FFFFFFFFFFFCAFFF0001091619A642B719409883B0
101C612861D28322AA0FE36E188DB9B16B3B045FFFFFFFFFFCAFFF00010B1619A642B719409883C8
1020442867AA83222A0FE656188FF2B15B3B56CFFFFFFFFFFCBFFF00010C1619A642B719409883E0
10202B28671E8321B30FE601188FB9B16B3A03FFFFFFFFFFFCCFFF0001031619A642B719409883F8
10235E286C1583213C0FE5CC188F9DB15B3903FFFFFFFFFFFCAFFF0001011619A642B71940988310
10255F286EF08320BF0FEB2A1893E4B15B3847DFFFFFFFFFFCAFFF00010B1619A642B71940988328
102CA92879F083203B0FEDDD189637B12B3703FFFFFFFFFFFCBFFF0001081619A642B71940987340
1030E5287FC3831FB30FF2C91899FFB11B3703FFFFFFFFFFFCBFFF0001131619A642B71940987358
10346328850B831F280FFA4A18A030B0EB35426FFFFFFFFFFCBFFF00010C1619A642B71940987370
103885288B0E831E9E0FFF0D18A3FAB0EB3303FFFFFFFFFFFCCFFF0001141619A642B71940986388
103C7D289072831E1A10029018A69AB0EB3103FFFFFFFFFFFCDFFF0001151619A642B719409863A0
103CB82890F9831DA21001A318A5E2B0CB30350FFFFFFFFFFCCFFF00010E1619A642B719409863B8
103EB32893F5831D1C1003AF18A7B7B0CB3003FFFFFFFFFFFCAFFF0001191619A642B719409863D0
103C32289045831C9D10008518A53FB0BB3003FFFFFFFFFFFCAFFF00011B1619A642B719409863E8
104344289B8B831C19100B9918AE2BB0BB30294FFFFFFFFFFCBFFF0001151619A642B71940985300
10489928A2C0831B91100F2A18B11EB0AB3003FFFFFFFFFFFCCFFF00011D1619A642B71940985318
104EE428ABD6831B111013D518B4C3B0BB3003FFFFFFFFFFFCBFFF00010D1619A642B71940985330
1051DC28B03A831A8610164B18B6C3B0DB2E822FFFFFFFFFFCBFFF00011E1619A642B71940984348
1054AD28B4378319F21013EA18B4D7B0BB2F41BFFFFFFFFFFCAFFF0001221619A642B71940985360
105A7528BC92831960101FB718BE7FB0AB30043FFFFFFFFFFCAFFF00011D1619A642B71940984378
105D8828C1018318CF1024E918C26DB0AB2F674FFFFFFFFFFCBFFF0001271619A642B71940984390
105F9328C3F683184F10267018C3B8B08B2E408FFFFFFFFFFCAFFF0001281619A642B719409843A8
10617928C6DA8317D31025F418C34AB08B2E040FFFFFFFFFFCAFFF00011E1619A742B719409843C0
10619E28C6E48317561026EE18C42EB09B2E85BFFFFFFFFFFCAFFF0001241619A742B719409833D8
10621328C8078316D91024EA18C295B0AB2E44FFFFFFFFFFFCAFFF0001281619A742B719409843F0
10655428CCAC831657102A3C18C6E9B0AB2E03FFFFFFFFFFFCBFFF0001251619A742B71940983308
1068ED28D1E28315D3102E8418CA51B08B2D7C5FFFFFFFFFFCBFFF0001301619A742B71940983320
106BB628D5D78315561032CB18CDAFB06B2C44EFFFFFFFFFFCDFFF0001311619A742B71940982338
106E0B28D9528314E110357918CFD2B04B29042FFFFFFFFFFCBFFF00012A1619A742B71940982350
10715528DE0C83146B10373318D14AB01B27812FFFFFFFFFFCBFFF0001311619A742B71940982368
1075CB28E4BF8313EA103A9318D3E4AFFB2543CFFFFFFFFFFCBFFF0001291619A742B71940982380
10797B28E9E483136B1038DE18D2B7AFBB2203FFFFFFFFFFFCBFFF00012A1619A742B71940982398
107BA528ED2D8312EE10430018DAC1AF5B1F67AFFFFFFFFFFCBFFF0001371619A742B719409823B0
10802828F3BC83126E10477118DE32AF0B1D3C6FFFFFFFFFFCBFFF0001391619A742B719409823C8
1085C028FBD18311ED104B0B18E149AEDB19575FFFFFFFFFFCBFFF00013A1619A742B719409813E0
108CC729063483116C1053DE18E848AEBB15390FFFFFFFFFFCBFFF00012C1619A742B719409813F8
10950F2912048310ED105A5918ED58AE8B1203FFFFFFFFFFFCAFFF00013C1619A742B71940981310
10993D2917DD83106D105E3E18F07BAE6B0E4EFFFFFFFFFFFCCFFF00013D1619A742B71940980328
109AC3291A04830FE91060A718F26BAE5B0B355FFFFFFFFFFCCFFF00013E1619A742B71940980340
109C81291CA0830F6310622B18F3A4AE3B0903FFFFFFFFFFFCBFFF00013F1619A742B71940980358
10A1CD292478830EE310662E18F6E0AE1B07425FFFFFFFFFFCAFFF0001391619A742B71940980370
10A4BD292866830E61106A8D18FA4CADFB062E9FFFFFFFFFFCAFFF00013E1619A742B71940980388
10A641292A9A830DDC106B1718FAC0ADEB0503FFFFFFFFFFFCBFFF0001431619A742B719409803A0
10A782292C6D830D51106D2618FC61ADCB033EBFFFFFFFFFFCBFFF0001471619A742B719409803B8
10A93C292F22830CD1106E2218FD3AADAB012C9FFFFFFFFFFCAFFF0001391619A742B7194097F3D0
10AE242935FA830C51107395190179AD9B0003FFFFFFFFFFFCAFFF0001461619A742B7194097F3E8
10B29C293CBE830BBB10787B190579AD9B00343FFFFFFFFFFCBFFF00014A1619A742B7194097E300
10BBBC294956830B15108159190C41AD7B00264FFFFFFFFFFCBFFF00014A1619A742B7194097E318
10BEBE294D94830A7A108447190E93AD6AFE03FFFFFFFFFFFCAFFF0001431619A842B7194097E330
10C3912954A78309D71088E719124EAD7AFE2EEFFFFFFFFFFCAFFF00014D1619A842B7194097E348
10C9DB295D33830930108E4D191674AD5AFF231FFFFFFFFFFCBFFF0001501619A842B7194097E360
10CC2A29607A83088F10914D1918D1AD5B0003FFFFFFFFFFFCBFFF00014D1619A842B7194097E378
10CE612963CF8307F31093C6191AC5AD6B0032EFFFFFFFFFFCBFFF00014D1619A842B7194097D390
10D14029680883075B10969A191D1DAD6B00259FFFFFFFFFFCBFFF00014B1619A842B7194097D3A8
10D610296EFE8306C91097DB191E16AD6AFF03FFFFFFFFFFFCAFFF00014D1619A842B7194097D3C0
10DD8A2979B783063A10A2A3192687AD3AFE27FFFFFFFFFFFCAFFF0001531619A842B7194097D3D8
10E40D2982A58305B410A6D41929BAACDAFBC53FFFFFFFFFFCBFFF0001501619A842B7194097C3F0
10E7212986D783053110AC37192DD9AC7AF803DFFFFFFFFFFCBFFF0001571619A842B7194097C308
10EA6A298BDD8304B610ADF1192F59AC7AF5150FFFFFFFFFFCBFFF0001561619A842B7194097C320
10F1D929960D83044510B6621935ECAC9AF3B2AFFFFFFFFFFCAFFF0001511619A842B7194097C338
10F3412998528303FF10B80019372FAC8AF303DFFFFFFFFFFCAFFF0001571619A842B7194097C350
10F78F299EC88303A510BC94193AFFAC5AF20E8FFFFFFFFFFCAFFF0001591619A842B7194097C368
10FB7329A43883034810BE78193C39AC1AEDA5DFFFFFFFFFFCBFFF0001541619A842B7194097B380
10FE6229A8C68302F910BA32193932AB8AE803DFFFFFFFFFFCAFFF00015B1619A842B71A4097B398
11026E29AEBE8302AB10C4B91941E2AAFADF090FFFFFFFFFFCAFFF00015C1619A842B71A4097B3B0
110BD829BC3A83025A10D1C7194BB0AA6AD994BFFFFFFFFFFCAFFF0001541619A842B71A4097A3C8
110E5C29BF1F83020710D30F194CC1A9DAD204CFFFFFFFFFFCAFFF00015C1619A842B71A4097A3E0
11080029B58D8301DB10CB9E194725A97AC7917FFFFFFFFFFCBFFF00015D1619A842B71A4097A3F8
10FEE429A87E8301C510CB941946F3A91ABD03EFFFFFFFFFFCAFFF0001571619A842B71A4097A310
10F92229A0438301A110C4A319413FA91ABC03FFFFFFFFFFFC9FFF0001601619A842B71A4097A328
11068C29B4C983016110D44A194E48A9AABD03FFFFFFFFFFFC9FFF0001581619A842B71A4097A340
10F58A299BBF83015B10CB5919470AA9DABE03FFFFFFFFFFFC9FFF00015F1619A942B71A40979358
10F799299EF183015510C268193FDCA9BABC03FFFFFFFFFFFCBFFF0001561619A942B71A40979370
10FB4629A3EB83015C10C497194196AA0ABC040FFFFFFFFFFCBFFF00015F1619A942B71A40979388
10FC3929A5BB83016010C293194067AA2AC2043FFFFFFFFFFCBFFF00015A1619A942B71A409783A0
10FF1829A9AA83016110BFA1193DF1AA1AC603FFFFFFFFFFFC9FFF0001601619A942B71A409793B8
11063F29B3B183015910C339194085A9FAC803FFFFFFFFFFFCAFFF0001621619A942B71A409783D0
11075629B52D83015210CA3E194603A9CACB03FFFFFFFFFFFCAFFF0001501619A942B71A409783E8
1106E929B4C683015810C89A1944C3A95ACA03FFFFFFFFFFFCAFFF00015E1619A942B71A40978300
11064029B3D283016210C86319448FA90AC56B5FFFFFFFFFFCBFFF00015F1619A942B71A40978318
110B2B29BB0283016110CD2E19484EA90AC303EFFFFFFFFFFCAFFF00015A1619A942B71A40978330
110A2829B97A83015710CFA4194A29A8FAC203FFFFFFFFFFFCAFFF00015E1619A942B71A40978348
110BF729BC3183015610CE4419494DA8BABF03FFFFFFFFFFFCBFFF00015D1619A942B71A40977360
110BBA29BBFD83015F10CFC6194A75A88ABC03FFFFFFFFFFFCAFFF0001621619A942B71A40977378
110DD629BECC83016010CEDD1949C3A86ABA03FFFFFFFFFFFCAFFF0001601619A942B71A40977390
110D2C29BDD883015B10CFD4194A63A83AB80BFFFFFFFFFFFCAFFF00014F1619A942B71A409763A8
110A1629B92E83015C10D32F194D2CA81AB71E4FFFFFFFFFFCAFFF00015F1619A942B71A409763C0
110A5E29B91683015B10D26E194CD9A81AB503FFFFFFFFFFFCAFFF0001601619A942B71A409763D8
1108E829B7DE83015910D1E5194C3BA86AB5041FFFFFFFFFFCAFFF0001601619A942B71A409763F0
11093329B8DC83016110D081194ABFA8AAB40F2FFFFFFFFFFC9FFF0001581619A942B71A40976308
110BF429BBD483016310D0A8194B5EA8AAB326BFFFFFFFFFFC9FFF00015F1619A942B71A40975320
110D2C29BE8083015910CE2B194977A8BAB303FFFFFFFFFFFCAFFF0001561619A942B71A40975338
11107129C27183015810D09E194B4EA89AB203FFFFFFFFFFFCAFFF0001541619A942B71A40975350
11124729C5BA83015F10D322194D9CA83AB303FFFFFFFFFFFCBFFF00015B1619AA42B71A40974368
11133529C67C83016310D6BC19503FA80AB403FFFFFFFFFFFCCFFF0001541619AA42B71A40974380
1110D729C34483016210D7E419510EA7EAB4A2AFFFFFFFFFFCCFFF00015C1619AA42B71A40974398
11125A29C67383015B10D654194F49A7BAB003DFFFFFFFFFFCBFFF00015D1619AA42B71A409743B0
1115BA29CA8983015610D89E19514DA7BAAE03FFFFFFFFFFFCBFFF00015C1619AA42B71A409743C8
1116BF29CBB383015B10D9C81952A4A78AAC044FFFFFFFFFFCAFFF00015A1619AA42B71A409743E0
11170B29CC4183015F10D9F51952CDA77AADB29FFFFFFFFFFC9FFF0001581619AA42B71A409743F8
11170329CC4383016110D9461951E1A77AAA03DFFFFFFFFFFCBFFF00014E1619AA42B71A40973310
11172D29CC8483016410D639195060A73AA803FFFFFFFFFFFCAFFF0001551619AA42B71A40973328
11174929CCC883016010D9EF1952BCA72AA803FFFFFFFFFFFCAFFF0001531619AA42B71A40973340
11179229CD2583015710DBF319543DA72AA903FFFFFFFFFFFCAFFF0001571619AA42B71A40973358
11179329CD2B83015A10DBE019543BA72AA8052FFFFFFFFFFCAFFF0001571619AA42B71A40973370
11177829CCFC83015D10DBC619542EA72AA7042FFFFFFFFFFCAFFF0001561619AA42B71A40972388
11177229CD0083015710DBDE195436A74AA503FFFFFFFFFFFCAFFF0001441619AA42B71A409723A0
11175C29CCD583015B10DBC3195425A75AA403FFFFFFFFFFFCAFFF0001531619AA42B71A409723B8
1116E929CC5083016910DB421953D3A72AA40D7FFFFFFFFFFCAFFF0001521619AA42B71A409723D0
1116A029CC0383016710DB511953D5A72AA62B6FFFFFFFFFFCAFFF0001521619AA42B71A409723E8
1116F229CC5483015B10DA1A1952FBA74AA650FFFFFFFFFFFCBFFF0001531619AA42B71A40972300
11162629CB3183015410DB8B195402A74AA603FFFFFFFFFFFCBFFF0001521619AA42B71A40971318
1114A529C93E83015210DC2F195484A73AA603FFFFFFFFFFFCAFFF0001491619AA42B71A40971330
11146D29C90983015610DC0C195464A71AA504AFFFFFFFFFFCAFFF00014A1619AB42B71A40970348
11142B29C83683016310DAF719537EA75AA6049FFFFFFFFFFCAFFF00014B1619AB42B71A40971360
1112D229C6BD83016B10DAD4195386A77AA403FFFFFFFFFFFCAFFF00014D1619AB42B71A40970378
1114BE29C95783016610DA7119534FA78AA303FFFFFFFFFFFCAFFF00014C1619AB42B71A40970390
11150629C9C783015C10D985195286A78AA32DAFFFFFFFFFFC9FFF00013B1619AB42B71A409703A8
11133929C71483015110D500194EF3A76AA5620FFFFFFFFFFC9FFF00014B1619AB42B71A409703C0
11124529C5D083014E10D43F194E81A75AA603FFFFFFFFFFFCAFFF00014A1619AB42B71A409703D8
11140C29C85D83015910D7601950E9A77AA803FFFFFFFFFFFCAFFF0001421619AB42B71A4096F3F0
11152F29C9C083016810D8F0195204A77AAA03FFFFFFFFFFFCBFFF00014A1619AB42B71A4096F308
11154229CA0183016810D949195247A75AAA03FFFFFFFFFFFCAFFF0001421619AB42B71A4096F320
11149629C90283015C10D9D0195279A77AA903FFFFFFFFFFFC9FFF0001471619AB42B71A4096F338
11145E29C8B583015810D8A31951C4A77AA703FFFFFFFFFFFCAFFF00013C1619AB42B71A4096F350
11144929C89A83015910D95E195211A75AA603FFFFFFFFFFFCAFFF0001421619AB42B71A4096E368
11141C29C85683015B10D90D195200A77AA703FFFFFFFFFFFCAFFF0001451619AB42B71A4096E380
1113E929C81A83015B10D88B1951B3A78AA703FFFFFFFFFFFCAFFF0001471619AB42B71A4096E398
1113B629C7D583015A10D87119519CA77AA7089FFFFFFFFFFCAFFF0001471619AB42B71A4096E3B0
1113D829C7FC83015D10D846195184A76AA9083FFFFFFFFFFCAFFF00013D1619AB42B71A4096E3C8
1113C929C81D83016010D82E19516BA78AAA03FFFFFFFFFFFCAFFF0001421619AB42B71A4096D3E0
11149929C92E83016010D80819515BA78AA94AFFFFFFFFFFFCBFFF00013E1619AB42B71A4096D3F8
11156529CA1183015E10D90119520DA76AA803FFFFFFFFFFFCBFFF00013D1619AB42B71A4096D310
11152629CA2783015810DB5F1953D0A78AA803FFFFFFFFFFFCBFFF00013C1619AC42B71A4096C328
11160A29CB4683015710DAA119535AA77AA703FFFFFFFFFFFCBFFF00013B1619AC42B71A4096C340
11159529CA7683015F10DA3D1952E7A75AA503FFFFFFFFFFFCBFFF0001321619AC42B71A4096C358
11151529C9D283016010DA2A19530CA76AA703FFFFFFFFFFFCCFFF0001431619AC42B71A4096C370
1115CB29CAB883015710DA52195333A75AA804CFFFFFFFFFFCBFFF0001331619AC42B71A4096C388
11165129CB4D83015310DA7C195345A74AA704AFFFFFFFFFFCBFFF0001411619AC42B71A4096B3A0
11157329CA5C83015C10D94D19525BA73AA603FFFFFFFFFFFCAFFF0001371619AC42B71A4096B3B8
11159329CA8683016410D91119522CA74AA603FFFFFFFFFFFCAFFF00013E1619AC42B71A4096B3D0
1115A329CABD83016210D95F195264A73AA703FFFFFFFFFFFCAFFF0001411619AC42B71A4096B3E8
11164A29CB5A83015910D980195281A73AA7045FFFFFFFFFFCAFFF00013B1619AC42B71A4096B300
11164A29CB6E83015410DA1C1952ECA75AA6795FFFFFFFFFFCAFFF0001431619AC42B71A4096A318
11165E29CB7B83015810DA031952E3A74AA50EDFFFFFFFFFFCAFFF0001311619AC42B71A4096A330
11162F29CB5083015D10DA171952EDA72AA403FFFFFFFFFFFCBFFF00013E1619AC42B71A4096A348
11162F29CB4D83015E10DA4619530FA72AA403FFFFFFFFFFFCAFFF00013E1619AC42B71A4096A360
11164429CB7183015D10DA60195322A73AA403FFFFFFFFFFFCBFFF0001401619AC42B71A4096A378
11163329CB3D83015C10DA7A19532FA74AA603FFFFFFFFFFFCAFFF0001331619AC42B71A40969390
11164129CB5383015810DA7919533EA72AA718BFFFFFFFFFFCAFFF0001441619AC42B71A409693A8
11164829CB6C83015510DA5119531DA72AA6159FFFFFFFFFFCAFFF0001431619AC42B71A409693C0
11165029CB7183015A10DA50195317A75AA403FFFFFFFFFFFCAFFF0001401619AC42B71A409693D8
11168929CBE283016310DA241952F3A74AA303FFFFFFFFFFFCAFFF0001361619AC42B71A409693F0
1116FF29CC6783016210DA8419533EA72AA303FFFFFFFFFFFCAFFF0001421619AC42B71A40969308
11162929CB3A83015A10DAA8195360A71AA307BFFFFFFFFFFC9FFF0001451619AD42B71A40968320
11156529CA3483015310DA59195324A74AA3946FFFFFFFFFFCBFFF0001461619AD42B71A40968338
11175229CC6183015210D923195260A74AA503FFFFFFFFFFFCAFFF00013E1619AD42B71A40968350
11177429CD0083015D10D99A1952AEA75AA4041FFFFFFFFFFCAFFF00013C1619AD42B71A40968368
11175929CCE483016710DB5B1953E4A74AA611AFFFFFFFFFFCAFFF0001441619AD42B71A40968380
11170229CC7E83016010DAE919539CA73AA6101FFFFFFFFFFCAFFF0001461619AD42B71A40967398
11173B29CCD583015510DA7719534BA71AA403FFFFFFFFFFFC9FFF0001421619AD42B71A409673B0
1116BD29CC2583015510DAEB195389A70AA32C5FFFFFFFFFFCBFFF0001481619AD42B71A409673C8
11172D29CCA883015910DAB4195399A72AA4246FFFFFFFFFFCBFFF00014A1619AD42B71A409663E0
1116DE29CC4883015910DB6419540AA73AA503FFFFFFFFFFFCBFFF0001441619AD42B71A409663F8
11171329CC9183015510DAC019538BA73AA5040FFFFFFFFFFCBFFF0001451619AD42B71A40966310
1116E729CC1C83015810DA87195375A74AA503FFFFFFFFFFFCBFFF0001491619AD42B71A40966328
1116B929CBFA83016210DAF91953A1A74AA603FFFFFFFFFFFCAFFF00014B1619AD42B71A40966340
11162329CB3F83016010DA9319534DA74AA603FFFFFFFFFFFCBFFF00014E1619AD42B71A40966358
1115E129CADC83015A10DA23195306A73AA60BBFFFFFFFFFFCAFFF0001501619AD42B71A40965370
1115BC29CAAD83015510DA0B1952F3A76AA503FFFFFFFFFFFCAFFF0001501619AD42B71A40965388
11159E29CA9483014F10D9E31952CEA77AA503FFFFFFFFFFFCAFFF0001451619AD42B71A409653A0
11160B29CB3B83015610D9C51952BCA76AA503FFFFFFFFFFFCBFFF00014B1619AD42B71A409653B8
1116A729CBF883016310DABE19537BA78AA503FFFFFFFFFFFCAFFF0001461619AD42B71A409643D0
11164829CB5F83015F10DAF8195395A78AA542FFFFFFFFFFFCBFFF00014C1619AD42B71A409653E8
11164129CB6183015510DA38195310A73AA5336FFFFFFFFFFCBFFF00014F1619AD42B71A40964300
1115F129CADD83014E10DA2F195306A71AA303FFFFFFFFFFFCAFFF0001561619AD42B71A40964318
1115DD29CACD83015010DA3519530DA70AA303FFFFFFFFFFFCAFFF0001541619AE42B71A40964330
1115D729CAD183015F10D9B8195294A73AA503FFFFFFFFFFFC9FFF0001531619AE42B71A40964348
11160729CB1683016710D98919527BA75AA603FFFFFFFFFFFCAFFF00014D1619AE42B71A40964360
11164529CB8183015910DA5B195329A75AA603FFFFFFFFFFFCAFFF0001591619AE42B71A40963378
11167829CBC083015110DA2B195307A73AA52B2FFFFFFFFFFC9FFF00015A1619AE42B71A40963390
11167F29CBC283015810DAA419535EA71AA403EFFFFFFFFFFCAFFF00015B1619AE42B71A409633A8
11165C29CB9283015910DA74195333A73AA503FFFFFFFFFFFCAFFF0001531619AE42B71A409623C0
11165329CB8083015810DA9E195356A73AA503FFFFFFFFFFFCAFFF00015D1619AE42B71A409623D8
11166429CB9A83015A10DABB19536DA73AA703FFFFFFFFFFFCAFFF0001551619AE42B71A409633F0
11166029CB8F83015610DA99195355A73AA75AFFFFFFFFFFFCAFFF00014D1619AE42B71A40962308
11166D29CBC483015510DA9D19535AA73AA6424FFFFFFFFFFCAFFF00015C1619AE42B71A40962320
11167129CBB083015D10DAA9195365A71AA503FFFFFFFFFFFCAFFF00015D1619AE42B71A40962338
11166329CBA283016310DAAE19536FA71AA40D6FFFFFFFFFFCAFFF0001611619AE42B71A40962350
11165E29CB9B83015C10DAA9195362A74AA30CCFFFFFFFFFFCAFFF0001641619AE42B71A40961368
1116AB29CC0883014E10DB2B1953BCA76AA303FFFFFFFFFFFCAFFF0001641619AE42B71A40961380
1116BC29CC2483014B10DB9D195404A74AA403FFFFFFFFFFFCAFFF00015E1619AE42B71A40961398
11166D29CBB083015710DAD2195385A73AA44DBFFFFFFFFFFCBFFF00015C1619AE42B71A409613B0
11168129CBBE83016410DAD419538CA72AA403DFFFFFFFFFFCAFFF0001621619AE42B71A409613C8
11166A29CBAA83016410DAF31953BBA73AA403FFFFFFFFFFFCAFFF00015F1619AE42B71A409603E0
1116B229CC0383015610DAAB195370A75AA503FFFFFFFFFFFC9FFF0001691619AE42B71A409603F8
11173B29CD0483014A10DB7A1953FFA74AA603FFFFFFFFFFFCAFFF00016A1619AE42B71A40960310
11176029CD1583014E10DB471953E1A75AA603FFFFFFFFFFFCBFFF0001581619AE42B71A40960328
11171829CC9983015B10DAFE1953ABA74AA4055FFFFFFFFFFCBFFF0001681619AF42B71A40960340
11170F29CC7A83016110DAE819539CA73AA30A8FFFFFFFFFFCAFFF0001681619AF42B71A40960358
11170229CC7E83015E10DAFA1953A9A73AA403FFFFFFFFFFFCAFFF0001631619AF42B71A40960370
1116FE29CC7383015910DAE2195398A72AA403FFFFFFFFFFFCAFFF0001651619AF42B71A4095F388
1116EE29CC6D83015510DB091953A9A71AA503FFFFFFFFFFFCAFFF0001671619AF42B71A4095F3A0
1116F429CC6D83015310DAED19539FA71AA50EAFFFFFFFFFFCAFFF00016F1619AF42B71A4095E3B8
1116EE29CC6883015510DAEC19539EA71AA579FFFFFFFFFFFCAFFF0001691619AF42B71A4095E3D0
1116DB29CC4883015A10DB001953ADA74AA403DFFFFFFFFFFCBFFF00016E1619AF42B71B4095E3E8
1116CC29CC3B83015C10DAFA1953A5A74AA303FFFFFFFFFFFCAFFF00016A1619AF42B71B4095E300
1116C029CC2683015910DAF71953A3A76AA403FFFFFFFFFFFCAFFF0001711619AF42B71B4095E318
1116D129CC3A83015410DB031953AAA74AA403FFFFFFFFFFFCBFFF0001691619AF42B71B4095E330
1116D629CC4683015810DAFF1953ADA72AA303FFFFFFFFFFFC8FFF0001711619AF42B71B4095E348
1116DA29CC3883015A10DB181953BAA73AA30C7FFFFFFFFFFC9FFF00016C1619AF42B71B4095D360
1116E729CC3D83015410DB1A1953B9A71AA423BFFFFFFFFFFCAFFF0001761619AF42B71B4095D378
1116D229CC3583015010DB0C1953ADA71AA403FFFFFFFFFFFCAFFF0001771619AF42B71B4095D390
1116EB29CC6583015710DAF419539CA72AA603FFFFFFFFFFFCAFFF00016F1619AF42B71B4095C3A8
11171A29CC9983015B10DB261953C5A75AA703FFFFFFFFFFFCBFFF00016F1619AF42B71B4095C3C0
11177E29CD2183015C10DB4E1953E8A75AA603FFFFFFFFFFFCBFFF0001771619AF42B71B4095C3D8
11177D29CD1A83015810DB6F1953F7A75AA69B4FFFFFFFFFFCAFFF0001781619AF42B71B4095C3F0
11174829CCDB83015310DB4C1953E5A74AA503CFFFFFFFFFFCAFFF0001711619AF42B71B4095C308
11174529CCD183015610DB621953F6A72AA40FCFFFFFFFFFFCAFFF00017A1619AF42B71B4095B320
11173629CCC583015B10DB4F1953E8A72AA50F1FFFFFFFFFFC9FFF0001731619AF42B71B4095C338
1116FF29CC8383015810DB511953E4A73AA603FFFFFFFFFFFCAFFF00017C1619B042B71B4095B350
1116F729CC6783015210DB5D1953E9A73AA403FFFFFFFFFFFCAFFF0001721619B042B71B4095A368
1116DD29CC6083015210DB5D1953EEA71AA415FFFFFFFFFFFCAFFF00017A1619B042B71B4095B380
1116E429CC5783015910DB3C1953D6A70AA63D2FFFFFFFFFFC8FFF00017C1619B042B71B4095B398
1116D529CC3D83015D10DB3C1953D3A70AA703FFFFFFFFFFFCAFFF0001771619B042B71B4095A3B0
1116AC29CC0383015510DB191953BFA72AA503FFFFFFFFFFFCBFFF00017C1619B042B71B4095A3C8
11169629CBEB83015210DB1D1953C1A73AA303FFFFFFFFFFFCAFFF00017C1619B042B71B4095A3E0
1116A929CC0A83015A10DB0C1953B6A72AA203FFFFFFFFFFFC9FFF00017A1619B042B71B4095A3F8
11169029CBE183016210DB081953B4A74AA203FFFFFFFFFFFCAFFF00017C1619B042B71B4095A310
1116A029CBE883015A10DAF81953A5A76AA20C3FFFFFFFFFFC9FFF0001761619B042B71B40959328
1116CD29CC2383014E10DAF919539CA76AA4059FFFFFFFFFFC9FFF00017E1619B042B71B40959340
1116C329CC1583014E10DB051953A0A75AA303FFFFFFFFFFFCAFFF0001791619B042B71B40959358
11162D29CB5683015910DAA919535FA72AA303FFFFFFFFFFFCAFFF00017C1619B042B71B40959370
11157D29CA8083016010DA70195334A71AA410DFFFFFFFFFFCBFFF00017E1619B042B71B40959388
11164F29CB4F83015A10DA5B195317A73AA42ECFFFFFFFFFFC9FFF00017C1619B042B71B409583A0
11165329CB7F83015110DA101952EAA73AA3570FFFFFFFFFFC9FFF0001711619B042B71B409583B8
1115F629CB0083015510DA091952F5A72AA203FFFFFFFFFFFCAFFF0001791619B042B71B409583D0
1115A829CA9B83015E10DA281952DCA72AA303FFFFFFFFFFFCAFFF00017D1619B042B71B409583E8
1115E629CAF483015810DA69195312A72AA403FFFFFFFFFFFCAFFF0001781619B042B71B40958300
11164B29CB6B83015210DAC7195368A70AA303FFFFFFFFFFFCBFFF0001811619B042B71B40958318
1115F729CB0883015410DA5419531DA72AA303FFFFFFFFFFFCAFFF00017F1619B042B71B40957330
1115F129CAE683015410DA7A195323A75AA3280FFFFFFFFFFCAFFF0001741619B042B71B40957348
1115CE29CAC383015610DA5B195315A76AA30AFFFFFFFFFFFC9FFF00016F1619B142B71B40957360
1115E529CADD83016010DA261952F2A74AA303FFFFFFFFFFFC9FFF0001771619B142B71B40957378
11157E29CA5E83015F10DA4E19531CA73AA203FFFFFFFFFFFCBFFF00017C1619B142B71B40957390
11162C29CB4483015110DA45195316A71AA203FFFFFFFFFFFCAFFF0001711619B142B71B409563A8
11166A29CB9183014A10DA62195346A73AA3316FFFFFFFFFFCAFFF0001801619B142B71B409563C0
11160E29CB1F83014F10DA151952F6A75AA5716FFFFFFFFFFCAFFF00017F1619B142B71B409563D8
11161329CB2583015610DA281952FDA74AA5128FFFFFFFFFFCBFFF0001741619B142B71B409563F0
1115F329CAFD83016010DA44195310A74AA511EFFFFFFFFFFCBFFF0001791619B142B71B40956308
11160529CB2083016210DA17195306A73AA403FFFFFFFFFFFCAFFF0001731619B142B71B40956320
11161D29CB3983015510DA4C19531AA74AA303FFFFFFFFFFFCAFFF00016D1619B142B71B40955338
11168829CBA083014A10DA53195309A73AA303FFFFFFFFFFFCAFFF00017E1619B142B71B40955350
11166629CBB383014C10DA48195310A74AA446DFFFFFFFFFFC9FFF0001751619B142B71B40954368
1115D529CAD283015710DA33195303A76AA5108FFFFFFFFFFCAFFF00017D1619B142B71B40955380
1115CE29CAC583015D10DA35195305A76AA403FFFFFFFFFFFCBFFF0001661619B142B71B40955398
11160029CAF883015A10DA181952FFA75AA304BFFFFFFFFFFCAFFF00017D1619B142B71B409543B0
1115F229CB0883015510DA5A195328A73AA303FFFFFFFFFFFCAFFF00017D1619B142B71B409543C8
11161029CB2D83014D10DA52195323A73AA403FFFFFFFFFFFCAFFF0001731619B142B71B409543E0
11160E29CB2B83014C10DA54195321A74AA503FFFFFFFFFFFC8FFF0001731619B142B71B409543F8
1115F629CAF783015810DA5A195327A74AA403FFFFFFFFFFFCAFFF0001781619B142B71B40953310
11158629CA8383015E10DA74195334A74AA45C9FFFFFFFFFFCAFFF0001751619B142B71B40953328
1115D129CAE683015610DA6D195334A75AA4146FFFFFFFFFFCAFFF00017F1619B142B71B40953340
11160F29CB2183014E10DA7519533AA74AA3042FFFFFFFFFFCAFFF00017E1619B242B71B40953358
1115FA29CB1483014E10DA6D195339A74AA3041FFFFFFFFFFCBFFF00016C1619B242B71B40953370
1115D529CAD783015110DA4619531BA75AA303FFFFFFFFFFFCAFFF0001761619B242B71B40953388
1115C729CACA83015D10DA1F195300A75AA303FFFFFFFFFFFCAFFF0001751619B242B71B409523A0
1115E329CADF83015E10D9FB1952E0A76AA303FFFFFFFFFFFCAFFF0001771619B242B71B409523B8
1115D729CAE183015610DA21195317A76AA23E0FFFFFFFFFFCAFFF0001731619B242B71B409523D0
11160329CB0383014E10DA69195335A77AA21A6FFFFFFFFFFCAFFF00017C1619B242B71B409523E8
1115F829CB0183014B10DA7A195337A75AA303FFFFFFFFFFFCBFFF00017B1619B242B71B40952300
11161629CB3883015110DA5A195325A74AA303FFFFFFFFFFFCAFFF0001721619B242B71B40952318
11164A29CB7D83015710DA25195306A72AA303FFFFFFFFFFFCAFFF0001771619B242B71B40951330
11165229CB9283015910DA3E195311A72AA27FFFFFFFFFFFFCAFFF00016D1619B242B71B40951348
11165B29CB9E83015710DA47195315A73AA21A3FFFFFFFFFFCAFFF00016F1619B242B71B40951360
11165629CB8F83015610DA5219531FA72AA303FFFFFFFFFFFCAFFF0001781619B242B71B40951378
11165329CB7483014F10DA5C195327A73AA403FFFFFFFFFFFCAFFF0001791619B242B71B40950390
11164329CB6F83014C10DA5D195327A75AA503FFFFFFFFFFFCBFFF0001791619B242B71B409503A8
11166329CB9D83015110DA4919531EA75AA403FFFFFFFFFFFCBFFF0001701619B242B71B409503C0
11166C29CBA383015810DA5C19532CA73AA403FFFFFFFFFFFCAFFF0001761619B242B71B409503D8
11166129CB9783015810DA7D19533EA72AA34BCFFFFFFFFFFCAFFF00016E1619B242B71B409503F0
11164D29CB8283015210DA69195333A72AA203FFFFFFFFFFFC9FFF0001741619B242B71B40950308
11163F29CB8583014F10DA80195340A72AA203FFFFFFFFFFFCAFFF0001761619B242B71B40950320
11164229CB8983015110DA7B195343A71AA2152FFFFFFFFFFCAFFF0001741619B242B71B40950338
11164929CB8283015410DA73195341A72AA214AFFFFFFFFFFCAFFF0001661619B242B71B40950350
11164929CB8383015A10DA6D19533CA74AA303FFFFFFFFFFFCAFFF0001761619B242B71B4094F368
11164229CB7B83015810DA7019533FA74AA407BFFFFFFFFFFCAFFF0001761619B242B71B40950380
11164529CB7883015210DA7119533CA73AA507DFFFFFFFFFFCAFFF00016D1619B242B71B4094E398
11164429CB7183014C10DA77195343A73AA503FFFFFFFFFFFCBFFF0001721619B342B71B4094E3B0
11163729CB6583014B10DA72195344A74AA403FFFFFFFFFFFCBFFF00016F1619B342B71B4094E3C8
11164A29CB8383015410DA74195341A74AA303FFFFFFFFFFFCAFFF0001681619B342B71B4094E3E0
11163229CB6683016110DA6E19533FA72AA503FFFFFFFFFFFCAFFF0001631619B342B71B4094E3F8
11160329CB4183015B10DA68195335A74AA472FFFFFFFFFFFCBFFF0001751619B342B71B4094E310
11162E29CB5283014A10DA6119532BA74AA203FFFFFFFFFFFCBFFF0001761619B342B71B4094D328
1115BE29CAAE83014310DA69195333A74AA203FFFFFFFFFFFCAFFF0001741619B342B71B4094D340
1115D629CAC883014E10DA3D195310A72AA503FFFFFFFFFFFCAFFF00015C1619B342B71B4094D358
1114EB29C97E83015A10DA54195325A72AA403FFFFFFFFFFFCBFFF0001671619B342B71B4094D370
1114AD29C92883016110DA5F19532FA73AA303FFFFFFFFFFFCAFFF00016B1619B342B71B4094C388
1113CA29C82983015D10DA39195314A74AA318BFFFFFFFFFFC9FFF00016A1619B342B71B4094C3A0
11154229C9CC83014C10D99119529CA74AA5181FFFFFFFFFFC9FFF0001741619B342B71B4094C3B8
1114F929C98583014310DA171952E8A76AA403FFFFFFFFFFFCAFFF0001741619B342B71B4094C3D0
11149B29C90F83014C10D98C195289A75AA403FFFFFFFFFFFCAFFF0001691619B342B71B4094C3E8
11146D29C8B283015810D93E195241A75AA403FFFFFFFFFFFCAFFF00016B1619B342B71B4094C300
11144429C89283015B10D93419522BA74AA403FFFFFFFFFFFCAFFF0001671619B342B71B4094C318
11144C29C88883015A10D906195224A73AA403FFFFFFFFFFFC9FFF0001691619B342B71B4094B330
11141F29C86383015810D85E1951A7A75AA403FFFFFFFFFFFCBFFF00016E1619B342B71B4094B348
11147129C8DA83014C10D933195231A74AA303FFFFFFFFFFFCBFFF00016A1619B342B71B4094B360
1114FC29C98B83014610D9AB195288A72AA403FFFFFFFFFFFC9FFF00016B1619B342B71B4094A378
11149529C8D683014B10D91B195221A73AA415FFFFFFFFFFFCAFFF0001701619B342B71B4094B390
11146729C8B983015310D92119522DA75AA541CFFFFFFFFFFCBFFF0001631619B342B71B4094A3A8
11144929C89283015810D97B195269A75AA603FFFFFFFFFFFCAFFF0001661619B342B71B4094A3C0
11147629C8D183015D10D94019523BA74AA6152FFFFFFFFFFCAFFF00015F1619B342B71B4094A3D8
11147A29C8CF83015810D90019521FA75AA53FCFFFFFFFFFFCAFFF0001651619B342B71B4094A3F0
11151B29C9AF83014910D93B195246A75AA41FBFFFFFFFFFFCBFFF0001701619B442B71B4094A308
1114FD29C97183014410D923195240A76AA32EAFFFFFFFFFFCAFFF0001681619B442B71B4094A320
11149229C8F083014D10D90A19521AA75AA403FFFFFFFFFFFCAFFF00016E1619B442B71B40949338
1114EC29C97A83015810D8E7195203A76AA520EFFFFFFFFFFCAFFF00016B1619B442B71B40949350
11150929C98383015910D918195225A79AA5599FFFFFFFFFFC9FFF0001691619B442B71B40949368
11149429C94983015A10D90319521EA76AA5204FFFFFFFFFFCAFFF0001691619B442B71B40949380
11149429C91583015510D8EB19520DA76AA64A3FFFFFFFFFFCBFFF00016B1619B442B71B40948398
1114B129C8F083014810D8ED195205A76AA503DFFFFFFFFFFC9FFF0001651619B442B71B409483B0
1114FD29C99683014210D903195216A75AA403FFFFFFFFFFFCAFFF00016D1619B442B71B409483C8
1114AC29C91B83014E10D8F2195209A75AA37B5FFFFFFFFFFCAFFF0001651619B442B71B409483E0
11152D29C9AF83015B10D95C195257A75AA403CFFFFFFFFFFCAFFF00016C1619B442B71B409483F8
11147829C8EF83015710D91B195226A75AA410AFFFFFFFFFFCAFFF0001691619B442B71B40947310
11138F29C7C383014F10D8AA1951E1A74AA5C1CFFFFFFFFFFCAFFF0001681619B442B71B40947328
11144129C85183015210D8861951C1A73AA603BFFFFFFFFFFCAFFF0001691619B442B71B40948340
11142B29C82C83014E10D8891951D6A74AA63C1FFFFFFFFFFCAFFF00015A1619B442B71B40947358
1114EE29C92983014B10D90B195217A74AA5348FFFFFFFFFFCAFFF00016B1619B442B71B40947370
1114DE29C93C83015010D989195277A75AA503FFFFFFFFFFFCBFFF00016B1619B442B71B40947388
11150529C9A783015510D95F19526CA75AA5519FFFFFFFFFFCAFFF00016B1619B442B71B409463A0
11152729C9C083015810D99619527DA75AA4421FFFFFFFFFFCAFFF0001621619B442B71B409463B8
11151229C9BA83015210D982195279A75AA503FFFFFFFFFFFCAFFF00016B1619B442B71B409463D0
11158129CA5E83014510D9B419529EA76AA5560FFFFFFFFFFCAFFF0001691619B442B71B409463E8
11159429CA7983014510D9B11952A5A74AA41FEFFFFFFFFFFC9FFF00015C1619B442B71B40946300
11156429CA3783015510D9B41952A6A75AA5043FFFFFFFFFFC9FFF0001621619B442B71B40946318
11155529CA1B83015E10D9A41952A4A75AA592BFFFFFFFFFFCAFFF0001661619B442B71B40946330
11152129C9D783015510D9BF1952B0A74AA603FFFFFFFFFFFCBFFF00016A1619B442B71B40945348
11153329C9FC83014B10D9A3195294A74AA623DFFFFFFFFFFCBFFF00016C1619B442B71B40945360
11155F29CA0583014A10D9AF1952A5A73AA4B65FFFFFFFFFFCAFFF00016A1619B442B71B40944378
11150329C99283014C10D99F195295A72AA403FFFFFFFFFFFCAFFF00015E1619B442B71B40944390
1114A929C93D83015410D9A719529DA73AA4458FFFFFFFFFFCAFFF0001611619B542B71B409443A8
1114AD29C92383015710D9A919529DA73AA611FFFFFFFFFFFC9FFF0001581619B542B71B409443C0
1114DB29C95183015310D999195297A76AA6067FFFFFFFFFFC9FFF0001621619B542B71B409443D8
1114FD29C97283015310D99819528EA78AA59C4FFFFFFFFFFCAFFF0001661619B542B71B409443F0
11146729C92F83015010D97D195280A77AA41F9FFFFFFFFFFCAFFF00015A1619B542B71B40944308
11151929C9BE83014810D9A619529EA75AA5119FFFFFFFFFFCAFFF00016B1619B542B71B40944320
11150D29C9B083014710D98D19529FA75AA5382FFFFFFFFFFCAFFF0001671619B542B71B40944338
1114C129C94383015310D949195254A75AA31B3FFFFFFFFFFCAFFF0001511619B542B71B40943350
1114B929C94383015B10D92019523EA75AA4483FFFFFFFFFFCAFFF00015C1619B542B71B40943368
11145A29C8C583015810D92A195236A75AA573AFFFFFFFFFFCAFFF00015D1619B542B71B40943380
11146F29C8E583015210D920195225A75AA603FFFFFFFFFFFCBFFF0001651619B542B71B40943398
1114AA29C91D83014C10D8F719522AA74AA449EFFFFFFFFFFCBFFF0001611619B542B71B409423B0
1114F329C96183014510D92D195249A75AA303CFFFFFFFFFFCAFFF0001681619B542B71B409423C8
1114AA29C92E83014910D8B91951EAA75AA303FFFFFFFFFFFC9FFF00015C1619B542B71B409423E0
1114A229C91183015510D8E8195202A77AA489FFFFFFFFFFFCAFFF0001511619B542B71B409423F8
1114AF29C92483015710D8EB195201A77AA603BFFFFFFFFFFCAFFF0001621619B542B71B40942310
11149F29C93183015210D8F9195217A75AA6244FFFFFFFFFFCBFFF0001511619B542B71B40942328
1114CA29C94483014D10D919195225A75AA6230FFFFFFFFFFCBFFF0001601619B542B71B40942340
1114AA29C92783015110D91E195226A74AA503FFFFFFFFFFFCAFFF0001601619B542B71B40941358
1114F629C98C83015710D925195236A75AA657DFFFFFFFFFFCAFFF00015A1619B542B71B40941370
1114E329C95883015010D941195251A77AA647EFFFFFFFFFFC9FFF0001641619B542B71B40941388
1114DB29C95E83014710D90319521DA75AA503FFFFFFFFFFFC9FFF00015C1619B542B71B409403A0
11157429CA0483014810D8E4195204A76AA4624FFFFFFFFFFCAFFF0001621619B542B71B409403B8
1115B029CA5E83014F10D8D71951F8A75AA41C1FFFFFFFFFFCAFFF0001541619B542B71B409403D0
11154F29C9F783015610D8D61951F9A72AA50DBFFFFFFFFFFCAFFF0001561619B542B71B409403E8
1114FD29C99B83015E10D8EA195207A73AA6A5BFFFFFFFFFFCBFFF00015E1619B542B71B40940300
11159229CA5483015410D8E51951FFA74AA503FFFFFFFFFFFCAFFF0001611619B542B71B40940318
11156029CA2B83014410D8C319520CA73AA54CDFFFFFFFFFFCAFFF0001611619B542B71B40940330
11155E29CA3283013F10D8BA195204A73AA413FFFFFFFFFFFCAFFF00015F1619B642B71B40940348
1115A229CA7C83014810D902195212A73AA47DDFFFFFFFFFFCAFFF00015E1619B642B71B40940360
11153929C9E683015410D919195222A75AA41D1FFFFFFFFFFCAFFF00015F1619B642B71B40940378
1114FD29C99E83015D10D90919521DA76AA5133FFFFFFFFFFCAFFF00015A1619B642B71B4093F390
11154F29CA0C83015610D91F195229A73AA43E0FFFFFFFFFFCBFFF0001621619B642B71B4093E3A8
1115C229CAAB83014910D954195248A72AA403FFFFFFFFFFFCAFFF00015C1619B642B71B4093F3C0
1115B329CAA183014810D942195233A73AA335EFFFFFFFFFFCAFFF00014D1619B642B71B4093E3D8
1115C129CA9E83014D10D90E19521EA71AA477EFFFFFFFFFFCAFFF0001551619B642B71B4093E3F0
11162C29CB0183014E10D93E19523EA72AA503FFFFFFFFFFFCAFFF00015B1619B642B71B4093E308
11160629CAD583015010D93219523DA73AA5596FFFFFFFFFFCAFFF0001621619B642B71B4093E320
1115E729CAE383014E10D94619524AA72AA503BFFFFFFFFFFCAFFF0001631619B642B71B4093E338
1115CF29CABD83014610D960195257A73AA403FFFFFFFFFFFC9FFF0001581619B642B71B4093E350
1115C429CAAE83014910D947195246A75AA31F1FFFFFFFFFFC9FFF00014F1619B642B71B4093E368
11155529CA2483015210D92E195239A76AA55A8FFFFFFFFFFC9FFF00014F1619B642B71B4093D380
11159829CA6683015610D926195234A75AA4246FFFFFFFFFFCAFFF0001501619B642B71B4093D398
11160229CAFC83015210D95F19524DA74AA44CBFFFFFFFFFFCAFFF0001511619B642B71B4093C3B0
1115F929CB0283014B10D95919525CA73AA303CFFFFFFFFFFCBFFF0001561619B642B71B4093D3C8
1115C929CABB83014510D9A2195278A73AA303FFFFFFFFFFFCAFFF00015E1619B642B71B4093C3E0
1115AE29CAB483014510D99E195289A75AA37E5FFFFFFFFFFC9FFF00014B1619B642B71B4093C3F8
1115F829CB0B83014D10D94A19524DA74AA303BFFFFFFFFFFC9FFF0001581619B642B71B4093C310
1115F429CB1383015510D950195259A75AA41D6FFFFFFFFFFCBFFF0001571619B642B71B4093C328
11158D29CAA383015210D97C195271A74AA41DDFFFFFFFFFFCBFFF0001551619B642B71B4093C340
1115D929CACE83014D10D985195281A75AA203FFFFFFFFFFFCAFFF0001561619B642B71B4093B358
1115C429CAC983014810D9E31952A9A73AA22ADFFFFFFFFFFCAFFF00014F1619B642B71B4093C370
11158229CAC383014710D9E81952A4A73AA2295FFFFFFFFFFCBFFF0001561619B642B71B4093B388
11160329CB0583014910D9C91952BBA74AA303FFFFFFFFFFFCBFFF0001501619B642B71B4093C3A0
1115FB29CB1483014E10D994195297A75AA403FFFFFFFFFFFCBFFF0001441619B642B71B4093B3B8
1115F629CB1083014C10D9AA19529EA75AA22CCFFFFFFFFFFCBFFF0001571619B642B71B4093B3D0
1115E429CAEE83014A10D9A719529BA74AA2755FFFFFFFFFFCBFFF0001581619B642B71B4093B3E8
1115DA29CB0A83014E10D9CE1952ABA73AA3277FFFFFFFFFFCAFFF0001571619B742B71B4093A300
1115FE29CB1783014F10D9D51952A4A72AA326BFFFFFFFFFFCAFFF00014A1619B742B71B4093A318
1115C429CAED83014910D9AE1952A0A72AA303FFFFFFFFFFFCBFFF00014C1619B742B71B4093A330
1115EF29CAF883014910D9C91952CFA73AA203FFFFFFFFFFFCBFFF0001411619B742B71B4093A348
11160729CB1B83014F10D9B41952B7A74AA203FFFFFFFFFFFCAFFF00014E1619B742B71B4093A360
1115F629CB0C83015110D9D21952B6A72AA203FFFFFFFFFFFCAFFF00014E1619B742B71B4093A378
1115CF29CAE183014A10DA231952EFA74AA403FFFFFFFFFFFCBFFF0001591619B742B71B4093A390
1115CD29CACD83014210DA8C195341A73AA40E2FFFFFFFFFFCBFFF00014E1619B742B71B409393A8
1115DC29CADB83014210DA93195357A73AA4318FFFFFFFFFFCAFFF0001461619B742B71B409393C0
1115E529CAF083014A10DA52195327A74AA503FFFFFFFFFFFC9FFF0001431619B742B71B409393D8
11160629CB1D83015810D9EC1952DBA74AA403FFFFFFFFFFFC9FFF00013A1619B742B71B409383F0
11160C29CB1E83015B10DA061952E5A72AA303FFFFFFFFFFFCAFFF00014B1619B742B71B40938308
1115D729CADE83014A10DA5119531DA72AA303FFFFFFFFFFFCAFFF0001541619B742B71B40938320
1115EC29CAF383013A10DA3419530AA73AA4AFFFFFFFFFFFFCAFFF0001551619B742B71B40938338
1115DD29CAD883013C10DA44195313A73AA203BFFFFFFFFFFCBFFF00014B1619B742B71B40938350
1115C829CAC883014610DA3619530FA72AA1216FFFFFFFFFFCBFFF00014C1619B742B71B40938368
1115BF29CAB883014D10DA2C195309A71AA1220FFFFFFFFFFCAFFF0001451619B742B71B40938380
11159029CA7783015410DA28195305A70AA003FFFFFFFFFFFCAFFF00013B1619B742B71B40937398
11158529CA6E83015510DA221952FEA72AA004AFFFFFFFFFFCAFFF0001481619B742B71B409373B0
11159F29CA9183014B10DA161952F2A72AA1042FFFFFFFFFFCAFFF00013D1619B742B71B409373C8
1115AB29CA9983014410DA2D1952F5A72AA203FFFFFFFFFFFCAFFF00014F1619B742B71B409373E0
1115B629CAB183013E10DA091952F0A72AA203FFFFFFFFFFFCAFFF00014E1619B742B71B409373F8
1115B429CAAD83013C10D9FF1952ECA74AA203FFFFFFFFFFFCAFFF0001401619B742B71B40936310
11158929CA6A83014A10DA181952F6A75AA31B9FFFFFFFFFFCBFFF00013C1619B742B71B40936328
11157A29CA5683015710D9FA1952E5A75AA355DFFFFFFFFFFCBFFF0001461619B742B71B40937340
11157429CA4483015310DA0C1952E9A74AA321FFFFFFFFFFFCAFFF0001491619B742B71B40936358
11159A29CA8683014610D9F41952D7A73AA222CFFFFFFFFFFCAFFF0001491619B742B71B40936370
11159F29CA8F83013E10DA041952E9A74AA303FFFFFFFFFFFCBFFF0001371619B742B71B40936388
11157429CA4C83014410DA041952E5A76AA303FFFFFFFFFFFCAFFF0001451619B742B71B409363A0
11156A29CA5183014910D9FC1952E0A74AA303FFFFFFFFFFFCAFFF0001451619B742B71B409363B8
11159429CA7283014910D9FF1952DEA75AA3210FFFFFFFFFFC9FFF0001451619B842B71B409353D0
11156629CA6C83014910D9F01952D7A74AA30B6FFFFFFFFFFC9FFF00013D1619B842B71B409353E8
11154F29CA2683014D10D9F01952D7A73AA303FFFFFFFFFFFCAFFF0001431619B842B71B40935300
11153729CA1383014B10D9ED1952D7A74AA403FFFFFFFFFFFCAFFF0001411619B842B71B40934318
11156329CA3B83014510D9E81952D4A74AA403FFFFFFFFFFFCAFFF00013C1619B842B71B40935330
11156729CA3283014510D9EA1952D3A74AA4296FFFFFFFFFFCAFFF00013C1619B842B71B40935348
11154C29CA0E83014910D9E61952CFA75AA271FFFFFFFFFFFCBFFF00013D1619B842B71B40934360
11155329CA1583014810D9E31952CFA76AA203FFFFFFFFFFFCAFFF00013E1619B842B71B40934378
11156729CA3183014710D9E51952CFA74AA303FFFFFFFFFFFCAFFF00012C1619B842B71B40934390
11155129CA1883014A10D9E31952CBA74AA403FFFFFFFFFFFC9FFF00013D1619B842B71B409343A8
11154B29CA1D83014910D9E31952CCA75AA42B2FFFFFFFFFFCBFFF00013F1619B842B71B409343C0
11155E29CA3383014410D9E31952CCA75AA52B0FFFFFFFFFFCAFFF0001411619B842B71B409343D8
11157B29CA4883014510D9DC1952CBA75AA53F5FFFFFFFFFFCAFFF00013F1619B842B71B409343F0
11155729CA2183014B10D9D91952C4A76AA412AFFFFFFFFFFCAFFF0001331619B842B71B40933308
11156029CA1D83014F10D9D61952C0A75AA403FFFFFFFFFFFCBFFF0001321619B842B71B40933320
11156C29CA4383014D10D9D91952C5A74AA603FFFFFFFFFFFCAFFF00013B1619B842B71B40933338
11158629CA5983014510D9D31952BDA72AA503FFFFFFFFFFFC9FFF00013A1619B842B71B40933350
11158329CA5183014010D9D61952C2A73AA403FFFFFFFFFFFC9FFF0001321619B842B71B40932368
11156A29CA4B83014510D9D61952C2A75AA403FFFFFFFFFFFC8FFF00013B1619B842B71B40932380
11155929CA3583014D10D9CF1952BAA77AA40E8FFFFFFFFFFCAFFF00012C1619B842B71B40932398
11156729CA3C83014D10D9C51952B6A76AA503FFFFFFFFFFFCAFFF00013A1619B842B71B409323B0
11157629CA4983014610D9AF1952ACA77AA703FFFFFFFFFFFCCFFF00012F1619B842B71B409323C8
11156D29CA3E83014310D9B41952ADA75AA503FFFFFFFFFFFCBFFF0001341619B842B71B409323E0
11155729CA1983014910D9B11952A9A74AA303FFFFFFFFFFFCAFFF0001351619B842B71B409323F8
11155329CA2483014D10D99F195293A73AA3618FFFFFFFFFFCAFFF00012F1619B842B71B40931310
11156D29CA4083014910D9A71952A4A73AA3439FFFFFFFFFFCAFFF0001381619B842B71B40931328
11155429CA4183014510D9A319529CA74AA22D4FFFFFFFFFFC9FFF0001371619B842B71B40931340
11157F29CA4283014410D9A6195299A73AA203FFFFFFFFFFFCAFFF0001361619B842B71B40930358
11157129CA3F83014010D9A719529FA74AA303FFFFFFFFFFFCAFFF0001341619B842B71B40931370
11156229CA3983014410D9A0195299A75AA403FFFFFFFFFFFC9FFF0001331619B842B71B40931388
11151329C9BB83015110D977195279A75AA403FFFFFFFFFFFC9FFF0001331619B942B71B409303A0
11155129CA1B83015210D98B19528CA75AA331BFFFFFFFFFFCAFFF0001331619B942B71B409303B8
11156529CA3B83014410D9A0195296A74AA203FFFFFFFFFFFCAFFF0001321619B942B71B409303D0
11155F29CA2E83014010D99F195299A73AA103FFFFFFFFFFFC9FFF0001311619B942B71B409303E8
11154A29CA0B83014410D981195280A73AA303FFFFFFFFFFFC8FFF0001311619B942B71B40930300
11155229CA2583014610D98C195287A73AA303FFFFFFFFFFFCAFFF0001301619B942B71B40930318
1115A929CA6B83014810D99A195289A72AA385FFFFFFFFFFFC9FFF0001301619B942B71B40930330
11157629CA2B83014C10D95919525CA73AA4220FFFFFFFFFFC9FFF00012F1619B942B71B40930348
11155129CA4983014B10D95E195264A73AA403FFFFFFFFFFFCAFFF00011E1619B942B71B4092F360
11156729CA5183014610D96A195278A71AA303FFFFFFFFFFFCAFFF00012E1619B942B71B4092F378
11157729CA4783014410D997195282A72AA325AFFFFFFFFFFC9FFF00012D1619B942B71B4092F390
1115A229CA7483014310D993195286A77AA4274FFFFFFFFFFC9FFF00012D1619B942B71B4092E3A8
11158829CA7183014510D96A19526CA75AA303FFFFFFFFFFFCAFFF00012C1619B942B71B4092E3C0
11157229CA5983014910D935195246A73AA458CFFFFFFFFFFCAFFF00012B1619B942B71B4092E3D8
11157429CA6083014A10D924195231A72AA503FFFFFFFFFFFCBFFF00012C1619B942B71B4092E3F0
11157929CA6983014A10D938195227A71AA303FFFFFFFFFFFCBFFF0001251619B942B71B4092E308
11157F29CA6383014710D96519526AA73AA303FFFFFFFFFFFCAFFF00012D1619B942B71B4092E320
1115AF29CA8583014110D9B119528FA74AA203FFFFFFFFFFFCBFFF0001241619B942B71B4092E338
11158629CA7B83014510D97819526DA72AA403FFFFFFFFFFFC9FFF0001271619B942B71B4092E350
11158529CA7083014C10D96519524FA74AA50CEFFFFFFFFFFC9FFF0001141619B942B71B4092D368
11158729CA7783014910D9CA19529DA74AA40EBFFFFFFFFFFCAFFF0001261619B942B71B4092D380
1115B529CA9583014510D99B1952A7A76AA303FFFFFFFFFFFCAFFF0001201619B942B71B4092D398
1115C329CAA583014710D9CE1952CBA76AA303FFFFFFFFFFFCAFFF00012B1619B942B71B4092C3B0
11159429CAA383014610D9F81952CCA73AA403FFFFFFFFFFFCAFFF0001231619B942B71B4092D3C8
1115DA29CAAA83014510D9E81952CDA72AA403FFFFFFFFFFFCAFFF0001281619B942B71B4092C3E0
1115C529CA9683014410D9D91952C7A73AA3A29FFFFFFFFFFCBFFF00011A1619B942B71B4092C3F8
11159B29CA9D83014710D9D11952B7A71AA32FFFFFFFFFFFFCBFFF00011E1619B942B71B4092C310
11158229CA6E83014E10D9A0195299A72AA303FFFFFFFFFFFCBFFF0001181619B942B71B4092C328
11158729CA7583014D10D9AF1952A4A72AA303FFFFFFFFFFFCBFFF00011D1619B942B71B4092C340
11157C29CA7483014210D9DD1952C5A73AA403FFFFFFFFFFFCBFFF0001291619B942B71B4092C358
11158329CA6D83013C10D9F81952D9A72AA403FFFFFFFFFFFC9FFF0001221619B942B71B4092B370
11154929CA2F83014210D9D01952C6A72AA21F8FFFFFFFFFFC9FFF0001271619B942B71B4092C388
11156129CA4183014910D9CB1952C7A71AA1220FFFFFFFFFFCAFFF00011C1619B942B71B4092B3A0
11152829CA0683014A10D9CF1952C2A72AA003FFFFFFFFFFFCAFFF0001111619B942B71B4092B3B8
1114E529C9B883014B10D9B81952B5A72AA003FFFFFFFFFFFC9FFF00011A1619BA42B71B4092B3D0
1114E829C98F83014910D9BC1952C2A72AA203FFFFFFFFFFFC9FFF00011F1619BA42B71B4092A3E8
1114FB29C9B983014610D9C41952C2A73AA303FFFFFFFFFFFCAFFF00011D1619BA42B71B4092A300
1114AA29C96183014410D9BF1952BDA72AA403FFFFFFFFFFFCAFFF0001221619BA42B71B4092A318
1114D229C95E83013D10D9C61952B8A74AA403FFFFFFFFFFFCBFFF0001271619BA42B71B4092A330
11147929C92483013B10D9B41952B2A73AA503FFFFFFFFFFFC9FFF0001171619BA42B71B4092A348
1114B329C94183014510D9B61952B0A73AA530AFFFFFFFFFFCBFFF00010D1619BA42B71B4092A360
1114D629C96F83015010D992195294A73AA531AFFFFFFFFFFCAFFF0001161619BA42B71B4092A378
1114B829C94083015210D96B195279A74AA405AFFFFFFFFFFCAFFF0001171619BA42B71B4092A390
11148A29C90283014710D990195291A74AA203FFFFFFFFFFFCBFFF00011F1619BA42B71B4092A3A8
11149C29C91B83013810D96F19527FA73AA103FFFFFFFFFFFCBFFF0001271619BA42B71B409293C0
1114B929C92A83013910D947195268A73AA203FFFFFFFFFFFCBFFF0001191619BA42B71B409283D8
11147E29C8EC83014510D96D195277A72AA103FFFFFFFFFFFCBFFF00010F1619BA42B71B409283F0
11149E29C91F83015010D96D195275A74AA23B9FFFFFFFFFFCAFFF0001161619BA42B71B40928308
11146B29C8E383015010D96C195272A75AA23ACFFFFFFFFFFCAFFF00011D1619BA42B71B40929320
11145C29C8BA83014610D941195255A75AA303FFFFFFFFFFFC9FFF0001231619BA42B71C40928338
1114AD29C93B83013A10D95019525FA76AA4296FFFFFFFFFFCAFFF0001241619BA42B71C40928350
1114BE29C95183013810D941195255A77AA42BCFFFFFFFFFFCAFFF00011F1619BA42B71B40928368
11146529C8C683014710D910195229A75AA303FFFFFFFFFFFCAFFF0001151619BA42B71B40928380
11144029C88B83015110D8F419520AA76AA303FFFFFFFFFFFCAFFF0001161619BA42B71B40927398
11142129C85D83014810D8DA1951FDA76AA32D1FFFFFFFFFFCAFFF0001141619BA42B71B409283B0
11146B29C8CB83013F10D92A19523CA77AA503CFFFFFFFFFFCBFFF00011E1619BA42B71C409283C8
11144329C89883014310D900195220A77AA503FFFFFFFFFFFCBFFF0001211619BA42B71C409273E0
11143729C87983014510D8C51951ECA76AA403FFFFFFFFFFFCAFFF0001171619BA42B71C409283F8
11142729C86A83014310D8C91951F9A77AA503FFFFFFFFFFFCAFFF00011A1619BA42B71C40927310
11142A29C86A83014510D89B1951D4A76AA4537FFFFFFFFFFCAFFF0001191619BA42B71C40927328
11141F29C86A83014710D85419518EA75AA44D4FFFFFFFFFFC9FFF0001131619BA42B71C40926340
11144329C88F83014510D85E1951A7A75AA503FFFFFFFFFFFC9FFF00011C1619BA42B71C40926358
11144E29C8A183014210D8871951B3A75AA403FFFFFFFFFFFCAFFF00011C1619BA42B71C40926370
11142129C86483014210D8781951A1A75AA403FFFFFFFFFFFC9FFF0001161619BA42B71C40926388
11141129C85183014710D8921951B8A75AA503FFFFFFFFFFFC9FFF00010F1619BA42B71C409263A0
11140129C83083014910D89E1951C1A74AA625FFFFFFFFFFFCAFFF0001121619BA42B71C409263B8
11143429C85F83014810D89C1951BAA76AA46BCFFFFFFFFFFCAFFF0001161619BB42B71C409263D0
11144129C87283014410D8961951C2A77AA303AFFFFFFFFFFC9FFF00011F1619BB42B71C409253E8
1113E129C7FC83013C10D8A11951D1A77AA303FFFFFFFFFFFCAFFF0001221619BB42B71C40925300
11142929C86C83013A10D8A31951CAA75AA3045FFFFFFFFFFCAFFF0001201619BB42B71C40925318
11140029C82D83014510D86D1951A1A74AA432CFFFFFFFFFFC9FFF00011A1619BB42B71C40925330
1113DF29C80083014E10D833195172A74AA5348FFFFFFFFFFC9FFF0001181619BB42B71C40925348
1113E929C81783014E10D8681951AAA74AA603FFFFFFFFFFFCAFFF00011A1619BB42B71C40925360
1113EB29C81483014310D8991951C6A75AA603FFFFFFFFFFFCAFFF0001141619BB42B71C40925378
11140F29C84183013C10D88E1951C7A73AA46B6FFFFFFFFFFCAFFF00011C1619BB42B71C40924390
11140A29C85483014010D8731951A4A73AA403BFFFFFFFFFFCAFFF00011F1619BB42B71C409243A8
1113C129C7C883014710D862195195A73AA403FFFFFFFFFFFCAFFF0001191619BB42B71C409243C0
1113D029C7EE83014510D8841951A9A72AA403FFFFFFFFFFFCAFFF0001181619BB42B71C409243D8
11141629C82383014210D8861951B3A74AA303FFFFFFFFFFFCAFFF0001161619BB42B71C409243F0
1113E729C80683014510D86F1951A9A75AA403FFFFFFFFFFFCBFFF00011A1619BB42B71C40924308
1113CB29C81583014410D85319518FA76AA4087FFFFFFFFFFC9FFF00010F1619BB42B71C40923320
1113E029C80B83014410D85919518DA77AA4220FFFFFFFFFFC9FFF00011A1619BB42B71C40923338
1113D229C7EC83014810D854195193A77AA303FFFFFFFFFFFC9FFF0001191619BB42B71C40923350
1113F929C82883014610D854195194A76AA403FFFFFFFFFFFC9FFF00011D1619BB42B71C40923368
1113EE29C81083013E10D8AC1951D1A76AA503FFFFFFFFFFFCAFFF0001231619BB42B71C40923380
1113CD29C7E683013C10D89C1951D8A78AA4352FFFFFFFFFFCAFFF0001171619BB42B71C40922398
11139B29C7A483014210D86A1951A3A79AA5B88FFFFFFFFFFCAFFF00011C1619BB42B71C409223B0
11139D29C7A083014710D87E1951B5A78AA7039FFFFFFFFFFCAFFF0001121619BB42B71C409223C8
11138B29C78783014A10D8871951BAA76AA603FFFFFFFFFFFCAFFF00011B1619BB42B71C409223E0
1113C729C7D483014A10D8951951C6A77AA503FFFFFFFFFFFCAFFF0001111619BB42B71C409223F8
1113EB29C80D83014310D8A71951D6A76AA503FFFFFFFFFFFC9FFF0001241619BB42B71C40922310
11143E29C87083013C10D8C31951EAA75AA403FFFFFFFFFFFCBFFF0001241619BB42B71C40922328
11142529C85083013A10D8CA1951F2A77AA40FFFFFFFFFFFFC9FFF0001211619BB42B71C40922340
11140F29C83783013C10D8C81951EEA77AA33FAFFFFFFFFFFC9FFF0001161619BC42B71C40922358
1113CF29C7DE83014710D8B11951E2A77AA403FFFFFFFFFFFCAFFF0001151619BC42B71C40921370
1113B829C7CC83015210D82119517DA79AA403FFFFFFFFFFFCAFFF0001231619BC42B71C40921388
1113D829C7F683014910D8931951C7A79AA403FFFFFFFFFFFCAFFF0001261619BC42B71C409213A0
11140C29C83983013710D8C31951F1A78AA503FFFFFFFFFFFCAFFF00011C1619BC42B71C409213B8
1113F229C81E83013410D8AA1951DCA74AA403FFFFFFFFFFFCAFFF00011F1619BC42B71C409213D0
1113C429C7D483014210D89D1951D3A73AA30A6FFFFFFFFFFCAFFF00011E1619BC42B71C409203E8
11138D29C79283014A10D89D1951D2A75AA52F8FFFFFFFFFFCAFFF0001221619BC42B71C40920300
11137C29C76883014810D8B11951E1A79AA4311FFFFFFFFFFCAFFF0001251619BC42B71C40920318
11137B29C76E83014410D8A71951D3A77AA403FFFFFFFFFFFCAFFF0001261619BC42B71C40920330
1113C329C7B683013C10D8811951CAA76AA403FFFFFFFFFFFCBFFF0001151619BC42B71C40920348
1113A529C7A483013C10D8A11951D5A73AA41ACFFFFFFFFFFCAFFF00011D1619BC42B71C40920360
11139429C79083014610D8AB1951DAA74AA55DFFFFFFFFFFFCAFFF0001221619BC42B71C40920378
11137B29C77083014810D88B1951C3A77AA703FFFFFFFFFFFCAFFF00011D1619BC42B71C40920390
11137A29C77183014010D8A81951D5A78AA703FFFFFFFFFFFCAFFF00011D1619BC42B71C409203A8
11137829C76383014010D8981951CBA77AA503FFFFFFFFFFFCAFFF0001131619BC42B71C4091F3C0
11136829C74E83014710D88F1951C6A7AAA403FFFFFFFFFFFCAFFF0001231619BC42B71C4091F3D8
11137A29C75F83014310D8871951BFA7CAA403FFFFFFFFFFFC9FFF0001261619BC42B71C4091F3F0
11138C29C78883013810D8AA1951DAA7AAA4256FFFFFFFFFFC9FFF00011F1619BC42B71C4091E308
1113A329C78583013B10D88B1951C4A78AA50E1FFFFFFFFFFCAFFF0001251619BC42B71C4091E320
11135C29C73D83014410D8841951BCA78AA503FFFFFFFFFFFCBFFF00011D1619BC42B71C4091E338
11134E29C73083014810D8681951ABA78AA503FFFFFFFFFFFCAFFF0001231619BC42B71C4091E350
11135E29C73C83014610D86E1951B2A77AA52F1FFFFFFFFFFC9FFF0001241619BC42B71C4091E368
1113A829C7AE83014110D8641951A9A76AA4575FFFFFFFFFFCAFFF0001271619BC42B71C4091E380
11138729C79483013C10D84B19518AA77AA47C4FFFFFFFFFFCAFFF0001281619BC42B71C4091E398
11139A29C7A283013D10D81119515DA76AA503FFFFFFFFFFFCAFFF0001281619BC42B71C4091E3B0
11137829C76583014510D84019516EA76AA603FFFFFFFFFFFCBFFF0001291619BD42B71C4091E3C8
11137729C76883014310D7F8195159A77AA703FFFFFFFFFFFCAFFF0001191619BD42B71C4091E3E0
11139A29C78F83013C10D7F619514BA78AA703FFFFFFFFFFFCBFFF0001241619BD42B71C4091D3F8
11138029C77B83013E10D7E5195133A78AA703FFFFFFFFFFFCCFFF00011C1619BD42B71C4091D310
11136F29C75F83014510D80B195150A77AA742EFFFFFFFFFFCAFFF0001251619BD42B71C4091D328
11137C29C76983014610D81419515FA75AA7163FFFFFFFFFFCAFFF0001231619BD42B71C4091D340
11136E29C76383014010D80C195158A73AA603FFFFFFFFFFFCAFFF00012A1619BD42B71C4091D358
11136029C75683013B10D829195160A74AA5054FFFFFFFFFFC9FFF0001291619BD42B71C4091C370
11136F29C75B83013C10D7E819513CA75AA603FFFFFFFFFFFCBFFF0001211619BD42B71C4091C388
11136229C74F83013F10D7DD19512CA77AA603FFFFFFFFFFFCAFFF0001251619BD42B71C4091C3A0
11135729C74183014310D7D119512AA76AA603FFFFFFFFFFFCAFFF0001271619BD42B71D4091C3B8
11135829C74083014310D7D719512CA77AA703FFFFFFFFFFFCAFFF0001291619BD42B71D4091C3D0
11136129C74083014210D7E8195133A75AA7582FFFFFFFFFFCAFFF0001221619BD42B71D4091C3E8
11137429C74F83014010D7F4195139A73AA61BEFFFFFFFFFFCAFFF0001201619BD42B71D4091C300
11136829C74A83013F10D7F119513BA76AA503FFFFFFFFFFFCAFFF0001251619BD42B71D4091C318
11136029C74E83014210D7E3195138A77AA503FFFFFFFFFFFCAFFF0001271619BD42B71D4091B330
11137029C75883014210D7D8195132A78AA439EFFFFFFFFFFC9FFF0001281619BD42B71D4091B348
11138129C77883013D10D7FA195152A76AA23D0FFFFFFFFFFCAFFF0001211619BD42B71D4091B360
11137829C78383013C10D7FB195147A76AA403FFFFFFFFFFFCAFFF00012B1619BD42B71D4091B378
11136E29C76583014210D7C819511AA78AA52BCFFFFFFFFFFCAFFF00011C1619BD42B71D4091A390
11137E29C75C83014310D7AF19510BA78AA403FFFFFFFFFFFCAFFF0001291619BD42B71D4091A3A8
11138829C76683014210D7B5195111A76AA403FFFFFFFFFFFC9FFF0001151619BD42B71D4091A3C0
11138029C76983014210D7B719510CA76AA503FFFFFFFFFFFC9FFF0001211619BD42B71D4091A3D8
11132829C73983014010D7AD195115A77AA603FFFFFFFFFFFCAFFF0001231619BD42B71D4091A3F0
11134E29C73B83013D10D811195150A75AA77B2FFFFFFFFFFCBFFF0001231619BD42B71D4091A308
1113A429C7A983013910D80819514FA74AA8247FFFFFFFFFFCBFFF0001271619BE42B71D4091A320
1113A729C7A783013A10D7F5195143A78AA803FFFFFFFFFFFCAFFF00012B1619BE42B71D4091A338
11136629C74983014410D7CE19511DA7AAA803FFFFFFFFFFFCAFFF00011D1619BE42B71D40919350
11135B29C73D83014D10D79D1950FDA7BAA903FFFFFFFFFFFCBFFF00011B1619BE42B71D4091A368
11135A29C73A83014710D7BC19510EA77AA803FFFFFFFFFFFCAFFF00011B1619BE42B71D4091A380
11139C29C79A83013A10D81C195152A77AA703FFFFFFFFFFFC9FFF0001261619BE42B71D40919398
1113C629C7D983013610D84A195175A78AA67E2FFFFFFFFFFCAFFF0001211619BE42B71D409193B0
1113A229C7A483013610D7F219514EA78AA73E3FFFFFFFFFFCAFFF0001221619BE42B71D409193C8
11135029C73383013B10D7C3195114A77AA6042FFFFFFFFFFCAFFF0001281619BE42B71D409183E0
11132929C6F483014810D7B5195106A76AA7044FFFFFFFFFFCBFFF00011F1619BE42B71D409183F8
11132E29C70E83014F10D7BD19510FA77AA603FFFFFFFFFFFCBFFF0001291619BE42B71D40918310
11134C29C72D83014110D7BC19510BA79AA6328FFFFFFFFFFCAFFF0001271619BE42B71D40918328
1113B129C7B883013310D7DA195124A78AA7376FFFFFFFFFFCAFFF00010B1619BE42B71D40918340
11139B29C79483013410D7CC195120A77AA703FFFFFFFFFFFCAFFF0001231619BE42B71D40918358
11133029C6FC83013F10D7C3195115A77AA86CEFFFFFFFFFFC9FFF0001251619BE42B71D40918370
11130429C6C783014910D7C4195114A75AA803FFFFFFFFFFFC9FFF0001281619BE42B71D40918388
11130029C6C483014A10D7C4195115A76AA703FFFFFFFFFFFCAFFF0001231619BE42B71D409173A0
11134B29C72183013A10D7D619511FA77AA603FFFFFFFFFFFCAFFF00012A1619BE42B71D409173B8
1113B429C7B583012E10D7DB195125A77AA503FFFFFFFFFFFC9FFF0001151619BE42B71D409173D0
11132F29C70183013910D7C1195111A76AA503FFFFFFFFFFFCAFFF00011F1619BE42B71D409173E8
1112F729C6BA83014A10D7B919510DA75AA5140FFFFFFFFFFCCFFF00011E1619BE42B71D40917300
11131229C6D083014B10D7D119511EA75AA518BFFFFFFFFFFCAFFF0001231619BE42B71D40917318
1112DF29C68783014210D7C6195112A76AA603FFFFFFFFFFFCAFFF00011F1619BE42B71D40917330
11131B29C6DB83013610D7EA195130A78AA703FFFFFFFFFFFC9FFF0001291619BE42B71D40916348
11134829C71B83013210D7E6195130A78AA703FFFFFFFFFFFC9FFF0001281619BE42B71D40916360
11130029C6B583013710D7C4195113A78AA503FFFFFFFFFFFC9FFF0001221619BE42B71D40916378
1112DB29C68883014310D7B4195107A78AA6B87FFFFFFFFFFCAFFF0001201619BF42B71D40916390
1112EF29C69B83014C10D7B919510AA78AA6397FFFFFFFFFFCAFFF0001191619BF42B71D409163A8
1112EE29C69D83014410D79F1950FCA79AA603FFFFFFFFFFFCBFFF0001241619BF42B71D409163C0
1112FC29C6B583013810D7AA195103A78AA703FFFFFFFFFFFCAFFF0001221619BF42B71D409163D8
1112F029C6B483013810D7A01950FEA77AA603FFFFFFFFFFFCAFFF0001221619BF42B71D409163F0
1112F229C6A983013A10D7A21950F7A77AA603FFFFFFFFFFFCAFFF00011B1619BF42B71D40915308
1112EB29C69E83013D10D7901950EDA77AA639EFFFFFFFFFFCAFFF0001221619BF42B71D40916320
1112F829C69F83014510D7C5195114A76AA63EBFFFFFFFFFFCBFFF00011E1619BF42B71D40915338
1112F929C6AB83014510D7C3195113A78AA503FFFFFFFFFFFCBFFF0001231619BF42B71D40915350
1112F429C6A483013910D79F1950FFA77AA633FFFFFFFFFFFCAFFF0001201619BF42B71D40915368
1112E829C69883013910D7931950F3A76AA6399FFFFFFFFFFCAFFF0001171619BF42B71D40915380
1112DC29C68583014010D7CC19511CA78AA603FFFFFFFFFFFCAFFF0001211619BF42B71D40914398
1112D329C67F83014410D7CC195117A78AA6374FFFFFFFFFFCAFFF00011E1619BF42B71D409143B0
1112E429C69183013E10D7CF195115A76AA63CAFFFFFFFFFFCBFFF00011D1619BF42B71D409143C8
1112FB29C6DB83013510D79219510BA76AA603FFFFFFFFFFFCAFFF0001211619BF42B71D409143E0
11130329C6C283013810D7CC195122A75AA540BFFFFFFFFFFCAFFF00011C1619BF42B71D409143F8
1112FE29C6B783014410D7D8195128A74AA544BFFFFFFFFFFCAFFF00011E1619BF42B71D40914310
1112EB29C6A883014510D7CF195121A76AA603FFFFFFFFFFFCAFFF0001121619BF42B71D40914328
1112F829C6B883013E10D7D2195128A77AA643DFFFFFFFFFFCBFFF0001231619BF42B71D40914340
1112F029C6C683013B10D7E719512DA76AA6473FFFFFFFFFFCAFFF0001221619BF42B71D40913358
11130D29C6EB83013A10D7ED195136A77AA603FFFFFFFFFFFC9FFF0001221619BF42B71D40913370
11132729C6CA83013D10D7D919512AA78AA541AFFFFFFFFFFC9FFF0001211619BF42B71D40912388
1112FE29C69E83014010D7CF195122A78AA345BFFFFFFFFFFCAFFF0001201619BF42B71D409133A0
11130C29C6C283013C10D7E419512DA77AA503FFFFFFFFFFFC9FFF00011F1619C042B71D409133B8
11130A29C6CF83013610D7EB195133A76AA648DFFFFFFFFFFC9FFF0001151619C042B71D409123D0
11131A29C6CA83013C10D7DA19512DA77AA64BAFFFFFFFFFFCAFFF00011F1619C042B71D409123E8
1112F829C6AD83014610D7D1195125A77AA703FFFFFFFFFFFC9FFF00011A1619C042B71D40912300
11130929C6C683014210D7FA19513CA78AA7223FFFFFFFFFFC9FFF0001211619C042B71D40912318
11136929C75183013910D808195147A7AAA603FFFFFFFFFFFCBFFF0001161619C042B71D40912330
11137B29C76C83013710D7FC195142A76AA603FFFFFFFFFFFC9FFF0001191619C042B71D40912348
11134529C71C83013A10D7EA195136A75AA7669FFFFFFFFFFC9FFF0001111619C042B71D40912360
11131529C6F383013D10D7E119512FA78AA8443FFFFFFFFFFCAFFF0001201619C042B71D40912378
11133029C70183013C10D7DE19512BA76AA603FFFFFFFFFFFCAFFF0001261619C042B71D40912390
11132229C70583013910D7D5195128A76AA6316FFFFFFFFFFCAFFF0001221619C042B71D409113A8
11133629C70283013D10D7CA19511CA75AA903FFFFFFFFFFFCAFFF0001101619C042B71D409123C0
11134729C72583014610D7501950B9A76AA803FFFFFFFFFFFCAFFF0001121619C042B71D409113D8
11133A29C71C83014510D7601950D9A76AA76E8FFFFFFFFFFC9FFF0001161619C042B71D409113F0
11134429C73083013A10D7B4195102A77AA757CFFFFFFFFFFC9FFF0001181619C042B71D40911308
11137629C75383013110D7A4195106A76AA703FFFFFFFFFFFC9FFF0001241619C042B71D40910320
11137129C74F83013110D78E1950EEA77AA56EAFFFFFFFFFFCCFFF0001231619C042B71D40910338
11136429C75A83013C10D7571950BBA74AA65C4FFFFFFFFFFCBFFF00011D1619C042B71D40910350
11134429C72B83014710D74F1950B4A74AA703FFFFFFFFFFFCAFFF0001181619C042B71D40910368
11134D29C73483014310D75D1950C6A76AA64C6FFFFFFFFFFCBFFF0001161619C042B71D40910380
11137229C76383013910D7701950CEA74AA503FFFFFFFFFFFCBFFF0001161619C042B71D40910398
11135F29C75783013910D7511950BDA76AA503FFFFFFFFFFFCAFFF0001181619C042B71D409103B0
11135529C74183013D10D7451950B0A76AA5987FFFFFFFFFFCAFFF0001151619C042B71D409103C8
11134729C73B83013C10D7441950ACA75AA6907FFFFFFFFFFCBFFF0001201619C142B71D409103E0
11135029C74683013910D74D1950ADA75AA6048FFFFFFFFFFCBFFF0001171619C142B71D409103F8
11135129C74183013710D72E19509EA77AA68CCFFFFFFFFFFCAFFF0001141619C142B71D40910310
11135529C74283013810D72A195099A77AA603FFFFFFFFFFFCAFFF0001161619C142B71D40910328
11134629C72383014110D721195093A76AA60C5FFFFFFFFFFCAFFF00010B1619C142B71D40910340
11133F29C71683014710D72E195098A76AA69A7FFFFFFFFFFCAFFF0001151619C142B71D40910358
11135B29C73B83013D10D7491950B2A76AA603FFFFFFFFFFFCAFFF0001121619C142B71D40910370
11135D29C74F83013210D7611950C0A76AA5217FFFFFFFFFFCAFFF0001151619C142B71D4090E388
11135929C74A83013410D74E1950B0A78AA50E3FFFFFFFFFFCAFFF00011D1619C142B71D4090E3A0
11134929C72D83013A10D73B1950A2A77AA603FFFFFFFFFFFCBFFF0001131619C142B71D4090E3B8
11134029C71B83013D10D73F1950A7A78AA848AFFFFFFFFFFCBFFF0001111619C142B71D4090E3D0
11132C29C71983014010D7491950B3A77AA81A2FFFFFFFFFFCBFFF0001181619C142B71D4090E3E8
11134A29C74183013E10D75C1950BAA78AA803FFFFFFFFFFFCBFFF0001171619C142B71D4090E300
11137929C74683013C10D7561950BCA79AA73F9FFFFFFFFFFCBFFF00010D1619C142B71D4090E318
11135229C73783013910D75D1950BBA77AA64BBFFFFFFFFFFCAFFF0001141619C142B71D4090E330
11135E29C73583013810D75D1950BAA75AA73F4FFFFFFFFFFC9FFF0001161619C142B71D4090E348
11133429C71383013910D74D1950B4A74AA744AFFFFFFFFFFCAFFF0001131619C142B71D4090E360
11132529C6FF83013910D7501950B7A75AA7192FFFFFFFFFFCBFFF00011E1619C142B71D4090D378
11131529C6F683013710D75E1950BEA74AA603FFFFFFFFFFFCAFFF00011E1619C142B71D4090D390
11131A29C6F783013610D7711950C4A75AA738BFFFFFFFFFFCAFFF00010F1619C142B71D4090C3A8
11131129C6DE83013910D77D1950D2A79AA815CFFFFFFFFFFC9FFF00010E1619C142B71D4090D3C0
11130829C6D083014010D7711950CEA7AAA803FFFFFFFFFFFC9FFF0001051619C142B71D4090C3D8
11130729C6D083014310D76D1950CDA79AA754DFFFFFFFFFFCAFFF0001141619C242B71D4090C3F0
11130B29C6D583013910D7761950D2A7AAA81DEFFFFFFFFFFCAFFF00011C1619C242B71D4090C308
11131429C6DC83013010D76B1950CFA7AAA803FFFFFFFFFFFCAFFF0001171619C242B71D4090C320
11131729C6DF83013210D77B1950D5A78AA85E9FFFFFFFFFFCAFFF00011C1619C242B71D4090C338
11130529C6CA83013810D76C1950CBA78AA720BFFFFFFFFFFCAFFF0001161619C242B71D4090C350
11130E29C6D383013D10D75D1950BFA79AA804FFFFFFFFFFFCAFFF0001071619C242B71D4090B368
11130C29C6CF83013E10D7611950C3A77AA985AFFFFFFFFFFC9FFF00010A1619C242B71D4090C380
11130F29C6D483013D10D7671950C9A79AA95FCFFFFFFFFFFC9FFF00010D1619C242B71D4090C398
11130629C6CD83013D10D76B1950C6A78AA8453FFFFFFFFFFC9FFF00010C1619C242B71D4090C3B0
11130429C6D383013D10D7681950C4A79AA793BFFFFFFFFFFCCFFF00011B1619C242B71D4090B3C8
11131229C6DC83013310D76E1950CAA78AA629DFFFFFFFFFFC8FFF00011D1619C242B71D4090B3E0
11132429C6F483012A10D7721950D2A76AA606FFFFFFFFFFFCAFFF00011A1619C242B71D4090B3F8
11132029C6EB83013110D7681950CEA77AA7A43FFFFFFFFFFCAFFF00010E1619C242B71D4090A310
11130129C6C683014210D75F1950C3A78AA82D0FFFFFFFFFFCAFFF0001031619C242B71D4090A328
11130129C6CC83014B10D7681950CAA79AA70BDFFFFFFFFFFCAFFF00010C1619C242B71D4090A340
11130729C6BF83014210D76E1950CCA79AA83B6FFFFFFFFFFCAFFF00010B1619C242B71D4090B358
11131029C6D783013110D76E1950CCA78AA903FFFFFFFFFFFCAFFF0001171619C242B71D4090B370
11132929C70483012810D7801950D5A78AA80C4FFFFFFFFFFC9FFF0001171619C242B71D4090A388
11130829C6C883013210D7521950B8A77AA73D4FFFFFFFFFFC9FFF0001151619C242B71D4090A3A0
1112E129C69783014010D7511950B6A77AA703FFFFFFFFFFFCAFFF0001141619C242B71D4090A3B8
1112DF29C69783013F10D75B1950BEA78AA60BDFFFFFFFFFFCAFFF0001071619C242B71D4090A3D0
1112F329C6AE83013710D75D1950C0A76AA43BCFFFFFFFFFFCAFFF00010C1619C242B71D4090A3E8
1112D829C68E83013A10D75E1950C3A76AA43C4FFFFFFFFFFCAFFF00010E1619C342B71D4090A300
1112D029C67A83013D10D7601950C2A77AA5521FFFFFFFFFFCAFFF00010A1619C342B71D40909318
1112E929C6A283013510D7671950C5A77AA650CFFFFFFFFFFCAFFF0001141619C342B71D40909330
1112FE29C6C983013110D7621950C3A78AA603FFFFFFFFFFFCAFFF0001121619C342B71D40909348
1112F029C6A983013810D7601950C3A77AA603FFFFFFFFFFFCAFFF0001071619C342B71D4090A360
1112E729C69E83013D10D75D1950BFA77AA703FFFFFFFFFFFCAFFF0001111619C342B71D40908378
1112FC29C6C183013C10D75F1950C3A77AA70C2FFFFFFFFFFCAFFF0001121619C342B71D40908390
1112FC29C6C183013810D7601950C2A77AA7103FFFFFFFFFFCBFFF00010A1619C342B71D409083A8
11130029C6BE83013210D7691950C6A77AA803FFFFFFFFFFFC9FFF00010A1619C342B71D409083C0
1112FD29C6B883013410D7531950B9A76AA803FFFFFFFFFFFCAFFF0001091619C342B71D409083D8
1112EF29C6A983013F10D7561950BBA77AA903FFFFFFFFFFFCBFFF00010F1619C342B71D409083F0
1112EA29C6A983013F10D7581950BEA78AA603FFFFFFFFFFFCBFFF0001151619C342B71D40908308
11130829C6C783012E10D76D1950C9A78AA584EFFFFFFFFFFCBFFF0001131619C342B71D40908320
11130829C6D183012B10D7701950D1A77AA603FFFFFFFFFFFCBFFF00010A1619C342B71D40908338
1112F829C6B783013C10D7561950BBA77AA603FFFFFFFFFFFCAFFF0000FF1619C342B71D40908350
1112FC29C6BC83014510D75E1950C2A77AA73CFFFFFFFFFFFCAFFF00010C1619C342B71D40908368
11130229C6C483013C10D75A1950BDA77AA645CFFFFFFFFFFCAFFF00010B1619C342B71D40908380
11130829C6C983013210D7531950B8A77AA503FFFFFFFFFFFCAFFF0001111619C342B71D40907398
11130E29C6CF83013010D7611950C1A74AA61CEFFFFFFFFFFCAFFF0001061619C342B71D409073B0
11130E29C6D583013210D7541950BBA74AA7259FFFFFFFFFFC9FFF0001011619C342B71D409063C8
11131529C6DB83013910D74E1950B2A77AA803FFFFFFFFFFFCAFFF0001071619C342B71D409073E0
11130A29C6D283013E10D74C1950B3A76AA903FFFFFFFFFFFCAFFF00010C1619C342B71D409073F8
11131329C6DB83013910D7591950BAA77AA903FFFFFFFFFFFCAFFF00010F1619C442B71D40906310
11131829C6DE83013410D7591950BFA77AA903FFFFFFFFFFFCAFFF0001081619C442B71D40906328
11131429C6DB83013510D7531950BBA76AA803FFFFFFFFFFFCAFFF0001061619C442B71D40906340
11131329C6D983013610D75C1950C0A77AA703FFFFFFFFFFFCAFFF00010B1619C442B71D40906358
11131129C6D583013610D75E1950C2A76AA703FFFFFFFFFFFCAFFF0001061619C442B71D40906370
11130929C6C883013A10D75F1950BFA75AA803FFFFFFFFFFFCAFFF0001051619C442B71D40906388
11130929C6D183013E10D7591950BCA77AA703FFFFFFFFFFFCAFFF0001021619C442B71D409063A0
11130629C6CA83013910D75A1950BEA78AA903FFFFFFFFFFFCAFFF0001081619C442B71D409063B8
11131829C6E283012F10D75F1950BCA78AA83F5FFFFFFFFFFC9FFF0001111619C442B71D409063D0
11132329C6F083012C10D75B1950B9A78AA7489FFFFFFFFFFCAFFF0001041619C442B71D409063E8
11130A29C6D083013410D74F1950B4A77AA603FFFFFFFFFFFCAFFF0001061619C442B71D40906300
11130B29C6D083013E10D7481950AEA7AAA403FFFFFFFFFFFCAFFF0000FB1619C442B71D40905318
11130B29C6D283013F10D74B1950B4A7BAA403FFFFFFFFFFFCAFFF0001071619C442B71D40905330
11130A29C6D383013610D7591950BAA7AAA603FFFFFFFFFFFCAFFF0001051619C442B71D40905348
11130A29C6D983013010D75C1950B9A79AA603FFFFFFFFFFFCAFFF0001081619C442B71D40905360
11130D29C6D883013010D7401950ADA79AA5250FFFFFFFFFFCAFFF00010C1619C442B71D40904378
11130529C6CC83013410D7401950A8A78AA603DFFFFFFFFFFC9FFF0001081619C442B71D40904390
1112FD29C6C283013910D73C1950A4A77AA603FFFFFFFFFFFC9FFF0000FA1619C442B71D409043A8
11130A29C6CA83013D10D7351950A2A77AA603FFFFFFFFFFFCAFFF0000F81619C442B71D409043C0
11130129C6C483013C10D73B1950A2A78AA603FFFFFFFFFFFCAFFF0001051619C442B71D409043D8
1112F629C6BE83013610D7471950ACA79AA7479FFFFFFFFFFCAFFF0001041619C442B71D409043F0
11130D29C6CD83012D10D7541950B4A78AA7505FFFFFFFFFFCAFFF0001061619C442B71D40904308
11131029C6D883012B10D75C1950BAA77AA603FFFFFFFFFFFCAFFF0001081619C442B71D40904320
1112F529C6B483013610D73B1950AAA77AA648EFFFFFFFFFFC9FFF0001011619C442B71D40904338
11130229C6C683014110D7351950A6A77AA7519FFFFFFFFFFC9FFF0000F81619C442B71D40904350
11130129C6BE83014110D73D1950ABA77AA803FFFFFFFFFFFCAFFF0001031619C542B71D40903368
11130429C6C583013710D73B1950A8A77AA903FFFFFFFFFFFCCFFF0001071619C542B71D40903380
11130329C6C783013010D74D1950B2A78AA84BBFFFFFFFFFFCBFFF0001081619C542B71D40903398
11130229C6C283012E10D7461950AEA7AAA603CFFFFFFFFFFCBFFF0000FE1619C542B71D409033B0
1112FE29C6C283013510D7391950A9A7BAA703FFFFFFFFFFFCBFFF0001031619C542B71D409033C8
1112FF29C6C083013D10D73E1950ACA7AAA703FFFFFFFFFFFCAFFF0001041619C542B71D409023E0
11130129C6C183013A10D7411950ACA77AA703FFFFFFFFFFFC9FFF0000FD1619C542B71D409023F8
11130529C6C883013110D73F1950ABA76AA703FFFFFFFFFFFC9FFF0001031619C542B71D40902310
11130529C6C483013110D7411950AFA78AA803FFFFFFFFFFFCAFFF0000FF1619C542B71D40902328
1112FF29C6BF83013A10D7411950AEA79AA803FFFFFFFFFFFCAFFF0001001619C542B71D40902340
1112FD29C6BD83013C10D7401950ACA78AA803FFFFFFFFFFFCAFFF0000F41619C542B71D40902358
11130229C6C083013510D7431950ADA77AA603FFFFFFFFFFFCAFFF0001061619C542B71D40902370
11130329C6BF83013110D74A1950AFA78AA703FFFFFFFFFFFCBFFF0001041619C542B71D40902388
1112EC29C6A683013510D7441950ADA79AA741DFFFFFFFFFFCAFFF0000F91619C542B71D409023A0
1112ED29C6A383013810D7421950AEA79AA64C5FFFFFFFFFFCAFFF0001001619C542B71D409023B8
1112F529C6AA83013710D7421950ADA78AA603FFFFFFFFFFFCAFFF0000FB1619C542B71D409023D0
1112ED29C6AB83013410D7451950ADA78AA62FFFFFFFFFFFFCAFFF0000FE1619C542B71D409013E8
1112EB29C6A783013310D7421950ADA76AA63B6FFFFFFFFFFCAFFF0000F51619C542B71D40901300
1112E429C69983013810D73C1950A8A75AA703FFFFFFFFFFFCBFFF0000FF1619C542B71D40902318
1112DB29C68C83013E10D73E1950ABA75AA703FFFFFFFFFFFCBFFF0001041619C542B71E40901330
1112E629C69E83013510D7461950AEA75AA803FFFFFFFFFFFCBFFF0000FF1619C542B71E40900348
11131029C6D183012D10D74C1950B5A75AA703FFFFFFFFFFFCAFFF0001021619C542B71E40900360
11130429C6CD83013010D7451950B0A77AA803FFFFFFFFFFFCAFFF0000EC1619C542B71D40900378
1112EF29C6AA83013A10D73D1950ACA77AA7252FFFFFFFFFFCAFFF0000F71619C642B71D40900390
1112DC29C69183014010D73E1950ACA77AA803EFFFFFFFFFFCAFFF0000F91619C642B71E409003A8
1112DD29C69383013A10D73F1950ABA77AA903FFFFFFFFFFFCBFFF0000F81619C642B71E409003C0
1112ED29C6A783012D10D7431950AEA76AA803FFFFFFFFFFFCBFFF0000FE1619C642B71E409003D8
1112F829C6B383012910D7461950B0A79AA703FFFFFFFFFFFCAFFF0001061619C642B71E409003F0
1112E529C69A83013010D73C1950A9A79AA746CFFFFFFFFFFC9FFF0001001619C642B71E40900308
1112DD29C68A83013F10D7361950A5A76AA7517FFFFFFFFFFC9FFF0000F71619C642B71E408FF320
1112E029C69683014510D7361950A5A75AA603FFFFFFFFFFFCAFFF0000EF1619C642B71E40900338
1112E029C69383013810D73E1950A8A74AA603FFFFFFFFFFFCAFFF0000FA1619C642B71E40900350
1112F229C6AC83012810D74E1950B2A75AA703FFFFFFFFFFFCAFFF0001001619C642B71E40900368
1112ED29C6AB83012710D7441950B1A74AA603FFFFFFFFFFFC9FFF0001031619C642B71E40900380
1112E529C69C83013310D7381950A5A73AA603FFFFFFFFFFFCAFFF0000F91619C642B71E408FF398
1112E529C69A83013A10D7381950A4A74AA84B9FFFFFFFFFFCAFFF0000FD1619C642B71E409003B0
1112E729C69E83013D10D73B1950A7A75AA703EFFFFFFFFFFCAFFF0000F71619C642B71E408FF3C8
1112EA29C6A383013A10D7381950A4A78AA503FFFFFFFFFFFCAFFF0000F61619C642B71E408FF3E0
1112F129C6A683013210D7341950A4A79AA403FFFFFFFFFFFCBFFF0000FB1619C642B71E408FF3F8
1112EA29C6A483012D10D73B1950A6A79AA503FFFFFFFFFFFCAFFF0000FA1619C642B71E408FE310
1112E929C69F83013210D7371950A4A79AA603FFFFFFFFFFFC9FFF0000FA1619C642B71E408FE328
1112F029C6AA83013810D7391950A6A79AA7044FFFFFFFFFFC9FFF0000FD1619C642B71E408FE340
1112FC29C6BD83013810D7381950A6A78AA80C9FFFFFFFFFFCAFFF0000EF1619C642B71E408FE358
1112EF29C6AE83013410D7371950A4A78AA703FFFFFFFFFFFCAFFF0000FD1619C642B71E408FE370
1112F129C6AB83012F10D73C1950A6A77AA803FFFFFFFFFFFCAFFF0000F21619C642B71E408FE388
1112F329C6B483013210D73B1950A6A79AA703FFFFFFFFFFFCBFFF0000F81619C642B71E408FE3A0
1112FA29C6BF83013A10D7401950AAA76AA703FFFFFFFFFFFCAFFF0000F01619C742B71E408FE3B8
11130229C6C783013A10D73F1950AAA76AA775AFFFFFFFFFFCAFFF0000F81619C742B71E408FE3D0
1112FA29C6BC83013010D73F1950A8A77AA8041FFFFFFFFFFCAFFF0000FC1619C742B71E408FE3E8
1112FA29C6BE83012D10D7421950A9A77AA703FFFFFFFFFFFCAFFF0000FB1619C742B71E408FE300
11130229C6C783013510D73F1950AAA7AAA803FFFFFFFFFFFCAFFF0000E81619C742B71E408FD318
11130629C6CE83013A10D73F1950ABA7AAA703FFFFFFFFFFFCAFFF0000F71619C742B71E408FD330
11130329C6C683013310D7401950ABA79AA903FFFFFFFFFFFCAFFF0000F91619C742B71E408FD348
11130029C6C883012E10D7401950AAA7AAA8079FFFFFFFFFFCAFFF0000FB1619C742B71E408FD360
11130529C6CE83013210D7421950AAA79AA72D9FFFFFFFFFFC9FFF0000FB1619C742B71E408FC378
11130529C6C883013410D7411950ACA77AA703FFFFFFFFFFFCAFFF0000EF1619C742B71E408FC390
11130029C6C283013810D7431950AFA79AA703FFFFFFFFFFFCBFFF0000EC1619C742B71E408FC3A8
1112FE29C6C183013B10D7441950AEA78AA603FFFFFFFFFFFCAFFF0000F41619C742B71E408FC3C0
11130129C6C283013610D7451950AFA77AA744EFFFFFFFFFFC9FFF0000EE1619C742B71E408FC3D8
11130029C6C683012C10D7431950ABA75AA7D8DFFFFFFFFFFC9FFF0000F81619C742B71E408FC3F0
11130029C6C683012B10D7421950ADA74AA8043FFFFFFFFFFC9FFF0000F01619C742B71E408FC308
1112FF29C6C383013310D7491950B2A73AA703FFFFFFFFFFFCBFFF0000F71619C742B71E408FC320
1112FD29C6C683013B10D7481950B3A74AA803FFFFFFFFFFFC9FFF0000F61619C742B71E408FC338
1112FD29C6C383013B10D7491950B3A77AA803FFFFFFFFFFFCAFFF0000F51619C742B71E408FC350
11130129C6C483013210D7491950B2A77AA703FFFFFFFFFFFCAFFF0000F41619C742B71E408FB368
11130029C6C783012D10D7461950B1A75AA60DFFFFFFFFFFFCAFFF0000E51619C742B71E408FC380
11130029C6C783013210D7451950B0A74AA74DBFFFFFFFFFFC9FFF0000F01619C742B71E408FB398
1112FD29C6C383013910D7471950B2A75AA703FFFFFFFFFFFC9FFF0000EE1619C742B71E408FB3B0
1112FF29C6C583013410D7411950AFA78AA7053FFFFFFFFFFCAFFF0000FA1619C742B71E408FB3C8
11130329C6C883012B10D73C1950AAA79AA7048FFFFFFFFFFCAFFF0000F91619C842B71E408FB3E0
11130429C6C683012C10D7411950ACA78AA903FFFFFFFFFFFCAFFF0000EB1619C842B71E408FA3F8
11130029C6C583013610D7461950B3A7AAA803FFFFFFFFFFFCAFFF0000EF1619C842B71E408FA310
11130429C6CE83013D10D74A1950B4A7AAA903FFFFFFFFFFFCAFFF0000EF1619C842B71E408FA328
11130529C6CC83013910D7461950B3A7AAA7141FFFFFFFFFFCBFFF0000EB1619C842B71E408FA340
11130829C6D383013010D7461950B3A79AA8634FFFFFFFFFFCAFFF0000F81619C842B71E408FA358
11131529C6DC83012910D7411950AFA78AA603FFFFFFFFFFFC9FFF0000F71619C842B71E408FA370
11130D29C6D983012C10D7461950B2A77AA503FFFFFFFFFFFC9FFF0000EE1619C842B71E408FA388
11130E29C6D783013910D7491950B3A74AA603FFFFFFFFFFFCAFFF0000E91619C842B71E408FA3A0
11130F29C6DE83013B10D74A1950B3A77AA650BFFFFFFFFFFCAFFF0000F01619C842B71E408FA3B8
11130F29C6DD83013010D7491950B3A78AA75CCFFFFFFFFFFCAFFF0000EE1619C842B71E408FA3D0
11131029C6DF83012B10D7471950B4A79AA7228FFFFFFFFFFCAFFF0000EE1619C842B71E408FA3E8
11131229C6E183012E10D74A1950B2A7AAA8109FFFFFFFFFFCBFFF0000F21619C842B71E408FA300
11130E29C6DA83013810D74D1950B6A7AAA803FFFFFFFFFFFCAFFF0000ED1619C842B71E408F9318
11130C29C6D683013C10D74E1950B7A78AA703FFFFFFFFFFFC9FFF0000ED1619C842B71E408F9330
11131129C6DD83013210D74A1950B5A78AA603FFFFFFFFFFFC9FFF0000E81619C842B71E408F9348
11131129C6DE83012C10D7481950B5A77AA6206FFFFFFFFFFCAFFF0000F31619C842B71E408F9360
11130E29C6D983013110D74E1950B7A76AA7857FFFFFFFFFFCBFFF0000F31619C842B71E408F9378
11130E29C6D883013610D7521950BAA76AA803FFFFFFFFFFFCAFFF0000E91619C842B71E408F8390
11130F29C6DC83013310D7511950B9A77AA703FFFFFFFFFFFCAFFF0000E51619C842B71E408F93A8
11130E29C6DE83013010D7501950B9A76AA603FFFFFFFFFFFCBFFF0000EB1619C842B71E408F93C0
11130829C6CF83013410D7531950BBA74AA703FFFFFFFFFFFCBFFF0000E31619C842B71E408F83D8
11130529C6CE83013A10D7531950BCA74AA603FFFFFFFFFFFCAFFF0000ED1619C942B71E408F83F0
11130D29C6D483013410D7551950BAA75AA640DFFFFFFFFFFC9FFF0000E31619C942B71E408F8308
11131329C6E283012610D75C1950C1A76AA65FBFFFFFFFFFFCAFFF0000F61619C942B71E408F8320
11131929C6E683012410D75E1950C2A76AA8560FFFFFFFFFFCAFFF0000F21619C942B71E408F8338
11130429C6CB83013310D7591950BEA77AA903FFFFFFFFFFFCAFFF0000E31619C942B71E408F8350
11130329C6D083013C10D75A1950C0A76AA803FFFFFFFFFFFCAFFF0000E21619C942B71E408F8368
11130729C6D183013810D75E1950C2A77AA803FFFFFFFFFFFCAFFF0000EA1619C942B71E408F8380
11130629C6CE83013110D75F1950C3A78AA703FFFFFFFFFFFCAFFF0000E81619C942B71E408F7398
11130F29C6DB83012910D75D1950C1A77AA7186FFFFFFFFFFCAFFF0000ED1619C942B71E408F73B0
11131129C6D483012710D7601950C3A76AA703FFFFFFFFFFFCAFFF0000F51619C942B71E408F73C8
11130729C6CF83012B10D76A1950CBA75AA703FFFFFFFFFFFC9FFF0000F01619C942B71E408F73E0
11130829C6D183013310D7661950C5A77AA703FFFFFFFFFFFC9FFF0000E11619C942B71E408F73F8
11130429C6D083013A10D75E1950C3A7AAA603FFFFFFFFFFFC9FFF0000E71619C942B71E408F7310
11130829C6CF83013610D75C1950C1A79AA6617FFFFFFFFFFCAFFF0000EB1619C942B71E408F7328
11130B29C6D983012B10D75B1950C2A77AA626EFFFFFFFFFFC9FFF0000E91619C942B71E408F6340
11131829C6DB83012310D76F1950CEA78AA603FFFFFFFFFFFC9FFF0000F31619C942B71E408F7358
11131129C6E283012610D75F1950C3A7AAA503FFFFFFFFFFFC9FFF0000E91619C942B71E408F6370
11130A29C6D583013010D75E1950C1A79AA6485FFFFFFFFFFC9FFF0000ED1619C942B71E408F6388
11130329C6CE83013910D7611950C4A78AA8574FFFFFFFFFFC9FFF0000DF1619C942B71E408F63A0
11130729C6D083013810D7621950C4A77AA903FFFFFFFFFFFC9FFF0000E01619C942B71E408F63B8
11130729C6D283012F10D7641950C2A77AA83E0FFFFFFFFFFC9FFF0000ED1619C942B71E408F63D0
11130D29C6D983012610D75B1950C0A78AA803FFFFFFFFFFFC9FFF0000F11619CA42B71F408F63E8
11130B29C6D383012310D75E1950C0A79AA803FFFFFFFFFFFCAFFF0000EF1619CA42B71E408F6300
1112FF29C6C583012D10D7641950C6A79AA903FFFFFFFFFFFCAFFF0000E11619CA42B71E408F6318
1112F429C6B583013A10D76A1950CCA78AAA03FFFFFFFFFFFC9FFF0000DF1619CA42B71E408F5330
1112F229C6B283013810D7691950C9A78AA803FFFFFFFFFFFC9FFF0000E81619CA42B71E408F6348
1112F929C6C083012B10D75D1950C0A77AA703FFFFFFFFFFFCBFFF0000E51619CA42B71F408F5360
11130129C6C883012210D7731950CBA77AA703FFFFFFFFFFFCAFFF0000F01619CA42B71F408F5378
1112F429C6B583012510D7641950C7A77AA703FFFFFFFFFFFC9FFF0000E71619CA42B71F408F4390
1112ED29C6AA83013110D7601950C3A77AA603FFFFFFFFFFFCAFFF0000E91619CA42B71F408F53A8
1112F529C6B783013710D7611950C3A76AA603FFFFFFFFFFFCAFFF0000D61619CA42B71F408F53C0
1112F329C6B383013410D7621950C3A76AA703FFFFFFFFFFFCAFFF0000E41619CA42B71F408F43D8
1112F029C6B083013010D7581950BFA79AA89E7FFFFFFFFFFC9FFF0000D61619CA42B71F408F43F0
1112ED29C6AD83012D10D7551950BFA79AA75B2FFFFFFFFFFC9FFF0000E91619CA42B71F408F4308
1112EA29C6A783012B10D7581950BEA78AA703FFFFFFFFFFFC8FFF0000ED1619CA42B71F408F4320
1112D729C68A83012910D7581950BDA78AA703FFFFFFFFFFFC9FFF0000E71619CA42B71F408F4338
1112D329C68B83012C10D7541950BBA77AA603FFFFFFFFFFFC9FFF0000E61619CA42B71F408F4350
1112C629C67383013010D7571950BEA77AA703FFFFFFFFFFFC9FFF0000E91619CA42B71F408F4368
1112C429C67383013210D75D1950BFA78AA7102FFFFFFFFFFC9FFF0000D91619CA42B71F408F4380
1112C129C66B83013310D75B1950BFA76AA7188FFFFFFFFFFC8FFF0000D61619CA42B71F408F4398
1112C529C67383013210D7551950B8A75AA703FFFFFFFFFFFCAFFF0000E11619CA42B71F408F43B0
1112D329C68A83012D10D75A1950BEA76AA603FFFFFFFFFFFCAFFF0000E31619CB42B71F408F43C8
1112C729C67B83012510D75D1950C2A76AA503FFFFFFFFFFFCBFFF0000F01619CB42B71F408F43E0
1112D929C68D83012210D76C1950C9A76AA503FFFFFFFFFFFCAFFF0000EF1619CB42B71F408F33F8
1112CC29C67983012A10D7521950B9A75AA4949FFFFFFFFFFCAFFF0000E31619CB42B71F408F3310
1112B929C66283013B10D720195094A76AA403FFFFFFFFFFFCAFFF0000CF1619CB42B71F408F3328
1112BE29C66A83013D10D7391950A5A7AAA603FFFFFFFFFFFCAFFF0000DD1619CB42B71F408F3340
1112CD29C67D83012C10D7471950B1A7BAA703FFFFFFFFFFFCAFFF0000DE1619CB42B71F408F3358
1112E429C69983012510D7471950B4A78AA703FFFFFFFFFFFCBFFF0000E31619CB42B71F408F2370
1112D829C68283012B10D73F1950A9A78AA503FFFFFFFFFFFCAFFF0000E41619CB42B71F408F2388
1112D329C68283012C10D7371950A7A78AA4216FFFFFFFFFFCAFFF0000EF1619CB42B71F408F23A0
1112DF29C69683012510D7351950A3A79AA62FFFFFFFFFFFFC9FFF0000ED1619CB42B71F408F23B8
1112D729C68983012710D72919509AA77AA603FFFFFFFFFFFC9FFF0000DB1619CB42B71F408F23D0
1112B929C65C83013310D720195091A78AA603FFFFFFFFFFFCAFFF0000D91619CB42B71F408F23E8
1112AD29C65683013B10D7391950A2A77AA603FFFFFFFFFFFC9FFF0000D81619CB42B71F408F2300
1112BD29C66F83013710D7331950A0A76AA703FFFFFFFFFFFCAFFF0000D81619CB42B71F408F2318
1112E129C69983012710D73219509DA77AA703FFFFFFFFFFFCAFFF0000E91619CB42B71F408F2330
11131429C6DA83011E10D74C1950B1A78AA80E9FFFFFFFFFFC9FFF0000EC1619CB42B71F408F2348
1112DD29C69A83012410D724195095A77AA8040FFFFFFFFFFC9FFF0000EC1619CB42B71F408F2360
1112AA29C64E83013110D72D19509BA78AA703FFFFFFFFFFFCAFFF0000E61619CB42B71F408F1378
11129F29C64B83013410D7301950A0A78AA703FFFFFFFFFFFCAFFF0000CD1619CB42B71F408F2390
1112A829C64983013310D72B19509CA7AAA703FFFFFFFFFFFCAFFF0000D71619CB42B71F408F13A8
1112A829C64583013210D723195094A7AAA835CFFFFFFFFFFCAFFF0000DA1619CC42B71F408F13C0
1112BB29C66183012D10D725195094A78AA6476FFFFFFFFFFCBFFF0000E21619CC42B71F408F13D8
1112D229C67D83012510D722195093A78AA503FFFFFFFFFFFCAFFF0000E91619CC42B71F408F13F0
1112CA29C67483012510D725195095A78AA603FFFFFFFFFFFCAFFF0000EA1619CC42B71F408F0308
1112BE29C66A83012910D72919509AA7AAA703FFFFFFFFFFFCAFFF0000E81619CC42B71F408F1320
1112B729C65D83012E10D72B19509AA7AAA603FFFFFFFFFFFC9FFF0000E21619CC42B71F408F0338
1112B729C65B83013410D72F19509AA78AA503FFFFFFFFFFFC9FFF0000DB1619CC42B71F408F0350
1112B829C66183013410D722195097A78AA5346FFFFFFFFFFCAFFF0000CE1619CC42B71F408F0368
1112C429C66883013110D711195092A76AA6044FFFFFFFFFFC9FFF0000D91619CC42B71F408F0380
1112BD29C66383012F10D730195099A78AA503FFFFFFFFFFFCAFFF0000D81619CC42B71F408F0398
1112C429C66D83012510D73A1950A2A7BAA503FFFFFFFFFFFCBFFF0000E71619CC42B71F408F03B0
1112CA29C67883011C10D7401950A6A78AA603FFFFFFFFFFFCAFFF0000E91619CC42B71F408F03C8
1112CC29C67983012410D729195097A77AA64CFFFFFFFFFFFC9FFF0000E51619CC42B71F408F03E0
1112C229C67283013410D71B19508DA7AAA75E8FFFFFFFFFFC9FFF0000D51619CC42B71F408F03F8
1112BF29C66783013B10D72A19509AA79AA803FFFFFFFFFFFC9FFF0000D71619CC42B71F408F0310
1112C529C67283013610D7331950A1A75AA803FFFFFFFFFFFCAFFF0000D61619CC42B71F408F0328
1112CF29C67D83012A10D720195093A74AA703FFFFFFFFFFFCAFFF0000D21619CC42B71F408F0340
1112D629C68E83012410D73519509EA74AA603FFFFFFFFFFFCBFFF0000D81619CC42B71F408F0358
1112CD29C67E83012910D727195093A75AA603FFFFFFFFFFFCBFFF0000E51619CC42B71F408F0370
1112CB29C67983012A10D729195095A77AA503FFFFFFFFFFFCAFFF0000DC1619CC42B71F408F0388
1112CB29C67D83012710D73519509AA79AA64F4FFFFFFFFFFCAFFF0000E01619CC42B71F408EE3A0
1112C429C66D83012D10D72019508FA78AA6615FFFFFFFFFFCAFFF0000D31619CC42B71F408EE3B8
1112BC29C66783013410D70B19507EA79AA60F2FFFFFFFFFFC9FFF0000D71619CD42B71F408EE3D0
1112C129C66883013110D711195087A79AA703FFFFFFFFFFFCAFFF0000D71619CD42B71F408EE3E8
1112CA29C67583012B10D71B19508EA77AA603FFFFFFFFFFFCBFFF0000D21619CD42B71F408EE300
1112CF29C67983012C10D71519508DA76AA703FFFFFFFFFFFCBFFF0000DF1619CD42B71F408EE318
1112CF29C67C83012A10D720195096A77AA703FFFFFFFFFFFCAFFF0000DB1619CD42B71F408EE330
1112D129C68783012510D71E19509BA78AA803FFFFFFFFFFFC9FFF0000E31619CD42B71F408EE348
1112D129C68383012610D71019508DA77AA503FFFFFFFFFFFC9FFF0000DE1619CD42B71F408EE360
1112C829C67383012910D70F195083A78AA6055FFFFFFFFFFC9FFF0000DA1619CD42B71F408EE378
1112AE29C65783012D10D70D195081A7AAA6255FFFFFFFFFFC9FFF0000CD1619CD42B71F408EE390
1112A029C63E83013210D70819507FA7BAA6858FFFFFFFFFFC9FFF0000D41619CD42B71F408EE3A8
1112A629C64083013410D712195085A79AA6054FFFFFFFFFFC9FFF0000D81619CD42B71F408EE3C0
1112B429C65883013110D723195091A78AA703FFFFFFFFFFFCAFFF0000D71619CD42B71F408EE3D8
1112C629C66F83012310D720195092A78AA703FFFFFFFFFFFCBFFF0000E31619CD42B71F408ED3F0
1112C729C67583011B10D726195098A78AA803FFFFFFFFFFFCAFFF0000E01619CD42B71F408EE308
1112C129C66883012510D70E195081A7AAA803FFFFFFFFFFFC9FFF0000CA1619CD42B71F408ED320
1112AE29C65083013510D70C195084A7AAA7080FFFFFFFFFFC9FFF0000D11619CD42B71F408ED338
1112B929C66083013910D71619508BA7AAA63C1FFFFFFFFFFC9FFF0000D41619CD42B71F408ED350
1112BC29C66483013310D72A195098A7CAA603FFFFFFFFFFFC9FFF0000C71619CD42B71F408EC368
1112C729C66E83012610D72219508FA7BAA70E0FFFFFFFFFFC9FFF0000DA1619CD42B71F408EC380
1112D429C68583011D10D71E195091A77AA75ACFFFFFFFFFFCAFFF0000DB1619CD42B71F408EC398
1112C629C67383012410D71919508BA76AA803FFFFFFFFFFFC9FFF0000DC1619CD42B71F408EC3B0
1112A729C64B83012E10D71B19508DA79AA8113FFFFFFFFFFCAFFF0000DA1619CD42B71F408EC3C8
1112A729C64983013110D71A19508DA7BAA8669FFFFFFFFFFCBFFF0000CE1619CE42B71F408EC3E0
1112AC29C64E83013210D716195088A78AA8506FFFFFFFFFFCAFFF0000D41619CE42B71F408EC3F8
1112B329C65B83013010D70C195082A78AA8749FFFFFFFFFFCAFFF0000CF1619CE42B71F408EC310
1112C129C66783012B10D71319508AA79AA7729FFFFFFFFFFCAFFF0000CA1619CE42B71F408EC328
1112C529C67383012710D71619508BA79AA703FFFFFFFFFFFCAFFF0000D71619CE42B71F408EC340
1112CB29C67383012810D71E19508FA79AA6145FFFFFFFFFFCAFFF0000D91619CE42B71F408EC358
1112C929C67D83012A10D723195091A79AA7711FFFFFFFFFFCAFFF0000D11619CE42B71F408EC370
1112C729C67583012B10D71F19508EA77AA703FFFFFFFFFFFCAFFF0000D81619CE42B71F408EB388
1112CA29C67783012910D727195094A79AA7254FFFFFFFFFFCAFFF0000CD1619CE42B71F408EC3A0
1112C329C66E83012C10D720195091A7AAA6045FFFFFFFFFFCBFFF0000D21619CE42B71F408EB3B8
1112B529C65683013010D71619508BA77AA603FFFFFFFFFFFC9FFF0000CA1619CE42B71F408EB3D0
1112C529C66E83012B10D721195093A79AA72D8FFFFFFFFFFCAFFF0000CD1619CE42B71F408EB3E8
1112C029C66983012810D723195092A77AA7047FFFFFFFFFFCAFFF0000C61619CE42B71F408EB300
1112BD29C66383012C10D71419508AA78AA603FFFFFFFFFFFCAFFF0000D01619CE42B720408EB318
1112BF29C66A83012C10D70C195088A7AAA6403FFFFFFFFFFC9FFF0000C41619CE42B71F408EA330
1112C529C66F83012A10D71219508EA79AA604BFFFFFFFFFFCAFFF0000D21619CE42B71F408EA348
1112BD29C66483012D10D70C195083A78AA703FFFFFFFFFFFCBFFF0000D01619CE42B71F408EA360
1112BD29C66083012E10D6F6195076A7AAA866EFFFFFFFFFFCAFFF0000C81619CE42B71F408EA378
1112C329C66B83012B10D6F0195075A7AAAA054FFFFFFFFFFCAFFF0000D21619CE42B720408EA390
1112C129C66A83012D10D703195073A79AA903FFFFFFFFFFFCAFFF0000CE1619CE42B720408EA3A8
1112C329C66A83012B10D6F9195075A7AAA77BDFFFFFFFFFFCAFFF0000D71619CE42B720408EA3C0
1112C029C66A83012310D70C195085A7AAA605AFFFFFFFFFFCAFFF0000D21619CE42B720408EA3D8
1112BE29C66383012710D700195076A77AA60EDFFFFFFFFFFCAFFF0000C31619CE42B71F408EA3F0
1112A629C64883013610D6E5195061A77AA5BD2FFFFFFFFFFCAFFF0000C41619CF42B720408EA308
1112A429C64183013510D6FC195074A76AA4065FFFFFFFFFFCAFFF0000D11619CF42B720408EA320
1112AC29C64C83012510D6FA195073A75AA513FFFFFFFFFFFCAFFF0000D51619CF42B720408EA338
1112BB29C66383011F10D70A195082A77AA7201FFFFFFFFFFCAFFF0000D41619CF42B720408EA350
1112A329C64183012910D6FE195074A78AA703FFFFFFFFFFFCAFFF0000C91619CF42B720408E9368
11129929C63383013110D6FC195074A78AA71F3FFFFFFFFFFCAFFF0000CD1619CF42B720408E9380
11129F29C63B83012E10D701195077A79AA7300FFFFFFFFFFCAFFF0000CD1619CF42B720408E9398
11129629C63783012A10D6FE195079A79AA803FFFFFFFFFFFCBFFF0000C61619CF42B720408E93B0
1112A129C63C83012A10D702195078A77AA7228FFFFFFFFFFCBFFF0000D01619CF42B720408E83C8
11129729C63E83012B10D6F919507AA76AA8346FFFFFFFFFFCAFFF0000C21619CF42B720408E93E0
1112AD29C64283012A10D70C195080A76AA903FFFFFFFFFFFCAFFF0000D01619CF42B720408E83F8
1112B629C64A83012810D713195082A77AA723FFFFFFFFFFFCBFFF0000CE1619CF42B720408E8310
1112AD29C64383012A10D70919507FA79AA6364FFFFFFFFFFC9FFF0000BB1619CF42B720408E8328
1112AA29C65283013110D6ED19506AA79AA603FFFFFFFFFFFC9FFF0000CC1619CF42B720408E8340
1112AD29C65183012F10D6F5195070A7AAA53BDFFFFFFFFFFCAFFF0000C61619CF42B720408E8358
1112BA29C65F83012710D70F195081A7CAA751AFFFFFFFFFFCAFFF0000CF1619CF42B720408E8370
1112BB29C66783012410D70C195080A79AA903FFFFFFFFFFFCAFFF0000C91619CF42B720408E8388
1112CE29C67D83012B10D6FC195074A77AA92A4FFFFFFFFFFCAFFF0000CA1619CF42B720408E83A0
1112C329C66883012E10D707195075A77AA903FFFFFFFFFFFCAFFF0000CB1619CF42B720408E83B8
1112C129C66B83012D10D702195077A77AA903FFFFFFFFFFFCAFFF0000CB1619CF42B720408E83D0
1112C729C67B83012A10D70719507EA76AA8364FFFFFFFFFFCAFFF0000CB1619CF42B720408E83E8
1112CA29C67983012610D70E195082A75AA803FFFFFFFFFFFCAFFF0000CB1619CF42B720408E8300
1112DD29C69083012910D70A195082A76AA703FFFFFFFFFFFCAFFF0000CB1619CF42B720408E8318
1112EC29C69983012C10D711195083A75AA688DFFFFFFFFFFCAFFF0000BE1619D042B720408E7330
1112D329C68B83012610D711195086A77AA5637FFFFFFFFFFCAFFF0000CF1619D042B720408E7348
1112DB29C68F83012610D710195085A78AA503FFFFFFFFFFFCAFFF0000CC1619D042B720408E7360
1112D629C68683012D10D6F4195074A78AA74ECFFFFFFFFFFC9FFF0000BE1619D042B720408E7378
1112C329C67583013110D6FE195076A76AA703FFFFFFFFFFFC9FFF0000C31619D042B720408E6390
1112CC29C67C83013010D70A195081A7AAA803FFFFFFFFFFFC9FFF0000C91619D042B720408E63A8
1112E029C69483012610D713195087A7CAA8532FFFFFFFFFFC9FFF0000C71619D042B720408E63C0
1112E029C6A383011F10D71E19508EA79AA803FFFFFFFFFFFC9FFF0000CF1619D042B720408E63D8
1112E329C69E83012210D71719508CA7AAA803FFFFFFFFFFFCAFFF0000CB1619D042B720408E63F0
1112C929C67B83012D10D71819508DA7BAA7725FFFFFFFFFFCBFFF0000C51619D042B720408E6308
1112B729C65F83013610D70E195084A78AA704AFFFFFFFFFFCBFFF0000C41619D042B720408E6320
1112C229C66783013410D71919508DA76AA8903FFFFFFFFFFCBFFF0000C01619D042B720408E6338
1112D129C67E83012810D714195087A76AA703FFFFFFFFFFFCAFFF0000CA1619D042B720408E6350
1112D729C68883011E10D70E19508AA76AA703FFFFFFFFFFFCAFFF0000C21619D042B720408E6368
1112D029C68383011F10D711195086A76AA782CFFFFFFFFFFCAFFF0000C81619D042B720408E6380
1112D029C68083012810D712195085A76AA603FFFFFFFFFFFCAFFF0000BE1619D042B720408E6398
1112D629C68783012F10D71919508DA76AA69EFFFFFFFFFFFCAFFF0000C61619D042B720408E63B0
1112C229C66083013510D71919508EA78AA703FFFFFFFFFFFC9FFF0000C01619D042B720408E63C8
1112D129C67F83013110D71619508AA78AA726EFFFFFFFFFFC9FFF0000CA1619D042B720408E53E0
1112DB29C69583012310D712195085A77AA7150FFFFFFFFFFCAFFF0000C81619D042B720408E53F8
1112E229C6A483011C10D70F195087A76AA603FFFFFFFFFFFCAFFF0000C41619D042B720408E6310
1112D629C68C83012410D711195087A77AA8282FFFFFFFFFFC9FFF0000BC1619D042B720408E5328
1112C629C67483012D10D712195087A76AA815AFFFFFFFFFFCAFFF0000C31619D042B720408E5340
1112B729C66483013110D714195089A78AA703FFFFFFFFFFFCBFFF0000BF1619D042B720408E5358
1112CA29C67283012D10D711195088A7AAA826BFFFFFFFFFFCAFFF0000C91619D142B720408E5370
1112D129C68683012310D715195089A7AAA7150FFFFFFFFFFCAFFF0000CA1619D142B720408E5388
1112D529C68683012010D716195089A7AAA703FFFFFFFFFFFCAFFF0000B81619D142B720408E53A0
1112C929C67683012710D70F195085A7AAA83B5FFFFFFFFFFCAFFF0000C01619D142B720408E43B8
1112BC29C67083012E10D70719507FA78AA71E0FFFFFFFFFFCBFFF0000BD1619D142B720408E43D0
1112C029C66E83013210D70919507FA77AA703FFFFFFFFFFFCAFFF0000C11619D142B720408E43E8
1112CB29C67783012E10D70D195084A78AA73CBFFFFFFFFFFCAFFF0000C01619D142B720408E4300
1112D329C68683012010D71919508AA77AA71EAFFFFFFFFFFCAFFF0000CB1619D142B720408E4318
1112D329C68B83011910D71819508CA78AA603FFFFFFFFFFFCAFFF0000C81619D142B720408E4330
1112D029C67E83012210D70F195084A7CAA651EFFFFFFFFFFCAFFF0000BB1619D142B720408E4348
1112B729C65B83012C10D711195086A7BAA7272FFFFFFFFFFCAFFF0000C01619D142B720408E4360
1112BE29C66B83013010D70A195080A78AA803FFFFFFFFFFFCAFFF0000BF1619D142B720408E4378
1112C429C67183013010D710195086A77AA85ACFFFFFFFFFFCAFFF0000C11619D142B720408E4390
1112CB29C67383012B10D71519508BA77AA62AAFFFFFFFFFFCBFFF0000C51619D142B720408E43A8
1112D429C68B83012110D71919508BA76AA603FFFFFFFFFFFCBFFF0000B81619D142B720408E43C0
1112D629C68A83011D10D71919508CA78AA603FFFFFFFFFFFCBFFF0000C71619D142B720408E43D8
1112CC29C67C83012010D71A19508CA78AA803FFFFFFFFFFFCBFFF0000C41619D142B720408E33F0
1112C229C67183012510D712195085A78AA703FFFFFFFFFFFCBFFF0000B81619D142B720408E3308
1112B729C65F83012F10D70D195082A77AA603FFFFFFFFFFFCBFFF0000BC1619D142B720408E3320
1112B829C66383013310D70E195083A76AA60DFFFFFFFFFFFCAFFF0000B51619D142B720408E3338
1112D629C68883012C10D711195085A77AA703FFFFFFFFFFFC9FFF0000BB1619D142B720408E3350
1112E329C69D83012210D713195084A7AAA703FFFFFFFFFFFC9FFF0000C71619D142B720408E2368
1112EB29C6B283011810D718195089A79AA803FFFFFFFFFFFCAFFF0000C61619D142B720408E2380
1112EC29C6A483011C10D710195082A78AA703FFFFFFFFFFFCAFFF0000B71619D142B720408E2398
1112D029C68083012E10D701195079A79AA6537FFFFFFFFFFCCFFF0000BB1619D242B720408E23B0
1112D029C68783013510D6FF195078A77AA7282FFFFFFFFFFC9FFF0000B51619D242B720408E23C8
1112DD29C69083012C10D70F195081A76AA903FFFFFFFFFFFCAFFF0000AE1619D242B720408E33E0
1112E329C69D83012310D712195084A76AA903FFFFFFFFFFFCAFFF0000C21619D242B720408E23F8
1112E029C69283012110D717195085A75AA903FFFFFFFFFFFCAFFF0000C31619D242B720408E2310
1112DB29C69183012310D71A195088A76AAA03FFFFFFFFFFFCAFFF0000C11619D242B720408E2328
1112DA29C69383012410D717195087A75AA803FFFFFFFFFFFCAFFF0000B51619D242B720408E2340
1112DB29C69283012910D711195084A76AA8328FFFFFFFFFFCAFFF0000BB1619D242B720408E2358
1112D429C68683013110D717195089A79AA803FFFFFFFFFFFCAFFF0000B31619D242B721408E2370
1112DA29C69083012D10D70E195081A79AA603FFFFFFFFFFFC9FFF0000BD1619D242B721408E2388
1112D429C68A83012210D717195088A76AA603FFFFFFFFFFFCAFFF0000B71619D242B721408E23A0
1112DD29C69583011D10D71E19508CA76AA503FFFFFFFFFFFC9FFF0000BF1619D242B721408E13B8
1112E129C69583012110D719195089A77AA6744FFFFFFFFFFC9FFF0000B61619D242B721408E23D0
1112D729C68E83012B10D714195087A78AA834CFFFFFFFFFFCAFFF0000BE1619D242B721408E13E8
1112C729C67783013410D711195086A7BAA903FFFFFFFFFFFC9FFF0000BE1619D242B721408E1300
1112D629C68683012C10D71819508AA7AAA903FFFFFFFFFFFC9FFF0000BD1619D242B721408E1318
1112DB29C69383011C10D71E19508DA77AA903FFFFFFFFFFFCAFFF0000BC1619D242B721408E0330
1112DE29C69783011B10D716195087A77AA703FFFFFFFFFFFCAFFF0000BB1619D242B721408E0348
1112D329C68583012810D70E195082A78AA603FFFFFFFFFFFCAFFF0000BB1619D242B721408E0360
1112C629C67A83012F10D711195086A78AA75A4FFFFFFFFFFCAFFF0000B41619D242B721408E0378
1112D629C68B83012A10D716195089A79AA803FFFFFFFFFFFCAFFF0000BE1619D242B721408E0390
1112D129C68883012410D717195088A79AA803FFFFFFFFFFFCAFFF0000BA1619D242B721408E13A8
1112D129C68483012110D71B19508CA78AA703FFFFFFFFFFFCAFFF0000B81619D242B721408E03C0
1112CB29C67B83012310D71C19508DA78AA603FFFFFFFFFFFCAFFF0000BB1619D342B721408E03D8
1112BD29C66B83012610D71919508BA77AA503FFFFFFFFFFFC9FFF0000B81619D342B721408E03F0
1112C029C66783012910D712195083A74AA60AAFFFFFFFFFFC9FFF0000A71619D342B721408E0308
1112B529C65983012D10D6FC195070A77AA8122FFFFFFFFFFC9FFF0000B91619D342B721408E0320
1112BE29C66A83012A10D70319507AA78AA803FFFFFFFFFFFC9FFF0000B61619D342B721408E0338
1112C929C67483011E10D719195089A77AA803FFFFFFFFFFFCAFFF0000BC1619D342B721408E0350
1112C129C66D83011F10D715195086A7AAA703FFFFFFFFFFFCBFFF0000B21619D342B721408E0368
1112A629C63F83012910D6F8195072A7DAA803FFFFFFFFFFFC9FFF0000B71619D342B721408E0380
11127829C61383012D10D6F819506DA7CAA8845FFFFFFFFFFC8FFF0000B81619D342B721408E0398
11128929C62083012C10D6F6195072A79AA703FFFFFFFFFFFCAFFF0000B81619D342B721408DF3B0
1112AF29C64883012510D702195079A78AA803FFFFFFFFFFFC9FFF0000B91619D342B721408DF3C8
1112AC29C64D83011D10D716195087A76AA903FFFFFFFFFFFC9FFF0000B81619D342B721408DF3E0
1112AF29C64F83012010D70019507AA75AA903FFFFFFFFFFFCBFFF0000B81619D342B721408DF3F8
1112A229C63983012710D701195076A77AA903FFFFFFFFFFFCAFFF0000B21619D342B721408DF310
11129A29C62B83012D10D6FB195072A79AAA17EFFFFFFFFFFCBFFF0000BB1619D342B721408DF328
1112A829C64183012B10D701195076A79AAB291FFFFFFFFFFCBFFF0000B21619D342B721408DE340
1112A329C63D83012210D70C195082A76AAA03FFFFFFFFFFFCAFFF0000A61619D342B721408DE358
1112A229C63F83011F10D70C195083A77AA703FFFFFFFFFFFCAFFF0000B21619D342B721408DE370
1112A629C65083012410D709195081A78AA703FFFFFFFFFFFCAFFF0000B21619D342B721408DE388
1112B129C65283012710D70B195083A77AA703FFFFFFFFFFFCAFFF0000B81619D342B721408DE3A0
1112B129C64E83012410D70D195083A77AA703FFFFFFFFFFFC9FFF0000BD1619D342B721408DE3B8
1112B129C64C83012410D70E195083A76AA703FFFFFFFFFFFC9FFF0000BD1619D442B721408DE3D0
1112A329C64983012510D701195081A76AA703FFFFFFFFFFFC9FFF0000AA1619D442B721408DE3E8
1112B029C65783012510D708195081A76AA803FFFFFFFFFFFC9FFF0000B31619D442B721408DE300
1112B929C65C83012310D70D195082A79AA703FFFFFFFFFFFCAFFF0000AF1619D442B721408DE318
1112B829C65883012710D6FD195075A78AA805AFFFFFFFFFFCAFFF0000AF1619D442B721408DE330
1112AA29C64E83012B10D6DF19505CA76AA9040FFFFFFFFFFC9FFF0000B31619D442B721408DE348
1112B529C65683012410D6EF19506BA78AA903FFFFFFFFFFFCAFFF0000A81619D442B721408DE360
1112B829C65C83012110D6E419506BA7AAA903FFFFFFFFFFFCAFFF0000BC1619D442B721408DD378
1112BC29C65983012310D6EB195067A79AA703FFFFFFFFFFFCAFFF0000BB1619D442B721408DD390
1112AB29C65283011F10D6F3195078A79AA62E9FFFFFFFFFFC9FFF0000B71619D442B721408DD3A8
1112AA29C64A83012410D6EF19506BA77AA7488FFFFFFFFFFC7FFF0000B11619D442B721408DD3C0
1112BC29C66383012E10D6E419505EA77AA803FFFFFFFFFFFC7FFF0000AD1619D442B721408DD3D8
1112B129C65783012B10D6EC195064A79AA803FFFFFFFFFFFC8FFF0000A51619D442B721408DD3F0
1112CF29C67683012310D6EF19506AA78AAA03FFFFFFFFFFFC9FFF0000B21619D442B721408DD308
1112DC29C68783012510D6EF195069A78AA903FFFFFFFFFFFCAFFF0000B21619D442B721408DC320
1112C529C67283012410D6F4195069A79AA803FFFFFFFFFFFCAFFF0000B81619D442B721408DC338
1112B529C65E83011E10D706195081A7AAA72CCFFFFFFFFFFCAFFF0000B81619D442B721408DC350
1112BA29C65B83011D10D70219507EA78AA6057FFFFFFFFFFCAFFF0000AB1619D442B721408DC368
1112AD29C64F83012710D6F5195070A76AA603FFFFFFFFFFFCAFFF0000A21619D442B721408DC380
11129729C63583013010D6F9195073A77AA803FFFFFFFFFFFCBFFF0000AA1619D442B721408DC398
1112A729C64A83012F10D6FB195072A78AA703FFFFFFFFFFFC9FFF0000AF1619D442B721408DC3B0
1112B429C65A83012310D701195077A79AA6434FFFFFFFFFFC9FFF0000B01619D442B721408DC3C8
1112C729C67583011910D70E195087A79AA6609FFFFFFFFFFCAFFF0000B81619D442B721408DC3E0
1112CD29C68683011910D70319507FA7BAA603FFFFFFFFFFFCAFFF0000B61619D542B721408DC3F8
1112AA29C64883012110D6F5195070A7AAA603FFFFFFFFFFFCAFFF0000A81619D542B721408DC310
11128629C61C83012C10D6F9195072A7AAA803FFFFFFFFFFFCAFFF0000AB1619D542B721408DC328
11128429C61A83013310D6FA195074A79AA803FFFFFFFFFFFCAFFF0000AA1619D542B721408DB340
11129C29C63B83012B10D6FD195074A78AA903FFFFFFFFFFFC9FFF00009F1619D542B721408DC358
1112CA29C67783011A10D6FE195073A7AAA7535FFFFFFFFFFC8FFF0000B41619D542B721408DC370
1112ED29C6AA83011510D70119507BA79AA706FFFFFFFFFFFCBFFF0000B61619D542B721408DC388
1112BC29C66583012610D6F5195070A78AA703FFFFFFFFFFFCAFFF0000AC1619D542B721408DC3A0
1112A329C64583013010D6FA195074A77AA7058FFFFFFFFFFCAFFF0000AC1619D542B721408DB3B8
1112BD29C66683012810D6F9195070A77AA803FFFFFFFFFFFCAFFF0000AA1619D542B721408DB3D0
1112D929C68F83012210D6FA195075A76AA903FFFFFFFFFFFCAFFF0000A11619D542B721408DB3E8
1112DB29C69583012410D70519507CA76AA803FFFFFFFFFFFC9FFF0000A11619D542B721408DA300
1112D029C67F83012210D70919507BA77AA603FFFFFFFFFFFC9FFF0000AD1619D542B721408DB318
1112D429C68A83012110D70519507AA7AAA56E3FFFFFFFFFFC9FFF0000B21619D542B722408DA330
1112D629C68583012410D70519507DA78AA5082FFFFFFFFFFC9FFF0000AF1619D542B722408DA348
1112D329C68183012110D700195078A77AA603FFFFFFFFFFFC9FFF0000B51619D542B722408DB360
1112BC29C66B83011C10D700195079A78AA703FFFFFFFFFFFC9FFF0000AA1619D542B721408DA378
11129D29C63583012710D70419507EA76AA803FFFFFFFFFFFCAFFF0000A51619D542B721408DA390
11128329C60F83013110D702195079A77AA803FFFFFFFFFFFCAFFF0000A01619D542B722408DA3A8
1112AC29C64983012710D6FF195077A7AAA804AFFFFFFFFFFC9FFF0000A31619D542B722408DA3C0
11129829C63583011B10D70D195084A79AAA2D4FFFFFFFFFFC9FFF0000AE1619D642B722408DA3D8
11129429C63783011E10D70319507EA79AA803FFFFFFFFFFFCAFFF0000B11619D642B722408DA3F0
11128929C62183012410D6FA195075A7AAAA03FFFFFFFFFFFC9FFF0000AC1619D642B722408D9308
11129A29C63183012210D6FD195078A79AA903FFFFFFFFFFFC9FFF0000A41619D642B722408DA320
1112A729C63F83011F10D6FF195077A79AA803FFFFFFFFFFFCAFFF0000AE1619D642B722408DA338
11129F29C63083012110D6FC195075A7AAA899BFFFFFFFFFFCAFFF0000971619D642B722408DA350
11128229C61583012710D6EA195068A79AA70A0FFFFFFFFFFCAFFF0000A41619D642B721408D9368
11127929C60A83012C10D6EF195066A76AA703FFFFFFFFFFFCAFFF0000A91619D642B722408D9380
11128729C61683012610D6D919505EA75AA703FFFFFFFFFFFCAFFF0000B01619D642B722408D9398
11129A29C63783011810D6FB195074A76AA803FFFFFFFFFFFC9FFF0000B41619D642B722408D93B0
1112A129C64283011510D701195079A76AA703FFFFFFFFFFFCAFFF0000AB1619D642B722408D93C8
11128A29C61883012010D6FE195079A78AA807EFFFFFFFFFFCAFFF0000A71619D642B722408D93E0
11127929C60E83012C10D6FF195079A78AA851BFFFFFFFFFFCBFFF0000A61619D642B722408D83F8
11126F29C5FC83012D10D70219507AA79AA703FFFFFFFFFFFCAFFF00009C1619D642B722408D8310
11128529C61683012710D70519507CA7BAA704DFFFFFFFFFFCAFFF00009F1619D642B722408D9328
11127929C60583011D10D70419507DA7AAA6047FFFFFFFFFFCAFFF0000A41619D642B722408D9340
11127C29C60683011C10D70219507AA7AAA703FFFFFFFFFFFCAFFF0000B01619D642B722408D9358
11127D29C60883012110D6F9195073A78AA703FFFFFFFFFFFCAFFF0000B11619D642B722408D8370
11128129C60D83012010D700195077A78AA803FFFFFFFFFFFCAFFF0000A71619D642B722408D8388
11128129C61083012010D70419507AA79AA803FFFFFFFFFFFCAFFF0000A71619D642B722408D83A0
11128429C61B83012610D6E9195064A79AA703FFFFFFFFFFFCAFFF0000A41619D642B722408D83B8
11128A29C61E83012A10D6E219505DA79AA703FFFFFFFFFFFCAFFF0000A41619D742B722408D83D0
11128329C61783012610D6EC195068A78AA8582FFFFFFFFFFCAFFF0000A01619D742B722408D83E8
11128B29C61D83012310D6F319506AA79AA807DFFFFFFFFFFCAFFF0000AE1619D742B722408D8300
11128329C61B83011C10D6FD195073A78AA703FFFFFFFFFFFC9FFF0000B11619D742B722408D8318
1112A229C63A83011410D70619507EA76AA703FFFFFFFFFFFC8FFF00009E1619D742B722408D8330
11128F29C62383011D10D6FC195073A76AA603FFFFFFFFFFFC9FFF0000A81619D742B722408D8348
11128C29C62083012F10D6E2195060A76AA603FFFFFFFFFFFCAFFF0000A51619D742B722408D8360
11129729C63183012F10D6F719506EA76AA703FFFFFFFFFFFCBFFF0000A51619D742B722408D8378
11129629C63083011C10D6F219506EA77AA61AAFFFFFFFFFFCBFFF0000A71619D742B722408D7390
11129A29C63683011810D6FD19507EA79AA603FFFFFFFFFFFCAFFF0000AA1619D742B722408D83A8
11129E29C63883011F10D6E3195062A78AA603FFFFFFFFFFFCAFFF0000AD1619D742B722408D73C0
11129229C62A83012110D6D6195054A78AA603FFFFFFFFFFFCAFFF0000AD1619D742B722408D73D8
11129129C62E83012210D6B819503EA7AAA603FFFFFFFFFFFCAFFF0000AA1619D742B722408D73F0
11129529C63183012410D6A419502AA7AAA6812FFFFFFFFFFCBFFF0000981619D742B722408D6308
11129329C62483012410D6B519503AA78AA809EFFFFFFFFFFCAFFF0000A31619D742B722408D7320
11129929C62E83012110D6D6195058A77AA803FFFFFFFFFFFCBFFF0000A51619D742B722408D7338
11128829C62183012210D6C6195049A78AA803FFFFFFFFFFFC9FFF0000A61619D742B722408D7350
11128629C61583012410D6BF195043A79AA703FFFFFFFFFFFCAFFF0000A91619D742B722408D6368
11129B29C62C83012110D6E419505CA77AA703FFFFFFFFFFFCAFFF0000A41619D842B722408D6380
11129C29C63783011910D6F0195064A77AA7057FFFFFFFFFFCAFFF0000A81619D842B722408D6398
11129329C62983011A10D6DA195055A77AA63E6FFFFFFFFFFCAFFF0000A31619D842B722408D63B0
11126D29C5EC83012110D6CD19504DA7AAA603FFFFFFFFFFFCAFFF0000A51619D842B722408D63C8
11128029C60683012710D6C2195044A7BAA503FFFFFFFFFFFCAFFF0000A21619D842B722408D63E0
11127129C5F883012810D6C519504FA79AA503FFFFFFFFFFFCAFFF0000A31619D842B722408D63F8
11127629C5FD83012510D6D1195051A78AA603FFFFFFFFFFFCAFFF0000971619D842B722408D6310
11126829C5ED83011F10D6D4195050A79AA803FFFFFFFFFFFCBFFF0000AA1619D842B722408D6328
11125229C5D483011A10D6D8195051A79AA803FFFFFFFFFFFCAFFF0000A21619D842B722408D6340
11124D29C5CF83011A10D6D5195051A78AA903FFFFFFFFFFFCAFFF0000A81619D842B722408D5358
11125129C5CB83011A10D6CE195044A77AA803FFFFFFFFFFFCAFFF00009D1619D842B722408D6370
11124E29C5BF83012210D69B19501FA76AA703FFFFFFFFFFFCAFFF0000A11619D842B722408D5388
11124129C5B283012D10D688195016A75AA703FFFFFFFFFFFCAFFF0000981619D842B722408D63A0
11125229C5C683012D10D6A0195026A76AA709DFFFFFFFFFFCBFFF0000A21619D842B722408D53B8
11125A29C5D083012210D6A1195027A76AA7624FFFFFFFFFFCBFFF0000A61619D842B722408D43D0
11125829C5CD83011B10D6B219502DA77AA703FFFFFFFFFFFCBFFF0000A11619D842B722408D43E8
11124629C5C983011C10D6AA195029A77AA703FFFFFFFFFFFCAFFF0000A71619D842B722408D4300
11124429C5BA83011D10D697195022A79AA703FFFFFFFFFFFC9FFF00009C1619D842B722408D5318
11124529C5BA83012310D69D195023A79AA703FFFFFFFFFFFC9FFF0000A01619D842B722408D5330
11123D29C5AE83012710D69819501FA77AA803FFFFFFFFFFFCBFFF00009F1619D942B722408D5348
11124D29C5C083012210D69E195028A77AA9188FFFFFFFFFFCAFFF0000991619D942B722408D5360
11124F29C5C283012110D69A195020A78AA8103FFFFFFFFFFCBFFF00009C1619D942B722408D4378
11124529C5B783012610D68D195016A79AA703FFFFFFFFFFFCBFFF0000A41619D942B722408D4390
11124C29C5C483012310D69619501EA7AAA503FFFFFFFFFFFCAFFF0000A21619D942B722408D43A8
11125929C5D083011A10D699195021A79AA503FFFFFFFFFFFCAFFF0000931619D942B722408D53C0
11125329C5CC83011C10D689195013A79AA611CFFFFFFFFFFCAFFF00009D1619D942B722408D43D8
11125329C5C983012810D687195012A79AA8865FFFFFFFFFFCAFFF00009B1619D942B722408D43F0
11124E29C5C583012C10D691195019A79AA903FFFFFFFFFFFCAFFF00009E1619D942B722408D4308
11124B29C5BC83012810D68B195016A79AAA03FFFFFFFFFFFCBFFF00009C1619D942B722408D4320
11125429C5C983011F10D68A195015A7AAA903FFFFFFFFFFFCAFFF00009E1619D942B722408D4338
11125E29C5D883011210D69B19501DA78AA803FFFFFFFFFFFCAFFF0000A41619D942B722408D4350
11125729C5CB83011510D68F195017A76AA803FFFFFFFFFFFCAFFF0000A01619D942B722408D4368
11124E29C5C383012A10D678195006A76AA8322FFFFFFFFFFCAFFF00009D1619D942B722408D4380
11125229C5C883013010D68519500FA7AAA91DDFFFFFFFFFFCAFFF0000961619D942B722408D4398
11125429C5C883012310D68019500BA78AA803FFFFFFFFFFFCAFFF00009F1619D942B722408D43B0
11125629C5CA83011F10D672195001A76AA803FFFFFFFFFFFCBFFF0000901619D942B722408D43C8
11124C29C5C183012510D669194FFBA75AA803FFFFFFFFFFFCBFFF0000A11619D942B722408D43E0
11124D29C5BC83012010D675195002A76AA803FFFFFFFFFFFCBFFF0000A11619D942B722408D33F8
11125129C5C483011810D69D19501DA78AA803FFFFFFFFFFFCBFFF0000981619D942B722408D3310
11124429C5B483012110D69419501CA78AA70CBFFFFFFFFFFCBFFF0000991619DA42B722408D2328
11124829C5B983012910D687195013A78AA803FFFFFFFFFFFCAFFF00009F1619DA42B722408D2340
11124A29C5BF83012310D690195019A78AA903FFFFFFFFFFFCAFFF0000951619DA42B722408D3358
11126129C5CF83011F10D690195017A7AAA803FFFFFFFFFFFCAFFF00009A1619DA42B722408D3370
11124829C5C383012210D69219501AA79AA903FFFFFFFFFFFCAFFF0000961619DA42B722408D3388
11124C29C5C183012010D69519501CA79AA84E2FFFFFFFFFFCAFFF0000901619DA42B722408D23A0
11124C29C5C183011D10D69619501CA79AA82B7FFFFFFFFFFC9FFF0000A21619DA42B722408D23B8
11124429C5B783012110D684195012A78AA803FFFFFFFFFFFC9FFF0000A21619DA42B722408D23D0
11123E29C5B183012210D687195018A79AA903FFFFFFFFFFFCAFFF00009E1619DA42B722408D23E8
11124929C5B683012010D69619501CA79AA803FFFFFFFFFFFCAFFF0000971619DA42B722408D2300
11124429C5B083012510D68D195014A7BAA603FFFFFFFFFFFCAFFF0000911619DA42B722408D2318
11124729C5B283012910D67B195006A7AAA703FFFFFFFFFFFCBFFF00009B1619DA42B722408D2330
11124729C5B683012210D68C195017A79AA7317FFFFFFFFFFCAFFF0000A11619DA42B722408D2348
11125029C5C583011A10D69819501DA79AA703FFFFFFFFFFFCAFFF00009B1619DA42B722408D2360
11126729C5DE83011810D69619501AA78AA703FFFFFFFFFFFCBFFF00009F1619DA42B722408D2378
11125829C5C383011E10D688195013A7BAA803FFFFFFFFFFFCAFFF0000991619DA42B721408D2390
11124529C5B583012A10D67C19500AA7DAA803FFFFFFFFFFFCAFFF0000971619DA42B721408D13A8
11124929C5B783012D10D685195012A7CAA86E5FFFFFFFFFFCBFFF0000901619DA42B721408D13C0
11124F29C5BF83012110D68C195015A7AAA7397FFFFFFFFFFCBFFF00009D1619DA42B722408D13D8
11125829C5D483011710D685195012A7DAA703FFFFFFFFFFFC9FFF0000A01619DB42B722408D13F0
11125329C5CE83011710D689195014A7CAA603FFFFFFFFFFFC9FFF00009F1619DB42B722408D2308
11124629C5B883012010D67D19500CA7BAA703FFFFFFFFFFFCAFFF00009D1619DB42B722408D1320
11124629C5B983012410D68419500FA7AAA803FFFFFFFFFFFC9FFF00009B1619DB42B721408D0338
11124829C5BF83012110D68A195013A78AA703FFFFFFFFFFFC9FFF0000901619DB42B721408D1350
11124B29C5BC83012110D67B19500AA79AA859BFFFFFFFFFFC9FFF00008C1619DB42B721408D1368
11124829C5BA83012610D66F194FFEA7AAA803FFFFFFFFFFFCAFFF0000951619DB42B721408D1380
11124729C5B783012410D67C195008A7AAA703FFFFFFFFFFFCAFFF00009D1619DB42B721408D0398
11125029C5C383011A10D686195011A79AA803FFFFFFFFFFFCAFFF00009A1619DB42B722408D03B0
11125229C5CD83011410D678195008A78AA803FFFFFFFFFFFCAFFF0000A11619DB42B721408D03C8
11124B29C5BA83011910D676195004A79AA803FFFFFFFFFFFC9FFF0000971619DB42B721408D03E0
11124929C5BB83012510D660194FF4A79AA80A0FFFFFFFFFFCBFFF0000871619DB42B721408D03F8
11123E29C5AD83012D10D673195001A7AAA9133FFFFFFFFFFC9FFF00008D1619DB42B721408D0310
11124429C5B283012A10D68019500CA79AA903FFFFFFFFFFFC9FFF0000911619DB42B721408D0328
11124B29C5C283011C10D66D194FFFA7AAA903FFFFFFFFFFFCAFFF00009D1619DB42B721408D0340
11125029C5CD83011310D642194FE1A79AA903FFFFFFFFFFFCAFFF0000A21619DB42B721408D0358
11124B29C5BF83011210D65D194FF1A77AAA03FFFFFFFFFFFCAFFF00009E1619DB42B721408D0370
11124029C5AD83011C10D66A194FF9A76AA985EFFFFFFFFFFCAFFF0000951619DB42B721408D0388
11123229C59983012C10D662194FF3A7AAA903FFFFFFFFFFFCAFFF0000911619DB42B721408D03A0
11123429C59C83012F10D66B194FFCA79AAA03FFFFFFFFFFFCAFFF0000941619DB42B721408D03B8
11123929C5A283011F10D667194FF8A7AAA903FFFFFFFFFFFCAFFF0000991619DB42B721408D03D0
11123E29C5AC83011310D68419500CA7BAA903FFFFFFFFFFFCAFFF0000951619DC42B721408D03E8
11123629C59F83011310D66E194FFCA7AAA903FFFFFFFFFFFC9FFF00009D1619DC42B721408D0300
11123029C59683011D10D654194FE9A7BAA8169FFFFFFFFFFC9FFF00009B1619DC42B721408D0318
11122829C58D83012510D64B194FE5A79AA72C8FFFFFFFFFFCAFFF0000981619DC42B721408D0330
11122129C57D83012810D65F194FF5A77AA803FFFFFFFFFFFCBFFF0000961619DC42B721408CF348
11122329C58A83012410D66D194FFBA76AA803FFFFFFFFFFFCBFFF0000951619DC42B721408D0360
11122E29C59B83011B10D673194FFFA76AA703FFFFFFFFFFFCAFFF0000951619DC42B721408CF378
11123329C59A83011B10D678195004A77AA703FFFFFFFFFFFCAFFF0000871619DC42B721408CF390
11122729C58D83011F10D66F194FFFA79AA703FFFFFFFFFFFCAFFF0000991619DC42B721408CF3A8
11122A29C58D83011C10D66D194FFFA77AA803FFFFFFFFFFFCAFFF00009B1619DC42B721408CF3C0
11122329C58B83011C10D66A194FFDA76AA903FFFFFFFFFFFCBFFF0000941619DC42B721408CF3D8
11122329C58583012010D66F195000A77AAA03FFFFFFFFFFFC9FFF0000911619DC42B721408CE3F0
11122629C58483011F10D678195005A79AA903FFFFFFFFFFFC9FFF00008D1619DC42B721408CE308
11122429C58D83011E10D67D195007A7CAA803FFFFFFFFFFFCAFFF0000901619DC42B721408CE320
11122829C58983012110D67D195009A7CAA8269FFFFFFFFFFCBFFF00008A1619DC42B721408CE338
11122A29C58E83012510D67E19500AA7AAA8464FFFFFFFFFFCAFFF0000961619DC42B721408CE350
11122829C58D83012010D67B19500AA7BAA703FFFFFFFFFFFCAFFF00009B1619DC42B721408CE368
11123929C5A083011510D67D19500AA7AAA703FFFFFFFFFFFCBFFF00009A1619DC42B721408CE380
11123329C5A483011210D68119500DA79AA603FFFFFFFFFFFCBFFF0000921619DC42B721408CE398
11122D29C58F83011A10D68219500DA7AAA603FFFFFFFFFFFCAFFF0000941619DC42B721408CE3B0
11123529C59F83012910D670195002A7AAA603FFFFFFFFFFFCAFFF0000911619DC42B721408CE3C8
11122E29C59683012C10D67B195009A79AA803FFFFFFFFFFFCBFFF0000891619DC42B721408CD3E0
11122F29C59483012110D68619500FA7BAA859BFFFFFFFFFFCAFFF0000931619DC42B721408CD3F8
11123029C59883011610D685195011A7CAA932AFFFFFFFFFFCAFFF00008F1619DD42B721408CD310
11122C29C59083011510D68E195016A7BAA903FFFFFFFFFFFCAFFF0000991619DD42B721408CD328
11122D29C59183011C10D689195013A7AAAA739FFFFFFFFFFC9FFF0000981619DD42B721408CD340
11122D29C59783011D10D688195014A7AAA93AFFFFFFFFFFFC8FFF0000841619DD42B721408CD358
11122B29C59383012110D68A195015A7AAA9054FFFFFFFFFFCAFFF0000921619DD42B721408CD370
11122F29C59183012510D68519500EA7AAA94A4FFFFFFFFFFCBFFF0000921619DD42B721408CD388
11122A29C59183012110D688195012A7BAA803FFFFFFFFFFFCAFFF0000921619DD42B721408CC3A0
11123229C59783011C10D686195011A79AA705AFFFFFFFFFFCAFFF0000921619DD42B721408CD3B8
11123029C59583011C10D67A19500CA79AA74EEFFFFFFFFFFCAFFF0000921619DD42B721408CD3D0
11123129C59683011C10D667194FFFA78AA903FFFFFFFFFFFCAFFF00008C1619DD42B721408CD3E8
11122D29C59383011C10D66F194FFDA79AA8062FFFFFFFFFFCAFFF00008D1619DD42B721408CD300
11123529C59D83011C10D66F195002A7AAA8550FFFFFFFFFFCBFFF0000941619DD42B721408CC318
11122C29C59283012310D66E194FFEA79AA803FFFFFFFFFFFCAFFF00008B1619DD42B721408CC330
11122429C58F83012410D66F195002A77AA7074FFFFFFFFFFC9FFF0000921619DD42B721408CC348
11123529C59D83011B10D68219500DA79AA7601FFFFFFFFFFCBFFF0000891619DD42B721408CC360
11123729C59F83011610D68219500DA77AA703FFFFFFFFFFFC9FFF0000861619DD42B721408CC378
11122F29C59883012110D68119500FA77AA70A7FFFFFFFFFFC8FFF00008E1619DD42B721408CD390
11123429C59B83012910D687195012A77AA973DFFFFFFFFFFC9FFF00008B1619DD42B721408CC3A8
11123529C5A283011C10D68B195015A77AA90F2FFFFFFFFFFCAFFF0000971619DD42B721408CC3C0
11124C29C5C283010F10D68B195017A79AA8851FFFFFFFFFFC9FFF0000961619DD42B721408CC3D8
11123729C5A083011510D689195014A7CAA7100FFFFFFFFFFCAFFF00008A1619DD42B721408CC3F0
11123729C5A183012510D670195003A7BAA787CFFFFFFFFFFCBFFF0000841619DD42B721408CC308
11123A29C5AA83012710D68119500FA7BAA803FFFFFFFFFFFCAFFF00008B1619DD42B721408CC320
11123129C59C83011F10D68A195014A7BAA8251FFFFFFFFFFC9FFF00008E1619DE42B721408CC338
11122E29C59783011C10D68D195017A7BAA9974FFFFFFFFFFCBFFF0000831619DE42B721408CC350
11123529C59983011C10D68C195015A7BAA703FFFFFFFFFFFCAFFF0000961619DE42B721408CB368
11123529C59F83011610D68F195018A7BAA83DAFFFFFFFFFFC9FFF0000951619DE42B721408CC380
11123C29C5AA83011510D68D195018A7AAA908CFFFFFFFFFFCAFFF0000901619DE42B721408CC398
11124029C5AF83011E10D685195011A79AAA03FFFFFFFFFFFCAFFF0000831619DE42B721408CB3B0
11123A29C5AE83012B10D670195002A79AAA691FFFFFFFFFFCAFFF00008A1619DE42B721408CB3C8
11123829C5A483012710D67A195009A7AAAA0C2FFFFFFFFFFCAFFF0000851619DE42B721408CB3E0
11123F29C5AD83011910D68F195017A7BAA90BAFFFFFFFFFFC9FFF0000901619DE42B721408CB3F8
11123D29C5AD83011310D69519501BA79AA9B03FFFFFFFFFFC9FFF0000931619DE42B721408CB310
11123829C5A783011510D688195014A78AA9102FFFFFFFFFFCAFFF0000931619DE42B721408CB328
11123629C5A083011910D682195011A78AA90CAFFFFFFFFFFCAFFF0000901619DE42B721408CB340
11123629C5A183012110D68219500FA79AA7B1BFFFFFFFFFFCAFFF0000841619DE42B721408CB358
11123529C5A183012710D68119500FA79AA7103FFFFFFFFFFCAFFF00008B1619DE42B721408CB370
11123429C5A283012310D685195012A78AA70C3FFFFFFFFFFCAFFF0000861619DE42B721408CA388
11123629C59F83011D10D684195010A79AA8B65FFFFFFFFFFCAFFF0000851619DE42B721408CA3A0
11123A29C5A483011610D685195011A79AA710BFFFFFFFFFFCBFFF0000901619DE42B721408CA3B8
11123C29C5AA83011210D68219500EA77AA712FFFFFFFFFFFCBFFF0000861619DE42B721408CA3D0
11123829C5A483011910D67C195009A77AA727BFFFFFFFFFFCAFFF00008C1619DE42B721408CA3E8
11123629C5A183012910D66A194FFDA78AA703FFFFFFFFFFFCAFFF00008D1619DE42B721408CA300
11123829C5A283012710D66A194FFCA79AA61E4FFFFFFFFFFCAFFF00008E1619DE42B721408CA318
11123D29C5AC83011510D67C195008A78AA63BFFFFFFFFFFFCAFFF00008D1619DE42B721408CA330
11123D29C5AD83011110D68119500EA7AAA603FFFFFFFFFFFCAFFF0000821619DF42B721408CA348
11123829C5A583011E10D66F195000A7AAA7330FFFFFFFFFFCAFFF0000831619DF42B721408CA360
11123829C5A583012610D66C194FFDA78AA75A5FFFFFFFFFFCAFFF00008B1619DF42B721408C9378
11123929C5A783012010D677195004A7AAA703FFFFFFFFFFFCAFFF00008E1619DF42B721408C9390
11123D29C5AA83011710D677195005A7BAA756DFFFFFFFFFFC9FFF0000891619DF42B721408CA3A8
11123B29C5A983011910D67B195008A7BAA66CCFFFFFFFFFFC9FFF00006E1619DF42B721408CA3C0
11123829C5A383012110D676195004A78AA703FFFFFFFFFFFCAFFF00008A1619DF42B721408C93D8
11123929C5A883012110D674195004A78AA82F5FFFFFFFFFFCAFFF00008A1619DF42B721408C93F0
11123B29C5A983011E10D67B195006A79AA903FFFFFFFFFFFCAFFF00008A1619DF42B721408C9308
11123B29C5A983011A10D675195003A78AA903FFFFFFFFFFFC9FFF00008A1619DF42B721408C9320
11123B29C5A883011810D66B194FFFA76AA8526FFFFFFFFFFC9FFF0000861619DF42B721408C9338
11123929C5A783011B10D655194FEBA77AA703FFFFFFFFFFFC9FFF00008A1619DF42B721408C9350
11123729C5A483011F10D65B194FEBA76AA803FFFFFFFFFFFCAFFF0000821619DF42B721408C9368
11123529C5A283011F10D661194FF0A78AA876AFFFFFFFFFFCAFFF0000821619DF42B721408C9380
11123829C5A683011910D676195004A7AAAA03FFFFFFFFFFFCAFFF00008B1619DF42B721408C8398
11123729C59D83011910D66A194FFFA79AAA041FFFFFFFFFFC9FFF00008A1619DF42B721408C93B0
11123629C5A183011D10D671195000A7AAAA997FFFFFFFFFFC8FFF0000831619DF42B721408C93C8
11122B29C59B83011D10D673195003A78AAA03FFFFFFFFFFFCBFFF00008A1619DF42B721408C83E0
11123429C59F83011C10D67D195009A77AAA177FFFFFFFFFFCBFFF0000891619DF42B721408C83F8
11123729C5A083011A10D67C195007A78AA9B7EFFFFFFFFFFC9FFF0000791619DF42B721408C8310
11123129C59F83011810D684195007A7AAA903FFFFFFFFFFFCAFFF0000891619DF42B721408C8328
11123529C5A783011C10D67B195009A79AA81A9FFFFFFFFFFCAFFF0000891619DF42B721408C8340
11123729C5A783012010D677195005A7BAA8135FFFFFFFFFFCAFFF0000841619DF42B721408C8358
11122C29C59183011910D686195012A7BAA803FFFFFFFFFFFCAFFF0000801619E042B721408C8370
11123829C5A483011510D684195013A7CAA72B9FFFFFFFFFFCAFFF00007F1619E042B721408C8388
11122F29C59683011D10D68019500EA7BAA71D9FFFFFFFFFFCAFFF0000861619E042B721408C83A0
11123029C59A83012410D67D19500DA7CAA703FFFFFFFFFFFCAFFF00007F1619E042B721408C83B8
11123329C59C83012010D68B195016A79AA841DFFFFFFFFFFCAFFF00007B1619E042B721408C83D0
11123B29C5B383011510D690195017A79AA829BFFFFFFFFFFCAFFF00008B1619E042B721408C83E8
11126629C5ED83010E10D68C195017A79AA703FFFFFFFFFFFCAFFF0000881619E042B721408C8300
11123329C59C83011510D688195015A7BAA75D4FFFFFFFFFFCBFFF0000841619E042B721408C7318
11123429C5A583012610D68C195018A79AA8376FFFFFFFFFFCBFFF0000841619E042B721408C8330
11123E29C5AE83012A10D69219501BA7AAA903FFFFFFFFFFFCAFFF00007E1619E042B721408C8348
11126029C5E183011C10D69119501BA7BAAA819FFFFFFFFFFCAFFF0000811619E042B721408C8360
11125629C5D983010E10D69519501FA7AAA93EDFFFFFFFFFFCAFFF0000891619E042B721408C7378
11126D29C5EF83010E10D69019501EA77AAA03FFFFFFFFFFFCAFFF0000881619E042B721408C7390
11125B29C5DB83011810D698195024A79AAA2EFFFFFFFFFFFCAFFF0000851619E042B721408C73A8
11124229C5BA83012210D6A719502BA7BAAA03FFFFFFFFFFFCAFFF0000741619E042B721408C73C0
11123C29C5B683012510D6A219502BA7AAAA04BFFFFFFFFFFCBFFF0000841619E042B721408C73D8
11125D29C5D883012010D69D195027A79AAA4D6FFFFFFFFFFCAFFF0000771619E042B721408C63F0
11127029C5EF83011810D68E195018A78AA903FFFFFFFFFFFCAFFF0000871619E042B721408C7308
11125829C5DA83010F10D694195024A78AA703FFFFFFFFFFFCBFFF0000851619E042B721408C6320
11126229C5DE83011210D695195023A78AA703FFFFFFFFFFFCAFFF0000821619E042B721408C6338
11126029C5DE83011E10D6A219502EA79AA951AFFFFFFFFFFCAFFF0000821619E042B721408C7350
11125329C5CD83012510D6A119502BA79AA903FFFFFFFFFFFCAFFF00007D1619E042B721408C6368
11128A29C62183012010D69B195026A78AA8042FFFFFFFFFFCAFFF0000881619E042B721408C6380
11128329C60A83011710D697195022A78AA6048FFFFFFFFFFCAFFF0000801619E042B721408C6398
11125B29C5EF83011310D69B195028A79AA503FFFFFFFFFFFCAFFF0000841619E142B721408C63B0
11128029C60383011710D696195022A78AA603FFFFFFFFFFFCBFFF0000701619E142B721408C63C8
11126329C5F783011E10D695195023A77AA603FFFFFFFFFFFCAFFF00007F1619E142B721408C63E0
11126929C5F883012110D694195021A79AA703FFFFFFFFFFFCAFFF0000821619E142B721408C63F8
11125429C5DE83011C10D694195023A7AAA86F0FFFFFFFFFFC9FFF0000871619E142B721408C6310
11126229C5E683011310D692195021A78AA903FFFFFFFFFFFC9FFF0000871619E142B721408C6328
11126A29C5FD83011010D68919501AA79AA803FFFFFFFFFFFCAFFF0000811619E142B721408C6340
11125D29C5E483011610D68E19501DA77AA803FFFFFFFFFFFCBFFF00007C1619E142B721408C5358
11125429C5DA83012110D685195015A78AA803FFFFFFFFFFFCAFFF00007D1619E142B721408C5370
11126329C5EC83012110D685195015A78AA903FFFFFFFFFFFC9FFF0000801619E142B721408C6388
11126229C5E783011D10D68B195017A7AAA90EFFFFFFFFFFFCAFFF00007A1619E142B721408C53A0
11125629C5E583011A10D68B195017A7AAA8215FFFFFFFFFFCAFFF0000851619E142B721408C53B8
11125E29C5E783011310D68C19501CA79AA703FFFFFFFFFFFCAFFF00007F1619E142B721408C53D0
11126829C5F183011010D684195015A7AAA603FFFFFFFFFFFCAFFF0000851619E142B721408C53E8
11125829C5D783011410D682195014A7AAA703FFFFFFFFFFFCAFFF0000791619E142B721408C5300
11125229C5D783012110D67719500AA78AA703FFFFFFFFFFFC9FFF0000771619E142B721408C5318
11125229C5D683012310D674195008A78AA79E2FFFFFFFFFFC9FFF0000801619E142B721408C5330
11125929C5DC83011710D685195015A77AA703FFFFFFFFFFFC9FFF0000811619E142B721408C5348
11125E29C5E983011310D67E19500EA79AA803FFFFFFFFFFFCAFFF0000821619E142B721408C5360
11124F29C5D583011810D675195006A7BAA903FFFFFFFFFFFCAFFF00007B1619E142B721408C5378
11125429C5D883011910D67A195009A7CAA803FFFFFFFFFFFC9FFF0000831619E142B721408C4390
11124E29C5D783011710D67C19500DA7CAA703FFFFFFFFFFFCAFFF0000791619E142B721408C53A8
11124D29C5CD83011B10D67B19500AA7BAA71C6FFFFFFFFFFCBFFF0000801619E142B721408C43C0
11124E29C5D083011C10D672195009A79AA73C3FFFFFFFFFFCAFFF0000771619E142B721408C53D8
11124C29C5D283011D10D672195006A78AA803FFFFFFFFFFFCAFFF00007E1619E142B721408C53F0
11125429C5D983011A10D67C19500BA77AA9051FFFFFFFFFFCBFFF0000791619E242B721408C4308
11127629C60383011110D679195009A77AA8041FFFFFFFFFFCAFFF0000821619E242B721408C4320
11128029C61683010F10D67F19500DA77AA903FFFFFFFFFFFC9FFF0000791619E242B721408C4338
11126229C5EC83011910D672195006A77AAA03FFFFFFFFFFFC9FFF0000781619E242B721408C4350
11123329C5A883012210D672195003A78AAA03FFFFFFFFFFFC9FFF0000701619E242B721408C4368
11124229C5C083012010D674195007A77AA9274FFFFFFFFFFCAFFF0000801619E242B721408C4380
11125529C5D183011810D674195002A7CAA94E1FFFFFFFFFFCAFFF00007E1619E242B721408C4398
11124829C5CB83011710D66C194FFDA7CAA903FFFFFFFFFFFCBFFF00007D1619E242B721408C43B0
11123E29C5BF83011810D666194FFBA7AAA903FFFFFFFFFFFCBFFF00007D1619E242B721408C43C8
11124429C5C783011510D66F194FFEA7AAA903FFFFFFFFFFFCAFFF00007E1619E242B721408C43E0
11124B29C5C683011510D66C194FFEA7BAAA03FFFFFFFFFFFC8FFF0000711619E242B721408C43F8
11123629C5AE83011A10D65D194FF3A7AAAA03FFFFFFFFFFFC9FFF0000801619E242B721408C4310
11123929C5B583011B10D659194FF0A7CAAA293FFFFFFFFFFCAFFF0000811619E242B721408C4328
11124029C5BC83011710D669194FFCA7BAAA081FFFFFFFFFFCAFFF0000761619E242B721408C4340
11123029C5A983011810D666194FFCA79AA903FFFFFFFFFFFCAFFF0000731619E242B720408C3358
11123629C5A783011D10D66B195000A7BAA703FFFFFFFFFFFC9FFF00007B1619E242B720408C4370
11123629C5A683011910D66F195003A7AAA703FFFFFFFFFFFCAFFF00006D1619E242B720408C3388
11122F29C59B83011510D669194FFFA78AA739DFFFFFFFFFFCAFFF00007D1619E242B720408C33A0
11122329C58A83011510D671195007A76AA768DFFFFFFFFFFCAFFF00007F1619E242B721408C33B8
11121F29C57B83011610D677195007A78AA603FFFFFFFFFFFCAFFF0000781619E242B721408C33D0
11121829C57C83011810D67E19500EA77AA503FFFFFFFFFFFCAFFF0000761619E242B720408C33E8
11121D29C57A83011A10D67D19500BA77AA603FFFFFFFFFFFCAFFF0000731619E242B720408C3300
11122A29C58C83011A10D68119500BA77AA903FFFFFFFFFFFCAFFF0000771619E242B720408C3318
11123229C59A83011C10D69A19501BA78AA903FFFFFFFFFFFCAFFF0000721619E242B720408C3330
11122529C59083011810D67C19500CA79AA84CAFFFFFFFFFFCAFFF0000761619E242B720408C3348
11122329C58B83011110D67A195011A79AA80BEFFFFFFFFFFCAFFF0000801619E242B720408C2360
11123029C59D83011310D689195016A77AA903FFFFFFFFFFFCAFFF00007E1619E242B720408C2378
11123429C5A683011E10D6A1195028A79AAA053FFFFFFFFFFCAFFF0000731619E342B720408C2390
11123829C5A783011E10D69F195026A7AAAB03FFFFFFFFFFFC9FFF0000791619E342B720408C23A8
11122D29C59C83011410D68B195016A77AAB03FFFFFFFFFFFC9FFF0000791619E342B720408C23C0
11123B29C5AA83011610D69219501AA76AA903FFFFFFFFFFFCCFFF0000721619E342B720408C23D8
11123F29C5B583011E10D69619501DA78AA703FFFFFFFFFFFCAFFF0000741619E342B720408C23F0
11123C29C5AF83011C10D685195013A76AA866CFFFFFFFFFFCBFFF00007C1619E342B720408C1308
11123929C5B083011310D67519500AA75AA80EAFFFFFFFFFFCBFFF0000751619E342B720408C2320
11124229C5B483010F10D67C19500EA78AA803FFFFFFFFFFFCAFFF0000751619E342B720408C1338
11124C29C5C483011310D67F19500BA79AA903FFFFFFFFFFFCAFFF0000681619E342B720408C2350
11124829C5BF83011E10D67B19500AA7AAA91E2FFFFFFFFFFCBFFF0000791619E342B720408C2368
11124429C5B883012010D67F19500FA7BAA803FFFFFFFFFFFCBFFF0000681619E342B720408C1380
11124029C5B483011A10D672195008A7AAA803FFFFFFFFFFFCAFFF0000791619E342B720408C1398
11124129C5B683011810D687195007A78AA72DDFFFFFFFFFFCAFFF00007A1619E342B720408C13B0
11124129C5B583011510D67E195002A78AA603FFFFFFFFFFFCBFFF00007C1619E342B720408C13C8
11124129C5B783011210D66F194FFEA7AAA703FFFFFFFFFFFCBFFF0000731619E342B720408C13E0
11124129C5B883011510D663194FF5A7BAA803FFFFFFFFFFFCBFFF0000781619E342B720408C13F8
11123F29C5B183011910D663194FF4A7AAA803FFFFFFFFFFFC9FFF0000711619E342B720408C1310
11123F29C5B183011C10D664194FF8A7AAA8908FFFFFFFFFFC9FFF0000771619E342B720408C1328
11124029C5AF83011D10D65C194FF2A79AA812EFFFFFFFFFFCAFFF0000771619E342B720408C1340
11124029C5B383011910D670195000A77AA803FFFFFFFFFFFC9FFF0000691619E342B720408C1358
11123E29C5AD83011510D676195003A76AA803FFFFFFFFFFFC9FFF0000781619E342B720408C1370
11123229C5AB83011610D66F194FFEA77AA603FFFFFFFFFFFC9FFF0000791619E342B720408C1388
11122C29C5A183011610D674195000A78AA603FFFFFFFFFFFCAFFF0000791619E342B720408C13A0
11122B29C59E83011610D677195002A77AA6045FFFFFFFFFFCBFFF0000781619E342B720408C13B8
11121829C57B83011A10D673195000A79AA855BFFFFFFFFFFCAFFF0000761619E342B720408C03D0
11121629C57983011C10D673194FFFA7AAA803FFFFFFFFFFFCAFFF0000761619E342B720408C03E8
11122A29C58E83011810D67B19500BA7BAA804DFFFFFFFFFFCAFFF0000761619E342B720408C0300
11123029C58D83011510D67D195011A7CAA904AFFFFFFFFFFCAFFF0000771619E342B720408C0318
11121A29C57A83011910D6B319502CA7BAA803FFFFFFFFFFFCAFFF0000681619E342B720408C0330
11121929C57983011A10D69A19501BA7AAA82FDFFFFFFFFFFC9FFF0000791619E442B720408C0348
11123229C59483011410D69919501DA79AA903FFFFFFFFFFFC9FFF0000781619E442B720408C0360
11122B29C58983011310D69C195021A79AA8068FFFFFFFFFFCAFFF00006D1619E442B720408C0378
11122A29C59183011910D67A195008A7EAA8710FFFFFFFFFFCAFFF0000741619E442B720408C0390
11122229C59183011A10D67A195007A7EAA803FFFFFFFFFFFCAFFF00006F1619E442B720408BF3A8
11122A29C59683011910D692195016A7BAA703FFFFFFFFFFFCAFFF00006A1619E442B720408BF3C0
11123329C59683011910D66F19500DA78AA803FFFFFFFFFFFCAFFF0000771619E442B720408BF3D8
11122F29C59283011B10D666194FFEA78AA703FFFFFFFFFFFCAFFF0000771619E442B720408C03F0
11123329C59A83011710D67E195009A7BAA703FFFFFFFFFFFCAFFF0000701619E442B720408BF308
11124029C5B083010D10D68E195011A7AAA71D9FFFFFFFFFFCAFFF0000761619E442B720408BF320
11123829C5A683010F10D668195003A7AAA6170FFFFFFFFFFC9FFF0000631619E442B720408BF338
11123529C59E83011D10D663194FF5A7CAA703FFFFFFFFFFFC9FFF0000731619E442B720408BF350
11123729C5A383012110D65C194FF0A7BAA903FFFFFFFFFFFCAFFF0000731619E442B720408BF368
11123C29C5AA83011610D656194FEBA7CAA803FFFFFFFFFFFCAFFF00006E1619E442B720408BF380
11123C29C5AA83011110D661194FF0A7BAA80DCFFFFFFFFFFCBFFF0000701619E442B720408BF398
11123A29C5AA83011110D655194FE6A7AAA79CBFFFFFFFFFFC9FFF0000771619E442B720408BF3B0
11123229C59B83011410D642194FDBA7AAA703FFFFFFFFFFFC9FFF00006C1619E442B720408BF3C8
11122929C58F83011D10D634194FD0A7AAA803FFFFFFFFFFFCAFFF0000721619E442B720408BF3E0
11122629C58E83011E10D639194FD5A7BAA903FFFFFFFFFFFCAFFF00006A1619E442B720408BF3F8
11122229C58783011710D647194FE1A7AAA903FFFFFFFFFFFCAFFF0000631619E442B720408BF310
11122629C58883011410D63A194FD8A79AA8045FFFFFFFFFFCAFFF0000741619E442B720408BF328
11123029C59783011110D63C194FD9A78AA803FFFFFFFFFFFC9FFF0000751619E442B720408BF340
11123729C59A83011210D63A194FD8A77AA703FFFFFFFFFFFC9FFF0000751619E442B720408BF358
11122329C58783011610D639194FD2A77AA703FFFFFFFFFFFCAFFF0000741619E442B720408BF370
1111FF29C56183011B10D635194FD0A79AA903FFFFFFFFFFFC9FFF0000731619E442B720408BE388
11121729C56C83011810D643194FDAA78AAA6EBFFFFFFFFFFCAFFF0000681619E442B720408BF3A0
11121129C56783011910D63D194FD2A78AA92EEFFFFFFFFFFCAFFF00006B1619E442B720408BF3B8
11121229C56C83011E10D639194FCFA77AA903FFFFFFFFFFFCAFFF00006D1619E442B720408BE3D0
11122329C58083011610D642194FD8A7AAA803FFFFFFFFFFFCAFFF0000751619E542B720408BF3E8
11121729C57483010A10D649194FD7A7AAA903FFFFFFFFFFFCAFFF0000751619E542B720408BE300
11121229C56B83010E10D652194FE7A79AA903FFFFFFFFFFFC9FFF0000631619E542B720408BE318
11120929C56383011B10D631194FCDA79AA903FFFFFFFFFFFC9FFF0000701619E542B720408BD330
11120E29C56983012010D630194FCDA7BAAA2D7FFFFFFFFFFCAFFF00006F1619E542B720408BE348
11121A29C57D83011C10D640194FD7A7AAA903EFFFFFFFFFFC9FFF0000701619E542B720408BE360
11122329C58283011310D649194FE2A78AA803FFFFFFFFFFFC9FFF00006A1619E542B720408BD378
11122829C59283010C10D651194FE1A78AA803FFFFFFFFFFFCBFFF0000721619E542B720408BE390
11121629C57583011010D64D194FE1A78AA903FFFFFFFFFFFCAFFF0000711619E542B720408BD3A8
11121329C56C83011910D647194FDEA78AA8648FFFFFFFFFFC9FFF00006A1619E542B720408BD3C0
11120B29C57383011E10D64C194FE3A79AA8406FFFFFFFFFFCAFFF00006F1619E542B720408BD3D8
11122029C57983011D10D64D194FE2A79AAA03FFFFFFFFFFFCAFFF0000681619E542B720408BD3F0
11121C29C57883011610D64D194FE4A78AAA35DFFFFFFFFFFCAFFF0000691619E542B720408BD308
11122B29C58E83010D10D64F194FE3A77AA903FFFFFFFFFFFCAFFF0000681619E542B720408BD320
11122A29C58B83010C10D64F194FE4A77AA803FFFFFFFFFFFCAFFF0000701619E542B720408BD338
11123029C59C83011810D63F194FD9A77AA803FFFFFFFFFFFCBFFF0000701619E542B720408BD350
11121F29C58483011B10D644194FDEA79AA8593FFFFFFFFFFCAFFF00006A1619E542B720408BD368
11121129C57183011310D641194FDFA7BAA903EFFFFFFFFFFCAFFF0000701619E542B720408BD380
11121629C56783011410D644194FDEA79AA803FFFFFFFFFFFCAFFF0000661619E542B720408BD398
11121729C57483011D10D633194FCFA7BAA803FFFFFFFFFFFCAFFF0000661619E542B720408BD3B0
11122029C58183011D10D642194FDCA7CAA903FFFFFFFFFFFC9FFF0000671619E542B720408BC3C8
11122F29C59683011010D64E194FE4A7CAA903FFFFFFFFFFFCAFFF00006E1619E542B720408BD3E0
11122629C58F83011010D650194FE5A7AAA8090FFFFFFFFFFCAFFF00006E1619E542B720408BD3F8
11122029C58683011A10D64E194FE3A79AA9151FFFFFFFFFFCAFFF0000661619E542B720408BD310
11122029C58383011810D653194FE7A79AAB03FFFFFFFFFFFC9FFF0000671619E542B720408BD328
11121C29C57983011110D666194FEFA7BAAA03FFFFFFFFFFFC9FFF00006F1619E542B720408BD340
11121C29C57683011210D659194FEDA7BAA903FFFFFFFFFFFC9FFF00006D1619E542B720408BC358
11121E29C57C83011A10D659194FEDA7AAA939FFFFFFFFFFFC9FFF0000651619E542B720408BC370
11122329C58683011D10D65B194FEFA7AAAA87DFFFFFFFFFFCAFFF00006F1619E642B720408BC388
11122C29C59283011210D664194FF2A7AAAA03EFFFFFFFFFFCAFFF0000661619E642B720408BC3A0
11122C29C59A83010B10D660194FF1A79AA903FFFFFFFFFFFCAFFF00006C1619E642B720408BC3B8
11122829C59283011610D65D194FF1A77AA703FFFFFFFFFFFCAFFF00006C1619E642B720408BC3D0
11122B29C59483011F10D655194FEAA77AA803FFFFFFFFFFFCAFFF00006E1619E642B720408BC3E8
11122E29C59883011810D659194FECA77AA903FFFFFFFFFFFC9FFF00006F1619E642B720408BC300
11122529C58E83011110D65F194FEFA76AA7147FFFFFFFFFFCAFFF00006F1619E642B720408BC318
11122329C58983011110D646194FE1A78AA631EFFFFFFFFFFCAFFF00006E1619E642B720408BC330
11122129C58883011210D637194FD5A78AA603FFFFFFFFFFFCAFFF0000631619E642B720408BC348
11122429C58783011310D631194FCFA78AA603FFFFFFFFFFFC9FFF0000611619E642B720408BC360
11122129C58283011E10D61E194FBCA79AA703FFFFFFFFFFFC9FFF00006B1619E642B720408BC378
11121A29C57A83012210D62A194FC9A7AAA803FFFFFFFFFFFCAFFF00006F1619E642B720408BC390
11122B29C59383011210D63A194FD3A7CAA903FFFFFFFFFFFCAFFF0000701619E642B720408BC3A8
11123429C5A283010410D63A194FDCA7BAA804AFFFFFFFFFFC9FFF00005E1619E642B720408BB3C0
11122429C58883010D10D63D194FDBA79AAA2F8FFFFFFFFFFC9FFF00006B1619E642B720408BC3D8
11122729C59083011910D628194FC7A77AAA03FFFFFFFFFFFCAFFF0000571619E642B720408BB3F0
11122929C59683011C10D632194FCDA78AA903FFFFFFFFFFFCAFFF0000671619E642B720408BB308
11122929C59A83011D10D630194FC9A79AA703FFFFFFFFFFFC9FFF00006A1619E642B720408BB320
11121829C58483011910D641194FDAA77AA7244FFFFFFFFFFC9FFF00006E1619E642B720408BB338
11121229C57183010E10D645194FDAA77AA6509FFFFFFFFFFCAFFF00006F1619E642B720408BB350
11120229C54F83010B10D645194FDBA79AA603FFFFFFFFFFFCAFFF00006E1619E642B720408BB368
11120B29C56683011110D639194FD0A7AAA803FFFFFFFFFFFCAFFF00005A1619E642B720408BB380
11121829C57983011910D633194FCDA79AA903FFFFFFFFFFFC9FFF0000661619E642B720408BB398
1111FF29C55383012110D630194FCBA7BAA903FFFFFFFFFFFC9FFF0000661619E642B720408BB3B0
11120C29C55F83012010D63A194FD3A7AAA903FFFFFFFFFFFCAFFF0000621619E642B720408BB3C8
11121729C57183010F10D644194FDAA79AAB293FFFFFFFFFFCAFFF00006C1619E642B720408BB3E0
11122A29C58783010310D653194FE7A79AAC095FFFFFFFFFFCAFFF00006C1619E642B720408BB3F8
11120D29C56783010C10D644194FDBA79AAC03FFFFFFFFFFFCAFFF0000691619E742B720408BA310
11121129C56D83011A10D637194FD1A79AAB03FFFFFFFFFFFCAFFF0000641619E742B720408BA328
11121229C56A83011D10D634194FD2A7BAAA324FFFFFFFFFFCAFFF0000691619E742B720408BA340
11120F29C56983011A10D63A194FD3A7BAAA374FFFFFFFFFFCAFFF0000671619E742B720408BA358
11120D29C56083011B10D630194FCDA79AA96E1FFFFFFFFFFCAFFF0000601619E742B720408BA370
11121329C56983011710D635194FD0A79AA803FFFFFFFFFFFCAFFF00005F1619E742B720408BA388
11120F29C56983010F10D62F194FCCA79AA903FFFFFFFFFFFCAFFF0000661619E742B720408BA3A0
11120929C55783010F10D634194FCCA78AAA03FFFFFFFFFFFCAFFF0000691619E742B720408BA3B8
1111DE29C51F83011910D630194FC9A78AA903FFFFFFFFFFFCAFFF00006B1619E742B720408B93D0
1111F129C53783011410D634194FCFA79AAB03FFFFFFFFFFFCAFFF00006B1619E742B720408B93E8
1111E629C53383010E10D635194FD0A78AAA4EBFFFFFFFFFFCAFFF0000601619E742B720408B9300
1111EA29C52F83011910D632194FCDA79AAA0E8FFFFFFFFFFCAFFF00005D1619E742B720408B9318
1111ED29C53383012010D62F194FCAA7AAAA03FFFFFFFFFFFCBFFF0000651619E742B720408B9330
1111FF29C54B83011610D636194FD0A7AAAB03FFFFFFFFFFFCBFFF0000671619E742B720408BA348
1111F329C54383010C10D639194FD2A78AAA03FFFFFFFFFFFC8FFF00005F1619E742B720408B9360
1111F029C53883011110D639194FD2A78AA803FFFFFFFFFFFC8FFF0000681619E742B720408B9378
1111F329C53D83011A10D63C194FD7A79AA703FFFFFFFFFFFC9FFF0000691619E742B720408B9390
1111F629C54083011510D640194FD6A79AA83FDFFFFFFFFFFCAFFF0000591619E742B720408B93A8
1111F429C54083010E10D63D194FD4A79AA803FFFFFFFFFFFCAFFF0000671619E742B720408B93C0
1111F529C53F83011410D63E194FD7A79AA904CFFFFFFFFFFCAFFF00005D1619E742B720408B93D8
1111F929C54483011D10D642194FDAA7AAA9041FFFFFFFFFFCAFFF0000661619E742B720408B93F0
1111FC29C54A83011910D63E194FD7A7AAAA03FFFFFFFFFFFCAFFF00005F1619E742B720408B9308
1111FF29C55083011010D645194FD8A79AAB03FFFFFFFFFFFCBFFF0000671619E742B720408B9320
11120729C55B83010C10D64D194FE4A79AA903FFFFFFFFFFFCAFFF00005F1619E742B720408B9338
11120029C55183011110D64D194FE3A79AA9239FFFFFFFFFFC9FFF0000601619E742B720408B9350
1111FB29C54783011910D646194FDFA79AAA516FFFFFFFFFFC9FFF0000641619E742B720408B9368
1111FC29C55783011710D647194FDEA78AA903FFFFFFFFFFFCCFFF0000661619E742B720408B9380
11120429C55583010F10D650194FE3A79AA903FFFFFFFFFFFCAFFF00005E1619E842B720408B8398
1111FF29C55583010E10D64B194FE3A79AA903FFFFFFFFFFFCAFFF0000661619E842B720408B83B0
1111FF29C55083011810D646194FDFA79AAA03FFFFFFFFFFFCAFFF0000651619E842B720408B93C8
1111FF29C55083011C10D645194FDBA78AAB03FFFFFFFFFFFCAFFF00005E1619E842B720408B93E0
11120329C55583011210D64C194FE2A79AAC292FFFFFFFFFFCAFFF0000641619E842B720408B83F8
11120429C55783011010D646194FDDA7AAAA488FFFFFFFFFFCAFFF0000661619E842B720408B8310
1111FF29C55083011610D640194FD6A79AA803FFFFFFFFFFFCBFFF0000661619E842B720408B8328
11120429C55483011310D642194FD7A78AA703FFFFFFFFFFFCBFFF0000651619E842B720408B8340
11120829C55983010E10D647194FD9A79AA703FFFFFFFFFFFCBFFF0000641619E842B720408B8358
11120529C55983011210D63B194FD3A78AA8368FFFFFFFFFFC9FFF0000531619E842B720408B8370
1111FE29C54F83011910D631194FCBA77AA96F3FFFFFFFFFFC9FFF0000651619E842B720408B8388
11120229C55283011310D641194FD7A77AA903FFFFFFFFFFFCAFFF0000661619E842B720408B83A0
11120729C55D83010B10D65B194FE6A78AA903FFFFFFFFFFFCAFFF0000641619E842B720408B83B8
1111FF29C55083011110D636194FCFA79AA903FFFFFFFFFFFCAFFF0000631619E842B720408B83D0
1111F729C54483011B10D627194FC3A78AA903FFFFFFFFFFFCBFFF0000631619E842B720408B83E8
1111FF29C54E83011910D62E194FCCA77AA803FFFFFFFFFFFCAFFF00005D1619E842B720408B8300
11120429C55583011210D62F194FCCA78AA84E2FFFFFFFFFFCAFFF0000651619E842B720408B7318
11120329C55683010E10D62D194FC9A77AA90F3FFFFFFFFFFCBFFF00005C1619E842B720408B8330
11120229C55283010F10D62D194FC9A78AA903FFFFFFFFFFFCAFFF0000631619E842B720408B8348
1111FF29C55183011210D632194FCCA79AA903FFFFFFFFFFFCAFFF0000621619E842B720408B7360
1111FF29C55383011610D62F194FC9A79AAB4BEFFFFFFFFFFCAFFF0000621619E842B720408B8378
1111FE29C55383011510D62E194FC9A78AAB03FFFFFFFFFFFC9FFF0000531619E842B720408B7390
1111F829C55583011210D639194FD2A78AA803FFFFFFFFFFFCAFFF0000641619E842B720408B73A8
11121029C56483010D10D63B194FD2A77AA71A0FFFFFFFFFFCAFFF0000641619E842B720408B73C0
11120D29C56683011010D63B194FD3A77AA703FFFFFFFFFFFCAFFF0000621619E842B720408B73D8
11120629C55B83011810D63B194FD4A78AA803FFFFFFFFFFFCAFFF0000591619E842B720408B83F0
1111FF29C55783011B10D63D194FD6A7AAA903FFFFFFFFFFFCAFFF0000621619E842B720408B7308
11120A29C56183011310D63C194FD6A79AA903FFFFFFFFFFFCAFFF00005B1619E942B720408B7320
11120229C56483010910D63C194FD7A77AA9776FFFFFFFFFFC9FFF0000631619E942B720408B7338
11120329C55C83010C10D63B194FD5A78AA9150FFFFFFFFFFC9FFF0000521619E942B720408B7350
11120329C55A83011710D631194FCCA7BAA903FFFFFFFFFFFCAFFF0000591619E942B720408B7368
1111F929C54A83011C10D632194FCDA7BAA803FFFFFFFFFFFCAFFF0000611619E942B720408B6380
1111FE29C54E83011410D631194FCEA79AA903FFFFFFFFFFFCAFFF00005A1619E942B720408B7398
1111FE29C55983010B10D630194FCDA7AAA803FFFFFFFFFFFCAFFF0000621619E942B720408B63B0
1111FC29C55283010C10D633194FCCA7AAA803FFFFFFFFFFFCBFFF0000611619E942B720408B63C8
1111FD29C55283011410D632194FCEA78AA9509FFFFFFFFFFCBFFF0000581619E942B720408B63E0
1111FD29C55383011710D632194FCEA79AA803FFFFFFFFFFFC9FFF00005F1619E942B720408B63F8
1111F429C54483011710D637194FCFA7AAA803FFFFFFFFFFFC9FFF0000581619E942B720408B7310
1111ED29C53A83011510D637194FD3A7AAA903FFFFFFFFFFFC9FFF0000631619E942B720408B7328
1111FC29C55483010C10D634194FD0A7AAA903FFFFFFFFFFFC9FFF0000631619E942B720408B6340
11120529C56083010710D63E194FD9A79AA903FFFFFFFFFFFCAFFF0000611619E942B720408B6358
1111F729C54A83011010D63F194FD7A77AAA05DFFFFFFFFFFCBFFF0000561619E942B720408B6370
1111F829C54A83011D10D638194FD3A78AA97BDFFFFFFFFFFCAFFF00005D1619E942B720408B6388
1111FC29C54D83011D10D640194FD8A7BAAA086FFFFFFFFFFC9FFF00005E1619E942B720408B53A0
1111FD29C55083011410D633194FCCA7BAAA964FFFFFFFFFFCAFFF0000581619E942B720408B53B8
1111F629C55283010B10D63D194FD2A7CAA903FFFFFFFFFFFCAFFF0000621619E942B720408B53D0
1111FB29C55083010910D644194FD4A7AAA93C6FFFFFFFFFFCCFFF0000611619E942B720408B63E8
1111F829C54883010E10D634194FCEA77AA90D3FFFFFFFFFFCAFFF0000571619E942B720408B5300
1111F829C54883011810D631194FCCA79AAA03FFFFFFFFFFFCAFFF00005E1619E942B720408B5318
1111FB29C54D83011F10D634194FCEA7BAAA45BFFFFFFFFFFC9FFF00005D1619E942B720408B5330
1111F929C54583011C10D639194FD2A7AAAA549FFFFFFFFFFCBFFF0000551619E942B720408B5348
1111F929C54783011310D636194FCFA78AAA03FFFFFFFFFFFCCFFF00004E1619E942B720408B5360
1111FB29C55683010A10D63B194FD2A76AAB46FFFFFFFFFFFCBFFF00005E1619E942B720408B5378
1111F529C55183010810D63C194FD3A77AA80EEFFFFFFFFFFCAFFF00005F1619E942B720408B5390
1111F729C54783011010D636194FD0A76AA803FFFFFFFFFFFCAFFF00005F1619E942B720408B53A8
1111F429C54183011610D636194FCFA78AA93B6FFFFFFFFFFCAFFF0000561619E942B720408B53C0
1111F129C53E83011910D633194FCDA79AA90D3FFFFFFFFFFCAFFF00005D1619E942B720408B53D8
1111F129C53D83011910D634194FCDA7BAA903FFFFFFFFFFFCAFFF0000541619E942B720408B53F0
1111E529C53583011610D63A194FCFA7BAA8636FFFFFFFFFFCAFFF00005C1619E942B720408B5308
1111E929C53B83011210D632194FCEA7BAA7132FFFFFFFFFFCBFFF00005C1619E942B720408B5320
1111F729C54383011110D636194FD0A7AAA703FFFFFFFFFFFCBFFF00005D1619E942B720408B5338
1111F729C54383011110D642194FD7A7DAA85A8FFFFFFFFFFCAFFF00005E1619E942B720408B5350
1111F729C54583011010D649194FDCA7CAA811FFFFFFFFFFFCAFFF0000571619E942B720408B5368
1111F929C54583010D10D642194FD9A78AA803FFFFFFFFFFFCBFFF0000561619E942B720408B5380
1111F629C54383010E10D645194FDBA78AA8648FFFFFFFFFFCBFFF00004A1619E942B720408B5398
1111F029C53883011710D634194FCFA78AA74DDFFFFFFFFFFCAFFF00005A1619E942B720408B53B0
1111EE29C53883012010D632194FCDA7AAA903FFFFFFFFFFFC9FFF00005B1619E942B720408B53C8
1111F529C54283011B10D632194FCFA7AAAB703FFFFFFFFFFC9FFF0000551619E942B720408B53E0
1111FB29C54F83010F10D645194FDAA78AAB152FFFFFFFFFFC9FFF0000561619E942B720408B53F8
11120429C56B83010510D659194FEBA78AAC03FFFFFFFFFFFCAFFF00005D1619E942B720408B4310
1111FD29C55983010710D649194FE0A79AAA6C7FFFFFFFFFFCAFFF00004B1619E942B720408B4328
1111F929C54B83011910D635194FCFA79AA914BFFFFFFFFFFC9FFF0000591619E942B720408B4340
1111FA29C54B83012510D632194FCEA79AA903FFFFFFFFFFFCAFFF00005A1619EA42B720408B4358
1111F829C54983011A10D632194FCDA79AA8843FFFFFFFFFFCAFFF00005C1619EA42B720408B5370
1111FF29C55A83010610D647194FDCA79AA7182FFFFFFFFFFCAFFF00005D1619EA42B720408B4388
11120529C56583010110D64A194FE1A7AAA9057FFFFFFFFFFCAFFF0000531619EA42B720408B43A0
1111F929C55183011510D633194FCFA7CAA9843FFFFFFFFFFCBFFF0000571619EA42B720408B43B8
1111F729C54A83012610D636194FD1A7AAA917BFFFFFFFFFFCBFFF0000521619EA42B720408B43D0
1111F929C54F83011D10D637194FD0A7AAA97B1FFFFFFFFFFCAFFF00004C1619EA42B720408B43E8
1111FD29C55483010B10D640194FD8A7CAA9172FFFFFFFFFFCAFFF00005B1619EA42B720408B4300
1111FF29C55783010410D646194FDBA7BAA87E5FFFFFFFFFFCAFFF00005A1619EA42B720408B4318
1111FB29C55383010B10D63A194FD2A78AA8176FFFFFFFFFFCBFFF0000581619EB42B720408B4330
1111F929C54F83011710D633194FCEA76AAA042FFFFFFFFFFCBFFF0000581619EB42B720408B4348
1111F629C54A83011F10D632194FCEA75AAA7BDFFFFFFFFFFCBFFF00004F1619EB42B720408B4360
1111FC29C55183011A10D639194FD2A76AA9172FFFFFFFFFFCAFFF0000571619EB42B720408B4378
1111F629C54983010D10D642194FD5A75AAB03FFFFFFFFFFFCAFFF00005A1619EB42B720408B3390
1111F929C54E83010710D63E194FD7A77AA9709FFFFFFFFFFCAFFF0000501619EB42B720408B33A8
1111F829C54C83010C10D63D194FD5A78AA715CFFFFFFFFFFCBFFF0000571619EB42B720408B33C0
1111F629C54D83011710D635194FCFA78AA80B5FFFFFFFFFFCAFFF0000501619EB42B720408B33D8
1111F729C54D83011B10D62F194FCBA78AA9B54FFFFFFFFFFC9FFF00005A1619EB42B720408B33F0
1111F729C54983011210D640194FD6A79AA9561FFFFFFFFFFC9FFF0000541619EB42B720408B3308
1111F529C54A83010910D63E194FD6A7AAA80BFFFFFFFFFFFCAFFF00005A1619EB42B720408B3320
1111F429C54083010E10D63A194FD4A7BAA9B2FFFFFFFFFFFCAFFF00004F1619EB42B720408B3338
1111F029C53C83011910D629194FC8A7AAA91BFFFFFFFFFFFCBFFF00004E1619EB42B720408B3350
1111ED29C53E83011D10D628194FC8A78AA80D9FFFFFFFFFFCAFFF0000571619EB42B720408B3368
1111F229C53F83011310D635194FCFA76AA826AFFFFFFFFFFC9FFF0000591619EB42B720408B3380
1111F129C54183010710D63D194FD3A77AA803FFFFFFFFFFFC9FFF00005A1619EB42B720408B3398
1111F129C53D83010610D63A194FD4A76AA70EAFFFFFFFFFFC9FFF0000511619EB42B720408B33B0
1111EF29C53A83011110D637194FD2A75AA729BFFFFFFFFFFC9FFF0000501619EB42B720408B23C8
1111F329C54883011B10D62E194FCCA77AA903FFFFFFFFFFFCAFFF0000441619EB42B720408B33E0
1111F629C54A83011E10D633194FCFA79AA917DFFFFFFFFFFCAFFF0000561619EB42B720408B23F8
1111F129C53F83011510D63B194FD4A77AA8407FFFFFFFFFFCBFFF0000511619EB42B720408B2310
1111F129C53B83010710D63F194FD8A77AA803FFFFFFFFFFFCBFFF0000591619EB42B720408B1328
1111EF29C53A83010710D63E194FD8A77AA819AFFFFFFFFFFCAFFF0000551619EB42B720408B2340
1111EC29C53983010F10D636194FD2A79AA8447FFFFFFFFFFC9FFF0000511619EB42B720408B2358
1111EE29C54083011610D629194FCCA78AA8503FFFFFFFFFFC9FFF0000561619EB42B720408B2370
1111F229C54883011A10D622194FC8A78AA920EFFFFFFFFFFCAFFF0000561619EB42B720408B2388
1111EF29C53D83011810D629194FCAA7CAAA52DFFFFFFFFFFCAFFF0000481619EC42B720408B13A0
1111F229C53F83010B10D639194FD6A7BAAA03FFFFFFFFFFFCAFFF0000581619EC42B720408B13B8
1111F129C54083010210D63A194FD5A79AA81EFFFFFFFFFFFCBFFF0000471619EC42B720408B13D0
1111F129C53F83010910D636194FD4A7BAA84F5FFFFFFFFFFCAFFF0000551619EC42B720408B23E8
1111F229C54183011910D62A194FCFA7BAAA03FFFFFFFFFFFCAFFF0000551619EC42B720408B1300
1111F429C54583011C10D62E194FD1A79AAA1D8FFFFFFFFFFCAFFF0000561619EC42B720408B1318
1111F029C54283011210D633194FD1A79AA94CCFFFFFFFFFFC9FFF0000571619EC42B720408B1330
1111F129C54483010E10D634194FD4A79AAA03FFFFFFFFFFFC9FFF0000571619EC42B720408B1348
1111ED29C53D83011010D62B194FD0A7AAA91F7FFFFFFFFFFC9FFF0000571619EC42B720408B1360
1111EE29C54183010E10D62D194FCFA78AA8509FFFFFFFFFFCAFFF0000561619EC42B720408B1378
1111E829C53D83010A10D62E194FD0A79AA703FFFFFFFFFFFCAFFF0000441619EC42B720408B1390
1111E729C53A83011010D627194FC7A7AAA82ACFFFFFFFFFFCAFFF0000531619EC42B720408B13A8
1111E729C53583011710D621194FC0A7CAA903EFFFFFFFFFFCAFFF0000541619EC42B720408B13C0
1111E929C53883011410D62D194FC9A7CAA82E0FFFFFFFFFFCBFFF0000561619EC42B720408B13D8
1111E829C53D83010C10D627194FC9A7BAA703EFFFFFFFFFFCBFFF0000571619EC42B720408B13F0
1111F029C54283010910D626194FC9A7AAA803FFFFFFFFFFFCBFFF0000571619EC42B720408B1308
1111E229C52C83010E10D624194FC7A79AA94AFFFFFFFFFFFCAFFF0000551619EC42B720408B1320
1111DB29C52183011810D623194FC2A78AA877FFFFFFFFFFFCAFFF0000431619EC42B720408B1338
1111E029C52C83011C10D626194FC6A77AA9534FFFFFFFFFFCAFFF0000531619EC42B720408B1350
1111E029C52583011310D624194FC5A77AAA56FFFFFFFFFFFCAFFF0000541619EC42B720408B1368
1111E729C53583010710D620194FC2A78AAB7FEFFFFFFFFFFCAFFF0000441619EC42B720408B1380
1111E329C53883010310D61A194FBFA78AAA03FFFFFFFFFFFCAFFF0000561619EC42B720408B0398
1111DC29C52583010810D627194FCAA78AAB03FFFFFFFFFFFCAFFF0000551619EC42B720408B13B0
1111DC29C52383011210D634194FD1A77AAB118FFFFFFFFFFCAFFF00004D1619EC42B720408B13C8
1111DB29C52583011910D631194FCFA79AAA06AFFFFFFFFFFCAFFF0000521619ED42B720408B03E0
1111E429C53483011610D62B194FCDA79AA903FFFFFFFFFFFC9FFF0000531619ED42B720408B03F8
1111E529C53483011110D626194FCBA79AA903FFFFFFFFFFFCAFFF0000531619ED42B720408B0310
1111E329C52E83010E10D612194FCAA7BAA903FFFFFFFFFFFC9FFF0000531619ED42B720408B0328
1111E129C53383010B10D619194FCCA7BAA9265FFFFFFFFFFCAFFF0000541619ED42B720408B0340
1111D829C52D83010710D62A194FCFA7BAA95EFFFFFFFFFFFC9FFF0000541619ED42B720408B0358
1111D729C52683010B10D62B194FD0A7AAAA03FFFFFFFFFFFC9FFF0000531619ED42B720408B0370
1111DD29C53283011410D635194FD3A7AAA903FFFFFFFFFFFC9FFF0000531619ED42B720408B0388
1111DE29C52C83011510D638194FD5A79AA903FFFFFFFFFFFC9FFF0000431619ED42B720408B03A0
1111DA29C52C83010C10D62F194FD1A7BAA8576FFFFFFFFFFCAFFF0000531619ED42B720408B03B8
1111DC29C52D83010A10D631194FD2A7EAA903FFFFFFFFFFFCAFFF0000531619ED42B720408B03D0
1111E629C53783011110D63B194FD8A7BAA933EFFFFFFFFFFCAFFF0000531619ED42B720408B03E8
1111ED29C53B83011210D641194FDAA78AA80D3FFFFFFFFFFCAFFF0000521619ED42B720408B0300
1111EA29C53A83011010D639194FD6A77AA803FFFFFFFFFFFCBFFF00004A1619ED42B720408B0318
1111E729C53983010F10D63A194FD8A78AA903FFFFFFFFFFFCAFFF0000531619ED42B720408B0330
1111E229C53283010B10D639194FD7A79AA903FFFFFFFFFFFCAFFF0000531619ED42B720408B0348
1111DE29C53683010610D63D194FD6A7AAA903FFFFFFFFFFFCBFFF00004C1619ED42B720408B0360
1111E029C53283010C10D643194FDCA79AA903FFFFFFFFFFFCBFFF0000501619ED42B720408AF378
1111E829C53B83011310D645194FDDA78AA903FFFFFFFFFFFCAFFF0000521619ED42B720408B0390
1111EF29C54083011510D648194FDCA78AA803FFFFFFFFFFFC9FFF00004A1619ED42B720408B03A8
1111E429C53683010F10D63E194FD9A7AAA803FFFFFFFFFFFC9FFF00004B1619ED42B720408B03C0
1111D829C52E83010610D631194FD4A7BAA703FFFFFFFFFFFC9FFF0000521619ED42B720408AF3D8
1111D629C52C83010610D63D194FD9A77AA703FFFFFFFFFFFCBFFF0000481619ED42B720408AF3F0
1111EC29C53D83011110D643194FDBA75AA8594FFFFFFFFFFCAFFF0000501619ED42B720408AF308
1111F229C54383011710D643194FDCA76AA86D5FFFFFFFFFFCAFFF0000491619ED42B720408AF320
1111E829C53883011210D648194FDAA77AA903FFFFFFFFFFFCBFFF0000511619ED42B720408AF338
1111E129C53783010A10D642194FD9A7AAA803FFFFFFFFFFFCAFFF0000531619EE42B720408AF350
1111D029C53183010710D64E194FE2A79AA903FFFFFFFFFFFCAFFF0000491619EE42B720408AF368
1111E029C53983010910D64A194FE5A79AA903FFFFFFFFFFFCAFFF00004F1619EE42B720408AF380
1111EC29C53D83011110D64F194FE4A79AA903FFFFFFFFFFFCAFFF0000481619EE42B720408AF398
1111EF29C54083011710D653194FE7A77AA927CFFFFFFFFFFC9FFF0000471619EE42B720408AF3B0
1111ED29C53C83011110D64D194FE1A78AAB03FFFFFFFFFFFC9FFF0000511619EE42B720408AF3C8
1111DD29C53783010710D64F194FE3A79AAB03FFFFFFFFFFFC9FFF0000511619EE42B720408AF3E0
1111E029C53383010710D650194FE7A77AA803FFFFFFFFFFFCAFFF0000481619EE42B720408AF3F8
1111F029C54483010D10D65A194FECA78AA803FFFFFFFFFFFCAFFF00004F1619EE42B720408AE310
1111F029C54283011210D65D194FF0A79AA982FFFFFFFFFFFCAFFF0000461619EE42B720408AF328
1111F129C54883011110D65B194FF0A7AAA91ACFFFFFFFFFFCAFFF0000471619EE42B720408AE340
1111FD29C54E83010D10D65B194FEAA79AA903FFFFFFFFFFFCBFFF00003F1619EE42B720408AE358
1111FC29C55183010810D64F194FE6A79AA903FFFFFFFFFFFCBFFF00004F1619EE42B720408AE370
11120129C54E83010C10D657194FECA77AA903FFFFFFFFFFFCBFFF0000471619EE42B720408AE388
11120B29C56183011410D65D194FF0A7AAA903FFFFFFFFFFFCBFFF00004F1619EE42B720408AE3A0
11120329C55583011410D65D194FF0A7CAA803FFFFFFFFFFFCBFFF00004F1619EE42B720408AE3B8
1111FB29C55683010B10D657194FEAA7CAAA529FFFFFFFFFFCBFFF0000471619EE42B720408AE3D0
11120929C55F83010710D656194FE9A7BAAB03FFFFFFFFFFFCAFFF00004E1619EE42B720408AD3E8
1111FE29C55383010E10D65A194FEDA7BAAA047FFFFFFFFFFC9FFF0000461619EE42B720408AE300
11120029C55683011010D65D194FEFA7BAA8047FFFFFFFFFFCAFFF00004E1619EE42B720408AD318
11120729C55C83010F10D65E194FF0A7AAA903FFFFFFFFFFFCBFFF0000461619EE42B720408AD330
11120129C55683010C10D658194FECA79AA903FFFFFFFFFFFCBFFF00004F1619EE42B720408AD348
11120629C55783010810D656194FE9A78AA803FFFFFFFFFFFCAFFF00004F1619EE42B720408AD360
11120129C55783010910D659194FECA77AA803FFFFFFFFFFFCAFFF0000461619EE42B720408AD378
1111F829C54D83011110D657194FEBA78AA8713FFFFFFFFFFCAFFF00004E1619EE42B720408AD390
1111F929C54F83011210D658194FECA7AAA903FFFFFFFFFFFCAFFF00004D1619EE42B720408AD3A8
1111F729C54F83011010D656194FEBA7CAAB03FFFFFFFFFFFCAFFF00004D1619EF42B720408AD3C0
1111F829C54D83010F10D64A194FE8A7DAAC03FFFFFFFFFFFCAFFF00004A1619EF42B720408AD3D8
1111F729C54C83010C10D652194FE8A7CAAC03FFFFFFFFFFFCAFFF0000481619EF42B720408AD3F0
1111F229C54783010B10D650194FE7A7BAAB03FFFFFFFFFFFCAFFF00004E1619EF42B720408AD308
1111FC29C54F83010E10D651194FE7A7CAAB196FFFFFFFFFFCAFFF0000451619EF42B720408AD320
1111F629C54C83010D10D653194FE8A79AAA18AFFFFFFFFFFCAFFF0000441619EF42B720408AD338
1111FB29C54F83010D10D655194FEAA7AAAB03FFFFFFFFFFFCAFFF00004B1619EF42B720408AD350
11120529C55D83011610D65B194FEEA79AAC03FFFFFFFFFFFCBFFF0000441619EF42B720408AD368
11120029C55583011710D661194FF1A77AAB03FFFFFFFFFFFCBFFF0000431619EF42B720408AD380
1111F029C54483010910D656194FE9A79AAA05CFFFFFFFFFFCAFFF00004D1619EF42B720408AD398
1111EE29C54683010210D659194FEBA7BAA99F3FFFFFFFFFFC9FFF00004C1619EF42B720408AD3B0
1111F729C54A83010F10D65C194FEFA7BAA903FFFFFFFFFFFC9FFF0000431619EF42B720408AD3C8
11120729C55F83011C10D65F194FF1A7AAA903FFFFFFFFFFFC9FFF00004B1619EF42B720408AD3E0
1111FB29C55183011610D65F194FF2A7BAA803FFFFFFFFFFFC9FFF00004B1619EF42B720408AD3F8
1111FB29C55483010A10D660194FF2A7CAA803FFFFFFFFFFFCBFFF00004B1619EF42B720408AD310
1111FD29C55283010710D661194FF1A7AAA903FFFFFFFFFFFCBFFF0000431619EF42B720408AD328
1111FF29C55B83010E10D663194FF4A7AAA930AFFFFFFFFFFCAFFF00004B1619EF42B720408AC340
11120429C55A83011310D667194FFAA7AAA92B7FFFFFFFFFFCBFFF00004A1619EF42B720408AD358
11121329C56783011310D669194FFCA78AA903FFFFFFFFFFFCBFFF0000431619EF42B720408AC370
11121829C57183011510D668194FF9A78AA803FFFFFFFFFFFCAFFF00004B1619EF42B720408AC388
11121429C56E83011110D666194FF4A7CAA803FFFFFFFFFFFCAFFF00004B1619EF42B720408AC3A0
11120C29C56483010810D661194FF1A7DAA903FFFFFFFFFFFCAFFF00003B1619EF42B720408AD3B8
11121129C56983010B10D661194FF2A79AA903FFFFFFFFFFFC9FFF0000461619EF42B720408AC3D0
11121629C57383011610D664194FF5A78AA818FFFFFFFFFFFC9FFF0000481619EF42B720408AD3E8
11121229C56B83011610D663194FF4A7AAA903EFFFFFFFFFFCAFFF0000421619EF42B720408AC300
11120F29C56B83010E10D664194FF4A7CAA903FFFFFFFFFFFCAFFF0000431619EF42B720408AB318
11120F29C56883010910D665194FF5A7DAA903FFFFFFFFFFFCAFFF00004B1619EF42B720408AC330
11121629C57083010B10D663194FF4A7BAA903FFFFFFFFFFFCBFFF00004A1619EF42B720408AC348
11121829C57283010E10D660194FF3A78AA74BDFFFFFFFFFFCAFFF0000401619F042B720408AC360
11121829C57483011410D655194FECA77AA83ECFFFFFFFFFFCAFFF0000471619F042B720408AC378
11121329C57383011A10D637194FD2A78AA903FFFFFFFFFFFCAFFF0000471619F042B720408AC390
11121329C56983011610D648194FE4A76AA803FFFFFFFFFFFCAFFF0000411619F042B720408AC3A8
11121229C56B83010810D664194FF2A75AA703FFFFFFFFFFFCBFFF00004A1619F042B720408AC3C0
11120F29C5678300FF10D664194FF2A78AA603FFFFFFFFFFFCBFFF00004A1619F042B720408AC3D8
11121329C56B83010410D660194FF1A7BAA603FFFFFFFFFFFCAFFF0000431619F042B720408AC3F0
11121029C56583011310D65C194FF1A79AA7419FFFFFFFFFFC9FFF0000461619F042B720408AC308
11121329C56C83011E10D659194FEDA79AA903CFFFFFFFFFFC9FFF0000481619F042B720408AC320
11121029C56883011710D660194FF2A7AAAA03FFFFFFFFFFFC9FFF0000411619F042B720408AB338
11121029C56A83010810D661194FF1A7AAA903FFFFFFFFFFFCAFFF0000461619F042B720408AB350
11121129C56B83010310D660194FF1A7AAA803FFFFFFFFFFFCBFFF0000481619F042B720408AC368
11120F29C56883010C10D65C194FEFA79AA803FFFFFFFFFFFCAFFF00003C1619F042B720408AC380
11121229C56C83011410D65E194FF0A79AA903FFFFFFFFFFFCAFFF0000451619F042B720408AB398
11121329C56E83010E10D65E194FF0A7AAA9044FFFFFFFFFFCAFFF0000491619F042B720408AB3B0
11121329C56F83010910D65D194FEFA79AA803FFFFFFFFFFFCAFFF0000481619F042B720408AB3C8
11121529C57083010E10D65A194FEDA78AA803FFFFFFFFFFFCAFFF0000361619F042B720408AB3E0
11121529C56F83011210D657194FEBA7AAA803FFFFFFFFFFFCBFFF0000451619F042B720408AB3F8
11121329C56F83011410D654194FE7A79AA903FFFFFFFFFFFCAFFF0000461619F042B720408AB310
11121229C56C83011110D658194FEBA78AA96EAFFFFFFFFFFCAFFF00003F1619F042B720408AB328
11121329C56F83010A10D656194FE9A78AA703CFFFFFFFFFFCAFFF0000481619F042B720408AB340
11121129C56A83010910D64E194FE2A79AA903FFFFFFFFFFFCAFFF0000471619F042B720408AB358
11121129C56D83010E10D63F194FD7A79AA903FFFFFFFFFFFCAFFF00003F1619F042B720408AB370
11121129C56783010E10D644194FDAA7AAAA03FFFFFFFFFFFCBFFF00003F1619F042B720408AB388
11120629C55D83010D10D64F194FE2A79AA903FFFFFFFFFFFCAFFF0000451619F042B720408AB3A0
1111FC29C54E83011010D642194FDDA79AA90B3FFFFFFFFFFC9FFF0000461619F042B720408AB3B8
1111FC29C54883011110D638194FD6A79AAA251FFFFFFFFFFCBFFF00003E1619F042B720408AB3D0
11120629C55583011010D644194FDFA79AA903FFFFFFFFFFFCBFFF0000461619F142B720408AB3E8
11120729C55D83010C10D649194FE0A78AA903FFFFFFFFFFFCAFFF0000471619F142B720408AA300
11121029C56783010610D64E194FE3A78AA803FFFFFFFFFFFCBFFF00003E1619F142B720408AA318
11120D29C56483010610D652194FE4A78AA703FFFFFFFFFFFCBFFF0000461619F142B720408AA330
1111FD29C54D83010E10D646194FDEA78AA79FDFFFFFFFFFFCAFFF0000451619F142B720408AB348
1111E429C53083011710D642194FDCA7AAA803BFFFFFFFFFFCAFFF00003D1619F142B720408AA360
1111F329C53E83011410D64A194FE0A7AAA903FFFFFFFFFFFCAFFF00003D1619F142B720408AA378
1111FB29C54B83010910D64D194FE2A7BAAA03FFFFFFFFFFFCAFFF00003D1619F142B720408AA390
1111FD29C54E83010510D653194FE3A78AAA03FFFFFFFFFFFCBFFF0000471619F142B720408A93A8
1111F529C54183010B10D648194FE0A77AA903FFFFFFFFFFFCBFFF0000461619F142B720408AA3C0
1111F829C54583010E10D648194FDEA78AAA164FFFFFFFFFFCBFFF00003C1619F142B720408A93D8
1111F329C54383010F10D645194FDAA79AAA450FFFFFFFFFFCAFFF0000441619F142B720408A93F0
1111F529C54183011210D63F194FD7A7AAA903FFFFFFFFFFFCAFFF0000441619F142B720408A9308
1111F729C54783010F10D63F194FD7A7AAA803FFFFFFFFFFFCAFFF0000351619F142B720408A9320
1111FD29C54F83010710D63F194FDCA7BAA803FFFFFFFFFFFCAFFF0000451619F142B720408A9338
1111FD29C54E83010710D641194FDAA7BAA803FFFFFFFFFFFCAFFF0000451619F142B720408A9350
1111FC29C54F83010B10D640194FD7A7AAA903FFFFFFFFFFFCAFFF0000451619F142B720408A9368
1111FC29C54E83010E10D631194FCBA79AA9147FFFFFFFFFFCAFFF00003C1619F142B720408A9380
1111DE29C53383011110D61F194FBEA7BAA907EFFFFFFFFFFC9FFF0000431619F142B720408A9398
1111C029C52C83011010D61D194FBDA7BAAB03FFFFFFFFFFFC9FFF0000431619F142B720408A93B0
1111FD29C54883010B10D629194FC8A7BAAB03FFFFFFFFFFFCAFFF00003B1619F142B720408A93C8
1111FD29C54D83010A10D625194FC7A7BAAB03FFFFFFFFFFFC9FFF0000441619F142B720408A93E0
1111FC29C54883010B10D628194FC7A7BAAA250FFFFFFFFFFC9FFF00003C1619F142B720408A93F8
11120029C54D83010B10D62C194FC8A7CAA9651FFFFFFFFFFCBFFF0000441619F142B720408A9310
1111FE29C54983010A10D61E194FBFA7AAA903FFFFFFFFFFFCBFFF0000431619F142B720408A9328
1111D529C51F83010D10D611194FB3A78AA903FFFFFFFFFFFCAFFF0000431619F142B720408A9340
1111D129C52283010D10D61C194FB6A7AAA803FFFFFFFFFFFCAFFF0000431619F142B720408A9358
1111DC29C52583010D10D61E194FB9A7BAA803FFFFFFFFFFFCBFFF00003B1619F242B720408A9370
1111E529C52C83010C10D61D194FBCA7AAA903FFFFFFFFFFFCAFFF0000431619F242B720408A9388
1111EA29C52A83010C10D619194FBAA7AAA9350FFFFFFFFFFC9FFF0000431619F242B720408A93A0
1111E129C52183010D10D615194FB9A7BAA80F4FFFFFFFFFFCAFFF00003B1619F242B720408A93B8
1111F029C53083010A10D62B194FC4A7AAA903FFFFFFFFFFFCAFFF0000421619F242B720408A93D0
1111EF29C53183010910D626194FC6A79AA903FFFFFFFFFFFCBFFF0000421619F242B720408A93E8
1111CB29C50B83010E10D61F194FBDA79AA903FFFFFFFFFFFCBFFF0000421619F242B720408A9300
1111C829C50983010F10D625194FC0A7AAAA03FFFFFFFFFFFCAFFF00003A1619F242B720408A9318
1111E929C52883010A10D635194FCDA7AAAB03FFFFFFFFFFFCAFFF0000421619F242B720408A9330
1111EF29C53483010710D629194FCBA78AAA042FFFFFFFFFFC9FFF00003A1619F242B720408A8348
1111EA29C51F83010A10D62F194FC9A79AA903FFFFFFFFFFFCAFFF0000421619F242B720408A9360
1111E329C52283010810D63A194FCFA7BAA803FFFFFFFFFFFCBFFF0000421619F242B720408A9378
1111DF29C51783010910D62E194FCDA7CAA803FFFFFFFFFFFCAFFF0000421619F242B720408A9390
1111CA29C4FE83011310D620194FBEA79AA803FFFFFFFFFFFCAFFF0000321619F242B720408A83A8
1111D329C50E83011410D621194FC1A79AA903FFFFFFFFFFFC9FFF0000411619F242B720408A83C0
1111D429C51083010810D637194FCEA7BAA903FFFFFFFFFFFC9FFF0000421619F242B720408A83D8
1111D629C51F83010410D643194FD8A78AAA03FFFFFFFFFFFCAFFF0000321619F242B720408A83F0
1111D829C51383010510D634194FD2A78AAB1E3FFFFFFFFFFCAFFF0000411619F242B720408A8308
1111D629C51283010810D629194FC7A78AA903FFFFFFFFFFFC9FFF0000381619F242B720408A8320
1111D429C50E83011310D620194FBDA7AAA903FFFFFFFFFFFC9FFF0000401619F242B720408A8338
1111D129C50F83011610D61F194FBFA7AAA803FFFFFFFFFFFCBFFF0000391619F242B720408A9350
1111DF29C51D83010B10D62B194FC8A7AAA903FFFFFFFFFFFCBFFF0000421619F242B720408A8368
1111E229C52083010310D62C194FC8A7AAA974EFFFFFFFFFFCAFFF0000411619F242B720408A8380
1111DE29C52583010410D628194FC5A77AA91C7FFFFFFFFFFCAFFF0000401619F242B720408A8398
1111E229C52383010510D626194FC5A76AA803FFFFFFFFFFFCAFFF00002F1619F242B720408A83B0
1111DB29C51D83010E10D621194FBFA77AA9394FFFFFFFFFFC9FFF0000401619F242B720408A83C8
1111DC29C51783011810D61F194FBFA78AAA03FFFFFFFFFFFC8FFF0000381619F242B720408A83E0
1111E029C51E83010F10D62A194FC6A7AAAA03FFFFFFFFFFFC8FFF0000401619F242B720408A83F8
1111E829C52A83010310D62E194FC8A7AAAA03FFFFFFFFFFFC9FFF00003F1619F242B720408A8310
1111E829C52D83010710D629194FC7A7AAA903FFFFFFFFFFFC9FFF0000381619F342B720408A8328
1111DF29C51F83010A10D62E194FC8A79AA903FFFFFFFFFFFCAFFF00003F1619F342B720408A7340
1111E129C52383010710D632194FCBA7AAA903FFFFFFFFFFFCAFFF00003F1619F342B720408A8358
1111DE29C51D83010F10D636194FD1A78AA903FFFFFFFFFFFCAFFF00003F1619F342B720408A7370
1111DD29C51F83011910D636194FCFA7BAA9555FFFFFFFFFFCBFFF00003F1619F342B720408A7388
1111E329C52383011010D639194FD5A7CAA803FFFFFFFFFFFCBFFF0000371619F342B720408A73A0
1111E529C52A83010010D634194FCEA7AAAA049FFFFFFFFFFCBFFF0000371619F342B720408A83B8
1111E929C52B8300FF10D634194FCDA7BAAB04BFFFFFFFFFFCBFFF00002E1619F342B720408A73D0
1111E629C52B83010910D636194FD0A7AAAA03FFFFFFFFFFFCAFFF00003E1619F342B720408A83E8
1111E429C52983011210D635194FCFA7AAAA03FFFFFFFFFFFCAFFF00003E1619F342B720408A7300
1111E729C52A83011410D63F194FD5A7BAA903FFFFFFFFFFFCAFFF00003E1619F342B720408A7318
1111EA29C53483011010D63E194FD4A7CAA803FFFFFFFFFFFCBFFF00003F1619F342B720408A7330
1111EB29C52F83010B10D634194FCFA7BAA7732FFFFFFFFFFCBFFF0000381619F342B720408A7348
1111EE29C53983010610D639194FCFA7AAA703FFFFFFFFFFFCAFFF0000351619F342B720408A7360
1111EF29C53A83010310D637194FD0A7AAA991EFFFFFFFFFFC9FFF00002E1619F342B720408A7378
1111F129C53883010710D638194FD2A7AAAA227FFFFFFFFFFC9FFF00003D1619F342B720408A7390
1111F029C53783011010D63C194FD4A79AAA03FFFFFFFFFFFCAFFF00003D1619F342B720408A73A8
1111F029C53883011210D63B194FD1A7AAA903FFFFFFFFFFFCAFFF00003D1619F342B720408A73C0
1111F229C53783010F10D639194FD1A78AA9195FFFFFFFFFFCAFFF00003D1619F342B720408A73D8
1111F029C53A83010910D63A194FD2A7AAA91AAFFFFFFFFFFCBFFF0000361619F342B720408A73F0
1111F329C53783010510D63C194FD2A7BAA903FFFFFFFFFFFCAFFF00003E1619F342B720408A7308
1111F229C53B83010310D63B194FD3A79AA803FFFFFFFFFFFCAFFF0000361619F342B720408A6320
1111F329C53883010410D63E194FD4A79AA803FFFFFFFFFFFCAFFF0000341619F342B720408A7338
1111F929C54583011110D645194FDDA79AA9041FFFFFFFFFFCAFFF00003C1619F342B720408A7350
1111F429C53F83011A10D658194FEDA7AAA9A2FFFFFFFFFFFC9FFF0000341619F342B720408A7368
1111F429C53B83011410D656194FE9A79AA803FFFFFFFFFFFC9FFF00003C1619F342B720408A5380
1111F229C53783010210D644194FDCA79AA803FFFFFFFFFFFC9FFF00003E1619F342B720408A7398
1111F429C5448300F810D641194FDAA78AA803FFFFFFFFFFFCAFFF00003E1619F342B720408A63B0
1111FE29C54C83010210D649194FDFA79AA903FFFFFFFFFFFCAFFF00003D1619F342B720408A53C8
11120329C55683011610D65C194FEFA79AAA03FFFFFFFFFFFCAFFF00002C1619F342B720408A53E0
1111FF29C55083011910D657194FE9A7BAAA2FAFFFFFFFFFFCAFFF00003A1619F342B720408A53F8
1111FB29C54C83010D10D65A194FEAA7BAA92E8FFFFFFFFFFCAFFF00003B1619F442B720408A5310
1111F629C54683010710D651194FE7A7AAA803FFFFFFFFFFFCAFFF00003B1619F442B720408A5328
1111FA29C54D83010710D656194FEAA7AAA803FFFFFFFFFFFCAFFF00002D1619F442B720408A6340
1111F429C54383010610D653194FE8A7BAA803FFFFFFFFFFFCBFFF00003C1619F442B720408A5358
1111F729C54B83010610D651194FE7A7CAA803FFFFFFFFFFFCAFFF00003C1619F442B720408A5370
11120729C55883010D10D654194FE9A7BAA803FFFFFFFFFFFCAFFF00003B1619F442B720408A5388
11120D29C56383011010D655194FE9A79AA91AFFFFFFFFFFFCAFFF00002A1619F442B720408A53A0
11120A29C55F83010E10D652194FE8A7AAAA03DFFFFFFFFFFC9FFF0000391619F442B720408A53B8
11120C29C55C83010C10D654194FE8A7AAA903FFFFFFFFFFFC9FFF00003A1619F442B720408A53D0
11120329C55C83010810D653194FE7A7AAA903FFFFFFFFFFFCAFFF00003B1619F442B720408A53E8
11120429C55783010910D655194FE7A7BAA903FFFFFFFFFFFC9FFF0000341619F442B720408A5300
11120429C55B83010910D654194FE9A79AAA4A2FFFFFFFFFFC8FFF00003B1619F442B720408A5318
11120529C55583010610D655194FE8A78AAA433FFFFFFFFFFC9FFF0000331619F442B720408A5330
11120229C55883010710D65D194FF1A79AA703FFFFFFFFFFFC9FFF0000321619F442B720408A5348
11120629C55D83010D10D65D194FEFA7AAA503FFFFFFFFFFFCAFFF00003A1619F442B720408A5360
11120C29C56383011210D65C194FEDA7CAA603FFFFFFFFFFFCAFFF0000381619F442B720408A5378
11120A29C55D83010C10D659194FECA7CAA703FFFFFFFFFFFC9FFF0000331619F442B720408A5390
11120729C55D83010610D65C194FEEA7AAA803FFFFFFFFFFFC9FFF00003A1619F442B720408A53A8
11120829C56083010610D665194FF4A7AAA844BFFFFFFFFFFCAFFF00003A1619F442B720408A53C0
11120F29C56783010C10D65F194FF2A7AAA903BFFFFFFFFFFCAFFF00003B1619F442B720408A53D8
11121029C56983010E10D660194FF2A7AAA903FFFFFFFFFFFCAFFF0000321619F442B720408A53F0
11120D29C56583010910D663194FF4A79AA903FFFFFFFFFFFCAFFF00003A1619F442B720408A5308
11120C29C56883010610D667194FF7A79AA903FFFFFFFFFFFCAFFF0000311619F442B720408A5320
11121329C56B83010B10D664194FF6A7AAAA03FFFFFFFFFFFCAFFF0000371619F442B71F408A5338
11121929C57583011210D664194FF5A7CAAA040FFFFFFFFFFCAFFF0000381619F442B720408A5350
11121729C57383010E10D664194FF3A7AAAA04EFFFFFFFFFFC9FFF00003A1619F442B720408A5368
11121529C56F83010810D663194FF4A7AAAA03FFFFFFFFFFFC9FFF00003B1619F442B720408A5380
11120E29C5658300FF10D668194FF9A78AA903FFFFFFFFFFFCAFFF00003A1619F442B720408A5398
11121729C56E8300FE10D675195001A78AA703FFFFFFFFFFFCAFFF0000311619F442B71F408A53B0
11121829C57283010B10D670195000A7BAA803FFFFFFFFFFFCBFFF0000331619F442B71F408A43C8
11121E29C57C83011910D66F195000A7AAA9729FFFFFFFFFFCBFFF0000341619F442B71F408A53E0
11121629C57183011710D670194FFFA79AAA03AFFFFFFFFFFCAFFF0000371619F442B71F408A53F8
11121829C57083010B10D66F194FFDA79AAA03FFFFFFFFFFFCBFFF0000291619F442B71F408A4310
11121B29C57683010210D68319500BA7BAA903FFFFFFFFFFFCCFFF0000391619F442B71F408A5328
11121F29C57F83010010D678195005A7AAAA03FFFFFFFFFFFCBFFF00003A1619F442B71F408A4340
11121F29C57D83010310D677195003A79AA903FFFFFFFFFFFCAFFF0000391619F542B71F408A4358
11122629C58C83010A10D67C195009A78AAA03FFFFFFFFFFFCAFFF00002F1619F542B71F408A4370
11122C29C59483011210D68219500EA79AA903FFFFFFFFFFFCCFFF0000361619F542B71F408A4388
11123129C59B83011610D688195013A79AAA03FFFFFFFFFFFCAFFF00002F1619F542B71F408A43A0
11122B29C58E83011010D67E19500BA7AAAB03FFFFFFFFFFFCAFFF0000371619F542B71F408A43B8
11122529C58683010010D674195001A78AAA03FFFFFFFFFFFCAFFF0000391619F542B71F408A43D0
11122629C5898300FB10D671195000A76AAA1D7FFFFFFFFFFCAFFF0000391619F542B71F408A43E8
11123029C59C83010710D679195007A77AA95DEFFFFFFFFFFC9FFF0000381619F542B71F408A4300
11123229C59C83011310D671195001A78AA803FFFFFFFFFFFCAFFF00002E1619F542B71F408A4318
11122D29C59783011210D678195003A7BAA933AFFFFFFFFFFCAFFF0000351619F542B71F408A4330
11122929C58D83010C10D67E195008A7AAAA75DFFFFFFFFFFC9FFF0000361619F542B71F408A4348
11122C29C59283010810D67F195007A79AAA03FFFFFFFFFFFCAFFF00002F1619F542B71F408A4360
11122F29C59683010310D677195004A77AA83CBFFFFFFFFFFC9FFF0000381619F542B71F408A4378
11123029C59383010010D675194FFFA77AA8A53FFFFFFFFFFC9FFF00002F1619F542B71F408A3390
11122D29C59083010A10D67C195008A79AA8305FFFFFFFFFFCAFFF0000361619F542B71F408A33A8
11122E29C59783011710D65A194FF0A79AA703CFFFFFFFFFFCAFFF00002E1619F542B71F408A43C0
11122E29C59483011210D681195009A79AA703FFFFFFFFFFFC9FFF0000361619F542B71F408A33D8
11122E29C59683010410D692195016A78AA8289FFFFFFFFFFC9FFF0000361619F542B71F408A33F0
11122E29C59583010210D69219501AA79AA703CFFFFFFFFFFCAFFF00002D1619F542B71F408A3308
11122E29C59583010A10D68A195014A79AA803FFFFFFFFFFFCAFFF0000361619F542B71F408A3320
11123629C59C83010F10D686195011A77AA8464FFFFFFFFFFCAFFF00002F1619F542B71F408A3338
11123229C59A83010C10D68B195014A76AA703BFFFFFFFFFFCAFFF0000361619F542B71F408A3350
11123829C5A183010510D68E195015A7AAA703FFFFFFFFFFFC9FFF0000361619F542B71F408A3368
11123C29C5A683010610D689195015A7CAA8568FFFFFFFFFFC9FFF00002D1619F542B71F408A3380
11123E29C5AB83010F10D687195014A7DAA803BFFFFFFFFFFC9FFF00002E1619F542B71F408A3398
11123B29C5A983011110D687195012A7CAA903FFFFFFFFFFFCAFFF0000331619F542B71F408A33B0
11123829C5A583010B10D687195012A7AAA9679FFFFFFFFFFCCFFF0000351619F542B71F408A33C8
11123A29C5A683010A10D688195012A78AA903AFFFFFFFFFFC9FFF0000351619F542B71F408A33E0
11123B29C5A783010710D68E195017A78AA9044FFFFFFFFFFCAFFF0000351619F542B71F408A33F8
11123B29C5AC83010510D690195019A79AA99C9FFFFFFFFFFCAFFF0000261619F542B71F408A3310
11123D29C5AA83010B10D69219501AA77AA7039FFFFFFFFFFCAFFF0000351619F542B71F408A3328
11123D29C5AA83010C10D69119501AA77AA7113FFFFFFFFFFCAFFF0000351619F542B71F408A3340
11123D29C5AC83010710D693195019A77AA8B9BFFFFFFFFFFCAFFF0000341619F542B71F408A3358
11124029C5B383010A10D697195021A78AAA039FFFFFFFFFFCAFFF00002B1619F542B71F408A3370
11124029C5AF83011110D69519501FA78AAA1A7FFFFFFFFFFC9FFF0000331619F542B71F408A3388
11123529C5A183011010D691195020A78AA91D7FFFFFFFFFFC9FFF00002C1619F542B71F408A33A0
11123D29C5AC83010810D69319501CA76AA903FFFFFFFFFFFCAFFF0000351619F542B71F408A23B8
11124229C5B283010110D69819501FA77AA8231FFFFFFFFFFC9FFF0000351619F542B71F408A33D0
11124429C5B483010410D69A195023A79AA725EFFFFFFFFFFCAFFF0000341619F542B71F408A33E8
11124329C5B883010B10D69C195023A79AA803FFFFFFFFFFFCAFFF0000341619F642B71F408A1300
11124629C5B983010F10D69419501DA79AA83D7FFFFFFFFFFC9FFF0000231619F642B71F408A1318
11124229C5B783010F10D69719501FA7AAA83C6FFFFFFFFFFC9FFF0000321619F642B71F408A2330
11124229C5B583010F10D69719501FA7AAA703FFFFFFFFFFFC9FFF0000331619F642B71F408A2348
11124429C5B883011010D69A195022A77AA763DFFFFFFFFFFCAFFF00002F1619F642B71F408A3360
11124629C5B483010610D69919501EA76AA651DFFFFFFFFFFC9FFF00002F1619F642B71F408A3378
11124429C5BB8300FB10D69319501CA78AA603FFFFFFFFFFFC9FFF0000341619F642B71F408A2390
11124929C5BA83010210D69319501BA79AA63E9FFFFFFFFFFCAFFF0000341619F642B71F408A13A8
11124229C5B283010F10D69E195025A7AAA803FFFFFFFFFFFCAFFF0000331619F642B71F408A13C0
11124529C5B883011510D6A2195027A7AAA803FFFFFFFFFFFCAFFF00002A1619F642B71F408A13D8
11124529C5B383011510D69F195028A7BAA6519FFFFFFFFFFCBFFF0000311619F642B71F408A13F0
11124429C5B383010F10D6A1195026A7BAA703FFFFFFFFFFFCBFFF0000291619F642B71F408A1308
11124329C5BA83010210D69A195021A77AA6048FFFFFFFFFFCBFFF00002A1619F642B71F408A1320
11124F29C5C78300FC10D69E195026A77AA79C9FFFFFFFFFFC9FFF0000331619F642B71F408A1338
11124E29C5C283010210D6A3195027A79AA703FFFFFFFFFFFC9FFF00002B1619F642B71F408A1350
11124129C5B483010D10D697195023A78AA7150FFFFFFFFFFCAFFF0000231619F642B71F408A1368
11124129C5B483011210D69319501EA77AA8B63FFFFFFFFFFC8FFF0000311619F642B71F408A1380
11124E29C5C683010D10D6A3195026A79AA803FFFFFFFFFFFC9FFF0000291619F642B71F408A1398
11125029C5C683010910D69219501EA7AAA8329FFFFFFFFFFCAFFF0000301619F642B71F408A13B0
11125329C5CC83010C10D68D19501BA79AA9111FFFFFFFFFFCAFFF0000291619F642B71F408A13C8
11125029C5C883010A10D67F195012A77AA903FFFFFFFFFFFC9FFF0000211619F642B71F408A13E0
11125729C5CE83010610D67A195008A76AA84A2FFFFFFFFFFC9FFF0000321619F642B71F408A13F8
11125529C5CE83010510D67F19500EA78AA7171FFFFFFFFFFCBFFF0000331619F642B71F408A1310
11125329C5CD83010610D685195013A7AAA803FFFFFFFFFFFCAFFF0000321619F642B71F408A1328
11125129C5CA83010B10D671195003A78AA8456FFFFFFFFFFCAFFF0000311619F642B71F408A1340
11124929C5C083011010D66D195000A79AA815FFFFFFFFFFFCAFFF0000201619F642B71E408A1358
11124129C5B883011010D68019500AA78AA9051FFFFFFFFFFCAFFF0000301619F642B71F408A1370
11124D29C5C683010B10D68E195016A76AA88E6FFFFFFFFFFCAFFF0000311619F642B71F408A1388
11125329C5C383010610D686195012A74AA924CFFFFFFFFFFCAFFF0000321619F642B71F408A13A0
11124B29C5BF83010410D675195009A76AA808FFFFFFFFFFFCAFFF0000321619F642B71F408A13B8
11123E29C5BD83010510D677195005A77AA9AC3FFFFFFFFFFCAFFF0000211619F642B71F408A13D0
11123929C5B183010810D678195009A75AA9278FFFFFFFFFFC9FFF0000311619F642B71E408A13E8
11122F29C59383010D10D671195000A77AA9101FFFFFFFFFFCAFFF0000301619F642B71E408A1300
11123129C59983010E10D66C195001A79AA93FAFFFFFFFFFFCAFFF0000301619F642B71E408A1318
11123629C59F83010C10D68B195010A79AA903FFFFFFFFFFFCAFFF0000211619F642B71E408A1330
11123429C59383010D10D677195001A7AAAA1E1FFFFFFFFFFCBFFF00002F1619F642B71E408A1348
11123629C59D83010C10D67C195008A79AAA646FFFFFFFFFFC2FFF0000281619F742B71E408A1360
11123329C5A083010510D68119500FA77AAA260FFFFFFFFFFC8FFF0000301619F742B71E408A1378
11124229C5B283010010D68A195014A78AAA730FFFFFFFFFFCAFFF0000281619F742B71E408A1390
11123629C5A083010210D68D195015A78AAA03FFFFFFFFFFFCAFFF0000301619F742B71E408A03A8
11122F29C59783010E10D69719501FA77AAA395FFFFFFFFFFC9FFF0000271619F742B71E408A03C0
11123329C59D83011810D68C195012A76AAA834FFFFFFFFFFC9FFF0000281619F742B71E408A13D8
11123529C59C83011010D68F195018A77AAA398FFFFFFFFFFC9FFF00002F1619F742B71E408A13F0
11123C29C5A983010010D694195019A78AA903BFFFFFFFFFFC9FFF00002F1619F742B71E408A1308
11123C29C5A58300FF10D691195019A78AAA03FFFFFFFFFFFCAFFF0000221619F742B71E408A1320
11123629C5A483010D10D68C195015A7AAAB64CFFFFFFFFFFCAFFF00002D1619F742B71E408A0338
11124129C5AD83011410D68A195015A7AAA903AFFFFFFFFFFC9FFF0000281619F742B71E408A1350
11123B29C5A883010A10D690195016A78AA803FFFFFFFFFFFC9FFF0000301619F742B71E408A0368
11123B29C5AC83010110D69219501AA79AA864AFFFFFFFFFFC9FFF00002F1619F742B71E408A0380
11124429C5B483010710D689195014A7AAA703AFFFFFFFFFFCAFFF0000261619F742B71E408A1398
11124129C5B083011210D659194FE7A7DAA603FFFFFFFFFFFCBFFF00002E1619F742B71E408A03B0
11124429C5B183011110D666194FFEA7CAA853AFFFFFFFFFFCAFFF00002E1619F742B71E408A03C8
11124629C5B783010710D69719501CA7BAA903AFFFFFFFFFFCAFFF0000261619F742B71E408A03E0
11124429C5B58300FF10D68F195016A7AAA903FFFFFFFFFFFCAFFF00002F1619F742B71E4089F3F8
11124129C5AF83010110D68B195017A7AAA903FFFFFFFFFFFCAFFF00002F1619F742B71E408A0310
11123E29C5AA83010C10D66B194FF8A79AA903FFFFFFFFFFFC9FFF0000261619F742B71E408A0328
11123929C5A783011110D632194FD1A78AA903FFFFFFFFFFFC9FFF0000261619F742B71E408A0340
11125129C5BB83010E10D667194FFAA79AA903FFFFFFFFFFFC9FFF00002D1619F742B71E408A0358
11124129C5B583010B10D675195002A79AA803FFFFFFFFFFFCAFFF0000261619F742B71E408A0370
11123F29C5B283010510D679195000A78AA9931FFFFFFFFFFCCFFF00002E1619F742B71E408A0388
11124529C5B883010310D65F194FF3A78AA903FFFFFFFFFFFCBFFF00002E1619F742B71E4089F3A0
11123029C59483010910D670194FFCA78AA903FFFFFFFFFFFCAFFF00002E1619F742B71E408A03B8
11122429C58B83010C10D670194FF9A7AAA903FFFFFFFFFFFCAFFF00002E1619F742B71E4089F3D0
11123429C59F83010B10D66D194FFAA7BAA803FFFFFFFFFFFCAFFF0000261619F742B71E408A03E8
11124329C5AF83010A10D666194FFCA7BAA903FFFFFFFFFFFCAFFF00002E1619F742B71E4089F300
11124629C5B683010510D681195009A7AAAA25DFFFFFFFFFFCAFFF0000251619F742B71E4089F318
11124329C5B983010410D685195013A7AAAA2A5FFFFFFFFFFCAFFF0000251619F742B71E4089F330
11123C29C5A983010910D68F195016A7BAA803FFFFFFFFFFFCAFFF00002D1619F742B71E4089F348
11123629C5A383010910D680195011A7DAA703FFFFFFFFFFFCAFFF0000251619F742B71E4089F360
11123429C5A483010910D68319501AA7CAA803FFFFFFFFFFFCAFFF00002C1619F742B71E4089F378
11121029C56983010E10D660194FEFA7BAAA03FFFFFFFFFFFCAFFF00002D1619F742B71E4089F390
11120E29C56383011010D642194FDFA7AAA903FFFFFFFFFFFCAFFF0000251619F742B71E4089F3A8
11124029C5AA83010610D675194FFEA79AA80DFFFFFFFFFFFCAFFF0000251619F842B71E4089F3C0
11124629C5B68300FF10D619194FC3A7AAA803EFFFFFFFFFFCAFFF0000251619F842B71E4089F3D8
11123629C59C83010310D61A194FBCA7AAA903FFFFFFFFFFFCAFFF00002D1619F842B71E4089F3F0
11121129C57183010D10D612194FB4A77AA903FFFFFFFFFFFCBFFF0000241619F842B71E4089F308
11121A29C57183011010D60E194FB5A79AAA03FFFFFFFFFFFCAFFF0000241619F842B71E4089F320
11120F29C57E83010D10D646194FDBA7CAAB3CDFFFFFFFFFFCAFFF00002B1619F842B71E4089F338
11122429C58C83010910D653194FF5A7BAAB3F2FFFFFFFFFFCBFFF0000241619F842B71E4089F350
11122F29C59383010210D645194FDFA7AAA903FFFFFFFFFFFCBFFF00002D1619F842B71E4089F368
11122E29C5988300FF10D654194FEAA7AAA903FFFFFFFFFFFCAFFF00002D1619F842B71E4089D380
11122229C58283010710D66E194FFFA79AAA03FFFFFFFFFFFCAFFF00002C1619F842B71E4089D398
11122729C58683010D10D687195011A7AAA903FFFFFFFFFFFCAFFF00002C1619F842B71E4089F3B0
11123029C59283010B10D67F19500BA79AA903FFFFFFFFFFFCAFFF0000231619F842B71E4089F3C8
11122729C58C83010E10D682195010A79AA8347FFFFFFFFFFCAFFF0000261619F842B71E4089F3E0
11123B29C5A883011610D67F19500DA78AA803BFFFFFFFFFFC9FFF0000271619F842B71E4089F3F8
11123729C59B83010D10D67D195009A77AA903FFFFFFFFFFFC9FFF00002B1619F842B71E4089D310
11123929C5A28300FF10D68819500FA75AAA03FFFFFFFFFFFCAFFF0000201619F842B71E4089D328
11123829C5AD8300FB10D69419501DA75AA903FFFFFFFFFFFCAFFF0000241619F842B71E4089D340
11123029C59683010210D67C195008A75AA9578FFFFFFFFFFCAFFF00002B1619F842B71E4089F358
11122F29C59783011010D65E194FF1A75AA8546FFFFFFFFFFCAFFF00002B1619F842B71E4089D370
11123829C5A483011610D64B194FE7A77AA803FFFFFFFFFFFC9FFF00002B1619F842B71E4089D388
11123629C59E83011010D675195001A78AA803FFFFFFFFFFFCAFFF00002B1619F842B71E4089D3A0
11123029C59B83010A10D663194FFAA79AA803FFFFFFFFFFFCAFFF0000231619F842B71E4089F3B8
11122B29C59283010610D674195002A7AAA903FFFFFFFFFFFCAFFF0000241619F842B71E4089D3D0
11123E29C5B183010110D68919500CA7BAAA043FFFFFFFFFFCAFFF00002A1619F842B71E4089D3E8
11123929C5A583010310D673195002A79AAA03FFFFFFFFFFFCAFFF0000231619F842B71E4089D300
11123029C59A83010A10D66A194FFAA79AAA03FFFFFFFFFFFCAFFF00002A1619F842B71E4089D318
11123129C59A83010E10D66F194FFDA79AA803FFFFFFFFFFFCAFFF0000221619F842B71E4089D330
11123129C59E83010A10D67A195005A79AA803FFFFFFFFFFFCAFFF00001D1619F842B71E4089D348
11123029C59883010910D679195005A77AA76E5FFFFFFFFFFCAFFF00002A1619F842B71E4089D360
11122629C59183010D10D665194FF3A77AA9039FFFFFFFFFFCAFFF00002B1619F842B71E4089D378
11122629C58A83010D10D659194FF0A78AA803FFFFFFFFFFFCAFFF00002A1619F842B71E4089D390
11123129C59B83010310D666194FF8A77AA703FFFFFFFFFFFCAFFF0000221619F842B71E4089D3A8
11123129C59883010610D65A194FEBA78AA703FFFFFFFFFFFCAFFF0000221619F842B71E4089D3C0
11120229C55A83011010D64F194FE4A7BAA703FFFFFFFFFFFCBFFF0000291619F842B71E4089D3D8
11121829C57783010C10D661194FF4A7BAA8089FFFFFFFFFFCAFFF0000221619F942B71E4089D3F0
11122C29C59583010110D66C194FFDA7AAA826DFFFFFFFFFFCAFFF00002A1619F942B71E4089D308
11122629C58383010510D649194FE5A77AA803FFFFFFFFFFFC9FFF0000291619F942B71E4089D320
11120E29C56C83011110D649194FDEA78AA803FFFFFFFFFFFCBFFF0000221619F942B71E4089D338
11121829C57683010F10D651194FE6A79AA803FFFFFFFFFFFC9FFF0000271619F942B71E4089D350
11121F29C57E83010810D65E194FEEA7AAA803FFFFFFFFFFFCBFFF0000291619F942B71E4089D368
11122529C58283010610D650194FE7A7BAA89DFFFFFFFFFFFCAFFF00002A1619F942B71E4089D380
11122629C58383010610D630194FCDA7BAA9039FFFFFFFFFFC9FFF0000291619F942B71E4089D398
11122429C58483010410D648194FE4A7BAAA03FFFFFFFFFFFC9FFF0000211619F942B71E4089D3B0
11121829C57483010A10D63E194FD6A7AAAA03FFFFFFFFFFFCAFFF0000221619F942B71E4089D3C8
11120C29C56483011310D614194FB7A7AAA903FFFFFFFFFFFC9FFF0000201619F942B71E4089D3E0
11121429C56D83010B10D642194FD5A79AAA03FFFFFFFFFFFC9FFF0000271619F942B71E4089D3F8
11122129C5808300FF10D647194FDDA79AA910FFFFFFFFFFFCAFFF0000281619F942B71E4089D310
1111F029C53C83010510D61C194FBFA78AA9482FFFFFFFFFFCAFFF0000221619F942B71E4089D328
1111FE29C54983010F10D60C194FAFA78AA903FFFFFFFFFFFCAFFF0000261619F942B71E4089D340
1111FF29C54B83010C10D61B194FBAA7AAA804FFFFFFFFFFFC9FFF0000291619F942B71E4089D358
11120129C55383010510D62E194FCAA79AA9045FFFFFFFFFFCAFFF0000291619F942B71E4089D370
1111DA29C52983010810D616194FB7A79AA803FFFFFFFFFFFCAFFF0000291619F942B71E4089D388
1111DA29C51783010C10D60F194FB3A7BAA903FFFFFFFFFFFCAFFF0000281619F942B71E4089C3A0
1111E229C51D83010910D620194FBAA7EAA903FFFFFFFFFFFCAFFF0000281619F942B71E4089D3B8
1111F029C53283010710D618194FB7A7CAAA18AFFFFFFFFFFC9FFF0000201619F942B71E4089C3D0
1111E229C52C83010A10D60D194FB0A7AAAA5EAFFFFFFFFFFC9FFF0000221619F942B71E4089D3E8
1111D629C51C83010A10D61B194FBEA79AA903FFFFFFFFFFFCAFFF0000251619F942B71E4089C300
1111DF29C52B83010710D62B194FC3A7AAA703FFFFFFFFFFFCAFFF0000281619F942B71E4089D318
1111E129C51D83010710D629194FBEA7AAA703FFFFFFFFFFFCAFFF0000191619F942B71E4089D330
1111D329C51983010710D620194FB9A78AA903FFFFFFFFFFFCAFFF0000271619F942B71E4089C348
1111E629C52883010410D61E194FC1A79AAA03FFFFFFFFFFFCBFFF0000271619F942B71E4089C360
1111E229C52283010610D638194FCFA7AAA925FFFFFFFFFFFCAFFF0000271619F942B71E4089C378
1111ED29C52F83010D10D60D194FB2A7AAA90F2FFFFFFFFFFCAFFF00001F1619F942B71E4089D390
1111EA29C52E83010E10D617194FB7A79AA903FFFFFFFFFFFCAFFF0000261619F942B71E4089D3A8
1111F529C53E83010A10D62D194FC3A7CAA803FFFFFFFFFFFCAFFF0000271619F942B71E4089C3C0
1111DE29C52D83010510D619194FB9A7BAA903FFFFFFFFFFFCAFFF0000271619F942B71E4089D3D8
1111F829C54383010310D619194FB7A7BAAA27AFFFFFFFFFFCBFFF0000281619F942B71E4089D3F0
1111F129C53083010510D61C194FBDA7CAA981FFFFFFFFFFFCBFFF0000201619F942B71E4089C308
1111EA29C53483010A10D60C194FB1A7BAA803FFFFFFFFFFFCBFFF0000261619FA42B71E4089C320
1111ED29C53883010A10D618194FB1A7AAA703FFFFFFFFFFFCBFFF00001F1619FA42B71E4089C338
1111EF29C53F83010A10D60C194FA7A79AA703FFFFFFFFFFFCAFFF0000261619FA42B71E4089C350
1111EB29C53583010910D605194FA6A7BAA703FFFFFFFFFFFCAFFF0000271619FA42B71E4089C368
11120129C55283010310D61B194FB8A7BAA703FFFFFFFFFFFCBFFF00001F1619FA42B71E4089C380
1111FF29C54E83010210D63F194FD9A7BAA8479FFFFFFFFFFC9FFF00001F1619FA42B71E4089C398
1111F129C53B83010B10D61E194FBBA7DAA9192FFFFFFFFFFC9FFF0000271619FA42B71E4089C3B0
1111EE29C54083010F10D619194FB8A7BAA803FFFFFFFFFFFCAFFF00001F1619FA42B71E4089C3C8
11120029C55283010910D62A194FC5A79AA803FFFFFFFFFFFCAFFF00001E1619FA42B71E4089C3E0
1111F929C54D83010410D63C194FD2A76AA803FFFFFFFFFFFCBFFF0000261619FA42B71E4089C3F8
1111FD29C54283010510D63B194FD2A77AA903FFFFFFFFFFFCBFFF0000261619FA42B71E4089B310
1111E429C54583010810D645194FE1A77AA903FFFFFFFFFFFCAFFF0000261619FA42B71E4089B328
1111E829C54483010810D64D194FDFA7AAA81D0FFFFFFFFFFC9FFF0000271619FA42B71E4089B340
1111FD29C54083010510D644194FDBA7AAA803FFFFFFFFFFFC9FFF0000261619FA42B71E4089B358
1111F329C54883010510D657194FEEA7AAA903FFFFFFFFFFFC9FFF00001E1619FA42B71E4089B370
1111F829C54E83010910D65C194FF4A78AAA03FFFFFFFFFFFCAFFF0000241619FA42B71E4089B388
1111F729C54D83010C10D65B194FECA78AAB03FFFFFFFFFFFCAFFF00001D1619FA42B71E4089B3A0
1111FA29C54F83010C10D66B194FFAA79AAA6C0FFFFFFFFFFC9FFF0000251619FA42B71E4089B3B8
11120329C55783010B10D66E194FFBA7AAAB233FFFFFFFFFFCAFFF0000261619FA42B71E4089C3D0
11120629C55A83010410D66C194FF5A7AAAA03FFFFFFFFFFFCAFFF0000261619FA42B71E4089B3E8
11120D29C55D83010010D67A195002A7AAAA03FFFFFFFFFFFCAFFF0000171619FA42B71E4089B300
11120529C56083010310D675194FF9A79AAA03FFFFFFFFFFFCAFFF00001D1619FA42B71E4089C318
11120829C55F83010910D672194FFCA77AAA03FFFFFFFFFFFCAFFF0000251619FA42B71E4089B330
11120629C55C83010B10D665194FF3A7AAA903FFFFFFFFFFFCAFFF00001D1619FA42B71D4089B348
11120829C55E83010F10D665194FF5A7CAA9447FFFFFFFFFFC9FFF0000251619FA42B71D4089B360
11121929C56E83010E10D663194FF7A7AAAA03FFFFFFFFFFFC9FFF00001E1619FA42B71E4089B378
11120C29C55B83010810D65D194FF0A79AA903FFFFFFFFFFFCAFFF0000241619FA42B71E4089B390
11120829C55B8300FF10D666194FE9A78AA803FFFFFFFFFFFCBFFF00001E1619FA42B71E4089B3A8
11120529C5568300FD10D65F194FF6A7AAA803FFFFFFFFFFFCAFFF0000241619FA42B71E4089B3C0
11120A29C56083010510D66A194FF7A79AA803FFFFFFFFFFFCBFFF00001D1619FA42B71E4089B3D8
11121929C57183010C10D65B194FEEA7BAA9044FFFFFFFFFFCBFFF0000161619FA42B71D4089B3F0
11121B29C57583010F10D653194FE9A7EAAA047FFFFFFFFFFCAFFF0000241619FA42B71D4089B308
11121829C57483011010D65E194FEDA7CAAA03FFFFFFFFFFFCAFFF0000241619FA42B71D4089B320
11120F29C56583010A10D669194FF6A7BAAA03FFFFFFFFFFFCBFFF0000241619FB42B71D4089B338
11120A29C56483010210D662194FF6A7BAAB03FFFFFFFFFFFCAFFF00001D1619FB42B71E4089A350
11120729C55F8300FF10D666194FF8A7DAAB03FFFFFFFFFFFCAFFF00001D1619FB42B71E4089B368
11120829C56083010010D667194FF9A7EAA96FAFFFFFFFFFFCAFFF0000241619FB42B71E4089A380
11121429C56C83010410D66D194FFCA7DAA903FFFFFFFFFFFCAFFF0000241619FB42B71D4089A398
11121229C56B83010D10D675195005A7BAAA03FFFFFFFFFFFC9FFF00001C1619FB42B71D4089B3B0
11121329C56B83011210D69819501CA7AAA903FFFFFFFFFFFC9FFF0000221619FB42B71D408993C8
11121329C56E83010B10D679195006A7AAA703FFFFFFFFFFFCAFFF0000231619FB42B71D408993E0
11120C29C56483010210D66D194FFFA7AAA703FFFFFFFFFFFCAFFF00001C1619FB42B71D4089B3F8
11121429C56F83010310D66E195002A7AAA7158FFFFFFFFFFC9FFF0000241619FB42B71E40899310
11121C29C57883010610D656194FF2A79AA71BBFFFFFFFFFFCAFFF00001C1619FB42B71D40899328
11122129C58083010610D65A194FEFA79AA703FFFFFFFFFFFCAFFF0000231619FB42B71D40899340
11122529C58583010610D645194FE1A78AA703FFFFFFFFFFFCAFFF00001C1619FB42B71D40899358
11122229C58583010C10D633194FD0A77AA703FFFFFFFFFFFCAFFF0000221619FB42B71D40899370
11122029C58183010F10D636194FD3A78AA803FFFFFFFFFFFCAFFF0000211619FB42B71D40899388
11121829C57083010B10D640194FDFA7AAAA9F5FFFFFFFFFFCAFFF00001D1619FB42B71D408993A0
11121C29C57783010610D647194FDDA7AAA903FFFFFFFFFFFC9FFF0000241619FB42B71D408993B8
11122029C5828300FE10D64F194FE3A78AA903FFFFFFFFFFFC9FFF0000241619FB42B71D408993D0
11121B29C57A8300FB10D653194FE3A78AA903FFFFFFFFFFFCAFFF00001A1619FB42B71D4089A3E8
1111FD29C54B83010910D646194FDCA77AA903FFFFFFFFFFFCAFFF00001C1619FB42B71D40899300
1111F029C53D83011A10D65A194FEFA76AA803FFFFFFFFFFFC9FFF0000221619FB42B71D40899318
11120A29C56083011210D66C194FF8A75AA8296FFFFFFFFFFCAFFF00001B1619FB42B71D40899330
11121829C5728300FD10D664194FF0A76AA831DFFFFFFFFFFC9FFF0000221619FB42B71D40899348
11122229C5848300F810D669194FFBA77AA803FFFFFFFFFFFCAFFF00001B1619FB42B71D40899360
11121529C57183010710D678195005A79AA903FFFFFFFFFFFCBFFF0000231619FB42B71D40899378
11122B29C58A83010D10D676194FFCA79AAA03FFFFFFFFFFFC9FFF00001B1619FB42B71D40899390
11120929C56983010A10D66419500DA7AAAA03FFFFFFFFFFFC9FFF00001B1619FB42B71D408993A8
11122029C58083010810D675195003A7AAA903FFFFFFFFFFFC9FFF0000161619FB42B71D408993C0
11122F29C59483010510D66C194FF8A78AA8189FFFFFFFFFFCAFFF0000221619FB42B71D408993D8
11122129C59483010510D66B194FFCA77AA903DFFFFFFFFFFCAFFF00001A1619FB42B71D408993F0
11123929C5A783010E10D679195007A78AA903FFFFFFFFFFFCAFFF0000221619FB42B71D40899308
11122829C58A83010C10D685195009A78AA903FFFFFFFFFFFCAFFF0000201619FB42B71D40899320
11122329C5838300FF10D66A194FFBA77AA803FFFFFFFFFFFC9FFF00001C1619FB42B71D40899338
11122D29C5958300FC10D66F194FFFA78AA8411FFFFFFFFFFCAFFF00001A1619FB42B71D40899350
11122C29C59F83010910D679195009A79AA9488FFFFFFFFFFCBFFF0000221619FB42B71D40899368
11123C29C5AB83011010D6A9195026A7AAA803FFFFFFFFFFFC9FFF0000221619FB42B71D40899380
11123029C59D83010910D6B119502DA7BAA703FFFFFFFFFFFC9FFF00001A1619FB42B71D40899398
11122C29C59983010610D675194FFDA7BAA803FFFFFFFFFFFCAFFF0000221619FB42B71D408993B0
11122D29C59083010810D695195019A79AA803FFFFFFFFFFFCAFFF0000141619FC42B71D408993C8
11122B29C59583010610D69C195022A7AAAA03FFFFFFFFFFFCBFFF0000211619FC42B71D408993E0
11122E29C59383010410D688195017A7DAA9409FFFFFFFFFFCBFFF0000221619FC42B71D408993F8
11123A29C59683010710D69119501AA7DAA803CFFFFFFFFFFC9FFF00001A1619FC42B71D40899310
11122829C59B83010610D69619501FA7AAA803FFFFFFFFFFFCBFFF00001A1619FC42B71D40899328
11123529C5A983010210D68B19501AA7BAA803FFFFFFFFFFFCAFFF0000201619FC42B71D40899340
11124929C5C283010710D6AA195036A7BAA803FFFFFFFFFFFCBFFF0000211619FC42B71D40899358
11125729C5CD83010F10D6D5195049A7CAA903FFFFFFFFFFFCBFFF00001A1619FC42B71D40899370
11124929C5B283010910D6A3195029A7CAAA03FFFFFFFFFFFCBFFF0000201619FC42B71D40899388
11124229C5B283010110D6AE19502AA7AAAA03FFFFFFFFFFFCBFFF0000211619FC42B71D408993A0
11125329C5CA83010310D6A0195023A7AAAA03FFFFFFFFFFFCAFFF0000131619FC42B71D408993B8
11125629C5D583010310D689195014A7AAAB03FFFFFFFFFFFCAFFF0000201619FC42B71D408993D0
11126029C5C683010010D69A195022A7AAAA03FFFFFFFFFFFCAFFF0000211619FC42B71D408993E8
11125129C5CA83010510D6B7195039A78AA903FFFFFFFFFFFC9FFF0000201619FC42B71D40899300
11123E29C5AC83010F10D666195004A78AA96CCFFFFFFFFFFC9FFF0000201619FC42B71D40899318
11122729C58A83010D10D68C195011A7AAA903BFFFFFFFFFFCBFFF00001B1619FC42B71D40899330
11122929C59583010610D680195010A7AAA903FFFFFFFFFFFCAFFF00001F1619FC42B71D40899348
11123D29C5AD83010010D69719501AA79AA803FFFFFFFFFFFC9FFF00001A1619FC42B71D40899360
11124929C5B68300FD10D68519500BA7AAA803FFFFFFFFFFFC9FFF0000201619FC42B71D40899378
11124029C5AD83010010D648194FE1A79AA803FFFFFFFFFFFCAFFF0000121619FC42B71D40898390
11121D29C58083010C10D63C194FD5A7BAA9075FFFFFFFFFFCBFFF00001E1619FC42B71D408983A8
11122D29C59383011210D632194FCDA79AAA268FFFFFFFFFFCAFFF00001F1619FC42B71D408983C0
11123129C59183010B10D656194FE6A78AA903FFFFFFFFFFFC9FFF0000201619FC42B71D408983D8
11124029C5AE8300FD10D622194FBAA76AA803FFFFFFFFFFFC9FFF0000201619FC42B71D408983F0
11122729C58C8300FA10D5FE194FA9A77AA903FFFFFFFFFFFCAFFF00001E1619FC42B71D40898308
1111E329C52E83010310D60A194FACA78AA903FFFFFFFFFFFCBFFF00001C1619FC42B71D40898320
1111EF29C53A83010610D60D194FAFA7AAA803FFFFFFFFFFFCAFFF0000201619FC42B71D40898338
1111F929C54F83010410D619194FBCA7BAA85E4FFFFFFFFFFC9FFF0000131619FC42B71D40898350
11120429C55883010D10D605194FACA7AAA9222FFFFFFFFFFCAFFF00001D1619FC42B71D40898368
11121629C56D83011710D603194FAAA7BAA903FFFFFFFFFFFCCFFF00001F1619FC42B71D40898380
11121229C56483010A10D61C194FBAA7CAA903FFFFFFFFFFFCAFFF0000201619FC42B71D40898398
11120329C53D8300F410D634194FCAA7CAA903FFFFFFFFFFFCAFFF0000191619FC42B71D408983B0
1111FC29C54C8300F410D64A194FDAA7BAAA03FFFFFFFFFFFCAFFF0000201619FC42B71D408973C8
1111DA29C51983010310D611194FB4A7AAAA03FFFFFFFFFFFCAFFF00001F1619FC42B71D408983E0
1111F429C53F83010F10D613194FB4A7AAAA373FFFFFFFFFFC9FFF0000191619FC42B71D408983F8
1111EA29C53A83011010D61F194FBFA7AAAA03FFFFFFFFFFFCAFFF00001E1619FC42B71D40898310
1111E829C53683010E10D626194FC3A7AAAA03FFFFFFFFFFFCAFFF00001F1619FD42B71D40898328
1111F729C54483010510D630194FC9A7AAAB03FFFFFFFFFFFCAFFF0000181619FD42B71D40898340
1111FE29C5548300FB10D62A194FC7A7AAAB03FFFFFFFFFFFCAFFF00001F1619FD42B71D40897358
1111F129C5348300FF10D619194FBBA7AAAB82FFFFFFFFFFFCAFFF0000121619FD42B71D40898370
1111E629C52B83010710D60C194FAFA79AAB2CAFFFFFFFFFFCAFFF00001F1619FD42B71D40897388
1111EF29C53383010410D61E194FBCA7CAAA03FFFFFFFFFFFCAFFF0000181619FD42B71D408973A0
1111E629C52B83010610D617194FB5A7BAAA03FFFFFFFFFFFCAFFF00001E1619FD42B71D408973B8
1111DE29C52183010E10D609194FADA78AAA03FFFFFFFFFFFCAFFF00001E1619FD42B71D408973D0
1111E729C53383010C10D619194FBAA78AA9044FFFFFFFFFFC9FFF00001D1619FD42B71D408983E8
1111F529C53C83010410D626194FC3A79AA9048FFFFFFFFFFCAFFF0000191619FD42B71D40897300
1111F029C53883010210D61A194FBAA77AAA03FFFFFFFFFFFCBFFF0000181619FD42B71D40897318
1111EE29C53883010310D609194FAFA79AAA03FFFFFFFFFFFCAFFF0000181619FD42B71D40897330
1111F329C53C83010310D612194FB9A7AAAA03FFFFFFFFFFFCAFFF00001E1619FD42B71D40897348
1111DB29C52383010610D621194FBCA7CAAA03FFFFFFFFFFFCAFFF00001E1619FD42B71D40897360
1111ED29C53E83010E10D611194FB3A7AAAA702FFFFFFFFFFCAFFF0000171619FD42B71D40897378
1111E829C53383010D10D615194FB5A79AAB03FFFFFFFFFFFCBFFF0000111619FD42B71D40897390
1111FB29C54683010310D61D194FBDA78AAC03FFFFFFFFFFFCAFFF00001E1619FD42B71D408973A8
11120529C5688300FE10D628194FC2A79AAD03FFFFFFFFFFFC9FFF00001E1619FD42B71D408973C0
1111EE29C5418300FF10D62D194FC4A7BAAC03FFFFFFFFFFFCAFFF00001E1619FD42B71D408973D8
1111E529C52E83010410D61E194FBEA7AAAA03FFFFFFFFFFFC9FFF0000171619FD42B71D408973F0
1111EF29C54383010A10D617194FB8A78AA9154FFFFFFFFFFC9FFF00001E1619FD42B71D40897308
1111EC29C53A83010C10D61E194FBCA7BAAA1D3FFFFFFFFFFCAFFF00001E1619FD42B71D40897320
1111E929C53483010610D626194FC2A7DAAA03FFFFFFFFFFFCAFFF0000171619FD42B71D40897338
1111DE29C52283010710D625194FC1A79AAA03FFFFFFFFFFFC9FFF00001D1619FD42B71D40897350
1111DE29C52683010910D623194FC1A78AA903FFFFFFFFFFFC9FFF0000171619FD42B71D40897368
11120129C54783010010D627194FC3A79AA903FFFFFFFFFFFCAFFF00001E1619FD42B71D40897380
11120929C5648300F810D62B194FC6A79AAAA19FFFFFFFFFFC9FFF0000171619FD42B71D40895398
1111F229C53D83010510D626194FC4A7BAAA03FFFFFFFFFFFC9FFF00001D1619FD42B71D408973B0
1111E829C53183011310D61C194FBDA7AAAA03FFFFFFFFFFFC9FFF0000161619FD42B71D408973C8
1111F929C54683010E10D62B194FC5A7AAA803FFFFFFFFFFFC9FFF00001D1619FD42B71D408973E0
1111F629C54683010510D62A194FC6A78AA803FFFFFFFFFFFCBFFF00001D1619FE42B71D408973F8
1111F329C53B83010410D62A194FC6A79AA903FFFFFFFFFFFCAFFF00001D1619FE42B71D40895310
1111FD29C54883010210D624194FC1A79AA928CFFFFFFFFFFC9FFF00001D1619FE42B71D40897328
11120029C5508300FF10D627194FC3A79AAB346FFFFFFFFFFC9FFF00001D1619FE42B71D40895340
1111EF29C53A83010610D61F194FBEA79AAC03FFFFFFFFFFFCAFFF00001D1619FE42B71D40895358
1111E629C53083010B10D619194FB9A7AAAA03FFFFFFFFFFFCAFFF0000161619FE42B71D40895370
1111F029C54083010710D61E194FBDA7CAA903FFFFFFFFFFFC9FFF0000111619FE42B71D40895388
1111F629C53B83010610D61C194FBCA7BAA903FFFFFFFFFFFC9FFF0000161619FE42B71D408953A0
1111EC29C53583010A10D60F194FB1A7DAA903FFFFFFFFFFFCBFFF00001C1619FE42B71D408953B8
1111EE29C53883010710D613194FB5A7AAA81A4FFFFFFFFFFCAFFF00001D1619FE42B71D408953D0
1111FA29C54A8300FF10D621194FBCA78AA903EFFFFFFFFFFC9FFF00001D1619FE42B71D408953E8
1111F629C5438300FF10D61A194FBFA79AAA03FFFFFFFFFFFC9FFF0000111619FE42B71D40895300
1111E129C52383010610D62D194FC8A7BAA903FFFFFFFFFFFC9FFF00001C1619FE42B71D40895318
1111D529C51C83010A10D61E194FBEA7DAA903FFFFFFFFFFFCBFFF00001C1619FE42B71D40895330
1111E929C52F83010710D621194FC1A7CAA903FFFFFFFFFFFCAFFF0000151619FE42B71D40895348
1111DC29C51C83010910D61C194FC0A7BAA903FFFFFFFFFFFCBFFF0000151619FE42B71D40895360
1111D829C51383010B10D628194FC5A7BAAA03FFFFFFFFFFFCAFFF00001C1619FE42B71D40895378
1111DC29C52283010510D632194FCBA7EAAB03FFFFFFFFFFFCAFFF00001C1619FE42B71D40895390
1111EC29C5308300FF10D624194FC5A7DAAA81DFFFFFFFFFFCAFFF0000161619FE42B71D408953A8
1111F529C53A8300FD10D625194FC4A79AA9040FFFFFFFFFFCAFFF00001B1619FE42B71D408953C0
1111DC29C5248300FF10D624194FC6A77AA815FFFFFFFFFFFCAFFF00001A1619FE42B71D408953D8
1111CA29C50683010710D62C194FC9A76AA81ECFFFFFFFFFFCAFFF0000161619FE42B71D408953F0
1111D629C51883011010D624194FC5A78AA803FFFFFFFFFFFCAFFF00001A1619FE42B71D40895308
1111D729C51883011010D631194FCAA79AA7155FFFFFFFFFFCAFFF00001C1619FE42B71D40895320
1111E429C52483010710D635194FCEA7AAA71E1FFFFFFFFFFC9FFF00001C1619FE42B71D40895338
1111EF29C5348300FC10D623194FC2A7BAA603FFFFFFFFFFFC8FFF00000F1619FE42B71D40895350
1111F529C53E8300F410D62E194FC9A7AAA62E2FFFFFFFFFFC8FFF00001B1619FE42B71D40895368
1111E529C5258300FA10D625194FC4A7BAA73AFFFFFFFFFFFC9FFF00001C1619FE42B71D40895380
1111E129C52483010C10D629194FC8A7CAA803FFFFFFFFFFFC9FFF00001B1619FE42B71D40895398
1111E429C52B83011810D624194FC4A7AAA83F1FFFFFFFFFFCAFFF00001B1619FE42B71D408953B0
1111E229C52D83010D10D62C194FC7A79AA84BAFFFFFFFFFFCAFFF0000151619FF42B71D408953C8
1111F029C5388300FC10D63C194FD2A78AA803FFFFFFFFFFFC9FFF0000151619FF42B71D408953E0
1111F829C5408300FA10D634194FCFA78AA963EFFFFFFFFFFC9FFF00001B1619FF42B71D408953F8
1111F029C53A83010010D62F194FCBA7BAAA5AFFFFFFFFFFFCAFFF00001B1619FF42B71D40895310
1111E829C52D83010310D633194FCEA7CAAA03FFFFFFFFFFFCAFFF0000171619FF42B71D40895328
1111E229C52683010A10D635194FD1A7DAA9408FFFFFFFFFFCAFFF0000181619FF42B71D40895340
1111E929C52F83010F10D632194FCEA7DAAA03FFFFFFFFFFFCAFFF00001B1619FF42B71D40895358
1111ED29C52E83010810D63C194FD3A7BAAA03FFFFFFFFFFFCAFFF0000151619FF42B71D40895370
1111E929C5318300FD10D645194FD9A79AAA5E9FFFFFFFFFFCAFFF00001A1619FF42B71D40895388
1111F429C5388300FF10D63D194FD5A77AA903FFFFFFFFFFFCAFFF0000141619FF42B71D408953A0
1111EF29C53A83010210D63A194FD3A78AAA03FFFFFFFFFFFCAFFF00001B1619FF42B71D408953B8
1111F429C53983010110D63B194FD5A79AAB539FFFFFFFFFFCAFFF0000141619FF42B71D408953D0
1111EE29C53883010610D633194FCEA7AAAC03FFFFFFFFFFFCAFFF00001A1619FF42B71D408953E8
1111E729C52D83011110D629194FC7A7AAAC03FFFFFFFFFFFCAFFF00001A1619FF42B71D40895300
1111E929C52F83010F10D62D194FCAA78AAC61BFFFFFFFFFFCAFFF0000141619FF42B71D40895318
1111F029C53A83010510D62F194FCBA78AAC03FFFFFFFFFFFC9FFF00001A1619FF42B71D40895330
1111EE29C53D8300FD10D630194FC9A79AAB03FFFFFFFFFFFCAFFF00001B1619FF42B71D40895348
1111FB29C54A8300F710D633194FCDA7AAAB61EFFFFFFFFFFC9FFF0000171619FF42B71D40895360
1111F429C53B8300FE10D632194FCCA79AAA03FFFFFFFFFFFC9FFF00000C1619FF42B71D40895378
1111EA29C53283010C10D636194FD2A78AAA047FFFFFFFFFFC9FFF0000191619FF42B71D40895390
1111EE29C53583011210D636194FD2A77AAA900FFFFFFFFFFCAFFF00001A1619FF42B71D408953A8
1111F529C54083010B10D636194FCFA79AAA03FFFFFFFFFFFCAFFF00001A1619FF42B71D408953C0
1111F229C53D8300FE10D63E194FD4A7AAAB101FFFFFFFFFFCAFFF0000131619FF42B71D408943D8
1111FC29C54B8300FA10D63D194FD4A7BAA9A53FFFFFFFFFFCAFFF00001A1619FF42B71D408953F0
1111F429C53F83010010D63D194FD6A7CAA903FFFFFFFFFFFCAFFF00001A1619FF42B71D40895308
1111F029C53983010710D642194FDAA7BAA91A9FFFFFFFFFFCAFFF00001A1619FF42B71D40895320
1111F129C53A83010910D626194FC5A7BAA9B05FFFFFFFFFFC9FFF0000131619FF42B71D40895338
1111F529C53F83010810D627194FC2A79AA903FFFFFFFFFFFC9FFF0000191619FF42B71D40894350
1111F229C54183010610D61F194FBEA79AAA384FFFFFFFFFFCAFFF0000141619FF42B71D40894368
1111F029C53B83010510D625194FC1A7AAA9188FFFFFFFFFFCAFFF0000191619FF42B71D40894380
1111F129C53F83010510D625194FC1A7BAA903FFFFFFFFFFFC9FFF0000141619FF42B71D40895398
1111F629C53F83010110D62B194FC2A79AAA3F8FFFFFFFFFFCAFFF000013161A0042B71D408953B0
1111FB29C5498300FC10D628194FC2A79AA81B4FFFFFFFFFFCAFFF00001A161A0042B71D408943C8
1111F029C5368300FF10D622194FC0A7AAA84FBFFFFFFFFFFC9FFF000013161A0042B71D408943E0
1111DA29C51883010B10D62A194FC6A7CAA820BFFFFFFFFFFC9FFF000019161A0042B71D408943F8
1111DE29C51D83010E10D62B194FC5A7BAA903FFFFFFFFFFFCAFFF000013161A0042B71D40894310
1111E929C52D83010610D626194FC1A7BAA9631FFFFFFFFFFCAFFF000019161A0042B71D40893328
1111DF29C52683010310D623194FC0A77AAA270FFFFFFFFFFCAFFF00001A161A0042B71D40894340
1111E929C52683010310D627194FC2A77AAA691FFFFFFFFFFCBFFF00001A161A0042B71D40893358
1111F229C52F83010010D629194FC4A7BAAA289FFFFFFFFFFCAFFF000013161A0042B71D40893370
1111EC29C5308300FF10D62E194FCAA7CAA9671FFFFFFFFFFCAFFF000019161A0042B71D40894388
1111E929C52A83010510D62A194FC7A7BAA8281FFFFFFFFFFCAFFF000013161A0042B71D408933A0
1111E529C52C83010B10D62A194FC6A7BAA9048FFFFFFFFFFC9FFF00000D161A0042B71D408933B8
1111E529C52C83010910D630194FCBA7CAA98C8FFFFFFFFFFCBFFF000019161A0042B71D408933D0
1111E229C52B83010610D637194FD0A79AA9300FFFFFFFFFFC9FFF000019161A0042B71D408933E8
1111E229C52983010410D638194FD0A7BAA9092FFFFFFFFFFC9FFF00000D161A0042B71D40893300
1111E029C52583010210D637194FD0A7CAA93A2FFFFFFFFFFCAFFF000018161A0042B71D40893318
1111E429C52983010110D631194FCBA7CAA90C2FFFFFFFFFFCAFFF000019161A0042B71D40894330
1111E429C52B83010310D62D194FC9A7BAA9470FFFFFFFFFFCAFFF000019161A0042B71D40893348
1111E229C52A83010610D638194FD0A7CAAA03FFFFFFFFFFFCBFFF00000C161A0042B71C40893360
1111EA29C52F83010B10D637194FD0A7DAAA0DBFFFFFFFFFFCBFFF000019161A0042B71D40893378
1111EB29C53183010910D635194FCFA7CAAA504FFFFFFFFFFCAFFF000019161A0042B71C40894390
1111E829C52F83010510D633194FCCA7EAA903FFFFFFFFFFFCAFFF000019161A0042B71D408933A8
1111E729C53183010510D631194FCCA7CAAA132FFFFFFFFFFCAFFF00000D161A0042B71D408933C0
1111E829C52B83010010D636194FCFA7BAAA634FFFFFFFFFFCAFFF000018161A0042B71C408933D8
1111EB29C5308300FB10D63A194FD2A7BAAB03FFFFFFFFFFFC9FFF000016161A0042B71C408933F0
1111EB29C52E83010110D642194FD8A7AAAA229FFFFFFFFFFC9FFF000014161A0042B71C40893308
1111ED29C53383011010D645194FDDA7AAAA7E0FFFFFFFFFFCAFFF000012161A0042B71C40893320
1111F129C53A83011510D644194FDDA7AAAA03FFFFFFFFFFFC9FFF000012161A0042B71C40893338
1111EF29C53983010710D63E194FD6A7CAA727CFFFFFFFFFFC9FFF000018161A0042B71C40893350
1111EE29C5358300FC10D63C194FD6A7BAA8817FFFFFFFFFFC9FFF000018161A0042B71C40893368
1111F029C53C8300F910D647194FDEA79AA903FFFFFFFFFFFCAFFF000012161A0042B71C40893380
1111F129C5388300FF10D64F194FE3A78AA9342FFFFFFFFFFCAFFF000017161A0042B71C40893398
1111F929C54983010C10D64A194FE2A7BAA9922FFFFFFFFFFC9FFF000018161A0042B71C408933B0
1111F929C54883011110D647194FDEA79AA903FFFFFFFFFFFC9FFF000018161A0142B71C408933C8
1111F629C54383010910D647194FDDA7AAA8489FFFFFFFFFFCAFFF000018161A0142B71C408933E0
1111FA29C54B8300FE10D647194FDBA7AAA7043FFFFFFFFFFCAFFF000018161A0142B71C408933F8
1111FC29C5498300FD10D651194FE4A7BAA703FFFFFFFFFFFC9FFF000018161A0142B71C40893310
1111FD29C54D83010410D653194FE8A7CAA847AFFFFFFFFFFCAFFF00000C161A0142B71C40893328
1111FC29C54C83010710D648194FDEA7DAA9043FFFFFFFFFFCBFFF000017161A0142B71C40893340
1111FD29C54B83010410D647194FDCA7AAA903FFFFFFFFFFFCAFFF000012161A0142B71C40893358
1111FC29C54E83010710D641194FD9A7AAA859BFFFFFFFFFFCBFFF000017161A0142B71C40893370
1111F729C54283010A10D646194FDDA7AAA7046FFFFFFFFFFCAFFF000011161A0142B71C40893388
1111FA29C54983010410D64C194FE1A7AAA703FFFFFFFFFFFCAFFF00000C161A0142B71C408933A0
1111FE29C54A83010010D643194FDDA79AA803FFFFFFFFFFFC9FFF000017161A0142B71C408933B8
1111FE29C54783010110D63E194FD6A79AA703FFFFFFFFFFFC9FFF000018161A0142B71C408913D0
1111FB29C5478300FF10D640194FD7A7CAA703FFFFFFFFFFFCAFFF000017161A0142B71C408913E8
1111FB29C54883010310D63F194FD6A7CAA703FFFFFFFFFFFCAFFF000015161A0142B71C40891300
1111F429C54383010C10D63E194FD7A7AAAA4C2FFFFFFFFFFCAFFF000013161A0142B71C40891318
1111F629C54183010C10D646194FDDA7AAAA20AFFFFFFFFFFCAFFF000017161A0142B71C40891330
1111FA29C54783010710D648194FDEA79AA903FFFFFFFFFFFCAFFF000014161A0142B71C40891348
1111FA29C54783010110D63D194FD7A75AA803FFFFFFFFFFFCAFFF000013161A0142B71C40891360
1111FF29C54C8300FB10D63C194FD6A76AA903FFFFFFFFFFFCAFFF000017161A0142B71C40891378
1111FC29C54C8300FD10D63B194FD4A77AA903FFFFFFFFFFFCAFFF000017161A0142B71C40891390
1111F929C54983010510D63E194FD6A79AAA03FFFFFFFFFFFCBFFF000017161A0142B71C408913A8
1111F829C54583010A10D647194FDDA78AAA281FFFFFFFFFFCBFFF00000E161A0142B71C408913C0
1111FC29C54983010510D64C194FE2A79AAA03FFFFFFFFFFFCAFFF000017161A0142B71C408913D8
1111FC29C54B83010410D648194FE0A79AA903FFFFFFFFFFFCAFFF000017161A0142B71C408913F0
1111FA29C54883010610D647194FDEA7AAA903FFFFFFFFFFFCAFFF000017161A0142B71C40891308
1111FC29C54C83010110D650194FE4A7AAA903FFFFFFFFFFFCAFFF000017161A0142B71C40891320
1111FB29C54B8300FF10D654194FE7A79AAA70BFFFFFFFFFFC9FFF000017161A0142B71C40891338
1111FE29C55283010510D653194FE8A79AAA2CFFFFFFFFFFFC9FFF000017161A0142B71C40891350
11120129C54F83010210D652194FE7A79AAA0C8FFFFFFFFFFC9FFF000010161A0142B71C40891368
11120229C55483010010D64E194FE2A7BAAC03FFFFFFFFFFFC9FFF000016161A0142B71C40891380
11120029C54F83010910D644194FDEA7CAAB03FFFFFFFFFFFCAFFF000010161A0142B71C40891398
11120029C54D83010D10D646194FDBA7DAA903FFFFFFFFFFFCAFFF000011161A0142B71C408913B0
11120029C55383010510D649194FE0A7BAA803FFFFFFFFFFFCAFFF000017161A0142B71C408913C8
11120229C55283010010D64B194FDFA7AAA851DFFFFFFFFFFCAFFF000017161A0142B71C408913E0
11120529C5598300FB10D650194FE4A7BAA803FFFFFFFFFFFC9FFF000011161A0142B71C408913F8
11120429C5588300FB10D651194FE6A7BAA9043FFFFFFFFFFC9FFF000016161A0142B71C40891310
1111FE29C55083010610D656194FEBA7BAA9047FFFFFFFFFFC9FFF000016161A0242B71C40891328
1111FF29C55183010C10D658194FEBA79AA803FFFFFFFFFFFC9FFF000010161A0242B71C40891340
11120129C55283010810D658194FEAA7AAAA03FFFFFFFFFFFCAFFF000010161A0242B71C40891358
11120229C55483010310D655194FE9A7CAAA03FFFFFFFFFFFCAFFF000010161A0242B71C40891370
11120329C55683010010D666194FF4A7BAAB03FFFFFFFFFFFCAFFF000016161A0242B71C40891388
11120629C55883010010D66F194FFCA79AAB702FFFFFFFFFFCAFFF000016161A0242B71C408913A0
11120C29C5628300FE10D669194FF7A79AAB03FFFFFFFFFFFC9FFF000010161A0242B71C408913B8
11121A29C57383010110D64F194FE5A79AAA03FFFFFFFFFFFC9FFF00000B161A0242B71C408913D0
11121029C56783010910D64C194FE5A79AAA03FFFFFFFFFFFCAFFF000015161A0242B71C408913E8
11120429C55683010C10D650194FE7A7BAAA03FFFFFFFFFFFC9FFF000016161A0242B71C40891300
11120929C55F83010610D65D194FEEA7AAAB03FFFFFFFFFFFC9FFF000016161A0242B71C40891318
11120E29C5638300FF10D64D194FE5A7AAAA136FFFFFFFFFFCAFFF000016161A0242B71C40891330
11121429C5718300F910D650194FE3A7CAAA1F2FFFFFFFFFFC9FFF000010161A0242B71C40891348
11120C29C5638300FE10D64C194FE2A7CAAA03FFFFFFFFFFFC7FFF000016161A0242B71C40891360
11120429C55B83010710D653194FE9A7CAA803FFFFFFFFFFFCBFFF000016161A0242B71C40891378
11120929C55D83010610D655194FEAA7DAA703FFFFFFFFFFFCBFFF000016161A0242B71C40891390
11120B29C56483010310D658194FEBA7BAA703FFFFFFFFFFFCAFFF000010161A0242B71C408913A8
11120A29C55E83010210D659194FECA78AA7A03FFFFFFFFFFCBFFF000010161A0242B71C408913C0
11120A29C56183010310D656194FEDA77AA703FFFFFFFFFFFCAFFF000015161A0242B71C408913D8
11120C29C56283010310D657194FEBA78AA703FFFFFFFFFFFCAFFF000010161A0242B71C408913F0
11120E29C5648300FE10D65A194FECA7AAA703FFFFFFFFFFFCAFFF000015161A0242B71C40891308
11120D29C5658300FF10D656194FEAA7AAA803FFFFFFFFFFFCAFFF000015161A0242B71C40891320
11120B29C56183010610D658194FECA7BAAA043FFFFFFFFFFCAFFF00000F161A0242B71C40891338
11120C29C56283010810D659194FECA7CAAA03FFFFFFFFFFFCAFFF000015161A0242B71C40891350
11120F29C56583010310D660194FEFA7BAAB03FFFFFFFFFFFCAFFF00000F161A0242B71C40891368
11120F29C5688300FF10D65E194FEFA79AA903FFFFFFFFFFFC9FFF000015161A0242B71C40891380
11120F29C5658300FD10D65F194FF0A78AA803FFFFFFFFFFFC9FFF000015161A0242B71C40891398
11120E29C5668300FC10D665194FF3A79AA72C3FFFFFFFFFFC9FFF000010161A0242B71B408913B0
11121129C56683010310D668194FF9A78AA73E3FFFFFFFFFFC9FFF000014161A0242B71B408913C8
11121529C56F83011010D667194FFAA78AA803FFFFFFFFFFFC9FFF000015161A0242B71B408913E0
11121629C57283010F10D668194FF9A7BAAA03FFFFFFFFFFFC9FFF00000F161A0242B71C408913F8
11121129C56C8300FC10D668194FF8A7AAAB03FFFFFFFFFFFCAFFF000014161A0242B71C40891310
11121F29C57F8300EF10D676194FFFA77AAA03FFFFFFFFFFFCAFFF000010161A0242B71C40891328
11121929C5748300F810D667194FF8A78AA903FFFFFFFFFFFC8FFF000014161A0242B71B40891340
11121629C57483010810D669194FFBA7DAA924FFFFFFFFFFFC9FFF00000A161A0242B71B40890358
11121829C57483011010D66B194FFDA7DAA9044FFFFFFFFFFCAFFF000014161A0242B71B40891370
11121A29C57883010B10D663194FF7A7DAA903FFFFFFFFFFFCAFFF000015161A0242B71B40891388
11121D29C57F8300FF10D66A194FFAA7CAA9051FFFFFFFFFFC9FFF000015161A0242B71B408913A0
11121D29C57E8300FA10D667194FF8A7CAA903FFFFFFFFFFFC9FFF00000A161A0242B71B408913B8
11121E29C57E8300FF10D661194FF3A7CAAB03FFFFFFFFFFFCAFFF000014161A0242B71B408903D0
11121829C57883010110D665194FF6A7CAAB03FFFFFFFFFFFCAFFF000015161A0242B71B408913E8
11121729C57383010010D669194FFAA7BAA903FFFFFFFFFFFCBFFF000015161A0342B71B40891300
11121729C5738300FF10D668194FF9A7BAA803FFFFFFFFFFFCAFFF000005161A0342B71B40891318
11121A29C57783010210D669194FFBA7BAAA03FFFFFFFFFFFCAFFF000013161A0342B71B40891330
11121D29C57B83010810D66A194FFBA7CAAA7D0FFFFFFFFFFCAFFF000014161A0342B71B40890348
11121D29C57B83010A10D66C194FFDA7AAAA32FFFFFFFFFFFC9FFF000014161A0342B71B40891360
11121E29C57B83010310D66F194FFEA79AAA03FFFFFFFFFFFC9FFF000014161A0342B71B40890378
11122129C5828300FA10D670194FFDA78AA903FFFFFFFFFFFCAFFF000014161A0342B71B40890390
11122229C5838300F510D671194FFFA78AA903FFFFFFFFFFFCAFFF00000F161A0342B71B408903A8
11122229C5838300F910D66B194FFBA7BAAB044FFFFFFFFFFCAFFF000014161A0342B71B408903C0
11122229C58783010710D661194FF5A7CAAA04AFFFFFFFFFFCAFFF00000E161A0342B71B408903D8
11121A29C57883010F10D669194FFBA7AAA903FFFFFFFFFFFCAFFF00000E161A0342B71B408903F0
11121E29C57E83010710D66E194FFDA78AA805AFFFFFFFFFFCBFFF000014161A0342B71B40890308
11122929C58B8300FB10D66B194FFBA78AA903FFFFFFFFFFFCAFFF000014161A0342B71B40891320
11122729C58B8300F910D66F194FFDA78AA903FFFFFFFFFFFCAFFF000014161A0342B71B40890338
11122729C5878300FE10D66F194FFFA78AA803FFFFFFFFFFFC9FFF00000F161A0342B71B4088F350
11122529C58783010010D66B194FFEA7AAA703FFFFFFFFFFFCBFFF000013161A0342B71B40890368
11122129C58583010510D666194FFAA7AAA70E6FFFFFFFFFFCAFFF000014161A0342B71B4088F380
11121529C57483010710D665194FF5A78AA816FFFFFFFFFFFC9FFF00000F161A0342B71B4088F398
11121B29C57083010510D664194FF8A76AA903FFFFFFFFFFFC9FFF000013161A0342B71B4088F3B0
11122929C58783010210D670194FFBA76AAA03FFFFFFFFFFFC9FFF000010161A0342B71B4088F3C8
11122329C5878300FA10D66E194FFEA78AAA03FFFFFFFFFFFCAFFF000011161A0342B71B4088F3E0
11121F29C5818300F710D66B194FFCA78AAB03FFFFFFFFFFFCAFFF000014161A0342B71B4088F3F8
11122129C5818300FE10D665194FF7A79AAB916FFFFFFFFFFCAFFF000014161A0342B71B4088F310
11121929C57783010810D65C194FF1A7AAAB03FFFFFFFFFFFCAFFF00000A161A0342B71B4088F328
11121B29C57A83010A10D669194FFBA7BAAB03FFFFFFFFFFFC9FFF000013161A0342B71B4088F340
11122129C58483010210D66A194FFAA79AAA03FFFFFFFFFFFCAFFF000013161A0342B71B4088F358
11122229C5838300FC10D66C194FFAA78AA90C7FFFFFFFFFFCAFFF000014161A0342B71B4088F370
11122329C5838300FD10D66A194FFAA7AAA8041FFFFFFFFFFCBFFF000014161A0342B71B4088F388
11121929C57783010310D66A194FFAA7AAA81EFFFFFFFFFFFCAFFF000014161A0342B71B4088F3A0
11121B29C57783010110D66B194FFDA7AAA92F9FFFFFFFFFFC9FFF000012161A0342B71B4088F3B8
11121C29C5798300FF10D66B194FF8A78AA803FFFFFFFFFFFC9FFF00000A161A0342B71B4088F3D0
11121E29C58083010410D665194FF9A78AA703FFFFFFFFFFFCAFFF000012161A0342B71B4088F3E8
11122129C58383010910D670195000A7BAA703FFFFFFFFFFFCAFFF000013161A0342B71B4088F300
11122229C58183010610D670194FFFA7AAA903FFFFFFFFFFFCAFFF000013161A0342B71B4088F318
11122329C5838300FB10D678195001A79AAA03FFFFFFFFFFFCAFFF00000E161A0342B71B4088F330
11122129C5838300F710D67D19500BA79AA90D0FFFFFFFFFFCAFFF000012161A0342B71B4088F348
11122529C58683010310D67B195008A7BAA8041FFFFFFFFFFCCFFF00000D161A0342B71B4088F360
11122529C58A83010C10D672195003A7CAA703FFFFFFFFFFFCAFFF00000D161A0342B71B4088F378
11122529C58B83010710D677195003A7CAA803FFFFFFFFFFFCAFFF000013161A0342B71B4088F390
11122529C5868300FE10D679195006A7BAA803FFFFFFFFFFFCAFFF00000D161A0342B71B4088F3A8
11122329C5898300FB10D679195006A79AA8330FFFFFFFFFFCAFFF00000D161A0342B71B4088F3C0
11122529C58A83010310D66D194FFCA78AAA52AFFFFFFFFFFCBFFF000013161A0442B71B4088F3D8
11122929C58B83010610D66A194FFCA79AAA042FFFFFFFFFFCAFFF000013161A0442B71B4088F3F0
11122729C58E8300FF10D673195002A7BAA903FFFFFFFFFFFC9FFF000013161A0442B71B4088F308
11122A29C58E8300FF10D66F194FFEA7DAAA03FFFFFFFFFFFCAFFF00000A161A0442B71B4088F320
11122329C58983010710D669194FF9A7BAAA03FFFFFFFFFFFC9FFF000013161A0442B71B4088F338
11122229C58383010810D66A194FFAA79AAA03FFFFFFFFFFFCBFFF000013161A0442B71B4088F350
11122C29C59383010010D66C194FFEA79AAA339FFFFFFFFFFCAFFF000013161A0442B71B4088F368
11122929C58E8300FE10D66C194FFDA7AAAA04BFFFFFFFFFFC9FFF00000D161A0442B71B4088F380
11122629C58E83010210D66B194FFBA7AAAB03FFFFFFFFFFFC8FFF000010161A0442B71B4088F398
11122829C58C83010410D669194FFDA7AAAB03FFFFFFFFFFFC9FFF000010161A0442B71B4088D3B0
11122929C58E83010310D66B194FFCA7AAAC03FFFFFFFFFFFC9FFF00000A161A0442B71B4088F3C8
11122929C58A83010310D66C194FFDA78AAA4B1FFFFFFFFFFCAFFF000012161A0442B71B4088D3E0
11122A29C58D8300FD10D66D194FFDA77AA8615FFFFFFFFFFCAFFF000013161A0442B71B4088F3F8
11122B29C5918300FA10D66D194FFBA77AA703FFFFFFFFFFFCAFFF00000D161A0442B71B4088D310
11122729C58983010310D668194FF9A78AA703FFFFFFFFFFFCAFFF000013161A0442B71B4088D328
11122629C58983010610D66C194FFDA77AA81DEFFFFFFFFFFCBFFF00000D161A0442B71B4088D340
11122B29C59383010110D66E194FFEA76AA8046FFFFFFFFFFCBFFF000012161A0442B71B4088D358
11122B29C58C8300FD10D66A194FFCA78AA8045FFFFFFFFFFCAFFF000012161A0442B71B4088D370
11122A29C5908300FD10D66C194FFBA79AA803FFFFFFFFFFFCAFFF00000D161A0442B71B4088D388
11122629C59183010010D668194FF7A78AA803FFFFFFFFFFFC9FFF000012161A0442B71B4088D3A0
11122729C58B83010310D668194FFAA79AA803FFFFFFFFFFFCBFFF00000D161A0442B71B4088D3B8
11122629C58B83010510D66F195000A77AA803FFFFFFFFFFFCAFFF000009161A0442B71B4088D3D0
11122A29C58D83010010D671195000A77AA86BCFFFFFFFFFFCAFFF000012161A0442B71B4088D3E8
11122A29C5918300F910D673195001A78AA805EFFFFFFFFFFCAFFF000012161A0442B71B4088D300
11122A29C5908300F810D679195005A7AAA703FFFFFFFFFFFC9FFF000012161A0442B71B4088D318
11122829C58D8300FF10D67E19500CA79AA8134FFFFFFFFFFCAFFF000012161A0442B71B4088D330
11122829C58E83010610D673195003A78AAA044FFFFFFFFFFCAFFF00000C161A0442B71B4088D348
11122929C59183010810D671195000A7BAAB03FFFFFFFFFFFCAFFF000011161A0442B71B4088D360
11122B29C59083010410D66F195002A7CAAA052FFFFFFFFFFCAFFF000012161A0442B71B4088D378
11122829C58B8300FD10D673195003A7BAAA29DFFFFFFFFFFCAFFF00000C161A0442B71B4088D390
11122829C58D8300FA10D67A195006A7AAAA03FFFFFFFFFFFCAFFF000012161A0442B71B4088D3A8
11122729C58B8300FE10D670194FFEA7BAAA03FFFFFFFFFFFCAFFF000012161A0442B71B4088D3C0
11122829C58C8300FE10D66D195001A7AAA803FFFFFFFFFFFC9FFF000012161A0442B71B4088D3D8
11122829C58D8300FD10D673194FFFA7AAA803FFFFFFFFFFFCAFFF00000D161A0442B71B4088D3F0
11122A29C59083010110D66C194FFDA7BAA9999FFFFFFFFFFCAFFF000011161A0442B71B4088D308
11122B29C58E83010810D669194FFDA7CAA906FFFFFFFFFFFCAFFF00000C161A0442B71B4088D320
11122B29C58F83010410D66E194FFEA7EAA903FFFFFFFFFFFC9FFF00000D161A0542B71B4088D338
11122B29C5918300FB10D66C194FFCA7DAA803FFFFFFFFFFFC9FFF000011161A0542B71B4088D350
11122C29C58F8300FC10D66D194FFCA7CAA803FFFFFFFFFFFCAFFF000012161A0542B71B4088D368
11122629C58D8300FD10D66D194FFCA7BAA903FFFFFFFFFFFC9FFF00000C161A0542B71B4088D380
11122729C58A8300FC10D66D194FFCA7AAA91A4FFFFFFFFFFC9FFF00000C161A0542B71B4088D398
11122629C58983010210D66A194FFAA7AAA94E0FFFFFFFFFFCAFFF000011161A0542B71B4088D3B0
11122729C58883010910D664194FF6A7BAA703FFFFFFFFFFFC9FFF00000E161A0542B71B4088D3C8
11122D29C58C83010310D66A194FFAA7BAA604AFFFFFFFFFFCBFFF00000F161A0542B71B4088D3E0
11122B29C5908300FB10D66E194FFDA76AA6045FFFFFFFFFFCBFFF000011161A0542B71B4088D3F8
11122729C58A8300FD10D66C194FFBA76AA723CFFFFFFFFFFCAFFF00000C161A0542B71B4088D310
11122029C5868300FD10D669194FF9A78AA804AFFFFFFFFFFCBFFF00000C161A0542B71B4088D328
11122029C5828300FB10D669194FFAA7AAA803FFFFFFFFFFFCAFFF00000C161A0542B71B4088D340
11121C29C57A83010110D663194FF5A7DAA90E9FFFFFFFFFFC9FFF000011161A0542B71B4088D358
11121D29C57C83010610D65B194FEEA7DAAA666FFFFFFFFFFC9FFF00000C161A0542B71B4088D370
11122029C58083010410D665194FF5A7BAAA03FFFFFFFFFFFC9FFF00000C161A0542B71B4088D388
11122429C58683010010D667194FF8A7AAA903FFFFFFFFFFFC9FFF000010161A0542B71B4088D3A0
11122429C5808300F910D666194FF9A78AA803FFFFFFFFFFFCAFFF000011161A0542B71B4088D3B8
11122029C5838300F710D66A194FF9A79AA803FFFFFFFFFFFCAFFF00000C161A0542B71B4088D3D0
11121D29C57B8300FF10D668194FF8A7AAA803FFFFFFFFFFFCAFFF000010161A0542B71B4088D3E8
11121729C57683010710D669194FFBA7AAA8201FFFFFFFFFFCAFFF000011161A0542B71B4088D300
11121829C57483010910D672195000A79AA8125FFFFFFFFFFCAFFF000011161A0542B71B4088D318
11122229C58383010110D670194FFEA7AAA803FFFFFFFFFFFCAFFF000011161A0542B71B4088D330
11122329C5868300F510D670194FFDA7CAAA03FFFFFFFFFFFCAFFF00000C161A0542B71B4088D348
11122029C5838300F510D674195000A7CAAC03FFFFFFFFFFFC9FFF00000C161A0542B71B4088D360
11122A29C58C83010110D671195000A7BAAC2ACFFFFFFFFFFC9FFF000010161A0542B71B4088D378
11122E29C59483010410D66D194FFEA7BAAA8B2FFFFFFFFFFCAFFF000011161A0542B71B4088D390
11122D29C5928300FF10D67A195005A7BAA903FFFFFFFFFFFCAFFF000007161A0542B71B4088C3A8
11122629C58F83010110D674195003A7AAA903FFFFFFFFFFFCAFFF000010161A0542B71B4088D3C0
11123129C59783010210D66C195000A79AA903FFFFFFFFFFFCBFFF000011161A0542B71B4088D3D8
11122729C5928300FF10D672195001A7AAA903FFFFFFFFFFFCBFFF000011161A0542B71B4088D3F0
11122D29C5928300FF10D676195002A79AAA03FFFFFFFFFFFCBFFF000011161A0542B71B4088D308
11122E29C59783010010D673195003A78AAA3CBFFFFFFFFFFCAFFF000011161A0542B71B4088D320
11122E29C5938300FB10D676195006A76AAA1F6FFFFFFFFFFCAFFF000011161A0542B71B4088D338
11123029C5968300F910D673195004A78AA903FFFFFFFFFFFCAFFF000011161A0542B71B4088D350
11122929C5908300FF10D674195004A7AAA903FFFFFFFFFFFCAFFF000011161A0542B71B4088D368
11122729C58883010510D673195002A78AA903FFFFFFFFFFFCAFFF000010161A0542B71B4088D380
11122629C58B83010610D66C194FFFA78AAA03FFFFFFFFFFFCAFFF00000B161A0542B71B4088D398
11122629C58B83010410D678195004A78AAB03FFFFFFFFFFFCAFFF00000B161A0542B71B4088D3B0
11123029C5988300FB10D676195002A77AAA18BFFFFFFFFFFCAFFF00000B161A0642B71B4088D3C8
11123229C5978300F410D672195001A78AA91B0FFFFFFFFFFC9FFF000010161A0642B71B4088C3E0
11122F29C5938300F810D670194FFFA7AAAB049FFFFFFFFFFC9FFF00000F161A0642B71B4088D3F8
11122729C58C83010110D66A194FFBA79AAA03FFFFFFFFFFFCBFFF00000B161A0642B71B4088D310
11122729C58B83010910D667194FFAA78AAA03FFFFFFFFFFFCBFFF00000B161A0642B71B4088D328
11122E29C59383010710D674195001A77AAA5D9FFFFFFFFFFCBFFF00000B161A0642B71B4088D340
11122B29C58F83010010D673195000A77AAA2CDFFFFFFFFFFCCFFF000006161A0642B71B4088D358
11122B29C5938300FB10D671195000A78AA903FFFFFFFFFFFCAFFF00000F161A0642B71B4088D370
11122F29C5948300FA10D67E195005A78AA803FFFFFFFFFFFCAFFF000009161A0642B71B4088D388
11122C29C5948300FD10D678195006A78AA803FFFFFFFFFFFC9FFF000010161A0642B71B4088D3A0
11122C29C5908300FE10D672195001A7AAA903FFFFFFFFFFFC9FFF000010161A0642B71B4088D3B8
11123229C59683010110D673195004A78AA903FFFFFFFFFFFCAFFF00000B161A0642B71B4088D3D0
11122A29C59183010610D671195002A78AAA405FFFFFFFFFFCAFFF00000B161A0642B71B4088C3E8
11122929C58B83010510D675195003A79AAA03FFFFFFFFFFFCAFFF000010161A0642B71B4088C300
11123029C5978300FB10D67C195008A7CAAA03FFFFFFFFFFFCAFFF00000B161A0642B71B4088D318
11123029C5998300F710D67D195009A7BAA903FFFFFFFFFFFCAFFF00000B161A0642B71B4088D330
11122C29C5928300FC10D67A195007A79AA92ABFFFFFFFFFFCAFFF000010161A0642B71B4088C348
11122B29C5938300FE10D679195006A79AA9052FFFFFFFFFFCAFFF000010161A0642B71B4088D360
11122D29C59283010010D67A195007A7AAA803FFFFFFFFFFFCBFFF000010161A0642B71B4088C378
11122D29C59883010610D67A195008A7AAA703FFFFFFFFFFFCBFFF000010161A0642B71B4088C390
11123029C59383010710D67C195009A79AA603FFFFFFFFFFFCBFFF00000B161A0642B71B4088B3A8
11123229C5978300FC10D679195006A79AA703FFFFFFFFFFFCAFFF00000F161A0642B71B4088B3C0
11123329C5988300F410D679195006A78AA903FFFFFFFFFFFCAFFF00000B161A0642B71B4088C3D8
11123129C5978300F810D67B195007A78AA903FFFFFFFFFFFCBFFF00000F161A0642B71B4088D3F0
11123229C59B8300FF10D67C195009A78AAA6C5FFFFFFFFFFCAFFF000009161A0642B71B4088C308
11123529C59E83010410D67F19500BA7AAA903FFFFFFFFFFFC9FFF00000C161A0642B71B4088C320
11123529C59B83010510D68219500DA7AAA903FFFFFFFFFFFC9FFF000007161A0642B71B4088B338
11123429C59E8300FF10D68019500BA79AA903FFFFFFFFFFFC9FFF00000F161A0642B71B4088C350
11123329C59E8300FB10D68319500DA7AAA903FFFFFFFFFFFCBFFF00000F161A0642B71B4088B368
11123929C5A18300FE10D68519500FA7AAA803FFFFFFFFFFFCCFFF00000F161A0642B71B4088B380
11123629C59F8300FB10D68619500EA7AAA9109FFFFFFFFFFCBFFF00000F161A0642B71B4088C398
11123429C59D8300F710D684195010A79AA9412FFFFFFFFFFCAFFF000007161A0642B71B4088B3B0
11123529C59B83010010D67F19500DA78AA9053FFFFFFFFFFCAFFF00000D161A0642B71B4088B3C8
11123529C59C83010510D68419500EA76AA903FFFFFFFFFFFCAFFF00000F161A0642B71B4088B3E0
11123729C5A283010010D67F19500CA77AAA03FFFFFFFFFFFCAFFF00000F161A0642B71B4088C3F8
11123829C5A483010110D68019500CA78AA903FFFFFFFFFFFCAFFF00000A161A0742B71B4088B310
11123829C5A783010210D684195010A79AA99B2FFFFFFFFFFCAFFF00000B161A0742B71B4088B328
11123B29C5A78300FC10D68B195014A78AAB03FFFFFFFFFFFC9FFF000006161A0742B71B4088B340
11123C29C5A48300F410D68419500FA7AAAB03FFFFFFFFFFFC9FFF00000F161A0742B71B4088B358
11123E29C5A88300F710D689195013A78AA903FFFFFFFFFFFC9FFF00000A161A0742B71B4088B370
11123929C59F83010110D68319500EA78AA803FFFFFFFFFFFCAFFF00000A161A0742B71B4088B388
11123129C59883010410D68219500EA79AAA03FFFFFFFFFFFCAFFF00000A161A0742B71B4088B3A0
11123529C59C83010310D685195011A78AAA201FFFFFFFFFFCCFFF00000E161A0742B71B4088B3B8
11123829C59F83010010D68B195014A76AAA360FFFFFFFFFFCAFFF00000F161A0742B71B4088B3D0
11123D29C5A98300FA10D68E195016A77AAA03FFFFFFFFFFFCAFFF00000F161A0742B71B4088B3E8
11123E29C5AC8300F810D68A195015A78AA904AFFFFFFFFFFCAFFF000006161A0742B71B4088B300
11123D29C5A983010010D689195016A78AA803FFFFFFFFFFFCAFFF00000E161A0742B71B4088B318
11123C29C5A983010110D68F195015A78AA803FFFFFFFFFFFCAFFF000006161A0742B71B4088B330
11123C29C5AA83010010D690195016A79AA803FFFFFFFFFFFCAFFF00000A161A0742B71B4088B348
11124129C5AE83010310D682195015A7BAA803FFFFFFFFFFFCBFFF00000E161A0742B71B4088B360
11124029C5AB83010010D690195018A7BAA82C8FFFFFFFFFFCAFFF00000F161A0742B71B4088B378
11123F29C5AD8300F710D68C195015A79AA7618FFFFFFFFFFCAFFF00000C161A0742B71B4088B390
11123E29C5AF8300F910D68C195017A78AA5052FFFFFFFFFFCAFFF000009161A0742B71B4088B3A8
11123A29C5A283010110D69119501CA79AA603FFFFFFFFFFFCAFFF00000E161A0742B71B4088B3C0
11123A29C5A783010210D69319501CA79AA603FFFFFFFFFFFCAFFF00000E161A0742B71B4088B3D8
11123E29C5AB83010110D69419501CA79AA703FFFFFFFFFFFCAFFF00000E161A0742B71B4088B3F0
11123929C5AB83010110D69419501CA7BAA903FFFFFFFFFFFC8FFF00000E161A0742B71B4088B308
11123F29C5AC8300FC10D69319501AA7AAA803FFFFFFFFFFFC9FFF00000A161A0742B71B4088B320
11124129C5B38300F810D69319501AA7AAA703FFFFFFFFFFFCAFFF00000D161A0742B71B4088B338
11124429C5B48300FC10D69819501DA7BAA950CFFFFFFFFFFCBFFF00000A161A0742B71B4088B350
11124029C5B083010310D69719501EA7BAA9614FFFFFFFFFFCBFFF00000D161A0742B71B40889368
11124129C5AF83010310D697195020A7BAA803FFFFFFFFFFFCBFFF00000E161A0742B71B40889380
11124429C5B68300FE10D69319501DA7BAA85C6FFFFFFFFFFCBFFF00000E161A0742B71B40889398
11124329C5B58300FD10D697195020A7BAA9641FFFFFFFFFFCAFFF00000E161A0742B71B4088B3B0
11124329C5B18300FD10D69719501FA7BAAA03FFFFFFFFFFFCAFFF00000E161A0742B71B408893C8
11124629C5B68300FE10D69919501FA7BAAA693FFFFFFFFFFCBFFF000007161A0742B71B408893E0
11124729C5B783010110D698195021A7BAA9925FFFFFFFFFFCAFFF00000D161A0742B71B408893F8
11124929C5B683010310D698195020A7AAA905EFFFFFFFFFFCAFFF00000E161A0842B71B40889310
11124529C5B68300FD10D69619501EA7AAA863CFFFFFFFFFFCAFFF00000E161A0842B71B40889328
11124629C5B88300FB10D69619501FA79AA7699FFFFFFFFFFCAFFF00000C161A0842B71B40889340
11124729C5BB8300FD10D69719501FA78AA803FFFFFFFFFFFCAFFF00000A161A0842B71B40889358
11124A29C5C183010010D69519501EA7BAA91BCFFFFFFFFFFCAFFF00000A161A0842B71B40889370
11124C29C5BC83010110D695195020A7CAAA03FFFFFFFFFFFCAFFF00000D161A0842B71B40889388
11124D29C5BE8300FF10D698195021A79AAA03FFFFFFFFFFFCBFFF00000E161A0842B71B408893A0
11124B29C5BF83010010D69A195021A77AA903FFFFFFFFFFFCBFFF00000E161A0842B71B4088B3B8
11124B29C5BE83010110D69A195020A77AA803FFFFFFFFFFFC9FFF000009161A0842B71B408893D0
11124729C5B88300FD10D69719501EA78AA903FFFFFFFFFFFC9FFF000009161A0842B71B408893E8
11124A29C5C18300FA10D69819501FA77AA9471FFFFFFFFFFCBFFF00000D161A0842B71B40889300
11124929C5BA8300FE10D699195022A77AAA03FFFFFFFFFFFCAFFF00000E161A0842B71B40889318
11124729C5BC83010510D699195020A7AAA903FFFFFFFFFFFCAFFF00000E161A0842B71B40889330
11124929C5BB8300FF10D697195021A7AAA8603FFFFFFFFFFCAFFF00000E161A0842B71B40889348
11124929C5BE8300F810D699195021A7AAA834BFFFFFFFFFFCAFFF000009161A0842B71B40889360
11124B29C5C38300F910D698195020A7CAA8062FFFFFFFFFFCAFFF00000B161A0842B71B40889378
11124829C5B983010010D698195022A79AA860BFFFFFFFFFFCBFFF00000B161A0842B71B40889390
11124729C5BB83010510D69719501FA79AA904BFFFFFFFFFFCBFFF00000E161A0842B71B408893A8
11124629C5BD83010410D697195020A78AA89EBFFFFFFFFFFCAFFF000009161A0842B71B408893C0
11124A29C5BD8300FC10D69C195024A7AAA8296FFFFFFFFFFCAFFF000009161A0842B71B408893D8
11125029C5C48300F510D69F195023A7CAA834DFFFFFFFFFFCAFFF00000E161A0842B71B408893F0
11124C29C5C38300F810D69B195022A7BAA81D2FFFFFFFFFFC9FFF00000D161A0842B71B40889308
11124929C5BC83010010D68E195017A79AA903FFFFFFFFFFFC9FFF00000D161A0842B71B40889320
11124329C5B683010710D68019500CA77AAB4E6FFFFFFFFFFCAFFF00000D161A0842B71B40889338
11124729C5BA83010710D678195002A77AAA298FFFFFFFFFFCBFFF00000D161A0842B71B40889350
11124A29C5BE8300FC10D688195012A77AAA040FFFFFFFFFFCAFFF00000B161A0842B71B40889368
11124D29C5C28300F110D69819501FA78AAB88EFFFFFFFFFFCAFFF00000B161A0842B71B40889380
11124D29C5C08300F310D68A195017A7AAAA390FFFFFFFFFFCAFFF000007161A0842B71B40889398
11124B29C5BF83010110D671195001A7BAAA04FFFFFFFFFFFCAFFF00000C161A0842B71B408893B0
11124629C5B783010C10D65F194FF8A7AAAA537FFFFFFFFFFCAFFF00000A161A0942B71B408893C8
11124A29C5BD83010910D66B194FFEA78AA92E3FFFFFFFFFFC9FFF00000B161A0942B71B408893E0
11124D29C5C28300FF10D66E194FFEA79AA903FFFFFFFFFFFC8FFF00000D161A0942B71B408893F8
11124E29C5C38300F410D689195012A79AA806CFFFFFFFFFFCAFFF000007161A0942B71B40889310
11124C29C5C18300F310D67F19500CA79AA94B5FFFFFFFFFFCAFFF00000A161A0942B71B40889328
11124529C5B58300FE10D671195000A79AA903FFFFFFFFFFFC9FFF00000D161A0942B71B40889340
11123529C5A183010710D672195002A7AAA90C7FFFFFFFFFFC9FFF00000D161A0942B71B40889358
11123D29C5AC83010610D673195009A79AAA6C1FFFFFFFFFFCAFFF00000D161A0942B71B40889370
11124329C5B683010110D682195009A7BAAA03FFFFFFFFFFFC9FFF00000D161A0942B71B40889388
11123E29C5AB8300F910D67D19500BA7BAA9106FFFFFFFFFFC9FFF00000D161A0942B71B408893A0
11123E29C5AD8300F410D677195005A78AA97D3FFFFFFFFFFCAFFF000008161A0942B71B408893B8
11123829C5A08300FD10D67B195007A77AAA11FFFFFFFFFFFC9FFF00000D161A0942B71B408893D0
11123229C59D83010510D68319500AA7AAAA817FFFFFFFFFFCAFFF000008161A0942B71B408893E8
11123D29C5AD83010110D676195005A7BAAA03FFFFFFFFFFFCAFFF00000C161A0942B71B40889300
11123829C5A68300FD10D676195005A7CAA9332FFFFFFFFFFC9FFF000008161A0942B71B40889318
11123A29C5A683010010D68619500CA79AA99C1FFFFFFFFFFC9FFF00000B161A0942B71B40889330
11123B29C5A78300FC10D67C195008A78AAA03FFFFFFFFFFFC9FFF00000A161A0942B71B40889348
11123D29C5AD8300F610D678195007A77AAA2DAFFFFFFFFFFCAFFF00000D161A0942B71B40889360
11123E29C5AD8300FF10D67F19500BA78AAB062FFFFFFFFFFCAFFF000009161A0942B71B40889378
11123B29C5A883010A10D684195011A7AAAC03FFFFFFFFFFFCAFFF00000C161A0942B71B40889390
11124229C5AC83010210D68519500FA7CAAC3ABFFFFFFFFFFCAFFF000008161A0942B71B408893A8
11123F29C5B28300F610D681195012A7CAAA06DFFFFFFFFFFCAFFF000006161A0942B71B408893C0
11123D29C5AA8300F810D681195012A7CAA903FFFFFFFFFFFCAFFF00000D161A0942B71B408893D8
11123B29C5AD83010110D68219500FA7AAA92D3FFFFFFFFFFCAFFF00000C161A0942B71B408893F0
11123829C5A683010410D687195014A78AA913EFFFFFFFFFFCAFFF00000C161A0942B71B40889308
11123C29C5A88300FF10D68A195016A7AAA9453FFFFFFFFFFCBFFF00000C161A0942B71B40889320
11123D29C5AE8300FE10D68F195017A7AAA9076FFFFFFFFFFCAFFF00000C161A0942B71B40889338
11124329C5B383010110D68E195018A7AAA803FFFFFFFFFFFC9FFF00000C161A0942B71B40889350
11123F29C5AD8300FE10D68B195013A7CAA8693FFFFFFFFFFCAFFF000008161A0A42B71B40889368
11124229C5B38300FD10D68B195015A7AAA8094FFFFFFFFFFCAFFF000008161A0A42B71B40889380
11124B29C5BA8300FC10D68A195015A7AAA809EFFFFFFFFFFCBFFF00000C161A0A42B71B40889398
11124A29C5BE8300F910D68E195016A7BAA8A93FFFFFFFFFFCBFFF00000C161A0A42B71B408893B0
11124529C5B38300FF10D690195019A7CAA80BEFFFFFFFFFFCAFFF00000C161A0A42B71B408893C8
11124029C5B483010B10D69319501EA79AA80B1FFFFFFFFFFCAFFF00000C161A0A42B71B408893E0
11124529C5B183010810D699195020A78AA8984FFFFFFFFFFCAFFF00000C161A0A42B71B408893F8
11124329C5B68300F910D68D195016A77AA90B1FFFFFFFFFFCAFFF00000C161A0A42B71B40889310
11124B29C5BB8300F010D69B195022A78AA8044FFFFFFFFFFCAFFF00000C161A0A42B71B40889328
11124629C5B88300F610D69B195021A79AA7983FFFFFFFFFFCAFFF000008161A0A42B71B40889340
11124629C5BD83010210D69A195023A7AAA70BBFFFFFFFFFFCAFFF00000B161A0A42B71B40889358
11124929C5BE83010710D69819501FA7BAA80A0FFFFFFFFFFCAFFF000008161A0A42B71B40889370
11124A29C5BD83010710D696195021A7CAA8A5AFFFFFFFFFFCAFFF000004161A0A42B71B40889388
11124A29C5BC8300FF10D69619501EA7DAA90C0FFFFFFFFFFCAFFF00000B161A0A42B71B408893A0
11124B29C5C18300F410D69519501DA7BAA81DCFFFFFFFFFFCCFFF000008161A0A42B71B408893B8
11124929C5C38300F810D690195019A7AAA7362FFFFFFFFFFCAFFF00000C161A0A42B71B408893D0
11124B29C5BE8300FF10D69319501DA7AAA903FFFFFFFFFFFCAFFF000007161A0A42B71B408883E8
11124B29C5C38300FF10D69819501EA79AA9261FFFFFFFFFFCCFFF000008161A0A42B71B40889300
11124829C5C183010510D69719501CA78AAA42AFFFFFFFFFFCAFFF000007161A0A42B71B40889318
11124A29C5BE83010910D69419501CA7AAAB03FFFFFFFFFFFCAFFF00000C161A0A42B71B40888330
11124B29C5BB8300FD10D69519501BA7AAAA26DFFFFFFFFFFCBFFF00000C161A0A42B71B40889348
11124A29C5BB8300F110D69419501DA7AAA943EFFFFFFFFFFCBFFF00000C161A0A42B71B40889360
11124A29C5C18300F810D69719501FA7AAA903FFFFFFFFFFFCAFFF00000C161A0A42B71B40889378
11124229C5B583010710D69119501DA79AA803FFFFFFFFFFFCAFFF000008161A0A42B71B40889390
11124129C5B383010910D69719501FA79AA809DFFFFFFFFFFCAFFF00000C161A0A42B71B408883A8
11124A29C5C183010010D69C195020A78AA865AFFFFFFFFFFCAFFF000008161A0A42B71B408893C0
11124D29C5C48300FB10D69919501FA77AA803FFFFFFFFFFFCBFFF00000B161A0A42B71B408883D8
11125029C5C48300F810D69E195024A76AA934EFFFFFFFFFFCAFFF00000C161A0A42B71B408893F0
11125229C5C78300F610D6A1195024A76AA906FFFFFFFFFFFC9FFF00000C161A0A42B71B40888308
11125429C5CA83010010D69419501EA79AA903FFFFFFFFFFFCAFFF000007161A0A42B71B40888320
11124B29C5C083010B10D69E195026A7BAAA03FFFFFFFFFFFCBFFF00000B161A0A42B71B40888338
11124A29C5BF83010510D69A195021A7BAA81BFFFFFFFFFFFCAFFF000007161A0A42B71B40888350
11125229C5CB8300FB10D69619501FA79AA7127FFFFFFFFFFCAFFF00000B161A0B42B71B40888368
11125429C5CC8300F710D69919501EA78AA803FFFFFFFFFFFCBFFF00000B161A0B42B71B40888380
11125229C5CC8300FB10D69519501EA79AA803FFFFFFFFFFFCAFFF000004161A0B42B71B40888398
11125129C5C68300FE10D69519501EA79AA703FFFFFFFFFFFCAFFF00000A161A0B42B71B408873B0
11124F29C5C78300FD10D69519501CA79AA812FFFFFFFFFFFCAFFF000007161A0B42B71B408873C8
11124C29C5C683010110D69319501DA79AAB8DBFFFFFFFFFFC9FFF00000A161A0B42B71B408883E0
11124929C5BF83010310D6A919502CA7BAAA03FFFFFFFFFFFC9FFF000007161A0B42B71B408883F8
11124F29C5C183010110D6B8195032A7BAAA03FFFFFFFFFFFCBFFF000007161A0B42B71B40888310
11124F29C5C68300FA10D6AE19502EA7BAAA03FFFFFFFFFFFCAFFF00000B161A0B42B71B40887328
11124C29C5C68300F710D69B195023A79AA903FFFFFFFFFFFCAFFF000008161A0B42B71B40887340
11125329C5C98300FE10D69E195026A79AA903FFFFFFFFFFFC9FFF00000A161A0B42B71B40887358
11125A29C5D483010210D6A619502BA7CAA9381FFFFFFFFFFC9FFF000006161A0B42B71B40887370
11126229C5DD8300FF10D6A519502BA7AAA9216FFFFFFFFFFC9FFF00000A161A0B42B71B40887388
11126029C5DB83010010D6AA19502FA79AA903FFFFFFFFFFFCAFFF000004161A0B42B71B408873A0
11125829C5D283010110D6A419502BA79AAB059FFFFFFFFFFCAFFF00000A161A0B42B71B408873B8
11125829C5D48300FE10D6A1195027A79AAA37DFFFFFFFFFFC9FFF00000B161A0B42B71B408873D0
11125829C5D08300F810D6A3195025A7AAA9076FFFFFFFFFFCAFFF00000B161A0B42B71B408883E8
11125929C5D48300FC10D69D195026A7AAA803FFFFFFFFFFFCAFFF00000B161A0B42B71B40887300
11125929C5D683010110D699195022A78AAA03FFFFFFFFFFFCBFFF00000B161A0B42B71B40887318
11125929C5D68300FF10D6A2195028A78AA94D2FFFFFFFFFFCAFFF000005161A0B42B71B40887330
11125629C5CD83010210D69D195025A77AA82BBFFFFFFFFFFC9FFF000008161A0B42B71B40887348
11125529C5CA83010610D6A0195026A79AA703FFFFFFFFFFFC9FFF000004161A0B42B71B40887360
11125E29C5DB8300FA10D6A419502AA79AA503FFFFFFFFFFFCAFFF00000B161A0B42B71B40887378
11126429C5E38300F110D6A819502CA78AA603FFFFFFFFFFFCAFFF000007161A0B42B71B40887390
11125A29C5D38300FB10D6A1195027A77AA703FFFFFFFFFFFCAFFF00000B161A0B42B71B408873A8
11125829C5D283010610D6A0195027A78AA803FFFFFFFFFFFCAFFF00000A161A0B42B71B408873C0
11125D29C5D983010310D6A2195025A79AA9331FFFFFFFFFFCAFFF000007161A0B42B71B408873D8
11125F29C5DD8300FD10D6A3195026A78AA903FFFFFFFFFFFCAFFF00000B161A0B42B71B408873F0
11126129C5DA8300F910D6A619502AA79AA903FFFFFFFFFFFCAFFF000007161A0B42B71B40887308
11125F29C5D98300F710D6A519502BA7BAA903FFFFFFFFFFFCAFFF00000A161A0B42B71B40887320
11126029C5D88300FC10D6A319502AA7BAA9392FFFFFFFFFFCAFFF000008161A0B42B71B40887338
11125E29C5DA83010610D686195010A7AAAA748FFFFFFFFFFCAFFF000005161A0B42B71B40887350
11125F29C5DC83010210D6A2195021A79AAA3B6FFFFFFFFFFCBFFF00000B161A0B42B71B40887368
11125D29C5DA8300F510D6A4195027A7AAA903FFFFFFFFFFFCAFFF000006161A0B42B71B40887380
11125A29C5DA8300F510D69D195025A77AA903FFFFFFFFFFFCAFFF00000B161A0B42B71B40887398
11125829C5D28300FF10D69E195026A78AAA03FFFFFFFFFFFCAFFF00000B161A0C42B71B408873B0
11125929C5D183010310D6A119502AA78AA9041FFFFFFFFFFCAFFF000007161A0C42B71B408873C8
11125A29C5D383010110D6A619502BA79AA9044FFFFFFFFFFCAFFF000006161A0C42B71B408873E0
11125F29C5DB8300FC10D6A4195026A79AAA03FFFFFFFFFFFCBFFF00000A161A0C42B71B408873F8
11125F29C5DA8300F210D69D195024A7AAAA03FFFFFFFFFFFCBFFF00000A161A0C42B71B40887310
11126229C5DF8300F110D69E195026A7AAA93AFFFFFFFFFFFCAFFF000006161A0C42B71B40885328
11125F29C5DC83010010D69019501CA79AA807FFFFFFFFFFFC9FFF00000A161A0C42B71B40887340
11125829C5D683010B10D69D195026A79AA76F3FFFFFFFFFFCAFFF00000A161A0C42B71B40887358
11125F29C5DC83010610D6A619502BA7AAA703FFFFFFFFFFFCAFFF00000A161A0C42B71B40885370
11126629C5E88300FA10D6BE19503BA79AA703FFFFFFFFFFFCBFFF00000A161A0C42B71B40887388
11127229C5F98300F310D6B2195036A78AA803FFFFFFFFFFFCAFFF00000A161A0C42B71B408853A0
11127929C6038300F210D6C3195044A79AA803FFFFFFFFFFFCAFFF000004161A0C42B71A408853B8
11126C29C5EF8300FA10D6AE195033A78AA803FFFFFFFFFFFCAFFF00000A161A0C42B71A408853D0
11125E29C5DD83010810D69D195026A78AA8102FFFFFFFFFFCAFFF00000A161A0C42B71A408873E8
11125E29C5DF83010910D6A519502BA79AA820CFFFFFFFFFFCBFFF000006161A0C42B71A40887300
11126A29C5ED8300F910D6A719502CA79AA603FFFFFFFFFFFCAFFF000006161A0C42B71A40887318
11127529C5FF8300EF10D6C019503EA7BAA703FFFFFFFFFFFCAFFF000009161A0C42B71A40885330
11126B29C5EC8300F310D6C1195042A79AA703FFFFFFFFFFFCAFFF00000A161A0C42B71A40885348
11126929C5ED8300FD10D6BD19503EA78AA603FFFFFFFFFFFC9FFF000004161A0C42B71A40885360
11126829C5EF83010610D6B6195038A77AA79FBFFFFFFFFFFC9FFF000009161A0C42B71A40885378
11126D29C5EF83010510D6B6195039A77AA83DEFFFFFFFFFFCBFFF00000A161A0C42B71A40885390
11126F29C5F28300F810D6B2195036A77AA9086FFFFFFFFFFCAFFF00000A161A0C42B71A408853A8
11127429C5FB8300F010D6C019503EA78AA903FFFFFFFFFFFCAFFF000006161A0C42B71A408853C0
11126F29C5F18300F710D6BA19503AA78AA903FFFFFFFFFFFCAFFF00000A161A0C42B71A408853D8
11126C29C5EF83010210D6B919503BA79AAA03FFFFFFFFFFFC9FFF000006161A0C42B71A408853F0
11126F29C5F583010610D6BD19503CA79AA91F9FFFFFFFFFFCAFFF00000A161A0C42B71A40885308
11127029C5F383010410D6C119503FA78AA93C2FFFFFFFFFFCAFFF00000A161A0C42B71A40885320
11127129C5F98300FD10D6C219503FA78AA903FFFFFFFFFFFCAFFF000006161A0C42B71A40885338
11127629C5FB8300F010D6B919503AA78AAA03FFFFFFFFFFFCAFFF00000A161A0C42B71A40885350
11127829C6018300EC10D6C119503EA78AAA03FFFFFFFFFFFCBFFF000007161A0C42B71A40885368
11127529C5FC8300F910D6BF19503EA79AAA03FFFFFFFFFFFCAFFF000008161A0C42B71A40885380
11127329C5FE83010B10D6B0195033A79AA903FFFFFFFFFFFCAFFF000006161A0C42B71A40885398
11127429C5FB83010A10D6B6195039A7BAA917BFFFFFFFFFFCAFFF000009161A0C42B71A408853B0
11127529C5FE8300FB10D6B6195039A7AAA9059FFFFFFFFFFC9FFF000006161A0D42B71A408853C8
11127629C6008300F210D6B7195039A7BAA903FFFFFFFFFFFCBFFF000006161A0D42B71A408853E0
11127929C6028300F210D6B4195036A7AAAA3FDFFFFFFFFFFCAFFF000009161A0D42B71A408853F8
11127329C5FA8300FE10D6A1195027A79AA908CFFFFFFFFFFCAFFF00000A161A0D42B71A40885310
11126529C5E683010510D679195009A7AAA8333FFFFFFFFFFCBFFF00000A161A0D42B71A40885328
11127429C5F98300FC10D6A319502BA7BAA858AFFFFFFFFFFCAFFF00000A161A0D42B71A40885340
11127729C5FD8300F110D69A195028A7AAAA03FFFFFFFFFFFCAFFF00000A161A0D42B71A40885358
11126529C5E68300F210D69119501DA79AAB03FFFFFFFFFFFCAFFF00000A161A0D42B71A40885370
11125C29C5D88300FC10D69219501CA79AAA03FFFFFFFFFFFCAFFF000005161A0D42B71A40885388
11125129C5CB83010410D68C195016A79AA903FFFFFFFFFFFCAFFF000007161A0D42B71A408853A0
11125A29C5DB83010710D68F19501BA79AA903FFFFFFFFFFFCAFFF000006161A0D42B71A408853B8
11126729C5E98300FF10D69F195026A7BAAA3EDFFFFFFFFFFCAFFF00000A161A0D42B71A408853D0
11127429C5FE8300F310D6A819502BA7BAAA08DFFFFFFFFFFCBFFF000006161A0D42B71A408853E8
11127529C5FD8300F110D6AE195031A7BAA803FFFFFFFFFFFCAFFF000009161A0D42B71A40885300
11125029C5C58300F710D6B2195036A7CAA803FFFFFFFFFFFC9FFF000004161A0D42B71A40885318
11125629C5CF8300F810D6B5195039A79AA803FFFFFFFFFFFC9FFF000006161A0D42B71A40885330
11125D29C5DB8300FD10D6BB19503DA78AA903FFFFFFFFFFFCAFFF000005161A0D42B71A40885348
11125829C5D583010710D6B7195039A78AA9422FFFFFFFFFFCAFFF000009161A0D42B71A40885360
11125D29C5D883010610D6B7195038A78AA90CEFFFFFFFFFFCAFFF000009161A0D42B71A40885378
11126029C5DF8300FC10D6BD19503BA78AA803FFFFFFFFFFFCAFFF000005161A0D42B71A40885390
11126529C5EA8300F710D6C019503FA79AAA03FFFFFFFFFFFCAFFF000008161A0D42B71A408853A8
11126F29C5F48300F310D6C2195040A7BAAA03FFFFFFFFFFFCAFFF000005161A0D42B71A408853C0
11127B29C5FF8300F310D6C6195047A7BAA903FFFFFFFFFFFCAFFF000005161A0D42B71A408853D8
11126C29C5F583010010D6C2195045A7AAA969FFFFFFFFFFFCAFFF000009161A0D42B71A408853F0
11126A29C5EB83010810D6BD19503EA77AA90C5FFFFFFFFFFCAFFF000007161A0D42B71A40885308
11127029C5F583010210D6BF195042A79AA803FFFFFFFFFFFC9FFF000007161A0D42B71A40885320
11127429C5FE8300FF10D6B919503AA78AA903FFFFFFFFFFFC9FFF000005161A0D42B71A40885338
11127629C5FB8300F910D6B2195034A7AAA903FFFFFFFFFFFCAFFF000009161A0D42B71A40885350
11127729C6018300F410D6BB19503BA77AA903FFFFFFFFFFFCAFFF000007161A0D42B71A40885368
11127729C6008300F810D6BF195040A77AA903FFFFFFFFFFFC9FFF000007161A0D42B71A40885380
11127329C5FD8300FF10D6B0195034A76AA92FFFFFFFFFFFFCAFFF000009161A0D42B71A40885398
11127529C5FA83010010D6AE19502EA78AA903FFFFFFFFFFFCBFFF000009161A0D42B71A408853B0
11126E29C5FB83010010D6AC195030A78AA9520FFFFFFFFFFCAFFF000009161A0E42B71A408853C8
11127329C5F183010010D6AD195031A7AAA80ABFFFFFFFFFFCAFFF000009161A0E42B71A408853E0
11126D29C5ED8300FE10D6A319502BA79AA703FFFFFFFFFFFCAFFF000003161A0E42B71A408853F8
11126729C5F38300FC10D6A919502FA79AA6981FFFFFFFFFFCAFFF000009161A0E42B71A40885310
11127129C5FD8300F910D6BF19503CA79AA6100FFFFFFFFFFCAFFF000009161A0E42B71A40885328
11127D29C6098300F410D6D019504AA79AA703FFFFFFFFFFFC9FFF000009161A0E42B71A40885340
11127929C5FE8300F810D6C6195044A78AA803FFFFFFFFFFFC9FFF000005161A0E42B71A40885358
11126429C5E683010610D6C1195043A7AAA703FFFFFFFFFFFCAFFF000008161A0E42B71A40885370
11126E29C5F083010810D6C6195045A7AAA703FFFFFFFFFFFCBFFF000009161A0E42B71A40885388
11127929C6028300FA10D6D219504BA77AA8061FFFFFFFFFFC9FFF000005161A0E42B71A408853A0
11127D29C6078300F510D6D219504FA78AA85A5FFFFFFFFFFC9FFF000009161A0E42B71A408853B8
11126F29C5F48300FE10D6D419504FA7AAAA03FFFFFFFFFFFC9FFF000009161A0E42B71A408853D0
11127129C5FA8300FE10D6CC19504BA7AAAA03FFFFFFFFFFFCAFFF000005161A0E42B71A408853E8
11128029C6048300F710D6CB195048A7AAA903FFFFFFFFFFFCAFFF000005161A0E42B71A40885300
11127629C6008300FD10D6BD195040A7CAA803FFFFFFFFFFFCAFFF000009161A0E42B71A40885318
11127329C5FF83010610D6B619503AA7AAA9546FFFFFFFFFFCAFFF000009161A0E42B71A40885330
11127C29C60383010010D6C7195045A78AA91A7FFFFFFFFFFCBFFF000005161A0E42B71A40885348
11128129C60F8300F810D6C7195045A7BAAA0E9FFFFFFFFFFCBFFF000007161A0E42B71A40885360
11128929C6168300F510D6C2195041A7AAA803FFFFFFFFFFFCBFFF000007161A0E42B71A40885378
11128129C60F8300F710D6BE19503FA7AAA903FFFFFFFFFFFCAFFF000009161A0E42B71940885390
11127C29C6088300FA10D6BC19503FA78AAB03FFFFFFFFFFFCAFFF000002161A0E42B719408853A8
11127429C5FA83010310D6B0195034A79AAA03FFFFFFFFFFFCAFFF000008161A0E42B719408853C0
11126F29C5F983010510D6B5195037A7AAA803FFFFFFFFFFFC9FFF000008161A0E42B719408853D8
11127B29C6068300FB10D6CA195047A7AAA703FFFFFFFFFFFC9FFF000005161A0E42B719408853F0
11128129C60B8300F510D6CB195049A7BAA891EFFFFFFFFFFCAFFF000008161A0E42B71940885308
11127929C5FE8300F510D6D219504FA7AAA8104FFFFFFFFFFCAFFF000008161A0E42B71940885320
11126C29C5F68300F810D6D019504BA7BAA703FFFFFFFFFFFCAFFF000007161A0E42B71940885338
11127729C60583010110D6B2195032A79AA803FFFFFFFFFFFCAFFF000006161A0E42B71940885350
11127D29C60283010310D6BA19503AA78AA903FFFFFFFFFFFCBFFF000008161A0E42B71940885368
11127B29C6088300FB10D6CF195049A79AAA03FFFFFFFFFFFCBFFF000008161A0E42B71940885380
11127B29C6088300FA10D6CF19504BA77AAA562FFFFFFFFFFCAFFF000005161A0E42B71940885398
11127C29C6058300FA10D6D019504CA77AA90BAFFFFFFFFFFCAFFF000005161A0E42B719408843B0
11127C29C60B8300F710D6C6195045A77AA903FFFFFFFFFFFCAFFF000008161A0E42B719408843C8
11127E29C60B8300F710D6C019503FA78AA7605FFFFFFFFFFC9FFF000008161A0F42B719408853E0
11128129C6108300FE10D6BF195041A76AA70C8FFFFFFFFFFC9FFF000008161A0F42B719408853F8
11127F29C60983010510D6BF19503FA76AA903FFFFFFFFFFFCAFFF000008161A0F42B71940885310
11128229C60F83010210D6C7195046A76AA903FFFFFFFFFFFCBFFF000008161A0F42B71940885328
11128329C6138300FB10D6B2195034A76AA903FFFFFFFFFFFCAFFF000005161A0F42B71940884340
11127F29C60E8300F610D6AE195031A7AAA903FFFFFFFFFFFCAFFF000008161A0F42B71940885358
11128529C6118300F610D6A419502EA7BAA903FFFFFFFFFFFCAFFF000008161A0F42B71940885370
11127F29C60F8300F710D6A419502FA7AAA828EFFFFFFFFFFCAFFF000008161A0F42B71940885388
11127F29C60B8300FB10D6AF195032A79AA803FFFFFFFFFFFCAFFF000005161A0F42B719408853A0
11127029C5FD83010010D6BB19503EA7AAA703FFFFFFFFFFFC9FFF000008161A0F42B719408843B8
11126429C5EE83010110D6BF19503CA7BAA803FFFFFFFFFFFC9FFF000005161A0F42B719408843D0
11127329C5F68300FC10D6B7195038A7BAA803FFFFFFFFFFFC9FFF000004161A0F42B719408853E8
11127929C6098300F810D6BB19503AA79AA88F4FFFFFFFFFFC9FFF000007161A0F42B71940885300
11127529C5F28300FA10D6C7195042A77AAA10BFFFFFFFFFFC9FFF000008161A0F42B71940884318
11126F29C5FD8300F910D6CE19504CA78AAA03FFFFFFFFFFFCAFFF000005161A0F42B71940884330
11127129C6038300F910D6CA19504EA79AAA03FFFFFFFFFFFCAFFF000008161A0F42B71940883348
11127329C5FB8300F910D6DA195057A79AA903FFFFFFFFFFFCAFFF000004161A0F42B71940883360
11127229C5FE8300FC10D6D8195053A78AA903FFFFFFFFFFFC9FFF000007161A0F42B71940883378
11126E29C5F083010110D6CB19504EA77AAA051FFFFFFFFFFC9FFF000008161A0F42B71940883390
11127329C5FA83010410D6D7195055A76AAA54CFFFFFFFFFFCAFFF000008161A0F42B719408833A8
11127E29C6058300FF10D6D3195051A77AAA03FFFFFFFFFFFCAFFF000005161A0F42B719408833C0
11128629C6158300F110D6D6195053A76AA804FFFFFFFFFFFCAFFF000007161A0F42B719408833D8
11128229C61C8300EE10D6E519505BA79AA704BFFFFFFFFFFCAFFF000008161A0F42B719408833F0
11128029C60F8300F610D6D6195051A79AA703FFFFFFFFFFFC9FFF000005161A0F42B71940883308
11128429C61283010210D6C3195042A78AA803FFFFFFFFFFFC9FFF000007161A0F42B71940883320
11128329C61683010810D6B3195038A78AA903FFFFFFFFFFFCAFFF000007161A0F42B71940883338
11128529C61783010510D6C0195044A79AAA07FFFFFFFFFFFCAFFF000008161A0F42B71940884350
11128229C6128300FC10D6C2195043A79AAA723FFFFFFFFFFCAFFF000006161A0F42B71940883368
11128329C60F8300F310D6C1195040A7AAAA03FFFFFFFFFFFC9FFF000005161A0F42B71940884380
11127F29C6128300F110D6CE19504BA7BAA903FFFFFFFFFFFCBFFF000008161A0F42B71940884398
11128129C60E8300F410D6C8195046A7BAA803FFFFFFFFFFFCAFFF000005161A0F42B719408833B0
11128129C6108300FD10D6B8195037A7AAA803FFFFFFFFFFFCAFFF000007161A0F42B719408833C8
11127429C60283010410D6A519502DA7AAAA5CBFFFFFFFFFFCAFFF000007161A1042B719408833E0
11127329C5F883010410D6B1195034A79AAA29EFFFFFFFFFFCAFFF000005161A1042B719408833F8
11127D29C6068300FD10D6C2195041A7AAAA181FFFFFFFFFFCAFFF000006161A1042B71940883310
11127729C6018300F710D6BE19503CA7AAAA03FFFFFFFFFFFCAFFF000007161A1042B71940883328
11127829C6058300F210D6D619504DA7AAA903FFFFFFFFFFFC9FFF000007161A1042B71940883340
11127E29C60B8300F510D6C1195041A78AA803FFFFFFFFFFFC8FFF000003161A1042B71940883358
11127629C5FF8300FB10D6A2195029A79AA9114FFFFFFFFFFC9FFF000007161A1042B71940883370
11127929C6098300FC10D6A9195031A7AAA89E8FFFFFFFFFFCAFFF000007161A1042B71940884388
11127B29C60383010010D6B4195038A7AAA903FFFFFFFFFFFCAFFF000007161A1042B719408843A0
11127929C60583010B10D6B3195034A7AAAA03FFFFFFFFFFFC9FFF000007161A1042B719408833B8
11128029C60B83010510D6BB19503BA7AAAA03FFFFFFFFFFFC9FFF000007161A1042B719408833D0
11128529C6198300EF10D6CF195049A7AAA803FFFFFFFFFFFCBFFF000004161A1042B719408843E8
11129129C6268300E410D6D7195052A77AA7053FFFFFFFFFFCAFFF000007161A1042B71940883300
11127F29C6078300F110D6CD19504EA7AAA603FFFFFFFFFFFCAFFF000007161A1042B71940883318
11127529C60483010910D6C4195045A7CAA703FFFFFFFFFFFCAFFF000007161A1042B71940883330
11128129C60C83010E10D6CB195049A7BAA803FFFFFFFFFFFCAFFF000007161A1042B71940883348
11128129C60E83010110D6CC195049A79AA803FFFFFFFFFFFCAFFF000004161A1042B71940883360
11128429C6138300F110D6D8195052A79AA8493FFFFFFFFFFCAFFF000004161A1042B71940883378
11128929C61C8300ED10D6DB195055A79AA82F5FFFFFFFFFFCAFFF000006161A1042B71940883390
11128129C6108300F810D6C6195047A79AA803FFFFFFFFFFFCAFFF000007161A1042B719408833A8
11127C29C60983010410D6BA19503FA7BAA903FFFFFFFFFFFCAFFF000007161A1042B719408833C0
11127F29C60C8300FF10D6D019504BA7AAA803FFFFFFFFFFFCAFFF000004161A1042B719408833D8
11128629C6188300F710D6CB19504BA79AA703FFFFFFFFFFFCAFFF000007161A1042B719408833F0
11127729C6038300FE10D6C1195042A79AA703FFFFFFFFFFFCAFFF000006161A1042B71940883308
11127A29C60083010010D6BA19503BA78AA632AFFFFFFFFFFCAFFF000005161A1042B71940883320
11128529C6188300F610D6C5195045A79AA6608FFFFFFFFFFC9FFF000007161A1042B71940883338
11128B29C61E8300F210D6C2195041A78AA80DBFFFFFFFFFFCAFFF000007161A1042B71940883350
11128429C6168300F810D6BF19503EA79AA903FFFFFFFFFFFCAFFF000007161A1042B71940883368
11128929C61A8300FC10D6B3195038A79AA803FFFFFFFFFFFCAFFF000004161A1042B71940883380
11127429C60683010010D6AF195035A78AA76B7FFFFFFFFFFCAFFF000006161A1042B71940881398
11126329C5E083010510D6A519502CA78AA740BFFFFFFFFFFC9FFF000007161A1042B719408833B0
11127D29C60C8300FC10D6C019503FA79AA803FFFFFFFFFFFC9FFF000004161A1142B719408813C8
11128929C61A8300EF10D6CD195045A7DAA903FFFFFFFFFFFCAFFF000007161A1142B719408833E0
11127D29C60C8300F310D6C8195049A7BAA803FFFFFFFFFFFC9FFF000007161A1142B719408813F8
11126C29C5F48300FD10D6C0195040A79AA7041FFFFFFFFFFCAFFF000003161A1142B71940883310
11127A29C6008300FC10D6BA19503DA78AA861CFFFFFFFFFFCAFFF000005161A1142B71940883328
11127729C5FB8300FB10D6C3195046A78AAA0E0FFFFFFFFFFCBFFF000007161A1142B71940881340
11126F29C5FF83010010D6CB195049A78AA803FFFFFFFFFFFCBFFF000007161A1142B71940883358
11127729C6008300FE10D6D619504EA77AA803FFFFFFFFFFFC8FFF000007161A1142B71940883370
11128229C6178300F410D6CE195049A78AA903FFFFFFFFFFFC9FFF000004161A1142B71940883388
11128929C61A8300F410D6D319504FA77AA9700FFFFFFFFFFCAFFF000007161A1142B719408833A0
11127929C60483010010D6B719503AA78AA803FFFFFFFFFFFCAFFF000006161A1142B719408833B8
11127F29C60A83010110D6BD19503FA78AA803FFFFFFFFFFFCAFFF000004161A1142B719408813D0
11127F29C60A8300FA10D6C5195043A78AA803FFFFFFFFFFFCBFFF000004161A1142B719408813E8
11128329C6138300F710D6C4195042A76AA703FFFFFFFFFFFCAFFF000003161A1142B71940883300
11127D29C60D8300FA10D6B6195039A77AA603FFFFFFFFFFFCAFFF000006161A1142B71940881318
11127C29C6088300FB10D6B3195036A78AA70F2FFFFFFFFFFCBFFF000004161A1142B71940881330
11128229C6128300FB10D6B1195036A79AA9236FFFFFFFFFFCAFFF000006161A1142B71940881348
11128429C6128300FC10D6A519502CA79AA903FFFFFFFFFFFCAFFF000007161A1142B71940881360
11128629C6198300F910D6A9195030A78AAA03FFFFFFFFFFFCAFFF000004161A1142B71940881378
11128A29C61A8300F710D6A0195029A78AAB565FFFFFFFFFFCAFFF000006161A1142B71840881390
11128929C6188300FC10D693195022A78AAA0D3FFFFFFFFFFCAFFF000003161A1142B718408813A8
11126029C5E483010510D6B2195034A79AA9A30FFFFFFFFFFCAFFF000006161A1142B718408813C0
11125629C5CC83010810D6A319502FA79AA803EFFFFFFFFFFCAFFF000006161A1142B719408813D8
11126A29C5E88300FB10D6AA19502EA7BAA903FFFFFFFFFFFCBFFF000007161A1142B719408813F0
11126929C5EC8300EE10D6BB195038A7AAA903FFFFFFFFFFFCBFFF000003161A1142B71940881308
11125D29C5D88300F010D6B9195039A7AAA803FFFFFFFFFFFCAFFF000006161A1142B71840881320
11125B29C5DC8300FA10D6B719503AA7AAA903FFFFFFFFFFFCAFFF000003161A1142B71840881338
11125A29C5D883010310D6BA19503CA79AAA1DEFFFFFFFFFFC9FFF000005161A1142B71840881350
11125F29C5E083010610D6B5195038A7AAA8416FFFFFFFFFFC9FFF000006161A1142B71840881368
11126429C5E983010110D6BA19503AA7DAA803FFFFFFFFFFFCAFFF000006161A1142B71840881380
11126929C5E98300F910D6BD19503CA7BAA903FFFFFFFFFFFC9FFF000006161A1142B71840881398
11126D29C5F28300F610D6BF195040A7AAA903FFFFFFFFFFFCAFFF000006161A1142B718408813B0
11127129C5F98300F710D6B919503BA7AAA903FFFFFFFFFFFCAFFF000004161A1142B718408813C8
11127429C5FA8300F910D6B419503AA7BAAA03FFFFFFFFFFFCAFFF000005161A1142B718408813E0
11127129C5FA8300FD10D6B6195039A7CAAB593FFFFFFFFFFCAFFF000003161A1142B718408813F8
11126629C5F18300FF10D6B6195039A7BAAA4E3FFFFFFFFFFCAFFF000002161A1242B71840881310
11126E29C5F38300FF10D6B4195035A7AAA92E5FFFFFFFFFFCAFFF000005161A1242B71840881328
11127029C5F68300FE10D6A5195028A79AA803FFFFFFFFFFFCAFFF000006161A1242B71840881340
11126F29C5FA8300FE10D6B4195031A79AA8375FFFFFFFFFFCBFFF000003161A1242B71840881358
11127229C5FA8300F910D6B819503CA7AAA8270FFFFFFFFFFCAFFF000006161A1242B71840881370
11127129C5FB8300F910D6C2195041A79AA903FFFFFFFFFFFCAFFF000006161A1242B71840881388
11125B29C5E58300FA10D6C6195045A7BAA9262FFFFFFFFFFC9FFF000003161A1242B718408813A0
11126129C5E38300FC10D6BC195041A7BAAA1C9FFFFFFFFFFCAFFF000003161A1242B718408813B8
11126729C5EA8300FD10D6B419503FA79AA903FFFFFFFFFFFCAFFF000004161A1242B718408813D0
11126B29C5F48300FE10D6BC19503BA7AAA9228FFFFFFFFFFCAFFF000002161A1242B718408813E8
11126E29C5F08300FE10D6AD195032A7AAA81A5FFFFFFFFFFCAFFF000006161A1242B71840881300
11127029C5F48300FB10D6B6195034A7AAA903FFFFFFFFFFFC9FFF000006161A1242B71840881318
11127E29C6018300F710D6A9195035A78AAB1CAFFFFFFFFFFC9FFF000006161A1242B71840881330
11127529C5FE8300F910D6B2195035A77AAC167FFFFFFFFFFCAFFF000003161A1242B71840881348
11127229C5F783010010D69C195028A7AAAA5C1FFFFFFFFFFCBFFF000006161A1242B71840881360
11127529C5FD8300FF10D6AE19502DA7AAA8203FFFFFFFFFFCAFFF000003161A1242B71840881378
11127929C6028300F810D6B919503BA79AA8B9EFFFFFFFFFFCAFFF000003161A1242B71840881390
11127329C5FB8300F610D6B519503AA79AA803EFFFFFFFFFFCAFFF000005161A1242B718408813A8
11124C29C5BA8300FC10D6AA195031A79AA6125FFFFFFFFFFCBFFF000004161A1242B718408813C0
11123129C5B083010010D68C195015A78AA6B18FFFFFFFFFFCBFFF000006161A1242B718408813D8
11124C29C5C88300FC10D69F195022A79AA703EFFFFFFFFFFCBFFF000006161A1242B718408813F0
11126629C5E18300F710D69319501FA79AA80C9FFFFFFFFFFCBFFF000002161A1242B71840881308
11126129C5E18300FE10D68B195017A78AA9A35FFFFFFFFFFCAFFF000006161A1242B71840881320
11125A29C5DA83010310D684195013A78AAA03EFFFFFFFFFFCAFFF000006161A1242B71840881338
11126329C5D98300F910D69419501EA77AA90A2FFFFFFFFFFCAFFF000006161A1242B71840881350
11127029C5EF8300F210D6A419502BA78AA89E1FFFFFFFFFFCAFFF000006161A1242B71840881368
11125229C5CB8300F810D68A195017A79AA804BFFFFFFFFFFCAFFF000003161A1242B71840881380
11124B29C5C383010010D68019500FA77AA8914FFFFFFFFFFCAFFF000006161A1242B71840881398
11124429C5B983010410D678195008A77AA8042FFFFFFFFFFC9FFF000003161A1242B718408813B0
11123A29C5AE83010110D67B19500BA76AA9889FFFFFFFFFFCAFFF000005161A1242B718408813C8
11125629C5D08300F810D69819501FA77AA903EFFFFFFFFFFCBFFF000006161A1242B718408813E0
11125E29C5DF8300F410D69C195021A79AA904BFFFFFFFFFFC9FFF000006161A1242B718408813F8
11124F29C5C18300FB10D662194FF1A78AA98DEFFFFFFFFFFC9FFF000006161A1242B71840881310
11124029C5BC8300FF10D640194FDBA79AA9047FFFFFFFFFFC9FFF000006161A1242B71840881328
11125729C5D18300FC10D669194FEAA7AAA78D4FFFFFFFFFFCAFFF000001161A1242B71840881340
11123C29C5AF8300FB10D68E19500EA79AA603FFFFFFFFFFFCAFFF000005161A1242B71840881358
11123B29C5AA8300FD10D661194FFDA79AA6838FFFFFFFFFFCAFFF000006161A1242B71840881370
11121E29C5998300FE10D65B194FF6A7BAA703EFFFFFFFFFFCAFFF000003161A1342B71840881388
11124329C5A48300FB10D676195002A7BAA803FFFFFFFFFFFCAFFF000005161A1342B718408813A0
11125329C5BE8300F910D687195011A7AAA994CFFFFFFFFFFCAFFF000003161A1342B718408813B8
11123A29C5A68300FB10D684195006A78AAA115FFFFFFFFFFCAFFF000005161A1342B718408813D0
11121929C57F8300FD10D668194FF6A78AAA783FFFFFFFFFFCAFFF000006161A1342B718408813E8
11122B29C5918300FC10D66A194FFFA78AA903EFFFFFFFFFFCBFFF000006161A1342B71840881300
11125C29C5D38300F610D68C19500FA78AAA03FFFFFFFFFFFC9FFF000003161A1342B71840881318
11126529C5E48300F310D681195012A77AA97EFFFFFFFFFFFC9FFF000005161A1342B71840881330
11123529C59E8300FB10D668194FF7A78AAA0F9FFFFFFFFFFCAFFF000005161A1342B71840881348
1111F229C54483010410D659194FEDA77AA95ACFFFFFFFFFFCAFFF000003161A1342B71840881360
11122529C57D83010410D668194FF7A76AAA03EFFFFFFFFFFC9FFF000005161A1342B71840881378
11124229C5B28300FD10D684195007A7AAAA03FFFFFFFFFFFC9FFF000005161A1342B71840880390
11126129C5DB8300F210D68B195014A7AAAA4C3FFFFFFFFFFCAFFF000005161A1342B718408813A8
11125029C5CC8300EF10D69C195022A79AAA03EFFFFFFFFFFCAFFF000005161A1342B718408813C0
11123129C5968300F710D67B19500AA7AAAA03FFFFFFFFFFFCAFFF000003161A1342B718408813D8
11121B29C57E83010110D66D194FFEA79AA9491FFFFFFFFFFCAFFF000004161A1342B718408803F0
11123129C5A183010110D67B195005A7AAA903EFFFFFFFFFFCAFFF000005161A1342B71840881308
11122F29C5988300FD10D67B195008A79AA803FFFFFFFFFFFCAFFF000005161A1342B71840881320
11124229C5AF8300FB10D673195000A7AAA7339FFFFFFFFFFCAFFF000002161A1342B71840881338
11125429C5C78300F810D66B195001A7BAA803EFFFFFFFFFFCAFFF000005161A1342B71840881350
11125829C5CD8300F510D677195008A7AAA903FFFFFFFFFFFCAFFF000005161A1342B71840881368
11126329C5DA8300F710D676195005A78AAA2F3FFFFFFFFFFCAFFF000005161A1342B71840881380
11124729C5B883010010D674195008A79AA9638FFFFFFFFFFCAFFF000002161A1342B71840881398
11124529C5B78300FF10D68B195011A78AA9105FFFFFFFFFFCAFFF000004161A1342B718408813B0
11122D29C59C8300F610D676195002A79AAA532FFFFFFFFFFC9FFF000005161A1342B718408813C8
11122B29C59B8300F810D675195005A7AAAB73BFFFFFFFFFFC9FFF000005161A1342B718408813E0
11123B29C5A68300FD10D681195006A79AAB03FFFFFFFFFFFC9FFF000002161A1342B718408813F8
11124329C5BD8300F810D676195002A7AAAB4A5FFFFFFFFFFC9FFF000005161A1342B71840881310
11124829C5C08300F710D67C195006A7AAAA709FFFFFFFFFFCAFFF000003161A1342B71840881328
11124429C5B88300FF10D676195006A79AAB24AFFFFFFFFFFCBFFF000004161A1342B71840881340
11123F29C5B18300FF10D68519500EA77AAA4FAFFFFFFFFFFCAFFF000003161A1342B71840881358
11124429C5B38300FB10D68419500DA77AA903FFFFFFFFFFFCAFFF000003161A1342B71840881370
11124329C5B08300F810D67C195008A78AA9351FFFFFFFFFFCAFFF000005161A1342B71840881388
11124F29C5C08300F610D67B195005A7AAAA697FFFFFFFFFFCAFFF000005161A1342B718408813A0
11123B29C5A98300F910D667194FF8A79AA903FFFFFFFFFFFC9FFF000003161A1342B718408803B8
11122829C59283010010D64B194FEAA7AAA9298FFFFFFFFFFC8FFF000002161A1442B718408813D0
11121D29C58B83010010D64D194FEFA7CAAA03EFFFFFFFFFFC9FFF000005161A1442B718408813E8
11124429C5B28300F810D66C194FFAA7BAAB03FFFFFFFFFFFCAFFF000005161A1442B71840881300
11124B29C5BB8300F610D663194FF5A7AAAB594FFFFFFFFFFCAFFF000004161A1442B71840881318
11121A29C5758300FF10D643194FD7A79AAA03EFFFFFFFFFFCAFFF000003161A1442B71840881330
11122E29C5878300FE10D60B194FC9A7BAA803FFFFFFFFFFFC9FFF000005161A1442B7184087F348
11121929C5688300F210D66D194FF4A7AAA7797FFFFFFFFFFC9FFF000005161A1442B7184087F360
1111F329C5448300F410D64B194FDEA78AA7735FFFFFFFFFFCBFFF000002161A1442B7184087F378
1111F229C5458300FF10D634194FD1A78AA818DFFFFFFFFFFCBFFF000005161A1442B7184087F390
1111DD29C51183010310D63B194FD7A79AA9AAFFFFFFFFFFFCAFFF000005161A1442B718408813A8
1111FE29C54D83010210D634194FD7A7BAAB03DFFFFFFFFFFC9FFF000004161A1442B718408803C0
11123429C5988300FB10D66A194FFCA79AAA1DAFFFFFFFFFFCAFFF000003161A1442B718408813D8
11123D29C5AA8300EE10D63F194FD9A78AA9184FFFFFFFFFFCAFFF000005161A1442B718408813F0
11123529C5958300EE10D649194FE0A7DAA903FFFFFFFFFFFCAFFF000002161A1442B7184087F308
11122629C58E8300FD10D62C194FC7A7EAA9296FFFFFFFFFFCAFFF000005161A1442B7184087F320
11122B29C58F83010510D626194FCCA7DAAA207FFFFFFFFFFCBFFF000005161A1442B7184087F338
11122729C58883010310D5FC194FAEA7DAAB03FFFFFFFFFFFCAFFF000003161A1442B7184087F350
11122A29C58483010210D5F3194F94A7AAAA03FFFFFFFFFFFC9FFF000001161A1442B7184087F368
11123129C5998300F710D649194FDEA79AAA03FFFFFFFFFFFCAFFF000004161A1442B7184087F380
11124729C5B88300EA10D677194FFEA7CAAA03FFFFFFFFFFFCBFFF000005161A1442B71840881398
11121E29C56F8300F210D62C194FC7A7CAAA03FFFFFFFFFFFCBFFF000005161A1442B7184087F3B0
11119D29C4D183010310D5AE194F64A7BAA923FFFFFFFFFFFCAFFF000002161A1442B7184087F3C8
11120B29C55F83010710D5F7194FA3A79AA8B47FFFFFFFFFFCAFFF000005161A1442B7184087F3E0
11120D29C55283010110D59C194F63A7AAA9139FFFFFFFFFFC9FFF000004161A1442B7184087F3F8
11122E29C5868300F710D5F0194F9AA78AA903FFFFFFFFFFFC9FFF000003161A1442B7184087F310
11122E29C58E8300F310D5FE194FAEA77AA903FFFFFFFFFFFCAFFF000005161A1442B7184087F328
1111E329C5128300FB10D592194F45A78AA903FFFFFFFFFFFCAFFF000001161A1442B7184087F340
11119029C4A483010210D513194EF0A7AAA903FFFFFFFFFFFCBFFF000003161A1442B7184087F358
1111F729C5308300F810D561194F2CA79AAA2ABFFFFFFFFFFCAFFF000005161A1442B7184087F370
1111D629C50D8300F410D5D8194F71A7BAAC09CFFFFFFFFFFC9FFF000002161A1442B7184087F388
11118829C4A58300FA10D56A194F28A7DAAD03FFFFFFFFFFFC9FFF000004161A1442B7184087F3A0
11114129C4428300FF10D52E194EFEA7CAAC03FFFFFFFFFFFCBFFF000002161A1442B7184087F3B8
1110EC29C3E183010110D4FA194ECFA7BAAB03FFFFFFFFFFFCAFFF000004161A1542B7184087F3D0
11115429C42B83010010D4FA194ED5A7BAAC386FFFFFFFFFFCAFFF000002161A1542B7184087F3E8
11118029C4998300F610D58C194F4AA7DAAC712FFFFFFFFFFCBFFF000004161A1542B7184087F300
11119829C4C08300F210D58E194F48A7CAAC03FFFFFFFFFFFCAFFF000004161A1542B7184087F318
1110F529C3CA8300F910D52D194EFBA7BAAC03FFFFFFFFFFFC9FFF000004161A1542B7184087F330
1110DA29C3A38300FD10D501194ED9A7CAAC79DFFFFFFFFFFC9FFF000004161A1542B7184087F348
1110D129C3958300FA10D518194EF7A7BAAC147FFFFFFFFFFC9FFF000004161A1542B7184087F360
1110D629C39C8300FB10D514194EF9A79AAC043FFFFFFFFFFCAFFF000002161A1542B7184087F378
11111029C3F183010010D50C194ED9A7BAAC03FFFFFFFFFFFCAFFF000003161A1542B7184087F390
11111629C40483010110D511194EE3A7DAAD03FFFFFFFFFFFCAFFF000004161A1542B7184087F3A8
11110629C3EF8300FB10D516194F07A7BAAC03FFFFFFFFFFFCAFFF000003161A1542B7184087F3C0
11115729C4738300F210D557194F10A7AAAB03FFFFFFFFFFFC8FFF000003161A1542B7184087F3D8
1111B129C4B28300EF10D53C194F09A7AAAB03FFFFFFFFFFFC9FFF000004161A1542B7184087F3F0
11110A29C3E98300FD10D522194EECA7CAAC03FFFFFFFFFFFCAFFF000002161A1542B7184087F308
1110DD29C3B783010910D52D194EF8A7CAAD03FFFFFFFFFFFCAFFF000004161A1542B7184087F320
11114129C43083010410D532194EFCA7CAAD6D2FFFFFFFFFFC9FFF000002161A1542B7184087F338
11116329C4688300F410D53D194F0DA7AAAC132FFFFFFFFFFCAFFF000003161A1542B7184087F350
11115B29C4528300F110D549194F09A7AAAC03FFFFFFFFFFFC9FFF000002161A1542B7184087F368
11118829C4708300F410D526194EEFA7BAAB03FFFFFFFFFFFCAFFF000004161A1542B7184087F380
1110FF29C3CB8300FA10D529194EF3A7BAAB55AFFFFFFFFFFCBFFF000004161A1542B7184087F398
1110CC29C38E83010010D507194ED5A78AAA03FFFFFFFFFFFCAFFF000002161A1542B7184087F3B0
1110FA29C3CE8300FE10D4F1194ED0A7BAAA04CFFFFFFFFFFCAFFF000001161A1542B7184087F3C8
11111B29C3E48300FA10D4F8194ECEA7EAAA04BFFFFFFFFFFCAFFF000003161A1542B7184087F3E0
11111429C3F48300FF10D511194ED6A7EAAC03FFFFFFFFFFFCAFFF000004161A1542B7184087F3F8
11112529C40B8300FC10D512194EE4A7CAAD03FFFFFFFFFFFCAFFF000004161A1542B7184087F310
11112A29C3F08300F210D524194EF1A7BAAE03FFFFFFFFFFFCBFFF000002161A1542B7184087F328
1110CB29C3858300F610D52E194EF8A7BAAD04CFFFFFFFFFFCAFFF000004161A1542B7184087F340
1110D729C39B8300FA10D52E194EF6A7DAAC744FFFFFFFFFFCAFFF000004161A1542B7184087F358
1110D129C3888300FB10D534194EFBA7DAAB03FFFFFFFFFFFCAFFF000002161A1542B7184087F370
1110CF29C38B83010210D533194EFAA7CAAB03FFFFFFFFFFFCAFFF000004161A1542B7184087F388
1110EF29C3BA83010310D531194EF8A7DAAC03FFFFFFFFFFFCAFFF000004161A1542B7184087F3A0
1110FB29C3D28300F810D534194EFCA7DAAC03FFFFFFFFFFFCAFFF000002161A1642B7184087F3B8
1110E429C3B48300F310D545194F08A7CAAC03FFFFFFFFFFFCAFFF000004161A1642B7184087F3D0
1110D429C3988300F710D548194F0DA7CAAD1D5FFFFFFFFFFCAFFF000004161A1642B7184087F3E8
1110DD29C3A08300FB10D563194F23A7BAAD18EFFFFFFFFFFCAFFF000004161A1642B7184087F300
11112F29C3E18300FF10D54F194F1CA7BAAC7CFFFFFFFFFFFCAFFF000001161A1642B7184087F318
1110F329C3DB8300FF10D552194F0FA7BAAB15DFFFFFFFFFFC9FFF000003161A1642B7184087F330
1110E929C3BC8300FB10D553194F17A7CAAA03FFFFFFFFFFFCAFFF000004161A1642B7184087F348
1110D429C3A38300FC10D541194F11A7CAAA09DFFFFFFFFFFCAFFF000004161A1642B7184087F360
1110F929C3CB83010010D554194F16A7CAABA11FFFFFFFFFFCAFFF000002161A1642B7184087F378
1110F629C3CC8300FA10D55F194F17A7EAAB03FFFFFFFFFFFCBFFF000004161A1642B7184087F390
1110FA29C3CE8300F310D57E194F29A7EAAB03FFFFFFFFFFFC9FFF000002161A1642B7184087F3A8
1110FD29C3CE8300F410D559194F1DA7DAAB03FFFFFFFFFFFC9FFF000002161A1642B7184087F3C0
1110FE29C3D28300FE10D54F194F14A7EAAC03FFFFFFFFFFFCAFFF000004161A1642B7184087F3D8
11110329C3D783010510D532194EFEA7FAAC042FFFFFFFFFFC9FFF000002161A1642B7184087F3F0
11111229C3EA83010110D555194F10A7FAAB726FFFFFFFFFFC9FFF000003161A1642B7184087D308
11111229C3EF8300FC10D509194EF7A80AAA14BFFFFFFFFFFCAFFF000004161A1642B7184087F320
11110829C3E98300F710D553194F0DA7DAAB03FFFFFFFFFFFCBFFF000004161A1642B7184087D338
11110029C3D48300F410D55F194F1EA7CAAC03FFFFFFFFFFFCBFFF000004161A1642B7184087D350
1110F929C3D28300F510D550194F19A7DAAD403FFFFFFFFFFCAFFF000004161A1642B7184087F368
11111D29C3FF8300FB10D534194EFFA7DAAD310FFFFFFFFFFCAFFF000002161A1642B7184087D380
11110629C3EE83010310D525194EF1A7CAAC03FFFFFFFFFFFCAFFF000002161A1642B7184087F398
11110529C3DF83010410D534194EFFA7DAAB03FFFFFFFFFFFCAFFF000004161A1642B7184087D3B0
11110E29C3EA8300FA10D54E194F10A7CAAB03FFFFFFFFFFFCAFFF000004161A1642B7184087F3C8
1110EA29C3C88300F710D541194F08A7DAAB03FFFFFFFFFFFC9FFF000004161A1642B7184087D3E0
11110829C3E68300F810D563194F14A7CAAB03FFFFFFFFFFFC9FFF000001161A1642B7184087D3F8
11110029C3DE8300F610D565194F13A7DAAB2B8FFFFFFFFFFC9FFF000003161A1642B7184087F310
1110ED29C3C18300F910D561194F12A7CAAC03EFFFFFFFFFFC9FFF000002161A1642B7184087D328
1110DD29C3A983010010D516194EE5A7DAAC03FFFFFFFFFFFC9FFF000003161A1642B7184087D340
1110E829C3BC83010010D518194EE7A7CAAB03FFFFFFFFFFFCAFFF000004161A1642B7184087D358
1110F129C3BB8300FE10D52C194EF0A7EAAC81FFFFFFFFFFFCAFFF000003161A1642B7184087D370
1110E729C3A48300FD10D511194EE2A7EAAD721FFFFFFFFFFCAFFF000002161A1642B7184087D388
11111829C3FC8300F210D53A194F01A7FAAC436FFFFFFFFFFCAFFF000004161A1642B7184087F3A0
11112E29C4188300F010D542194F09A83AAC03FFFFFFFFFFFCAFFF000004161A1642B7184087D3B8
1110F129C3BD83010010D545194F0AA82AAB03FFFFFFFFFFFCAFFF000004161A1642B7184087D3D0
1110EA29C3BE83010210D548194F0CA80AAC03FFFFFFFFFFFCAFFF000001161A1742B7184087D3E8
11111C29C3FB8300F610D551194F10A7FAAC03FFFFFFFFFFFCAFFF000003161A1742B7184087D300
11110129C3D78300F610D564194F1EA7DAAD03FFFFFFFFFFFCAFFF000000161A1742B7184087D318
1110E429C3AF8300FF10D549194F0DA7BAAC566FFFFFFFFFFCAFFF000003161A1742B7184087D330
1110E929C3AF83010210D508194EE8A7DAAC03DFFFFFFFFFFCAFFF000004161A1742B7184087D348
11110D29C3E48300FC10D537194EFFA7DAAC044FFFFFFFFFFCAFFF000004161A1742B7184087D360
11112429C40C8300F410D56A194F1EA7EAAB055FFFFFFFFFFCAFFF000004161A1742B7184087F378
11112E29C4128300F210D575194F29A7DAAC03FFFFFFFFFFFCBFFF000002161A1742B7184087D390
11110729C3D28300F710D548194F0EA7BAAB03FFFFFFFFFFFCAFFF000003161A1742B7184087D3A8
1110F129C3C083010310D54E194F12A7DAAC03FFFFFFFFFFFCAFFF000003161A1742B7184087D3C0
1110FE29C3D683010710D550194F11A7DAAC03FFFFFFFFFFFCAFFF000002161A1742B7184087D3D8
11111029C3E88300FA10D561194F22A7DAAC74AFFFFFFFFFFCAFFF000003161A1742B7184087D3F0
11111329C3EF8300F210D577194F35A7EAAA03DFFFFFFFFFFCAFFF000003161A1742B7184087D308
11110C29C3E48300F310D57C194F3AA7FAA903FFFFFFFFFFFCAFFF000003161A1742B7184087D320
11110C29C3DD8300F710D56F194F2FA7FAAA03FFFFFFFFFFFCAFFF000003161A1742B7184087D338
11111429C3EC8300FB10D57E194F39A7FAAB774FFFFFFFFFFCBFFF000003161A1742B7184087D350
11111529C3FB8300FF10D572194F18A80AAC166FFFFFFFFFFCAFFF000003161A1742B7184087D368
11111929C3F983010210D544194F01A7FAAC0E0FFFFFFFFFFCAFFF000001161A1742B7184087D380
11110B29C3ED83010310D51C194EE9A7DAAC273FFFFFFFFFFCAFFF000003161A1742B7184087D398
11112329C40F8300FA10D564194F27A7DAAB03FFFFFFFFFFFCAFFF000001161A1742B7184087D3B0
11113929C4288300ED10D59A194F4DA7FAAB03FFFFFFFFFFFCAFFF000003161A1742B7184087D3C8
11113829C4298300ED10D596194F4BA7EAAA03FFFFFFFFFFFC8FFF000003161A1742B7184087D3E0
11112729C4118300FB10D59B194F52A7CAAA03FFFFFFFFFFFC9FFF000001161A1742B7184087D3F8
11113929C42383010310D55B194F22A7BAACA49FFFFFFFFFFCAFFF000003161A1742B7184087D310
11115329C44083010210D561194F2FA7AAAC03CFFFFFFFFFFCAFFF000003161A1742B7184087D328
11111F29C41E8300FF10D5BB194F6CA7BAAD03FFFFFFFFFFFCBFFF000003161A1742B7184087D340
11113829C42A8300F910D5F5194F84A7CAAC03FFFFFFFFFFFCAFFF000001161A1742B7184087D358
11113A29C42D8300F410D5B0194F71A7DAAA03FFFFFFFFFFFCAFFF000003161A1742B7184087D370
11113E29C42F8300F410D5B4194F68A7CAA903FFFFFFFFFFFC9FFF000001161A1742B7184087D388
11113529C4118300F810D5CA194F78A7DAAB1A6FFFFFFFFFFC9FFF000003161A1742B7184087D3A0
11114929C4378300FE10D5C5194F6CA7DAAAAD3FFFFFFFFFFCBFFF000001161A1742B7184087D3B8
11115A29C4518300FF10D591194F4BA7AAA8172FFFFFFFFFFCAFFF000003161A1742B7184087D3D0
11115E29C46B8300FA10D5E7194F86A7CAA903FFFFFFFFFFFCAFFF000001161A1842B7184087D3E8
11117729C4778300F910D5B8194F80A7DAAA03FFFFFFFFFFFCAFFF000001161A1842B7184087D300
11117B29C48C8300FB10D537194F29A7AAAA03FFFFFFFFFFFC9FFF000003161A1842B7184087D318
11118029C4A08300F910D576194F46A78AAA03FFFFFFFFFFFC9FFF000002161A1842B7184087D330
11119F29C4B88300F710D5A0194F55A78AAB185FFFFFFFFFFCAFFF000000161A1842B7184087D348
11118529C47B8300FB10D56E194F3BA78AA907CFFFFFFFFFFCBFFF000002161A1842B7184087D360
11111029C4138300FD10D56A194F39A7AAA903FFFFFFFFFFFCAFFF000003161A1842B7184087D378
11118D29C4808300F910D59F194F56A7BAAA03FFFFFFFFFFFCAFFF000001161A1842B7184087D390
11118A29C49E8300F610D5B7194F64A7AAAB03FFFFFFFFFFFCAFFF000002161A1842B7184087D3A8
11110329C3E38300FA10D5A0194F57A7BAAB2A8FFFFFFFFFFC9FFF000003161A1842B7184087D3C0
11111029C3F683010210D57F194F3EA7BAAB63EFFFFFFFFFFC9FFF000001161A1842B7184087D3D8
11112629C40483010010D589194F45A7CAAB03FFFFFFFFFFFCAFFF000003161A1842B7184087D3F0
11116229C4698300F210D56D194F3BA7EAAB03FFFFFFFFFFFCAFFF000003161A1842B7184087D308
11118B29C4998300ED10D556194F17A7DAAB895FFFFFFFFFFCAFFF000003161A1842B7184087D320
11112429C40F8300FA10D589194F41A7BAAC703FFFFFFFFFFCAFFF000003161A1842B7184087D338
11110B29C3F183010510D590194F45A7BAAD03FFFFFFFFFFFCAFFF000001161A1842B7184087D350
11114B29C43983010310D5B7194F62A7BAAD03FFFFFFFFFFFCAFFF000002161A1842B7184087D368
11116329C4608300FA10D5AD194F5FA7CAAC03FFFFFFFFFFFCAFFF000001161A1842B7184087D380
11116629C4628300F010D59E194F4AA7AAAC03FFFFFFFFFFFCAFFF000003161A1842B7184087D398
11114129C4368300F010D5C6194F6DA79AAC03FFFFFFFFFFFCAFFF000003161A1842B7184087D3B0
11116629C4718300F910D5CE194F78A7AAAC468FFFFFFFFFFCAFFF000001161A1842B7184087D3C8
11117E29C48883010110D5A4194F52A7DAAC0FFFFFFFFFFFFC9FFF000002161A1842B7184087D3E0
11118929C49F83010110D59B194F4BA7DAAC03FFFFFFFFFFFC9FFF000001161A1842B7184087D3F8
11118929C49E8300FF10D576194F3CA7BAAB04DFFFFFFFFFFCAFFF000002161A1842B7184087D310
11117329C47C8300F410D5B2194F60A7BAAB03FFFFFFFFFFFCAFFF000001161A1842B7184087D328
11118429C4958300EE10D5E3194F71A7BAAB03FFFFFFFFFFFCAFFF000003161A1842B7184087D340
11117829C4858300F510D59B194F55A7BAAB03FFFFFFFFFFFCBFFF000003161A1842B7184087D358
11117929C48C83010110D5B2194F67A7CAAB03FFFFFFFFFFFCAFFF000003161A1842B7184087D370
11119F29C4A78300FF10D5D9194F7BA7AAAC8DDFFFFFFFFFFCAFFF000001161A1842B7184087D388
11116529C46D8300F910D58D194F54A7AAAC1AFFFFFFFFFFFCAFFF000003161A1842B7184087D3A0
11114E29C4558300F910D599194F51A7CAAB03FFFFFFFFFFFCAFFF000003161A1842B7184087D3B8
11116729C46F8300F810D581194F52A7BAAB03FFFFFFFFFFFCBFFF000002161A1842B7184087D3D0
11117B29C4858300F710D5B7194F58A7AAAA03FFFFFFFFFFFCBFFF000002161A1942B7184087D3E8
11117429C4818300FA10D59E194F50A79AA903FFFFFFFFFFFC9FFF000003161A1942B7184087D300
11116F29C4788300FD10D58C194F4AA79AA903FFFFFFFFFFFCBFFF000001161A1942B7184087D318
11116E29C4808300FB10D5A3194F59A79AAB2E1FFFFFFFFFFCBFFF000003161A1942B7184087D330
11113329C4408300F910D5B8194F63A79AAB03FFFFFFFFFFFCBFFF000001161A1942B7184087D348
11114229C4428300F910D5C9194F6DA7BAAC03FFFFFFFFFFFC9FFF000002161A1942B7184087D360
11115C29C4558300F810D5C2194F6FA7DAAB03FFFFFFFFFFFC9FFF000001161A1942B7184087D378
11116F29C4748300F510D5BC194F6AA7DAAA03FFFFFFFFFFFC9FFF000001161A1942B7184087D390
11117529C4768300F510D5A6194F5BA7EAA98A4FFFFFFFFFFCAFFF000003161A1942B7184087D3A8
11117729C47C8300FA10D59A194F4FA7BAAA1ADFFFFFFFFFFCAFFF000003161A1942B7184087D3C0
11116F29C47A8300FD10D59F194F55A78AAC03FFFFFFFFFFFCAFFF000003161A1942B7184087D3D8
11116E29C4768300FB10D5B6194F60A79AAB8F6FFFFFFFFFFCAFFF000003161A1942B7184087D3F0
11117B29C4778300FC10D5A5194F5AA7AAAA1BAFFFFFFFFFFCAFFF000003161A1942B7184087D308
11117729C4778300FC10D5A2194F55A7CAAB03FFFFFFFFFFFC9FFF000003161A1942B7184087D320
11117229C47B8300F410D5A2194F53A7BAAA03FFFFFFFFFFFC9FFF000001161A1942B7184087D338
11117429C47D8300F010D5A4194F5AA7BAA958CFFFFFFFFFFCAFFF000003161A1942B7184087D350
11116629C46D8300F710D5E6194F90A7CAAA03FFFFFFFFFFFCAFFF000001161A1942B7184087D368
11116829C46E83010010D5DF194F8BA7BAAB03FFFFFFFFFFFCAFFF000000161A1942B7184087D380
11117529C4828300FC10D605194F9FA7AAAB03FFFFFFFFFFFCAFFF000002161A1942B7184087D398
11116E29C4748300F510D5D7194F80A7BAAA03FFFFFFFFFFFCAFFF000001161A1942B7184087D3B0
11116A29C47B8300F910D5E8194F92A7BAAB03FFFFFFFFFFFCAFFF000002161A1942B7184087D3C8
11117029C47B8300FF10D5FD194FA3A7BAAB0EAFFFFFFFFFFCBFFF000002161A1942B7184087D3E0
11117C29C4868300FC10D604194FA0A7AAAA0E7FFFFFFFFFFCAFFF000001161A1942B7184087D3F8
11117829C4818300F410D5EB194F91A79AA803FFFFFFFFFFFCAFFF000003161A1942B7184087D310
11117A29C48B8300F010D5F2194F93A7BAA803FFFFFFFFFFFCAFFF000003161A1942B7184087D328
1111AC29C4D58300F810D5FB194FA0A7BAA803FFFFFFFFFFFCAFFF000002161A1942B7184087D340
11119F29C4CE83010110D607194FADA7CAA8833FFFFFFFFFFCAFFF000000161A1942B7184087D358
1111A529C4CC83010010D633194FC0A7CAA7880FFFFFFFFFFCBFFF000003161A1942B7184087D370
1111AF29C4D98300F910D62D194FC0A7AAA703FFFFFFFFFFFCAFFF000001161A1942B7184087D388
11119829C4C18300F810D627194FC5A7BAA903FFFFFFFFFFFCAFFF000003161A1942B7184087D3A0
11119C29C4B68300F310D62C194FC7A7AAAA03FFFFFFFFFFFCBFFF000001161A1A42B7184087D3B8
1111AA29C4CD8300EE10D633194FD2A79AAA03FFFFFFFFFFFCBFFF000002161A1A42B7184087D3D0
1111C629C4F88300FA10D639194FD3A79AAA03FFFFFFFFFFFCAFFF000002161A1A42B7184087C3E8
1111B729C4E783010110D62E194FCAA7BAA9237FFFFFFFFFFCAFFF000002161A1A42B7184087C300
1111A329C4C78300F810D659194FE4A7BAAA205FFFFFFFFFFCAFFF000001161A1A42B7184087B318
1111B329C4E18300FA10D64C194FDBA7BAAA03FFFFFFFFFFFCAFFF000001161A1A42B7184087D330
1111DC29C51383010110D63F194FD8A7AAA903FFFFFFFFFFFCAFFF000002161A1A42B7184087D348
1111C929C4FE8300FA10D646194FDAA7BAAB03FFFFFFFFFFFCAFFF000003161A1A42B7184087C360
1111C229C4EF8300F510D64E194FDEA7AAAA03FFFFFFFFFFFCAFFF000001161A1A42B7184087D378
1111CE29C5168300F910D64D194FE4A7AAAA03FFFFFFFFFFFC9FFF000003161A1A42B7184087C390
1111BC29C4F38300F610D653194FE7A7BAA903FFFFFFFFFFFCAFFF000003161A1A42B7184087C3A8
1111CF29C5118300F610D660194FF2A7CAAA856FFFFFFFFFFCBFFF000003161A1A42B7184087C3C0
1111F929C5498300FD10D656194FEFA7CAAA1B2FFFFFFFFFFCAFFF000002161A1A42B7184087B3D8
1111FB29C54783010010D644194FE3A7BAAB03FFFFFFFFFFFC9FFF000000161A1A42B7184087C3F0
1111FA29C54383010210D685195002A78AAC03FFFFFFFFFFFCAFFF000002161A1A42B7184087D308
1111FF29C5428300FE10D667194FF1A7CAAC3B5FFFFFFFFFFCBFFF000002161A1A42B7184087C320
1111DE29C5278300F110D655194FEFA7AAAA325FFFFFFFFFFCAFFF000001161A1A42B7184087C338
11120829C5618300F010D68B195012A77AAA03FFFFFFFFFFFC9FFF000002161A1A42B7184087C350
11122429C5888300FF10D67F19500FA79AA903FFFFFFFFFFFCAFFF000001161A1A42B7184087B368
11120529C55A83010610D68019500CA7AAA903FFFFFFFFFFFC9FFF000002161A1A42B7174087B380
1111FE29C54F8300FB10D67D19500BA79AAB03FFFFFFFFFFFC9FFF000002161A1A42B7174087B398
11120729C55E8300F210D68D195016A78AAA03FFFFFFFFFFFCAFFF000001161A1A42B7174087D3B0
11121A29C5868300F910D68119500DA77AAB03FFFFFFFFFFFCAFFF000001161A1A42B7174087B3C8
11123529C59D83010410D688195013A7AAAC03FFFFFFFFFFFCAFFF000002161A1A42B7174087B3E0
11123229C59483010310D67B195009A7BAAB03FFFFFFFFFFFC9FFF000002161A1A42B7184087B3F8
11123229C59B8300F510D68D195015A7AAAB03FFFFFFFFFFFC9FFF000001161A1A42B7174087B310
11123E29C5B58300EC10D686195011A7AAA995CFFFFFFFFFFCAFFF000002161A1A42B7174087D328
11124629C5BC8300F510D684195011A79AAA712FFFFFFFFFFC9FFF000002161A1A42B7174087B340
11122D29C59583010410D66E194FF9A7AAAA44BFFFFFFFFFFCAFFF000002161A1A42B7174087C358
11122729C58B83010B10D666194FF7A77AAC03FFFFFFFFFFFCAFFF000002161A1A42B7174087B370
11123129C59783010410D63D194FDEA79AAC03FFFFFFFFFFFC9FFF000002161A1B42B7174087B388
11123E29C5AD8300F210D69619501CA7CAAA03FFFFFFFFFFFCAFFF000002161A1B42B7174087B3A0
11124A29C5BE8300E910D6AA195032A7AAA903FFFFFFFFFFFCAFFF000002161A1B42B7174087B3B8
11120E29C5658300F610D699195021A79AAA03FFFFFFFFFFFCAFFF000001161A1B42B7174087B3D0
11121229C56F83010410D69C195020A79AAA03FFFFFFFFFFFCBFFF000001161A1B42B7174087B3E8
11122929C58A83010410D699195020A79AAB03FFFFFFFFFFFCAFFF000002161A1B42B7174087B300
11122829C5918300FE10D6BF19503BA7CAAA03FFFFFFFFFFFCAFFF000001161A1B42B7174087B318
11124329C5AD8300F710D69E195027A7AAA903FFFFFFFFFFFCAFFF000001161A1B42B7174087B330
11125529C5C38300F410D6B2195032A78AA903FFFFFFFFFFFCAFFF000001161A1B42B7174087B348
11126B29C5EF8300F710D6A719502EA79AAA6C9FFFFFFFFFFCAFFF000001161A1B42B7174087B360
11125829C5D98300FB10D69E195027A79AA903FFFFFFFFFFFCAFFF000002161A1B42B7174087B378
11125329C5CA8300FD10D6A019502DA7AAA8956FFFFFFFFFFCAFFF000001161A1B42B7174087B390
11125D29C5D58300FA10D6A719502EA7BAA91EAFFFFFFFFFFCBFFF000001161A1B42B7174087B3A8
11126129C5D98300F610D6A719502DA7AAA803FFFFFFFFFFFCAFFF000002161A1B42B7174087B3C0
11125D29C5DD8300F910D6AC195034A77AA703FFFFFFFFFFFCAFFF000002161A1B42B7174087B3D8
11124429C5B68300FE10D6AF195035A76AA8169FFFFFFFFFFCAFFF000000161A1B42B7174087B3F0
11124D29C5C48300FE10D6B1195035A77AA8165FFFFFFFFFFC9FFF000002161A1B42B7174087B308
11126629C5DC8300FD10D6AF195033A77AAA03FFFFFFFFFFFCAFFF000002161A1B42B7174087B320
11126229C5D78300F810D6B8195038A7AAAA03FFFFFFFFFFFCAFFF000002161A1B42B7174087B338
11125D29C5D58300EF10D6C8195044A7BAA903FFFFFFFFFFFCAFFF000001161A1B42B7174087B350
11126229C5E48300F410D6C3195043A79AA904EFFFFFFFFFFC9FFF000002161A1B42B7174087B368
11126729C5E783010210D6B2195035A79AA998FFFFFFFFFFFCAFFF000001161A1B42B7174087B380
11128229C60083010310D6B719503BA78AA803FFFFFFFFFFFCBFFF000001161A1B42B7174087B398
11126529C5E88300FC10D6B719503BA7AAA803FFFFFFFFFFFCAFFF000002161A1B42B7174087B3B0
11125C29C5DC8300F810D6C219503FA79AA803FFFFFFFFFFFCAFFF000002161A1B42B7174087B3C8
11126229C5E88300F410D6CE19504DA79AA603FFFFFFFFFFFCAFFF000002161A1B42B7174087B3E0
11127629C5F58300F410D6CB19504DA7BAA603FFFFFFFFFFFC9FFF000002161A1B42B7174087B3F8
11126F29C5F58300FA10D6CB195049A78AA62C5FFFFFFFFFFC9FFF000002161A1B42B7174087B310
11127429C5FC8300FE10D6CE19504BA7AAA6288FFFFFFFFFFCAFFF000002161A1B42B7174087B328
11126F29C5FD8300FD10D6C819504AA7BAA803FFFFFFFFFFFC9FFF000002161A1B42B7174087B340
11127D29C60683010010D6CA19504FA7AAA8047FFFFFFFFFFC9FFF000000161A1B42B7174087B358
11128029C6078300FC10D6C2195045A79AA903FFFFFFFFFFFC9FFF000001161A1B42B7174087B370
11128029C60C8300F410D6C3195042A7CAA803FFFFFFFFFFFC9FFF000002161A1B42B7174087B388
11128729C6198300F310D6DF19504CA7AAA803FFFFFFFFFFFCAFFF000001161A1C42B7174087B3A0
11129029C62A8300F910D6C2195042A78AA703FFFFFFFFFFFCAFFF000002161A1C42B7174087B3B8
11128829C6268300FE10D6C2195044A79AA73C5FFFFFFFFFFCAFFF000002161A1C42B7174087B3D0
11129029C62583010010D6B919503EA78AA834BFFFFFFFFFFCAFFF000001161A1C42B7174087B3E8
11129629C6278300FA10D6D2195055A79AA803FFFFFFFFFFFCAFFF000002161A1C42B7174087B300
1112B229C6438300F710D6D719504FA79AA875AFFFFFFFFFFCAFFF000000161A1C42B7174087B318
1112B229C6448300F710D6B719503DA78AAA4A6FFFFFFFFFFCAFFF000002161A1C42B7174087B330
11129229C62A8300F510D6A8195038A77AAA03FFFFFFFFFFFCBFFF000002161A1C42B7174087B348
1112B329C6508300F810D6A9195032A77AAA615FFFFFFFFFFC9FFF000002161A1C42B7174087B360
11129229C6278300FF10D6A219502BA77AA8450FFFFFFFFFFC9FFF000001161A1C42B7174087B378
11129629C62683010310D6B6195030A77AA803FFFFFFFFFFFC9FFF000001161A1C42B7174087B390
11127829C6058300FC10D6BB19503FA79AA82A4FFFFFFFFFFCAFFF000002161A1C42B717408793A8
11126029C5E58300F510D6F1195058A79AAA03FFFFFFFFFFFCAFFF000001161A1C42B7174087B3C0
1112A929C62F8300F010D71A195075A79AAB03FFFFFFFFFFFCAFFF000001161A1C42B7174087B3D8
1112A529C6458300F110D6F819506FA78AAA3ACFFFFFFFFFFCAFFF000001161A1C42B7174087B3F0
11127329C5FA8300FD10D6B919503EA79AA803FFFFFFFFFFFCAFFF000002161A1C42B7174087B308
11126F29C5F483010210D6BB19503BA7AAA703FFFFFFFFFFFCAFFF000001161A1C42B71740879320
11127829C6088300FB10D6D119504CA7BAA8358FFFFFFFFFFCAFFF000001161A1C42B7174087B338
11128C29C61A8300FA10D6E6195068A7BAA803FFFFFFFFFFFC9FFF000002161A1C42B7174087B350
11129829C62F8300FB10D6C8195054A7AAA903FFFFFFFFFFFCAFFF000002161A1C42B7174087B368
1112A029C63C8300F610D70019506CA79AA9464FFFFFFFFFFCBFFF000002161A1C42B71740879380
1112AB29C64B8300F410D6DD19505AA79AAA03FFFFFFFFFFFCAFFF000002161A1C42B7174087B398
11128E29C6238300FA10D6EC19505EA79AAA03FFFFFFFFFFFCAFFF000001161A1C42B7174087B3B0
11128029C6128300FF10D6F619506AA7AAAA5C4FFFFFFFFFFCAFFF000001161A1C42B717408793C8
11129029C6278300FD10D6E8195063A79AA803DFFFFFFFFFFCAFFF000002161A1C42B717408793E0
1112A729C6438300FA10D6EE195067A7AAA65D6FFFFFFFFFFCAFFF000000161A1C42B717408793F8
1112C129C6648300F310D6F0195066A7BAA803FFFFFFFFFFFCBFFF000002161A1C42B7174087B310
1112D329C67B8300F110D6EA195062A7AAA903FFFFFFFFFFFCAFFF000002161A1C42B71740879328
1112C329C66B8300F410D6EC195068A7AAA98F5FFFFFFFFFFCAFFF000002161A1C42B71740879340
1112D629C6958300F910D70B19507CA79AAA03CFFFFFFFFFFCAFFF000002161A1C42B71740879358
1112BC29C66A83010410D70619507AA79AAB801FFFFFFFFFFC9FFF000000161A1C42B7174087B370
1112B229C65283010710D70A19507BA79AAA03FFFFFFFFFFFCAFFF000002161A1C42B71740879388
1112AC29C64A8300F910D70C19507EA7AAA915AFFFFFFFFFFCAFFF000001161A1D42B7174087B3A0
1112B729C6628300EE10D71319507FA7AAA8E57FFFFFFFFFFCAFFF000001161A1D42B717408793B8
1112BD29C66A8300F210D715195087A7AAA8A6AFFFFFFFFFFCAFFF000002161A1D42B717408793D0
1112D129C6868300F710D730195098A77AAB03FFFFFFFFFFFCAFFF000002161A1D42B717408793E8
1112DD29C6988300FA10D72E19509FA76AAA25CFFFFFFFFFFCAFFF000001161A1D42B7174087B300
1112D129C68183010010D719195091A78AA90BCFFFFFFFFFFCAFFF000001161A1D42B71740879318
1112C929C67D8300FD10D70C19509CA79AA903FFFFFFFFFFFCAFFF000002161A1D42B71740879330
1112DD29C69A8300F510D7481950AAA7AAA903FFFFFFFFFFFCAFFF000001161A1D42B71740879348
1112E629C6A18300F710D7501950B9A7BAA903FFFFFFFFFFFCAFFF000001161A1D42B7164087B360
1112C929C6878300F910D74D1950B4A7BAA9378FFFFFFFFFFC9FFF000002161A1D42B71640879378
1112DF29C6958300F610D75C1950B4A79AA80FBFFFFFFFFFFCAFFF000002161A1D42B71640879390
1112E229C6918300F710D74A1950B2A79AA703FFFFFFFFFFFCAFFF000000161A1D42B717408793A8
1112D529C68D8300FC10D7551950B6A7AAA72FAFFFFFFFFFFCAFFF000001161A1D42B717408793C0
1112EC29C69E8300FB10D7531950B9A7AAA80E0FFFFFFFFFFCAFFF000002161A1D42B716408793D8
11130129C6B88300F810D74C1950AFA78AA803FFFFFFFFFFFC9FFF000001161A1D42B716408793F0
1112FB29C6BD8300FB10D74F1950B5A77AA75DEFFFFFFFFFFCAFFF000001161A1D42B71640879308
11130229C6C58300FB10D7511950B7A78AA7176FFFFFFFFFFCBFFF000001161A1D42B71640879320
1112F529C6C78300F610D7481950B1A7AAA703FFFFFFFFFFFCAFFF000000161A1D42B71640879338
1112E329C6AA8300F310D7491950B0A79AA760FFFFFFFFFFFCAFFF000001161A1D42B71640879350
1112EF29C6BC8300F510D74C1950B6A77AA7181FFFFFFFFFFC9FFF000002161A1D42B71640879368
11130829C6D28300FD10D7551950BBA78AA8076FFFFFFFFFFC9FFF000002161A1D42B71640879380
11130029C6C98300FF10D7581950BDA78AA89C0FFFFFFFFFFCBFFF000000161A1D42B71640879398
1112F529C6C28300F810D7461950ADA79AA7203FFFFFFFFFFCBFFF000001161A1D42B716408793B0
1112FC29C6CB8300F810D74C1950B2A7BAA709CFFFFFFFFFFCAFFF000002161A1D42B716408793C8
11130629C6D78300FB10D7561950BDA7DAA8AD2FFFFFFFFFFCBFFF000002161A1D42B716408793E0
11130029C6CE8300F810D7511950B7A7CAA8220FFFFFFFFFFCAFFF000002161A1D42B716408793F8
1112F329C6C38300F310D7531950B8A7AAA808DFFFFFFFFFFCAFFF000001161A1D42B71640879310
11130629C6D38300F610D7561950BCA77AA7A07FFFFFFFFFFCAFFF000001161A1D42B71640879328
11130329C6D58300FC10D75C1950C1A78AA7205FFFFFFFFFFC9FFF000000161A1D42B71640879340
1112F529C6D08300FD10D75B1950C1A79AA80BBFFFFFFFFFFCAFFF000002161A1D42B71640879358
11130929C6D383010010D75C1950C0A7AAA828AFFFFFFFFFFCAFFF000002161A1D42B71640879370
11130329C6C98300FF10D7561950BEA7AAA803FFFFFFFFFFFCAFFF000000161A1E42B71640879388
1112F129C6B68300F510D7551950B9A79AA70B4FFFFFFFFFFCAFFF000002161A1E42B716408793A0
1112E829C6B38300F210D74D1950BEA79AA7272FFFFFFFFFFCAFFF000000161A1E42B716408793B8
1112FB29C6C58300F610D75E1950C4A79AA803FFFFFFFFFFFCAFFF000001161A1E42B716408793D0
1112F729C6C38300FB10D75F1950C2A78AA7238FFFFFFFFFFC9FFF000001161A1E42B716408793E8
1112F629C6BA8300FD10D7581950BFA78AA6640FFFFFFFFFFCAFFF000002161A1E42B71640879300
1112F429C6B98300FB10D75F1950C1A7AAA6274FFFFFFFFFFCAFFF000001161A1E42B71640879318
1112FA29C6BA8300F710D75A1950C0A7BAA66A1FFFFFFFFFFCAFFF000000161A1E42B71640879330
1112F829C6BA8300FA10D7571950BDA7AAA703FFFFFFFFFFFC8FFF000002161A1E42B71640879348
1112F429C6BB83010210D7501950BAA79AA8456FFFFFFFFFFC9FFF000001161A1E42B71640879360
1112F529C6B78300FD10D7521950BBA79AA87E4FFFFFFFFFFCAFFF000001161A1E42B71640879378
1112FF29C6C78300F410D75E1950C2A79AA803FFFFFFFFFFFCAFFF000002161A1E42B71640879390
1112F729C6C88300EF10D7701950D0A79AA730EFFFFFFFFFFC9FFF000000161A1E42B716408793A8
1112F929C6C18300F510D7641950C6A7BAA703CFFFFFFFFFFCAFFF000001161A1E42B716408793C0
1112E229C6A08300FF10D7541950BAA7AAA703FFFFFFFFFFFCBFFF000002161A1E42B716408793D8
1112EF29C6B783010410D74C1950B1A79AA84E6FFFFFFFFFFCAFFF000002161A1E42B716408793F0
1112EF29C6B383010110D7491950AAA77AA803BFFFFFFFFFFCAFFF000002161A1E42B71640879308
1112ED29C6AD8300F910D7501950B5A76AA703FFFFFFFFFFFCAFFF000000161A1E42B71640879320
1112F529C6B78300F210D75B1950B7A78AA7711FFFFFFFFFFCBFFF000002161A1E42B71640879338
11130129C6C08300F110D7591950C2A79AA6041FFFFFFFFFFCAFFF000001161A1E42B71640879350
1112FF29C6CB8300F810D7511950B8A79AA69CDFFFFFFFFFFCAFFF000001161A1E42B71640879368
1112FD29C6CC8300FD10D7441950AFA78AA603AFFFFFFFFFFCAFFF000002161A1E42B71640879380
1112FB29C6C88300FD10D73A1950A5A79AA71C5FFFFFFFFFFCAFFF000000161A1E42B71640879398
1112F929C6C68300FE10D7481950B1A76AA81D5FFFFFFFFFFCAFFF000000161A1E42B716408793B0
11130729C6D28300FE10D7531950B8A76AA803FFFFFFFFFFFCAFFF000000161A1E42B716408793C8
11130029C6CB8300F910D7521950BBA79AA842BFFFFFFFFFFCAFFF000002161A1E42B716408793E0
1112F729C6BC8300F310D74C1950B6A7BAA73C9FFFFFFFFFFCAFFF000001161A1E42B716408793F8
1112FF29C6C78300F310D74C1950B6A78AA703FFFFFFFFFFFCAFFF000001161A1E42B71640879310
11130429C6D38300F910D7541950BAA75AA7408FFFFFFFFFFCAFFF000002161A1E42B71640879328
11130F29C6D88300FF10D75A1950BFA77AAA3B2FFFFFFFFFFCBFFF000001161A1E42B71640879340
11131629C6E783010010D7641950C3A78AA903FFFFFFFFFFFCBFFF000001161A1F42B71640879358
11130C29C6D68300FA10D75C1950BFA7AAA803FFFFFFFFFFFCAFFF000001161A1F42B71640879370
11130A29C6D78300F710D7571950BCA7AAA703FFFFFFFFFFFC9FFF000000161A1F42B71640879388
11130E29C6DE8300FA10D75B1950C0A79AA703FFFFFFFFFFFC9FFF000001161A1F42B716408793A0
11130D29C6D88300F810D75C1950C0A78AA7226FFFFFFFFFFCAFFF000002161A1F42B716408793B8
11130C29C6DA8300F510D75E1950C1A79AA7644FFFFFFFFFFCBFFF000001161A1F42B716408793D0
11131029C6DD8300F810D7631950C3A7AAA803FFFFFFFFFFFCBFFF000002161A1F42B716408793E8
11131329C6E58300FE10D7671950C9A79AA803FFFFFFFFFFFCBFFF000000161A1F42B71640879300
11131829C6ED83010110D76D1950CDA79AA703FFFFFFFFFFFCAFFF000001161A1F42B71640879318
11131629C6E38300FB10D76A1950CAA76AA603FFFFFFFFFFFCAFFF000001161A1F42B71640879330
11130F29C6DF8300F010D7821950D9A77AA703FFFFFFFFFFFCAFFF000001161A1F42B71640879348
11131329C6EA8300F010D7A71950EBA78AA831EFFFFFFFFFFC9FFF000001161A1F42B71640879360
11132129C6F68300FB10D7761950D5A77AA80F7FFFFFFFFFFCBFFF000001161A1F42B71640879378
11132229C70583010210D77F1950E0A77AA803FFFFFFFFFFFC9FFF000001161A1F42B71640879390
11132929C70B83010010D7961950EEA76AA803FFFFFFFFFFFC9FFF000000161A1F42B716408793A8
11131E29C6F28300F710D7971950EBA77AA803FFFFFFFFFFFCAFFF000001161A1F42B716408793C0
11131629C6F48300F210D78D1950E3A77AA803FFFFFFFFFFFCAFFF000000161A1F42B716408793D8
11132129C6FC8300F710D78E1950E7A77AA803FFFFFFFFFFFCAFFF000001161A1F42B716408793F0
11133C29C7208300FF10D78C1950E8A76AA703FFFFFFFFFFFCAFFF000001161A1F42B71640879308
11135129C7368300FE10D7991950ECA78AA747DFFFFFFFFFFCAFFF000001161A1F42B71640879320
11133B29C7258300F810D7941950E9A79AA8148FFFFFFFFFFC9FFF000000161A1F42B71640879338
11133A29C7188300F510D7931950EBA78AA803FFFFFFFFFFFCBFFF000001161A1F42B71640879350
11134E29C73A8300F810D7931950ECA76AA803FFFFFFFFFFFCAFFF000001161A1F42B71640879368
11134C29C7388300FD10D7941950EDA75AA803FFFFFFFFFFFCAFFF000000161A1F42B71640879380
11134D29C7388300FC10D7951950EDA78AA803FFFFFFFFFFFC9FFF000001161A1F42B71640879398
11134D29C7378300FB10D7971950EDA79AA803FFFFFFFFFFFC9FFF000001161A1F42B716408793B0
11134729C7368300FE10D7991950F1A78AA703FFFFFFFFFFFCAFFF000001161A1F42B716408793C8
11134329C7278300FC10D7981950EEA78AA75FDFFFFFFFFFFCAFFF000000161A1F42B716408793E0
11133D29C7278300F410D79F1950F4A77AA719DFFFFFFFFFFCAFFF000001161A2042B716408793F8
11133E29C7268300F310D79D1950F2A77AA803FFFFFFFFFFFCAFFF000000161A2042B71640879310
11134129C7298300FD10D79D1950F3A76AA703FFFFFFFFFFFCAFFF000001161A2042B71640879328
11133D29C72483010010D79F1950F5A76AA703FFFFFFFFFFFC9FFF000001161A2042B71640879340
11133A29C71A8300F910D7971950E9A78AA803FFFFFFFFFFFC9FFF000000161A2042B71640879358
11133E29C7268300F810D7961950EFA7AAA803FFFFFFFFFFFCAFFF000001161A2042B71640879370
11134229C72B8300FD10D7891950E7A7BAA8315FFFFFFFFFFCAFFF000001161A2042B71640879388
11134429C7268300FC10D78B1950E5A79AA703FFFFFFFFFFFCAFFF000001161A2042B716408793A0
11133A29C71A8300F410D7801950DDA77AA803FFFFFFFFFFFC9FFF000001161A2042B716408793B8
11134429C7278300F510D7831950DEA76AA803FFFFFFFFFFFCAFFF000000161A2042B716408793D0
11133029C7068300FC10D7841950E0A77AA603FFFFFFFFFFFC9FFF000001161A2042B716408793E8
11133129C7078300FB10D7841950E0A79AA4867FFFFFFFFFFC8FFF000001161A2042B71640879300
11133729C7118300F610D7881950E3A78AA521FFFFFFFFFFFC9FFF000000161A2042B71640879318
11132F29C7038300F810D7861950E2A78AA703FFFFFFFFFFFCAFFF000000161A2042B71640879330
11132A29C6F78300FD10D7841950DFA77AA703FFFFFFFFFFFCAFFF000001161A2042B71640879348
11131929C6F28300FC10D7861950E0A76AA603FFFFFFFFFFFCAFFF000000161A2042B71640879360
11130F29C6E68300F710D7811950DDA75AA603FFFFFFFFFFFCAFFF000000161A2042B71640879378
11131429C6E28300F810D77F1950DBA75AA603FFFFFFFFFFFCBFFF000001161A2042B71640879390
11130829C6D78300FC10D7831950DFA74AA65A8FFFFFFFFFFCAFFF000000161A2042B716408793A8
11130729C6D78300FA10D7821950DEA75AA603FFFFFFFFFFFCAFFF000000161A2042B716408793C0
11130F29C6DD8300F210D77C1950DAA77AA503FFFFFFFFFFFCAFFF000001161A2042B716408793D8
11130D29C6DD8300F210D77D1950DAA78AA603FFFFFFFFFFFC9FFF000000161A2042B716408793F0
1112FD29C6C98300FB10D77E1950DDA79AA703FFFFFFFFFFFCBFFF000000161A2042B71640879308
11131429C6F183010410D7891950E4A7BAA603FFFFFFFFFFFCBFFF000001161A2042B71640879320
11131929C6F08300FD10D7851950E0A78AA60E1FFFFFFFFFFCAFFF000001161A2042B71640879338
11131129C6E18300F210D7891950EDA7AAA70FFFFFFFFFFFFCAFFF000000161A2042B71640879350
11131D29C6EA8300F110D79E1950E8A7BAA703FFFFFFFFFFFCBFFF000001161A2042B71640879368
11131529C6EB8300F210D78F1950EDA79AA703FFFFFFFFFFFCAFFF000001161A2042B71640879380
11130329C6D48300FA10D7A71950FBA77AA803FFFFFFFFFFFCAFFF000000161A2142B71640879398
11130A29C6DE83010710D7A81950FFA79AA903FFFFFFFFFFFCBFFF000001161A2142B716408793B0
11130929C6D783010310D7A81950FCA79AAA86AFFFFFFFFFFCAFFF000001161A2142B716408793C8
11130D29C6E18300EE10D79C1950F3A7AAA803FFFFFFFFFFFC9FFF000000161A2142B716408793E0
11131B29C6F68300EA10D7971950F2A79AA603FFFFFFFFFFFCBFFF000001161A2142B716408793F8
11131529C6EB8300F510D79B1950F3A77AA603FFFFFFFFFFFC9FFF000001161A2142B71640879310
11131E29C6F58300FC10D7A21950F7A77AA703FFFFFFFFFFFCAFFF000001161A2142B71640879328
11131129C6DF83010210D7A61950FBA78AA903FFFFFFFFFFFCBFFF000001161A2142B71640879340
11131829C6F083010210D79E1950F8A77AA920AFFFFFFFFFFCAFFF000000161A2142B71640879358
11132229C6FE8300F910D7971950F1A79AA722FFFFFFFFFFFCAFFF000000161A2142B71640879370
11131929C6FE8300F310D7A71950F9A79AA703FFFFFFFFFFFCAFFF000000161A2142B71640879388
11133529C70C8300F410D7B3195101A78AA803FFFFFFFFFFFC9FFF000001161A2142B716408793A0
11133929C7128300F410D79E1950F6A77AA703FFFFFFFFFFFC9FFF000001161A2142B716408783B8
11133329C7178300FA10D7971950F1A77AA703FFFFFFFFFFFCAFFF000000161A2142B716408793D0
11132929C70383010210D7961950EFA7AAA703FFFFFFFFFFFCAFFF000000161A2142B716408793E8
11132D29C71283010010D79C1950F2A7AAA703FFFFFFFFFFFCAFFF000001161A2142B71640879300
11134229C72E8300F610D7991950F0A77AA603FFFFFFFFFFFCAFFF000000161A2142B71640879318
11133729C7258300F210D7971950EEA77AA603FFFFFFFFFFFCAFFF000000161A2142B71640879330
11134A29C7398300F510D7981950F0A76AA603FFFFFFFFFFFCAFFF000000161A2142B71640879348
11135129C7418300FA10D7961950EDA76AA703FFFFFFFFFFFCAFFF000001161A2142B71640878360
11135029C7408300F810D7971950EFA76AA736CFFFFFFFFFFCAFFF000000161A2142B71640879378
11135129C7438300F710D7971950F0A76AA7369FFFFFFFFFFC9FFF000001161A2142B71540878390
11135329C7428300FB10D7991950F1A77AA703FFFFFFFFFFFC9FFF000000161A2142B715408783A8
11135229C7428300FA10D7991950F2A79AA803FFFFFFFFFFFCAFFF000000161A2142B715408793C0
11135029C7408300F610D79B1950F3A78AA803FFFFFFFFFFFC9FFF000000161A2142B715408773D8
11135329C7428300F510D79C1950F4A78AA803FFFFFFFFFFFC9FFF000000161A2142B716408783F0
11135229C73F8300F710D7A21950F9A78AA903FFFFFFFFFFFCAFFF000001161A2142B71640878308
11135229C7428300FB10D7B9195109A77AAA269FFFFFFFFFFCBFFF000001161A2242B71540878320
11135529C7418300FC10D7B419510CA77AA903CFFFFFFFFFFCAFFF000000161A2242B71540878338
11134A29C73F8300F810D7A71950FFA76AA803FFFFFFFFFFFCBFFF000001161A2242B71540877350
11135029C74A8300F710D7AF195102A76AA803FFFFFFFFFFFCBFFF000000161A2242B71540878368
11135929C7538300F810D7B4195107A7AAA803FFFFFFFFFFFC9FFF000000161A2242B71540878380
11136629C75E8300FB10D7CB195116A79AA84FEFFFFFFFFFFC8FFF000001161A2242B71540877398
11136B29C7618300FC10D7BA195111A78AA74A6FFFFFFFFFFC9FFF000001161A2242B715408773B0
11135F29C7518300F710D7B3195105A79AA603FFFFFFFFFFFCAFFF000000161A2242B715408773C8
11135529C74B8300F410D7B919510DA79AA503FFFFFFFFFFFC9FFF000001161A2242B715408783E0
11136229C7588300F810D7C819511FA79AA703FFFFFFFFFFFC9FFF000000161A2242B715408783F8
11137A29C77783010010D7C8195117A78AA903FFFFFFFFFFFCAFFF000001161A2242B71540878310
11137629C77783010310D7C2195112A78AA703FFFFFFFFFFFCAFFF000001161A2242B71540877328
11136029C7578300F910D7BB195110A7AAA74E1FFFFFFFFFFCAFFF000001161A2242B71540877340
11134229C72F8300F010D7CE195116A79AA703AFFFFFFFFFFCAFFF000000161A2242B71540877358
11136029C7578300F510D7D6195122A78AA603FFFFFFFFFFFCAFFF000001161A2242B71540877370
11136A29C76283010010D7CE19511CA77AA703FFFFFFFFFFFCAFFF000001161A2242B71540878388
11136C29C76283010010D7D119511EA78AA703FFFFFFFFFFFCAFFF000000161A2242B715408773A0
11136429C7608300F610D7CD19511CA76AA703FFFFFFFFFFFC8FFF000000161A2242B715408773B8
11135529C7448300F210D7D619511EA76AA7050FFFFFFFFFFC9FFF000001161A2242B715408773D0
11136029C7608300F910D7D419511FA76AA60D3FFFFFFFFFFCAFFF000000161A2242B715408773E8
11136B29C76783010210D7DA195124A75AA603FFFFFFFFFFFCAFFF000000161A2242B71540877300
11136A29C7668300FF10D7D4195120A73AA603FFFFFFFFFFFCAFFF000001161A2242B71540877318
11137329C7728300F910D7D119511CA76AA703FFFFFFFFFFFCAFFF000000161A2242B71540877330
11136729C7658300F310D7D9195121A75AA703FFFFFFFFFFFC9FFF000001161A2242B71540879348
11135F29C75E8300F110D7DA195123A78AA877DFFFFFFFFFFC9FFF000000161A2242B71540877360
11138329C7888300FC10D7DB195127A7BAA903AFFFFFFFFFFCAFFF000000161A2242B71540877378
11137E29C78083010610D7E419512EA78AA903FFFFFFFFFFFCBFFF000001161A2242B71540877390
11138129C7878300FD10D7DA195125A77AA803FFFFFFFFFFFCAFFF000001161A2242B715408773A8
11136529C7678300EF10D7D7195124A78AA703FFFFFFFFFFFCAFFF000001161A2342B715408773C0
11138029C7808300F210D7E0195129A78AA503FFFFFFFFFFFC9FFF000000161A2342B715408773D8
11138D29C7998300FE10D7EB195132A78AA50ADFFFFFFFFFFC9FFF000000161A2342B715408773F0
11139029C79783010510D7F5195139A78AA52C1FFFFFFFFFFCAFFF000001161A2342B71540877308
11138129C7878300FC10D7EF195134A79AA503FFFFFFFFFFFCAFFF000000161A2342B71540877320
11137529C7788300EF10D7DD195128A7AAA503FFFFFFFFFFFC9FFF000000161A2342B71540877338
11138029C7878300F210D7E6195130A77AA503FFFFFFFFFFFCAFFF000001161A2342B71540877350
11138A29C7928300FC10D7F0195137A76AA503FFFFFFFFFFFCAFFF000001161A2342B71540877368
11139429C79F83010010D7F9195133A78AA6A5CFFFFFFFFFFCAFFF000001161A2342B71540877380
11138D29C7968300FC10D80119513CA7AAA6039FFFFFFFFFFCAFFF000000161A2342B71540878398
11139729C7A18300F910D7EA195134A79AA603FFFFFFFFFFFCBFFF000001161A2342B715408773B0
11139529C7A38300F610D7E119512DA77AA703FFFFFFFFFFFCAFFF000000161A2342B715408773C8
11139629C7A48300F610D7E819512FA77AA703FFFFFFFFFFFC9FFF000000161A2342B715408773E0
11139E29C7AC8300FA10D7ED195134A78AA703FFFFFFFFFFFC9FFF000001161A2342B715408773F8
1113A029C7B48300FB10D7F2195137A78AA713AFFFFFFFFFFCAFFF000000161A2342B71540877310
11139329C7AB8300F910D7F2195134A78AA74A6FFFFFFFFFFCAFFF000001161A2342B71540877328
11139629C7A58300F710D7EF195134A78AA803FFFFFFFFFFFCAFFF000000161A2342B71540877340
11139629C7A38300F610D7EB195135A79AA703FFFFFFFFFFFCAFFF000000161A2342B71540877358
11139E29C7B28300FB10D7F2195138A79AA503FFFFFFFFFFFCBFFF000001161A2342B71540877370
1113AB29C7C183010210D7F2195137A7AAA503FFFFFFFFFFFCAFFF000000161A2342B71540877388
1113A129C7B48300FE10D7EC195134A7CAA603FFFFFFFFFFFCAFFF000000161A2342B715408773A0
11139A29C7AD8300F010D7F0195133A7AAA5135FFFFFFFFFFCAFFF000000161A2342B715408773B8
1113A229C7B48300ED10D7F3195137A79AA608BFFFFFFFFFFCAFFF000001161A2342B715408773D0
1113AA29C7C18300F810D7F419513BA78AA703FFFFFFFFFFFCAFFF000000161A2342B715408773E8
1113AC29C7C483010210D7F2195139A77AA703FFFFFFFFFFFCAFFF000001161A2342B71540877300
1113AF29C7C283010310D7F919513CA78AA603FFFFFFFFFFFC9FFF000001161A2342B71540877318
1113AB29C7C48300FE10D7F3195139A78AA61F0FFFFFFFFFFC9FFF000000161A2342B71540877330
1113AA29C7C38300F810D7F619513BA78AA767CFFFFFFFFFFCAFFF000000161A2342B71540877348
1113AA29C7C08300F310D7F919513FA77AA703FFFFFFFFFFFCBFFF000000161A2342B71540877360
1113A529C7B58300F210D7FB19513EA78AA703FFFFFFFFFFFCAFFF000001161A2342B71540877378
1113A729C7BD8300F510D7FB19513FA77AA803FFFFFFFFFFFCAFFF000001161A2442B71540877390
1113AF29C7CB8300FA10D7FF195140A76AA803FFFFFFFFFFFCAFFF000000161A2442B715408773A8
1113B329C7CF83010210D7FC195141A76AA703FFFFFFFFFFFCBFFF000000161A2442B715408773C0
1113AE29C7C483010410D7FC19513EA76AA72F1FFFFFFFFFFCAFFF000001161A2442B715408773D8
1113B429C7CB8300F910D803195143A74AA810BFFFFFFFFFFCCFFF000000161A2442B715408773F0
1113B329C7CB8300EE10D7FF195142A75AA803FFFFFFFFFFFCAFFF000000161A2442B71540877308
1113B929C7D58300F410D805195147A77AA703FFFFFFFFFFFC9FFF000001161A2442B71540877320
1113BC29C7D98300FE10D807195149A75AA803FFFFFFFFFFFC9FFF000000161A2442B71540877338
1113BE29C7DB8300FF10D80C19514CA77AA72E6FFFFFFFFFFCAFFF000000161A2442B71540877350
1113C329C7DE8300FF10D80C19514CA7AAA7871FFFFFFFFFFCAFFF000000161A2442B71540877368
1113B829C7D78300F810D805195146A7AAA803FFFFFFFFFFFC9FFF000000161A2442B71540877380
1113B429C7CC8300F010D809195148A78AA903FFFFFFFFFFFC9FFF000000161A2442B71540877398
1113B829C7D48300F210D80919514BA77AA603FFFFFFFFFFFCAFFF000000161A2442B715408773B0
1113BD29C7DB8300FD10D80A19514DA75AA603FFFFFFFFFFFCAFFF000001161A2442B715408773C8
1113BC29C7DA83010110D80919514AA78AA6055FFFFFFFFFFCAFFF000000161A2442B715408753E0
1113C229C7DF8300FD10D80819514AA7AAA703FFFFFFFFFFFCAFFF000000161A2442B715408773F8
1113BD29C7E08300F710D813195151A7AAA803FFFFFFFFFFFCAFFF000001161A2442B71540877310
1113BD29C7DD8300F410D80F19514EA7AAA703FFFFFFFFFFFCAFFF000000161A2442B71540877328
1113C829C7E78300F610D80A19514BA78AA603FFFFFFFFFFFCAFFF000000161A2442B71540875340
1113C429C7E48300FB10D808195149A77AA758DFFFFFFFFFFCBFFF000001161A2442B71540875358
1113C729C7E78300FD10D80B19514BA77AA71BDFFFFFFFFFFC9FFF000000161A2442B71540877370
1113C529C7E68300FB10D80E19514FA7AAA803FFFFFFFFFFFC9FFF000000161A2442B71540875388
1113C229C7E38300F710D80E19514EA7AAA603FFFFFFFFFFFCAFFF000000161A2442B715408773A0
1113C929C7EC8300F810D80F195150A78AA503FFFFFFFFFFFCBFFF000000161A2442B715408753B8
1113CA29C7EA8300FC10D81019514FA78AA503FFFFFFFFFFFCAFFF000001161A2442B715408763D0
1113C629C7E88300FC10D811195150A75AA603FFFFFFFFFFFCAFFF000000161A2442B715408773E8
1113CA29C7E68300F810D812195151A75AA72BAFFFFFFFFFFCAFFF000000161A2442B71540877300
1113C629C7E48300F310D826195156A78AA803FFFFFFFFFFFCAFFF000001161A2442B71540877318
1113C529C7E58300F210D81A195159A78AA703FFFFFFFFFFFCAFFF000000161A2442B71540877330
1113CE29C7F28300FD10D82E195169A78AA803FFFFFFFFFFFC9FFF000001161A2442B71540875348
1113D129C7F983010310D83119516AA78AA703FFFFFFFFFFFCAFFF000001161A2442B71540875360
1113CB29C7EF8300FB10D82A195162A79AA77BBFFFFFFFFFFCAFFF000000161A2442B71540875378
1113C829C7EF8300F510D819195157A78AA7245FFFFFFFFFFC9FFF000000161A2442B71540877390
1113D229C7F98300F810D81F19515BA79AA603FFFFFFFFFFFC9FFF000000161A2542B715408773A8
1113D129C7F98300F710D81A195156A79AA603FFFFFFFFFFFCAFFF000001161A2542B715408753C0
1113D229C7F68300F410D819195157A78AA603FFFFFFFFFFFCAFFF000001161A2542B715408773D8
1113DA29C7FE8300F510D818195158A77AA603FFFFFFFFFFFCAFFF000000161A2542B715408763F0
1113DE29C80B8300F910D817195155A78AA603FFFFFFFFFFFC9FFF000000161A2542B71540875308
1113DD29C80B83010310D811195152A78AA651DFFFFFFFFFFCAFFF000000161A2542B71540875320
1113D929C80283010310D817195152A76AA603FFFFFFFFFFFCAFFF000000161A2542B71540875338
1113D729C7FF8300F510D818195154A76AA6042FFFFFFFFFFCAFFF000000161A2542B71540877350
1113D729C8058300EE10D81619514EA76AA5044FFFFFFFFFFCAFFF000001161A2542B71540875368
1113CF29C7F38300F810D810195151A77AA603FFFFFFFFFFFCAFFF000001161A2542B71540875380
1113D029C7F98300FD10D80E19514FA78AA603FFFFFFFFFFFC9FFF000001161A2542B71540875398
1113CF29C7F88300F710D80B19514EA78AA503FFFFFFFFFFFC9FFF000001161A2542B715408753B0
1113CC29C7F18300F710D82819515CA79AA403FFFFFFFFFFFC9FFF000000161A2542B715408773C8
1113D029C7F78300FC10D81C19515BA77AA66C5FFFFFFFFFFCAFFF000000161A2542B715408773E0
1113CF29C7F783010010D818195155A77AA703FFFFFFFFFFFCAFFF000000161A2542B715408773F8
1113D029C7F68300FC10D81B195153A77AA703FFFFFFFFFFFCAFFF000000161A2542B71540875310
1113CE29C7F58300F410D81219514FA78AA603FFFFFFFFFFFCAFFF000000161A2542B71540875328
1113CB29C7EE8300F210D811195150A78AA603FFFFFFFFFFFCBFFF000001161A2542B71540875340
1113DB29C8078300F610D818195155A7BAA603FFFFFFFFFFFCAFFF000000161A2542B71540875358
1113E529C8118300FF10D817195156A7AAA7139FFFFFFFFFFCAFFF000000161A2542B71540875370
1113DE29C80983010310D82619515EA78AA9182FFFFFFFFFFC9FFF000001161A2542B71540875388
1113D729C8008300FB10D82319515DA78AA903FFFFFFFFFFFC8FFF000000161A2542B715408753A0
1113D029C7F68300F110D811195153A79AA903FFFFFFFFFFFC9FFF000000161A2542B715408753B8
1113D429C7FD8300F510D81F195159A78AA803FFFFFFFFFFFCAFFF000001161A2542B715408753D0
1113D429C7FC8300F910D825195164A76AA803FFFFFFFFFFFCAFFF000001161A2542B715408753E8
1113DE29C8098300F810D83D195173A77AA8972FFFFFFFFFFCBFFF000000161A2542B71540875300
1113EA29C8198300FB10D84A195179A76AA603FFFFFFFFFFFCBFFF000000161A2542B71540875318
1113E529C80E8300F710D83319516EA77AA603FFFFFFFFFFFCAFFF000001161A2542B71540875330
1113E629C8178300F410D83719516AA77AA603FFFFFFFFFFFC9FFF000000161A2542B71540875348
1113F029C8248300FD10D84619517AA77AA603FFFFFFFFFFFCAFFF000000161A2542B71540875360
1113FF29C8378300FF10D83E195175A75AA703FFFFFFFFFFFCAFFF000001161A2542B71540875378
1113E829C8188300F810D83D195170A74AA825DFFFFFFFFFFC9FFF000000161A2542B71540875390
1113E229C81A8300F510D83019516CA75AA72BCFFFFFFFFFFCAFFF000000161A2542B715408753A8
1113F429C8298300F410D83319516AA76AA603FFFFFFFFFFFC8FFF000000161A2642B715408753C0
11141D29C8508300F310D83919516DA76AA603FFFFFFFFFFFCAFFF000000161A2642B715408753D8
11140629C8458300F910D84719517DA77AA603FFFFFFFFFFFCAFFF000000161A2642B715408753F0
11140C29C84B83010210D84F195181A78AA603FFFFFFFFFFFCAFFF000000161A2642B71540875308
11140229C83C8300FE10D83B195172A79AA603FFFFFFFFFFFC9FFF000000161A2642B71540875320
1113F729C82F8300F510D83A19516EA7AAA50D4FFFFFFFFFFC9FFF000000161A2642B71540875338
1113F229C82A8300F310D83819516EA79AA703EFFFFFFFFFFC9FFF000000161A2642B71540875350
1113F929C8358300F410D83719516FA79AA703FFFFFFFFFFFCAFFF000001161A2642B71540875368
11140029C83D8300F410D83B195173A78AA603FFFFFFFFFFFCAFFF000001161A2642B71540875380
1113F829C8338300F310D83A195171A76AA603FFFFFFFFFFFCAFFF000001161A2642B71540875398
1113F529C82A8300F610D83F195174A74AA53A2FFFFFFFFFFCBFFF000000161A2642B715408753B0
1113FA29C83583010210D84419517AA74AA53F0FFFFFFFFFFCBFFF000000161A2642B715408753C8
1113FF29C83C83010610D84F195180A76AA503FFFFFFFFFFFCAFFF000000161A2642B715408753E0
1113F229C82A8300FC10D843195178A76AA503FFFFFFFFFFFCAFFF000000161A2642B715408753F8
1113F229C8298300EE10D83E195174A78AA703FFFFFFFFFFFCAFFF000000161A2642B71540875310
1113F029C8228300EB10D839195173A79AA803FFFFFFFFFFFCAFFF000001161A2642B71540875328
11140429C8428300F210D83F195174A79AA703FFFFFFFFFFFCAFFF000001161A2642B71540875340
11140029C83F83010110D84D195181A76AA72FFFFFFFFFFFFCAFFF000000161A2642B71540875358
1113FA29C83783010210D84D195180A76AA603BFFFFFFFFFFCAFFF000000161A2642B71540875370
1113FD29C8388300F710D844195179A78AA803FFFFFFFFFFFCAFFF000000161A2642B71540875388
1113FD29C8398300F410D83E195177A77AA803FFFFFFFFFFFCAFFF000000161A2642B715408753A0
11140229C83F8300FB10D84719517EA77AA803FFFFFFFFFFFCAFFF000000161A2642B715408753B8
11140B29C8498300FB10D84F195184A79AA6523FFFFFFFFFFCBFFF000000161A2642B715408753D0
11140129C8418300F210D84619517DA77AA752FFFFFFFFFFFCAFFF000000161A2642B715408753E8
11140329C8408300EE10D843195179A76AA603FFFFFFFFFFFCAFFF000001161A2642B71540875300
11140629C84A8300F510D84D195181A77AA603FFFFFFFFFFFCAFFF000001161A2642B71540875318
11140429C8448300FE10D851195186A77AA703FFFFFFFFFFFCAFFF000000161A2642B71440875330
1113F629C82B83010210D84019517BA75AA603FFFFFFFFFFFCAFFF000000161A2642B71440875348
1113FF29C8318300FF10D82619516AA78AA603FFFFFFFFFFFCAFFF000000161A2642B71540875360
11140029C83D8300F210D84819517DA7AAA66C9FFFFFFFFFFCAFFF000000161A2642B71540875378
11140029C83D8300EC10D84719517AA79AA5039FFFFFFFFFFCAFFF000000161A2642B71540875390
1113FB29C8328300F010D83C195176A78AA403FFFFFFFFFFFCBFFF000000161A2642B715408753A8
1113F229C82B8300F810D83A195175A77AA55ECFFFFFFFFFFCAFFF000000161A2742B714408753C0
1113F329C82D8300FE10D84C195180A76AA603AFFFFFFFFFFCAFFF000000161A2742B714408753D8
1113F129C82A83010110D854195187A76AA703FFFFFFFFFFFCBFFF000000161A2742B714408753F0
1113FD29C8378300FA10D859195186A76AA632EFFFFFFFFFFCAFFF000000161A2742B71540875308
1113FE29C8388300F110D81D19516BA79AA603BFFFFFFFFFFCAFFF000000161A2742B71540875320
11140129C83A8300ED10D84519517BA79AA603FFFFFFFFFFFCAFFF000000161A2742B71540875338
11140529C8458300F210D851195184A7AAA831AFFFFFFFFFFCAFFF000000161A2742B71440875350
11140C29C84F8300F910D85E19518DA79AA803BFFFFFFFFFFCAFFF000000161A2742B71440875368
11140C29C8538300FD10D84C195189A79AA703FFFFFFFFFFFCAFFF000000161A2742B71440875380
11140C29C84B8300FE10D84419518FA78AA635BFFFFFFFFFFCAFFF000000161A2742B71440875398
11140F29C84E8300F910D865195190A77AA403BFFFFFFFFFFC9FFF000000161A2742B715408753B0
11140929C8488300F110D86119518CA78AA503FFFFFFFFFFFC9FFF000000161A2742B714408753C8
11140E29C84D8300EE10D85719518AA77AA64A4FFFFFFFFFFCAFFF000000161A2742B714408753E0
11141129C8548300F210D867195193A76AA68FFFFFFFFFFFFCAFFF000000161A2742B714408753F8
11140329C83F8300FA10D87119519CA77AA603FFFFFFFFFFFCAFFF000000161A2742B71440875310
1113E729C8238300FF10D87619519EA79AA637BFFFFFFFFFFCBFFF000000161A2742B71440875328
11141429C84A8300FB10D87D19519EA79AA67E8FFFFFFFFFFCBFFF000000161A2742B71440875340
11141029C8528300F710D864195196A78AA703FFFFFFFFFFFCBFFF000000161A2742B71440875358
11141C29C85F8300F410D86F195196A78AA726DFFFFFFFFFFC9FFF000000161A2742B71440875370
11141F29C8648300F510D868195198A78AA7742FFFFFFFFFFC9FFF000000161A2742B71440875388
11141B29C8628300F710D852195192A77AA703FFFFFFFFFFFCAFFF000000161A2742B714408753A0
11143029C87B8300F510D856195190A77AA81ACFFFFFFFFFFC9FFF000000161A2742B714408753B8
11142729C87B8300F510D852195185A75AA867AFFFFFFFFFFC9FFF000000161A2742B714408753D0
11141F29C86D8300FB10D85919518BA76AA703FFFFFFFFFFFCAFFF000000161A2742B714408753E8
11142329C8738300FC10D85B19518BA75AA615CFFFFFFFFFFCAFFF000000161A2742B71440875300
11142829C8738300F610D85B19518FA75AA65B1FFFFFFFFFFCBFFF000000161A2742B71440875318
11141229C8588300F510D85919518BA77AA603FFFFFFFFFFFCAFFF000000161A2742B71440875330
1113EF29C82B8300F810D85F195190A79AA6120FFFFFFFFFFCAFFF000000161A2742B71440875348
1113D429C8128300F510D86B195194A79AA74FCFFFFFFFFFFCAFFF000000161A2742B71440875360
11140C29C8338300F310D872195194A7AAA703FFFFFFFFFFFCAFFF000000161A2742B71440875378
1113C429C7F98300F610D85E195190A7BAA60CDFFFFFFFFFFCAFFF000000161A2742B71440875390
1113F029C8268300FB10D85819518AA79AA63DEFFFFFFFFFFC9FFF000000161A2742B714408753A8
11141429C8408300FC10D86619518EA79AA503FFFFFFFFFFFC9FFF000000161A2742B714408753C0
11142129C8548300FB10D85B19518CA78AA50F3FFFFFFFFFFCAFFF000000161A2842B714408753D8
11141029C8578300F710D85E19518DA79AA546BFFFFFFFFFFCAFFF000000161A2842B714408753F0
11142029C8678300F510D85819518CA79AA403FFFFFFFFFFFCAFFF000000161A2842B71440875308
11142729C86B8300F410D85A195187A77AA60B1FFFFFFFFFFCAFFF000000161A2842B71440875320
11142429C86F8300F710D84E195184A76AA7373FFFFFFFFFFCAFFF000000161A2842B71440875338
11142529C8728300FB10D852195184A75AA503FFFFFFFFFFFCAFFF000000161A2842B71440875350
11142229C86F8300FF10D849195180A77AA5093FFFFFFFFFFCAFFF000000161A2842B71440875368
11142129C86D8300F910D852195184A79AA42F0FFFFFFFFFFCAFFF000000161A2842B71440875380
11141729C8628300F410D841195180A78AA503FFFFFFFFFFFCAFFF000000161A2842B71440875398
11141D29C8688300F610D838195175A76AA5076FFFFFFFFFFCAFFF000000161A2842B714408753B0
11141829C8608300F710D81C19516AA78AA6A25FFFFFFFFFFC9FFF000000161A2842B714408753C8
11141A29C85D8300F710D81D195164A78AA52BBFFFFFFFFFFCAFFF000000161A2842B714408753E0
11141929C85F8300FB10D828195165A76AA405AFFFFFFFFFFCAFFF000000161A2842B714408753F8
1113FF29C84D8300FE10D81F19515EA75AA4904FFFFFFFFFFCAFFF000000161A2842B71440875310
1113FF29C8418300FC10D80A19515DA76AA429BFFFFFFFFFFC9FFF000000161A2842B71440875328
11140629C8458300F710D7F7195151A78AA504DFFFFFFFFFFC9FFF000000161A2842B71440875340
11141029C8458300F510D80F195157A76AA57E8FFFFFFFFFFC9FFF000000161A2842B71440875358
1113C129C8048300F510D808195146A77AA526BFFFFFFFFFFCAFFF000000161A2842B71440875370
1113D029C8028300F810D81E195158A77AA503FFFFFFFFFFFCAFFF000000161A2842B71440875388
1113CC29C7F58300F910D80C19514FA77AA503FFFFFFFFFFFC9FFF000000161A2842B714408753A0
1113CE29C7F48300FA10D7FE195145A76AA603FFFFFFFFFFFC9FFF000000161A2842B714408753B8
1113D429C7F98300FC10D81F195150A76AA82A6FFFFFFFFFFCAFFF000000161A2842B714408753D0
1113D329C8048300FB10D829195168A77AA803CFFFFFFFFFFCAFFF000000161A2842B714408753E8
1113CF29C8008300F410D7F2195147A78AA703FFFFFFFFFFFCBFFF000000161A2842B71440875300
1113D329C7FA8300F110D80619514AA76AA7435FFFFFFFFFFCBFFF000000161A2842B71440875318
1113D129C7F88300F710D82C195167A76AA603CFFFFFFFFFFC9FFF000000161A2842B71440875330
1113C529C7E483010010D815195156A75AA603FFFFFFFFFFFC9FFF000000161A2842B71440875348
1113B529C7DC83010010D83519516BA76AA5467FFFFFFFFFFCAFFF000000161A2842B71440875360
1113C629C7E48300FA10D7C5195135A79AA403BFFFFFFFFFFCAFFF000000161A2842B71440875378
1113D829C8068300F510D807195153A78AA503FFFFFFFFFFFCBFFF000000161A2842B71440874390
1113F129C8218300F010D7E2195142A78AA6496FFFFFFFFFFCBFFF000000161A2842B714408753A8
1113F229C82B8300F210D806195151A77AA603BFFFFFFFFFFCBFFF000000161A2842B714408753C0
1113E329C8168300FB10D7E019512CA77AA603FFFFFFFFFFFC9FFF000000161A2842B714408753D8
11141329C8438300FE10D78B1950D4A78AA76F1FFFFFFFFFFCAFFF000000161A2842B714408753F0
1113EA29C8208300F810D7E9195136A7AAA803BFFFFFFFFFFC9FFF000000161A2842B71440875308
1113E529C8208300F610D82C19515DA77AA603FFFFFFFFFFFCAFFF000000161A2842B71440875320
1113D629C8058300F910D760195100A74AA766AFFFFFFFFFFCAFFF000000161A2942B71440875338
11135C29C7798300FC10D7C6195108A74AA703BFFFFFFFFFFC9FFF000000161A2942B71440875350
1113A029C7B68300F810D7D719510DA76AA70D4FFFFFFFFFFC9FFF000000161A2942B71440875368
1113F329C8338300F310D83C19516AA77AA8C10FFFFFFFFFFC9FFF000000161A2942B71440874380
11135429C7758300F410D80119515DA75AA803AFFFFFFFFFFC9FFF000000161A2942B71440875398
11131F29C6FF8300F810D7471950C3A75AA8220FFFFFFFFFFCCFFF000000161A2942B714408753B0
11131929C6F28300F910D80219510DA77AA72B4FFFFFFFFFFCAFFF000000161A2942B714408753C8
11129629C6968300FE10D7D619511FA79AA603FFFFFFFFFFFCAFFF000000161A2942B714408733E0
11134F29C7168300FB10D83919517BA78AA7368FFFFFFFFFFC8FFF000000161A2942B714408733F8
11138E29C7958300F210D84A19513AA76AA63FEFFFFFFFFFFC9FFF000000161A2942B71440875310
1113A129C78F8300F010D7DF19512BA74AA503FFFFFFFFFFFCAFFF000000161A2942B71440875328
11126329C5EC8300FA10D70C195071A76AA5471FFFFFFFFFFCBFFF000000161A2942B71440875340
11127129C61183010210D6CE195051A77AA64D8FFFFFFFFFFC9FFF000000161A2942B71440875358
1112E229C6768300FD10D6DE19505FA78AA603FFFFFFFFFFFC9FFF000000161A2942B71440875370
1112FE29C6938300F210D6E11950B9A78AA625AFFFFFFFFFFC9FFF000000161A2942B71440875388
1112CD29C6A48300ED10D7151950A1A78AA703FFFFFFFFFFFCAFFF000000161A2942B714408753A0
11124329C5B38300F410D6F119507DA76AA503FFFFFFFFFFFCAFFF000000161A2942B714408753B8
11125229C5BB8300FB10D6DE195065A76AA503FFFFFFFFFFFCAFFF000000161A2942B714408753D0
11125529C5DD8300FD10D6E019505DA77AA503FFFFFFFFFFFCBFFF000000161A2942B714408733E8
11126729C5E58300FD10D6DC195055A78AA503FFFFFFFFFFFCBFFF000000161A2942B71440875300
11126D29C5F18300FD10D6D119503AA76AA6191FFFFFFFFFFC9FFF000000161A2942B71440875318
1112A829C63F8300FA10D6B919503DA77AA703FFFFFFFFFFFC9FFF000000161A2942B71440873330
1112B729C6588300F210D723195085A79AA603FFFFFFFFFFFCAFFF000000161A2942B71440874348
1112B729C65A8300EE10D745195092A79AA703FFFFFFFFFFFC9FFF000000161A2942B71440875360
1112CE29C6768300F210D713195085A7CAA803FFFFFFFFFFFCAFFF000000161A2942B71440875378
1112C029C65C8300F910D72319508BA7AAA9642FFFFFFFFFFCBFFF000000161A2942B71440874390
1112B829C66B83010210D717195086A78AAA241FFFFFFFFFFCAFFF000000161A2942B714408753A8
1112CE29C68083010310D713195085A78AAA03FFFFFFFFFFFCAFFF000000161A2942B714408733C0
1112BF29C6758300F910D71D19508CA78AAA03FFFFFFFFFFFCAFFF000000161A2942B714408733D8
1112D129C6878300EF10D7491950B1A78AA903FFFFFFFFFFFCAFFF000000161A2942B714408733F0
11132B29C7058300EF10D74C1950B6A79AA903FFFFFFFFFFFCAFFF000000161A2942B71440873308
1112FA29C6C68300F310D72C195099A79AA903FFFFFFFFFFFCAFFF000000161A2942B71440873320
1112C529C6728300FB10D731195099A7AAA93C8FFFFFFFFFFCAFFF000000161A2942B71440874338
1112D429C6828300FE10D73D1950A3A77AA803FFFFFFFFFFFC9FFF000000161A2A42B71440874350
1112D629C69C8300F910D7C21950BEA77AA903FFFFFFFFFFFCBFFF000000161A2A42B71440873368
1112F229C6B38300F910D76C1950BFA77AAA03FFFFFFFFFFFCAFFF000000161A2A42B71440873380
1112F329C6BA8300FB10D72019508DA77AA903FFFFFFFFFFFCAFFF000000161A2A42B71440875398
1112E429C6A58300FA10D79E1950A0A79AA703FFFFFFFFFFFCAFFF000000161A2A42B714408733B0
11132329C6DC8300F810D72E195091A77AA803FFFFFFFFFFFCAFFF000000161A2A42B714408733C8
11130029C6CF8300F410D70C195074A78AA9266FFFFFFFFFFC9FFF000000161A2A42B714408733E0
11130A29C6D68300EE10D74E1950B3A79AA88A8FFFFFFFFFFC9FFF000000161A2A42B714408733F8
1112F429C6B68300F510D7641950C2A78AA803FFFFFFFFFFFCAFFF000000161A2A42B71440873310
1112B629C66E83010110D6D519505FA78AA903FFFFFFFFFFFCAFFF000000161A2A42B71440873328
1112D629C68D83010210D6C2195052A78AAA03FFFFFFFFFFFCBFFF000000161A2A42B71440873340
1112F729C6B38300F810D76B1950C1A7AAA903FFFFFFFFFFFCBFFF000000161A2A42B71440873358
1112E129C6B78300F310D7B81950F8A7AAA904CFFFFFFFFFFC9FFF000000161A2A42B71440873370
1112E429C69E8300F610D6D2195065A79AA703FFFFFFFFFFFC9FFF000000161A2A42B71440874388
1112F129C6B08300F610D6D0195086A78AA703FFFFFFFFFFFC9FFF000000161A2A42B714408733A0
11130029C6D58300F410D702195094A77AA903FFFFFFFFFFFC9FFF000000161A2A42B714408733B8
11131329C6E58300F710D69A19502DA76AAA03FFFFFFFFFFFCAFFF000000161A2A42B714408733D0
11131629C6D38300FB10D699195026A77AAA52BFFFFFFFFFFCAFFF000000161A2A42B714408743E8
11131029C6DA8300FB10D6C8195046A76AA91FBFFFFFFFFFFCAFFF000000161A2A42B71440873300
11131029C6D38300F910D6C619504DA76AAA03FFFFFFFFFFFCAFFF000000161A2A42B71440873318
1112CB29C6888300FA10D6B819503FA78AAA03FFFFFFFFFFFCAFFF000000161A2A42B71440873330
11131029C6C38300F610D6C0195043A77AA903FFFFFFFFFFFCAFFF000000161A2A42B71440873348
11133C29C7008300F110D683195032A7BAA903FFFFFFFFFFFCAFFF000000161A2A42B71440873360
11138229C74F8300F010D690195036A79AA903FFFFFFFFFFFCBFFF000000161A2A42B71440873378
1112B029C6428300F610D6C7195043A76AA92A0FFFFFFFFFFCAFFF000000161A2A42B71440873390
11127729C60383010010D6EE195068A78AA803FFFFFFFFFFFCAFFF000000161A2A42B714408733A8
11126C29C5F883010510D6F219506EA7BAA703FFFFFFFFFFFCAFFF000000161A2A42B714408733C0
1112C729C66B8300FD10D6CA195053A7AAA803FFFFFFFFFFFCAFFF000000161A2A42B714408733D8
11129629C6378300F210D6BF195047A79AA803FFFFFFFFFFFCAFFF000000161A2A42B714408733F0
11124D29C6008300ED10D6D4195059A79AA873DFFFFFFFFFFCAFFF000000161A2A42B71440873308
11127929C61A8300F110D6DE19505BA79AA829EFFFFFFFFFFCAFFF000000161A2B42B71440873320
11129B29C6388300F910D6D2195051A7AAA703FFFFFFFFFFFCAFFF000000161A2B42B71440873338
11129729C63D8300FB10D6CE195045A79AA803FFFFFFFFFFFC9FFF000000161A2B42B71440873350
11127B29C6288300FA10D6D319504CA79AA803FFFFFFFFFFFC9FFF000000161A2B42B71440873368
1112A429C6388300FB10D6D9195054A7AAA903FFFFFFFFFFFCCFFF000000161A2B42B71440873380
1112B129C64E8300F810D6CF19504EA7BAA903FFFFFFFFFFFCBFFF000000161A2B42B71440873398
1112A229C64F8300F610D6DE195053A7DAAA4F8FFFFFFFFFFCBFFF000000161A2B42B714408733B0
1112B729C6668300F910D6CD19504DA7BAAA03FFFFFFFFFFFC9FFF000000161A2B42B714408733C8
11129D29C6538300F710D6D9195055A78AA903FFFFFFFFFFFCAFFF000000161A2B42B714408733E0
1112CE29C66F8300F210D6E119505CA79AA9040FFFFFFFFFFCAFFF000000161A2B42B714408733F8
11129F29C6478300F210D6D1195054A79AA903FFFFFFFFFFFCAFFF000000161A2B42B71440873310
11129429C6348300F510D6D7195056A7BAA903FFFFFFFFFFFCBFFF000000161A2B42B71440873328
1112A529C63B8300FD10D6F3195069A7AAAA03FFFFFFFFFFFCBFFF000000161A2B42B71440873340
11129129C62783010510D70D19507AA79AAA03FFFFFFFFFFFCAFFF000000161A2B42B71440873358
1112BD29C65E8300FF10D6F319506CA7CAAA6ABFFFFFFFFFFCAFFF000000161A2B42B71440873370
1112CB29C67A8300EE10D6EC195065A7CAA903FFFFFFFFFFFCBFFF000000161A2B42B71440873388
1112CE29C67D8300E710D6F7195071A7CAA803FFFFFFFFFFFCBFFF000000161A2B42B714408733A0
1112AB29C64D8300EE10D6FB195073A7AAA903FFFFFFFFFFFCAFFF000000161A2B42B714408733B8
1112B429C65A8300F810D6F8195070A7AAAA03FFFFFFFFFFFCAFFF000000161A2B42B714408733D0
1112BE29C66A83010310D705195079A7AAAB03FFFFFFFFFFFC9FFF000000161A2B42B714408733E8
1112CB29C68383010810D70B19507DA79AA9119FFFFFFFFFFC9FFF000000161A2B42B71440873300
1112C229C66B8300FA10D70E195080A79AA7191FFFFFFFFFFCAFFF000000161A2B42B71440873318
1112D929C68F8300EB10D706195078A7AAA703FFFFFFFFFFFCAFFF000000161A2B42B71440873330
1112C829C6768300EC10D706195079A7AAA703FFFFFFFFFFFCAFFF000000161A2B42B71440873348
1112BF29C66E8300F310D703195078A79AA6043FFFFFFFFFFCAFFF000000161A2B42B71440873360
1112BD29C66A8300FA10D71019507FA77AA703FFFFFFFFFFFCAFFF000000161A2B42B71440873378
1112C529C6748300FD10D710195085A78AA794BFFFFFFFFFFCAFFF000000161A2B42B71440873390
1112C329C6768300FB10D70B195081A79AA703FFFFFFFFFFFCAFFF000000161A2C42B714408733A8
1112CC29C67B8300F810D713195084A79AA603FFFFFFFFFFFCAFFF000000161A2C42B714408733C0
1112BF29C66F8300F710D716195086A7BAA603FFFFFFFFFFFCBFFF000000161A2C42B714408733D8
1112CF29C6768300F410D717195088A7BAA703FFFFFFFFFFFCAFFF000000161A2C42B714408733F0
1112CB29C67F8300F510D71A19508AA79AA703FFFFFFFFFFFCAFFF000000161A2C42B71440873308
1112CD29C67F8300F810D71B19508DA78AA8213FFFFFFFFFFC9FFF000000161A2C42B71440873320
1112C829C67D8300FA10D71419508BA78AAA2D2FFFFFFFFFFC9FFF000000161A2C42B71440873338
1112CF29C67E8300F910D70E195089A77AAA043FFFFFFFFFFCAFFF000000161A2C42B71440873350
1112D529C6888300F410D6FD195087A76AAA03FFFFFFFFFFFCAFFF000000161A2C42B71440873368
1112D629C6878300EF10D70F195082A77AAA271FFFFFFFFFFC9FFF000000161A2C42B71440873380
1112D529C68A8300F510D72E19509CA79AAA341FFFFFFFFFFC9FFF000000161A2C42B71440873398
1112B029C6478300FE10D72D19509BA79AA903FFFFFFFFFFFCAFFF000000161A2C42B714408733B0
1112A829C65E8300FC10D72D195099A7AAA805AFFFFFFFFFFCAFFF000000161A2C42B714408733C8
1112D329C6898300F710D73519509DA7AAA703FFFFFFFFFFFCBFFF000000161A2C42B714408733E0
1112DD29C68F8300F610D7411950A3A7BAA603FFFFFFFFFFFCAFFF000000161A2C42B714408733F8
1112DC29C6938300F210D73D1950A3A7AAA703FFFFFFFFFFFCAFFF000000161A2C42B71440873310
1112DE29C6938300F210D7431950A8A7AAA703FFFFFFFFFFFCAFFF000000161A2C42B71440873328
1112E329C6A08300F910D71C195089A79AA6348FFFFFFFFFFCBFFF000000161A2C42B71440873340
1112E629C69E8300FE10D6F219506AA79AA5427FFFFFFFFFFCAFFF000000161A2C42B71440873358
1112E629C6A08300F810D72B195096A79AA503FFFFFFFFFFFCAFFF000000161A2C42B71440873370
1112E929C6A38300EF10D73F1950A3A79AA703FFFFFFFFFFFC9FFF000000161A2C42B71440873388
1112DA29C6958300F310D72319508FA7AAA703FFFFFFFFFFFC9FFF000000161A2C42B714408733A0
1112CF29C6878300FA10D723195090A7BAA704FFFFFFFFFFFCAFFF000000161A2C42B714408733B8
1112BF29C6738300FA10D74919509DA7AAA703FFFFFFFFFFFCAFFF000000161A2C42B714408733D0
1112C529C66F8300FB10D7511950A8A7AAA703FFFFFFFFFFFCAFFF000000161A2C42B714408733E8
1112CB29C67D8300F910D727195091A79AA803FFFFFFFFFFFCAFFF000000161A2C42B71440873300
1112DB29C6938300F010D72E19509AA77AA903FFFFFFFFFFFCAFFF000000161A2C42B71440871318
1112E629C6A68300F010D72419508FA77AA9056FFFFFFFFFFCAFFF000000161A2C42B71440873330
1112E429C69E8300F810D70B19507CA78AA903FFFFFFFFFFFC9FFF000000161A2C42B71440873348
1112EE29C6A58300FE10D71B195087A7CAA94AAFFFFFFFFFFC9FFF000000161A2D42B71440871360
1112E729C6A58300FA10D72C19508EA79AA857FFFFFFFFFFFCAFFF000000161A2D42B71440873378
1112E529C6A18300F510D71E19508CA78AAA03FFFFFFFFFFFCAFFF000000161A2D42B71440873390
1112EE29C6AA8300F210D71C19508AA78AA903FFFFFFFFFFFCAFFF000000161A2D42B714408733A8
1112F429C6AD8300F110D72919508EA76AA903FFFFFFFFFFFCAFFF000000161A2D42B714408733C0
1112ED29C6A48300F610D72119508EA75AAA03FFFFFFFFFFFCAFFF000000161A2D42B714408733D8
1112EE29C6AD83010010D72E195098A75AA803FFFFFFFFFFFC9FFF000000161A2D42B714408733F0
1112F629C6AB8300FF10D71219507EA78AA8540FFFFFFFFFFC9FFF000000161A2D42B71440873308
1112EC29C6A68300F310D72A195093A79AA7059FFFFFFFFFFCAFFF000000161A2D42B71440871320
1112E429C6A18300EC10D731195099A79AA603FFFFFFFFFFFCBFFF000000161A2D42B71440871338
1112F429C6B68300F110D729195096A79AA6050FFFFFFFFFFCAFFF000000161A2D42B71440873350
1112F529C6B68300FB10D7371950A1A79AA703FFFFFFFFFFFCAFFF000000161A2D42B71440871368
1112EB29C6A98300FE10D7511950B2A79AA803FFFFFFFFFFFCBFFF000000161A2D42B71440871380
1112EA29C6A48300FB10D74E1950AFA78AA903FFFFFFFFFFFCAFFF000000161A2D42B71440871398
1112ED29C6AA8300F610D74E1950B3A7AAA903FFFFFFFFFFFCAFFF000000161A2D42B714408713B0
1112ED29C6AA8300F210D7791950C8A7CAA96F4FFFFFFFFFFCAFFF000000161A2D42B714408713C8
1112F029C6AB8300F410D7701950C4A7AAA7045FFFFFFFFFFCAFFF000000161A2D42B714408713E0
1112F329C6B38300FA10D7541950B5A78AA703FFFFFFFFFFFC9FFF000000161A2D42B714408733F8
1112FA29C6B88300F910D7641950BAA77AA703FFFFFFFFFFFC9FFF000000161A2D42B71440871310
11130129C6CA8300F410D75A1950BAA79AA903FFFFFFFFFFFCAFFF000000161A2D42B71440873328
11130329C6CA8300F810D7671950C6A7AAA903FFFFFFFFFFFCAFFF000000161A2D42B71440871340
1112FE29C6C38300F910D7671950CBA7AAA9065FFFFFFFFFFCAFFF000000161A2D42B71440871358
11131229C6EA8300F210D7661950C3A7AAA828AFFFFFFFFFFCAFFF000000161A2D42B71440872370
11132F29C7128300F110D76A1950C9A79AA603FFFFFFFFFFFCAFFF000000161A2D42B71440871388
11131229C6E28300F910D76D1950CBA79AA503FFFFFFFFFFFCAFFF000000161A2D42B714408713A0
11130829C6D083010110D76F1950CDA7AAA603FFFFFFFFFFFCAFFF000000161A2D42B714408713B8
11131329C6E58300FB10D7781950D3A79AA803FFFFFFFFFFFCAFFF000000161A2D42B714408713D0
11131329C6E08300F110D76C1950CAA78AA89A6FFFFFFFFFFCAFFF000000161A2E42B714408713E8
11131429C6E68300F110D77C1950D4A77AA704AFFFFFFFFFFCAFFF000000161A2E42B71440871300
11131829C6E28300F410D7B11950F8A78AA703FFFFFFFFFFFC9FFF000000161A2E42B71440871318
11131F29C6EE8300F310D7CC195104A78AA703FFFFFFFFFFFC9FFF000000161A2E42B71440871330
11131C29C6ED8300F910D79D1950F3A79AA703FFFFFFFFFFFCAFFF000000161A2E42B71440871348
11131C29C6F283010110D77B1950D3A7AAA803FFFFFFFFFFFCAFFF000000161A2E42B71440871360
11131A29C6EB8300FD10D79D1950E5A7AAA8167FFFFFFFFFFC9FFF000000161A2E42B71440871378
11132129C6FC8300F210D7A31950EDA77AA9486FFFFFFFFFFCAFFF000000161A2E42B71440871390
11134329C72F8300F010D7C01950F6A75AA903FFFFFFFFFFFCAFFF000000161A2E42B714408713A8
11139329C75E8300EF10D7B71950FBA76AA8040FFFFFFFFFFCAFFF000000161A2E42B714408713C0
11133C29C71A8300F410D7C019510DA77AA803FFFFFFFFFFFCBFFF000000161A2E42B714408713D8
11131029C6D683010010D75B1950C1A76AA703FFFFFFFFFFFCAFFF000000161A2E42B714408713F0
11131A29C6EC8300FF10D77B1950CAA77AA703FFFFFFFFFFFCAFFF000000161A2E42B71440871308
11133329C7108300F610D7B41950F5A79AA803FFFFFFFFFFFCAFFF000000161A2E42B71440871320
11134829C7288300F510D7A91950E9A79AA710AFFFFFFFFFFCAFFF000000161A2E42B71440871338
11134529C7288300F410D7841950BEA77AA65D5FFFFFFFFFFCAFFF000000161A2E42B71440871350
11134C29C7288300F210D7501950BDA77AA903FFFFFFFFFFFC9FFF000000161A2E42B71440871368
11133629C7268300F410D6E6195053A78AA803FFFFFFFFFFFCAFFF000000161A2E42B71440871380
11134529C72B8300F510D65A194FFDA78AA903FFFFFFFFFFFC9FFF000000161A2E42B71440871398
11133429C7248300F610D64F194FD9A77AAA03FFFFFFFFFFFC9FFF000000161A2E42B714408713B0
1112AC29C65D8300FE10D5BA194F73A79AA903FFFFFFFFFFFC9FFF000000161A2E42B714408713C8
11122B29C59083010310D5C8194F8AA78AA91B6FFFFFFFFFFC9FFF000000161A2E42B714408713E0
1112EA29C6968300FA10D65F194FF0A78AAA0E4FFFFFFFFFFCAFFF000000161A2E42B714408713F8
1112D429C68A8300ED10D62D194FDCA78AA903FFFFFFFFFFFCAFFF000000161A2E42B71440871310
11133729C7318300E510D6D619505CA79AA903FFFFFFFFFFFCAFFF000000161A2E42B71440871328
1112A529C6308300EA10D63E194FD9A79AA903FFFFFFFFFFFCAFFF000000161A2E42B71440871340
11120529C55A8300FE10D57E194F38A78AA91AFFFFFFFFFFFCAFFF000000161A2E42B71440871358
1110E829C3FD83010C10D560194F37A78AA87D5FFFFFFFFFFCBFFF000000161A2E42B71440871370
11126829C5DF83010010D56A194F36A79AA903FFFFFFFFFFFCAFFF000000161A2F42B71440871388
11129729C61F8300EF10D607194FA4A7AAA903FFFFFFFFFFFCAFFF000000161A2F42B714408713A0
1112DD29C67F8300E910D68E194FD2A7BAAA03FFFFFFFFFFFCAFFF000000161A2F42B714408713B8
1112EB29C6848300E810D631194FC4A7EAA903FFFFFFFFFFFCAFFF000000161A2F42B714408713D0
1111BE29C4F98300F410D557194F1BA7FAAA03FFFFFFFFFFFCAFFF000000161A2F42B714408713E8
1110FA29C3DA83010210D53D194F08A7EAAA35EFFFFFFFFFFCAFFF000000161A2F42B71440871300
11116229C4588300FF10D56C194F2CA7EAAA18FFFFFFFFFFFC9FFF000000161A2F42B71440871318
1111DC29C5168300F810D588194F4AA7EAAB03FFFFFFFFFFFC9FFF000000161A2F42B71440871330
11123129C5468300F810D5B5194F61A7CAAB03FFFFFFFFFFFCAFFF000000161A2F42B71440871348
11124429C5A68300F610D5B4194F5BA7AAAA03FFFFFFFFFFFCAFFF000000161A2F42B71440871360
11127E29C5FE8300F210D5B3194F57A7AAAA03FFFFFFFFFFFCAFFF000000161A2F42B71440871378
1111E229C5628300EC10D5BB194F59A7CAAB03FFFFFFFFFFFCAFFF000000161A2F42B71440871390
1111C629C5108300ED10D59E194F4AA7CAAA0BDFFFFFFFFFFC9FFF000000161A2F42B714408723A8
11117F29C48F8300F810D57C194F3AA7AAA904AFFFFFFFFFFC9FFF000000161A2F42B714408713C0
11111029C3FE83010610D57A194F3EA7AAAA03FFFFFFFFFFFC9FFF000000161A2F42B714408713D8
11119D29C4AB83010310D58F194F4AA7CAAA03FFFFFFFFFFFCBFFF000000161A2F42B714408713F0
1111B229C4D98300F310D597194F4CA7DAAB03FFFFFFFFFFFC9FFF000000161A2F42B71440871308
11119B29C4A38300EC10D64E194FBDA7BAAB53CFFFFFFFFFFC9FFF000000161A2F42B71440871320
11117F29C47F8300EE10D5A7194F5FA79AAA240FFFFFFFFFFCAFFF000000161A2F42B71440871338
11115B29C4568300F010D5AC194F5BA78AAA03FFFFFFFFFFFCAFFF000000161A2F42B71440871350
11115029C44C8300F710D58B194F43A79AAB03FFFFFFFFFFFCAFFF000000161A2F42B71440871368
11115B29C4658300FE10D586194F43A7AAAB03FFFFFFFFFFFCAFFF000000161A2F42B71440871380
11115829C45D83010010D621194FA9A7DAAB03FFFFFFFFFFFCAFFF000000161A2F42B71440871398
11116B29C47B8300FC10D5E5194F7DA7EAAB03FFFFFFFFFFFCAFFF000000161A2F42B714408713B0
11119729C4A98300F210D5DC194F7AA7DAAA2E9FFFFFFFFFFC9FFF000000161A2F42B714408713C8
1111A529C4CE8300E710D5A2194F59A7DAAB03FFFFFFFFFFFC9FFF000000161A2F42B714408713E0
1111B529C4D58300ED10D5B9194F6AA7DAAA03FFFFFFFFFFFC9FFF000000161A2F42B714408713F8
11119229C4AC8300FB10D565194F29A7BAA903FFFFFFFFFFFCAFFF000000161A2F42B71440871310
11119F29C4BF8300FD10D5B1194F64A7AAAA05AFFFFFFFFFFC9FFF000000161A3042B71440871328
11119C29C4B28300F910D56C194F3AA7BAAA743FFFFFFFFFFCAFFF000000161A3042B71440871340
1111A129C4CC8300FA10D56C194F3FA7CAA92F0FFFFFFFFFFCAFFF000000161A3042B71440871358
1111BF29C4EF8300F410D592194F56A7DAA903FFFFFFFFFFFCAFFF000000161A3042B71440871370
1111CA29C4F78300F010D5D6194F8CA7DAA903FFFFFFFFFFFCBFFF000000161A3042B71440871388
11117329C48A8300F410D606194FA9A7BAA903FFFFFFFFFFFCBFFF000000161A3042B714408713A0
11113D29C44A8300F810D628194FC2A7BAAB03FFFFFFFFFFFCAFFF000000161A3042B714408713B8
11115D29C4598300F810D612194FBDA7AAAA03FFFFFFFFFFFCAFFF000000161A3042B714408713D0
11118329C4868300F610D5FB194FB7A7AAA9549FFFFFFFFFFCAFFF000000161A3042B714408713E8
1111AF29C4BC8300F110D656194FCEA7DAAA03FFFFFFFFFFFCAFFF000000161A3042B71440871300
1111CB29C4FC8300F010D658194FDFA7DAAA045FFFFFFFFFFCAFFF000000161A3042B71440871318
1111B129C4DA8300FB10D657194FE9A7BAAA04BFFFFFFFFFFCAFFF000000161A3042B71440871330
1111DD29C50F83010310D65C194FECA7CAAB03FFFFFFFFFFFC9FFF000000161A3042B71440871348
1111C029C4F38300FC10D63D194FD5A7DAAA03FFFFFFFFFFFC9FFF000000161A3042B71440871360
1111CF29C50B8300EB10D67F195007A7FAA903FFFFFFFFFFFCAFFF000000161A3042B71440871378
11121729C55F8300E510D6AC195015A7EAAA03FFFFFFFFFFFCAFFF000000161A3042B71440871390
1111D929C5118300EF10D660194FF4A7CAAA70AFFFFFFFFFFCAFFF000000161A3042B714408713A8
1111DD29C5188300FF10D622194FCAA7CAAB03FFFFFFFFFFFCAFFF000000161A3042B714408713C0
1111F529C54E83010510D617194FC0A7AAAB03FFFFFFFFFFFCAFFF000000161A3042B714408713D8
1111E429C5288300FE10D630194FDAA7BAAA03FFFFFFFFFFFCAFFF000000161A3042B714408713F0
11122829C5898300EF10D655194FEAA7BAAB1AFFFFFFFFFFFCBFFF000000161A3042B71440871308
11123629C5A98300E610D662194FF4A7BAAB042FFFFFFFFFFCBFFF000000161A3042B71440871320
11123E29C5A68300ED10D632194FCDA7AAAC12BFFFFFFFFFFCBFFF000000161A3042B71440871338
11120229C5608300FA10D58F194F41A7DAAC1D7FFFFFFFFFFCAFFF000000161A3042B71440871350
11120B29C56583010110D536194F11A7EAAB03FFFFFFFFFFFCAFFF000000161A3042B71440871368
1111F829C5428300FA10D5D0194F7DA7BAAB03FFFFFFFFFFFCAFFF000000161A3042B71440871380
11122929C5998300EF10D668194FF5A7CAAA03FFFFFFFFFFFCBFFF000000161A3042B71440871398
1111EF29C5448300F010D613194FC4A7BAAB03FFFFFFFFFFFCBFFF000000161A3142B714408713B0
11117D29C49A8300F710D588194F35A7AAAA9C9FFFFFFFFFFCBFFF000000161A3142B714408713C8
1111BF29C4C78300F610D5AA194F52A78AAA03FFFFFFFFFFFCBFFF000000161A3142B714408713E0
1111EE29C5458300F310D5FE194F93A79AAA03FFFFFFFFFFFCAFFF000000161A3142B714408713F8
11121B29C56D8300F210D680194FE2A79AA903FFFFFFFFFFFCAFFF000000161A3142B71440871310
11116429C4858300F510D61B194FDBA78AA903FFFFFFFFFFFC9FFF000000161A3142B71440871328
11116029C4668300F810D561194F30A7BAA903FFFFFFFFFFFC9FFF000000161A3142B71440871340
11119829C4C18300F610D548194F48A7EAA9229FFFFFFFFFFCAFFF000000161A3142B71440871358
1111CF29C51C8300F310D519194F3AA7DAAA499FFFFFFFFFFCBFFF000000161A3142B71440871370
11117E29C49E8300F810D56A194F2CA7CAAA043FFFFFFFFFFCBFFF000000161A3142B71440871388
11111929C46E8300FA10D574194F3AA7AAAB049FFFFFFFFFFCAFFF000000161A3142B714408713A0
1111D929C4E98300F510D5AE194F6EA7BAAB03FFFFFFFFFFFCAFFF000000161A3142B714408713B8
1111F629C5478300EF10D621194FA1A7CAAC03FFFFFFFFFFFCAFFF000000161A3142B714408713D0
11124929C5898300EA10D623194FAEA7BAAD102FFFFFFFFFFCAFFF000000161A3142B714408713E8
11119029C4B38300F110D6F0195051A79AAC041FFFFFFFFFFC9FFF000000161A3142B71440871300
11113829C42E83010010D671194FFDA79AAB2ECFFFFFFFFFFC9FFF000000161A3142B71440871318
11118029C49483010310D665194FEDA79AAA427FFFFFFFFFFCAFFF000000161A3142B71440871330
1111C529C4EF8300F710D69919501FA7BAAB03FFFFFFFFFFFCAFFF000000161A3142B71440871348
1111A129C4E38300EF10D653194FECA7CAAC03FFFFFFFFFFFCAFFF000000161A3142B71440871360
1111A729C4DF8300F010D647194FD6A7EAAB03FFFFFFFFFFFCBFFF000000161A3142B71440871378
11119529C4AE8300F210D5F3194FA1A7CAA903FFFFFFFFFFFCAFFF000000161A3142B71440871390
1111C029C4D08300F210D5E0194F96A7BAA803FFFFFFFFFFFCAFFF000000161A3142B714408713A8
1111BB29C4EA8300F410D5C7194F67A7CAA9289FFFFFFFFFFC9FFF000000161A3142B714408713C0
1111C929C5018300F910D581194F43A7BAAA047FFFFFFFFFFC9FFF000000161A3142B714408713D8
1111C929C5038300FB10D59E194F54A7BAAB03FFFFFFFFFFFCAFFF000000161A3142B714408713F0
1111EE29C4F98300FA10D5E5194F80A79AAB03FFFFFFFFFFFCAFFF000000161A3142B71440871308
1111FF29C5228300F310D662194FE1A7CAAB03FFFFFFFFFFFCAFFF000000161A3142B71440871320
1111FD29C54A8300EA10D69B194FF6A7CAAB5EEFFFFFFFFFFCAFFF000000161A3242B71440871338
1111E229C5238300EF10D5F5194F99A7BAAA6D1FFFFFFFFFFCBFFF000000161A3242B71440871350
11117E29C49F8300FC10D5C3194F74A7BAAB042FFFFFFFFFFCBFFF000000161A3242B71440871368
1111B029C4DE8300FF10D5DF194F8EA7AAAB54CFFFFFFFFFFCAFFF000000161A3242B71440871380
1111EA29C5148300F810D5DB194F88A7AAAA5A6FFFFFFFFFFC9FFF000000161A3242B71440871398
11121329C55E8300EC10D5D9194F83A7BAAB03FFFFFFFFFFFC9FFF000000161A3242B714408713B0
1111FB29C54C8300EA10D5CA194F74A7AAAC4F0FFFFFFFFFFCAFFF000000161A3242B714408713C8
1111C829C5008300F510D5C2194F70A7BAAC5A2FFFFFFFFFFCAFFF000000161A3242B714408713E0
1111E629C5138300FF10D5AB194F5FA7EAAB03FFFFFFFFFFFCAFFF000000161A3242B714408713F8
1111EA29C5328300FA10D5CB194F78A7DAA9712FFFFFFFFFFCAFFF000000161A3242B71440871310
11120129C5568300F210D63E194FB4A7AAAA694FFFFFFFFFFCAFFF000000161A3242B71440871328
11120729C53C8300F310D5DE194F90A79AAB03FFFFFFFFFFFC9FFF000000161A3242B71440871340
1111F129C5308300F410D5BC194F61A7BAAB6E6FFFFFFFFFFC9FFF000000161A3242B71440871358
1111F429C5358300F410D5B1194F6BA7BAAC67EFFFFFFFFFFC9FFF000000161A3242B71440871370
1111E729C5328300F610D5C7194F74A7CAAD03FFFFFFFFFFFC9FFF000000161A3242B71440871388
1111D029C5168300F810D5C9194F77A7DAAD405FFFFFFFFFFC9FFF000000161A3242B714408713A0
1111FC29C5288300F710D5C4194F7DA7DAAD159FFFFFFFFFFCAFFF000000161A3242B714408713B8
11121629C5508300F310D5D9194F8EA7CAAD043FFFFFFFFFFCBFFF000000161A3242B714408713D0
11122B29C5748300F010D5F6194F95A7CAAD3E8FFFFFFFFFFC9FFF000000161A3242B714408713E8
1111B029C4FB8300F410D5DE194F8DA7DAAD03FFFFFFFFFFFC9FFF000000161A3242B71440871300
1111B229C4DE8300F710D5BE194F6EA7BAAD03FFFFFFFFFFFC9FFF000000161A3242B71440871318
1111BA29C4EE8300F910D5BB194F69A7BAAC4DFFFFFFFFFFFC9FFF000000161A3242B71440871330
1111AE29C4F18300F510D5DB194F7FA7CAAD03FFFFFFFFFFFC9FFF000000161A3242B71440871348
11119329C4CF8300F210D5EC194F84A7BAAC03FFFFFFFFFFFCAFFF000000161A3242B71440871360
11119929C4998300F310D5D6194F8FA7AAAB485FFFFFFFFFFCAFFF000000161A3242B71440870378
11117B29C4B18300F610D5C5194F87A7CAAB03FFFFFFFFFFFCAFFF000000161A3242B71440871390
11116629C48A8300F810D5C3194F73A7CAAC03FFFFFFFFFFFCBFFF000000161A3342B714408713A8
11116129C4708300F410D5CB194F85A7AAAB427FFFFFFFFFFCBFFF000000161A3342B714408713C0
11118429C4AA8300F010D5F5194F95A79AAB03FFFFFFFFFFFCBFFF000000161A3342B714408713D8
1110FE29C3FB8300F310D617194FAAA78AAB03FFFFFFFFFFFC9FFF000000161A3342B714408713F0
1110F529C3CD8300F710D54D194F2EA7AAAD5AAFFFFFFFFFFCAFFF000000161A3342B71440871308
11110129C3FF8300FA10D505194EDEA7CAAE174FFFFFFFFFFC9FFF000000161A3342B71440871320
11113329C4248300FC10D4F0194ECFA7CAAC045FFFFFFFFFFCBFFF000000161A3342B71440871338
11113E29C4458300F510D569194F31A7BAAA57DFFFFFFFFFFCBFFF000000161A3342B71440871350
11115C29C4CA8300EB10D5F8194F91A7DAAC03FFFFFFFFFFFCBFFF000000161A3342B71440871368
11113929C4B08300EA10D5EB194F93A7DAAC03FFFFFFFFFFFCAFFF000000161A3342B71440871380
11115A29C4638300F310D543194F0AA7DAAA48BFFFFFFFFFFC9FFF000000161A3342B7144086F398
1110D629C3B58300FD10D48D194E7BA7DAAC03FFFFFFFFFFFC8FFF000000161A3342B7144086F3B0
1110CD29C37F83010010D47A194E78A7DAAE03FFFFFFFFFFFCAFFF000000161A3342B714408713C8
11114929C4328300F910D4B7194EB0A7FAAE432FFFFFFFFFFCAFFF000000161A3342B714408713E0
11116429C4838300F110D4F2194ED0A7FAAE03FFFFFFFFFFFCAFFF000000161A3342B714408713F8
11117829C4798300ED10D4C0194EB7A7CAAE03FFFFFFFFFFFC9FFF000000161A3342B71440871310
11115529C43C8300EF10D4D1194EB0A7DAAD403FFFFFFFFFFCBFFF000000161A3342B71440871328
1110C429C38D8300F610D4CF194EACA7FAAD03FFFFFFFFFFFC9FFF000000161A3342B7144086F340
1110B329C3668300FB10D4B7194E93A7EAAC03FFFFFFFFFFFC9FFF000000161A3342B71440871358
1110DC29C3A28300F810D4CE194EA3A7EAAB70FFFFFFFFFFFCAFFF000000161A3342B71440871370
11111729C3FF8300F510D53E194ECEA7FAAC72DFFFFFFFFFFCAFFF000000161A3342B71440871388
11112329C40E8300F510D51A194EDAA7DAAC047FFFFFFFFFFCAFFF000000161A3342B714408713A0
11114029C4408300EF10D52B194EE3A7CAAD52DFFFFFFFFFFCAFFF000000161A3342B714408713B8
11114E29C44A8300EE10D523194EDFA7FAAE5CDFFFFFFFFFFCAFFF000000161A3342B714408713D0
1110D029C39B8300FA10D4A9194E8BA80AAF03FFFFFFFFFFFCAFFF000000161A3342B7144086F3E8
1110C729C3A68300FF10D489194E7BA81AAE5A6FFFFFFFFFFCAFFF000000161A3342B7144086F300
11112229C3F08300F610D4C5194EADA80AAC5FFFFFFFFFFFFCAFFF000000161A3342B7144086F318
11114329C40E8300ED10D522194EE7A7FAAB3D0FFFFFFFFFFCBFFF000000161A3442B7144086F330
11115229C4258300EB10D528194EEAA7DAAB53BFFFFFFFFFFCAFFF000000161A3442B71440871348
11109329C33A8300F610D4A7194E86A7BAAB03FFFFFFFFFFFCAFFF000000161A3442B7144086F360
1110CE29C38383010510D465194E58A7BAAB47AFFFFFFFFFFCAFFF000000161A3442B7144086F378
1110C229C37683010110D464194E5EA7CAAC5EAFFFFFFFFFFCBFFF000000161A3442B7144086F390
1110E429C3A88300EC10D51F194EE3A7DAAC03FFFFFFFFFFFCBFFF000000161A3442B714408713A8
11119729C4B18300DF10D630194FAFA7CAAD6BBFFFFFFFFFFCBFFF000000161A3442B714408713C0
1110EA29C3A28300E810D552194F15A7CAAD673FFFFFFFFFFCBFFF000000161A3442B714408713D8
11107829C3188300FE10D463194E59A7CAAB03FFFFFFFFFFFCBFFF000000161A3442B7144086F3F0
11109529C34D83010910D47B194E73A7DAAB03FFFFFFFFFFFCBFFF000000161A3442B71440871308
1110B829C3658300FE10D452194E56A7EAAC03FFFFFFFFFFFCAFFF000000161A3442B7144086F320
11112C29C41A8300ED10D4FF194ECAA7CAAC35DFFFFFFFFFFC9FFF000000161A3442B7144086F338
11116929C4598300E610D596194F4CA7CAAD04DFFFFFFFFFFCBFFF000000161A3442B7144086F350
11110329C3DF8300EB10D4D8194EC7A7BAAD2B6FFFFFFFFFFCAFFF000000161A3442B7144086F368
11108329C3218300F410D47F194E72A7AAAC04AFFFFFFFFFFC9FFF000000161A3442B71440870380
110FFA29C2698300FF10D443194E3EA7BAAD68FFFFFFFFFFFC9FFF000000161A3442B71440870398
110FE529C24783010310D448194E3CA7DAAD690FFFFFFFFFFC9FFF000000161A3442B7144086F3B0
11101129C2768300FA10D49B194E7EA7FAAD03FFFFFFFFFFFC9FFF000000161A3442B714408713C8
11108D29C3328300EF10D4EA194EB5A7EAAF367FFFFFFFFFFC9FFF000000161A3442B714408703E0
1110E129C3A98300E810D539194EF9A7CAAE03FFFFFFFFFFFC9FFF000000161A3442B7144086F3F8
1110B729C37F8300EA10D513194ED7A7DAAE03FFFFFFFFFFFCAFFF000000161A3442B71440871310
11103629C2AF8300F610D48B194E7BA7EAAD36FFFFFFFFFFFCAFFF000000161A3442B7144086F328
11101F29C29583010210D46A194E57A80AAC03FFFFFFFFFFFCAFFF000000161A3442B7144086F340
11102C29C2AE83010510D44B194E4FA80AAD03FFFFFFFFFFFC8FFF000000161A3442B7144086F358
11107F29C3058300FD10D496194E7EA7EAAD447FFFFFFFFFFCAFFF000000161A3442B7144086F370
1110DF29C39B8300EA10D4D4194EA8A7CAAD03FFFFFFFFFFFCBFFF000000161A3542B7144086F388
1110F229C3C48300DD10D520194EF7A7DAAD03FFFFFFFFFFFCAFFF000000161A3542B7144086F3A0
1110B029C3608300E810D4CE194EAEA7EAAD68BFFFFFFFFFFCAFFF000000161A3542B7144086F3B8
11104829C2CA8300FD10D489194E75A7DAAC2DCFFFFFFFFFFCAFFF000000161A3542B714408713D0
11105C29C2D983010410D4A3194E88A7DAAC051FFFFFFFFFFCAFFF000000161A3542B7144086F3E8
11107B29C30E8300FD10D49C194E83A7EAAC74EFFFFFFFFFFCAFFF000000161A3542B7144086F300
11109B29C3488300F810D48C194E7DA7DAAC03FFFFFFFFFFFCBFFF000000161A3542B7144086F318
1110A429C3418300F310D4BC194E97A7BAAC051FFFFFFFFFFCAFFF000000161A3542B7144086F330
1110EA29C3AB8300EC10D4CC194EAFA7CAABA1CFFFFFFFFFFC9FFF000000161A3542B7144086F348
1110EF29C39E8300EB10D53B194EF7A7CAAC03FFFFFFFFFFFC9FFF000000161A3542B7144086F360
11108329C3318300F010D4ED194EBDA7BAAC03FFFFFFFFFFFCAFFF000000161A3542B7144086F378
11106629C2F98300FB10D4B0194E92A7CAAB03FFFFFFFFFFFCBFFF000000161A3542B7144086F390
11106029C2F183010410D49D194E7AA7DAAB084FFFFFFFFFFCAFFF000000161A3542B7144086F3A8
11109329C32E8300FB10D4C9194EA5A7EAAC4ABFFFFFFFFFFCAFFF000000161A3542B7144086F3C0
11109F29C34E8300EE10D4D8194EB0A80AAE03FFFFFFFFFFFCAFFF000000161A3542B7144086F3D8
1110BE29C3808300EB10D4D7194EB0A82AAE03FFFFFFFFFFFC9FFF000000161A3542B7144086F3F0
11108429C30C8300EE10D4BA194E9BA82AAC03FFFFFFFFFFFCAFFF000000161A3542B7144086F308
11107329C3008300F710D4BF194EA0A7FAAD03FFFFFFFFFFFCAFFF000000161A3542B7144086F320
11104429C2D683010110D4B5194E97A7CAAD2F3FFFFFFFFFFCAFFF000000161A3542B7144086F338
11108C29C3308300FB10D4CB194EA5A7CAAD0C5FFFFFFFFFFC9FFF000000161A3542B7144086F350
11109F29C34E8300EC10D4D7194EB0A7CAAE07EFFFFFFFFFFC9FFF000000161A3542B7144086F368
1110AC29C3578300EA10D4F5194ECAA7CAAD03FFFFFFFFFFFC9FFF000000161A3542B7144086F380
11107629C3118300F710D4D7194EB1A7DAAC03FFFFFFFFFFFC9FFF000000161A3542B7144086F398
11107729C3118300FF10D4DE194EB5A7EAAC03FFFFFFFFFFFCAFFF000000161A3542B7144086F3B0
11107D29C3148300F410D4E5194EBBA7CAAD0F0FFFFFFFFFFCBFFF000000161A3542B7144086F3C8
11109329C32E8300EE10D4DC194EB6A7DAAC6CFFFFFFFFFFFCAFFF000000161A3642B7144086F3E0
11108229C3208300F510D4E3194EBBA7EAAB03FFFFFFFFFFFCAFFF000000161A3642B7144086F3F8
11108B29C3268300F510D4E5194EBDA7DAAC03FFFFFFFFFFFCBFFF000000161A3642B7144086F310
11108D29C3328300F210D4F2194EC2A7EAAC03FFFFFFFFFFFCBFFF000000161A3642B7144086F328
11109229C3328300F710D4EF194EC6A7EAAC03FFFFFFFFFFFC9FFF000000161A3642B7144086F340
11108A29C3308300FA10D4EF194EC4A7EAAC03FFFFFFFFFFFCAFFF000000161A3642B7144086F358
11109929C33A8300F610D4F3194EC7A7CAAC22BFFFFFFFFFFCBFFF000000161A3642B7144086F370
11109329C33A8300F410D500194ED0A7CAAC143FFFFFFFFFFCBFFF000000161A3642B7144086F388
11109829C33B8300F310D505194ED6A7AAAD324FFFFFFFFFFCAFFF000000161A3642B7144086F3A0
11109C29C3428300EE10D50C194ED7A7BAAB057FFFFFFFFFFCAFFF000000161A3642B7144086F3B8
1110A329C34D8300EE10D504194ED4A7DAAB03FFFFFFFFFFFCBFFF000000161A3642B7144086F3D0
1110A829C34A8300F410D502194ED6A7EAAB199FFFFFFFFFFCAFFF000000161A3642B7144086F3E8
1110A229C3508300FC10D50D194EDDA7DAAB8FDFFFFFFFFFFCBFFF000000161A3642B7144086F300
11109D29C34B83010110D514194EE4A7CAAB03FFFFFFFFFFFCBFFF000000161A3642B7144086F318
1110B329C35F8300F910D511194EDBA7EAAB03FFFFFFFFFFFC9FFF000000161A3642B7144086F330
1110C929C3848300E910D516194EDDA7EAAB03FFFFFFFFFFFCAFFF000000161A3642B7144086F348
1110D929C3AA8300E810D526194EF0A7FAAA03FFFFFFFFFFFCAFFF000000161A3642B7144086F360
1110B429C36C8300F210D513194EE3A7CAAA03FFFFFFFFFFFCAFFF000000161A3642B7144086F378
1110AE29C35B8300FB10D51C194EE8A7DAAA3D7FFFFFFFFFFCAFFF000000161A3642B7144086F390
1110BC29C36F8300FE10D51C194EEAA7BAAA20CFFFFFFFFFFCAFFF000000161A3642B7144086F3A8
1110C029C3768300FB10D51C194EE8A7BAAB03FFFFFFFFFFFC9FFF000000161A3642B7144086F3C0
1110C929C3888300F210D53B194EF3A7CAAC03FFFFFFFFFFFC9FFF000000161A3642B7144086F3D8
1110D229C3968300ED10D573194F08A7BAAD03FFFFFFFFFFFCAFFF000000161A3642B7144086F3F0
1110CE29C38E8300EF10D53D194EFEA7CAAE27EFFFFFFFFFFCAFFF000000161A3642B7144086F308
1110C429C3818300F610D52A194EF7A7CAAD053FFFFFFFFFFCAFFF000000161A3642B7144086F320
1110C629C3838300F810D535194F00A7DAAC18DFFFFFFFFFFCAFFF000000161A3742B7144086F338
1110C829C3838300F610D534194EFEA7EAAB03FFFFFFFFFFFCAFFF000000161A3742B7144086F350
1110CC29C38B8300F710D547194F08A7EAAC03FFFFFFFFFFFCAFFF000000161A3742B7144086F368
1110CA29C3878300F710D54F194F0FA80AAC03FFFFFFFFFFFCAFFF000000161A3742B7144086F380
1110D529C39A8300F410D545194F0AA80AAB03FFFFFFFFFFFCAFFF000000161A3742B7144086F398
1110E729C3A38300F210D53E194F08A7FAAA5B2FFFFFFFFFFC9FFF000000161A3742B7144086F3B0
1110F629C3BA8300EF10D54C194F0DA7FAAB2D5FFFFFFFFFFC9FFF000000161A3742B7144086F3C8
11110B29C3DA8300F110D55C194F19A7DAAC03FFFFFFFFFFFCBFFF000000161A3742B7144086F3E0
11110129C3DB8300FA10D568194F28A7CAAC03FFFFFFFFFFFCAFFF000000161A3742B7144086F3F8
1110FD29C3D78300FE10D56D194F2BA7BAAC03FFFFFFFFFFFCAFFF000000161A3742B7144086F310
11110129C3D78300F710D55B194F1AA7BAAC03FFFFFFFFFFFCBFFF000000161A3742B7144086F328
1110F329C3C68300ED10D56B194F2AA7CAAC03FFFFFFFFFFFCAFFF000000161A3742B7144086F340
1110FD29C3D28300EC10D5A9194F6FA7DAAC3C9FFFFFFFFFFCAFFF000000161A3742B7144086F358
11111529C3F58300F510D5FC194FA1A7CAAB37FFFFFFFFFFFCAFFF000000161A3742B7144086F370
11112029C4088300FB10D61F194FC0A7CAAC05FFFFFFFFFFFCAFFF000000161A3742B7144086F388
11110D29C3E78300F310D5E9194F91A7DAAC03FFFFFFFFFFFCAFFF000000161A3742B7144086F3A0
11111129C3EE8300EE10D5FB194F8EA7EAAB03FFFFFFFFFFFC9FFF000000161A3742B7144086F3B8
11111E29C4018300F810D620194FBEA7FAAB7C4FFFFFFFFFFC9FFF000000161A3742B7144086F3D0
11113429C4168300FF10D651194FDDA7DAAC3A5FFFFFFFFFFCAFFF000000161A3742B7144086F3E8
11113B29C43A8300F910D63C194FD1A79AAC03FFFFFFFFFFFCAFFF000000161A3742B7144086D300
11114A29C43C8300F110D61E194FC1A79AAB03FFFFFFFFFFFCAFFF000000161A3742B7144086F318
11112A29C4138300EA10D646194FE3A7CAAA03FFFFFFFFFFFCAFFF000000161A3742B7144086F330
11113B29C42A8300E910D64F194FDBA7BAAA046FFFFFFFFFFCAFFF000000161A3742B7144086F348
11118129C4938300F710D651194FE2A7BAA92D1FFFFFFFFFFCBFFF000000161A3742B7144086F360
11116329C46B83010510D65F194FEEA7AAAA059FFFFFFFFFFCAFFF000000161A3842B7144086F378
11116A29C47D8300FD10D65E194FE1A7AAAC03FFFFFFFFFFFC9FFF000000161A3842B7144086F390
11118F29C4A48300F110D629194FC1A7AAAC03FFFFFFFFFFFC9FFF000000161A3842B7144086F3A8
1111A929C4AF8300ED10D614194FBDA7AAAA03FFFFFFFFFFFCAFFF000000161A3842B7144086F3C0
11118D29C4A08300EC10D614194FBFA7BAAA71FFFFFFFFFFFCAFFF000000161A3842B7144086F3D8
1111A529C4CB8300F310D62F194FC7A7DAAA03FFFFFFFFFFFCAFFF000000161A3842B7144086F3F0
1111FB29C5428300FC10D63D194FE6A7DAAA03FFFFFFFFFFFCAFFF000000161A3842B7144086F308
1111EC29C51E8300FA10D608194FADA79AA903FFFFFFFFFFFCAFFF000000161A3842B7144086F320
11119329C4B48300F110D611194FB2A78AA803FFFFFFFFFFFCAFFF000000161A3842B7134086F338
1111A929C4C88300F110D60B194FB3A7AAA803FFFFFFFFFFFCAFFF000000161A3842B7134086D350
1111D829C5108300F810D63A194FCEA7CAA8113FFFFFFFFFFCAFFF000000161A3842B7134086F368
1111A929C4D78300F410D626194FC0A7CAA91F9FFFFFFFFFFCAFFF000000161A3842B7134086F380
1111B429C4E18300EF10D61E194FBCA7CAA903FFFFFFFFFFFCAFFF000000161A3842B7144086F398
1111D429C5088300F210D627194FC5A7CAA903FFFFFFFFFFFCAFFF000000161A3842B7144086F3B0
1111D529C50D8300F410D62F194FD2A7CAA93ACFFFFFFFFFFCAFFF000000161A3842B7134086F3C8
1111D129C5018300F510D635194FD7A7CAA9299FFFFFFFFFFCAFFF000000161A3842B7134086F3E0
1111FF29C5428300FB10D66A194FF2A7CAAA03FFFFFFFFFFFCAFFF000000161A3842B7134086F3F8
1111F729C5298300F910D65A194FE4A7CAAB03FFFFFFFFFFFC9FFF000000161A3842B7134086F310
11119F29C4D88300F210D631194FC4A7AAAB03FFFFFFFFFFFC9FFF000000161A3842B7134086F328
11119129C4B98300EF10D63B194FCAA7AAAA03FFFFFFFFFFFC9FFF000000161A3842B7134086F340
11119129C4AF8300EC10D640194FD3A7CAAA03FFFFFFFFFFFCAFFF000000161A3842B7134086F358
1111A329C4C88300EE10D644194FDBA7CAAC03FFFFFFFFFFFC9FFF000000161A3842B7134086F370
1111FC29C5458300FB10D66A194FFAA7BAAB635FFFFFFFFFFC9FFF000000161A3842B7134086F388
11120D29C55983010510D66D194FFDA7AAAA31FFFFFFFFFFFCAFFF000000161A3842B7134086F3A0
1111D429C50E8300FA10D66C194FF9A79AAA2F8FFFFFFFFFFC9FFF000000161A3942B7134086D3B8
1111B329C4F58300EB10D6A3195016A7BAAA05FFFFFFFFFFFCAFFF000000161A3942B7134086F3D0
1111C129C4F98300EA10D72E195069A7CAAA03FFFFFFFFFFFC9FFF000000161A3942B7134086D3E8
1111E929C52F8300F210D6AC19502FA79AAA03FFFFFFFFFFFCAFFF000000161A3942B7134086D300
1111EC29C5318300F710D69A19501EA7AAAA03FFFFFFFFFFFCAFFF000000161A3942B7134086D318
11120229C5448300F710D6C2195034A7AAA9591FFFFFFFFFFC9FFF000000161A3942B7134086D330
11120E29C5548300F510D69E195022A79AA87D5FFFFFFFFFFC9FFF000000161A3942B7134086F348
11120429C56A8300F410D6B819502AA79AA93B3FFFFFFFFFFCAFFF000000161A3942B7134086D360
11122829C5818300F610D6BF195036A7AAA803FFFFFFFFFFFCAFFF000000161A3942B7134086F378
11123F29C59A8300F510D6BB195038A7CAA903FFFFFFFFFFFCBFFF000000161A3942B7134086D390
1111E929C5488300F210D6AA195032A7CAAA03FFFFFFFFFFFCBFFF000000161A3942B7134086F3A8
1111F729C5448300F010D69D19502DA7AAAB046FFFFFFFFFFCAFFF000000161A3942B7134086F3C0
11123E29C59D8300F410D6BB19503DA7BAAA050FFFFFFFFFFCAFFF000000161A3942B7134086F3D8
11124429C5B68300F910D6E9195059A7CAAA03FFFFFFFFFFFCBFFF000000161A3942B7134086D3F0
11122029C5808300F610D6D619504DA7CAA903FFFFFFFFFFFC9FFF000000161A3942B7134086F308
11124429C59C8300EF10D6E319504AA7CAA9334FFFFFFFFFFC9FFF000000161A3942B7134086D320
11125329C5B38300F110D70719507FA7DAA9065FFFFFFFFFFCAFFF000000161A3942B7134086D338
11128329C6038300FB10D716195085A7FAAA726FFFFFFFFFFCAFFF000000161A3942B7134086D350
11125629C5CA8300FA10D705195075A7FAAB03FFFFFFFFFFFCAFFF000000161A3942B7134086D368
11122A29C5988300EF10D6FE19506CA7BAA903FFFFFFFFFFFCAFFF000000161A3942B7134086F380
11125B29C5DE8300EB10D70919507BA79AA703FFFFFFFFFFFC9FFF000000161A3942B7134086D398
11127A29C6008300F210D6E219505CA78AA803FFFFFFFFFFFC9FFF000000161A3942B7134086F3B0
11127029C5F18300F910D6B2195034A79AA903FFFFFFFFFFFCCFFF000000161A3942B7134086F3C8
11128329C60E8300FE10D665194FFFA7AAA9115FFFFFFFFFFCAFFF000000161A3942B7134086D3E0
11125F29C5E98300F710D6CC195046A7CAA920CFFFFFFFFFFCAFFF000000161A3A42B7134086D3F8
11128C29C6138300EB10D6BE195046A7BAA903FFFFFFFFFFFCBFFF000000161A3A42B7134086D310
11127D29C6058300EA10D6BE19503EA79AA803FFFFFFFFFFFCBFFF000000161A3A42B7134086D328
11126729C5E68300F310D6D219504CA79AA603FFFFFFFFFFFCBFFF000000161A3A42B7134086D340
11126229C5E18300F810D6DE195058A79AA703FFFFFFFFFFFCBFFF000000161A3A42B7134086D358
11125B29C5D98300FB10D70D195077A79AA89F1FFFFFFFFFFCBFFF000000161A3A42B7134086D370
11126F29C5EF8300FB10D6E0195059A7AAA8350FFFFFFFFFFCBFFF000000161A3A42B7134086D388
11128929C6098300F510D6C2195040A7DAA8069FFFFFFFFFFCAFFF000000161A3A42B7134086D3A0
11128729C6118300EF10D6C8195042A7CAA903FFFFFFFFFFFC9FFF000000161A3A42B7134086D3B8
1112A029C63F8300ED10D6C8195053A7CAA903FFFFFFFFFFFCAFFF000000161A3A42B7134086D3D0
1112AE29C6458300EE10D72D195086A79AA903FFFFFFFFFFFCAFFF000000161A3A42B7134086F3E8
1112AD29C63B8300F410D72D19508FA79AAA1FBFFFFFFFFFFCAFFF000000161A3A42B7134086D300
11127F29C60E8300FA10D7731950C9A78AAA38AFFFFFFFFFFCAFFF000000161A3A42B7134086F318
11127B29C60D8300FB10D75D1950B7A78AAC03FFFFFFFFFFFCAFFF000000161A3A42B7134086D330
11128429C6178300F610D72B195092A78AAC051FFFFFFFFFFCAFFF000000161A3A42B7134086D348
11129129C6298300F110D7551950B3A78AAA040FFFFFFFFFFCBFFF000000161A3A42B7134086D360
1112A629C6308300EE10D7A81950F2A79AAA03FFFFFFFFFFFCAFFF000000161A3A42B7134086D378
1112C229C6648300F110D7CE19510EA7AAA803FFFFFFFFFFFCAFFF000000161A3A42B7134086D390
1112F029C6A48300F710D77B1950D1A7BAA803FFFFFFFFFFFCAFFF000000161A3A42B7134086E3A8
1112BC29C66F8300F610D7611950D2A79AA92B3FFFFFFFFFFCAFFF000000161A3A42B7134086D3C0
1112A529C6518300F210D7541950A1A79AA9492FFFFFFFFFFCAFFF000000161A3A42B7134086D3D8
1112BD29C65D8300F610D725195091A7AAA803FFFFFFFFFFFCAFFF000000161A3A42B7134086D3F0
1112C629C6708300F910D7401950B4A79AA803FFFFFFFFFFFC9FFF000000161A3A42B7134086D308
1112AB29C64B8300F310D7541950BCA78AA903FFFFFFFFFFFCAFFF000000161A3A42B7134086D320
1112B329C6588300EC10D7821950D7A77AA803FFFFFFFFFFFC9FFF000000161A3A42B7134086D338
1112BF29C66D8300F010D7991950E3A78AA803FFFFFFFFFFFC9FFF000000161A3B42B7134086D350
1112B329C65C8300F310D7AA1950FDA78AA8381FFFFFFFFFFCAFFF000000161A3B42B7134086D368
1112CB29C65F8300F610D7AF1950FDA79AA7070FFFFFFFFFFCAFFF000000161A3B42B7134086D380
1112BA29C6578300F910D79E1950F4A78AA703FFFFFFFFFFFCAFFF000000161A3B42B7124086D398
1112A429C6488300FA10D79D1950EBA77AA703FFFFFFFFFFFCAFFF000000161A3B42B7124086D3B0
1112B129C6508300F710D77F1950D9A77AA803FFFFFFFFFFFC9FFF000000161A3B42B7134086D3C8
11130829C6A18300F110D7981950E8A7AAA83F6FFFFFFFFFFC9FFF000000161A3B42B7134086D3E0
1112BA29C6648300EA10D7931950E6A7BAA8626FFFFFFFFFFCAFFF000000161A3B42B7124086D3F8
11130029C6B28300EB10D7AE1950FBA7BAA703FFFFFFFFFFFC9FFF000000161A3B42B7124086D310
1112E429C69D8300F710D79D1950F0A79AA603FFFFFFFFFFFC9FFF000000161A3B42B7124086D328
1112E729C69B8300FD10D7951950EFA79AA603FFFFFFFFFFFCAFFF000000161A3B42B7124086D340
1112DA29C6928300FB10D77E1950DEA79AA603FFFFFFFFFFFCBFFF000000161A3B42B7124086D358
1112DE29C6948300F910D7851950E3A79AA703FFFFFFFFFFFCAFFF000000161A3B42B7124086D370
1112F929C6AF8300EE10D77B1950D8A79AA84F9FFFFFFFFFFCAFFF000000161A3B42B7124086D388
11131529C6CA8300E910D78E1950C5A79AA8088FFFFFFFFFFC9FFF000000161A3B42B7124086D3A0
1112F029C6A78300F510D79F1950F2A7AAA803FFFFFFFFFFFC9FFF000000161A3B42B7124086D3B8
1112FD29C6B08300FB10D7AD1950FBA79AA8051FFFFFFFFFFCAFFF000000161A3B42B7124086D3D0
1112E929C6B78300F310D7AF1950F9A7AAA703FFFFFFFFFFFCAFFF000000161A3B42B7124086D3E8
11132729C6F18300F110D7BB1950FFA78AA603FFFFFFFFFFFCAFFF000000161A3B42B7124086D300
11131A29C6EA8300F710D7B5195107A76AA703FFFFFFFFFFFCAFFF000000161A3B42B7124086D318
11132F29C7058300F710D7BD195108A77AA803FFFFFFFFFFFCAFFF000000161A3B42B7124086D330
11131429C6FB8300F510D7A71950FCA77AA96A0FFFFFFFFFFCAFFF000000161A3B42B7124086D348
11130F29C6E28300F310D7C4195114A7AAA90A2FFFFFFFFFFCAFFF000000161A3B42B7124086D360
11131629C6EA8300EC10D7CE195112A7BAA903FFFFFFFFFFFC9FFF000000161A3B42B7124086D378
11132A29C7038300EC10D7D9195122A79AA803FFFFFFFFFFFC6FFF000000161A3B42B7124086D390
11133F29C7178300F710D7E4195129A79AA703FFFFFFFFFFFC8FFF000000161A3B42B7124086D3A8
11133729C70A8300FA10D7E619512BA77AA703FFFFFFFFFFFC9FFF000000161A3B42B7124086D3C0
11132329C7018300F710D7E2195126A77AA6041FFFFFFFFFFCAFFF000000161A3B42B7124086D3D8
11133429C70C8300FA10D7D5195122A76AA72B8FFFFFFFFFFCAFFF000000161A3C42B7124086D3F0
11132629C7048300F410D7CB195114A77AA803FFFFFFFFFFFCAFFF000000161A3C42B7124086D308
11132F29C7218300EC10D7B1195104A7AAA703FFFFFFFFFFFCAFFF000000161A3C42B7124086D320
11135829C7418300ED10D7D9195115A7AAA703FFFFFFFFFFFCBFFF000000161A3C42B7124086D338
11136129C7508300F110D7D919511EA7AAA803FFFFFFFFFFFCBFFF000000161A3C42B7124086D350
11136529C7588300F610D7DB195121A7AAA8944FFFFFFFFFFCAFFF000000161A3C42B7124086D368
11137529C76E8300FF10D7E419512BA79AA80CDFFFFFFFFFFC9FFF000000161A3C42B7124086D380
11136929C7598300FD10D7D519511CA78AA803FFFFFFFFFFFCAFFF000000161A3C42B7124086D398
11135D29C7518300F210D7CE195116A77AA74B7FFFFFFFFFFCAFFF000000161A3C42B7124086D3B0
11134829C7388300E910D7991950EAA77AA708BFFFFFFFFFFCAFFF000000161A3C42B7124086D3C8
11133C29C7318300E710D7C6195113A7AAA703FFFFFFFFFFFCAFFF000000161A3C42B7124086D3E0
11136E29C7648300EF10D74E1950B6A7AAA7066FFFFFFFFFFCAFFF000000161A3C42B7124086D3F8
11135F29C74C8300FB10D6EB195072A78AA851AFFFFFFFFFFCAFFF000000161A3C42B7124086D310
11135B29C73B83010410D75C1950BBA76AA703FFFFFFFFFFFCAFFF000000161A3C42B7124086D328
11134E29C7338300FE10D75B1950C4A77AA804AFFFFFFFFFFCAFFF000000161A3C42B7124086D340
11135729C73C8300EE10D74B1950B4A78AA9046FFFFFFFFFFC9FFF000000161A3C42B7124086D358
11133D29C71F8300E410D7B7195103A77AA903FFFFFFFFFFFCAFFF000000161A3C42B7124086D370
11135329C73C8300EC10D7A11950F9A76AA803FFFFFFFFFFFCBFFF000000161A3C42B7124086D388
11133129C71A8300F810D7451950B2A77AA903FFFFFFFFFFFCBFFF000000161A3C42B7124086D3A0
1112D729C69B8300F810D73C1950A9A79AA90A0FFFFFFFFFFCAFFF000000161A3C42B7124086D3B8
11127B29C6588300F710D733195094A7BAA86BCFFFFFFFFFFCAFFF000000161A3C42B7124086D3D0
1112BF29C67F8300F910D6F4195069A7EAA703FFFFFFFFFFFCAFFF000000161A3C42B7124086D3E8
1112EC29C6B18300F610D6FF195079A7DAA603FFFFFFFFFFFCAFFF000000161A3C42B7124086D300
11132429C6FC8300F010D69E19503DA7AAA603FFFFFFFFFFFCBFFF000000161A3C42B7124086D318
11132229C6F48300F010D67819500CA78AA803FFFFFFFFFFFCAFFF000000161A3C42B7124086D330
11131F29C6F68300F010D669195005A77AA903FFFFFFFFFFFCAFFF000000161A3C42B7114086D348
1112D829C68C8300F310D665194FFBA79AA91E6FFFFFFFFFFCAFFF000000161A3C42B7114086D360
11126029C5EB8300F810D65E194FF6A79AAA145FFFFFFFFFFCAFFF000000161A3C42B7114086D378
11129229C6368300F810D67A19500AA78AAA420FFFFFFFFFFCBFFF000000161A3C42B7114086D390
1112AC29C6598300F310D6A3195025A78AA9087FFFFFFFFFFC8FFF000000161A3D42B7114086D3A8
11127D29C62A8300ED10D681195014A78AA903FFFFFFFFFFFCBFFF000000161A3D42B7114086D3C0
11125729C5E08300F310D658194FF7A76AA912CFFFFFFFFFFCBFFF000000161A3D42B7114086D3D8
11125C29C5E58300FA10D675195004A77AA8921FFFFFFFFFFCAFFF000000161A3D42B7114086D3F0
11129029C6208300F510D687195011A77AA803FFFFFFFFFFFCAFFF000000161A3D42B7114086D308
11125D29C5E08300F110D668195000A79AA803FFFFFFFFFFFCAFFF000000161A3D42B7114086D320
11125729C5CE8300F210D64A194FE9A79AA903FFFFFFFFFFFCAFFF000000161A3D42B7114086D338
11126929C5E88300F310D657194FFDA77AA903FFFFFFFFFFFCAFFF000000161A3D42B7114086D350
11125C29C5E78300F410D648194FECA7AAAB03FFFFFFFFFFFCAFFF000000161A3D42B7114086D368
11127129C5FB8300FA10D63C194FD6A7CAAB38DFFFFFFFFFFCAFFF000000161A3D42B7114086D380
11126F29C6178300F610D666194FF3A7AAAA22CFFFFFFFFFFC9FFF000000161A3D42B7114086D398
11128729C6178300EF10D66C195001A79AAB03FFFFFFFFFFFC9FFF000000161A3D42B7114086D3B0
11125E29C5D48300F110D69819501EA78AAC03FFFFFFFFFFFCAFFF000000161A3D42B7114086D3C8
11122F29C5A78300F510D67319500BA77AAA03FFFFFFFFFFFC9FFF000000161A3D42B7114086D3E0
11123829C5B98300F210D684195010A78AAA512FFFFFFFFFFCBFFF000000161A3D42B7114086D3F8
11125029C5B48300F210D674194FFFA7BAAA09BFFFFFFFFFFCAFFF000000161A3D42B7114086D310
11125129C5D68300FA10D664194FF8A7AAAA183FFFFFFFFFFC9FFF000000161A3D42B7114086D328
11126029C5F18300F810D677195006A79AAA03FFFFFFFFFFFCAFFF000000161A3D42B7114086D340
1112D029C6608300F010D69A195016A7AAA803FFFFFFFFFFFC9FFF000000161A3D42B7114086D358
11125229C5DD8300F210D673195003A7AAA903FFFFFFFFFFFCAFFF000000161A3D42B7114086D370
11128029C6078300F110D67A19500CA79AAA03FFFFFFFFFFFCAFFF000000161A3D42B7114086D388
11127B29C6068300F010D6A219502DA7BAAA578FFFFFFFFFFCAFFF000000161A3D42B7114086D3A0
11127E29C5FB8300FA10D6AC195035A7BAA931EFFFFFFFFFFCAFFF000000161A3D42B7114086D3B8
11128229C6188300FB10D698195027A7BAA803FFFFFFFFFFFCAFFF000000161A3D42B7114086D3D0
11129929C63B8300F110D6C019503CA7BAA903FFFFFFFFFFFCAFFF000000161A3D42B7114086D3E8
11127F29C6198300EF10D70C19507DA7BAA803FFFFFFFFFFFCAFFF000000161A3D42B7114086D300
11124729C5C58300F410D738195092A7BAA803FFFFFFFFFFFC9FFF000000161A3D42B7114086D318
11124429C5C18300F510D706195078A79AA703FFFFFFFFFFFCAFFF000000161A3D42B7114086D330
11125729C5DA8300F510D6F8195069A79AA740AFFFFFFFFFFCAFFF000000161A3D42B7114086D348
11126529C5EE8300F410D6E319505BA78AA8535FFFFFFFFFFCAFFF000000161A3D42B7114086D360
11127D29C6048300F010D6DE195053A7AAAA0A2FFFFFFFFFFCAFFF000000161A3D42B7114086D378
11127729C5FF8300F110D6CB195046A79AA903FFFFFFFFFFFC9FFF000000161A3D42B7114086D390
11128529C6098300FA10D69C195022A79AAA03FFFFFFFFFFFC9FFF000000161A3E42B7114086D3A8
11129429C61B8300F810D6CA195043A79AA903FFFFFFFFFFFCAFFF000000161A3E42B7114086D3C0
11129A29C6328300EE10D6B919503EA77AA803FFFFFFFFFFFCBFFF000000161A3E42B7114086D3D8
11128729C61C8300EF10D69E19502BA78AA9040FFFFFFFFFFCAFFF000000161A3E42B7114086D3F0
11127429C6018300F510D69119501EA78AA903FFFFFFFFFFFC9FFF000000161A3E42B7114086D308
11126D29C5FC8300F610D668195004A78AAA03FFFFFFFFFFFCAFFF000000161A3E42B7114086D320
11124C29C5CD8300F610D66C194FF9A7AAAB03FFFFFFFFFFFCAFFF000000161A3E42B7114086D338
11125A29C5D68300F410D679195006A7BAAB03FFFFFFFFFFFC9FFF000000161A3E42B7114086D350
11128129C6078300F010D693195020A7BAAB6BEFFFFFFFFFFCBFFF000000161A3E42B7114086D368
11128629C6028300F010D665194FF0A79AAB03FFFFFFFFFFFCAFFF000000161A3E42B7114086D380
11125C29C5E58300F410D67019500AA78AAA132FFFFFFFFFFCAFFF000000161A3E42B7104086D398
11124329C59B8300F810D642194FE7A78AAAA09FFFFFFFFFFCAFFF000000161A3E42B7104086D3B0
11127B29C5EE8300F310D68E195017A78AAA569FFFFFFFFFFCAFFF000000161A3E42B7104086D3C8
11126329C5D08300EF10D6BD195039A78AAA0F3FFFFFFFFFFCAFFF000000161A3E42B7104086D3E0
11122229C5898300F710D6D2195048A78AAA8BFFFFFFFFFFFCAFFF000000161A3E42B7104086D3F8
11123C29C5AE8300FA10D69E195023A78AAA03FFFFFFFFFFFCAFFF000000161A3E42B7104086D310
11123229C59F8300F110D69F195022A7BAAA03FFFFFFFFFFFCAFFF000000161A3E42B7104086C328
11124D29C5BC8300EB10D6A319501FA7AAAA7C4FFFFFFFFFFCAFFF000000161A3E42B7104086D340
11123C29C5A28300EF10D677194FFEA78AA903FFFFFFFFFFFC9FFF000000161A3E42B7104086D358
11123A29C5AA8300FA10D685195010A78AA803FFFFFFFFFFFC9FFF000000161A3E42B7104086D370
11123E29C5AC8300FF10D68A195015A7BAA95F3FFFFFFFFFFC9FFF000000161A3E42B7104086D388
11124D29C5C08300F910D68C195018A7BAAA03FFFFFFFFFFFC9FFF000000161A3E42B7104086D3A0
11125629C5CB8300EE10D699195021A7AAAA03FFFFFFFFFFFC9FFF000000161A3E42B7104086D3B8
11126529C5E48300E710D6AE195035A7AAA94A6FFFFFFFFFFCAFFF000000161A3E42B7104086D3D0
11126029C5D28300EA10D6CB19504AA7AAA903FFFFFFFFFFFCAFFF000000161A3E42B7104086D3E8
11125229C5C68300F610D6DC195054A7DAA903FFFFFFFFFFFCAFFF000000161A3E42B7104086D300
11124D29C5C583010010D6F619506CA7CAAA3EFFFFFFFFFFFCBFFF000000161A3E42B7104086D318
11125C29C5D88300FF10D6ED195065A7DAA94A0FFFFFFFFFFCBFFF000000161A3E42B7104086D330
11126A29C5ED8300F410D6EF195066A7AAA90A0FFFFFFFFFFCAFFF000000161A3E42B7104086D348
11128629C6188300EA10D6D0195054A76AA8674FFFFFFFFFFC9FFF000000161A3E42B7104086D360
11129529C6268300E910D6F1195069A77AA8740FFFFFFFFFFCAFFF000000161A3F42B7104086D378
11129429C6278300F310D72D195097A79AA803FFFFFFFFFFFCBFFF000000161A3F42B7104086D390
11129029C6228300F610D72E195096A78AA8568FFFFFFFFFFCAFFF000000161A3F42B7104086D3A8
11128F29C6238300F610D71A195084A79AA86C1FFFFFFFFFFCAFFF000000161A3F42B7104086D3C0
11129A29C63B8300F810D711195081A78AA803FFFFFFFFFFFCAFFF000000161A3F42B7104086D3D8
1112CD29C66B8300F710D704195076A79AA741CFFFFFFFFFFCAFFF000000161A3F42B7104086D3F0
1112A529C64B8300F210D70B19507CA7AAA75EFFFFFFFFFFFCBFFF000000161A3F42B7104086D308
11129929C63E8300EE10D70719507AA78AA833BFFFFFFFFFFCBFFF000000161A3F42B7104086D320
1112B129C6548300F010D70419507BA7AAA85ACFFFFFFFFFFCBFFF000000161A3F42B7104086D338
11129D29C6378300F710D704195078A7BAA803FFFFFFFFFFFC9FFF000000161A3F42B7104086D350
11129729C6428300F910D6F919506EA79AA92D7FFFFFFFFFFC7FFF000000161A3F42B7104086D368
1112A329C63F8300F410D705195077A78AA9538FFFFFFFFFFCBFFF000000161A3F42B7104086D380
1112A829C6488300ED10D71A19508CA78AA803FFFFFFFFFFFCAFFF000000161A3F42B7104086D398
1112B829C6578300EE10D716195088A77AA8273FFFFFFFFFFCBFFF000000161A3F42B7104086D3B0
1112AC29C64C8300F810D722195095A78AA74A7FFFFFFFFFFCAFFF000000161A3F42B7104086D3C8
1112AF29C64E8300FE10D71219508AA79AA803FFFFFFFFFFFC9FFF000000161A3F42B7104086D3E0
1112AA29C64B8300F510D723195091A77AA821CFFFFFFFFFFC9FFF000000161A3F42B7104086D3F8
1112B829C65A8300EB10D73519509FA77AA88D4FFFFFFFFFFC9FFF000000161A3F42B7104086D310
1112BE29C65D8300EC10D7371950A4A78AA941EFFFFFFFFFFC9FFF000000161A3F42B7104086D328
1112AB29C64D8300F210D73C1950A4A7AAAB03FFFFFFFFFFFC9FFF000000161A3F42B7104086D340
1112A429C6418300F810D72A19509BA7BAAB1BCFFFFFFFFFFCAFFF000000161A3F42B7104086D358
1112A629C6408300FD10D72D19509EA7BAA938DFFFFFFFFFFCBFFF000000161A3F42B7104086D370
1112AA29C6488300F610D72C19509BA7CAA803FFFFFFFFFFFCBFFF000000161A3F42B7104086D388
1112B529C65D8300EF10D72C195098A7DAA7169FFFFFFFFFFC9FFF000000161A3F42B7104086D3A0
1112BB29C6608300F310D725195095A7AAA82FCFFFFFFFFFFCAFFF000000161A3F42B7104086D3B8
1112B329C65C8300F410D728195094A7AAAA03FFFFFFFFFFFCAFFF000000161A3F42B7104086D3D0
1112C229C6708300EE10D72B195095A7AAA90BBFFFFFFFFFFCAFFF000000161A3F42B7104086D3E8
1112C729C6738300EE10D72B195097A7CAA9B26FFFFFFFFFFC9FFF000000161A3F42B7104086D300
1112AF29C6538300F810D727195094A7BAA911AFFFFFFFFFFCAFFF000000161A3F42B7104086D318
1112B029C65583010110D71E19508FA79AA90A0FFFFFFFFFFCAFFF000000161A4042B7104086D330
1112B329C65B8300FF10D72A195097A79AA9A72FFFFFFFFFFCAFFF000000161A4042B7104086D348
1112BD29C6638300F110D72B195096A79AAB112FFFFFFFFFFC9FFF000000161A4042B7104086D360
1112C729C6788300E510D73919509CA79AA9082FFFFFFFFFFC9FFF000000161A4042B7104086D378
1112C329C66C8300E910D73119509BA79AA996FFFFFFFFFFFC9FFF000000161A4042B7104086D390
1112BD29C6678300F410D73A1950A3A7AAA9104FFFFFFFFFFC9FFF000000161A4042B7104086D3A8
1112BA29C6668300FF10D73D1950A6A7BAA8044FFFFFFFFFFCAFFF000000161A4042B7104086D3C0
1112BF29C66A8300FF10D73F1950A7A7AAA8828FFFFFFFFFFC9FFF000000161A4042B7104086D3D8
1112CE29C67C8300F710D7481950AFA7AAA90F7FFFFFFFFFFCAFFF000000161A4042B7104086D3F0
1112D629C68C8300EF10D73C1950AAA79AA87C0FFFFFFFFFFC9FFF000000161A4042B7104086D308
1112D829C6908300ED10D73E1950A9A7AAA90EFFFFFFFFFFFC8FFF000000161A4042B7104086D320
1112D729C6878300EC10D73A1950A6A79AAA03FFFFFFFFFFFC9FFF000000161A4042B7104086D338
1112CD29C6798300EE10D73F1950A7A79AA9711FFFFFFFFFFCAFFF000000161A4042B7104086D350
1112C729C6788300F710D73B1950A3A78AA90E2FFFFFFFFFFC9FFF000000161A4042B7104086D368
1112CD29C67B8300FB10D73919509EA7CAA803FFFFFFFFFFFC9FFF000000161A4042B7104086D380
1112CF29C6848300F910D73419509CA7AAA75E7FFFFFFFFFFC9FFF000000161A4042B7104086D398
1112EF29C6A38300F310D72F19509EA79AA80CAFFFFFFFFFFC8FFF000000161A4042B7104086D3B0
1112D329C68F8300E810D75E1950C2A78AA903FFFFFFFFFFFC8FFF000000161A4042B7104086D3C8
1112D629C68F8300E910D7651950C5A79AA9525FFFFFFFFFFCBFFF000000161A4042B7104086D3E0
1112E429C69C8300FB10D74D1950B3A79AAA0B9FFFFFFFFFFCBFFF000000161A4042B7104086B3F8
1112DF29C6958300FE10D7521950B4A7DAA903FFFFFFFFFFFC9FFF000000161A4042B7104086D310
1112DA29C6948300F010D7531950B7A7CAA844BFFFFFFFFFFC9FFF000000161A4042B70F4086D328
1112D229C68C8300E910D7591950BBA79AA90A6FFFFFFFFFFCAFFF000000161A4042B70F4086D340
1112DF29C6998300EE10D74F1950B6A77AAA03FFFFFFFFFFFCAFFF000000161A4042B70F4086D358
1112DF29C69A8300F710D74A1950B0A78AAA491FFFFFFFFFFC9FFF000000161A4042B70F4086B370
1112DC29C69B8300FB10D7441950ACA79AA80ADFFFFFFFFFFC9FFF000000161A4042B70F4086D388
1112E829C6A08300F610D7511950B6A78AA803FFFFFFFFFFFCAFFF000000161A4142B7104086D3A0
1112EB29C6A38300ED10D7521950B5A79AA854FFFFFFFFFFFCAFFF000000161A4142B70F4086C3B8
1112DB29C6948300E810D7521950B7A7CAA80C0FFFFFFFFFFCBFFF000000161A4142B70F4086D3D0
1112DE29C69B8300ED10D7431950ACA7BAA903FFFFFFFFFFFC9FFF000000161A4142B70F4086D3E8
1112E229C69D8300F910D74A1950B1A77AA84CFFFFFFFFFFFC9FFF000000161A4142B70F4086B300
1112EB29C6A88300FF10D7501950B6A76AA80B5FFFFFFFFFFCAFFF000000161A4142B70F4086D318
1112E429C6A08300FA10D7521950B4A77AA903FFFFFFFFFFFCAFFF000000161A4142B70F4086D330
1112E829C6AB8300F010D74A1950B0A77AA7633FFFFFFFFFFC9FFF000000161A4142B70F4086D348
1112DC29C69C8300EB10D74C1950B3A76AA70D6FFFFFFFFFFC9FFF000000161A4142B70F4086D360
1112ED29C6A88300ED10D7541950B7A79AA603FFFFFFFFFFFC9FFF000000161A4142B70F4086D378
1112F129C6B28300F210D75F1950C2A79AA739DFFFFFFFFFFC9FFF000000161A4142B70F4086D390
1112E829C6A88300F910D7611950C4A79AA7099FFFFFFFFFFCAFFF000000161A4142B70F4086B3A8
1112E829C6AB8300F710D76C1950C8A7AAA703FFFFFFFFFFFCAFFF000000161A4142B70F4086D3C0
1112F429C6AF8300F410D7AA1950DAA7AAA603FFFFFFFFFFFC9FFF000000161A4142B70F4086D3D8
1112F829C6B98300F810D7731950D4A79AA503FFFFFFFFFFFC9FFF000000161A4142B70F4086D3F0
1112FD29C6C28300F510D7721950D0A79AA603FFFFFFFFFFFC9FFF000000161A4142B70F4086B308
1112F029C6B98300EB10D7791950D0A78AA61C3FFFFFFFFFFCAFFF000000161A4142B70F4086D320
1112F629C6C18300ED10D77C1950D9A77AA6069FFFFFFFFFFCAFFF000000161A4142B70F4086D338
11130429C6D08300F610D7821950DFA76AA703FFFFFFFFFFFCBFFF000000161A4142B70F4086B350
11130129C6CC8300F910D78A1950E0A7AAA703FFFFFFFFFFFCBFFF000000161A4142B70F4086D368
1112FA29C6C78300F610D7911950E0A7BAA803FFFFFFFFFFFC9FFF000000161A4142B70F4086D380
1112FC29C6BF8300F110D7941950F1A78AA8325FFFFFFFFFFC9FFF000000161A4142B70F4086D398
1112EE29C6B98300F010D7B21950F4A77AA8AF0FFFFFFFFFFCAFFF000000161A4142B70F4086C3B0
11130029C6CA8300F710D7891950EAA78AA80DDFFFFFFFFFFCAFFF000000161A4142B70F4086D3C8
11130B29C6D08300F910D7931950E9A78AA803FFFFFFFFFFFCBFFF000000161A4142B70F4086D3E0
11130029C6D18300F210D7841950DEA77AA903FFFFFFFFFFFCAFFF000000161A4242B70F4086B3F8
1112F429C6BF8300ED10D78B1950E5A77AA903FFFFFFFFFFFCAFFF000000161A4242B70F4086C310
11131029C6D88300EF10D7951950ECA79AA903FFFFFFFFFFFCBFFF000000161A4242B70F4086C328
11131029C6DD8300F810D7A51950FAA78AA83ECFFFFFFFFFFCAFFF000000161A4242B70F4086D340
1112FD29C6C883010210D7BB19510BA7AAA70A4FFFFFFFFFFC9FFF000000161A4242B70F4086B358
11131829C6EC8300FC10D7A91950FBA7AAA703FFFFFFFFFFFC8FFF000000161A4242B70F4086B370
11130129C6D08300E710D7A21950F8A79AA803FFFFFFFFFFFC9FFF000000161A4242B70F4086B388
11130929C6DD8300E110D79B1950F4A77AA703FFFFFFFFFFFC9FFF000000161A4242B70F4086B3A0
11130829C6D88300F210D7A71950FDA76AA603FFFFFFFFFFFC9FFF000000161A4242B70F4086B3B8
11130B29C6DF83010310D7C5195112A76AA603FFFFFFFFFFFC9FFF000000161A4242B70F4086B3D0
11131129C6E38300FF10D7B5195106A79AA704AFFFFFFFFFFC9FFF000000161A4242B70F4086C3E8
11131F29C6FA8300F110D79C1950F1A79AA803FFFFFFFFFFFC9FFF000000161A4242B70F4086B300
11132029C7008300EA10D7921950EDA78AA866BFFFFFFFFFFC9FFF000000161A4242B70F4086D318
11132029C6FC8300EC10D79A1950F3A76AA90E6FFFFFFFFFFC9FFF000000161A4242B70F4086C330
11131E29C6F68300F410D7AA1950FFA78AA803FFFFFFFFFFFCAFFF000000161A4242B70F4086D348
11132929C70C8300FB10D7B2195109A79AA8646FFFFFFFFFFCAFFF000000161A4242B70F4086D360
11133E29C7278300F810D7A61950FEA7AAA80E3FFFFFFFFFFCAFFF000000161A4242B70F4086B378
11134429C72E8300EE10D7921950EEA78AA803FFFFFFFFFFFCAFFF000000161A4242B70F4086B390
11133829C7278300EC10D7911950EEA78AA803FFFFFFFFFFFC9FFF000000161A4242B70F4086B3A8
11134A29C7398300F610D7A21950F5A77AA803FFFFFFFFFFFC9FFF000000161A4242B70F4086D3C0
11134529C7338300F810D7AE195101A77AA903FFFFFFFFFFFCAFFF000000161A4242B70F4086B3D8
11133D29C7298300F310D7A31950FAA78AA803FFFFFFFFFFFCAFFF000000161A4242B70F4086B3F0
11134529C72F8300F210D7A01950F8A77AA82B5FFFFFFFFFFC9FFF000000161A4242B70F4086D308
11135229C7358300F310D7A61950F8A77AA803FFFFFFFFFFFC9FFF000000161A4242B70F4086B320
11135229C7408300F410D7991950F5A77AA703FFFFFFFFFFFCAFFF000000161A4342B70F4086B338
11134229C7348300F510D7AC1950F9A78AA703FFFFFFFFFFFCAFFF000000161A4342B70F4086B350
11133E29C72B8300F410D7AB1950FDA77AA603FFFFFFFFFFFCAFFF000000161A4342B70F4086B368
11133A29C7258300F010D7941950FBA7BAA78DEFFFFFFFFFFCAFFF000000161A4342B70F4086B380
11133C29C7278300EF10D7A41950FBA7BAA7125FFFFFFFFFFCAFFF000000161A4342B70F4086B398
11134229C72E8300F410D7B1195104A7AAA803FFFFFFFFFFFC9FFF000000161A4342B70F4086B3B0
11134729C7328300F810D7AA1950FAA79AA703FFFFFFFFFFFCAFFF000000161A4342B70F4086B3C8
11134929C7328300F610D7A11950FAA79AA803FFFFFFFFFFFCAFFF000000161A4342B70F4086B3E0
11134F29C73C8300F310D7A61950FDA79AA803FFFFFFFFFFFCAFFF000000161A4342B70F4086B3F8
11134529C7338300EE10D79F1950F9A77AA8044FFFFFFFFFFCAFFF000000161A4342B70F4086B310
11134D29C73C8300ED10D7A01950F7A78AA8527FFFFFFFFFFC9FFF000000161A4342B70F4086B328
11135B29C74E8300F610D79D1950F6A78AA903FFFFFFFFFFFCAFFF000000161A4342B70F4086B340
11135A29C74C8300FB10D7A11950F6A78AA9047FFFFFFFFFFCAFFF000000161A4342B70F4086B358
11135829C7428300F410D79C1950F5A77AA8045FFFFFFFFFFC9FFF000000161A4342B70F4086B370
11135429C7478300F010D79C1950F3A78AA703FFFFFFFFFFFC9FFF000000161A4342B70F4086B388
11134E29C7468300F410D7A11950F7A76AA703FFFFFFFFFFFC9FFF000000161A4342B70F4086B3A0
11134E29C7418300F610D7A11950F6A74AA703FFFFFFFFFFFC9FFF000000161A4342B70F4086B3B8
11134629C7358300F310D7A11950F7A76AA6064FFFFFFFFFFC9FFF000000161A4342B70F4086B3D0
11134B29C73B8300EF10D7A11950F7A78AA56D4FFFFFFFFFFCBFFF000000161A4342B70F4086B3E8
11135129C7408300EF10D7A51950F8A79AA703FFFFFFFFFFFCAFFF000000161A4342B70F4086C300
11135229C7478300F510D7A61950FCA78AA703FFFFFFFFFFFCAFFF000000161A4342B70F4086B318
11135529C7468300FA10D7AB1950FFA76AA803FFFFFFFFFFFC9FFF000000161A4342B70F4086B330
11135429C7478300F810D7AA195101A77AA703FFFFFFFFFFFC9FFF000000161A4342B70F4086B348
11134E29C7408300F110D7AF1950FFA76AA65F5FFFFFFFFFFC9FFF000000161A4342B70F4086B360
11134E29C7408300ED10D79F1950F8A77AA7254FFFFFFFFFFCAFFF000000161A4442B70F4086B378
11135A29C74D8300F210D7B0195105A76AA814FFFFFFFFFFFCAFFF000000161A4442B70F4086B390
11135A29C74F8300F710D7B3195108A75AA903FFFFFFFFFFFCAFFF000000161A4442B70F4086B3A8
11136E29C7598300F610D7B419510DA76AA903FFFFFFFFFFFC9FFF000000161A4442B70F4086B3C0
11136329C7678300F410D7B619510EA79AA903FFFFFFFFFFFCAFFF000000161A4442B70F4086B3D8
11136429C7628300F410D7D2195124A79AA80C4FFFFFFFFFFCAFFF000000161A4442B70F4086B3F0
11137A29C76D8300F110D7C0195117A78AA8950FFFFFFFFFFCAFFF000000161A4442B70E4086B308
11137029C76B8300EF10D7BC19510CA7AAA803FFFFFFFFFFFCAFFF000000161A4442B70E4086B320
11137529C7718300F310D7BC19510EA79AA603FFFFFFFFFFFCAFFF000000161A4442B70F4086B338
11137029C7688300F810D7C4195112A78AA603FFFFFFFFFFFCAFFF000000161A4442B70F4086B350
11136C29C7608300F510D7BD19510CA78AA703FFFFFFFFFFFCAFFF000000161A4442B70E4086B368
11136129C75A8300EF10D7C019510BA77AA703FFFFFFFFFFFCAFFF000000161A4442B70E4086B380
11136229C75A8300F010D7C019510DA78AA732FFFFFFFFFFFCAFFF000000161A4442B70E4086B398
11137529C7728300F310D7D1195118A77AA7249FFFFFFFFFFC9FFF000000161A4442B70E4086B3B0
11137629C7738300F710D7D9195128A77AA703FFFFFFFFFFFCAFFF000000161A4442B70E4086B3C8
11137329C7718300FA10D7DC19512FA78AA704FFFFFFFFFFFCAFFF000000161A4442B70E4086B3E0
11137F29C77F8300F610D7FB195135A79AA803FFFFFFFFFFFC9FFF000000161A4442B70E4086B3F8
11136A29C7718300EE10D7D6195122A7AAA703FFFFFFFFFFFCBFFF000000161A4442B70E4086B310
11137229C7728300ED10D7CE195122A79AA503FFFFFFFFFFFCBFFF000000161A4442B70E4086B328
11137C29C7808300F210D7F1195134A79AA4707FFFFFFFFFFC9FFF000000161A4442B70E4086B340
11137C29C7838300F710D7FC19513BA7AAA5510FFFFFFFFFFC9FFF000000161A4442B70E4086B358
11137929C7778300F810D7FC19513CA79AA62EEFFFFFFFFFFCAFFF000000161A4442B70E4086B370
11136B29C7718300F510D7ED19512EA78AA603FFFFFFFFFFFCAFFF000000161A4542B70E4086B388
11138529C7848300F210D7DF195129A76AA603FFFFFFFFFFFC9FFF000000161A4542B70E4086B3A0
11137F29C7838300F110D7E119512AA78AA603FFFFFFFFFFFC9FFF000000161A4542B70E4086B3B8
11137129C77B8300EF10D7E619512CA77AA803FFFFFFFFFFFCAFFF000000161A4542B70E4086B3D0
11136029C76D8300ED10D7FC195130A76AA803FFFFFFFFFFFCAFFF000000161A4542B70E4086B3E8
11138429C7898300F310D7ED195134A76AA72A5FFFFFFFFFFCBFFF000000161A4542B70E4086B300
1113A929C7C083010110D80F19514DA79AA703EFFFFFFFFFFCAFFF000000161A4542B70E4086B318
11139929C7A483010010D80C19514AA7AAA703FFFFFFFFFFFCAFFF000000161A4542B70E4086B330
11137829C77C8300EF10D7F2195138A79AA703FFFFFFFFFFFCAFFF000000161A4542B70E4086B348
11136D29C7708300E310D7CB195123A78AA803FFFFFFFFFFFCAFFF000000161A4542B70E4086B360
11138129C78B8300E610D7F619513BA78AA8607FFFFFFFFFFC9FFF000000161A4542B70E4086B378
11138D29C7958300F410D811195150A78AA83E1FFFFFFFFFFC9FFF000000161A4542B70E4086B390
11139629C7A783010010D81119514FA77AA8725FFFFFFFFFFCAFFF000000161A4542B70E4086B3A8
11139829C7A78300FC10D813195150A77AA8114FFFFFFFFFFCAFFF000000161A4542B70E4086B3C0
11139E29C7B38300F210D81119514FA76AA803FFFFFFFFFFFCAFFF000000161A4542B70E4086B3D8
11139729C7A98300ED10D800195144A75AA703FFFFFFFFFFFCAFFF000000161A4542B70E4086B3F0
11139529C7A58300EC10D802195147A75AA703FFFFFFFFFFFCAFFF000000161A4542B70E4086B308
1113A729C7B88300F210D824195160A75AA8514FFFFFFFFFFCAFFF000000161A4542B70E4086B320
1113AB29C7C58300F910D821195160A76AA803EFFFFFFFFFFCAFFF000000161A4542B70E4086B338
1113B029C7C88300FA10D826195160A78AA8040FFFFFFFFFFCAFFF000000161A4542B70E4086B350
1113BF29C7D38300F510D82219515DA79AA7045FFFFFFFFFFCBFFF000000161A4542B70E4086B368
1113BE29C7D48300F010D82519515EA77AA603FFFFFFFFFFFCBFFF000000161A4542B70E4086B380
1113B429C7CE8300EE10D82119515FA78AA503FFFFFFFFFFFCBFFF000000161A4642B70E4086B398
1113B029C7C88300EE10D82719515BA7BAA503FFFFFFFFFFFCAFFF000000161A4642B70E4086B3B0
1113B429C7D08300F110D81A195158A79AA603FFFFFFFFFFFC9FFF000000161A4642B70E4086B3C8
1113C229C7E38300F610D82119515DA77AA86D7FFFFFFFFFFCAFFF000000161A4642B70E4086B3E0
1113B929C7D98300FE10D828195163A77AA903EFFFFFFFFFFCBFFF000000161A4642B70E4086B3F8
1113C129C7DE8300FB10D82219515CA78AA903FFFFFFFFFFFCAFFF000000161A4642B70E4086B310
1113CA29C7EA8300F010D81719515AA79AA903FFFFFFFFFFFCAFFF000000161A4642B70E4086B328
1113C529C7EA8300EC10D80F195156A77AA803FFFFFFFFFFFCAFFF000000161A4642B70E4086B340
1113C929C7EB8300F110D828195163A76AA703FFFFFFFFFFFCAFFF000000161A4642B70E4086B358
1113BD29C7E18300F610D829195165A77AA70D2FFFFFFFFFFCAFFF000000161A4642B70E4086B370
1113C029C7E28300F510D82A195165A76AA7807FFFFFFFFFFCAFFF000000161A4642B70E4086B388
1113CB29C7EA8300F410D828195163A75AA810DFFFFFFFFFFCBFFF000000161A4642B70E4086B3A0
1113DA29C7F88300F610D82B195164A76AA803FFFFFFFFFFFCAFFF000000161A4642B70E4086B3B8
1113C029C7E18300F210D82619515FA76AA803FFFFFFFFFFFCAFFF000000161A4642B70E4086B3D0
1113D129C7F48300F310D82419515EA76AA803FFFFFFFFFFFC9FFF000000161A4642B70E4086B3E8
1113D529C7F98300F710D82419515EA77AA89A6FFFFFFFFFFC9FFF000000161A4642B70E4086B300
1113D929C7FB8300F410D82219515CA77AA703DFFFFFFFFFFCAFFF000000161A4642B70E4086B318
1113DE29C7F58300F210D81D195157A76AA803FFFFFFFFFFFCAFFF000000161A4642B70E4086B330
1113D329C7F48300F410D81C195154A76AA603FFFFFFFFFFFC9FFF000000161A4642B70E4086B348
1113CF29C7EB8300F310D81419514FA77AA603FFFFFFFFFFFC9FFF000000161A4642B70E4086B360
1113DE29C7EA8300F110D80D19514DA78AA703FFFFFFFFFFFCAFFF000000161A4642B70E4086B378
1113D329C7E58300F310D80A195149A77AA7196FFFFFFFFFFCAFFF000000161A4742B70E4086B390
1113BA29C7C88300F810D80B19514DA77AA73C3FFFFFFFFFFCAFFF000000161A4742B70E4086B3A8
1113B229C7BF8300FC10D81019514FA75AA703FFFFFFFFFFFC9FFF000000161A4742B70E4086B3C0
1113B629C7D38300F810D80D19514CA75AA7047FFFFFFFFFFC9FFF000000161A4742B70E4086B3D8
1113B029C7C98300EF10D809195149A76AA7040FFFFFFFFFFC9FFF000000161A4742B70E4086B3F0
1113B429C7D18300EA10D800195145A77AA703FFFFFFFFFFFC9FFF000000161A4742B70E4086B308
1113BB29C7D38300ED10D806195146A76AA703FFFFFFFFFFFCAFFF000000161A4742B70E4086B320
1113AD29C7C58300F810D803195144A79AA703FFFFFFFFFFFC9FFF000000161A4742B70E4086B338
1113B329C7CB83010210D7EF195136A79AA7232FFFFFFFFFFC8FFF000000161A4742B70E4086B350
1113B329C7CE8300FC10D803195143A79AA9B59FFFFFFFFFFC9FFF000000161A4742B70E4086B368
1113B229C7CC8300EE10D800195143A79AA9135FFFFFFFFFFC9FFF000000161A4742B70E4086B380
1113C029C7DC8300E710D801195142A79AA703FFFFFFFFFFFCAFFF000000161A4742B70E4086B398
1113B529C7D28300E910D7F5195138A79AA703FFFFFFFFFFFCAFFF000000161A4742B70E4086B3B0
1113B029C7C98300F210D7F0195134A79AA703FFFFFFFFFFFC9FFF000000161A4742B70E4086B3C8
1113AE29C7C88300FE10D7E419512DA77AA703FFFFFFFFFFFCCFFF000000161A4742B70E4086B3E0
11139B29C7B183010510D7EB195133A78AA7255FFFFFFFFFFC9FFF000000161A4742B70E4086B3F8
1113B329C7CA8300FB10D7F0195136A78AA808DFFFFFFFFFFC9FFF000000161A4742B70E4086B310
1113B229C7CC8300E810D7F1195134A78AA703FFFFFFFFFFFCAFFF000000161A4742B70E4086B328
1113B529C7CD8300E110D7F4195138A76AA703FFFFFFFFFFFCAFFF000000161A4742B70E4086B340
1113AD29C7C38300EE10D7E519512EA74AA803FFFFFFFFFFFCAFFF000000161A4742B70E4086B358
1113A329C7BA8300FC10D7DB195126A77AA834CFFFFFFFFFFCAFFF000000161A4842B70E4086B370
1113A829C7BC83010010D7E619512EA77AA86A4FFFFFFFFFFCAFFF000000161A4842B70E4086B388
1113AA29C7BE8300FC10D7E7195131A78AA903FFFFFFFFFFFCAFFF000000161A4842B70E4086B3A0
1113B029C7C78300EF10D7D8195123A78AA803FFFFFFFFFFFC9FFF000000161A4842B70E4086B3B8
1113AF29C7C98300E710D7C919511DA78AA77CDFFFFFFFFFFC9FFF000000161A4842B70E4086B3D0
1113A929C7BA8300ED10D7D6195121A78AA8141FFFFFFFFFFCBFFF000000161A4842B70E4086B3E8
1113A529C7BE8300F810D7DE195126A78AA903FFFFFFFFFFFCAFFF000000161A4842B70E4086B300
1113A229C7B28300F910D7E1195128A7AAA9481FFFFFFFFFFC9FFF000000161A4842B70E40869318
11139829C7AC8300F410D7B8195118A77AA80DBFFFFFFFFFFC9FFF000000161A4842B70E4086B330
11139429C7A68300F110D7C219511AA75AA803FFFFFFFFFFFCAFFF000000161A4842B70E4086B348
11139529C7A68300F310D7CF195117A77AA703FFFFFFFFFFFCAFFF000000161A4842B70E4086B360
11138929C7938300F510D7D8195123A77AA803FFFFFFFFFFFCAFFF000000161A4842B70E4086B378
11139429C7A18300F110D7DB195123A74AA703FFFFFFFFFFFCAFFF000000161A4842B70E4086B390
11139D29C7AC8300ED10D7E3195129A75AA603FFFFFFFFFFFC9FFF000000161A4842B70E4086B3A8
11139B29C7A68300F210D7EC195135A75AA403FFFFFFFFFFFC9FFF000000161A4842B70E4086B3C0
11139B29C7A98300F810D7F0195135A78AA59A2FFFFFFFFFFC9FFF000000161A4842B70E4086B3D8
11139E29C7AC8300F910D7EF195134A77AA603DFFFFFFFFFFCAFFF000000161A4842B70E4086B3F0
11139F29C7B38300F510D7EA19512FA76AA603FFFFFFFFFFFC9FFF000000161A4842B70E4086B308
11139229C7A18300F010D7EC195130A77AA603FFFFFFFFFFFCAFFF000000161A4842B70E4086B320
11138F29C79E8300ED10D7ED195131A78AA770CFFFFFFFFFFCAFFF000000161A4842B70E4086B338
11139B29C7A88300F010D7E919512EA79AA9131FFFFFFFFFFCAFFF000000161A4942B70E40869350
1113A129C7B38300F410D7D3195122A78AA9187FFFFFFFFFFCAFFF000000161A4942B70E4086B368
1113A429C7B48300F510D796195109A79AA83C2FFFFFFFFFFCAFFF000000161A4942B70E4086B380
1113A229C7B28300F510D7A4195100A79AA803FFFFFFFFFFFCBFFF000000161A4942B70E40869398
1113A029C7B08300F210D7D6195120A7AAA803FFFFFFFFFFFCBFFF000000161A4942B70E4086B3B0
1113A129C7B48300F010D7E5195126A79AA703FFFFFFFFFFFCAFFF000000161A4942B70E4086B3C8
1113A029C7B38300F310D7D319511FA77AA703FFFFFFFFFFFC9FFF000000161A4942B70E4086B3E0
11139F29C7B08300F310D7D419511DA77AA803FFFFFFFFFFFC9FFF000000161A4942B70E4086B3F8
1113A129C7B68300F110D7E1195124A7AAA80ECFFFFFFFFFFCAFFF000000161A4942B70E40869310
1113A229C7B48300F210D7C819511DA7AAA905BFFFFFFFFFFC9FFF000000161A4942B70E4086B328
1113A629C7B98300F710D7CE19511EA7AAA903FFFFFFFFFFFCAFFF000000161A4942B70E4086B340
1113A529C7B88300F910D7D0195120A77AA803FFFFFFFFFFFCAFFF000000161A4942B70E40869358
1113A829C7C08300F210D7DC195127A75AA803FFFFFFFFFFFCAFFF000000161A4942B70E40869370
1113B029C7C58300E710D7DB195128A76AA726CFFFFFFFFFFCBFFF000000161A4942B70E4086B388
1113AE29C7C28300E910D7D6195120A78AA8B13FFFFFFFFFFCCFFF000000161A4942B70E408693A0
1113B229C7CC8300F210D7B4195108A76AA9132FFFFFFFFFFCBFFF000000161A4942B70E408693B8
11139D29C7B58300FD10D7C3195113A77AA903FFFFFFFFFFFCAFFF000000161A4942B70E4086B3D0
1113A329C7B58300FE10D7CD19511AA78AA803FFFFFFFFFFFC9FFF000000161A4942B70E408693E8
1113A429C7B88300F210D7C8195118A79AA703FFFFFFFFFFFC9FFF000000161A4942B70E40869300
1113A729C7BD8300EC10D7D6195121A78AA703FFFFFFFFFFFCBFFF000000161A4942B70E4086B318
1113A529C7BA8300EF10D7BE195112A78AA62E3FFFFFFFFFFCAFFF000000161A4A42B70E4086B330
1113A729C7BA8300EF10D7BE19510FA79AA70A9FFFFFFFFFFCAFFF000000161A4A42B70E4086B348
1113A929C7BD8300EF10D7B9195110A7BAA803FFFFFFFFFFFCAFFF000000161A4A42B70E4086B360
1113AC29C7C18300F410D7B7195107A79AA703FFFFFFFFFFFCAFFF000000161A4A42B70E40869378
11139C29C7B58300FB10D7C3195110A78AA603FFFFFFFFFFFCBFFF000000161A4A42B70E40869390
1113A029C7B48300F610D7B2195107A78AA6388FFFFFFFFFFCBFFF000000161A4A42B70E408693A8
1113AF29C7C68300ED10D7B719510DA74AA672EFFFFFFFFFFCAFFF000000161A4A42B70E4086B3C0
1113A529C7BB8300EE10D7BE19510CA74AA703FFFFFFFFFFFCAFFF000000161A4A42B70E4086B3D8
1113AB29C7C18300F410D7C3195115A75AA703FFFFFFFFFFFC9FFF000000161A4A42B70E408693F0
1113A129C7B98300F610D7DA19511EA74AA7840FFFFFFFFFFC8FFF000000161A4A42B70E40869308
11139F29C7AE8300F410D7D819511CA78AA8166FFFFFFFFFFCAFFF000000161A4A42B70E40869320
1113B129C7C48300F210D7D8195124A7AAA903FFFFFFFFFFFCAFFF000000161A4A42B70E40869338
1113B329C7C98300ED10D7E7195136A78AA8506FFFFFFFFFFC9FFF000000161A4A42B70E40869350
1113B629C7CC8300EB10D801195145A75AA70FBFFFFFFFFFFC9FFF000000161A4A42B70D40869368
1113B429C7CC8300F410D81119514FA76AA703FFFFFFFFFFFCAFFF000000161A4A42B70E40869380
1113B129C7CC8300FD10D80719514BA76AA603FFFFFFFFFFFCAFFF000000161A4A42B70E40869398
1113AD29C7C68300F710D7F719513CA77AA703FFFFFFFFFFFCAFFF000000161A4A42B70D408693B0
1113BD29C7D88300EE10D7F119513BA76AA803FFFFFFFFFFFCAFFF000000161A4A42B70E408693C8
1113BE29C7D68300ED10D7EB195140A76AA703FFFFFFFFFFFCAFFF000000161A4A42B70E408693E0
1113A729C7C18300F210D7FB19513FA77AA61ABFFFFFFFFFFC9FFF000000161A4B42B70D408693F8
1113AD29C7C08300F310D7FB19513EA79AA603FFFFFFFFFFFC9FFF000000161A4B42B70D4086B310
1113A729C7C48300F710D821195159A7DAA603FFFFFFFFFFFCAFFF000000161A4B42B70D40869328
1113AC29C7C58300F710D818195152A7DAA703FFFFFFFFFFFCAFFF000000161A4B42B70D40869340
1113BB29C7D08300F010D7FB195141A7BAA703FFFFFFFFFFFCAFFF000000161A4B42B70D40869358
1113BC29C7D78300EE10D802195141A7CAA6868FFFFFFFFFFC9FFF000000161A4B42B70E40869370
1113B729C7D28300F010D7FC19513CA7AAA6174FFFFFFFFFFC9FFF000000161A4B42B70D40869388
1113C329C7DD8300EE10D7F319513EA79AA603FFFFFFFFFFFCBFFF000000161A4B42B70D408693A0
1113C429C7E18300F210D81619515BA78AA703FFFFFFFFFFFCAFFF000000161A4B42B70D408693B8
1113BE29C7DA8300FB10D82F19516AA79AA603FFFFFFFFFFFCAFFF000000161A4B42B70D408693D0
1113B429C7CB8300F810D82D195164A79AA603FFFFFFFFFFFCAFFF000000161A4B42B70D408693E8
1113C629C7E58300EF10D80F195153A78AA503FFFFFFFFFFFC9FFF000000161A4B42B70D40869300
1113C929C7EB8300EC10D805195149A77AA540AFFFFFFFFFFCAFFF000000161A4B42B70D40869318
1113C229C7EB8300F010D82219515FA78AA503FFFFFFFFFFFCBFFF000000161A4B42B70D40869330
1113C829C7EA8300F410D826195161A79AA603FFFFFFFFFFFCAFFF000000161A4B42B70D40869348
1113C829C7EE8300F110D82519515EA79AA703FFFFFFFFFFFCAFFF000000161A4B42B70D40869360
1113C429C7EC8300F210D823195161A79AA703FFFFFFFFFFFC9FFF000000161A4B42B70D40869378
1113C629C7EC8300F610D829195163A79AA703FFFFFFFFFFFC9FFF000000161A4B42B70D40869390
1113C029C7E38300F410D82019515FA78AA603FFFFFFFFFFFC9FFF000000161A4B42B70D408693A8
1113D129C7F78300F010D82C195162A77AA703FFFFFFFFFFFC9FFF000000161A4C42B70D408693C0
1113D029C7F18300F010D828195163A77AA87A5FFFFFFFFFFC9FFF000000161A4C42B70D408693D8
1113D229C7F18300F110D82E195165A77AA9162FFFFFFFFFFCAFFF000000161A4C42B70D408693F0
1113D529C7FA8300EF10D831195166A76AA803FFFFFFFFFFFCAFFF000000161A4C42B70D40869308
1113DF29C80D8300F410D831195168A77AA703FFFFFFFFFFFCAFFF000000161A4C42B70D40869320
1113E429C8128300F510D831195167A77AA668AFFFFFFFFFFCAFFF000000161A4C42B70D40869338
1113D429C8048300F110D833195167A78AA603FFFFFFFFFFFCAFFF000000161A4C42B70D40869350
1113DB29C8038300EF10D831195167A77AA603FFFFFFFFFFFCAFFF000000161A4C42B70D40869368
1113DA29C8098300F010D82F195167A78AA603FFFFFFFFFFFCAFFF000000161A4C42B70D40869380
1113DE29C80E8300F310D831195166A77AA703FFFFFFFFFFFCAFFF000000161A4C42B70D40869398
1113E429C8168300F610D82F195164A77AA603FFFFFFFFFFFC9FFF000000161A4C42B70D408693B0
1113E429C8148300F510D82C195165A79AA615CFFFFFFFFFFC9FFF000000161A4C42B70D408693C8
1113DB29C8088300EF10D82E195166A78AA713AFFFFFFFFFFCAFFF000000161A4C42B70D408693E0
1113E229C8138300EA10D82D195164A78AA703FFFFFFFFFFFC8FFF000000161A4C42B70D408693F8
1113EA29C8168300EE10D82C195164A76AA703FFFFFFFFFFFC9FFF000000161A4C42B70D40869310
1113E929C8198300F810D82B195166A76AA803FFFFFFFFFFFCBFFF000000161A4C42B70D40869328
1113E829C8178300FD10D828195165A76AA88BDFFFFFFFFFFCAFFF000000161A4C42B70D40869340
1113E729C8148300F410D832195169A77AA89DCFFFFFFFFFFCAFFF000000161A4C42B70D40869358
1113E429C8188300E910D83919516EA77AA803FFFFFFFFFFFCAFFF000000161A4D42B70D40869370
1113E929C81A8300EB10D82F195169A77AA7105FFFFFFFFFFCAFFF000000161A4D42B70D40869388
1113E429C8178300F210D83619516FA78AA88AFFFFFFFFFFFC9FFF000000161A4D42B70D408693A0
1113EA29C81C8300F610D839195170A77AA903FFFFFFFFFFFC8FFF000000161A4D42B70D408693B8
1113EE29C81E8300F810D83919516EA77AA7057FFFFFFFFFFC8FFF000000161A4D42B70D408693D0
1113EF29C81F8300F710D83719516EA77AA6863FFFFFFFFFFCAFFF000000161A4D42B70D408693E8
1113EA29C81A8300F310D832195167A78AA603FFFFFFFFFFFCAFFF000000161A4D42B70D40869300
1113EF29C81F8300ED10D82D195167A77AA7046FFFFFFFFFFCBFFF000000161A4D42B70D40869318
1113F629C8248300EB10D82B195168A77AA778EFFFFFFFFFFCAFFF000000161A4D42B70D40869330
1113EA29C81D8300EE10D83419516BA78AA703FFFFFFFFFFFCAFFF000000161A4D42B70D40869348
1113EC29C8238300F210D83E195173A77AA7040FFFFFFFFFFCAFFF000000161A4D42B70D40869360
1113F229C8278300F810D841195177A7AAA76F9FFFFFFFFFFCBFFF000000161A4D42B70D40869378
1113F229C8268300FA10D841195177A7AAA603FFFFFFFFFFFCAFFF000000161A4D42B70D40869390
1113ED29C81E8300F110D83E195175A79AA68F0FFFFFFFFFFC9FFF000000161A4D42B70D408693A8
1113EE29C8218300EA10D841195173A79AA6686FFFFFFFFFFCAFFF000000161A4D42B70D408693C0
1113EB29C8228300ED10D83F195176A77AA603FFFFFFFFFFFCAFFF000000161A4D42B70D408693D8
1113EE29C8248300F010D844195177A77AA503FFFFFFFFFFFCAFFF000000161A4D42B70D408693F0
1113F129C8238300F210D840195175A78AA54AFFFFFFFFFFFCCFFF000000161A4D42B70D40869308
1113F629C8288300F310D83F195175A77AA403FFFFFFFFFFFCAFFF000000161A4E42B70D40869320
1113F729C82C8300F510D83C195171A76AA703FFFFFFFFFFFCAFFF000000161A4E42B70D40869338
1113FC29C8338300F510D839195171A77AA73B7FFFFFFFFFFCBFFF000000161A4E42B70D40869350
1113F629C82D8300F010D841195174A77AA703FFFFFFFFFFFCAFFF000000161A4E42B70D40869368
1113F629C82B8300EC10D840195173A79AA503FFFFFFFFFFFC9FFF000000161A4E42B70D40869380
1113F529C82C8300EC10D83F195175A78AA62DCFFFFFFFFFFC9FFF000000161A4E42B70D40869398
1113F329C82A8300ED10D840195173A78AA703FFFFFFFFFFFCBFFF000000161A4E42B70D408693B0
1113F829C82F8300F010D835195169A78AA703FFFFFFFFFFFCBFFF000000161A4E42B70D408693C8
1113EB29C81C8300F710D81D19515BA7AAA739AFFFFFFFFFFC9FFF000000161A4E42B70D408693E0
1113E529C8168300FA10D827195162A78AA703FFFFFFFFFFFC9FFF000000161A4E42B70D408693F8
1113F729C8228300F510D838195170A78AA7909FFFFFFFFFFCBFFF000000161A4E42B70D40869310
1113FE29C8348300EE10D83B19516EA76AA73B3FFFFFFFFFFCAFFF000000161A4E42B70D40869328
1113FD29C82B8300EB10D83A19516DA77AA603FFFFFFFFFFFC8FFF000000161A4E42B70D40869340
1113F829C8298300E810D83C195171A79AA703FFFFFFFFFFFCAFFF000000161A4E42B70D40869358
1113F329C8258300EB10D835195169A77AA783FFFFFFFFFFFCBFFF000000161A4E42B70D40869370
1113E829C8178300F610D828195161A77AA74BEFFFFFFFFFFCAFFF000000161A4E42B70D40869388
1113E629C8168300FA10D828195162A76AA603FFFFFFFFFFFC9FFF000000161A4E42B70D408693A0
1113E729C8158300F310D830195166A74AA76CDFFFFFFFFFFCAFFF000000161A4F42B70D408693B8
1113E929C81E8300F210D82C195164A75AA6443FFFFFFFFFFCBFFF000000161A4F42B70D408693D0
1113ED29C8148300F410D828195159A77AA603FFFFFFFFFFFCAFFF000000161A4F42B70D408693E8
1113ED29C8168300EE10D824195160A7BAA7497FFFFFFFFFFCAFFF000000161A4F42B70D40869300
1113EF29C8258300E710D831195167A7BAA7393FFFFFFFFFFCBFFF000000161A4F42B70D40869318
1113ED29C81E8300E910D82319515EA77AA603FFFFFFFFFFFCAFFF000000161A4F42B70D40869330
1113EC29C8228300F610D815195152A77AA641BFFFFFFFFFFC9FFF000000161A4F42B70D40869348
1113E629C81D83010010D82E195165A78AA6346FFFFFFFFFFCBFFF000000161A4F42B70D40869360
1113E429C8178300FC10D82819515FA78AA6925FFFFFFFFFFC9FFF000000161A4F42B70D40869378
1113F229C8218300EB10D82319515CA79AA6540FFFFFFFFFFCBFFF000000161A4F42B70D40869390
1113F629C82B8300E110D840195170A77AA5313FFFFFFFFFFCBFFF000000161A4F42B70D408693A8
1113EC29C81A8300EA10D825195161A76AA603FFFFFFFFFFFCAFFF000000161A4F42B70D408693C0
1113E029C8108300F910D82319515FA77AA6337FFFFFFFFFFCAFFF000000161A4F42B70D408693D8
1113E329C8168300FB10D83019516BA77AA52B3FFFFFFFFFFCAFFF000000161A4F42B70D408693F0
1113E329C8128300F210D82D195165A77AA503FFFFFFFFFFFCAFFF000000161A4F42B70D40869308
1113E529C8188300EE10D83619516AA76AA52E1FFFFFFFFFFCAFFF000000161A4F42B70D40869320
1113E929C8148300EF10D835195169A77AA6277FFFFFFFFFFC9FFF000000161A4F42B70D40869338
1113E229C8158300F310D82E195166A75AA603FFFFFFFFFFFC9FFF000000161A5042B70D40869350
1113E229C8128300F310D82F195168A75AA529BFFFFFFFFFFCAFFF000000161A5042B70D40869368
1113E829C81A8300F010D843195174A78AA5244FFFFFFFFFFCAFFF000000161A5042B70D40869380
1113E029C8138300F010D841195176A79AA503FFFFFFFFFFFCAFFF000000161A5042B70D40869398
1113DE29C80E8300F210D844195175A78AA721EFFFFFFFFFFCAFFF000000161A5042B70D408693B0
1113E129C8148300F210D83F195175A78AA71E6FFFFFFFFFFC9FFF000000161A5042B70D408693C8
1113E129C8168300F110D840195175A78AA7955FFFFFFFFFFCAFFF000000161A5042B70D408693E0
1113D229C7FD8300F210D840195174A78AA637AFFFFFFFFFFCAFFF000000161A5042B70D408693F8
1113CD29C7F28300F810D83F195174A78AA61C7FFFFFFFFFFC9FFF000000161A5042B70D40869310
1113DA29C7FF8300F710D83D195171A76AA703FFFFFFFFFFFC9FFF000000161A5042B70D40869328
1113DD29C80B8300EE10D83719516FA76AA6154FFFFFFFFFFC9FFF000000161A5042B70D40869340
1113E929C81A8300E810D843195175A78AA5BB9FFFFFFFFFFC9FFF000000161A5042B70D40869358
1113DF29C80B8300EC10D83A195174A77AA603CFFFFFFFFFFC9FFF000000161A5042B70D40869370
1113D929C7FF8300F510D83819516FA76AA7112FFFFFFFFFFC9FFF000000161A5042B70D40869388
1113ED29C8188300FC10D82D19516AA76AA6B2AFFFFFFFFFFCAFFF000000161A5042B70D408693A0
1113E029C8128300FC10D83119516CA76AA603CFFFFFFFFFFC9FFF000000161A5042B70D408693B8
1113DE29C8098300F510D83A195172A77AA7097FFFFFFFFFFCAFFF000000161A5042B70D408693D0
1113EB29C8158300EA10D83F195172A78AA8980FFFFFFFFFFCAFFF000000161A5142B70D408693E8
1113E729C81C8300E410D83D195172A79AA904BFFFFFFFFFFCAFFF000000161A5142B70D40869300
1113E229C80B8300EE10D83B195171A79AA888BFFFFFFFFFFCBFFF000000161A5142B70D40869318
1113D929C8048300F910D83819516EA77AA703CFFFFFFFFFFCAFFF000000161A5142B70D40869330
1113DB29C8058300F810D838195170A77AA70D4FFFFFFFFFFC9FFF000000161A5142B70D40869348
1113DB29C8048300F310D83819516FA78AA7A71FFFFFFFFFFC9FFF000000161A5142B70D40869360
1113DA29C8058300F210D838195170A79AA503CFFFFFFFFFFC9FFF000000161A5142B70D40869378
1113D829C8008300F010D83919516EA7BAA50B1FFFFFFFFFFCAFFF000000161A5142B70D40869390
1113D629C7FE8300F310D83819516DA7CAA79BBFFFFFFFFFFCAFFF000000161A5142B70D408693A8
1113D229C7FB8300F410D83619516AA79AA796BFFFFFFFFFFCAFFF000000161A5142B70D408693C0
1113DA29C7FF8300F010D836195169A77AA71D5FFFFFFFFFFCBFFF000000161A5142B70D408693D8
1113D829C8048300EF10D834195169A76AA78CEFFFFFFFFFFCAFFF000000161A5142B70D408693F0
1113D429C7FF8300F410D82719515FA77AA803CFFFFFFFFFFCAFFF000000161A5142B70D40869308
1113CD29C7F48300F910D82419515DA78AA9041FFFFFFFFFFCAFFF000000161A5142B70D40869320
1113CC29C8028300FA10D857195113A78AA9840FFFFFFFFFFCBFFF000000161A5142B70D40869338
1113DB29C8038300F410D8811950C0A79AB303CFFFFFFFFFFCBFFF000000161A5142B70D40869350
1113DD29C8098300ED10D85E1950ABA77AD103FFFFFFFFFFFC9FFF000000161A5242B70D40869368
1113D829C8008300ED10D851195075A76AF203FFFFFFFFFFFC9FFF000000161A5242B70D40869380
1113D629C7FC8300F210D834195068A78B1103FFFFFFFFFFFCAFFF000000161A5242B70D40869398
1113C629C7E68300F910D826195064A76B2903FFFFFFFFFFFCAFFF000000161A5242B70D408693B0
1113C629C7ED8300FA10D81F195066A76B3C03FFFFFFFFFFFCAFFF000000161A5242B70D408693C8
1113CE29C7F68300F010D81C19506EA76B4D03FFFFFFFFFFFCAFFF000000161A5242B70D408693E0
1113CE29C7EB8300F010D81919506FA78B5D03FFFFFFFFFFFCBFFF000000161A5242B70D408693F8
1113B829C7D88300F810D81819506BA77B6C548FFFFFFFFFFCBFFF000000161A5242B70D40869310
1113B429C7D28300FA10D81819505FA77B7903DFFFFFFFFFFC9FFF000000161A5242B70D40869328
1113CA29C7EC8300F010D819195052A77B85041FFFFFFFFFFCAFFF000000161A5242B70D40869340
1113EA29C8108300E810D818195042A75B9104EFFFFFFFFFFC9FFF000000161A5242B70D40869358
1113DF29C8058300E910D81819503FA76B9B03FFFFFFFFFFFCAFFF000000161A5242B70D40869370
1113C629C7E78300F510D819195048A78BA403FFFFFFFFFFFCAFFF000000161A5242B70D40869388
1113C129C7E68300FF10D819195054A77BAC8C5FFFFFFFFFFC9FFF000000161A5242B70D408693A0
1113C929C7EA8300F910D81919505EA77BB31C4FFFFFFFFFFC9FFF000000161A5242B70D408693B8
1113DD29C8088300EA10D819195062A7ABBA6FFFFFFFFFFFFC9FFF000000161A5242B70D408693D0
1113F029C81C8300E510D81919506BA7ABC103CFFFFFFFFFFC9FFF000000161A5342B70D408693E8
1113DA29C8028300EF10D817195077A77BC703FFFFFFFFFFFCAFFF000000161A5342B70D40869300
1113DC29C8098300FC10D817195083A76BCC03FFFFFFFFFFFCAFFF000000161A5342B70D40869318
1113DC29C8088300FC10D81819508CA75BCF03FFFFFFFFFFFC9FFF000000161A5342B70D40869330
1113D429C7FE8300EF10D81719508EA75BD003FFFFFFFFFFFCAFFF000000161A5342B70D40869348
1113D729C8038300E910D815195095A75BCF0BAFFFFFFFFFFCAFFF000000161A5342B70D40869360
1113D729C7FD8300ED10D8121950A1A77BCD241FFFFFFFFFFCAFFF000000161A5342B70D40869378
1113DD29C80C8300F510D8161950ABA77BCA03FFFFFFFFFFFCAFFF000000161A5342B70D40869390
1113E329C8138300F910D8171950B4A75BC903FFFFFFFFFFFCAFFF000000161A5342B70D408693A8
1113F429C8238300FA10D8181950BAA77BC703FFFFFFFFFFFCAFFF000000161A5342B70D408693C0
1113EA29C81F8300F310D8181950C0A77BC603FFFFFFFFFFFCAFFF000000161A5342B70D408693D8
1113E929C81D8300EA10D8171950C1A76BC69D0FFFFFFFFFFCBFFF000000161A5342B70D408693F0
11140029C82F8300E810D8171950C3A76BC98FAFFFFFFFFFFC9FFF000000161A5342B70D40869308
1113FB29C8348300F010D8191950C5A77BCF1D5FFFFFFFFFFCAFFF000000161A5342B70D40869320
1113FF29C8398300FC10D81B1950C7A79BD503FFFFFFFFFFFCAFFF000000161A5342B70D40869338
1113F729C82D8300FD10D81C1950C9A79BDD03FFFFFFFFFFFCBFFF000000161A5442B70D40869350
1113FE29C8338300F110D81F1950CCA78BE403FFFFFFFFFFFCAFFF000000161A5442B70D40869368
11140329C83E8300E910D81F1950D1A78BEA15EFFFFFFFFFFCAFFF000000161A5442B70D40869380
11140529C83E8300EC10D81B1950D8A76BEE40EFFFFFFFFFFCAFFF000000161A5442B70D40869398
11140E29C8508300F310D81D1950DCA75BF003FFFFFFFFFFFCAFFF000000161A5442B70D408693B0
11141229C8538300FA10D8201950DFA76BF204AFFFFFFFFFFCAFFF000000161A5442B70D408693C8
11141029C84E8300FB10D8231950E1A78BF3041FFFFFFFFFFC9FFF000000161A5442B70D408693E0
11140A29C8498300F610D8251950DBA77BF403FFFFFFFFFFFC9FFF000000161A5442B70D408693F8
11140A29C84D8300F010D8241950CFA77BF503FFFFFFFFFFFCAFFF000000161A5442B70D40869310
11140D29C84D8300EA10D8241950C7A77BF503FFFFFFFFFFFCAFFF000000161A5442B70D40869328
11140C29C84E8300E410D8221950C0A77BF61EDFFFFFFFFFFCAFFF000000161A5442B70D40869340
11140A29C8438300EE10D8201950B8A75BF654DFFFFFFFFFFC9FFF000000161A5442B70D40869358
11140429C8438300FD10D8251950B2A75BF603FFFFFFFFFFFC9FFF000000161A5442B70D40869370
1113FD29C83783010110D8281950AFA75BF603FFFFFFFFFFFCAFFF000000161A5442B70D40869388
1113FF29C83C8300F910D8291950B0A75BF503FFFFFFFFFFFCAFFF000000161A5442B70D408693A0
11140929C8458300EB10D82A1950AEA77BF503FFFFFFFFFFFCAFFF000000161A5442B70D408693B8
1113FF29C8388300E210D82A1950ADA78BF603FFFFFFFFFFFCAFFF000000161A5542B70D408693D0
1113FD29C8348300EA10D8281950B0A78BF903FFFFFFFFFFFC9FFF000000161A5542B70D408693E8
1113ED29C8248300F610D82A1950B0A78BFC292FFFFFFFFFFC9FFF000000161A5542B70D40869300
1113E529C81B8300FF10D82A1950B1A78C0068EFFFFFFFFFFCAFFF000000161A5542B70D40869318
11140129C8338300FB10D82B1950AFA78C0303FFFFFFFFFFFCAFFF000000161A5542B70D40869330
1113FC29C8378300F010D82A1950AFA7AC0603FFFFFFFFFFFCAFFF000000161A5542B70D40869348
1113FA29C8348300E910D82A1950B0A79C09938FFFFFFFFFFCAFFF000000161A5542B70D40868360
1113F829C82C8300EB10D8291950AFA77C0A1EDFFFFFFFFFFCAFFF000000161A5542B70D40867378
1113EE29C8228300F210D8291950B2A78C0A03FFFFFFFFFFFCAFFF000000161A5542B70D40869390
1113ED29C8228300F810D82A1950B5A77C073B5FFFFFFFFFFCAFFF000000161A5542B70D408693A8
1113F129C8258300F710D82B1950BFA77C020F9FFFFFFFFFFCAFFF000000161A5542B70D408693C0
1113EF29C8268300F210D8291950C9A76BFB03FFFFFFFFFFFCAFFF000000161A5542B70D408693D8
1113EB29C8198300F110D8281950DCA74BF003FFFFFFFFFFFC9FFF000000161A5542B70D408693F0
1113E129C80D8300F710D82A1950F3A75BE403FFFFFFFFFFFC9FFF000000161A5542B70D40869308
1113EB29C81D8300F410D828195108A77BD703FFFFFFFFFFFC9FFF000000161A5542B70D40869320
1113F129C8268300ED10D82919511CA77BC803FFFFFFFFFFFCAFFF000000161A5642B70D40869338
1113ED29C81E8300ED10D82A19512CA76BB4059FFFFFFFFFFCAFFF000000161A5642B70D40869350
1113ED29C81F8300F410D829195135A76B9C03FFFFFFFFFFFC9FFF000000161A5642B70D40869368
1113E629C8148300F810D82719513BA77B8603FFFFFFFFFFFC9FFF000000161A5642B70D40869380
1113EC29C8218300F410D82919513CA78B7703FFFFFFFFFFFCAFFF000000161A5642B70D40869398
1113E629C8168300F310D82919513BA76B7003FFFFFFFFFFFCAFFF000000161A5642B70D408693B0
1113E229C80C8300F410D82919513DA76B7203FFFFFFFFFFFCAFFF000000161A5642B70D408693C8
1113E629C8138300F210D82919513FA78B7903FFFFFFFFFFFC9FFF000000161A5642B70D408693E0
1113EA29C81A8300EE10D82A19513FA7AB8203FFFFFFFFFFFCCFFF000000161A5642B70D408693F8
1113E929C81B8300ED10D82919513EA79B8D230FFFFFFFFFFCBFFF000000161A5642B70D40869310
1113E929C8168300EF10D82919513DA78B9803FFFFFFFFFFFCBFFF000000161A5642B70D40869328
1113E629C8168300F410D82819513BA78BA303FFFFFFFFFFFCAFFF000000161A5642B70D40869340
1113E729C8198300F810D82919513BA74BAE03FFFFFFFFFFFCAFFF000000161A5642B70D40869358
1113EF29C81F8300F610D82919513BA75BB703FFFFFFFFFFFCAFFF000000161A5642B70D40869370
1113EC29C81B8300F110D82819513BA77BC07A9FFFFFFFFFFCBFFF000000161A5642B70D40869388
1113E429C8128300ED10D828195138A78BC91B8FFFFFFFFFFCAFFF000000161A5642B70D408693A0
1113E529C8118300F010D828195139A79BD203FFFFFFFFFFFCAFFF000000161A5742B70D408693B8
1113E529C8148300F610D825195139A76BDB03FFFFFFFFFFFCAFFF000000161A5742B70D408693D0
1113E529C8198300F710D827195139A75BE303FFFFFFFFFFFCAFFF000000161A5742B70D408693E8
1113E429C8138300EF10D826195138A74BEB03FFFFFFFFFFFCAFFF000000161A5742B70D40869300
1113DE29C8068300EC10D826195138A77BF203FFFFFFFFFFFCAFFF000000161A5742B70D40868318
1113D129C7FA8300ED10D826195138A79BFA4B5FFFFFFFFFFCAFFF000000161A5742B70D40869330
1113CF29C7F28300F310D826195137A78C0103FFFFFFFFFFFCAFFF000000161A5742B70D40869348
1113D929C8048300FC10D827195137A78C0803FFFFFFFFFFFC9FFF000000161A5742B70D40869360
1113D829C7FE8300FC10D828195135A78C0E03FFFFFFFFFFFC9FFF000000161A5742B70D40869378
1113BC29C7DD8300F110D828195135A79C1503FFFFFFFFFFFC9FFF000000161A5742B70D40869390
1113A529C7B28300EA10D828195133A79C1A03FFFFFFFFFFFC9FFF000000161A5742B70D408693A8
1113AC29C7BC8300EB10D827195134A78C1B08CFFFFFFFFFFCBFFF000000161A5742B70D408693C0
1113B629C7CC8300EF10D82719512FA78C13094FFFFFFFFFFCBFFF000000161A5742B70D408693D8
1113B629C7D48300F510D826195135A79C0303FFFFFFFFFFFCBFFF000000161A5742B70D408693F0
1113C629C7E48300FA10D82819513EA79BEF03FFFFFFFFFFFCAFFF000000161A5742B70D40869308
1113C729C7E78300F710D828195147A77BD603FFFFFFFFFFFCAFFF000000161A5842B70D40869320
1113CD29C7F28300EE10D82319514EA78BB703FFFFFFFFFFFCAFFF000000161A5842B70D40869338
1113DB29C80E8300EB10D812195153A77B9C798FFFFFFFFFFCAFFF000000161A5842B70D40869350
1113D329C7FB8300F010D80A195154A79B8503FFFFFFFFFFFCAFFF000000161A5842B70D40869368
1113D529C7FA8300F510D818195154A7AB7203FFFFFFFFFFFCBFFF000000161A5842B70D40869380
1113DA29C8038300F410D81A195154A79B6203FFFFFFFFFFFCAFFF000000161A5842B70D40869398
1113CA29C7F38300F610D819195157A75B5603FFFFFFFFFFFC9FFF000000161A5842B70D408693B0
1113CE29C7F38300F810D815195159A76B4D03FFFFFFFFFFFC9FFF000000161A5842B70D408683C8
1113E229C8088300F110D81519515AA77B471CCFFFFFFFFFFC9FFF000000161A5842B70D408693E0
11140129C83E8300E510D814195158A77B411CDFFFFFFFFFFCAFFF000000161A5842B70D408683F8
11141229C8528300E810D81219515AA77B3E03FFFFFFFFFFFC9FFF000000161A5842B70D40869310
1113E529C8138300F510D81219515AA75B3B03FFFFFFFFFFFC9FFF000000161A5842B70D40868328
1113E829C8188300FB10D80A19515CA77B3903FFFFFFFFFFFCAFFF000000161A5842B70D40868340
1113F629C82E8300F710D80F19515BA77B38056FFFFFFFFFFC9FFF000000161A5842B70D40868358
1113FE29C83C8300F210D819195158A76B37A98FFFFFFFFFFCAFFF000000161A5842B70D40869370
11140729C8488300ED10D826195158A77B3603FFFFFFFFFFFCBFFF000000161A5842B70D40868388
11141329C8508300EE10D82319515CA77B3503FFFFFFFFFFFCBFFF000000161A5942B70D408693A0
11140429C8398300F210D821195162A76B3503FFFFFFFFFFFCAFFF000000161A5942B70D408693B8
1113E629C8298300F310D825195162A76B3403FFFFFFFFFFFC9FFF000000161A5942B70D408693D0
1113F929C8338300F210D82B195160A78B3304EFFFFFFFFFFC9FFF000000161A5942B70D408693E8
11140229C83E8300F110D824195165A79B3203FFFFFFFFFFFCAFFF000000161A5942B70D40868300
1113F729C8348300F110D824195167A76B3203FFFFFFFFFFFC9FFF000000161A5942B70D40869318
1113F229C82E8300F410D828195168A77B3203FFFFFFFFFFFC8FFF000000161A5942B70D40869330
1113F529C82F8300F610D82A19516AA79B3303FFFFFFFFFFFC9FFF000000161A5942B70D40867348
11140529C83D8300F210D82B19516BA77B343D5FFFFFFFFFFCAFFF000000161A5942B70D40868360
11140029C8388300EF10D82719516BA77B34375FFFFFFFFFFCAFFF000000161A5942B70D40869378
1113FF29C83A8300EF10D82719516CA78B3303FFFFFFFFFFFCAFFF000000161A5942B70D40869390
11140229C83F8300EE10D82819516AA79B33211FFFFFFFFFFCAFFF000000161A5942B70D408693A8
1113FB29C8358300F210D829195168A78B3203DFFFFFFFFFFCAFFF000000161A5942B70D408683C0
1113F529C82D8300F810D82819516CA79B3103FFFFFFFFFFFC9FFF000000161A5942B70D408683D8
1113F729C8268300F910D82519516CA79B3103FFFFFFFFFFFCAFFF000000161A5942B70D408683F0
1113F429C82A8300F710D82419516CA77B3003FFFFFFFFFFFCAFFF000000161A5A42B70D40869308
1113F129C8248300F110D82719516AA76B2F500FFFFFFFFFFCAFFF000000161A5A42B70D40868320
11140029C83E8300EA10D824195169A75B2E448FFFFFFFFFFCAFFF000000161A5A42B70D40869338
1113ED29C8338300E910D82519516AA78B2D03FFFFFFFFFFFCAFFF000000161A5A42B70D40868350
11140129C8398300EF10D82419516AA7AB2C03FFFFFFFFFFFCBFFF000000161A5A42B70C40868368
1113F629C8308300FB10D82319516BA78B2C03FFFFFFFFFFFCAFFF000000161A5A42B70C40868380
1113F829C82B8300FF10D82419516CA7AB2B03FFFFFFFFFFFCBFFF000000161A5A42B70C40869398
11140129C83C8300F310D82319516BA7AB2B03FFFFFFFFFFFCAFFF000000161A5A42B70C408683B0
11140C29C84C8300ED10D82119516BA77B294A6FFFFFFFFFFC9FFF000000161A5A42B70C408693C8
11140529C8448300EE10D82119516BA75B2903CFFFFFFFFFFC9FFF000000161A5A42B70D408683E0
1113FE29C83D8300EE10D82419516BA77B2703FFFFFFFFFFFCAFFF000000161A5A42B70C408683F8
11140829C84A8300EF10D82D19516CA77B2603FFFFFFFFFFFCAFFF000000161A5A42B70C40867310
11140B29C8498300F310D82A19516CA79B2503FFFFFFFFFFFCAFFF000000161A5A42B70C40867328
11140029C8428300F710D82619516FA79B2503FFFFFFFFFFFC9FFF000000161A5A42B70C40867340
11140629C8418300F810D82719516EA77B2403FFFFFFFFFFFC8FFF000000161A5A42B70C40868358
11140629C8468300F410D82919516FA78B2303FFFFFFFFFFFCAFFF000000161A5A42B70C40868370
11140729C8498300F210D82919516FA77B23671FFFFFFFFFFCBFFF000000161A5B42B70C40867388
11140629C8438300F210D827195170A75B2203BFFFFFFFFFFC9FFF000000161A5B42B70C408683A0
11140829C8418300EF10D827195171A76B2103FFFFFFFFFFFC9FFF000000161A5B42B70C408693B8
11140529C8448300EB10D829195171A76B2003FFFFFFFFFFFCAFFF000000161A5B42B70C408683D0
11140029C8388300EF10D827195171A75B1E03FFFFFFFFFFFCAFFF000000161A5B42B70C408683E8
1113FB29C8348300F810D826195171A76B1D03FFFFFFFFFFFCBFFF000000161A5B42B70C40868300
1113F429C82F8300FB10D825195172A77B1C03FFFFFFFFFFFCAFFF000000161A5B42B70C40869318
1113FD29C8388300F810D829195171A77B1C03FFFFFFFFFFFC9FFF000000161A5B42B70C40867330
11140229C83C8300F310D828195170A79B1B862FFFFFFFFFFCAFFF000000161A5B42B70C40867348
11140C29C84E8300E910D82C195172A78B1B03BFFFFFFFFFFCAFFF000000161A5B42B70C40868360
11142429C86C8300E410D838195173A78B1B03FFFFFFFFFFFCAFFF000000161A5B42B70C40869378
11141E29C8678300F110D837195178A78B1A03FFFFFFFFFFFCBFFF000000161A5B42B70C40868390
11141529C85E8300FE10D83319517BA77B1A03FFFFFFFFFFFCAFFF000000161A5B42B70C408683A8
11141629C85C8300FC10D83319517BA79B1903FFFFFFFFFFFCAFFF000000161A5B42B70C408683C0
11141829C8638300F310D831195179A79B190F1FFFFFFFFFFC9FFF000000161A5B42B70C408683D8
11142029C86A8300ED10D832195177A77B18350FFFFFFFFFFC9FFF000000161A5B42B70C408673F0
11142429C8738300ED10D835195178A76B1803FFFFFFFFFFFCAFFF000000161A5C42B70C40868308
11142629C8778300F110D82A19517AA75B1703FFFFFFFFFFFCAFFF000000161A5C42B70C40868320
11142729C8788300F410D829195179A74B1703FFFFFFFFFFFC9FFF000000161A5C42B70C40867338
11142929C8798300F210D82B195177A75B1703FFFFFFFFFFFC9FFF000000161A5C42B70C40868350
11141E29C86A8300F610D82C195176A75B1603FFFFFFFFFFFC9FFF000000161A5C42B70C40868368
11141C29C8678300F610D832195178A76B1603FFFFFFFFFFFCAFFF000000161A5C42B70C40868380
11142429C8718300ED10D82F195178A78B1503FFFFFFFFFFFC9FFF000000161A5C42B70C40868398
11142229C86F8300EA10D835195177A7AB1503FFFFFFFFFFFC9FFF000000161A5C42B70C408673B0
11141F29C86B8300F310D834195178A7AB1403FFFFFFFFFFFCAFFF000000161A5C42B70C408673C8
11142029C86A8300F910D83B19517AA77B1403FFFFFFFFFFFCAFFF000000161A5C42B70C408673E0
11141E29C86D8300F910D83919517FA77B141AEFFFFFFFFFFCBFFF000000161A5C42B70C408683F8
11141E29C86B8300F110D83A19517FA78B1454EFFFFFFFFFFC9FFF000000161A5C42B70C40868310
11141E29C8698300E610D83F19517EA76B1403FFFFFFFFFFFC9FFF000000161A5C42B70C40867328
11141C29C8698300EA10D835195181A76B1403FFFFFFFFFFFCAFFF000000161A5C42B70C40867340
11141829C8618300F910D839195183A76B1303FFFFFFFFFFFCAFFF000000161A5C42B70C40867358
11141929C8648300FD10D83B195183A77B1303FFFFFFFFFFFCAFFF000000161A5C42B70C40867370
11141829C8618300F510D83A195183A78B1303FFFFFFFFFFFCAFFF000000161A5D42B70C40867388
11141629C8618300EF10D839195183A77B12218FFFFFFFFFFCAFFF000000161A5D42B70C408673A0
11140E29C8548300EB10D838195180A79B120BAFFFFFFFFFFCAFFF000000161A5D42B70C408673B8
11140E29C84E8300EE10D83C195182A77B1203FFFFFFFFFFFCAFFF000000161A5D42B70C408683D0
11140D29C8558300F710D839195183A77B1303FFFFFFFFFFFCBFFF000000161A5D42B70C408673E8
11140D29C8558300FB10D83B195183A77B1303FFFFFFFFFFFCBFFF000000161A5D42B70C40869300
11140F29C8588300F610D83A195184A78B132A4FFFFFFFFFFCAFFF000000161A5D42B70C40867318
11140F29C8558300EC10D83D195184A79B13746FFFFFFFFFFCAFFF000000161A5D42B70C40867330
11140E29C8558300E710D83E195185A78B1303FFFFFFFFFFFCAFFF000000161A5D42B70C40867348
11141029C8548300F010D83F195187A78B1303FFFFFFFFFFFCAFFF000000161A5D42B70C40867360
11140129C8428300FC10D83F19518AA78B1303FFFFFFFFFFFCAFFF000000161A5D42B70C40868378
11140829C84A8300FE10D83F195189A77B1303FFFFFFFFFFFCAFFF000000161A5D42B70C40867390
11140C29C84D8300F510D840195188A77B1303FFFFFFFFFFFCAFFF000000161A5D42B70C408673A8
11141029C8528300E910D83F195187A77B1442FFFFFFFFFFFCAFFF000000161A5D42B70C408673C0
11141029C8568300E510D83D195189A77B1413BFFFFFFFFFFCAFFF000000161A5D42B70C408673D8
11140A29C8528300EC10D83E19518AA76B1303FFFFFFFFFFFCBFFF000000161A5D42B70C408683F0
1113FF29C8418300F610D83E19518AA76B1404EFFFFFFFFFFCBFFF000000161A5D42B70C40867308
11140129C8428300FC10D83F19518AA76B1403FFFFFFFFFFFCAFFF000000161A5D42B70C40867320
11140629C8468300FD10D83E19518AA77B1603FFFFFFFFFFFCAFFF000000161A5E42B70C40867338
11140429C8468300F810D83E195189A77B1703FFFFFFFFFFFCAFFF000000161A5E42B70C40867350
11140929C84A8300EE10D83F195189A75B1803FFFFFFFFFFFC9FFF000000161A5E42B70C40867368
11140B29C8518300E210D83A195187A76B165BCFFFFFFFFFFCAFFF000000161A5E42B70C40867380
11140A29C8518300E310D834195187A77B16194FFFFFFFFFFCAFFF000000161A5E42B70C40868398
11140729C84A8300F610D839195188A77B1703FFFFFFFFFFFC9FFF000000161A5E42B70C408673B0
11140229C84383010510D83D195188A77B1803FFFFFFFFFFFC9FFF000000161A5E42B70C408673C8
11140429C8418300FF10D83B195188A78B1903FFFFFFFFFFFC9FFF000000161A5E42B70C408673E0
11140929C84C8300EE10D83A195187A79B1B03FFFFFFFFFFFCAFFF000000161A5E42B70C408673F8
11140F29C8598300E710D835195186A78B1D03FFFFFFFFFFFCAFFF000000161A5E42B70C40867310
11140D29C8528300ED10D833195185A79B1C2E8FFFFFFFFFFCAFFF000000161A5E42B70C40867328
11140729C84D8300F410D837195185A79B1803FFFFFFFFFFFC9FFF000000161A5E42B70C40868340
11140929C84C8300F510D836195186A77B1403FFFFFFFFFFFC9FFF000000161A5E42B70C40867358
11140D29C8558300EF10D837195184A77B1203FFFFFFFFFFFC9FFF000000161A5E42B70B40867370
11140C29C8588300EF10D839195185A78B1203FFFFFFFFFFFC9FFF000000161A5E42B70B40867388
11140329C8418300FA10D835195187A79B13839FFFFFFFFFFC9FFF000000161A5E42B70B408673A0
1113FF29C8428300FA10D832195185A79B1521DFFFFFFFFFFCAFFF000000161A5E42B70B408673B8
11140B29C8518300EC10D834195182A78B1603FFFFFFFFFFFC9FFF000000161A5F42B70B408673D0
11140B29C8528300E610D82F195183A76B1703FFFFFFFFFFFC9FFF000000161A5F42B70B408673E8
1113FF29C8408300EE10D831195181A74B1803FFFFFFFFFFFC9FFF000000161A5F42B70B40867300
1113E729C8228300F710D833195183A74B1803FFFFFFFFFFFCAFFF000000161A5F42B70B40867318
1113ED29C8308300FA10D831195183A75B1903FFFFFFFFFFFCAFFF000000161A5F42B70B40867330
1113DA29C81B8300F610D833195181A75B1658EFFFFFFFFFFC9FFF000000161A5F42B70B40867348
11140229C8468300EE10D835195183A75B1003FFFFFFFFFFFC9FFF000000161A5F42B70B40867360
11140429C8458300EC10D831195183A75B1303FFFFFFFFFFFCBFFF000000161A5F42B70B40867378
1113F929C8358300F210D830195182A74B1403FFFFFFFFFFFCCFFF000000161A5F42B70B40867390
1113EC29C8238300F410D830195181A76B1303FFFFFFFFFFFCBFFF000000161A5F42B70B408673A8
1113FC29C8328300F210D83219517FA76B0E03FFFFFFFFFFFCBFFF000000161A5F42B70B408673C0
1113FB29C8358300EF10D831195181A75B080DFFFFFFFFFFFCAFFF000000161A5F42B70B408673D8
1113EE29C8248300F210D82F195182A76B050FFFFFFFFFFFFC9FFF000000161A5F42B70B408673F0
1113F629C82E8300FB10D82D195181A78B0303FFFFFFFFFFFCAFFF000000161A5F42B70B40867308
1113F629C82D8300FB10D82C195180A77B0403FFFFFFFFFFFCAFFF000000161A5F42B70B40867320
1113F029C8248300ED10D82819517CA77B0103FFFFFFFFFFFCAFFF000000161A5F42B70B40867338
1113F729C82C8300E510D82619517CA76AFE03FFFFFFFFFFFCAFFF000000161A5F42B70B40867350
1113DF29C80D8300EB10D82319517BA77AFD03FFFFFFFFFFFCAFFF000000161A5F42B70B40867368
1113E329C8158300F510D829195179A7AAFA03FFFFFFFFFFFCAFFF000000161A6042B70B40867380
1113EA29C81C8300F510D82E19517CA79AF9733FFFFFFFFFFCBFFF000000161A6042B70B40867398
1113E929C8218300F110D83019517EA76AF91F4FFFFFFFFFFCAFFF000000161A6042B70B408673B0
1113F329C82A8300F410D83319517FA77AF803FFFFFFFFFFFCAFFF000000161A6042B70B408673C8
1113F129C82D8300FC10D837195183A78AF703FFFFFFFFFFFCAFFF000000161A6042B70B408673E0
1113F029C8298300F810D835195183A79AF703FFFFFFFFFFFCAFFF000000161A6042B70B408673F8
1113F029C8278300EC10D82F195182A79AF703FFFFFFFFFFFC9FFF000000161A6042B70B40867310
1113FA29C8318300E410D82919517FA79AF703FFFFFFFFFFFC9FFF000000161A6042B70B40867328
1113EC29C8288300E510D82A19517DA78AF8482FFFFFFFFFFC9FFF000000161A6042B70B40867340
1113BB29C7D38300EF10D82E19517EA75AF803FFFFFFFFFFFCAFFF000000161A6042B70B40867358
1113A229C7BF8300FC10D836195182A75AF903FFFFFFFFFFFCBFFF000000161A6042B70B40867370
1113C429C7E683010110D835195185A75AF803FFFFFFFFFFFCBFFF000000161A6042B70B40867388
1113BC29C7D68300F810D835195185A75AF703FFFFFFFFFFFC9FFF000000161A6042B70B408673A0
1113A529C7B58300F110D82D195183A76AF603FFFFFFFFFFFCAFFF000000161A6042B70B408673B8
1113A629C7B78300EA10D825195181A76AF70FAFFFFFFFFFFCBFFF000000161A6042B70B408673D0
1113CB29C7E78300E210D82619517FA77AF7121FFFFFFFFFFC8FFF000000161A6042B70B408673E8
1113BD29C7D38300E710D82819517FA76AF703FFFFFFFFFFFC9FFF000000161A6042B70B40867300
1113AF29C7CA8300F810D826195182A78AF7334FFFFFFFFFFC9FFF000000161A6142B70B40867318
1113BD29C7DC83010010D82019517AA7BAF6342FFFFFFFFFFC9FFF000000161A6142B70B40867330
1113B629C7D68300FC10D824195178A7BAF54C9FFFFFFFFFFCAFFF000000161A6142B70B40867348
1113B229C7CE8300F410D82319517AA79AF6470FFFFFFFFFFCAFFF000000161A6142B70B40867360
1113D829C7FF8300EA10D82719517AA78AF64D5FFFFFFFFFFCAFFF000000161A6142B70B40867378
1113EF29C81F8300E110D82819517DA76AF447FFFFFFFFFFFC9FFF000000161A6142B70B40867390
1113EB29C81A8300E910D825195180A76AF403FFFFFFFFFFFCAFFF000000161A6142B70B408673A8
1113CB29C7F48300FB10D81E19517EA78AF560DFFFFFFFFFFCBFFF000000161A6142B70B408673C0
1113D729C8008300FF10D826195179A7CAF54C9FFFFFFFFFFCAFFF000000161A6142B70B408673D8
1113D929C8078300F410D82519517CA7CAF603FFFFFFFFFFFCAFFF000000161A6142B70B408673F0
1113D829C8008300EC10D82619517BA79AF648DFFFFFFFFFFC9FFF000000161A6142B70B40867308
1113D729C8068300ED10D82519517FA78AF703FFFFFFFFFFFC9FFF000000161A6142B70B40867320
1113DE29C8078300EF10D82519517BA79AF603FFFFFFFFFFFC9FFF000000161A6142B70B40867338
1113DF29C8108300F210D82319517CA78AF75C3FFFFFFFFFFCAFFF000000161A6142B70B40867350
1113E429C8178300F410D82319517BA77AF503FFFFFFFFFFFC9FFF000000161A6142B70B40867368
1113EA29C81F8300F210D82619517AA75AF403FFFFFFFFFFFC9FFF000000161A6142B70B40867380
1113F029C8248300EF10D82819517DA75AF46BBFFFFFFFFFFCAFFF000000161A6142B70B40867398
1113F629C8338300F110D82219517DA77AF404BFFFFFFFFFFCAFFF000000161A6142B70B408673B0
1113F629C8318300F710D81F195176A77AF58FEFFFFFFFFFFCAFFF000000161A6242B70B408673C8
1113F529C8298300F610D827195178A78AF403FFFFFFFFFFFCAFFF000000161A6242B70B408653E0
1113F729C82D8300EE10D82B19517CA78AF227DFFFFFFFFFFCAFFF000000161A6242B70B408673F8
1113F729C8358300E910D82E195181A78AF30E5FFFFFFFFFFCAFFF000000161A6242B70B40867310
1113F429C82C8300ED10D82B195184A7AAF503FFFFFFFFFFFCAFFF000000161A6242B70B40867328
1113EE29C8268300F310D82619517FA7AAF51F1FFFFFFFFFFCAFFF000000161A6242B70B40867340
1113EE29C8268300F510D82819517DA79AF6B63FFFFFFFFFFC9FFF000000161A6242B70B40865358
1113F129C82A8300F610D82B19517EA78AF703FFFFFFFFFFFC9FFF000000161A6242B70B40867370
1113F529C82D8300F510D82C19517FA7AAF749DFFFFFFFFFFCAFFF000000161A6242B70B40867388
1113FD29C8378300F010D82D195181A79AF7171FFFFFFFFFFCAFFF000000161A6242B70B408673A0
1113FC29C83F8300EC10D82D19517FA78AF703FFFFFFFFFFFC9FFF000000161A6242B70B408673B8
1113FB29C8418300EC10D82C195182A78AF7748FFFFFFFFFFC9FFF000000161A6242B70B408673D0
11140129C8428300EE10D82319517FA76AF520EFFFFFFFFFFCAFFF000000161A6242B70B408653E8
1113FC29C83F8300F410D82D19517FA77AF6066FFFFFFFFFFCAFFF000000161A6242B70B40867300
1113FD29C83E8300FB10D834195184A76AF6A12FFFFFFFFFFCAFFF000000161A6242B70B40867318
11140029C8408300F610D830195184A77AF8275FFFFFFFFFFCAFFF000000161A6242B70B40867330
11140129C8428300EF10D832195185A76AF80A2FFFFFFFFFFCBFFF000000161A6242B70B40867348
11140229C8428300ED10D82F195185A76AF729AFFFFFFFFFFCBFFF000000161A6342B70B40867360
11140229C8458300EC10D82D195183A75AF303FFFFFFFFFFFC9FFF000000161A6342B70B40867378
1113FC29C83C8300EE10D82C195183A74AF213BFFFFFFFFFFC8FFF000000161A6342B70B40867390
1113FC29C83C8300F310D82B195182A75AF24A8FFFFFFFFFFC9FFF000000161A6342B70B408673A8
1113FF29C8428300F610D82A195181A76AF303FFFFFFFFFFFCAFFF000000161A6342B70A408673C0
1113FE29C8418300F410D82B19517EA7BAF314CFFFFFFFFFFC9FFF000000161A6342B70A408673D8
11140129C8458300F410D82A195181A7AAF34D9FFFFFFFFFFCAFFF000000161A6342B70A408673F0
1113FE29C8418300F510D81F19517CA79AF5203FFFFFFFFFFCBFFF000000161A6342B70B40865308
11140429C8448300EF10D82E195178A7AAF668AFFFFFFFFFFCAFFF000000161A6342B70B40867320
11140229C8488300E710D83E195184A7AAF403FFFFFFFFFFFCBFFF000000161A6342B70A40867338
11140229C8448300E910D856195193A78AF331DFFFFFFFFFFCAFFF000000161A6342B70A40867350
11140929C84E8300F110D83E195194A79AF47E5FFFFFFFFFFCAFFF000000161A6342B70A40867368
11140529C84F8300F710D83B19518EA79AF403FFFFFFFFFFFCAFFF000000161A6342B70A40867380
11140629C84B8300FD10D82F19518AA77AF5455FFFFFFFFFFCAFFF000000161A6342B70A40867398
11140929C84A8300FB10D83E195186A78AF603AFFFFFFFFFFCAFFF000000161A6342B70A408673B0
11140F29C8548300EC10D84719518DA78AF603FFFFFFFFFFFCAFFF000000161A6342B70A408673C8
11142329C8738300E010D86E19519EA76AF4651FFFFFFFFFFCAFFF000000161A6342B70A408653E0
11140B29C84D8300E910D84A1951A7A76AF403BFFFFFFFFFFCAFFF000000161A6342B70A408673F8
1113FB29C83A8300F910D83D195196A77AF303FFFFFFFFFFFC9FFF000000161A6342B70A40865310
1113FB29C83D8300FE10D83B19518AA77AF37ECFFFFFFFFFFCBFFF000000161A6442B70A40867328
11140329C8418300F510D84619518FA76AF4039FFFFFFFFFFCCFFF000000161A6442B70A40865340
11140229C8458300ED10D849195190A76AF603FFFFFFFFFFFCAFFF000000161A6442B70A40867358
11140629C8438300EE10D84C195195A78AF681CFFFFFFFFFFCAFFF000000161A6442B70A40865370
1113FB29C8398300F210D83F195195A7AAF5039FFFFFFFFFFC9FFF000000161A6442B70A40865388
1113FE29C8388300EF10D84819518FA77AF412DFFFFFFFFFFC9FFF000000161A6442B70A408673A0
11140629C84B8300EB10D84D195192A75AF4168FFFFFFFFFFCAFFF000000161A6442B70A408653B8
1113FC29C8398300EF10D83A195194A74AF503FFFFFFFFFFFCAFFF000000161A6442B70A408653D0
1113F029C8268300F810D828195184A76AF6235FFFFFFFFFFCAFFF000000161A6442B70A408653E8
1113FA29C8318300F710D82F195180A76AF827CFFFFFFFFFFC9FFF000000161A6442B70A40867300
1113FA29C8358300F410D834195183A76AF703FFFFFFFFFFFCBFFF000000161A6442B70A40865318
1113F229C82E8300F110D837195185A75AF533CFFFFFFFFFFCCFFF000000161A6442B70A40867330
1113EE29C8288300ED10D83A195186A76AF4370FFFFFFFFFFCBFFF000000161A6442B70A40867348
11140029C8348300EB10D84419518EA78AF303FFFFFFFFFFFCAFFF000000161A6442B70A40867360
1113F029C82A8300EE10D83419518EA78AF23FAFFFFFFFFFFCAFFF000000161A6442B70A40867378
1113E629C81C8300F210D830195184A7AAF340FFFFFFFFFFFCAFFF000000161A6442B70A40865390
1113E529C8148300F710D834195182A78AF403FFFFFFFFFFFCAFFF000000161A6442B70A408653A8
1113E829C81E8300F810D835195184A77AF581BFFFFFFFFFFCAFFF000000161A6542B70A408653C0
1113F329C8288300F210D83B195184A78AF85B4FFFFFFFFFFCAFFF000000161A6542B70A408653D8
1113F329C8258300EB10D841195186A77AF903FFFFFFFFFFFCAFFF000000161A6542B70A408653F0
1113EA29C81F8300EB10D84519518EA78AF9287FFFFFFFFFFC9FFF000000161A6542B70A40867308
1113EA29C81A8300F310D83D19518BA77AF603FFFFFFFFFFFC9FFF000000161A6542B70A40867320
1113EE29C81F8300F710D83E19518BA75AF303FFFFFFFFFFFC9FFF000000161A6542B70A40865338
1113EC29C8228300F310D84219518BA75AF2712FFFFFFFFFFCAFFF000000161A6542B70A40865350
1113EC29C81F8300EE10D84319518DA76AF403FFFFFFFFFFFCAFFF000000161A6542B70A40865368
1113EC29C81E8300ED10D83A19518BA77AF203FFFFFFFFFFFCCFFF000000161A6542B70A40865380
1113E629C8168300F310D83F19518AA76AEF6FDFFFFFFFFFFC9FFF000000161A6542B70A40865398
1113E429C8158300F910D84219518DA76AF303FFFFFFFFFFFC9FFF000000161A6542B70A408673B0
1113E729C8188300F410D84019518BA76AF603FFFFFFFFFFFCAFFF000000161A6542B70A408673C8
1113EF29C8238300EA10D84219518CA75AF703FFFFFFFFFFFC9FFF000000161A6542B70A408673E0
1113F129C8258300E710D83F19518BA77AFC03FFFFFFFFFFFC9FFF000000161A6542B70A408673F8
1113EB29C81E8300F110D835195187A78B0003FFFFFFFFFFFCAFFF000000161A6542B70A40865310
1113F229C8238300FC10D82619517FA79B004BFFFFFFFFFFFCBFFF000000161A6542B70A40865328
1113F129C8238300F810D83119517CA79AFC03FFFFFFFFFFFCAFFF000000161A6542B70A40865340
1113E329C8188300EF10D82F195180A79AFF03FFFFFFFFFFFC9FFF000000161A6642B70A40867358
1113E329C8148300E910D83319517DA79AFE03FFFFFFFFFFFC9FFF000000161A6642B70A40865370
1113E229C8148300EA10D840195186A79AFA03FFFFFFFFFFFCAFFF000000161A6642B70A40865388
1113E229C8108300EF10D82F195185A75AF503FFFFFFFFFFFCAFFF000000161A6642B70A408653A0
1113E429C8178300F810D82719517DA76AF7089FFFFFFFFFFC9FFF000000161A6642B70A408653B8
1113E229C8108300F710D82B19517AA77AF90A5FFFFFFFFFFC9FFF000000161A6642B70A408653D0
1113E029C8118300ED10D82619517AA76AF703FFFFFFFFFFFC9FFF000000161A6642B70A408673E8
1113DE29C80E8300ED10D823195176A75AF403FFFFFFFFFFFC9FFF000000161A6642B70A40865300
1113D929C8058300F310D827195176A77AF603FFFFFFFFFFFC9FFF000000161A6642B70A40865318
1113DE29C8098300EF10D828195177A78AF803FFFFFFFFFFFCAFFF000000161A6642B70A40865330
1113DF29C80C8300ED10D82A195179A7AAF67A9FFFFFFFFFFCBFFF000000161A6642B70A40865348
1113D729C8058300EF10D829195179A77AEF03FFFFFFFFFFFCBFFF000000161A6642B70A40865360
1113D529C8048300F510D822195176A75AF203FFFFFFFFFFFCAFFF000000161A6642B70A40865378
1113D129C7FF8300F810D827195177A78AF203FFFFFFFFFFFCAFFF000000161A6642B70A40867390
1113E129C80C8300F410D83019517AA76AF103FFFFFFFFFFFCAFFF000000161A6642B70A408653A8
1113D029C7FD8300EC10D829195179A78AF403FFFFFFFFFFFCBFFF000000161A6642B70A408653C0
1113DD29C8078300EA10D828195175A79AF41AEFFFFFFFFFFCAFFF000000161A6642B70A408653D8
1113D029C7F88300EF10D818195172A78AF2204FFFFFFFFFFCAFFF000000161A6742B70A408653F0
1113CB29C7F58300F410D80B195168A77AF503FFFFFFFFFFFCAFFF000000161A6742B70A40865308
1113CE29C7F68300F510D812195168A78AF203FFFFFFFFFFFCAFFF000000161A6742B70A40865320
1113C429C7F08300F510D813195168A79AEE03FFFFFFFFFFFCAFFF000000161A6742B70A40865338
1113DA29C8038300F110D81C19516AA78AEE03FFFFFFFFFFFC9FFF000000161A6742B70A40865350
1113E829C8178300EF10D81A19516DA76AE9AD0FFFFFFFFFFC9FFF000000161A6742B70A40865368
1113E429C8128300EF10D81119516BA77AEA03FFFFFFFFFFFCAFFF000000161A6742B70A40865380
1113F029C8148300EF10D815195168A76AEC03FFFFFFFFFFFCAFFF000000161A6742B70A40865398
1113E429C8148300F110D800195162A77AEA03FFFFFFFFFFFC9FFF000000161A6742B70A408653B0
1113BA29C7D48300F710D7E9195156A79AEB03FFFFFFFFFFFC7FFF000000161A6742B70A408653C8
1113B029C7CF8300F810D7E7195143A78AE8056FFFFFFFFFFCBFFF000000161A6742B70A408653E0
1113D129C7F28300ED10D802195154A76AE703FFFFFFFFFFFCBFFF000000161A6742B70A408653F8
1113CF29C7F28300E910D811195160A77AE703FFFFFFFFFFFCAFFF000000161A6742B70A40865310
1113C629C7E68300EF10D7F6195159A76AE403FFFFFFFFFFFCAFFF000000161A6742B70A40865328
1113B429C7C98300F610D7ED19514EA77AE403FFFFFFFFFFFCBFFF000000161A6742B70A40865340
1113AD29C7CC8300F810D7F219514DA77AE93A0FFFFFFFFFFCAFFF000000161A6742B70A40865358
1113AF29C7CE8300F410D7FA195153A79AEB3E8FFFFFFFFFFC9FFF000000161A6742B70A40865370
1113C029C7D58300ED10D7FD195154A77AEA03FFFFFFFFFFFC8FFF000000161A6842B70A40865388
1113B329C7CC8300E910D7FA195152A76AE603FFFFFFFFFFFCAFFF000000161A6842B70A408653A0
1113AD29C7C68300F010D7F2195152A78AE703FFFFFFFFFFFCAFFF000000161A6842B70A408653B8
1113A729C7BE8300FB10D7E6195148A79AE803FFFFFFFFFFFC9FFF000000161A6842B70A408653D0
1113AB29C7C58300F710D7F119514AA79AEA03FFFFFFFFFFFCBFFF000000161A6842B70A408653E8
1113B729C7CE8300EA10D7F219514DA76AEA32EFFFFFFFFFFCBFFF000000161A6842B70940865300
1113B029C7C68300E710D7F119514EA77AE603BFFFFFFFFFFCBFFF000000161A6842B70940865318
1113A329C7B68300F210D7E5195148A78AE103FFFFFFFFFFFCAFFF000000161A6842B70940865330
1113A029C7B48300FC10D7EB195147A77AE203FFFFFFFFFFFCAFFF000000161A6842B70940865348
1113A729C7B68300F610D7ED195149A78ADF03FFFFFFFFFFFCAFFF000000161A6842B70940865360
1113AC29C7C68300ED10D7E6195145A78AE3568FFFFFFFFFFC9FFF000000161A6842B70940865378
1113A329C7B28300EC10D7EC195146A78AE655DFFFFFFFFFFC9FFF000000161A6842B70940865390
11139C29C7AB8300F110D7EA195149A79AE303FFFFFFFFFFFCAFFF000000161A6842B709408653A8
11139729C7A98300F210D7E6195145A7AADF03FFFFFFFFFFFC9FFF000000161A6842B709408653C0
11139729C7A38300F310D7E8195147A79AD903FFFFFFFFFFFC9FFF000000161A6842B709408653D8
11139629C7A28300F510D7EA195146A79AD803FFFFFFFFFFFC8FFF000000161A6842B709408653F0
11139329C7A48300F410D7E8195145A77AD9049FFFFFFFFFFC8FFF000000161A6842B70940865308
11139429C7A48300F410D7E9195147A74AD303FFFFFFFFFFFC8FFF000000161A6942B70940865320
11138E29C7998300F310D7EC195146A73ACE03FFFFFFFFFFFCBFFF000000161A6942B70940865338
11139E29C7A98300EB10D7DE195144A77AD203FFFFFFFFFFFCAFFF000000161A6942B70940865350
1113AC29C7C08300E510D7D1195137A78AD503FFFFFFFFFFFCAFFF000000161A6942B70940865368
11138029C7828300EF10D7CA19512FA79AD570EFFFFFFFFFFCAFFF000000161A6942B70940865380
11138829C7908300FF10D7DD19513BA77AD3039FFFFFFFFFFCAFFF000000161A6942B70940865398
11138929C79683010110D7DD19513BA78AD203FFFFFFFFFFFCAFFF000000161A6942B709408653B0
11138E29C7958300F210D7D819513AA78AD403FFFFFFFFFFFC9FFF000000161A6942B709408653C8
11139B29C7A98300E310D7D7195133A76ADA03FFFFFFFFFFFC9FFF000000161A6942B709408653E0
1113AB29C7B68300E110D7E3195142A77AD903FFFFFFFFFFFCAFFF000000161A6942B709408653F8
11138F29C7998300F110D7C6195131A76AD708DFFFFFFFFFFC9FFF000000161A6942B70940865310
11138829C7958300FF10D7CC19512DA77AD52A4FFFFFFFFFFC8FFF000000161A6942B70940865328
11138929C78B8300FC10D7D0195131A7AAD303FFFFFFFFFFFCAFFF000000161A6942B70940865340
11138329C7888300ED10D7CC19512CA7AAD003FFFFFFFFFFFCAFFF000000161A6942B70940865358
11138F29C7968300E810D7DC195137A78ACD03FFFFFFFFFFFC9FFF000000161A6942B70940865370
11138129C7878300EE10D7CC195134A78AD203FFFFFFFFFFFCAFFF000000161A6942B70940865388
11138029C7858300F410D7C819512EA7AAD2A45FFFFFFFFFFCAFFF000000161A6942B709408653A0
11138629C78C8300F710D7C4195128A79AD4038FFFFFFFFFFCAFFF000000161A6A42B709408653B8
11138C29C7938300F410D7C919512AA76AD003FFFFFFFFFFFCAFFF000000161A6A42B709408653D0
11138129C7868300EF10D7D319512FA78ACE03FFFFFFFFFFFCAFFF000000161A6A42B709408653E8
11137929C7758300F010D7D1195135A77ACD03FFFFFFFFFFFCAFFF000000161A6A42B70940865300
11137129C7688300F410D7CA19512FA77ACC03FFFFFFFFFFFCBFFF000000161A6A42B70940865318
11138329C7778300F110D7D1195131A79ACF11EFFFFFFFFFFCAFFF000000161A6A42B70940865330
11138229C77D8300ED10D7D7195135A79ACD4E3FFFFFFFFFFCAFFF000000161A6A42B70940865348
11136D29C7688300F210D7CD195133A77AD103FFFFFFFFFFFCBFFF000000161A6A42B70940865360
11136E29C76B8300F910D7C319512CA77AD403FFFFFFFFFFFCBFFF000000161A6A42B70940865378
11136F29C76B8300F610D7D019512FA7AAD403FFFFFFFFFFFCBFFF000000161A6A42B70940865390
11138C29C78C8300EE10D7D0195131A77AD203FFFFFFFFFFFCBFFF000000161A6A42B709408653A8
11138429C7898300EE10D7C9195132A78AD403FFFFFFFFFFFCBFFF000000161A6A42B709408653C0
11137929C7868300F010D7C1195128A75AD616CFFFFFFFFFFC9FFF000000161A6A42B709408653D8
11137F29C78B8300EF10D7C219512BA76AD10A9FFFFFFFFFFC9FFF000000161A6A42B709408653F0
11138929C7928300F110D7BE195127A78ACF03FFFFFFFFFFFC9FFF000000161A6A42B70940865308
11139529C79D8300F510D7B8195121A78AD003FFFFFFFFFFFC9FFF000000161A6A42B70940865320
11139929C7A58300F610D7BE195123A79AD403FFFFFFFFFFFCAFFF000000161A6A42B70940865338
11139229C7A08300F810D7C1195127A79AD11F2FFFFFFFFFFCAFFF000000161A6B42B70940865350
11139529C79E8300F210D7C719512AA78ACD720FFFFFFFFFFC9FFF000000161A6B42B70940865368
11139829C7A48300E810D7D1195130A77ACC03FFFFFFFFFFFC9FFF000000161A6B42B70940865380
11139629C7A18300EB10D7D2195133A78ACC03FFFFFFFFFFFCBFFF000000161A6B42B70940865398
11139D29C7AB8300F710D7DF195139A76AD103FFFFFFFFFFFCBFFF000000161A6B42B709408653B0
11139C29C7A98300F810D7DF19513CA78AD103FFFFFFFFFFFCAFFF000000161A6B42B709408653C8
11139A29C7A98300F010D7DA195136A77ACF03FFFFFFFFFFFC9FFF000000161A6B42B709408653E0
11139629C7A78300ED10D7D8195137A77AD036CFFFFFFFFFFC9FFF000000161A6B42B709408653F8
11139E29C7AE8300F010D7D9195136A79ACF151FFFFFFFFFFCAFFF000000161A6B42B70940865310
1113A429C7B88300F710D7E119513BA7CACE03FFFFFFFFFFFCAFFF000000161A6B42B70940865328
11139E29C7AD8300F510D7DF19513CA7BACE03FFFFFFFFFFFCAFFF000000161A6B42B70940865340
1113A229C7B58300EF10D7DC19513BA77ACD03FFFFFFFFFFFCAFFF000000161A6B42B70940865358
1113A129C7B18300EC10D7D8195138A75ACC03FFFFFFFFFFFCAFFF000000161A6B42B70940865370
1113AB29C7C08300F010D7E219513CA75ACE03FFFFFFFFFFFCAFFF000000161A6B42B70940865388
1113AC29C7C38300F910D7EA195143A76AD00BEFFFFFFFFFFCBFFF000000161A6B42B709408653A0
1113AC29C7C48300F910D7E9195143A78ACF03FFFFFFFFFFFCAFFF000000161A6B42B709408653B8
1113B129C7C68300EE10D7E8195141A79ACB03FFFFFFFFFFFCAFFF000000161A6C42B709408653D0
1113B829C7CF8300E810D7E9195144A7AAC603FFFFFFFFFFFCAFFF000000161A6C42B709408653E8
1113B729C7D08300ED10D7EC195145A77ACA03FFFFFFFFFFFCAFFF000000161A6C42B70940865300
1113AF29C7CB8300F710D7EE195148A78ACC5B2FFFFFFFFFFCBFFF000000161A6C42B70940865318
11139129C7AB8300FD10D7EE195147A78ACB1FCFFFFFFFFFFCBFFF000000161A6C42B70940865330
1113AF29C7C38300F410D7EC195146A78ACA03FFFFFFFFFFFCBFFF000000161A6C42B70940865348
1113B629C7CE8300EA10D7E9195144A78AC903FFFFFFFFFFFC9FFF000000161A6C42B70940865360
1113AA29C7C18300F010D7E5195144A76AC803FFFFFFFFFFFC9FFF000000161A6C42B70940865378
11139929C7AB8300F910D7E5195141A75AC803FFFFFFFFFFFC9FFF000000161A6C42B70940865390
1113A929C7BB8300F310D7E9195143A75ACA03FFFFFFFFFFFC9FFF000000161A6C42B709408653A8
1113AB29C7C38300EB10D7E419513FA76ACC35BFFFFFFFFFFC9FFF000000161A6C42B708408653C0
1113A129C7B28300EF10D7E2195140A77AD003FFFFFFFFFFFC9FFF000000161A6C42B708408653D8
11139E29C7AF8300F810D7DA19513BA76ACE03FFFFFFFFFFFCBFFF000000161A6C42B708408653F0
11139429C7A78300F910D7DD19513AA78ACD03FFFFFFFFFFFC9FFF000000161A6C42B70840865308
11139B29C7A98300F210D7DF19513CA77ACF03FFFFFFFFFFFCAFFF000000161A6C42B70840865320
11139C29C7B28300E910D7C219512FA76ACF855FFFFFFFFFFCAFFF000000161A6C42B70840865338
11139329C79E8300EB10D7C7195126A77ACD2B4FFFFFFFFFFCAFFF000000161A6D42B70840865350
11139429C7A08300F510D7CD19512DA77ACE03FFFFFFFFFFFCAFFF000000161A6D42B70840865368
11139729C7A28300F810D7CF19512FA79ACC03FFFFFFFFFFFCAFFF000000161A6D42B70840865380
11138C29C79A8300F210D7CF19512DA78ACC03FFFFFFFFFFFCAFFF000000161A6D42B70840865398
11139629C79C8300EF10D7D319507FA77ACC047FFFFFFFFFFCAFFF000000161A6D42B708408653B0
11139229C79D8300F210D7CC19512FA79ACD04CFFFFFFFFFFCAFFF000000161A6D42B708408653C8
11138F29C7998300F410D7CB19512AA78ACF03FFFFFFFFFFFCAFFF000000161A6D42B708408653E0
11139529C79F8300F010D7CF195131A78ACD03FFFFFFFFFFFCAFFF000000161A6D42B708408653F8
11139529C79E8300EE10D7D8195135A7AACF03FFFFFFFFFFFCBFFF000000161A6D42B70840865310
11139429C7A08300F210D7DA195137A7AAD003FFFFFFFFFFFCCFFF000000161A6D42B70840865328
11139629C7A28300F610D7DA195137A78ACB747FFFFFFFFFFCBFFF000000161A6D42B70840865340
11139729C7A38300F510D7DF19513BA79AC803FFFFFFFFFFFCAFFF000000161A6D42B70840865358
11139F29C7AE8300F010D7E219513EA79AC603FFFFFFFFFFFCAFFF000000161A6D42B70840865370
11139D29C7AB8300EC10D7E319513EA77AC703FFFFFFFFFFFCBFFF000000161A6D42B70840865388
1113A029C7AF8300EF10D7E9195140A77ACA03FFFFFFFFFFFCAFFF000000161A6D42B708408653A0
11139E29C7AD8300F610D7ED195145A78ACA03FFFFFFFFFFFC9FFF000000161A6D42B708408653B8
11139D29C7AF8300F410D7EC195146A77AC917AFFFFFFFFFFC9FFF000000161A6E42B708408653D0
1113A329C7B58300F110D7EC195143A79ACA1F1FFFFFFFFFFCAFFF000000161A6E42B708408653E8
1113A029C7B28300F310D7F2195147A78ACD03FFFFFFFFFFFC9FFF000000161A6E42B70840865300
1113A129C7B38300F510D7F519514BA76ACE03FFFFFFFFFFFCAFFF000000161A6E42B70840865318
1113A929C7B88300ED10D7EF195149A76ACC03FFFFFFFFFFFCAFFF000000161A6E42B70840865330
1113B329C7C68300E810D7EC195145A77ACC03FFFFFFFFFFFCAFFF000000161A6E42B70840865348
1113AD29C7C18300F110D7F4195148A76ACDA80FFFFFFFFFFCBFFF000000161A6E42B70840865360
1113AC29C7C18300F910D7F319514BA77AC803FFFFFFFFFFFCAFFF000000161A6E42B70840865378
1113B129C7C98300FA10D7F619514DA79AC703FFFFFFFFFFFCAFFF000000161A6E42B70840865390
1113B129C7C68300F210D7F519514CA76AC803FFFFFFFFFFFCAFFF000000161A6E42B708408653A8
1113B729C7CE8300E910D7F319514DA76ACA03FFFFFFFFFFFCAFFF000000161A6E42B708408653C0
1113B129C7CA8300E610D7F1195149A77ACC04AFFFFFFFFFFCAFFF000000161A6E42B708408653D8
1113A729C7B68300F010D7F219514AA76ACA03FFFFFFFFFFFCAFFF000000161A6E42B708408653F0
1113AB29C7C78300FC10D7F419514DA77AC803FFFFFFFFFFFC9FFF000000161A6E42B70840865308
1113AD29C7C28300FC10D7F819514EA78AC603FFFFFFFFFFFC9FFF000000161A6E42B70840865320
1113AE29C7C78300F310D7F319514BA79AC603FFFFFFFFFFFCAFFF000000161A6E42B70840865338
1113A629C7B78300ED10D7F119514AA7AAC535BFFFFFFFFFFCBFFF000000161A6E42B70840865350
1113A429C7B78300EE10D7F419514BA77AC63F7FFFFFFFFFFCBFFF000000161A6F42B70840865368
11139F29C7B38300ED10D7FB195150A77AC703FFFFFFFFFFFCAFFF000000161A6F42B70840865380
1113A029C7AE8300ED10D7F9195150A78AC603FFFFFFFFFFFC9FFF000000161A6F42B70840865398
11139729C7A28300F310D7F019514BA78AC803FFFFFFFFFFFC9FFF000000161A6F42B708408653B0
11139329C79E8300F910D7E4195142A77ACA03FFFFFFFFFFFCAFFF000000161A6F42B708408653C8
11139529C79C8300F810D7EA195144A77ACC03FFFFFFFFFFFCBFFF000000161A6F42B708408653E0
11139829C7AB8300F410D7ED195147A77AC9300FFFFFFFFFFCAFFF000000161A6F42B708408653F8
11139A29C7A48300EE10D7F219514AA76ACB03DFFFFFFFFFFCAFFF000000161A6F42B70840865310
11139729C7A38300EA10D7FA195150A76ACA03FFFFFFFFFFFC9FFF000000161A6F42B70840865328
11139129C7958300EE10D7F319514DA76AC903FFFFFFFFFFFC9FFF000000161A6F42B70840865340
11137929C77E8300F410D7EF195149A75AC703FFFFFFFFFFFC9FFF000000161A6F42B70840865358
11137729C7798300F510D7ED195149A76AC850AFFFFFFFFFFCAFFF000000161A6F42B70840865370
11138329C7888300F310D7F319514AA79AC7578FFFFFFFFFFCAFFF000000161A6F42B70840865388
11136F29C7708300F310D7F219514BA78AC903FFFFFFFFFFFCAFFF000000161A6F42B708408653A0
11136829C7678300F510D7F019514AA79AC903FFFFFFFFFFFC9FFF000000161A6F42B708408653B8
11137629C7718300F210D7F219514AA79AC603FFFFFFFFFFFC9FFF000000161A6F42B708408653D0
11137D29C77C8300EE10D7F119514AA78AC503FFFFFFFFFFFC9FFF000000161A7042B708408653E8
11136729C7638300ED10D7F019514BA78AC903FFFFFFFFFFFCAFFF000000161A7042B70840865300
11136529C7638300EC10D7F419514DA78ACF5C2FFFFFFFFFFCAFFF000000161A7042B70840865318
11136729C75E8300F010D7ED19514AA78AD103DFFFFFFFFFFCBFFF000000161A7042B70840865330
11136E29C7698300F910D7DE195140A79ACF03FFFFFFFFFFFCBFFF000000161A7042B70840865348
11136D29C7688300FC10D7DF19513CA7AACD03FFFFFFFFFFFCAFFF000000161A7042B70840865360
11137C29C7748300F510D7E7195140A7AACF03FFFFFFFFFFFCAFFF000000161A7042B70840865378
11137629C7788300EC10D7ED195145A79AD503FFFFFFFFFFFCAFFF000000161A7042B70840865390
11139229C7928300E410D7F619514AA76AD105AFFFFFFFFFFCAFFF000000161A7042B708408653A8
11139329C7988300E610D7F119514CA75ACD1BDFFFFFFFFFFCAFFF000000161A7042B708408653C0
11138129C7878300F110D7E3195143A77ACB03FFFFFFFFFFFCAFFF000000161A7042B708408653D8
11137329C7758300FA10D7D419513AA77ACE03FFFFFFFFFFFCAFFF000000161A7042B708408653F0
11137829C7838300FF10D7D5195136A78AD003FFFFFFFFFFFCAFFF000000161A7042B70840865308
11138329C7828300FC10D7DC195138A78ACD03FFFFFFFFFFFC9FFF000000161A7042B70840865320
11138F29C7908300F110D7DB19513AA75ACD8D7FFFFFFFFFFC9FFF000000161A7042B70840865338
1113A629C7BC8300E210D7DD19513BA73ACE03EFFFFFFFFFFCAFFF000000161A7042B70840865350
1113AF29C7C48300DF10D7DC19513CA74ACB03FFFFFFFFFFFC8FFF000000161A7042B70840865368
11139129C79B8300ED10D7D9195139A77ACA03FFFFFFFFFFFCAFFF000000161A7142B70840865380
11137729C77A8300FA10D7C419512DA76ACD03FFFFFFFFFFFCBFFF000000161A7142B70840865398
11138229C78B8300FF10D7CD19512EA76ACE03FFFFFFFFFFFCAFFF000000161A7142B708408653B0
11138629C78B8300FB10D7CF195132A79ACF0BBFFFFFFFFFFCBFFF000000161A7142B708408653C8
11139029C79C8300F110D7D6195133A7AACD409FFFFFFFFFFC9FFF000000161A7142B708408653E0
1113A529C7B68300E510D7DB195138A78ACD03FFFFFFFFFFFC9FFF000000161A7142B708408653F8
1113A529C7B68300E310D7DD19513DA78ACE03FFFFFFFFFFFC9FFF000000161A7142B70840865310
11138C29C7948300EE10D7D4195135A78ACF03FFFFFFFFFFFC9FFF000000161A7142B70840865328
11137C29C7828300F810D7D0195133A7AACD03FFFFFFFFFFFCAFFF000000161A7142B70840865340
11138229C7898300F810D7D4195134A7AACC03FFFFFFFFFFFCAFFF000000161A7142B70840865358
11138029C7868300F510D7C8195130A79ACD046FFFFFFFFFFCAFFF000000161A7142B70840865370
11138829C78E8300F510D7CA19512EA79AD003FFFFFFFFFFFCAFFF000000161A7142B70840865388
11138929C7908300F210D7C319512EA78AD103FFFFFFFFFFFCAFFF000000161A7142B708408653A0
11138929C7928300EE10D7C5195130A76AD103FFFFFFFFFFFCAFFF000000161A7142B708408653B8
11138829C7908300EC10D7D319512FA76AD2135FFFFFFFFFFCBFFF000000161A7142B708408653D0
11138929C78A8300EC10D7CE19512FA78AD10A3FFFFFFFFFFC9FFF000000161A7142B708408653E8
11138929C78E8300F210D7C719512EA77AD203FFFFFFFFFFFCAFFF000000161A7142B70740865300
11137D29C7808300FA10D7C719512EA76AD203FFFFFFFFFFFC9FFF000000161A7242B70740865318
11138529C78A8300F710D7C319512BA79AD503FFFFFFFFFFFC9FFF000000161A7242B70840865330
11138A29C7938300F010D7D019512CA79AD41A5FFFFFFFFFFCAFFF000000161A7242B70840865348
11138929C78D8300EE10D7C8195132A78AD3719FFFFFFFFFFCAFFF000000161A7242B70840865360
11138929C7938300EF10D7D0195133A77AD303FFFFFFFFFFFCAFFF000000161A7242B70740865378
11138429C78A8300F110D7CC195131A7AAD203FFFFFFFFFFFCAFFF000000161A7242B70740865390
11138529C78C8300F310D7D8195132A7BAD303FFFFFFFFFFFCAFFF000000161A7242B707408653A8
11138729C78D8300F210D7CE195137A7AAD303FFFFFFFFFFFCBFFF000000161A7242B707408653C0
11138C29C7948300F010D7DC195139A78AD7056FFFFFFFFFFC9FFF000000161A7242B707408653D8
11139329C79F8300F610D7DD19513BA78ADA321FFFFFFFFFFCBFFF000000161A7242B707408653F0
11139729C7A68300F610D7DE19513BA7AAD315AFFFFFFFFFFCBFFF000000161A7242B70740865308
11139E29C7AB8300EE10D7DC19513AA79ACA03FFFFFFFFFFFCBFFF000000161A7242B70740865320
11139C29C7A88300ED10D7DD19513BA79AC603FFFFFFFFFFFCAFFF000000161A7242B70740865338
11139929C7A88300F010D7DC19513DA78AC603FFFFFFFFFFFCAFFF000000161A7242B70740865350
11139E29C7A78300F010D7D819513CA7AAC703FFFFFFFFFFFCAFFF000000161A7242B70740865368
11139D29C7A68300F210D7D719513CA7BAC403FFFFFFFFFFFCAFFF000000161A7242B70740865380
11139F29C7B18300F410D7D919513BA7CAC504FFFFFFFFFFFCAFFF000000161A7342B70740865398
11139D29C7AA8300F310D7DA19513BA79AC403FFFFFFFFFFFCAFFF000000161A7342B707408653B0
11139E29C7AA8300F210D7DA19513CA78AC6056FFFFFFFFFFCBFFF000000161A7342B707408653C8
11139B29C7A68300F110D7DA19513BA79AC803FFFFFFFFFFFCAFFF000000161A7342B707408653E0
11139629C7A68300F010D7D8195139A7AAC7151FFFFFFFFFFCAFFF000000161A7342B707408653F8
11139729C79D8300F210D7CC195132A79AC703FFFFFFFFFFFCAFFF000000161A7342B70740865310
11139429C7938300F310D7D5195136A79ACA03FFFFFFFFFFFCBFFF000000161A7342B70740865328
11139029C79B8300F310D7D6195135A79ACB03FFFFFFFFFFFCAFFF000000161A7342B70740865340
11138B29C79A8300F410D7DB19513AA79AC903FFFFFFFFFFFCAFFF000000161A7342B70740865358
11139629C7A08300F210D7D719513AA77AC761EFFFFFFFFFFCAFFF000000161A7342B70740865370
11139C29C7A68300EC10D7D9195139A78AC5258FFFFFFFFFFCAFFF000000161A7342B70740865388
11139A29C7A08300ED10D7D819513AA77AC403FFFFFFFFFFFCAFFF000000161A7342B707408653A0
11139829C7A48300F010D7DB19513BA7AAC503FFFFFFFFFFFCAFFF000000161A7342B707408653B8
11139329C79E8300F510D7D7195137A7CAC803FFFFFFFFFFFCAFFF000000161A7342B707408653D0
11139629C7A68300F410D7D8195138A7AACC03FFFFFFFFFFFCAFFF000000161A7342B707408653E8
11139F29C7AB8300F310D7D8195139A79ACD03FFFFFFFFFFFCAFFF000000161A7342B70740865300
11139B29C7A68300F310D7D8195138A79ACB59EFFFFFFFFFFC9FFF000000161A7342B70740865318
11139929C7A68300EE10D7DC195139A77ACB03FFFFFFFFFFFC9FFF000000161A7442B70740865330
11139A29C7A78300ED10D7DC19513BA76AC903FFFFFFFFFFFCAFFF000000161A7442B70740865348
11139929C7A78300F310D7D6195137A77AC7592FFFFFFFFFFCAFFF000000161A7442B70740865360
11139C29C7AB8300F510D7D4195136A77AC503FFFFFFFFFFFCAFFF000000161A7442B70740865378
1113A029C7B18300F110D7D7195139A77AC503FFFFFFFFFFFC9FFF000000161A7442B70740865390
11139F29C7AB8300ED10D7D8195137A77AC877EFFFFFFFFFFC9FFF000000161A7442B707408653A8
11139C29C7AA8300EF10D7D7195138A77ACB03FFFFFFFFFFFCAFFF000000161A7442B707408653C0
11139629C7A58300F410D7D8195137A77ACA03FFFFFFFFFFFCBFFF000000161A7442B707408653D8
11139629C7A38300F710D7D8195137A78ACA742FFFFFFFFFFCAFFF000000161A7442B707408653F0
11139B29C7A78300F410D7D8195138A79ACA051FFFFFFFFFFC9FFF000000161A7442B70740864308
1113A729C7BA8300EC10D7DA195138A7BAC991AFFFFFFFFFFCAFFF000000161A7442B70740865320
1113A529C7B78300EB10D7DD19513AA7BACA03FFFFFFFFFFFCAFFF000000161A7442B70740865338
1113A829C7BA8300F010D7D6195137A79ACA047FFFFFFFFFFCAFFF000000161A7442B70740865350
1113A129C7B48300F510D7D8195137A78AC88E6FFFFFFFFFFC9FFF000000161A7442B70740865368
1113A729C7B58300F410D7D8195137A77AC803FFFFFFFFFFFC9FFF000000161A7442B70740865380
1113A429C7B68300F010D7D7195136A78AC9141FFFFFFFFFFC9FFF000000161A7442B70740865398
1113A429C7B68300EF10D7D7195135A79ACBA24FFFFFFFFFFCAFFF000000161A7442B707408653B0
1113A529C7B28300F210D7D9195137A78ACC03FFFFFFFFFFFCAFFF000000161A7442B707408653C8
1113A229C7B78300F410D7D9195137A78ACB054FFFFFFFFFFCAFFF000000161A7542B707408653E0
1113A729C7BA8300F110D7D9195136A7AACA91AFFFFFFFFFFCBFFF000000161A7542B707408653F8
1113AC29C7C08300EE10D7DB195137A79AC70F1FFFFFFFFFFCAFFF000000161A7542B70740865310
1113A929C7C18300F210D7DB195136A78AC70D3FFFFFFFFFFCAFFF000000161A7542B70740865328
1113A229C7B88300F510D7DC195139A78AC8ABDFFFFFFFFFFC9FFF000000161A7542B70740865340
1113AD29C7C38300F210D7DC195138A78AC503FFFFFFFFFFFC9FFF000000161A7542B70740865358
1113AF29C7C58300ED10D7DC195137A78AC4159FFFFFFFFFFCAFFF000000161A7542B70740865370
1113B029C7C98300EA10D7DD195139A77AC4A56FFFFFFFFFFCAFFF000000161A7542B70740865388
1113AD29C7C78300F110D7DE19513AA79AC503FFFFFFFFFFFCAFFF000000161A7542B707408653A0
1113A629C7BB8300FB10D7DB195138A79AC5054FFFFFFFFFFCAFFF000000161A7542B707408653B8
1113A129C7B48300FB10D7DF19513AA77AC3965FFFFFFFFFFC9FFF000000161A7542B707408653D0
1113AE29C7C38300EE10D7E219513BA76AC403FFFFFFFFFFFC9FFF000000161A7542B707408653E8
1113B729C7CE8300E110D7E519513FA76AC321FFFFFFFFFFFC9FFF000000161A7542B70740865300
1113B029C7C38300E610D7DD19513DA78AC2108FFFFFFFFFFCAFFF000000161A7542B70740865318
1113A729C7BA8300F910D7DF19513CA77AC303FFFFFFFFFFFCAFFF000000161A7542B70740865330
1113A829C7BD83010010D7E619513EA77AC43B0FFFFFFFFFFCAFFF000000161A7542B70740865348
1113A629C7B88300F510D7DF19513BA79AC419DFFFFFFFFFFCAFFF000000161A7542B70740865360
1113B029C7CA8300EA10D7DC19513AA79AC3047FFFFFFFFFFCAFFF000000161A7642B70740865378
1113B129C7CC8300E910D7E019513CA78AC3455FFFFFFFFFFCBFFF000000161A7642B70740865390
1113A229C7B58300EC10D7E019513EA76AC31D8FFFFFFFFFFCAFFF000000161A7642B707408653A8
1113A129C7B28300F410D7DE19513CA74AC303FFFFFFFFFFFCAFFF000000161A7642B707408653C0
1113A629C7BB8300FC10D7E419513FA74AC459EFFFFFFFFFFCAFFF000000161A7642B707408653D8
1113A029C7B68300F610D7DC19513AA76AC3247FFFFFFFFFFCAFFF000000161A7642B707408653F0
1113A729C7BF8300EE10D7E219513DA79AC1046FFFFFFFFFFCAFFF000000161A7642B70740865308
1113AD29C7C78300ED10D7E219513EA78ABF7EFFFFFFFFFFFCAFFF000000161A7642B70740865320
1113AA29C7BA8300EE10D7E219513EA77AC22CDFFFFFFFFFFCAFFF000000161A7642B70740865338
1113A029C7B38300F110D7E119513EA79AC7062FFFFFFFFFFCAFFF000000161A7642B70640865350
11139A29C7AC8300F510D7E6195140A7AAC7274FFFFFFFFFFC9FFF000000161A7642B70640865368
11139C29C7B28300F210D7E219513FA79AC503FFFFFFFFFFFC9FFF000000161A7642B70640865380
1113A529C7B48300ED10D7E219513DA78AC3064FFFFFFFFFFCAFFF000000161A7642B70640865398
1113A229C7B48300EF10D7E219513FA78AC2288FFFFFFFFFFCAFFF000000161A7642B706408653B0
11139C29C7B28300F110D7E7195142A79AC103FFFFFFFFFFFCAFFF000000161A7642B706408653C8
11139C29C7AD8300F210D7EC195145A79AC1098FFFFFFFFFFCAFFF000000161A7642B706408653E0
11139C29C7AE8300F610D7F019514AA78AC0372FFFFFFFFFFCAFFF000000161A7642B706408653F8
11139C29C7AF8300F610D7F219514BA78AC003FFFFFFFFFFFCAFFF000000161A7742B70640865310
1113A029C7B38300F210D7F119514AA77AC0076FFFFFFFFFFCAFFF000000161A7742B70640865328
1113A529C7B98300EE10D7EF195147A77AC1318FFFFFFFFFFCAFFF000000161A7742B70640865340
1113A229C7B78300EB10D7ED195145A79ABF03FFFFFFFFFFFCAFFF000000161A7742B70640865358
1113A029C7B58300EE10D7F419514AA78AC3097FFFFFFFFFFCBFFF000000161A7742B70640865370
1113A729C7B98300F210D7FC195150A7AAC73DFFFFFFFFFFFCAFFF000000161A7742B70640865388
1113AB29C7C28300F510D7FC19514FA7AACA03FFFFFFFFFFFC8FFF000000161A7742B706408653A0
1113AD29C7C38300F910D7F219514CA7AACB08AFFFFFFFFFFC8FFF000000161A7742B706408653B8
1113AF29C7C28300F710D7F619514DA79ACC399FFFFFFFFFFCAFFF000000161A7742B706408653D0
1113B129C7C58300ED10D7F419514CA7AACC03FFFFFFFFFFFCAFFF000000161A7742B706408653E8
1113B029C7CB8300E610D7F519514DA79AC607EFFFFFFFFFFCAFFF000000161A7742B70640865300
1113B029C7CC8300EC10D7F619514DA78AC2354FFFFFFFFFFC9FFF000000161A7742B70640865318
1113B629C7CF8300F410D7F719514EA78ABF03FFFFFFFFFFFC9FFF000000161A7742B70640865330
1113B629C7D48300F410D7F819514EA77AC01B8FFFFFFFFFFC9FFF000000161A7742B70640865348
1113B829C7D48300F710D7F519514BA77AC13F7FFFFFFFFFFCAFFF000000161A7742B70640865360
1113B929C7D68300F610D7F419514CA77AC003FFFFFFFFFFFCAFFF000000161A7742B70640865378
1113BB29C7D58300EF10D7F519514BA79ABE083FFFFFFFFFFCAFFF000000161A7742B70640865390
1113C129C7DF8300EC10D7F4195149A7BABC37FFFFFFFFFFFCAFFF000000161A7842B706408653A8
1113BB29C7DA8300EE10D7F2195149A79ABC03FFFFFFFFFFFC9FFF000000161A7842B706408653C0
1113C129C7DC8300EF10D7F4195149A78ABC080FFFFFFFFFFC9FFF000000161A7842B706408653D8
1113C029C7DC8300F210D7F719514BA78ABD370FFFFFFFFFFC9FFF000000161A7842B706408653F0
1113BA29C7DA8300F610D7F819514DA77ABF03FFFFFFFFFFFCAFFF000000161A7842B70640865308
1113BE29C7D98300F610D7FA19514EA76ABF066FFFFFFFFFFCAFFF000000161A7842B70640865320
1113C229C7DB8300EF10D7FA19514EA75AC12BCFFFFFFFFFFCAFFF000000161A7842B70640865338
1113C529C7EB8300E910D7FB19514DA74AC003FFFFFFFFFFFCAFFF000000161A7842B70640865350
1113C629C7E68300EF10D7FD19514FA74ABD061FFFFFFFFFFCAFFF000000161A7842B70640865368
1113C229C7E38300F810D803195155A75ABDA56FFFFFFFFFFCAFFF000000161A7842B70640865380
1113C229C7E18300F810D801195154A78ABF341FFFFFFFFFFCAFFF000000161A7842B70640865398
1113C629C7E68300ED10D801195154A7AABE1A4FFFFFFFFFFC9FFF000000161A7842B706408643B0
1113C829C7E88300E710D801195155A78AC0041FFFFFFFFFFC9FFF000000161A7842B706408653C8
1113C329C7E58300F110D803195156A79ABF03FFFFFFFFFFFCAFFF000000161A7842B706408653E0
1113C229C7E58300FB10D806195159A78ABE2A9FFFFFFFFFFC9FFF000000161A7842B706408653F8
1113BF29C7DC8300F710D802195155A77ABD042FFFFFFFFFFC9FFF000000161A7842B70640865310
1113C329C7E58300ED10D804195156A78ABE03FFFFFFFFFFFC9FFF000000161A7842B70640865328
1113C629C7E98300E910D808195158A77ABC300FFFFFFFFFFC9FFF000000161A7842B70640865340
1113C429C7E38300EB10D80A19515DA77ABB043FFFFFFFFFFC9FFF000000161A7942B70640865358
1113CB29C7F18300F410D811195161A7AABB03FFFFFFFFFFFCAFFF000000161A7942B70640865370
1113C329C7E48300FB10D813195163A7BABC03FFFFFFFFFFFC9FFF000000161A7942B70640865388
1113C329C7E38300F510D80D195161A79ABE03FFFFFFFFFFFCAFFF000000161A7942B706408653A0
1113EB29C8188300EB10D80F19515EA77AC003FFFFFFFFFFFCAFFF000000161A7942B706408653B8
11140129C82E8300EA10D813195165A78AC003FFFFFFFFFFFCAFFF000000161A7942B706408633D0
1113CE29C7F58300EF10D813195160A77ABF38AFFFFFFFFFFCAFFF000000161A7942B706408643E8
1113C329C7E38300F110D816195165A77ABF1A3FFFFFFFFFFCAFFF000000161A7942B70640863300
1113C029C7E28300F110D817195166A77ABD1C7FFFFFFFFFFCAFFF000000161A7942B70640865318
1113BC29C7E18300F410D81A195169A77ABD046FFFFFFFFFFCAFFF000000161A7942B70640865330
1113D329C7F28300F610D81E19516AA77AC103FFFFFFFFFFFCAFFF000000161A7942B70640865348
1113C729C7F18300F510D816195166A77AC103FFFFFFFFFFFCAFFF000000161A7942B70640865360
1113DB29C8008300EF10D815195164A78AC003FFFFFFFFFFFC9FFF000000161A7942B70640865378
1113E229C80E8300EB10D81A195168A78ABD0FCFFFFFFFFFFCAFFF000000161A7942B70640865390
1113D629C8048300EF10D81B195167A79ABD4EFFFFFFFFFFFCAFFF000000161A7942B706408643A8
1113DC29C8078300F110D81F19516BA79ABE229FFFFFFFFFFC9FFF000000161A7942B705408653C0
1113E229C8148300F010D81919516AA7AABE03FFFFFFFFFFFC9FFF000000161A7942B705408633D8
1113E429C8148300F210D82019516CA79ABD03FFFFFFFFFFFC9FFF000000161A7942B705408643F0
1113E529C8158300F610D81E19516DA78ABE03FFFFFFFFFFFCAFFF000000161A7A42B70540865308
1113E629C8178300F910D819195169A78ABF03FFFFFFFFFFFCAFFF000000161A7A42B70540863320
1113E829C81A8300F210D81C19516BA76ABE03FFFFFFFFFFFCAFFF000000161A7A42B70540865338
1113E829C81F8300E710D82319516DA78ABD2BCFFFFFFFFFFCAFFF000000161A7A42B70540865350
1113E829C8198300E810D827195174A78ABF03FFFFFFFFFFFCAFFF000000161A7A42B70540865368
1113F429C8308300F110D824195171A77ABF03FFFFFFFFFFFCAFFF000000161A7A42B70540865380
1113FD29C8378300F710D825195172A76ABC03FFFFFFFFFFFCAFFF000000161A7A42B70540865398
1113FA29C8348300F710D826195173A75ABE03FFFFFFFFFFFC9FFF000000161A7A42B705408633B0
1113F829C8308300F310D825195171A74ABE733FFFFFFFFFFC9FFF000000161A7A42B705408633C8
1113F029C82F8300EF10D826195171A76ABD2F1FFFFFFFFFFCAFFF000000161A7A42B705408653E0
1113F929C8328300EE10D826195171A79AC0131FFFFFFFFFFCBFFF000000161A7A42B705408633F8
1113F529C83E8300ED10D823195173A78ABE041FFFFFFFFFFCBFFF000000161A7A42B70540863310
11141829C8578300ED10D825195172A77ABE03FFFFFFFFFFFCAFFF000000161A7A42B70540865328
11141229C8568300F310D828195172A75AC003FFFFFFFFFFFC9FFF000000161A7A42B70540865340
11140929C8508300F710D829195175A78ABF03FFFFFFFFFFFC9FFF000000161A7A42B70540865358
11140229C84F8300F710D829195175A78ABE560FFFFFFFFFFCBFFF000000161A7A42B70540865370
11140729C8498300F510D82A195175A78ABC03FFFFFFFFFFFCBFFF000000161A7A42B70540865388
11141129C85A8300EA10D82E195178A78ABC048FFFFFFFFFFCBFFF000000161A7B42B705408643A0
11142B29C8888300E110D823195172A78ABE051FFFFFFFFFFCAFFF000000161A7B42B705408633B8
11141F29C8648300EB10D829195174A79ABD03FFFFFFFFFFFC9FFF000000161A7B42B705408633D0
11140829C84C8300FF10D82D19517AA78ABE03FFFFFFFFFFFC9FFF000000161A7B42B705408633E8
11140D29C84E83010210D83419517EA79AC003FFFFFFFFFFFCAFFF000000161A7B42B70540864300
11141229C85B8300F210D83219517CA78AC203FFFFFFFFFFFCAFFF000000161A7B42B70540863318
11142729C8798300E810D83319517DA77AC203FFFFFFFFFFFCAFFF000000161A7B42B70540863330
11141B29C86F8300EB10D82E19517BA79AC003FFFFFFFFFFFCAFFF000000161A7B42B70540864348
11141229C85D8300EE10D82B195177A78AC15CFFFFFFFFFFFCAFFF000000161A7B42B70540863360
11141929C8638300F110D829195177A77AC2287FFFFFFFFFFCAFFF000000161A7B42B70540865378
11141029C8548300F510D828195173A79AC203FFFFFFFFFFFC8FFF000000161A7B42B70540864390
11141929C8638300F410D82B195176A79AC203FFFFFFFFFFFCAFFF000000161A7B42B705408643A8
11142929C8748300F110D82A195176A79AC103FFFFFFFFFFFCAFFF000000161A7B42B705408633C0
11141129C8628300F310D82D195179A79AC4224FFFFFFFFFFCAFFF000000161A7B42B705408633D8
11141129C8598300F310D82B195179A7AAC2044FFFFFFFFFFCAFFF000000161A7B42B705408643F0
11141629C85E8300EE10D82E195179A79AC13CDFFFFFFFFFFC9FFF000000161A7B42B70540863308
11141729C8608300EB10D83519517BA78AC003FFFFFFFFFFFCAFFF000000161A7B42B70540863320
11140A29C84D8300ED10D83019517DA76AC103FFFFFFFFFFFCAFFF000000161A7B42B70540864338
11140629C8478300F510D83D195184A75AC003FFFFFFFFFFFCAFFF000000161A7B42B70540863350
11140429C8468300F810D83E195186A75ABE03FFFFFFFFFFFC9FFF000000161A7C42B70540865368
11140529C84E8300F510D839195183A76ABE03FFFFFFFFFFFC9FFF000000161A7C42B70540863380
11140D29C8568300EF10D838195183A78ABC03FFFFFFFFFFFCBFFF000000161A7C42B70540864398
11140729C84D8300EB10D837195181A77ABC03FFFFFFFFFFFCAFFF000000161A7C42B705408643B0
11140629C84D8300ED10D835195180A76ABD03FFFFFFFFFFFCAFFF000000161A7C42B705408633C8
11140829C8488300F010D83A195184A74ABF03FFFFFFFFFFFCAFFF000000161A7C42B705408633E0
11140D29C8558300F410D843195189A75AC003FFFFFFFFFFFCAFFF000000161A7C42B705408633F8
11140B29C8518300F410D84519518BA76ABD03FFFFFFFFFFFC9FFF000000161A7C42B70540863310
11140E29C8568300F410D84019518BA78ABD66EFFFFFFFFFFC9FFF000000161A7C42B70540863328
11140B29C8528300F710D84819518FA77ABD183FFFFFFFFFFC9FFF000000161A7C42B70540863340
11141229C85D8300F410D84719518EA77ABE043FFFFFFFFFFC9FFF000000161A7C42B70540863358
11142E29C8798300EC10D84A19518DA76AC403FFFFFFFFFFFC9FFF000000161A7C42B70540863370
11143E29C89D8300E610D853195196A75AC603FFFFFFFFFFFCAFFF000000161A7C42B70540863388
11144229C89A8300EA10D854195199A77AC103FFFFFFFFFFFCAFFF000000161A7C42B705408653A0
11142629C87D8300F510D851195198A76ABD0FCFFFFFFFFFFCAFFF000000161A7C42B705408633B8
11142129C8748300FC10D84C195195A76ABC196FFFFFFFFFFCAFFF000000161A7C42B705408643D0
11142629C87B8300F510D851195196A78ABD03FFFFFFFFFFFCBFFF000000161A7C42B705408633E8
11143829C8908300ED10D84D195198A7AABC03FFFFFFFFFFFCAFFF000000161A7C42B70540863300
11144529C8A18300EE10D84E195194A78ABB03FFFFFFFFFFFCBFFF000000161A7D42B70540863318
11143B29C8988300F210D84F195196A77ABB03FFFFFFFFFFFC9FFF000000161A7D42B70540864330
11145729C8BA8300EF10D853195199A77ABD959FFFFFFFFFFC9FFF000000161A7D42B70540865348
11148029C8E08300ED10D84E195197A79ABF03FFFFFFFFFFFC9FFF000000161A7D42B70440863360
11146929C8C48300F210D850195196A77ABE03FFFFFFFFFFFCAFFF000000161A7D42B70440863378
11143629C8938300F610D84F195197A76ABD03FFFFFFFFFFFCAFFF000000161A7D42B70440863390
11144729C8A88300F510D853195198A76ABB1B0FFFFFFFFFFCBFFF000000161A7D42B704408653A8
11146029C8CA8300F210D853195199A76ABB044FFFFFFFFFFCCFFF000000161A7D42B704408633C0
11146629C8DE8300EF10D853195197A77ABD204FFFFFFFFFFCBFFF000000161A7D42B704408633D8
11145D29C8DA8300EE10D853195197A77ABF319FFFFFFFFFFCBFFF000000161A7D42B704408633F0
11145A29C8DD8300EE10D852195199A75AC003FFFFFFFFFFFCAFFF000000161A7D42B70440864308
11146629C8D48300EE10D85519519BA76ABF03FFFFFFFFFFFCAFFF000000161A7D42B70440863320
11147129C8DD8300F110D85419519AA76ABD03FFFFFFFFFFFCAFFF000000161A7D42B70440863338
11146529C8D38300F910D85819519CA79ABF03FFFFFFFFFFFCAFFF000000161A7D42B70440863350
11146329C8D18300F810D85519519BA7AABE03FFFFFFFFFFFCAFFF000000161A7D42B70440864368
11145929C8CD8300F210D85719519DA7CABF0F5FFFFFFFFFFCAFFF000000161A7D42B70440865380
11146029C8C78300EF10D8631951A2A7BABE042FFFFFFFFFFCAFFF000000161A7D42B70440863398
11144B29C8C58300EC10D8631951A6A77ABD03FFFFFFFFFFFCAFFF000000161A7D42B704408653B0
11145A29C8BE8300E910D8721951ADA77ABD03FFFFFFFFFFFCAFFF000000161A7E42B704408633C8
11146229C8CE8300F210D86B1951ACA78ABE03FFFFFFFFFFFCAFFF000000161A7E42B704408633E0
11145629C8C28300FB10D8691951A9A77ABD341FFFFFFFFFFCAFFF000000161A7E42B704408643F8
11145B29C8C98300F810D8631951A3A76AC06ADFFFFFFFFFFCAFFF000000161A7E42B70440863310
11146029C8CF8300F310D86D1951AEA75AC0049FFFFFFFFFFCAFFF000000161A7E42B70440863328
11145629C8C68300EE10D8751951B4A77ABE03FFFFFFFFFFFCAFFF000000161A7E42B70440863340
11148129C8F58300EB10D88B1951C2A78ABC03FFFFFFFFFFFCAFFF000000161A7E42B70440863358
11147C29C8FB8300F010D8731951B4A76ABC03FFFFFFFFFFFCAFFF000000161A7E42B70440863370
11146B29C8E28300F810D8721951B3A79ABD03FFFFFFFFFFFC9FFF000000161A7E42B70440863388
11146929C8E48300F610D8771951B4A7AABD35CFFFFFFFFFFC9FFF000000161A7E42B704408633A0
11147429C8EC8300F410D87D1951BAA79ABE04DFFFFFFFFFFCAFFF000000161A7E42B704408633B8
11147A29C8F18300F310D8841951C0A77ABF03FFFFFFFFFFFC9FFF000000161A7E42B704408633D0
11147D29C8F18300EF10D8961951CEA77ABF03FFFFFFFFFFFC9FFF000000161A7E42B704408633E8
11149329C90C8300EB10D8951951D0A77AC003FFFFFFFFFFFC9FFF000000161A7E42B70440863300
11148E29C9188300EB10D8931951CFA77ABE4C4FFFFFFFFFFC9FFF000000161A7E42B70440863318
11147D29C8F48300F210D88F1951CCA76ABF632FFFFFFFFFFCAFFF000000161A7E42B70440863330
11146B29C8DF8300FA10D8901951CAA79ABF03FFFFFFFFFFFCAFFF000000161A7E42B70440863348
11146629C8DA8300FC10D88E1951C9A7AABF03FFFFFFFFFFFCAFFF000000161A7E42B70440863360
11146D29C8E48300F410D88F1951C8A7AAC02DCFFFFFFFFFFC9FFF000000161A7F42B70440863378
11147F29C8F88300EF10D8991951D0A77ABE04CFFFFFFFFFFC9FFF000000161A7F42B70440863390
11147F29C8F18300EE10D8971951D2A75ABC04DFFFFFFFFFFCAFFF000000161A7F42B704408633A8
11147929C8F68300EE10D8971951D3A79ABD03FFFFFFFFFFFC9FFF000000161A7F42B704408633C0
11147D29C8F78300EE10D8961951D2A79ABF03FFFFFFFFFFFCAFFF000000161A7F42B704408633D8
11147129C8EB8300F410D89B1951D4A77AC003FFFFFFFFFFFCAFFF000000161A7F42B704408633F0
11146B29C8E28300F810D8A31951D7A78ABF03FFFFFFFFFFFC9FFF000000161A7F42B70440863308
11147129C8E88300F710D8A41951DBA78ABF6E6FFFFFFFFFFCAFFF000000161A7F42B70440863320
11147429C8F08300F310D8A11951D9A7AABE061FFFFFFFFFFC9FFF000000161A7F42B70440863338
11147D29C8F48300EF10D8A71951DDA7AABF03FFFFFFFFFFFC9FFF000000161A7F42B70440863350
11147C29C8FE8300ED10D8B01951E5A78ABE2EEFFFFFFFFFFCAFFF000000161A7F42B70440863368
11147929C8F48300EF10D8B91951ECA77ABE04DFFFFFFFFFFC9FFF000000161A7F42B70440863380
11147629C8F18300F310D8C51951F5A77ABE03FFFFFFFFFFFCAFFF000000161A7F42B70440863398
11147229C8ED8300F610D8BB1951EEA78ABF054FFFFFFFFFFC9FFF000000161A7F42B704408633B0
11147929C8F58300F510D8B41951ECA79ABE2BDFFFFFFFFFFC9FFF000000161A7F42B704408633C8
11148029C8FF8300F410D8B71951EAA79ABD03FFFFFFFFFFFCAFFF000000161A7F42B704408633E0
11147E29C8F88300F510D8C21951F4A78ABD03FFFFFFFFFFFC9FFF000000161A7F42B704408633F8
11148329C8FC8300F010D8C11951F4A77ABE03FFFFFFFFFFFCAFFF000000161A7F42B70440863310
11149229C9138300E610D8D7195200A7AABD03FFFFFFFFFFFCBFFF000000161A8042B70440863328
11148929C9038300EB10D8DF19520CA79ABC9C3FFFFFFFFFFCAFFF000000161A8042B70440863340
11148529C9048300FB10D8D5195205A76ABD073FFFFFFFFFFCAFFF000000161A8042B70440863358
11149029C9178300FE10D8D3195200A73ABC03FFFFFFFFFFFCAFFF000000161A8042B70440863370
11148D29C90E8300F310D8CF1951FDA77ABB03FFFFFFFFFFFCBFFF000000161A8042B70440863388
11148929C9148300ED10D8D0195204A77ABA03FFFFFFFFFFFCAFFF000000161A8042B704408633A0
11149229C9248300EC10D8D1195202A77ABA03FFFFFFFFFFFCAFFF000000161A8042B704408633B8
11148E29C9148300F110D8D8195208A78ABB27DFFFFFFFFFFC9FFF000000161A8042B704408633D0
11149129C9148300F610D8DC19520DA77ABC50DFFFFFFFFFFC9FFF000000161A8042B704408643E8
11149729C9208300F510D8DE19520EA77ABE03FFFFFFFFFFFC9FFF000000161A8042B70340863300
11149829C9268300F310D8E119520EA78ABE051FFFFFFFFFFCAFFF000000161A8042B70340863318
11149529C9248300F110D8E119520FA77AC0049FFFFFFFFFFC9FFF000000161A8042B70340863330
11149B29C9208300F210D8E119520FA76ABF324FFFFFFFFFFC9FFF000000161A8042B70340863348
11149829C9228300F410D8E6195212A77AC0051FFFFFFFFFFCAFFF000000161A8042B70340863360
11149729C9228300F210D8E6195211A76AC303FFFFFFFFFFFCAFFF000000161A8042B70340863378
1114A229C9318300ED10D8E319520FA77AC20F1FFFFFFFFFFCBFFF000000161A8042B70340863390
11149D29C92C8300F210D8E6195213A7AABF699FFFFFFFFFFCAFFF000000161A8042B703408633A8
11149C29C92B8300F910D8E1195210A79ABF03FFFFFFFFFFFCAFFF000000161A8042B703408633C0
11149F29C92C8300F510D8DE19520BA79ABD03FFFFFFFFFFFCBFFF000000161A8042B703408633D8
1114A529C9338300ED10D8E019520DA77ABC03FFFFFFFFFFFCAFFF000000161A8142B703408633F0
11149E29C92D8300EF10D8E119520EA76ABD03FFFFFFFFFFFCAFFF000000161A8142B70340863308
11149A29C9238300F210D8E3195211A78AC003FFFFFFFFFFFC9FFF000000161A8142B70340863320
11149629C91E8300F210D8E6195212A79AC1218FFFFFFFFFFC9FFF000000161A8142B70340863338
11149229C91A8300F410D8DE19520FA77AC0132FFFFFFFFFFCAFFF000000161A8142B70340863350
11149029C9208300F410D8DF19520DA76ABF03FFFFFFFFFFFC9FFF000000161A8142B70340863368
11148C29C9148300F210D8E319520DA75AC203FFFFFFFFFFFC8FFF000000161A8142B70340863380
11148B29C9148300F410D8E319520FA75AC503FFFFFFFFFFFC9FFF000000161A8142B70340863398
11149029C9128300F710D8DE19520DA74AC7438FFFFFFFFFFCAFFF000000161A8142B703408633B0
11149429C9178300F210D8E019520FA76AC78D8FFFFFFFFFFCAFFF000000161A8142B703408633C8
11149329C91F8300E910D8E319520FA78AC403FFFFFFFFFFFCBFFF000000161A8142B703408633E0
11149129C9128300EE10D8DD19520DA78AC003FFFFFFFFFFFCAFFF000000161A8142B703408633F8
11147529C8EA8300F910D8D3195205A7AABC03FFFFFFFFFFFCAFFF000000161A8142B70340863310
11147629C8F58300F910D8D5195204A77ABC03FFFFFFFFFFFCAFFF000000161A8142B70340863328
11148329C8FC8300F310D8D6195206A76ABC03FFFFFFFFFFFC9FFF000000161A8142B70340863340
11148129C8F68300F110D8C41951FBA77ABC3E0FFFFFFFFFFC9FFF000000161A8142B70340863358
11147729C8EA8300F110D8CE1951FAA74ABE203FFFFFFFFFFC9FFF000000161A8142B70340863370
11146D29C8E38300F110D8C61951F7A74ABD03FFFFFFFFFFFC9FFF000000161A8142B70340863388
11146529C8D38300F010D8C31951F3A75ABE03FFFFFFFFFFFCAFFF000000161A8242B703408633A0
11145129C8C78300F110D8C41951F2A76ABC03FFFFFFFFFFFCAFFF000000161A8242B703408633B8
11145929C8C28300F310D8B71951ECA75ABF03FFFFFFFFFFFCAFFF000000161A8242B703408633D0
11145229C8B68300F810D8C11951F1A75AC303FFFFFFFFFFFCAFFF000000161A8242B703408633E8
11145729C8BD8300F810D8C91951F6A77AC41A1FFFFFFFFFFCAFFF000000161A8242B70340863300
11146429C8CF8300F010D8BE1951F2A76AC229FFFFFFFFFFFCCFFF000000161A8242B70340863318
11146E29C8DC8300ED10D8C41951F4A75AC1051FFFFFFFFFFCBFFF000000161A8242B70340863330
11146129C8D18300F210D8B91951EFA77ABE03FFFFFFFFFFFCBFFF000000161A8242B70340863348
11145729C8C18300F410D8B61951EAA76ABD03FFFFFFFFFFFC9FFF000000161A8242B70340863360
11146A29C8D98300EE10D8BE1951F1A76ABE5D9FFFFFFFFFFCAFFF000000161A8242B70340863378
11145A29C8C48300EF10D8C11951F3A76ABF2D3FFFFFFFFFFCBFFF000000161A8242B70340863390
11144C29C8B28300F810D8BA1951EFA76ABF03FFFFFFFFFFFCAFFF000000161A8242B703408633A8
11145329C8BC8300F710D8BB1951EEA77ABE03FFFFFFFFFFFC9FFF000000161A8242B703408633C0
11146429C8CE8300F210D8BC1951EFA75ABD03FFFFFFFFFFFC9FFF000000161A8242B703408633D8
11145F29C8C68300F010D8BB1951EFA78ABF03FFFFFFFFFFFCAFFF000000161A8242B703408633F0
11145F29C8C58300EF10D8B71951ECA79ABF03FFFFFFFFFFFC9FFF000000161A8242B70340863308
11145B29C8BE8300EF10D8BD1951EBA78ABE401FFFFFFFFFFC9FFF000000161A8242B70340863320
11145429C8C78300F210D8BF1951F1A79ABD03FFFFFFFFFFFC9FFF000000161A8242B70340863338
11146229C8D38300F310D8C21951F2A79ABD03FFFFFFFFFFFC9FFF000000161A8242B70340863350
11146629C8D68300F010D8BA1951EEA78ABE03FFFFFFFFFFFC9FFF000000161A8342B70340863368
11146729C8DA8300EF10D8BC1951EAA78AC22C2FFFFFFFFFFCAFFF000000161A8342B70240863380
11146029C8E28300F210D8B71951EBA76AC3054FFFFFFFFFFC9FFF000000161A8342B70240863398
11147429C8EC8300F610D8BA1951EDA76AC203FFFFFFFFFFFCAFFF000000161A8342B702408633B0
11147129C8EC8300F910D8B51951E9A77AC103FFFFFFFFFFFCAFFF000000161A8342B702408633C8
11147329C8EB8300F510D8B91951EBA76AC203FFFFFFFFFFFCAFFF000000161A8342B702408633E0
11147729C8E88300EB10D8BA1951ECA78ABF03FFFFFFFFFFFCBFFF000000161A8342B702408633F8
11147429C8EC8300E810D89E1951E1A78ABD03FFFFFFFFFFFCAFFF000000161A8342B70240863310
11147229C8EA8300EF10D8B41951E6A77ABD03FFFFFFFFFFFC9FFF000000161A8342B70240863328
11148A29C9138300F810D8B51951EBA79ABF6A7FFFFFFFFFFC9FFF000000161A8342B70240863340
11148429C9058300F910D8B91951EDA7AABF03FFFFFFFFFFFCAFFF000000161A8342B70240863358
11147D29C8FE8300F410D8BC1951EEA76AC103FFFFFFFFFFFCAFFF000000161A8342B70240863370
11147E29C8F88300ED10D8BA1951EDA78AC003FFFFFFFFFFFCAFFF000000161A8342B70240863388
11147B29C8FB8300EC10D8BB1951EEA78ABF03FFFFFFFFFFFCAFFF000000161A8342B702408633A0
11148029C8FF8300F010D8B91951ECA78ABF03FFFFFFFFFFFCAFFF000000161A8342B702408633B8
11148629C9098300F410D8BE1951F0A79ABE102FFFFFFFFFFCAFFF000000161A8342B702408633D0
11148C29C9158300F610D8C11951F4A77ABD40EFFFFFFFFFFCAFFF000000161A8342B702408633E8
11148A29C90E8300F310D8C11951F3A7AABE054FFFFFFFFFFCAFFF000000161A8342B70240863300
11148A29C90C8300EE10D8C41951F6A7AABC03FFFFFFFFFFFCAFFF000000161A8342B70240863318
11148E29C9128300F010D8C21951F6A79ABC03FFFFFFFFFFFC9FFF000000161A8442B70240863330
11148729C90F8300F710D8C41951F5A76ABD03FFFFFFFFFFFC9FFF000000161A8442B70240863348
11148629C90B8300F810D8C71951F8A75ABA9AEFFFFFFFFFFCAFFF000000161A8442B70240863360
11149029C9178300EC10D8CA1951F9A75ABA03FFFFFFFFFFFC8FFF000000161A8442B70240863378
1114AB29C9328300E410D8D8195202A75ABB03FFFFFFFFFFFC9FFF000000161A8442B70240863390
11149029C9198300EF10D8CD1951FFA76ABA03FFFFFFFFFFFC9FFF000000161A8442B702408633A8
11148D29C9148300FE10D8C81951FCA78ABB03FFFFFFFFFFFCBFFF000000161A8442B702408633C0
11149329C91E8300FA10D8CC1951FCA79ABC03FFFFFFFFFFFCAFFF000000161A8442B702408633D8
11149229C9228300EF10D8C81951F9A79ABB1FFFFFFFFFFFFC9FFF000000161A8442B702408633F0
11149429C9228300EA10D8D1195200A77ABB364FFFFFFFFFFCAFFF000000161A8442B70240863308
11149229C91A8300E910D8CB1951FFA78ABD03FFFFFFFFFFFCBFFF000000161A8442B70240863320
11149029C9198300F210D8CB1951FCA79AC104DFFFFFFFFFFCAFFF000000161A8442B70240863338
11149229C91C8300FA10D8CA1951FCA79AC403FFFFFFFFFFFC9FFF000000161A8442B70240863350
11149329C9208300F410D8C41951FAA78AC203FFFFFFFFFFFCAFFF000000161A8442B70240863368
11149129C91B8300EC10D8CC1951FDA76ABE03FFFFFFFFFFFCAFFF000000161A8442B70240863380
11149229C9218300ED10D8CC195201A75ABE03FFFFFFFFFFFCBFFF000000161A8442B70240863398
11149229C91D8300F110D8D1195201A76ABE2C9FFFFFFFFFFCAFFF000000161A8442B702408633B0
11149829C9258300F410D8CF195201A78ABF7B4FFFFFFFFFFCBFFF000000161A8442B702408633C8
11149829C9298300F710D8CE195200A78ABE065FFFFFFFFFFCBFFF000000161A8442B702408633E0
11149729C9258300F610D8CD1951FFA79ABD03FFFFFFFFFFFCAFFF000000161A8542B702408633F8
11149C29C92D8300EE10D8D8195206A78ABD03FFFFFFFFFFFCAFFF000000161A8542B70240863310
1114A629C9328300EA10D8E7195211A78ABE03FFFFFFFFFFFCAFFF000000161A8542B70240863328
11149E29C92E8300F010D8DB19520EA78ABE03FFFFFFFFFFFC9FFF000000161A8542B70240863340
11149929C9298300F510D8D6195207A79ABE2B0FFFFFFFFFFC9FFF000000161A8542B70240863358
11149D29C9318300F410D8D4195204A79ABC059FFFFFFFFFFCAFFF000000161A8542B70240863370
1114A229C9328300F210D8DC19520AA79AB903FFFFFFFFFFFC9FFF000000161A8542B70240861388
1114A629C9398300EF10D8DC19520AA79ABA03FFFFFFFFFFFC9FFF000000161A8542B702408633A0
1114A229C9328300ED10D8DB195209A77ABC03FFFFFFFFFFFCBFFF000000161A8542B702408633B8
11149E29C9308300F010D8DD19520BA77ABE41FFFFFFFFFFFC9FFF000000161A8542B702408633D0
11149B29C92C8300F610D8EA195217A77ABF60DFFFFFFFFFFC9FFF000000161A8542B702408633E8
11149E29C92F8300FA10D8E319520FA78ABE03FFFFFFFFFFFCAFFF000000161A8542B70240863300
1114A729C9348300F310D8E8195214A78ABC03FFFFFFFFFFFC9FFF000000161A8542B70240863318
1114AB29C9438300E710D8EB195215A78ABB426FFFFFFFFFFC9FFF000000161A8542B70240863330
1114B229C9418300E510D8E8195213A76ABB06AFFFFFFFFFFCAFFF000000161A8542B70240863348
1114A429C9388300F110D8E4195212A77ABA03FFFFFFFFFFFCAFFF000000161A8542B70240863360
11149F29C9318300FC10D8DC19520EA78ABA529FFFFFFFFFFCAFFF000000161A8542B70240863378
1114A529C9388300FC10D8E4195211A78AB9075FFFFFFFFFFC9FFF000000161A8542B70240863390
1114AB29C93C8300F410D8D819520BA76ABB03FFFFFFFFFFFC9FFF000000161A8542B702408633A8
1114B029C9468300E710D8E219520DA78ABE72DFFFFFFFFFFCAFFF000000161A8542B702408633C0
1114B829C94F8300E210D8E0195211A77ABE08BFFFFFFFFFFCAFFF000000161A8642B702408633D8
1114A929C9398300ED10D8D3195207A78ABF03FFFFFFFFFFFCAFFF000000161A8642B701408633F0
11149F29C9308300FA10D8BE1951F9A76ABD73EFFFFFFFFFFCAFFF000000161A8642B70140863308
1114A329C9378300FC10D8D6195206A78ABC08DFFFFFFFFFFCAFFF000000161A8642B70140863320
11149C29C9298300F810D8D8195208A76ABD03FFFFFFFFFFFCAFFF000000161A8642B70140863338
1114B029C9438300EF10D8D4195205A76ABB70BFFFFFFFFFFC9FFF000000161A8642B70140863350
1114BA29C9578300E310D8D5195206A77ABB08CFFFFFFFFFFCAFFF000000161A8642B70140863368
1114AC29C9428300E810D8DB195209A77ABD043FFFFFFFFFFCAFFF000000161A8642B70140863380
1114A129C9378300F510D8D4195209A77ABC8AFFFFFFFFFFFCAFFF000000161A8642B70140861398
1114A229C9378300FA10D8DA195209A77ABD0A1FFFFFFFFFFCAFFF000000161A8642B701408633B0
1114A429C93A8300F810D8E4195214A77ABE959FFFFFFFFFFCBFFF000000161A8642B701408633C8
1114AA29C93C8300F410D8DA19520DA77ABF0A6FFFFFFFFFFCCFFF000000161A8642B701408633E0
1114A529C9388300EE10D8D0195205A7AABF152FFFFFFFFFFCDFFF000000161A8642B701408613F8
1114B029C9498300EB10D8D019520CA79ABD555FFFFFFFFFFCAFFF000000161A8642B70140863310
1114BF29C9548300EB10D8EA19521BA79ABC267FFFFFFFFFFCAFFF000000161A8642B70140863328
11149829C9268300F210D8FB195229A76AC003FFFFFFFFFFFCAFFF000000161A8642B70140863340
11149429C9218300F910D8F3195224A76AC213FFFFFFFFFFFC9FFF000000161A8642B70140863358
11149829C9228300F610D8F8195222A77AC0250FFFFFFFFFFC9FFF000000161A8642B70140861370
1114A429C93B8300EE10D902195228A76ABD03FFFFFFFFFFFCAFFF000000161A8642B70140863388
11149929C92D8300F010D8FB195228A78ABD111FFFFFFFFFFCAFFF000000161A8642B701408633A0
11149429C9258300F510D8F9195225A77ABE2D2FFFFFFFFFFCAFFF000000161A8742B701408633B8
11149F29C9358300F310D905195229A77ABF0FDFFFFFFFFFFC9FFF000000161A8742B701408633D0
1114D929C9728300ED10D919195237A78ABF1DDFFFFFFFFFFC9FFF000000161A8742B701408613E8
1114C429C9628300EA10D92C195246A79ABD03FFFFFFFFFFFCAFFF000000161A8742B70140863300
1114B629C9498300F010D918195240A78ABC0BBFFFFFFFFFFCAFFF000000161A8742B70140861318
11149529C9218300FA10D906195231A76ABBBE0FFFFFFFFFFCAFFF000000161A8742B70140861330
11149A29C9288300F610D90E195233A74ABB0C0FFFFFFFFFFCAFFF000000161A8742B70140863348
1114CB29C9638300EA10D924195243A75ABB109FFFFFFFFFFCAFFF000000161A8742B70140861360
1114C829C9628300EA10D91D195245A76AB9C38FFFFFFFFFFCAFFF000000161A8742B70140863378
1114B029C94A8300F010D8FF195229A78AB90C1FFFFFFFFFFCAFFF000000161A8742B70140861390
1114AA29C9438300F610D90E195234A77ABB133FFFFFFFFFFCBFFF000000161A8742B701408623A8
1114A529C9398300FA10D907195233A79ABA243FFFFFFFFFFCAFFF000000161A8742B701408633C0
1114B929C9538300F310D8F8195229A79ABD03FFFFFFFFFFFC8FFF000000161A8742B701408633D8
1114D329C97D8300EC10D90E195236A79ABC11BFFFFFFFFFFC9FFF000000161A8742B701408633F0
1114C929C9658300ED10D907195232A76ABA219FFFFFFFFFFCBFFF000000161A8742B70140861308
1114B229C94C8300EF10D90519522DA76ABB03FFFFFFFFFFFCAFFF000000161A8742B70140861320
11149B29C92C8300F010D90719522DA77ABA146FFFFFFFFFFC9FFF000000161A8742B70140861338
11148129C9158300F310D90119522AA77ABB267FFFFFFFFFFCBFFF000000161A8742B70140861350
11148C29C9158300F210D8FF19522AA76ABB03FFFFFFFFFFFCAFFF000000161A8742B70140863368
11149629C9238300F210D90319522CA75ABB1ACFFFFFFFFFFCAFFF000000161A8742B70140863380
11149729C9158300F310D90519522CA76ABB30FFFFFFFFFFFCAFFF000000161A8842B70140863398
11149C29C9298300EE10D8FE195229A78ABC03FFFFFFFFFFFC9FFF000000161A8842B701408613B0
1114A629C93A8300EC10D8F8195227A77ABB19BFFFFFFFFFFC9FFF000000161A8842B701408613C8
11149929C9278300EE10D8FE195228A73AB96F9FFFFFFFFFFC9FFF000000161A8842B701408613E0
11147F29C9058300F110D8F8195223A74AB833EFFFFFFFFFFC9FFF000000161A8842B701408633F8
11147B29C90A8300F410D8E0195218A78AB903FFFFFFFFFFFC8FFF000000161A8842B70140861310
11147A29C9008300F610D8DF195213A7AAB9198FFFFFFFFFFC8FFF000000161A8842B70140861328
11149129C9128300F310D8E3195219A7BABA2F3FFFFFFFFFFC9FFF000000161A8842B70140863340
11149C29C9298300EF10D8E319521BA7AAB903FFFFFFFFFFFC9FFF000000161A8842B70140861358
11149329C9268300EB10D8F0195220A76ABA1C9FFFFFFFFFFCAFFF000000161A8842B70140861370
11148329C9098300E910D8F219521EA77ABB341FFFFFFFFFFC9FFF000000161A8842B70140861388
11146929C8DE8300F110D8E6195218A77ABB03FFFFFFFFFFFCAFFF000000161A8842B701408613A0
11145729C8C68300FF10D8CA195205A7AABC1C7FFFFFFFFFFCAFFF000000161A8842B701408633B8
11145829C8CB8300FF10D8E019520BA7AABD735FFFFFFFFFFCAFFF000000161A8842B701408613D0
11147929C8E68300EE10D8E219520EA7AABC07EFFFFFFFFFFC9FFF000000161A8842B701408613E8
11147629C8F08300E410D8FC19521CA78ABA249FFFFFFFFFFCAFFF000000161A8842B70140861300
11146729C8DB8300E610D8E5195216A78AB8407FFFFFFFFFFCAFFF000000161A8842B70140861318
11145A29C8C98300F010D8DA19520BA7AAB803FFFFFFFFFFFC9FFF000000161A8842B70140863330
11145129C8BD8300FB10D8D5195205A7AAB8263FFFFFFFFFFCAFFF000000161A8842B70140861348
11146329C8D48300FA10D8CD195201A7AAB842EFFFFFFFFFFC9FFF000000161A8942B70140861360
11145C29C8CE8300EE10D8CF195202A78AB703FFFFFFFFFFFCAFFF000000161A8942B70140861378
11146029C8CD8300E710D8C5195201A79AB923DFFFFFFFFFFCAFFF000000161A8942B70140861390
11145E29C8C98300ED10D8C91951FAA79ABE3F9FFFFFFFFFFCAFFF000000161A8942B701408613A8
11145B29C8CA8300F610D8C71951FAA76ABD03FFFFFFFFFFFCAFFF000000161A8942B701408613C0
11145E29C8CC8300F910D8BC1951F4A75ABB24BFFFFFFFFFFC9FFF000000161A8942B701408613D8
11145F29C8D18300F310D8C31951F7A75ABA411FFFFFFFFFFC9FFF000000161A8942B701408613F0
11146029C8CF8300F110D8C71951F8A76ABA03FFFFFFFFFFFC9FFF000000161A8942B70140863308
11145529C8C78300F010D8C41951F9A77ABA262FFFFFFFFFFCAFFF000000161A8942B70140863320
11145D29C8C68300ED10D8BA1951F5A77ABB843FFFFFFFFFFCAFFF000000161A8942B70140861338
11145129C8B68300EF10D8BE1951F1A76ABB086FFFFFFFFFFCAFFF000000161A8942B70140861350
11144F29C8B88300F510D8BD1951F3A76ABB3AEFFFFFFFFFFCAFFF000000161A8942B70040863368
11145229C8B98300F510D8B11951EFA77AB95BAFFFFFFFFFFC9FFF000000161A8942B70040861380
11146E29C8DA8300F210D8B61951F0A76AB9389FFFFFFFFFFC9FFF000000161A8942B70040861398
11147329C8CF8300F010D8AE1951ECA77AB98D0FFFFFFFFFFC9FFF000000161A8942B701408633B0
11144929C8B88300ED10D8AC1951ECA77AB907CFFFFFFFFFFC9FFF000000161A8942B701408613C8
11145129C8BD8300EC10D8AD1951E7A76AB9450FFFFFFFFFFC9FFF000000161A8942B700408613E0
11144E29C8B68300F110D8AB1951E3A78AB95FAFFFFFFFFFFC9FFF000000161A8942B700408633F8
11144D29C8B98300F910D8A41951DEA77AB903FFFFFFFFFFFCAFFF000000161A8942B70040861310
11144D29C8B98300FB10D8AF1951E5A75AB94C4FFFFFFFFFFCAFFF000000161A8942B70040861328
11145929C8C88300F310D8A91951E3A78AB960FFFFFFFFFFFCAFFF000000161A8A42B70040861340
11145429C8BF8300EC10D8B01951E7A78ABA03FFFFFFFFFFFCBFFF000000161A8A42B70040861358
11145E29C8C38300EC10D8B11951E7A77ABC49EFFFFFFFFFFCAFFF000000161A8A42B70040861370
11145229C8BC8300F110D8B71951ECA76ABC625FFFFFFFFFFCAFFF000000161A8A42B70040861388
11144E29C8BA8300F210D8B81951CBA76ABB03FFFFFFFFFFFCAFFF000000161A8A42B700408633A0
11144B29C8BC8300F210D8B71951EAA77ABC4EBFFFFFFFFFFC9FFF000000161A8A42B700408613B8
11145329C8BE8300F410D8B51951E7A79ABD63FFFFFFFFFFFC9FFF000000161A8A42B700408633D0
11145A29C8C98300F710D8B11951E3A78ABD03FFFFFFFFFFFCBFFF000000161A8A42B700408613E8
11145E29C8CC8300F610D8B61951E4A78ABE03FFFFFFFFFFFCAFFF000000161A8A42B70040861300
11146629C8CB8300F110D8CC1950A7A78ABE448FFFFFFFFFFCAFFF000000161A8A42B70040861318
11145B29C8CC8300EC10D8C81951E9A77AB9084FFFFFFFFFFCBFFF000000161A8A42B70040861330
11145329C8C18300EA10D8CF1951EAA76AB103FFFFFFFFFFFCAFFF000000161A8A42B70040863348
11145B29C8C78300F010D8C41951E0A76AAD15BFFFFFFFFFFCAFFF000000161A8A42B70040863360
11145B29C8C98300FA10D8991951C7A77AAB985FFFFFFFFFFC9FFF000000161A8A42B70040861378
11145629C8C48300FA10D8A91951D0A78AA803FFFFFFFFFFFC9FFF000000161A8A42B70040861390
11145929C8C38300F010D8B41951D3A76AA703FFFFFFFFFFFCAFFF000000161A8A42B700408613A8
11146229C8CE8300EA10D8BC1951D7A76AA603FFFFFFFFFFFCBFFF000000161A8A42B700408613C0
11145A29C8C48300EB10D8B01951D3A78AA603FFFFFFFFFFFCAFFF000000161A8A42B700408613D8
11145729C8C48300F310D8A61951CAA77AA6048FFFFFFFFFFCAFFF000000161A8A42B700408613F0
11145B29C8C98300FC10D8A91951CCA79AA752AFFFFFFFFFFCAFFF000000161A8B42B70040861308
11145B29C8C78300FB10D8AB1951CFA7AAA822CFFFFFFFFFFCAFFF000000161A8B42B70040863320
11145929C8C48300EF10D8AF1951D0A7AAA803FFFFFFFFFFFCAFFF000000161A8B42B70040863338
11145629C8BD8300EA10D8B61951D3A78AA703FFFFFFFFFFFCAFFF000000161A8B42B70040861350
11145129C8BF8300F310D8A71951CBA78AA803FFFFFFFFFFFCAFFF000000161A8B42B70040863368
11144E29C8BB8300F710D8A81951CBA79AA9477FFFFFFFFFFC9FFF000000161A8B42B70040861380
11145729C8C18300F310D8B01951CFA7AAAA08BFFFFFFFFFFC9FFF000000161A8B42B70040861398
11144F29C8B98300F010D8AF1951CFA78AAA1F3FFFFFFFFFFCAFFF000000161A8B42B700408613B0
11144B29C8B48300F110D8AF1951CFA78AAA03FFFFFFFFFFFCAFFF000000161A8B42B700408633C8
11144729C8AB8300F310D8AB1951CEA78AA803FFFFFFFFFFFCAFFF000000161A8B42B700408613E0
11144329C8AA8300F410D8AB1951CFA77AA703FFFFFFFFFFFCAFFF000000161A8B42B700408613F8
11144B29C8AE8300F210D8B01951D2A76AA703FFFFFFFFFFFCAFFF000000161A8B42B70040861310
11145529C8B28300F010D8B71951D4A78AA85E4FFFFFFFFFFCCFFF000000161A8B42B70040861328
11144329C8A78300F310D8B11951D3A77AA833FFFFFFFFFFFCAFFF000000161A8B42B70040861340
11144429C8AB8300F410D8AF1951D2A77AA703FFFFFFFFFFFC8FFF000000161A8B42B70040861358
11145829C8B68300F310D8B21951D5A78AA903FFFFFFFFFFFC9FFF000000161A8B42B70040861370
11145629C8BC8300F110D8AC1951D4A76AA903FFFFFFFFFFFC9FFF000000161A8B42B70040863388
11144E29C8B98300F210D8B21951D4A75AA803FFFFFFFFFFFC9FFF000000161A8B42B700408613A0
11144F29C8BD8300F210D8B31951D4A77AA803FFFFFFFFFFFC9FFF000000161A8B42B700408613B8
11144229C8BA8300F210D8B01951D3A77AA7482FFFFFFFFFFCBFFF000000161A8C42B700408613D0
11144C29C8BB8300F210D8AD1951CEA77AA8558FFFFFFFFFFCAFFF000000161A8C42B700408613E8
11145429C8C28300F010D8B01951D1A78AA809DFFFFFFFFFFCAFFF000000161A8C42B70040861300
11145E29C8CA8300F210D8B21951D0A77AA803FFFFFFFFFFFCAFFF000000161A8C42B70040861318
11144529C8A68300F810D8AB1951CCA75AA803FFFFFFFFFFFCAFFF000000161A8C42B70040861330
11145129C8B88300F410D8B21951D3A77AA803FFFFFFFFFFFC9FFF000000161A8C42B70040861348
11145E29C8C78300EB10D8B11951D0A78AA8046FFFFFFFFFFCAFFF000000161A8C42B70040861360
11144F29C8B88300EE10D8AC1951CDA7BAA7052FFFFFFFFFFCAFFF000000161A8C42B70040861378
11144829C8AC8300F710D89D1951C3A78AA603FFFFFFFFFFFCAFFF000000161A8C42B70040861390
11144729C8AB8300F610D8A91951CCA75AA603FFFFFFFFFFFCAFFF000000161A8C42B700408613A8
11144029C8A88300F210D8AE1951CDA75AA703FFFFFFFFFFFCBFFF000000161A8C42B700408613C0
11143D29C89D8300F010D8AC1951CAA76AA703FFFFFFFFFFFCBFFF000000161A8C42B700408613D8
11143A29C89C8300F110D8A81951C7A79AA7747FFFFFFFFFFCBFFF000000161A8C42B700408613F0
11144929C8AE8300F510D8A31951C5A78AA603FFFFFFFFFFFCAFFF000000161A8C42B70040861308
11145229C8B48300F410D8A31951C6A75AA603FFFFFFFFFFFCAFFF000000161A8C42B70040861320
11144D29C8B28300ED10D8A21951C5A75AA703FFFFFFFFFFFCAFFF000000161A8C42B70040861338
11144229C8A38300EC10D89F1951C4A75AA758EFFFFFFFFFFCCFFF000000161A8C42B70040861350
11143B29C89D8300F310D89D1951C0A78AA80A6FFFFFFFFFFCCFFF000000161A8C42B6FF40861368
11144029C8A28300F810D88E1951BCA78AA7116FFFFFFFFFFCAFFF000000161A8C42B6FF40861380
11144129C8A38300F710D89E1951C3A79AA723AFFFFFFFFFFCAFFF000000161A8D42B6FF40861398
11144429C8A78300F310D89B1951C2A7AAA703FFFFFFFFFFFCAFFF000000161A8D42B6FF408613B0
11144429C8A08300EF10D8971951BDA7AAA603FFFFFFFFFFFCAFFF000000161A8D42B6FF408613C8
11143229C8958300F010D8901951B7A79AA603FFFFFFFFFFFCAFFF000000161A8D42B6FF408613E0
11142F29C8948300EF10D8891951B5A78AA703FFFFFFFFFFFCAFFF000000161A8D42B6FF408613F8
11143329C8938300EE10D8881951B8A78AA7A46FFFFFFFFFFCAFFF000000161A8D42B6FF40861310
11143829C89C8300F010D8891951B5A79AA803FFFFFFFFFFFCAFFF000000161A8D42B6FF40863328
11143E29C89C8300F510D88D1951B6A77AA703FFFFFFFFFFFC9FFF000000161A8D42B6FF40861340
11144229C8A48300F610D8911951BAA74AA703FFFFFFFFFFFC9FFF000000161A8D42B6FF40861358
11144829C8A98300F110D8931951BEA75AA603FFFFFFFFFFFCAFFF000000161A8D42B6FF40861370
11144729C8A98300F110D8991951BDA76AA603FFFFFFFFFFFC9FFF000000161A8D42B6FF40861388
11144329C8A38300F210D8981951BDA76AA7208FFFFFFFFFFC9FFF000000161A8D42B6FF408613A0
11144429C8A28300ED10D8971951BCA77AA7847FFFFFFFFFFC9FFF000000161A8D42B6FF408613B8
11144229C8A48300EC10D8941951BAA76AA70A4FFFFFFFFFFCAFFF000000161A8D42B6FF408613D0
11143A29C89A8300F510D8851951B1A77AA803FFFFFFFFFFFCBFFF000000161A8D42B6FF408613E8
11143729C8968300F810D88A1951B2A77AAA03FFFFFFFFFFFCAFFF000000161A8D42B6FF40861300
11143A29C89C8300F110D8931951BBA77AA903FFFFFFFFFFFCBFFF000000161A8D42B6FF40861318
11143929C89C8300ED10D8921951B8A77AA803FFFFFFFFFFFCBFFF000000161A8D42B6FF40861330
11143529C8958300F010D8961951B9A76AA8193FFFFFFFFFFC9FFF000000161A8E42B6FF40861348
11143729C8998300EF10D8931951B6A76AA805DFFFFFFFFFFC8FFF000000161A8E42B6FF40861360
11143529C8958300ED10D8911951B3A75AA803FFFFFFFFFFFC9FFF000000161A8E42B6FF40861378
11143029C88E8300EF10D8901951B4A75AA903FFFFFFFFFFFCBFFF000000161A8E42B6FF40861390
11142C29C8878300F210D88B1951B2A77AA803FFFFFFFFFFFCBFFF000000161A8E42B6FF408613A8
11142329C87F8300F410D88C1951B3A7BAA8336FFFFFFFFFFCBFFF000000161A8E42B6FF408613C0
11142E29C8898300F310D8911951B5A7AAA859CFFFFFFFFFFCBFFF000000161A8E42B6FF408613D8
11144129C8A38300ED10D88C1951B6A78AA703FFFFFFFFFFFCAFFF000000161A8E42B6FF408613F0
11143B29C8958300EA10D8891951B4A77AA603FFFFFFFFFFFC9FFF000000161A8E42B6FF40861308
11143129C88C8300F210D88F1951B5A77AA5510FFFFFFFFFFC9FFF000000161A8E42B6FF40861320
11142529C87E8300FA10D8881951B0A79AA70A7FFFFFFFFFFCAFFF000000161A8E42B6FF40861338
11142E29C8828300F110D88F1951B4A78AA703FFFFFFFFFFFCAFFF000000161A8E42B6FF40861350
11142629C8838300E110D88A1951B4A78AA93E7FFFFFFFFFFCAFFF000000161A8E42B6FF40861368
11142129C8728300E810D8851951AFA79AA8090FFFFFFFFFFCAFFF000000161A8E42B6FF40861380
11142629C8828300FB10D8781951A5A78AA803FFFFFFFFFFFCAFFF000000161A8E42B6FF40861398
11142A29C87F8300FC10D8851951ADA79AA603FFFFFFFFFFFC9FFF000000161A8E42B6FF408613B0
11141F29C86F8300EF10D8811951ACA7AAA803FFFFFFFFFFFCAFFF000000161A8E42B6FF408613C8
11142329C8798300E410D8851951ADA79AA803FFFFFFFFFFFCAFFF000000161A8E42B6FF408613E0
11142129C8718300E410D8821951ABA79AA703FFFFFFFFFFFCAFFF000000161A8E42B6FF408613F8
11141A29C8688300F010D87B1951A5A78AA604BFFFFFFFFFFCAFFF000000161A8E42B6FF40861310
11141A29C86B8300F810D8751951A2A76AA603FFFFFFFFFFFCAFFF000000161A8F42B6FF40861328
11141C29C86A8300F210D8791951A7A77AA703FFFFFFFFFFFCAFFF000000161A8F42B6FF40861340
11141C29C86C8300ED10D8771951A2A77AA803FFFFFFFFFFFCAFFF000000161A8F42B6FF40861358
11141629C8668300F110D8771951A2A78AA803FFFFFFFFFFFCAFFF000000161A8F42B6FF40861370
11141529C8628300F110D8751951A1A77AA8678FFFFFFFFFFCAFFF000000161A8F42B6FF40861388
11141429C8628300EC10D8761951A2A77AA70C8FFFFFFFFFFC9FFF000000161A8F42B6FF408613A0
11141629C8628300E710D87E1951A6A7AAA803FFFFFFFFFFFCAFFF000000161A8F42B6FF408613B8
11141429C8628300E910D8761951A1A7AAAA03FFFFFFFFFFFCAFFF000000161A8F42B6FE408613D0
11141029C85A8300F510D86E19519BA7AAA903FFFFFFFFFFFCBFFF000000161A8F42B6FE408613E8
11141129C85E8300FE10D86E19519EA7BAA803FFFFFFFFFFFCAFFF000000161A8F42B6FE40861300
11141929C8648300F510D86C19519BA79AA903FFFFFFFFFFFCAFFF000000161A8F42B6FE40861318
11141829C8648300E610D87119519EA79AA92D4FFFFFFFFFFCAFFF000000161A8F42B6FE40861330
11141A29C8648300E010D8711951A0A78AA903FFFFFFFFFFFCAFFF000000161A8F42B6FE40861348
11141129C85C8300E710D86719519AA77AAA03FFFFFFFFFFFCAFFF000000161A8F42B6FE40861360
11141029C8588300F410D868195197A77AAB03FFFFFFFFFFFCAFFF000000161A8F42B6FE40861378
11141729C8648300FA10D86B19519AA76AAB03FFFFFFFFFFFCAFFF000000161A8F42B6FE40861390
11141529C8618300F810D87019519DA78AAB03FFFFFFFFFFFCAFFF000000161A8F42B6FE408613A8
11141329C85D8300EF10D868195199A77AAB03FFFFFFFFFFFC9FFF000000161A8F42B6FE408613C0
11141229C85C8300E510D8761951A3A77AA931EFFFFFFFFFFC9FFF000000161A8F42B6FE408613D8
11141229C8598300E210D87A1951A8A79AA8A97FFFFFFFFFFC9FFF000000161A9042B6FE408613F0
11140629C84B8300EC10D86A19519AA79AA70C7FFFFFFFFFFCAFFF000000161A9042B6FE40861308
11140229C8468300F910D868195198A77AA603FFFFFFFFFFFC9FFF000000161A9042B6FE40861320
11140929C8498300FA10D86C19519BA77AA603FFFFFFFFFFFC9FFF000000161A9042B6FE40861338
11140729C84D8300EF10D868195198A79AA703FFFFFFFFFFFCAFFF000000161A9042B6FE40861350
11141429C85B8300E710D86E19519CA79AA603FFFFFFFFFFFCBFFF000000161A9042B6FE40861368
11140729C84A8300E910D867195198A79AA703FFFFFFFFFFFCAFFF000000161A9042B6FE40861380
1113F929C83B8300F110D85C19518FA79AA703FFFFFFFFFFFCAFFF000000161A9042B6FE40861398
1113FA29C83B8300F510D85919518FA78AA703FFFFFFFFFFFCAFFF000000161A9042B6FE408613B0
11140029C83F8300F010D865195195A79AA803FFFFFFFFFFFC9FFF000000161A9042B6FE408613C8
1113FE29C8408300EC10D85E195192A7AAA903FFFFFFFFFFFC9FFF000000161A9042B6FE408613E0
1113FB29C83C8300EF10D861195191A7BAA803FFFFFFFFFFFCAFFF000000161A9042B6FE408613F8
1113FC29C83F8300F010D85D19518FA7AAA703FFFFFFFFFFFCAFFF000000161A9042B6FE40861310
11140229C83D8300EE10D85F19518FA7BAA503FFFFFFFFFFFCBFFF000000161A9042B6FE40861328
1113FE29C83E8300ED10D85C19518DA79AA5662FFFFFFFFFFCBFFF000000161A9042B6FE40861340
1113F829C8368300F210D84C195185A78AA765BFFFFFFFFFFCAFFF000000161A9042B6FE40861358
11140A29C8488300CC10D85D19518FA76AA80D0FFFFFFFFFFCAFFF000000161A9042B6FE40861370
11142329C89283009510D86A195195A75AA703FFFFFFFFFFFCAFFF000000161A9042B6FE40861388
1114DD29C9A783005610D8DF195212A75AA703FFFFFFFFFFFCBFFF000000161A9042B6FE408613A0
11178829CD7883000410DBC119543FA74AA803FFFFFFFFFFFCBFFF000000161A9042B6FE408613B8
11194C29CFAC82FFA710DD96195592A74AA60C9FFFFFFFFFFCAFFF000000161A9142B6FE408613D0
111AAD29D19282FF4F10DEF5195698A74AA51B7FFFFFFFFFFC9FFF000000161A9142B6FE408613E8
111F2D29D7B982FEF210E3E2195A42A74AA403FFFFFFFFFFFCAFFF000000161A9142B6FE40861300
11214229DA3C82FE7E10E580195B5DA75AA503FFFFFFFFFFFCAFFF000000161A9142B6FE40861318
1121F629DB2382FE1310E600195BBEA79AA803FFFFFFFFFFFCAFFF000000161A9142B6FE40861330
11220A29DB3182FDAC10E61E195BCFA7FAAD03FFFFFFFFFFFCBFFF000000161A9142B6FE40861348
1121E929DAF882FD4510E60E195BBBA84AB2933FFFFFFFFFFCAFFF000000161A9142B6FE40861360
11221529DB2C82FCE010E633195BD2A89AB403FFFFFFFFFFFCAFFF000000161A9142B6FE40861378
11223E29DB5882FC7D10E5FF195BA7A8AAB503FFFFFFFFFFFCAFFF000000161A9142B6FE40861390
11232529DCC082FC1D10E72E195C9AA8BAB603FFFFFFFFFFFCAFFF000000161A9142B6FE408613A8
1126E329E22882FBB010EA98195F4EA8CAB673DFFFFFFFFFFCAFFF000000161A9142B6FE408613C0
11306129EF7E82FB3410F3CD196675A89AB60E9FFFFFFFFFFC9FFF000000161A9142B6FE408613D8
11388129FA7482FABB10FC58196CE5A86AB618BFFFFFFFFFFC9FFF000000161A9142B6FE408613F0
113D8E2A017182FA3C1101C7197106A7FAB034FFFFFFFFFFFC9FFF000000161A9142B6FD40861308
1140622A052282F9BF11043C1972D5A75AA703FFFFFFFFFFFC9FFF000000161A9142B6FD40861320
1142D62A089882F94111057C1973CDA6CAA003FFFFFFFFFFFC9FFF000000161A9142B6FD40861338
1148002A0FBF82F8B3110A4819776EA68A9C03FFFFFFFFFFFC8FFF000000161A9142B6FD40861350
115DB62A2D1F82F823111ECE1986E7A66A9B03FFFFFFFFFFFC8FFF000000161A9142B6FD40861368
116A7F2A3D8582F79F112D46199133A66A9903FFFFFFFFFFFC8FFF000000161A9142B6FD40861380
116F7C2A449F82F72311340B19965AA69A98056FFFFFFFFFFC7FFF000000161A9142B6FD40861398
11752C2A4C6D82F69F1135CA1997CEA68A99041FFFFFFFFFFC5FFF000000161A9242B6FD408613B0
117BA72A554582F61F11315D1994D7A66A9803FFFFFFFFFFFC5FFF000000161A9242B6FD408613C8
11875C2A64A882F5A1114BEB19A7F1A64A9703FFFFFFFFFFFC5FFF000000161A9242B6FD408613E0
118F162A6DEF82F518114A7419A6A2A62A9203FFFFFFFFFFFC6FFF000000161A9242B6FD408613F8
1194802A743B82F4821154C919ADC6A65A96295FFFFFFFFFFC5FFF000000161A9242B6FD40861310
11945A2A730982F3FC11570C19AEBFA6DA9BB17FFFFFFFFFFC4FFF000000161A9242B6FD40861328
1195142A739A82F38C11580719AF50A79AA30F0FFFFFFFFFFC3FFF000000161A9242B6FD40861340
11963E2A750082F31211582E19AF54A83AAF03FFFFFFFFFFFC3FFF000000161A9242B6FD40861358
119DF22A7E8182F27D1159FD19B0E1A8CABA03FFFFFFFFFFFC3FFF000000161A9242B6FD40861370
11A3142A845282F1E111656319B82DA93AC103FFFFFFFFFFFC3FFF000000161A9242B6FD40861388
11A4292A85BC82F14E1166BE19B924A9AAC303FFFFFFFFFFFC3FFF000000161A9242B6FD408613A0
11A5582A873B82F0C111675919B997A9DAC72C8FFFFFFFFFFC3FFF000000161A9242B6FD408613B8
11A6C22A890B82F03711687519BA5FA9FACB085FFFFFFFFFFC4FFF000000161A9242B6FD408613D0
11A84C2A8AFC82EFAC11693719BAF4A9FACC03FFFFFFFFFFFC4FFF000000161A9242B6FD408613E8
11ABAF2A8F3582EF1B116D8F19BDF4AA0ACD03FFFFFFFFFFFC3FFF000000161A9242B6FD40861300
11B2E72A986D82EE8811770219C473A9DACD03FFFFFFFFFFFC3FFF000000161A9242B6FD40861318
11B9D02AA08A82EE01117C9819C81DA98AC93C9FFFFFFFFFFC2FFF000000161A9242B6FD40861330
11BC5A2AA3A282ED73117D9019C8CFA94AC66B3FFFFFFFFFFC2FFF000000161A9242B6FD40861348
11BFAD2AA79E82ECD911807719CAD5A93AC303FFFFFFFFFFFC2FFF000000161A9242B6FD40861360
11C3832AAC8B82EC4311852319CDF9A8FAC003FFFFFFFFFFFC1FFF000000161A9342B6FD40861378
11CC4A2AB6D382EBB9118FFA19D50BA8BABC888FFFFFFFFFFC0FFF000000161A9342B6FD40861390
11D24D2ABDE482EB3611943719D7D6A84AB8110FFFFFFFFFFBFFFF000000161A9342B6FD408613A8
11D8212AC56882EAAA1197FC19DA8AA7DAB003FFFFFFFFFFFBFFFF000000161A9342B6FD408613C0
11E3A02AD33482EA1611A4E019E336A75AAB529FFFFFFFFFFBCFFF000000161A9342B6FD408613D8
11E97B2ADA0682E97E11AB0119E735A72AA60C3FFFFFFFFFFBEFFF000000161A9342B6FD408613F0
11ED362ADE3982E8EE11AEE819E9A2A6AAA103FFFFFFFFFFFBBFFF000000161A9342B6FD40861308
11F0A12AE20282E85D11AF1819E9ADA65A9A03FFFFFFFFFFFBAFFF000000161A9342B6FD40861320
11F4A62AE6A582E7D411B11D19EAFCA5CA9303FFFFFFFFFFFB9FFF000000161A9342B6FD40861338
11F8F82AEBA582E74B11B93819F00AA58A8C03FFFFFFFFFFFB8FFF000000161A9342B6FD40861350
1201A32AF50B82E6BA11C29819F5E2A55A8803FFFFFFFFFFFB8FFF000000161A9342B6FD40861368
1208B02AFC9182E62511C88519F949A4DA821A5FFFFFFFFFFB6FFF000000161A9342B6FD40861380
1212EB2B07DF82E59211D3C71A0043A3BA7703FFFFFFFFFFFB3FFF000000161A9342B6FD40861398
12165E2B0BA282E50911D7731A027BA1BA6003FFFFFFFFFFFAEFFF000000161A9342B6FD408613B0
121B372B115982E47E11DA401A044E9FDA4503FFFFFFFFFFFAAFFF000000161A9342B6FD408613C8
1220942B176182E3E911D9981A03F69EBA3303FFFFFFFFFFFA6FFF000000161A9342B6FD408613E0
1226472B1E5282E35911E0C71A08D89DDA237B4FFFFFFFFFFA7FFF000000161A9342B6FD408613F8
122B762B23FB82E2CE11EC171A0FA99CFA1A105FFFFFFFFFFA0FFF000000161A9342B6FD40861310
1232182B2AF682E24111EF141A114C9C1A0F03FFFFFFFFFFF9CFFF000000161A9342B6FD40861328
1238252B2FC482E1AE11F8161A15DD9B39FC03FFFFFFFFFFF9CFFF000000161A9342B6FD40861340
1239762B30EF82E12011F7121A15419A39EB03FFFFFFFFFFF9AFFF000000161A9442B6FD40861358
123A032B2FF082E09111FA2E1A16259909D903FFFFFFFFFFF97FFF000000161A9442B6FD40861370
123F532B33FD82E00311FD161A17329849CF03FFFFFFFFFFF96FFF000000161A9442B6FC40861388
1251502B43A382DF76120BBF1A1E429829C603FFFFFFFFFFF91FFF000000161A9442B6FC408613A0
1253F62B462A82DEEA1211011A210E9709BA980FFFFFFFFFF89FFF000000161A9442B6FC408613B8
1259C42B4AEA82DE571218A01A24879519A3132FFFFFFFFFF85FFF000000161A9442B6FC408613D0
1260FF2B518D82DDC81220461A285493898C03FFFFFFFFFFF81FFF000000161A9442B6FC408613E8
1269632B5A1582DD3E1227901A2C7691F97503FFFFFFFFFFF7FFFF000000161A9442B6FC40861300
126F6A2B60AE82DCB01227DC1A2D1890695D03FFFFFFFFFFF77FFF000000161A9442B6FC40861318
1274AE2B660482DC221230561A31DE8E994403FFFFFFFFFFF76FFF000000161A9442B6FC40861330
1278062B69AB82DB981233C41A33C78CB93104EFFFFFFFFFF71FFF000000161A9442B6FC40861348
1283562B74FD82DB08123EA21A399B8B291E5C0FFFFFFFFFF6BFFF000000161A9442B6FC40861360
1290912B833A82DA6E1246331A3E9889E90803FFFFFFFFFFF68FFF000000161A9442B6FC40861378
129A0F2B8D8E82D9DD12586B1A491887E8EC03FFFFFFFFFFF64FFF000000161A9442B6FC40861390
129C952B905B82D954125A341A4A3C8578C803FFFFFFFFFFF5BFFF000000161A9442B6FC408613A8
129CFD2B90DC82D8C41256441A47D682E89903FFFFFFFFFFF53FFF000000161A9442B6FC408613C0
129FA02B93EA82D82F1255D61A47F981B87E03FFFFFFFFFFF54FFF000000161A9442B6FC408613D8
12A5DC2B9A6482D79F12644D1A504B81187811CFFFFFFFFFF52FFF000000161A9442B6FC408613F0
12ABCA2BA0CC82D713126A101A53AE8018740E8FFFFFFFFFF47FFF000000161A9442B6FC40861308
12AD062BA22282D67F1265BA1A51227E685C03FFFFFFFFFFF4FFFF000000161A9542B6FC40861320
12B0162BA5FA82D5EB1267141A525D7D484503FFFFFFFFFFF64FFF000000161A9542B6FC40861338
12B68C2BACEE82D55D1273171A59997CA83D03FFFFFFFFFFF77FFF000000161A9542B6FC40861350
12B9A52BB05382D4CC12757B1A5AC97BC837093FFFFFFFFFF84FFF000000161A9542B6FC40861368
12BADA2BB21182D43D12718D1A58DC7AD823841FFFFFFFFFF94FFF000000161A9542B6FC40861380
12BE692BB5CA82D3B2127B731A5EBA7A481503FFFFFFFFFFF98FFF000000161A9542B6FC40861398
12C18F2BB95382D322127E831A609479C80F03FFFFFFFFFFF9EFFF000000161A9542B6FC408613B0
12C3812BBB4F82D288127EB61A60C179680203FFFFFFFFFFFA5FFF000000161A9542B6FC408613C8
12C92E2BC03382D1F01285AA1A64747937FC03FFFFFFFFFFFA7FFF000000161A9542B6FC408613E0
12CDD52BC33A82D165128B911A66C17907F703FFFFFFFFFFFA9FFF000000161A9542B6FC408613F8
12CEB02BC3DA82D0DA128AFD1A66557857F028EFFFFFFFFFFACFFF000000161A9542B6FC40861310
12CFDD2BC47482D0441288491A65057817E91E2FFFFFFFFFFACFFF000000161A9542B6FC40861328
12D60C2BC9A682CFA71292171A698077E7E703FFFFFFFFFFFACFFF000000161A9542B6FC40861340
12DF9E2BD08182CF0C129D431A6DFF77E7E403FFFFFFFFFFFB2FFF000000161A9542B6FC40861358
12E7832BD90B82CE74129EAA1A6F787767DC03FFFFFFFFFFFB4FFF000000161A9542B6FC40861370
12F4E72BE61082CDE212A1EE1A71827757D503FFFFFFFFFFFB6FFF000000161A9542B6FC40861388
1307F42BFB2F82CD4712BD221A80707747D503FFFFFFFFFFFB5FFF000000161A9542B6FC408613A0
13145B2C089E82CCA612C7921A878B76A7D5045FFFFFFFFFFB6FFF000000161A9542B6FC408613B8
1328D42C1F4482CC0712E6311A99807607CF03FFFFFFFFFFFB6FFF000000161A9542B6FC408613D0
132F572C278082CB7512EB431A9D3F7607C703FFFFFFFFFFFB6FFF000000161A9542B6FC408613E8
1333022C2D0F82CAE012E4081A99917627C203FFFFFFFFFFFB8FFF000000161A9542B6FC40861300
1340E32C3DAB82CA4212ED0D1A9FE57607C703FFFFFFFFFFFB8FFF000000161A9542B6FC40861318
134E3F2C4C9D82C99F130ABD1AB24F7637CC42EFFFFFFFFFFB8FFF000000161A9642B6FC40861330
1352192C51C682C905130EA31AB5487617CA2DEFFFFFFFFFFBCFFF000000161A9642B6FC40861348
1353C02C544482C88313101D1AB6917617CC03FFFFFFFFFFFBEFFF000000161A9642B6FC40861360
13551E2C562882C811130E901AB5917627CF03FFFFFFFFFFFBBFFF000000161A9642B6FC40861378
13525A2C52CB82C7A11306241AB0477637D203FFFFFFFFFFFBBFFF000000161A9642B6FC40861390
1355572C56B082C722130D4B1AB50F76A7D303FFFFFFFFFFFBBFFF000000161A9642B6FC408613A8
13568C2C57F682C69513131B1AB8CD7687D10B6FFFFFFFFFFBCFFF000000161A9642B6FC408613C0
1357912C593982C6091314931AB9CA7657CB2F3FFFFFFFFFFBEFFF000000161A9642B6FC408613D8
135AA62C5D0C82C5851317821ABBD17667CD03FFFFFFFFFFFBEFFF000000161A9642B6FB408613F0
135D5D2C602F82C50E1319F51ABD6B7647CD03FFFFFFFFFFFBDFFF000000161A9642B6FB40861308
135E012C60E982C49A131A971ABDD37687CF03FFFFFFFFFFFBDFFF000000161A9642B6FB40861320
135F942C62A482C417131C281ABECB76A7CD148FFFFFFFFFFBDFFF000000161A9642B6FB40861338
1361D62C653C82C38E131E851AC04D7697CE062FFFFFFFFFFBCFFF000000161A9642B6FB40861350
13639B2C674182C3041320391AC1687607CC083FFFFFFFFFFC0FFF000000161A9642B6FB40861368
1363D52C677E82C2831320761AC18875B7CB123FFFFFFFFFFC2FFF000000161A9642B6FB40861380
1363CD2C676982C20B1320651AC17C75D7CA03FFFFFFFFFFFC2FFF000000161A9642B6FB40861398
1363A62C673D82C1AD13202E1AC1537607C755BFFFFFFFFFFC3FFF000000161A9642B6FB408613B0
1363922C672782C15E13204E1AC16C7607C803FFFFFFFFFFFBDFFF000000161A9642B6FB408613C8
1363FD2C678882C0FD1320BE1AC1A67637C603FFFFFFFFFFFC0FFF000000161A9642B6FB408613E0
13642D2C67C882C09D13210A1AC1D27607C5634FFFFFFFFFFC2FFF000000161A9642B6FB408613F8
13682F2C6C4482C0491324A71AC41475B7C303EFFFFFFFFFFC3FFF000000161A9642B6FB40861310
136A2A2C6E5B82BFF51326A21AC5447587C303FFFFFFFFFFFC3FFF000000161A9642B6FB40861328
136B432C6F9E82BF9F1327851AC5D77617C448EFFFFFFFFFFC3FFF000000161A9742B6FB40861340
136DC82C72A382BF43132A461AC7AB75F7C803FFFFFFFFFFFC3FFF000000161A9742B6FB40861358
136EF32C73FA82BEE1132B621AC8647627C203FFFFFFFFFFFC4FFF000000161A9742B6FB40861370
136F482C746B82BE81132BD71AC8B47657C1632FFFFFFFFFFC4FFF000000161A9742B6FB40861388
136FCC2C74F982BE34132C251AC8E675D7C103EFFFFFFFFFFC4FFF000000161A9742B6FB408613A0
136FE22C750A82BDE5132C431AC8F875F7C603FFFFFFFFFFFC3FFF000000161A9742B6FB408613B8
136FD62C750382BD93132C561AC9027597C88A3FFFFFFFFFFC3FFF000000161A9742B6FB408613D0
136F9C2C74C182BD3D132C4E1AC8FE75A7C503EFFFFFFFFFFC3FFF000000161A9742B6FB408613E8
136FCD2C74F782BCDF132C6E1AC91075D7C51C0FFFFFFFFFFC2FFF000000161A9742B6FB40861300
1370022C752E82BC77132CA11AC92A7597C2166FFFFFFFFFFC3FFF000000161A9742B6FB40861318
1371312C767282BC12132D9F1AC9C07597BE03FFFFFFFFFFFC3FFF000000161A9742B6FB40861330
13721A2C775B82BBB2132E881ACA447577BF03FFFFFFFFFFFC3FFF000000161A9742B6FB40861348
1372D72C781682BB50132F501ACAB675D7C1384FFFFFFFFFFC3FFF000000161A9742B6FB40861360
1373B22C78FE82BAF0132FFD1ACB1E75A7C103FFFFFFFFFFFC3FFF000000161A9742B6FB40861378
1373F32C795282BA941331501ACBEB75A7C303FFFFFFFFFFFC3FFF000000161A9742B6FB40861390
1375CB2C7B4082BA361333551ACD1C75B7C4440FFFFFFFFFFC3FFF000000161A9742B6FB408613A8
1377712C7CF582B9D313343B1ACD9A7567C103EFFFFFFFFFFC3FFF000000161A9742B6FB408613C0
1378BD2C7E5B82B96E1335A11ACE6F75C7BD03FFFFFFFFFFFC3FFF000000161A9742B6FB408613D8
1384342C8B9682B9071341861AD5F07577C1557FFFFFFFFFFC3FFF000000161A9742B6FB408613F0
13951D2C9E9382B8A21352541AE06E7557C103EFFFFFFFFFFC3FFF000000161A9742B6FB40861308
139DFB2CA86A82B844135B0B1AE61D7537BE03FFFFFFFFFFFC4FFF000000161A9742B6FB40861320
13A2632CADAB82B7E7135F951AE9027577BB708FFFFFFFFFFC4FFF000000161A9742B6FB40861338
13A1E22CAD3382B78D13610F1AEA137507BE03EFFFFFFFFFFC4FFF000000161A9742B6FB40861350
13A05A2CAC2082B732135E651AE8C07517BA03FFFFFFFFFFFC5FFF000000161A9842B6FB40861368
139D222CA74182B7051359171AE5157517BB6D6FFFFFFFFFFC5FFF000000161A9842B6FB40861380
139C272CA72682B6FC13559C1AE33B7527BB03EFFFFFFFFFFC5FFF000000161A9842B6FB40861398
13A0A82CAC3F82B6F313665B1AECF47507BF03FFFFFFFFFFFC3FFF000000161A9842B6FB408613B0
13A2BF2CAE8C82B6F91365081AECF97507BD980FFFFFFFFFFC3FFF000000161A9842B6FB408613C8
13A8F72CB58082B70613679F1AEE4F74F7C003EFFFFFFFFFFC3FFF000000161A9842B6FB408613E0
13AA432CB59382B7081364EC1AEC9174E7BD09FFFFFFFFFFFC3FFF000000161A9842B6FB408613F8
13A6FD2CB3A682B7051366691AED8A74A7B89C5FFFFFFFFFFC3FFF000000161A9842B6FA40861310
13A8D62CB54682B7041367501AEE2B74F7BA04CFFFFFFFFFFC4FFF000000161A9842B6FA40861328
13A4152CAF2782B7031366121AED7C7527B893AFFFFFFFFFFC3FFF000000161A9842B6FA40861340
13A2FC2CAED882B6FF1364A91AECAF7507B904AFFFFFFFFFFC2FFF000000161A9842B6FA40861358
13A3962CAFC982B6FC1362CA1AEB7374C7B88DBFFFFFFFFFFC3FFF000000161A9842B6FA40861370
13A4192CB02D82B6FF1364551AEC6A74A7BB04BFFFFFFFFFFC2FFF000000161A9842B6FA40861388
13A3C92CAFAD82B7051364CA1AECC474C7BD8FAFFFFFFFFFFC2FFF000000161A9842B6FA408613A0
13A5C72CB1F682B70813661E1AED5C7487BE044FFFFFFFFFFC3FFF000000161A9842B6FA408613B8
13A4F62CB15B82B70A1364391AEC6A74C7BB8B3FFFFFFFFFFC3FFF000000161A9842B6FA408613D0
13A5552CB1CD82B7051363F41AEC5E74A7BB03EFFFFFFFFFFC3FFF000000161A9842B6FA408613E8
13A6E22CB39182B6FF13635A1AEC1F74B7BD03FFFFFFFFFFFC3FFF000000161A9842B6FA40861300
13A75B2CB40C82B70013648E1AECAE7517BE93FFFFFFFFFFFC2FFF000000161A9842B6FA40861318
13AA8F2CB75C82B7061365F21AED8074D7BA03DFFFFFFFFFFC3FFF000000161A9842B6FA40861330
13A9C92CB69B82B70613672F1AEE4074B7B913AFFFFFFFFFFC4FFF000000161A9842B6FA40861348
13A9652CB69C82B7021365E01AEDCB74E7B8AE7FFFFFFFFFFC3FFF000000161A9842B6FA40861360
13AA362CB74682B70513659B1AED1D74D7B903DFFFFFFFFFFC3FFF000000161A9842B6FA40861378
13AB0C2CB81782B7091366181AEDB67477B70EEFFFFFFFFFFC4FFF000000161A9842B6FA40861390
13ABF52CB8AE82B7081366AA1AEE0174E7B8A79FFFFFFFFFFC4FFF000000161A9942B6FA408613A8
13AB7B2CB83D82B7041366EF1AEE3274D7B804BFFFFFFFFFFC3FFF000000161A9942B6FA408613C0
13AB272CB86482B7031367921AEE8A7487B9937FFFFFFFFFFC3FFF000000161A9942B6FA408613D8
13AB732CB8D182B6FE1367601AEE8374B7BB03EFFFFFFFFFFC4FFF000000161A9942B6FA408613F0
13AC4B2CB98D82B6FE1367A01AEEA374A7B903FFFFFFFFFFFC3FFF000000161A9942B6FA40861308
13AC372CB9B382B70A1367841AEE947497B77F8FFFFFFFFFFC2FFF000000161A9942B6FA40861320
13AC032CB97482B7111367A41AEEAD7487B703EFFFFFFFFFFC4FFF000000161A9942B6FA40861338
13ABCF2CB95B82B70713675B1AEE8A7437B703FFFFFFFFFFFC5FFF000000161A9942B6FA40861350
13ABF12CB96E82B6FE13678F1AEEA37437BC73BFFFFFFFFFFC3FFF000000161A9942B6FA40861368
13ABD12CB93F82B6FE1367971AEEA87497B703EFFFFFFFFFFC3FFF000000161A9942B6FA40861380
13ABF22CB96B82B70213678D1AEEA474C7B304EFFFFFFFFFFC3FFF000000161A9942B6FA40861398
13ABEC2CB96282B7071367831AEEA074B7B3919FFFFFFFFFFC3FFF000000161A9942B6FA408613B0
13ABCF2CB94382B70C1367861AEEA174B7B603DFFFFFFFFFFC3FFF000000161A9942B6FA408613C8
13AB502CB8BF82B7091367441AEE7A74C7B7049FFFFFFFFFFC4FFF000000161A9942B6FA408613E0
13AB492CB8AF82B7031367091AEE537497B3898FFFFFFFFFFC4FFF000000161A9942B6FA408613F8
13AB0C2CB87B82B7021366C91AEE2D7447B303EFFFFFFFFFFC3FFF000000161A9942B6FA40861310
13AB0E2CB87782B70013661F1AEDD07437B80CBFFFFFFFFFFC3FFF000000161A9942B6FA40861328
13AB082CB85F82B70013662C1AEDC47507BAA1BFFFFFFFFFFC3FFF000000161A9942B6FA40861340
13AAD22CB82D82B7081365F41AEDA474A7B703DFFFFFFFFFFC4FFF000000161A9942B6FA40861358
13AB112CB86382B70A13661C1AEDC87497B719AFFFFFFFFFFC3FFF000000161A9942B6FA40861370
13AB342CB88C82B7061366181AEDBF74C7B4158FFFFFFFFFFC3FFF000000161A9942B6FA40861388
13AB162CB86882B7051366151AEDB974A7B303FFFFFFFFFFFC3FFF000000161A9942B6FA408613A0
13AB2D2CB88582B7071366541AEDDD74D7B71F9FFFFFFFFFFC4FFF000000161A9942B6FA408613B8
13AB132CB88982B7061366781AEDF37487BA19EFFFFFFFFFFC3FFF000000161A9A42B6FA408613D0
13AB1B2CB89982B6FC1366401AEDD57477BC03FFFFFFFFFFFC2FFF000000161A9A42B6FA408613E8
13AB292CB89182B6FB1366521AEDD77447B930EFFFFFFFFFFC2FFF000000161A9A42B6FA40861300
13AAD42CB83D82B70A13663B1AEDD67497B6268FFFFFFFFFFC2FFF000000161A9A42B6F940861318
13AB1C2CB89182B7111366A81AEE017487B903FFFFFFFFFFFC2FFF000000161A9A42B6F940861330
13AACA2CB81882B70D1366831AEDFA7417BC6E4FFFFFFFFFFBBFFF000000161A9A42B6F940861348
13AA192CB75682B7061366681AEDE67407B8418FFFFFFFFFF98FFF000000161A9A42B6FA40861360
13AA182CB77082B6FA1366091AEDA77487B603FFFFFFFFFFFC4FFF000000161A9A42B6F940861378
13AA6F2CB7CD82B6F71366111AEDAF7477BA782FFFFFFFFFFC3FFF000000161A9A42B6F940861390
13AA4D2CB79882B7031366281AEDC07477BC43CFFFFFFFFFFC3FFF000000161A9A42B6F9408613A8
13AA172CB74B82B70D1366141AEDB374A7B803FFFFFFFFFFFC3FFF000000161A9A42B6F9408613C0
13A99D2CB6B882B70F1365C51AED8074A7B703FFFFFFFFFFFC3FFF000000161A9A42B6F9408613D8
13A8CC2CB5B682B70C1365B01AED7474B7B603FFFFFFFFFFFC3FFF000000161A9A42B6F9408613F0
13A8C32CB5B982B7011365371AED2274A7B3400FFFFFFFFFFC3FFF000000161A9A42B6F940861308
13A86C2CB56C82B6F81364EA1AECF27477B40D0FFFFFFFFFFC3FFF000000161A9A42B6F940861320
13A8A42CB5A582B6FE1364F91AECFC7437B403FFFFFFFFFFFC3FFF000000161A9A42B6F940861338
13A8D82CB5CF82B7071365131AED097497B603FFFFFFFFFFFC2FFF000000161A9A42B6F940861350
13A8622CB54982B7091364BD1AECD27507B403FFFFFFFFFFFC3FFF000000161A9A42B6F940861368
13A7F92CB4CC82B70713643C1AEC7974F7B104BFFFFFFFFFFC3FFF000000161A9A42B6F940861380
13A7D22CB49B82B7071363B81AEC2F74A7B403FFFFFFFFFFFC4FFF000000161A9A42B6F940861398
13A7CF2CB49282B70713638F1AEC0A74E7B50C3FFFFFFFFFFC4FFF000000161A9A42B6F9408613B0
13A7BC2CB48882B70513637F1AEBFE74B7B303FFFFFFFFFFFC4FFF000000161A9A42B6F9408613C8
13A7BF2CB49982B70313637F1AEBFF7507B403FFFFFFFFFFFC3FFF000000161A9B42B6F9408613E0
13A7CB2CB4A382B6FF13633B1AEBD374C7B503FFFFFFFFFFFC2FFF000000161A9B42B6F9408613F8
13A84B2CB53082B6FF1363321AEBDA74B7B803FFFFFFFFFFFC2FFF000000161A9B42B6F940861310
13A8C32CB5AC82B7081363DC1AEC347497B8684FFFFFFFFFFC3FFF000000161A9B42B6F940861328
13A9322CB61A82B70B1363F71AEC4674B7B612BFFFFFFFFFFC2FFF000000161A9B42B6F940861340
13A9112CB5FE82B7051363BF1AEC2674D7B603FFFFFFFFFFFC1FFF000000161A9B42B6F940861358
13A8C82CB5A882B7061363E11AEC387497B4050FFFFFFFFFFC3FFF000000161A9B42B6F940861370
13A8AC2CB5B982B7071363E11AEC3C74B7B3765FFFFFFFFFFC4FFF000000161A9B42B6F940861388
13A9262CB63B82B7021363D41AEC377477B114AFFFFFFFFFFC4FFF000000161A9B42B6F9408613A0
13A9382CB62882B7001363EA1AEC457457B403FFFFFFFFFFFC4FFF000000161A9B42B6F9408613B8
13A94E2CB63182B7031363F11AEC487437B103FFFFFFFFFFFC4FFF000000161A9B42B6F9408613D0
13A9742CB68D82B7071364251AEC6B7447B503FFFFFFFFFFFC4FFF000000161A9B42B6F9408613E8
13A92E2CB62D82B70A1364501AEC857477B503FFFFFFFFFFFC4FFF000000161A9B42B6F940861300
13A9582CB67F82B70613645C1AEC8A7467B703FFFFFFFFFFFC4FFF000000161A9B42B6F940861318
13A9A42CB6C882B70013647D1AEC947497B7424FFFFFFFFFFC4FFF000000161A9B42B6F940861330
13A9DA2CB71882B6FF13653F1AED2574B7B603FFFFFFFFFFFC2FFF000000161A9B42B6F940861348
13AA1D2CB76782B7071364B61AECD27487B703FFFFFFFFFFFC2FFF000000161A9B42B6F940861360
13AA0A2CB74F82B70A1365011AECFB7497B603FFFFFFFFFFFC2FFF000000161A9B42B6F940861378
13AA152CB77282B70313651B1AED157447B303FFFFFFFFFFFC3FFF000000161A9B42B6F940861390
13AA0E2CB76882B6FF13657A1AED597487B603FFFFFFFFFFFC4FFF000000161A9B42B6F9408613A8
13AA062CB76282B7071365AB1AED7F7457B4043FFFFFFFFFFC3FFF000000161A9B42B6F9408613C0
13A9E52CB73782B7071365B21AED867457B3068FFFFFFFFFFC4FFF000000161A9B42B6F9408613D8
13A9E92CB73582B70213659D1AED747497B603FFFFFFFFFFFC4FFF000000161A9C42B6F9408613F0
13A9DA2CB72282B7031365B71AED897457B703FFFFFFFFFFFC3FFF000000161A9C42B6F940861308
13A9CD2CB71C82B7061365C61AED917447B403FFFFFFFFFFFBFFFF000000161A9C42B6F940861320
13A9FE2CB75782B7081365BA1AED877467B2043FFFFFFFFFFC1FFF000000161A9C42B6F940861338
13AA802CB7FC82B70B1365AB1AED817467B16E8FFFFFFFFFFC2FFF000000161A9C42B6F940861350
13AA8A2CB81882B7051365821AED6A7497B503FFFFFFFFFFFC2FFF000000161A9C42B6F940861368
13AAB32CB86D82B6FC1365AC1AED927487B203FFFFFFFFFFFC1FFF000000161A9C42B6F940861380
13AAA92CB84482B6FC1366611AEE047467B303FFFFFFFFFFFC2FFF000000161A9C42B6F940861398
13AA0E2CB77E82B70213664D1AEE037487BA03FFFFFFFFFFFC4FFF000000161A9C42B6F8408613B0
13AABA2CB85182B70E1366231AEDE574A7B703FFFFFFFFFFFC4FFF000000161A9C42B6F8408613C8
13AAB32CB85B82B7141366671AEE127487B819EFFFFFFFFFFC4FFF000000161A9C42B6F8408613E0
13AA822CB82D82B7081366251AEDF17457B516AFFFFFFFFFFC4FFF000000161A9C42B6F8408613F8
13AA632CB80382B6F713662B1AEDFD7467B503FFFFFFFFFFFC4FFF000000161A9C42B6F840861310
13AA2C2CB7C082B6F71366121AEDE574E7B503FFFFFFFFFFFC3FFF000000161A9C42B6F840861328
13AA562CB7F482B7011365E81AEDC27477B6195FFFFFFFFFFC3FFF000000161A9C42B6F840861340
13AA2C2CB7BB82B70C1365B51AED9F7497B8086FFFFFFFFFFC3FFF000000161A9C42B6F840861358
13AA152CB79282B70F1365C71AEDAC74A7B99ABFFFFFFFFFFC3FFF000000161A9C42B6F840861370
13AA082CB78B82B70A1365CD1AEDB27497B603FFFFFFFFFFFC3FFF000000161A9C42B6F840861388
13AA132CB78D82B7031365AE1AED9C74C7B103FFFFFFFFFFFC3FFF000000161A9C42B6F84085F3A0
13AA042CB78782B6FD1365C41AEDAD74A7B503FFFFFFFFFFFC2FFF000000161A9C42B6F8408613B8
13AA0A2CB79182B6FF1365C21AEDAB74B7B903FFFFFFFFFFFC2FFF000000161A9C42B6F8408613D0
13AA112CB79E82B7031365BD1AEDA97467B903FFFFFFFFFFFC4FFF000000161A9C42B6F8408613E8
13AA102CB7AA82B7071365B01AED9A7477B9321FFFFFFFFFFC3FFF000000161A9C42B6F840861300
13AA5E2CB7FF82B7091365B01AED9F7457B9287FFFFFFFFFFC2FFF000000161A9D42B6F840861318
13AA952CB84882B7081365D31AEDB774A7BA03FFFFFFFFFFFC4FFF000000161A9D42B6F840861330
13AA932CB84382B7091366031AEDD77487B705CFFFFFFFFFFC4FFF000000161A9D42B6F840861348
13AAAA2CB87382B7061365DF1AEDC07467B803FFFFFFFFFFFC2FFF000000161A9D42B6F840861360
13AB0E2CB8EA82B6FC1366081AEDDA7467B503FFFFFFFFFFFC2FFF000000161A9D42B6F840861378
13AB252CB8E582B6FA13668E1AEE367467B603FFFFFFFFFFFC3FFF000000161A9D42B6F840861390
13AA892CB82D82B7061366191AEDED7457B703FFFFFFFFFFFC4FFF000000161A9D42B6F8408603A8
13AA992CB83082B70D13660F1AEDE17457B744FFFFFFFFFFFC4FFF000000161A9D42B6F8408613C0
13AAAC2CB84082B70A1366491AEE017467B634DFFFFFFFFFFC4FFF000000161A9D42B6F8408613D8
13AB042CB88D82B7041366741AEE1D7467B603FFFFFFFFFFFC3FFF000000161A9D42B6F8408613F0
13AAEB2CB87482B7011366601AEE1C7487B503FFFFFFFFFFFC2FFF000000161A9D42B6F840861308
13AACE2CB87382B7011366701AEE217457B41C6FFFFFFFFFFC3FFF000000161A9D42B6F840860320
13AB172CB8BA82B6FF1366861AEE297477B203EFFFFFFFFFFC3FFF000000161A9D42B6F840861338
13AB532CB8FD82B7041366CD1AEE4F7487B403FFFFFFFFFFFB4FFF000000161A9D42B6F840861350
13ABB32CB96982B7091366C91AEE507487B2325FFFFFFFFFFBBFFF000000161A9D42B6F840861368
13ABB52CB96182B7071366E81AEE5B74A7B403EFFFFFFFFFFC1FFF000000161A9D42B6F840861380
13ABDC2CB99582B7061366F81AEE627487B703FFFFFFFFFFFC3FFF000000161A9D42B6F840861398
13ABEA2CB99E82B70613672F1AEE7D7467B903FFFFFFFFFFFC4FFF000000161A9D42B6F8408613B0
13ABBC2CB97382B7021367101AEE6A7477B603FFFFFFFFFFFC4FFF000000161A9D42B6F8408613C8
13ABD12CB97A82B6FC13670D1AEE7B7427B6636FFFFFFFFFFC4FFF000000161A9D42B6F8408613E0
13ABF62CB9A982B70113674A1AEE957457B1470FFFFFFFFFFC4FFF000000161A9D42B6F8408613F8
13ABE12CB99182B70B13674B1AEE937447B203FFFFFFFFFFFC3FFF000000161A9D42B6F840861310
13AC002CB9BD82B7061367271AEE7C7427B403FFFFFFFFFFFC4FFF000000161A9E42B6F840861328
13AC372CBA0C82B70213674A1AEE9274A7B103FFFFFFFFFFFC4FFF000000161A9E42B6F840861340
13ABF72CB9B182B7061367301AEE827457B303FFFFFFFFFFFC3FFF000000161A9E42B6F840861358
13ABB92CB96682B70513672C1AEE7A7457B603FFFFFFFFFFFC3FFF000000161A9E42B6F840861370
13ABE62CB99382B70413673E1AEE847457B35CDFFFFFFFFFFC3FFF000000161A9E42B6F84085F388
13ABCA2CB95E82B70313674A1AEE8D7447B303DFFFFFFFFFFC3FFF000000161A9E42B6F8408613A0
13ABE42CB97382B7021367551AEE8F7487B403FFFFFFFFFFFC2FFF000000161A9E42B6F8408613B8
13ABFE2CB9A382B7011367561AEE907477B203FFFFFFFFFFFC1FFF000000161A9E42B6F8408613D0
13AC372CB9AD82B7041367531AEE8E7447B403FFFFFFFFFFFC2FFF000000161A9E42B6F8408613E8
13ABE02CB98C82B7071367431AEE837497B403FFFFFFFFFFFC4FFF000000161A9E42B6F840861300
13AC012CB99482B7091367431AEE807507B508CFFFFFFFFFFC3FFF000000161A9E42B6F840861318
13ABB02CB92D82B7061367721AEEA074C7B317AFFFFFFFFFFC3FFF000000161A9E42B6F840861330
13AB722CB8DC82B6FC1367501AEE9274E7B403FFFFFFFFFFFC3FFF000000161A9E42B6F840861348
13AB7C2CB8F982B6F913675B1AEE8F74E7B303FFFFFFFFFFFC3FFF000000161A9E42B6F840861360
13AB892CB90C82B70413677C1AEEAA74C7B203FFFFFFFFFFFC3FFF000000161A9E42B6F740861378
13AB622CB8D982B70D1367651AEE977497AE03FFFFFFFFFFFC1FFF000000161A9E42B6F740861390
13AB472CB8B582B7091367641AEE9574A7B58B7FFFFFFFFFFC3FFF000000161A9E42B6F7408613A8
13AAE92CB85D82B7031367241AEE697487B903CFFFFFFFFFFC3FFF000000161A9E42B6F7408613C0
13AB182CB87882B7011367061AEE537497B803FFFFFFFFFFFC3FFF000000161A9E42B6F7408613D8
13AAEC2CB85882B6FE1366FB1AEE497477B415BFFFFFFFFFFC0FFF000000161A9E42B6F7408603F0
13AAE32CB84982B7001366F91AEE457477B403EFFFFFFFFFFC1FFF000000161A9E42B6F740861308
13AAEA2CB84D82B70713670D1AEE5B7467B503FFFFFFFFFFFC3FFF000000161A9E42B6F740861320
13AADB2CB83482B7071367071AEE547467B6132FFFFFFFFFFC4FFF000000161A9E42B6F740861338
13AAF92CB85882B7061366E21AEE437427B735FFFFFFFFFFFC4FFF000000161A9F42B6F740861350
13AB062CB86C82B70813669B1AEE0A7487B903FFFFFFFFFFFC4FFF000000161A9F42B6F740861368
13AAF42CB85B82B7041366B71AEE1F7477BA03FFFFFFFFFFFC3FFF000000161A9F42B6F740861380
13AB5B2CB8D782B6FD1366E11AEE3D7487B803FFFFFFFFFFFC3FFF000000161A9F42B6F740861398
13AB3E2CB8AD82B7011366F61AEE467497B803FFFFFFFFFFFC2FFF000000161A9F42B6F7408613B0
13AB052CB87582B7031366DF1AEE3974C7B803FFFFFFFFFFFC3FFF000000161A9F42B6F7408613C8
13AB3A2CB8B182B7021366E31AEE3B74E7B804EFFFFFFFFFFC3FFF000000161A9F42B6F7408603E0
13AB452CB8C082B7071366DB1AEE367497B6042FFFFFFFFFFC3FFF000000161A9F42B6F7408613F8
13AB482CB8B682B70C1366E51AEE3C7487B203FFFFFFFFFFFC3FFF000000161A9F42B6F740861310
13AB2C2CB8A782B7071366E11AEE3D7457B203FFFFFFFFFFFC3FFF000000161A9F42B6F740861328
13AB232CB89582B6FF1366F91AEE4B7467B603FFFFFFFFFFFC3FFF000000161A9F42B6F740861340
13AB562CB8C082B6FB1366F11AEE4B7477B63E2FFFFFFFFFFC3FFF000000161A9F42B6F740861358
13AB332CB8A982B6FC1366E71AEE497447B4546FFFFFFFFFFC2FFF000000161A9F42B6F740861370
13AB302CB8B182B7051366DB1AEE4474A7B203FFFFFFFFFFFC2FFF000000161A9F42B6F740861388
13AB362CB8B582B70D1366E51AEE4474D7B003FFFFFFFFFFFC3FFF000000161A9F42B6F7408613A0
13AB662CB8FC82B7091366D71AEE3B7497B203FFFFFFFFFFFC3FFF000000161A9F42B6F7408613B8
13AC002CB9CA82B7011366ED1AEE557427AF03FFFFFFFFFFFC3FFF000000161A9F42B6F7408613D0
13AC122CB9EA82B7031367A21AEEB773F7B203FFFFFFFFFFFC3FFF000000161A9F42B6F7408603E8
13ABED2CB9C782B6FC1367971AEEC27477B3274FFFFFFFFFFC2FFF000000161A9F42B6F740861300
13ABB22CB97982B6F91367891AEEBD74B7AE0ABFFFFFFFFFFC3FFF000000161A9F42B6F740861318
13ABA62CB95E82B70213674B1AEE9974B7B303FFFFFFFFFFFC3FFF000000161A9F42B6F740861330
13AB8C2CB93A82B70A13674C1AEE957497B103FFFFFFFFFFFC3FFF000000161A9F42B6F740861348
13ABC62CB99C82B70B1367481AEE8F74B7AE03FFFFFFFFFFFC3FFF000000161AA042B6F740861360
13ABEB2CB9C382B70813674D1AEE967497B1328FFFFFFFFFFC3FFF000000161AA042B6F740861378
13ABBB2CB99782B70013676F1AEEBA74D7B4727FFFFFFFFFFC3FFF000000161AA042B6F740861390
13ABCE2CB99B82B6FB13677D1AEECD74D7B603FFFFFFFFFFFBEFFF000000161AA042B6F7408613A8
13AB9B2CB96A82B6FC13675D1AEEBE74E7B427FFFFFFFFFFFB6FFF000000161AA042B6F7408613C0
13ABA82CB98782B7041367531AEEB07497B403EFFFFFFFFFFC3FFF000000161AA042B6F7408613D8
13ABAD2CB99182B7071367531AEEB37457B603FFFFFFFFFFFC3FFF000000161AA042B6F7408613F0
13ABCC2CB9BC82B7081367581AEEB07477B603FFFFFFFFFFFC2FFF000000161AA042B6F740861308
13ABD12CB9B482B7061367561AEEB374C7B54BEFFFFFFFFFFC2FFF000000161AA042B6F740861320
13ABC12CB98582B7041367501AEEB07457B5113FFFFFFFFFFC3FFF000000161AA042B6F740861338
13ABB62CB99382B70113674F1AEEB27437B403FFFFFFFFFFFC4FFF000000161AA042B6F740861350
13ABBF2CB98F82B6FB13676A1AEEC17497B403FFFFFFFFFFFC3FFF000000161AA042B6F740861368
13ABD62CB99382B6FC13674A1AEE9F7497B503FFFFFFFFFFFC3FFF000000161AA042B6F740861380
13ABA22CB96282B7051367431AEE9D7467B603FFFFFFFFFFFC3FFF000000161AA042B6F740861398
13ABA02CB95B82B7091367491AEE957467B303FFFFFFFFFFFC2FFF000000161AA042B6F7408613B0
13AB862CB92182B70713674E1AEE977457B11A1FFFFFFFFFFC2FFF000000161AA042B6F7408613C8
13AB8B2CB93C82B7051367401AEE9174B7B103FFFFFFFFFFFC4FFF000000161AA042B6F7408613E0
13AB8A2CB93382B6FE13673F1AEE8B74D7B103FFFFFFFFFFFC4FFF000000161AA042B6F7408613F8
13ABAE2CB93D82B6FC1367391AEE787497B303FFFFFFFFFFFC3FFF000000161AA042B6F740861310
13AB532CB8DF82B70513673D1AEE897477B41DAFFFFFFFFFFB4FFF000000161AA042B6F740861328
13AB522CB8CC82B7061367331AEE837497B5749FFFFFFFFFFC2FFF000000161AA042B6F740861340
13AB4A2CB8CD82B7011367241AEE7474E7B9180FFFFFFFFFFC3FFF000000161AA042B6F640861358
13AB4A2CB8BA82B70113672A1AEE757497B903FFFFFFFFFFFC3FFF000000161AA142B6F640861370
13AB252CB8A382B7061366F81AEE597467B503FFFFFFFFFFFC3FFF000000161AA142B6F640861388
13AB0B2CB88382B7071366FA1AEE517437B403FFFFFFFFFFFC3FFF000000161AA142B6F6408613A0
13AAE92CB84882B7071366CC1AEE3C7417B503FFFFFFFFFFFC3FFF000000161AA142B6F6408613B8
13AAE12CB84482B6FF1367101AEE6174A7B503FFFFFFFFFFFC3FFF000000161AA142B6F6408613D0
13AAD92CB85982B6FA1366FF1AEE6074A7B3439FFFFFFFFFFC3FFF000000161AA142B6F6408613E8
13AACB2CB83F82B70013670D1AEE5D7457B303FFFFFFFFFFFC3FFF000000161AA142B6F640861300
13AAAE2CB82582B7071366871AEE107427B603FFFFFFFFFFFC4FFF000000161AA142B6F640861318
13AAC32CB83B82B7071366A51AEE237447B603FFFFFFFFFFFC4FFF000000161AA142B6F640861330
13AAC42CB83A82B7071366DA1AEE337477B703FFFFFFFFFFFC4FFF000000161AA142B6F640861348
13AABA2CB83F82B7061366CF1AEE397457B603FFFFFFFFFFFC4FFF000000161AA142B6F640861360
13AAF22CB89582B7011367281AEE797497B2046FFFFFFFFFFC5FFF000000161AA142B6F640861378
13AAEF2CB88C82B6FB13673A1AEE8B7497B3208FFFFFFFFFFC3FFF000000161AA142B6F640861390
13AAF92CB8A582B6FC1367481AEE9D7427B603EFFFFFFFFFFC3FFF000000161AA142B6F6408613A8
13AAFE2CB8A182B7031367321AEE8A7427B803FFFFFFFFFFFC4FFF000000161AA142B6F6408613C0
13AB052CB8B282B70B13673F1AEE9D7457B803FFFFFFFFFFFC4FFF000000161AA142B6F6408613D8
13AB1A2CB8E182B7061367231AEE8D7457B303FFFFFFFFFFFC4FFF000000161AA142B6F6408613F0
13AB4A2CB92082B7001367261AEE897457B070CFFFFFFFFFFC5FFF000000161AA142B6F640861308
13AB2D2CB90B82B70013672A1AEE8A74C7AF03FFFFFFFFFFFC5FFF000000161AA142B6F640861320
13AAEE2CB8DA82B7031367141AEE7E7497B303FFFFFFFFFFFC4FFF000000161AA142B6F640861338
13AB182CB8F282B7031367381AEE9A74E7B503FFFFFFFFFFFC2FFF000000161AA142B6F640861350
13AB332CB90382B6FE13671B1AEE8C74B7B903FFFFFFFFFFFC3FFF000000161AA242B6F640861368
13AAF32CB8C182B7001367081AEE8774E7B603FFFFFFFFFFFC2FFF000000161AA242B6F640861380
13AAB12CB88B82B7091366C11AEE4874C7B903FFFFFFFFFFFC2FFF000000161AA242B6F640861398
13AA8A2CB84B82B70A1366641AEE127497B703FFFFFFFFFFFC3FFF000000161AA242B6F6408613B0
13AA4A2CB80C82B70513667C1AEE3674C7B003FFFFFFFFFFFC4FFF000000161AA242B6F6408613C8
13AA492CB7F082B7001366541AEE267447AD04BFFFFFFFFFFC3FFF000000161AA242B6F6408613E0
13AA552CB7F682B6FB1366231AEDFE7487AD221FFFFFFFFFFC3FFF000000161AA242B6F6408613F8
13AA402CB7EC82B6FC1366301AEDFC74A7B003EFFFFFFFFFFC3FFF000000161AA242B6F640861310
13AA762CB80082B7081366601AEE1B7447B103FFFFFFFFFFFC2FFF000000161AA242B6F640861328
13AA982CB80282B70A1366691AEE1A73E7AF03FFFFFFFFFFFC2FFF000000161AA242B6F640861340
13AAA62CB7FD82B7061366571AEE077467B203FFFFFFFFFFFC3FFF000000161AA242B6F640861358
13AAC12CB80E82B70013664A1AEDF47497B303FFFFFFFFFFFC2FFF000000161AA242B6F640861370
13AAD72CB81282B6FF1366421AEDF474C7B31E1FFFFFFFFFFC3FFF000000161AA242B6F640861388
13AAE02CB81882B7031366541AEDEF7497B3527FFFFFFFFFFC4FFF000000161AA242B6F6408613A0
13AAC82CB80882B7021366541AEDEB7417B803FFFFFFFFFFFC2FFF000000161AA242B6F6408613B8
13AAD62CB82182B6FF1366511AEDE97427B903FFFFFFFFFFFC4FFF000000161AA242B6F6408613D0
13AB082CB84882B7031366521AEDE67487B603FFFFFFFFFFFC4FFF000000161AA242B6F6408613E8
13AB262CB87F82B7061366641AEDE77487B303FFFFFFFFFFFC3FFF000000161AA242B6F640861300
13AB972CB8EC82B7051366A71AEDFD7467B303FFFFFFFFFFFC3FFF000000161AA242B6F640861318
13AB992CB8F682B7081366BC1AEE097467B523FFFFFFFFFFFC2FFF000000161AA242B6F640861330
13ABDC2CB95382B7031366911AEDF974A7B80ABFFFFFFFFFFC3FFF000000161AA242B6F640861348
13ABE32CB95D82B6F813670E1AEE3A7477B7252FFFFFFFFFFC4FFF000000161AA342B6F640861360
13ABBC2CB93482B6FD1367401AEE607427B703EFFFFFFFFFFC3FFF000000161AA342B6F640861378
13ABCA2CB93E82B7061367191AEE487407B303FFFFFFFFFFFC2FFF000000161AA342B6F640861390
13ABD02CB94D82B7071367111AEE427427B12EEFFFFFFFFFFC5FFF000000161AA342B6F6408613A8
13ABD82CB95482B70413670D1AEE437437B6723FFFFFFFFFFC3FFF000000161AA342B6F6408613C0
13ABEA2CB97582B7061367151AEE4774B7B803FFFFFFFFFFFC3FFF000000161AA342B6F5408613D8
13AC002CB98782B70513671A1AEE4D74B7B503FFFFFFFFFFFC3FFF000000161AA342B6F5408613F0
13ABF42CB98782B6FD1367511AEE677467B403FFFFFFFFFFFC4FFF000000161AA342B6F540861308
13AC0D2CB99C82B6FF1367461AEE6C7487B403FFFFFFFFFFFC4FFF000000161AA342B6F540861320
13ABED2CB96F82B70313673A1AEE627497B303FFFFFFFFFFFC3FFF000000161AA342B6F540861338
13ABD92CB96E82B7001367461AEE6E7487B147FFFFFFFFFFFC3FFF000000161AA342B6F540861350
13AC002CB98E82B7001367611AEE7F7447B211CFFFFFFFFFFC3FFF000000161AA342B6F540861368
13AC202CB9B682B70B13676B1AEE897447B503FFFFFFFFFFFC2FFF000000161AA342B6F540861380
13AC122CB9AB82B7091367771AEE8F74A7B705AFFFFFFFFFFC2FFF000000161AA342B6F540861398
13ABCA2CB94F82B6FB1367671AEE8E7497B803FFFFFFFFFFFC3FFF000000161AA342B6F5408613B0
13ABC62CB96382B6F91367321AEE7474A7B503FFFFFFFFFFFC3FFF000000161AA342B6F5408613C8
13ABB92CB95682B7041367691AEE8D74B7B503FFFFFFFFFFFC3FFF000000161AA342B6F5408613E0
13ABBF2CB95D82B70713675F1AEE8674E7B803FFFFFFFFFFFC2FFF000000161AA342B6F5408613F8
13ABA82CB94882B7031367591AEE827487B661EFFFFFFFFFFC2FFF000000161AA342B6F540861310
13AB972CB93A82B70213673C1AEE757437B616BFFFFFFFFFFC2FFF000000161AA342B6F540861328
13AB632CB8FE82B6FE1367351AEE6F74A7B3365FFFFFFFFFFC3FFF000000161AA442B6F540861340
13AB092CB8B182B70113670E1AEE5B7497B103DFFFFFFFFFFC3FFF000000161AA442B6F540861358
13AB0E2CB8B982B7061366E61AEE4A74A7B203FFFFFFFFFFFC2FFF000000161AA442B6F540861370
13AB062CB8B082B7021366FF1AEE5374A7B403FFFFFFFFFFFC3FFF000000161AA442B6F540861388
13AAD62CB87D82B7011367081AEE5C74D7B903FFFFFFFFFFFC2FFF000000161AA442B6F5408613A0
13AAF62CB8A782B7051366F91AEE5574A7B73EDFFFFFFFFFFC0FFF000000161AA442B6F5408613B8
13AB0E2CB8BC82B7031366F71AEE537477B57DCFFFFFFFFFFC3FFF000000161AA442B6F5408613D0
13AB292CB8D382B6FC1366ED1AEE4B74A7B01BAFFFFFFFFFFC3FFF000000161AA442B6F5408613E8
13AB332CB8DE82B6FA1366DB1AEE467457AE03FFFFFFFFFFFC4FFF000000161AA442B6F540861300
13AB392CB8E282B7021366E61AEE4C7447B203FFFFFFFFFFFC4FFF000000161AA442B6F540861318
13AB332CB8E182B70B1366F31AEE557497B403FFFFFFFFFFFC2FFF000000161AA442B6F540861330
13AB2B2CB8D682B70E1366F41AEE5774A7B403FFFFFFFFFFFC3FFF000000161AA442B6F540861348
13AB382CB8ED82B7011366EA1AEE547477B503FFFFFFFFFFFC4FFF000000161AA442B6F540861360
13AB252CB8DB82B6F31366CE1AEE4374D7B44F0FFFFFFFFFFC4FFF000000161AA442B6F540861378
13AB282CB8DF82B6F713669A1AEE1C7497B003FFFFFFFFFFFC3FFF000000161AA442B6F540861390
13AB2B2CB8DE82B7041366C21AEE3A7477B2041FFFFFFFFFFC2FFF000000161AA442B6F5408613A8
13AB2B2CB8E282B70A1366BB1AEE397477B3041FFFFFFFFFFC2FFF000000161AA442B6F5408613C0
13AB472CB8FF82B7071366BF1AEE387497B503FFFFFFFFFFFC4FFF000000161AA442B6F5408613D8
13AB652CB92682B70213669C1AEE2974A7B403FFFFFFFFFFFC3FFF000000161AA442B6F5408613F0
13AB8A2CB94182B7031366AE1AEE327467B503FFFFFFFFFFFC3FFF000000161AA442B6F540861308
13AB9D2CB95882B7011366DC1AEE4A7437B403FFFFFFFFFFFC3FFF000000161AA542B6F540861320
13AB8C2CB94C82B6F91366B91AEE407467B46DEFFFFFFFFFFC3FFF000000161AA542B6F540861338
13ABB32CB96982B6FC1366EA1AEE5974B7B403FFFFFFFFFFFC3FFF000000161AA542B6F540861350
13ABAD2CB96582B70513671D1AEE717497B503FFFFFFFFFFFC3FFF000000161AA542B6F540861368
13ABCB2CB97D82B7061367161AEE6F7457B403FFFFFFFFFFFC2FFF000000161AA542B6F540861380
13AC462CB9F582B70713673E1AEE807467B32CFFFFFFFFFFFC2FFF000000161AA542B6F540861398
13AC6E2CBA1782B70B13675A1AEE957467B103DFFFFFFFFFFC3FFF000000161AA542B6F5408613B0
13AC542CB9F882B70413676D1AEE9B7457B317FFFFFFFFFFFC1FFF000000161AA542B6F5408613C8
13AC3A2CB9EB82B6F813681B1AEEF67477B6181FFFFFFFFFFBFFFF000000161AA542B6F5408613E0
13AC312CB9E382B6F61368291AEF027497B303FFFFFFFFFFFC3FFF000000161AA542B6F5408613F8
13AC1B2CB9C782B7001367DC1AEEDE74E7B203FFFFFFFFFFFC2FFF000000161AA542B6F440861310
13ABFB2CB9B782B7081367B61AEECA74B7B303FFFFFFFFFFFC2FFF000000161AA542B6F440861328
13AC052CB9AC82B70A1367DC1AEEDA7497B21D0FFFFFFFFFFC3FFF000000161AA542B6F440861340
13AC0C2CB9A982B7091367D71AEED774A7B1AE6FFFFFFFFFFC3FFF000000161AA542B6F440861358
13ABFF2CB99282B7031367CC1AEED07497B303FFFFFFFFFFFC3FFF000000161AA542B6F440861370
13AC122CB9B382B6FF1367CB1AEECD7527B5398FFFFFFFFFFC3FFF000000161AA542B6F440861388
13AC192CB9BD82B6FC1367D21AEECE7527B60FDFFFFFFFFFFC2FFF000000161AA542B6F4408613A0
13AC182CB9C282B6FB1367CC1AEEC974E7B603FFFFFFFFFFFC2FFF000000161AA542B6F4408613B8
13AC102CB9B282B6FF1367C21AEEC57497B6553FFFFFFFFFFC3FFF000000161AA642B6F4408613D0
13AC0E2CB9AF82B7041367C61AEEC474A7B7155FFFFFFFFFFC2FFF000000161AA642B6F4408613E8
13AC162CB9BE82B70A1367CC1AEEC77457B5309FFFFFFFFFFC3FFF000000161AA642B6F440861300
13ABF32CB9AB82B70E1367C21AEEC17437B78D2FFFFFFFFFFC5FFF000000161AA642B6F440861318
13ABE42CB99582B7081367BD1AEEC47427B41DFFFFFFFFFFFC4FFF000000161AA642B6F440861330
13ABD12CB98782B6F91367971AEEB97467AF09FFFFFFFFFFFC3FFF000000161AA642B6F440861348
13ABB72CB97B82B6F21367541AEE9674D7B0ABCFFFFFFFFFFC3FFF000000161AA642B6F440861360
13ABC62CB98282B6FB1367731AEEA37517B3210FFFFFFFFFFC3FFF000000161AA642B6F440861378
13ABD02CB98B82B7061367941AEEAF7447B30F9FFFFFFFFFFC3FFF000000161AA642B6F440861390
13ABD92CB99482B7071367911AEEB47437B233CFFFFFFFFFFC3FFF000000161AA642B6F4408613A8
13ABD42CB97B82B70C13679A1AEEB773E7B603FFFFFFFFFFFC3FFF000000161AA642B6F4408613C0
13AAF62CB85F82B70E13678B1AEEAE7437BC120FFFFFFFFFFC4FFF000000161AA642B6F4408613D8
13AB542CB8BB82B70213674A1AEE847487B86ACFFFFFFFFFFC3FFF000000161AA642B6F4408613F0
13AB992CB92482B6F51366F21AEE467427B5399FFFFFFFFFFC2FFF000000161AA642B6F440861308
13AB822CB8F182B6F813670D1AEE547457B603FFFFFFFFFFFC2FFF000000161AA642B6F440861320
13AB762CB8E382B6FF1367201AEE5C74C7B3128FFFFFFFFFFC2FFF000000161AA642B6F440861338
13AB6B2CB8D682B7061367151AEE557507B33C4FFFFFFFFFFC3FFF000000161AA642B6F440861350
13AB9A2CB91E82B70B1367231AEE5C7487B003FFFFFFFFFFFC3FFF000000161AA642B6F440861368
13ABD32CB95682B70D13671C1AEE5974C7AF1B3FFFFFFFFFFC5FFF000000161AA742B6F440861380
13ABC22CB94682B70613671B1AEE557487AE520FFFFFFFFFFC3FFF000000161AA742B6F440861398
13ABF92CB97F82B6FC13678E1AEE977497B203FFFFFFFFFFFC3FFF000000161AA742B6F4408613B0
13ABE92CB97582B6FC13678F1AEE957487B21C9FFFFFFFFFFC3FFF000000161AA742B6F4408613C8
13ABE32CB96E82B6FD1367AE1AEEA67487B3554FFFFFFFFFFC4FFF000000161AA742B6F4408613E0
13ABCF2CB95382B6FC1367B21AEEB77457B703FFFFFFFFFFFC3FFF000000161AA742B6F4408613F8
13ABCC2CB95682B7001367A11AEEA37457B3305FFFFFFFFFFC2FFF000000161AA742B6F440861310
13ABD12CB95F82B70F1367741AEE937417B26F1FFFFFFFFFFC2FFF000000161AA742B6F440861328
13ABED2CB97182B7111367961AEEA47457B303FFFFFFFFFFFC1FFF000000161AA742B6F440861340
13AC2C2CB9D182B7001367AF1AEEAC7497B7635FFFFFFFFFFC1FFF000000161AA742B6F440861358
13AC4D2CBA0182B6F91367E21AEECC7437BA7AFFFFFFFFFFFC3FFF000000161AA742B6F440861370
13AC422CB9E882B6FB1367ED1AEED07447B803FFFFFFFFFFFC2FFF000000161AA742B6F440861388
13AC2D2CB9D282B6FF1368041AEEE67447B353CFFFFFFFFFFC3FFF000000161AA742B6F4408613A0
13AC202CB9C782B7021368081AEEEA7497B403CFFFFFFFFFFC2FFF000000161AA742B6F4408613B8
13AC202CB9CE82B7051368001AEEDA74A7B7047FFFFFFFFFFC2FFF000000161AA742B6F4408613D0
13AC6A2CBA3C82B70A1367EA1AEEDF7487B9897FFFFFFFFFFC3FFF000000161AA742B6F4408613E8
13AC852CBA5B82B7071367DF1AEED47477B7042FFFFFFFFFFC2FFF000000161AA842B6F440861300
13AC9B2CBA7A82B7011367DB1AEECE7477B58B6FFFFFFFFFFC2FFF000000161AA842B6F340861318
13ACA42CBA9182B7031367EC1AEEE17467B003BFFFFFFFFFFC3FFF000000161AA842B6F440861330
13AC8F2CBA8182B70113680C1AEEF57467AD118FFFFFFFFFFC3FFF000000161AA842B6F440861348
13AC8B2CBA7982B6FA1368001AEEF67497B2BB2FFFFFFFFFFC3FFF000000161AA842B6F340861360
13AC762CBA6782B6FA1367F21AEEEA74D7B603AFFFFFFFFFFC3FFF000000161AA842B6F340861378
13AC832CBA7182B7041367FB1AEEF274C7B5211FFFFFFFFFFC2FFF000000161AA842B6F340861390
13AC842CBA7382B70E1368561AEF357457B7215FFFFFFFFFFC2FFF000000161AA842B6F3408613A8
13AC9C2CBA9382B70A1368361AEF197417B403FFFFFFFFFFFC2FFF000000161AA842B6F3408613C0
13ACC32CBABF82B70013681D1AEF137417B4352FFFFFFFFFFC3FFF000000161AA842B6F3408613D8
13ACFD2CBAEA82B6FD13681B1AEF1B73F7B531DFFFFFFFFFFC3FFF000000161AA842B6F3408613F0
13ACAD2CBAA882B6FC13683D1AEF277457B703FFFFFFFFFFFC3FFF000000161AA842B6F340861308
13ACBE2CBACB82B6FF13684E1AEF407457B842EFFFFFFFFFFC2FFF000000161AA842B6F340861320
13ACBA2CBABE82B70313685C1AEF507437B96B0FFFFFFFFFFC2FFF000000161AA842B6F340861338
13ACEB2CBAEB82B70813682E1AEF277457BE03CFFFFFFFFFFC2FFF000000161AA842B6F340861350
13AD672CBB8682B70A1368411AEF307457BE4CCFFFFFFFFFFC3FFF000000161AA842B6F340861368
13AD872CBBA682B6FF1368731AEF487447B642FFFFFFFFFFFC3FFF000000161AA842B6F340861380
13ADCC2CBBE482B6FC1368F81AEFA17467B703FFFFFFFFFFFC3FFF000000161AA942B6F340861398
13ADBF2CBBDD82B70313684D1AEF417447BB5EBFFFFFFFFFFC3FFF000000161AA942B6F3408613B0
13AD6D2CBB8382B7041368911AEF697457BE490FFFFFFFFFFC2FFF000000161AA942B6F3408613C8
13AD862CBBA182B70413689D1AEF757447BA03FFFFFFFFFFFC4FFF000000161AA942B6F3408613E0
13AD6A2CBB8582B70313690D1AEFB07467B43B8FFFFFFFFFFC4FFF000000161AA942B6F3408613F8
13AD512CBB6F82B6FD1368F51AEFA573F7B203FFFFFFFFFFFC3FFF000000161AA942B6F340861310
13AD3F2CBB5D82B6FF1368F41AEFA873F7AE03FFFFFFFFFFFC3FFF000000161AA942B6F340861328
13ACF92CBB1682B7061368E61AEF9A7427B14DDFFFFFFFFFFC3FFF000000161AA942B6F340861340
13AD1D2CBB3182B7071368E71AEF957437B303FFFFFFFFFFFC3FFF000000161AA942B6F340862358
13ACE62CBAFC82B7051368E31AEF9C7487B303FFFFFFFFFFFC3FFF000000161AA942B6F340861370
13ACAF2CBAB982B7011368AD1AEF887447B3606FFFFFFFFFFC3FFF000000161AA942B6F340861388
13AC672CBA8482B6FD1368BB1AEF867477B449AFFFFFFFFFFC3FFF000000161AA942B6F3408613A0
13AC9F2CBAB682B6FE1368A41AEF7E74C7B803BFFFFFFFFFFC3FFF000000161AA942B6F3408613B8
13AC782CBA7C82B7031368A21AEF797497B86C5FFFFFFFFFFC3FFF000000161AA942B6F3408613D0
13AC622CBA6C82B70813686D1AEF627477B703FFFFFFFFFFFC2FFF000000161AA942B6F3408613E8
13AC852CBA8182B7031368AD1AEF7F7437BA03FFFFFFFFFFFC3FFF000000161AA942B6F340862300
13AC632CBA7182B6FE13686E1AEF617437B67D1FFFFFFFFFFC4FFF000000161AA942B6F340861318
13AC672CBA6F82B70013687F1AEF607437B503FFFFFFFFFFFC3FFF000000161AAA42B6F340861330
13AC332CBA3682B70413685E1AEF5074D7B51ACFFFFFFFFFFC3FFF000000161AAA42B6F340862348
13ABC62CB9C282B7061368501AEF4B7497B509EFFFFFFFFFFC4FFF000000161AAA42B6F340861360
13ABE92CB9E082B7041368581AEF4F7447B203FFFFFFFFFFFC4FFF000000161AAA42B6F340862378
13AB9B2CB99682B6FF1368261AEF277457B03D7FFFFFFFFFFC4FFF000000161AAA42B6F340861390
13AB6A2CB95782B6FB1367931AEEEF7477AD121FFFFFFFFFFC3FFF000000161AAA42B6F3408613A8
13AB6D2CB96182B6FC13680E1AEF267417B203FFFFFFFFFFFC2FFF000000161AAA42B6F3408623C0
13AB832CB98582B7051368181AEF2C7437B3574FFFFFFFFFFC3FFF000000161AAA42B6F3408623D8
13ABB52CB9B082B70A1368271AEF377457B317BFFFFFFFFFFC2FFF000000161AAA42B6F2408613F0
13ABBD2CB9A582B70A1367F61AEF1A7497B5493FFFFFFFFFFC3FFF000000161AAA42B6F240861308
13ABF82CB9E082B7051367DD1AEF0A74F7B76C6FFFFFFFFFFC2FFF000000161AAA42B6F340862320
13AC2C2CBA2882B6FB1367B51AEEE174E7B41C3FFFFFFFFFFC3FFF000000161AAA42B6F340861338
13AC4C2CBA5282B6F51367B91AEEEA74B7B203FFFFFFFFFFFC3FFF000000161AAA42B6F240862350
13AC492CBA4282B6FE1367B31AEEE77467B303FFFFFFFFFFFC4FFF000000161AAA42B6F240861368
13AC0F2CBA0C82B7091367BF1AEEEE7497B603FFFFFFFFFFFC2FFF000000161AAA42B6F240862380
13AC102CBA1082B70D1367CA1AEEF57487B903FFFFFFFFFFFC3FFF000000161AAA42B6F240861398
13AC052CBA0882B7071367CF1AEEFA74A7BB03FFFFFFFFFFFC2FFF000000161AAA42B6F2408613B0
13ABED2CB9F982B6FC13679E1AEEE17447B703FFFFFFFFFFFC2FFF000000161AAB42B6F2408613C8
13ABF02CB9FB82B6F91367861AEED873D7B403FFFFFFFFFFFC3FFF000000161AAB42B6F2408613E0
13ABFF2CBA0A82B6FF1367891AEED67447B2347FFFFFFFFFFC3FFF000000161AAB42B6F2408623F8
13AC142CBA2582B70613679B1AEEDC74D7B3104FFFFFFFFFFC3FFF000000161AAB42B6F240861310
13AC2A2CBA3B82B70A1367B91AEEED7547B703FFFFFFFFFFFC4FFF000000161AAB42B6F240862328
13AC2B2CBA3882B7051367C01AEEF274F7B603FFFFFFFFFFFC4FFF000000161AAB42B6F240862340
13AC552CBA6482B6FA1367E41AEF0874D7B403FFFFFFFFFFFC4FFF000000161AAB42B6F240862358
13ACB32CBAAF82B6FD1367AF1AEEE674A7B340EFFFFFFFFFFC3FFF000000161AAB42B6F240862370
13AC582CBA6C82B7041367E81AEF0874C7B303BFFFFFFFFFFC3FFF000000161AAB42B6F240862388
13AC612CBA7082B7031367E01AEF067497B7048FFFFFFFFFFC3FFF000000161AAB42B6F2408613A0
13ACAF2CBABE82B70713680D1AEF2073F7B403FFFFFFFFFFFC4FFF000000161AAB42B6F2408623B8
13AD182CBB1A82B7091368151AEF227417B303FFFFFFFFFFFC0FFF000000161AAB42B6F2408623D0
13AD292CBB3182B6FF13682E1AEF3274C7B503FFFFFFFFFFFC1FFF000000161AAB42B6F2408623E8
13AD432CBB3B82B6F81368BE1AEF767487B303FFFFFFFFFFFC4FFF000000161AAB42B6F240862300
13AD222CBB1D82B6FB1368A21AEF6C7467B45BCFFFFFFFFFFC3FFF000000161AAB42B6F240862318
13AD362CBB2682B7031368691AEF5174B7B4195FFFFFFFFFFC4FFF000000161AAB42B6F240862330
13AD272CBB2C82B70A1368831AEF5A74E7B303FFFFFFFFFFFC4FFF000000161AAB42B6F240862348
13AD142CBB0D82B70A1368781AEF577487B703FFFFFFFFFFFC3FFF000000161AAB42B6F240861360
13ACD52CBAAA82B7041368A21AEF687437B603FFFFFFFFFFFC3FFF000000161AAB42B6F240862378
13ACD22CBAB082B6FF1368C31AEF787427B203FFFFFFFFFFFC3FFF000000161AAC42B6F240862390
13ACD52CBAA782B6F91368FC1AEF957427B103FFFFFFFFFFFC3FFF000000161AAC42B6F2408623A8
13ACA82CBA8A82B6F81368ED1AEF837407B3303FFFFFFFFFFC3FFF000000161AAC42B6F2408623C0
13AC942CBA5F82B7061368BF1AEF6F74B7B343DFFFFFFFFFFC2FFF000000161AAC42B6F2408623D8
13ABCD2CB96C82B7111368661AEF2E74A7B203BFFFFFFFFFFC2FFF000000161AAC42B6F2408623F0
13AB952CB94B82B7091367BF1AEEC57487B203FFFFFFFFFFFC3FFF000000161AAC42B6F240863308
13AC012CB9A882B6F913672C1AEE527467B903FFFFFFFFFFFC3FFF000000161AAC42B6F240862320
13AC292CB9D082B6F61367AF1AEEB47417B6867FFFFFFFFFFC2FFF000000161AAC42B6F240862338
13AC012CB99582B7011367C41AEEB57427B6227FFFFFFFFFFC2FFF000000161AAC42B6F140862350
13ABD12CB96682B7091367B51AEEB17467B403FFFFFFFFFFFC2FFF000000161AAC42B6F140862368
13AC0B2CB9A982B7091367841AEE927477B003FFFFFFFFFFFC2FFF000000161AAC42B6F140862380
13AC172CB9B882B7021367901AEE9A7457B103FFFFFFFFFFFC4FFF000000161AAC42B6F140861398
13AC472CB9E582B6FC1367B51AEEAF7427B403FFFFFFFFFFFB5FFF000000161AAC42B6F1408613B0
13AC3A2CB9D082B6FF1367B51AEEAE7457B303FFFFFFFFFFFC2FFF000000161AAC42B6F1408633C8
13AC402CB9DC82B7021367B71AEEB47417B35CBFFFFFFFFFFC3FFF000000161AAC42B6F1408633E0
13AC532CB9DC82B7041367BB1AEEB67407B703FFFFFFFFFFFC3FFF000000161AAC42B6F1408623F8
13AC542CB9FE82B7041367C41AEEB97487B703FFFFFFFFFFFC4FFF000000161AAC42B6F140862310
13AC4F2CB9FD82B7071367F31AEED274A7B503FFFFFFFFFFFC4FFF000000161AAC42B6F140863328
13AC7D2CBA2082B7041368491AEF007467B1542FFFFFFFFFFC3FFF000000161AAD42B6F140862340
13AC7F2CBA2982B70113683E1AEEFD7427B003BFFFFFFFFFFC3FFF000000161AAD42B6F140862358
13AC6F2CBA1582B6FD13680F1AEEE97477B20F7FFFFFFFFFFC4FFF000000161AAD42B6F140863370
13AC712CBA2482B6F81368391AEEFF7457B311AFFFFFFFFFFC3FFF000000161AAD42B6F140863388
13AC722CBA2582B7001368371AEF007477B703FFFFFFFFFFFC2FFF000000161AAD42B6F1408633A0
13AD122CBACF82B70F13682B1AEEFA7487B403FFFFFFFFFFFC3FFF000000161AAD42B6F1408633B8
13AD2C2CBAF882B70E1368641AEF1E74B7B103FFFFFFFFFFFC4FFF000000161AAD42B6F1408633D0
13AD3E2CBB1C82B6FF1368D01AEF667487B303FFFFFFFFFFFC3FFF000000161AAD42B6F1408633E8
13AD722CBB6282B6F51369311AEFAD7477B28CCFFFFFFFFFFC3FFF000000161AAD42B6F140863300
13AD412CBB2082B6FA1368E41AEF7B7457B203FFFFFFFFFFFC2FFF000000161AAD42B6F140863318
13AD222CBAF682B7031368DA1AEF717467B203FFFFFFFFFFFC3FFF000000161AAD42B6F140863330
13AD262CBB0182B7071368F11AEF8174C7B203FFFFFFFFFFFC3FFF000000161AAD42B6F140863348
13AD452CBB2D82B70A1368FB1AEF887487B703FFFFFFFFFFFC3FFF000000161AAD42B6F140863360
13AD4F2CBB3882B70613690E1AEF9174B7B703FFFFFFFFFFFC0FFF000000161AAD42B6F140863378
13AD212CBB1A82B6FB1368F11AEF8B7467B103FFFFFFFFFFFBEFFF000000161AAD42B6F140863390
13ACD42CBADE82B6FD1368DA1AEF837457B148DFFFFFFFFFFC4FFF000000161AAD42B6F1408633A8
13ACFE2CBB0182B7011369091AEF9474A7B503BFFFFFFFFFFC4FFF000000161AAD42B6F1408633C0
13AD2D2CBB2282B7041369061AEF9074A7BA03FFFFFFFFFFFC3FFF000000161AAD42B6F1408633D8
13AD272CBB1E82B7031368F71AEF8E7497B303FFFFFFFFFFFC2FFF000000161AAD42B6F1408633F0
13AD272CBB2282B7021368F91AEF907497B403FFFFFFFFFFFC3FFF000000161AAE42B6F140863308
13AD4A2CBB4982B7001368F41AEF8F7517B403FFFFFFFFFFFC2FFF000000161AAE42B6F140863320
13AD772CBB5F82B7031369071AEF9D74B7B503FFFFFFFFFFFC2FFF000000161AAE42B6F140863338
13AD722CBB6682B7071369071AEF9A7467B703FFFFFFFFFFFC2FFF000000161AAE42B6F140863350
13AD892CBB9482B7001368FE1AEF9B7487BB03FFFFFFFFFFFC3FFF000000161AAE42B6F040863368
13ADAB2CBBA782B6FC1368F91AEF9A74B7B903FFFFFFFFFFFC4FFF000000161AAE42B6F040863380
13AD7E2CBB6682B70513690D1AEFA174C7B603FFFFFFFFFFFC3FFF000000161AAE42B6F040863398
13AD7D2CBB6282B7041369091AEF9E7477B003FFFFFFFFFFFC3FFF000000161AAE42B6F0408633B0
13AD732CBB6382B7001369101AEFA47477AD03FFFFFFFFFFFC3FFF000000161AAE42B6F0408633C8
13AD642CBB5282B7041369191AEFA77447B103FFFFFFFFFFFC3FFF000000161AAE42B6F0408633E0
13AD692CBB5482B7051369171AEFA57427B403FFFFFFFFFFFC3FFF000000161AAE42B6F0408633F8
13AD622CBB5282B6FE1369141AEFA57447B74BFFFFFFFFFFFC4FFF000000161AAE42B6F040863310
13AD602CBB4D82B6FE13691A1AEFAA7437B503BFFFFFFFFFFC3FFF000000161AAE42B6F040863328
13AD842CBB7B82B7051369161AEFA174A7B803FFFFFFFFFFFC3FFF000000161AAE42B6F040863340
13AD7E2CBB7882B7051369171AEFA37477B503FFFFFFFFFFFC3FFF000000161AAE42B6F040863358
13AD712CBB6A82B7011369181AEFA47497B203FFFFFFFFFFFC2FFF000000161AAE42B6F040863370
13AD6D2CBB6082B7031369141AEFA17497B103FFFFFFFFFFFC3FFF000000161AAE42B6F040863388
13AD762CBB6A82B70513690B1AEF9D7477B203FFFFFFFFFFFC4FFF000000161AAE42B6F0408633A0
13AD942CBB8982B7011369151AEFA27457B603FFFFFFFFFFFC4FFF000000161AAE42B6F0408633B8
13AD872CBB7C82B6FC1369211AEFA87427B303FFFFFFFFFFFC4FFF000000161AAF42B6F0408633D0
13AD892CBB7A82B6FD1369241AEFAD7477B503FFFFFFFFFFFC3FFF000000161AAF42B6F0408633E8
13AD812CBB7882B7041369241AEFAB74D7B303FFFFFFFFFFFC2FFF000000161AAF42B6F040863300
13ADAB2CBBA482B7061369271AEFAC7477B203FFFFFFFFFFFC4FFF000000161AAF42B6F040863318
13ADCC2CBBDE82B7061369581AEFC57457B803FFFFFFFFFFFC4FFF000000161AAF42B6F040863330
13ADB22CBBC682B7051369531AEFC27467B803FFFFFFFFFFFC4FFF000000161AAF42B6F040863348
13ADAE2CBBBE82B6FB13695A1AEFCD7447B203FFFFFFFFFFFC3FFF000000161AAF42B6F040863360
13ADA02CBBB482B6F91369561AEFD87467B04F3FFFFFFFFFFC3FFF000000161AAF42B6F040863378
13ADA32CBBA882B7011369671AEFDC7457B203BFFFFFFFFFFC0FFF000000161AAF42B6F040863390
13AD762CBB8482B70613695C1AEFD27407B503FFFFFFFFFFFC1FFF000000161AAF42B6F0408633A8
13AD382CBB5D82B7061369311AEFC17417B503FFFFFFFFFFFC3FFF000000161AAF42B6F0408633C0
13AD2A2CBB5582B70413692E1AEFC37437B203FFFFFFFFFFFB4FFF000000161AAF42B6F0408633D8
13AD2C2CBB5E82B70013692D1AEFC37407AF03FFFFFFFFFFFA7FFF000000161AAF42B6F0408633F0
13AD5B2CBB7E82B70113692E1AEFC47417AF03FFFFFFFFFFFC2FFF000000161AAF42B6EF40863308
13AD932CBBCD82B7021369361AEFC57467B603FFFFFFFFFFFC2FFF000000161AAF42B6EF40863320
13ADEE2CBC0682B70113695F1AEFD974B7B503FFFFFFFFFFFC2FFF000000161AAF42B6EF40863338
13ADAB2CBBCE82B6FF13692F1AEFC87477B403FFFFFFFFFFFC3FFF000000161AAF42B6EF40863350
13AD862CBBB182B6FB13693A1AEFCB7447B403FFFFFFFFFFFC3FFF000000161AAF42B6EF40863368
13AD5F2CBB6D82B70113691D1AEFB07457B503FFFFFFFFFFFC2FFF000000161AAF42B6EF40863380
13AD132CBAF782B70E1368B81AEF647477B203FFFFFFFFFFFC3FFF000000161AAF42B6EF40863398
13ACDD2CBA9B82B70A1368E41AEF887457AF03FFFFFFFFFFFC3FFF000000161AB042B6EF408633B0
13ACA92CBA6582B6FF1368B11AEF5D73E7B503FFFFFFFFFFFC3FFF000000161AB042B6EF408633C8
13ACCA2CBA9982B6FD1368CC1AEF6B7477B3523FFFFFFFFFFC3FFF000000161AB042B6EF408633E0
13ACEB2CBACF82B6F91368CC1AEF737457B303AFFFFFFFFFFC3FFF000000161AB042B6EF408633F8
13AD102CBAF782B6FD1368C31AEF6E7457B803FFFFFFFFFFFC3FFF000000161AB042B6EF40863310
13AD2C2CBB2582B70A1368FB1AEF947417B903FFFFFFFFFFFC3FFF000000161AB042B6EF40863328
13AD622CBB7382B71013690C1AEFA37467B503FFFFFFFFFFFC3FFF000000161AB042B6EF40863340
13ADA02CBBC882B7091369201AEFB67477B303FFFFFFFFFFFC4FFF000000161AB042B6EF40863358
13ADB22CBBE882B6FC1369471AEFD87497B603FFFFFFFFFFFC4FFF000000161AB042B6EF40863370
13ADAB2CBBD982B6FA1369451AEFD974C7B303FFFFFFFFFFFC3FFF000000161AB042B6EF40863388
13ADA92CBBDE82B6FD13695A1AEFE07467B003FFFFFFFFFFFC1FFF000000161AB042B6EF408633A0
13ADA42CBBD982B7001369641AEFED7447B203FFFFFFFFFFFC1FFF000000161AB042B6EF408633B8
13ADA42CBBD882B70A1369661AEFEE7497B503FFFFFFFFFFFC1FFF000000161AB042B6EF408633D0
13ADB02CBBE782B70D1369651AEFF07477B503FFFFFFFFFFFC2FFF000000161AB042B6EF408633E8
13ADB42CBBEE82B70413694A1AEFE57497B303FFFFFFFFFFFC4FFF000000161AB042B6EF40863300
13ADB82CBBE982B6FD13694C1AEFE77497B403FFFFFFFFFFFC3FFF000000161AB042B6EF40863318
13ADA82CBBDF82B6FC1369391AEFDE7477B803FFFFFFFFFFFC2FFF000000161AB042B6EF40863330
13ADA62CBBDD82B6FF1369351AEFD674B7B363BFFFFFFFFFFC2FFF000000161AB042B6EF40863348
13AD9E2CBBCE82B70713693E1AEFDB7497B203AFFFFFFFFFFC2FFF000000161AB042B6EF40863360
13ADB22CBBE382B70913694D1AEFE47477B303FFFFFFFFFFFC2FFF000000161AB042B6EF40863378
13ADBE2CBBEC82B7001369431AEFDF7437B603FFFFFFFFFFFC3FFF000000161AB142B6EF40863390
13ADC32CBBED82B6FD13695D1AEFE87457B403FFFFFFFFFFFC4FFF000000161AB142B6EE408633A8
13ADBA2CBBEA82B70713695A1AEFDF74A7B303FFFFFFFFFFFC3FFF000000161AB142B6EE408633C0
13ADDF2CBC0D82B7051369651AEFE974C7B603FFFFFFFFFFFC3FFF000000161AB142B6EE408633D8
13AE852CBCB382B6FC13696D1AEFF274C7B603FFFFFFFFFFFC4FFF000000161AB142B6EE408633F0
13AEAA2CBCD082B70213696C1AEFF07497B403FFFFFFFFFFFC2FFF000000161AB142B6EE40863308
13AE742CBC9782B70313698A1AEFFB7427B103FFFFFFFFFFFC2FFF000000161AB142B6EE40863320
13AE722CBC9A82B6FC1369951AF0057447AE03FFFFFFFFFFFC2FFF000000161AB142B6EE40863338
13AE792CBCA882B7031369AA1AF00F7457AF03FFFFFFFFFFFC2FFF000000161AB142B6EE40863350
13AE862CBCB382B70B136A051AF0427427B203FFFFFFFFFFFC3FFF000000161AB142B6EE40864368
13AE8C2CBCC582B7061369F61AF0387407B103FFFFFFFFFFFC3FFF000000161AB142B6EE40863380
13AE7C2CBCB682B6FD136A0F1AF0487457B303FFFFFFFFFFFC3FFF000000161AB142B6EE40864398
13AE842CBCC182B6FC136A261AF0597457B3669FFFFFFFFFFC2FFF000000161AB142B6EE408643B0
13AE7A2CBCB482B700136A171AF0507467B603AFFFFFFFFFFC3FFF000000161AB142B6EE408643C8
13AE672CBC9E82B704136A181AF04F74C7B403FFFFFFFFFFFC3FFF000000161AB142B6EE408643E0
13AE5A2CBC9082B705136A0E1AF04A74D7B103FFFFFFFFFFFC3FFF000000161AB142B6EE408633F8
13AE4C2CBC7F82B707136A071AF04A7457B203FFFFFFFFFFFC3FFF000000161AB142B6EE40863310
13AE462CBC7C82B7041369FF1AF0437467B103FFFFFFFFFFFC3FFF000000161AB142B6EE40864328
13AE462CBC7D82B6FD1369DC1AF0317477B103FFFFFFFFFFFC3FFF000000161AB142B6EE40865340
13AE5B2CBC9E82B6FE1369EC1AF0327477AD03FFFFFFFFFFFC3FFF000000161AB142B6EE40865358
13AE682CBCA782B7041369C61AF0277497AD03FFFFFFFFFFFC3FFF000000161AB142B6EE40863370
13AE6C2CBCAB82B7051369D71AF02D7477AC03FFFFFFFFFFFC2FFF000000161AB242B6EE40865388
13AE5C2CBC9D82B7021369E21AF03474A7B003FFFFFFFFFFFC2FFF000000161AB242B6EE408643A0
13AE412CBC8082B7031369F91AF0427477B103FFFFFFFFFFFC2FFF000000161AB242B6EE408643B8
13AE462CBC7A82B7001369E91AF0377477AF03FFFFFFFFFFFC2FFF000000161AB242B6EE408643D0
13AE392CBC7882B6FC1369D71AF02F7487AF03FFFFFFFFFFFC3FFF000000161AB242B6EE408653E8
13AE312CBC6B82B7031369CB1AF02874B7B303FFFFFFFFFFFC3FFF000000161AB242B6EE40865300
13AE312CBC6982B7081369D21AF02B7497B55ADFFFFFFFFFFC3FFF000000161AB242B6EE40865318
13AE0B2CBC4082B7031369C91AF02A7477B303AFFFFFFFFFFC2FFF000000161AB242B6EE40864330
13AE012CBC3782B7021369CC1AF02A7427B103FFFFFFFFFFFC2FFF000000161AB242B6EE40865348
13ADDC2CBBDD82B7001369BF1AF01D7437B403FFFFFFFFFFFC2FFF000000161AB242B6EE40864360
13ADD02CBBD282B6F91369AA1AF0157447BA03FFFFFFFFFFFC3FFF000000161AB242B6ED40864378
13ADD52CBBED82B6FD1369A81AF00B7487BC03FFFFFFFFFFFC3FFF000000161AB242B6ED40865390
13ADD42CBBE482B7081369AE1AF0137437BA03FFFFFFFFFFFC3FFF000000161AB242B6ED408643A8
13AD462CBB1D82B70A1369A61AF00974A7B403FFFFFFFFFFFC4FFF000000161AB242B6ED408653C0
13AD672CBB3582B7031369301AEFAB7497B103FFFFFFFFFFFC4FFF000000161AB242B6ED408653D8
13AD4A2CBB3382B6FC1368CD1AEF5D7457B303FFFFFFFFFFFC4FFF000000161AB242B6ED408653F0
13ADB22CBB9382B6FB1368C81AEF577417B103FFFFFFFFFFFC2FFF000000161AB242B6ED40865308
13AD8E2CBB7582B6FE1368C31AEF557417B403FFFFFFFFFFFC2FFF000000161AB242B6ED40865320
13AD8A2CBB7A82B6FF1368FE1AEF7F7437B503FFFFFFFFFFFC2FFF000000161AB242B6ED40865338
13AD7E2CBB6282B70713692B1AEFA37477B403FFFFFFFFFFFC3FFF000000161AB242B6ED40865350
13ADB42CBB9382B70C1369371AEFA97477B403FFFFFFFFFFFC2FFF000000161AB242B6ED40865368
13ADC42CBBA882B7011369301AEFA27497B15E4FFFFFFFFFFC2FFF000000161AB342B6ED40865380
13ADE72CBBCE82B6FA1369871AEFD074A7B203AFFFFFFFFFFC3FFF000000161AB342B6ED40865398
13ADDF2CBBC582B6FD13696F1AEFCA7477B103FFFFFFFFFFFC3FFF000000161AB342B6ED408653B0
13ADD92CBBBF82B7031369421AEFB07457B103FFFFFFFFFFFC3FFF000000161AB342B6ED408653C8
13ADCB2CBBAC82B7041369481AEFB17427B003FFFFFFFFFFFC2FFF000000161AB342B6ED408653E0
13ADB72CBB9C82B7001369551AEFB87417AF03FFFFFFFFFFFC2FFF000000161AB342B6ED408653F8
13ADC02CBB9182B7001369551AEFB67447B203FFFFFFFFFFFC2FFF000000161AB342B6ED40865310
13AD6C2CBB1D82B70613693C1AEF9B7467B403FFFFFFFFFFFC2FFF000000161AB342B6ED40865328
13AD522CBB0182B70313693A1AEFA074A7B703FFFFFFFFFFFC2FFF000000161AB342B6ED40865340
13AD3E2CBAE182B7011369571AEFB27477B403FFFFFFFFFFFC3FFF000000161AB342B6ED40865358
13AD272CBAB882B7031369581AEFB47447B203FFFFFFFFFFFC3FFF000000161AB342B6ED40865370
13ACF82CBA8182B6FE1369561AEFB17407B403FFFFFFFFFFFC3FFF000000161AB342B6ED40865388
13ACC52CBA4982B6FC1369431AEFAB7437B603FFFFFFFFFFFC3FFF000000161AB342B6ED408653A0
13ACF52CBA7E82B7001369361AEF977477B403FFFFFFFFFFFC3FFF000000161AB342B6ED408653B8
13ACEF2CBA6E82B70613692A1AEF8F74B7B503FFFFFFFFFFFC3FFF000000161AB342B6ED408653D0
13ACFA2CBA6F82B7071368EE1AEF6974A7B2609FFFFFFFFFFC4FFF000000161AB342B6ED408653E8
13ACF22CBA6582B7021369171AEF817487B4039FFFFFFFFFFC3FFF000000161AB342B6ED40865300
13ACE62CBA4A82B6FE1368E11AEF5574A7B703FFFFFFFFFFFC3FFF000000161AB342B6ED40865318
13ACFB2CBA7B82B7001368F51AEF5F7457B603FFFFFFFFFFFC3FFF000000161AB342B6ED40865330
13AD1A2CBA9782B6FF1368E71AEF4F7417B303FFFFFFFFFFFC2FFF000000161AB442B6ED40865348
13AD792CBAF882B6FC1368E41AEF497457B103FFFFFFFFFFFC2FFF000000161AB442B6ED40865360
13ADD12CBB4B82B7051368E11AEF487457AE03FFFFFFFFFFFC2FFF000000161AB442B6ED40865378
13ADB42CBB2182B70D13690A1AEF537407B203FFFFFFFFFFFC3FFF000000161AB442B6ED40865390
13AD892CBAF582B7021368F91AEF4E7447B403FFFFFFFFFFFC3FFF000000161AB442B6ED408653A8
13AD2E2CBA8082B6F613691C1AEF587507B103FFFFFFFFFFFC3FFF000000161AB442B6ED408653C0
13AD0C2CBA6382B6FC1369091AEF4E74F7B003FFFFFFFFFFFC3FFF000000161AB442B6EC408663D8
13AD0D2CBA6D82B7041369061AEF4B74B7AE03FFFFFFFFFFFC4FFF000000161AB442B6EC408653F0
13AD212CBA8282B7061369071AEF4F7487AD03FFFFFFFFFFFC3FFF000000161AB442B6EC40866308
13AD2B2CBA8F82B7061369021AEF477427B203FFFFFFFFFFFC3FFF000000161AB442B6EC40866320
13AD132CBA6582B7011368F21AEF3A7457B403FFFFFFFFFFFC3FFF000000161AB442B6EC40866338
13ACFC2CBA6582B6FE1368B91AEF1C7457B271AFFFFFFFFFFC4FFF000000161AB442B6EC40865350
13AD162CBA7282B6FF1368D21AEF2D74C7AC039FFFFFFFFFFC3FFF000000161AB442B6EC40865368
13AD042CBA6482B6FE1368E21AEF387487AE03FFFFFFFFFFFC2FFF000000161AB442B6EC40866380
13AD382CBAA482B6FF1368E61AEF367457B303FFFFFFFFFFFC2FFF000000161AB442B6EC40866398
13AD352CBA9982B7071368FD1AEF4673E7B103FFFFFFFFFFFC2FFF000000161AB442B6EC408663B0
13AD032CBA5E82B70C1368B41AEF1173D7AF03FFFFFFFFFFFC3FFF000000161AB442B6EC408663C8
13AD052CBA5B82B7041368E91AEF377487AE03FFFFFFFFFFFC4FFF000000161AB442B6EC408663E0
13AD332CBAA682B6F91369141AEF4A7487B003FFFFFFFFFFFC4FFF000000161AB442B6EC408663F8
13AD2E2CBA9582B6F81369941AEFB77457AE03FFFFFFFFFFFC4FFF000000161AB442B6EC40866310
13AD182CBA8182B6FD1369251AEF787417B203FFFFFFFFFFFC3FFF000000161AB542B6EC40866328
13AD142CBA7B82B7061368F51AEF3F7497B703FFFFFFFFFFFC2FFF000000161AB542B6EC40866340
13AD312CBAA082B70C1368FE1AEF5274B7B603FFFFFFFFFFFC2FFF000000161AB542B6EC40866358
13AD3A2CBAAF82B70613693D1AEF757427B203FFFFFFFFFFFC4FFF000000161AB542B6EC40866370
13AD942CBB1182B6FE1369361AEF7073E7AF03FFFFFFFFFFFC4FFF000000161AB542B6EC40866388
13AD9F2CBB3182B6FD13691C1AEF5B73B7B103FFFFFFFFFFFC4FFF000000161AB542B6EC408663A0
13ADFF2CBBA982B6FB13691A1AEF647407B576BFFFFFFFFFFC2FFF000000161AB542B6EC408663B8
13ADB22CBB4082B6FB1369331AEF697447B5039FFFFFFFFFFC3FFF000000161AB542B6EC408663D0
13ADC82CBB6882B7001369281AEF687427B303FFFFFFFFFFFC4FFF000000161AB542B6EC408663E8
13ADE42CBBA082B7081369391AEF767487B403FFFFFFFFFFFC4FFF000000161AB542B6EC40866300
13AE072CBBC582B70B1369321AEF6F74A7B403FFFFFFFFFFFC4FFF000000161AB542B6EC40866318
13AE3D2CBBFD82B7031369491AEF847497B403FFFFFFFFFFFC3FFF000000161AB542B6EC40866330
13AE362CBBEC82B6FB1369B61AEFD374A7B303FFFFFFFFFFFC4FFF000000161AB542B6EC40866348
13AE232CBBD482B6F91369B81AEFD47487B103FFFFFFFFFFFC4FFF000000161AB542B6EC40866360
13AE132CBBC882B6FE1369A51AEFC974C7B503FFFFFFFFFFFC3FFF000000161AB542B6EC40866378
13AE052CBBB182B7021369851AEFB97477B703FFFFFFFFFFFC2FFF000000161AB542B6EC40867390
13ADCC2CBB7482B7061369821AEFAD7427B803FFFFFFFFFFFC3FFF000000161AB542B6EC408673A8
13AE282CBBDC82B7061369A01AEFC47417B803FFFFFFFFFFFC2FFF000000161AB542B6EC408663C0
13AE7C2CBC3082B70413698F1AEFB87427B103FFFFFFFFFFFC2FFF000000161AB542B6EC408673D8
13AE772CBC2882B7021369991AEFBF7467B203FFFFFFFFFFFC3FFF000000161AB642B6EC408663F0
13AE552CBC1382B6FE136A041AEFE874C7B303FFFFFFFFFFFC3FFF000000161AB642B6EC40866308
13AE442CBC0482B6F81369EB1AEFEB74A7B178EFFFFFFFFFFC3FFF000000161AB642B6EC40867320
13AE442CBC0182B6FC1369F41AEFFA74E7B0039FFFFFFFFFFC3FFF000000161AB642B6EC40866338
13AE472CBC0A82B7071369F81AEFFB7517B303FFFFFFFFFFFC2FFF000000161AB642B6EC40866350
13AE772CBC4782B70B136A041AF00274A7B403FFFFFFFFFFFC3FFF000000161AB642B6EC40866368
13AEAE2CBC8E82B703136A0E1AF00C7467B503FFFFFFFFFFFC2FFF000000161AB642B6EC40866380
13AED12CBCBA82B6FD136A3E1AF02E7497B103FFFFFFFFFFFC4FFF000000161AB642B6EC40867398
13AECA2CBCB382B6FF136A461AF0467467B003FFFFFFFFFFFC2FFF000000161AB642B6EC408663B0
13AEA82CBC9C82B6FC136A6D1AF0547447B003FFFFFFFFFFFC5FFF000000161AB642B6EC408673C8
13AEA92CBC8F82B6FB136A761AF0577427B203FFFFFFFFFFFC2FFF000000161AB642B6EB408673E0
13AEAF2CBC8E82B703136A5D1AF0437467B203FFFFFFFFFFFC2FFF000000161AB642B6EB408663F8
13AEBE2CBC9E82B70B136A581AF04274C7B703FFFFFFFFFFFC2FFF000000161AB642B6EB40867310
13AEE12CBCC382B709136A571AF04074D7B503FFFFFFFFFFFC2FFF000000161AB642B6EB40867328
13AF3E2CBD4082B6FE136ACD1AF0887487B403FFFFFFFFFFFC3FFF000000161AB642B6EB40866340
13AF712CBD8282B6F6136B2B1AF0CA7457B503FFFFFFFFFFFC3FFF000000161AB642B6EB40867358
13AF512CBD4982B6FA136B191AF0C27457B703FFFFFFFFFFFC2FFF000000161AB642B6EB40867370
13AF1E2CBD1582B705136AC01AF0897477B16C9FFFFFFFFFFC2FFF000000161AB642B6EB40866388
13AF0B2CBD0082B70A136AAF1AF0807437AC039FFFFFFFFFFC2FFF000000161AB742B6EB408673A0
13AF352CBD3082B703136AB71AF0847407AF03FFFFFFFFFFFC2FFF000000161AB742B6EB408673B8
13AF5A2CBD5A82B6FD136ADA1AF0997427B003FFFFFFFFFFFC3FFF000000161AB742B6EB408663D0
13AF582CBD4E82B6F9136AE51AF09E7457B603FFFFFFFFFFFC3FFF000000161AB742B6EB408673E8
13AF442CBD2982B700136AE11AF09F7457B503FFFFFFFFFFFC2FFF000000161AB742B6EB40867300
13AEFA2CBCBD82B706136ACC1AF0937497AF03FFFFFFFFFFFC3FFF000000161AB742B6EB40867318
13AF0C2CBCE882B703136ACD1AF0937457AE03FFFFFFFFFFFC4FFF000000161AB742B6EB40867330
13AF142CBCEE82B6FE136AC81AF08F7457B003FFFFFFFFFFFC2FFF000000161AB742B6EB40867348
13AF092CBCE482B6FC136ABF1AF0887467AD03FFFFFFFFFFFC2FFF000000161AB742B6EB40867360
13AF122CBCED82B6FF136AB61AF0827487AD03FFFFFFFFFFFC2FFF000000161AB742B6EB40867378
13AF362CBD0E82B704136AB31AF0837447B003FFFFFFFFFFFC1FFF000000161AB742B6EB40867390
13AF0A2CBCE882B707136A9C1AF0707477B003FFFFFFFFFFFC1FFF000000161AB742B6EB408673A8
13AF072CBCDC82B705136A741AF05C7447B403FFFFFFFFFFFC2FFF000000161AB742B6EB408673C0
13AF242CBD0082B6FF136A891AF0647497B203FFFFFFFFFFFC3FFF000000161AB742B6EB408673D8
13AF282CBCF382B6FA136AAF1AF06B7487B370CFFFFFFFFFFC2FFF000000161AB742B6EB408673F0
13AF222CBCEF82B6F8136AD71AF07A7427B603AFFFFFFFFFFC2FFF000000161AB742B6EB40867308
13AEEE2CBCC582B702136A8B1AF05D7427B303FFFFFFFFFFFC3FFF000000161AB742B6EB40867320
13AED42CBC9F82B70B136A6B1AF0467457B203FFFFFFFFFFF90FFF000000161AB842B6EB40867338
13AF5D2CBD3482B709136A911AF05F73F7AE03FFFFFFFFFFFB9FFF000000161AB842B6EB40867350
13AF712CBD4882B702136AD51AF08473F7B103FFFFFFFFFFFC3FFF000000161AB842B6EB40867368
13AF732CBD5182B6FB136AF21AF0957477B103FFFFFFFFFFFC3FFF000000161AB842B6EB40867380
13AF6A2CBD3582B6FB136B101AF0A67477AD03FFFFFFFFFFFC3FFF000000161AB842B6EB40867398
13AF612CBD3C82B6FE136B051AF09B7487AB03FFFFFFFFFFFC2FFF000000161AB842B6EB408673B0
13AF502CBD2382B700136B081AF0A57497B203FFFFFFFFFFFC1FFF000000161AB842B6EB408673C8
13AF512CBD2B82B704136B031AF0A27467B203FFFFFFFFFFFC1FFF000000161AB842B6EB408673E0
13AFCF2CBDB382B708136ADE1AF0887477AF03FFFFFFFFFFFC3FFF000000161AB842B6EB408673F8
13AFD92CBDC382B707136AEC1AF0947487B103FFFFFFFFFFFC3FFF000000161AB842B6EB40867310
13AFFA2CBE0182B6FD136B221AF0AB7467B003FFFFFFFFFFFBBFFF000000161AB842B6EB40867328
13AFFA2CBDFF82B6F8136B3D1AF0D47407B203FFFFFFFFFFFC1FFF000000161AB842B6EB40867340
13AFF22CBDF782B6FD136B3B1AF0CD7437B0825FFFFFFFFFFC2FFF000000161AB842B6EB40867358
13AFD02CBDD482B702136B3F1AF0D07447B303AFFFFFFFFFFC3FFF000000161AB842B6EB40867370
13B0022CBDF382B706136B531AF0D77417B403FFFFFFFFFFFC3FFF000000161AB842B6EB40868388
13AFCB2CBDC182B707136B4A1AF0D37427B303FFFFFFFFFFFC3FFF000000161AB842B6EB408673A0
13AFE92CBDFE82B6FE136B7B1AF0EA7467B303FFFFFFFFFFFC3FFF000000161AB842B6EB408673B8
13B0452CBE5482B6F9136BAE1AF10F7497B303FFFFFFFFFFFC3FFF000000161AB942B6EB408673D0
13B0282CBE2C82B701136B8B1AF10073E7B103FFFFFFFFFFFC3FFF000000161AB942B6EB408683E8
13B0182CBE2282B704136B8D1AF0FE73B7B303FFFFFFFFFFFC3FFF000000161AB942B6EB40868300
13B0402CBE6382B700136BC11AF11F7427B203FFFFFFFFFFFC2FFF000000161AB942B6EB40868318
13B0C12CBEFA82B701136BC61AF12C7437B503FFFFFFFFFFFC2FFF000000161AB942B6EB40868330
13B0CC2CBF0082B701136BF31AF1487417B603FFFFFFFFFFFC2FFF000000161AB942B6EB40868348
13B09A2CBED882B700136BEC1AF13F7457AF03FFFFFFFFFFFC3FFF000000161AB942B6EB40868360
13B0992CBED182B700136BD01AF12F7477AD03FFFFFFFFFFFC2FFF000000161AB942B6EA40868378
13B0AC2CBEE982B702136BFF1AF1497477AB03FFFFFFFFFFFC2FFF000000161AB942B6EA40869390
13B0BE2CBEFE82B701136BFE1AF1537457AF03FFFFFFFFFFFC3FFF000000161AB942B6EA408683A8
13B0E12CBF0782B6FF136BEF1AF1427467AD758FFFFFFFFFFC0FFF000000161AB942B6EA408683C0
13B07A2CBEAE82B6FE136BE81AF13D7437AB03BFFFFFFFFFF9BFFF000000161AB942B6EA408683D8
13B06B2CBE9E82B700136BEF1AF1447477AC03FFFFFFFFFFF9EFFF000000161AB942B6EA408683F0
13B0852CBEBE82B703136BF11AF14F7457AB03FFFFFFFFFFFC2FFF000000161AB942B6EA40868308
13B0C92CBEF882B707136C061AF15C7437AB03FFFFFFFFFFFC2FFF000000161AB942B6EA40868320
13B0B52CBEE182B702136C0C1AF15B7437AC03FFFFFFFFFFFC3FFF000000161AB942B6EA40869338
13B09D2CBEC082B6FB136C6B1AF18E74A7AF03FFFFFFFFFFFC2FFF000000161AB942B6EA40868350
13B0922CBEC182B6FC136C541AF18A7487B403FFFFFFFFFFFC1FFF000000161ABA42B6EA40869368
13B0992CBEC882B700136C4D1AF1817447B503FFFFFFFFFFFC3FFF000000161ABA42B6EA40868380
13B0902CBEB582B700136C381AF17D7457B803FFFFFFFFFFFC1FFF000000161ABA42B6EA40868398
13B0FB2CBF3E82B705136C2F1AF1747457B503FFFFFFFFFFFC1FFF000000161ABA42B6EA408693B0
13B1AA2CBFFA82B70A136C651AF18B7437B603FFFFFFFFFFFC2FFF000000161ABA42B6EA408693C8
13B1492CBF9F82B705136C3F1AF17F7437B203FFFFFFFFFFFC3FFF000000161ABA42B6EA408693E0
13B1752CBFCE82B6F8136CF61AF1E67437B003FFFFFFFFFFFC3FFF000000161ABA42B6EA408693F8
13B1622CBFBA82B6F8136D131AF2077457B303FFFFFFFFFFFC2FFF000000161ABA42B6EA40868310
13B14A2CBFA082B702136CA11AF1C17427B579FFFFFFFFFFFC2FFF000000161ABA42B6EA40868328
13B1402CBF9A82B705136CC71AF1D773F7B403BFFFFFFFFFFC2FFF000000161ABA42B6EA40869340
13B13D2CBF9982B704136CD71AF1DD7487B103FFFFFFFFFFFC3FFF000000161ABA42B6EA40869358
13B1252CBF7C82B704136CC01AF1D07487B503FFFFFFFFFFFC3FFF000000161ABA42B6EA40869370
13B1272CBF8882B701136CD71AF1E27467B503FFFFFFFFFFFC4FFF000000161ABA42B6EA40869388
13B1492CBFA982B6FF136CD81AF1EC7437B303FFFFFFFFFFFC5FFF000000161ABA42B6EA408693A0
13B14B2CBF9882B6FE136CE01AF1EB7487B303FFFFFFFFFFFC4FFF000000161ABA42B6EA408693B8
13B1582CBFAD82B703136CDD1AF1E77437B103FFFFFFFFFFFC3FFF000000161ABA42B6EA408693D0
13B1682CBFC882B704136CD71AF1E47417AF03FFFFFFFFFFFC3FFF000000161ABA42B6EA408693E8
13B1A02CC00682B6FC136CDB1AF1EB7457B003FFFFFFFFFFFC4FFF000000161ABB42B6EA40869300
13B1C32CC02482B6FC136CE01AF1ED7447B103FFFFFFFFFFFC3FFF000000161ABB42B6EA4086A318
13B1A72CC00382B703136CF41AF1F97427B103FFFFFFFFFFFC2FFF000000161ABB42B6EA40869330
13B1942CBFEE82B707136D1E1AF20E7457B003FFFFFFFFFFFC2FFF000000161ABB42B6EA40869348
13B1BF2CC02482B706136D331AF2187427B003FFFFFFFFFFFC3FFF000000161ABB42B6EA4086A360
13B1FA2CC05582B705136D1F1AF2147457B003FFFFFFFFFFFC3FFF000000161ABB42B6EA40869378
13B1C82CC03C82B6FD136D5B1AF2387487AD8DEFFFFFFFFFFC3FFF000000161ABB42B6EA40869390
13B1EE2CC06382B6F2136D9E1AF25F7467AC03CFFFFFFFFFFC3FFF000000161ABB42B6EA4086A3A8
13B1EB2CC05582B6FC136D661AF2407487AC03FFFFFFFFFFFC4FFF000000161ABB42B6EA408693C0
13B1D92CC03F82B70D136D701AF2447477AD03FFFFFFFFFFFC2FFF000000161ABB42B6EA4086A3D8
13B1DC2CC04E82B708136D681AF2427447B303FFFFFFFFFFFC1FFF000000161ABB42B6EA408693F0
13B1E02CC05382B701136D741AF2477417B403FFFFFFFFFFFC2FFF000000161ABB42B6EA4086A308
13B1DA2CC04F82B704136D851AF24E7467B303FFFFFFFFFFFC2FFF000000161ABB42B6EA40869320
13B1E02CC05982B700136D7A1AF2547477B603FFFFFFFFFFFC2FFF000000161ABB42B6EA40869338
13B1DB2CC04D82B6FA136D551AF2417457B603FFFFFFFFFFFC2FFF000000161ABB42B6EA4086A350
13B1D02CC04682B6FA136D601AF23C7497AF03FFFFFFFFFFFC2FFF000000161ABB42B6EA4086A368
13B1C52CC03B82B703136D3D1AF22F74A7AC03FFFFFFFFFFFC3FFF000000161ABB42B6EA4086A380
13B1BF2CC03482B708136D351AF2297527AF03FFFFFFFFFFFC3FFF000000161ABC42B6E94086A398
13B1CB2CC04482B705136D441AF23274A7B303FFFFFFFFFFFC3FFF000000161ABC42B6E94086A3B0
13B1D22CC04D82B705136D521AF2367457B103FFFFFFFFFFFC2FFF000000161ABC42B6E94086A3C8
13B1CB2CC03982B701136D551AF23D7457B103FFFFFFFFFFFC2FFF000000161ABC42B6E94086A3E0
13B1A22CC00982B6F9136D671AF2437467B38F2FFFFFFFFFFC2FFF000000161ABC42B6E94086A3F8
13B1A82CC01B82B6FD136D4E1AF2377417B303DFFFFFFFFFFC3FFF000000161ABC42B6E94086A310
13B18E2CC00582B704136D461AF2327387AF03FFFFFFFFFFFC2FFF000000161ABC42B6E94086A328
13B1A52CC01282B702136D4F1AF2377437AE03FFFFFFFFFFFC2FFF000000161ABC42B6E94086A340
13B17F2CBFF082B702136D481AF23473F7AE03FFFFFFFFFFFC2FFF000000161ABC42B6E94086A358
13B18C2CC00782B704136D1C1AF2157427B203FFFFFFFFFFFC3FFF000000161ABC42B6E94086A370
13B1A02CC01D82B704136D081AF21574C7B003FFFFFFFFFFFC3FFF000000161ABC42B6E94086A388
13B18F2CBFFD82B702136D231AF2227467B103FFFFFFFFFFFC2FFF000000161ABC42B6E94086A3A0
13B1992CC00B82B700136D371AF2267427B003FFFFFFFFFFFC2FFF000000161ABC42B6E94086A3B8
13B19F2CC01682B6FC136D541AF2397467B003FFFFFFFFFFFC2FFF000000161ABC42B6E94086B3D0
13B1922CC00982B6F9136D5B1AF2407467B303FFFFFFFFFFFC3FFF000000161ABC42B6E94086A3E8
13B17D2CBFE682B6FE136D581AF23F73F7B003FFFFFFFFFFFC3FFF000000161ABC42B6E94086A300
13B18C2CBFFD82B70C136D3D1AF22D7417AF03FFFFFFFFFFFC2FFF000000161ABC42B6E94086A318
13B1852CBFF282B70C136D2F1AF2267407B003FFFFFFFFFFFC3FFF000000161ABC42B6E94086A330
13B17B2CBFED82B700136D511AF23473B7B203FFFFFFFFFFFC5FFF000000161ABD42B6E94086B348
13B1712CBFDD82B6F8136D671AF24373F7B282CFFFFFFFFFFC4FFF000000161ABD42B6E94086A360
13B14C2CBFBD82B6FB136D411AF22C7407B403EFFFFFFFFFFC4FFF000000161ABD42B6E94086B378
13B1642CBFC682B700136D271AF2247427B003FFFFFFFFFFFC3FFF000000161ABD42B6E94086A390
13B10B2CBF5882B700136D301AF2267407AF03FFFFFFFFFFFC3FFF000000161ABD42B6E94086A3A8
13B0F42CBF3882B706136D241AF21773D7AE03FFFFFFFFFFFC3FFF000000161ABD42B6E94086B3C0
13B1162CBF5B82B704136D181AF21773F7B203FFFFFFFFFFFC3FFF000000161ABD42B6E94086B3D8
13B1272CBF6C82B6FE136D1C1AF2147427B103FFFFFFFFFFFC4FFF000000161ABD42B6E94086B3F0
13B1402CBF7A82B703136CF01AF1F673D7B103FFFFFFFFFFFC3FFF000000161ABD42B6E94086A308
13B1412CBF8282B708136CDC1AF1E673E7AF03FFFFFFFFFFFC4FFF000000161ABD42B6E94086B320
13B15B2CBF9B82B6FD136CF11AF1F473F7B103FFFFFFFFFFFC5FFF000000161ABD42B6E94086A338
13B1732CBFA682B6F7136CEE1AF1ED73F7B303FFFFFFFFFFFC4FFF000000161ABD42B6E94086B350
13B16D2CBFA982B6FE136CF91AF1F773D7B203FFFFFFFFFFFC2FFF000000161ABD42B6E94086B368
13B1522CBF8C82B707136CFC1AF1FD7447B003FFFFFFFFFFFC3FFF000000161ABD42B6E94086A380
13B1492CBF8982B709136D061AF2007447B103FFFFFFFFFFFC4FFF000000161ABD42B6E94086B398
13B10E2CBF5082B704136D041AF1FB7457B303FFFFFFFFFFFC3FFF000000161ABD42B6E94086B3B0
13B1232CBF5782B6DC136CB71AF1C77427B186BFFFFFFFFFFC3FFF000000161ABE42B6E94086A3C8
13B1E42CC02A82B69F136C861AF1B27447B2040FFFFFFFFFFC3FFF000000161ABE42B6E94086A3E0
13B2262CC07D82B653136DD51AF2727457B103FFFFFFFFFFFC4FFF000000161ABE42B6E94086B3F8
13B2942CC0EA82B602136DB21AF2577447B003FFFFFFFFFFFC4FFF000000161ABE42B6E94086B310
13B1842CBFC082B5D9136D421AF21A7457AF89BFFFFFFFFFFC4FFF000000161ABE42B6E94086B328
13B1772CBFBE82B5E1136D491AF21C74A7AFF80FFFFFFFFFFC4FFF000000161ABE42B6E94086B340
13B1A22CBEA982B5DE136D791AF2347497B1305FFFFFFFFFFC4FFF000000161ABE42B6E84086B358
13B1D72CC01582B5E3136DDE1AF26E7487B403FFFFFFFFFFFBFFFF000000161ABE42B6E84086B370
13B1D12CC01882B5DF136DB61AF2557437B303FFFFFFFFFFFB6FFF000000161ABE42B6E94086B388
13B1B12CBFE882B5CE136D6F1AF2317447AF03FFFFFFFFFFFBFFFF000000161ABE42B6E94086B3A0
13B13E2CBF8182B5CE136D3B1AF21174B7B1877FFFFFFFFFFC2FFF000000161ABE42B6E84086B3B8
13B1332CBF8C82B5E3136CEA1AF1EF7477B3041FFFFFFFFFFC3FFF000000161ABE42B6E84086B3D0
13B0882CBED382B5E0136C621AF1AE7407B203FFFFFFFFFFFC4FFF000000161ABE42B6E84086B3E8
13B0AD2CBEFE82B5DE136C7E1AF1B87407AB03FFFFFFFFFFFC4FFF000000161ABE42B6E84086B300
13B0A32CBEF682B5E6136C851AF1BD7427AE03FFFFFFFFFFFC4FFF000000161ABE42B6E84086B318
13B06A2CBEAF82B5DA136C821AF1B774A7B203FFFFFFFFFFFC4FFF000000161ABE42B6E84086B330
13B0882CBEE382B5D6136C8E1AF1BD7497B303FFFFFFFFFFFC4FFF000000161ABE42B6E84086B348
13B0912CBEEC82B5DA136C851AF1BB7447B203FFFFFFFFFFFC4FFF000000161ABE42B6E84086B360
13B0D22CBF2182B5DA136CC21AF1E17457AB03FFFFFFFFFFFC5FFF000000161ABF42B6E84086B378
13B0CA2CBF1B82B5D8136C911AF1C17467AB03FFFFFFFFFFFC4FFF000000161ABF42B6E84086B390
13B0D12CBF2582B5E1136C911AF1BE7417AD03FFFFFFFFFFFC4FFF000000161ABF42B6E84086B3A8
13B0F82CBF4782B5E8136CA01AF1C47457AE03FFFFFFFFFFFC3FFF000000161ABF42B6E84086B3C0
13B0F12CBF4882B5E5136CBD1AF1D77447AF03FFFFFFFFFFFC3FFF000000161ABF42B6E84086B3D8
13B12A2CBF7882B5D2136CD61AF1E07417AF03FFFFFFFFFFFC3FFF000000161ABF42B6E84086C3F0
13B1202CBF6F82B5D0136CCB1AF1DC73E7B303FFFFFFFFFFFC3FFF000000161ABF42B6E84086C308
13B10E2CBF5C82B5DD136CB71AF1CF7457B68C4FFFFFFFFFFC3FFF000000161ABF42B6E84086B320
13B0F22CBF4482B5DF136CA71AF1C97477B8042FFFFFFFFFFC2FFF000000161ABF42B6E84086C338
13B1002CBF5482B5DE136CB61AF1D17497B203FFFFFFFFFFFC2FFF000000161ABF42B6E84086B350
13B0F82CBF4982B5E3136CB21AF1CF7447B203FFFFFFFFFFFC4FFF000000161ABF42B6E84086B368
13B0F12CBF4982B5DF136C941AF1C07477B203FFFFFFFFFFFC4FFF000000161ABF42B6E84086C380
13B0912CBEED82B5D6136C881AF1B87477B103FFFFFFFFFFFC5FFF000000161ABF42B6E84086C398
13B0BF2CBF1D82B5DD136CA61AF1C57487B003FFFFFFFFFFFC4FFF000000161ABF42B6E84086C3B0
13B0E42CBF3B82B5DB136C9C1AF1C17447AC03FFFFFFFFFFFC5FFF000000161ABF42B6E84086C3C8
13B0B22CBF0182B5D4136C971AF1C07467AD03FFFFFFFFFFFC3FFF000000161ABF42B6E84086C3E0
13B16E2CBFEA82B5E3136D0C1AF20A7417B003FFFFFFFFFFFC4FFF000000161ABF42B6E84086C3F8
13B11E2CBF7182B5E2136D1A1AF21373F7B203FFFFFFFFFFFC5FFF000000161AC042B6E84086C310
13B0C92CBF2D82B5D9136CAB1AF1CC7467B203FFFFFFFFFFFC4FFF000000161AC042B6E84086C328
13B0C92CBF1382B5D8136C981AF1BE7447AF03FFFFFFFFFFFC3FFF000000161AC042B6E84086D340
1391CE1DFB1082B5BE1326281109537437A803FFFFFFFFFFFB2FFF000000161AC042B6E84086B358
13777D1433BB82B5BE1341ED0EDA1E76879D03FFFFFFFFFFF74FFF000000161AC042B6E84086B370
13A5D721725B82B5BE13518A0EDDEB7E578103FFFFFFFFFFEFCFFF000000161AC042B6E840869388
13AEE22B30FF82B5BF1352C80DE00382E76503FFFFFFFFFFE22FFF000000161AC042B6E8408693A0
13B0232CBED282B5BF1353A10CE99281A75C040FFFFFFFFFEADFFF000000161AC042B6E8408693B8
13B0762CBF0E82B5BF13521110639181A75803FFFFFFFFFFF43FFF000000161AC042B6E8408693D0
13B0982CBF2382B5BE134D7910912D84B75D03FFFFFFFFFFB8EFFF000000161AC042B6E8408693E8
13B0982BE18582B5BF1346A31132B089075503FFFFFFFFFF32FFFF000000161AC042B6E840869300
13B07619BF0282B5C01342FD139C8C8D1755040FFFFFFFFF04FFFF000000161AC042B6E840869318
13AFB31DA79582B5BF133F7D19509691875303FFFFFFFFFF2A3FFF000000161AC042B6E840869330
13AF751F3B1582B5C21349FF19C49B93B75603FFFFFFFFFF56DFFF000000161AC042B6E840869348
13AF3F20348D82B5C213586C18E98B94975903FFFFFFFFFF94FFFF000000161AC042B6E840869360
13AEFB20407582B5BF13551E15B29C96375303FFFFFFFFFFCB5FFF000000161AC042B6E840869378
13AE7520210E82B5C0135B4F158A6A98E75503FFFFFFFFFF9F7FFF000000161AC142B6E84086B390
13ADA920116E82B5C0135DB0177B529B275503FFFFFFFFFFB52FFF000000161AC142B6E84086B3A8
13ACC1200C7182B5C2135DDD19EB879C575503FFFFFFFFFFDC9FFF000000161AC142B6E84086B3C0
13AB9C2001F582B5BF135C9719EA6E9DA75503FFFFFFFFFFBE1FFF000000161AC142B6E84086B3D8
13A9FC1FFA5682B5BD135B7D19EED59FC75503FFFFFFFFFF939FFF000000161AC142B6E84086B3F0
13A81B1FC74682B5BC135A6E19F153A1E75503FFFFFFFFFFCFEFFF000000161AC142B6E84086B308
13A61D1F70D882B5BC1359321A10E5A3A74F03FFFFFFFFFFAEEFFF000000161AC142B6E74086B320
13A4351ED97C82B5BD1357EB19FB7CA4675A03FFFFFFFFFFC84FFF000000161AC142B6E74086B338
13A23D1E9DC382B5BD13569919FD18A41756040FFFFFFFFFECAFFF000000161AC142B6E74086B350
13A0481E53AC82B5BE13552E1A1A3AA4C75503FFFFFFFFFFF7DFFF000000161AC142B6E74086B368
139EAB1D836E82B5BE1353D91A4A46A5F75503FFFFFFFFFFF78FFF000000161AC142B6E74086B380
139DA31D2B4B82B5BD1350DD1A766BA4975503FFFFFFFFFFF55FFF000000161AC142B6E74086B398
139ABB1D67F582B5BC134B081A7EB8A0A75503FFFFFFFFFFF10FFF000000161AC142B6E74086B3B0
1396F51DB16382B5BB1348E41A7D8B9FF75503FFFFFFFFFFF38FFF000000161AC142B6E74086B3C8
1394221D7FAF82B5BC1347E01A7EC6A0D75503FFFFFFFFFFF3BFFF000000161AC142B6E74086B3E0
1392821D2A8582B5BC1346C51A796CA2875503FFFFFFFFFFF3AFFF000000161AC142B6E74086B3F8
13909A1D23A982B5BC1345BC1A7B96A4675503FFFFFFFFFFF3AFFF000000161AC142B6E74086B310
138E9A1CE70A82B5BB1344941A7835A6375503FFFFFFFFFFF3AFFF000000161AC242B6E74086B328
138C9B1CC8AD82B5BC1343471A7770A7C75503FFFFFFFFFFF3AFFF000000161AC242B6E74086B340
138AC81C795D82B5BD1341E21A7348A9175503FFFFFFFFFFF3AFFF000000161AC242B6E74086B358
13891B1C66C682B5BC1340951A73B2AA4755040FFFFFFFFFF3BFFF000000161AC242B6E74086B370
1387271CA5B782B5BB133F221A70CFAB5755040FFFFFFFFFF3CFFF000000161AC242B6E74086B388
1384F41C6E4C82B5BB133D3D1A7E06AC475503FFFFFFFFFFF3AFFF000000161AC242B6E74086B3A0
1382E81C069182B5BB133B431A7DF3AD275503FFFFFFFFFFF39FFF000000161AC242B6E74086B3B8
1381141BAE3582B5BB1339961A7C7CADF75503FFFFFFFFFFF39FFF000000161AC242B6E74086B3D0
137F7C1B25A482B5BC1338231A7543AEB75503FFFFFFFFFFF3BFFF000000161AC242B6E74086B3E8
137E0B1B339482B5BC1336D41A72D4AF775503FFFFFFFFFFF3BFFF000000161AC242B6E74086B300
137C6C1B598282B5BC13353A1A740FB0175503FFFFFFFFFFF39FFF000000161AC242B6E74086B318
137AAA1B528582B5BB1333531A76F9B0B75503FFFFFFFFFFF39FFF000000161AC242B6E74086B330
1378DE1B3CBC82B5BB1331571A784FB1475503FFFFFFFFFFF39FFF000000161AC242B6E74086C348
13770E1B049682B5BB132F4B1A7B61B1C75503FFFFFFFFFFF3AFFF000000161AC242B6E74086C360
1375591A961482B5BB132D691A7B38B2275503FFFFFFFFFFF3AFFF000000161AC242B6E74086B378
1373DE1A026782B5BC132BEA1A72ABB2975503FFFFFFFFFFF39FFF000000161AC242B6E74086B390
13729919A33682B5BC132AB51A6F99B3075503FFFFFFFFFFF39FFF000000161AC242B6E74086D3A8
13714219F4CF82B5BC1329691A6E9EB3675503FFFFFFFFFFF3BFFF000000161AC242B6E74086D3C0
136F941A914A82B5BB1327A31A7640B3C75503FFFFFFFFFFF3BFFF000000161AC342B6E74086B3D8
136DCC1A5B2282B5BB1325821A7927B4175503FFFFFFFFFFF39FFF000000161AC342B6E74086C3F0
136C271A00EF82B5BB1323A51A7741B4575503FFFFFFFFFFF39FFF000000161AC342B6E74086C308
136AA819785182B5BB1321F41A7621B4975503FFFFFFFFFFF3CFFF000000161AC342B6E74086C320
13695A18F21082B5BC1321051A7234B4D75503FFFFFFFFFFF39FFF000000161AC342B6E74086D338
1367EF193E7982B5BB131FB61A71BEB5175503FFFFFFFFFFF39FFF000000161AC342B6E74086D350
13666D18FD5482B5BB131E521A6F7CB5575503FFFFFFFFFFF3AFFF000000161AC342B6E74086D368
1364F21941DF82B5BB131CF81A71F5B5875503FFFFFFFFFFF3BFFF000000161AC342B6E74086C380
13633B19A0F482B5BB131AF81A76A8B5B75503FFFFFFFFFFF3BFFF000000161AC342B6E74086D398
13617B1932FB82B5BB1319051A7537B5C75503FFFFFFFFFFF3AFFF000000161AC342B6E74086D3B0
13600F18639B82B5BC1317E71A70B8B5E75403FFFFFFFFFFF3AFFF000000161AC342B6E74086D3C8
135E8318E97C82B5BB13168E1A7256B6075503FFFFFFFFFFF3AFFF000000161AC342B6E74086D3E0
135CED184AEC82B5BC1315021A6FF4B6275503FFFFFFFFFFF3AFFF000000161AC342B6E74086D3F8
135B9A17AAA682B5BC1314031A6BBDB6375503FFFFFFFFFFF3DFFF000000161AC342B6E74086C310
1359F818C80782B5BB1312621A708AB6575503FFFFFFFFFFF3EFFF000000161AC342B6E74086D328
135837188E1982B5BB13105B1A71DCB6675503FFFFFFFFFFF3DFFF000000161AC342B6E74086D340
13568418751582B5BB130E741A72B0B6675503FFFFFFFFFFF3CFFF000000161AC342B6E64086D358
1354C01831E882B5BB130C7E1A7178B6675503FFFFFFFFFFF3DFFF000000161AC442B6E64086D370
13531C17507B82B5BC130AFD1A6D66B6675503FFFFFFFFFFF3DFFF000000161AC442B6E64086D388
13517B174B5D82B5BC13098A1A6C9BB6675503FFFFFFFFFFF3CFFF000000161AC442B6E64086D3A0
134FA6179D3382B5BB1307A81A6D18B6775503FFFFFFFFFFF3CFFF000000161AC442B6E64086D3B8
134DC717836282B5BB1305C21A6CE7B6775503FFFFFFFFFFF3DFFF000000161AC442B6E64086D3D0
134BE11800C082B5BB1303C31A6FA8B6775503FFFFFFFFFFF3CFFF000000161AC442B6E64086D3E8
13498819E01782B5BB13012D1A735DB6675503FFFFFFFFFFF3CFFF000000161AC442B6E64086D300
134757187AB482B5BB12FF131A6F34B6375503FFFFFFFFFFF3DFFF000000161AC442B6E64086D318
1345EC16204C82B5BC12FE1E1A678AB6075403FFFFFFFFFFF3CFFF000000161AC442B6E64086D330
13445916E3E682B5BB12FCDC1A6834B6075503FFFFFFFFFFF3EFFF000000161AC442B6E64086D348
13426D17BF3782B5BB12FAC41A6B62B5F75403FFFFFFFFFFF3EFFF000000161AC442B6E64086D360
1340A61735D182B5BC12F8D91A69EAB5E75503FFFFFFFFFFF3EFFF000000161AC442B6E64086D378
133EC618C5A982B5BA12F6DB1A6DBBB5E75503FFFFFFFFFFF3CFFF000000161AC442B6E64086D390
133C9818F37782B5BA12F41A1A71E5B5B75403FFFFFFFFFFF3DFFF000000161AC442B6E64086D3A8
133B1D1511AE82B5BC12F2911A6AC9B5275503FFFFFFFFFFF3DFFF000000161AC442B6E64086D3C0
133A43113ADB82B5BD12F2511A6227B4675503FFFFFFFFFFF3DFFF000000161AC442B6E64086D3D8
1338AB142DFC82B5BC12F0DF1A6402B3875503FFFFFFFFFFF3EFFF000000161AC442B6E64086D3F0
132ED01836BF82B5BB12ED8F1A6601B2475403FFFFFFFFFFF3DFFF000000161AC542B6E64086D308
133C2D14B81482B5BC12EA9E1A68EBB0F75403FFFFFFFFFFF3BFFF000000161AC542B6E64086D320
13439615AFED82B5BB12E4E81A6DA9B0175503FFFFFFFFFFF38FFF000000161AC542B6E64086D338
13442812C74582B5BC12DF3E1A6FD8AFB75503FFFFFFFFFFF31FFF000000161AC542B6E64086D350
1351C911BD3F82B5BD12E4DB1A6783AF475503FFFFFFFFFFF2DFFF000000161AC542B6E64086D368
1355F4114D4782B5BD12E62F1A60EAAE175503FFFFFFFFFFF2BFFF000000161AC542B6E64086D380
1357C611132A82B5BD12E60B1A5FA4AD0754040FFFFFFFFFF2EFFF000000161AC542B6E64086D398
13800C11EF8D82B5BD12E5931A6088ACB75403FFFFFFFFFFF2AFFF000000161AC542B6E64086D3B0
13A709106B5982B5BB12E4921A68F5AD075403FFFFFFFFFFF24FFF000000161AC542B6E64086D3C8
139B7E0F66F482B5BB12E4291A6E83AD875403FFFFFFFFFFF15FFF000000161AC542B6E64086D3E0
13966D0F098382B5BC12E3521A69FFAC675503FFFFFFFFFFF2CFFF000000161AC542B6E64086D3F8
1392B10EDA4382B5BD12E3121A62D4A7C754040FFFFFFFFFF37FFF000000161AC542B6E64086D310
138EC20EB9D282B5BD12E2FD1A5A75A4175403FFFFFFFFFFF37FFF000000161AC542B6E64086D328
138A640EA0B182B5BB12E2551A5D5BA3E755040FFFFFFFFFF39FFF000000161AC542B6E64086D340
1382160E8F9C82B5BC12E1B81A65D9A5C75503FFFFFFFFFFF34FFF000000161AC542B6E64086D358
137A640E84E782B5BC12E1031A64B9A7D75503FFFFFFFFFFF19FFF000000161AC542B6E64086D370
1377D30E73CB82B5BC12E0191A5EA0A9375403FFFFFFFFFFEECFFF000000161AC642B6E64086D388
1372D10E663C82B5BC12DF111A5D53A9E75403FFFFFFFFFFF53FFF000000161AC642B6E64086D3A0
13707A0E5C9C82B5BB12DE041A60FAAA575503FFFFFFFFFFF74FFF000000161AC642B6E64086D3B8
136D1D0E528782B5BB12DCDF1A624BAAF75403FFFFFFFFFFF72FFF000000161AC642B6E64086D3D0
1369F80E48F882B5BC12DBA51A6182ABC75503FFFFFFFFFFF70FFF000000161AC642B6E64086D3E8
13661C0E3B8882B5BD12DA641A5B5FAC875403FFFFFFFFFFF70FFF000000161AC642B6E64086D300
1361060E33A682B5BD12D9221A567EACF75403FFFFFFFFFFF71FFF000000161AC642B6E64086D318
135DA00E2EE882B5BB12D7B31A5BCEAC8755040FFFFFFFFFF70FFF000000161AC642B6E54086D330
135A4B0E1E6582B5BA12D5EE1A64C2AAB75503FFFFFFFFFFF6CFFF000000161AC642B6E54086D348
1356B30E144B82B5BB12D40A1A663DA8D75403FFFFFFFFFFF68FFF000000161AC642B6E54086D360
1352C60E06C082B5BD12D27C1A600CA7E75503FFFFFFFFFFF66FFF000000161AC642B6E54086D378
134EE50DF67A82B5BD12D1101A5619A7775503FFFFFFFFFFF69FFF000000161AC642B6E54086F390
134B930DEFB582B5BC12CF6F1A54A0A6575403FFFFFFFFFFF6CFFF000000161AC642B6E54086F3A8
1347DE0DEBDF82B5BC12CD561A5BA4A40754040FFFFFFFFFF6BFFF000000161AC642B6E54086D2C0
