* Sea-Bird SBE 9 Data File:
* FileName = X:\CTD_Data\2023\PS23_22_Sutton_CTD\B175D_CTD_245.hex
* Software Version Seasave V 7.26.7.121
* Temperature SN = 2893
* Conductivity SN = 0434
* Number of Bytes Per Scan = 40
* Number of Voltage Words = 5
* Number of Scans Averaged by the Deck Unit = 24
* System UpLoad Time = May 03 2023 05:57:06
* NMEA Latitude = 28 59.57 N
* NMEA Longitude = 087 29.46 W
* NMEA UTC (Time) = May 03 2023  10:59:41
* Store Lat/Lon Data = Append to Every Scan
* SBE 11plus V 5.2
* number of scans to average = 24
* pressure baud rate = 9600
* NMEA baud rate = 4800
* surface PAR voltage added to scan
* A/D offset = 5
* GPIB address = 1
* advance primary conductivity  0.073 seconds
* advance secondary conductivity  0.073 seconds
* autorun on power up is disabled
* S>
* System UTC = May 03 2023 10:57:06
*END*
1375502C146382B7301336BB1AC04192293B040FFFFFFFFFFBFFFF000004161EAE42C01540957237
1368912C0F1B82B7261336521ABF7C92993D042FFFFFFFFFFBFFFF000004161EAE42C0154095624F
1366FA2C118882B7241336351AC0CC92893D050FFFFFFFFFFBFFFF000004161EAE42C01440958267
1376582C127582B7271336941AC19993394D040FFFFFFFFFFBFFFF000004161EAD42C0144095827F
136E072C105682B72C13362A1AC0FE931951040FFFFFFFFFFC0FFF000004161EAD42C01440957297
137A082C50FC82B7331336611ACA0192B93903FFFFFFFFFFFC0FFF000004161EAD42C013409593AF
137A3C2C7D0882B72F13367F1ACD8B88E8DC03FFFFFFFFFFFC0FFF000001161EAD42C013409593C7
137A8F2C7D6D82B72E1336811ACD997C384003FFFFFFFFFFFBFFFF000004161EAD42C013409593DF
137A9D2C7D9C82B7291336921ACDAC78680403FFFFFFFFFFFBEFFF000002161EAD42C012409593F7
137A822C7D7F82B7221336981ACDAF76E7F003FFFFFFFFFFFBFFFF000004161EAD42C0124095930F
137A0A2C7D1782B71C13363C1ACD7E76E7E803FFFFFFFFFFFC0FFF000002161EAD42C01240958327
137A602C7DB582B7261336591ACD957717E603FFFFFFFFFFFBEFFF000002161EAD42C0114095933F
137BB12C7F2582B73913376A1ACE5476E7E103FFFFFFFFFFFBEFFF000004161EAD42C01140959357
137C2A2C7F6382B73313382D1ACEB676F7DB03FFFFFFFFFFFC1FFF000002161EAD42C0114095936F
137C602C7FC782B7241338C51ACF0D76E7D703FFFFFFFFFFFC1FFF000004161EAD42C01040959387
137CA32C802682B72F1338FA1ACF3176B7D703FFFFFFFFFFFC1FFF000001161EAD42C0104095939F
137B4F2C7EE082B7291338831ACEFA76A7D8052FFFFFFFFFFBFFFF000004161EAD42C010409593B7
137A3F2C7DB682B71C13363D1ACDBB76D7D60B3FFFFFFFFFFBFFFF000004161EAD42C00F409593CF
137A0D2C7D7E82B71B1335FA1ACD6A76C7D203FFFFFFFFFFFC0FFF000004161EAD42C00F409593E7
1379802C7CC982B72D1336F81ACDFB76A7D103FFFFFFFFFFFC0FFF000004161EAD42C00F409593FF
137BD02C7F3382B73D1338C81ACF1C7687D303FFFFFFFFFFFC0FFF000004161EAD42C00F40959317
137BA02C7F1382B7291339C21ACF757677D203FFFFFFFFFFFC1FFF000004161EAD42C00E4095932F
137B0B2C7E7E82B71A1337CA1ACE827687D203FFFFFFFFFFFC0FFF000004161EAD42C00E40959347
137AF82C7E6682B72F1338271ACEB77657D003FFFFFFFFFFFBEFFF000004161EAD42C00D4095935F
137AE02C7E5882B71E1336DA1ACDF27687CF03FFFFFFFFFFFBEFFF000002161EAD42C00D40959377
137AC92C7E4382B70F1337421ACE3876F7D003FFFFFFFFFFFC0FFF000004161EAD42C00D4095938F
137AE02C7E6482B7241337551ACE4276C7D303FFFFFFFFFFFC0FFF000000161EAC42C00D409593A7
137AA42C7E1582B7321336DD1ACDF67697D303FFFFFFFFFFFBFFFF000004161EAC42C00C409593BF
137A992C7E0482B7311336DA1ACDEE7687D403FFFFFFFFFFFC0FFF000002161EAC42C00C409593D7
137AA22C7E0D82B72D1337191ACE1D7647D503FFFFFFFFFFFC1FFF000004161EAC42C00C409593EF
137A9D2C7E1782B71E1337171ACE197627D103FFFFFFFFFFFC1FFF000002161EAC42C00B40959307
137A922C7E2582B7101336E91ACE037657CF076FFFFFFFFFFBFFFF000004161EAC42C00B4095931F
137AAC2C7E2F82B7151336E91ACE077657CE168FFFFFFFFFFBEFFF000005161EAC42C00B40959337
137B4F2C7EC282B7301337521ACE397657CE03FFFFFFFFFFFBEFFF000004161EAC42C00A4095934F
137B252C7E9682B73313378F1ACE557617D503FFFFFFFFFFFBEFFF000005161EAC42C00A40959367
137ACC2C7E5982B71A1336EC1ACE067617D803FFFFFFFFFFFC0FFF000001161EAC42C00A4095937F
137AC32C7E5582B71D1336CB1ACDF175F7D403FFFFFFFFFFFC0FFF000004161EAC42C00940959397
137AC72C7E5982B72B1336FB1ACE0A7627D503FFFFFFFFFFFBCFFF000002161EAC42C009409593AF
137AC42C7E5C82B7291336AD1ACDE47627D403FFFFFFFFFFFBEFFF000004161EAC42C009409593C7
137AE12C7E7F82B7181336A61ACDE27607D103FFFFFFFFFFFBEFFF000002161EAC42C008409593DF
137AC42C7E5F82B7131336731ACDC37607CF03FFFFFFFFFFFBFFFF000005161EAC42C008409593F7
137AA52C7E4B82B71D1336E11ACE0C75E7D203FFFFFFFFFFFBFFFF000002161EAC42C0084095930F
137A882C7E2582B7301336E61ACE117627D203FFFFFFFFFFFBEFFF000003161EAC42C00740959327
137A742C7E1682B7321336B01ACDE875F7D103FFFFFFFFFFFBEFFF000003161EAC42C0074095933F
137A0A2C7D9982B7181336511ACDA675F7CF03FFFFFFFFFFFBEFFF000005161EAC42C00740959357
1379F52C7D7D82B71D1336301ACD917637CE03FFFFFFFFFFFBEFFF000005161EAC42C0064095936F
137A1A2C7D9282B7271335CC1ACD4E7617CD07FFFFFFFFFFFBEFFF000005161EAC42C00640959387
1379952C7CFA82B7111335DE1ACD5D7657CC1C4FFFFFFFFFFBFFFF000005161EAC42C0064095939F
1379A02C7D1382B71C1335D11ACD587697CBFAEFFFFFFFFFFC0FFF000005161EAC42C005409593B7
1379D92C7D5982B7341335BF1ACD4E7647D0B73FFFFFFFFFFBEFFF000002161EAC42C005409593CF
1379B82C7D3682B7231335CF1ACD5E7647D236BFFFFFFFFFFBFFFF000002161EAB42C005409593E7
13796E2C7CDE82B71D1335C81ACD547627D2FB2FFFFFFFFFFC0FFF000005161EAB42C005409593FF
1379AC2C7D2782B7291335CE1ACD597657CDFBAFFFFFFFFFFC0FFF000004161EAB42C0044095A317
13796C2C7CD482B7251335C31ACD4376B7CC8EEFFFFFFFFFFBEFFF000003161EAB42C0044095932F
1379062C7C5582B7111335891ACD2376B7D1861FFFFFFFFFFBFFFF000005161EAB42C0034095A347
1379152C7C6D82B7211335961ACD287617CD898FFFFFFFFFFBFFFF000002161EAB42C0034095935F
1379182C7C7182B73113359B1ACD2C75D7D1550FFFFFFFFFFBFFFF000005161EAB42C00340959377
1379172C7C6682B7211335861ACD2175C7D064BFFFFFFFFFFBFFFF000005161EAB42C0034095938F
1379202C7C7082B71413359A1ACD2A75C7CE71DFFFFFFFFFFBFFFF000003161EAB42C002409593A7
13791A2C7C7482B72513358B1ACD2675E7CE03FFFFFFFFFFFBEFFF000004161EAB42C0024095A3BF
1379012C7C4682B7311335761ACD1875C7CD03FFFFFFFFFFFBEFFF000005161EAB42C002409593D7
1379112C7C5B82B7191335671ACD0C7607CB03FFFFFFFFFFFC0FFF000002161EAB42C0014095B3EF
1379012C7C4982B71613354A1ACCF97637CA09EFFFFFFFFFFBFFFF000003161EAB42C00140959307
1378E72C7C2E82B7221335121ACCDD7677D27F8FFFFFFFFFFBFFFF000005161EAB42C0014095931F
13790B2C7C5282B7171335411ACCF47627D17FDFFFFFFFFFFBEFFF000005161EAB42C0004095B337
1379012C7C4882B7201335391ACCF57627CF03FFFFFFFFFFFBFFFF000004161EAB42C0004095934F
1378DB2C7C2882B73F13352F1ACCEC7617D0051FFFFFFFFFFBEFFF000003161EAB42C0004095B367
1378EF2C7C3A82B71913352F1ACCEA7607CF985FFFFFFFFFFBFFFF000002161EAB42BFFF4095B37F
1378FC2C7C4382B6F91335431ACCF77657D04BDFFFFFFFFFFC1FFF000003161EAB42BFFF4095B397
1378E82C7C2C82B7211335361ACCF37617D003FFFFFFFFFFFC0FFF000004161EAB42BFFF409593AF
1378DF2C7C2882B7351335261ACCEB7617D103FFFFFFFFFFFBFFFF000005161EAB42BFFE4095B3C7
1378EF2C7C3782B72413354B1ACCF97627CF089FFFFFFFFFFBEFFF000005161EAB42BFFE4095B3DF
1378FB2C7C4682B70F1335541ACD007627CF29BFFFFFFFFFFBFFFF000003161EAB42BFFE4095B3F7
1378F72C7C4182B7151335491ACCFD7667CDA6FFFFFFFFFFFC0FFF000003161EAB42BFFD4095B30F
1378EB2C7C3582B72413354D1ACCFF7647CC4EDFFFFFFFFFFBEFFF000005161EAB42BFFD4095B327
1378E52C7C3082B7231335491ACCFD7677CB03FFFFFFFFFFFBFFFF000005161EAA42BFFD4095B33F
1378DE2C7C2982B71F1335421ACCFB7677D003FFFFFFFFFFFC0FFF000003161EAA42BFFC4095A357
1378E32C7C2D82B71D13353C1ACCF57677D303FFFFFFFFFFFBEFFF000004161EAA42BFFC4095B36F
1378E72C7C3482B71D1335421ACCFA7677D51B7FFFFFFFFFFBEFFF000005161EAA42BFFC4095A387
1378F12C7C3D82B71D1335481ACCFE7607D46EDFFFFFFFFFFBFFFF000003161EAA42BFFB4095B39F
13796C2C7CA882B71A13355D1ACD0C7667CF03FFFFFFFFFFFBFFFF000004161EAA42BFFB4095B3B7
137AD22C7E4F82B7151336FF1ACDFC75F7D003FFFFFFFFFFFBFFFF000005161EAA42BFFB4095B3CF
137CA72C802582B7221337BE1ACE6F7627D303FFFFFFFFFFFBEFFF000001161EAA42BFFA4095B3E7
137A5E2C7DB182B72B13362E1ACD847607D003FFFFFFFFFFFBEFFF000003161EAA42BFFA4095B3FF
137BE92C7F6C82B71C1336F51ACDFE7607CF231FFFFFFFFFFC0FFF000004161EAA42BFFA4095B317
137D0F2C80A682B71913383A1ACEC07607D1734FFFFFFFFFFC2FFF000003161EAA42BFF94095B32F
137B892C7F1082B71B1337F71ACE907647CF247FFFFFFFFFFC2FFF000002161EAA42BFF94095B347
137BBE2C7F3E82B71A1337B91ACE7A7667CFA8AFFFFFFFFFFC1FFF000004161EAA42BFF94095B35F
137BD22C7F5582B71113382A1ACEB87647D003BFFFFFFFFFFC1FFF000005161EAA42BFF84095B377
137B922C7F0E82B7191337ED1ACE967627D003FFFFFFFFFFFBFFFF000003161EAA42BFF84095B38F
137B872C7F0D82B72F1337DB1ACE8E7607D103FFFFFFFFFFFBFFFF000004161EAA42BFF84095B3A7
137B902C7F1482B7201337F21ACE9A75A7CB03FFFFFFFFFFFC0FFF000005161EAA42BFF84095B3BF
137B842C7F0C82B7151337FD1ACE9F75B7C91E0FFFFFFFFFFBEFFF000003161EAA42BFF74095B3D7
137B502C7ED882B7491337591ACE4775F7CB994FFFFFFFFFFBDFFF000005161EAA42BFF74095B3EF
137A362C7D9D82B7A01336951ACDDA75D7D0152FFFFFFFFFFBFFFF000005161EAA42BFF74095B307
1378832C7BF182B8061334DD1ACCD97617D4BB8FFFFFFFFFFC1FFF000006161EAA42BFF64095B31F
1378E92C7C5D82B88E13352F1ACD0B75F7D221AFFFFFFFFFFC1FFF000003161EAA42BFF64095B337
1378B32C7C3882B93613350A1ACCFE75B7D303FFFFFFFFFFFBFFFF000003161EAA42BFF64095B34F
1379422C7CD982B9D813359A1ACD5A7607D503FFFFFFFFFFFBFFFF000005161EAA42BFF54095B367
1379612C7D0282BA9B1335B31ACD6E7607D703FFFFFFFFFFFC0FFF000006161EA942BFF54095B37F
13795F2C7D1882BB901335B31ACD7A7687D923CFFFFFFFFFFC1FFF000003161EA942BFF54095B397
13795F2C7D3582BC7D1335B31ACD8876E7D9C25FFFFFFFFFFC1FFF000006161EA942BFF44095B3AF
13795C2C7D4B82BD431335B31ACD9776F7D522BFFFFFFFFFFC2FFF000005161EA942BFF44095B3C7
13796C2C7D7082BE0D1335C01ACDA876E7D203FFFFFFFFFFFC2FFF000002161EA942BFF44095B3DF
1379732C7D7F82BEC81335C51ACDB576D7D328EFFFFFFFFFFC2FFF000006161EA942BFF34095B3F7
13796E2C7D8882BF351335C71ACDBC7707D6B0EFFFFFFFFFFC1FFF000005161EA942BFF34095B30F
1379712C7D9682BFB51335C81ACDC27697D203AFFFFFFFFFFC1FFF000001161EA942BFF34095B327
13797A2C7DAB82C01E1335D11ACDCB7657D203FFFFFFFFFFFC1FFF000006161EA942BFF34095B33F
1379752C7DB182C08A1335C91ACDCE7677D103FFFFFFFFFFFC2FFF000006161EA942BFF24095B357
1379892C7DCE82C1001335DB1ACDDE7677D203FFFFFFFFFFFC1FFF000006161EA942BFF24095B36F
13799D2C7DF382C17B1335EB1ACDEC7647D52E2FFFFFFFFFFC1FFF000005161EA942BFF14095B387
13799F2C7DFF82C1F11335F71ACDFA76C7DAC38FFFFFFFFFFC1FFF000003161EA942BFF14095C39F
1379972C7DFD82C2651335EC1ACDFA76E7D714DFFFFFFFFFFC1FFF000003161EA942BFF14095B3B7
13798E2C7E0482C2D11335DF1ACDF576B7D803FFFFFFFFFFFC1FFF000002161EA942BFF14095B3CF
13798A2C7E0782C3471335E61ACE0076B7D803FFFFFFFFFFFC1FFF000006161EA942BFF04095C3E7
1379702C7DF882C3B81335CE1ACDF57687D503FFFFFFFFFFFC1FFF000006161EA942BFF04095C3FF
1379652C7DED82C41D1335C51ACDF275F7D543EFFFFFFFFFFC1FFF000006161EA942BFF04095C317
1379352C7DB982C4851335991ACDD875F7D4CFDFFFFFFFFFFC1FFF000003161EA942BFEF4095B32F
1378E32C7D5982C4EA1335651ACDB87617D603AFFFFFFFFFFC2FFF000006161EA942BFEF4095C347
13789F2C7D1282C5551334F61ACD6F7647D7041FFFFFFFFFFC2FFF000004161EA942BFEF4095C35F
1378A82C7D2282C5C913350A1ACD817647D73F6FFFFFFFFFFC1FFF000005161EA942BFEE4095B377
1378532C7CB982C62C13345F1ACD077657D9981FFFFFFFFFFC2FFF000003161EA942BFEE4095C38F
1377C72C7C0D82C68C1333FB1ACCC875F7D303FFFFFFFFFFFC2FFF000006161EA942BFEE4095B3A7
1376952C7A7682C6F41332FB1ACC0F7617CF03FFFFFFFFFFFC1FFF000003161EA942BFED4095D3BF
1374052C773A82C75B1330881ACA557667CE03FFFFFFFFFFFC1FFF000006161EA942BFED4095C3D7
136EB92C705582C7C0132B4D1AC6957627CF04EFFFFFFFFFFC2FFF000005161EA942BFED4095D3EF
1369462C698E82C82B1325661AC2747617D44B4FFFFFFFFFFC0FFF000004161EA942BFED4095C307
1363F92C62C282C88E13204C1ABED47657D3AD5FFFFFFFFFFBFFFF000006161EA842BFEC4095D31F
135BDD2C585782C8E71318021AB8FB7677D103FFFFFFFFFFFBFFFF000006161EA842BFEC4095D337
1353BF2C4E2C82C94C1310361AB3747657CF03FFFFFFFFFFFBFFFF000001161EA842BFEC4095D34F
134E942C475E82C9BF130B5E1AAFD976B7D203FFFFFFFFFFFBFFFF000005161EA842BFEB4095D367
1346A52C3CAE82CA271302E01AA98E7687D6071FFFFFFFFFFBFFFF000005161EA842BFEB4095C37F
133F972C337B82CA8712FC901AA4F37637CE5BCFFFFFFFFFFBFFFF000003161EA842BFEB4095D397
132C482C1AB382CAE712EADD1A985A7607C9AA9FFFFFFFFFFBEFFF000003161EA842BFEA4095C3AF
131DA42C090182CB4412DC0A1A8E407617C703FFFFFFFFFFFBEFFF000002161EA842BFEA4095D3C7
1317872C016582CBA512D59A1A89DF75A7C6045FFFFFFFFFFBDFFF000006161EA842BFEA4095C3DF
130B762BF2EF82CC1012C97D1A81BD7537C0674FFFFFFFFFFBDFFF000003161EA842BFE94095C3F7
1307062BEDC282CC7A12C4EA1A7EB37537C1753FFFFFFFFFFBDFFF000006161EA842BFE94095D30F
1304862BEB2382CCE712C2691A7D387577C303FFFFFFFFFFFBDFFF000006161EA842BFE94095D327
1300402BE76682CD4C12BE751A7B507567C103FFFFFFFFFFFBCFFF000003161EA842BFE94095D33F
12FD592BE54782CDA412BB931A7A0A7567BF03FFFFFFFFFFFBCFFF000005161EA842BFE84095C357
12FA262BE32882CDFF12B8101A78C47597BD046FFFFFFFFFFBBFFF000003161EA842BFE84095D36F
12F5982BE0EB82CE6912B36C1A778775A7C369FFFFFFFFFFFBAFFF000004161EA842BFE84095D387
12F7D22BE8BB82CED212B5E61A7BCE7577C47AEFFFFFFFFFFB9FFF000005161EA842BFE74095D39F
1302DB2BFDA682CF2F12C19A1A876075E7C503FFFFFFFFFFFB8FFF000006161EA842BFE74095D3B7
130E4A2C128782CF9412CCAD1A93007657CB03FFFFFFFFFFFB4FFF000006161EA842BFE74095D3CF
1317F42C240682D00312D6FE1A9D667757DC03FFFFFFFFFFFB0FFF000003161EA842BFE64095D3E7
131CDA2C2C9382D06012DADE1AA16478E7F00A2FFFFFFFFFFADFFF000004161EA842BFE64095C3FF
131EAF2C2FFF82D0B512DC3C1AA2FA7A78035B5FFFFFFFFFFABFFF000006161EA842BFE64095D317
1321562C34A682D11612DF331AA5C77B381203BFFFFFFFFFFAAFFF000006161EA842BFE54095D32F
1324A72C3AD982D17D12E2A41AA94D7BF81E03FFFFFFFFFFFA9FFF000003161EA842BFE54095D347
13284F2C429382D1E112E6341AADA47CC82A0C5FFFFFFFFFFA5FFF000006161EA842BFE54095D35F
1328852C44E282D24712E5CB1AAE8B7D88332F4FFFFFFFFFFA3FFF000003161EA842BFE54095D377
13259D2C41DE82D2A812E2451AAC8F7E483C03FFFFFFFFFFFA2FFF000003161EA742BFE44095D38F
1321312C3D0382D30212DDE91AA9E97EE84503FFFFFFFFFFF9FFFF000003161EA742BFE44095D3A7
1318BE2C328982D36112D49B1AA3977F184A041FFFFFFFFFF99FFF000006161EA742BFE44095D3BF
1310D62C28F382D3C512CD961A9EBD7F584EAF7FFFFFFFFFF92FFF000003161EA742BFE34095D3D7
130C8F2C255C82D42A12C9EB1A9D347F984E03FFFFFFFFFFF8AFFF000004161EA742BFE34095D3EF
130AE12C26ED82D48712C8241A9E167FD85603FFFFFFFFFFF72FFF000006161EA742BFE34095D307
1305AD2C245B82D4EF12C2461A9C3580185C03FFFFFFFFFFF63FFF000006161EA742BFE24095D31F
12FF0D2C1CE882D55112BC051A980381D86D03FFFFFFFFFFF51FFF000004161EA742BFE24095D337
12FD052C1A9E82D5A512BA741A96F78338860E0FFFFFFFFFF48FFF000007161EA742BFE24095D34F
12F8F42C159482D60C12B6431A942B83889306EFFFFFFFFFF46FFF000006161EA742BFE14095D367
12F34F2C0F1982D67212B09C1A908B84489A03FFFFFFFFFFF3EFFF000006161EA742BFE14095D37F
12F1352C0D7282D6C612AEF41A8FF384C89E03FFFFFFFFFFF3AFFF000007161EA742BFE14095D397
12EF0C2C0B8082D72E12ACE61A8ED08568A7454FFFFFFFFFF3DFFF000007161EA742BFE04095D3AF
12EE572C0B4782D79912AC961A8F138658B6422FFFFFFFFFF3EFFF000003161EA742BFE04095D3C7
12ECC02C0A3582D7F112AA371A8DD58728C403FFFFFFFFFFF3DFFF000006161EA742BFE04095D3DF
12E5D82C006082D85212A22E1A87988818D103FFFFFFFFFFF40FFF000003161EA742BFE04095D3F7
12D2312BE44782D8C0128E051A77B188A8DA03FFFFFFFFFFF40FFF000005161EA742BFDF4095D30F
12C6582BD38F82D9271284411A6FB58828DB03FFFFFFFFFFF45FFF000007161EA742BFDF4095D327
12BF942BC9B982D988127D561A6A2B86D8CD03FFFFFFFFFFF48FFF000007161EA742BFDF4095D33F
12B6F52BBDA882D9EE1274FC1A63A38598B903FFFFFFFFFFF4BFFF000007161EA742BFDE4095D357
12B3702BB8D582DA4E1272251A616784D8AA03FFFFFFFFFFF50FFF000002161EA742BFDE4095D36F
12B0FA2BB58B82DAAD126FAC1A5F9483E89F03FFFFFFFFFFF52FFF000007161EA742BFDE4095D387
12AC1A2BAF6982DB17126AB51A5C228398976FFFFFFFFFFFF55FFF000007161EA742BFDD4095D39F
12A9032BAC1882DB811267FA1A5A8C83989203AFFFFFFFFFF58FFF000007161EA742BFDD4095D3B7
12A3232BA4B482DBD71261E01A563F83B88F03FFFFFFFFFFF5AFFF000005161EA642BFDD4095D3CF
129F9F2BA0BC82DC36125E7A1A542183B89503FFFFFFFFFFF5DFFF000005161EA642BFDC4095D3E7
129D482B9FBC82DCAD125C791A53CB83E89A03FFFFFFFFFFF5FFFF000007161EA642BFDC4095D3FF
129B4D2B9ECF82DD0B125A181A52F884A8A103FFFFFFFFFFF63FFF000004161EA642BFDC4095D317
12981F2B9B7782DD5312575E1A51628628B003FFFFFFFFFFF6CFFF000006161EA642BFDB4095D32F
1294FB2B9A9C82DDB51254511A511A8798C503FFFFFFFFFFF6FFFF000007161EA642BFDB4095D347
1297B12BA1A182DE2812570E1A54D68888D703FFFFFFFFFFF6EFFF000007161EA642BFDB4095D35F
1296E82BA2A882DE941255BB1A552C8A88ED160FFFFFFFFFF70FFF000004161EA642BFDB4095D377
1290482B9B7782DEFC124EFC1A51048C89074EDFFFFFFFFFF75FFF000006161EA642BFDA4095D38F
128C612B961B82DF54124B731A4E2B8E292303FFFFFFFFFFF7CFFF000004161EA642BFDA4095D3A7
12876C2B8EFA82DFA21246941A4A498F493603FFFFFFFFFFF80FFF000007161EA642BFDA4095D3BF
1281BD2B873182E00A1240C51A45FC8FC94103FFFFFFFFFFF81FFF000007161EA642BFD94095D3D7
127CA22B801082E079123BBD1A42138FD94503FFFFFFFFFFF82FFF000007161EA642BFD94095D3EF
12740C2B741782E0E21232F91A3B5A8FE94703FFFFFFFFFFF83FFF000004161EA642BFD94095D307
12652A2B5F6882E1441222E21A2F308FF94B03FFFFFFFFFFF87FFF000007161EA642BFD84095D31F
1253F32B48C482E1A212134E1A23AF90395003FFFFFFFFFFF8BFFF000006161EA642BFD84095D337
124D9E2B416182E1FC120DCB1A1FEB90D95303FFFFFFFFFFF8DFFF000004161EA642BFD84095D34F
124D1C2B40C882E25A120D471A1F97913959305FFFFFFFFFF8FFFF000004161EA642BFD74095D367
124CB82B411082E2C9120CCC1A1FB491D96210AFFFFFFFFFF8FFFF000006161EA642BFD74095D37F
1247102B3A9A82E3361206691A1BB992196A048FFFFFFFFFF90FFF000006161EA642BFD74095D397
123D122B2E8B82E38511FD181A155B92997004EFFFFFFFFFF95FFF000005161EA642BFD64095D3AF
1237DE2B28FD82E3DE11F8641A129492E978046FFFFFFFFFF97FFF000004161EA642BFD64095D3C7
12372F2B284E82E45011F79A1A122593998004EFFFFFFFFFF97FFF000006161EA542BFD64095D3DF
1235E82B271682E4BB11F6161A115E93F98803FFFFFFFFFFF97FFF000004161EA542BFD64095D3F7
1234702B27E882E51F11F4E21A120B94498C03FFFFFFFFFFF98FFF000007161EA542BFD54095D30F
1232CD2B289782E58211F31E1A124A94F99203FFFFFFFFFFF9BFFF000002161EA542BFD54095D327
12307F2B273882E5EB11F0EC1A11889609A003FFFFFFFFFFF9DFFF000007161EA542BFD54095D33F
122FCA2B277D82E64F11F05F1A11C09709B03D4FFFFFFFFFF9DFFF000004161EA542BFD44095D357
122E652B278C82E6B711EED71A11BA97D9C003FFFFFFFFFFF9DFFF000007161EA542BFD44095D36F
122BB62B256782E72D11EC3B1A109398C9CF03FFFFFFFFFFF9DFFF000004161EA542BFD44095D387
1228852B235B82E79911E91F1A0F7E9A19DE03FFFFFFFFFFF9DFFF000006161EA542BFD34095D39F
1227782B247E82E7EB11E81C1A10119B59EE03FFFFFFFFFFFA0FFF000005161EA542BFD34095D3B7
1225F92B23BA82E85311E6971A0F9F9C69FD03FFFFFFFFFFFA2FFF000006161EA542BFD34095D3CF
1225762B236982E8C611E6021A0F6C9D7A0E03FFFFFFFFFFF9FFFF000004161EA542BFD24095D3E7
12225D2B208A82E91C11E3151A0DE59EAA1F03FFFFFFFFFFF9EFFF000007161EA542BFD24095D3FF
1221092B1F2282E97311E1CF1A0D239FBA3103FFFFFFFFFFFA0FFF000005161EA542BFD24095D317
121FB62B1DB982E9DB11E07B1A0C5CA09A3E264FFFFFFFFFFA0FFF000004161EA542BFD14095D32F
121F0D2B1D1482EA3A11DFD01A0C00A12A472A0FFFFFFFFFFA0FFF000007161EA542BFD14095D347
121BF52B19E782EAA511DC801A0A29A17A4D03FFFFFFFFFFFA0FFF000002161EA542BFD14095D35F
1213182B105282EB1711D38F1A04DCA1AA52042FFFFFFFFFFA0FFF000007161EA542BFD04095D377
12062F2B01E882EB7111C69719FCD9A20A582E5FFFFFFFFFFA4FFF000007161EA542BFD04095D38F
11FBBD2AF5F882EBC811BCA819F672A31A66845FFFFFFFFFFA6FFF000007161EA542BFD04095F3A7
11F5442AEEE182EC2911B65519F297A47A7603FFFFFFFFFFFA9FFF000007161EA542BFCF4095D3BF
11F3692AED6B82EC8A11B49E19F1D4A54A8403FFFFFFFFFFFAAFFF000007161EA442BFCF4095D3D7
11EEFF2AE81A82ECF011B05C19EEF5A5AA8D03FFFFFFFFFFFACFFF000004161EA442BFCF4095D3EF
11E7172ADE3D82ED5D11A83C19E97CA5AA9103FFFFFFFFFFFACFFF000004161EA442BFCE4095D307
11DC502AD09282EDBF119E0A19E22EA5FA94147FFFFFFFFFFADFFF000007161EA442BFCE4095D31F
11D7132AC9F582EE1C11987F19DE56A68A9A03DFFFFFFFFFFAFFFF000003161EA442BFCE4095D337
11D3A62AC5C382EE8111954919DC16A6BAA003FFFFFFFFFFFB0FFF000006161EA442BFCD4095D34F
11D1412AC2A582EEDD1192F719DA71A6DAA303FFFFFFFFFFFB0FFF000003161EA442BFCD4095D367
11CBAE2ABBE882EF39118D0F19D690A70AA663DFFFFFFFFFFB2FFF000007161EA442BFCD4095D37F
11C6D12AB65182EFA411888A19D398A72AA61DFFFFFFFFFFFB4FFF000008161EA442BFCC4095D397
11C1032AAED782F00D1181F319CEFAA6FAA703FFFFFFFFFFFB6FFF000004161EA442BFCC4095F3AF
11B85A2AA42682F06F1179D519C969A6DAA603FFFFFFFFFFFB8FFF000005161EA442BFCC4095D3C7
11B2542A9CAA82F0D611741919C570A6CAA5040FFFFFFFFFFB8FFF000005161EA442BFCC4095F3DF
11AE362A978D82F13A11706A19C2D3A6DAA5051FFFFFFFFFFB8FFF000008161EA442BFCB4095F3F7
11AC872A952982F191116EA119C16BA72AA60CAFFFFFFFFFFB9FFF000004161EA442BFCB4095D30F
11A9F12A91A682F1E5116C1819BF82A74AA8055FFFFFFFFFFBAFFF000008161EA442BFCA4095D327
11A7392A8E1A82F24D11697119BD9DA75AA904AFFFFFFFFFFB8FFF000008161EA442BFCA4095F33F
11A5A12A8C3482F2C61167F219BC9DA76AA7045FFFFFFFFFFB8FFF000005161EA442BFCA4095F357
11A1C92A87B982F33011639019B9D5A74AA7519FFFFFFFFFFBAFFF000008161EA442BFCA4095F36F
119CD02A816E82F382115EE719B67BA72AA703FFFFFFFFFFFBBFFF000005161EA442BFC94095D387
11994C2A7D0182F3D7115B9B19B42BA6FAA503FFFFFFFFFFFBBFFF000007161EA442BFC94095D39F
11963A2A78EB82F4451158AA19B207A6CAA303FFFFFFFFFFFBDFFF000008161EA342BFC94095F3B7
1192952A742282F4B11154EC19AF52A69AA103FFFFFFFFFFFBDFFF000008161EA342BFC84095F3CF
118FDC2A70A382F50311525F19AD72A69AA103FFFFFFFFFFFBEFFF000004161EA342BFC84095D3E7
118E252A6E6382F5531150B819AC3DA6BAA103FFFFFFFFFFFBFFFF000005161EA342BFC84095F3FF
118CFA2A6CD482F5B6114F8A19AB62A6AA9F03FFFFFFFFFFFBFFFF000008161EA342BFC74095F317
118B9B2A6B0482F61F114E3719AA6BA6DA9D03FFFFFFFFFFFBFFFF000008161EA342BFC74095F32F
1189972A683C82F683114C0219A8C9A6CA9D219FFFFFFFFFFBEFFF000008161EA342BFC74095F347
11841C2A60CE82F6E111463919A484A6CA9D266FFFFFFFFFFBEFFF000008161EA342BFC64095F35F
117CCB2A576582F739113F74199F99A6DA9E03FFFFFFFFFFFBFFFF000005161EA342BFC64095F377
117BD02A561782F78C113EBC199F01A6CA9E03FFFFFFFFFFFC1FFF000006161EA342BFC64095D38F
117B572A556582F7EC113E3C199E9EA6CA9E040FFFFFFFFFFC2FFF000007161EA342BFC54095F3A7
1173DD2A4AD282F85711364F1998B8A6BA9E041FFFFFFFFFFC2FFF000008161EA342BFC54095F3BF
1166BB2A39A882F8B41129A5198F60A6DA9F043FFFFFFFFFFC2FFF000003161EA342BFC54095F3D7
115E302A2E2C82F9091120EE1988E9A6EAA1049FFFFFFFFFFC4FFF000008161EA342BFC44095F3EF
11573E2A24EB82F969111A65198408A71AA204BFFFFFFFFFFC4FFF000008161EA342BFC44095F307
1152782A1E2282F9D811159A198051A74AA3054FFFFFFFFFFC4FFF000003161EA342BFC44095F31F
114B2F2A145482FA44110E94197B06A77AA62F9FFFFFFFFFFC5FFF000008161EA342BFC34095F337
1149082A115382FAAE110C8A197963A78AA903BFFFFFFFFFFC5FFF000008161EA342BFC34095F34F
1147FA2A0FC182FB18110B74197882A79AAA03FFFFFFFFFFFC5FFF000005161EA342BFC34095F367
1143B02A098E82FB891106FF197518A7BAAB03FFFFFFFFFFFC5FFF000005161EA342BFC24095F37F
1136AA29F7FA82FBF810FA40196B86A7DAAE7A8FFFFFFFFFFC7FFF000008161EA342BFC24095F397
1130FC29F01682FC7310F4B6196734A83AB2242FFFFFFFFFFC8FFF000008161EA242BFC24095F3AF
112A2929E6AC82FCF610EE0219620EA88AB603FFFFFFFFFFFC8FFF000007161EA242BFC24095F3C7
11241829DE0A82FD6310E7CF195D43A88AB903FFFFFFFFFFFC8FFF000003161EA242BFC14095F3DF
111F7D29D7A982FDC210E35B1959C8A8CABB03FFFFFFFFFFFC8FFF000008161EA242BFC14095F3F7
111AE729D16982FE3010DEE019566BA91ABF052FFFFFFFFFFC8FFF000008161EA242BFC14095F30F
11182629CD9482FEA110DC2C19544EA95AC5105FFFFFFFFFFC7FFF000008161EA242BFC04095F327
11161629CA9E82FF1610DA451952CAA97AC8040FFFFFFFFFFC9FFF000005161EA242BFC04095F33F
11139729C73C82FF8E10D7C41950E6A99AC9056FFFFFFFFFFC8FFF000008161EA242BFC04095F357
1111F129C4F883000210D61C194FA4A9DACC045FFFFFFFFFFC8FFF000008161EA242BFBF4095F36F
11103829C28983006910D458194E40AA2ACE724FFFFFFFFFFC9FFF000005161EA242BFBF4095F387
110F6029C14F8300C910D3A4194DAAAA1ACF03FFFFFFFFFFFC9FFF000008161EA242BFBF4095F39F
110EED29C0A083013610D32E194D4CAA0ACF03FFFFFFFFFFFC8FFF000003161EA242BFBE4095F3B7
110D3D29BE3C8301AC10D16F194BEFAA1AD003FFFFFFFFFFFC8FFF000008161EA242BFBE4095F3CF
110B1329BB2E83020C10CF3A194A38AA2AD003FFFFFFFFFFFC9FFF000005161EA242BFBE4095F3E7
11084429B73F83026910CC561947FCAA2AD103FFFFFFFFFFFCAFFF000009161EA242BFBD4095F3FF
11050729B2F18302D610C9501945C2AA4AD403FFFFFFFFFFFCAFFF000005161EA242BFBD4095F317
11030B29B04F83034D10C76D19445FAA4AD603FFFFFFFFFFFC9FFF000008161EA242BFBD4095F32F
1100B229AD0F8303BD10C512194295AA1AD303FFFFFFFFFFFC9FFF000005161EA242BFBC4095F347
10FE4029A99783042310C27B19408DA9EACF30AFFFFFFFFFFC8FFF000008161EA242BFBC4095F35F
10F9E729A36783048410BDCA193CE7A9BACE361FFFFFFFFFFCAFFF000009161EA242BFBC4095F377
10F401299B5E8304EC10B8821938E3A9DACD049FFFFFFFFFFC8FFF000009161EA242BFBB4096038F
10F354299A5B83055310B7DE193858AA0ACD04BFFFFFFFFFFC8FFF000009161EA142BFBB4095F3A7
10F15529976B8305B910B59D193696AA3ACF04AFFFFFFFFFFC9FFF000009161EA142BFBB409613BF
10EB23298ED183062710AF711931DCAA0ACD052FFFFFFFFFFC8FFF000009161EA142BFBA4095F3D7
10E7832989B883069C10AC37192F48A9DACB04BFFFFFFFFFFC9FFF000009161EA142BFBA4095F3EF
10E46929856283071310A92B192CF0A9CACB044FFFFFFFFFFC9FFF000009161EA142BFBA4095F307
10E0BE29802883078710A57F192A10A9FACD043FFFFFFFFFFC9FFF000003161EA142BFBA4096131F
10DBDD2979108307F110A09619262EAA3AD103FFFFFFFFFFFCAFFF000009161EA142BFB940960337
10D243296B7E830863109712191ECBAA9AD637BFFFFFFFFFFCAFFF000009161EA142BFB94096034F
10CACF2961078308F0108FE0191914AADAD903BFFFFFFFFFFCAFFF000004161EA142BFB940960367
10C901295E4A830970108E311917A7AAFADD03FFFFFFFFFFFCAFFF000008161EA142BFB84095F37F
10C40B2956E18309DE1088AC191349AB3ADE03FFFFFFFFFFFCAFFF000009161EA142BFB840960397
10BAA42949D6830A53107FC1190C63AB1ADE7CFFFFFFFFFFFCAFFF000005161EA142BFB8409603AF
10B39D293F9B830ABC1078921906AAAB2ADF25EFFFFFFFFFFCAFFF000004161EA142BFB7409603C7
10AB442933BF830B251070A5190059AB1ADF03FFFFFFFFFFFCAFFF000009161EA142BFB7409603DF
10A93B2930B1830BA2106EB618FEB6AB2AE003FFFFFFFFFFFCAFFF000009161EA142BFB74095F3F7
10A5D4292BBD830C0E106B6918FC0CAB7AE2040FFFFFFFFFFCAFFF000006161EA142BFB64096130F
10A3D42928D7830C6D10697E18FA7FABBAE5059FFFFFFFFFFCBFFF000009161EA142BFB640961327
10A2BE292740830CE410686118F99AABDAE90C8FFFFFFFFFFCBFFF000009161EA142BFB64096133F
10A238292670830D631067DA18F922ABFAEB03FFFFFFFFFFFCAFFF000006161EA142BFB540960357
10A1212924BF830DD31066A018F828AC1AED03FFFFFFFFFFFC9FFF000009161EA142BFB54096036F
109F4D292221830E341064F518F6C9AC3AEF046FFFFFFFFFFCAFFF000006161EA142BFB540960387
109EEE292191830E931064A418F681AC7AF174EFFFFFFFFFFCAFFF000007161EA042BFB54096039F
109E752920DA830F0510642718F61DAC6AF3043FFFFFFFFFFCAFFF000007161EA042BFB4409613B7
109DF329201A830F8C1063D818F5E0AC9AF403FFFFFFFFFFFC9FFF000007161EA042BFB4409603CF
109C8C291E15830FFA10624918F49DAC9AF403FFFFFFFFFFFC9FFF000007161EA042BFB4409613E7
109B56291C478310541060E518F381AC9AF403FFFFFFFFFFFCAFFF000009161EA042BFB3409613FF
10987829182B8310BE105E2B18F157ACAAF503FFFFFFFFFFFCAFFF000009161EA042BFB340961317
10977C2916BA831136105D4418F099ACDAF603FFFFFFFFFFFCAFFF000009161EA042BFB34096132F
1094222911E08311A91059EA18EDF7ACEAF8040FFFFFFFFFFCAFFF000006161EA042BFB240961347
109030290C4783121910560C18EAEAACFAF903FFFFFFFFFFFC9FFF000009161EA042BFB24096035F
108B1B2904BB8312851050E018E6C0AD0AFA03FFFFFFFFFFFC9FFF000009161EA042BFB240960377
10847828FB628312EA104A7E18E1B9AD3AFC03FFFFFFFFFFFCAFFF000006161EA042BFB14096138F
10819828F71B8313561047A518DF62AD9B006A3FFFFFFFFFFCAFFF000007161EA042BFB1409613A7
107FF828F4BA8313D010461218DE1AADEB07048FFFFFFFFFFCAFFF000004161EA042BFB1409613BF
107DE328F1A38314461043EF18DC5FAE4B0B056FFFFFFFFFFCAFFF000009161EA042BFB1409613D7
107C4E28EF628314AD10426818DB23AE8B0E044FFFFFFFFFFCBFFF000009161EA042BFB0409603EF
107BE928EECD83151610420718DAD4AE7B1004AFFFFFFFFFFC9FFF000009161EA042BFB040961307
107ACD28ECF88315821040BF18D9C6AE7B1304BFFFFFFFFFFC9FFF00000A161EA042BFB04096131F
10731728E20C8315EE10394218D3E0AE9B15053FFFFFFFFFFC9FFF000006161E9F42BFAF40961337
10703A28DDDB83166110367118D1A0AECB1605BFFFFFFFFFFC9FFF00000A161E9F42BFAF4096134F
106D3428D9828316D910339918CF50AECB17040FFFFFFFFFFC9FFF000007161E9F42BFAF40961367
106C6D28D8568317491032CC18CEA5AEFB1903FFFFFFFFFFFC9FFF000009161E9F42BFAE4096137F
106B7C28D6D38317B01031CA18CDCBAF2B1B03FFFFFFFFFFFC9FFF00000A161E9F42BFAE40961397
10696928D3D4831818102FB518CC18AF5B1C6E8FFFFFFFFFFCAFFF000007161E9F42BFAE409613AF
1067EE28D1A1831881102E4618CAEEAF5B1E03FFFFFFFFFFFC9FFF000008161E9F42BFAD409613C7
10671428D0698318F2102D7F18CA4EAF6B1E03FFFFFFFFFFFC9FFF000006161E9F42BFAD409613DF
10664A28CF3E83196A102CA618C9A3AF8B1F03FFFFFFFFFFFCAFFF00000A161E9F42BFAD409613F7
1062B628C9FE8319E010291818C6CDAF9B2003FFFFFFFFFFFCBFFF000009161E9F42BFAD4096130F
105FEC28C608831A4310261118C46CAFBB2103FFFFFFFFFFFCAFFF000007161E9F42BFAC40961327
105C6C28C0E5831AAB1022D818C1CCAFEB2303FFFFFFFFFFFC9FFF00000A161E9F42BFAC4096133F
1057A228B9E1831B27101E5518BE31B00B26040FFFFFFFFFFC9FFF00000A161E9F42BFAC40961357
10547B28B535831B92101AEC18BB5CB01B27040FFFFFFFFFFCAFFF000004161E9F42BFAB4096136F
10504828AEF9831BEF10167518B7CAB02B2A257FFFFFFFFFFC9FFF00000A161E9F42BFAB40961387
104BD228A869831C6610127418B490B04B2B2CAFFFFFFFFFFC9FFF00000A161E9F42BFAB4096139F
10435C289C48831CDD100A5218AE0CB05B2D03FFFFFFFFFFFCAFFF00000A161E9F42BFAA409613B7
104138289917831D4710081118AC2CB09B2F03FFFFFFFFFFFC9FFF000006161E9E42BFAA409613CF
103EAB28954F831DBA10059D18AA2EB09B2F04AFFFFFFFFFFCAFFF00000A161E9E42BFAA409613E7
103CE72892A8831E2D1003E218A8BAB0BB3104DFFFFFFFFFFCAFFF000007161E9E42BFA9409613FF
103C3B28919F831E8810033B18A829B0DB32042FFFFFFFFFFCAFFF000006161E9E42BFA940961317
103BC62890EA831EEB1002C618A7C6B0DB3103FFFFFFFFFFFC9FFF00000A161E9E42BFA94096132F
103A95288F28831F6B10019A18A6D1B0CB33047FFFFFFFFFFC9FFF000009161E9E42BFA840961347
103A18288E71831FE610011A18A669B0FB3404DFFFFFFFFFFC9FFF000007161E9E42BFA84096135F
10396E288D7783204E10007618A5E4B0FB350F9FFFFFFFFFFC9FFF00000A161E9E42BFA840961377
1037C0288AF48320B60FFEAD18A478B0FB3403EFFFFFFFFFFC9FFF00000A161E9E42BFA84096138F
1033C72885298321200FFAB418A148B11B35042FFFFFFFFFFC9FFF000006161E9E42BFA7409613A7
10311428814283218C0FF81D189F35B14B3604EFFFFFFFFFFC9FFF000009161E9E42BFA7409613BF
102E9D287DA88321FF0FF5CC189D53B14B3756CFFFFFFFFFFC9FFF00000A161E9E42BFA7409613D7
102C2C287A058322720FF351189B4CB16B391DFFFFFFFFFFFCAFFF000006161E9E42BFA6409613EF
10299F28762B8322D50FF09218990BB18B3C04AFFFFFFFFFFC9FFF000006161E9E42BFA640961307
1027242872808323380FEE44189729B18B3E04DFFFFFFFFFFCAFFF00000A161E9E42BFA64096131F
1023DA286D9B8323A60FEB15189487B18B3F047FFFFFFFFFFC9FFF00000A161E9E42BFA540961337
10227D286B8783241A0FE9CF18936FB19B3F03FFFFFFFFFFFCAFFF000006161E9E42BFA54096134F
10209E2868B583248D0FE7DE1891DDB1BB41043FFFFFFFFFFCAFFF00000A161E9D42BFA540961367
101C1E2862358324F20FE324188E28B1CB4204EFFFFFFFFFFC9FFF00000A161E9D42BFA44096137F
1018DB285DA28325580FE02A188BD0B1CB4304AFFFFFFFFFFC9FFF000006161E9D42BFA440961397
1015632858718325C70FDCC5188905B1EB4503FFFFFFFFFFFC9FFF00000A161E9D42BFA4409613AF
10104D2851008326390FD7CB188502B1FB463DFFFFFFFFFFFC9FFF000006161E9D42BFA3409613C7
100E38284DDE8326A40FD5AA18833DB20B48049FFFFFFFFFFC9FFF000006161E9D42BFA3409613DF
100C49284B028327040FD3BE1881A6B21B4804DFFFFFFFFFFC9FFF000006161E9D42BFA3409613F7
100AE42848E483276F0FD27F18809AB24B48047FFFFFFFFFFC8FFF00000A161E9D42BFA34096130F
1008512845148327E70FCFF2187E80B25B49928FFFFFFFFFFCAFFF000006161E9D42BFA240961327
1005FB28418B8328530FCD9B187C96B25B4903AFFFFFFFFFFCAFFF00000A161E9D42BFA24096133F
1001E8283B768328BF0FC97118793CB25B4B04DFFFFFFFFFFC9FFF00000A161E9D42BFA240961357
0FFF1428375683292F0FC6DC18770FB27B4E04CFFFFFFFFFFCAFFF000005161E9D42BFA14096136F
0FFE212835D283299B0FC5EC187642B28B4F03FFFFFFFFFFFCAFFF000008161E9D42BFA140961387
0FFD4F283489832A070FC511187583B29B4F09EFFFFFFFFFFCAFFF00000A161E9D42BFA14096139F
0FFC0F28329C832A720FC3D0187474B2BB4F0D4FFFFFFFFFFC9FFF00000A161E9D42BFA0409613B7
0FFAD22830AF832AE00FC27D187361B2DB4F04BFFFFFFFFFFC9FFF000009161E9D42BFA0409613CF
0FF5E8282973832B460FBD4E186F42B2FB50041FFFFFFFFFFC9FFF000006161E9C42BFA0409613E7
0FF1DA28239B832BAE0FB9B4186C4BB2FB501B2FFFFFFFFFFC8FFF00000A161E9C42BF9F409613FF
0FF04428212B832C250FB836186B09B2FB526ADFFFFFFFFFFC8FFF00000B161E9C42BF9F40961317
0FEDF1281DC6832C9E0FB5EA186929B31B5403FFFFFFFFFFFC9FFF000009161E9C42BF9F4096132F
0FED90281D31832D080FB59A1868E0B33B5603FFFFFFFFFFFC9FFF000008161E9C42BF9F40961347
0FEC3C281B1A832D6E0FB41F1867AFB34B5803FFFFFFFFFFFCBFFF000008161E9C42BF9E4096135F
0FE6E028133C832DDA0FAEF818637DB36B5903FFFFFFFFFFFCAFFF00000A161E9C42BF9E40961377
0FE3D2280E9A832E480FABE71860F6B38B5903FFFFFFFFFFFCAFFF00000B161E9C42BF9E4096138F
0FE183280B2A832EB50FA9B3185F1BB3AB5A03FFFFFFFFFFFC9FFF00000B161E9C42BF9D409613A7
0FE08D2809B5832F220FA8C8185E56B3DB5C03FFFFFFFFFFFC9FFF000007161E9C42BF9D409613BF
0FDDF52805D5832F8E0FA67C185C77B3EB5F03FFFFFFFFFFFC9FFF000007161E9C42BF9D409613D7
0FDB462801EB8330040FA37A185A0AB3EB614EEFFFFFFFFFFC9FFF00000B161E9C42BF9C409613EF
0FDAC028012483307A0FA3341859C8B3FB631D9FFFFFFFFFFC9FFF00000B161E9C42BF9C40961307
0FD9D127FFA98330E20FA1EF1858C2B42B6504EFFFFFFFFFFCAFFF00000B161E9C42BF9C4096131F
0FD8FE27FE708331360FA15F18583FB43B6704CFFFFFFFFFFCAFFF00000B161E9C42BF9C40961337
0FD5B827F98C8331970F9DD4185567B44B6703FFFFFFFFFFFCAFFF000008161E9C42BF9B4096134F
0FD44027F7718332080F9CA0185464B45B6803FFFFFFFFFFFC8FFF00000A161E9B42BF9B40961367
0FD3E327F6DC8332740F9C4C18541CB45B6804DFFFFFFFFFFC8FFF00000B161E9B42BF9B4096137F
0FD37827F63C8332DE0F9BCF1853B3B46B6904DFFFFFFFFFFCAFFF00000B161E9B42BF9A40961397
0FD25227F4798333490F9ABD1852D1B46B68046FFFFFFFFFFCAFFF00000A161E9B42BF9A409613AF
0FD16D27F31D8333AB0F99C61851FEB46B6803FFFFFFFFFFFCAFFF000008161E9B42BF9A409613C7
0FCF1B27EF9C8333FF0F9729184FDAB46B6803FFFFFFFFFFFCAFFF00000B161E9B42BF99409613DF
0FCC7727EBBC8334540F94D2184DF7B47B6903FFFFFFFFFFFC9FFF00000B161E9B42BF99409613F7
0FCBF927EB028334BD0F947A184DABB49B6903FFFFFFFFFFFC9FFF000007161E9B42BF994096130F
0FCACB27E94183353A0F9304184C7BB49B6A03FFFFFFFFFFFC9FFF00000A161E9B42BF9940961327
0FC97D27E7548335B10F9206184BACB49B6B197FFFFFFFFFFC9FFF00000B161E9B42BF984096133F
0FC81227E52383361F0F9099184A7EB4AB6BBB5FFFFFFFFFFC9FFF000006161E9B42BF9840961357
0FC36C27DE1F83368B0F8C131846CCB4BB6B2BEFFFFFFFFFFC9FFF00000B161E9B42BF984096136F
0FBE8327D6D18336ED0F86F0184293B4DB6B03FFFFFFFFFFFC9FFF00000B161E9B42BF9740961387
0FBC1327D3278337580F84BA1840B5B4DB6B03FFFFFFFFFFFC9FFF00000B161E9B42BF974096139F
0FB88D27CDF98337CB0F8127183DD8B4BB6B03FFFFFFFFFFFC9FFF000007161E9B42BF97409613B7
0FB5AD27C9B283383E0F7E7A183B9AB4AB6C090FFFFFFFFFFC9FFF00000A161E9B42BF96409613CF
0FB4BB27C8288338B00F7D97183ACDB4BB6C8C9FFFFFFFFFFC8FFF00000A161E9B42BF96409613E7
0FB48127C7C48339240F7D45183A82B4BB6C252FFFFFFFFFFC9FFF000008161E9A42BF96409613FF
0FB41D27C72A8339990F7CE5183A2EB4AB6C04AFFFFFFFFFFCAFFF00000B161E9A42BF9640961317
0FB3C727C6A1833A060F7C8E1839E6B4AB6B040FFFFFFFFFFC9FFF000007161E9A42BF954096132F
0FB34527C5E3833A710F7C0B18397CB49B6C03FFFFFFFFFFFC9FFF00000B161E9A42BF9540961347
0FB28A27C4C4833AD50F7B4D1838DEB49B6C0D2FFFFFFFFFFCAFFF00000B161E9A42BF954096135F
0FB0EA27C253833B3C0F79A8183788B4AB6BA6AFFFFFFFFFFC9FFF00000B161E9A42BF9440961377
0FAE1227BE37833BB80F76F018355EB49B6C293FFFFFFFFFFC8FFF00000B161E9A42BF944096138F
0FAC8A27BBED833C220F75431833FCB4AB6C03FFFFFFFFFFFC9FFF000007161E9A42BF94409613A7
0FAB0A27B99D833C790F73DD1832CDB49B6B03FFFFFFFFFFFC9FFF00000B161E9A42BF93409613BF
0FA91A27B6BB833CE20F71FB183142B47B6A03FFFFFFFFFFFC9FFF000007161E9A42BF93409613D7
0FA86827B5AF833D320F714518309FB48B6A1CDFFFFFFFFFFCBFFF000007161E9A42BF93409613EF
0FA7A527B47A833D7C0F709218300AB49B69BD2FFFFFFFFFFCAFFF00000B161E9A42BF9240961307
0FA58D27B14F833DE90F6E81182E5BB49B6A2C7FFFFFFFFFFCAFFF00000B161E9A42BF924096131F
0FA44727AF6A833E550F6D3C182D4CB48B6A03FFFFFFFFFFFC9FFF000007161E9A42BF9240961337
0FA39327AE51833EB10F6C74182CA2B48B6B03FFFFFFFFFFFC9FFF00000C161E9A42BF924096134F
0FA1AE27AB51833F0F0F6A6F182AF3B49B6B03FFFFFFFFFFFC9FFF000006161E9A42BF9140961367
0F9DB727A559833F670F664518277AB4CB6C235FFFFFFFFFFCAFFF00000A161E9942BF914096137F
0F9AF327A138833FBA0F63CA182571B4CB6CCB0FFFFFFFFFFCAFFF00000C161E9942BF9140963397
0F95052798538340210F5E021820BDB4CB6D2F9FFFFFFFFFFC9FFF00000C161E9942BF90409613AF
0F922727940C8340900F5B55181E75B4DB6E046FFFFFFFFFFC8FFF000005161E9942BF90409633C7
0F91102792538340EB0F5A3D181D7BB4DB6E04AFFFFFFFFFFC9FFF00000A161E9942BF90409633DF
0F904127910B8341400F5973181CCEB4CB6F03FFFFFFFFFFFC9FFF000005161E9942BF90409633F7
0F8FEB27908A83419A0F5926181C8DB4DB70392FFFFFFFFFFC9FFF00000C161E9942BF8F4096330F
0F8EC6278EBB8341F40F57F1181B92B4DB70619FFFFFFFFFFC9FFF000008161E9942BF8F40963327
0F8BC9278A5C83425D0F5505181931B4FB7004EFFFFFFFFFFC9FFF00000C161E9942BF8F4096333F
0F8A252787EC8342CE0F537D1817EBB4FB71046FFFFFFFFFFC9FFF000008161E9942BF8E40961357
0F892C27865783432B0F52651816FCB4EB7103FFFFFFFFFFFC9FFF00000B161E9942BF8E4096336F
0F87642783A28343770F5079181560B4FB7103FFFFFFFFFFFC9FFF00000C161E9942BF8E40963387
0F84F22780028343CC0F4E5018139BB4EB7103FFFFFFFFFFFCAFFF00000C161E9942BF8D4096139F
0F8347277D808344370F4C9C181234B4EB7203FFFFFFFFFFFC9FFF00000C161E9942BF8D409633B7
0F8225277BCE83449F0F4B8D18114FB4EB7103FFFFFFFFFFFC9FFF00000B161E9942BF8D409633CF
0F8205277B9A8344F70F4B7B18113AB4EB7103FFFFFFFFFFFC9FFF000008161E9942BF8D409633E7
0F8202277B958345530F4B70181133B4EB71600FFFFFFFFFFCAFFF00000C161E9842BF8C409633FF
0F818C277ADD8345BC0F4B1A1810EFB4DB71465FFFFFFFFFFCAFFF00000C161E9842BF8C40963317
0F802A2778B78346140F4991180FA6B4EB7103FFFFFFFFFFFCAFFF000008161E9842BF8C4096332F
0F7DD527753983466D0F4759180DD1B4EB7103FFFFFFFFFFFC8FFF000008161E9842BF8B40963347
0F7CBE2773A08346D90F464B180CF1B4EB7103FFFFFFFFFFFC8FFF000009161E9842BF8B4096335F
0F7CA227737583474B0F4634180CDCB4FB7203FFFFFFFFFFFC9FFF00000B161E9842BF8B40963377
0F7C2F2772B98347AC0F45CA180C7FB51B72550FFFFFFFFFFC9FFF000008161E9842BF8B4096338F
0F7A02276F5E8348000F433B180A69B52B723FDFFFFFFFFFFC9FFF000004161E9842BF8A409633A7
0F76AA276A7A8348670F40361807F0B53B7304BFFFFFFFFFFC9FFF000007161E9842BF8A409633BF
0F75562768768348D60F3EE81806D5B52B7404DFFFFFFFFFFC9FFF00000C161E9842BF8A409633D7
0F74892767428349390F3E28180632B51B74043FFFFFFFFFFC9FFF000009161E9842BF89409633EF
0F741D2766988349990F3DB61805D3B52B7503FFFFFFFFFFFC9FFF00000B161E9842BF8940963307
0F73952765C38349FB0F3D34180566B52B7565DFFFFFFFFFFC9FFF00000C161E9842BF894096331F
0F71F8276351834A630F3BAF180429B53B7549CFFFFFFFFFFC9FFF00000C161E9842BF8940963337
0F6EBD275E73834ACE0F3838180156B55B755EFFFFFFFFFFFCAFFF00000C161E9842BF884096134F
0F6A442757B3834B340F33D517FDB5B57B7684EFFFFFFFFFFC9FFF00000C161E9842BF8840963367
0F64CA274F55834B950F2E3217F90EB56B7703FFFFFFFFFFFC9FFF000008161E9742BF884096337F
0F5FF3274813834BF80F299A17F52EB57B7703FFFFFFFFFFFC9FFF00000C161E9742BF8740963397
0F5E4227457A834C560F280A17F3D3B58B79689FFFFFFFFFFC9FFF000008161E9742BF87409633AF
0F5D4C274401834CBE0F273217F31BB5AB7A490FFFFFFFFFFC9FFF00000B161E9742BF87409633C7
0F5C40274265834D2F0F261E17F235B59B7B03FFFFFFFFFFFC9FFF000006161E9742BF87409633DF
0F5B9727415C834D960F258717F1AEB5AB7B03FFFFFFFFFFFC9FFF00000C161E9742BF86409633F7
0F5B452740D4834DF20F253017F161B5CB7C03FFFFFFFFFFFC9FFF000008161E9742BF864096330F
0F5ABA274003834E530F24A317F0EAB5DB7D03FFFFFFFFFFFC9FFF00000C161E9742BF8640963327
0F59ED273EC8834EB50F23D717F040B5CB7D82CFFFFFFFFFFC9FFF00000C161E9742BF854096333F
0F581B273C06834F1C0F221F17EED2B5CB7E53EFFFFFFFFFFC9FFF000009161E9742BF8540963357
0F54E9273737834F8E0F1ED317EC29B5DB7D03FFFFFFFFFFFC9FFF00000C161E9742BF854096336F
0F51FA2732DE834FF80F1C0517E9D2B5DB7F03FFFFFFFFFFFC8FFF00000C161E9742BF8540963387
0F50A52730CB8350530F1A9B17E8A1B5DB7F03FFFFFFFFFFFC7FFF000008161E9742BF844096339F
0F4FCB272F788350AD0F19C817E7EDB5EB7F03FFFFFFFFFFFC8FFF00000D161E9742BF84409633B7
0F4D8C272C038351190F17A017E61EB60B807C9FFFFFFFFFFCAFFF000009161E9742BF84409633CF
0F49FE2726958351830F13FD17E320B60B80524FFFFFFFFFFC9FFF00000C161E9742BF83409633E7
0F47C52723338351E50F11E917E158B60B8003FFFFFFFFFFFC9FFF000008161E9642BF83409633FF
0F43BF271D3183524E0F0DF417DE25B62B8203FFFFFFFFFFFC9FFF00000D161E9642BF8340963317
0F419F2719FF8352BD0F0BEB17DC64B65B8403FFFFFFFFFFFC9FFF000009161E9642BF834096332F
0F408927183C83531B0F0A9917DB43B67B850D6FFFFFFFFFFC9FFF00000B161E9642BF8240963347
0F3F442716488353740F097D17DA4FB68B868F7FFFFFFFFFFC8FFF000008161E9642BF824096335F
0F3E962715408353DC0F08E117D9CAB68B8756FFFFFFFFFFFC8FFF00000D161E9642BF8240963377
0F3E432714C28354490F089517D98BB69B8703FFFFFFFFFFFC8FFF00000B161E9642BF814096338F
0F3CF82712C68354AA0F072E17D868B6AB8803FFFFFFFFFFFCAFFF00000A161E9642BF81409633A7
0F39A6270DC983550D0F03E517D5B5B6AB8703FFFFFFFFFFFC9FFF00000C161E9642BF81409633BF
0F3760270A688355810F01C417D3F2B6AB880C6FFFFFFFFFFC8FFF000009161E9642BF81409633D7
0F352F2706FC8355E00EFF6817D1F7B6BB899ECFFFFFFFFFFC8FFF00000D161E9642BF80409633EF
0F33C72704E78356310EFE2A17D0E9B6DB8B5F0FFFFFFFFFFC9FFF000009161E9642BF8040963307
0F32B92703448356A30EFD2917D00BB6FB8D03FFFFFFFFFFFC9FFF00000C161E9642BF804096331F
0F31192700C583571B0EFB9517CEBAB71B8E03FFFFFFFFFFFC9FFF00000D161E9642BF8040963337
0F304026FF798357690EFAB917CDFBB72B8F03FFFFFFFFFFFC8FFF00000D161E9642BF7F4096334F
0F2F4B26FDFC8357C10EF9C017CD32B72B90186FFFFFFFFFFC8FFF000008161E9642BF7F40965367
0F2CFF26FA8A8358300EF79117CB69B71B916A4FFFFFFFFFFC9FFF000009161E9542BF7F4096337F
0F287F26F3A48358960EF31517C7AFB72B9203FFFFFFFFFFFC8FFF000005161E9542BF7E40963397
0F261A26F00E8358FC0EF0C017C5B5B74B9303FFFFFFFFFFFC8FFF00000D161E9542BF7E409633AF
0F23A526EC4B83596E0EEE6917C3C0B76B9303FFFFFFFFFFFC9FFF00000D161E9542BF7E409633C7
0F22D726EB028359CC0EED8B17C2F7B77B9503FFFFFFFFFFFC9FFF00000D161E9542BF7E409633DF
0F227326EA5D835A180EED2717C29DB78B9603FFFFFFFFFFFC9FFF00000C161E9542BF7D409633F7
0F21F426E998835A870EECA217C233B78B96210FFFFFFFFFFC9FFF000009161E9542BF7D4096330F
0F215F26E8AF835AFA0EEC0D17C1ACB78B962D0FFFFFFFFFFCAFFF000009161E9542BF7D40963327
0F212B26E85D835B4B0EEBE217C185B78B9603FFFFFFFFFFFCAFFF00000D161E9542BF7C4096333F
0F208B26E76C835BA90EEB3917C0FCB78B9603FFFFFFFFFFFCAFFF000009161E9542BF7C40963357
0F201326E6B1835C1F0EEAC817C09CB78B9503FFFFFFFFFFFCAFFF000009161E9542BF7C4096336F
0F1FAC26E60C835C870EEA6917C048B79B9603FFFFFFFFFFFC9FFF00000D161E9542BF7B40963387
0F1E3D26E3C8835CE00EE8AE17BEE5B79B9603FFFFFFFFFFFC8FFF000007161E9542BF7B4096339F
0F1B2B26DF44835D3D0EE5D417BC87B7AB9603FFFFFFFFFFFC8FFF00000D161E9542BF7B409633B7
0F19B826DCF5835DA10EE46417BB49B7AB9603FFFFFFFFFFFC9FFF00000C161E9542BF7A409633CF
0F180C26DA73835E060EE2CF17B9F7B79B9603FFFFFFFFFFFC9FFF00000A161E9542BF7A409643E7
0F174C26D952835E720EE22517B966B78B972E5FFFFFFFFFFC9FFF000009161E9542BF7A409643FF
0F160526D75D835EDE0EE0E617B862B79B9703FFFFFFFFFFFC8FFF00000E161E9542BF7A40965317
0F14D326D588835F330EDF9A17B748B7AB9803FFFFFFFFFFFCAFFF00000E161E9442BF794096332F
0F13FE26D44B835F900EDEE517B6B2B78B9803FFFFFFFFFFFC9FFF00000E161E9442BF7940965347
0F136E26D36F835FFD0EDE4D17B634B77B985B8FFFFFFFFFFC9FFF000009161E9442BF794096435F
0F135926D35083605A0EDE4617B62CB77B97242FFFFFFFFFFC8FFF00000D161E9442BF7840963377
0F12CE26D26B8360BF0EDDA417B5A6B78B9703FFFFFFFFFFFC8FFF00000E161E9442BF784096538F
0F100426CE348361300EDAF517B36AB79B9703FFFFFFFFFFFC9FFF00000E161E9442BF78409643A7
0F0F2126CCD78361940EDA0017B298B7BB9703FFFFFFFFFFFC8FFF000009161E9442BF78409653BF
0F0DEA26CAF98361EE0ED8D817B1A3B7BB9803FFFFFFFFFFFC8FFF00000E161E9442BF77409643D7
0F0C6326C8AC8362510ED75517B063B7CB9903FFFFFFFFFFFCAFFF00000E161E9442BF77409643EF
0F0BE126C7ED8362B00ED6BD17AFE3B7CB9A03FFFFFFFFFFFC8FFF000009161E9442BF7740965307
0F0B1C26C6C28363130ED60D17AF52B7CB9B03FFFFFFFFFFFC8FFF00000D161E9442BF764096431F
0F0AE126C67783638E0ED5D617AF28B7CB9B03FFFFFFFFFFFC7FFF00000E161E9442BF7640965337
0F0AA926C61C8364000ED5AC17AF06B7DB9C569FFFFFFFFFFC7FFF000008161E9442BF764096334F
0F0A6626C5BD8364450ED55417AEBCB7EB9C03FFFFFFFFFFFC8FFF00000E161E9442BF7540964367
0F09FD26C5208364910ED4E717AE67B7FB9D03FFFFFFFFFFFC7FFF000007161E9442BF754096437F
0F093F26C3FE8364FD0ED40417ADA9B7FB9E03FFFFFFFFFFFC7FFF00000E161E9442BF7540965397
0F088526C2E48365770ED38617AD3FB80B9E03FFFFFFFFFFFC8FFF00000E161E9442BF74409643AF
0F07E926C1ED8365EA0ED2F917ACC4B81B9F03FFFFFFFFFFFC8FFF00000E161E9442BF74409653C7
0F06EC26C0668366500ED1F717ABEEB81B9F03FFFFFFFFFFFC9FFF00000E161E9442BF74409643DF
0F05AC26BE7B8366AB0ED0A617AAD5B81B9F056FFFFFFFFFFC8FFF000009161E9442BF74409653F7
0F052326BDB18366FC0ED03217AA71B81B9F03FFFFFFFFFFFC9FFF00000E161E9442BF734096530F
0F04DD26BD528367520ECFEB17AA3EB81BA003FFFFFFFFFFFC9FFF00000A161E9342BF7340965327
0F02D626BA498367B30ECDE017A8A3B81BA103FFFFFFFFFFFC8FFF00000E161E9342BF734096533F
0EFF7826B5448368240ECA9817A5ECB82BA15D2FFFFFFFFFFC8FFF00000E161E9342BF7240964357
0EFBD826AF908368860EC6AE17A2A7B83BA203FFFFFFFFFFFC7FFF00000E161E9342BF724096536F
0EF7D026A9848368D90EC2D9179F68B85BA203FFFFFFFFFFFC7FFF00000E161E9342BF7240965387
0EF6EA26A82483693D0EC233179ED5B85BA303FFFFFFFFFFFC8FFF00000E161E9342BF724096539F
0EF5CA26A65783699F0EC0EC179DC2B86BA303FFFFFFFFFFFC9FFF00000E161E9342BF71409653B7
0EF2F226A1EF8369F30EBE02179B53B87BA303FFFFFFFFFFFC9FFF000006161E9342BF71409653CF
0EEE7F269B30836A570EB9E21797E7B87BA303FFFFFFFFFFFC8FFF00000E161E9342BF71409653E7
0EEC07269763836AC20EB7681795C9B87BA503FFFFFFFFFFFC9FFF00000E161E9342BF70409653FF
0EE9C32693D3836B270EB5411793F1B87BA603FFFFFFFFFFFC8FFF00000E161E9342BF7040965317
0EE640268E7B836B8D0EB1EC179123B88BA61B9FFFFFFFFFFC9FFF00000B161E9342BF704096432F
0EE5BE268DA2836BE60EB13617907AB89BA727AFFFFFFFFFFC8FFF00000C161E9342BF7040965347
0EE4B8268BFF836C3D0EB029178F9AB8CBA803FFFFFFFFFFFC8FFF00000A161E9342BF6F4096535F
0EE31026897D836CA90EAE89178E3BB8CBA903FFFFFFFFFFFC9FFF00000E161E9342BF6F40965377
0EE221268808836D0B0EADA5178D79B8DBAA03FFFFFFFFFFFC9FFF00000E161E9342BF6F4096538F
0EE06A26855B836D650EABD5178BF6B8FBAA03FFFFFFFFFFFC7FFF00000E161E9342BF6E409653A7
0EDD9126811C836DD00EA9291789C3B90BAA03FFFFFFFFFFFC7FFF000006161E9342BF6E409653BF
0EDC55267F37836E3D0EA7F11788B9B90BAB03FFFFFFFFFFFC8FFF00000E161E9342BF6E409653D7
0EDB90267E08836EA80EA72417880EB91BAC03FFFFFFFFFFFC8FFF00000A161E9342BF6D409653EF
0ED9E1267B77836F140EA57B1786AAB92BAC03FFFFFFFFFFFC8FFF00000E161E9242BF6D40965307
0ED79F267805836F880EA3511784E1B93BAD1DCFFFFFFFFFFC8FFF00000A161E9242BF6D4096531F
0ED536267457836FF00EA0E61782DAB93BAE040FFFFFFFFFFC9FFF00000E161E9242BF6D40965337
0ED35C26717B83705A0E9F1117814EB92BAF03FFFFFFFFFFFC8FFF000007161E9242BF6C4096534F
0ED213266F788370C60E9DC5178031B93BAF03FFFFFFFFFFFC7FFF00000E161E9242BF6C40965367
0ED0A6266D428371300E9C70177F16B94BAF717FFFFFFFFFFC7FFF00000F161E9242BF6C4096537F
0ECEB7266A5C8371A40E9A88177D80B95BB02C5FFFFFFFFFFC9FFF00000F161E9242BF6B40965397
0ECD1F2667DD8372050E98E2177C20B95BB103FFFFFFFFFFFC9FFF00000F161E9242BF6B409653AF
0ECB9F26659783725E0E9774177AE4B94BB203FFFFFFFFFFFC9FFF00000F161E9242BF6B409653C7
0ECAC12664428372CE0E96A8177A3AB94BB203FFFFFFFFFFFC9FFF00000F161E9242BF6B409653DF
0EC9D72662C283733E0E95A217795FB95BB303FFFFFFFFFFFC9FFF00000F161E9242BF6A409653F7
0EC7F3265FE68373A10E93C51777C9B95BB303FFFFFFFFFFFC9FFF00000F161E9242BF6A4096530F
0EC66E265D9083740A0E9250177690B96BB3059FFFFFFFFFFC8FFF00000D161E9242BF6A40965327
0EC3522658D08374760E8F4D177413B96BB403FFFFFFFFFFFC8FFF000008161E9242BF694096533F
0EC2D62658168374E20E8EC4177395B98BB503FFFFFFFFFFFC8FFF00000F161E9242BF6940965357
0EC2C52657FA8375490E8EB0177381B9ABB603FFFFFFFFFFFC8FFF00000F161E9242BF694096536F
0EC2BE2657E98375AB0E8EAA177379B9ABB6522FFFFFFFFFFC9FFF00000F161E9242BF6940965387
0EC2A62657C68376100E8E95177368B9ABB722CFFFFFFFFFFC9FFF00000F161E9242BF684096539F
0EC28C2657A18376800E8E76177350B9BBB703FFFFFFFFFFFC9FFF00000F161E9242BF68409653B7
0EC09B2654A68376F90E8CB61771E2B9ABB703FFFFFFFFFFFC9FFF00000F161E9242BF68409653CF
0EBF0826524A83775C0E8B02177076B9BBB803FFFFFFFFFFFC9FFF00000A161E9142BF67409653E7
0EBEBE2651D78377BA0E8ABC17703AB9CBB803FFFFFFFFFFFC9FFF00000F161E9142BF67409653FF
0EBEA82651BB8378270E8AA2177024B9BBB803FFFFFFFFFFFC8FFF00000F161E9142BF6740965317
0EBE5926513C83788B0E8A5D176FEBB9BBB8043FFFFFFFFFFC8FFF00000B161E9142BF674096532F
0EBD06264F368378F60E88FB176EC6B9DBB9041FFFFFFFFFFC8FFF00000D161E9142BF6640965347
0EBB63264CAE8379680E876B176D73B9EBB903FFFFFFFFFFFC8FFF00000F161E9142BF664096535F
0EB8542647F68379D50E846F176AF5B9DBBA6FDFFFFFFFFFFC8FFF00000A161E9142BF6640965377
0EB604264471837A3B0E822A17690EB9DBBA03FFFFFFFFFFFC8FFF00000A161E9142BF654096538F
0EB37E264091837A9A0E7F771766D3B9EBBB03FFFFFFFFFFFC8FFF00000B161E9142BF65409653A7
0EB1C6263DF6837AF50E7DEB17657CB9EBBC03FFFFFFFFFFFC9FFF00000F161E9142BF65409653BF
0EB181263D84837B510E7DAC176543B9EBBC040FFFFFFFFFFC9FFF00000B161E9142BF65409653D7
0EB134263D0C837BB30E7D6B17650AB9EBBB040FFFFFFFFFFC7FFF00000F161E9142BF64409653EF
0EB029263B6B837C230E7C55176424B9FBBB03FFFFFFFFFFFC7FFF000008161E9142BF6440965307
0EAE1D263855837CA20E7A5817627BBA0BBB058FFFFFFFFFFC8FFF00000F161E9142BF644096531F
0EAD5B263728837D050E798F1761CDBA0BBB03FFFFFFFFFFFC8FFF00000B161E9142BF6440965337
0EAD262636CC837D460E795C1761A0BA1BBB04EFFFFFFFFFFC8FFF000010161E9142BF634096534F
0EABD02634AB837D930E77C6176057BA1BBC042FFFFFFFFFFC8FFF000010161E9142BF6340965367
0EA9372630CC837DFB0E7574175E65BA1BBC820FFFFFFFFFFC9FFF00000B161E9142BF624096537F
0EA7CF262E9F837E7E0E7414175D37BA0BBD03FFFFFFFFFFFC9FFF00000B161E9142BF6240965397
0EA586262B24837EF30E71DD175B60BA1BBC03FFFFFFFFFFFC9FFF00000F161E9142BF62409653AF
0EA3E9262896837F4A0E700E1759D8BA1BBD03FFFFFFFFFFFC9FFF000010161E9142BF62409653C7
0EA26826264F837F970E6EA21758A7BA1BBD03FFFFFFFFFFFCAFFF00000A161E9042BF61409653DF
0EA1752624E5837FF40E6DD31757F8BA2BBE0F5FFFFFFFFFFC8FFF000008161E9042BF61409653F7
0EA0BE2623CD8380670E6D1E175761BA2BBE094FFFFFFFFFFC8FFF000010161E9042BF614096530F
0EA06D26234D8380CC0E6CCB175718BA2BBE03FFFFFFFFFFFC8FFF000010161E9042BF6040965327
0EA0372622F383811B0E6C8F1756E5BA2BBE03FFFFFFFFFFFC8FFF000010161E9042BF604096533F
0E9F0926212583817F0E6B661755F0BA2BBE320FFFFFFFFFFC8FFF00000F161E9042BF6040965357
0E9D9F261EEB8381F20E6A0C1754CCBA3BBF43DFFFFFFFFFFC9FFF000007161E9042BF604096536F
0E9B0F261B0D83824D0E677A1752A4BA3BBF03FFFFFFFFFFFC9FFF00000F161E9042BF5F40965387
0E9AAE261A758382990E671B17524EBA4BC003FFFFFFFFFFFC8FFF000010161E9042BF5F4096539F
0E9A082619638382E90E66631751B4BA4BC003FFFFFFFFFFFC6FFF000010161E9042BF5F409653B7
0E98C92617858383470E653D1750BFBA4BC003FFFFFFFFFFFC9FFF000010161E9042BF5E409653CF
0E97042614CF8383C30E637E174F4EBA4BC003FFFFFFFFFFFC8FFF000010161E9042BF5E409653E7
0E94602610D08384330E60F4174D32BA4BC003FFFFFFFFFFFC8FFF00000E161E9042BF5E409653FF
0E9220260D428384830E5EA0174B38BA6BC003FFFFFFFFFFFC8FFF000009161E9042BF5E40965317
0E8F332608C78384DE0E5BC81748D9BA7BC103FFFFFFFFFFFC8FFF00000F161E9042BF5D4096532F
0E8D6E2606198385450E5A0D174762BA7BC24AFFFFFFFFFFFC9FFF000010161E9042BF5D40965347
0E8B622602EB8385AB0E580E1745B8BA8BC3049FFFFFFFFFFC7FFF00000B161E9042BF5D4096535F
0E891425FF6783860E0E55E61743E4BA8BC303FFFFFFFFFFFC7FFF000010161E9042BF5C40965377
0E887225FE608386720E552D174342BA9BC403FFFFFFFFFFFC7FFF000010161E9042BF5C4096538F
0E87C325FD538386CB0E5453174288BA9BC503FFFFFFFFFFFC8FFF00000E161E9042BF5C409653A7
0E869D25FB8D83872D0E53481741A7BA9BC503FFFFFFFFFFFC8FFF00000E161E9042BF5B409653BF
0E856925F9C083879F0E52271740B6BAABC503FFFFFFFFFFFC9FFF000011161E9042BF5B409653D7
0E855125F9948387FF0E520D17409FBAABC503FFFFFFFFFFFC8FFF000011161E8F42BF5B409653EF
0E845625F80B8388600E510D173FCBBABBC503FFFFFFFFFFFC8FFF00000C161E8F42BF5B40965307
0E820F25F48B8388CB0E4EC8173DE5BACBC5069FFFFFFFFFFC8FFF00000C161E8F42BF5A4096531F
0E810A25F2FE8389330E4DCF173D10BACBC5312FFFFFFFFFFC7FFF000011161E8F42BF5A40965337
0E80AD25F27083899A0E4D77173CC5BABBC603FFFFFFFFFFFC8FFF00000E161E8F42BF5A4096534F
0E803525F1B9838A030E4D0C173C6EBABBC603FFFFFFFFFFFC8FFF00000F161E8F42BF5940965367
0E7ED725EFA2838A6E0E4BB2173B4EBACBC603FFFFFFFFFFFC8FFF000011161E8F42BF594096537F
0E7E3E25EEC1838AD90E4B0F173AC8BACBC603FFFFFFFFFFFC9FFF000011161E8F42BF5940965397
0E7D4625ED4C838B520E4A191739FCBACBC503FFFFFFFFFFFC8FFF000010161E8F42BF59409653AF
0E7D1225ECF9838BBB0E49ED1739D6BACBC603FFFFFFFFFFFC8FFF000009161E8F42BF58409653C7
0E7CD125EC8F838C110E4996173988BACBC603FFFFFFFFFFFC8FFF000010161E8F42BF58409653DF
0E7B3D25EA1D838C710E481E173857BACBC703FFFFFFFFFFFC8FFF00000D161E8F42BF58409653F7
0E789A25E622838CD90E458A173632BACBC623BFFFFFFFFFFC8FFF000011161E8F42BF574096530F
0E773025E3FE838D540E441E173500BACBC7128FFFFFFFFFFC8FFF000011161E8F42BF5740965327
0E76CD25E35D838DCA0E43BB1734A8BADBC703FFFFFFFFFFFC9FFF00000C161E8F42BF574096533F
0E765625E2AC838E330E4342173445BAEBC703FFFFFFFFFFFC9FFF00000F161E8F42BF5740965357
0E757625E14B838E9E0E426717338EBAEBC7349FFFFFFFFFFC7FFF00000D161E8F42BF564096536F
0E73C525DEAC838EF30E40A8173217BADBC7481FFFFFFFFFFC8FFF000011161E8F42BF5640965387
0E725525DC77838F450E3F3B1730E3BADBC803FFFFFFFFFFFC9FFF00000C161E8F42BF564096539F
0E713B25DACA838FB90E3E3C17300DBADBC803FFFFFFFFFFFC9FFF000010161E8F42BF55409653B7
0E703B25D94C83903B0E3D3D172F3ABADBC903FFFFFFFFFFFC9FFF000011161E8F42BF55409653CF
0E6F7725D81E8390AB0E3C7B172E98BADBC903FFFFFFFFFFFC9FFF000011161E8F42BF55409653E7
0E6E7125D68F8391140E3B7A172DC2BAEBC9047FFFFFFFFFFC8FFF00000C161E8F42BF55409653FF
0E6CB125D3E08391770E39DC172C67BAFBC903FFFFFFFFFFFC8FFF000010161E8E42BF5440965317
0E6B9425D2358391D80E38AD172B6DBB0BCA03FFFFFFFFFFFC9FFF00000D161E8E42BF544096532F
0E6B5025D1C98392390E3860172B2BBAFBCA03FFFFFFFFFFFC9FFF000012161E8E42BF5440965347
0E6AD125D1008392A10E37E7172AC7BAFBCA45DFFFFFFFFFFC9FFF00000D161E8E42BF534096535F
0E69C325CF668393110E36E81729F4BAFBCA04CFFFFFFFFFFCAFFF000011161E8E42BF5340965377
0E692C25CE8C8393850E363F172969BB1BC903FFFFFFFFFFFC9FFF00000D161E8E42BF534096538F
0E690625CE4F8393F50E3622172951BB1BCA03FFFFFFFFFFFC9FFF000011161E8E42BF53409653A7
0E68E525CE1D8394540E35FC172930BB1BCA03FFFFFFFFFFFC8FFF00000D161E8E42BF52409653BF
0E687E25CD838394B30E359B1728E4BB1BCB03FFFFFFFFFFFC8FFF00000C161E8E42BF52409653D7
0E680825CCDB8395100E352C17288CBB1BCB03FFFFFFFFFFFC8FFF00000F161E8E42BF52409653EF
0E678625CC158395660E34A317281BBB1BCB03FFFFFFFFFFFC8FFF000012161E8E42BF5140965307
0E66AF25CAD48395CA0E33D1172771BB1BCB03FFFFFFFFFFFC8FFF00000D161E8E42BF514096531F
0E65F825C9C383964A0E33221726E2BB2BCC06DFFFFFFFFFFC7FFF000011161E8E42BF5140965337
0E649425C7AB8396C30E31C51725C3BB2BCC363FFFFFFFFFFC8FFF00000C161E8E42BF514096534F
0E636125C5D88397220E30901724C3BB3BCB03FFFFFFFFFFFCAFFF000011161E8E42BF5040965367
0E625E25C4468397780E2F8C1723EABB3BCC03FFFFFFFFFFFC9FFF00000C161E8E42BF504096537F
0E616025C2CA8397E20E2E9A172322BB4BCC03FFFFFFFFFFFC8FFF00000C161E8E42BF5040965397
0E5FE525C0858398590E2D241721EABB4BCD03FFFFFFFFFFFC8FFF000012161E8E42BF4F409653AF
0E5E4A25BE158398C40E2B9117209CBB4BCD03FFFFFFFFFFFC6FFF00000D161E8E42BF4F409653C7
0E5E2725BDE18399290E2B7217207FBB4BCD03FFFFFFFFFFFC7FFF000012161E8E42BF4F409653DF
0E5E1325BDC58399820E2B55172067BB3BCE03FFFFFFFFFFFC8FFF00000D161E8E42BF4E409653F7
0E5DDF25BD778399DF0E2B1C17203BBB2BCE045FFFFFFFFFFC8FFF00000D161E8E42BF4E4096530F
0E5D8325BCF6839A4D0E2AC2171FF3BB3BCE03FFFFFFFFFFFC8FFF000012161E8D42BF4E40965327
0E5D5425BCB1839AC60E2A8D171FC9BB4BCF03FFFFFFFFFFFC8FFF000010161E8D42BF4E4096533F
0E5CC525BBD0839B210E2A06171F56BB5BCE03FFFFFFFFFFFC8FFF000009161E8D42BF4D40965357
0E5C8F25BB83839B750E29DF171F3ABB6BCE739FFFFFFFFFFC8FFF000012161E8D42BF4D4096536F
0E5C4C25BB24839BE90E2993171F00BB6BCE059FFFFFFFFFFC8FFF000013161E8D42BF4D40965387
0E5B6725B9D0839C610E28B2171E49BB5BCE03FFFFFFFFFFFC9FFF000013161E8D42BF4C4096539F
0E5A3625B808839CCC0E27C4171D87BB4BCE03FFFFFFFFFFFC8FFF00000E161E8D42BF4C409653B7
0E59E925B79D839D4D0E2732171D11BB4BCE03FFFFFFFFFFFC7FFF000013161E8D42BF4C409653CF
0E59B425B74D839DCC0E270D171CF3BB4BCF074FFFFFFFFFFC8FFF000013161E8D42BF4C409653E7
0E59A425B73D839E290E26F1171CDEBB4BCF0ACFFFFFFFFFFC9FFF00000D161E8D42BF4B409653FF
0E599F25B73A839E8A0E26EE171CE0BB4BCF03FFFFFFFFFFFC8FFF00000E161E8D42BF4B40965317
0E593F25B6A9839F0C0E2692171C96BB4BCF03FFFFFFFFFFFC8FFF000013161E8D42BF4B4096532F
0E579A25B426839F990E24E9171B34BB5BD009CFFFFFFFFFFC8FFF00000E161E8D42BF4A40965347
0E563E25B21183A00E0E2397171A1DBB6BD04A7FFFFFFFFFFC8FFF00000A161E8D42BF4A4096535F
0E544425AF1A83A07B0E219C17187FBB6BD003FFFFFFFFFFFC8FFF000012161E8D42BF4A40965377
0E521C25ABD883A0F00E1F831716C3BB6BD003FFFFFFFFFFFC8FFF000013161E8D42BF4A4096538F
0E514B25AA9783A16B0E1EBA171617BB6BD003FFFFFFFFFFFC8FFF00000C161E8D42BF49409653A7
0E510D25AA3C83A1EA0E1E781715E2BB6BD003FFFFFFFFFFFC7FFF000013161E8D42BF49409653BF
0E50E725AA0483A2600E1E511715C1BB6BD003FFFFFFFFFFFC7FFF000013161E8D42BF49409653D7
0E50B725A9BB83A2D00E1E2317159DBB7BD0045FFFFFFFFFFC8FFF00000E161E8D42BF49409653EF
0E507D25A96B83A3480E1DEA171572BB6BCF04CFFFFFFFFFFC9FFF00000E161E8D42BF4840965307
0E501B25A8E083A3CC0E1D8A171526BB6BCF03FFFFFFFFFFFCAFFF000010161E8D42BF484096531F
0E4FC325A86083A4440E1D351714E4BB7BCF03FFFFFFFFFFFC8FFF000010161E8C42BF4840965337
0E4F3325A78483A4AF0E1C9D171466BB7BCF0AAFFFFFFFFFFC8FFF00000E161E8C42BF474096534F
0E4D9125A50F83A5220E1B0817131CBB7BD0502FFFFFFFFFFC8FFF000013161E8C42BF4740965367
0E4CF825A42983A5A80E1A6D17129ABB7BD003FFFFFFFFFFFC8FFF000013161E8C42BF474096537F
0E4C9625A39B83A62C0E1A14171253BB7BD003FFFFFFFFFFFC8FFF000013161E8C42BF4740965397
0E4C8525A38783A6970E19F917123EBB7BD003FFFFFFFFFFFC9FFF00000E161E8C42BF46409653AF
0E4C3125A30683A6FB0E19A61711FDBB7BD103FFFFFFFFFFFC9FFF000010161E8C42BF46409653C7
0E4B3B25A19083A77A0E18BB17113CBB6BD003FFFFFFFFFFFC9FFF000011161E8C42BF46409653DF
0E49C5259F5D83A7FF0E1744171009BB6BD003FFFFFFFFFFFC8FFF000013161E8C42BF45409653F7
0E48E5259E1483A8760E166B170F56BB6BD003FFFFFFFFFFFC8FFF00000E161E8C42BF454096530F
0E489D259DA583A8E80E1620170F1ABB7BD003FFFFFFFFFFFC9FFF000013161E8C42BF4540965327
0E4732259B8D83A95F0E14B8170DF7BB6BD018DFFFFFFFFFFC9FFF00000E161E8C42BF454096533F
0E45B425994C83A9D70E1347170CCABB7BD00E7FFFFFFFFFFC9FFF000013161E8C42BF4440965357
0E44112596D783AA450E11A9170B75BB8BD003FFFFFFFFFFFC9FFF00000C161E8C42BF444096536F
0E43DA25968783AABE0E1170170B47BB8BD103FFFFFFFFFFFC8FFF000014161E8C42BF4440965387
0E430B25955183AB3F0E10B6170AB0BB8BD14BEFFFFFFFFFFC8FFF000014161E8C42BF444096539F
0E425225943783ABBF0E100D170A27BB7BD262FFFFFFFFFFFC9FFF000014161E8C42BF43409653B7
0E405625913E83AC380E0E15170886BB7BD203FFFFFFFFFFFC8FFF000010161E8C42BF43409653CF
0E400B2590C883AC960E0DB3170835BB8BD203FFFFFFFFFFFC8FFF000012161E8C42BF43409653E7
0E3EB4258EB783ACF90E0C6117071EBB8BD3043FFFFFFFFFFC8FFF000014161E8B42BF42409653FF
0E3E01258DA883AD7A0E0BB917068EBB8BD3047FFFFFFFFFFC8FFF00000F161E8B42BF4240965317
0E3D32258C7B83AE010E0AE21705E1BB9BD303FFFFFFFFFFFC8FFF00000E161E8B42BF424096532F
0E3D07258C3D83AE6B0E0AB71705BFBB9BD303FFFFFFFFFFFC8FFF000014161E8B42BF4240965347
0E3CA0258BA483AED70E0A46170565BB9BD30B5FFFFFFFFFFC8FFF000014161E8B42BF414096535F
0E3B5D2589B883AF320E090417045ABB9BD3560FFFFFFFFFFC9FFF000013161E8B42BF4140965377
0E3A4825881383AF910E07FB170382BBABD303FFFFFFFFFFFC9FFF00000F161E8B42BF414096538F
0E394025868783B0110E06FC1702B0BB9BD303FFFFFFFFFFFC8FFF000014161E8B42BF41409653A7
0E38B22585B883B0920E067117023DBBABD403FFFFFFFFFFFC8FFF000014161E8B42BF40409653BF
0E386725854883B0FF0E0626170202BBABD403FFFFFFFFFFFC8FFF00000F161E8B42BF40409653D7
0E377A2583E783B1640E053A170145BBABD403FFFFFFFFFFFC7FFF000014161E8B42BF40409653EF
0E36272581EC83B1CF0E03E7170032BBABD403FFFFFFFFFFFC7FFF000012161E8B42BF3F40965307
0E34C4257FE583B23E0E028916FF17BBBBD303FFFFFFFFFFFC7FFF00000C161E8B42BF3F4096531F
0E3423257EF783B2A40E01ED16FE98BBBBD303FFFFFFFFFFFC7FFF000014161E8B42BF3F40965337
0E337D257E0283B30D0E014516FE12BBCBD4385FFFFFFFFFFC8FFF000014161E8B42BF3F4096534F
0E32E0257D1C83B37C0E00A916FD93BBDBD51CFFFFFFFFFFFC7FFF000014161E8B42BF3E40965367
0E3289257CA483B3F90E006116FD5CBBCBD503FFFFFFFFFFFC8FFF00000F161E8B42BF3E4096537F
0E31F1257BC483B47A0DFFCF16FCEBBBDBD503FFFFFFFFFFFC9FFF000014161E8B42BF3E40965397
0E3139257AB183B4E20DFF1616FC51BBDBD603FFFFFFFFFFFC8FFF000015161E8B42BF3E409653AF
0E30BF2579F483B5330DFE8D16FBE1BBDBD603FFFFFFFFFFFC8FFF00000F161E8A42BF3D409653C7
0E302625790B83B5910DFDF416FB64BBEBD703FFFFFFFFFFFC8FFF000015161E8A42BF3D409653DF
0E2FE52578BA83B60C0DFDBF16FB3CBBDBD603FFFFFFFFFFFC7FFF00000C161E8A42BF3D409653F7
0E2FAC25786883B68F0DFD8716FB11BBDBD703FFFFFFFFFFFC8FFF000015161E8A42BF3C4096530F
0E2F542577E783B7020DFD3316FACDBBDBD603FFFFFFFFFFFC8FFF000015161E8A42BF3C40965327
0E2F0825777C83B76C0DFCE616FA90BBDBD647CFFFFFFFFFFC9FFF000015161E8A42BF3C4096533F
0E2EB42576FD83B7D80DFC8F16FA4BBBDBD603FFFFFFFFFFFC7FFF000015161E8A42BF3C40965357
0E2DDA2575B683B8390DFBB516F99CBBDBD703FFFFFFFFFFFC7FFF00000F161E8A42BF3B4096536F
0E2C7B2573A183B89C0DFA5916F880BBDBD603FFFFFFFFFFFC7FFF000014161E8A42BF3B40965387
0E2B372571C183B9130DF92716F787BBDBD703FFFFFFFFFFFC8FFF000010161E8A42BF3B4096539F
0E29A3256F5D83B9870DF79816F63FBBEBD703FFFFFFFFFFFC7FFF000010161E8A42BF3B409653B7
0E28C1256E0B83B9F90DF6AC16F57DBBEBD803FFFFFFFFFFFC8FFF000015161E8A42BF3A409653CF
0E2761256BF783BA680DF55316F462BBEBD8049FFFFFFFFFFC9FFF000015161E8A42BF3A409653E7
0E25A525695883BAD50DF3A016F2FEBBDBD803FFFFFFFFFFFC8FFF00000F161E8A42BF3A409653FF
0E24862567A883BB400DF28716F211BBEBD803FFFFFFFFFFFC9FFF00000E161E8A42BF3940965317
0E239325663583BBAC0DF19816F14CBBFBD803FFFFFFFFFFFC9FFF000015161E8A42BF394096532F
0E22D425651783BC140DF0DB16F0AFBBEBD756AFFFFFFFFFFC9FFF000016161E8A42BF3940965347
0E227925648E83BC770DF07F16F063BBDBD703FFFFFFFFFFFC8FFF000015161E8942BF394096535F
0E22022563E083BCE40DF00A16F006BBCBD703FFFFFFFFFFFC8FFF000010161E8942BF3840965377
0E21D025639F83BD620DEFD916EFE2BBCBD703FFFFFFFFFFFC8FFF000016161E8942BF384096538F
0E21B525637883BDE10DEFBE16EFCFBBCBD703FFFFFFFFFFFC7FFF000010161E8942BF38409653A7
0E217A25632483BE450DEF8816EFA3BBCBD703FFFFFFFFFFFC7FFF000015161E8942BF38409653BF
0E21252562A983BE9F0DEF2E16EF5CBBDBD703FFFFFFFFFFFC7FFF000010161E8942BF37409653D7
0E20B525620383BF040DEEC416EF07BBCBD705FFFFFFFFFFFC8FFF000010161E8942BF37409653EF
0E206E25619883BF700DEE7916EECCBBCBD7892FFFFFFFFFFC9FFF000015161E8942BF3740965307
0E1F8425604083BFEA0DED9616EE18BBDBD82C6FFFFFFFFFFC8FFF000010161E8942BF364096531F
0E1E77255EB583C0640DEC9416ED47BBDBD803FFFFFFFFFFFC8FFF000016161E8942BF3640965337
0E1E4A255E7583C0CE0DEC5C16ED1ABBEBD803FFFFFFFFFFFC8FFF000010161E8942BF364096534F
0E1DD5255DC783C1350DEC0316ECD2BBEBD803FFFFFFFFFFFC7FFF000012161E8942BF3640965367
0E1D24255CC083C19A0DEB4016EC36BBEBD806FFFFFFFFFFFC9FFF00000F161E8942BF354096537F
0E1BC6255AAD83C2070DE9D116EB0CBBEBD799BFFFFFFFFFFC8FFF000016161E8942BF3540965397
0E1A932558E783C2780DE8BB16EA25BBFBD7303FFFFFFFFFFC8FFF000016161E8942BF35409653AF
0E19FE25580083C2DB0DE82D16E9B2BBFBD803FFFFFFFFFFFC9FFF000016161E8842BF35409653C7
0E18A32555F683C3440DE6CF16E894BBEBD803FFFFFFFFFFFC8FFF00000E161E8842BF34409653DF
0E17422553EF83C3C10DE57516E77BBBEBD803FFFFFFFFFFFC8FFF000016161E8842BF34409653F7
0E16832552CD83C43B0DE4B716E6DEBBFBD8120FFFFFFFFFFC7FFF000016161E8842BF344096530F
0E157425513483C49B0DE3C016E619BBFBD8B69FFFFFFFFFFC8FFF000016161E8842BF3440965327
0E151F2550B183C4F20DE35316E5B7BBFBD737CFFFFFFFFFFC8FFF000011161E8842BF334096533F
0E1488254FD683C55C0DE2F616E571BBEBD703FFFFFFFFFFFC7FFF000016161E8842BF3340965357
0E144A254F7983C5D40DE27316E504BBEBD703FFFFFFFFFFFC9FFF000011161E8842BF334096536F
0E1375254E3A83C6450DE1BE16E472BBEBD803FFFFFFFFFFFC8FFF000011161E8842BF3240965387
0E11DB254BCF83C6B60DE00116E308BBEBD8066FFFFFFFFFFC7FFF000011161E8842BF324096539F
0E10C2254A2C83C71E0DDF0816E23ABBEBD895AFFFFFFFFFFC9FFF000017161E8842BF32409653B7
0E0FC92548B083C7840DDE1C16E178BBEBD8302FFFFFFFFFFC8FFF000011161E8842BF32409653CF
0E0EB625471783C7F80DDD0016E08EBBDBD803FFFFFFFFFFFC8FFF000016161E8842BF31409653E7
0E0E2025463483C8650DDC6E16E016BBEBD803FFFFFFFFFFFC9FFF000017161E8842BF31409653FF
0E0D9C25456A83C8B90DDBDE16DFA1BBEBD703FFFFFFFFFFFC8FFF000017161E8742BF3140965317
0E0D1225449F83C9240DDB5E16DF3ABBCBD708FFFFFFFFFFFC8FFF000017161E8742BF304096532F
0E0B8525424783C9A80DD9D916DE00BBCBD7A9FFFFFFFFFFFC9FFF000017161E8742BF3040965347
0E08CF253E3F83CA210DD73916DBDDBBDBD7343FFFFFFFFFFC9FFF00000E161E8742BF304096535F
0E0843253D6983CA710DD69C16DB54BBDBD703FFFFFFFFFFFC9FFF000014161E8742BF3040965377
0E073A253BD283CADB0DD59F16DA87BBDBD703FFFFFFFFFFFC9FFF000017161E8742BF2F4096538F
0E0674253AB783CB5B0DD4DF16D9EABBDBD703FFFFFFFFFFFC9FFF000014161E8742BF2F409653A7
0E0651253A8283CBB80DD4BA16D9C9BBDBD726BFFFFFFFFFFC8FFF00000F161E8742BF2F409653BF
0E063C253A6183CC100DD49A16D9B4BBCBD7801FFFFFFFFFFC6FFF000017161E8742BF2E409653D7
0E055225390683CC820DD3BB16D900BBCBD703FFFFFFFFFFFC9FFF000017161E8742BF2E409653EF
0E04A925380D83CCEE0DD31516D877BBCBD603FFFFFFFFFFFC8FFF000017161E8742BF2E40964307
0E04842537DA83CD570DD2ED16D85ABBDBD63C5FFFFFFFFFFC8FFF000011161E8742BF2E4096531F
0E03AD25369283CDCF0DD21816D7B1BBDBD6D29FFFFFFFFFFC7FFF000017161E8742BF2D40965337
0E018825336483CE2D0DD00016D5FBBBDBD6092FFFFFFFFFFC7FFF000011161E8642BF2D4096534F
0E01342532DB83CE770DCF9B16D5A4BBCBD603FFFFFFFFFFFC8FFF000012161E8642BF2D40965367
0DFFE12530E283CEE10DCE5016D498BBCBD6381FFFFFFFFFFC8FFF000017161E8642BF2C4096537F
0DFF6725302F83CF510DCDD416D430BBDBD6B59FFFFFFFFFFC8FFF000012161E8642BF2C40965397
0DFF4F25300B83CFA90DCDCE16D429BBDBD603FFFFFFFFFFFC8FFF000017161E8642BF2C409653AF
0DFF5525301883D0050DCDC916D42ABBBBD6040FFFFFFFFFFC8FFF000015161E8642BF2C409643C7
0DFF5325302183D0780DCDC916D431BBBBD64E2FFFFFFFFFFC8FFF00000E161E8642BF2B409643DF
0DFE8F252EF583D0E80DCD3A16D3BEBBBBD5879FFFFFFFFFFC7FFF000017161E8642BF2B409653F7
0DFC6E252BCB83D14A0DCB2016D20CBBCBD503FFFFFFFFFFFC7FFF000012161E8642BF2B4096430F
0DFB56252A1F83D1AA0DC9D416D0FABBCBD503FFFFFFFFFFFC7FFF000018161E8642BF2A40965327
0DF8982525FA83D2060DC70E16CEB8BBCBD503FFFFFFFFFFFC8FFF000013161E8642BF2A4096533F
0DF77325244983D2690DC60016CDD7BBCBD507EFFFFFFFFFFC9FFF000016161E8642BF2A40965357
0DF67A2522D883D2E00DC50C16CD10BBCBD56C3FFFFFFFFFFC8FFF000018161E8642BF2A4096436F
0DF5D42521DE83D3590DC47216CC90BBBBD497BFFFFFFFFFFC8FFF000018161E8542BF2940964387
0DF5012520A483D3BB0DC39F16CBE4BBBBD403FFFFFFFFFFFC8FFF000018161E8542BF294096539F
0DF416251F4383D4220DC2B816CB2BBBBBD403FFFFFFFFFFFC7FFF00000E161E8542BF29409643B7
0DF3B6251EBD83D4990DC25916CADEBBBBD403FFFFFFFFFFFC7FFF000018161E8542BF29409653CF
0DF310251DC183D5070DC1A016CA48BBBBD30CEFFFFFFFFFFC7FFF000018161E8542BF28409653E7
0DF1AF251BAB83D5650DC05016C937BBBBD3799FFFFFFFFFFC9FFF000012161E8542BF28409643FF
0DF15B251B3283D5C70DC00A16C8FBBBBBD307BFFFFFFFFFFC8FFF000018161E8542BF2840964317
0DF08E2519F983D6380DBF3D16C856BBABD303FFFFFFFFFFFC8FFF000018161E8542BF274096432F
0DEE3325167983D6AC0DBCED16C676BBABD203FFFFFFFFFFFC8FFF000012161E8542BF2740964347
0DEC782513E483D7160DBB3A16C513BB9BD203FFFFFFFFFFFC8FFF000018161E8542BF274096435F
0DEBE625130E83D7890DBAA216C497BB8BD216FFFFFFFFFFFC6FFF000012161E8542BF2740964377
0DEBD02512EE83D7F90DBA8A16C484BB8BD29D1FFFFFFFFFFC7FFF000015161E8542BF264096438F
0DEAF025119983D85D0DB9A516C3CDBB7BD2089FFFFFFFFFFC8FFF000010161E8442BF26409643A7
0DE96C250F5783D8C10DB82816C298BB6BD103FFFFFFFFFFFC8FFF000018161E8442BF26409643BF
0DE86C250DDC83D9290DB73216C1CFBB6BD103FFFFFFFFFFFC8FFF000013161E8442BF25409643D7
0DE671250AE283D9910DB53716C036BB5BD003FFFFFFFFFFFC7FFF000018161E8442BF25409653EF
0DE4E525089C83DA030DB3B516BEFABB6BD019EFFFFFFFFFFC9FFF000015161E8442BF2540965307
0DE3F025072F83DA830DB2C816BE3CBB5BD0B0FFFFFFFFFFFC8FFF000016161E8442BF254096431F
0DE2AF25054683DAED0DB18816BD35BB6BCF095FFFFFFFFFFC7FFF000012161E8442BF2440964337
0DE16125035983DB440DB03816BC24BB5BCF03FFFFFFFFFFFC7FFF000019161E8442BF244096434F
0DE0B525025583DBAD0DAF9416BB9EBB4BCE03FFFFFFFFFFFC8FFF00000C161E8442BF2440964367
0DDF7825008583DC2A0DAE6416BAAABB3BCD03FFFFFFFFFFFC8FFF000019161E8442BF234096537F
0DDED324FF9083DC900DADC116BA23BB2BCD37CFFFFFFFFFFC8FFF000019161E8442BF2340965397
0DDE8B24FF2183DCEE0DAD7116B9E3BB2BCDD1EFFFFFFFFFFC8FFF000019161E8442BF23409643AF
0DDD2324FD1383DD610DAC0D16B8C8BB2BCC0A5FFFFFFFFFFC7FFF000019161E8342BF23409643C7
0DDC8A24FC3083DDD80DAB7D16B852BB1BCC03FFFFFFFFFFFC7FFF000013161E8342BF22409643DF
0DDC5B24FBEE83DE400DAB5116B831BB1BCC364FFFFFFFFFFC7FFF000013161E8342BF22409643F7
0DDC0A24FB7A83DEB20DAAFC16B7F0BB1BCBA84FFFFFFFFFFC7FFF000013161E8342BF224096430F
0DDBB424FB0583DF2D0DAAA116B7AABAFBCB03FFFFFFFFFFFC8FFF000019161E8342BF2240964327
0DDB8624FAC483DF990DAA7B16B78DBAFBCB03FFFFFFFFFFFC7FFF000019161E8342BF214096433F
0DDB3324FA5283E0030DAA2816B750BAFBCB03FFFFFFFFFFFC7FFF000013161E8342BF2140963357
0DDAEA24F9EA83E06F0DA9E016B717BAFBCA03FFFFFFFFFFFC9FFF000016161E8342BF214096436F
0DDABE24F9B183E0D60DA9AF16B6F4BAFBCA476FFFFFFFFFFC8FFF000015161E8342BF2040964387
0DDA5724F91F83E1410DA95516B6B4BAFBCABE0FFFFFFFFFFC8FFF000015161E8342BF204096439F
0DD8A924F6A983E1B70DA7A216B55ABB0BCA03FFFFFFFFFFFC8FFF000017161E8342BF20409643B7
0DD68324F38883E2330DA58516B3ACBB0BCA041FFFFFFFFFFC7FFF000019161E8242BF20409633CF
0DD5E524F29C83E2980DA4F316B331BB0BCA4CCFFFFFFFFFFC7FFF000013161E8242BF1F409643E7
0DD5BB24F25C83E2E60DA4C016B308BB0BCA85DFFFFFFFFFFC7FFF000018161E8242BF1F409643FF
0DD56C24F1EB83E3500DA47816B2D2BAFBCA03FFFFFFFFFFFC8FFF000019161E8242BF1F40964317
0DD4CD24F10D83E3CB0DA3DA16B258BAEBC903FFFFFFFFFFFC8FFF000019161E8242BF1E4096432F
0DD47A24F09783E43A0DA38816B219BAEBC903FFFFFFFFFFFC7FFF000019161E8242BF1E40964347
0DD44924F05383E4A70DA35816B1F6BADBC903FFFFFFFFFFFC7FFF000018161E8242BF1E4096335F
0DD36D24EF1883E51F0DA28516B151BADBC8427FFFFFFFFFFC9FFF000015161E8242BF1E40963377
0DD2DB24EE4683E5850DA1EE16B0D9BADBC87BCFFFFFFFFFFC8FFF00001A161E8242BF1D4096438F
0DD2B224EE0A83E5D90DA1C516B0B8BADBC803FFFFFFFFFFFC8FFF000014161E8242BF1D409643A7
0DD27724EDBA83E63C0DA18816B08DBADBC803FFFFFFFFFFFC8FFF000019161E8242BF1D409643BF
0DD26224EDA483E6B50DA17316B081BADBC803FFFFFFFFFFFC8FFF00001A161E8142BF1D409633D7
0DD15224EC1D83E7340DA08D16AFD0BACBC803FFFFFFFFFFFC8FFF00001A161E8142BF1C409633EF
0DD0BD24EB5383E79D0DA01B16AF77BACBC803FFFFFFFFFFFC8FFF00001A161E8142BF1C40964307
0DD0C324EB5C83E7F20D9FD416AF43BACBC7272FFFFFFFFFFC8FFF000018161E8142BF1C4096331F
0DD0A024EB2C83E84C0D9FC116AF34BACBC7178FFFFFFFFFFC8FFF000016161E8142BF1B40963337
0DD06324EAE083E8B10D9F8A16AF10BACBC603FFFFFFFFFFFC8FFF000012161E8142BF1B4096334F
0DD06724EAF083E9240D9F8B16AF14BACBC603FFFFFFFFFFFC8FFF00001A161E8142BF1B40963367
0DD0B324EB6483E9840D9FE116AF58BACBC643FFFFFFFFFFFC8FFF00000F161E8142BF1B4096337F
0DD0B924EB7583E9E90D9FA816AF38BACBC664AFFFFFFFFFFC8FFF00001A161E8142BF1A40963397
0DD00E24EA8B83EA580D9F3016AEDFBACBC603FFFFFFFFFFFC7FFF000019161E8142BF1A409633AF
0DCE7D24E83C83EAB40D9D6916AD81BACBC603FFFFFFFFFFFC7FFF000014161E8142BF1A409633C7
0DCC3124E4E483EB0B0D9B3016ABB9BACBC603FFFFFFFFFFFC7FFF00001A161E8042BF1A409633DF
0DCB5524E3AA83EB760D9A7B16AB25BACBC603FFFFFFFFFFFC7FFF000014161E8042BF19409643F7
0DCA8624E27C83EBEE0D99B116AA85BADBC6115FFFFFFFFFFC8FFF00001A161E8042BF194096330F
0DCA2124E1E583EC510D994E16AA32BADBC703FFFFFFFFFFFC7FFF00001A161E8042BF1940963327
0DCA0124E1B983ECA80D992F16AA19BABBC603FFFFFFFFFFFC7FFF00001A161E8042BF194096333F
0DC9A824E13683ECF80D98BC16A9C1BABBC603FFFFFFFFFFFC8FFF00001A161E8042BF1840963357
0DC8F924E03583ED4B0D983A16A95EBABBC6723FFFFFFFFFFC8FFF00001A161E8042BF184096336F
0DC71B24DD8A83EDB90D964B16A7DCBACBC5095FFFFFFFFFFC8FFF00000F161E8042BF1840963387
0DC64324DC5A83EE330D957E16A73BBABBC503FFFFFFFFFFFC8FFF00001A161E8042BF174096339F
0DC5C424DBA383EE970D94FF16A6D6BABBC503FFFFFFFFFFFC8FFF00000F161E8042BF17409633B7
0DC54224DAE683EED70D946316A65ABAABC503FFFFFFFFFFFC9FFF00001A161E8042BF17409633CF
0DC47124D9B283EF250D93A116A5C6BAABC503FFFFFFFFFFFC8FFF00001B161E7F42BF17409633E7
0DC3CC24D8CF83EF900D931016A555BA9BC403FFFFFFFFFFFC8FFF00001B161E7F42BF16409633FF
0DC24B24D69483F0070D91D216A460BA8BC4042FFFFFFFFFFC8FFF000015161E7F42BF1640963317
0DBFFB24D34083F0750D8F4616A253BA8BC403FFFFFFFFFFFC8FFF000015161E7F42BF164096332F
0DBF9D24D2AA83F0E00D8EE716A203BA8BC403FFFFFFFFFFFC7FFF000019161E7F42BF1640963347
0DBF1924D1D683F1390D8E5616A189BA7BC303FFFFFFFFFFFC7FFF000013161E7F42BF154096335F
0DBDFE24D03083F1920D8D3F16A0A4BA6BC3658FFFFFFFFFFC8FFF00001A161E7F42BF1540963377
0DBDC224CFE383F20F0D8D1B16A08ABA6BC208FFFFFFFFFFFC8FFF00001B161E7F42BF154096338F
0DBDA124CFB783F2880D8CF916A071BA5BC103FFFFFFFFFFFC7FFF00001B161E7F42BF14409633A7
0DBCBC24CE6283F2E00D8C0E169FBABA5BC003FFFFFFFFFFFC7FFF00001B161E7F42BF14409633BF
0DBA7924CB1383F33C0D89AA169DE3BA4BBF03FFFFFFFFFFFC8FFF00001B161E7F42BF14409633D7
0DB88A24C85B83F39B0D87EE169C7FBA4BBF03FFFFFFFFFFFC8FFF000019161E7E42BF14409633EF
0DB7D524C75283F40A0D8740169BF4BA3BBF03FFFFFFFFFFFC9FFF000011161E7E42BF1340963307
0DB68224C56A83F4780D85F8169AF2BA2BBF03FFFFFFFFFFFC7FFF00001A161E7E42BF134096331F
0DB61024C4C383F4D80D857D169A8EBA2BBE03FFFFFFFFFFFC7FFF00001B161E7E42BF1340963337
0DB5DE24C47C83F5310D8550169A6CBA2BBE04AFFFFFFFFFFC8FFF000015161E7E42BF134096334F
0DB56F24C3E783F58E0D84DF169A1ABA1BBD353FFFFFFFFFFC9FFF00001B161E7E42BF1240963367
0DB53824C39E83F5F50D84AD1699F5BA0BBB03FFFFFFFFFFFC8FFF000015161E7E42BF124096337F
0DB52B24C38C83F6560D84A11699EBB9FBBB03FFFFFFFFFFFC8FFF00001B161E7E42BF1240963397
0DB51724C37683F6B10D848A1699DEB9FBBB03FFFFFFFFFFFC8FFF00001B161E7E42BF12409633AF
0DB3B424C17683F71C0D833A1698E2B9EBBBAD6FFFFFFFFFFC8FFF000015161E7E42BF11409633C7
0DB16024BE2683F78B0D80FA16971AB9EBBB03FFFFFFFFFFFC7FFF00001B161E7E42BF11409633DF
0DB11D24BDC383F7F10D80951696C9B9EBBB03FFFFFFFFFFFC6FFF000015161E7E42BF11409633F7
0DB0EA24BD7983F84F0D806A1696A6B9FBBA03FFFFFFFFFFFC8FFF000012161E7D42BF114096130F
0DB0B424BD2D83F89A0D8028169672B9EBBA03FFFFFFFFFFFC8FFF000018161E7D42BF1040963327
0DAFF124BC1583F8FC0D7F751695EEB9DBB9110FFFFFFFFFFC8FFF000011161E7D42BF104096333F
0DAEA024BA3583F9790D7E2B1694EBB9DBB80C0FFFFFFFFFFC7FFF00001C161E7D42BF1040961357
0DADE524B92783F9DB0D7D75169458B9DBB803FFFFFFFFFFFC7FFF00001C161E7D42BF104096336F
0DAD8524B89E83FA390D7D1416940FB9DBB803FFFFFFFFFFFC8FFF00001C161E7D42BF0F40963387
0DAD1224B7F983FAA30D7CA11693B6B9CBB72EEFFFFFFFFFFC9FFF00001C161E7D42BF0F4096139F
0DACA124B75B83FB010D7C34169360B9BBB64E6FFFFFFFFFFC8FFF00001C161E7D42BF0F409613B7
0DAC9924B75383FB530D7C2C16935CB9BBB603FFFFFFFFFFFC8FFF000015161E7D42BF0E409633CF
0DAC5C24B6FF83FBB90D7BF0169332B9BBB603FFFFFFFFFFFC7FFF00001C161E7D42BF0E409633E7
0DABAB24B60283FC310D7B3F1692A9B9ABB503FFFFFFFFFFFC7FFF000016161E7D42BF0E409613FF
0DAB3324B55A83FC900D7AD3169253B9ABB503FFFFFFFFFFFC8FFF00001A161E7D42BF0E40961317
0DAA7F24B45983FCF30D7A161691C4B99BB503FFFFFFFFFFFC9FFF000010161E7C42BF0D4096232F
0DA9CD24B35783FD630D795F16912FB99BB503FFFFFFFFFFFC8FFF00001C161E7C42BF0D40963347
0DA96C24B2C483FDB50D790F1690EEB99BB503FFFFFFFFFFFC8FFF000015161E7C42BF0D4096335F
0DA95824B2A583FE020D78F81690DDB98BB403FFFFFFFFFFFC8FFF00001C161E7C42BF0D40961377
0DA8AB24B1AA83FE720D783C16904DB97BB350EFFFFFFFFFFC8FFF00001C161E7C42BF0C4096138F
0DA71E24AF7783FEE70D76C3168F27B96BB3089FFFFFFFFFFC8FFF000016161E7C42BF0C409633A7
0DA67624AE8B83FF480D761C168EA7B96BB303FFFFFFFFFFFC8FFF000016161E7C42BF0C409613BF
0DA66224AE6F83FFAF0D760A168E99B94BB203FFFFFFFFFFFC8FFF00001C161E7C42BF0C409613D7
0DA61C24AE1284000D0D75C9168E6BB93BB203FFFFFFFFFFFC8FFF000016161E7C42BF0B409613EF
0DA5B724AD888400600D755F168E1AB93BB103FFFFFFFFFFFC8FFF00001C161E7C42BF0B40961307
0DA4DC24AC518400C90D7485168D77B94BB003FFFFFFFFFFFC8FFF000010161E7C42BF0B4096131F
0DA44224AB7D8401390D73F2168D04B93BB003FFFFFFFFFFFC8FFF00001C161E7C42BF0A40961337
0DA3D024AAD88401970D7382168CABB93BB003FFFFFFFFFFFC7FFF00001C161E7B42BF0A4096134F
0DA3A924AAA28401FB0D7359168C90B93BAF042FFFFFFFFFFC8FFF00001C161E7B42BF0A40961367
0DA37024AA5A8402650D7322168C69B93BAF2DDFFFFFFFFFFC8FFF000016161E7B42BF0A4096137F
0DA35224AA348402C00D7303168C52B92BAF03FFFFFFFFFFFC8FFF000016161E7B42BF0940961397
0DA32324A9F78403220D72D5168C31B92BAF03FFFFFFFFFFFC7FFF00001C161E7B42BF09409613AF
0DA2ED24A9B08403920D729A168C08B93BAE03FFFFFFFFFFFC7FFF00001D161E7B42BF09409613C7
0DA2A924A9518403F00D725A168BD7B93BAE98FFFFFFFFFFFC7FFF000013161E7B42BF09409613DF
0DA23D24A8B284044A0D7218168BA4B93BAE03FFFFFFFFFFFC8FFF000019161E7B42BF08409613F7
0DA11824A7038404B10D70C7168A99B92BAD03FFFFFFFFFFFC7FFF000016161E7B42BF084096130F
0DA0CF24A69F84051E0D7092168A6DB91BAD03FFFFFFFFFFFC7FFF00001D161E7B42BF0840961327
0DA08724A63484057E0D703D168A2DB8FBAD03FFFFFFFFFFFC7FFF00001D161E7B42BF074096133F
0DA03B24A5D28405D80D6FF81689F8B8FBAC0DAFFFFFFFFFFC8FFF000017161E7A42BF0740961357
0DA01524A5A28406460D6FD01689DEB8DBAC0A3FFFFFFFFFFC8FFF000010161E7A42BF074096136F
0D9FE524A5648406B30D6FA51689C0B8DBAB03FFFFFFFFFFFCAFFF00001D161E7A42BF0740961387
0D9FC124A5368407100D6F831689A8B8EBAA03FFFFFFFFFFFC7FFF00001D161E7A42BF064096139F
0D9FB524A5298407650D6F741689A0B8EBAA314FFFFFFFFFFC7FFF00001D161E7A42BF06409613B7
0D9FA824A5218407C20D6F6916899CB8DBAA532FFFFFFFFFFC8FFF000016161E7A42BF06409613CF
0D9F9724A5178408340D6F56168994B8EBA903FFFFFFFFFFFC8FFF00001D161E7A42BF06409613E7
0D9F3624A4918408AE0D6EF416894FB8EBA903FFFFFFFFFFFC8FFF000017161E7A42BF05409613FF
0D9E9624A3B484090C0D6E591688D8B8EBA803FFFFFFFFFFFC8FFF00001D161E7A42BF0540961317
0D9E5124A3528409520D6E0F16889FB8DBA903FFFFFFFFFFFC8FFF00001D161E7A42BF054096132F
0D9DF624A2DB8409B60D6DB9168861B8DBA9047FFFFFFFFFFC8FFF00001D161E7A42BF0440961347
0D9D7624A22A840A280D6D3B168803B8DBA803FFFFFFFFFFFC8FFF00001D161E7942BF044096135F
0D9C7124A0B8840A950D6C3E168743B8CBA803FFFFFFFFFFFC7FFF00001D161E7942BF0440961377
0D9B0F249EC3840AFA0D6ADA16862FB8CBA803FFFFFFFFFFFC7FFF00001D161E7942BF044096138F
0D9AEE249E96840B530D6ABD168619B8CBA86EDFFFFFFFFFFC9FFF00001D161E7942BF03409613A7
0D9AF2249EA1840BB10D6AC016861DB8CBA80B1FFFFFFFFFFC9FFF000017161E7942BF03409613BF
0D9AE2249E93840C200D6AB3168619B8ABA603FFFFFFFFFFFC9FFF00001D161E7942BF03409613D7
0D9AC4249E72840C850D6A96168605B8ABA603FFFFFFFFFFFC8FFF000017161E7942BF03409613EF
0D9A9C249E3D840CD40D6A691685E6B8ABA603FFFFFFFFFFFC7FFF00001D161E7942BF0240961307
0D9A42249DC6840D400D6A131685A9B8ABA503FFFFFFFFFFFC7FFF000017161E7942BF024096131F
0D9A3A249DC4840DB80D6A0A1685A6B8ABA503FFFFFFFFFFFC8FFF00001E161E7942BF0240961337
0D9A1A249D9F840E140D69FB16859DB8ABA503FFFFFFFFFFFC9FFF00001E161E7942BF024096134F
0D99BC249D21840E750D6990168551B8ABA503FFFFFFFFFFFC8FFF000016161E7942BF0140961367
0D992B249C58840ED50D68FE1684E5B89BA506FFFFFFFFFFFC8FFF000018161E7842BF014096137F
0D98EF249C09840F260D68C61684B9B89BA5595FFFFFFFFFFC9FFF00001C161E7842BF0140961397
0D98B4249BBC840F910D6889168490B89BA503FFFFFFFFFFFC9FFF000019161E7842BF00409613AF
0D982C249B0184100A0D680416842EB88BA503FFFFFFFFFFFC8FFF00001E161E7842BF00409613C7
0D97B5249A6484106C0D678E1683D6B89BA503FFFFFFFFFFFC9FFF000011161E7842BF00409613DF
0D976B2499FE8410C80D67441683A1B89BA403FFFFFFFFFFFC9FFF00001D161E7842BF00409613F7
0D973F2499C984112C0D671A168385B89BA403FFFFFFFFFFFC8FFF00001E161E7842BEFF4096130F
0D970D24998A8411880D66E9168362B88BA403FFFFFFFFFFFC8FFF00001E161E7842BEFF40961327
0D96C924992B8411E70D66A5168332B88BA303FFFFFFFFFFFC8FFF00001E161E7842BEFF4096133F
0D96872498DD84125D0D6665168306B88BA303FFFFFFFFFFFC9FFF000017161E7842BEFE40961357
0D96452498868412D80D66221682D8B88BA314CFFFFFFFFFFC8FFF00001D161E7842BEFE4096136F
0D95C92497E18413410D65AB168281B88BA30EDFFFFFFFFFFC7FFF000017161E7742BEFE40961387
0D955F24974C8413A20D6541168231B87BA303FFFFFFFFFFFC8FFF00001E161E7742BEFE4096139F
0D94CB24967F8414080D64AF1681C2B87BA303FFFFFFFFFFFC8FFF00001E161E7742BEFD409613B7
0D940924957284147A0D63ED168132B86BA230DFFFFFFFFFFC8FFF000014161E7742BEFD409613CF
0D93962494DA8414E90D63811680E0B86BA2546FFFFFFFFFFC6FFF00001E161E7742BEFD409603E7
0D93732494AA8415440D63611680CBB86BA103FFFFFFFFFFFC7FFF000017161E7742BEFD409603FF
0D935724948E8415A60D633E1680B5B85BA103FFFFFFFFFFFC7FFF00001E161E7742BEFC40961317
0D934424947D8416200D63291680ABB85BA103FFFFFFFFFFFC8FFF000017161E7742BEFC4096032F
0D933B24947B8416980D63241680AAB85BA003FFFFFFFFFFFC9FFF00001E161E7742BEFC40960347
0D933B2494858417010D63231680AFB85BA003FFFFFFFFFFFC9FFF00001E161E7742BEFC4096035F
0D93292494778417660D631D1680B0B84BA0042FFFFFFFFFFC7FFF00001D161E7742BEFB40960377
0D93002494428417C60D62E816808DB84BA0041FFFFFFFFFFC7FFF000012161E7642BEFB4096038F
0D92CA24940484182F0D62B816806DB84BA003FFFFFFFFFFFC8FFF00001E161E7642BEFB409603A7
0D92B42493EF8418A50D629E168061B85BA003FFFFFFFFFFFC8FFF00001E161E7642BEFB409603BF
0D928F2493CB84191E0D627716804AB85BA029EFFFFFFFFFFC8FFF00001E161E7642BEFA409603D7
0D92702493A984198E0D6258168038B85BA04BDFFFFFFFFFFC8FFF000018161E7642BEFA409603EF
0D924E2493808419ED0D623D168027B85BA003FFFFFFFFFFFC7FFF00001E161E7642BEFA40960307
0D9245249380841A510D6234168024B84BA003FFFFFFFFFFFC8FFF00001D161E7642BEF94096031F
0D9234249371841ABA0D621D16801BB84BA003FFFFFFFFFFFC8FFF000019161E7642BEF940960337
0D920024932C841B240D61CA167FE1B84B9F03FFFFFFFFFFFC8FFF00001F161E7642BEF94096034F
0D903C2490C2841B990D602C167EABB84B9F03FFFFFFFFFFFC8FFF00001F161E7642BEF940960367
0D8FF6249061841C070D5FEA167E77B84BA003FFFFFFFFFFFC8FFF000014161E7642BEF84096037F
0D8FE524904A841C4F0D5FD9167E6BB84BA003FFFFFFFFFFFC9FFF00001F161E7642BEF840960397
0D8FA4248FF3841CBA0D5F92167E38B84B9F03FFFFFFFFFFFC9FFF00001F161E7542BEF8409603AF
0D8F42248F72841D3B0D5F3A167DF9B84B9F508FFFFFFFFFFC8FFF00001F161E7542BEF8409603C7
0D8F34248F68841DA40D5F2B167DF1B84B9E0A0FFFFFFFFFFC8FFF000018161E7542BEF7409603DF
0D8F05248F2B841DF40D5EFE167DD4B83B9F03FFFFFFFFFFFC8FFF00001F161E7542BEF7409603F7
0D8EDB248EFE841E6A0D5ED5167DBEB82B9E03FFFFFFFFFFFC9FFF00001F161E7542BEF74095F30F
0D8EBF248EE3841EE20D5EBA167DADB82B9E730FFFFFFFFFFC9FFF000018161E7542BEF740960327
0D8EB6248EDE841F3D0D5EB0167DAAB83B9E3E7FFFFFFFFFFC8FFF00001E161E7542BEF64095F33F
0D8E56248E62841FAF0D5E46167D5EB82B9E03FFFFFFFFFFFC7FFF000018161E7542BEF64095F357
0D8DD4248DB584202D0D5DCF167D0AB82B9E03FFFFFFFFFFFC7FFF000019161E7542BEF64096036F
0D8DB0248D8A84208C0D5DAD167CF2B82B9E03FFFFFFFFFFFC8FFF00001E161E7542BEF64095F387
0D8D60248D1C8420E50D5D5D167CBAB82B9E03FFFFFFFFFFFC8FFF00001F161E7542BEF54095F39F
0D8CF6248C9084214B0D5CF7167C6DB82B9E252FFFFFFFFFFC8FFF00001F161E7442BEF54095F3B7
0D8CD4248C698421B10D5CD2167C55B82B9E03FFFFFFFFFFFC7FFF000018161E7442BEF54095F3CF
0D8C83248BF98422300D5C81167C1EB81B9E03FFFFFFFFFFFC6FFF00001F161E7442BEF44095F3E7
0D8BF6248B3E8422B30D5BF8167BB8B80B9E03FFFFFFFFFFFC6FFF000018161E7442BEF44095F3FF
0D8BAE248ADB8423050D5BB1167B80B81B9D781FFFFFFFFFFC7FFF000018161E7442BEF44095F317
0D8B72248A8784234A0D5B70167B52B80B9D03FFFFFFFFFFFC8FFF00001F161E7442BEF44095F32F
0D8B2B248A308423AD0D5B2E167B25B80B9D03FFFFFFFFFFFC8FFF00001F161E7442BEF34095F347
0D8A9A24896B84241D0D5A9F167ABEB81B9C03FFFFFFFFFFFC9FFF000019161E7442BEF34095F35F
0D894C24878B8424850D59491679B8B81B9C03FFFFFFFFFFFC8FFF00001F161E7442BEF34095F377
0D887C2486728424F40D5887167924B81B9C03FFFFFFFFFFFC8FFF000014161E7442BEF34095F38F
0D88282485FB84255B0D58361678E6B80B9C03FFFFFFFFFFFC8FFF00001A161E7442BEF24095F3A7
0D87AA24854C8425B50D57BA167889B7FB9C03FFFFFFFFFFFC8FFF00001D161E7342BEF24095F3BF
0D87582484DD8426110D576916784CB7DB9B03FFFFFFFFFFFC8FFF000020161E7342BEF24095F3D7
0D872A24849F84266B0D573A16782CB7CB9A296FFFFFFFFFFC8FFF000020161E7342BEF14095F3EF
0D86D924843C8426CB0D56EC1677F5B7CB994CCFFFFFFFFFFC8FFF000019161E7342BEF14095F307
0D86842483CB8427440D56981677BAB7BB9803FFFFFFFFFFFC8FFF000019161E7342BEF14095F31F
0D862B2483578427C00D564016777BB7BB9803FFFFFFFFFFFC8FFF000019161E7342BEF14095F337
0D861B24834684280F0D562B16776CB7AB9803FFFFFFFFFFFC7FFF000019161E7342BEF04095F34F
0D85FE24832084285B0D561216775BB7BB9803FFFFFFFFFFFC7FFF000020161E7342BEF04095F367
0D85AB2482B78428C80D55C2167727B7BB9803FFFFFFFFFFFC8FFF000020161E7342BEF04095F37F
0D857A24827D8429310D5593167706B7AB9703FFFFFFFFFFFC9FFF000019161E7342BEF04095F397
0D850C2481E68429890D55231676B5B79B9703FFFFFFFFFFFC8FFF000019161E7342BEEF4095E3AF
0D843F2480CC8429FF0D545C167623B79B9703FFFFFFFFFFFC8FFF000020161E7242BEEF4095E3C7
0D83EE248063842A6F0D540B1675E6B7AB97378FFFFFFFFFFC8FFF000019161E7242BEEF4095E3DF
0D83DB24804F842AC00D53FB1675DCB7AB9708AFFFFFFFFFFC7FFF00001F161E7242BEEF4095E3F7
0D83A924800D842B210D53C31675B6B79B9703FFFFFFFFFFFC7FFF000019161E7242BEEE4095D30F
0D8373247FCA842B8F0D5393167595B79B9603FFFFFFFFFFFC8FFF00001A161E7242BEEE4095E327
0D8341247F88842BE40D5361167571B78B964B4FFFFFFFFFFC7FFF000020161E7242BEEE4095F33F
0D82C6247EE2842C430D52E6167518B77B962DDFFFFFFFFFFC7FFF000019161E7242BEED4095D357
0D8251247E48842CC30D52721674C5B78B9503FFFFFFFFFFFC8FFF000020161E7242BEED4095E36F
0D81ED247DC4842D2E0D520E167479B77B9403FFFFFFFFFFFC8FFF000019161E7242BEED4095D387
0D81D3247DA1842D7C0D51F5167468B77B9403FFFFFFFFFFFC8FFF000020161E7242BEED4095D39F
0D8168247D0F842DE10D518D16741FB77B9403FFFFFFFFFFFC8FFF000020161E7142BEEC4095D3B7
0D80DA247C51842E4D0D51011673B8B77B9303FFFFFFFFFFFC9FFF00001C161E7142BEEC4095D3CF
0D8089247BE1842E9D0D50AC167375B77B9203FFFFFFFFFFFC8FFF00001E161E7142BEEC4095D3E7
0D8045247B89842EFB0D506C16734EB76B9203FFFFFFFFFFFC8FFF00001F161E7142BEEB4095D3FF
0D7F69247A62842F7A0D4F961672B3B76B9203FFFFFFFFFFFC8FFF000020161E7142BEEB4095D317
0D7EA024794D842FDE0D4ED316721DB75B92432FFFFFFFFFFC8FFF00001A161E7142BEEB4095D32F
0D7E232478A08430310D4E541671BEB75B9203FFFFFFFFFFFC8FFF000020161E7142BEEB4095D347
0D7E0824787E8430980D4E391671AAB75B9103FFFFFFFFFFFC7FFF000015161E7142BEEA4095D35F
0D7E0224787B8430F20D4E331671A8B73B9103FFFFFFFFFFFC7FFF00001E161E7142BEEA4095D377
0D7DCF2478408431560D4DFE167189B73B91A8EFFFFFFFFFFC8FFF00001D161E7142BEEA4095D38F
0D7D972478018431CD0D4DC9167166B73B9011EFFFFFFFFFFC6FFF000021161E7142BEEA4095D3A7
0D7D782477D88432330D4DAA167152B73B9003FFFFFFFFFFFC9FFF00001A161E7042BEE94095D3BF
0D7D4F2477A784328F0D4D80167136B73B9003FFFFFFFFFFFC8FFF000021161E7042BEE94095D3D7
0D7D092477528432F30D4D3D167108B73B9003FFFFFFFFFFFCAFFF000021161E7042BEE94095D3EF
0D7CD52477128433570D4D081670E6B73B8F06EFFFFFFFFFFC8FFF000021161E7042BEE94095D307
0D7C922476BE8433CA0D4CC61670B8B73B8F0CEFFFFFFFFFFC8FFF000014161E7042BEE84095D31F
0D7C582476788434390D4C8E167094B73B8F03FFFFFFFFFFFC8FFF000020161E7042BEE84095D337
0D7C0B24761284349B0D4C4216705FB72B8F03FFFFFFFFFFFC7FFF000021161E7042BEE84095D34F
0D7B8B2475658434FD0D4BC4167004B72B8F099FFFFFFFFFFC7FFF000021161E7042BEE84095D367
0D7AE72474888435640D4B21166F8BB71B8F784FFFFFFFFFFC7FFF000021161E7042BEE74095D37F
0D7A8924740E8435CA0D4AC4166F49B71B8F03FFFFFFFFFFFC8FFF00001A161E7042BEE74095D397
0D7A482473BF8436370D4A85166F1EB71B8F03FFFFFFFFFFFC9FFF00001B161E6F42BEE74095D3AF
0D79DF2473338436AC0D4A1E166ED5B71B8E03FFFFFFFFFFFC8FFF00001F161E6F42BEE64095C3C7
0D79A92472EB84370E0D49E8166EADB71B8E03FFFFFFFFFFFC9FFF00001C161E6F42BEE64095D3DF
0D79802472B68437650D49BF166E93B71B8D55EFFFFFFFFFFC8FFF00001A161E6F42BEE64095D3F7
0D795824728A8437D50D4997166E7AB70B8D0BCFFFFFFFFFFC7FFF000014161E6F42BEE64095D30F
0D793A2472708438470D497D166E6AB70B8D03FFFFFFFFFFFC8FFF000021161E6F42BEE54095D327
0D79192472488438AD0D4959166E53B70B8D03FFFFFFFFFFFC8FFF000021161E6F42BEE54095C33F
0D78DF24720184391C0D491F166E2EB6FB8D71DFFFFFFFFFFC8FFF000021161E6F42BEE54095D357
0D788424718884398D0D48CA166DF2B6FB8D412FFFFFFFFFFC7FFF000021161E6F42BEE54095D36F
0D7747246FD18439FA0D4790166D0BB70B8D03FFFFFFFFFFFC7FFF00001B161E6F42BEE44095D387
0D7640246E69843A680D468C166C45B71B8E03FFFFFFFFFFFC8FFF000022161E6F42BEE44095C39F
0D75D8246DD9843AD00D4624166BF8B71B8D03FFFFFFFFFFFC8FFF00001A161E6E42BEE44095C3B7
0D74D0246C6A843B3E0D451F166B35B70B8D03FFFFFFFFFFFC8FFF00001B161E6E42BEE44095D3CF
0D7402246B52843BB60D4454166A9DB70B8D23AFFFFFFFFFFC9FFF000022161E6E42BEE34095C3E7
0D7399246AC3843C330D43EC166A51B6FB8C03FFFFFFFFFFFC7FFF00001C161E6E42BEE34095C3FF
0D732B246A2F843CA20D437D1669FDB6DB8A03FFFFFFFFFFFC8FFF000020161E6E42BEE34095C317
0D73042469FD843D030D43581669E4B6CB8A03FFFFFFFFFFFC6FFF000022161E6E42BEE24095C32F
0D72BA24699D843D680D43111669B2B6BB8965EFFFFFFFFFFC7FFF000022161E6E42BEE24095C347
0D725D246923843DD60D42B7166972B6AB8803FFFFFFFFFFFC8FFF000022161E6E42BEE24095C35F
0D721F2468D4843E4F0D4278166947B6BB8803FFFFFFFFFFFC8FFF00001B161E6E42BEE24095C377
0D7187246807843EC90D41E11668DAB6AB8703FFFFFFFFFFFC8FFF00001B161E6E42BEE14095C38F
0D70DB246722843F3A0D413916685FB6AB8703FFFFFFFFFFFC8FFF00001B161E6D42BEE14095C3A7
0D707C2466A2843F9F0D40DB166819B69B8703FFFFFFFFFFFC8FFF000022161E6D42BEE14095C3BF
0D704524665B8440070D40A21667F3B69B8603FFFFFFFFFFFC8FFF00001B161E6D42BEE14095C3D7
0D6FDC2465D084407C0D403E1667ABB68B8603FFFFFFFFFFFC9FFF000022161E6D42BEE04095C3EF
0D6F922465738440E90D3FF7166779B68B8503FFFFFFFFFFFC8FFF000015161E6D42BEE04095C307
0D6F842465688441540D3FE416676EB67B8503FFFFFFFFFFFC7FFF000022161E6D42BEE04095B31F
0D6F732465598441CA0D3FD816676BB67B8403FFFFFFFFFFFC9FFF00001F161E6D42BEE04095C337
0D6F5224653384423C0D3FB6166755B65B8303FFFFFFFFFFFC9FFF00001E161E6D42BEDF4095C34F
0D6F372465198442A60D3F92166740B65B8303FFFFFFFFFFFC8FFF000022161E6D42BEDF4095C367
0D6F242465078443140D3F8616673BB65B82126FFFFFFFFFFC7FFF00001F161E6D42BEDF4095B37F
0D6F152464FC84437F0D3F7A166738B66B82A1EFFFFFFFFFFC7FFF00001D161E6D42BEDE4095B397
0D6F012464EC8443E80D3F6C166732B66B8203FFFFFFFFFFFC8FFF000022161E6C42BEDE4095C3AF
0D6EDF2464C684445E0D3F4216671AB66B8203FFFFFFFFFFFC7FFF000020161E6C42BEDE4095C3C7
0D6E7F24644C8444D70D3EE51666D9B65B8203FFFFFFFFFFFC7FFF000017161E6C42BEDE4095B3DF
0D6E462464028445360D3EAF1666B2B65B8203FFFFFFFFFFFC7FFF000022161E6C42BEDD4095B3F7
0D6E342463F484459D0D3E9D1666A9B65B8303FFFFFFFFFFFC8FFF000022161E6C42BEDD4095B30F
0D6E1C2463DE8446120D3E8316669DB65B8303FFFFFFFFFFFC8FFF000022161E6C42BEDD4095B327
0D6E142463D78446690D3E8016669DB65B8303FFFFFFFFFFFC9FFF00001C161E6C42BEDD4095B33F
0D6E0E2463D88446C70D3E7B16669FB65B8303FFFFFFFFFFFC9FFF000022161E6C42BEDC4095B357
0D6D7424630C8447450D3DCD166622B65B8203FFFFFFFFFFFC7FFF00001C161E6C42BEDC4095B36F
0D6CCA2462278447A90D3D1E1665A0B65B8203FFFFFFFFFFFC8FFF000022161E6C42BEDC4095B387
0D6C6024619C8448010D3CC5166562B65B8303FFFFFFFFFFFC8FFF00001C161E6B42BEDB4095B39F
0D6BB72460B58448790D3C59166514B65B8203FFFFFFFFFFFC8FFF000023161E6B42BEDB4095B3B7
0D6B612460438448EB0D3BD11664B1B64B8212CFFFFFFFFFFC8FFF00001D161E6B42BEDB4095A3CF
0D6B02245FC58449420D3B6A166464B64B829E2FFFFFFFFFFC9FFF000022161E6B42BEDB4095A3E7
0D6A63245EEC8449A30D3AD01663F6B64B81105FFFFFFFFFFC9FFF000023161E6B42BEDA4095B3FF
0D69D0245E28844A0B0D3A4116638CB63B8103FFFFFFFFFFFC7FFF000023161E6B42BEDA4095B317
0D6987245DCC844A7B0D39F6166357B63B8103FFFFFFFFFFFC7FFF000023161E6B42BEDA4095B32F
0D6944245D74844AF10D39C3166335B62B8103FFFFFFFFFFFC7FFF00001C161E6B42BEDA4095A347
0D6911245D37844B4D0D3990166310B61B81176FFFFFFFFFFC8FFF000023161E6B42BED94095A35F
0D68EA245D07844BAB0D395F1662F0B60B80AB7FFFFFFFFFFC8FFF00001C161E6B42BED94095A377
0D68B1245CBF844C180D392D1662CFB60B80112FFFFFFFFFFC7FFF00001C161E6A42BED94095938F
0D6859245C48844C800D38D416628EB60B7F03FFFFFFFFFFFC8FFF000023161E6A42BED84095B3A7
0D67C1245B7A844CDF0D383B16621FB60B7F03FFFFFFFFFFFC8FFF00001D161E6A42BED8409593BF
0D6732245AB9844D4D0D37B41661BCB60B7E03FFFFFFFFFFFC8FFF000021161E6A42BED84095A3D7
0D66F5245A6D844DBC0D377316618DB5FB7E0E2FFFFFFFFFFC8FFF000023161E6A42BED84095A3EF
0D66B6245A1B844E1A0D3734166162B5FB7E811FFFFFFFFFFC7FFF000023161E6A42BED74095A307
0D663A24597A844E8C0D36BC16610CB5EB7D0EAFFFFFFFFFFC7FFF000023161E6A42BED74095931F
0D660B24593F844EEF0D36931660F0B5EB7D03FFFFFFFFFFFC7FFF00001C161E6A42BED74095A337
0D64EF2457AD844F430D3565166014B5EB7D03FFFFFFFFFFFC7FFF00001C161E6A42BED64095A34F
0D64552456E5844FB20D34DD165FAAB5EB7C03FFFFFFFFFFFC7FFF00001D161E6A42BED640959367
0D641624569484502B0D349F165F80B5DB7C0B5FFFFFFFFFFC7FFF000022161E6A42BED64095937F
0D63B124560B8450900D3434165F31B5CB7B757FFFFFFFFFFC7FFF00001C161E6A42BED640959397
0D63662455A78450E40D33ED165EFBB5CB7B0E3FFFFFFFFFFC8FFF000023161E6942BED5409593AF
0D634D24558C84514D0D33D6165EEFB5CB7A03FFFFFFFFFFFC7FFF000023161E6942BED5409593C7
0D633C24557B8451C50D33C8165EEAB5BB7A03FFFFFFFFFFFC7FFF000023161E6942BED5409593DF
0D63292455688452290D33B5165EDDB5AB7903FFFFFFFFFFFC8FFF00001D161E6942BED5409593F7
0D631A24555A8452840D33A4165ED6B5AB7903FFFFFFFFFFFC7FFF000024161E6942BED44095930F
0D62E42455188452EB0D336C165EAFB59B78378FFFFFFFFFFC7FFF000024161E6942BED440959327
0D628824549F8453570D3312165E71B59B777B7FFFFFFFFFFC8FFF000024161E6942BED44095933F
0D61EC2453CE8453C50D327E165E05B59B772DFFFFFFFFFFFC8FFF000024161E6942BED340959357
0D61A924537C8454390D323B165DD6B59B77A2AFFFFFFFFFFC7FFF00001D161E6942BED34095936F
0D617524532F8454950D31F2165DA5B59B7703EFFFFFFFFFFC7FFF00001F161E6942BED340959387
0D60862451E98454E80D310E165CFAB59B7703FFFFFFFFFFFC8FFF000021161E6942BED34095939F
0D601D24516584555E0D30B2165CB8B59B7603FFFFFFFFFFFC7FFF00001D161E6842BED2409593B7
0D5FA92450C68455D00D3044165C67B58B7603FFFFFFFFFFFC7FFF00001D161E6842BED2409593CF
0D5F3D2450388456240D2FD3165C13B57B761F3FFFFFFFFFFC8FFF000023161E6842BED2409593E7
0D5ED8244FAF84568F0D2F6F165BCDB56B768C8FFFFFFFFFFC8FFF000023161E6842BED2409593FF
0D5E4A244EF38457070D2EE8165B6BB56B7503EFFFFFFFFFFC8FFF000016161E6842BED140959317
0D5E11244EAA8457710D2EB4165B47B56B7503FFFFFFFFFFFC8FFF000023161E6842BED14095932F
0D5DE8244E7A8457D60D2E84165B26B55B7404BFFFFFFFFFFC7FFF000024161E6842BED140959347
0D5DB0244E318458360D2E4C165B00B54B739DEFFFFFFFFFFC7FFF000020161E6842BED04095835F
0D5D52244DB284588C0D2DED165ABCB54B723D4FFFFFFFFFFC7FFF000021161E6842BED040959377
0D5C7C244C908458F70D2D16165A1DB53B7203FFFFFFFFFFFC8FFF00001D161E6842BED04095838F
0D5C44244C4D8459720D2CE41659FBB53B7203FFFFFFFFFFFC8FFF000022161E6842BED0409593A7
0D5C0E244C068459E80D2CB11659D8B52B7103FFFFFFFFFFFC8FFF00001F161E6842BECF409583BF
0D5BC8244BAE845A480D2C6A1659A5B51B7103FFFFFFFFFFFC6FFF000024161E6842BECF409593D7
0D5BA0244B7D845AA50D2C4316598BB51B7176CFFFFFFFFFFC7FFF000024161E6742BECF409583EF
0D5B61244B29845B0A0D2C0516595FB51B70334FFFFFFFFFFC8FFF00001E161E6742BECE40958307
0D5B3A244AFB845B620D2BDB165943B51B6F03FFFFFFFFFFFC8FFF000023161E6742BECE4095831F
0D5AC7244A62845BCF0D2B681658F2B51B6F045FFFFFFFFFFC7FFF00001D161E6742BECE40958337
0D5A2B24498C845C4E0D2AD1165886B51B6F45CFFFFFFFFFFC7FFF000024161E6742BECE4095834F
0D595D244876845CB80D2A0D1657F3B50B6E8D1FFFFFFFFFFC7FFF00001D161E6742BECD40958367
0D58E62447D9845D1E0D298A165792B4FB6E03FFFFFFFFFFFC7FFF000024161E6742BECD4095837F
0D58C32447AA845D7B0D296F16577EB4FB6E03FFFFFFFFFFFC7FFF000024161E6742BECD40958397
0D58B82447A0845DD50D2963165779B4FB6D03FFFFFFFFFFFC8FFF000025161E6742BECD409583AF
0D589C244785845E450D2950165771B4EB6D03FFFFFFFFFFFC8FFF000025161E6742BECC409583C7
0D587A24475E845EAF0D292A16575AB4DB6C355FFFFFFFFFFC8FFF000025161E6742BECC409583DF
0D586D244756845F0E0D291A165751B4CB6C7A9FFFFFFFFFFC8FFF000024161E6742BECC409583F7
0D583D24471F845F860D28ED165737B4CB6B03FFFFFFFFFFFC8FFF000022161E6742BECB4095830F
0D57DF2446A3845FFE0D28941656F8B4CB6B03FFFFFFFFFFFC8FFF000020161E6642BECB40958327
0D57A12446588460660D28551656CBB4CB6B03FFFFFFFFFFFC9FFF000025161E6642BECB4095733F
0D579424464D8460C70D28481656C5B4CB6B03FFFFFFFFFFFC8FFF00001E161E6642BECB40957357
0D577724462D8461260D282B1656B4B4CB6B1AAFFFFFFFFFFC8FFF000025161E6642BECA4095736F
0D573F2445EA8461970D27F216568FB4BB6AC10FFFFFFFFFFC8FFF000025161E6642BECA40958387
0D56D224455B8462210D2784165645B4BB6A463FFFFFFFFFFC7FFF000025161E6642BECA4095739F
0D56172444638462AB0D26CC1655BFB4CB6A03FFFFFFFFFFFC7FFF00001E161E6642BECA409583B7
0D558424439D8463200D263D165557B4CB6A03FFFFFFFFFFFC7FFF000025161E6642BEC9409573CF
0D552E24432E84638C0D25EA16551BB4BB6903FFFFFFFFFFFC7FFF000025161E6642BEC9409583E7
0D54FB2442ED8464040D25B51654FAB4BB6903FFFFFFFFFFFC8FFF00001E161E6642BEC9409563FF
0D54A52442818464840D25641654C0B4AB68846FFFFFFFFFFC9FFF000025161E6642BEC840957317
0D547E2442538464DF0D253D1654A4B49B6838DFFFFFFFFFFC8FFF000025161E6642BEC84095732F
0D545E24422D8465400D251C165491B48B68713FFFFFFFFFFC8FFF000025161E6642BEC840957347
0D541C2441DD8465C40D24DA165467B47B6869AFFFFFFFFFFC8FFF000025161E6642BEC84095735F
0D53DA24418A8466390D249A16543AB47B6803FFFFFFFFFFFC7FFF000025161E6542BEC740956377
0D53BF24416A84668C0D247E165426B46B6803FFFFFFFFFFFC7FFF000025161E6542BEC74095638F
0D533E2440B98466E50D24021653CDB46B6803FFFFFFFFFFFC8FFF00001A161E6542BEC7409563A7
0D527D243FB584674F0D2343165342B46B6703FFFFFFFFFFFC8FFF000025161E6542BEC6409563BF
0D522B243F4D8467B70D22F1165306B46B674CEFFFFFFFFFFC8FFF000025161E6542BEC6409573D7
0D51D7243EDA84681E0D229F1652CBB45B674EDFFFFFFFFFFC8FFF00001F161E6542BEC6409573EF
0D5173243E5A84688E0D223A165284B44B6603FFFFFFFFFFFC8FFF00001E161E6542BEC640956307
0D5138243E0B8468FC0D220116525BB43B6503FFFFFFFFFFFC8FFF00001E161E6542BEC54095631F
0D50C9243D7884695E0D219316520CB43B6430CFFFFFFFFFFC7FFF000025161E6542BEC540956337
0D502A243CA28469B90D20F5165198B42B64A9BFFFFFFFFFFC8FFF00001E161E6542BEC54095634F
0D4FDF243C42846A1B0D20B0165166B42B6403EFFFFFFFFFFC7FFF000023161E6542BEC440956367
0D4F8B243BD1846A910D2057165129B42B6303FFFFFFFFFFFC7FFF00001C161E6542BEC44095637F
0D4F25243B4A846B010D1FF71650E4B41B6203FFFFFFFFFFFC7FFF00001F161E6542BEC440955397
0D4EDB243AE6846B500D1FA41650A8B41B6303FFFFFFFFFFFC8FFF000026161E6442BEC4409553AF
0D4E9C243A99846BAF0D1F6F165085B41B62179FFFFFFFFFFC8FFF000026161E6442BEC3409553C7
0D4E4F243A31846C0D0D1F2016504BB41B627C6FFFFFFFFFFC8FFF000020161E6442BEC3409553DF
0D4E092439D3846C5D0D1ED5165016B41B6103EFFFFFFFFFFC8FFF000024161E6442BEC3409553F7
0D4DDE2439A1846CC40D1EB1164FFDB40B6103FFFFFFFFFFFC8FFF000026161E6442BEC24095530F
0D4DC4243984846D2F0D1E95164FEBB3FB60040FFFFFFFFFFC8FFF00001F161E6442BEC240955327
0D4D7524391A846D7F0D1E3C164FABB3EB5F926FFFFFFFFFFC7FFF000019161E6442BEC24095533F
0D4D4A2438E5846DC90D1E1F164F96B3DB5F3C4FFFFFFFFFFC8FFF00001E161E6442BEC240955357
0D4D212438B3846E260D1DF6164F7DB3DB5F03FFFFFFFFFFFC8FFF000026161E6442BEC14095536F
0D4CD9243857846E850D1DAD164F4AB3DB5E03FFFFFFFFFFFC8FFF00001F161E6442BEC140955387
0D4C672437B9846EDC0D1D36164EF5B3DB5D03FFFFFFFFFFFC8FFF000026161E6442BEC14095539F
0D4BB52436C2846F3A0D1C8F164E75B3EB5D03FFFFFFFFFFFC8FFF00001F161E6442BEC0409553B7
0D4B3B24361E846F9E0D1C16164E1BB3EB5D03FFFFFFFFFFFC8FFF000025161E6442BEC0409553CF
0D4AFF2435CC846FF60D1BDA164DEFB3DB5D03FFFFFFFFFFFC7FFF00001F161E6442BEC0409553E7
0D4AD52435988470420D1BAF164DD2B3CB5C03FFFFFFFFFFFC6FFF000026161E6342BEC0409543FF
0D4A8724353184709D0D1B65164D9EB3BB5B03FFFFFFFFFFFC8FFF000026161E6342BEBF40955317
0D4A522434EE8470F60D1B32164D79B3BB5A03FFFFFFFFFFFC7FFF000026161E6342BEBF4095532F
0D4A3B2434D68471350D1B1A164D67B3AB5A03FFFFFFFFFFFC7FFF000026161E6342BEBF40954347
0D4A172434A484717F0D1AF5164D50B3AB5A03FFFFFFFFFFFC8FFF000026161E6342BEBE4095435F
0D49E72434708471EF0D1AC8164D35B3AB5903FFFFFFFFFFFC8FFF000024161E6342BEBE40954377
0D49CD2434558472440D1AAF164D23B3AB5903FFFFFFFFFFFC7FFF00001C161E6342BEBE4095438F
0D49B824343984727D0D1A98164D15B39B5803FFFFFFFFFFFC7FFF000026161E6342BEBE409553A7
0D497C2433EA8472CF0D1A5C164CEDB39B5803FFFFFFFFFFFC7FFF000026161E6342BEBD409543BF
0D49612433C38472D90D1A49164CD8B38B570CBFFFFFFFFFFC7FFF000020161E6342BEBD409543D7
0D49832433F48472A60D1A69164CECB37B579F7FFFFFFFFFFC8FFF000026161E6342BEBD409543EF
0D49732433DC8472BE0D1A58164CE1B37B5703FFFFFFFFFFFC7FFF000020161E6342BEBD40954307
0D496F2433D18472B40D1A59164CDFB37B5603FFFFFFFFFFFC7FFF000020161E6342BEBC4095431F
0D499A24340C8472920D1A80164CFBB37B5703FFFFFFFFFFFC7FFF000026161E6342BEBC40954337
0D499224340484729D0D1A75164CF5B37B5603FFFFFFFFFFFC7FFF000026161E6342BEBC4095434F
0D497D2433DE8472A60D1A63164CE6B37B57044FFFFFFFFFFC8FFF000020161E6342BEBB40954367
0D49A824341B8472800D1A8F164D04B36B5603FFFFFFFFFFFC7FFF000027161E6242BEBB4095437F
0D49B02434288472730D1A98164D0AB36B5603FFFFFFFFFFFC7FFF000027161E6242BEBB40954397
0D49A42434158472800D1A8A164D02B36B5603FFFFFFFFFFFC8FFF000027161E6242BEBB409543AF
0D49A824341A8472770D1A90164D05B36B563A2FFFFFFFFFFC9FFF000027161E6242BEBA409543C7
0D49AF2434258472710D1A96164D0BB37B552A7FFFFFFFFFFC8FFF00001E161E6242BEBA409543DF
0D499624340384728A0D1A7A164CF5B37B5503FFFFFFFFFFFC9FFF000020161E6242BEBA409543F7
0D49822433EA84729D0D1A68164CE8B37B5503FFFFFFFFFFFC8FFF00001F161E6242BEBA4095430F
0D49862433E88472910D1A6E164CEBB37B5603FFFFFFFFFFFC8FFF000027161E6242BEB940953327
0D49942433FF8472790D1A7A164CF3B38B5503FFFFFFFFFFFC8FFF000020161E6242BEB94095333F
0D498C2433F58472820D1A72164CEEB38B5603FFFFFFFFFFFC9FFF000027161E6242BEB940954357
0D497E2433E38472940D1A66164CE6B37B5603FFFFFFFFFFFC8FFF000027161E6242BEB84095336F
0D497E2433DE84728F0D1A64164CE6B37B5703FFFFFFFFFFFC6FFF000027161E6242BEB840953387
0D496E2433D08472A20D1A57164CDDB36B5703FFFFFFFFFFFC8FFF000027161E6242BEB84095239F
0D49702433CE8472A80D1A58164CDCB37B572F7FFFFFFFFFFC8FFF000020161E6242BEB8409533B7
0D49712433CB8472920D1A5A164CDCB37B5703EFFFFFFFFFFC8FFF000026161E6242BEB7409533CF
0D49702433CD8472970D1A5A164CDEB37B5703FFFFFFFFFFFC8FFF000027161E6242BEB7409533E7
0D49702433CE8472AD0D1A59164CDDB37B5603FFFFFFFFFFFC8FFF000020161E6142BEB7409533FF
0D49712433D38472AC0D1A5A164CDDB37B57895FFFFFFFFFFC9FFF000027161E6142BEB640952317
0D49732433D48472AF0D1A5B164CDFB36B56154FFFFFFFFFFC8FFF000020161E6142BEB64095232F
0D496D2433CF8472C90D1A55164CDCB37B5603FFFFFFFFFFFC8FFF000020161E6142BEB640952347
0D496C2433CC8472C90D1A57164CDCB37B5603FFFFFFFFFFFC7FFF000027161E6142BEB54095235F
0D49742433D78472C60D1A5C164CE0B37B5603FFFFFFFFFFFC6FFF000024161E6142BEB540952377
0D496B2433C98472C80D1A52164CD9B37B5703FFFFFFFFFFFC7FFF00001E161E6142BEB54095238F
0D49602433BF8472CE0D1A49164CD2B37B5603FFFFFFFFFFFC7FFF000027161E6142BEB5409523A7
0D49592433B68472DF0D1A43164CCFB36B5603FFFFFFFFFFFC6FFF000026161E6142BEB4409523BF
0D494A2433A38472FE0D1A31164CC4B36B5603FFFFFFFFFFFC6FFF000022161E6142BEB4409523D7
0D493824338B8473160D1A20164CB7B36B5603FFFFFFFFFFFC8FFF000020161E6142BEB4409523EF
0D49332433848473190D1A1D164CB4B36B5603FFFFFFFFFFFC9FFF000027161E6142BEB440952307
0D493724338784730D0D1A20164CB6B36B5603FFFFFFFFFFFC7FFF000028161E6142BEB34095131F
0D49362433898473090D1A1F164CB6B37B5603FFFFFFFFFFFC8FFF000021161E6142BEB340951337
0D49332433868473280D1A1D164CB5B36B5603FFFFFFFFFFFC8FFF000028161E6142BEB34095234F
0D492324337284734A0D1A0D164CABB36B5603FFFFFFFFFFFC8FFF000023161E6142BEB240951367
0D48FF24334284736A0D19EA164C92B36B5603FFFFFFFFFFFC8FFF000026161E6042BEB24095137F
0D48EB24332884738C0D19D5164C84B36B5503FFFFFFFFFFFC8FFF000028161E6042BEB240951397
0D48EC2433298473960D19D6164C84B37B5503FFFFFFFFFFFC8FFF000028161E6042BEB2409513AF
0D48EF24332A8473800D19DA164C84B37B5603FFFFFFFFFFFC8FFF000028161E6042BEB1409523C7
0D48F12433308473800D19D9164C85B36B5603FFFFFFFFFFFC8FFF000029161E6042BEB1409513DF
0D48EF2433308473B80D19D7164C89B36B5503FFFFFFFFFFFC8FFF000029161E6042BEB1409513F7
0D48EA2433348473E20D19D3164C86B36B5503FFFFFFFFFFFC7FFF00001D161E6042BEB04095130F
0D48EE2433368473ED0D19D7164C8BB37B5503FFFFFFFFFFFC8FFF000028161E6042BEB040951327
0D48EB24333984740E0D19D4164C8AB37B5603FFFFFFFFFFFC8FFF000028161E6042BEB04095133F
0D48E424332E8474350D19CD164C87B37B5603FFFFFFFFFFFC8FFF000021161E6042BEB040951357
0D48E024332F84743F0D19CA164C85B37B5603FFFFFFFFFFFC8FFF000022161E6042BEAF4095136F
0D48DD24332B8474520D19C7164C83B37B5603FFFFFFFFFFFC8FFF000022161E6042BEAF40951387
0D48D52433258474670D19C0164C80B38B5603FFFFFFFFFFFC8FFF000029161E6042BEAF4095039F
0D48C424330D8474850D19AD164C71B38B5603FFFFFFFFFFFC8FFF000029161E6042BEAE409503B7
0D489A2432D48474C10D1981164C56B38B5603FFFFFFFFFFFC7FFF000022161E6042BEAE409503CF
0D48852432C38474F80D196D164C48B38B5603FFFFFFFFFFFC7FFF00001B161E6042BEAE409503E7
0D48832432BA8474FD0D196D164C46B38B5603FFFFFFFFFFFC8FFF000029161E5F42BEAE409503FF
0D487E2432B88475090D1968164C43B37B5603FFFFFFFFFFFC9FFF000022161E5F42BEAD40950317
0D486024328F8475290D1942164C28B37B5603FFFFFFFFFFFC9FFF000029161E5F42BEAD4095032F
0D484324326A84755A0D192D164C1DB36B5603FFFFFFFFFFFC9FFF000023161E5F42BEAD40950347
0D48282432498475950D190E164C08B36B5603FFFFFFFFFFFC8FFF000028161E5F42BEAC4095035F
0D481124322C8475B50D18FE164BFBB36B5603FFFFFFFFFFFC8FFF000029161E5F42BEAC40950377
0D48132432318475D70D18FE164BFEB36B5503FFFFFFFFFFFC6FFF000022161E5F42BEAC4095038F
0D481124323584760B0D18FD164C01B36B5503FFFFFFFFFFFC6FFF000028161E5F42BEAC409503A7
0D480D24322F8476300D18F8164BFEB35B5503FFFFFFFFFFFC7FFF000023161E5F42BEAB409503BF
0D480C24323084764A0D18F7164BFEB34B5503FFFFFFFFFFFC7FFF00001E161E5F42BEAB409503D7
0D480A24323684767F0D18F5164C01B34B5503FFFFFFFFFFFC7FFF000029161E5F42BEAB409503EF
0D47F324321B8476B80D18D3164BE8B34B5403FFFFFFFFFFFC7FFF00002A161E5F42BEAA40950307
0D47872431828476E30D1853164B83B34B5403FFFFFFFFFFFC7FFF000023161E5F42BEAA4095031F
0D46CC24307F8477180D17AE164B0DB35B5403FFFFFFFFFFFC7FFF000024161E5F42BEAA40950337
0D467424300B84774A0D175D164AD2B35B5503FFFFFFFFFFFC8FFF000028161E5F42BEAA4095034F
0D4659242FE984777A0D1748164AC1B35B5403FFFFFFFFFFFC8FFF00002A161E5F42BEA940950367
0D4627242FA28477AB0D1718164A9DB34B5303FFFFFFFFFFFC8FFF00002A161E5F42BEA94095037F
0D4608242F7E8477ED0D16F9164A8CB33B5303FFFFFFFFFFFC8FFF00002A161E5F42BEA94094F397
0D4603242F7D84782B0D16F3164A8BB33B5303FFFFFFFFFFFC8FFF000023161E5E42BEA8409503AF
0D45FF242F788478520D16F0164A89B32B5203FFFFFFFFFFFC6FFF00002A161E5E42BEA84094F3C7
0D45F2242F708478870D16E1164A7FB32B5203FFFFFFFFFFFC6FFF00002A161E5E42BEA84094F3DF
0D45DA242F528478CA0D16C8164A72B31B5103FFFFFFFFFFFC8FFF00002A161E5E42BEA84094F3F7
0D45B6242F2984791B0D16A7164A5CB31B5103FFFFFFFFFFFC8FFF00002A161E5E42BEA74094F30F
0D45A7242F1384794A0D16A0164A57B30B5003FFFFFFFFFFFC8FFF000023161E5E42BEA74094E327
0D4595242EFB8479610D168A164A48B30B5003FFFFFFFFFFFC8FFF000024161E5E42BEA74094E33F
0D4554242EAA8479B60D1646164A1DB30B5003FFFFFFFFFFFC8FFF00002B161E5E42BEA64094E357
0D44D3242E00847A160D15C91649C2B31B5003FFFFFFFFFFFC7FFF000023161E5E42BEA64094E36F
0D44B9242DDD847A3E0D15AB1649A9B31B5003FFFFFFFFFFFC8FFF000028161E5E42BEA64094E387
0D44A2242DC1847A700D159516499AB30B5003FFFFFFFFFFFC8FFF000027161E5E42BEA64094E39F
0D4483242D9E847AC20D157516498AB2FB5003FFFFFFFFFFFC8FFF00002B161E5E42BEA54094E3B7
0D4437242D36847AFE0D1521164948B2FB4F03FFFFFFFFFFFC8FFF000028161E5E42BEA54094E3CF
0D43D9242CB3847B2D0D14C5164904B2EB4F03FFFFFFFFFFFC8FFF000021161E5E42BEA54094D3E7
0D4392242C5C847B830D14861648DBB2FB4F03FFFFFFFFFFFC8FFF000029161E5E42BEA44094E3FF
0D436C242C2E847BD50D14631648C3B2EB4F03FFFFFFFFFFFC8FFF000025161E5E42BEA44094E317
0D434C242C01847C000D14421648A8B2DB4F03FFFFFFFFFFFC8FFF00002B161E5E42BEA44094E32F
0D4329242BD7847C380D1426164897B2CB4F03FFFFFFFFFFFC8FFF000024161E5D42BEA34094E347
0D4311242BBC847C8B0D140B16488AB2CB4E03FFFFFFFFFFFC7FFF00002B161E5D42BEA34094D35F
0D4304242BB2847CD40D1400164883B2CB4E03FFFFFFFFFFFC8FFF00002C161E5D42BEA34094E377
0D42D5242B75847D090D13CE164860B2CB4E03FFFFFFFFFFFC7FFF00002C161E5D42BEA34094D38F
0D425E242ACE847D510D135816480BB2BB4D03FFFFFFFFFFFC8FFF000026161E5D42BEA24094D3A7
0D41DF242A27847DA20D12E01647B3B2BB4D03FFFFFFFFFFFC8FFF000023161E5D42BEA24094D3BF
0D41A92429E0847DEA0D12A716478CB2BB4C03FFFFFFFFFFFC8FFF00002B161E5D42BEA24094D3D7
0D415A242975847E370D1259164753B2BB4D03FFFFFFFFFFFC8FFF000026161E5D42BEA14094D3EF
0D4119242923847E8A0D121B164727B2BB4D03FFFFFFFFFFFC7FFF00002C161E5D42BEA14094D307
0D4114242924847EC20D1216164722B2CB4C03FFFFFFFFFFFC7FFF00002C161E5D42BEA14094D31F
0D4107242910847EE90D1204164714B2CB4C03FFFFFFFFFFFC8FFF000025161E5D42BEA14094D337
0D40FD24290A847F2E0D1200164717B2AB4B03FFFFFFFFFFFC9FFF00002C161E5D42BEA04094D34F
0D40F924290B847F8D0D11F9164719B29B4A03FFFFFFFFFFFC8FFF00001F161E5D42BEA04094C367
0D40C62428CE847FE30D11C51646F5B28B4A03FFFFFFFFFFFC7FFF000029161E5D42BEA04094C37F
0D405D24283E84802E0D115A1646A8B28B4A03FFFFFFFFFFFC6FFF000021161E5D42BE9F4094C397
0D3FFE2427C484806A0D10FF164663B29B4A03FFFFFFFFFFFC7FFF00002C161E5D42BE9F4094C3AF
0D3FD224278884809A0D10DA164649B29B4B03FFFFFFFFFFFC8FFF00002D161E5D42BE9F4094C3C7
0D3FB72427658480E50D10BC164636B2AB4B03FFFFFFFFFFFCAFFF000026161E5D42BE9E4094C3DF
0D3FA324275284813B0D10AA16462DB29B4B03FFFFFFFFFFFC9FFF00002D161E5D42BE9E4094C3F7
0D3F7D2427208481780D1084164611B28B4A03FFFFFFFFFFFC7FFF00002D161E5C42BE9E4094C30F
0D3F4E2426E68481CF0D10521645F2B28B4A03FFFFFFFFFFFC7FFF000026161E5C42BE9D4094C327
0D3EE024265784823D0D0FE81645A6B27B4903FFFFFFFFFFFC6FFF000026161E5C42BE9D4094C33F
0D3E942425F384827D0D0FA1164572B28B4903FFFFFFFFFFFC6FFF00002D161E5C42BE9D4094C357
0D3E6A2425BB8482B00D0F7416454FB28B4903FFFFFFFFFFFC7FFF000026161E5C42BE9D4094C36F
0D3E3D2425828482FD0D0F44164530B28B4903FFFFFFFFFFFC8FFF000020161E5C42BE9C4094C387
0D3E0C2425458483410D0F16164510B27B4803FFFFFFFFFFFC8FFF00002E161E5C42BE9C4094C39F
0D3DD32424F884838E0D0EDD1644E9B27B4803FFFFFFFFFFFC8FFF00002E161E5C42BE9C4094C3B7
0D3DA92424C58483F20D0EB31644CEB26B4803FFFFFFFFFFFC9FFF00002D161E5C42BE9B4094C3CF
0D3D692424768484520D0E771644A6B26B4703FFFFFFFFFFFC8FFF000029161E5C42BE9B4094C3E7
0D3D4E2424568484910D0E5F164492B26B4703FFFFFFFFFFFC8FFF00002A161E5C42BE9B4094B3FF
0D3D352424388484CD0D0E41164480B25B4603FFFFFFFFFFFC8FFF00002E161E5C42BE9A4094C317
0D3D082424008485110D0E1216445FB24B4603FFFFFFFFFFFC8FFF00002E161E5C42BE9A4094B32F
0D3CD02423B38485550D0DD7164436B24B4603FFFFFFFFFFFC8FFF000028161E5C42BE9A4094C347
0D3C872423538485A30D0D92164407B24B4503FFFFFFFFFFFC9FFF00002E161E5C42BE994094B35F
0D3C522423158486100D0D611643E7B24B4503FFFFFFFFFFFC8FFF00002E161E5C42BE994094B377
0D3C252422DD8486710D0D3B1643CEB24B4403FFFFFFFFFFFC8FFF000029161E5C42BE994094A38F
0D3BE024228384869F0D0CE416438AB23B4403FFFFFFFFFFFC8FFF00002B161E5C42BE994094B3A7
0D3B8F2422108486D00D0CA216435AB22B4403FFFFFFFFFFFC8FFF00002E161E5B42BE984094B3BF
0D3B2E2421928487230D0C40164319B22B4303FFFFFFFFFFFC7FFF00002A161E5B42BE984094A3D7
0D3AFD2421548487800D0C111642F8B22B4303FFFFFFFFFFFC7FFF00002D161E5B42BE984094A3EF
0D3ACE24211A8487CD0D0BDE1642D1B22B4203FFFFFFFFFFFC7FFF000028161E5B42BE974094A307
0D3A792420A68488190D0B88164295B22B4203FFFFFFFFFFFC8FFF00002E161E5B42BE974094A31F
0D3A2C24203F8488660D0B3E164260B21B4203FFFFFFFFFFFC8FFF00002C161E5B42BE9740949337
0D3992241F6E8488AF0D0A991641E8B20B4203FFFFFFFFFFFC8FFF00002A161E5B42BE964094A34F
0D38ED241E8E84890C0D0A0716417CB20B4103FFFFFFFFFFFC7FFF00002F161E5B42BE964094A367
0D38C0241E5984895E0D09DD16415DB1FB4103FFFFFFFFFFFC7FFF00002F161E5B42BE964094A37F
0D38B9241E4E8489890D09D7164157B1FB4003FFFFFFFFFFFC6FFF00002F161E5B42BE964094A397
0D3863241DD78489D10D098216411EB1EB4003FFFFFFFFFFFC6FFF00002F161E5B42BE954094A3AF
0D3847241DBC848A330D096416410AB1DB3F03FFFFFFFFFFFC7FFF000030161E5B42BE954094A3C7
0D3844241DBD848A830D096316410CB1DB3F03FFFFFFFFFFFC6FFF00002F161E5B42BE954094A3DF
0D3836241DB2848ACF0D0953164104B1DB3F03FFFFFFFFFFFC8FFF000028161E5B42BE94409493F7
0D3825241DA4848B2A0D09431640FDB1DB3E03FFFFFFFFFFFC8FFF00002F161E5B42BE944094A30F
0D3820241DA6848B6F0D09401640FDB1DB3E03FFFFFFFFFFFC7FFF000029161E5B42BE9440949327
0D380F241D8F848BA40D092C1640F0B1CB3E03FFFFFFFFFFFC7FFF000030161E5B42BE934094933F
0D37F7241D73848BF00D09121640E1B1CB3E03FFFFFFFFFFFC7FFF000031161E5B42BE934094A357
0D37DF241D5D848C4A0D09001640D7B1CB3E03FFFFFFFFFFFC7FFF000024161E5B42BE934094A36F
0D3795241CFA848C9C0D08B81640A5B1BB3D03FFFFFFFFFFFC7FFF00002F161E5B42BE9340949387
0D3710241C3F848CEA0D081E164034B1BB3D03FFFFFFFFFFFC7FFF00002F161E5B42BE924094939F
0D368F241B97848D3C0D07B1163FE4B1BB3D03FFFFFFFFFFFC8FFF000028161E5B42BE92409493B7
0D365F241B59848D8A0D0783163FC3B1BB3D03FFFFFFFFFFFC8FFF00002B161E5A42BE92409483CF
0D3644241B37848DCD0D0765163FAFB1BB3D03FFFFFFFFFFFC7FFF00002F161E5A42BE91409483E7
0D3620241B0B848E150D0743163F99B1AB3C03FFFFFFFFFFFC7FFF000031161E5A42BE91409483FF
0D3603241AE9848E5D0D0727163F85B1AB3C03FFFFFFFFFFFC8FFF000031161E5A42BE9140948317
0D35E8241ACA848EA60D070C163F74B19B3C03FFFFFFFFFFFC8FFF000030161E5A42BE904094832F
0D35D4241AB9848F040D06FA163F6DB19B3B03FFFFFFFFFFFC8FFF000030161E5A42BE9040948347
0D35C6241AAD848F660D06ED163F66B18B3B03FFFFFFFFFFFC8FFF000029161E5A42BE904094835F
0D35C1241AAD848FAF0D06E8163F68B18B3B03FFFFFFFFFFFC8FFF000029161E5A42BE9040948377
0D35AA241A93848FEF0D06CD163F54B18B3B03FFFFFFFFFFFC9FFF000030161E5A42BE8F4094838F
0D357A241A568490300D0695163F2DB18B3A03FFFFFFFFFFFC8FFF00002B161E5A42BE8F409483A7
0D354B241A1684906E0D066C163F11B19B3A03FFFFFFFFFFFC7FFF000031161E5A42BE8F409483BF
0D350B2419C48490C10D0630163EEBB19B3B03FFFFFFFFFFFC7FFF000031161E5A42BE8E409483D7
0D34E92419A08491280D0612163ED8B19B3B03FFFFFFFFFFFC8FFF000030161E5A42BE8E409483EF
0D34C22419708491870D05EB163EBFB19B3B03FFFFFFFFFFFC8FFF000029161E5A42BE8E40948307
0D34B22419688491C50D05DB163EB3B18B3B03FFFFFFFFFFFC8FFF000029161E5A42BE8D4094831F
0D34A22419518492050D05CB163EABB18B3A03FFFFFFFFFFFC8FFF000031161E5A42BE8D40948337
0D348A2419378492540D05B3163E9DB18B3A03FFFFFFFFFFFC7FFF000032161E5A42BE8D4094834F
0D34662419098492A00D058B163E82B18B3A03FFFFFFFFFFFC9FFF000025161E5A42BE8C40947367
0D344B2418EC8492E90D0577163E76B18B3903FFFFFFFFFFFC8FFF000031161E5A42BE8C4094737F
0D343E2418E18493290D0567163E6EB17B3903FFFFFFFFFFFC8FFF000031161E5A42BE8C40947397
0D342C2418D184938B0D0554163E68B17B3903FFFFFFFFFFFC8FFF000031161E5A42BE8C409473AF
0D33F32418888493F10D051E163E41B18B3903FFFFFFFFFFFC8FFF00002A161E5942BE8B409473C7
0D33CF24185E8494240D04F9163E27B18B3903FFFFFFFFFFFC7FFF000030161E5942BE8B409483DF
0D339424181084946D0D04BF163E01B19B3903FFFFFFFFFFFC7FFF00002D161E5942BE8B409473F7
0D335A2417C58494C20D0480163DD2B18B3903FFFFFFFFFFFC8FFF00002F161E5942BE8A4094730F
0D32E82417278494EF0D03FF163D6BB17B3903FFFFFFFFFFFC8FFF000026161E5942BE8A40946327
0D326F2416838495380D039C163D2CB16B3903FFFFFFFFFFFC8FFF000032161E5942BE8A4094633F
0D31FC2415F08495AD0D032F163CDEB16B3903FFFFFFFFFFFC8FFF000032161E5942BE8940946357
0D31CB2415AC8495FE0D02FF163CB9B15B3803FFFFFFFFFFFC8FFF000031161E5942BE894094636F
0D31A424157B8496380D02D3163C9BB16B3803FFFFFFFFFFFC7FFF000031161E5942BE8940946387
0D316E2415388496870D02A0163C77B15B3703FFFFFFFFFFFC7FFF00002E161E5942BE894094639F
0D315824151B8496BD0D0290163C6AB14B3603FFFFFFFFFFFC8FFF00002F161E5942BE88409463B7
0D31362414EE8496FE0D026B163C54B13B3503FFFFFFFFFFFC6FFF000033161E5942BE88409463CF
0D30F624149E8497670D022C163C2BB13B3503FFFFFFFFFFFC6FFF000032161E5942BE88409463E7
0D30CC24146B8497BE0D01FC163C0AB13B3503FFFFFFFFFFFC7FFF000028161E5942BE87409453FF
0D309F2414308497F80D01CB163BE5B14B3503FFFFFFFFFFFC8FFF000027161E5942BE8740946317
0D30572413D584984B0D0191163BBFB13B3503FFFFFFFFFFFC8FFF000031161E5942BE874094532F
0D30362413AA8498980D016D163BA5B13B3403FFFFFFFFFFFC7FFF00002B161E5942BE8640946347
0D30192413868498CA0D014A163B8AB12B3403FFFFFFFFFFFC6FFF000032161E5942BE864094535F
0D300A24137A8499190D0144163B8BB12B3303FFFFFFFFFFFC8FFF000033161E5942BE8640945377
0D302F2413B784997F0D0167163BACB11B3303FFFFFFFFFFFC8FFF00002C161E5942BE854094538F
0D301624139A8499C60D0145163B95B11B3303FFFFFFFFFFFC8FFF000032161E5942BE85409453A7
0D2FB32413138499FF0D00E2163B4FB11B3203FFFFFFFFFFFC8FFF00002A161E5942BE85409453BF
0D2F612412A2849A4D0D009A163B19B11B3203FFFFFFFFFFFC7FFF00002B161E5842BE84409453D7
0D2EBA2411C2849A9B0CFFF3163A9EB11B3203FFFFFFFFFFFC7FFF000033161E5842BE84409453EF
0D2E7824116D849AEF0CFFB6163A73B12B3203FFFFFFFFFFFC7FFF000033161E5842BE8440945307
0D2E37241119849B430CFF74163A45B12B3203FFFFFFFFFFFC7FFF000033161E5842BE844094431F
0D2E192410F5849B840CFF56163A2FB11B3203FFFFFFFFFFFC8FFF000033161E5842BE8340944337
0D2E002410D8849BBB0CFF43163A21B10B3103FFFFFFFFFFFC8FFF00002C161E5842BE834094434F
0D2DF12410C5849C020CFF31163A19B0FB3103FFFFFFFFFFFC7FFF000033161E5842BE8340944367
0D2DD12410A2849C6D0CFF11163A07B0EB3103FFFFFFFFFFFC7FFF000033161E5842BE824094437F
0D2DBC24108D849CC90CFEFE1639FBB0FB3103FFFFFFFFFFFC8FFF00002C161E5842BE8240944397
0D2DA8241079849CFB0CFEE91639ECB0EB3103FFFFFFFFFFFC8FFF000032161E5842BE82409443AF
0D2D92241059849D3A0CFED31639E0B0EB3103FFFFFFFFFFFC7FFF000033161E5842BE81409443C7
0D2D7C24104A849D920CFEBE1639D7B0DB3003FFFFFFFFFFFC6FFF000031161E5842BE81409443DF
0D2D52241014849DE70CFE981639BEB0DB3003FFFFFFFFFFFC7FFF000029161E5842BE81409443F7
0D2D42241004849E290CFE871639B2B0DB3003FFFFFFFFFFFC8FFF000034161E5842BE814094430F
0D2D38240FFB849E730CFE781639ACB0DB2F03FFFFFFFFFFFC9FFF00002C161E5842BE8040944327
0D2D2B240FF2849ED00CFE6F1639AAB0DB2F03FFFFFFFFFFFC9FFF000033161E5842BE804094433F
0D2D24240FF2849F220CFE671639A6B0EB2E03FFFFFFFFFFFC8FFF00002D161E5842BE8040944357
0D2D19240FE8849F6E0CFE5B1639A0B0EB2E03FFFFFFFFFFFC7FFF000033161E5842BE7F4094436F
0D2D0D240FE1849FB30CFE49163999B0EB2F03FFFFFFFFFFFC7FFF000034161E5842BE7F40944387
0D2D03240FD7849FEA0CFE45163998B0DB2F03FFFFFFFFFFFC7FFF00002E161E5842BE7F4094339F
0D2CEC240FBD84A0290CFE2F16398CB0DB2F03FFFFFFFFFFFC8FFF000035161E5842BE7E409433B7
0D2CC9240F9384A08F0CFE0A163977B0DB2F03FFFFFFFFFFFC8FFF00002D161E5742BE7E409433CF
0D2C1D240EB184A1040CFD631638FFB0DB2F03FFFFFFFFFFFC8FFF000033161E5742BE7E409423E7
0D2B9E240E0284A1490CFCE516389EB0DB2F03FFFFFFFFFFFC8FFF000033161E5742BE7E409433FF
0D2B6E240DC284A1750CFCBA16387DB0DB2E03FFFFFFFFFFFC8FFF000033161E5742BE7D40943317
0D2B54240DA284A1BA0CFC9F16386CB0DB2E03FFFFFFFFFFFC7FFF000034161E5742BE7D4094232F
0D2B32240D7784A2090CFC77163853B0CB2D03FFFFFFFFFFFC7FFF000035161E5742BE7D40942347
0D2AFB240D3484A2610CFC45163831B0BB2E03FFFFFFFFFFFC7FFF00002A161E5742BE7C4094235F
0D2AD0240CFE84A2B10CFC06163805B0AB2D03FFFFFFFFFFFC7FFF000032161E5742BE7C40942377
0D2A92240CAE84A2F90CFBDB1637E5B0AB2D03FFFFFFFFFFFC6FFF000033161E5742BE7C4094238F
0D2A71240C8884A3590CFBBD1637D6B0AB2D03FFFFFFFFFFFC6FFF000033161E5742BE7C409423A7
0D2A48240C5C84A3BB0CFB961637BCB0AB2C03FFFFFFFFFFFC8FFF00002D161E5742BE7B409423BF
0D2A3A240C4A84A3EB0CFB881637B2B09B2B03FFFFFFFFFFFC7FFF000034161E5742BE7B409423D7
0D2A35240C4684A4150CFB841637B1B09B2C03FFFFFFFFFFFC6FFF000036161E5742BE7B409423EF
0D2A2B240C3C84A46A0CFB731637AAB08B2B03FFFFFFFFFFFC8FFF000036161E5742BE7A40942307
0D2A13240C2784A4CC0CFB5A16379AB07B2B03FFFFFFFFFFFC8FFF000034161E5742BE7A4094231F
0D29FC240C1384A5270CFB49163793B07B2B03FFFFFFFFFFFC8FFF00002E161E5742BE7A40942337
0D29C6240BCD84A5810CFB12163771B08B2B03FFFFFFFFFFFC8FFF000032161E5742BE7A4094234F
0D2945240B1F84A5D60CFA91163711B08B2B03FFFFFFFFFFFC7FFF00002C161E5742BE7940942367
0D2918240AE884A6140CFA651636F0B08B2B03FFFFFFFFFFFC6FFF00002D161E5742BE794094237F
0D28EA240AAB84A6500CFA321636CDB08B2B03FFFFFFFFFFFC7FFF00002F161E5742BE7940941397
0D28B1240A5E84A68F0CF9F91636A4B08B2A03FFFFFFFFFFFC8FFF000037161E5742BE78409413AF
0D28492409CF84A6D80CF998163660B07B2B2B7FFFFFFFFFFC7FFF000035161E5742BE78409413C7
0D27C724092484A7480CF91E163608B07B2A804FFFFFFFFFFC7FFF000033161E5742BE78409413DF
0D27822408D084A7B30CF8DA1635D7B07B2A290FFFFFFFFFFC7FFF00002C161E5642BE78409413F7
0D27672408B084A7FF0CF8BF1635C5B06B2AB00FFFFFFFFFFC7FFF000032161E5642BE774094030F
0D275624089C84A83D0CF8AA1635B6B05B2903BFFFFFFFFFFC8FFF00002D161E5642BE7740940327
0D273B24087984A86C0CF8921635A6B05B2803FFFFFFFFFFFC8FFF000035161E5642BE774094033F
0D270B24083984A8B00CF862163587B04B2803FFFFFFFFFFFC8FFF000037161E5642BE7640940357
0D26CB2407E884A90E0CF82116355AB04B2703FFFFFFFFFFFC8FFF00002F161E5642BE764094036F
0D268224078C84A9750CF7DB16352AB03B273D8FFFFFFFFFFC7FFF000034161E5642BE7640940387
0D264D24074A84A9D40CF7A8163507B04B27BEDFFFFFFFFFFC7FFF00002E161E5642BE764094039F
0D263924073584AA240CF7931634FAB05B2603BFFFFFFFFFFC8FFF000030161E5642BE75409403B7
0D263424073484AA5E0CF7901634FAB04B2603FFFFFFFFFFFC8FFF000033161E5642BE75409403CF
0D262A24072B84AA950CF7871634F5B04B2503FFFFFFFFFFFC7FFF000034161E5642BE75409403E7
0D261024070984AADF0CF76A1634E3B02B2503FFFFFFFFFFFC6FFF000031161E5642BE74409403FF
0D26022406FF84AB2D0CF75E1634DEB02B254EDFFFFFFFFFFC8FFF00002F161E5642BE7440940317
0D25EB2406E384AB830CF7451634D1B02B25500FFFFFFFFFFC8FFF00002D161E5642BE744093F32F
0D25BA2406AE84ABEE0CF7141634B4B01B2503FFFFFFFFFFFC9FFF000033161E5642BE7440940347
0D25A924069C84AC460CF7051634ACB01B25054FFFFFFFFFFC7FFF000033161E5642BE734094035F
0D259C24069284AC7B0CF6F91634A2B02B244A0FFFFFFFFFFC7FFF00002D161E5642BE734093F377
0D256D24065184ACC40CF6CA163483B02B249D4FFFFFFFFFFC7FFF000035161E5642BE734093F38F
0D24EB2405A084AD090CF62A16340CB02B2403FFFFFFFFFFFC7FFF000036161E5642BE724093F3A7
0D245B2404DE84AD440CF5AE1633B1B02B2403FFFFFFFFFFFC7FFF000036161E5642BE724093E3BF
0D241E24049284ADA80CF57F163393B02B2403FFFFFFFFFFFC7FFF00002E161E5642BE724093F3D7
0D23E624044984AE0F0CF54A16336DB01B2406FFFFFFFFFFFC7FFF00002D161E5642BE724093E3EF
0D23C024041B84AE4B0CF51F16334DB01B235FFFFFFFFFFFFC8FFF000034161E5642BE714093F307
0D239E2403EF84AE980CF4FF16333CB01B23AE8FFFFFFFFFFC7FFF000034161E5642BE714093E31F
0D23822403D084AEF90CF4E716332BB00B2203FFFFFFFFFFFC7FFF000034161E5642BE714093E337
0D23762403C584AF2B0CF4D716331FAFFB2203FFFFFFFFFFFC7FFF000035161E5542BE714093E34F
0D234324038184AF660CF4A8163302AFFB2103FFFFFFFFFFFC8FFF000028161E5542BE704093E367
0D22E024030184AFD10CF4431632BBAFFB2103FFFFFFFFFFFC8FFF000035161E5542BE704093E37F
0D22C42402E484B02C0CF42E1632AEAFFB203B2FFFFFFFFFFC8FFF000035161E5542BE704093E397
0D22C82402EA84B0610CF4281632AAAFEB209E7FFFFFFFFFFC7FFF000034161E5542BE6F4093E3AF
0D228824029984B0B30CF3EC163284AFDB2003FFFFFFFFFFFC7FFF000027161E5542BE6F4093E3C7
0D223924023384B1110CF3A016324EAFCB1F03FFFFFFFFFFFC8FFF000034161E5542BE6F4093E3DF
0D21F22401CE84B15F0CF352163214AFCB1F03FFFFFFFFFFFC7FFF00002D161E5542BE6F4093E3F7
0D218C24014784B1A70CF2E51631C4AFCB1E063FFFFFFFFFFC7FFF000035161E5542BE6E4093E30F
0D211A2400AC84B1EF0CF276163173AFCB1F557FFFFFFFFFFC8FFF00002E161E5542BE6E4093D327
0D204623FF8A84B23E0CF1AC1630DDAFCB1EA66FFFFFFFFFFC7FFF000035161E5542BE6E4093E33F
0D200723FF3484B28F0CF1731630B3AFBB1E03FFFFFFFFFFFC6FFF000028161E5542BE6D4093D357
0D1FA723FEB384B2E50CF11216306CAFBB1E03FFFFFFFFFFFC8FFF000033161E5542BE6D4093D36F
0D1F4423FE3084B3380CF0B3163026AFBB1E03FFFFFFFFFFFC7FFF000028161E5542BE6D4093C387
0D1F2723FE0C84B37D0CF09A163016AFAB1D076FFFFFFFFFFC8FFF000034161E5542BE6D4093D39F
0D1F0523FDE184B3D90CF079163002AF9B1C5E7FFFFFFFFFFC8FFF000027161E5542BE6C4093D3B7
0D1EFD23FDE084B4270CF070162FFDAF9B1AB0FFFFFFFFFFFC7FFF000035161E5542BE6C4093C3CF
0D1EF923FDDC84B4550CF06D162FFBAF8B1A03FFFFFFFFFFFC7FFF000035161E5542BE6C4093D3E7
0D1EE923FDCA84B4A60CF059162FF2AF7B1A03FFFFFFFFFFFC8FFF000033161E5542BE6B4093C3FF
0D1EC523FDA884B5160CF038162FDFAF7B1903FFFFFFFFFFFC8FFF00002E161E5542BE6B4093C317
0D1EB823FD9E84B56A0CF02C162FD9AF6B190A5FFFFFFFFFFC8FFF000034161E5542BE6B4093C32F
0D1EAB23FD8E84B59C0CF021162FD1AF6B19756FFFFFFFFFFC8FFF000034161E5542BE6B4093C347
0D1E8523FD5C84B5E80CEFF6162FB7AF6B18161FFFFFFFFFFC7FFF00002E161E5542BE6A4093C35F
0D1DE823FC8A84B6410CEF53162F41AF5B1903FFFFFFFFFFFC7FFF000035161E5542BE6A4093C377
0D1D8223FBFE84B67F0CEEEA162EEFAF5B1903FFFFFFFFFFFC8FFF00002F161E5542BE6A4093C38F
0D1D3523FB9884B6CA0CEEAB162EC4AF5B1903FFFFFFFFFFFC8FFF000033161E5442BE694093C3A7
0D1D0123FB5784B7330CEE7A162EA3AF5B180C1FFFFFFFFFFC8FFF000034161E5442BE694093C3BF
0D1CE223FB3584B7840CEE58162E8BAF5B1888CFFFFFFFFFFC9FFF00002E161E5442BE694093B3D7
0D1CCB23FB1384B7A80CEE41162E7AAF4B1819DFFFFFFFFFFC8FFF000034161E5442BE684093C3EF
0D1CBC23FB0684B7F80CEE35162E77AF4B1791BFFFFFFFFFFC8FFF000035161E5442BE684093C307
0D1CB223FB0384B8620CEE2B162E74AF3B1647DFFFFFFFFFFC7FFF000035161E5442BE684093C31F
0D1CAB23FB0184B8B30CEE27162E74AF3B1603FFFFFFFFFFFC8FFF000035161E5442BE684093A337
0D1CA523FB0084B8EB0CEE1F162E71AF3B1503FFFFFFFFFFFC7FFF00002E161E5442BE674093B34F
0D1C9123FAE884B9300CEE0B162E66AF2B1503FFFFFFFFFFFC6FFF000034161E5442BE674093B367
0D1C7D23FAD284B97F0CEDF7162E5AAF2B1504DFFFFFFFFFFC7FFF00002E161E5442BE674093B37F
0D1C6B23FAC084B9CF0CEDE6162E52AF3B1592FFFFFFFFFFFC8FFF000035161E5442BE664093A397
0D1C5323FAAA84BA280CEDCF162E46AF2B15472FFFFFFFFFFC7FFF000035161E5442BE664093A3AF
0D1C3E23FA9484BA890CEDB9162E3BAF2B1503FFFFFFFFFFFC6FFF00002C161E5442BE664093A3C7
0D1C2223FA7784BAD30CED9C162E25AF2B1503FFFFFFFFFFFC8FFF000030161E5442BE654093A3DF
0D1C0B23FA5A84BB010CED85162E16AF2B1503FFFFFFFFFFFC7FFF000035161E5442BE654093A3F7
0D1BDF23FA2184BB420CED59162DFCAF1B15056FFFFFFFFFFC7FFF000034161E5442BE654093A30F
0D1B8523F9AC84BB9C0CED01162DBCAF0B159E8FFFFFFFFFFC8FFF000030161E5442BE644093A327
0D1B5B23F97984BBFA0CECDA162DA3AF1B154BEFFFFFFFFFFC8FFF000035161E5442BE644093A33F
0D1B2D23F94184BC570CECAC162D83AF0B1503FFFFFFFFFFFC8FFF000033161E5442BE644093A357
0D1B1023F91E84BCA70CEC8E162D70AF0B1403FFFFFFFFFFFC8FFF000029161E5442BE644093A36F
0D1B0323F91084BCDA0CEC83162D68AF0B1403FFFFFFFFFFFC7FFF000035161E5442BE634093A387
0D1AF023F8F984BD140CEC73162D60AEFB1316FFFFFFFFFFFC7FFF000035161E5442BE634093A39F
0D1AB823F8B684BD710CEC37162D3AAEFB14B1DFFFFFFFFFFC8FFF000036161E5442BE634093A3B7
0D1A8623F87884BDCF0CEC05162D17AEFB1350CFFFFFFFFFFC8FFF000036161E5442BE624093A3CF
0D1A6323F84E84BE130CEBE5162CFFAEFB1203FFFFFFFFFFFC7FFF000036161E5342BE624093A3E7
0D1A5823F84184BE580CEBDA162CFBAEEB1303FFFFFFFFFFFC8FFF000035161E5342BE624093A3FF
0D1A3223F81684BEB10CEBB5162CE5AEEB1203FFFFFFFFFFFC8FFF00002E161E5342BE6140939317
0D1A2523F80A84BF070CEBA7162CDFAEEB1218BFFFFFFFFFFC8FFF00002E161E5342BE614093932F
0D1A2523F81384BF4D0CEBA9162CE2AEDB1289CFFFFFFFFFFC8FFF000035161E5342BE6140939347
0D1A2223F81684BF9B0CEBA4162CE4AEDB1203BFFFFFFFFFFC8FFF000035161E5342BE614093835F
0D1A1523F80B84BFE70CEB97162CDEAEDB1203FFFFFFFFFFFC8FFF000035161E5342BE6040938377
0D1A0A23F80384C0150CEB8F162CD8AEDB121C9FFFFFFFFFFC8FFF000030161E5342BE604093838F
0D19EF23F7E784C06D0CEB73162CCBAEDB11BC2FFFFFFFFFFC8FFF00002A161E5342BE60409383A7
0D19A223F78284C0E10CEB28162C98AEDB111FAFFFFFFFFFFC8FFF000033161E5342BE5F409383BF
0D198A23F76C84C12B0CEB0C162C85AEEB1103FFFFFFFFFFFC8FFF000035161E5342BE5F409383D7
0D196623F73C84C15B0CEAE5162C69AEEB1103FFFFFFFFFFFC7FFF000035161E5342BE5F409383EF
0D192423F6E484C1AF0CEAA8162C41AEEB1003FFFFFFFFFFFC7FFF000035161E5342BE5E40938307
0D18D623F67E84C2010CEA56162C06AEDB10238FFFFFFFFFFC9FFF000036161E5342BE5E4093831F
0D188B23F61884C2460CEA0C162BD1AECB10C06FFFFFFFFFFC7FFF000036161E5342BE5E40938337
0D184823F5C384C2970CE9CC162BA3AEBB10203FFFFFFFFFFC7FFF000036161E5342BE5E4093834F
0D183A23F5B884C2DF0CE9C2162B9EAECB1003FFFFFFFFFFFC7FFF000034161E5342BE5D40938367
0D183223F5B484C3220CE9BC162B9DAECB0F03FFFFFFFFFFFC7FFF00002A161E5342BE5D4093837F
0D17FE23F57184C3860CE98A162B7FAECB0F03FFFFFFFFFFFC6FFF000036161E5342BE5D40938397
0D17DE23F55084C3E30CE968162B66AECB0E03FFFFFFFFFFFC6FFF000036161E5342BE5C409373AF
0D17D423F54584C4100CE95C162B5EAEBB0E03FFFFFFFFFFFC7FFF00002F161E5342BE5C409373C7
0D17B523F51E84C4540CE941162B4FAEBB0E03FFFFFFFFFFFC8FFF000036161E5342BE5C409373DF
0D17A523F51184C4AD0CE931162B46AEBB0E03FFFFFFFFFFFC8FFF00002F161E5342BE5B409373F7
0D17A023F51184C4EC0CE92D162B46AEBB0E03FFFFFFFFFFFC8FFF000036161E5242BE5B4093730F
0D179A23F50E84C5370CE924162B45AEAB0E03FFFFFFFFFFFC8FFF000036161E5242BE5B40936327
0D174C23F4AC84C5A50CE8D7162B12AEAB0E03FFFFFFFFFFFC8FFF00002E161E5242BE5B4093733F
0D16F723F43B84C5F00CE881162AD0AE9B0E03FFFFFFFFFFFC6FFF000034161E5242BE5A40937357
0D16CF23F40A84C6290CE859162AB5AE9B0E03FFFFFFFFFFFC8FFF000035161E5242BE5A4093636F
0D168323F3A484C67E0CE81C162A8CAE9B0E03FFFFFFFFFFFC7FFF000036161E5242BE5A40936387
0D164723F35284C6BD0CE7CB162A4EAE8B0D03FFFFFFFFFFFC7FFF000037161E5242BE594093639F
0D160223F2F984C6FA0CE795162A2AAE8B0D03FFFFFFFFFFFC8FFF000036161E5242BE59409363B7
0D15E423F2DA84C75D0CE774162A16AE7B0D03FFFFFFFFFFFC8FFF000024161E5242BE59409363CF
0D15AA23F28984C7B70CE7371629EAAE7B0C03FFFFFFFFFFFC7FFF000035161E5242BE59409363E7
0D157323F24884C7FD0CE7021629C5AE6B0C03FFFFFFFFFFFC7FFF00002F161E5242BE58409363FF
0D154D23F21784C84E0CE6DF1629AFAE5B0C03FFFFFFFFFFFC8FFF000036161E5242BE5840936317
0D152323F1E284C8960CE6B4162991AE5B0B03FFFFFFFFFFFC8FFF000029161E5242BE584093632F
0D14FF23F1B484C8D40CE68D162975AE5B0B03FFFFFFFFFFFC9FFF000036161E5242BE5740936347
0D14CF23F17784C9280CE66216295CAE4B0B03FFFFFFFFFFFC8FFF000036161E5242BE574093535F
0D146423F0EA84C9840CE5F616290EAE4B0A03FFFFFFFFFFFC8FFF00002F161E5242BE5740935377
0D141823F08984C9C00CE5A81628D2AE4B0A03FFFFFFFFFFFC6FFF00002F161E5242BE564093538F
0D13FA23F05E84CA090CE5911628C5AE4B0A03FFFFFFFFFFFC6FFF000036161E5242BE56409353A7
0D13D923F03C84CA760CE5711628B3AE4B0903FFFFFFFFFFFC7FFF000036161E5242BE56409353BF
0D13D423F03C84CABC0CE56C1628AEAE4B0903FFFFFFFFFFFC7FFF000036161E5242BE56409353D7
0D13C823F02F84CAEA0CE5641628AAAE4B0803FFFFFFFFFFFC8FFF00002F161E5142BE55409343EF
0D13C023F02A84CB400CE55A1628AAAE4B0803FFFFFFFFFFFC8FFF000036161E5142BE5540935307
0D13B423F02084CB9C0CE54F1628A5AE4B0803FFFFFFFFFFFC8FFF00002F161E5142BE554093531F
0D13A923F01B84CBE40CE5441628A0AE4B0703FFFFFFFFFFFC7FFF000037161E5142BE5440934337
0D13A423F01E84CC2D0CE5401628A1AE3B0703FFFFFFFFFFFC7FFF000037161E5142BE544093434F
0D139D23F01684CC770CE53716289EAE2B0703FFFFFFFFFFFC8FFF000030161E5142BE5440934367
0D139223F01084CCCA0CE52B16289AAE2B0703FFFFFFFFFFFC8FFF000037161E5142BE534093437F
0D138023EFFF84CD240CE51A162892AE1B0703FFFFFFFFFFFC7FFF000030161E5142BE5340934397
0D136A23EFEA84CD730CE4FE162880AE2B0803FFFFFFFFFFFC7FFF000030161E5142BE53409343AF
0D134123EFB484CDAD0CE4D5162863AE2B0803FFFFFFFFFFFC8FFF000030161E5142BE53409343C7
0D131523EF7F84CDF50CE4AD16284AAE3B0803FFFFFFFFFFFC8FFF000037161E5142BE52409343DF
0D129D23EEE284CE4D0CE4361627F6AE3B0803FFFFFFFFFFFC8FFF000032161E5142BE52409343F7
0D126323EE9984CEA90CE3FF1627CFAE2B0703FFFFFFFFFFFC7FFF000035161E5142BE524093430F
0D122123EE3C84CEF90CE3BF16279FAE2B0703FFFFFFFFFFFC8FFF000030161E5142BE5240934327
0D11DB23EDE584CF460CE37616276EAE1B0703FFFFFFFFFFFC8FFF000036161E5142BE514093333F
0D11CF23EDD884CF950CE36F16276AAE1B0603FFFFFFFFFFFC7FFF000030161E5142BE5140933357
0D11C623EDD384CFCC0CE35F162760AE0B0503FFFFFFFFFFFC7FFF000038161E5142BE514093336F
0D116923ED5184D0160CE307162725ADFB0403FFFFFFFFFFFC8FFF000030161E5142BE5040933387
0D110423ECD184D0800CE2A51626DEADFB0403FFFFFFFFFFFC7FFF000036161E5142BE504093339F
0D10D823EC9884D0CF0CE2711626B5ADFB0403FFFFFFFFFFFC9FFF000037161E5042BE50409323B7
0D10A423EC5484D1060CE24A16269BADFB0403FFFFFFFFFFFC6FFF000037161E5042BE4F409323CF
0D109123EC3E84D1580CE237162692ADFB0303FFFFFFFFFFFC7FFF000030161E5042BE4F409323E7
0D108323EC3284D1A50CE228162688ADFB0303FFFFFFFFFFFC8FFF000037161E5042BE4F409323FF
0D108323EC3A84D1EA0CE22716268DADFB0203FFFFFFFFFFFC8FFF000037161E5042BE4F40932317
0D107723EC2F84D2440CE21F16268CADEB0203FFFFFFFFFFFC8FFF000032161E5042BE4E4093232F
0D106623EC2284D2970CE20816267CADDB0103FFFFFFFFFFFC8FFF000038161E5042BE4E40932347
0D105623EC1184D2C30CE1FB162675ADEB0103FFFFFFFFFFFC8FFF000038161E5042BE4E4093235F
0D103423EBE784D3180CE1D5162660ADEB0103FFFFFFFFFFFC8FFF000031161E5042BE4D40932377
0D0FB223EB3F84D3900CE15B162609ADDB0103FFFFFFFFFFFC7FFF000037161E5042BE4D4093238F
0D0F7C23EAF884D3D60CE11F1625D9ADCB0103FFFFFFFFFFFC6FFF000038161E5042BE4D409323A7
0D0F5523EAC684D40C0CE0FA1625C2ADCB0103FFFFFFFFFFFC9FFF000031161E5042BE4D409323BF
0D0F3123EA9684D4620CE0D51625AAADBB0003FFFFFFFFFFFC8FFF000038161E5042BE4C409323D7
0D0F1223EA7284D4A10CE0B7162593ADBB0003FFFFFFFFFFFC8FFF000038161E5042BE4C409313EF
0D0F0523EA6984D4EC0CE0AE162593ADBB0003FFFFFFFFFFFC8FFF000038161E5042BE4C40931307
0D0EF623EA5B84D5500CE09C16258BADBAFF03FFFFFFFFFFFC8FFF000038161E5042BE4B4093231F
0D0EDF23EA4484D5A60CE08816257EADBAFF03FFFFFFFFFFFC8FFF000038161E5042BE4B40931337
0D0EC123EA2084D5E20CE068162569ADBAFF03FFFFFFFFFFFC7FFF000038161E5042BE4B4093134F
0D0E8023E9C984D62A0CE02916253EADBAFF03FFFFFFFFFFFC7FFF000031161E4F42BE4B40930367
0D0E3C23E97084D6830CDFE9162510ADAAFF03FFFFFFFFFFFC8FFF000038161E4F42BE4A4093037F
0D0E2C23E96484D6CC0CDFD5162502ADAAFF03FFFFFFFFFFFC8FFF000032161E4F42BE4A40930397
0D0DFA23E92284D7100CDFA01624E0ADAAFF03FFFFFFFFFFFC8FFF000039161E4F42BE4A409303AF
0D0D9423E89984D7620CDF3C162499ADAAFF03FFFFFFFFFFFC8FFF000038161E4F42BE49409303C7
0D0D3223E81884D7BB0CDEE2162457ADAAFE03FFFFFFFFFFFC8FFF000031161E4F42BE49409303DF
0D0CF923E7CD84D8150CDEA616242DAD9AFE03FFFFFFFFFFFC6FFF000038161E4F42BE49409303F7
0D0CAA23E76584D85F0CDE531623EFAD8AFE03FFFFFFFFFFFC8FFF000032161E4F42BE494093030F
0D0C7923E72684D8940CDE281623D0AD8AFE03FFFFFFFFFFFC9FFF000038161E4F42BE4840930327
0D0C6223E70884D8DF0CDE131623C5AD7AFD03FFFFFFFFFFFC8FFF000033161E4F42BE484093033F
0D0C4F23E6FB84D93D0CDE031623BEAD7AFD03FFFFFFFFFFFC8FFF000039161E4F42BE4840930357
0D0C4C23E6FD84D98D0CDDFF1623BDAD6AFC03FFFFFFFFFFFC8FFF000032161E4F42BE474093036F
0D0C4723E6FB84D9DD0CDDFA1623BEAD6AFC03FFFFFFFFFFFC9FFF000039161E4F42BE4740930387
0D0C4623E70284DA2B0CDDFA1623C0AD6AFB03FFFFFFFFFFFC8FFF000032161E4F42BE474093039F
0D0C4823E70E84DA7E0CDDFB1623C7AD5AFB03FFFFFFFFFFFC8FFF000038161E4F42BE47409303B7
0D0C4723E71584DAD00CDDFA1623CBAD5AFB03FFFFFFFFFFFC7FFF00002B161E4E42BE46409303CF
0D0C4323E71884DB0F0CDDFA1623CDAD4AFB03FFFFFFFFFFFC6FFF000035161E4E42BE464092E3E7
0D0C2823E6F284DB510CDDCD1623B1AD4AFB03FFFFFFFFFFFC8FFF000037161E4E42BE46409303FF
0D0BD823E68984DBA40CDD8A162383AD5AFB03FFFFFFFFFFFC8FFF000039161E4E42BE4540930317
0D0BB923E66B84DC000CDD6D162370AD5AFA03FFFFFFFFFFFC9FFF000033161E4E42BE454092E32F
0D0BAE23E66484DC630CDD6216236CAD5AFA03FFFFFFFFFFFC7FFF000037161E4E42BE454092E347
0D0BA423E65F84DCB50CDD5A16236BAD5AFA03FFFFFFFFFFFC7FFF000039161E4E42BE454092E35F
0D0BA123E66084DCEF0CDD5916236AAD5AF903FFFFFFFFFFFC7FFF000032161E4E42BE444092E377
0D0B9C23E65E84DD350CDD5316236BAD4AF903FFFFFFFFFFFC7FFF000032161E4E42BE444092E38F
0D0B9523E65E84DD860CDD4C16236BAD4AF803FFFFFFFFFFFC7FFF00003A161E4E42BE444092E3A7
0D0B8E23E65B84DDC80CDD44162367AD5AF903FFFFFFFFFFFC6FFF00003A161E4E42BE434092E3BF
0D0B6B23E63384DE280CDD21162357AD5AF903FFFFFFFFFFFC7FFF00002C161E4E42BE434092E3D7
0D0B3823E5F984DE960CDCE716232EAD5AF903FFFFFFFFFFFC6FFF000039161E4E42BE434092E3EF
0D0AD123E56884DECF0CDC691622CDAD5AF903FFFFFFFFFFFC8FFF000039161E4E42BE434092E307
0D0A7023E4E484DF110CDC2216229EAD5AF903FFFFFFFFFFFC8FFF000039161E4E42BE434092D31F
0D0A3723E4A484DF7C0CDBF316227FAD4AF903FFFFFFFFFFFC8FFF000033161E4E42BE424092E337
0D0A1923E47E84DFBA0CDBD4162266AD3AF903FFFFFFFFFFFC7FFF00003A161E4D42BE424092D34F
0D09E623E43584DFE10CDBA0162242AD2AF803FFFFFFFFFFFC6FFF00003A161E4D42BE424092D367
0D099323E3CA84E0400CDB44162203AD2AF803FFFFFFFFFFFC6FFF000034161E4D42BE414092D37F
0D096E23E39F84E0A80CDB2A1621F2AD1AF803FFFFFFFFFFFC7FFF000038161E4D42BE414092D397
0D095423E38584E0FE0CDB0B1621DEAD0AF703FFFFFFFFFFFC8FFF000039161E4D42BE414092C3AF
0D093923E36184E1560CDAF41621D3AD1AF703FFFFFFFFFFFC8FFF000034161E4D42BE414092D3C7
0D091D23E34684E1920CDAD41621BBAD1AF603FFFFFFFFFFFC7FFF000031161E4D42BE404092C3DF
0D090723E32784E1BC0CDAC41621B1AD0AF603FFFFFFFFFFFC7FFF00003A161E4D42BE404092C3F7
0D08EF23E30C84E2100CDAAD1621A5AD0AF503FFFFFFFFFFFC8FFF00003A161E4D42BE404092C30F
0D08CD23E2E984E27B0CDA8C162191ACFAF503FFFFFFFFFFFC8FFF000034161E4D42BE3F4092C327
0D08B623E2D384E2CA0CDA74162182ACEAF603FFFFFFFFFFFC8FFF00003A161E4D42BE3F4092C33F
0D08A323E2BB84E3050CDA62162175ACEAF503FFFFFFFFFFFC8FFF00003A161E4D42BE3F4092C357
0D088E23E2A684E3580CDA4F16216DACEAF503FFFFFFFFFFFC7FFF000039161E4D42BE3F4092C36F
0D088123E29D84E3B10CDA43162167ACDAF503FFFFFFFFFFFC8FFF00002D161E4D42BE3E4092C387
0D087323E28F84E3F70CDA33162160ACDAF503FFFFFFFFFFFC6FFF00003A161E4D42BE3E4092C39F
0D086923E28A84E4360CDA2C16215DACDAF503FFFFFFFFFFFC7FFF00003A161E4D42BE3E4092C3B7
0D085C23E27984E47D0CDA1C162155ACEAF403FFFFFFFFFFFC8FFF000034161E4C42BE3D4092B3CF
0D084423E26384E4CF0CDA05162148ACDAF4046FFFFFFFFFFC8FFF00003A161E4C42BE3D4092C3E7
0D083723E25784E5150CD9F8162142ACCAF4B64FFFFFFFFFFC9FFF000034161E4C42BE3D4092B3FF
0D082323E24184E5690CD9E4162139ACBAF403FFFFFFFFFFFC8FFF00003A161E4C42BE3C4092B317
0D080B23E22F84E5CB0CD9CD16212CACCAF303FFFFFFFFFFFC7FFF000034161E4C42BE3C4092B32F
0D07F523E21684E60E0CD9B816211EACCAF403FFFFFFFFFFFC8FFF00003A161E4C42BE3C4092B347
0D07E823E20784E64E0CD9A8162116ACCAF303FFFFFFFFFFFC7FFF000037161E4C42BE3C4092A35F
0D07A723E1B484E6A60CD96A1620ECACDAF303FFFFFFFFFFFC7FFF000036161E4C42BE3B4092A377
0D077923E17D84E6EA0CD9391620C9ACDAF303FFFFFFFFFFFC8FFF000034161E4C42BE3B4092A38F
0D076823E16884E71A0CD92A1620BFACDAF303FFFFFFFFFFFC8FFF00002E161E4C42BE3B4092A3A7
0D074D23E14884E7730CD90F1620B2ACCAF303FFFFFFFFFFFC8FFF00003B161E4C42BE3A4092A3BF
0D072C23E12684E7D90CD8F016209FACCAF303FFFFFFFFFFFC8FFF000037161E4C42BE3A4092A3D7
0D072123E11D84E8270CD8E616209BACCAF303FFFFFFFFFFFC8FFF000036161E4C42BE3A4092A3EF
0D071D23E12184E8780CD8E216209CACDAF303FFFFFFFFFFFC8FFF000033161E4C42BE3A4092A307
0D071A23E12284E8B80CD8E116209DACDAF303FFFFFFFFFFFC8FFF00003B161E4B42BE394092A31F
0D071A23E12984E8EC0CD8E11620A0ACDAF203FFFFFFFFFFFC7FFF00003B161E4B42BE394092A337
0D071B23E13084E93F0CD8DE1620A5ACCAF203FFFFFFFFFFFC8FFF00003B161E4B42BE394092A34F
0D071623E13584E9A00CD8DB1620A6ACCAF203FFFFFFFFFFFC7FFF00003B161E4B42BE3840929367
0D070023E11D84E9E90CD8C1162098ACCAF203FFFFFFFFFFFC6FFF00002E161E4B42BE384092A37F
0D06D623E0EC84EA380CD89916207DACCAF103FFFFFFFFFFFC6FFF00003A161E4B42BE3840929397
0D06B923E0CA84EA8D0CD87D16206EACCAF203FFFFFFFFFFFC8FFF00003B161E4B42BE384092A3AF
0D06A423E0B284EAD60CD86716205FACCAF103FFFFFFFFFFFC8FFF000034161E4B42BE37409283C7
0D068F23E09F84EB1A0CD853162053ACBAF103FFFFFFFFFFFC7FFF000035161E4B42BE37409293DF
0D067523E07F84EB5C0CD83A162044ACBAF103FFFFFFFFFFFC7FFF00003B161E4B42BE37409293F7
0D065423E05784EB9C0CD813162029ACAAF003FFFFFFFFFFFC8FFF00003C161E4B42BE364092830F
0D062523E01B84EBF40CD7EA162011ACAAF103FFFFFFFFFFFC7FFF00003B161E4B42BE3640928327
0D05F423DFE784EC680CD7BB161FF3ACAAF003FFFFFFFFFFFC7FFF000035161E4B42BE364092833F
0D05DA23DFC784ECB60CD7A3161FE2ACAAF103FFFFFFFFFFFC8FFF00003A161E4A42BE3640928357
0D05C223DFA684ECD80CD788161FCEACAAF103FFFFFFFFFFFC8FFF000035161E4A42BE354092836F
0D058923DF5A84ED190CD753161FABAC9AF003FFFFFFFFFFFC8FFF000035161E4A42BE3540928387
0D056B23DF3A84ED710CD733161F99AC9AF003FFFFFFFFFFFC8FFF00003B161E4A42BE354092839F
0D054823DF1484EDD20CD713161F85AC9AF003FFFFFFFFFFFC8FFF00003C161E4A42BE34409283B7
0D052A23DEF284EE300CD6F1161F6EAC9AF003FFFFFFFFFFFC8FFF000035161E4A42BE34409273CF
0D04FB23DEB484EE740CD6C1161F4DAC8AEF03FFFFFFFFFFFC8FFF00003B161E4A42BE34409283E7
0D04E023DE9784EEAE0CD6AC161F3EAC9AEF03FFFFFFFFFFFC8FFF00003B161E4A42BE34409283FF
0D04DA23DE9384EEF70CD6A6161F3EAC9AEF03FFFFFFFFFFFC8FFF000031161E4A42BE3340927317
0D04D623DE9784EF4C0CD6A2161F40AC8AEF03FFFFFFFFFFFC8FFF000032161E4A42BE334092832F
0D04D223DE9A84EF9E0CD69D161F40AC8AEE03FFFFFFFFFFFC8FFF00003C161E4A42BE3340927347
0D04C123DE8884EFF30CD68D161F3AAC8AEE03FFFFFFFFFFFC8FFF00003C161E4A42BE324092735F
0D04B923DE8A84F04B0CD685161F3AAC8AEE03FFFFFFFFFFFC8FFF00003C161E4A42BE3240927377
0D04B223DE8884F07F0CD67E161F35AC8AEE03FFFFFFFFFFFC7FFF00003C161E4942BE324092738F
0D04A723DE7A84F0C00CD671161F2FAC8AED03FFFFFFFFFFFC7FFF00003C161E4942BE32409263A7
0D047A23DE4684F1200CD645161F16AC8AED03FFFFFFFFFFFC8FFF00002F161E4942BE31409263BF
0D044F23DE1584F17A0CD61C161EFAAC8AEE03FFFFFFFFFFFC8FFF00003C161E4942BE31409263D7
0D043323DDF284F1C40CD5FC161EE5AC8AEE03FFFFFFFFFFFC8FFF000035161E4942BE31409263EF
0D040923DDBD84F2060CD5D4161ECAAC7AEE03FFFFFFFFFFFC8FFF00003C161E4942BE3040926307
0D03E423DD9184F2570CD5B0161EB4AC7AEE03FFFFFFFFFFFC7FFF000036161E4942BE304092631F
0D03BB23DD5D84F2A70CD587161E98AC7AEE03FFFFFFFFFFFC6FFF000036161E4942BE3040926337
0D03A123DD4584F2E50CD56F161E88AC7AED03FFFFFFFFFFFC6FFF00003C161E4942BE304092634F
0D038D23DD2B84F3340CD55C161E7FAC7AED03FFFFFFFFFFFC7FFF000037161E4942BE2F40926367
0D037C23DD2084F3930CD54E161E78AC7AED03FFFFFFFFFFFC8FFF00003B161E4942BE2F4092537F
0D037723DD1F84F3E10CD548161E77AC7AEE03FFFFFFFFFFFC8FFF00003D161E4942BE2F40926397
0D035D23DCFD84F4230CD52C161E64AC7AED03FFFFFFFFFFFC8FFF00003D161E4942BE2E409253AF
0D034323DCE784F4700CD513161E56AC7AED03FFFFFFFFFFFC8FFF00003D161E4842BE2E409253C7
0D033723DCDE84F4B10CD50B161E53AC7AED03FFFFFFFFFFFC7FFF000036161E4842BE2E409253DF
0D033A23DCE684F4FF0CD50C161E5AAC6AED03FFFFFFFFFFFC6FFF00003C161E4842BE2E409253F7
0D033823DCEC84F5660CD508161E5EAC6AEC03FFFFFFFFFFFC7FFF000037161E4842BE2D4092430F
0D033423DCF484F5BA0CD505161E5EAC6AEC03FFFFFFFFFFFC8FFF00003B161E4842BE2D40924327
0D033123DCF784F5F50CD504161E61AC6AEC03FFFFFFFFFFFC8FFF00003D161E4842BE2D4092533F
0D033023DCF984F6430CD500161E63AC7AEC03FFFFFFFFFFFC7FFF00003D161E4842BE2D40924357
0D032E23DD0084F68D0CD501161E67AC7AEC03FFFFFFFFFFFC8FFF00003E161E4842BE2C4092436F
0D032B23DD0484F6D70CD4FD161E68AC6AEC03FFFFFFFFFFFC8FFF000037161E4842BE2C40924387
0D032A23DD0E84F7370CD4FD161E6EAC6AEC03FFFFFFFFFFFC8FFF00003E161E4842BE2C4092439F
0D032623DD1284F7860CD4FA161E6EAC6AEC03FFFFFFFFFFFC7FFF000037161E4842BE2B409243B7
0D032523DD1484F7C00CD4F9161E73AC7AEB03FFFFFFFFFFFC7FFF000037161E4842BE2B409243CF
0D032223DD1984F8160CD4F2161E75AC7AEB03FFFFFFFFFFFC8FFF000037161E4842BE2B409243E7
0D031723DD1884F8720CD4EA161E72AC7AEB03FFFFFFFFFFFC9FFF00003E161E4742BE2B409243FF
0D030A23DD0C84F8BA0CD4DE161E6CAC7AEB03FFFFFFFFFFFC8FFF00003E161E4742BE2A40924317
0D02F623DCF284F9030CD4C7161E5FAC7AEC03FFFFFFFFFFFC8FFF000037161E4742BE2A4092332F
0D02ED23DCF084F94F0CD4BC161E5BAC8AEC03FFFFFFFFFFFC9FFF000037161E4742BE2A40923347
0D02D623DCD784F9950CD4AB161E53AC7AEC03FFFFFFFFFFFC7FFF00003F161E4742BE294092335F
0D02B523DCB084F9EE0CD486161E3CAC7AEC03FFFFFFFFFFFC8FFF000039161E4742BE2940922377
0D02AC23DCB184FA4B0CD481161E3DAC7AEC03FFFFFFFFFFFC8FFF00003E161E4742BE294092338F
0D02A723DCAF84FA7D0CD47D161E3AAC7AEC03FFFFFFFFFFFC8FFF00003F161E4742BE29409233A7
0D02A023DCAA84FAC90CD472161E39AC7AEC03FFFFFFFFFFFC9FFF00003F161E4742BE28409223BF
0D026A23DC6884FB3F0CD43C161E16AC7AEB03FFFFFFFFFFFC8FFF00003F161E4742BE28409233D7
0D024623DC4384FB860CD41E161E01AC7AEC03FFFFFFFFFFFC7FFF00003F161E4742BE28409223EF
0D023A23DC3184FB990CD417161DFAAC6AEB03FFFFFFFFFFFC7FFF000033161E4742BE2840922307
0D022B23DC2384FBDF0CD3FE161DF1AC6AEB03FFFFFFFFFFFC8FFF000040161E4742BE274092231F
0D021C23DC1E84FC520CD3EB161DE9AC5AEB03FFFFFFFFFFFC7FFF000040161E4742BE2740922337
0D01E423DBD884FCBE0CD3B9161DC8AC4AEB03FFFFFFFFFFFC5FFF00003F161E4642BE274092234F
0D01CC23DBBC84FD060CD3A4161DBAAC4AEB03FFFFFFFFFFFC8FFF000032161E4642BE2740922367
0D01B523DBA284FD3A0CD388161DA8AC4AEA03FFFFFFFFFFFC7FFF00003F161E4642BE264092237F
0D016023DB3184FD6D0CD331161D66AC4AEA03FFFFFFFFFFFC7FFF00003A161E4642BE2640921397
0D012A23DAEB84FDC30CD302161D4AAC4AEA03FFFFFFFFFFFC8FFF000042161E4642BE26409213AF
0D010B23DACD84FE300CD2E4161D37AC4AEA03FFFFFFFFFFFC8FFF00003B161E4642BE25409223C7
0D00FE23DABB84FE740CD2CF161D29AC3AE903FFFFFFFFFFFC7FFF000041161E4642BE25409213DF
0D00D223DA7F84FEA80CD2A8161D0FAC3AE903FFFFFFFFFFFC7FFF00003A161E4642BE25409213F7
0D00AF23DA5E84FF0C0CD287161CFFAC3AE903FFFFFFFFFFFC7FFF000040161E4642BE254092130F
0D009423DA4084FF700CD26F161CEEAC3AE903FFFFFFFFFFFC7FFF00003B161E4642BE2440921327
0D008323DA2F84FFA60CD25C161CDFAC2AE803FFFFFFFFFFFC7FFF000041161E4642BE244092033F
0D007423DA1D84FFDA0CD250161CDBAC2AE803FFFFFFFFFFFC8FFF00003B161E4642BE2440920357
0D006823DA1585002E0CD243161CD7AC3AE703FFFFFFFFFFFC8FFF000042161E4642BE234092036F
0D006123DA178500930CD23D161CD8AC3AE703FFFFFFFFFFFC8FFF00003B161E4642BE2340920387
0D005223DA0B8500F60CD22C161CD2AC2AE703FFFFFFFFFFFC8FFF000041161E4642BE234092039F
0D004823DA018501300CD225161CCCAC1AE603FFFFFFFFFFFC8FFF000042161E4542BE23409203B7
0D004823DA0985016B0CD225161CCFAC1AE603FFFFFFFFFFFC8FFF000035161E4542BE22409203CF
0D003E23DA018501C50CD218161CCAAC1AE603FFFFFFFFFFFC8FFF000043161E4542BE22409203E7
0D002923D9EE8502090CD202161CBEAC1AE603FFFFFFFFFFFC9FFF000044161E4542BE22409203FF
0CFFFA23D9AE8502590CD1D6161CA2AC1AE703FFFFFFFFFFFC9FFF000043161E4542BE2240920317
0CFFB223D9558502BA0CD190161C71AC2AE603FFFFFFFFFFFC8FFF000043161E4542BE214092032F
0CFFA123D9488503050CD17D161C66AC2AE703FFFFFFFFFFFC7FFF000043161E4542BE2140920347
0CFF7B23D91485034C0CD157161C4DAC1AE703FFFFFFFFFFFC8FFF000038161E4542BE214092035F
0CFF6423D8FF8503A00CD142161C43AC1AE703FFFFFFFFFFFC9FFF000042161E4542BE204091F377
0CFF5D23D8FF8503E30CD13E161C41AC0AE703FFFFFFFFFFFC8FFF000045161E4542BE204091E38F
0CFF5223D8F385041D0CD131161C3BABFAE603FFFFFFFFFFFC8FFF000045161E4542BE204091E3A7
0CFF3D23D8DB8504760CD11A161C31ABFAE503FFFFFFFFFFFC8FFF000037161E4542BE204091E3BF
0CFF2A23D8CF8504E60CD107161C27ABFAE503FFFFFFFFFFFC8FFF000042161E4542BE1F4091E3D7
0CFF2323D8CE85053B0CD105161C29AC0AE603FFFFFFFFFFFC7FFF000044161E4542BE1F4091E3EF
0CFF2423D8D58505690CD107161C2CABFAE503FFFFFFFFFFFC7FFF000045161E4442BE1F4091E307
0CFF2723D8DB8505B20CD107161C30ABEAE503FFFFFFFFFFFC8FFF000046161E4442BE1E4091E31F
0CFF1C23D8D98506070CD0FA161C2BABEAE503FFFFFFFFFFFC8FFF000047161E4442BE1E4091E337
0CFF0423D8BD85064C0CD0E3161C1EABEAE403FFFFFFFFFFFC8FFF00003E161E4442BE1E4091E34F
0CFEAD23D8488506A20CD08D161BE3ABEAE403FFFFFFFFFFFC8FFF000040161E4442BE1E4091E367
0CFE7623D80B8507000CD055161BBEABEAE403FFFFFFFFFFFC7FFF000043161E4442BE1D4091E37F
0CFE6923D7FD8507520CD04D161BB9ABEAE403FFFFFFFFFFFC7FFF000044161E4442BE1D4091E397
0CFE6823D8038507940CD04C161BBBABEAE403FFFFFFFFFFFC8FFF000039161E4442BE1D4091D3AF
0CFE6823D8098507E00CD04B161BBFABEAE403FFFFFFFFFFFC9FFF000046161E4442BE1D4091D3C7
0CFE5F23D8078508320CD040161BBCABEAE403FFFFFFFFFFFC8FFF000047161E4442BE1C4091D3DF
0CFE5323D7FC8508790CD036161BB7ABEAE403FFFFFFFFFFFC8FFF000041161E4442BE1C4091D3F7
0CFE4023D7E88508C00CD021161BACABEAE403FFFFFFFFFFFC9FFF000047161E4442BE1C4091D30F
0CFE1723D7B985091A0CCFF8161B92ABEAE303FFFFFFFFFFFC8FFF00003E161E4442BE1C4091D327
0CFDBB23D74085097A0CCF9F161B54ABDAE403FFFFFFFFFFFC8FFF00003F161E4442BE1B4091C33F
0CFD7B23D6E98509BD0CCF59161B1FABDAE303FFFFFFFFFFFC8FFF000046161E4342BE1B4091C357
0CFD3F23D69D850A030CCF20161AF9ABDAE303FFFFFFFFFFFC8FFF000046161E4342BE1B4091C36F
0CFD0023D64D850A5E0CCEE4161AD0ABDAE303FFFFFFFFFFFC8FFF000047161E4342BE1A4091C387
0CFC9B23D5C0850A9E0CCE5F161A69ABCAE303FFFFFFFFFFFC8FFF000047161E4342BE1A4091C39F
0CFC3023D533850AE10CCE18161A38ABBAE203FFFFFFFFFFFC8FFF000046161E4342BE1A4091C3B7
0CFC1323D50E850B390CCDEE161A1EABBAE203FFFFFFFFFFFC9FFF00003E161E4342BE1A4091C3CF
0CFBC023D4A4850B970CCDAB1619EFABAAE103FFFFFFFFFFFC7FFF000043161E4342BE194091B3E7
0CFBA823D48C850BF00CCD8C1619D9AB9AE103FFFFFFFFFFFC7FFF000037161E4342BE194091C3FF
0CFBB523D4A3850C380CCD931619E1AB9AE103FFFFFFFFFFFC7FFF000045161E4342BE194091B317
0CFB7223D448850C700CCD4C1619AFAB8AE003FFFFFFFFFFFC7FFF000046161E4342BE194091B32F
0CFB4B23D417850CBB0CCD351619A1AB9ADF03FFFFFFFFFFFC6FFF000040161E4342BE184091B347
0CFB4223D414850D0E0CCD301619A2AB9ADF03FFFFFFFFFFFC7FFF000047161E4342BE184091B35F
0CFB3823D40D850D610CCD2416199DAB8ADE048FFFFFFFFFFC8FFF00003F161E4342BE184091B377
0CFB1223D3E4850DC50CCCFF161987AB8ADE48FFFFFFFFFFFC8FFF00003E161E4342BE174091B38F
0CFB0E23D3E5850E180CCCFD161988AB8ADEAF7FFFFFFFFFFC8FFF000044161E4242BE174091A3A7
0CFB0F23D3EC850E3C0CCCFF161989AB8ADD03FFFFFFFFFFFC9FFF00003E161E4242BE174091A3BF
0CFB0823D3E9850E890CCCF5161989AB8ADD03FFFFFFFFFFFC8FFF000043161E4242BE174091A3D7
0CFAF323D3D5850F020CCCE3161982AB8ADD03FFFFFFFFFFFC7FFF00003D161E4242BE164091A3EF
0CFAD923D3BB850F500CCCC716196FAB7ADD058FFFFFFFFFFC9FFF000043161E4242BE164091A307
0CFACB23D3AA850F740CCCBD161967AB6ADD52BFFFFFFFFFFC8FFF00003C161E4242BE164091A31F
0CFACB23D3AC850FBC0CCCBA16196DAB6ADDADDFFFFFFFFFFC8FFF000042161E4242BE154091A337
0CFAAF23D3968510240CCCA116195FAB6ADD03FFFFFFFFFFFC8FFF000043161E4242BE154091A34F
0CFA8E23D37085108D0CCC7D16194AAB7ADD03FFFFFFFFFFFC8FFF000043161E4242BE154091A367
0CFA7A23D35B8510DF0CCC6916193DAB8ADC03FFFFFFFFFFFC8FFF00003C161E4242BE154091A37F
0CFA7023D35385110F0CCC5F161938AB8ADC05DFFFFFFFFFFC8FFF000043161E4242BE1440919397
0CFA4A23D3228511410CCC3A16191EAB8ADD5A4FFFFFFFFFFC7FFF00003D161E4242BE14409193AF
0CFA1923D2E185119A0CCC08161900AB8ADCB19FFFFFFFFFFC7FFF000045161E4242BE14409193C7
0CFA0723D2D58511FA0CCBF91618F6AB7ADC03FFFFFFFFFFFC7FFF000044161E4142BE14409183DF
0CFA0023D2D885125F0CCBF01618F6AB6ADC03FFFFFFFFFFFC7FFF00003C161E4142BE13409193F7
0CF9FB23D2D98512B80CCBEC1618F8AB6ADB03FFFFFFFFFFFC9FFF000042161E4142BE134091830F
0CF9F123D2D28512E90CCBE51618F3AB5ADB05EFFFFFFFFFFC7FFF00003D161E4142BE1340918327
0CF9E523D2BF85131D0CCBD51618EDAB5ADB59BFFFFFFFFFFC8FFF000040161E4142BE124091833F
0CF9C823D2A285137E0CCBBB1618DDAB4ADBB89FFFFFFFFFFC9FFF000042161E4142BE1240918357
0CF9BE23D29F8513D10CCBAE1618D8AB4ADB03FFFFFFFFFFFC8FFF000044161E4142BE124091836F
0CF9B523D29E85141D0CCBA71618D6AB4ADB03FFFFFFFFFFFC8FFF000046161E4142BE1240918387
0CF9B223D29F85147C0CCBA41618DAAB4ADB03FFFFFFFFFFFC8FFF000046161E4142BE124091839F
0CF9B023D2A58514C90CCBA31618DCAB4ADB06BFFFFFFFFFFC8FFF000046161E4142BE11409183B7
0CF9AC23D2AB8515070CCBA01618DCAB3ADB64DFFFFFFFFFFC8FFF000040161E4142BE11409183CF
0CF9A823D2A98515630CCB9B1618DFAB3ADBBA1FFFFFFFFFFC7FFF000048161E4142BE11409183E7
0CF9A923D2B78515BC0CCB9C1618E5AB3ADB03FFFFFFFFFFFC8FFF000049161E4142BE10409173FF
0CF9AA23D2BF8515F00CCB9F1618EBAB4ADB046FFFFFFFFFFC7FFF000043161E4142BE1040917317
0CF9AE23D2C58516340CCBA01618EFAB4ADA64AFFFFFFFFFFC7FFF00004A161E4042BE104091732F
0CF9AF23D2D68516970CCBA21618F7AB3ADA7C6FFFFFFFFFFC7FFF00004A161E4042BE1040917347
0CF9AE23D2DC8516EE0CCBA11618FAAB3ADA03FFFFFFFFFFFC8FFF00003C161E4042BE0F4091735F
0CF9A223D2D285173A0CCB931618F6AB4ADA03FFFFFFFFFFFC8FFF00004B161E4042BE0F40917377
0CF98923D2BE8517900CCB7C1618E8AB4AD967AFFFFFFFFFFC6FFF00004D161E4042BE0F4091638F
0CF96B23D2988517CA0CCB5E1618D3AB4ADA449FFFFFFFFFFC7FFF00004E161E4042BE0E409163A7
0CF95F23D28C8518060CCB5A1618D5AB4ADA5F8FFFFFFFFFFC7FFF00004F161E4042BE0E409163BF
0CF94323D27285186F0CCB381618C1AB3ADA7C5FFFFFFFFFFC6FFF00004F161E4042BE0E409163D7
0CF92F23D25F8518C90CCB241618B7AB3ADA03FFFFFFFFFFFC6FFF00004E161E4042BE0E409163EF
0CF92A23D25D8519000CCB231618B8AB3ADA03FFFFFFFFFFFC6FFF00004D161E4042BE0D40916307
0CF91C23D24F8519480CCB0F1618AFAB3ADA03FFFFFFFFFFFC8FFF000046161E4042BE0D4091631F
0CF90D23D2458519AD0CCB001618A8AB4ADA03FFFFFFFFFFFC8FFF000045161E4042BE0D40916337
0CF90023D23C851A080CCAF51618A4AB4ADA3D1FFFFFFFFFFC8FFF00004D161E4042BE0D4091634F
0CF8FD23D241851A400CCAEE16189FAB3ADA61DFFFFFFFFFFC8FFF00004C161E3F42BE0C40916367
0CF8F423D238851A7D0CCAE716189FAB3ADA367FFFFFFFFFFC8FFF00004A161E3F42BE0C4091537F
0CF8E523D22E851AD40CCADD16189DAB2ADA9C1FFFFFFFFFFC8FFF000049161E3F42BE0C40915397
0CF8B523D1ED851B2B0CCAAC16187FAB1ADA03FFFFFFFFFFFC8FFF000047161E3F42BE0B409153AF
0CF89B23D1D7851B800CCA8B161869AB1AD903FFFFFFFFFFFC8FFF00004D161E3F42BE0B409153C7
0CF87823D1AF851BD70CCA6E161859AB2AD903FFFFFFFFFFFC8FFF00004E161E3F42BE0B409153DF
0CF86823D19F851C220CCA5C16184CAB2AD9040FFFFFFFFFFC8FFF000048161E3F42BE0B409143F7
0CF85823D18E851C480CCA51161844AB2AD93F8FFFFFFFFFFC8FFF00004F161E3F42BE0A4091430F
0CF84D23D183851C930CCA44161842AB2AD9A90FFFFFFFFFFC8FFF00004F161E3F42BE0A40914327
0CF83D23D179851D050CCA3116183CAB2AD803FFFFFFFFFFFC7FFF00004F161E3F42BE0A4091433F
0CF81F23D15A851D5C0CCA16161829AB1AD803FFFFFFFFFFFC6FFF00004F161E3F42BE0A40914357
0CF7EC23D114851D9C0CC9E4161805AB2AD803FFFFFFFFFFFC7FFF000048161E3F42BE094091436F
0CF7C723D0E9851DE90CC9BF1617EFAB1AD8055FFFFFFFFFFC6FFF000041161E3F42BE0940914387
0CF7BF23D0E4851E1E0CC9BC1617EDAB1AD8541FFFFFFFFFFC8FFF000051161E3F42BE094091439F
0CF7BE23D0E6851E5D0CC9B61617EDAB1AD7B34FFFFFFFFFFC7FFF000051161E3E42BE08409143B7
0CF7B823D0EE851ED30CC9AD1617F0AB0AD703FFFFFFFFFFFC7FFF00004F161E3E42BE08409133CF
0CF7A223D0D8851F3A0CC99E1617E8AB0AD703FFFFFFFFFFFC7FFF00004D161E3E42BE08409143E7
0CF7A023D0DC851F630CC99D1617E7AAFAD703FFFFFFFFFFFC7FFF00004D161E3E42BE08409133FF
0CF77A23D0A6851FA50CC9711617CDAAFAD7056FFFFFFFFFFC7FFF000042161E3E42BE0740913317
0CF74D23D07885200A0CC9471617B2AAFAD7580FFFFFFFFFFC6FFF000050161E3E42BE074091332F
0CF73B23D0628520480CC9371617A5AAFAD7B72FFFFFFFFFFC7FFF000051161E3E42BE0740913347
0CF73023D0588520810CC92E1617A3AAFAD703FFFFFFFFFFFC7FFF000042161E3E42BE074091235F
0CF71523D03C8520E80CC911161794AAFAD703FFFFFFFFFFFC7FFF00004E161E3E42BE0640912377
0CF70023D02785214E0CC8FA161788AB0AD703FFFFFFFFFFFC7FFF00004D161E3E42BE064091238F
0CF6D723CFF585218C0CC8CF161769AAFAD7058FFFFFFFFFFC9FFF00004E161E3E42BE06409123A7
0CF6C423CFE48521C50CC8C0161760AB0AD659EFFFFFFFFFFC8FFF000047161E3E42BE06409123BF
0CF68623CF8F8522150CC880161736AB0AD6BC8FFFFFFFFFFC8FFF00004F161E3E42BE05409123D7
0CF66F23CF7685226C0CC869161727AB0AD603FFFFFFFFFFFC8FFF000048161E3E42BE05409123EF
0CF65F23CF6A8522C80CC85E161723AB0AD6047FFFFFFFFFFC8FFF000047161E3E42BE0540912307
0CF64323CF4C8523110CC84116170FAAFAD65C8FFFFFFFFFFC8FFF000045161E3D42BE054091231F
0CF63023CF3485234B0CC82C161704AAFAD67A0FFFFFFFFFFC8FFF00004B161E3D42BE0440911337
0CF61923CF1A85239C0CC8141616F6AAEAD503FFFFFFFFFFFC7FFF00004C161E3D42BE044091234F
0CF61323CF208523FA0CC8101616F7AADAD503FFFFFFFFFFFC7FFF000045161E3D42BE0440912367
0CF60523CF108524500CC8001616F0AADAD503FFFFFFFFFFFC7FFF000044161E3D42BE044091137F
0CF5F623CF078524980CC7F31616E8AACAD4048FFFFFFFFFFCAFFF000044161E3D42BE0340911397
0CF5EF23CF038524E80CC7EE1616EBAADAD4630FFFFFFFFFFC9FFF00004A161E3D42BE03409113AF
0CF5B623CEBE85253F0CC7B21616C2AADAD47E2FFFFFFFFFFC8FFF00004A161E3D42BE03409113C7
0CF58E23CE898525770CC78E1616A8AADAD403FFFFFFFFFFFC8FFF00004A161E3D42BE02409103DF
0CF58323CE808525B90CC7841616A5AADAD403FFFFFFFFFFFC9FFF000043161E3D42BE02409103F7
0CF57123CE748526240CC76A161699AADAD403FFFFFFFFFFFC9FFF000042161E3D42BE024091030F
0CF55A23CE5C8526810CC75916168FAADAD4047FFFFFFFFFFC8FFF000048161E3D42BE0240910327
0CF54C23CE4F8526B90CC75316168BAACAD4653FFFFFFFFFFC7FFF000048161E3D42BE024091033F
0CF54C23CE4F85270C0CC74F16168EAACAD4867FFFFFFFFFFC7FFF000048161E3D42BE0140910357
0CF54523CE568527670CC74616168DAACAD403FFFFFFFFFFFC7FFF000041161E3C42BE014091036F
0CF54223CE578527A50CC747161690AADAD303FFFFFFFFFFFC8FFF000049161E3C42BE0140910387
0CF54123CE5D8527EC0CC744161692AADAD303FFFFFFFFFFFC7FFF000042161E3C42BE004091039F
0CF54223CE6385283B0CC745161697AADAD3082FFFFFFFFFFC7FFF000049161E3C42BE00409103B7
0CF54723CE7485288F0CC74616169DAADAD3694FFFFFFFFFFC8FFF00004A161E3C42BE00409103CF
0CF54623CE808528FA0CC7481616A7AACAD37E3FFFFFFFFFFC6FFF000043161E3C42BE004090E3E7
0CF54223CE858529520CC7471616A8AACAD303FFFFFFFFFFFC8FFF00004A161E3C42BE00409103FF
0CF54123CE888529780CC7451616A7AACAD303FFFFFFFFFFFC8FFF00004B161E3C42BDFF4090E317
0CF53F23CE8C8529B90CC7421616ABAABAD303FFFFFFFFFFFC8FFF00003F161E3C42BDFF4090E32F
0CF53923CE8E852A1D0CC73C1616ADAABAD303FFFFFFFFFFFC9FFF00004E161E3C42BDFF4090E347
0CF53823CE97852A780CC73C1616B0AACAD303FFFFFFFFFFFC7FFF00004F161E3C42BDFE4090E35F
0CF52823CE89852ABC0CC72D1616AAAACAD303FFFFFFFFFFFC7FFF00004C161E3C42BDFE4090E377
0CF52323CE87852B100CC7251616A8AACAD303FFFFFFFFFFFC8FFF000041161E3C42BDFE4090E38F
0CF51723CE7F852B6C0CC7181616A4AADAD303FFFFFFFFFFFC8FFF00004B161E3B42BDFE4090E3A7
0CF50523CE73852BAE0CC70916169AAACAD303FFFFFFFFFFFC7FFF00004B161E3B42BDFE4090E3BF
0CF4F523CE5D852BE50CC6F516168FAACAD303FFFFFFFFFFFC7FFF000046161E3B42BDFD4090E3D7
0CF4CC23CE2B852C2E0CC6D1161679AACAD303FFFFFFFFFFFC9FFF00004F161E3B42BDFD4090D3EF
0CF4A223CDF9852C810CC6A616165DAABAD303FFFFFFFFFFFC8FFF000050161E3B42BDFD4090E307
0CF47623CDC2852CD40CC67B161640AABAD403FFFFFFFFFFFC8FFF000047161E3B42BDFC4090D31F
0CF45A23CDA5852D170CC65C16162AAABAD403FFFFFFFFFFFC9FFF000045161E3B42BDFC4090D337
0CF44523CD8B852D520CC64B161620AABAD303FFFFFFFFFFFC7FFF000045161E3B42BDFC4090D34F
0CF44523CD90852DA70CC648161625AAAAD403FFFFFFFFFFFC8FFF00004C161E3B42BDFC4090C367
0CF43823CD8B852E000CC63B161620AAAAD303FFFFFFFFFFFC8FFF000046161E3B42BDFB4090C37F
0CF43323CD88852E330CC63A161620AAAAD303FFFFFFFFFFFC7FFF00004D161E3B42BDFB4090C397
0CF43523CD91852E730CC63B161626AAAAD303FFFFFFFFFFFC7FFF00004E161E3B42BDFB4090C3AF
0CF43523CD9A852ECD0CC63C16162BAABAD303FFFFFFFFFFFC8FFF00004F161E3A42BDFB4090C3C7
0CF43023CD9B852F1A0CC63716162AAAAAD203FFFFFFFFFFFC8FFF00004E161E3A42BDFA4090C3DF
0CF42B23CD9A852F610CC63216162BAAAAD203FFFFFFFFFFFC9FFF00004D161E3A42BDFA4090C3F7
0CF42123CD94852FAA0CC61E161620AAAAD203FFFFFFFFFFFC7FFF000041161E3A42BDFA4090C30F
0CF41023CD86852FEA0CC61716161EAABAD203FFFFFFFFFFFC7FFF000043161E3A42BDFA4090C327
0CF41223CD908530350CC61B161627AABAD203FFFFFFFFFFFC8FFF00004E161E3A42BDF94090C33F
0CF41523CD9C8530840CC61D16162CAABAD203FFFFFFFFFFFC8FFF000048161E3A42BDF94090C357
0CF41723CDA78530CC0CC620161631AABAD203FFFFFFFFFFFC9FFF000047161E3A42BDF94090B36F
0CF40D23CDA185310D0CC61816162FAABAD203FFFFFFFFFFFC8FFF000046161E3A42BDF94090B387
0CF40523CD9B8531430CC60B161628AABAD203FFFFFFFFFFFC8FFF00004D161E3A42BDF84090B39F
0CF3F723CD8D8531820CC5FF161623AABAD103FFFFFFFFFFFC8FFF000048161E3A42BDF84090B3B7
0CF3F423CD938531D70CC5FA161625AABAD203FFFFFFFFFFFC8FFF00004F161E3A42BDF84090B3CF
0CF3F023CD998532240CC5F9161628AABAD203FFFFFFFFFFFC7FFF00004E161E3942BDF74090B3E7
0CF3EF23CD978532590CC5F816162AAABAD203FFFFFFFFFFFC7FFF00004E161E3942BDF74090B3FF
0CF3EF23CDA28532940CC5F916162BAABAD203FFFFFFFFFFFC8FFF00004E161E3942BDF74090A317
0CF3ED23CDA68532D80CC5F6161630AACAD203FFFFFFFFFFFC7FFF000047161E3942BDF74090A32F
0CF3EA23CDAA8533100CC5F4161630AABAD203FFFFFFFFFFFC7FFF000049161E3942BDF64090A347
0CF3E823CDA985334A0CC5F0161631AABAD203FFFFFFFFFFFC9FFF00004D161E3942BDF64090A35F
0CF3E223CDA88533970CC5EA161632AABAD203FFFFFFFFFFFC7FFF00004F161E3942BDF64090A377
0CF3DE23CDA78533D60CC5E7161632AABAD203FFFFFFFFFFFC8FFF000048161E3942BDF64090A38F
0CF3D923CDAF8534070CC5E2161633AABAD203FFFFFFFFFFFC8FFF000040161E3942BDF54090A3A7
0CF3D823CDAD85344C0CC5E1161635AAAAD203FFFFFFFFFFFC8FFF000047161E3942BDF54090A3BF
0CF3D623CDB48534890CC5E0161637AABAD303FFFFFFFFFFFC8FFF00004E161E3942BDF5409093D7
0CF3D423CDB38534AE0CC5DC161635AABAD203FFFFFFFFFFFC8FFF000048161E3942BDF54090A3EF
0CF3D023CDB38534ED0CC5D8161637AABAD203FFFFFFFFFFFC8FFF00004B161E3842BDF440909307
0CF3D023CDBF85353F0CC5D916163DAAAAD303FFFFFFFFFFFC8FFF00004A161E3842BDF44090931F
0CF3D323CDC58535690CC5DD161641AABAD3AE2FFFFFFFFFFC8FFF000047161E3842BDF440909337
0CF3D323CDCA85358E0CC5DF161643AAAAD303FFFFFFFFFFFC9FFF00004E161E3842BDF44090934F
0CF3D423CDD68535D80CC5DD161648AABAD303FFFFFFFFFFFC8FFF00004F161E3842BDF340908367
0CF3C923CDCC85360F0CC5D0161641AAAAD203FFFFFFFFFFFC8FFF000050161E3842BDF34090837F
0CF3BB23CDBC8536320CC5C616163AAAAAD203FFFFFFFFFFFC8FFF00004F161E3842BDF340908397
0CF3B023CDB48536720CC5B7161635AAAAD203FFFFFFFFFFFC9FFF000041161E3842BDF3409083AF
0CF3A023CDA58536C30CC5A916162FAAAAD203FFFFFFFFFFFC8FFF00004E161E3842BDF2409083C7
0CF39A23CDA18537000CC5A516162DAAAAD203FFFFFFFFFFFC8FFF00004E161E3842BDF2409083DF
0CF39423CD9E8537230CC59D161629AAAAD303FFFFFFFFFFFC8FFF000042161E3842BDF2409083F7
0CF39023CD9D8537500CC59B16162BAAAAD303FFFFFFFFFFFC7FFF000050161E3742BDF24090830F
0CF38A23CD9D8537800CC59716162BAABAD203FFFFFFFFFFFC7FFF00004F161E3742BDF140908327
0CF38523CD988537C10CC59016162AAACAD203FFFFFFFFFFFC7FFF00004F161E3742BDF14090833F
0CF38023CD9C85381B0CC58916162CAACAD203FFFFFFFFFFFC7FFF000048161E3742BDF140906357
0CF37923CD9B85385C0CC584161628AACAD203FFFFFFFFFFFC8FFF00004F161E3742BDF14090736F
0CF37823CD9A8538760CC583161628AABAD203FFFFFFFFFFFC8FFF000049161E3742BDF040906387
0CF37623CD9D8538B40CC58016162DAABAD203FFFFFFFFFFFC8FFF000048161E3742BDF04090639F
0CF37323CDA28538FC0CC57E16162EAAAAD203FFFFFFFFFFFC9FFF00004F161E3742BDF0409073B7
0CF37123CDA585392F0CC57B16162FAAAAD203FFFFFFFFFFFC9FFF000050161E3742BDF0409063CF
0CF36E23CDAB8539750CC578161631AAAAD203FFFFFFFFFFFC8FFF00004A161E3742BDEF409063E7
0CF36E23CDB28539C10CC579161636AAAAD203FFFFFFFFFFFC8FFF00004E161E3742BDEF409063FF
0CF36823CDB18539F80CC574161634AABAD203FFFFFFFFFFFC8FFF00004F161E3642BDEF40906317
0CF36023CDAB853A320CC56B161632AABAD203FFFFFFFFFFFC7FFF000049161E3642BDEF4090632F
0CF34A23CD91853A710CC555161624AABAD203FFFFFFFFFFFC7FFF00004A161E3642BDEE40906347
0CF31923CD50853AA60CC521161601AABAD203FFFFFFFFFFFC8FFF00004F161E3642BDEE4090635F
0CF30123CD38853AE80CC50C1615F4AABAD203FFFFFFFFFFFC7FFF00004B161E3642BDEE40906377
0CF2F823CD33853B320CC5051615F3AABAD203FFFFFFFFFFFC7FFF00004A161E3642BDED4090538F
0CF2F523CD38853B6E0CC5061615F4AAAAD203FFFFFFFFFFFC8FFF000044161E3642BDED409053A7
0CF2EC23CD2C853BB30CC4F71615F0AAAAD203FFFFFFFFFFFC8FFF000051161E3642BDED409053BF
0CF2DE23CD26853C070CC4EB1615EBAAAAD203FFFFFFFFFFFC9FFF000050161E3642BDED409043D7
0CF2DE23CD2F853C3F0CC4EC1615EDAAAAD203FFFFFFFFFFFC9FFF000051161E3642BDEC409053EF
0CF2DA23CD2D853C7A0CC4E41615EDAAAAD103FFFFFFFFFFFC9FFF00004D161E3642BDEC40904307
0CF2D823CD2D853CCE0CC4E31615F0AAAAD103FFFFFFFFFFFC8FFF000051161E3542BDEC4090431F
0CF2D523CD36853D0E0CC4E61615F5AAAAD103FFFFFFFFFFFC8FFF000053161E3542BDEC40904337
0CF2CE23CD31853D400CC4DC1615EFAAAAD103FFFFFFFFFFFC8FFF000052161E3542BDEB4090434F
0CF2A623CCFC853D840CC4B21615D6AA9AD103FFFFFFFFFFFC7FFF000053161E3542BDEB40904367
0CF28723CCDA853DD70CC4931615C2AA9AD103FFFFFFFFFFFC7FFF000052161E3542BDEB4090437F
0CF27123CCC4853E280CC4801615B9AA9AD103FFFFFFFFFFFC9FFF00004A161E3542BDEB40903397
0CF26E23CCC8853E6A0CC47D1615B9AA9AD103FFFFFFFFFFFC9FFF00004A161E3542BDEB409033AF
0CF26723CCC3853E9B0CC4751615B4AA9AD103FFFFFFFFFFFC9FFF000052161E3542BDEA409043C7
0CF25423CCAC853ED90CC4611615AAAA9AD003FFFFFFFFFFFC8FFF00004D161E3542BDEA409033DF
0CF24523CCA1853F330CC4521615A4AA9AD103FFFFFFFFFFFC8FFF000051161E3542BDEA409033F7
0CF23A23CC9A853F850CC44A1615A2AA9AD103FFFFFFFFFFFC8FFF00004C161E3542BDE94090330F
0CF23623CC9C853FC10CC4461615A2AA9AD157BFFFFFFFFFFC8FFF00004C161E3442BDE940903327
0CF23323CCA08540110CC43F1615A3AA9AD05FFFFFFFFFFFFC8FFF000051161E3442BDE94090233F
0CF23623CCAF8540770CC4401615A9AA9AD003FFFFFFFFFFFC8FFF000051161E3442BDE940902357
0CF23123CCAD8540B50CC43E1615A8AA9AD003FFFFFFFFFFFC8FFF00004B161E3442BDE84090236F
0CF22E23CCAE8540CB0CC43F1615AAAA9AD003FFFFFFFFFFFC8FFF000052161E3442BDE840902387
0CF22F23CCB785410D0CC43D1615AEAAAAD003FFFFFFFFFFFC8FFF000053161E3442BDE84090239F
0CF23123CCC18541780CC43D1615B7AA9AD01EAFFFFFFFFFFC8FFF000052161E3442BDE8409023B7
0CF23123CCD28541D10CC4401615BCAA9AD003FFFFFFFFFFFC8FFF00004A161E3442BDE7409023CF
0CF23123CCD78542130CC4411615C0AA9AD003FFFFFFFFFFFC8FFF000050161E3442BDE7409023E7
0CF23323CCDF8542560CC4431615C5AA9AD003FFFFFFFFFFFC8FFF000050161E3442BDE7409023FF
0CF23323CCE785428B0CC4441615C9AA9AD003FFFFFFFFFFFC9FFF00004B161E3442BDE740901317
0CF23523CCED8542B60CC4451615CCAA9AD003FFFFFFFFFFFC9FFF000053161E3342BDE64090132F
0CF23923CCF78542FE0CC4461615D4AA9AD103FFFFFFFFFFFC6FFF000052161E3342BDE640901347
0CF23F23CD0F8543660CC44B1615DDAA9AD103FFFFFFFFFFFC8FFF000051161E3342BDE64090135F
0CF23E23CD158543C10CC44B1615E2AA9AD103FFFFFFFFFFFC7FFF000049161E3342BDE640901377
0CF23A23CD1A8543FD0CC44B1615E3AA9AD103FFFFFFFFFFFC7FFF000049161E3342BDE64090038F
0CF23523CD168544330CC4431615E1AA9AD103FFFFFFFFFFFC8FFF00004A161E3342BDE5409013A7
0CF23123CD1985447B0CC4401615E3AA9AD103FFFFFFFFFFFC8FFF000052161E3342BDE5409003BF
0CF23023CD1E8544B00CC4431615E7AA9AD103FFFFFFFFFFFC8FFF00004E161E3342BDE5409003D7
0CF23423CD278544DC0CC4441615EDAAAAD103FFFFFFFFFFFC8FFF000050161E3342BDE4409003EF
0CF23623CD348545360CC4411615F1AAAAD103FFFFFFFFFFFC8FFF000052161E3342BDE440900307
0CF23223CD3C8545A10CC43F1615F4AA9AD103FFFFFFFFFFFC8FFF000049161E3242BDE44090031F
0CF22823CD358545E30CC42E1615E9AAAAD103FFFFFFFFFFFC8FFF000050161E3242BDE440900337
0CF20B23CD0F85460B0CC4171615D8AABAD103FFFFFFFFFFFC8FFF00004C161E3242BDE44090034F
0CF1F723CCFB85464C0CC4091615D3AABAD103FFFFFFFFFFFC8FFF000051161E3242BDE340900367
0CF1EC23CCF48546920CC3FE1615CEAABAD103FFFFFFFFFFFC8FFF000053161E3242BDE34090037F
0CF1E823CCF08546D00CC3F81615CFAABAD103FFFFFFFFFFFC8FFF00004C161E3242BDE3408FF397
0CF1E723CCF98547170CC3F61615D2AABAD103FFFFFFFFFFFC8FFF000052161E3242BDE3408FF3AF
0CF1E423CCFC85476B0CC3F21615D3AABAD103FFFFFFFFFFFC7FFF00004A161E3242BDE2408FF3C7
0CF1D823CCF78547B10CC3E71615CDAABAD103FFFFFFFFFFFC7FFF00004A161E3242BDE2408FE3DF
0CF1AF23CCBD8547EA0CC3B71615ACAABAD103FFFFFFFFFFFC8FFF000052161E3242BDE2408FF3F7
0CF17B23CC7C85482E0CC38916158EAAAAD003FFFFFFFFFFFC7FFF000053161E3242BDE2408FF30F
0CF16523CC6485486E0CC377161581AAAAD003FFFFFFFFFFFC8FFF000047161E3142BDE1408FE327
0CF15823CC5A8548A30CC36B16157DAA9AD003FFFFFFFFFFFC9FFF00004D161E3142BDE1408FE33F
0CF13923CC308548F10CC34A161569AA9AD003FFFFFFFFFFFC8FFF000048161E3142BDE1408FE357
0CF12F23CC2C8549460CC341161566AAAAD103FFFFFFFFFFFC8FFF000052161E3142BDE1408FE36F
0CF12723CC2A85497E0CC33A161563AAAAD003FFFFFFFFFFFC8FFF000052161E3142BDE0408FE387
0CF11923CC208549C50CC32C16155DAA9AD003FFFFFFFFFFFC7FFF000052161E3142BDE0408FE39F
0CF10F23CC13854A0C0CC322161558AA8AD003FFFFFFFFFFFC8FFF000052161E3142BDE0408FD3B7
0CF10B23CC13854A2F0CC31F161556AA8ACF03FFFFFFFFFFFC9FFF000053161E3142BDDF408FE3CF
0CF10623CC11854A740CC316161556AA8AD003FFFFFFFFFFFC9FFF00004C161E3142BDDF408FE3E7
0CF0FB23CC0B854ACF0CC30E161554AA8ACF03FFFFFFFFFFFC8FFF000053161E3142BDDF408FD3FF
0CF0FA23CC10854AF20CC30F161556AA9AD003FFFFFFFFFFFC7FFF00004F161E3042BDDF408FD317
0CF0F923CC0F854B170CC30C161555AA9AD0B25FFFFFFFFFFC7FFF00004E161E3042BDDE408FD32F
0CF0F723CC17854B700CC30916155AAA9AD0047FFFFFFFFFFC8FFF000044161E3042BDDE408FC347
0CF0F423CC20854BBB0CC30916155EAA9AD003FFFFFFFFFFFC7FFF000052161E3042BDDE408FC35F
0CF0F323CC23854BE60CC30816155FAA9ACF03FFFFFFFFFFFC6FFF000052161E3042BDDE408FD377
0CF0F323CC22854C170CC307161560AA9ACF03FFFFFFFFFFFC7FFF000052161E3042BDDD408FC38F
0CF0F323CC2C854C560CC307161565AA9ACF03FFFFFFFFFFFC8FFF000053161E3042BDDD408FC3A7
0CF0EF23CC2E854C9C0CC302161566AA9AD003FFFFFFFFFFFC8FFF000053161E3042BDDD408FC3BF
0CF0F023CC36854CDD0CC305161569AA9AD003FFFFFFFFFFFC8FFF000053161E3042BDDD408FC3D7
0CF0ED23CC3A854D130CC30116156AAA9ACF03FFFFFFFFFFFC8FFF000053161E3042BDDC408FC3EF
0CF0EC23CC3A854D390CC30116156CAA9ACF03FFFFFFFFFFFC8FFF00004B161E2F42BDDC408FC307
0CF0EC23CC3E854D710CC300161571AA9AD003FFFFFFFFFFFC8FFF00004D161E2F42BDDC408FC31F
0CF0EA23CC45854DCE0CC2FA161572AAAAD003FFFFFFFFFFFC8FFF000051161E2F42BDDB408FB337
0CF0E323CC47854E180CC2F8161573AAAAD003FFFFFFFFFFFC9FFF000052161E2F42BDDB408FB34F
0CF0E323CC4A854E390CC2F9161574AA9AD003FFFFFFFFFFFC9FFF00004B161E2F42BDDB408FB367
0CF0E423CC52854E6E0CC2FA161578AA9AD003FFFFFFFFFFFC9FFF000053161E2F42BDDB408FB37F
0CF0E323CC55854EB20CC2F816157CAA9AD003FFFFFFFFFFFC8FFF000054161E2F42BDDA408FB397
0CF0DF23CC58854EE00CC2F416157BAA9AD003FFFFFFFFFFFC7FFF00004D161E2F42BDDA408FA3AF
0CF0DD23CC58854F1D0CC2F216157EAA8ACF03FFFFFFFFFFFC7FFF00004C161E2F42BDDA408FA3C7
0CF0DA23CC5E854F5D0CC2F1161580AA8ACF03FFFFFFFFFFFC8FFF000052161E2F42BDDA408FA3DF
0CF0D823CC5F854F8A0CC2EE161580AA7ACF03FFFFFFFFFFFC8FFF00004C161E2E42BDD9408FA3F7
0CF0D623CC64854FD00CC2EB161583AA8ACF03FFFFFFFFFFFC8FFF000050161E2E42BDD9408FA30F
0CF0D123CC658550120CC2E516157FAA8AD003FFFFFFFFFFFC8FFF00004B161E2E42BDD9408FA327
0CF0C723CC5785501D0CC2DD161578AA8AD003FFFFFFFFFFFC8FFF00004A161E2E42BDD8408FA33F
0CF0C823CC5B85504C0CC2DC16157EAA8ACF03FFFFFFFFFFFC8FFF000054161E2E42BDD8408F9357
0CF0C223CC5E8550A00CC2D516157FAA8AD003FFFFFFFFFFFC8FFF000054161E2E42BDD8408FA36F
0CF0BB23CC5B8550CC0CC2D216157CAA8ACF03FFFFFFFFFFFCAFFF000053161E2E42BDD8408FA387
0CF0B823CC5B8550FF0CC2CC16157CAA8ACF03FFFFFFFFFFFC9FFF000053161E2E42BDD7408F939F
0CF0A323CC4685514C0CC2B7161572AA9AD003FFFFFFFFFFFC7FFF00004C161E2E42BDD7408F83B7
0CF09E23CC4385518F0CC2B4161572AA8ACF03FFFFFFFFFFFC8FFF000053161E2E42BDD7408F93CF
0CF09923CC3E8551AC0CC2B1161570AA9AD003FFFFFFFFFFFC8FFF00004E161E2E42BDD7408F93E7
0CF09923CC418551B80CC2B1161570AA9ACF03FFFFFFFFFFFC8FFF000055161E2D42BDD6408F83FF
0CF09B23CC4A8551FD0CC2AE161576AA9AD003FFFFFFFFFFFC8FFF000054161E2D42BDD6408F8317
0CF09323CC4E8552560CC2AA161576AA9ACF03FFFFFFFFFFFC8FFF000054161E2D42BDD6408F832F
0CF09023CC4B8552840CC2A8161575AA8ACF03FFFFFFFFFFFC8FFF00004D161E2D42BDD5408F8347
0CF08B23CC498552B00CC2A0161572AA8AD003FFFFFFFFFFFC7FFF000053161E2D42BDD5408F835F
0CF08623CC4A8552F00CC29E161576AA9AD003FFFFFFFFFFFC7FFF000053161E2D42BDD5408F8377
0CF08323CC4985530E0CC299161572AA8AD003FFFFFFFFFFFC9FFF00004D161E2D42BDD5408F838F
0CF08123CC468553220CC298161572AA8ACF03FFFFFFFFFFFC8FFF000054161E2D42BDD4408F83A7
0CF08323CC528553700CC296161578AA8ACF03FFFFFFFFFFFC7FFF000053161E2D42BDD4408F73BF
0CF08023CC578553BB0CC29616157AAA8ACF03FFFFFFFFFFFC8FFF00004D161E2D42BDD4408F73D7
0CF07D23CC538553C20CC296161579AA9ACF03FFFFFFFFFFFC7FFF00004C161E2D42BDD4408F63EF
0CF07E23CC538553D30CC295161579AA9ACF03FFFFFFFFFFFC8FFF000053161E2C42BDD3408F7307
0CF07B23CC5A85542B0CC291161580AA9AD003FFFFFFFFFFFC8FFF000054161E2C42BDD3408F731F
0CF07123CC578554740CC285161578AA8AD003FFFFFFFFFFFC8FFF000046161E2C42BDD3408F6337
0CF06A23CC5085548E0CC280161575AA8AD003FFFFFFFFFFFC9FFF000053161E2C42BDD2408F634F
0CF06923CC4F8554AA0CC27F161575AA8AD003FFFFFFFFFFFC8FFF000053161E2C42BDD2408F6367
0CF06923CC558554D70CC28116157AAA8AD003FFFFFFFFFFFC7FFF000053161E2C42BDD2408F637F
0CF06923CC5A8555100CC28116157EAA8AD003FFFFFFFFFFFC8FFF00004D161E2C42BDD2408F6397
0CF06623CC5F8555500CC27D16157EAA7AD003FFFFFFFFFFFC7FFF000053161E2C42BDD1408F63AF
0CF06023CC5A8555820CC274161578AA7AD003FFFFFFFFFFFC7FFF000052161E2C42BDD1408F63C7
0CF05523CC4F8555A80CC26A161574AA7AD003FFFFFFFFFFFC9FFF00004F161E2C42BDD1408F63DF
0CF05123CC508555D40CC268161577AA7AD003FFFFFFFFFFFC8FFF00004E161E2C42BDD1408F63F7
0CF04E23CC508556070CC267161579AA8AD103FFFFFFFFFFFC7FFF00004C161E2B42BDD0408F530F
0CF04F23CC5585562E0CC26616157AAA8AD003FFFFFFFFFFFC7FFF000053161E2B42BDD0408F5327
0CF04F23CC5A85564B0CC26A16157DAA9AD003FFFFFFFFFFFC8FFF000053161E2B42BDD0408F533F
0CF04F23CC6185567D0CC269161580AA9AD003FFFFFFFFFFFC8FFF00004B161E2B42BDCF408F5357
0CF04923CC598556C90CC25E16157FAA8AD003FFFFFFFFFFFC8FFF00004B161E2B42BDCF408F436F
0CF03A23CC4E8556FB0CC252161575AA8AD003FFFFFFFFFFFC8FFF000052161E2B42BDCF408F4387
0CF02B23CC378556F90CC24816156CAA9AD003FFFFFFFFFFFC8FFF00004C161E2B42BDCF408F439F
0CF02B23CC3A8557100CC24416156CAA9AD003FFFFFFFFFFFC8FFF00004C161E2B42BDCE408F43B7
0CF02C23CC4285575E0CC23E16156FAAAACF03FFFFFFFFFFFC8FFF000046161E2B42BDCE408F43CF
0CF01423CC2B8557A00CC22D161565AAAAD003FFFFFFFFFFFC6FFF000052161E2B42BDCE408F43E7
0CF01023CC258557B60CC23A16156EAAAAD003FFFFFFFFFFFC7FFF000052161E2B42BDCE408F43FF
0CF01B23CC3A8557E10CC22B161566AA9AD003FFFFFFFFFFFC8FFF000052161E2A42BDCD408F3317
0CF00323CC2385581F0CC21916155CAA8AD003FFFFFFFFFFFC9FFF000052161E2A42BDCD408F332F
0CEFFD23CC1D85583D0CC21B16155DAA8AD003FFFFFFFFFFFC9FFF000053161E2A42BDCD408F3347
0CF00023CC2285585A0CC21D161561AA8AD003FFFFFFFFFFFC9FFF000046161E2A42BDCD408F335F
0CF00123CC2C85588E0CC21D161564AA8AD003FFFFFFFFFFFC8FFF000053161E2A42BDCC408F3377
0CF00323CC318558BC0CC21D161567AA8ACF03FFFFFFFFFFFC8FFF000053161E2A42BDCC408F338F
0CF00223CC348558ED0CC21B16156AAA8ACF03FFFFFFFFFFFC7FFF000053161E2A42BDCC408F33A7
0CF00123CC3D8559260CC21C16156CAA8ACF03FFFFFFFFFFFC7FFF00004C161E2A42BDCC408F33BF
0CF00023CC3D8559460CC21C16156DAA7ACF03FFFFFFFFFFFC8FFF000053161E2A42BDCB408F23D7
0CEFFF23CC3C8559570CC21C16156DAA7ACF03FFFFFFFFFFFC8FFF000053161E2A42BDCB408F23EF
0CF00023CC4385597F0CC21D161572AA8ACF03FFFFFFFFFFFC7FFF00004D161E2A42BDCB408F2307
0CF00323CC4D8559AD0CC21E161576AA8AD003FFFFFFFFFFFC7FFF000054161E2A42BDCA408F231F
0CF00123CC4C8559DB0CC21E161579AA8ACF03FFFFFFFFFFFC9FFF000054161E2942BDCA408F2337
0CEFFE23CC4E855A120CC218161577AA8AD003FFFFFFFFFFFC9FFF000046161E2942BDCA408F234F
0CEFFF23CC56855A3C0CC21C16157CAA8ACF03FFFFFFFFFFFC8FFF000053161E2942BDCA408F2367
0CF00223CC61855A530CC220161580AA8ACF03FFFFFFFFFFFC8FFF000053161E2942BDCA408F237F
0CF00323CC64855A740CC222161582AA9AD003FFFFFFFFFFFC8FFF000054161E2942BDC9408F2397
0CF00023CC63855AA30CC21C161582AA9AD003FFFFFFFFFFFC7FFF000055161E2942BDC9408F13AF
0CEFF423CC56855ACC0CC21416157DAA9AD003FFFFFFFFFFFC7FFF000047161E2942BDC9408F13C7
0CEFEC23CC50855AF00CC206161576AA9AD003FFFFFFFFFFFC7FFF000054161E2942BDC8408F03DF
0CEFEB23CC54855B240CC200161575AA8AD003FFFFFFFFFFFC7FFF000054161E2942BDC8408F03F7
0CEFE623CC53855B550CC1FD161574AA8ACF03FFFFFFFFFFFC7FFF00004D161E2942BDC8408F130F
0CEFDD23CC49855B780CC1F9161573AA8ACF03FFFFFFFFFFFC8FFF000054161E2942BDC8408F1327
0CEFD623CC42855B8E0CC1F4161570AA9ACF03FFFFFFFFFFFC7FFF000055161E2942BDC7408F033F
0CEFD123CC3E855BB10CC1EF16156FAA9ACF03FFFFFFFFFFFCAFFF00004E161E2842BDC7408F0357
0CEFC723CC35855BE40CC1E3161569AA9ACF03FFFFFFFFFFFC9FFF000055161E2842BDC7408F036F
0CEFC823CC39855C040CC1E316156AAA9ACF03FFFFFFFFFFFC9FFF000047161E2842BDC7408F0387
0CEFC623CC3A855C1F0CC1E316156BAA8ACF03FFFFFFFFFFFC8FFF000054161E2842BDC6408F039F
0CEFC723CC3F855C430CC1E416156DAA9ACF03FFFFFFFFFFFC6FFF000054161E2842BDC6408F03B7
0CEFC423CC3E855C670CC1E016156EAA8ACF03FFFFFFFFFFFC7FFF000055161E2842BDC6408F03CF
0CEFB923CC37855C990CC1D716156AAA9AD003FFFFFFFFFFFC8FFF00004E161E2842BDC6408F03E7
0CEFB623CC36855CCA0CC1D2161569AA9AD003FFFFFFFFFFFC8FFF000055161E2842BDC5408EF3FF
0CEFB123CC2F855CD40CC1CF161566AA8AD003FFFFFFFFFFFC8FFF000055161E2842BDC5408EF317
0CEFB023CC2E855CD80CC1CF161567AA8AD003FFFFFFFFFFFC7FFF000050161E2842BDC5408EE32F
0CEFB223CC37855D0E0CC1CE16156AAA9AD003FFFFFFFFFFFC8FFF000054161E2842BDC5408EF347
0CEFAF23CC3B855D4E0CC1C916156AAA9AD003FFFFFFFFFFFC8FFF000055161E2842BDC4408EE35F
0CEFA923CC38855D6D0CC1C6161569AA9AD003FFFFFFFFFFFC8FFF000049161E2842BDC4408EE377
0CEFA623CC34855D860CC1C3161567AA9ACF03FFFFFFFFFFFC7FFF000054161E2842BDC4408EE38F
0CEFA323CC31855DB10CC1C0161568AA8ACF03FFFFFFFFFFFC9FFF000056161E2742BDC4408EE3A7
0CEFA023CC34855DC90CC1C0161568AA8AD003FFFFFFFFFFFC8FFF000056161E2742BDC3408EE3BF
0CEF9F23CC32855DE10CC1BD161569AA8ACF03FFFFFFFFFFFC8FFF000056161E2742BDC3408ED3D7
0CEF9E23CC2D855DEA0CC1BE161567AA8AD003FFFFFFFFFFFC8FFF00004B161E2742BDC3408EE3EF
0CEFA223CC33855DBF0CC1C1161566AA8ACF03FFFFFFFFFFFC8FFF000053161E2742BDC2408ED307
0CEFA023CC34855DC40CC1BD161567AA8ACF03FFFFFFFFFFFC8FFF00004F161E2742BDC2408ED31F
0CEF9E23CC33855DF70CC1BB161568AA8ACF03FFFFFFFFFFFC8FFF000055161E2742BDC2408ED337
0CEF9F23CC30855DEC0CC1BF161568AA7ACF03FFFFFFFFFFFC8FFF000056161E2742BDC2408ED34F
0CEFA223CC2B855DAB0CC1C1161565AA8AD003FFFFFFFFFFFC8FFF000050161E2742BDC2408ED367
0CEF9F23CC29855D870CC1BF161561AA8AD003FFFFFFFFFFFC7FFF000057161E2742BDC1408EC37F
0CEFA123CC2D855D900CC1BE161564AA8AD003FFFFFFFFFFFC6FFF000057161E2742BDC1408EC397
0CEF9F23CC2C855DA50CC1BD161564AA8ACF03FFFFFFFFFFFC7FFF000050161E2742BDC1408EC3AF
0CEF9F23CC2E855DB20CC1BE161564AA8ACF03FFFFFFFFFFFC8FFF000049161E2742BDC1408EC3C7
0CEF9E23CC2E855DAF0CC1BD161564AA8ACF03FFFFFFFFFFFC8FFF000055161E2742BDC0408EC3DF
0CEFA023CC2B855D9B0CC1BF161562AA7ACF03FFFFFFFFFFFC7FFF000050161E2742BDC0408EC3F7
0CEF9E23CC27855D770CC1BE161560AA8ACF03FFFFFFFFFFFC7FFF000057161E2642BDC0408EC30F
0CEFA223CC2F855DA20CC1BB161565AA8AD003FFFFFFFFFFFC8FFF000051161E2642BDBF408EC327
0CEFA323CC3D855E100CC1BB16156DAA8ACF03FFFFFFFFFFFC8FFF000056161E2642BDBF408EC33F
0CEFA423CC4B855E7A0CC1BC161574AA8AD003FFFFFFFFFFFC8FFF000058161E2642BDBF408EB357
0CEFA723CC5B855EF20CC1BC16157DAA9ACF331FFFFFFFFFFC8FFF00004A161E2642BDBF408EC36F
0CEFA123CC5C855F4C0CC1BC16157EAA9AD0673FFFFFFFFFFC8FFF000055161E2642BDBE408EC387
0CEFA023CC62855F900CC1BD161581AAAAD003FFFFFFFFFFFC8FFF000056161E2642BDBE408EB39F
0CEFA223CC70855FC60CC1BF161587AAAAD003FFFFFFFFFFFC8FFF000058161E2642BDBE408EB3B7
0CEFA523CC738560060CC1C016158CAAAAD01B8FFFFFFFFFFC8FFF000052161E2642BDBE408EA3CF
0CEFA723CC848560570CC1C1161591AAAAD0ACCFFFFFFFFFFC9FFF000059161E2642BDBD408EA3E7
0CEFA523CC878560980CC1C1161595AAAAD005AFFFFFFFFFFC7FFF000059161E2642BDBD408EA3FF
0CEFA423CC8F8560E00CC1BF161598AAAAD003FFFFFFFFFFFC7FFF000058161E2642BDBD408EA317
0CEFA223CC9485612D0CC1BF16159CAAAAD003FFFFFFFFFFFC7FFF000051161E2642BDBD408EA32F
0CEFA323CCA085617A0CC1C01615A0AAAAD003FFFFFFFFFFFC8FFF000051161E2642BDBC408EA347
0CEFA223CCA48561C20CC1BF1615A4AAAAD0151FFFFFFFFFFC8FFF000058161E2642BDBC408EA35F
0CEFA123CCAB8561F50CC1BF1615A8AAAAD091EFFFFFFFFFFC8FFF000059161E2642BDBC408EA377
0CEFA223CCB18562340CC1BE1615AAAAAAD10B0FFFFFFFFFFC8FFF000059161E2642BDBB408EA38F
0CEFA023CCB485627A0CC1BD1615ADAAAAD09EFFFFFFFFFFFC7FFF000053161E2542BDBB408E93A7
0CEFA023CCBE8562C30CC1BB1615B1AAAAD12D7FFFFFFFFFFC7FFF000057161E2542BDBB408E93BF
0CEF9F23CCC785631C0CC1BB1615B5AA9AD103FFFFFFFFFFFC9FFF000055161E2542BDBB408E93D7
0CEF9D23CCCD8563680CC1BA1615B8AA9AD103FFFFFFFFFFFC9FFF000055161E2542BDBA408E83EF
0CEFA023CCD88563B50CC1BA1615BEAA9AD103FFFFFFFFFFFC9FFF000056161E2542BDBA408E9307
0CEFA323CCE58564220CC1BA1615C9AA9AD106BFFFFFFFFFFC9FFF000059161E2542BDBA408E831F
0CEFA223CCF48564790CC1BE1615CEAA9AD18C0FFFFFFFFFFC8FFF00005A161E2542BDBA408E8337
0CEFA123CCF285648A0CC1BF1615CEAAAAD22BBFFFFFFFFFFC8FFF00005B161E2542BDB9408E834F
0CEFA523CCFD8564B60CC1BF1615D3AAAAD2813FFFFFFFFFFC8FFF00005A161E2542BDB9408E8367
0CEFA423CD0985652A0CC1BC1615D9AABAD25A8FFFFFFFFFFC8FFF000050161E2542BDB9408E837F
0CEF9C23CD0885659B0CC1B71615D9AABAD203FFFFFFFFFFFC8FFF00005A161E2542BDB9408E8397
0CEF9823CD088565E60CC1B51615DCAABAD203FFFFFFFFFFFC8FFF00005A161E2542BDB8408E83AF
0CEF9423CD118566190CC1B11615DCAABAD203FFFFFFFFFFFC7FFF00004F161E2542BDB8408E73C7
0CEF9323CD0D85663E0CC1B01615DDAABAD203FFFFFFFFFFFC7FFF00005C161E2542BDB8408E73DF
0CEF9323CD128566790CC1AD1615E0AABAD263FFFFFFFFFFFC8FFF000057161E2542BDB7408E73F7
0CEF7D23CD008566E20CC1921615D2AABAD24DEFFFFFFFFFFC7FFF00005E161E2542BDB7408E630F
0CEF6223CCE18567490CC17F1615C8AABAD203FFFFFFFFFFFC9FFF00005D161E2542BDB7408E7327
0CEF6323CCF085678C0CC1831615CDAABAD303FFFFFFFFFFFC7FFF000056161E2542BDB7408E733F
0CEF6523CCF38567CB0CC1831615D0AAAAD203FFFFFFFFFFFC7FFF00005C161E2442BDB6408E6357
0CEF6523CCFE8568150CC1821615D5AAAAD203FFFFFFFFFFFC7FFF00005D161E2442BDB6408E636F
0CEF6623CD0A8568630CC1821615DAAABAD34DDFFFFFFFFFFC8FFF00005F161E2442BDB6408E6387
0CEF6823CD198568B80CC1841615E1AABAD2445FFFFFFFFFFC8FFF000059161E2442BDB5408E639F
0CEF6723CD1E8569040CC1841615E5AABAD103FFFFFFFFFFFC8FFF000060161E2442BDB5408E63B7
0CEF6423CD2085694C0CC17F1615E6AABAD103FFFFFFFFFFFC8FFF000060161E2442BDB5408E63CF
0CEF6323CD258569980CC17F1615E9AABAD103FFFFFFFFFFFC8FFF000059161E2442BDB5408E63E7
0CEF6123CD2F8569EA0CC17E1615EEAABAD203FFFFFFFFFFFC8FFF000060161E2442BDB4408E53FF
0CEF5F23CD35856A4B0CC1791615F2AAAAD1436FFFFFFFFFFC8FFF000060161E2442BDB4408E5317
0CEF5C23CD3A856A9C0CC1791615F2AAAAD1D66FFFFFFFFFFC8FFF00005A161E2442BDB4408E532F
0CEF5B23CD36856ABC0CC17B1615F5AAAAD206AFFFFFFFFFFC9FFF000062161E2442BDB4408E5347
0CEF5F23CD48856AF70CC1791615FAAABAD203FFFFFFFFFFFC8FFF00005C161E2442BDB3408E435F
0CEF5F23CD54856B6F0CC174161600AABAD203FFFFFFFFFFFC8FFF000063161E2442BDB3408E4377
0CEF5B23CD5A856BD40CC177161606AABAD203FFFFFFFFFFFC7FFF00005C161E2442BDB3408E438F
0CEF5A23CD5D856C0A0CC177161606AACAD2165FFFFFFFFFFC7FFF000062161E2442BDB2408E43A7
0CEF5523CD5F856C560CC16F161607AACAD28EBFFFFFFFFFFC7FFF000062161E2442BDB2408E43BF
0CEF5023CD64856CAD0CC16C16160AAACAD305FFFFFFFFFFFC7FFF000063161E2442BDB2408E43D7
0CEF4E23CD69856CE40CC16B16160BAABAD303FFFFFFFFFFFC8FFF00005E161E2442BDB2408E43EF
0CEF4723CD64856D2F0CC161161609AABAD303FFFFFFFFFFFC8FFF000066161E2442BDB1408E4307
0CEF4023CD66856D900CC15A16160AAABAD303FFFFFFFFFFFC8FFF00005F161E2442BDB1408E431F
0CEF3523CD5D856DD20CC153161607AABAD30C7FFFFFFFFFFC9FFF000066161E2342BDB1408E3337
0CEF2D23CD55856E0A0CC14C161604AABAD37D6FFFFFFFFFFC9FFF000059161E2342BDB1408E334F
0CEF2523CD54856E630CC146161606AABAD49BAFFFFFFFFFFC8FFF000066161E2342BDB0408E3367
0CEF2023CD53856EB40CC13E161602AABAD403FFFFFFFFFFFC8FFF000060161E2342BDB0408E337F
0CEF2123CD5C856EF00CC13E161606AABAD403FFFFFFFFFFFC8FFF000067161E2342BDB0408E3397
0CEF1B23CD5B856F3A0CC138161607AABAD303FFFFFFFFFFFC7FFF000061161E2342BDAF408E23AF
0CEF1823CD62856F840CC135161608AACAD307BFFFFFFFFFFC7FFF000069161E2342BDAF408E23C7
0CEF1623CD68856FBB0CC13516160AAACAD35ACFFFFFFFFFFC8FFF00006A161E2342BDAF408E23DF
0CEF1523CD688570050CC13316160FAACAD383EFFFFFFFFFFC9FFF00006A161E2342BDAF408E23F7
0CEF1523CD778570700CC131161617AACAD303FFFFFFFFFFFC9FFF000067161E2342BDAE408E230F
0CEF0823CD718570D90CC129161614AACAD303FFFFFFFFFFFC8FFF000063161E2342BDAE408E2327
0CEEFD23CD678571140CC11F16160EAACAD303FFFFFFFFFFFC7FFF000069161E2342BDAE408E233F
0CEEFF23CD6F8571490CC122161614AACAD303FFFFFFFFFFFC7FFF00006A161E2342BDAE408E1357
0CEEFB23CD7385719E0CC119161613AACAD3482FFFFFFFFFFC9FFF000066161E2342BDAD408E136F
0CEEF523CD718571ED0CC111161610AACAD4789FFFFFFFFFFC7FFF00006E161E2342BDAD408E1387
0CEEF323CD778572370CC10F161615AACAD4373FFFFFFFFFFC8FFF00006E161E2342BDAD408E139F
0CEEF723CD868572880CC11116161BAACAD4A1BFFFFFFFFFFC8FFF00006C161E2342BDAC408E13B7
0CEEF323CD8A8572E30CC10B16161CAACAD403FFFFFFFFFFFC8FFF000064161E2342BDAC408E13CF
0CEEBF23CD4E85734A0CC0DA1615FEAACAD403FFFFFFFFFFFC7FFF000069161E2342BDAC408E13E7
0CEEB623CD4A8573990CC0D41615FAAACAD303FFFFFFFFFFFC7FFF000067161E2342BDAC408E03FF
0CEEB123CD478573B20CC0D21615FAAACAD403FFFFFFFFFFFC8FFF000070161E2342BDAB408E0317
0CEEB023CD468573E00CC0CF1615FBAACAD426FFFFFFFFFFFC8FFF000072161E2242BDAB408E032F
0CEEA723CD4885744D0CC0C31615FAAACAD48DCFFFFFFFFFFC8FFF00006B161E2242BDAB408E0347
0CEE9D23CD458574C50CC0B91615F9AADAD41D9FFFFFFFFFFC8FFF00006A161E2242BDAB408E035F
0CEE9623CD4785751E0CC0B51615F9AADAD3B44FFFFFFFFFFC8FFF000067161E2242BDAA408E0377
0CEE9423CD468575620CC0B41615FCAACAD3070FFFFFFFFFFC8FFF00006B161E2242BDAA408E038F
0CEE9023CD4A8575A50CC0B01615FDAACAD303FFFFFFFFFFFC8FFF000068161E2242BDAA408E03A7
0CEE8C23CD4D8575E20CC0AC1615FDAACAD303FFFFFFFFFFFC8FFF000072161E2242BDA9408E03BF
0CEE8B23CD538576200CC0AB1615FFAACAD303FFFFFFFFFFFC8FFF000074161E2242BDA9408E03D7
0CEE8823CD578576770CC0A6161603AACAD3172FFFFFFFFFFC7FFF000072161E2242BDA9408DF3EF
0CEE8623CD5E8576E20CC0A2161607AACAD3997FFFFFFFFFFC7FFF00006F161E2242BDA9408DF307
0CEE8323CD6A8577440CC0A216160BAACAD30BEFFFFFFFFFFC8FFF00005F161E2242BDA8408DE31F
0CEE8323CD6B8577800CC0A416160FAACAD3A05FFFFFFFFFFC7FFF00006D161E2242BDA8408DE337
0CEE8223CD728577C50CC0A4161613AABAD32F9FFFFFFFFFFC7FFF000070161E2242BDA8408DE34F
0CEE8423CD7F85781A0CC0A2161618AABAD303FFFFFFFFFFFC7FFF000074161E2242BDA8408DE367
0CEE8023CD7F8578500CC0A2161619AACAD303FFFFFFFFFFFC6FFF000069161E2242BDA7408DE37F
0CEE7D23CD7F8578950CC09B16161BAACAD303FFFFFFFFFFFC8FFF000075161E2242BDA7408DE397
0CEE7B23CD8B8579060CC096161620AACAD405FFFFFFFFFFFC8FFF000073161E2242BDA7408DE3AF
0CEE5C23CD6D8579670CC07D16160EAACAD3886FFFFFFFFFFC6FFF000072161E2242BDA6408DD3C7
0CEE4E23CD5A8579A00CC06C161604AACAD42CDFFFFFFFFFFC8FFF00006B161E2242BDA6408DD3DF
0CEE3F23CD4D8579E90CC060161600AACAD44F6FFFFFFFFFFC8FFF000073161E2242BDA6408DD3F7
0CEE3623CD48857A380CC0581615FDAACAD403FFFFFFFFFFFC6FFF000077161E2242BDA6408DD30F
0CEE3723CD53857A770CC058161600AABAD403FFFFFFFFFFFC8FFF000073161E2242BDA5408DD327
0CEE3A23CD5F857AD20CC058161608AABAD3137FFFFFFFFFFC8FFF00006F161E2242BDA5408DC33F
0CEE3A23CD6B857B350CC05916160DAABAD3210FFFFFFFFFFC8FFF000076161E2242BDA5408DC357
0CEE3823CD6A857B5C0CC05B16160FAABAD303FFFFFFFFFFFC8FFF000072161E2242BDA5408DC36F
0CEE3923CD68857B2B0CC05D16160BAACAD303FFFFFFFFFFFC8FFF000072161E2142BDA4408DC387
0CEE3723CD66857B120CC05B16160BAACAD31F0FFFFFFFFFFC8FFF000077161E2142BDA4408DC39F
0CEE3523CD63857B060CC05B161609AACAD39ADFFFFFFFFFFC8FFF000079161E2142BDA4408DC3B7
0CEE3523CD5F857B0A0CC058161609AACAD303FFFFFFFFFFFC7FFF000073161E2142BDA3408DB3CF
0CEE3623CD63857B1C0CC058161609AACAD303FFFFFFFFFFFC8FFF00006C161E2142BDA3408DC3E7
0CEE3923CD60857AFC0CC05E161608AACAD203FFFFFFFFFFFC8FFF000079161E2142BDA3408DC3FF
0CEE3723CD5E857ADB0CC05C161607AACAD303FFFFFFFFFFFC7FFF000073161E2142BDA3408DB317
0CEE3623CD60857ADF0CC05B161608AACAD203FFFFFFFFFFFC7FFF00007B161E2142BDA2408DB32F
0CEE3623CD5F857AE90CC05A161607AACAD203FFFFFFFFFFFC8FFF00007C161E2142BDA2408DB347
0CEE3C23CD5F857AD20CC05E161607AACAD303FFFFFFFFFFFC7FFF000075161E2142BDA2408DB35F
0CEE3823CD5E857ABA0CC05C161605AABAD203FFFFFFFFFFFC8FFF000076161E2142BDA1408DB377
0CEE3523CD5B857AC50CC05A161605AABAD203FFFFFFFFFFFC8FFF00007E161E2142BDA1408DA38F
0CEE3823CD59857ABD0CC05B161604AABAD203FFFFFFFFFFFC8FFF000078161E2142BDA1408DA3A7
0CEE3723CD56857A9B0CC05C161603AACAD203FFFFFFFFFFFC8FFF00007C161E2142BDA1408DA3BF
0CEE3723CD59857AA00CC05A161603AACAD203FFFFFFFFFFFC8FFF00007E161E2142BDA0408DA3D7
0CEE3723CD56857AB20CC05C161606AACAD203FFFFFFFFFFFC8FFF000071161E2142BDA0408DA3EF
0CEE3C23CD56857A810CC05F161602AACAD303FFFFFFFFFFFC8FFF000081161E2142BDA0408DA307
0CEE3923CD51857A5F0CC05B1615FFAACAD303FFFFFFFFFFFC8FFF000081161E2142BD9F408D931F
0CEE3723CD55857A860CC059161602AACAD303FFFFFFFFFFFC8FFF00007F161E2142BD9F408D9337
0CEE3A23CD53857A890CC05D161602AABAD303FFFFFFFFFFFC8FFF000078161E2142BD9F408D934F
0CEE3D23CD56857A550CC060161600AABAD303FFFFFFFFFFFC8FFF00007F161E2142BD9F408D9367
0CEE3F23CD5A857A4D0CC062161603AACAD303FFFFFFFFFFFC8FFF000080161E2142BD9E408D937F
0CEE3A23CD54857A590CC05E161601AACAD303FFFFFFFFFFFC8FFF00007B161E2142BD9E408D9397
0CEE3B23CD51857A480CC05F1615FFAABAD203FFFFFFFFFFFC8FFF000082161E2142BD9E408D83AF
0CEE3E23CD5A857A3B0CC05F1615FFAABAD303FFFFFFFFFFFC8FFF00007E161E2142BD9E408D83C7
0CEE3E23CD58857A3C0CC061161601AABAD303FFFFFFFFFFFC8FFF000078161E2042BD9D408D83DF
0CEE3F23CD56857A3C0CC063161601AABAD303FFFFFFFFFFFC8FFF000082161E2042BD9D408D83F7
0CEE4123CD50857A140CC0651615FFAABAD303FFFFFFFFFFFC8FFF000084161E2042BD9D408D830F
0CEE3D23CD50857A020CC0611615FEAACAD403FFFFFFFFFFFC8FFF000083161E2042BD9C408D8327
0CEE3C23CD51857A200CC05D1615FEAACAD403FFFFFFFFFFFC8FFF000082161E2042BD9C408D833F
0CEE3F23CD4B857A140CC063161600AACAD303FFFFFFFFFFFC8FFF00007B161E2042BD9C408D8357
0CEE3E23CD4D8579F20CC0631615FEAACAD303FFFFFFFFFFFC8FFF000082161E2042BD9C408D836F
0CEE3A23CD4F8579F10CC0601615FCAACAD303FFFFFFFFFFFC6FFF000084161E2042BD9B408D8387
0CEE3A23CD488579EC0CC0601615FBAABAD303FFFFFFFFFFFC6FFF00007F161E2042BD9B408D739F
0CEE3B23CD4C8579E50CC05E1615FBAABAD203FFFFFFFFFFFC7FFF000084161E2042BD9B408D73B7
0CEE3D23CD4C8579E20CC05F1615FAAACAD203FFFFFFFFFFFC8FFF000081161E2042BD9B408D73CF
0CEE3F23CD4B8579CA0CC0631615FBAACAD303FFFFFFFFFFFC8FFF00007A161E2042BD9A408D73E7
0CEE4023CD4C8579C20CC0621615FCAACAD203FFFFFFFFFFFC8FFF00007C161E2042BD9A408D63FF
0CEE3D23CD4A8579C50CC0631615FCAACAD303FFFFFFFFFFFC8FFF000086161E2042BD9A408D6317
0CEE3B23CD428579B40CC0601615F8AABAD303FFFFFFFFFFFC7FFF00007F161E2042BD9A408D632F
0CEE3823CD3F8579A90CC05D1615F4AABAD303FFFFFFFFFFFC8FFF00007F161E2042BD99408D6347
0CEE3B23CD3E85799A0CC0601615F5AABAD303FFFFFFFFFFFC7FFF000082161E2042BD99408D635F
0CEE3B23CD3E85797F0CC05E1615F3AABAD303FFFFFFFFFFFC7FFF00007D161E2042BD99408D6377
0CEE3723CD398579780CC05E1615F3AABAD303FFFFFFFFFFFC7FFF000080161E2042BD99408D638F
0CEE3523CD3285796A0CC05A1615EEAABAD303FFFFFFFFFFFC7FFF000083161E2042BD98408D53A7
0CEE3523CD318579590CC0601615F2AABAD303FFFFFFFFFFFC7FFF000083161E2042BD98408D53BF
0CEE3D23CD328579390CC06A1615F7AAAAD303FFFFFFFFFFFC7FFF000084161E2042BD98408D53D7
0CEE4623CD3A8579050CC0691615F4AAAAD303FFFFFFFFFFFC7FFF000081161E2042BD97408D53EF
0CEE4723CD408578EF0CC0691615F5AAAAD203FFFFFFFFFFFC7FFF000087161E2042BD97408D5307
0CEE4723CD3F8578F90CC06C1615F6AABAD203FFFFFFFFFFFC7FFF000084161E2042BD97408D531F
0CEE5923CD508578E00CC07C1615FFAABAD203FFFFFFFFFFFC6FFF00007C161E1F42BD97408D4337
0CEE6E23CD708578BB0CC09216160EAABAD203FFFFFFFFFFFC6FFF000074161E1F42BD96408D434F
0CEE6F23CD6D8578A80CC09416160EAABAD303FFFFFFFFFFFC7FFF000083161E1F42BD96408D4367
0CEE7423CD6C8578790CC09516160EAABAD203FFFFFFFFFFFC8FFF000086161E1F42BD96408D437F
0CEE7023CD688578570CC09416160CAACAD303FFFFFFFFFFFC7FFF000088161E1F42BD96408D3397
0CEE6F23CD668578550CC09416160BAACAD203FFFFFFFFFFFC8FFF000080161E1F42BD95408D43AF
0CEE7623CD668578310CC09716160AAACAD203FFFFFFFFFFFC8FFF000083161E1F42BD95408D43C7
0CEE7523CD618577FD0CC098161609AACAD203FFFFFFFFFFFC8FFF000078161E1F42BD95408D33DF
0CEE7623CD618577DE0CC097161605AACAD203FFFFFFFFFFFC8FFF000085161E1F42BD95408D33F7
0CEE7823CD5C8577B80CC09A161604AACAD203FFFFFFFFFFFC8FFF000086161E1F42BD94408D330F
0CEE7923CD588577850CC09C161603AACAD203FFFFFFFFFFFC8FFF000087161E1F42BD94408D3327
0CEE7E23CD5E85775D0CC0A1161606AACAD203FFFFFFFFFFFC8FFF000086161E1F42BD94408D233F
0CEE8223CD5D85773A0CC0A4161606AACAD203FFFFFFFFFFFC8FFF000086161E1F42BD94408D2357
0CEE8323CD5785770F0CC0A6161604AACAD203FFFFFFFFFFFC8FFF000086161E1F42BD93408D236F
0CEE8323CD588576E50CC0A5161601AACAD303FFFFFFFFFFFC7FFF000087161E1F42BD93408D2387
0CEE8323CD538576BE0CC0A61615FFAACAD203FFFFFFFFFFFC8FFF00007A161E1F42BD93408D239F
0CEE8523CD4E8576860CC0A71615FDAACAD203FFFFFFFFFFFC8FFF000087161E1F42BD92408D23B7
0CEE8523CD4785764E0CC0A81615FAAACAD203FFFFFFFFFFFC8FFF000088161E1F42BD92408D23CF
0CEE8323CD468576370CC0A61615F9AACAD203FFFFFFFFFFFC8FFF00007C161E1F42BD92408D13E7
0CEE8623CD478576270CC0A91615FBAABAD203FFFFFFFFFFFC9FFF000085161E1F42BD92408D13FF
0CEE8C23CD458575F40CC0AE1615FAAABAD203FFFFFFFFFFFC8FFF000084161E1F42BD92408D2317
0CEE8E23CD408575A70CC0AF1615F8AABAD203FFFFFFFFFFFC8FFF000087161E1F42BD91408D132F
0CEE8C23CD3E85756F0CC0B01615F3AABAD203FFFFFFFFFFFC8FFF00008B161E1F42BD91408D1347
0CEE8A23CD3985755E0CC0AE1615F3AABAD203FFFFFFFFFFFC8FFF000085161E1F42BD91408D135F
0CEE8D23CD358575450CC0B01615F1AABAD203FFFFFFFFFFFC8FFF00008A161E1F42BD90408D1377
0CEE8F23CD308575070CC0B01615EEAABAD303FFFFFFFFFFFC9FFF000082161E1E42BD90408D138F
0CEE8E23CD2A8574CA0CC0B01615EAAABAD203FFFFFFFFFFFC8FFF000086161E1E42BD90408D03A7
0CEE8B23CD288574AD0CC0AE1615E9AABAD303FFFFFFFFFFFC9FFF000083161E1E42BD90408D03BF
0CEE8D23CD2685749C0CC0B11615E8AABAD303FFFFFFFFFFFC8FFF000088161E1E42BD8F408D03D7
0CEE9123CD1E85745D0CC0B31615E6AACAD203FFFFFFFFFFFC8FFF000083161E1E42BD8F408D03EF
0CEE9223CD1C8574170CC0B41615E3AACAD203FFFFFFFFFFFC8FFF000085161E1E42BD8F408D0307
0CEE9123CD198573ED0CC0B41615E2AABAD203FFFFFFFFFFFC8FFF00008D161E1E42BD8F408D031F
0CEE9323CD168573D00CC0B51615DFAACAD203FFFFFFFFFFFC7FFF00008D161E1E42BD8E408D0337
0CEE9423CD178573B00CC0B61615DFAABAD203FFFFFFFFFFFC7FFF000089161E1E42BD8E408D034F
0CEE9A23CD1985738B0CC0BD1615E1AABAD203FFFFFFFFFFFC8FFF000079161E1E42BD8E408CE367
0CEE9F23CD188573520CC0C21615E2AABAD203FFFFFFFFFFFC8FFF000088161E1E42BD8E408CE37F
0CEEA823CD208573110CC0CB1615E5AABAD203FFFFFFFFFFFC8FFF000086161E1E42BD8D408CF397
0CEEA923CD1F8572E80CC0CC1615E4AACAD203FFFFFFFFFFFC7FFF00008E161E1E42BD8D408CF3AF
0CEEAC23CD1F8572C90CC0CE1615E3AACAD203FFFFFFFFFFFC8FFF00008C161E1E42BD8D408CE3C7
0CEEB323CD1C8572850CC0D61615E6AACAD203FFFFFFFFFFFC8FFF000089161E1E42BD8D408CE3DF
0CEEB423CD1C8572440CC0D61615E2AACAD203FFFFFFFFFFFC8FFF00008D161E1E42BD8C408CE3F7
0CEEB623CD1D8572230CC0D91615E2AABAD103FFFFFFFFFFFC8FFF000084161E1E42BD8C408CE30F
0CEEC523CD2A8571F40CC0E71615EBAACAD103FFFFFFFFFFFC6FFF000088161E1E42BD8C408CE327
0CEEDB23CD3E8571B00CC1001615F8AACAD103FFFFFFFFFFFC8FFF000083161E1E42BD8C408CE33F
0CEEE623CD4B8571660CC1091615FCAACAD103FFFFFFFFFFFC8FFF00008D161E1E42BD8B408CD357
0CEEE723CD4085711F0CC1081615F9AACAD103FFFFFFFFFFFC8FFF00008B161E1E42BD8B408CE36F
0CEEEC23CD448570DA0CC10D1615F6AACAD203FFFFFFFFFFFC9FFF00008B161E1E42BD8B408CD387
0CEEF023CD3F8570910CC1151615F9AACAD203FFFFFFFFFFFC9FFF00008F161E1E42BD8B408CD39F
0CEEF223CD3B8570540CC1141615F4AABAD203FFFFFFFFFFFC8FFF00008A161E1E42BD8A408CD3B7
0CEEFC23CD478570210CC11A1615F6AABAD203FFFFFFFFFFFC8FFF000083161E1E42BD8A408CD3CF
0CEEFC23CD38856FDC0CC1171615F1AABAD203FFFFFFFFFFFC9FFF000089161E1E42BD8A408CC3E7
0CEEFE23CD38856F7A0CC11A1615F1AABAD203FFFFFFFFFFFC8FFF00008E161E1E42BD8A408CC3FF
0CEF0823CD3B856F1E0CC1281615F3AABAD203FFFFFFFFFFFC7FFF00008A161E1D42BD8A408CC317
0CEF0B23CD36856ED10CC1291615EEAACAD203FFFFFFFFFFFC7FFF000092161E1D42BD89408CC32F
0CEF0B23CD2D856E840CC12A1615EAAACAD203FFFFFFFFFFFC7FFF000091161E1D42BD89408CC347
0CEF1123CD2C856E3F0CC1331615EDAABAD203FFFFFFFFFFFC8FFF00008D161E1D42BD89408CC35F
0CEF1723CD2D856E000CC1371615ECAABAD203FFFFFFFFFFFC8FFF00007C161E1D42BD89408CC377
0CEF1523CD23856DA60CC1331615E9AABAD103FFFFFFFFFFFC9FFF000089161E1D42BD88408CB38F
0CEF1A23CD20856D3E0CC1361615E6AABAD103FFFFFFFFFFFC8FFF00008D161E1D42BD88408CB3A7
0CEF2223CD1F856CE80CC1401615E5AABAD203FFFFFFFFFFFC8FFF000090161E1D42BD88408CB3BF
0CEF3223CD31856C980CC1501615EDAABAD203FFFFFFFFFFFC7FFF000093161E1D42BD88408CB3D7
0CEF4623CD43856C3A0CC1621615F7AABAD103FFFFFFFFFFFC7FFF000093161E1D42BD87408CA3EF
0CEF4823CD3D856BE30CC1681615F5AABAD203FFFFFFFFFFFC7FFF00008F161E1D42BD87408CA307
0CEF4623CD30856B980CC1661615EFAABAD203FFFFFFFFFFFC8FFF000087161E1D42BD87408CA31F
0CEF4523CD2A856B3D0CC1641615EAAACAD203FFFFFFFFFFFC8FFF00008C161E1D42BD87408CA337
0CEF4923CD20856AEB0CC1671615E6AACAD203FFFFFFFFFFFC9FFF000086161E1D42BD86408CA34F
0CEF4A23CD1E856A950CC1681615E3AABAD203FFFFFFFFFFFC8FFF00008F161E1D42BD86408CA367
0CEF5623CD25856A2A0CC1701615E6AACAD203FFFFFFFFFFFC8FFF00008B161E1D42BD86408CA37F
0CEF5623CD168569BA0CC1741615E0AACAD203FFFFFFFFFFFC9FFF000090161E1D42BD86408C9397
0CEF5C23CD1185695E0CC17C1615DEAACAD203FFFFFFFFFFFCAFFF000092161E1D42BD85408C93AF
0CEF6123CD0E85691D0CC1801615DDAACAD203FFFFFFFFFFFC9FFF000090161E1D42BD85408C93C7
0CEF5D23CD048568C40CC1791615D7AADAD103FFFFFFFFFFFC7FFF00008D161E1D42BD85408C93DF
0CEF5E23CCFC8568580CC17C1615D2AADAD203FFFFFFFFFFFC6FFF00008D161E1D42BD85408C93F7
0CEF6123CCF08568080CC1801615CDAADAD103FFFFFFFFFFFC8FFF000081161E1D42BD85408C830F
0CEF6223CCEC8567AC0CC17E1615CBAACAD103FFFFFFFFFFFC7FFF000091161E1D42BD84408C9327
0CEF6123CCE18567260CC17E1615C4AACAD203FFFFFFFFFFFC6FFF000094161E1D42BD84408C833F
0CEF6223CCD08566BB0CC1811615BBAACAD103FFFFFFFFFFFC8FFF000093161E1D42BD84408C8357
0CEF6723CCCE8566790CC1841615B8AAAAD203FFFFFFFFFFFC8FFF000091161E1D42BD84408C836F
0CEF7223CCD98566200CC18F1615C0AAAAD203FFFFFFFFFFFC8FFF000090161E1D42BD83408C8387
0CEF8A23CCEF8565B30CC1A51615CDAA9AD203FFFFFFFFFFFC8FFF000088161E1D42BD83408C839F
0CEF9823CCF985654F0CC1B61615D1AAAAD203FFFFFFFFFFFC8FFF000090161E1D42BD83408C83B7
0CEF9923CCEB8564E90CC1B41615CCAAAAD203FFFFFFFFFFFC8FFF00008B161E1D42BD83408C73CF
0CEF9823CCE48564860CC1B71615C5AABAD103FFFFFFFFFFFC8FFF000093161E1D42BD82408C83E7
0CEF9A23CCDA8564390CC1B91615BFAAAAD103FFFFFFFFFFFC8FFF00008C161E1C42BD82408C73FF
0CEF9B23CCD88563DC0CC1B81615BEAAAAD103FFFFFFFFFFFC8FFF000093161E1C42BD82408C7317
0CEF9D23CCC88563610CC1B91615B7AAAAD103FFFFFFFFFFFC7FFF00008C161E1C42BD82408C732F
0CEF9C23CCBC8562F30CC1BA1615B0AAAAD103FFFFFFFFFFFC7FFF00008C161E1C42BD81408C6347
0CEF9F23CCB48562A20CC1BE1615ACAAAAD103FFFFFFFFFFFC8FFF000093161E1C42BD81408C635F
0CEFA123CCAD8562520CC1BF1615A9AA9AD103FFFFFFFFFFFC8FFF000092161E1C42BD81408C6377
0CEF9F23CCA38561F10CC1BA1615A3AAAAD103FFFFFFFFFFFC8FFF000092161E1C42BD81408C638F
0CEF9E23CC9585617F0CC1B916159CAAAAD103FFFFFFFFFFFC7FFF000093161E1C42BD80408C63A7
0CEF9C23CC8C85611C0CC1BA161594AAAAD103FFFFFFFFFFFC7FFF00008F161E1C42BD80408C63BF
0CEF9D23CC808560B40CC1BA161591AAAAD103FFFFFFFFFFFC8FFF000097161E1C42BD80408C63D7
0CEFA323CC7A85603D0CC1BE16158EAAAAD103FFFFFFFFFFFC8FFF000090161E1C42BD7F408C63EF
0CEFA523CC72855FE70CC1C4161587AAAAD103FFFFFFFFFFFC8FFF000093161E1C42BD7F408C5307
0CEFA523CC66855F9F0CC1C2161586AA9AD003FFFFFFFFFFFC8FFF000093161E1C42BD7F408C531F
0CEFA723CC5F855F2C0CC1C1161581AAAAD003FFFFFFFFFFFC9FFF000096161E1C42BD7F408C5337
0CEFAD23CC60855EAC0CC1C716157CAAAAD103FFFFFFFFFFFC9FFF000098161E1C42BD7E408C534F
0CEFB223CC59855E480CC1CE16157BAA9AD103FFFFFFFFFFFC8FFF00008C161E1C42BD7E408C4367
0CEFB323CC4E855DE80CC1CE161576AA9AD103FFFFFFFFFFFC8FFF000098161E1C42BD7E408C437F
0CEFB723CC4B855D880CC1D3161573AA8AD103FFFFFFFFFFFC9FFF000098161E1C42BD7E408C4397
0CEFBE23CC47855D210CC1D6161573AA8AD103FFFFFFFFFFFC8FFF000091161E1C42BD7D408C43AF
0CEFC723CC46855CAF0CC1E0161573AA8AD103FFFFFFFFFFFC9FFF000093161E1C42BD7D408C43C7
0CEFD423CC53855C4C0CC1F0161577AA8AD003FFFFFFFFFFFC8FFF00008D161E1C42BD7D408C43DF
0CEFE523CC63855BEF0CC20116157FAA8AD003FFFFFFFFFFFC8FFF000099161E1C42BD7D408C43F7
0CF01B23CCA4855B7D0CC2331615A1AA8ACF03FFFFFFFFFFFC8FFF000099161E1C42BD7C408C430F
0CF03123CCB1855B0D0CC24B1615ABAA8ACF03FFFFFFFFFFFC9FFF00009B161E1C42BD7C408C4327
0CF03B23CCB6855AB60CC2581615ACAA8AD003FFFFFFFFFFFC8FFF00009C161E1C42BD7C408C333F
0CF03923CCAD855A550CC2541615A8AA9ACF03FFFFFFFFFFFC7FFF000096161E1C42BD7C408C3357
0CF03923CC9B8559D40CC2531615A0AA9AD003FFFFFFFFFFFC7FFF000099161E1C42BD7B408C236F
0CF03623CC8D8559650CC252161595AA9AD003FFFFFFFFFFFC8FFF00009C161E1C42BD7B408C3387
0CF03E23CC8F8559190CC25A161597AAAAD003FFFFFFFFFFFC8FFF00009D161E1C42BD7B408C339F
0CF04023CC868558A90CC258161593AAAAD003FFFFFFFFFFFC9FFF00009B161E1C42BD7A408C23B7
0CF04323CC7E8558310CC25D16158FAAAAD003FFFFFFFFFFFC8FFF000091161E1C42BD7A408C23CF
0CF04623CC738557E50CC26116158BAAAAD003FFFFFFFFFFFC7FFF00009C161E1C42BD7A408C23E7
0CF04623CC718557820CC260161589AAAAD003FFFFFFFFFFFC7FFF00009F161E1C42BD7A408C23FF
0CF04723CC5F8556F10CC25E16157FAAAAD003FFFFFFFFFFFC8FFF0000A3161E1C42BD79408C2317
0CF04823CC568556820CC263161578AAAAD003FFFFFFFFFFFC8FFF0000A2161E1C42BD79408C232F
0CF04823CC4B8556410CC265161573AABAD003FFFFFFFFFFFC8FFF000099161E1C42BD79408C2347
0CF04623CC408555D60CC25F161570AAAAD003FFFFFFFFFFFC8FFF000097161E1C42BD79408C135F
0CF04C23CC3A85555B0CC26416156BAAAAD003FFFFFFFFFFFC8FFF00009D161E1C42BD78408C1377
0CF04A23CC298555000CC267161563AAAAD003FFFFFFFFFFFC8FFF000096161E1C42BD78408C238F
0CF04723CC208554A60CC25F16155CAAAAD003FFFFFFFFFFFC7FFF00009F161E1C42BD78408C03A7
0CF04923CC148554260CC260161558AA9AD003FFFFFFFFFFFC7FFF00009D161E1C42BD78408C03BF
0CF04C23CC0B8553AF0CC266161552AA9AD003FFFFFFFFFFFC9FFF0000A0161E1C42BD77408C03D7
0CF04E23CC058553560CC26A16154FAA9AD003FFFFFFFFFFFC7FFF0000A2161E1C42BD77408C03EF
0CF05123CBFE8552F70CC26A16154AAAAAD003FFFFFFFFFFFC7FFF0000A1161E1C42BD77408C0307
0CF05A23CC008552910CC27316154CAABAD003FFFFFFFFFFFC7FFF0000A0161E1C42BD77408C031F
0CF06223CC008552260CC27A16154DAABAD003FFFFFFFFFFFC8FFF000093161E1C42BD76408C0337
0CF06523CBF88551B90CC27D161547AAAACF03FFFFFFFFFFFC8FFF00009F161E1B42BD76408C034F
0CF06E23CBFC8551580CC28716154AAAAACF03FFFFFFFFFFFC8FFF0000A1161E1B42BD76408C0367
0CF07923CC028550EC0CC29116154BAAAACF03FFFFFFFFFFFC8FFF0000A3161E1C42BD76408C037F
0CF09623CC1F8550870CC2AD16155BAA9ACF03FFFFFFFFFFFC8FFF0000A4161E1C42BD75408C0397
0CF0A223CC228550230CC2B916155EAA9ACF03FFFFFFFFFFFC8FFF0000A3161E1B42BD75408C03AF
0CF09823CC09854FB40CC2B1161551AA9ACF03FFFFFFFFFFFC8FFF00009A161E1B42BD75408C03C7
0CF0AA23CC17854F570CC2CA16155BAAAACF03FFFFFFFFFFFC9FFF000098161E1B42BD75408BE3DF
0CF0C223CC34854F0C0CC2D7161563AA9ACF03FFFFFFFFFFFC7FFF000091161E1B42BD74408BE3F7
0CF0DA23CC47854E940CC2F0161573AA9ACF03FFFFFFFFFFFC8FFF0000A2161E1B42BD74408C030F
0CF0D923CC39854DFE0CC2F1161568AA9ACF03FFFFFFFFFFFC8FFF0000A0161E1B42BD74408BE327
0CF0D623CC23854D9C0CC2EE16155DAA9ACF03FFFFFFFFFFFC8FFF0000A1161E1B42BD73408BE33F
0CF0D623CC21854D720CC2EE16155BAA9ACF03FFFFFFFFFFFC8FFF0000A1161E1B42BD73408BE357
0CF0D523CC15854D0A0CC2EB161558AA9ACF03FFFFFFFFFFFC8FFF0000A1161E1B42BD73408BE36F
0CF0D823CC0C854C7D0CC2F0161554AA9ACF03FFFFFFFFFFFC8FFF0000A1161E1B42BD73408BE387
0CF0E523CC10854C120CC2FD161553AA9ACF03FFFFFFFFFFFC9FFF0000A3161E1B42BD72408BD39F
0CF0E823CC09854BC30CC302161551AA9ACE03FFFFFFFFFFFC9FFF0000A5161E1B42BD72408BD3B7
0CF0EA23CC06854B630CC2FF16154EAA9ACF03FFFFFFFFFFFC9FFF00009A161E1B42BD72408BD3CF
0CF0EB23CC01854AFA0CC30116154AAA9ACF03FFFFFFFFFFFC8FFF0000A2161E1B42BD72408BD3E7
0CF0F323CBFB854A870CC30A161549AA9ACF03FFFFFFFFFFFC8FFF00009F161E1B42BD71408BC3FF
0CF0F623CBF3854A100CC30C161544AA9ACF03FFFFFFFFFFFC7FFF0000A2161E1B42BD71408BD317
0CF0F823CBE88549B10CC31116153CAAAACF03FFFFFFFFFFFC9FFF0000A1161E1B42BD71408BC32F
0CF0F723CBDB8549670CC310161538AAAACF03FFFFFFFFFFFC8FFF0000A6161E1B42BD71408BC347
0CF0F223CBD085490E0CC309161532AAAACF03FFFFFFFFFFFC8FFF0000A4161E1B42BD70408BC35F
0CF0F523CBC88548950CC30C16152FAA9ACF03FFFFFFFFFFFC8FFF0000A0161E1B42BD70408BC377
0CF0FA23CBC185481D0CC30E161528AA9ACF03FFFFFFFFFFFC8FFF0000A7161E1B42BD70408BC38F
0CF0FD23CBB78547BE0CC314161524AA9ACF03FFFFFFFFFFFC8FFF0000AB161E1B42BD70408BC3A7
0CF0FF23CBB285475E0CC316161523AA9ACF03FFFFFFFFFFFC8FFF0000AB161E1B42BD6F408BC3BF
0CF11C23CBD58546F90CC334161535AA9ACF03FFFFFFFFFFFC8FFF0000A9161E1B42BD6F408BB3D7
0CF15423CC1A85469C0CC36B161559AA8ACF03FFFFFFFFFFFC8FFF0000A1161E1B42BD6F408BB3EF
0CF18B23CC5A8546360CC39F16157DAA8ACF03FFFFFFFFFFFC8FFF0000A9161E1B42BD6F408BB307
0CF1BA23CC958545C10CC3CD16159BAA7ACF03FFFFFFFFFFFC8FFF0000A5161E1B42BD6E408BB31F
0CF1D423CCAC85455C0CC3E81615A6AA7ACF03FFFFFFFFFFFC8FFF0000AE161E1B42BD6E408BA337
0CF1E123CCB18544FD0CC3F31615ACAA7ACF03FFFFFFFFFFFC8FFF0000A8161E1B42BD6E408BA34F
0CF1F523CCC685448C0CC4041615B3AA8ACF03FFFFFFFFFFFC8FFF0000AF161E1B42BD6E408BA367
0CF20523CCCF85441A0CC4161615BAAA8ACF03FFFFFFFFFFFC8FFF0000A8161E1B42BD6D408BA37F
0CF24023CD1B8543BF0CC4521615E0AA9ACF03FFFFFFFFFFFC8FFF0000AE161E1B42BD6D408BA397
0CF25323CD2385436D0CC4621615E8AA9ACF03FFFFFFFFFFFC8FFF0000A0161E1B42BD6D408BA3AF
0CF25223CD1F8543050CC45F1615E2AA9AD003FFFFFFFFFFFC8FFF0000B0161E1B42BD6D408BA3C7
0CF24E23CD108542890CC45D1615DBAA9AD003FFFFFFFFFFFC8FFF0000B3161E1B42BD6C408B93DF
0CF24C23CCFD8542180CC45C1615D2AA9AD003FFFFFFFFFFFC7FFF0000B5161E1B42BD6C408B93F7
0CF24A23CCF18541BC0CC4591615C9AAAAD003FFFFFFFFFFFC7FFF0000B5161E1B42BD6C408B930F
0CF24923CCE385416B0CC45D1615C5AAAAD003FFFFFFFFFFFC9FFF0000AA161E1B42BD6C408B9327
0CF24523CCD58541190CC4561615BEAA9AD003FFFFFFFFFFFC8FFF0000AF161E1B42BD6C408B933F
0CF24223CCC68540A30CC4531615B6AA9AD003FFFFFFFFFFFC8FFF0000AC161E1B42BD6B408B8357
0CF23F23CCB88540230CC4501615ACAA9AD003FFFFFFFFFFFC7FFF0000B8161E1B42BD6B408B836F
0CF24023CCA7853FC80CC4541615A4AA9AD003FFFFFFFFFFFC8FFF0000BA161E1B42BD6B408B8387
0CF23B23CC98853F740CC44D16159EAA9AD003FFFFFFFFFFFC8FFF0000B9161E1B42BD6A408B839F
0CF23A23CC8F853F020CC44B161598AA9AD003FFFFFFFFFFFC7FFF0000B8161E1B42BD6A408B83B7
0CF23F23CC8C853E930CC44F161594AAAACF03FFFFFFFFFFFC7FFF0000B0161E1B42BD6A408B83CF
0CF25B23CCA5853E3A0CC46C1615A2AAAACF03FFFFFFFFFFFC8FFF0000B2161E1B42BD6A408B83E7
0CF26023CCA4853DD90CC46E1615A1AA9ACF03FFFFFFFFFFFC8FFF0000B5161E1B42BD69408B83FF
0CF26623CCA3853D6C0CC4781615A3AA9AD003FFFFFFFFFFFC8FFF0000BA161E1B42BD69408B7317
0CF27C23CCB3853D000CC48D1615ABAA9AD003FFFFFFFFFFFCAFFF0000BB161E1B42BD69408B732F
0CF28523CCB4853C9E0CC4941615AAAAAAD003FFFFFFFFFFFC8FFF0000BC161E1B42BD69408B6347
0CF28823CCB0853C3C0CC4991615A9AAAAD003FFFFFFFFFFFC7FFF0000B8161E1B42BD68408B735F
0CF29A23CCC1853BD80CC4A91615B1AAAAD003FFFFFFFFFFFC8FFF0000B2161E1B42BD68408B6377
0CF29F23CCB9853B790CC4AC1615ACAAAACF03FFFFFFFFFFFC8FFF0000B9161E1B42BD68408B638F
0CF2AB23CCC4853B150CC4B71615B2AABACF03FFFFFFFFFFFC8FFF0000BA161E1B42BD68408B63A7
0CF2DB23CCFE853AA70CC4EF1615D6AABACF03FFFFFFFFFFFC7FFF0000BD161E1B42BD67408B63BF
0CF33223CD6D853A450CC53D16160DAAAACF041FFFFFFFFFFC7FFF0000BF161E1B42BD67408B63D7
0CF34F23CD8A8539DC0CC55C16161EAAAACF48BFFFFFFFFFFC8FFF0000B9161E1B42BD67408B63EF
0CF35C23CD8F8539750CC569161620AAAACF889FFFFFFFFFFC8FFF0000BC161E1B42BD67408B6307
0CF36023CD898539220CC56D16161FAABAD003FFFFFFFFFFFC7FFF0000BA161E1B42BD66408B531F
0CF37523CDA38538BE0CC58216162AAABAD003FFFFFFFFFFFC7FFF0000BB161E1B42BD66408B5337
0CF38523CDAB8538410CC591161630AABAD003FFFFFFFFFFFC8FFF0000BA161E1B42BD66408B634F
0CF38E23CDAA8537CF0CC59A16162FAABAD1042FFFFFFFFFFC8FFF0000C3161E1B42BD66408B5367
0CF39723CDA98537820CC5A316162EAACAD1512FFFFFFFFFFC8FFF0000BC161E1B42BD65408B537F
0CF39623CDA38537290CC5A216162AAACAD18D6FFFFFFFFFFC7FFF0000B9161E1B42BD65408B5397
0CF39623CD9A8536B90CC5A2161626AACAD103FFFFFFFFFFFC8FFF0000BD161E1B42BD65408B43AF
0CF39823CD8D8536460CC5A316161FAADAD103FFFFFFFFFFFC8FFF0000B8161E1B42BD65408B43C7
0CF39A23CD848535DE0CC5A716161BAADAD25C5FFFFFFFFFFC8FFF0000BF161E1B42BD64408B43DF
0CF3A023CD8185358D0CC5AC161618AADAD1560FFFFFFFFFFC7FFF0000C1161E1B42BD64408B43F7
0CF3A123CD7A8535300CC5AE161618AACAD148AFFFFFFFFFFC7FFF0000C2161E1B42BD64408B430F
0CF3A723CD7B8534BE0CC5B3161615AABAD28EAFFFFFFFFFFC8FFF0000C2161E1B42BD64408B4327
0CF3AF23CD788534550CC5B9161614AABAD203FFFFFFFFFFFC8FFF0000B5161E1B42BD63408B333F
0CF3E823CDC38533EF0CC5EF161639AABAD203FFFFFFFFFFFC8FFF0000C3161E1B42BD63408B3357
0CF40323CDD88533870CC60F161649AABAD203FFFFFFFFFFFC8FFF0000B5161E1B42BD63408B336F
0CF40423CDD285332E0CC60F161643AACAD203FFFFFFFFFFFC8FFF0000C0161E1B42BD63408B3387
0CF40323CDC68532CA0CC60C16163EAACAD23CDFFFFFFFFFFC8FFF0000BF161E1B42BD62408B239F
0CF40323CDB78532580CC60E161639AACAD27CDFFFFFFFFFFC7FFF0000C2161E1B42BD62408B23B7
0CF40623CDB48531F40CC60F161632AACAD203FFFFFFFFFFFC8FFF0000C6161E1A42BD62408B23CF
0CF40523CDA485319B0CC60D16162CAACAD203FFFFFFFFFFFC7FFF0000BF161E1A42BD62408B23E7
0CF40423CD9F8531400CC60F161629AADAD203FFFFFFFFFFFC8FFF0000C2161E1A42BD61408B23FF
0CF40523CD918530C90CC610161623AACAD203FFFFFFFFFFFC8FFF0000BE161E1A42BD61408B2317
0CF40723CD8685304D0CC61116161CAACAD23DCFFFFFFFFFFC7FFF0000C5161E1A42BD61408B232F
0CF40923CD7F852FF90CC611161614AACAD2813FFFFFFFFFFC7FFF0000C4161E1A42BD60408B2347
0CF40923CD72852FA60CC611161613AACAD103FFFFFFFFFFFC7FFF0000B5161E1A42BD60408B135F
0CF41923CD85852F480CC62116161AAACAD103FFFFFFFFFFFC8FFF0000C1161E1A42BD60408B2377
0CF43B23CDAB852EE20CC64116162CAACAD103FFFFFFFFFFFCAFFF0000BE161E1A42BD60408B138F
0CF44A23CDAD852E5C0CC654161633AABAD103FFFFFFFFFFFC9FFF0000CA161E1A42BD5F408B13A7
0CF45123CDAD852DD50CC65B16162FAABAD1370FFFFFFFFFFC8FFF0000CB161E1A42BD5F408B03BF
0CF45723CDAA852D8E0CC66416162EAABAD17F5FFFFFFFFFFC9FFF0000C0161E1A42BD5F408B03D7
0CF45923CDA6852D580CC65F16162AAABAD203FFFFFFFFFFFC8FFF0000BA161E1A42BD5F408B03EF
0CF47D23CDD4852CE30CC686161646AACAD203FFFFFFFFFFFC8FFF0000BF161E1A42BD5F408B0307
0CF4B623CE19852C5D0CC6BF161669AACAD203FFFFFFFFFFFC8FFF0000BD161E1A42BD5E408B031F
0CF4FF23CE71852BFE0CC708161697AACAD203FFFFFFFFFFFC8FFF0000C7161E1A42BD5E408B0337
0CF51B23CE8E852B9B0CC7231616AAAACAD203FFFFFFFFFFFC8FFF0000CB161E1A42BD5E408B034F
0CF53023CEA0852B1C0CC7341616B0AACAD203FFFFFFFFFFFC8FFF0000C6161E1A42BD5D408B0367
0CF54F23CEC1852AB70CC7591616C3AACAD203FFFFFFFFFFFC8FFF0000C9161E1A42BD5D408B037F
0CF56423CED0852A680CC76D1616CDAACAD203FFFFFFFFFFFC8FFF0000C3161E1A42BD5D408B0397
0CF56223CEC9852A0F0CC7681616C9AADAD2429FFFFFFFFFFC8FFF0000B9161E1A42BD5D408AF3AF
0CF56723CEC78529A50CC76C1616C6AADAD34ABFFFFFFFFFFC8FFF0000C1161E1A42BD5C408AF3C7
0CF56B23CEC185292E0CC7711616C5AADAD303FFFFFFFFFFFC7FFF0000C8161E1A42BD5C408AE3DF
0CF59023CEEB8528BF0CC7971616DCAADAD303FFFFFFFFFFFC8FFF0000CB161E1A42BD5C408AF3F7
0CF5CC23CF3285285B0CC7CF1616FFAAEAD303FFFFFFFFFFFC8FFF0000CC161E1A42BD5C408AE30F
0CF5F023CF5B8527FB0CC7F4161716AAEAD403FFFFFFFFFFFC8FFF0000C9161E1A42BD5B408AE327
0CF60023CF6985279D0CC80416171DAADAD43E2FFFFFFFFFFC8FFF0000C5161E1A42BD5B408AE33F
0CF60B23CF6F8527320CC80C16171DAADAD446CFFFFFFFFFFC8FFF0000C4161E1A42BD5B408AE357
0CF61623CF6E8526D40CC81A161720AADAD403FFFFFFFFFFFC8FFF0000C3161E1A42BD5B408AE36F
0CF61D23CF7285267D0CC820161722AADAD403FFFFFFFFFFFC8FFF0000C5161E1A42BD5A408AE387
0CF62923CF788526020CC82B161725AAEAD403FFFFFFFFFFFC8FFF0000BE161E1A42BD5A408AE39F
0CF62D23CF6F85258A0CC82F161721AAEAD403FFFFFFFFFFFC8FFF0000CC161E1A42BD5A408AE3B7
0CF63523CF7185253B0CC839161720AAEAD4461FFFFFFFFFFC8FFF0000C9161E1A42BD5A408AD3CF
0CF63723CF6D8524E30CC83B161721AAFAD44A1FFFFFFFFFFC7FFF0000C2161E1A42BD59408AD3E7
0CF64023CF6C8524680CC842161720AAFAD403FFFFFFFFFFFC8FFF0000C1161E1A42BD59408AD3FF
0CF64623CF6C8523F40CC84716171DAAFAD403FFFFFFFFFFFC7FFF0000C1161E1A42BD59408AC317
0CF67023CF9885239C0CC86F161735AB0AD403FFFFFFFFFFFC8FFF0000C5161E1A42BD58408AC32F
0CF6B823CFF78523490CC8B9161768AAFAD403FFFFFFFFFFFC8FFF0000BF161E1A42BD58408AC347
0CF6DE23D0268522E00CC8DE161782AAFAD31C2FFFFFFFFFFC8FFF0000C7161E1A42BD58408AC35F
0CF6F923D0418522720CC8F9161790AAFAD4BDFFFFFFFFFFFC9FFF0000C4161E1A42BD58408AC377
0CF70B23D04C8522000CC909161795AAFAD410CFFFFFFFFFFC9FFF0000C5161E1A42BD57408AC38F
0CF71923D05585218B0CC91616179AAB0AD503FFFFFFFFFFFC8FFF0000C6161E1A42BD57408AC3A7
0CF73123D06B85212F0CC92B1617A3AB0AD503FFFFFFFFFFFC8FFF0000CA161E1A42BD57408AC3BF
0CF74423D07E8520E80CC9431617B1AB0AD603FFFFFFFFFFFC8FFF0000C7161E1A42BD57408AC3D7
0CF75B23D09985208C0CC9581617BFAB0AD61C1FFFFFFFFFFC7FFF0000BC161E1A42BD56408AB3EF
0CF77723D0B48520190CC9741617CDAB1AD7B74FFFFFFFFFFC7FFF0000C5161E1A42BD56408AA307
0CF79123D0CA851FA00CC98D1617DAAB0AD6107FFFFFFFFFFC9FFF0000CA161E1A42BD56408AB31F
0CF79B23D0CE851F3D0CC9991617DDAAFAD703FFFFFFFFFFFC8FFF0000C8161E1A42BD56408AA337
0CF7A323D0CE851EEC0CC99E1617DCAAFAD703FFFFFFFFFFFC8FFF0000CA161E1A42BD55408AA34F
0CF7A323D0C4851E910CC99F1617D8AB0AD703FFFFFFFFFFFC8FFF0000C5161E1A42BD55408AA367
0CF7B423D0D8851E1B0CC9B01617DEAB0AD725EFFFFFFFFFFC9FFF0000C1161E1A42BD55408AA37F
0CF7F123D121851D9C0CC9ED161805AB1AD7BB1FFFFFFFFFFC7FFF0000CA161E1A42BD55408AA397
0CF82523D15B851D4C0CCA21161824AB1AD610DFFFFFFFFFFC7FFF0000CB161E1A42BD54408AA3AF
0CF82D23D15F851D060CCA2916182BAB1AD703FFFFFFFFFFFC8FFF0000C4161E1A42BD54408AA3C7
0CF85223D190851C9E0CCA4F161845AB0AD703FFFFFFFFFFFC8FFF0000C5161E1A42BD54408AA3DF
0CF88C23D1D6851C240CCA85161868AB0AD703FFFFFFFFFFFC7FFF0000CC161E1A42BD54408AA3F7
0CF8B123D1FC851BB70CCAA916187CAB0AD7252FFFFFFFFFFC6FFF0000CC161E1A42BD53408AA30F
0CF8CE23D21A851B5A0CCAC616188DAB1AD7C4EFFFFFFFFFFC8FFF0000CE161E1A42BD53408A9327
0CF8F523D24C851AFE0CCAEC1618A4AB2AD712BFFFFFFFFFFC8FFF0000CD161E1A42BD53408A933F
0CF90E23D261851A9A0CCB051618B4AB2AD8A3BFFFFFFFFFFC8FFF0000CC161E1A42BD53408A9357
0CF91123D25E851A3D0CCB081618B0AB2AD83D0FFFFFFFFFFC8FFF0000CC161E1A42BD52408A836F
0CF91723D25B8519E10CCB0E1618B0AB3AD803FFFFFFFFFFFC6FFF0000CC161E1A42BD52408A8387
0CF91A23D25185196F0CCB121618AEAB3AD903FFFFFFFFFFFC7FFF0000C9161E1A42BD52408A839F
0CF91C23D24C8518FE0CCB151618A8AB3AD903FFFFFFFFFFFC9FFF0000CA161E1A42BD52408A83B7
0CF91E23D23F8518A30CCB141618A2AB4AD905BFFFFFFFFFFC8FFF0000D0161E1A42BD51408A83CF
0CF91C23D2368518420CCB1316189BAB4AD9A3DFFFFFFFFFFC7FFF0000C2161E1942BD51408A83E7
0CF92723D23B8517E20CCB201618A0AB5ADA3C7FFFFFFFFFFC8FFF0000CE161E1942BD51408A83FF
0CF94923D2678517850CCB431618B7AB4ADA03FFFFFFFFFFFC9FFF0000C2161E1942BD51408A8317
0CF98E23D2B68517150CCB871618E3AB4AD903FFFFFFFFFFFC8FFF0000D2161E1942BD50408A832F
0CF9A023D2C78516A20CCB981618EBAB4AD903FFFFFFFFFFFC8FFF0000D4161E1942BD50408A8347
0CF9BB23D2DF85164D0CCBB11618F5AB4AD9056FFFFFFFFFFC8FFF0000D2161E1942BD50408A635F
0CF9C323D2E18515FF0CCBB61618F7AB4AD9A49FFFFFFFFFFC7FFF0000C8161E1942BD50408A6377
0CF9DD23D30685158B0CCBD216190AAB5ADA3D2FFFFFFFFFFC7FFF0000CC161E1942BD4F408A638F
0CFA2423D3578515240CCC17161935AB5ADA03FFFFFFFFFFFC8FFF0000C5161E1942BD4F408A63A7
0CFA3E23D3748514D20CCC32161945AB5ADA03FFFFFFFFFFFC7FFF0000CA161E1942BD4F408A63BF
0CFA5323D38885145A0CCC4716194FAB5ADA03FFFFFFFFFFFC8FFF0000D9161E1942BD4F408A63D7
0CFA6223D38E8513E10CCC54161953AB6ADA03FFFFFFFFFFFC8FFF0000D8161E1942BD4E408A63EF
0CFA7023D3958513900CCC62161957AB6ADA03FFFFFFFFFFFC8FFF0000D3161E1942BD4E408A6307
0CFA7023D3918513370CCC64161956AB6ADB03FFFFFFFFFFFC8FFF0000CD161E1942BD4E408A631F
0CFA6F23D3858512D00CCC6116194FAB7ADB03FFFFFFFFFFFC8FFF0000CB161E1942BD4E408A6337
0CFA7623D3828512780CCC6816194DAB7ADB03FFFFFFFFFFFC8FFF0000CD161E1942BD4D408A534F
0CFA8123D38B8512130CCC74161953AB6ADC03FFFFFFFFFFFC8FFF0000CD161E1942BD4D408A5367
0CFA9F23D3A985118A0CCC92161963AB6ADB03FFFFFFFFFFFC8FFF0000DA161E1942BD4D408A537F
0CFAC223D3CE8511130CCCB4161972AB6ADB03FFFFFFFFFFFC7FFF0000D5161E1942BD4C408A4397
0CFAF523D4088510D00CCCE9161994AB6ADB03FFFFFFFFFFFC7FFF0000D7161E1942BD4C408A53AF
0CFB4723D47D8510810CCD361619D3AB6ADB03FFFFFFFFFFFC8FFF0000CF161E1942BD4C408A43C7
0CFBB023D50985101B0CCD9E161A1DAB6ADC03FFFFFFFFFFFC8FFF0000BE161E1942BD4C408A43DF
0CFBC023D512850FAF0CCDB0161A22AB7ADC03FFFFFFFFFFFC8FFF0000CD161E1942BD4C408A43F7
0CFBC923D514850F3B0CCDB8161A23AB7ADC03FFFFFFFFFFFC8FFF0000CE161E1942BD4B408A430F
0CFBD523D518850ED70CCDC5161A26AB8ADD03FFFFFFFFFFFC9FFF0000D7161E1942BD4B408A4327
0CFBED23D536850E780CCDD9161A31AB8ADD03FFFFFFFFFFFC9FFF0000D3161E1942BD4B408A433F
0CFBFA23D538850E170CCDE8161A38AB9ADE03FFFFFFFFFFFC8FFF0000D3161E1942BD4B408A4357
0CFC0123D538850DB60CCDEE161A38AB9ADE03FFFFFFFFFFFC8FFF0000D3161E1942BD4A408A336F
0CFC0823D538850D4B0CCDF8161A39AB9ADE03FFFFFFFFFFFC9FFF0000CE161E1942BD4A408A4387
0CFC2223D551850CED0CCE10161A45AB9ADE03FFFFFFFFFFFC8FFF0000CE161E1942BD4A408A239F
0CFC4123D578850C9E0CCE2F161A5AAB9ADE03FFFFFFFFFFFC8FFF0000D0161E1942BD4A408A33B7
0CFC8D23D5D9850C320CCE77161A8CABAADF03FFFFFFFFFFFC7FFF0000D4161E1942BD49408A23CF
0CFCD223D635850BB70CCEBB161ABCABAADF03FFFFFFFFFFFC8FFF0000D6161E1942BD49408A23E7
0CFD9023D734850B520CCF78161B45ABBADF03FFFFFFFFFFFC8FFF0000D8161E1942BD49408A23FF
0CFDC323D768850B0B0CCFAB161B64ABCADF03FFFFFFFFFFFC8FFF0000D2161E1942BD48408A2317
0CFDC923D772850AB10CCFB1161B69ABCADF03FFFFFFFFFFFC8FFF0000D0161E1942BD48408A232F
0CFDD623D77B850A3B0CCFBD161B6CABCAE003FFFFFFFFFFFC8FFF0000D3161E1942BD48408A2347
0CFDF823D79D8509CD0CCFDF161B7EABDAE003FFFFFFFFFFFC8FFF0000CC161E1942BD48408A135F
0CFE2323D7D08509810CD009161B9AABDAE103FFFFFFFFFFFC8FFF0000CC161E1942BD47408A1377
0CFE3D23D7F185092A0CD023161BADABDAE103FFFFFFFFFFFC7FFF0000D1161E1942BD47408A138F
0CFE8D23D8588508AD0CD072161BE2ABDAE103FFFFFFFFFFFC7FFF0000D6161E1942BD47408A23A7
0CFEBF23D89485083B0CD0A2161C01ABDAE203FFFFFFFFFFFC8FFF0000D8161E1942BD47408A03BF
0CFED023D89B8507E70CD0B4161C06ABDAE203FFFFFFFFFFFC8FFF0000D3161E1942BD46408A03D7
0CFED523D89F8507970CD0B8161C08ABDAE203FFFFFFFFFFFC7FFF0000D7161E1942BD46408A03EF
0CFEDA23D8A08507370CD0C0161C08ABEAE203FFFFFFFFFFFC8FFF0000C6161E1942BD46408A0307
0CFEE323D8A08506CA0CD0C9161C0BABEAE303FFFFFFFFFFFC6FFF0000D1161E1942BD46408A031F
0CFEFA23D8B58506670CD0DC161C14ABFAE303FFFFFFFFFFFC6FFF0000D4161E1942BD45408A0337
0CFF0723D8BC8506090CD0EA161C19ABFAE403FFFFFFFFFFFC8FFF0000D8161E1942BD45408A034F
0CFF0623D8B085059B0CD0EA161C13ABFAE403FFFFFFFFFFFC8FFF0000D4161E1942BD45408A0367
0CFF0623D8A68505370CD0EA161C0CABFAE403FFFFFFFFFFFC8FFF0000DA161E1942BD45408A037F
0CFF0A23D8A28504E00CD0ED161C0AABFAE4A2EFFFFFFFFFFC7FFF0000D8161E1942BD44408A0397
0CFF0C23D89885047A0CD0EF161C07AC0AE4141FFFFFFFFFFC7FFF0000D6161E1942BD44408A03AF
0CFF1123D89885041B0CD0F5161C05AC0AE503FFFFFFFFFFFC8FFF0000D6161E1942BD44408A03C7
0CFF1E23D89E8503B80CD101161C09AC0AE503FFFFFFFFFFFC8FFF0000D1161E1942BD44408A03DF
0CFF2E23D8AF8503540CD113161C11AC0AE503FFFFFFFFFFFC8FFF0000D9161E1942BD43408A03F7
0CFF4123D8B98502FC0CD123161C17ABFAE503FFFFFFFFFFFC8FFF0000D5161E1942BD434089E30F
0CFF4F23D8C585029E0CD130161C1DABFAE503FFFFFFFFFFFC8FFF0000D5161E1942BD434089E327
0CFF5723D8C98502320CD13B161C20ABFAE503FFFFFFFFFFFC7FFF0000D2161E1942BD434089E33F
0CFF5C23D8C78501D20CD13D161C1CABFAE503FFFFFFFFFFFC7FFF0000DA161E1842BD424089E357
0CFF5E23D8BD8501740CD140161C19ABFAE503FFFFFFFFFFFC7FFF0000D4161E1842BD424089E36F
0CFF6F23D8C98501120CD151161C21ABFAE503FFFFFFFFFFFC7FFF0000D2161E1842BD424089E387
0CFF8423D8DF8500B30CD165161C2AABFAE403FFFFFFFFFFFC9FFF0000D8161E1842BD424089E39F
0CFFA223D8FC8500490CD183161C3BABFAE503FFFFFFFFFFFC9FFF0000D8161E1842BD414089D3B7
0CFFC423D92484FFEE0CD1A5161C4EABFAE503FFFFFFFFFFFC8FFF0000D0161E1842BD414089E3CF
0CFFEC23D95184FF9A0CD1CC161C6AABFAE503FFFFFFFFFFFC8FFF0000D6161E1842BD414089D3E7
0D000B23D97484FF380CD1EB161C7CABFAE503FFFFFFFFFFFC9FFF0000D7161E1842BD414089D3FF
0D001023D96F84FEC50CD1F0161C77AC0AE503FFFFFFFFFFFC9FFF0000DB161E1842BD404089D317
0D001E23D97884FE530CD1FD161C7CAC0AE503FFFFFFFFFFFC7FFF0000D5161E1842BD404089C32F
0D003C23D99984FDF70CD21C161C8EAC0AE503FFFFFFFFFFFC6FFF0000D3161E1842BD404089C347
0D006623D9C984FD9E0CD244161CA8AC0AE503FFFFFFFFFFFC7FFF0000D1161E1842BD404089C35F
0D008C23D9F684FD3E0CD26A161CC1ABFAE503FFFFFFFFFFFC8FFF0000CA161E1842BD3F4089C377
0D00BE23DA3184FCE50CD29C161CE0AC0AE503FFFFFFFFFFFC8FFF0000D3161E1842BD3F4089C38F
0D00D023DA4384FC8E0CD2AE161CECAC0AE503FFFFFFFFFFFC8FFF0000D5161E1842BD3F4089C3A7
0D00E523DA5684FC1C0CD2C2161CF5AC0AE503FFFFFFFFFFFC8FFF0000D4161E1842BD3F4089C3BF
0D012823DAAA84FBAC0CD304161D21AC0AE503FFFFFFFFFFFC8FFF0000DC161E1842BD3E4089C3D7
0D014B23DAD384FB550CD326161D35AC1AE603FFFFFFFFFFFC8FFF0000D5161E1842BD3E4089B3EF
0D016523DAEA84FAF00CD340161D44AC2AE603FFFFFFFFFFFC8FFF0000D9161E1842BD3E4089B307
0D017E23DB0784FA870CD35A161D50AC2AE703FFFFFFFFFFFC8FFF0000D7161E1842BD3E4089B31F
0D01A223DB2884FA440CD37E161D66AC2AE703FFFFFFFFFFFC7FFF0000CF161E1842BD3D4089A337
0D01E523DB8F84F9F10CD3C1161D9CAC3AE803FFFFFFFFFFFC9FFF0000D2161E1842BD3D4089A34F
0D024E23DC1284F9710CD425161DE0AC2AE803FFFFFFFFFFFC6FFF0000DE161E1842BD3D4089A367
0D026023DC2084F8FB0CD437161DE6AC2AE803FFFFFFFFFFFC8FFF0000E2161E1842BD3C4089A37F
0D027323DC2E84F8A60CD449161DEFAC3AE803FFFFFFFFFFFC9FFF0000E3161E1842BD3C4089A397
0D02A423DC7284F84D0CD47B161E12AC3AE903FFFFFFFFFFFC8FFF0000E1161E1842BD3C4089A3AF
0D02C623DC9484F7F20CD49D161E25AC4AE903FFFFFFFFFFFC9FFF0000D8161E1842BD3C4089A3C7
0D02E523DCB784F79C0CD4BC161E3AAC4AE903FFFFFFFFFFFC9FFF0000D4161E1842BD3C408993DF
0D02FF23DCD284F73E0CD4D6161E49AC5AE903FFFFFFFFFFFC8FFF0000DB161E1842BD3B408993F7
0D030723DCD384F6D00CD4DE161E48AC6AEA03FFFFFFFFFFFC8FFF0000D8161E1842BD3B4089830F
0D030B23DCCD84F6610CD4E0161E45AC6AEA03FFFFFFFFFFFC9FFF0000D8161E1842BD3B40899327
0D030E23DCC484F6090CD4E2161E41AC6AEB03FFFFFFFFFFFC8FFF0000DE161E1842BD3A4089833F
0D031323DCC584F59F0CD4EA161E42AC6AEB03FFFFFFFFFFFC8FFF0000E5161E1842BD3A40898357
0D032823DCD484F5300CD4FC161E48AC6AEB03FFFFFFFFFFFC8FFF0000E2161E1842BD3A4089836F
0D033723DCDE84F4E20CD50B161E4DAC7AEB03FFFFFFFFFFFC8FFF0000DB161E1842BD3A40898387
0D034A23DCF684F4930CD51E161E5AAC7AEC03FFFFFFFFFFFC8FFF0000E0161E1842BD394089839F
0D037B23DD2F84F4250CD550161E7BAC7AEC03FFFFFFFFFFFC8FFF0000E1161E1842BD39408983B7
0D03AA23DD6884F3AE0CD57D161E97AC7AEC03FFFFFFFFFFFC9FFF0000DD161E1842BD39408983CF
0D03C723DD8184F3530CD599161EA5AC7AEB03FFFFFFFFFFFC7FFF0000E7161E1842BD39408983E7
0D03DC23DD9C84F2EE0CD5AF161EB3AC6AEB03FFFFFFFFFFFC7FFF0000E8161E1842BD38408983FF
0D03F623DDB484F2830CD5CA161EC1AC7AEB03FFFFFFFFFFFC8FFF0000E0161E1842BD3840897317
0D040D23DDC484F2350CD5DF161ECAAC8AEB03FFFFFFFFFFFC8FFF0000E4161E1742BD384089832F
0D042323DDDE84F1E80CD5F4161EDAAC8AEC03FFFFFFFFFFFC8FFF0000E2161E1742BD3840897347
0D044B23DE1284F17E0CD61C161EF4AC8AEB03FFFFFFFFFFFC8FFF0000DC161E1742BD374089635F
0D045923DE1884F1030CD62A161EF5AC8AEC03FFFFFFFFFFFC7FFF0000E0161E1742BD3740896377
0D046623DE1E84F08F0CD638161EF8AC8AEC03FFFFFFFFFFFC8FFF0000E4161E1742BD374089738F
0D047A23DE2984F0380CD648161EFFAC8AEC03FFFFFFFFFFFC7FFF0000EB161E1742BD36408963A7
0D048223DE2D84EFED0CD651161F02AC8AED03FFFFFFFFFFFC7FFF0000E1161E1742BD36408963BF
0D049823DE4984EF930CD667161F11AC9AED03FFFFFFFFFFFC8FFF0000DD161E1742BD36408963D7
0D04B623DE6E84EF2B0CD686161F24AC8AED03FFFFFFFFFFFC8FFF0000E5161E1742BD36408963EF
0D04E123DE9C84EEB80CD6B1161F3CAC8AED03FFFFFFFFFFFC8FFF0000EA161E1742BD3540896307
0D04F423DEAD84EE4A0CD6C4161F45AC9AED03FFFFFFFFFFFC7FFF0000E8161E1742BD354089631F
0D054423DF1684EDF30CD712161F7DAC9AED03FFFFFFFFFFFC7FFF0000ED161E1742BD3540895337
0D057423DF4F84ED980CD741161F9BAC8AED03FFFFFFFFFFFC7FFF0000E9161E1742BD354089434F
0D058E23DF6984ED2A0CD75C161FAAAC9AEE03FFFFFFFFFFFC7FFF0000E1161E1742BD3440895367
0D05C123DFA584ECD10CD78D161FC8AC9AEE03FFFFFFFFFFFC7FFF0000E8161E1742BD344089437F
0D05E523DFDA84EC820CD7B2161FE7AC9AEE03FFFFFFFFFFFC7FFF0000EB161E1742BD3440894397
0D06A323E0D984EC070CD86C16206EAC9AEE03FFFFFFFFFFFC7FFF0000E8161E1742BD34408943AF
0D06FA23E14584EB920CD8C11620A4ACAAEE03FFFFFFFFFFFC8FFF0000EE161E1742BD33408943C7
0D070E23E15584EB490CD8D61620AFACAAEE03FFFFFFFFFFFC8FFF0000EB161E1742BD33408943DF
0D071523E15A84EAE30CD8DE1620B4ACAAEF03FFFFFFFFFFFC7FFF0000DF161E1742BD33408943F7
0D072023E15E84EA740CD8E71620B5ACAAF003FFFFFFFFFFFC8FFF0000EB161E1742BD334089430F
0D072B23E16184EA280CD8F21620B6ACBAF003FFFFFFFFFFFC8FFF0000E9161E1742BD3240894327
0D072F23E16084E9D60CD8F51620B7ACCAF103FFFFFFFFFFFC8FFF0000DC161E1742BD324089433F
0D073A23E16A84E9600CD9021620BDACCAF103FFFFFFFFFFFC7FFF0000EE161E1742BD3240894357
0D076123E19184E8E40CD92A1620D0ACDAF203FFFFFFFFFFFC7FFF0000EB161E1742BD324089236F
0D076723E18D84E88D0CD92F1620CFACDAF203FFFFFFFFFFFC8FFF0000F0161E1742BD3140893387
0D076823E18984E83C0CD9311620CEACCAF203FFFFFFFFFFFC8FFF0000ED161E1742BD314089239F
0D07AD23E1E684E7DB0CD9741620FDACCAF303FFFFFFFFFFFC8FFF0000E4161E1742BD31408923B7
0D07E323E22784E7810CD9A8162120ACCAF303FFFFFFFFFFFC8FFF0000E9161E1742BD31408923CF
0D07FE23E24584E7230CD9C4162131ACCAF303FFFFFFFFFFFC7FFF0000E4161E1742BD30408923E7
0D082823E27484E6B30CD9EC16214BACDAF303FFFFFFFFFFFC8FFF0000EF161E1742BD30408923FF
0D084423E29184E6480CDA09162158ACEAF303FFFFFFFFFFFC7FFF0000F1161E1742BD3040892317
0D086323E2B084E5F20CDA25162169ACEAF303FFFFFFFFFFFC7FFF0000F0161E1742BD304089232F
0D087523E2C184E59D0CDA37162174ACEAF403FFFFFFFFFFFC7FFF0000EE161E1742BD2F40892347
0D088823E2D584E5370CDA4A16217DACFAF403FFFFFFFFFFFC7FFF0000ED161E1742BD2F4089135F
0D089923E2E284E4CC0CDA5C162185ACFAF403FFFFFFFFFFFC7FFF0000ED161E1742BD2F40891377
0D08BE23E30F84E46F0CDA7D162199AD0AF403FFFFFFFFFFFC7FFF0000E0161E1742BD2F4089138F
0D090B23E36F84E4190CDAC91621D0AD0AF403FFFFFFFFFFFC7FFF0000ED161E1642BD2E408913A7
0D093023E39B84E3C90CDAEE1621E6AD0AF503FFFFFFFFFFFC9FFF0000ED161E1642BD2E408903BF
0D093C23E3A884E36D0CDAFC1621ECAD0AF503FFFFFFFFFFFC8FFF0000E9161E1642BD2E408903D7
0D098823E40E84E2E90CDB3F16221CAD1AF503FFFFFFFFFFFC9FFF0000EC161E1642BD2E408903EF
0D0A2323E4D384E2750CDBDF16228BAD2AF503FFFFFFFFFFFC9FFF0000F1161E1642BD2D40890307
0D0A5523E50F84E2390CDC131622AEAD2AF503FFFFFFFFFFFC8FFF0000EE161E1642BD2D4089031F
0D0A7423E53784E1F10CDC301622C7AD2AF503FFFFFFFFFFFC9FFF0000EA161E1642BD2D40890337
0D0A9623E56984E1900CDC521622DDAD1AF503FFFFFFFFFFFC9FFF0000EC161E1642BD2D4089034F
0D0AD723E5B384E1130CDC90162305AD1AF603FFFFFFFFFFFC7FFF0000F2161E1642BD2C40890367
0D0AF023E5CB84E0990CDCAB162312AD2AF603FFFFFFFFFFFC8FFF0000F0161E1642BD2C4088F37F
0D0B0123E5D484E0490CDCBA162316AD3AF703FFFFFFFFFFFC8FFF0000F3161E1642BD2C4088F397
0D0B0E23E5E184E0050CDCC616231EAD3AF703FFFFFFFFFFFC7FFF0000EC161E1642BD2C4088E3AF
0D0B2723E60184DFA10CDCE1162330AD4AF703FFFFFFFFFFFC8FFF0000E1161E1642BD2B4088E3C7
0D0B5723E63A84DF370CDD1116234FAD4AF803FFFFFFFFFFFC7FFF0000E8161E1642BD2B4088E3DF
0D0B8223E67284DEDC0CDD3D16236CAD4AF903FFFFFFFFFFFC9FFF0000ED161E1642BD2B4088E3F7
0D0BE323E6F784DE7A0CDD9A1623B1AD4AF903FFFFFFFFFFFC9FFF0000F2161E1642BD2B4088E30F
0D0C8523E7CD84DE210CDE3A162424AD5AF903FFFFFFFFFFFC8FFF0000F2161E1642BD2A4088E327
0D0CA523E7EE84DDC00CDE59162438AD5AF903FFFFFFFFFFFC9FFF0000F0161E1642BD2A4088E33F
0D0CAC23E7EF84DD4E0CDE62162438AD5AF903FFFFFFFFFFFC7FFF0000EE161E1642BD2A4088E357
0D0CC023E7FE84DCF50CDE7416243EAD4AF903FFFFFFFFFFFC7FFF0000EC161E1642BD2A4088E36F
0D0CCF23E80984DCBC0CDE82162445AD5AFA03FFFFFFFFFFFC8FFF0000E2161E1642BD294088D387
0D0CE023E82584DC5E0CDE95162453AD6AFB03FFFFFFFFFFFC8FFF0000EA161E1642BD294088D39F
0D0D0023E84684DBE40CDEB4162464AD7AFB03FFFFFFFFFFFC8FFF0000F1161E1642BD294088D3B7
0D0D3623E88984DB7E0CDEE9162489AD7AFC03FFFFFFFFFFFC8FFF0000F0161E1642BD294088C3CF
0D0DC423E94784DB160CDF721624EEAD7AFC03FFFFFFFFFFFC8FFF0000F8161E1642BD284088C3E7
0D0DF323E97D84DAAA0CDFA316250CAD8AFC03FFFFFFFFFFFC8FFF0000EA161E1642BD284088C3FF
0D0DF723E97A84DA6B0CDFA9162509AD8AFC03FFFFFFFFFFFC8FFF0000EF161E1642BD284088C317
0D0DFD23E97D84DA2F0CDFAD16250DAD8AFD03FFFFFFFFFFFC7FFF0000E7161E1642BD284088C32F
0D0DFF23E97484D9C70CDFAF16250AAD9AFD03FFFFFFFFFFFC8FFF0000EB161E1642BD284088C347
0D0E0323E97484D9440CDFB3162506AD8AFD03FFFFFFFFFFFC7FFF0000EE161E1642BD274088C35F
0D0E1023E97684D8D90CDFBF162507AD8AFD03FFFFFFFFFFFC8FFF0000FA161E1542BD274088C377
0D0E1B23E97B84D88C0CDFCB16250CAD9AFE03FFFFFFFFFFFC8FFF0000FA161E1542BD274088C38F
0D0E5223E9C784D82E0CE002162533AD9AFE03FFFFFFFFFFFC8FFF0000F6161E1542BD264088B3A7
0D0E7F23E9FA84D7C50CE02E162550ADAAFD03FFFFFFFFFFFC8FFF0000F0161E1542BD264088A3BF
0D0EA423EA1F84D7770CE051162563ADAAFE03FFFFFFFFFFFC8FFF0000E6161E1542BD264088B3D7
0D0ED523EA6584D7270CE081162586ADAAFE03FFFFFFFFFFFC8FFF0000E8161E1542BD264088B3EF
0D0F4523EAFE84D6B80CE0ED1625D6ADAAFE03FFFFFFFFFFFC7FFF0000F6161E1542BD254088B307
0D0F9D23EB6A84D6490CE13B162609ADAAFE03FFFFFFFFFFFC7FFF0000FB161E1542BD254088A31F
0D0FB423EB7884D5E40CE15C16261EADAAFF03FFFFFFFFFFFC7FFF0000FD161E1542BD254088A337
0D0FC923EB9484D57C0CE171162629ADAAFF03FFFFFFFFFFFC8FFF0000FA161E1542BD254088A34F
0D0FD823EB9B84D5330CE186162630ADAAFF03FFFFFFFFFFFC8FFF0000EC161E1542BD244088A367
0D100323EBD684D4F50CE1BA162658ADBB0003FFFFFFFFFFFC8FFF0000EE161E1542BD244088A37F
0D105523EC4484D48A0CE1FE162689ADCB0003FFFFFFFFFFFC8FFF0000EC161E1542BD244088A397
0D108023EC7684D4150CE2291626A2ADDB0003FFFFFFFFFFFC8FFF0000F4161E1542BD244088A3AF
0D109023EC8084D3B20CE2381626A8ADDB0003FFFFFFFFFFFC7FFF0000FA161E1542BD244088A3C7
0D109E23EC8984D3430CE2461626AEADDB0003FFFFFFFFFFFC8FFF0000FE161E1542BD23408893DF
0D10C923ECBC84D2E10CE26E1626C8ADDB0003FFFFFFFFFFFC8FFF0000FC161E1542BD23408893F7
0D10DB23ECC784D2A40CE2821626D1ADEB0003FFFFFFFFFFFC7FFF0000F5161E1542BD234088930F
0D10F623ECEF84D2580CE29C1626E5ADEB0103FFFFFFFFFFFC7FFF0000E8161E1542BD2340889327
0D113123ED3F84D1F10CE2D616270EADEB0103FFFFFFFFFFFC8FFF0000E7161E1542BD224088833F
0D118C23EDB684D1840CE32F16274CADDB0103FFFFFFFFFFFC8FFF0000ED161E1542BD2240888357
0D122C23EE9084D1130CE3C51627BBADEB011A0FFFFFFFFFFC8FFF0000FC161E1542BD224088836F
0D126C23EEDC84D0A40CE40D1627EBADFB023F8FFFFFFFFFFC8FFF0000FF161E1542BD2140888387
0D129223EF0284D0580CE432162800AE0B0203FFFFFFFFFFFC8FFF0000F6161E1542BD214088839F
0D129B23EF0984D0110CE439162805AE0B0203FFFFFFFFFFFC8FFF0000F7161E1542BD21408883B7
0D12A723EF1584CFAF0CE44716280CAE0B0303FFFFFFFFFFFC9FFF0000EB161E1542BD21408883CF
0D12B223EF1B84CF430CE45316280EAE1B0403FFFFFFFFFFFC9FFF0000EC161E1542BD21408883E7
0D12B723EF1684CEE40CE45716280BAE1B0403FFFFFFFFFFFC7FFF0000F5161E1542BD20408883FF
0D12BB23EF1484CE8D0CE45E16280CAE1B0403FFFFFFFFFFFC7FFF0000FA161E1542BD2040887317
0D12D523EF3284CE2B0CE47316281AAE2B0403FFFFFFFFFFFC7FFF0000F7161E1442BD204088632F
0D132523EF9B84CDC30CE4C3162850AE2B0403FFFFFFFFFFFC7FFF0000F9161E1442BD2040886347
0D136723EFEA84CD6B0CE50416287BAE2B0403FFFFFFFFFFFC7FFF0000F7161E1442BD1F4088735F
0D137923EFF984CD1B0CE515162884AE2B0403FFFFFFFFFFFC8FFF0000EE161E1442BD1F40886377
0D139A23F02684CCB50CE53816289CAE3B0503FFFFFFFFFFFC8FFF0000F6161E1442BD1F4088638F
0D13C223F04C84CC4E0CE55A1628AFAE3B0503FFFFFFFFFFFC8FFF0000F6161E1442BD1F408863A7
0D13D123F05C84CBFC0CE56D1628B7AE4B0503FFFFFFFFFFFC8FFF0000EE161E1442BD1E408863BF
0D142923F0D784CB950CE5CD1628FEAE3B0503FFFFFFFFFFFC7FFF0000FB161E1442BD1E408863D7
0D147823F13484CB250CE60F16292AAE3B0503FFFFFFFFFFFC7FFF0000F5161E1442BD1E408863EF
0D149223F14984CADD0CE62C162939AE3B0503FFFFFFFFFFFC8FFF0000F8161E1442BD1E40885307
0D149323F14884CA8C0CE62E162939AE3B0603FFFFFFFFFFFC8FFF0000F6161E1442BD1D4088531F
0D149723F14684CA160CE630162935AE4B0603FFFFFFFFFFFC8FFF0000F0161E1442BD1D40885337
0D14A723F14F84C9B50CE63E16293AAE5B0703FFFFFFFFFFFC8FFF0000FA161E1442BD1D4088434F
0D14C923F17784C9690CE661162951AE5B0703FFFFFFFFFFFC7FFF0000FD161E1442BD1D40884367
0D14F823F1B084C8F70CE69016296FAE5B0703FFFFFFFFFFFC6FFF0000FF161E1442BD1C4088437F
0D154523F21B84C88D0CE6DB1629A5AE5B0703FFFFFFFFFFFC7FFF0000FD161E1442BD1C40884397
0D157823F25384C8490CE70F1629C4AE6B0703FFFFFFFFFFFC6FFF0000F7161E1442BD1C408843AF
0D159623F27C84C7F30CE72C1629DBAE6B0803FFFFFFFFFFFC7FFF0000F5161E1442BD1C408843C7
0D15C723F2B884C78C0CE75D1629FDAE6B0903FFFFFFFFFFFC7FFF0000F8161E1442BD1B408843DF
0D161723F32484C7280CE7AC162A34AE7B0903FFFFFFFFFFFC7FFF0000FA161E1442BD1B408843F7
0D164523F35484C6B70CE7D8162A4FAE7B0903FFFFFFFFFFFC7FFF0000F6161E1442BD1B4088430F
0D167023F38484C6470CE803162A68AE7B0903FFFFFFFFFFFC7FFF000103161E1442BD1B40883327
0D168423F39784C5FB0CE818162A72AE7B0A03FFFFFFFFFFFC8FFF0000FE161E1442BD1A4088233F
0D169123F3A284C5BE0CE824162A79AE7B0A03FFFFFFFFFFFC8FFF0000F1161E1442BD1A40883357
0D169A23F3AB84C55C0CE82E162A7EAE7B0A03FFFFFFFFFFFC8FFF0000E8161E1442BD1A4088236F
0D16AA23F3B684C4E70CE83E162A84AE8B0B03FFFFFFFFFFFC7FFF0000F7161E1442BD1A40882387
0D16B723F3BD84C4860CE848162A86AE8B0B03FFFFFFFFFFFC7FFF0000FE161E1442BD194088239F
0D16CD23F3D484C4230CE861162A94AE9B0B03FFFFFFFFFFFC9FFF000103161E1442BD19408823B7
0D16EE23F3F984C3B40CE880162AA6AE8B0B03FFFFFFFFFFFC8FFF000102161E1342BD19408823CF
0D16FF23F40184C3680CE890162AABAE8B0B03FFFFFFFFFFFC7FFF0000FA161E1342BD19408823E7
0D16FF23F3FC84C31E0CE890162AA9AE8B0C03FFFFFFFFFFFC8FFF0000F3161E1342BD19408823FF
0D171323F41584C2B40CE8A5162AB5AE9B0B03FFFFFFFFFFFC7FFF0000EA161E1342BD1840882317
0D176423F47B84C2570CE8F6162AEDAE9B0B03FFFFFFFFFFFC7FFF0000F3161E1342BD184088132F
0D179F23F4C384C1FD0CE92E162B14AE9B0B03FFFFFFFFFFFC7FFF0000F4161E1342BD1840882347
0D17CF23F50184C18C0CE95E162B33AE8B0B03FFFFFFFFFFFC7FFF0000FD161E1342BD174088135F
0D184723F5A284C11E0CE9D6162B8AAE8B0C03FFFFFFFFFFFC7FFF0000FF161E1342BD1740880377
0D189823F60584C0BB0CEA25162BBFAE8B0B03FFFFFFFFFFFC7FFF0000FD161E1342BD174088138F
0D18AD23F61584C06D0CEA39162BC9AE8B0C03FFFFFFFFFFFC6FFF0000E9161E1342BD17408803A7
0D18BC23F62584C0330CEA47162BD2AE9B0C03FFFFFFFFFFFC6FFF0000EE161E1342BD17408803BF
0D18EA23F66984BFD20CEA76162BF4AEAB0C03FFFFFFFFFFFC7FFF0000E9161E1342BD16408803D7
0D191E23F69F84BF560CEAA9162C12AEAB0D03FFFFFFFFFFFC7FFF0000F8161E1342BD16408803EF
0D193C23F6C184BEE30CEAC6162C22AEAB0E03FFFFFFFFFFFC9FFF0000F5161E1342BD1640880307
0D196423F6EB84BE820CEAEB162C3AAEAB0E03FFFFFFFFFFFC8FFF0000FC161E1342BD164088031F
0D197B23F70484BE380CEB02162C47AEBB0E03FFFFFFFFFFFC8FFF0000FA161E1342BD154087F337
0D19A223F73884BDEB0CEB2A162C63AEBB0F03FFFFFFFFFFFC8FFF0000E5161E1342BD154087F34F
0D19E123F78B84BD8C0CEB6B162C91AECB0F03FFFFFFFFFFFC7FFF0000EE161E1342BD1540880367
0D1A2B23F7E884BD240CEBB3162CC1AECB1003FFFFFFFFFFFC9FFF0000F1161E1342BD154087F37F
0D1A4A23F80784BCB80CEBCF162CD2AECB1003FFFFFFFFFFFC9FFF0000F7161E1342BD144087E397
0D1A6123F81E84BC570CEBE6162CDEAEDB1003FFFFFFFFFFFC8FFF0000FB161E1342BD144087F3AF
0D1A7123F82784BC0D0CEBF3162CE5AEDB1003FFFFFFFFFFFC7FFF0000FA161E1342BD144087F3C7
0D1A8823F84484BBB50CEC0E162CF5AEEB1103FFFFFFFFFFFC8FFF0000F6161E1242BD144087E3DF
0D1AB623F87E84BB370CEC3E162D13AEEB1103FFFFFFFFFFFC8FFF0000ED161E1242BD134087E3F7
0D1B4C23F94A84BACE0CECCD162D7AAEEB1103FFFFFFFFFFFC8FFF0000F2161E1242BD134087E30F
0D1BA623F9B784BA920CED28162DB9AEEB1103FFFFFFFFFFFC8FFF0000F2161E1242BD134087E327
0D1BB523F9CD84BA390CED37162DC4AEEB1103FFFFFFFFFFFC8FFF0000EC161E1242BD134087E33F
0D1BDD23F9FB84B9C90CED5D162DDDAEFB1203FFFFFFFFFFFC9FFF0000F3161E1242BD124087E357
0D1C5723FAA184B9630CEDDA162E38AF1B1203FFFFFFFFFFFC8FFF0000EF161E1242BD124087D36F
0D1C9823FAEF84B9040CEE16162E5EAF2B1303FFFFFFFFFFFC8FFF0000F6161E1242BD124087C387
0D1CA723FAFB84B8A30CEE24162E64AF2B1303FFFFFFFFFFFC8FFF0000F4161E1242BD124087C39F
0D1CBE23FB1284B8470CEE3B162E72AF2B1403FFFFFFFFFFFC8FFF0000EC161E1242BD114087C3B7
0D1CF623FB6784B7F80CEE75162E9FAF3B1403FFFFFFFFFFFC7FFF0000F1161E1242BD114087C3CF
0D1DBF23FC6F84B7960CEF39162F2BAF3B1403FFFFFFFFFFFC7FFF0000EA161E1242BD114087C3E7
0D1DCF23FC7A84B7240CEF4A162F35AF3B1403FFFFFFFFFFFC7FFF0000F3161E1242BD114087C3FF
0D1DD723FC7D84B6C20CEF52162F35AF4B1503FFFFFFFFFFFC7FFF0000F6161E1242BD104087C317
0D1DE623FC8784B6750CEF65162F3FAF4B1503FFFFFFFFFFFC7FFF0000F4161E1242BD104087C32F
0D1E0123FCA784B61B0CEF79162F4CAF4B1603FFFFFFFFFFFC7FFF0000E9161E1242BD104087C347
0D1E1823FCC284B5AD0CEF91162F58AF4B161A1FFFFFFFFFFC7FFF0000F6161E1242BD104087C35F
0D1E3523FCDE84B5470CEFAC162F66AF4B17A9AFFFFFFFFFFC8FFF0000F2161E1242BD0F4087C377
0D1E5823FD0284B4F50CEFCE162F7DAF4B177D1FFFFFFFFFFC8FFF0000F4161E1242BD0F4087B38F
0D1E7023FD2084B4A10CEFE7162F8DAF3B1803FFFFFFFFFFFC7FFF0000F0161E1142BD0F4087B3A7
0D1EA223FD6084B44B0CF01B162FAEAF3B1703FFFFFFFFFFFC7FFF0000E9161E1142BD0F4087A3BF
0D1EC223FD8184B3DF0CF03A162FC0AF4B1703FFFFFFFFFFFC8FFF0000F3161E1142BD0F4087A3D7
0D1ECF23FD8684B36D0CF046162FC3AF4B17187FFFFFFFFFFC8FFF0000F7161E1142BD0E4087A3EF
0D1EFD23FDC084B3160CF074162FE2AF5B17840FFFFFFFFFFC8FFF0000EC161E1142BD0E4087A307
0D1F4F23FE2C84B2B30CF0C516301BAF5B1816BFFFFFFFFFFC7FFF0000F8161E1142BD0E4087A31F
0D1F9523FE8484B24F0CF10A16304AAF5B17B34FFFFFFFFFFC8FFF0000F2161E1142BD0E4087A337
0D1FCB23FEC684B20E0CF13E16306CAF5B18191FFFFFFFFFFC8FFF0000DE161E1142BD0D4087A34F
0D200A23FF1C84B1AC0CF17E16309CAF5B1803FFFFFFFFFFFC9FFF0000EF161E1142BD0D4087A367
0D20B424000E84B1300CF221163117AF6B192EEFFFFFFFFFFC9FFF0000F5161E1142BD0D4087A37F
0D21482400C284B0D10CF2B416317CAF6B19B59FFFFFFFFFFC8FFF0000F8161E1142BD0C40879397
0D21542400CF84B0870CF2C2163186AF6B1903CFFFFFFFFFFC7FFF0000F8161E1142BD0C4087A3AF
0D21732400F884B01E0CF2E116319AAF7B1A03FFFFFFFFFFFC7FFF0000F1161E1142BD0C408793C7
0D218C24011184AFB50CF2F91631A5AF7B1A03FFFFFFFFFFFC7FFF0000F6161E1142BD0C408783DF
0D219C24011B84AF5C0CF3081631AEAF9B1B03FFFFFFFFFFFC8FFF0000F6161E1142BD0C408783F7
0D21B524013784AF020CF3221631BDAF9B1C527FFFFFFFFFFC8FFF0000F0161E1142BD0B4087830F
0D21D524016284AEA40CF3431631D2AFAB1C305FFFFFFFFFFC8FFF0000EA161E1042BD0B40878327
0D229424027084AE4C0CF402163263AFAB1C03FFFFFFFFFFFC7FFF0000F9161E1042BD0B4087833F
0D231924031A84ADF00CF4831632BFAFAB1C03FFFFFFFFFFFC7FFF0000FC161E1042BD0B40878357
0D23932403C184AD840CF4FB163318AFBB1D03FFFFFFFFFFFC8FFF0000FB161E1042BD0A4087836F
0D23DA24041684AD180CF541163345AFCB1D03FFFFFFFFFFFC8FFF000101161E1042BD0A40878387
0D242524048784ACB40CF58D16337EAFDB1E6F0FFFFFFFFFFC8FFF0000FF161E1042BD0A4087839F
0D24F624059584AC680CF65416340FAFEB1E396FFFFFFFFFFC7FFF0000F7161E1042BD0A408763B7
0D25182405C384AC220CF679163428AFEB1F76EFFFFFFFFFFC8FFF0000F6161E1042BD09408783CF
0D25372405E784ABBF0CF69A16343FAFEB20734FFFFFFFFFFC7FFF0000FA161E1042BD09408783E7
0D255C24061984AB4A0CF6BD163456AFFB2003FFFFFFFFFFFC8FFF000108161E1042BD09408763FF
0D25EA2406D584AADC0CF7461634B9AFFB21049FFFFFFFFFFC9FFF000106161E1042BD0940876317
0D262E24072684AA7B0CF78C1634E8AFFB229D7FFFFFFFFFFC8FFF00010D161E1042BD084087632F
0D264824074084AA320CF7A81634F8AFFB22471FFFFFFFFFFC7FFF000103161E1042BD0840876347
0D266524076584A9EA0CF7C516350EB00B2303FFFFFFFFFFFC7FFF0000FD161E1042BD084087635F
0D266E24076C84A9800CF7CC16350DB01B2303FFFFFFFFFFFC8FFF0000FC161E1042BD0840876377
0D267424076784A90F0CF7D016350BB01B2403FFFFFFFFFFFC8FFF000108161E0F42BD074087638F
0D267A24076484A8BA0CF7D616350BB02B241EBFFFFFFFFFFC8FFF00010A161E0F42BD07408753A7
0D267B24076284A8670CF7D9163508B03B246FFFFFFFFFFFFC9FFF000114161E0F42BD07408763BF
0D267C24075A84A8000CF7DA163505B03B2503FFFFFFFFFFFC8FFF00010F161E0F42BD07408753D7
0D268124075284A78B0CF7DE163502B03B2503FFFFFFFFFFFC7FFF000114161E0F42BD06408753EF
0D26A224077584A7280CF7FD163510B02B2503FFFFFFFFFFFC7FFF00010E161E0F42BD0640874307
0D26B224078684A7020CF81216351CB01B2503FFFFFFFFFFFC8FFF00010A161E0F42BD064087431F
0D270424080184A6B20CF86016355EB01B2531DFFFFFFFFFFC8FFF00010D161E0F42BD0640874337
0D27DD24092584A61E0CF9281635ECB01B258AEFFFFFFFFFFC7FFF00010B161E0F42BD054087434F
0D28732409E984A5A80CF9C916365FB02B2503FFFFFFFFFFFC7FFF000117161E0F42BD0540874367
0D28C2240A4D84A5680CFA18163697B03B2503FFFFFFFFFFFC8FFF000115161E0F42BD054087437F
0D28F3240A9484A50E0CFA4A1636BDB03B2503FFFFFFFFFFFC8FFF000114161E0F42BD0540874397
0D291B240AC284A4AF0CFA711636D6B04B2605EFFFFFFFFFFC7FFF000111161E0F42BD04408743AF
0D298F240B6184A4620CFAE516372CB05B2750CFFFFFFFFFFC6FFF000107161E0F42BD04408743C7
0D29F6240BE484A3F50CFB4C163775B05B279FAFFFFFFFFFFC8FFF00010E161E0F42BD04408743DF
0D29F4240BDA84A37E0CFB4516376AB06B2803FFFFFFFFFFFC9FFF000117161E0E42BD04408733F7
0D2A16240BF884A32D0CFB6416377CB07B28048FFFFFFFFFFC8FFF00011A161E0E42BD034087330F
0D2A21240C0B84A2DA0CFB72163786B08B2871DFFFFFFFFFFC9FFF00010C161E0E42BD0340873327
0D2A65240C6284A2730CFBB51637B6B08B2970FFFFFFFFFFFC8FFF000115161E0E42BD034087233F
0D2A9B240CA484A2150CFBEB1637D6B08B2903FFFFFFFFFFFC8FFF00010B161E0E42BD0340873357
0D2AE3240D0384A1BC0CFC3116380AB09B2A03FFFFFFFFFFFC8FFF000113161E0E42BD034087236F
0D2B3D240D7C84A1590CFC8C16384BB09B2A03FFFFFFFFFFFC8FFF000113161E0E42BD0240872387
0D2B7E240DC684A0F00CFCC9163872B09B2B0FCFFFFFFFFFFC7FFF00011C161E0E42BD024087239F
0D2B9F240DE984A09C0CFCE9163887B0AB2B6C3FFFFFFFFFFC7FFF00011A161E0E42BD02408723B7
0D2BBD240E1484A0490CFD0716389BB0AB2C03DFFFFFFFFFFC8FFF00010F161E0E42BD02408723CF
0D2C01240E6A849FE30CFD4C1638CAB0AB2C03FFFFFFFFFFFC7FFF000113161E0E42BD01408713E7
0D2C20240E8A849F7E0CFD6B1638DCB0AB2D03FFFFFFFFFFFC7FFF000110161E0E42BD01408713FF
0D2C38240EA1849F380CFD831638ECB0BB2D03FFFFFFFFFFFC8FFF00011B161E0E42BD0140872317
0D2C6C240EE8849ED30CFDB116390DB0BB2D1E3FFFFFFFFFFC9FFF000119161E0E42BD014087032F
0D2CA5240F2B849E4F0CFDED163930B0CB2E960FFFFFFFFFFC7FFF000120161E0D42BD0040870347
0D2CF7240F96849DF00CFE3E163969B0DB2E03CFFFFFFFFFFC7FFF00011C161E0D42BD004087135F
0D2D45240FF6849DB50CFE8816399DB0DB2E03FFFFFFFFFFFC8FFF00010E161E0D42BD0040870377
0D2D84241056849D6C0CFECB1639D3B0EB2F03FFFFFFFFFFFC8FFF000113161E0D42BD004087038F
0D2DEC2410DE849D140CFF31163A1BB0DB2E03FFFFFFFFFFFC8FFF000110161E0D42BD00408703A7
0D2E1424110D849CA90CFF59163A35B0DB2F196FFFFFFFFFFC8FFF00011E161E0D42BCFF408703BF
0D2E992411C2849C1E0CFFD8163A92B0DB2F8B4FFFFFFFFFFC7FFF000124161E0D42BCFF408703D7
0D2F462412AA849BAF0D0086163B0FB0DB2F03CFFFFFFFFFFC8FFF000125161E0D42BCFF408703EF
0D2F852412F6849B850D00CA163B3BB0EB2F03FFFFFFFFFFFC8FFF00011E161E0D42BCFE40870307
0D2F9B241316849B400D00DA163B4BB0EB2F03FFFFFFFFFFFC8FFF000115161E0D42BCFE4086F31F
0D2FB8241337849AD60D00F7163B5EB0FB3003FFFFFFFFFFFC8FFF000110161E0D42BCFE4086F337
0D2FC8241344849A700D0107163B64B10B312BAFFFFFFFFFFC8FFF000112161E0D42BCFE4086F34F
0D2FCA24133D849A080D0108163B5FB10B31B19FFFFFFFFFFC6FFF00011E161E0D42BCFE4086E367
0D30012413848499A50D013E163B84B11B3203CFFFFFFFFFFC6FFF000124161E0C42BCFD4086F37F
0D302B2413B38499470D0167163B9DB11B3203FFFFFFFFFFFC9FFF00011F161E0C42BCFD4086E397
0D302D2413AA8498E50D0169163B9AB11B3303FFFFFFFFFFFC8FFF000124161E0C42BCFD4086E3AF
0D30312413AB84988B0D016D163B97B10B3203FFFFFFFFFFFC7FFF00011D161E0C42BCFD4086E3C7
0D30582413D88498420D0193163BB2B10B32602FFFFFFFFFFC7FFF000112161E0C42BCFC4086E3DF
0D30D624148F8497EF0D0211163C15B10B33368FFFFFFFFFFC8FFF000112161E0C42BCFC4086E3F7
0D31752415598497970D02AC163C81B10B3303FFFFFFFFFFFC8FFF000119161E0C42BCFC4086E30F
0D317B24155A8497250D02B6163C83B10B3303FFFFFFFFFFFC8FFF00011B161E0C42BCFC4086D327
0D31AC2415978496A80D02E1163C9EB10B3303FFFFFFFFFFFC8FFF000126161E0C42BCFB4086D33F
0D323524164A8496510D0372163D06B11B3403FFFFFFFFFFFC8FFF000126161E0C42BCFB4086D357
0D32A02416D88496160D03D4163D4DB12B3491BFFFFFFFFFFC9FFF000119161E0C42BCFB4086D36F
0D32F124174F8495C30D042A163D90B12B35444FFFFFFFFFFC9FFF000112161E0C42BCFB4086D387
0D333D2417AD8495630D0470163DBFB14B3503FFFFFFFFFFFC7FFF000115161E0C42BCFA4086D39F
0D33582417CD8494FE0D048B163DD1B15B3503FFFFFFFFFFFC7FFF00011A161E0C42BCFA4086C3B7
0D339524181884948D0D04C6163DF6B16B3603FFFFFFFFFFFC8FFF000122161E0B42BCFA4086C3CF
0D33B724183A84942D0D04E7163E0BB17B36137FFFFFFFFFFC7FFF000125161E0B42BCFA4086C3E7
0D34052418AA8493E30D0536163E47B17B3781BFFFFFFFFFFC8FFF000122161E0B42BCF94086C3FF
0D347824193F8493830D05A7163E99B17B3703CFFFFFFFFFFC8FFF00011C161E0B42BCF94086C317
0D348F2419578493200D05BC163EA2B17B3703FFFFFFFFFFFC8FFF000111161E0B42BCF94086C32F
0D34AD2419798492D00D05D9163EB5B17B3803FFFFFFFFFFFC8FFF00011A161E0B42BCF94086C347
0D34DC2419B38492760D060A163ED4B17B3803FFFFFFFFFFFC8FFF000114161E0B42BCF94086A35F
0D34FA2419D58492160D0626163EE7B18B3903FFFFFFFFFFFC8FFF00011D161E0B42BCF84086A377
0D3524241A078491AA0D0651163F03B18B3903FFFFFFFFFFFC9FFF000119161E0B42BCF84086A38F
0D354B241A3484913D0D0678163F1AB19B3A03FFFFFFFFFFFC9FFF000115161E0B42BCF84086A3A7
0D35A6241AAF8490ED0D06D1163F5AB18B3A03FFFFFFFFFFFC8FFF000121161E0B42BCF74086A3BF
0D365B241BAF8490A60D0787163FE4B18B3A03FFFFFFFFFFFC8FFF00010F161E0B42BCF74086A3D7
0D36CD241C3F8490490D07F4164033B18B3A03FFFFFFFFFFFC8FFF000117161E0B42BCF74086A3EF
0D36E9241C5E848FEA0D080C164042B18B3B03FFFFFFFFFFFC7FFF000117161E0A42BCF74086A307
0D36F6241C6B848F7E0D081D164049B19B3B03FFFFFFFFFFFC7FFF000118161E0A42BCF74086A31F
0D3727241CA5848F170D0849164064B19B3C040FFFFFFFFFFC7FFF00011D161E0A42BCF64086A337
0D373F241CBF848EC80D0867164078B1AB3D03FFFFFFFFFFFC7FFF000121161E0A42BCF64086A34F
0D377E241D15848E660D089B16409EB1BB3D03FFFFFFFFFFFC7FFF00011F161E0A42BCF64086A367
0D37E5241D96848E0A0D09071640E8B1CB3D03FFFFFFFFFFFC7FFF00011B161E0A42BCF64086A37F
0D3833241DFE848DC40D0951164120B1CB3D03FFFFFFFFFFFC9FFF00011A161E0A42BCF540869397
0D385F241E33848D5E0D097E16413CB1CB3D03FFFFFFFFFFFC8FFF000114161E0A42BCF5408683AF
0D38C0241EBC848CED0D09E3164187B1CB3D03FFFFFFFFFFFC7FFF000114161E0A42BCF5408683C7
0D3972241FA6848CA10D0A90164204B1DB3E03FFFFFFFFFFFC7FFF00011A161E0A42BCF5408683DF
0D39AA241FEC848C450D0AC616422AB1DB3E03FFFFFFFFFFFC7FFF000114161E0A42BCF4408683F7
0D39BE242001848BCD0D0ADB164234B1DB3F03FFFFFFFFFFFC7FFF00011F161E0A42BCF44086830F
0D39D924201D848B730D0AF216423FB1EB3F03FFFFFFFFFFFC8FFF000119161E0A42BCF440868327
0D39FD24204A848B290D0B1B16425EB1EB4003FFFFFFFFFFFC7FFF00011B161E0A42BCF44086833F
0D3A592420C3848AC30D0B7416429EB1FB4003FFFFFFFFFFFC7FFF000110161E0942BCF340868357
0D3A6F2420D7848A620D0B881642A7B1FB4003FFFFFFFFFFFC8FFF000110161E0942BCF34086836F
0D3A7F2420E4848A1E0D0B981642AFB1FB4003FFFFFFFFFFFC7FFF000118161E0942BCF340868387
0D3AB424212C8489B90D0BCF1642D6B1FB41040FFFFFFFFFFC7FFF00011B161E0942BCF34086839F
0D3ACF24214884893F0D0BE81642E0B20B4203FFFFFFFFFFFC8FFF00011F161E0942BCF2408663B7
0D3B002421818488DC0D0C18164301B21B4203FFFFFFFFFFFC8FFF00011F161E0942BCF2408663CF
0D3B222421AA8488880D0C3A164317B22B4303FFFFFFFFFFFC7FFF00011E161E0942BCF2408663E7
0D3B5C2421F784882C0D0C76164342B22B4203FFFFFFFFFFFC7FFF00011D161E0942BCF2408663FF
0D3BEA2422BA8487CA0D0D011643AAB22B4303FFFFFFFFFFFC8FFF000114161E0942BCF140866317
0D3C5C24234B8487730D0D6F1643F6B23B4307FFFFFFFFFFFC8FFF000115161E0942BCF14086632F
0D3C8A24238484871A0D0D9E164416B23B43B16FFFFFFFFFFC8FFF000111161E0942BCF140866347
0D3CB22423B58486B90D0DC616442FB24B4303FFFFFFFFFFFC8FFF000115161E0942BCF14086635F
0D3CC82423CB8486570D0DDB16443AB24B4403FFFFFFFFFFFC8FFF000120161E0942BCF040866377
0D3CE02423DE8485F40D0DF2164447B24B4403FFFFFFFFFFFC8FFF000122161E0942BCF04086638F
0D3D0624240F8485850D0E1716445EB24B4403FFFFFFFFFFFC8FFF00011D161E0842BCF0408663A7
0D3D4B24246484852D0D0E5C16448FB24B4403FFFFFFFFFFFC8FFF00011E161E0842BCF0408643BF
0D3D782424A08484EF0D0E8F1644B2B25B4403FFFFFFFFFFFC7FFF000114161E0842BCEF408643D7
0D3E0C24256984849C0D0F1B16451CB25B4503FFFFFFFFFFFC7FFF000118161E0842BCEF408643EF
0D3E592425D084842E0D0F6616454FB24B4503FFFFFFFFFFFC7FFF00011B161E0842BCEF40864307
0D3EC52426608483BF0D0FCF16459AB25B4603FFFFFFFFFFFC7FFF000118161E0842BCEF4086431F
0D3EEE24268D8483680D0FF71645B2B26B4603FFFFFFFFFFFC7FFF00011C161E0842BCEE40864337
0D3F0A2426AF8483180D10151645C8B26B4703FFFFFFFFFFFC7FFF00011E161E0842BCEE4086434F
0D3F4D2427048482B70D10591645F6B27B4803FFFFFFFFFFFC7FFF000120161E0842BCEE40864367
0D3F7524273484825A0D107D16460DB28B4803FFFFFFFFFFFC8FFF000113161E0842BCEE4086437F
0D3FBA2427948482030D10C5164642B28B4903FFFFFFFFFFFC8FFF00010D161E0842BCED40864397
0D406724288384819E0D116F1646C0B29B4903FFFFFFFFFFFC7FFF00011C161E0842BCED408643AF
0D40CC2428FD84814B0D11D0164703B2AB4A03FFFFFFFFFFFC8FFF00011D161E0842BCED408643C7
0D40E22429198480F60D11E6164711B2AB4A03FFFFFFFFFFFC8FFF00011F161E0842BCED408643DF
0D40F624292C8480820D11FB16471EB2AB4A03FFFFFFFFFFFC7FFF00011F161E0742BCEC408623F7
0D41552429AE8480220D125816475FB2BB4A03FFFFFFFFFFFCAFFF000117161E0742BCEC4086230F
0D41A3242A13847FD20D12A916479BB2CB4B03FFFFFFFFFFFC8FFF000117161E0742BCEC40862327
0D4226242AC3847F710D13281647F8B2CB4C03FFFFFFFFFFFC8FFF00011E161E0742BCEC4086233F
0D4250242AF4847F160D135016480EB2CB4C03FFFFFFFFFFFC8FFF000119161E0742BCEC40862357
0D429F242B5E847ECB0D13A016484CB2DB4C03FFFFFFFFFFFC7FFF000107161E0742BCEB4086236F
0D4313242BF9847E670D141316489EB2DB4D03FFFFFFFFFFFC8FFF000110161E0742BCEB40862387
0D4346242C3D847E010D14431648BEB2DB4E03FFFFFFFFFFFC8FFF000116161E0742BCEB4086239F
0D4389242C90847DAE0D14851648EDB2EB4E03FFFFFFFFFFFC7FFF00011D161E0742BCEB408623B7
0D43E2242D06847D4D0D14DF16492DB2FB4E03FFFFFFFFFFFC7FFF000117161E0742BCEA408613CF
0D4417242D43847CDC0D151016494DB2FB4F03FFFFFFFFFFFC7FFF00011C161E0742BCEA408623E7
0D4430242D5C847C810D152716495AB30B4F03FFFFFFFFFFFC9FFF000113161E0742BCEA408613FF
0D4457242D8D847C410D154C164972B30B4F03FFFFFFFFFFFC8FFF000113161E0742BCEA40860317
0D4476242DB6847BF40D156E16498AB31B5003FFFFFFFFFFFC8FFF00010A161E0742BCE94086032F
0D449B242DE2847B8F0D15911649A0B31B5003FFFFFFFFFFFC8FFF000112161E0742BCE940860347
0D44FC242E69847B200D15F31649E7B31B5103FFFFFFFFFFFC8FFF000113161E0642BCE94086035F
0D4554242ED4847ABB0D1647164A20B31B5103FFFFFFFFFFFC8FFF000117161E0642BCE940860377
0D457A242EFF847A690D1670164A3AB31B5103FFFFFFFFFFFC7FFF000116161E0642BCE84086038F
0D458E242F18847A1A0D1682164A48B31B5203FFFFFFFFFFFC7FFF000119161E0642BCE8408603A7
0D45B4242F438479B90D16A6164A5EB31B5203FFFFFFFFFFFC8FFF000111161E0642BCE8408603BF
0D45BF242F4A8479620D16B1164A61B32B5303FFFFFFFFFFFC8FFF000113161E0642BCE8408603D7
0D45D0242F578479120D16C8164A6FB32B5303FFFFFFFFFFFC7FFF000116161E0642BCE8408603EF
0D45ED242F768478A20D16E3164A7DB33B5303FFFFFFFFFFFC7FFF000112161E0642BCE740860307
0D45F2242F728478450D16E3164A74B33B5403FFFFFFFFFFFC7FFF00011A161E0642BCE74086031F
0D45FA242F778477FC0D16EA164A79B33B5303FFFFFFFFFFFC7FFF00011A161E0642BCE740860337
0D4637242FC884778F0D172C164AA8B32B5303FFFFFFFFFFFC8FFF000119161E0642BCE74086034F
0D46E72430BA84772A0D17D8164B26B32B5303FFFFFFFFFFFC6FFF000119161E0642BCE64085E367
0D475F2431578476E80D184F164B7DB33B5303FFFFFFFFFFFC7FFF000119161E0642BCE64085E37F
0D47C52431E58476870D18B4164BC8B33B5303FFFFFFFFFFFC8FFF000113161E0642BCE64085E397
0D481424324984761B0D1901164BFDB34B5303FFFFFFFFFFFC8FFF000114161E0642BCE64085E3AF
0D48422432838475BF0D192B164C19B35B5303FFFFFFFFFFFC8FFF000117161E0642BCE54085E3C7
0D485B2432988475690D1943164C25B36B5403FFFFFFFFFFFC8FFF000118161E0542BCE54085E3DF
0D486324329C8475150D194B164C28B36B5503FFFFFFFFFFFC8FFF000119161E0542BCE54085D3F7
0D486B24329F8474BA0D1956164C2CB36B5503FFFFFFFFFFFC9FFF000115161E0542BCE54085D30F
0D48682432938474510D1955164C25B36B56AEFFFFFFFFFFFC8FFF00011D161E0542BCE44085D327
0D486324327F8473EA0D194E164C18B36B5603BFFFFFFFFFFC8FFF000110161E0542BCE44085C33F
0D487A24329C8473990D1962164C25B36B5703FFFFFFFFFFFC8FFF00011A161E0542BCE44085C357
0D48D62433198473500D19BF164C6BB36B5703FFFFFFFFFFFC9FFF000113161E0542BCE44085C36F
0D491424336B8472F60D19FE164C98B36B5703FFFFFFFFFFFC8FFF00011A161E0542BCE34085C387
0D49572433BE84728C0D1A42164CC5B36B5703FFFFFFFFFFFC9FFF00011A161E0542BCE34085C39F
0D498A2433FE8472200D1A7D164CEEB38B5703FFFFFFFFFFFC8FFF00011D161E0542BCE34085C3B7
0D49B52434278471CA0D1A9A164CFDB38B5703FFFFFFFFFFFC8FFF000118161E0542BCE34085C3CF
0D49C92434468471890D1AAC164D0AB39B5703FFFFFFFFFFFC9FFF00010A161E0542BCE24085C3E7
0D49D62434508471260D1ABE164D15B39B5803FFFFFFFFFFFC8FFF000114161E0542BCE24085C3FF
0D4A0624348A8470BD0D1AEA164D2FB39B5803FFFFFFFFFFFC7FFF000120161E0542BCE24085C317
0D4A1D2434A284706E0D1AFC164D38B39B5903FFFFFFFFFFFC8FFF000111161E0542BCE24085B32F
0D4A8F24354184700D0D1B71164D91B39B5903FFFFFFFFFFFC9FFF000120161E0542BCE14085C347
0D4B022435D8846FA10D1BE5164DE3B39B5803FFFFFFFFFFFC7FFF00011D161E0542BCE14085A35F
0D4B8124367D846F520D1C65164E3FB39B5903FFFFFFFFFFFC8FFF000124161E0442BCE14085A377
0D4C0524373A846F080D1CE9164EA5B3AB5903FFFFFFFFFFFC8FFF00011C161E0442BCE14085A38F
0D4CB5243824846EA50D1D96164F21B3BB5903FFFFFFFFFFFC8FFF000123161E0442BCE14085A3A7
0D4CED24386D846E380D1DCA164F44B3CB5A03FFFFFFFFFFFC9FFF00011E161E0442BCE04085A3BF
0D4D67243913846DD40D1E43164F9CB3CB5A03FFFFFFFFFFFC8FFF000127161E0442BCE04085A3D7
0D4DAC243964846D810D1E83164FCCB3EB5B03FFFFFFFFFFFC8FFF000122161E0442BCE04085A3EF
0D4DB9243974846D380D1E91164FD2B3FB5B03FFFFFFFFFFFC7FFF000126161E0442BCE040858307
0D4DF12439C3846CDD0D1ECB165000B3FB5C03FFFFFFFFFFFC7FFF000125161E0442BCDF4085A31F
0D4EA8243ABA846C7A0D1F80165083B3FB5D03FFFFFFFFFFFC7FFF000126161E0442BCDF40858337
0D4F26243B69846C200D1FFC1650E0B3FB5D03FFFFFFFFFFFC7FFF000120161E0442BCDF4085934F
0D4F90243BF3846BBB0D2064165128B3FB5D03FFFFFFFFFFFC8FFF000120161E0442BCDF40858367
0D4FCE243C3E846B560D20A0165151B3FB5E03FFFFFFFFFFFC7FFF000127161E0442BCDE4085837F
0D4FE4243C59846B040D20B516515DB40B5E03FFFFFFFFFFFC9FFF000128161E0442BCDE40858397
0D4FFC243C6E846AB00D20CB16516BB40B5E03FFFFFFFFFFFC8FFF000128161E0442BCDE408583AF
0D5003243C75846A5F0D20D316516DB40B5F03FFFFFFFFFFFC7FFF000120161E0442BCDE408583C7
0D5053243CE2846A040D21251651AAB41B6003FFFFFFFFFFFC8FFF000120161E0442BCDD408583DF
0D50B0243D5C84698B0D217F1651E8B42B6003FFFFFFFFFFFC7FFF000128161E0342BCDD408583F7
0D50F4243DA78469320D21C2165211B42B6003FFFFFFFFFFFC8FFF00012A161E0342BCDD4085830F
0D5136243E018468F60D2201165241B42B6103FFFFFFFFFFFC9FFF000129161E0342BCDD40858327
0D5140243E0A8468840D220E165246B42B6103FFFFFFFFFFFC9FFF000129161E0342BCDC4085833F
0D5167243E378468110D2238165263B43B6203FFFFFFFFFFFC8FFF000127161E0342BCDC40858357
0D518C243E5A8467D20D2258165276B43B6203FFFFFFFFFFFC8FFF000124161E0342BCDC4085636F
0D51B6243E978467830D2282165295B43B6203FFFFFFFFFFFC8FFF000124161E0342BCDC40856387
0D51FD243EF78467140D22C51652C3B43B6203FFFFFFFFFFFC8FFF00011F161E0342BCDB4085639F
0D526F243F938466A20D233B165319B44B6203FFFFFFFFFFFC8FFF00012A161E0342BCDB408563B7
0D52FA24404884664F0D23C216537BB45B6203FFFFFFFFFFFC8FFF000123161E0342BCDB408563CF
0D53772440F58465FD0D24421653DAB45B6203FFFFFFFFFFFC8FFF00011C161E0342BCDB408563E7
0D53C52441568465990D248C16540CB45B6303FFFFFFFFFFFC7FFF000127161E0342BCDA408563FF
0D53FA24419E84654A0D24C0165432B46B6303FFFFFFFFFFFC8FFF000121161E0342BCDA40856317
0D54412441FA8464F90D2507165466B47B6403FFFFFFFFFFFC7FFF00011F161E0342BCDA4085532F
0D548024424A84648B0D254416548DB48B6403FFFFFFFFFFFC7FFF00011C161E0342BCDA40856347
0D54A724427884642A0D25681654A6B47B6503FFFFFFFFFFFC7FFF000120161E0342BCD94085535F
0D54E22442C58463D20D25A51654D2B47B6503FFFFFFFFFFFC7FFF00012A161E0242BCD940856377
0D552F24432684636A0D25F0165504B47B6603FFFFFFFFFFFC8FFF000128161E0242BCD94085438F
0D55452443388463130D260316550EB47B6603FFFFFFFFFFFC8FFF000117161E0242BCD9408553A7
0D556924436A8462D00D262816552AB47B6603FFFFFFFFFFFC8FFF00011E161E0242BCD8408543BF
0D55D32443FC8462720D2692165576B47B6603FFFFFFFFFFFC8FFF00011C161E0242BCD8408543D7
0D560824443F8462120D26C3165598B47B6603FFFFFFFFFFFC8FFF00011F161E0242BCD8408543EF
0D562724445F8461B40D26E41655ABB48B6703FFFFFFFFFFFC8FFF00011C161E0242BCD840854307
0D56312444658461490D26EE1655AEB49B6703FFFFFFFFFFFC8FFF000123161E0242BCD74085431F
0D56412444708460E70D26FD1655B4B49B6703FFFFFFFFFFFC8FFF000122161E0242BCD740854337
0D564E24447B84609A0D270A1655BBB4AB6803FFFFFFFFFFFC7FFF000119161E0242BCD74085434F
0D56782444B08460410D27341655D9B49B6803FFFFFFFFFFFC7FFF000113161E0242BCD740854367
0D569D2444D9845FE90D27571655ECB49B6903FFFFFFFFFFFC8FFF000117161E0242BCD64085437F
0D56AD2444EA845F990D27681655F5B49B6903FFFFFFFFFFFC8FFF000114161E0242BCD640854397
0D5709244567845F390D27C416563CB49B6903FFFFFFFFFFFC8FFF00010E161E0242BCD6408533AF
0D572E24458E845ED20D27E816564FB49B6A03FFFFFFFFFFFC8FFF000117161E0242BCD6408533C7
0D573924459A845E720D27F3165652B49B6A03FFFFFFFFFFFC8FFF000117161E0142BCD5408523DF
0D577D2445EE845E130D2837165683B4AB6A03FFFFFFFFFFFC9FFF000108161E0142BCD5408523F7
0D579F244613845DB60D2857165696B4AB6A03FFFFFFFFFFFC9FFF000114161E0142BCD54085230F
0D580424469E845D5E0D28BB1656E1B4BB6A03FFFFFFFFFFFC9FFF000112161E0142BCD540852327
0D5860244714845D100D291416571EB4CB6A03FFFFFFFFFFFC8FFF00010D161E0142BCD44085233F
0D58E52447CD845CC10D299D165785B4CB6A03FFFFFFFFFFFC8FFF000102161E0142BCD440852357
0D593124482E845C610D29E51657B5B4CB6B03FFFFFFFFFFFC8FFF000108161E0142BCD44085236F
0D5977244889845BEE0D2A2B1657E9B4DB6B03FFFFFFFFFFFC8FFF00010C161E0142BCD440852387
0D5A0724494D845B890D2AB916584EB4DB6B03FFFFFFFFFFFC7FFF000108161E0142BCD34085039F
0D5A3D244989845B3B0D2AEB165870B4DB6C03FFFFFFFFFFFC7FFF00010E161E0142BCD3408513B7
0D5A672449C8845AE70D2B17165890B4DB6C03FFFFFFFFFFFC9FFF000104161E0142BCD3408503CF
0D5ABF244A33845A940D2B6C1658CDB4DB6D03FFFFFFFFFFFC9FFF000106161E0142BCD3408503E7
0D5AE8244A6A845A3F0D2B971658EBB4EB6D03FFFFFFFFFFFC9FFF000102161E0142BCD2408503FF
0D5B39244AD38459D20D2BE6165921B4EB6D03FFFFFFFFFFFC9FFF000103161E0142BCD240850317
0D5B51244AEB84596D0D2BFC16592BB4FB6D03FFFFFFFFFFFC9FFF000105161E0042BCD24085032F
0D5B7D244B1E8459260D2C27165949B50B6E03FFFFFFFFFFFC9FFF0000FF161E0042BCD240850347
0D5B94244B388458CD0D2C3E165958B50B6E03FFFFFFFFFFFC7FFF000106161E0042BCD14085035F
0D5BAD244B538458600D2C58165965B50B6E03FFFFFFFFFFFC8FFF000104161E0042BCD140850377
0D5BCA244B7484580B0D2C72165973B50B6F03FFFFFFFFFFFC8FFF0000F8161E0042BCD14085038F
0D5BDA244B828457C20D2C8316597DB50B6F03FFFFFFFFFFFC8FFF0000FD161E0042BCD14084F3A7
0D5BEF244B998457650D2C9A16598BB4FB6F03FFFFFFFFFFFC8FFF0000F7161E0042BCD04084F3BF
0D5C22244BDA8456FB0D2CCB1659ACB4FB6F03FFFFFFFFFFFC8FFF0000FE161E0042BCD04084F3D7
0D5C68244C2C8456A40D2D0F1659D9B50B6F03FFFFFFFFFFFC8FFF0000F8161E0042BCD04084E3EF
0D5C91244C6184564F0D2D391659F6B51B7003FFFFFFFFFFFC8FFF0000FE161E0042BCD04084E307
0D5D20244D318455EF0D2DC7165A63B52B7003FFFFFFFFFFFC8FFF0000F7161E0042BCCF4084E31F
0D5DF0244E4284559A0D2E93165AF7B51B7003FFFFFFFFFFFC8FFF0000FB161E0042BCCF4084E337
0D5E2C244E928455430D2ECF165B22B51B7003FFFFFFFFFFFC9FFF0000F4161E0042BCCF4084E34F
0D5E9E244F2F8454D80D2F45165B79B52B7103FFFFFFFFFFFC9FFF0000F3161DFF42BCCF4084E367
0D5F422450078454780D2FE0165BE9B52B7003FFFFFFFFFFFC8FFF0000F8161DFF42BCCE4084E37F
0D5F5B24501C8454320D2FF4165BF5B52B7103FFFFFFFFFFFC7FFF0000F6161DFF42BCCE4084E397
0D5FB22450A38453E90D304F165C3CB53B7103FFFFFFFFFFFC7FFF0000EA161DFF42BCCE4084D3AF
0D601724511E8453870D30BA165C82B53B7203FFFFFFFFFFFC7FFF0000F5161DFF42BCCE4084D3C7
0D605024516E8453180D30EB165CABB54B7203FFFFFFFFFFFC8FFF0000EF161DFF42BCCD4084C3DF
0D60952451C18452AC0D3130165CD7B55B7303FFFFFFFFFFFC7FFF0000F7161DFF42BCCD4084C3F7
0D60E12452258452560D3179165D0BB55B7303FFFFFFFFFFFC7FFF0000F5161DFF42BCCD4084C30F
0D611D24527284521B0D31B4165D36B55B7303FFFFFFFFFFFC8FFF0000E8161DFF42BCCD4084C327
0D616C2452E48451C60D3205165D75B55B7403FFFFFFFFFFFC8FFF0000ED161DFF42BCCC4084C33F
0D627224545F8451530D3307165E39B55B7403FFFFFFFFFFFC8FFF0000F1161DFF42BCCC4084C357
0D635524557A8450F20D33E3165ED5B57B7403FFFFFFFFFFFC7FFF0000EB161DFF42BCCC4084C36F
0D638D2455D28450A70D3421165F06B57B7503FFFFFFFFFFFC8FFF0000F3161DFF42BCCB4084C387
0D642624569D8450450D34B6165F71B58B7503FFFFFFFFFFFC7FFF0000F2161DFF42BCCB4084C39F
0D64412456C1844FE20D34CF165F84B59B7603FFFFFFFFFFFC9FFF0000EA161DFE42BCCB4084C3B7
0D6483245718844F8D0D350F165FB1B5AB7703FFFFFFFFFFFC9FFF0000E9161DFE42BCCB4084B3CF
0D64D3245784844F360D355F165FEDB5AB7803FFFFFFFFFFFC8FFF0000EF161DFE42BCCA4084C3E7
0D65152457D4844EDA0D359E166016B5BB7803FFFFFFFFFFFC8FFF0000E6161DFE42BCCA4084A3FF
0D652C2457EE844E8B0D35B5166025B5BB7903FFFFFFFFFFFC8FFF0000E9161DFE42BCCA4084B317
0D6549245816844E350D35D416603BB5BB7903FFFFFFFFFFFC8FFF0000EE161DFE42BCCA4084A32F
0D6572245846844DC50D35FC166054B5BB7903FFFFFFFFFFFC8FFF0000EE161DFE42BCC94084A347
0D65B324589A844D610D363C166080B5CB7A03FFFFFFFFFFFC7FFF0000EC161DFE42BCC94084A35F
0D661C245925844D160D36A61660CDB5CB7A03FFFFFFFFFFFC7FFF0000F1161DFE42BCC94084A377
0D664924595D844CBB0D36D21660ECB5CB7B03FFFFFFFFFFFC9FFF0000EF161DFE42BCC94084A38F
0D668D2459B9844C5B0D3712166119B5CB7B03FFFFFFFFFFFC8FFF0000EC161DFE42BCC84084A3A7
0D6728245A92844C100D37AE16618CB5DB7B03FFFFFFFFFFFC8FFF0000EB161DFE42BCC84084A3BF
0D67E8245B9A844BC00D386E16621FB5DB7B03FFFFFFFFFFFC8FFF0000E7161DFE42BCC8408493D7
0D687D245C60844B4D0D38FC166285B5DB7C03FFFFFFFFFFFC8FFF0000F1161DFD42BCC8408493EF
0D690B245D20844ADC0D39881662EBB5DB7C03FFFFFFFFFFFC7FFF0000EC161DFD42BCC74084A307
0D6958245D80844A910D39D5166321B5FB7C03FFFFFFFFFFFC7FFF0000F1161DFD42BCC74084931F
0D69A2245DE9844A3E0D3A1B166355B60B7C03FFFFFFFFFFFC8FFF0000EE161DFD42BCC740848337
0D69DE245E2E8449EE0D3A52166378B60B7D03FFFFFFFFFFFC8FFF0000E6161DFD42BCC74084834F
0D69E5245E3484499E0D3A5E16637FB61B7D03FFFFFFFFFFFC8FFF0000EB161DFD42BCC640848367
0D69F6245E478449410D3A7516638EB61B7E03FFFFFFFFFFFC8FFF0000E6161DFD42BCC64084837F
0D6A1E245E748448D10D3A991663A3B61B7E03FFFFFFFFFFFC8FFF0000ED161DFD42BCC640848397
0D6A40245E9A8448670D3AB91663B6B61B7F03FFFFFFFFFFFC8FFF0000F0161DFD42BCC5408483AF
0D6A64245EC38448130D3ADD1663CDB62B7F03FFFFFFFFFFFC9FFF0000EA161DFD42BCC5408483C7
0D6ABB245F3A8447CA0D3B3116640BB62B7F03FFFFFFFFFFFC8FFF0000EF161DFD42BCC5408483DF
0D6AFB245F8784477F0D3B7616643BB63B7F03FFFFFFFFFFFC6FFF0000E7161DFD42BCC5408483F7
0D6B722460398447260D3BEF16649AB63B8003FFFFFFFFFFFC7FFF0000EB161DFD42BCC44084830F
0D6C822461AB8446CE0D3CF616655AB62B8003FFFFFFFFFFFC8FFF0000ED161DFC42BCC440848327
0D6CD72462128446750D3D47166593B62B8003FFFFFFFFFFFC7FFF0000E5161DFC42BCC44084833F
0D6CF52462378446040D3D661665A6B63B8003FFFFFFFFFFFC7FFF0000F6161DFC42BCC440848357
0D6D232462688445A10D3D941665C3B63B8003FFFFFFFFFFFC8FFF0000E9161DFC42BCC34084636F
0D6D612462C484455A0D3DD01665F0B64B8103FFFFFFFFFFFC9FFF0000F6161DFC42BCC340846387
0D6DF324638984450D0D3E6116665FB64B8103FFFFFFFFFFFC8FFF0000F7161DFC42BCC34084639F
0D6E5524640B8444BC0D3EC11666A3B65B8203FFFFFFFFFFFC8FFF0000F2161DFC42BCC3408463B7
0D6E7A2464388444610D3EE71666BBB65B8203FFFFFFFFFFFC8FFF0000FC161DFC42BCC2408463CF
0D6EAC24647A8443FE0D3F161666DBB66B8203FFFFFFFFFFFC9FFF0000F9161DFC42BCC2408463E7
0D6EF72464DB8443A60D3F5F16670FB66B8303FFFFFFFFFFFC6FFF000102161DFC42BCC2408463FF
0D6F142464F78443450D3F7F166722B65B8203FFFFFFFFFFFC7FFF000105161DFC42BCC240846317
0D6F262465078442DF0D3F8E166728B66B8303FFFFFFFFFFFC8FFF0000FB161DFC42BCC14084532F
0D6F2F24650A84429B0D3F9516672AB66B8303FFFFFFFFFFFC8FFF000108161DFC42BCC140846347
0D6F4024651F8442510D3FA9166738B67B8403FFFFFFFFFFFC8FFF000108161DFB42BCC14084535F
0D6F6624654C8441E90D3FCF166750B67B8403FFFFFFFFFFFC8FFF00010B161DFB42BCC140844377
0D6FF924661E84418C0D40641667BFB68B8303FFFFFFFFFFFC8FFF000111161DFB42BCC04084438F
0D70742466C78441330D40D016680EB67B8303FFFFFFFFFFFC8FFF00010E161DFB42BCC0408443A7
0D71212467A68440CE0D4170166880B67B8303FFFFFFFFFFFC9FFF00010D161DFB42BCC0408443BF
0D71512467E08440850D41B11668AEB67B8403FFFFFFFFFFFC8FFF000113161DFB42BCBF408443D7
0D716D2468088440370D41D11668CAB68B8403FFFFFFFFFFFC8FFF00010B161DFB42BCBF408443EF
0D728624699A843FD70D42E616699BB69B8403FFFFFFFFFFFC8FFF00010E161DFB42BCBF40844307
0D72EE246A18843F7D0D43461669DBB69B8503FFFFFFFFFFFC8FFF00010D161DFB42BCBF4084431F
0D7304246A37843F1C0D43601669EFB69B8503FFFFFFFFFFFC8FFF000112161DFB42BCBE40844337
0D7349246A89843EC00D43A3166A1CB69B8603FFFFFFFFFFFC8FFF000105161DFB42BCBE4084334F
0D7367246AAE843E720D43C0166A2FB69B8603FFFFFFFFFFFC8FFF000110161DFB42BCBE40843367
0D739D246AF6843E1F0D43F8166A57B6AB8703FFFFFFFFFFFC9FFF000106161DFB42BCBE4084337F
0D73F1246B66843DC40D444B166A95B6BB8703FFFFFFFFFFFC8FFF00010B161DFB42BCBD40842397
0D7455246BEC843D6A0D44AD166AD9B6BB8803FFFFFFFFFFFC8FFF00010B161DFA42BCBD408423AF
0D7498246C42843D010D44EF166B09B6BB8803FFFFFFFFFFFC7FFF000107161DFA42BCBD408423C7
0D74D7246C8B843CB30D452B166B2FB6BB8903FFFFFFFFFFFC7FFF00010A161DFA42BCBD408423DF
0D74F2246CAF843C760D4546166B44B6BB8903FFFFFFFFFFFC7FFF0000FF161DFA42BCBC408423F7
0D7555246D3B843C0B0D45AA166B8EB6BB8903FFFFFFFFFFFC8FFF000108161DFA42BCBC4084230F
0D758D246D79843B970D45E0166BAEB6BB8903FFFFFFFFFFFC7FFF000104161DFA42BCBC40842327
0D75A6246D94843B530D45F7166BBBB6CB8903FFFFFFFFFFFC8FFF00010B161DFA42BCBC4084233F
0D75D2246DD4843AFD0D4626166BDFB6DB8903FFFFFFFFFFFC7FFF000105161DFA42BCBB40841357
0D7638246E57843A8D0D468A166C24B6CB8A0E6FFFFFFFFFFC7FFF000105161DFA42BCBB4084236F
0D766A246E8C843A450D46B9166C43B6CB8AA1BFFFFFFFFFFC8FFF00010C161DFA42BCBB40840387
0D768A246EBD8439FF0D46DA166C5CB6DB8A52BFFFFFFFFFFC8FFF000105161DFA42BCBB4084039F
0D76C3246F0784398E0D4712166C83B6DB8A03FFFFFFFFFFFC8FFF00010D161DFA42BCBA408403B7
0D7713246F6A8439220D4762166CB7B6CB8B03FFFFFFFFFFFC8FFF00010F161DFA42BCBA408403CF
0D7743246FA38438DD0D478F166CD8B6DB8B03FFFFFFFFFFFC8FFF000109161DFA42BCBA408403E7
0D7764246FCF8438890D47B2166CF0B6EB8B1A1FFFFFFFFFFC8FFF00010B161DFA42BCBA408403FF
0D7784246FF28438200D47D1166D01B6EB8B6D0FFFFFFFFFFC8FFF000112161DF942BCB940840317
0D779D24700A8437C80D47E7166D0DB6EB8B03FFFFFFFFFFFC9FFF000110161DF942BCB94084032F
0D77AD2470198437810D47F8166D17B6EB8B03FFFFFFFFFFFC8FFF00010D161DF942BCB940840347
0D77E12470628437260D482E166D3DB6EB8B03FFFFFFFFFFFC6FFF000106161DF942BCB94084035F
0D78222470B08436BE0D486B166D66B6FB8B03FFFFFFFFFFFC8FFF000107161DF942BCB840840377
0D78352470C18436680D487C166D6FB70B8C247FFFFFFFFFFC8FFF000109161DF942BCB84084038F
0D784F2470E58436120D4895166D81B70B8C846FFFFFFFFFFC8FFF00010A161DF942BCB8408403A7
0D78C82471858435BB0D490E166DD9B6FB8C297FFFFFFFFFFC8FFF000109161DF942BCB8408403BF
0D78EE2471AF8435700D4933166DF0B6FB8CC09FFFFFFFFFFC8FFF000107161DF942BCB7408403D7
0D79332472138435140D497E166E29B6FB8C039FFFFFFFFFFC8FFF000101161DF942BCB7408403EF
0D798924727C8434B00D49CF166E60B6FB8C03FFFFFFFFFFFC8FFF000105161DF942BCB740840307
0D79C22472C68434690D4A05166E85B70B8D382FFFFFFFFFFC8FFF000107161DF942BCB74084031F
0D7A212473548434150D4A69166ED4B70B8D96EFFFFFFFFFFC8FFF000108161DF942BCB64083E337
0D7B7A2475388433A30D4BB9166FD4B70B8C03FFFFFFFFFFFC8FFF000107161DF942BCB64083E34F
0D7C4324764084334E0D4C82167061B70B8C03FFFFFFFFFFFC8FFF0000FF161DF842BCB64083E367
0D7C922476A284330C0D4CD216709EB6FB8D03FFFFFFFFFFFC8FFF000107161DF842BCB64083D37F
0D7CBE2476DF8432A80D4CFC1670BAB70B8D04DFFFFFFFFFFC8FFF000102161DF842BCB54083D397
0D7CDF24770384324C0D4D191670CBB72B8E4C8FFFFFFFFFFC8FFF000109161DF842BCB54083D3AF
0D7CF02477148431FA0D4D291670D5B73B8FA9EFFFFFFFFFFC6FFF00010B161DF842BCB54083C3C7
0D7D0924772E84319B0D4D441670E4B73B8F03FFFFFFFFFFFC7FFF00010D161DF842BCB44083C3DF
0D7D2F2477608431450D4D691670FDB74B9003FFFFFFFFFFFC7FFF00010E161DF842BCB44083C3F7
0D7D592477918430F30D4D9916711DB73B9003FFFFFFFFFFFC7FFF00010A161DF842BCB44083C30F
0D7D6224779284308E0D4D9A167117B73B9005DFFFFFFFFFFC7FFF000105161DF842BCB44083C327
0D7D6324778A8430310D4D99167113B73B90524FFFFFFFFFFC8FFF000111161DF842BCB44083C33F
0D7D8A2477C2842FE00D4DBF167130B73B91B04FFFFFFFFFFC8FFF00010F161DF842BCB34083C357
0D7DEC24783C842F820D4E1D167171B72B9103FFFFFFFFFFFC9FFF00010D161DF842BCB34083C36F
0D7E03247855842F400D4E3616717FB72B90042FFFFFFFFFFC8FFF000104161DF842BCB34083C387
0D7E0B24785B842EED0D4E41167186B72B905B6FFFFFFFFFFC7FFF00010A161DF842BCB34083C39F
0D7E2A24787F842E750D4E61167195B73B90731FFFFFFFFFFC8FFF000109161DF842BCB24083C3B7
0D7E5E2478BA842E1A0D4E921671B5B74B9003FFFFFFFFFFFC8FFF000100161DF742BCB24083A3CF
0D7E8A2478F1842DDD0D4EBF1671D5B74B9003FFFFFFFFFFFC8FFF000104161DF742BCB24083A3E7
0D7E9F247908842D790D4ED31671E0B74B9103FFFFFFFFFFFC8FFF0000FC161DF742BCB24083A3FF
0D7EDC247956842D100D4F0C167208B73B9104AFFFFFFFFFFC8FFF0000F9161DF742BCB14083A317
0D7F14247999842CBC0D4F4716722EB73B9269EFFFFFFFFFFC7FFF0000FC161DF742BCB14083A32F
0D7F1F2479A0842C6F0D4F54167233B73B917A5FFFFFFFFFFC7FFF0000F8161DF742BCB14083A347
0D7F4A2479DC842C190D4F7D167254B73B9203FFFFFFFFFFFC8FFF0000F2161DF742BCB14083A35F
0D7FD0247AA5842BBF0D50051672BEB74B9203FFFFFFFFFFFC9FFF0000F4161DF742BCB04083A377
0D8085247B95842B560D50BB167344B75B9203FFFFFFFFFFFC9FFF0000F2161DF742BCB04083A38F
0D8113247C57842AEC0D51431673A8B75B9103FFFFFFFFFFFC8FFF0000EF161DF742BCB04083A3A7
0D815E247CB2842AB30D51911673DDB76B925A0FFFFFFFFFFCAFFF0000E5161DF742BCAF4083A3BF
0D8184247CE8842A680D51B11673F7B77B92754FFFFFFFFFFC9FFF0000E7161DF742BCAF408383D7
0D81BB247D2B8429FB0D51E6167419B77B9203FFFFFFFFFFFC8FFF0000E4161DF742BCAF4083A3EF
0D81E0247D548429950D520A16742EB77B9303FFFFFFFFFFFC8FFF0000E2161DF742BCAF40838307
0D8237247DC884293F0D525F16746CB76B9303FFFFFFFFFFFC8FFF0000E0161DF742BCAE4083931F
0D82AF247E708428E80D52DA1674C9B77B9409DFFFFFFFFFFC6FFF0000D8161DF642BCAE40838337
0D8382247F8484289C0D53A5167559B77B93718FFFFFFFFFFC7FFF0000D6161DF642BCAE4083834F
0D83A6247FB98428480D53CC167579B78B937D0FFFFFFFFFFC7FFF0000DC161DF642BCAE40838367
0D842D2480708427E50D54511675D9B78B9403FFFFFFFFFFFC7FFF0000DB161DF642BCAD4083837F
0D84762480CD84277C0D549716760BB78B9403FFFFFFFFFFFC8FFF0000DD161DF642BCAD40838397
0D849E2480FD84272C0D54BD167622B78B9403FFFFFFFFFFFC8FFF0000DD161DF642BCAD408383AF
0D84E024815C8426E00D5501167658B78B940C8FFFFFFFFFFC9FFF0000DE161DF642BCAD408383C7
0D85432481E28426810D55641676A0B78B946E7FFFFFFFFFFC9FFF0000DE161DF642BCAC408383DF
0D85CD24829C84261A0D55EC167703B78B95039FFFFFFFFFFC9FFF0000D8161DF642BCAC408383F7
0D85F62482C88425D50D560F167718B77B9603FFFFFFFFFFFC8FFF0000DE161DF642BCAC4083830F
0D86062482DD84258B0D5622167727B78B9603FFFFFFFFFFFC8FFF0000DD161DF642BCAC40838327
0D862F24830E84250F0D564C167741B79B9603FFFFFFFFFFFC8FFF0000D8161DF642BCAB4083633F
0D864424831F8424A30D565E167749B7AB9603FFFFFFFFFFFC8FFF0000E1161DF642BCAB40836357
0D864C24832084246F0D566716774BB7AB9714CFFFFFFFFFFC7FFF0000E0161DF642BCAB4083636F
0D867A2483648424140D5696167770B7BB96B42FFFFFFFFFFC7FFF0000D8161DF642BCAB40836387
0D86C22483C18423A50D56DD1677A0B7BB9622FFFFFFFFFFFC9FFF0000DD161DF542BCAA4083639F
0D86E72483E58423550D56FF1677B4B7BB9603FFFFFFFFFFFC8FFF0000D9161DF542BCAA408363B7
0D86FA2483FF8423120D57121677C1B7BB9603FFFFFFFFFFFC7FFF0000D1161DF542BCAA408363CF
0D872724843C8422B80D573F1677E3B7BB9703FFFFFFFFFFFC6FFF0000DA161DF542BCAA408353E7
0D879C2484D98422480D57B2167836B7BB971C8FFFFFFFFFFC8FFF0000D9161DF542BCA9408363FF
0D87C02484FE8421E00D57D616784AB7BB97BA8FFFFFFFFFFC8FFF0000D7161DF542BCA940835317
0D87E624852C8421860D57FA167862B7AB98264FFFFFFFFFFC8FFF0000CF161DF542BCA94083432F
0D88182485688421490D582B167882B7AB9803FFFFFFFFFFFC8FFF0000D2161DF542BCA940834347
0D882324857384210B0D583816788AB7AB9803FFFFFFFFFFFC8FFF0000CF161DF542BCA94083435F
0D884F2485B08420A50D58641678ACB7BB9803FFFFFFFFFFFC8FFF0000C8161DF542BCA840834377
0D892A2486F584202B0D593B167953B7BB980B2FFFFFFFFFFC8FFF0000CF161DF542BCA84083438F
0D8A0724880D841FC20D5A121679EDB7CB9890BFFFFFFFFFFC8FFF0000C7161DF542BCA8408343A7
0D8A52248878841F750D5A5F167A26B7DB9820DFFFFFFFFFFC8FFF0000CC161DF542BCA7408343BF
0D8A7324889C841F330D5A7B167A38B7DB9803FFFFFFFFFFFC8FFF0000C4161DF542BCA7408343D7
0D8A852488B2841EE90D5A94167A4BB7EB9903FFFFFFFFFFFC5FFF0000C9161DF542BCA7408343EF
0D8AA32488DD841E900D5AB4167A5EB7EB9A03FFFFFFFFFFFC8FFF0000C9161DF442BCA740834307
0D8AD4248916841E2B0D5AE0167A7DB7FB9A103FFFFFFFFFFCAFFF0000C9161DF442BCA64083331F
0D8B2624898B841DBE0D5B3C167AC2B7FB9AAE5FFFFFFFFFFC9FFF0000C4161DF442BCA640833337
0D8B872489FF841D670D5B8E167AF9B7FB9A255FFFFFFFFFFC7FFF0000CB161DF442BCA64083334F
0D8BB8248A46841D230D5BBF167B1EB7EB9B03FFFFFFFFFFFC7FFF0000CB161DF442BCA640832367
0D8C4B248B1A841CD70D5C51167B8EB7EB9B03FFFFFFFFFFFC9FFF0000C4161DF442BCA54083237F
0D8CD0248BC2841C7A0D5CD5167BEDB7EB9B03FFFFFFFFFFFC9FFF0000C9161DF442BCA540832397
0D8CF6248BF4841C120D5CFA167C03B7FB9B2DBFFFFFFFFFFC8FFF0000C9161DF442BCA5408323AF
0D8D05248BFD841BBB0D5D09167C09B80B9BD07FFFFFFFFFFC8FFF0000CA161DF442BCA5408323C7
0D8D16248C09841B7C0D5D1A167C14B80B9C29FFFFFFFFFFFC7FFF0000CB161DF442BCA4408323DF
0D8D1F248C15841B1C0D5D26167C1AB80B9C03FFFFFFFFFFFC7FFF0000C2161DF442BCA4408323F7
0D8D31248C24841AB80D5D34167C20B80B9C03FFFFFFFFFFFC8FFF0000C6161DF442BCA44083230F
0D8D39248C28841A680D5D3B167C21B80B9C03FFFFFFFFFFFC7FFF0000CB161DF442BCA440832327
0D8D41248C2B841A090D5D44167C23B80B9C406FFFFFFFFFFC7FFF0000C4161DF342BCA34083233F
0D8D50248C388419AD0D5D55167C2AB80B9C660FFFFFFFFFFC8FFF0000CA161DF342BCA340831357
0D8D73248C6684196A0D5D76167C41B80B9C03FFFFFFFFFFFCAFFF0000C3161DF342BCA34083236F
0D8DE7248D0B8419090D5DED167C9FB80B9D03FFFFFFFFFFFC7FFF0000C9161DF342BCA340830387
0D8EDC248E698418A40D5EDE167D54B80B9D03FFFFFFFFFFFC7FFF0000BD161DF342BCA24083039F
0D8FE7248FD28418510D5FE4167E1AB80B9D03FFFFFFFFFFFC7FFF0000CA161DF342BCA2408303B7
0D90962490CE8417F90D6096167EA5B80B9D03FFFFFFFFFFFC7FFF0000CA161DF342BCA2408303CF
0D916A2491E884179B0D6163167F39B80B9D03FFFFFFFFFFFC8FFF0000CA161DF342BCA2408303E7
0D91A724923D84174C0D619A167F5FB81B9E03FFFFFFFFFFFC9FFF0000BD161DF342BCA1408303FF
0D91D62492798416F50D61C6167F7FB82B9F03FFFFFFFFFFFC9FFF0000CB161DF342BCA140830317
0D91F824929A84168C0D61E9167F95B83B9E03FFFFFFFFFFFC9FFF0000CA161DF342BCA14083032F
0D92142492BE8416310D6206167FA8B84B9F03FFFFFFFFFFFC9FFF0000C3161DF342BCA140830347
0D92362492EC8415E90D6228167FC0B84B9F03FFFFFFFFFFFC8FFF0000C3161DF342BCA04082F35F
0D92B12493968415930D62A316801EB85B9F03FFFFFFFFFFFC8FFF0000CA161DF242BCA04082F377
0D935324947B8415340D6345168097B85BA003FFFFFFFFFFFC9FFF0000BC161DF242BCA04082E38F
0D93BC2495078414DD0D63AB1680E4B84BA003FFFFFFFFFFFC8FFF0000CA161DF242BCA04082F3A7
0D94352495B084147C0D642216813EB84BA103FFFFFFFFFFFC7FFF0000CB161DF242BC9F4082E3BF
0D947924960784140F0D646416816AB84BA103FFFFFFFFFFFC7FFF0000CB161DF242BC9F4082E3D7
0D94B424964E8413BD0D649D168190B85BA103FFFFFFFFFFFC8FFF0000C4161DF242BC9F4082E3EF
0D94D32496738413880D64BC1681A6B85BA203FFFFFFFFFFFC8FFF0000C9161DF242BC9F4082E307
0D94F22496A08413320D64DC1681BFB85BA203FFFFFFFFFFFC8FFF0000CA161DF242BC9E4082E31F
0D95172496CE8412C70D65001681D5B85BA203FFFFFFFFFFFC8FFF0000C3161DF242BC9E4082E337
0D95262496D58412510D650F1681DBB85BA203FFFFFFFFFFFC9FFF0000CA161DF242BC9E4082E34F
0D95372496E18411F60D651F1681E2B86BA303FFFFFFFFFFFCAFFF0000CB161DF242BC9D4082E367
0D95502497038411C40D65381681F0B86BA303FFFFFFFFFFFC8FFF0000CB161DF242BC9D4082E37F
0D959924976C84117B0D657F168229B86BA203FFFFFFFFFFFC8FFF0000C3161DF142BC9D4082D397
0D966E24989D8411070D664F1682C9B85BA203FFFFFFFFFFFC8FFF0000CA161DF142BC9D4082C3AF
0D971224997984109B0D66EB16833AB84BA203FFFFFFFFFFFC8FFF0000C4161DF142BC9D4082C3C7
0D97432499AC84104E0D6726168362B84BA203FFFFFFFFFFFC9FFF0000CB161DF142BC9C4082C3DF
0D97522499C4840FFA0D673516836EB84BA203FFFFFFFFFFFC9FFF0000C4161DF142BC9C4082C3F7
0D97B6249A4F840F9C0D67961683B6B85BA203FFFFFFFFFFFC7FFF0000CB161DF142BC9C4082C30F
0D9808249AB8840F440D67E71683F0B86BA203FFFFFFFFFFFC7FFF0000BF161DF142BC9C4082C327
0D983A249AFA840EF20D681E168415B87BA303FFFFFFFFFFFC8FFF0000C8161DF142BC9B4082C33F
0D986A249B36840E920D684A168434B87BA303FFFFFFFFFFFC8FFF0000BF161DF142BC9B4082C357
0D98B8249BA0840E380D689616846CB88BA403FFFFFFFFFFFC8FFF0000C6161DF142BC9B4082C36F
0D98DC249BC9840DE20D68BB168485B88BA403FFFFFFFFFFFC8FFF0000C2161DF142BC9B4082C387
0D995A249C7C840D7C0D69311684E0B88BA403FFFFFFFFFFFC8FFF0000CB161DF142BC9A4082B39F
0D99A1249CD4840D1F0D697A16850FB87BA403FFFFFFFFFFFC8FFF0000CB161DF042BC9A4082B3B7
0D99DC249D22840CDE0D69B716853CB88BA503FFFFFFFFFFFC8FFF0000CC161DF042BC9A4082A3CF
0D99F9249D48840C850D69D116854EB88BA503FFFFFFFFFFFC7FFF0000C5161DF042BC994082A3E7
0D9A08249D57840C1B0D69E2168555B89BA503FFFFFFFFFFFC7FFF0000CB161DF042BC994082A3FF
0D9A5C249DC3840BBC0D6A37168594B89BA503FFFFFFFFFFFC8FFF0000C6161DF042BC994082A317
0D9AA2249E1F840B610D6A781685C3B89BA503FFFFFFFFFFFC6FFF0000CA161DF042BC994082A32F
0D9AD0249E59840B060D6AA61685E1B8ABA503FFFFFFFFFFFC7FFF0000CC161DF042BC984082A347
0D9AF3249E84840AAE0D6AC91685FAB8ABA503FFFFFFFFFFFC8FFF0000C6161DF042BC984082A35F
0D9B3C249EE7840A4F0D6B1216862DB89BA603FFFFFFFFFFFC8FFF0000CB161DF042BC984082A377
0D9B94249F608409F40D6B6716866EB89BA703FFFFFFFFFFFC7FFF0000C5161DF042BC984082A38F
0D9C0B24A0068409990D6BDE1686C7B89BA703FFFFFFFFFFFC7FFF0000CC161DF042BC974082A3A7
0D9C7F24A0A78409390D6C5116871FB89BA703FFFFFFFFFFFC8FFF0000C5161DF042BC974082A3BF
0D9CE024A1288408F00D6CAD168764B8ABA703FFFFFFFFFFFC8FFF0000C5161DF042BC97408293D7
0D9D5A24A1D984089F0D6D2A1687C5B8BBA803FFFFFFFFFFFC8FFF0000CC161DEF42BC97408283EF
0D9DB824A25184082F0D6D83168802B8BBA703FFFFFFFFFFFC9FFF0000CD161DEF42BC9640828307
0D9E4B24A3228407C00D6E1316886EB8CBA803FFFFFFFFFFFC8FFF0000C6161DEF42BC964082831F
0D9EA624A3918407740D6E721688B1B8BBA803FFFFFFFFFFFC7FFF0000CD161DEF42BC9640828337
0D9EDD24A3E48407290D6EA21688D8B8CBA803FFFFFFFFFFFC7FFF0000BE161DEF42BC964082834F
0D9F3E24A4658406DF0D6F0016891CB8CBA803FFFFFFFFFFFC7FFF0000CB161DEF42BC9540828367
0D9F6824A49D84068A0D6F33168944B8CBA903FFFFFFFFFFFC7FFF0000CB161DEF42BC954082837F
0D9FCB24A52984061D0D6F91168988B8CBA903FFFFFFFFFFFC8FFF0000CC161DEF42BC9540828397
0DA02124A59B8405A60D6FEB1689CAB8DBA903FFFFFFFFFFFC9FFF0000CD161DEF42BC94408283AF
0DA06424A5EE8405530D701C1689EAB8DBA903FFFFFFFFFFFC8FFF0000C7161DEF42BC94408283C7
0DA08C24A6248405120D704E168A11B8DBA903FFFFFFFFFFFC9FFF0000CD161DEF42BC94408283DF
0DA0A124A6408404C40D7061168A1EB8EBA903FFFFFFFFFFFC8FFF0000C6161DEF42BC94408263F7
0DA0BB24A65D84046F0D7079168A2BB8EBA903FFFFFFFFFFFC8FFF0000C9161DEE42BC944082630F
0DA0CF24A67B8404140D7091168A3EB8EBAA03FFFFFFFFFFFC8FFF0000CB161DEE42BC9340826327
0DA1D024A7F68403A80D7190168B0AB8EBAA03FFFFFFFFFFFC8FFF0000CD161DEE42BC934082633F
0DA34224A9FC8403480D72FD168C1FB8EBAA03FFFFFFFFFFFC8FFF0000CE161DEE42BC9340826357
0DA39524AA718402EF0D734F168C5FB8DBAA03FFFFFFFFFFFC8FFF0000C8161DEE42BC924082636F
0DA43824AB5D8402940D73EE168CDDB8EBAB03FFFFFFFFFFFC8FFF0000C6161DEE42BC9240826387
0DA4A024ABED84024F0D7452168D27B8FBAB03FFFFFFFFFFFC8FFF0000C5161DEE42BC924082639F
0DA4CB24AC2D8401FF0D747E168D4BB90BAB03FFFFFFFFFFFC8FFF0000C5161DEE42BC92408263B7
0DA53F24ACD98401A80D74F1168DA7B91BAC03FFFFFFFFFFFC7FFF0000CC161DEE42BC92408263CF
0DA59324AD448401390D7544168DE1B92BAD03FFFFFFFFFFFC8FFF0000CD161DEE42BC91408253E7
0DA5D924AD9F8400D20D7589168E12B92BAD03FFFFFFFFFFFC8FFF0000C8161DEE42BC91408263FF
0DA5EE24ADBA84007E0D759E168E1EB93BAD03FFFFFFFFFFFC8FFF0000CE161DEE42BC9140824317
0DA61324ADE88400350D75C2168E38B94BAE03FFFFFFFFFFFC8FFF0000CE161DED42BC904082432F
0DA63E24AE1E83FFEC0D75ED168E59B94BAE03FFFFFFFFFFFC8FFF0000CC161DED42BC9040824347
0DA67C24AE7983FF9C0D762A168E89B94BAF03FFFFFFFFFFFC8FFF0000C5161DED42BC904082435F
0DA6D324AEEE83FF320D767F168EC5B94BAF03FFFFFFFFFFFC8FFF0000CD161DED42BC9040824377
0DA76124AFB683FEC80D770A168F2CB94BAF03FFFFFFFFFFFC8FFF0000C4161DED42BC8F4082438F
0DA7BC24B03183FE770D7767168F73B93BAF03FFFFFFFFFFFC8FFF0000C5161DED42BC8F408243A7
0DA8FF24B22683FE1C0D78AA16907FB93BAF03FFFFFFFFFFFC8FFF0000CE161DED42BC8F408243BF
0DAAA124B45F83FDCB0D7A361691A6B93BAF03FFFFFFFFFFFC8FFF0000C7161DED42BC8F408243D7
0DAABB24B47C83FD810D7A581691BFB94BAF03FFFFFFFFFFFC8FFF0000C9161DED42BC8E408243EF
0DAABA24B47883FD2D0D7A5A1691C1B95BB003FFFFFFFFFFFC9FFF0000CB161DED42BC8E40824307
0DAB1A24B51283FCCC0D7AAD169203B96BB103FFFFFFFFFFFC7FFF0000CE161DED42BC8E4082331F
0DAC2724B69083FC710D7BC31692DEB98BB103FFFFFFFFFFFC9FFF0000C0161DED42BC8E40823337
0DAD6524B86583FC050D7CFC1693D7B98BB103FFFFFFFFFFFC9FFF0000CE161DEC42BC8D4082234F
0DADDF24B90683FBAD0D7D7516942DB97BB103FFFFFFFFFFFC8FFF0000CF161DEC42BC8D40822367
0DAE5E24B9C283FB770D7DF5169495B97BB203FFFFFFFFFFFC8FFF0000CE161DEC42BC8D4082237F
0DAEDA24BA7A83FB190D7E6D1694F6B98BB303FFFFFFFFFFFC8FFF0000CE161DEC42BC8D40822397
0DAF2424BAD983FAAB0D7EAC169522B99BB403FFFFFFFFFFFC8FFF0000C7161DEC42BC8C408223AF
0DAF4424BB0383FA560D7ED8169542B99BB403FFFFFFFFFFFC8FFF0000CE161DEC42BC8C408223C7
0DAF7C24BB4B83FA090D7F1116956AB99BB503FFFFFFFFFFFC8FFF0000C8161DEC42BC8C408223DF
0DAF9524BB6783F9AC0D7F24169576B99BB503FFFFFFFFFFFC8FFF0000CE161DEC42BC8C408223F7
0DAFA924BB7E83F9510D7F38169582B9ABB603FFFFFFFFFFFC8FFF0000CE161DEC42BC8B4082230F
0DAFDC24BBBD83F8FE0D7F661695A1B9ABB603FFFFFFFFFFFC8FFF0000CE161DEC42BC8B40820327
0DAFE524BBC583F8AB0D7F791695AEB9ABB603FFFFFFFFFFFC8FFF0000CF161DEC42BC8B4082233F
0DB02224BC1A83F84E0D7FBA1695DDB9ABB603FFFFFFFFFFFC8FFF0000CF161DEC42BC8B40820357
0DB05124BC5283F7EB0D7FE01695F6B9BBB703FFFFFFFFFFFC8FFF0000CE161DEB42BC8A4082136F
0DB0B024BCDB83F7850D803F16963DB9CBB703FFFFFFFFFFFC8FFF0000C8161DEB42BC8A40820387
0DB10124BD3E83F73C0D809616967BB9BBB603FFFFFFFFFFFC8FFF0000CF161DEB42BC8A4082039F
0DB15924BDC283F6F60D80CB1696A8B9BBB603FFFFFFFFFFFC8FFF0000CE161DEB42BC8A408203B7
0DB1B624BE4083F6950D8146169703B9BBB703FFFFFFFFFFFC8FFF0000C7161DEB42BC89408203CF
0DB23724BEF683F6360D81C5169764B9ABB703FFFFFFFFFFFC9FFF0000CF161DEB42BC89408203E7
0DB34624C08683F5D90D82D216983AB9ABB703FFFFFFFFFFFC8FFF0000CA161DEB42BC89408203FF
0DB48624C24883F57D0D8408169928B9ABB803FFFFFFFFFFFC8FFF0000CF161DEB42BC8940820317
0DB52224C32383F5290D84A216999CB9BBB803FFFFFFFFFFFC8FFF0000CF161DEB42BC884082032F
0DB68424C54083F4E10D8603169ABEB9CBB803FFFFFFFFFFFC8FFF0000CD161DEB42BC8840820347
0DB7F124C73583F4870D877B169BDDB9CBB803FFFFFFFFFFFC9FFF0000C4161DEB42BC884082035F
0DB85424C7C683F42A0D87C7169C18B9DBB803FFFFFFFFFFFC8FFF0000CF161DEA42BC8840820377
0DB89424C82083F3D00D87FE169C42B9EBB903FFFFFFFFFFFC8FFF0000C2161DEA42BC874082038F
0DB95B24C95583F36F0D88C8169CEAB9EBBA03FFFFFFFFFFFC8FFF0000D0161DEA42BC87408203A7
0DBA5D24CAB283F3130D89C9169DABB9FBBA03FFFFFFFFFFFC8FFF0000D0161DEA42BC87408203BF
0DBAD024CB5C83F2C40D8A3A169E03BA0BBB03FFFFFFFFFFFC8FFF0000D0161DEA42BC874081E3D7
0DBB2924CBDA83F27E0D8A93169E49BA0BBB03FFFFFFFFFFFC8FFF0000CF161DEA42BC864081E3EF
0DBC0124CD2D83F22A0D8B67169EFDBA1BBB03FFFFFFFFFFFC9FFF0000CC161DEA42BC864081E307
0DBDAB24CFA183F1C10D8D1416A055BA2BBC03FFFFFFFFFFFC9FFF0000C6161DEA42BC864081E31F
0DBF7B24D26283F1550D8EE216A1CABA3BBC03FFFFFFFFFFFC9FFF0000D1161DEA42BC854081E337
0DC05924D39483F1080D8FB416A273BA3BBD03FFFFFFFFFFFC8FFF0000D1161DEA42BC854081E34F
0DC14124D4ED83F0C20D909416A324BA4BBD03FFFFFFFFFFFC8FFF0000D0161DEA42BC854081D367
0DC22F24D65383F0730D918316A3E5BA5BBE03FFFFFFFFFFFC9FFF0000CF161DE942BC854081D37F
0DC32324D7A783F0190D926E16A499BA6BBF03FFFFFFFFFFFC8FFF0000CB161DE942BC854081D397
0DC3B324D87C83EFB10D930316A510BA6BC003FFFFFFFFFFFC9FFF0000C9161DE942BC844081D3AF
0DC4B824D9F383EF460D93FE16A5D6BA6BC103FFFFFFFFFFFCAFFF0000CF161DE942BC844081C3C7
0DC51724DA7183EEF00D945E16A61BBA6BC103FFFFFFFFFFFCAFFF0000D2161DE942BC844081C3DF
0DC52824DA8783EEA00D946F16A628BA7BC203FFFFFFFFFFFC8FFF0000CA161DE942BC834081C3F7
0DC54C24DABA83EE530D949416A645BA7BC203FFFFFFFFFFFC7FFF0000CA161DE942BC834081C30F
0DC58424DB0983EE040D94CB16A66EBA8BC203FFFFFFFFFFFC7FFF0000C9161DE942BC834081C327
0DC5BB24DB5183ED9E0D950016A695BA8BC303FFFFFFFFFFFC9FFF0000CC161DE942BC834081C33F
0DC6D724DCF483ED360D960716A768BA8BC303FFFFFFFFFFFC9FFF0000CF161DE942BC824081C357
0DC71924DD4283ECEE0D965616A79DBA9BC303FFFFFFFFFFFC8FFF0000D2161DE942BC824081C36F
0DC82224DEEB83EC950D976916A888BA9BC303FFFFFFFFFFFC8FFF0000D2161DE842BC824081C387
0DC9CF24E13F83EC280D990D16A9C9BA9BC303FFFFFFFFFFFC9FFF0000C4161DE842BC824081C39F
0DCA0A24E18B83EBD00D995116A9F9BA9BC303FFFFFFFFFFFC9FFF0000D1161DE842BC814081A3B7
0DCA0C24E18D83EB960D994616A9F0BAABC403FFFFFFFFFFFC9FFF0000D1161DE842BC814081A3CF
0DCA1824E1A283EB430D994416A9EEBACBC403FFFFFFFFFFFC8FFF0000CD161DE842BC814081A3E7
0DCA3824E1C083EAD50D996B16AA07BABBC503FFFFFFFFFFFC9FFF0000D0161DE842BC804081A3FF
0DCA1D24E19383EA720D995616A9F2BABBC503FFFFFFFFFFFC9FFF0000D3161DE842BC804081A317
0DCA2324E19683EA210D995916A9F0BABBC503FFFFFFFFFFFC8FFF0000CD161DE842BC804081A32F
0DCA4224E1BD83E9CD0D997C16AA0DBAABC503FFFFFFFFFFFC8FFF0000D2161DE842BC804081A347
0DCACF24E28E83E9700D9A0A16AA79BABBC503FFFFFFFFFFFC8FFF0000D1161DE842BC7F4081A35F
0DCB0C24E2D483E91D0D9A4016AA9EBABBC503FFFFFFFFFFFC8FFF0000D3161DE742BC7F4081A377
0DCBB824E3E383E8C60D9AEB16AB2CBABBC503FFFFFFFFFFFC8FFF0000D4161DE742BC7F4081A38F
0DCCBA24E55483E85B0D9BEF16ABF9BABBC503FFFFFFFFFFFC9FFF0000D4161DE742BC7F4081A3A7
0DCE1E24E75483E8050D9D4216AD01BACBC503FFFFFFFFFFFC9FFF0000D4161DE742BC7E408183BF
0DCED924E86983E7B80D9DFF16AD9CBACBC603FFFFFFFFFFFC9FFF0000D5161DE742BC7E408183D7
0DCFBE24E9B183E75F0D9EE716AE4FBACBC603FFFFFFFFFFFC8FFF0000C7161DE742BC7E408193EF
0DD01124EA2483E7000D9F3616AE8BBACBC603FFFFFFFFFFFC8FFF0000D5161DE742BC7E40818307
0DD06624EA9D83E6B30D9F8A16AECCBACBC603FFFFFFFFFFFC8FFF0000CE161DE742BC7D4081831F
0DD0DA24EB4B83E6590D9FFF16AF2BBACBC703FFFFFFFFFFFC9FFF0000CF161DE742BC7D40818337
0DD1F924ED0783E5EB0DA11A16B015BACBC703FFFFFFFFFFFC9FFF0000D7161DE742BC7D4081834F
0DD36524EF1283E58E0DA28016B12CBADBC803FFFFFFFFFFFC9FFF0000D7161DE742BC7C40818367
0DD4B624F11783E5440DA3C816B23ABADBC803FFFFFFFFFFFC9FFF0000D8161DE642BC7C4081837F
0DD67024F38E83E4F90DA57F16B397BADBC803FFFFFFFFFFFC8FFF0000CC161DE642BC7C40818397
0DD6EC24F43883E49F0DA5FC16B3F2BADBC803FFFFFFFFFFFC7FFF0000DB161DE642BC7C408183AF
0DD6F224F43783E4420DA5FE16B3F1BAEBC803FFFFFFFFFFFC8FFF0000D4161DE642BC7B408183C7
0DD6EE24F42B83E3E20DA5FB16B3ECBAFBC903FFFFFFFFFFFC8FFF0000DB161DE642BC7B408163DF
0DD70D24F45083E37D0DA61E16B402BB0BC903FFFFFFFFFFFC9FFF0000DB161DE642BC7B408183F7
0DD77E24F4E983E32F0DA68616B44FBB0BC903FFFFFFFFFFFC8FFF0000D5161DE642BC7B4081630F
0DD7FA24F5A783E2E90DA70116B4B5BB0BCA03FFFFFFFFFFFC9FFF0000DB161DE642BC7A40816327
0DD98224F7FF83E2920DA88016B5F1BB0BCA03FFFFFFFFFFFC8FFF0000D3161DE642BC7A4081633F
0DD9E024F86983E2260DA8E216B631BB1BCA03FFFFFFFFFFFC8FFF0000D2161DE642BC7A40816357
0DDA0724F8A183E1CB0DA90B16B652BB1BCA03FFFFFFFFFFFC9FFF0000D3161DE642BC7A4081636F
0DDA6724F93283E1820DA96A16B69DBB1BCA03FFFFFFFFFFFC8FFF0000DA161DE542BC7940816387
0DDBB724FB3B83E1300DAABC16B7B8BB2BCA03FFFFFFFFFFFC8FFF0000D4161DE542BC794081639F
0DDD9F24FDFF83E0D30DAC9C16B934BB2BCBB1FFFFFFFFFFFC8FFF0000D6161DE542BC79408163B7
0DDE5F24FF0683E06F0DAD5416B9C1BB1BCB03EFFFFFFFFFFC8FFF0000D7161DE542BC79408163CF
0DDEB724FF8883E0120DADAB16BA06BB1BCB03FFFFFFFFFFFC8FFF0000CA161DE542BC78408163E7
0DDEF124FFD883DFCD0DADED16BA3ABB1BCB03FFFFFFFFFFFC8FFF0000D5161DE542BC78408153FF
0DDF2125002483DF810DAE1616BA5ABB3BCC03FFFFFFFFFFFCAFFF0000D4161DE542BC7840815317
0DDF902500CC83DF230DAE8716BAB5BB4BCC03FFFFFFFFFFFCAFFF0000CF161DE542BC784081432F
0DE0572501EB83DEBF0DAF4316BB4CBB5BCC03FFFFFFFFFFFCAFFF0000CE161DE542BC7740814347
0DE17D2503AF83DE5E0DB06516BC40BB4BCD03FFFFFFFFFFFC9FFF0000D6161DE542BC774081435F
0DE30A2505FD83DE090DB1ED16BD7ABB3BCD03FFFFFFFFFFFC9FFF0000C9161DE442BC7740814377
0DE3B02506E883DDBC0DB29116BDFBBB4BCD03FFFFFFFFFFFC9FFF0000D7161DE442BC774081438F
0DE3FE25076683DD790DB2DF16BE3EBB4BCD03FFFFFFFFFFFC8FFF0000D9161DE442BC76408143A7
0DE4F22508CB83DD1B0DB3D016BEFDBB4BCD03FFFFFFFFFFFC8FFF0000D4161DE442BC76408143BF
0DE52B25091783DCB30DB41A16BF33BB4BCE03FFFFFFFFFFFC9FFF0000DD161DE442BC76408143D7
0DE54725093683DC570DB42216BF35BB5BCE03FFFFFFFFFFFC8FFF0000E2161DE442BC76408143EF
0DE53325091283DC050DB40A16BF20BB5BCF03FFFFFFFFFFFC7FFF0000DE161DE442BC7540814307
0DE53125090783DBC00DB40616BF1ABB5BCE03FFFFFFFFFFFC8FFF0000E3161DE442BC754081431F
0DE5032508C183DB700DB3DF16BEF7BB5BCF03FFFFFFFFFFFC8FFF0000EB161DE442BC7540814337
0DE4FB2508AB83DAF60DB3DA16BEF0BB5BCF03FFFFFFFFFFFCAFFF0000E7161DE442BC754081334F
0DE5112508C483DA8D0DB3EC16BEF7BB5BCF03FFFFFFFFFFFC8FFF0000F2161DE442BC7440812367
0DE52D2508E283DA5F0DB40C16BF0BBB6BCF03FFFFFFFFFFFC8FFF0000F5161DE442BC744081237F
0DE56025093583DA1B0DB43716BF35BB6BCF03FFFFFFFFFFFC8FFF0000F8161DE342BC7440812397
0DE67A250AE183D9AA0DB55916C021BB5BD003FFFFFFFFFFFC9FFF0000FA161DE342BC74408123AF
0DE82B250D5D83D9330DB70816C178BB4BD003FFFFFFFFFFFC9FFF0000F8161DE342BC73408123C7
0DE8BC250E2183D8DE0DB78E16C1DDBB5BD003FFFFFFFFFFFC9FFF000102161DE342BC73408123DF
0DE8FE250E8283D8990DB7CE16C20EBB5BD003FFFFFFFFFFFC9FFF0000FD161DE342BC73408123F7
0DE92F250EC183D8520DB7FE16C234BB6BD003FFFFFFFFFFFC9FFF0000FF161DE342BC734081230F
0DE955250EFA83D7F80DB82416C251BB6BD003FFFFFFFFFFFC9FFF000100161DE342BC7240812327
0DE97C250F2D83D7900DB84B16C26BBB5BD103FFFFFFFFFFFC9FFF0000F9161DE342BC724081233F
0DE990250F4083D73D0DB86016C277BB5BD003FFFFFFFFFFFC8FFF000107161DE342BC7240810357
0DE9A7250F5A83D6E40DB87316C285BB6BD003FFFFFFFFFFFC8FFF000107161DE342BC724081036F
0DE9DD250FAD83D67D0DB8AA16C2B0BB7BD003FFFFFFFFFFFC9FFF000106161DE242BC7140811387
0DEA7F25109283D63A0DB94C16C32CBB6BD003FFFFFFFFFFFC8FFF000106161DE242BC714081039F
0DEB422511CB83D5EF0DBA1116C3D9BB6BD003FFFFFFFFFFFC8FFF0000FF161DE242BC71408103B7
0DEDE52515C583D57E0DBCAA16C5F5BB6BD003FFFFFFFFFFFC8FFF000106161DE242BC71408103CF
0DEF5B2517D583D51D0DBE1316C70BBB6BD003FFFFFFFFFFFC8FFF000100161DE242BC70408103E7
0DEFC825186E83D4DF0DBE9416C774BB5BD003FFFFFFFFFFFC8FFF000106161DE242BC70408103FF
0DF03B25191C83D47D0DBEFA16C7C8BB6BD003FFFFFFFFFFFC8FFF000107161DE242BC7040810317
0DF17C251B0883D4170DC03F16C8D1BB7BD103FFFFFFFFFFFC8FFF000101161DE242BC704081032F
0DF23A251C0983D3C90DC0DF16C94FBB7BD103FFFFFFFFFFFC8FFF000109161DE242BC6F40810347
0DF295251C9E83D3770DC14916C9A6BB8BD103FFFFFFFFFFFC8FFF00010A161DE242BC6F4081035F
0DF2D4251CEF83D3150DC18416C9CEBB8BD103FFFFFFFFFFFC7FFF0000FD161DE242BC6F4080F377
0DF2D7251CE983D2C50DC18716C9CDBB8BD103FFFFFFFFFFFC9FFF000109161DE142BC6F4080F38F
0DF330251D7783D26B0DC1E816CA21BB8BD103FFFFFFFFFFFC8FFF000101161DE142BC6E4080E3A7
0DF49C251F9E83D20B0DC34716CB3FBB7BD103FFFFFFFFFFFC9FFF000107161DE142BC6E4080E3BF
0DF5702520CF83D1BD0DC41616CBE4BB8BD103FFFFFFFFFFFCAFFF000101161DE142BC6E4080F3D7
0DF5E425217B83D1690DC48716CC40BB8BD103FFFFFFFFFFFC8FFF000107161DE142BC6E4080E3EF
0DF68125227383D10C0DC52916CCC8BB8BD203FFFFFFFFFFFC8FFF000106161DE142BC6D4080E307
0DF7C625246483D0A60DC66A16CDD1BB9BD203FFFFFFFFFFFC8FFF000103161DE142BC6D4080E31F
0DF8F725261B83D0520DC79516CEC0BB9BD203FFFFFFFFFFFC8FFF0000FB161DE142BC6D4080E337
0DF97D2526E483D0110DC81716CF29BB9BD303FFFFFFFFFFFC8FFF0000F8161DE142BC6D4080E34F
0DFA062527BF83CFC10DC8A016CFA0BB9BD303FFFFFFFFFFFC8FFF0000FD161DE142BC6C4080E367
0DFAF925292A83CF5B0DC98D16D061BBABD403FFFFFFFFFFFC8FFF0000FB161DE142BC6C4080E37F
0DFB6B2529C883CF030DC9FB16D0B5BBABD403FFFFFFFFFFFC8FFF0000F8161DE042BC6C4080D397
0DFBA1252A1A83CEBC0DCA3716D0E6BBABD403FFFFFFFFFFFC9FFF0000F6161DE042BC6C4080C3AF
0DFBEB252A8783CE650DCA7C16D11DBBABD403FFFFFFFFFFFC9FFF0000EB161DE042BC6B4080D3C7
0DFC14252ABF83CE090DCAA416D139BBABD503FFFFFFFFFFFC8FFF0000F0161DE042BC6B4080D3DF
0DFC36252AEB83CDA80DCAC716D154BBBBD503FFFFFFFFFFFC8FFF0000E6161DE042BC6B4080C3F7
0DFC67252B2C83CD4A0DCAF616D176BBCBD503FFFFFFFFFFFC9FFF0000EB161DE042BC6B4080C30F
0DFD2F252C6C83CCFD0DCBB316D216BBCBD603FFFFFFFFFFFC9FFF0000DD161DE042BC6A4080C327
0DFE25252DCF83CCB60DCCB216D2E5BBBBD603FFFFFFFFFFFC8FFF0000E7161DE042BC6A4080C33F
0DFF8A252FFE83CC690DCE1616D40FBBBBD503FFFFFFFFFFFC8FFF0000D8161DE042BC6A4080C357
0E012625326183CC0B0DCFA916D556BBBBD503FFFFFFFFFFFC9FFF0000E3161DE042BC6A4080C36F
0E02372533F183CBAC0DD0B816D630BBBBD503FFFFFFFFFFFC8FFF0000E3161DE042BC694080C387
0E03652535C283CB560DD1E616D72ABBBBD503FFFFFFFFFFFC8FFF0000E4161DDF42BC694080C39F
0E048425376D83CB030DD2FD16D80EBBBBD603FFFFFFFFFFFC9FFF0000D6161DDF42BC694080C3B7
0E05652538B483CAA50DD3D716D8BDBBBBD603FFFFFFFFFFFC8FFF0000E3161DDF42BC694080B3CF
0E05F425398683CA5B0DD46C16D932BBCBD603FFFFFFFFFFFCAFFF0000DB161DDF42BC684080A3E7
0E06352539E483CA250DD4A816D964BBCBD603FFFFFFFFFFFC8FFF0000DE161DDF42BC684080B3FF
0E0677253A4D83C9CD0DD4E716D99ABBCBD703FFFFFFFFFFFC9FFF0000E0161DDF42BC684080A317
0E0777253BDB83C95F0DD5DF16DA67BBCBD703FFFFFFFFFFFC8FFF0000E4161DDF42BC684080A32F
0E08B2253DA883C8F80DD71716DB63BBCBD703FFFFFFFFFFFC8FFF0000E5161DDF42BC674080A347
0E0958253E9D83C8A90DD7BE16DBE8BBCBD703FFFFFFFFFFFC8FFF0000DE161DDF42BC674080A35F
0E09FC253F9783C8640DD86316DC72BBCBD603FFFFFFFFFFFC8FFF0000E1161DDF42BC674080A377
0E0B1525413D83C8150DD97616DD52BBCBD603FFFFFFFFFFFC9FFF0000DF161DDF42BC674080A38F
0E0BA825421583C7C80DDA0D16DDCEBBDBD603FFFFFFFFFFFC9FFF0000E2161DDE42BC664080A3A7
0E0C3D2542F683C7750DDAA116DE45BBDBD603FFFFFFFFFFFC9FFF0000E2161DDE42BC664080A3BF
0E0CA825439483C70F0DDB0416DE95BBCBD603FFFFFFFFFFFC8FFF0000E5161DDE42BC664080A3D7
0E0D1F25444B83C6BA0DDB8416DF00BBCBD603FFFFFFFFFFFC8FFF0000E7161DDE42BC66408093EF
0E0DCF25455183C6630DDC2516DF84BBDBD603FFFFFFFFFFFC8FFF0000E7161DDE42BC654080A307
0E0E9F25469583C6030DDCEE16E02BBBDBD703FFFFFFFFFFFC8FFF0000DB161DDE42BC654080931F
0E0F5825479683C5BD0DDDA616E0BCBBEBD703FFFFFFFFFFFC9FFF0000E8161DDE42BC6540809337
0E10272548E283C57B0DDE7616E16DBBFBD703FFFFFFFFFFFC9FFF0000E6161DDE42BC654080834F
0E116F254ADF83C51B0DDFBD16E280BBFBD803FFFFFFFFFFFC8FFF0000E2161DDE42BC6440808367
0E131A254D5A83C4B40DE15E16E3D3BBFBD803FFFFFFFFFFFC8FFF0000DF161DDE42BC644080837F
0E1422254EDF83C45A0DE26416E4A5BBEBD803FFFFFFFFFFFC8FFF0000E6161DDD42BC6440808397
0E14A3254F9F83C40A0DE2E216E50ABBEBD803FFFFFFFFFFFC9FFF0000E7161DDD42BC64408083AF
0E150C25503C83C3BD0DE34916E561BBDBD803FFFFFFFFFFFC8FFF0000E0161DDD42BC63408083C7
0E15712550D283C3670DE3AF16E5B6BBDBD8343FFFFFFFFFFC7FFF0000E5161DDD42BC63408083DF
0E16192551D483C3080DE45416E63BBBEBD85BDFFFFFFFFFFC7FFF0000E4161DDD42BC63408083F7
0E166C25524683C2B00DE4A416E67BBBEBD803FFFFFFFFFFFC8FFF0000E4161DDD42BC634080830F
0E16B12552AE83C2650DE4E616E6AEBBFBD803FFFFFFFFFFFCAFFF0000DD161DDD42BC6240808327
0E173025536A83C20B0DE55716E70DBBFBD821EFFFFFFFFFFCAFFF0000E3161DDD42BC624080833F
0E17942553F783C1AA0DE5C016E75DBBFBD8BDFFFFFFFFFFFC8FFF0000DD161DDD42BC6240806357
0E185325551B83C15B0DE67416E7F0BBEBD804AFFFFFFFFFFC8FFF0000E2161DDD42BC624080636F
0E196C2556DB83C11B0DE79D16E8EFBBEBD803FFFFFFFFFFFC8FFF0000E3161DDC42BC6140807387
0E1A6925583F83C0B70DE88D16E9ACBBEBD803FFFFFFFFFFFC8FFF0000DC161DDC42BC614080639F
0E1A9925587D83C04B0DE8B816E9C8BBFBD803FFFFFFFFFFFC8FFF0000E3161DDC42BC61408063B7
0E1AA925589183C0080DE8D016E9DABBFBD8334FFFFFFFFFFC8FFF0000DF161DDC42BC61408063CF
0E1AB52558A283BFB50DE8E016E9E9BBEBD9CB5FFFFFFFFFFC9FFF0000E0161DDC42BC60408063E7
0E1AEA2558F283BF4F0DE91916EA14BBEBD804CFFFFFFFFFFC9FFF0000DC161DDC42BC60408063FF
0E1B772559C383BEFB0DE99B16EA7EBBEBD803FFFFFFFFFFFC9FFF0000DD161DDC42BC6040806317
0E1BC8255A3683BEAB0DE9EE16EABEBBEBD83A5FFFFFFFFFFC9FFF0000E0161DDC42BC5F4080632F
0E1C00255A8583BE5E0DEA2416EAE8BBFBD9A9EFFFFFFFFFFC9FFF0000D9161DDC42BC5F40805347
0E1C48255AEE83BE0F0DEA6E16EB23BBFBD903FFFFFFFFFFFC8FFF0000DB161DDC42BC5F4080535F
0E1CE9255BE383BDAB0DEB1116EBA8BBFBD903FFFFFFFFFFFC8FFF0000DA161DDC42BC5F40805377
0E1D4C255C6B83BD440DEB6D16EBEFBC0BD903FFFFFFFFFFFC8FFF0000D7161DDB42BC5E4080438F
0E1DAE255D0483BCF00DEBCF16EC40BC0BD8049FFFFFFFFFFC9FFF0000D7161DDB42BC5E408043A7
0E1E8D255E4A83BCB20DECAA16ECF0BBFBD8572FFFFFFFFFFC8FFF0000DA161DDB42BC5E408043BF
0E1F99255FEA83BC650DEDB316EDCEBBFBD8C1DFFFFFFFFFFC8FFF0000CE161DDB42BC5E408043D7
0E1FEA25604F83BC050DEE0416EE07BBFBD803FFFFFFFFFFFC9FFF0000DA161DDB42BC5E408043EF
0E1FF725605C83BBAE0DEE1016EE0EBBFBD803FFFFFFFFFFFC9FFF0000D3161DDB42BC5D40804307
0E202325609F83BB630DEE3C16EE33BBFBD803FFFFFFFFFFFC9FFF0000DB161DDB42BC5D4080431F
0E209125614483BB010DEEAA16EE8CBBFBD8060FFFFFFFFFFC8FFF0000DB161DDB42BC5D40804337
0E20DC2561AB83BA990DEEF216EEC1BBFBD872EFFFFFFFFFFC9FFF0000D4161DDB42BC5C4080434F
0E212F25622183BA4A0DEF3C16EEFCBBFBD8236FFFFFFFFFFC9FFF0000DB161DDB42BC5C40804367
0E214E25624883BA030DEF5E16EF16BBEBD8827FFFFFFFFFFC9FFF0000D4161DDB42BC5C4080337F
0E215325625083B9B50DEF6816EF1DBBEBD8573FFFFFFFFFFC9FFF0000D3161DDA42BC5C40803397
0E216625626983B9620DEF7916EF28BBEBD803FFFFFFFFFFFC9FFF0000DA161DDA42BC5B408023AF
0E216E25626C83B9000DEF8516EF2EBBEBD803FFFFFFFFFFFC8FFF0000DB161DDA42BC5B408023C7
0E21D325630A83B89A0DEFED16EF83BBEBD903FFFFFFFFFFFC8FFF0000DD161DDA42BC5B408023DF
0E22412563A183B8500DF05716EFD6BBEBD80CFFFFFFFFFFFC9FFF0000DD161DDA42BC5B408023F7
0E23002564C783B80B0DF11016F06EBBEBD89D6FFFFFFFFFFC8FFF0000D9161DDA42BC5A4080230F
0E236025655383B7A80DF16C16F0B7BBEBD8634FFFFFFFFFFC8FFF0000D8161DDA42BC5A40802327
0E23CE2565EB83B74D0DF1DC16F10DBBEBD803FFFFFFFFFFFC9FFF0000D6161DDA42BC5A4080233F
0E246B2566E083B7030DF27716F18EBBEBD803FFFFFFFFFFFC9FFF0000DC161DDA42BC5A40802357
0E24E625678683B6A00DF2EE16F1E9BBEBD803FFFFFFFFFFFC9FFF0000DB161DDA42BC594080136F
0E250F2567BF83B6480DF31916F209BBEBD81E8FFFFFFFFFFC8FFF0000D6161DD942BC5940801387
0E25192567CA83B60D0DF32316F210BBEBD8B66FFFFFFFFFFCAFFF0000D6161DD942BC594080139F
0E251D2567C983B5AD0DF32616F20FBBDBD864DFFFFFFFFFFCAFFF0000DD161DD942BC59408003B7
0E25292567D883B5440DF33016F213BBDBD803FFFFFFFFFFFC8FFF0000DC161DD942BC58408003CF
0E256E25683783B4F90DF37A16F24EBBCBD703FFFFFFFFFFFC8FFF0000D5161DD942BC58408003E7
0E264C25699683B49C0DF45516F308BBDBD803FFFFFFFFFFFC9FFF0000DC161DD942BC58408003FF
0E271A256AC183B43A0DF51916F3A2BBCBD8217FFFFFFFFFFC9FFF0000DC161DD942BC5840800317
0E27B6256B9E83B3FD0DF5B316F41BBBDBD7845FFFFFFFFFFC8FFF0000D5161DD942BC574080032F
0E28F4256DAA83B3B00DF6ED16F533BBCBD703FFFFFFFFFFFC8FFF0000DB161DD942BC5740800347
0E2AFF2570AF83B3420DF8F416F6D3BBCBD703FFFFFFFFFFFC8FFF0000DB161DD942BC574080035F
0E2C0025723483B2E30DF9F716F7A9BBCBD703FFFFFFFFFFFC8FFF0000DC161DD942BC5640800377
0E2CF72573A083B2990DFAE516F86ABBCBD603FFFFFFFFFFFC8FFF0000CF161DD842BC564080038F
0E2DE825751B83B23F0DFBD516F935BBCBD62EAFFFFFFFFFFC8FFF0000DD161DD842BC56408003A7
0E2E9625761483B1E20DFC8416F9C1BBDBD79A3FFFFFFFFFFC9FFF0000DE161DD842BC56408003BF
0E2F3325770983B1910DFD1B16FA3FBBEBD703FFFFFFFFFFFC9FFF0000D6161DD842BC55408003D7
0E2FE425780983B1430DFDC716FAC8BBEBD703FFFFFFFFFFFC8FFF0000DC161DD842BC55408003EF
0E30842578F683B0E40DFE6016FB46BBEBD703FFFFFFFFFFFC8FFF0000DC161DD842BC5540800307
0E310F2579C383B0840DFEF816FBBFBBEBD703FFFFFFFFFFFC8FFF0000D7161DD842BC554080031F
0E3159257A1E83B0410DFF3816FBEDBBDBD7409FFFFFFFFFFC9FFF0000DE161DD842BC54407FF337
0E3163257A2B83AFEC0DFF4B16FBF6BBDBD7AF6FFFFFFFFFFC9FFF0000D7161DD842BC54407FF34F
0E31B1257A8683AF840DFF8A16FC1EBBCBD722FFFFFFFFFFFC9FFF0000DA161DD842BC54407FF367
0E31ED257ADA83AF340DFFC816FC4BBBCBD7B9EFFFFFFFFFFC8FFF0000DB161DD742BC54407FE37F
0E3272257B9B83AEE90E004F16FCBCBBBBD7053FFFFFFFFFFC8FFF0000DE161DD742BC53407FE397
0E3290257BC383AE8D0E006816FCCABBABD603FFFFFFFFFFFC9FFF0000DE161DD742BC53407FE3AF
0E32A1257BD483AE320E007B16FCD7BBABD603FFFFFFFFFFFC8FFF0000DE161DD742BC53407FE3C7
0E32AF257BE683ADDE0E008716FCDDBB9BD503FFFFFFFFFFFC9FFF0000DE161DD742BC52407FE3DF
0E32A9257BD883AD8B0E008316FCD7BB9BD5216FFFFFFFFFFC9FFF0000DE161DD742BC52407FE3F7
0E32A9257BCB83AD320E008116FCD0BB9BD4BEDFFFFFFFFFFC9FFF0000DE161DD742BC52407FE30F
0E32A9257BC683ACE70E008116FCCEBB9BD4055FFFFFFFFFFC8FFF0000DE161DD742BC52407FE327
0E3293257B9F83AC980E007416FCBFBBABD403FFFFFFFFFFFC8FFF0000DC161DD742BC52407FE33F
0E329A257BA283AC340E007A16FCBFBBABD403FFFFFFFFFFFC9FFF0000DE161DD742BC51407FE357
0E327F257B6A83ABCE0E005C16FCA0BBBBD403FFFFFFFFFFFC9FFF0000DF161DD642BC51407FD36F
0E32E2257C0283AB790E00CD16FD01BBBBD4371FFFFFFFFFFC9FFF0000DF161DD642BC51407FC387
0E336B257CE783AB360E015F16FD7ABBBBD4C51FFFFFFFFFFC9FFF0000D1161DD642BC50407FD39F
0E34D9257F1083AAEB0E02AF16FE95BBABD4056FFFFFFFFFFC8FFF0000DD161DD642BC50407FC3B7
0E354E257FAD83AA900E032B16FEF0BB9BD503FFFFFFFFFFFC8FFF0000DD161DD642BC50407FC3CF
0E3579257FEA83AA3E0E034316FF03BB9BD403FFFFFFFFFFFC9FFF0000DE161DD642BC50407FC3E7
0E35A025802183A9E80E036616FF1DBB9BD503FFFFFFFFFFFC9FFF0000DF161DD642BC4F407FC3FF
0E36952581A683A97E0E045616FFECBBABD43A9FFFFFFFFFFC8FFF0000D9161DD642BC4F407FC317
0E374C25829A83A92A0E051A170080BBCBD4D7EFFFFFFFFFFC8FFF0000E1161DD642BC4F407FC32F
0E380F2583DA83A8E30E05E017012CBBBBD505AFFFFFFFFFFC8FFF0000DA161DD642BC4F407FC347
0E38D62584F183A89D0E06A51701C5BBBBD503FFFFFFFFFFFC8FFF0000DE161DD542BC4E407FC35F
0E39582585BE83A84F0E071017021FBBBBD4361FFFFFFFFFFC8FFF0000DE161DD542BC4E407FC377
0E39D225866183A8030E079D17028CBBABD4A7CFFFFFFFFFFC8FFF0000D1161DD542BC4E407FC38F
0E3AEF25882683A7A40E08A8170374BBABD403FFFFFFFFFFFC9FFF0000E0161DD542BC4E407FB3A7
0E3C3C258A2283A7300E09F9170489BB9BD503FFFFFFFFFFFC9FFF0000E1161DD542BC4D407FC3BF
0E3E2E258D0C83A6D60E0C05170631BB9BD403FFFFFFFFFFFC9FFF0000DB161DD542BC4D407FA3D7
0E3E8B258D8183A6A50E0C3E170658BB8BD303FFFFFFFFFFFCAFFF0000DE161DD542BC4D407FA3EF
0E3E98258D9E83A65E0E0C4E17066CBB9BD31D2FFFFFFFFFFC8FFF0000DD161DD542BC4D407FA307
0E3EC0258DD683A5FD0E0C7717068BBBABD2725FFFFFFFFFFCAFFF0000D8161DD542BC4C407FA31F
0E3F10258E5483A5A40E0CA31706B1BBABD303FFFFFFFFFFFC9FFF0000DF161DD542BC4C407FA337
0E3FA1258F1B83A55A0E0D50170737BB9BD303FFFFFFFFFFFC9FFF0000DB161DD542BC4C407FA34F
0E3F9C258F2D83A4F60E0D5017073ABB8BD303FFFFFFFFFFFC9FFF0000E1161DD542BC4C407FA367
0E41AD25924583A4960E0F191708BABB8BD303FFFFFFFFFFFC9FFF0000DE161DD442BC4B407FA37F
0E423525930A83A44C0E0FE317095ABB7BD3265FFFFFFFFFFC9FFF0000D7161DD442BC4B407FA397
0E430325944E83A4080E108A1709E7BB8BD3781FFFFFFFFFFC8FFF0000E3161DD442BC4B407FA3AF
0E43AB25954283A3AA0E114E170A85BB7BD303FFFFFFFFFFFC7FFF0000DC161DD442BC4B407FA3C7
0E44112595D483A3490E11B2170AD3BB7BD403FFFFFFFFFFFC7FFF0000E0161DD442BC4A407FA3DF
0E446125965083A3060E1200170B15BB8BD303FFFFFFFFFFFC9FFF0000DF161DD442BC4A407F93F7
0E44FA25973883A2CD0E129D170B92BB9BD303FFFFFFFFFFFC9FFF0000E4161DD442BC4A407F930F
0E450925974C83A2E00E12AA170B9DBB9BD303FFFFFFFFFFFC9FFF0000DD161DD442BC4A407F8327
0E44C02596DE83A2FB0E1283170B7FBBABD303FFFFFFFFFFFC9FFF0000E1161DD442BC49407F833F
0E44AA2596C283A30B0E1251170B58BBBBD203FFFFFFFFFFFC9FFF0000E3161DD442BC49407F8357
0E44C32596EA83A30B0E1273170B75BBABD203FFFFFFFFFFFC9FFF0000E6161DD342BC49407F836F
0E445F25965883A3280E120D170B23BB9BD303FFFFFFFFFFFC9FFF0000D7161DD342BC49407F8387
0E441E2595F883A3520E11C4170AE9BB9BD303FFFFFFFFFFFC8FFF0000E5161DD342BC48407F839F
0E44252595FF83A34E0E11C8170AEDBB9BD303FFFFFFFFFFFC8FFF0000E7161DD342BC48407F83B7
0E443125961483A3400E11D2170AF3BB8BD303FFFFFFFFFFFC9FFF0000EC161DD342BC48407F83CF
0E44152595ED83A35B0E11BA170AE2BB8BD303FFFFFFFFFFFC9FFF0000EA161DD342BC47407F83E7
0E43FE2595CA83A37A0E11A4170AD1BB8BD303FFFFFFFFFFFC8FFF0000F4161DD342BC47407F83FF
0E43F42595BC83A3820E119C170ACBBB9BD303FFFFFFFFFFFC9FFF0000F0161DD342BC47407F8317
0E43E12595A283A3910E1189170ABDBB9BD303FFFFFFFFFFFC9FFF0000F8161DD342BC47407F832F
0E43C625957883A3A20E1170170AAABB8BD303FFFFFFFFFFFC9FFF0000FD161DD342BC46407F6347
0E43B325955A83A3B00E1159170A97BB8BD303FFFFFFFFFFFC9FFF000101161DD342BC46407F635F
0E43A425954483A3B50E114C170A8BBB8BD303FFFFFFFFFFFC9FFF0000FD161DD342BC46407F6377
0E438E25952683A3BA0E113A170A7DBB8BD303FFFFFFFFFFFC8FFF000106161DD242BC46407F638F
0E436A2594ED83A3D70E110F170A5CBB8BD403FFFFFFFFFFFC9FFF000100161DD242BC45407F63A7
0E432725948583A3EB0E10D5170A2BBB7BD403FFFFFFFFFFFC8FFF000100161DD242BC45407F63BF
0E430125945083A3EE0E10C2170A1FBB7BD403FFFFFFFFFFFC8FFF0000FF161DD242BC45407F63D7
0E430225944A83A3FB0E10AA170A09BB9BD403FFFFFFFFFFFC8FFF000105161DD242BC45407F63EF
0E42C82593F683A40A0E10641709D1BB9BD303FFFFFFFFFFFC8FFF000104161DD242BC44407F6307
0E42FB25944D83A4050E10A3170A05BB8BD303FFFFFFFFFFFC8FFF0000FC161DD242BC44407F531F
0E431125946983A4050E10B6170A15BB8BD403FFFFFFFFFFFC9FFF000101161DD242BC44407F6337
0E42C12593F183A4270E107B1709E7BB9BD403FFFFFFFFFFFC9FFF0000FD161DD242BC44407F534F
0E42982593B283A43C0E10351709ACBB9BD403FFFFFFFFFFFC8FFF0000FA161DD242BC43407F5367
0E428725939F83A43C0E10271709A5BB8BD403FFFFFFFFFFFC8FFF0000F6161DD242BC43407F437F
0E42B62593E583A4410E10601709D1BB7BD403FFFFFFFFFFFC9FFF0000F5161DD142BC43407F4397
0E42B02593DA83A4490E10561709C9BB7BD403FFFFFFFFFFFC9FFF0000F4161DD142BC42407F43AF
0E42C52593FD83A4480E10741709E3BB7BD303FFFFFFFFFFFC9FFF0000ED161DD142BC42407F43C7
0E429F2593C383A4520E10541709C8BB7BD403FFFFFFFFFFFC9FFF0000F1161DD142BC42407F43DF
0E41C525926A83A4710E0F8D170918BB8BD303FFFFFFFFFFFCAFFF0000E9161DD142BC42407F43F7
0E41E52592AE83A47C0E0FA5170942BB8BD303FFFFFFFFFFFCAFFF0000EF161DD142BC41407F430F
0E422025930283A4720E0FCE170959BB8BD303FFFFFFFFFFFC9FFF0000EF161DD142BC41407F4327
0E41F62592BF83A47F0E0F9E170930BB8BD303FFFFFFFFFFFC9FFF0000F0161DD142BC41407F433F
0E417725920183A4920E0F411708E2BB9BD303FFFFFFFFFFFC9FFF0000EC161DD142BC40407F4357
0E407925907283A4950E0E63170827BB9BD403FFFFFFFFFFFC9FFF0000F5161DD142BC40407F436F
0E403125901083A4A00E0DEF1707CCBB9BD303FFFFFFFFFFFC8FFF0000F6161DD042BC40407F3387
0E3FF5258FB383A4AD0E0DB1170796BB9BD403FFFFFFFFFFFCAFFF0000F0161DD042BC40407F239F
0E3FFD258FBA83A4AD0E0DB517079BBB9BD403FFFFFFFFFFFC9FFF0000F7161DD042BC3F407F23B7
0E404025902583A4B70E0DF11707CABB8BD503FFFFFFFFFFFC8FFF0000F9161DD042BC3F407F23CF
0E3FD3258F7A83A4CA0E0DB2170794BB8BD503FFFFFFFFFFFC8FFF0000FA161DD042BC3F407F23E7
0E3FC5258F6E83A4CE0E0D9517077EBB7BD503FFFFFFFFFFFC9FFF0000EE161DD042BC3F407F23FF
0E401D258FED83A4CA0E0DF21707CFBB8BD503FFFFFFFFFFFC9FFF0000FC161DD042BC3E407F2317
0E3FCF258F7C83A4EC0E0D8E17077DBB9BD403FFFFFFFFFFFC9FFF0000F4161DD042BC3E407F232F
0E3F83258F0683A5030E0D49170742BB9BD403FFFFFFFFFFFC9FFF0000FB161DD042BC3E407F2347
0E4017258FF083A4E50E0DCD1707B3BB9BD403FFFFFFFFFFFC9FFF0000FA161DD042BC3E407F235F
0E406225905283A4DB0E0E281707FBBB8BD503FFFFFFFFFFFC8FFF0000F4161DD042BC3D407F2377
0E3FB9258F5B83A4FA0E0D97170780BB9BD503FFFFFFFFFFFC8FFF0000F9161DCF42BC3D407F238F
0E3FA0258F2F83A50C0E0D4E170749BB9BD503FFFFFFFFFFFC8FFF0000FB161DCF42BC3D407F17A7
0E3FA0258F3583A5180E0D5017074ABBABD403FFFFFFFFFFFC9FFF0000F4161DCF42BC3C407F27BF
0E3F9F258F3683A5210E0D4E170747BB9BD403FFFFFFFFFFFC8FFF0000FD161DCF42BC3C407F03D7
0E3F9D258F2C83A51E0E0D4B170746BB9BD403FFFFFFFFFFFC9FFF0000FC161DCF42BC3C407F03EF
0E3F9A258F2583A51A0E0D49170741BB8BD403FFFFFFFFFFFC8FFF000100161DCF42BC3C407F0707
0E3F94258F2183A5270E0D4417073DBB8BD503FFFFFFFFFFFC8FFF000106161DCF42BC3B407F071F
0E3F81258F0383A5340E0D36170732BB8BD403FFFFFFFFFFFC9FFF000112161DCF42BC3B407F0337
0E3F60258ED083A53D0E0D15170717BB9BD503FFFFFFFFFFFC9FFF000116161DCF42BC3B407F034F
0E3F7B258EF983A5480E0D2817072ABB8BD603FFFFFFFFFFFC9FFF00011B161DCF42BC3A407F0767
0E3F6C258EE483A55E0E0D1D170720BB8BD503FFFFFFFFFFFC9FFF000120161DCF42BC3A407F077F
0E3F4F258EBC83A56A0E0CFE170706BB8BD503FFFFFFFFFFFC9FFF000123161DCE42BC3A407F0397
0E3F88258F1283A5640E0D34170734BB9BD403FFFFFFFFFFFC9FFF00011F161DCE42BC3A407F07AF
0E3F79258EF883A55A0E0D27170727BB9BD503FFFFFFFFFFFC9FFF000127161DCE42BC39407EF7C7
0E3F6C258EE583A5650E0D1A17071CBB8BD403FFFFFFFFFFFC9FFF000125161DCE42BC39407EF3DF
0E3F41258EA383A5830E0CF41706FEBB8BD403FFFFFFFFFFFCAFFF000125161DCE42BC39407EE7F7
0E3F49258EB283A5990E0CF01706FBBB8BD403FFFFFFFFFFFC9FFF000120161DCE42BC39407EE70F
0E3F3B258EA183A59A0E0CEB1706F6BB8BD403FFFFFFFFFFFC9FFF000127161DCE42BC38407EF327
0E3F42258EA983A5960E0CEF1706F7BB8BD403FFFFFFFFFFFC9FFF000129161DCE42BC38407EE33F
0E3F45258EAF83A5A30E0CF21706FBBB9BD403FFFFFFFFFFFC9FFF000123161DCE42BC38407EE357
0E3F3D258EA383A5B30E0CED1706F7BB8BD403FFFFFFFFFFFC9FFF000129161DCE42BC37407EE36F
0E3F41258EA383A5B50E0CF01706FABB9BD403FFFFFFFFFFFC9FFF000122161DCD42BC37407EE387
0E3F37258E9A83A5B60E0CEB1706F7BBABD403FFFFFFFFFFFC8FFF000127161DCD42BC37407EE39F
0E3F35258E9783A5C50E0CE51706F3BBABD403FFFFFFFFFFFC9FFF00011F161DCD42BC37407EE3B7
0E3F4F258EBE83A5D70E0D08170712BBABD4AB8FFFFFFFFFFC9FFF00011C161DCD42BC36407EE3CF
0E3F4B258EBB83A5DE0E0CFA170707BB9BD4075FFFFFFFFFFC9FFF000123161DCD42BC36407EE3E7
0E3F2D258E8B83A5E00E0CDF1706EFBB9BD303FFFFFFFFFFFC8FFF000123161DCD42BC36407EE3FF
0E3F40258EAC83A5E90E0CEE1706FEBB8BD303FFFFFFFFFFFC9FFF00011E161DCD42BC36407ED317
0E3F2D258E9383A5FA0E0CE11706F4BB8BD403FFFFFFFFFFFC9FFF000127161DCD42BC35407EC32F
0E3F3C258EA683A5F80E0CEF170700BB8BD403FFFFFFFFFFFC9FFF000124161DCD42BC35407ED347
0E3F1D258E7583A5F40E0CD91706EBBB8BD403FFFFFFFFFFFC9FFF000128161DCD42BC35407EC35F
0E3EFB258E4A83A60D0E0CAA1706C8BB8BD403FFFFFFFFFFFC9FFF000131161DCD42BC35407EC377
0E3EEE258E3183A6240E0CA01706BFBB9BD403FFFFFFFFFFFC9FFF000131161DCC42BC34407EC38F
0E3EE8258E2983A61F0E0C9E1706BCBB9BD303FFFFFFFFFFFC9FFF000123161DCC42BC34407EC3A7
0E3EE2258E1E83A6280E0C951706B4BB8BD403FFFFFFFFFFFC9FFF000130161DCC42BC34407EC3BF
0E3EE4258E2783A63E0E0C921706B8BB8BD403FFFFFFFFFFFC9FFF000131161DCC42BC33407EC3D7
0E3ED0258E0783A6440E0C7C1706A0BB9BD403FFFFFFFFFFFC8FFF000123161DCC42BC33407EC3EF
0E3EC8258DF883A63D0E0C7F1706A3BBABD403FFFFFFFFFFFC8FFF000130161DCC42BC33407EC307
0E3E74258D7383A6430E0C3D17066ABBABD403FFFFFFFFFFFC9FFF000128161DCC42BC33407EC31F
0E3E5C258D5383A6570E0C12170648BB9BD503FFFFFFFFFFFC9FFF00012D161DCC42BC32407EC337
0E3E5E258D5A83A6660E0C0E170646BBABD403FFFFFFFFFFFC8FFF00012D161DCC42BC32407EA34F
0E3E61258D5B83A67D0E0C1217064ABBABD403FFFFFFFFFFFC8FFF000127161DCC42BC32407EA367
0E3E5B258D5883A6870E0C0E170645BB9BD403FFFFFFFFFFFC8FFF000130161DCC42BC32407EA37F
0E3E74258D7583A6790E0C2717065CBB9BD403FFFFFFFFFFFC8FFF00012D161DCB42BC31407EA397
0E3E56258D4E83A6710E0C0E170646BB8BD403FFFFFFFFFFFC9FFF000138161DCB42BC31407EA3AF
0E3E56258D4D83A6850E0C05170642BB8BD403FFFFFFFFFFFC9FFF00013A161DCB42BC31407EA3C7
0E3E5A258D5383A6A20E0C0C170648BB8BD503FFFFFFFFFFFC9FFF00013A161DCB42BC31407EA3DF
0E3E4E258D4383A6AF0E0C0117063BBB8BD503FFFFFFFFFFFC9FFF000134161DCB42BC30407EA3F7
0E3E50258D4883A6B40E0C06170640BB9BD503FFFFFFFFFFFC9FFF00013E161DCB42BC30407EA30F
0E3E53258D4A83A6B50E0C0A170644BBABD403FFFFFFFFFFFC9FFF000143161DCB42BC30407EA327
0E3E57258D5283A6BA0E0C0F170647BB9BD403FFFFFFFFFFFC9FFF000142161DCB42BC30407EA33F
0E3E55258D4983A6BF0E0C0B170644BB9BD403FFFFFFFFFFFC8FFF00014A161DCB42BC2F407E9357
0E3E53258D4D83A6CD0E0C07170642BB9BD503FFFFFFFFFFFC8FFF000151161DCB42BC2F407EA36F
0E3E4E258D4483A6D80E0C0317063FBB9BD503FFFFFFFFFFFC9FFF000153161DCA42BC2F407E8387
0E3E52258D5083A6E10E0C05170641BB9BD403FFFFFFFFFFFC9FFF000154161DCA42BC2F407EA39F
0E3E44258D3483A6F70E0BF9170638BB9BD403FFFFFFFFFFFC8FFF000153161DCA42BC2E407E83B7
0E3E2E258D1883A6FE0E0BE717062ABB9BD403FFFFFFFFFFFC8FFF000153161DCA42BC2E407E83CF
0E3E32258D1A83A6FB0E0BED17062EBB9BD403FFFFFFFFFFFC8FFF000153161DCA42BC2E407E83E7
0E3E26258D0683A6FF0E0BDF170621BB9BD403FFFFFFFFFFFC9FFF000154161DCA42BC2D407E83FF
0E3E1D258CFC83A7080E0BCE170616BBABD403FFFFFFFFFFFC9FFF000155161DCA42BC2D407E8317
0E3E31258D1B83A70F0E0BDA17061FBB9BD403FFFFFFFFFFFC9FFF000154161DCA42BC2D407E832F
0E3E23258D0283A7200E0BDE170623BB9BD403FFFFFFFFFFFC9FFF000152161DCA42BC2D407E8347
0E3DF4258CBF83A7300E0BA91705F8BB9BD403FFFFFFFFFFFC9FFF000150161DCA42BC2C407E835F
0E3DE9258CAF83A7380E0B9F1705F0BB9BD503FFFFFFFFFFFC9FFF000148161DC942BC2C407E8377
0E3DE0258CA383A7400E0B9B1705EDBB9BD403FFFFFFFFFFFC8FFF000147161DC942BC2C407E838F
0E3DE7258CAD83A7390E0B9F1705F0BB9BD403FFFFFFFFFFFC8FFF00014B161DC942BC2C407E83A7
0E3DEC258CB383A7320E0BA51705F4BB9BD403FFFFFFFFFFFC9FFF00014C161DC942BC2B407E83BF
0E3DD8258C9783A7410E0B911705E9BB9BD403FFFFFFFFFFFC9FFF000145161DC942BC2B407E83D7
0E3D93258C3383A7630E0B571705B7BB8BD503FFFFFFFFFFFC9FFF00014C161DC942BC2B407E63EF
0E3D42258BB583A7750E0B04170572BB8BD403FFFFFFFFFFFC9FFF00014D161DC942BC2B407E8307
0E3D3F258BB483A7700E0B0E17057BBB8BD403FFFFFFFFFFFC9FFF000149161DC942BC2A407E631F
0E3D44258BBD83A7710E0B07170574BB8BD403FFFFFFFFFFFC9FFF000151161DC942BC2A407E6337
0E3D57258BD383A76A0E0B13170580BB8BD403FFFFFFFFFFFC9FFF00015B161DC942BC2A407E634F
0E3D68258BEF83A76B0E0B2617058DBB8BD403FFFFFFFFFFFC9FFF000151161DC842BC29407E6367
0E3CBE258AEA83A78F0E0A97170516BB8BD403FFFFFFFFFFFC9FFF00015B161DC842BC29407E637F
0E3BD625899083A7B00E09A9170453BB8BD403FFFFFFFFFFFC9FFF000163161DC842BC29407E6397
0E3BF92589C683A7A00E09C317046DBB9BD403FFFFFFFFFFFC9FFF000165161DC842BC29407E63AF
0E3C2D258A0F83A78C0E09F8170495BB9BD403FFFFFFFFFFFC9FFF00015A161DC842BC29407E63C7
0E3C052589D483A79F0E09C617046ABBABD403FFFFFFFFFFFC9FFF00016B161DC842BC28407E53DF
0E3BC225896983A7B90E098B170438BBABD303FFFFFFFFFFFC9FFF00016F161DC842BC28407E63F7
0E3BBF25896783A7B70E099017043EBB9BD403FFFFFFFFFFFC9FFF000172161DC842BC28407E530F
0E3BD725898883A7B30E09AF170454BBABD403FFFFFFFFFFFC8FFF000173161DC842BC27407E4327
0E3B9225892283A7C10E0963170414BBABD403FFFFFFFFFFFC8FFF000174161DC842BC27407E433F
0E3B3225888683A7D20E09041703C5BBABD403FFFFFFFFFFFC9FFF000175161DC742BC27407E4357
0E3A9D2587A783A7E60E086F17034DBB9BD403FFFFFFFFFFFC8FFF000176161DC742BC27407E436F
0E3A7825877383A7E70E0843170327BBABD403FFFFFFFFFFFC8FFF00016A161DC742BC26407E4387
0E3AC22587E483A7D30E0892170368BBABD403FFFFFFFFFFFC9FFF00017A161DC742BC26407E439F
0E3AB82587CB83A7D90E0893170364BBABD403FFFFFFFFFFFC9FFF00017B161DC742BC26407E43B7
0E39F52586A183A7F20E07DB1702D0BBABD403FFFFFFFFFFFC8FFF00017A161DC742BC26407E43CF
0E39502585B283A8060E0719170234BBABD403FFFFFFFFFFFC9FFF000176161DC742BC25407E43E7
0E390A25854883A8130E06DA1701FEBBABD503FFFFFFFFFFFC9FFF000173161DC742BC25407E43FF
0E391125855483A8150E06E0170202BBABD403FFFFFFFFFFFC9FFF00016B161DC742BC25407E4317
0E399325861983A8010E076B170274BBABD403FFFFFFFFFFFC9FFF000172161DC742BC25407E432F
0E39A625862B83A80A0E077F170283BBABD403FFFFFFFFFFFC8FFF00016C161DC642BC24407E4347
0E38DC2584FE83A8300E06AC1701D6BB9BD503FFFFFFFFFFFC8FFF000171161DC642BC24407E435F
0E38C82584E683A82F0E06931701C3BB9BD503FFFFFFFFFFFC9FFF000168161DC642BC24407E2377
0E38FC25853283A8290E06CC1701EFBB9BD503FFFFFFFFFFFCAFFF00016B161DC642BC24407E238F
0E38BC2584CC83A83C0E06961701C5BB9BD503FFFFFFFFFFFC9FFF000163161DC642BC23407E23A7
0E389425849683A8450E0660170197BB9BD503FFFFFFFFFFFC9FFF000165161DC642BC23407E23BF
0E389D2584A283A8430E0664170199BB9BD503FFFFFFFFFFFC9FFF000166161DC642BC23407E23D7
0E388C25848383A8490E0663170199BB9BD503FFFFFFFFFFFC9FFF000165161DC642BC22407E23EF
0E386E25845583A8500E064217017FBB9BD503FFFFFFFFFFFC9FFF000164161DC642BC22407E2307
0E38302583F483A85F0E060C170151BB9BD503FFFFFFFFFFFC9FFF000161161DC642BC22407E231F
0E37B025833483A86F0E058B1700E4BB9BD503FFFFFFFFFFFC9FFF000162161DC642BC22407E2337
0E37BC25834883A8700E05941700EEBB9BD503FFFFFFFFFFFC9FFF000155161DC542BC22407E234F
0E37ED25838E83A86D0E05C5170115BB8BD503FFFFFFFFFFFC9FFF000166161DC542BC21407E2367
0E37B725833B83A8740E05971700ECBB9BD503FFFFFFFFFFFC8FFF00016A161DC542BC21407E137F
0E37A325832483A8780E05781700D4BBABD603FFFFFFFFFFFC8FFF00016E161DC542BC21407E1397
0E37692582C083A8810E054E1700B0BBABD503FFFFFFFFFFFC8FFF00016F161DC542BC20407E03AF
0E372825826783A88E0E04F617006ABBABD503FFFFFFFFFFFC9FFF000170161DC542BC20407E03C7
0E372E25827383A8990E04F717006CBBABD503FFFFFFFFFFFCAFFF00016E161DC542BC20407E03DF
0E36FD25822083A8A00E04EB170061BBABD403FFFFFFFFFFFC9FFF000176161DC542BC20407E03F7
0E36F725821583A89E0E04D7170050BB9BD503FFFFFFFFFFFC8FFF00017C161DC542BC1F407E030F
0E36F325821383A89B0E04CF17004ABB9BD503FFFFFFFFFFFC8FFF000179161DC542BC1F407E0327
0E36B82581B683A8A00E049917001BBB9BD403FFFFFFFFFFFC8FFF00017F161DC442BC1F407E033F
0E367F25816683A8B30E044F16FFE0BB9BD503FFFFFFFFFFFC8FFF000183161DC442BC1F407E0357
0E367325815183A8C00E044416FFD7BBABD403FFFFFFFFFFFC9FFF00017E161DC442BC1E407E036F
0E367525814F83A8B90E044916FFDABBABD403FFFFFFFFFFFC9FFF000185161DC442BC1E407E0387
0E366625814083A8C60E043216FFC9BBABD503FFFFFFFFFFFC8FFF000183161DC442BC1E407E039F
0E365125811C83A8D90E042316FFBABBABD403FFFFFFFFFFFC8FFF00017B161DC442BC1E407E03B7
0E364225810783A8CC0E041A16FFB2BBABD503FFFFFFFFFFFCAFFF00017F161DC442BC1D407E03CF
0E367725815683A8C10E044916FFDBBBABD503FFFFFFFFFFFC9FFF000176161DC442BC1D407E03E7
0E366C25814583A8D50E043B16FFCFBBABD503FFFFFFFFFFFC8FFF000178161DC442BC1D407E03FF
0E365C25812D83A8E00E043116FFC7BBABD503FFFFFFFFFFFC8FFF00016D161DC442BC1D407E0317
0E365A25812683A8F00E042616FFC1BBABD503FFFFFFFFFFFCAFFF00016A161DC442BC1C407E032F
0E36312580EE83A8FF0E040416FFA0BBABD503FFFFFFFFFFFC9FFF00016D161DC342BC1C407DE347
0E366425813D83A8F10E042916FFC3BBABD503FFFFFFFFFFFC9FFF00016B161DC342BC1C407DE35F
0E367325814D83A8DD0E044A16FFD9BBABD503FFFFFFFFFFFCAFFF000162161DC342BC1B407DE377
0E367025814F83A8F00E043F16FFD4BBABD403FFFFFFFFFFFC9FFF000160161DC342BC1B407DE38F
0E366025813783A9090E042A16FFC1BBABD503FFFFFFFFFFFC9FFF000163161DC342BC1B407DE3A7
0E365925812883A9070E043516FFC9BBABD503FFFFFFFFFFFCAFFF00015B161DC342BC1B407DE3BF
0E367525815683A8FD0E044116FFD2BBABD503FFFFFFFFFFFC9FFF000159161DC342BC1A407DE3D7
0E365125811E83A9150E041D16FFB6BBBBD503FFFFFFFFFFFC9FFF000159161DC342BC1A407DC3EF
0E36322580F183A9230E03F716FF96BBABD503FFFFFFFFFFFC9FFF000157161DC342BC1A407DE307
0E364B25811683A9140E041B16FFB4BB9BD503FFFFFFFFFFFC8FFF000149161DC342BC1A407DC31F
0E368125816883A90C0E044816FFD9BB9BD503FFFFFFFFFFFC9FFF000155161DC342BC19407DC337
0E367025814E83A91B0E044616FFDBBB9BD503FFFFFFFFFFFCAFFF000153161DC242BC19407DC34F
0E366325813C83A9260E043B16FFCFBB9BD503FFFFFFFFFFFC8FFF000145161DC242BC19407DC367
0E366B25814883A9210E044516FFD8BB9BD503FFFFFFFFFFFC8FFF000151161DC242BC19407DC37F
0E366625813D83A9250E043816FFCDBB9BD503FFFFFFFFFFFC8FFF000150161DC242BC18407DC397
0E364C25811D83A9360E041D16FFBBBB9BD503FFFFFFFFFFFC8FFF000150161DC242BC18407DC3AF
0E365E25813283A9410E042E16FFC7BBABD403FFFFFFFFFFFC9FFF000149161DC242BC18407DC3C7
0E366025813683A9410E043716FFCDBBABD403FFFFFFFFFFFC9FFF000151161DC242BC18407DC3DF
0E367825815F83A9340E044916FFE0BBBBD503FFFFFFFFFFFC9FFF00014F161DC242BC17407DC3F7
0E367A25816383A92F0E044816FFDEBBBBD403FFFFFFFFFFFC9FFF00014A161DC242BC17407DC30F
0E366C25814B83A9480E043F16FFD7BBABD403FFFFFFFFFFFC9FFF000159161DC242BC17407DB327
0E365725812F83A9520E041D16FFB9BBABD503FFFFFFFFFFFC9FFF00015B161DC142BC17407DB33F
0E366725814183A9470E043016FFC8BBABD503FFFFFFFFFFFC9FFF00015E161DC142BC16407DC357
0E366E25815283A9550E043A16FFD4BBABD403FFFFFFFFFFFC9FFF000161161DC142BC16407DA36F
0E366B25814A83A95F0E044316FFDABBABD503FFFFFFFFFFFCAFFF000166161DC142BC16407DA387
0E366F25815583A95C0E043E16FFD7BBBBD503FFFFFFFFFFFC8FFF000160161DC142BC15407DA39F
0E366025813983A9680E043C16FFD5BBBBD503FFFFFFFFFFFC8FFF00016E161DC142BC15407DA3B7
0E365E25813C83A9650E042816FFC4BBBBD503FFFFFFFFFFFC9FFF000173161DC142BC15407DA3CF
0E366B25814E83A95B0E043C16FFD3BBBBD503FFFFFFFFFFFC9FFF000177161DC142BC15407DA3E7
0E364525811483A9730E040E16FFB0BBBBD503FFFFFFFFFFFC8FFF00017A161DC142BC14407DA3FF
0E360F2580C083A9840E03ED16FF94BBBBD503FFFFFFFFFFFC8FFF000184161DC142BC14407DA317
0E36302580F383A9710E03F816FF9CBBBBD503FFFFFFFFFFFC9FFF000187161DC142BC14407DA32F
0E36302580F983A9720E03FD16FF9EBBABD503FFFFFFFFFFFC9FFF000184161DC042BC14407DA347
0E36372580FC83A97C0E03FB16FF9DBBABD503FFFFFFFFFFFC9FFF00018F161DC042BC13407DA35F
0E36162580CB83A9710E03E916FF8FBBABD503FFFFFFFFFFFC9FFF00018F161DC042BC13407DA377
0E362B2580EC83A9770E040516FFA7BB9BD503FFFFFFFFFFFCAFFF000194161DC042BC13407D938F
0E35EA25808D83A9960E03C416FF72BB9BD503FFFFFFFFFFFC9FFF000197161DC042BC13407D83A7
0E35DF25807C83A9930E03B516FF66BB9BD503FFFFFFFFFFFC9FFF000198161DC042BC12407D83BF
0E36052580B283A97C0E03CF16FF7BBB9BD503FFFFFFFFFFFC9FFF00018D161DC042BC12407D83D7
0E36152580C983A97B0E03E916FF8EBB9BD503FFFFFFFFFFFC9FFF00019C161DC042BC12407D83EF
0E35F825809C83A9840E03CC16FF79BB9BD503FFFFFFFFFFFC9FFF00019B161DC042BC12407D8307
0E35F72580A183A9980E03C816FF7CBB9BD503FFFFFFFFFFFC9FFF00018D161DC042BC11407D831F
0E35E225807C83A9A90E03B016FF62BB9BD503FFFFFFFFFFFC9FFF00019A161DC042BC11407D8337
0E35F125809683A99A0E03BB16FF6DBBABD503FFFFFFFFFFFC8FFF00019B161DC042BC11407D834F
0E35FE2580AB83A9900E03C816FF76BBABD503FFFFFFFFFFFC8FFF000191161DBF42BC11407D8367
0E35FC2580A883A9A20E03CE16FF7CBBBBD503FFFFFFFFFFFC9FFF000196161DBF42BC10407D837F
0E35D425806A83A9AD0E03B116FF62BBBBD603FFFFFFFFFFFCAFFF00018D161DBF42BC10407D8397
0E35DC25807583A9B50E03B016FF61BBABD503FFFFFFFFFFFCAFFF000193161DBF42BC10407D83AF
0E35EF25809283A9AE0E03B316FF63BBBBD503FFFFFFFFFFFC9FFF000193161DBF42BC0F407D63C7
0E35D425806883A9AB0E03AD16FF5DBBBBD503FFFFFFFFFFFC9FFF000185161DBF42BC0F407D83DF
0E35CA25805F83A9BD0E03A016FF58BBBBD503FFFFFFFFFFFC9FFF000193161DBF42BC0F407D63F7
0E35C925805983A9CB0E039416FF4DBBBBD503FFFFFFFFFFFC8FFF000194161DBF42BC0F407D630F
0E35B625803A83A9CA0E039216FF49BBABD503FFFFFFFFFFFC8FFF000192161DBF42BC0E407D6327
0E35B725803E83A9C60E038A16FF43BBABD503FFFFFFFFFFFC8FFF00019D161DBF42BC0E407D633F
0E35BB25804683A9BE0E038B16FF44BBABD503FFFFFFFFFFFC8FFF0001A1161DBF42BC0E407D6357
0E35C325805383A9CA0E039216FF4CBB9BD503FFFFFFFFFFFC9FFF00019E161DBE42BC0E407D636F
0E35C625805883A9E00E039816FF50BB9BD503FFFFFFFFFFFC9FFF0001A6161DBE42BC0D407D6387
0E35C225805183A9DB0E039016FF49BBABD503FFFFFFFFFFFC9FFF0001A9161DBE42BC0D407D639F
0E35CD25806183A9D20E039C16FF54BBCBD503FFFFFFFFFFFC9FFF0001AC161DBE42BC0D407D63B7
0E35C025804F83A9E50E039516FF4EBBCBD503FFFFFFFFFFFC9FFF00019E161DBE42BC0D407D63CF
0E35AF25803383A9E10E038016FF3BBBCBD503FFFFFFFFFFFC9FFF0001AE161DBE42BC0C407D63E7
0E35BE25804A83A9D60E038816FF42BBBBD503FFFFFFFFFFFC9FFF0001A1161DBE42BC0C407D53FF
0E35BC25804D83A9EB0E038916FF47BBBBD503FFFFFFFFFFFC9FFF0001AD161DBE42BC0C407D4317
0E35C625805B83A9EE0E039B16FF53BBABD503FFFFFFFFFFFC9FFF0001AA161DBE42BC0B407D532F
0E35C325805683A9F10E039716FF51BB9BD503FFFFFFFFFFFC9FFF0001A5161DBE42BC0B407D4347
0E35CF25806983AA000E03A716FF5EBBABD503FFFFFFFFFFFC8FFF000199161DBE42BC0B407D435F
0E359E25801C83A9FF0E037316FF31BB9BD603FFFFFFFFFFFC8FFF000199161DBE42BC0B407D4377
0E359F25801F83A9F90E037116FF30BBABD503FFFFFFFFFFFC9FFF000199161DBD42BC0A407D438F
0E35A125802183A9FA0E037316FF31BBABD603FFFFFFFFFFFC9FFF000193161DBD42BC0A407D43A7
0E35A025802183AA020E037116FF32BBABD603FFFFFFFFFFFC9FFF00018E161DBD42BC0A407D43BF
0E359E25801D83AA0A0E036F16FF30BBABD503FFFFFFFFFFFC9FFF000180161DBD42BC0A407D43D7
0E359725801383AA140E036816FF2CBBABD503FFFFFFFFFFFC8FFF00017F161DBD42BC09407D43EF
0E359325800F83AA200E036416FF2ABBABD503FFFFFFFFFFFC8FFF000172161DBD42BC09407D4307
0E359725801483AA210E036616FF29BBABD503FFFFFFFFFFFC8FFF00016C161DBD42BC09407D431F
0E359825801883AA160E036B16FF2EBBABD503FFFFFFFFFFFC9FFF00016D161DBD42BC08407D4337
0E35A425802B83AA1B0E037016FF35BBABD51A0FFFFFFFFFFC9FFF000163161DBD42BC08407D434F
0E35A025802483AA2A0E036F16FF33BBABD5A37FFFFFFFFFFC9FFF00015D161DBD42BC08407D2367
0E359F25802383AA300E036E16FF32BBABD50ADFFFFFFFFFFC9FFF000158161DBD42BC08407D237F
0E35A125802A83AA380E036F16FF35BBBBD503FFFFFFFFFFFC8FFF000152161DBD42BC07407D2397
0E359E25802383AA400E036F16FF33BBABD403FFFFFFFFFFFC8FFF000140161DBC42BC07407D23AF
0E35A525802E83AA3F0E037316FF38BB9BD503FFFFFFFFFFFC8FFF000147161DBC42BC07407D23C7
0E35A725803083AA390E037616FF39BBABD513CFFFFFFFFFFC7FFF00013E161DBC42BC07407D23DF
0E35AD25803983AA390E037D16FF3DBBABD5997FFFFFFFFFFC8FFF000139161DBC42BC06407D23F7
0E35AC25803C83AA490E037916FF3EBBBBD50AEFFFFFFFFFFC8FFF000138161DBC42BC06407D230F
0E35A125802983AA540E037316FF37BBBBD503FFFFFFFFFFFC9FFF00012D161DBC42BC06407D2327
0E35A225802E83AA4E0E037216FF37BBBBD503FFFFFFFFFFFCAFFF000129161DBC42BC05407D233F
0E35A125802683AA5B0E036D16FF37BBBBD503FFFFFFFFFFFCAFFF00012C161DBC42BC05407D2357
0E359D25802683AA640E037016FF35BBBBD517DFFFFFFFFFFC8FFF00012B161DBC42BC05407D236F
0E35A525803083AA590E037516FF39BBBBD6A22FFFFFFFFFFC8FFF00012A161DBC42BC05407D2387
0E35AA25803983AA500E037A16FF3DBBBBD50B3FFFFFFFFFFC8FFF00011A161DBC42BC04407D039F
0E35A325802D83AA640E037216FF39BBBBD503FFFFFFFFFFFC8FFF000124161DBB42BC04407D03B7
0E359725801B83AA750E036B16FF33BBBBD503FFFFFFFFFFFC8FFF000123161DBB42BC04407D13CF
0E35A025802983AA6E0E036F16FF36BBCBD503FFFFFFFFFFFC8FFF000122161DBB42BC04407D03E7
0E35A125802F83AA710E037516FF3ABBBBD5213FFFFFFFFFFC8FFF00011A161DBB42BC03407D03FF
0E359925801F83AA780E036B16FF31BBBBD5C32FFFFFFFFFFC9FFF000120161DBB42BC03407D0317
0E359825801F83AA7A0E036A16FF30BBBBD50CBFFFFFFFFFFC8FFF00011A161DBB42BC03407D032F
0E359B25802183AA7A0E036C16FF33BBABD503FFFFFFFFFFFC9FFF000121161DBB42BC02407D0347
0E359B25802583AA7D0E036D16FF34BBABD503FFFFFFFFFFFC9FFF00011D161DBB42BC02407D035F
0E359825801F83AA7F0E036C16FF34BBABD503FFFFFFFFFFFC9FFF000124161DBB42BC02407D0377
0E358A25800B83AA850E035E16FF29BBABD52E1FFFFFFFFFFC9FFF000122161DBB42BC02407D038F
0E3578257FF483AA960E034A16FF1ABBABD4CCDFFFFFFFFFFC8FFF000122161DBB42BC01407CF3A7
0E3559257FBF83AAA20E033116FF03BB9BD40D6FFFFFFFFFFC8FFF000129161DBB42BC01407D03BF
0E356B257FDF83AA980E034416FF14BB9BD403FFFFFFFFFFFC8FFF00012C161DBB42BC01407CF3D7
0E357F257FF983AA840E035116FF1FBB9BD403FFFFFFFFFFFC9FFF000130161DBA42BC01407CF3EF
0E357E257FFF83AA8F0E034E16FF1EBB9BD503FFFFFFFFFFFC8FFF00012D161DBA42BC00407CE307
0E3544257FA783AAB50E032616FEFBBB9BD538AFFFFFFFFFFC8FFF000131161DBA42BC00407CE31F
0E3525257F7483AAB60E02FB16FED7BB9BD5D77FFFFFFFFFFC9FFF00013B161DBA42BC00407CE337
0E3537257F9083AAA40E030E16FEE6BB8BD50E0FFFFFFFFFFCAFFF00013E161DBA42BC00407CE34F
0E352A257F7A83AAB40E02FD16FEDBBB9BD503FFFFFFFFFFFC8FFF00013C161DBA42BBFF407CE367
0E351E257F6883AABF0E02F016FECEBBABD6343FFFFFFFFFFC9FFF000142161DBA42BBFF407CE37F
0E3521257F6E83AABB0E02F516FED1BBCBD6AC2FFFFFFFFFFC9FFF00014D161DBA42BBFF407CE397
0E351B257F5F83AABD0E02F216FECEBBCBD603FFFFFFFFFFFC9FFF000151161DBA42BBFE407CE3AF
0E3513257F5783AAC10E02E816FEC7BBBBD603FFFFFFFFFFFC9FFF000155161DBA42BBFE407CE3C7
0E350C257F4F83AAD00E02DC16FEC1BBABD603FFFFFFFFFFFC7FFF000159161DBA42BBFE407CE3DF
0E34FD257F3483AADB0E02D316FEB8BBABD603FFFFFFFFFFFC7FFF00015D161DBA42BBFE407CE3F7
0E3504257F3E83AAD50E02D716FEB9BBBBD645BFFFFFFFFFFC9FFF000161161DB942BBFD407CD30F
0E3508257F4783AAD00E02DD16FEBFBBABD5BBAFFFFFFFFFFC9FFF000165161DB942BBFD407CE327
0E34F0257F2583AADE0E02CA16FEB0BB9BD503FFFFFFFFFFFC9FFF000164161DB942BBFD407CC33F
0E34DA257F0383AAEA0E02B016FE9ABBABD503FFFFFFFFFFFC8FFF000170161DB942BBFD407CC357
0E34DC257F0683AAE70E02B516FE9CBBABD503FFFFFFFFFFFC8FFF00016C161DB942BBFC407CC36F
0E34DA257F0283AAEB0E02AE16FE98BBABD503FFFFFFFFFFFC9FFF000177161DB942BBFC407CC387
0E34DC257F0683AAEC0E02B216FE9CBBABD5564FFFFFFFFFFCAFFF00017C161DB942BBFC407CC39F
0E34D8257F0083AAF30E02AB16FE97BBBBD5C9FFFFFFFFFFFC9FFF00017B161DB942BBFB407CC3B7
0E34C7257EE883AB050E029C16FE8BBBABD503FFFFFFFFFFFC9FFF000185161DB942BBFB407CC3CF
0E34CB257EEB83AAFE0E029F16FE8BBBABD503FFFFFFFFFFFC9FFF000182161DB942BBFB407CC3E7
0E34DA257F0283AAF60E02B016FE9CBBBBD503FFFFFFFFFFFC8FFF00018D161DB942BBFB407CC3FF
0E34BD257EDA83AB0B0E029716FE87BBBBD503FFFFFFFFFFFC8FFF00018C161DB842BBFA407CC317
0E34AC257EBD83AB1A0E028016FE74BBBBD548DFFFFFFFFFFC9FFF00019A161DB842BBFA407CC32F
0E34B3257EC883AB0B0E028616FE79BBBBD5C27FFFFFFFFFFC9FFF000199161DB842BBFA407CC347
0E34B7257ED083AB020E028C16FE7EBBABD503FFFFFFFFFFFC9FFF0001A4161DB842BBFA407CC35F
0E34A8257EB883AB140E028116FE76BBABD5045FFFFFFFFFFC9FFF0001A4161DB842BBF9407CC377
0E349A257EA283AB1C0E027116FE67BBABD54F3FFFFFFFFFFC9FFF0001A4161DB842BBF9407CB38F
0E348B257E8D83AB280E025E16FE59BBABD5908FFFFFFFFFFC9FFF0001B2161DB842BBF9407CA3A7
0E3481257E8183AB340E025816FE52BBABD503FFFFFFFFFFFCAFFF0001AE161DB842BBF9407CA3BF
0E348A257E8D83AB290E026216FE5BBBABD603FFFFFFFFFFFC9FFF0001B9161DB842BBF8407CA3D7
0E349B257EA683AB230E027216FE67BBABD603FFFFFFFFFFFC7FFF0001B9161DB842BBF8407CA3EF
0E3486257E8983AB350E025E16FE59BBABD5088FFFFFFFFFFC8FFF0001C2161DB842BBF8407CA307
0E347F257E7D83AB370E025716FE51BB9BD5695FFFFFFFFFFC9FFF0001C6161DB842BBF7407CA31F
0E349E257EA983AB2E0E027016FE66BB9BD59B7FFFFFFFFFFC9FFF0001C0161DB742BBF7407CA337
0E3485257E8A83AB3E0E025D16FE59BB9BD503FFFFFFFFFFFC9FFF0001C0161DB742BBF7407CA34F
0E344B257E3283AB570E022616FE2ABB9BD503FFFFFFFFFFFC9FFF0001C1161DB742BBF7407CA367
0E3449257E2983AB520E022616FE2BBB9BD603FFFFFFFFFFFC9FFF0001C7161DB742BBF6407CA37F
0E3476257E7283AB3B0E025016FE4DBBABD50C3FFFFFFFFFFC8FFF0001CB161DB742BBF6407C9397
0E347D257E7A83AB370E025816FE52BBABD57C8FFFFFFFFFFC9FFF0001CA161DB742BBF6407C83AF
0E3459257E4483AB470E023916FE3BBBABD5A4CFFFFFFFFFFC9FFF0001D1161DB742BBF5407C93C7
0E3442257E1D83AB520E021716FE1DBBABD503FFFFFFFFFFFCAFFF0001CA161DB742BBF5407C93DF
0E3422257DEB83AB5C0E020116FE0CBBABD503FFFFFFFFFFFC8FFF0001D1161DB742BBF5407C93F7
0E340C257DCF83AB660E01E716FDF7BBBBD503FFFFFFFFFFFC9FFF0001D2161DB742BBF5407C830F
0E3414257DDC83AB640E01EB16FDF8BBBBD50C9FFFFFFFFFFC8FFF0001D4161DB742BBF4407C8327
0E342B257DFE83AB560E020816FE10BBBBD57A5FFFFFFFFFFC8FFF0001CF161DB742BBF4407C833F
0E3436257E0A83AB590E020F16FE17BBBBD50B6FFFFFFFFFFC9FFF0001D8161DB642BBF4407C8357
0E3432257E0683AB5E0E020916FE11BBABD503FFFFFFFFFFFC9FFF0001D7161DB642BBF3407C836F
0E3424257DF483AB680E01FE16FE0ABBABD503FFFFFFFFFFFC9FFF0001D4161DB642BBF3407C8387
0E341D257DEB83AB730E01F016FDFDBBABD503FFFFFFFFFFFC9FFF0001D3161DB642BBF3407C839F
0E341E257DEA83AB7A0E01F316FE00BBABD50DFFFFFFFFFFFC9FFF0001CA161DB642BBF3407C83B7
0E342A257DFD83AB710E020116FE0BBBABD579AFFFFFFFFFFC9FFF0001CA161DB642BBF2407C83CF
0E3440257E1C83AB660E021A16FE20BBABD50B5FFFFFFFFFFC8FFF0001D0161DB642BBF2407C83E7
0E343B257E1683AB6F0E021316FE19BBABD503FFFFFFFFFFFC9FFF0001CE161DB642BBF2407C83FF
0E3425257DF583AB800E01FD16FE0BBBABD503FFFFFFFFFFFC9FFF0001C7161DB642BBF2407C6317
0E3412257DD783AB880E01ED16FDFCBBABD503FFFFFFFFFFFC9FFF0001C2161DB642BBF1407C832F
0E3431257E0F83AB790E020C16FE15BBABD5109FFFFFFFFFFC9FFF0001BE161DB642BBF1407C8347
0E343B257E1583AB790E021116FE1BBBABD68D5FFFFFFFFFFC9FFF0001C6161DB542BBF1407C635F
0E3433257E0E83AB880E020716FE13BBABD50DEFFFFFFFFFFC9FFF0001C5161DB542BBF0407C6377
0E343E257E1C83AB8F0E021316FE1CBBABD5A23FFFFFFFFFFC9FFF0001C5161DB542BBF0407C638F
0E344F257E3683AB860E022616FE2CBBBBD5398FFFFFFFFFFC8FFF0001C4161DB542BBF0407C63A7
0E345F257E5083AB830E023416FE35BBBBD503FFFFFFFFFFFC9FFF0001BC161DB542BBF0407C63BF
0E3460257E5183AB890E023316FE3ABBBBD503FFFFFFFFFFFC9FFF0001C1161DB542BBEF407C63D7
0E3453257E3E83AB9B0E022616FE31BBABD503FFFFFFFFFFFC9FFF0001C0161DB542BBEF407C63EF
0E3450257E3C83AB980E022716FE2EBBABD4044FFFFFFFFFFC9FFF0001C1161DB542BBEF407C6307
0E3461257E4F83AB8C0E023916FE3DBBABD53C4FFFFFFFFFFCAFFF0001C5161DB542BBEF407C631F
0E3463257E5883AB900E023C16FE41BBBBD503FFFFFFFFFFFC8FFF0001C2161DB542BBEE407C6337
0E3448257E3083AB9F0E022216FE2BBBABD503FFFFFFFFFFFC8FFF0001C5161DB442BBEE407C534F
0E344D257E3883AB9A0E022516FE2FBBABD503FFFFFFFFFFFC8FFF0001CD161DB442BBEE407C4367
0E3467257E5D83AB8D0E023C16FE40BBABD503FFFFFFFFFFFC9FFF0001CF161DB442BBED407C437F
0E3459257E4B83AB9B0E023216FE3ABBABD503FFFFFFFFFFFCAFFF0001CE161DB442BBED407C4397
0E3458257E4883ABA20E022F16FE35BB9BD403FFFFFFFFFFFC9FFF0001C4161DB442BBED407C43AF
0E344F257E3983ABA50E022916FE30BB9BD503FFFFFFFFFFFC8FFF0001CF161DB442BBED407C53C7
0E342B257E0583ABB40E020416FE11BBABD503FFFFFFFFFFFC8FFF0001D5161DB442BBEC407C43DF
0E3427257DFD83ABAF0E020016FE10BBABD503FFFFFFFFFFFC9FFF0001D9161DB442BBEC407C43F7
0E344D257E3883AB960E022716FE30BBABD503FFFFFFFFFFFC8FFF0001DE161DB442BBEC407C430F
0E3454257E4383AB950E022A16FE32BBBBD403FFFFFFFFFFFC8FFF0001E2161DB442BBEB407C4327
0E3431257E0C83ABA40E021016FE1ABBCBD403FFFFFFFFFFFC9FFF0001DD161DB342BBEB407C433F
0E3420257DEF83ABB00E01F916FE0ABBBBD403FFFFFFFFFFFC8FFF0001DE161DB342BBEB407C4357
0E3415257DE383ABB60E01EE16FE00BBABD403FFFFFFFFFFFC8FFF0001E7161DB342BBEB407C436F
0E3411257DDA83ABB80E01F016FE02BBABD403FFFFFFFFFFFC8FFF0001E3161DB342BBEA407C4387
0E3403257DC883ABBB0E01E516FDF8BBABD403FFFFFFFFFFFC9FFF0001E8161DB342BBEA407C339F
0E3418257DE783ABAD0E01F216FE04BBABD403FFFFFFFFFFFC9FFF0001F5161DB342BBEA407C23B7
0E342C257E0583AB9B0E020316FE10BBABD403FFFFFFFFFFFC8FFF0001FA161DB342BBE9407C23CF
0E3423257DF783ABA40E01FD16FE0EBBABD403FFFFFFFFFFFC8FFF0001FB161DB342BBE9407C23E7
0E3404257DCA83ABBA0E01DF16FDF5BBABD503FFFFFFFFFFFC9FFF0001EE161DB342BBE9407C23FF
0E33F0257DAA83ABC70E01C616FDE1BBBBD503FFFFFFFFFFFC9FFF0001FC161DB342BBE9407C2317
0E33E6257D9C83ABCE0E01C216FDDCBBBBD603FFFFFFFFFFFC8FFF0001FE161DB342BBE9407C232F
0E33EE257DAB83ABBA0E01D016FDE9BBBBD603FFFFFFFFFFFC8FFF0001F5161DB242BBE8407C2347
0E340A257DD183ABA50E01E016FDF3BBABD603FFFFFFFFFFFC9FFF000208161DB242BBE8407C235F
0E33FE257DC183ABB70E01D716FDEDBBABD603FFFFFFFFFFFC9FFF00020D161DB242BBE8407C2377
0E33E7257D9E83ABBE0E01C516FDDCBBABD503FFFFFFFFFFFC9FFF00020F161DB242BBE7407C238F
0E33EA257D9E83ABBD0E01C716FDDFBB9BD503FFFFFFFFFFFC9FFF00020E161DB242BBE7407C23A7
0E33E3257D9783ABC70E01B816FDD3BB9BD503FFFFFFFFFFFC8FFF00020E161DB242BBE7407C23BF
0E33C0257D5F83ABD40E019316FDB4BBABD503FFFFFFFFFFFC8FFF000208161DB242BBE7407C23D7
0E33CC257D7183ABCB0E01A716FDC3BBBBD503FFFFFFFFFFFC9FFF00020A161DB242BBE6407C23EF
0E33E1257D9683ABBE0E01BB16FDD6BBBBD503FFFFFFFFFFFC9FFF000207161DB242BBE6407C2307
0E33E0257D9283ABCA0E01BA16FDD5BBABD503FFFFFFFFFFFC9FFF000217161DB242BBE6407C131F
0E33CF257D7B83ABD20E01A816FDC6BB9BD503FFFFFFFFFFFC9FFF000216161DB142BBE5407C2337
0E33F4257DB383ABC00E01CA16FDE2BBABD603FFFFFFFFFFFC9FFF000215161DB142BBE5407C034F
0E3407257DD083ABBA0E01E316FDF8BBBBD603FFFFFFFFFFFC9FFF000210161DB142BBE5407C0367
0E33D9257D8C83ABD30E01BD16FDD7BBBBD603FFFFFFFFFFFCAFFF000210161DB142BBE5407C037F
0E33BD257D5C83ABDC0E019B16FDBDBBBBD603FFFFFFFFFFFC9FFF000216161DB142BBE4407C1397
0E33D9257D8983ABCC0E01B516FDD0BBBBD603FFFFFFFFFFFC9FFF000216161DB142BBE4407C03AF
0E33E7257D9C83ABC90E01C116FDDBBBABD603FFFFFFFFFFFC9FFF000216161DB142BBE4407C03C7
0E33D6257D8283ABD30E01B116FDCDBBABD503FFFFFFFFFFFC7FFF000217161DB142BBE4407C03DF
0E33E7257D9D83ABC80E01BD16FDD7BBABD603FFFFFFFFFFFC8FFF000218161DB142BBE3407C03F7
0E33F0257DA983ABC80E01CB16FDE4BBABD603FFFFFFFFFFFC9FFF00020A161DB142BBE3407C030F
0E33DF257D9283ABDC0E01B716FDD4BBABD603FFFFFFFFFFFC9FFF000216161DB042BBE3407C0327
0E33EB257DA483ABD80E01C116FDDABBABD603FFFFFFFFFFFC9FFF00020F161DB042BBE2407C033F
0E3406257DCB83ABCB0E01E016FDF5BBABD503FFFFFFFFFFFC9FFF000218161DB042BBE2407C0357
0E3415257DE783ABCC0E01EE16FE00BBABD503FFFFFFFFFFFC9FFF000219161DB042BBE2407C036F
0E340A257DD383ABD50E01E916FDFDBBBBD503FFFFFFFFFFFC8FFF000213161DB042BBE2407C0387
0E3405257DCB83ABDC0E01DE16FDF5BBABD503FFFFFFFFFFFC9FFF00021A161DB042BBE1407C039F
0E3427257E0483ABC90E020016FE11BBABD503FFFFFFFFFFFC9FFF000214161DB042BBE1407C03B7
0E344B257E3A83ABC20E022316FE2CBBBBD503FFFFFFFFFFFC9FFF000215161DB042BBE1407C03CF
0E341D257DF483ABD80E01FB16FE0DBBBBD503FFFFFFFFFFFC8FFF00020F161DB042BBE1407C03E7
0E3412257DE583ABDD0E01EC16FE00BBABD503FFFFFFFFFFFC8FFF00021D161DB042BBE0407C03FF
0E3426257E0283ABD30E020116FE11BB9BD503FFFFFFFFFFFC9FFF00021E161DAF42BBE0407BE317
0E3438257E1983ABD30E021B16FE26BB9BD503FFFFFFFFFFFCAFFF00021F161DAF42BBE0407BE32F
0E3432257E1383ABCF0E021516FE20BB9BD503FFFFFFFFFFFC9FFF000219161DAF42BBDF407BE347
0E3435257E1683ABCF0E021216FE1EBBABD503FFFFFFFFFFFC9FFF000219161DAF42BBDF407BE35F
0E3433257E1383ABD30E020916FE18BBABD403FFFFFFFFFFFC9FFF000218161DAF42BBDF407BE377
0E343A257E2283ABD40E020F16FE1DBBABD503FFFFFFFFFFFC9FFF000221161DAF42BBDF407BD38F
0E343D257E2583ABD90E021416FE22BBABD5147FFFFFFFFFFC9FFF000222161DAF42BBDE407BE3A7
0E3441257E2983ABD90E021616FE22BBABD5A4AFFFFFFFFFFC9FFF00021A161DAF42BBDE407BE3BF
0E3453257E4683ABCD0E022C16FE38BBBBD503FFFFFFFFFFFC8FFF000221161DAF42BBDE407BD3D7
0E3471257E7383ABC80E024B16FE4FBBABD603FFFFFFFFFFFC8FFF000215161DAE42BBDD407BC3EF
0E3453257E4883ABDF0E022A16FE37BBBBD503FFFFFFFFFFFC9FFF000224161DAE42BBDD407BD307
0E3457257E4D83ABDD0E022D16FE39BBBBD503FFFFFFFFFFFC9FFF000224161DAE42BBDD407BC31F
0E3485257E9383ABC20E025E16FE60BBBBD503FFFFFFFFFFFC9FFF000225161DAE42BBDD407BD337
0E348D257EA683ABC50E026116FE63BBABD503FFFFFFFFFFFC8FFF000221161DAE42BBDC407BC34F
0E347E257E8683ABD90E025416FE59BBABD503FFFFFFFFFFFC8FFF000220161DAE42BBDC407BC367
0E3484257E9583ABD40E025B16FE5EBB9BD603FFFFFFFFFFFC8FFF000225161DAE42BBDC407BC37F
0E3491257EA383ABCC0E026716FE67BB9BD503FFFFFFFFFFFC8FFF000225161DAE42BBDC407BC397
0E3490257EA283ABCB0E026716FE68BBABD503FFFFFFFFFFFC9FFF00021F161DAE42BBDB407BC3AF
0E3490257EA483ABCF0E026616FE67BBABD503FFFFFFFFFFFC9FFF000227161DAD42BBDB407BC3C7
0E3493257EA983ABCC0E026616FE68BBBBD503FFFFFFFFFFFC9FFF00021A161DAD42BBDB407BC3DF
0E349D257EB883ABC40E027416FE73BBBBD503FFFFFFFFFFFC9FFF000228161DAD42BBDA407BC3F7
0E349D257EB883ABC90E027216FE74BBABD503FFFFFFFFFFFCAFFF000222161DAD42BBDA407BC30F
0E3494257EAC83ABD20E026B16FE6EBBABD503FFFFFFFFFFFC9FFF000228161DAD42BBDA407BB327
0E3498257EAD83ABCB0E026B16FE6DBBABD503FFFFFFFFFFFC9FFF000222161DAD42BBDA407BC33F
0E3495257EAE83ABD00E026816FE6DBBABD503FFFFFFFFFFFC9FFF000229161DAD42BBD9407BA357
0E348E257EA783ABE70E026216FE67BBBBD503FFFFFFFFFFFC9FFF00022B161DAD42BBD9407BA36F
0E348F257EA483ABDE0E026416FE68BBCBD503FFFFFFFFFFFC9FFF00022D161DAD42BBD9407BA387
0E3497257EB183ABBF0E026E16FE6FBBCBD503FFFFFFFFFFFC9FFF000229161DAD42BBD8407BA39F
0E349C257EBB83ABBC0E026F16FE71BBBBD503FFFFFFFFFFFC9FFF00022D161DAC42BBD8407BA3B7
0E3494257EAE83ABDD0E026916FE6EBBBBD503FFFFFFFFFFFC9FFF00022E161DAC42BBD8407BA3CF
0E3490257EA783ABEB0E026616FE68BBABD503FFFFFFFFFFFC9FFF00022E161DAC42BBD8407BA3E7
0E3491257EA783ABE50E026716FE68BBABD503FFFFFFFFFFFC8FFF000226161DAC42BBD7407BA3FF
0E3491257EAA83ABE00E026716FE67BBABD503FFFFFFFFFFFC9FFF000229161DAC42BBD7407BA317
0E3494257EAD83ABD50E026916FE6BBB9BD603FFFFFFFFFFFC9FFF00022E161DAC42BBD7407BA32F
0E3498257EB083ABD30E026C16FE6EBBABD603FFFFFFFFFFFC9FFF00022F161DAC42BBD6407BA347
0E3494257EB083ABE10E026616FE6DBBABD503FFFFFFFFFFFC9FFF00022D161DAC42BBD6407BA35F
0E3492257EAD83ABE90E026716FE6ABBABD503FFFFFFFFFFFC9FFF000232161DAC42BBD6407B9377
0E3496257EAE83ABE10E026A16FE6DBBABD503FFFFFFFFFFFC8FFF00022C161DAC42BBD6407B938F
0E349D257EBE83ABDC0E027116FE72BBBBD503FFFFFFFFFFFC9FFF00022B161DAB42BBD5407BA3A7
0E3498257EB583ABE90E026B16FE70BBBBD503FFFFFFFFFFFC9FFF00022F161DAB42BBD5407B83BF
0E348D257EA483ABF80E026216FE67BBBBD503FFFFFFFFFFFC8FFF000231161DAB42BBD5407B83D7
0E3497257EB383ABEE0E026A16FE6FBBBBD503FFFFFFFFFFFCAFFF000234161DAB42BBD5407B83EF
0E34B0257EDC83ABD30E028916FE86BBBBD503FFFFFFFFFFFCAFFF00022F161DAB42BBD4407B8307
0E34C7257EFE83ABD10E029916FE95BBABD603FFFFFFFFFFFC7FFF000235161DAB42BBD4407B831F
0E34B5257EE483ABE70E028916FE8ABBABD503FFFFFFFFFFFCAFFF000233161DAB42BBD4407B8337
0E34A2257EC883AC000E027716FE7ABB9BD503FFFFFFFFFFFC9FFF000230161DAB42BBD3407B834F
0E3493257EAC83AC110E026916FE6FBBABD503FFFFFFFFFFFC9FFF000228161DAB42BBD3407B8367
0E34A1257EC883AC040E027916FE7ABBBBD503FFFFFFFFFFFC7FFF000229161DAB42BBD3407B837F
0E34CD257F0783ABDF0E02A216FE9DBBBBD503FFFFFFFFFFFC8FFF00022C161DAA42BBD3407B8397
0E34DF257F2383ABD40E02B716FEAEBBABD503FFFFFFFFFFFC9FFF000236161DAA42BBD2407B83AF
0E34D6257F1883ABF10E02AB16FEA5BBABD503FFFFFFFFFFFC8FFF000233161DAA42BBD2407B83C7
0E34C2257EF683AC020E029B16FE97BBABD503FFFFFFFFFFFC8FFF00022F161DAA42BBD2407B83DF
0E34C0257EF783AC0A0E029516FE91BBABD503FFFFFFFFFFFC9FFF000226161DAA42BBD2407B83F7
0E34BE257EF383AC110E029316FE90BBABD503FFFFFFFFFFFC9FFF000224161DAA42BBD1407B630F
0E34D3257F1183AC020E02A516FE9FBBBBD503FFFFFFFFFFFC9FFF00022C161DAA42BBD1407B6327
0E34E9257F3683ABF40E02C016FEB4BBBBD503FFFFFFFFFFFCAFFF000232161DAA42BBD1407B633F
0E34E8257F3583ABFC0E02BF16FEB4BBBBD503FFFFFFFFFFFC9FFF00022D161DAA42BBD0407B8357
0E34E1257F2783AC040E02BB16FEB1BBCBD503FFFFFFFFFFFC9FFF000230161DAA42BBD0407B636F
0E34E3257F2C83AC040E02B916FEAFBBBBD503FFFFFFFFFFFC9FFF00022C161DA942BBD0407B6387
0E34E2257F2C83AC0A0E02B716FEADBBABD503FFFFFFFFFFFC9FFF000224161DA942BBD0407B639F
0E34D9257F1C83AC1A0E02AE16FEA9BBABD503FFFFFFFFFFFC9FFF000223161DA942BBCF407B63B7
0E34D6257F1983AC220E02AD16FEA7BBABD503FFFFFFFFFFFC8FFF00022A161DA942BBCF407B63CF
0E34DF257F2783AC130E02B816FEB0BBABD503FFFFFFFFFFFC8FFF00022A161DA942BBCF407B63E7
0E34E8257F3683AC0D0E02BD16FEB5BBABD603FFFFFFFFFFFC9FFF000224161DA942BBCF407B63FF
0E34E6257F3383AC180E02BC16FEB4BBBBD603FFFFFFFFFFFC9FFF00022C161DA942BBCE407B6317
0E34E5257F2F83AC100E02C016FEB6BBBBD603FFFFFFFFFFFC9FFF00022B161DA942BBCE407B632F
0E34E7257F3383AC1A0E02B816FEB3BBBBD603FFFFFFFFFFFC9FFF000221161DA942BBCE407B5347
0E34D9257F1F83AC320E02B016FEACBBBBD603FFFFFFFFFFFCAFFF000226161DA942BBCE407B535F
0E34DF257F2983AC2C0E02B616FEAFBBABD603FFFFFFFFFFFC9FFF000227161DA842BBCD407B4377
0E34ED257F3E83AC200E02C116FEB8BBABD603FFFFFFFFFFFC9FFF000221161DA842BBCD407B538F
0E34ED257F4083AC270E02C116FEB9BBABD603FFFFFFFFFFFC8FFF000229161DA842BBCD407B43A7
0E34ED257F3B83AC2B0E02C216FEBABBBBD603FFFFFFFFFFFC8FFF000224161DA842BBCC407B43BF
0E34F3257F4983AC280E02C616FEBEBBBBD603FFFFFFFFFFFC9FFF00022A161DA842BBCC407B43D7
0E34F3257F4683AC2C0E02C816FEBFBBABD603FFFFFFFFFFFC8FFF000223161DA842BBCC407B43EF
0E34E8257F3983AC390E02C016FEB9BBABD603FFFFFFFFFFFC8FFF000228161DA842BBCC407B4307
0E34ED257F4283AC340E02C316FEBBBB9BD603FFFFFFFFFFFC8FFF000227161DA842BBCB407B431F
0E34F7257F4D83AC2A0E02CA16FEC3BBABD503FFFFFFFFFFFC8FFF000227161DA842BBCB407B4337
0E34F2257F4C83AC370E02C516FEC1BBABD603FFFFFFFFFFFC8FFF00021B161DA842BBCB407B434F
0E34F0257F4783AC3A0E02C516FEBDBBBBD503FFFFFFFFFFFC8FFF00022A161DA742BBCA407B4367
0E34F2257F4883AC3B0E02C616FEBFBBABD503FFFFFFFFFFFC8FFF000228161DA742BBCA407B437F
0E34F3257F4783AC380E02C916FEC1BB9BD503FFFFFFFFFFFC9FFF000227161DA742BBCA407B4397
0E34FB257F5883AC2C0E02CF16FEC6BB9BD503FFFFFFFFFFFC9FFF000227161DA742BBCA407B33AF
0E34FB257F5783AC310E02CE16FEC8BB9BD503FFFFFFFFFFFC9FFF000226161DA742BBC9407B23C7
0E34E6257F3A83AC4A0E02BD16FEBABBABD503FFFFFFFFFFFC9FFF00021F161DA742BBC9407B23DF
0E34DF257F2A83AC480E02B716FEB2BBABD403FFFFFFFFFFFC8FFF000226161DA742BBC9407B23F7
0E34F2257F4683AC3F0E02C816FEC0BBABD503FFFFFFFFFFFC8FFF000218161DA742BBC9407B330F
0E34F7257F5283AC3A0E02CE16FEC5BBABD503FFFFFFFFFFFC7FFF00021C161DA742BBC8407B2327
0E34F6257F4E83AC340E02CC16FEC4BBABD503FFFFFFFFFFFC7FFF000218161DA642BBC8407B233F
0E34EC257F4283AC3F0E02BF16FEBBBBABD503FFFFFFFFFFFC9FFF000225161DA642BBC8407B2357
0E34D7257F2083AC4E0E02AE16FEAEBBABD603FFFFFFFFFFFC9FFF000223161DA642BBC8407B236F
0E34DA257F2583AC480E02B116FEAFBBABD603FFFFFFFFFFFC9FFF000222161DA642BBC7407B2387
0E34E3257F3583AC400E02BD16FEB8BBABD503FFFFFFFFFFFC9FFF000221161DA642BBC7407B239F
0E34D3257F1A83AC460E02AC16FEABBBABD403FFFFFFFFFFFC8FFF00021C161DA642BBC7407B23B7
0E34AF257EE383AC550E028816FE8EBBABD403FFFFFFFFFFFC8FFF000222161DA642BBC6407B23CF
0E34AD257EE083AC500E028516FE8ABB9BD503FFFFFFFFFFFC9FFF00021B161DA642BBC6407B13E7
0E34C4257F0183AC400E029D16FE9EBBABD503FFFFFFFFFFFC9FFF00021A161DA642BBC6407B23FF
0E34BE257EFD83AC470E029616FE9ABBABD503FFFFFFFFFFFC8FFF00021F161DA642BBC6407B2317
0E3498257EC183AC5B0E027316FE7CBBABD603FFFFFFFFFFFC8FFF000218161DA542BBC5407B032F
0E3485257EA383AC5F0E025E16FE6BBBABD603FFFFFFFFFFFC9FFF00021B161DA542BBC5407B1347
0E348A257EAE83AC590E026216FE6EBBABD603FFFFFFFFFFFCAFFF00021D161DA542BBC5407B035F
0E348D257EAF83AC500E026816FE73BBABD603FFFFFFFFFFFC9FFF00021D161DA542BBC5407B0377
0E3496257EC083AC4A0E027016FE77BBABD503FFFFFFFFFFFC9FFF00021C161DA542BBC4407B038F
0E3484257EA183AC510E025E16FE6ABBABD503FFFFFFFFFFFC9FFF00021A161DA542BBC4407B03A7
0E3473257E8C83AC620E024416FE58BBABD503FFFFFFFFFFFCAFFF000219161DA542BBC4407B03BF
0E3476257E8C83AC690E024916FE59BB9BD503FFFFFFFFFFFC8FFF000211161DA542BBC4407B03D7
0E3473257E8983AC690E024B16FE5ABBABD603FFFFFFFFFFFC9FFF000216161DA542BBC3407B03EF
0E3471257E8783AC620E024716FE56BBABD603FFFFFFFFFFFC8FFF00020E161DA442BBC3407B0307
0E3473257E8983AC5B0E024916FE59BBABD603FFFFFFFFFFFC8FFF000215161DA442BBC3407B031F
0E3473257E8783AC5D0E024716FE59BBABD503FFFFFFFFFFFC8FFF000216161DA442BBC2407B0337
0E346E257E8083AC660E024316FE55BBBBD503FFFFFFFFFFFC8FFF000215161DA442BBC2407B034F
0E346A257E7D83AC740E023B16FE4FBBABD503FFFFFFFFFFFC9FFF000213161DA442BBC2407AF367
0E3467257E7683AC7C0E023D16FE50BBBBD503FFFFFFFFFFFC9FFF000209161DA442BBC2407AF37F
0E3468257E7C83AC740E023E16FE4EBBBBD603FFFFFFFFFFFC9FFF00020F161DA442BBC1407AF397
0E346B257E7D83AC6F0E023F16FE51BBBBD503FFFFFFFFFFFC9FFF00020F161DA442BBC1407AE3AF
0E346B257E7A83AC750E023F16FE52BBBBD503FFFFFFFFFFFC8FFF00020A161DA442BBC1407AE3C7
0E346A257E7A83AC720E024016FE51BBBBD503FFFFFFFFFFFC8FFF00020F161DA342BBC1407AE3DF
0E3469257E7A83AC6F0E023E16FE50BBBBD503FFFFFFFFFFFC8FFF00020D161DA342BBC0407AE3F7
0E3464257E7883AC7E0E023816FE4FBBABD503FFFFFFFFFFFC9FFF0001FF161DA342BBC0407AE30F
0E345E257E7183AC980E023516FE4BBBABD503FFFFFFFFFFFC9FFF000208161DA342BBC0407AE327
0E3461257E6F83AC930E023516FE4ABBABD503FFFFFFFFFFFC9FFF0001FB161DA342BBC0407AE33F
0E3461257E6F83AC770E023616FE4BBBBBD603FFFFFFFFFFFC8FFF000208161DA342BBBF407AE357
0E3462257E7283AC790E023716FE4BBBBBD503FFFFFFFFFFFC8FFF000206161DA342BBBF407AE36F
0E3460257E7283AC8F0E023516FE4BBBBBD503FFFFFFFFFFFC9FFF000204161DA342BBBF407AE387
0E3460257E6D83AC8F0E023516FE49BBABD503FFFFFFFFFFFC8FFF000203161DA342BBBF407AE39F
0E3461257E7183AC980E023316FE4ABBBBD503FFFFFFFFFFFC8FFF000200161DA242BBBE407AE3B7
0E345A257E6683ACA30E023116FE48BBBBD503FFFFFFFFFFFC9FFF0001F6161DA242BBBE407AD3CF
0E3456257E6083AC9F0E023016FE45BBABD503FFFFFFFFFFFC9FFF0001FB161DA242BBBE407AE3E7
0E345C257E6983AC960E023316FE47BBABD503FFFFFFFFFFFC9FFF0001F4161DA242BBBE407AD3FF
0E345F257E6E83AC940E023416FE4ABBABD603FFFFFFFFFFFC9FFF0001FB161DA242BBBD407AC317
0E345B257E6983AC980E023016FE48BBABD503FFFFFFFFFFFC8FFF0001EC161DA242BBBD407AC32F
0E344F257E5883ACB10E022616FE40BBABD503FFFFFFFFFFFC8FFF0001F2161DA242BBBD407AC347
0E3446257E4683ACB30E022016FE38BBABD503FFFFFFFFFFFC8FFF0001F1161DA242BBBD407AC35F
0E344C257E4D83ACA80E022416FE3CBBABD503FFFFFFFFFFFC9FFF0001F4161DA242BBBC407AC377
0E3449257E5183ACAB0E022416FE3BBB9BD503FFFFFFFFFFFC8FFF0001F5161DA142BBBC407AC38F
0E3440257E3C83ACAF0E021A16FE32BB9BD503FFFFFFFFFFFC8FFF0001EF161DA142BBBC407AC3A7
0E3446257E4A83ACA30E021E16FE36BBABD503FFFFFFFFFFFC8FFF0001F6161DA142BBBB407AC3BF
0E343E257E3D83ACAC0E021416FE30BBABD503FFFFFFFFFFFC8FFF0001F5161DA142BBBB407AC3D7
0E342F257E2683ACBF0E020716FE24BB9BD503FFFFFFFFFFFCAFFF0001ED161DA142BBBB407AC3EF
0E342F257E2583ACBC0E020616FE23BBABD503FFFFFFFFFFFC9FFF0001F4161DA142BBBB407AC307
0E3432257E2B83ACB70E020A16FE26BBABD503FFFFFFFFFFFC8FFF0001F4161DA142BBBA407AC31F
0E3439257E3883ACB30E020E16FE29BBABD503FFFFFFFFFFFC9FFF0001F3161DA142BBBA407AC337
0E3438257E3383ACB30E021116FE2DBBBBD503FFFFFFFFFFFC8FFF0001F2161DA142BBBA407AB34F
0E342F257E2583ACC30E020516FE24BBBBD403FFFFFFFFFFFC9FFF0001EC161DA042BBBA407AB367
0E342F257E2783ACC40E020516FE21BBBBD503FFFFFFFFFFFC8FFF0001ED161DA042BBB9407AA37F
0E3434257E2F83ACC00E020A16FE27BBABD503FFFFFFFFFFFC8FFF0001EE161DA042BBB9407AB397
0E3439257E3683ACBD0E021116FE2CBBABD403FFFFFFFFFFFC9FFF0001F0161DA042BBB9407AA3AF
0E3437257E3583ACBF0E020D16FE2ABBABD503FFFFFFFFFFFC9FFF0001EA161DA042BBB9407AA3C7
0E3434257E2F83ACC80E020916FE28BBABD503FFFFFFFFFFFCAFFF0001ED161DA042BBB8407AA3DF
0E3438257E3683ACC40E020E16FE2CBBABD503FFFFFFFFFFFCAFFF0001F5161DA042BBB8407AA3F7
0E343F257E3C83ACBC0E021516FE31BB9BD503FFFFFFFFFFFCAFFF0001F5161DA042BBB8407AA30F
0E343B257E3B83ACC40E021116FE2FBB9BD503FFFFFFFFFFFCAFFF0001EE161DA042BBB8407AA327
0E3436257E3083ACC80E020D16FE2BBB9BD503FFFFFFFFFFFC9FFF0001EE161D9F42BBB7407AA33F
0E3439257E3983ACCA0E020E16FE2CBBABD603FFFFFFFFFFFCAFFF0001F7161D9F42BBB7407AA357
0E3435257E3183ACCE0E020E16FE2CBBABD503FFFFFFFFFFFCAFFF0001F8161D9F42BBB7407A936F
0E3439257E3883ACC30E021116FE2FBBBBD503FFFFFFFFFFFCAFFF0001F1161D9F42BBB6407AA387
0E3443257E4283ACB70E021916FE34BBBBD503FFFFFFFFFFFC9FFF0001F2161D9F42BBB6407AA39F
0E343C257E3E83ACC60E021416FE32BBABD50F0FFFFFFFFFFC9FFF0001F3161D9F42BBB6407A93B7
0E3436257E3283ACD00E020D16FE2CBBABD5A7DFFFFFFFFFFC9FFF0001F9161D9F42BBB6407AA3CF
0E3439257E3783ACC50E021016FE2DBBABD503FFFFFFFFFFFC8FFF0001F8161D9F42BBB5407AA3E7
0E3439257E3783ACC30E020E16FE2DBBABD503FFFFFFFFFFFC8FFF0001F7161D9F42BBB5407A83FF
0E3433257E2C83ACC00E020C16FE29BBABD503FFFFFFFFFFFC8FFF0001F1161D9E42BBB5407A8317
0E3435257E3183ACB70E020D16FE2ABBABD503FFFFFFFFFFFC9FFF0001F9161D9E42BBB5407A832F
0E3431257E2C83ACC00E020716FE28BBABD503FFFFFFFFFFFC9FFF0001F6161D9E42BBB4407A8347
0E3427257E1883ACCD0E01FB16FE1DBBABD503FFFFFFFFFFFCAFFF0001EF161D9E42BBB4407A835F
0E3428257E1E83ACC20E01FF16FE1FBBABD503FFFFFFFFFFFC9FFF0001E3161D9E42BBB4407A8377
0E342F257E2483ACBA0E020716FE26BBABD503FFFFFFFFFFFC9FFF0001E9161D9E42BBB4407A838F
0E3428257E1B83ACC90E01FF16FE1FBBBBD503FFFFFFFFFFFC9FFF0001E3161D9E42BBB3407A83A7
0E3428257E1C83ACC20E020016FE21BBBBD603FFFFFFFFFFFC9FFF0001E7161D9E42BBB3407A83BF
0E3436257E3283ACA70E020D16FE2ABBBBD603FFFFFFFFFFFCAFFF0001E6161D9E42BBB3407A83D7
0E3433257E3083ACB70E020B16FE29BBBBD503FFFFFFFFFFFC9FFF0001D6161D9D42BBB2407A83EF
0E3424257E1483ACCE0E01FB16FE1CBBBBD503FFFFFFFFFFFC9FFF0001DC161D9D42BBB2407A8307
0E3425257E1483ACC70E01FB16FE1CBBBBD603FFFFFFFFFFFC9FFF0001DD161D9D42BBB2407A831F
0E3424257E1983ACCC0E01F816FE1BBBABD603FFFFFFFFFFFC9FFF0001DE161D9D42BBB2407A8337
0E3424257E1883ACD10E01FA16FE1BBBABD503FFFFFFFFFFFC9FFF0001DF161D9D42BBB1407A834F
0E342F257E2883ACB90E020616FE25BB9BD603FFFFFFFFFFFC8FFF0001DB161D9D42BBB1407A8367
0E343D257E3C83ACB10E021116FE2FBB9BD503FFFFFFFFFFFC8FFF0001DC161D9D42BBB1407A837F
0E3430257E2C83ACD10E020916FE29BBABD503FFFFFFFFFFFC9FFF0001DE161D9D42BBB1407A6397
0E342A257E1F83ACD40E020216FE21BB9BD603FFFFFFFFFFFC9FFF0001E0161D9D42BBB0407A63AF
0E3438257E3683ACC60E020E16FE2BBB9BD603FFFFFFFFFFFCAFFF0001E1161D9C42BBB0407A63C7
0E3441257E4183ACC50E021316FE30BBABD603FFFFFFFFFFFC8FFF0001DD161D9C42BBB0407A63DF
0E343F257E4083ACD00E021616FE32BBABD603FFFFFFFFFFFC9FFF0001E6161D9C42BBB0407A63F7
0E3449257E5283ACC50E021F16FE39BBABD503FFFFFFFFFFFC9FFF0001E7161D9C42BBAF407A630F
0E344F257E5A83ACBA0E022416FE3FBBBBD503FFFFFFFFFFFC9FFF0001DB161D9C42BBAF407A6327
0E344E257E5983ACD00E022016FE3EBBCBD503FFFFFFFFFFFC9FFF0001E7161D9C42BBAF407A633F
0E3450257E5A83ACD50E022516FE40BBABD503FFFFFFFFFFFC9FFF0001E1161D9C42BBAF407A6357
0E3453257E6283ACCE0E022916FE41BBABD503FFFFFFFFFFFC8FFF0001E8161D9C42BBAE407A636F
0E3458257E6783ACC90E022F16FE45BBABD503FFFFFFFFFFFC8FFF0001E1161D9C42BBAE407A6387
0E3463257E7683ACC50E023816FE4EBB9BD503FFFFFFFFFFFC8FFF0001DB161D9B42BBAE407A639F
0E346C257E8683ACC60E024016FE56BBABD503FFFFFFFFFFFC9FFF0001E7161D9B42BBAD407A53B7
0E346F257E8D83ACD50E024116FE58BBABD503FFFFFFFFFFFCBFFF0001D9161D9B42BBAD407A53CF
0E346B257E8883ACE70E023E16FE56BBABD603FFFFFFFFFFFC9FFF0001E5161D9B42BBAD407A53E7
0E3476257E9583ACDD0E024B16FE5EBB9BD603FFFFFFFFFFFC9FFF0001E4161D9B42BBAD407A43FF
0E3489257EB383ACCD0E025E16FE6FBBABD603FFFFFFFFFFFC8FFF0001E3161D9B42BBAC407A4317
0E34A1257ED983ACC70E027216FE7DBBBBD703FFFFFFFFFFFC8FFF0001E2161D9B42BBAC407A432F
0E34B0257EEE83ACCA0E028116FE8EBBBBD6451FFFFFFFFFFC9FFF0001D9161D9B42BBAC407A4347
0E34A6257EE283ACDC0E027616FE88BBBBD64D0FFFFFFFFFFC9FFF0001DE161D9A42BBAC407A435F
0E34AA257EE783ACEA0E027E16FE8BBBBBD603FFFFFFFFFFFC8FFF0001D6161D9A42BBAB407A4377
0E34B7257EFF83ACE50E028C16FE97BBBBD603FFFFFFFFFFFC7FFF0001DB161D9A42BBAB407A438F
0E34CD257F2083ACE10E02A216FEAABBBBD62B4FFFFFFFFFFC7FFF0001D7161D9A42BBAB407A43A7
0E34D7257F2D83ACE30E02AC16FEB1BBBBD6A67FFFFFFFFFFC8FFF0001D5161D9A42BBAB407A33BF
0E34F7257F6283ACD30E02CA16FECBBBBBD703DFFFFFFFFFFCAFFF0001D5161D9A42BBAA407A43D7
0E3502257F7483ACD60E02D516FED7BBCBD603FFFFFFFFFFFC8FFF0001D3161D9A42BBAA407A43EF
0E34EF257F5E83ACF80E02C516FECBBBBBD603FFFFFFFFFFFC9FFF0001D0161D9A42BBAA407A4307
0E34ED257F5783ACF50E02C216FEC6BBBBD603FFFFFFFFFFFC8FFF0001C5161D9A42BBA9407A331F
0E3517257F9483ACD80E02EC16FEE9BBBBD52ACFFFFFFFFFFC8FFF0001C9161D9942BBA9407A2337
0E351A257F9C83ACE30E02EE16FEEFBBBBD5A84FFFFFFFFFFC8FFF0001C7161D9942BBA9407A234F
0E3503257F7783ACF60E02DC16FEDCBBBBD503DFFFFFFFFFFC8FFF0001BF161D9942BBA9407A2367
0E3514257F8F83ACE70E02E716FEE5BBABD503FFFFFFFFFFFC8FFF0001BD161D9942BBA8407A237F
0E353C257FCE83ACD70E031016FF06BBABD503FFFFFFFFFFFC8FFF0001C1161D9942BBA8407A2397
0E3523257FA783ACE80E02FA16FEF7BBABD603FFFFFFFFFFFC8FFF0001BD161D9942BBA8407A23AF
0E3515257F9283ACF10E02EB16FEE9BBBBD61F7FFFFFFFFFFC8FFF0001B4161D9942BBA7407A23C7
0E351D257F9E83ACED0E02F016FEEDBBBBD6917FFFFFFFFFFC8FFF0001B9161D9942BBA7407A23DF
0E351E257FA083ACEF0E02F416FEEFBBBBD6173FFFFFFFFFFC9FFF0001A9161D9942BBA7407A23F7
0E351E257F9E83ACEE0E02F316FEEFBBCBD6B36FFFFFFFFFFC9FFF0001B1161D9942BBA7407A230F
0E3527257FAC83ACE60E02FE16FEF8BBBBD5167FFFFFFFFFFCAFFF0001AF161D9842BBA6407A2327
0E352B257FAE83ACE60E030116FEFCBBBBD603FFFFFFFFFFFC8FFF0001AD161D9842BBA6407A233F
0E351B257F9F83ACF80E02EF16FEEEBBBBD5204FFFFFFFFFFC8FFF0001A3161D9842BBA6407A2357
0E3512257F9183AD000E02E616FEE6BBBBD58F4FFFFFFFFFFC9FFF00019F161D9842BBA6407A136F
0E3512257F8E83ACF70E02E716FEE8BBBBD503DFFFFFFFFFFC9FFF00019D161D9842BBA5407A0387
0E3517257F9283ACEF0E02ED16FEEBBBBBD603FFFFFFFFFFFC9FFF0001A1161D9842BBA5407A039F
0E350F257F8783ACEF0E02E616FEE6BBBBD603FFFFFFFFFFFC9FFF000196161D9842BBA5407A03B7
0E34FE257F6E83ACF70E02D716FEDABBABD603FFFFFFFFFFFC8FFF000199161D9842BBA4407A03CF
0E34E2257F4B83AD030E02B916FEC1BB9BD6230FFFFFFFFFFC9FFF000188161D9842BBA4407A03E7
0E34CB257F2383AD090E02A616FEB0BBABD59B9FFFFFFFFFFC8FFF00018D161D9742BBA4407A03FF
0E34C4257F1783AD070E029C16FEA8BBABD5180FFFFFFFFFFC8FFF00018D161D9742BBA4407A0317
0E34BD257F0C83AD010E029716FEA3BBABD5B58FFFFFFFFFFC9FFF00018A161D9742BBA3407A032F
0E34B5257F0083AD030E029116FE9EBBBBD516EFFFFFFFFFFCAFFF00017A161D9742BBA3407A0347
0E34AB257EF083ACFE0E028816FE97BBABD403FFFFFFFFFFFC9FFF000183161D9742BBA3407A035F
0E34B4257EFF83ACF80E028A16FE9BBBABD403FFFFFFFFFFFC9FFF000180161D9742BBA3407A0377
0E3484257EB983AD190E025D16FE77BBABD403FFFFFFFFFFFC9FFF000176161D9742BBA2407A038F
0E345E257E7C83AD1D0E023916FE53BBABD417BFFFFFFFFFFC9FFF000179161D9742BBA2407A03A7
0E3471257E9883AD050E024B16FE66BBABD5AFCFFFFFFFFFFC9FFF000178161D9742BBA2407A03BF
0E3468257E8C83AD0B0E024016FE5DBBABD5169FFFFFFFFFFC9FFF000172161D9642BBA2407A03D7
0E3460257E7B83AD1C0E023516FE54BBABD503FFFFFFFFFFFC9FFF000179161D9642BBA1407A03EF
0E3462257E8183AD120E023916FE54BBABD503FFFFFFFFFFFC9FFF000179161D9642BBA1407A0307
0E3468257E8C83ACFA0E023D16FE57BBABD503FFFFFFFFFFFC9FFF000171161D9642BBA1407A031F
0E3465257E8783AD050E023A16FE59BBABD517DFFFFFFFFFFCAFFF000177161D9642BBA0407A0337
0E3440257E5183AD300E021E16FE42BBBBD5AD1FFFFFFFFFFCAFFF000170161D9642BBA0407A034F
0E3424257E2283AD2E0E020416FE2BBBBBD5165FFFFFFFFFFC8FFF000173161D9642BBA04079E367
0E3448257E5B83AD110E022416FE43BBBBD503FFFFFFFFFFFC8FFF000175161D9642BBA0407A037F
0E3456257E6C83AD010E022D16FE48BBCBD503FFFFFFFFFFFC9FFF00017D161D9642BB9F4079E397
0E344C257E5E83AD070E022316FE42BBCBD603FFFFFFFFFFFC9FFF00017E161D9542BB9F4079E3AF
0E341D257E1783AD1C0E01FA16FE20BBBBD616EFFFFFFFFFFC9FFF00017D161D9542BB9F4079E3C7
0E340C257DFB83AD260E01E416FE0EBBBBD6B39FFFFFFFFFFC9FFF000175161D9542BB9F4079E3DF
0E3408257DF583AD280E01E016FE0ABBBBD6176FFFFFFFFFFC8FFF000172161D9542BB9E4079E3F7
0E3409257DF483AD240E01E116FE09BBABD603FFFFFFFFFFFC8FFF000176161D9542BB9E4079E30F
0E340A257DF983AD1D0E01E316FE0BBB9BD603FFFFFFFFFFFC9FFF000175161D9542BB9E4079E327
0E3407257DF383AD1C0E01DD16FE08BB9BD603FFFFFFFFFFFC9FFF000174161D9542BB9D4079E33F
0E340E257DFC83AD200E01E016FE09BBABD615DFFFFFFFFFFC9FFF00016C161D9542BB9D4079E357
0E340D257DFD83AD230E01E216FE0BBBABD5AE0FFFFFFFFFFC9FFF000171161D9542BB9D4079D36F
0E340F257DFE83AD260E01E716FE0FBBABD5171FFFFFFFFFFC9FFF00016B161D9542BB9D4079D387
0E3411257E0583AD230E01E716FE10BBABD603FFFFFFFFFFFC8FFF000162161D9442BB9C4079D39F
0E3411257E0383AD2D0E01E316FE11BBABD603FFFFFFFFFFFC8FFF000161161D9442BB9C4079D3B7
0E3410257E0483AD330E01E716FE10BBABD603FFFFFFFFFFFC8FFF000152161D9442BB9C4079C3CF
0E3412257E0583AD290E01E816FE12BBBBD6131FFFFFFFFFFC8FFF00015E161D9442BB9C4079C3E7
0E3417257E0C83AD220E01EB16FE13BBCBD6A24FFFFFFFFFFC8FFF000159161D9442BB9B4079C3FF
0E341D257E1683AD1B0E01F216FE19BBCBD6163FFFFFFFFFFC8FFF000154161D9442BB9B4079C317
0E341F257E1883AD230E01F116FE1ABBCBD603FFFFFFFFFFFC9FFF00014F161D9442BB9B4079C32F
0E341D257E1583AD370E01F116FE1CBBBBD603FFFFFFFFFFFC9FFF00013C161D9442BB9A4079C347
0E3419257E1083AD3A0E01F216FE1ABBBBD603FFFFFFFFFFFC9FFF000142161D9342BB9A4079C35F
0E341C257E1583AD2C0E01F516FE1CBBBBD611AFFFFFFFFFFC9FFF00013D161D9342BB9A4079C377
0E341E257E1683AD2E0E01F616FE1CBBBBD59A5FFFFFFFFFFC9FFF00013B161D9342BB9A4079C38F
0E3427257E2683AD310E01FD16FE22BBBBD6159FFFFFFFFFFC9FFF000132161D9342BB994079C3A7
0E342D257E2E83AD270E020416FE27BBABD603FFFFFFFFFFFC8FFF000130161D9342BB994079C3BF
0E342B257E2883AD2D0E020116FE25BBABD503FFFFFFFFFFFC8FFF000133161D9342BB994079B3D7
0E3425257E2183AD360E01FC16FE23BBABD603FFFFFFFFFFFC9FFF00012D161D9342BB984079B3EF
0E3427257E2683AD3B0E01FC16FE22BBABD5102FFFFFFFFFFC8FFF00011C161D9342BB984079B307
0E3427257E2483AD390E01FD16FE21BBABD5901FFFFFFFFFFC8FFF000125161D9342BB984079C31F
0E342A257E2A83AD300E01FF16FE25BBABD514BFFFFFFFFFFC9FFF000125161D9242BB984079A337
0E342B257E2D83AD330E01FE16FE25BBABD603FFFFFFFFFFFC9FFF000122161D9242BB974079B34F
0E342D257E2E83AD360E020316FE27BBABD603FFFFFFFFFFFC9FFF00011B161D9242BB974079A367
0E342F257E2E83AD340E020416FE2ABBABD603FFFFFFFFFFFC9FFF00011E161D9242BB974079A37F
0E342D257E3483AD3E0E020116FE29BBBBD50FDFFFFFFFFFFC9FFF00011B161D9242BB964079A397
0E342F257E3383AD440E020416FE2BBBBBD58FAFFFFFFFFFFC9FFF000112161D9242BB964079A3AF
0E3431257E3483AD380E020A16FE2FBBBBD5152FFFFFFFFFFC9FFF000110161D9242BB964079A3C7
0E3436257E4083AD380E020916FE2FBBBBD59BEFFFFFFFFFFC8FFF000116161D9242BB964079A3DF
0E3435257E3D83AD3B0E020C16FE2FBBBBD543AFFFFFFFFFFC8FFF000116161D9242BB954079A3F7
0E3434257E3A83AD390E020916FE30BBABD503FFFFFFFFFFFC9FFF00010E161D9142BB954079A30F
0E341C257E1C83AD4D0E01F416FE20BBABD503FFFFFFFFFFFC9FFF000106161D9142BB954079A327
0E342B257E3083AD550E020A16FE30BBBBD503FFFFFFFFFFFC9FFF000112161D9142BB954079A33F
0E343B257E4883AD3A0E021216FE35BBABD503FFFFFFFFFFFCAFFF000110161D9142BB944079A357
0E3441257E4D83AD270E021616FE39BBABD58F9FFFFFFFFFFC9FFF000110161D9142BB944079A36F
0E3440257E4F83AD290E021316FE38BBBBD5417FFFFFFFFFFC8FFF000110161D9142BB9440798387
0E343D257E4483AD290E021716FE38BBBBD503FFFFFFFFFFFC8FFF000108161D9142BB934079939F
0E3444257E4F83AD0D0E021816FE38BBCBD503FFFFFFFFFFFC9FFF00010E161D9142BB93407983B7
0E3445257E5183ACFE0E021D16FE3BBBCBD503FFFFFFFFFFFC9FFF00010D161D9142BB93407983CF
0E3447257E5083ACEA0E022916FE44BBCBD503FFFFFFFFFFFC9FFF000104161D9042BB93407983E7
0E3475257E9683ACD30E025516FE68BBCBD6745FFFFFFFFFFC8FFF000102161D9042BB92407983FF
0E348F257EBF83ACC30E026516FE75BBCBD6383FFFFFFFFFFC8FFF00010E161D9042BB9240798317
0E3490257EBD83ACB40E026816FE76BBBBD6488FFFFFFFFFFC9FFF00010D161D9042BB924079832F
0E3497257EC783ACAC0E026D16FE79BBBBD503DFFFFFFFFFFCAFFF000106161D9042BB9240798347
0E349D257ECC83AC980E027116FE7EBBBBD503FFFFFFFFFFFC9FFF00010C161D9042BB914079835F
0E34AC257EE383AC7C0E028716FE8DBBBBD503FFFFFFFFFFFC9FFF00010D161D9042BB9140798377
0E34D6257F2083AC630E02B116FEAFBBABD503FFFFFFFFFFFC9FFF000106161D9042BB914079838F
0E34F3257F4B83AC4C0E02C716FEC0BBABD503FFFFFFFFFFFC9FFF00010F161D8F42BB91407983A7
0E34FE257F5D83AC420E02D016FEC7BBABD503FFFFFFFFFFFC9FFF00010F161D8F42BB90407983BF
0E3502257F5F83AC340E02D516FECBBBBBD503FFFFFFFFFFFC9FFF000110161D8F42BB90407983D7
0E3531257FAB83AC0E0E030B16FEF9BBBBD503FFFFFFFFFFFC8FFF000110161D8F42BB90407983EF
0E3560257FF183ABF20E033616FF1ABBBBD503FFFFFFFFFFFC9FFF000102161D8F42BB9040798307
0E358725802883ABD60E035916FF38BBBBD503FFFFFFFFFFFC8FFF000110161D8F42BB8F4079631F
0E35A025804983ABBC0E037216FF4ABBCBD603FFFFFFFFFFFC8FFF000110161D8F42BB8F40797337
0E35A725805383ABAE0E037616FF4CBBCBD603FFFFFFFFFFFCAFFF00010A161D8F42BB8F4079734F
0E35AF25805E83AB930E037D16FF53BBBBD503FFFFFFFFFFFC9FFF000111161D8F42BB8E40796367
0E35B225806683AB680E038216FF56BBBBD503FFFFFFFFFFFC9FFF000110161D8F42BB8E4079637F
0E35BC25806E83AB410E039016FF5EBBCBD503FFFFFFFFFFFCAFFF000109161D8E42BB8E40796397
0E35DC25809A83AB2C0E03AC16FF74BBBBD503FFFFFFFFFFFC9FFF000108161D8E42BB8E407963AF
0E36012580D183AB0E0E03D216FF93BBBBD403FFFFFFFFFFFC8FFF000108161D8E42BB8D407963C7
0E362C25811083AAEA0E03FD16FFB6BBBBD403FFFFFFFFFFFC9FFF00010D161D8E42BB8D407963DF
0E365425814E83AAC20E042316FFD3BBABD503FFFFFFFFFFFC9FFF00010D161D8E42BB8D407963F7
0E367825818583AA910E044216FFECBBABD503FFFFFFFFFFFC9FFF00010D161D8E42BB8D4079630F
0E37322582A283AA5F0E04FD17008ABBBBD503FFFFFFFFFFFC9FFF000105161D8E42BB8C40796327
0E37B425836283AA3B0E05821700F5BBBBD503FFFFFFFFFFFCAFFF00010B161D8E42BB8C4079633F
0E38992584C783AA0A0E06741701C0BBABD503FFFFFFFFFFFC8FFF00010B161D8D42BB8C40796357
0E39BC25867583A9DF0E078E1702A2BB9BD503FFFFFFFFFFFC9FFF000106161D8D42BB8B4079536F
0E3A7A25879383A9C60E0855170342BBABD503FFFFFFFFFFFCAFFF00010B161D8D42BB8B40796387
0E3C7F258AB783A98E0E0A4A1704ECBB9BD503FFFFFFFFFFFC9FFF00010A161D8D42BB8B4079539F
0E3D5B258BF083A9510E0B19170590BBABD403FFFFFFFFFFFC9FFF000103161D8D42BB8B407953B7
0E3D67258C0383A9340E0B1F170596BBABD403FFFFFFFFFFFC9FFF00010A161D8D42BB8A407953CF
0E3D68258C0483A90B0E0B1F170597BBABD403FFFFFFFFFFFC9FFF000109161D8D42BB8A407943E7
0E3D70258C0F83A8C70E0B2A1705A0BBABD403FFFFFFFFFFFC9FFF000109161D8D42BB8A407943FF
0E3D8C258C3583A89A0E0B441705B1BB9BD403FFFFFFFFFFFC8FFF000103161D8D42BB8940794317
0E3D93258C3783A8790E0B4A1705B5BB9BD403FFFFFFFFFFFC8FFF00010B161D8C42BB894079432F
0E3DC8258C8C83A84F0E0B7C1705DEBB9BD403FFFFFFFFFFFC9FFF000105161D8C42BB8940794347
0E3E38258D3883A81F0E0BF3170642BB9BD403FFFFFFFFFFFC9FFF000107161D8C42BB894079435F
0E3E94258DC383A7DD0E0C42170682BB9BD303FFFFFFFFFFFCAFFF000109161D8C42BB8840794377
0E3F00258E5E83A7A90E0CB01706D7BB8BD303FFFFFFFFFFFC8FFF000109161D8C42BB884079438F
0E3F3D258EB383A78B0E0CF017070ABB9BD303FFFFFFFFFFFC8FFF00010A161D8C42BB88407943A7
0E3FA1258F4E83A7590E0D58170765BB9BD403FFFFFFFFFFFC8FFF00010B161D8C42BB88407943BF
0E402525901983A7240E0DE01707D2BB9BD403FFFFFFFFFFFC9FFF00010B161D8C42BB87407943D7
0E405825905E83A6FA0E0E0B1707F4BB8BD403FFFFFFFFFFFC9FFF00010A161D8B42BB87407943EF
0E40902590B383A6CC0E0E4017081FBB8BD403FFFFFFFFFFFC8FFF0000FD161D8B42BB8740793307
0E40C825910283A69A0E0E76170849BB9BD403FFFFFFFFFFFC7FFF00010B161D8B42BB864079331F
0E40F325913E83A6660E0EA117086ABBABD303FFFFFFFFFFFC7FFF00010B161D8B42BB8640792337
0E41722591F783A62D0E0F70170914BBABD303FFFFFFFFFFFC9FFF00010B161D8B42BB864079434F
0E41E92592AD83A6050E0F9A170933BBABD303FFFFFFFFFFFC9FFF00010A161D8B42BB8640792367
0E426425936683A5DD0E102E1709AFBBABD303FFFFFFFFFFFC9FFF00010A161D8B42BB854079237F
0E42CA25940B83A5A90E10891709FDBBABD303FFFFFFFFFFFC9FFF000104161D8B42BB8540792397
0E430C25946383A5790E10B5170A1EBBABD203FFFFFFFFFFFC9FFF000104161D8B42BB85407923AF
0E432425948D83A5430E10CA170A32BB9BD203FFFFFFFFFFFC8FFF00010A161D8A42BB85407923C7
0E43402594B583A4FF0E10EA170A4BBB9BD203FFFFFFFFFFFC8FFF0000FD161D8A42BB84407923DF
0E43512594C583A4D10E10F2170A4CBB9BD303FFFFFFFFFFFC9FFF00010B161D8A42BB84407923F7
0E434C2594BB83A4A40E10F4170A4FBBABD303FFFFFFFFFFFC9FFF00010B161D8A42BB844079230F
0E435D2594DD83A46A0E10FF170A58BBABD303FFFFFFFFFFFC9FFF00010B161D8A42BB8440792327
0E435D2594D183A4270E10FF170A55BBBBD303FFFFFFFFFFFC8FFF00010B161D8A42BB834079233F
0E43542594BA83A3E60E10F5170A48BBABD403FFFFFFFFFFFC8FFF000104161D8A42BB8340792357
0E43522594B583A39D0E10EF170A43BBABD403FFFFFFFFFFFC9FFF00010C161D8A42BB834079236F
0E43612594CA83A34C0E1109170A54BBABD403FFFFFFFFFFFC7FFF00010D161D8942BB8240791387
0E43AE25953583A3050E1189170ABABBABD403FFFFFFFFFFFC8FFF000106161D8942BB824079139F
0E44012595A583A2D30E11A2170AC8BB9BD303FFFFFFFFFFFC9FFF00010A161D8942BB82407903B7
0E44362595FE83A2950E11D7170AF7BB9BD403FFFFFFFFFFFC9FFF0000FF161D8942BB82407903CF
0E44A12596A783A22C0E1228170B40BBABD303FFFFFFFFFFFC9FFF00010B161D8942BB81407903E7
0E452025975A83A1DB0E12BE170BAEBBABD303FFFFFFFFFFFC8FFF000105161D8942BB81407903FF
0E459A25981483A19E0E1339170C17BB8BD303FFFFFFFFFFFC9FFF00010C161D8942BB8140790317
0E46262598E583A1460E13C0170C86BB8BD203FFFFFFFFFFFC9FFF00010C161D8942BB814079032F
0E469B25999183A0E90E1434170CE1BB8BD103FFFFFFFFFFFC9FFF000106161D8842BB8040790347
0E46F7259A0E83A0960E1491170D29BB7BD103FFFFFFFFFFFC9FFF00010D161D8842BB804079035F
0E475F259AB183A04A0E14FA170D80BB7BD203FFFFFFFFFFFC9FFF00010C161D8842BB8040790377
0E4857259C3C839FFB0E15F1170E55BB8BD203FFFFFFFFFFFC9FFF000104161D8842BB804079038F
0E4974259DE6839FA70E1706170F38BB7BD203FFFFFFFFFFFC9FFF00010B161D8842BB7F407903A7
0E4ADB25A01C839F520E1867171065BB7BD203FFFFFFFFFFFC8FFF00010C161D8842BB7F407903BF
0E4C5D25A258839EF80E19E117119ABB6BD203FFFFFFFFFFFC8FFF000106161D8842BB7F407903D7
0E4CB025A2DA839EA10E1A301711DEBB6BD203FFFFFFFFFFFC9FFF000107161D8842BB7E407903EF
0E4CFC25A344839E4B0E1A8D171229BB7BD203FFFFFFFFFFFC8FFF000109161D8842BB7E4078F307
0E4D9825A44A839DEC0E1B1E1712AABB7BD203FFFFFFFFFFFC8FFF00010E161D8842BB7E4078F31F
0E4E3B25A52E839D9E0E1BB8171322BB7BD203FFFFFFFFFFFC9FFF00010C161D8742BB7E4078F337
0E4E8825A5B0839D550E1C0B17136CBB7BD203FFFFFFFFFFFC9FFF00010B161D8742BB7D4078F34F
0E4F0325A668839CF90E1C7F1713CBBB9BD203FFFFFFFFFFFC9FFF000102161D8742BB7D4078E367
0E4F9425A743839C8D0E1D0D171443BB9BD303FFFFFFFFFFFC9FFF00010A161D8742BB7D4078E37F
0E4FFA25A7D7839C240E1D7017148FBB9BD303FFFFFFFFFFFC9FFF00010F161D8742BB7C4078E397
0E502225A80C839BCC0E1D981714ADBB9BD403FFFFFFFFFFFC9FFF00010F161D8742BB7C4078E3AF
0E505025A851839B7D0E1DC51714D0BB9BD303FFFFFFFFFFFC8FFF000108161D8742BB7C4078E3C7
0E517025AA1F839B350E1EEC1715CEBBABD303FFFFFFFFFFFC9FFF000103161D8742BB7C4078E3DF
0E52AF25AC04839AE40E201A1716CABB9BD303FFFFFFFFFFFC8FFF000108161D8642BB7C4078E3F7
0E537525AD35839A860E20DC17176EBB8BD303FFFFFFFFFFFC9FFF00010B161D8642BB7B4078E30F
0E543225AE4B839A1E0E2199171805BB9BD303FFFFFFFFFFFCAFFF000106161D8642BB7B4078E327
0E54FA25AF7F8399B80E22801718CBBB9BD303FFFFFFFFFFFC9FFF00010D161D8642BB7B4078E33F
0E568C25B2008399690E2418171A1DBB9BD303FFFFFFFFFFFC9FFF0000FE161D8642BB7A4078E357
0E599625B69A8399140E26E5171C78BB8BD303FFFFFFFFFFFC9FFF00010A161D8642BB7A4078E36F
0E5C4025BA928398B40E298A171E9FBB9BD303FFFFFFFFFFFC8FFF0000FA161D8642BB7A4078E387
0E5D6725BC5283985C0E2ABE171F9EBB9BD303FFFFFFFFFFFC8FFF000106161D8642BB7A4078E39F
0E5EA625BE3F8397FF0E2BED17209DBB8BD203FFFFFFFFFFFC8FFF000106161D8642BB794078D3B7
0E5F2825BEF983979A0E2C6C172102BB8BD203FFFFFFFFFFFC7FFF000107161D8642BB794078D3CF
0E5F6125BF558397350E2CA2172130BB8BD203FFFFFFFFFFFC9FFF000106161D8542BB794078C3E7
0E600525C0508396CC0E2D461721BCBB8BD103FFFFFFFFFFFC8FFF000106161D8542BB794078C3FF
0E609125C1198396720E2DCC172223BB7BD103FFFFFFFFFFFC9FFF0000FE161D8542BB784078C317
0E60E525C1938396290E2E22172268BB7BD103FFFFFFFFFFFC8FFF000103161D8542BB784078C32F
0E615F25C24C8395CB0E2E9C1722CEBB7BD103FFFFFFFFFFFC8FFF0000FB161D8542BB784078C347
0E61B525C2C88395560E2EF0172310BB7BD003FFFFFFFFFFFC9FFF000101161D8542BB784078C35F
0E625E25C3D98394F50E2FB21723B7BB6BD003FFFFFFFFFFFC9FFF000102161D8542BB774078C377
0E646425C7038394AA0E31AE172561BB6BD003FFFFFFFFFFFC8FFF000103161D8542BB774078C38F
0E669E25CA608394440E33CB172727BB7BD003FFFFFFFFFFFC7FFF0000FB161D8542BB774078C3A7
0E684225CCD78393D10E3565172874BB6BCF03FFFFFFFFFFFC8FFF000102161D8442BB774078C3BF
0E69A225CEEE8393800E36CA17299DBB5BCE03FFFFFFFFFFFC9FFF000102161D8442BB764078C3D7
0E6ACD25D0B883932C0E37ED172A91BB5BCE03FFFFFFFFFFFC8FFF0000FB161D8442BB764078C3EF
0E6B2425D12B8392BF0E3846172AD7BB5BCE03FFFFFFFFFFFC8FFF000101161D8442BB764078C307
0E6B2A25D1338392620E3842172AD0BB4BCE03FFFFFFFFFFFC9FFF0000FB161D8442BB764078B31F
0E6B3625D1438392140E3854172ADFBB4BCD03FFFFFFFFFFFC9FFF000100161D8442BB754078B337
0E6B5025D16C8391BA0E3868172AEFBB3BCE03FFFFFFFFFFFC9FFF0000FA161D8442BB754078B34F
0E6B6425D18183914B0E3886172B02BB3BCE03FFFFFFFFFFFC9FFF000100161D8442BB754078C367
0E6BFC25D2878390F60E3915172B82BB3BCE03FFFFFFFFFFFC9FFF000102161D8442BB754078A37F
0E6F2C25D7648390930E3C32172E23BB3BCE03FFFFFFFFFFFC8FFF000103161D8442BB744078A397
0E704725D8F58390190E3D58172F04BB3BCE03FFFFFFFFFFFC8FFF000103161D8342BB744078A3AF
0E70B525D98A838FCC0E3DC9172F5ABB2BCD03FFFFFFFFFFFC8FFF000102161D8342BB744078A3C7
0E70D125D9C9838F960E3DE8172F7EBB1BCD03FFFFFFFFFFFC9FFF000102161D8342BB744078A3DF
0E717825DABD838F360E3E86172FFDBB0BCC03FFFFFFFFFFFC9FFF000102161D8342BB734078A3F7
0E71FE25DB98838EB70E3EFB173063BB0BCC03FFFFFFFFFFFC9FFF0000FD161D8342BB734078A30F
0E731E25DD5A838E4B0E4036173170BB2BCC03FFFFFFFFFFFCAFFF000105161D8342BB734078A327
0E75A725E131838DED0E429E17336BBB1BCC03FFFFFFFFFFFC9FFF0000FD161D8342BB724078A33F
0E76A625E29B838D9C0E439C173432BB1BCB03FFFFFFFFFFFCAFFF0000F9161D8342BB724078A357
0E770325E330838D570E43FE173487BB0BCB03FFFFFFFFFFFCAFFF000104161D8342BB724078A36F
0E77E525E49B838CFC0E44E2173550BB0BCB03FFFFFFFFFFFCAFFF000104161D8242BB724078A387
0E799925E737838CA90E468B1736AFBAFBCA03FFFFFFFFFFFC9FFF000104161D8242BB724078A39F
0E7B0625E965838C3C0E47E91737D5BAFBCA03FFFFFFFFFFFC9FFF000104161D8242BB71407893B7
0E7BCE25EA83838BC40E48B1173872BAEBC903FFFFFFFFFFFC9FFF000104161D8242BB71407893CF
0E7C1F25EB00838B730E48FF1738B3BAEBC903FFFFFFFFFFFC9FFF000104161D8242BB71407893E7
0E7CC325EC01838B1C0E49A3173943BAEBC903FFFFFFFFFFFC9FFF000102161D8242BB70407893FF
0E7D9B25ED42838ABB0E4A741739ECBAFBC903FFFFFFFFFFFC9FFF0000FA161D8242BB7040788317
0E7DB625ED64838A7F0E4A901739FEBAEBC903FFFFFFFFFFFC9FFF0000FF161D8242BB704078832F
0E7DBC25ED6E838A2E0E4AAD173A1BBAEBC903FFFFFFFFFFFC9FFF000100161D8242BB7040788347
0E7ECC25EF2F8389AF0E4BB4173AFFBAEBC903FFFFFFFFFFFCAFFF000100161D8242BB704078835F
0E7FDB25F0B68389400E4CB1173BCBBAEBC903FFFFFFFFFFFC9FFF000101161D8142BB6F40788377
0E801E25F11B8388ED0E4CF6173C03BADBC903FFFFFFFFFFFCAFFF000102161D8142BB6F4078838F
0E809125F1C08388940E4D6C173C63BACBC803FFFFFFFFFFFC9FFF000101161D8142BB6F407883A7
0E80F525F26383883C0E4DC8173CB2BACBC803FFFFFFFFFFFC9FFF0000FF161D8142BB6E407883BF
0E817D25F32D8387E60E4E51173D21BACBC803FFFFFFFFFFFCAFFF0000FE161D8142BB6E407883D7
0E81DE25F3B883878F0E4EB1173D6CBACBC803FFFFFFFFFFFC9FFF0000FD161D8142BB6E407883EF
0E829A25F4DC8387350E4F6F173E11BACBC703FFFFFFFFFFFC9FFF0000F5161D8142BB6E40788307
0E834125F5D18386D10E5011173E8FBACBC703FFFFFFFFFFFCAFFF0000F7161D8142BB6D4078831F
0E83FA25F6E88386700E50C6173F23BABBC803FFFFFFFFFFFCAFFF0000F8161D8142BB6D40788337
0E848625F7B78386160E5150173F97BABBC803FFFFFFFFFFFCAFFF0000FE161D8142BB6D4078834F
0E859025F9588385B20E5253174072BACBC803FFFFFFFFFFFC9FFF0000F8161D8042BB6D40788367
0E873225FBDC83855D0E53F11741C9BACBC803FFFFFFFFFFFC9FFF0000FB161D8042BB6C4078637F
0E881A25FD2A8385140E54D7174283BABBC703FFFFFFFFFFFC8FFF0000F6161D8042BB6C40786397
0E889725FDEE8384C70E55591742F1BAABC703FFFFFFFFFFFC8FFF0000F6161D8042BB6C407883AF
0E88FB25FE828384580E55BE174344BABBC703FFFFFFFFFFFC9FFF0000FC161D8042BB6C407863C7
0E89D425FFCF8383EB0E56901743F4BABBC603FFFFFFFFFFFCAFFF0000FE161D8042BB6B407863DF
0E8B5426021C83839B0E5813174532BABBC703FFFFFFFFFFFC8FFF0000FA161D8042BB6B407863F7
0E8CCC26046C8383450E5981174670BABBC603FFFFFFFFFFFC8FFF0000FB161D8042BB6B4078630F
0E8D912605888382E70E5A3C174705BACBC603FFFFFFFFFFFC9FFF0000FD161D8042BB6B40786327
0E8F122607EC83829C0E5BBD17484EBAABC503FFFFFFFFFFFC8FFF0000F5161D8042BB6A4078633F
0E9106260ADB83823F0E5DA81749E5BA9BC503FFFFFFFFFFFC9FFF0000FB161D7F42BB6A40786357
0E9230260CB58381CF0E5EC8174ADBBA8BC403FFFFFFFFFFFC9FFF0000FC161D7F42BB6A4078636F
0E949626104E8381800E612D174CD1BA8BC503FFFFFFFFFFFCAFFF0000FD161D7F42BB6A40786387
0E95592611868381350E61E3174D78BA9BC503FFFFFFFFFFFC9FFF0000F7161D7F42BB694078639F
0E97672614D88380BD0E63E7174F38BA9BC403FFFFFFFFFFFC9FFF0000FD161D7F42BB69407863B7
0E9A572619458380510E66D417519CBA8BC303FFFFFFFFFFFC9FFF0000ED161D7F42BB69407863CF
0E9DBD261E798380160E6A3D17546EBA7BC303FFFFFFFFFFFCAFFF0000ED161D7F42BB69407863E7
0E9F282620A8837FC30E6B981755A4BA6BC203FFFFFFFFFFFC9FFF0000FA161D7F42BB68407853FF
0EA071262296837F590E6CE21756B2BA6BC203FFFFFFFFFFFC9FFF0000FC161D7F42BB6840786317
0EA1272623BF837EFE0E6D9017574BBA6BC103FFFFFFFFFFFC9FFF0000FC161D7E42BB684078532F
0EA2722625C9837E9B0E6EEE17587BBA6BC203FFFFFFFFFFFC8FFF0000F5161D7E42BB6740784347
0EA3BA2627D0837E280E7011175977BA5BC103FFFFFFFFFFFC8FFF0000FB161D7E42BB674078435F
0EA5302629F2837DD20E718A175AA2BA5BC103FFFFFFFFFFFC8FFF0000FC161D7E42BB6740784377
0EA5D3262ADF837D930E722D175B28BA4BC003FFFFFFFFFFFC9FFF0000FB161D7E42BB674078438F
0EA676262BF3837D3C0E72D1175BBDBA4BBF03FFFFFFFFFFFCAFFF0000FB161D7E42BB66407843A7
0EA874262EFB837CD60E74CD175D62BA5BBF03FFFFFFFFFFFCAFFF0000F4161D7E42BB66407843BF
0EA9ED263144837C710E7635175E95BA5BBF03FFFFFFFFFFFC9FFF0000FB161D7E42BB66407843D7
0EAB872633AA837C150E77D3175FE6BA5BBF03FFFFFFFFFFFCAFFF0000F5161D7E42BB65407843EF
0EAC6826350E837BB70E78B31760ABBA5BBF03FFFFFFFFFFFCAFFF0000FC161D7E42BB6540784307
0EADAF2636F3837B570E79E41761A1BA4BBF03FFFFFFFFFFFCAFFF0000FC161D7D42BB654078431F
0EAEAF263899837B010E7B041762A3BA3BBF03FFFFFFFFFFFCAFFF0000FB161D7D42BB6540784337
0EB0BC263BB6837AB10E7CF817643CBA3BBF03FFFFFFFFFFFCAFFF0000FB161D7D42BB644078434F
0EB1EB263D90837A5C0E7E2D17654ABA2BBE03FFFFFFFFFFFCAFFF0000FB161D7D42BB6440784367
0EB45F26417C8379FB0E808B176759BA2BBD03FFFFFFFFFFFC9FFF0000F4161D7D42BB644078437F
0EB71C2645AE8379940E83461769A1BA1BBE03FFFFFFFFFFFCAFFF0000FB161D7D42BB6440783397
0EB9EA2649EF83793B0E8601176BE4BA0BBE03FFFFFFFFFFFC9FFF0000FC161D7D42BB63407833AF
0EBADC264B598378E60E86F3176CACB9FBBD03FFFFFFFFFFFC9FFF0000F6161D7D42BB63407833C7
0EBC46264D9B8378850E8851176DDAB9FBBD03FFFFFFFFFFFCAFFF0000FC161D7D42BB63407823DF
0EBD1D264ECC83782C0E8912176E76B9EBBD03FFFFFFFFFFFCAFFF0000FB161D7C42BB62407823F7
0EBD60264F318377E00E8967176EBCB9EBBD03FFFFFFFFFFFC9FFF0000F4161D7C42BB624078230F
0EBD59264F268377910E8970176EC6B9FBBD03FFFFFFFFFFFC9FFF0000F4161D7C42BB6240782327
0EBDBA264FCE83772E0E89C5176F10B9FBBC03FFFFFFFFFFFCAFFF0000FC161D7C42BB624078233F
0EBE802650F08376C40E8A8B176FB0B9FBBC03FFFFFFFFFFFCAFFF0000FC161D7C42BB6140782357
0EBEF026518B83766A0E8AF1177000B9FBBC03FFFFFFFFFFFC9FFF0000FD161D7C42BB614078236F
0EBF392651F98376150E8B38177039B9FBBB03FFFFFFFFFFFC9FFF0000FE161D7C42BB6140782387
0EBF6E2652478375C30E8B6417705BB9EBBB03FFFFFFFFFFFCAFFF0000FC161D7C42BB604078239F
0EBFF52653148375750E8C121770E9B9DBBB03FFFFFFFFFFFC9FFF0000FC161D7C42BB60407823B7
0EC13926550B8375160E8CFE1771BAB9EBBB03FFFFFFFFFFFC8FFF0000ED161D7C42BB60407823CF
0EC20F2656428374B30E8E1B17729DB9EBBB03FFFFFFFFFFFC8FFF0000FC161D7B42BB60407823E7
0EC2BC2657588374600E8EBC177328B9DBBA03FFFFFFFFFFFC8FFF0000EF161D7B42BB5F407823FF
0EC543265B638374010E9124177542B9DBBA03FFFFFFFFFFFC9FFF0000FE161D7B42BB5F40782317
0EC78E265EC08373920E9369177716B9DBBA03FFFFFFFFFFFC8FFF0000FE161D7B42BB5F4078032F
0EC80D265F6A8373440E93F6177782B9EBBA03FFFFFFFFFFFC9FFF0000FD161D7B42BB5F40780347
0EC832265FAD8373000E941317779FB9DBB903FFFFFFFFFFFCAFFF0000FB161D7B42BB5E4078135F
0EC89B26604E83729D0E947F1777F9B9DBB903FFFFFFFFFFFC8FFF0000FB161D7B42BB5E40781377
0EC9122660FC83723C0E94E4177849B9DBB803FFFFFFFFFFFC9FFF0000FC161D7B42BB5E4078138F
0EC9A12661DA8371E00E957A1778CCB9DBB903FFFFFFFFFFFC9FFF0000EE161D7B42BB5D407803A7
0ECA2526629A8371810E9604177937B9CBB903FFFFFFFFFFFC9FFF0000FB161D7B42BB5D407803BF
0ECA0A2662668371260E95F3177923B9BBB803FFFFFFFFFFFC9FFF0000FC161D7A42BB5D407803D7
0EC9FB2662438370D80E95D817790BB9CBB803FFFFFFFFFFFC8FFF0000FC161D7A42BB5D407803EF
0ECA1026627283708B0E95E0177915B9BBB803FFFFFFFFFFFC8FFF0000FB161D7A42BB5C40780307
0ECA4C2662B98370170E9644177961B9BBB703FFFFFFFFFFFCBFFF0000FC161D7A42BB5C4078031F
0ECAC526637B836FA50E96951779A5B9BBB703FFFFFFFFFFFC9FFF0000FC161D7A42BB5C40780337
0ECB9A2664B4836F700E974A177A34B9BBB703FFFFFFFFFFFC9FFF0000FB161D7A42BB5C4078034F
0ECBF726654D836F1F0E97CE177AABB9BBB703FFFFFFFFFFFCAFFF0000FB161D7A42BB5B40780367
0ECCC8266688836EA10E98CF177B81B9BBB703FFFFFFFFFFFC9FFF0000FD161D7A42BB5B4078037F
0ECE312668BC836E400E99ED177C6CB99BB703FFFFFFFFFFFC9FFF0000F0161D7A42BB5B40780397
0ED001266B7F836DF60E9BEC177E1CB99BB603FFFFFFFFFFFC9FFF0000FE161D7A42BB5A407803AF
0ED1BB266E15836D9A0E9D8F177F76B99BB603FFFFFFFFFFFC9FFF0000FF161D7942BB5A407803C7
0ED2C1266F96836D350E9E8417803AB98BB603FFFFFFFFFFFC9FFF0000F4161D7942BB5A4077F3DF
0ED36626708D836CD60E9F111780AEB98BB503FFFFFFFFFFFC9FFF000102161D7942BB5A4077E3F7
0ED3DD267148836C850E9F9F178128B98BB603FFFFFFFFFFFC9FFF000103161D7942BB594077F30F
0ED46E267235836C320EA02617819DB97BB503FFFFFFFFFFFC9FFF0000FD161D7942BB594077E327
0ED5B726743B836BD30EA1761782C0B97BB403FFFFFFFFFFFC9FFF000103161D7942BB594077E33F
0ED6E12675FD836B6F0EA29C1783B4B96BB403FFFFFFFFFFFC8FFF000102161D7942BB584077E357
0ED845267819836B130EA3F01784CAB95BB403FFFFFFFFFFFCAFFF000107161D7942BB584077E36F
0ED88C26786E836AB40EA442178508B95BB303FFFFFFFFFFFC9FFF000105161D7942BB584077F387
0ED8C42678C6836A5D0EA475178532B95BB303FFFFFFFFFFFC8FFF000104161D7942BB584077E39F
0ED9632679BB836A0E0EA50A1785AEB95BB203FFFFFFFFFFFC9FFF0000FD161D7842BB574077E3B7
0EDACB267BF78369B20EA6821786F1B95BB203FFFFFFFFFFFCAFFF000104161D7842BB574077E3CF
0EDE0B2680E38369530EA99A17898AB94BB203FFFFFFFFFFFCAFFF0000FD161D7842BB574077E3E7
0EDF8626830D8368F60EAB0E178AAFB94BB103FFFFFFFFFFFC9FFF000102161D7842BB564077E3FF
0EE0E32685458368940EAC7C178BF4B94BB003FFFFFFFFFFFC9FFF000102161D7842BB564077E317
0EE4EA268BA883682E0EB072178F61B93BB003FFFFFFFFFFFCAFFF000100161D7842BB564077E32F
0EE79B268F848367DF0EB32A179187B92BB003FFFFFFFFFFFCAFFF0000F7161D7842BB564077D347
0EE8EA26919683679F0EB4731792A2B90BAF03FFFFFFFFFFFC9FFF0000FD161D7842BB554077C35F
0EEA632693D48367440EB5DD1793D4B8EBAE03FFFFFFFFFFFC9FFF0000FC161D7842BB554077D377
0EEB812695868366DF0EB6F81794BDB8EBAD03FFFFFFFFFFFCAFFF0000F6161D7742BB554077D38F
0EEC802697028366780EB7F517958BB8DBAC03FFFFFFFFFFFCAFFF0000FC161D7742BB544077C3A7
0EED162697ED83660F0EB87F179600B8DBAA03FFFFFFFFFFFC8FFF0000F6161D7742BB544077C3BF
0EEDBD2698E88365BC0EB928179689B8DBAA03FFFFFFFFFFFC9FFF0000F5161D7742BB544077C3D7
0EEEC1269A8783657C0EBA2A17976BB8DBAA03FFFFFFFFFFFCAFFF0000FA161D7742BB544077C3EF
0EF068269D198365350EBBC11798C7B8EBAA03FFFFFFFFFFFC9FFF0000FA161D7742BB534077C307
0EF217269F9D8364DB0EBD79179A32B8DBAA03FFFFFFFFFFFC8FFF0000F3161D7742BB534077C31F
0EF2E726A0D78364690EBE3E179AD2B8DBAA03FFFFFFFFFFFC9FFF0000F0161D7742BB534077C337
0EF3A826A1FC8363FE0EBF00179B72B8CBA903FFFFFFFFFFFC9FFF000101161D7742BB524077C34F
0EF46E26A3308363A70EBFCA179C21B8BBA903FFFFFFFFFFFC9FFF0000FA161D7742BB524077C367
0EF66C26A65383634D0EC1C0179DCEB8BBA903FFFFFFFFFFFCAFFF0000FD161D7642BB524077C37F
0EF78B26A7E78362FF0EC2D9179EA8B8CBA803FFFFFFFFFFFC8FFF0000FD161D7642BB524077C397
0EF81F26A8CD8362CA0EC371179F2BB8CBA803FFFFFFFFFFFC9FFF000100161D7642BB514077C3AF
0EF94F26AABA8362730EC4A017A03BB8CBA803FFFFFFFFFFFCAFFF0000F2161D7642BB514077C3C7
0EFB4B26ADAB8361F40EC68A17A1C3B8CBA803FFFFFFFFFFFC9FFF000101161D7642BB514077C3DF
0EFCF126B0438361850EC82D17A32AB8BBA703FFFFFFFFFFFC9FFF000102161D7642BB514077C3F7
0EFF6F26B40983613E0ECAAB17A53BB89BA603FFFFFFFFFFFC9FFF000103161D7642BB504077C30F
0F01E126B7FF8360EF0ECD0B17A757B88BA603FFFFFFFFFFFC9FFF000102161D7642BB504077A327
0F062926BE738360980ED14317AAD3B87BA603FFFFFFFFFFFC9FFF0000F8161D7642BB504077A33F
0F082B26C1618360460ED32117AC50B86BA503FFFFFFFFFFFCAFFF0000F8161D7542BB4F4077A357
0F08C526C255835FF10ED3D317ACEDB85BA403FFFFFFFFFFFCAFFF0000F4161D7542BB4F4077A36F
0F098B26C37B835F910ED53E17AE3CB85BA403FFFFFFFFFFFC9FFF0000FB161D7542BB4F4077A387
0F0D4826C98D835F3E0ED95717B180B84BA303FFFFFFFFFFFC9FFF0000F4161D7542BB4F4077A39F
0F0EF726CBC4835EDB0ED9EC17B201B83BA22BCFFFFFFFFFFCAFFF0000FA161D7542BB4E4077A3B7
0F0F4D26CC4F835E760EDA4917B254B83BA1BD9FFFFFFFFFFCAFFF0000FA161D7542BB4E4077A3CF
0F105F26CE03835E1C0EDB6F17B354B83BA003AFFFFFFFFFFC9FFF0000F2161D7542BB4E4077A3E7
0F126B26D11C835DCF0EDD7A17B502B83B9F03FFFFFFFFFFFC9FFF0000F4161D7542BB4D4077A3FF
0F140E26D39A835D8A0EDF0217B64BB82B9E03FFFFFFFFFFFCAFFF0000F4161D7542BB4D4077A317
0F15DB26D66A835D330EE0CA17B7D2B81B9D03FFFFFFFFFFFCAFFF0000F6161D7442BB4D4077A32F
0F177026D8B5835CDA0EE25317B907B80B9D2CAFFFFFFFFFFCAFFF0000F7161D7442BB4D4077A347
0F180226D994835C730EE2DC17B97EB7FB9DBDAFFFFFFFFFFCAFFF0000F2161D7442BB4C4077A35F
0F195026DB93835C0C0EE42117BA8AB7EB9B03BFFFFFFFFFFC9FFF0000F9161D7442BB4C40779377
0F1A1C26DCBB835BB70EE4EF17BB31B7CB9B03FFFFFFFFFFFC9FFF0000F2161D7442BB4C4077938F
0F1A9526DD7D835B6C0EE58817BBB8B7BB9A03FFFFFFFFFFFC9FFF0000F6161D7442BB4C4077A3A7
0F1B5326DE9E835B2A0EE62117BC34B7BB9A03FFFFFFFFFFFCBFFF0000F6161D7442BB4B407793BF
0F1B3F26DE7F835B420EE62117BC32B7BB99237FFFFFFFFFFCAFFF0000ED161D7442BB4B407793D7
0F1B5726DEAD835B3D0EE62F17BC42B7AB99A30FFFFFFFFFFCAFFF0000EF161D7442BB4B407793EF
0F1B6426DEBC835B3B0EE63817BC4DB79B9803BFFFFFFFFFFCAFFF0000F5161D7342BB4A40778307
0F1B3726DE7D835B410EE61217BC2EB79B9803FFFFFFFFFFFCAFFF0000F0161D7342BB4A4077831F
0F1B3126DE7B835B430EE5FB17BC1DB78B9803FFFFFFFFFFFCAFFF0000F0161D7342BB4A40778337
0F1B2B26DE73835B630EE5FD17BC20B78B9803FFFFFFFFFFFCAFFF0000E8161D7342BB4A4077834F
0F1AE326DE03835B830EE5BF17BBEEB77B981D0FFFFFFFFFFCAFFF0000F4161D7342BB4940778367
0F1AB126DDBE835B7E0EE58717BBC3B78B989A5FFFFFFFFFFC9FFF0000F3161D7342BB494077837F
0F1AC726DDDD835B800EE5A917BBDEB79B9803BFFFFFFFFFFC9FFF0000F3161D7342BB4940778397
0F1AA126DDA4835B940EE57817BBB8B7AB98040FFFFFFFFFFCAFFF0000F4161D7342BB49407783AF
0F1A8326DD79835B910EE55A17BBA0B7BB9803FFFFFFFFFFFCAFFF0000EE161D7342BB48407783C7
0F1A8E26DD91835B8A0EE56417BBAAB7BB9703FFFFFFFFFFFCAFFF0000F5161D7242BB48407783DF
0F1A7226DD65835BA70EE54317BB90B7AB9713CFFFFFFFFFFCBFFF0000ED161D7242BB48407783F7
0F1A3B26DD13835BC60EE51117BB67B79B97786FFFFFFFFFFCBFFF0000F2161D7242BB474077830F
0F1A4126DD1E835BC70EE51517BB6CB78B9703BFFFFFFFFFFCAFFF0000E4161D7242BB4740778327
0F1A3326DD0A835BC30EE50617BB62B78B9803FFFFFFFFFFFC9FFF0000F2161D7242BB474077833F
0F1A3E26DD1F835BC30EE50F17BB6DB78B9803FFFFFFFFFFFC9FFF0000E6161D7242BB4740778357
0F1A3D26DD1B835BC10EE51B17BB71B79B9803FFFFFFFFFFFC9FFF0000F4161D7242BB464077836F
0F1A0726DCCD835BD70EE4D817BB3CB7AB981E5FFFFFFFFFFCAFFF0000F3161D7242BB4640778387
0F19D826DC80835BF50EE4B117BB1DB7AB989E7FFFFFFFFFFCAFFF0000F3161D7242BB464077739F
0F19B126DC4F835BFE0EE48617BAFBB79B9803BFFFFFFFFFFCAFFF0000F2161D7142BB45407773B7
0F19BE26DC5E835BFB0EE49417BB06B79B9903FFFFFFFFFFFCAFFF0000F2161D7142BB45407763CF
0F19D026DC80835BFB0EE4A517BB14B79B9903FFFFFFFFFFFCBFFF0000EB161D7142BB45407763E7
0F19AC26DC40835C040EE49217BB00B79B9903FFFFFFFFFFFCBFFF0000F2161D7142BB45407763FF
0F196526DBD5835C170EE44917BAC8B7AB9916CFFFFFFFFFFCAFFF0000EF161D7142BB4440776317
0F193726DB99835C210EE41217BA9BB7AB998A2FFFFFFFFFFC9FFF0000F0161D7142BB444077632F
0F195526DBC9835C190EE43917BABEB7AB99102FFFFFFFFFFCAFFF0000F3161D7142BB4440776347
0F192926DB7A835C2E0EE40C17BA98B79B99AADFFFFFFFFFFCAFFF0000EA161D7142BB434077675F
0F18E326DB1B835C490EE3BF17BA59B78B99211FFFFFFFFFFCAFFF0000F1161D7042BB4340776777
0F18E226DB18835C460EE3BF17BA5AB78B9910AFFFFFFFFFFCAFFF0000EB161D7042BB434077638F
0F18ED26DB28835C450EE3C417BA5BB78B9803EFFFFFFFFFFC9FFF0000F3161D7042BB43407767A7
0F18AF26DAC8835C560EE39717BA37B7AB9903FFFFFFFFFFFC9FFF0000F2161D7042BB42407763BF
0F18C226DAEA835C4F0EE3A017BA41B7AB991FAFFFFFFFFFFC9FFF0000EB161D7042BB42407757D7
0F18EE26DB29835C4B0EE3CE17BA67B7AB99BACFFFFFFFFFFC9FFF0000EB161D7042BB42407763EF
0F188926DA96835C6D0EE37117BA15B7AB9A22DFFFFFFFFFFC9FFF0000F2161D7042BB4140775707
0F183926DA20835C790EE32317B9DDB79B9903FFFFFFFFFFFC9FFF0000EA161D7042BB414077531F
0F18A526DAC2835C6D0EE38C17BA33B7AB99262FFFFFFFFFFCAFFF0000F0161D7042BB4140774737
0F187E26DA82835C770EE37117BA18B7BB99BA3FFFFFFFFFFCAFFF0000F1161D6F42BB414077574F
0F181E26D9FE835C860EE30E17B9C9B7AB99039FFFFFFFFFFC9FFF0000F1161D6F42BB4040774367
0F181626D9EF835C890EE2FD17B9C0B7AB9903FFFFFFFFFFFC9FFF0000EA161D6F42BB404077437F
0F180E26D9E1835C8F0EE2FF17B9BFB7AB9A03FFFFFFFFFFFC9FFF0000F2161D6F42BB4040774397
0F17FD26D9C6835C920EE2E517B9ABB7CB9A03FFFFFFFFFFFCAFFF0000F1161D6F42BB3F407743AF
0F17EF26D9B5835C960EE2D617B99DB7CB9A39BFFFFFFFFFFCAFFF0000EA161D6F42BB3F407743C7
0F17D126D986835CA00EE2B617B984B7BB99C61FFFFFFFFFFC9FFF0000F0161D6F42BB3F407743DF
0F17B326D953835CB00EE29917B96DB7BB99039FFFFFFFFFFC9FFF0000EA161D6F42BB3F407743F7
0F17A226D942835CBD0EE28517B95DB7CB9A040FFFFFFFFFFC9FFF0000F1161D6F42BB3E4077430F
0F179826D92F835CBF0EE27517B94EB7CB9A3B9FFFFFFFFFFC9FFF0000F0161D6E42BB3E40774327
0F179726D92B835CBD0EE27517B94FB7CB9A9E3FFFFFFFFFFC9FFF0000E8161D6E42BB3E4077433F
0F179D26D938835CC00EE27717B951B7BB9A03FFFFFFFFFFFC9FFF0000F0161D6E42BB3E40774357
0F179826D930835CD20EE27517B94FB7CB9A03FFFFFFFFFFFC9FFF0000F1161D6E42BB3D4077436F
0F178226D90E835CDD0EE26217B93FB7CB9A03FFFFFFFFFFFCAFFF0000EC161D6E42BB3D40774387
0F178126D90D835CDD0EE25D17B93CB7BB9A069FFFFFFFFFFC9FFF0000EF161D6E42BB3D4077439F
0F178B26D91C835CE20EE26617B943B7BB9A571FFFFFFFFFFCAFFF0000EF161D6E42BB3C407723B7
0F178026D90B835CF30EE26117B940B7CB9AAFAFFFFFFFFFFC9FFF0000EE161D6E42BB3C407743CF
0F177526D8FA835CFE0EE25517B936B7BB9B03FFFFFFFFFFFC9FFF0000E8161D6E42BB3C407733E7
0F176E26D8F4835D010EE24E17B930B7AB9B048FFFFFFFFFFCAFFF0000E9161D6D42BB3C407723FF
0F175E26D8DB835D090EE24317B925B7BB9B68AFFFFFFFFFFCAFFF0000F0161D6D42BB3B40772317
0F175826D8CE835D080EE23817B91DB7AB9B7BCFFFFFFFFFFCAFFF0000EF161D6D42BB3B4077332F
0F175526D8CB835D070EE23917B91EB7BB9B03FFFFFFFFFFFCAFFF0000E9161D6D42BB3B40772347
0F170A26D859835D200EE20917B8F7B7BB9B03FFFFFFFFFFFCBFFF0000F1161D6D42BB3B4077235F
0F160226D6CE835D330EE13017B844B7DB9A03FFFFFFFFFFFCAFFF0000EC161D6D42BB3A40772377
0F161426D6EE835D2A0EE12217B83BB7CB9A0D5FFFFFFFFFFCAFFF0000E9161D6D42BB3A4077238F
0F164926D73A835D280EE15317B862B7DB9B89EFFFFFFFFFFCAFFF0000ED161D6D42BB3A407723A7
0F15C226D66A835D400EE0C817B7EDB7DB9B886FFFFFFFFFFCAFFF0000F0161D6C42BB39407723BF
0F154C26D5C0835D4B0EE05C17B797B7DB9A03FFFFFFFFFFFC9FFF0000EA161D6C42BB39407723D7
0F15CE26D685835D3B0EE0CB17B7F4B7DB9B054FFFFFFFFFFC9FFF0000EF161D6C42BB39407723EF
0F162726D700835D3A0EE11F17B837B7DB9B9ABFFFFFFFFFFCAFFF0000EF161D6C42BB3940772307
0F159E26D633835D540EE0AA17B7D5B7DB9B51FFFFFFFFFFFCAFFF0000EE161D6C42BB384077231F
0F14DB26D50B835D670EDFF017B73DB7DB9C03FFFFFFFFFFFC9FFF0000E2161D6C42BB3840772337
0F14DE26D519835D630EDFF917B746B7DB9D114FFFFFFFFFFC9FFF0000EE161D6C42BB384077134F
0F152626D57F835D620EE06017B797B7DB9DAF9FFFFFFFFFFC9FFF0000E7161D6C42BB3740772367
0F147F26D483835D740EDF9917B6F3B7DB9D22DFFFFFFFFFFCAFFF0000EE161D6C42BB374077137F
0F148326D492835D780EDF5D17B6C5B7DB9D03FFFFFFFFFFFCAFFF0000E8161D6B42BB3740770397
0F14C726D4F1835D750EDFC917B71EB7EB9D03FFFFFFFFFFFC8FFF0000EF161D6B42BB37407713AF
0F147526D476835D810EDF7717B6D7B7FB9D03FFFFFFFFFFFC9FFF0000F0161D6B42BB36407703C7
0F144A26D42D835D800EDF5A17B6C0B80B9D2E6FFFFFFFFFFC9FFF0000F0161D6B42BB36407703DF
0F146C26D461835D810EDF6617B6C8B7FB9DD3BFFFFFFFFFFCAFFF0000EC161D6B42BB36407703F7
0F139026D312835DA20EDEA717B62CB7FB9D278FFFFFFFFFFCBFFF0000E4161D6B42BB364077030F
0F132126D268835DB60EDE2917B5BDB7FB9E03FFFFFFFFFFFCAFFF0000EE161D6B42BB3540770327
0F135826D2C2835DA40EDE4917B5DBB7FB9E03FFFFFFFFFFFC9FFF0000EE161D6B42BB354077033F
0F13E326D394835D9B0EDEB117B633B7FB9E03FFFFFFFFFFFC9FFF0000E7161D6A42BB3540770357
0F138A26D306835DAE0EDE9217B616B7EB9D03FFFFFFFFFFFC9FFF0000EF161D6A42BB344077036F
0F133126D27A835DC00EDE2C17B5C3B7EB9D03FFFFFFFFFFFC9FFF0000E9161D6A42BB3440770387
0F133D26D292835DBE0EDE3617B5CAB7FB9D03FFFFFFFFFFFC9FFF0000E7161D6A42BB344077039F
0F135C26D2C2835DBF0EDE4D17B5DDB7FB9D03FFFFFFFFFFFC9FFF0000E6161D6A42BB34407703B7
0F132126D265835DD50EDE1917B5AEB7FB9D03FFFFFFFFFFFCAFFF0000E6161D6A42BB33407703CF
0F130726D23F835DDE0EDDF617B594B7EB9E03FFFFFFFFFFFCAFFF0000EE161D6A42BB334076F3E7
0F131026D24C835DDF0EDDFE17B598B7FB9D03FFFFFFFFFFFCAFFF0000ED161D6A42BB33407703FF
0F130726D23B835DE90EDDFF17B59AB80B9E03FFFFFFFFFFFCBFFF0000E6161D6A42BB334076F317
0F130426D23A835DE10EDDF617B593B80B9E03FFFFFFFFFFFCBFFF0000ED161D6942BB324076F32F
0F131926D25D835DDD0EDE0317B59CB80B9E03FFFFFFFFFFFCAFFF0000E7161D6942BB324076F347
0F12ED26D212835DF10EDDEA17B587B80B9E03FFFFFFFFFFFCAFFF0000E9161D6942BB324076E35F
0F128C26D177835E010EDD9517B53FB80B9E03FFFFFFFFFFFCAFFF0000EC161D6942BB324076E377
0F125626D128835E080EDD5917B50BB80B9D03FFFFFFFFFFFCAFFF0000F0161D6942BB314076E38F
0F122326D0DD835E0C0EDD2D17B4E7B7EB9E03FFFFFFFFFFFCAFFF0000F1161D6942BB314076E3A7
0F124026D106835E050EDD4417B4F7B7EB9D03FFFFFFFFFFFCAFFF0000EC161D6942BB314076E3BF
0F124626D10E835E0B0EDD4917B4FDB7EB9D03FFFFFFFFFFFCAFFF0000F3161D6942BB314076E3D7
0F11BE26D048835E1C0EDCDC17B4A4B7FB9E03FFFFFFFFFFFC8FFF0000F5161D6842BB304076E3EF
0F113D26CF8A835E250EDC7217B44FB7EB9E03FFFFFFFFFFFCAFFF0000F6161D6842BB304076E307
0F113626CF7F835E210EDC6417B447B7DB9E03FFFFFFFFFFFCCFFF0000F7161D6842BB304076E31F
0F113F26CF84835E220EDC6817B445B7EB9E03FFFFFFFFFFFC9FFF0000F7161D6842BB2F4076E337
0F10AE26CEB4835E320EDBDA17B3D3B7FB9E03FFFFFFFFFFFC8FFF0000F4161D6842BB2F4076E34F
0F101126CDC6835E410EDB2617B344B80B9E03FFFFFFFFFFFCAFFF0000F3161D6842BB2F4076E367
0F0FC226CD4D835E4D0EDAD817B303B80B9E03FFFFFFFFFFFCAFFF0000F7161D6842BB2F4076E37F
0F0FC126CD53835E4F0EDABF17B2EDB80B9F03FFFFFFFFFFFC9FFF0000FA161D6842BB2E4076E397
0F105726CE37835E3F0EDB5B17B36EB80B9F03FFFFFFFFFFFC7FFF0000F2161D6742BB2E4076E3AF
0F10CF26CEDB835E410EDBCB17B3C8B80B9F03FFFFFFFFFFFC7FFF0000F9161D6742BB2E4076E3C7
0F103726CE02835E5C0EDB4F17B362B80B9F03FFFFFFFFFFFC8FFF0000F8161D6742BB2E4076D3DF
0F0FF026CD94835E660EDAFD17B322B80BA003FFFFFFFFFFFC8FFF0000F6161D6742BB2D4076C3F7
0F0FE426CD88835E690EDAEF17B314B80B9F03FFFFFFFFFFFC7FFF0000F3161D6742BB2D4076C30F
0F0FB626CD3D835E720EDAC317B2EEB81B9F03FFFFFFFFFFFC8FFF0000F2161D6742BB2D4076D327
0F0FB526CD3B835E6B0EDAB317B2E5B81B9F03FFFFFFFFFFFC9FFF0000F2161D6742BB2D4076D33F
0F0FD826CD70835E640EDAD617B2FDB80B9F03FFFFFFFFFFFCAFFF0000EA161D6742BB2C4076C357
0F0F9526CD0E835E790EDAAE17B2DCB80B9F03FFFFFFFFFFFCCFFF0000F1161D6642BB2C4076C36F
0F0F6C26CCCE835E810EDA7617B2B1B80BA003FFFFFFFFFFFCBFFF0000E9161D6642BB2C4076C387
0F0F8826CCFD835E790EDA8A17B2C1B80BA003FFFFFFFFFFFC9FFF0000EE161D6642BB2C4076C39F
0F0F6A26CCC7835E860EDA7A17B2B0B80BA003FFFFFFFFFFFC8FFF0000E7161D6642BB2B4076C3B7
0F0F3C26CC7F835E8E0EDA4717B289B82B9F03FFFFFFFFFFFC9FFF0000ED161D6642BB2B4076C3CF
0F0F4B26CC9D835E890EDA4417B284B81B9F03FFFFFFFFFFFCAFFF0000E5161D6642BB2B4076C3E7
0F0F6126CCBA835E870EDA6217B29EB81B9F03FFFFFFFFFFFC9FFF0000EC161D6642BB2A4076C3FF
0F0F3A26CC7D835E940EDA4217B284B81B9F03FFFFFFFFFFFCAFFF0000E5161D6642BB2A4076C317
0F0F2D26CC6A835E9E0EDA2717B26DB80B9E03FFFFFFFFFFFCAFFF0000E5161D6542BB2A4076C32F
0F0F2326CC59835E990EDA2317B268B80B9F03FFFFFFFFFFFCAFFF0000EB161D6542BB2A4076C347
0F0F0E26CC34835E9A0EDA1F17B264B81BA003FFFFFFFFFFFCAFFF0000EB161D6542BB294076C35F
0F0F0A26CC34835EA80EDA0517B250B82B9F03FFFFFFFFFFFCAFFF0000EB161D6542BB294076B377
0F0F2726CC63835EAC0EDA1717B260B81B9F03FFFFFFFFFFFCAFFF0000EC161D6542BB294076B38F
0F0F2726CC61835EAB0EDA2717B26EB81B9F03FFFFFFFFFFFC9FFF0000DD161D6542BB294076C3A7
0F0EFC26CC1D835EBF0ED9FD17B247B81B9F03FFFFFFFFFFFC9FFF0000EB161D6542BB284076B3BF
0F0EFF26CC20835EC30ED9F917B248B80B9F03FFFFFFFFFFFCAFFF0000EB161D6542BB284076B3D7
0F0F0F26CC3C835EB30EDA0917B253B81BA003FFFFFFFFFFFCAFFF0000EB161D6442BB284076C3EF
0F0F1926CC52835EBC0EDA1217B25AB81BA003FFFFFFFFFFFC9FFF0000E4161D6442BB284076A307
0F0F1526CC46835ECF0EDA0D17B25AB80BA003FFFFFFFFFFFC9FFF0000E4161D6442BB274076A31F
0F0EF726CC17835EDB0ED9F217B23EB80BA003FFFFFFFFFFFC9FFF0000E2161D6442BB274076A337
0F0F0726CC2D835EDC0ED9FC17B249B80B9F03FFFFFFFFFFFC9FFF0000EB161D6442BB274076A34F
0F0EFB26CC16835EDA0ED9F517B242B81B9F03FFFFFFFFFFFCAFFF0000E4161D6442BB274076A367
0F0EF526CC12835ECC0ED9F117B23DB80B9F03FFFFFFFFFFFCAFFF0000EB161D6442BB264076A37F
0F0EF926CC19835ECB0ED9F217B240B7FB9F03FFFFFFFFFFFC9FFF0000EB161D6342BB264076A397
0F0F0026CC2B835EED0ED9F517B247B80B9F03FFFFFFFFFFFC9FFF0000DC161D6342BB264076A3AF
0F0F0D26CC42835F080EDA0017B251B81BA0B4EFFFFFFFFFFCAFFF0000EA161D6342BB264076A3C7
0F0F1826CC51835EF80EDA1217B261B81BA1039FFFFFFFFFFC9FFF0000EA161D6342BB254076A3DF
0F0F0F26CC42835EE70EDA0F17B25AB80BA003FFFFFFFFFFFC9FFF0000EB161D6342BB254076A3F7
0F0F1726CC4A835EE80EDA0F17B25AB80BA003FFFFFFFFFFFC9FFF0000ED161D6342BB254076A30F
0F0F1C26CC54835EED0EDA1117B25DB80BA003FFFFFFFFFFFC9FFF0000E6161D6342BB2440769327
0F0F0C26CC3E835F080EDA0D17B25BB80B9F03FFFFFFFFFFFC9FFF0000ED161D6342BB244076933F
0F0EF726CC1B835F230ED9F017B243B81B9F03FFFFFFFFFFFC9FFF0000ED161D6342BB2440769357
0F0EE526CBFC835F200ED9E617B238B80B9F03FFFFFFFFFFFCAFFF0000E5161D6242BB244076836F
0F0ED426CBDF835F0A0ED9D017B223B80B9F03FFFFFFFFFFFCBFFF0000ED161D6242BB234076A387
0F0ED326CBE1835F040ED9D017B223B80BA003FFFFFFFFFFFCAFFF0000ED161D6242BB234076939F
0F0EDE26CBF3835F160ED9D417B22AB81BA003FFFFFFFFFFFC9FFF0000EF161D6242BB23407683B7
0F0EDB26CBF1835F340ED9D117B22AB81BA003FFFFFFFFFFFC9FFF0000EF161D6242BB23407683CF
0F0EDC26CBEE835F380ED9D417B228B81B9F03FFFFFFFFFFFC9FFF0000ED161D6242BB22407683E7
0F0EE126CBFA835F2D0ED9DA17B22FB80B9F03FFFFFFFFFFFC8FFF0000EB161D6242BB22407683FF
0F0EE026CBF7835F3A0ED9D817B22EB80B9F03FFFFFFFFFFFC8FFF0000EB161D6142BB2240768317
0F0EE726CC04835F490ED9DB17B232B81B9F03FFFFFFFFFFFCAFFF0000E6161D6142BB224076832F
0F0EEF26CC0F835F4A0ED9E717B23CB81BA003FFFFFFFFFFFC9FFF0000E7161D6142BB2140768347
0F0EEF26CC12835F490ED9E617B23AB82BA103FFFFFFFFFFFC9FFF0000ED161D6142BB214076835F
0F0EF826CC1F835F4B0ED9F017B243B81BA103FFFFFFFFFFFCAFFF0000EB161D6142BB2140768377
0F0EF626CC1F835F530ED9EE17B243B81BA103FFFFFFFFFFFCAFFF0000EA161D6142BB214076838F
0F0EF726CC25835F680ED9F017B249B81BA103FFFFFFFFFFFCAFFF0000DB161D6142BB20407683A7
0F0EE926CC09835F7A0ED9E617B23DB81BA003FFFFFFFFFFFC9FFF0000EA161D6142BB20407683BF
0F0EDD26CBF8835F740ED9D317B22CB81BA003FFFFFFFFFFFC9FFF0000E4161D6142BB20407683D7
0F0ED226CBE4835F680ED9D617B22EB80BA103FFFFFFFFFFFCAFFF0000E9161D6042BB20407683EF
0F0ED326CBE9835F740ED9CD17B227B81BA103FFFFFFFFFFFCAFFF0000E2161D6042BB1F40767307
0F0ED326CBE8835F8C0ED9C917B227B81BA003FFFFFFFFFFFC9FFF0000E1161D6042BB1F4076831F
0F0EDE26CBF9835F980ED9D317B22FB81BA103FFFFFFFFFFFC8FFF0000E5161D6042BB1F40768337
0F0EDF26CBFD835F930ED9D617B230B81BA003FFFFFFFFFFFC8FFF0000EA161D6042BB1F4076734F
0F0EDC26CBFA835F8E0ED9D517B22EB82BA003FFFFFFFFFFFCAFFF0000E9161D6042BB1E40767367
0F0EDB26CBFA835F9A0ED9D717B232B81BA003FFFFFFFFFFFCAFFF0000E9161D6042BB1E4076737F
0F0ECF26CBE8835FAC0ED9CB17B228B82BA003FFFFFFFFFFFCAFFF0000EB161D6042BB1E40766397
0F0ECD26CBE2835FBA0ED9C617B226B82B9F03FFFFFFFFFFFC9FFF0000EA161D5F42BB1E407663AF
0F0EB326CBB9835FBF0ED9B617B214B82B9F03FFFFFFFFFFFCBFFF0000EA161D5F42BB1D407663C7
0F0EA226CB9D835FB60ED99D17B1FFB81B9F03FFFFFFFFFFFC9FFF0000EB161D5F42BB1D407663DF
0F0EAB26CBAE835FBB0ED9A317B206B81B9F03FFFFFFFFFFFC9FFF0000EB161D5F42BB1D407663F7
0F0EBD26CBCD835FD60ED9AB17B20FB81B9F03FFFFFFFFFFFC8FFF0000E3161D5F42BB1C4076630F
0F0EC226CBD6835FE10ED9BA17B21DB82B9F03FFFFFFFFFFFCAFFF0000E4161D5F42BB1C40766327
0F0EA726CBA9835FD70ED9A717B20AB81BA003FFFFFFFFFFFC9FFF0000EA161D5F42BB1C4076633F
0F0EB526CBC6835FD60ED9A717B20AB81BA003FFFFFFFFFFFC9FFF0000EA161D5E42BB1C40766357
0F0ED326CBF1835FDC0ED9C817B229B82BA003FFFFFFFFFFFC9FFF0000EA161D5E42BB1B4076636F
0F0ED126CBF0835FE50ED9C917B22AB82B9F03FFFFFFFFFFFC9FFF0000EB161D5E42BB1B40766387
0F0ED426CBF5835FEC0ED9C817B22BB80B9F03FFFFFFFFFFFC9FFF0000E4161D5E42BB1B4076439F
0F0EC626CBDC835FF90ED9C717B22AB7FB9F03FFFFFFFFFFFC9FFF0000E9161D5E42BB1B407663B7
0F0E9B26CB9B8360010ED9A717B20FB80BA003FFFFFFFFFFFCAFFF0000E9161D5E42BB1A407663CF
0F0EA626CBAE835FFA0ED9B717B21BB81BA003FFFFFFFFFFFC9FFF0000E3161D5E42BB1A407653E7
0F0EA926CBAE835FFE0ED9B317B218B81BA103FFFFFFFFFFFCAFFF0000E9161D5D42BB1A407653FF
0F0E6C26CB518360060ED98A17B1F4B81BA003FFFFFFFFFFFC9FFF0000EA161D5D42BB1940765317
0F0E7426CB5C835FFC0ED98B17B1F8B82BA103FFFFFFFFFFFC9FFF0000EB161D5D42BB194076432F
0F0E7926CB628360020ED99517B1FEB82BA103FFFFFFFFFFFCAFFF0000EA161D5D42BB1940764347
0F0D8626C9F38360260ED8E117B161B81BA103FFFFFFFFFFFC9FFF0000DB161D5D42BB194076435F
0F0D8326C9F98360240ED8A217B139B81BA103FFFFFFFFFFFC9FFF0000E9161D5D42BB1840764377
0F0E7D26CB6C8360020ED97C17B1E8B81BA103FFFFFFFFFFFCAFFF0000E9161D5D42BB184076438F
0F0EA226CBAA8360080ED98417B1F0B80BA103FFFFFFFFFFFCBFFF0000E8161D5D42BB18407643A7
0F0E7826CB608360200ED98217B1EFB80BA103FFFFFFFFFFFCAFFF0000DF161D5C42BB17407643BF
0F0E7F26CB7483601B0ED98C17B1F7B82BA103FFFFFFFFFFFCAFFF0000E9161D5C42BB17407643D7
0F0E8E26CB868360140ED99217B1FBB82BA103FFFFFFFFFFFCAFFF0000EA161D5C42BB17407643EF
0F0E7C26CB6F83601F0ED97D17B1EBB82BA003FFFFFFFFFFFC9FFF0000EA161D5C42BB1740764307
0F0E5626CB308360280ED96817B1D9B82BA103FFFFFFFFFFFCAFFF0000EA161D5C42BB164076431F
0F0E8E26CB8983601D0ED98117B1EDB82BA003FFFFFFFFFFFCAFFF0000DB161D5C42BB1640764337
0F0EB426CBC38360130ED9B417B21BB81BA003FFFFFFFFFFFCAFFF0000E9161D5C42BB164076434F
0F0E9C26CB9F8360220ED99B17B205B80BA003FFFFFFFFFFFC9FFF0000EA161D5B42BB1540764367
0F0E0A26CAB68360340ED92C17B1A7B81BA003FFFFFFFFFFFC9FFF0000EB161D5B42BB154076437F
0F0E2A26CAEE83602E0ED95617B1CBB82BA003FFFFFFFFFFFCAFFF0000EA161D5B42BB1540764397
0F0E6E26CB548360240ED97B17B1E9B83BA003FFFFFFFFFFFC9FFF0000EA161D5B42BB15407633AF
0F0E4B26CB1F83602D0ED96717B1D8B83BA103FFFFFFFFFFFC9FFF0000E2161D5B42BB14407643C7
0F0E6026CB4183602E0ED96C17B1DBB82BA103FFFFFFFFFFFCAFFF0000EA161D5B42BB14407633DF
0F0E6826CB4A8360310ED98017B1EDB82BA003FFFFFFFFFFFCAFFF0000EA161D5B42BB14407623F7
0F0E4B26CB2083603C0ED95E17B1D3B81BA003FFFFFFFFFFFCAFFF0000E3161D5B42BB134076230F
0F0E6126CB4283603F0ED97017B1DFB81BA003FFFFFFFFFFFCBFFF0000EA161D5A42BB1340763327
0F0E5D26CB3983603B0ED98517B1F1B80BA003FFFFFFFFFFFCAFFF0000E9161D5A42BB134076233F
0F0E3126CAFC83603C0ED95B17B1CDB80BA103FFFFFFFFFFFC9FFF0000E9161D5A42BB1340762357
0F0DF726CAA18360430ED90F17B18EB80BA103FFFFFFFFFFFC9FFF0000E9161D5A42BB124076236F
0F0DF526CAA183604A0ED90617B188B80BA103FFFFFFFFFFFC9FFF0000E8161D5A42BB1240763387
0F0D9E26CA0B8360540ED8EE17B173B80BA003FFFFFFFFFFFC9FFF0000E5161D5A42BB124076239F
0F0CF626C9168360540ED83317B0D6B81BA003FFFFFFFFFFFCAFFF0000EA161D5A42BB12407623B7
0F0D9D26CA2683604A0ED87D17B115B83BA003FFFFFFFFFFFCAFFF0000E9161D5A42BB11407623CF
0F0DF026CA8B83604C0ED92717B1A0B84B9F03FFFFFFFFFFFC9FFF0000E2161D5942BB11407623E7
0F0CB626C8AF8360680ED7FF17B0A8B82B9F03FFFFFFFFFFFC9FFF0000EA161D5942BB11407623FF
0F0C4F26C81883606A0ED79C17B057B81BA003FFFFFFFFFFFCAFFF0000EB161D5942BB1040762317
0F0CCE26C8DE8360610ED7C917B07EB81BA003FFFFFFFFFFFCAFFF0000EA161D5942BB104076232F
0F0D0426C9248360680ED81017B0B7B81BA103FFFFFFFFFFFC9FFF0000E6161D5942BB1040761347
0F0C1126C7B78360730ED75417B016B80BA103FFFFFFFFFFFCBFFF0000E5161D5942BB104076135F
0F0C1826C7BF83607B0ED71C17AFECB81BA203FFFFFFFFFFFCAFFF0000EA161D5942BB0F40761377
0F0C0426C79F83607F0ED71F17AFEBB81BA103FFFFFFFFFFFCAFFF0000E4161D5942BB0F4076038F
0F0BF826C78A8360810ED72417AFF1B82BA003FFFFFFFFFFFCAFFF0000EB161D5842BB0F407613A7
0F0C1626C7B883607B0ED73C17B003B84BA003FFFFFFFFFFFC9FFF0000EB161D5842BB0F407613BF
0F0C0626C7A68360830ED71F17AFEBB84BA003FFFFFFFFFFFC8FFF0000EB161D5842BB0E407603D7
0F0B8D26C6E98360A00ED6C617AFA3B83BA103FFFFFFFFFFFC9FFF0000E4161D5842BB0E407613EF
0F0B3426C6668360A80ED64417AF37B83BA103FFFFFFFFFFFC9FFF0000EB161D5842BB0E40760307
0F0B8626C6E48360920ED69517AF79B83BA103FFFFFFFFFFFC9FFF0000EC161D5842BB0E4076031F
0F0BA226C70A8360920ED6B517AF92B83BA103FFFFFFFFFFFCBFFF0000EC161D5842BB0D40760337
0F0B6626C6AE8360AB0ED68317AF6AB83BA103FFFFFFFFFFFC9FFF0000E7161D5842BB0D4076034F
0F0B7426C6C18360A40ED69117AF73B82BA203FFFFFFFFFFFCAFFF0000F0161D5742BB0D40760367
0F0B5E26C6A18360B30ED67317AF5BB82BA103FFFFFFFFFFFCAFFF0000EA161D5742BB0C4076037F
0F0AD826C5DC8360CB0ED5EC17AEF0B81BA103FFFFFFFFFFFCAFFF0000F0161D5742BB0C40760397
0F0B4226C67D8360B90ED65B17AF4BB82BA103FFFFFFFFFFFC9FFF0000E8161D5742BB0C407603AF
0F0BBF26C7398360A30ED69A17AF7EB82BA103FFFFFFFFFFFC9FFF0000ED161D5742BB0C407603C7
0F0BB326C71F8360B80ED6B817AF95B83BA203FFFFFFFFFFFCAFFF0000F5161D5742BB0B407603DF
0F0B7E26C6D48360BD0ED68917AF6EB83BA203FFFFFFFFFFFCAFFF0000F6161D5742BB0B407603F7
0F0BB126C7208360BC0ED6BF17AF9CB83BA203FFFFFFFFFFFC9FFF0000E6161D5742BB0B4076030F
0F0B3726C6698360CE0ED65417AF41B82BA303FFFFFFFFFFFC9FFF0000F3161D5642BB0B40760327
0F0AE026C5E68360D70ED61017AF0CB82BA303FFFFFFFFFFFC8FFF0000F3161D5642BB0A4076033F
0F0AFB26C6098360D20ED62917AF1FB81BA203FFFFFFFFFFFC8FFF0000F3161D5642BB0A40760357
0F0AF326C6028360CD0ED61717AF0FB81BA203FFFFFFFFFFFC9FFF0000F3161D5642BB0A4076036F
0F0B1526C6368360CD0ED62817AF1CB83BA203FFFFFFFFFFFC9FFF0000F2161D5642BB0940760387
0F0AAD26C58F8360D20ED60017AEFAB84BA203FFFFFFFFFFFCAFFF0000F0161D5642BB094076039F
0F0A0426C4928360DE0ED55817AE6DB85BA203FFFFFFFFFFFCAFFF0000EE161D5642BB09407603B7
0F090826C30F8360F00ED45A17AD9CB85BA203FFFFFFFFFFFC9FFF0000E0161D5642BB094075E3CF
0F07EF26C1698360FE0ED33517ACAAB84BA203FFFFFFFFFFFC9FFF0000ED161D5642BB084075E3E7
0F081D26C1B98360F60ED35517ACC6B83BA303FFFFFFFFFFFCAFFF0000EE161D5642BB08407603FF
0F08E126C2D78360E90ED40617AD55B82BA303FFFFFFFFFFFC9FFF0000EE161D5542BB0840760317
0F091626C3258360EC0ED42C17AD72B83BA303FFFFFFFFFFFC9FFF0000EE161D5542BB084075E32F
0F088F26C2498360F40ED3D417AD29B83BA303FFFFFFFFFFFC9FFF0000EE161D5542BB074075E347
0F079E26C0E883610A0ED2D317AC59B83BA203FFFFFFFFFFFC9FFF0000E0161D5542BB074075E35F
0F06BA26BF878361260ED21517ABB5B84BA303FFFFFFFFFFFC9FFF0000ED161D5542BB074075E377
0F06D826BFBE8361190ED20517ABACB84BA303FFFFFFFFFFFCAFFF0000E5161D5542BB074075E38F
0F077F26C0B68361070ED29617AC21B85BA303FFFFFFFFFFFC9FFF0000DF161D5542BB064075E3A7
0F071B26C0168361160ED27217ABFDB85BA403FFFFFFFFFFFCAFFF0000E7161D5542BB064075E3BF
0F06CC26BFA483611A0ED1F717AB9AB85BA303FFFFFFFFFFFCAFFF0000EF161D5442BB064075D3D7
0F06D826BFB683611B0ED1FE17AB9EB85BA403FFFFFFFFFFFCAFFF0000E1161D5442BB054075D3EF
0F069326BF4483612A0ED1C417AB6DB85BA403FFFFFFFFFFFCAFFF0000EE161D5442BB054075D307
0F066D26BF0C8361340ED19317AB44B84BA503FFFFFFFFFFFC9FFF0000E6161D5442BB054075E31F
0F069926BF4E8361200ED1C317AB6CB84BA503FFFFFFFFFFFC8FFF0000EE161D5442BB054075D337
0F06A626BF658361230ED1C517AB70B85BA403FFFFFFFFFFFC8FFF0000EF161D5442BB044075C34F
0F062026BE8F83614B0ED14E17AB0DB84BA303FFFFFFFFFFFC9FFF0000E9161D5442BB044075D367
0F059D26BDD68361450ED0EA17AAB9B84BA403FFFFFFFFFFFC9FFF0000F1161D5442BB044075C37F
0F066B26BF0B8361210ED17817AB2BB84BA403FFFFFFFFFFFC9FFF0000F1161D5442BB044075D397
0F065426BEDF83612F0ED16517AB1FB86BA303FFFFFFFFFFFC8FFF0000F2161D5342BB034075C3AF
0F054826BD418361480ED0D317AAA0B85BA303FFFFFFFFFFFCBFFF0000E4161D5342BB034075C3C7
0F04D126BC9A8361470ED03417AA1EB86BA303FFFFFFFFFFFCAFFF0000F4161D5342BB034075C3DF
0F052F26BD278361400ED08217AA5CB87BA403FFFFFFFFFFFCAFFF0000F6161D5342BB024075C3F7
0F055726BD5683613B0ED0B017AA81B86BA403FFFFFFFFFFFCAFFF0000EE161D5342BB024075C30F
0F055126BD4783613B0ED0B417AA82B86BA403FFFFFFFFFFFCAFFF0000F5161D5342BB024075C327
0F047E26BC1083614C0ECFFA17A9E7B85BA403FFFFFFFFFFFC9FFF0000F2161D5342BB024075C33F
0F037C26BA828361610ECEDF17A8FFB84BA403FFFFFFFFFFFC9FFF0000F6161D5342BB014075C357
0F036826BA6C83615C0ECEB217A8DBB85BA403FFFFFFFFFFFCAFFF0000F5161D5242BB014075C36F
0F044926BBC08361440ECF8717A98CB86BA403FFFFFFFFFFFC9FFF0000F7161D5242BB014075C387
0F047426BBFC8361440ECFAE17A9A7B85BA403FFFFFFFFFFFC9FFF0000FF161D5242BB004075B39F
0F03A026BAB08361550ECEFF17A910B85BA403FFFFFFFFFFFCAFFF000101161D5242BB004075C3B7
0F029B26B9248361660ECDF117A832B86BA303FFFFFFFFFFFCAFFF000102161D5242BB004075B3CF
0F020026B83783616B0ECD5D17A7B5B86BA403FFFFFFFFFFFCBFFF000101161D5242BB004075B3E7
0F023626B88C8361620ECD7C17A7CFB86BA403FFFFFFFFFFFCAFFF0000FB161D5242BB004075B3FF
0F021B26B85A8361640ECD9517A7E3B85BA403FFFFFFFFFFFCAFFF000104161D5242BAFF4075C317
0F01DC26B7F88361660ECD4617A79FB86BA503FFFFFFFFFFFC8FFF0000FE161D5242BAFF4075B32F
0F01E326B8048361650ECD4717A79DB86BA503FFFFFFFFFFFC9FFF000105161D5142BAFF4075A347
0F019C26B79183616F0ECCEB17A752B85BA403FFFFFFFFFFFC9FFF0000FD161D5142BAFE4075A35F
0F015C26B7308361760ECCB317A71FB85BA403FFFFFFFFFFFC9FFF000101161D5142BAFE4075A377
0F011926B6CB83617D0ECC6717A6E0B85BA403FFFFFFFFFFFCAFFF0000F9161D5142BAFE4075A38F
0F00E126B67A8361860ECC2817A6ADB85BA403FFFFFFFFFFFC9FFF0000FE161D5142BAFE4075A3A7
0F00BC26B63D8361870ECC0517A68EB86BA303FFFFFFFFFFFC9FFF0000F8161D5142BAFD4075A3BF
0F00B426B62D8361850ECC0617A68FB86BA403FFFFFFFFFFFCBFFF0000F2161D5142BAFD4075A3D7
0F00BA26B6378361800ECC0C17A693B84BA303FFFFFFFFFFFCBFFF0000FA161D5142BAFD4075A3EF
0F006226B5AC8361880ECBC917A659B84BA203FFFFFFFFFFFCAFFF0000F8161D5042BAFC4075A307
0EFFD526B4DB8361990ECB2317A5CFB86BA203FFFFFFFFFFFC9FFF0000F6161D5042BAFC4075A31F
0EFFE126B4EB8361950ECB1E17A5CCB86BA303FFFFFFFFFFFCBFFF0000F4161D5042BAFC4075A337
0EFFFF26B5148361940ECB3B17A5E1B87BA403FFFFFFFFFFFC9FFF0000F3161D5042BAFC4075A34F
0EFFF326B50783619C0ECB2E17A5D7B87BA503FFFFFFFFFFFCBFFF0000EB161D5042BAFB4075A367
0EFFF426B5008361990ECB2F17A5D6B86BA503FFFFFFFFFFFCAFFF0000EB161D5042BAFB4075A37F
0F000226B5168361930ECB3E17A5E3B87BA503FFFFFFFFFFFCAFFF0000F3161D5042BAFB4075A397
0EFF8026B44C8361A40ECAD917A595B87BA503FFFFFFFFFFFC9FFF0000F2161D5042BAFB4075A3AF
0EFEA526B30D8361BA0ECA0517A4E0B87BA503FFFFFFFFFFFC9FFF0000F1161D5042BAFA4075A3C7
0EFEB226B3198361AC0ECA0817A4E4B87BA503FFFFFFFFFFFCAFFF0000F0161D4F42BAFA407593DF
0EFF5526B40A8361980ECA8917A549B87BA403FFFFFFFFFFFCAFFF0000F0161D4F42BAFA4075A3F7
0EFF2126B3BE8361A20ECA7E17A540B87BA403FFFFFFFFFFFC9FFF0000F2161D4F42BAF94075930F
0EFE9226B2E08361AE0EC9F717A4D0B86BA503FFFFFFFFFFFCAFFF0000F1161D4F42BAF940759327
0EFE6126B2968361B20EC9B917A49BB86BA503FFFFFFFFFFFCAFFF0000F1161D4F42BAF94075833F
0EFE6126B2968361B30EC9A717A48EB86BA603FFFFFFFFFFFC9FFF0000F1161D4F42BAF940758357
0EFE4626B26F8361BA0EC98D17A478B86BA603FFFFFFFFFFFC9FFF0000F0161D4F42BAF84075936F
0EFE3826B2558361BB0EC97B17A468B86BA503FFFFFFFFFFFCAFFF0000F0161D4F42BAF840759387
0EFE3D26B25A8361B80EC97B17A468B86BA603FFFFFFFFFFFCAFFF0000F0161D4E42BAF84075839F
0EFE3726B2508361B90EC97917A467B85BA503FFFFFFFFFFFCAFFF0000F1161D4E42BAF8407583B7
0EFE2A26B23E8361BC0EC96917A457B86BA603FFFFFFFFFFFCAFFF0000F1161D4E42BAF7407583CF
0EFE1526B21C8361C70EC94F17A441B85BA603FFFFFFFFFFFCAFFF0000F2161D4E42BAF7407583E7
0EFE0226B2018361CB0EC94217A436B86BA603FFFFFFFFFFFC9FFF0000F2161D4E42BAF7407583FF
0EFDFE26B1FD8361C70EC93C17A430B86BA503FFFFFFFFFFFC8FFF0000F1161D4E42BAF740758317
0EFE0326B2018361CC0EC93817A42EB87BA503FFFFFFFFFFFC9FFF0000F1161D4E42BAF64075832F
0EFDE326B1CF8361DA0EC92717A420B87BA503FFFFFFFFFFFC9FFF0000EA161D4E42BAF640758347
0EFDDF26B1CB8361D60EC91A17A411B86BA503FFFFFFFFFFFC9FFF0000F2161D4E42BAF64075835F
0EFDFA26B1F48361CD0EC93217A427B85BA503FFFFFFFFFFFCAFFF0000F2161D4D42BAF640758377
0EFDE026B1CC8361DB0EC92317A41CB85BA503FFFFFFFFFFFCAFFF0000EB161D4D42BAF54075838F
0EFDC326B19D8361E40EC8FC17A3FBB85BA403FFFFFFFFFFFCBFFF0000F2161D4D42BAF5407583A7
0EFDCF26B1AD8361D90EC90917A405B86BA403FFFFFFFFFFFCAFFF0000EB161D4D42BAF5407583BF
0EFDD526B1BC8361D60EC91217A40BB87BA403FFFFFFFFFFFCAFFF0000F2161D4D42BAF5407583D7
0EFD8626B13A8361EA0EC8DB17A3DDB86BA403FFFFFFFFFFFCAFFF0000EB161D4D42BAF4407583EF
0EFD0426B07B8361F80EC84D17A368B85BA503FFFFFFFFFFFCAFFF0000F1161D4D42BAF440758307
0EFD1B26B09F8361F00EC86A17A381B86BA503FFFFFFFFFFFC9FFF0000F2161D4D42BAF44075831F
0EFD7C26B1318361E70EC8BB17A3C1B87BA503FFFFFFFFFFFC9FFF0000F3161D4C42BAF440756337
0EFD7326B11E8361E60EC8C917A3CCB88BA61C3FFFFFFFFFFC9FFF0000F4161D4C42BAF34075834F
0EFD7226B11D8361E70EC8C217A3C7B88BA6767FFFFFFFFFFCAFFF0000E5161D4C42BAF340756367
0EFD2426B0AA8361ED0EC89417A3A1B87BA503FFFFFFFFFFFCAFFF0000F2161D4C42BAF34075637F
0EFCB526B0048362070EC80517A32EB87BA503FFFFFFFFFFFC9FFF0000F2161D4C42BAF340756397
0EFC6626AF878362160EC7A817A2E0B88BA50C0FFFFFFFFFFCAFFF0000F2161D4C42BAF2407563AF
0EFC9126AFCD8362040EC7D217A300B87BA6A58FFFFFFFFFFC9FFF0000EE161D4C42BAF2407563C7
0EFD0426B0798361EE0EC83217A350B87BA6297FFFFFFFFFFC9FFF0000EF161D4B42BAF2407563DF
0EFCCD26B0258361FD0EC81C17A33CB87BA503FFFFFFFFFFFC9FFF0000F4161D4B42BAF1407563F7
0EFC7526AF9983620F0EC7BC17A2ECB85BA503FFFFFFFFFFFC8FFF0000F4161D4B42BAF14075630F
0EFC7426AF9C8362090EC7B817A2E9B85BA503FFFFFFFFFFFC8FFF0000EC161D4B42BAF140756327
0EFCB226AFFB8361FD0EC7F217A319B86BA5071FFFFFFFFFFC9FFF0000EA161D4B42BAF14075633F
0EFC8026AFAC83620D0EC7CD17A2FCB85BA5746FFFFFFFFFFC9FFF0000F0161D4B42BAF040756357
0EFC1C26AF0E8362260EC76D17A2AAB85BA520DFFFFFFFFFFC9FFF0000EE161D4B42BAF04075636F
0EFC1126AF058362220EC76317A2A2B85BA503FFFFFFFFFFFC9FFF0000EC161D4B42BAF040755387
0EFC5126AF658362100EC79217A2C8B87BA603FFFFFFFFFFFCAFFF0000F3161D4B42BAF04075539F
0EFC5726AF6A8362110EC7A017A2D3B88BA603FFFFFFFFFFFCBFFF0000F4161D4A42BAEF407563B7
0EFC2026AF1683621F0EC76C17A2A8B87BA6052FFFFFFFFFFCAFFF0000F5161D4A42BAEF407553CF
0EFC1326AF068362200EC75B17A299B86BA65ABFFFFFFFFFFCAFFF0000F5161D4A42BAEF407553E7
0EFC0F26AEF98362210EC75517A293B86BA5B1DFFFFFFFFFFCAFFF0000ED161D4A42BAEF407553FF
0EFBEA26AEBE8362280EC73A17A27FB85BA503FFFFFFFFFFFCAFFF0000EF161D4A42BAEE40755317
0EFBAE26AE668362300EC70717A253B86BA603FFFFFFFFFFFCAFFF0000F1161D4A42BAEE4075432F
0EFB8D26AE368362330EC6E717A238B86BA6457FFFFFFFFFFCAFFF0000F4161D4A42BAEE40755347
0EFB6526ADFD8362380EC6CE17A223B86BA56F1FFFFFFFFFFC9FFF0000F4161D4A42BAEE4075435F
0EFB7026AE0E8362340EC6BD17A215B87BA603FFFFFFFFFFFC9FFF0000F5161D4A42BAED40754377
0EFBBA26AE7983622C0EC70617A251B86BA503FFFFFFFFFFFC9FFF0000F6161D4942BAED4075438F
0EFBC926AE8B83622D0EC71E17A266B86BA503FFFFFFFFFFFC9FFF0000F6161D4942BAED407543A7
0EFB9026AE398362350EC6E917A23AB87BA503FFFFFFFFFFFCAFFF0000F5161D4942BAEC407543BF
0EFB6F26AE0783623E0EC6C017A21BB87BA52E2FFFFFFFFFFC9FFF0000ED161D4942BAEC407543D7
0EFAF426AD4D8362540EC65217A1C0B87BA559AFFFFFFFFFFCAFFF0000F4161D4942BAEC407543EF
0EFA9426ACB983625D0EC5FD17A176B88BA603FFFFFFFFFFFCAFFF0000EE161D4942BAEC40754307
0EFB2826ADA88362430EC68F17A1F1B88BA603FFFFFFFFFFFCAFFF0000E8161D4942BAEC4075431F
0EFBC726AE8A8362320EC6EE17A23EB88BA603FFFFFFFFFFFC9FFF0000F8161D4942BAEB40754337
0EFB8526AE248362410EC6D317A226B88BA603FFFFFFFFFFFC9FFF0000FB161D4842BAEB4075434F
0EFB1326AD7E83624D0EC66D17A1D3B87BA6199FFFFFFFFFFC9FFF0000FB161D4842BAEB40754367
0EFAD226AD1C83625B0EC61917A18DB87BA5AE4FFFFFFFFFFC9FFF0000FA161D4842BAEA4075437F
0EFA4926AC4383626F0EC5A817A130B88BA62B4FFFFFFFFFFC9FFF0000FA161D4842BAEA40753397
0EFA2226AC1483626D0EC59717A123B88BA603FFFFFFFFFFFC9FFF0000FB161D4842BAEA407543AF
0EFAD426AD1C8362560EC61617A18AB88BA603FFFFFFFFFFFC9FFF0000F6161D4842BAEA407533C7
0EFB1C26AD8883624D0EC63B17A1A8B88BA603FFFFFFFFFFFC9FFF0000FF161D4842BAE9407543DF
0EFB1526AD7A8362550EC66117A1C8B87BA6098FFFFFFFFFFCAFFF000100161D4842BAE9407523F7
0EFAED26AD3E8362620EC63417A1A5B88BA68FBFFFFFFFFFFC9FFF0000F9161D4842BAE94075330F
0EFA4F26AC518362770EC5C817A147B88BA625FFFFFFFFFFFCAFFF0000FE161D4742BAE940753327
0EFA2B26AC1E8362760EC58717A112B88BA603FFFFFFFFFFFCAFFF0000FC161D4742BAE84075233F
0EFAAB26ACE38362680EC5F717A170B88BA603FFFFFFFFFFFCAFFF0000F0161D4742BAE840753357
0EFB0026AD5F8362610EC64517A1B2B87BA603FFFFFFFFFFFC9FFF0000FD161D4742BAE84075236F
0EFAB126ACE383626E0EC60E17A181B87BA705EFFFFFFFFFFC9FFF0000F7161D4742BAE740753387
0EFA7F26AC988362750EC5D217A152B89BA767AFFFFFFFFFFC9FFF0000FF161D4742BAE74075239F
0EFABE26ACFC83626E0EC5F317A16DB88BA73D7FFFFFFFFFFCAFFF0000F8161D4742BAE7407523B7
0EFAD726AD1F8362710EC62717A198B88BA603FFFFFFFFFFFC9FFF0000FE161D4742BAE7407523CF
0EFA8C26ACAB83627F0EC5E717A165B88BA603FFFFFFFFFFFC9FFF0000FD161D4642BAE6407523E7
0EFA9426ACBB83627D0EC5E617A162B88BA74D2FFFFFFFFFFC9FFF0000FD161D4642BAE6407523FF
0EFAA326ACD083627D0EC60317A17AB89BA7764FFFFFFFFFFCAFFF0000F0161D4642BAE640752317
0EFA0E26ABED83628C0EC57517A100B8ABA703FFFFFFFFFFFC9FFF0000FF161D4642BAE64075232F
0EFA6826AC7D83627D0EC5C517A149B89BA803FFFFFFFFFFFC9FFF0000F8161D4642BAE540752347
0EFB1126AD7683626C0EC64F17A1B7B88BA803FFFFFFFFFFFCAFFF0000FF161D4642BAE54075235F
0EFAD326AD1883627D0EC62A17A199B88BA703FFFFFFFFFFFC9FFF000100161D4642BAE540752377
0EFA7426AC8983628D0EC5C517A148B88BA7366FFFFFFFFFFC9FFF0000F9161D4642BAE44075138F
0EFA9A26ACC98362870EC5E217A161B89BA7CC3FFFFFFFFFFC9FFF0000F8161D4642BAE4407513A7
0EFAE926AD3C8362800EC62717A199B88BA72FBFFFFFFFFFFCAFFF0000FF161D4542BAE4407503BF
0EFAD926AD228362890EC61F17A192B87BA603FFFFFFFFFFFCBFFF0000FF161D4542BAE4407513D7
0EFAC526AD0783628E0EC61F17A193B87BA603FFFFFFFFFFFCAFFF0000FA161D4542BAE3407513EF
0EFB0726AD6B8362840EC64817A1B4B87BA603FFFFFFFFFFFCBFFF0000FE161D4542BAE340751307
0EFB4526ADC683627E0EC68217A1E5B87BA609AFFFFFFFFFFCAFFF0000FF161D4542BAE34075131F
0EFB4726ADD08362830EC68817A1E9B88BA6946FFFFFFFFFFCBFFF0000FC161D4542BAE340750337
0EFB4926ADCE8362840EC69017A1EFB89BA627CFFFFFFFFFFCBFFF0000F8161D4542BAE24075034F
0EFB6026ADF18362800EC6A417A200B88BA57CEFFFFFFFFFFCBFFF0000FD161D4542BAE240751367
0EFAE426AD368362920EC64517A1B1B89BA5506FFFFFFFFFFCAFFF0000FD161D4442BAE24075037F
0EFAA226ACD583629E0EC5E617A166B88BA603FFFFFFFFFFFCAFFF0000F6161D4442BAE240750397
0EFB2A26ADAC8362870EC68317A1E7B88BA603FFFFFFFFFFFC9FFF0000FE161D4442BAE1407503AF
0EFBAF26AE6D8362780EC6D817A22BB89BA603FFFFFFFFFFFC9FFF0000FF161D4442BAE1407503C7
0EFBB426AE778362800EC6E217A238B89BA603FFFFFFFFFFFCAFFF0000F8161D4442BAE1407503DF
0EFBA126AE5783628A0EC6E517A23AB89BA6561FFFFFFFFFFC9FFF0000FE161D4442BAE0407503F7
0EFBA126AE5783628C0EC6E717A23AB88BA6437FFFFFFFFFFC8FFF0000FE161D4442BAE04075030F
0EFB9C26AE538362910EC6E517A238B87BA603FFFFFFFFFFFCAFFF0000FE161D4442BAE040750327
0EFB9726AE478362950EC6E117A234B87BA603FFFFFFFFFFFC9FFF0000F7161D4442BAE04075033F
0EFBBE26AE858362890EC6FA17A24AB86BA603FFFFFFFFFFFCBFFF0000F9161D4342BADF40750357
0EFBDA26AEB283627F0EC71717A262B85BA603FFFFFFFFFFFC9FFF0000FF161D4342BADF4075036F
0EFBD826AEB18362820EC71917A265B86BA62D3FFFFFFFFFFC9FFF0000FA161D4342BADF40750387
0EFBB026AE6C83628A0EC6FD17A24EB85BA6B59FFFFFFFFFFC9FFF000102161D4342BADE4075039F
0EFBBA26AE848362880EC6FD17A24DB85BA6046FFFFFFFFFFC9FFF0000FA161D4342BADE407503B7
0EFBD226AEA283628A0EC70B17A259B86BA503FFFFFFFFFFFCAFFF000100161D4342BADE407503CF
0EFBAB26AE6A8362970EC6F517A249B87BA603FFFFFFFFFFFCAFFF000100161D4342BADE4074F3E7
0EFB9D26AE578362960EC6EB17A240B86BA503FFFFFFFFFFFCAFFF000101161D4242BADD4074F3FF
0EFBD026AEA383628B0EC71717A263B87BA514FFFFFFFFFFFCAFFF000102161D4242BADD4074F317
0EFBF526AEDD8362800EC73A17A280B87BA5888FFFFFFFFFFCAFFF0000FB161D4242BADD4074E32F
0EFC1026AF0383627B0EC75217A296B87BA5044FFFFFFFFFFCAFFF000102161D4242BADD4074E347
0EFBD926AEB08362880EC72317A26FB87BA603FFFFFFFFFFFCAFFF0000FA161D4242BADC4074E35F
0EFB9B26AE5283629B0EC6E717A23EB87BA704AFFFFFFFFFFC9FFF000100161D4242BADC4074E377
0EFB9826AE5383629D0EC6D317A22BB87BA77C5FFFFFFFFFFC9FFF0000F9161D4242BADC4074E38F
0EFBDB26AEBA83628E0EC70F17A25FB87BA7517FFFFFFFFFFC9FFF000101161D4242BADC4074E3A7
0EFC1E26AF1C8362860EC74E17A292B87BA603FFFFFFFFFFFC9FFF0000FF161D4142BADB4074E3BF
0EFC0726AEFC8362960EC74617A28DB88BA603FFFFFFFFFFFC9FFF0000FD161D4142BADB4074E3D7
0EFBF726AEDF83629C0EC73B17A283B88BA603FFFFFFFFFFFCAFFF000102161D4142BADB4074E3EF
0EFC1326AF0D8362940EC75217A299B88BA603FFFFFFFFFFFCAFFF0000FB161D4142BADB4074E307
0EFBFA26AEE683629B0EC74417A289B87BA5275FFFFFFFFFFCAFFF000101161D4142BADA4074E31F
0EFBD526AEAC8362A20EC71E17A26DB88BA603FFFFFFFFFFFC9FFF000102161D4142BADA4074E337
0EFBFC26AEE98362970EC73A17A284B87BA603FFFFFFFFFFFCAFFF0000FB161D4142BADA4074E34F
0EFC1A26AF1783629B0EC74E17A294B87BA603FFFFFFFFFFFC9FFF000102161D4142BAD94074E367
0EFC1226AF0A8362A50EC74D17A295B88BA603FFFFFFFFFFFC9FFF000103161D4142BAD94074D37F
0EFC1F26AF218362A20EC75917A29FB88BA603FFFFFFFFFFFCAFFF0000FB161D4042BAD94074D397
0EFC2C26AF348362A10EC76517A2A7B87BA503FFFFFFFFFFFCAFFF000102161D4042BAD94074E3AF
0EFC1F26AF1F8362A80EC76117A2A5B88BA503FFFFFFFFFFFC9FFF000101161D4042BAD84074D3C7
0EFC1C26AF1D8362A90EC75C17A29FB87BA603FFFFFFFFFFFC9FFF0000F8161D4042BAD84074D3DF
0EFC2E26AF388362A30EC76A17A2ADB88BA603FFFFFFFFFFFC9FFF000104161D4042BAD84074D3F7
0EFC2A26AF338362AA0EC76617A2AAB88BA503FFFFFFFFFFFC8FFF000102161D4042BAD84074D30F
0EFC1526AF148362B20EC75017A299B87BA603FFFFFFFFFFFC9FFF0000FD161D4042BAD74074D327
0EFC1126AF0E8362B50EC75117A299B87BA603FFFFFFFFFFFCBFFF0000FB161D3F42BAD74074D33F
0EFC1C26AF208362AF0EC75D17A2A1B87BA603FFFFFFFFFFFCAFFF0000FD161D3F42BAD74074D357
0EFC2126AF298362B00EC76017A2A7B87BA603FFFFFFFFFFFC9FFF000105161D3F42BAD74074C36F
0EFC1E26AF238362B40EC75D17A2A2B86BA603FFFFFFFFFFFC9FFF000105161D3F42BAD64074C387
0EFC2A26AF328362AE0EC76517A2AAB86BA603FFFFFFFFFFFC9FFF0000FE161D3F42BAD64074C39F
0EFC2626AF328362B40EC76217A2A8B87BA703FFFFFFFFFFFCBFFF000105161D3F42BAD64074C3B7
0EFC0C26AF0A8362C20EC74917A294B87BA603FFFFFFFFFFFCAFFF0000FD161D3F42BAD54074C3CF
0EFBFB26AEEC8362C70EC74017A28BB87BA603FFFFFFFFFFFC8FFF000104161D3F42BAD54074C3E7
0EFC0426AEF98362C30EC74517A28FB86BA603FFFFFFFFFFFC8FFF000105161D3F42BAD54074C3FF
0EFC0626AF008362C30EC74917A291B87BA603FFFFFFFFFFFC9FFF000100161D3E42BAD54074C317
0EFC0B26AF048362C00EC74E17A295B87BA603FFFFFFFFFFFC9FFF000106161D3E42BAD44074C32F
0EFC1026AF0D8362C20EC74F17A296B87BA603FFFFFFFFFFFC9FFF000107161D3E42BAD44074C347
0EFC1226AF138362C10EC75217A29AB86BA503FFFFFFFFFFFC9FFF000107161D3E42BAD44074C35F
0EFC0E26AF0C8362C30EC74E17A297B87BA503FFFFFFFFFFFCBFFF0000FF161D3E42BAD44074C377
0EFBED26AEDA8362D10EC72E17A27DB87BA603FFFFFFFFFFFCAFFF000106161D3E42BAD34074C38F
0EFBBC26AE908362DF0EC70117A25AB87BA703FFFFFFFFFFFC9FFF000105161D3E42BAD34074C3A7
0EFBC326AE9B8362D80EC70A17A260B87BA703FFFFFFFFFFFC9FFF000100161D3E42BAD34074B3BF
0EFBF526AEE88362CC0EC73217A280B87BA603FFFFFFFFFFFC9FFF000106161D3D42BAD34074C3D7
0EFC1A26AF218362BF0EC75317A29BB87BA603FFFFFFFFFFFCAFFF000104161D3D42BAD24074B3EF
0EFC3B26AF558362B30EC77017A2B3B87BA603FFFFFFFFFFFC9FFF000101161D3D42BAD24074C307
0EFC1D26AF268362C90EC75917A2A4B87BA603FFFFFFFFFFFCAFFF000101161D3D42BAD24074C31F
0EFBC326AE998362E90EC71917A26EB87BA603FFFFFFFFFFFCAFFF000106161D3D42BAD24074B337
0EFB9F26AE678362EE0EC6DE17A23CB87BA603FFFFFFFFFFFCAFFF000107161D3D42BAD14074A34F
0EFBDF26AECC8362D90EC72017A273B87BA503FFFFFFFFFFFCAFFF0000FA161D3D42BAD14074A367
0EFC2926AF378362C10EC75C17A2A2B86BA503FFFFFFFFFFFCAFFF000109161D3D42BAD14074A37F
0EFC3D26AF568362C20EC76A17A2B1B86BA503FFFFFFFFFFFCAFFF00010A161D3C42BAD04074A397
0EFC1426AF188362D60EC75417A29FB86BA603FFFFFFFFFFFC9FFF00010A161D3C42BAD04074B3AF
0EFBE626AED28362DF0EC72817A27CB87BA703FFFFFFFFFFFC9FFF00010A161D3C42BAD04074A3C7
0EFBDC26AEC08362E30EC71F17A273B87BA603FFFFFFFFFFFCAFFF000109161D3C42BAD04074A3DF
0EFBCA26AEA88362E60EC70F17A264B87BA603FFFFFFFFFFFCAFFF000101161D3C42BACF4074A3F7
0EFBEE26AEDE8362DB0EC72F17A27EB88BA603FFFFFFFFFFFC9FFF000103161D3C42BACF4074A30F
0EFC0C26AF0B8362D60EC74E17A298B89BA603FFFFFFFFFFFC9FFF00010A161D3C42BACF4074A327
0EFBFC26AEF58362DE0EC74317A291B89BA603FFFFFFFFFFFC9FFF000109161D3C42BACF4074A33F
0EFC0426AEFD8362DB0EC74617A292B88BA6B69FFFFFFFFFFCAFFF00010B161D3B42BACE4074A357
0EFBF926AEED8362E10EC74217A28DB88BA603FFFFFFFFFFFCAFFF00010B161D3B42BACE4074A36F
0EFBCE26AEAF8362EF0EC71117A267B88BA603FFFFFFFFFFFCAFFF00010B161D3B42BACE4074A387
0EFBB926AE8F8362F30EC70017A25AB87BA503FFFFFFFFFFFC9FFF000104161D3B42BACD4074939F
0EFBE426AED18362E90EC72317A276B87BA503FFFFFFFFFFFC9FFF00010A161D3B42BACD4074A3B7
0EFC0D26AF0F8362E00EC74D17A298B87BA503FFFFFFFFFFFCAFFF00010C161D3B42BACD4074A3CF
0EFBF326AEE68362EB0EC73917A288B86BA503FFFFFFFFFFFCAFFF00010C161D3B42BACD407493E7
0EFBD426AEB68362F10EC71A17A26FB87BA603FFFFFFFFFFFCAFFF000109161D3B42BACC4074A3FF
0EFBE226AED18362EE0EC72617A279B86BA603FFFFFFFFFFFCBFFF000107161D3A42BACC40749317
0EFBD526AEB98362F70EC71C17A271B86BA603FFFFFFFFFFFC9FFF00010D161D3A42BACC4074932F
0EFBD326AEB78362F40EC71717A26CB86BA603FFFFFFFFFFFC9FFF000106161D3A42BACC40749347
0EFBF926AEEF8362ED0EC73417A286B86BA503FFFFFFFFFFFC9FFF00010D161D3A42BACB4074935F
0EFBD326AEB38362FE0EC71A17A26FB86BA603FFFFFFFFFFFC9FFF00010D161D3A42BACB40749377
0EFBC026AE9B8363010EC70117A25AB87BA603FFFFFFFFFFFCAFFF00010D161D3A42BACB4074838F
0EFBF726AEEE8362F10EC73517A286B87BA603FFFFFFFFFFFCAFFF00010D161D3A42BACB407483A7
0EFBF926AEF48362F80EC73C17A28CB88BA503FFFFFFFFFFFC9FFF00010E161D3A42BACA407483BF
0EFBCE26AEB38363080EC71217A269B87BA603FFFFFFFFFFFC9FFF00010F161D3942BACA407483D7
0EFBE826AEDA8362FE0EC72617A27AB88BA503FFFFFFFFFFFCAFFF00010F161D3942BACA407493EF
0EFC3026AF488362EF0EC76517A2B0B86BA603FFFFFFFFFFFC9FFF00010E161D3942BACA40748307
0EFC2926AF3F8362F80EC76517A2AFB87BA603FFFFFFFFFFFCAFFF000107161D3942BAC94074831F
0EFBED26AEE083630E0EC73017A285B87BA603FFFFFFFFFFFCAFFF00010F161D3942BAC940748337
0EFBC726AEA783631B0EC70917A263B87BA603FFFFFFFFFFFCAFFF000109161D3942BAC94074834F
0EFBF526AEF383630D0EC73017A285B87BA603FFFFFFFFFFFCBFFF000110161D3942BAC840748367
0EFC3626AF558362FF0EC76F17A2B7B87BA603FFFFFFFFFFFC9FFF00010F161D3942BAC84074837F
0EFC5626AF818362FE0EC79117A2D2B87BA603FFFFFFFFFFFC9FFF00010C161D3942BAC840748397
0EFC5726AF838363020EC79417A2D7B88BA603FFFFFFFFFFFC9FFF000112161D3842BAC8407483AF
0EFC2E26AF458363120EC77117A2BAB88BA603FFFFFFFFFFFCAFFF00010A161D3842BAC7407483C7
0EFBF726AEF38363210EC73D17A290B87BA603FFFFFFFFFFFC9FFF00010A161D3842BAC7407483DF
0EFC1E26AF328363170EC76617A2B1B87BA503FFFFFFFFFFFC9FFF000110161D3842BAC7407483F7
0EFC6626AF9B8363090EC7A017A2E1B87BA503FFFFFFFFFFFCAFFF000111161D3842BAC74074830F
0EFC5C26AF8D8363140EC79417A2D9B87BA603FFFFFFFFFFFCAFFF000112161D3842BAC640748327
0EFC0C26AF0F8363260EC75817A2A7B87BA603FFFFFFFFFFFCAFFF000105161D3842BAC64074833F
0EFC1426AF268363220EC75817A2A4B88BA503FFFFFFFFFFFCAFFF000113161D3842BAC640748357
0EFC6626AFA08363140EC79F17A2E0B88BA603FFFFFFFFFFFCAFFF000112161D3742BAC64074736F
0EFC4526AF6B8363230EC78C17A2D2B87BA603FFFFFFFFFFFCAFFF000112161D3742BAC540746387
0EFC1626AF218363290EC76317A2B1B87BA603FFFFFFFFFFFC9FFF00010B161D3742BAC54074739F
0EFC4326AF6B8363220EC78217A2CAB88BA603FFFFFFFFFFFC9FFF000113161D3742BAC5407473B7
0EFC3026AF4583632B0EC77B17A2C5B88BA603FFFFFFFFFFFC9FFF00010D161D3742BAC5407463CF
0EFC0326AF088363310EC74D17A29DB87BA503FFFFFFFFFFFC9FFF000113161D3742BAC4407463E7
0EFC5326AF868363230EC79617A2D9B87BA503FFFFFFFFFFFCAFFF00010D161D3742BAC4407463FF
0EFC6926AFA38363250EC7A417A2E6B87BA503FFFFFFFFFFFCAFFF000114161D3742BAC440746317
0EFC4B26AF778363300EC79217A2D8B86BA503FFFFFFFFFFFC9FFF00010F161D3742BAC34074632F
0EFC2A26AF448363380EC76E17A2BAB86BA503FFFFFFFFFFFC9FFF000113161D3642BAC340746347
0EFC3426AF568363360EC77917A2C2B86BA603FFFFFFFFFFFC9FFF000115161D3642BAC34074635F
0EFC6726AFA583632C0EC7A617A2E8B86BA603FFFFFFFFFFFC9FFF000112161D3642BAC340746377
0EFC7526AFB683632E0EC7BD17A2FBB86BA603FFFFFFFFFFFCBFFF000112161D3642BAC24074638F
0EFC5F26AF948363360EC7A917A2EBB86BA603FFFFFFFFFFFCAFFF000116161D3642BAC2407463A7
0EFC5B26AF908363380EC7A217A2E5B87BA603FFFFFFFFFFFCAFFF000116161D3642BAC2407463BF
0EFC6E26AFAD8363370EC7AB17A2ECB87BA603FFFFFFFFFFFCAFFF00010E161D3642BAC2407463D7
0EFC5126AF828363410EC79217A2D9B87BA603FFFFFFFFFFFCAFFF000116161D3642BAC1407463EF
0EFC4A26AF758363440EC79217A2D8B87BA603FFFFFFFFFFFCAFFF000117161D3542BAC140745307
0EFC4F26AF818363450EC79717A2DCB87BA603FFFFFFFFFFFCAFFF000110161D3542BAC14074631F
0EFC6F26AFAF83633D0EC7AF17A2F2B87BA603FFFFFFFFFFFCAFFF000116161D3542BAC140746337
0EFCB826B0208363320EC7EC17A323B88BA603FFFFFFFFFFFCAFFF000117161D3542BAC04074534F
0EFCB826B02483633B0EC7F017A328B89BA603FFFFFFFFFFFC9FFF000111161D3542BAC040745367
0EFC5F26AF9683634F0EC7AC17A2F0B88BA603FFFFFFFFFFFC9FFF000110161D3542BAC04074637F
0EFC4F26AF7D8363530EC79317A2DBB88BA603FFFFFFFFFFFC9FFF000117161D3542BAC040745397
0EFC7326AFBC83634D0EC7B517A2F6B87BA703FFFFFFFFFFFC9FFF000117161D3542BABF407453AF
0EFCA026B00083634A0EC7DD17A318B88BA703FFFFFFFFFFFCAFFF000112161D3442BABF407453C7
0EFCA226AFFE83634B0EC7F117A328B89BA603FFFFFFFFFFFCAFFF000119161D3442BABF407443DF
0EFCE126B06383633C0EC81D17A34EB89BA603FFFFFFFFFFFCAFFF00011A161D3442BABE407453F7
0EFD0026B09583633B0EC83517A363B87BA503FFFFFFFFFFFCAFFF000113161D3442BABE4074530F
0EFCA626B00783635A0EC7F417A32FB88BA503FFFFFFFFFFFCAFFF000119161D3442BABE40744327
0EFC4626AF778363670EC79117A2DAB87BA503FFFFFFFFFFFCAFFF000113161D3442BABE4074433F
0EFCB926B02D83634F0EC7F817A333B87BA603FFFFFFFFFFFCAFFF00011A161D3442BABD40744357
0EFD0B26B0A68363400EC82B17A35CB87BA603FFFFFFFFFFFCAFFF000114161D3442BABD4074436F
0EFCFF26B08C8363480EC83317A362B88BA603FFFFFFFFFFFC9FFF000116161D3342BABD40744387
0EFCFD26B08C8363490EC83517A362B88BA603FFFFFFFFFFFC9FFF00011B161D3342BABC4074439F
0EFD1126B0AE8363430EC84917A376B87BA603FFFFFFFFFFFCAFFF00011D161D3342BABC407443B7
0EFCD526B05383635F0EC81A17A350B87BA603FFFFFFFFFFFC9FFF000116161D3342BABC407443CF
0EFC6E26AFB783636C0EC7C617A308B86BA603FFFFFFFFFFFC9FFF00011D161D3342BABC407443E7
0EFCCD26B04A8363570EC81717A34CB86BA603FFFFFFFFFFFC9FFF000117161D3342BABB407443FF
0EFD1926B0BC8363460EC83E17A36DB87BA603FFFFFFFFFFFCAFFF000121161D3342BABB40744317
0EFD1C26B0C383634E0EC84617A374B87BA603FFFFFFFFFFFC9FFF000117161D3342BABB4074432F
0EFD1226B0AE8363520EC84417A372B86BA603FFFFFFFFFFFC9FFF000129161D3242BABB40744347
0EFD0626B09F8363540EC84017A36DB87BA603FFFFFFFFFFFCAFFF00012B161D3242BABA4074335F
0EFD0C26B0AC8363530EC84817A374B87BA603FFFFFFFFFFFC9FFF000126161D3242BABA40743377
0EFD0526B09B8363580EC84217A370B88BA603FFFFFFFFFFFC9FFF00012C161D3242BABA4074338F
0EFCE826B0708363640EC82817A35CB87BA603FFFFFFFFFFFC9FFF00012F161D3242BABA407443A7
0EFCED26B07E8363610EC82D17A35FB87BA603FFFFFFFFFFFC9FFF000136161D3242BAB9407443BF
0EFD2126B0CA83634C0EC85D17A388B87BA603FFFFFFFFFFFCAFFF00013A161D3242BAB9407433D7
0EFD5A26B1228363400EC88117A3A7B88BA603FFFFFFFFFFFCAFFF000134161D3242BAB9407433EF
0EFD4E26B10D8363490EC88C17A3AEB88BA603FFFFFFFFFFFCAFFF00013B161D3142BAB840743307
0EFD3B26B0F483634E0EC87717A39FB87BA603FFFFFFFFFFFCAFFF00013A161D3142BAB84074331F
0EFD3926B0ED8363540EC87517A39FB86BA703FFFFFFFFFFFCAFFF000135161D3142BAB840742337
0EFCFE26B09883636B0EC84A17A379B86BA703FFFFFFFFFFFC9FFF000139161D3142BAB84074234F
0EFD0126B09D8363650EC83717A369B87BA803FFFFFFFFFFFC9FFF000138161D3142BAB740742367
0EFD4F26B1138363460EC89017A3B3B88BA703FFFFFFFFFFFCAFFF000137161D3142BAB74074237F
0EFD8D26B17583633D0EC8A617A3C5B89BA703FFFFFFFFFFFCAFFF00012E161D3142BAB740742397
0EFD5526B11D83634E0EC89717A3B9B88BA603FFFFFFFFFFFC9FFF000134161D3142BAB6407423AF
0EFD2A26B0D883635D0EC86517A392B88BA603FFFFFFFFFFFC9FFF000132161D3142BAB6407423C7
0EFD2E26B0DC83635B0EC86917A393B87BA503FFFFFFFFFFFCAFFF00012A161D3042BAB6407423DF
0EFD3226B0E783635E0EC87117A39AB87BA503FFFFFFFFFFFCAFFF00012F161D3042BAB6407423F7
0EFD3F26B0F78363580EC87A17A3A0B87BA603FFFFFFFFFFFCAFFF000130161D3042BAB54074230F
0EFD4A26B10C8363580EC88017A3A6B86BA603FFFFFFFFFFFCAFFF000129161D3042BAB540742327
0EFD3826B0F183635F0EC87417A39EB85BA603FFFFFFFFFFFCAFFF000131161D3042BAB54074233F
0EFD2E26B0DE83635E0EC86F17A398B86BA503FFFFFFFFFFFC9FFF000130161D3042BAB440742357
0EFD4E26B10F8363550EC88417A3AAB87BA503FFFFFFFFFFFC9FFF000128161D3042BAB44074236F
0EFD4F26B11583635C0EC88617A3ACB87BA503FFFFFFFFFFFCAFFF00012E161D2F42BAB440741387
0EFD2326B0CE8363680EC85C17A389B88BA603FFFFFFFFFFFCAFFF00012E161D2F42BAB44074239F
0EFD0426B0A183636D0EC84317A374B89BA603FFFFFFFFFFFCAFFF00012E161D2F42BAB3407423B7
0EFD0A26B0A583636B0EC84F17A37DB89BA603FFFFFFFFFFFCAFFF00012D161D2F42BAB3407413CF
0EFD3226B0E78363630EC87417A39DB88BA503FFFFFFFFFFFC9FFF000126161D2F42BAB3407413E7
0EFD5526B11B8363570EC89217A3B4B87BA403FFFFFFFFFFFC9FFF00012C161D2F42BAB3407413FF
0EFD4D26B1118363610EC88517A3ABB86BA503FFFFFFFFFFFC9FFF000129161D2F42BAB240741317
0EFD0326B09D83636D0EC84C17A37BB86BA503FFFFFFFFFFFC9FFF000127161D2F42BAB24074132F
0EFD1226B0B68363660EC85217A381B85BA503FFFFFFFFFFFCAFFF00012B161D2E42BAB240740347
0EFCF826B0898363700EC83A17A36CB86BA403FFFFFFFFFFFC9FFF000124161D2E42BAB24074035F
0EFCBD26B0368363730EC81117A348B88BA503FFFFFFFFFFFC9FFF000123161D2E42BAB140741377
0EFD3126B0E78363590EC86B17A396B87BA503FFFFFFFFFFFCAFFF00012A161D2E42BAB14074038F
0EFD7626B14F83634A0EC88A17A3AFB86BA503FFFFFFFFFFFC9FFF000124161D2E42BAB1407403A7
0EFD4826B1068363600EC88817A3AFB87BA403FFFFFFFFFFFC9FFF000124161D2E42BAB0407403BF
0EFC9526AFF583637B0EC80717A342B87BA403FFFFFFFFFFFC9FFF00012A161D2E42BAB0407403D7
0EFC5E26AFA483637A0EC7BA17A302B86BA403FFFFFFFFFFFC9FFF000123161D2E42BAB0407403EF
0EFD0E26B0B48363590EC84E17A37CB86BA503FFFFFFFFFFFC9FFF000124161D2D42BAB040740307
0EFD5A26B1248363530EC87F17A3A7B87BA603FFFFFFFFFFFC9FFF00012A161D2D42BAAF4074031F
0EFCEE26B07983636D0EC83717A36AB87BA603FFFFFFFFFFFC9FFF000126161D2D42BAAF40740337
0EFCCE26B05083636A0EC81417A34CB88BA503FFFFFFFFFFFC9FFF00012C161D2D42BAAF4074034F
0EFD4F26B1138363510EC89117A3B6B88BA503FFFFFFFFFFFC9FFF000126161D2D42BAAF40740367
0EFD5D26B1238363560EC89717A3B9B87BA503FFFFFFFFFFFCCFFF00012E161D2D42BAAE4074037F
0EFCF726B08B8363690EC83C17A36FB87BA603FFFFFFFFFFFC9FFF000121161D2D42BAAE40740397
0EFCF526B08A8363650EC83517A366B87BA603FFFFFFFFFFFC9FFF000131161D2D42BAAE407403AF
0EFD2926B0D983635C0EC86D17A396B86BA603FFFFFFFFFFFC9FFF000132161D2C42BAAD407403C7
0EFD1A26B0BE8363600EC86C17A392B85BA503FFFFFFFFFFFC8FFF00012A161D2C42BAAD407403DF
0EFD3A26B0F18363570EC88417A3A9B84BA503FFFFFFFFFFFC9FFF00012D161D2C42BAAD407403F7
0EFD6726B1348363500EC8A317A3C6B84BA603FFFFFFFFFFFC9FFF000131161D2C42BAAD4074030F
0EFD3126B0E48363600EC88317A3A7B85BA503FFFFFFFFFFFC9FFF000135161D2C42BAAC40740327
0EFCF326B08783636A0EC83717A369B86BA503FFFFFFFFFFFC9FFF000135161D2C42BAAC4074033F
0EFCF226B0848363670EC83817A369B87BA503FFFFFFFFFFFC9FFF000135161D2C42BAAC40740357
0EFD3C26B0FA8363590EC87717A3A0B86BA503FFFFFFFFFFFCBFFF000135161D2C42BAAC4074036F
0EFD7326B14683634F0EC8B317A3D1B87BA503FFFFFFFFFFFCBFFF000137161D2B42BAAB40740387
0EFD4226B0FB83635B0EC88E17A3B2B88BA603FFFFFFFFFFFC9FFF00013A161D2B42BAAB4074039F
0EFCE926B0738363690EC83617A367B87BA603FFFFFFFFFFFC9FFF000131161D2B42BAAB407403B7
0EFCCF26B04F83636B0EC81D17A351B87BA603FFFFFFFFFFFCAFFF000144161D2B42BAAB407403CF
0EFCFB26B0938363640EC84317A371B88BA503FFFFFFFFFFFCAFFF000142161D2B42BAAA407403E7
0EFD2D26B0DE83635B0EC87017A398B89BA603FFFFFFFFFFFCAFFF00014C161D2B42BAAA407403FF
0EFD3126B0E383635B0EC87B17A3A1B88BA603FFFFFFFFFFFCAFFF000150161D2B42BAAA4073E317
0EFD1726B0B58363630EC85917A385B88BA603FFFFFFFFFFFCAFFF00014B161D2B42BAA94073E32F
0EFCCA26B04083636D0EC82317A358B88BA603FFFFFFFFFFFCAFFF000153161D2A42BAA940740347
0EFC8626AFDF8363710EC7E417A322B89BA703FFFFFFFFFFFC9FFF000152161D2A42BAA94073E35F
0EFCF726B08B8363620EC84117A372B88BA703FFFFFFFFFFFC9FFF000151161D2A42BAA94073E377
0EFD2226B0CC8363600EC86F17A396B88BA703FFFFFFFFFFFC9FFF000140161D2A42BAA84073E38F
0EFCA526B00783636F0EC7FC17A337B89BA703FFFFFFFFFFFCAFFF000149161D2A42BAA84073E3A7
0EFC6326AFA78363700EC7C917A30DB89BA703FFFFFFFFFFFC9FFF000144161D2A42BAA84073E3BF
0EFCD426B0558363650EC83117A361B88BA703FFFFFFFFFFFC9FFF000139161D2A42BAA84073E3D7
0EFCD126B04E8363680EC82B17A35CB88BA703FFFFFFFFFFFC9FFF00013C161D2942BAA74073E3EF
0EFC2A26AF4B8363750EC79317A2DDB88BA603FFFFFFFFFFFCAFFF000133161D2942BAA74073E307
0EFBCB26AEBC83637C0EC73017A28AB87BA503FFFFFFFFFFFC9FFF000135161D2942BAA74073E31F
0EFBD426AED18363770EC73017A28DB87BA603FFFFFFFFFFFC9FFF000135161D2942BAA74073D337
0EFC1C26AF3E8363720EC77117A2C2B87BA603FFFFFFFFFFFC9FFF000135161D2942BAA64073D34F
0EFC1326AF278363720EC78217A2CEB87BA603FFFFFFFFFFFCAFFF00011F161D2942BAA64073D367
0EFC0826AF178363700EC76917A2BAB88BA703FFFFFFFFFFFCAFFF000134161D2942BAA64073D37F
0EFC2426AF4183636E0EC77A17A2C8B87BA703FFFFFFFFFFFC9FFF000134161D2942BAA64073D397
0EFBB626AE9F8363830EC71617A278B87BA703FFFFFFFFFFFCAFFF00012E161D2842BAA54073D3AF
0EFB5526AE0A8363900EC6BA17A228B88BA703FFFFFFFFFFFC9FFF000133161D2842BAA54073D3C7
0EFB8426AE5583637D0EC6CE17A23CB87BA703FFFFFFFFFFFCAFFF000134161D2842BAA54073D3DF
0EFBE026AEDD8363710EC71017A272B87BA703FFFFFFFFFFFC9FFF000135161D2842BAA54073C3F7
0EFB8626AE518363840EC6DE17A245B89BA703FFFFFFFFFFFC9FFF000136161D2842BAA44073D30F
0EFB7A26AE4083637F0EC6C117A22EB88BA703FFFFFFFFFFFC9FFF000137161D2842BAA44073C327
0EFBA726AE848363740EC6EC17A251B88BA703FFFFFFFFFFFC9FFF000136161D2842BAA44073D33F
0EFB6B26AE2A8363880EC6BF17A22BB88BA703FFFFFFFFFFFCAFFF000136161D2842BAA44073C357
0EFB0526AD8683639B0EC64E17A1CEB87BA703FFFFFFFFFFFC9FFF000136161D2742BAA34073C36F
0EFB0B26AD818363940EC65217A1D0B86BA703FFFFFFFFFFFC8FFF000136161D2742BAA34073D387
0EFB6526AE228363770EC6B417A223B86BA703FFFFFFFFFFFCAFFF000137161D2742BAA34073C39F
0EFB8F26AE5B8363720EC6CC17A234B86BA703FFFFFFFFFFFC9FFF00012A161D2742BAA24073C3B7
0EFB3B26ADDC8363860EC68F17A201B86BA703FFFFFFFFFFFC9FFF000138161D2742BAA24073C3CF
0EFB1426AD9C83638C0EC65717A1D2B86BA703FFFFFFFFFFFCAFFF000138161D2742BAA24073C3E7
0EFB2326ADB98363880EC66817A1E1B86BA703FFFFFFFFFFFCBFFF000138161D2742BAA24073C3FF
0EFB0E26AD9983638D0EC65B17A1D7B86BA603FFFFFFFFFFFC9FFF000131161D2642BAA14073C317
0EFB2126ADB58363830EC66617A1DFB86BA603FFFFFFFFFFFC9FFF000139161D2642BAA14073C32F
0EFB5A26AE0B8363750EC6A117A211B88BA603FFFFFFFFFFFC9FFF00013A161D2642BAA14073C347
0EFB4926ADED83637F0EC68D17A201B88BA503FFFFFFFFFFFC9FFF000133161D2642BAA14073C35F
0EFAE826AD5A8363910EC63B17A1BDB88BA503FFFFFFFFFFFC9FFF00013A161D2642BAA04073C377
0EFAED26AD688363890EC63217A1B3B89BA603FFFFFFFFFFFC9FFF00013B161D2642BAA04073B38F
0EFB2226ADB68363790EC66617A1DFB88BA603FFFFFFFFFFFC9FFF000134161D2642BAA04073C3A7
0EFB2026ADB583637C0EC66B17A1E3B88BA603FFFFFFFFFFFC9FFF00013B161D2542BAA04073B3BF
0EFAD526AD3C83638F0EC62317A1A7B88BA603FFFFFFFFFFFC9FFF000135161D2542BA9F4073C3D7
0EFAB026AD0883638F0EC5F817A182B88BA603FFFFFFFFFFFC9FFF00013B161D2542BA9F4073C3EF
0EFB0326AD878363770EC64C17A1C7B88BA703FFFFFFFFFFFCAFFF000136161D2542BA9F4073C307
0EFB1126AD988363770EC65117A1CDB89BA703FFFFFFFFFFFC9FFF00013B161D2542BA9E4073B31F
0EFAD926AD3F8363880EC62517A1A7B89BA703FFFFFFFFFFFC9FFF00013E161D2542BA9E4073B337
0EFAD126AD388363820EC61F17A1A4B89BA703FFFFFFFFFFFC9FFF000134161D2542BA9E4073B34F
0EFAE526AD558363810EC62D17A1ADB89BA603FFFFFFFFFFFC9FFF000132161D2542BA9E4073A367
0EFAC126AD1C8363880EC61717A19AB89BA603FFFFFFFFFFFC9FFF00013E161D2442BA9D4073B37F
0EFAAB26ACF88363860EC5FB17A184B88BA6AF3FFFFFFFFFFC9FFF00013F161D2442BA9D4073A397
0EFAAD26AD048363840EC60417A18CB88BA508EFFFFFFFFFFC9FFF000139161D2442BA9D4073A3AF
0EFAD026AD3083637B0EC61917A19EB88BA603FFFFFFFFFFFC9FFF000140161D2442BA9D4073A3C7
0EFAE426AD508363780EC63117A1AFB88BA603FFFFFFFFFFFC9FFF000139161D2442BA9C4073A3DF
0EFAAD26ACFB8363860EC5FF17A188B87BA703FFFFFFFFFFFC9FFF00013B161D2442BA9C4073A3F7
0EFA7026ACA18363920EC5BD17A150B88BA703FFFFFFFFFFFC9FFF000142161D2442BA9C4073A30F
0EFA8E26ACD28363870EC5CD17A15EB88BA703FFFFFFFFFFFCAFFF00013D161D2342BA9C4073A327
0EFAC726AD278363790EC61017A195B88BA703FFFFFFFFFFFCAFFF000141161D2342BA9B4073A33F
0EFAB826AD0F8363810EC60317A189B89BA703FFFFFFFFFFFC8FFF000136161D2342BA9B4073A357
0EFA8826ACC683638A0EC5D317A163B89BA703FFFFFFFFFFFC9FFF000146161D2342BA9B4073A36F
0EFA7B26ACAE83638B0EC5C917A159B88BA703FFFFFFFFFFFCAFFF000144161D2342BA9B4073A387
0EFA9226ACD583638B0EC5D517A162B88BA703FFFFFFFFFFFCAFFF000145161D2342BA9A4073A39F
0EFA8E26ACCF8363870EC5E017A16CB88BA703FFFFFFFFFFFCAFFF00014D161D2342BA9A4073A3B7
0EFA7C26ACB183638B0EC5D417A162B88BA703FFFFFFFFFFFC9FFF00014B161D2342BA9A4073A3CF
0EFA4726AC5E8363910EC5A817A13CB89BA603FFFFFFFFFFFC8FFF000157161D2242BA99407393E7
0EFA4D26AC6B83638A0EC59C17A135B87BA703FFFFFFFFFFFCAFFF00015A161D2242BA99407393FF
0EFA8D26ACCC8363830EC5DA17A167B87BA703FFFFFFFFFFFC9FFF00015D161D2242BA994073A317
0EFA5926AC7C8363910EC5B917A14BB87BA703FFFFFFFFFFFC9FFF000161161D2242BA994073932F
0EF96E26AB0A83639D0EC52117A0C9B87BA77C2FFFFFFFFFFCAFFF000166161D2242BA984073A347
0EF95926AAFB8363930EC4D817A08FB87BA79D6FFFFFFFFFFC9FFF000166161D2242BA984073935F
0EFA5726AC748363860EC59317A12BB88BA703FFFFFFFFFFFC9FFF000162161D2242BA9840739377
0EFA4D26AC6683638A0EC5A017A135B89BA803FFFFFFFFFFFC9FFF000179161D2142BA984073938F
0EFA1126AC0983638F0EC56817A106B89BA803FFFFFFFFFFFC9FFF000181161D2142BA97407393A7
0EF9EA26ABCE8363950EC54617A0E9B89BA7069FFFFFFFFFFCAFFF000183161D2142BA97407393BF
0EF90026AA618363A20EC49417A052B88BA85ACFFFFFFFFFFCAFFF00018D161D2142BA97407383D7
0EF8BD26AA038363A40EC42C179FFDB88BA78BFFFFFFFFFFFC9FFF00018D161D2142BA97407393EF
0EF93026AAB883639B0EC48C17A04EB88BA703FFFFFFFFFFFC9FFF00019B161D2142BA9640738307
0EF93F26AABD83639C0EC4BB17A074B89BA603FFFFFFFFFFFC9FFF00019B161D2142BA964073831F
0EF91226AA8383639D0EC49D17A059B89BA603FFFFFFFFFFFC9FFF0001A8161D2042BA9640738337
0EF97F26AB2A8363930EC4D017A086B89BA703FFFFFFFFFFFCAFFF0001AB161D2042BA964073834F
0EF9C326AB8D8363930EC51617A0C1B89BA8421FFFFFFFFFFCAFFF0001AD161D2042BA9540738367
0EF81F26A9038363A90EC425179FF0B88BA9784FFFFFFFFFFCAFFF0001A8161D2042BA954073837F
0EF66C26A6888363B50EC1F7179E25B88BA803FFFFFFFFFFFCAFFF0001B1161D2042BA9540738397
0EF72426A7A18363AA0EC2C6179ED9B88BA803FFFFFFFFFFFCAFFF0001B4161D2042BA95407383AF
0EF84E26A9478363A10EC3E8179FC2B89BA803FFFFFFFFFFFC9FFF0001B1161D2042BA94407383C7
0EF7A326A8418363A30EC393179F77B89BA803FFFFFFFFFFFC9FFF0001BC161D1F42BA94407383DF
0EF7A926A85883639E0EC353179F45B89BA8328FFFFFFFFFFC9FFF0001C2161D1F42BA94407383F7
0EF75D26A7D38363A20EC30B179F03B8ABA86DBFFFFFFFFFFC8FFF0001C1161D1F42BA944073830F
0EF5DC26A5A68363B20EC18D179DCFB89BA703FFFFFFFFFFFC8FFF0001CF161D1F42BA9340738327
0EF54F26A4CB8363B70EC0D3179D38B8ABA603FFFFFFFFFFFC9FFF0001D0161D1F42BA934073833F
0EF57926A5108363AF0EC0E6179D44B8ABA703FFFFFFFFFFFC8FFF0001DF161D1F42BA9340738357
0EF59F26A5448363A80EC12F179D7FB8ABA703FFFFFFFFFFFC9FFF0001E9161D1F42BA934073736F
0EF59A26A53A8363A60EC12F179D7BB8ABA81F4FFFFFFFFFFCAFFF0001F3161D1E42BA9240738387
0EF54026A4AA8363B10EC0BB179D1DB8BBA8C58FFFFFFFFFFCAFFF0001EF161D1E42BA924073839F
0EF51426A4698363B50EC07F179CEAB8BBA83B8FFFFFFFFFFC9FFF000204161D1E42BA92407383B7
0EF51226A4638363B40EC07E179CE9B8BBA803FFFFFFFFFFFC9FFF000209161D1E42BA92407383CF
0EF4F226A4318363B80EC064179CD1B8BBA803FFFFFFFFFFFCAFFF00020B161D1E42BA91407373E7
0EF4EB26A4278363BC0EC050179CC0B8CBA803FFFFFFFFFFFC9FFF000201161D1E42BA91407373FF
0EF4D726A40B8363BC0EC047179CB7B8BBA80EBFFFFFFFFFFC9FFF000212161D1E42BA9140737317
0EF4CE26A3FA8363C20EC02B179CA0B8CBA9A9CFFFFFFFFFFC9FFF000214161D1D42BA914073732F
0EF4D726A4098363B70EC032179CA7B8BBA9351FFFFFFFFFFCAFFF000211161D1D42BA9040737347
0EF4DE26A4118363B40EC03E179CB1B8ABA903FFFFFFFFFFFC9FFF00020E161D1D42BA904073635F
0EF49D26A3AD8363C90EC007179C83B8BBAA03FFFFFFFFFFFC9FFF000214161D1D42BA9040736377
0EF47A26A3748363DA0EBFCE179C53B8CBAA03FFFFFFFFFFFC9FFF00020D161D1D42BA904073738F
0EF49626A3A48363CC0EBFEA179C6AB8CBAA059FFFFFFFFFFC9FFF00020B161D1D42BA8F407373A7
0EF4C526A3EB8363B40EC011179C8AB8BBA98BFFFFFFFFFFFCAFFF000212161D1D42BA8F407363BF
0EF4B826A3D58363B90EC012179C89B8ABA92F9FFFFFFFFFFCAFFF000213161D1C42BA8F407363D7
0EF4B026A3C68363C00EC007179C80B8BBA97B9FFFFFFFFFFCAFFF00020C161D1C42BA8F407363EF
0EF4AF26A3C68363BB0EC005179C7EB8BBA95C1FFFFFFFFFFC9FFF00020D161D1C42BA8E40736307
0EF49626A3A08363C80EBFF2179C6FB8BBA903FFFFFFFFFFFC9FFF00020A161D1C42BA8E4073631F
0EF40D26A2C88363E70EBF79179C0AB8BBA903FFFFFFFFFFFC9FFF00020C161D1C42BA8E40736337
0EF42F26A3028363D10EBF91179C1CB8BBA903FFFFFFFFFFFC9FFF000205161D1C42BA8E4073634F
0EF49F26A3AF8363A00EBFE9179C63B8BBA903FFFFFFFFFFFC9FFF000204161D1C42BA8D40736367
0EF4CE26A3F483639E0EBFFC179C77B8BBA95CCFFFFFFFFFFC9FFF000202161D1B42BA8D4073637F
0EF48826A3888363BB0EBFEE179C6AB8BBAA51BFFFFFFFFFFC9FFF000207161D1B42BA8D40736397
0EF44D26A3258363CA0EBFAD179C33B8BBAA4A3FFFFFFFFFFCAFFF000205161D1B42BA8D407363AF
0EF44726A3218363CD0EBF9F179C25B8ABAA811FFFFFFFFFFCAFFF000203161D1B42BA8C407363C7
0EF45226A32C8363CB0EBFA7179C2AB8ABAA03FFFFFFFFFFFCAFFF0001F9161D1B42BA8C407353DF
0EF46C26A3588363BD0EBFC8179C48B8ABAA03FFFFFFFFFFFC8FFF0001FF161D1B42BA8C407363F7
0EF4A126A3AD8363A80EBFF9179C72B89BAA03FFFFFFFFFFFC8FFF0001FE161D1A42BA8C4073530F
0EF4A726A3B58363AA0EBFF8179C73B8ABAA03FFFFFFFFFFFCAFFF0001F5161D1A42BA8B40735327
0EF46626A34E8363C30EBFCD179C4CB89BA9369FFFFFFFFFFCAFFF0001FA161D1A42BA8B4073533F
0EF45126A3318363C50EBFAE179C31B8ABA9710FFFFFFFFFFCAFFF0001EF161D1A42BA8B40735357
0EF45226A3308363C10EBFB1179C32B8BBAA03FFFFFFFFFFFCAFFF0001ED161D1A42BA8B4073536F
0EF44326A3178363C40EBFA8179C2AB8ABA903FFFFFFFFFFFCAFFF0001F1161D1A42BA8A40735387
0EF43926A3068363BF0EBF9B179C20B8ABA903FFFFFFFFFFFC9FFF0001E5161D1A42BA8A4073439F
0EF44E26A3288363B30EBFAF179C31B8ABA903FFFFFFFFFFFC8FFF0001E0161D1942BA8A407353B7
0EF45926A3348363AC0EBFBF179C3DB8ABA920AFFFFFFFFFFC9FFF0001E1161D1942BA8A407353CF
0EF45D26A33E8363B10EBFB5179C35B8CBAAC37FFFFFFFFFFCAFFF0001DA161D1942BA89407353E7
0EF40226A2AA8363C30EBF70179BFAB8BBA93B9FFFFFFFFFFCAFFF0001C5161D1942BA89407343FF
0EF33A26A17E8363CA0EBEE0179B84B8ABAA03FFFFFFFFFFFCAFFF0001C9161D1942BA8940734317
0EF3DA26A2748363B70EBF46179BD8B8BBA903FFFFFFFFFFFCAFFF0001C3161D1942BA894073432F
0EF44D26A3228363A40EBF9E179C1FB8BBA903FFFFFFFFFFFCAFFF0001BB161D1942BA8840734347
0EF44C26A31C8363A70EBFA0179C24B8BBA9071FFFFFFFFFFCAFFF0001B4161D1842BA884073435F
0EF3DE26A2718363B90EBF58179BE4B8BBA9A5BFFFFFFFFFFCAFFF0001A6161D1842BA8840734377
0EF3AD26A22C8363B60EBF2A179BBFB8CBAA361FFFFFFFFFFCAFFF0001A7161D1842BA884073438F
0EF40926A2B78363AB0EBF6B179BF3B8BBAA03FFFFFFFFFFFCAFFF000198161D1842BA87407343A7
0EF41126A2C18363B10EBF6F179BF7B8ABAA03FFFFFFFFFFFCAFFF00018A161D1842BA87407343BF
0EF3DE26A2728363B10EBF50179BDCB8BBAB03FFFFFFFFFFFCAFFF000194161D1842BA87407343D7
0EF3E026A2778363A90EBF48179BD5B8BBAB054FFFFFFFFFFC9FFF00018F161D1742BA87407343EF
0EF42126A2DB8363A50EBF7A179C00B8BBAA89FFFFFFFFFFFC8FFF00018C161D1742BA8640734307
0EF41526A2C78363AA0EBF74179BF9B8BBAA2F5FFFFFFFFFFC9FFF000183161D1742BA864073431F
0EF3DC26A26C8363B20EBF51179BDAB8BBA903FFFFFFFFFFFC9FFF000182161D1742BA8640734337
0EF3AB26A2288363B70EBF1D179BB2B8BBA903FFFFFFFFFFFC9FFF000183161D1742BA864073434F
0EF3FD26A2A18363AD0EBF55179BE4B8BBA903FFFFFFFFFFFC9FFF000180161D1742BA8540734367
0EF42326A2DA83639D0EBF7A179BFFB8ABA9046FFFFFFFFFFC9FFF00017D161D1742BA854073337F
0EF42D26A2EB8363900EBF85179C08B8ABA9713FFFFFFFFFFC9FFF00017B161D1642BA8540733397
0EF45A26A3328363720EBFA8179C27B8ABA94A3FFFFFFFFFFCAFFF000170161D1642BA85407333AF
0EF48226A36E8363440EBFD8179C4CB8ABA903FFFFFFFFFFFCAFFF000174161D1642BA84407333C7
0EF4AB26A3AE8363220EBFFB179C6AB8ABA9042FFFFFFFFFFCAFFF000169161D1642BA84407333DF
0EF55526A4C78362F30EC082179CE0B8ABA9515FFFFFFFFFFCAFFF00016D161D1642BA84407323F7
0EF85826A9518362B60EC33F179F1EB8ABA98CAFFFFFFFFFFCAFFF00016C161D1642BA844073330F
0EFA1326ABE983627A0EC53317A0BDB8BBA903FFFFFFFFFFFCAFFF000165161D1542BA8340733327
0EFACB26ACF58362510EC60417A16AB8ABA703FFFFFFFFFFFCAFFF00016B161D1542BA834073233F
0EFB2A26AD908362220EC66D17A1C8B8ABA703FFFFFFFFFFFCBFFF000164161D1542BA8340732357
0EFC6926AF7B8361EE0EC79C17A2C9B8ABA703FFFFFFFFFFFC8FFF00016A161D1542BA834073336F
0EFD9726B1418361C60EC8D417A3CAB89BA7392FFFFFFFFFFC9FFF00016A161D1542BA8340732387
0EFEE326B3558361920ECA1A17A4E2B87BA6780FFFFFFFFFFCAFFF00016A161D1542BA824073239F
0F021F26B8588361500ECD0D17A767B87BA503FFFFFFFFFFFCAFFF00016B161D1542BA82407323B7
0F055426BD2F83610B0ED02F17A9F4B88BA403FFFFFFFFFFFC9FFF00016B161D1442BA82407323CF
0F068F26BF028360C30ED1A117AB28B86BA303FFFFFFFFFFFC9FFF00015E161D1442BA82407323E7
0F07DF26C1158360890ED30017AC57B84BA203FFFFFFFFFFFC9FFF00016C161D1442BA81407323FF
0F097126C36883605C0ED47E17AD92B84BA2129FFFFFFFFFFCAFFF00016B161D1442BA8140732317
0F0B0226C5E983601F0ED61917AEF4B83BA2A94FFFFFFFFFFCAFFF000169161D1442BA814073232F
0F0C7426C803835FD80ED78017B013B83BA2373FFFFFFFFFFC9FFF000169161D1442BA8140732347
0F0D2726C925835F950ED82B17B0A6B83BA203FFFFFFFFFFFC9FFF000169161D1342BA804073135F
0F0DA526C9D8835F6B0ED8A417B108B82BA103FFFFFFFFFFFC9FFF000163161D1342BA8040732377
0F0DDC26CA3C835F390ED8DD17B142B82BA103FFFFFFFFFFFC9FFF000164161D1342BA804073238F
0F0F6226CCB6835EE30EDA5A17B293B82BA103FFFFFFFFFFFC9FFF00016D161D1342BA80407323A7
0F117126CFA5835E9D0EDC6317B42AB82BA003FFFFFFFFFFFCAFFF00016E161D1342BA7F407323BF
0F11F226D067835E730EDCE817B498B81B9F03FFFFFFFFFFFCAFFF000168161D1342BA7F407313D7
0F123526D0D7835E360EDD2917B4D6B80B9F03FFFFFFFFFFFC9FFF000171161D1242BA7F407323EF
0F124C26D0FA835DEB0EDD3717B4DFB80B9E03FFFFFFFFFFFC9FFF00016D161D1242BA7F40731307
0F132926D256835DAC0EDE1E17B5A2B80B9E03FFFFFFFFFFFC9FFF000176161D1242BA7E4073131F
0F14BD26D497835D750EDFB617B6EBB80B9E03FFFFFFFFFFFC8FFF000176161D1242BA7E40731337
0F152A26D552835D2B0EE01617B742B81B9D03FFFFFFFFFFFC8FFF000184161D1242BA7E4073134F
0F16A826D79A835CCF0EE18717B87AB81B9D03FFFFFFFFFFFCAFFF00018B161D1242BA7E40731367
0F17BF26D93F835C800EE2AB17B96CB7FB9D03FFFFFFFFFFFCBFFF00018D161D1242BA7D4073137F
0F189826DA87835C3A0EE37B17BA13B7FB9D03FFFFFFFFFFFCBFFF000190161D1142BA7D40730397
0F198D26DC0B835BF00EE46B17BAE5B7EB9C03FFFFFFFFFFFCAFFF0001AA161D1142BA7D407313AF
0F1ABB26DDDC835B990EE59A17BBE3B7CB9C03FFFFFFFFFFFCAFFF0001B6161D1142BA7D407313C7
0F1BAE26DF37835B470EE67717BC93B7AB9A03FFFFFFFFFFFCAFFF0001C2161D1142BA7D407303DF
0F1C6D26E070835AFB0EE73C17BD3FB7AB99058FFFFFFFFFFCAFFF0001C9161D1142BA7C407313F7
0F1DBC26E264835AAC0EE88117BE49B79B9803FFFFFFFFFFFCAFFF0001D7161D1142BA7C4073030F
0F1FCA26E590835A5A0EEA9A17C00CB78B9803FFFFFFFFFFFC9FFF0001E9161D1042BA7C40730327
0F21AA26E837835A010EEC6117C16EB77B9803FFFFFFFFFFFC9FFF0001F4161D1042BA7C4073033F
0F221926E8DB8359BB0EECD917C1D1B75B96950FFFFFFFFFFCAFFF0001F9161D1042BA7B40730357
0F228426E97C8359770EED3B17C224B75B9503FFFFFFFFFFFC9FFF000205161D1042BA7B4073036F
0F22D526EA0583591D0EED8E17C26FB75B9403FFFFFFFFFFFC9FFF000216161D1042BA7B40730387
0F239126EB1C8358C50EEE4917C305B75B9403FFFFFFFFFFFCAFFF00020D161D1042BA7B4073039F
0F240826EBC983587C0EEEBD17C366B75B9403FFFFFFFFFFFCBFFF000220161D0F42BA7A407303B7
0F24F626ED4383582A0EEFAE17C436B74B9403FFFFFFFFFFFCBFFF00021D161D0F42BA7A407303CF
0F262A26EF0E8357D60EF0E017C52FB75B9403FFFFFFFFFFFCAFFF000229161D0F42BA7A407303E7
0F266126EF5A8357930EF10D17C552B74B9303FFFFFFFFFFFCAFFF000225161D0F42BA7A407303FF
0F269E26EFC08357410EF14817C587B73B9203FFFFFFFFFFFCAFFF00022E161D0F42BA7940730317
0F270F26F0638356DD0EF1B817C5E2B74B9103FFFFFFFFFFFCAFFF000230161D0F42BA794073032F
0F276026F0D583569A0EF20917C61DB74B9103FFFFFFFFFFFC9FFF000234161D0F42BA794072F347
0F278E26F11A8356570EF23217C643B73B9103FFFFFFFFFFFC9FFF00022F161D0E42BA794073035F
0F27E426F19E8355FC0EF28917C68DB73B9103FFFFFFFFFFFC9FFF000237161D0E42BA794072F377
0F284B26F2378355A80EF2EE17C6DCB73B9103FFFFFFFFFFFC9FFF000229161D0E42BA784072F38F
0F289726F2A48355600EF34517C721B72B9003FFFFFFFFFFFCAFFF000236161D0E42BA78407303A7
0F292026F38083550E0EF3C817C792B72B9003FFFFFFFFFFFCAFFF000232161D0E42BA784072F3BF
0F298126F40B8354B20EF41E17C7DAB70B9003FFFFFFFFFFFC9FFF000225161D0E42BA784072F3D7
0F2BE026F8278354630EF6BE17CA2CB6FB9003FFFFFFFFFFFCAFFF000223161D0D42BA774072F3EF
0F34252703F68354300EFEC217D08EB6EB90079FFFFFFFFFFCAFFF000210161D0D42BA774072F307
0F34852704A08353F90EFF0817D0DAB6EB8F0D7FFFFFFFFFFC8FFF000203161D0D42BA774072F31F
0F34C42705158353B80EFF4717D119B6EB8E03FFFFFFFFFFFC9FFF0001FF161D0D42BA774072F337
0F35552706048353780EFFD817D196B6EB8D03FFFFFFFFFFFCAFFF0001EC161D0D42BA764072F34F
0F35FA2707068353380F007E17D225B6EB8C127FFFFFFFFFFCBFFF0001E5161D0D42BA764072E367
0F364F2707838353000F00C217D261B6DB8C8E3FFFFFFFFFFCAFFF0001D0161D0C42BA764072E37F
0F369D2708018352CF0F011317D2A5B6DB8C446FFFFFFFFFFCAFFF0001D5161D0C42BA764072E397
0F36DE2708628352A30F015617D2DEB6DB8B6A1FFFFFFFFFFCAFFF0001CC161D0C42BA754072E3AF
0F371F2708C58352750F019E17D31CB6CB8A03FFFFFFFFFFFC9FFF0001C2161D0C42BA754072E3C7
0F377B2709548352400F01F017D361B6BB8B03FFFFFFFFFFFCBFFF0001BA161D0C42BA754072E3DF
0F37AB2709A183522F0F022217D389B6BB8B03FFFFFFFFFFFCAFFF0001B2161D0C42BA754072E3F7
0F37B32709AE8352300F021717D381B6BB8B03FFFFFFFFFFFCBFFF0001AC161D0B42BA744072E30F
0F37CB2709D18352270F023417D39AB6BB8A03FFFFFFFFFFFC9FFF000198161D0B42BA744072E327
0F37CD2709D883522B0F023D17D3A1B6AB8A03FFFFFFFFFFFC9FFF0001A1161D0B42BA744072E33F
0F37A627099C83523D0F021417D385B6AB8A03FFFFFFFFFFFCAFFF00018C161D0B42BA744072E357
0F37A42709A08352480F021917D389B6AB8903FFFFFFFFFFFCAFFF000197161D0B42BA734072E36F
0F37AC2709AD83524F0F022017D390B69B8903FFFFFFFFFFFCAFFF000192161D0B42BA734072E387
0F379927099183524C0F021317D386B68B8903FFFFFFFFFFFCAFFF00018C161D0A42BA734072E39F
0F379D2709968352410F022217D394B69B8803FFFFFFFFFFFC9FFF000187161D0A42BA734072E3B7
0F378E2709898352410F01FA17D376B69B8903FFFFFFFFFFFC9FFF000173161D0A42BA724072E3CF
0F37A12709A883524E0F021017D38CB69B8903FFFFFFFFFFFCAFFF00017E161D0A42BA724072E3E7
0F377F2709708352580F020417D37EB69B8903FFFFFFFFFFFCAFFF00017A161D0A42BA724072D3FF
0F377D2709738352520F01F517D374B69B8903FFFFFFFFFFFCAFFF000172161D0A42BA724072D317
0F376F27095F83525D0F01E817D36EB6AB8903FFFFFFFFFFFCAFFF00016A161D0942BA714072D32F
0F377D2709788352750F01E317D36AB69B8903FFFFFFFFFFFC9FFF000164161D0942BA714072D347
0F375F27094883526A0F01DB17D361B69B8903FFFFFFFFFFFC9FFF000173161D0942BA714072D35F
0F378127098383525F0F01E717D36CB6AB8A03FFFFFFFFFFFC8FFF000163161D0942BA714072D377
0F378427098383525D0F020617D384B6AB8A03FFFFFFFFFFFC9FFF000170161D0942BA704072C38F
0F37AA2709BC8352560F021717D393B6BB8A03FFFFFFFFFFFCAFFF00016D161D0842BA704072C3A7
0F37A82709B98352620F021A17D399B6CB8A03FFFFFFFFFFFCAFFF00016C161D0842BA704072D3BF
0F378727098E8352870F020117D387B6BB8A03FFFFFFFFFFFC9FFF00016C161D0842BA704072C3D7
0F375A27094C8352920F01D817D362B69B8A03FFFFFFFFFFFC9FFF00016C161D0842BA6F4072C3EF
0F37992709AC8352730F020F17D392B69B8A03FFFFFFFFFFFCAFFF000164161D0842BA6F4072C307
0F37C82709EF83525A0F023417D3AEB6AB8A03FFFFFFFFFFFCAFFF000168161D0842BA6F4072C31F
0F37CF2709FA8352650F023017D3AAB6BB8903FFFFFFFFFFFCAFFF000169161D0742BA6F4072C337
0F37C52709EA83526F0F023717D3B2B6AB8A03FFFFFFFFFFFCAFFF00016E161D0742BA6E4072C34F
0F37C92709F38352730F023A17D3B6B69B8903FFFFFFFFFFFCAFFF00016D161D0742BA6E4072C367
0F37C12709E583527E0F023517D3B3B67B8903FFFFFFFFFFFC9FFF00016B161D0742BA6E4072C37F
0F37BF2709E78352810F023917D3B4B69B8A03FFFFFFFFFFFCAFFF00016B161D0742BA6E4072C397
0F37D4270A058352790F024817D3C0B6BB8A03FFFFFFFFFFFCAFFF000165161D0742BA6D4072C3AF
0F37DB270A0E83527C0F024E17D3C7B6BB8A03FFFFFFFFFFFCAFFF00016E161D0642BA6D4072C3C7
0F37EE270A288352760F026217D3D9B6AB8903FFFFFFFFFFFCAFFF00016D161D0642BA6D4072C3DF
0F3809270A588352700F027417D3E7B69B8903FFFFFFFFFFFCAFFF000167161D0642BA6D4072C3F7
0F3805270A5183527B0F027717D3E9B67B8903FFFFFFFFFFFCAFFF00016E161D0642BA6C4072C30F
0F37F6270A3A8352860F026817D3E0B68B8A03FFFFFFFFFFFC9FFF00015F161D0642BA6C4072C327
0F37FC270A4883528F0F026C17D3E2B68B8A03FFFFFFFFFFFC9FFF00016D161D0642BA6C4072C33F
0F3800270A4C8352930F027317D3E7B69B8A03FFFFFFFFFFFCBFFF000166161D0542BA6C4072C357
0F3805270A528352970F027B17D3F0B69B8A03FFFFFFFFFFFCBFFF00016E161D0542BA6B4072C36F
0F3812270A6A83528F0F028717D3FBB69B8903FFFFFFFFFFFC9FFF00016F161D0542BA6B4072C387
0F3826270A858352890F029C17D40BB69B8903FFFFFFFFFFFC9FFF000169161D0542BA6B4072C39F
0F3830270A9783528B0F02A717D416B68B8A03FFFFFFFFFFFCAFFF000170161D0542BA6A4072B3B7
0F3816270A6F83529C0F028B17D401B68B8A03FFFFFFFFFFFCAFFF00016F161D0442BA6A4072B3CF
0F37F0270A3B8352AD0F026817D3E2B68B8A03FFFFFFFFFFFCAFFF000169161D0442BA6A4072B3E7
0F3800270A528352A40F027517D3EEB68B8A03FFFFFFFFFFFCAFFF00016B161D0442BA6A4072B3FF
0F3826270A8D8352990F029517D407B68B8A03FFFFFFFFFFFCAFFF000173161D0442BA694072C317
0F381A270A7A8352A50F029217D402B68B8903FFFFFFFFFFFC9FFF000176161D0442BA694072B32F
0F381B270A7C8352A40F029117D403B69B8903FFFFFFFFFFFC9FFF00017B161D0442BA694072B347
0F3823270A858352A10F029917D40AB6AB8903FFFFFFFFFFFC8FFF000178161D0342BA694072A35F
0F3807270A628352B60F027C17D3F6B6AB8A03FFFFFFFFFFFC8FFF000185161D0342BA684072B377
0F37F2270A3D8352BD0F026A17D3E5B6AB8903FFFFFFFFFFFC9FFF00018C161D0342BA684072A38F
0F3818270A7B8352A10F029017D405B6BB8903FFFFFFFFFFFCAFFF00018C161D0342BA684072A3A7
0F3828270A9083529D0F029A17D40CB6BB8903FFFFFFFFFFFCAFFF00019A161D0342BA684072B3BF
0F3804270A5B8352B60F027B17D3F5B6CB8803FFFFFFFFFFFCAFFF000191161D0342BA674072B3D7
0F37F2270A3F8352BF0F026617D3E2B6CB8803FFFFFFFFFFFC9FFF0001A6161D0242BA674072A3EF
0F37F8270A498352B80F026B17D3E7B6AB8903FFFFFFFFFFFC9FFF0001AC161D0242BA674072A307
0F3803270A5B8352AC0F027517D3EEB69B8903FFFFFFFFFFFC9FFF0001B0161D0242BA674072A31F
0F3808270A618352A90F027B17D3F3B69B8903FFFFFFFFFFFC9FFF0001A4161D0242BA664072A337
0F380F270A6A8352A90F028117D3F8B68B8A03FFFFFFFFFFFC9FFF0001B0161D0242BA664072A34F
0F3808270A618352B60F027917D3F4B69B8903FFFFFFFFFFFCAFFF0001B2161D0242BA664072A367
0F37F7270A4B8352C70F026B17D3E8B68B8903FFFFFFFFFFFCAFFF0001B8161D0142BA654072A37F
0F3804270A5A8352C20F027817D3F1B68B8903FFFFFFFFFFFCAFFF0001B2161D0142BA654072A397
0F3816270A788352B60F028617D3FDB6AB8903FFFFFFFFFFFC9FFF0001BB161D0142BA654072A3AF
0F381C270A808352AF0F029317D405B6AB8903FFFFFFFFFFFCAFFF0001B8161D0142BA654072A3C7
0F380A270A648352B20F027F17D3F7B6AB8803FFFFFFFFFFFCAFFF0001C0161D0142BA644072A3DF
0F37FA270A4F8352BD0F027317D3EDB69B8903FFFFFFFFFFFCAFFF0001CE161D0142BA644072A3F7
0F37F3270A428352C10F026A17D3E8B69B8903FFFFFFFFFFFCAFFF0001D9161D0042BA644072A30F
0F37E0270A268352C30F025517D3D4B6AB8903FFFFFFFFFFFCAFFF0001E6161D0042BA644072A327
0F37D8270A1D8352C30F024517D3C9B6AB8903FFFFFFFFFFFCAFFF0001F8161D0042BA634072A33F
0F37EF270A3D8352C80F026117D3E1B6AB8903FFFFFFFFFFFCAFFF00020C161D0042BA634072A357
0F37EC270A398352C00F026917D3E6B6AB8903FFFFFFFFFFFCBFFF000221161D0042BA634072936F
0F37CD270A068352B40F025617D3D6B69B8903FFFFFFFFFFFCAFFF00022C161D0042BA634072A387
0F37D0270A0B8352BA0F024A17D3CEB68B8903FFFFFFFFFFFCAFFF000243161CFF42BA624072939F
0F37AA2709D48352CA0F022B17D3B3B69B8A03FFFFFFFFFFFCAFFF000250161CFF42BA624072A3B7
0F37762709888352D70F01F517D387B69B8A03FFFFFFFFFFFCAFFF00024C161CFF42BA62407293CF
0F37602709608352DF0F01DC17D374B69B8903FFFFFFFFFFFCAFFF000263161CFF42BA62407293E7
0F37892709A68352D10F020417D394B69B8903FFFFFFFFFFFCAFFF000269161CFF42BA61407293FF
0F37E4270A2E8352B20F025617D3D5B6AB8903FFFFFFFFFFFCAFFF00026E161CFF42BA6140729317
0F37DD270A248352B60F024A17D3CEB6BB8A03FFFFFFFFFFFC9FFF00026B161CFE42BA614072932F
0F37D0270A118352D70F024417D3C9B6BB8A03FFFFFFFFFFFC9FFF000275161CFE42BA6140728347
0F37A52709C88352E10F022317D3ADB6AB8A03FFFFFFFFFFFC8FFF000278161CFE42BA604072935F
0F377D27098C8352D90F020217D390B6BB8A03FFFFFFFFFFFC8FFF000274161CFE42BA6040728377
0F37972709BA8352D60F020617D393B6BB8903FFFFFFFFFFFC9FFF00027E161CFE42BA604072838F
0F379F2709C38352C60F022617D3ADB6BB8A03FFFFFFFFFFFC9FFF00027C161CFE42BA60407283A7
0F37B62709E68352BD0F022F17D3B4B6BB8A03FFFFFFFFFFFCAFFF00026E161CFD42BA5F407283BF
0F378627099A8352CE0F01FF17D38FB6AB8A03FFFFFFFFFFFCAFFF000266161CFD42BA5F407283D7
0F37A12709C88352E30F020617D397B69B8B03FFFFFFFFFFFCAFFF000266161CFD42BA5F407283EF
0F377127097A8352E10F01F117D381B69B8B03FFFFFFFFFFFC9FFF00024F161CFD42BA5F40728307
0F37842709998352DD0F020117D392B69B8B03FFFFFFFFFFFC9FFF00023C161CFD42BA5E4072831F
0F376527096C8352E20F020917D397B68B8B03FFFFFFFFFFFC9FFF000228161CFD42BA5E40728337
0F37752709828352D60F01F517D385B67B8A03FFFFFFFFFFFCAFFF00020B161CFD42BA5E4072834F
0F37BD2709F18352CA0F023317D3B8B67B8903FFFFFFFFFFFCAFFF000207161CFC42BA5E40728367
0F37B72709E88352DB0F023517D3C0B69B8903FFFFFFFFFFFCBFFF0001EC161CFC42BA5D4072837F
0F376627096B8352ED0F01DF17D374B6AB8A03FFFFFFFFFFFCAFFF0001DF161CFC42BA5D40728397
0F376C27097C8352E90F01D917D36FB6AB8B03FFFFFFFFFFFC9FFF0001C4161CFC42BA5D407283AF
0F374C2709418352EA0F01E017D372B6BB8B03FFFFFFFFFFFC9FFF0001B8161CFC42BA5D407283C7
0F370F2708E88352EB0F019017D32EB6AB8A03FFFFFFFFFFFC9FFF0001A3161CFC42BA5C407283DF
0F373227091E8352DE0F01B017D34DB6AB8A03FFFFFFFFFFFCAFFF0001A4161CFB42BA5C407273F7
0F37372709228352D90F01BE17D356B6AB8A03FFFFFFFFFFFCBFFF00019C161CFB42BA5C4072730F
0F374427093B8352E60F019F17D33BB6AB8A03FFFFFFFFFFFC9FFF00018C161CFB42BA5C40728327
0F378027098F8352F90F01D817D373B6AB8A03FFFFFFFFFFFC9FFF000188161CFB42BA5B4072833F
0F371F2708FC8353010F01BA17D353B6AB8903FFFFFFFFFFFCAFFF000187161CFB42BA5B40727357
0F36DC2708988352F90F017117D318B69B8903FFFFFFFFFFFCAFFF000184161CFB42BA5B4072736F
0F370A2708E08352F10F018D17D32CB69B8A03FFFFFFFFFFFC9FFF00017B161CFB42BA5B40727387
0F36F82708C18352F80F017917D31EB69B8A03FFFFFFFFFFFC9FFF00017A161CFA42BA5A4072739F
0F36D527088B8353020F015217D2FCB6AB8A03FFFFFFFFFFFC9FFF00017F161CFA42BA5A407273B7
0F36F42708C28352FF0F016717D30EB6BB8903FFFFFFFFFFFCAFFF00017F161CFA42BA5A407283CF
0F36DF27089E8352FF0F015C17D305B6BB8903FFFFFFFFFFFC9FFF000178161CFA42BA5A407273E7
0F36D327088C8353130F014E17D2FBB6AB8903FFFFFFFFFFFC9FFF000180161CFA42BA59407273FF
0F36712707EA8353170F010E17D2C2B6BB8A03FFFFFFFFFFFC9FFF000180161CFA42BA5940726317
0F36732707F883530A0F00DB17D296B6BB8A03FFFFFFFFFFFC9FFF000181161CF942BA594072732F
0F369327082A8353150F00FF17D2B9B6AB8A03FFFFFFFFFFFC9FFF00017F161CF942BA5940726347
0F369E2708398353210F011217D2C7B6AB8A03FFFFFFFFFFFCAFFF00018E161CF942BA584072635F
0F36A727084583530C0F013417D2E3B6BB8A03FFFFFFFFFFFC9FFF000196161CF942BA5840726377
0F36AC2708528353040F012C17D2DCB6BB8A03FFFFFFFFFFFCAFFF000195161CF942BA584072638F
0F36AB2708508353290F012717D2DDB6AB8A03FFFFFFFFFFFCAFFF0001A1161CF942BA58407263A7
0F367A2708058353350F00F917D2B1B6AB8903FFFFFFFFFFFC9FFF0001A5161CF942BA57407263BF
0F36C227087083531C0F013B17D2EAB6CB8A03FFFFFFFFFFFC9FFF0001A5161CF842BA57407263D7
0F36D527088D8353160F014717D2F5B6CB8A03FFFFFFFFFFFC9FFF00019C161CF842BA57407263EF
0F36DB2708A08353250F013B17D2EDB6DB8A03FFFFFFFFFFFCAFFF0001A0161CF842BA5740726307
0F37252709048353220F018A17D32CB6CB8A03FFFFFFFFFFFCAFFF000195161CF842BA564072631F
0F370E2708E98353210F019717D336B6BB8A03FFFFFFFFFFFCAFFF000191161CF842BA5640726337
0F37142708F28353310F017717D321B69B8A03FFFFFFFFFFFCAFFF000194161CF842BA564072634F
0F36ED2708B48353310F017617D31CB69B8A03FFFFFFFFFFFC9FFF000188161CF842BA5640726367
0F37002708D98353230F015C17D306B6AB8A03FFFFFFFFFFFC9FFF000183161CF742BA554072637F
0F372627090E8353270F01A317D341B6BB8A03FFFFFFFFFFFC9FFF000185161CF742BA5540726397
0F36F62708BE8353320F017F17D324B6BB8B03FFFFFFFFFFFC9FFF000182161CF742BA55407253AF
0F36E42708A48353350F016017D30AB6BB8B03FFFFFFFFFFFC9FFF000177161CF742BA55407263C7
0F36D327088B83532C0F015817D303B6AB8A03FFFFFFFFFFFC9FFF00017D161CF742BA54407263DF
0F36F42708C083532B0F016817D30FB6BB8A03FFFFFFFFFFFC9FFF00017B161CF742BA54407253F7
0F37142708F28353370F017717D31FB6BB8A03FFFFFFFFFFFCAFFF00017A161CF642BA544072530F
0F36E22708A483533C0F016717D312B6AB8A03FFFFFFFFFFFCAFFF000172161CF642BA5440725327
0F36CE27088683533A0F015417D300B69B8A03FFFFFFFFFFFCAFFF000179161CF642BA534072533F
0F37242709108353390F018817D330B69B8A03FFFFFFFFFFFCAFFF000177161CF642BA5340725357
0F376127096683533B0F01D117D36CB69B8A03FFFFFFFFFFFCAFFF00016F161CF642BA534072536F
0F36F92708C783533E0F019A17D337B69B8B03FFFFFFFFFFFCBFFF000177161CF642BA5240725387
0F37092708E383533B0F017717D320B69B8B03FFFFFFFFFFFC9FFF000178161CF642BA524072539F
0F37672709738353350F01D717D371B69B8A03FFFFFFFFFFFC9FFF000176161CF542BA52407253B7
0F37032708DA8353490F019D17D342B6AB8A03FFFFFFFFFFFC9FFF00016E161CF542BA52407253CF
0F37082708E583535B0F016F17D31CB6AB8903FFFFFFFFFFFC9FFF00016F161CF542BA51407243E7
0F372127090B83534B0F019C17D33EB6AB8903FFFFFFFFFFFC9FFF000170161CF542BA51407243FF
0F373027091A8353410F01BE17D35AB6BB8A03FFFFFFFFFFFC8FFF000179161CF542BA5140725317
0F36F22708C08353470F019217D337B6BB8B03FFFFFFFFFFFC8FFF00017A161CF542BA514072532F
0F372527090F8353420F019E17D344B6BB8B03FFFFFFFFFFFCAFFF000174161CF542BA5040724347
0F37712709858353490F01C117D360B6AB8A03FFFFFFFFFFFCAFFF000177161CF442BA504072435F
0F36EE2708B98353640F018617D32CB6AB8B03FFFFFFFFFFFCAFFF000175161CF442BA5040724377
0F36CA27088383536A0F013E17D2F0B6BB8B03FFFFFFFFFFFCAFFF000182161CF442BA504072438F
0F370D2708F78353500F017D17D328B6AB8B03FFFFFFFFFFFCAFFF000183161CF442BA4F407243A7
0F376C27097583533F0F01D417D36FB6AB8B03FFFFFFFFFFFCAFFF000196161CF442BA4F407243BF
0F376227096F83534E0F01D017D36BB6CB8B03FFFFFFFFFFFCAFFF00019A161CF442BA4F407243D7
0F36D527089583535C0F016417D30DB6CB8A03FFFFFFFFFFFC9FFF0001BB161CF442BA4E407243EF
0F374627093B8353560F01C017D35EB6BB8903FFFFFFFFFFFC9FFF0001D0161CF342BA4E40724307
0F372E27091C8353530F01B717D358B6BB8903FFFFFFFFFFFCAFFF0001E3161CF342BA4E4072431F
0F36D927089E83536B0F016B17D317B6CB8A03FFFFFFFFFFFCAFFF0001FB161CF342BA4E40724337
0F369B27083C83536C0F012717D2DCB6AB8A03FFFFFFFFFFFC9FFF000219161CF342BA4D4072434F
0F368E27082983535A0F012417D2DAB6AB8B03FFFFFFFFFFFC9FFF000236161CF342BA4D40724367
0F36CE2708878353540F015317D302B6AB8A03FFFFFFFFFFFC9FFF00024A161CF342BA4D4072437F
0F36E42708A483535D0F016117D30EB6AB8A03FFFFFFFFFFFC9FFF000274161CF242BA4D40724397
0F36D927089D8353600F015C17D30AB6AB8A03FFFFFFFFFFFCAFFF000292161CF242BA4C407243AF
0F36AA27085383536B0F013417D2E8B6BB8B03FFFFFFFFFFFC9FFF0002AD161CF242BA4C407233C7
0F36702707FC8353810F00FC17D2B8B6BB8B03FFFFFFFFFFFCAFFF0002BF161CF242BA4C407233DF
0F369E2708428353770F011617D2D1B6BB8B03FFFFFFFFFFFCAFFF0002D7161CF242BA4C407233F7
0F36D327088E83535D0F015717D305B6BB8B03FFFFFFFFFFFCAFFF0002E7161CF242BA4B4072330F
0F369F27084783536D0F012417D2DBB6BB8B03FFFFFFFFFFFC9FFF0002FF161CF242BA4B40723327
0F36A527084C83537C0F011B17D2D5B6BB8A03FFFFFFFFFFFC9FFF00030D161CF242BA4B4072333F
0F36B627086383536F0F012917D2DFB6CB8A03FFFFFFFFFFFCAFFF00031C161CF142BA4A40723357
0F36B427086483536B0F012917D2E0B6CB8A03FFFFFFFFFFFC9FFF00031F161CF142BA4A4072436F
0F369F2708448353800F011D17D2D7B6BB8B03FFFFFFFFFFFC9FFF000319161CF142BA4A40723387
0F368827082083537F0F010517D2C2B6BB8B03FFFFFFFFFFFC9FFF000321161CF142BA4A4072339F
0F36A22708458353680F011B17D2D2B6BB8B03FFFFFFFFFFFCAFFF000322161CF142BA49407233B7
0F36A927084E83536B0F011C17D2D3B6BB8B03FFFFFFFFFFFC9FFF000322161CF142BA49407223CF
0F368B2708238353760F011417D2CBB6AB8B03FFFFFFFFFFFCAFFF000321161CF042BA49407223E7
0F367F27080E8353760F00F017D2AFB6AB8B03FFFFFFFFFFFCAFFF00031E161CF042BA49407223FF
0F367E2708138353890F00F417D2B3B6BB8B03FFFFFFFFFFFCAFFF00030C161CF042BA4840723317
0F36712707FA8353940F00EE17D2ADB6BB8B03FFFFFFFFFFFCAFFF000316161CF042BA484072232F
0F36852708198353760F00FE17D2BDB6AB8B03FFFFFFFFFFFCAFFF000304161CF042BA4840722347
0F36632707EA8353640F00F717D2B2B6AB8B03FFFFFFFFFFFCAFFF000310161CF042BA484072235F
0F364A2707BD83537A0F00D117D296B6BB8BAFFFFFFFFFFFFC9FFF00030F161CF042BA4740723377
0F36652707E68353880F00D717D29CB6AB8B03EFFFFFFFFFFC9FFF00030F161CF042BA474072238F
0F36662707EB8353820F00E417D2A3B6BB8C03FFFFFFFFFFFCAFFF00030D161CEF42BA47407223A7
0F36682707E98353860F00E017D2A1B6BB8B03FFFFFFFFFFFCAFFF0002FB161CEF42BA47407223BF
0F36622707E183538A0F00DF17D2A1B6BB8B03FFFFFFFFFFFCAFFF000308161CEF42BA46407223D7
0F36CF27089583537A0F014F17D303B6BB8B03FFFFFFFFFFFCAFFF000309161CEF42BA46407223EF
0F369127081F8353790F015A17D303B6AB8A03FFFFFFFFFFFCAFFF000305161CEF42BA4640722307
0F364A2707B58353850F00D417D294B6AB8A03FFFFFFFFFFFCAFFF000308161CEF42BA454072231F
0F36E52708B083537C0F013D17D2F1B69B8A03FFFFFFFFFFFCAFFF000309161CEF42BA4540722337
0F36952708338353760F014817D2FBB68B8B03FFFFFFFFFFFCAFFF000311161CEE42BA454072234F
0F36782708038353860F00FC17D2B8B69B8B03FFFFFFFFFFFCAFFF00030B161CEE42BA4540722367
0F36432707AF8353940F00CA17D28DB6BB8B03FFFFFFFFFFFCAFFF000310161CEE42BA444072237F
0F369F2708488353800F011317D2D1B6BB8B03FFFFFFFFFFFCAFFF00030F161CEE42BA4440722397
0F37422709338353790F01BC17D35BB6AB8A03FFFFFFFFFFFCAFFF0002FE161CEE42BA44407223AF
0F36B527086083538F0F013E17D2F1B69B8B03FFFFFFFFFFFC9FFF00030D161CEE42BA44407213C7
0F363227079E83538D0F00C617D287B69B8B03FFFFFFFFFFFC9FFF00030D161CEE42BA43407213DF
0F36952708378353760F00CF17D295B6AB8B03FFFFFFFFFFFC9FFF00030C161CED42BA43407213F7
0F36472707B283537C0F00EA17D2A9B6BB8A03FFFFFFFFFFFCAFFF000307161CED42BA434072130F
0F365A2707D883538C0F00A617D274B6CB8B03FFFFFFFFFFFCBFFF00030D161CED42BA4340721327
0F367D2708018353920F010917D2C4B6DB8B03FFFFFFFFFFFCBFFF00030D161CED42BA424072133F
0F360E27075C8353900F00A917D271B6CB8B03FFFFFFFFFFFCAFFF00030F161CED42BA4240720357
0F35FD2707448353930F007D17D24BB6CB8B03FFFFFFFFFFFC9FFF000312161CED42BA424072036F
0F35FD2707448353940F006817D23BB6BB8B03FFFFFFFFFFFC9FFF000316161CED42BA4240721387
0F36102707628353900F009317D25DB6AB8B03FFFFFFFFFFFC9FFF000319161CEC42BA414072139F
0F361A27076F83538A0F008E17D25BB69B8B3F6FFFFFFFFFFC9FFF00031A161CEC42BA41407213B7
0F363E2707A483538F0F00A517D26FB6AB8BD8CFFFFFFFFFFC9FFF000319161CEC42BA41407203CF
0F360B27075D83539F0F009917D265B6BB8C151FFFFFFFFFFCAFFF000317161CEC42BA40407213E7
0F360227074F8353A20F006D17D23FB6BB8B03FFFFFFFFFFFC9FFF000314161CEC42BA40407213FF
0F361E2707788353AB0F009417D263B6BB8B03FFFFFFFFFFFCAFFF000304161CEC42BA4040720317
0F35FF2707458353AF0F007A17D24AB6BB8B03FFFFFFFFFFFCAFFF000311161CEC42BA404072032F
0F360727075483539B0F00BA17D27FB6AB8A142FFFFFFFFFFCAFFF00030B161CEB42BA3F40720347
0F35F727074083538F0F008C17D259B6BB8BA01FFFFFFFFFFCAFFF000303161CEB42BA3F4072035F
0F364C2707BC83539B0F00C217D286B6BB8B130FFFFFFFFFFC9FFF0002F8161CEB42BA3F40720377
0F36452707BA8353AE0F00B017D27BB6BB8CA3BFFFFFFFFFFC9FFF0002E5161CEB42BA3F4072038F
0F36312707938353B20F00AD17D276B6AB8B400FFFFFFFFFFCAFFF0002C7161CEB42BA3E407203A7
0F36062707528353A90F008417D252B6AB8B03FFFFFFFFFFFC9FFF0002B7161CEB42BA3E407203BF
0F361727076C8353AD0F009517D264B6CB8B03FFFFFFFFFFFC9FFF00029A161CEB42BA3E407203D7
0F35C72706ED8353B80F006317D234B6CB8B45BFFFFFFFFFFCAFFF00028F161CEA42BA3E407203EF
0F35AD2706CB8353B40F003E17D215B6BB8B92FFFFFFFFFFFCAFFF000282161CEA42BA3D40720307
0F362227077F8353AE0F009517D261B6AB8C03FFFFFFFFFFFCAFFF000268161CEA42BA3D4072031F
0F36652707E58353B00F00BD17D286B6BB8C03FFFFFFFFFFFC9FFF00026D161CEA42BA3D40720337
0F36532707CB8353B40F00CE17D292B6BB8C03FFFFFFFFFFFC9FFF000267161CEA42BA3D4072034F
0F362F2707958353C00F00A417D270B6CB8C03FFFFFFFFFFFC9FFF00025D161CEA42BA3C40720367
0F35F22707348353CB0F009617D261B6DB8C36BFFFFFFFFFFCBFFF00026F161CEA42BA3C4072037F
0F360D2707658353D30F005F17D23AB6DB8B800FFFFFFFFFFCAFFF000281161CE942BA3C40720397
0F35F32707368353DA0F008917D259B6DB8A03FFFFFFFFFFFCAFFF000296161CE942BA3C407203AF
0F35D92707168353C90F005117D22AB6CB8B03FFFFFFFFFFFCAFFF0002AB161CE942BA3B407203C7
0F36642707EC8353B50F00B217D27EB6BB8B03FFFFFFFFFFFC9FFF0002B8161CE942BA3B407203DF
0F366A2707F38353C30F00C517D28FB6BB8B03FFFFFFFFFFFC9FFF0002D2161CE942BA3B407203F7
0F36222707838353D60F00C317D289B6BB8B2EBFFFFFFFFFFC9FFF0002DE161CE942BA3A4072030F
0F35B22706CD8353DA0F004517D21DB6BB8B78EFFFFFFFFFFC9FFF0002F0161CE942BA3A40720327
0F35C12706EC8353E90F002B17D20DB6BB8B03FFFFFFFFFFFCAFFF000306161CE842BA3A4071E33F
0F35AB2706C88353EB0F002817D206B6CB8B03FFFFFFFFFFFCAFFF000314161CE842BA3A40720357
0F35B02706CB8353D80F004A17D222B6DB8B03FFFFFFFFFFFCAFFF00031D161CE842BA394072036F
0F35FF27074F8353CE0F005917D22DB6CB8B03FFFFFFFFFFFC9FFF000319161CE842BA3940720387
0F35BC2706D98353DD0F005C17D233B6BB8B184FFFFFFFFFFC9FFF00031F161CE842BA394071E39F
0F358D2706978353E80F001417D1F3B6BB8BBF1FFFFFFFFFFC9FFF00031C161CE842BA394071F3B7
0F35972706A98353EA0F000C17D1EDB6BB8B46DFFFFFFFFFFC9FFF000317161CE842BA384071F3CF
0F35E527071F8353ED0F004917D223B6AB8B03FFFFFFFFFFFC9FFF00031B161CE742BA384071F3E7
0F35CC2706FD8353F10F002317D204B6AB8B03FFFFFFFFFFFCAFFF00031B161CE742BA384071E3FF
0F36372707A38353F30F00B417D27DB6BB8B03FFFFFFFFFFFCBFFF00031E161CE742BA384071E317
0F36412707B18353EC0F00BC17D285B6AB8B0D4FFFFFFFFFFCAFFF000320161CE742BA374071E32F
0F362E2707968353EA0F00B717D281B6BB8BA16FFFFFFFFFFCAFFF00031F161CE742BA374071E347
0F35DD2707128353E40F007017D241B6CB8B3FCFFFFFFFFFFCAFFF00031E161CE742BA374071E35F
0F35ED2707388353F10F004717D223B6BB8B03FFFFFFFFFFFC9FFF000317161CE642BA364071E377
0F35F42707338354030F007417D24AB6BB8B03FFFFFFFFFFFC9FFF00031F161CE642BA364071E38F
0F36012707568353FE0F008517D256B6BB8B03FFFFFFFFFFFC9FFF00031F161CE642BA364071E3A7
0F35E22707228353F40F007817D248B6BB8B03FFFFFFFFFFFCAFFF00031E161CE642BA364071E3BF
0F36062707578353F40F008417D254B6AB8B8E4FFFFFFFFFFCAFFF000316161CE642BA354071E3D7
0F361E2707858353FA0F008A17D25BB6BB8B3A5FFFFFFFFFFC9FFF00031D161CE642BA354071E3EF
0F36552707D58354020F00D317D29CB6CB8B03FFFFFFFFFFFC9FFF00031B161CE642BA354071E307
0F35F02707348354010F008B17D25CB6DB8C03FFFFFFFFFFFCAFFF00031D161CE542BA354071E31F
0F360C2707648353F80F00A117D26DB6CB8C03FFFFFFFFFFFCAFFF000320161CE542BA344071E337
0F362D2707A18353F40F00AB17D279B6BB8B03FFFFFFFFFFFCAFFF000317161CE542BA344071E34F
0F361127076A8354000F00A217D271B6BB8A713FFFFFFFFFFCAFFF00031B161CE542BA344071E367
0F35D227070383540F0F004917D223B6BB8B34BFFFFFFFFFFCAFFF00031B161CE542BA344071E37F
0F35E42707278354120F004317D220B6BB8C03FFFFFFFFFFFCAFFF000313161CE542BA334071D397
0F362E2707998354040F00C317D28EB6BB8C03FFFFFFFFFFFCAFFF000311161CE542BA334071E3AF
0F35F82707458353F50F007317D247B6DB8C03FFFFFFFFFFFCAFFF000316161CE442BA334071D3C7
0F35C22706F08354010F005D17D234B6DB8C03FFFFFFFFFFFCAFFF00030C161CE442BA324071D3DF
0F35FC27074A83540E0F007317D24DB6CB8C3F2FFFFFFFFFFCAFFF000310161CE442BA324071D3F7
0F35C12706E883540F0F004D17D228B6CB8CB8BFFFFFFFFFFCAFFF000304161CE442BA324071D30F
0F35E22707218354130F005717D232B6DB8D03DFFFFFFFFFFCAFFF000303161CE442BA324071D327
0F35A52706C08354120F005317D22BB6DB8E03FFFFFFFFFFFCAFFF0002ED161CE442BA314071D33F
0F364C2707CE8354060F00AC17D27CB6DB8E323FFFFFFFFFFCAFFF0002F1161CE342BA314071D357
0F362E27079583540B0F00AF17D27DB6DB8C7A8FFFFFFFFFFCAFFF0002E3161CE342BA314071D36F
0F35972706AC8354180F003517D211B6CB8C2ACFFFFFFFFFFC9FFF0002CA161CE342BA314071D387
0F35D527070F8354190F003917D218B6CB8C9D5FFFFFFFFFFC9FFF0002B7161CE342BA304071C39F
0F36202707858354170F007C17D251B6DB8C03EFFFFFFFFFFC9FFF0002A8161CE342BA304071D3B7
0F361C27078183540F0F009917D269B6FB8D03FFFFFFFFFFFC9FFF000289161CE342BA304071D3CF
0F36012707518354080F009D17D26EB6FB8C03FFFFFFFFFFFCAFFF000285161CE342BA304071D3E7
0F35F82707498354160F006817D243B6DB8B03FFFFFFFFFFFC9FFF000280161CE242BA2F4071C3FF
0F35B82706DA8354260F004B17D226B6DB8B218FFFFFFFFFFC9FFF000280161CE242BA2F4071C317
0F35C02706F083541C0F003317D213B6CB8B921FFFFFFFFFFC9FFF000282161CE242BA2F4071C32F
0F35CE2706FF83540F0F006117D239B6BB8B172FFFFFFFFFFCAFFF000282161CE242BA2F4071C347
0F358D2706998354150F002417D201B6CB8CAF2FFFFFFFFFFC9FFF00028D161CE242BA2E4071C35F
0F35D02707068354190F003C17D219B6BB8B148FFFFFFFFFFC9FFF00029A161CE242BA2E4071D377
0F35DD27071C8354180F005017D22DB6BB8B03FFFFFFFFFFFCAFFF0002A7161CE242BA2E4071C38F
0F35CD2706FC8354190F006917D23EB6CB8B03FFFFFFFFFFFCAFFF0002BF161CE142BA2D4071C3A7
0F35B42706E08354220F002017D200B6CB8B03FFFFFFFFFFFC9FFF0002CF161CE142BA2D4071C3BF
0F359F2706B683542D0F002117D203B6BB8B03FFFFFFFFFFFC9FFF0002D4161CE142BA2D4071C3D7
0F35DB2707188354260F005E17D236B6BB8C03FFFFFFFFFFFC9FFF0002DC161CE142BA2D4071C3EF
0F361727077A8354150F007217D249B6CB8B04BFFFFFFFFFFCAFFF0002E9161CE142BA2C4071C307
0F35F42707408354170F008517D258B6BB8B8D2FFFFFFFFFFC9FFF0002E4161CE142BA2C4071C31F
0F36032707598354220F007517D24DB6BB8B3B7FFFFFFFFFFCAFFF0002E8161CE142BA2C4071C337
0F35BB2706E683542A0F004617D221B6BB8B03FFFFFFFFFFFCAFFF0002E1161CE042BA2C4071C34F
0F35FB2707508354350F004017D223B6BB8B03FFFFFFFFFFFCBFFF0002D0161CE042BA2B4071C367
0F360C2707678354320F008317D258B6BB8C03FFFFFFFFFFFCAFFF0002C5161CE042BA2B4071C37F
0F35EF27073C83541A0F006917D242B6BB8B03FFFFFFFFFFFCAFFF0002B7161CE042BA2B4071B397
0F35DB2707198354140F006517D23EB6BB8C643FFFFFFFFFFCAFFF0002AE161CE042BA2B4071C3AF
0F35A72706C58354280F004217D222B6AB8C307FFFFFFFFFFCAFFF000297161CE042BA2A4071C3C7
0F35A12706BE8354370F001617D1FCB6BB8C03FFFFFFFFFFFCAFFF000291161CE042BA2A4071C3DF
0F358A27069483542D0F000917D1ECB6BB8B043FFFFFFFFFFCAFFF00027F161CDF42BA2A4071B3F7
0F358A27069A8354250F000217D1E7B6DB8B4B2FFFFFFFFFFCAFFF00027D161CDF42BA2A4071B30F
0F35BE2706EE8354360F002417D209B6DB8B98DFFFFFFFFFFCBFFF000272161CDF42BA294071B327
0F35882706948354470F001017D1F5B6DB8B03FFFFFFFFFFFCAFFF00027B161CDF42BA294071B33F
0F35B82706E88354300F002917D20AB6CB8C03FFFFFFFFFFFC9FFF000272161CDF42BA294071B357
0F35CA2706FD83541E0F003F17D21DB6CB8C03FFFFFFFFFFFC9FFF00028A161CDF42BA284071B36F
0F35C52706FA8354310F004017D21DB6BB8C03FFFFFFFFFFFCAFFF00028C161CDE42BA284071B387
0F35BF2706EB8354310F002C17D20BB6BB8D03FFFFFFFFFFFCAFFF0002AD161CDE42BA284071B39F
0F35B62706DE8354380F004417D221B6BB8D03FFFFFFFFFFFCAFFF0002BF161CDE42BA284071B3B7
0F357E27068883544A0F000417D1EBB6BB8C03FFFFFFFFFFFCAFFF0002D1161CDE42BA274071A3CF
0F35BE2706ED8354470F002917D20BB6BB8B03FFFFFFFFFFFCBFFF0002E1161CDE42BA274071A3E7
0F35BF2706ED83542F0F004317D220B6BB8B03FFFFFFFFFFFCAFFF0002E7161CDE42BA274071A3FF
0F35B82706E68354210F003317D212B6BB8B03FFFFFFFFFFFCAFFF0002F8161CDE42BA274071A317
0F35E127072283542B0F005117D22FB6CB8B03FFFFFFFFFFFCAFFF0002FC161CDD42BA264071B32F
0F35922706A38354380F001D17D1FFB6BB8C03FFFFFFFFFFFC9FFF0002F8161CDD42BA264071B347
0F35AF2706D48354400F002317D208B6CB8C03FFFFFFFFFFFCAFFF0002ED161CDD42BA264071A35F
0F35AE2706D68354410F001D17D201B6CB8C03FFFFFFFFFFFCBFFF0002D8161CDD42BA264071A377
0F35BD2706E88354370F003017D20FB6CB8C03FFFFFFFFFFFCBFFF0002D0161CDD42BA254071A38F
0F35BA2706E68354310F003617D214B6CB8C03FFFFFFFFFFFCAFFF0002BB161CDD42BA254071A3A7
0F35AE2706CD8354310F003017D20EB6AB8B03FFFFFFFFFFFCAFFF0002B4161CDD42BA254071A3BF
0F35AC2706D28354260F002C17D20AB6AB8B03FFFFFFFFFFFCAFFF000298161CDC42BA244071A3D7
0F35B22706D88354200F003417D212B6CB8B03FFFFFFFFFFFC9FFF00029B161CDC42BA244071A3EF
0F357F27068583542D0F000817D1EEB6BB8C03FFFFFFFFFFFC9FFF000293161CDC42BA244071A307
0F358C2706A18354390EFFFD17D1E5B6AB8C03FFFFFFFFFFFCAFFF000290161CDC42BA244071A31F
0F35B32706E08354350F001E17D200B6DB8C03FFFFFFFFFFFC9FFF00028D161CDC42BA234071A337
0F35BD2706E78354320F003A17D218B6EB8B03FFFFFFFFFFFC9FFF00028D161CDC42BA234071A34F
0F35A72706C683542A0F002C17D20BB6EB8C03FFFFFFFFFFFCBFFF0002A1161CDB42BA234071A367
0F35BF2706EA8354200F004217D21EB6EB8C03FFFFFFFFFFFCAFFF0002A2161CDB42BA234071A37F
0F35A72706C883542E0F002117D204B6DB8C03FFFFFFFFFFFCAFFF0002C2161CDB42BA224071A397
0F35902706A383543A0F001417D1F7B6DB8C03FFFFFFFFFFFCAFFF0002D4161CDB42BA224071A3AF
0F35B02706D48354370F002217D206B6EB8D03FFFFFFFFFFFCAFFF0002E6161CDB42BA224071A3C7
0F359027069D8354360F001A17D1FBB6DB8D03FFFFFFFFFFFCAFFF0002F5161CDB42BA214071A3DF
0F358227069083543D0F000217D1EAB6DB8C03FFFFFFFFFFFCAFFF000300161CDB42BA21407193F7
0F35962706AB8354440F001717D1FAB6DB8B03FFFFFFFFFFFCAFFF0002FE161CDA42BA214071930F
0F357D2706888354440F000117D1E6B6DB8B03FFFFFFFFFFFCAFFF0002FD161CDA42BA2140719327
0F357827067B8354390EFFF417D1DAB6DB8A03FFFFFFFFFFFCAFFF0002F5161CDA42BA204071933F
0F35902706A58354370F000317D1E9B6CB8A03FFFFFFFFFFFCAFFF0002FE161CDA42BA2040719357
0F358E27069E8354400F000B17D1F0B6CB8B03FFFFFFFFFFFCAFFF0002ED161CDA42BA204071836F
0F357E2706858354420EFFF617D1DEB6CB8B03FFFFFFFFFFFCAFFF0002F9161CDA42BA2040719387
0F357927067F83544B0EFFF117D1DCB6BB8B03FFFFFFFFFFFCAFFF0002F8161CDA42BA1F4071939F
0F35762706798354520EFFEF17D1D8B6BB8C03FFFFFFFFFFFCBFFF0002F1161CD942BA1F407193B7
0F35882706948354450F000917D1EDB6BB8D03FFFFFFFFFFFCBFFF0002FA161CD942BA1F407193CF
0F35BB2706EB8354350F001317D1F8B6BB8D03FFFFFFFFFFFC9FFF0002F7161CD942BA1E407183E7
0F35C02706F08354410F002D17D210B6BB8D03FFFFFFFFFFFC9FFF000301161CD942BA1E407183FF
0F356D27066883544E0F000717D1EBB6BB8D03FFFFFFFFFFFCAFFF0002FE161CD942BA1E40718317
0F356F27066D8354480EFFD317D1BDB6BB8D03FFFFFFFFFFFC9FFF00030F161CD942BA1E4071832F
0F35AC2706D38354400F002417D206B6BB8C03FFFFFFFFFFFC9FFF000303161CD942BA1D40718347
0F35BB2706E88354470F003017D211B6BB8C03FFFFFFFFFFFCAFFF000313161CD842BA1D4071935F
0F35B12706D68354450F003517D213B6CB8C03FFFFFFFFFFFCAFFF00030E161CD842BA1D40718377
0F35DC27071D83543E0F004E17D22BB6BB8D03FFFFFFFFFFFC9FFF000315161CD842BA1D4071838F
0F35E427072E8354440F005A17D235B6BB8D03FFFFFFFFFFFC9FFF000314161CD842BA1C407183A7
0F35CC2707048354490F005617D234B6AB8D03FFFFFFFFFFFCBFFF00030C161CD842BA1C407183BF
0F35A82706C88354510F002F17D212B6AB8C03FFFFFFFFFFFCBFFF00030B161CD842BA1C407183D7
0F35AB2706D48354460F004317D222B6AB8C03FFFFFFFFFFFC9FFF000311161CD842BA1C407183EF
0F35F027073C8354370F006A17D243B6AB8B03FFFFFFFFFFFC9FFF00030A161CD742BA1B40718307
0F361827077C83543A0F007B17D252B6AB8B03FFFFFFFFFFFCAFFF000310161CD742BA1B4071831F
0F35E227071F8354490F006917D243B6AB8A03FFFFFFFFFFFCAFFF00030D161CD742BA1B40718337
0F35952706AB8354590F001D17D202B6CB8B03FFFFFFFFFFFCAFFF000305161CD742BA1A4071834F
0F359C2706B98354570F001517D1FBB6DB8B03FFFFFFFFFFFCAFFF0002F8161CD742BA1A40718367
0F35E427072983543C0F004D17D22BB6DB8C03FFFFFFFFFFFCAFFF0002EA161CD742BA1A4071837F
0F360227075983542E0F007A17D251B6DB8C03FFFFFFFFFFFC9FFF0002DD161CD642BA1A40718397
0F35B22706DB8354450F004A17D226B6CB8D03FFFFFFFFFFFC9FFF0002C7161CD642BA19407183AF
0F359A2706B88354510F001117D1F8B6CB8D03FFFFFFFFFFFC9FFF0002BB161CD642BA19407183C7
0F360227075C8354500F007217D24AB6CB8D03FFFFFFFFFFFC9FFF0002AA161CD642BA19407173DF
0F35CD2707048354520F005317D22DB6DB8C03FFFFFFFFFFFCAFFF00029D161CD642BA19407183F7
0F35D027070B83544A0F004417D222B6CB8C03FFFFFFFFFFFCAFFF000292161CD642BA184071730F
0F362F2707A18354400F008617D25CB6BB8C03FFFFFFFFFFFCAFFF000289161CD642BA1840718327
0F35E627072D83544F0F007717D251B6BB8C03FFFFFFFFFFFC9FFF000278161CD542BA184071733F
0F35C42706F38354590F004917D22AB6BB8D03FFFFFFFFFFFC9FFF00026F161CD542BA1840717357
0F35DE27072183544C0F007F17D254B6CB8C03FFFFFFFFFFFCAFFF00026D161CD542BA174071836F
0F36302707A483544C0F009E17D273B6CB8C03FFFFFFFFFFFCAFFF000275161CD542BA1740717387
0F360E2707698354610F008017D25BB6BB8C03FFFFFFFFFFFCAFFF000271161CD542BA174071739F
0F362F2707A58354600F009617D26BB6BB8C03FFFFFFFFFFFC9FFF00027C161CD542BA17407173B7
0F362C2707A08354480F00C617D294B6AB8C03FFFFFFFFFFFC9FFF00027B161CD542BA16407173CF
0F36432707C083544C0F00C617D297B6BB8C03FFFFFFFFFFFCAFFF000285161CD442BA16407173E7
0F35EA27073683545B0F007617D24FB6DB8B03FFFFFFFFFFFCAFFF000298161CD442BA16407173FF
0F361B2707878354520F008E17D266B6CB8C03FFFFFFFFFFFCAFFF0002A7161CD442BA1540716317
0F35B32706D983544D0F005717D232B6DB8C03FFFFFFFFFFFCAFFF0002B3161CD442BA154071732F
0F35C12706F98354570F002E17D213B6CB8B03FFFFFFFFFFFCAFFF0002BF161CD442BA1540716347
0F35FE2707558354510F007817D250B6DB8A03FFFFFFFFFFFCAFFF0002C8161CD442BA154071635F
0F35E127072783544A0F006917D242B6FB8B03FFFFFFFFFFFCAFFF0002C5161CD442BA1440716377
0F35D927071D8354570F005517D236B6EB8B03FFFFFFFFFFFCAFFF0002C2161CD342BA144071638F
0F35D62707158354560F004C17D22AB6CB8B03FFFFFFFFFFFC9FFF0002C1161CD342BA14407163A7
0F35F827074C8354440F007617D24EB6CB8B03FFFFFFFFFFFC9FFF0002B2161CD342BA14407163BF
0F35BB2706E783543D0F005D17D237B6CB8B03FFFFFFFFFFFC9FFF0002A4161CD342BA13407163D7
0F35A12706BB83544C0F002E17D210B6EB8B03FFFFFFFFFFFCAFFF000282161CD342BA13407163EF
0F35982706B383545B0F000C17D1F4B6EB8B03FFFFFFFFFFFC9FFF00027A161CD342BA1340716307
0F359E2706B98354530F001217D1F6B6DB8B03FFFFFFFFFFFC9FFF000267161CD342BA134071631F
0F359C2706B983544E0F003517D216B6DB8C03FFFFFFFFFFFCBFFF00024F161CD242BA1240716337
0F35BE2706EF8354470F003217D213B6CB8C03FFFFFFFFFFFCAFFF000248161CD242BA124071634F
0F35B92706E383543B0F003D17D21AB6CB8C03FFFFFFFFFFFCAFFF00023F161CD242BA1240716367
0F35992706B683544A0F001617D1FBB6CB8C03FFFFFFFFFFFC9FFF000230161CD242BA114071637F
0F35972706AF83545B0F001117D1F8B6CB8C03FFFFFFFFFFFC9FFF000230161CD242BA1140716397
0F359A2706B88354500F001517D1FAB6DB8C03FFFFFFFFFFFC9FFF00022F161CD242BA11407163AF
0F35BC2706EC83544C0F003017D211B6DB8B03FFFFFFFFFFFC9FFF000236161CD242BA11407153C7
0F35BE2706ED8354560F002F17D210B6BB8C03FFFFFFFFFFFCAFFF00023D161CD142BA11407163DF
0F357B2706848354560F000E17D1F1B6BB8B03FFFFFFFFFFFC9FFF000256161CD142BA10407163F7
0F35C22706F58354480F002417D207B6BB8B03FFFFFFFFFFFC9FFF000263161CD142BA104071630F
0F35C92706F883543E0F004A17D227B6BB8B03FFFFFFFFFFFCAFFF000269161CD142BA1040716327
0F35A22706C28354480F001817D1FDB6BB8C03FFFFFFFFFFFCAFFF00027F161CD142BA0F4071633F
0F35B22706D88354590F002617D20AB6CB8C03FFFFFFFFFFFC9FFF00027A161CD142BA0F40715357
0F35A42706C38354640F002717D20AB6BB8C03FFFFFFFFFFFC9FFF00027C161CD142BA0F4071536F
0F35A02706C483545C0F001317D1F8B6CB8C03FFFFFFFFFFFC9FFF000268161CD042BA0F40716387
0F35AA2706CE8354410F002917D20AB6CB8D03FFFFFFFFFFFC9FFF00025D161CD042BA0F4071539F
0F35A82706CD8354370F001817D1FCB6DB8D03FFFFFFFFFFFCAFFF000247161CD042BA0E407163B7
0F35D427070F83544B0F003917D219B6CB8C03FFFFFFFFFFFCAFFF000224161CD042BA0E407153CF
0F35A12706C083545B0F002C17D20EB6CB8B03FFFFFFFFFFFC9FFF00020A161CD042BA0E407153E7
0F35B42706DE8354580F002E17D20FB6CB8C03FFFFFFFFFFFC8FFF0001E7161CD042BA0E407153FF
0F35B22706DB8354540F002717D209B6BB8C03FFFFFFFFFFFCAFFF0001C3161CCF42BA0D40715317
0F359E2706C083545B0F002417D207B6BB8C03FFFFFFFFFFFCAFFF0001B5161CCF42BA0D4071532F
0F35CA2707028354570F003717D216B6BB8D03FFFFFFFFFFFCAFFF00019F161CCF42BA0D40714347
0F35A62706C883544C0F003117D210B6BB8C03FFFFFFFFFFFCBFFF000199161CCF42BA0C4071435F
0F35AE2706D98354460F002F17D211B6CB8C03FFFFFFFFFFFCAFFF000193161CCF42BA0C40715377
0F35A82706C983544F0F002E17D211B6CB8B03FFFFFFFFFFFCBFFF000187161CCF42BA0C4071538F
0F359A2706B98354660F002317D209B6DB8B03FFFFFFFFFFFCAFFF00018B161CCF42BA0C407143A7
0F35742706778354670EFFEC17D1D7B6DB8C03FFFFFFFFFFFCAFFF000185161CCE42BA0C407143BF
0F358C27069D83545A0F000D17D1F2B6CB8D03FFFFFFFFFFFC9FFF000188161CCE42BA0B407143D7
0F35A02706BC8354570F000617D1EDB6DB8D03FFFFFFFFFFFC9FFF000185161CCE42BA0B407143EF
0F35D62707168354570F003C17D21BB6DB8D03FFFFFFFFFFFCAFFF000193161CCE42BA0B40714307
0F35DE27072083544F0F005617D232B6DB8D03FFFFFFFFFFFCAFFF000190161CCE42BA0B4071431F
0F35B52706E38354590F004417D222B6CB8C03FFFFFFFFFFFC9FFF000198161CCE42BA0A40714337
0F35912706A68354640F000617D1EFB6CB8B03FFFFFFFFFFFC9FFF00019A161CCE42BA0A4071434F
0F359B2706BA83546D0F000E17D1F8B6BB8B03FFFFFFFFFFFC9FFF000194161CCD42BA0A40714367
0F357427067783546F0EFFFE17D1E7B6BB8B03FFFFFFFFFFFCAFFF00019C161CCD42BA0A4071437F
0F359F2706BF8354670EFFFD17D1E5B6CB8B03FFFFFFFFFFFCBFFF00018D161CCD42BA0940714397
0F35992706B683546A0F001117D1F8B6CB8D03FFFFFFFFFFFCAFFF00019B161CCD42BA09407143AF
0F358E27069D83546A0F000F17D1F5B6CB8D03FFFFFFFFFFFC9FFF000189161CCD42BA09407143C7
0F357827068083546B0EFFF017D1DDB6EB8D03FFFFFFFFFFFC9FFF000195161CCD42BA09407133DF
0F356827066983547C0EFFEC17D1D8B6DB8C03FFFFFFFFFFFCBFFF000192161CCC42BA08407143F7
0F35652706638354810EFFE117D1CCB6DB8C03FFFFFFFFFFFCAFFF00018E161CCC42BA084071430F
0F356427066283547A0EFFDF17D1CCB6EB8C03FFFFFFFFFFFCAFFF00018A161CCC42BA0840714327
0F356627066D8354870EFFE117D1D1B6EB8C03FFFFFFFFFFFCAFFF000181161CCC42BA084071433F
0F35522706458354920EFFD417D1C2B6EB8C03FFFFFFFFFFFC9FFF000180161CCC42BA0740713357
0F355027064583547D0EFFC817D1B9B6DB8B03FFFFFFFFFFFCAFFF000182161CCC42BA074071436F
0F354B27063B8354720EFFCB17D1BBB6DB8C03FFFFFFFFFFFCAFFF00018D161CCB42BA0740713387
0F355227064983547F0EFFC717D1B7B6CB8C03FFFFFFFFFFFCBFFF00018C161CCB42BA074071339F
0F355527064983548C0EFFCD17D1BFB6DB8C03FFFFFFFFFFFCAFFF00019C161CCB42BA06407133B7
0F355227064C8354960EFFCA17D1BCB6DB8C03FFFFFFFFFFFCCFFF0001A5161CCB42BA06407133CF
0F355627064C83549C0EFFCE17D1BFB6CB8C03FFFFFFFFFFFC9FFF0001B0161CCB42BA06407143E7
0F354827063A83548A0EFFC317D1B7B6CB8C03FFFFFFFFFFFC9FFF0001C2161CCB42BA06407133FF
0F355727064F83547A0EFFCE17D1BEB6DB8B03FFFFFFFFFFFCAFFF0001D1161CCA42BA0640713317
0F355527064A8354850EFFCF17D1C1B6CB8B03FFFFFFFFFFFCAFFF0001F0161CCA42BA054071332F
0F354E27064183548D0EFFCC17D1BAB6CB8B03FFFFFFFFFFFCAFFF0001FE161CCA42BA0540713347
0F35632706628354830EFFD017D1BFB6CB8B03FFFFFFFFFFFCAFFF000216161CCA42BA054071335F
0F35642706658354890EFFDB17D1CAB6BB8C03FFFFFFFFFFFCAFFF000221161CCA42BA0540713377
0F35582706538354960EFFD217D1C4B6BB8D03FFFFFFFFFFFCAFFF00021F161CCA42BA044071338F
0F356127065D8354990EFFD417D1C5B6CB8D03FFFFFFFFFFFCAFFF00022A161CCA42BA04407133A7
0F35692706698354980EFFE717D1D5B6CB8D03FFFFFFFFFFFCAFFF00022E161CC942BA04407123BF
0F356927066C8354840EFFE817D1D3B6CB8D03FFFFFFFFFFFCAFFF000226161CC942BA04407133D7
0F35592706558354730EFFE217D1CFB6BB8D03FFFFFFFFFFFCAFFF00021C161CC942BA03407133EF
0F355427064A8354810EFFD017D1C0B6BB8D03FFFFFFFFFFFC9FFF000209161CC942BA0340712307
0F353827061B8354970EFFB917D1B0B6DB8D03FFFFFFFFFFFC9FFF0001FF161CC942BA034071231F
0F35482706378354980EFFC517D1B7B6DB8C03FFFFFFFFFFFC9FFF0001F0161CC942BA0340712337
0F353527061C8354910EFFBE17D1B1B6CB8D03FFFFFFFFFFFC9FFF0001E2161CC842BA024071234F
0F35462706388354930EFFC017D1B2B6BB8D03FFFFFFFFFFFCAFFF0001D8161CC842BA0240712367
0F355C2706598354860EFFC717D1B7B6CB8C03FFFFFFFFFFFCAFFF0001CF161CC842BA024071237F
0F357427068183547C0EFFE417D1D2B6DB8C03FFFFFFFFFFFC9FFF0001C5161CC842BA0240712397
0F35792706868354840EFFEC17D1DAB6DB8C03FFFFFFFFFFFC9FFF0001AE161CC842BA01407123AF
0F356A27066C8354910EFFE617D1D4B6DB8C03FFFFFFFFFFFCAFFF0001B6161CC842BA01407123C7
0F354B2706398354A00EFFCD17D1C2B6CB8C03FFFFFFFFFFFCAFFF0001B1161CC742BA01407123DF
0F35462706378354AB0EFFC717D1BBB6AB8C03FFFFFFFFFFFCAFFF0001A5161CC742BA01407123F7
0F354927063C8354A10EFFC217D1B7B6AB8C03FFFFFFFFFFFC9FFF0001A3161CC742BA004071230F
0F35522706478354880EFFC717D1B9B6BB8D03FFFFFFFFFFFCAFFF0001A4161CC742BA0040712327
0F356A27066E8354860EFFDB17D1CDB6CB8D03FFFFFFFFFFFCAFFF0001A1161CC742BA004071233F
0F35612706658354A30EFFD617D1CAB6CB8D03FFFFFFFFFFFCAFFF000194161CC742BA0040712357
0F355F27065C8354B00EFFD517D1C7B6DB8D03FFFFFFFFFFFCAFFF00018C161CC742B9FF4071236F
0F355D27065C8354A60EFFE117D1CEB6DB8D03FFFFFFFFFFFCAFFF00018C161CC642B9FF40711387
0F355227064B8354A70EFFC417D1B8B6CB8C03FFFFFFFFFFFCAFFF00018C161CC642B9FF4071139F
0F35692706718354A90EFFE117D1D0B6CB8C03FFFFFFFFFFFCAFFF000181161CC642B9FF407123B7
0F356827066B8354A50EFFE717D1D6B6BB8C03FFFFFFFFFFFCAFFF000185161CC642B9FE407123CF
0F356B2706768354AB0EFFDD17D1CDB6BB8C03FFFFFFFFFFFCAFFF00017A161CC642B9FE407113E7
0F356D2706718354AF0EFFE817D1D6B6DB8C03FFFFFFFFFFFCAFFF000180161CC642B9FE407123FF
0F356E2706748354A20EFFDB17D1CBB6CB8C03FFFFFFFFFFFCAFFF000177161CC542B9FE40711317
0F353E27062E8354AA0EFFCB17D1C1B6BB8C03FFFFFFFFFFFCAFFF000176161CC542B9FE4071132F
0F35322706178354BA0EFFB117D1A9B6BB8B03FFFFFFFFFFFCAFFF00017E161CC542B9FD40711347
0F353A2706288354B40EFFB317D1AAB6CB8C03FFFFFFFFFFFCAFFF000177161CC542B9FD4071135F
0F353D27062F8354B20EFFB517D1ABB6BB8C03FFFFFFFFFFFCAFFF00017E161CC542B9FD40711377
0F35442706358354BC0EFFC417D1B9B6DB8C03FFFFFFFFFFFCAFFF00017D161CC542B9FD4071138F
0F35402706328354B40EFFBB17D1B1B6DB8C03FFFFFFFFFFFCAFFF00017D161CC442B9FC407113A7
0F354D2706488354AB0EFFC317D1B6B6EB8D03FFFFFFFFFFFCBFFF000176161CC442B9FC407113BF
0F354A2706428354B80EFFC517D1BAB6DB8D03FFFFFFFFFFFCAFFF00017E161CC442B9FC407113D7
0F35542706538354C70EFFC217D1B9B6DB8D03FFFFFFFFFFFC9FFF00017E161CC442B9FC407113EF
0F355F2706618354BC0EFFDD17D1CEB6CB8D03FFFFFFFFFFFC9FFF000176161CC442B9FB40711307
0F35522706528354AE0EFFD317D1C6B6CB8C03FFFFFFFFFFFC9FFF000175161CC442B9FB4071131F
0F35332706218354C20EFFB617D1AEB6CB8C03FFFFFFFFFFFC9FFF00017A161CC342B9FB40711337
0F35412706308354C50EFFB417D1ACB6CB8B03FFFFFFFFFFFC9FFF00017A161CC342B9FB4071134F
0F352D2706178354B00EFFA017D19BB6CB8B03FFFFFFFFFFFCAFFF00017D161CC342B9FA40710367
0F355127064B8354AE0EFFBE17D1B5B6BB8B03FFFFFFFFFFFCAFFF00016F161CC342B9FA4071037F
0F353B27062D8354BE0EFFC017D1B6B6CB8C03FFFFFFFFFFFCAFFF00017E161CC342B9FA40710397
0F35452706398354C00EFFB117D1A9B6DB8B03FFFFFFFFFFFC9FFF00017F161CC342B9FA407103AF
0F354F2706488354B90EFFC917D1BDB6CB8C03FFFFFFFFFFFC8FFF000180161CC342B9FA407103C7
0F353327061B8354B30EFFBB17D1B1B6CB8B03FFFFFFFFFFFC9FFF000181161CC242B9F9407103DF
0F353C2706298354B60EFFBC17D1B3B6CB8C03FFFFFFFFFFFC9FFF00017C161CC242B9F9407103F7
0F352A27060F8354BC0EFFAE17D1A6B6DB8C03FFFFFFFFFFFC8FFF000186161CC242B9F94071030F
0F35252706068354BC0EFFA217D19EB6DB8B03FFFFFFFFFFFCAFFF000182161CC242B9F940710327
0F352827060B8354BB0EFF9F17D19AB6CB8B03FFFFFFFFFFFC9FFF00018C161CC242B9F84071033F
0F35212706018354B60EFFA017D199B6CB8B03FFFFFFFFFFFC9FFF00018E161CC242B9F840710357
0F353227061E8354B40EFFA617D19FB6DB8B03FFFFFFFFFFFC9FFF000188161CC142B9F84071036F
0F35402706338354BF0EFFB017D1AAB6DB8C03FFFFFFFFFFFC9FFF00018A161CC142B9F840710387
0F35372706218354BF0EFFB617D1ADB6DB8C03FFFFFFFFFFFC9FFF000193161CC142B9F74071039F
0F353F27062F8354B80EFFBA17D1B0B6DB8C03FFFFFFFFFFFC9FFF000192161CC142B9F7407103B7
0F353C27062B8354BD0EFFBC17D1B3B6CB8C03FFFFFFFFFFFC9FFF00018F161CC142B9F7407103CF
0F35402706328354C70EFFB717D1AFB6CB8C03FFFFFFFFFFFC9FFF000186161CC142B9F7407103E7
0F353327061D8354CF0EFFAD17D1A8B6CB8C03FFFFFFFFFFFC9FFF00018E161CC042B9F6407103FF
0F353F27062E8354D60EFFBA17D1B5B6CB8C03FFFFFFFFFFFC9FFF000187161CC042B9F640710317
0F352B2706168354D60EFFA717D1A3B6CB8C03FFFFFFFFFFFC9FFF00018D161CC042B9F64071032F
0F35122705ED8354D00EFFA117D19BB6CB8C03FFFFFFFFFFFC9FFF00018A161CC042B9F640710347
0F35112705EC8354CF0EFF8B17D18AB6CB8C03FFFFFFFFFFFC9FFF000189161CC042B9F64071035F
0F35102705E98354D60EFF8D17D18CB6EB8C03FFFFFFFFFFFC9FFF000188161CC042B9F540710377
0F350F2705E98354DC0EFF8717D189B6DB8B03FFFFFFFFFFFCAFFF00017F161CBF42B9F54071038F
0F351C2705FA8354E50EFF9617D195B6CB8B03FFFFFFFFFFFC9FFF00017D161CBF42B9F5407103A7
0F351E2706008354ED0EFF9017D191B6CB8C03FFFFFFFFFFFC9FFF000182161CBF42B9F5407103BF
0F35262706128354E90EFF9B17D197B6EB8D03FFFFFFFFFFFCAFFF00017A161CBF42B9F44070F3D7
0F354F27064B8354DD0EFFB617D1B1B6DB8D03FFFFFFFFFFFCAFFF000182161CBF42B9F4407103EF
0F35282706108354E10EFFB917D1B1B6EB8D03FFFFFFFFFFFCAFFF000179161CBF42B9F440710307
0F351A2705FD8354E70EFF9617D194B6EB8C03FFFFFFFFFFFCAFFF00017F161CBE42B9F44070F31F
0F353327061C8354E60EFFB617D1AFB6DB8C03FFFFFFFFFFFCAFFF00017F161CBE42B9F340710337
0F351A2705FF8354F40EFF8D17D190B6DB8B03FFFFFFFFFFFCAFFF00017E161CBE42B9F34070F34F
0F34FF2705D38355070EFF8617D18AB6CB8C03FFFFFFFFFFFCAFFF000176161CBE42B9F34070F367
0F35072705DE8354F10EFF7F17D182B6CB8D03FFFFFFFFFFFCAFFF00017E161CBE42B9F34070E37F
0F352327060D8354DB0EFF9C17D199B6CB8D03FFFFFFFFFFFCBFFF00017E161CBE42B9F34070F397
0F35182705FC8354F10EFF9617D197B6CB8D03FFFFFFFFFFFCAFFF000177161CBE42B9F24070F3AF
0F35012705D68354FA0EFF7E17D181B6DB8D03FFFFFFFFFFFC9FFF00017F161CBD42B9F24070F3C7
0F352E27061A8354EF0EFF9317D193B6DB8C03FFFFFFFFFFFC9FFF00017E161CBD42B9F24070F3DF
0F352427060E8354F30EFFA617D1A5B6DB8C03FFFFFFFFFFFCAFFF00017E161CBD42B9F24070E3F7
0F35182705F98354FC0EFF9C17D19AB6EB8D03FFFFFFFFFFFCAFFF00017E161CBD42B9F14070F30F
0F352F27061E8354F50EFFA417D1A0B6EB8E03FFFFFFFFFFFCAFFF00017E161CBD42B9F14070E327
0F352C2706198354E70EFFB617D1AEB6DB8D03FFFFFFFFFFFCAFFF00017E161CBD42B9F14070F33F
0F352C2706198354EF0EFFA717D1A6B6EB8D03FFFFFFFFFFFC9FFF00017D161CBC42B9F14070E357
0F35052705DE8355050EFF9617D197B6DB8C03FFFFFFFFFFFC9FFF00017D161CBC42B9F04070E36F
0F35002705D58354F50EFF7B17D17DB6DB8C03FFFFFFFFFFFC9FFF00017E161CBC42B9F04070E387
0F352627060E8354EA0EFF8D17D18DB6CB8C03FFFFFFFFFFFCAFFF00017E161CBC42B9F04070E39F
0F351C2706038354FF0EFF9617D198B6DB8C03FFFFFFFFFFFCAFFF000177161CBC42B9F04070E3B7
0F35212706078354F60EFFA417D1A2B6DB8C03FFFFFFFFFFFCBFFF00016F161CBC42B9EF4070E3CF
0F351E2706048354DF0EFFAB17D1A7B6DB8B03FFFFFFFFFFFC9FFF000176161CBB42B9EF4070E3E7
0F353327062A8354F30EFFA117D1A1B6DB8B03FFFFFFFFFFFC9FFF00016D161CBB42B9EF4070E3FF
0F352827061383550B0EFFAC17D1A9B6CB8C03FFFFFFFFFFFCAFFF00017D161CBB42B9EF4070E317
0F351A2706008355090EFF9D17D19DB6CB8B03FFFFFFFFFFFCAFFF00017E161CBB42B9EE4070E32F
0F353D2706388354FD0EFFC917D1C1B6CB8B03FFFFFFFFFFFC9FFF00017F161CBB42B9EE4070E347
0F35482706458354F90EFFC417D1BDB6CB8B03FFFFFFFFFFFC9FFF000180161CBB42B9EE4070E35F
0F356127066F8354FD0EFFD617D1CFB6CB8B03FFFFFFFFFFFC9FFF00017F161CBB42B9EE4070E377
0F35202706088355040EFFA917D1A7B6DB8C03FFFFFFFFFFFCAFFF00017E161CBA42B9ED4070E38F
0F353827062B83550E0EFFA217D1A5B6EB8C03FFFFFFFFFFFC9FFF00017E161CBA42B9ED4070E3A7
0F354427064283551C0EFFB117D1AFB6EB8C03FFFFFFFFFFFCAFFF00017E161CBA42B9ED4070E3BF
0F356027066D83551F0EFFD317D1CBB6DB8C03FFFFFFFFFFFCAFFF00017E161CBA42B9ED4070E3D7
0F355E27066A83551B0EFFDD17D1D3B6DB8C03FFFFFFFFFFFCAFFF00017F161CBA42B9ED4070E3EF
0F354827064A8355170EFFD017D1C9B6CB8C03FFFFFFFFFFFCBFFF000180161CBA42B9EC4070E307
0F354B2706508355120EFFC417D1BFB6BB8C03FFFFFFFFFFFC9FFF000180161CB942B9EC4070D31F
0F353C2706338355170EFFBC17D1B9B6CB8C03FFFFFFFFFFFC9FFF000179161CB942B9EC4070E337
0F352027060D8355220EFFAA17D1A9B6CB8D03FFFFFFFFFFFCAFFF00017E161CB942B9EC4070E34F
0F351A27060483552F0EFF9217D198B6CB8D03FFFFFFFFFFFCAFFF000170161CB942B9EB4070D367
0F35262706138355350EFF9D17D19FB6DB8C03FFFFFFFFFFFCAFFF00017F161CB942B9EB4070D37F
0F35182706018355310EFF9917D19CB6DB8C03FFFFFFFFFFFCAFFF000177161CB942B9EB4070E397
0F35112705FA8355370EFF9017D194B6DB8C03FFFFFFFFFFFC9FFF00017F161CB942B9EB4070D3AF
0F352927061D8355340EFF9817D19BB6DB8C03FFFFFFFFFFFC9FFF000181161CB842B9EA4070D3C7
0F353827062E8355250EFFB317D1B1B6EB8B03FFFFFFFFFFFCAFFF00017A161CB842B9EA4070D3DF
0F354927064F83552D0EFFBA17D1BAB6DB8B858FFFFFFFFFFCBFFF000180161CB842B9EA4070D3F7
0F353E2706438355450EFFB617D1B7B6CB8C438FFFFFFFFFFCBFFF000170161CB842B9EA4070D30F
0F35262706168355470EFFAB17D1ACB6CB8C03FFFFFFFFFFFCAFFF000180161CB842B9E94070D327
0F353327062A83553E0EFFB017D1B0B6CB8C03FFFFFFFFFFFCAFFF000181161CB842B9E94070D33F
0F351927060683554A0EFF9B17D1A0B6DB8D03FFFFFFFFFFFC9FFF000181161CB742B9E94070D357
0F352C27062583554D0EFF9D17D1A2B6EB8D03FFFFFFFFFFFC9FFF00017D161CB742B9E94070D36F
0F354827064E8355380EFFBB17D1B9B6EB8D6C7FFFFFFFFFFCAFFF00017E161CB742B9E84070C387
0F354527064A8355350EFFB917D1B9B6FB8C3A8FFFFFFFFFFC9FFF000180161CB742B9E84070C39F
0F354027064583554C0EFFBB17D1BCB6FB8C624FFFFFFFFFFC9FFF00017A161CB742B9E84070D3B7
0F35432706458355520EFFB817D1B9B6EB8B6B2FFFFFFFFFFCAFFF000181161CB742B9E84070D3CF
0F354B2706548355470EFFC417D1C2B6EB8C03FFFFFFFFFFFCAFFF000179161CB742B9E74070D3E7
0F354C2706558355480EFFC017D1C0B6EB8C03FFFFFFFFFFFC9FFF000179161CB642B9E74070C3FF
0F353D27064083554D0EFFC417D1C1B6CB8C03FFFFFFFFFFFC9FFF000181161CB642B9E74070C317
0F35492706528355480EFFBF17D1BEB6DB8D03FFFFFFFFFFFC9FFF00017F161CB642B9E74070C32F
0F355027065A83554A0EFFC717D1C5B6EB8C500FFFFFFFFFFC8FFF000180161CB642B9E64070C347
0F355C2706708355510EFFDA17D1D6B6DB8C620FFFFFFFFFFC8FFF00017C161CB642B9E64070C35F
0F355527066283554C0EFFDB17D1D7B6DB8C03FFFFFFFFFFFC9FFF000180161CB642B9E64070C377
0F35352706338355440EFFCE17D1CAB6EB8C03FFFFFFFFFFFCAFFF000182161CB542B9E64070C38F
0F35342706338355570EFFB317D1B9B6DB8B03FFFFFFFFFFFC9FFF00017A161CB542B9E54070C3A7
0F353D27063D8355620EFFB517D1B7B6CB8B03FFFFFFFFFFFC9FFF000181161CB542B9E54070C3BF
0F354727064C83554F0EFFC717D1C6B6DB8C369FFFFFFFFFFC9FFF000182161CB542B9E54070C3D7
0F354627064C8355490EFFC617D1C5B6CB8D528FFFFFFFFFFC9FFF00017C161CB542B9E54070C3EF
0F353D2706458355650EFFB717D1BBB6BB8D03FFFFFFFFFFFCAFFF000183161CB542B9E44070C307
0F353D27063F8355610EFFBE17D1BFB6BB8D03FFFFFFFFFFFCAFFF00017C161CB442B9E44070C31F
0F355027065F8355420EFFD417D1D0B6BB8C03FFFFFFFFFFFCAFFF000183161CB442B9E44070C337
0F354C27065A83554A0EFFC417D1C7B6BB8C03FFFFFFFFFFFC9FFF000183161CB442B9E34070C34F
0F355027065F8355660EFFC517D1C7B6CB8B11CFFFFFFFFFFCAFFF00017B161CB442B9E34070C367
0F35552706698355670EFFCC17D1CCB6CB8CA42FFFFFFFFFFCAFFF000184161CB442B9E34070C37F
0F354B2706578355570EFFC817D1C7B6CB8C1C5FFFFFFFFFFCAFFF000177161CB442B9E34070C397
0F35512706628355590EFFCD17D1CCB6DB8C03FFFFFFFFFFFCAFFF000184161CB342B9E24070B3AF
0F354F27065A8355570EFFC717D1C5B6CB8C03FFFFFFFFFFFCAFFF000184161CB342B9E24070C3C7
0F35542706688355460EFFCE17D1CBB6CB8C03FFFFFFFFFFFCAFFF000184161CB342B9E24070C3DF
0F355C27067083554E0EFFD117D1D2B6CB8C0CEFFFFFFFFFFCAFFF000185161CB342B9E24070B3F7
0F355527066983556D0EFFCF17D1CFB6CB8C879FFFFFFFFFFC9FFF000184161CB342B9E14070C30F
0F355C2706718355650EFFD317D1D1B6BB8C18FFFFFFFFFFFCAFFF00017C161CB342B9E14070B327
0F356327067D83554F0EFFE317D1DEB6AB8C03FFFFFFFFFFFC9FFF00017D161CB242B9E14070C33F
0F355627066E8355600EFFD117D1D2B6CB8C03FFFFFFFFFFFC9FFF000177161CB242B9E14070B357
0F35532706658355610EFFD417D1D0B6EB8C03FFFFFFFFFFFCBFFF000186161CB242B9E04070B36F
0F357127069483554D0EFFE317D1DDB6DB8B065FFFFFFFFFFCAFFF00017D161CB242B9E04070B387
0F357527069A8355530EFFEB17D1E9B6DB8B59CFFFFFFFFFFCAFFF000180161CB242B9E04070B39F
0F354F27065C8355620EFFE017D1DEB6DB8BAE4FFFFFFFFFFCAFFF000183161CB242B9E04070B3B7
0F354D27065A83555E0EFFC417D1C4B6EB8C03FFFFFFFFFFFC9FFF000178161CB242B9DF4070B3CF
0F357A27069F8355560EFFE817D1E2B6DB8C03FFFFFFFFFFFC9FFF000186161CB142B9DF4070B3E7
0F357A27069E8355530EFFFD17D1F4B6DB8B03FFFFFFFFFFFCAFFF000180161CB142B9DF4070B3FF
0F356F2706928355500EFFEC17D1E7B6DB8B05EFFFFFFFFFFC9FFF000187161CB142B9DF4070B317
0F35742706988355540EFFEB17D1E6B6DB8B4EAFFFFFFFFFFC9FFF000181161CB142B9DE4070A32F
0F356E27068D8355540EFFEE17D1E7B6CB8BA5EFFFFFFFFFFCAFFF000186161CB142B9DE4070A347
0F357127068F8355570EFFE917D1E5B6CB8B03FFFFFFFFFFFCAFFF000186161CB142B9DE4070B35F
0F356C27068A83555D0EFFE717D1E4B6CB8B03FFFFFFFFFFFCAFFF000188161CB042B9DE4070B377
0F356C27068883555E0EFFE717D1E3B6DB8B03FFFFFFFFFFFCAFFF000182161CB042B9DD4070A38F
0F357E2706AB8355560EFFF817D1F1B6DB8B055FFFFFFFFFFC9FFF000189161CB042B9DD4070A3A7
0F355B2706738355540EFFE517D1E0B6DB8B4C6FFFFFFFFFFC9FFF000188161CB042B9DD4070A3BF
0F357227069883555C0EFFDF17D1E0B6CB8CA00FFFFFFFFFFC8FFF000182161CB042B9DD4070A3D7
0F357D2706A38355620EFFF517D1F1B6CB8C03FFFFFFFFFFFCAFFF000187161CB042B9DC4070A3EF
0F356F2706968355650EFFEA17D1E8B6DB8C03FFFFFFFFFFFCBFFF000189161CB042B9DC4070A307
0F357127069583556C0EFFED17D1EBB6EB8B03FFFFFFFFFFFCAFFF00018A161CAF42B9DC4070A31F
0F357E2706AA8355530EFFF617D1EFB6DB8C03FFFFFFFFFFFCAFFF000183161CAF42B9DB4070A337
0F35902706C48355430EFFFF17D1F8B6CB8C3F8FFFFFFFFFFCAFFF00018A161CAF42B9DB4070A34F
0F35862706B983556A0EFFF617D1F6B6CB8C9DEFFFFFFFFFFCAFFF000184161CAF42B9DB4070A367
0F357F2706AC83557E0EFFFE17D1F9B6CB8D03FFFFFFFFFFFCAFFF000189161CAF42B9DB4070A37F
0F35832706B28355620EFFFD17D1F6B6CB8D03FFFFFFFFFFFCAFFF00018B161CAF42B9DB4070A397
0F35882706BC8355510EFFFF17D1F9B6DB8B03FFFFFFFFFFFCAFFF00018B161CAE42B9DA4070A3AF
0F35892706BD83555D0F000317D1FCB6CB8B03FFFFFFFFFFFC9FFF000186161CAE42B9DA4070A3C7
0F35852706B58355600F000017D1F8B6CB8B2A7FFFFFFFFFFC9FFF000190161CAE42B9DA4070A3DF
0F35812706AE8355530EFFF717D1F1B6BB8B81DFFFFFFFFFFCAFFF00018F161CAE42B9D94070A3F7
0F35912706C583555D0F000317D1FEB6AB8B03FFFFFFFFFFFCBFFF000187161CAE42B9D94070A30F
0F35902706C48355690F000717D201B6BB8B03FFFFFFFFFFFCAFFF00018E161CAE42B9D94070A327
0F35852706B383555B0F000717D1FFB6BB8B03FFFFFFFFFFFCAFFF000188161CAE42B9D94070A33F
0F359E2706DC8355570F000E17D206B6CB8B03FFFFFFFFFFFCAFFF00018A161CAD42B9D840709357
0F358C2706C18355670F000A17D202B6BB8C263FFFFFFFFFFC9FFF00018E161CAD42B9D84070936F
0F35942706CA8355540F000F17D206B6CB8C7D4FFFFFFFFFFC9FFF000199161CAD42B9D84070A387
0F35B22706FC8355360F002517D218B6CB8C281FFFFFFFFFFCAFFF00019C161CAD42B9D74070939F
0F35B42706FE83554C0F002617D21CB6CB8CAEEFFFFFFFFFFCAFFF000196161CAD42B9D74070A3B7
0F35A62706EB83556F0F001E17D218B6CB8C03BFFFFFFFFFFCAFFF00019E161CAD42B9D7407093CF
0F35A82706EA83556A0F002717D21CB6BB8D03FFFFFFFFFFFCAFFF00019F161CAD42B9D74070A3E7
0F35B22706FE8355550F002D17D220B6BB8C03FFFFFFFFFFFCAFFF00019F161CAC42B9D6407093FF
0F35A62706EC8355530F002317D215B6BB8C03FFFFFFFFFFFCAFFF000198161CAC42B9D64070A317
0F35AC2706F18355480F002117D214B6BB8B260FFFFFFFFFFC9FFF00019F161CAC42B9D64070932F
0F35A92706E983554E0F002717D21BB6DB8BAC9FFFFFFFFFFC9FFF00019E161CAC42B9D640709347
0F35A42706EA8355630F002117D217B6EB8B03AFFFFFFFFFFCAFFF00019B161CAC42B9D54070935F
0F359C2706D88355600F001B17D211B6DB8C03FFFFFFFFFFFCBFFF00019A161CAC42B9D540709377
0F35A72706ED8355590F001A17D211B6DB8C03FFFFFFFFFFFCAFFF000197161CAC42B9D54070938F
0F35BB27070A83555D0F002B17D21EB6EB8C03FFFFFFFFFFFC9FFF000188161CAB42B9D4407093A7
0F35C627071983555A0F003917D229B6DB8C2A0FFFFFFFFFFCAFFF000196161CAB42B9D4407083BF
0F35D027072E8355550F004017D22FB6CB8CB6DFFFFFFFFFFCBFFF000197161CAB42B9D4407093D7
0F35C32707178355580F003E17D230B6CB8B03BFFFFFFFFFFCAFFF000196161CAB42B9D4407093EF
0F35C727072083555A0F003717D22AB6BB8B03FFFFFFFFFFFCBFFF00018E161CAB42B9D340709307
0F35D827073583555E0F004B17D23DB6AB8B03FFFFFFFFFFFCBFFF000196161CAB42B9D34070831F
0F35CB2707228355690F004317D238B6BB8B03FFFFFFFFFFFC9FFF000196161CAA42B9D340709337
0F35BB27070A8355700F003E17D22FB6CB8B42BFFFFFFFFFFC9FFF0001A8161CAA42B9D34070834F
0F35B32707008355670F003517D227B6BB8CCBCFFFFFFFFFFCAFFF0001B3161CAA42B9D240709367
0F35BE27070D8355610F003317D226B6CB8C03AFFFFFFFFFFCAFFF0001BD161CAA42B9D24070837F
0F35D72707368355660F004217D234B6DB8C042FFFFFFFFFFCAFFF0001C1161CAA42B9D240708397
0F35E327074D83556E0F005617D245B6DB8C414FFFFFFFFFFC9FFF0001D8161CAA42B9D2407083AF
0F35E427074E8355760F005917D249B6DB8CA46FFFFFFFFFFC9FFF0001EE161CAA42B9D1407093C7
0F35E92707558355870F005A17D24BB6EB8D03FFFFFFFFFFFCAFFF0001FD161CAA42B9D1407083DF
0F35E427074F8355820F006017D24FB6EB8C03FFFFFFFFFFFCAFFF00021A161CA942B9D1407083F7
0F35ED27075F83556D0F006317D251B6DB8C03FFFFFFFFFFFCAFFF000232161CA942B9D14070830F
0F35F227076383556E0F006717D255B6DB8C03FFFFFFFFFFFC9FFF000249161CA942B9D040708327
0F35E127074F8355860F005A17D24DB6DB8C03FFFFFFFFFFFCAFFF00024D161CA942B9D04070833F
0F35DE27074583558D0F005617D248B6CB8D03FFFFFFFFFFFCAFFF000268161CA942B9D040708357
0F35E227074C8355890F005A17D249B6CB8D03FFFFFFFFFFFCAFFF000272161CA942B9CF4070836F
0F35EA27075B83558A0F006217D250B6CB8D03FFFFFFFFFFFCAFFF00026B161CA942B9CF40708387
0F35E92707598355950F005E17D24FB6CB8D03FFFFFFFFFFFCAFFF00027C161CA842B9CF4070839F
0F35DB27074483559A0F005717D247B6DB8C03FFFFFFFFFFFCAFFF00027E161CA842B9CF407083B7
0F35EC2707628355910F006117D251B6CB8C03FFFFFFFFFFFCAFFF000275161CA842B9CE407083CF
0F35F027076383558D0F006517D254B6BB8C03FFFFFFFFFFFCAFFF000272161CA842B9CE407083E7
0F35F027076783559A0F006917D258B6BB8C03FFFFFFFFFFFCAFFF000278161CA842B9CE407083FF
0F35D92707458355A70F005817D24AB6BB8C03FFFFFFFFFFFCAFFF00027A161CA842B9CE40708317
0F35E92707578355A40F005D17D24FB6CB8C03FFFFFFFFFFFCAFFF000281161CA842B9CD4070832F
0F35DC2707438355A40F005817D24AB6CB8C03FFFFFFFFFFFCAFFF00028C161CA742B9CD40708347
0F35DE27074C8355B10F005517D248B6CB8C03FFFFFFFFFFFCAFFF000298161CA742B9CD4070735F
0F35DF27074D8355AE0F005717D248B6CB8C03FFFFFFFFFFFCAFFF000296161CA742B9CD40708377
0F35EC27075D8355A00F006317D253B6CB8B03FFFFFFFFFFFC9FFF0002B0161CA742B9CC4070838F
0F35EF27076B8355AD0F006517D259B6CB8C03FFFFFFFFFFFCAFFF0002BA161CA742B9CC407083A7
0F35F227076B8355C00F006517D259B6CB8C03FFFFFFFFFFFCAFFF0002C1161CA742B9CC407073BF
0F35ED27075E8355BA0F006617D256B6BB8C03FFFFFFFFFFFCAFFF0002C5161CA742B9CC407073D7
0F35F42707718355B10F006A17D259B6BB8D03FFFFFFFFFFFC9FFF0002C5161CA642B9CB407073EF
0F35EF27076B8355B90F006717D258B6CB8C03FFFFFFFFFFFC9FFF0002BB161CA642B9CB40707307
0F35E62707548355B80F006417D256B6CB8B03FFFFFFFFFFFC9FFF0002BC161CA642B9CB4070731F
0F35EB27075F8355B60F006617D259B6DB8C03FFFFFFFFFFFC9FFF0002B4161CA642B9CB40707337
0F35E627075A8355C60F006117D255B6CB8C03FFFFFFFFFFFC9FFF0002A0161CA642B9CA4070734F
0F35DD2707498355CF0F005417D249B6CB8B03FFFFFFFFFFFC9FFF000292161CA642B9CA40706367
0F35E62707588355C40F005717D24AB6DB8B03FFFFFFFFFFFCBFFF00028D161CA642B9CA4070737F
0F35E92707598355C40F006217D254B6BB8B03FFFFFFFFFFFCBFFF00027A161CA542B9CA40707397
0F35D72707418355C90F005317D248B6BB8C03FFFFFFFFFFFC8FFF000272161CA542B9C9407073AF
0F35C727072B8355D20F004317D23AB6BB8C03FFFFFFFFFFFC9FFF00025E161CA542B9C9407073C7
0F35B22707098355E00F002E17D22CB6CB8C03FFFFFFFFFFFCAFFF000247161CA542B9C9407063DF
0F359B2706E68355DA0F002E17D228B6CB8C03FFFFFFFFFFFC9FFF000229161CA542B9C9407063F7
0F35DC27074F8355C40F005317D248B6CB8C03FFFFFFFFFFFC9FFF000215161CA542B9C84070630F
0F35D22707398355CD0F005217D248B6DB8C03FFFFFFFFFFFCAFFF000208161CA542B9C840706327
0F35AB2707078355E10F002B17D22AB6DB8C03FFFFFFFFFFFCAFFF0001FA161CA542B9C84070633F
0F35832706BC8355EA0F001617D215B6DB8C03FFFFFFFFFFFC9FFF0001ED161CA442B9C840706357
0F35772706B28355E90EFFDD17D1E5B6DB8C03FFFFFFFFFFFC9FFF0001E2161CA442B9C74070636F
0F35D82707448355D80F004117D239B6CB8C03FFFFFFFFFFFCAFFF0001DC161CA442B9C740706387
0F35D327073A8355D30F004D17D242B6CB8C03FFFFFFFFFFFCAFFF0001D3161CA442B9C74070639F
0F357C2706B58355E10F001F17D21CB6CB8C03FFFFFFFFFFFC9FFF0001D0161CA442B9C7407063B7
0F35582706808355EE0EFFDB17D1E5B6CB8C03FFFFFFFFFFFC9FFF0001DB161CA442B9C6407063CF
0F35642706908355EA0EFFE617D1ECB6CB8C03FFFFFFFFFFFC9FFF0001E4161CA442B9C6407063E7
0F355B2706858355EA0EFFE417D1E7B6CB8C03FFFFFFFFFFFC9FFF0001E5161CA342B9C6407063FF
0F35482706638355F60EFFD317D1DEB6EB8D03FFFFFFFFFFFC9FFF0001EA161CA342B9C640706317
0F35672706978355EC0EFFD417D1DEB6DB8D03FFFFFFFFFFFCAFFF0001F8161CA342B9C54070632F
0F35752706AF8355E00EFFEE17D1F2B6CB8D03FFFFFFFFFFFCAFFF000200161CA342B9C540706347
0F355C2706888355F10EFFDF17D1E7B6CB8D03FFFFFFFFFFFCAFFF000206161CA342B9C54070635F
0F355027066F8355F70EFFCC17D1D4B6CB8C03FFFFFFFFFFFCAFFF000208161CA342B9C540706377
0F35332706458355ED0EFFB917D1C3B6DB8C03FFFFFFFFFFFCAFFF000208161CA342B9C44070638F
0F35A62706FA8355EA0EFFFB17D1FEB6DB8C03FFFFFFFFFFFCBFFF000202161CA242B9C4407063A7
0F35432706588355F00EFFF317D1F3B6CB8B03FFFFFFFFFFFC9FFF0001FF161CA242B9C4407063BF
0F354027065D8355F30EFFC617D1D2B6CB8C03FFFFFFFFFFFCAFFF0001F7161CA242B9C4407063D7
0F355F2706878355ED0EFFF817D1FBB6CB8D03FFFFFFFFFFFCAFFF0001FA161CA242B9C3407063EF
0F356C27069E8355EF0EFFE117D1EAB6EB8E03FFFFFFFFFFFCAFFF0001F7161CA242B9C340706307
0F356A2706978355F50EFFF317D1F6B6DB8E03FFFFFFFFFFFCAFFF0001F5161CA242B9C34070631F
0F356127068A8355EA0EFFDA17D1E1B6CB8D03FFFFFFFFFFFC9FFF0001F9161CA242B9C240706337
0F359A2706E38355DF0EFFEE17D1F3B6CB8C03FFFFFFFFFFFC9FFF000206161CA142B9C24070634F
0F354E27066A8355F20EFFF317D1F8B6CB8C03FFFFFFFFFFFCAFFF00021A161CA142B9C240706367
0F351C2706218355FD0EFF9C17D1ACB6CB8C03FFFFFFFFFFFCAFFF00022B161CA142B9C24070537F
0F354827066A8355EA0EFFD217D1D9B6CB8C03FFFFFFFFFFFCAFFF000232161CA142B9C140705397
0F359F2706ED8355D70EFFFC17D1FEB6BB8C03FFFFFFFFFFFC9FFF000244161CA142B9C1407063AF
0F35662706978355EE0EFFE517D1ECB6CB8D03FFFFFFFFFFFC9FFF000250161CA142B9C1407053C7
0F352C2706368355FD0EFFB117D1BDB6BB8D03FFFFFFFFFFFCAFFF000255161CA142B9C1407053DF
0F354D27066E8355E30EFFCE17D1D9B6BB8D03FFFFFFFFFFFC9FFF000268161CA042B9C0407053F7
0F356027068C8355D60EFFDF17D1E5B6CB8D03FFFFFFFFFFFC9FFF000271161CA042B9C04070530F
0F35122706178355F50EFF9F17D1B2B6DB8D03FFFFFFFFFFFCAFFF000273161CA042B9C040705327
0F352327062A8355F00EFF8C17D1A0B6DB8C03FFFFFFFFFFFC9FFF00027D161CA042B9C04070633F
0F355427067B8355D80EFFCB17D1D6B6DB8C03FFFFFFFFFFFC9FFF00027A161CA042B9BF40705357
0F355727067D8355EA0EFFC617D1D2B6DB8C03FFFFFFFFFFFCAFFF00026D161CA042B9BF4070536F
0F351A27061E8355EF0EFFB117D1BCB6CB8C03FFFFFFFFFFFC9FFF000270161CA042B9BF40704387
0F356227068E8355D20EFFD517D1DCB6CB8C03FFFFFFFFFFFC9FFF000270161C9F42B9BF4070539F
0F356027068B8355CC0EFFDA17D1E2B6CB8C03FFFFFFFFFFFC9FFF000269161C9F42B9BE407053B7
0F355627067A8355EE0EFFD417D1DFB6DB8C03FFFFFFFFFFFC9FFF00027E161C9F42B9BE407053CF
0F35712706A68355EB0EFFE117D1E8B6DB8C03FFFFFFFFFFFC8FFF000284161C9F42B9BE407053E7
0F358F2706D58355C40F001C17D218B6CB8C03FFFFFFFFFFFCAFFF000289161C9F42B9BD407053FF
0F35D827074A8355B90F002217D21FB6BB8C03FFFFFFFFFFFCAFFF00028C161C9F42B9BD40704317
0F35AD2706FE8355D80F003A17D231B6BB8B03FFFFFFFFFFFCBFFF000290161C9E42B9BD4070532F
0F354F27066F8355DB0EFFD717D1DDB6CB8B03FFFFFFFFFFFCCFFF000291161C9E42B9BD40705347
0F35B72707138355C80F000917D209B6DB8C03FFFFFFFFFFFCAFFF00029A161C9E42B9BC4070435F
0F35C327071B8355C40F004117D238B6EB8B03FFFFFFFFFFFCAFFF0002B2161C9E42B9BC40704377
0F35812706BB8355B70F001617D210B6DB8B03FFFFFFFFFFFCAFFF0002C5161C9E42B9BC4070438F
0F35AA2706FC8355B00F002117D21BB6CB8C03FFFFFFFFFFFCAFFF0002DA161C9E42B9BC407043A7
0F35772706AC8355C90EFFF217D1F6B6BB8C03FFFFFFFFFFFCAFFF0002EB161C9E42B9BB407043BF
0F356A2706938355D20EFFEB17D1EDB6BB8B03FFFFFFFFFFFC9FFF000309161C9E42B9BB407043D7
0F356D27069E8355BC0EFFF217D1F5B6AB8C03FFFFFFFFFFFC9FFF000320161C9D42B9BB407043EF
0F35A12706ED8355AE0F001217D20EB6BB8C03FFFFFFFFFFFCAFFF000339161C9D42B9BB40704307
0F35832706BA8355BD0F001017D20BB6CB8C03FFFFFFFFFFFCBFFF00034F161C9D42B9BA4070431F
0F35742706A68355B90EFFEF17D1F3B6BB8D03FFFFFFFFFFFCAFFF00035D161C9D42B9BA40704337
0F358B2706C98355A70EFFFE17D1FDB6CB8D03FFFFFFFFFFFC8FFF000365161C9D42B9BA4070434F
0F35822706BC8355B00F000517D206B6CB8C03FFFFFFFFFFFC9FFF000363161C9D42B9B940704367
0F35742706A58355BB0EFFE917D1EBB6CB8C03FFFFFFFFFFFCAFFF00036B161C9D42B9B94070437F
0F35642706888355B60EFFF217D1F2B6CB8C03FFFFFFFFFFFC9FFF00036A161C9C42B9B940704397
0F35852706BD8355AA0F000917D206B6CB8C03FFFFFFFFFFFC9FFF000361161C9C42B9B9407043AF
0F354627065B8355A70EFFEB17D1ECB6BB8C03FFFFFFFFFFFCAFFF000360161C9C42B9B8407043C7
0F352A2706338355B50EFFB517D1BFB6CB8C03FFFFFFFFFFFCAFFF000360161C9C42B9B8407043DF
0F35292706308355BF0EFF9617D1A7B6CB8E03FFFFFFFFFFFC9FFF00035E161C9C42B9B8407043F7
0F354B2706648355BD0EFFBD17D1C4B6CB8D03FFFFFFFFFFFC9FFF000365161C9C42B9B84070430F
0F35582706778355B40EFFCB17D1D1B6DB8D03FFFFFFFFFFFCAFFF000364161C9C42B9B740704327
0F355B27067C8355AA0EFFDD17D1DFB6DB8D03FFFFFFFFFFFCBFFF000363161C9B42B9B74070433F
0F355A27067A8355A90EFFD717D1DBB6CB8D03FFFFFFFFFFFC9FFF000363161C9B42B9B740704357
0F354A2706618355BB0EFFCB17D1D4B6BB8C03FFFFFFFFFFFC9FFF00035C161C9B42B9B74070436F
0F350D2706078355D10EFF9317D1A2B6CB8C03FFFFFFFFFFFC9FFF00035A161C9B42B9B640704387
0F34DD2705B98355CF0EFF7617D188B6CB8C03FFFFFFFFFFFC9FFF000355161C9B42B9B64070439F
0F34DD2705BC8355C30EFF5617D16EB6CB8C03FFFFFFFFFFFC8FFF000361161C9B42B9B6407033B7
0F34F42705DE8355C20EFF6C17D180B6BB8B03FFFFFFFFFFFC8FFF000360161C9B42B9B6407033CF
0F35052705F88355BE0EFF8717D197B6CB8B03FFFFFFFFFFFC9FFF000367161C9B42B9B5407043E7
0F34F42705DD8355B50EFF8417D194B6CB8B03FFFFFFFFFFFCAFFF000368161C9A42B9B5407043FF
0F35222706268355C10EFF8D17D1A0B6DB8B03FFFFFFFFFFFC9FFF000360161C9A42B9B540703317
0F34BA2705808355D90EFF5C17D175B6EB8B03FFFFFFFFFFFC9FFF000366161C9A42B9B54070332F
0F347B2705258355DD0EFF0017D125B6EB8C03FFFFFFFFFFFC9FFF000367161C9A42B9B440703347
0F34AC2705748355CD0EFF3817D156B6CB8C03FFFFFFFFFFFCAFFF000368161C9A42B9B44070335F
0F34B72705838355BC0EFF4A17D162B6CB8B03FFFFFFFFFFFC9FFF000369161C9A42B9B440703377
0F34D92705AF8355BA0EFF4717D15FB6CB8B03FFFFFFFFFFFC9FFF00036A161C9942B9B44070338F
0F34B527057B8355CE0EFF3617D154B6CB8C03FFFFFFFFFFFC9FFF00036C161C9942B9B3407033A7
0F347A27051C8355DC0EFF0817D12AB6CB8C03FFFFFFFFFFFC9FFF00036E161C9942B9B3407033BF
0F348B2705368355D40EFF1E17D13EB6CB8D03FFFFFFFFFFFCAFFF000368161C9942B9B3407033D7
0F349627054B8355CF0EFF2B17D14AB6CB8D03FFFFFFFFFFFCAFFF00036F161C9942B9B3407023EF
0F349B2705528355D50EFF1E17D13EB6BB8C03FFFFFFFFFFFCAFFF000371161C9942B9B240703307
0F34AE2705718355D50EFF2317D144B6BB8C03FFFFFFFFFFFCAFFF000368161C9942B9B24070331F
0F34A72705628355DF0EFF2817D147B6DB8C03FFFFFFFFFFFCAFFF000376161C9942B9B240702337
0F347C2705218355DC0EFF1717D138B6DB8D03FFFFFFFFFFFC9FFF000376161C9842B9B24070334F
0F34C62705908355C90EFF5317D16CB6DB8D03FFFFFFFFFFFCAFFF00037B161C9842B9B140702367
0F349E27055E8355D30EFF2417D144B6CB8C03FFFFFFFFFFFCAFFF000375161C9842B9B14070237F
0F34472704D18355EF0EFEE117D10EB6DB8C03FFFFFFFFFFFC9FFF00037F161C9842B9B140703397
0F339E2703CF8355F50EFE3F17D082B6CB8D03FFFFFFFFFFFC9FFF000373161C9842B9B1407023AF
0F343E2704C68355E60EFEA617D0DBB6CB8D03FFFFFFFFFFFCAFFF000381161C9842B9B1407023C7
0F346B2705088355D80EFEEB17D112B6DB8D03FFFFFFFFFFFCAFFF000380161C9842B9B0407023DF
0F34562704E78355E00EFEE617D10EB6EB8D03FFFFFFFFFFFCAFFF000381161C9742B9B0407033F7
0F33B72703F08355ED0EFE6517D0A0B6CB8C03FFFFFFFFFFFC9FFF000381161C9742B9B04070330F
0F33992703C98355F30EFE1C17D068B6DB8C03FFFFFFFFFFFC9FFF000384161C9742B9B040702327
0F33B52703F28355F80EFE3317D07BB6DB8D03FFFFFFFFFFFCAFFF000384161C9742B9AF4070233F
0F33BC2703F88355F90EFE4917D08CB6DB8C03FFFFFFFFFFFC9FFF00037D161C9742B9AF40702357
0F33AA2703E78355F60EFE5A17D09CB6DB8C03FFFFFFFFFFFC9FFF000386161C9742B9AF4070236F
0F33D52704228355F90EFE6917D0A4B6CB8B03FFFFFFFFFFFCAFFF000381161C9742B9AF40702387
0F33692703818355FE0EFE1417D060B6CB8B03FFFFFFFFFFFCAFFF00038A161C9642B9AE4070239F
0F33852703A68355FC0EFE0617D054B6CB8C03FFFFFFFFFFFCAFFF000387161C9642B9AE407023B7
0F334F2703548356060EFDED17D040B6DB8C03FFFFFFFFFFFC9FFF000387161C9642B9AE407023CF
0F334727034D8356100EFDBD17D01AB6CB8C03FFFFFFFFFFFC9FFF000385161C9642B9AE407023E7
0F334B2703518356160EFDD417D02DB6EB8D03FFFFFFFFFFFCAFFF00038E161C9642B9AD407023FF
0F334827034D8356180EFDC217D01DB6EB8D03FFFFFFFFFFFC9FFF000387161C9642B9AD40702317
0F33522703628356120EFDD117D027B6EB8E03FFFFFFFFFFFC9FFF00038F161C9642B9AD4070232F
0F335427035F83560D0EFDDE17D032B6EB8D03FFFFFFFFFFFC9FFF000390161C9542B9AD40702347
0F33312703298356190EFDBF17D019B6EB8D03FFFFFFFFFFFC9FFF000385161C9542B9AC4070235F
0F332627031B8356290EFDA117D003B6EB8D03FFFFFFFFFFFC9FFF000392161C9542B9AC40702377
0F33182703048356230EFDA617D004B6EB8E03FFFFFFFFFFFC8FFF00038F161C9542B9AC4070238F
0F332827031C8356170EFDBB17D016B6EB8E03FFFFFFFFFFFC8FFF00038C161C9542B9AC407023A7
0F33212703108356200EFDA717D006B6DB8E03FFFFFFFFFFFCAFFF000382161C9542B9AB407023BF
0F330F2702FA8356260EFD9C17CFFEB6DB8E03FFFFFFFFFFFC9FFF000381161C9542B9AB407023D7
0F32F22702CC83562D0EFD7617CFDFB6DB8D03FFFFFFFFFFFCAFFF000389161C9542B9AB407013EF
0F32EE2702C98356360EFD6A17CFD3B6FB8E03FFFFFFFFFFFCAFFF000382161C9442B9AB40701307
0F32F62702D583562C0EFD8517CFEAB70B8E03FFFFFFFFFFFC8FFF00038B161C9442B9AB4070231F
0F333F27033F8356140EFDBF17D019B70B8E03FFFFFFFFFFFC9FFF000388161C9442B9AA40701337
0F33222703158356250EFDA317D004B70B8F03FFFFFFFFFFFCAFFF00038C161C9442B9AA4070134F
0F32E02702AE83563C0EFD8717CFEDB70B8F03FFFFFFFFFFFC9FFF000391161C9442B9AA40701367
0F32A62702598356310EFD4E17CFBBB6FB8E03FFFFFFFFFFFC9FFF00038B161C9442B9AA4070137F
0F32EB2702C98356240EFD6717CFD1B6FB8F03FFFFFFFFFFFCAFFF000394161C9442B9A940701397
0F32BE27027D8356360EFD6117CFCDB6FB8F03FFFFFFFFFFFCAFFF000390161C9342B9A9407013AF
0F32762702128356320EFD0317CF7FB6FB8F03FFFFFFFFFFFC9FFF00039A161C9342B9A9407013C7
0F331C27030E83561C0EFD9A17CFFAB6FB8F03FFFFFFFFFFFC9FFF000399161C9342B9A9407013DF
0F32FF2702DC8356250EFD8417CFEBB6FB8F03FFFFFFFFFFFCAFFF00038F161C9342B9A8407013F7
0F328227022783563B0EFD3617CFA6B6FB8F03FFFFFFFFFFFCAFFF000394161C9342B9A84070130F
0F323C2701B883563B0EFCF517CF72B6EB8F03FFFFFFFFFFFCAFFF00038C161C9342B9A840701327
0F32812702248356310EFD1E17CF95B6EB8F03FFFFFFFFFFFCAFFF00038F161C9342B9A84070133F
0F329327023B8356360EFD1917CF92B6FB9003FFFFFFFFFFFCAFFF000395161C9242B9A740701357
0F32B027026483562E0EFD4E17CFB9B70B9003FFFFFFFFFFFCAFFF000396161C9242B9A74070036F
0F32E52702BA8356250EFD5617CFC1B70B8F03FFFFFFFFFFFCAFFF000391161C9242B9A740701387
0F32AC2702608356340EFD4D17CFBBB6FB8F03FFFFFFFFFFFCAFFF000394161C9242B9A74070139F
0F32B527027183563E0EFD2417CF9CB6EB8F03FFFFFFFFFFFCAFFF00039C161C9242B9A7407013B7
0F32BA2702778356320EFD4417CFB2B6FB8F03FFFFFFFFFFFCAFFF00039B161C9242B9A6407003CF
0F32CE27029583562D0EFD5417CFC1B70B8E03FFFFFFFFFFFCAFFF000396161C9242B9A6407013E7
0F32A22702558356420EFD3217CFA7B70B8E03FFFFFFFFFFFCBFFF0003A2161C9142B9A6407003FF
0F326E2702088356410EFD1017CF89B6FB8E03FFFFFFFFFFFCAFFF0003A0161C9142B9A640701317
0F32E52702BA83562E0EFD6A17CFD1B6EB8F03FFFFFFFFFFFCAFFF0003A1161C9142B9A54070032F
0F33032702E483562A0EFD7D17CFE2B6EB9003FFFFFFFFFFFCBFFF0003A2161C9142B9A540700347
0F32CB27028C8356380EFD4517CFB5B70B8F03FFFFFFFFFFFCBFFF00039F161C9142B9A54070035F
0F320D2701748356470EFCF217CF70B70B8F03FFFFFFFFFFFCAFFF000395161C9142B9A540701377
0F311326FFFE83564E0EFBBE17CE6FB6FB8F03FFFFFFFFFFFCAFFF00039A161C9142B9A44070138F
0F2FF326FE4F8356560EFAE617CDC3B6FB8F03FFFFFFFFFFFCAFFF00039B161C9042B9A4407003A7
0F301026FE7F83564C0EFB1117CDEAB6FB9003FFFFFFFFFFFC9FFF000397161C9042B9A4407003BF
0F31A32700D083563D0EFC5E17CEF7B71B9103FFFFFFFFFFFC9FFF0003A0161C9042B9A4407003D7
0F31362700228356420EFC3717CED2B72B9103FFFFFFFFFFFC9FFF0003A3161C9042B9A3407003EF
0F2F5C26FD618356530EFA4617CD3AB73B9103FFFFFFFFFFFCAFFF0003A2161C9042B9A340700307
0F2DCF26FB198356640EF90717CC33B72B9103FFFFFFFFFFFCAFFF000392161C9042B9A34070031F
0F2D7126FA918356630EF85417CBA7B71B9103FFFFFFFFFFFCAFFF00039F161C9042B9A340700337
0F2E1726FB8483565C0EF8DC17CC14B71B9203FFFFFFFFFFFC9FFF000390161C8F42B9A24070034F
0F2E7626FC058356590EF94017CC61B71B9103FFFFFFFFFFFC9FFF000397161C8F42B9A240700367
0F2E2526FB8B83565D0EF90C17CC39B71B9103FFFFFFFFFFFC9FFF000390161C8F42B9A24070037F
0F2E0626FB5F83565D0EF8E817CC1CB71B9103FFFFFFFFFFFCAFFF000389161C8F42B9A240700397
0F2DE026FB268356600EF8C217CBF2B72B9103FFFFFFFFFFFCAFFF00037B161C8F42B9A1407003AF
0F2D1F26FA0D83566E0EF82017CB78B71B9203FFFFFFFFFFFC9FFF00037A161C8F42B9A1407003C7
0F2C4A26F8CD8356760EF74717CAC4B72B9103FFFFFFFFFFFC9FFF000372161C8F42B9A1407003DF
0F2C7E26F9168356710EF76817CAE2B72B9103FFFFFFFFFFFCAFFF000367161C8E42B9A1407003F7
0F2C7E26F90E8356700EF79817CB08B72B9103FFFFFFFFFFFC9FFF000368161C8E42B9A04070030F
0F2BEC26F8398356750EF6EA17CA77B71B9103FFFFFFFFFFFC8FFF000365161C8E42B9A040700327
0F2B8D26F79D83567A0EF66117CA00B71B9103FFFFFFFFFFFCAFFF000355161C8E42B9A04070033F
0F2B4D26F73C83567E0EF62517C9D2B72B9103FFFFFFFFFFFCAFFF000364161C8E42B9A040700357
0F2B5026F7438356820EF5FA17C9AFB72B9203FFFFFFFFFFFCAFFF000364161C8E42B99F406FF36F
0F2B8D26F79C83567F0EF63A17C9E0B71B9103FFFFFFFFFFFC8FFF000360161C8E42B99F406FF387
0F2BF626F84283567B0EF68717CA20B71B9103FFFFFFFFFFFC9FFF000362161C8D42B99F4070039F
0F2B9B26F7B38356830EF66F17CA0BB6FB9003FFFFFFFFFFFCAFFF00036B161C8D42B99F406FF3B7
0F2B0126F6C383568D0EF5E317C993B70B9003FFFFFFFFFFFCAFFF000366161C8D42B99E406FF3CF
0F29EB26F51783569B0EF4C417C8A1B70B9103FFFFFFFFFFFCAFFF00036E161C8D42B99E406FF3E7
0F29EE26F5288356960EF4BA17C8A0B71B9103FFFFFFFFFFFCAFFF000368161C8D42B99E407003FF
0F2A7526F5EE83568E0EF55717C91EB71B9103FFFFFFFFFFFC9FFF000370161C8D42B99E406FF317
0F29D026F4F78356990EF4F317C8C5B71B9003FFFFFFFFFFFC9FFF000372161C8D42B99E406FF32F
0F299626F4A18356970EF47A17C86DB71B9103FFFFFFFFFFFCAFFF000374161C8C42B99D406FF347
0F2A3226F58C83568D0EF4D817C8B6B71B9103FFFFFFFFFFFC9FFF000370161C8C42B99D406FF35F
0F29E926F51083569C0EF4B317C898B71B9103FFFFFFFFFFFCAFFF00037C161C8C42B99D406FF377
0F28DA26F3768356B30EF3BD17C7C9B71B9103FFFFFFFFFFFCAFFF000378161C8C42B99D406FF38F
0F287926F2E18356B30EF35917C774B72B9003FFFFFFFFFFFCAFFF000383161C8C42B99C406FF3A7
0F292126F3E58356A30EF3D517C7DAB72B9003FFFFFFFFFFFCAFFF000387161C8C42B99C406FF3BF
0F294426F4138356A30EF3F317C7F2B72B9003FFFFFFFFFFFCAFFF000387161C8C42B99C406FF3D7
0F28BD26F3458356AE0EF38C17C799B72B9003FFFFFFFFFFFC9FFF000391161C8B42B99C406FF3EF
0F285C26F2B08356A80EF34317C75CB71B9003FFFFFFFFFFFC9FFF000396161C8B42B99B406FF307
0F287026F2D48356AA0EF33917C755B72B9003FFFFFFFFFFFC9FFF00039B161C8B42B99B406FF31F
0F281826F2468356C30EF2E917C711B73B9103FFFFFFFFFFFCAFFF000399161C8B42B99B406FE337
0F27F026F2098356C20EF2A117C6CEB73B9103FFFFFFFFFFFCAFFF0003A5161C8B42B99B406FE34F
0F285826F2A98356B20EF30F17C72FB72B9103FFFFFFFFFFFC9FFF0003A9161C8B42B99B406FF367
0F287726F2DB8356AD0EF31917C739B72B9103FFFFFFFFFFFCAFFF0003AB161C8B42B99A406FE37F
0F285126F29E8356B70EF32417C743B72B9103FFFFFFFFFFFCAFFF0003AB161C8A42B99A406FF397
0F280B26F2338356C20EF29F17C6D3B72B9103FFFFFFFFFFFCAFFF0003A3161C8A42B99A406FE3AF
0F27F226F2098356C20EF29D17C6CEB72B9103FFFFFFFFFFFC9FFF0003AB161C8A42B99A406FE3C7
0F27AE26F19D8356CB0EF27617C6ACB72B9103FFFFFFFFFFFCAFFF0003A4161C8A42B999406FE3DF
0F273A26F0ED8356D00EF22917C66AB71B9203FFFFFFFFFFFC9FFF0003AB161C8A42B999406FE3F7
0F278D26F1708356C30EF25A17C698B72B9203FFFFFFFFFFFCAFFF0003A8161C8A42B999406FE30F
0F281626F23D8356BD0EF2D817C6FDB72B9203FFFFFFFFFFFCAFFF0003AA161C8A42B999406FE327
0F27B726F1AB8356C30EF29917C6C7B73B9203FFFFFFFFFFFC9FFF0003AD161C8942B998406FE33F
0F274526F0F58356D00EF20A17C652B72B9203FFFFFFFFFFFC9FFF0003A8161C8942B998406FE357
0F26B726F01C8356DE0EF19F17C5F6B72B9203FFFFFFFFFFFC9FFF0003A9161C8942B998406FE36F
0F262026EF3A8356E50EF0E517C55AB72B9203FFFFFFFFFFFC9FFF0003A9161C8942B998406FE387
0F265126EF828356DC0EF0F317C564B72B9203FFFFFFFFFFFC9FFF0003AD161C8942B998406FE39F
0F270526F0958356CC0EF1B417C605B73B9103FFFFFFFFFFFC9FFF0003AF161C8942B997406FE3B7
0F274726F0F58356C60EF20C17C64FB75B9103FFFFFFFFFFFCAFFF0003B1161C8942B997406FE3CF
0F26B526F0138356D70EF1A317C5F8B75B9103FFFFFFFFFFFCAFFF0003B0161C8842B997406FE3E7
0F261A26EF2A8356E70EF0DE17C54FB73B9103FFFFFFFFFFFCCFFF0003AD161C8842B997406FE3FF
0F260E26EF148356E20EF0BE17C534B72B9103FFFFFFFFFFFC9FFF0003A7161C8842B996406FE317
0F25F226EEE68356EA0EF0AA17C525B73B9103FFFFFFFFFFFC9FFF00039E161C8842B996406FE32F
0F25F526EEEF8356FD0EF0A717C523B73B9103FFFFFFFFFFFCAFFF0003AD161C8842B996406FE347
0F25FD26EEFC8356E20EF0B417C52CB74B9003FFFFFFFFFFFC9FFF0003AF161C8842B996406FE35F
0F265B26EF8C8356C20EF0FD17C569B73B9103FFFFFFFFFFFC9FFF0003A8161C8842B995406FE377
0F261C26EF2B8356E20EF0C117C539B73B9103FFFFFFFFFFFC9FFF0003A1161C8742B995406FE38F
0F25CE26EEB38357030EF08A17C50AB73B91068FFFFFFFFFFC9FFF0003A4161C8742B995406FE3A7
0F25D126EEB58356EF0EF08A17C505B72B91580FFFFFFFFFFC9FFF0003AD161C8742B995406FE3BF
0F25EE26EEDE8356DD0EF09F17C517B74B91AD6FFFFFFFFFFC9FFF0003A5161C8742B994406FE3D7
0F25EA26EED78356F00EF0A017C518B75B9203FFFFFFFFFFFCAFFF0003A9161C8742B994406FE3EF
0F25E526EED18356EB0EF09217C50AB74B9203FFFFFFFFFFFCAFFF0003A6161C8742B994406FE307
0F25FB26EEEE8356DB0EF0A917C51EB74B9203FFFFFFFFFFFC9FFF0003AA161C8742B994406FD31F
0F25DB26EEC18356EC0EF09217C50CB73B9203FFFFFFFFFFFC9FFF0003AB161C8642B993406FE337
0F25B126EE7B8356F50EF06D17C4ECB73B92343FFFFFFFFFFCAFFF0003A9161C8642B993406FE34F
0F25C726EEA08356E50EF07C17C4F7B74B9294FFFFFFFFFFFCAFFF0003A7161C8642B993406FE367
0F25D826EEB58356DD0EF08717C502B74B9203FFFFFFFFFFFCBFFF00039E161C8642B993406FD37F
0F25A826EE708356EE0EF06617C4E4B74B9103FFFFFFFFFFFCAFFF0003A3161C8642B992406FD397
0F25A026EE628356E90EF05417C4D6B73B9103FFFFFFFFFFFC9FFF0003A0161C8642B992406FD3AF
0F25B126EE808356D70EF06817C4E5B73B9103FFFFFFFFFFFCAFFF00039E161C8542B992406FD3C7
0F25C026EE928356D30EF07017C4EDB72B92273FFFFFFFFFFC9FFF000394161C8542B991406FD3DF
0F25BA26EE888356E30EF06817C4E8B72B9282CFFFFFFFFFFC9FFF00039F161C8542B991406FD3F7
0F259D26EE5B8356F30EF05317C4D4B71B9203FFFFFFFFFFFCAFFF000396161C8542B991406FD30F
0F25A726EE6C8356E40EF06117C4E0B72B9203FFFFFFFFFFFCAFFF00039C161C8542B991406FD327
0F25E326EEC88356C90EF09917C510B73B9203FFFFFFFFFFFCAFFF000395161C8542B990406FD33F
0F25EA26EED58356C20EF0A117C514B74B9203FFFFFFFFFFFCAFFF00039E161C8442B990406FD357
0F25CB26EEA28356C90EF08917C4FFB73B92181FFFFFFFFFFCAFFF00039F161C8442B990406FD36F
0F25C026EE918356D10EF06F17C4E9B72B926C7FFFFFFFFFFCAFFF00039E161C8442B990406FD387
0F25C626EE9B8356D70EF07317C4EEB72B9203FFFFFFFFFFFCAFFF00039C161C8442B98F406FD39F
0F25D626EEB48356D40EF08317C4FCB73B9203FFFFFFFFFFFC9FFF00039B161C8442B98F406FD3B7
0F25BF26EE8B8356CA0EF09717C50EB73B9203FFFFFFFFFFFC9FFF000396161C8442B98F406FC3CF
0F25C326EE938356C50EF09017C505B73B9203FFFFFFFFFFFC9FFF00039D161C8442B98F406FC3E7
0F25DD26EEBB8356C30EF08C17C502B73B930E7FFFFFFFFFFC9FFF000398161C8342B98E406FC3FF
0F25F726EEE38356C00EF0A117C515B73B9254FFFFFFFFFFFC9FFF0003A0161C8342B98E406FD317
0F25E226EEC18356C40EF0A017C513B73B9203FFFFFFFFFFFCAFFF00039F161C8342B98E406FC32F
0F25E626EECD8356BD0EF09517C508B72B9203FFFFFFFFFFFCAFFF00039E161C8342B98E406FD347
0F25F426EEE18356C20EF0A117C515B72B9303FFFFFFFFFFFCAFFF00039D161C8342B98D406FD35F
0F25D826EEB38356CB0EF08C17C502B72B9203FFFFFFFFFFFCAFFF00039F161C8342B98D406FC377
0F25E626EECC8356BF0EF09C17C511B73B9203FFFFFFFFFFFC8FFF0003A0161C8342B98D406FC38F
0F260C26EF078356B30EF0B917C52AB71B92042FFFFFFFFFFC8FFF0003A2161C8242B98D406FC3A7
0F25FE26EEEC8356B90EF0B317C521B72B92604FFFFFFFFFFC9FFF0003A3161C8242B98C406FC3BF
0F25CB26EE9E8356BD0EF08D17C502B72B937F0FFFFFFFFFFC9FFF00039D161C8242B98C406FD3D7
0F25E126EEBB8356BA0EF09917C50DB73B9303FFFFFFFFFFFC9FFF0003A3161C8242B98C406FC3EF
0F25DE26EEBC8356B90EF0A217C514B73B9303FFFFFFFFFFFC9FFF0003A2161C8242B98C406FC307
0F25C926EE9D8356BE0EF08E17C503B74B9303FFFFFFFFFFFCAFFF0003A1161C8242B98B406FC31F
0F25A626EE638356BD0EF06917C4E2B75B920AAFFFFFFFFFFCAFFF0003A2161C8142B98B406FC337
0F25AA26EE6A8356BC0EF05E17C4DCB74B9275CFFFFFFFFFFC9FFF0003A3161C8142B98B406FC34F
0F25AF26EE748356BE0EF06017C4DDB74B92882FFFFFFFFFFC9FFF000396161C8142B98B406FC367
0F25AF26EE738356BD0EF06A17C4E5B73B9103FFFFFFFFFFFCAFFF0003A5161C8142B98A406FC37F
0F25A126EE5E8356B80EF06A17C4E2B73B9103FFFFFFFFFFFCAFFF0003A5161C8142B98A406FC397
0F25DD26EEBC8356B70EF07E17C4F7B73B9203FFFFFFFFFFFC9FFF0003A0161C8142B98A406FC3AF
0F25B426EE7C8356B90EF07A17C4F3B72B920CDFFFFFFFFFFC9FFF00039A161C8042B98A406FC3C7
0F25AC26EE708356C40EF06017C4DBB71B927EDFFFFFFFFFFC9FFF0003A5161C8042B989406FC3DF
0F259326EE438356D30EF04E17C4D0B71B9389DFFFFFFFFFFC9FFF0003A4161C8042B989406FC3F7
0F25A326EE5E8356C90EF06117C4DDB72B9303FFFFFFFFFFFC9FFF0003A6161C8042B989406FC30F
0F25C126EE8F8356BC0EF06A17C4E3B72B9203FFFFFFFFFFFCAFFF0003A9161C8042B989406FC327
0F25CD26EEA38356C00EF07817C4F0B72B9203FFFFFFFFFFFCAFFF0003A1161C8042B988406FC33F
0F25BC26EE828356C50EF07217C4E9B73B930F1FFFFFFFFFFCAFFF0003A5161C7F42B988406FB357
0F25A926EE668356C30EF06517C4DEB74B93773FFFFFFFFFFCAFFF0003A8161C7F42B988406FC36F
0F25D826EEB08356B70EF09417C507B73B9303AFFFFFFFFFFC9FFF0003A6161C7F42B988406FB387
0F25CC26EE9E8356C00EF08117C4FBB72B9303FFFFFFFFFFFCAFFF0003AA161C7F42B987406FC39F
0F258826EE368356DB0EF04117C4C0B72B9303FFFFFFFFFFFC9FFF0003A7161C7F42B987406FC3B7
0F258E26EE3F8356D10EF03817C4BBB72B9403FFFFFFFFFFFC9FFF0003AE161C7F42B987406FB3CF
0F25E126EEC78356B00EF08E17C502B72B9311EFFFFFFFFFFCAFFF0003AC161C7F42B987406FB3E7
0F25EC26EED18356B50EF08C17C500B73B93804FFFFFFFFFFCAFFF0003AE161C7E42B986406FC3FF
0F25B126EE748356C20EF07117C4E7B73B9203BFFFFFFFFFFCAFFF0003B3161C7E42B986406FB317
0F259F26EE558356C50EF05617C4D2B72B9203FFFFFFFFFFFCAFFF0003AD161C7E42B986406FB32F
0F25A126EE5C8356C20EF05617C4D3B73B9103FFFFFFFFFFFC9FFF0003B4161C7E42B986406FB347
0F25A726EE658356BA0EF06317C4DDB75B9203FFFFFFFFFFFC9FFF0003B1161C7E42B985406FB35F
0F25B026EE738356BD0EF06217C4DEB74B921B2FFFFFFFFFFCBFFF0003B1161C7E42B985406FB377
0F25A226EE5D8356D00EF05517C4D3B72B93A75FFFFFFFFFFCAFFF0003AF161C7E42B985406FB38F
0F259E26EE568356CA0EF04D17C4CBB71B9303BFFFFFFFFFFC9FFF0003B9161C7D42B985406FB3A7
0F25BE26EE8E8356AF0EF06C17C4E6B72B9303FFFFFFFFFFFC9FFF0003B5161C7D42B984406FB3BF
0F25CB26EE9F8356B00EF06F17C4E7B73B9303FFFFFFFFFFFC9FFF0003BE161C7D42B984406FB3D7
0F25B426EE788356BC0EF06D17C4E7B73B9303FFFFFFFFFFFCAFFF0003B2161C7D42B984406FB3EF
0F25BB26EE838356BE0EF06717C4E3B73B9236DFFFFFFFFFFC9FFF0003C0161C7D42B984406FB307
0F25A726EE658356C50EF05F17C4DBB73B92D38FFFFFFFFFFC9FFF0003BF161C7D42B983406FB31F
0F259E26EE558356CE0EF05617C4D4B73B9203BFFFFFFFFFFC9FFF0003BE161C7C42B983406FB337
0F258826EE348356CC0EF03D17C4BEB74B9203FFFFFFFFFFFC9FFF0003BF161C7C42B983406FA34F
0F25B826EE7E8356B50EF06B17C4E4B72B9303FFFFFFFFFFFCBFFF0003B3161C7C42B983406FB367
0F25D326EEA98356A90EF07D17C4F1B73B9303FFFFFFFFFFFCBFFF0003C2161C7C42B982406FB37F
0F25CD26EEA18356B80EF07A17C4F1B73B93772FFFFFFFFFFCAFFF0003B4161C7C42B982406FA397
0F25AC26EE6F8356C10EF06017C4DBB73B924E9FFFFFFFFFFCAFFF0003BF161C7C42B982406FB3AF
0F25C826EE968356C20EF06417C4E1B72B9203FFFFFFFFFFFCAFFF0003BB161C7C42B982406FB3C7
0F25D526EEB48356C10EF08217C4FAB72B9203FFFFFFFFFFFC9FFF0003BF161C7B42B981406FA3DF
0F25DC26EEB88356BB0EF08B17C4FDB72B9203FFFFFFFFFFFC9FFF0003B8161C7B42B981406FB3F7
0F25ED26EED58356B70EF09417C507B72B9204EFFFFFFFFFFC9FFF0003C2161C7B42B981406FA30F
0F25FB26EEE88356B80EF0A117C516B73B928E1FFFFFFFFFFC9FFF0003C3161C7B42B980406FA327
0F25FC26EEE88356BA0EF0AA17C51CB73B93560FFFFFFFFFFCAFFF0003BB161C7B42B980406FB33F
0F25FC26EEEB8356C00EF0A917C51AB73B9203FFFFFFFFFFFC9FFF0003C0161C7B42B980406FA357
0F260326EEFA8356C10EF0AD17C51DB73B9203FFFFFFFFFFFC9FFF0003C0161C7A42B980406FA36F
0F260D26EF068356C30EF0B417C525B73B9103FFFFFFFFFFFCAFFF0003BF161C7A42B980406FA387
0F260F26EF078356C20EF0BF17C52EB72B911A1FFFFFFFFFFCAFFF0003BE161C7A42B97F406FA39F
0F262E26EF3A8356B50EF0DE17C549B72B91753FFFFFFFFFFCAFFF0003BE161C7A42B97F406FA3B7
0F263626EF458356BA0EF0EA17C553B72B9103FFFFFFFFFFFCAFFF0003BD161C7A42B97F406FA3CF
0F261E26EF258356C80EF0D017C53DB73B9203FFFFFFFFFFFCAFFF0003B5161C7A42B97F406FA3E7
0F262326EF2A8356C60EF0CC17C539B73B9103FFFFFFFFFFFC9FFF0003BB161C7A42B97E406FA3FF
0F263126EF428356C50EF0DA17C545B74B91049FFFFFFFFFFCAFFF0003AB161C7942B97E406FA317
0F263526EF458356C90EF0E017C54BB74B91500FFFFFFFFFFCAFFF0003BA161C7942B97E406FA32F
0F263F26EF548356C20EF0E717C54FB74B92BAEFFFFFFFFFFCAFFF0003B3161C7942B97E406FA347
0F25FB26EEEA8356BA0EF0DF17C547B73B9303FFFFFFFFFFFC9FFF0003BB161C7942B97D406FA35F
0F25D826EEBB8356C50EF09217C509B72B9303FFFFFFFFFFFC9FFF0003B5161C7942B97D406FA377
0F260026EEF48356CA0EF0A417C516B71B9303FFFFFFFFFFFCAFFF0003BD161C7942B97D406FA38F
0F25FE26EEE88356C80EF0C717C534B71B93099FFFFFFFFFFC8FFF0003B6161C7842B97D406FA3A7
0F25C226EE948356C30EF0A417C516B72B92944FFFFFFFFFFC9FFF0003B8161C7842B97C406FA3BF
0F25D426EEB18356B80EF08E17C504B72B92269FFFFFFFFFFC9FFF0003C1161C7842B97C406FA3D7
0F25FA26EEE88356BF0EF09C17C511B73B9203FFFFFFFFFFFCAFFF0003BE161C7842B97C406FA3EF
0F261B26EF248356CC0EF0C017C530B73B9203FFFFFFFFFFFCAFFF0003BD161C7842B97C406FA307
0F260926EF038356CA0EF0C317C531B74B9203FFFFFFFFFFFC8FFF0003C2161C7842B97B406FA31F
0F263326EF458356CC0EF0C917C538B74B9203FFFFFFFFFFFCAFFF0003B4161C7842B97B406FA337
0F264A26EF6E8356C20EF0EE17C556B74B9203FFFFFFFFFFFC9FFF0003C3161C7742B97B406FA34F
0F266126EF8A8356B20EF10517C568B74B9203FFFFFFFFFFFC9FFF0003C4161C7742B97B406FA367
0F266226EF8D8356B90EF10617C56CB73B9203FFFFFFFFFFFC9FFF0003BD161C7742B97A406FA37F
0F265526EF7C8356C70EF10217C56BB72B9303FFFFFFFFFFFC9FFF0003C3161C7742B97A406FA397
0F265D26EF878356C60EF10717C56FB71B9203FFFFFFFFFFFC9FFF0003B9161C7742B97A406F93AF
0F266A26EF9D8356C60EF11917C57BB71B9203FFFFFFFFFFFC9FFF0003BE161C7742B97A406F93C7
0F267626EFAB8356BE0EF12317C584B72B9203FFFFFFFFFFFC9FFF0003BD161C7642B979406F93DF
0F269D26EFEE8356AC0EF15117C5ABB72B9203FFFFFFFFFFFCAFFF0003BC161C7642B979406F93F7
0F269526EFE18356AC0EF14917C5A4B72B9103FFFFFFFFFFFCAFFF0003AF161C7642B979406F930F
0F265D26EF888356BE0EF11517C57CB72B9103FFFFFFFFFFFC9FFF0003B9161C7642B979406F9327
0F266226EF908356C10EF10C17C571B72B9103FFFFFFFFFFFCAFFF0003B6161C7642B979406F933F
0F26A226EFF78356B40EF14917C5A6B72B9203FFFFFFFFFFFC9FFF0003AC161C7642B978406F9357
0F273A26F0DD8356AE0EF1BE17C60CB74B9303FFFFFFFFFFFC9FFF0003B5161C7542B978406F936F
0F272326F0BB8356AE0EF21417C64EB74B9303FFFFFFFFFFFC9FFF0003B5161C7542B978406F9387
0F273E26F0E18356B50EF1D017C61DB73B9203FFFFFFFFFFFC9FFF0003B6161C7542B978406F939F
0F26F626F0728356B40EF20917C646B73B9103FFFFFFFFFFFC9FFF0003B4161C7542B977406F93B7
0F279426F1638356A60EF2A217C6CCB73B9103FFFFFFFFFFFC9FFF0003AE161C7542B977406F93CF
0F27BE26F1A98356AC0EF25817C68BB73B9103FFFFFFFFFFFCAFFF0003A5161C7542B977406F93E7
0F273726F0CF8356B60EF24817C67AB72B9003FFFFFFFFFFFC9FFF00039F161C7542B977406F93FF
0F270B26F09E8356A90EF1E417C629B72B9003FFFFFFFFFFFC9FFF00039E161C7442B976406F9317
0F27BC26F1A58356A30EF26F17C6A5B72B9103FFFFFFFFFFFCBFFF00038C161C7442B976406F932F
0F27EF26F1FA8356AB0EF27817C6A9B72B9103FFFFFFFFFFFCBFFF000397161C7442B976406F9347
0F26EF26F0708356A50EF20B17C644B71B9203FFFFFFFFFFFC9FFF000394161C7442B976406F935F
0F26E126F05C83569E0EF1AC17C5FAB72B9103FFFFFFFFFFFC9FFF00038B161C7442B975406F9377
0F26BA26F01E8356A40EF18217C5D8B73B9103FFFFFFFFFFFC8FFF000396161C7442B975406F838F
0F26C326F02B8356AD0EF16A17C5C4B72B9203FFFFFFFFFFFC9FFF000393161C7342B975406F93A7
0F272B26F0C98356A70EF20117C645B72B9203FFFFFFFFFFFCAFFF00039E161C7342B975406F93BF
0F284F26F2858356970EF2FB17C715B72B9203FFFFFFFFFFFCAFFF0003A1161C7342B974406F93D7
0F287926F2C68356A10EF2F417C710B72B9103FFFFFFFFFFFC9FFF000396161C7342B974406F93EF
0F286E26F2BB8356A90EF30917C723B72B9203FFFFFFFFFFFC9FFF0003A9161C7342B974406F9307
0F28FA26F39B83569E0EF34917C756B72B9203FFFFFFFFFFFC9FFF0003AD161C7342B974406F831F
0F2A1026F53D8356A10EF41017C7FEB72B9203FFFFFFFFFFFC9FFF0003AD161C7242B974406F8337
0F281026F2148356BA0EF38B17C77EB71B92B58FFFFFFFFFFC9FFF0003B1161C7242B973406F834F
0F271326F0B68356AD0EF26617C69FB71B92041FFFFFFFFFFCAFFF0003B7161C7242B973406F8367
0F292126F3BD8356940EF41C17C808B72B9203FFFFFFFFFFFC9FFF0003B1161C7242B973406F937F
0F271E26F0B68356A60EF2DE17C6F5B72B9203FFFFFFFFFFFC9FFF0003B8161C7242B973406F8397
0F26C126F02E8356AF0EF1BB17C608B72B9103FFFFFFFFFFFC9FFF0003BA161C7242B972406F83AF
0F270D26F09E8356A20EF1A517C5F7B72B9103FFFFFFFFFFFCAFFF0003AD161C7242B972406F83C7
0F277826F13C8356A20EF21517C657B72B9203FFFFFFFFFFFCAFFF0003BC161C7142B972406F83DF
0F274426F0F38356AD0EF22817C661B72B9203FFFFFFFFFFFC9FFF0003BD161C7142B972406F83F7
0F270126F08C8356AE0EF1BA17C608B71B9303FFFFFFFFFFFC9FFF0003BB161C7142B972406F830F
0F274926F0F78356A00EF26017C692B71B9403FFFFFFFFFFFC9FFF0003BB161C7142B971406F8327
0F282326F2348356970EF2A817C6CDB71B9303FFFFFFFFFFFCAFFF0003BA161C7142B971406F833F
0F27EF26F1F58356A40EF2E317C709B71B9203FFFFFFFFFFFCAFFF0003B9161C7142B971406F8357
0F271A26F0B18356A90EF1F017C634B71B9203FFFFFFFFFFFCAFFF0003AE161C7142B971406F836F
0F274426F0F083569F0EF1EB17C631B71B9203FFFFFFFFFFFCAFFF0003B2161C7042B970406F8387
0F277E26F15083569F0EF21B17C65AB71B9303FFFFFFFFFFFC9FFF0003AF161C7042B970406F839F
0F27AE26F18E8356A60EF25217C688B71B9303FFFFFFFFFFFC9FFF0003A0161C7042B970406F83B7
0F27AC26F1918356A60EF25E17C692B72B9303FFFFFFFFFFFC9FFF0003AD161C7042B970406F83CF
0F281826F23B8356990EF30E17C729B72B9303FFFFFFFFFFFCAFFF0003AC161C7042B96F406F83E7
0F282A26F25483569C0EF2EB17C708B72B9203FFFFFFFFFFFCAFFF00039F161C7042B96F406F83FF
0F285A26F29A83569C0EF2F917C716B72B9203FFFFFFFFFFFCAFFF0003A7161C6F42B96F406F8317
0F285626F28F8356900EF38C17C78CB72B9203FFFFFFFFFFFCAFFF0003AB161C6F42B96F406F832F
0F281426F22E83568F0EF34817C750B71B9203FFFFFFFFFFFCAFFF0003AB161C6F42B96F406F8347
0F281826F24383569F0EF2B817C6E3B71B9203FFFFFFFFFFFC9FFF0003A3161C6F42B96E406F835F
0F280626F21B8356A20EF2B717C6DFB70B9257DFFFFFFFFFFC9FFF0003A1161C6F42B96E406F8377
0F27F726F20383568E0EF2B217C6D7B71B9361DFFFFFFFFFFCAFFF0003A7161C6F42B96E406F838F
0F27EC26F1F98356880EF33017C74EB72B9303FFFFFFFFFFFCBFFF0003A5161C6E42B96E406F83A7
0F286D26F2C28356900EF30F17C72CB71B9303FFFFFFFFFFFCAFFF00039C161C6E42B96D406F83BF
0F285726F2888356A20EF35B17C767B71B9203FFFFFFFFFFFCAFFF0003A3161C6E42B96D406F73D7
0F280126F2288356980EF2FD17C71FB71B9103FFFFFFFFFFFCAFFF0003A3161C6E42B96D406F83EF
0F2B9D26F78483568B0EF58D17C93EB71B9103FFFFFFFFFFFCAFFF00039B161C6E42B96D406F8307
0F276E26F13A8356A80EF2B817C6E1B71B9103FFFFFFFFFFFCAFFF00039B161C6E42B96D406F831F
0F270826F0A18356B10EF1F417C63CB71B9203FFFFFFFFFFFCAFFF0003A4161C6E42B96C406F7337
0F27D826F1E38356960EF27917C6ADB73B9203FFFFFFFFFFFCAFFF0003A7161C6D42B96C406F834F
0F27F926F21083568E0EF29317C6C4B74B9103FFFFFFFFFFFC9FFF0003A3161C6D42B96C406F7367
0F280326F21D8356AA0EF2A817C6D7B73B9203FFFFFFFFFFFC9FFF0003AE161C6D42B96C406F837F
0F27EB26F1FE8356AA0EF2C917C6F0B72B9203FFFFFFFFFFFC9FFF0003B0161C6D42B96B406F7397
0F283E26F27A8356950EF2E917C70BB73B9203FFFFFFFFFFFC9FFF0003AF161C6D42B96B406F73AF
0F27CB26F1C58356A50EF29117C6C3B72B9203FFFFFFFFFFFCAFFF0003A0161C6D42B96B406F73C7
0F270626F09B8356BB0EF1FD17C642B71B9203FFFFFFFFFFFCCFFF0003AF161C6C42B96B406F73DF
0F271F26F0C48356AD0EF1D117C620B73B9203FFFFFFFFFFFCAFFF0003B0161C6C42B96A406F73F7
0F276226F12283569D0EF21A17C659B72B9103FFFFFFFFFFFCAFFF0003AF161C6C42B96A406F730F
0F274F26F1088356AA0EF20A17C64CB72B9103FFFFFFFFFFFC9FFF0003A7161C6C42B96A406F6327
0F275826F11383569D0EF20D17C64FB72B9103FFFFFFFFFFFC9FFF0003A5161C6C42B96A406F733F
0F276B26F1328356940EF22417C662B72B9103FFFFFFFFFFFC9FFF0003AA161C6C42B969406F6357
0F271E26F0BE8356AF0EF1E417C62FB73B9203FFFFFFFFFFFC9FFF0003A2161C6B42B969406F636F
0F26B226F0178356B80EF18417C5D8B73B9203FFFFFFFFFFFC9FFF0003A3161C6B42B969406F7387
0F26F626F0808356A50EF1B417C604B74B9203FFFFFFFFFFFCAFFF0003AD161C6B42B969406F639F
0F273826F0E883569E0EF1DA17C623B73B9203FFFFFFFFFFFCAFFF0003AF161C6B42B969406F73B7
0F273A26F0E383569D0EF1F417C638B73B9203FFFFFFFFFFFCAFFF0003A2161C6B42B968406F73CF
0F275826F1158356910EF20517C646B73B9103FFFFFFFFFFFCBFFF0003B3161C6B42B968406F63E7
0F276226F1208356920EF20E17C650B73B9103FFFFFFFFFFFCAFFF0003B5161C6B42B968406F63FF
0F272326F0C08356A20EF1E317C62BB73B9103FFFFFFFFFFFCAFFF0003AF161C6A42B968406F6317
0F26BB26F01F8356AD0EF18717C5DBB73B9203FFFFFFFFFFFCAFFF0003B7161C6A42B967406F732F
0F26CF26F03E8356A30EF18817C5DCB72B9203FFFFFFFFFFFCAFFF0003B0161C6A42B967406F6347
0F270926F09783569A0EF1C617C610B71B9203FFFFFFFFFFFC8FFF0003B8161C6A42B967406F635F
0F26E026F05583569A0EF1BB17C607B71B9303FFFFFFFFFFFCAFFF0003B9161C6A42B967406F6377
0F26EB26F06B8356930EF1A217C5F3B72B9203FFFFFFFFFFFCBFFF0003BB161C6A42B966406F638F
0F26E226F05B8356960EF1A017C5F2B73B9203FFFFFFFFFFFCAFFF0003BB161C6942B966406F63A7
0F269926EFE38356A00EF15C17C5B9B73B9103FFFFFFFFFFFC9FFF0003B8161C6942B966406F63BF
0F266326EF968356A20EF13117C594B73B9103FFFFFFFFFFFC9FFF0003A9161C6942B966406F63D7
0F266726EF988356A30EF13C17C59CB73B9103FFFFFFFFFFFC9FFF0003B9161C6942B965406F63EF
0F264C26EF6E8356AB0EF10617C570B73B9203FFFFFFFFFFFCAFFF0003B8161C6942B965406F6307
0F265B26EF8783569F0EF11D17C580B73B9103FFFFFFFFFFFCAFFF0003B7161C6942B965406F631F
0F26CA26F0368356940EF17917C5D1B73B9203FFFFFFFFFFFCAFFF0003B8161C6942B965406F6337
0F267B26EFB48356A50EF14017C5A1B74B9203FFFFFFFFFFFC9FFF0003B2161C6842B965406F634F
0F261826EF208356AB0EF0E517C54FB74B9203FFFFFFFFFFFCAFFF0003BB161C6842B964406F6367
0F265026EF778356A20EF0FF17C569B73B9203FFFFFFFFFFFCBFFF0003B4161C6842B964406F637F
0F266926EF9F83569F0EF11B17C580B73B9203FFFFFFFFFFFCAFFF0003BB161C6842B964406F6397
0F264F26EF758356A90EF10F17C574B73B9203FFFFFFFFFFFC9FFF0003AC161C6842B964406F63AF
0F261226EF118356B10EF0D817C547B73B9203FFFFFFFFFFFC9FFF0003BD161C6842B963406F63C7
0F260126EEFB8356B40EF0B717C52AB74B9203FFFFFFFFFFFCAFFF0003BF161C6842B963406F63DF
0F260C26EF098356AE0EF0DE17C549B74B9303FFFFFFFFFFFC9FFF0003BC161C6742B963406F63F7
0F261A26EF228356A50EF10117C569B74B9203FFFFFFFFFFFC9FFF0003B2161C6742B963406F630F
0F260E26EF0F8356B20EF0C917C53AB74B9203FFFFFFFFFFFCAFFF0003BF161C6742B962406F6327
0F25F526EEE98356BB0EF0B717C528B74B9203FFFFFFFFFFFCAFFF0003BB161C6742B962406F633F
0F261926EF1B8356B00EF0C017C532B74B9203FFFFFFFFFFFCAFFF0003BA161C6742B962406F6357
0F261626EF1A8356B20EF0D117C540B73B9203FFFFFFFFFFFCAFFF0003AA161C6742B962406F636F
0F262126EF288356BB0EF0CA17C53AB74B9303FFFFFFFFFFFC9FFF0003B6161C6642B962406F5387
0F263326EF478356B70EF0DD17C54AB74B9303FFFFFFFFFFFC9FFF0003AB161C6642B961406F639F
0F262D26EF3C8356B20EF0DB17C549B74B9203FFFFFFFFFFFCAFFF0003B0161C6642B961406F63B7
0F260026EEF68356B70EF0C317C533B74B9203FFFFFFFFFFFCAFFF0003B0161C6642B961406F53CF
0F261726EF228356B90EF0C017C533B75B9303FFFFFFFFFFFCAFFF0003A7161C6642B961406F53E7
0F260E26EF0B8356B80EF0C517C535B75B9203FFFFFFFFFFFC9FFF0003A1161C6642B961406F53FF
0F260226EEFF8356BD0EF0C617C537B75B9203FFFFFFFFFFFC8FFF0003A6161C6542B960406F6317
0F25F326EEE58356C50EF0A317C51AB74B9203FFFFFFFFFFFC8FFF0003A6161C6542B960406F632F
0F25D926EEBB8356CA0EF08217C4FEB75B9203FFFFFFFFFFFCAFFF0003A0161C6542B960406F5347
0F25C726EEA08356CC0EF08B17C504B74B9203FFFFFFFFFFFCAFFF0003A2161C6542B960406F535F
0F25C326EE998356CB0EF07017C4E9B73B9203FFFFFFFFFFFCAFFF000394161C6542B95F406F5377
0F25C826EE9F8356C70EF07C17C4F6B73B9303FFFFFFFFFFFC9FFF0003A4161C6542B95F406F538F
0F25B526EE7E8356CF0EF06D17C4EAB74B9303FFFFFFFFFFFC9FFF00039F161C6542B95F406F53A7
0F25A026EE5D8356D90EF05317C4D4B74B9203FFFFFFFFFFFC9FFF0003AA161C6442B95F406F53BF
0F24FF26ED628356E40EEFF617C482B74B9303FFFFFFFFFFFCAFFF0003A5161C6442B95F406F53D7
0F241426EC008356F20EEF2B17C3D5B74B9303FFFFFFFFFFFCAFFF0003AF161C6442B95E406F53EF
0F23F626EBCD8356F10EEEC117C380B73B9303FFFFFFFFFFFC9FFF0003B3161C6442B95E406F5307
0F240926EBE98356EC0EEEF117C3A5B74B9403FFFFFFFFFFFC9FFF0003B8161C6442B95E406F531F
0F23F726EBCF8356F10EEED217C38EB74B9503FFFFFFFFFFFCAFFF0003B6161C6442B95E406F5337
0F23E026EBAF8356FA0EEE9E17C362B74B9503FFFFFFFFFFFCAFFF0003BB161C6442B95D406F534F
0F23A726EB528357020EEE7E17C344B74B9403FFFFFFFFFFFCBFFF0003C4161C6342B95D406F5367
0F236B26EAF98357070EEE3B17C310B74B9403FFFFFFFFFFFCAFFF0003BB161C6342B95D406F537F
0F232226EA898357130EEDEE17C2CEB75B9403FFFFFFFFFFFCAFFF0003C1161C6342B95D406F5397
0F22CB26E9FD8357200EEDA817C290B75B9503FFFFFFFFFFFCAFFF0003BE161C6342B95D406F53AF
0F22BE26E9E68357170EED9017C27DB75B9503FFFFFFFFFFFCAFFF0003C8161C6342B95C406F53C7
0F22DA26EA1783570D0EEDB617C29CB76B9503FFFFFFFFFFFC9FFF0003C6161C6342B95C406F53DF
0F22A626E9C38357210EED7317C262B75B9503FFFFFFFFFFFC9FFF0003CA161C6242B95C406F53F7
0F22A126E9B98357290EED6217C253B75B9503FFFFFFFFFFFCAFFF0003CB161C6242B95C406F430F
0F22AD26E9CE83571D0EED6317C253B75B9603FFFFFFFFFFFCAFFF0003CB161C6242B95C406F4327
0F22B126E9D58357220EED6A17C25BB75B9503FFFFFFFFFFFCAFFF0003CD161C6242B95B406F533F
0F229826E9AF8357370EED5917C24BB75B9503FFFFFFFFFFFCAFFF0003CE161C6242B95B406F5357
0F229826E9AB8357360EED5117C245B75B9603FFFFFFFFFFFCAFFF0003BE161C6242B95B406F536F
0F229D26E9B483572C0EED5517C248B75B9503FFFFFFFFFFFCAFFF0003CC161C6242B95B406F5387
0F229726E9AD83573B0EED4E17C245B76B9503FFFFFFFFFFFCAFFF0003C7161C6142B95B406F539F
0F229826E9AE8357420EED4E17C243B76B9503FFFFFFFFFFFCAFFF0003D1161C6142B95A406F43B7
0F229E26E9B783572C0EED5617C249B76B9403FFFFFFFFFFFCAFFF0003CE161C6142B95A406F53CF
0F22A826E9CA83571C0EED5A17C24EB75B9503FFFFFFFFFFFCAFFF0003C7161C6142B95A406F43E7
0F229E26E9BD8357430EED5017C24AB75B9403FFFFFFFFFFFCAFFF0003C3161C6142B95A406F43FF
0F229626E9AC8357540EED5217C249B77B9503FFFFFFFFFFFCAFFF0003C4161C6142B95A406F4317
0F229D26E9BA83573F0EED5017C246B78B9403FFFFFFFFFFFC9FFF0003CC161C6142B959406F432F
0F22A426E9C483573D0EED5717C24CB79B9503FFFFFFFFFFFC9FFF0003C9161C6042B959406F4347
0F22A526E9C58357430EED5D17C250B78B9503FFFFFFFFFFFC9FFF0003C5161C6042B959406F435F
0F22A826E9CA8357400EED6517C256B77B9603FFFFFFFFFFFC9FFF0003C5161C6042B959406F4377
0F22AC26E9D083573D0EED6417C257B76B9703FFFFFFFFFFFCAFFF0003C4161C6042B958406F438F
0F229626E9B38357510EED5217C24CB77B9703FFFFFFFFFFFCAFFF0003C2161C6042B958406F43A7
0F228426E9928357600EED4217C23BB76B9703FFFFFFFFFFFCAFFF0003BD161C6042B958406F43BF
0F228D26E99E83574F0EED4517C23FB76B9703FFFFFFFFFFFCAFFF0003B3161C5F42B958406F43D7
0F229B26E9B88357400EED4C17C244B76B9603FFFFFFFFFFFC9FFF0003BA161C5F42B957406F43EF
0F22B526E9E08357490EED5B17C252B76B9603FFFFFFFFFFFC9FFF0003B8161C5F42B957406F4307
0F22C726E9FB8357500EED7517C268B77B9503FFFFFFFFFFFCAFFF0003AD161C5F42B957406F431F
0F22D126EA0C8357520EED8217C274B78B9603FFFFFFFFFFFCAFFF0003B1161C5F42B957406F4337
0F22C726E9FD83575C0EED7C17C26DB78B9603FFFFFFFFFFFCAFFF0003A6161C5F42B957406F434F
0F22B026E9DE8357640EED6917C25FB77B9603FFFFFFFFFFFCAFFF0003A4161C5F42B956406F4367
0F22B126E9DD8357620EED6A17C25FB77B9603FFFFFFFFFFFC9FFF0003AC161C5E42B956406F437F
0F22B826E9E88357540EED7017C264B77B9603FFFFFFFFFFFC9FFF0003A6161C5E42B956406F4397
0F22B826E9EC8357520EED7417C266B76B9703FFFFFFFFFFFCAFFF0003AB161C5E42B956406F43AF
0F229C26E9C08357640EED5D17C259B76B9703FFFFFFFFFFFCAFFF0003AC161C5E42B955406F43C7
0F226F26E97C8357720EED2F17C231B76B9703FFFFFFFFFFFCAFFF0003A9161C5E42B955406F43DF
0F226F26E97C8357790EED2417C228B76B9703FFFFFFFFFFFC9FFF0003A7161C5E42B955406F43F7
0F227426E98683577D0EED2C17C22FB76B9703FFFFFFFFFFFCAFFF000398161C5D42B955406F430F
0F226A26E9788357810EED2917C22AB76B9603FFFFFFFFFFFC9FFF0003A5161C5D42B954406F3327
0F226926E97983577A0EED2917C22BB76B9703FFFFFFFFFFFC8FFF000392161C5D42B954406F433F
0F226C26E9798357730EED2817C229B78B9703FFFFFFFFFFFC9FFF00039B161C5D42B954406F3357
0F225C26E9668357820EED1D17C223B79B9803FFFFFFFFFFFCAFFF000395161C5D42B954406F336F
0F223B26E93483579B0EECFE17C20AB78B9803FFFFFFFFFFFCAFFF000390161C5D42B954406F3387
0F222A26E91D8357A70EECE717C1F8B77B9803FFFFFFFFFFFC9FFF00038B161C5D42B953406F339F
0F222D26E9208357980EECE717C1F8B78B9703FFFFFFFFFFFCBFFF000380161C5C42B953406F33B7
0F223226E9258357840EECF217C1FEB78B9703FFFFFFFFFFFCAFFF000384161C5C42B953406F33CF
0F223126E9268357910EECEB17C1FDB77B9703FFFFFFFFFFFC9FFF00037B161C5C42B953406F33E7
0F221E26E90B8357A90EECDD17C1F3B77B9703FFFFFFFFFFFCAFFF000381161C5C42B952406F33FF
0F220B26E8F08357AE0EECC917C1E0B78B9703FFFFFFFFFFFCAFFF000380161C5C42B952406F3317
0F220F26E8F38357AC0EECC717C1E0B77B9603FFFFFFFFFFFC9FFF00037F161C5C42B952406F332F
0F21FD26E8DB8357AF0EECC817C1DFB76B9603FFFFFFFFFFFC9FFF000370161C5C42B952406F3347
0F21E126E8AC8357AF0EECA617C1C3B76B9603FFFFFFFFFFFCAFFF00037F161C5B42B952406F335F
0F21E026E8AD8357A90EEC9D17C1BCB77B9603FFFFFFFFFFFCAFFF000382161C5B42B951406F3377
0F21D226E89A8357AE0EEC9717C1B8B77B9603FFFFFFFFFFFC9FFF000380161C5B42B951406F338F
0F21D026E8968357B50EEC8B17C1AEB77B9703FFFFFFFFFFFC9FFF000382161C5B42B951406F33A7
0F21D526E89C8357BF0EEC8B17C1B1B78B9603FFFFFFFFFFFCAFFF000385161C5B42B951406F33BF
0F21BB26E87B8357CE0EEC8117C1A8B79B9603FFFFFFFFFFFCAFFF000384161C5B42B951406F33D7
0F21BF26E8828357D00EEC7C17C1A3B7AB9603FFFFFFFFFFFC9FFF000389161C5B42B950406F33EF
0F21E826E8BF8357B90EECA017C1BFB7AB9703FFFFFFFFFFFC9FFF000385161C5A42B950406F2307
0F21F926E8D68357B40EECA317C1C2B79B9703FFFFFFFFFFFC8FFF000399161C5A42B950406F231F
0F21FD26E8DC8357B80EECB617C1D2B78B9803FFFFFFFFFFFCBFFF00039D161C5A42B950406F3337
0F21E826E8BD8357C30EECA917C1CBB77B9703FFFFFFFFFFFCAFFF0003A1161C5A42B94F406F334F
0F21D026E89F8357DD0EEC8517C1AEB78B9803FFFFFFFFFFFCAFFF0003A5161C5A42B94F406F2367
0F21E726E8C28357E90EEC9D17C1C2B78B9803FFFFFFFFFFFCAFFF0003AA161C5A42B94F406F237F
0F21EF26E8CB8357D30EECB017C1CEB79B9703FFFFFFFFFFFCAFFF0003A6161C5942B94F406F2397
0F220726E8F48357BD0EECC017C1DDB79B9703FFFFFFFFFFFCAFFF0003B1161C5942B94E406F33AF
0F220626E8EB8357C40EECBD17C1DAB79B9703FFFFFFFFFFFCAFFF0003AF161C5942B94E406F33C7
0F220626E8ED8357CD0EECBD17C1DBB78B9703FFFFFFFFFFFC9FFF0003BA161C5942B94E406F23DF
0F220926E8F28357CB0EECC217C1DEB79B9703FFFFFFFFFFFC9FFF0003BB161C5942B94E406F23F7
0F220C26E8F88357D30EECC417C1E0B79B9703FFFFFFFFFFFCAFFF0003BA161C5942B94E406F230F
0F220B26E8F88357DE0EECC417C1E2B7AB9703FFFFFFFFFFFCAFFF0003BB161C5842B94D406F2327
0F220926E8F48357DB0EECCA17C1E5B7AB9803FFFFFFFFFFFCAFFF0003B5161C5842B94D406F233F
0F222026E91A8357CF0EECDB17C1F3B79B9803FFFFFFFFFFFC9FFF0003BF161C5842B94D406F2357
0F222A26E9268357C90EECE017C1F9B79B9803FFFFFFFFFFFC9FFF0003BD161C5842B94D406F236F
0F222626E9228357CC0EECE117C1F8B79B9803FFFFFFFFFFFCAFFF0003C3161C5842B94C406F2387
0F222926E9258357C90EECE117C1F7B7AB9803FFFFFFFFFFFC9FFF0003BE161C5842B94C406F239F
0F222626E9268357D10EECDF17C1FBB7AB9703FFFFFFFFFFFCAFFF0003C6161C5842B94C406F23B7
0F21FF26E8E78357E80EECCC17C1EBB7AB9703FFFFFFFFFFFCAFFF0003BE161C5742B94C406F23CF
0F21E026E8B98357E70EECAD17C1CEB7AB9703FFFFFFFFFFFC8FFF0003C7161C5742B94B406F23E7
0F221A26E9108357CE0EECDA17C1F4B79B9703FFFFFFFFFFFC8FFF0003C2161C5742B94B406F23FF
0F222C26E92C8357C70EECE017C1FAB78B9703FFFFFFFFFFFCAFFF0003C5161C5742B94B406F2317
0F222626E9208357CF0EECE117C1FBB78B9703FFFFFFFFFFFCAFFF0003D0161C5742B94B406F232F
0F222326E91D8357D90EECDD17C1F9B79B9703FFFFFFFFFFFCAFFF0003CA161C5742B94A406F2347
0F221D26E9188357E20EECD317C1F0B79B9703FFFFFFFFFFFC9FFF0003CB161C5642B94A406F235F
0F221C26E9148357E40EECDA17C1F7B7AB9803FFFFFFFFFFFC9FFF0003D5161C5642B94A406F2377
0F221926E9118357E40EECE217C1FCB79B9803FFFFFFFFFFFCAFFF0003D0161C5642B94A406F238F
0F222426E91E8357DC0EECE717C200B79B9803FFFFFFFFFFFCAFFF0003D4161C5642B949406F23A7
0F223226E9368357D30EECF117C208B79B9803FFFFFFFFFFFCAFFF0003DB161C5642B949406F23BF
0F223126E9368357D50EECF017C207B79B9803FFFFFFFFFFFC9FFF0003DE161C5642B949406F23D7
0F221C26E9148357DD0EECDC17C1F8B7AB9803FFFFFFFFFFFC9FFF0003D7161C5542B949406F13EF
0F221A26E9148357DF0EECD617C1F1B79B9803FFFFFFFFFFFCAFFF0003DF161C5542B948406F2307
0F220B26E8FC8357E70EECCE17C1ECB79B9803FFFFFFFFFFFCAFFF0003DF161C5542B948406F231F
0F220F26E9038357E10EECC717C1E5B79B9803FFFFFFFFFFFCAFFF0003D8161C5542B948406F2337
0F222126E91E8357D90EECD917C1F4B78B9903FFFFFFFFFFFCAFFF0003D7161C5542B948406F234F
0F221E26E9168357D90EECDA17C1F4B79B9803FFFFFFFFFFFCBFFF0003DC161C5542B947406F2367
0F221B26E9148357D60EECD617C1F1B79B9803FFFFFFFFFFFCBFFF0003DA161C5442B947406F237F
0F222B26E92A8357DA0EECE317C200B79B9803FFFFFFFFFFFC9FFF0003C9161C5442B947406F2397
0F221B26E9138357E80EECDC17C1FAB78B9803FFFFFFFFFFFC9FFF0003D6161C5442B947406F23AF
0F220626E8F28357E20EECD917C1F5B77B9703FFFFFFFFFFFC9FFF0003D3161C5442B947406F23C7
0F221126E9078357D80EECDA17C1F5B77B9703FFFFFFFFFFFC9FFF0003C2161C5442B946406F13DF
0F220D26E8FD8357DA0EECCA17C1E6B78B9803FFFFFFFFFFFCAFFF0003CF161C5442B946406F23F7
0F221826E9108357D70EECCE17C1EBB79B9803FFFFFFFFFFFC8FFF0003CE161C5442B946406F130F
0F222226E91E8357D20EECDD17C1F7B79B9703FFFFFFFFFFFC8FFF0003C8161C5342B945406F1327
0F221826E9118357D00EECDA17C1F6B78B9803FFFFFFFFFFFCAFFF0003B5161C5342B945406F133F
0F220E26E9038357D60EECC717C1E8B78B9803FFFFFFFFFFFCAFFF0003A2161C5342B945406F1357
0F220526E8F78357E50EECBF17C1E1B7AB9803FFFFFFFFFFFC9FFF00038A161C5342B945406F136F
0F220726E8F28357E00EECC117C1E1B79B9903FFFFFFFFFFFC9FFF000376161C5342B945406F2387
0F222226E9228357CD0EECE517C1FFB7AB9903FFFFFFFFFFFCAFFF000355161C5342B944406F139F
0F222126E91B8357CA0EECE917C202B7AB9903FFFFFFFFFFFCAFFF00034A161C5242B944406F23B7
0F220D26E9008357D50EECC517C1E5B7AB9903FFFFFFFFFFFCAFFF00033C161C5242B944406F13CF
0F221326E90B8357DA0EECD017C1EFB79B9903FFFFFFFFFFFCAFFF000326161C5242B944406F13E7
0F221326E9078357D20EECCF17C1EBB79B9903FFFFFFFFFFFCAFFF000333161C5242B943406F13FF
0F221926E90E8357CE0EECD117C1EDB79B9803FFFFFFFFFFFC9FFF000336161C5242B943406F1317
0F221726E9128357D10EECD117C1EFB78B99047FFFFFFFFFFC9FFF00033A161C5242B943406F132F
0F220926E8FB8357DF0EECC617C1E6B78B985CDFFFFFFFFFFC9FFF00034F161C5142B943406F1347
0F220826E8F88357DE0EECC017C1E1B79B98882FFFFFFFFFFC8FFF00036D161C5142B942406F135F
0F221826E9148357CA0EECD517C1F2B79B9803FFFFFFFFFFFCAFFF000377161C5142B942406F1377
0F221D26E91A8357C50EECD617C1F3B78B9803FFFFFFFFFFFCAFFF000384161C5142B942406F138F
0F221726E9118357D20EECD017C1F0B79B9803FFFFFFFFFFFCBFFF000398161C5142B942406F03A7
0F221626E90C8357E50EECC917C1EBB79B9803FFFFFFFFFFFCAFFF00039E161C5142B942406F13BF
0F221826E9128357EF0EECD117C1F0B7AB9839BFFFFFFFFFFC9FFF00039D161C5142B941406F13D7
0F221926E9118357DB0EECD417C1F3B7AB986F4FFFFFFFFFFCAFFF000393161C5042B941406F03EF
0F221B26E9178357CA0EECD617C1F3B79B9803FFFFFFFFFFFC9FFF00039A161C5042B941406F1307
0F221D26E91F8357DA0EECD717C1F4B7AB9903FFFFFFFFFFFC9FFF00039D161C5042B941406F031F
0F222226E91F8357E70EECD917C1F9B7AB9903FFFFFFFFFFFCAFFF00039D161C5042B940406F0337
0F222B26E92C8357E10EECDF17C1FCB7BB9803FFFFFFFFFFFCAFFF0003A4161C5042B940406F034F
0F222626E92C8357E80EECDD17C1FDB7AB98239FFFFFFFFFFC9FFF00039B161C5042B940406F0367
0F222626E92E8357F20EECDD17C1FDB7AB98C32FFFFFFFFFFC9FFF0003B5161C4F42B940406F137F
0F222726E92B8357EF0EECE017C1FDB79B98371FFFFFFFFFFC9FFF0003B7161C4F42B940406F1397
0F222C26E9328357E80EECE317C1FFB79B9803FFFFFFFFFFFCAFFF0003B3161C4F42B93F406F03AF
0F223226E9418357EF0EECE517C203B79B9803FFFFFFFFFFFCAFFF0003A5161C4F42B93F406F03C7
0F223826E9478357F80EECEC17C20AB7BB9703FFFFFFFFFFFC9FFF0003A5161C4F42B93F406F03DF
0F223A26E9498357F60EECF017C20BB7CB98126FFFFFFFFFFC9FFF000393161C4F42B93F406F03F7
0F223A26E9498357F50EECF117C20FB7BB98A84FFFFFFFFFFC9FFF000383161C4E42B93E406F030F
0F224126E9578358030EECF517C213B7BB99314FFFFFFFFFFCAFFF00036F161C4E42B93E406F0327
0F224726E95A8358060EECFE17C219B7BB9A03FFFFFFFFFFFC9FFF00035A161C4E42B93E406F033F
0F224826E9658357FC0EED0217C21CB7AB9A03FFFFFFFFFFFC9FFF00033A161C4E42B93E406F0357
0F224B26E96A8358070EED0117C21EB7BB9903FFFFFFFFFFFC9FFF000339161C4E42B93E406F036F
0F225026E97083580D0EED0717C221B7BB9906CFFFFFFFFFFC9FFF00031C161C4E42B93D406F0387
0F225026E9748357FD0EED0817C221B7BB9992FFFFFFFFFFFC9FFF000318161C4E42B93D406F039F
0F225226E9768357F70EED0A17C224B7BB982E9FFFFFFFFFFCAFFF000304161C4D42B93D406F03B7
0F225326E97883580C0EED0717C225B7AB9981CFFFFFFFFFFC9FFF0002EF161C4D42B93D406F03CF
0F226426E98D8358160EED1717C230B79B995EDFFFFFFFFFFC9FFF0002EA161C4D42B93D406F03E7
0F226026E98A83580B0EED1817C230B79B9903FFFFFFFFFFFC9FFF0002F3161C4D42B93C406F03FF
0F226526E9908358060EED1917C230B7AB9803FFFFFFFFFFFCAFFF0002FA161C4D42B93C406F0317
0F226126E98C83580B0EED1817C232B7AB9803FFFFFFFFFFFC8FFF000306161C4D42B93C406F032F
0F226426E9948358170EED1B17C235B79B9803FFFFFFFFFFFCAFFF00030F161C4C42B93C406F0347
0F226726E9978358140EED1C17C233B79B986B1FFFFFFFFFFCAFFF000322161C4C42B93B406F035F
0F226F26E9A38358060EED2417C239B79B9852DFFFFFFFFFFCAFFF00032E161C4C42B93B406F0377
0F227026E9A38358060EED2617C23CB79B9703FFFFFFFFFFFCAFFF000330161C4C42B93B406F038F
0F227726E9B383581A0EED2D17C245B7AB9703FFFFFFFFFFFCAFFF000339161C4C42B93B406F03A7
0F227E26E9B683581D0EED3217C248B79B9803FFFFFFFFFFFC9FFF000332161C4C42B93B406F03BF
0F228126E9C38358150EED3917C24DB7AB9803FFFFFFFFFFFC8FFF000324161C4C42B93A406F03D7
0F228826E9C683580D0EED3B17C24EB7AB995BCFFFFFFFFFFC9FFF000344161C4B42B93A406F03EF
0F227A26E9B88358150EED3717C24DB79B994ABFFFFFFFFFFCAFFF00035E161C4B42B93A406F0307
0F227826E9B28358180EED2D17C242B79B9903FFFFFFFFFFFCAFFF00038A161C4B42B93A406F031F
0F227B26E9B183580D0EED3417C249B79B9A03FFFFFFFFFFFCAFFF0003B2161C4B42B939406F0337
0F226E26E9A88358160EED2917C241B79B9A03FFFFFFFFFFFCAFFF0003CB161C4B42B939406F034F
0F226E26E9A48358240EED2317C23CB7AB9903FFFFFFFFFFFC9FFF0003EE161C4B42B939406F0367
0F227326E9AD83581E0EED2817C23FB79B993D6FFFFFFFFFFC9FFF0003F4161C4A42B939406F037F
0F226E26E9A98358140EED2817C240B79B99DC8FFFFFFFFFFCAFFF000414161C4A42B939406F0397
0F226E26E9A68358210EED2317C23EB7BB99083FFFFFFFFFFC9FFF00041C161C4A42B938406EF3AF
0F225926E98683582C0EED1D17C239B7BB9903FFFFFFFFFFFC9FFF00041B161C4A42B938406F03C7
0F226326E9978358260EED1917C233B7BB9A1E7FFFFFFFFFFCAFFF000417161C4A42B938406F03DF
0F224F26E97583582C0EED1B17C234B7BB99815FFFFFFFFFFCAFFF000413161C4A42B938406F03F7
0F220C26E90F8358330EECDE17C201B7BB9903FFFFFFFFFFFCAFFF00040F161C4A42B938406F030F
0F222126E9308358290EECFA17C21AB7BB9903FFFFFFFFFFFCAFFF00040A161C4942B937406F0327
0F220826E90B83582B0EECDE17C204B7BB9803FFFFFFFFFFFCAFFF000406161C4942B937406F033F
0F21FC26E8FC83583E0EECBD17C1E8B7BB9903FFFFFFFFFFFC9FFF000401161C4942B937406F0357
0F220D26E9138358420EECCB17C1F4B7AB99185FFFFFFFFFFCAFFF0003F9161C4942B937406F036F
0F221626E9248358370EECDA17C1FEB79B99A55FFFFFFFFFFC9FFF000406161C4942B937406EF387
0F223726E95583583A0EECF517C217B79B996A1FFFFFFFFFFC9FFF00040A161C4942B936406F039F
0F225326E98283583C0EED0017C222B78B9903FFFFFFFFFFFCAFFF000409161C4842B936406F03B7
0F223E26E9598358320EED1317C22DB79B9907AFFFFFFFFFFCAFFF000413161C4842B936406EE3CF
0F21F226E8E983583D0EECB717C1E2B7AB999BCFFFFFFFFFFCAFFF00040B161C4842B936406EF3E7
0F219A26E8698358530EEC6817C1A1B7AB99307FFFFFFFFFFCAFFF00040C161C4842B936406F03FF
0F21A426E87483584E0EEC7717C1ADB7AB9803FFFFFFFFFFFC9FFF000406161C4842B935406EE317
0F21D526E8C08358430EEC9A17C1CBB7BB9903FFFFFFFFFFFC9FFF000403161C4842B935406EF32F
0F21D326E8BE8358470EEC9F17C1D0B7BB9903FFFFFFFFFFFC9FFF0003FD161C4842B935406EF347
0F21F926E8F98358380EECBD17C1E8B7BB9904CFFFFFFFFFFCAFFF00040C161C4742B935406EF35F
0F221A26E9278358320EECCB17C1F4B7AB99751FFFFFFFFFFCAFFF000413161C4742B934406EF377
0F221126E91D8358500EECC817C1F6B7AB992A1FFFFFFFFFFCAFFF00041B161C4742B934406EE38F
0F21D326E8BA8358590EECB017C1DEB7CB9903FFFFFFFFFFFCAFFF000427161C4742B934406EE3A7
0F221026E91D83584C0EECB917C1E7B7CB9A03FFFFFFFFFFFCAFFF000424161C4742B934406EE3BF
0F221426E91E83584F0EECE917C20DB7BB9903FFFFFFFFFFFCBFFF00042B161C4742B934406EF3D7
0F21D726E8C28358540EECA317C1D2B7CB99051FFFFFFFFFFCAFFF00042F161C4642B934406EF3EF
0F21FC26E8FF83583E0EECBB17C1E8B7CB9A7AFFFFFFFFFFFC8FFF000432161C4642B933406F0307
0F222D26E9488358310EECD217C1FAB7CB9A2A6FFFFFFFFFFC8FFF00042B161C4642B933406EE31F
0F221B26E92D8358450EECDF17C208B7BB9A03FFFFFFFFFFFC9FFF000430161C4642B933406EF337
0F21ED26E8E48358520EECB117C1E0B7AB9A03FFFFFFFFFFFCAFFF000428161C4642B933406EE34F
0F21EB26E8E38358570EECA117C1D3B79B9A03FFFFFFFFFFFCAFFF000432161C4642B932406EE367
0F21FB26E8F78358520EECAF17C1DDB79B9903FFFFFFFFFFFCAFFF000434161C4642B932406EE37F
0F220F26E91D8358380EECC917C1F1B79B9A03FFFFFFFFFFFCAFFF00042E161C4542B932406EE397
0F222326E9368358310EECCF17C1F8B7AB9903FFFFFFFFFFFCAFFF000436161C4542B932406EE3AF
0F222A26E94483583F0EECDB17C203B7AB9903FFFFFFFFFFFC9FFF000430161C4542B932406EE3C7
0F222726E93F8358480EECE117C209B7AB990DCFFFFFFFFFFCBFFF000437161C4542B931406EE3DF
0F223326E94E8358480EECE517C20DB7AB99796FFFFFFFFFFCBFFF000436161C4542B931406EE3F7
0F223126E94F8358520EECE717C20EB7AB99073FFFFFFFFFFCBFFF000428161C4542B931406EE30F
0F223826E9568358520EECEF17C212B7AB9903FFFFFFFFFFFCAFFF000435161C4542B931406EE327
0F224626E96C8358440EED0717C227B7AB9903FFFFFFFFFFFCAFFF000428161C4442B931406EE33F
0F224926E97183584B0EED0717C22AB7BB9903FFFFFFFFFFFC9FFF000439161C4442B930406EE357
0F225926E9898358520EED0C17C22CB7AB99104FFFFFFFFFFC8FFF000438161C4442B930406EE36F
0F227126E9B18358410EED2117C23DB78B988D8FFFFFFFFFFC8FFF000433161C4442B930406EE387
0F228D26E9E28358480EED3017C24EB77B989E1FFFFFFFFFFCAFFF000432161C4442B930406EE39F
0F227126E9B28358670EED3617C252B77B9903FFFFFFFFFFFCBFFF000439161C4442B930406EE3B7
0F223F26E9648358670EED0217C226B79B9903FFFFFFFFFFFCAFFF00043B161C4342B92F406EE3CF
0F227226E9B683584F0EED3E17C257B7AB9903FFFFFFFFFFFC9FFF000435161C4342B92F406EE3E7
0F226726E9A283584B0EED3817C252B7AB9903FFFFFFFFFFFC9FFF00043E161C4342B92F406EE3FF
0F225E26E9928358520EED1617C236B7AB9903FFFFFFFFFFFC9FFF00043F161C4342B92F406EE317
0F227E26E9C683584C0EED2A17C248B7AB9A03FFFFFFFFFFFCAFFF000438161C4342B92F406EE32F
0F22A026E9FC83584B0EED4C17C264B7AB9A03FFFFFFFFFFFC9FFF000440161C4342B92E406EE347
0F22A626EA0583585B0EED5617C26EB7BB9A03FFFFFFFFFFFC9FFF000438161C4342B92E406EE35F
0F22AB26EA0C83585F0EED6417C278B7AB9903FFFFFFFFFFFCAFFF00043E161C4242B92E406EE377
0F22B626EA1D8358560EED7517C285B7AB9803FFFFFFFFFFFCAFFF00043E161C4242B92E406EE38F
0F229826E9EF83585B0EED6117C275B7BB9803FFFFFFFFFFFCAFFF000436161C4242B92E406EE3A7
0F227B26E9C483585E0EED3F17C25BB7AB9803FFFFFFFFFFFCAFFF00043C161C4242B92D406EE3BF
0F229D26E9FB83584D0EED5D17C272B7AB9803FFFFFFFFFFFCBFFF00042D161C4242B92D406ED3D7
0F22C226EA2D8358480EED7617C287B7AB9803FFFFFFFFFFFCAFFF00043A161C4242B92D406ED3EF
0F226326E9A28358630EED3317C253B7AB9803FFFFFFFFFFFC9FFF000429161C4142B92D406EE307
0F222F26E94F8358690EECFB17C220B7BB9903FFFFFFFFFFFC9FFF000434161C4142B92D406EE31F
0F226426E9A08358510EED2117C242B7AB9903FFFFFFFFFFFCAFFF000432161C4142B92C406ED337
0F227A26E9C383585B0EED2417C245B7AB9903FFFFFFFFFFFCAFFF000430161C4142B92C406ED34F
0F226626E9A583586A0EED2F17C24DB7AB9903FFFFFFFFFFFCAFFF00042A161C4142B92C406EE367
0F22AE26EA138358550EED6917C27BB7AB99AEEFFFFFFFFFFCAFFF00042B161C4142B92C406ED37F
0F22D126EA4783584F0EED7517C288B7BB980A0FFFFFFFFFFC9FFF00042C161C4042B92B406EE397
0F227126E9AE83585C0EED5417C261B7BB9803FFFFFFFFFFFCAFFF000429161C4042B92B406ED3AF
0F223D26E9648358530EED0917C22CB7AB9803FFFFFFFFFFFCAFFF000426161C4042B92B406ED3C7
0F223E26E9628358520EECFD17C223B7AB9903FFFFFFFFFFFCAFFF00041D161C4042B92B406ED3DF
0F222C26E94A8358660EECEA17C214B7AB9903FFFFFFFFFFFCAFFF000424161C4042B92B406ED3F7
0F223D26E9608358610EECF917C21EB7CB9A03FFFFFFFFFFFC9FFF00041F161C4042B92A406ED30F
0F226A26E9AE8358480EED1617C236B7BB9A03FFFFFFFFFFFC9FFF000422161C4042B92A406ED327
0F226326E99C8358480EED2217C242B7AB9A03FFFFFFFFFFFC9FFF000424161C3F42B92A406ED33F
0F228626E9D383584F0EED2A17C248B7AB9A03FFFFFFFFFFFC9FFF000425161C3F42B92A406EE357
0F22B626EA2183584C0EED4217C25AB7BB9903FFFFFFFFFFFC9FFF000426161C3F42B92A406ED36F
0F22D326EA4783584E0EED7117C284B7AB9903FFFFFFFFFFFCAFFF000420161C3F42B929406ED387
0F226F26E9B783585B0EED5017C266B7AB9903FFFFFFFFFFFCAFFF000425161C3F42B929406ED39F
0F221B26E93083585C0EECF317C218B79B9903FFFFFFFFFFFC9FFF00041C161C3F42B929406ED3B7
0F222626E9428358490EECF017C217B78B9903FFFFFFFFFFFC9FFF000424161C3E42B929406ED3CF
0F223B26E9628358430EECFB17C21EB78B9803FFFFFFFFFFFC9FFF000417161C3E42B928406ED3E7
0F220C26E9148358550EECDB17C204B79B9903FFFFFFFFFFFCAFFF000426161C3E42B928406ED3FF
0F21FF26E9048358530EECC617C1F2B7AB9903FFFFFFFFFFFCAFFF000422161C3E42B928406ED317
0F221A26E92B83584A0EECDA17C203B79B9903FFFFFFFFFFFCAFFF00041C161C3E42B928406ED32F
0F221326E91F8358530EECD717C201B79B9903FFFFFFFFFFFC9FFF000416161C3E42B928406ED347
0F221326E9248358550EECD317C1FFB7BB9903FFFFFFFFFFFCAFFF0003FF161C3D42B927406ED35F
0F221B26E92E8358540EECD617C202B7BB9903FFFFFFFFFFFCAFFF000403161C3D42B927406ED377
0F221D26E9308358510EECE217C20AB7BB9903FFFFFFFFFFFCAFFF0003F8161C3D42B927406ED38F
0F220D26E9188358500EECDD17C206B7BB9803FFFFFFFFFFFCAFFF0003EF161C3D42B927406ED3A7
0F220426E90C8358500EECCE17C1F7B7BB9903FFFFFFFFFFFCAFFF0003EA161C3D42B927406ED3BF
0F21ED26E8E483584B0EECC217C1EFB7BB9903FFFFFFFFFFFC9FFF0003E6161C3D42B926406EC3D7
0F21E226E8D583584B0EECB217C1DFB7CB9A03FFFFFFFFFFFC9FFF0003E3161C3C42B926406ED3EF
0F218C26E84B8358580EEC6A17C1A6B7BB9A03FFFFFFFFFFFC9FFF0003D6161C3C42B926406EC307
0F213326E7CA8358550EEC3717C179B7AB9A03FFFFFFFFFFFC9FFF0003EE161C3C42B926406EC31F
0F217626E83383584F0EEC4E17C18BB7CB9903FFFFFFFFFFFC9FFF0003F5161C3C42B926406EC337
0F211426E7918358580EEC1D17C164B7BB9903FFFFFFFFFFFCAFFF0003F1161C3C42B925406ED34F
0F210726E7818358510EEBE217C12FB7BB9903FFFFFFFFFFFC9FFF0003EC161C3C42B925406EC367
0F215226E7F98358430EEC2617C169B7CB9A03FFFFFFFFFFFC9FFF0003E2161C3B42B925406EC37F
0F20FA26E76883584D0EEC0417C14EB7CB9A03FFFFFFFFFFFCAFFF0003CD161C3B42B925406EC397
0F20AD26E6F583585B0EEB7E17C0DBB7CB9A03FFFFFFFFFFFC9FFF0003C9161C3B42B924406EC3AF
0F209E26E6D98358520EEB7117C0CEB7BB9B03FFFFFFFFFFFC8FFF0003C0161C3B42B924406EC3C7
0F20B826E70483584B0EEB7717C0D3B7AB9B03FFFFFFFFFFFC9FFF0003B7161C3B42B924406EC3DF
0F209626E6CF83585F0EEB6117C0BFB7AB9A03FFFFFFFFFFFCAFFF0003A6161C3B42B924406EC3F7
0F208A26E6B883585C0EEB4217C0A5B7BB9A03FFFFFFFFFFFCAFFF0003A3161C3A42B924406EC30F
0F20C426E71783583A0EEB7C17C0D7B7CB9A03FFFFFFFFFFFC9FFF00039B161C3A42B923406EC327
0F20D426E72C8358300EEB8C17C0E4B7CB9A03FFFFFFFFFFFCAFFF00038C161C3A42B923406EC33F
0F20AB26E6F08358490EEB7017C0CEB7CB9A03FFFFFFFFFFFCAFFF00038E161C3A42B923406EC357
0F207526E6948358560EEB3717C095B7CB9A03FFFFFFFFFFFCAFFF000389161C3A42B923406EC36F
0F209626E6CD83584C0EEB4F17C0AEB7CB9A03FFFFFFFFFFFCAFFF000382161C3A42B923406EC387
0F209F26E6D683584B0EEB6917C0C6B7CB9B03FFFFFFFFFFFCAFFF000378161C3942B922406EC39F
0F207426E69483584C0EEB4C17C0ACB7DB9B03FFFFFFFFFFFCAFFF00036D161C3942B922406EC3B7
0F206826E67A8358440EEB4917C0A9B7CB9B03FFFFFFFFFFFCAFFF000351161C3942B922406EC3CF
0F206426E6748358420EEB4117C0A2B7BB9903FFFFFFFFFFFC9FFF000354161C3942B922406EC3E7
0F205326E65E8358460EEB1B17C07FB7BB9903FFFFFFFFFFFC9FFF00034B161C3942B922406EC3FF
0F202B26E61C83584A0EEB0717C06FB7AB9903FFFFFFFFFFFCAFFF000346161C3942B921406EC317
0F201D26E60683584D0EEAE517C053B79B9903FFFFFFFFFFFC9FFF000332161C3842B921406EB32F
0F1FED26E5B88358510EEACE17C03FB79B9A03FFFFFFFFFFFC9FFF00033F161C3842B921406EC347
0F1ED426E4098358620EEA1617BF9DB7AB9A03FFFFFFFFFFFC9FFF000341161C3842B921406EC35F
0F1DFF26E2C48358670EE93017BEE1B7BB9A03FFFFFFFFFFFC9FFF00034A161C3842B921406EC377
0F1E4E26E34583585A0EE95D17BF0CB7BB9B03FFFFFFFFFFFC9FFF000355161C3842B920406EC38F
0F1F1C26E47983584D0EEA0817BF96B7DB9A03FFFFFFFFFFFCAFFF000356161C3842B920406EC3A7
0F1F1126E4638358510EEA0817BF90B7DB9A03FFFFFFFFFFFCAFFF00035E161C3742B920406EC3BF
0F1DF426E2B98358670EE92117BED2B7DB9A03FFFFFFFFFFFCAFFF00036A161C3742B920406EC3D7
0F1D4E26E1B68358770EE84917BE1FB7EB9B03FFFFFFFFFFFC9FFF00036D161C3742B920406EB3EF
0F1D0B26E14E83587A0EE81917BDF7B7CB9B03FFFFFFFFFFFC9FFF00036D161C3742B920406EC307
0F1D6926E1DD8358700EE85A17BE2DB7CB9B03FFFFFFFFFFFC9FFF00036C161C3742B91F406EC31F
0F1D7B26E1F883586D0EE86017BE30B7DB9B03FFFFFFFFFFFC9FFF000368161C3742B91F406EC337
0F1D1726E15683586F0EE82A17BDFFB7EB9C03FFFFFFFFFFFCAFFF00035E161C3742B91F406EC34F
0F1C3726E00D8358790EE74E17BD4CB7DB9C03FFFFFFFFFFFCAFFF000352161C3642B91F406EB367
0F1B2326DE6A8358830EE65317BC7CB7CB9C03FFFFFFFFFFFCAFFF000341161C3642B91F406EC37F
0F1B7026DEE983587A0EE67E17BCA4B7CB9C03FFFFFFFFFFFCAFFF000320161C3642B91E406EB397
0F1BD326DF738358730EE6D517BCE7B7BB9C03FFFFFFFFFFFCBFFF00031A161C3642B91E406EC3AF
0F1B0226DE3A8358850EE61217BC46B7CB9B03FFFFFFFFFFFCAFFF000300161C3642B91E406EC3C7
0F1A5C26DD3C8358920EE57817BBC7B7CB9C03FFFFFFFFFFFC9FFF0002F0161C3642B91E406EB3DF
0F1AE326DE0F83587A0EE5E417BC21B7CB9C03FFFFFFFFFFFC9FFF0002CF161C3542B91E406EB3F7
0F1B7426DEE783586E0EE64317BC71B7CB9B03FFFFFFFFFFFC9FFF0002AF161C3542B91D406EB30F
0F1ACA26DDD88358810EE60B17BC3FB7BB9B03FFFFFFFFFFFCAFFF000294161C3542B91D406EC327
0F19E126DC838358890EE50F17BB6AB7BB9B03FFFFFFFFFFFCAFFF00028B161C3542B91D406EB33F
0F1A0026DCAF8358800EE51617BB76B7CB9B03FFFFFFFFFFFCAFFF000279161C3542B91D406EB357
0F1A0D26DCC18358840EE50517BB64B7DB9B4BDFFFFFFFFFFCAFFF000276161C3542B91D406EB36F
0F198D26DBF98358930EE49517BB0BB7DB9C6EAFFFFFFFFFFCAFFF00026D161C3442B91C406EB387
0F197226DBD783588B0EE46517BAE0B7EB9C03FFFFFFFFFFFC9FFF000255161C3442B91C406EB39F
0F19A326DC1B8358840EE49517BB06B7EB9C03FFFFFFFFFFFC9FFF000261161C3442B91C406EB3B7
0F196B26DBC583588C0EE47B17BAEEB7EB9C03FFFFFFFFFFFCBFFF000254161C3442B91C406EB3CF
0F190C26DB2D8358910EE42017BAA6B7EB9C03FFFFFFFFFFFCBFFF00024D161C3442B91B406EB3E7
0F190026DB228358910EE40017BA8AB7EB9C03FFFFFFFFFFFCAFFF000231161C3442B91B406EB3FF
0F18CA26DACE83589F0EE3B717BA4DB7FB9D03FFFFFFFFFFFC9FFF000221161C3342B91B406EB317
0F187826DA488358AF0EE36C17BA0CB7FB9C03FFFFFFFFFFFCAFFF000217161C3342B91B406EB32F
0F186B26DA388358A90EE35217B9F2B7FB9C03FFFFFFFFFFFC9FFF000207161C3342B91B406EB347
0F18BB26DAB28358980EE3A017BA36B7FB9D03FFFFFFFFFFFC9FFF000209161C3342B91A406EB35F
0F18BA26DAB283589F0EE39F17BA34B7FB9D03FFFFFFFFFFFCAFFF00020E161C3342B91A406EB377
0F186C26DA348358B10EE36117BA01B80B9D03FFFFFFFFFFFCAFFF00020F161C3342B91A406EB38F
0F182B26D9D08358BE0EE31417B9C0B7FB9E03FFFFFFFFFFFCAFFF00020C161C3342B91A406EB3A7
0F182026D9C18358BF0EE30617B9B3B7EB9E03FFFFFFFFFFFCAFFF00020C161C3242B91A406EB3BF
0F183926D9DF8358BE0EE32817B9CCB7DB9E03FFFFFFFFFFFCAFFF00020E161C3242B919406EA3D7
0F182026D9BD8358BF0EE31817B9BFB7DB9D03FFFFFFFFFFFCAFFF00021B161C3242B919406EB3EF
0F180326D98C8358C10EE2FA17B9A4B7DB9D03FFFFFFFFFFFC9FFF000229161C3242B919406EB307
0F17D126D9438358CD0EE2BB17B970B7DB9C03FFFFFFFFFFFCAFFF00023C161C3242B919406EA31F
0F17AF26D90F8358DD0EE29617B953B7EB9C03FFFFFFFFFFFCAFFF000252161C3242B919406EA337
0F17A926D9048358DC0EE29417B94FB7DB9C03FFFFFFFFFFFCAFFF000258161C3142B918406EA34F
0F17BC26D9208358D70EE2A517B95CB7DB9C03FFFFFFFFFFFCAFFF000277161C3142B918406EB367
0F17AE26D90B8358DB0EE29717B950B7EB9D03FFFFFFFFFFFC9FFF000288161C3142B918406EA37F
0F178026D8C38358E50EE26617B928B7EB9D03FFFFFFFFFFFC9FFF000299161C3142B918406EA397
0F175C26D8898358EB0EE24517B90BB7DB9D03FFFFFFFFFFFC9FFF0002A7161C3142B918406EB3AF
0F173C26D8588358F10EE22B17B8F4B7DB9D03FFFFFFFFFFFC9FFF0002B1161C3142B917406EA3C7
0F173D26D8598358EA0EE22417B8EDB7EB9C03FFFFFFFFFFFC9FFF0002AF161C3042B917406EA3DF
0F173A26D8558358EB0EE22617B8EEB7EB9C03FFFFFFFFFFFC9FFF0002B6161C3042B917406EA3F7
0F171A26D8248358F90EE20117B8D2B7DB9C03FFFFFFFFFFFC9FFF0002B8161C3042B917406EA30F
0F170826D8078359010EE1EC17B8BFB7EB9C03FFFFFFFFFFFC9FFF0002B3161C3042B917406EA327
0F171026D8148359010EE1F217B8C2B7EB9C03FFFFFFFFFFFCAFFF00029E161C3042B916406EA33F
0F171826D8238359000EE1FB17B8CBB7DB9D03FFFFFFFFFFFCAFFF0002AA161C3042B916406EA357
0F172D26D8418359040EE20D17B8DAB7DB9D03FFFFFFFFFFFCAFFF0002AD161C3042B916406EA36F
0F173726D8518359030EE21917B8E6B7DB9D03FFFFFFFFFFFCAFFF0002AF161C2F42B916406EA387
0F172026D82F83590D0EE20917B8D9B7CB9D03FFFFFFFFFFFCAFFF0002C6161C2F42B916406EA39F
0F16F926D7EF8359130EE1E617B8BAB7CB9D03FFFFFFFFFFFCAFFF0002D9161C2F42B915406EA3B7
0F16E826D7DA83590B0EE1D917B8ADB7DB9D03FFFFFFFFFFFCAFFF0002E8161C2F42B915406EA3CF
0F16DA26D7BB83590B0EE1D017B8A6B7FB9D03FFFFFFFFFFFCAFFF000306161C2F42B915406EA3E7
0F16AB26D77B83591C0EE19917B87DB7EB9D03FFFFFFFFFFFC9FFF00031B161C2F42B915406EA3FF
0F165926D6FA8359270EE15417B842B7EB9D03FFFFFFFFFFFC9FFF000332161C2E42B915406EA317
0F164E26D6EF8359200EE13317B824B7EB9D03FFFFFFFFFFFC9FFF000333161C2E42B914406EA32F
0F16B826D78B83591B0EE18717B86CB7EB9D03FFFFFFFFFFFCAFFF00034E161C2E42B914406EA347
0F16A726D77183591D0EE1AD17B888B7CB9C03FFFFFFFFFFFC9FFF000355161C2E42B914406EA35F
0F167226D7218359240EE16417B850B7CB9C03FFFFFFFFFFFC9FFF000353161C2E42B914406EA377
0F164D26D6EB83592F0EE13317B827B7CB9C03FFFFFFFFFFFCAFFF00035C161C2E42B914406EA38F
0F165B26D7008359370EE13817B82AB7CB9D03FFFFFFFFFFFCAFFF00035A161C2D42B913406EA3A7
0F166426D70F8359320EE14617B835B7BB9D03FFFFFFFFFFFCAFFF00034F161C2D42B913406EA3BF
0F168726D74A83592E0EE15417B841B7BB9D03FFFFFFFFFFFCAFFF000346161C2D42B913406EA3D7
0F168F26D7528359360EE17B17B861B7CB9C03FFFFFFFFFFFC9FFF000346161C2D42B913406EA3EF
0F168126D73E83593B0EE16117B84CB7CB9B03FFFFFFFFFFFC9FFF00033E161C2D42B913406EA307
0F168F26D7528359330EE17517B85BB7EB9C03FFFFFFFFFFFCAFFF000339161C2D42B912406EA31F
0F168426D7478359350EE16D17B856B7DB9C03FFFFFFFFFFFCAFFF00034A161C2D42B912406EA337
0F168A26D74E83593E0EE16617B853B7EB9D173FFFFFFFFFFCAFFF00034E161C2C42B912406EA34F
0F168B26D74E8359440EE16717B852B7EB9D9D1FFFFFFFFFFCAFFF000356161C2C42B912406EA367
0F16A426D7768359420EE17C17B866B7FB9C03FFFFFFFFFFFC9FFF000361161C2C42B911406E937F
0F16A526D77A83593F0EE18617B86BB7FB9C03FFFFFFFFFFFC9FFF000368161C2C42B911406EA397
0F16B026D7898359460EE19017B876B7EB9C03FFFFFFFFFFFC9FFF000363161C2C42B911406EA3AF
0F16A626D7788359460EE19117B875B7EB9D03FFFFFFFFFFFCAFFF00035B161C2C42B911406EA3C7
0F16A626D77883593E0EE18B17B871B7EB9D03FFFFFFFFFFFC9FFF000352161C2B42B911406EA3DF
0F16B326D78E8359480EE18917B871B7DB9D03FFFFFFFFFFFC9FFF00033B161C2B42B910406EA3F7
0F16B226D78E8359560EE19217B877B7EB9D03FFFFFFFFFFFCAFFF00030C161C2B42B910406EA30F
0F16B426D79283594A0EE19017B876B7EB9D03FFFFFFFFFFFC9FFF0002F3161C2B42B910406EA327
0F16B626D79383593E0EE19517B87AB7EB9C03FFFFFFFFFFFC8FFF0002C8161C2B42B910406E933F
0F16B526D79483594C0EE19317B87AB7FB9C03FFFFFFFFFFFCAFFF00029C161C2B42B90F406E9357
0F16B326D79283595C0EE19317B87BB7FB9C03FFFFFFFFFFFCAFFF000274161C2A42B90F406EA36F
0F16BA26D79C8359600EE19517B87DB7FB9C03FFFFFFFFFFFCAFFF000250161C2A42B90F406E9387
0F16C526D7A88359620EE19E17B883B7FB9C03FFFFFFFFFFFCAFFF00022B161C2A42B90F406E939F
0F16C726D7B28359550EE1A717B88BB7EB9D03FFFFFFFFFFFCAFFF000212161C2A42B90F406E93B7
0F16D526D7C583594C0EE1B017B891B7EB9D03FFFFFFFFFFFCAFFF000209161C2A42B90E406E93CF
0F16D526D7C883595A0EE1B117B895B7FB9D03FFFFFFFFFFFC9FFF0001FE161C2A42B90E406E93E7
0F16CA26D7B983596B0EE1AA17B891B7EB9E03FFFFFFFFFFFC9FFF0001F9161C2A42B90E406E93FF
0F16CA26D7B78359760EE1A517B88DB7DB9E03FFFFFFFFFFFC9FFF0001F3161C2942B90E406E9317
0F16C226D7AA83597B0EE1A617B88DB7DB9D03FFFFFFFFFFFCAFFF0001EC161C2942B90E406E932F
0F16CF26D7C283596D0EE1B017B893B7FB9E03FFFFFFFFFFFCAFFF0001F8161C2942B90D406E9347
0F16DC26D7D383595C0EE1BF17B8A0B7FB9E03FFFFFFFFFFFCAFFF0001F8161C2942B90D406E935F
0F16D026D7C483596B0EE1B217B898B7EB9E03FFFFFFFFFFFCAFFF0001F8161C2942B90D406E9377
0F16A826D78783597F0EE18F17B87AB7FB9E03FFFFFFFFFFFC9FFF0001F0161C2942B90D406E838F
0F16D126D7C68359720EE1B317B896B7FB9E03FFFFFFFFFFFCBFFF0001F4161C2942B90C406E93A7
0F16B226D79A83597A0EE19D17B886B80B9E03FFFFFFFFFFFC9FFF0001F3161C2842B90C406E83BF
0F166B26D72C8359930EE16417B858B80B9E03FFFFFFFFFFFC9FFF0001F2161C2842B90C406E83D7
0F168E26D76683597E0EE17517B865B80B9D03FFFFFFFFFFFCAFFF0001F1161C2842B90C406E93EF
0F16AC26D78E83596A0EE19617B880B7FB9D03FFFFFFFFFFFCAFFF0001F7161C2842B90C406E9307
0F169D26D7778359770EE18617B871B7FB9D03FFFFFFFFFFFC9FFF0001EF161C2842B90B406E831F
0F169B26D77383597D0EE17B17B86BB7FB9D03FFFFFFFFFFFC9FFF0001F5161C2842B90B406E8337
0F167D26D7458359850EE16D17B85CB80B9E03FFFFFFFFFFFC9FFF0001F6161C2842B90B406E934F
0F161226D6A58359980EE10C17B80CB7FB9E03FFFFFFFFFFFC9FFF0001EE161C2742B90B406E9367
0F164326D6EC8359900EE12617B822B80B9E03FFFFFFFFFFFC9FFF0001EE161C2742B90B406E837F
0F168626D7578359730EE16217B854B80B9E03FFFFFFFFFFFC9FFF0001F3161C2742B90A406E9397
0F169426D76C8359810EE16717B85AB80B9F03FFFFFFFFFFFC9FFF0001F0161C2742B90A406E83AF
0F164526D6ED8359900EE14D17B842B7FB9F03FFFFFFFFFFFC9FFF0001F8161C2742B90A406E83C7
0F164B26D6F78359800EE15417B848B7EB9E03FFFFFFFFFFFCAFFF0001F1161C2742B90A406E83DF
0F164C26D6F58359840EE13B17B834B7FB9E03FFFFFFFFFFFCBFFF0001F5161C2642B909406E83F7
0F15C826D6318359980EE0D917B7DFB80B9E03FFFFFFFFFFFC9FFF0001F5161C2642B909406E830F
0F158926D5D58359990EE08217B79DB80B9E03FFFFFFFFFFFC9FFF0001F6161C2642B909406E8327
0F164726D6F783597D0EE13C17B834B7FB9E03FFFFFFFFFFFC9FFF0001F3161C2642B909406E833F
0F168C26D7588359760EE16117B852B7FB9D03FFFFFFFFFFFCAFFF0001F9161C2642B909406E8357
0F164B26D6F58359800EE15017B842B80B9E03FFFFFFFFFFFCAFFF0001F9161C2642B908406E836F
0F160826D69083597E0EE11217B810B80B9E03FFFFFFFFFFFCAFFF0001F0161C2642B908406E8387
0F160126D6878359880EE0ED17B7F3B7FB9E03FFFFFFFFFFFCAFFF0001F8161C2542B908406E839F
0F156E26D5A78359990EE0A017B7B3B7FB9E03FFFFFFFFFFFCAFFF0001F1161C2542B908406E83B7
0F158126D5C68359910EE07817B793B7FB9F03FFFFFFFFFFFCAFFF0001FA161C2542B908406E83CF
0F15CE26D63B8359880EE0BC17B7C9B7FB9F03FFFFFFFFFFFCAFFF0001FA161C2542B907406E83E7
0F15FB26D67C8359870EE0C817B7D4B7FB9F03FFFFFFFFFFFCAFFF0001FD161C2542B907406E83FF
0F15EF26D6698359880EE0F917B7FCB7EB9F03FFFFFFFFFFFCAFFF0001F8161C2542B907406E8317
0F162526D6BD8359860EE0F817B7FAB7FB9F03FFFFFFFFFFFC9FFF000200161C2442B907406E832F
0F161726D6A883598A0EE0FB17B7FFB7FB9F03FFFFFFFFFFFC9FFF000200161C2442B906406E8347
0F157226D5B38359A00EE07F17B796B80B9E03FFFFFFFFFFFCAFFF000201161C2442B906406E835F
0F150626D5138359AA0EDFFD17B72DB81B9E03FFFFFFFFFFFCAFFF00021B161C2442B906406E8377
0F155B26D59583599D0EE05017B775B81B9E03FFFFFFFFFFFCAFFF00023E161C2442B906406E838F
0F161426D6A783598F0EE0E617B7ECB81B9F03FFFFFFFFFFFCAFFF000268161C2442B906406E83A7
0F163826D6D783598D0EE13017B82AB81B9F03FFFFFFFFFFFC9FFF00028D161C2442B905406E83BF
0F162E26D6CE83598C0EE11D17B817B7FB9F03FFFFFFFFFFFC9FFF0002CA161C2342B905406E83D7
0F165426D70783598A0EE13317B82CB7FB9F03FFFFFFFFFFFC9FFF0002F4161C2342B905406E83EF
0F15D326D6428359A00EE0E317B7EBB7FB9E03FFFFFFFFFFFCBFFF000327161C2342B905406E8307
0F14FB26D5078359B30EE00117B732B80B9E03FFFFFFFFFFFCAFFF000358161C2342B905406E831F
0F153E26D56A8359A60EE03F17B766B80B9F03FFFFFFFFFFFCAFFF000389161C2342B904406E8337
0F161A26D6AC8359920EE10617B808B80B9E03FFFFFFFFFFFC9FFF0003AA161C2342B904406E834F
0F163E26D6E28359890EE12A17B823B80B9E03FFFFFFFFFFFC9FFF0003CE161C2242B904406E8367
0F163226D6D38359950EE11517B814B80B9E03FFFFFFFFFFFC9FFF0003E9161C2242B904406E837F
0F15B226D6148359A70EE0C517B7CDB80B9E03FFFFFFFFFFFC9FFF000404161C2242B903406E8397
0F156A26D5A38359A70EE07A17B793B81B9E03FFFFFFFFFFFCAFFF000407161C2242B903406E83AF
0F15CC26D63A8359A20EE0BD17B7CBB80B9E03FFFFFFFFFFFCAFFF000413161C2242B903406E83C7
0F162026D6B583599F0EE11117B80FB7FB9D03FFFFFFFFFFFCAFFF000418161C2242B903406E83DF
0F160A26D6938359A60EE10317B805B80B9D03FFFFFFFFFFFC9FFF000410161C2242B903406E83F7
0F160D26D6A18359A50EE0FE17B800B80B9E03FFFFFFFFFFFC9FFF000423161C2142B902406E730F
0F165A26D70B83599A0EE14517B83CB80B9E03FFFFFFFFFFFC9FFF000424161C2142B902406E8327
0F165826D70A83599D0EE13917B833B80B9E03FFFFFFFFFFFCAFFF000426161C2142B902406E833F
0F15CB26D6348359B40EE0E817B7EEB80B9F03FFFFFFFFFFFC9FFF000429161C2142B902406E8357
0F156826D5AA8359B50EE06717B786B80B9F03FFFFFFFFFFFCAFFF000425161C2142B902406E836F
0F15FB26D6808359AC0EE0E217B7EBB80B9F03FFFFFFFFFFFC9FFF000428161C2142B901406E7387
0F161B26D6AF8359AC0EE11017B810B80B9F03FFFFFFFFFFFC9FFF000431161C2142B901406E739F
0F160526D68A8359B00EE10E17B810B80B9F03FFFFFFFFFFFC9FFF000432161C2042B901406E73B7
0F15F626D6788359B00EE10017B802B80B9F03FFFFFFFFFFFC9FFF000434161C2042B901406E73CF
0F15EA26D6648359B70EE0E217B7EBB80B9F03FFFFFFFFFFFC9FFF000435161C2042B900406E83E7
0F157126D5B78359C10EE08C17B7A6B7FB9F03FFFFFFFFFFFC9FFF00042F161C2042B900406E73FF
0F156326D5A48359C40EE05D17B77EB7FB9F03FFFFFFFFFFFC9FFF000438161C2042B900406E7317
0F159226D5E28359C00EE09617B7ACB7EB9F03FFFFFFFFFFFC9FFF00043A161C2042B900406E732F
0F15E426D6618359BE0EE0C317B7D2B7FB9E03FFFFFFFFFFFCAFFF000434161C2042B900406E8347
0F161626D6A68359C10EE0F417B7FBB80B9E03FFFFFFFFFFFCAFFF00043B161C1F42B8FF406E735F
0F161F26D6B88359C60EE10717B80AB80B9E03FFFFFFFFFFFCAFFF00043B161C1F42B8FF406E7377
0F160626D68D8359C70EE10417B807B7FB9F03FFFFFFFFFFFCAFFF00042E161C1F42B8FF406E738F
0F157026D5B68359D30EE09617B7ADB7FB9E03FFFFFFFFFFFC9FFF00043E161C1F42B8FF406E73A7
0F15A926D6088359D50EE06F17B790B7FB9F03FFFFFFFFFFFC9FFF000441161C1F42B8FF406E73BF
0F160D26D6A38359CD0EE10317B806B80B9F03FFFFFFFFFFFC9FFF00043A161C1F42B8FE406E73D7
0F15FA26D6798359D10EE10217B806B80BA003FFFFFFFFFFFC9FFF000440161C1E42B8FE406E63EF
0F158426D5D08359DB0EE09817B7AFB7FB9F03FFFFFFFFFFFCAFFF00043B161C1E42B8FE406E7307
0F157E26D5CB8359DD0EE07317B795B80BA003FFFFFFFFFFFC9FFF000443161C1E42B8FE406E731F
0F156926D5A88359E00EE07C17B799B80B9F03FFFFFFFFFFFC9FFF000445161C1E42B8FE406E7337
0F15B926D6238359DF0EE0AE17B7C3B80BA003FFFFFFFFFFFC9FFF000445161C1E42B8FD406E734F
0F158C26D5D78359E40EE0AB17B7BEB80BA003FFFFFFFFFFFCAFFF000444161C1E42B8FD406E7367
0F154926D57A8359EE0EE04217B76AB7FBA003FFFFFFFFFFFC9FFF000444161C1E42B8FD406E737F
0F152E26D5558359F60EE02217B753B80B9F03FFFFFFFFFFFCAFFF000444161C1D42B8FD406E7397
0F153E26D56B8359F80EE02F17B75CB80B9F03FFFFFFFFFFFC9FFF000444161C1D42B8FD406E73AF
0F157B26D5CD8359F30EE06217B783B80B9F03FFFFFFFFFFFC9FFF000439161C1D42B8FC406E73C7
0F162826D6C98359EB0EE11517B818B80B9E03FFFFFFFFFFFC9FFF000446161C1D42B8FC406E63DF
0F15D126D6448359F40EE0E817B7F2B80B9E03FFFFFFFFFFFC9FFF00043E161C1D42B8FC406E63F7
0F154626D57A835A020EE04417B76DB80B9D03FFFFFFFFFFFC9FFF000445161C1D42B8FC406E730F
0F152A26D54B835A060EE01717B748B80B9E03FFFFFFFFFFFCAFFF00043C161C1D42B8FC406E7327
0F153926D566835A040EE03417B75CB80B9E152FFFFFFFFFFCAFFF000443161C1C42B8FC406E633F
0F155526D58C835A060EE05617B77AB81B9E772FFFFFFFFFFCAFFF000445161C1C42B8FB406E6357
0F158C26D5E2835A030EE08D17B7A7B81B9F03FFFFFFFFFFFCAFFF000446161C1C42B8FB406E636F
0F162A26D6D18359FD0EE10217B80BB81B9F03FFFFFFFFFFFCAFFF000444161C1C42B8FB406E6387
0F168726D75C8359FD0EE15117B84BB80B9F03FFFFFFFFFFFCAFFF00043B161C1C42B8FB406E639F
0F15F526D67E835A0D0EE0F817B806B81B9E03FFFFFFFFFFFCAFFF000441161C1C42B8FA406E63B7
0F153826D568835A1A0EE05217B776B80B9F1C7FFFFFFFFFFCAFFF00043B161C1C42B8FA406E63CF
0F151C26D53D835A1D0EE00717B73DB80B9F83CFFFFFFFFFFCAFFF000445161C1B42B8FA406E63E7
0F154C26D585835A160EE03C17B764B80B9F1B7FFFFFFFFFFCAFFF00043F161C1B42B8FA406E63FF
0F161426D6AE835A070EE0EF17B7F7B7FB9FB8AFFFFFFFFFFC9FFF000446161C1B42B8FA406E6317
0F168226D756835A090EE16017B858B7FB9F10BFFFFFFFFFFC9FFF000446161C1B42B8F9406E632F
0F15C026D632835A1A0EE0DA17B7E8B7FB9F03FFFFFFFFFFFC9FFF000447161C1B42B8F9406E6347
0F158026D5CF835A1C0EE08617B7A5B7FB9F03FFFFFFFFFFFCAFFF00043F161C1B42B8F9406E635F
0F15A626D608835A1C0EE0A217B7BBB7FB9F03FFFFFFFFFFFCAFFF000445161C1A42B8F9406E6377
0F156F26D5B4835A230EE06E17B790B80B9F03FFFFFFFFFFFCAFFF000446161C1A42B8F9406E638F
0F15BE26D634835A1A0EE0B817B7CEB81B9F03FFFFFFFFFFFCAFFF00043D161C1A42B8F8406E63A7
0F164B26D704835A170EE11F17B827B80B9F03FFFFFFFFFFFCBFFF000442161C1A42B8F8406E63BF
0F15DE26D65B835A240EE0EE17B7F9B80B9F18CFFFFFFFFFFCAFFF000441161C1A42B8F8406E63D7
0F15CA26D642835A240EE0C917B7DAB81B9FB24FFFFFFFFFFCAFFF000439161C1A42B8F8406E63EF
0F160A26D69C835A210EE12017B81EB81B9F108FFFFFFFFFFCAFFF000440161C1A42B8F8406E6307
0F160D26D6A8835A220EE12817B825B82BA003FFFFFFFFFFFCAFFF000440161C1942B8F7406E631F
0F15FA26D68C835A260EE0EA17B7F8B82BA003FFFFFFFFFFFCAFFF000439161C1942B8F7406E6337
0F161226D6AB835A2B0EE0F317B7FFB81BA003FFFFFFFFFFFCAFFF00043D161C1942B8F7406E634F
0F161726D6B6835A280EE11A17B81FB80BA0153FFFFFFFFFFCAFFF00043D161C1942B8F7406E6367
0F161B26D6BF835A2C0EE0F817B802B80BA0A6CFFFFFFFFFFC9FFF00043D161C1942B8F7406E637F
0F15A226D605835A3C0EE0B617B7CAB7FB9F102FFFFFFFFFFCAFFF000440161C1942B8F6406E6397
0F158426D5DA835A370EE07717B799B7FB9F03FFFFFFFFFFFCAFFF00043A161C1942B8F6406E63AF
0F166C26D73C835A250EE14417B841B80B9F03FFFFFFFFFFFCAFFF000441161C1842B8F6406E63C7
0F167F26D74E835A2D0EE16D17B864B7FB9F03FFFFFFFFFFFC9FFF00043D161C1842B8F6406E63DF
0F15B026D61D835A430EE0CF17B7E0B7FB9F2AAFFFFFFFFFFCBFFF000444161C1842B8F6406E63F7
0F15D226D652835A3C0EE0BA17B7D2B7FB9EC07FFFFFFFFFFCAFFF000436161C1842B8F5406E630F
0F162A26D6D6835A370EE11E17B825B7FB9F118FFFFFFFFFFCAFFF000434161C1842B8F5406E6327
0F15BC26D626835A470EE0C017B7D5B80B9F03FFFFFFFFFFFCAFFF000443161C1842B8F5406E633F
0F159626D5F4835A410EE0A417B7BCB81B9F03FFFFFFFFFFFC9FFF000443161C1742B8F5406E6357
0F15F326D683835A350EE0EA17B7F8B81B9F03FFFFFFFFFFFC9FFF000446161C1742B8F5406E636F
0F16B126D7A9835A3B0EE14817B84BB81B9E38FFFFFFFFFFFC9FFF000440161C1742B8F4406E6387
0F165F26D718835A410EE18417B879B80B9F654FFFFFFFFFFCAFFF000446161C1742B8F4406E539F
0F15AD26D619835A460EE0B217B7C9B7FB9F03FFFFFFFFFFFCAFFF00043B161C1742B8F4406E63B7
0F159E26D600835A4E0EE08217B7A2B7FB9F03FFFFFFFFFFFCAFFF000439161C1742B8F4406E63CF
0F15A426D60A835A520EE09317B7B3B80B9F418FFFFFFFFFFCAFFF00043F161C1742B8F4406E63E7
0F157426D5C0835A530EE08317B79FB80B9FBDBFFFFFFFFFFC9FFF000441161C1642B8F3406E63FF
0F15D126D652835A470EE0BA17B7D1B80B9F03EFFFFFFFFFFCBFFF000441161C1642B8F3406E6317
0F162026D6BC835A410EE12B17B82CB80B9F045FFFFFFFFFFC8FFF000432161C1642B8F3406E532F
0F159B26D5F6835A530EE0AA17B7C2B80B9F4D6FFFFFFFFFFCAFFF00043D161C1642B8F3406E6347
0F157326D5BB835A530EE06B17B78DB80BA08DBFFFFFFFFFFCAFFF00043B161C1642B8F3406E635F
0F158826D5DA835A530EE07617B796B81B9F03FFFFFFFFFFFC9FFF00043A161C1642B8F2406E5377
0F151B26D53F835A650EE02517B755B81BA003FFFFFFFFFFFC9FFF000436161C1542B8F2406E538F
0F156626D5B1835A590EE06717B78AB82B9F61BFFFFFFFFFFCAFFF00042C161C1542B8F2406E63A7
0F162026D6C8835A4E0EE0EC17B7FDB82B9F5D4FFFFFFFFFFCAFFF000431161C1542B8F2406E53BF
0F15A426D606835A650EE0B617B7CAB82B9F03FFFFFFFFFFFC9FFF000427161C1542B8F2406E53D7
0F154E26D58D835A660EE05B17B780B81B9F03FFFFFFFFFFFC9FFF00042A161C1542B8F1406E63EF
0F160126D699835A530EE0F017B7FCB81B9F03FFFFFFFFFFFCAFFF000418161C1542B8F1406E5307
0F162626D6CC835A5C0EE10A17B813B82BA003FFFFFFFFFFFCAFFF000420161C1542B8F1406E531F
0F15B126D61A835A670EE0BA17B7D2B82B9F67CFFFFFFFFFFCAFFF000420161C1442B8F1406E5337
0F15F826D684835A5A0EE0E917B7F8B81B9F613FFFFFFFFFFCAFFF00041E161C1442B8F1406E534F
0F163226D6E2835A5F0EE10817B814B81B9F03FFFFFFFFFFFCAFFF000412161C1442B8F0406E5367
0F15C626D63B835A750EE0D217B7E5B80B9F03FFFFFFFFFFFC9FFF000418161C1442B8F0406E537F
0F15B326D622835A710EE0B317B7C8B80B9F03FFFFFFFFFFFCAFFF000418161C1442B8F0406E4397
0F165326D719835A580EE14317B844B81BA004BFFFFFFFFFFCAFFF000418161C1442B8F0406E53AF
0F167926D749835A590EE13B17B83FB81B9F7A6FFFFFFFFFFCAFFF000411161C1342B8F0406E53C7
0F161526D6B3835A710EE11917B81FB82B9F687FFFFFFFFFFCAFFF000416161C1342B8EF406E53DF
0F161426D6B6835A6C0EE11917B821B81B9F03FFFFFFFFFFFC9FFF00040F161C1342B8EF406E43F7
0F16A026D78E835A5C0EE17917B870B80B9F03FFFFFFFFFFFCAFFF000417161C1342B8EF406E530F
0F164926D708835A7B0EE13917B83BB80BA003FFFFFFFFFFFCAFFF000417161C1342B8EF406E5327
0F15D126D651835A7D0EE0E917B7F7B7FBA003FFFFFFFFFFFCAFFF000415161C1342B8EF406E533F
0F167926D75A835A540EE16817B861B80BA006DFFFFFFFFFFCAFFF000413161C1342B8EE406E5357
0F16F326D809835A570EE19417B889B81B9F580FFFFFFFFFFCAFFF00040A161C1242B8EE406E536F
0F16AA26D79C835A660EE19F17B88FB80B9F96AFFFFFFFFFFC9FFF00040C161C1242B8EE406E5387
0F16B226D7A8835A5D0EE1A317B892B7FB9F03FFFFFFFFFFFC9FFF000406161C1242B8EE406E439F
0F16B926D7B7835A600EE1A017B893B7FB9F042FFFFFFFFFFC9FFF0003F9161C1242B8ED406E53B7
0F167226D740835A6E0EE16A17B863B7FB9F4D0FFFFFFFFFFC9FFF0003F9161C1242B8ED406E43CF
0F168626D76A835A670EE16F17B869B7FB9F51AFFFFFFFFFFC9FFF0003F2161C1242B8ED406E43E7
0F170926D837835A510EE1CF17B8BBB7FB9F03FFFFFFFFFFFC9FFF0003F0161C1242B8ED406E43FF
0F173126D86D835A570EE1FB17B8E2B80B9F03FFFFFFFFFFFCAFFF0003E7161C1142B8ED406E5317
0F16C426D7C5835A640EE1CF17B8B9B80B9E03FFFFFFFFFFFC9FFF0003FA161C1142B8EC406E432F
0F16C926D7D0835A5A0EE1C117B8ACB81B9E03FFFFFFFFFFFC9FFF0003F7161C1142B8EC406E4347
0F171E26D84E835A4B0EE1FE17B8E3B80B9E575FFFFFFFFFFCAFFF0003E5161C1142B8EC406E535F
0F171526D842835A540EE1F017B8D6B80B9E5A9FFFFFFFFFFC9FFF0003DE161C1142B8EC406E4377
0F16A526D793835A620EE1B017B8A0B7FB9F03FFFFFFFFFFFCAFFF0003CA161C1142B8EC406E538F
0F16DA26D7EF835A5B0EE1AD17B89EB7FB9F03FFFFFFFFFFFC9FFF0003A4161C1142B8EB406E53A7
0F171326D842835A560EE1E417B8CCB82B9F03FFFFFFFFFFFCAFFF000383161C1042B8EB406E43BF
0F172726D862835A500EE20917B8EBB81B9F03FFFFFFFFFFFC9FFF00034F161C1042B8EB406E43D7
0F173526D878835A550EE20917B8EEB81B9E67CFFFFFFFFFFC9FFF000327161C1042B8EB406E43EF
0F172726D85D835A5E0EE20C17B8F0B81B9F60BFFFFFFFFFFCAFFF0002F5161C1042B8EA406E4307
0F170826D830835A5A0EE20417B8E8B80B9F03FFFFFFFFFFFCAFFF0002C7161C1042B8EA406E431F
0F174F26D89F835A530EE23217B911B80B9F03FFFFFFFFFFFC9FFF00029B161C1042B8EA406E4337
0F175426D8A9835A510EE24817B923B80B9F03FFFFFFFFFFFC9FFF000284161C1042B8EA406E434F
0F175C26D8B6835A5C0EE23C17B91BB80B9F044FFFFFFFFFFC9FFF000260161C0F42B8EA406E4367
0F171326D840835A640EE21E17B8FFB7FB9F777FFFFFFFFFFC9FFF00024A161C0F42B8E9406E437F
0F174F26D8A6835A590EE23317B911B7EB9F6ADFFFFFFFFFFCAFFF00024A161C0F42B8E9406E4397
0F178C26D904835A540EE26617B93CB7EB9F03FFFFFFFFFFFCAFFF00024F161C0F42B8E9406E43AF
0F178226D8F1835A5E0EE26217B93BB7FB9F03FFFFFFFFFFFCAFFF000256161C0F42B8E9406E43C7
0F176D26D8D2835A5E0EE26E17B945B7FB9E03FFFFFFFFFFFC9FFF000272161C0F42B8E8406E43DF
0F177026D8D8835A5C0EE25A17B934B80B9E08BFFFFFFFFFFC9FFF000280161C0E42B8E8406E43F7
0F176C26D8D1835A610EE24B17B927B7FB9E7D2FFFFFFFFFFC9FFF00029B161C0E42B8E8406E430F
0F175F26D8BE835A620EE23D17B91AB7FB9E6DDFFFFFFFFFFC9FFF0002A3161C0E42B8E8406E4327
0F178126D8F4835A630EE25617B930B80B9E03FFFFFFFFFFFC9FFF0002AC161C0E42B8E8406E433F
0F17A726D92E835A590EE28C17B95FB80B9E03FFFFFFFFFFFCAFFF0002B5161C0E42B8E7406E4357
0F17C226D958835A530EE29B17B96DB81B9E03FFFFFFFFFFFC9FFF0002A9161C0E42B8E7406E436F
0F17A526D92E835A670EE28417B95DB80B9F03FFFFFFFFFFFC9FFF0002A6161C0E42B8E7406E4387
0F17A126D925835A720EE27E17B956B80B9F03FFFFFFFFFFFCAFFF000296161C0D42B8E7406E339F
0F17A826D92B835A680EE29117B964B81B9F03FFFFFFFFFFFC9FFF000273161C0D42B8E7406E43B7
0F17BB26D94F835A640EE29D17B96FB80B9F03FFFFFFFFFFFC9FFF000269161C0D42B8E6406E43CF
0F17C126D95D835A6A0EE29E17B971B80B9F03FFFFFFFFFFFCAFFF000256161C0D42B8E6406E43E7
0F17CD26D96D835A630EE2B317B981B7FB9F03FFFFFFFFFFFCBFFF00024B161C0D42B8E6406E43FF
0F17C526D960835A670EE2A717B978B7FB9F03FFFFFFFFFFFCAFFF000245161C0D42B8E6406E4317
0F17BC26D951835A760EE29C17B96EB7FB9F03FFFFFFFFFFFCAFFF000245161C0D42B8E5406E432F
0F17B426D948835A750EE29117B967B7EB9F03FFFFFFFFFFFCAFFF00024B161C0C42B8E5406E4347
0F17BE26D954835A6D0EE29C17B96DB7FB9E03FFFFFFFFFFFCAFFF000249161C0C42B8E5406E435F
0F17CE26D96F835A680EE2AD17B97CB81B9E03FFFFFFFFFFFC9FFF000255161C0C42B8E5406E4377
0F17D326D97A835A710EE2AC17B97EB81B9E03FFFFFFFFFFFC9FFF000259161C0C42B8E5406E338F
0F17CE26D96F835A7B0EE2AA17B97CB81B9F03FFFFFFFFFFFC9FFF000250161C0C42B8E4406E43A7
0F17CD26D971835A7C0EE2AC17B97CB80B9E03FFFFFFFFFFFC9FFF000250161C0C42B8E4406E33BF
0F17D626D97D835A7A0EE2B317B984B80B9E03FFFFFFFFFFFC9FFF00024A161C0B42B8E4406E33D7
0F17D926D980835A7F0EE2B817B986B80B9E03FFFFFFFFFFFCAFFF000240161C0B42B8E4406E33EF
0F17E626D996835A790EE2C517B994B7FB9E03FFFFFFFFFFFCAFFF000221161C0B42B8E4406E4307
0F180B26D9D5835A6E0EE2DE17B9A9B80B9F03FFFFFFFFFFFC9FFF000222161C0B42B8E3406E331F
0F180E26D9DA835A740EE2EA17B9B5B80B9E03FFFFFFFFFFFC9FFF000211161C0B42B8E3406E3337
0F17EE26D9A2835A8A0EE2CD17B99EB81B9E03FFFFFFFFFFFC9FFF000210161C0B42B8E3406E434F
0F17DC26D988835A8F0EE2BF17B98DB80B9E03FFFFFFFFFFFC9FFF000202161C0B42B8E3406E4367
0F17F226D9AA835A870EE2D217B99DB81B9E03FFFFFFFFFFFCAFFF000204161C0A42B8E3406E437F
0F181E26D9F3835A7F0EE2F617B9BEB81B9E03FFFFFFFFFFFCAFFF000204161C0A42B8E2406E3397
0F184F26DA39835A770EE32217B9E5B81B9E03FFFFFFFFFFFCAFFF0001FD161C0A42B8E2406E33AF
0F182126D9F2835A850EE30A17B9D0B7FB9F03FFFFFFFFFFFC9FFF000205161C0A42B8E2406E33C7
0F17E126D98E835A8E0EE2CC17B999B7EB9E03FFFFFFFFFFFC9FFF0001FD161C0A42B8E2406E33DF
0F17F426D9B0835A8C0EE2CF17B99FB7EB9E03FFFFFFFFFFFCAFFF0001FF161C0A42B8E2406E33F7
0F17F426D9B2835A930EE2D317B9A0B80B9E03FFFFFFFFFFFCAFFF000201161C0A42B8E1406E330F
0F180526D9CB835A900EE2DF17B9ABB80B9E03FFFFFFFFFFFCAFFF000201161C0942B8E1406E4327
0F182826DA04835A8E0EE30417B9CCB7FB9E03FFFFFFFFFFFC9FFF0001FD161C0942B8E1406E333F
0F181E26D9EF835A9A0EE2FB17B9C6B80B9F03FFFFFFFFFFFC9FFF0001FD161C0942B8E1406E3357
0F181826D9E3835A9C0EE30317B9C8B80B9F03FFFFFFFFFFFCAFFF000204161C0942B8E1406E336F
0F185826DA4C835A8A0EE33C17B9F8B80B9F03FFFFFFFFFFFC9FFF000204161C0942B8E0406E3387
0F188C26DA9C835A8D0EE35C17BA18B80B9F03FFFFFFFFFFFC9FFF0001FD161C0942B8E0406E339F
0F181526D9E5835AA90EE31317B9DAB7FB9E03FFFFFFFFFFFC9FFF0001F6161C0942B8E0406E33B7
0F17E526D9A1835AA50EE2DF17B9ACB7FB9F03FFFFFFFFFFFCAFFF000203161C0842B8E0406E33CF
0F185426DA41835A960EE33217B9F2B7FB9F03FFFFFFFFFFFC9FFF000203161C0842B8E0406E33E7
0F181126D9DC835AA70EE30217B9CBB80B9E03FFFFFFFFFFFCAFFF000206161C0842B8DF406E23FF
0F17E026D992835AAE0EE2C117B992B82B9E03FFFFFFFFFFFCBFFF000207161C0842B8DF406E3317
0F182A26DA03835A9A0EE32417B9E6B82B9F03FFFFFFFFFFFC9FFF000206161C0842B8DF406E332F
0F186526DA5D835A970EE34617BA03B81B9F03FFFFFFFFFFFC9FFF0001FE161C0842B8DF406E3347
0F180B26D9D8835AB00EE2EC17B9BBB80B9F03FFFFFFFFFFFC9FFF000204161C0842B8DF406E335F
0F17DC26D98D835AC20EE2C517B996B7FB9F03FFFFFFFFFFFCAFFF0001FF161C0742B8DE406E3377
0F17EC26D9A8835AB40EE2CC17B99DB7EB9E03FFFFFFFFFFFC9FFF000204161C0742B8DE406E338F
0F182326D9FB835AA10EE2F417B9C0B7EB9E03FFFFFFFFFFFC9FFF0001FC161C0742B8DE406E23A7
0F181F26D9F7835AAB0EE30017B9C8B7FB9E03FFFFFFFFFFFCAFFF000206161C0742B8DE406E23BF
0F180D26D9DB835AB50EE2E817B9B4B7FB9E03FFFFFFFFFFFCAFFF000209161C0742B8DE406E33D7
0F181E26D9F4835AAE0EE2FF17B9C7B80B9E03FFFFFFFFFFFC9FFF00020B161C0742B8DD406E23EF
0F183E26DA24835AA90EE31D17B9E3B80B9E03FFFFFFFFFFFC9FFF00020A161C0742B8DD406E2307
0F183826DA1A835AAE0EE31D17B9E0B81B9E03FFFFFFFFFFFC9FFF000208161C0642B8DD406E231F
0F185426DA44835AAE0EE32317B9E6B81B9E03FFFFFFFFFFFC9FFF000203161C0642B8DD406E2337
0F185726DA4D835AB00EE33C17B9FBB80B9E03FFFFFFFFFFFCAFFF00020D161C0642B8DC406E234F
0F182A26DA07835AB60EE31017B9D7B7FB9E03FFFFFFFFFFFCAFFF000208161C0642B8DC406E3367
0F188826DA9A835A9D0EE36617BA1EB7FB9E03FFFFFFFFFFFCBFFF000217161C0642B8DC406E237F
0F18BF26DAEC835A8D0EE3A017BA4FB7FB9E03FFFFFFFFFFFCAFFF000227161C0642B8DC406E2397
0F196226DBE0835A7B0EE46217BAECB80B9E03FFFFFFFFFFFC9FFF000230161C0542B8DB406E23AF
0F19DA26DC94835A750EE4C117BB3BB80B9E03FFFFFFFFFFFC9FFF00023F161C0542B8DB406E23C7
0F1A0926DCDB835A700EE4F517BB65B7EB9E03FFFFFFFFFFFCAFFF00024D161C0542B8DB406E23DF
0F1A7526DD7E835A600EE54E17BBB0B7EB9D03FFFFFFFFFFFCAFFF000251161C0542B8DB406E23F7
0F1AD926DE19835A530EE5B017BC03B7FB9D03FFFFFFFFFFFCAFFF000251161C0542B8DB406E230F
0F1B2726DE91835A470EE60D17BC51B7FB9D03FFFFFFFFFFFCAFFF00024C161C0542B8DA406E2327
0F1C5B26E062835A300EE75617BD64B7EB9E03FFFFFFFFFFFCAFFF000240161C0442B8DA406E233F
0F1D0326E15E835A250EE78217BD89B7EB9D03FFFFFFFFFFFCAFFF00023D161C0442B8DA406E2357
0F1CFD26E158835A280EE79517BD9AB7FB9D03FFFFFFFFFFFCAFFF00023B161C0442B8DA406E236F
0F1D1226E179835A170EE7E917BDDEB7DB9C03FFFFFFFFFFFCAFFF000239161C0442B8D9406E2387
0F1D7B26E2298359F20EE84317BE2CB7DB9B03FFFFFFFFFFFC9FFF00022B161C0442B8D9406E239F
0F1DE426E2BE8359E70EE87017BE52B7DB9B03FFFFFFFFFFFC9FFF000230161C0442B8D9406E23B7
0F1DAC26E26D8359EA0EE88517BE63B7EB9B03FFFFFFFFFFFCAFFF000228161C0442B8D9406E23CF
0F1DDA26E2B38359DA0EE8B917BE91B7EB9B03FFFFFFFFFFFCAFFF000225161C0342B8D9406E23E7
0F1E0926E2FC8359CD0EE8D617BEAAB7DB9B03FFFFFFFFFFFC9FFF000224161C0342B8D8406E23FF
0F1E2F26E3398359B80EE8F717BEC6B7DB9B03FFFFFFFFFFFC9FFF00021A161C0342B8D8406E2317
0F1E5E26E3828359950EE92417BEEAB7DB9A03FFFFFFFFFFFC9FFF00021D161C0342B8D8406E232F
0F1E7F26E3B38359830EE92317BEEAB7FB9B03FFFFFFFFFFFC9FFF00021B161C0342B8D8406E2347
0F1E8D26E3C483597D0EE94F17BF0FB80B9B03FFFFFFFFFFFC9FFF000214161C0342B8D7406E235F
0F1EA626E3F08359690EE96E17BF29B80B9B03FFFFFFFFFFFC9FFF00021A161C0342B8D7406E2377
0F1EDA26E4438359470EE99F17BF50B7FB9B03FFFFFFFFFFFCBFFF00020A161C0242B8D7406E238F
0F1F1226E49483592C0EE9D117BF77B7FB9C03FFFFFFFFFFFC9FFF000218161C0242B8D7406E23A7
0F1F4226E4D88359190EEA0C17BFABB7FB9C03FFFFFFFFFFFCAFFF00021A161C0242B8D7406E23BF
0F1F7826E5308359060EEA3E17BFD4B7EB9C03FFFFFFFFFFFCBFFF000215161C0242B8D6406E23D7
0F1FAA26E5768358ED0EEA7417C002B7DB9B03FFFFFFFFFFFC9FFF00021D161C0242B8D6406E23EF
0F1FDD26E5C78358C30EEAA317C029B7CB9B03FFFFFFFFFFFC9FFF000217161C0242B8D6406E2307
0F201A26E6228358970EEAD817C053B7CB9B03FFFFFFFFFFFCAFFF000220161C0242B8D6406E231F
0F204A26E6678358830EEAF217C067B7CB9B03FFFFFFFFFFFC9FFF000224161C0142B8D5406E2337
0F206026E66B83586D0EEB2C17C098B7DB9A03FFFFFFFFFFFC9FFF000220161C0142B8D5406E234F
0F208C26E6CB83583C0EEB5717C0BBB7DB9A03FFFFFFFFFFFC9FFF00023E161C0142B8D5406E2367
0F20D626E7408358100EEB8C17C0E7B7CB9A03FFFFFFFFFFFC9FFF000250161C0142B8D5406E237F
0F214F26E8018357E00EEC0617C14EB7CB9A03FFFFFFFFFFFCAFFF000264161C0142B8D5406E2397
0F222026E9488357B00EECD617C200B7CB9A03FFFFFFFFFFFCAFFF000277161C0142B8D4406E13AF
0F231026EABA8357930EEDD717C2DBB7DB9A03FFFFFFFFFFFC9FFF00028D161C0142B8D4406E13C7
0F257926EE5083576C0EF02817C4BCB7DB9A0E8FFFFFFFFFFC9FFF0002A8161C0142B8D4406E13DF
0F266526EFB68357350EF0F917C56AB7CB99AB5FFFFFFFFFFC9FFF0002C9161C0042B8D4406E23F7
0F27EF26F20E8357040EF26617C69DB7BB9A03FFFFFFFFFFFC9FFF0002E6161C0042B8D4406E230F
0F28C826F3488356E20EF36417C771B7AB9903FFFFFFFFFFFC9FFF000311161C0042B8D3406E2327
0F28FF26F3A48356B60EF3A117C79FB7BB9803FFFFFFFFFFFC9FFF000341161C0042B8D3406E233F
0F29A026F49D8356850EF42217C80DB7BB9803FFFFFFFFFFFCAFFF00035E161C0042B8D3406E1357
0F2AEB26F69C83565E0EF52117C8E3B7BB9703FFFFFFFFFFFCAFFF000394161C0042B8D3406E136F
0F2BB526F7BF8356300EF63617C9C4B79B9703FFFFFFFFFFFC9FFF0003AF161C0042B8D3406E1387
0F2BDD26F8008356020EF67017C9F8B78B9603FFFFFFFFFFFC9FFF0003D3161BFF42B8D2406E239F
0F2C0226F8388355D50EF69017CA11B77B9503FFFFFFFFFFFCAFFF0003EA161BFF42B8D2406E13B7
0F2C5326F8B683559F0EF6E517CA5AB76B9403FFFFFFFFFFFCAFFF0003F1161BFF42B8D2406E23CF
0F2C9026F91283556D0EF72D17CA94B75B9303FFFFFFFFFFFCAFFF000401161BFF42B8D2406E23E7
0F2D2926F9ED8355450EF7AD17CAFDB75B9303FFFFFFFFFFFCAFFF000408161BFF42B8D1406E23FF
0F2D7626FA588355150EF7FD17CB39B76B9403FFFFFFFFFFFCAFFF00040F161BFF42B8D1406E1317
0F2DB426FAB58354EC0EF84117CB6DB77B9303FFFFFFFFFFFCAFFF000412161BFF42B8D1406E132F
0F2E1F26FB4A8354BE0EF8AB17CBC1B75B9303FFFFFFFFFFFC9FFF000403161BFE42B8D1406E1347
0F2EA726FC0D8354850EF93417CC2CB73B9203FFFFFFFFFFFCAFFF00040B161BFE42B8D1406E135F
0F2F6D26FD328354570EF9EB17CCBBB71B9303FFFFFFFFFFFCAFFF0003FA161BFE42B8D0406E1377
0F305226FE7D83542D0EFAC617CD6BB70B9203FFFFFFFFFFFC9FFF0003EE161BFE42B8D0406E138F
0F31E72700EB8353FF0EFC4E17CEB2B71B9203FFFFFFFFFFFCAFFF0003DC161BFE42B8D0406E13A7
0F33462702FB8353D00EFDBB17CFE4B70B91B2FFFFFFFFFFFC9FFF0003C7161BFE42B8D0406E13BF
0F33C82703CA8353A00EFE4617D05CB6FB9003DFFFFFFFFFFC8FFF0003BE161BFE42B8D0406E13D7
0F34542704A28353660EFECA17D0CEB6FB9003FFFFFFFFFFFCAFFF0003C4161BFD42B8CF406E13EF
0F344C27049C8353310EFEC217D0C6B70B9003FFFFFFFFFFFC9FFF0003CB161BFD42B8CF406E1307
0F34602704B883530C0EFED317D0D4B71B9003FFFFFFFFFFFC9FFF0003D3161BFD42B8CF406E031F
0F34C42705538352DF0EFF4A17D13DB71B9003FFFFFFFFFFFCAFFF0003EB161BFD42B8CF406E1337
0F354F2706298352AF0EFFCF17D1ABB72B9003FFFFFFFFFFFCAFFF0003FF161BFD42B8CF406E134F
0F35FF27073E83527B0F006517D22BB71B9003FFFFFFFFFFFCAFFF000417161BFD42B8CE406E1367
0F36B027084B8352380F012317D2CAB71B9003FFFFFFFFFFFCAFFF000431161BFD42B8CE406E037F
0F380B270A5E8351FA0F026417D3D4B71B8F03FFFFFFFFFFFCAFFF00043E161BFC42B8CE406E1397
0F3946270C248351C20F038C17D4C3B6EB8E03FFFFFFFFFFFCAFFF00044F161BFC42B8CE406E13AF
0F39B6270CD38351960F040617D52DB6FB8E03FFFFFFFFFFFC9FFF000453161BFC42B8CE406E03C7
0F3A2C270D8C83515A0F049117D5A1B6EB8E03FFFFFFFFFFFC9FFF00044D161BFC42B8CD406E03DF
0F3B03270EDD83510A0F056117D64FB6EB8D03FFFFFFFFFFFC9FFF000450161BFC42B8CD406E13F7
0F3BB6270FEB8350C80F060517D6D9B6EB8C03FFFFFFFFFFFC9FFF000458161BFC42B8CD406E130F
0F3CD82711B583507E0F071117D7C1B6DB8B03FFFFFFFFFFFCAFFF000450161BFC42B8CD406E1327
0F3E9B27145E83502A0F08EF17D947B6DB8B03FFFFFFFFFFFCAFFF00044F161BFB42B8CC406E133F
0F3FEA271664834FEE0F0A2717DA53B6CB8B03FFFFFFFFFFFCAFFF00043E161BFB42B8CC406E0357
0F410B271818834FB20F0B4F17DB4CB6BB8A03FFFFFFFFFFFC9FFF000435161BFB42B8CC406E036F
0F428B271A71834F5E0F0CEA17DCA9B69B8A03FFFFFFFFFFFC9FFF000421161BFB42B8CC406E0387
0F4436271CF8834EFF0F0E8117DDF9B68B8903FFFFFFFFFFFC9FFF00041A161BFB42B8CC406E039F
0F45CE271F58834EB40F0FE717DF1CB67B8803FFFFFFFFFFFCAFFF000405161BFB42B8CB406E03B7
0F472727215C834E6E0F115F17E054B67B8703FFFFFFFFFFFCAFFF000400161BFB42B8CB406E03CF
0F498327252C834E1F0F13A017E24BB69B8703FFFFFFFFFFFCAFFF0003F4161BFA42B8CB406E03E7
0F4D9E272B23834DBE0F17C217E5A4B69B8703FFFFFFFFFFFCAFFF0003DA161BFA42B8CB406E03FF
0F4ECF272CC8834D630F18F417E68EB68B8703FFFFFFFFFFFC9FFF0003DE161BFA42B8CB406E0317
0F4ED9272CDB834D170F18F617E690B66B8603FFFFFFFFFFFCAFFF0003CA161BFA42B8CA406E032F
0F4F73272DE3834CC80F199917E723B65B8503FFFFFFFFFFFCBFFF0003D8161BFA42B8CA406E0347
0F51642730D5834C680F1B7217E8B5B63B8403FFFFFFFFFFFCAFFF0003D6161BFA42B8CA406E035F
0F53B7273467834C040F1DC417EA9EB63B8303FFFFFFFFFFFC9FFF0003E7161BFA42B8CA406E0377
0F55EE273787834BB20F200117EC5EB61B8203FFFFFFFFFFFC9FFF0003EF161BF942B8CA406E038F
0F56EA27391A834B6B0F20F617ED39B5EB8103FFFFFFFFFFFC9FFF000404161BF942B8C9406E03A7
0F576F2739DF834B1B0F217817EDA9B5EB7F03FFFFFFFFFFFC9FFF00040E161BF942B8C9406E03BF
0F5782273A06834ABA0F219517EDC4B5DB7E26DFFFFFFFFFFC9FFF00041D161BF942B8C9406E03D7
0F5A74273EC6834A430F243917F015B5DB7D03EFFFFFFFFFFC9FFF000424161BF942B8C9406E03EF
0F5CFA2742378349DB0F26EE17F224B5CB7C03FFFFFFFFFFFC9FFF000417161BF942B8C8406E0307
0F5DCA27438083499D0F27C017F2D5B5AB7C03FFFFFFFFFFFCAFFF000408161BF942B8C8406E031F
0F5EFE27456F8349570F28EE17F3E1B59B7A03FFFFFFFFFFFCAFFF0003FE161BF942B8C8406E0337
0F623E274A778348F50F2C0717F68AB5AB7A03FFFFFFFFFFFCAFFF0003F6161BF842B8C8406E034F
0F6474274DBD83487C0F2E3517F84AB59B7903FFFFFFFFFFFCAFFF0003EF161BF842B8C8406E0367
0F684F2754078348110F320317FB96B59B7A03FFFFFFFFFFFC9FFF0003EC161BF842B8C7406E037F
0F6C0B2759368347BC0F35BE17FE8CB5AB7903FFFFFFFFFFFC9FFF0003E0161BF842B8C7406E0397
0F6CFA275AC88347660F36A517FF65B59B7803FFFFFFFFFFFC9FFF0003DE161BF842B8C7406E03AF
0F702F275FCE8347110F39EF180229B59B7803FFFFFFFFFFFCAFFF0003D4161BF842B8C7406E03C7
0F72BA2763708346C70F3C62180421B59B7903FFFFFFFFFFFCBFFF0003C4161BF842B8C7406E03DF
0F730F2763FD8346710F3CBB180474B58B7903FFFFFFFFFFFCAFFF0003C0161BF842B8C6406E03F7
0F73832764B88346010F3D2C1804D8B58B7803FFFFFFFFFFFCAFFF0003AE161BF742B8C6406E030F
0F756F2767EC8345860F3EEB18065EB58B7803FFFFFFFFFFFCAFFF000391161BF742B8C6406E0327
0F7A54276F378345210F43CB180A68B59B7803FFFFFFFFFFFCAFFF00036E161BF742B8C6406E033F
0F7D0527732F8344D80F4698180CAFB5AB7803FFFFFFFFFFFC9FFF000347161BF742B8C5406E0357
0F7F592776D883448D0F4920180ED2B5AB7803FFFFFFFFFFFC9FFF000321161BF742B8C5406E036F
0F81622779C683443D0F4AE018103FB59B7903FFFFFFFFFFFCAFFF0002F7161BF742B8C5406E0387
0F81CD277A6D8343E10F4B651810B3B58B7903FFFFFFFFFFFC9FFF0002E3161BF742B8C5406E039F
0F8260277B6A8343700F4BC518110DB59B7A03FFFFFFFFFFFC9FFF0002D6161BF742B8C5406E03B7
0F866F2781AF83430A0F4F9818143FB59B7903FFFFFFFFFFFC9FFF0002D1161BF642B8C4406E03CF
0F89402785C88342B50F529A1816B6B5AB7803FFFFFFFFFFFCAFFF0002E0161BF642B8C4406DF3E7
0F8C6F278A8483424B0F55BE181946B58B7703FFFFFFFFFFFCAFFF0002E9161BF642B8C4406E03FF
0F8F23278EA88341F40F5873181B83B56B7603FFFFFFFFFFFCAFFF0002EE161BF642B8C4406E0317
0F91572791D68341AC0F5A9D181D49B55B7603FFFFFFFFFFFCAFFF0002FE161BF642B8C4406DF32F
0F91E52792B98341570F5B30181DCDB55B7503FFFFFFFFFFFCAFFF000302161BF642B8C3406E0347
0F92282793258340D30F5B69181DFFB55B7603FFFFFFFFFFFCAFFF000307161BF642B8C3406E035F
0F926827938E83405E0F5BA4181E2FB56B7603FFFFFFFFFFFCBFFF0002F6161BF542B8C3406E0377
0F92F92794618340180F5C3E181EABB56B7603FFFFFFFFFFFCBFFF0002EF161BF542B8C3406E038F
0F941A27962E833FBB0F5D3F181F93B55B7603FFFFFFFFFFFCBFFF0002DC161BF542B8C2406E03A7
0F95FA2798F4833F4A0F5F1618210EB54B7603FFFFFFFFFFFC8FFF0002C2161BF542B8C2406E03BF
0F968A2799BE833EF30F5FBF182191B53B7603FFFFFFFFFFFC8FFF0002AE161BF542B8C2406E03D7
0F990B279DA1833E9A0F623C1823ABB52B7403FFFFFFFFFFFCAFFF0002A1161BF542B8C2406E03EF
0F9B6927A11A833E310F6487182588B51B7303FFFFFFFFFFFCAFFF000299161BF542B8C1406DF307
0F9DBC27A493833DD00F66D0182764B51B7303FFFFFFFFFFFCAFFF000293161BF542B8C1406E031F
0F9F1E27A6A9833D6F0F683218288DB51B7303FFFFFFFFFFFCAFFF00028C161BF542B8C1406E0337
0FA07927A8C7833D100F69891829B0B4FB7203FFFFFFFFFFFCAFFF000281161BF442B8C1406E034F
0FA1BA27AAAB833CAD0F6ACD182ABFB4EB7203FFFFFFFFFFFCAFFF00027C161BF442B8C1406DF367
0FA43C27AE71833C450F6D2E182CB7B4EB7103FFFFFFFFFFFCBFFF00027E161BF442B8C0406E037F
0FA52F27AFCB833BE80F6E29182D81B4EB7003FFFFFFFFFFFCAFFF000275161BF442B8C0406DF397
0FA6E027B288833B820F6FE7182F0EB4DB6F03FFFFFFFFFFFCAFFF000275161BF442B8C0406E03AF
0FA91027B5CE833B2B0F71F51830B3B4CB6E03FFFFFFFFFFFCAFFF000278161BF442B8C0406DF3C7
0FAB4227B93D833ADE0F74441832B1B4BB6E03FFFFFFFFFFFCAFFF000287161BF442B8C0406E03DF
0FAE5427BDC5833A730F773A18351BB4BB6D03FFFFFFFFFFFCBFFF00029C161BF442B8BF406DF3F7
0FAFF127C02A833A030F78C0183655B4AB6C03FFFFFFFFFFFCAFFF0002DC161BF342B8BF406DF30F
0FB23627C38A8339A10F7B07183832B4BB6C03FFFFFFFFFFFCAFFF000316161BF342B8BF406E0327
0FB3C527C5E383393B0F7C87183972B4BB6D03FFFFFFFFFFFCAFFF000357161BF342B8BF406DE33F
0FB6F727CACC8338D50F7FB0183C17B4BB6D03FFFFFFFFFFFCAFFF00038D161BF342B8BE406DF357
0FB95527CE138338940F822B183E01B4BB6C03FFFFFFFFFFFCAFFF0003CD161BF342B8BE406DF36F
0FBB4827D12883384C0F8416183FAFB4AB6C03FFFFFFFFFFFCAFFF000400161BF342B8BE406DF387
0FBDC727D4E38337D60F867D1841A9B4BB6B03FFFFFFFFFFFCBFFF000417161BF342B8BE406DE39F
0FBEFE27D6B18337550F87A0184295B49B6B03FFFFFFFFFFFCAFFF000435161BF342B8BE406DF3B7
0FC0AF27D93B8336FB0F89551843F7B49B6B03FFFFFFFFFFFCAFFF000420161BF242B8BD406DF3CF
0FC33D27DD288336A80F8BF2184635B48B6B03FFFFFFFFFFFCBFFF000414161BF242B8BD406DE3E7
0FC63127E18A8336440F8ECB184886B47B6B03FFFFFFFFFFFCBFFF0003EA161BF242B8BD406DF3FF
0FC82827E48C8335E40F90BB184A1FB47B6A03FFFFFFFFFFFCBFFF0003B6161BF242B8BD406DF317
0FCAE927E8A48335880F9366184C4DB45B6903FFFFFFFFFFFCBFFF00037E161BF242B8BD406DF32F
0FCEA727EE178335370F9720184F49B43B6803FFFFFFFFFFFCBFFF00033F161BF242B8BC406DE347
0FCF3E27EEDC8334D30F97B5184FBFB43B6503FFFFFFFFFFFCAFFF000310161BF242B8BC406DF35F
0FCF7D27EF4883345A0F97F3184FFAB41B6403FFFFFFFFFFFCAFFF0002DF161BF242B8BC406DE377
0FD01127F0288333F80F9889185075B3FB6303FFFFFFFFFFFC9FFF0002AF161BF142B8BC406DF38F
0FD0B027F12E8333AD0F992F185109B3EB6103FFFFFFFFFFFC9FFF000295161BF142B8BB406DF3A7
0FD20827F3448333540F9A7D185229B3EB6003FFFFFFFFFFFC9FFF000277161BF142B8BB406DE3BF
0FD42227F6898332EF0F9C841853DAB3DB5F03FFFFFFFFFFFCAFFF000273161BF142B8BB406DE3D7
0FD7DB27FBEF8332980FA0291856CDB3CB5E03FFFFFFFFFFFCAFFF000272161BF142B8BB406DF3EF
0FD86D27FCBE8332410FA0CD18574DB39B5D03FFFFFFFFFFFCAFFF000285161BF142B8BB406DF307
0FD8E927FD768331CB0FA1421857ABB37B5C03FFFFFFFFFFFCAFFF000288161BF142B8BA406DE31F
0FDC242802818331590FA460185A52B37B5B03FFFFFFFFFFFCBFFF000299161BF142B8BA406DE337
0FDE6728059D83310B0FA6B5185C1CB36B5B03FFFFFFFFFFFCBFFF0002A2161BF142B8BA406DE34F
0FDFB62807A38330BB0FA7ED185D29B36B5A03FFFFFFFFFFFCAFFF0002A6161BF042B8BA406DF367
0FE18C280A6783305D0FA9BF185EABB37B5C03FFFFFFFFFFFC9FFF0002A8161BF042B8BA406DE37F
0FE275280BAB832FFC0FAAAC185F61B38B5B03FFFFFFFFFFFC9FFF000297161BF042B8B9406DE397
0FE27D280BBC832F950FAABB185F70B34B5903FFFFFFFFFFFCAFFF00029F161BF042B8B9406DE3AF
0FE2EE280C78832F2C0FAB1E185FCAB31B5603FFFFFFFFFFFCAFFF00028E161BF042B8B9406DE3C7
0FE3EF280E02832ECF0FAC0718608EB2EB5303FFFFFFFFFFFCAFFF00028B161BF042B8B9406DE3DF
0FE43A280E58832E760FAC791860E6B2DB5203FFFFFFFFFFFCAFFF000284161BF042B8B8406DE3F7
0FE46D280EB4832E230FAC921860FEB2EB5003FFFFFFFFFFFCAFFF00027F161BF042B8B8406DE30F
0FE52F280FDC832DB90FAD591861A8B2CB4F03FFFFFFFFFFFCAFFF000287161BEF42B8B8406DE327
0FE63D28116C832D4A0FAE65186280B2AB4F03FFFFFFFFFFFCAFFF00029A161BEF42B8B8406DE33F
0FE7AB281360832CEE0FAFD9186399B29B4E03FFFFFFFFFFFCAFFF0002A2161BEF42B8B8406DE357
0FE842281447832C990FB069186411B29B4E03FFFFFFFFFFFCAFFF0002B6161BEF42B8B7406DE36F
0FEBD92819CF832C360FB3F4186709B28B4D03FFFFFFFFFFFCAFFF0002BB161BEF42B8B7406DE387
0FEE7D281D89832BD60FB68B186914B26B4C03FFFFFFFFFFFCAFFF0002BA161BEF42B8B7406DE39F
0FF17B2821E1832B680FB975186B6BB24B4A03FFFFFFFFFFFCAFFF0002B4161BEF42B8B7406DE3B7
0FF2032822A6832B0E0FBA0C186BDFB22B4803FFFFFFFFFFFCAFFF0002AB161BEF42B8B7406DE3CF
0FF249282313832AC70FBA53186C22B22B4703FFFFFFFFFFFCAFFF000297161BEE42B8B6406DE3E7
0FF2E0282406832A610FBAE0186C9DB23B4603FFFFFFFFFFFCAFFF00028D161BEE42B8B6406DE3FF
0FF4A62826BE8329E40FBC8A186DFEB23B4703FFFFFFFFFFFCBFFF000276161BEE42B8B6406DE317
0FF6ED2829F483298E0FBEF4186FE0B22B4603FFFFFFFFFFFCBFFF000269161BEE42B8B6406DE32F
0FF84D282C1683295A0FC05D187116B20B4503FFFFFFFFFFFCBFFF000266161BEE42B8B6406DE347
0FF959282DA68328E60FC1461871DCB1FB4403FFFFFFFFFFFC9FFF00025B161BEE42B8B5406DE35F
0FFACC2830058328630FC2961872FFB1EB4303FFFFFFFFFFFC9FFF00025C161BEE42B8B5406DE377
0FFE6E2835578328050FC63B1875F1B1DB4203FFFFFFFFFFFC9FFF00025A161BEE42B8B5406DE38F
10019B2839DD8327B40FC96C187878B1CB4203FFFFFFFFFFFCAFFF000259161BED42B8B5406DE3A7
100311283BFD8327600FCAE21879ACB1AB4203FFFFFFFFFFFCAFFF000257161BED42B8B4406DE3BF
1004CE283EA68326F90FCC92187B13B19B3F03FFFFFFFFFFFCBFFF000256161BED42B8B4406DE3D7
10080D28436183268E0FCFC0187D9FB17B3D03FFFFFFFFFFFCBFFF000259161BED42B8B4406DE3EF
100A5A2846BD8326320FD217187F83B17B3C03FFFFFFFFFFFCAFFF00025A161BED42B8B4406DE307
100B902848A28325E10FD35D18809DB18B3A03FFFFFFFFFFFCAFFF00026C161BED42B8B4406DE31F
100FEB284F2C8325760FD7791883FFB19B3A03FFFFFFFFFFFCAFFF000273161BED42B8B3406DE337
10122D2852628325100FD9BE1885CBB19B3B03FFFFFFFFFFFCAFFF00027D161BED42B8B3406DE34F
10144C2855758324B60FDBE5188782B19B3C03FFFFFFFFFFFCBFFF000293161BEC42B8B3406DE367
10154A2856FE83245A0FDCD418884DB1BB3D03FFFFFFFFFFFCAFFF0002A6161BEC42B8B3406DE37F
1015CE2857C48323F50FDD551888B7B1BB3E03FFFFFFFFFFFCAFFF0002B5161BEC42B8B2406DE397
10164928587A83239D0FDDD2188921B1BB3F03FFFFFFFFFFFCBFFF0002D0161BEC42B8B2406DE3AF
1017282859D78323470FDEB31889E0B1BB3F03FFFFFFFFFFFCBFFF0002F1161BEC42B8B2406DE3C7
1018C0285C268322E80FE03A188B19B19B3F03FFFFFFFFFFFCBFFF0002FF161BEC42B8B2406DE3DF
101B8A28609283227C0FE2FA188D7DB19B3F03FFFFFFFFFFFCBFFF0002F5161BEC42B8B2406DE3F7
101F642865D58322160FE6CC189060B18B3D03FFFFFFFFFFFCBFFF0002F2161BEC42B8B1406DE30F
1021572868F68321BA0FE8CE18921FB17B3C762FFFFFFFFFFCBFFF0002DB161BEB42B8B1406DD327
1024CE286E058321660FEC2E1894D3B1AB3D3B6FFFFFFFFFFCBFFF0002D8161BEB42B8B1406DD33F
1027432871A683210D0FEEA31896D9B1BB3E6EAFFFFFFFFFFCAFFF0002C8161BEB42B8B1406DD357
102A7E2876758320AF0FF1CF189973B19B3E6D3FFFFFFFFFFC9FFF0002B2161BEB42B8B1406DE36F
1030EC28805A8320450FF81C189EC2B1BB3F03FFFFFFFFFFFCBFFF000294161BEB42B8B0406DD387
1038F7288BE7831FDB0FFFFC18A50AB1DB3F03FFFFFFFFFFFCAFFF00028D161BEB42B8B0406DD39F
103CA1289105831F7F1003BA18A7E4B1CB3F03FFFFFFFFFFFCAFFF000289161BEB42B8B0406DE3B7
103DD72892D1831F2E1004E718A8E0B19B3F045FFFFFFFFFFCBFFF00028B161BEA42B8B0406DE3CF
103E9928940F831ED210059418A97EB17B3E681FFFFFFFFFFCAFFF000294161BEA42B8AF406DD3E7
103ED528946C831E6C1005DC18A9BBB15B3C6DDFFFFFFFFFFCAFFF000293161BEA42B8AF406DE3FF
103F4F28953A831E1710064918AA22B14B3B03FFFFFFFFFFFCBFFF00028F161BEA42B8AF406DD317
104136289802831DB110082218AB9DB16B3A03FFFFFFFFFFFCBFFF00028B161BEA42B8AF406DD32F
1042CD289A37831D4B1009B418ACD2B14B3A03FFFFFFFFFFFCBFFF000289161BEA42B8AF406DD347
1043DC289BC0831CF5100ACD18ADB4B14B3904EFFFFFFFFFFCAFFF000288161BEA42B8AE406DD35F
10452B289DE5831C94100C1318AED9B12B396BEFFFFFFFFFFCAFFF00028E161BEA42B8AE406DE377
1048AD28A2E9831C2E100F8D18B197B10B366CDFFFFFFFFFFCBFFF00029B161BE942B8AE406DD38F
104A2428A4DC831BDC1010ED18B29EB0DB3403FFFFFFFFFFFCBFFF0002B0161BE942B8AE406DD3A7
104A4C28A51F831B7F10113118B2D8B0CB3303FFFFFFFFFFFCBFFF0002C6161BE942B8AE406DD3BF
104AC328A5D6831B1110119818B32FB0BB3203FFFFFFFFFFFCBFFF0002F2161BE942B8AD406DD3D7
104B6D28A6CE831ABA10123318B3A8B0AB31042FFFFFFFFFFCBFFF00031B161BE942B8AD406DD3EF
104DDB28AA92831A5A1014C018B5D5B09B32703FFFFFFFFFFCBFFF00033D161BE942B8AD406DD307
1051ED28B02F8319F11018A518B8CCB0BB31735FFFFFFFFFFCBFFF00036C161BE942B8AD406DD31F
10527728B12083199E10193818B953B0CB3003FFFFFFFFFFFCBFFF000393161BE842B8AC406DD337
10561728B6A2831945101CBC18BC45B0BB3003FFFFFFFFFFFCBFFF0003A2161BE842B8AC406DC34F
10586828B9D48318E4101F1618BE14B0AB3003FFFFFFFFFFFCAFFF0003AE161BE842B8AC406DD367
10596428BB5483188510201418BEE9B07B2F047FFFFFFFFFFC9FFF00039F161BE842B8AC406DD37F
105AB228BD4D83181F10214E18BFEDB03B2B6BAFFFFFFFFFFCBFFF000395161BE842B8AC406DC397
105D4628C1168317C21023E418C207B00B28740FFFFFFFFFFCBFFF000373161BE842B8AB406DC3AF
105FBF28C48383176C10265618C3E5AFEB2503FFFFFFFFFFFCBFFF00035C161BE842B8AB406DC3C7
10615C28C6E583171A1027EE18C530AFEB2303FFFFFFFFFFFCBFFF00034D161BE842B8AB406DC3DF
1062A428C8B88316C810293118C630AFEB2203FFFFFFFFFFFCBFFF00034B161BE742B8AB406DD3F7
10637528C9F28316591029FD18C6DBAFEB230CCFFFFFFFFFFCBFFF000351161BE742B8AA406DC30F
10649228CB8A8315EB102B1718C7B8AFEB24838FFFFFFFFFFCAFFF000361161BE742B8AA406DD327
10651B28CC508315A0102B9A18C821AFCB24788FFFFFFFFFFCAFFF00037E161BE742B8AA406DC33F
10668328CE59831554102D0918C945AFDB2403FFFFFFFFFFFCBFFF0003A5161BE742B8AA406DC357
1067CC28D02B8314EF102E4818CA43AFDB2403FFFFFFFFFFFCBFFF0003CC161BE742B8AA406DC36F
106A4C28D3D88314811030B318CC2FAFDB2303FFFFFFFFFFFCCFFF0003F2161BE742B8A9406DD387
106B6128D5428314271031CE18CD03AFBB240F9FFFFFFFFFFCCFFF000406161BE642B8A9406DC39F
106CAE28D77E8313D310333318CE53AF8B227CCFFFFFFFFFFCCFFF000426161BE642B8A9406DC3B7
1071D028DEBB83137B10382F18D231AF6B1F13EFFFFFFFFFFCBFFF000436161BE642B8A9406DC3CF
10736228E0F58313231039B418D360AF5B1D03FFFFFFFFFFFCBFFF00042E161BE642B8A8406DC3E7
10744C28E24B8312C7103A9D18D41DAF7B1A0DAFFFFFFFFFFCBFFF000446161BE642B8A8406DC3FF
1074A628E2C683126A103AF318D460AF5B199EDFFFFFFFFFFCBFFF000451161BE642B8A8406DC317
1074FE28E35083120D103B4C18D4A8AF3B19493FFFFFFFFFFCBFFF00045A161BE642B8A8406DC32F
10751F28E37E83120C103B6D18D4C0AF1B1803FFFFFFFFFFFCBFFF00044F161BE642B8A8406DC347
10750C28E367831218103B5E18D4B7AF2B1803FFFFFFFFFFFCBFFF00045D161BE542B8A7406DC35F
10750128E35D83122D103B5518D4B3AF1B1903FFFFFFFFFFFCBFFF00045B161BE542B8A7406DC377
1074F228E34C83123E103B4618D4ADAF1B1913FFFFFFFFFFFCBFFF000456161BE542B8A7406DC38F
1074EA28E341831249103B3B18D4A6AF3B19B0FFFFFFFFFFFCBFFF000450161BE542B8A7406DC3A7
1074F128E35383124C103B4218D4AEAF1B194D3FFFFFFFFFFCBFFF000449161BE542B8A7406DC3BF
1074F928E35C83123B103B4518D4B0AF1B1903FFFFFFFFFFFCBFFF000431161BE542B8A6406DC3D7
10750128E36D831247103B4F18D4BBAF1B1903FFFFFFFFFFFCCFFF000431161BE542B8A6406DC3EF
1074F328E35C831270103B4418D4B6AF1B1803FFFFFFFFFFFCBFFF00041F161BE542B8A6406DC307
1074E828E34C831278103B3518D4ABAF0B190AEFFFFFFFFFFCBFFF00040D161BE542B8A6406DC31F
1074E828E35383126A103B3818D4AEAF1B19A24FFFFFFFFFFCBFFF000401161BE442B8A5406DC337
1074ED28E35A831278103B3718D4AFAF0B194B6FFFFFFFFFFCAFFF0003EF161BE442B8A5406DC34F
1074E528E35183128C103B3418D4B0AF0B1903FFFFFFFFFFFCAFFF0003E8161BE442B8A5406DC367
1074E128E34E83128E103B2F18D4AEAF1B1A03FFFFFFFFFFFCAFFF0003ED161BE442B8A5406DC37F
1074E028E34E831288103B2E18D4ADAF0B1903FFFFFFFFFFFCAFFF0003F3161BE442B8A5406DC397
1074D828E34183129D103B2118D4A3AEFB1910FFFFFFFFFFFCAFFF0003F8161BE442B8A4406DC3AF
1074BE28E3198312B3103B0818D48FAF1B18A92FFFFFFFFFFCBFFF00040D161BE442B8A4406DC3C7
1074C628E32A8312AC103B0F18D498AF2B184BCFFFFFFFFFFCBFFF000417161BE342B8A4406DC3DF
1074D228E3418312B2103B1E18D4A3AF1B1803FFFFFFFFFFFCBFFF000422161BE342B8A4406DC3F7
1074C128E3238312D1103B0D18D497AF0B1903FFFFFFFFFFFCAFFF000443161BE342B8A4406DC30F
1074BC28E3218312D0103B0818D495AF1B1903FFFFFFFFFFFCAFFF000454161BE342B8A3406DC327
1074C528E32E8312C6103B1318D49CAF2B19134FFFFFFFFFFCAFFF000456161BE342B8A3406DC33F
1074C728E32F8312DA103B1018D49CAF2B19B32FFFFFFFFFFCAFFF00045F161BE342B8A3406DC357
1074BF28E3288312EA103B0E18D49BAF1B194E8FFFFFFFFFFCAFFF000457161BE342B8A3406DC36F
1074B128E3188312EB103B0418D492AF2B1903FFFFFFFFFFFCBFFF000458161BE342B8A3406DC387
1074A528E3068312F3103AFA18D48AAF0B1903FFFFFFFFFFFCBFFF00045D161BE242B8A2406DC39F
10749928E2F5831301103AEA18D47FAF1B1A03FFFFFFFFFFFC9FFF000456161BE242B8A2406DC3B7
10748628E2D583130B103ADE18D477AF3B1A128FFFFFFFFFFCAFFF000455161BE242B8A2406DC3CF
10747628E2C5831313103ACA18D467AF3B1CAE8FFFFFFFFFFCBFFF000460161BE242B8A2406DC3E7
10749128E2EA831317103AE118D47AAF3B1C4F7FFFFFFFFFFCBFFF000464161BE242B8A1406DC3FF
1074AB28E314831314103AF918D48DAF1B1A03FFFFFFFFFFFCBFFF000461161BE242B8A1406DC317
10749C28E2F983131B103AF918D48EAF2B19137FFFFFFFFFFCBFFF000468161BE242B8A1406DC32F
10741328E23D831336103A8118D430AF1B18A95FFFFFFFFFFCBFFF000474161BE242B8A1406DC347
1073C828E1D5831347103A2218D3EAAF1B1A1B9FFFFFFFFFFCBFFF000477161BE242B8A1406DB35F
1073E928E206831342103A3E18D3FFAF2B1C03FFFFFFFFFFFCAFFF000472161BE142B8A0406DB377
1073FE28E22383133F103A6618D41DAF2B1C03FFFFFFFFFFFCAFFF000474161BE142B8A0406DC38F
10739028E180831348103A1218D3D5AF3B1C03FFFFFFFFFFFCBFFF000477161BE142B8A0406DC3A7
10735328E1308313501039AC18D38BAF3B1C17AFFFFFFFFFFCAFFF000480161BE142B8A0406DB3BF
10736628E14A8313511039C418D39FAF3B1CBCAFFFFFFFFFFCAFFF00047D161BE142B8A0406DB3D7
10735828E1368313601039AC18D38EAF4B1B1DFFFFFFFFFFFCBFFF000477161BE142B89F406DB3EF
10731328E0D383137C10396B18D358AF3B1C03FFFFFFFFFFFCBFFF00046F161BE142B89F406DB307
1072E528E09083137710396118D354AF2B1C03FFFFFFFFFFFCAFFF000466161BE042B89F406DB31F
10734C28E1288313671039A618D386AF2B1C03FFFFFFFFFFFCAFFF00045B161BE042B89F406DB337
10734828E11E83137710399A18D37FAF2B1C1F6FFFFFFFFFFCCFFF000441161BE042B89F406DB34F
10732728E0F083138810398118D36DAF3B1CBD8FFFFFFFFFFCBFFF000446161BE042B89E406DB367
10730728E0C383138A10396818D357AF3B1D1E9FFFFFFFFFFCBFFF000440161BE042B89E406DB37F
1072EC28E09983138F10394718D33EAF3B1C03FFFFFFFFFFFCBFFF00043D161BE042B89E406DB397
1072D428E07883139910393118D32BAF4B1C03FFFFFFFFFFFCAFFF000430161BE042B89E406DC3AF
10727F28DFFD83139B10390218D308AF5B1C03FFFFFFFFFFFCAFFF000444161BE042B89E406DB3C7
10720F28DF5883139E10388D18D2A6AF4B1C03FFFFFFFFFFFCBFFF000448161BDF42B89D406DB3DF
1071BA28DEE68313B210382118D255AF2B1D03FFFFFFFFFFFCBFFF00043F161BDF42B89D406DB3F7
10719028DEA78313B71037F518D232AF2B1D03FFFFFFFFFFFCCFFF000440161BDF42B89D406DB30F
1071FF28DF4B8313B210386E18D293AF2B1D03FFFFFFFFFFFCCFFF000437161BDF42B89D406DB327
1071B528DED38313B710383118D263AF2B1D03FFFFFFFFFFFCBFFF000425161BDF42B89D406DB33F
10715928DE4C8313BF1037E618D21FAF3B1D03FFFFFFFFFFFCAFFF000420161BDF42B89C406DA357
1070C428DD738313C310377C18D1CCAF4B1E03FFFFFFFFFFFCBFFF000415161BDF42B89C406DB36F
1070AF28DD508313CD10375718D1B0AF3B1D03FFFFFFFFFFFCCFFF000405161BDF42B89C406DB387
106E1A28D9A18313E110350218CFCEAF3B1C03FFFFFFFFFFFCBFFF0003FC161BDE42B89C406DB39F
106D4928D8758313ED10342318CF2AAF2B1B03FFFFFFFFFFFCCFFF0003FF161BDE42B89C406DB3B7
106D5C28D8928313E710345618CF50AF2B1C03FFFFFFFFFFFCAFFF0003FF161BDE42B89B406DB3CF
106D7428D8B78313E010344218CF3CAF2B1C03FFFFFFFFFFFCAFFF0003F7161BDE42B89B406DA3E7
106DD228D92E8313E41034BB18CF9AAF2B1C03FFFFFFFFFFFCBFFF00040E161BDE42B89B406DB3FF
106CAB28D7838313EF10338E18CEA4AF3B1B03FFFFFFFFFFFCBFFF00040B161BDE42B89B406DB317
106C2B28D6C28314011032BF18CDFDAF4B1B03FFFFFFFFFFFCAFFF000413161BDE42B89A406DB32F
106BED28D66383141310326618CDB4AF6B1C03FFFFFFFFFFFCAFFF000407161BDD42B89A406DB347
106BFA28D67083141310326D18CDB7AF7B1C03FFFFFFFFFFFCAFFF000403161BDD42B89A406DB35F
106BED28D65D83141410326F18CDB7AF5B1C03FFFFFFFFFFFCAFFF0003E9161BDD42B89A406DA377
106C0928D68A83141310327F18CDC5AF4B1C03FFFFFFFFFFFCAFFF0003DB161BDD42B89A406DB38F
106C0028D67983141410327818CDBDAF4B1C03FFFFFFFFFFFCAFFF0003C8161BDD42B899406DA3A7
106BF028D65D83141D10326518CDAEAF5B1C03FFFFFFFFFFFCBFFF0003AF161BDD42B899406DB3BF
106BD428D63583142710324818CD97AF8B1C03FFFFFFFFFFFCAFFF0003A3161BDD42B899406DB3D7
106BDD28D64483143110324718CD98AF4B1C03FFFFFFFFFFFCBFFF000389161BDC42B899406DB3EF
106BD528D63683144010324118CD94AF3B1B03FFFFFFFFFFFCAFFF00036D161BDC42B899406DA307
106BC528D61C83144910323318CD85AF4B1C03FFFFFFFFFFFCBFFF000366161BDC42B899406DA31F
106BBF28D61283144010322E18CD80AF5B1D03FFFFFFFFFFFCAFFF000367161BDC42B898406DA337
106BCA28D62883143710324718CD96AF4B1D03FFFFFFFFFFFCAFFF00036E161BDC42B898406DB34F
106BB928D60C83143E10323018CD82AF4B1C03FFFFFFFFFFFCAFFF00038F161BDC42B898406DA367
106BB328D60483144D10322118CD77AF3B1B03FFFFFFFFFFFCAFFF0003A5161BDC42B898406DA37F
106BAE28D5FF83145810321C18CD76AF3B1B03FFFFFFFFFFFCAFFF0003C8161BDC42B897406DA397
106BAA28D5F983146710321318CD6FAF4B1C03FFFFFFFFFFFCAFFF0003D7161BDB42B897406DA3AF
106BA728D5F483147110321518CD6EAF6B1C03FFFFFFFFFFFCBFFF0003E7161BDB42B897406DA3C7
106BD128D63383146810324218CD93AF6B1C03FFFFFFFFFFFCBFFF0003F8161BDB42B897406DA3DF
106BC028D61C83146310323818CD8AAF6B1D03FFFFFFFFFFFCBFFF0003F9161BDB42B897406DA3F7
106BB128D60483147510321E18CD78AF4B1D03FFFFFFFFFFFCAFFF0003EC161BDB42B896406DA30F
106BBF28D61783147910322C18CD80AF3B1C03FFFFFFFFFFFCAFFF0003C9161BDB42B896406DA327
106BCD28D63083146710323C18CD8DAF2B1C03FFFFFFFFFFFCAFFF0003AD161BDB42B896406DA33F
106BC728D62983147A10323518CD8CAF2B1D03FFFFFFFFFFFCBFFF00038A161BDA42B896406DA357
106BA828D5F883149A10321A18CD75AF4B1E03FFFFFFFFFFFCAFFF00036D161BDA42B896406DA36F
106B9C28D5E583149A10320E18CD6AAF3B1E03FFFFFFFFFFFCAFFF000360161BDA42B895406DA387
106BAB28D60083148F10321C18CD74AF3B1C03FFFFFFFFFFFCAFFF000357161BDA42B895406DB39F
106BA628D5F583149410321C18CD75AF3B1C03FFFFFFFFFFFC9FFF000365161BDA42B895406DA3B7
106B9A28D5E283149610320E18CD69AF5B1D03FFFFFFFFFFFCAFFF00037E161BDA42B895406DA3CF
106B9928D5DD83148910320C18CD69AF7B1D03FFFFFFFFFFFCAFFF0003A1161BDA42B895406DA3E7
106B9E28D5EC83148E10320C18CD6AAF7B1E03FFFFFFFFFFFCAFFF0003CA161BD942B894406DA3FF
106B5C28D5828314B21031E118CD47AF5B1E03FFFFFFFFFFFCBFFF0003F8161BD942B894406DA317
106B3928D5518314BC1031B018CD1DAF5B1E03FFFFFFFFFFFCCFFF00041F161BD942B894406DA32F
106B4D28D56C8314AC1031D218CD36AF7B1D03FFFFFFFFFFFCAFFF000441161BD942B894406DA347
106B5628D57B8314AB1031CD18CD33AF7B1D03FFFFFFFFFFFCAFFF00045D161BD942B894406DA35F
106B0E28D50D8314BA10319618CD05AF5B1F03FFFFFFFFFFFCBFFF00046F161BD942B893406DA377
106B0228D5008314B610317D18CCF1AF6B1F03FFFFFFFFFFFCAFFF00046A161BD942B893406DA38F
106B2028D5288314B710319918CD09AF7B1F03FFFFFFFFFFFCAFFF00047B161BD842B893406DA3A7
106AE728D4D68314CD10316418CCDEAF6B1D03FFFFFFFFFFFCAFFF00047A161BD842B893406DA3BF
106AAE28D47F8314D310313018CCB3AF6B1D03FFFFFFFFFFFCAFFF000476161BD842B893406DA3D7
106A6E28D4258314CE10310018CC8AAF6B1D03FFFFFFFFFFFCBFFF00045F161BD842B893406DA3EF
106A7928D4338314DC1030EC18CC7FAF6B1E03FFFFFFFFFFFCBFFF000465161BD842B892406DA307
106A3728D3D08314E71030A418CC43AF7B1F03FFFFFFFFFFFCBFFF000459161BD842B892406DA31F
106A4528D3E38314DB1030D018CC66AF7B1F03FFFFFFFFFFFCBFFF000445161BD842B892406DA337
106AA828D47B8314D510311D18CCA4AF6B2003FFFFFFFFFFFCBFFF000427161BD842B892406DA34F
106A2628D3B68314E51030D718CC69AF9B2003FFFFFFFFFFFCAFFF0003F1161BD742B891406DA367
1068F428D1F38314F5102F9F18CB6DAFBB20349FFFFFFFFFFCBFFF0003D1161BD742B891406DA37F
1068B628D19D8314FA102F3C18CB1DAFAB2082CFFFFFFFFFFCAFFF00039B161BD742B891406DA397
1068BF28D1A88314FD102F4318CB22AF9B2003FFFFFFFFFFFCAFFF000364161BD742B891406DA3AF
1068C728D1B08314FF102F3F18CB1EAF9B2103FFFFFFFFFFFCAFFF00032E161BD742B891406DA3C7
1068E528D1DF831500102F6618CB3EAFAB2103FFFFFFFFFFFC9FFF000311161BD742B891406DA3DF
1068EC28D1E78314FD102F6218CB3AAFAB2103FFFFFFFFFFFC9FFF0002E9161BD742B890406DA3F7
1068FA28D1FC831504102F6B18CB43AFAB2303FFFFFFFFFFFCBFFF0002D2161BD642B890406DA30F
1068E128D1D9831517102F5B18CB37AFBB2303FFFFFFFFFFFCBFFF0002B5161BD642B890406DA327
1068B528D193831519102F4218CB20AFDB2303FFFFFFFFFFFCAFFF0002A1161BD642B890406D933F
1068B928D19983151A102F4618CB22AFDB2303FFFFFFFFFFFCAFFF000291161BD642B890406DA357
1068B728D197831526102F2D18CB0FAFDB2303FFFFFFFFFFFCBFFF000281161BD642B88F406DA36F
10691128D21B831527102F7718CB4BAFDB2403FFFFFFFFFFFC9FFF000281161BD642B88F406DA387
1068DA28D1CA831522102F5218CB2AAFDB2503FFFFFFFFFFFC9FFF000272161BD642B88F406DA39F
1068D828D1C5831524102F6918CB3EAFDB2603FFFFFFFFFFFC9FFF000265161BD542B88F406DA3B7
10692428D23583152E102F8F18CB63AFCB2503FFFFFFFFFFFCAFFF000258161BD542B88F406DA3CF
10688728D153831545102F1C18CAFFAFCB2503FFFFFFFFFFFCAFFF000257161BD542B88E406D93E7
10688228D14F83154B102F1618CAFFAFEB2503FFFFFFFFFFFC9FFF00025A161BD542B88E406DA3FF
10692428D23583153F102F9E18CB6AAFDB2403FFFFFFFFFFFCAFFF000253161BD542B88E406D9317
10697728D2B6831536102FDE18CB9AAFDB2403FFFFFFFFFFFCBFFF000245161BD542B88E406DA32F
10693728D253831540102FE918CBA8AFDB2403FFFFFFFFFFFC9FFF000252161BD542B88E406DA347
10680028D091831558102EBC18CAB5AFBB2503FFFFFFFFFFFCBFFF000243161BD542B88E406DA35F
1067A028D00083155F102E3C18CA4CAFCB2503FFFFFFFFFFFCBFFF000250161BD442B88D406DA377
1067DA28D05983154C102E6D18CA75AFDB2503FFFFFFFFFFFCAFFF00024C161BD442B88D406DA38F
1067A328D00383154F102E6118CA67AFEB2503FFFFFFFFFFFCAFFF000241161BD442B88D406DA3A7
10671528CF3F83156A102DB218C9E1AFEB2503FFFFFFFFFFFCAFFF00024B161BD442B88D406DA3BF
10670428CF2483156C102D8518C9BEAFEB2503FFFFFFFFFFFC9FFF00024E161BD442B88D406DA3D7
10670B28CF3183155E102D8C18C9C1AFDB2603FFFFFFFFFFFCAFFF00024F161BD442B88C406DA3EF
10670B28CF2A831565102D9118C9C5AFDB2603FFFFFFFFFFFCBFFF000246161BD342B88C406DA307
1066DF28CEEB831572102D6918C9A7AFCB2503FFFFFFFFFFFCBFFF000260161BD342B88C406DA31F
1066E728CEFD83156F102D7318C9B1AFDB2503FFFFFFFFFFFCBFFF00026E161BD342B88C406DA337
10671E28CF47831565102D9A18C9CCAFCB2503FFFFFFFFFFFCAFFF00027C161BD342B88C406D934F
10672128CF4E831571102D9E18C9D1AFDB2403FFFFFFFFFFFCAFFF000282161BD342B88C406DA367
10671128CF33831585102D9118C9C8AFCB2503FFFFFFFFFFFCAFFF000295161BD342B88B406D937F
10671F28CF49831583102DA218C9D3AFDB2403FFFFFFFFFFFCAFFF00029D161BD342B88B406D9397
10673B28CF7583157D102DBC18C9E7AFEB2503FFFFFFFFFFFCBFFF00029A161BD242B88B406D93AF
10675528CF90831585102DFD18CA1AAFEB2503FFFFFFFFFFFCBFFF00029F161BD242B88B406D93C7
10673E28CF74831582102DD918C9FDAFEB2503FFFFFFFFFFFCAFFF000298161BD242B88B406D93DF
10675F28CFA3831580102E1318CA29AFCB2503FFFFFFFFFFFCAFFF000293161BD242B88A406DA3F7
1066DE28CEEC831592102D8D18C9C3AFAB2503FFFFFFFFFFFC9FFF00028A161BD242B88A406D930F
10667D28CE64831597102D1E18C970AFCB2603FFFFFFFFFFFC9FFF000291161BD242B88A406D9327
10671A28CF4A831588102D9B18C9D1AFCB2603FFFFFFFFFFFCAFFF00028D161BD242B88A406D933F
10671C28CF4383158F102DB818C9E5AFBB2603FFFFFFFFFFFCAFFF00029C161BD142B88A406D9357
10666228CE3C8315A4102D1E18C96EAFCB2703FFFFFFFFFFFCBFFF0002B4161BD142B88A406D936F
10663A28CE0C83159E102CD918C939AFCB2703FFFFFFFFFFFCBFFF0002D2161BD142B889406D8387
10665F28CE3F831594102CFF18C952AFDB2703FFFFFFFFFFFCBFFF000303161BD142B889406D939F
1066AA28CEA1831597102D2718C976AFEB2703FFFFFFFFFFFCBFFF00032C161BD142B889406D93B7
1066BD28CEC083159A102D4718C98EAFDB2603FFFFFFFFFFFCBFFF000348161BD142B889406D93CF
1066B228CEB483159E102D3518C981AFDB2603FFFFFFFFFFFCBFFF000372161BD142B889406D93E7
10663828CE018315AE102CE518C940AFEB2503FFFFFFFFFFFCAFFF000386161BD042B888406D93FF
10658928CD0F8315B3102C2D18C8B4AFEB2403FFFFFFFFFFFC9FFF000398161BD042B888406D9317
10659128CD198315A6102C3718C8BBAFDB2503FFFFFFFFFFFC9FFF000398161BD042B888406D932F
10657628CCF08315A5102C3018C8B4AFEB2503FFFFFFFFFFFCAFFF000382161BD042B888406D9347
10654328CCAA8315A5102BEB18C87CAFDB2603FFFFFFFFFFFCAFFF00036F161BD042B888406D935F
10653B28CCA08315A8102BCE18C868AFEB2503FFFFFFFFFFFCAFFF00034D161BD042B888406D9377
10651828CC708315BC102BAE18C852AFDB2503FFFFFFFFFFFCAFFF000328161BD042B887406D838F
1064EE28CC328315BB102B9518C83EAFEB2503FFFFFFFFFFFCAFFF00030E161BCF42B887406D83A7
10655A28CCCD8315A9102BDB18C873AFEB2603FFFFFFFFFFFC8FFF0002F4161BCF42B887406D93BF
10654C28CCB78315B2102BDA18C870AFFB2603FFFFFFFFFFFCAFFF0002E1161BCF42B887406D93D7
1064F628CC378315B9102B9C18C841AFEB2703FFFFFFFFFFFCBFFF0002C2161BCF42B887406D83EF
10652A28CC8A8315B2102BB818C856AFFB2603FFFFFFFFFFFC9FFF0002C7161BCF42B886406D8307
10653028CC8B8315B6102BD018C86AAFDB2503FFFFFFFFFFFC9FFF0002BB161BCF42B886406D831F
1064B428CBDC8315C6102B6118C810AFEB2403FFFFFFFFFFFCAFFF0002B1161BCE42B886406D9337
10647A28CB8A8315C5102B2018C7DFB00B26604FFFFFFFFFFCBFFF0002AF161BCE42B886406D834F
1064A128CBC18315B6102B3918C7F2B00B2752DFFFFFFFFFFCAFFF0002D3161BCE42B886406D8367
10649628CBAD8315C1102B3D18C7F4AFEB2703FFFFFFFFFFFC9FFF000304161BCE42B886406D837F
10648428CB978315C0102B1718C7D6AFEB2603FFFFFFFFFFFCAFFF000335161BCE42B885406D8397
1064A828CBCB8315B5102B3118C7ECAFEB2603FFFFFFFFFFFCAFFF000374161BCE42B885406D83AF
1064A628CBC28315C0102B3B18C7F5AFDB2603FFFFFFFFFFFCAFFF0003AB161BCD42B885406D83C7
10647828CB868315CD102B0818C7CEAFDB2603FFFFFFFFFFFCBFFF0003DB161BCD42B885406D83DF
10646628CB6D8315CB102AFC18C7C0AFEB2603FFFFFFFFFFFCCFFF000400161BCD42B885406D83F7
10647428CB7F8315C5102B0918C7CAAFDB2703FFFFFFFFFFFCCFFF00040C161BCD42B884406D830F
10649328CBAC8315C1102B2718C7E4B00B2703FFFFFFFFFFFC9FFF000428161BCD42B884406D8327
10648628CB968315C7102B1C18C7DBB00B2603FFFFFFFFFFFCAFFF000423161BCD42B884406D833F
10645C28CB5C8315CD102AFE18C7C4B00B2603FFFFFFFFFFFCBFFF00040A161BCC42B884406D8357
10649728CBB18315C4102B2F18C7EAB00B2703FFFFFFFFFFFCCFFF0003F1161BCC42B884406D836F
1064B228CBD38315C6102B5418C805B01B2703FFFFFFFFFFFCAFFF0003DF161BCC42B884406D8387
1063E628CAAE8315D4102ABB18C78BB00B2703FFFFFFFFFFFC9FFF0003E0161BCC42B883406D839F
10641328CAF88315CF102AB118C787B00B2803FFFFFFFFFFFCBFFF0003E5161BCC42B883406D83B7
10648628CB968315C6102B1618C7D5AFFB2803FFFFFFFFFFFCBFFF0003E5161BCC42B883406D83CF
10649C28CBB78315CB102B2318C7E0B00B2803FFFFFFFFFFFCAFFF0003EA161BCB42B883406D83E7
1064A328CBC08315CE102B2D18C7E6AFFB2803FFFFFFFFFFFCAFFF00040C161BCB42B883406D83FF
1064B628CBDA8315D0102B3818C7F2AFEB2803FFFFFFFFFFFC9FFF000422161BCB42B882406D8317
10649028CBAB8315D8102B2B18C7E5AFFB2703FFFFFFFFFFFCBFFF000431161BCB42B882406D832F
1064B028CBD78315D4102B3918C7F2B00B2703FFFFFFFFFFFCCFFF00044A161BCB42B882406D8347
1064E928CC228315CE102B7E18C828B00B2603FFFFFFFFFFFCAFFF00044A161BCB42B882406D835F
1064DB28CC138315D8102B7A18C825AFFB2603FFFFFFFFFFFCAFFF00044F161BCA42B882406D8377
1064EB28CC2C8315D4102B7618C822AFDB2603FFFFFFFFFFFCAFFF000444161BCA42B882406D838F
10651528CC648315D3102BA118C843AFCB2503FFFFFFFFFFFCBFFF00042E161BCA42B881406D83A7
1064A728CBC78315DE102B5D18C810AFDB2503FFFFFFFFFFFCBFFF000420161BCA42B881406D83BF
10647E28CB8E8315DD102B2E18C7E9AFFB2603FFFFFFFFFFFCBFFF000410161BCA42B881406D83D7
10646D28CB708315DA102B2218C7E0AFFB2603FFFFFFFFFFFCAFFF0003FC161BCA42B881406D83EF
10641328CAF28315E0102AD118C79EAFEB2603FFFFFFFFFFFCAFFF0003DD161BC942B881406D8307
10640428CAE18315E2102A9B18C775AFFB2703FFFFFFFFFFFCCFFF0003CD161BC942B881406D831F
10640628CAE28315E3102AA818C77DB00B2803FFFFFFFFFFFCAFFF0003B2161BC942B880406D8337
10641D28CAFF8315E1102AA118C779AFFB2703FFFFFFFFFFFC9FFF000398161BC942B880406D834F
10642228CB058315E2102ABB18C78FB00B2703FFFFFFFFFFFC9FFF00037E161BC942B880406D8367
10642328CB0F8315EA102AAA18C781AFFB2803FFFFFFFFFFFC9FFF000379161BC942B880406D837F
10644828CB418315EA102AC518C797AFFB2803FFFFFFFFFFFCAFFF00036F161BC842B880406D8397
10641628CAF78315E9102ABA18C78CAFFB2803FFFFFFFFFFFC9FFF00037E161BC842B87F406D83AF
10640928CAE48315F1102A9618C770B00B2803FFFFFFFFFFFCBFFF000389161BC842B87F406D83C7
1063F428CAC78315F3102A8818C764AFFB2903FFFFFFFFFFFCBFFF000397161BC842B87F406D83DF
1063F828CACF8315ED102A8518C763AFFB2803FFFFFFFFFFFC9FFF00039D161BC842B87F406D83F7
10639228CA328315F1102A6518C746AFFB2703FFFFFFFFFFFCBFFF0003CA161BC842B87F406D830F
1063A628CA5E8315F0102A0F18C705AFFB2703FFFFFFFFFFFCBFFF0003E2161BC742B87F406D8327
1063CD28CA8A8315EE102A5D18C742AFFB2703FFFFFFFFFFFCBFFF000404161BC742B87E406D833F
1063BB28CA738315FC102A4B18C733AFDB2703FFFFFFFFFFFCBFFF000422161BC742B87E406D8357
10637128CA07831603102A0B18C704AFDB2703FFFFFFFFFFFCAFFF00043D161BC742B87E406D836F
1063AA28CA608315F8102A1718C70BAFEB2603FFFFFFFFFFFCAFFF00044C161BC742B87E406D8387
10645928CB4A8315FB102AD318C7A1B00B2703FFFFFFFFFFFCAFFF000441161BC742B87E406D839F
10635728C9E3831605102A3E18C724B00B2703FFFFFFFFFFFCAFFF00044D161BC642B87E406D83B7
1063A528CA598315FB102A1D18C711B00B2603FFFFFFFFFFFCAFFF000430161BC642B87D406D73CF
10640528CAD58315F2102A8618C761B01B2603FFFFFFFFFFFCAFFF00042D161BC642B87D406D83E7
10641428CAF2831602102A8E18C767B01B2503FFFFFFFFFFFCAFFF00041A161BC642B87D406D73FF
10643828CB2983160E102ABF18C790B01B2503FFFFFFFFFFFCAFFF000409161BC642B87D406D8317
1064AE28CBD1831605102B2818C7E2B00B2603FFFFFFFFFFFCAFFF0003FD161BC642B87D406D832F
1064D828CC0C831604102B4E18C7FFB00B2703FFFFFFFFFFFCBFFF0003EC161BC542B87D406D7347
1064EB28CC2983160A102B6818C818AFFB2703FFFFFFFFFFFCBFFF0003E9161BC542B87C406D835F
1064F228CC31831602102B8018C827AFEB2803FFFFFFFFFFFCBFFF0003D4161BC542B87C406D8377
10653C28CC9D8315F5102BA718C847AFEB2703FFFFFFFFFFFCAFFF0003C6161BC542B87C406D738F
10656328CCD9831603102BCD18C869AFEB2703FFFFFFFFFFFCAFFF0003AF161BC542B87C406D83A7
10657B28CCFB83161A102BEB18C880AFCB2703FFFFFFFFFFFCAFFF000380161BC542B87C406D83BF
10657E28CCF883160A102C1918C8A5AFBB2603FFFFFFFFFFFCAFFF000367161BC442B87C406D73D7
10655E28CCC58315F6102C1F18C8A8AFCB2603FFFFFFFFFFFCAFFF00033C161BC442B87B406D83EF
1064DD28CC1C83160B102B8618C82EAFEB2703FFFFFFFFFFFCAFFF000329161BC442B87B406D8307
10650828CC5C831610102B7718C823AFFB2703FFFFFFFFFFFCAFFF000309161BC442B87B406D731F
1065E928CD9C8315F9102C1E18C8ABB00B2603FFFFFFFFFFFCAFFF0002FE161BC442B87B406D7337
10660C28CDC58315FC102C7718C8EBAFFB2503FFFFFFFFFFFCAFFF0002EB161BC342B87B406D834F
10660428CDB783160B102C8A18C8FBB00B2503FFFFFFFFFFFCAFFF0002E8161BC342B87A406D7367
10660D28CDC9831607102C9018C8FEAFFB2503FFFFFFFFFFFCBFFF0002DF161BC342B87A406D737F
1065D828CD828315FE102C6018C8DAAFFB2603FFFFFFFFFFFCAFFF0002E6161BC342B87A406D7397
10662628CDEC8315FC102C9918C909AFEB2603FFFFFFFFFFFC9FFF0002ED161BC342B87A406D83AF
10661E28CDDE8315FF102CB718C924AFEB2703FFFFFFFFFFFCAFFF0002FA161BC242B87A406D83C7
10660828CDC28315FE102C9318C904AFEB2703FFFFFFFFFFFCAFFF000302161BC242B879406D73DF
10663B28CE0E8315F6102CB018C91CAFFB2903FFFFFFFFFFFCBFFF00031E161BC242B879406D83F7
10665F28CE468315F9102CC518C92EAFFB2903FFFFFFFFFFFCAFFF000335161BC242B879406D730F
10665A28CE3B83160D102CDD18C943AFFB2703FFFFFFFFFFFCBFFF000343161BC242B879406D7327
10662628CDED831607102CBF18C927AFFB2703FFFFFFFFFFFCBFFF000357161BC242B879406D833F
10663628CE068315F8102CB318C91DAFEB2603FFFFFFFFFFFCAFFF000359161BC142B879406D7357
10665228CE318315FF102CC718C92EAFDB2603FFFFFFFFFFFCAFFF000344161BC142B878406D736F
10665A28CE378315F9102CC318C928AFCB2603FFFFFFFFFFFCAFFF000331161BC142B878406D7387
10668828CE7F8315EA102D0418C95FAFEB2603FFFFFFFFFFFCAFFF000317161BC142B878406D839F
10667D28CE688315F4102CF818C954AFFB2603FFFFFFFFFFFCAFFF000300161BC142B878406D73B7
10668F28CE86831605102D0218C960AFFB2703FFFFFFFFFFFCBFFF0002F7161BC042B878406D73CF
10669928CE95831603102D1918C96FAFFB2703FFFFFFFFFFFCAFFF0002EC161BC042B878406D73E7
10669E28CE988315FB102D1918C96FAFEB2703FFFFFFFFFFFCAFFF0002E0161BC042B877406D73FF
1066C328CED18315F5102D3918C988AFEB2703FFFFFFFFFFFCAFFF0002CF161BC042B877406D7317
1066A428CEA28315F3102D3B18C989B00B2703FFFFFFFFFFFCBFFF0002D2161BC042B877406D732F
1066B528CEBF8315F4102D3018C97EB00B2703FFFFFFFFFFFCBFFF0002C6161BBF42B877406D7347
1066DF28CEFA8315EF102D6618C9ABAFFB2703FFFFFFFFFFFCCFFF0002C6161BBF42B877406D735F
10671628CF4B8315EE102D7A18C9BDAFFB2703FFFFFFFFFFFCCFFF0002C7161BBF42B876406D8377
1066E628CF028315F8102D7218C9B5B00B2903FFFFFFFFFFFCBFFF0002D7161BBF42B876406D738F
1066E428CF008315FB102D5218C99DB01B2903FFFFFFFFFFFCBFFF0002EC161BBF42B876406D83A7
1066CD28CEE18315FB102D7518C9B8B01B2803FFFFFFFFFFFCAFFF000311161BBF42B876406D73BF
1066E728CF068315F6102D5918C9A2B01B2803FFFFFFFFFFFCAFFF00033C161BBE42B876406D73D7
10670228CF2C8315EC102D7E18C9BFB00B2803FFFFFFFFFFFCBFFF00036C161BBE42B876406D63EF
10671828CF508315EE102D8C18C9CCAFFB2703FFFFFFFFFFFCCFFF00039A161BBE42B875406D7307
10670C28CF3A8315F7102D8B18C9CDB00B2703FFFFFFFFFFFCAFFF0003BD161BBE42B875406D731F
1066F928CF1D8315FA102D7A18C9BCB01B2803FFFFFFFFFFFCAFFF0003CC161BBE42B875406D7337
1066E028CEF88315F9102D8318C9C2B00B2803FFFFFFFFFFFCBFFF0003C0161BBD42B875406D634F
1066F228CF1A8315F7102D7018C9B3B01B2803FFFFFFFFFFFCBFFF0003C9161BBD42B875406D7367
10670F28CF418315F8102D8B18C9C9B02B2903FFFFFFFFFFFCBFFF0003B8161BBD42B875406D737F
1066DC28CEF88315F7102D9318C9CFB00B2803FFFFFFFFFFFC9FFF000387161BBD42B874406D7397
1066B328CEBE8315F9102D4B18C994AFFB2703FFFFFFFFFFFC9FFF000366161BBD42B874406D83AF
1066BA28CEC58315FB102D3D18C98BAFEB2803FFFFFFFFFFFCAFFF00032F161BBD42B874406D63C7
1066AA28CEAA8315FC102D4518C992AFEB2803FFFFFFFFFFFCAFFF0002F3161BBC42B874406D73DF
1066AE28CEB3831607102D3218C983AFFB2703FFFFFFFFFFFCAFFF0002C6161BBC42B874406D63F7
10668C28CE7F831609102D2518C977AFFB2703FFFFFFFFFFFCBFFF00029B161BBC42B874406D630F
1066D728CEEF8315FE102D3E18C98DB00B2803FFFFFFFFFFFCAFFF000279161BBC42B873406D6327
1066CD28CEE0831604102D6218C9A8B00B2903FFFFFFFFFFFC9FFF00024F161BBC42B873406D733F
10668328CE79831608102D0C18C961AFFB2903FFFFFFFFFFFCAFFF000240161BBC42B873406D6357
1066AD28CEAE831600102D2618C978B01B2803FFFFFFFFFFFCAFFF000232161BBB42B873406D736F
1066A028CE9B8315FE102D3318C983B02B2803FFFFFFFFFFFCAFFF00021A161BBB42B873406D7387
1065F028CD9383160A102CC618C928B02B2703FFFFFFFFFFFCAFFF000227161BBB42B873406D739F
10661028CDCB831605102CA418C90EB01B2603FFFFFFFFFFFCAFFF000225161BBB42B872406D63B7
10664428CE188315FC102CB718C91CB00B2603FFFFFFFFFFFCBFFF000221161BBB42B872406D73CF
10666928CE4C83160B102CDF18C941B01B2703FFFFFFFFFFFCBFFF000218161BBA42B872406D63E7
10665728CE31831611102CE618C944B00B2603FFFFFFFFFFFC9FFF000222161BBA42B872406D63FF
10668528CE778315FF102D0018C958B00B2703FFFFFFFFFFFCAFFF000223161BBA42B872406D6317
10669628CE898315FE102D1D18C971B00B2703FFFFFFFFFFFCCFFF000218161BBA42B871406D632F
10664A28CE19831609102CE918C947B00B2703FFFFFFFFFFFCAFFF000210161BBA42B871406D6347
1065C428CD57831605102CD918C936AFFB2703FFFFFFFFFFFCAFFF00021F161BBA42B871406D635F
10659A28CD21831602102C7818C8E4B00B2703FFFFFFFFFFFCAFFF000222161BB942B871406D6377
10652428CC7383160F102BD718C868B01B2903FFFFFFFFFFFCBFFF00021C161BB942B871406D638F
1064FA28CC3A83160E102B9B18C83CB01B2B03FFFFFFFFFFFCBFFF00021D161BB942B871406D63A7
10658D28CD07831600102C2118C8A6B00B2B03FFFFFFFFFFFC9FFF00021E161BB942B870406D63BF
10658128CCF2831607102C1D18C8A1AFFB2A0FBFFFFFFFFFFCAFFF00021C161BB942B870406D63D7
10652D28CC79831610102BDC18C86EAFFB2A784FFFFFFFFFFCAFFF000228161BB942B870406D63EF
10655F28CCCC831606102C0A18C892AFFB2A039FFFFFFFFFFCAFFF000226161BB842B870406D6307
10662428CDDE8315FD102CAF18C914AFFB2A03FFFFFFFFFFFCAFFF00021A161BB842B870406D631F
1065A828CD29831607102C7818C8E8AFFB2903FFFFFFFFFFFCAFFF00021F161BB842B870406D6337
10651B28CC5E831617102BBB18C853B00B2903FFFFFFFFFFFCBFFF000223161BB842B86F406D634F
10651528CC5F831617102BAA18C84AB00B291C4FFFFFFFFFFCBFFF000225161BB842B86F406D6367
10658A28CD01831609102C1A18C89CB01B2A9B4FFFFFFFFFFC9FFF000223161BB742B86F406D637F
10658D28CD05831601102C2318C8A3B02B2A039FFFFFFFFFFCAFFF00021B161BB742B86F406D6397
1065B328CD36831601102C5B18C8D0B01B2903FFFFFFFFFFFCCFFF00021D161BB742B86F406D63AF
10650028CC3A83160D102BC518C858B00B2903FFFFFFFFFFFCBFFF000229161BB742B86E406D63C7
10647828CB7B831614102B2418C7D9B00B2903FFFFFFFFFFFCAFFF000232161BB742B86E406D63DF
10647E28CB8083160D102B2C18C7E1B00B2A298FFFFFFFFFFCBFFF000246161BB642B86E406D63F7
10643A28CB1D83160F102AF518C7B2B00B2ABE4FFFFFFFFFFCBFFF000257161BB642B86E406D530F
10641B28CAF183160E102AC018C788B00B2A039FFFFFFFFFFCAFFF000261161BB642B86E406D6327
10643528CB16831601102ACC18C792B00B2A03FFFFFFFFFFFCAFFF000267161BB642B86E406D633F
10643428CB14831604102ACC18C793AFFB2A03FFFFFFFFFFFCBFFF00026B161BB642B86D406D6357
1063F628CAB783160D102A9218C766B00B2A03FFFFFFFFFFFCBFFF00025A161BB642B86D406D636F
1063E128CA9D831610102A7918C752B00B2947CFFFFFFFFFFCAFFF00025E161BB542B86D406D6387
1063EB28CAAA831613102A8318C75CB00B29372FFFFFFFFFFCAFFF000251161BB542B86D406D639F
1063FE28CACA831616102A9418C766B01B2903FFFFFFFFFFFCAFFF000242161BB542B86D406D63B7
10647F28CB83831613102AED18C7AEB01B2903FFFFFFFFFFFCBFFF000234161BB542B86C406D63CF
10651728CC53831615102B8D18C82BB02B2A03FFFFFFFFFFFCAFFF00022C161BB542B86C406D63E7
10653328CC7C831612102BBA18C84CB03B2A03FFFFFFFFFFFCAFFF000224161BB542B86C406D63FF
1065D428CD6E83160F102C3B18C8B7B03B2A676FFFFFFFFFFCBFFF00021F161BB442B86C406D6317
10661628CDC8831613102C9318C900B02B2B422FFFFFFFFFFCBFFF00021F161BB442B86C406D632F
1065F028CD8A831615102CA018C906B02B2B03FFFFFFFFFFFCAFFF000213161BB442B86C406D6347
10658628CCF483161A102C4318C8BFB01B2A03FFFFFFFFFFFCAFFF000219161BB442B86B406D735F
1064EC28CC1D831621102BBE18C84FB00B2903FFFFFFFFFFFCAFFF000219161BB442B86B406D6377
10647228CB6A831625102B5118C7FDB01B2903FFFFFFFFFFFC9FFF000219161BB442B86B406D638F
10649928CBA6831620102B5918C801B01B29833FFFFFFFFFFCBFFF000210161BB342B86B406D63A7
10647328CB6E83161E102B3F18C7EBB01B2A4DEFFFFFFFFFFCDFFF000217161BB342B86B406D63BF
10643528CB1683161E102AF418C7B2B01B2A03FFFFFFFFFFFCBFFF00020F161BB342B86B406D63D7
10642428CAF983161D102B1318C7CBB02B2B03FFFFFFFFFFFCBFFF000208161BB342B86A406D63EF
10638228CA15831629102A5D18C73DB01B2B03FFFFFFFFFFFCAFFF000217161BB342B86A406D6307
10622328C82183163310292A18C645B01B2A10DFFFFFFFFFFCAFFF000216161BB242B86A406D631F
10626428C88883162C10293E18C660B01B2AA19FFFFFFFFFFCAFFF00020A161BB242B86A406D6337
1062FA28C9508316281029A118C6A7B02B29565FFFFFFFFFFCAFFF00020E161BB242B86A406D634F
1062CE28C90D83162E10298918C692B02B2903FFFFFFFFFFFCBFFF000210161BB242B86A406D6367
1062D128C91C83162D10297D18C68AB02B2803FFFFFFFFFFFCBFFF000218161BB242B869406D637F
10630D28C96A8316291029BA18C6B8B03B2803FFFFFFFFFFFCBFFF00020F161BB242B869406D6397
1062FF28C95283162A1029B918C6BAB03B29191FFFFFFFFFFCBFFF000216161BB142B869406D63AF
1062FD28C95383162C1029B318C6B6B03B29928FFFFFFFFFFCAFFF000215161BB142B869406D63C7
1062EA28C93583163010299D18C6A3B04B2B039FFFFFFFFFFCBFFF000215161BB142B869406D63DF
10629D28C8C883163710295118C665B03B2A03FFFFFFFFFFFC9FFF000215161BB142B868406D63F7
10623328C83083163B10290F18C636B02B2A11FFFFFFFFFFFCAFFF000216161BB142B868406D630F
10628928C8AD83163610295818C668B00B2ABB8FFFFFFFFFFCBFFF000217161BB042B868406D6327
10633828C9AD8316301029D218C6CDB00B2B285FFFFFFFFFFCBFFF000218161BB042B868406D633F
10634C28C9C28316301029F718C6E9B01B2B03FFFFFFFFFFFCBFFF000207161BB042B868406D6357
10632D28C9948316321029E118C6D3B01B2B256FFFFFFFFFFCAFFF000214161BB042B868406D636F
10630228C95783163A1029BB18C6BAB02B2BB85FFFFFFFFFFCAFFF000214161BB042B867406D6387
10625D28C86F83164B10290A18C62FB02B2B038FFFFFFFFFFCAFFF000217161BB042B867406D639F
10622928C82883164C1028DB18C60DB03B2B03FFFFFFFFFFFCBFFF000212161BAF42B867406D63B7
1062F728C9548316381029D318C6D1B01B2B03FFFFFFFFFFFCAFFF000210161BAF42B867406D63CF
10640D28CAC983162C102A5018C732B01B2B03FFFFFFFFFFFCAFFF000214161BAF42B867406D63E7
10633D28C9A483163B102A1D18C704B00B2A395FFFFFFFFFFCCFFF000214161BAF42B867406D63FF
10612028C6AD83165110285018C59BB01B2BCC7FFFFFFFFFFCAFFF000218161BAF42B866406D6317
10607728C5C983165010276018C4E4B03B2C038FFFFFFFFFFCAFFF00021A161BAF42B866406D632F
10611128C69D8316481027CC18C538B03B2C03FFFFFFFFFFFC8FFF000219161BAE42B866406D6347
1060E828C65D83164C1027C518C531B04B2C03FFFFFFFFFFFC8FFF000212161BAE42B866406D635F
1061B228C78983164310287318C5BCB03B2C03FFFFFFFFFFFC9FFF00021A161BAE42B866406D6377
1062F528C94383163E10297618C684B02B2C5B7FFFFFFFFFFCAFFF000233161BAE42B866406D638F
10628628C8A583164A10294F18C663B03B2B3F9FFFFFFFFFFCBFFF000237161BAE42B865406D63A7
10622128C81C8316511028D418C606B03B2C5F5FFFFFFFFFFCBFFF000254161BAE42B865406D63BF
10622828C8208316501028E118C60FB02B2C7A1FFFFFFFFFFCAFFF00026C161BAD42B865406D63D7
10629F28C8D283164F10296318C674B03B2B03FFFFFFFFFFFCAFFF000275161BAD42B865406D63EF
1064A828CBB5831645102B1A18C7CFB03B2B03FFFFFFFFFFFCAFFF00027D161BAD42B865406D6307
10657728CCD8831640102BD718C863B01B2B03FFFFFFFFFFFCCFFF000279161BAD42B864406D531F
10656228CCBD831643102BE618C86FB00B2C0F0FFFFFFFFFFCAFFF000271161BAD42B864406D6337
10653828CC8383164E102BB918C84DB00B2B793FFFFFFFFFFCBFFF000260161BAC42B864406D634F
1064E728CC1383165B102B8118C820B01B2B039FFFFFFFFFFC9FFF000247161BAC42B864406D6367
1064BF28CBDF831659102B7218C812B01B2B03FFFFFFFFFFFCAFFF000232161BAC42B864406D637F
1065A928CD2E831644102C4E18C8C6B03B2A03FFFFFFFFFFFCAFFF000222161BAC42B864406D6397
10666428CE3C83163A102C9E18C90AB03B2A03FFFFFFFFFFFCAFFF00021D161BAC42B863406D63AF
10665A28CE2D831643102CCD18C92EB02B2A17AFFFFFFFFFFCAFFF00021C161BAC42B863406D63C7
10664828CE1183164F102CC118C924B02B2A92CFFFFFFFFFFCAFFF00021B161BAB42B863406D53DF
10665E28CE35831655102CE018C941B02B29039FFFFFFFFFFCBFFF00021A161BAB42B863406D63F7
1066B028CEB283164F102D3118C97FB01B2903FFFFFFFFFFFCAFFF000211161BAB42B863406D630F
1066EE28CF0E83164A102D6E18C9B0B02B2903FFFFFFFFFFFC9FFF000219161BAB42B863406D6327
1066F828CF1C83164D102D6C18C9B1B02B2A03FFFFFFFFFFFCAFFF000212161BAB42B862406D633F
1066EF28CF1383164A102D7318C9B6B02B291F1FFFFFFFFFFCBFFF000212161BAB42B862406D6357
1066E128CEFC83164A102D6A18C9B1B00B2AA28FFFFFFFFFFCBFFF00021A161BAA42B862406D636F
1066F328CF15831650102D6018C9A7B00B2A038FFFFFFFFFFCBFFF00021C161BAA42B862406D6387
1066F328CF1A83164D102D6918C9AEB00B2903FFFFFFFFFFFCAFFF000215161BAA42B862406D639F
1066ED28CF0F83164C102D6B18C9B2B00B2903FFFFFFFFFFFCBFFF00021C161BAA42B861406D63B7
1066DB28CEF8831656102D6018C9AAB02B2A03FFFFFFFFFFFCBFFF00021A161BAA42B861406D53CF
1066E328CF0983165B102D6118C9A9B01B2A212FFFFFFFFFFCBFFF000216161BA942B861406D53E7
1066EC28CF0F831657102D7118C9B7B01B2AB26FFFFFFFFFFCCFFF00021F161BA942B861406D63FF
10670D28CF40831658102D8818C9C9B01B28038FFFFFFFFFFCAFFF00021C161BA942B861406D6317
10672528CF62831653102DA418C9E0B01B2803FFFFFFFFFFFCDFFF000221161BA942B861406D632F
10672F28CF78831646102DA918C9E3B01B2903FFFFFFFFFFFCBFFF000222161BA942B860406D6347
10671828CF5583164A102DA718C9E6B02B2803FFFFFFFFFFFC9FFF000217161BA842B860406D635F
10670A28CF4183165E102D8118C9C9B02B2926DFFFFFFFFFFCAFFF000216161BA842B860406D6377
1066FF28CF2E831667102D8318C9C6B01B29B83FFFFFFFFFFCBFFF00021F161BA842B860406D538F
10670028CF3183165C102D8218C9C7B01B29038FFFFFFFFFFC8FFF000220161BA842B860406D63A7
10671928CF53831650102D9E18C9DDB00B2903FFFFFFFFFFFC9FFF000210161BA842B85F406D63BF
10671128CF49831652102D9518C9D7B00B2903FFFFFFFFFFFCBFFF00021D161BA842B85F406D53D7
10671E28CF5B83165B102D9418C9D7B01B2803FFFFFFFFFFFCBFFF000215161BA742B85F406D63EF
10670128CF30831665102D8418C9CAB00B2903FFFFFFFFFFFCAFFF000221161BA742B85F406D5307
1066FB28CF27831666102D8218C9C5AFFB2A03FFFFFFFFFFFCAFFF000222161BA742B85F406D531F
1066F328CF1C83165E102D7C18C9C1B00B2A03FFFFFFFFFFFCAFFF000218161BA742B85F406D5337
10672128CF61831657102D9F18C9DDB01B2A03FFFFFFFFFFFC9FFF00021F161BA742B85E406D634F
10672428CF6883165B102D9D18C9DEB01B2A03FFFFFFFFFFFC9FFF00021F161BA742B85E406D5367
10671228CF4C83166B102D9D18C9DEB01B2903FFFFFFFFFFFCAFFF000221161BA642B85E406D537F
1066FC28CF2B831674102D8318C9C6B01B2903FFFFFFFFFFFCBFFF000223161BA642B85E406D6397
10671E28CF64831666102D9618C9D8B01B2803FFFFFFFFFFFCBFFF000214161BA642B85E406D63AF
10674E28CFAB831656102DBD18C9F8B01B2903FFFFFFFFFFFCBFFF000222161BA642B85E406D63C7
10677828CFE3831660102DEA18CA1AB01B2903FFFFFFFFFFFC9FFF00021A161BA642B85D406D63DF
10675F28CFC183166E102DDD18CA13B02B2A03FFFFFFFFFFFC9FFF000223161BA642B85D406D53F7
10677428CFE2831676102DDB18CA14B00B2A03FFFFFFFFFFFCAFFF00021D161BA542B85D406D530F
10677528CFE0831677102DFA18CA2AAFEB2903FFFFFFFFFFFCAFFF00021E161BA542B85D406D5327
10678728CFFE831669102DFE18CA2EAFFB2803FFFFFFFFFFFCAFFF000225161BA542B85D406D533F
10679028D006831665102E2118CA49B00B2803FFFFFFFFFFFCBFFF000220161BA542B85D406D5357
10675128CFAA831676102DE618CA1AB01B2858CFFFFFFFFFFCBFFF000230161BA542B85C406D536F
10677B28CFEC83167A102DF218CA24B02B295A9FFFFFFFFFFCBFFF00022C161BA442B85C406D6387
1067A728D02F83166C102E3218CA59B03B2903FFFFFFFFFFFCAFFF00024C161BA442B85C406D539F
1067A328D02883166F102E2C18CA52B03B2903FFFFFFFFFFFCAFFF000262161BA442B85C406D53B7
10679428D010831677102E1118CA3FB03B2903FFFFFFFFFFFCAFFF000272161BA442B85C406D53CF
1067BC28D04C831675102E3D18CA61B04B2903FFFFFFFFFFFCAFFF000291161BA442B85C406D53E7
1067C528D05A831677102E4618CA69B03B2903FFFFFFFFFFFC9FFF0002A3161BA442B85B406D53FF
1067A028D025831683102E2718CA4FB03B2903FFFFFFFFFFFCAFFF0002B5161BA342B85B406D5317
1067A228D02783167F102E2718CA51B02B2903FFFFFFFFFFFCCFFF0002B4161BA342B85B406D532F
1067CA28D061831676102E4618CA68B00B2803FFFFFFFFFFFCCFFF0002B3161BA342B85B406D5347
1067AE28D03A83167A102E3818CA5CAFFB2903FFFFFFFFFFFCBFFF00029A161BA342B85B406D535F
10679B28D01E831682102E1A18CA45AFEB2903FFFFFFFFFFFCAFFF000293161BA342B85B406D5377
10678028CFFD83168B102E0418CA36AFFB2A03FFFFFFFFFFFCAFFF000288161BA342B85A406D538F
10677928CFEE83168E102DFF18CA30B00B2903FFFFFFFFFFFCBFFF000276161BA242B85A406D53A7
10677028CFE0831688102DF318CA27B00B2903FFFFFFFFFFFCAFFF00028A161BA242B85A406D53BF
10676928CFD5831680102DF018CA24B00B2803FFFFFFFFFFFCCFFF000294161BA242B85A406D53D7
10673428CF87831687102DCD18CA05B02B2903FFFFFFFFFFFCAFFF0002A2161BA242B85A406D63EF
10672928CF79831693102D9A18C9E2B01B2A03FFFFFFFFFFFCAFFF0002B1161BA242B85A406D5307
10674528CFA3831691102DC518CA01B01B2B03FFFFFFFFFFFCAFFF0002C3161BA242B859406D431F
10674328CF9E831690102DCA18CA06B01B2A03FFFFFFFFFFFCCFFF0002D7161BA142B859406D5337
10672A28CF7A831691102DA718C9E7B00B2A03FFFFFFFFFFFCDFFF0002EC161BA142B859406D534F
10674428CF9F831690102DBD18C9FBAFFB2A03FFFFFFFFFFFCCFFF0002F6161BA142B859406D5367
10674228CF9783168D102DC118C9FCB00B2903FFFFFFFFFFFCBFFF00030C161BA142B859406D537F
10673A28CF93831696102DB518C9F6B02B2803FFFFFFFFFFFCAFFF000311161BA142B859406D5397
10671A28CF5B8316AA102DAC18C9EFAFFB2803FFFFFFFFFFFCAFFF000322161BA142B858406D53AF
10671828CF5C8316A9102D9718C9DDAFFB2803FFFFFFFFFFFC9FFF000327161BA042B858406D63C7
10673E28CF9683168B102DBB18C9F8AFFB2803FFFFFFFFFFFC9FFF000324161BA042B858406D53DF
10674428CFA0831689102DB818C9F7AFFB2903FFFFFFFFFFFCBFFF000318161BA042B858406D53F7
10672E28CF7F83169E102DB018C9F1B00B2A03FFFFFFFFFFFCAFFF000318161BA042B858406D530F
10672028CF648316A6102D9D18C9E1B02B2A03FFFFFFFFFFFCAFFF000306161BA042B858406D5327
1066FB28CF318316AC102D8A18C9D1B01B2A03FFFFFFFFFFFCAFFF0002E2161B9F42B857406D533F
10668128CE7A8316B0102D4918C99BB00B2A03FFFFFFFFFFFCAFFF0002D6161B9F42B857406D5357
1066A828CEC18316A2102D1718C976B00B2A03FFFFFFFFFFFCBFFF0002C8161B9F42B857406D536F
10671328CF4F831693102D8B18C9D0B01B2A03FFFFFFFFFFFCAFFF0002BB161B9F42B857406D5387
10670C28CF4A831698102D8618C9CBB03B2903FFFFFFFFFFFCAFFF0002BE161B9F42B857406D439F
1066EA28CF168316AB102D6C18C9B7B03B2803FFFFFFFFFFFCAFFF0002CC161B9F42B856406D53B7
1066AF28CEC08316B3102D4118C995B03B2803FFFFFFFFFFFCAFFF0002F1161B9E42B856406D53CF
10666328CE478316B4102D0B18C967B03B2903FFFFFFFFFFFCAFFF00030D161B9E42B856406D53E7
1065E428CD938316B8102C8718C8FCB04B2A03FFFFFFFFFFFCAFFF000339161B9E42B856406D43FF
1065A328CD388316B3102C3218C8BBB05B2A03FFFFFFFFFFFCCFFF00035C161B9E42B856406D5317
10656928CCDC8316AC102C6F18C8E5B04B2B03FFFFFFFFFFFCAFFF00037E161B9E42B856406D532F
10657228CCFA8316A9102C8718C902B04B2C03FFFFFFFFFFFC8FFF00038B161B9E42B855406D5347
10662F28CDFC8316AF102CC718C932B04B2B03FFFFFFFFFFFC9FFF0003B4161B9D42B855406D535F
10655028CCB98316B9102C1E18C8A8B04B2B03FFFFFFFFFFFCAFFF0003C7161B9D42B855406D5377
10647028CB7C8316BD102B4A18C7FAB03B2B03FFFFFFFFFFFCAFFF0003C6161B9D42B855406D538F
10645828CB5A8316B8102AFE18C7C6B03B2C03FFFFFFFFFFFCAFFF0003C6161B9D42B855406D53A7
10653728CC9A8316B7102BAD18C84DB05B2C03FFFFFFFFFFFCAFFF0003AD161B9D42B855406D53BF
1063E828CAAF8316BF102B0618C7C6B05B2C03FFFFFFFFFFFC9FFF00039E161B9D42B854406D43D7
1063F128CAC18316BE102AD118C79FB03B2A03FFFFFFFFFFFCAFFF000378161B9C42B854406D53EF
10646428CB5C8316B5102AE818C7B0B03B2A03FFFFFFFFFFFCAFFF000353161B9C42B854406D5307
10646528CB648316B0102B5F18C808B03B2B03FFFFFFFFFFFCAFFF000330161B9C42B854406D531F
1063C728CA768316B9102AAB18C778B02B2B03FFFFFFFFFFFCAFFF000304161B9C42B854406D5337
10624C28C8608316CC10293518C655B04B2B03FFFFFFFFFFFCBFFF0002D1161B9C42B854406D534F
10626428C89B8316CC10290318C637B04B2B03FFFFFFFFFFFC9FFF0002B1161B9C42B853406D5367
10639B28CA398316BE102A4518C72CB05B2C03FFFFFFFFFFFCBFFF00028B161B9B42B853406D437F
10638928CA248316C6102A3D18C724B07B2D03FFFFFFFFFFFCAFFF00027F161B9B42B853406D4397
10634528C9C68316CA1029CF18C6D1B05B2C03FFFFFFFFFFFCAFFF00026F161B9B42B853406D53AF
10634028C9BC8316BE102A1618C705B03B2D03FFFFFFFFFFFC9FFF000267161B9B42B853406D43C7
1062E128C9308316BE1029A518C6AAB03B2C03FFFFFFFFFFFC9FFF000267161B9B42B853406D43DF
10629328C8C78316C710295218C66BB05B2C03FFFFFFFFFFFC9FFF000260161B9A42B852406D43F7
1062A528C8DF8316C610294218C661B06B2B03FFFFFFFFFFFCBFFF00025B161B9A42B852406D430F
10628328C8AD8316CE10292618C649B03B2B03FFFFFFFFFFFCAFFF000270161B9A42B852406D5327
10622A28C8338316D61028D218C608B03B2C03FFFFFFFFFFFCAFFF000267161B9A42B852406D533F
10628828C8BC8316CB10291F18C643B04B2C03FFFFFFFFFFFCAFFF00027B161B9A42B852406D5357
10636028C9DE8316C0102A3618C720B05B2C03FFFFFFFFFFFCAFFF00027C161B9A42B852406D436F
10630F28C9668316C11029EC18C6DFB04B2C03FFFFFFFFFFFCAFFF00026F161B9942B851406D4387
1062D328C91F8316C610299918C69BB04B2A03FFFFFFFFFFFCAFFF00026E161B9942B851406D439F
1062B928C8F38316C310297218C680B03B2B03FFFFFFFFFFFCAFFF00025B161B9942B851406D53B7
1061E628C7CF8316D31028E218C60DB04B2C03FFFFFFFFFFFCAFFF000258161B9942B851406D43CF
10611428C6A48316DE10280918C56BB05B2C03FFFFFFFFFFFCBFFF000253161B9942B851406D43E7
1061A628C7788316CC10285918C5A8B04B2C03FFFFFFFFFFFCAFFF000245161B9942B851406D43FF
10626828C8798316C510290618C629B05B2B03FFFFFFFFFFFCAFFF00025B161B9842B850406D4317
1061A128C7618316CA10289018C5CBB04B2B03FFFFFFFFFFFCBFFF000260161B9842B850406D432F
10620928C7FB8316C01028C318C5F3B04B2B03FFFFFFFFFFFCBFFF000261161B9842B850406D4347
1062CD28C9088316BD10293618C64FB05B2C03FFFFFFFFFFFCBFFF00025E161B9842B850406D435F
10620628C7EE8316CF1028E318C60CB06B2B03FFFFFFFFFFFCBFFF000259161B9842B850406D5377
10613528C6C98316D710281218C568B05B2B03FFFFFFFFFFFCAFFF000251161B9842B850406D438F
1060E528C6628316D71027A618C51AB06B2C03FFFFFFFFFFFCAFFF00024C161B9742B84F406D43A7
10618A28C7468316CB10284918C597B07B2D03FFFFFFFFFFFCBFFF000246161B9742B84F406D43BF
10626928C8778316B61028FB18C61EB05B2D03FFFFFFFFFFFCBFFF00023A161B9742B84F406D53D7
10627728C8968316B710290C18C62DB04B2C03FFFFFFFFFFFCBFFF00022A161B9742B84F406D43EF
1061F828C7D98316CB1028BD18C5EAB05B2C03FFFFFFFFFFFCAFFF000231161B9742B84F406D5307
10618A28C7468316C710284C18C594B05B2D03FFFFFFFFFFFC9FFF000230161B9742B84E406D431F
1061DD28C7B28316BF10288918C5C7B05B2E03FFFFFFFFFFFCAFFF00022B161B9642B84E406D4337
10617A28C7238316CE10283B18C588B05B2D03FFFFFFFFFFFCCFFF000220161B9642B84E406D434F
10611E28C6A78316D010280118C55AB06B2C03FFFFFFFFFFFCAFFF00022A161B9642B84E406D5367
1061B728C77C8316BB10287E18C5BCB05B2E03FFFFFFFFFFFCAFFF000223161B9642B84E406D437F
10620228C7DC8316BA10289918C5D2B06B2E03FFFFFFFFFFFCAFFF000222161B9642B84E406D4397
10618928C7368316C310283D18C585B06B2E03FFFFFFFFFFFCAFFF000229161B9542B84D406D43AF
1061BD28C7838316BE10286918C5A8B06B2F03FFFFFFFFFFFCAFFF000228161B9542B84D406D53C7
10619828C74C8316B810286318C5A1B06B2F03FFFFFFFFFFFCAFFF000220161B9542B84D406D43DF
10616F28C70D8316C110282918C577B06B2E03FFFFFFFFFFFCAFFF000226161B9542B84D406D43F7
10610728C67F8316C11027BB18C523B06B2D03FFFFFFFFFFFCAFFF000227161B9542B84D406D530F
10616128C6FE8316BC10282618C574B05B2D03FFFFFFFFFFFCAFFF000227161B9542B84D406D4327
10613428C6BB8316BC10281F18C56FB06B2E03FFFFFFFFFFFCAFFF000228161B9442B84C406D433F
10615E28C6FD8316B410283E18C587B07B2D03FFFFFFFFFFFCBFFF00022C161B9442B84C406D4357
1061DE28C7AE8316AE10286318C5A4B07B2D03FFFFFFFFFFFCAFFF000222161B9442B84C406D436F
10617C28C71C8316BF10283518C57EB07B2C03FFFFFFFFFFFCAFFF000222161B9442B84C406D4387
1060E028C6468316C91027A418C50DB05B2C03FFFFFFFFFFFCBFFF00022A161B9442B84C406D439F
1060D528C63F8316BB1027BA18C51FB04B2C03FFFFFFFFFFFCBFFF000227161B9442B84B406D43B7
1061E728C7B78316AE10284618C58FB04B2C03FFFFFFFFFFFCBFFF00021B161B9342B84B406D43CF
1061CA28C78A8316B310289518C5CAB03B2D03FFFFFFFFFFFCAFFF000221161B9342B84B406D43E7
10617B28C7208316BC10281A18C569B02B2D03FFFFFFFFFFFCAFFF000220161B9342B84B406D43FF
10616128C6F98316BF1027FC18C553B05B2D03FFFFFFFFFFFCBFFF00021F161B9342B84B406D4317
10618D28C7408316BD10282F18C57EB05B2E03FFFFFFFFFFFCAFFF000218161B9342B84B406D432F
10621128C8008316BD1028BF18C5EEB06B2E599FFFFFFFFFFCAFFF00021A161B9342B84A406D4347
1062FA28C9488316B910297618C680B05B3003FFFFFFFFFFFCAFFF000215161B9242B84A406D435F
10634028C9A98316BC1029BC18C6B7B05B3003FFFFFFFFFFFCAFFF00021C161B9242B84A406D4377
10632428C9878316C01029B118C6AFB04B2E03FFFFFFFFFFFCAFFF00021F161B9242B84A406D438F
10631A28C97C8316B91029C218C6BDB03B2DB37FFFFFFFFFFCAFFF000217161B9242B84A406D43A7
10636A28C9F08316B51029F718C6E7B04B2C041FFFFFFFFFFCBFFF000216161B9242B84A406D43BF
10634628C9BC8316B71029E518C6DAB04B2C03FFFFFFFFFFFCAFFF00021D161B9142B849406D43D7
10630128C95B8316C01029AB18C6ADB03B2C03FFFFFFFFFFFCAFFF00021E161B9142B849406D43EF
10623E28C8498316CD1028F718C621B05B2C03FFFFFFFFFFFCAFFF00021E161B9142B849406D4307
1062AA28C8E88316C610293E18C65EB05B2C03FFFFFFFFFFFCAFFF00021D161B9142B849406D431F
10638B28CA1F8316B5102A0F18C6FCB05B2C03FFFFFFFFFFFCAFFF00021D161B9142B849406D4337
1063DA28CA7E8316B5102A9A18C766B05B2D03FFFFFFFFFFFCAFFF00021E161B9142B849406D434F
10631A28C97C8316BD102A0018C6EDB04B2D03FFFFFFFFFFFCAFFF000217161B9042B848406D4367
10627628C89F8316BF10296B18C67BB04B2D03FFFFFFFFFFFCAFFF00021F161B9042B848406D437F
10627528C89C8316BF10292118C641B04B2D03FFFFFFFFFFFCAFFF00021F161B9042B848406D4397
1062BA28C8F68316C210295918C670B02B2C03FFFFFFFFFFFCBFFF000215161B9042B848406D43AF
1062C228C9098316BC10297318C680B02B2E03FFFFFFFFFFFCBFFF000219161B9042B848406D53C7
1062D828C9298316BB1029A318C6A8B04B2E03FFFFFFFFFFFCBFFF000218161B9042B848406D43DF
10625228C8728316C61028FF18C62CB04B2E03FFFFFFFFFFFCAFFF000211161B8F42B847406D43F7
10621D28C8218316C41028D618C60EB04B2E03FFFFFFFFFFFCBFFF000219161B8F42B847406D430F
1062AB28C8EE8316B310297818C682B03B2D03FFFFFFFFFFFCAFFF00020F161B8F42B847406D4327
1061D328C7A78316B310291518C62DB04B2D03FFFFFFFFFFFCAFFF000215161B8F42B847406D433F
1061EF28C7E28316BD10289E18C5E1B05B2F03FFFFFFFFFFFCAFFF000215161B8F42B847406D4357
1062A428C8DC8316B910296418C679B04B3003FFFFFFFFFFFCAFFF000214161B8F42B846406D436F
10632128C9838316BD1029B718C6B7B05B2F03FFFFFFFFFFFCAFFF00020A161B8E42B846406D4387
1062F628C9568316C610296A18C683B04B2E03FFFFFFFFFFFCAFFF000212161B8E42B846406D439F
10641F28CAE38316BE102ABE18C77AB04B2E03FFFFFFFFFFFCBFFF000214161B8E42B846406D43B7
1064EC28CC0F8316B6102B3D18C7E6B03B2D03FFFFFFFFFFFCBFFF000217161B8E42B846406D43CF
10652F28CC6B8316B4102BAB18C83EB03B2D03FFFFFFFFFFFCBFFF00020F161B8E42B846406D43E7
1064FA28CC248316B0102B9018C823B03B2C03FFFFFFFFFFFCBFFF000217161B8E42B845406D43FF
1064C528CBD98316B4102B6118C800B02B2B03FFFFFFFFFFFCAFFF000216161B8D42B845406D4317
10648028CB778316BF102B2018C7CEB03B2B03FFFFFFFFFFFCAFFF000215161B8D42B845406D432F
10643628CB078316C2102AD918C797B05B2B03FFFFFFFFFFFCAFFF00021D161B8D42B845406D4347
10639F28CA368316BD102A7C18C74EB05B2C03FFFFFFFFFFFCBFFF000217161B8D42B845406D435F
1062FA28C94E8316B71029ED18C6E0B05B2C03FFFFFFFFFFFCAFFF00021F161B8D42B845406D4377
10628728C8AF8316B010297118C67FB04B2C03FFFFFFFFFFFCAFFF000215161B8C42B844406D438F
10622528C82B8316B110291418C635B05B2C03FFFFFFFFFFFCAFFF00021D161B8C42B844406D43A7
1061C928C7B18316BD10287718C5C2B06B2D03FFFFFFFFFFFCAFFF00021D161B8C42B844406D43BF
10618328C7498316C210283B18C596B06B2E03FFFFFFFFFFFCAFFF00020B161B8C42B844406D43D7
10612E28C6D88316B91027EB18C558B06B2E03FFFFFFFFFFFCBFFF000217161B8C42B844406D43EF
10610528C69D8316BA1027A818C526B07B2E03FFFFFFFFFFFCAFFF000216161B8C42B844406D4307
10605428C5A68316BF10274618C4D7B07B2E03FFFFFFFFFFFCAFFF000218161B8B42B843406D431F
10612528C6D48316B010278E18C517B07B2E03FFFFFFFFFFFCBFFF000218161B8B42B843406D4337
10624328C8538316AF10289818C5DCB07B2D03FFFFFFFFFFFCDFFF000216161B8B42B843406D434F
1061EA28C7D48316BF10287D18C5C5B09B2C03FFFFFFFFFFFCBFFF000205161B8B42B843406D4367
10624E28C86F8316C01028E518C619B08B2D03FFFFFFFFFFFCBFFF000215161B8B42B843406D437F
10633E28C9B08316B81029B318C6B2B06B2C03FFFFFFFFFFFC9FFF000216161B8B42B843406D4397
10637B28CA128316B9102A4818C731B05B2D03FFFFFFFFFFFCAFFF000215161B8A42B842406D43AF
10653428CC7D8316B4102B7018C812B05B2E03FFFFFFFFFFFCAFFF00020D161B8A42B842406D43C7
1065A728CD1E8316B2102BED18C873B05B2D03FFFFFFFFFFFCAFFF000213161B8A42B842406D43DF
1065A028CD1A8316B7102C0F18C891B05B2C03FFFFFFFFFFFCAFFF00020B161B8A42B842406D43F7
10659D28CD198316BD102C1818C89AB03B2C03FFFFFFFFFFFCAFFF000213161B8A42B842406D430F
1065D728CD768316C0102C3E18C8BAB03B2B03FFFFFFFFFFFCBFFF00020A161B8A42B842406D4327
1065CE28CD618316C0102C5A18C8CEB04B2C03FFFFFFFFFFFCBFFF00020A161B8942B841406D433F
1065E228CD848316BE102C6918C8DCB05B2D03FFFFFFFFFFFCBFFF00020C161B8942B841406D4357
10661128CDD08316B1102CA018C90BB03B2E03FFFFFFFFFFFCAFFF000202161B8942B841406D436F
10677D28CFDF8316AD102D5618C9A0B02B2E03FFFFFFFFFFFCAFFF000211161B8942B841406D4387
1066C128CECE8316B9102D7F18C9BFB02B2D03FFFFFFFFFFFCBFFF000211161B8942B841406D439F
10673828CF838316C1102D9218C9D7B04B2D03FFFFFFFFFFFCBFFF000213161B8942B841406D43B7
1066CC28CEDF8316C6102D8D18C9CDB04B2C03FFFFFFFFFFFCBFFF000214161B8842B840406D43CF
10664D28CE338316C4102CE718C949B02B2C03FFFFFFFFFFFCAFFF000214161B8842B840406D43E7
1066D428CEE98316B9102D8B18C9CCB02B2B03FFFFFFFFFFFCAFFF000216161B8842B840406D43FF
10665628CE378316B6102D7518C9BAB02B2A03FFFFFFFFFFFCAFFF00021C161B8842B840406D4317
10665228CE368316B9102D0C18C968B02B2B03FFFFFFFFFFFCBFFF000218161B8842B840406D432F
10662C28CDFE8316C0102CB618C923B04B2A03FFFFFFFFFFFCAFFF000218161B8742B840406D4347
1065D028CD6E8316C7102C8B18C8FDB05B2B03FFFFFFFFFFFCAFFF000216161B8742B83F406D435F
10657928CCEE8316C7102C1918C89CB04B2B03FFFFFFFFFFFCAFFF00021D161B8742B83F406D4377
10658228CCF78316C4102C2618C8ABB04B2A03FFFFFFFFFFFCAFFF000215161B8742B83F406D438F
10654F28CCB08316C8102C1518C89AB05B2C03FFFFFFFFFFFCBFFF000219161B8742B83F406D43A7
10656428CCCC8316C0102C0B18C891B05B2C03FFFFFFFFFFFCAFFF00020E161B8742B83F406D43BF
1065AD28CD3E8316B6102C1E18C8A1B05B2C03FFFFFFFFFFFCAFFF000212161B8642B83F406D43D7
1065EF28CDA08316AE102C6B18C8E2B04B2B03FFFFFFFFFFFCAFFF000210161B8642B83E406D43EF
1065E828CD978316BA102C6718C8E2B04B2B03FFFFFFFFFFFC9FFF000209161B8642B83E406D4307
1065A428CD2E8316D3102C3D18C8BFB03B2B03FFFFFFFFFFFC9FFF000209161B8642B83E406D431F
1065C528CD6A8316CC102C4E18C8CCB04B2D03FFFFFFFFFFFCAFFF00020F161B8642B83E406D4337
1066A728CEB78316B5102D2F18C984B04B2E03FFFFFFFFFFFCAFFF000208161B8542B83E406D434F
10669B28CE998316B8102D1718C972B05B2D03FFFFFFFFFFFC8FFF000201161B8542B83E406D4367
10660628CDC28316BE102CAC18C919B04B2C03FFFFFFFFFFFCBFFF000212161B8542B83D406D437F
10662A28CDFF8316AF102CC018C928B01B2C03FFFFFFFFFFFCBFFF000211161B8542B83D406D4397
10663228CE008316AF102CCD18C934B01B2D03FFFFFFFFFFFCAFFF000208161B8542B83D406D43AF
1065DF28CD898316C5102C7B18C8F1B02B2D03FFFFFFFFFFFCAFFF000211161B8542B83D406D43C7
1065A628CD2E8316BF102C3B18C8BCB04B2C03FFFFFFFFFFFCBFFF000213161B8442B83D406D43DF
1065F328CDA88316B4102C8218C8F6B04B2B03FFFFFFFFFFFCBFFF00020A161B8442B83D406D43F7
10660E28CDCC8316BA102CA218C910B03B2C03FFFFFFFFFFFC9FFF000209161B8442B83C406D430F
10662428CDF08316B2102CC218C92CB03B2C03FFFFFFFFFFFCAFFF000208161B8442B83C406D4327
1066F728CF288316A4102D5A18C9A7B02B2C03FFFFFFFFFFFCAFFF000203161B8442B83C406D433F
10670328CF388316AB102D8718C9CCB02B2B03FFFFFFFFFFFCAFFF000215161B8342B83C406D4357
10668128CE758316B8102D2C18C97FB01B2C03FFFFFFFFFFFCBFFF000215161B8342B83C406D436F
10669628CE9F8316B2102D3C18C990B02B2D03FFFFFFFFFFFCBFFF000214161B8342B83C406D4387
10675928CFB88316A4102DC818C9FEB02B2D03FFFFFFFFFFFCBFFF000214161B8342B83B406D439F
10676E28CFD78316AC102DE518CA17B02B2C03FFFFFFFFFFFCBFFF000214161B8342B83B406D43B7
10677428CFE08316AE102DF218CA22B02B2B03FFFFFFFFFFFCAFFF000214161B8342B83B406D43CF
1067C928D0608316AA102E3418CA5AB04B2C03FFFFFFFFFFFCBFFF00020E161B8242B83B406D43E7
1067DF28D0878316A9102E5618CA75B02B2D03FFFFFFFFFFFCBFFF000219161B8242B83B406D43FF
1067FF28D0B18316A0102E6D18CA87B03B2D03FFFFFFFFFFFCBFFF000213161B8242B83A406D4317
10686528D14D831697102EB818CAC9B03B2C03FFFFFFFFFFFCBFFF000213161B8242B83A406D432F
10684228D11483169E102ED218CADDB02B2C03FFFFFFFFFFFCAFFF000217161B8242B83A406D4347
10680A28D0C78316AA102E8318CA9FB01B2B03FFFFFFFFFFFCAFFF00021B161B8242B83A406D435F
1067F428D0A88316AA102E7F18CA99B00B2A03FFFFFFFFFFFC9FFF00020B161B8142B83A406D4377
1067F028D09D83169F102E7818CA92B00B2A03FFFFFFFFFFFC9FFF000219161B8142B83A406D438F
10684428D11A83169B102EBA18CACDAFFB2A03FFFFFFFFFFFCAFFF00021A161B8142B839406D43A7
10686B28D15583169C102ED818CAE3B01B2903FFFFFFFFFFFCAFFF000218161B8142B839406D43BF
10688428D17883169E102EFD18CB00B02B2803FFFFFFFFFFFC9FFF00021A161B8142B839406D43D7
10689E28D19F83169B102EFE18CAFEB02B2903FFFFFFFFFFFCAFFF000221161B8042B839406D43EF
10682128D0DF831698102EDE18CAE5B00B2903FFFFFFFFFFFCBFFF000223161B8042B839406D4307
1067FB28D0B48316A1102E8618CAA0B00B2903FFFFFFFFFFFCAFFF00021B161B8042B839406D431F
1067EA28D0948316A0102E7118CA8EB03B2A03FFFFFFFFFFFCAFFF000226161B8042B838406D4337
10680328D0BB831697102E8018CA9AB04B2B03FFFFFFFFFFFCAFFF000230161B8042B838406D434F
1067F928D0B083169F102E7618CA93B01B2B03FFFFFFFFFFFC9FFF000235161B7F42B838406D4367
10684528D11F8316A1102EBF18CACEB01B2B03FFFFFFFFFFFC9FFF000249161B7F42B838406D437F
10684428D117831690102EE518CAE9B01B2A03FFFFFFFFFFFC9FFF000259161B7F42B838406D4397
10680928D0C8831690102EB218CAC0B01B2A03FFFFFFFFFFFCAFFF00026B161B7F42B838406D43AF
10680E28D0D18316A1102E8718CAA2B01B2A03FFFFFFFFFFFCBFFF00027F161B7F42B837406D43C7
10681028D0CF83169B102E9318CAAAB02B2A03FFFFFFFFFFFCAFFF000289161B7F42B837406D43DF
10688528D184831693102EB718CAC8B02B2A03FFFFFFFFFFFC9FFF00029E161B7E42B837406D43F7
1068E228D2018316A0102F3E18CB3AB03B2A03FFFFFFFFFFFC9FFF0002C2161B7E42B837406D430F
1068C328D1D5831695102F7E18CB68B03B2A03FFFFFFFFFFFC9FFF0002CF161B7E42B837406D4327
10693828D28583167F102F9618CB7CB03B2A03FFFFFFFFFFFCAFFF0002F9161B7E42B836406D433F
10694328D29783168A102FA218CB8AB04B2B03FFFFFFFFFFFC9FFF000300161B7E42B836406D4357
1068F128D21E831698102F8518CB6DB06B2B03FFFFFFFFFFFC9FFF00031E161B7D42B836406D436F
1068D228D1EC831690102F6518CB57B03B2B03FFFFFFFFFFFC9FFF00031C161B7D42B836406D4387
1068F728D22A83168D102F7518CB61B02B2A03FFFFFFFFFFFCAFFF000312161B7D42B836406D439F
10690628D239831692102F6D18CB5CB01B2A03FFFFFFFFFFFCAFFF0002FE161B7D42B835406D43B7
10693C28D28E831680102FA218CB87B00B2B5FEFFFFFFFFFFCBFFF0002D8161B7D42B835406D43CF
10698928D2FD831673102FD718CBB2B00B2B4C4FFFFFFFFFFCAFFF0002B9161B7C42B835406D43E7
10698328D2F5831684102FEA18CBC1B00B2A591FFFFFFFFFFC8FFF0002A8161B7C42B835406D43FF
10698228D2EF831686102FF318CBC9B00B2A85EFFFFFFFFFFC9FFF000291161B7C42B835406D4317
10699828D31083167910300C18CBDCB01B2A03FFFFFFFFFFFC9FFF00027B161B7C42B834406D432F
10697328D2DB83167610300418CBD5B01B2B03FFFFFFFFFFFCAFFF00026C161B7C42B834406D4347
10690528D23C831683102F9C18CB82B01B2B03FFFFFFFFFFFCAFFF000264161B7B42B834406D435F
10693328D27F831684102FB118CB95B02B2B040FFFFFFFFFFCBFFF000256161B7B42B834406D4377
10698C28D30A831671102FE718CBC0B03B2A535FFFFFFFFFFCAFFF00025A161B7B42B834406D438F
1069BA28D34883166A10302B18CBF6B03B297EFFFFFFFFFFFCAFFF000250161B7B42B833406D43A7
10699C28D31683166410303018CBF9B04B2A03FFFFFFFFFFFCAFFF00024E161B7B42B833406D43BF
106A0028D3AA83166410305118CC18B04B2C03FFFFFFFFFFFCAFFF000254161B7A42B833406D43D7
1069AA28D33283167810301F18CBEDB04B2B03FFFFFFFFFFFCAFFF000252161B7A42B833406D43EF
1069C028D35383168410303B18CC05B06B2B043FFFFFFFFFFC9FFF000257161B7A42B833406D4307
106A3A28D40D83166B10309E18CC53B07B2A56FFFFFFFFFFFC9FFF00024C161B7A42B833406D431F
106A9128D4808316561030DE18CC89B04B29847FFFFFFFFFFCAFFF000259161B7A42B832406D4337
106A8728D47B8316591030F918CC9FB03B2A03FFFFFFFFFFFCBFFF000258161B7A42B832406D434F
106A5128D4278316661030CE18CC7EB02B2A03FFFFFFFFFFFCBFFF000257161B7942B832406D4367
106A4D28D42283166D1030B618CC69B02B2A03FFFFFFFFFFFCBFFF00025D161B7942B832406D637F
106A6928D4498316701030D818CC87B04B2A045FFFFFFFFFFCBFFF000262161B7942B832406D4397
106A8028D4708316701030F218CC9AB05B2A5A4FFFFFFFFFFCAFFF00027C161B7942B831406D43AF
106AA828D4A983166210311718CCB7B03B2A856FFFFFFFFFFCAFFF00028B161B7942B831406D43C7
106AAF28D4AD83165410311D18CCBEB03B2B03FFFFFFFFFFFCAFFF0002A6161B7842B831406D43DF
106A4428D40E83165B1030EE18CC93B04B2B03FFFFFFFFFFFCAFFF0002C5161B7842B831406D43F7
106A2128D3E38316581030B318CC66B02B2B03FFFFFFFFFFFC9FFF0002D2161B7842B831406D430F
106A3B28D4038316541030BE18CC6EB01B2A088FFFFFFFFFFCBFFF0002CE161B7842B830406D4327
1069F328D39A83166210308118CC3EB02B2A684FFFFFFFFFFCAFFF0002D0161B7842B830406D433F
1069D328D37083166510305518CC18B03B2B8A5FFFFFFFFFFCAFFF0002B8161B7842B830406D4357
106A1428D3CD83164F10307F18CC3DB03B2D03FFFFFFFFFFFCBFFF0002AD161B7742B830406D436F
106A4128D40E8316481030AE18CC61B02B2D03FFFFFFFFFFFCCFFF000296161B7742B830406D4387
106A0828D3BC83165810307918CC37B02B2C6F1FFFFFFFFFFCAFFF00028B161B7742B82F406D439F
106A1428D3D083165710308818CC41B02B2B539FFFFFFFFFFCAFFF00028A161B7742B82F406D43B7
106A6C28D44D8316491030D518CC80B02B2B03FFFFFFFFFFFCAFFF00027A161B7742B82F406D43CF
106AB428D4BC83164610311018CCB1B02B2B03FFFFFFFFFFFCAFFF00026A161B7642B82F406D43E7
106A9D28D49383164C10311D18CCBCB00B2A03FFFFFFFFFFFCBFFF000273161B7642B82F406D43FF
106A9B28D49483164810310218CCA6B00B2B03FFFFFFFFFFFCAFFF00026C161B7642B82E406D4317
106ACB28D4D983164210312718CCC3B01B2A678FFFFFFFFFFCAFFF000265161B7642B82E406D432F
106AEA28D50D83164A10314318CCDBB03B294FAFFFFFFFFFFCAFFF00025F161B7642B82E406D4347
106B0028D52A83164E10317018CD01B03B2A03FFFFFFFFFFFCAFFF00025B161B7542B82E406D435F
106B1728D54B83163F10317C18CD0AB01B2B03FFFFFFFFFFFCBFFF000252161B7542B82E406D4377
106B1F28D55983163610318318CD11B01B2A03FFFFFFFFFFFCBFFF00025E161B7542B82D406D438F
106B1828D54C83163D10318918CD14B02B2A03FFFFFFFFFFFC9FFF00025A161B7542B82D406D43A7
106AF328D51A83164010316618CCF8B03B29738FFFFFFFFFFC9FFF000257161B7542B82D406D43BF
106B0828D53283163E10317318CD04B04B2A523FFFFFFFFFFC9FFF000264161B7442B82D406D43D7
106AAE28D4AB83163D10314618CCDCB05B2B4E0FFFFFFFFFFCAFFF000263161B7442B82D406D43EF
106A6828D4498316421030FB18CCA1B04B2B82BFFFFFFFFFFCAFFF00025E161B7442B82C406D4307
106A2628D3EA8316401030BF18CC6EB03B2C03FFFFFFFFFFFCAFFF000254161B7442B82C406D431F
106A1328D3D383163410308018CC3EB04B2C03FFFFFFFFFFFCAFFF00024D161B7442B82C406D4337
106A0928D3BE83163010309218CC48B03B2C1E7FFFFFFFFFFCAFFF000244161B7442B82C406D434F
106A1F28D3DE83163310309218CC4CB04B2CB01FFFFFFFFFFCAFFF00023E161B7342B82C406D4367
106A6128D43D83163B1030AD18CC63B05B2B05BFFFFFFFFFFCAFFF000239161B7342B82B406D437F
106A8D28D47F8316421030F618CC9CB05B2A03FFFFFFFFFFFCAFFF000238161B7342B82B406D4397
106A7228D45A83163D1030E818CC8EB05B2903FFFFFFFFFFFCBFFF000231161B7342B82B406D43AF
106ACC28D4DA83163110313818CCD2B02B2903FFFFFFFFFFFCBFFF000239161B7342B82B406D43C7
106B1B28D54E83162E10317218CD00B03B290F6FFFFFFFFFFCBFFF00023C161B7242B82B406D43DF
106B1728D54983162F10319618CD1BB03B29801FFFFFFFFFFCBFFF000246161B7242B82A406D43F7
106B3628D57D83163010319118CD1BB02B2A93FFFFFFFFFFFCAFFF000249161B7242B82A406D430F
106B4128D5888316351031AA18CD32B01B2B03FFFFFFFFFFFCAFFF000253161B7242B82A406D4327
106B4E28D59B83163A1031B718CD38B00B2A03FFFFFFFFFFFC9FFF00025D161B7242B82A406D433F
106B5D28D5B18316311031C518CD45B00B2A643FFFFFFFFFFC9FFF00026D161B7142B82A406D4357
106B6428D5BF8316271031C818CD46B01B2A4B4FFFFFFFFFFCBFFF000277161B7142B829406D436F
106B4E28D5978316261031DE18CD58B02B2B03FFFFFFFFFFFCCFFF000283161B7142B829406D4387
106A9428D48983162E10315118CCE5B02B2B03FFFFFFFFFFFC9FFF0002A8161B7142B829406D439F
106A8928D4828316361030D418CC86B02B2B03FFFFFFFFFFFC9FFF0002B4161B7142B829406D43B7
106ABB28D4C783163210313D18CCD6B00B2B03FFFFFFFFFFFCAFFF0002D6161B7142B829406D43CF
106A6E28D44E83162C10311C18CCBAB00B2B235FFFFFFFFFFCBFFF0002E0161B7042B829406D43E7
106A4E28D4238316281030CD18CC79B00B2ABE7FFFFFFFFFFCBFFF0002FA161B7042B828406D43FF
106A8928D47B83162D1030E718CC91B01B2B061FFFFFFFFFFC9FFF000309161B7042B828406D4317
106AD328D4E683163010312718CCC5B02B2B03FFFFFFFFFFFCAFFF00030E161B7042B828406D432F
106B1328D54483162A10317818CD04B02B2B03FFFFFFFFFFFCBFFF000323161B7042B828406D4347
106AD728D4E683162710316B18CCF9B02B2B03FFFFFFFFFFFCBFFF000337161B6F42B828406D435F
106A8428D47283162D1030EF18CC96B04B290E4FFFFFFFFFFCAFFF000352161B6F42B827406D4377
106A2928D3F383162E1030B518CC66B04B297ACFFFFFFFFFFCAFFF00036A161B6F42B827406D438F
1069CB28D35883162910306E18CC2BB03B29058FFFFFFFFFFCBFFF00037D161B6F42B827406D43A7
1069B728D34783162810304018CC09B03B2A03FFFFFFFFFFFCBFFF00037B161B6F42B827406D43BF
1069C428D35583162D10304018CC06B04B2A03FFFFFFFFFFFCAFFF000394161B6F42B827406D43D7
1069D528D36A83162610305418CC16B03B2B03FFFFFFFFFFFCAFFF00039E161B6E42B826406D43EF
10699B28D31383161D10305818CC17B03B2B03FFFFFFFFFFFCAFFF00039E161B6E42B826406D4307
10699E28D32083162810302018CBEFB01B2A42CFFFFFFFFFFCAFFF0003A9161B6E42B826406D431F
10696828D2CD831634102FE518CBBEB01B2A74DFFFFFFFFFFCAFFF0003C2161B6E42B826406D4337
10694D28D2A983162D102FD018CBACB01B2B30FFFFFFFFFFFCBFFF0003DF161B6E42B826406D534F
10699128D30C831629102FF218CBC6B01B2B986FFFFFFFFFFCBFFF0003E4161B6D42B825406D4367
1069C128D34B83162E10302818CBF3B02B2B03FFFFFFFFFFFCBFFF00040F161B6D42B825406D437F
106A1628D3CB83162710307218CC2FB03B2C03FFFFFFFFFFFCBFFF00042E161B6D42B825406D4397
106A6528D4448316251030B418CC66B01B2D03FFFFFFFFFFFCAFFF000431161B6D42B825406D43AF
106A4628D4098316261030D418CC7CB00B2C03FFFFFFFFFFFCAFFF00044C161B6D42B825406D43C7
106A2928D3F483162B10309C18CC53B01B2A168FFFFFFFFFFCAFFF000452161B6D42B825406D43DF
106A0228D3AA8316321030CC18CC79B02B2AA0BFFFFFFFFFFCAFFF00044C161B6C42B824406D43F7
10697228D2E183163110304318CC0CB02B2963AFFFFFFFFFFCAFFF000452161B6C42B824406D430F
10695828D2B583162E10300618CBD8B03B2A03FFFFFFFFFFFCAFFF000452161B6C42B824406D4327
10698C28D30383162C10300118CBD3B02B2B03FFFFFFFFFFFCAFFF000457161B6C42B824406D433F
1069B228D33A83162410303C18CC02B02B2B03FFFFFFFFFFFCAFFF00044F161B6C42B824406D4357
10694728D29A831622102FF618CBC6B05B2B03FFFFFFFFFFFCAFFF000456161B6B42B823406D436F
10693928D28483162E102FB018CB93B05B2A551FFFFFFFFFFCAFFF000454161B6B42B823406D4387
10690928D23D831636102F8B18CB74B06B2A43BFFFFFFFFFFCBFFF00043D161B6B42B823406D439F
10690028D232831631102F8818CB70B05B2A03FFFFFFFFFFFCBFFF000445161B6B42B823406D43B7
10691828D259831626102FA018CB84B03B2A03FFFFFFFFFFFCBFFF000441161B6B42B823406D43CF
10694C28D2A2831629102FBA18CB9BB03B2903FFFFFFFFFFFCBFFF000444161B6B42B823406D53E7
1068FC28D22D831631102F8E18CB75B03B2A03FFFFFFFFFFFCBFFF00044F161B6A42B822406D43FF
1068F228D21883162E102F7218CB5FB03B2B03FFFFFFFFFFFCAFFF00045C161B6A42B822406D4317
1068E528D20B83162B102F6B18CB57B02B2B03FFFFFFFFFFFCAFFF000460161B6A42B822406D432F
1068CD28D1E2831631102F5818CB49B02B2C03FFFFFFFFFFFCAFFF00046F161B6A42B822406D4347
1068C228D1D283162E102F4218CB35B01B2C03FFFFFFFFFFFCCFFF00047C161B6A42B822406D535F
1068CD28D1E183162A102F4718CB39B02B2D03FFFFFFFFFFFCBFFF00048A161B6A42B821406D4377
1068D628D1F383162D102F5118CB43B03B2C03FFFFFFFFFFFCAFFF00047F161B6942B821406D438F
1068D928D1F0831630102F5A18CB49B04B2C03FFFFFFFFFFFCAFFF000491161B6942B821406D43A7
1068CA28D1E0831632102F4F18CB40B04B2B03FFFFFFFFFFFCAFFF000494161B6942B821406D43BF
1068BF28D1CB83163A102F3D18CB32B03B2B03FFFFFFFFFFFCAFFF000499161B6942B821406D43D7
1068A628D1A783163D102F2B18CB23B03B2A03FFFFFFFFFFFCBFFF00049D161B6942B821406D43EF
1068B728D1C1831632102F3418CB2AB03B2B03FFFFFFFFFFFCBFFF00049A161B6842B820406D4307
1068CC28D1E1831625102F4C18CB3DB03B2B03FFFFFFFFFFFCCFFF0004A0161B6842B820406D431F
1068AA28D1AF83162D102F2F18CB25B03B2A03FFFFFFFFFFFCCFFF00049C161B6842B820406D4337
10686828D14683163D102EF818CAFAB04B2A03FFFFFFFFFFFCCFFF0004A9161B6842B820406D434F
10683628D10383163C102ED318CAD8B01B2B03FFFFFFFFFFFCBFFF0004A4161B6842B820406D5367
10683E28D10A831637102ED618CADBB02B2C03FFFFFFFFFFFCCFFF0004A5161B6842B820406D437F
10681628D0D483163B102EAF18CABAB02B2B03FFFFFFFFFFFCBFFF0004AF161B6742B81F406D4397
1067FF28D0AF831636102E9518CAA7B03B2C03FFFFFFFFFFFCAFFF0004A9161B6742B81F406D43AF
1067F228D09B831632102E7D18CA91B04B2C03FFFFFFFFFFFCAFFF0004B2161B6742B81F406D43C7
1067E528D08883163C102E6518CA80B02B2D03FFFFFFFFFFFCAFFF0004B0161B6742B81F406D43DF
1067E628D086831648102E5B18CA78B01B2D03FFFFFFFFFFFCAFFF0004AF161B6742B81F406D43F7
10681528D0CD83163E102E8718CA9DB03B2D03FFFFFFFFFFFCAFFF0004B7161B6642B81E406D530F
10687028D154831634102ED818CADDB03B2C03FFFFFFFFFFFCAFFF0004B8161B6642B81E406D4327
10687A28D16183163F102EE718CAEBB03B2C03FFFFFFFFFFFCAFFF0004AF161B6642B81E406D433F
10687328D15983164A102EEA18CAECB03B2C03FFFFFFFFFFFCBFFF0004B5161B6642B81E406D4357
1068A028D19F83163D102F1418CB0EB02B2C03FFFFFFFFFFFCBFFF0004BA161B6642B81E406D436F
1068B128D1B5831638102F2118CB17B02B2C03FFFFFFFFFFFCBFFF0004B9161B6642B81E406D5387
1068B628D1BF831640102F2A18CB20B04B2C03FFFFFFFFFFFCAFFF0004C0161B6542B81D406D539F
1068BA28D1C083163E102F3118CB25B05B2C03FFFFFFFFFFFCCFFF0004BD161B6542B81D406D43B7
1068C228D1D2831635102F3618CB29B04B2C03FFFFFFFFFFFCAFFF0004BB161B6542B81D406D53CF
1068C328D1D183163F102F3718CB2EB03B2B03FFFFFFFFFFFCAFFF0004B5161B6542B81D406D43E7
1068B828D1BC831650102F2E18CB25B02B2C03FFFFFFFFFFFC9FFF0004BF161B6542B81D406D43FF
1068BE28D1CB831644102F3A18CB2DB02B2C03FFFFFFFFFFFC9FFF0004BB161B6542B81C406D4317
1068C828D1D9831633102F4118CB34B02B2C03FFFFFFFFFFFCAFFF0004B3161B6442B81C406D532F
1068C728D1DB83163A102F3E18CB31B02B2C03FFFFFFFFFFFCAFFF0004C2161B6442B81C406D4347
1068C828D1DC831640102F4118CB34B04B2C03FFFFFFFFFFFCAFFF0004BA161B6442B81C406D435F
1068C728D1D683163F102F4218CB34B04B2B03FFFFFFFFFFFCBFFF0004C4161B6442B81C406D4377
1068B728D1BD831647102F3018CB25B04B2A03FFFFFFFFFFFCBFFF0004C5161B6442B81C406D438F
1068B928D1BE831649102F3318CB27B02B2A03FFFFFFFFFFFCAFFF0004BC161B6442B81B406D43A7
1068CA28D1DC831639102F4018CB31B03B2A03FFFFFFFFFFFCBFFF0004C1161B6342B81B406D43BF
1068C828D1DA83163D102F4018CB33B04B2A03FFFFFFFFFFFCBFFF0004C6161B6342B81B406D43D7
1068BC28D1C683164A102F3C18CB2FB05B2B03FFFFFFFFFFFCAFFF0004C7161B6342B81B406D53EF
1068CE28D1E383163A102F4518CB36B04B2B03FFFFFFFFFFFCAFFF0004C5161B6342B81B406D4307
1068D528D1ED831631102F4E18CB3CB03B2C03FFFFFFFFFFFCBFFF0004B5161B6342B81A406D531F
1068CE28D1E3831642102F4818CB39B05B2B03FFFFFFFFFFFCBFFF0004C7161B6242B81A406D5337
1068C428D1CF831641102F4518CB36B04B2C03FFFFFFFFFFFCBFFF0004C5161B6242B81A406D534F
1068D728D1F1831631102F5018CB3DB03B2D03FFFFFFFFFFFCAFFF0004C1161B6242B81A406D5367
1068C828D1D583163D102F4818CB3BB03B2D03FFFFFFFFFFFC9FFF0004B7161B6242B81A406D437F
10688A28D17D83163D102F2518CB1AB04B2D03FFFFFFFFFFFC9FFF0004BD161B6242B819406D4397
1068A328D19B831632102F3118CB24B05B2DAE2FFFFFFFFFFCAFFF0004B4161B6242B819406D53AF
10687228D15983163B102EFF18CAFDB05B2D084FFFFFFFFFFC9FFF0004B2161B6142B819406D53C7
10685528D12C83163C102EDF18CAE3B04B2D03FFFFFFFFFFFCBFFF0004B4161B6142B819406D43DF
10687628D16283162D102EF718CAF5B03B2D03FFFFFFFFFFFCAFFF0004AA161B6142B819406D43F7
10687928D15F831634102EFD18CAFAB03B2D03FFFFFFFFFFFCAFFF000496161B6142B819406D530F
10682F28D0F283163F102EBA18CAC3B04B2C03FFFFFFFFFFFCAFFF000499161B6142B818406D5327
10682A28D0EA83163B102EA918CAB5B04B2C03FFFFFFFFFFFCAFFF000495161B6142B818406D433F
10683228D0FB83163D102EAC18CAB7B03B2C03FFFFFFFFFFFCAFFF000492161B6042B818406D5357
10683528D0FA83163E102EB118CABBB02B2C03FFFFFFFFFFFCAFFF000495161B6042B818406D536F
10683E28D109831637102EBD18CAC5B02B2D03FFFFFFFFFFFCBFFF000495161B6042B818406D5387
10684728D11283163A102EBF18CAC7B03B2C03FFFFFFFFFFFCAFFF0004A5161B6042B817406D439F
10684228D10D831641102EBB18CAC4B03B2D03FFFFFFFFFFFCAFFF0004A2161B6042B817406D53B7
10684B28D11F83163C102EC318CACAB05B2D03FFFFFFFFFFFCBFFF0004AD161B5F42B817406D43CF
10684F28D121831639102ECA18CACFB06B2D03FFFFFFFFFFFCBFFF0004AF161B5F42B817406D53E7
10684E28D122831643102EC918CACFB04B2C03FFFFFFFFFFFCAFFF00049F161B5F42B817406D53FF
10685428D12883163C102ECF18CAD3B04B2C1FDFFFFFFFFFFCBFFF0004AD161B5F42B816406D4317
10686728D143831633102EDF18CAE0B06B2C04CFFFFFFFFFFCAFFF0004A6161B5F42B816406D432F
10686428D14083163E102EDE18CAE2B05B2C03FFFFFFFFFFFCAFFF00048E161B5F42B816406D4347
10686828D14583163C102EDE18CAE1B05B2C03FFFFFFFFFFFCAFFF000496161B5E42B816406D435F
10687D28D165831634102F0018CAFAB05B2C03FFFFFFFFFFFCAFFF000493161B5E42B816406D4377
10686F28D15083163D102EF018CAF1B04B2C03FFFFFFFFFFFCAFFF000499161B5E42B815406D538F
10686628D146831642102EDF18CAE2B02B2C03FFFFFFFFFFFCAFFF000493161B5E42B815406D43A7
10689528D18B831634102F0518CB01B01B2C03FFFFFFFFFFFCAFFF0004AD161B5E42B815406D53BF
1068E228D1FC83162B102F4618CB35B03B2C03FFFFFFFFFFFCAFFF0004B8161B5D42B815406D53D7
1068C128D1C983163B102F3918CB2EB04B2D03FFFFFFFFFFFCAFFF0004C3161B5D42B815406D53EF
10688A28D17C831647102F0718CB03B03B2D03FFFFFFFFFFFCAFFF0004CC161B5D42B814406D5307
1068A728D1A783163B102F1E18CB15B04B2D03FFFFFFFFFFFCAFFF0004C0161B5D42B814406D531F
1068E628D200831633102F5C18CB48B05B2D03FFFFFFFFFFFCAFFF0004CF161B5D42B814406D5337
1068C628D1D3831637102F5618CB42B06B2D03FFFFFFFFFFFCBFFF0004CD161B5D42B814406D534F
10689C28D19483163A102F2118CB16B05B2E03FFFFFFFFFFFC9FFF0004C4161B5C42B814406D5367
10688328D16F831641102F0318CB00B05B2D03FFFFFFFFFFFCAFFF0004CC161B5C42B813406D537F
10688128D16E831646102EF918CAF7B05B2C03FFFFFFFFFFFCBFFF0004C0161B5C42B813406D5397
10688A28D17D83163B102F0418CB00B04B2D03FFFFFFFFFFFCBFFF0004C3161B5C42B813406D53AF
10689828D18E831635102F0D18CB08B04B2D04BFFFFFFFFFFCBFFF0004BF161B5C42B813406D43C7
10689628D18C83163F102F0E18CB09B05B2D03FFFFFFFFFFFCBFFF0004BE161B5C42B813406D53DF
1068AE28D1B1831642102F2818CB1DB05B2D03FFFFFFFFFFFCAFFF0004BE161B5B42B812406D53F7
1068D728D1EE83163B102F4618CB34B04B2D03FFFFFFFFFFFCAFFF0004AE161B5B42B812406D530F
1068EE28D213831641102F5818CB44B02B2D03FFFFFFFFFFFCAFFF0004BD161B5B42B812406D5327
1068FF28D226831649102F6E18CB59B03B2C03FFFFFFFFFFFC9FFF0004BE161B5B42B812406D533F
1068DF28D1F7831647102F6A18CB53B05B2C03FFFFFFFFFFFCAFFF0004C0161B5B42B812406D5357
1068E628D204831644102F7318CB5CB05B2D03FFFFFFFFFFFCBFFF0004C1161B5B42B812406D536F
1068F728D222831644102F6D18CB55B03B2C03FFFFFFFFFFFCBFFF0004B1161B5A42B811406D5387
1068F628D218831641102F7618CB5BB01B2C03FFFFFFFFFFFCAFFF0004C2161B5A42B811406D539F
10689E28D19A831646102F2A18CB1EB03B2C03FFFFFFFFFFFCAFFF0004C1161B5A42B811406D53B7
1068BA28D1C3831656102F3218CB28B03B2C03FFFFFFFFFFFCAFFF0004BC161B5A42B811406D53CF
1068B628D1BA831658102F3218CB26B04B2C03FFFFFFFFFFFCBFFF0004B7161B5A42B811406D53E7
1068DA28D1F483164A102F5218CB41B04B2C03FFFFFFFFFFFCAFFF0004BE161B5A42B810406D53FF
1068F528D21983163E102F7A18CB62B06B2C03FFFFFFFFFFFC9FFF0004B1161B5942B810406D5317
1068D828D1F483164D102F4D18CB40B07B2D03FFFFFFFFFFFCAFFF0004B2161B5942B810406D432F
1068C428D1CD83165C102F4118CB34B05B2D03FFFFFFFFFFFCBFFF0004A6161B5942B810406D4347
1068CD28D1DF83165B102F4218CB35B04B2D03FFFFFFFFFFFCBFFF0004A4161B5942B810406D535F
1068BC28D1C683165D102F3B18CB2EB06B2D03FFFFFFFFFFFCBFFF00048A161B5942B80F406D5377
1068C328D1C4831654102F3118CB26B06B2C03FFFFFFFFFFFCAFFF00047B161B5942B80F406D538F
1068EA28D18E831649102F5F18CB4CB06B2C03FFFFFFFFFFFCAFFF000455161B5842B80F406D53A7
1068DF28D1FB831657102F5518CB44B05B2D03FFFFFFFFFFFCAFFF000451161B5842B80F406D53BF
1068BF28D1C7831664102F4018CB31B04B2D03FFFFFFFFFFFCBFFF00043C161B5842B80F406D53D7
1068CD28D1E0831661102F5518CB44B04B2D03FFFFFFFFFFFCBFFF00043C161B5842B80F406D53EF
1068BC28D1C8831661102F4818CB36B05B2D03FFFFFFFFFFFCBFFF00042C161B5842B80E406D5307
1068B628D1BE831663102F3918CB2CB06B2C03FFFFFFFFFFFCBFFF00042F161B5842B80E406D531F
1068AF28D1B683165E102F2518CB19B06B2C03FFFFFFFFFFFCAFFF00042D161B5742B80E406D5337
1068E228D1FE83165A102F5318CB42B05B2C03FFFFFFFFFFFCAFFF000422161B5742B80E406D534F
1068D028D1E5831663102F4218CB33B06B2C03FFFFFFFFFFFCAFFF00041A161B5742B80E406D5367
1068E128D1FE831662102F5718CB45B06B2C03FFFFFFFFFFFCAFFF000418161B5742B80D406D537F
1068F028D214831662102F5D18CB4AB06B2C03FFFFFFFFFFFCAFFF00040D161B5742B80D406D5397
1068F528D21C83166D102F6618CB53B04B2C03FFFFFFFFFFFC9FFF0003F0161B5742B80D406D53AF
1068E028D1FA831670102F6218CB50B02B2C03FFFFFFFFFFFCAFFF0003F7161B5642B80D406D53C7
1068F628D21E831666102F7518CB5DB03B2D03FFFFFFFFFFFCBFFF0003E9161B5642B80D406D63DF
1068FE28D228831664102F7F18CB65B05B2E03FFFFFFFFFFFCBFFF0003E9161B5642B80D406D53F7
1068D828D1F4831667102F5B18CB4AB05B2E03FFFFFFFFFFFCAFFF0003E4161B5642B80C406D530F
1068D828D1F183166A102F5518CB44B04B2E03FFFFFFFFFFFCAFFF0003E3161B5642B80C406D5327
1068D328D1EB831672102F4518CB39B04B2D03FFFFFFFFFFFCBFFF0003D3161B5542B80C406D533F
1068E528D208831675102F5A18CB49B04B2D03FFFFFFFFFFFCAFFF0003CC161B5542B80C406D5357
1068DB28D1FB831674102F6018CB4CB05B2E03FFFFFFFFFFFCAFFF0003BF161B5542B80C406D536F
1068D328D1E8831676102F5318CB41B03B2E03FFFFFFFFFFFCBFFF0003AC161B5542B80B406D6387
1068DE28D1FB83166F102F5418CB43B04B2D03FFFFFFFFFFFCAFFF0003AB161B5542B80B406D539F
1068E228D201831668102F5618CB45B04B2C03FFFFFFFFFFFCAFFF0003A2161B5542B80B406D63B7
1068E628D209831674102F5918CB48B02B2C03FFFFFFFFFFFCAFFF00039E161B5442B80B406D63CF
1068F728D21E83167E102F6A18CB58B03B2C03FFFFFFFFFFFCBFFF00039C161B5442B80B406D53E7
1068FD28D22B831679102F7718CB5EB06B2D03FFFFFFFFFFFCCFFF000393161B5442B80A406D63FF
10690E28D242831678102F7D18CB64B06B2C03FFFFFFFFFFFCBFFF00038F161B5442B80A406D6317
10691928D258831679102F8718CB6CB06B2B03FFFFFFFFFFFCAFFF00037E161B5442B80A406D532F
10692528D26583167C102F8F18CB75B04B2B03FFFFFFFFFFFCAFFF00037C161B5442B80A406D5347
10693728D28083167B102F9D18CB81B04B2C03FFFFFFFFFFFCAFFF000362161B5342B80A406D635F
10692928D26C831679102F9E18CB7FB04B2C03FFFFFFFFFFFCAFFF000354161B5342B80A406D6377
10694928D29C831678102FB218CB94B05B2C03FFFFFFFFFFFC9FFF00034B161B5342B809406D638F
10692C28D270831680102FA918CB8BB05B2D03FFFFFFFFFFFCBFFF000347161B5342B809406D53A7
10692A28D26F83168C102F9C18CB80B02B2C03FFFFFFFFFFFCCFFF000349161B5342B809406D63BF
10695528D2AF831686102FC318CBA0B03B2D03FFFFFFFFFFFCAFFF000344161B5342B809406D63D7
10695528D2AD831680102FD418CBAEB05B2D03FFFFFFFFFFFCAFFF00034B161B5242B809406D63EF
10694428D293831681102FC918CBA4B06B2D03FFFFFFFFFFFCBFFF000341161B5242B809406D6307
10693F28D28D831687102FB618CB96B05B2E03FFFFFFFFFFFCBFFF000344161B5242B808406D531F
10694328D29983168D102FBB18CB9AB05B2D03FFFFFFFFFFFCBFFF000333161B5242B808406D6337
10695028D2AA83168B102FC318CB9FB04B2C03FFFFFFFFFFFCCFFF00032B161B5242B808406D634F
10697A28D2E9831681102FE118CBB9B04B2C03FFFFFFFFFFFCBFFF000321161B5242B808406D6367
10696928D2C983168A102FE518CBBDB04B2C03FFFFFFFFFFFCBFFF000319161B5142B808406D637F
10694228D291831695102FC018CB9EB05B2C03FFFFFFFFFFFCBFFF000326161B5142B807406D6397
10693E28D28C831691102FB418CB93B06B2D03FFFFFFFFFFFCBFFF000332161B5142B807406D53AF
10694728D29C831687102FB918CB96B04B2D03FFFFFFFFFFFCBFFF000359161B5142B807406D63C7
10695628D2B3831688102FC718CBA2B03B2D03FFFFFFFFFFFCBFFF00037A161B5142B807406D63DF
10694A28D29D83168D102FC618CBA4B03B2D03FFFFFFFFFFFC9FFF0003A4161B5142B807406D53F7
10694428D29683168F102FB718CB97B03B2D03FFFFFFFFFFFCAFFF0003C5161B5042B806406D630F
10694D28D2A5831690102FBC18CB9CB04B2D03FFFFFFFFFFFCAFFF0003E5161B5042B806406D6327
10696628D2C6831690102FD418CBAEB05B2C03FFFFFFFFFFFCBFFF0003F1161B5042B806406D633F
10696B28D2D2831694102FDD18CBB8B04B2D03FFFFFFFFFFFCAFFF0003E7161B5042B806406D6357
10697128D2D983169A102FE118CBBBB04B2D03FFFFFFFFFFFCAFFF0003E5161B5042B806406D636F
10697228D2DA83168D102FEF18CBC3B05B2C03FFFFFFFFFFFCBFFF0003D4161B5042B806406D6387
10697F28D2F0831681102FF418CBC8B06B2C03FFFFFFFFFFFCAFFF0003AF161B4F42B805406D539F
10698128D2F683168B102FF418CBCBB06B2D03FFFFFFFFFFFC9FFF00038B161B4F42B805406D63B7
10699228D30D83169810300118CBD5B06B2D03FFFFFFFFFFFC8FFF000369161B4F42B805406D53CF
10697B28D2E883169B102FFC18CBD0B06B2D03FFFFFFFFFFFC9FFF000358161B4F42B805406D53E7
10697F28D2F1831699102FEF18CBC7B06B2D03FFFFFFFFFFFCDFFF00034A161B4F42B805406D53FF
1069A128D32483169210301218CBE2B05B2D03FFFFFFFFFFFCBFFF00033F161B4E42B804406D6317
1069AC28D33583168410301218CBE2B04B2D03FFFFFFFFFFFCAFFF00034B161B4E42B804406D632F
1069BD28D34983168C10303218CBFCB03B2C03FFFFFFFFFFFCAFFF000353161B4E42B804406D6347
10698D28D30383169A10300718CBDBB03B2C03FFFFFFFFFFFCBFFF000354161B4E42B804406D635F
10699C28D31D83169410300818CBDAB03B2D03FFFFFFFFFFFCAFFF000362161B4E42B804406D6377
10699728D31283169210301F18CBEEB02B2D03FFFFFFFFFFFCAFFF00036D161B4E42B804406D638F
1069A328D32683169810300B18CBDCB04B2E03FFFFFFFFFFFCAFFF000375161B4D42B803406D63A7
10698E28D306831698102FFD18CBD2B05B2E03FFFFFFFFFFFCBFFF000377161B4D42B803406D63BF
10699E28D32383168F10300818CBD9B06B2E03FFFFFFFFFFFCBFFF00035C161B4D42B803406D63D7
1069CB28D35E83168C10303218CBFDB04B2D03FFFFFFFFFFFCAFFF000359161B4D42B803406D63EF
1069A628D32A83169110302D18CBF7B04B2D03FFFFFFFFFFFCAFFF000349161B4D42B803406D6307
10699A28D31983169510300E18CBE0B06B2E03FFFFFFFFFFFCAFFF000337161B4D42B802406D631F
1069A128D32683169F10300E18CBDFB06B2F03FFFFFFFFFFFCAFFF00031E161B4C42B802406D6337
1069B628D34483169B10302318CBF0B05B2F03FFFFFFFFFFFCBFFF00031A161B4C42B802406D634F
1069BB28D34B83168E10302618CBF2B03B2F03FFFFFFFFFFFCBFFF00030F161B4C42B802406D6367
1069CE28D36783168F10303618CC01B04B2E03FFFFFFFFFFFCBFFF000305161B4C42B802406D637F
1069E528D38A83169810305018CC16B03B2E0B4FFFFFFFFFFCAFFF0002FA161B4C42B801406D6397
1069D428D36F83169310304A18CC10B03B2E698FFFFFFFFFFCAFFF0002EC161B4C42B801406D63AF
1069E628D38B83169710305318CC1BB04B2E03FFFFFFFFFFFCAFFF0002D9161B4B42B801406D63C7
1069D328D36F8316A010304A18CC11B04B2D03FFFFFFFFFFFCAFFF0002C5161B4B42B801406D63DF
1069E528D38883169710305918CC1DB05B2D03FFFFFFFFFFFCBFFF0002B5161B4B42B801406D63F7
1069EF28D39983168B10306218CC23B05B2D03FFFFFFFFFFFCAFFF00029E161B4B42B801406D530F
1069F728D3A683169310306418CC27B06B2E03FFFFFFFFFFFCAFFF000291161B4B42B800406D6327
1069E928D38E83169E10306018CC23B06B2D03FFFFFFFFFFFCBFFF00028F161B4B42B800406D633F
1069F128D39C83169510306618CC27B06B2C03FFFFFFFFFFFCAFFF00027A161B4A42B800406D6357
1069F528D3A583169610306818CC2AB07B2D03FFFFFFFFFFFCAFFF000287161B4A42B800406D636F
1069E428D38983169D10305E18CC20B08B2D03FFFFFFFFFFFCAFFF000289161B4A42B800406D6387
1069F328D3A083168F10306418CC25B08B2D03FFFFFFFFFFFCAFFF000282161B4A42B7FF406D639F
1069F328D3A183168410306D18CC2DB06B2E03FFFFFFFFFFFCAFFF000287161B4A42B7FF406D63B7
1069F328D39D83169810306418CC29B06B2E03FFFFFFFFFFFCAFFF00027E161B4A42B7FF406D63CF
1069D728D3788316A610305518CC1BB05B2D03FFFFFFFFFFFCAFFF000284161B4942B7FF406D63E7
106A0528D3BC83169810306D18CC2EB03B2D03FFFFFFFFFFFCAFFF000279161B4942B7FF406D63FF
106A0D28D3C583168B10307E18CC3BB04B2D03FFFFFFFFFFFC9FFF000280161B4942B7FF406D6317
106A1028D3C883168B10307F18CC3DB05B2D03FFFFFFFFFFFC8FFF000279161B4942B7FE406D632F
106A0828D3BF83169310307818CC39B04B2C03FFFFFFFFFFFCAFFF000284161B4942B7FE406D6347
106A0128D3B783169D10307518CC35B04B2C03FFFFFFFFFFFCAFFF00028A161B4942B7FE406D635F
106A1428D3D083169A10307D18CC3CB04B2C50AFFFFFFFFFFCAFFF000292161B4842B7FE406D6377
106A0C28D3C483169110307B18CC39B02B2C03FFFFFFFFFFFCAFFF0002A6161B4842B7FE406D638F
106A0A28D3C183169210307E18CC3CB04B2D03FFFFFFFFFFFC9FFF0002C9161B4842B7FD406D63A7
106A0A28D3C283168F10307D18CC3AB06B2D03FFFFFFFFFFFC9FFF0002E6161B4842B7FD406D63BF
106A0428D3B583168E10307718CC35B06B2C03FFFFFFFFFFFC9FFF000314161B4842B7FD406D63D7
1069F828D3A583169A10307418CC34B04B2C03FFFFFFFFFFFCAFFF000331161B4842B7FD406D63EF
1069F028D39C83169B10305918CC1FB05B2C03FFFFFFFFFFFCAFFF000355161B4742B7FD406D6307
106A0F28D3CC83169110307E18CC3BB06B2D03FFFFFFFFFFFCAFFF00037A161B4742B7FD406D631F
106A0E28D3C783169110308118CC3DB05B2D03FFFFFFFFFFFCAFFF000396161B4742B7FC406D6337
106A1B28D3DA83168D10308E18CC47B05B2D1A8FFFFFFFFFFCAFFF0003B4161B4742B7FC406D634F
106A1528D3CA83168810309918CC50B03B2D31BFFFFFFFFFFCAFFF0003C1161B4742B7FC406D6367
1069FE28D3B483169910307418CC35B04B2D03FFFFFFFFFFFCCFFF0003E8161B4642B7FC406D637F
106A0728D3BD8316A310307418CC36B05B2D03FFFFFFFFFFFCCFFF0003FC161B4642B7FC406D6397
106A0628D3BB83169710308518CC41B05B2E03FFFFFFFFFFFCBFFF00040D161B4642B7FB406D63AF
106A1728D3D583168A10309418CC4CB05B2E03FFFFFFFFFFFCBFFF000410161B4642B7FB406D63C7
106A2328D3E383168C10309118CC4CB03B2E03FFFFFFFFFFFCBFFF000422161B4642B7FB406D63DF
106A1228D3D083169610308B18CC48B05B2E03FFFFFFFFFFFCBFFF00042C161B4642B7FB406D63F7
106A1B28D3DB83169110309618CC4FB06B2E03FFFFFFFFFFFCBFFF000426161B4542B7FB406D630F
106A3228D3FF83168E1030A118CC58B05B2D03FFFFFFFFFFFCAFFF000440161B4542B7FB406D6327
106A2828D3EE83169910309E18CC57B05B2C03FFFFFFFFFFFCAFFF000446161B4542B7FA406D633F
106A1328D3CE83169C10309318CC4CB04B2C03FFFFFFFFFFFCAFFF00045D161B4542B7FA406D6357
106A2828D3EE83169610309D18CC54B05B2C03FFFFFFFFFFFCAFFF000461161B4542B7FA406D636F
106A2228D3E483169110309918CC52B04B2D03FFFFFFFFFFFCAFFF00046E161B4542B7FA406D6387
106A2728D3ED83169010309718CC4FB06B2C03FFFFFFFFFFFCAFFF000470161B4442B7FA406D639F
106A2628D3EE83168C10309D18CC55B07B2D03FFFFFFFFFFFCCFFF000466161B4442B7F9406D63B7
106A2628D3EC83169110309D18CC57B05B2E03FFFFFFFFFFFCBFFF000469161B4442B7F9406D63CF
106A2B28D3F283169D10309C18CC54B04B2E03FFFFFFFFFFFCCFFF000464161B4442B7F9406D63E7
106A2A28D3F083169B10309F18CC57B05B2D03FFFFFFFFFFFCBFFF00046C161B4442B7F9406D63FF
106A2C28D3F38316951030A318CC59B04B2C03FFFFFFFFFFFCAFFF00046E161B4442B7F9406D6317
106A5528D43683168E1030B918CC6CB04B2C03FFFFFFFFFFFCAFFF000472161B4342B7F8406D632F
106A4D28D42683168B1030C118CC73B05B2C03FFFFFFFFFFFC9FFF000478161B4342B7F8406D6347
106A4028D4128316961030B418CC69B05B2C03FFFFFFFFFFFC8FFF000475161B4342B7F8406D635F
106A3E28D40A8316971030B418CC68B05B2C03FFFFFFFFFFFC9FFF00047F161B4342B7F8406D6377
106A4028D41383168D1030B118CC67B05B2C03FFFFFFFFFFFC9FFF00047F161B4342B7F8406D638F
106A4228D41683169C1030B318CC68B07B2D03FFFFFFFFFFFCAFFF000487161B4242B7F7406D63A7
106A4428D4138316A01030B418CC67B07B2E03FFFFFFFFFFFCAFFF00048A161B4242B7F7406D73BF
106A4A28D4258316861030B718CC6CB05B2E03FFFFFFFFFFFCAFFF000486161B4242B7F7406D73D7
106A5728D4358316801030C518CC78B04B2E03FFFFFFFFFFFCBFFF000489161B4242B7F7406D63EF
106A4928D41F8316931030C218CC74B04B2D17AFFFFFFFFFFCAFFF000485161B4242B7F7406D6307
106A4428D4198316921030B618CC69B05B2D104FFFFFFFFFFCAFFF000496161B4242B7F7406D631F
106A5228D42C83168B1030BE18CC71B07B2D03FFFFFFFFFFFCAFFF000496161B4142B7F6406D7337
106A5828D4358316981030C418CC7AB07B2E03FFFFFFFFFFFCAFFF000496161B4142B7F6406D634F
106A5828D4368316A31030C618CC79B06B2E03FFFFFFFFFFFCAFFF000498161B4142B7F6406D6367
106A6D28D4588316921030D918CC88B05B2D03FFFFFFFFFFFCAFFF000499161B4142B7F6406D637F
106A7D28D46C83167F1030EC18CC96B04B2D03FFFFFFFFFFFCAFFF000491161B4142B7F6406D7397
106A6D28D4588316861030E218CC8EB05B2E046FFFFFFFFFFCAFFF000499161B4142B7F5406D63AF
106A6428D4468316941030D218CC84B04B2D699FFFFFFFFFFCAFFF00048F161B4042B7F5406D63C7
106A7128D45A8316971030DA18CC8AB05B2D5A2FFFFFFFFFFCAFFF00048A161B4042B7F5406D63DF
106A7728D4618316971030E818CC94B06B2D03FFFFFFFFFFFC9FFF000494161B4042B7F5406D63F7
106A6628D44C8316991030DE18CC8AB05B2E03FFFFFFFFFFFCAFFF000483161B4042B7F5406D630F
106A6B28D4518316991030E118CC8BB04B2E03FFFFFFFFFFFCAFFF000492161B4042B7F5406D7327
106A7B28D4678316931030ED18CC97B05B2E03FFFFFFFFFFFCAFFF000491161B4042B7F4406D733F
106A7C28D46C8316951030EE18CC96B07B2E6BDFFFFFFFFFFCAFFF000489161B3F42B7F4406D7357
106A7928D4678316911030EF18CC98B08B2F5D3FFFFFFFFFFCAFFF000491161B3F42B7F4406D636F
106A8628D47983168A1030F418CC9DB07B3003FFFFFFFFFFFCAFFF00048C161B3F42B7F4406D7387
106A8928D47E8316951030F518CC9FB06B3003FFFFFFFFFFFCAFFF000493161B3F42B7F4406D639F
106A7E28D46F8316A01030EF18CC9AB07B2F03FFFFFFFFFFFCBFFF00048C161B3F42B7F4406D63B7
106A8328D4768316A21030F018CC9AB07B2E092FFFFFFFFFFCAFFF000497161B3F42B7F3406D63CF
106A8228D47283169B1030F718CC9EB06B2D7F3FFFFFFFFFFCAFFF000499161B3F42B7F3406D63E7
106A8828D4808316991030F718CC9FB07B2D636FFFFFFFFFFCBFFF000498161B3E42B7F3406D73FF
106A8028D4728316961030F718CC9DB06B2D03FFFFFFFFFFFCBFFF000499161B3E42B7F3406D7317
106A8728D47A8316921030F418CC9EB05B2D03FFFFFFFFFFFCBFFF000496161B3E42B7F3406D732F
106A8928D4808316991030F718CCA0B04B2D03FFFFFFFFFFFCBFFF00049C161B3E42B7F2406D6347
106A7D28D46D8316A01030F418CC9EB04B2D115FFFFFFFFFFCBFFF000493161B3E42B7F2406D635F
106A6E28D45483169F1030F018CC99B06B2E966FFFFFFFFFFCBFFF00049B161B3D42B7F2406D7377
106A4C28D4268316A51030D318CC83B06B2E6E2FFFFFFFFFFCBFFF00049E161B3D42B7F2406D638F
106A0428D3BA8316AC10309E18CC57B06B2E03FFFFFFFFFFFCBFFF000499161B3D42B7F2406D63A7
106A2028D3E783169F10309C18CC56B07B2D05CFFFFFFFFFFCAFFF0004A1161B3D42B7F2406D63BF
106A4F28D42883169A1030CD18CC7BB07B2DA2BFFFFFFFFFFC9FFF0004A9161B3D42B7F1406D73D7
106A5428D42C83169D1030C918CC79B05B2D397FFFFFFFFFFCAFFF0004AB161B3D42B7F1406D63EF
106A3828D40683169F1030BB18CC6EB02B2E03FFFFFFFFFFFCDFFF0004AD161B3C42B7F1406D7307
106A3628D4058316A61030AD18CC65B04B2E03FFFFFFFFFFFCBFFF0004A6161B3C42B7F1406D631F
1069B328D3408316B410304B18CC13B05B2E03FFFFFFFFFFFCAFFF0004AD161B3C42B7F1406D7337
10697E28D2F18316B610300B18CBE3B05B2D048FFFFFFFFFFC9FFF0004AC161B3C42B7F1406D734F
10695328D2B18316A610300918CBDEB05B2D8D7FFFFFFFFFFCAFFF0004A4161B3C42B7F0406D7367
10699528D31583169E10301018CBE3B05B2D33CFFFFFFFFFFCBFFF0004AD161B3C42B7F0406D637F
10698028D2FA8316A9102FF518CBCDB06B2D03FFFFFFFFFFFCBFFF0004AD161B3C42B7F0406D7397
10698128D2F48316B010300818CBDDB05B2C03FFFFFFFFFFFCBFFF0004AB161B3B42B7F0406D63AF
1069A528D32A8316A710302118CBEFB07B2C03FFFFFFFFFFFC9FFF0004A7161B3B42B7F0406D73C7
1069C128D35C8316A710302218CBF2B07B2D06FFFFFFFFFFFC9FFF0004A3161B3B42B7EF406D73DF
1069B228D3398316BA10303918CC04B06B2DAB1FFFFFFFFFFCAFFF00049E161B3B42B7EF406D63F7
10697028D2DE8316C1102FEF18CBC7B07B2E3B1FFFFFFFFFFCAFFF00049C161B3B42B7EF406D630F
1069A928D3318316B610302A18CBF8B0AB2E03FFFFFFFFFFFCAFFF00049A161B3B42B7EF406D7327
1069C428D35A8316B010303C18CC05B08B2D03FFFFFFFFFFFCAFFF000498161B3A42B7EF406D733F
1069A628D3318316AD10303118CBFCB08B2D03FFFFFFFFFFFC9FFF00048E161B3A42B7EF406D7357
1069C128D34F8316A810304D18CC14B08B2C063FFFFFFFFFFCAFFF000493161B3A42B7EF406D736F
10698428D2FC8316B610300918CBDFB06B2CA44FFFFFFFFFFCAFFF000491161B3A42B7EE406D7387
10698328D2FB8316C6102FF018CBCAB05B2D3A7FFFFFFFFFFC9FFF00048A161B3A42B7EE406D739F
10696A28D2D28316C7102FE618CBBFB05B2E03FFFFFFFFFFFC9FFF000491161B3A42B7EE406D73B7
10698228D2FB8316C3102FF318CBCCB06B2D03FFFFFFFFFFFC9FFF000494161B3942B7EE406D73CF
10699F28D3228316BB10301418CBE6B06B2D03FFFFFFFFFFFC9FFF000499161B3942B7EE406D73E7
1069AC28D3398316BB10301A18CBEBB06B2D180FFFFFFFFFFCAFFF00049E161B3942B7EE406D73FF
10696A28D2D28316C310300418CBD9B06B2DB92FFFFFFFFFFCAFFF0004A1161B3942B7ED406D7317
10697628D2EA8316C2102FE818CBC3B05B2D3F1FFFFFFFFFFCBFFF0004A2161B3942B7ED406D732F
10696D28D2D78316BF102FFE18CBD4B05B2D03FFFFFFFFFFFCBFFF00049E161B3942B7ED406D7347
10693428D28B8316CD102FA018CB88B06B2C03FFFFFFFFFFFCAFFF0004A5161B3842B7ED406D835F
10695328D2B28316D9102FC418CBA8B07B2C03FFFFFFFFFFFCAFFF00049E161B3842B7ED406D7377
10696928D2D78316CD102FE518CBC1B07B2D1F9FFFFFFFFFFCBFFF00049C161B3842B7ED406D738F
10699128D30C8316C1102FF918CBD1B07B2D64DFFFFFFFFFFCBFFF0004A3161B3842B7EC406D73A7
1068C928D1E78316CF102F8518CB6FB06B2D03FFFFFFFFFFFCAFFF00049B161B3842B7EC406D83BF
10694B28D2AA8316D0102FA118CB8BB05B2D03FFFFFFFFFFFCAFFF0004A4161B3842B7EC406D73D7
10698F28D30E8316CB102FE818CBC3B06B2D1C2FFFFFFFFFFC9FFF00049F161B3842B7EC406D73EF
10697C28D2ED8316D4102FF018CBCAB07B2DBB7FFFFFFFFFFCAFFF0004A7161B3742B7EC406D7307
10693328D2868316DA102FC518CBA8B06B2C0F7FFFFFFFFFFCAFFF0004A7161B3742B7EC406D731F
10692428D26F8316D0102F9418CB80B07B2D03FFFFFFFFFFFCAFFF0004A7161B3742B7EB406D8337
10690B28D24B8316D2102F9B18CB84B08B2D03FFFFFFFFFFFCAFFF0004B3161B3742B7EB406D734F
1068B828D1D38316E4102F5A18CB4FB06B2C03FFFFFFFFFFFCAFFF0004B7161B3742B7EB406D8367
1068A928D1BA8316D7102F1118CB14B05B2C30AFFFFFFFFFFCAFFF0004AD161B3742B7EB406D837F
10694428D2A18316BE102F9918CB82B07B2DC92FFFFFFFFFFCAFFF0004BF161B3642B7EB406D8397
10696028D2C78316CE102FC818CBAAB08B2C101FFFFFFFFFFCBFFF0004BC161B3642B7EB406D73AF
1068FC28D2398316E9102F9418CB7FB07B2E03FFFFFFFFFFFCBFFF0004C0161B3642B7EA406D83C7
10693C28D29D8316E3102F8918CB77B07B2E03FFFFFFFFFFFCCFFF0004C0161B3642B7EA406D73DF
10694628D29D8316D4102FF018CBC9B07B2E03FFFFFFFFFFFCBFFF0004C3161B3642B7EA406D73F7
1068D028D1F78316DA102F6218CB54B07B2F3C6FFFFFFFFFFCBFFF0004C4161B3642B7EA406D730F
1068DA28D2048316E0102F5318CB4BB06B2F485FFFFFFFFFFC9FFF0004C0161B3542B7EA406D8327
1068F128D2228316DA102F5918CB4DB06B2E03FFFFFFFFFFFC9FFF0004CB161B3542B7EA406D733F
10691328D2548316DB102F7318CB64B05B2D03FFFFFFFFFFFCAFFF0004CA161B3542B7E9406D8357
1068E228D20B8316DC102F7F18CB6BB04B2D03FFFFFFFFFFFCBFFF0004C0161B3542B7E9406D836F
1068D628D2008316D8102F4F18CB45B06B2D03FFFFFFFFFFFCBFFF0004B9161B3542B7E9406D8387
1068F228D21F8316E5102F6618CB5BB07B2D4B8FFFFFFFFFFCAFFF0004C9161B3542B7E9406D839F
10689328D1918316ED102F4318CB3EB07B2D4D5FFFFFFFFFFC9FFF0004C7161B3542B7E9406D73B7
10687F28D1818316DC102F2B18CB24B06B2D47BFFFFFFFFFFC9FFF0004C3161B3442B7E9406D83CF
1068BE28D1D78316CC102F3B18CB35B05B2D8B2FFFFFFFFFFCAFFF0004CC161B3442B7E8406D83E7
1068BA28D1CF8316D6102F3A18CB33B03B2C03FFFFFFFFFFFCBFFF0004C7161B3442B7E8406D83FF
10681D28D0DF8316E3102EC118CAD2B03B2C03FFFFFFFFFFFCAFFF0004D0161B3442B7E8406D8317
1067A628D0378316E6102E4218CA6DB05B2D03FFFFFFFFFFFCAFFF0004CF161B3442B7E8406D832F
10674128CFAD8316E8102E2918CA58B06B2E044FFFFFFFFFFCAFFF0004D1161B3442B7E8406D8347
1066E428CF238316E6102D9718C9E5B04B2F539FFFFFFFFFFCBFFF0004C5161B3342B7E8406D735F
10677C28D0048316D8102E1118CA45B07B2E9B1FFFFFFFFFFCCFFF0004D7161B3342B7E7406D8377
10684628D1248316D0102EAD18CAC1B08B2E03FFFFFFFFFFFCCFFF0004C8161B3342B7E7406D838F
1066F828CF2F8316E3102E0318CA35B07B2E03FFFFFFFFFFFCCFFF0004D7161B3342B7E7406D83A7
10653F28CCB68316F2102C2818C8B6B06B2F03FFFFFFFFFFFCBFFF0004D8161B3342B7E7406D83BF
10654928CCD38316EA102C0A18C8A6B07B2F085FFFFFFFFFFC9FFF0004D7161B3342B7E7406D83D7
10668F28CEA78316DF102D0218C96EB06B30648FFFFFFFFFFCAFFF0004CA161B3242B7E7406D83EF
10665828CE4E8316E3102D2318C984B07B309FBFFFFFFFFFFCAFFF0004CA161B3242B7E7406D8307
10664F28CE488316E8102CE118C952B07B3003FFFFFFFFFFFCAFFF0004CD161B3242B7E6406D831F
10662328CE018316ED102CD618C947B08B2E045FFFFFFFFFFCBFFF0004C6161B3242B7E6406D8337
10655E28CCED8316ED102C2418C8B1B08B2E751FFFFFFFFFFCAFFF0004CA161B3242B7E6406D834F
1065C128CD748316E4102C6618C8EAB08B2E64DFFFFFFFFFFCAFFF0004C7161B3242B7E6406D8367
10658D28CD238316E9102C5218C8DAB08B2F03FFFFFFFFFFFCAFFF0004BF161B3142B7E6406D837F
10650B28CC6C8316ED102BBC18C860B08B2F03FFFFFFFFFFFCAFFF0004C7161B3142B7E5406D8397
1064C828CC008316ED102B7418C828B07B2F03FFFFFFFFFFFCCFFF0004C8161B3142B7E5406D83AF
1064C228CBFD8316F7102B4418C7FCB07B2F03FFFFFFFFFFFCBFFF0004C2161B3142B7E5406D83C7
1064E628CC2E8316F2102B7B18C82CB08B3003FFFFFFFFFFFC8FFF0004C2161B3142B7E5406D83DF
10650728CC5C8316E8102BA218C847B09B3103FFFFFFFFFFFC9FFF0004C5161B3142B7E5406D83F7
1064C628CBFE8316F6102B6418C818B09B3103FFFFFFFFFFFCBFFF0004BB161B3042B7E5406D830F
10649428CBAD8316FF102B3118C7ECB0BB3203FFFFFFFFFFFCBFFF0004B2161B3042B7E4406D8327
10648D28CBAA8316F1102B2318C7DFB0BB3203FFFFFFFFFFFCBFFF0004C5161B3042B7E4406D833F
10654928CCBE8316F1102BA118C84FB0AB3103FFFFFFFFFFFCBFFF0004C4161B3042B7E4406D8357
1064B128CBD98316FD102B7918C824B0AB3203FFFFFFFFFFFCBFFF0004C4161B3042B7E4406D836F
10652228CC8A8316FB102B8318C832B0AB3103FFFFFFFFFFFCBFFF0004BE161B3042B7E4406D8387
10652F28CC948316F9102BBE18C85DB0AB3103FFFFFFFFFFFCAFFF0004C7161B3042B7E4406D839F
10648528CB92831706102B4D18C802B0AB3003FFFFFFFFFFFCAFFF0004BE161B2F42B7E3406D83B7
10645A28CB618316FF102B1018C7D2B0AB3103FFFFFFFFFFFCAFFF0004BB161B2F42B7E3406D83CF
10651728CC748316EB102BAB18C850B0AB3103FFFFFFFFFFFC9FFF0004AB161B2F42B7E3406D83E7
10650128CC538316FA102B8418C830B09B3003FFFFFFFFFFFCBFFF000491161B2F42B7E3406D83FF
10641A28CAF9831714102B0118C7C1B08B3003FFFFFFFFFFFCBFFF000467161B2F42B7E3406D8317
1064A128CBCC8316FF102B3B18C7F4B07B3103FFFFFFFFFFFC9FFF000429161B2F42B7E2406D832F
10651528CC718316EB102B8718C830B08B3003FFFFFFFFFFFCBFFF0003DC161B2E42B7E2406D8347
1064C528CBF8831702102B6A18C818B09B2F03FFFFFFFFFFFCAFFF000378161B2E42B7E2406D835F
10649528CBB3831703102B2818C7E0B09B302AEFFFFFFFFFFCAFFF000335161B2E42B7E2406D8377
10656528CCE88316F0102BF818C88DB09B301DBFFFFFFFFFFCAFFF0002F0161B2E42B7E2406D838F
10657628CCF98316F8102BF118C889B08B3003FFFFFFFFFFFCBFFF0002C0161B2E42B7E2406D83A7
10651D28CC78831701102BB018C850B08B3103FFFFFFFFFFFCAFFF0002CA161B2E42B7E1406D83BF
10653828CCA48316F6102BC718C864B07B3003FFFFFFFFFFFCAFFF0002F7161B2E42B7E1406D83D7
1064F928CC3B8316FC102BB118C852B07B3103FFFFFFFFFFFCAFFF00033D161B2D42B7E1406D83EF
10643B28CB28831704102B0918C7C8B07B2F03FFFFFFFFFFFC9FFF00036A161B2D42B7E1406D8307
10646928CB6D8316F7102B2718C7E3B08B2F03FFFFFFFFFFFCBFFF000393161B2D42B7E1406D831F
1064AE28CBD08316EB102B5018C802B08B2F03FFFFFFFFFFFCAFFF0003A4161B2D42B7E1406D8337
10642A28CB068316F2102B1018C7CBB08B3003FFFFFFFFFFFCAFFF0003A7161B2D42B7E0406D834F
1063AB28CA53831700102A4F18C72FB07B3103FFFFFFFFFFFCBFFF00039C161B2D42B7E0406D8367
10637428C9FE831704102A2018C70AB08B3203FFFFFFFFFFFCAFFF000393161B2C42B7E0406D837F
1063ED28CAB6831703102A7918C750B0AB3303FFFFFFFFFFFCAFFF000392161B2C42B7E0406D8397
10646128CB5D8316FD102AF918C7BBB0AB3203FFFFFFFFFFFC9FFF00038F161B2C42B7E0406D83AF
10647128CB728316F3102B1D18C7D6B08B3103FFFFFFFFFFFC9FFF00037C161B2C42B7DF406D83C7
10645528CB4E8316F3102B0918C7C5B07B3103FFFFFFFFFFFC9FFF00036D161B2C42B7DF406D83DF
10645028CB468316F6102AE518C7AAB08B3103FFFFFFFFFFFC9FFF000366161B2C42B7DF406D83F7
10644228CB2D8316FD102AE118C7A4B0AB3103FFFFFFFFFFFCAFFF000366161B2C42B7DF406D830F
10640728CAD8831708102AAC18C77CB0BB3103FFFFFFFFFFFCAFFF00037D161B2B42B7DF406D8327
10643C28CB2F831701102ACA18C794B0AB3203FFFFFFFFFFFC9FFF00039B161B2B42B7DF406D833F
10654828CCB38316F8102BB318C852B09B3303FFFFFFFFFFFC9FFF0003BB161B2B42B7DE406D8357
10656028CCCE8316FA102BEE18C880B09B3203FFFFFFFFFFFCAFFF0003CE161B2B42B7DE406D836F
10649128CBA68316FF102B7C18C820B08B3103FFFFFFFFFFFCAFFF0003D5161B2B42B7DE406D8387
10648B28CBA78316FE102B3A18C7F1B09B2F03FFFFFFFFFFFCAFFF0003D9161B2B42B7DE406D839F
10654928CCB78316F9102BE218C876B08B2F03FFFFFFFFFFFCAFFF0003DD161B2A42B7DE406D83B7
10652F28CC898316FB102BE618C87BB08B3003FFFFFFFFFFFCAFFF000400161B2A42B7DE406D93CF
10643D28CB2A831704102B1718C7CEB09B3103FFFFFFFFFFFCAFFF000425161B2A42B7DD406D93E7
1063D328CA8A83170F102A8018C757B0AB3103FFFFFFFFFFFCAFFF000467161B2A42B7DD406D83FF
10643028CB1F831702102AC518C793B0BB3103FFFFFFFFFFFCAFFF00049C161B2A42B7DD406D8317
10657528CCF08316ED102BB818C854B09B3103FFFFFFFFFFFCAFFF0004AC161B2A42B7DD406D932F
1065D728CD898316F1102C1618C8A2B0AB3003FFFFFFFFFFFCAFFF0004BB161B2942B7DD406D9347
10656928CCE08316FB102C1718C89FB09B3103FFFFFFFFFFFCAFFF0004BF161B2942B7DC406D835F
10653428CC9A831700102BB618C857B07B3103FFFFFFFFFFFC9FFF0004CA161B2942B7DC406D9377
10648628CB8F831712102B3618C7EFB08B313C8FFFFFFFFFFC9FFF0004C9161B2942B7DC406D938F
10643428CB22831713102AFB18C7BFB08B30289FFFFFFFFFFCBFFF0004C2161B2942B7DC406D93A7
10657428CD018316F0102C1C18C8AAB09B3003FFFFFFFFFFFCBFFF0004BF161B2942B7DC406D83BF
1065E528CD968316E9102C2F18C8B8B0AB3003FFFFFFFFFFFCBFFF0004BF161B2942B7DC406D83D7
10652628CC7C8316FE102BF118C87DB09B3103FFFFFFFFFFFCCFFF0004CA161B2842B7DB406D83EF
10647728CB84831701102B4718C7F9B07B3003FFFFFFFFFFFCBFFF0004C8161B2842B7DB406D8307
1064BC28CBEB8316FB102B7418C81FB07B3003FFFFFFFFFFFCBFFF0004C4161B2842B7DB406D931F
1064DA28CC178316FC102B7F18C827B0BB3003FFFFFFFFFFFCBFFF0004C1161B2842B7DB406D9337
1065A528CD428316F4102C1818C8A4B0DB3003FFFFFFFFFFFCBFFF0004C8161B2842B7DB406D834F
1065E828CD9C8316F0102C6D18C8E6B0BB3103FFFFFFFFFFFCAFFF0004C2161B2842B7DA406D9367
1065D828CD848316F3102C7B18C8F3B08B3103FFFFFFFFFFFCAFFF0004CC161B2842B7DA406D837F
1065A028CD358316F2102C4518C8C7B06B3003FFFFFFFFFFFCBFFF0004C6161B2742B7DA406D8397
10657F28CCFE8316F0102C4618C8C6B07B2F03FFFFFFFFFFFCAFFF0004C7161B2742B7DA406D93AF
1064ED28CC2A8316F3102BE818C87BB09B2F03FFFFFFFFFFFC9FFF0004C6161B2742B7DA406D93C7
10647728CB878316F4102B4418C7F8B08B2F03FFFFFFFFFFFC9FFF0004CD161B2742B7DA406D93DF
10646C28CB768316F4102B1818C7D5B09B2F03FFFFFFFFFFFC9FFF0004CD161B2742B7D9406D93F7
10645D28CB5F8316F2102B0918C7C9B0AB2F03FFFFFFFFFFFC9FFF0004C0161B2742B7D9406D930F
10646F28CB788316F3102B1A18C7D5B0AB3003FFFFFFFFFFFC8FFF0004D1161B2642B7D9406D9327
10652128CC7E8316E5102BC118C85FB0AB3103FFFFFFFFFFFC9FFF0004D1161B2642B7D9406D933F
1065F628CDB48316D7102C4D18C8CEB0AB3003FFFFFFFFFFFCAFFF0004CE161B2642B7D9406D9357
1065DB28CD888316E7102C4A18C8CBB09B3103FFFFFFFFFFFCAFFF0004C7161B2642B7D8406D936F
1064CB28CBFC8316F7102BB318C850B08B3003FFFFFFFFFFFCAFFF0004CB161B2642B7D8406D9387
10647828CB858316F5102B4318C7F8B08B3003FFFFFFFFFFFCAFFF0004CD161B2642B7D8406D939F
10647328CB838316EF102B2A18C7E4B07B30115FFFFFFFFFFCBFFF0004C3161B2542B7D8406D93B7
1064F828CC458316E1102B9518C839B07B30A3AFFFFFFFFFFCCFFF0004CC161B2542B7D8406D93CF
10650A28CC5B8316DB102BB518C854B09B3003FFFFFFFFFFFCBFFF0004BD161B2542B7D8406D93E7
1064BA28CBE58316E1102B7D18C827B08B2F03FFFFFFFFFFFCCFFF0004CD161B2542B7D7406D93FF
1063A728CA4D8316F1102A9418C768B06B3003FFFFFFFFFFFCBFFF0004CD161B2542B7D7406D9317
10629528C8CB8316FB10296B18C67BB07B3003FFFFFFFFFFFC9FFF0004CD161B2542B7D7406D932F
10624828C8558316F310290418C62BB08B30221FFFFFFFFFFCAFFF0004CF161B2542B7D7406D9347
10625128C8608316E710296018C672B09B31078FFFFFFFFFFCBFFF0004CE161B2442B7D7406D935F
10629528C8C48316E21029D018C6CCB0BB3203FFFFFFFFFFFCAFFF0004C4161B2442B7D7406D8377
10626528C8738316E71029BE18C6BBB0BB3103FFFFFFFFFFFCAFFF0004CC161B2442B7D6406D838F
10625428C85D8316EA10292918C642B0DB3203FFFFFFFFFFFCAFFF0004C3161B2442B7D6406D93A7
10620B28C7F38316F41028BF18C5F0B0CB3203FFFFFFFFFFFCAFFF0004B8161B2442B7D6406D93BF
1061B528C77C8316F81028A818C5E0B0BB3203FFFFFFFFFFFCAFFF0004C6161B2442B7D6406D93D7
10624F28C85F8316ED10291F18C63EB0CB3303FFFFFFFFFFFCBFFF0004C6161B2342B7D6406D93EF
10620428C7EF8316E81028FC18C61BB0BB3203FFFFFFFFFFFCDFFF0004BE161B2342B7D6406D9307
10618728C7378316EF10286718C5A7B0AB3203FFFFFFFFFFFCBFFF0004C8161B2342B7D5406D931F
10615328C6ED8316F01027FE18C557B0BB3211AFFFFFFFFFFCBFFF0004C5161B2342B7D5406D9337
1061DB28C7B48316EA10288D18C5CBB0CB3203FFFFFFFFFFFCBFFF0004C4161B2342B7D5406D934F
1061B728C77C8316EE10289418C5CDB0DB3303FFFFFFFFFFFCBFFF0004C2161B2342B7D5406D9367
10619228C7468316EE10285518C599B0CB3303FFFFFFFFFFFCBFFF0004CB161B2242B7D5406D937F
10618228C7298316ED10283118C57DB0AB323B6FFFFFFFFFFCAFFF0004C2161B2242B7D5406DA397
10606928C5908316F71027AC18C50CB0AB3203FFFFFFFFFFFCAFFF0004B9161B2242B7D4406D93AF
10600928C5178316F31026F418C481B0BB3203FFFFFFFFFFFCBFFF0004C9161B2242B7D4406D93C7
1060E128C6398316E71027B718C519B0CB3203FFFFFFFFFFFCAFFF0004CA161B2242B7D4406D93DF
10601D28C5228316EE10273718C4B3B0CB32A28FFFFFFFFFFC9FFF0004C9161B2242B7D4406D93F7
105F9928C46D8316EC10267F18C422B0DB3214EFFFFFFFFFFCBFFF0004C5161B2242B7D4406D930F
105F8628C4498316E710266618C40CB0CB3303FFFFFFFFFFFCAFFF0004B1161B2142B7D4406D9327
105F3628C3D88316F310261618C3C7B0BB3403FFFFFFFFFFFCAFFF0004BD161B2142B7D3406D933F
105E7C28C2D18316FE10254718C327B0DB3403FFFFFFFFFFFCAFFF0004BC161B2142B7D3406D9357
105EFE28C3868316F01025AB18C374B0DB3403FFFFFFFFFFFCAFFF0004B7161B2142B7D3406D936F
105FAC28C47E8316D710269418C432B0DB3303FFFFFFFFFFFCAFFF0004B2161B2142B7D3406D9387
105F5728C3FC8316DB10263C18C3E6B0DB3403FFFFFFFFFFFCBFFF0004AA161B2142B7D3406DA39F
105D4628C1068316F01024BD18C2AAB0EB3303FFFFFFFFFFFCBFFF0004B4161B2042B7D2406D93B7
105C4128BF9E8316F610231C18C177B0DB3409FFFFFFFFFFFCAFFF0004B5161B2042B7D2406D93CF
105E7328C2C78316EC1024E918C2E1B0DB348ACFFFFFFFFFFCAFFF0004AF161B2042B7D2406D93E7
105FD128C4AC8316E610264F18C3F8B0BB3303FFFFFFFFFFFC9FFF0004B9161B2042B7D2406D93FF
10607E28C5A48316E010273518C4AAB0BB3303FFFFFFFFFFFCAFFF0004B1161B2042B7D2406DA317
105FC228C4908316E21026CE18C456B0DB3203FFFFFFFFFFFC9FFF0004B7161B2042B7D2406D932F
10601628C5188316E81026A318C43BB0DB3303FFFFFFFFFFFC8FFF0004B2161B1F42B7D1406DA347
1060BB28C6008316E410279618C4FBB0CB33054FFFFFFFFFFCAFFF0004AD161B1F42B7D1406DA35F
10611D28C68F8316DF1027D618C52CB0CB33041FFFFFFFFFFCAFFF0004AC161B1F42B7D1406DA377
10608528C5AF8316E310277E18C4E7B0DB3303FFFFFFFFFFFCBFFF00049D161B1F42B7D1406D938F
105FF428C4E78316EC1026B318C449B0CB3303FFFFFFFFFFFCAFFF00049D161B1F42B7D1406DA3A7
1060AB28C5F58316EC10273418C4B5B0DB33488FFFFFFFFFFCAFFF0004A2161B1F42B7D1406D93BF
1061BE28C7738316E810286218C59CB0EB34312FFFFFFFFFFCAFFF0004AA161B1E42B7D0406DA3D7
1061FB28C7CE8316E210288E18C5C2B0EB3403FFFFFFFFFFFCAFFF0004A8161B1E42B7D0406D93EF
10622728C81A8316D810289B18C5CFB0CB3403FFFFFFFFFFFCAFFF0004B3161B1E42B7D0406D9307
10624528C8478316DA1028C618C5F2B0BB3203FFFFFFFFFFFCBFFF0004B3161B1E42B7D0406DA31F
10622A28C81C8316F01028BE18C5EFB0BB3203FFFFFFFFFFFCBFFF0004C5161B1E42B7D0406DA337
1061EB28C7C18316FA10289318C5C9B0AB330E1FFFFFFFFFFCAFFF0004CF161B1E42B7CF406DA34F
10623828C8378316EE1028D118C5FAB09B3303FFFFFFFFFFFC9FFF0004D2161B1E42B7CF406DA367
1062C828C9078316E010295D18C66CB09B3303FFFFFFFFFFFCAFFF0004D4161B1D42B7CF406DA37F
1062F428C9448316DE10297818C681B0AB3303FFFFFFFFFFFC9FFF0004D6161B1D42B7CF406DA397
1062F328C9478316E910297118C67EB09B3369FFFFFFFFFFFCBFFF0004D1161B1D42B7CF406DA3AF
1062F728C94A8316ED10298F18C699B0BB3303EFFFFFFFFFFC9FFF0004DA161B1D42B7CF406DA3C7
1062F028C9408316E710299418C698B0CB3303FFFFFFFFFFFC8FFF0004CF161B1D42B7CE406DA3DF
10628928C8A98316EF10294A18C65FB0BB3203FFFFFFFFFFFC9FFF0004DB161B1D42B7CE406DA3F7
10623A28C83A8316F31028DE18C605B0AB3103FFFFFFFFFFFCAFFF0004E1161B1C42B7CE406DA30F
10626928C87F8316E61028FF18C620B0CB3203FFFFFFFFFFFCAFFF0004DB161B1C42B7CE406DA327
10628A28C8AD8316DD10293E18C653B0BB3203FFFFFFFFFFFCBFFF0004DF161B1C42B7CE406DA33F
10623B28C8398316E61028EE18C610B0CB3204AFFFFFFFFFFCAFFF0004D6161B1C42B7CE406DA357
1061F028C7C78316F610289818C5CEB0DB3103FFFFFFFFFFFCAFFF0004DE161B1C42B7CD406DA36F
1061CA28C7948316F410287118C5AFB0BB3203FFFFFFFFFFFCAFFF0004CC161B1C42B7CD406DA387
10620228C7E98316EC1028B218C5E1B0AB3203FFFFFFFFFFFCCFFF0004D9161B1B42B7CD406DA39F
1061EE28C7C98316EC1028AA18C5D8B0AB3278FFFFFFFFFFFCAFFF0004D7161B1B42B7CD406DA3B7
1061BF28C7808316ED10285C18C59CB0BB3103EFFFFFFFFFFCAFFF0004D8161B1B42B7CD406DA3CF
1061B828C77A8316EB10285118C594B0AB3103FFFFFFFFFFFCAFFF0004CF161B1B42B7CC406DA3E7
1061DE28C7AD8316F010287318C5B0B0AB3203FFFFFFFFFFFCBFFF0004D6161B1B42B7CC406DA3FF
1061A928C7618316FA10285018C594B0BB3303FFFFFFFFFFFCBFFF0004CD161B1B42B7CC406DA317
10619A28C74C8316F310285A18C59AB0AB330C4FFFFFFFFFFCAFFF0004D6161B1A42B7CC406DA32F
10621428C8048316EB1028C018C5EBB0AB330ABFFFFFFFFFFCAFFF0004D5161B1A42B7CC406DA347
1061F828C7CD8316F11028AF18C5DEB0AB3303FFFFFFFFFFFC9FFF0004D5161B1A42B7CC406DA35F
10620928C7F08316EE1028AA18C5DAB0CB3203FFFFFFFFFFFCAFFF0004D6161B1A42B7CB406DA377
10621528C7FF8316EC1028B818C5E6B0DB32221FFFFFFFFFFCAFFF0004CF161B1A42B7CB406DA38F
1061A428C7588316FB10286A18C5A8B0DB334B6FFFFFFFFFFCAFFF0004CB161B1A42B7CB406DA3A7
10610B28C6858316FF1027CD18C52CB0BB3403FFFFFFFFFFFCBFFF0004CF161B1942B7CB406DA3BF
1061B928C77C8316EC10285E18C5A0B0BB3403FFFFFFFFFFFCAFFF0004C9161B1942B7CB406DA3D7
10617628C7168316F610283918C57FB0DB3303FFFFFFFFFFFCBFFF0004CC161B1942B7CB406DA3EF
10608828C5C783170610275B18C4CCB0EB3303FFFFFFFFFFFCAFFF0004D5161B1942B7CA406DA307
10609128C5D18316F410275718C4D0B0DB3203FFFFFFFFFFFCAFFF0004D3161B1942B7CA406DA31F
1060A228C5E68316E51027A018C505B0CB3203FFFFFFFFFFFCBFFF0004D2161B1942B7CA406DA337
10600C28C50B8316F81026F518C47BB09B3303FFFFFFFFFFFCBFFF0004CA161B1842B7CA406DA34F
105EB028C30F8317021025C818C38BB09B3303FFFFFFFFFFFCBFFF0004D3161B1842B7CA406DA367
105EAE28C3178316F61025C018C387B09B333B6FFFFFFFFFFCBFFF0004C8161B1842B7C9406DA37F
105F6228C40B8316F010263518C3E3B09B330B7FFFFFFFFFFCAFFF0004CD161B1842B7C9406DB397
105F2628C3BC8316F210260F18C3C2B0AB3203FFFFFFFFFFFCAFFF0004CE161B1842B7C9406DA3AF
105EF428C3698316F410260C18C3C1B0CB3203FFFFFFFFFFFCBFFF0004D1161B1842B7C9406DC3C7
105F0D28C3948316F91025AF18C37BB0DB3303FFFFFFFFFFFCCFFF0004C8161B1842B7C9406DB3DF
105C1328BF458316FE1024A918C297B0DB3303FFFFFFFFFFFCBFFF0004C5161B1742B7C9406DA3F7
105CBE28C0608316FA10238918C1C6B0DB3403FFFFFFFFFFFCBFFF0004C6161B1742B7C8406DA30F
105F8728C4408316F31025FE18C3B4B0CB3403FFFFFFFFFFFCCFFF0004CF161B1742B7C8406DA327
105FCF28C4AA8316F310264C18C3F2B0DB3303FFFFFFFFFFFCCFFF0004C3161B1742B7C8406DB33F
105F9228C4528316F910263B18C3E6B0DB3303FFFFFFFFFFFCBFFF0004CB161B1742B7C8406DA357
105ECB28C3318317001025C018C387B0DB34260FFFFFFFFFFCAFFF0004CE161B1742B7C8406DA36F
105D5028C11483170110249D18C29AB0DB3303FFFFFFFFFFFCAFFF0004C5161B1642B7C7406DB387
105DA528C1A08316FB10248618C292B0CB3303FFFFFFFFFFFCAFFF0004C9161B1642B7C7406DB39F
105E6628C29C8316F410258418C353B0CB3403FFFFFFFFFFFCAFFF0004CA161B1642B7C7406DA3B7
105D8028C14E8316F510250D18C2ECB0CB349FCFFFFFFFFFFCAFFF0004C5161B1642B7C7406DA3CF
105CF228C0998316F610243318C243B0CB3403DFFFFFFFFFFCBFFF0004C2161B1642B7C7406DA3E7
105ED828C34D8316EE10259A18C369B0DB3503FFFFFFFFFFFCBFFF0004C4161B1642B7C7406DB3FF
105EB228C2FF8316F710259E18C361B0DB3503FFFFFFFFFFFCAFFF0004C3161B1542B7C6406DB317
105C9428C00A8317071023C118C1EBB0CB3503FFFFFFFFFFFCAFFF0004C5161B1542B7C6406DB32F
105CE628C08B8317021023BF18C1F4B0DB351DDFFFFFFFFFFCBFFF0004C4161B1542B7C6406DA347
105E9728C2F78316F410251A18C307B0FB35184FFFFFFFFFFCAFFF0004AF161B1542B7C6406DA35F
105F5228C3EA8316F41025EE18C3A6B0DB3403FFFFFFFFFFFCAFFF0004BA161B1542B7C6406DA377
105ECC28C33D8316F710259818C364B0CB3303FFFFFFFFFFFCBFFF0004B8161B1542B7C5406DB38F
105FAE28C47C8316F210263818C3E1B0CB3303FFFFFFFFFFFCBFFF0004AD161B1442B7C5406DB3A7
105F6C28C4158316F810262A18C3D3B0BB3403FFFFFFFFFFFCBFFF0004A9161B1442B7C5406DB3BF
105EC228C32983170710257618C347B0CB3403FFFFFFFFFFFCBFFF0004AA161B1442B7C5406DA3D7
105E7528C2B283170910256E18C34CB0CB3503FFFFFFFFFFFCBFFF00049B161B1442B7C5406DA3EF
105F4628C3EA8316F810262918C3D8B0EB3403FFFFFFFFFFFC9FFF00049F161B1442B7C5406DB307
105FDE28C4C28316F110265B18C3FEB0EB3303FFFFFFFFFFFC9FFF000496161B1442B7C4406DB31F
105FDF28C4C08316F610267618C413B0CB3219CFFFFFFFFFFC9FFF00048C161B1342B7C4406DB337
10600028C4EE8316F81026AB18C43DB0EB3303EFFFFFFFFFFCAFFF00049F161B1342B7C4406DB34F
10600228C4F68316FB1026AF18C441B0EB3403FFFFFFFFFFFCBFFF00049A161B1342B7C4406DC367
105FD128C4B58316F910269618C42CB0CB3403FFFFFFFFFFFCBFFF0004B3161B1342B7C4406DB37F
10600128C4F18316EF1026AE18C440B0CB35720FFFFFFFFFFCAFFF0004B7161B1342B7C3406DB397
10600E28C50D8316DF1026AC18C43CB0CB3412EFFFFFFFFFFCAFFF0004B2161B1342B7C3406DB3AF
10608728C5B98316CA10272218C49AB0CB3403FFFFFFFFFFFC9FFF0004B4161B1342B7C3406DB3C7
10615428C6DE8316B31027B618C50FB0CB3403FFFFFFFFFFFC9FFF0004B7161B1242B7C3406DB3DF
10618D28C72A8316B11027DE18C530B0BB3403FFFFFFFFFFFCAFFF0004B3161B1242B7C3406DB3F7
10616928C6F78316AE10281518C55CB0AB3405CFFFFFFFFFFCAFFF0004A8161B1242B7C2406DB30F
10622128C80C8316931028B718C5DEB0BB330B3FFFFFFFFFFCBFFF0004AE161B1242B7C2406DB327
10626128C8608316861028BE18C5E5B0CB3303FFFFFFFFFFFCAFFF0004AF161B1242B7C2406DC33F
10627328C88183168210290B18C622B0BB3403FFFFFFFFFFFCAFFF0004B3161B1242B7C2406DC357
10635628C9E283165E1029CE18C6C8B0BB3403FFFFFFFFFFFCAFFF0004AD161B1142B7C2406DB36F
10659528CD2D831639102B6118C813B0AB3303FFFFFFFFFFFCAFFF0004B7161B1142B7C1406DB387
10662728CDEF83163B102BE218C870B0AB3303FFFFFFFFFFFCAFFF0004B3161B1142B7C1406DC39F
1065D728CD78831637102CC018C921B08B3203FFFFFFFFFFFCBFFF0004BD161B1142B7C1406DB3B7
10668928CE8A831619102D1718C96AB08B3103FFFFFFFFFFFCBFFF0004BB161B1142B7C1406DB3CF
10677C28CFDF831601102DCC18C9FAB08B3003FFFFFFFFFFFCBFFF0004B3161B1042B7C1406DB3E7
10677128CFC78315F8102E1618CA33B0AB2F03FFFFFFFFFFFCAFFF0004BB161B1042B7C0406DC3FF
1067BA28D03E8315E2102E3B18CA53B08B2F03FFFFFFFFFFFCAFFF0004AF161B1042B7C0406DB317
10689628D1818315CC102F1218CB05B08B3003FFFFFFFFFFFC9FFF0004BD161B1042B7C0406DC32F
1069A428D30E8315B810302E18CBE7B07B2F03FFFFFFFFFFFC9FFF0004B9161B1042B7C0406DC347
106A7128D4308315A31030DD18CC71B09B2E03FFFFFFFFFFFCCFFF0004AF161B1042B7BF406DC35F
106AE428D4E283159410315B18CCD7B05B2E03FFFFFFFFFFFCBFFF0004B4161B0F42B7BF406DC377
106BB828D61283157710322F18CD85B04B2E03FFFFFFFFFFFC9FFF0004B0161B0F42B7BF406DB38F
106C2128D6B283155710327618CDC1B05B2D03FFFFFFFFFFFC9FFF0004A0161B0F42B7BF406DC3A7
106C6128D70F83154A1032C318CDFEB05B2C03FFFFFFFFFFFC9FFF00049C161B0F42B7BF406DC3BF
106C7628D73183153D1032E318CE18B06B2C03FFFFFFFFFFFCAFFF000494161B0F42B7BE406DC3D7
106CDD28D7CE83151F10332D18CE57B06B2B03FFFFFFFFFFFCBFFF00048F161B0F42B7BE406DC3EF
106D2528D8358314FD10339118CEA7B04B2B03FFFFFFFFFFFCBFFF000480161B0E42B7BE406DC307
106D5F28D8918314DD1033C818CED6B02B2C03FFFFFFFFFFFCAFFF000494161B0E42B7BE406DB31F
106D6E28D8A08314B51033D818CEE1B03B2D03FFFFFFFFFFFC9FFF00048F161B0E42B7BE406DC337
106D7A28D8B38314951033E318CEEBB05B2D03FFFFFFFFFFFCAFFF000494161B0E42B7BD406DC34F
106D8728D8C48314801033EB18CEEFB03B2D03FFFFFFFFFFFCBFFF00048C161B0E42B7BD406DC367
106D9D28D8E483146B10341618CF14B03B2D03FFFFFFFFFFFCBFFF00046F161B0E42B7BD406DC37F
106DE228D94C83144A10345118CF47B03B2C03FFFFFFFFFFFCBFFF000449161B0E42B7BD406DC397
106E4228D9E583141D1034AB18CF90B03B2C8F7FFFFFFFFFFCAFFF00040A161B0D42B7BD406DC3AF
106EB628DA828313EC10351718CFE4B03B2B176FFFFFFFFFFCAFFF0003B8161B0D42B7BC406DC3C7
106F1628DB108313B410357918D02FB03B2A03FFFFFFFFFFFCAFFF000367161B0D42B7BC406DC3DF
106FAF28DBE483138C10362018D0B2B04B2B03FFFFFFFFFFFCAFFF000322161B0D42B7BC406DC3F7
10706928DCF683136F1036B418D12CB05B2B042FFFFFFFFFFCAFFF0002E7161B0D42B7BC406DC30F
10713528DE0C83134E10378718D1CDB05B2B03FFFFFFFFFFFCAFFF0002BD161B0D42B7BC406DC327
1071A228DEAF83131C1037FC18D22DB03B2B03FFFFFFFFFFFCBFFF0002BD161B0C42B7BB406DC33F
10721A28DF638312DB10386318D27CB02B2B03FFFFFFFFFFFCAFFF0002CA161B0C42B7BB406DC357
10732628E0DD8312A510396818D349B02B2B411FFFFFFFFFFCAFFF0002EA161B0C42B7BB406DC36F
1073CB28E1C5831285103A2118D3DAB02B2B30BFFFFFFFFFFCAFFF00031D161B0C42B7BB406DC387
10742428E240831263103A7818D41EB01B2903FFFFFFFFFFFCAFFF000350161B0C42B7BB406DC39F
1074E928E36F831232103B2918D4B4B00B2903FFFFFFFFFFFCBFFF000384161B0C42B7BA406DC3B7
1076EB28E6658311F1103D1218D645AFFB2903FFFFFFFFFFFCAFFF000396161B0B42B7BA406DC3CF
10789228E8AB8311C3103EE518D7A8AFEB2803FFFFFFFFFFFCAFFF00038C161B0B42B7BA406DC3E7
10794B28E9BA83119B103F9218D836AFAB2503FFFFFFFFFFFCAFFF000381161B0B42B7BA406DC3FF
1079D028EA8883116810401318D8A2AF7B2003FFFFFFFFFFFCBFFF000357161B0B42B7BA406DC317
107A1D28EAFA83113710405218D8D1AF5B1E03FFFFFFFFFFFCAFFF000324161B0B42B7B9406DC32F
107A6828EB638311121040B218D920AF4B1C03FFFFFFFFFFFCAFFF0002EC161B0B42B7B9406DC347
107A8F28EB9F8310DD1040CB18D937AF3B1A42FFFFFFFFFFFCAFFF0002AC161B0B42B7B9406DC35F
107B0228EC4E83109710413218D989AF2B1903EFFFFFFFFFFCAFFF000280161B0A42B7B9406DC377
107B5B28ECC983106B10418E18D9D2AF1B1903FFFFFFFFFFFCBFFF000259161B0A42B7B9406DC38F
107BB728ED4683104B1041E518DA17AF1B1803FFFFFFFFFFFCBFFF00023E161B0A42B7B8406DC3A7
107C5328EE3783101910428F18DAA3AF2B1803FFFFFFFFFFFCBFFF00023E161B0A42B7B8406DC3BF
107D6428EFC8830FDC10439D18DB7BAF1B1862AFFFFFFFFFFCAFFF00023C161B0A42B7B8406DC3D7
107E4F28F10D830FAF10449D18DC40AF1B18314FFFFFFFFFFCAFFF00023A161B0A42B7B8406DC3EF
107FE228F364830F7D10461C18DD78AF2B1969BFFFFFFFFFFCBFFF000230161B0942B7B8406DC307
10813028F52C830F3E10475818DE6BAF2B1967EFFFFFFFFFFCBFFF000235161B0942B7B7406DC31F
1081B328F5DA830F161047D918DEC8AF0B1803FFFFFFFFFFFCBFFF000237161B0942B7B7406DC337
10826E28F6EB830EF910487F18DF4CAEEB1803FFFFFFFFFFFCAFFF00024A161B0942B7B7406DC34F
10838A28F88D830EBF1049AF18E043AEDB1603FFFFFFFFFFFCBFFF000278161B0942B7B7406DD367
1084B428FA2E830E7D104AD018E124AEAB14086FFFFFFFFFFCBFFF0002B9161B0942B7B7406DC37F
10863628FC69830E45104C6018E262AEBB137D8FFFFFFFFFFC9FFF000304161B0942B7B6406DC397
1088CB290014830E17104EF918E46BAEAB1272EFFFFFFFFFFC9FFF00034B161B0842B7B6406DC3AF
108B1829035B830DEC10513D18E636AE9B1203FFFFFFFFFFFC9FFF000375161B0842B7B6406DD3C7
108C4F290512830DB810525218E719AE7B1203FFFFFFFFFFFCAFFF00038D161B0842B7B6406DC3DF
108CBB2905B9830D7E1052B718E769AE5B1003FFFFFFFFFFFC9FFF00036A161B0842B7B6406DC3F7
108D1E290646830D4210532F18E7C9AE3B0E0E5FFFFFFFFFFCBFFF000330161B0842B7B6406DC30F
108E232907D3830D0310542218E892AE2B0D89FFFFFFFFFFFC9FFF0002E7161B0842B7B5406DC327
108F7C2909BC830CBF10558B18E9AEAE2B0B793FFFFFFFFFFCAFFF000298161B0842B7B5406DC33F
1090BC290B88830C7710569D18EA8AAE2B0903FFFFFFFFFFFCBFFF000277161B0742B7B5406DC357
109186290CA6830C2D10577518EB33AE0B09053FFFFFFFFFFCAFFF000258161B0742B7B5406DD36F
109242290DC9830BED10583818EBD4ADFB099CFFFFFFFFFFFC9FFF000246161B0742B7B5406DC387
1099032917DF830BB1105F3D18F17DADEB0842CFFFFFFFFFFC9FFF00023D161B0742B7B4406DC39F
10A11B292301830B731066FF18F781ADDB0703FFFFFFFFFFFCAFFF000239161B0742B7B4406DD3B7
10A2532924CC830B1D10680418F859ADCB0703FFFFFFFFFFFCAFFF000229161B0742B7B4406DD3CF
10A2B429255B830AC910686F18F8AEADBB0603FFFFFFFFFFFCAFFF00023A161B0742B7B4406DC3E7
10A355292657830A7D10691318F936ADBB06124FFFFFFFFFFCAFFF00023C161B0642B7B4406DD3FF
10A5122928DD830A2A106AC518FA8FADCB06BA4FFFFFFFFFFCCFFF000240161B0642B7B3406DC317
10A66E292AC18309D6106C2C18FBA9ADCB064C0FFFFFFFFFFCBFFF00024A161B0642B7B3406DD32F
10A6FE292B8C83098A106CA418FC09ADEB0603FFFFFFFFFFFCBFFF000250161B0642B7B3406DD347
10A7ED292D00830942106DAD18FCE3ADDB0716BFFFFFFFFFFCBFFF00026D161B0642B7B3406DD35F
10AAE029313E8308EC10708E18FF2AADDB09B46FFFFFFFFFFCAFFF000280161B0642B7B3406DC377
10ADFA29359583089C1073A419018EADFB0A18BFFFFFFFFFFCBFFF0002A0161B0542B7B3406DD38F
10B1B6293AF883084A10773F19046DAE2B0B03FFFFFFFFFFFCCFFF0002BA161B0542B7B2406DD3A7
10B87D2944998307DB107DF91909BEAE4B0B03FFFFFFFFFFFCBFFF0002D1161B0542B7B2406DD3BF
10BB982948B48307791080F0190BE2AE4B0A03FFFFFFFFFFFCAFFF0002FD161B0542B7B2406DD3D7
10BC562949CE8307381081BD190C8DAE5B0D122FFFFFFFFFFCAFFF00030C161B0542B7B2406DD3EF
10BD6A294B5E8306DC1082C4190D62AE7B109BBFFFFFFFFFFCBFFF000316161B0542B7B2406DD307
10BE81294CF78306761083D6190E3CAE9B0F163FFFFFFFFFFCCFFF000304161B0542B7B1406DD31F
10BF61294E318306341084B6190EE9AE8B1003FFFFFFFFFFFCBFFF0002F8161B0442B7B1406DD337
10C1B42951C08305E11087081910DDAE7B1103FFFFFFFFFFFC9FFF0002FD161B0442B7B1406DD34F
10C4922955B38305661089C01912EFAE7B1103FFFFFFFFFFFC9FFF000317161B0442B7B1406DC367
10C7B9295A3C830508108CE6191567AE7B10166FFFFFFFFFFC9FFF00035E161B0442B7B1406DD37F
10C948295C5E8304C6108E821916AEAE6B0FB75FFFFFFFFFFCAFFF0003BC161B0442B7B0406DD397
10CAD4295E9E83045D108FFE1917DDAE3B0D197FFFFFFFFFFC9FFF000419161B0442B7B0406DD3AF
10CC122960658303F21091401918DDAE1B0C03FFFFFFFFFFFCAFFF000463161B0442B7B0406DD3C7
10CE182963918303A0109387191AC5ADFB0B03FFFFFFFFFFFCAFFF000499161B0342B7B0406DD3DF
10D2C8296AC2830341109794191E27ADEB0A03FFFFFFFFFFFC9FFF0004BA161B0342B7B0406DD3F7
10E4292982868302D710A870192B0AADEB0803FFFFFFFFFFFC9FFF0004BB161B0342B7B0406DD30F
10E8292987F183027810ACF9192E68AD9B0403FFFFFFFFFFFCBFFF0004C8161B0342B7AF406DD327
10EA03298A9C83021D10AED0192FE3AD2B00683FFFFFFFFFFCAFFF0004C9161B0342B7AF406DD33F
10EAF3298BFE8301BB10AFB319307EACEAFD350FFFFFFFFFFCCFFF0004CE161B0342B7AF406DD357
10EDF529909983015110B2A4193318ACDAFB03FFFFFFFFFFFC9FFF0004D8161B0242B7AF406DD36F
10F1DD2995CE8300F210B6851935F9ACCAF903FFFFFFFFFFFC9FFF0004C7161B0242B7AF406DD387
10F2B92997098300A010B7651936ACACCAF803FFFFFFFFFFFCAFFF0004D6161B0242B7AE406DD39F
10F4F3299A5783003E10B996193876ACBAF703FFFFFFFFFFFCAFFF0004C4161B0242B7AE406DD3B7
10F84F299F3E82FFD310BCDF193B17ACDAF6728FFFFFFFFFFCAFFF0004CF161B0242B7AE406DD3CF
10FD6129A65882FF7510C1E6193EF8ACBAF639DFFFFFFFFFFCAFFF0004C3161B0242B7AE406DD3E7
10FFE129A9D282FF1D10C45F1940E5AC6AF46B8FFFFFFFFFFCAFFF0004C6161B0242B7AE406DD3FF
1102E429AE0682FEBC10C756194331AC2AF16ECFFFFFFFFFFC9FFF0004B8161B0142B7AD406DD317
1105C529B21882FE4A10CA1719455DABFAEB03FFFFFFFFFFFCAFFF0004BA161B0142B7AD406DD32F
1108DD29B65082FDED10CD421947B5ABFAE903FFFFFFFFFFFC8FFF0004AF161B0142B7AD406DD347
110D2729BC6282FDA410D18C194B0EABFAEA03FFFFFFFFFFFCAFFF0004AE161B0142B7AD406DD35F
11127229C3CF82FD4310D698194F03ABFAEC08EFFFFFFFFFFC9FFF0004AD161B0142B7AD406DD377
111B6E29D03882FCD310DF501955ADABCAE974CFFFFFFFFFFCBFFF0004B5161B0142B7AC406DE38F
111FCD29D5FA82FC7A10E41B19592FABAAE670DFFFFFFFFFFC7FFF0004AC161B0042B7AC406DD3A7
1120C429D75F82FC1810E4CB1959C4AB8AE503FFFFFFFFFFFC9FFF0004B2161B0042B7AC406DD3BF
1121E229D8F582FBB010E5E8195A9FAB8AE303FFFFFFFFFFFC8FFF0004B2161B0042B7AC406DD3D7
11239629DB6982FB5810E7A6195BFEAB5AE103FFFFFFFFFFFC8FFF0004B5161B0042B7AC406DD3EF
11274729E0B082FB0010EB4C195EE3AB6AE10A1FFFFFFFFFFC7FFF0004BB161B0042B7AB406DD307
112E5829EA9B82FA9210F229196437AB6AE283DFFFFFFFFFFC7FFF0004BF161B0042B7AB406DE31F
1132A129F05D82FA3610F67B196771AB3AE078AFFFFFFFFFFC7FFF0004B2161B0042B7AB406DD337
11346829F31082F9EB10F8431968F2AAFADC03FFFFFFFFFFFC8FFF0004C1161AFF42B7AB406DD34F
11383329F86682F97D10FBEE196BD2AAAAD803FFFFFFFFFFFC7FFF0004C0161AFF42B7AB406DD367
113EC62A015482F90511025119708DAA3AD303FFFFFFFFFFFC6FFF0004BB161AFF42B7AA406DE37F
1143A42A07B582F8B211073B19742CAA2ACF0F8FFFFFFFFFFC6FFF0004A8161AFF42B7AA406DD397
1144C72A096C82F85B110865197527AA2ACD8B1FFFFFFFFFFC7FFF0004B5161AFF42B7AA406DD3AF
11483A2A0EAD82F7F0110BBE1977E9AA0ACB77AFFFFFFFFFFC5FFF0004B5161AFF42B7AA406DD3C7
11543A2A1E9782F7961117E91980DDA9DACB03FFFFFFFFFFFC7FFF0004B5161AFE42B7AA406DD3DF
1159372A259882F740111CB81984A6A9BACA03FFFFFFFFFFFC7FFF0004B8161AFE42B7A9406DE3F7
1165452A360382F6D1112845198D5FA9DACA03FFFFFFFFFFFC5FFF0004BD161AFE42B7A9406DD30F
116C712A3F9882F66B112F871992BDA99AC904AFFFFFFFFFFC5FFF0004BF161AFE42B7A9406DE327
1170702A451182F6181133691995B0A90AC56A3FFFFFFFFFFC5FFF0004B2161AFE42B7A9406DE33F
11754E2A4BCB82F5BE11384E199971A88AC06A4FFFFFFFFFFC3FFF0004C1161AFE42B7A9406DD357
1178AF2A506F82F556113B89199BECA82AB803FFFFFFFFFFFC4FFF0004BF161AFE42B7A8406DE36F
117D6E2A56D582F4F3114053199F77A79AB103FFFFFFFFFFFC6FFF0004B4161AFD42B7A8406DE387
1182B72A5DB882F49D11458B19A338A72AAA03FFFFFFFFFFFC4FFF0004BB161AFD42B7A8406DD39F
1185DF2A61AB82F4411148A119A567A6FAA5092FFFFFFFFFFC3FFF0004BB161AFD42B7A8406DE3B7
1188A42A653E82F3DB114B5819A759A6FAA17EFFFFFFFFFFFC2FFF0004B5161AFD42B7A8406DE3CF
118EA22A6D7F82F37711510819AB9DA70A9E77CFFFFFFFFFFC2FFF0004BD161AFD42B7A7406DE3E7
11955E2A761B82F3131157E219B086A70A9F03FFFFFFFFFFFC2FFF0004BE161AFD42B7A7406DE3FF
1198E12A7ABA82F2B9115BA619B343A6DA9E03FFFFFFFFFFFC2FFF0004BE161AFC42B7A7406DE317
119B922A7E2882F25F115DF919B4F4A6BA9D03FFFFFFFFFFFC2FFF0004B6161AFC42B7A7406DE32F
11A13B2A85F782F1FF11639E19B92FA6AA9D0E6FFFFFFFFFFC0FFF0004BF161AFC42B7A7406DE347
11A7D92A8E8582F1A8116A4219BDFCA69A9C1B7FFFFFFFFFFC0FFF0004B9161AFC42B7A6406DE35F
11AC8B2A948D82F149116ED319C147A69A9B0CCFFFFFFFFFFC0FFF0004C0161AFC42B7A6406DE377
11AF622A986382F0DB11718E19C351A66A9881EFFFFFFFFFFBFFFF0004C0161AFC42B7A6406DE38F
11B1CE2A9B9F82F07C11740319C521A62A9415EFFFFFFFFFFBFFFF0004B9161AFB42B7A6406DE3A7
11B31F2A9D5982F02F11755219C617A60A91936FFFFFFFFFFC0FFF0004C2161AFB42B7A6406DE3BF
11B5062A9FED82EFD311771E19C771A5DA9041CFFFFFFFFFFC0FFF0004BA161AFB42B7A5406DE3D7
11B6152AA15A82EF6811783319C842A5BA9003FFFFFFFFFFFC2FFF0004C0161AFB42B7A5406DE3EF
11B7742AA33482EF1011798D19C943A5CA8D03FFFFFFFFFFFC1FFF0004BB161AFB42B7A5406DE307
11B9792AA5BA82EEBB117B9319CAA9A5BA8C03FFFFFFFFFFFC0FFF0004C4161AFB42B7A5406DE31F
11BCA52AA9F282EE4E117EAC19CCF8A59A8D03FFFFFFFFFFFBFFFF0004C4161AFB42B7A5406DE337
11C5AD2AB4CB82EDD911877719D2CAA58A8C03FFFFFFFFFFFBFFFF0004C0161AFA42B7A4406DE34F
11CAC92ABA8182ED8B118CB419D609A57A88667FFFFFFFFFFBDFFF0004B1161AFA42B7A4406DE367
11CC292ABC0C82ED45118E1219D6EEA56A8803DFFFFFFFFFFBBFFF0004C3161AFA42B7A4406DE37F
11CDF72ABDAF82ECCC118FCC19D7CEA57A8B03FFFFFFFFFFFB9FFF0004BC161AFA42B7A4406DE397
11D3AC2AC4B882EC5611954719DB85A5BA8D03FFFFFFFFFFFB7FFF0004C1161AFA42B7A4406DE3AF
11D4242AC32382EC021195D919DAC7A5FA8F03FFFFFFFFFFFB5FFF0004B8161AF942B7A3406DE3C7
11D4142AC1DD82EBAA1195C719DA0FA60A9103FFFFFFFFFFFB4FFF0004C1161AF942B7A3406DE3DF
11D8372AC68382EB3B1199E019DC98A65A9603FFFFFFFFFFFB7FFF0004B4161AF942B7A3406DE3F7
11DEBC2ACE0082EAE711A06C19E0BAA6BA9C03FFFFFFFFFFFB7FFF0004C2161AF942B7A3406DE30F
11E3F42AD3C082EA9511A58F19E3E7A6DA9F03FFFFFFFFFFFB7FFF0004C2161AF942B7A2406DE327
11E5D82AD5F682EA2411A75A19E515A69A9F124FFFFFFFFFFB3FFF0004B2161AF942B7A2406DF33F
11EABC2ADB8082E9B411AC3219E815A63A9C35AFFFFFFFFFFB4FFF0004C1161AF942B7A2406DE357
11F20E2AE39E82E95F11B38919EC99A61A9903FFFFFFFFFFFB2FFF0004B9161AF842B7A2406DF36F
11FBCB2AEF0F82E90911BD2619F2DEA5CA9503FFFFFFFFFFFB1FFF0004B7161AF842B7A2406DE387
1201952AF5B182E8A611C2C519F67DA50A8D03FFFFFFFFFFFB0FFF00049F161AF842B7A1406DE39F
1206B72AFBC182E84511C7D219F9CAA4BA8503FFFFFFFFFFFAEFFF000492161AF842B7A1406DE3B7
120B2C2B015082E7F011CC5019FCD9A48A7F03FFFFFFFFFFFAEFFF000491161AF842B7A1406DE3CF
1215B22B0D1D82E79711D6AF1A0359A46A7B03FFFFFFFFFFFB0FFF000483161AF842B7A1406DE3E7
121A2B2B11CD82E73111DB061A05E6A43A7903FFFFFFFFFFFAFFFF000481161AF842B7A1406DF3FF
121CD42B14BB82E6C611DDA31A077EA3BA7503FFFFFFFFFFFAAFFF000499161AF742B7A0406DF317
12200D2B182582E66511E0D71A095EA34A6B2FBFFFFFFFFFFAAFFF0004A7161AF742B7A0406DF32F
1223612B1BA082E61211E42B1A0B4BA2BA650CAFFFFFFFFFFA7FFF0004B5161AF742B7A0406DF347
122B112B23A182E5BC11EBCC1A0FB3A21A60100FFFFFFFFFFA7FFF0004B9161AF742B7A0406DF35F
1231892B2A6082E55511F2121A1361A18A57301FFFFFFFFFFA2FFF0004BD161AF742B7A0406DF377
1232562B2B3382E4FE11F2DA1A13CFA00A4460CFFFFFFFFFF9DFFF0004C1161AF742B79F406DF38F
12328E2B2B6B82E49D11F3121A13F19E8A3049BFFFFFFFFFF9BFFF0004B9161AF642B79F406DF3A7
12340B2B2D0C82E42911F4861A14D09DEA2203FFFFFFFFFFF9AFFF0004BF161AF642B79F406DF3BF
1237FC2B319D82E3CD11F8671A17419DCA1B03FFFFFFFFFFF99FFF0004BF161AF642B79F406DF3D7
123A832B34D482E38811FB0C1A192B9D8A17041FFFFFFFFFF99FFF0004BA161AF642B79F406DF3EF
1244272B42EE82E32512040C1A207B9CAA0E040FFFFFFFFFF9AFFF0004C1161AF642B79E406DF307
12539A2B57D482E2B71213921A2C269BDA0303FFFFFFFFFFF96FFF0004B3161AF642B79E406DF31F
125F362B66A182E258121F1F1A34609B59FA03FFFFFFFFFFF95FFF0004C2161AF642B79E406E0337
125EE92B647F82E205121EDA1A33469B29F723FFFFFFFFFFF97FFF0004C2161AF542B79E406DF34F
1263FC2B6A7082E1A51223F61A368C9AE9F55CAFFFFFFFFFF96FFF0004BD161AF542B79E406DF367
126E3E2B779282E13E122E0A1A3DB99979E503FFFFFFFFFFF94FFF0004C6161AF542B79D406DE37F
12704E2B78E282E0DB1230031A3E719869CE03FFFFFFFFFFF91FFF0004BB161AF542B79D406DF397
126F942B773F82E074122F5A1A3D9D97C9C403FFFFFFFFFFF8FFFF0004BF161AF542B79D406DF3AF
126E8F2B750582E01D122E4E1A3C5796C9BA03FFFFFFFFFFF8EFFF0004C1161AF542B79D406DF3C7
126E262B73B082DFD1122DEA1A3BA095F9B003FFFFFFFFFFF8EFFF0004C3161AF542B79D406DF3DF
126F0F2B743882DF74122EE31A3BF99589A503FFFFFFFFFFF8CFFF0004B9161AF442B79C406DF3F7
1273D12B7A4482DEFE12330B1A3EE495099B03FFFFFFFFFFF89FFF0004B8161AF442B79C406DF30F
1277982B7BD982DE931237541A402194799203FFFFFFFFFFF89FFF0004C1161AF442B79C406DF327
1280BB2B85EF82DE4312405F1A45A893F98C3E1FFFFFFFFFF87FFF0004C3161AF442B79C406DF33F
1285A62B8BF582DDE01245221A48F39279790F8FFFFFFFFFF81FFF0004C2161AF442B79C406DF357
1288B72B8E9D82DD7D1248241A4A6791796503FFFFFFFFFFF7EFFF0004C0161AF442B79B406E036F
1287F52B8BC882DD2A12475B1A48D490D95803FFFFFFFFFFF7EFFF0004C0161AF342B79B406E0387
12860B2B886982DCDB1245851A47018FC94D03FFFFFFFFFFF7AFFF0004BA161AF342B79B406E039F
1283A02B83A982DC6C1243221A446C8EA93D03FFFFFFFFFFF78FFF0004BF161AF342B79B406E03B7
1282932B810982DBFE1242131A42F18D892D03FFFFFFFFFFF76FFF0004C2161AF342B79B406E03CF
12822D2B7FC582DBA01241B21A42458C291D03FFFFFFFFFFF77FFF0004C1161AF342B79A406E03E7
1281872B7E4682DB481241061A41708A790503FFFFFFFFFFF76FFF0004B2161AF342B79A406E03FF
1280BA2B7C8282DB0112403E1A40738928F203FFFFFFFFFFF71FFF0004C6161AF342B79A406E0317
1282A42B7E7682DAA91242471A419C87F8E1378FFFFFFFFFF6DFFF0004C6161AF342B79A406E032F
1286102B825782DA3312457D1A43A58698CC03FFFFFFFFFFF71FFF0004C0161AF242B79A406E0347
1286BD2B82EC82D9D412462E1A43FC84C8B003FFFFFFFFFFF70FFF0004BE161AF242B799406E035F
1286E62B830D82D98C12465E1A441083A89C03FFFFFFFFFFF6FFFF0004C1161AF242B799406E0377
1287C82B840882D92E1247341A449982E88EB2CFFFFFFFFFF70FFF0004C3161AF242B799406E038F
128ADF2B871382D8C9124A411A464182B88503BFFFFFFFFFF6FFFF0004C2161AF242B799406E03A7
128F0E2B8B8E82D872124E7D1A48C381A87903FFFFFFFFFFF6EFFF0004C1161AF242B799406E03BF
1294192B8FA182D80612535D1A4AF57FF86003FFFFFFFFFFF6EFFF0004B1161AF142B798406E03D7
12952F2B8F3F82D7A41254751A4AC57EC84C03FFFFFFFFFFF6CFFF0004BF161AF142B798406E03EF
12947E2B8BBD82D75A1253BC1A48CF7E083D0C7FFFFFFFFFF6BFFF0004C2161AF142B798406E0307
1293412B877982D70512528C1A467D7E183C0CBFFFFFFFFFF69FFF0004C4161AF142B798406E031F
12961E2B88ED82D6A51255641A47487F684A03FFFFFFFFFFF63FFF0004BA161AF142B798406E0337
129A8D2B8D4882D6411259C91A49B080C85C03FFFFFFFFFFF5AFFF0004BF161AF142B797406E034F
129EC22B921082D5DD125DF21A4C5280B8651FDFFFFFFFFFF55FFF0004BB161AF142B797406E0367
12A3322B97B782D58312629B1A4F9F80285F571FFFFFFFFFF59FFF0004C8161AF042B797406E037F
12AB4C2BA20C82D52D126A5F1A551E7F785403FFFFFFFFFFF67FFF0004B8161AF042B797406E0397
12AE2D2BA58482D4CA126D241A57007E284603FFFFFFFFFFF75FFF0004C3161AF042B797406E03AF
12AF112BA69B82D472126E041A57987D283A03FFFFFFFFFFF8AFFF0004C2161AF042B796406E03C7
12B0B22BA83082D424126FA81A58797CA83303FFFFFFFFFFF95FFF0004C4161AF042B796406E03DF
12B2F92BAA9A82D3CE1271E11A59CB7C982A03FFFFFFFFFFF9BFFF0004C1161AF042B796406E03F7
12B5802BADB582D3631274551A5B7B7C482310DFFFFFFFFFFA1FFF0004C7161AF042B796406E030F
12B9022BB19D82D2F31277CE1A5DA07BD81C111FFFFFFFFFFA5FFF0004C7161AEF42B796406E0327
12BC082BB4BF82D295127AD41A5F5D7B981703FFFFFFFFFFFA8FFF0004C2161AEF42B795406E033F
12BE262BB73082D247127CF21A60BB7AE80F03FFFFFFFFFFFAAFFF0004C7161AEF42B795406E0357
12BFE12BB8EF82D1F5127EA41A61AF7A58052B3FFFFFFFFFFACFFF0004C6161AEF42B795406E036F
12C1BB2BBA9082D1A31280791A628F79E7FE6D3FFFFFFFFFFADFFF0004C7161AEF42B795406E0387
12C4052BBCD282D1471282A31A63C87947FB03FFFFFFFFFFFAFFFF0004B9161AEF42B795406E039F
12C9322BC18D82D0D11287BB1A66607907F503FFFFFFFFFFFB1FFF0004C9161AEF42B794406E03B7
12CEF32BC61582D05A128D6A1A68D778D7EE03FFFFFFFFFFFB5FFF0004CB161AEE42B794406E03CF
12D2C02BC90C82D0091291631A6A937867EA03FFFFFFFFFFFB3FFF0004BE161AEE42B794406E03E7
12D7A52BCEB482CFC71296211A6DAC7857E91B5FFFFFFFFFFB4FFF0004CE161AEE42B794406E03FF
12D8622BCF6782CF741296C91A6E0377C7E303EFFFFFFFFFFB3FFF0004CB161AEE42B794406E0317
12D96E2BD07482CF191297F01A6EA67797DA03FFFFFFFFFFFB2FFF0004C1161AEE42B793406E032F
12DCA92BD36B82CEAF129B061A70397747D803FFFFFFFFFFFB2FFF0004C3161AEE42B793406E0347
12E0102BD4D282CE47129E581A71007727D6807FFFFFFFFFFB3FFF0004CD161AEE42B793406E035F
12E4092BD5F182CDEE12A24B1A719B76A7D21C3FFFFFFFFFFB4FFF0004CF161AED42B793406E0377
12E5582BD46082CD9F12A3971A70BF76A7CF03FFFFFFFFFFFB6FFF0004D1161AED42B792406E038F
12E5962BD2C182CD5612A3D41A6FD87647CE03FFFFFFFFFFFB5FFF0004D0161AED42B792406E03A7
12E67C2BD35982CD1112A4BD1A70357617CE03FFFFFFFFFFFB5FFF0004CA161AED42B792406E03BF
12E9DB2BD55182CCC212A81A1A714D7647CD06CFFFFFFFFFFB5FFF0004B8161AED42B792406E03D7
12F0302BDBAE82CC6612AE5A1A74CA7677C912EFFFFFFFFFFB5FFF0004CC161AED42B792406E03EF
12F7142BE22682CC0E12B52D1A785F7677C703FFFFFFFFFFFB6FFF0004C8161AED42B791406E0307
12FC702BE8CD82CBB612BA711A7C007647C604CFFFFFFFFFFB5FFF0004C9161AEC42B791406E131F
1301942BEEB782CB8212BF861A7F407647C6040FFFFFFFFFFB7FFF0004D1161AEC42B791406E0337
1301E62BEF2E82CB8212BFDC1A7F8A7677C9C0CFFFFFFFFFFB9FFF0004C7161AEC42B791406E134F
1304742BF22A82CB6312C2901A814A7677CE3E1FFFFFFFFFFB9FFF0004CA161AEC42B791406E0367
130AC42BF9CE82CB3B12C9351A85BA7627CF77EFFFFFFFFFFB8FFF0004C4161AEC42B791406E137F
1317702C0A0A82CAFC12D54E1A8E647617CE1B3FFFFFFFFFFB8FFF0004CA161AEC42B790406E1397
131CD82C106582CAAD12DA731A91C97647CB03FFFFFFFFFFFB9FFF0004CF161AEC42B790406E13AF
1320652C147C82CA5E12DDEB1A940476A7CD0D2FFFFFFFFFFB9FFF0004CF161AEB42B790406E03C7
13246F2C194D82CA2512E20F1A96BD76E7CD062FFFFFFFFFFB7FFF0004CF161AEB42B790406E03DF
1328192C1D6682C9EF12E58D1A98F276C7CD03FFFFFFFFFFFBAFFF0004CE161AEB42B78F406E03F7
1329F52C1F7182C9A312E7551A9A097697D003FFFFFFFFFFFBAFFF0004CB161AEB42B78F406E130F
132D542C239682C95212EA941A9C407627D0418FFFFFFFFFFBBFFF0004C2161AEB42B78F406E1327
1330582C274882C8FF12EDA71A9E527647CE391FFFFFFFFFFBAFFF0004C9161AEB42B78F406E133F
1334582C2C2982C89912F18D1AA1067637CF03FFFFFFFFFFFBAFFF0004C5161AEB42B78F406E0357
1335492C2CD482C83B12F2931AA16F7637CE03FFFFFFFFFFFBAFFF0004CB161AEA42B78E406E136F
1335CA2C2C6082C7F712F2FF1AA12D7647CE03FFFFFFFFFFFBAFFF0004CE161AEA42B78E406E1387
1335A12C2C1882C7A212F2DD1AA1097687CE03FFFFFFFFFFFBAFFF0004CC161AEA42B78E406E139F
13358C2C2BC782C74812F2C41AA0D776A7D203FFFFFFFFFFFBAFFF0004CA161AEA42B78E406E13B7
13358D2C2B8282C70912F2BB1AA0A47687D303FFFFFFFFFFFBBFFF0004C8161AEA42B78E406E13CF
1335D92C2B8A82C6B612F30E1AA0B37677CF03FFFFFFFFFFFBAFFF0004BF161AEA42B78E406E13E7
13374B2C2C1382C64812F4691AA0F67647CB03FFFFFFFFFFFB9FFF0004C8161AEA42B78D406E13FF
1338C32C2D4482C5F312F5CF1AA19475B7C9602FFFFFFFFFFBBFFF0004C4161AE942B78D406E1317
133A922C2F5982C5A912F7FF1AA2F275D7C703CFFFFFFFFFFBCFFF0004CC161AE942B78D406E132F
133FDC2C355B82C55012FCF71AA60B75F7C60E3FFFFFFFFFFBCFFF0004C9161AE942B78D406E1347
1346FD2C3B6B82C4F51303DF1AA9617627C5070FFFFFFFFFFBBFFF0004C6161AE942B78C406E135F
134CB82C41E182C4A613094A1AACB27637C414CFFFFFFFFFFBBFFF0004C6161AE942B78C406E1377
1353CB2C49FC82C45B1310981AB1617657C503FFFFFFFFFFFBCFFF0004C0161AE942B78C406E138F
1357072C4DA682C4031313C71AB36B7647C59C6FFFFFFFFFFBDFFF0004C7161AE942B78C406E13A7
135A562C525E82C3A01317281AB6097647C341EFFFFFFFFFFBDFFF0004C8161AE842B78C406E13BF
1368902C659A82C3451324681AC0307647C8A54FFFFFFFFFFBDFFF0004C7161AE842B78B406E13D7
1371CD2C721182C2FA132D6C1AC6DE7647C4153FFFFFFFFFFBEFFF0004C5161AE842B78B406E13EF
1373E92C748482C2AA13305D1AC8F97627C842EFFFFFFFFFFBFFFF0004C4161AE842B78B406E1307
1375452C767982C24E1331D11ACA137647CE03FFFFFFFFFFFC0FFF0004C4161AE842B78B406E131F
1376322C780182C1FB13326E1ACA9C7697CE03FFFFFFFFFFFBFFFF0004C3161AE842B78B406E1337
1377AE2C7A1582C1A21334F41ACC8D76C7CE03FFFFFFFFFFFC0FFF0004C2161AE842B78B406E134F
137B2E2C7E8A82C13B1337081ACE0B7677D103FFFFFFFFFFFC1FFF0004C1161AE742B78A406E1367
137B752C7EEE82C0E51337C21ACE977637D203FFFFFFFFFFFC1FFF0004C0161AE742B78A406E137F
137B7E2C7EF982C08D1337CF1ACEA47657D803FFFFFFFFFFFC2FFF0004BF161AE742B78A406E1397
137B642C7EE582C02B1337B41ACE987637D703FFFFFFFFFFFC2FFF0004BE161AE742B78A406E13AF
137B5F2C7EE582BFC11337B21ACE967627D303FFFFFFFFFFFC2FFF0004BE161AE742B78A406E13C7
137B602C7EE082BF511337AF1ACE917657D13E2FFFFFFFFFFC2FFF0004B0161AE742B789406E13DF
137B5D2C7EDA82BEE21337B11ACE8F7687CE113FFFFFFFFFFC2FFF0004C1161AE742B789406E13F7
137B622C7EDC82BE771337B31ACE8F7677D1183FFFFFFFFFFC2FFF0004C1161AE642B789406E130F
137B572C7ECF82BE101337AE1ACE8A7697D44B4FFFFFFFFFFC2FFF0004C1161AE642B789406E1327
137B502C7EBA82BDAD1337A41ACE8076D7D503FFFFFFFFFFFC3FFF0004C1161AE642B789406E133F
137B492C7EAE82BD5113379E1ACE7B76A7D203FFFFFFFFFFFC2FFF0004C1161AE642B788406E2357
137B452C7EA882BCEA13379B1ACE777637D103FFFFFFFFFFFC2FFF0004B2161AE642B788406E136F
137B5A2C7EB282BC721337AD1ACE7B76A7D103FFFFFFFFFFFC3FFF0004C0161AE642B788406E1387
137B522C7EA782BC001337AA1ACE757707D003FFFFFFFFFFFC3FFF0004B7161AE642B788406E139F
137B452C7E9082BB9F13379F1ACE6976B7D403FFFFFFFFFFFC3FFF0004BE161AE542B788406E13B7
137B3E2C7E8082BB3D1337941ACE647697D03AEFFFFFFFFFFC4FFF0004BD161AE542B787406E13CF
137B3A2C7E7882BACB1337961ACE5F7697CF03FFFFFFFFFFFC3FFF0004B5161AE542B787406E13E7
137B2B2C7E6182BA621337821ACE507667D203FFFFFFFFFFFC3FFF0004BA161AE542B787406E13FF
137B232C7E5382BA041337861ACE4E7677D503FFFFFFFFFFFC3FFF0004B1161AE542B787406E2317
137B312C7E5982B99913378D1ACE507687D1B0CFFFFFFFFFFC2FFF0004B3161AE542B787406E132F
137B3F2C7E6282B9221337991ACE4F7617CB03AFFFFFFFFFFC2FFF0004BB161AE542B787406E2347
137B3A2C7E5382B8BA1337991ACE4A7667CB03FFFFFFFFFFFC2FFF0004BC161AE442B786406E135F
137B392C7E5082B8801337981ACE487647CD1BBFFFFFFFFFFC2FFF0004BD161AE442B786406E1377
137B382C7E4682B8381337921ACE437627CD546FFFFFFFFFFC4FFF0004B6161AE442B786406E238F
137B622C7E8182B7FA1337B61ACE5E7677CC03FFFFFFFFFFFC3FFF0004BC161AE442B786406E13A7
137B5E2C7E6F82B7CB1337B11ACE567657CB03FFFFFFFFFFFC3FFF0004BC161AE442B786406E13BF
137B592C7E6A82B7821337A71ACE4C75F7D003FFFFFFFFFFFC3FFF0004B4161AE442B785406E23D7
137B522C7E6182B7381337B81ACE5875D7D303FFFFFFFFFFFC2FFF0004BB161AE442B785406E23EF
137B6A2C7E7C82B7111337CD1ACE6375F7CF088FFFFFFFFFFC3FFF0004B5161AE342B785406E2307
137C082C7F3382B6D91337D51ACE657607CD1C7FFFFFFFFFFC4FFF0004B8161AE342B785406E131F
137E902C81B082B681133A101ACFB87647CC03FFFFFFFFFFFC4FFF0004BC161AE342B785406E2337
137C962C7FA982B6421338E41ACEFE7647CB03FFFFFFFFFFFC5FFF0004BC161AE342B784406E234F
137C822C7F9E82B65E1338B31ACEDF7647CB03FFFFFFFFFFFC5FFF0004BE161AE342B784406E2367
137C7F2C7F9982B66713389C1ACED47637CC62FFFFFFFFFFFC5FFF0004BF161AE342B784406E237F
137CA02C7FB982B65B1338911ACECA7657D003FFFFFFFFFFFC5FFF0004BC161AE342B784406E2397
137C772C7F9082B66213389C1ACED675D7CF03FFFFFFFFFFFC4FFF0004BA161AE242B784406E23AF
137C702C7F8382B6621338D11ACF0075C7D003FFFFFFFFFFFC4FFF0004B5161AE242B783406E23C7
137C8A2C7FA382B6511338D51ACEFC7627CF18DFFFFFFFFFFC4FFF0004BD161AE242B783406E23DF
137C962C7FBE82B6501338E21ACF047627CB4E8FFFFFFFFFFC5FFF0004B5161AE242B783406E13F7
137D262C805882B6611339221ACF327647CC041FFFFFFFFFFC5FFF0004BB161AE242B783406E330F
137D342C805F82B6681339EC1ACFAB7687CC04EFFFFFFFFFFC5FFF0004B9161AE242B783406E3327
137DCE2C810982B661133AC71AD02E76A7CD03FFFFFFFFFFFC5FFF0004B9161AE242B782406E233F
137D7E2C80B382B65D133A371ACFD87647CC1DAFFFFFFFFFFC5FFF0004BA161AE142B782406E2357
137D4E2C808882B66B133A101ACFC37647CB59FFFFFFFFFFFC5FFF0004BA161AE142B782406E236F
137DDA2C811A82B65F133A041ACFB47607CC5EBFFFFFFFFFFC4FFF0004B8161AE142B782406E3387
137D1B2C804A82B6431339BC1ACF8C7637CF03FFFFFFFFFFFC4FFF0004B6161AE142B782406E239F
137EA62C820E82B65E133AA51AD01675E7CF03FFFFFFFFFFFC4FFF0004AB161AE142B781406E23B7
13807B2C83E082B66F133A721AD00375B7D1CA9FFFFFFFFFFC4FFF0004AF161AE142B781406E33CF
137DC22C810282B658133AA71AD0157657D0FBDFFFFFFFFFFC5FFF0004A4161AE042B781406E33E7
137EC42C822482B65E133B011AD0557657CAB8CFFFFFFFFFFC3FFF0004A9161AE042B781406E33FF
137E502C819582B66B133B131AD0637677C8085FFFFFFFFFFC4FFF0004A8161AE042B781406E3317
137E452C818E82B655133A1D1ACFC776D7CD1C7FFFFFFFFFFC4FFF0004A1161AE042B780406E332F
137D6E2C80C182B64F13393B1ACF4E76C7CA03FFFFFFFFFFFC4FFF0004A3161AE042B780406E3347
137F472C82AD82B66A133B651AD0977657CB03FFFFFFFFFFFC5FFF0004AD161AE042B780406E335F
137EDB2C821482B665133C131AD0EC75E7CE03FFFFFFFFFFFC5FFF0004AC161AE042B780406E3377
137C622C7F8182B6481338C91ACEFB75A7CC7CEFFFFFFFFFFC5FFF0004AB161ADF42B780406E338F
137D8F2C80E782B65C13395D1ACF587597CB358FFFFFFFFFFC4FFF0004B3161ADF42B77F406E33A7
137E462C818D82B67A133AC21AD0347617CE876FFFFFFFFFFC4FFF0004B4161ADF42B77F406E33BF
137D722C80A082B65A1339F71ACFAD7627CE66BFFFFFFFFFFC5FFF0004B5161ADF42B77F406E33D7
137C9E2C7FDD82B6481339071ACF2D75E7CD55BFFFFFFFFFFC4FFF0004B8161ADF42B77F406E33EF
137CD72C801A82B667133C3F1AD10E7607D0048FFFFFFFFFFC5FFF0004BC161ADF42B77F406E3307
137E8B2C820C82B66D133CEC1AD17B75E7D2041FFFFFFFFFFC6FFF0004BD161ADF42B77F406E331F
137E0B2C817582B653133CA51AD14C75F7D01A1FFFFFFFFFFC5FFF0004BA161ADE42B77E406E3337
137FB02C832082B658133D161AD1977657CE533FFFFFFFFFFC5FFF0004B5161ADE42B77E406E334F
137F782C82DB82B66C133BA41AD0B77637CD3C7FFFFFFFFFFC4FFF0004BA161ADE42B77E406E3367
137EEF2C825C82B65D133B931AD0A67637CB38CFFFFFFFFFFC3FFF0004BA161ADE42B77E406E337F
137F612C82ED82B658133B9C1AD0AA75D7C803FFFFFFFFFFFC4FFF0004BB161ADE42B77E406E3397
137CA62C7FB082B66D1337F11ACE917627C903FFFFFFFFFFFC5FFF0004BB161ADE42B77D406E33AF
137BDE2C7F0882B66513386A1ACECB75D7CE03FFFFFFFFFFFC5FFF0004AC161ADE42B77D406E33C7
137C9F2C7FDA82B6561338F81ACF1F7597D3055FFFFFFFFFFC3FFF0004B5161ADD42B77D406E33DF
137D472C808E82B65813385B1ACEBC75F7CFF9BFFFFFFFFFFC3FFF0004B0161ADD42B77D406E33F7
137CAE2C7FEC82B66213388D1ACEDC7667CFFBFFFFFFFFFFFC3FFF0004B5161ADD42B77D406E330F
137C1E2C7F5082B66D1338171ACEAA7647D0FC1FFFFFFFFFFC4FFF0004AB161ADD42B77C406E3327
137C212C7F4E82B6631337FE1ACE957637CEFBCFFFFFFFFFFC5FFF0004AF161ADD42B77C406E333F
137BF32C7F1782B65913380A1ACE917667CCFBCFFFFFFFFFFC3FFF0004AC161ADD42B77C406E3357
137C112C7F3D82B65413382C1ACEA175F7D0FBDFFFFFFFFFFC3FFF0004AB161ADC42B77C406E436F
137C0A2C7F3482B6601339491ACF5975D7CFFBBFFFFFFFFFFC3FFF0004A2161ADC42B77C406E4387
137C5E2C7F9382B66C133A5D1AD00275B7CFFB0FFFFFFFFFFC5FFF0004A8161ADC42B77B406E439F
137C552C7F9682B65E1339DD1ACFBE7657CDFAAFFFFFFFFFFC4FFF00049E161ADC42B77B406E43B7
137CDC2C804082B65D133A751AD0167657CB876FFFFFFFFFFC4FFF0004A1161ADC42B77B406E43CF
137DF42C814E82B6661339941ACF877637CC03FFFFFFFFFFFC4FFF00049B161ADC42B77B406E33E7
137D562C809582B65F13399C1ACF8B75E7CC03FFFFFFFFFFFC4FFF00049A161ADC42B77B406E43FF
137C762C7F8F82B64D1339D41ACFAB75F7C93B2FFFFFFFFFFC4FFF000491161ADB42B77A406E4317
137D2C2C807E82B659133A2F1ACFE875F7C8FB2FFFFFFFFFFC4FFF00049D161ADB42B77A406E432F
137D5F2C80B182B66E1339EA1ACFB87607CA56DFFFFFFFFFFC5FFF00049E161ADB42B77A406E3347
137D6B2C80C882B6681339F81ACFB77627C903FFFFFFFFFFFC4FFF0004A1161ADB42B77A406E335F
137D762C80D382B65D1339911ACF9B75D7CA03FFFFFFFFFFFC4FFF00049C161ADB42B77A406E4377
137DCF2C812B82B6541338BC1ACF287617CC1B1FFFFFFFFFFC4FFF0004A6161ADB42B77A406E438F
137D2F2C807A82B6611339E01ACFB075F7CC574FFFFFFFFFFC3FFF0004A5161ADB42B779406E33A7
137D632C80B982B66C133A541ACFF67617CE03FFFFFFFFFFFC4FFF0004AC161ADA42B779406E43BF
137D732C80C582B65A1339821ACF7D7637CB03FFFFFFFFFFFC5FFF0004B0161ADA42B779406E43D7
137D222C807682B6541338D21ACF1A7667CD03FFFFFFFFFFFC5FFF0004A8161ADA42B779406E43EF
137D052C804D82B6621338AD1ACF0175E7CF37AFFFFFFFFFFC4FFF0004AF161ADA42B779406E4307
137D0A2C805F82B66A1338E91ACF257627CD03FFFFFFFFFFFC4FFF0004AE161ADA42B779406E431F
137D0D2C805282B65A1339231ACF407607CC03FFFFFFFFFFFC4FFF0004AE161ADA42B778406E4337
137C822C7FCF82B6561339C81ACF9E75D7CE03FFFFFFFFFFFC4FFF0004AD161ADA42B778406E434F
137EAA2C823D82B678133AE21AD05675D7C98D9FFFFFFFFFFC4FFF0004AB161AD942B778406E4367
137D982C80EB82B660133A0E1ACFCC75F7C803AFFFFFFFFFFC4FFF0004A3161AD942B778406E437F
137BD62C7F0482B63D1338031ACE917607CA03FFFFFFFFFFFC4FFF0004A2161AD942B778406E4397
137C532C7F9582B66013388A1ACEE175D7CC03FFFFFFFFFFFC5FFF00049B161AD942B777406E43AF
137DE72C812182B6771339231ACF3D7637CA03FFFFFFFFFFFC4FFF0004A9161AD942B777406E43C7
137BE42C7F0B82B66013382E1ACEAA75F7CE0A9FFFFFFFFFFC4FFF0004A8161AD942B777406E43DF
137BBA2C7EE882B65B13381F1ACE9E75F7CE288FFFFFFFFFFC3FFF0004A7161AD842B777406E43F7
137BC22C7EF082B6641338141ACE9975F7CF648FFFFFFFFFFC2FFF0004A8161AD842B777406E530F
137BE82C7F1282B65F1338091ACE9175E7D003FFFFFFFFFFFC3FFF0004AA161AD842B777406E4327
137C792C7F8A82B6561337F71ACE8475F7CD1D7FFFFFFFFFFC3FFF0004AA161AD842B776406E433F
137BDD2C7F1E82B6621338071ACE907657C9DBFFFFFFFFFFFC4FFF0004A7161AD842B776406E4357
137BE92C7F1582B66913380C1ACE9475E7CA261FFFFFFFFFFC4FFF00049D161AD842B776406E536F
137BF52C7F2982B66213380E1ACE937557C903FFFFFFFFFFFC4FFF00049C161AD842B776406E4387
137BE62C7F0E82B6521338711ACECC75E7CA03FFFFFFFFFFFC4FFF00048E161AD742B776406E539F
137C292C7F6082B66113386F1ACECD75D7D203FFFFFFFFFFFC3FFF000492161AD742B775406E43B7
137C0A2C7F3C82B6711339881ACF7575F7D004BFFFFFFFFFFC4FFF000489161AD742B775406E43CF
137C0E2C7F4082B6571338E91ACF1C7667C803FFFFFFFFFFFC5FFF000489161AD742B775406E53E7
137C3B2C7F6F82B65413389E1ACEF075F7C403FFFFFFFFFFFC5FFF000498161AD742B775406E53FF
137CD42C803B82B66D133AB21AD02F75B7C703FFFFFFFFFFFC4FFF000498161AD742B775406E5317
137D4D2C809882B668133AA91AD03775A7C703FFFFFFFFFFFC4FFF0004A5161AD742B775406E532F
137BBD2C7EE882B6471338C71ACF0175D7CA03FFFFFFFFFFFC5FFF0004A3161AD642B774406E5347
137E502C81E282B65E133AEA1AD05675B7C9211FFFFFFFFFFC4FFF0004AA161AD642B774406E535F
13818C2C855382B674133BEA1AD0FD75D7CB670FFFFFFFFFFC4FFF0004A4161AD642B774406E5377
137D622C80B782B65A133B041AD04F75F7C909AFFFFFFFFFFC4FFF0004AC161AD642B774406E538F
137E172C81A082B65F133BE51AD0FA7667C77ABFFFFFFFFFFC5FFF0004AE161AD642B774406E53A7
137FCC2C836882B666133C6D1AD1467627C9804FFFFFFFFFFC6FFF0004AD161AD642B774406E43BF
137DF72C817482B64F1339D01ACFB97607C903FFFFFFFFFFFC5FFF0004A9161AD542B773406E53D7
137E732C820782B650133B4B1AD07E75F7CD03FFFFFFFFFFFC4FFF0004A6161AD542B773406E53EF
137F9F2C833B82B673133C0F1AD10C75F7D003FFFFFFFFFFFC4FFF0004AB161AD542B773406E5307
137FA72C833F82B673133BBF1AD0E475F7CE0D6FFFFFFFFFFC4FFF0004A9161AD542B773406E531F
137EA22C821782B654133B9B1AD0CB75F7CA85DFFFFFFFFFFC4FFF0004A2161AD542B773406E5337
137ECD2C825982B655133BED1AD0F275A7CE884FFFFFFFFFFC4FFF0004AC161AD542B773406E534F
1380172C83AC82B65D133C8E1AD15C75B7CF03FFFFFFFFFFFC4FFF0004AE161AD542B772406E5367
137F972C833E82B658133C911AD15F7617C703FFFFFFFFFFFC4FFF0004A7161AD442B772406E537F
13806C2C841B82B66D133C821AD15775E7C603FFFFFFFFFFFC4FFF0004AE161AD442B772406E5397
137FCF2C837982B665133C0A1AD10C75C7C912EFFFFFFFFFFC4FFF0004AD161AD442B772406E53AF
137FB22C834B82B656133B131AD07575C7CB885FFFFFFFFFFC4FFF0004A6161AD442B772406E53C7
137EE42C827682B661133A681AD01175D7CC69CFFFFFFFFFFC5FFF0004B0161AD442B771406E53DF
137EC02C824582B668133AC81AD04F75F7CB03FFFFFFFFFFFC3FFF0004B0161AD442B771406E53F7
137E8A2C820882B65A133A981AD02D7677CA03FFFFFFFFFFFC4FFF0004AE161AD442B771406E530F
137DE42C815C82B64F1339EB1ACFC57627CA03FFFFFFFFFFFC5FFF0004AD161AD342B771406E5327
137E272C81A682B663133A7D1AD01B75C7CE159FFFFFFFFFFC5FFF0004A7161AD342B771406E533F
137E752C821182B674133BE71AD0FB75B7CC854FFFFFFFFFFC5FFF0004B0161AD342B771406E5357
137F672C82FF82B663133B411AD0B37627CA03AFFFFFFFFFFC5FFF0004A8161AD342B770406E536F
137E0F2C81B482B653133BB41AD0E57667CB03FFFFFFFFFFFC4FFF0004B0161AD342B770406E5387
137F692C831982B65A133CA61AD17875E7CF03FFFFFFFFFFFC3FFF0004A1161AD342B770406E539F
137FC42C837482B664133B941AD0D875B7D003FFFFFFFFFFFC4FFF0004B0161AD242B770406E53B7
137F6B2C832882B65E133BA91AD0DB7617D10A6FFFFFFFFFFC3FFF0004B0161AD242B770406E53CF
137F5A2C830382B657133C301AD12C7617CE728FFFFFFFFFFC5FFF0004A9161AD242B770406E53E7
137FB42C835682B65F133C3F1AD13675D7D1765FFFFFFFFFFC5FFF0004AB161AD242B76F406E53FF
137F812C832C82B672133BBF1AD0ED7607D003FFFFFFFFFFFC4FFF0004B4161AD242B76F406E5317
137F442C82E982B669133BC61AD0EA75C7CD1D5FFFFFFFFFFC4FFF0004B4161AD242B76F406E532F
137E572C81D382B648133B8B1AD0C87627CB60EFFFFFFFFFFC5FFF0004B5161AD242B76F406E5347
137ED12C826882B64B133B671AD0B07627CA089FFFFFFFFFFC3FFF0004B2161AD142B76F406E535F
137F572C82FA82B66E133C141AD11875F7CC75DFFFFFFFFFFC4FFF0004B3161AD142B76E406E5377
137F352C82CB82B666133B8E1AD0C77627CE7F4FFFFFFFFFFC4FFF0004B4161AD142B76E406E538F
137DED2C816B82B652133AF81AD07375C7CE03FFFFFFFFFFFC3FFF0004AB161AD142B76E406E53A7
137E122C819A82B669133B151AD08375F7CC03FFFFFFFFFFFC3FFF0004B2161AD142B76E406E53BF
137E182C819F82B667133B031AD0747617CB03FFFFFFFFFFFC4FFF0004B1161AD142B76E406E53D7
137DC32C813C82B659133A9A1AD0317617CC0B6FFFFFFFFFFC4FFF0004A1161AD042B76E406E53EF
137E062C818882B6551339F21ACFD575D7CB838FFFFFFFFFFC3FFF0004B2161AD042B76D406E5307
137E242C819F82B6551339AC1ACF9B75E7CC8AFFFFFFFFFFFC3FFF0004B2161AD042B76D406E531F
137DE22C815982B6641339961ACF8F75F7D003FFFFFFFFFFFC4FFF0004AA161AD042B76D406E5337
137E282C81AA82B668133A781AD0197627CD03FFFFFFFFFFFC4FFF0004A7161AD042B76D406E534F
137DE42C815F82B662133A4C1AD00A75E7CC03FFFFFFFFFFFC4FFF0004AD161AD042B76D406E5367
137CED2C805F82B65C1339741ACF7A75C7CF0D7FFFFFFFFFFC4FFF0004AF161AD042B76D406E537F
137C972C7FF282B6611339431ACF5F7647D2801FFFFFFFFFFC4FFF0004AA161ACF42B76C406E5397
137CCD2C802B82B6651339B41ACFAA7657CC843FFFFFFFFFFC5FFF0004B3161ACF42B76C406E53AF
137D142C807282B6571339991ACF8F7677C903FFFFFFFFFFFC4FFF0004B2161ACF42B76C406E53C7
137D542C80C782B65713390E1ACF427627C903FFFFFFFFFFFC4FFF0004A7161ACF42B76C406E53DF
137D192C808C82B65D1339431ACF677607CA03FFFFFFFFFFFC4FFF0004AF161ACF42B76C406E73F7
137CEA2C804E82B6691339171ACF4B75E7CD0F8FFFFFFFFFFC5FFF0004B3161ACF42B76C406E530F
137CD72C804582B66B133B261AD09075C7CE783FFFFFFFFFFC5FFF0004B3161ACF42B76B406E5327
137E6D2C823282B666133E4A1AD25F75D7CE03AFFFFFFFFFFC4FFF0004AE161ACE42B76B406E533F
137F0C2C82A082B655133C611AD14F75F7CE03FFFFFFFFFFFC5FFF0004AF161ACE42B76B406E6357
1380312C83BA82B64E133C3F1AD12C75E7CC03FFFFFFFFFFFC5FFF0004AF161ACE42B76B406E536F
1380A72C844A82B668133CDA1AD1857647CB03FFFFFFFFFFFC4FFF0004B5161ACE42B76B406E7387
137EA92C81EF82B66D133B5B1AD0B475E7CE13FFFFFFFFFFFC4FFF0004B2161ACE42B76A406E539F
137EF72C82A382B660133AC41AD05775B7CE802FFFFFFFFFFC5FFF0004B2161ACE42B76A406E53B7
137E112C81A382B65E133A341ACFFF75E7CB03AFFFFFFFFFFC5FFF0004B7161ACD42B76A406E53CF
137E502C81F482B658133A9A1AD04375F7CB03FFFFFFFFFFFC4FFF0004AF161ACD42B76A406E73E7
137E972C823A82B665133AFC1AD0757667CE22CFFFFFFFFFFC4FFF0004B4161ACD42B76A406E73FF
137EDC2C828182B668133AFF1AD07A7637CD6F9FFFFFFFFFFC5FFF0004B5161ACD42B76A406E7317
137EF62C829682B651133B421AD0A47607CC185FFFFFFFFFFC4FFF0004AF161ACD42B769406E732F
137E782C822282B652133A451AD00A7587C98B3FFFFFFFFFFC4FFF0004B5161ACD42B769406E7347
137E282C81B882B66D1339881ACF9175D7CB03AFFFFFFFFFFC4FFF0004A7161ACC42B769406E735F
137D532C80CA82B66F1339421ACF6575C7CC03FFFFFFFFFFFC3FFF0004B6161ACC42B769406E7377
137D592C80CD82B64B13399E1ACF9E75A7CC03FFFFFFFFFFFC5FFF0004B4161ACC42B769406E738F
137D9D2C812282B6571339D41ACFBE75B7CB03FFFFFFFFFFFC4FFF0004B2161ACC42B768406E73A7
137E342C81B982B67B133A3B1AD00175F7C819BFFFFFFFFFFC4FFF0004B5161ACC42B768406E73BF
137D722C80E682B6541339A61ACF9C75C7C796DFFFFFFFFFFC3FFF0004AF161ACC42B768406E73D7
137D082C807D82B63F1339621ACF7C7677C91F6FFFFFFFFFFC3FFF0004B5161ACB42B768406E63EF
137D4C2C80E982B673133B211AD0897677CCCBDFFFFFFFFFFC4FFF0004AB161ACB42B768406E7307
137DD52C815B82B672133AA61AD0417657CE239FFFFFFFFFFC4FFF0004AA161ACB42B767406E731F
137DD02C816782B64C133B8E1AD0C67657CD03FFFFFFFFFFFC5FFF0004A7161ACB42B767406E7337
137E9C2C824182B65F133B0F1AD0867687C903FFFFFFFFFFFC4FFF0004AD161ACB42B767406E734F
137EBA2C827182B66C133B131AD0867637C803FFFFFFFFFFFC4FFF0004A7161ACB42B767406E7367
137F052C82AE82B65D133B7E1AD0C97567CA239FFFFFFFFFFC6FFF0004AE161ACB42B767406E737F
137F122C82BF82B658133BCB1AD0F37617CDBF7FFFFFFFFFFC5FFF0004A1161ACA42B766406E7397
137ED62C827E82B658133B431AD0A27687CD262FFFFFFFFFFC5FFF0004A5161ACA42B766406E73AF
137F802C834182B668133C2E1AD1307647CF03FFFFFFFFFFFC5FFF0004A9161ACA42B766406E73C7
137F4E2C830882B660133B931AD0DB75B7CF043FFFFFFFFFFC5FFF0004A7161ACA42B766406E73DF
137F302C82EA82B655133B9B1AD0D575A7CE03FFFFFFFFFFFC4FFF0004A2161ACA42B766406E73F7
137EDA2C827D82B66E133B4D1AD0AC75E7CF03FFFFFFFFFFFC3FFF000492161ACA42B765406E730F
137EBA2C826B82B66B133AED1AD0747617D003FFFFFFFFFFFC3FFF00049D161AC942B765406E7327
137ECF2C827F82B649133AF71AD07975F7CB03FFFFFFFFFFFC3FFF00049F161AC942B765406E733F
137ECF2C827A82B659133B351AD0997607C803FFFFFFFFFFFC3FFF000494161AC942B765406E7357
137EC02C826B82B668133B501AD0AA75F7C961AFFFFFFFFFFC4FFF000496161AC942B764406E736F
137EAD2C825082B665133B401AD09F75F7CA8BFFFFFFFFFFFC4FFF000493161AC942B764406E7387
137F432C82F182B664133BDD1AD0FF75B7CE03FFFFFFFFFFFC4FFF00048D161AC942B764406E839F
137F682C831582B661133C481AD15875D7CF03FFFFFFFFFFFC3FFF000499161AC842B764406E83B7
137F4E2C830C82B661133C231AD12E7627CA03FFFFFFFFFFFC4FFF00049E161AC842B764406E83CF
137F1E2C82E882B65C133BBB1AD0F37607C703FFFFFFFFFFFC3FFF0004A0161AC842B763406E83E7
137F5D2C832E82B64F133BF11AD11375A7C903FFFFFFFFFFFC4FFF00049A161AC842B763406E73FF
137FCB2C839F82B65C133C5D1AD15375C7CA03FFFFFFFFFFFC5FFF0004A3161AC842B763406E8317
1380B22C848982B66E133C991AD17C75B7CC03FFFFFFFFFFFC5FFF00049F161AC842B763406E832F
13800A2C83D482B662133C241AD1407647CA250FFFFFFFFFFC5FFF000496161AC842B763406E8347
137F862C835782B665133CE21AD1AD7657C8775FFFFFFFFFFC5FFF000490161AC742B763406E935F
137F832C835082B667133C961AD1807617C903FFFFFFFFFFFC5FFF000486161AC742B762406E9377
137FAC2C837382B656133BE71AD1067637CA03FFFFFFFFFFFC4FFF00048E161AC742B762406E838F
137EE22C829E82B64A133B081AD09275E7CA03FFFFFFFFFFFC4FFF000488161AC742B762406E83A7
137DD62C819F82B658133B5B1AD0C475E7CD03FFFFFFFFFFFC5FFF000493161AC742B762406E93BF
137DDC2C81AB82B66D133B411AD0AB7617CB03FFFFFFFFFFFC4FFF000495161AC742B762406E83D7
137E262C81E282B66C133A8F1AD04B75F7CB03FFFFFFFFFFFC5FFF000496161AC642B761406E83EF
137E322C81F882B662133A641AD03175A7D003FFFFFFFFFFFC6FFF000498161AC642B761406E8307
137D772C813982B66013397D1ACFB975B7D42FFFFFFFFFFFFC6FFF00049C161AC642B761406E831F
137DBD2C817182B6511339C11ACFD175F7D1FB9FFFFFFFFFFC6FFF00049F161AC642B761406E9337
137DF22C81AD82B657133A0B1ACFFA7637CDBE8FFFFFFFFFFC6FFF000491161AC642B761406E834F
137E7D2C824682B66C133A751AD03575F7CD03FFFFFFFFFFFC5FFF000498161AC642B760406E8367
137E5B2C821682B661133A551AD01B7617CE03FFFFFFFFFFFC4FFF000499161AC542B760406E937F
137DA42C815582B64C133A261ACFFF75D7CD615FFFFFFFFFFC3FFF000492161AC542B760406E9397
137E042C81BE82B65B133A351AD00875A7D07D8FFFFFFFFFFBCFFF00049D161AC542B760406E93AF
137EB02C827282B67B133B371AD0A07597D27A5FFFFFFFFFFAAFFF00049F161AC542B760406E93C7
137E282C81D682B665133AAB1AD04F75A7D1F56FFFFFFFFFFC4FFF000497161AC542B75F406E93DF
137DCD2C818282B64C133A231AD00175E7CE872FFFFFFFFFFC5FFF0004A3161AC542B75F406E93F7
137DF62C81A882B658133A5C1AD01F75E7CFFBFFFFFFFFFFFC3FFF000498161AC442B75F406E930F
137E202C81C882B660133ACF1AD06075C7CCFBAFFFFFFFFFFC3FFF0004A8161AC442B75F406E9327
137E332C81E482B65D133A731AD02B7617CDFB9FFFFFFFFFFC3FFF0004A0161AC442B75F406E933F
137E4D2C820C82B662133A761AD02E76A7CCFB8FFFFFFFFFFC4FFF0004A8161AC442B75E406E9357
137EDA2C829982B665133A751AD02E7677CFF0BFFFFFFFFFFC4FFF0004A3161AC442B75E406E936F
137E5F2C821E82B660133A4B1AD01675F7D1039FFFFFFFFFFC4FFF0004A5161AC442B75E406E9387
137EA62C827082B666133ACE1AD05D75E7D0F57FFFFFFFFFFC4FFF0004B1161AC442B75E406E939F
137EE22C829282B65F133A871AD03B7657D2FBAFFFFFFFFFFC4FFF0004A9161AC342B75E406E93B7
137E822C823482B652133A491AD01475E7CFFB5FFFFFFFFFFC5FFF0004B1161AC342B75E406E93CF
137EC72C828B82B660133A8C1AD03B75A7CDFB4FFFFFFFFFFC4FFF0004B3161AC342B75D406E93E7
137EB32C826982B662133A8F1AD03B75B7D0FB6FFFFFFFFFFC3FFF0004A8161AC342B75D406E93FF
137E452C820282B657133A301AD00A7607D2FB7FFFFFFFFFFC3FFF0004B6161AC342B75D406E9317
137DFE2C81B082B66C133A4D1AD01875F7CAF11FFFFFFFFFFC4FFF0004AD161AC342B75D406E932F
137DF22C818582B669133A2F1AD0057657C9039FFFFFFFFFFC3FFF0004B6161AC242B75D406E9347
137CB32C803A82B6511339DF1ACFD67657CCF4DFFFFFFFFFFC4FFF0004B9161AC242B75C406E935F
137CC42C805382B65D1339CF1ACFCC75C7CC875FFFFFFFFFFC3FFF0004B3161AC242B75C406E9377
137CCB2C805682B6631339E51ACFD475E7CA8E4FFFFFFFFFFC4FFF0004AD161AC242B75C406E938F
137CE22C806D82B6591339A71ACFB07627C8B96FFFFFFFFFFC4FFF0004B8161AC242B75C406E93A7
137CD42C805A82B65F13396E1ACF807627CC2EEFFFFFFFFFFC2FFF0004BB161AC242B75C406E93BF
137CEC2C808982B66513395E1ACF847657CB8DEFFFFFFFFFFC2FFF0004BB161AC242B75B406E93D7
137CB92C803382B6651339401ACF6F7637CD03FFFFFFFFFFFC4FFF0004B4161AC142B75B406E93EF
137C4B2C7FCA82B6621338ED1ACF397617CE270FFFFFFFFFFC4FFF0004AD161AC142B75B406E9307
137C0D2C7F7F82B66113385E1ACEDD7627CC7EFFFFFFFFFFFC1FFF0004BC161AC142B75B406E931F
137C312C7F9F82B65613385D1ACEDF7637CE03FFFFFFFFFFFC1FFF0004B4161AC142B75B406E9337
137C352C7FAB82B6561338821ACEF47617D003FFFFFFFFFFFC3FFF0004B5161AC142B75A406E934F
137C442C7FBA82B66B1338601ACEE275F7CC03FFFFFFFFFFFC4FFF0004BD161AC142B75A406E9367
137C3E2C7FB482B66413387B1ACEF275B7CC03FFFFFFFFFFFC2FFF0004BD161AC042B75A406E937F
137C312C7FB082B65C1338861ACEF775C7CD03FFFFFFFFFFFC2FFF0004BE161AC042B75A406E9397
137C422C7FBD82B6651338891ACEFA75D7CC03FFFFFFFFFFFC3FFF0004B4161AC042B75A406E93AF
137C432C7FB982B6621338A81ACF0C75E7CC03FFFFFFFFFFFC3FFF0004BC161AC042B75A406E93C7
137C082C7F7982B65013389F1ACF0B75E7CB03FFFFFFFFFFFC3FFF0004B5161AC042B759406E93DF
137C262C7F9F82B65F1338BA1ACF1A75E7C803FFFFFFFFFFFC3FFF0004B8161AC042B759406E93F7
137C5B2C7FDF82B6761338EE1ACF4575A7CB03FFFFFFFFFFFC3FFF0004C1161AC042B759406E930F
137C4B2C7FC182B6661338C61ACF1F75E7CE03FFFFFFFFFFFC3FFF0004BF161ABF42B759406E9327
137C152C7F8B82B64E1338751ACEF275E7CB03FFFFFFFFFFFC3FFF0004B6161ABF42B759406EA33F
137C212C7F9C82B6511338831ACEF375D7C903FFFFFFFFFFFC4FFF0004B8161ABF42B759406E9357
137C2E2C7FAE82B65F1338931ACF0475D7CC27BFFFFFFFFFFC2FFF0004C3161ABF42B758406E936F
137C402C7FBB82B6711338DF1ACF3075D7D081AFFFFFFFFFFC3FFF0004C4161ABF42B758406E9387
137C5A2C7FD382B6701338AC1ACF107627CD03FFFFFFFFFFFC4FFF0004BD161ABF42B758406E939F
137C5B2C7FD982B6531338891ACEF775E7CC03FFFFFFFFFFFC4FFF0004BF161ABE42B758406E93B7
137C672C7FE282B6571338931ACF0275D7CF03FFFFFFFFFFFC2FFF0004C6161ABE42B758406E93CF
137C4F2C7FCF82B66A13388A1ACEFC7617D103FFFFFFFFFFFC2FFF0004C2161ABE42B757406EA3E7
137C792C800082B65B1338A01ACF0875E7CE03FFFFFFFFFFFC3FFF0004BF161ABE42B757406E93FF
137CA42C802A82B6511338E11ACF3275E7CE03FFFFFFFFFFFC4FFF0004C4161ABE42B757406E9317
137C802C800882B6701338971ACF087607CD03FFFFFFFFFFFC4FFF0004BD161ABE42B757406EB32F
137C7A2C7FFB82B6681338BC1ACF1875F7C903FFFFFFFFFFFC4FFF0004C6161ABE42B757406E9347
137C6B2C7FEF82B6541338AF1ACF1375E7CB03FFFFFFFFFFFC4FFF0004C6161ABD42B757406E935F
137C772C800382B66A1338C71ACF2275F7CA03FFFFFFFFFFFC4FFF0004C9161ABD42B756406EA377
137C802C7FFD82B6631338CF1ACF257637CA03FFFFFFFFFFFC4FFF0004C9161ABD42B756406E938F
137C582C7FDB82B64F1338C51ACF1F7657C903FFFFFFFFFFFC4FFF0004C8161ABD42B756406E93A7
137C5B2C7FDC82B65B1338CA1ACF2475D7CA03FFFFFFFFFFFC2FFF0004B7161ABD42B756406EB3BF
137C622C7FE682B66A1338D11ACF2875B7C9283FFFFFFFFFFC2FFF0004C7161ABD42B756406E93D7
137C5B2C7FDC82B6611338C11ACF1E7637C9840FFFFFFFFFFC3FFF0004C8161ABC42B755406EB3EF
137C2E2C7FB382B65F1338A21ACF0F7647CB03FFFFFFFFFFFC4FFF0004C8161ABC42B755406EB307
137C242C7FAA82B6671338B21ACF1775E7CB03FFFFFFFFFFFC4FFF0004C0161ABC42B755406EB31F
137C2D2C7FAC82B65B1338A21ACF0A7617CA03FFFFFFFFFFFC4FFF0004C1161ABC42B755406EB337
137C1F2C7FA182B65013387F1ACEF77657CA03FFFFFFFFFFFC4FFF0004CB161ABC42B755406EB34F
137C292C7FAD82B6651338991ACF077627CC03FFFFFFFFFFFC4FFF0004CD161ABC42B755406EB367
137C302C7FB182B6681338841ACEFE7637D103FFFFFFFFFFFC4FFF0004C3161ABC42B754406EB37F
137C112C7F9582B65E1338841ACEFA7637D003FFFFFFFFFFFC4FFF0004C8161ABB42B754406EB397
137C0E2C7F9A82B6621338761ACEF275E7CE03FFFFFFFFFFFC4FFF0004C0161ABB42B754406EB3AF
137BFF2C7F7D82B6631338711ACEF275D7CD03FFFFFFFFFFFC3FFF0004CB161ABB42B754406EB3C7
137BE02C7F6282B66213384F1ACEDF7607C903FFFFFFFFFFFC3FFF0004C5161ABB42B754406EB3DF
137BE02C7F6482B6611338331ACECE75F7C903FFFFFFFFFFFC2FFF0004CF161ABB42B754406EB3F7
137BE92C7F6982B65A1338431ACED275E7C95CDFFFFFFFFFFC3FFF0004CD161ABB42B753406EB30F
137BEE2C7F7082B64B1338471ACED975E7C81F6FFFFFFFFFFC4FFF0004C3161ABA42B753406EB327
137BF72C7F7C82B6631338401ACED475E7C6931FFFFFFFFFFC4FFF0004C9161ABA42B753406EB33F
137BF22C7F7882B67613383C1ACED37597C7869FFFFFFFFFFC4FFF0004C8161ABA42B753406EB357
137BF92C7F8182B66813384F1ACEDF75D7CC03FFFFFFFFFFFC4FFF0004B9161ABA42B753406EB36F
137BFC2C7F8382B6601338521ACEE17627CD03FFFFFFFFFFFC4FFF0004C9161ABA42B753406EB387
137BED2C7F7282B65B13384E1ACEDC7617CD03FFFFFFFFFFFC3FFF0004BD161ABA42B752406EB39F
137BF32C7F7A82B6521338491ACEDC7647CB03FFFFFFFFFFFC4FFF0004CE161AB942B752406EB3B7
137BFB2C7F7F82B6571338441ACED57667CB03FFFFFFFFFFFC5FFF0004CC161AB942B752406EB3CF
137BF62C7F7982B66613384A1ACEDD7637C903FFFFFFFFFFFC5FFF0004CA161AB942B752406EB3E7
137BEC2C7F7082B66E1338541ACEE27637CA03FFFFFFFFFFFC4FFF0004CA161AB942B752406EB3FF
137BD72C7F5B82B66413384B1ACEDC7627CC03FFFFFFFFFFFC2FFF0004C3161AB942B752406EB317
137BA22C7F2082B6661338141ACEB97627CF03FFFFFFFFFFFC3FFF0004CD161AB942B751406EC32F
137BAE2C7F2882B6631338021ACEAD75F7CE03FFFFFFFFFFFC3FFF0004CE161AB942B751406EB347
137BE02C7F6982B6501337FA1ACEA97627CC03FFFFFFFFFFFC3FFF0004C7161AB842B751406ED35F
137BF22C7F7D82B6571337FE1ACEAF7637CD03FFFFFFFFFFFC4FFF0004CF161AB842B751406ED377
137BD92C7F6682B6641338091ACEB27637CF03FFFFFFFFFFFC3FFF0004BC161AB842B751406EC38F
137BF22C7F7F82B6641338161ACEBB7657D023FFFFFFFFFFFC4FFF0004C9161AB842B751406EC3A7
137BE62C7F6E82B66613380E1ACEB67627D37DBFFFFFFFFFFC4FFF0004CA161AB842B750406EB3BF
137C092C7F9782B66E1338201ACEC17617D003FFFFFFFFFFFC4FFF0004CE161AB842B750406ED3D7
137BF22C7F7982B66913382A1ACEC975E7CC03FFFFFFFFFFFC4FFF0004C7161AB742B750406EC3EF
137C002C7F8682B64913384E1ACEDC75D7CD03FFFFFFFFFFFC3FFF0004C7161AB742B750406EC307
137BF82C7F8182B64D1338471ACEDC75D7D003FFFFFFFFFFFC3FFF0004C6161AB742B750406ED31F
137C372C7FCC82B66E1338831ACF0075F7CD03FFFFFFFFFFFC4FFF0004CF161AB742B74F406EC337
137C412C7FCF82B6711338691ACEEE75E7C903FFFFFFFFFFFC4FFF0004CC161AB742B74F406ED34F
137BFD2C7F8282B6631338631ACEEB7627CB03FFFFFFFFFFFC3FFF0004C8161AB742B74F406EC367
137BEF2C7F7582B6501338611ACEE975F7CD03FFFFFFFFFFFC4FFF0004BC161AB642B74F406ED37F
137C572C7FF882B6631338A51ACF137637CE03FFFFFFFFFFFC5FFF0004CF161AB642B74F406ED397
137CA02C803F82B6711338991ACF0875E7CE03FFFFFFFFFFFC4FFF0004C7161AB642B74F406ED3AF
137C2D2C7FB982B65A13388C1ACF0175D7CC03FFFFFFFFFFFC2FFF0004CF161AB642B74E406ED3C7
137C572C7FF382B6511338BC1ACF277607CC03FFFFFFFFFFFC3FFF0004C6161AB642B74E406ED3DF
137C672C800182B6671338E61ACF3F7607D203FFFFFFFFFFFC3FFF0004CE161AB642B74E406ED3F7
137C5A2C7FEB82B6681338A31ACF1575F7CC2A1FFFFFFFFFFC3FFF0004C3161AB542B74E406ED30F
137C222C7FC182B65A1338741ACEF375F7CA8BFFFFFFFFFFFC3FFF0004CC161AB542B74E406ED327
137C4E2C7FE182B65F13387B1ACEFD7667C803FFFFFFFFFFFC2FFF0004C6161AB542B74E406ED33F
137C312C7FC782B6631338921ACF087647CB03FFFFFFFFFFFC2FFF0004CC161AB542B74D406ED357
137C322C7FC882B65E1338A81ACF127657CC03FFFFFFFFFFFC3FFF0004C7161AB542B74D406ED36F
137C222C7FB982B65E1338CB1ACF2C75F7CF03FFFFFFFFFFFC3FFF0004C0161AB542B74D406ED387
137C302C7FC682B6661338C51ACF2D7637D203FFFFFFFFFFFC4FFF0004C1161AB542B74D406ED39F
137C5F2C7FFB82B66D1338BA1ACF227657D103FFFFFFFFFFFC4FFF0004CC161AB442B74D406ED3B7
137C102C7F9C82B65913389D1ACF0E7607CD03FFFFFFFFFFFC4FFF0004C8161AB442B74C406ED3CF
137BCF2C7F6082B6501338651ACEF175F7CF03FFFFFFFFFFFC4FFF0004C1161AB442B74C406ED3E7
137C1F2C7FB882B66B13389F1ACF1375D7D103FFFFFFFFFFFC3FFF0004CF161AB442B74C406ED3FF
137C152C7FA282B6621338831ACF0075E7CF03FFFFFFFFFFFC2FFF0004C8161AB442B74C406ED317
137BE82C7F7682B64B1338491ACEDD7617CB03FFFFFFFFFFFC3FFF0004C4161AB442B74C406ED32F
137C1A2C7FB782B66A13389E1ACF127617CB03FFFFFFFFFFFC3FFF0004C3161AB342B74C406ED347
137C1A2C7FA882B66E1338A51ACF127617CB03FFFFFFFFFFFC4FFF0004CD161AB342B74B406ED35F
137C0F2C7FAC82B65213385E1ACEE97667CD29FFFFFFFFFFFC4FFF0004CD161AB342B74B406ED377
137C3A2C7FD782B65E1338641ACEEF7627CE8D3FFFFFFFFFFC3FFF0004C5161AB342B74B406ED38F
137C2C2C7FC782B66B13386A1ACEEF7607CD03FFFFFFFFFFFC3FFF0004CE161AB342B74B406ED3A7
137C4E2C7FEC82B65213387B1ACEFB7597CD03FFFFFFFFFFFC3FFF0004BE161AB342B74B406ED3BF
137C572C7FF882B6561338871ACF0575B7CB03FFFFFFFFFFFC4FFF0004C8161AB242B74A406ED3D7
137C712C801782B66E1338911ACF0B75D7CC03FFFFFFFFFFFC5FFF0004C9161AB242B74A406ED3EF
137C6C2C800F82B6641338961ACF107617CD03FFFFFFFFFFFC3FFF0004C7161AB242B74A406ED307
137C692C800882B6571338BB1ACF257657CC03FFFFFFFFFFFC3FFF0004B7161AB242B74A406ED31F
137CA52C805582B66C1338D61ACF377617D003FFFFFFFFFFFC3FFF0004C9161AB242B74A406ED337
137CF92C80B282B67113390C1ACF507637CC03FFFFFFFFFFFC4FFF0004C4161AB242B74A406ED34F
137C822C802382B64C1338CD1ACF2F7637CA03FFFFFFFFFFFC3FFF0004CA161AB142B749406ED367
137C7D2C802182B6491338D71ACF367627CC03FFFFFFFFFFFC4FFF0004C1161AB142B749406ED37F
137CB72C806582B66D1338F71ACF497607CC03FFFFFFFFFFFC4FFF0004C9161AB142B749406ED397
137C942C803C82B66A1338DD1ACF3A7607CD03FFFFFFFFFFFC4FFF0004C8161AB142B749406ED3AF
137C7A2C802382B6531338C91ACF2D7677CA03FFFFFFFFFFFC4FFF0004C2161AB142B749406ED3C7
137D2D2C80EF82B66C1339171ACF627617C725BFFFFFFFFFFC3FFF0004CB161AB142B748406ED3DF
137D282C80E282B66F1338F81ACF5075D7C685CFFFFFFFFFFC3FFF0004C2161AB142B748406ED3F7
137C7F2C802882B64C1338B01ACF207607CAF1DFFFFFFFFFFC3FFF0004C6161AB042B748406ED30F
137C9E2C804F82B6521338CE1ACF3175F7CB2EAFFFFFFFFFFC3FFF0004BB161AB042B748406ED327
137D292C80E982B6691338A81ACF1975B7CD03FFFFFFFFFFFC1FFF0004CE161AB042B748406ED33F
137CAB2C806182B66D1338AD1ACF1C75A7CF03FFFFFFFFFFFB5FFF0004C4161AB042B748406ED357
137CE72C809982B65B13391A1ACF5D75C7D203FFFFFFFFFFFC4FFF0004C8161AB042B747406ED36F
137CCE2C807C82B6571339821ACF967607CE03FFFFFFFFFFFC3FFF0004C9161AB042B747406ED387
137CD82C808B82B66613397D1ACF9D75D7CD03FFFFFFFFFFFC3FFF0004C5161AAF42B747406EF39F
137CC32C807382B66B1339381ACF707597CB03FFFFFFFFFFFC3FFF0004CD161AAF42B747406ED3B7
137C812C802582B65813389D1ACF147637C82ABFFFFFFFFFFC3FFF0004CD161AAF42B747406ED3CF
137C412C7FEB82B6541338601ACEEF7607C891CFFFFFFFFFFC3FFF0004BD161AAF42B746406EF3E7
137C442C7FEA82B6651338A11ACF1B75A7CB03FFFFFFFFFFFC3FFF0004CF161AAF42B746406EF3FF
137C542C7FFB82B66013388E1ACF0D7597CD03FFFFFFFFFFFC3FFF0004CE161AAF42B746406ED317
137C4F2C7FF382B6591338581ACEEF75D7CC8DEFFFFFFFFFFC4FFF0004BC161AAE42B746406EF32F
137C542C7FFF82B66B1338981ACF1275E7D0872FFFFFFFFFFC3FFF0004CB161AAE42B746406EF347
137C592C7FFD82B66E1338B21ACF2175D7D1C3DFFFFFFFFFFC3FFF0004C9161AAE42B746406ED35F
137C472C7FE782B6511338861ACF0575E7CE03FFFFFFFFFFFC4FFF0004C2161AAE42B745406EF377
137C4B2C7FF082B65313387F1ACF0375C7CE03FFFFFFFFFFFC4FFF0004C5161AAE42B745406EF38F
137C5F2C800A82B6701338A21ACF187637D103FFFFFFFFFFFC3FFF0004C4161AAE42B745406EF3A7
137C422C7FE282B6601338A91ACF177627D103FFFFFFFFFFFC4FFF0004C5161AAE42B745406EF3BF
137C1B2C7FBF82B6421338521ACEE775E7CE03FFFFFFFFFFFC5FFF0004C0161AAD42B745406EF3D7
137C422C7FF482B67313394A1ACF757597CE03FFFFFFFFFFFC4FFF0004C8161AAD42B745406EF3EF
137C9D2C806282B67D1339C41ACFC27597CA03FFFFFFFFFFFC4FFF0004B8161AAD42B744406EF307
137C352C7FD982B6511338981ACF1075C7CA03FFFFFFFFFFFC4FFF0004C5161AAD42B744406EF31F
137C3A2C7FE282B6461338A21ACF147597CA03FFFFFFFFFFFC3FFF0004BB161AAD42B744406EF337
137CDB2C80AD82B6651338F11ACF467587C903FFFFFFFFFFFC3FFF0004CA161AAD42B744406EF34F
137E4F2C821382B67013393B1ACF7775F7CE03FFFFFFFFFFFC3FFF0004C7161AAC42B744406EF367
137C632C800E82B65713397B1ACFA075D7CC03FFFFFFFFFFFC3FFF0004BE161AAC42B743406EF37F
137C542C800882B6611339681ACF9675C7C803FFFFFFFFFFFC3FFF0004C0161AAC42B743406F0397
137CEF2C80A982B6721339FE1ACFE47607C6275FFFFFFFFFFC4FFF0004C2161AAC42B743406EF3AF
137CA82C805182B65C1339311ACF6D7627C9BDAFFFFFFFFFFC4FFF0004C9161AAC42B743406EF3C7
137C6D2C801F82B64A13398B1ACFA97657CB03FFFFFFFFFFFC4FFF0004C0161AAC42B743406F13DF
137CEA2C80A982B66B1339E91ACFDC7637D003FFFFFFFFFFFC4FFF0004CA161AAB42B743406F13F7
137D162C80D682B66E133A371AD01075C7D103FFFFFFFFFFFC5FFF0004C1161AAB42B742406F130F
137C832C802F82B64F1339C41ACFC675F7CC03FFFFFFFFFFFC4FFF0004BE161AAB42B742406F0327
137D502C811382B661133A9E1AD05175E7CA03FFFFFFFFFFFC4FFF0004C4161AAB42B742406EF33F
137DAD2C816E82B674133B741AD0CE75B7CB03FFFFFFFFFFFC4FFF0004C6161AAB42B742406F0357
137D7E2C813582B65E133A821AD03775B7CC03FFFFFFFFFFFC4FFF0004BE161AAB42B742406EF36F
137CBB2C807282B64A1339D71ACFD875D7D003FFFFFFFFFFFC4FFF0004C5161AAB42B741406F1387
137E0D2C81F382B668133AD01AD0717607D429BFFFFFFFFFFC4FFF0004C4161AAA42B741406F039F
137E422C822982B673133A9A1AD0537607D3930FFFFFFFFFFC4FFF0004BE161AAA42B741406F13B7
137D892C814E82B656133A4B1AD01D7617CD0A2FFFFFFFFFFC2FFF0004C3161AAA42B741406F13CF
137D912C815782B64C133A2E1AD01375F7CB0DDFFFFFFFFFFC3FFF0004C5161AAA42B741406F13E7
137DF22C81E282B677133A691AD03675D7CC03FFFFFFFFFFFC4FFF0004B6161AAA42B741406F13FF
137DD72C81AC82B676133A501AD02775D7C992AFFFFFFFFFFC4FFF0004C6161AAA42B740406F1317
137D622C812D82B64B133A271AD00B75F7C78D1FFFFFFFFFFC3FFF0004C4161AA942B740406F132F
137DDF2C81C182B64E133A801AD04375F7C8FBCFFFFFFFFFFC3FFF0004C3161AA942B740406F1347
137EAA2C82A882B66D133B0F1AD09D75E7CDF64FFFFFFFFFFC3FFF0004C5161AA942B740406F135F
137E552C824882B667133B251AD0AB7627CF8C8FFFFFFFFFFC3FFF0004C0161AA942B740406F1377
137E2A2C821382B655133B1F1AD0A57637CDFB7FFFFFFFFFFC4FFF0004C8161AA942B73F406F138F
137E982C829082B669133AE21AD08675E7CAF63FFFFFFFFFFC4FFF0004C5161AA942B73F406F13A7
137E792C827982B668133AEF1AD08E75D7C903FFFFFFFFFFFC2FFF0004C5161AA842B73F406F13BF
137E7B2C826182B64A133B391AD0B675E7C903FFFFFFFFFFFC3FFF0004C9161AA842B73F406F13D7
137F682C836982B662133C191AD13D75B7C903FFFFFFFFFFFC3FFF0004CE161AA842B73F406F13EF
137EBF2C82B382B675133ADF1AD08E75B7CE03FFFFFFFFFFFC4FFF0004BF161AA842B73F406F1307
137FBF2C83D382B656133BC91AD10B75E7CC03FFFFFFFFFFFC4FFF0004CE161AA842B73E406F131F
137FA32C83A482B649133C2D1AD13C7657CCBD3FFFFFFFFFFC4FFF0004D1161AA842B73E406F1337
137EF12C82E682B668133B301AD0B27617CEFACFFFFFFFFFFC4FFF0004CB161AA842B73E406F134F
137EC72C82C582B672133B451AD0C17647D3FB4FFFFFFFFFFC3FFF0004D4161AA742B73E406F1367
137F382C833682B658133B8D1AD0E57687D0936FFFFFFFFFFC4FFF0004D4161AA742B73E406F137F
137F702C838682B658133BC11AD1087627CFB81FFFFFFFFFFC4FFF0004D6161AA742B73D406F1397
137F3A2C833A82B66A133BA31AD0F475D7CA041FFFFFFFFFFC3FFF0004D7161AA742B73D406F13AF
137F122C830B82B65A133B941AD0E775F7C95ABFFFFFFFFFFC3FFF0004D8161AA742B73D406F13C7
137F6D2C837382B64F133B911AD0E375E7CB873FFFFFFFFFFC3FFF0004CF161AA742B73D406F13DF
137EBF2C82B682B668133B751AD0D875E7CD93CFFFFFFFFFFC3FFF0004C4161AA742B73D406F13F7
137EAC2C82A382B674133B071AD09B75D7CC03FFFFFFFFFFFC4FFF0004D4161AA642B73D406F130F
137F242C832482B662133B611AD0C875E7CAB8FFFFFFFFFFFC4FFF0004D5161AA642B73C406F1327
137F912C838D82B64F133B9B1AD0E775A7CB041FFFFFFFFFFC3FFF0004D7161AA642B73C406F133F
137F692C836D82B65D133B3D1AD0B675A7CB5ABFFFFFFFFFFC3FFF0004D0161AA642B73C406F1357
137F5A2C836082B667133B041AD09675D7CB629FFFFFFFFFFC3FFF0004D8161AA642B73C406F136F
137F492C834A82B659133B571AD0BE75F7C85ABFFFFFFFFFFC3FFF0004D9161AA642B73C406F1387
137F362C833582B65D133B261AD0AB7607CB944FFFFFFFFFFC3FFF0004D1161AA542B73B406F139F
137EAF2C82A682B66C133ACA1AD0747607C95A8FFFFFFFFFFC4FFF0004D9161AA542B73B406F13B7
137EF22C82F582B663133AD71AD07F7627CB875FFFFFFFFFFC3FFF0004DA161AA542B73B406F13CF
137EB22C82AB82B65B133B3A1AD0B37617CC943FFFFFFFFFFC3FFF0004D2161AA542B73B406F13E7
137E752C826A82B660133B001AD0937627CD03FFFFFFFFFFFC4FFF0004D2161AA542B73B406F13FF
137E6C2C826582B668133AFB1AD08F75E7CC03FFFFFFFFFFFC4FFF0004DD161AA542B73B406F2317
137E5B2C824682B65D133AEC1AD0847617CB03FFFFFFFFFFFC4FFF0004D5161AA542B73A406F332F
137E2E2C822582B653133A871AD04C75F7CA03FFFFFFFFFFFC4FFF0004DB161AA442B73A406F1347
137E492C823A82B65C133A7F1AD03F75C7CD283FFFFFFFFFFC4FFF0004DC161AA442B73A406F135F
137E7D2C826D82B665133AC51AD06C75E7CF93BFFFFFFFFFFC2FFF0004DD161AA442B73A406F3377
137E692C825B82B670133AE71AD08275D7D203FFFFFFFFFFFC3FFF0004DB161AA442B73A406F138F
137DB82C81A182B666133A831AD04075D7D003FFFFFFFFFFFC4FFF0004DB161AA442B73A406F13A7
137D242C810C82B6531339C71ACFD675E7CB03FFFFFFFFFFFC3FFF0004DD161AA442B739406F13BF
137D972C817F82B65F133A481AD01F75F7CD03FFFFFFFFFFFC2FFF0004D6161AA342B739406F33D7
137D912C816A82B65C133A0A1ACFFC7587CE03FFFFFFFFFFFC2FFF0004D9161AA342B739406F33EF
137D612C81A382B656133A391AD0157607CA03FFFFFFFFFFFC3FFF0004C9161AA342B739406F1207
