* Sea-Bird SBE 9 Data File:
* FileName = X:\CTD_Data\2023\PS23_22_Sutton_CTD\B252N_CTD_248.hex
* Software Version Seasave V 7.26.7.121
* Temperature SN = 2893
* Conductivity SN = 0434
* Number of Bytes Per Scan = 40
* Number of Voltage Words = 5
* Number of Scans Averaged by the Deck Unit = 24
* System UpLoad Time = May 04 2023 18:37:29
* NMEA Latitude = 28 24.85 N
* NMEA Longitude = 087 38.80 W
* NMEA UTC (Time) = May 04 2023  23:40:05
* Store Lat/Lon Data = Append to Every Scan
* SBE 11plus V 5.2
* number of scans to average = 24
* pressure baud rate = 9600
* NMEA baud rate = 4800
* surface PAR voltage added to scan
* A/D offset = 5
* GPIB address = 1
* advance primary conductivity  0.073 seconds
* advance secondary conductivity  0.073 seconds
* autorun on power up is disabled
* S>
* System UTC = May 04 2023 23:37:29
*END*
13FCCD2D04FF82B76B13B7891B185095F97E040FFFFFFFFFFBDFFF00016815ADA742DE7C40B58252
13FC202D04FE82B76713B7091B184B96B964040FFFFFFFFFFBDFFF00016A15ADA742DE7D40B5826A
13FCF22D050F82B76C13B78D1B185897795B1C0FFFFFFFFFFBCFFF00016815ADA742DE7D40B58282
13FC582D050782B77213B7401B185394C9546FCFFFFFFFFFFBCFFF00015E15ADA842DE7D40B5829A
13FD6E2D05A382B77613B7771B187893892E03FFFFFFFFFFFBCFFF00016615ADA842DE7E40B593B2
13FD212D073182B77213B8001B19428908D403FFFFFFFFFFFBBFFF00016115ADA842DE7E40B5A3CA
13FCB32D06B382B76D13B7C81B192F79E82803FFFFFFFFFFFBEFFF00016515ADA842DE7E40B5A3E2
13FCBF2D06BA82B76913B7BB1B192E7597E603FFFFFFFFFFFB9FFF00016715ADA842DE7E40B593FA
13FCB82D06B682B76B13B70D1B18CD74C7CD5D6FFFFFFFFFFBCFFF00016815ADA842DE7F40B59312
13FC3D2D063682B77113B7891B19187467C503CFFFFFFFFFFBDFFF00016915ADA942DE7F40B5932A
13FC0A2D05FC82B77113B6BC1B18A37487C303FFFFFFFFFFFBCFFF00016815ADA942DE7F40B59342
13FBFF2D05EF82B77013B71C1B18CE7437BE03FFFFFFFFFFFBCFFF00016715ADA942DE8040B5935A
13FC372D062E82B76B13B7901B19117437BD2CBFFFFFFFFFFBBFFF00016615ADA942DE8040B59372
13FD672D075082B76E13B9B21B1A467427BC12DFFFFFFFFFFBCFFF00016515ADA942DE8040B5A38A
13FE642D087582B77313BAAE1B1AE673F7BE03FFFFFFFFFFFBEFFF00015515ADA942DE8140B593A2
13FF582D097782B77413B9E81B1A857417BC03FFFFFFFFFFFBEFFF00016615ADAA42DE8140B593BA
13FE532D086582B76E13B98E1B1A4C7407B7554FFFFFFFFFFBDFFF00016715ADAA42DE8140B593D2
13FDAA2D07C782B76913B8F01B19F573F7B65B0FFFFFFFFFFBCFFF00016715ADAA42DE8140B5A3EA
13FDB92D07E382B76B13B99B1B1A437427B403FFFFFFFFFFFBCFFF00016715ADAA42DE8240B59302
13FDBD2D07E882B76F13B7661B191573F7B603FFFFFFFFFFFBCFFF00016515ADAA42DE8240B5931A
13FC242D064182B77213B79B1B192F73D7B803FFFFFFFFFFFBDFFF00015D15ADAA42DE8240B59332
13FC972D06AF82B77113B8961B19AA73B7B703FFFFFFFFFFFBAFFF00015C15ADAB42DE8340B5934A
13FD1C2D074282B77113B8171B196E73C7B6056FFFFFFFFFFBCFFF00016415ADAB42DE8340B58362
13FD9F2D07CC82B76E13B8121B196A73C7B360EFFFFFFFFFFBDFFF00016415ADAB42DE8340B5937A
13FD9A2D07BA82B76B13B80E1B196C7397B203DFFFFFFFFFFBDFFF00016515ADAB42DE8340B58392
13FD512D077082B76D13B7AD1B193373A7B503FFFFFFFFFFFBDFFF00015E15ADAB42DE8440B593AA
13FD052D072382B76F13B7711B190E73C7B8635FFFFFFFFFFBDFFF00016515ADAB42DE8440B583C2
13FC532D067482B76F13B7711B191573A7B703DFFFFFFFFFFBDFFF00016315ADAC42DE8440B593DA
13FC852D06A182B76F13B6DB1B18C47357B303FFFFFFFFFFFBCFFF00015A15ADAC42DE8540B583F2
13FC102D063D82B77113B6AF1B18A47377B203FFFFFFFFFFFBCFFF00016215ADAC42DE8540B5830A
13FC182D063382B77113B69B1B18937387B5873FFFFFFFFFFBCFFF00016315ADAC42DE8540B58322
13FC2F2D065782B76E13B6C01B18AB73A7B42E0FFFFFFFFFFBCFFF00016415ADAC42DE8540B5833A
13FC282D064682B76B13B6FD1B18DF73C7B503FFFFFFFFFFFBCFFF00016415ADAC42DE8640B58352
13FC402D066A82B76A13B7111B18EE7387B403FFFFFFFFFFFBBFFF00016415ADAD42DE8640B5836A
13FCB22D06FC82B77113B7331B190D7367B103FFFFFFFFFFFBBFFF00016315ADAD42DE8640B58382
13FD1D2D074682B77113B7681B191A73B7B3079FFFFFFFFFFBCFFF00016215ADAD42DE8740B5839A
13FCCD2D06FA82B76E13B7621B19187397B329DFFFFFFFFFFBCFFF00016215ADAD42DE8740B583B2
13FCA72D06E482B76E13B79A1B193B7397B603FFFFFFFFFFFBCFFF00016215ADAD42DE8740B583CA
13FCDB2D072182B77113B7941B193D73A7B452AFFFFFFFFFFBCFFF00016115ADAD42DE8840B583E2
13FCBE2D070A82B76E13B7A31B19407367B103DFFFFFFFFFFBCFFF00016115ADAE42DE8840B583FA
13FCA12D06F182B76E13B7991B19397367B47E9FFFFFFFFFFBCFFF00016215ADAE42DE8840B58312
13FCD52D071B82B76E13B7DE1B19537347B903FFFFFFFFFFFBCFFF00016315ADAE42DE8840B5832A
13FCE42D072E82B77013B7E61B195D73A7B303FFFFFFFFFFFBCFFF00016215ADAE42DE8940B58342
13FD152D075682B76E13B7AC1B19407357B003FFFFFFFFFFFBEFFF00015F15ADAE42DE8940B5835A
13FCF82D073482B76E13B79E1B19337377B203FFFFFFFFFFFBDFFF00015115ADAE42DE8940B58372
13FCFA2D074282B76F13B7981B19317347B0055FFFFFFFFFFBCFFF00015E15ADAF42DE8A40B5838A
13FCAF2D06CA82B77013B7461B18FF7357AD048FFFFFFFFFFBCFFF00016215ADAF42DE8A40B583A2
13FCA92D06D282B76E13B6F11B18D87397B003FFFFFFFFFFFBBFFF00016115ADAF42DE8A40B583BA
13FBA02D05DE82B76F13B60F1B18617377B303FFFFFFFFFFFBCFFF00015E15ADAF42DE8A40B583D2
13FB582D05A582B77113B6331B18747377B3327FFFFFFFFFFBDFFF00015515ADAF42DE8B40B573EA
13FB6F2D05AB82B77113B65D1B18827347B03E0FFFFFFFFFFBCFFF00015F15ADAF42DE8B40B57302
13FBB92D05DA82B76E13B69C1B18A77367AF03FFFFFFFFFFFBEFFF00015E15ADB042DE8B40B5731A
13FC192D062C82B76E13B6BB1B18B27377AD03FFFFFFFFFFFBDFFF00015C15ADB042DE8C40B58332
13FC252D064E82B76E13B6F51B18CB7377AF583FFFFFFFFFFBCFFF00015F15ADB042DE8C40B5734A
13FBC92D05EA82B77013B6F21B18CC7347AF03EFFFFFFFFFFBCFFF00015E15ADB042DE8C40B57362
13FBC72D05D882B77113B65A1B186E7317AE03FFFFFFFFFFFBEFFF00015D15ADB042DE8C40B5837A
13FBC12D05B482B76E13B65E1B18717337B003FFFFFFFFFFFBDFFF00015D15ADB042DE8D40B58392
13FBE12D061582B76F13B6B71B18AA7387B203FFFFFFFFFFFBCFFF00015E15ADB142DE8D40B573AA
13FB5B2D056D82B77313B6841B188F7357B103FFFFFFFFFFFBCFFF00016015ADB142DE8D40B573C2
13FBAE2D05CA82B76E13B6531B18747377AF03FFFFFFFFFFFBDFFF00015F15ADB142DE8E40B573DA
13FAC52D04BE82B76B13B4D21B178D7347B20A7FFFFFFFFFFBCFFF00015E15ADB142DE8E40B573F2
13F9752D036F82B76F13B51F1B17AC7377B197FFFFFFFFFFFBCFFF00015D15ADB142DE8E40B5730A
13FA142D040582B77313B5EC1B18337347B35C6FFFFFFFFFFBDFFF00015D15ADB142DE8E40B57322
13FAC82D04CB82B77213B5B41B18137357AF03FFFFFFFFFFFBCFFF00015D15ADB242DE8F40B5733A
13F9AF2D038882B79813B4C01B17737397AD0B6FFFFFFFFFFBCFFF00015E15ADB242DE8F40B57352
13F9082D02D082B7CC13B34E1B168B7387AF9EEFFFFFFFFFFBDFFF00015E15ADB242DE8F40B5736A
13F1EF2CFAF082B82213AB521B11C17357B028EFFFFFFFFFFBCFFF00015D15ADB242DE9040B57382
13E44A2CEBFB82B87D13A02E1B0B0173B7AE03FFFFFFFFFFFBBFFF00015B15ADB242DE9040B5739A
13CCC22CD21082B8D81387531AFBC17447B103FFFFFFFFFFFBAFFF00015B15ADB242DE9040B573B2
13C0B22CC4B482B938137C351AF4AA7507B403FFFFFFFFFFFBAFFF00014D15ADB342DE9040B573CA
13BED82CC25882B996137A6A1AF3607517B9067FFFFFFFFFFB9FFF00015C15ADB342DE9140B573E2
13BD732CC08F82B9EB1378D71AF23C7597BA6D3FFFFFFFFFFB9FFF00015C15ADB342DE9140B573FA
13BC2A2CBECF82BA3F1377A01AF1537647BA200FFFFFFFFFFB9FFF00015C15ADB342DE9140B57312
13BA9A2CBCF982BA9F1376171AF0507657B7651FFFFFFFFFFB9FFF00015B15ADB342DE9240B5732A
13B9962CBBC582BB021375121AEFA27607B9040FFFFFFFFFFB9FFF00015B15ADB342DE9240B57342
13B9422CBB8F82BB5F1374C71AEF8A75E7BB03FFFFFFFFFFFB9FFF00015B15ADB442DE9240B5735A
13B8622CBA6482BBB51373DF1AEEDB7657BD060FFFFFFFFFFB9FFF00015715ADB442DE9240B56372
13B7A52CB98182BC0F1373301AEE667627BE6D8FFFFFFFFFFB9FFF00015715ADB442DE9340B5738A
13B7782CB95982BC7013730B1AEE517617BB212FFFFFFFFFFBCFFF00015A15ADB442DE9340B573A2
13B7642CB94482BCCF1372EB1AEE417617B803FFFFFFFFFFFBBFFF00015115ADB442DE9340B573BA
13B7162CB8E382BD2F1372A01AEE0E75C7B803FFFFFFFFFFFBAFFF00015A15ADB442DE9340B563D2
13B5752CB6BB82BD921371031AECE575C7B903FFFFFFFFFFFBAFFF00014315ADB542DE9440B573EA
13AF272CAE4B82BDF1136A7A1AE80F7617BA069FFFFFFFFFFBAFFF00015A15ADB542DE9440B56302
13A79C2CA44582BE4D13634B1AE2B97667B9704FFFFFFFFFFB5FFF00015915ADB542DE9440B5631A
13A0B02C9AEA82BEAC135CA31ADDAA75E7B820CFFFFFFFFFFB5FFF00015815ADB542DE9540B56332
139F792C994982BF10135B581ADCA87617B503FFFFFFFFFFFB7FFF00015115ADB542DE9540B5634A
139E902C97E482BF6E1359F11ADB8F7617B803FFFFFFFFFFFB7FFF00015A15ADB542DE9540B56362
13980A2C8F3482BFCA1353FB1AD72775D7BA03FFFFFFFFFFFB7FFF00015A15ADB642DE9540B5637A
1393CA2C898182C026134FBF1AD3F07597B54EDFFFFFFFFFFB3FFF00015115ADB642DE9640B57392
13907C2C850F82C088134C521AD15F75B7B57D8FFFFFFFFFFB0FFF00015915ADB642DE9640B563AA
138E082C81BF82C0EC134A251ACFB775E7B823AFFFFFFFFFFB4FFF00015815ADB642DE9640B563C2
1388952C79FD82C14E13448B1ACB5B7617BB03FFFFFFFFFFFB2FFF00015615ADB642DE9740B563DA
1381252C700182C1AB133D661AC5F475B7B703FFFFFFFFFFFB1FFF00015515ADB642DE9740B563F2
137CC22C6A0E82C2071338E31AC28C7587BA03FFFFFFFFFFFAFFFF00015815ADB742DE9740B5630A
1379E82C663982C2631336311AC08475C7B6061FFFFFFFFFFAFFFF00015315ADB742DE9740B56322
1378622C644382C2BF1334B31ABF6E75B7B7707FFFFFFFFFFAFFFF00015815ADB742DE9840B5633A
1376522C61AA82C31B1332901ABDF37587B5221FFFFFFFFFFAEFFF00015715ADB742DE9840B56352
13732B2C5DC182C37E132F801ABBDC7597B203FFFFFFFFFFFAEFFF00015015ADB742DE9840B5636A
1364202C4BD682C3E51320C41AB2297547B203FFFFFFFFFFFAFFFF00015115ADB742DE9840B56382
135AFE2C41CE82C4471316E51AAC1075A7B003FFFFFFFFFFFAFFFF00015515ADB842DE9940B5639A
134D2E2C335482C49B130B9C1AA58975F7B005EFFFFFFFFFFB1FFF00015715ADB842DE9940B563B2
1343742C293282C4EB1303131AA06C75C7B0679FFFFFFFFFFB1FFF00015015ADB842DE9940B563CA
1340462C261282C54812FD9C1A9D5C7547B31FAFFFFFFFFFFB1FFF00015915ADB842DE9A40B563E2
1340002C25D182C5B112FCF31A9D0A7567B2470FFFFFFFFFFB0FFF00015715ADB842DE9A40B563FA
133D362C23C582C61E12F99E1A9BBE75A7B2040FFFFFFFFFFB0FFF00015415ADB842DE9A40B56312
1339E32C219482C68212F7091A9AC675E7B2043FFFFFFFFFFB1FFF00014915ADB942DE9A40B5632A
13388B2C211D82C6D712F5571A9A8475C7B2054FFFFFFFFFFB1FFF00015215ADB942DE9B40B56342
13355C2C20CF82C72A12F2C21A9A597537B15F6FFFFFFFFFFB2FFF00015015ADB942DE9B40B5635A
1334E32C212082C78812F2B01A9A8B7557B3BD9FFFFFFFFFFB2FFF00014E15ADB942DE9B40B56372
1333D22C218982C7E912F0A01A9ACA7597B203FFFFFFFFFFFB3FFF00015715ADB942DE9C40B5638A
1330AA2C216882C84912EDEC1A9AA875F7B003FFFFFFFFFFFB2FFF00014C15ADB942DE9C40B563A2
132EAE2C203882C8A912EBFD1A9A0E75F7B003FFFFFFFFFFFB2FFF00015215ADBA42DE9C40B563BA
1320622C10B382C90A12DDA51A918F7637B305EFFFFFFFFFFB3FFF00014B15ADBA42DE9C40B563D2
1311CC2C016982C96812CF601A89217617B96E3FFFFFFFFFFB3FFF00015315ADBA42DE9D40B563EA
13049D2BF56782C9C012C2881A82907607BA21EFFFFFFFFFFB3FFF00015315ADBA42DE9D40B56302
1302F92BF4C082CA1A12C0EF1A82407627BA03FFFFFFFFFFFB2FFF00015415ADBA42DE9D40B5631A
1301502BF70D82CA7712BF281A836475A7B903FFFFFFFFFFFB1FFF00014D15ADBA42DE9D40B56332
12FCE82BF3F382CAD812BACF1A81B075D7BA03FFFFFFFFFFFB0FFF00015415ADBB42DE9E40B5534A
12F8352BF02782CB3612B6351A7F937627BA420FFFFFFFFFFAFFFF00015215ADBB42DE9E40B56362
12F6F22BF01982CB9212B4EA1A7F8875E7B58EDFFFFFFFFFFB1FFF00014915ADBB42DE9E40B5637A
12F1212BE91182CBEE12AF191A7BAA75C7B326AFFFFFFFFFFB0FFF00015215ADBB42DE9F40B56392
12E81D2BDEEE82CC4A12A6491A76237667B603FFFFFFFFFFFAFFFF00015315ADBB42DE9F40B563AA
12E3082BD9D682CCA712A1471A73557677BB042FFFFFFFFFFAEFFF00015215ADBB42DE9F40B563C2
12DF5A2BD59A82CD00129DAD1A710376A7C103FFFFFFFFFFFADFFF00015115ADBC42DE9F40B563DA
12DD302BD35F82CD5E129B861A6FC57657C009CFFFFFFFFFFAEFFF00015315ADBC42DEA040B563F2
12D9492BCF4882CDC11297A11A6D877657BE9FEFFFFFFFFFFADFFF00014C15ADBC42DEA040B5630A
12D20B2BC7DE82CE1E1290851A697976D7BF2B6FFFFFFFFFFACFFF00015315ADBC42DEA040B56322
12CC682BC1BC82CE73128AF51A661776E7C003FFFFFFFFFFFADFFF00014F15ADBC42DEA140B5533A
12C9CE2BBEFD82CECC1288671A649876B7C103FFFFFFFFFFFAEFFF00014E15ADBC42DEA140B55352
12C78B2BBD1A82CF2E1286281A638976B7C303FFFFFFFFFFFAEFFF00013B15ADBD42DEA140B5636A
12C5122BBAA482CF901283B91A622F76D7C81ECFFFFFFFFFFACFFF00015115ADBD42DEA140B56382
12C4282BBA0482CFEA1282D01A61D47727CDC1EFFFFFFFFFFACFFF00015315ADBD42DEA240B5539A
12C43A2BBAF582D0441282EC1A625C7797CD316FFFFFFFFFFACFFF00015215ADBD42DEA240B553B2
12C57E2BBDC882D0A11284211A63E47757CE449FFFFFFFFFFACFFF00015015ADBD42DEA240B563CA
12C4EE2BBDB082D1011283931A63DC7737CE042FFFFFFFFFFACFFF00014E15ADBD42DEA240B553E2
12C42B2BBD6682D1631282D41A63B27787CB03FFFFFFFFFFFABFFF00014E15ADBE42DEA340B553FA
12C37D2BBD0982D1C01282281A638077A7CC28CFFFFFFFFFFA9FFF00015015ADBE42DEA340B54312
12C2AD2BBC4D82D21712815C1A631A77C7CE5EEFFFFFFFFFFA9FFF00015215ADBE42DEA340B5632A
12C11C2BBAAB82D26E127FD41A623B7847CF03FFFFFFFFFFFA8FFF00014915ADBE42DEA440B54342
12BEB92BB79882D2CD127D6B1A60817887D203FFFFFFFFFFFA5FFF00014F15ADBE42DEA440B5535A
12BB712BB36C82D334127A331A5E3C7867D703FFFFFFFFFFFA4FFF00014E15ADBE42DEA440B55372
12BA592BB22882D39912791B1A5D8278F7DC03FFFFFFFFFFFA4FFF00014315ADBF42DEA440B5438A
12BA1A2BB24A82D3F31279101A5DBF7927DF349FFFFFFFFFFA1FFF00014D15ADBF42DEA540B553A2
12BB3E2BB49282D4471279FD1A5ED67907E2663FFFFFFFFFFA1FFF00014A15ADBF42DEA540B553BA
12B94F2BB20E82D49A12781A1A5D7A7917E3386FFFFFFFFFFA1FFF00014915ADBF42DEA540B543D2
12B7952BAFCC82D4F81276611A5C3B7967E6A52FFFFFFFFFF9FFFF00014D15ADBF42DEA640B543EA
12B3092BA9BA82D5611271DA1A58E17917E803FFFFFFFFFFF9AFFF00014E15ADBF42DEA640B54302
12B32B2BAA8A82D5C81272031A59507957EB03FFFFFFFFFFF96FFF00014D15ADC042DEA640B5531A
12B0BE2BA74F82D623126FA91A579779B7F203FFFFFFFFFFF92FFF00014C15ADC042DEA640B54332
12AD1D2BA2A682D675126C0F1A550579F7F4044FFFFFFFFFF8AFFF00014C15ADC042DEA740B5434A
12AAD22B9FEF82D6CA1269CC1A53857A97F94DDFFFFFFFFFF7DFFF00014D15ADC042DEA740B54362
12A9FE2B9FCA82D72B1269001A53727B37FEB89FFFFFFFFFF73FFF00014E15ADC042DEA740B5437A
12A8D22B9FA382D78C1267C21A53557B280403FFFFFFFFFFF68FFF00014F15ADC042DEA740B54392
12A5172B9BD982D7ED1264201A51497BE80D03FFFFFFFFFFF56FFF00014E15ADC142DEA840B543AA
12A33B2B99E982D84F12624D1A50377C881503FFFFFFFFFFF4FFFF00014D15ADC142DEA840B543C2
12A1DC2B985982D8AA1260F91A4F5E7D982003FFFFFFFFFFF4AFFF00014B15ADC142DEA840B543DA
12A0752B96C282D900125FAD1A4E8B7E782C052FFFFFFFFFF4BFFF00014A15ADC142DEA940B553F2
129FE82B960682D959125EF71A4E097ED833048FFFFFFFFFF4FFFF00014B15ADC142DEA940B5430A
129F332B950682D9BA125E401A4D827EF8393B2FFFFFFFFFF4CFFF00014D15ADC142DEA940B54322
1299DF2B8EC882DA1E12590C1A4A1A7F883C043FFFFFFFFFF48FFF00014615ADC242DEA940B5433A
1298592B8CF682DA7D12578B1A491A7FF844347FFFFFFFFFF48FFF00014C15ADC242DEAA40B54352
1295BD2B89CC82DADA1254F81A475F80C850451FFFFFFFFFF47FFF00014215ADC242DEAA40B5436A
1291892B85A782DB341250BF1A451080E85903FFFFFFFFFFF44FFF00014815ADC242DEAA40B54382
128D252B811C82DB8F124C7C1A429A81B86203FFFFFFFFFFF44FFF00014915ADC242DEAA40B5339A
12894D2B7CF282DBEF1248B01A405582D87103FFFFFFFFFFF4CFFF00014B15ADC242DEAB40B543B2
1283CF2B776F82DC4C12435C1A3D5783F88503FFFFFFFFFFF51FFF00014C15ADC342DEAB40B543CA
127F1B2B738882DCA4123EA61A3B2D84E895050FFFFFFFFFF53FFF00014B15ADC342DEAB40B543E2
1279A52B6F1D82DCFE12394A1A38BF8658A703FFFFFFFFFFF58FFF00014A15ADC342DEAC40B543FA
12750D2B6B8F82DD5A1234BA1A36C58828BC03FFFFFFFFFFF60FFF00014A15ADC342DEAC40B54312
12730E2B69E182DDB71232BE1A35DB8A28D903FFFFFFFFFFF60FFF00014915ADC342DEAC40B5432A
126F4A2B659382DE18122EF41A33778BA8F4315FFFFFFFFFF62FFF00014915ADC342DEAC40B54342
1266D92B5B1382DE7612261F1A2D5E8CF908043FFFFFFFFFF69FFF00014915ADC442DEAD40B5335A
125EEB2B51EA82DECE121EE01A28B68DF91703FFFFFFFFFFF6BFFF00014815ADC442DEAD40B54372
125BE12B4E9D82DF25121BC71A26DB8ED92A350FFFFFFFFFF6BFFF00014915ADC442DEAD40B5438A
1254CE2B479F82DF831214D91A23128FD939044FFFFFFFFFF6DFFF00014B15ADC442DEAE40B533A2
124EEB2B426182DFE1120F1B1A203390B94703FFFFFFFFFFF6CFFF00014B15ADC442DEAE40B543BA
124B8C2B3F8582E03C120BC61A1E9F92195A03FFFFFFFFFFF72FFF00014915ADC442DEAE40B533D2
1248ED2B3D5B82E09A1209241A1D6C93897003FFFFFFFFFFF72FFF00013415ADC542DEAE40B533EA
1246202B3BCA82E0F812065E1A1C8F94A98103FFFFFFFFFFF72FFF00014415ADC542DEAF40B53302
1243062B3AEC82E1581203401A1C12958990053FFFFFFFFFF75FFF00014515ADC542DEAF40B5331A
123C442B366482E1B411FC9E1A199796D99F211FFFFFFFFFF79FFF00013915ADC542DEAF40B53332
1235CA2B30F282E20D11F6311A16999889B503FFFFFFFFFFF7EFFF00014915ADC542DEAF40B5334A
122D2C2B28F582E26211ED961A122D9A69D103FFFFFFFFFFF83FFF00014A15ADC542DEB040B53362
12245C2B1FD182E2BF11E50C1A0D3A9C29ED03FFFFFFFFFFF87FFF00014715ADC642DEB040B5337A
12225E2B1D9982E32311E3191A0C039DBA08A2FFFFFFFFFFF88FFF00014615ADC642DEB040B53392
1221092B1C2082E38611E1C81A0B309EBA1A040FFFFFFFFFF87FFF00014515ADC642DEB140B533AA
121F782B1A7082E3E511E03B1A0A449F4A2403FFFFFFFFFFF89FFF00014515ADC642DEB140B533C2
121DE92B18BD82E44311DEAF1A09559FBA2A03FFFFFFFFFFF89FFF00014515ADC642DEB140B533DA
121B1B2B15A782E49D11DBEB1A07A4A02A302EDFFFFFFFFFF8AFFF00014615ADC642DEB140B533F2
1217DF2B11F182E4F511D8A11A0592A05A36148FFFFFFFFFF8CFFF00014715ADC742DEB240B5330A
120BA62B045682E55111CC7D19FE26A04A3B0B8FFFFFFFFFF8DFFF00014815ADC742DEB240B53322
12003E2AF7D582E5B311C16619F751A05A3C03FFFFFFFFFFF92FFF00014715ADC742DEB240B5333A
11FD762AF4C682E61911BEA819F59FA0FA4003FFFFFFFFFFF93FFF00013E15ADC742DEB240B53352
11FB462AF25682E67B11BC8819F44EA1EA4A445FFFFFFFFFF92FFF00014415ADC742DEB340B5236A
11F75E2AEDD182E6D511B88F19F1C1A28A55565FFFFFFFFFF92FFF00014315ADC842DEB340B53382
11F1282AE6CE82E72E11B28619EDFBA32A5E03FFFFFFFFFFF96FFF00014315ADC842DEB340B5239A
11ED572AE29282E79111AEBF19EBA4A36A6403FFFFFFFFFFF98FFF00014415ADC842DEB440B533B2
11EC002AE10882E7F611AD5C19EAC7A3CA6903FFFFFFFFFFF99FFF00014615ADC842DEB440B523CA
11E4732AD88382E85511A5EB19E622A40A7003FFFFFFFFFFF99FFF00014715ADC842DEB440B523E2
11DE9D2AD1BB82E8AC11A02119E25FA44A7710EFFFFFFFFFF9EFFF00014515ADC842DEB440B533FA
11D9882ACBBC82E903119B1819DF16A4BA7D03FFFFFFFFFFFA2FFF00014415ADC942DEB540B53312
11D2A52AC3A782E96611945519DAAFA53A8103FFFFFFFFFFFA2FFF00014415ADC942DEB540B5232A
11CF992AC00882E9D211916119D8B7A5AA8803FFFFFFFFFFFA3FFF00014315ADC942DEB540B52342
11CCCA2ABC9E82EA34118E9119D6D1A64A8F767FFFFFFFFFFA4FFF00014115ADC942DEB540B5235A
11C7AD2AB65282EA8B11898B19D366A69A93050FFFFFFFFFFA9FFF00014015ADC942DEB640B52372
11C3952AB0F882EADF11855D19D067A6CA9803FFFFFFFFFFFABFFF00014315ADC942DEB640B5338A
11B5072A9E1182EB3A1176DB19C603A6FA9C03FFFFFFFFFFFAEFFF00013E15ADCA42DEB640B523A2
11A72B2A8C2A82EB9B11697719BC55A73A9E03FFFFFFFFFFFB2FFF00013F15ADCA42DEB740B523BA
11A4042A87BB82EC0111664B19B9D7A7DAA6040FFFFFFFFFFB5FFF00013B15ADCA42DEB740B523D2
119E0B2A7FC482EC6811606E19B587A86AB0040FFFFFFFFFFB7FFF00013515ADCA42DEB740B523EA
1199E92A7AA182ECC9115C6119B2B6A8DAB803FFFFFFFFFFFB8FFF00013D15ADCA42DEB740B52302
1197A52A77E082ED1E115A2619B134A98ABD03FFFFFFFFFFFB9FFF00013F15ADCA42DEB840B5231A
11946E2A73E882ED721156F219AF0BA9CAC00C9FFFFFFFFFFB7FFF00013A15ADCB42DEB840B52332
118D952A6ABC82EDCF11502B19A9FBA9AAC253EFFFFFFFFFFB9FFF00014515ADCB42DEB840B5234A
11873B2A621F82EE331149DA19A541A97AC103FFFFFFFFFFFBBFFF00014215ADCB42DEB840B52362
117EF82A56FE82EE961141C8199F3BA98AC103FFFFFFFFFFFBEFFF00013F15ADCB42DEB940B5237A
1179722A4FAA82EEF6113C57199B31AA0AC703FFFFFFFFFFFC0FFF00014015ADCB42DEB940B52392
1176A32A4BDF82EF5611399019991FAA3ACC03FFFFFFFFFFFC1FFF00013D15ADCB42DEB940B523AA
1174112A486D82EFB5113709199735AA6AD11F5FFFFFFFFFFC2FFF00013C15ADCC42DEBA40B523C2
11714E2A44C182F010113445199539AACAD5043FFFFFFFFFFC3FFF00013E15ADCC42DEBA40B523DA
116EFE2A41B282F06C11320719938EAB0AD703FFFFFFFFFFFC3FFF00014215ADCC42DEBA40B523F2
116D2C2A3F4D82F0CC11303A19923DAB3AD803FFFFFFFFFFFC3FFF00013715ADCC42DEBA40B5230A
116ADF2A3C4082F12A112DF3199095AB4ADA311FFFFFFFFFFC2FFF00014115ADCC42DEBB40B52322
1168CD2A398B82F186112BE2198F13AB4ADB182FFFFFFFFFFC2FFF00013F15ADCC42DEBB40B5233A
1166C12A36D582F1E71129D2198D94AB3ADC03FFFFFFFFFFFC3FFF00013C15ADCD42DEBB40B52352
11637C2A32B282F24B1126A7198B59AB4ADD03FFFFFFFFFFFC4FFF00013D15ADCD42DEBB40B5236A
1160CD2A2F2C82F2AD1123F4198966AB6ADC03FFFFFFFFFFFC4FFF00013E15ADCD42DEBC40B52382
115DD72A2B3282F30711210019873AAB3ADB03FFFFFFFFFFFC4FFF00013F15ADCD42DEBC40B5239A
115A072A264082F360111D47198489AB4ADC03FFFFFFFFFFFC4FFF00014015ADCD42DEBC40B523B2
1157502A22A482F3BC111AA3198292AB3ADC03FFFFFFFFFFFC5FFF00014115ADCD42DEBD40B523CA
1156B12A225F82F41F111A0B19826AAB3ADC03FFFFFFFFFFFC5FFF00014015ADCE42DEBD40B523E2
1154072A200C82F48111174B19811EAB4ADB03FFFFFFFFFFFC5FFF00013E15ADCE42DEBD40B523FA
114F732A1A1682F4E21112D2197DE2AACAD53B0FFFFFFFFFFC5FFF00013D15ADCE42DEBD40B52312
114B782A14BD82F543110EF1197AF6A99AC603FFFFFFFFFFFC6FFF00013B15ADCE42DEBE40B5232A
114AAC2A13CC82F5A4110E2A197A74A89AB903FFFFFFFFFFFC6FFF00013B15ADCE42DEBE40B52342
1149D32A126F82F600110D3F1979AAA85AB203FFFFFFFFFFFC6FFF00013D15ADCE42DEBE40B5235A
1145C12A0CA982F65A110934197686A80AAD03FFFFFFFFFFFC6FFF00013F15ADCF42DEBE40B52372
1142092A07AF82F6B611059E1973D7A7EAAB03FFFFFFFFFFFC8FFF00014015ADCF42DEBF40B5238A
113F122A03CC82F7151102A41971ACA83AAE03FFFFFFFFFFFC8FFF00013F15ADCF42DEBF40B523A2
113BB829FF5982F77A10FF55196F44A89AB303FFFFFFFFFFFC7FFF00013D15ADCF42DEBF40B523BA
1138C529FB8D82F7DF10FC80196D36A8DAB703FFFFFFFFFFFC8FFF00013A15ADCF42DEBF40B523D2
1135ED29F78182F83E10F973196ADFA8CAB8171FFFFFFFFFFC9FFF00013A15ADCF42DEC040B523EA
1129BA29E6C582F89910ED541961C7A81AB1249FFFFFFFFFFC8FFF00012B15ADD042DEC040B52302
11206B29DA2D82F8F210E469195AFAA7AAAA03FFFFFFFFFFFC8FFF00013B15ADD042DEC040B5231A
111F0229D81982F95110E3081959D4A79AA603FFFFFFFFFFFC8FFF00013D15ADD042DEC140B52332
111DFB29D69382F9B310E208195902A79AA403FFFFFFFFFFFC8FFF00013F15ADD042DEC140B5234A
111D0429D53182FA1310E11D195847A79AA403FFFFFFFFFFFC8FFF00013E15ADD042DEC140B52362
111C4429D41E82FA7310E05C1957ACA7BAA503FFFFFFFFFFFC8FFF00013915ADD042DEC140B5237A
111BA329D33B82FAD410DFBE19572FA79AA603FFFFFFFFFFFCAFFF00013615ADD142DEC240B52392
111A5B29D16682FB3210DE61195621A78AA503FFFFFFFFFFFC9FFF00013615ADD142DEC240B523AA
11162E29CBA182FB8D10DA2F1952E9A79AA503FFFFFFFFFFFC8FFF00013A15ADD142DEC240B513C2
11107E29C38982FBEB10D471194E76A7AAA638FFFFFFFFFFFC9FFF00013D15ADD142DEC240B513DA
11063729B53682FC4A10CA1A19467EA7DAA704BFFFFFFFFFFC9FFF00013615ADD142DEC340B523F2
10FBC229A6A682FCA910C03B193ED9A82AA903FFFFFFFFFFFC8FFF00013C15ADD142DEC340B5130A
10F400299BAB82FD0910B8B01938FBA86AAC03FFFFFFFFFFFC9FFF00013815ADD242DEC340B50322
10EB15298F4682FD6A10B00A193254A8AAAE66FFFFFFFFFFFC9FFF00013715ADD242DEC440B5233A
10E8B7298BD782FDCB10AD9119304EA8FAB12D1FFFFFFFFFFC9FFF00013815ADD242DEC440B51352
10E876298B5E82FE2A10AD47193001A90AB403FFFFFFFFFFFC9FFF00013915ADD242DEC440B5136A
10E846298B0782FE8510AD06192FC3A8DAB803FFFFFFFFFFFC9FFF00013A15ADD242DEC440B51382
10E819298AB882FEE110ACBF192F80A8FAB803FFFFFFFFFFFC9FFF00013B15ADD242DEC540B5039A
10E73C29896C82FF3F10ABDB192EC8A90AB8045FFFFFFFFFFCAFFF00013B15ADD342DEC540B503B2
10E67A29885682FFA210AB54192E59A90AB917DFFFFFFFFFFC8FFF00013815ADD342DEC540B503CA
10E54829869F83000910AA1D192D65A91ABA03FFFFFFFFFFFC9FFF00013615ADD342DEC540B503E2
10E0B929802783006710A58C1929DEA90ABB03FFFFFFFFFFFC8FFF00013615ADD342DEC640B503FA
10DE83297D0C8300BD10A35B19281AA92ABC03FFFFFFFFFFFC8FFF00013615ADD342DEC640B51312
10DDA3297BC083011810A28219276AA94ABD85DFFFFFFFFFFC9FFF00013715ADD342DEC640B5032A
10DB912978B983017D10A06A1925C1A95ABF03FFFFFFFFFFFCAFFF00013A15ADD442DEC640B50342
10D89629747F8301E1109D7D192371A96AC003FFFFFFFFFFFC9FFF00013A15ADD442DEC740B5035A
10D7492972AD830239109C4A19227FA97ABF03FFFFFFFFFFFC9FFF00013715ADD442DEC740B51372
10D48D296EAD83029010994A192030A97AC003FFFFFFFFFFFC9FFF00013515ADD442DEC740B5038A
10CDA32965248302ED1092A4191B0EA97ABF0CBFFFFFFFFFFC9FFF00013515ADD442DEC840B503A2
10CA6C296091830352108F941918A1A97AC0087FFFFFFFFFFC9FFF00013715ADD442DEC840B503BA
10C95C295EFF8303B8108E811917C0A97AC103FFFFFFFFFFFC9FFF00012F15ADD542DEC840B503D2
10C902295E76830416108E3419177BA9BAC303FFFFFFFFFFFCAFFF00013415ADD542DEC840B503EA
10C8A9295DE883046D108DDB19172EAA1AC632EFFFFFFFFFFC9FFF00013315ADD542DEC940B50302
10C865295D838304C3108D9A1916F8AA4AC948EFFFFFFFFFFC9FFF00013415ADD542DEC940B5031A
10C825295D24830522108D561916C0AA6ACB03FFFFFFFFFFFC8FFF00013815ADD542DEC940B50332
10C7DB295CBF830586108D0D191687AA6ACD03FFFFFFFFFFFC8FFF00013915ADD642DEC940B5034A
10C799295C5B8305E5108CC419164DAA8ACF03FFFFFFFFFFFC8FFF00013615ADD642DECA40B50362
10C6C4295B1F830642108BF71915A8AAAAD003FFFFFFFFFFFC9FFF00013315ADD642DECA40B5037A
10C40A29572883069F108946191386AAAACF0E6FFFFFFFFFFC9FFF00013215ADD642DECA40B50392
10C0892952428306FE1085C31910CBAACAD003FFFFFFFFFFFC9FFF00013215ADD642DECA40B503AA
10BCDB294D0383075C108207190DE0AAFAD203FFFFFFFFFFFC9FFF00012C15ADD642DECB40B503C2
10BA7A2949A38307BB107FCA190C15AB1AD303FFFFFFFFFFFC9FFF00013615ADD742DECB40B503DA
10B95C29480283081A107EB5190B39AB2AD4760FFFFFFFFFFC8FFF00013615ADD742DECB40B503F2
10B800294608830876107D60190A24AB5AD6061FFFFFFFFFFCAFFF00013515ADD742DECB40B5030A
10B6D629444B8308D5107C4C19093EAB7AD803FFFFFFFFFFFCAFFF00013315ADD742DECC40B50322
10B55F29421A830932107AB21907F0AB8AD903FFFFFFFFFFFC8FFF00013215ADD742DECC40B5033A
10B3ED29400683098E1079651906E6AB8ADA03FFFFFFFFFFFC9FFF00013215ADD742DECC40B50352
10B3E729400B8309EE10795F1906E7AB8ADD06DFFFFFFFFFFC9FFF00013315ADD842DECD40B5036A
10B3D7293FF3830A501079551906DFAB9ADD0A1FFFFFFFFFFC9FFF00013315ADD842DECD40B50382
10B01A293A6C830AB21075671903BFAB7ADD03FFFFFFFFFFFCAFFF00012A15ADD842DECD40B4F39A
10A92C2930BA830B0F106EAB18FE87AB7ADD03FFFFFFFFFFFC9FFF00013215ADD842DECD40B503B2
10A62B292C61830B65106BCA18FC2AAB6ADB12BFFFFFFFFFFC9FFF00013215ADD842DECE40B503CA
10A4B9292A26830BBD106A4918FAEDAB8ADA730FFFFFFFFFFC9FFF00013315ADD842DECE40B503E2
109F17292204830C1E10649918F66DAB9ADC03FFFFFFFFFFFCAFFF00013315ADD942DECE40B4F3FA
109A79291B73830C8310603D18F2F6ABCADE03FFFFFFFFFFFC9FFF00013215ADD942DECE40B50312
109991291A18830CE4105F5218F22CAC2AE303FFFFFFFFFFFC9FFF00013015ADD942DECF40B4F32A
1097552916BA830D44105D1318F05AAC8AE903FFFFFFFFFFFC9FFF00012F15ADD942DECF40B4F342
109303291097830DA41058D918ED06ACBAED03FFFFFFFFFFFC9FFF00013015ADD942DECF40B4F35A
108FE1290C14830DFD1055C018EA8CACEAF1044FFFFFFFFFFC9FFF00013115ADD942DECF40B4F372
108DBF2908F9830E501053B618E8E4AD3AF504AFFFFFFFFFFCAFFF00012B15ADDA42DED040B4F38A
108C8229071D830EAB10526D18E7D8AD6AF803FFFFFFFFFFFCAFFF00013115ADDA42DED040B4F3A2
108AA429045A830F1010509418E65AAD7AF803FFFFFFFFFFFCAFFF00013315ADDA42DED040B4F3BA
1086F028FEF2830F77104CC018E34DAD9AFA0F4FFFFFFFFFFC9FFF00013215ADDA42DED040B4F3D2
10829128F8C6830FD710489918E006AD9AFC68BFFFFFFFFFFC9FFF00012015ADDA42DED140B4F3EA
1081DB28F7A983102F1047D618DF5FAD7AFC03FFFFFFFFFFFC9FFF00012B15ADDA42DED140B4F302
10811028F69383108510471918DECAAD4AFA03FFFFFFFFFFFC9FFF00012C15ADDB42DED140B4F31A
10801828F51A8310E510467818DE49AD3AF903FFFFFFFFFFFC9FFF00013015ADDB42DED140B4E332
107EB828F3258311491044C518DCEFAD3AF903FFFFFFFFFFFC9FFF00013115ADDB42DED240B4F34A
107DF728F2118311AA10440F18DC5DAD3AF703FFFFFFFFFFFC9FFF00013215ADDB42DED240B4F362
107D7328F14A83120310439B18DBFBAD2AF503FFFFFFFFFFFC9FFF00013115ADDB42DED240B4F37A
107C0E28EF4183125810424F18DAEFAD1AF403FFFFFFFFFFFCAFFF00012715ADDB42DED340B4F392
107AC828ED688312B01040FC18D9E3ACFAF303FFFFFFFFFFFC9FFF00012C15ADDC42DED340B4F3AA
10799F28EBBA831317103FC618D8EAACEAF2449FFFFFFFFFFC9FFF00012315ADDC42DED340B4F3C2
10783128E9A2831382103E6718D7CFACCAF1223FFFFFFFFFFC8FFF00012D15ADDC42DED340B4F3DA
10770928E7F78313E3103D4B18D6EBACCAF003FFFFFFFFFFFC8FFF00012F15ADDC42DED440B4E3F2
10758128E59C831434103BA518D591ACDAEE03FFFFFFFFFFFC9FFF00012615ADDC42DED440B4E30A
106F2228DC6083148710354818D078ACDAEE03FFFFFFFFFFFC9FFF00012D15ADDC42DED440B4E322
10676128D15B8314E5102DAC18CA84ACCAEF03FFFFFFFFFFFC8FFF00012E15ADDD42DED440B4E33A
10654328CE3283154C102BCC18C8F1ACCAF003FFFFFFFFFFFC9FFF00012F15ADDD42DED540B4E352
10646C28CCCF8315AC102AE418C823AD0AF2053FFFFFFFFFFC8FFF00012E15ADDD42DED540B4F36A
10620828C95F83160910287718C635AD2AF503FFFFFFFFFFFC9FFF00011B15ADDD42DED540B4E382
1060F528C7D783166710276F18C562AD5AF803FFFFFFFFFFFC9FFF00012815ADDD42DED540B4E39A
105F9E28C5DD8316C510261918C44FAD5AF903FFFFFFFFFFFCAFFF00012215ADDD42DED640B4E3B2
105E1928C3998317231024A218C317AD7AFA5B2FFFFFFFFFFCAFFF00012A15ADDE42DED640B4E3CA
105C5B28C0ED8317801022EF18C1ACAD8AF92B6FFFFFFFFFFC9FFF00012E15ADDE42DED640B4E3E2
1059E028BD5B8317DB10206E18BFB2AD7AF903FFFFFFFFFFFC9FFF00011D15ADDE42DED640B4E3FA
1058AA28BB9A831835101F4D18BEC4AD8AFB03FFFFFFFFFFFC9FFF00012C15ADDE42DED740B4E312
1057A928BA1A831896101E5418BDFAAD8AFC03FFFFFFFFFFFC9FFF00012B15ADDE42DED740B4E32A
10551528B6678318F8101BC918BBF7AD7AFC03FFFFFFFFFFFC9FFF00012915ADDE42DED740B4E342
1053C928B47C831955101A6F18BADCAD9AFC03FFFFFFFFFFFC9FFF00012815ADDF42DED740B4E35A
1050ED28B0518319B110178C18B889AD8AFD03FFFFFFFFFFFC8FFF00012015ADDF42DED840B4E372
104E0B28AC1F831A0D1014B518B646AD8AFC03FFFFFFFFFFFCAFFF00012A15ADDF42DED840B4E38A
104C0728A926831A6F1012BD18B4A9AD8AFB03FFFFFFFFFFFC9FFF00012D15ADDF42DED840B4E3A2
104A1428A63A831ACC1010DB18B31EAD8AFB5FAFFFFFFFFFFC9FFF00012D15ADDF42DED840B4E3BA
10477D28A273831B26100E3918B104AD9AFC03FFFFFFFFFFFC9FFF00012115ADE042DED940B4E3D2
1043C6289D13831B83100A8618AE12ADCAFE03FFFFFFFFFFFC9FFF00012515ADE042DED940B4E3EA
104091289858831BE810076A18AB84ADEB0003FFFFFFFFFFFCAFFF00011E15ADE042DED940B4E302
103F752896A1831C4910066C18AAA8AE0B0103FFFFFFFFFFFCAFFF00012915ADE042DED940B4E31A
103F102895FC831CA310060918AA4CADFB0103FFFFFFFFFFFC9FFF00012815ADE042DEDA40B4E332
103E3B2894A6831CFA10052718A987AE0B0303FFFFFFFFFFFC9FFF00012415ADE042DEDA40B4E34A
103D2928930C831D5510043818A8C0AE1B0403FFFFFFFFFFFC9FFF00012015ADE142DEDA40B4E362
103C5B2891D9831DB610035718A80BAE2B0503FFFFFFFFFFFC9FFF00012715ADE142DEDA40B4E37A
103A9A288F46831E1A10019118A69FAE4B0618AFFFFFFFFFFC9FFF00012715ADE142DEDB40B4E392
1038DD288CCE831E790FFFD918A545AE3B0729DFFFFFFFFFFCAFFF00012515ADE142DEDB40B4E3AA
1036DD2889DD831ED30FFDF118A3B6AE5B0903FFFFFFFFFFFC8FFF00012615ADE142DEDB40B4E3C2
10343E288619831F2F0FFB4D18A1A2AE8B0A03FFFFFFFFFFFC9FFF00012715ADE142DEDB40B4E3DA
10323C288318831F8C0FF945189FF7AEAB0B1A7FFFFFFFFFFC9FFF00012815ADE242DEDC40B4E3F2
102F9E287F2E831FE90FF696189DC5AECB0D908FFFFFFFFFFC9FFF00012715ADE242DEDC40B4E30A
102AB028780183204A0FF1D31899F3AECB0E03FFFFFFFFFFFC9FFF00012615ADE242DEDC40B4E322
1028D52875428320A90FF01F189889AEEB0F03FFFFFFFFFFFC9FFF00011C15ADE242DEDC40B4E33A
10284B28746D8321020FEF7E1897FDAEFB1103FFFFFFFFFFFC9FFF00012415ADE242DEDD40B4E352
10279E28735F83215C0FEEE218977DAEFB1203FFFFFFFFFFFC9FFF00012615ADE342DEDD40B4E36A
1026E72872528321BF0FEE351896F0AEDB125E5FFFFFFFFFFC9FFF00012615ADE342DEDD40B4E382
1025FE2870F58322200FED42189626AF0B1106BFFFFFFFFFFC9FFF00011415ADE342DEDE40B4E39A
1024FA286F7783227D0FEC40189558AF2B1203FFFFFFFFFFFC9FFF00012215ADE342DEDE40B4E3B2
102330286CD18322DB0FEA721893DFAF2B1303FFFFFFFFFFFC8FFF00012515ADE342DEDE40B4E3CA
1020952868FF8323330FE7E31891D0AF3B1303FFFFFFFFFFFC9FFF00012715ADE342DEDE40B4D3E2
101F1F2866D983238B0FE6711890A0AF5B14149FFFFFFFFFFC8FFF00012615ADE442DEDF40B4D3FA
101D3F2864138323EC0FE49E188F25AF4B1423EFFFFFFFFFFC8FFF00012315ADE442DEDF40B4E312
101B5928614B8324520FE2B5188D9AAF1B1303FFFFFFFFFFFC8FFF00011B15ADE442DEDF40B4D32A
101A7D2860078324B30FE1EA188CF4AF1B1303FFFFFFFFFFFC9FFF00011F15ADE442DEDF40B4D342
1019EF285F3083250F0FE157188C7CAF2B13123FFFFFFFFFFC9FFF00012215ADE442DEE040B4D35A
101879285D088325680FDFEB188B54AF3B137A0FFFFFFFFFFC9FFF00012515ADE442DEE040B4E372
101761285B6E8325C00FDEDB188A78AF2B1303FFFFFFFFFFFC9FFF00012515ADE542DEE040B4E38A
10161F28599083261A0FDD95188971AF2B1303FFFFFFFFFFFC9FFF00012215ADE542DEE040B4D3A2
1013E42856478326780FDB621887A7AF3B1403FFFFFFFFFFFC8FFF00012115ADE542DEE140B4D3BA
10103B2850C68326DB0FD79F188497AF3B1303FFFFFFFFFFFC8FFF00012215ADE542DEE140B4C3D2
10088C28459A83273A0FD056187EB5AF3B1204CFFFFFFFFFFC9FFF00012315ADE542DEE140B4D3EA
100477283F758327920FCBF8187B1BAF2B1303FFFFFFFFFFFCBFFF00012215ADE642DEE140B4C302
0FFE6928366D8327EC0FC5FA187636AF2B1403FFFFFFFFFFFC9FFF00012215ADE642DEE240B4D31A
0FF7C8282C8B83284D0FBF541870C0AF3B1403FFFFFFFFFFFC9FFF00011A15ADE642DEE240B4C332
0FF00F2820CE8328AC0FB7E8186AA0AF6B1553DFFFFFFFFFFC9FFF00012115ADE642DEE240B4C34A
0FE8E628164B8329050FB0CF1864C7AF8B172A2FFFFFFFFFFC9FFF00011F15ADE642DEE240B4C362
0FE64F28123A83295F0FAE4A1862A1AFCB1A03FFFFFFFFFFFC9FFF00012015ADE642DEE340B4D37A
0FE03D2809548329BF0FA854185DD2B00B1E03FFFFFFFFFFFC9FFF00012315ADE742DEE340B4C392
0FDD6228051D832A200FA5A0185B98B04B2303FFFFFFFFFFFC9FFF00012315ADE742DEE340B4C3AA
0FDAB02800FF832A7C0FA2DF18594DB08B2703FFFFFFFFFFFC9FFF00012015ADE742DEE340B4D3C2
0FD7A427FC76832AD90F9FE81856DDB0CB2B123FFFFFFFFFFC9FFF00011C15ADE742DEE440B4C3DA
0FD4DC27F833832B370F9D21185489B10B2E03FFFFFFFFFFFC8FFF00011C15ADE742DEE440B4C3F2
0FD2E327F536832B980F9B3B1852EDB14B3103FFFFFFFFFFFC8FFF00011715ADE742DEE440B4C30A
0FCF5727EFBB832BF10F97A8184FF0B18B3403FFFFFFFFFFFC9FFF00011A15ADE842DEE440B4C322
0FCB9127EA18832C460F9402184CE9B1AB376DFFFFFFFFFFFCAFFF00012215ADE842DEE540B4D33A
0FCA7B27E863832CA40F92FC184C02B1CB3A03FFFFFFFFFFFC9FFF00012015ADE842DEE540B4C352
0FCA2927E7DE832D0A0F92A5184BB5B1BB3B03FFFFFFFFFFFC9FFF00011D15ADE842DEE540B4C36A
0FC81727E4BE832D6F0F9093184A01B1CB3D03FFFFFFFFFFFC9FFF00011B15ADE842DEE540B4C382
0FC47927DF5F832DCE0F8CFD184715B1CB3E03FFFFFFFFFFFC9FFF00011915ADE942DEE640B4C39A
0FC0B227D9B7832E250F892E1843F5B1EB3F042FFFFFFFFFFC9FFF00011C15ADE942DEE640B4C3B2
0FBE0327D5AA832E790F86A11841D2B1FB40041FFFFFFFFFFC9FFF00012015ADE942DEE640B4C3CA
0FBCEC27D3FE832ED00F85901840E9B21B4003FFFFFFFFFFFC8FFF00012215ADE942DEE740B4C3E2
0FBB4227D168832F300F83DF183F7CB22B4003FFFFFFFFFFFC7FFF00012215ADE942DEE740B4C3FA
0FB75827CB7E832F950F8009183C51B22B40281FFFFFFFFFFC8FFF00011615ADE942DEE740B4C312
0FB42227C6A4832FFA0F7CD31839A4B23B41418FFFFFFFFFFC8FFF00010815ADEA42DEE740B4C32A
0FAF8E27BFBD83305B0F782D1835CDB23B4203FFFFFFFFFFFC8FFF00010C15ADEA42DEE740B4C342
0FAAC827B8968330B40F739C183209B24B4303FFFFFFFFFFFC8FFF00011915ADEA42DEE840B4C35A
0FA82D27B4AA8331090F711E182FF3B25B4303FFFFFFFFFFFC8FFF00011815ADEA42DEE840B4C372
0FA7D027B40983315F0F70C1182F9BB25B4403FFFFFFFFFFFC8FFF00012215ADEA42DEE840B4C38A
0FA76627B35D8331BD0F7056182F3CB25B4503FFFFFFFFFFFC8FFF00012015ADEB42DEE940B4B3A2
0FA54C27B01D8332200F6E3E182D7DB26B4503FFFFFFFFFFFC9FFF00011315ADEB42DEE940B4C3BA
0FA2B727AC3F8332860F6BBA182B64B28B462A7FFFFFFFFFFC9FFF00011815ADEB42DEE940B4C3D2
0FA18A27AA858332E80F6A8C182A6FB2AB47985FFFFFFFFFFC8FFF00011815ADEB42DEE940B4B3EA
0FA09327A9138333420F69951829A5B2BB4803FFFFFFFFFFFC8FFF00011115ADEB42DEE940B4C302
0F9FAF27A7B28333970F68B51828E6B2AB4803FFFFFFFFFFFC9FFF00011B15ADEB42DEEA40B4B31A
0F9CB127A32C8333F00F65B6182672B2AB4803FFFFFFFFFFFC8FFF00011C15ADEC42DEEA40B4B332
0F9AFE27A0A983344F0F641B18251CB2AB4903FFFFFFFFFFFC8FFF00011E15ADEC42DEEA40B4B34A
0F9A1A279F3D8334B00F6333182453B2BB494FFFFFFFFFFFFC9FFF00011E15ADEC42DEEB40B4B362
0F96C4279A0483350F0F5FB6182161B2CB4923AFFFFFFFFFFC8FFF00011A15ADEC42DEEB40B4B37A
0F90CF27914283356F0F59FC181CB5B2DB4903FFFFFFFFFFFC8FFF00011715ADEC42DEEB40B4B392
0F8F47278ED08335CB0F5870181B60B2EB4A03FFFFFFFFFFFC7FFF00011815ADEC42DEEB40B4B3AA
0F8D3F278BBE8336250F567B1819BCB2BB4903FFFFFFFFFFFC7FFF00011815ADED42DEEB40B4B3C2
0F8C132789EA8336810F55491818B3B2AB4904DFFFFFFFFFFC8FFF00011115ADED42DEEC40B4B3DA
0F887E27846C8336DF0F51AB1815B1B2DB4A7D6FFFFFFFFFFC8FFF00011B15ADED42DEEC40B4B3F2
0F83F8277DB583373A0F4D39181211B30B4D2C6FFFFFFFFFFC8FFF00011B15ADED42DEEC40B4B30A
0F81BF277A588337960F4B3E181065B32B4F03FFFFFFFFFFFC9FFF00011915ADED42DEEC40B4B322
0F80E92779058337F70F4A5B180FA1B33B5003FFFFFFFFFFFC8FFF00011815ADEE42DEED40B4B33A
0F7EDF2775ED8338580F4837180DE0B34B5103FFFFFFFFFFFC8FFF00011715ADEE42DEED40B4B352
0F7C7E2772658338B30F45FB180C08B35B52048FFFFFFFFFFC7FFF00011615ADEE42DEED40B4B36A
0F7ADD276FE58339090F4457180AA6B36B54746FFFFFFFFFFC7FFF00011515ADEE42DEED40B4B382
0F7831276BD88339640F41B2180879B37B562AAFFFFFFFFFFC7FFF00011715ADEE42DEEE40B4B39A
0F761A2768B68339C50F3FAB1806C8B38B5603FFFFFFFFFFFCAFFF00011A15ADEE42DEEE40B4B3B2
0F7457276617833A260F3DE6180555B38B5603FFFFFFFFFFFC9FFF00011215ADEF42DEEE40B4A3CA
0F7272276344833A7D0F3C041803CDB3AB5703FFFFFFFFFFFC9FFF00011415ADEF42DEEE40B4B3E2
0F70F1276109833AD80F3A951802A1B40B5B05CFFFFFFFFFFC9FFF00011615ADEF42DEEF40B4B3FA
0F7007275F9D833B3A0F39AD1801DCB4EB6597DFFFFFFFFFFC8FFF00011615ADEF42DEEF40B4A312
0F6EC7275DB9833B9C0F386C1800D2B5AB70331FFFFFFFFFFC8FFF00011515ADEF42DEEF40B4A32A
0F6D3E275B5B833BF90F36E817FF8BB61B7903FFFFFFFFFFFC8FFF00011515ADEF42DEEF40B4B342
0F6B1B27581A833C500F34CC17FDCFB66B7E03FFFFFFFFFFFC8FFF00011515ADF042DEF040B4A35A
0F6866275410833CA60F321717FB8FB6AB8103FFFFFFFFFFFC8FFF00011615ADF042DEF040B4A372
0F6614275061833D030F2FD917F9A1B6BB830EEFFFFFFFFFFC9FFF00011715ADF042DEF040B4A38A
0F612D274910833D670F2B0217F5ACB6BB86AEDFFFFFFFFFFC8FFF00011615ADF042DEF040B4B3A2
0F5F5A27464B833DCE0F293C17F427B6BB87377FFFFFFFFFFC8FFF00011315ADF042DEF140B4A3BA
0F5E2C27445B833E2F0F27E317F2FCB6BB8603FFFFFFFFFFFC7FFF00010915ADF042DEF140B4B3D2
0F5923273CC0833E860F231117EEF7B6BB8503FFFFFFFFFFFC8FFF00011115ADF142DEF140B4A3EA
0F5830273B36833EDA0F222317EE21B6AB8403FFFFFFFFFFFC9FFF00011315ADF142DEF140B4A302
0F56C7273901833F350F20A517ECDCB68B83149FFFFFFFFFFC9FFF00011515ADF142DEF240B4A31A
0F55F12737B6833F940F1FEC17EC3DB67B82C02FFFFFFFFFFC8FFF00011715ADF142DEF240B4A332
0F5588273713833FF50F1F8C17EBEDB65B813CAFFFFFFFFFFC8FFF00011615ADF142DEF240B4A34A
0F54B72735DA8340560F1EC617EB4AB63B8003FFFFFFFFFFFC8FFF00011115ADF142DEF240B4A362
0F53422733808340B60F1D3917E9F1B63B7F207FFFFFFFFFFC7FFF00010C15ADF242DEF340B4A37A
0F4FD0272E2A8341140F19EF17E726B64B7FC46FFFFFFFFFFC7FFF00010C15ADF242DEF340B4A392
0F4E2C272B998341720F182417E599B63B7F0B3FFFFFFFFFFC8FFF00010915ADF242DEF340B4A3AA
0F4B9B2727BB8341CA0F15BA17E39DB61B7E03FFFFFFFFFFFC7FFF00011315ADF242DEF340B4A3C2
0F49C42724EA83421F0F13E917E21BB5CB7B03FFFFFFFFFFFCAFFF00011415ADF242DEF440B4A3DA
0F48B827234F83427E0F12CC17E129B56B7703FFFFFFFFFFFC8FFF00011315ADF342DEF440B4A3F2
0F4655271FA38342E40F108617DF3AB52B7339AFFFFFFFFFFC8FFF00011015ADF342DEF440B4A30A
0F4553271E108343460F0F8817DE61B53B71DC3FFFFFFFFFFC9FFF00010C15ADF342DEF440B4A322
0F44E0271D5B8343A30F0F1717DDFDB51B6F0C2FFFFFFFFFFC7FFF00010B15ADF342DEF540B4A33A
0F4480271CC18344000F0EC017DDB4B50B6D03FFFFFFFFFFFC8FFF00010D15ADF342DEF540B4A352
0F43D8271BBB83445B0F0E0B17DD17B50B6D03FFFFFFFFFFFC9FFF00010E15ADF342DEF540B4A36A
0F4342271ACD8344B70F0D8417DCA3B4FB6C03FFFFFFFFFFFC8FFF00010F15ADF442DEF540B4A382
0F419D2718468345160F0BEB17DB4DB4EB6B50AFFFFFFFFFFC8FFF00011015ADF442DEF640B4A39A
0F40EF2717408345720F0B3417DAB1B4DB6B4DCFFFFFFFFFFC8FFF00010715ADF442DEF640B4A3B2
0F40BD2716ED8345D50F0B0617DA89B4EB6B51AFFFFFFFFFFC8FFF00010B15ADF442DEF640B4A3CA
0F40072715D483463D0F0A4B17D9ECB4EB6B8E4FFFFFFFFFFC8FFF00010A15ADF442DEF640B4A3E2
0F3F5A2714D383469E0F09A817D965B4EB6A03FFFFFFFFFFFC9FFF00010815ADF442DEF740B4A3FA
0F3F2D2714938346F30F097B17D93FB4FB6B03FFFFFFFFFFFC8FFF00010815ADF542DEF740B4A312
0F3EB22713D28347470F08FE17D8D6B50B6B03FFFFFFFFFFFC8FFF00010B15ADF542DEF740B4A32A
0F3CAA2710C28347A20F06ED17D72EB51B6C077FFFFFFFFFFC9FFF00010E15ADF542DEF740B4A342
0F39CB270C788348080F041D17D4D5B52B6C677FFFFFFFFFFC9FFF00010E15ADF542DEF840B4A35A
0F38AB270AB683486D0F030217D3E3B52B6D986FFFFFFFFFFC9FFF00010915ADF542DEF840B49372
0F35832705F78348C90EFFBE17D137B4FB6D03FFFFFFFFFFFC8FFF00010615ADF542DEF840B4938A
0F326E27014D8349260EFCD417CEC9B4FB6E04EFFFFFFFFFFC7FFF0000FD15ADF642DEF840B493A2
0F30EE26FEF68349810EFB6D17CD97B52B6F86AFFFFFFFFFFC7FFF00010715ADF642DEF840B4A3BA
0F308626FE538349DE0EFB0717CD3AB55B6F67EFFFFFFFFFFC9FFF00010815ADF642DEF940B4A3D2
0F302926FDC0834A3F0EFAA817CCEBB55B7003FFFFFFFFFFFC8FFF00010815ADF642DEF940B493EA
0F2FDA26FD47834AA00EFA5817CCA5B55B7003FFFFFFFFFFFC8FFF00010815ADF642DEF940B4A302
0F2F4826FC63834AFA0EF9C217CC27B56B6F03FFFFFFFFFFFC8FFF00010715ADF642DEF940B4A31A
0F2E3F26FAD8834B530EF8C617CB59B56B6F0DFFFFFFFFFFFC8FFF00010715ADF742DEFA40B49332
0F2DB126F9F5834BB20EF82517CAD3B56B70932FFFFFFFFFFC9FFF00010615ADF742DEFA40B4834A
0F2B6C26F69B834C180EF5F217C902B56B706AFFFFFFFFFFFC9FFF00010415ADF742DEFA40B49362
0F2A9026F52F834C7A0EF51417C83DB56B7003FFFFFFFFFFFC9FFF0000FA15ADF742DEFA40B4837A
0F275D26F04B834CD70EF1D017C588B57B7106DFFFFFFFFFFC8FFF00010315ADF742DEFB40B49392
0F251626ECD6834D2E0EEF8D17C39EB58B719F1FFFFFFFFFFC8FFF00010315ADF742DEFB40B483AA
0F22EE26E990834D850EEDAB17C210B58B72351FFFFFFFFFFC8FFF00010415ADF842DEFB40B493C2
0F222926E860834DE50EECD617C15BB57B7103FFFFFFFFFFFC8FFF00010515ADF842DEFB40B483DA
0F21CC26E7CF834E490EEC7A17C10CB56B7103FFFFFFFFFFFC8FFF00010515ADF842DEFC40B483F2
0F21B026E7A8834EA90EEC5C17C0F5B57B7103FFFFFFFFFFFC7FFF00010215ADF842DEFC40B4830A
0F209126E5EC834F060EEB1C17BFEBB57B71122FFFFFFFFFFC8FFF0000FE15ADF842DEFC40B48322
0F1EA626E2F7834F640EE95917BE6BB57B71B99FFFFFFFFFFC9FFF0000FE15ADF842DEFC40B4933A
0F1C6226DF7A834FC00EE71817BC86B57B723C8FFFFFFFFFFC7FFF00010015ADF942DEFD40B48352
0F1BA426DE5B83501C0EE64F17BBDAB57B7303FFFFFFFFFFFC7FFF0000FB15ADF942DEFD40B4936A
0F1AA126DCCB83507A0EE56117BB14B58B741A0FFFFFFFFFFC8FFF00010015ADF942DEFD40B48382
0F184826D9358350D70EE30F17B928B59B76AECFFFFFFFFFFC8FFF00010015ADF942DEFD40B4839A
0F160A26D5DC8351360EE0E217B75BB5BB770BCFFFFFFFFFFC8FFF0000FD15ADF942DEFD40B483B2
0F156826D4DC8351970EE04617B6D6B5CB7803FFFFFFFFFFFC8FFF0000FD15ADF942DEFE40B483CA
0F14A926D3BD8351F90EDF7D17B62DB5CB7803FFFFFFFFFFFC8FFF0000EF15ADFA42DEFE40B483E2
0F128D26D0898352540EDD6317B47AB5DB7903FFFFFFFFFFFC8FFF0000FB15ADFA42DEFE40B483FA
0F0FF326CC9B8352B10EDACC17B24BB5DB7934CFFFFFFFFFFC8FFF0000E915ADFA42DEFE40B48312
0F0E8326CA618353110ED97217B124B5DB79CD0FFFFFFFFFFC7FFF0000F815ADFA42DEFF40B4832A
0F0DC226C92F8353710ED8AE17B07BB5DB790CFFFFFFFFFFFC7FFF0000FE15ADFA42DEFF40B48342
0F0CA726C7798353C70ED7A017AF95B5FB7A03FFFFFFFFFFFC9FFF0000FF15ADFA42DEFF40B4835A
0F0BE226C64A83541E0ED6D317AEE7B5FB7B03FFFFFFFFFFFC9FFF0000F415ADFB42DEFF40B47372
0F0B9B26C5DE83547D0ED69217AEB0B5FB7C03FFFFFFFFFFFC8FFF0000F015ADFB42DF0040B4838A
0F0AE926C4CA8354E70ED5E017AE1DB60B7C03FFFFFFFFFFFC8FFF0000EE15ADFB42DF0040B483A2
0F093826C23A83554D0ED43017ACB5B61B7C55EFFFFFFFFFFC8FFF0000F415ADFB42DF0040B483BA
0F081726C0818355A80ED31417ABC7B61B7D090FFFFFFFFFFC8FFF0000F915ADFB42DF0040B483D2
0F071826BEF88355FA0ED22017AAFAB62B7D03FFFFFFFFFFFC8FFF0000FA15ADFB42DF0140B473EA
0F065126BDC783564F0ED15717AA51B62B7D03FFFFFFFFFFFC8FFF0000FA15ADFC42DF0140B47302
0F04EB26BBA98356AC0ECFF217A92BB63B7D5EDFFFFFFFFFFC8FFF0000F915ADFC42DF0140B4731A
0F03DE26BA0F83570E0ECEEE17A853B62B7D330FFFFFFFFFFC7FFF0000F615ADFC42DF0140B47332
0F031826B8DE8357760ECE2B17A7AEB62B7D03FFFFFFFFFFFC8FFF0000ED15ADFC42DF0140B4734A
0F026626B7CD8357DA0ECD7617A714B63B7D03FFFFFFFFFFFC8FFF0000F415ADFC42DF0240B47362
0F014026B6108358330ECC5317A621B63B7E03FFFFFFFFFFFC7FFF0000F415ADFC42DF0240B4737A
0EFFE026B3ED8358890ECAEF17A4F7B66B7F03FFFFFFFFFFFC7FFF0000F415ADFD42DF0240B47392
0EFF0326B2A18358E00ECA2717A44FB68B80196FFFFFFFFFFC8FFF0000F615ADFD42DF0240B473AA
0EFE3426B16183593A0EC94E17A39FB68B8003FFFFFFFFFFFC8FFF0000F815ADFD42DF0340B473C2
0EFC4326AE8683599C0EC77117A218B68B8103FFFFFFFFFFFC9FFF0000F715ADFD42DF0340B473DA
0EFBAB26AD908359FE0EC6D717A195B6AB8203FFFFFFFFFFFC8FFF0000E915ADFD42DF0340B473F2
0EF9E326AAE3835A5E0EC51B17A027B6BB837B1FFFFFFFFFFC8FFF0000EB15ADFD42DF0340B4730A
0EF7FC26A800835ABD0EC32B179E89B6BB8403FFFFFFFFFFFC8FFF0000F215ADFE42DF0440B47322
0EF7A626A77F835B170EC2E5179E4EB6CB8503FFFFFFFFFFFC8FFF0000F315ADFE42DF0440B4733A
0EF78B26A755835B700EC2C6179E32B6DB8603FFFFFFFFFFFC8FFF0000EB15ADFE42DF0440B47352
0EF75826A70C835BCE0EC296179E0DB6FB8603FFFFFFFFFFFC8FFF0000EB15ADFE42DF0440B4736A
0EF72726A6C0835C2C0EC261179DE2B6EB860A3FFFFFFFFFFC9FFF0000F415ADFE42DF0540B47382
0EF66D26A5A8835C890EC1AE179D4EB6EB87081FFFFFFFFFFC9FFF0000F415ADFE42DF0540B4739A
0EF5E926A4E1835CE40EC12C179CE4B6FB8803FFFFFFFFFFFC9FFF0000EB15ADFF42DF0540B463B2
0EF4CD26A332835D430EC001179BECB6FB8803FFFFFFFFFFFC9FFF0000F115ADFF42DF0540B473CA
0EF30A26A08E835DA50EBE57179A90B6FB8921CFFFFFFFFFFC9FFF0000DE15ADFF42DF0540B473E2
0EF1B3269E7F835E060EBCF1179963B71B8A3E2FFFFFFFFFFC7FFF0000EF15ADFF42DF0640B463FA
0EEEAE2699DB835E620EBA061796F2B71B8B03FFFFFFFFFFFC8FFF0000F215ADFF42DF0640B46312
0EEC2C269619835EB80EB78C1794E7B73B8C03FFFFFFFFFFFC8FFF0000F515ADFF42DF0640B4632A
0EE96F2691F1835F100EB4C517929DB75B8D03FFFFFFFFFFFC7FFF0000ED15AE0042DF0640B47342
0EE5DA268C87835F6D0EB13D178FB2B77B8F03FFFFFFFFFFFC9FFF0000F315AE0042DF0740B4635A
0EE3CE26896E835FD10EAF48178E0DB78B9103FFFFFFFFFFFC8FFF0000EA15AE0042DF0740B46372
0EE31B26885A8360360EAE99178D77B78B9103FFFFFFFFFFFC8FFF0000EC15AE0042DF0740B4638A
0EE2742687558360950EADF2178CE9B78B9103FFFFFFFFFFFC8FFF0000F015AE0042DF0740B463A2
0EE1C726864B8360EC0EAD4B178C5BB78B9103FFFFFFFFFFFC8FFF0000EA15AE0142DF0840B463BA
0EE0E72684EF8361400EAC72178BA4B78B90573FFFFFFFFFFC8FFF0000F215AE0142DF0840B463D2
0EDED52681B18361990EAA521789DDB76B9009DFFFFFFFFFFC8FFF0000EA15AE0142DF0840B463EA
0EDAC2267B7D8361FD0EA65B17868CB75B9103FFFFFFFFFFFC8FFF0000F315AE0142DF0840B46302
0ED8F82678B48362600EA49717850DB77B9103FFFFFFFFFFFC8FFF0000EB15AE0142DF0840B4731A
0ED73926760E8362BD0EA2D8178394B78B9103FFFFFFFFFFFC8FFF0000F215AE0142DF0940B46332
0ED5C22673CB8363170EA16317825AB78B9103FFFFFFFFFFFC8FFF0000F115AE0242DF0940B4634A
0ED3932670758363740E9F3C17808EB78B9003FFFFFFFFFFFC9FFF0000F115AE0242DF0940B46362
0ED16C266D2F8363D20E9D1E177ECDB78B9103FFFFFFFFFFFC7FFF0000F115AE0242DF0940B4637A
0ECFD7266AC583642C0E9B96177D81B78B9103FFFFFFFFFFFC5FFF0000F115AE0242DF0A40B46392
0ECF132669958364820E9AD9177CDEB7AB9204AFFFFFFFFFFC8FFF0000E215AE0242DF0A40B463AA
0ECE1A2668118364E20E99E0177C0CB7CB953F1FFFFFFFFFFC8FFF0000F415AE0242DF0A40B463C2
0ECCDD2666238365430E989B177AF8B7CB9603FFFFFFFFFFFC8FFF0000F515AE0342DF0A40B463DA
0ECC2326650383659F0E97F7177A6BB7DB9603FFFFFFFFFFFC8FFF0000F215AE0342DF0B40B463F2
0ECB9526641C8365F90E97621779EAB7FB9703FFFFFFFFFFFC8FFF0000E915AE0342DF0B40B4630A
0EC9CF2661698366570E95A1177876B80B98B18FFFFFFFFFFC8FFF0000EE15AE0342DF0B40B46322
0EC834265EE88366B70E9415177726B7FB9803FFFFFFFFFFFC8FFF0000F215AE0342DF0B40B4633A
0EC63A265BCC8367140E920E17756DB80B9903FFFFFFFFFFFC9FFF0000F415AE0342DF0B40B46352
0EC3732657A28367690E8F4517731AB7FB9803FFFFFFFFFFFC9FFF0000F615AE0442DF0C40B4636A
0EC2A226566B8367BE0E8E8B177283B7FB9803FFFFFFFFFFFC8FFF0000F515AE0442DF0C40B45382
0EC28126563B83681D0E8E6D177269B80B99255FFFFFFFFFFC8FFF0000F415AE0442DF0C40B4539A
0EC1DF2655498368850E8DD41771EEB83B9C18AFFFFFFFFFFC8FFF0000F315AE0442DF0C40B463B2
0EC0A626536A8368EA0E8C9F1770F1B86B9E03FFFFFFFFFFFC8FFF0000F015AE0442DF0D40B453CA
0EBF382651378369430E8B2E176FB6B89BA103FFFFFFFFFFFC7FFF0000EA15AE0442DF0D40B453E2
0EBE2D264F968369990E8A1A176EC9B8BBA33CAFFFFFFFFFFC8FFF0000F115AE0542DF0D40B453FA
0EBC44264C898369EC0E883F176D2FB8EBA6637FFFFFFFFFFC8FFF0000EF15AE0542DF0D40B45312
0EBAF3264A8D836A410E86F7176C21B90BA803FFFFFFFFFFFC8FFF0000F715AE0542DF0E40B4532A
0EB8A02646ED836AA00E84A9176A2EB91BA903FFFFFFFFFFFC8FFF0000F615AE0542DF0E40B44342
0EB71726449C836B0A0E83291768EBB91BA903FFFFFFFFFFFC8FFF0000F515AE0542DF0E40B4535A
0EB6C6264426836B710E82DD1768ACB90BA903FFFFFFFFFFFC8FFF0000F415AE0542DF0E40B45372
0EB6962643E6836BCA0E82B117688EB8EBA722EFFFFFFFFFFC8FFF0000F215AE0642DF0E40B4538A
0EB6842643D2836C1B0E829B17687FB8EBA703FFFFFFFFFFFC8FFF0000F215AE0642DF0F40B453A2
0EB6642643B0836C700E827B17686BB90BA803FFFFFFFFFFFC7FFF0000F415AE0642DF0F40B453BA
0EB63B26437E836CCE0E823E176841B92BAA03FFFFFFFFFFFC8FFF0000F815AE0642DF0F40B443D2
0EB5C82642D4836D2E0E81CF1767E9B94BAB733FFFFFFFFFFC7FFF0000F315AE0642DF0F40B453EA
0EB4CA26414F836D8F0E80EE17672BB96BAD0C7FFFFFFFFFFC7FFF0000F815AE0742DF1040B45302
0EB3B9263FAA836DEB0E7FFF176664B98BAF03FFFFFFFFFFFC9FFF0000F515AE0742DF1040B4431A
0EB30A263EA1836E430E7F3D1765BFB9ABB003FFFFFFFFFFFC9FFF0000E115AE0742DF1040B44332
0EB289263DDA836E9C0E7EB317654CB9ABB103FFFFFFFFFFFC8FFF0000F115AE0742DF1040B4434A
0EB1F3263CF2836EFB0E7E181764C9B9ABB105EFFFFFFFFFFC8FFF0000F515AE0742DF1040B44362
0EB0B5263B09836F580E7CC01763ABB9ABB209AFFFFFFFFFFC8FFF0000F815AE0742DF1140B4337A
0EAF63263912836FAB0E7B931762B5B9BBB203FFFFFFFFFFFC7FFF0000F815AE0842DF1140B44392
0EAF4C2638EE836FFE0E7B7E1762A2B9CBB303FFFFFFFFFFFC7FFF0000F815AE0842DF1140B443AA
0EAEE82638548370590E7B2A17625CB9BBB40B1FFFFFFFFFFC8FFF0000F715AE0842DF1140B443C2
0EAD782636178370B80E79B6176125B9BBB3781FFFFFFFFFFC8FFF0000F615AE0842DF1240B443DA
0EAB4E2632D683711B0E7782175F52B9ABB303FFFFFFFFFFFC9FFF0000EC15AE0842DF1240B433F2
0EA8FA262F3E83717B0E7535175D64B9CBB403FFFFFFFFFFFC8FFF0000F215AE0842DF1240B4430A
0EA7C8262D618371D50E7417175C6BB9EBB403FFFFFFFFFFFC8FFF0000F315AE0942DF1240B43322
0EA66E262B4C8372260E72B0175B40B9EBB403FFFFFFFFFFFC9FFF0000F515AE0942DF1340B4433A
0EA5F1262A8A8372790E7234175AD5B9EBB503FFFFFFFFFFFC8FFF0000F715AE0942DF1340B43352
0EA5862629E58372D30E71D6175A84B9EBB503FFFFFFFFFFFC8FFF0000F815AE0942DF1340B4336A
0EA4CF2628CA83732F0E71181759E6B9FBB503FFFFFFFFFFFC8FFF0000F815AE0942DF1340B43382
0EA37A2626C283738D0E6FCC1758D3B9FBB603FFFFFFFFFFFC8FFF0000F615AE0A42DF1340B4339A
0EA27026252D8373ED0E6EC21757F9B9FBB756FFFFFFFFFFFC8FFF0000F315AE0A42DF1440B433B2
0EA0402621D48374490E6CA6175634BA0BB732CFFFFFFFFFFC8FFF0000F015AE0A42DF1440B433CA
0E9F5126206C8374A40E6BB0175565BA1BB803FFFFFFFFFFFC8FFF0000E015AE0A42DF1440B433E2
0E9E6C261F008374FF0E6AD01754A3BA1BB803FFFFFFFFFFFC8FFF0000F215AE0A42DF1440B433FA
0E9E04261E608375570E6A70175450BA2BB803FFFFFFFFFFFC8FFF0000F615AE0A42DF1540B43312
0E9D78261D8B8375AC0E69E31753DCBA1BB903FFFFFFFFFFFC8FFF0000F815AE0B42DF1540B4332A
0E9C7A261BFC8376040E68EC17530ABA1BB90CCFFFFFFFFFFC8FFF0000F815AE0B42DF1540B43342
0E98C226163483765B0E6544174FF6BA0BBA03FFFFFFFFFFFC8FFF0000F515AE0B42DF1540B4335A
0E9451260F858376BB0E60C7174C45BA0BBA03FFFFFFFFFFFC9FFF0000E215AE0B42DF1540B43372
0E90F5260A6B8377230E5D7A174985BA1BBA03FFFFFFFFFFFC9FFF0000EC15AE0B42DF1640B4338A
0E8ECD26070A8377830E5B581747B1BA2BBB891FFFFFFFFFFC9FFF0000EF15AE0B42DF1640B433A2
0E8D3E26049B8377D60E59D017465EBA3BBB03FFFFFFFFFFFC7FFF0000F315AE0C42DF1640B433BA
0E8C582603298378270E59001745A6BA3BBB03FFFFFFFFFFFC7FFF0000EE15AE0C42DF1640B433D2
0E8BE326027383787A0E587D174538BA4BBB03FFFFFFFFFFFC8FFF0000F615AE0C42DF1740B433EA
0E8B9A2602018378D40E5852174513BA4BBB03FFFFFFFFFFFC9FFF0000ED15AE0C42DF1740B43302
0E8B522601908379390E57FF1744CCBA3BBC097FFFFFFFFFFC8FFF0000F315AE0C42DF1740B4331A
0E8A8B26005F8379A10E5736174427BA3BBD07EFFFFFFFFFFC8FFF0000F015AE0C42DF1740B43332
0E8A1525FFAB837A000E56BD1743BEBA3BBC03FFFFFFFFFFFC7FFF0000ED15AE0D42DF1740B4334A
0E899F25FEF6837A550E564D174360BA3BBC03FFFFFFFFFFFC7FFF0000EC15AE0D42DF1840B43362
0E88E625FDCD837AAA0E558E1742BCBA3BBC2B2FFFFFFFFFFC9FFF0000F015AE0D42DF1840B4337A
0E86D125FA93837B000E537C1740FDBA2BBC501FFFFFFFFFFC9FFF0000F015AE0D42DF1840B42392
0E855725F853837B550E520D173FC9BA2BBB03FFFFFFFFFFFC8FFF0000ED15AE0D42DF1840B433AA
0E838525F589837BAF0E502F173E3EBA1BBB03FFFFFFFFFFFC8FFF0000F315AE0E42DF1940B433C2
0E811325F1D5837C120E4DCA173C40BA1BBB03FFFFFFFFFFFC9FFF0000F015AE0E42DF1940B423DA
0E7FF825F017837C790E4CBF173B58BA1BBA03FFFFFFFFFFFC8FFF0000EC15AE0E42DF1940B423F2
0E7F2D25EED2837CDB0E4BF4173AA8BA2BBA03FFFFFFFFFFFC8FFF0000EA15AE0E42DF1940B4230A
0E7DC925ECA7837D320E4A9717397BBA1BB903FFFFFFFFFFFC8FFF0000EB15AE0E42DF1940B42322
0E7BCD25E992837D820E48901737C9BA0BB903FFFFFFFFFFFC8FFF0000E715AE0E42DF1A40B4233A
0E794F25E5C3837DD70E46201735C2BA0BB903FFFFFFFFFFFC9FFF0000EC15AE0F42DF1A40B42352
0E76DD25E1EC837E310E43AE1733AEBA1BB9526FFFFFFFFFFC9FFF0000F515AE0F42DF1A40B4236A
0E747B25DE3E837E8F0E41631731B9BA2BB90B1FFFFFFFFFFC8FFF0000F215AE0F42DF1A40B42382
0E72F425DBDD837EED0E3FE8173078BA2BBA03FFFFFFFFFFFC8FFF0000EC15AE0F42DF1B40B4239A
0E71DE25DA38837F510E3ED7172F94BA3BBA03FFFFFFFFFFFC6FFF0000E015AE0F42DF1B40B423B2
0E714725D958837FB60E3E45172F1CBA3BBA03FFFFFFFFFFFC7FFF0000E915AE1042DF1B40B423CA
0E70EF25D8D58380100E3DEA172ED3BA2BBA03FFFFFFFFFFFC7FFF0000EC15AE1042DF1B40B423E2
0E70A125D85D83805F0E3DA1172E96BA3BBA03FFFFFFFFFFFC7FFF0000E715AE1042DF1C40B423FA
0E6FE325D7398380B00E3CDE172DF4BA4BBB03FFFFFFFFFFFC8FFF0000F115AE1042DF1C40B41312
0E6E2A25D49D8381090E3B1F172C84BA5BBC03FFFFFFFFFFFC8FFF0000F115AE1042DF1C40B4232A
0E6C8325D22183816B0E3989172B33BA6BBE040FFFFFFFFFFC8FFF0000EF15AE1042DF1C40B42342
0E6BA625D0C68381D20E38AD172A79BA7BBF3CFFFFFFFFFFFC8FFF0000EC15AE1142DF1C40B4235A
0E6ABA25CF5F8382330E37CF1729BCBA8BC003FFFFFFFFFFFC8FFF0000E915AE1142DF1D40B42372
0E6A6F25CEE18382880E3779172970BAABC003FFFFFFFFFFFC8FFF0000E015AE1142DF1D40B4138A
0E69F625CE218382DD0E3710172914BA9BC003FFFFFFFFFFFC8FFF0000EA15AE1142DF1D40B413A2
0E68F025CC798383380E360417282DBA9BC0A8EFFFFFFFFFFC8FFF0000ED15AE1142DF1D40B413BA
0E66E225C93D8383900E33F7172668BAABC103EFFFFFFFFFFC8FFF0000EE15AE1242DF1E40B413D2
0E64D125C6038383E90E31EA1724AEBAABC003FFFFFFFFFFFC6FFF0000EE15AE1242DF1E40B413EA
0E626A25C2528384490E2F8A1722ACBA9BC003FFFFFFFFFFFC7FFF0000ED15AE1242DF1E40B41302
0E615B25C0AE8384AF0E2E8F1721D5BA8BBF051FFFFFFFFFFC7FFF0000EA15AE1242DF1E40B4131A
0E60F725C00C83850C0E2E2817217BBA7BBE03FFFFFFFFFFFC9FFF0000E815AE1242DF1F40B41332
0E60DA25BFE183855F0E2E0B172162BA6BBE03FFFFFFFFFFFC9FFF0000E715AE1242DF1F40B4134A
0E60A425BF938385B20E2DDC17213DBA6BBD03FFFFFFFFFFFC7FFF0000E815AE1342DF1F40B41362
0E609425BF8483860F0E2DC9172131BA6BBD61AFFFFFFFFFFC6FFF0000EB15AE1342DF1F40B4137A
0E60C925BFF583866F0E2DFE172171BA6BBD0CDFFFFFFFFFFC8FFF0000E515AE1342DF1F40B41392
0E60E525C0548386CE0E2E1A1721A3BA7BBD03FFFFFFFFFFFC8FFF0000EB15AE1342DF2040B413AA
0E609425BFDC8387270E2DC717215FBA7BBD03FFFFFFFFFFFC8FFF0000EA15AE1342DF2040B403C2
0E5FC125BE968387810E2CF51720AFBA9BBF03FFFFFFFFFFFC7FFF0000E715AE1442DF2040B413DA
0E5F2725BDA08387DC0E2C5A17202BBABBC003FFFFFFFFFFFC8FFF0000D515AE1442DF2040B413F2
0E5EC425BD0D83883C0E2BFE171FDCBACBC203FFFFFFFFFFFC9FFF0000E715AE1442DF2140B4030A
0E5E5025BC5F8388950E2B8D171F82BADBC303FFFFFFFFFFFC8FFF0000E915AE1442DF2140B41322
0E5DAE25BB6E8388E90E2AEC171F00BADBC303FFFFFFFFFFFC8FFF0000E915AE1442DF2140B4033A
0E5D1E25BA9A8389440E2A63171E92BADBC403FFFFFFFFFFFC8FFF0000E915AE1442DF2140B40352
0E5CF425BA628389A60E2A41171E79BAEBC53BDFFFFFFFFFFC8FFF0000E915AE1542DF2140B4036A
0E5D2125BAB4838A090E2A62171E9CBADBC503FFFFFFFFFFFC9FFF0000E015AE1542DF2240B41382
0E5D3625BAE3838A630E2A79171EB7BACBC403FFFFFFFFFFFC8FFF0000E615AE1542DF2240B4039A
0E5D2525BAD1838AB70E2A6D171EAFBADBC403FFFFFFFFFFFC8FFF0000E415AE1542DF2240B403B2
0E5D9325BBA5838B0F0E2AF1171F38BAFBC503FFFFFFFFFFFC8FFF0000E515AE1542DF2240B403CA
0E5D5125BB68838B6D0E2A8A171EF9BB1BC603FFFFFFFFFFFC8FFF0000E415AE1642DF2340B3F3E2
0E5C7D25BA26838BCB0E29B3171E49BB1BC703FFFFFFFFFFFC7FFF0000E615AE1642DF2340B3F3FA
0E5A7325B71A838C240E27AF171CA5BB2BC803FFFFFFFFFFFC7FFF0000E015AE1642DF2340B3F312
0E59E225B648838C7D0E272F171C3BBB4BCA03FFFFFFFFFFFC8FFF0000E415AE1642DF2340B3F32A
0E59AF25B60C838CDD0E26FD171C1ABB5BCB0CFFFFFFFFFFFC8FFF0000DA15AE1642DF2340B3F342
0E598B25B5E6838D400E26D8171C03BB5BCC0A9FFFFFFFFFFC7FFF0000E415AE1642DF2440B4035A
0E594F25B591838D9A0E268E171BCABB5BCC03FFFFFFFFFFFC7FFF0000DF15AE1742DF2440B3F372
0E58BB25B4A9838DEC0E2600171B53BB6BCD03FFFFFFFFFFFC8FFF0000E715AE1742DF2440B3F38A
0E584225B3F8838E3D0E258F171AFABB7BCE338FFFFFFFFFFC9FFF0000E615AE1742DF2440B3F3A2
0E570925B232838E970E24481719F9BB8BCF5F0FFFFFFFFFFC9FFF0000E515AE1742DF2540B3F3BA
0E540325ADB9838F000E21981717D1BB9BCF03FFFFFFFFFFFC8FFF0000E615AE1742DF2540B3F3D2
0E52E925AC1A838F650E20611716D3BB9BD003FFFFFFFFFFFC8FFF0000E515AE1842DF2540B3F3EA
0E52C225ABE1838FBE0E201D17169ABBBBD1042FFFFFFFFFFC8FFF0000E315AE1842DF2540B3F302
0E526D25AB5D8390110E1FC117164DBBDBD203FFFFFFFFFFFC8FFF0000E315AE1842DF2540B3F31A
0E520325AAC08390690E1F6F17160BBBEBD30C7FFFFFFFFFFC8FFF0000E315AE1842DF2640B3F332
0E51EB25AAA28390C40E1F67171606BBFBD4040FFFFFFFFFFC8FFF0000E515AE1842DF2640B3F34A
0E523125AB1783911E0E1F7E171620BC0BD403FFFFFFFFFFFC8FFF0000DE15AE1842DF2640B3F362
0E520A25AAE383917A0E1F5C171608BBFBD4042FFFFFFFFFFC8FFF0000E515AE1942DF2640B3F37A
0E51CF25AA8D8391D80E1F421715F5BBFBD5677FFFFFFFFFFC8FFF0000E115AE1942DF2740B3F392
0E51C625AA8A8392380E1F51171607BBFBD50E0FFFFFFFFFFC8FFF0000DF15AE1942DF2740B3F3AA
0E51F325AAD68392980E1F5717160EBBFBD5041FFFFFFFFFFC8FFF0000DF15AE1942DF2740B3F3C2
0E51FA25AADE8392F10E1F46171602BC0BD503FFFFFFFFFFFC8FFF0000E315AE1942DF2740B3E3DA
0E505725A85D83933F0E1DED1714E5BC0BD503FFFFFFFFFFFC9FFF0000E515AE1A42DF2840B3F3F2
0E4FB525A7668393970E1D40171451BC0BD603FFFFFFFFFFFC8FFF0000E515AE1A42DF2840B3E30A
0E4F9D25A7458393F70E1D05171423BC0BD603FFFFFFFFFFFC7FFF0000E315AE1A42DF2840B3E322
0E4F5125A6DB83945B0E1CBF1713ECBC0BD603FFFFFFFFFFFC8FFF0000D915AE1A42DF2840B3E33A
0E4F1925A6898394BA0E1C831713BEBC1BD603FFFFFFFFFFFC8FFF0000E015AE1A42DF2840B3E352
0E4EA025A5D88395130E1C17171365BC1BD6045FFFFFFFFFFC8FFF0000E015AE1A42DF2940B3F36A
0E4E3A25A5498395670E1BAB171316BC1BD54E2FFFFFFFFFFC8FFF0000E215AE1B42DF2940B3E382
0E4CD325A33F8395BD0E1A3F1711F5BC0BD5040FFFFFFFFFFC7FFF0000E315AE1B42DF2940B3D39A
0E4BFC25A20C83961A0E1976171156BC0BD503FFFFFFFFFFFC8FFF0000E315AE1B42DF2940B3E3B2
0E4BDD25A1E383967B0E195417113CBC1BD603FFFFFFFFFFFC9FFF0000E215AE1B42DF2A40B3E3CA
0E4BB825A1B28396D60E1934171125BC2BD703FFFFFFFFFFFC9FFF0000E015AE1B42DF2A40B3E3E2
0E4BBB25A1BA83972E0E1936171129BC3BD803FFFFFFFFFFFC8FFF0000E015AE1C42DF2A40B3D3FA
0E4BAC25A1AC83978B0E1927171122BC3BD903FFFFFFFFFFFC8FFF0000E115AE1C42DF2A40B3D312
0E4B4125A1188397E80E18BC1710D1BC3BD903FFFFFFFFFFFC8FFF0000D915AE1C42DF2A40B3D32A
0E4B4125A12083983D0E18BD1710D5BC3BD903FFFFFFFFFFFC8FFF0000DF15AE1C42DF2B40B3D342
0E4B5325A14383988F0E18CF1710EABC4BDA03FFFFFFFFFFFC8FFF0000DF15AE1C42DF2B40B3D35A
0E4B0C25A0DF8398ED0E18751710A4BC4BD903FFFFFFFFFFFC8FFF0000E015AE1C42DF2B40B3D372
0E4AE525A0B18399540E186417109CBC4BDA03FFFFFFFFFFFC7FFF0000D315AE1D42DF2B40B3D38A
0E4ABF25A0818399B30E183917107FBC4BDA03FFFFFFFFFFFC8FFF0000E215AE1D42DF2C40B3D3A2
0E4AA625A067839A060E1824171072BC4BDB3EDFFFFFFFFFFC8FFF0000DF15AE1D42DF2C40B3D3BA
0E4A6725A00A839A570E17E8171043BC4BDB6FAFFFFFFFFFFC8FFF0000DE15AE1D42DF2C40B3D3D2
0E49E8259F4E839AB40E176A170FDDBC5BDB040FFFFFFFFFFC8FFF0000DE15AE1D42DF2C40B3D3EA
0E4967259E90839B160E16EC170F79BC6BDC03FFFFFFFFFFFC8FFF0000E015AE1E42DF2C40B3D302
0E490B259E0B839B750E1691170F31BC7BDC03FFFFFFFFFFFC8FFF0000DF15AE1E42DF2D40B3D31A
0E48E5259DD5839BCB0E166B170F12BC7BDC03FFFFFFFFFFFC7FFF0000D715AE1E42DF2D40B3D332
0E48A1259D75839C230E1628170EDEBC7BDC10AFFFFFFFFFFC8FFF0000DE15AE1E42DF2D40B3D34A
0E488F259D5E839C800E1616170ED5BC6BDC03FFFFFFFFFFFC7FFF0000DF15AE1E42DF2D40B3D362
0E4889259D61839CDC0E1610170ED2BC6BDC03FFFFFFFFFFFC7FFF0000DE15AE1E42DF2D40B3D37A
0E484F259D0D839D340E15CC170E9EBC6BDC03FFFFFFFFFFFC7FFF0000DE15AE1F42DF2E40B3D392
0E4724259B50839D8C0E1493170DA6BC7BDC7B3FFFFFFFFFFC8FFF0000DE15AE1F42DF2E40B3D3AA
0E46BF259AC3839DE90E1453170D71BC7BDD10AFFFFFFFFFFC8FFF0000DE15AE1F42DF2E40B3D3C2
0E46A1259A9B839E4C0E1432170D58BC7BDC03FFFFFFFFFFFC7FFF0000DD15AE1F42DF2E40B3B3DA
0E468D259A80839EAB0E1413170D42BC8BDD03FFFFFFFFFFFC7FFF0000DC15AE1F42DF2F40B3C3F2
0E464C259A23839F020E13DE170D19BC7BDD042FFFFFFFFFFC7FFF0000DD15AE1F42DF2F40B3C30A
0E463A259A0D839F560E13C6170D06BC7BDD03FFFFFFFFFFFC8FFF0000D515AE2042DF2F40B3D322
0E46002599BA839FAF0E138F170CD9BC7BDD03FFFFFFFFFFFC8FFF0000DE15AE2042DF2F40B3C33A
0E45A125992A83A00B0E1338170C96BC7BDE03FFFFFFFFFFFC8FFF0000DD15AE2042DF2F40B3C352
0E44FD25983983A06C0E128F170C0CBC8BDE03FFFFFFFFFFFC8FFF0000DC15AE2042DF3040B3C36A
0E43CE25966A83A0CA0E115B170B0FBC8BDE053FFFFFFFFFFC8FFF0000DB15AE2042DF3040B3B382
0E425F25944683A1230E0FF11709E6BC7BDE608FFFFFFFFFFC7FFF0000DA15AE2142DF3040B3B39A
0E42122593D383A1790E0FB11709B2BC8BDE03FFFFFFFFFFFC6FFF0000DA15AE2142DF3040B3B3B2
0E422C2593FE83A1D20E0FC91709C9BC8BDE03FFFFFFFFFFFC7FFF0000DB15AE2142DF3140B3B3CA
0E42162593E683A2300E0FB71709BDBC8BDD03FFFFFFFFFFFC8FFF0000DC15AE2142DF3140B3B3E2
0E422E25941583A28F0E0FCC1709D4BC7BDD03FFFFFFFFFFFC7FFF0000D315AE2142DF3140B3B3FA
0E41DB25939A83A2EA0E0F76170990BC6BDD03FFFFFFFFFFFC7FFF0000DB15AE2142DF3140B3B312
0E419F25934483A33F0E0F3E170962BC7BDD042FFFFFFFFFFC8FFF0000D215AE2242DF3140B3B32A
0E41492592C683A3960E0EE517091EBC8BDE04BFFFFFFFFFFC9FFF0000D115AE2242DF3240B3B342
0E40D225922483A3F20E0E771708CBBCABDE03FFFFFFFFFFFC8FFF0000D915AE2242DF3240B3B35A
0E405F25917E83A4520E0DFD17086DBCABDE03FFFFFFFFFFFC7FFF0000DA15AE2242DF3240B3B372
0E3F45258FD883A4B30E0CE4170787BC9BDE080FFFFFFFFFFC7FFF0000DA15AE2242DF3240B3B38A
0E3EBA258F0583A5100E0C5D170717BC8BDF7D3FFFFFFFFFFC7FFF0000D815AE2242DF3240B3B3A2
0E3E28258E2B83A5650E0BCF1706A2BC8BDF041FFFFFFFFFFC7FFF0000D715AE2342DF3340B3B3BA
0E3CF2258C5483A5B70E0A921705A0BC8BDF03FFFFFFFFFFFC7FFF0000D815AE2342DF3340B3B3D2
0E3B97258A5283A6100E0949170493BC9BDF03FFFFFFFFFFFC7FFF0000D215AE2342DF3340B3B3EA
0E3B1E25899D83A66E0E08D1170431BC9BDF03FFFFFFFFFFFC8FFF0000D315AE2342DF3340B3B302
0E3A972588CA83A6CF0E08391703B1BC9BE003FFFFFFFFFFFC8FFF0000DA15AE2342DF3440B3B31A
0E385225854F83A72E0E063C17020DBCABE003FFFFFFFFFFFC8FFF0000D715AE2442DF3440B3B332
0E35C125816783A7890E037C16FFC7BCBBE0040FFFFFFFFFFC7FFF0000D415AE2442DF3440B3B34A
0E33FB257EB483A7DC0E01B716FE46BCABE103FFFFFFFFFFFC7FFF0000D415AE2442DF3440B3A362
0E32A6257CAD83A8320E007B16FD41BCBBE0273FFFFFFFFFFC8FFF0000D815AE2442DF3440B3B37A
0E3249257C1883A88F0E001E16FCEFBCBBE11D4FFFFFFFFFFC8FFF0000DA15AE2442DF3540B3B392
0E314A257A9183A8F10DFF1416FC12BCBBE003FFFFFFFFFFFC8FFF0000D315AE2442DF3540B3A3AA
0E306125792E83A94A0DFE3416FB58BCABE003FFFFFFFFFFFC8FFF0000D815AE2542DF3540B3A3C2
0E2F6025779983A9A10DFD2D16FA77BCABE03A6FFFFFFFFFFC8FFF0000CC15AE2542DF3540B3A3DA
0E2DA92574F683A9F80DFB7916F909BCABE06D3FFFFFFFFFFC8FFF0000D315AE2542DF3640B3A3F2
0E2C7325731483AA560DFA5916F815BCABE003FFFFFFFFFFFC8FFF0000CE15AE2542DF3640B3930A
0E2C0925726F83AAB30DF9F116F7BBBC9BDF03FFFFFFFFFFFC9FFF0000D615AE2542DF3640B3A322
0E2B8025719483AB0A0DF96916F747BC9BDF03FFFFFFFFFFFC8FFF0000CE15AE2642DF3640B3A33A
0E2B022570D583AB5F0DF8E716F6D7BC8BDE03FFFFFFFFFFFC7FFF0000D615AE2642DF3640B39352
0E29A2256EBB83ABBC0DF79A16F5C7BC6BDD03FFFFFFFFFFFC8FFF0000D715AE2642DF3740B3936A
0E28C0256D6083AC1C0DF6B816F509BC5BDD03FFFFFFFFFFFC7FFF0000D715AE2642DF3740B3A382
0E282E256C8483AC770DF63616F49CBC5BDD569FFFFFFFFFFC7FFF0000D615AE2642DF3740B3939A
0E283A256C9A83ACCF0DF63416F49DBC5BDCCD7FFFFFFFFFFC7FFF0000D415AE2642DF3740B393B2
0E2801256C4583AD240DF5E916F45FBC5BDB03DFFFFFFFFFFC8FFF0000CC15AE2742DF3840B393CA
0E279C256BB483AD790DF58316F411BC5BDB03FFFFFFFFFFFC8FFF0000D415AE2742DF3840B393E2
0E2706256ADF83ADD40DF4FD16F3A7BC5BDB03FFFFFFFFFFFC8FFF0000D515AE2742DF3840B393FA
0E26EC256AC083AE350DF4E716F399BC5BDB03FFFFFFFFFFFC8FFF0000D615AE2742DF3840B39312
0E26C6256A8783AE940DF4BF16F379BC4BDB6A7FFFFFFFFFFC7FFF0000D615AE2742DF3840B3932A
0E269B256A4A83AEE90DF49416F358BC4BDB311FFFFFFFFFFC8FFF0000D515AE2842DF3940B39342
0E26562569E283AF3C0DF44D16F320BC5BDB03FFFFFFFFFFFC8FFF0000D315AE2842DF3940B3935A
0E253525683183AF960DF32416F22DBC5BDB03FFFFFFFFFFFC8FFF0000D315AE2842DF3940B39372
0E23DB25662A83AFF70DF1D316F117BC5BDB03FFFFFFFFFFFC8FFF0000D215AE2842DF3940B3938A
0E23152564FC83B0500DF10016F06BBC5BDB040FFFFFFFFFFC8FFF0000D315AE2842DF3A40B393A2
0E22662563F883B0A70DF06C16EFF0BC5BDB834FFFFFFFFFFC7FFF0000D515AE2842DF3A40B393BA
0E21FF25635883B1000DEFF016EF88BC6BDB380FFFFFFFFFFC7FFF0000CE15AE2942DF3A40B393D2
0E21052561DA83B15A0DEF0B16EECFBC5BDB770FFFFFFFFFFC8FFF0000D415AE2942DF3A40B393EA
0E1FE825601D83B1B10DEDF416EDE1BC6BDC694FFFFFFFFFFC8FFF0000D315AE2942DF3A40B39302
0E1E92255E1F83B20B0DEC9816ECC2BC5BDC03FFFFFFFFFFFC6FFF0000D215AE2942DF3B40B3831A
0E1E4F255DB783B26A0DEC6316EC96BC5BDC03FFFFFFFFFFFC8FFF0000D215AE2942DF3B40B38332
0E1D70255C6083B2C70DEB7D16EBD2BC5BDB03FFFFFFFFFFFC8FFF0000D215AE2A42DF3B40B3934A
0E1BC12559C983B31E0DE9D416EA74BC5BDB0D4FFFFFFFFFFC8FFF0000D315AE2A42DF3B40B39362
0E1AF925589C83B3710DE91B16E9D6BC5BDB8B3FFFFFFFFFFC8FFF0000D415AE2A42DF3C40B3937A
0E1A3725577383B3C30DE85316E933BC3BDB759FFFFFFFFFFC7FFF0000D415AE2A42DF3C40B38392
0E184F25548283B41C0DE66A16E79CBC2BDB03FFFFFFFFFFFC8FFF0000D315AE2A42DF3C40B383AA
0E16F725526B83B47C0DE52A16E688BC3BDA03FFFFFFFFFFFC9FFF0000C915AE2B42DF3C40B373C2
0E16FD25527F83B4DD0DE51D16E683BC3BDA03FFFFFFFFFFFC8FFF0000BF15AE2B42DF3C40B373DA
0E160925510E83B5340DE43216E5C1BC2BD9082FFFFFFFFFFC8FFF0000CF15AE2B42DF3D40B373F2
0E158C25504383B5810DE3BE16E55DBC2BD87B9FFFFFFFFFFC8FFF0000D115AE2B42DF3D40B3730A
0E1497254ECD83B5D00DE2CB16E490BC2BD86CEFFFFFFFFFFC8FFF0000D315AE2B42DF3D40B37322
0E138A254D2E83B62A0DE1C316E3B3BC2BD703FFFFFFFFFFFC7FFF0000D415AE2B42DF3D40B3733A
0E123F254B2683B6860DE07016E295BC1BD703FFFFFFFFFFFC7FFF0000D315AE2C42DF3E40B37352
0E10252547E783B6E40DDE5216E0CCBC0BD703FFFFFFFFFFFC7FFF0000D115AE2C42DF3E40B3736A
0E0ED12545DE83B73E0DDD1916DFC5BC0BD60CDFFFFFFFFFFC8FFF0000CE15AE2C42DF3E40B37382
0E0E8625456D83B7970DDCCE16DF86BBFBD68DDFFFFFFFFFFC8FFF0000C415AE2C42DF3E40B3739A
0E0E3E25450183B7ED0DDC8A16DF4EBBCBD4766FFFFFFFFFFC7FFF0000CF15AE2C42DF3E40B373B2
0E0DDB25446883B83C0DDC2516DEFABBBBD303FFFFFFFFFFFC7FFF0000D215AE2D42DF3F40B373CA
0E0C7125424B83B88C0DDAB916DDD5BBCBD3049FFFFFFFFFFC8FFF0000D215AE2D42DF3F40B373E2
0E0B592540B683B8E40DD9AC16DCFCBBDBD396EFFFFFFFFFFC7FFF0000D115AE2D42DF3F40B373FA
0E0B2025405F83B9480DD97216DCCCBBDBD33E5FFFFFFFFFFC7FFF0000CF15AE2D42DF3F40B37312
0E0A83253F7383B9A90DD8D916DC51BBDBD303FFFFFFFFFFFC7FFF0000CF15AE2D42DF4040B3732A
0E0A29253EFC83B9FF0DD87A16DC0ABBCBD303FFFFFFFFFFFC7FFF0000CE15AE2D42DF4040B37342
0E0A0F253EDB83BA4C0DD86716DBFDBBCBD303FFFFFFFFFFFC8FFF0000CD15AE2E42DF4040B3735A
0E0A0B253EDB83BA9E0DD86016DBFBBBCBD20EFFFFFFFFFFFC7FFF0000CD15AE2E42DF4040B37372
0E09C7253E7683BAFA0DD7FC16DBABBBCBD2AF1FFFFFFFFFFC8FFF0000CF15AE2E42DF4040B3738A
0E0783253AF583BB580DD5BF16D9CFBBCBD3450FFFFFFFFFFC9FFF0000C915AE2E42DF4140B363A2
0E04FC25372483BBB30DD35F16D7D6BBDBD303FFFFFFFFFFFC9FFF0000D015AE2E42DF4140B373BA
0E033A25347C83BC070DD1AD16D673BBEBD3159FFFFFFFFFFC7FFF0000CE15AE2F42DF4140B363D2
0E028F25337483BC5B0DD0F816D5DABBEBD3A29FFFFFFFFFFC7FFF0000CC15AE2F42DF4140B353EA
0E00D22530DB83BCB20DCF5016D482BBDBD2136FFFFFFFFFFC8FFF0000CB15AE2F42DF4240B35302
0E009F25308D83BD0B0DCF1916D44FBBCBD103FFFFFFFFFFFC8FFF0000CC15AE2F42DF4240B3531A
0DFF91252EED83BD630DCE0016D368BBCBD103FFFFFFFFFFFC8FFF0000CE15AE2F42DF4240B36332
0DFE82252D5883BDBF0DCCFE16D294BBABD003FFFFFFFFFFFC8FFF0000CF15AE3042DF4240B3634A
0DFDAB252C1483BE170DCC2F16D1EBBB9BD018CFFFFFFFFFFC8FFF0000CF15AE3042DF4240B36362
0DFD67252BB283BE6A0DCBEC16D1B3BB8BD0B76FFFFFFFFFFC8FFF0000C415AE3042DF4340B3537A
0DFD54252B9783BEC00DCBC616D197BB8BD0156FFFFFFFFFFC7FFF0000B915AE3042DF4340B35392
0DFC5F252A2883BF190DCADE16D0DBBB8BD003FFFFFFFFFFFC7FFF0000CA15AE3042DF4340B353AA
0DFBA025290C83BF760DCA4616D060BB8BD003FFFFFFFFFFFC8FFF0000C515AE3042DF4340B353C2
0DFAB22527A283BFCF0DC92F16CF7DBB8BD003FFFFFFFFFFFC8FFF0000CE15AE3142DF4440B353DA
0DF9CE25264D83C0220DC85C16CECEBB8BD0182FFFFFFFFFFC8FFF0000C415AE3142DF4440B353F2
0DF8E92524EC83C0760DC76F16CE0BBB8BCFB6CFFFFFFFFFFC8FFF0000CC15AE3142DF4440B3530A
0DF79F25230983C0CE0DC63316CD0CBB7BCF15BFFFFFFFFFFC8FFF0000CB15AE3142DF4440B35322
0DF74025227983C1260DC5D816CCC1BB7BCF03FFFFFFFFFFFC8FFF0000CA15AE3142DF4440B3533A
0DF68325215B83C1820DC51616CC23BB6BCF03FFFFFFFFFFFC9FFF0000C915AE3242DF4540B35352
0DF59E25200883C1DF0DC43416CB6CBB6BCE03FFFFFFFFFFFC8FFF0000C215AE3242DF4540B3536A
0DF497251E7B83C2360DC33616CA9ABB6BCE1A5FFFFFFFFFFC7FFF0000BB15AE3242DF4540B35382
0DF3E8251D7A83C2820DC29116CA15BB7BCEBA7FFFFFFFFFFC6FFF0000CB15AE3242DF4540B3539A
0DF364251CB083C2D40DC20016C99FBB6BCE161FFFFFFFFFFC6FFF0000CB15AE3242DF4540B333B2
0DF1AC251A2783C3300DC07316C861BB6BCE03FFFFFFFFFFFC6FFF0000C115AE3242DF4640B333CA
0DF14225198783C38F0DBFE816C7EEBB7BCD03FFFFFFFFFFFC9FFF0000C815AE3342DF4640B333E2
0DF12825196583C3ED0DBFD516C7E0BB7BCD03FFFFFFFFFFFC7FFF0000C815AE3342DF4640B343FA
0DF12D25196D83C4420DBFD516C7E1BB7BCD240FFFFFFFFFFC7FFF0000C115AE3342DF4640B35312
0DF0B02518B683C4900DBF6316C786BB6BCDBFFFFFFFFFFFFC9FFF0000CA15AE3342DF4740B3332A
0DEFEE2517A083C4E10DBE9E16C6EABB5BCD169FFFFFFFFFFC8FFF0000C915AE3342DF4740B33342
0DEE8925158A83C53B0DBD3D16C5CFBB5BCD03FFFFFFFFFFFC8FFF0000C915AE3442DF4740B3335A
0DED652513D083C5980DBC1C16C4E1BB6BCE03FFFFFFFFFFFC8FFF0000C115AE3442DF4740B33372
0DECCA2512EB83C5F30DBB8616C464BB7BCD03FFFFFFFFFFFC8FFF0000C715AE3442DF4740B3338A
0DECA62512B783C6490DBB6316C448BB7BCD300FFFFFFFFFFC7FFF0000C715AE3442DF4840B333A2
0DEC8625128883C69E0DBB4116C42FBB6BCDCCFFFFFFFFFFFC7FFF0000C715AE3442DF4840B333BA
0DEC6525125883C6F10DBB2116C416BB6BCC180FFFFFFFFFFC7FFF0000C615AE3542DF4840B333D2
0DEC3D25122483C7460DBAF916C3F6BB5BCC03FFFFFFFFFFFC8FFF0000C615AE3542DF4840B333EA
0DEBC425116B83C79D0DBA7916C391BB5BCC2DCFFFFFFFFFFCAFFF0000C715AE3542DF4940B33302
0DEB2625109083C7F60DB9E416C31EBB6BCCAA9FFFFFFFFFFC8FFF0000C815AE3542DF4940B3331A
0DEAF725104D83C8510DB9BD16C301BB6BCC03DFFFFFFFFFFC8FFF0000C715AE3542DF4940B33332
0DEACE25101983C8A80DB99116C2E1BB6BCC03FFFFFFFFFFFC7FFF0000C515AE3542DF4940B3334A
0DEAB0250FF483C8FD0DB97F16C2D6BB5BCC03FFFFFFFFFFFC7FFF0000BB15AE3642DF4940B33362
0DEA91250FCE83C9540DB94816C2AEBB5BCC03FFFFFFFFFFFC8FFF0000C315AE3642DF4A40B3337A
0DE96E250E1D83C9AB0DB83A16C1D6BB5BCC30FFFFFFFFFFFC8FFF0000C515AE3642DF4A40B33392
0DE881250CC483CA000DB74B16C116BB5BCBB6DFFFFFFFFFFC8FFF0000B715AE3642DF4A40B333AA
0DE813250C1783CA550DB6D816C0B7BB5BCB03DFFFFFFFFFFC7FFF0000C515AE3642DF4A40B333C2
0DE764250B1783CAAE0DB62C16C02BBB5BCB03FFFFFFFFFFFC7FFF0000BD15AE3742DF4A40B333DA
0DE6D3250A3D83CB0A0DB5A016BFBCBB5BCB03FFFFFFFFFFFC8FFF0000C215AE3742DF4B40B333F2
0DE65525097E83CB630DB52516BF57BB4BCB03FFFFFFFFFFFC8FFF0000BA15AE3742DF4B40B3330A
0DE59125085583CBB80DB45C16BEB1BB4BCB4F8FFFFFFFFFFC8FFF0000C215AE3742DF4B40B33322
0DE41A25062283CC090DB2ED16BD86BB4BCAC72FFFFFFFFFFC8FFF0000BC15AE3742DF4B40B3133A
0DE3C22505A383CC5D0DB29D16BD45BB3BCA03DFFFFFFFFFFC9FFF0000C415AE3742DF4C40B33352
0DE39B25056A83CCB90DB27216BD24BB3BCA03FFFFFFFFFFFC8FFF0000C415AE3842DF4C40B3136A
0DE2B125040B83CD170DB18616BC64BB2BC903FFFFFFFFFFFC8FFF0000C115AE3842DF4C40B31382
0DE18425024D83CD6F0DB06016BB77BB2BC903FFFFFFFFFFFC8FFF0000BF15AE3842DF4C40B3139A
0DE10225019283CDBE0DAFE216BB11BB3BC803FFFFFFFFFFFC8FFF0000BF15AE3842DF4C40B313B2
0DE04C25007F83CE130DAF2B16BA7CBB3BC84D9FFFFFFFFFFC7FFF0000BB15AE3842DF4D40B313CA
0DDF5D24FF2283CE6A0DAE4216B9C3BB2BC803EFFFFFFFFFFC7FFF0000BB15AE3942DF4D40B313E2
0DDECE24FE5583CEC60DADB616B959BB2BC803FFFFFFFFFFFC8FFF0000C115AE3942DF4D40B313FA
0DDE5E24FDBA83CF200DAD4816B904BB2BC803FFFFFFFFFFFC9FFF0000BE15AE3942DF4D40B31312
0DDE2824FD7183CF7B0DAD1316B8DCBB2BC896AFFFFFFFFFFC7FFF0000BE15AE3942DF4D40B3132A
0DDD9C24FCA483CFCC0DAC8616B86CBB1BC7183FFFFFFFFFFC8FFF0000B615AE3942DF4E40B31342
0DDCED24FB9F83D01B0DABDA16B7E2BB1BC703FFFFFFFFFFFC6FFF0000C115AE3942DF4E40B3135A
0DDC9024FB2883D06E0DAB8216B7A3BB0BC703FFFFFFFFFFFC6FFF0000C215AE3A42DF4E40B31372
0DDC5C24FAEF83D0CA0DAB5016B786BB0BC803FFFFFFFFFFFC7FFF0000C015AE3A42DF4E40B3138A
0DDC8224FB4683D1280DAB7816B7B7BB0BC808DFFFFFFFFFFC8FFF0000BD15AE3A42DF4E40B313A2
0DDCB624FBAF83D1850DABA616B7EBBB0BC7160FFFFFFFFFFC7FFF0000B315AE3A42DF4F40B313BA
0DDC8424FB7C83D1D90DAB7816B7D1BB0BC803FFFFFFFFFFFC8FFF0000B315AE3A42DF4F40B313D2
0DDC9724FBC983D22A0DAB8916B7F6BB1BC803FFFFFFFFFFFC8FFF0000B615AE3B42DF4F40B313EA
0DDC2824FB4283D27C0DAB1816B7B0BB2BC9053FFFFFFFFFFC7FFF0000BD15AE3B42DF4F40B30302
0DDB9024FA7483D2D00DAA8016B741BB3BC979EFFFFFFFFFFC8FFF0000B815AE3B42DF5040B3031A
0DDAEF24F98B83D32B0DA9E316B6C5BB4BCB03FFFFFFFFFFFC8FFF0000BD15AE3B42DF5040B31332
0DDA6724F8C083D38C0DA95D16B655BB5BCC03FFFFFFFFFFFC8FFF0000BA15AE3B42DF5040B2F34A
0DD9E024F7E883D3E90DA8D716B5E2BB6BCD03FFFFFFFFFFFC9FFF0000B915AE3B42DF5040B2F362
0DD90024F67F83D43C0DA7ED16B515BB6BCD03FFFFFFFFFFFC8FFF0000B815AE3C42DF5040B2F37A
0DD78824F43083D4870DA67B16B3DABB7BCD046FFFFFFFFFFC7FFF0000B415AE3C42DF5140B2F392
0DD6F124F34C83D4D80DA5F416B36BBB6BCD040FFFFFFFFFFC7FFF0000B715AE3C42DF5140B2F3AA
0DD6C224F31983D5370DA5C216B34EBB5BCD03FFFFFFFFFFFC7FFF0000B815AE3C42DF5140B2F3C2
0DD5B224F18A83D5980DA4B916B27ABB4BCC03FFFFFFFFFFFC7FFF0000BB15AE3C42DF5140B2F3DA
0DD53224F0C983D5F10DA43316B20CBB3BCB327FFFFFFFFFFC8FFF0000BA15AE3C42DF5140B2F3F2
0DD3C624EEA783D6420DA2CD16B0E8BB3BCB27CFFFFFFFFFFC8FFF0000B015AE3D42DF5240B2F30A
0DD35B24EE0D83D6950DA26C16B09CBB2BCA03FFFFFFFFFFFC8FFF0000B715AE3D42DF5240B2F322
0DD32924EDC683D6EE0DA23916B074BB1BCA03FFFFFFFFFFFC8FFF0000B815AE3D42DF5240B2F33A
0DD2FD24ED8783D74C0DA21416B055BB0BC903FFFFFFFFFFFC8FFF0000B915AE3D42DF5240B2F352
0DD2D024ED4483D7A10DA1E416B030BB0BC803FFFFFFFFFFFC8FFF0000B915AE3D42DF5240B2F36A
0DD26824ECA983D7F10DA18016AFE0BB0BC803FFFFFFFFFFFC8FFF0000B815AE3E42DF5340B2F382
0DD18924EB7483D8440DA0A416AF38BAFBC8050FFFFFFFFFFC6FFF0000B815AE3E42DF5340B2F39A
0DD12F24EB0783D8A10DA04716AEFCBB0BC8041FFFFFFFFFFC8FFF0000B715AE3E42DF5340B2F3B2
0DD10224EAD783D9000DA01A16AEE3BB1BC803FFFFFFFFFFFC8FFF0000B615AE3E42DF5340B2F3CA
0DD0EF24EAC983D95A0DA00916AED9BB1BC803FFFFFFFFFFFC8FFF0000B515AE3E42DF5340B2F3E2
0DD0DE24EAB883D9AD0D9FF916AED1BB1BC841BFFFFFFFFFFC8FFF0000B515AE3E42DF5440B2F3FA
0DD0E324EAC683DA000D9FFE16AED9BB1BC831DFFFFFFFFFFC7FFF0000AD15AE3F42DF5440B2F312
0DD0BB24EA9083DA500D9FD516AEBEBB1BC803FFFFFFFFFFFC7FFF0000B515AE3F42DF5440B2F32A
0DCFFB24E97C83DAA80D9F1216AE23BB1BC803FFFFFFFFFFFC7FFF0000B615AE3F42DF5440B2D342
0DCF8324E8CD83DB080D9EA016ADC8BB1BC803FFFFFFFFFFFC7FFF0000B715AE3F42DF5440B2F35A
0DCF5224E88B83DB650D9E6E16ADA5BB2BC803FFFFFFFFFFFC6FFF0000B515AE3F42DF5540B2D372
0DCEFB24E81083DBBB0D9E1B16AD66BB2BC8052FFFFFFFFFFC8FFF0000B215AE4042DF5540B2D38A
0DCE8724E75F83DC0E0D9DAA16AD07BB2BC803FFFFFFFFFFFC8FFF0000B115AE4042DF5540B2D3A2
0DCE0E24E6AB83DC630D9D3016ACA4BB3BC803FFFFFFFFFFFC8FFF0000B215AE4042DF5540B2D3BA
0DCD9124E5F083DCB90D9CB316AC3ABB3BC803FFFFFFFFFFFC6FFF0000B415AE4042DF5640B2D3D2
0DCCBB24E49B83DD0D0D9BD716AB7FBB2BC8690FFFFFFFFFFC7FFF0000B515AE4042DF5640B2D3EA
0DCB9724E2D283DD640D9AB916AA8FBB0BC803DFFFFFFFFFFC8FFF0000AC15AE4042DF5640B2D302
0DCADD24E1B783DDC20D9A0616A9F9BB0BC803FFFFFFFFFFFC8FFF0000B115AE4142DF5640B2D31A
0DCA7724E12B83DE1C0D99A516A9B1BAFBC703FFFFFFFFFFFC8FFF0000AF15AE4142DF5640B2D332
0DCA0624E08E83DE700D992F16A959BAEBC603FFFFFFFFFFFC8FFF0000AF15AE4142DF5740B2D34A
0DC96024DFB883DEC80D988D16A8E5BADBC503FFFFFFFFFFFC7FFF0000A015AE4142DF5740B2D362
0DC91124DF4C83DF200D984616A8B1BADBC403FFFFFFFFFFFC7FFF0000B215AE4142DF5740B2D37A
0DC8EB24DF1483DF750D982116A893BADBC303FFFFFFFFFFFC8FFF0000B315AE4142DF5740B2D392
0DC8A824DEBE83DFCB0D97DE16A860BADBC303FFFFFFFFFFFC7FFF0000B215AE4242DF5740B2D3AA
0DC8B524DEE883E0250D97EC16A87BBACBC3196FFFFFFFFFFC7FFF0000AE15AE4242DF5840B2D3C2
0DC89C24DED783E0830D97CE16A86FBACBC3418FFFFFFFFFFC8FFF0000A515AE4242DF5840B2D3DA
0DC7A224DD6D83E0DE0D96D116A7ABBACBC303FFFFFFFFFFFC8FFF0000AE15AE4242DF5840B2D3F2
0DC6D424DC4283E1340D960C16A70BBABBC303FFFFFFFFFFFC8FFF0000A015AE4242DF5840B2D30A
0DC62D24DB4483E1870D956C16A687BACBC303FFFFFFFFFFFC8FFF0000AF15AE4342DF5840B2D322
0DC5D924DACE83E1D90D951416A640BACBC403FFFFFFFFFFFC8FFF0000AE15AE4342DF5940B2D33A
0DC57224DA3283E22F0D94AE16A5F0BACBC303FFFFFFFFFFFC8FFF0000AD15AE4342DF5940B2D352
0DC50424D99183E28F0D944916A5A0BABBC303FFFFFFFFFFFC7FFF0000AE15AE4342DF5940B2D36A
0DC50224D99B83E2EF0D944416A5A0BAABC203FFFFFFFFFFFC6FFF00009E15AE4342DF5940B2B382
0DC50A24D9B183E3460D944D16A5ACBABBC203FFFFFFFFFFFC7FFF0000AD15AE4342DF5940B2B39A
0DC4D324D96083E3960D941516A581BACBC1352FFFFFFFFFFC7FFF0000AB15AE4442DF5A40B2B3B2
0DC49024D90283E3EB0D93D216A54DBADBC10C7FFFFFFFFFFC7FFF0000AB15AE4442DF5A40B2B3CA
0DC41C24D85683E4440D935B16A4F2BACBC103FFFFFFFFFFFC7FFF0000A515AE4442DF5A40B2B3E2
0DC36624D74483E4A40D92AB16A45FBABBC103FFFFFFFFFFFC7FFF0000AE15AE4442DF5A40B2B3FA
0DC28924D5EE83E4FD0D91CB16A3A3BABBC1636FFFFFFFFFFC8FFF0000AD15AE4442DF5A40B2B312
0DC0B224D31F83E5510D8FF616A221BAABC146BFFFFFFFFFFC7FFF0000AB15AE4442DF5B40B2B32A
0DBF6024D13183E5A60D8EB316A11FBAABC003FFFFFFFFFFFC8FFF0000A915AE4542DF5B40B2B342
0DBF0524D0AB83E6010D8E6716A0E3BA9BC003FFFFFFFFFFFC9FFF0000A115AE4542DF5B40B2B35A
0DBD9724CEA883E65C0D8CE6169FB8BA8BBF03FFFFFFFFFFFC7FFF0000AB15AE4542DF5B40B2B372
0DBD8E24CE9A83E6B20D8CF0169FBFBA7BBF03FFFFFFFFFFFC7FFF0000AB15AE4542DF5B40B2B38A
0DBDAE24CECA83E7010D8CF0169FC0BA6BBE15EFFFFFFFFFFC8FFF0000AA15AE4542DF5C40B2B3A2
0DBCB624CD5B83E7500D8BF8169EFEBA4BBD03FFFFFFFFFFFC7FFF0000A015AE4642DF5C40B293BA
0DBB4D24CB5583E7A70D8A9E169DF0BA3BBD03FFFFFFFFFFFC7FFF0000A815AE4642DF5C40B2B3D2
0DBA9024CA4183E7FF0D89F5169D68BA3BBC03FFFFFFFFFFFC8FFF0000AA15AE4642DF5C40B293EA
0DBA3C24C9CA83E8540D89A1169D25BA3BBC7A5FFFFFFFFFFC8FFF0000AA15AE4642DF5C40B29302
0DBA0F24C98D83E8A60D8974169D03BA3BBB03DFFFFFFFFFFC7FFF0000A815AE4642DF5C40B2B31A
0DB9CB24C92E83E8F50D8932169CD0BA1BBB03FFFFFFFFFFFC7FFF0000A715AE4742DF5D40B29332
0DB97824C8B783E9470D88DE169C90BA1BBA03FFFFFFFFFFFC7FFF0000A715AE4742DF5D40B2B34A
0DB8A524C77E83E99B0D8808169BE8BA1BBA03FFFFFFFFFFFC7FFF0000A715AE4742DF5D40B29362
0DB7A624C60783E9F00D8710169B20BA1BB903FFFFFFFFFFFC8FFF0000A015AE4742DF5D40B2937A
0DB6CE24C4CF83EA420D8639169A75BA1BB903FFFFFFFFFFFC8FFF0000A715AE4742DF5D40B29392
0DB64224C40283EA900D85AA169A02BA0BB903FFFFFFFFFFFC7FFF00009E15AE4842DF5D40B293AA
0DB52624C26183EADF0D8498169926B9FBB803FFFFFFFFFFFC6FFF0000A515AE4842DF5D40B293C2
0DB3E524C08E83EB350D835716982FB9FBB8186FFFFFFFFFFC6FFF0000A615AE4842DF5E40B293DA
0DB30524BF4B83EB8D0D8280169784B9EBB7412FFFFFFFFFFC6FFF0000A715AE4842DF5E40B293F2
0DB27124BE7983EBE10D81EF169712B9DBB703FFFFFFFFFFFC5FFF00009D15AE4842DF5E40B2930A
0DB19424BD3383EC2E0D8112169663B9CBB603FFFFFFFFFFFC8FFF0000A215AE4942DF5E40B29322
0DB0DE24BC3183EC7B0D80661695DCB9BBB603FFFFFFFFFFFC9FFF0000A115AE4942DF5E40B2933A
0DB0BF24BC0483ECD10D804A1695C9B9BBB503FFFFFFFFFFFC8FFF0000A515AE4942DF5E40B29352
0DB0A624BBE683ED280D802F1695B3B9ABB403FFFFFFFFFFFC7FFF00009F15AE4942DF5E40B2936A
0DB09424BBD383ED7C0D80211695ABB9ABB4044FFFFFFFFFFC7FFF0000A415AE4942DF5E40B29382
0DB08C24BBCA83EDCA0D80151695A4B99BB3044FFFFFFFFFFC8FFF0000A115AE4A42DF5F40B2939A
0DB08324BBC383EE190D800916959CB99BB303FFFFFFFFFFFC5FFF00009915AE4A42DF5F40B293B2
0DB07924BBBD83EE6D0D800316959CB9ABB203FFFFFFFFFFFC5FFF0000A115AE4A42DF5F40B293CA
0DB07524BBBD83EEC60D7FFC16959CB9ABB215DFFFFFFFFFFC6FFF0000A315AE4A42DF5F40B293E2
0DB02A24BB5483EF210D7FAC169560B9ABB23C5FFFFFFFFFFC6FFF0000A215AE4A42DF5F40B283FA
0DAFCB24BAD383EF720D7F5316951CB9ABB203FFFFFFFFFFFC6FFF00009915AE4A42DF5F40B28312
0DAF9824BA8D83EFBC0D7F1B1694F4B9ABB203FFFFFFFFFFFC6FFF0000A015AE4B42DF5F40B2732A
0DAF5424BA3183F00A0D7EDD1694C6B9BBB203FFFFFFFFFFFC8FFF00009815AE4B42DF5F40B28342
0DAF2B24B9FF83F0630D7EB41694A9B9BBB203FFFFFFFFFFFC8FFF0000A115AE4B42DF5F40B2735A
0DAE6124B8DA83F0C20D7DE916940EB9ABB203FFFFFFFFFFFC8FFF0000A115AE4B42DF5F40B27372
0DADCD24B80D83F11E0D7D5F1693A3B9ABB203FFFFFFFFFFFC8FFF0000A015AE4B42DF6040B2738A
0DADC424B80683F1730D7D5516939EB9BBB203FFFFFFFFFFFC7FFF00009715AE4C42DF6040B273A2
0DADB724B7F783F1C70D7D46169396B9BBB103FFFFFFFFFFFC7FFF00009F15AE4C42DF6040B273BA
0DAD3424B74583F21F0D7CC2169332B9ABB13BBFFFFFFFFFFC6FFF00009915AE4C42DF6040B273D2
0DACED24B6E783F2790D7C7E169302B99BB10E2FFFFFFFFFFC6FFF00009E15AE4C42DF6040B273EA
0DACC824B6B583F2D10D7C541692E3B99BB003FFFFFFFFFFFC7FFF00009E15AE4C42DF6040B27302
0DAC1924B5BC83F32B0D7BAC169264B99BB003FFFFFFFFFFFC7FFF00009E15AE4C42DF6040B2731A
0DABFC24B59983F38D0D7B9D169259B99BB05B9FFFFFFFFFFC6FFF00009A15AE4C42DF6040B27332
0DABED24B58A83F3F00D7B82169248B99BB044AFFFFFFFFFFC7FFF00009715AE4D42DF6040B2734A
0DABE724B58A83F4510D7B74169241B99BB003FFFFFFFFFFFC6FFF00008A15AE4D42DF6040B27362
0DAADE24B40E83F4AC0D7A4F169160B99BB003FFFFFFFFFFFC7FFF00007D15AE4D42DF6040B2737A
0DA90824B17383F50A0D78A2169015B98BAF03FFFFFFFFFFFC8FFF00008515AE4D42DF6040B27392
0DA87A24B0AA83F56A0D7819168FAAB97BB003FFFFFFFFFFFC7FFF00008515AE4D42DF6040B253AA
0DA84124B05C83F5CB0D77DF168F7FB97BB01E3FFFFFFFFFFC6FFF00008A15AE4D42DF6040B253C2
0DA7EE24AFEC83F62C0D778E168F44B97BAF03FFFFFFFFFFFC6FFF00008D15AE4D42DF6040B253DA
0DA74B24AF0483F68D0D7700168ED7B96BAE03FFFFFFFFFFFC7FFF00009C15AE4D42DF6040B273F2
0DA70624AEA983F6F10D76BC168EA5B95BAE03FFFFFFFFFFFC8FFF00009D15AE4E42DF6040B2530A
0DA6C524AE5483F7570D7661168E62B94BAE720FFFFFFFFFFC7FFF00009615AE4E42DF6040B25322
0DA6A924AE3583F7C60D7659168E60B94BAD03CFFFFFFFFFFC6FFF00009E15AE4E42DF6040B2533A
0DA69524AE1F83F8360D763D168E4EB93BAD03FFFFFFFFFFFC7FFF0000A015AE4E42DF6040B25352
0DA69524AE2583F89C0D7640168E56B93BAD03FFFFFFFFFFFC7FFF0000A015AE4E42DF6040B2536A
0DA68D24AE2583F8F80D763B168E55B94BAD03FFFFFFFFFFFC6FFF00009715AE4E42DF6040B25382
0DA68824AE2783F9500D762A168E4CB93BAD03FFFFFFFFFFFC7FFF00009C15AE4E42DF6040B2539A
0DA60C24AD7683F9B30D75AF168DF1B93BAC03FFFFFFFFFFFC7FFF00009D15AE4E42DF6040B253B2
0DA57B24ACB183FA290D7522168D88B93BAD03FFFFFFFFFFFC8FFF00009A15AE4E42DF6040B253CA
0DA4CC24ABC383FAAA0D7474168D08B94BAD03FFFFFFFFFFFC8FFF00009D15AE4E42DF6040B253E2
0DA3FE24AAA183FB230D73A9168C6BB95BAD0FDFFFFFFFFFFC8FFF00009F15AE4E42DF6040B253FA
0DA37524A9E383FB8A0D7328168C0AB95BAD2EAFFFFFFFFFFC7FFF00009915AE4E42DF6040B25312
0DA34E24A9B483FBE70D7301168BF0B95BAC03FFFFFFFFFFFC7FFF00009C15AE4E42DF5F40B2532A
0DA2CE24A90283FC4D0D727F168B90B95BAC03FFFFFFFFFFFC7FFF00009D15AE4E42DF5F40B25342
0DA28124A89683FCC00D723A168B5BB94BAB03FFFFFFFFFFFC6FFF00009715AE4E42DF5F40B2535A
0DA1BF24A78183FD330D716E168ABEB93BAB03FFFFFFFFFFFC6FFF00009D15AE4E42DF5F40B25372
0DA0A724A5F483FDA30D70521689E4B93BAA03FFFFFFFFFFFC8FFF00009C15AE4E42DF5F40B2438A
0DA00E24A52783FE1C0D6FCA16897CB93BAA03FFFFFFFFFFFC7FFF00009515AE4E42DF5F40B253A2
0D9FE524A4F183FE950D6FA2168961B92BAA03FFFFFFFFFFFC6FFF00009D15AE4E42DF5F40B233BA
0D9FD824A4E383FF0A0D6F91168959B91BAA03FFFFFFFFFFFC8FFF00009E15AE4E42DF5F40B233D2
0D9FB924A4C183FF730D6F72168943B91BA919CFFFFFFFFFFC8FFF00009D15AE4E42DF5F40B233EA
0D9F3A24A40C83FFDB0D6EF41688E5B90BA9085FFFFFFFFFFC7FFF00009515AE4F42DF5E40B23302
0D9E6C24A2F28400490D6E2D16884EB90BA803FFFFFFFFFFFC6FFF00009A15AE4F42DF5E40B2331A
0D9E1C24A2858400BE0D6DDE168815B90BA803FFFFFFFFFFFC7FFF00009A15AE4E42DF5E40B23332
0D9DCE24A21D8401340D6D8F1687DBB8FBA8535FFFFFFFFFFC8FFF00009A15AE4E42DF5E40B2334A
0D9D9A24A1D78401AF0D6D5D1687B8B8FBA8412FFFFFFFFFFC8FFF00009515AE4E42DF5E40B23362
0D9CC924A0B58402280D6C89168717B8FBA703FFFFFFFFFFFC8FFF00009C15AE4E42DF5E40B2337A
0D9BEB249F8084029C0D6BB2168677B8FBA703FFFFFFFFFFFC8FFF00009A15AE4E42DF5E40B23392
0D9B6C249ECC84030D0D6B35168618B8FBA703FFFFFFFFFFFC8FFF00009315AE4E42DF5D40B233AA
0D9AFB249E348403780D6AC51685C3B8EBA603FFFFFFFFFFFC7FFF00009915AE4E42DF5D40B233C2
0D9A9D249DB78403E00D6A6C168582B8DBA6174FFFFFFFFFFC7FFF00009915AE4E42DF5D40B233DA
0D9A28249D168404500D69F2168528B8CBA503FFFFFFFFFFFC9FFF00009315AE4E42DF5D40B233F2
0D999D249C5B8404CF0D696E1684C5B8DBA503FFFFFFFFFFFC8FFF00009815AE4E42DF5D40B2330A
0D996B249C1D8405510D693D1684A7B8CBA503FFFFFFFFFFFC7FFF00009815AE4E42DF5D40B23322
0D9884249AD38405CA0D6865168404B8CBA5717FFFFFFFFFFC7FFF00009915AE4E42DF5D40B2133A
0D9815249A448406370D67EC1683A8B8CBA403CFFFFFFFFFFC8FFF00009215AE4E42DF5C40B21352
0D9810249A4584069E0D67EA1683A9B8CBA403FFFFFFFFFFFC7FFF00009715AE4E42DF5C40B2136A
0D97C02499D88407090D679A16836FB8BBA403FFFFFFFFFFFC7FFF00009115AE4E42DF5C40B21382
0D974F24993E84077D0D672416831AB8ABA303FFFFFFFFFFFC8FFF00009615AE4E42DF5C40B2139A
0D964A2497D48407F80D6620168257B89BA303FFFFFFFFFFFC7FFF00009615AE4E42DF5C40B213B2
0D95A82496FC8408750D65871681E6B8ABA303FFFFFFFFFFFC7FFF00009515AE4E42DF5B40B213CA
0D957D2496C48408EA0D655B1681C8B8ABA3047FFFFFFFFFFC7FFF00009015AE4E42DF5B40B213E2
0D94DE2495E884095C0D64BD168151B89BA203FFFFFFFFFFFC8FFF00009715AE4E42DF5B40B213FA
0D946124953E8409CF0D64441680F7B89BA203FFFFFFFFFFFC8FFF00009615AE4E42DF5B40B21312
0D938E249416840A3B0D636E168056B88BA203FFFFFFFFFFFC6FFF00009515AE4E42DF5B40B2132A
0D929C2492C0840AA80D6282167FA1B88BA16DBFFFFFFFFFFC6FFF00008D15AE4E42DF5B40B21342
0D91F02491D5840B1C0D61D8167F21B88BA103CFFFFFFFFFFC7FFF00009415AE4E42DF5A40B2135A
0D914D2490EF840B960D6137167EA7B88BA103FFFFFFFFFFFC7FFF00009515AE4E42DF5A40B21372
0D90D924904F840C120D60C4167E50B87BA003FFFFFFFFFFFC7FFF00009415AE4E42DF5A40B2138A
0D9089248FE9840C840D6079167E1AB86BA003FFFFFFFFFFFC7FFF00008D15AE4E42DF5A40B213A2
0D904B248F96840CF10D6034167DE8B86B9F03FFFFFFFFFFFC7FFF00008E15AE4E42DF5A40B213BA
0D8FF4248F29840D610D5FE5167DB3B85B9F03FFFFFFFFFFFC8FFF00008A15AE4E42DF5940B213D2
0D8FA2248EB9840DD40D5F8A167D74B84B9E044FFFFFFFFFFC7FFF00009315AE4E42DF5940B203EA
0D8D2A248B3E840E4C0D5D1B167B99B83B9E03FFFFFFFFFFFC7FFF00009315AE4E42DF5940B20302
0D8C8E248A6A840EC30D5C8A167B26B84B9E03FFFFFFFFFFFC7FFF00008B15AE4E42DF5940B2131A
0D8C262489D2840F360D5C24167AD7B84B9D03FFFFFFFFFFFC7FFF00009215AE4E42DF5940B1F332
0D8BA9248922840FA70D5BA6167A78B84B9C750FFFFFFFFFFC8FFF00009215AE4E42DF5840B1F34A
0D8B092488488410160D5B0C167A04B82B9C03CFFFFFFFFFFC7FFF00008B15AE4D42DF5840B20362
0D8AE424881B8410860D5AE71679EBB81B9B03FFFFFFFFFFFC7FFF00008A15AE4D42DF5840B1F37A
0D8AC62487F48410FB0D5AC91679D7B81B9A03FFFFFFFFFFFC8FFF00009115AE4D42DF5840B1F392
0D8AA22487CD8411730D5AA71679C2B81B9A03FFFFFFFFFFFC8FFF00009115AE4D42DF5840B1F3AA
0D8A862487AD8411E60D5A8E1679B4B80B9903FFFFFFFFFFFC8FFF00009015AE4D42DF5740B1F3C2
0D8A4D24876084124E0D5A5316798AB80B9903FFFFFFFFFFFC7FFF00009015AE4D42DF5740B1F3DA
0D8A222487308412BE0D5A2716796CB7FB9805BFFFFFFFFFFC7FFF00008F15AE4D42DF5740B1F3F2
0D8A042487118413360D5A0916795BB7FB9803FFFFFFFFFFFC7FFF00008F15AE4D42DF5740B1D30A
0D89992486738413B20D599B16790BB7FB9803FFFFFFFFFFFC6FFF00008915AE4D42DF5640B1F322
0D88522484AF8414230D585A167816B7FB9803FFFFFFFFFFFC9FFF00008215AE4D42DF5640B1D33A
0D87B52483D984148A0D57C41677A3B7FB98815FFFFFFFFFFC8FFF00008F15AE4D42DF5640B1D352
0D87912483AC8414F30D57A116778BB7FB9803CFFFFFFFFFFC7FFF00008615AE4D42DF5640B1D36A
0D876C24837A8415670D5778167772B7DB9703FFFFFFFFFFFC7FFF00008C15AE4D42DF5640B1D382
0D86AE2482778415E30D56BE1676E7B7DB9703FFFFFFFFFFFC8FFF00008E15AE4D42DF5540B1D39A
0D86492481ED84165A0D565B16769AB7CB9603FFFFFFFFFFFC7FFF00008815AE4D42DF5540B1D3B2
0D85B02481198416C50D55C216762AB7CB960CBFFFFFFFFFFC7FFF00008E15AE4D42DF5540B1D3CA
0D85082480338417300D551C1675AEB7CB960CFFFFFFFFFFFC7FFF00008D15AE4D42DF5540B1D3E2
0D8496247F9584179E0D54AD16755DB7BB9503FFFFFFFFFFFC7FFF00008515AE4D42DF5440B1D3FA
0D83EC247EA984180F0D54051674DDB7BB9503FFFFFFFFFFFC7FFF00008B15AE4D42DF5440B1D312
0D8392247E3884187F0D53AE16749FB7BB941A6FFFFFFFFFFC7FFF00008C15AE4D42DF5440B1D32A
0D837C247E1F8418F20D5397167492B7AB934C1FFFFFFFFFFC7FFF00008815AE4D42DF5440B1D342
0D833B247DCE8419660D5356167465B79B9303FFFFFFFFFFFC9FFF00008415AE4D42DF5440B1D35A
0D82D3247D448419D80D52F116741CB78B9203FFFFFFFFFFFC7FFF00008B15AE4D42DF5340B1D372
0D8265247CAE841A480D52821673CDB78B9203FFFFFFFFFFFC8FFF00008B15AE4D42DF5340B1D38A
0D8211247C43841AB40D5236167397B79B9203FFFFFFFFFFFC8FFF00008B15AE4C42DF5340B1D3A2
0D81EB247C18841B1D0D521116737EB78B9103FFFFFFFFFFFC8FFF00008B15AE4C42DF5340B1D3BA
0D81AC247BC3841B880D51C816734CB78B9103FFFFFFFFFFFC6FFF00008B15AE4C42DF5340B1D3D2
0D813C247B33841BFD0D5160167303B77B9103FFFFFFFFFFFC6FFF00008A15AE4C42DF5240B1D3EA
0D80E9247AC3841C770D510D1672C6B77B9103FFFFFFFFFFFC7FFF00007915AE4C42DF5240B1D302
0D8076247A25841CE70D509D167272B77B91330FFFFFFFFFFC7FFF00008715AE4C42DF5240B1D31A
0D80282479BB841D500D5051167239B77B900E0FFFFFFFFFFC7FFF00008A15AE4C42DF5240B1D332
0D8003247994841DBA0D502A167221B76B9003FFFFFFFFFFFC8FFF00008915AE4C42DF5240B1C34A
0D7F9A247907841E250D4FC21671D8B74B9003FFFFFFFFFFFC7FFF00008915AE4C42DF5140B1B362
0D7EF024781B841E910D4F1B16715CB75B8F03FFFFFFFFFFFC7FFF00008915AE4C42DF5140B1B37A
0D7E962477AC841F070D4EC716711EB75B8F03FFFFFFFFFFFC9FFF00008315AE4C42DF5140B1B392
0D7E3B247734841F7E0D4E601670D9B76B8E03FFFFFFFFFFFC7FFF00008215AE4C42DF5140B1B3AA
0D7DDA2476B9841FEA0D4E0A16709BB76B8E03FFFFFFFFFFFC7FFF00008815AE4C42DF5140B1B3C2
0D7DBF2476988420520D4DEE167089B75B8D03FFFFFFFFFFFC7FFF00008715AE4C42DF5040B1B3DA
0D7D912476618420BD0D4DC016706CB75B8D03FFFFFFFFFFFC6FFF00008015AE4C42DF5040B1B3F2
0D7D5624761A8421280D4D85167044B74B8D313FFFFFFFFFFC7FFF00008715AE4C42DF5040B1B30A
0D7CEA2475858421940D4D18166FF5B74B8D03FFFFFFFFFFFC7FFF00008815AE4C42DF5040B1B322
0D7C5C2474B88422050D4C8B166F89B73B8C03FFFFFFFFFFFC7FFF00008715AE4C42DF5040B1B33A
0D7B9D2473B184227A0D4BCF166EFAB74B8C03FFFFFFFFFFFC8FFF00008015AE4C42DF5040B19352
0D7ADA2472A98422E70D4B15166E70B74B8CA23FFFFFFFFFFC8FFF00008715AE4C42DF4F40B1B36A
0D7A5F24720B8423500D4A9E166E1AB73B8C03BFFFFFFFFFFC8FFF00007F15AE4C42DF4F40B19382
0D79BB2471258423B40D49F8166D9FB72B8C03FFFFFFFFFFFC8FFF00008615AE4C42DF4F40B1B39A
0D794F24709F8424210D498F166D54B71B8C03FFFFFFFFFFFC7FFF00008615AE4C42DF4F40B1B3B2
0D792B24706E8424900D496A166D3DB71B8B03FFFFFFFFFFFC7FFF00008615AE4C42DF4F40B193CA
0D78EE2470238424FC0D492F166D15B70B8B12BFFFFFFFFFFC7FFF00007E15AE4C42DF4F40B193E2
0D78BB246FE48425670D48FA166CF3B6FB8A131FFFFFFFFFFC7FFF00008515AE4C42DF4E40B193FA
0D7882246F9D8425D80D48C3166CCEB6FB8903FFFFFFFFFFFC8FFF00008415AE4C42DF4E40B19312
0D785E246F778426480D48A0166CB5B6FB8903FFFFFFFFFFFC7FFF00007D15AE4C42DF4E40B1932A
0D7838246F458426AF0D4878166C9CB6EB8829EFFFFFFFFFFC7FFF00008315AE4C42DF4E40B19342
0D7804246F078427140D4847166C7DB6FB886C5FFFFFFFFFFC7FFF00008315AE4C42DF4E40B1935A
0D77E7246EE984277E0D482A166C6CB6EB8803FFFFFFFFFFFC8FFF00008415AE4C42DF4E40B19372
0D779F246E8D8427EA0D47E0166C39B6EB8803FFFFFFFFFFFC8FFF00007D15AE4C42DF4D40B1938A
0D7713246DD58428590D4758166BD8B6EB8803FFFFFFFFFFFC7FFF00008315AE4C42DF4D40B193A2
0D7661246CE28428C20D46A5166B53B6EB8703FFFFFFFFFFFC6FFF00007F15AE4C42DF4D40B193BA
0D75D4246C2784293B0D461C166AF1B6EB87292FFFFFFFFFFC8FFF00007D15AE4C42DF4D40B193D2
0D75AC246BF58429B60D45F5166AD7B6EB8703DFFFFFFFFFFC7FFF00007C15AE4C42DF4D40B193EA
0D7562246B99842A300D45AC166AA4B6DB8703FFFFFFFFFFFC6FFF00008315AE4C42DF4D40B19302
0D74F7246B06842AAB0D453F166A55B6DB8703FFFFFFFFFFFC8FFF00008215AE4C42DF4D40B1931A
0D74162469D1842B250D44641669B1B6CB8603FFFFFFFFFFFC7FFF00007A15AE4C42DF4C40B19332
0D73C824696D842BA50D441A16697CB6CB8618EFFFFFFFFFFC6FFF00008115AE4C42DF4C40B1834A
0D73B724695F842C220D4408166974B6CB86876FFFFFFFFFFC6FFF00007415AE4C42DF4C40B17362
0D73A9246954842C990D43F916696CB6CB85151FFFFFFFFFFC7FFF00007F15AE4C42DF4C40B1737A
0D734C2468DC842D100D439B16692AB6CB84B1BFFFFFFFFFFC8FFF00008015AE4C42DF4C40B17392
0D72C8246826842D8C0D431C1668CFB6CB841DCFFFFFFFFFFC7FFF00008015AE4C42DF4C40B173AA
0D72842467D3842E0D0D42D91668A2B6CB8403FFFFFFFFFFFC7FFF00007815AE4C42DF4C40B183C2
0D721B24674A842E8C0D426E166854B6AB8403FFFFFFFFFFFC8FFF00007915AE4C42DF4C40B173DA
0D71A72466AF842F060D41FF166804B6AB8403FFFFFFFFFFFC7FFF00008015AE4C42DF4C40B173F2
0D7141246626842F7C0D41971667B8B6AB841EBFFFFFFFFFFC7FFF00007715AE4C42DF4B40B1730A
0D70B3246567842FEF0D410A166752B69B83BE3FFFFFFFFFFC8FFF00007D15AE4C42DF4B40B17322
0D703F2464CC8430670D409A166701B67B831F5FFFFFFFFFFC8FFF00007D15AE4C42DF4B40B1733A
0D70012464838430E70D405C1666D7B67B8303FFFFFFFFFFFC8FFF00007915AE4D42DF4B40B17352
0D6FE224645E8431670D403D1666C4B67B8203FFFFFFFFFFFC6FFF00007D15AE4D42DF4B40B1536A
0D6F2924635D8431E30D3F8116663BB66B8103FFFFFFFFFFFC7FFF00007E15AE4D42DF4B40B17382
0D6E352462138432580D3E9616658AB66B8024EFFFFFFFFFFC8FFF00007515AE4D42DF4B40B1739A
0D6D7D2461108432C90D3DDF1664FEB66B81C87FFFFFFFFFFC8FFF00007B15AE4D42DF4B40B153B2
0D6D0024606684333E0D3D6A1664A7B66B81214FFFFFFFFFFC8FFF00007C15AE4D42DF4A40B153CA
0D6CDB24603A8433C00D3D44166490B65B8003FFFFFFFFFFFC7FFF00007D15AE4D42DF4A40B153E2
0D6CDB2460458434440D3D44166495B64B7F03FFFFFFFFFFFC7FFF00007615AE4D42DF4A40B153FA
0D6CDD2460518434BF0D3D45166499B63B7F03FFFFFFFFFFFC8FFF00007C15AE4D42DF4A40B15312
0D6CD324604C84352E0D3D3B166496B64B7E361FFFFFFFFFFC6FFF00007415AE4D42DF4A40B1532A
0D6CAC24601F84359D0D3D1A166484B64B7D53FFFFFFFFFFFC6FFF00007915AE4D42DF4A40B15342
0D6C27245F6E8436150D3C8F166422B63B7C03FFFFFFFFFFFC6FFF00007A15AE4D42DF4A40B1535A
0D6B2A245E0E8436960D3B92166363B63B7C03FFFFFFFFFFFC7FFF00007B15AE4D42DF4A40B15372
0D6ABD245D7F8437150D3B2C166319B63B7C03FFFFFFFFFFFC7FFF00007215AE4D42DF4A40B1538A
0D6A3E245CD48437910D3AA31662B3B62B7D03FFFFFFFFFFFC7FFF00007315AE4D42DF4A40B153A2
0D69A4245BFF84380B0D3A14166249B61B7C426FFFFFFFFFFC8FFF00007915AE4D42DF4A40B153BA
0D693E245B7C8438780D39B3166202B60B7B5DAFFFFFFFFFFC7FFF00007815AE4D42DF4940B153D2
0D691C245B518438DD0D398F1661ECB5FB7B03FFFFFFFFFFFC7FFF00007815AE4D42DF4940B153EA
0D6886245A838439550D38F316617AB5EB7B03FFFFFFFFFFFC8FFF00007815AE4D42DF4940B15302
0D67672458FB8439E30D37DC1660ADB5DB7A03FFFFFFFFFFFC8FFF00007615AE4D42DF4940B1531A
0D666C2457A1843A6C0D36E6165FF4B5DB7903FFFFFFFFFFFC8FFF00006A15AE4D42DF4940B14332
0D6583245662843ADD0D3603165F49B5EB794C4FFFFFFFFFFC7FFF00007415AE4D42DF4940B1434A
0D65262455E4843B460D35A7165F06B5EB78D12FFFFFFFFFFC7FFF00007615AE4E42DF4940B13362
0D64FD2455B4843BB70D3580165EEBB5DB77227FFFFFFFFFFC7FFF00007515AE4E42DF4940B1337A
0D64D7245586843C300D355B165ED3B5CB7503FFFFFFFFFFFC8FFF00006E15AE4E42DF4940B13392
0D64AA245554843CB10D352F165EB9B5BB752C1FFFFFFFFFFC7FFF00006D15AE4E42DF4940B133AA
0D6491245539843D2E0D3517165EAAB59B74B6FFFFFFFFFFFC7FFF00007315AE4E42DF4940B133C2
0D6465245501843DA00D34E8165E8DB57B7303BFFFFFFFFFFC6FFF00007315AE4E42DF4940B143DA
0D64172454A3843E150D3498165E55B57B7303FFFFFFFFFFFC6FFF00006B15AE4E42DF4840B133F2
0D63DE24545C843E8E0D3462165E31B57B7303FFFFFFFFFFFC8FFF00007215AE4E42DF4840B1330A
0D63882453ED843F070D3410165DF7B57B7303FFFFFFFFFFFC9FFF00007215AE4E42DF4840B13322
0D63522453AB843F7D0D33DB165DD4B57B72445FFFFFFFFFFC6FFF00007115AE4E42DF4840B1333A
0D62F7245332843FF20D337F165D92B58B72CE7FFFFFFFFFFC8FFF00007015AE4E42DF4840B13352
0D62A02452C28440660D3329165D56B58B7203BFFFFFFFFFFC6FFF00006F15AE4E42DF4840B1136A
0D61DC2451B48440DB0D3261165CC4B58B7203FFFFFFFFFFFC6FFF00006F15AE4E42DF4840B11382
0D610E2450A38441540D319E165C34B57B7203FFFFFFFFFFFC7FFF00006F15AE4E42DF4840B1139A
0D60B62450308441D10D3145165BF6B57B7203FFFFFFFFFFFC7FFF00006515AE4E42DF4840B133B2
0D6066244FC784424C0D30F9165BBFB56B7161AFFFFFFFFFFC7FFF00006815AE4E42DF4840B113CA
0D6059244FBF8442BF0D30EC165BBAB55B71399FFFFFFFFFFC8FFF00006C15AE4F42DF4840B113E2
0D6038244F9684432C0D30CB165BA5B54B7003FFFFFFFFFFFC8FFF00006C15AE4F42DF4840B113FA
0D5FEB244F3584439A0D3080165B71B53B6F03FFFFFFFFFFFC8FFF00006C15AE4F42DF4840B11312
0D5F9D244ED18444120D3031165B3CB53B6F03FFFFFFFFFFFC7FFF00006C15AE4F42DF4840B1132A
0D5F23244E338444930D2FB7165AE5B52B6E03FFFFFFFFFFFC7FFF00006615AE4F42DF4840B11342
0D5E9C244D7B8445150D2F2D165A83B53B6E6BEFFFFFFFFFFC8FFF00006315AE4F42DF4840B1135A
0D5DC4244C5684458B0D2E581659E3B53B6E3F8FFFFFFFFFFC8FFF00006915AE4F42DF4740B11372
0D5D5F244BCE8445F50D2DFC1659A1B52B6D6E7FFFFFFFFFFC6FFF00006915AE4F42DF4740B1138A
0D5D4D244BC084465F0D2DE9165995B51B6D7AAFFFFFFFFFFC7FFF00006915AE4F42DF4740B113A2
0D5D10244B758446D60D2DAF16596FB50B6C03FFFFFFFFFFFC8FFF00006A15AE4F42DF4740B113BA
0D5CE0244B388447560D2D7B16594DB50B6C03FFFFFFFFFFFC7FFF00006315AE4F42DF4740B113D2
0D5C4D244A758447D00D2CE91658E4B4FB6B03FFFFFFFFFFFC7FFF00006815AE4F42DF4740B113EA
0D5BF12449FD8448430D2C911658A5B4FB6B0CAFFFFFFFFFFC7FFF00006815AE4F42DF4740B10302
0D5B9E2449918448B00D2C4016586DB4FB6B824FFFFFFFFFFC7FFF00006115AE4F42DF4740B1131A
0D5B7F24496E8449220D2C22165859B4FB6A809FFFFFFFFFFC7FFF00006815AE5042DF4740B10332
0D5B4D2449368449970D2BF116583AB4EB6A03FFFFFFFFFFFC7FFF00006815AE5042DF4740B0F34A
0D5AFC2448CB844A0A0D2B9E165801B4EB69048FFFFFFFFFFC8FFF00006015AE5042DF4740B0F362
0D5AAE244864844A7B0D2B4F1657CBB4EB6991FFFFFFFFFFFC7FFF00006715AE5042DF4740B0F37A
0D59D6244745844AEB0D2A7D165730B4EB6848FFFFFFFFFFFC7FFF00006715AE5042DF4740B0F392
0D59A824470D844B610D2A51165711B4EB6803FFFFFFFFFFFC8FFF00006715AE5042DF4740B0F3AA
0D597D2446D8844BDA0D2A241656F4B4EB6803FFFFFFFFFFFC9FFF00006015AE5042DF4740B0F3C2
0D58E0244600844C4F0D298416567EB4DB6803FFFFFFFFFFFC8FFF00006615AE5042DF4740B0F3DA
0D5873244570844CBD0D291E165635B4DB68113FFFFFFFFFFC8FFF00006615AE5042DF4740B0F3F2
0D582724450F844D260D28D3165600B4CB67AB2FFFFFFFFFFC8FFF00005E15AE5042DF4740B0F30A
0D57FC2444DF844D990D28AB1655E7B4BB6750AFFFFFFFFFFC7FFF00006615AE5042DF4740B0F322
0D57CF2444A3844E140D287B1655C9B4AB6603FFFFFFFFFFFC7FFF00006615AE5042DF4740B0F33A
0D573C2443E0844E8F0D27EC165560B4AB6512BFFFFFFFFFFC7FFF00006615AE5142DF4640B0D352
0D56BE244336844EFE0D276C165502B4AB65ABFFFFFFFFFFFC6FFF00006515AE5142DF4640B0D36A
0D56522442AC844F680D27071654BBB4AB651F6FFFFFFFFFFC6FFF00005915AE5142DF4640B0D382
0D563A244292844FD60D26F01654ACB49B6403FFFFFFFFFFFC6FFF00006215AE5142DF4640B0D39A
0D561924426A8450490D26CC165497B48B6403FFFFFFFFFFFC6FFF00006515AE5142DF4640B0D3B2
0D55922441B78450BE0D2644165436B47B6303FFFFFFFFFFFC7FFF00006515AE5142DF4640B0D3CA
0D550E24410B8451320D25C51653DAB47B630C3FFFFFFFFFFC7FFF00005D15AE5142DF4640B0D3E2
0D54BD2440A08451A60D25751653A1B47B638A2FFFFFFFFFFC7FFF00005D15AE5142DF4640B0D3FA
0D54512440148452180D250D165356B47B631B6FFFFFFFFFFC7FFF00006415AE5142DF4640B0D312
0D53ED243F8D8452870D24A516530DB46B6203FFFFFFFFFFFC6FFF00006015AE5142DF4640B0D32A
0D536E243EE58452FA0D242A1652B4B45B6103FFFFFFFFFFFC6FFF00006015AE5142DF4640B0D342
0D5328243E9184536D0D23E7165285B45B6103FFFFFFFFFFFC7FFF00006415AE5142DF4640B0D35A
0D530B243E708453D90D23CA165275B44B6110CFFFFFFFFFFC8FFF00006415AE5242DF4640B0D372
0D52E0243E3C8454470D239E165259B44B60A85FFFFFFFFFFC8FFF00006415AE5242DF4640B0D38A
0D52A9243DF98454BF0D2365165234B43B601FBFFFFFFFFFFC8FFF00006315AE5242DF4640B0D3A2
0D5276243DBF8455370D2336165214B43B5F03FFFFFFFFFFFC8FFF00006315AE5242DF4640B0D3BA
0D525B243D9F8455A50D231C165207B43B5E03FFFFFFFFFFFC9FFF00006315AE5242DF4640B0D3D2
0D5245243D8E8456140D23071651FBB43B5E03FFFFFFFFFFFC8FFF00006315AE5242DF4640B0D3EA
0D521E243D5F8456880D22E31651E6B42B5E317FFFFFFFFFFC7FFF00006215AE5242DF4640B0C302
0D520B243D4F8456FA0D22CE1651DAB42B5E533FFFFFFFFFFC7FFF00006315AE5242DF4640B0C31A
0D51EA243D2A8457670D22AC1651C7B42B5E03FFFFFFFFFFFC7FFF00005615AE5242DF4640B0B332
0D51B4243CEB8457D50D22791651A5B42B5E03FFFFFFFFFFFC7FFF00006015AE5242DF4640B0B34A
0D5181243CAF8458440D2246165185B42B5E03FFFFFFFFFFFC7FFF00006215AE5242DF4640B0B362
0D5173243CA78458B80D2238165181B42B5D8FDFFFFFFFFFFC7FFF00006215AE5342DF4640B0B37A
0D5165243C9E84592F0D222B16517CB42B5D03FFFFFFFFFFFC7FFF00006215AE5342DF4640B0B392
0D513C243C6E8459A40D2200165162B42B5D03FFFFFFFFFFFC7FFF00006115AE5342DF4640B0B3AA
0D50EC243C03845A120D21B216512BB42B5D03FFFFFFFFFFFC8FFF00006115AE5342DF4640B093C2
0D5093243B94845A800D215A1650EEB41B5C03FFFFFFFFFFFC7FFF00006115AE5342DF4640B0B3DA
0D5004243AD4845AF00D20C7165083B40B5D04FFFFFFFFFFFC7FFF00006115AE5342DF4640B0B3F2
0D4F88243A30845B610D2055165032B3FB5C043FFFFFFFFFFC8FFF00006115AE5342DF4640B0B30A
0D4EED24395E845BCE0D1FBB164FC0B3EB5C03FFFFFFFFFFFC8FFF00005315AE5342DF4540B09322
0D4E632438A6845C3B0D1F2F164F5BB3EB5C03FFFFFFFFFFFC8FFF00005F15AE5342DF4540B0933A
0D4E34243873845CB10D1F04164F3FB3EB5C457FFFFFFFFFFC7FFF00006015AE5342DF4540B09352
0D4E29243869845D2F0D1EF8164F3CB3EB5B40AFFFFFFFFFFC7FFF00005315AE5342DF4540B0936A
0D4E0B24384A845DA30D1EDC164F29B3EB5A03FFFFFFFFFFFC8FFF00005E15AE5442DF4540B09382
0D4DF3243831845E060D1EC7164F1FB3CB5903FFFFFFFFFFFC8FFF00005815AE5442DF4540B0939A
0D4DAC2437D2845E6B0D1E7C164EECB3DB5903FFFFFFFFFFFC8FFF00005F15AE5442DF4540B093B2
0D4D49243754845EDE0D1E1C164EAAB3DB5803FFFFFFFFFFFC8FFF00005815AE5442DF4540B093CA
0D4CF42436EB845F5B0D1DC7164E6DB3DB5803FFFFFFFFFFFC8FFF00005F15AE5442DF4540B093E2
0D4CDD2436D1845FCF0D1DB2164E60B3CB5803FFFFFFFFFFFC7FFF00005F15AE5442DF4540B093FA
0D4CC52436BC84603B0D1D9B164E55B3BB5803FFFFFFFFFFFC6FFF00005815AE5442DF4540B09312
0D4CAA24369D8460AB0D1D7F164E47B3BB5703FFFFFFFFFFFC7FFF00005E15AE5442DF4540B0932A
0D4C7724366484611C0D1D4E164E27B3BB57627FFFFFFFFFFC7FFF00005F15AE5442DF4540B09342
0D4C4C2436328461890D1D22164E0BB3BB5703BFFFFFFFFFFC7FFF00005F15AE5442DF4540B0935A
0D4C2C24360C8461F80D1D01164DF8B3AB5603FFFFFFFFFFFC8FFF00005F15AE5542DF4540B09372
0D4BCF24359284626A0D1CA3164DB5B3AB5603FFFFFFFFFFFC9FFF00005E15AE5542DF4540B0938A
0D4B602435028462DF0D1C38164D6AB3BB5603FFFFFFFFFFFC7FFF00005E15AE5542DF4540B093A2
0D4B2E2434CD8463500D1C07164D4BB3BB5603FFFFFFFFFFFC7FFF00005E15AE5542DF4540B083BA
0D4AF82434878463C10D1BD3164D27B3AB5603FFFFFFFFFFFC7FFF00005E15AE5542DF4540B083D2
0D4AB72434398464300D1B94164CFDB3AB5503FFFFFFFFFFFC6FFF00005E15AE5542DF4540B083EA
0D4A9C24341C84649A0D1B79164CEDB3AB5503FFFFFFFFFFFC6FFF00005615AE5542DF4540B07302
0D4A812434008465090D1B5E164CDFB39B5510AFFFFFFFFFFC7FFF00005E15AE5542DF4540B0731A
0D4A692433EB84657E0D1B46164CD2B3AB553D6FFFFFFFFFFC7FFF00005E15AE5542DF4540B07332
0D4A412433BD8465F20D1B1E164CBAB3AB5403FFFFFFFFFFFC9FFF00005D15AE5542DF4540B0734A
0D49FF24336A84665F0D1ADE164C90B39B5403FFFFFFFFFFFC8FFF00005D15AE5642DF4540B07362
0D49C82433258466CD0D1AA8164C6CB39B5403FFFFFFFFFFFC7FFF00005D15AE5642DF4540B0737A
0D497E2432C98467420D1A57164C35B3AB5403FFFFFFFFFFFC8FFF00005D15AE5642DF4540B07392
0D48F924321A8467B80D19DA164BDCB3AB5403FFFFFFFFFFFC7FFF00005E15AE5642DF4540B073AA
0D48B22431BE8468230D1994164BA9B3AB5403FFFFFFFFFFFC7FFF00005615AE5642DF4540B073C2
0D48982431A08468860D1979164B98B3AB5503FFFFFFFFFFFC8FFF00005515AE5642DF4540B053DA
0D48652431648468F30D1948164B79B39B5403FFFFFFFFFFFC7FFF00005C15AE5642DF4540B053F2
0D48112430FA8469690D18F1164B3EB38B53206FFFFFFFFFFC6FFF00005D15AE5642DF4540B0530A
0D47B62430858469E50D189B164B01B38B530BEFFFFFFFFFFC7FFF00005D15AE5642DF4540B05322
0D476424301A846A630D184A164AC9B37B5203FFFFFFFFFFFC8FFF00005615AE5642DF4540B0533A
0D46A7242F17846AD70D178C164A3FB37B5203FFFFFFFFFFFC7FFF00005B15AE5742DF4540B05352
0D45FF242E38846B370D16EB1649C7B36B51525FFFFFFFFFFC7FFF00005C15AE5742DF4540B0536A
0D45CF242DFA846B910D16BD1649A7B36B514B6FFFFFFFFFFC7FFF00005C15AE5742DF4540B05382
0D45AA242DD0846BF90D169716498EB34B5103FFFFFFFFFFFC8FFF00005515AE5742DF4540B0539A
0D4576242D92846C740D166316496FB33B5003FFFFFFFFFFFC8FFF00005C15AE5742DF4540B053B2
0D453E242D4D846CFE0D162B16494BB33B4F03FFFFFFFFFFFC8FFF00005815AE5742DF4540B053CA
0D44D7242CC9846D7D0D15C5164903B32B4F03FFFFFFFFFFFC8FFF00005815AE5742DF4540B053E2
0D4486242C60846DE50D15761648CAB32B4E0D7FFFFFFFFFFC7FFF00005B15AE5742DF4540B053FA
0D4464242C36846E420D15541648B4B32B4E03FFFFFFFFFFFC7FFF00005515AE5742DF4540B05312
0D4439242C06846EA60D152B16489BB32B4E03FFFFFFFFFFFC7FFF00005B15AE5842DF4540B0432A
0D4401242BBC846F160D14F1164873B31B4E03FFFFFFFFFFFC7FFF00005C15AE5842DF4540B04342
0D4334242AAC846F8D0D14271647E2B31B4E853FFFFFFFFFFC7FFF00005B15AE5842DF4540B0435A
0D42CF242A228470060D13BF164794B31B4D03AFFFFFFFFFFC7FFF00005415AE5842DF4540B04372
0D423424295B84707F0D132E16472DB30B4D03FFFFFFFFFFFC9FFF00005B15AE5842DF4540B0438A
0D42222429488470F30D131C164724B2FB4C03FFFFFFFFFFFC6FFF00005B15AE5842DF4540B033A2
0D421624293F84715C0D130F16471CB2FB4C03FFFFFFFFFFFC6FFF00005B15AE5842DF4540B033BA
0D420E24293C8471C20D130616471AB2EB4B07BFFFFFFFFFFC7FFF00005B15AE5842DF4540B033D2
0D41E124290684722C0D12D81646FDB2EB4A08CFFFFFFFFFFC7FFF00005B15AE5842DF4540B033EA
0D418C24289D84729C0D12861646C7B2DB4A03FFFFFFFFFFFC7FFF00005A15AE5842DF4540B03302
0D41492428478473110D124816469CB2CB4A03FFFFFFFFFFFC8FFF00005A15AE5842DF4540B0331A
0D410C2427FB8473890D1209164671B2CB491E1FFFFFFFFFFC8FFF00005A15AE5942DF4540B03332
0D40DE2427C28473FA0D11D616464EB2DB49621FFFFFFFFFFC8FFF00005A15AE5942DF4540B0334A
0D405F24271984746B0D115A1645F7B2DB4A03FFFFFFFFFFFC7FFF00005A15AE5942DF4540B03362
0D3FC324264C8474DE0D10C3164587B2DB4903FFFFFFFFFFFC7FFF00005215AE5942DF4540B0137A
0D3FAC24263084754B0D10AF16457EB2CB4903FFFFFFFFFFFC7FFF00005915AE5942DF4540B01392
0D3F9724261C8475B00D109916456FB2BB4903FFFFFFFFFFFC7FFF00005215AE5942DF4540B013AA
0D3F622425DC8476160D106616454EB29B480DDFFFFFFFFFFC7FFF00005915AE5942DF4540B013C2
0D3F0B24256D8476880D1010164514B29B4803EFFFFFFFFFFC6FFF00005915AE5942DF4540B013DA
0D3EDB2425368477090D0FDD1644F5B28B4703FFFFFFFFFFFC6FFF00005915AE5942DF4540B013F2
0D3E972424D98477860D0F961644C3B28B4603FFFFFFFFFFFC7FFF00005315AE5942DF4540B0130A
0D3D7B24235A8477F60D0E801643F3B28B46729FFFFFFFFFFC8FFF00005515AE5942DF4540B01322
0D3CAC24223C84785B0D0DB9164360B28B45202FFFFFFFFFFC6FFF00005815AE5A42DF4540B0133A
0D3C762421F88478BE0D0D81164339B27B4503FFFFFFFFFFFC6FFF00005815AE5A42DF4540B01352
0D3C3E2421B08479270D0D49164311B25B4403FFFFFFFFFFFC7FFF00005015AE5A42DF4540B0136A
0D3BFD24216484799A0D0D0B1642E7B25B4303FFFFFFFFFFFC7FFF00005715AE5A42DF4540B00382
0D3BDA24213B847A170D0CE91642D3B25B42041FFFFFFFFFFC6FFF00005715AE5A42DF4540B0039A
0D3BD224213A847A900D0CE11642D2B24B42058FFFFFFFFFFC6FFF00004F15AE5A42DF4540B013B2
0D3BC6242135847AFE0D0CD61642D0B24B4103FFFFFFFFFFFC7FFF00005615AE5A42DF4540B003CA
0D3BAC242113847B690D0CBB1642C0B24B4103FFFFFFFFFFFC8FFF00005615AE5A42DF4540B003E2
0D3B99242109847BD50D0CA91642B8B23B4103FFFFFFFFFFFC8FFF00005615AE5A42DF4540B003FA
0D3B662420C8847C420D0C74164295B23B405DCFFFFFFFFFFC7FFF00005615AE5B42DF4540B00312
0D3AF824203B847CAB0D0C09164249B23B4003FFFFFFFFFFFC7FFF00005415AE5B42DF4540B0032A
0D3AA7241FCF847D1C0D0BB8164212B23B4003FFFFFFFFFFFC8FFF00004615AE5B42DF4540B00342
0D3A4E241F60847D940D0B5F1641D3B23B3F03FFFFFFFFFFFC7FFF00005515AE5B42DF4540AFF35A
0D39DE241ECB847E0C0D0AF0164184B22B3F03FFFFFFFFFFFC7FFF00005515AE5B42DF4540AFF372
0D3967241E30847E810D0A7C164131B21B3F03FFFFFFFFFFFC8FFF00005515AE5B42DF4540AFF38A
0D38E8241D7F847EEB0D09FF1640D4B21B3F03FFFFFFFFFFFC7FFF00004D15AE5B42DF4540AFF3A2
0D3874241CE7847F4E0D0991164085B20B3F03FFFFFFFFFFFC7FFF00005415AE5B42DF4540AFF3BA
0D3854241CC0847FB70D096F164070B20B3E03FFFFFFFFFFFC7FFF00005415AE5B42DF4540AFF3D2
0D37A6241BD58480280D08BF163FF0B20B3E2ECFFFFFFFFFFC8FFF00005415AE5B42DF4540AFF3EA
0D3757241B748480990D0875163FBBB20B3D31AFFFFFFFFFFC7FFF00005315AE5C42DF4540AFD302
0D372A241B3B84810C0D0848163F9EB20B3D03FFFFFFFFFFFC6FFF00005315AE5C42DF4540AFD31A
0D36F8241AFF84818A0D0816163F7FB20B3C03FFFFFFFFFFFC7FFF00004C15AE5C42DF4540AFD332
0D36CD241ACF8482020D07ED163F64B1EB3C03FFFFFFFFFFFC8FFF00005215AE5C42DF4540AFD34A
0D36B3241AB684826C0D07D5163F54B1DB3B03FFFFFFFFFFFC8FFF00005315AE5C42DF4540AFD362
0D36A2241AA38482CD0D07C2163F4DB1DB3A03FFFFFFFFFFFC8FFF00004B15AE5C42DF4640AFD37A
0D3654241A3E84832F0D0774163F17B1CB3A03FFFFFFFFFFFC6FFF00005215AE5C42DF4640AFD392
0D35E52419A884839B0D0702163EC3B1BB3A03FFFFFFFFFFFC6FFF00005215AE5C42DF4640AFD3AA
0D34E82418548484160D0610163E13B1BB3A03FFFFFFFFFFFC7FFF00005215AE5C42DF4640AFD3C2
0D34872417D98484950D05AF163DCEB1BB392ADFFFFFFFFFFC7FFF00005215AE5C42DF4640AFD3DA
0D34642417AE84850A0D058C163DB7B1AB3803CFFFFFFFFFFC7FFF00005115AE5D42DF4640AFD3F2
0D34292417678485790D0556163D94B1AB3803FFFFFFFFFFFC7FFF00005115AE5D42DF4640AFD30A
0D342A2417708485E50D0554163D96B19B3703FFFFFFFFFFFC7FFF00005115AE5D42DF4640AFD322
0D342124176B8486490D0549163D92B19B3790DFFFFFFFFFFC6FFF00005115AE5D42DF4640AFC33A
0D342724177A8486AB0D054E163D9BB18B3627AFFFFFFFFFFC7FFF00004915AE5D42DF4640AFD352
0D34222417838487170D0544163D9AB17B3603FFFFFFFFFFFC7FFF00004D15AE5D42DF4640AFC36A
0D340F2417768487930D0534163D95B17B3503FFFFFFFFFFFC7FFF00004D15AE5D42DF4640AFC382
0D33F524175C8488150D051F163D8BB16B3503FFFFFFFFFFFC8FFF00005015AE5D42DF4640AFC39A
0D33E624175484888D0D0510163D87B17B340B3FFFFFFFFFFC8FFF00005015AE5D42DF4640AFB3B2
0D33E824175D8488F60D0512163D8DB17B342F1FFFFFFFFFFC8FFF00005015AE5D42DF4640AFC3CA
0D33DC24175B8489580D050B163D8EB17B3403FFFFFFFFFFFC8FFF00005015AE5E42DF4640AFB3E2
0D33D724175C8489BE0D0501163D8BB17B3403FFFFFFFFFFFC8FFF00004E15AE5E42DF4640AFB3FA
0D33D7241768848A2D0D04FF163D92B16B3403FFFFFFFFFFFC8FFF00004F15AE5E42DF4640AFB312
0D33D9241778848AA30D0500163D99B16B3493FFFFFFFFFFFC7FFF00004F15AE5E42DF4640AFB32A
0D33CD241778848B1C0D04F1163D94B17B3403FFFFFFFFFFFC7FFF00004F15AE5E42DF4640AFB342
0D33C6241778848B930D04F3163D9BB18B3403FFFFFFFFFFFC7FFF00004F15AE5E42DF4640AFA35A
0D33BD241772848C000D04EE163D9CB18B3403FFFFFFFFFFFC7FFF00004E15AE5E42DF4640AFB372
0D33B3241773848C650D04DF163D98B17B3503FFFFFFFFFFFC8FFF00004015AE5E42DF4640AF938A
0D33AF241778848CD00D04DB163D9AB17B351D8FFFFFFFFFFC7FFF00004E15AE5F42DF4640AF93A2
0D33AC241780848D410D04DC163DA1B16B350BDFFFFFFFFFFC7FFF00004E15AE5F42DF4640AF93BA
0D33A6241784848DB00D04D0163D9EB16B3403FFFFFFFFFFFC7FFF00004E15AE5F42DF4640AF93D2
0D338D24176A848E200D04C3163D9CB16B3403FFFFFFFFFFFC7FFF00004E15AE5F42DF4640AF93EA
0D3374241754848E940D04A0163D89B16B35422FFFFFFFFFFC6FFF00004E15AE5F42DF4640AF9302
0D334524171D848F060D0470163D69B17B3542FFFFFFFFFFFC6FFF00004015AE5F42DF4640AF931A
0D32CE24167F848F710D03F9163D14B17B3503FFFFFFFFFFFC7FFF00004C15AE5F42DF4640AF9332
0D31CA241517848FD90D02ED163C4EB17B3503FFFFFFFFFFFC6FFF00004715AE5F42DF4640AF934A
0D30AA24138E8490440D01DC163B82B17B3503FFFFFFFFFFFC6FFF00004B15AE5F42DF4640AF9362
0D30662413368490AB0D019A163B52B16B3503FFFFFFFFFFFC8FFF00004D15AE5F42DF4640AF837A
0D300D2412BE8491180D0141163B12B16B34049FFFFFFFFFFC8FFF00004615AE6042DF4640AF9392
0D2F972412248491910D00CD163AC0B15B3403FFFFFFFFFFFC8FFF00004615AE6042DF4640AF93AA
0D2F2624118F8492070D005C163A6EB14B3303FFFFFFFFFFFC7FFF00004B15AE6042DF4640AF83C2
0D2EAE2410EB84926A0CFFE7163A18B14B3203FFFFFFFFFFFC7FFF00004615AE6042DF4640AF83DA
0D2E402410558492CB0CFF791639C7B13B326DBFFFFFFFFFFC8FFF00004A15AE6042DF4640AF83F2
0D2DE3240FE284933D0CFF20163989B12B32039FFFFFFFFFFC7FFF00004C15AE6042DF4640AF730A
0D2DD4240FD68493B90CFF13163985B12B3103FFFFFFFFFFFC7FFF00004C15AE6042DF4640AF7322
0D2DB6240FB28494260CFEF4163971B11B3003FFFFFFFFFFFC7FFF00004415AE6042DF4640AF833A
0D2D95240F8C8494860CFED316395CB10B2F03FFFFFFFFFFFC8FFF00004415AE6042DF4640AF8352
0D2D28240EFC8494ED0CFE6516390DB10B2F03FFFFFFFFFFFC8FFF00004A15AE6142DF4640AF736A
0D2CAD240E548495600CFDE91638B6B0FB2E03FFFFFFFFFFFC8FFF00004B15AE6142DF4640AF7382
0D2BE0240D418495D10CFD0B163810B0EB2E03FFFFFFFFFFFC8FFF00004B15AE6142DF4640AF739A
0D2B57240C8F8496400CFC9F1637C2B0EB2D03FFFFFFFFFFFC8FFF00004515AE6142DF4640AF73B2
0D2B48240C7C8496A90CFC8F1637B9B0EB2D126FFFFFFFFFFC7FFF00004415AE6142DF4640AF73CA
0D2B40240C7C8497140CFC891637BBB0DB2C4A7FFFFFFFFFFC7FFF00004915AE6142DF4640AF73E2
0D2B1D240C548497870CFC631637A4B0CB2B03FFFFFFFFFFFC6FFF00004B15AE6142DF4740AF53FA
0D2AE5240C0F8497F70CFC2816377BB0AB2A03FFFFFFFFFFFC6FFF00004B15AE6142DF4740AF5312
0D2AAD240BC784985D0CFBDE163748B0BB2A03FFFFFFFFFFFC6FFF00004B15AE6142DF4740AF632A
0D2A66240B6E8498C30CFBAE163727B0BB2903FFFFFFFFFFFC6FFF00004315AE6242DF4740AF5342
0D2A35240B338499330CFB8116370AB0BB2903FFFFFFFFFFFC8FFF00004A15AE6242DF4740AF535A
0D2A22240B258499A50CFB6D163701B0AB28040FFFFFFFFFFC7FFF00004A15AE6242DF4740AF5372
0D2A17240B1C849A0F0CFB631636FFB09B28041FFFFFFFFFFC7FFF00004415AE6242DF4740AF538A
0D2A02240B0C849A7C0CFB4F1636F6B09B2803FFFFFFFFFFFC8FFF00004815AE6242DF4740AF53A2
0D29FD240B0F849AEF0CFB481636F7B08B2703FFFFFFFFFFFC7FFF00004A15AE6242DF4740AF53BA
0D29B7240AB8849B5E0CFB001636C4B08B27109FFFFFFFFFFC8FFF00004A15AE6242DF4740AF53D2
0D29172409E1849BC50CFA67163657B08B27458FFFFFFFFFFC8FFF00004215AE6242DF4740AF53EA
0D28BB240967849C2A0CFA09163614B08B2603FFFFFFFFFFFC7FFF00004915AE6242DF4740AF4302
0D282524089D849C960CF9741635A7B07B2703FFFFFFFFFFFC7FFF00004215AE6342DF4740AF431A
0D277F2407BD849D090CF8D016352FB08B2603FFFFFFFFFFFC7FFF00004915AE6342DF4740AF5332
0D2700240712849D7D0CF8561634D6B07B2603FFFFFFFFFFFC7FFF00004915AE6342DF4740AF434A
0D26DD2406EC849DE80CF8341634C1B06B2503FFFFFFFFFFFC7FFF00004915AE6342DF4740AF4362
0D26C32406D2849E520CF8191634AFB05B25045FFFFFFFFFFC8FFF00004215AE6342DF4740AF337A
0D268B240688849EC10CF7E1163489B05B24048FFFFFFFFFFC8FFF00004815AE6342DF4740AF4392
0D260E2405E1849F310CF766163432B04B2303FFFFFFFFFFFC8FFF00004915AE6342DF4740AF33AA
0D25AB24055E849F9B0CF7041633EBB04B2303FFFFFFFFFFFC8FFF00004215AE6342DF4740AF33C2
0D250124047684A0030CF65C163370B03B2211DFFFFFFFFFFC9FFF00004915AE6342DF4740AF33DA
0D24BF24042584A06F0CF61B163343B03B224A5FFFFFFFFFFC8FFF00004915AE6342DF4740AF23F2
0D24A424040784A0E50CF607163339B01B2103FFFFFFFFFFFC7FFF00004115AE6442DF4740AF330A
0D247E2403DD84A15A0CF5D916331CB00B2103FFFFFFFFFFFC7FFF00004815AE6442DF4740AF3322
0D246D2403D384A1CA0CF5CD163316AFFB2003FFFFFFFFFFFC7FFF00004815AE6442DF4740AF133A
0D24692403D384A2330CF5C8163317B00B1F03FFFFFFFFFFFC7FFF00004815AE6442DF4740AF3352
0D245D2403CA84A2990CF5BA163313B00B1F03FFFFFFFFFFFC8FFF00004815AE6442DF4740AF136A
0D24382403A084A2FF0CF59A163300B00B1E03FFFFFFFFFFFC7FFF00004115AE6442DF4740AF1382
0D23FF24035F84A36D0CF55E1632D9AFFB1E03FFFFFFFFFFFC7FFF00004715AE6442DF4740AF139A
0D23B02402FA84A3E40CF5111632A3AFFB1E03FFFFFFFFFFFC7FFF00004315AE6442DF4740AF23B2
0D23852402C884A4590CF4E6163289AFFB1E4B6FFFFFFFFFFC7FFF00004515AE6442DF4740AF13CA
0D237E2402C784A4C80CF4E216328AAFEB1E198FFFFFFFFFFC7FFF00004115AE6442DF4740AF13E2
0D23782402CB84A5320CF4DB163289AFEB1E03FFFFFFFFFFFC6FFF00004715AE6542DF4740AF13FA
0D23632402B484A59D0CF4C4163280AFCB1E03FFFFFFFFFFFC9FFF00004115AE6542DF4740AF1312
0D23562402AF84A6060CF4B8163279AFDB1D03FFFFFFFFFFFC7FFF00004215AE6542DF4740AF132A
0D23542402B884A6700CF4B516327EAFDB1D03FFFFFFFFFFFC7FFF00003F15AE6542DF4740AF1342
0D23522402C184A6E30CF4B4163285AFDB1E03FFFFFFFFFFFC7FFF00004615AE6542DF4740AF135A
0D234E2402C784A7580CF4AF163287AFDB1E03FFFFFFFFFFFC8FFF00004815AE6542DF4740AF0372
0D23402402BF84A7C90CF4A1163281AFEB1D03FFFFFFFFFFFC7FFF00004715AE6542DF4740AF038A
0D232224029B84A8350CF484163272AFFB1D03FFFFFFFFFFFC6FFF00004015AE6542DF4740AF03A2
0D22C724022D84A8A30CF42C163234AFFB1D3B6FFFFFFFFFFC7FFF00004715AE6542DF4740AF03BA
0D228D2401E384A9120CF3F316320EAFFB1D03FFFFFFFFFFFC7FFF00004715AE6542DF4740AF03D2
0D225B2401A884A97F0CF3C01631EDAFEB1D03FFFFFFFFFFFC8FFF00004015AE6542DF4740AF03EA
0D22502401A284A9E80CF3B71631EDAFFB1C03FFFFFFFFFFFC8FFF00004715AE6542DF4740AEF302
0D222724016F84AA520CF38C1631D1AFEB1CA3AFFFFFFFFFFC8FFF00004715AE6642DF4740AF031A
0D217724008184AABF0CF2DC163150AFEB1B038FFFFFFFFFFC7FFF00004615AE6642DF4740AEE332
0D209523FF5484AB330CF1FE1630AEAFDB1C03FFFFFFFFFFFC8FFF00003F15AE6642DF4740AEF34A
0D201423FEA884ABAF0CF181163053AFCB1B03FFFFFFFFFFFC8FFF00004615AE6642DF4740AEF362
0D1FBA23FE2D84AC250CF126163011AFCB1B03FFFFFFFFFFFC7FFF00004015AE6642DF4740AEE37A
0D1F6D23FDCC84AC8B0CF0E1162FE1AFCB1A115FFFFFFFFFFC7FFF00004615AE6642DF4740AEE392
0D1F3C23FD8B84ACEA0CF0AC162FBBAFBB1915DFFFFFFFFFFC8FFF00003B15AE6642DF4740AED3AA
0D1EDA23FD0484AD4D0CF047162F73AFAB1803FFFFFFFFFFFC8FFF00004315AE6642DF4740AED3C2
0D1E1523FBFF84ADBE0CEF86162EE6AF9B1803FFFFFFFFFFFC9FFF00004615AE6642DF4740AED3DA
0D1DCC23FBA384AE3D0CEF3F162EB7AF8B171E1FFFFFFFFFFC8FFF00004615AE6642DF4740AED3F2
0D1D3423FAD784AEB80CEEA6162E48AF8B166CDFFFFFFFFFFC6FFF00004615AE6642DF4740AED30A
0D1CCD23FA4E84AF270CEE48162E03AF7B1603FFFFFFFFFFFC7FFF00004615AE6642DF4740AED322
0D1C5623F9AB84AF8C0CEDCD162DA9AF6B1503FFFFFFFFFFFC9FFF00004615AE6742DF4740AED33A
0D1BD023F8F684AFF00CED4A162D48AF4B1503FFFFFFFFFFFC8FFF00003E15AE6742DF4740AED352
0D1B2123F80B84B05A0CEC9C162CC9AF3B1303FFFFFFFFFFFC7FFF00004515AE6742DF4640AED36A
0D1AEB23F7C884B0CE0CEC6B162CA7AF2B130ECFFFFFFFFFFC7FFF00003F15AE6742DF4640AED382
0D1AC823F79D84B1450CEC44162C8FAF0B1203EFFFFFFFFFFC8FFF00004515AE6742DF4640AED39A
0D1A9623F76384B1B40CEC15162C6FAF0B1103FFFFFFFFFFFC8FFF00004515AE6742DF4640AED3B2
0D1A5423F70C84B2200CEBD3162C42AEFB1003FFFFFFFFFFFC7FFF00004515AE6742DF4640AEC3CA
0D19EC23F68384B28F0CEB67162BF5AEFB0F4F5FFFFFFFFFFC7FFF00003E15AE6742DF4640AEC3E2
0D19AC23F63384B3040CEB2E162BD0AEEB0F1B5FFFFFFFFFFC8FFF00004515AE6742DF4640AEC3FA
0D199423F61B84B3720CEB17162BC2AEEB0E03FFFFFFFFFFFC8FFF00004515AE6742DF4640AEC312
0D197A23F60084B3DA0CEAFD162BB2AEEB0E03FFFFFFFFFFFC8FFF00004515AE6742DF4640AEC32A
0D196723F5F084B4430CEAEB162BA9AEDB0D03FFFFFFFFFFFC8FFF00004515AE6742DF4640AEC342
0D195F23F5EE84B4B10CEAE2162BA8AECB0C03FFFFFFFFFFFC8FFF00004515AE6742DF4640AEB35A
0D195123F5E784B5230CEAD5162BA5AEBB0B03FFFFFFFFFFFC8FFF00004415AE6842DF4640AEB372
0D191923F5A084B5990CEA9F162B81AEAB0B03FFFFFFFFFFFC7FFF00004415AE6842DF4640AEB38A
0D18EC23F56F84B6110CEA70162B65AEBB0B03FFFFFFFFFFFC7FFF00004515AE6842DF4640AEB3A2
0D18DD23F56584B6850CEA63162B5FAEBB0B03FFFFFFFFFFFC8FFF00003E15AE6842DF4640AEB3BA
0D18C923F54E84B6EA0CEA50162B54AEBB0B5D7FFFFFFFFFFC7FFF00004415AE6842DF4640AEA3D2
0D18B123F53784B7480CEA38162B47AEBB0B03FFFFFFFFFFFC7FFF00003615AE6842DF4640AEA3EA
0D18A223F52F84B7B10CEA29162B43AEBB0A03FFFFFFFFFFFC8FFF00004315AE6842DF4640AE9302
0D188823F51784B8270CEA0E162B36AEBB0A03FFFFFFFFFFFC8FFF00004415AE6842DF4640AE931A
0D186223F4E984B8A80CE9E1162B1AAEBB0A03FFFFFFFFFFFC7FFF00004415AE6842DF4640AE9332
0D17CD23F42884B9260CE95D162ABCAEBB0A03FFFFFFFFFFFC7FFF00003D15AE6842DF4640AE934A
0D17B923F41684B9970CE942162AACAEBB0A03FFFFFFFFFFFC9FFF00003C15AE6842DF4640AE9362
0D17AD23F40B84B9F60CE937162AA7AEBB0A03FFFFFFFFFFFC8FFF00003C15AE6842DF4640AE937A
0D17A223F40684BA520CE92C162AA3AEBB0A03FFFFFFFFFFFC8FFF00004315AE6842DF4640AE9392
0D178E23F3F584BABE0CE916162A9AAEBB0A19DFFFFFFFFFFC7FFF00003C15AE6842DF4640AE93AA
0D177323F3DA84BB3A0CE8FB162A8DAEAB0A20AFFFFFFFFFFC8FFF00003C15AE6842DF4640AE93C2
0D174C23F3B284BBB70CE8D5162A75AEAB0A03FFFFFFFFFFFC8FFF00004315AE6942DF4640AE93DA
0D173623F3A384BC2A0CE8C1162A6BAEAB0903FFFFFFFFFFFC8FFF00004315AE6942DF4640AE93F2
0D173523F3A984BC960CE8C0162A6FAECB09249FFFFFFFFFFC8FFF00003C15AE6942DF4640AE830A
0D173623F3B284BD020CE8C1162A76AEBB097E9FFFFFFFFFFC8FFF00004215AE6942DF4640AE8322
0D173723F3C184BD710CE8C3162A7EAEBB0803FFFFFFFFFFFC7FFF00004315AE6942DF4640AE833A
0D171123F39584BDE20CE894162A61AEAB0803FFFFFFFFFFFC7FFF00004215AE6942DF4640AE8352
0D16B023F31784BE4F0CE83F162A26AEAB0803FFFFFFFFFFFC7FFF00004215AE6942DF4640AE836A
0D164D23F29584BEBC0CE7D71629DDAEBB08048FFFFFFFFFFC8FFF00004215AE6942DF4640AE8382
0D15EA23F21784BF2C0CE775162998AEBB0803FFFFFFFFFFFC8FFF00003B15AE6942DF4640AE739A
0D15D323F1FF84BFA10CE76216298FAEAB0803FFFFFFFFFFFC7FFF00004215AE6942DF4640AE73B2
0D15BC23F1EE84C0160CE74D162985AEAB0803FFFFFFFFFFFC7FFF00004215AE6942DF4640AE73CA
0D15AE23F1E684C08B0CE740162980AE9B0803FFFFFFFFFFFC6FFF00004215AE6942DF4640AE73E2
0D158923F1BB84C0FB0CE71A162968AE9B0703FFFFFFFFFFFC7FFF00004215AE6942DF4640AE73FA
0D157123F1A084C1600CE70416295DAE8B07258FFFFFFFFFFC8FFF00004215AE6942DF4640AE6312
0D155A23F19184C1CA0CE6EB162951AE7B07BB0FFFFFFFFFFC7FFF00004115AE6942DF4640AE632A
0D153F23F17184C2390CE6D2162944AE7B06039FFFFFFFFFFC8FFF00004115AE6942DF4640AE5342
0D151B23F14984C2AB0CE6AD16292CAE5B0603FFFFFFFFFFFC8FFF00004115AE6942DF4640AE635A
0D14F823F11E84C3210CE68B162919AE5B0603FFFFFFFFFFFC7FFF00004115AE6A42DF4640AE5372
0D14A723F0C384C39C0CE6371628E2AE4B0603FFFFFFFFFFFC7FFF00003315AE6A42DF4640AE538A
0D142F23F01F84C4120CE5C216288DAE4B063ADFFFFFFFFFFC7FFF00004015AE6A42DF4540AE53A2
0D13CE23EF9E84C4770CE564162848AE5B06D79FFFFFFFFFFCAFFF00004115AE6A42DF4540AE53BA
0D138223EF3E84C4D70CE51A162814AE5B05039FFFFFFFFFFC7FFF00003A15AE6A42DF4540AE53D2
0D133023EECE84C5400CE4C61627DBAE5B0503FFFFFFFFFFFC7FFF00003F15AE6A42DF4540AE53EA
0D12C223EE4884C5B60CE45D162790AE5B0403FFFFFFFFFFFC8FFF00003915AE6A42DF4540AE5302
0D12B523EE3E84C6330CE45016278DAE5B0403FFFFFFFFFFFC8FFF00003A15AE6A42DF4540AE431A
0D12A823EE3A84C6B10CE44316278AAE4B035B0FFFFFFFFFFC8FFF00003915AE6A42DF4540AE5332
0D128F23EE2084C7280CE42B162779AE3B03402FFFFFFFFFFC8FFF00004015AE6A42DF4540AE434A
0D128123EE1584C7890CE41F162774AE3B0361DFFFFFFFFFFC8FFF00004015AE6A42DF4540AE4362
0D128223EE1D84C7E90CE41E16277AAE2B027D5FFFFFFFFFFC8FFF00004015AE6A42DF4540AE437A
0D128023EE2884C8520CE41A16277EAE2B0203FFFFFFFFFFFC8FFF00003915AE6A42DF4540AE4392
0D127B23EE2D84C8C60CE417162783AE1B0103FFFFFFFFFFFC7FFF00003F15AE6A42DF4540AE43AA
0D123F23EDE484C9430CE3D816275BAE1B0103FFFFFFFFFFFC7FFF00003915AE6A42DF4540AE33C2
0D11E823ED7184C9C00CE38016271EAE1B010B6FFFFFFFFFFC8FFF00003815AE6A42DF4540AE33DA
0D119023ED0584CA330CE32F1626E6AE2B016C6FFFFFFFFFFC7FFF00003F15AE6A42DF4540AE33F2
0D116A23ECD584CA980CE3091626CCAE2B0103AFFFFFFFFFFC8FFF00003F15AE6B42DF4540AE330A
0D114C23ECB684CAFC0CE2ED1626BCAE1B0103FFFFFFFFFFFC7FFF00003F15AE6B42DF4540AE3322
0D113123EC9C84CB690CE2CF1626ACAE0B0003FFFFFFFFFFFC8FFF00003F15AE6B42DF4540AE333A
0D111123EC7B84CBDE0CE2B016269AAE0B0003FFFFFFFFFFFC7FFF00003F15AE6B42DF4540AE2352
0D10C523EC1784CC570CE263162664AE0B0019DFFFFFFFFFFC8FFF00003F15AE6B42DF4540AE236A
0D107B23EBBA84CCC80CE21B162634ADFAFF98EFFFFFFFFFFC9FFF00003715AE6B42DF4540AE2382
0D104123EB7584CD350CE1E316260FADFAFF0FDFFFFFFFFFFC8FFF00003E15AE6B42DF4540AE139A
0D100A23EB3084CDA20CE1AC1625C1ADFAFFB3BFFFFFFFFFFC7FFF00003E15AE6B42DF4540AE13B2
0D0FE023EB0284CE110CE1841625D1ADFAFF2A2FFFFFFFFFFC7FFF00003E15AE6B42DF4540AE13CA
0D0FBC23EADA84CE880CE15E1625BBADEAFF03FFFFFFFFFFFC7FFF00003E15AE6B42DF4540AE13E2
0D0F8323EA9584CEF90CE129162597ADEAFE238FFFFFFFFFFC6FFF00003E15AE6B42DF4440AE13FA
0D0F6823EA7B84CF630CE10F162589ADDAFEB5AFFFFFFFFFFC6FFF00003E15AE6B42DF4440AE1312
0D0F5F23EA7784CFCF0CE104162586ADDAFE03AFFFFFFFFFFC9FFF00003E15AE6B42DF4440AE132A
0D0F5D23EA8184D03F0CE10216258BADCAFD03FFFFFFFFFFFC9FFF00003E15AE6B42DF4440AE1342
0D0F4023EA6084D0B40CE0E416257AADCAFD03FFFFFFFFFFFC7FFF00003115AE6B42DF4440AE035A
0D0F1123EA2F84D1260CE0B816255FADBAFD03FFFFFFFFFFFC7FFF00003D15AE6B42DF4440AE0372
0D0EE723E9FD84D1940CE090162545ADBAFD3B2FFFFFFFFFFC8FFF00003D15AE6B42DF4440AE038A
0D0EC323E9D784D2010CE06B162531ADCAFDD4AFFFFFFFFFFC8FFF00003D15AE6B42DF4440AE03A2
0D0EC023E9DD84D2730CE066162533ADCAFC03AFFFFFFFFFFC8FFF00003615AE6C42DF4440AE03BA
0D0EB523E9DA84D2E20CE05816252EADCAFC03FFFFFFFFFFFC8FFF00003D15AE6C42DF4440AE03D2
0D0E6923E97984D3500CE0121624FEADCAFC03FFFFFFFFFFFC8FFF00003D15AE6C42DF4440AE03EA
0D0E5923E96F84D3C00CE0031624F9ADBAFC03FFFFFFFFFFFC8FFF00003D15AE6C42DF4440AE0302
0D0E4523E95B84D42F0CDFEE1624EFADBAFC2DEFFFFFFFFFFC8FFF00003615AE6C42DF4440ADF31A
0D0E3023E94C84D49B0CDFD91624E5ADBAFCC66FFFFFFFFFFC7FFF00003C15AE6C42DF4440ADF332
0D0E2023E94184D50E0CDFCA1624E1ADBAFC03BFFFFFFFFFFC8FFF00003615AE6C42DF4440ADF34A
0D0DF023E90684D5800CDF9B1624C3ADBAFC040FFFFFFFFFFC9FFF00003915AE6C42DF4440ADE362
0D0DDD23E8F584D5E60CDF871624B8ADCAFB379FFFFFFFFFFC7FFF00003815AE6C42DF4440ADE37A
0D0DD223E8F284D64B0CDF7D1624B6ADCAFB9C9FFFFFFFFFFC7FFF00003515AE6C42DF4440ADE392
0D0DCD23E8F884D6BC0CDF771624B9ADCAFB03FFFFFFFFFFFC7FFF00003C15AE6C42DF4440ADE3AA
0D0DB523E8E284D72F0CDF5F1624ADADBAFB03FFFFFFFFFFFC8FFF00003C15AE6C42DF4440ADE3C2
0D0D7723E89584D79C0CDF23162483ADAAFB4E2FFFFFFFFFFC8FFF00003A15AE6C42DF4440ADE3DA
0D0D5423E86C84D80C0CDF0116246FADAAFB745FFFFFFFFFFC8FFF00003C15AE6C42DF4440ADD3F2
0D0D2A23E83D84D87E0CDED5162455ADAAFB03FFFFFFFFFFFC8FFF00003C15AE6C42DF4440ADD30A
0D0CC723E7BD84D8EA0CDE7516240FADAAFB03FFFFFFFFFFFC7FFF00003C15AE6C42DF4340ADD322
0D0CA023E78A84D94A0CDE501623F6AD9AFB03FFFFFFFFFFFC7FFF00003415AE6D42DF4340ADD33A
0D0C6A23E74D84D9B20CDE181623D3AD9AFA044FFFFFFFFFFC9FFF00003C15AE6D42DF4340ADD352
0D0C3A23E71484DA280CDDE91623B4AD8AFA5DAFFFFFFFFFFC7FFF00003C15AE6D42DF4340ADD36A
0D0BF523E6BB84DAA10CDDA4162387AD8AFA812FFFFFFFFFFC7FFF00002E15AE6D42DF4340ADC382
0D0BAF23E66384DB0D0CDD61162359AD8AF903FFFFFFFFFFFC8FFF00003915AE6D42DF4340ADC39A
0D0B9723E64984DB720CDD4616234AAD8AF903FFFFFFFFFFFC7FFF00003415AE6D42DF4340ADC3B2
0D0B3523E5CA84DBE00CDCE7162307AD7AF803FFFFFFFFFFFC7FFF00003A15AE6D42DF4340ADC3CA
0D0B1223E5A784DC520CDCC81622F3AD7AF80DFFFFFFFFFFFC6FFF00003415AE6D42DF4340ADC3E2
0D0B1223E5B184DCC00CDCC91622F9AD6AF882EFFFFFFFFFFC6FFF00003B15AE6D42DF4340ADC3FA
0D0B0F23E5B684DD290CDCC51622FCAD5AF78ECFFFFFFFFFFC6FFF00003B15AE6D42DF4340ADC312
0D0B0C23E5BC84DD920CDCC01622FDAD5AF703FFFFFFFFFFFC8FFF00003B15AE6D42DF4340ADB32A
0D0AE523E59084DE000CDC991622E8AD5AF703FFFFFFFFFFFC8FFF00003315AE6D42DF4340ADB342
0D0ABC23E56184DE720CDC701622D0AD5AF603FFFFFFFFFFFC8FFF00003B15AE6D42DF4340ADB35A
0D0A8923E52784DEE60CDC3E1622AEAD4AF615EFFFFFFFFFFC7FFF00003B15AE6D42DF4340ADB372
0D0A3C23E4C384DF550CDBEB162274AD4AF6903FFFFFFFFFFC8FFF00003B15AE6D42DF4340ADB38A
0D09FF23E47984DFC10CDBB7162251AD4AF60B7FFFFFFFFFFC8FFF00003B15AE6D42DF4340ADB3A2
0D09EE23E46784E0270CDBA816224AAD4AF6A33FFFFFFFFFFC8FFF00003A15AE6E42DF4340ADA3BA
0D09E623E46984E08C0CDB9F162248AD4AF628EFFFFFFFFFFC7FFF00003A15AE6E42DF4340ADA3D2
0D09E923E47684E0F60CDB9F16224EAD4AF503FFFFFFFFFFFC7FFF00003A15AE6E42DF4240AD93EA
0D09D523E46784E16B0CDB9016224BAD3AF503FFFFFFFFFFFC7FFF00003A15AE6E42DF4240ADA302
0D09BC23E45584E1E70CDB7516223EAD3AF503FFFFFFFFFFFC7FFF00003315AE6E42DF4240AD931A
0D099623E42784E2550CDB50162227AD3AF5254FFFFFFFFFFC7FFF00003315AE6E42DF4240AD9332
0D098723E41D84E2BA0CDB41162221AD4AF5C40FFFFFFFFFFC7FFF00003A15AE6E42DF4240AD934A
0D096F23E40384E31F0CDB29162213AD4AF42DBFFFFFFFFFFC7FFF00003315AE6E42DF4240AD9362
0D093623E3BD84E38A0CDAEE1621ECAD4AF403FFFFFFFFFFFC7FFF00003815AE6E42DF4240AD837A
0D090823E38984E3F70CDAC51621D3AD4AF403FFFFFFFFFFFC8FFF00003415AE6E42DF4240AD9392
0D090423E38C84E46B0CDABE1621D5AD4AF403FFFFFFFFFFFC8FFF00003A15AE6E42DF4240AD83AA
0D08FF23E39484E4DE0CDABB1621D7AD4AF436CFFFFFFFFFFC7FFF00003A15AE6E42DF4240AD83C2
0D08F023E38984E54B0CDAAD1621D3AD4AF3636FFFFFFFFFFC7FFF00003A15AE6E42DF4240AD93DA
0D08D423E36984E5B20CDA911621C3AD3AF303FFFFFFFFFFFC7FFF00003A15AE6E42DF4240AD83F2
0D08BB23E35484E61A0CDA791621B6AD3AF203FFFFFFFFFFFC9FFF00003A15AE6E42DF4240AD830A
0D087723E2FB84E6850CDA31162184AD2AF203FFFFFFFFFFFC8FFF00003215AE6F42DF4240AD8322
0D083923E2B384E6F50CD9F716215FAD2AF303FFFFFFFFFFFC7FFF00003915AE6F42DF4240AD833A
0D082F23E2AD84E7640CD9ED16215CAD1AF34AEFFFFFFFFFFC8FFF00003915AE6F42DF4240AD7352
0D082723E2B284E7D50CD9E516215DAD1AF373CFFFFFFFFFFC8FFF00003915AE6F42DF4240AD736A
0D081C23E2A984E8410CD9DB16215AAD1AF303FFFFFFFFFFFC7FFF00003915AE6F42DF4240AD6382
0D080B23E29D84E8A80CD9CA162154AD1AF303FFFFFFFFFFFC7FFF00003915AE6F42DF4240AD739A
0D07CD23E25084E9120CD98B16212BAD1AF303FFFFFFFFFFFC7FFF00003915AE6F42DF4240AD63B2
0D07A223E22384E9830CD962162111AD1AF303FFFFFFFFFFFC7FFF00003915AE6F42DF4140AD63CA
0D078A23E20B84E9F50CD94A162104AD1AF23D5FFFFFFFFFFC7FFF00003915AE6F42DF4140AD53E2
0D078223E20984EA620CD942162103AD1AF203EFFFFFFFFFFC8FFF00003915AE6F42DF4140AD63FA
0D077B23E20B84EAC90CD93D162104AD1AF203FFFFFFFFFFFC6FFF00003915AE6F42DF4140AD5312
0D077523E20D84EB330CD936162105AD0AF203FFFFFFFFFFFC7FFF00003915AE6F42DF4140AD532A
0D077123E21584EBA50CD934162109AD0AF103FFFFFFFFFFFC8FFF00003915AE6F42DF4140AD5342
0D075E23E20584EC1C0CD920162102AD0AF103FFFFFFFFFFFC8FFF00003915AE6F42DF4140AD635A
0D074423E1E884EC880CD9061620F3AD0AF103FFFFFFFFFFFC8FFF00003915AE6F42DF4140AD5372
0D071D23E1BE84ECE70CD8DE1620DBAD0AF103FFFFFFFFFFFC8FFF00003815AE7042DF4140AD538A
0D06F423E18D84ED4D0CD8B51620C1AD0AF103FFFFFFFFFFFC8FFF00003815AE7042DF4140AD53A2
0D06AA23E13084EDBD0CD86C16208FACFAF103FFFFFFFFFFFC8FFF00003815AE7042DF4140AD53BA
0D067423E0F284EE350CD83716206EACFAF203FFFFFFFFFFFC8FFF00003815AE7042DF4140AD53D2
0D064323E0B884EEAA0CD80816204FACFAF203FFFFFFFFFFFC7FFF00002B15AE7042DF4140AD43EA
0D063123E0A784EF1A0CD7F6162047ACFAF103FFFFFFFFFFFC7FFF00003715AE7042DF4140AD4302
0D061B23E09484EF7E0CD7E016203BACFAF103FFFFFFFFFFFC7FFF00003815AE7042DF4140AD431A
0D060A23E08084EFDE0CD7D0162035ACFAF003FFFFFFFFFFFC8FFF00003115AE7042DF4140AD4332
0D060023E08384F0430CD7C4162031ACFAF003FFFFFFFFFFFC8FFF00003715AE7042DF4140AD434A
0D05FC23E08884F0AE0CD7C1162034ACEAF003FFFFFFFFFFFC8FFF00003815AE7042DF4140AD4362
0D05F923E08E84F1270CD7BE16203BACEAEF03FFFFFFFFFFFC8FFF00003815AE7042DF4040AD337A
0D05CF23E06384F1A40CD797162024ACEAEF03FFFFFFFFFFFC7FFF00003815AE7042DF4040AD4392
0D05A323E02A84F2180CD769162005ACFAEF03FFFFFFFFFFFC7FFF00003015AE7042DF4040AD23AA
0D059823E02984F27D0CD75F162003ACFAEF03FFFFFFFFFFFC8FFF00003815AE7042DF4040AD23C2
0D058B23E02084F2DC0CD752161FFCACEAEF03FFFFFFFFFFFC7FFF00003015AE7142DF4040AD33DA
0D057423E00984F33F0CD73C161FF2ACEAEF03FFFFFFFFFFFC6FFF00003815AE7142DF4040AD23F2
0D056223DFFE84F3AA0CD728161FEAACEAEF03FFFFFFFFFFFC7FFF00003715AE7142DF4040AD230A
0D054123DFDA84F41D0CD705161FD5ACDAEF03FFFFFFFFFFFC7FFF00003715AE7142DF4040AD2322
0D051F23DFB884F4910CD6E8161FC5ACEAEF03FFFFFFFFFFFC7FFF00003715AE7142DF4040AD233A
0D050C23DFA584F5040CD6D3161FBCACEAEF03FFFFFFFFFFFC7FFF00003715AE7142DF4040AD1352
0D04F323DF9084F5790CD6BC161FB1ACEAEE03FFFFFFFFFFFC8FFF00003715AE7142DF4040AD136A
0D04CD23DF6384F5E70CD69A161F9CACEAEE03FFFFFFFFFFFC8FFF00003715AE7142DF4040AD1382
0D04CF23DF6F84F6450CD699161FA0ACEAEE03FFFFFFFFFFFC7FFF00002F15AE7142DF4040AD139A
0D04CE23DF7784F6A00CD698161FA4ACDAEE03FFFFFFFFFFFC7FFF00003615AE7142DF4040AD03B2
0D04CE23DF8784F70A0CD698161FAAACDAEE03FFFFFFFFFFFC7FFF00003715AE7142DF4040AD13CA
0D04CC23DF8F84F7820CD695161FB0ACDAED03FFFFFFFFFFFC8FFF00002E15AE7142DF4040AD03E2
0D04CE23DFA084F7FE0CD699161FBBACCAEE03FFFFFFFFFFFC8FFF00003715AE7142DF4040AD03FA
0D04CE23DFAC84F8730CD69B161FC1ACCAEE03FFFFFFFFFFFC9FFF00003715AE7142DF4040AD0312
0D04CF23DFB884F8DA0CD699161FC5ACBAEE03FFFFFFFFFFFC9FFF00003715AE7142DF3F40AD032A
0D04BC23DFA384F93C0CD681161FB9ACBAEE03FFFFFFFFFFFC9FFF00003715AE7242DF3F40AD0342
0D048C23DF6D84F99F0CD655161F9DACCAEE03FFFFFFFFFFFC9FFF00003715AE7242DF3F40AD035A
0D046323DF4284FA0C0CD62E161F86ACCAEE03FFFFFFFFFFFC8FFF00003715AE7242DF3F40AD0372
0D044723DF2484FA800CD613161F78ACDAEE03FFFFFFFFFFFC8FFF00003715AE7242DF3F40AD038A
0D043C23DF2184FAF00CD608161F75ACDAEE03FFFFFFFFFFFC7FFF00003615AE7242DF3F40AD03A2
0D043423DF2084FB5E0CD601161F76ACDAEEB77FFFFFFFFFFC7FFF00002E15AE7242DF3F40AD03BA
0D042123DF1584FBCB0CD5EF161F6EACCAEE03FFFFFFFFFFFC7FFF00003615AE7242DF3F40ACE3D2
0D040F23DF0184FC370CD5DC161F66ACCAED03FFFFFFFFFFFC8FFF00003615AE7242DF3F40ACE3EA
0D03FB23DEF084FC9F0CD5C0161F56ACCAED03FFFFFFFFFFFC7FFF00003615AE7242DF3F40ACE302
0D03D023DEBE84FD0A0CD59B161F40ACCAED03FFFFFFFFFFFC7FFF00003615AE7242DF3F40ACE31A
0D03AA23DE9884FD790CD577161F2CACCAED03FFFFFFFFFFFC8FFF00003615AE7242DF3F40ACE332
0D039923DE8984FDE60CD567161F25ACBAED03FFFFFFFFFFFC8FFF00003515AE7242DF3F40ACE34A
0D038D23DE8684FE500CD55B161F23ACBAED03FFFFFFFFFFFC8FFF00003515AE7242DF3F40ACD362
0D037E23DE7784FEBD0CD54B161F1CACBAED03FFFFFFFFFFFC8FFF00003515AE7242DF3F40ACD37A
0D035523DE4B84FF2E0CD523161F03ACCAEC03FFFFFFFFFFFC8FFF00002E15AE7242DF3F40ACD392
0D032523DE1484FF9A0CD4F4161EE6ACCAED03FFFFFFFFFFFC8FFF00003515AE7342DF3F40ACD3AA
0D02E423DDC48500000CD4B6161EB9ACCAED03FFFFFFFFFFFC7FFF00002E15AE7342DF3F40ACD3C2
0D02C823DDA385006B0CD499161EAAACBAEC03FFFFFFFFFFFC8FFF00003515AE7342DF3E40ACC3DA
0D02A823DD838500D90CD47A161E98ACBAEC03FFFFFFFFFFFC8FFF00003515AE7342DF3E40ACC3F2
0D029723DD7785014C0CD467161E90ACAAEC03FFFFFFFFFFFC8FFF00002915AE7342DF3E40ACC30A
0D027B23DD5C8501BF0CD449161E7FACAAEC03FFFFFFFFFFFC8FFF00003415AE7342DF3E40ACC322
0D027223DD5785022A0CD443161E80ACAAEB03FFFFFFFFFFFC8FFF00003515AE7342DF3E40ACC33A
0D026D23DD5C85028A0CD43D161E81ACAAEB03FFFFFFFFFFFC8FFF00003515AE7342DF3E40ACC352
0D024E23DD378502EC0CD41F161E6FACAAEB03FFFFFFFFFFFC6FFF00002E15AE7342DF3E40ACC36A
0D020E23DCEB85035D0CD3E2161E48ACAAEB03FFFFFFFFFFFC7FFF00003515AE7342DF3E40ACB382
0D01E523DCBE8503D50CD3B9161E30ACAAEB03FFFFFFFFFFFC7FFF00002E15AE7342DF3E40ACB39A
0D01CB23DCA48504480CD39F161E21AC9AEB03FFFFFFFFFFFC8FFF00003515AE7342DF3E40ACB3B2
0D01A623DC7B8504B30CD37B161E0BAC9AEB03FFFFFFFFFFFC7FFF00003515AE7342DF3E40ACB3CA
0D017523DC3E85051E0CD34A161DEBAC9AEB03FFFFFFFFFFFC7FFF00003515AE7342DF3E40ACA3E2
0D015923DC238505870CD32F161DDCAC8AEB03FFFFFFFFFFFC7FFF00003515AE7442DF3E40ACA3FA
0D014723DC148505EC0CD31D161DD3AC8AEB03FFFFFFFFFFFC7FFF00003415AE7442DF3E40ACA312
0D013A23DC0C8506540CD311161DD0AC8AEB03FFFFFFFFFFFC7FFF00003415AE7442DF3E40ACA32A
0D012523DBFD8506C20CD2FD161DC7AC8AEA03FFFFFFFFFFFC7FFF00003415AE7442DF3E40ACA342
0D010F23DBE88507380CD2E5161DBCAC8AEA03FFFFFFFFFFFC7FFF00002D15AE7442DF3E40ACA35A
0D00FB23DBD88507AD0CD2D3161DB4AC7AEA03FFFFFFFFFFFC8FFF00003315AE7442DF3E40AC9372
0D00DE23DBB985081D0CD2B6161DA3AC7AEA03FFFFFFFFFFFC8FFF00002D15AE7442DF3E40AC938A
0D00C323DBA18508860CD29C161D95AC7AEA03FFFFFFFFFFFC9FFF00003415AE7442DF3D40AC93A2
0D00AA23DB828508E60CD281161D86AC8AEA03FFFFFFFFFFFC8FFF00003415AE7442DF3D40AC83BA
0D007A23DB4B8509480CD253161D67AC8AE903FFFFFFFFFFFC7FFF00003415AE7442DF3D40AC93D2
0D004423DB0A8509B80CD220161D47AC7AE903FFFFFFFFFFFC7FFF00003415AE7442DF3D40AC83EA
0D001C23DADC850A300CD1F6161D2EAC7AE903FFFFFFFFFFFC7FFF00003415AE7442DF3D40AC8302
0D001223DADE850AA30CD1ED161D2EAC6AE803FFFFFFFFFFFC8FFF00003415AE7442DF3D40AC831A
0CFFFB23DAC6850B0D0CD1D6161D21AC6AE803FFFFFFFFFFFC8FFF00003415AE7442DF3D40AC8332
0CFFEC23DABC850B7C0CD1C7161D1CAC6AE903FFFFFFFFFFFC8FFF00003415AE7442DF3D40AC834A
0CFFD923DAAD850BE60CD1B5161D13AC7AE703FFFFFFFFFFFC7FFF00003315AE7542DF3D40AC8362
0CFFC623DA9B850C4B0CD1A3161D0BAC6AE703FFFFFFFFFFFC7FFF00003315AE7542DF3D40AC737A
0CFFB423DA8B850CB20CD191161D04AC5AE703FFFFFFFFFFFC8FFF00003315AE7542DF3D40AC7392
0CFFA023DA79850D210CD178161CF7AC4AE703FFFFFFFFFFFC8FFF00003315AE7542DF3D40AC73AA
0CFF4D23DA11850D920CD128161CC0AC4AE703FFFFFFFFFFFC7FFF00003315AE7542DF3D40AC63C2
0CFF1F23D9DC850E040CD0FC161CA4AC4AE703FFFFFFFFFFFC7FFF00003315AE7542DF3D40AC73DA
0CFF0E23D9CF850E730CD0E9161C99AC5AE703FFFFFFFFFFFC8FFF00003315AE7542DF3D40AC73F2
0CFEE623D9A1850EDB0CD0C7161C85AC5AE703FFFFFFFFFFFC8FFF00003315AE7542DF3D40AC630A
0CFEDA23D99B850F480CD0BA161C82AC4AE603FFFFFFFFFFFC9FFF00003315AE7542DF3D40AC6322
0CFED423D99D850FB60CD0B3161C83AC4AE603FFFFFFFFFFFC8FFF00003315AE7542DF3D40AC633A
0CFED123D9A085101D0CD0AF161C85AC3AE603FFFFFFFFFFFC8FFF00003315AE7542DF3C40AC6352
0CFEC423D99C8510820CD0A3161C81AC3AE703FFFFFFFFFFFC7FFF00003315AE7542DF3C40AC636A
0CFEBC23D99E8510F10CD09B161C83AC3AE603FFFFFFFFFFFC7FFF00003315AE7542DF3C40AC5382
0CFEB523D99D8511680CD095161C85AC3AE603FFFFFFFFFFFC7FFF00003315AE7542DF3C40AC539A
0CFE9E23D9888511D90CD07D161C78AC4AE603FFFFFFFFFFFC7FFF00003315AE7542DF3C40AC53B2
0CFE7A23D9648512420CD05A161C61AC4AE603FFFFFFFFFFFC9FFF00003315AE7642DF3C40AC43CA
0CFE5223D9328512A70CD031161C49AC4AE603FFFFFFFFFFFC8FFF00003215AE7642DF3C40AC53E2
0CFE4723D92E8513100CD028161C47AC4AE603FFFFFFFFFFFC8FFF00003215AE7642DF3C40AC53FA
0CFE0623D8DD8513800CCFE7161C1BAC4AE603FFFFFFFFFFFC8FFF00003215AE7642DF3C40AC4312
0CFD9223D8478513F10CCF74161BCCAC3AE603FFFFFFFFFFFC8FFF00003215AE7642DF3C40AC432A
0CFD6C23D81C85145A0CCF4F161BB4AC3AE603FFFFFFFFFFFC7FFF00003215AE7642DF3C40AC4342
0CFD6723D81E8514C00CCF4B161BB7AC4AE603FFFFFFFFFFFC7FFF00002B15AE7642DF3C40AC435A
0CFD6123D82085152E0CCF45161BB8AC3AE503FFFFFFFFFFFC7FFF00003215AE7642DF3C40AC3372
0CFD5923D8218515A20CCF3C161BB7AC3AE403FFFFFFFFFFFC8FFF00003215AE7642DF3C40AC338A
0CFD4B23D8188516140CCF30161BB3AC2AE403FFFFFFFFFFFC8FFF00002515AE7642DF3C40AC33A2
0CFD3423D80385167E0CCF19161BA9AC2AE403FFFFFFFFFFFC8FFF00003115AE7642DF3C40AC33BA
0CFD2023D7F18516DE0CCF04161B9CAC2AE403FFFFFFFFFFFC8FFF00002A15AE7642DF3C40AC33D2
0CFD0923D7D88517440CCEEF161B93AC1AE403FFFFFFFFFFFC8FFF00003115AE7642DF3C40AC33EA
0CFCEC23D7C28517B80CCED1161B84AC0AE403FFFFFFFFFFFC8FFF00003215AE7642DF3C40AC2302
0CFCDB23D7B385182E0CCEC3161B7FAC1AE303FFFFFFFFFFFC8FFF00001E15AE7642DF3B40AC231A
0CFCC423D79B8518950CCEAC161B70AC1AE303FFFFFFFFFFFC7FFF00003115AE7742DF3B40AC2332
0CFC9823D7698518F30CCE7D161B53AC0AE303FFFFFFFFFFFC7FFF00002A15AE7742DF3B40AC234A
0CFC8B23D75E85195B0CCE73161B51AC0AE403FFFFFFFFFFFC8FFF00003115AE7742DF3B40AC2362
0CFC7F23D75E8519CD0CCE65161B4EAC0AE303FFFFFFFFFFFC9FFF00003115AE7742DF3B40AC237A
0CFC6823D748851A3F0CCE50161B43AC0AE303FFFFFFFFFFFC8FFF00002E15AE7742DF3B40AC1392
0CFC5F23D741851AA90CCE44161B3EAC0AE303FFFFFFFFFFFC7FFF00002C15AE7742DF3B40AC13AA
0CFC3323D710851B0A0CCE17161B23AC0AE303FFFFFFFFFFFC6FFF00003115AE7742DF3B40AC13C2
0CFC1E23D6FC851B6D0CCE03161B19AC0AE303FFFFFFFFFFFC8FFF00003115AE7742DF3B40AC03DA
0CFBFF23D6DB851BD90CCDE2161B06ABFAE303FFFFFFFFFFFC9FFF00003115AE7742DF3B40AC03F2
0CFBEF23D6D1851C480CCDD8161B04ABFAE203FFFFFFFFFFFC9FFF00003115AE7742DF3B40AC030A
0CFBE723D6D2851CB40CCDD0161B04ABFAE203FFFFFFFFFFFC8FFF00003115AE7742DF3B40AC0322
0CFBD123D6BD851D1D0CCDB9161AF7ABFAE103FFFFFFFFFFFC9FFF00003115AE7742DF3B40ABF33A
0CFBC023D6B0851D8A0CCDA8161AF2ABFAE203FFFFFFFFFFFC9FFF00003115AE7742DF3B40AC0352
0CFB8223D662851DF30CCD6C161ACAABFAE103FFFFFFFFFFFC8FFF00003015AE7742DF3B40ABF36A
0CFB5523D62E851E590CCD3E161AACABFAE103FFFFFFFFFFFC8FFF00003015AE7742DF3B40ABF382
0CFB3D23D617851EC10CCD27161AA0ABFAE103FFFFFFFFFFFC8FFF00003015AE7742DF3B40ABF39A
0CFB2023D5F8851F2B0CCD0A161A90ABFAE103FFFFFFFFFFFC8FFF00002915AE7842DF3B40ABE3B2
0CFAF623D5CC851F9A0CCCDF161A75ABFAE103FFFFFFFFFFFC7FFF00003015AE7842DF3B40ABF3CA
0CFAE723D5C185200A0CCCD3161A71ABFAE103FFFFFFFFFFFC8FFF00003015AE7842DF3B40ABE3E2
0CFAEC23D5CF8520710CCCD8161A7AABFAE003FFFFFFFFFFFC8FFF00002915AE7842DF3A40ABE3FA
0CFAED23D5DD8520D20CCCDA161A80ABFAE003FFFFFFFFFFFC9FFF00003015AE7842DF3A40ABE312
0CFAEB23D5E68521380CCCD7161A84ABFAE003FFFFFFFFFFFC9FFF00003015AE7842DF3A40ABE32A
0CFAD323D5CF8521A70CCCBF161A7AABFAE003FFFFFFFFFFFC7FFF00003015AE7842DF3A40ABE342
0CFABC23D5BC85221B0CCCA8161A6FABFAE003FFFFFFFFFFFC7FFF00003015AE7842DF3A40ABE35A
0CFAB823D5C385228A0CCCA5161A71ABFAE003FFFFFFFFFFFC7FFF00003015AE7842DF3A40ABD372
0CFAAC23D5B88522E90CCC99161A6DABEAE003FFFFFFFFFFFC7FFF00002815AE7842DF3A40ABE38A
0CFAA223D5B68523480CCC90161A6BABEADF03FFFFFFFFFFFC7FFF00002F15AE7842DF3A40ABD3A2
0CFA8C23D5A48523B30CCC79161A61ABDADF03FFFFFFFFFFFC7FFF00002B15AE7842DF3A40ABD3BA
0CFA4223D5438524280CCC2E161A2FABDADF03FFFFFFFFFFFC7FFF00002B15AE7842DF3A40ABC3D2
0CFA0323D4F88524970CCBF0161A06ABDADF03FFFFFFFFFFFC8FFF00002F15AE7842DF3A40ABC3EA
0CF9DB23D4C98524FD0CCBCD1619EEABCAE003FFFFFFFFFFFC8FFF00002F15AE7842DF3A40ABC302
0CF9B423D49E8525660CCBA41619D6ABCAE003FFFFFFFFFFFC8FFF00002F15AE7842DF3A40ABC31A
0CF99C23D4848525D10CCB8C1619C9ABCADF03FFFFFFFFFFFC8FFF00002F15AE7842DF3A40ABC332
0CF98C23D4788526380CCB7C1619C1ABCADF03FFFFFFFFFFFC7FFF00002F15AE7842DF3A40ABC34A
0CF97C23D46E8526A30CCB6D1619BBABCADF03FFFFFFFFFFFC7FFF00002F15AE7942DF3A40ABC362
0CF96B23D45F8527100CCB5C1619B4ABBADF86FFFFFFFFFFFC7FFF00002815AE7942DF3A40ABC37A
0CF95F23D4598527790CCB501619B3ABBADF34EFFFFFFFFFFC7FFF00002E15AE7942DF3A40ABB392
0CF95223D4508527DC0CCB441619ADABCADE03FFFFFFFFFFFC8FFF00002915AE7942DF3A40ABB3AA
0CF94D23D4588528450CCB3F1619B1ABBADE03FFFFFFFFFFFC8FFF00002D15AE7942DF3A40ABB3C2
0CF94B23D45F8528B80CCB3D1619B5ABBADE03FFFFFFFFFFFC8FFF00002F15AE7942DF3940ABB3DA
0CF94B23D46D85292C0CCB3D1619BCABAADE03FFFFFFFFFFFC7FFF00002F15AE7942DF3940ABA3F2
0CF94A23D4768529950CCB3C1619C0ABBADE03FFFFFFFFFFFC6FFF00002E15AE7942DF3940ABA30A
0CF94623D47B8529F60CCB381619C3ABBADE03FFFFFFFFFFFC8FFF00002915AE7942DF3940ABA322
0CF94723D486852A5A0CCB381619C8ABAADE03FFFFFFFFFFFC8FFF00002C15AE7942DF3940ABA33A
0CF94523D491852AC20CCB391619CFABAADE03FFFFFFFFFFFC8FFF00002E15AE7942DF3940ABA352
0CF93D23D48D852B2F0CCB2F1619CEABAADE03FFFFFFFFFFFC8FFF00002E15AE7942DF3940ABA36A
0CF93223D48F852B9F0CCB251619CEABBADE03FFFFFFFFFFFC8FFF00002E15AE7942DF3940AB9382
0CF92A23D48E852C0F0CCB1A1619CCABCADE03FFFFFFFFFFFC7FFF00002E15AE7942DF3940AB939A
0CF91A23D47E852C770CCB091619C3ABCADF03FFFFFFFFFFFC7FFF00002E15AE7942DF3940AB83B2
0CF90C23D47C852CDB0CCAFF1619C1ABCADE03FFFFFFFFFFFC7FFF00002715AE7942DF3940AB83CA
0CF8FF23D474852D460CCAF01619BDABBADE03FFFFFFFFFFFC7FFF00002D15AE7942DF3940AB83E2
0CF8DF23D452852DB50CCAD11619ACABBADE03FFFFFFFFFFFC8FFF00002715AE7942DF3940AB83FA
0CF8CA23D440852E200CCABC1619A3ABBADE03FFFFFFFFFFFC8FFF00002E15AE7942DF3940AB8312
0CF8C623D441852E850CCAB91619A4ABBADE03FFFFFFFFFFFC8FFF00002E15AE7A42DF3940AB832A
0CF8C123D447852EE90CCAB41619A6ABCADE03FFFFFFFFFFFC9FFF00002215AE7A42DF3940AB8342
0CF8BB23D448852F550CCAAE1619A8ABCADE03FFFFFFFFFFFC8FFF00002D15AE7A42DF3940AB835A
0CF8A423D439852FC80CCA991619A1ABCADE03FFFFFFFFFFFC8FFF00002E15AE7A42DF3940AB7372
0CF88A23D41E8530390CCA7F161993ABCADE03FFFFFFFFFFFC8FFF00002E15AE7A42DF3940AB838A
0CF87F23D41C8530A50CCA7316198FABCADE03FFFFFFFFFFFC8FFF00002E15AE7A42DF3940AB83A2
0CF87923D41985310E0CCA6E161990ABCADE03FFFFFFFFFFFC7FFF00002D15AE7A42DF3940AB73BA
0CF87723D42285316C0CCA6D161995ABCADE03FFFFFFFFFFFC8FFF00002D15AE7A42DF3840AB63D2
0CF87023D4238531CC0CCA64161993ABCADE03FFFFFFFFFFFC8FFF00002D15AE7A42DF3840AB63EA
0CF85523D40985323D0CCA49161987ABBADD03FFFFFFFFFFFC8FFF00002D15AE7A42DF3840AB6302
0CF84A23D4098532B90CCA40161987ABBADE03FFFFFFFFFFFC8FFF00002D15AE7A42DF3840AB631A
0CF84323D40885332C0CCA38161985ABBADE03FFFFFFFFFFFC7FFF00002D15AE7A42DF3840AB6332
0CF82723D3EA8533890CCA1D161977ABBADE03FFFFFFFFFFFC7FFF00002615AE7A42DF3840AB634A
0CF81D23D3E68533E90CCA13161975ABCADD03FFFFFFFFFFFC7FFF00002C15AE7A42DF3840AB5362
0CF80623D3D485345A0CC9FB16196AABCADE03FFFFFFFFFFFC8FFF00002D15AE7A42DF3840AB537A
0CF7F723D3CA8534D10CC9E5161961ABCADE03FFFFFFFFFFFC8FFF00002715AE7A42DF3840AB5392
0CF7DB23D3AD85353E0CC9D2161957ABCADE03FFFFFFFFFFFC6FFF00002B15AE7A42DF3840AB53AA
0CF7D423D3B085359C0CC9CD161958ABCADE03FFFFFFFFFFFC6FFF00002615AE7A42DF3840AB53C2
0CF7CC23D3AE8535FD0CC9C3161956ABBADE03FFFFFFFFFFFC9FFF00002515AE7A42DF3840AB43DA
0CF7C923D3B785366A0CC9BF16195AABBADE03FFFFFFFFFFFC9FFF00002C15AE7B42DF3840AB43F2
0CF7C123D3B68536E40CC9B716195BABBADD03FFFFFFFFFFFC8FFF00002715AE7B42DF3840AB430A
0CF7B323D3B185375C0CC9AA161957ABBADE03FFFFFFFFFFFC8FFF00002515AE7B42DF3840AB4322
0CF7A023D3A18537C10CC99916194EABBADE03FFFFFFFFFFFC8FFF00002B15AE7B42DF3840AB433A
0CF78023D37C85381E0CC97916193CABBADD03FFFFFFFFFFFC8FFF00002C15AE7B42DF3840AB3352
0CF75223D3478538830CC94B16191FABAADD03FFFFFFFFFFFC7FFF00002C15AE7B42DF3840AB336A
0CF74323D3418538F00CC93D16191CAB9ADD03FFFFFFFFFFFC7FFF00002C15AE7B42DF3840AB2382
0CF73D23D3418539630CC93416191CAB9ADD03FFFFFFFFFFFC8FFF00002C15AE7B42DF3840AB339A
0CF73A23D34A8539D60CC933161920AB9ADD03FFFFFFFFFFFC8FFF00002C15AE7B42DF3840AB23B2
0CF73423D34B853A400CC92D161922AB9ADD03FFFFFFFFFFFC9FFF00002C15AE7B42DF3740AB23CA
0CF72623D346853AAA0CC91F161920AB8ADC03FFFFFFFFFFFC8FFF00002C15AE7B42DF3740AB23E2
0CF71E23D345853B160CC91816191EAB8ADC03FFFFFFFFFFFC8FFF00002C15AE7B42DF3740AB23FA
0CF71923D347853B7B0CC91116191DAB8ADC03FFFFFFFFFFFC8FFF00002C15AE7B42DF3740AB2312
0CF6F823D323853BDD0CC8F016190AAB8ADC03FFFFFFFFFFFC6FFF00002515AE7B42DF3740AB232A
0CF6F223D32E853C480CC8EC16190FAB8ADC03FFFFFFFFFFFC8FFF00002B15AE7B42DF3740AB1342
0CF6E823D326853CBF0CC8E216190DAB8ADC03FFFFFFFFFFFC8FFF00002515AE7B42DF3740AB135A
0CF6D423D317853D370CC8CE161905AB8ADC03FFFFFFFFFFFC8FFF00002B15AE7B42DF3740AB1372
0CF6D023D31F853D9F0CC8CA161906AB7ADC03FFFFFFFFFFFC8FFF00002B15AE7B42DF3740AB138A
0CF6CB23D31F853E030CC8C716190AAB7ADC03FFFFFFFFFFFC9FFF00002B15AE7B42DF3740AB03A2
0CF6C323D31F853E690CC8BE16190AAB7ADC03FFFFFFFFFFFC8FFF00002B15AE7B42DF3740AB03BA
0CF6BB23D321853ED30CC8B616190AAB7ADC03FFFFFFFFFFFC8FFF00002B15AE7C42DF3740AB03D2
0CF6B723D326853F410CC8B116190CAB8ADB03FFFFFFFFFFFC8FFF00002B15AE7C42DF3740AB03EA
0CF6AD23D326853FB20CC8A716190BAB8ADB03FFFFFFFFFFFC8FFF00002B15AE7C42DF3740AB0302
0CF6A823D3298540210CC8A316190EAB8ADC03FFFFFFFFFFFC9FFF00002B15AE7C42DF3740AB031A
0CF6A623D33085408B0CC8A0161913AB9ADC03FFFFFFFFFFFC7FFF00002B15AE7C42DF3740AB0332
0CF6A523D3388540F40CC89E161916AB9ADC03FFFFFFFFFFFC8FFF00002B15AE7C42DF3740AB034A
0CF69523D32F85415C0CC891161912AB8ADC03FFFFFFFFFFFC8FFF00002B15AE7C42DF3740AB0362
0CF69023D3358541C70CC88C161915AB8ADC03FFFFFFFFFFFC8FFF00002B15AE7C42DF3740AB037A
0CF68D23D33D8542300CC889161919AB8ADC03FFFFFFFFFFFC8FFF00002B15AE7C42DF3640AAE392
0CF67B23D32F85429D0CC875161910AB9ADC03FFFFFFFFFFFC8FFF00002B15AE7C42DF3640AAE3AA
0CF66523D31985430E0CC862161907AB9ADC03FFFFFFFFFFFC8FFF00002615AE7C42DF3640AB03C2
0CF65623D31285437C0CC853161902AB9ADC03FFFFFFFFFFFC7FFF00002815AE7C42DF3640AAE3DA
0CF64723D30C8543EC0CC8441618FCAB9ADC03FFFFFFFFFFFC7FFF00001E15AE7C42DF3640AAE3F2
0CF63F23D30A85445A0CC83B1618FCAB9ADC03FFFFFFFFFFFC6FFF00002915AE7C42DF3640AAE30A
0CF63F23D30F8544BC0CC83A161902ABAADC03FFFFFFFFFFFC6FFF00002B15AE7C42DF3640AAE322
0CF63A23D31885451C0CC838161903ABAADC03FFFFFFFFFFFC7FFF00002B15AE7C42DF3640AAD33A
0CF63323D3168545850CC82D161903AB9ADC03FFFFFFFFFFFC7FFF00002B15AE7C42DF3640AAC352
0CF61E23D3088545FC0CC8171618FAAB8ADC03FFFFFFFFFFFC7FFF00002A15AE7C42DF3640AAD36A
0CF61423D3058546760CC8101618FCAB9ADC03FFFFFFFFFFFC8FFF00002A15AE7C42DF3640AAD382
0CF61323D30F8546E40CC80F161901AB9ADCB87FFFFFFFFFFC8FFF00002A15AE7C42DF3640AAC39A
0CF61323D31C8547480CC810161905ABAADC03FFFFFFFFFFFC8FFF00002A15AE7D42DF3640AAC3B2
0CF61023D3208547AC0CC80D16190AAB9ADC03FFFFFFFFFFFC8FFF00001E15AE7D42DF3640AAC3CA
0CF5ED23D2FC8548140CC7EB1618F5AB9ADC03FFFFFFFFFFFC9FFF00002715AE7D42DF3640AAC3E2
0CF5CE23D2DB85487F0CC7CD1618E4AB9ADC03FFFFFFFFFFFC8FFF00002A15AE7D42DF3640AAC3FA
0CF5C223D2D48548EC0CC7C01618E1AB9ADC03FFFFFFFFFFFC7FFF00002A15AE7D42DF3640AAC312
0CF5C223D2E38549590CC7C11618E7AB9ADC03FFFFFFFFFFFC7FFF00002A15AE7D42DF3640AAB32A
0CF5C123D2EE8549C60CC7C01618EEAB8ADC03FFFFFFFFFFFC8FFF00002A15AE7D42DF3540AAB342
0CF5BC23D2F0854A380CC7BA1618F0AB9ADB03FFFFFFFFFFFC6FFF00002A15AE7D42DF3540AAA35A
0CF5BC23D2FE854AAC0CC7BA1618F5AB9ADB03FFFFFFFFFFFC8FFF00002315AE7D42DF3540AAB372
0CF5BB23D306854B130CC7BA1618FBABAADB03FFFFFFFFFFFC8FFF00002215AE7D42DF3540AAA38A
0CF5B223D301854B6C0CC7B01618F8ABAADB03FFFFFFFFFFFC8FFF00002215AE7D42DF3540AAA3A2
0CF5AE23D307854BCE0CC7AC1618FBAB9ADB03FFFFFFFFFFFC8FFF00002915AE7D42DF3540AAA3BA
0CF5AA23D30F854C410CC7A6161900AB8ADB03FFFFFFFFFFFC9FFF00002615AE7D42DF3540AAA3D2
0CF5A023D30E854CBD0CC79D1618FFAB9ADB03FFFFFFFFFFFC9FFF00001915AE7D42DF3540AAA3EA
0CF59923D312854D300CC798161901AB9ADC03FFFFFFFFFFFC7FFF00002915AE7D42DF3540AAA302
0CF59423D314854D990CC793161904ABAADC03FFFFFFFFFFFC6FFF00002215AE7D42DF3540AAA31A
0CF59023D317854DFB0CC78E161906ABAADC03FFFFFFFFFFFC8FFF00002815AE7D42DF3540AAA332
0CF58123D312854E600CC780161901ABAADC03FFFFFFFFFFFC8FFF00002115AE7D42DF3540AA834A
0CF57523D30A854ECB0CC7741618FEAB9ADC03FFFFFFFFFFFC9FFF00002915AE7E42DF3540AA8362
0CF56D23D30C854F370CC76D1618FFAB9ADB03FFFFFFFFFFFC8FFF00002915AE7E42DF3540AA837A
0CF56623D310854FA50CC765161900AB9ADB03FFFFFFFFFFFC8FFF00002815AE7E42DF3540AA8392
0CF56123D3128550150CC760161901AB9ADC03FFFFFFFFFFFC9FFF00002815AE7E42DF3540AA83AA
0CF54B23D3008550840CC74B1618F7AB9ADC040FFFFFFFFFFC7FFF00002815AE7E42DF3540AA83C2
0CF53623D2EE8550F00CC7361618EEAB9ADC718FFFFFFFFFFC7FFF00002815AE7E42DF3540AA83DA
0CF52A23D2E98551580CC72A1618EBAB9ADC57FFFFFFFFFFFC7FFF00002815AE7E42DF3440AA83F2
0CF52723D2EC8551C20CC7271618EFAB8ADC03FFFFFFFFFFFC8FFF00002915AE7E42DF3440AA830A
0CF52923D2FB85522D0CC7291618F5AB8ADC03FFFFFFFFFFFC7FFF00002915AE7E42DF3440AA8322
0CF51F23D2FB8552970CC7201618F4AB8ADB03FFFFFFFFFFFC7FFF00002915AE7E42DF3440AA633A
0CF51023D2F08553000CC7121618F0AB9ADB04BFFFFFFFFFFC8FFF00002915AE7E42DF3440AA7352
0CF50823D2F085536C0CC7081618EFAB9ADC7C0FFFFFFFFFFC8FFF00002915AE7E42DF3440AA736A
0CF50023D2F38553DE0CC7001618F1AB9ADB5B2FFFFFFFFFFC8FFF00002915AE7E42DF3440AA6382
0CF4FB23D2F98554520CC6FC1618F3AB9ADC03FFFFFFFFFFFC8FFF00002915AE7E42DF3440AA639A
0CF4F523D2FD8554BC0CC6F81618F4AB9ADC03FFFFFFFFFFFC8FFF00002915AE7E42DF3440AA63B2
0CF4F123D2FD85551E0CC6F31618F7ABAADC03FFFFFFFFFFFC8FFF00002915AE7E42DF3440AA63CA
0CF4ED23D3058555820CC6EF1618FBABBADC0B7FFFFFFFFFFC8FFF00002915AE7F42DF3440AA63E2
0CF4E723D3058555ED0CC6E81618FCABBADC8B7FFFFFFFFFFC9FFF00002815AE7F42DF3440AA63FA
0CF4DD23D30785565F0CC6DF1618FBABAADC5F0FFFFFFFFFFC8FFF00002815AE7F42DF3440AA5312
0CF4D523D3048556D20CC6D61618FCABAADC03FFFFFFFFFFFC8FFF00002815AE7F42DF3440AA432A
0CF4CA23D3038557400CC6CC1618F8ABAADC03FFFFFFFFFFFC8FFF00002815AE7F42DF3440AA4342
0CF4B623D2F68557A90CC6BA1618F1AB9ADC03FFFFFFFFFFFC8FFF00002715AE7F42DF3440AA435A
0CF4A623D2E585580D0CC6A91618EAAB9ADD12EFFFFFFFFFFC8FFF00002115AE7F42DF3440AA4372
0CF49D23D2E78558760CC6A11618EAAB8ADC67AFFFFFFFFFFC8FFF00002815AE7F42DF3440AA438A
0CF48C23D2DA8558E50CC68E1618E3AB8ADC03FFFFFFFFFFFC8FFF00002815AE7F42DF3340AA43A2
0CF48023D2D48559520CC6821618E0AB8ADC03FFFFFFFFFFFC8FFF00002815AE7F42DF3340AA43BA
0CF48023D2E28559BD0CC6831618E6AB8ADC0A8FFFFFFFFFFC9FFF00002815AE7F42DF3340AA43D2
0CF47E23D2E6855A280CC6821618EBAB9ADCAA6FFFFFFFFFFC6FFF00002815AE7F42DF3340AA43EA
0CF47723D2EA855A920CC67B1618ECAB9ADC32BFFFFFFFFFFC6FFF00002815AE7F42DF3340AA3302
0CF46D23D2E7855AFF0CC6701618EBAB9ADC03FFFFFFFFFFFC7FFF00002815AE7F42DF3340AA331A
0CF46C23D2F0855B690CC6701618F0AB9ADC03FFFFFFFFFFFC8FFF00002815AE7F42DF3340AA3332
0CF46C23D2FB855BCB0CC6701618F4AB8ADC03FFFFFFFFFFFC8FFF00002715AE7F42DF3340AA334A
0CF46A23D304855C270CC66D1618F9AB8ADC179FFFFFFFFFFC8FFF00002215AE8042DF3340AA2362
0CF46923D30D855C8F0CC66C1618FFAB8ADCBD8FFFFFFFFFFC7FFF00002515AE8042DF3340AA237A
0CF46623D315855D080CC667161904AB8ADC371FFFFFFFFFFC8FFF00001D15AE8042DF3340AA2392
0CF46023D319855D810CC663161906AB9ADD03FFFFFFFFFFFC8FFF00002715AE8042DF3340AA23AA
0CF45A23D31C855DE80CC65E161907ABAADD1DEFFFFFFFFFFC8FFF00002715AE8042DF3340AA23C2
0CF45223D31B855E430CC657161906ABAADDBE1FFFFFFFFFFC9FFF00002715AE8042DF3340AA23DA
0CF44223D312855EA20CC648161901AB9ADD07BFFFFFFFFFFC8FFF00002715AE8042DF3340AA13F2
0CF43A23D30F855F080CC63E161900AB9ADD03FFFFFFFFFFFCAFFF00002715AE8042DF3340AA130A
0CF43923D31D855F760CC63E161907AB9ADC03FFFFFFFFFFFC9FFF00001E15AE8042DF3340AA1322
0CF43623D322855FE70CC63B16190CAB9ADC03FFFFFFFFFFFC7FFF00002215AE8042DF3340AA033A
0CF43223D3298560550CC63616190DAB8ADC2FEFFFFFFFFFFC7FFF00002715AE8042DF3240AA0352
0CF43023D3318560BF0CC634161911AB9ADCC45FFFFFFFFFFC8FFF00002715AE8042DF3240AA036A
0CF42B23D3378561260CC630161915AB9ADC07EFFFFFFFFFFC8FFF00002715AE8042DF3240AA0382
0CF42523D33685618D0CC62B161917ABAADD03FFFFFFFFFFFC7FFF00002715AE8042DF3240AA039A
0CF42223D33C8561F50CC626161919ABAADD03FFFFFFFFFFFC6FFF00002715AE8042DF3240AA03B2
0CF42023D3488562540CC62616191EABAADD03FFFFFFFFFFFC8FFF00002715AE8142DF3240AA03CA
0CF41623D3448562B50CC61B16191DABAADD3A8FFFFFFFFFFC8FFF00002015AE8142DF3240A9E3E2
0CF40723D33F8563250CC60C16191AABAADDDCDFFFFFFFFFFC8FFF00002615AE8142DF3240A9E3FA
0CF3FF23D33C85639C0CC605161919ABAADD088FFFFFFFFFFC8FFF00002715AE8142DF3240A9E312
0CF3F423D33985640E0CC5F9161917ABBADD03FFFFFFFFFFFC8FFF00002015AE8142DF3240A9E32A
0CF3F123D3408564780CC5F5161919ABBADD03FFFFFFFFFFFC8FFF00002615AE8142DF3240A9E342
0CF3EF23D3488564DA0CC5F316191CABBADD03FFFFFFFFFFFC8FFF00002715AE8142DF3240A9E35A
0CF3ED23D34F8565350CC5F2161920ABBADD1F2FFFFFFFFFFC8FFF00002015AE8142DF3240A9E372
0CF3EE23D35A8565930CC5F3161928ABBADDBCDFFFFFFFFFFC7FFF00002615AE8142DF3240A9E38A
0CF3EE23D36A8566000CC5F316192FABBADD082FFFFFFFFFFC8FFF00002615AE8142DF3240A9E3A2
0CF3ED23D36F8566730CC5ED161931ABAADD03FFFFFFFFFFFC8FFF00002615AE8142DF3240A9E3BA
0CF3DD23D3688566E40CC5E2161930ABAADD03FFFFFFFFFFFC7FFF00002615AE8142DF3240A9D3D2
0CF3DC23D3758567550CC5E2161936ABBADD03FFFFFFFFFFFC8FFF00002615AE8142DF3240A9C3EA
0CF3DC23D37C8567C00CC5E216193BABAADD3ECFFFFFFFFFFC7FFF00002415AE8142DF3240A9C302
0CF3DA23D38485681F0CC5E016193FAB9ADDD9AFFFFFFFFFFC7FFF00001715AE8142DF3140A9C31A
0CF3D823D38F85687A0CC5DE161942AB8ADD08CFFFFFFFFFFC7FFF00002515AE8242DF3140A9C332
0CF3CC23D3858568DF0CC5D116193FAB9ADD03FFFFFFFFFFFC8FFF00002615AE8242DF3140A9C34A
0CF3BC23D37E85694D0CC5C116193BABAADD379FFFFFFFFFFC8FFF00002615AE8242DF3140A9C362
0CF3A923D3708569BD0CC5B0161933ABBADDB29FFFFFFFFFFC8FFF00002615AE8242DF3140A9C37A
0CF39D23D367856A2F0CC5A4161931ABAADE03FFFFFFFFFFFC7FFF00002615AE8242DF3140A9C392
0CF39123D362856A9C0CC59716192CABAADE03FFFFFFFFFFFC7FFF00002615AE8242DF3140A9B3AA
0CF37E23D351856B000CC584161922AB9ADD03FFFFFFFFFFFC7FFF00002615AE8242DF3140A9A3C2
0CF37C23D35B856B5E0CC581161926AB9ADD040FFFFFFFFFFC7FFF00001A15AE8242DF3140A9A3DA
0CF37123D354856BC10CC57A161926ABAADD4ABFFFFFFFFFFC7FFF00002515AE8242DF3140A9A3F2
0CF36823D352856C2F0CC570161926ABAADDB70FFFFFFFFFFC9FFF00002615AE8242DF3140A9A30A
0CF35723D349856CA10CC55E161920ABAADD03FFFFFFFFFFFC9FFF00002615AE8242DF3140A9A322
0CF34423D33C856D0F0CC54D161918ABAADD045FFFFFFFFFFC8FFF00002615AE8242DF3140A9A33A
0CF34023D341856D720CC549161919ABAADD592FFFFFFFFFFC8FFF00001B15AE8242DF3140A9A352
0CF33E23D342856DD50CC54616191DABAADD8BEFFFFFFFFFFC8FFF00002215AE8242DF3140A9936A
0CF33A23D34A856E3D0CC54016191EABAADD03FFFFFFFFFFFC8FFF00002615AE8242DF3140A9A382
0CF33523D351856EAF0CC53B161924ABBADD03FFFFFFFFFFFC8FFF00001E15AE8342DF3140A9939A
0CF32823D348856F1E0CC52E16191CABBADD03FFFFFFFFFFFC8FFF00002315AE8342DF3140A993B2
0CF31F23D346856F7C0CC52716191DABBADD08BFFFFFFFFFFC7FFF00001915AE8342DF3140A983CA
0CF32323D359856FD80CC52C161926ABBADD70EFFFFFFFFFFC7FFF00002515AE8342DF3040A983E2
0CF32023D35E8570410CC52816192BABBADD9DAFFFFFFFFFFC8FFF00002415AE8342DF3040A983FA
0CF32023D36D8570B70CC529161932ABBADC03FFFFFFFFFFFC8FFF00001815AE8342DF3040A98312
0CF32323D37A85712F0CC52B16193BABBADD03FFFFFFFFFFFC8FFF00002515AE8342DF3040A9832A
0CF31F23D38485719B0CC52716193DABBADD03FFFFFFFFFFFC8FFF00001E15AE8342DF3040A98342
0CF32023D3888571F50CC528161942ABAADD0F7FFFFFFFFFFC8FFF00001E15AE8342DF3040A9835A
0CF31E23D39385724B0CC526161945ABAADD803FFFFFFFFFFC9FFF00002515AE8342DF3040A97372
0CF31F23D3A18572B00CC52616194DAB9ADE079FFFFFFFFFFC9FFF00002515AE8342DF3040A9738A
0CF32223D3B38573250CC528161956AB9ADD03FFFFFFFFFFFC8FFF00001E15AE8342DF3040A963A2
0CF32223D3BD8573A10CC52916195EAB9ADD03FFFFFFFFFFFC8FFF00002515AE8342DF3040A963BA
0CF31F23D3C68574140CC525161961ABAADE03FFFFFFFFFFFC8FFF00002515AE8342DF3040A963D2
0CF30F23D3BB8574760CC51616195BABAADE164FFFFFFFFFFC8FFF00002515AE8342DF3040A963EA
0CF30823D3BD8574D00CC51016195AABBADE9F8FFFFFFFFFFC8FFF00002015AE8442DF3040A96302
0CF2F923D3AD85752A0CC502161955ABBADE0E6FFFFFFFFFFC7FFF00002215AE8442DF3040A9631A
0CF2F223D3B48575900CC4FA161956ABBADEB4BFFFFFFFFFFC7FFF00001E15AE8442DF3040A96332
0CF2E923D3B18576050CC4F1161957ABAADE37FFFFFFFFFFFC8FFF00002515AE8442DF3040A9634A
0CF2E223D3B58576820CC4E9161958ABBADE03FFFFFFFFFFFC8FFF00002515AE8442DF3040A96362
0CF2D223D3AB8576F60CC4DA161953ABBADE1C4FFFFFFFFFFC8FFF00002515AE8442DF3040A9537A
0CF2C023D39A8577540CC4CE16194CABBADEB30FFFFFFFFFFC9FFF00001D15AE8442DF3040A95392
0CF29F23D3778577A90CC4AB161937ABCADE090FFFFFFFFFFC9FFF00001D15AE8442DF2F40A943AA
0CF29423D3708578080CC49D161933ABCADE03FFFFFFFFFFFC8FFF00002415AE8442DF2F40A943C2
0CF28723D36B8578740CC490161930ABCADE03FFFFFFFFFFFC7FFF00001E15AE8442DF2F40A943DA
0CF27F23D36C8578EB0CC488161932ABBADE03FFFFFFFFFFFC8FFF00002415AE8442DF2F40A943F2
0CF27A23D36F8579600CC483161934ABBADD03FFFFFFFFFFFC7FFF00002415AE8442DF2F40A9430A
0CF27123D36C8579CC0CC47C161933ABBADD03FFFFFFFFFFFC7FFF00001E15AE8442DF2F40A94322
0CF26A23D371857A2F0CC475161934ABBADE03FFFFFFFFFFFC7FFF00002315AE8442DF2F40A9433A
0CF26523D371857A900CC472161937ABBADD03FFFFFFFFFFFC7FFF00001D15AE8442DF2F40A94352
0CF26123D37A857AF30CC46C161938ABBADD03FFFFFFFFFFFC7FFF00002415AE8442DF2F40A9336A
0CF26023D382857B570CC46C16193CABCADD03FFFFFFFFFFFC7FFF00001D15AE8542DF2F40A92382
0CF25D23D389857BC30CC469161942ABBADD03FFFFFFFFFFFC7FFF00002415AE8542DF2F40A9339A
0CF25823D38E857C340CC462161942ABBADD03FFFFFFFFFFFC8FFF00002415AE8542DF2F40A923B2
0CF25423D395857CA80CC460161949ABBADE03FFFFFFFFFFFC7FFF00001D15AE8542DF2F40A923CA
0CF25223D39E857D140CC45C16194BABBADE03FFFFFFFFFFFC6FFF00002415AE8542DF2F40A923E2
0CF24D23D39F857D750CC45916194EABAADE03FFFFFFFFFFFC7FFF00002415AE8542DF2F40A923FA
0CF24623D3A1857DD00CC45016194DABAADE03FFFFFFFFFFFC7FFF00002315AE8542DF2F40A92312
0CF23823D399857E340CC443161949ABAADE03FFFFFFFFFFFC7FFF00001D15AE8542DF2F40A9232A
0CF22723D38C857EA30CC430161942ABAADE03FFFFFFFFFFFC8FFF00002415AE8542DF2F40A91342
0CF21823D381857F140CC42216193DABAADD03FFFFFFFFFFFC8FFF00002415AE8542DF2F40A9235A
0CF20423D373857F830CC40F161935ABAADD03FFFFFFFFFFFC8FFF00002415AE8542DF2F40A91372
0CF1DE23D348857FF00CC3EA16191FABAADD03FFFFFFFFFFFC8FFF00002315AE8542DF2F40A9038A
0CF1D723D3498580560CC3E5161920ABAADD03FFFFFFFFFFFC7FFF00002115AE8542DF2E40A903A2
0CF1D523D3508580B20CC3E3161922ABBADE03FFFFFFFFFFFC7FFF00001E15AE8542DF2E40A903BA
0CF1D123D3588581140CC3DE161925ABBADD03FFFFFFFFFFFC9FFF00002315AE8542DF2E40A903D2
0CF1C923D3568581810CC3D4161926ABCADE03FFFFFFFFFFFC7FFF00002315AE8542DF2E40A903EA
0CF1C423D35C8581F30CC3D1161927ABCADD03FFFFFFFFFFFC7FFF00002315AE8642DF2E40A90302
0CF1C423D3678582620CC3D116192EABAADD03FFFFFFFFFFFC8FFF00001C15AE8642DF2E40A9031A
0CF1BE23D3698582CD0CC3CB161930ABAADD03FFFFFFFFFFFC8FFF00002215AE8642DF2E40A90332
0CF1AB23D3588583340CC3B7161927AB9ADD03FFFFFFFFFFFC8FFF00001D15AE8642DF2E40A8E34A
0CF19E23D3508583970CC3AB161923AB9ADD03FFFFFFFFFFFC8FFF00002115AE8642DF2E40A90362
0CF19B23D35C8583FA0CC3AA161928AB9ADD03FFFFFFFFFFFC8FFF00002315AE8642DF2E40A8F37A
0CF19B23D3658584610CC3A816192CAB9ADD03FFFFFFFFFFFC8FFF00002315AE8642DF2E40A8E392
0CF19923D36B8584CE0CC3A7161931ABAADD03FFFFFFFFFFFC8FFF00001C15AE8642DF2E40A8E3AA
0CF19223D37185853B0CC3A1161934ABBADD03FFFFFFFFFFFC8FFF00002315AE8642DF2E40A8E3C2
0CF18F23D3728585990CC39F161936ABBADD03FFFFFFFFFFFC8FFF00002315AE8642DF2E40A8E3DA
0CF19623D37C8585A20CC3A2161936ABBADD03FFFFFFFFFFFC8FFF00002315AE8642DF2E40A8E3F2
0CF19223D3768585890CC3A2161935ABBADD03FFFFFFFFFFFC8FFF00002315AE8642DF2E40A8D30A
0CF18F23D3718585990CC3A2161936ABAADD03FFFFFFFFFFFC8FFF00002315AE8642DF2E40A8D322
0CF18F23D37285859A0CC3A1161933ABAADD03FFFFFFFFFFFC8FFF00001C15AE8642DF2E40A8D33A
0CF18F23D36F8585820CC3A1161933ABAADD03FFFFFFFFFFFC8FFF00001D15AE8642DF2E40A8C352
0CF18F23D36F85857A0CC3A4161933ABAADD03FFFFFFFFFFFC8FFF00002115AE8742DF2E40A8C36A
0CF19023D3708585830CC3A4161933ABAADE03FFFFFFFFFFFC8FFF00002315AE8742DF2E40A8C382
0CF19023D3728585940CC3A3161934AB9ADD03FFFFFFFFFFFC8FFF00001B15AE8742DF2D40A8C39A
0CF19023D37385859E0CC3A2161935ABAADD03FFFFFFFFFFFC8FFF00001C15AE8742DF2D40A8C3B2
0CF19323D3778585980CC3A0161932ABAADE03FFFFFFFFFFFC8FFF00002215AE8742DF2D40A8C3CA
0CF18F23D3738585940CC3A3161933ABAADE03FFFFFFFFFFFC8FFF00001C15AE8742DF2D40A8B3E2
0CF19023D3708585930CC3A2161933ABAADE03FFFFFFFFFFFC7FFF00002315AE8742DF2D40A8B3FA
0CF18E23D37185858D0CC3A2161933ABAADD03FFFFFFFFFFFC7FFF00001C15AE8742DF2D40A8A312
0CF18E23D36E8585870CC3A4161933ABAADD03FFFFFFFFFFFC8FFF00002315AE8742DF2D40A8B32A
0CF19123D3728585870CC3A4161933AB9ADD03FFFFFFFFFFFC7FFF00002215AE8742DF2D40A8A342
0CF18F23D3728585920CC3A2161934AB9ADD03FFFFFFFFFFFC8FFF00002215AE8742DF2D40A8A35A
0CF18E23D3708585A00CC3A3161935AB9ADD03FFFFFFFFFFFC7FFF00002215AE8742DF2D40A8A372
0CF19223D3738585A70CC3A3161935AB9ADD03FFFFFFFFFFFC7FFF00002215AE8742DF2D40A8A38A
0CF19123D3768585A40CC3A0161934AB9ADD03FFFFFFFFFFFC7FFF00001B15AE8742DF2D40A8A3A2
0CF19023D3718585920CC3A3161934AB9ADD03FFFFFFFFFFFC7FFF00001715AE8742DF2D40A893BA
0CF19123D3728585830CC3A3161934AB9ADD03FFFFFFFFFFFC8FFF00001F15AE8842DF2D40A893D2
0CF19423D3748585890CC3A3161934ABAADD03FFFFFFFFFFFC8FFF00001E15AE8842DF2D40A893EA
0CF18E23D37385859E0CC3A2161933AB9ADD03FFFFFFFFFFFC7FFF00002215AE8842DF2D40A88302
0CF19223D3748585AC0CC3A2161934AB9ADD03FFFFFFFFFFFC7FFF00002215AE8842DF2D40A8831A
0CF19323D37B8585A80CC3A1161935ABAADD03FFFFFFFFFFFC8FFF00001B15AE8842DF2D40A88332
0CF19223D37585859F0CC3A4161937ABAADC03FFFFFFFFFFFC8FFF00002215AE8842DF2D40A8834A
0CF19623D37D85859C0CC3A2161934ABAADC03FFFFFFFFFFFC8FFF00002115AE8842DF2D40A88362
0CF19623D37C8585990CC3A1161933ABAADC03FFFFFFFFFFFC8FFF00001B15AE8842DF2D40A8837A
0CF19423D37485859B0CC3A1161932ABBADC03FFFFFFFFFFFC7FFF00002215AE8842DF2C40A88392
0CF19123D3788585A40CC3A1161932ABBADD03FFFFFFFFFFFC7FFF00002215AE8842DF2C40A873AA
0CF19023D3728585A90CC3A1161934ABBADD03FFFFFFFFFFFC8FFF00002215AE8842DF2C40A873C2
0CF19523D37A8585A60CC3A4161936ABBADD03FFFFFFFFFFFC8FFF00002215AE8842DF2C40A873DA
0CF19023D3768585A40CC3A3161934ABBADD03FFFFFFFFFFFC8FFF00002215AE8842DF2C40A863F2
0CF19323D37B8585A60CC3A3161935ABBADD03FFFFFFFFFFFC8FFF00002215AE8842DF2C40A8730A
0CF19623D37A8585A50CC3A4161937ABAADD03FFFFFFFFFFFC8FFF00002215AE8842DF2C40A86322
0CF19723D37D8585A60CC3A2161935ABAADD03FFFFFFFFFFFC8FFF00002215AE8842DF2C40A8633A
0CF19023D3718585AD0CC3A2161934ABAADDADFFFFFFFFFFFCAFFF00002215AE8842DF2C40A86352
0CF19523D37B8585AE0CC3A2161936AB9ADD0C6FFFFFFFFFFC8FFF00002215AE8942DF2C40A8636A
0CF19823D37C8585A60CC3A6161938AB9ADD03FFFFFFFFFFFC9FFF00001B15AE8942DF2C40A86382
0CF19523D37E8585A10CC3A3161935AB9ADD03FFFFFFFFFFFC8FFF00002115AE8942DF2C40A8639A
0CF19223D3768585AA0CC39E161931ABAADD03FFFFFFFFFFFC8FFF00002115AE8942DF2C40A853B2
0CF18C23D36E8585B80CC3A0161934AB9ADC03FFFFFFFFFFFC8FFF00002115AE8942DF2C40A843CA
0CF19323D37B8585B50CC39F161934AB9ADD03FFFFFFFFFFFC8FFF00002115AE8942DF2C40A853E2
0CF18F23D3738585A70CC3A0161934AB9ADD03FFFFFFFFFFFC8FFF00002115AE8942DF2C40A843FA
0CF19123D3758585A60CC39F161931ABAADD03FFFFFFFFFFFC8FFF00002115AE8942DF2C40A84312
0CF18A23D36F8585B70CC39E161932AB9ADD03FFFFFFFFFFFC8FFF00001A15AE8942DF2C40A8432A
0CF18D23D3718585BD0CC39D161932ABAADD03FFFFFFFFFFFC8FFF00001F15AE8942DF2C40A84342
0CF18D23D3718585AD0CC39D161930ABAADD03FFFFFFFFFFFC8FFF00001C15AE8942DF2C40A8435A
0CF18E23D3728585A10CC3A2161934AB9ADD03FFFFFFFFFFFC7FFF00002115AE8942DF2C40A84372
0CF18D23D36F8585AD0CC39F161932ABAADD03FFFFFFFFFFFC7FFF00002115AE8942DF2C40A8338A
0CF18A23D36E8585C00CC39B161932AB9ADD03FFFFFFFFFFFC8FFF00001B15AE8942DF2C40A833A2
0CF19123D3778585C20CC39F161934ABAADD03FFFFFFFFFFFC8FFF00001A15AE8942DF2B40A823BA
0CF19023D3798585B90CC39F161934ABAADD03FFFFFFFFFFFC8FFF00002115AE8A42DF2B40A823D2
0CF19023D3778585AF0CC39F161936ABAADD03FFFFFFFFFFFC8FFF00002115AE8A42DF2B40A823EA
0CF19323D3778585AA0CC39E161932ABAADD03FFFFFFFFFFFC7FFF00002115AE8A42DF2B40A82302
0CF19023D3758585B30CC39D161930ABAADD03FFFFFFFFFFFC7FFF00002115AE8A42DF2B40A8231A
0CF18923D36C8585BF0CC39C161933ABAADD03FFFFFFFFFFFC8FFF00002115AE8A42DF2B40A82332
0CF19023D3778585C40CC39E161932ABAADD03FFFFFFFFFFFC7FFF00001A15AE8A42DF2B40A8134A
0CF19323D37B8585BF0CC39F161935ABCADD03FFFFFFFFFFFC8FFF00002115AE8A42DF2B40A82362
0CF19123D37A8585B80CC3A1161935ABDADD03FFFFFFFFFFFC8FFF00001515AE8A42DF2B40A8137A
0CF18E23D3718585BD0CC39E161933ABCADD03FFFFFFFFFFFC8FFF00001F15AE8A42DF2B40A81392
0CF18F23D3768585BF0CC39F161934ABCADD03FFFFFFFFFFFC7FFF00002115AE8A42DF2B40A803AA
0CF19223D3798585B50CC3A1161935ABBADD03FFFFFFFFFFFC8FFF00002115AE8A42DF2B40A803C2
0CF19323D37A8585B60CC39F161932ABBADD03FFFFFFFFFFFC8FFF00002115AE8A42DF2B40A803DA
0CF18B23D36F8585C30CC39B161930ABBADD03FFFFFFFFFFFC6FFF00002115AE8A42DF2B40A803F2
0CF18B23D3718585CD0CC39B161930ABAADD03FFFFFFFFFFFC7FFF00002115AE8A42DF2B40A8030A
0CF19223D37B8585CD0CC39D161934ABAADD03FFFFFFFFFFFC8FFF00002015AE8A42DF2B40A80322
0CF19123D37C8585C60CC3A0161935ABAADD03FFFFFFFFFFFC8FFF00002015AE8A42DF2B40A8033A
0CF19223D37B8585BF0CC39D161934ABAADD03FFFFFFFFFFFC8FFF00002015AE8B42DF2B40A7F352
0CF19423D37A8585BB0CC39C161932ABAADD03FFFFFFFFFFFC8FFF00002015AE8B42DF2B40A7F36A
0CF19223D3798585BD0CC3A2161934ABAADD03FFFFFFFFFFFC8FFF00002015AE8B42DF2B40A7F382
0CF19223D3768585C60CC39F161935ABAADD03FFFFFFFFFFFC7FFF00002015AE8B42DF2B40A7E39A
0CF18B23D36D8585D00CC39C161931ABAADD03FFFFFFFFFFFC7FFF00002015AE8B42DF2B40A7E3B2
0CF19423D37F8585D10CC39D161933ABAADD03FFFFFFFFFFFC9FFF00002015AE8B42DF2B40A7E3CA
0CF19023D37B8585D10CC39E161934AB9ADD03FFFFFFFFFFFC7FFF00002015AE8B42DF2A40A7E3E2
0CF19323D37B8585CF0CC39F161935AB9ADD03FFFFFFFFFFFC7FFF00002015AE8B42DF2A40A7E3FA
0CF19323D37C8585C70CC39F161935ABAADD03FFFFFFFFFFFC8FFF00002015AE8B42DF2A40A7E312
0CF19623D3808585BB0CC3A1161936ABAADD03FFFFFFFFFFFC8FFF00002015AE8B42DF2A40A7D32A
0CF19423D37D8585BD0CC39F161934ABAADD03FFFFFFFFFFFC8FFF00001915AE8B42DF2A40A7C342
0CF18A23D3718585D20CC39D161934AB9ADD03FFFFFFFFFFFC7FFF00001915AE8B42DF2A40A7C35A
0CF18E23D3758585DE0CC3A0161936ABAADD03FFFFFFFFFFFC6FFF00001A15AE8B42DF2A40A7C372
0CF19423D37F8585DF0CC3A516193AABAADE03FFFFFFFFFFFC7FFF00002015AE8B42DF2A40A7C38A
0CF19423D3818585DA0CC3A4161938ABAADD03FFFFFFFFFFFC7FFF00002015AE8B42DF2A40A7C3A2
0CF19423D37B8585C90CC3A4161937ABAADD03FFFFFFFFFFFC8FFF00002015AE8B42DF2A40A7C3BA
0CF19323D37D8585C20CC3A2161936ABAADD03FFFFFFFFFFFC8FFF00002015AE8B42DF2A40A7C3D2
0CF18E23D3788585CA0CC39F161935ABAADD03FFFFFFFFFFFC8FFF00002015AE8C42DF2A40A7B3EA
0CF18E23D3758585D10CC3A1161936ABAADD03FFFFFFFFFFFC7FFF00001A15AE8C42DF2A40A7B302
0CF18F23D3778585DC0CC39F161935ABAADD03FFFFFFFFFFFC7FFF00001F15AE8C42DF2A40A7B31A
0CF18C23D3738585E60CC39F161936ABAADD03FFFFFFFFFFFC7FFF00001915AE8C42DF2A40A7B332
0CF19623D3838585DF0CC3A3161937ABAADD03FFFFFFFFFFFC8FFF00001F15AE8C42DF2A40A7A34A
0CF19623D3848585D40CC3A516193AABAADD03FFFFFFFFFFFC7FFF00002015AE8C42DF2A40A7B362
0CF19523D3818585D00CC3A1161937ABAADD03FFFFFFFFFFFC7FFF00001F15AE8C42DF2A40A7A37A
0CF19623D37F8585D10CC39F161935AB9ADD03FFFFFFFFFFFC8FFF00001F15AE8C42DF2A40A7A392
0CF19123D37B8585D60CC39D161934AB9ADD03FFFFFFFFFFFC7FFF00001F15AE8C42DF2A40A7A3AA
0CF18E23D3768585DE0CC39E161936AB9ADD03FFFFFFFFFFFC7FFF00001615AE8C42DF2A40A7A3C2
0CF18F23D37B8585E00CC39D161934ABAADD03FFFFFFFFFFFC8FFF00001F15AE8C42DF2A40A7A3DA
0CF18F23D37B8585E10CC39F161936ABAADD03FFFFFFFFFFFC8FFF00001E15AE8C42DF2940A793F2
0CF19123D37C8585E00CC39E161936ABAADD03FFFFFFFFFFFC8FFF00001915AE8C42DF2940A7930A
0CF19523D3808585DC0CC3A1161935ABAADDB39FFFFFFFFFFC7FFF00001815AE8C42DF2940A79322
0CF19623D3838585DE0CC3A4161938ABAADD03FFFFFFFFFFFC8FFF00001E15AE8C42DF2940A7833A
0CF19323D37F8585E10CC39E161935ABAADD03FFFFFFFFFFFC8FFF00001F15AE8C42DF2940A78352
0CF19623D3838585DE0CC3A0161936AB9ADD03FFFFFFFFFFFC8FFF00001F15AE8D42DF2940A7836A
0CF19323D3808585DF0CC3A2161937ABAADD03FFFFFFFFFFFC8FFF00001F15AE8D42DF2940A78382
0CF19223D37A8585E20CC3A2161939ABAADD03FFFFFFFFFFFC8FFF00001F15AE8D42DF2940A7839A
0CF19423D3808585E60CC3A2161938ABAADE03FFFFFFFFFFFC8FFF00001F15AE8D42DF2940A783B2
0CF19223D37E8585E90CC39D161935ABBADD03FFFFFFFFFFFC8FFF00001F15AE8D42DF2940A773CA
0CF19223D37F8585E90CC39E161937ABBADE03FFFFFFFFFFFC8FFF00001F15AE8D42DF2940A773E2
0CF19523D3818585E60CC3A2161939ABBADE03FFFFFFFFFFFC7FFF00001F15AE8D42DF2940A763FA
0CF19523D3848585E20CC3A416193BABBADE03FFFFFFFFFFFC7FFF00001F15AE8D42DF2940A77312
0CF19423D3808585E20CC39C161934ABBADE03FFFFFFFFFFFC7FFF00001F15AE8D42DF2940A7632A
0CF18F23D37A8585E80CC39E161936ABBADE03FFFFFFFFFFFC8FFF00001515AE8D42DF2940A76342
0CF18D23D3798585EC0CC39F161936ABBADD03FFFFFFFFFFFC8FFF00001E15AE8D42DF2940A7635A
0CF19623D3828585EC0CC39E161935ABBADD03FFFFFFFFFFFC6FFF00001F15AE8D42DF2940A76372
0CF19323D3818585E90CC3A2161938ABBADD03FFFFFFFFFFFC6FFF00001F15AE8D42DF2940A7638A
0CF19123D37E8585EE0CC3A616193AABBADD03FFFFFFFFFFFC6FFF00001815AE8D42DF2940A753A2
0CF19823D3858585F00CC3A3161939ABBADD03FFFFFFFFFFFC7FFF00001F15AE8D42DF2940A753BA
0CF19823D3868585EA0CC3A3161939ABBADD03FFFFFFFFFFFC8FFF00001E15AE8E42DF2840A753D2
0CF19723D3858585E80CC3A616193CABBADD03FFFFFFFFFFFC7FFF00001815AE8E42DF2840A753EA
0CF19223D3828585EC0CC3A316193BABBADD03FFFFFFFFFFFC7FFF00001E15AE8E42DF2840A74302
0CF19323D37F8585F00CC3A4161939ABBADD03FFFFFFFFFFFC7FFF00001E15AE8E42DF2840A7431A
0CF19923D38A8585F00CC3A216193BABBADE03FFFFFFFFFFFC9FFF00001E15AE8E42DF2840A74332
0CF19323D3818585F30CC39F161936ABBADE03FFFFFFFFFFFC8FFF00001E15AE8E42DF2840A7434A
0CF18E23D3788585F80CC3A1161938ABBADE03FFFFFFFFFFFC9FFF00001E15AE8E42DF2840A74362
0CF19623D3888585F20CC3A316193AABBADE03FFFFFFFFFFFC8FFF00001D15AE8E42DF2840A7337A
0CF19823D3888585E90CC3A416193BABBADE03FFFFFFFFFFFC7FFF00001D15AE8E42DF2840A73392
0CF19623D3858585EA0CC3A0161938ABBADE03FFFFFFFFFFFC7FFF00001E15AE8E42DF2840A723AA
0CF18B23D3738585F50CC39C161934ABBADE03FFFFFFFFFFFC8FFF00001E15AE8E42DF2840A723C2
0CF18B23D3768585FB0CC39E161937ABBADE03FFFFFFFFFFFC8FFF00001E15AE8E42DF2840A723DA
0CF19723D3898585F60CC39C161935ABBADE03FFFFFFFFFFFC9FFF00001E15AE8E42DF2840A723F2
0CF19723D3848585F50CC3A1161938ABBADE03FFFFFFFFFFFC8FFF00001E15AE8E42DF2840A7230A
0CF18F23D37A8585F40CC3A316193AABBADE03FFFFFFFFFFFC8FFF00001E15AE8F42DF2840A72322
0CF19123D37D8585EF0CC3A4161939ABBADE03FFFFFFFFFFFC8FFF00001E15AE8F42DF2840A7233A
0CF19223D3818585EF0CC3A616193BABBADE03FFFFFFFFFFFC8FFF00001E15AE8F42DF2840A71352
0CF19423D3818585F50CC3A616193CABBADD03FFFFFFFFFFFC8FFF00001215AE8F42DF2840A7136A
0CF19423D3838585FE0CC3A316193AABAADD03FFFFFFFFFFFC9FFF00001715AE8F42DF2840A71382
0CF19623D3888586010CC3A0161939ABAADD03FFFFFFFFFFFC6FFF00001E15AE8F42DF2840A7139A
0CF19A23D38E8585FA0CC3A0161938ABAADE03FFFFFFFFFFFC6FFF00001E15AE8F42DF2840A713B2
0CF19623D3868585F30CC3A216193AABAADE03FFFFFFFFFFFC7FFF00001E15AE8F42DF2740A703CA
0CF19723D3868585EF0CC3A2161939ABAADE03FFFFFFFFFFFC8FFF00001715AE8F42DF2740A703E2
0CF19223D3838585F40CC3A0161936ABAADE03FFFFFFFFFFFC8FFF00001E15AE8F42DF2740A703FA
0CF18C23D3788586010CC39F161938ABAADE03FFFFFFFFFFFC8FFF00001E15AE8F42DF2740A70312
0CF19023D37E8586050CC3A0161938ABAADD03FFFFFFFFFFFC7FFF00001E15AE8F42DF2740A7032A
0CF19623D3888585FC0CC3A0161938ABAADD03FFFFFFFFFFFC7FFF00001E15AE8F42DF2740A70342
0CF19623D3878585F60CC3A316193AABAADD03FFFFFFFFFFFC8FFF00001E15AE8F42DF2740A6F35A
0CF18E23D37A8585F90CC39E161936ABBADD03FFFFFFFFFFFC8FFF00001E15AE9042DF2740A70372
0CF19023D37D8585FC0CC39D161936ABBADD03FFFFFFFFFFFC8FFF00001E15AE9042DF2740A6F38A
0CF19723D3858585FC0CC3A416193EABBADD03FFFFFFFFFFFC8FFF00001E15AE9042DF2740A6E3A2
0CF19123D37D8585FF0CC39E161937ABBADD03FFFFFFFFFFFC9FFF00001715AE9042DF2740A6E3BA
0CF19223D3818585FD0CC3A0161938ABBADD03FFFFFFFFFFFC8FFF00001215AE9042DF2740A6E3D2
0CF19323D3828585FB0CC3A416193BABBADD03FFFFFFFFFFFC8FFF00001C15AE9042DF2740A6E3EA
0CF19323D3838585FE0CC3A1161938ABBADD03FFFFFFFFFFFC7FFF00001E15AE9042DF2740A6D302
0CF19723D3878585FE0CC39E161936ABAADD03FFFFFFFFFFFC8FFF00001E15AE9042DF2740A6D31A
0CF19323D3858585FC0CC3A0161939ABBADD03FFFFFFFFFFFC8FFF00001D15AE9042DF2740A6D332
0CF19223D3818585FF0CC39F161939ABBADD03FFFFFFFFFFFC8FFF00001D15AE9042DF2740A6D34A
0CF19423D3868586030CC39F161939ABBADD03FFFFFFFFFFFC8FFF00001E15AE9042DF2740A6C362
0CF19523D3858586020CC39E161937ABAADD03FFFFFFFFFFFC7FFF00001D15AE9042DF2740A6C37A
0CF19323D3838586010CC39F161939ABBADD03FFFFFFFFFFFC8FFF00001D15AE9042DF2740A6C392
0CF19323D3838585FE0CC39E161937ABAADD03FFFFFFFFFFFC8FFF00001D15AE9142DF2640A6C3AA
0CF19523D3858585FA0CC3A016193AABAADD03FFFFFFFFFFFC8FFF00001715AE9142DF2640A6C3C2
0CF19423D3828585FA0CC3A1161939ABAADE03FFFFFFFFFFFC7FFF00001D15AE9142DF2640A6B3DA
0CF18E23D37B8586010CC39B161934ABBADE03FFFFFFFFFFFC7FFF00001D15AE9142DF2640A6B3F2
0CF18C23D3798586090CC39C161935ABBADE03FFFFFFFFFFFC8FFF00001D15AE9142DF2640A6B30A
0CF19023D3818586090CC3A116193AABBADE03FFFFFFFFFFFC8FFF00001D15AE9142DF2640A6B322
0CF19423D3848586060CC3A416193DABAADE03FFFFFFFFFFFC8FFF00001D15AE9142DF2640A6B33A
0CF19323D3838586010CC3A416193BABAADE03FFFFFFFFFFFC8FFF00001D15AE9142DF2640A6A352
0CF19A23D38B8585FB0CC3A416193AABAADE03FFFFFFFFFFFC7FFF00001D15AE9142DF2640A6A36A
0CF19823D3898585FA0CC39F161939ABAADE03FFFFFFFFFFFC7FFF00001D15AE9142DF2640A6A382
0CF18C23D3798586040CC39C161935ABAADE03FFFFFFFFFFFC7FFF00001615AE9142DF2640A6A39A
0CF18923D37285860E0CC39C161935ABBADE03FFFFFFFFFFFC8FFF00001D15AE9142DF2640A6A3B2
0CF19123D38485860F0CC39E161936ABBADE03FFFFFFFFFFFC8FFF00001D15AE9142DF2640A693CA
0CF19523D3858586040CC39E161937ABBADE03FFFFFFFFFFFC9FFF00001D15AE9142DF2640A693E2
0CF19223D3838585F90CC3A416193AABBADE03FFFFFFFFFFFC7FFF00001D15AE9242DF2640A693FA
0CF19423D3818585FB0CC39E161938ABBADE03FFFFFFFFFFFC8FFF00001D15AE9242DF2640A69312
0CF18923D3718586050CC39B161934ABBADE03FFFFFFFFFFFC8FFF00001D15AE9242DF2640A6832A
0CF18E23D37B85860C0CC39C161936ABAADE03FFFFFFFFFFFC8FFF00001D15AE9242DF2640A68342
0CF19023D37C8585F20CC39C161934ABAADE03FFFFFFFFFFFC7FFF00001D15AE9242DF2640A6835A
0CF18F23D3798585C00CC3A6161939ABAADD03FFFFFFFFFFFC7FFF00001D15AE9242DF2640A68372
0CF19223D3728585930CC3AD16193CAB9ADD03FFFFFFFFFFFC8FFF00001D15AE9242DF2640A6738A
0CF19023D36E8585670CC3A7161934AB9ADD03FFFFFFFFFFFC8FFF00001715AE9242DF2640A673A2
0CF19223D36C8585330CC3A6161930AB9ADD03FFFFFFFFFFFC8FFF00000F15AE9242DF2540A673BA
0CF19423D3688584F20CC3A716192EABAADD03FFFFFFFFFFFC8FFF00001C15AE9242DF2540A663D2
0CF19923D3668584B50CC3A916192CABAADD03FFFFFFFFFFFC7FFF00001C15AE9242DF2540A673EA
0CF19A23D35D85846D0CC3AB161928ABBADD03FFFFFFFFFFFC7FFF00001D15AE9242DF2540A66302
0CF19523D34E8584150CC3AB161923ABBADD03FFFFFFFFFFFC7FFF00001715AE9242DF2540A6631A
0CF19223D3418583AE0CC3AB16191DABAADD03FFFFFFFFFFFC7FFF00001515AE9242DF2540A66332
0CF19323D33585833C0CC3A7161915ABAADD03FFFFFFFFFFFC7FFF00001C15AE9342DF2540A6634A
0CF19A23D3348582D20CC3AF161915ABAADD03FFFFFFFFFFFC8FFF00001C15AE9342DF2540A66362
0CF19D23D32D8582770CC3B1161911AB9ADD03FFFFFFFFFFFC8FFF00001615AE9342DF2540A6637A
0CF1A523D32E85821A0CC3B616190FAB9ADD03FFFFFFFFFFFC8FFF00001615AE9342DF2540A65392
0CF1A923D3298581B30CC3B7161908AB9ADD03FFFFFFFFFFFC7FFF00001B15AE9342DF2540A653AA
0CF1AB23D32285814D0CC3B4161902AB9ADC03FFFFFFFFFFFC7FFF00001C15AE9342DF2540A653C2
0CF1AA23D3148580EC0CC3B91618FDAB8ADC03FFFFFFFFFFFC8FFF00001615AE9342DF2540A643DA
0CF1BF23D3288580850CC3CE161907AB8ADC03FFFFFFFFFFFC7FFF00001C15AE9342DF2540A643F2
0CF1C523D32485801B0CC3D5161907AB7ADC03FFFFFFFFFFFC8FFF00001C15AE9342DF2540A6430A
0CF1C423D318857FB00CC3D21618FFAB8ADC03FFFFFFFFFFFC8FFF00001C15AE9342DF2540A64322
0CF1D123D320857F490CC3E1161903AB8ADC03FFFFFFFFFFFC8FFF00001615AE9342DF2540A6333A
0CF1DE23D326857EEC0CC3E7161905AB8ADC03FFFFFFFFFFFC7FFF00001C15AE9342DF2540A63352
0CF1EC23D331857E900CC3FD161910AB8ADC03FFFFFFFFFFFC6FFF00001C15AE9342DF2540A6336A
0CF1F923D338857E290CC405161910AB8ADCA7FFFFFFFFFFFC6FFF00001615AE9342DF2540A63382
0CF1FD23D332857DBF0CC40A16190EAB9ADC11FFFFFFFFFFFC7FFF00001C15AE9442DF2540A6339A
0CF20223D330857D570CC420161919AB9ADC03FFFFFFFFFFFC8FFF00001C15AE9442DF2540A623B2
0CF23223D36A857CEF0CC447161932ABAADC03FFFFFFFFFFFC9FFF00001C15AE9442DF2540A623CA
0CF24023D372857C870CC452161934ABAADC03FFFFFFFFFFFC8FFF00001C15AE9442DF2440A623E2
0CF24623D36E857C210CC457161932ABAADC03FFFFFFFFFFFC8FFF00001C15AE9442DF2440A623FA
0CF24723D364857BC10CC45216192AAB9ADC03FFFFFFFFFFFC8FFF00001C15AE9442DF2440A62312
0CF23E23D34C857B690CC444161918AB9ADD03FFFFFFFFFFFC8FFF00001C15AE9442DF2440A6232A
0CF24523D350857B0D0CC455161920AB9ADC03FFFFFFFFFFFC9FFF00001C15AE9442DF2440A61342
0CF25023D352857AA20CC45616191BABAADC03FFFFFFFFFFFC7FFF00001515AE9442DF2440A6135A
0CF23B23D328857A2E0CC45E16191BABAADC03FFFFFFFFFFFC7FFF00001B15AE9442DF2440A60372
0CF26E23D3698579C20CC47A16192AABAADC03FFFFFFFFFFFC9FFF00001C15AE9442DF2440A6138A
0CF27E23D36E8579630CC48716192EABAADC03FFFFFFFFFFFC8FFF00001415AE9442DF2440A603A2
0CF27D23D3688579090CC48F16192EABAADC03FFFFFFFFFFFC8FFF00001715AE9442DF2440A603BA
0CF27E23D35C8578A80CC488161924ABAADC60FFFFFFFFFFFC7FFF00001515AE9442DF2440A603D2
0CF27823D34685783E0CC47C161917ABAADC5CBFFFFFFFFFFC7FFF00001B15AE9542DF2440A603EA
0CF26D23D32F8577D40CC48916191AAB9ADC03FFFFFFFFFFFC8FFF00001515AE9542DF2440A60302
0CF27D23D33E8577750CC49216191BAB9ADC03FFFFFFFFFFFC8FFF00001B15AE9542DF2440A6031A
0CF28123D3358577160CC494161915AB9ADC03FFFFFFFFFFFC8FFF00001615AE9542DF2440A60332
0CF28323D3308576B20CC49216190FAB9ADC045FFFFFFFFFFC8FFF00001B15AE9542DF2440A5E34A
0CF27B23D31985764A0CC48D161905AB9ADC726FFFFFFFFFFC7FFF00001515AE9542DF2440A5E362
0CF29123D32F8575DD0CC4C416192AAB9ADC65BFFFFFFFFFFC8FFF00001B15AE9542DF2440A5E37A
0CF2D423D37B8575710CC4DE161937AB9ADC03FFFFFFFFFFFC8FFF00001B15AE9542DF2440A5E392
0CF2D523D3768575140CC4E5161938AB9ADC03FFFFFFFFFFFC8FFF00001B15AE9542DF2440A5E3AA
0CF2D423D36A8574C40CC4E2161931AB9ADC03FFFFFFFFFFFC8FFF00001515AE9542DF2440A5E3C2
0CF2E923D38285746A0CC4F916193AABAADC04BFFFFFFFFFFC9FFF00001A15AE9542DF2440A5E3DA
0CF2D323D3508573FC0CC4E7161929ABAADC7C1FFFFFFFFFFC8FFF00001B15AE9542DF2340A5D3F2
0CF2F523D37A8573880CC503161937ABAADC67EFFFFFFFFFFC8FFF00001515AE9542DF2340A5D30A
0CF31923D3A28573160CC523161948ABBADC03FFFFFFFFFFFC8FFF00001B15AE9642DF2340A5D322
0CF32423D3A68572B10CC528161946ABBADC03FFFFFFFFFFFC8FFF00001515AE9642DF2340A5C33A
0CF31C23D38F85725A0CC52B161944ABBADC03FFFFFFFFFFFC8FFF00001B15AE9642DF2340A5C352
0CF31D23D3898572070CC52916193EABAADC03FFFFFFFFFFFC8FFF00001515AE9642DF2340A5C36A
0CF31E23D37E8571AB0CC51E161931ABAADC6B6FFFFFFFFFFC8FFF00001A15AE9642DF2340A5C382
0CF30723D34F85713A0CC52B161934ABAADC625FFFFFFFFFFC9FFF00001515AE9642DF2340A5C39A
0CF32B23D37E8570BF0CC53F16193DABAADD03FFFFFFFFFFFC9FFF00001415AE9642DF2340A5B3B2
0CF33223D3788570480CC541161936ABBADC03FFFFFFFFFFFC8FFF00001A15AE9642DF2340A5B3CA
0CF33623D36D856FD60CC544161933ABBADC03FFFFFFFFFFFC7FFF00001515AE9642DF2340A5A3E2
0CF33423D35E856F690CC54216192BABBADC044FFFFFFFFFFC7FFF00001A15AE9642DF2340A5B3FA
0CF33023D34F856F060CC53A16191FABAADD6D2FFFFFFFFFFC8FFF00001B15AE9642DF2340A5A312
0CF32E23D341856EA50CC548161924ABAADD619FFFFFFFFFFC8FFF00001B15AE9642DF2340A5A32A
0CF33723D33E856E310CC541161917AB9ADD03FFFFFFFFFFFC8FFF00001615AE9642DF2340A5A342
0CF33B23D33D856DB50CC54A161919AB9ADD03FFFFFFFFFFFC8FFF00001915AE9642DF2340A5A35A
0CF35D23D35E856D3D0CC566161925AB9ADC03FFFFFFFFFFFC8FFF00001B15AE9742DF2340A59372
0CF35E23D356856CC80CC568161920AB9ADD049FFFFFFFFFFC8FFF00001B15AE9742DF2340A5938A
0CF35B23D342856C540CC568161919AB9ADC7B3FFFFFFFFFFC8FFF00001515AE9742DF2340A5A3A2
0CF35C23D336856BE30CC56316190FAB9ADC697FFFFFFFFFFC9FFF00001A15AE9742DF2340A593BA
0CF35B23D32A856B710CC56516190BAB9ADC03FFFFFFFFFFFC8FFF00001815AE9742DF2340A593D2
0CF36223D32B856AFD0CC579161913ABAADC03FFFFFFFFFFFC7FFF00001715AE9742DF2340A583EA
0CF37823D336856A890CC582161912ABAADC03FFFFFFFFFFFC7FFF00001B15AE9742DF2340A58302
0CF38A23D347856A1E0CC59416191AABAADB0CEFFFFFFFFFFC7FFF00001515AE9742DF2240A5831A
0CF39923D34D8569AF0CC5A5161921ABAADC891FFFFFFFFFFC8FFF00001415AE9742DF2240A58332
0CF39823D3458569370CC5A816191DAB9ADB6F8FFFFFFFFFFC8FFF00001A15AE9742DF2240A5834A
0CF3AB23D3538568BD0CC5BA161925AB9ADC03FFFFFFFFFFFC8FFF00001A15AE9742DF2240A57362
0CF3CE23D3748568490CC5CC16192AABAADC04CFFFFFFFFFFC8FFF00001415AE9742DF2240A5737A
0CF3D123D36C8567D80CC5D916192DABAADC9E0FFFFFFFFFFC7FFF00001A15AE9742DF2240A57392
0CF3CD23D35A8567650CC5D7161924ABAADC3C2FFFFFFFFFFC7FFF00001A15AE9842DF2240A563AA
0CF3B923D3348566F80CC5CF16191AAB9ADC03FFFFFFFFFFFC8FFF00001415AE9842DF2240A563C2
0CF3C723D33985668E0CC5D7161919AB9ADC03FFFFFFFFFFFC8FFF00001915AE9842DF2240A563DA
0CF3D923D3468566190CC5EC161922AB9ADC03FFFFFFFFFFFC8FFF00001A15AE9842DF2240A563F2
0CF3D623D33785659D0CC5E8161918ABAADC0EFFFFFFFFFFFC8FFF00001415AE9842DF2240A5630A
0CF3E523D33D8565240CC5F3161919ABAADCB87FFFFFFFFFFC7FFF00001A15AE9842DF2240A56322
0CF3EA23D33A8564AE0CC5F5161913ABAADC439FFFFFFFFFFC7FFF00001A15AE9842DF2240A5533A
0CF3EA23D32B8564400CC5F216190BAB9ADC03FFFFFFFFFFFC8FFF00001A15AE9842DF2240A55352
0CF3E623D31D8563D90CC5F0161903AB9ADD185FFFFFFFFFFC8FFF00001515AE9842DF2240A5436A
0CF3EA23D3158563700CC5F7161904AB9ADDAF7FFFFFFFFFFC8FFF00001915AE9842DF2240A55382
0CF3E623D3018562F70CC5FC1618FFABAADD11AFFFFFFFFFFC8FFF00001A15AE9842DF2240A5539A
0CF40023D31B8562780CC61516190CAB9ADC03FFFFFFFFFFFC8FFF00001415AE9842DF2240A543B2
0CF41623D32C8562000CC61F16190EABAADC03FFFFFFFFFFFC7FFF00001A15AE9942DF2240A543CA
0CF42023D32E8561900CC62416190AABAADC03FFFFFFFFFFFC7FFF00001A15AE9942DF2240A543E2
0CF42023D3228561200CC627161904ABAADC13FFFFFFFFFFFC8FFF00001115AE9942DF2240A543FA
0CF41523D3058560B20CC6251618FDABAADC83AFFFFFFFFFFC8FFF00001715AE9942DF2240A53312
0CF41223D2F58560480CC631161902ABAADCA80FFFFFFFFFFC8FFF00001A15AE9942DF2140A5332A
0CF42323D304855FD60CC6381618FFABAADC03FFFFFFFFFFFC8FFF00001A15AE9942DF2140A53342
0CF43123D30A855F590CC63E1618FDABAADC03FFFFFFFFFFFC8FFF00001A15AE9942DF2140A5235A
0CF43823D308855EDA0CC6421618F9ABAADC03FFFFFFFFFFFC8FFF00001A15AE9942DF2140A52372
0CF44923D313855E690CC64C1618FAABAADC08BFFFFFFFFFFC8FFF00001A15AE9942DF2140A5238A
0CF45523D313855E020CC65F161901ABAADB701FFFFFFFFFFC8FFF00001A15AE9942DF2140A523A2
0CF45523D309855D980CC65C1618F8ABAADCAA1FFFFFFFFFFC7FFF00001A15AE9942DF2140A523BA
0CF44A23D2ED855D240CC64D1618E8ABAADC03FFFFFFFFFFFC6FFF00001A15AE9942DF2140A513D2
0CF45223D2ED855CA80CC6681618F4ABAADC041FFFFFFFFFFC6FFF00001A15AE9942DF2140A523EA
0CF46923D2FD855C2C0CC6721618F5ABBADB6D6FFFFFFFFFFC8FFF00001A15AE9A42DF2140A51302
0CF47423D308855BC00CC67C1618F6ABBADC644FFFFFFFFFFC9FFF00000F15AE9A42DF2140A5131A
0CF48423D30D855B560CC6881618FAABBADC03FFFFFFFFFFFC9FFF00001915AE9A42DF2140A50332
0CF47F23D2F9855AE40CC6861618F1ABBADC03FFFFFFFFFFFC9FFF00001A15AE9A42DF2140A5034A
0CF47A23D2E8855A680CC6891618EFABBADC03FFFFFFFFFFFC9FFF00001715AE9A42DF2140A50362
0CF4A623D31A8559F20CC6AC161901ABAADC042FFFFFFFFFFC7FFF00001115AE9A42DF2140A5037A
0CF4B023D3198559820CC6BA161903ABBADC686FFFFFFFFFFC7FFF00001815AE9A42DF2140A50392
0CF4B523D3198559130CC6BC161901ABBADC5F7FFFFFFFFFFC8FFF00001415AE9A42DF2140A503AA
0CF4AA23D2F685589B0CC6B41618F4ABAADC03FFFFFFFFFFFC8FFF00001915AE9A42DF2140A503C2
0CF4B523D2FE8558210CC6C51618FAABAADC03FFFFFFFFFFFC7FFF00001315AE9A42DF2140A503DA
0CF4D023D3148557AA0CC6DA161901ABAADC03FFFFFFFFFFFC6FFF00001915AE9A42DF2140A4F3F2
0CF4D523D30F8557340CC6DC1618FDABAADC03FFFFFFFFFFFC8FFF00001915AE9B42DF2140A4E30A
0CF4CF23D2FB8556BF0CC6D91618F4ABAADC647FFFFFFFFFFC8FFF00001915AE9B42DF2140A4E322
0CF4DC23D2FD85564E0CC6E51618F6ABAADC60AFFFFFFFFFFC8FFF00001915AE9B42DF2140A4E33A
0CF4DB23D2F18555DF0CC6E01618ECABAADC03FFFFFFFFFFFC8FFF00001315AE9B42DF2040A4E352
0CF4D923D2E185556C0CC6EC1618EEABAADC03FFFFFFFFFFFC9FFF00001915AE9B42DF2040A4D36A
0CF4E023D2E08554F30CC6E71618E5ABAADC03FFFFFFFFFFFC9FFF00000915AE9B42DF2040A4E382
0CF4EC23D2E08554770CC6F61618E8ABAADC03FFFFFFFFFFFC8FFF00001815AE9B42DF2040A4E39A
0CF4FF23D2F28553FD0CC7061618EDABAADC57AFFFFFFFFFFC7FFF00001915AE9B42DF2040A4D3B2
0CF50723D2F285538B0CC7091618E8AB9ADC5BAFFFFFFFFFFC8FFF00001915AE9B42DF2040A4D3CA
0CF50623D2E18553240CC7121618EBAB9ADC03FFFFFFFFFFFC9FFF00001415AE9B42DF2040A4D3E2
0CF51623D2EB8552B50CC71D1618EBAB9ADC03FFFFFFFFFFFC8FFF00001815AE9B42DF2040A4C3FA
0CF51723D2E48552380CC7161618E1AB9ADC03FFFFFFFFFFFC8FFF00001915AE9B42DF2040A4C312
0CF52923D2F18551B70CC7361618F1AB9ADC03FFFFFFFFFFFC8FFF00001915AE9C42DF2040A4C32A
0CF53623D2F485513D0CC73D1618EFAB9ADB58CFFFFFFFFFFC7FFF00001315AE9C42DF2040A4C342
0CF53723D2ED8550D50CC73E1618E9AB9ADB57BFFFFFFFFFFC8FFF00001315AE9C42DF2040A4C35A
0CF53823D2DE85506F0CC73E1618E2AB9ADB03FFFFFFFFFFFC8FFF00001215AE9C42DF2040A4B372
0CF53123D2C7854FF50CC7311618D4AB8ADC03FFFFFFFFFFFC7FFF00001315AE9C42DF2040A4C38A
0CF53423D2BE854F6F0CC73C1618D5AB8ADC03FFFFFFFFFFFC7FFF00001815AE9C42DF2040A4B3A2
0CF55423D2E0854EF50CC75A1618E2AB8ADC03FFFFFFFFFFFC7FFF00001315AE9C42DF2040A4A3BA
0CF55C23D2DE854E8D0CC7631618E4AB8ADC03FFFFFFFFFFFC8FFF00001815AE9C42DF2040A4B3D2
0CF55F23D2D6854E260CC7671618E1AB9ADC03FFFFFFFFFFFC8FFF00001915AE9C42DF2040A4A3EA
0CF55723D2BF854DAE0CC7561618CFAB9ADC03FFFFFFFFFFFC8FFF00001915AE9C42DF2040A4A302
0CF57123D2D7854D2C0CC7771618E0ABAADC03FFFFFFFFFFFC8FFF00001415AE9C42DF2040A4A31A
0CF59223D2FB854CB10CC7961618F2ABAADB03FFFFFFFFFFFC8FFF00001815AE9C42DF2040A4A332
0CF59423D2EB854C3F0CC7991618EBABAADB03FFFFFFFFFFFC8FFF00001915AE9D42DF2040A4934A
0CF59123D2DD854BD40CC7961618E3ABAADB03FFFFFFFFFFFC8FFF00001315AE9D42DF2040A49362
0CF58E23D2CA854B680CC7921618D9ABAADB03FFFFFFFFFFFC8FFF00001815AE9D42DF2040A4837A
0CF57C23D2A7854AF10CC79B1618DCABAADB03FFFFFFFFFFFC7FFF00000E15AE9D42DF2040A49392
0CF5B523D2EA854A740CC7C01618EFAB9ADB03FFFFFFFFFFFC8FFF00001715AE9D42DF1F40A483AA
0CF5C523D2F58549FA0CC7C81618EEAB9ADB03FFFFFFFFFFFC7FFF00001815AE9D42DF1F40A483C2
0CF5C623D2EA8549830CC7CC1618EBAB9ADB03FFFFFFFFFFFC7FFF00001815AE9D42DF1F40A483DA
0CF5C623D2DD8549170CC7CC1618E4AB9ADB03FFFFFFFFFFFC8FFF00001815AE9D42DF1F40A483F2
0CF5CB23D2D88548A80CC7DD1618EAAB8ADB03FFFFFFFFFFFC8FFF00001815AE9D42DF1F40A4730A
0CF5C923D2C98548360CC7D31618DBAB9ADB03FFFFFFFFFFFC8FFF00001815AE9D42DF1F40A47322
0CF5E123D2E28547BE0CC7F91618F5AB9ADB03FFFFFFFFFFFC8FFF00001815AE9D42DF1F40A4733A
0CF60323D3018547430CC80B1618FBAB9ADB03FFFFFFFFFFFC8FFF00001815AE9D42DF1F40A47352
0CF61023D3088546C80CC8121618F7AB9ADB03FFFFFFFFFFFC7FFF00001815AE9D42DF1F40A4636A
0CF61A23D30B8546570CC81A1618F8AB9ADB03FFFFFFFFFFFC6FFF00001615AE9E42DF1F40A46382
0CF61A23D2FD8545ED0CC8231618F7AB9ADB03FFFFFFFFFFFC6FFF00001415AE9E42DF1F40A4639A
0CF62123D2FB85457C0CC8281618F5AB9ADB03FFFFFFFFFFFC7FFF00001815AE9E42DF1F40A463B2
0CF61D23D2EA8545040CC8201618E9AB8ADB03FFFFFFFFFFFC8FFF00001215AE9E42DF1F40A463CA
0CF63823D30385448C0CC83E1618FAAB8ADB03FFFFFFFFFFFC7FFF00001215AE9E42DF1F40A453E2
0CF64223D3058544150CC8451618F8AB9ADB03FFFFFFFFFFFC9FFF00001815AE9E42DF1F40A453FA
0CF64C23D30485439D0CC84A1618F4AB9ADB03FFFFFFFFFFFC8FFF00001815AE9E42DF1F40A45312
0CF65223D30285432A0CC85B1618FBABBADB03FFFFFFFFFFFC7FFF00001815AE9E42DF1F40A4532A
0CF66223D30C8542B80CC8641618F9ABBADB03FFFFFFFFFFFC7FFF00001815AE9E42DF1F40A44342
0CF66023D2FA8542490CC86D1618FCABBADB03FFFFFFFFFFFC9FFF00001815AE9E42DF1F40A4535A
0CF66623D2F98541D80CC87A1618FEABBADB03FFFFFFFFFFFC9FFF00001815AE9E42DF1F40A44372
0CF68423D3178541640CC88A161905ABBADC03FFFFFFFFFFFC8FFF00001215AE9E42DF1F40A4438A
0CF69923D3288540E70CC89A16190CABAADB03FFFFFFFFFFFC8FFF00000D15AE9E42DF1F40A433A2
0CF6AD23D33885406B0CC8AE161912AB9ADB03FFFFFFFFFFFC8FFF00001715AE9E42DF1F40A433BA
0CF6B223D332853FFD0CC8B4161910AB9ADB03FFFFFFFFFFFC8FFF00001815AE9F42DF1F40A433D2
0CF6AF23D320853F920CC8B4161909AB9ADB03FFFFFFFFFFFC8FFF00001815AE9F42DF1F40A433EA
0CF6AB23D30A853F1F0CC8AB1618FDAB9ADB03FFFFFFFFFFFC8FFF00001815AE9F42DF1F40A43302
0CF6AD23D307853EA80CC8A51618F3AB9ADB03FFFFFFFFFFFC7FFF00001215AE9F42DF1F40A4231A
0CF6BC23D30E853E310CC8BF1618FFABAADB03FFFFFFFFFFFC8FFF00001215AE9F42DF1E40A42332
0CF6C323D308853DB90CC8C41618FBABAADB03FFFFFFFFFFFC8FFF00001815AE9F42DF1E40A4234A
0CF6C523D302853D450CC8C61618F5AB9ADC03FFFFFFFFFFFC8FFF00001815AE9F42DF1E40A42362
0CF6D123D307853CD80CC8CA1618F4ABAADC03FFFFFFFFFFFC7FFF00001815AE9F42DF1E40A4237A
0CF6DB23D307853C660CC8E31618FFABAADC03FFFFFFFFFFFC7FFF00001415AE9F42DF1E40A41392
0CF6FD23D330853BED0CC90C161919ABAADB03FFFFFFFFFFFC7FFF00001515AE9F42DF1E40A413AA
0CF71C23D346853B730CC920161920ABAADB03FFFFFFFFFFFC7FFF00001715AE9F42DF1E40A413C2
0CF72B23D352853B020CC929161920ABAADB03FFFFFFFFFFFC7FFF00001815AE9F42DF1E40A403DA
0CF72C23D347853A980CC92A16191BABAADB03FFFFFFFFFFFC7FFF00001715AE9F42DF1E40A403F2
0CF72023D32A853A240CC926161912AB9ADB03FFFFFFFFFFFC7FFF00001715AE9F42DF1E40A4030A
0CF70D23D3068539A80CC92916190DABAADB03FFFFFFFFFFFC7FFF00000F15AEA042DF1E40A40322
0CF73823D3338539310CC939161912AB9ADB03FFFFFFFFFFFC8FFF00001415AEA042DF1E40A4033A
0CF74323D3338538BF0CC946161914AB9ADB03FFFFFFFFFFFC7FFF00001715AEA042DF1E40A40352
0CF74523D33185384C0CC94616190EAB8ADB03FFFFFFFFFFFC7FFF00001715AEA042DF1E40A4036A
0CF74423D3228537DA0CC947161909AB8ADB03FFFFFFFFFFFC8FFF00001115AEA042DF1E40A40382
0CF75023D3238537690CC975161925AB9ADC03FFFFFFFFFFFC8FFF00001715AEA042DF1E40A3F39A
0CF77E23D3598536F80CC981161927AB9ADB03FFFFFFFFFFFC9FFF00001715AEA042DF1E40A3E3B2
0CF78F23D35E8536870CC98F16192CAB9ADC03FFFFFFFFFFFC8FFF00001715AEA042DF1E40A3E3CA
0CF7A323D37585360C0CC99F161931ABAADC03FFFFFFFFFFFC8FFF00001115AEA042DF1E40A3E3E2
0CF7BC23D3878535900CC9B516193CABAADC03FFFFFFFFFFFC8FFF00001715AEA042DF1E40A3E3FA
0CF7D523D39F85351C0CC9D216194BAB9ADC03FFFFFFFFFFFC8FFF00001115AEA042DF1E40A3E312
0CF7D623D3958534B10CC9D7161949AB9ADC03FFFFFFFFFFFC8FFF00001715AEA042DF1E40A3D32A
0CF7D323D3858534450CC9DA161942AB8ADC03FFFFFFFFFFFC9FFF00001715AEA042DF1E40A3D342
0CF7C123D35F8533D10CC9CE161936AB9ADC03FFFFFFFFFFFC8FFF00001115AEA042DF1E40A3D35A
0CF7E023D3818533560CC9F116194AAB9ADD03FFFFFFFFFFFC8FFF00001715AEA042DF1E40A3D372
0CF80623D3A68532DE0CCA03161950AB9ADD03FFFFFFFFFFFC8FFF00001715AEA142DF1E40A3C38A
0CF81423D3AF85326D0CCA0F161951ABAADD03FFFFFFFFFFFC7FFF00001715AEA142DF1E40A3C3A2
0CF82C23D3C68531FE0CCA21161959ABAADD03FFFFFFFFFFFC7FFF00001715AEA142DF1E40A3C3BA
0CF82E23D3BA8531860CCA38161964ABAADD03FFFFFFFFFFFC8FFF00001215AEA142DF1D40A3C3D2
0CF84923D3D685310F0CCA6316197EABAADD03FFFFFFFFFFFC8FFF00001615AEA142DF1D40A3C3EA
0CF86F23D3FD8530A00CCA6B16197DABBADD03FFFFFFFFFFFC7FFF00001715AEA142DF1D40A3B302
0CF87723D3FA8530330CCA7216197DABBADD03FFFFFFFFFFFC6FFF00001115AEA142DF1D40A3C31A
0CF86A23D3DE852FC00CCA7A16197CABBADD03FFFFFFFFFFFC7FFF00001715AEA142DF1D40A3B332
0CF87623D3EB852F440CCA8D161985ABAADD03FFFFFFFFFFFC8FFF00001215AEA142DF1D40A3B34A
0CF8AE23D423852ECB0CCAAB161995ABBADD03FFFFFFFFFFFC8FFF00001515AEA142DF1D40A3A362
0CF8BF23D42E852E5C0CCABA161998ABBADD03FFFFFFFFFFFC8FFF00001715AEA142DF1D40A3A37A
0CF8C023D425852DED0CCABA161993ABCADD03FFFFFFFFFFFC7FFF00001715AEA142DF1D40A3A392
0CF8B223D406852D7D0CCAB5161989ABCADD03FFFFFFFFFFFC7FFF00001715AEA142DF1D40A3A3AA
0CF8C223D415852D070CCACD161994ABBADD03FFFFFFFFFFFC8FFF00001715AEA142DF1D40A3A3C2
0CF8EB23D441852C900CCAE51619A1ABBADD03FFFFFFFFFFFC7FFF00001715AEA142DF1D40A393DA
0CF8FC23D449852C180CCAF61619A6ABBADE03FFFFFFFFFFFC7FFF00001715AEA142DF1D40A393F2
0CF90323D448852BA50CCAFC1619A4ABBADE03FFFFFFFFFFFC8FFF00001715AEA142DF1D40A3930A
0CF90F23D44C852B330CCB001619A1ABBADD03FFFFFFFFFFFC8FFF00001515AEA242DF1D40A39322
0CF90223D42C852AC40CCB0616199FABBADD03FFFFFFFFFFFC8FFF00001215AEA242DF1D40A3833A
0CF91423D43B852A550CCB151619A4ABCADD03FFFFFFFFFFFC8FFF00001715AEA242DF1D40A38352
0CF90F23D4278529E40CCB1A1619A1ABCADE03FFFFFFFFFFFC8FFF00001615AEA242DF1D40A3836A
0CF93723D45385296C0CCB3B1619B4ABCADE03FFFFFFFFFFFC7FFF00001615AEA242DF1D40A38382
0CF94A23D4638528F40CCB451619B4ABCADE03FFFFFFFFFFFC8FFF00001615AEA242DF1D40A3839A
0CF94D23D45885287A0CCB451619ADABCADE03FFFFFFFFFFFC8FFF00001615AEA242DF1D40A373B2
0CF94D23D44B8528090CCB431619A5ABCADE03FFFFFFFFFFFC7FFF00001615AEA242DF1D40A373CA
0CF94923D43C85279D0CCB461619A3ABBADE03FFFFFFFFFFFC7FFF00001615AEA242DF1D40A373E2
0CF95323D43D85272B0CCB571619A7ABCADE03FFFFFFFFFFFC7FFF00001615AEA242DF1D40A363FA
0CF96B23D4528526B80CCB711619B6ABCADE03FFFFFFFFFFFC8FFF00001615AEA242DF1D40A36312
0CF99323D47E8526470CCB8C1619C3ABDADE03FFFFFFFFFFFC8FFF00001115AEA242DF1D40A3632A
0CF99E23D4808525D00CCB941619C3ABCADE03FFFFFFFFFFFC9FFF00001515AEA242DF1D40A36342
0CF9AC23D4898525530CCBA11619C7ABCADE03FFFFFFFFFFFC7FFF00001615AEA242DF1D40A3635A
0CF9B823D4908524DC0CCBAE1619C9ABCADE03FFFFFFFFFFFC6FFF00001615AEA242DF1C40A35372
0CF9BA23D48185246F0CCBB11619C4ABCADE03FFFFFFFFFFFC9FFF00001615AEA242DF1C40A3538A
0CF9B923D4768524090CCBB31619C2ABCADE03FFFFFFFFFFFC8FFF00001615AEA242DF1C40A353A2
0CF9B923D46C85239B0CCBBC1619C1ABCADE03FFFFFFFFFFFC8FFF00001615AEA242DF1C40A343BA
0CF9C523D46F8523200CCBBE1619BDABCADE3CEFFFFFFFFFFC8FFF00001615AEA342DF1C40A343D2
0CFA0823D4C18522A10CCBF21619DDABCADE771FFFFFFFFFFC8FFF00001615AEA342DF1C40A343EA
0CFA2523D4E185222A0CCC1B1619F6ABBADE03FFFFFFFFFFFC8FFF00001615AEA342DF1C40A34302
0CFA3623D4E88521BA0CCC301619FFABAADE03FFFFFFFFFFFC8FFF00001615AEA342DF1C40A3431A
0CFA2D23D4CF85214E0CCC3B161A01AB9ADE03FFFFFFFFFFFC7FFF00001215AEA342DF1C40A34332
0CFA2E23D4C88520DF0CCC391619F9ABAADE03FFFFFFFFFFFC7FFF00001315AEA342DF1C40A3334A
0CFA3923D4CD85206B0CCC411619FAABBADE03FFFFFFFFFFFC6FFF00001615AEA342DF1C40A33362
0CFA6323D4F9851FF40CCC63161A0DABBADE03FFFFFFFFFFFC8FFF00001615AEA342DF1C40A3337A
0CFA8023D517851F7B0CCC7B161A17ABBADE03FFFFFFFFFFFC9FFF00001615AEA342DF1C40A33392
0CFAA123D539851F070CCCA7161A34ABBADE03FFFFFFFFFFFC9FFF00001615AEA342DF1C40A323AA
0CFACA23D564851E9C0CCCBD161A3EABBADE03FFFFFFFFFFFC9FFF00001615AEA342DF1C40A323C2
0CFABF23D54A851E2F0CCCC7161A40ABBADE03FFFFFFFFFFFC8FFF00001615AEA342DF1C40A323DA
0CFAC323D547851DB80CCCC2161A35ABBADE03FFFFFFFFFFFC8FFF00001015AEA342DF1C40A323F2
0CFB0623D599851D390CCD1A161A72ABBADF03FFFFFFFFFFFC8FFF00001615AEA342DF1C40A3230A
0CFB4E23D5F1851CC30CCD3E161A86ABBADF03FFFFFFFFFFFC8FFF00001015AEA342DF1C40A31322
0CFB7023D614851C590CCD63161A9CABCADF03FFFFFFFFFFFC7FFF00001315AEA342DF1C40A3133A
0CFB7623D611851BE90CCD74161AA2ABDADF03FFFFFFFFFFFC9FFF00001315AEA342DF1C40A31352
0CFB6023D5E4851B770CCD47161A7BABDADF03FFFFFFFFFFFC9FFF00001615AEA342DF1C40A3036A
0CFB9123D626851B050CCDAD161AC3ABDADF03FFFFFFFFFFFC8FFF00001015AEA442DF1C40A30382
0CFBE123D685851A8F0CCDD9161ADEABDADF03FFFFFFFFFFFC7FFF00001515AEA442DF1C40A3039A
0CFBE323D67B851A170CCDDB161AD9ABEAE003FFFFFFFFFFFC7FFF00001515AEA442DF1C40A303B2
0CFBF323D6878519A30CCDE1161AD8ABFAE003FFFFFFFFFFFC8FFF00001515AEA442DF1C40A303CA
0CFBF823D6808519310CCDF4161ADFABFAE003FFFFFFFFFFFC7FFF00001515AEA442DF1C40A303E2
0CFC0F23D6978518C30CCE2B161B04ABFAE003FFFFFFFFFFFC7FFF00000915AEA442DF1B40A303FA
0CFC3323D6BE85184D0CCE4D161B18AC0AE103FFFFFFFFFFFC8FFF00001415AEA442DF1B40A30312
0CFC7623D70D8517D30CCE76161B31AC0AE103FFFFFFFFFFFC8FFF00001515AEA442DF1B40A2F32A
0CFC9123D72C85175B0CCE83161B33AC0AE103FFFFFFFFFFFC8FFF00001515AEA442DF1B40A2F342
0CFC9C23D72B8516E80CCE90161B35AC0AE103FFFFFFFFFFFC8FFF00000B15AEA442DF1B40A2F35A
0CFCA723D7318516780CCE9F161B3BABFAE103FFFFFFFFFFFC9FFF00001415AEA442DF1B40A2E372
0CFCAA23D7268516040CCEB5161B47ABFAE103FFFFFFFFFFFC8FFF00001515AEA442DF1B40A2E38A
0CFCD223D75585158B0CCEF1161B6DABFAE103FFFFFFFFFFFC6FFF00001515AEA442DF1B40A2E3A2
0CFD4C23D7F98515100CCF47161BA9AC0AE203FFFFFFFFFFFC6FFF00001015AEA442DF1B40A2D3BA
0CFD7323D81E8514990CCF6A161BBEAC0AE203FFFFFFFFFFFC8FFF00001415AEA442DF1B40A2D3D2
0CFD8D23D83A85142D0CCF8E161BD2AC0AE203FFFFFFFFFFFC8FFF00001015AEA442DF1B40A2D3EA
0CFDA023D8478513BF0CCF83161BC4AC0AE203FFFFFFFFFFFC8FFF00001315AEA442DF1B40A2D302
0CFD9323D8318513420CCF99161BD3AC0AE303FFFFFFFFFFFC8FFF00001315AEA442DF1B40A2C31A
0CFE5623D9388512C00CD053161C55AC1AE303FFFFFFFFFFFC8FFF00000C15AEA542DF1B40A2C332
0CFE9123D97C85124B0CD074161C6AAC1AE303FFFFFFFFFFFC7FFF00001415AEA542DF1B40A2C34A
0CFE9E23D9838511E50CD082161C6EAC1AE303FFFFFFFFFFFC8FFF00001315AEA542DF1B40A2C362
0CFE7C23D9458511790CD073161C5DAC2AE403FFFFFFFFFFFC8FFF00001115AEA542DF1B40A2C37A
0CFE5423D9028510FD0CD048161C37AC3AE503FFFFFFFFFFFC7FFF00001515AEA542DF1B40A2B392
0CFEB523D97F85107B0CD0A2161C74AC3AE503FFFFFFFFFFFC7FFF00000F15AEA542DF1B40A2A3AA
0CFED023D9988510000CD0B3161C7AAC4AE503FFFFFFFFFFFC8FFF00001315AEA542DF1B40A2B3C2
0CFED023D98D850F910CD0B6161C76AC4AE503FFFFFFFFFFFC8FFF00001115AEA542DF1B40A2A3DA
0CFECB23D976850F270CD0BD161C75AC4AE503FFFFFFFFFFFC8FFF00001115AEA542DF1B40A2A3F2
0CFECE23D96C850EB60CD0B9161C6CAC4AE603FFFFFFFFFFFC8FFF00001315AEA542DF1B40A2A30A
0CFEBC23D94C850E390CD0BA161C68AC4AE603FFFFFFFFFFFC9FFF00001515AEA542DF1B40A2A322
0CFF2C23D9E0850DB90CD109161C99AC4AE603FFFFFFFFFFFC7FFF00001515AEA542DF1B40A2A33A
0CFF6623DA23850D450CD146161CC1AC4AE703FFFFFFFFFFFC7FFF00000F15AEA542DF1A40A2A352
0CFF7223DA2A850CD80CD15E161CCEAC4AE603FFFFFFFFFFFC7FFF00001515AEA542DF1A40A2936A
0CFF6423DA08850C670CD152161CC0AC3AE603FFFFFFFFFFFC8FFF00000A15AEA542DF1A40A29382
0CFF3923D9BE850BEF0CD158161CC1AC4AE603FFFFFFFFFFFC8FFF00001215AEA542DF1A40A2939A
0CFF8223DA20850B750CD185161CDAAC4AE703FFFFFFFFFFFC8FFF00001415AEA542DF1A40A283B2
0CFFB023DA52850AF90CD195161CE1AC4AE703FFFFFFFFFFFC8FFF00000F15AEA542DF1A40A293CA
0CFFB823DA4E850A860CD19E161CE0AC4AE703FFFFFFFFFFFC8FFF00000E15AEA642DF1A40A283E2
0CFFBB23DA48850A170CD1AA161CE4AC4AE703FFFFFFFFFFFC8FFF00001315AEA642DF1A40A283FA
0CFFC223DA458509A20CD1BD161CECAC4AE703FFFFFFFFFFFC9FFF00000F15AEA642DF1A40A28312
0CFFE023DA6685092F0CD1D2161CF6AC5AE703FFFFFFFFFFFC8FFF00001115AEA642DF1A40A2832A
0D002423DAB78508BD0CD20A161D19AC5AE703FFFFFFFFFFFC7FFF00001115AEA642DF1A40A27342
0D004A23DAE48508410CD232161D35AC6AE703FFFFFFFFFFFC7FFF00001415AEA642DF1A40A2735A
0D008223DB228507C20CD265161D52AC6AE703FFFFFFFFFFFC8FFF00000815AEA642DF1A40A27372
0D009E23DB3F85074D0CD27B161D5BAC6AE703FFFFFFFFFFFC6FFF00001015AEA642DF1A40A2638A
0D00AC23DB498506E00CD28D161D62AC6AE703FFFFFFFFFFFC7FFF00000F15AEA642DF1A40A263A2
0D00B623DB4785066F0CD29E161D6AAC7AE703FFFFFFFFFFFC9FFF00001315AEA642DF1A40A263BA
0D00AE23DB328505F70CD28C161D59AC8AE703FFFFFFFFFFFC8FFF00001115AEA642DF1A40A263D2
0D00DE23DB6C85057F0CD2C6161D7DAC8AE803FFFFFFFFFFFC8FFF00001215AEA642DF1A40A263EA
0D00FC23DB8D85050C0CD2DF161D8AAC8AE803FFFFFFFFFFFC8FFF00001115AEA642DF1A40A25302
0D013C23DBD88504980CD326161DB9AC8AE803FFFFFFFFFFFC7FFF00000D15AEA642DF1A40A2531A
0D018923DC398504200CD38B161E03AC7AE803FFFFFFFFFFFC7FFF00001415AEA642DF1A40A25332
0D01CA23DC8C8503A70CD3C0161E22AC7AE803FFFFFFFFFFFC8FFF00001415AEA742DF1A40A2534A
0D022223DCFB85032E0CD405161E51AC7AE903FFFFFFFFFFFC7FFF00001415AEA742DF1940A24362
0D024023DD168502BA0CD417161E58AC7AE803FFFFFFFFFFFC7FFF00001415AEA742DF1940A2437A
0D023923DD0485024C0CD42C161E64AC8AE903FFFFFFFFFFFC7FFF00001115AEA742DF1940A24392
0D025E23DD2A8501DD0CD44C161E75AC8AE903FFFFFFFFFFFC7FFF00000E15AEA742DF1940A243AA
0D027023DD3A8501640CD478161E92AC9AE903FFFFFFFFFFFC8FFF00001215AEA742DF1940A233C2
0D02DF23DDC98500E40CD4B2161EB6AC9AEA03FFFFFFFFFFFC8FFF00001415AEA742DF1940A233DA
0D02FC23DDE58500660CD4CD161EC5ACAAEA03FFFFFFFFFFFC8FFF00001415AEA742DF1940A233F2
0D030B23DDF084FFF30CD4E5161ED0ACAAEA03FFFFFFFFFFFC8FFF00001015AEA742DF1940A2230A
0D030423DDDA84FF880CD4E8161ECCACBAEA03FFFFFFFFFFFC8FFF00001215AEA742DF1940A22322
0D030F23DDDD84FF1C0CD4FD161ED9ACBAEB03FFFFFFFFFFFC7FFF00000F15AEA742DF1940A2333A
0D030323DDC184FEA50CD52A161EF5ACBAEB03FFFFFFFFFFFC6FFF00001215AEA742DF1940A22352
0D039223DE8184FE240CD56A161F1DACBAEC03FFFFFFFFFFFC7FFF00001415AEA742DF1940A2236A
0D03A423DE8B84FDA70CD575161F1FACAAEB03FFFFFFFFFFFC8FFF00001415AEA742DF1940A22382
0D03AB23DE8D84FD330CD581161F21ACBAEC03FFFFFFFFFFFC8FFF00000E15AEA842DF1940A2139A
0D03A323DE7384FCC40CD585161F1EACBAEC03FFFFFFFFFFFC8FFF00001415AEA842DF1940A213B2
0D039923DE5384FC520CD570161F09ACBAED03FFFFFFFFFFFC8FFF00001415AEA842DF1940A213CA
0D038323DE3084FBD90CD578161F09ACBAED03FFFFFFFFFFFC8FFF00001315AEA842DF1940A203E2
0D03C123DE7B84FB600CD59D161F1BACCAED03FFFFFFFFFFFC8FFF00001315AEA842DF1940A203FA
0D03CF23DE8384FAEF0CD5A8161F1DACCAED03FFFFFFFFFFFC7FFF00001315AEA842DF1940A20312
0D03D723DE7C84FA7B0CD5AF161F1EACBAED03FFFFFFFFFFFC7FFF00001315AEA842DF1940A2032A
0D03DB23DE7784F9FC0CD5B1161F1AACBAED03FFFFFFFFFFFC7FFF00001315AEA842DF1940A20342
0D040023DEA184F97F0CD5D9161F30ACBAED03FFFFFFFFFFFC8FFF00001315AEA842DF1940A2035A
0D043923DEE384F9100CD611161F55ACBAED03FFFFFFFFFFFC8FFF00001315AEA842DF1840A20372
0D045223DEFB84F8A30CD630161F65ACBAED03FFFFFFFFFFFC7FFF00001315AEA842DF1840A2038A
0D044423DEDB84F82F0CD624161F56ACBAED03FFFFFFFFFFFC7FFF00001315AEA842DF1840A203A2
0D045023DEE584F7B70CD643161F6AACBAED03FFFFFFFFFFFC8FFF00001315AEA842DF1840A1F3BA
0D049323DF3084F73A0CD668161F7DACBAED03FFFFFFFFFFFC9FFF00001315AEA842DF1840A1E3D2
0D049623DF2C84F6C00CD66B161F78ACBAED03FFFFFFFFFFFC8FFF00001315AEA942DF1840A1E3EA
0D049723DF1E84F64C0CD670161F77ACCAED03FFFFFFFFFFFC8FFF00001315AEA942DF1840A1E302
0D049923DF1184F5DA0CD66F161F70ACCAED03FFFFFFFFFFFC8FFF00001315AEA942DF1840A1E31A
0D049923DF0A84F5660CD66A161F63ACCAED03FFFFFFFFFFFC7FFF00001315AEA942DF1840A1E332
0D04C023DF3384F4F20CD6AB161F8EACCAED03FFFFFFFFFFFC7FFF00001315AEA942DF1840A1D34A
0D04EF23DF6D84F47F0CD6CF161FA2ACCAED03FFFFFFFFFFFC7FFF00001115AEA942DF1840A1D362
0D050423DF7C84F4060CD6DC161FA9ACCAEE03FFFFFFFFFFFC7FFF00000F15AEA942DF1840A1D37A
0D051B23DF9084F38E0CD6F4161FB4ACCAED03FFFFFFFFFFFC7FFF00001315AEA942DF1840A1D392
0D052A23DF9784F3110CD701161FB6ACCAED03FFFFFFFFFFFC8FFF00001315AEA942DF1840A1C3AA
0D054623DFB384F29A0CD727161FCDACCAEE03FFFFFFFFFFFC7FFF00001315AEA942DF1840A1D3C2
0D056723DFD484F22B0CD74C161FE3ACDAEE03FFFFFFFFFFFC7FFF00001315AEA942DF1840A1C3DA
0D057F23DFE984F1BE0CD75D161FEAACDAEE03FFFFFFFFFFFC7FFF00001315AEA942DF1840A1C3F2
0D057A23DFD384F1480CD75F161FE4ACEAEE03FFFFFFFFFFFC7FFF00000B15AEA942DF1840A1B30A
0D059B23E00384F0CC0CD790162006ACEAEE03FFFFFFFFFFFC7FFF00001015AEAA42DF1840A1C322
0D05FA23E07684F0530CD7C9162028ACEAEE03FFFFFFFFFFFC8FFF00001315AEAA42DF1840A1B33A
0D060223E07284EFDB0CD7D316202BACDAEE03FFFFFFFFFFFC8FFF00001315AEAA42DF1840A1B352
0D060623E06B84EF630CD7DB162028ACDAEE03FFFFFFFFFFFC7FFF00001315AEAA42DF1840A1A36A
0D060B23E06884EEEF0CD7EB162030ACDAEE03FFFFFFFFFFFC7FFF00001315AEAA42DF1840A1A382
0D061F23E07984EE7E0CD810162044ACDAEF03FFFFFFFFFFFC8FFF00001315AEAA42DF1740A1A39A
0D066123E0C984EE060CD841162065ACDAEF03FFFFFFFFFFFC9FFF00001315AEAA42DF1740A1A3B2
0D068723E0F784ED930CD874162085ACDAEF03FFFFFFFFFFFC8FFF00001315AEAA42DF1740A193CA
0D06C723E14584ED1C0CD8A91620A8ACDAEF03FFFFFFFFFFFC6FFF00001315AEAA42DF1740A193E2
0D06E723E16484ECA60CD8C51620B6ACEAF003FFFFFFFFFFFC7FFF00001315AEAA42DF1740A193FA
0D070723E18684EC2E0CD8E11620C6ACFAF003FFFFFFFFFFFC8FFF00001315AEAA42DF1740A19312
0D074523E1D184EBB40CD91B1620ECAD0AF003FFFFFFFFFFFC8FFF00001315AEAA42DF1740A1832A
0D076023E1E984EB3D0CD93E162100AD0AF003FFFFFFFFFFFC8FFF00001315AEAB42DF1740A18342
0D077C23E20684EACB0CD951162107AD0AF003FFFFFFFFFFFC8FFF00001315AEAB42DF1740A1835A
0D077823E1F484EA590CD94B1620FDACFAF003FFFFFFFFFFFC8FFF00000F15AEAB42DF1740A18372
0D078723E1FE84E9E30CD95F162106AD0AF103FFFFFFFFFFFC8FFF00001115AEAB42DF1740A1838A
0D07C623E24B84E96C0CD99B16212EAD0AF103FFFFFFFFFFFC7FFF00001315AEAB42DF1740A183A2
0D07EB23E26F84E8F30CD9B516213CAD0AF103FFFFFFFFFFFC7FFF00000C15AEAB42DF1740A173BA
0D07F723E27784E87C0CD9C416213FAD0AF103FFFFFFFFFFFC8FFF00000E15AEAB42DF1740A173D2
0D080623E28284E8050CD9D0162142ACFAF103FFFFFFFFFFFC7FFF00001215AEAB42DF1740A173EA
0D081023E28284E78F0CD9DD162145AD0AF103FFFFFFFFFFFC8FFF00001215AEAB42DF1740A16302
0D082223E29084E71A0CD9F4162150AD0AF103FFFFFFFFFFFC8FFF00001215AEAB42DF1740A1631A
0D083223E29684E6A70CDA00162154AD0AF203FFFFFFFFFFFC8FFF00001215AEAB42DF1740A16332
0D083923E29A84E6320CDA09162154AD0AF203FFFFFFFFFFFC7FFF00001215AEAB42DF1740A1634A
0D085623E2B484E5BC0CDA2C162168AD1AF203FFFFFFFFFFFC8FFF00000F15AEAB42DF1740A16362
0D088523E2EE84E5450CDA5416217FAD1AF203FFFFFFFFFFFC8FFF00001015AEAC42DF1740A1537A
0D089923E2FA84E4CA0CDA69162188AD2AF203FFFFFFFFFFFC8FFF00001215AEAC42DF1740A15392
0D08B323E31384E4550CDA7E162192AD2AF203FFFFFFFFFFFC9FFF00001215AEAC42DF1740A153AA
0D08BF23E31384E3E40CDA8D162196AD2AF203FFFFFFFFFFFC9FFF00001215AEAC42DF1740A143C2
0D08D323E32B84E36F0CDAC11621BAAD2AF203FFFFFFFFFFFC8FFF00001215AEAC42DF1740A153DA
0D090F23E37184E2F90CDAE61621D0AD3AF203FFFFFFFFFFFC7FFF00001215AEAC42DF1740A143F2
0D092A23E38B84E2800CDAF01621D0AD3AF203FFFFFFFFFFFC9FFF00001215AEAC42DF1640A1430A
0D095223E3B784E2070CDB1C1621EAAD3AF203FFFFFFFFFFFC9FFF00001215AEAC42DF1640A14322
0D096023E3BF84E1930CDB291621EDAD3AF203FFFFFFFFFFFC8FFF00000D15AEAC42DF1640A1433A
0D097223E3CA84E1240CDB3D1621F8AD3AF203FFFFFFFFFFFC8FFF00001215AEAC42DF1640A13352
0D098423E3D784E0AF0CDB50162201AD3AF303FFFFFFFFFFFC8FFF00001215AEAC42DF1640A1436A
0D099523E3E784E0310CDB6616220BAD3AF303FFFFFFFFFFFC8FFF00001215AEAC42DF1640A13382
0D09BD23E41084DFB30CDB7E162216AD2AF303FFFFFFFFFFFC8FFF00001215AEAC42DF1640A1239A
0D09CC23E41A84DF430CDB8E16221BAD2AF303FFFFFFFFFFFC8FFF00001215AEAD42DF1640A123B2
0D09D723E41F84DEDC0CDBA3162225AD2AF303FFFFFFFFFFFC8FFF00001215AEAD42DF1640A123CA
0D09CB23E3FE84DE650CDB94162215AD2AF30FAFFFFFFFFFFC8FFF00001215AEAD42DF1640A123E2
0D09D823E40A84DDE20CDBA5162219AD2AF493EFFFFFFFFFFC7FFF00000D15AEAD42DF1640A123FA
0D0A3723E48184DD6A0CDBF216224CAD3AF4177FFFFFFFFFFC7FFF00001115AEAD42DF1640A11312
0D0A5623E49D84DCFC0CDC20162269AD2AF403FFFFFFFFFFFC8FFF00000D15AEAD42DF1640A1132A
0D0A6223E4A384DC850CDC25162268AD2AF403FFFFFFFFFFFC7FFF00001115AEAD42DF1640A11342
0D0A6623E4A184DC090CDC3A162272AD2AF403FFFFFFFFFFFC7FFF00001215AEAD42DF1640A1035A
0D0AE723E54A84DB950CDCB51622C8AD2AF40A7FFFFFFFFFFC7FFF00001215AEAD42DF1640A10372
0D0B1B23E58684DB260CDCE71622E8AD3AF4788FFFFFFFFFFC7FFF00001215AEAD42DF1640A1038A
0D0B2B23E59484DAB50CDCF81622F0AD4AF4152FFFFFFFFFFC8FFF00001215AEAD42DF1640A103A2
0D0B3823E59884DA3B0CDD0E1622FBAD4AF503FFFFFFFFFFFC8FFF00001215AEAD42DF1640A103BA
0D0B6C23E5D884D9BC0CDD21162302AD5AF503FFFFFFFFFFFC8FFF00001215AEAD42DF1640A103D2
0D0B9F23E60F84D9410CDD5A162328AD5AF503FFFFFFFFFFFC8FFF00000D15AEAD42DF1640A103EA
0D0BB823E62884D8D10CDD79162338AD5AF60DCFFFFFFFFFFC8FFF00001015AEAE42DF1640A0F302
0D0BDA23E64D84D8650CDDC0162369AD6AF68E3FFFFFFFFFFC8FFF00000E15AEAE42DF1640A0F31A
0D0BE923E65984D7F10CDDD5162374AD6AF6177FFFFFFFFFFC7FFF00001215AEAE42DF1640A0E332
0D0C3F23E6CA84D77A0CDE04162393AD6AF603FFFFFFFFFFFC7FFF00001215AEAE42DF1640A0F34A
0D0CA023E74684D6FD0CDE5A1623CCAD7AF603FFFFFFFFFFFC9FFF00001115AEAE42DF1640A0E362
0D0CF823E7B584D6830CDEBD162414AD7AF703FFFFFFFFFFFC8FFF00001115AEAE42DF1640A0E37A
0D0D1F23E7DF84D60F0CDEDD162424AD7AF7130FFFFFFFFFFC7FFF00001115AEAE42DF1540A0E392
0D0D1123E7C484D59B0CDED616241BAD7AF7A68FFFFFFFFFFC7FFF00000C15AEAE42DF1540A0E3AA
0D0D2D23E7DD84D5200CDEEF162428AD8AF819BFFFFFFFFFFC7FFF00001015AEAE42DF1540A0E3C2
0D0D6A23E82A84D4A60CDF39162459AD8AF803FFFFFFFFFFFC8FFF00000715AEAE42DF1540A0D3DA
0D0D9B23E86384D4300CDF56162468AD8AF803FFFFFFFFFFFC8FFF00001115AEAE42DF1540A0D3F2
0D0DA123E85984D3C00CDF5E162467AD8AF803FFFFFFFFFFFC8FFF00001115AEAE42DF1540A0D30A
0D0DB023E86B84D3490CDF8016247EAD9AF8150FFFFFFFFFFC8FFF00001115AEAE42DF1540A0D322
0D0DE223E8A284D2CB0CDFAB162497AD9AF9B58FFFFFFFFFFC8FFF00001115AEAE42DF1540A0C33A
0D0E2023E8EB84D24A0CDFD11624ACAD9AF91BDFFFFFFFFFFC7FFF00000B15AEAF42DF1540A0C352
0D0E3E23E90684D1CC0CDFEC1624B7ADAAFA03FFFFFFFFFFFC9FFF00000D15AEAF42DF1540A0C36A
0D0E4623E90684D1580CDFF71624BAADAAFA03FFFFFFFFFFFC8FFF00001115AEAF42DF1540A0B382
0D0E4723E8FE84D0EE0CE0091624C4ADAAFA03FFFFFFFFFFFC8FFF00001115AEAF42DF1540A0C39A
0D0E4C23E8F284D07E0CE0031624B9ADAAFA2B0FFFFFFFFFFC8FFF00001115AEAF42DF1540A0B3B2
0D0E5323E8F884D0000CE0221624CBADBAFBC63FFFFFFFFFFC7FFF00001115AEAF42DF1540A0B3CA
0D0EA323E95884CF810CE05C1624EEADBAFB1D5FFFFFFFFFFC7FFF00000C15AEAF42DF1540A0B3E2
0D0EB723E96884CF060CE0631624EDADBAFB03FFFFFFFFFFFC8FFF00001015AEAF42DF1540A0A3FA
0D0EC323E97084CE8C0CE07D1624FAADBAFB2A1FFFFFFFFFFC9FFF00000E15AEAF42DF1540A0A312
0D0EFD23E9B484CE120CE0C516252BADBAFBB41FFFFFFFFFFC8FFF00000F15AEAF42DF1540A0A32A
0D0F0E23E9BD84CDA00CE0E716253EADAAFB03CFFFFFFFFFFC7FFF00001115AEAF42DF1540A0A342
0D0F4623EA0884CD330CE109162551ADAAFB03FFFFFFFFFFFC7FFF00001115AEAF42DF1540A0A35A
0D0F5123EA0384CCBD0CE116162556ADAAFC03FFFFFFFFFFFC8FFF00001115AEAF42DF1540A09372
0D0F8B23EA4E84CC3D0CE143162573ADAAFC03FFFFFFFFFFFC8FFF00001115AEAF42DF1540A0938A
0D0FF023EACD84CBB90CE1951625AAADAAFC40DFFFFFFFFFFC9FFF00000C15AEB042DF1540A093A2
0D102D23EB1584CB3E0CE1D21625D1ADBAFCD03FFFFFFFFFFC8FFF00000C15AEB042DF1540A083BA
0D103F23EB2184CACD0CE1D91625CFADCAFC03BFFFFFFFFFFC7FFF00001115AEB042DF1540A083D2
0D104E23EB2784CA5A0CE1FA1625E3ADCAFC03FFFFFFFFFFFC7FFF00001115AEB042DF1540A083EA
0D103A23EB0784C9E20CE1FA1625DCADCAFD03FFFFFFFFFFFC6FFF00000E15AEB042DF1540A08302
0D103C23EB0284C96E0CE2171625EDADDAFD03FFFFFFFFFFFC6FFF00000E15AEB042DF1540A0731A
0D109423EB6B84C8F90CE251162615ADDAFD03FFFFFFFFFFFC8FFF00001115AEB042DF1540A08332
0D10D823EBC484C87C0CE29B162645ADDAFD4EBFFFFFFFFFFC9FFF00001115AEB042DF1440A0734A
0D112F23EC2F84C7FC0CE2D2162669ADDAFD62BFFFFFFFFFFC9FFF00001115AEB042DF1440A06362
0D118B23ECA784C7820CE32B1626A6ADDAFE427FFFFFFFFFFC9FFF00001115AEB042DF1440A0637A
0D11E523ED1784C70A0CE38D1626EBADDAFDA0DFFFFFFFFFFC7FFF00001115AEB042DF1440A06392
0D11F823ED2884C6950CE39A1626EDADEAFE03FFFFFFFFFFFC7FFF00001115AEB042DF1440A063AA
0D120D23ED4284C6240CE3E8162727ADFAFE03FFFFFFFFFFFC7FFF00001115AEB042DF1440A063C2
0D129D23EDFE84C5B40CE48816279CAE0AFE03FFFFFFFFFFFC8FFF00000C15AEB042DF1440A063DA
0D131923EEA884C53D0CE4C21627C0AE1AFF078FFFFFFFFFFC8FFF00001115AEB042DF1440A063F2
0D136923EF0584C4B80CE5051627F1AE1AFF603FFFFFFFFFFC8FFF00001115AEB142DF1440A0530A
0D13C023EF7584C4340CE54F162821AE2B00AA0FFFFFFFFFFC8FFF00001115AEB142DF1440A05322
0D13FE23EFC384C3BA0CE59716284FAE2B0003FFFFFFFFFFFC8FFF00001115AEB142DF1440A0533A
0D141B23EFE184C34C0CE5B216285FAE3B01042FFFFFFFFFFC8FFF00001015AEB142DF1440A04352
0D141823EFCA84C2DE0CE5B716285DAE4B0267BFFFFFFFFFFC8FFF00001015AEB142DF1440A0436A
0D13ED23EF8884C26D0CE5B2162856AE4B026E8FFFFFFFFFFC8FFF00001015AEB142DF1440A04382
0D144623F00A84C1F20CE6251628A8AE4B0303FFFFFFFFFFFC8FFF00001015AEB142DF1440A0439A
0D151623F11484C1700CE6A21628FFAE4B0303FFFFFFFFFFFC9FFF00001015AEB142DF1440A043B2
0D154423F14A84C0F00CE6D216291EAE4B0303FFFFFFFFFFFC9FFF00001015AEB142DF1440A033CA
0D155F23F16384C0760CE6F016292EAE4B0304AFFFFFFFFFFC7FFF00000C15AEB142DF1440A043E2
0D155523F14A84C0080CE6FD162933AE4B0472AFFFFFFFFFFC9FFF00000F15AEB142DF1440A033FA
0D156223F15084BF970CE70E162938AE4B0479DFFFFFFFFFFC8FFF00001015AEB142DF1440A02312
0D154823F11F84BF1E0CE6F8162921AE5B0503FFFFFFFFFFFC8FFF00001015AEB142DF1440A0232A
0D159D23F19284BEA20CE752162962AE6B0503FFFFFFFFFFFC8FFF00001015AEB142DF1440A02342
0D15F823F1FF84BE250CE78B162985AE5B0503FFFFFFFFFFFC7FFF00001015AEB142DF1440A0235A
0D161A23F22884BDAF0CE7B61629A0AE5B05040FFFFFFFFFFC7FFF00001015AEB242DF1440A02372
0D165223F26884BD3A0CE7E91629C0AE6B05620FFFFFFFFFFC8FFF00001015AEB242DF1440A0138A
0D166623F27784BCC40CE8251629EAAE6B066DBFFFFFFFFFFC8FFF00001015AEB242DF1440A013A2
0D16B823F2E684BC4E0CE858162A0AAE7B0603FFFFFFFFFFFC8FFF00001015AEB242DF1440A013BA
0D16E323F31084BBD20CE878162A1BAE8B0603FFFFFFFFFFFC8FFF00000B15AEB242DF1340A013D2
0D170023F32F84BB540CE88E162A25AE8B0703FFFFFFFFFFFC8FFF00001015AEB242DF1340A003EA
0D171123F33A84BADC0CE8A8162A32AE8B080C7FFFFFFFFFFC9FFF00001015AEB242DF1340A00302
0D173123F35F84BA6A0CE8C6162A45AE8B088C3FFFFFFFFFFC8FFF00001015AEB242DF1340A0031A
0D177423F3B384B9F70CE91C162A83AE8B0882EFFFFFFFFFFC8FFF00001015AEB242DF1340A00332
0D17C323F41884B9820CE972162ABEAE8B0803FFFFFFFFFFFC8FFF00001015AEB242DF1340A0034A
0D182923F4A184B9040CE9CA162AF9AE7B0804BFFFFFFFFFFC8FFF00001015AEB242DF13409FF362
0D187D23F50684B8850CE9FB162B19AE7B089AEFFFFFFFFFFC8FFF00001015AEB242DF13409FF37A
0D18A023F52984B80B0CEA1C162B2AAE7B084AAFFFFFFFFFFC7FFF00000E15AEB242DF13409FE392
0D18A523F52684B79A0CEA2D162B32AE8B0903FFFFFFFFFFFC7FFF00000C15AEB242DF13409FE3AA
0D189C23F50F84B7270CEA2E162B2CAE9B09136FFFFFFFFFFC8FFF00001015AEB342DF13409FE3C2
0D188823F4E584B6AF0CEA26162B21AEAB09AB1FFFFFFFFFFC9FFF00001015AEB342DF13409FE3DA
0D18AE23F50F84B6360CEA3C162B29AEAB0A1C4FFFFFFFFFFC8FFF00001015AEB342DF13409FD3F2
0D18CD23F52B84B5BC0CEA57162B38AEAB0A03FFFFFFFFFFFC7FFF00001015AEB342DF13409FE30A
0D18DD23F53784B5400CEA63162B3AAEBB0A03FFFFFFFFFFFC8FFF00001015AEB342DF13409FD322
0D18F523F54F84B4C70CEA88162B51AEBB0A03FFFFFFFFFFFC9FFF00001015AEB342DF13409FD33A
0D192823F58C84B4520CEAC5162B79AEAB0A24CFFFFFFFFFFC8FFF00001015AEB342DF13409FD352
0D195423F5BD84B3DE0CEAE1162B87AEBB0AC96FFFFFFFFFFC8FFF00001015AEB342DF13409FC36A
0D196023F5BE84B3670CEAE4162B83AEBB0A1FEFFFFFFFFFFC8FFF00001015AEB342DF13409FC382
0D197523F5D484B2ED0CEB00162B93AEBB0B03FFFFFFFFFFFC8FFF00000B15AEB342DF13409FC39A
0D19B123F61D84B2710CEB42162BBFAEBB0A03FFFFFFFFFFFC8FFF00000F15AEB342DF13409FC3B2
0D19FF23F67E84B1FC0CEB8F162BF3AEBB0B03FFFFFFFFFFFC8FFF00001015AEB342DF13409FB3CA
0D1A3023F6B984B1870CEBBD162C11AEBB0B03FFFFFFFFFFFC8FFF00001015AEB342DF13409FC3E2
0D1A5423F6DE84B10C0CEBE6162C2AAEBB0A03FFFFFFFFFFFC8FFF00000F15AEB342DF13409FB3FA
0D1A9723F73384B0900CEC2F162C5CAEBB0B03FFFFFFFFFFFC8FFF00000F15AEB442DF13409FB312
0D1B4823F82684B0170CECE6162CE4AECB0B03FFFFFFFFFFFC8FFF00000F15AEB442DF12409FA32A
0D1BAA23F8A784AFA40CED3A162D1EAECB0B03FFFFFFFFFFFC8FFF00000F15AEB442DF12409FB342
0D1C6823F9A784AF300CEDBC162D7FAECB0C03FFFFFFFFFFFC9FFF00000B15AEB442DF12409FA35A
0D1CCB23FA1D84AEB90CEE57162DEDAECB0C03FFFFFFFFFFFC7FFF00000F15AEB442DF12409FA372
0D1D2223FA9A84AE420CEED3162E45AEDB0D03FFFFFFFFFFFC7FFF00000F15AEB442DF12409FA38A
0D1D9A23FB3784ADC50CEF12162E71AEEB0E03FFFFFFFFFFFC8FFF00000C15AEB442DF12409FA3A2
0D1E9823FC9484AD460CF027162F3EAEFB0E03FFFFFFFFFFFC8FFF00000D15AEB442DF12409F93BA
0D1F3923FD6984ACCE0CF0A1162F95AF0B0F03FFFFFFFFFFFC7FFF00000F15AEB442DF12409F93D2
0D1F4123FD6B84AC5C0CF0C0162FA7AF1B1003FFFFFFFFFFFC7FFF00000F15AEB442DF12409F83EA
0D1F5A23FD8284ABE80CF0E1162FBDAF2B1103FFFFFFFFFFFC8FFF00000F15AEB442DF12409F9302
0D1F3B23FD5784AB720CF11B162FE6AF3B1203FFFFFFFFFFFC8FFF00000D15AEB442DF12409F831A
0D1FF023FE4B84AAFB0CF18F163038AF5B1303FFFFFFFFFFFC8FFF00000F15AEB442DF12409F8332
0D205823FEC984AA7F0CF1CD163061AF5B1403FFFFFFFFFFFC8FFF00000F15AEB442DF12409F834A
0D20F523FFA384AA020CF2531630C3AF5B1503FFFFFFFFFFFC7FFF00000F15AEB542DF12409F8362
0D21A524009184A9880CF2EE163134AF6B1503FFFFFFFFFFFC7FFF00000B15AEB542DF12409F837A
0D21CF2400BF84A90F0CF360163184AF7B1603FFFFFFFFFFFC6FFF00000F15AEB542DF12409F7392
0D221124011284A8990CF3921631A4AF7B1603FFFFFFFFFFFC7FFF00000F15AEB542DF12409F73AA
0D223824013D84A82A0CF3BB1631BDAF8B1703FFFFFFFFFFFC7FFF00000815AEB542DF12409F73C2
0D224824014B84A7B80CF3A01631A7AF9B1803FFFFFFFFFFFC8FFF00000F15AEB542DF12409F63DA
0D22B12401D984A73C0CF451163224AF9B1903FFFFFFFFFFFC8FFF00000F15AEB542DF12409F63F2
0D231824025A84A6BC0CF47916323EAFAB1A03FFFFFFFFFFFC8FFF00000F15AEB542DF12409F630A
0D233F24028384A63B0CF4A2163257AFBB1B03FFFFFFFFFFFC8FFF00000F15AEB542DF12409F6322
0D234D24028C84A5C30CF4AD163258AFCB1B03FFFFFFFFFFFC7FFF00000F15AEB542DF12409F533A
0D234B24028084A5540CF4B1163255AFCB1C03FFFFFFFFFFFC7FFF00000F15AEB542DF12409F5352
0D233624024F84A4E30CF49416323BAFCB1C03FFFFFFFFFFFC7FFF00000F15AEB542DF12409F536A
0D22DF2401D184A46B0CF495163234AFDB1C03FFFFFFFFFFFC9FFF00000B15AEB542DF11409F4382
0D235E24027884A3F10CF4C1163250AFEB1C03FFFFFFFFFFFC7FFF00000E15AEB542DF11409F439A
0D238224029A84A3730CF4EB163269AFEB1D347FFFFFFFFFFC8FFF00000F15AEB642DF11409F43B2
0D239A2402B284A2F70CF500163272AFEB1D80BFFFFFFFFFFC8FFF00000F15AEB642DF11409F43CA
0D23DF24030A84A2810CF53A163297AFEB1C03FFFFFFFFFFFC8FFF00000F15AEB642DF11409F43E2
0D241D24035584A20D0CF5781632C0AFEB1D03FFFFFFFFFFFC8FFF00000F15AEB642DF11409F43FA
0D243824036A84A1970CF59A1632D6AFEB1D03FFFFFFFFFFFC8FFF00000D15AEB642DF11409F4312
0D245A24039684A11D0CF5DB163302AFEB1D03FFFFFFFFFFFC8FFF00000B15AEB642DF11409F332A
0D24AB2403F684A0A20CF60B16331EAFEB1E03FFFFFFFFFFFC8FFF00000F15AEB642DF11409F3342
0D24B52403F884A02C0CF61216331EAFFB1E03FFFFFFFFFFFC8FFF00000F15AEB642DF11409F335A
0D24C02403FF849FB80CF635163333AFFB1E03FFFFFFFFFFFC8FFF00000A15AEB642DF11409F2372
0D251A240479849F3F0CF6BB163396AFFB1E03FFFFFFFFFFFC8FFF00000F15AEB642DF11409F238A
0D25D1240574849EC40CF7491633FBAFEB1E03FFFFFFFFFFFC8FFF00000F15AEB642DF11409F23A2
0D2676240645849E4A0CF7C8163455AFFB1E03FFFFFFFFFFFC8FFF00000F15AEB642DF11409F23BA
0D26A7240688849DD20CF815163489B00B1E03FFFFFFFFFFFC9FFF00000F15AEB642DF11409F13D2
0D26DE2406C3849D5E0CF83D1634A3B00B1F03FFFFFFFFFFFC9FFF00000F15AEB742DF11409F23EA
0D26EC2406D5849CE90CF85C1634B6B01B1F03FFFFFFFFFFFC7FFF00000F15AEB742DF11409F1302
0D2729240718849C6C0CF8941634DBB02B2003FFFFFFFFFFFC7FFF00000E15AEB742DF11409F131A
0D27942407AF849BF20CF8F516351DB02B2003FFFFFFFFFFFC8FFF00000D15AEB742DF11409F0332
0D283D24088E849B800CF9B81635AEB03B2103FFFFFFFFFFFC8FFF00000415AEB742DF11409F034A
0D28AC240916849B0B0CF9DA1635C3B04B2103FFFFFFFFFFFC7FFF00000D15AEB742DF11409F0362
0D28E8240970849A8D0CFA45163610B05B2203FFFFFFFFFFFC7FFF00000E15AEB742DF11409F037A
0D297D240A2D849A0F0CFAC2163669B06B2203FFFFFFFFFFFC8FFF00000E15AEB742DF11409F0392
0D29B9240A768499990CFB02163693B06B2303FFFFFFFFFFFC8FFF00000E15AEB742DF11409F03AA
0D29DC240AA18499250CFB2A1636ADB07B2303FFFFFFFFFFFC8FFF00000E15AEB742DF11409EF3C2
0D29DB240A948498B20CFB491636C0B07B2403FFFFFFFFFFFC8FFF00000E15AEB742DF10409EF3DA
0D2A10240AD38498380CFB981636F4B08B2403FFFFFFFFFFFC7FFF00000E15AEB742DF10409EF3F2
0D2A8B240B748497BB0CFBE3163729B09B2503FFFFFFFFFFFC6FFF00000E15AEB742DF10409EF30A
0D2AA3240B8A84973E0CFBE7163725B09B2603FFFFFFFFFFFC7FFF00000E15AEB842DF10409EE322
0D2ABD240BA38496C70CFC0A163739B09B2603FFFFFFFFFFFC8FFF00000A15AEB842DF10409EE33A
0D2B1E240C228496590CFC6E163783B09B2703FFFFFFFFFFFC8FFF00000E15AEB842DF10409EE352
0D2B2A240C298495E30CFC6C163777B09B2703FFFFFFFFFFFC7FFF00000E15AEB842DF10409EE36A
0D2B26240C1D8495670CFC98163798B09B2703FFFFFFFFFFFC7FFF00000E15AEB842DF10409EE382
0D2B9E240CB18494EA0CFCDF1637C3B0AB2803FFFFFFFFFFFC7FFF00000E15AEB842DF10409ED39A
0D2BA8240CB684946C0CFCF01637CBB0AB2803FFFFFFFFFFFC8FFF00000E15AEB842DF10409ED3B2
0D2C32240D758493F00CFD7816382FB0AB2803FFFFFFFFFFFC7FFF00000E15AEB842DF10409ED3CA
0D2CA8240E0B8493810CFDFE16388EB0AB2803FFFFFFFFFFFC7FFF00000E15AEB842DF10409EC3E2
0D2D14240E9F8493140CFE9F163903B0AB2803FFFFFFFFFFFC8FFF00000C15AEB842DF10409ED3FA
0D2D15240E8E8492A00CFE461638B9B0CB2903FFFFFFFFFFFC9FFF00000A15AEB842DF10409EC312
0D2D3E240ECC8492210CFEC3163918B0CB2A03FFFFFFFFFFFC8FFF00000715AEB842DF10409EC32A
0D2E5024103284919A0CFF871639A3B0CB2A03FFFFFFFFFFFC8FFF00000D15AEB842DF10409EC342
0D2E8E2410808491190CFFCE1639D3B0DB2A03FFFFFFFFFFFC8FFF00000E15AEB942DF10409EB35A
0D2EAF2410A58490A40CFFE71639DEB0DB2B03FFFFFFFFFFFC8FFF00000915AEB942DF10409EB372
0D2EBF2410AD8490330D004D163A2BB0EB2C03FFFFFFFFFFFC9FFF00000E15AEB942DF10409EB38A
0D2E76241043848FC30D0041163A1AB0FB2D03FFFFFFFFFFFC8FFF00000E15AEB942DF10409EA3A2
0D2F6A24119A848F4A0D00F9163AA7B10B2D03FFFFFFFFFFFC7FFF00000E15AEB942DF10409EA3BA
0D317D241481848EC50D02F4163C24B10B2D03FFFFFFFFFFFC7FFF00000E15AEB942DF10409EA3D2
0D32D724164E848E420D03EA163CDAB10B2D03FFFFFFFFFFFC7FFF00000E15AEB942DF10409EA3EA
0D33292416BB848DC60D0438163D0FB11B2E03FFFFFFFFFFFC7FFF00000E15AEB942DF10409EA302
0D33212416A5848D4E0D043D163D10B12B2F03FFFFFFFFFFFC8FFF00000415AEB942DF10409EA31A
0D3328241698848CD50D0401163CDAB13B3103FFFFFFFFFFFC8FFF00000C15AEB942DF0F409E9332
0D33422416CB848C610D047A163D35B15B3203FFFFFFFFFFFC8FFF00000E15AEB942DF0F409E834A
0D33682416F5848BED0D0510163DA0B16B3303FFFFFFFFFFFC7FFF00000E15AEB942DF0F409E9362
0D33E024178C848B730D050B163D98B16B3303FFFFFFFFFFFC7FFF00000E15AEB942DF0F409E937A
0D34102417C9848AF30D0545163DBEB16B3403FFFFFFFFFFFC8FFF00000E15AEBA42DF0F409E8392
0D34252417D5848A710D0552163DC0B16B3403FFFFFFFFFFFC8FFF00000E15AEBA42DF0F409E83AA
0D34332417DC8489F00D0560163DC3B17B3503FFFFFFFFFFFC7FFF00000E15AEBA42DF0F409E83C2
0D344D2417F58489720D0573163DCAB18B3503FFFFFFFFFFFC7FFF00000E15AEBA42DF0F409E83DA
0D344D2417E98488FA0D057F163DCDB19B3503FFFFFFFFFFFC8FFF00000E15AEBA42DF0F409E83F2
0D34622417FA84888A0D0589163DD0B19B3603FFFFFFFFFFFC7FFF00000E15AEBA42DF0F409E830A
0D34612417EB84881D0D0585163DC7B19B3603FFFFFFFFFFFC6FFF00000A15AEBA42DF0F409E7322
0D34502417D08487A70D05C3163DF1B19B3603FFFFFFFFFFFC7FFF00000915AEBA42DF0F409E633A
0D34E62418968487230D0623163E34B19B3603FFFFFFFFFFFC8FFF00000E15AEBA42DF0F409E6352
0D351E2418D384869A0D0645163E46B18B3603FFFFFFFFFFFC8FFF00000E15AEBA42DF0F409E636A
0D352B2418DA8486140D0656163E4BB18B3603FFFFFFFFFFFC7FFF00000E15AEBA42DF0F409E6382
0D353E2418E68485990D0660163E4DB19B3603FFFFFFFFFFFC7FFF00000E15AEBA42DF0F409E639A
0D352D2418C484852A0D0660163E45B19B3603FFFFFFFFFFFC8FFF00000E15AEBA42DF0F409E53B2
0D35342418C38484BE0D0663163E41B19B3603FFFFFFFFFFFC8FFF00000E15AEBB42DF0F409E53CA
0D350924187484844C0D0656163E31B1AB3703FFFFFFFFFFFC8FFF00000E15AEBB42DF0F409E53E2
0D35582418E78483CD0D06C3163E82B1AB3703FFFFFFFFFFFC8FFF00000C15AEBB42DF0F409E43FA
0D3698241A948483430D07B4163F33B1AB3703FFFFFFFFFFFC9FFF00000415AEBB42DF0F409E4312
0D36EE241B038482BF0D080A163F6CB1AB3703FFFFFFFFFFFC8FFF00000C15AEBB42DF0F409E432A
0D3728241B478482470D083D163F8CB1AB3703FFFFFFFFFFFC8FFF00000D15AEBB42DF0F409E4342
0D373A241B588481D40D0841163F8CB1BB3703FFFFFFFFFFFC8FFF00000D15AEBB42DF0F409E435A
0D3711241B068481600D0819163F61B1CB38B39FFFFFFFFFFC8FFF00000D15AEBB42DF0F409E4372
0D36A4241A678480E80D082B163F6CB1DB3903AFFFFFFFFFFC8FFF00000D15AEBB42DF0E409E438A
0D3802241C5B84806A0D097B16406BB1DB3903FFFFFFFFFFFC8FFF00000D15AEBB42DF0E409E43A2
0D38E1241D7A847FED0D09FF1640C8B1CB3903FFFFFFFFFFFC7FFF00000D15AEBB42DF0E409E33BA
0D394C241E0A847F750D0A421640F7B1CB3A03FFFFFFFFFFFC7FFF00000B15AEBB42DF0E409E33D2
0D3951241E07847EFD0D0A5F164106B1CB3A03FFFFFFFFFFFC8FFF00000A15AEBC42DF0E409E23EA
0D39A5241E7A847E7E0D0AB5164145B1EB3B03FFFFFFFFFFFC7FFF00000D15AEBC42DF0E409E2302
0D3A88241FAB847DFA0D0B961641EAB1FB3B03FFFFFFFFFFFC7FFF00000D15AEBC42DF0E409E231A
0D3B1224205F847D7E0D0C30164256B20B3C03FFFFFFFFFFFC8FFF00000D15AEBC42DF0E409E2332
0D3B652420C9847D0C0D0C8D16429AB20B3D03FFFFFFFFFFFC8FFF00000D15AEBC42DF0E409E134A
0D3B622420B9847C9A0D0C50164264B20B3D03FFFFFFFFFFFC9FFF00000615AEBC42DF0E409E1362
0D3B10242046847C220D0C7F164287B22B3F03FFFFFFFFFFFC8FFF00000C15AEBC42DF0E409E137A
0D3BC6242138847BA50D0D161642F3B23B3F03FFFFFFFFFFFC9FFF00000D15AEBC42DF0E409E0392
0D3C4F2421EB847B200D0D6816432BB23B3F03FFFFFFFFFFFC8FFF00000915AEBC42DF0E409E03AA
0D3CB224226E847A9D0D0DBA164364B23B3F03FFFFFFFFFFFC7FFF00000D15AEBC42DF0E409E03C2
0D3D1E2422F3847A230D0E261643ADB23B4003FFFFFFFFFFFC8FFF00000915AEBC42DF0E409E03DA
0D3D382423168479B00D0E521643CBB24B4003FFFFFFFFFFFC8FFF00000915AEBC42DF0E409E03F2
0D3D3824230384793A0D0E251643A2B24B4003FFFFFFFFFFFC8FFF00000C15AEBC42DF0E409E030A
0D3D212422D88478C20D0E7C1643E2B24B4103FFFFFFFFFFFC8FFF00000915AEBD42DF0E409E0322
0D3DCC2423C18478490D0EF8164439B24B4203FFFFFFFFFFFC8FFF00000D15AEBD42DF0E409E033A
0D3E772424B08477C90D0F8D1644ABB24B4203FFFFFFFFFFFC7FFF00000D15AEBD42DF0E409E0352
0D3F9724263284774B0D109F164572B25B4203FFFFFFFFFFFC8FFF00000D15AEBD42DF0E409E036A
0D3FD224267D8476D10D10D2164591B25B4203FFFFFFFFFFFC7FFF00000815AEBD42DF0E409DE382
0D3FDE2426858476590D10F71645AAB25B4303FFFFFFFFFFFC6FFF00000D15AEBD42DF0E409DE39A
0D401C2426CE8475DD0D111D1645BFB26B4303FFFFFFFFFFFC9FFF00000D15AEBD42DF0E409DE3B2
0D406224272A84755B0D11461645DBB28B4403FFFFFFFFFFFC8FFF00000D15AEBD42DF0D409DE3CA
0D40B62427918474DF0D119D164618B28B4503FFFFFFFFFFFC7FFF00000915AEBD42DF0D409DD3E2
0D41042427FC84746E0D1219164670B29B4503FFFFFFFFFFFC7FFF00000D15AEBD42DF0D409DD3FA
0D413424282B8473FF0D12661646A4B2AB4603FFFFFFFFFFFC8FFF00000715AEBD42DF0D409DC312
0D41112427DF8473880D1236164679B2AB4603FFFFFFFFFFFC8FFF00000C15AEBD42DF0D409DC32A
0D417C2428988473010D12B11646D3B2BB4703FFFFFFFFFFFC8FFF00000D15AEBD42DF0D409DD342
0D42652429B88472730D135716474CB2BB4703FFFFFFFFFFFC7FFF00000D15AEBE42DF0D409DD35A
0D42752429C28471F60D137816475CB2AB4703FFFFFFFFFFFC7FFF00000D15AEBE42DF0D409DC372
0D427C2429C484718A0D1377164755B2BB4803FFFFFFFFFFFC7FFF00000D15AEBE42DF0D409DC38A
0D426A24299B84711A0D1368164742B2CB4803FFFFFFFFFFFC9FFF00000D15AEBE42DF0D409DC3A2
0D42312429408470A20D132316470CB2CB4903FFFFFFFFFFFC8FFF00000815AEBE42DF0D409DC3BA
0D4368242B008470270D14A8164831B2CB4A03FFFFFFFFFFFC8FFF00000D15AEBE42DF0D409DC3D2
0D445B242C3E846FA60D15571648AFB2CB4A03FFFFFFFFFFFC8FFF00000715AEBE42DF0D409DB3EA
0D44B5242CB6846F260D15971648D9B2DB4A03FFFFFFFFFFFC8FFF00000C15AEBE42DF0D409DA302
0D4507242D1A846EA70D15DC164908B2DB4A03FFFFFFFFFFFC8FFF00000C15AEBE42DF0D409DA31A
0D454A242D6D846E280D162B16493FB2FB4B03FFFFFFFFFFFC8FFF00000C15AEBE42DF0D409DA332
0D4552242D73846DAF0D161F164930B2FB4C03FFFFFFFFFFFC8FFF00000C15AEBE42DF0D409DA34A
0D4582242DA3846D3E0D166416495FB2FB4D03FFFFFFFFFFFC8FFF00000C15AEBE42DF0D409DA362
0D458A242DA5846CCD0D167C16496BB30B4D03FFFFFFFFFFFC8FFF00000715AEBF42DF0D409DA37A
0D45CE242E02846C550D16BC16499AB30B4D03FFFFFFFFFFFC8FFF00000B15AEBF42DF0D409D9392
0D465A242EBD846BD10D17481649FEB31B4E03FFFFFFFFFFFC8FFF00000715AEBF42DF0D409D93AA
0D46F8242F88846B4D0D17E4164A6BB31B4E03FFFFFFFFFFFC8FFF00000C15AEBF42DF0D409DA3C2
0D4724242FBA846AD10D1812164A8AB32B4E03FFFFFFFFFFFC8FFF00000C15AEBF42DF0D409D83DA
0D4746242FDC846A560D1828164A92B33B4E03FFFFFFFFFFFC8FFF00000C15AEBF42DF0D409D83F2
0D472D242FB28469DC0D1811164A7BB34B4F03FFFFFFFFFFFC8FFF00000C15AEBF42DF0D409D830A
0D46EF242F4D8469690D1845164A9FB35B4F03FFFFFFFFFFFC7FFF00000C15AEBF42DF0D409D8322
0D4755242FD98468F60D1885164ACAB35B5003FFFFFFFFFFFC7FFF00000C15AEBF42DF0C409D833A
0D47A624303384687B0D18CE164AF9B35B5003FFFFFFFFFFFC8FFF00000C15AEBF42DF0C409D8352
0D480D2430BE8467FB0D190A164B23B35B5003FFFFFFFFFFFC7FFF00000C15AEBF42DF0C409D736A
0D484E24310984677A0D193C164B41B35B5003FFFFFFFFFFFC7FFF00000C15AEBF42DF0C409D8382
0D486424311D8466FA0D1944164B3FB35B5103FFFFFFFFFFFC8FFF00000A15AEC042DF0C409D739A
0D486424311284667E0D1956164B48B35B5103FFFFFFFFFFFC8FFF00000915AEC042DF0C409D73B2
0D48652431058466060D1947164B34B35B5103FFFFFFFFFFFC9FFF00000C15AEC042DF0C409D63CA
0D483D2430C18465940D194A164B31B35B5203FFFFFFFFFFFC8FFF00000C15AEC042DF0C409D63E2
0D48AE24315784651D0D1993164B65B35B5203FFFFFFFFFFFC8FFF00000C15AEC042DF0C409D63FA
0D48B924315B8464A60D19CB164B89B35B5203FFFFFFFFFFFC8FFF00000C15AEC042DF0C409D6312
0D48F82431A484642A0D19F2164BA0B36B5203FFFFFFFFFFFC8FFF00000715AEC042DF0C409D632A
0D492A2431E28463AA0D1A11164BB1B36B5203FFFFFFFFFFFC8FFF00000C15AEC042DF0C409D5342
0D495124320B8463250D1A35164BC3B36B5203FFFFFFFFFFFC9FFF00000C15AEC042DF0C409D535A
0D497224322C8462A50D1A4B164BCEB36B5203FFFFFFFFFFFC8FFF00000B15AEC042DF0C409D4372
0D499E24325D84622B0D1A8B164BF9B36B5203FFFFFFFFFFFC8FFF00000915AEC042DF0C409D438A
0D49BE24327F8461BC0D1A9B164BFFB36B5203FFFFFFFFFFFC8FFF00000615AEC042DF0C409D43A2
0D4A162432EF84614E0D1B1A164C5BB37B5203FFFFFFFFFFFC8FFF00000B15AEC042DF0C409D43BA
0D49E224329E8460D70D1B56164C88B37B5203FFFFFFFFFFFC9FFF00000C15AEC042DF0C409D33D2
0D4B162434578460530D1BFE164D01B37B5203FFFFFFFFFFFC8FFF00000815AEC142DF0C409D43EA
0D4C0C243593845FC80D1CE1164DA5B37B5203FFFFFFFFFFFC8FFF00000B15AEC142DF0C409D4302
0D4C4E2435E1845F450D1D26164DD2B37B5303FFFFFFFFFFFC9FFF00000C15AEC142DF0C409D331A
0D4C4B2435D3845ED10D1D2B164DD0B38B5303FFFFFFFFFFFC8FFF00000815AEC142DF0C409D4332
0D4C4A2435C5845E600D1D2F164DCDB39B5403FFFFFFFFFFFC7FFF00000C15AEC142DF0C409D234A
0D4C2224357F845DED0D1CE1164D8BB3AB5503FFFFFFFFFFFC8FFF00000C15AEC142DF0C409D2362
0D4BB62434EC845D760D1D10164DADB3AB5603FFFFFFFFFFFC7FFF00000C15AEC142DF0C409D237A
0D4CC124364B845CF80D1D9F164E11B3BB5603FFFFFFFFFFFC7FFF00000815AEC142DF0B409D2392
0D4CD9243662845C720D1DB4164E1AB3AB5603FFFFFFFFFFFC8FFF00000A15AEC142DF0B409D23AA
0D4CFA243684845BEB0D1DD4164E2CB3AB5603FFFFFFFFFFFC9FFF00000915AEC142DF0B409D23C2
0D4D1524369E845B6F0D1DF5164E3DB3AB5703FFFFFFFFFFFC8FFF00000815AEC142DF0B409D13DA
0D4D372436BE845AFE0D1E0B164E4AB3AB5703FFFFFFFFFFFC8FFF00000C15AEC142DF0B409D03F2
0D4D74243714845A940D1E5D164E83B3AB5703FFFFFFFFFFFC8FFF00000C15AEC142DF0B409D030A
0D4D6D2436F3845A210D1E55164E76B3AB5703FFFFFFFFFFFC9FFF00000C15AEC242DF0B409D0322
0D4DA724374D84599A0D1EBE164EC5B3AB5703FFFFFFFFFFFC8FFF00000C15AEC242DF0B409D033A
0D4EA824389F84590B0D1F6B164F40B3BB5703FFFFFFFFFFFC7FFF00000815AEC242DF0B409D0352
0D4F1924392E8458890D1FF0164F9BB3CB5703FFFFFFFFFFFC9FFF00000B15AEC242DF0B409D036A
0D4F6A2439968458160D2023164FBCB3DB5703FFFFFFFFFFFC8FFF00000715AEC242DF0B409D0382
0D4FB52439F48457A60D2060164FE6B3DB5803FFFFFFFFFFFC8FFF00000B15AEC242DF0B409CF39A
0D4F6A2439758457360D206D164FEDB3EB5803FFFFFFFFFFFC7FFF00000B15AEC242DF0B409CF3B2
0D4FF0243A488456BD0D2152165097B3FB5903FFFFFFFFFFFC8FFF00000B15AEC242DF0B409CE3CA
0D5154243C2584563B0D2230165138B3FB5A03FFFFFFFFFFFC9FFF00000B15AEC242DF0B409CF3E2
0D51BC243CA68455B50D2270165164B3FB5A03FFFFFFFFFFFC8FFF00000A15AEC242DF0B409CE3FA
0D51E5243CD48455330D22A6165188B3EB5B03FFFFFFFFFFFC8FFF00000B15AEC242DF0B409CE312
0D51FF243CEF8454B80D22B216518AB3EB5B03FFFFFFFFFFFC9FFF00000B15AEC242DF0B409CE32A
0D5203243CE48454440D22C5165191B3FB5C03FFFFFFFFFFFC8FFF00000B15AEC342DF0B409CE342
0D51C7243C888453D50D22B8165185B40B5D03FFFFFFFFFFFC8FFF00000715AEC342DF0B409CE35A
0D5208243CDA8453640D230D1651BEB40B5D03FFFFFFFFFFFC8FFF00000B15AEC342DF0B409CD372
0D525A243D478452E40D231D1651C8B41B5D03FFFFFFFFFFFC8FFF00000B15AEC342DF0B409CD38A
0D52A4243D9D84525A0D235E1651EFB40B5D03FFFFFFFFFFFC8FFF00000515AEC342DF0B409CC3A2
0D52C9243DC18451D30D2390165210B40B5E03FFFFFFFFFFFC8FFF00000A15AEC342DF0B409CC3BA
0D5302243E0A8451580D23D0165237B41B5E03FFFFFFFFFFFC8FFF00000B15AEC342DF0B409CC3D2
0D5320243E268450EC0D23EE165248B41B5E03FFFFFFFFFFFC8FFF00000B15AEC342DF0A409CC3EA
0D52F7243DDA84507D0D23E516523DB42B5E03FFFFFFFFFFFC7FFF00000B15AEC342DF0A409CC302
0D52BC243D838450030D23AA16520AB42B5F03FFFFFFFFFFFC7FFF00000B15AEC342DF0A409CC31A
0D5423243F7A844F850D250C165311B43B5E03FFFFFFFFFFFC8FFF00000B15AEC342DF0A409CC332
0D54E824407E844F070D259E16537CB42B5E03FFFFFFFFFFFC7FFF00000B15AEC342DF0A409CB34A
0D55412440ED844E870D25FE1653C3B42B5E03FFFFFFFFFFFC7FFF00000B15AEC342DF0A409CB362
0D55A5244175844E060D2660165406B43B5E03FFFFFFFFFFFC8FFF00000B15AEC442DF0A409CA37A
0D56032441EE844D8C0D26C716544FB44B5F03FFFFFFFFFFFC8FFF00000B15AEC442DF0A409CA392
0D56952442B6844D170D276A1654C4B44B5F03FFFFFFFFFFFC8FFF00000B15AEC442DF0A409CA3AA
0D56E9244314844CA30D277C1654CEB45B6003FFFFFFFFFFFC8FFF00000B15AEC442DF0A409CA3C2
0D572F24437C844C290D2807165533B45B6003FFFFFFFFFFFC8FFF00000B15AEC442DF0A409CA3DA
0D57C7244445844BAC0D2892165599B46B6103FFFFFFFFFFFC8FFF00000B15AEC442DF0A409C93F2
0D587724452F844B2F0D29171655F7B47B6203FFFFFFFFFFFC9FFF00000B15AEC442DF0A409C930A
0D589224454A844AB00D293716560BB48B6303FFFFFFFFFFFC9FFF00000B15AEC442DF0A409C9322
0D58B9244578844A270D2962165626B49B6303FFFFFFFFFFFC9FFF00000715AEC442DF0A409C933A
0D591A2445F88449A40D29BB165664B4BB6403FFFFFFFFFFFC8FFF00000815AEC442DF0A409C8352
0D598724468884492E0D2A501656D1B4BB6503FFFFFFFFFFFC8FFF00000B15AEC442DF0A409C836A
0D59A72446A08448BC0D2A711656E2B4BB6503FFFFFFFFFFFC8FFF00000B15AEC442DF0A409C8382
0D597E24465D8448440D2A14165696B4CB6603FFFFFFFFFFFC8FFF00000A15AEC442DF0A409C839A
0D599A24468E8447C50D2AAE165708B4CB6603FFFFFFFFFFFCAFFF00000715AEC442DF0A409C83B2
0D5A5E2447878447440D2B0C165748B4CB6703FFFFFFFFFFFC8FFF00000B15AEC542DF0A409C83CA
0D5AA62447DE8446B90D2B5616577AB4BB6703FFFFFFFFFFFC7FFF00000815AEC542DF0A409C63E2
0D5AF62448458446360D2B961657A3B4BB6703FFFFFFFFFFFC9FFF00000A15AEC542DF0A409C73FA
0D5B642448D78445C20D2C1F165808B4CB6703FFFFFFFFFFFC8FFF00000A15AEC542DF0A409C6312
0D5BA324491F8445520D2C50165827B4CB6803FFFFFFFFFFFC8FFF00000815AEC542DF0A409C632A
0D5B6A2448B88444D70D2BFC1657E0B4CB6803FFFFFFFFFFFC8FFF00000B15AEC542DF0A409C6342
0D5BF02449888444560D2CD6165883B4CB6803FFFFFFFFFFFC8FFF00000B15AEC542DF0A409C635A
0D5D3E244B428443D10D2DCD165939B4DB6803FFFFFFFFFFFC8FFF00000B15AEC542DF0A409C6372
0D5DC6244BFA84434D0D2E691659ACB4DB6803FFFFFFFFFFFC8FFF00000B15AEC542DF09409C538A
0D5E00244C418442D30D2E9F1659CDB4DB6803FFFFFFFFFFFC7FFF00000B15AEC542DF09409C43A2
0D5E2F244C7A84425F0D2ECA1659E7B4EB6903FFFFFFFFFFFC7FFF00000B15AEC542DF09409C53BA
0D5E20244C578441E50D2EB01659D0B4EB6A03FFFFFFFFFFFC8FFF00000B15AEC542DF09409C43D2
0D5E93244D038441620D2F70165A5DB4FB6A03FFFFFFFFFFFC8FFF00000B15AEC542DF09409C53EA
0D5FDE244EC08440E30D306E165B1BB4FB6B03FFFFFFFFFFFCAFFF00000B15AEC542DF09409C4302
0D6086244F9D8440630D310E165B8FB50B6B03FFFFFFFFFFFC8FFF00000B15AEC642DF09409C431A
0D60FA24503C843FE60D317C165BE1B50B6B03FFFFFFFFFFFC8FFF00000715AEC642DF09409C4332
0D6134245083843F690D31F9165C3AB52B6B03FFFFFFFFFFFC8FFF00000A15AEC642DF09409C434A
0D61FC24518F843EEF0D32AA165CC0B53B6C03FFFFFFFFFFFC8FFF00000B15AEC642DF09409C4362
0D62AD24528D843E760D3372165D52B54B6D03FFFFFFFFFFFC7FFF00000B15AEC642DF09409C337A
0D637F2453AC843DF80D3408165DBDB55B6E03FFFFFFFFFFFC7FFF00000B15AEC642DF09409C3392
0D643D2454A6843D770D34CF165E52B55B6E03FFFFFFFFFFFC8FFF00000B15AEC642DF09409C33AA
0D64822454FB843CF90D34F7165E69B55B6F03FFFFFFFFFFFC8FFF00000B15AEC642DF09409C23C2
0D64B5245537843C7C0D3543165EA2B56B7003FFFFFFFFFFFC8FFF00000A15AEC642DF09409C23DA
0D64C1245541843BFB0D356A165EB9B57B7021DFFFFFFFFFFC7FFF00000A15AEC642DF09409C23F2
0D65252455CF843B7D0D35C7165EFCB58B7270FFFFFFFFFFFC8FFF00000815AEC642DF09409C230A
0D666B24578E843B020D36E6165FD0B58B723A7FFFFFFFFFFC7FFF00000915AEC642DF09409C2322
0D6728245891843A8B0D3754166022B58B73A31FFFFFFFFFFC8FFF00000A15AEC642DF09409C133A
0D673E24589D843A100D379016604BB58B7303FFFFFFFFFFFC8FFF00000A15AEC642DF09409C1352
0D67572458BB84398F0D37E4166086B58B7303FFFFFFFFFFFC8FFF00000A15AEC742DF09409C136A
0D67E024597084390A0D38501660D0B5AB7403FFFFFFFFFFFC8FFF00000A15AEC742DF09409C0382
0D6875245A3E84388D0D3910166164B5BB74059FFFFFFFFFFC8FFF00000A15AEC742DF09409C039A
0D6961245B828438110D39DA1661FAB5BB75556FFFFFFFFFFC8FFF00000A15AEC742DF09409C03B2
0D6979245B8D8437920D39E31661F7B5BB75B42FFFFFFFFFFC8FFF00000A15AEC742DF08409C03CA
0D69B1245BD88437150D3A20166223B5BB7603FFFFFFFFFFFC8FFF00000A15AEC742DF08409C03E2
0D69F8245C3384369D0D3A6416624EB5BB78040FFFFFFFFFFC8FFF00000615AEC742DF08409C03FA
0D6A24245C708436280D3AA316627DB5CB7860DFFFFFFFFFFC8FFF00000A15AEC742DF08409C0312
0D6A24245C618435A80D3ACE166294B5DB79789FFFFFFFFFFC9FFF00000A15AEC742DF08409C032A
0D6AD9245D5C84351E0D3B3C1662E8B5FB7903FFFFFFFFFFFC8FFF00000615AEC742DF08409C0342
0D6C0A245F008434950D3C701663CFB5FB7903FFFFFFFFFFFC8FFF00000815AEC742DF08409BE35A
0D6CBB245FED84341C0D3D28166455B5FB7903FFFFFFFFFFFC8FFF00000A15AEC742DF08409BE372
0D6D1624606C8433AB0D3DE91664E7B5FB7907AFFFFFFFFFFC8FFF00000A15AEC842DF08409BE38A
0D6D2C24606B8433390D3DDF1664D4B60B7A746FFFFFFFFFFC7FFF00000A15AEC842DF08409BE3A2
0D6D562460EA8432BB0D3E21166514B61B7B87AFFFFFFFFFFC8FFF00000A15AEC842DF08409BE3BA
0D6F672463A68432330D3FBD16664BB62B7C03FFFFFFFFFFFC8FFF00000A15AEC842DF08409BE3D2
0D70462464D28431AC0D409A1666EBB63B7D03FFFFFFFFFFFC8FFF00000915AEC842DF08409BD3EA
0D70B324656784312F0D411E16674BB63B7D03FFFFFFFFFFFC8FFF00000715AEC842DF08409BD302
0D70E124659B8430B60D4149166767B64B7E111FFFFFFFFFFC8FFF00000A15AEC842DF08409BC31A
0D71152465E08430390D41951667A0B66B7E773FFFFFFFFFFC8FFF00000A15AEC842DF08409BC332
0D72662467B6842FBD0D42E6166899B67B7F039FFFFFFFFFFC8FFF00000A15AEC842DF08409BC34A
0D73392468CD842F440D4392166916B67B8003FFFFFFFFFFFC8FFF00000A15AEC842DF08409BC362
0D7371246919842EC90D43EB16695AB66B8003FFFFFFFFFFFC8FFF00000A15AEC842DF08409BC37A
0D7447246A44842E470D44911669D1B67B8103FFFFFFFFFFFC7FFF00000A15AEC842DF08409BC392
0D74A4246AAC842DC50D44D9166A03B69B82187FFFFFFFFFFC8FFF00000A15AEC842DF08409BB3AA
0D74D6246AEC842D460D4522166A35B6AB82956FFFFFFFFFFC7FFF00000A15AEC942DF08409BB3C2
0D74F4246B0D842CC90D4547166A4CB6AB83039FFFFFFFFFFC7FFF00000615AEC942DF08409BA3DA
0D7535246B69842C4C0D457C166A73B6AB8403FFFFFFFFFFFC8FFF00000A15AEC942DF07409BA3F2
0D7581246BCD842BD10D45CF166AB2B6BB8403FFFFFFFFFFFC8FFF00000A15AEC942DF07409BA30A
0D75CD246C35842B550D461A166AEAB6BB8503FFFFFFFFFFFC8FFF00000A15AEC942DF07409BA322
0D75F2246C5E842AD70D4637166AF9B6BB85174FFFFFFFFFFC8FFF00000515AEC942DF07409BA33A
0D75FD246C5F842A5A0D4650166B08B6CB858D9FFFFFFFFFFC8FFF00000915AEC942DF07409B9352
0D761D246C888429DD0D466C166B17B6CB85110FFFFFFFFFFC8FFF00000A15AEC942DF07409B936A
0D763F246CA884295A0D4699166B35B6DB86AC9FFFFFFFFFFC8FFF00000A15AEC942DF07409B9382
0D76A3246D2B8428D70D46EC166B6CB6DB87250FFFFFFFFFFC8FFF00000615AEC942DF07409B839A
0D7708246DA584285B0D4752166BAEB6EB8703FFFFFFFFFFFC8FFF00000915AEC942DF07409B83B2
0D7770246E2A8427E40D47B6166BF4B6EB8703FFFFFFFFFFFC8FFF00000715AEC942DF07409B83CA
0D777F246E3484276A0D47D6166C0AB6EB8703FFFFFFFFFFFC9FFF00000A15AECA42DF07409B83E2
0D77FF246EEF8426E80D486A166C79B6FB881C4FFFFFFFFFFC8FFF00000A15AECA42DF07409B83FA
0D7878246F858426680D48BF166CAEB6FB87C19FFFFFFFFFFC8FFF00000A15AECA42DF07409B8312
0D788C246F978425E70D48D3166CBBB6FB88292FFFFFFFFFFC8FFF00000A15AECA42DF07409B832A
0D78A6246FB18425670D4906166CDCB6FB8803FFFFFFFFFFFC7FFF00000A15AECA42DF07409B7342
0D790A2470338424EC0D4977166D2BB70B8903FFFFFFFFFFFC9FFF00000A15AECA42DF07409B735A
0D79942470F18424770D49DC166D76B70B8903FFFFFFFFFFFC9FFF00000A15AECA42DF07409B6372
0D79C624711F8423FB0D4A11166D95B6FB89250FFFFFFFFFFC9FFF00000A15AECA42DF07409B638A
0D79D82471348423790D4A2D166DA3B70B8950AFFFFFFFFFFC8FFF00000A15AECA42DF07409B63A2
0D7A9D24723F8422F60D4AC9166E18B71B8903FFFFFFFFFFFC8FFF00000A15AECA42DF07409B63BA
0D7AFD2472B58422760D4B4B166E76B71B8903FFFFFFFFFFFC8FFF00000715AECA42DF07409B63D2
0D7B6B24734C8421F70D4BC6166ECEB71B8903FFFFFFFFFFFC8FFF00000915AECA42DF07409B63EA
0D7BE82473EE84217B0D4C33166F18B71B8903FFFFFFFFFFFC8FFF00000A15AECB42DF07409B5302
0D7C4124746A8421030D4CB2166F77B71B8A37EFFFFFFFFFFC9FFF00000A15AECB42DF07409B431A
0D7CBA2475038420870D4CE7166F9DB71B8A5D4FFFFFFFFFFC8FFF00000A15AECB42DF06409B4332
0D7CF92475598420060D4D49166FDFB72B8B03FFFFFFFFFFFC8FFF00000A15AECB42DF06409B434A
0D7D4C2475BB841F860D4D88167009B72B8B03FFFFFFFFFFFC8FFF00000915AECB42DF06409B4362
0D7DA7247634841F070D4DE416704CB72B8B292FFFFFFFFFFC8FFF00000A15AECB42DF06409B437A
0D7DEB247686841E840D4E2D16707EB73B8CBE0FFFFFFFFFFC8FFF00000915AECB42DF06409B4392
0D7E53247717841E070D4E971670CBB74B8C038FFFFFFFFFFC8FFF00000715AECB42DF06409B43AA
0D7F1F247826841D910D4F5C16715DB74B8D03FFFFFFFFFFFC7FFF00000815AECB42DF06409B43C2
0D7F1B247813841D170D4F3B16713CB74B8D03FFFFFFFFFFFC8FFF00000915AECB42DF06409B33DA
0D7FA42478DA841C960D4FBD16719EB74B8E03FFFFFFFFFFFC8FFF00000915AECB42DF06409B23F2
0D80B5247A50841C160D50D6167272B74B8E3FEFFFFFFFFFFC8FFF00000915AECB42DF06409B230A
0D8109247ABB841B9A0D51301672B0B74B8ED73FFFFFFFFFFC8FFF00000915AECC42DF06409B2322
0D8112247ABB841B1A0D51341672B0B75B8E038FFFFFFFFFFC9FFF00000915AECC42DF06409B233A
0D8128247AD1841A990D51561672C3B75B8F040FFFFFFFFFFC9FFF00000915AECC42DF06409B2352
0D816B247B24841A1D0D51A31672F7B76B8F3ADFFFFFFFFFFC8FFF00000915AECC42DF06409B236A
0D8194247B538419A20D51BE167307B76B8FA14FFFFFFFFFFC8FFF00000915AECC42DF06409B2382
0D81E6247BC68419240D5238167363B76B9003FFFFFFFFFFFC7FFF00000615AECC42DF06409B239A
0D82B3247CE58418A80D52D51673D8B76B9003FFFFFFFFFFFC7FFF00000915AECC42DF06409B13B2
0D8362247DD984182F0D537C167458B76B9003FFFFFFFFFFFC9FFF00000915AECC42DF06409B03CA
0D841B247ED48417B10D54401674EAB77B9003FFFFFFFFFFFC7FFF00000915AECC42DF06409B03E2
0D84E3247FF38417280D54F4167573B77B91279FFFFFFFFFFC9FFF00000915AECC42DF06409B03FA
0D85882480D88416A10D55951675ECB78B9289FFFFFFFFFFFC8FFF00000915AECC42DF06409B0312
0D85C424811584162D0D55E216761BB7AB9203FFFFFFFFFFFC8FFF00000915AECC42DF06409B032A
0D85A32480D98415BB0D55E616761AB7AB9303FFFFFFFFFFFC9FFF00000915AECC42DF06409B0342
0D85D32481188415410D561916763FB7CB9403FFFFFFFFFFFC9FFF00000915AECD42DF06409B035A
0D878724838B8414BC0D57EE1677A3B7DB95049FFFFFFFFFFC7FFF00000915AECD42DF06409B0372
0D88922484E98414360D589216781EB7CB9545BFFFFFFFFFFC7FFF00000815AECD42DF05409AF38A
0D890F2485938413B80D591A16787FB7CB95AC4FFFFFFFFFFC8FFF00000615AECD42DF05409AE3A2
0D892C2485B08413410D593616788EB7CB9603FFFFFFFFFFFC8FFF00000915AECD42DF05409AE3BA
0D89472485D48412C50D59631678ADB7DB96047FFFFFFFFFFC8FFF00000915AECD42DF05409AE3D2
0D898A2486318412460D59D3167905B7EB97652FFFFFFFFFFC9FFF00000915AECD42DF05409AE3EA
0D8AB22487C78411C80D5AB81679AFB7EB977DBFFFFFFFFFFC9FFF00000915AECD42DF05409AE302
0D8B832488F584114B0D5BA9167A6AB7EB9703FFFFFFFFFFFC7FFF00000915AECD42DF05409AD31A
0D8C4E248A0D8410CE0D5C90167B1CB7EB9703FFFFFFFFFFFC8FFF00000915AECD42DF05409AE332
0D8D70248BAB8410500D5D71167BC6B7FB9803FFFFFFFFFFFC9FFF00000915AECD42DF05409AD34A
0D8DB2248BFA840FD30D5DAD167BF0B80B990C6FFFFFFFFFFC8FFF00000915AECD42DF05409AC362
0D8DE0248C39840F530D5DE1167C14B80B9971DFFFFFFFFFFC8FFF00000515AECE42DF05409AC37A
0D8E28248C93840ED00D5E1E167C3CB81B9A03AFFFFFFFFFFC9FFF00000915AECE42DF05409AC392
0D8E91248D1D840E520D5E90167C90B81B9B03FFFFFFFFFFFC8FFF00000915AECE42DF05409AC3AA
0D8F25248DF8840DD90D5F4B167D1BB82B9B03FFFFFFFFFFFC8FFF00000915AECE42DF05409AC3C2
0D9025248F47840D620D6060167DE7B83B9B03FFFFFFFFFFFC8FFF00000915AECE42DF05409AC3DA
0D9093248FE0840CEB0D609D167E11B83B9C03FFFFFFFFFFFC8FFF00000415AECE42DF05409AC3F2
0D90E224903D840C6B0D60D4167E37B83B9C03FFFFFFFFFFFC9FFF00000715AECE42DF05409AB30A
0D91BC249175840BE40D618C167EC5B84B9D03FFFFFFFFFFFC9FFF00000815AECE42DF05409AB322
0D9246249226840B5E0D6235167F40B83B9D03FFFFFFFFFFFC8FFF00000615AECE42DF05409AA33A
0D926C249256840AE20D6256167F54B84B9D03FFFFFFFFFFFC8FFF00000915AECE42DF05409AB352
0D928224926F840A6E0D626C167F62B85B9E03FFFFFFFFFFFC8FFF00000615AECE42DF05409AA36A
0D92762492508409F70D6275167F64B85B9E03FFFFFFFFFFFC9FFF00000515AECE42DF05409AA382
0D937B2493CA84097B0D63D7168076B85B9F03FFFFFFFFFFFC8FFF00000815AECE42DF05409AA39A
0D94622494F88408F80D64431680BFB86B9F03FFFFFFFFFFFC8FFF00000515AECE42DF05409AA3B2
0D947D2495158408760D645E1680CFB86BA003FFFFFFFFFFFC8FFF00000915AECF42DF05409A93CA
0D94E52495A88407F40D64DC16812EB86BA003FFFFFFFFFFFC8FFF00000915AECF42DF05409A83E2
0D958E2496848407770D656716818FB88BA003FFFFFFFFFFFC8FFF00000915AECF42DF05409A93FA
0D95BA2496B08406FD0D65931681AEB88BA103FFFFFFFFFFFC8FFF00000915AECF42DF05409A8312
0D95D82496E48406830D65DE1681E3B89BA103FFFFFFFFFFFC9FFF00000915AECF42DF04409A932A
0D96832497CC8406090D6668168248B89BA203FFFFFFFFFFFCAFFF00000915AECF42DF04409A8342
0D96E624984A84058F0D66C716828CB88BA203FFFFFFFFFFFC8FFF00000915AECF42DF04409A835A
0D971E24988E8405100D67041682B9B89BA203FFFFFFFFFFFC8FFF00000615AECF42DF04409A8372
0D97ED2499BF84048A0D67D616835DB89BA203FFFFFFFFFFFC7FFF00000515AECF42DF04409A838A
0D9993249C138404020D696C168495B89BA203FFFFFFFFFFFC8FFF00000515AECF42DF04409A83A2
0D9AFB249E018403810D6AD51685A3B89BA203FFFFFFFFFFFC9FFF00000915AECF42DF04409A83BA
0D9B6E249EA184030A0D6B471685F5B88BA203FFFFFFFFFFFC8FFF00000915AECF42DF04409A63D2
0D9B7E249EB48402960D6B64168609B89BA203FFFFFFFFFFFC8FFF00000515AECF42DF04409A73EA
0D9B71249E928402180D6B6D16860DB8BBA303FFFFFFFFFFFC9FFF00000615AECF42DF04409A6302
0D9C9624A04584018B0D6C581686C5B8DBA403FFFFFFFFFFFC8FFF00000715AED042DF04409A631A
0D9E7C24A2F78401030D6E3816883CB8CBA503FFFFFFFFFFFC7FFF00000915AED042DF04409A6332
0D9EFB24A39C8400850D6EBC16889AB8DBA503FFFFFFFFFFFC7FFF00000615AED042DF04409A634A
0D9F0524A39E84000B0D6EA7168885B8EBA503FFFFFFFFFFFC8FFF00000715AED042DF04409A6362
0D9F2324A3D583FF8D0D6F1C1688E2B8FBA603FFFFFFFFFFFC8FFF00000815AED042DF04409A537A
0D9FEE24A50083FF0D0D6FF6168987B90BA703FFFFFFFFFFFC7FFF00000815AED042DF04409A5392
0DA0F424A66883FE8F0D70B6168A1DB90BA803FFFFFFFFFFFC7FFF00000815AED042DF04409A53AA
0DA14D24A6DA83FE130D7111168A5FB91BA803FFFFFFFFFFFC8FFF00000815AED042DF04409A43C2
0DA16224A6F083FD8F0D7125168A69B91BA903FFFFFFFFFFFC8FFF00000715AED042DF04409A43DA
0DA1AD24A75583FD080D7166168A98B92BAA03FFFFFFFFFFFC8FFF00000715AED042DF04409A43F2
0DA21624A7DC83FC830D71D4168AE7B92BAB03FFFFFFFFFFFC8FFF00000815AED042DF04409A430A
0DA27C24A86283FC070D7232168B28B93BAB03FFFFFFFFFFFC8FFF00000815AED042DF04409A4322
0DA2A824A89A83FB8F0D725C168B44B93BAC03FFFFFFFFFFFC8FFF00000515AED042DF04409A433A
0DA2AB24A89183FB160D7241168B28B93BAC03FFFFFFFFFFFC8FFF00000815AED042DF04409A2352
0DA2F924A8FD83FA930D72B0168B7CB93BAC03FFFFFFFFFFFC9FFF00000815AED142DF04409A336A
0DA35324A96C83FA0B0D7306168BB9B93BAC03FFFFFFFFFFFC9FFF00000815AED142DF04409A3382
0DA3D224AA1F83F98A0D738A168C1AB94BAC03FFFFFFFFFFFC8FFF00000815AED142DF04409A239A
0DA46324AAE283F9070D740F168C7BB94BAC03FFFFFFFFFFFC7FFF00000815AED142DF03409A23B2
0DA4D124AB7983F8880D747E168CCFB94BAC03FFFFFFFFFFFC7FFF00000815AED142DF03409A23CA
0DA58524AC7783F80D0D7529168D52B94BAD03FFFFFFFFFFFC8FFF00000815AED142DF03409A23E2
0DA5F024ACFB83F78E0D75B3168DB7B94BAD03FFFFFFFFFFFC8FFF00000815AED142DF03409A13FA
0DA63924AD6983F7120D7619168E01B94BAD03FFFFFFFFFFFC9FFF00000815AED142DF03409A1312
0DA6CA24AE2583F6930D768A168E52B94BAE03FFFFFFFFFFFC8FFF00000715AED142DF03409A132A
0DA77024AF0B83F60F0D7719168EBFB94BAE03FFFFFFFFFFFC7FFF00000515AED142DF03409A1342
0DA81924AFF583F5860D77B8168F36B95BAE03FFFFFFFFFFFC8FFF00000815AED142DF03409A035A
0DA8D724B0F983F5010D7860168FB2B95BAE03FFFFFFFFFFFC8FFF00000815AED142DF03409A0372
0DA8F724B11883F4870D789D168FDBB95BAE03FFFFFFFFFFFC8FFF00000815AED142DF03409A038A
0DA90824B13383F4140D790E169033B95BAE03FFFFFFFFFFFC8FFF00000415AED142DF03409A03A2
0DA9EC24B27A83F3980D79E31690D6B96BAE03FFFFFFFFFFFC9FFF00000715AED242DF03409A03BA
0DAB8C24B4DE83F3100D7AFD1691B6B96BAF03FFFFFFFFFFFCAFFF00000815AED242DF03409A03D2
0DACF224B6BE83F2830D7C551692B6B96BAF03FFFFFFFFFFFC9FFF00000815AED242DF03409A03EA
0DAD7124B76C83F2010D7D03169336B96BAF03FFFFFFFFFFFC8FFF00000815AED242DF03409A0302
0DADB224B7C183F1850D7D62169380B96BB003FFFFFFFFFFFC8FFF00000515AED242DF03409A031A
0DAE1124B84483F10E0D7DA41693AEB97BB103FFFFFFFFFFFC8FFF00000815AED242DF03409A0332
0DAEEE24B99983F0930D7EAC169488B97BB103FFFFFFFFFFFC8FFF00000315AED242DF034099E34A
0DAFEB24BAF183F0130D7F9C169537B98BB103FFFFFFFFFFFC9FFF00000715AED242DF034099E362
0DB0DF24BC4983EF8B0D80621695D3B98BB203FFFFFFFFFFFC8FFF00000815AED242DF034099E37A
0DB1F324BDD783EF030D81801696B1B99BB203FFFFFFFFFFFC8FFF00000815AED242DF034099E392
0DB2DB24BF1C83EE800D8253169751B99BB203FFFFFFFFFFFC9FFF00000815AED242DF034099E3AA
0DB2F224BF3883EE020D829216977EB9ABB303FFFFFFFFFFFC9FFF00000815AED242DF034099C3C2
0DB33224BF9083ED8A0D82E11697BAB9BBB303FFFFFFFFFFFC9FFF00000515AED242DF034099C3DA
0DB37024BFD883ED0E0D830C1697D3B9CBB403FFFFFFFFFFFC9FFF00000815AED342DF034099C3F2
0DB3C724C05A83EC910D832B1697EDB9CBB403FFFFFFFFFFFC9FFF00000615AED342DF034099C30A
0DB47A24C15083EC0C0D84261698AFB9CBB503FFFFFFFFFFFC8FFF00000715AED342DF034099C322
0DB54124C26983EB810D84B3169919B9BBB503FFFFFFFFFFFC8FFF00000815AED342DF024099C33A
0DB5E524C34E83EAF90D8558169997B9BBB603FFFFFFFFFFFC8FFF00000815AED342DF024099C352
0DB69124C43F83EA7B0D861E169A2FB9DBB603FFFFFFFFFFFC8FFF00000815AED342DF024099C36A
0DB6D724C49B83EA070D866A169A65B9EBB603FFFFFFFFFFFC8FFF00000515AED342DF024099B382
0DB70424C4D583E9900D86C3169AABB9FBB703FFFFFFFFFFFC8FFF00000715AED342DF024099B39A
0DB6B524C49283E9110D875E169B30B9FBB703FFFFFFFFFFFC8FFF00000515AED342DF024099A3B2
0DBA8B24CA0183E8870D8A0B169D40BA0BB803FFFFFFFFFFFC9FFF00000815AED342DF024099A3CA
0DBB6024CB3483E7FB0D8AA0169DB7BA1BB803FFFFFFFFFFFC9FFF00000615AED342DF024099A3E2
0DBCDA24CD6983E7760D8C56169F17BA0BB803FFFFFFFFFFFC8FFF00000615AED342DF024099A3FA
0DBD7024CE2E83E6FD0D8D0C169FA1BA1BB903FFFFFFFFFFFC8FFF00000515AED342DF024099A312
0DBCF724CD6E83E6870D8D32169FA4BA2BB903FFFFFFFFFFFC9FFF00000515AED342DF024099A32A
0DBDD024CEC483E60A0D8DBE16A02BBA3BBA03FFFFFFFFFFFC7FFF00000415AED442DF0240999342
0DBF2924D0A083E5860D8EFC16A120BA3BBB03FFFFFFFFFFFC9FFF00000715AED442DF024099835A
0DC01E24D1F483E5020D8F6A16A172BA3BBC03FFFFFFFFFFFC8FFF00000815AED442DF0240999372
0DC05E24D25083E47F0D8FB716A1AABA2BBC03FFFFFFFFFFFC7FFF00000815AED442DF024099838A
0DC0D124D2ED83E3FE0D903B16A210BA3BBD03FFFFFFFFFFFC7FFF00000815AED442DF02409983A2
0DC14224D39183E37E0D908F16A24DBA3BBD03FFFFFFFFFFFC8FFF00000815AED442DF02409983BA
0DC1A024D40583E2FD0D910D16A2AABA4BBD03FFFFFFFFFFFC8FFF00000715AED442DF02409983D2
0DC1DC24D45983E27A0D913716A2C9BA4BBD03FFFFFFFFFFFC8FFF00000515AED442DF02409983EA
0DC22D24D4C983E1FE0D919D16A316BA5BBE03FFFFFFFFFFFC7FFF00000615AED442DF0240998302
0DC34F24D67483E1860D92CE16A403BA6BBE03FFFFFFFFFFFC9FFF00000715AED442DF024099831A
0DC37624D69483E1070D92E416A40DBA7BBE03FFFFFFFFFFFC9FFF00000715AED442DF0240998332
0DC3E024D72883E07E0D934216A457BA7BBF03FFFFFFFFFFFC8FFF00000715AED442DF024099634A
0DC47C24D80183DFF20D93B716A4A8BA7BBF03FFFFFFFFFFFC8FFF00000715AED542DF0240996362
0DC4BD24D85783DF740D940216A4E3BA8BBF03FFFFFFFFFFFC8FFF00000715AED542DF024099637A
0DC4CF24D86683DEF70D943416A505BA8BBF03FFFFFFFFFFFC9FFF00000715AED542DF0140996392
0DC51424D8CC83DE7D0D94AC16A566BA8BC003FFFFFFFFFFFC9FFF00000715AED542DF01409963AA
0DC65424DAA983DE010D963F16A6A6BA9BC003FFFFFFFFFFFC9FFF00000715AED542DF01409963C2
0DC7B924DCAD83DD810D975316A780BA9BBF03FFFFFFFFFFFC9FFF00000415AED542DF01409963DA
0DC8D324DE3F83DCFA0D980216A806BA9BBF55FFFFFFFFFFFC9FFF00000715AED542DF01409953F2
0DC96724DF1283DC730D988816A86EBA9BC05D5FFFFFFFFFFC9FFF00000715AED542DF014099430A
0DC9E224DFBA83DBF00D990B16A8D2BA9BC003FFFFFFFFFFFC8FFF00000715AED542DF0140994322
0DCA6324E07983DB700D99B816A95CBA9BC103FFFFFFFFFFFC6FFF00000715AED542DF014099433A
0DCACD24E10F83DAF50D9A4A16A9CCBA9BC103FFFFFFFFFFFC7FFF00000315AED542DF0140994352
0DCB7F24E20E83DA7A0D9AD916AA3BBAABC103FFFFFFFFFFFC7FFF00000615AED542DF014099436A
0DCC1224E2E383D9FB0D9B6616AAACBAABC203FFFFFFFFFFFC7FFF00000715AED642DF0140994382
0DCD4724E4AC83D9740D9C7916AB86BABBC203FFFFFFFFFFFC9FFF00000715AED642DF014099439A
0DCEB024E6DD83D8F10D9DE216ACB5BACBC203FFFFFFFFFFFC9FFF00000715AED642DF01409943B2
0DD06024E95E83D8700D9F7016ADFABACBC203FFFFFFFFFFFC8FFF00000615AED642DF01409933CA
0DD07C24E96283D7EF0D9F8016ADF5BADBC203FFFFFFFFFFFC8FFF00000515AED642DF01409923E2
0DD07C24E95983D7710D9FB516AE16BAEBC303FFFFFFFFFFFC8FFF00000715AED642DF01409923FA
0DD09924E97483D6EE0D9FAB16AE07BAEBC403FFFFFFFFFFFC8FFF00000715AED642DF0140992312
0DD1C224EB5583D66E0DA10616AF31BAEBC503FFFFFFFFFFFC8FFF00000715AED642DF014099232A
0DD38224EDDD83D5EB0DA2C616B094BAEBC503FFFFFFFFFFFCAFFF00000715AED642DF0140992342
0DD3DB24EE5F83D56D0DA2F316B0B9BADBC503FFFFFFFFFFFC8FFF00000715AED642DF014099235A
0DD42F24EED883D4F00DA34716B0FFBAFBC603FFFFFFFFFFFC9FFF00000415AED642DF0140992372
0DD47D24EF6083D4720DA3FC16B19EBB1BC703FFFFFFFFFFFC9FFF00000715AED742DF014099138A
0DD5F524F1AA83D3F10DA54C16B2BBBB2BC703FFFFFFFFFFFC9FFF00000715AED742DF00409913A2
0DD78124F41483D36B0DA6A716B3D9BB1BC803FFFFFFFFFFFC8FFF00000415AED742DF00409913BA
0DD93B24F6A783D2E30DA82F16B51FBB2BC803FFFFFFFFFFFC8FFF00000715AED742DF00409903D2
0DDAC124F8FD83D2610DA9DE16B683BB3BCA03FFFFFFFFFFFC9FFF00000715AED742DF00409903EA
0DDB5A24F9CC83D1E70DAA7916B6FCBB4BCB03FFFFFFFFFFFC9FFF00000715AED742DF0040990302
0DDBD724FA7983D1710DAAE516B748BB6BCC03FFFFFFFFFFFC8FFF00000715AED742DF004099031A
0DDBDE24FA9783D0F30DAB0516B764BB8BCE03FFFFFFFFFFFC8FFF00000715AED742DF0040990332
0DDEB224FEE483D06D0DAE1D16B9F4BB9BCF03FFFFFFFFFFFC9FFF00000715AED742DF004099034A
0DE09F2501A783CFE20DAF6E16BAFBBB8BCF03FFFFFFFFFFFC8FFF00000715AED742DF004098F362
0DE0D42501E283CF5E0DAFAD16BB24BB8BCF03FFFFFFFFFFFC9FFF00000715AED742DF004098F37A
0DE12F25024883CEDF0DB02316BB6DBBABD003FFFFFFFFFFFC9FFF00000715AED842DF004098E392
0DE0BD25019683CE610DB00916BB54BBCBD103FFFFFFFFFFFC8FFF00000715AED842DF004098E3AA
0DE1C825032D83CDE00DB10316BC1FBBCBD103FFFFFFFFFFFC8FFF00000415AED842DF004098E3C2
0DE2B125046083CD620DB1B416BCA3BBCBD103FFFFFFFFFFFC8FFF00000615AED842DF004098E3DA
0DE39B2505CC83CCED0DB2AA16BD68BBCBD103FFFFFFFFFFFC8FFF00000315AED842DF004098E3F2
0DE4632506D583CC6D0DB35D16BDF1BBBBD103FFFFFFFFFFFC8FFF00000615AED842DF004098E30A
0DE49A25071683CBE00DB36916BDF4BBABD103FFFFFFFFFFFC9FFF00000415AED842DF004098D322
0DE4972506FC83CB530DB36816BDE3BBBBD203FFFFFFFFFFFC9FFF00000615AED842DF004098D33A
0DE4B925070C83CAD00DB38A16BDEABBBBD103FFFFFFFFFFFC8FFF00000415AED842DF004098C352
0DE6C0250A1A83CA520DB5A616BFA8BBABD103FFFFFFFFFFFC8FFF00000615AED842DF004098C36A
0DE80D250BF883C9D90DB71D16C0BCBBABD103FFFFFFFFFFFCAFFF00000715AED842DF004098C382
0DE9A0250E3883C9610DB8C016C216BB9BD003FFFFFFFFFFFC9FFF00000715AED942DF004098C39A
0DEA9D250FA283C8E30DB99916C2BDBB9BD003FFFFFFFFFFFC8FFF00000715AED942DF004098C3B2
0DEBC125114983C85C0DBAAA16C393BB9BCF03FFFFFFFFFFFC9FFF00000715AED942DEFF4098C3CA
0DED1025133883C7D10DBBB816C46ABBABCE03FFFFFFFFFFFC9FFF00000715AED942DEFF4098C3E2
0DEDC625144C83C74A0DBC5F16C4F5BB9BCE03FFFFFFFFFFFC9FFF00000715AED942DEFF4098C3FA
0DEE8625158583C6C80DBD3E16C5B2BB9BCE03FFFFFFFFFFFC9FFF00000715AED942DEFF4098B312
0DF0342517F983C64B0DBECE16C6F2BB9BCF03FFFFFFFFFFFC9FFF00000715AED942DEFF4098A32A
0DF0DE2518D183C5D30DBF9216C785BB9BCF03FFFFFFFFFFFC9FFF00000715AED942DEFF4098A342
0DF0EC25190D83C55B0DC07F16C847BB9BCF03FFFFFFFFFFFC8FFF00000715AED942DEFF4098A35A
0DF30D251C2083C4D90DC20916C983BBABCF03FFFFFFFFFFFC8FFF00000715AED942DEFF4098A372
0DF453251DE683C44E0DC2D816CA25BBABCF03FFFFFFFFFFFC8FFF00000515AEDA42DEFF4098A38A
0DF49E251E5583C3C10DC33016CA66BB9BCF03FFFFFFFFFFFC9FFF00000615AEDA42DEFF4098A3A2
0DF552251F6D83C33F0DC40316CB18BB9BCF50AFFFFFFFFFFC8FFF00000715AEDA42DEFF4098A3BA
0DF6682520F183C2C50DC55316CC25BB9BCF5C1FFFFFFFFFFC9FFF00000715AEDA42DEFF409893D2
0DF6E72521D083C24C0DC57916CC47BB8BCF03FFFFFFFFFFFC9FFF00000315AEDA42DEFF409883EA
0DF8412523D583C1CF0DC73D16CDB7BB8BCF03FFFFFFFFFFFC9FFF00000615AEDA42DEFF40988302
0DFA1A25268D83C14B0DC8A116CED9BB8BCF03FFFFFFFFFFFCAFFF00000715AEDA42DEFF4098831A
0DFAC925278883C0C50DC94816CF5BBB8BD003FFFFFFFFFFFC8FFF00000715AEDA42DEFF40988332
0DFB2C25281983C0400DC9BE16CFB7BB9BD103FFFFFFFFFFFC8FFF00000715AEDA42DEFF4098834A
0DFB5225284583BFBA0DC9D016CFC2BBABD003FFFFFFFFFFFC8FFF00000715AEDA42DEFF40988362
0DFB8025288883BF370DCA0516CFE9BBABD103FFFFFFFFFFFC8FFF00000415AEDB42DEFF4098837A
0DFBFD25293F83BEBD0DCA9316D05ABBABD103FFFFFFFFFFFC9FFF00000715AEDB42DEFF40988392
0DFC622529CE83BE450DCAF116D0A3BBABD103FFFFFFFFFFFC9FFF00000715AEDB42DEFF409873AA
0DFC742529E483BDC70DCB1816D0BDBBABD203FFFFFFFFFFFC8FFF00000715AEDB42DEFF409873C2
0DFD43252B1A83BD400DCBC316D148BBABD203FFFFFFFFFFFC9FFF00000715AEDB42DEFE409863DA
0DFEE1252D8583BCB80DCD7616D2AFBBBBD203FFFFFFFFFFFC8FFF00000715AEDB42DEFE409863F2
0E006A252FCA83BC320DCEE016D3D4BBABD303FFFFFFFFFFFC9FFF00000415AEDB42DEFE4098630A
0E00EC25308983BBAE0DCF6116D437BBBBD251CFFFFFFFFFFCAFFF00000615AEDB42DEFE40986322
0E014825310883BB2D0DCFB916D47CBBCBD25DFFFFFFFFFFFC9FFF00000415AEDB42DEFE4098633A
0E018925316683BAB00DD00A16D4BFBBCBD203FFFFFFFFFFFC9FFF00000615AEDB42DEFE40985352
0E03192533F483BA310DD21716D681BBCBD203FFFFFFFFFFFC8FFF00000315AEDC42DEFE4098636A
0E05C025380083B9B10DD44016D84CBBBBD203FFFFFFFFFFFC8FFF00000415AEDC42DEFE40985382
0E07F3253B5183B9290DD62B16D9E8BBBBD203FFFFFFFFFFFC8FFF00000415AEDC42DEFE4098539A
0E0944253D5583B89A0DD75B16DAE0BBBBD303FFFFFFFFFFFC9FFF00000615AEDC42DEFE409843B2
0E0A8A253F2E83B8110DD8E916DC20BBCBD303FFFFFFFFFFFC7FFF00000615AEDC42DEFE409843CA
0E0B3F25403F83B7940DD9AA16DCBEBBFBD503FFFFFFFFFFFC7FFF00000315AEDC42DEFE409843E2
0E0C502541EF83B71D0DDA9D16DD89BC0BD603FFFFFFFFFFFC9FFF00000615AEDC42DEFE409843FA
0E0D5225435B83B69D0DDBC816DE79BC1BD603FFFFFFFFFFFC8FFF00000315AEDC42DEFE40984312
0E0FC925470983B6150DDDED16E032BC2BD703FFFFFFFFFFFC9FFF00000315AEDC42DEFE4098432A
0E11D32549DF83B5880DE01816E1DCBC2BD703FFFFFFFFFFFC9FFF00000615AEDC42DEFE40983342
0E124C254A8583B4FF0DE08E16E236BC2BD703FFFFFFFFFFFC9FFF00000615AEDD42DEFE4098335A
0E12CD254B4283B47A0DE10016E28EBC1BD603FFFFFFFFFFFC8FFF00000315AEDD42DEFE40982372
0E1382254C5F83B3FC0DE1B516E329BC0BD603FFFFFFFFFFFC8FFF00000615AEDD42DEFE4098238A
0E1479254DCB83B3800DE2FA16E43ABBEBD503FFFFFFFFFFFC9FFF00000315AEDD42DEFE409823A2
0E15DD25502B83B2FF0DE4A316E5A7BBDBD403FFFFFFFFFFFC9FFF00000515AEDD42DEFE409823BA
0E182525539C83B2770DE65616E717BBCBD403FFFFFFFFFFFC9FFF00000615AEDD42DEFE409823D2
0E1A8525574183B1EB0DE8AC16E90ABBDBD403FFFFFFFFFFFC9FFF00000615AEDD42DEFD409823EA
0E1CB7255A8483B1610DEAD616EACBBBFBD503FFFFFFFFFFFC8FFF00000315AEDD42DEFD40982302
0E1DC3255C1683B0DE0DEBC916EB94BBFBD603FFFFFFFFFFFC9FFF00000315AEDD42DEFD4098131A
0E1E87255D5183B0670DECBD16EC63BC0BD603FFFFFFFFFFFCAFFF00000315AEDD42DEFD40980332
0E1EF6255DEC83AFE70DED9216ED18BC1BD703FFFFFFFFFFFC9FFF00000615AEDE42DEFD4098034A
0E204D25603083AF5F0DEE4316EDB9BC1BD803FFFFFFFFFFFC8FFF00000415AEDE42DEFD40980362
0E227125635A83AED10DF06416EF74BC1BD803FFFFFFFFFFFC8FFF00000515AEDE42DEFD4098037A
0E23D225657E83AE490DF1A216F082BC1BD803FFFFFFFFFFFCAFFF00000615AEDE42DEFD40980392
0E253925679C83ADC90DF32616F1C5BC2BD903FFFFFFFFFFFC9FFF00000615AEDE42DEFD409803AA
0E25D025688083AD490DF42716F29CBC4BDA03FFFFFFFFFFFC8FFF00000615AEDE42DEFD409803C2
0E266B25697083ACCC0DF4A316F302BC5BDA03FFFFFFFFFFFC8FFF00000615AEDE42DEFD409803DA
0E27CF256BA583AC490DF61416F43BBC6BDB03FFFFFFFFFFFC9FFF00000615AEDE42DEFD409803F2
0E29CB256EA683ABC30DF7E416F5BFBC6BDB03FFFFFFFFFFFC9FFF00000615AEDE42DEFD4097E30A
0E2B7E25713083AB3B0DF96C16F703BC6BDB03FFFFFFFFFFFC9FFF00000615AEDF42DEFD4097F322
0E2C882572C083AAB20DFA7516F7D7BC6BDC03FFFFFFFFFFFC8FFF00000615AEDF42DEFD4097E33A
0E2D7025741F83AA2B0DFB5716F891BC7BDD03FFFFFFFFFFFC8FFF00000615AEDF42DEFD4097E352
0E2DB225747483A9AD0DFB9916F8C2BC8BDD03FFFFFFFFFFFC9FFF00000615AEDF42DEFD4097E36A
0E2DA225745983A92E0DFB5616F88CBC8BDE03FFFFFFFFFFFC8FFF00000615AEDF42DEFD4097E382
0E2DA725746D83A8AE0DFBCD16F8F1BC8BDE03FFFFFFFFFFFC9FFF00000615AEDF42DEFD4097E39A
0E2FF725782783A8260DFE0716FAE0BC8BDE03FFFFFFFFFFFC9FFF00000615AEDF42DEFD4097E3B2
0E3284257BF983A7A10E007416FCDFBC8BDE03FFFFFFFFFFFC9FFF00000615AEDF42DEFD4097D3CA
0E3480257F2683A71D0E028716FEACBC7BDE03FFFFFFFFFFFC9FFF00000615AEDF42DEFD4097C3E2
0E380225848083A69B0E05DA170175BC8BDF03FFFFFFFFFFFC8FFF00000615AEDF42DEFD4097C3FA
0E3A1C2587B483A6130E07B11702FABC9BDF03FFFFFFFFFFFC8FFF00000615AEE042DEFC4097C312
0E3C8B258B5183A58D0E09FF1704DABCBBE003FFFFFFFFFFFC9FFF00000415AEE042DEFC4097C32A
0E3CD2258BBE83A50C0E0A89170549BCDBE103FFFFFFFFFFFC9FFF00000515AEE042DEFC4097C342
0E3D17258C3083A48B0E0AD1170587BCEBE203FFFFFFFFFFFC9FFF00000615AEE042DEFC4097C35A
0E3E1C258DC083A40C0E0B9417062BBCDBE303FFFFFFFFFFFC9FFF00000615AEE042DEFC4097C372
0E417F25930883A3880E0F74170966BCDBE303FFFFFFFFFFFCAFFF00000315AEE042DEFC4097B38A
0E43B025963183A3040E1169170B00BCCBE303FFFFFFFFFFFC9FFF00000515AEE042DEFC4097C3A2
0E449625979283A27A0E1231170BA0BCCBE303FFFFFFFFFFFC8FFF00000415AEE042DEFC4097B3BA
0E451725984C83A1F30E12BC170C13BCCBE303FFFFFFFFFFFC9FFF00000615AEE042DEFC4097A3D2
0E45672598C383A16D0E12EC170C35BCDBE203FFFFFFFFFFFC9FFF00000615AEE142DEFC4097A3EA
0E45CE25996283A0F00E136C170CA5BCCBE203FFFFFFFFFFFC9FFF00000615AEE142DEFC4097A302
0E467E259A6583A0750E1436170D4ABCCBE203FFFFFFFFFFFCAFFF00000315AEE142DEFC4097A31A
0E470B259B34839FF30E14C5170DBCBCBBE203FFFFFFFFFFFC9FFF00000615AEE142DEFC4097A332
0E47D7259C56839F6A0E1552170E29BCBBE203FFFFFFFFFFFC9FFF00000315AEE142DEFC4097934A
0E4806259C90839EDC0E158F170E54BCBBE103FFFFFFFFFFFC9FFF00000515AEE142DEFC4097A362
0E4809259C8A839E530E1594170E54BCBBE103FFFFFFFFFFFC9FFF00000615AEE142DEFC4097937A
0E4846259CF0839DD20E15E7170E98BCBBE003FFFFFFFFFFFCAFFF00000315AEE142DEFC40978392
0E4926259E36839D520E16A5170F31BCBBE103FFFFFFFFFFFC8FFF00000515AEE142DEFC409783AA
0E4943259E64839CD20E16B9170F3CBCBBE003FFFFFFFFFFFC9FFF00000315AEE142DEFC409783C2
0E4B5A25A19F839C540E190E171133BCABDF03FFFFFFFFFFFC9FFF00000615AEE242DEFC409783DA
0E4C9E25A384839BD00E1A33171224BC8BDF03FFFFFFFFFFFC9FFF00000615AEE242DEFC409783F2
0E4E4925A604839B480E1BCB17136FBC8BDE03FFFFFFFFFFFC9FFF00000415AEE242DEFC4097830A
0E4EFD25A706839ABF0E1C6C1713F4BC8BDE03FFFFFFFFFFFC9FFF00000415AEE242DEFC40978322
0E4F6025A799839A370E1CCE17143FBC9BDF03FFFFFFFFFFFC9FFF00000315AEE242DEFB4097833A
0E4F9E25A7F28399B00E1D0A17146FBC9BDF03FFFFFFFFFFFC9FFF00000615AEE242DEFB40977352
0E4FFB25A87E83992D0E1D6F1714C3BC8BDF03FFFFFFFFFFFC9FFF00000315AEE242DEFB4097636A
0E50B825A99B8398B20E1E38171566BC9BE003FFFFFFFFFFFC8FFF00000615AEE242DEFB40976382
0E514625AA718398370E1EC21715D8BC9BE003FFFFFFFFFFFC9FFF00000315AEE242DEFB4097639A
0E51FE25AB828397B30E1F5017164CBC9BE003FFFFFFFFFFFCAFFF00000415AEE242DEFB409763B2
0E53AC25AE178397260E210C1717BABC9BE003FFFFFFFFFFFC9FFF00000315AEE342DEFB409763CA
0E555225B0868396970E22CB171926BCABDF03FFFFFFFFFFFC9FFF00000315AEE342DEFB409763E2
0E56B225B2978396100E2418171A39BCABDF03FFFFFFFFFFFC9FFF00000515AEE342DEFB409763FA
0E57AE25B4198395960E2524171B18BCABDF03FFFFFFFFFFFC9FFF00000315AEE342DEFB40975312
0E57F225B46F8395190E2519171B0FBC9BDF03FFFFFFFFFFFC8FFF00000315AEE342DEFB4097432A
0E57F625B47A8394950E2538171B27BC8BDF03FFFFFFFFFFFC8FFF00000515AEE342DEFB40974342
0E589425B56183940A0E25E6171BAEBC7BDF03FFFFFFFFFFFC9FFF00000115AEE342DEFB4097435A
0E58CD25B5B38393810E2624171BE0BC7BDF03FFFFFFFFFFFC8FFF00000515AEE342DEFB40974372
0E594225B65E8392FC0E269C171C3FBC7BDF03FFFFFFFFFFFC8FFF00000315AEE342DEFB4097438A
0E59AE25B6FB83927F0E270D171C98BC7BDF03FFFFFFFFFFFC9FFF00000515AEE442DEFB409743A2
0E59CE25B7258392010E2712171C99BC6BDF03FFFFFFFFFFFC8FFF00000315AEE442DEFB409743BA
0E5A0B25B77F83917B0E276D171CE1BC6BDE03FFFFFFFFFFFC8FFF00000515AEE442DEFB409743D2
0E5A8F25B8378390EC0E27DF171D3BBC7BDE03FFFFFFFFFFFCAFFF00000315AEE442DEFB409743EA
0E5B1625B8F58390630E2868171DA4BC7BDF03FFFFFFFFFFFCAFFF00000515AEE442DEFB40973302
0E5B3525B91F838FE60E288B171DBABC7BDE03FFFFFFFFFFFC8FFF00000515AEE442DEFB4097331A
0E5B9925B9A8838F6B0E28F0171E09BC7BDE03FFFFFFFFFFFC8FFF00000315AEE442DEFB40972332
0E5BBC25B9DC838EE70E2919171E2BBC7BDE181FFFFFFFFFFC9FFF00000515AEE442DEFB4097234A
0E5C9825BB28838E5C0E29C1171EB3BC6BDEA56FFFFFFFFFFC8FFF00000515AEE442DEFB40972362
0E5EE625BED4838DD40E2C361720CBBC5BDE053FFFFFFFFFFC8FFF00000515AEE442DEFB4097237A
0E616925C287838D4F0E2EC01722D9BC5BDE03FFFFFFFFFFFC9FFF00000315AEE542DEFB40971392
0E618D25C285838CCC0E2EBA1722BDBC5BDD03FFFFFFFFFFFCAFFF00000515AEE542DEFA409713AA
0E615C25C20B838C4B0E2E89172279BC5BDD03FFFFFFFFFFFC9FFF00000515AEE542DEFA409713C2
0E61FB25C2F6838BCB0E2F52172319BC6BDD182FFFFFFFFFFC9FFF00000515AEE542DEFA409703DA
0E641225C631838B480E315A1724D3BC5BDD9ADFFFFFFFFFFCAFFF00000515AEE542DEFA409703F2
0E652225C7CC838AC30E324E17259FBC3BDB062FFFFFFFFFFC9FFF00000515AEE542DEFA4097030A
0E65A925C89D838A3C0E32CF17260BBC2BDA046FFFFFFFFFFC9FFF00000515AEE542DEFA40970322
0E65BF25C8AE8389B50E32E017260FBC2BD903FFFFFFFFFFFC9FFF00000515AEE542DEFA4097033A
0E661F25C93C83892D0E334217265EBC3BD903FFFFFFFFFFFC9FFF00000515AEE542DEFA40970352
0E66C525CA2E8388AF0E33EE1726E6BC3BDA151FFFFFFFFFFC8FFF00000515AEE542DEFA4097036A
0E679525CB688388320E350F1727D5BC3BDA93BFFFFFFFFFFC9FFF00000515AEE542DEFA40970382
0E695225CDE48387B60E360D172894BC2BD9052FFFFFFFFFFCAFFF00000515AEE642DEFA4096E39A
0E671825CA9B8387AC0E3588172829BC1BD803FFFFFFFFFFFC9FFF00000515AEE642DEFA4096E3B2
0E68CF25CD2F8387A80E369C172903BC1BD703FFFFFFFFFFFC9FFF00000215AEE642DEFA4096F3CA
0E698525CE3D8387AF0E36F017294CBC1BD703FFFFFFFFFFFC9FFF00000315AEE642DEFA4096E3E2
0E69C825CE9B8387B80E36EC17294DBC1BD60FDFFFFFFFFFFC9FFF00000515AEE642DEFA4096E3FA
0E69C725CE998387C00E36EC17294FBC1BD6805FFFFFFFFFFC9FFF00000515AEE642DEFA4096E312
0E69C125CE968387C50E36E417294BBC0BD6051FFFFFFFFFFC9FFF00000515AEE642DEFA4096E32A
0E69C225CE988387C20E36E317294ABBFBD603FFFFFFFFFFFC9FFF00000515AEE642DEFA4096E342
0E69CA25CEA78387B70E36EC172953BBFBD604EFFFFFFFFFFC9FFF00000515AEE642DEFA4096D35A
0E69E025CECD8387B60E36F617295CBBFBD6859FFFFFFFFFFC9FFF00000215AEE642DEFA4096D372
0E69CF25CEB68387C20E36EE172959BBFBD65A4FFFFFFFFFFC9FFF00000515AEE742DEFA4096C38A
0E69C825CEAB8387CC0E36EA172956BC0BD603FFFFFFFFFFFC9FFF00000515AEE742DEFA4096C3A2
0E69C025CE9D8387C80E36E117294EBBFBD603FFFFFFFFFFFC9FFF00000315AEE742DEFA4096C3BA
0E69C725CEAC8387C20E36F6172961BBEBD603FFFFFFFFFFFC9FFF00000315AEE742DEFA4096C7D2
0E69D525CEC38387C60E36F317295FBBEBD6141FFFFFFFFFFC9FFF00000415AEE742DEFA4096C7EA
0E69D125CEBF8387CF0E36E9172959BBFBD57FBFFFFFFFFFFC8FFF00000415AEE742DEFA4096C302
0E69C725CEB08387D20E36E4172955BBFBD6563FFFFFFFFFFC8FFF00000315AEE742DEFA4096C71A
0E69C525CEAC8387CF0E36EA17295ABBFBD603FFFFFFFFFFFC8FFF00000515AEE742DEFA4096C332
0E69CD25CEBA8387C80E36ED17295DBBEBD603FFFFFFFFFFFCAFFF00000415AEE742DEF94096A74A
0E69C425CEB18387C80E36E6172958BBDBD603FFFFFFFFFFFCAFFF00000215AEE742DEF94096A362
0E69C625CEB68387D00E36F0172962BBDBD603FFFFFFFFFFFCAFFF00000515AEE742DEF94096A77A
0E69C525CEB48387D70E36EA17295EBBEBD668BFFFFFFFFFFC9FFF00000515AEE842DEF94096A392
0E69C625CEB48387DA0E36EC172961BBEBD6511FFFFFFFFFFC9FFF00000315AEE842DEF94096A7AA
0E69C425CEB98387DD0E36E717295DBBEBD659AFFFFFFFFFFC9FFF00000315AEE842DEF94096A7C2
0E69C625CEB88387DD0E36EA17295FBBDBD68ECFFFFFFFFFFC9FFF00000515AEE842DEF94096A3DA
0E69C825CEBB8387D80E36E617295DBBEBD6091FFFFFFFFFFC8FFF00000415AEE842DEF94096A3F2
0E69CF25CEC98387D00E36EC172962BBEBD603FFFFFFFFFFFC8FFF00000315AEE842DEF94096830A
0E69CD25CEC48387D00E36EC172963BBEBD603FFFFFFFFFFFCAFFF00000515AEE842DEF940968322
0E69C025CEB38387D90E36E117295ABBDBD503FFFFFFFFFFFC9FFF00000315AEE842DEF94096833A
0E69B825CEA58387E50E36D3172950BBDBD603FFFFFFFFFFFCAFFF00000415AEE842DEF940968352
0E69B925CEAB8387EB0E36D8172953BBDBD603FFFFFFFFFFFCAFFF00000515AEE842DEF94096836A
0E69C025CEB68387E90E36E017295ABBDBD603FFFFFFFFFFFCAFFF00000515AEE842DEF940968382
0E69BD25CEAA8387E40E36E117295ABBEBD626AFFFFFFFFFFC9FFF00000315AEE942DEF94096839A
0E69B425CEA28387DD0E36D117294CBBEBD55C7FFFFFFFFFFC8FFF00000415AEE942DEF9409683B2
0E69BB25CEAD8387D90E36D417294EBBFBD603FFFFFFFFFFFC9FFF00000515AEE942DEF9409683CA
0E69B225CE9D8387DD0E36D3172950BBFBD603FFFFFFFFFFFC9FFF00000515AEE942DEF9409683E2
0E69BA25CEAD8387E60E36DC172957BBFBD603FFFFFFFFFFFC8FFF00000115AEE942DEF9409673FA
0E69B125CE9E8387EF0E36D4172952BBEBD603FFFFFFFFFFFC8FFF00000415AEE942DEF940966312
0E69AA25CE908387EF0E36CD17294CBBEBD62D6FFFFFFFFFFC9FFF00000515AEE942DEF94096632A
0E69B425CEA18387ED0E36D7172953BBEBD6654FFFFFFFFFFC9FFF00000515AEE942DEF940966342
0E69BC25CEAF8387EC0E36DC172959BBEBD603FFFFFFFFFFFC9FFF00000215AEE942DEF94096635A
0E69BF25CEAF8387E80E36DD172957BBEBD603FFFFFFFFFFFC9FFF00000515AEE942DEF940966372
0E69BC25CEA88387E60E36E117295BBBEBD603FFFFFFFFFFFCAFFF00000215AEE942DEF94096538A
0E69B425CEA18387E80E36DB172957BBDBD603FFFFFFFFFFFCAFFF00000515AEE942DEF9409653A2
0E69AC25CE978387ED0E36CF17294FBBEBD632DFFFFFFFFFFC9FFF00000515AEEA42DEF9409663BA
0E69AE25CE938387F00E36CF172950BBFBD56AFFFFFFFFFFFC9FFF00000515AEEA42DEF9409643D2
0E69A725CE8D8387F10E36D0172950BBFBD503FFFFFFFFFFFC9FFF00000515AEEA42DEF8409643EA
0E69A925CE918387F20E36C817294ABBEBD603FFFFFFFFFFFC9FFF00000515AEEA42DEF840964302
0E69AD25CE978387F20E36CA17294CBBEBD603FFFFFFFFFFFC9FFF00000515AEEA42DEF84096431A
0E69BF25CEAD8387EF0E36D3172953BBDBD603FFFFFFFFFFFCAFFF00000515AEEA42DEF840964332
0E69BB25CEAE8387ED0E36D8172958BBDBD641DFFFFFFFFFFCAFFF00000515AEEA42DEF84096434A
0E69BA25CEA78387F00E36D7172957BBEBD674DFFFFFFFFFFC9FFF00000515AEEA42DEF840964362
0E69BC25CEAD8387F70E36D7172957BBEBD603FFFFFFFFFFFC9FFF00000215AEEA42DEF84096337A
0E69BC25CEB08387F80E36D5172956BBFBD603FFFFFFFFFFFC9FFF00000215AEEA42DEF840962392
0E69C325CEB48387F70E36D8172957BBFBD6124FFFFFFFFFFCAFFF00000215AEEA42DEF8409623AA
0E69C525CEB58387F40E36D9172958BBFBD60B3FFFFFFFFFFC9FFF00000515AEEB42DEF8409623C2
0E69C825CEBA8387F40E36D817295ABBEBD6459FFFFFFFFFFC8FFF00000515AEEB42DEF8409623DA
0E69C425CEB78387F80E36DB17295CBBEBD6782FFFFFFFFFFC9FFF00000415AEEB42DEF8409623F2
0E69BD25CEB08387FE0E36D917295ABBEBD603FFFFFFFFFFFC8FFF00000415AEEB42DEF84096230A
0E69BC25CEAD8387FC0E36D7172958BBEBD603FFFFFFFFFFFC8FFF00000415AEEB42DEF840962322
0E69B225CE9F8387F90E36DB17295BBBEBD703FFFFFFFFFFFC9FFF00000415AEEB42DEF84096233A
0E69BC25CEB08387F90E36D8172959BBEBD703FFFFFFFFFFFC9FFF00000415AEEB42DEF840962352
0E69BA25CEAB8387FF0E36D2172955BBEBD6483FFFFFFFFFFC9FFF00000415AEEB42DEF84096136A
0E69B325CEA08388020E36D2172954BBFBD67D4FFFFFFFFFFC9FFF00000415AEEB42DEF840960382
0E69B925CEA98387FF0E36D0172955BBFBD603FFFFFFFFFFFC9FFF00000415AEEB42DEF84096139A
0E69BC25CEAC8387FC0E36D1172955BBFBD603FFFFFFFFFFFCAFFF00000415AEEB42DEF8409603B2
0E69B625CEA68388000E36CC172951BBEBD603FFFFFFFFFFFC9FFF00000415AEEB42DEF8409603CA
0E69A625CE8F8388090E36B217293BBBEBD6042FFFFFFFFFFC9FFF00000115AEEC42DEF8409603E2
0E699C25CE8183880A0E36B517293FBBEBD6533FFFFFFFFFFC9FFF00000415AEEC42DEF8409603FA
0E699C25CE828388030E36BD172945BBEBD68D7FFFFFFFFFFC9FFF00000415AEEC42DEF840960312
0E69A525CE8C8387FC0E36C917294CBBEBD6632FFFFFFFFFFC9FFF00000415AEEC42DEF84096032A
0E699525CE758387FF0E36C0172947BBEBD624EFFFFFFFFFFC9FFF00000415AEEC42DEF84095F342
0E698925CE5F8388090E36B317293DBBFBD603FFFFFFFFFFFC9FFF00000315AEEC42DEF84096035A
0E698C25CE6683880E0E36B517293FBBFBD503FFFFFFFFFFFC9FFF00000115AEEC42DEF84095E372
0E699325CE7483880E0E36B717293FBBFBD603FFFFFFFFFFFC9FFF00000415AEEC42DEF84095E38A
0E699925CE7A83880B0E36B9172941BBFBD6040FFFFFFFFFFC9FFF00000415AEEC42DEF74095E3A2
0E699A25CE7A8388080E36BD172943BBFBD6498FFFFFFFFFFCAFFF00000415AEEC42DEF74095E3BA
0E69BB25CEAC8387DB0E36E217295FBBFBD6BC6FFFFFFFFFFCAFFF00000415AEEC42DEF74095E3D2
0E6A2325CF388387B20E371C172987BBEBD603FFFFFFFFFFFC8FFF00000315AEEC42DEF74095E3EA
0E6A3125CF4083877F0E374E1729A7BBDBD61E8FFFFFFFFFFC9FFF00000215AEED42DEF74095D302
0E6A5825CF6A8387330E37731729BEBBCBD6113FFFFFFFFFFC9FFF00000315AEED42DEF74095C31A
0E6ACE25CFF88386DE0E37E2172A03BBDBD5047FFFFFFFFFFCAFFF00000415AEED42DEF74095D332
0E6BB125D13B83867E0E388C172A86BBDBD35F0FFFFFFFFFFC9FFF00000315AEED42DEF74095C34A
0E6C6125D24F8386220E3930172B0FBBBBD3C5AFFFFFFFFFFC8FFF00000315AEED42DEF74095C362
0E6DE225D4BC8385C50E3AB0172C52BB9BD103FFFFFFFFFFFC9FFF00000415AEED42DEF74095C37A
0E6F7825D72583855D0E3C5A172DB8BB8BD003FFFFFFFFFFFC9FFF00000415AEED42DEF74095C392
0E70A825D8E48384D50E3CDA172E1BBB7BCF03FFFFFFFFFFFC9FFF00000415AEED42DEF74095C3AA
0E722F25DB1B8384590E3EB6172F9BBB7BCE03FFFFFFFFFFFC9FFF00000415AEED42DEF74095C3C2
0E734725DC938383D90E405A1730E4BB8BCE03FFFFFFFFFFFC8FFF00000315AEED42DEF74095B3DA
0E744B25DE208383560E414C1731A6BB6BCE03FFFFFFFFFFFC8FFF00000215AEED42DEF74095A3F2
0E756E25DFC48382CE0E41861731D2BB3BCD03FFFFFFFFFFFC9FFF00000415AEEE42DEF74095A30A
0E766C25E1628382460E41F217322FBB1BCA03FFFFFFFFFFFCAFFF00000415AEEE42DEF74095A322
0E79DC25E69A8381C60E42C21732DEBAFBC803FFFFFFFFFFFCAFFF00000215AEEE42DEF74095A33A
0E7AC025E7C983814F0E47FA17371CBADBC7AEBFFFFFFFFFFC8FFF00000415AEEE42DEF74095A352
0E7C6D25EAB88380D20E4978173862BABBC62ACFFFFFFFFFFC8FFF00000215AEEE42DEF74095A36A
0E7DDE25ECA48380490E4A091738D5BAABC4157FFFFFFFFFFC9FFF00000415AEEE42DEF74095A382
0E7D8925EC19837FC20E490D17381FBA8BC203FFFFFFFFFFFC9FFF00000215AEEE42DEF74095A39A
0E80C925F179837F400E4A51173916BA8BC103FFFFFFFFFFFC8FFF00000415AEEE42DEF74095A3B2
0E83BC25F5DB837EC20E5003173DDDBA8BC003FFFFFFFFFFFC8FFF00000415AEEE42DEF7409593CA
0E860225F959837E420E504F173E22BA7BBF03FFFFFFFFFFFC9FFF00000415AEEE42DEF7409593E2
0E85B525F89E837DBD0E51B3173F5ABA7BBF03FFFFFFFFFFFCAFFF00000415AEEE42DEF7409583FA
0E86B625FA57837D360E5782174437BA7BBF03FFFFFFFFFFFCAFFF00000415AEEE42DEF640958312
0E8BFB260251837CB80E598F1745F4BA6BBE03FFFFFFFFFFFCAFFF00000415AEEF42DEF64095832A
0E8D5026046E837C400E5AC11746EABA6BBE03FFFFFFFFFFFCAFFF00000115AEEF42DEF640958342
0E8D46260450837BC30E5AD01746F9BA6BBE03FFFFFFFFFFFCAFFF00000315AEEF42DEF64095835A
0E8E77260659837B3A0E5E481749F6BA7BBD03FFFFFFFFFFFCAFFF00000415AEEF42DEF640958372
0E9384260E19837AAD0E6187174C99BA6BBD03FFFFFFFFFFFCAFFF00000415AEEF42DEF64095838A
0E96F5261330837A2B0E6483174F17BA5BBC03FFFFFFFFFFFC9FFF00000415AEEF42DEF6409563A2
0E98102614E38379B20E64EE174F76BA5BBC03FFFFFFFFFFFC9FFF00000215AEEF42DEF6409563BA
0E98162614F68379390E652C174FBDBA5BBD334FFFFFFFFFFC8FFF00000215AEEF42DEF6409583D2
0E97972614008378B90E683717523FBA5BBD1B1FFFFFFFFFFC8FFF00000415AEEF42DEF6409563EA
0E9CD7261C918378320E6B06175497BA4BBD03FFFFFFFFFFFC9FFF00000215AEEF42DEF640956302
0EA0082621168377AD0E6CB8175600BA3BBD678FFFFFFFFFFCAFFF00000215AEEF42DEF64095631A
0EA0F026227E83772F0E6D911756B7BA4BBC2FFFFFFFFFFFFCAFFF00000415AEF042DEF640955332
0EA1E32623FC8376AD0E6E10175729BA5BBC03FFFFFFFFFFFC9FFF00000215AEF042DEF64095634A
0EA1D72623F88376270E6EF11757E5BA5BBC03FFFFFFFFFFFC9FFF00000315AEF042DEF640954362
0EA40226274B8375A40E7086175937BA5BBC03FFFFFFFFFFFCAFFF00000215AEF042DEF64095537A
0EA5A22629B883752A0E7220175A86BA4BBB03FFFFFFFFFFFCAFFF00000415AEF042DEF640954392
0EA6F8262BC38374AF0E7387175BBABA3BBB0FBFFFFFFFFFFC9FFF00000315AEF042DEF6409553AA
0EA8CD262EB883742E0E7528175D1DBA2BBB03FFFFFFFFFFFC9FFF00000015AEF042DEF6409543C2
0EABCB26333B8373AA0E7840175FB4BA2BBB03FFFFFFFFFFFC8FFF00000315AEF042DEF6409543DA
0EACB62634858373250E78FF176048BA1BBA03FFFFFFFFFFFC9FFF00000415AEF042DEF6409543F2
0EAD522635758372A00E799E1760CDB9FBB98FBFFFFFFFFFFCAFFF00000415AEF042DEF64095430A
0EAEB82637AF83721D0E7B2217621BB9FBB903FFFFFFFFFFFC9FFF00000415AEF042DEF640954322
0EB289263DAF83719B0E7F2717658AB9FBB8402FFFFFFFFFFC9FFF00000415AEF142DEF64095333A
0EB63F26433E83711C0E82B017686FB9FBB720FFFFFFFFFFFC9FFF00000415AEF142DEF640954352
0EB7832645358370A00E83BA176956B9EBB703FFFFFFFFFFFCAFFF00000415AEF142DEF64095236A
0EB90926478A8370200E8545176A9BB9EBB60F4FFFFFFFFFFC9FFF00000215AEF142DEF540952382
0EB9C9264898836F9A0E85E0176B18B9DBB50A2FFFFFFFFFFC9FFF00000215AEF142DEF54095239A
0EB9E32648BF836F120E85F7176B29B9DBB503FFFFFFFFFFFCAFFF00000215AEF142DEF5409523B2
0EBA3926493F836E890E864C176B71B9DBB503FFFFFFFFFFFCAFFF00000415AEF142DEF5409523CA
0EBACD264A37836E020E86F8176C09B9CBB53AEFFFFFFFFFFC9FFF00000415AEF142DEF5409523E2
0EBDE7264F22836D7E0E8A4C176EDFB9CBB4554FFFFFFFFFFC9FFF00000415AEF142DEF5409523FA
0EC10C2653DA836D000E8D4A177151B9BBB403FFFFFFFFFFFC9FFF00000415AEF142DEF540952312
0EC2AC26563F836C890E8EB9177280B9ABB403FFFFFFFFFFFC9FFF00000415AEF142DEF54095132A
0EC43C2658B9836C0E0E90601773EBB9BBB303FFFFFFFFFFFC9FFF00000415AEF242DEF540950342
0EC62C265BA0836B890E9237177570B9ABB203FFFFFFFFFFFCAFFF00000415AEF242DEF54095035A
0EC7AC265E01836AFA0E93A41776AAB99BB1134FFFFFFFFFFCAFFF00000215AEF242DEF540950372
0EC8D4265FA9836A6F0E94C1177790B99BB103FFFFFFFFFFFC9FFF00000315AEF242DEF54095038A
0EC8F1265FD48369E50E94CF17779DB9ABB241AFFFFFFFFFFCAFFF00000415AEF242DEF5409503A2
0EC93126603A8369660E95131777D7B9ABB2587FFFFFFFFFFCAFFF00000215AEF242DEF5409503BA
0EC9E92661508368F00E95E6177884B99BB203FFFFFFFFFFFC9FFF00000315AEF242DEF5409503D2
0ECACD2662C08368770E96C5177946B98BB203FFFFFFFFFFFC9FFF00000315AEF242DEF54094F3EA
0ECC572665148367F20E9845177A88B98BB203FFFFFFFFFFFC9FFF00000215AEF242DEF54094F302
0ECDFA2667A38367680E99E8177BE5B97BB103FFFFFFFFFFFC9FFF00000415AEF242DEF54094E31A
0ECFE5266A918366E30E9BF6177DA4B98BB103FFFFFFFFFFFC9FFF00000415AEF242DEF54094E332
0ED30B266F6183665C0E9F24178047B98BB103FFFFFFFFFFFC9FFF00000415AEF342DEF54094E34A
0ED60F2673F08365D40EA2231782C4B98BB103FFFFFFFFFFFCAFFF00000415AEF342DEF54094E362
0ED81726770F8365510EA44317848EB97BB103FFFFFFFFFFFCAFFF00000415AEF342DEF54094E37A
0ED9D926799E8364D70EA595178595B95BB0556FFFFFFFFFFCAFFF00000415AEF342DEF54094E392
0EDA61267A7D8364580EA644178634B91BAD2A5FFFFFFFFFFCAFFF00000415AEF342DEF54094D3AA
0EDA67267A718363DB0EA5E31785DDB8EBAA03FFFFFFFFFFFC9FFF00000315AEF342DEF54094D3C2
0EDACC267B2583635A0EA6A0178680B8BBA703FFFFFFFFFFFC9FFF00000115AEF342DEF54094D3DA
0EDE8D2681278362D30EA9C9178941B89BA503FFFFFFFFFFFC9FFF00000315AEF342DEF44094C3F2
0EE1C02685958362490EAD59178C07B88BA403FFFFFFFFFFFCAFFF00000415AEF342DEF44094C30A
0EE27A2686D38361C00EAE28178CC8B86BA203FFFFFFFFFFFC9FFF00000415AEF342DEF44094D322
0EE4882689EE83613C0EB048178E87B83BA003FFFFFFFFFFFC9FFF00000415AEF342DEF44094C33A
0EE6EC268D9B8360BF0EB2C117909EB82B9E03FFFFFFFFFFFCAFFF00000415AEF342DEF44094C352
0EE9CB26922083604A0EB608179364B81B9C03FFFFFFFFFFFCAFFF00000415AEF442DEF44094C36A
0EEF33269A2A835FD20EBB0917976FB7FB9A3DEFFFFFFFFFFC9FFF00000415AEF442DEF44094C382
0EF1E4269E32835F4C0EBD5E179960B7DB9803FFFFFFFFFFFC8FFF00000415AEF442DEF44094B39A
0EF3A826A0DC835EB80EBF14179ACEB7CB9703FFFFFFFFFFFC8FFF00000415AEF442DEF44094B3B2
0EF4CC26A292835E2B0EC02A179BB1B7DB9603FFFFFFFFFFFCAFFF00000415AEF442DEF44094B3CA
0EF53026A328835DB00EC080179BF9B7CB9503FFFFFFFFFFFCAFFF00000215AEF442DEF44094A3E2
0EF50526A2DC835D3C0EC08D179C05B7BB94644FFFFFFFFFFC9FFF00000315AEF442DEF44094A3FA
0EF5C226A424835CBE0EC0D2179C4DB79B9330BFFFFFFFFFFC9FFF00000115AEF442DEF44094A312
0EF77526A699835C370EC2D6179DEAB79B9103FFFFFFFFFFFC9FFF00000315AEF442DEF44094A32A
0EF98526A9D2835BB20EC50B179FC6B78B9003FFFFFFFFFFFC9FFF00000215AEF442DEF44094A342
0EFC0F26AD99835B310EC76A17A1B8B77B8F109FFFFFFFFFFC9FFF00000315AEF442DEF44094A35A
0EFDD026B050835AB00EC91417A322B75B8E1DBFFFFFFFFFFC9FFF00000415AEF442DEF44094A372
0EFF5526B28E835A2D0ECA9417A45BB73B8D03FFFFFFFFFFFC9FFF00000215AEF542DEF44094938A
0F005326B40F8359AA0ECB8217A51DB72B8C03FFFFFFFFFFFC8FFF00000415AEF542DEF4409493A2
0F013526B56A8359250ECC6417A5DBB70B8B188FFFFFFFFFFCAFFF00000215AEF542DEF4409493BA
0F01BB26B6308358A70ECCF117A650B6EB8A8F2FFFFFFFFFFC9FFF00000415AEF542DEF4409483D2
0F022126B6C783582F0ECD4717A69AB6DB8A03FFFFFFFFFFFC8FFF00000315AEF542DEF4409483EA
0F037926B9188357AF0ECE9C17A7D0B6DB8A03FFFFFFFFFFFCAFFF00000315AEF542DEF440948302
0F073426BE908357250ED27D17AAEEB6DB8903FFFFFFFFFFFC9FFF00000415AEF542DEF44094831A
0F07F226BF9983569C0ED31017AB65B6DB88054FFFFFFFFFFC9FFF00000315AEF542DEF440948332
0F081426BFCE83561C0ED32217AB73B6DB8603FFFFFFFFFFFC9FFF00000315AEF542DEF44094834A
0F081726BFCC83559B0ED32E17AB7DB6BB8503FFFFFFFFFFFC9FFF00000315AEF542DEF440948362
0F083E26C00583551D0ED34917AB8FB69B8303FFFFFFFFFFFC9FFF00000315AEF542DEF44094837A
0F08C626C0E783549E0ED3EC17AC1FB67B835F6FFFFFFFFFFCAFFF00000315AEF542DEF340946392
0F0B4C26C4C48354200ED68E17AE4DB67B8203FFFFFFFFFFFCAFFF00000315AEF642DEF3409463AA
0F0C5A26C63C8353A10ED76417AEF8B66B8103FFFFFFFFFFFC9FFF00000215AEF642DEF3409463C2
0F0D2C26C79A8353190ED84F17AFC2B65B8103FFFFFFFFFFFC9FFF00000315AEF642DEF3409463DA
0F0FCB26CB8C8352900EDB0217B1FFB64B8003FFFFFFFFFFFC9FFF00000315AEF642DEF3409463F2
0F113026CDAA83520A0EDC3B17B307B65B8003FFFFFFFFFFFCAFFF00000315AEF642DEF34094630A
0F12C826D04583518D0EDDF717B48CB66B7F03FFFFFFFFFFFCAFFF00000315AEF642DEF340946322
0F168D26D5FC8351160EE1FE17B7E1B65B7F03FFFFFFFFFFFCAFFF00000315AEF642DEF34094633A
0F19B126DAA083509E0EE4C817BA25B63B7F6E9FFFFFFFFFFCAFFF00000315AEF642DEF340945352
0F1C0226DE2A83501B0EE6E217BBE6B60B7D4F9FFFFFFFFFFCAFFF00000315AEF642DEF34094436A
0F1FB026E3D6834F920EEABB17BF20B5FB7C33DFFFFFFFFFFCAFFF00000315AEF642DEF340944382
0F214826E622834F080EEC0F17C038B5FB7B03FFFFFFFFFFFCAFFF00000115AEF642DEF34094439A
0F219C26E6AE834E830EEC5C17C07FB60B7A03FFFFFFFFFFFC9FFF00000115AEF742DEF3409443B2
0F228426E830834E030EED6D17C171B5FB7A03FFFFFFFFFFFC9FFF00000315AEF742DEF3409443CA
0F246E26EB34834D840EEF6817C320B5EB7903FFFFFFFFFFFCAFFF00000315AEF742DEF3409443E2
0F26E626EEF2834D090EF1FB17C550B5EB7803FFFFFFFFFFFCAFFF00000315AEF742DEF3409443FA
0F2A1D26F3C8834C910EF4DE17C7ACB5DB76051FFFFFFFFFFC9FFF00000315AEF742DEF340944312
0F2C6026F72A834C150EF71417C977B5CB7604AFFFFFFFFFFC8FFF00000215AEF742DEF34094332A
0F2E0D26F9D1834B8D0EF89817CAC1B5AB7703FFFFFFFFFFFC9FFF00000115AEF742DEF340942342
0F2FE226FC8C834AFA0EFAA417CC7CB59B7803FFFFFFFFFFFCAFFF00000215AEF742DEF34094335A
0F316026FED8834A6A0EFC1317CDAEB59B7803FFFFFFFFFFFCAFFF00000315AEF742DEF340942372
0F33582701EB8349EF0EFE4817CF8BB59B7703FFFFFFFFFFFC9FFF00000215AEF742DEF34094238A
0F374D2707F983497E0F024D17D2ECB59B7693DFFFFFFFFFFC9FFF00000215AEF742DEF3409423A2
0F35BF27054283490A0F008017D160B59B7503FFFFFFFFFFFCAFFF00000115AEF742DEF3409423BA
0F3A22270C978348890F040C17D493B59B7403FFFFFFFFFFFC9FFF00000115AEF842DEF3409423D2
0F3D8727114C8347FC0F080D17D7A7B58B7303FFFFFFFFFFFC9FFF00000215AEF842DEF3409423EA
0F3E7B2712C583476E0F08E317D85CB55B7203FFFFFFFFFFFC9FFF00000315AEF842DEF240942302
0F3F902714828346E90F0A0917D963B54B72180FFFFFFFFFFC9FFF00000315AEF842DEF24094131A
0F420627185483466E0F0C7A17DB6EB55B710F7FFFFFFFFFFCAFFF00000315AEF842DEF240941332
0F42AD2719078345F20F0CCC17DB9DB54B7103FFFFFFFFFFFC9FFF00000115AEF842DEF24094034A
0F4368271AB28345720F0E6117DD10B55B7003FFFFFFFFFFFC8FFF00000215AEF842DEF240940362
0F44F7271CB38344F10F0F3C17DDB2B55B6F343FFFFFFFFFFC9FFF00000315AEF842DEF24094037A
0F459C271DC183446F0F100F17DE6BB53B6E51EFFFFFFFFFFC9FFF00000315AEF842DEF240940392
0F4713271FEE8343EE0F117C17DF94B52B6D03FFFFFFFFFFFC9FFF00000315AEF842DEF2409403AA
0F47DD27211383436D0F123917E02DB53B6D03FFFFFFFFFFFC8FFF00000315AEF842DEF2409403C2
0F49892723988342E80F13D117E177B54B6D03FFFFFFFFFFFC8FFF00000315AEF942DEF2409403DA
0F4C0D27276883425C0F163A17E378B52B6D03FFFFFFFFFFFC9FFF00000315AEF942DEF2409403F2
0F4DA62729D38341DA0F17C517E4C5B52B6D0FBFFFFFFFFFFCAFFF00000315AEF942DEF24094030A
0F4FAC272D1B8341600F1A2917E6DDB52B6E03FFFFFFFFFFFCAFFF00000315AEF942DEF240940322
0F52722731678340E60F1C7917E8EDB53B6E03FFFFFFFFFFFCAFFF00000315AEF942DEF24094033A
0F55F92736FF8340650F208517EC42B55B7003FFFFFFFFFFFCAFFF00000315AEF942DEF240940352
0F5872273A8E833FE00F228317EDE5B58B7368EFFFFFFFFFFCAFFF00000315AEF942DEF24093E36A
0F5A99273DFF833F590F24C217EFD9B5DB7608AFFFFFFFFFFCAFFF00000115AEF942DEF24093E382
0F5EE82744A2833ED50F295117F3B2B61B7B03FFFFFFFFFFFCBFFF00000215AEF942DEF24093E39A
0F62CC274A90833E540F2D1217F6CDB65B7E03FFFFFFFFFFFC9FFF00000315AEF942DEF24093D3B2
0F6654274FD6833DD40F301617F949B68B8103FFFFFFFFFFFCAFFF00000315AEF942DEF24093D3CA
0F69772754A7833D540F338F17FC33B6AB8503FFFFFFFFFFFCAFFF00000315AEFA42DEF24093E3E2
0F6D72275A9F833CD20F376317FF63B6CB8703FFFFFFFFFFFCAFFF00000315AEFA42DEF24093C3FA
0F7079275F3F833C550F3A881801FBB6DB8821CFFFFFFFFFFCAFFF00000315AEFA42DEF24093C312
0F72EF2762F5833BD70F3CE61803F4B6DB8903FFFFFFFFFFFCAFFF00000315AEFA42DEF24093C32A
0F75B12766FD833B510F3F7C18060BB6DB8803FFFFFFFFFFFCBFFF00000315AEFA42DEF24093C342
0F7869276B2E833AC70F422A18084DB65B8403FFFFFFFFFFFCAFFF00000115AEFA42DEF24093C35A
0F7C142770A0833A410F45BE180B35B58B7A03FFFFFFFFFFFCAFFF00000315AEFA42DEF24093C372
0F7DC82773228339C10F472D180C61B4DB6E03FFFFFFFFFFFCAFFF00000315AEFA42DEF24093C38A
0F7F2F27757983394A0F481B180D3EB46B6803FFFFFFFFFFFCAFFF00000315AEFA42DEF14093C3A2
0F8300277B4E8338D20F4CAF181119B46B6503FFFFFFFFFFFCAFFF00000315AEFA42DEF14093B3BA
0F889A27837B83384B0F520818155BB47B6461FFFFFFFFFFFCAFFF00000115AEFA42DEF14093A3D2
0F8AE52786C38337BD0F543E181725B48B64324FFFFFFFFFFC9FFF00000215AEFA42DEF14093A3EA
0F8BB627881B8337340F55131817E1B45B6403FFFFFFFFFFFC9FFF00000315AEFB42DEF14093A302
0F8DEF278B8D8336B80F577D1819EBB40B5F03FFFFFFFFFFFCAFFF00000315AEFB42DEF14093A31A
0F8FEE278EA583363C0F5965181B86B3BB5903FFFFFFFFFFFCAFFF00000315AEFB42DEF14093A332
0F91D727919B8335BC0F58DD181B34B36B5503FFFFFFFFFFFCBFFF00000315AEFB42DEF14093A34A
0F9850279B728335390F61D018228BB33B5203FFFFFFFFFFFCBFFF00000115AEFB42DEF140939362
0F9EC527A5518334B30F687D182810B32B5103FFFFFFFFFFFCAFFF00000215AEFB42DEF14093A37A
0FA46327AD5F83342D0F6D73182C1AB32B4E03FFFFFFFFFFFCAFFF00000315AEFB42DEF140939392
0FA57827AF278333AB0F6E5B182CF6B30B4D03FFFFFFFFFFFCAFFF00000315AEFB42DEF1409383AA
0FA7D027B2BC83332D0F70DA182F02B2FB4C03FFFFFFFFFFFCCFFF00000315AEFB42DEF1409383C2
0FA92027B4A78332AC0F71D7182FCFB2DB4B7A4FFFFFFFFFFCBFFF00000315AEFB42DEF1409383DA
0FA9E927B5FF8332260F72E91830C4B2DB4B3C5FFFFFFFFFFCBFFF00000315AEFB42DEF1409383F2
0FAEAF27BD2F8331A30F77C41834C2B2CB4A03FFFFFFFFFFFCAFFF00000315AEFC42DEF14093830A
0FB44127C5988331250F7D6F183972B2CB4A76EFFFFFFFFFFCAFFF00000315AEFC42DEF140938322
0FB73127C9BA8330A70F7FEC183B6BB2DB49C87FFFFFFFFFFC8FFF00000215AEFC42DEF14093833A
0FB82127CB498330230F80E4183C56B2DB4803FFFFFFFFFFFC9FFF00000215AEFC42DEF140938352
0FBA9727CF05832F9E0F836F183E64B2CB4710EFFFFFFFFFFCAFFF00000315AEFC42DEF14093836A
0FBC2E27D16C832F150F84DA183F95B2BB4703FFFFFFFFFFFC9FFF00000315AEFC42DEF140937382
0FBFA727D6D2832E900F88771842A3B29B4703FFFFFFFFFFFC9FFF00000315AEFC42DEF14093639A
0FC3AE27DCBF832E0F0F8C4F1845C2B28B4703FFFFFFFFFFFCAFFF00000315AEFC42DEF1409363B2
0FC80227E35F832D950F918A184A19B26B4690CFFFFFFFFFFCAFFF00000315AEFC42DEF1409363CA
0FCD4D27EB1A832D250F9611184DC6B24B4403FFFFFFFFFFFCAFFF00000315AEFC42DEF1409363E2
0FC97927E57B832D280F95F3184DB2B23B4403FFFFFFFFFFFCBFFF00000115AEFC42DEF1409363FA
0FC90927E52C832D1B0F979E184F10B24B4303FFFFFFFFFFFCBFFF00000215AEFD42DEF140936312
0FCF7827EE59832D0F0F97EF184F66B25B4203FFFFFFFFFFFCAFFF00000115AEFD42DEF04093532A
0FCF7E27EE87832D110F981C184F97B26B4303FFFFFFFFFFFCAFFF00000115AEFD42DEF040936342
0FCF5727EE52832D190F97FE184F86B26B4305AFFFFFFFFFFCAFFF00000215AEFD42DEF04093535A
0FCF5C27EE6E832D240F97BD184F4FB26B4344BFFFFFFFFFFCAFFF00000115AEFD42DEF040935372
0FCF2827EE20832D2E0F97A6184F3FB24B4303FFFFFFFFFFFCAFFF00000215AEFD42DEF04093438A
0FCF0027EDED832D340F9789184F2DB24B4403FFFFFFFFFFFCAFFF00000315AEFD42DEF0409343A2
0FCF1927EE17832D2E0F9797184F3AB25B4403FFFFFFFFFFFCAFFF00000315AEFD42DEF0409343BA
0FCF5527EE7E832D210F97BB184F5AB24B4403FFFFFFFFFFFCAFFF00000315AEFD42DEF0409343D2
0FCF8C27EED5832D150F9807184F9FB25B4303FFFFFFFFFFFCBFFF00000315AEFD42DEF0409343EA
0FCF9A27EEF4832D140F97FE184F98B24B4303FFFFFFFFFFFC8FFF00000315AEFD42DEF040934302
0FCF6227EE9D832D1F0F97DA184F7EB24B4303FFFFFFFFFFFCBFFF00000215AEFE42DEF04093331A
0FCF3F27EE69832D320F97BA184F64B23B4203FFFFFFFFFFFCAFFF00000015AEFE42DEF040933332
0FCF2927EE58832D3D0F9784184F3CB23B432DEFFFFFFFFFFCBFFF00000215AEFE42DEF04093334A
0FCF1E27EE3D832D3C0F978D184F45B23B431BEFFFFFFFFFFC9FFF00000315AEFE42DEF040932362
0FCF3627EE69832D2F0F97AD184F5FB23B4203FFFFFFFFFFFCAFFF00000315AEFE42DEF04093237A
0FCF6527EEB3832D210F97E0184F8FB25B4203FFFFFFFFFFFCBFFF00000315AEFE42DEF040932392
0FCFAA27EF22832D160F9803184F9FB25B4303FFFFFFFFFFFCAFFF00000115AEFE42DEF0409323AA
0FCF9727EF09832D190F9810184FC2B26B4303FFFFFFFFFFFCAFFF00000015AEFE42DEF0409323C2
0FCF4B27EE8F832D280F97E7184F9DB25B4303FFFFFFFFFFFCAFFF00000215AEFE42DEF0409323DA
0FCF2C27EE66832D3A0F9792184F52B24B4203FFFFFFFFFFFC9FFF00000315AEFE42DEF0409327F2
0FCF0D27EE39832D420F977E184F40B23B4203FFFFFFFFFFFC9FFF00000315AEFE42DEF04093170A
0FCF1027EE3D832D3C0F9791184F51B22B4203FFFFFFFFFFFCAFFF00000115AEFE42DEF040931322
0FCF5727EEB4832D2C0F97C2184F7DB23B423CFFFFFFFFFFFCAFFF00000215AEFF42DEF04093073A
0FCF9927EF11832D1E0F9817184FC4B24B4203FFFFFFFFFFFC9FFF00000215AEFF42DEF040931352
0FCFB427EF3E832D190F9854184FF8B24B4203FFFFFFFFFFFC8FFF00000115AEFF42DEF04093076A
0FCF7627EEDD832D220F981E184FCCB24B4203FFFFFFFFFFFC9FFF00000215AEFF42DEF040930382
0FCF5A27EEBF832D320F97CF184F8BB24B4203FFFFFFFFFFFCAFFF00000215AEFF42DEEF4093079A
0FCF2A27EE6E832D3C0F979A184F5DB24B4203FFFFFFFFFFFCAFFF00000115AEFF42DEEF409303B2
0FCF2127EE5F832D380F97AD184F70B24B4203FFFFFFFFFFFC9FFF00000215AEFF42DEEF409307CA
0FCF5527EEB8832D2F0F97C0184F82B24B4203FFFFFFFFFFFC9FFF00000215AEFF42DEEF409307E2
0FCF7427EEE7832D2C0F97F0184FADB23B4203FFFFFFFFFFFCBFFF00000115AEFF42DEEF4092F3FA
0FCF6C27EED5832D290F97F8184FB8B23B4215BFFFFFFFFFFCAFFF00000215AF0042DEEF4092F312
0FCF8727EF00832D270F9803184FBDB23B422A3FFFFFFFFFFCAFFF00000215AF0042DEEF4092E32A
0FCFA327EF2C832D270F97EE184FAFB23B4203FFFFFFFFFFFC9FFF00000215AF0042DEEF4092E342
0FCF8427EF10832D2D0F97F6184FB5B22B4203FFFFFFFFFFFCAFFF00000215AF0042DEEF4092E35A
0FCF6D27EEEA832D370F97F7184FB9B22B4218DFFFFFFFFFFCAFFF00000215AF0042DEEF4092E372
0FCF3727EE8A832D3B0F97F2184FB7B22B42A0DFFFFFFFFFFCAFFF00000215AF0042DEEF4092E38A
0FCF4627EEA5832D370F97F2184FB6B22B4303FFFFFFFFFFFCAFFF00000215AF0042DEEF4092E3A2
0FCF6D27EEE5832D320F9803184FC7B22B4303FFFFFFFFFFFC9FFF00000215AF0042DEEF4092D3BA
0FCF8D27EF0C832D2D0F9821184FDEB21B4203FFFFFFFFFFFC9FFF00000115AF0042DEEF4092D3D2
0FCF8027EF0A832D280F9808184FCBB21B4303FFFFFFFFFFFC9FFF00000115AF0042DEEF4092D3EA
0FCFA527EF30832D290F97D2184F9CB22B43300FFFFFFFFFFC9FFF00000115AF0142DEEF4092C302
0FCF8527EF05832D320F97BC184F87B22B4206FFFFFFFFFFFCAFFF00000215AF0142DEEF4092D31A
0FCF4727EEB6832D3F0F97AD184F7BB21B4303FFFFFFFFFFFCAFFF00000015AF0142DEEF4092C332
0FCF4C27EEB3832D3E0F97A7184F76B22B4203FFFFFFFFFFFCAFFF00000115AF0142DEEF4092C34A
0FCF4A27EEB5832D350F97B7184F85B22B42777FFFFFFFFFFCCFFF00000215AF0142DEEF4092C362
0FCF4927EEB9832D300F97BE184F8BB22B433DFFFFFFFFFFFCCFFF00000115AF0142DEEF4092C37A
0FCF2327EE75832D310F97F9184FB9B23B4203FFFFFFFFFFFCAFFF00000015AF0142DEEF4092C392
0FCF1A27EE68832D350F97DC184FA5B23B4303FFFFFFFFFFFCBFFF00000115AF0142DEEF4092A3AA
0FCF1B27EE6D832D390F97A6184F77B22B4403FFFFFFFFFFFCAFFF00000215AF0142DEEF4092B3C2
0FCF1C27EE73832D3B0F97AD184F7CB22B4303FFFFFFFFFFFCAFFF00000115AF0242DEEF4092B3DA
0FCF1B27EE75832D3A0F97BB184F85B22B42209FFFFFFFFFFCAFFF00000115AF0242DEEF4092B3F2
0FCF2227EE7C832D3B0F97CF184F94B23B4203FFFFFFFFFFFC9FFF00000215AF0242DEEF4092A30A
0FCF3B27EE99832D3F0F97BB184F86B24B4203FFFFFFFFFFFC9FFF00000215AF0242DEEF4092A322
0FCF3C27EE9A832D3E0F97B7184F80B23B4203FFFFFFFFFFFCAFFF00000215AF0242DEEF4092A33A
0FCF2527EE80832D370F97BF184F84B25B4394AFFFFFFFFFFCAFFF00000215AF0242DEEF4092A352
0FCF2827EE83832D360F97CD184F95B27B4303FFFFFFFFFFFCAFFF00000215AF0242DEEF4092A36A
0FCF4227EEA5832D3B0F97BF184F8CB26B4303FFFFFFFFFFFCAFFF00000215AF0242DEEF4092A382
0FCF3D27EE9C832D430F97AE184F7FB24B4303FFFFFFFFFFFCBFFF00000215AF0342DEEF4092A39A
0FCF3427EE90832D480F9797184F6AB24B4303FFFFFFFFFFFCAFFF00000215AF0342DEEF409283B2
0FCF2B27EE8C832D450F9795184F6AB22B42138FFFFFFFFFFCBFFF00000115AF0342DEEF409283CA
0FCF2E27EE8E832D3E0F979F184F74B22B430E0FFFFFFFFFFC9FFF00000115AF0342DEEF409283E2
0FCF2D27EE84832D3C0F97BE184F8AB22B4303FFFFFFFFFFFCAFFF00000215AF0342DEEF409283FA
0FCF3327EE93832D3F0F97C6184F8FB22B4303FFFFFFFFFFFCAFFF00000215AF0342DEEF40928312
0FCF3027EE89832D450F9791184F68B23B422DBFFFFFFFFFFC9FFF00000215AF0342DEEF4092832A
0FCF1027EE64832D460F9784184F5CB22B424FFFFFFFFFFFFC9FFF00000215AF0342DEEF40928342
0FCF0427EE49832D470F9786184F5BB22B4203FFFFFFFFFFFC9FFF00000115AF0442DEEF4092835A
0FCEFA27EE38832D480F9791184F63B23B4303FFFFFFFFFFFCAFFF00000115AF0442DEEF40927372
0FCF0827EE4D832D490F978D184F60B22B4303FFFFFFFFFFFCAFFF00000115AF0442DEEF4092838A
0FCF1527EE61832D480F9775184F4DB22B4303FFFFFFFFFFFCAFFF00000115AF0442DEEF409263A2
0FCF1C27EE6F832D450F977D184F53B21B4303FFFFFFFFFFFCAFFF00000115AF0442DEEF409263BA
0FCF1D27EE74832D420F978A184F5DB22B4303FFFFFFFFFFFCAFFF00000115AF0442DEEF409263D2
0FCF2327EE76832D430F9793184F63B22B4303FFFFFFFFFFFCAFFF00000215AF0442DEEF409263EA
0FCF0A27EE4F832D4B0F9776184F4EB24B4303FFFFFFFFFFFC9FFF00000215AF0442DEEF40926302
0FCEDA27EE09832D560F9749184F2CB25B4303FFFFFFFFFFFC9FFF00000115AF0542DEEF4092631A
0FCEF227EE27832D540F973B184F20B23B432D7FFFFFFFFFFCAFFF00000115AF0542DEEF40926332
0FCEE527EE13832D490F9742184F26B22B43A7DFFFFFFFFFFCAFFF00000215AF0542DEEF4092634A
0FCEEB27EE20832D410F9756184F35B23B4203FFFFFFFFFFFCAFFF00000215AF0542DEEF40925362
0FCEDB27EE01832D430F977B184F56B23B4203FFFFFFFFFFFCAFFF00000215AF0542DEEF4092637A
0FCEF027EE27832D4D0F975B184F42B24B4203FFFFFFFFFFFCAFFF00000215AF0542DEEF40925392
0FCFCE27EF90832D160F97D1184FA0B26B4303FFFFFFFFFFFCAFFF00000215AF0542DEEF409243AA
0FD1A727F261832CD40F99EE185166B23B42368FFFFFFFFFFCBFFF00000215AF0642DEEF409243C2
0FD36527F4F5832C6F0F9C6B185361B22B42B11FFFFFFFFFFCBFFF00000215AF0642DEEF409243DA
0FD44327F61C832C0D0F9CA3185390B23B4203FFFFFFFFFFFCAFFF00000215AF0642DEF0409243F2
0FD4E127F70B832BAA0F9D36185406B22B4103FFFFFFFFFFFCAFFF00000215AF0642DEF04092430A
0FD57527F7D4832B470F9DC7185477B20B4103FFFFFFFFFFFC9FFF00000215AF0642DEF040924322
0FD5A427F820832AE50F9DFA1854A3B20B4103FFFFFFFFFFFCAFFF00000215AF0642DEF04092433A
0FD5EC27F875832A870F9EB9185536B21B4059DFFFFFFFFFFCAFFF00000215AF0642DEF040924352
0FD74F27FAB9832A2B0F9FBA185612B23B40291FFFFFFFFFFC9FFF00000215AF0742DEF04092436A
0FD97A27FDC58329CF0FA1FC1857F2B22B4003FFFFFFFFFFFC9FFF00000215AF0742DEF040922382
0FDBA32801308329750FA665185B86B20B4003FFFFFFFFFFFC9FFF00000215AF0742DEF04092339A
0FE1F8280AA18329130FAC2418603FB1EB3D03FFFFFFFFFFFC9FFF00000115AF0742DEF0409223B2
0FE5DB2810868328AC0FB2C31865A0B1CB3B05AFFFFFFFFFFC9FFF00000215AF0742DEF0409223CA
0FEFBB281F718328470FBAB6186C26B18B37789FFFFFFFFFFC9FFF00000215AF0742DEF0409223E2
0FF5E42828438327E80FBF1E186FC2B14B32303FFFFFFFFFFCAFFF00000215AF0742DEF0409223FA
0FF987282D8883278D0FC2F71872F2B0DB2C845FFFFFFFFFFCAFFF00000215AF0842DEF040922312
0FF966282DE78327330FC4E61874B2B06B2668EFFFFFFFFFFCBFFF00000215AF0842DEF04092132A
0FFA86282EE98326D80FC3B51873B5B01B2203FFFFFFFFFFFC9FFF00000215AF0842DEF040921342
10077128438C8326780FD324188059AFFB2003FFFFFFFFFFFCBFFF00000215AF0842DEF04092135A
1010E228504B8326120FD8C01884BDAFDB1C03FFFFFFFFFFFCAFFF00000215AF0842DEF040921372
1015D02857C68325AA0FDDC51888F7AFAB1A125FFFFFFFFFFCAFFF00000215AF0842DEF04092038A
101B2C285F7E8325460FE320188D38AF6B176D3FFFFFFFFFFC9FFF00000215AF0842DEF0409203A2
101E292863FD8324E80FE5BB188F51AF3B14112FFFFFFFFFFC9FFF00000215AF0942DEF0409203BA
10203728672B83248B0FE7DA189121AF2B14052FFFFFFFFFFCAFFF00000215AF0942DEF0409203D2
10230A286B4A83242B0FEA8F189350AF1B1303FFFFFFFFFFFCCFFF00000215AF0942DEF0409203EA
102482286D7C8323CB0FEBCF189467AF0B1103FFFFFFFFFFFCBFFF00000215AF0942DEF040920302
1025FF286FBE8323690FED7B1895C6AF0B11218FFFFFFFFFFCAFFF00000215AF0942DEF04092031A
1027AD2872488323060FEF2B18972FAF1B118ACFFFFFFFFFFCBFFF00000215AF0942DEF140920332
10295C2874C58322A40FF0C7189879AF3B1303FFFFFFFFFFFCAFFF00000215AF0942DEF14092034A
102A8628767F83223F0FF1E2189964AF3B1303FFFFFFFFFFFCAFFF00000215AF0A42DEF140920362
102BCE28786E8321D60FF354189AA1AF3B1503FFFFFFFFFFFCBFFF00000115AF0A42DEF14092037A
102E67287C498321780FF5CD189C97AF4B1503FFFFFFFFFFFCBFFF00000115AF0A42DEF14091E392
10326A2882888321220FF92B189F69AF2B142DBFFFFFFFFFFCBFFF00000215AF0A42DEF14091E3AA
10392F288C2B8320C110007118A543AF1B13AB5FFFFFFFFFFCAFFF00000215AF0A42DEF14091E3C2
103AF3288EDE83205710027718A6E2AEEB1303FFFFFFFFFFFC9FFF00000215AF0A42DEF14091E3DA
103BD4289013831FF21002E718A743AEEB1203FFFFFFFFFFFCAFFF00000215AF0A42DEF14091E3F2
103CE12891BB831F941003D418A80AAECB1003FFFFFFFFFFFCAFFF00000215AF0B42DEF14091D30A
103E5D2893F4831F3710056118A959AEBB0E1AAFFFFFFFFFFCCFFF00000215AF0B42DEF14091D322
103FFD289663831ED510072118AAC6AEAB0C4FBFFFFFFFFFFCBFFF00000215AF0B42DEF14091D33A
10427F289A12831E7110097A18ACAFAE6B0BBE7FFFFFFFFFFCAFFF00000215AF0B42DEF14091D352
1043ED289C25831E0F100ADC18ADCAAE5B0903FFFFFFFFFFFCAFFF00000115AF0B42DEF14091C36A
104587289E89831DAD100C8A18AF2BAE4B0803FFFFFFFFFFFCAFFF00000115AF0B42DEF14091C382
10471328A0CF831D4A100E2318B079AE3B0703FFFFFFFFFFFCAFFF00000215AF0B42DEF14091C39A
1048C328A332831CEB100FAC18B1AAAE1B0503FFFFFFFFFFFCBFFF00000215AF0C42DEF24091C3B2
104A3128A53C831C8D10110C18B2C4AE1B04563FFFFFFFFFFCBFFF00000215AF0C42DEF24091C3CA
104AD028A635831C2A1011AF18B34AADFB03297FFFFFFFFFFCBFFF00000215AF0C42DEF24091C3E2
104C5E28A895831BC610136118B4B3ADDB0103FFFFFFFFFFFCAFFF00000115AF0C42DEF24091B3FA
104DDC28AACF831B631014C418B5DBADBB0003FFFFFFFFFFFCAFFF00000115AF0C42DEF24091C312
1051CA28B08A831AFF1018BD18B907ADAB0003FFFFFFFFFFFCAFFF00000215AF0C42DEF24091B32A
10545C28B435831A9F101B2C18BAF1AD9AFE03FFFFFFFFFFFC9FFF00000115AF0D42DEF24091A342
10568828B748831A3F101D2B18BC89AD6AFC6C9FFFFFFFFFFCAFFF00000015AF0D42DEF24091A35A
1056F428B7EC8319DD101DA018BCEAAD6AFB2E9FFFFFFFFFFCAFFF00000115AF0D42DEF24091A372
10576328B89283197B101E1218BD47AD6AFA7A7FFFFFFFFFFC9FFF00000215AF0D42DEF24091A38A
1057CB28B92683191E101E7818BD95AD5AFA65AFFFFFFFFFFC9FFF00000215AF0D42DEF24091A3A2
10581028B9918318C1101EBB18BDCDAD3AF903FFFFFFFFFFFCAFFF00000215AF0D42DEF24091A3BA
10593928BB5683185D101FE618BECAAD4AF9046FFFFFFFFFFCAFFF00000215AF0D42DEF24091A3D2
105B4828BE728317F210220518C08DAD2AF993AFFFFFFFFFFCAFFF00000215AF0E42DEF2409193EA
105DE828C2398317891024A218C29DAD2AF8370FFFFFFFFFFCAFFF00000215AF0E42DEF240919302
10604C28C5BD8317291026C818C458AD3AF903FFFFFFFFFFFCBFFF00000215AF0E42DEF34091831A
1062FD28C9978316D210294618C65BAD4AF7136FFFFFFFFFFCBFFF00000215AF0E42DEF340918332
10656E28CD46831677102BE318C87CAD2AF69AFFFFFFFFFFFCAFFF00000215AF0E42DEF34091834A
1067B528D075831613102E2D18CA45ACFAF50E9FFFFFFFFFFCAFFF00000115AF0E42DEF340918362
10697A28D30C8315AE10301818CBCFACEAF503FFFFFFFFFFFCAFFF00000115AF0F42DEF34091837A
106B2328D57983154910319A18CD07ACFAF503FFFFFFFFFFFCAFFF00000215AF0F42DEF340918392
106CE928D8178314E710332418CE48AD0AF503FFFFFFFFFFFCBFFF00000215AF0F42DEF3409183AA
106FD328DC7583148210362818D0B7AD0AF61BEFFFFFFFFFFCBFFF00000215AF0F42DEF3409183C2
10752D28E41B83141B103B8E18D502AD1AF7B5DFFFFFFFFFFCAFFF00000215AF0F42DEF3409183DA
1078F428E9958313BF103F1818D7D4AD1AF7102FFFFFFFFFFCAFFF00000215AF0F42DEF3409183F2
107B5D28ED0683136A10412518D96EACEAF603FFFFFFFFFFFCAFFF00000215AF0F42DEF34091730A
107C4F28EE5183130B10426118DA73ACBAF3284FFFFFFFFFFCAFFF00000115AF1042DEF340918322
107C9C28EECC8312A21042CA18DACBACAAF29EBFFFFFFFFFFCAFFF00000115AF1042DEF44091633A
107D3728EFAE83123710436618DB47AC9AF003FFFFFFFFFFFCAFFF00000015AF1042DEF440916352
107D9A28F0458311D11043CE18DB99AC7AEF03FFFFFFFFFFFC9FFF00000115AF1042DEF44091636A
107E4128F13583117010446B18DC1AAC8AEF03FFFFFFFFFFFC9FFF00000215AF1042DEF440916382
107F0228F24D83111510451F18DCA8AC9AEF03FFFFFFFFFFFCAFFF00000215AF1042DEF44091639A
10800628F3C78310BC10461318DD6CACAAEF337FFFFFFFFFFCAFFF00000115AF1142DEF4409153B2
10813228F58E83106010474218DE64ACBAEFB5BFFFFFFFFFFCBFFF00000115AF1142DEF4409153CA
10842828F9E6830FFB104A1318E0AEACCAEF3AFFFFFFFFFFFCBFFF00000215AF1142DEF4409153E2
10866F28FD17830F8D104C8F18E29DACCAF009AFFFFFFFFFFCAFFF00000015AF1142DEF4409143FA
108B182903E9830F201050CB18E5FBACEAF04B1FFFFFFFFFFCAFFF00000115AF1142DEF440914312
108F78290A0A830EC41054EA18E925AD0AF18F4FFFFFFFFFFCAFFF00000115AF1142DEF44091432A
10922E290DFC830E7110576B18EB2EACFAF303FFFFFFFFFFFCAFFF00000015AF1242DEF440914342
1094CD2911CA830E191059F218ED3CAD0AF53FAFFFFFFFFFFCAFFF00000115AF1242DEF54091435A
10969A291471830DB4105C4518EF23AD3AF509CFFFFFFFFFFC9FFF00000015AF1242DEF540914372
10995C291862830D4A105F2E18F170AD3AF603FFFFFFFFFFFC9FFF00000015AF1242DEF54091438A
109B86291B83830CE010615418F321AD3AF73ACFFFFFFFFFFCAFFF00000115AF1242DEF5409133A2
109DE3291EF9830C8010636F18F4CAAD4AF7826FFFFFFFFFFCAFFF00000115AF1242DEF5409143BA
10A12B292382830C2410668F18F73CAD3AF803FFFFFFFFFFFCBFFF00000115AF1342DEF5409133D2
10A2D02925E2830BC910686918F8AFAD3AF703FFFFFFFFFFFCAFFF00000115AF1342DEF5409133EA
10A3EE292799830B6610699B18F9B6AD3AF603FFFFFFFFFFFCAFFF00000115AF1342DEF540912302
10A7AD292D33830B05106D0718FC76AD0AF4A35FFFFFFFFFFCBFFF00000115AF1342DEF54091231A
10ABBC2932D4830AA81070CD18FF66ACDAF203FFFFFFFFFFFCAFFF00000015AF1342DEF540912332
10AFAB293862830A4B10749319025AACCAF203FFFFFFFFFFFCAFFF00000115AF1342DEF54091234A
10B2FB293D428309E210786C190581ACAAF103FFFFFFFFFFFCAFFF00000115AF1442DEF640912362
10B6382941F2830975107BAD190819ACAAF003FFFFFFFFFFFCBFFF00000115AF1442DEF64091237A
10B84729450D830913107D941909ADAC6AF01F9FFFFFFFFFFCBFFF00000115AF1442DEF640911392
10BBA82949D08308BB10806D190BDFAC5AED170FFFFFFFFFFCCFFF00000115AF1442DEF6409123AA
10BCF3294BA183086110820A190D2AAC1AEA3D6FFFFFFFFFFCBFFF00000115AF1442DEF6409113C2
10BEAF294E438308061083F6190EC1AC0AE709CFFFFFFFFFFCBFFF00000115AF1442DEF6409103DA
10C1102951AF8307A610864A19109BAC0AE403FFFFFFFFFFFCAFFF00000115AF1442DEF6409103F2
10C31329549383073F108866191247ABDAE303FFFFFFFFFFFCBFFF00000015AF1542DEF64091030A
10C65D2959118306D5108B9C1914B9ABBAE003FFFFFFFFFFFCBFFF00000015AF1542DEF640910322
10C71F295A1F830672108C4619153DAB8ADD03FFFFFFFFFFFCBFFF00000115AF1542DEF64091033A
10C7D9295B2E830613108D0C1915DBAB7ADB03FFFFFFFFFFFCBFFF00000115AF1542DEF740910352
10C858295BE58305B6108D70191629AB5ADA03FFFFFFFFFFFC9FFF00000115AF1542DEF74091036A
10C93F295D3F83055B108E701916FBAB5ADA4C7FFFFFFFFFFC9FFF00000015AF1542DEF740910382
10CACF295F858304FE108FFD191838AB7ADA03FFFFFFFFFFFCAFFF00000015AF1642DEF74090F39A
10CD7E29633E83049D109281191A29AB7ADA03FFFFFFFFFFFCAFFF00000115AF1642DEF74090F3B2
10CE8F2964B183043A1093A4191B09AB4ADA03FFFFFFFFFFFCAFFF00000115AF1642DEF74090F3CA
10CF8A2966328303D41094A6191BE1AB1AD903FFFFFFFFFFFCAFFF00000115AF1642DEF74090E3E2
10D0B22967E083036E1095BD191CC3AB0AD703FFFFFFFFFFFCAFFF00000115AF1642DEF74090E3FA
10D11129687283030D10961F191D10AB1AD803FFFFFFFFFFFCBFFF00000015AF1642DEF74090E312
10D24C296A478302AF109752191E0FAB1AD803FFFFFFFFFFFCAFFF00000115AF1742DEF74090E32A
10D344296BB1830255109825191EB9AAEAD603FFFFFFFFFFFC9FFF00000115AF1742DEF84090E342
10D3D7296C8B8301FA1098AA191F23AAEAD403FFFFFFFFFFFCAFFF00000115AF1742DEF84090E35A
10D6E32970F5830198109BBF192197AAFAD303FFFFFFFFFFFC9FFF00000115AF1742DEF84090D372
10DC6E29789583013610A104192594AABAD16A4FFFFFFFFFFCAFFF00000115AF1742DEF84090D38A
10D8DC29739C83010110A26B1926B7AA4ACE5ACFFFFFFFFFFCBFFF00000115AF1742DEF84090D3A2
10DB7929777B8300FD10A45219282EAA3AC90CEFFFFFFFFFFC9FFF00000115AF1842DEF84090C3BA
10DF8C297D1983010510A49C192870AA4AC803FFFFFFFFFFFC8FFF00000115AF1842DEF84090D3D2
10DFEB297D7A83010910A4CD192898AA3AC703FFFFFFFFFFFC9FFF00000015AF1842DEF84090C3EA
10E011297DB083010610A50C1928CCAA2AC703FFFFFFFFFFFC9FFF00000015AF1842DEF84090C302
10E045297DF783010610A5141928D0AA2AC903FFFFFFFFFFFCBFFF00000015AF1842DEF94090C31A
10E030297DEC83010B10A51B1928DAAA1AC803FFFFFFFFFFFCAFFF00000115AF1842DEF94090C332
10E055297E3083010C10A543192901A9FAC803FFFFFFFFFFFC9FFF00000115AF1942DEF94090C34A
10E09D297EA983010810A584192937A9DAC7204FFFFFFFFFFCBFFF00000015AF1942DEF94090C362
10E0B3297EC183010710A5B0192966A9EAC8436FFFFFFFFFFC8FFF00000015AF1942DEF94090C37A
10E0D9297F0983010910A5D7192985A9EAC903FFFFFFFFFFFCAFFF00000115AF1942DEF94090B392
10E108297F4C83010510A5F91929A6A9EAC803FFFFFFFFFFFCAFFF00000115AF1942DEF94090A3AA
10E10F297F6083010510A6001929A8AA1AC903FFFFFFFFFFFC9FFF00000115AF1942DEF94090A3C2
10E0E7297F2283010B10A59B19295AAA2AC903FFFFFFFFFFFC9FFF00000015AF1A42DEF94090A3DA
10E0C9297EF783011310A5E1192990AA3AC903FFFFFFFFFFFCAFFF00000015AF1A42DEFA4090A3F2
10E0EE297F3D83011310A663192A03A9FACA5DBFFFFFFFFFFCAFFF00000015AF1A42DEFA4090A30A
10E141297FB083010D10A6831929FDA9EAC80D7FFFFFFFFFFCAFFF00000115AF1A42DEFA4090A322
10E136297FA783010710A6FC192A4DAA2AC803FFFFFFFFFFFCAFFF00000115AF1A42DEFA4090A33A
10E117297F9183010710A752192A7FAA4AC947BFFFFFFFFFFCBFFF00000115AF1A42DEFA40909352
10E19129803183010910A6EF192A4FAA2AC90B5FFFFFFFFFFCAFFF00000115AF1B42DEFA4090A36A
10E17C29801283010F10A670192A19AA0ACA03FFFFFFFFFFFCAFFF00000115AF1B42DEFA4090A382
10E17429800583011510A6341929E0A9EACA03FFFFFFFFFFFC9FFF00000115AF1B42DEFA4090839A
10E18529802A83011310A62A1929D9A9FACA03FFFFFFFFFFFCAFFF00000115AF1B42DEFA409093B2
10E17829800C83010F10A6211929D7AA0ACB03FFFFFFFFFFFCAFFF00000115AF1B42DEFB409083CA
10E157297FE583010C10A665192A0CAA1ACA03FFFFFFFFFFFC9FFF00000015AF1B42DEFB409083E2
10E17A29801383010E10A6501929FEAA1AC903FFFFFFFFFFFC9FFF00000115AF1C42DEFB409083FA
10E1A729805983011110A5F31929B6AA2ACA03FFFFFFFFFFFCAFFF00000115AF1C42DEFB40908312
10E19629804B83011010A6161929D6AA0ACA03FFFFFFFFFFFC9FFF00000115AF1C42DEFB4090832A
10E17429801183011010A62E1929E1A9FAC83EEFFFFFFFFFFC9FFF00000115AF1C42DEFB40908342
10E162297FF583011010A63E1929ECA9DAC803FFFFFFFFFFFCBFFF00000015AF1C42DEFB4090835A
10E154297FE383011210A6551929FEA9FAC7608FFFFFFFFFFCAFFF00000015AF1D42DEFB40908372
10E15F297FEF83011310A666192A0EAA0AC84B6FFFFFFFFFFCBFFF00000115AF1D42DEFB4090738A
10E18F29803A83011410A696192A31AA1ACB03FFFFFFFFFFFCAFFF00000115AF1D42DEFC409073A2
10E1AC29806383011210A74A192AB1AA0ACA03FFFFFFFFFFFCAFFF00000015AF1D42DEFC409073BA
10E2192980F083011110A7EA192B25AA1AC903FFFFFFFFFFFCAFFF00000015AF1D42DEFC409063D2
10E25729816383011010A7BC192B1CAA4AC803FFFFFFFFFFFCAFFF00000115AF1D42DEFC409063EA
10E24229813E83011410A6FE192A9BAA3AC803FFFFFFFFFFFCBFFF00000115AF1E42DEFC40906302
10E23329813B83011510A6CE192A72AA2AC803FFFFFFFFFFFCAFFF00000115AF1E42DEFC4090631A
10E1FA2980DB83011210A6BF192A66AA0AC803FFFFFFFFFFFC9FFF00000015AF1E42DEFC40906332
10E1ED2980D283010E10A6C5192A63AA1AC903FFFFFFFFFFFCAFFF00000015AF1E42DEFC4090634A
10E1A329806283011310A680192A2CAA1ACA54AFFFFFFFFFFCAFFF00000015AF1E42DEFD40906362
10E18429803183011910A665192A16AA0AC80D1FFFFFFFFFFC9FFF00000115AF1E42DEFD4090637A
10E17A29802483011710A663192A15AA1AC803FFFFFFFFFFFCAFFF00000015AF1F42DEFD40905392
10E16B29800B83011210A661192A12AA2AC903FFFFFFFFFFFCAFFF00000015AF1F42DEFD409053AA
10E162297FFD83011010A662192A10AA0ACA03FFFFFFFFFFFCAFFF00000015AF1F42DEFD409043C2
10E16B29800583011310A668192A16A9EAC803FFFFFFFFFFFC9FFF00000115AF1F42DEFD409043DA
10E16E29800E83011710A660192A0FAA0AC903FFFFFFFFFFFC9FFF00000115AF1F42DEFD409043F2
10E17E29802483011910A65C192A0EAA2AC903FFFFFFFFFFFCAFFF00000115AF2042DEFD4090430A
10E18A29803883011A10A671192A1FAA4AC903FFFFFFFFFFFC8FFF00000115AF2042DEFE40904322
10E19029804683011510A673192A23AA5AC903FFFFFFFFFFFC9FFF00000015AF2042DEFE4090433A
10E19629804D83011310A682192A2CAA2AC9391FFFFFFFFFFC9FFF00000015AF2042DEFE40903352
10E1AA29806183011310A694192A3AAA3AC803FFFFFFFFFFFC9FFF00000115AF2042DEFE4090436A
10E1B929807D83011410A691192A39AA2AC803FFFFFFFFFFFCAFFF00000115AF2142DEFE40903382
10E1B629807983011410A694192A3DAA2AC703FFFFFFFFFFFC9FFF00000115AF2142DEFE4090339A
10E1B329807383011810A6A2192A48AA2AC703FFFFFFFFFFFC9FFF00000015AF2142DEFE409023B2
10E1B629807783011F10A6AE192A52AA2AC7588FFFFFFFFFFCBFFF00000015AF2142DEFE409023CA
10E1B729807D83011E10A6C4192A63AA1AC80DCFFFFFFFFFFC9FFF00000015AF2142DEFE409023E2
10E1B929808283011510A6DA192A72AA2AC703FFFFFFFFFFFC9FFF00000115AF2142DEFF409023FA
10E1D02980A583011010A719192A9DAA1AC703FFFFFFFFFFFC9FFF00000115AF2242DEFF40902312
10E22129811683011210A7A3192B11AA2AC71F7FFFFFFFFFFC9FFF00000015AF2242DEFF4090232A
10E24329814883011310A779192AEAAA1AC8184FFFFFFFFFFC9FFF00000015AF2242DEFF40902342
10E24C29814E83011510A739192AC2AA2AC803FFFFFFFFFFFC9FFF00000015AF2242DEFF4090135A
10E23029812C83011C10A722192AB2AA2AC803FFFFFFFFFFFC9FFF00000015AF2242DEFF40901372
10E27229818D83012010A71C192AAEAA1AC9412FFFFFFFFFFC9FFF00000015AF2342DEFF4090138A
10E26A29818083011C10A73F192AC9AA1ACA757FFFFFFFFFFC9FFF00000015AF2342DEFF409003A2
10E25E29816D83011210A78F192B01AA1AC903FFFFFFFFFFFC9FFF00000015AF2342DF00409013BA
10E23829814083010E10A7BE192B22AA2AC803FFFFFFFFFFFCAFFF00000115AF2342DF00409003D2
10E2B22981D283011010A7F5192B4CAA2AC703FFFFFFFFFFFC9FFF00000115AF2342DF00409003EA
10E2A12981C283011510A760192AE8AA4AC8041FFFFFFFFFFCBFFF00000015AF2442DF0040900302
10E26E29818483011B10A75F192AE2AA3AC803FFFFFFFFFFFC9FFF00000015AF2442DF004090031A
10E27329819983011D10A746192AD5AA3AC803FFFFFFFFFFFCAFFF00000015AF2442DF0040900332
10E27929818D83011910A761192AE7AA1AC7064FFFFFFFFFFCBFFF00000015AF2442DF004090034A
10E27029818E83011510A7E9192B42AA0AC8711FFFFFFFFFFCAFFF00000115AF2442DF0040900362
10E2C82981EF83011410A84C192B89AA0AC803FFFFFFFFFFFC9FFF00000015AF2542DF01408FE37A
10E32529828483011210A8B8192BDBA9FAC703FFFFFFFFFFFC9FFF00000015AF2542DF01408FF392
10E3A029832183010F10A97A192C59A9FAC603FFFFFFFFFFFCAFFF00000015AF2542DF01408FF3AA
10E40A2983AD83011010A9AD192C97AA0AC703FFFFFFFFFFFCBFFF00000115AF2542DF01408FE3C2
10E4C729849383011810A888192BD8A9FAC603FFFFFFFFFFFCAFFF00000015AF2542DF01408FE3DA
10E4A329847A83012010A840192B98A9FAC603FFFFFFFFFFFCAFFF00000115AF2542DF01408FE3F2
10E43F29841D83011E10A87D192BBDA9FAC603FFFFFFFFFFFCBFFF00000115AF2642DF01408FE30A
10E45629843D83011610A98E192C8AA9FAC668DFFFFFFFFFFCAFFF00000115AF2642DF01408FE322
10E46329843683010E10AABA192D57A9EAC74A7FFFFFFFFFFCAFFF00000015AF2642DF02408FE33A
10E4DE2984F783010810AB9E192DFFA9CAC62BCFFFFFFFFFFCAFFF00000115AF2642DF02408FE352
10E6C029878F83010C10ACC8192EF1A9FAC503FFFFFFFFFFFCAFFF00000115AF2742DF02408FE36A
10E84329896183011410ACDC192F1AA9FAC503FFFFFFFFFFFCAFFF00000015AF2742DF02408FD382
10E84329897283011C10ACC8192F11A9FAC403FFFFFFFFFFFCAFFF00000115AF2742DF02408FD39A
10E7BD29890F83011E10AC5A192EC4A9BAC303FFFFFFFFFFFC9FFF00000015AF2742DF02408FD3B2
10E7EB29895B83011A10AC6B192ECCA9AAC303FFFFFFFFFFFC9FFF00000015AF2742DF02408FD3CA
10E7F029894783011210ACCE192F07A9CAC403FFFFFFFFFFFC9FFF00000015AF2742DF03408FC3E2
10E7D029891783010C10AD03192F37A9EAC303FFFFFFFFFFFC9FFF00000115AF2842DF03408FC3FA
10E7DF29893783010910AD53192F79A9DAC203FFFFFFFFFFFC9FFF00000115AF2842DF03408FC312
10E88B298A1783010D10ADA3192FB3A9BAC259BFFFFFFFFFFC9FFF00000115AF2842DF03408FC32A
10E8BB298A5583011310AD49192F83A9CAC303EFFFFFFFFFFC9FFF00000115AF2842DF03408FC342
10E89D298A4783011710AD4D192F7DA9BAC303FFFFFFFFFFFCAFFF00000015AF2842DF03408FC35A
10E88D298A2D83011910ACAE192F19A9BAC303FFFFFFFFFFFC9FFF00000015AF2942DF03408FC372
10E8432989DB83011610AC98192EF7A9AAC36B4FFFFFFFFFFC9FFF00000015AF2942DF04408FB38A
10E7E329894283010F10ACBB192F0FA9AAC410CFFFFFFFFFFCAFFF00000015AF2942DF04408FB3A2
10E76A29889583010D10ACE5192F28A9BAC303FFFFFFFFFFFCAFFF00000015AF2942DF04408FA3BA
10E78C2988B483010B10ACAB192F06A9BAC303FFFFFFFFFFFCAFFF00000015AF2942DF04408FA3D2
10E7AF2988DA83010C10AC08192E9FA9AAC303FFFFFFFFFFFCAFFF00000115AF2A42DF04408FA3EA
10E75E29888483010F10ABE2192E74A99AC315AFFFFFFFFFFCAFFF00000015AF2A42DF04408FA302
10E6F92987F283011210AB47192E0CA9BAC433BFFFFFFFFFFCAFFF00000115AF2A42DF04408FA31A
10E69129876883011610AB28192DE7A9BAC403FFFFFFFFFFFCAFFF00000115AF2A42DF04408FA332
10E6082986B383011510AB02192DCFA9BAC303FFFFFFFFFFFCAFFF00000015AF2A42DF05408FA34A
10E5F229868483011110AB27192DD5A9DAC403FFFFFFFFFFFC9FFF00000015AF2B42DF05408FA362
10E5A229860F83010C10ABA6192E20AA0AC403FFFFFFFFFFFCAFFF00000115AF2B42DF05408F937A
10E6142986AD83010710AB9F192E1FA9EAC403FFFFFFFFFFFC9FFF00000115AF2B42DF05408F9392
10E6262986D083010510ABD6192E4DA9FAC403FFFFFFFFFFFC9FFF00000115AF2B42DF05408F93AA
10E6DA2987B683010B10AC7A192ED2A9EAC403FFFFFFFFFFFCAFFF00000115AF2B42DF05408F83C2
10E81029895B83011610ACF3192F2FA9CAC303FFFFFFFFFFFCAFFF00000015AF2C42DF05408F83DA
10E7AA2988E383011A10AD5B192F76A9CAC45F6FFFFFFFFFFCAFFF00000015AF2C42DF06408F83F2
10E8552989D783011110AD41192F6CA9EAC50FCFFFFFFFFFFCAFFF00000115AF2C42DF06408F830A
10E8C0298A6883010410AD74192F96A9DAC403FFFFFFFFFFFCAFFF00000115AF2C42DF06408F8322
10E8A0298A388300FF10AD86192FA5A9CAC403FFFFFFFFFFFC9FFF00000115AF2C42DF06408F833A
10E8C1298A6583010410ADAA192FC2A9BAC3699FFFFFFFFFFC9FFF00000015AF2D42DF06408F8352
10E8ED298AAD83010E10ABAF192E69A98AC4441FFFFFFFFFFCAFFF00000115AF2D42DF06408F836A
10E8712989F683011510AC9F192EF0A99AC403FFFFFFFFFFFC9FFF00000015AF2D42DF06408F7382
10E8392989B183011110AD58192F82A9AAC403FFFFFFFFFFFC8FFF00000015AF2D42DF07408F839A
10E867298A0283010810AD7E192F9CA9BAC3046FFFFFFFFFFC9FFF00000015AF2D42DF07408F63B2
10E83F2989C683010110AE7019304FA9AAC3045FFFFFFFFFFCAFFF00000115AF2E42DF07408F63CA
10E918298AE483010410AEDE1930B2A9BAC36FBFFFFFFFFFFC9FFF00000115AF2E42DF07408F73E2
10E933298B1083010510AE2D193038A9AAC311FFFFFFFFFFFC9FFF00000115AF2E42DF07408F63FA
10E912298AF983010710AD3F192F9AA9AAC3214FFFFFFFFFFCAFFF00000115AF2E42DF07408F6312
10E8E1298AA783010710AD55192F95A98AC24B3FFFFFFFFFFCAFFF00000115AF2E42DF07408F632A
10E88E298A2683010710AD6B192FA2A96AC103FFFFFFFFFFFC9FFF00000015AF2F42DF08408F6342
10E84D2989CF83010710AD31192F77A97AC003FFFFFFFFFFFC9FFF00000115AF2F42DF08408F635A
10E8312989A683010A10AD75192FA1A98AC103FFFFFFFFFFFCAFFF00000015AF2F42DF08408F5372
10E84D2989CD83010610AD63192F97A9AAC203FFFFFFFFFFFCBFFF00000015AF2F42DF08408F538A
10E86C2989F68300FF10AD90192FB8A99AC303FFFFFFFFFFFCAFFF00000115AF2F42DF08408F53A2
10E89A298A3F8300F910AE17193012A9AAC403FFFFFFFFFFFCAFFF00000115AF3042DF08408F53BA
10E912298AE38300FD10AE72193063A9BAC303FFFFFFFFFFFC9FFF00000115AF3042DF09408F43D2
10E955298B4183010610AE6F19306AA9DAC303FFFFFFFFFFFC9FFF00000015AF3042DF09408F43EA
10E98E298B9683010C10AEBE19309DA9BAC33F5FFFFFFFFFFCAFFF00000015AF3042DF09408F4302
10E9B2298BD183010A10AEB419309BA99AC40C5FFFFFFFFFFCAFFF00000015AF3042DF09408F431A
10E9DD298C0483010310AE27193045A99AC303FFFFFFFFFFFCAFFF00000115AF3142DF09408F4332
10E994298B998300FF10ADC5192FEEA98AC363FFFFFFFFFFFCAFFF00000115AF3142DF09408F434A
10E8E7298AB78300FA10AD0D192F71A9BAC210FFFFFFFFFFFCAFFF00000115AF3142DF09408F4362
10E88B298A3B8300FC10AC90192F09A99AC103FFFFFFFFFFFC9FFF00000115AF3142DF0A408F437A
10E80B29897F83010210ACCF192F23A97AC203FFFFFFFFFFFC8FFF00000015AF3142DF0A408F3392
10E7EE29895F83010410AE5A19303DA9BAC2055FFFFFFFFFFCCFFF00000015AF3242DF0A408F33AA
10E8B2298A6383010110ADF8193003A9CAC3730FFFFFFFFFFCBFFF00000015AF3242DF0A408F23C2
10E8EB298AB183010110AE48193048A9DAC312EFFFFFFFFFFCAFFF00000015AF3242DF0A408F23DA
10E9AA298BAE83010210AF321930E7A9BAC203FFFFFFFFFFFCAFFF00000015AF3242DF0A408F23F2
10EA87298CD88300FD10AF371930F1A9AAC24FBFFFFFFFFFFCAFFF00000015AF3242DF0A408F230A
10EACE298D6A8300F710AF4D19310BA98AC10E9FFFFFFFFFFCAFFF00000015AF3342DF0B408F2322
10EB06298DBE8300FA10AF8A193143A97AC003FFFFFFFFFFFC8FFF00000115AF3342DF0B408F233A
10EAC1298D538300FD10AEFE1930DCA97ABF03FFFFFFFFFFFC8FFF00000115AF3342DF0B408F2352
10EA41298C908300FB10AEE01930D9A94ABF03FFFFFFFFFFFC9FFF00000015AF3342DF0B408F236A
10E9F7298C338300FB10AE7219307FA95AC003FFFFFFFFFFFC9FFF00000115AF3342DF0B408F2382
10EA16298C5E8300FD10AEB41930A4A96AC003FFFFFFFFFFFC9FFF00000115AF3442DF0B408F139A
10EAC8298D5183010110AED31930BDA97AC003FFFFFFFFFFFCAFFF00000115AF3442DF0C408F13B2
10EA98298D178300FF10AEFC1930E2A96AC003FFFFFFFFFFFCBFFF00000015AF3442DF0C408F13CA
10EA77298D028300F610AF5519311DA97AC103FFFFFFFFFFFCAFFF00000115AF3442DF0C408F13E2
10EA8F298D068300EF10AF73193133A96AC1473FFFFFFFFFFCAFFF00000015AF3442DF0C408F03FA
10EAA1298D248300F210AFCC193174A97AC003FFFFFFFFFFFC9FFF00000015AF3542DF0C408F0312
10EADB298D6A8300FA10B0031931A2A9AAC1753FFFFFFFFFFCAFFF00000115AF3542DF0C408F032A
10EB19298DBB8300FE10B0031931A3A9CAC0139FFFFFFFFFFCAFFF00000115AF3542DF0D408F0342
10EB28298DD48300FD10B06F1931F0A9AABF03FFFFFFFFFFFCAFFF00000115AF3542DF0D408F035A
10EB76298E5F8300FB10B08D19320EA98ABF03FFFFFFFFFFFCAFFF00000115AF3542DF0D408F0372
10EBBE298EC18300F910B09E193222A97ABF03FFFFFFFFFFFC9FFF00000015AF3642DF0D408F038A
10EBEA298EFA8300F410B0CA19323CA98AC003FFFFFFFFFFFCAFFF00000015AF3642DF0D408F03A2
10EC05298F1E8300ED10B0EA193259A96ABF03FFFFFFFFFFFCAFFF00000115AF3642DF0D408EF3BA
10EBE3298EF58300EE10B0C6193244A96ABF1FBFFFFFFFFFFCAFFF00000015AF3642DF0D408EF3D2
10EBD1298ED68300F310B0371931E2A96AC01A2FFFFFFFFFFCAFFF00000015AF3642DF0E408EF3EA
10EB7B298E668300F910B0061931B6A97AC003FFFFFFFFFFFCBFFF00000015AF3742DF0E408EF302
10EB7E298E628300FF10B04A1931DEA96AC003FFFFFFFFFFFC9FFF00000115AF3742DF0E408EE31A
10EBA0298E8B83010110B0471931E3A95AC0378FFFFFFFFFFCAFFF00000115AF3742DF0E408EE332
10EB95298E888300FC10B0551931F0A97ABF703FFFFFFFFFFCAFFF00000015AF3742DF0E408EE34A
10EB9C298E928300EF10B075193206A98ABF03FFFFFFFFFFFC9FFF00000015AF3842DF0E408EE362
10EB9A298E868300E510B07B193207A96ABF03FFFFFFFFFFFC9FFF00000015AF3842DF0F408EE37A
10EBAA298EA28300E510B0B1193231A96AC0788FFFFFFFFFFCAFFF00000015AF3842DF0F408EE392
10EC12298F2E8300F210B0B519323AA96AC1147FFFFFFFFFFCAFFF00000115AF3842DF0F408ED3AA
10EC22298F4A83010210B0F1193265A96AC0296FFFFFFFFFFCAFFF00000115AF3842DF0F408ED3C2
10EC07298F2883010410B0BC193241A96ABF03EFFFFFFFFFFCAFFF00000015AF3842DF0F408ED3DA
10EBFA298F178300F810B0BE193241A98AC003FFFFFFFFFFFC9FFF00000015AF3942DF0F408ED3F2
10EBF9298F0E8300EC10B0BB19323DA98AC003FFFFFFFFFFFC9FFF00000015AF3942DF10408EC30A
10EBFB298F158300E210B0CC193249A97AC078BFFFFFFFFFFCAFFF00000015AF3942DF10408EC322
10EC0A298F268300E510B097193225A94ABF14AFFFFFFFFFFCAFFF00000015AF3942DF10408EC33A
10EC1A298F428300EF10B0CA193251A95ABF03FFFFFFFFFFFC9FFF00000015AF3A42DF10408EC352
10EBF4298F0F8300F810B0511931FAA96ABF03FFFFFFFFFFFCAFFF00000015AF3A42DF10408EC36A
10EBAC298E9B8300F710AFE01931A7A97ABF03FFFFFFFFFFFCAFFF00000015AF3A42DF10408EC382
10EBA8298EAA8300EF10B04A1931DDA97AC0065FFFFFFFFFFC9FFF00000015AF3A42DF11408EC39A
10EBFD298F178300ED10B0EC193255A96AC00D9FFFFFFFFFFCAFFF00000115AF3A42DF11408EB3B2
10EC64298FA68300EF10B12819328FA95AC003FFFFFFFFFFFCAFFF00000115AF3B42DF11408EB3CA
10EC84298FDA8300EE10B10E19327DA96AC003FFFFFFFFFFFC9FFF00000015AF3B42DF11408EB3E2
10EC8C298FE98300EB10B10719327FA96AC17A1FFFFFFFFFFC9FFF00000015AF3B42DF11408EB3FA
10EC61298FAE8300E710B08A19323AA95AC1734FFFFFFFFFFC9FFF00000115AF3B42DF11408EB312
10EB79298E628300E710B0161931DBA97AC003FFFFFFFFFFFC9FFF00000015AF3B42DF12408EA32A
10EB29298DEE8300EF10AFE019319CA98AC103FFFFFFFFFFFCAFFF00000115AF3C42DF12408EA342
10EB48298E168300F910AFE1193194A99AC103FFFFFFFFFFFCAFFF00000115AF3C42DF12408EA35A
10EB50298E228300F510B0111931BAA98AC103FFFFFFFFFFFC9FFF00000015AF3C42DF12408EA372
10EB6C298E448300E810B00F1931BFA95AC104CFFFFFFFFFFC9FFF00000015AF3C42DF12408EA38A
10EB5C298E318300DE10B075193201A93AC0041FFFFFFFFFFC9FFF00000115AF3C42DF12408EA3A2
10EB7D298E628300E010B08D193214A95AC003FFFFFFFFFFFC9FFF00000015AF3D42DF13408E93BA
10EBB5298EAF8300E510B0C319323DA96ABF03FFFFFFFFFFFC9FFF00000015AF3D42DF13408E93D2
10EC0D298F248300EA10B0F6193268A96ABF03FFFFFFFFFFFC9FFF00000015AF3D42DF13408E93EA
10EC2C298F588300F010B0FD19326DA98ABE03FFFFFFFFFFFC9FFF00000015AF3D42DF13408E8302
10EC3C298F798300EF10B105193275A97ABE03FFFFFFFFFFFC9FFF00000015AF3D42DF13408E931A
10EC4C298F8B8300E910B0FF193274A99ABE03FFFFFFFFFFFCAFFF00000015AF3E42DF13408E8332
10EC3E298F758300E510B0D719325BA98ABF2BFFFFFFFFFFFCAFFF00000015AF3E42DF14408E834A
10EC13298F3D8300E510B0EA193263A96ABFBACFFFFFFFFFFC9FFF00000115AF3E42DF14408E8362
10EC2A298F588300E210B103193275A97ABF142FFFFFFFFFFC9FFF00000015AF3E42DF14408E837A
10EC3D298F718300E210B11119327FA95ABF03FFFFFFFFFFFC9FFF00000015AF3F42DF14408E8392
10EC87298FDA8300E410B1571932B6A94ABE03FFFFFFFFFFFC9FFF00000015AF3F42DF14408E83AA
10ECAD2990118300E910B1351932A5A95ABE03FFFFFFFFFFFCAFFF00000015AF3F42DF14408E73C2
10EC3B298F888300E710B0D6193261A94ABF05AFFFFFFFFFFCAFFF00000015AF3F42DF15408E73DA
10EC36298F828300E410B0D619325CA95AC003FFFFFFFFFFFC9FFF00000015AF3F42DF15408E83F2
10EC2A298F638300E510B0CC19324EA96ABF03FFFFFFFFFFFC8FFF00000015AF4042DF15408E730A
10EC33298F668300E410B0F719326AA96ABF03FFFFFFFFFFFC8FFF00000015AF4042DF15408E7322
10EC46298F768300E010B115193283A98ABF4B5FFFFFFFFFFCAFFF00000015AF4042DF15408E733A
10EC34298F698300DC10B13519329BA97ABE0F6FFFFFFFFFFC9FFF00000015AF4042DF15408E6352
10EC52298F968300E010B13B1932A4A94ABE03FFFFFFFFFFFC9FFF00000015AF4042DF16408E636A
10EC6C298FB98300E410B11F193292A94ABE03FFFFFFFFFFFCAFFF00000015AF4142DF16408E6382
10EC56298FA18300E610B11D19328DA96ABE03FFFFFFFFFFFCAFFF00000015AF4142DF16408E639A
10EC7E298FD78300E410B1401932A7A94ABE03FFFFFFFFFFFC9FFF00000015AF4142DF16408E63B2
10EC9F2990088300E210B1521932B6A93ABE7EEFFFFFFFFFFC9FFF00000015AF4142DF16408E63CA
10ECA52990118300DF10B1631932C5A95ABE16BFFFFFFFFFFC9FFF00000015AF4242DF17408E63E2
10ECB32990258300DB10B1711932CFA96ABE03FFFFFFFFFFFC9FFF00000015AF4242DF17408E53FA
10ECB92990318300DC10B118193295A96ABE03FFFFFFFFFFFC9FFF00000015AF4242DF17408E5312
10EC8C298FEB8300DC10B106193284A97ABE03FFFFFFFFFFFC9FFF00000015AF4242DF17408E532A
10EC61298FC08300DC10B0E219326CA95ABE59FFFFFFFFFFFC9FFF00000015AF4242DF17408E5342
10EC3B298F678300DB10B094193235A95ABF61EFFFFFFFFFFC9FFF00000015AF4342DF17408E435A
10EBB9298ECD8300DE10B07B193216A98AC003FFFFFFFFFFFCAFFF00000015AF4342DF18408E4372
10EBCB298ED28300E110B0B619323CA97AC103FFFFFFFFFFFCBFFF00000015AF4342DF18408E438A
10EBB1298EAE8300DE10B096193222A94AC003FFFFFFFFFFFCBFFF00000015AF4342DF18408E43A2
10EB9F298E918300D910B06A193203A96AC0092FFFFFFFFFFCAFFF00000015AF4442DF18408E43BA
10EB8D298E7D8300D110B081193212A96ABF82EFFFFFFFFFFC9FFF00000015AF4442DF18408E43D2
10EBB6298EB78300D110B0C8193243A94ABF788FFFFFFFFFFCBFFF00000015AF4442DF18408E43EA
10EBFD298F108300D710B0E619325BA95ABF03FFFFFFFFFFFCBFFF00000015AF4442DF19408E4302
10EC25298F448300DF10B101193272A96ABF03FFFFFFFFFFFCAFFF00000015AF4442DF19408E331A
10EC12298F338300E010B0E9193264A96ABF821FFFFFFFFFFCAFFF00000015AF4542DF19408E3332
10EC0E298F378300DA10B116193284A95ABF250FFFFFFFFFFCAFFF00000015AF4542DF19408E334A
10EC43298F818300D210B13519329DA96ABF6E7FFFFFFFFFFC9FFF00000015AF4542DF19408E3362
10EC87298FDD8300CF10B16A1932C3A97AC003DFFFFFFFFFFC9FFF00000015AF4542DF1A408E237A
10ECA12990068300D210B16B1932C7A98AC003FFFFFFFFFFFC9FFF00000015AF4642DF1A408E2392
10ECBD2990328300D610B1831932DDA97AC003FFFFFFFFFFFC9FFF00000015AF4642DF1A408E23AA
10ECC22990358300D710B1821932DBA9AAC003FFFFFFFFFFFCAFFF00000015AF4642DF1A408E23C2
10ECC529903B8300D610B19B1932F0A99ABF22FFFFFFFFFFFC9FFF00000015AF4642DF1A408E23DA
10ECC12990378300D510B19C1932F3A96ABD9A1FFFFFFFFFFCAFFF00000015AF4642DF1A408E23F2
10ECC92990428300D610B1911932EAA94ABD03DFFFFFFFFFFCAFFF00000015AF4742DF1B408E130A
10ECDC29905B8300D210B1951932ECA94ABD03FFFFFFFFFFFC9FFF00000015AF4742DF1B408E1322
10ECE02990628300CF10B19A1932F2A94ABC03FFFFFFFFFFFC9FFF00000015AF4742DF1B408E133A
10ECDE2990638300CC10B1AD1932FEA95ABD03FFFFFFFFFFFC9FFF00000015AF4742DF1B408E2352
10ECD62990578300CC10B1B1193302A95ABE432FFFFFFFFFFCAFFF00000015AF4842DF1B408E136A
10ECF72990848300D110B1B6193307A93AC0C7EFFFFFFFFFFC9FFF00000015AF4842DF1C408E1382
10ECFE29908E8300D610B1BE19330DA94ABF853FFFFFFFFFFC9FFF00000015AF4842DF1C408E039A
10ED002990928300D910B1DB193322A96ABF189FFFFFFFFFFCAFFF00000015AF4842DF1C408E03B2
10ED0829909E8300D210B1CE19331AA96ABF03FFFFFFFFFFFC9FFF00000015AF4842DF1C408E03CA
10ED142990B28300C610B1DF193327A96ABF03FFFFFFFFFFFC9FFF00000015AF4942DF1C408E03E2
10ED1A2990B68300C210B1EB193330A94ABF6F4FFFFFFFFFFCBFFF00000015AF4942DF1D408E03FA
10ED202990C28300C710B1F619333AA93ABF395FFFFFFFFFFCAFFF00000015AF4942DF1D408E0312
10ED172990BB8300CE10B1DD193328A95ABE721FFFFFFFFFFCBFFF00000015AF4942DF1D408E032A
10ED162990BB8300D210B1C8193318A97ABD6E5FFFFFFFFFFCBFFF00000015AF4A42DF1D408E0342
10ED1C2990BF8300D110B1BF193313A97ABD03FFFFFFFFFFFCAFFF00000015AF4A42DF1D408E035A
10ED0B2990A38300CF10B1881932EBA96ABD03FFFFFFFFFFFC9FFF00000015AF4A42DF1D408E0372
10ECEB2990738300C710B19E1932F6A93ABE85FFFFFFFFFFFC9FFF00000015AF4A42DF1E408DF38A
10ECC12990388300BF10B1A01932F6A94ABE434FFFFFFFFFFC9FFF00000015AF4A42DF1E408DE3A2
10ECD52990558300BF10B1A81932FCA94ABE03FFFFFFFFFFFC9FFF00000015AF4B42DF1E408DE3BA
10ED042990988300C610B1B1193303A95ABE03FFFFFFFFFFFCAFFF00000015AF4B42DF1E408DE3D2
10ECF82990938300CD10B1C3193311A95ABE03FFFFFFFFFFFCBFFF00000015AF4B42DF1E408DE3EA
10ED0A2990A78300CE10B1C3193313A93ABF87CFFFFFFFFFFC9FFF00000015AF4B42DF1F408DE302
10ED0529909C8300C910B1BC19330FA92ABFBAEFFFFFFFFFFCAFFF00000015AF4C42DF1F408DE31A
10ECFE2990938300C210B1AE193304A94ABE4C2FFFFFFFFFFCAFFF00000015AF4C42DF1F408DE332
10ECE329906A8300C010B1B6193308A94ABD03FFFFFFFFFFFC9FFF00000015AF4C42DF1F408DE34A
10ECF229907B8300C010B1BC19330DA94ABD03FFFFFFFFFFFC9FFF00000015AF4C42DF1F408DD362
10ECEE29907A8300BF10B1BA19330BA96ABE03FFFFFFFFFFFCAFFF00000015AF4D42DF20408DD37A
10ECF72990888300BE10B1D4193321A97ABF2CDFFFFFFFFFFC9FFF00000015AF4D42DF20408DD392
10ED1D2990BB8300C110B1E9193330A94ABF824FFFFFFFFFFC9FFF00000015AF4D42DF20408DD3AA
10ED3E2990ED8300C810B208193346A96ABF03FFFFFFFFFFFC9FFF00000015AF4D42DF20408DD3C2
10ED432990EF8300CC10B18D1932F4A96ABD03FFFFFFFFFFFC9FFF00000015AF4D42DF20408DC3DA
10ED002990958300C310B1751932E3A96ABE03FFFFFFFFFFFC9FFF00000015AF4E42DF21408DC3F2
10ECC22990318300B810B1341932A4A93ABD05BFFFFFFFFFFCAFFF00000015AF4E42DF21408DC30A
10EC6C298FBD8300B210B13C1932A8A8FABD518FFFFFFFFFFCBFFF00000015AF4E42DF21408DC322
10EC71298FCC8300B710B13319329EA92ABD950FFFFFFFFFFCBFFF00000015AF4E42DF21408DC33A
10ECBE2990328300C010B1971932ECA95ABE03FFFFFFFFFFFC9FFF00000015AF4F42DF21408DC352
10ED0A2990968300C510B1D5193318A95ABE03FFFFFFFFFFFCAFFF00000015AF4F42DF21408DC36A
10ED082990A58300C410B1791932DEA94ABF638FFFFFFFFFFC8FFF00000015AF4F42DF22408DC382
10ECFB29908A8300BB10B17F1932E0A96ABE6AAFFFFFFFFFFC9FFF00000015AF4F42DF22408DB39A
10ECB929902A8300B510B1781932DAA95ABE03FFFFFFFFFFFC9FFF00000015AF4F42DF22408DB3B2
10ECAF29901A8300B410B1C619330CA94ABE03FFFFFFFFFFFCAFFF00000015AF5042DF22408DA3CA
10ECEC2990728300B610B1C519330EA95ABD895FFFFFFFFFFCAFFF00000015AF5042DF22408DA3E2
10ECFD2990908300B810B1D119331BA95ABC208FFFFFFFFFFC9FFF00000015AF5042DF23408DB3FA
10ED2B2990CC8300BC10B1941932F0A94ABD803FFFFFFFFFFC9FFF00000015AF5042DF23408DA312
10ED202990C08300BC10B1B1193303A94ABF7A8FFFFFFFFFFC9FFF00000015AF5142DF23408DA32A
10ED1B2990BE8300B910B1F4193337A93ABF03FFFFFFFFFFFC9FFF00000015AF5142DF23408DA342
10ED1B2990BE8300B410B1F919333CA93ABF03FFFFFFFFFFFC9FFF00000015AF5142DF23408DA35A
10ED1F2990C48300B210B1A4193304A95ABE03FFFFFFFFFFFCAFFF00000015AF5142DF24408DA372
10ECD429905E8300B210B1A2193301A96ABF194FFFFFFFFFFCBFFF00000015AF5242DF24408DA38A
10ECB129902A8300B210B1761932DFA94ABF824FFFFFFFFFFC9FFF00000015AF5242DF24408D93A2
10EC9A2990008300B310B14B1932BAA95ABF03DFFFFFFFFFFC9FFF00000015AF5242DF24408D93BA
10ECA429900F8300B310B1751932D6A96ABF03FFFFFFFFFFFC9FFF00000015AF5242DF24408D93D2
10ECBE2990388300B310B1421932B3A95ABF03FFFFFFFFFFFC9FFF00000015AF5242DF25408D83EA
10ECA529901B8300B510B17E1932D9A95ABE03FFFFFFFFFFFC9FFF00000015AF5342DF25408D8302
10ECD629904F8300B510B1E919332EA95ABD283FFFFFFFFFFCAFFF00000015AF5342DF25408D831A
10ECED2990768300B210B20419333AA96ABEABFFFFFFFFFFFCAFFF00000015AF5342DF25408D8332
10ED282990C88300A610B22519335CA95ABF8BDFFFFFFFFFFCAFFF00000015AF5342DF26408D834A
10ED7429913B8300A510B244193374A95ABF1B0FFFFFFFFFFCAFFF00000015AF5442DF26408D8362
10ED8B29915C8300A910B241193376A92ABE03FFFFFFFFFFFCBFFF00000015AF5442DF26408D837A
10ED9329916B8300B010B24E19337FA91ABF03FFFFFFFFFFFC9FFF00000015AF5442DF26408D8392
10ED8D2991648300B410B24619337CA91ABF54BFFFFFFFFFFC9FFF00000015AF5442DF26408D83AA
10ED8F2991668300B310B226193363A92ABE315FFFFFFFFFFCAFFF00000015AF5542DF27408D83C2
10ED962991748300AC10B238193373A94ABD03FFFFFFFFFFFCAFFF00000015AF5542DF27408D83DA
10EDAA2991888300A610B253193386A99ABE03FFFFFFFFFFFC9FFF00000015AF5542DF27408D73F2
10EDAA29918D8300A210B25719338AA97ABE03FFFFFFFFFFFC9FFF00000015AF5542DF27408D730A
10EDAE2991948300A110B24819337FA95ABD03FFFFFFFFFFFC9FFF00000015AF5642DF27408D7322
10ED9429916B8300A410B239193372A95ABD790FFFFFFFFFFCAFFF00000015AF5642DF28408D733A
10ED8B2991608300AC10B21B19335EA92ABD3EEFFFFFFFFFFCAFFF00000015AF5642DF28408D6352
10ED5429911E8300AE10B22819335FA93ABE6F9FFFFFFFFFFC9FFF00000015AF5642DF28408D636A
10ED7729914A8300A910B225193361A96ABE74CFFFFFFFFFFC9FFF00000015AF5642DF28408D6382
10ED8D2991678300A310B22A193366A95ABE03FFFFFFFFFFFC9FFF00000015AF5742DF28408D639A
10EDB429919B83009F10B29E1933B7A93ABE03FFFFFFFFFFFC8FFF00000015AF5742DF29408D63B2
10EDF52991FE83009F10B2BA1933D4A94ABD03FFFFFFFFFFFC8FFF00000015AF5742DF29408D63CA
10EE1329922083009E10B1BE193329A93ABD03FFFFFFFFFFFC9FFF00000015AF5742DF29408D53E2
10ECE12990C083009F10AF60193171A93ABE03FFFFFFFFFFFC9FFF00000015AF5842DF29408D53FA
10EB7A298E968300A310AFBB193183A93ABE03FFFFFFFFFFFC9FFF00000015AF5842DF29408D5312
10EA65298CF48300A510AF99193163A95ABE03FFFFFFFFFFFC9FFF00000015AF5842DF2A408D532A
10EA97298D228300A110AF79193147A97AC003FFFFFFFFFFFC9FFF00000015AF5842DF2A408D5342
10EA8E298D0B83009A10AF9B19315AA96AC032FFFFFFFFFFFC8FFF00000015AF5942DF2A408D435A
10EABA298D4E83009610AFCE19317DA97AC00D3FFFFFFFFFFC8FFF00000015AF5942DF2A408D5372
10EAE4298D8683009710AFCD193183A9AAC003FFFFFFFFFFFCAFFF00000015AF5942DF2B408D438A
10EB2E298DF483009810B0341931C5A98AC0903FFFFFFFFFFCBFFF00000015AF5942DF2B408D43A2
10EB5C298E3383009C10AFE219319BA96AC01C7FFFFFFFFFFCBFFF00000015AF5942DF2B408D43BA
10EB2F298DFC83009E10B02B1931CDA95AC003FFFFFFFFFFFCAFFF00000015AF5A42DF2B408D43D2
10EB90298E7D83009F10B0A9193222A95AC003FFFFFFFFFFFC9FFF00000015AF5A42DF2B408D43EA
10EBA6298E9A83009510B082193210A95AC003FFFFFFFFFFFCAFFF00000015AF5A42DF2C408D3302
10EB0D298DD183008F10B00D1931B4A95AC003FFFFFFFFFFFC9FFF00000015AF5A42DF2C408D331A
10EAE4298D9183009110AFE4193192A96AC003FFFFFFFFFFFCAFFF00000015AF5B42DF2C408D3332
10EACE298D7783009410B0071931AEA95AC03ECFFFFFFFFFFCBFFF00000015AF5B42DF2C408D334A
10EAAF298D4483009410AFEB193197A96AC003FFFFFFFFFFFCBFFF00000015AF5B42DF2C408D3362
10EAD2298D7183009210B06A1931F6A98ABF03FFFFFFFFFFFCAFFF00000015AF5B42DF2D408D337A
10EB50298E2D83009210AF12193114A96ABF03FFFFFFFFFFFCAFFF00000015AF5B42DF2D408D3392
10E9AA298C0583009310ACDC192F92A98ABF03FFFFFFFFFFFCAFFF00000015AF5C42DF2D408D23AA
10E82429898C83009310AC7B192F25A99ABF03FFFFFFFFFFFCAFFF00000015AF5C42DF2D408D23C2
10E7862988E383008C10AC98192F0AA9BAC103FFFFFFFFFFFCAFFF00000015AF5C42DF2E408D23DA
10E76629889383008710ADB9192FB9A9BAC203FFFFFFFFFFFCAFFF00000015AF5C42DF2E408D23F2
10E8FE298AC283008710AE8A193071A9BAC492BFFFFFFFFFFCAFFF00000015AF5D42DF2E408D230A
10EA3F298C6B83008B10AE0F19300EA9CAC32F1FFFFFFFFFFCAFFF00000015AF5D42DF2E408D2322
10E9E5298C0E83008F10ADB8192FD8A9AAC2152FFFFFFFFFFCAFFF00000015AF5D42DF2E408D233A
10E9B0298BE483008C10AE9F19307FA99AC103FFFFFFFFFFFC9FFF00000015AF5D42DF2F408D1352
10EA2F298C7C83008A10AF5719310EA98AC103FFFFFFFFFFFCAFFF00000015AF5E42DF2F408D136A
10EB16298DC383008610AFCF193178A98AC2313FFFFFFFFFFCAFFF00000015AF5E42DF2F408D1382
10EB81298E6883008310AF8F19314CA97AC1743FFFFFFFFFFC9FFF00000015AF5E42DF2F408D139A
10EB3D298E0083008410AF9E193155A95AC003FFFFFFFFFFFC9FFF00000015AF5E42DF30408D13B2
10EAFB298DA483008310B0321931C2A95AC103FFFFFFFFFFFC9FFF00000015AF5E42DF30408D03CA
10EB55298E2183008410B04B1931D8A95AC103FFFFFFFFFFFC9FFF00000015AF5F42DF30408D03E2
10EBD0298EC483008710B04F1931E2A95AC003FFFFFFFFFFFCAFFF00000015AF5F42DF30408D03FA
10EBAD298EA983008510B05C1931F0A95ABF172FFFFFFFFFFC9FFF00000015AF5F42DF30408D0312
10EBB1298EAF83008010B0A1193225A95ABF03EFFFFFFFFFFCAFFF00000015AF5F42DF31408D032A
10EC0A298F2983007D10B10419326EA96ABF03FFFFFFFFFFFC9FFF00000015AF6042DF31408D0342
10EC8F298FEB83007D10B1891932D2A98ABF03FFFFFFFFFFFC9FFF00000015AF6042DF31408D035A
10ECD929906283008010B1C3193301A97ABF94AFFFFFFFFFFC9FFF00000015AF6042DF31408D0372
10ED272990BE83007C10B1A71932F6A98ABE1E2FFFFFFFFFFC9FFF00000015AF6042DF32408D038A
10ED3B2990EA83007910B1E1193325A97ABE03FFFFFFFFFFFCAFFF00000015AF6142DF32408D03A2
10ED392990EA83007A10B1F4193334A96ABE03FFFFFFFFFFFC9FFF00000015AF6142DF32408CF3BA
10ED2A2990D183007F10B1DF193329A95ABE03FFFFFFFFFFFC9FFF00000015AF6142DF32408CF3D2
10ECFF29909983007E10B1A11932FCA94ABD03FFFFFFFFFFFC9FFF00000015AF6142DF32408CE3EA
10EC9A29900F83007810B14E1932C0A93ABD03FFFFFFFFFFFC8FFF00000015AF6142DF33408CE302
10EC49298F9483007410B1661932C8A95ABE03FFFFFFFFFFFC8FFF00000015AF6242DF33408CE31A
10EC72298FC583007310B1571932BFA95ABF03FFFFFFFFFFFCAFFF00000015AF6242DF33408CE332
10EC86298FE483007310B1A81932F7A93ABF03FFFFFFFFFFFC8FFF00000015AF6242DF33408CE34A
10ECCD29904983007410B19E1932F1A96ABF679FFFFFFFFFFC9FFF00000015AF6242DF34408CE362
10ECB229902683007710B15D1932C1A96ABF03FFFFFFFFFFFCAFFF00000015AF6342DF34408CE37A
10EC43298F8B83007A10B11E193295A95ABE03FFFFFFFFFFFC9FFF00000015AF6342DF34408CD392
10EC54298F8E83007710B1421932ADA95ABE03FFFFFFFFFFFC9FFF00000015AF6342DF34408CD3AA
10EC84298FE083007010B1711932C9A95ABE03FFFFFFFFFFFCAFFF00000015AF6342DF35408CD3C2
10ECD529905383006C10B1BC1932FFA95ABE8A0FFFFFFFFFFCAFFF00000015AF6442DF35408CD3DA
10ED062990A183007010B21919334EA94ABE1D0FFFFFFFFFFCAFFF00000015AF6442DF35408CD3F2
10ED262990CB83007310B1FF19333EA97ABF03FFFFFFFFFFFCAFFF00000015AF6442DF35408CD30A
10ED362990E683007110B1E3193328A98ABF03FFFFFFFFFFFC9FFF00000015AF6442DF35408CC322
10ED4E29910A83006D10B21B193350A96ABF315FFFFFFFFFFC9FFF00000015AF6442DF36408CC33A
10ED6029912983006D10B1EF193335A97AC02C2FFFFFFFFFFCAFFF00000015AF6542DF36408CC352
10ED402990F983006F10B203193343A96ABF03FFFFFFFFFFFCAFFF00000015AF6542DF36408CC36A
10ED5029910883007110B21019334EA97ABE03FFFFFFFFFFFC9FFF00000015AF6542DF36408CC382
10ED6029912383006E10B1EA193334A96ABE03FFFFFFFFFFFC9FFF00000015AF6542DF37408CC39A
10ED4E29910A83006C10B215193352A98ABE03FFFFFFFFFFFC9FFF00000015AF6642DF37408CC3B2
10ED5E29912183006C10B25119337CA95ABE03FFFFFFFFFFFC9FFF00000015AF6642DF37408CC3CA
10ED8529915983006A10B23B19336DA93ABE04BFFFFFFFFFFC9FFF00000015AF6642DF37408CB3E2
10EDB229919783006710B25A193386A92ABF042FFFFFFFFFFC9FFF00000015AF6642DF38408CB3FA
10EDD42991CC83006410B1B719331EA93ABD03FFFFFFFFFFFC9FFF00000015AF6642DF38408CB312
10ECF729909183006610B0021931EDA91ABD03FFFFFFFFFFFCAFFF00000015AF6742DF38408CB32A
10EB83298E8083006E10AF72193167A91ABE398FFFFFFFFFFCAFFF00000015AF6742DF38408CB342
10EA82298D0D83007110ADD719305AA93ABF329FFFFFFFFFFCAFFF00000015AF6742DF38408CB35A
10EA0A298C6D83006B10AF5D193141A96AC003FFFFFFFFFFFC9FFF00000015AF6742DF39408CB372
10EA47298CAD83006510AFA819315BA97AC103FFFFFFFFFFFC9FFF00000015AF6842DF39408CA38A
10EAD2298D6983006010B0761931E5A97AC103FFFFFFFFFFFC9FFF00000015AF6842DF39408CA3A2
10EBE8298F0E83005F10B129193292A98AC103FFFFFFFFFFFC9FFF00000015AF6842DF39408CA3BA
10EC06298F3483006110ADDF193052A97AC103FFFFFFFFFFFCAFFF00000015AF6842DF3A408CA3D2
10E8142989CC83006210AC27192F0EA97AC003FFFFFFFFFFFCAFFF00000015AF6842DF3A408CA3EA
10E5B929868283006510AA66192D88A99AC103FFFFFFFFFFFCAFFF00000015AF6942DF3A408CA302
10E4CF29850E83006910A9FB192D1EA99AC203FFFFFFFFFFFCAFFF00000015AF6942DF3A408C931A
10E49A2984AE83006710A9EA192D09A99AC44E9FFFFFFFFFFCAFFF00000015AF6942DF3B408CA332
10E45629844583006110A95F192C88A9BAC403DFFFFFFFFFFCAFFF00000015AF6942DF3B408C934A
10E4012983D583005710A95E192C84A9CAC503FFFFFFFFFFFCAFFF00000015AF6A42DF3B408C9362
10E3A829835D83005410ABAD192E10A9DAC503FFFFFFFFFFFC9FFF00000015AF6A42DF3B408C937A
10E4FF29852183005910A93B192C7DA9DAC503FFFFFFFFFFFCAFFF00000015AF6A42DF3C408C9392
10E48729849383006110A902192C43A9EAC503FFFFFFFFFFFCAFFF00000015AF6A42DF3C408C93AA
10E44529843583006110A921192C57A9FAC503FFFFFFFFFFFCAFFF00000015AF6A42DF3C408C83C2
10E42A29840483005D10A99E192C9CA9FAC6041FFFFFFFFFFCAFFF00000015AF6B42DF3C408C83DA
10E48829849283005B10AA99192D4BAA1AC703FFFFFFFFFFFCAFFF00000015AF6B42DF3D408C93F2
10E5C629867383005D10ABBD192E22A9EAC703FFFFFFFFFFFCAFFF00000015AF6B42DF3D408C830A
10E76629886E83005810AB96192E11A9CAC703FFFFFFFFFFFCAFFF00000015AF6B42DF3D408C8322
10E7BF2988FE83005010AC9C192EE2A9CAC66CEFFFFFFFFFFCAFFF00000015AF6C42DF3D408C833A
10E7F329894083004D10AE00192FE1A9CAC503CFFFFFFFFFFC9FFF00000015AF6C42DF3D408C8352
10E929298AF783005410AE1019300FA9CAC403FFFFFFFFFFFCAFFF00000015AF6C42DF3E408C736A
10E971298B5883005E10AEBC193085A9CAC303FFFFFFFFFFFCAFFF00000015AF6C42DF3E408C7382
10EA49298C8583005B10AF3B1930E7A9CAC303FFFFFFFFFFFC9FFF00000015AF6C42DF3E408C839A
10EAEC298D8583005410B00E1931A2A9BAC103FFFFFFFFFFFCAFFF00000015AF6D42DF3E408C73B2
10EB1B298DCD83004B10AFF0193194A9BAC103FFFFFFFFFFFCCFFF00000015AF6D42DF3F408C73CA
10EB27298DD583004C10AF76193141A9BAC003FFFFFFFFFFFCAFFF00000015AF6D42DF3F408C63E2
10EA58298CB483004D10AE4C19306BA99AC003FFFFFFFFFFFCAFFF00000015AF6D42DF3F408C63FA
10EA11298C6183004F10B0201931A9A98AC114EFFFFFFFFFFCAFFF00000015AF6E42DF3F408C6312
10EB72298E3983005210B0501931D5A98AC1415FFFFFFFFFFCAFFF00000015AF6E42DF40408C632A
10EB6C298E4883005110B01D1931BAA99AC003FFFFFFFFFFFCAFFF00000015AF6E42DF40408C6342
10EB55298E1F83005010B0431931D8A9BABF03FFFFFFFFFFFCAFFF00000015AF6E42DF40408C635A
10EAC2298D5E83004910AEC81930B9A9AAC003FFFFFFFFFFFCAFFF00000015AF6F42DF40408C6372
10E965298B6483004810AE0419303CA98AC103FFFFFFFFFFFC9FFF00000015AF6F42DF41408C638A
10E8E3298AB983004710AF221930EFA99AC103FFFFFFFFFFFC9FFF00000015AF6F42DF41408C63A2
10EA26298C7D83004910AF8B19313BA99AC2048FFFFFFFFFFCAFFF00000015AF6F42DF41408C63BA
10EAAD298D3683004A10AF74193133A96AC204AFFFFFFFFFFC9FFF00000015AF6F42DF41408C53D2
10EAC6298D6083004A10AFB4193164A96AC103FFFFFFFFFFFC9FFF00000015AF7042DF42408C53EA
10EAB9298D5883004810AFC0193174A97AC103FFFFFFFFFFFC9FFF00000015AF7042DF42408C5302
10EA6E298CE083004510AF6D19313CA99AC111DFFFFFFFFFFC9FFF00000015AF7042DF42408C531A
10EA70298CEE83004310AFB919316DA99AC139FFFFFFFFFFFC7FFF00000015AF7042DF42408C4332
10EA6E298CE783004210AFB6193169A9AAC203FFFFFFFFFFFC8FFF00000015AF7142DF43408C534A
10E9D1298C0383003F10AE01193042A99AC203FFFFFFFFFFFC9FFF00000015AF7142DF43408C4362
10E81629898083004110AD3E192F94A98AC103FFFFFFFFFFFCAFFF00000015AF7142DF43408C437A
10E7802988B583004410AB8F192E63A9AAC103FFFFFFFFFFFCAFFF00000015AF7142DF43408C4392
10E5C529864783004310AA80192D7BA9AAC203FFFFFFFFFFFCAFFF00000015AF7142DF44408C43AA
10E47529848283004110A9C2192CE5A9DAC503FFFFFFFFFFFCAFFF00000015AF7242DF44408C33C2
10E4122983F183003E10A969192C8AA9DAC503FFFFFFFFFFFC9FFF00000015AF7242DF44408C33DA
10E3CF29839683003910A8F7192C36A9DAC503FFFFFFFFFFFC9FFF00000015AF7242DF44408C43F2
10E3622982E383003A10A85D192BA7A9DAC5366FFFFFFFFFFC9FFF00000015AF7242DF45408C330A
10E32129828483003B10A84E192BA8A9CAC50F9FFFFFFFFFFCAFFF00000015AF7342DF45408C3322
10E31629827383003D10A834192B8DA9DAC603FFFFFFFFFFFC9FFF00000015AF7342DF45408C333A
10E33229829F83003E10A8FB192C0EA9FAC803FFFFFFFFFFFC9FFF00000015AF7342DF45408C3352
10E48D29848383003E10AA92192D28A9FAC95B0FFFFFFFFFFC9FFF00000015AF7342DF46408C336A
10E67229871C83003C10AA5D192D2CA9EAC94B3FFFFFFFFFFCAFFF00000015AF7342DF46408C2382
10E5CC29864383003710A982192CA5A9DAC703FFFFFFFFFFFCAFFF00000015AF7442DF46408C239A
10E49D29849F83003610A8FE192C2FA9DAC703FFFFFFFFFFFCAFFF00000015AF7442DF46408C23B2
10E3BA29835B83003710A8C6192C15A9FAC703FFFFFFFFFFFCAFFF00000015AF7442DF47408C23CA
10E3792982F483003910A879192BC7AA2AC703FFFFFFFFFFFCAFFF00000015AF7442DF47408C23E2
10E3602982E083003710A88A192BCDAA0AC7240FFFFFFFFFFCAFFF00000015AF7542DF47408C23FA
10E3612982DC83003310A86C192BB5A9FAC703FFFFFFFFFFFCAFFF00000015AF7542DF47408C2312
10E37B2982FD83003310A866192BADAA1AC703FFFFFFFFFFFCAFFF00000015AF7542DF48408C232A
10E38629831083003810A87A192BBCAA1AC703FFFFFFFFFFFCAFFF00000015AF7542DF48408C1342
10E3B729835683003D10A8A9192BE0AA0AC77FCFFFFFFFFFFCAFFF00000015AF7542DF48408C135A
10E3C429836E83003210A8ED192C14A9FAC703BFFFFFFFFFFCAFFF00000015AF7642DF48408C1372
10E4202983F583002310AA2B192D0DA9CAC703FFFFFFFFFFFCAFFF00000015AF7642DF49408C138A
10E5C229863183002310ACE3192F16A9DAC603FFFFFFFFFFFCAFFF00000015AF7642DF49408C03A2
10E8692989B783002F10AEC6193086A9EAC603FFFFFFFFFFFC9FFF00000015AF7642DF49408C13BA
10E8D0298A7983003810AEBE19307FA9DAC50A3FFFFFFFFFFC9FFF00000015AF7742DF49408C03D2
10E91D298AF183003710AE56193049A9CAC30B0FFFFFFFFFFCAFFF00000015AF7742DF4A408C03EA
10E9E9298BF883002B10AFA119312DA9BAC203FFFFFFFFFFFCAFFF00000015AF7742DF4A408C0302
10EB84298E5683002610B118193254A99AC203FFFFFFFFFFFCAFFF00000015AF7742DF4A408C031A
10EC08298F1C83002510B1551932A2A98AC3182FFFFFFFFFFCBFFF00000015AF7742DF4A408C0332
10ECAB29900483002710B1621932AAA99AC34C1FFFFFFFFFFCAFFF00000015AF7842DF4B408C034A
10ECF329907183002B10B10B19327CA95AC103FFFFFFFFFFFCAFFF00000015AF7842DF4B408C0362
10ECD129905583002910B09E19322EA95ABF03FFFFFFFFFFFC9FFF00000015AF7842DF4B408C037A
10EC30298F7383002A10B0F719326EA98ABF03FFFFFFFFFFFCAFFF00000015AF7842DF4B408C0392
10EC58298F8783002C10B1721932C1A98ABF03FFFFFFFFFFFCBFFF00000015AF7942DF4C408C03AA
10EC9B298FFD83002B10B13C19329FA9AAC003FFFFFFFFFFFCAFFF00000015AF7942DF4C408C03C2
10ECBE29902583002210B11F193290A9AABF03FFFFFFFFFFFCAFFF00000015AF7942DF4C408C03DA
10EC07298F3183001D10B14B1932AAA97ABF03FFFFFFFFFFFC9FFF00000015AF7942DF4C408C03F2
10EC69298FB583002010B1881932D9A96AC003FFFFFFFFFFFC9FFF00000015AF7942DF4D408BE30A
10EC67298FBC83002610B1561932B7A96AC140EFFFFFFFFFFCAFFF00000015AF7A42DF4D408BE322
10EC4D298F9283002610B0CC193254A96AC2127FFFFFFFFFFCBFFF00000015AF7A42DF4D408BE33A
10EBF0298F0683002310B091193225A94AC103FFFFFFFFFFFCBFFF00000015AF7A42DF4D408BE352
10EBA7298EA483001E10B0A519322CA95ABF03FFFFFFFFFFFCAFFF00000015AF7A42DF4E408BE36A
10EBA4298E9D83001D10B09319321EA97ABF03FFFFFFFFFFFC9FFF00000015AF7B42DF4E408BE382
10EC1A298F4C83001C10B11419326FA98ABF03FFFFFFFFFFFCAFFF00000015AF7B42DF4E408BE39A
10ECC729903F83002110B1721932C1A99ABE03FFFFFFFFFFFCAFFF00000015AF7B42DF4E408BE3B2
10ECC529904583002010B1451932A6A98ABF04AFFFFFFFFFFCAFFF00000015AF7B42DF4F408BD3CA
10EC9E298FFA83001F10B09819321FA97ABF03FFFFFFFFFFFCAFFF00000015AF7B42DF4F408BD3E2
10EAF4298DA683001810AE62193086A98ABE03FFFFFFFFFFFCAFFF00000015AF7C42DF4F408BE3FA
10E8B3298A7B83001710AD3A192FABA97ABF03FFFFFFFFFFFC9FFF00000015AF7C42DF4F408BD312
10E8292989A883001B10AD0C192F6AA99AC1531FFFFFFFFFFC9FFF00000015AF7C42DF50408BD32A
10E8422989BC83001E10ACC1192F2BA9BAC2168FFFFFFFFFFCAFFF00000015AF7C42DF50408BD342
10E8712989FC83002010AC1D192EBCA9DAC303FFFFFFFFFFFCAFFF00000015AF7D42DF50408BD35A
10E7F129896783001710AC34192EBCA9AAC303FFFFFFFFFFFC9FFF00000015AF7D42DF50408BC372
10E72029882A83001010AC71192EDBA9AAC403FFFFFFFFFFFC9FFF00000015AF7D42DF51408BC38A
10E73229883983001010AC01192E89A99AC303FFFFFFFFFFFCAFFF00000015AF7D42DF51408BC3A2
10E70429880683001610ABB9192E54A9BAC303FFFFFFFFFFFCAFFF00000015AF7D42DF51408BD3BA
10E6EC2987E783001910AB86192E2FA9EAC503FFFFFFFFFFFCAFFF00000015AF7E42DF51408BC3D2
10E6DF2987C283001A10AB82192E24A9DAC603FFFFFFFFFFFCAFFF00000015AF7E42DF52408BC3EA
10E6C22987A083001810ABA7192E36A9EAC603FFFFFFFFFFFCAFFF00000015AF7E42DF52408BC302
10E6D92987C883001210ABE0192E61A9EAC460CFFFFFFFFFFC8FFF00000015AF7E42DF52408BC31A
10E6E42987D983000B10AC0B192E85A9BAC503FFFFFFFFFFFC8FFF00000015AF7F42DF52408BB332
10E6E12987D083000710AC21192E92A9AAC403FFFFFFFFFFFCAFFF00000015AF7F42DF53408BB34A
10E72829883883000C10ABD8192E63A9CAC303FFFFFFFFFFFCAFFF00000015AF7F42DF53408BB362
10E70E29880E83001210AB95192E30A9DAC303FFFFFFFFFFFCAFFF00000015AF7F42DF53408BB37A
10E70829880183001810ABD3192E57A9CAC303FFFFFFFFFFFCAFFF00000015AF7F42DF53408BB392
10E71D29881F83001510AC5C192EBBA9DAC403FFFFFFFFFFFCBFFF00000015AF8042DF54408BB3AA
10E7A92988E083000A10AD1E192F3FA9EAC4042FFFFFFFFFFCAFFF00000015AF8042DF54408BB3C2
10E85C2989E983000210AD90192FA0A9DAC303FFFFFFFFFFFCBFFF00000015AF8042DF54408BA3DA
10E929298AF383000410AE18193007A9DAC303FFFFFFFFFFFCAFFF00000015AF8042DF54408BA3F2
10E96E298B4183000A10ADFC192FFFA9EAC203FFFFFFFFFFFC9FFF00000015AF8042DF55408BA30A
10E94A298B2D83000910ADF8193003A9AAC26F8FFFFFFFFFFC9FFF00000015AF8142DF55408BA322
10E94C298B3683000610AE3C193036A9AAC303FFFFFFFFFFFC9FFF00000015AF8142DF55408BA33A
10EA1D298C4083000810AFA2193121A99AC303FFFFFFFFFFFC9FFF00000015AF8142DF55408BA352
10EB8B298E3783000C10B11B19325DA99AC203FFFFFFFFFFFC9FFF00000015AF8142DF56408BA36A
10EC60298F7383000A10B0CB193234A96AC103FFFFFFFFFFFC9FFF00000015AF8242DF56408B9382
10EC46298F8783000210B0A1193227A97ABF03FFFFFFFFFFFC9FFF00000015AF8242DF56408B939A
10EBE8298F0782FFFD10B1701932BCA99ABF05CFFFFFFFFFFCAFFF00000015AF8242DF57408BA3B2
10ECD429905682FFFB10B206193325A9AABF107FFFFFFFFFFC9FFF00000015AF8242DF57408B93CA
10ED9F29917F82FFFD10B28419337AA98ABF03FFFFFFFFFFFC9FFF00000015AF8242DF57408B93E2
10EE4229925A83000010B2E61933E8A96ABF03FFFFFFFFFFFC9FFF00000015AF8342DF57408B93FA
10EE9E2992E683000610B343193432A94ABE03FFFFFFFFFFFCAFFF00000015AF8342DF58408B9312
10EEBD29931A83000710B34C193440A94ABD77BFFFFFFFFFFC9FFF00000015AF8342DF58408B932A
10EE9A2992DB83000210B2FB193411A93ABC03FFFFFFFFFFFC9FFF00000015AF8342DF58408B9342
10EE4A29926882FFFC10B330193434A94ABD03FFFFFFFFFFFC9FFF00000015AF8442DF58408B835A
10EEC729932282FFF710B37B193464A92ABD03FFFFFFFFFFFC9FFF00000015AF8442DF59408B8372
10EF1829939B82FFF610B3B7193495A92ABD03FFFFFFFFFFFC9FFF00000015AF8442DF59408B838A
10EF1129938A82FFF610B397193488A94ABE03FFFFFFFFFFFC9FFF00000015AF8442DF59408B83A2
10EEE729935882FFFB10B38B19347EA94ABD03FFFFFFFFFFFCAFFF00000015AF8442DF59408B83BA
10EE9D2992F082FFFE10B21F19338AA96ABD03FFFFFFFFFFFCAFFF00000015AF8542DF5A408B83D2
10ED0329909C82FFFC10B1361932DBA94ABD03FFFFFFFFFFFCAFFF00000015AF8542DF5A408B83EA
10EBD4298EE382FFF910B1561932D2A95ABE36BFFFFFFFFFFC9FFF00000015AF8542DF5A408B8302
10EAF6298DB582FFF510B02C1931FDA97ABE352FFFFFFFFFFC9FFF00000015AF8542DF5A408B731A
10EA1E298C8282FFF110AFFE1931D1A95ABE03FFFFFFFFFFFC9FFF00000015AF8642DF5B408B7332
10EA03298C3982FFEE10AF001930F3A95ABF03FFFFFFFFFFFC9FFF00000015AF8642DF5B408B734A
10E972298B7182FFEC10AE85193089A96ABF03FFFFFFFFFFFCAFFF00000015AF8642DF5B408B7362
10E91E298AF582FFF110ADC9192FF2A98AC003FFFFFFFFFFFCAFFF00000015AF8642DF5B408B737A
10E883298A2182FFF810ACEF192F4DA99AC003FFFFFFFFFFFCAFFF00000015AF8642DF5C408B6392
10E8452989C382FFFA10AD75192FA2A98AC1056FFFFFFFFFFC9FFF00000015AF8742DF5C408B63AA
10E84C2989D682FFF510AD93192FB2A97AC2045FFFFFFFFFFC9FFF00000015AF8742DF5C408B63C2
10E8BC298A7782FFEA10AE4D193033A99AC203FFFFFFFFFFFC9FFF00000015AF8742DF5C408B63DA
10E93C298B2182FFE410AE8819306DA9BAC203FFFFFFFFFFFC9FFF00000015AF8742DF5D408B63F2
10E990298B9B82FFE510AFBF193158A9CAC33EBFFFFFFFFFFC9FFF00000015AF8842DF5D408B630A
10EA9C298D2182FFED10AFCC193177A99AC33BCFFFFFFFFFFCAFFF00000015AF8842DF5D408B6322
10EA81298D0282FFF110AECD1930C0A99AC203FFFFFFFFFFFC9FFF00000015AF8842DF5D408B633A
10E9DA298C0D82FFF010AEBE1930AAA99AC203FFFFFFFFFFFC9FFF00000015AF8842DF5E408B6352
10E997298BB082FFEA10AEE11930C2A98AC203FFFFFFFFFFFCAFFF00000015AF8842DF5E408B536A
10E9A7298BC682FFE610AF4719310AA9AAC203FFFFFFFFFFFC9FFF00000015AF8942DF5E408B5382
10EA1E298C6182FFE310AF67193125A9CAC203FFFFFFFFFFFC9FFF00000015AF8942DF5F408B539A
10EA00298C4382FFE510AF071930DEA9AAC103FFFFFFFFFFFC9FFF00000015AF8942DF5F408B53B2
10E9E3298C0F82FFE910AF70193126A98AC003FFFFFFFFFFFC9FFF00000015AF8942DF5F408B53CA
10E9FC298C2C82FFEB10AEE41930C4A99AC003FFFFFFFFFFFC9FFF00000015AF8A42DF5F408B53E2
10E9FD298C4282FFE810AEC41930ACA9AAC05DFFFFFFFFFFFCAFFF00000015AF8A42DF60408B53FA
10EA05298C4482FFE010AEFF1930D7A99AC003BFFFFFFFFFFCAFFF00000015AF8A42DF60408B5312
10EA1C298C6E82FFDE10AFA619314BA99AC203FFFFFFFFFFFCAFFF00000015AF8A42DF60408B432A
10EAD2298D5482FFDE10AF63193120A98AC203FFFFFFFFFFFC9FFF00000015AF8A42DF60408B4342
10EAC5298D6182FFE110AF3E193109A98AC103FFFFFFFFFFFCAFFF00000015AF8B42DF61408B435A
10EAA9298D3382FFE710AF4F193120A98AC103FFFFFFFFFFFCAFFF00000015AF8B42DF61408B4372
10EA6B298CD882FFE710AF1B1930F6A95AC103FFFFFFFFFFFCAFFF00000015AF8B42DF61408B438A
10EA53298CB582FFE310AF67193128A97AC003FFFFFFFFFFFC9FFF00000015AF8B42DF61408B43A2
10EA62298CC982FFDD10AF94193147A99AC003FFFFFFFFFFFCAFFF00000015AF8B42DF62408B43BA
10EA5B298CD482FFD910AFB3193164A98AC0121FFFFFFFFFFCAFFF00000015AF8C42DF62408B33D2
10EACC298D5E82FFD910AFFD193197A98AC0422FFFFFFFFFFC9FFF00000015AF8C42DF62408B33EA
10EB2C298DEF82FFDE10AFB819316BA99ABF03FFFFFFFFFFFC9FFF00000015AF8C42DF62408B3302
10EB03298DB582FFE310AFAC193166A97ABF03FFFFFFFFFFFC9FFF00000015AF8C42DF63408B331A
10EAE5298D9282FFE010AFCC193180A96AC003FFFFFFFFFFFC7FFF00000015AF8D42DF63408B3332
10EAD2298D7B82FFDC10AFCD193180A96AC003FFFFFFFFFFFC9FFF00000015AF8D42DF63408B334A
10EAF5298DA282FFDD10B00A1931AFA96AC003FFFFFFFFFFFC9FFF00000015AF8D42DF63408B2362
10EB0D298DC682FFDE10AFEE193199A97AC003FFFFFFFFFFFCAFFF00000015AF8D42DF64408B337A
10EB37298DFD82FFD910AFE719319BA96ABF03FFFFFFFFFFFCAFFF00000015AF8D42DF64408B2392
10EB56298E3582FFD410AFFD1931A2A97ABF683FFFFFFFFFFC9FFF00000015AF8E42DF64408B23AA
10EB33298DFD82FFD410B0381931D4A9AAC0716FFFFFFFFFFCAFFF00000015AF8E42DF65408B23C2
10EB8A298E6C82FFDA10B0711931FAA9AAC003FFFFFFFFFFFCBFFF00000015AF8E42DF65408B23DA
10EBCA298ED782FFDD10B00F1931BBA98AC003FFFFFFFFFFFCAFFF00000015AF8E42DF65408B23F2
10EB8A298E8382FFDE10AFF11931A8A96AC003FFFFFFFFFFFC9FFF00000015AF8F42DF65408B230A
10EB1F298DE582FFDB10AFEF1931A3A96AC1085FFFFFFFFFFCAFFF00000015AF8F42DF66408B2322
10EAB5298D4C82FFD910AFFB1931AFA99AC176CFFFFFFFFFFCAFFF00000015AF8F42DF66408B133A
10EAAB298D5082FFD410B04F1931E0A99AC07E4FFFFFFFFFFCAFFF00000015AF8F42DF66408B2352
10EAE1298D9E82FFCD10B0721931FAA99ABF03FFFFFFFFFFFCAFFF00000015AF8F42DF66408B136A
10EB78298E6282FFCE10B0D4193247A99ABF03FFFFFFFFFFFCAFFF00000015AF9042DF67408B1382
10EC0A298F1C82FFD810B134193292A9AABF03FFFFFFFFFFFC9FFF00000015AF9042DF67408B139A
10EC66298FAC82FFE110B0BB19323EA97ABE0CFFFFFFFFFFFC9FFF00000015AF9042DF67408B13B2
10EBC6298EDC82FFDF10B0471931EDA99ABE84CFFFFFFFFFFC9FFF00000015AF9042DF67408B03CA
10EB57298E3482FFD210B0A719322AA99ABE865FFFFFFFFFFC9FFF00000015AF9142DF68408B13E2
10EB29298DFA82FFCA10B0B0193231A96ABE03FFFFFFFFFFFC9FFF00000015AF9142DF68408B03FA
10EB85298E7682FFC910B11419327DA9BABE03FFFFFFFFFFFC9FFF00000015AF9142DF68408B0312
10EC50298F8E82FFD010B0C3193246A9CABF03FFFFFFFFFFFC9FFF00000015AF9142DF68408B032A
10EC36298F7882FFD710B079193211A99ABF048FFFFFFFFFFC9FFF00000015AF9142DF69408B0342
10EB84298E8982FFD810B00A1931C3A95ABF676FFFFFFFFFFC9FFF00000015AF9242DF69408B035A
10EADB298D8C82FFD410AFDA19318DA95ABF783FFFFFFFFFFC9FFF00000015AF9242DF69408B0372
10EA63298CDE82FFCF10AFD5193187A97ABF03FFFFFFFFFFFC9FFF00000015AF9242DF69408B038A
10EAB1298D5582FFCF10AFFF1931A5A98ABE03FFFFFFFFFFFCAFFF00000015AF9242DF6A408B03A2
10EAE6298D9E82FFCC10B086193210A9AABE03FFFFFFFFFFFCAFFF00000015AF9242DF6A408B03BA
10EB27298DF082FFCB10B08919320FA9AABF084FFFFFFFFFFCAFFF00000015AF9342DF6A408B03D2
10EBA5298E9D82FFCC10B0381931D8A99ABF773FFFFFFFFFFC9FFF00000015AF9342DF6B408AF3EA
10EB6B298E4B82FFD010AFF01931A9A9AABF83EFFFFFFFFFFC9FFF00000015AF9342DF6B408B0302
10EB6E298E3282FFD410B04B1931E0A9BABF03FFFFFFFFFFFCAFFF00000015AF9342DF6B408B031A
10EB31298E0282FFD310B0001931AEA9BABE03FFFFFFFFFFFCAFFF00000015AF9442DF6B408AF332
10EB08298DC682FFCD10B05D1931F0A9AABF03FFFFFFFFFFFCAFFF00000015AF9442DF6C408AE34A
10EB5F298E3C82FFCA10B0CE19323FA99AC0075FFFFFFFFFFCAFFF00000015AF9442DF6C408AE362
10EBDC298EFA82FFC910B0DD19324EA99AC16E7FFFFFFFFFFC9FFF00000015AF9442DF6C408AE37A
10EC35298F7C82FFC810B127193286A98AC17F2FFFFFFFFFFC8FFF00000015AF9442DF6C408AE392
10EC6D298FCB82FFC910B16C1932BFA96AC003FFFFFFFFFFFC6FFF00000015AF9542DF6D408AE3AA
10ECA029900D82FFCE10B1981932E7A98AC0043FFFFFFFFFFC8FFF00000015AF9542DF6D408AE3C2
10ECC029904482FFD210B1681932C6A96AC0854FFFFFFFFFFCAFFF00000015AF9542DF6D408AE3DA
10EC63298FC082FFD310B1551932BAA94ABF492FFFFFFFFFFC9FFF00000015AF9542DF6D408AE3F2
10EC44298F9982FFCD10B1511932B7A96ABE03FFFFFFFFFFFC9FFF00000015AF9542DF6E408AE30A
10EC3B298F8882FFCA10B1681932C4A95ABE03FFFFFFFFFFFCAFFF00000015AF9642DF6E408AE322
10EC89298FF282FFC810B1771932D2A94ABD03FFFFFFFFFFFC8FFF00000015AF9642DF6E408AD33A
10EC69298FCA82FFC610B1751932CEA94ABD052FFFFFFFFFFC8FFF00000015AF9642DF6E408AD352
10ECB629903B82FFC810B1871932DDA95ABC98FFFFFFFFFFFC9FFF00000015AF9642DF6F408AD36A
10ED352990E882FFCE10B1CC193313A95ABD518FFFFFFFFFFC9FFF00000015AF9742DF6F408AD382
10ED432990F282FFD210B1491932C0A96ABD03FFFFFFFFFFFC9FFF00000015AF9742DF6F408AD39A
10EC8F298FF882FFD310B12E1932A4A95ABD03FFFFFFFFFFFC9FFF00000015AF9742DF6F408AD3B2
10EC18298F5282FFCD10B1411932B8A94ABD03FFFFFFFFFFFC9FFF00000015AF9742DF70408AC3CA
10EBF0298F1E82FFC710B1841932DCA95ABE11AFFFFFFFFFFC9FFF00000015AF9742DF70408AC3E2
10EC32298F8182FFC410B1901932E2A95ABEA56FFFFFFFFFFCAFFF00000015AF9842DF70408AC3FA
10EC9729900082FFC410B1851932DDA98ABF559FFFFFFFFFFC9FFF00000015AF9842DF70408AC312
10ECAB29902382FFC910B109193286A98ABF03FFFFFFFFFFFC9FFF00000015AF9842DF71408AC32A
10EC59298FAA82FFCE10B0CB19325AA96AC010CFFFFFFFFFFC9FFF00000015AF9842DF71408AC342
10EBFB298F2A82FFD410B08E193220A96ABFAAFFFFFFFFFFFCAFFF00000015AF9842DF71408AC35A
10EBC1298EDE82FFD310B0CB19324BA99ABE230FFFFFFFFFFCAFFF00000015AF9942DF71408AC372
10EBD8298EFE82FFCA10B13A193299A99ABE03FFFFFFFFFFFCAFFF00000015AF9942DF72408AC38A
10EBFF298F3A82FFC410B1771932CFA99ABE03FFFFFFFFFFFCAFFF00000015AF9942DF72408AC3A2
10EC73298FD982FFC210B1C11932FFA97ABE03FFFFFFFFFFFCAFFF00000015AF9942DF72408AC3BA
10ED282990CF82FFC610B1EF193327A96ABF238FFFFFFFFFFC9FFF00000015AF9A42DF72408AB3D2
10ED9929917082FFCC10B1FA19333BA97ABEC58FFFFFFFFFFC9FFF00000015AF9A42DF73408AC3EA
10ED7029913682FFD210B1881932E7A97ABE267FFFFFFFFFFCAFFF00000015AF9A42DF73408AB302
10ECC529904F82FFD510B0F1193291A96ABF03FFFFFFFFFFFCAFFF00000015AF9A42DF73408AB31A
10EBFD298F2482FFD010B10019328CA97ABF03FFFFFFFFFFFCAFFF00000015AF9A42DF73408AB332
10EBE3298F0782FFC710B1741932D2A98ABF03FFFFFFFFFFFC9FFF00000015AF9B42DF74408AB34A
10EBF5298F2882FFC510B14F1932B9A97ABF25DFFFFFFFFFFC9FFF00000015AF9B42DF74408AA362
10EC0C298F3282FFC710B0F4193278A95ABFC5FFFFFFFFFFFC9FFF00000015AF9B42DF74408AB37A
10EC19298F4682FFCC10B114193288A94ABF274FFFFFFFFFFC9FFF00000015AF9B42DF74408AA392
10EC3E298F8182FFCE10B0A919323DA95ABF03FFFFFFFFFFFC9FFF00000015AF9B42DF75408AA3AA
10EBCC298EE182FFCE10B06E193205A98ABE03FFFFFFFFFFFC9FFF00000015AF9C42DF75408AA3C2
10EB8D298E8382FFCE10AFFD1931AFA99ABE03FFFFFFFFFFFCAFFF00000015AF9C42DF75408AA3DA
10EB5E298E5D82FFCC10B0C3193244A98ABF245FFFFFFFFFFCAFFF00000015AF9C42DF76408AA3F2
10EC0C298F4382FFCE10B1571932B4A98ABEB8EFFFFFFFFFFCBFFF00000015AF9C42DF76408AA30A
10EC81298FF082FFCA10B10919327CA97ABE252FFFFFFFFFFCAFFF00000015AF9D42DF76408AA322
10EBFF298F3682FFC910B0E319325FA95ABE03FFFFFFFFFFFCAFFF00000015AF9D42DF76408AA33A
10EB9A298EA682FFC910B0E5193263A95ABE03FFFFFFFFFFFC9FFF00000015AF9D42DF77408AA352
10EC18298F4982FFCB10B1481932AEA96ABE03FFFFFFFFFFFC9FFF00000015AF9D42DF77408A936A
10EC04298F3282FFCD10B0AB193234A94ABE20DFFFFFFFFFFC9FFF00000015AF9D42DF77408A9382
10EB05298DC382FFCC10B0301931D9A96ABEC4DFFFFFFFFFFC9FFF00000015AF9E42DF77408A939A
10EA86298D0A82FFCD10AFDF19319AA99ABE278FFFFFFFFFFC9FFF00000015AF9E42DF78408A93B2
10EA4D298CBD82FFCE10AFC3193184A99ABF03FFFFFFFFFFFC9FFF00000015AF9E42DF78408A93CA
10EA39298CA482FFCC10AF38193114A9AAC0232FFFFFFFFFFCAFFF00000015AF9E42DF78408A93E2
10E995298BB782FFC910AF28193100A9BABFADAFFFFFFFFFFC9FFF00000015AF9E42DF78408A93FA
10E9E8298C3482FFC910AFA8193154A9AABE039FFFFFFFFFFC8FFF00000015AF9F42DF79408A8312
10EA8F298D0E82FFCB10AF1C1930F7A98AC003FFFFFFFFFFFC9FFF00000015AF9F42DF79408A832A
10E9E7298C1682FFD010AE98193095A98AC103FFFFFFFFFFFCAFFF00000015AF9F42DF79408A8342
10E993298BAF82FFD310AE20193034A99AC003FFFFFFFFFFFCBFFF00000015AF9F42DF79408A835A
10E957298B5682FFD310AE53193058A99AC035FFFFFFFFFFFC8FFF00000015AFA042DF7A408A8372
10E91C298B0682FFCD10AE1A19302AA98AC0C9FFFFFFFFFFFC9FFF00000015AFA042DF7A408A838A
10E8CF298A9882FFC910AE07193013A98AC0039FFFFFFFFFFCAFFF00000015AFA042DF7A408A83A2
10E8C4298A7F82FFCA10ADD3192FEDA98AC003FFFFFFFFFFFC9FFF00000015AFA042DF7A408A73BA
10E8BA298A6F82FFCF10ADD3192FEBA98AC103FFFFFFFFFFFC9FFF00000015AFA042DF7B408A83D2
10E8D4298A9582FFD110AD7B192FACA9BAC303FFFFFFFFFFFC9FFF00000015AFA142DF7B408A83EA
10E85D2989F282FFD110ACF1192F53A9BAC4291FFFFFFFFFFC9FFF00000015AFA142DF7B408A7302
10E7B029890F82FFD010AC50192ED7A9AAC4BBCFFFFFFFFFFC9FFF00000015AFA142DF7B408A731A
10E73D29886D82FFCE10AC76192EEBA9AAC5039FFFFFFFFFFC9FFF00000015AFA142DF7C408A7332
10E70829882F82FFC910ACC2192F19A9CAC503FFFFFFFFFFFC9FFF00000015AFA142DF7C408A734A
10E7652988A282FFCA10AD26192F5BA9FAC403FFFFFFFFFFFCAFFF00000015AFA242DF7C408A7362
10E81929898082FFCD10AD1F192F5AAA0AC403FFFFFFFFFFFCAFFF00000015AFA242DF7C408A637A
10E81129898C82FFD010ACA8192F0CA9FAC2055FFFFFFFFFFCAFFF00000015AFA242DF7D408A6392
10E7CF29892D82FFCF10ACB2192F0EA9CAC303FFFFFFFFFFFC9FFF00000015AFA242DF7D408A63AA
10E7652988A082FFCF10AC64192EDEA9CAC403FFFFFFFFFFFC9FFF00000015AFA342DF7D408A63C2
10E72229884C82FFCE10AC66192ED6A9AAC303FFFFFFFFFFFCAFFF00000015AFA342DF7E408A63DA
10E73329885282FFCB10AC72192EE1A9BAC403FFFFFFFFFFFCBFFF00000015AFA342DF7E408A63F2
10E70229882B82FFC910AC64192ECFA9EAC403FFFFFFFFFFFCBFFF00000015AFA342DF7E408A630A
10E71B29883E82FFC810AC85192EE6A9CAC403FFFFFFFFFFFC9FFF00000015AFA342DF7E408A6322
10E7742988B682FFCA10ACD7192F20A9AAC408EFFFFFFFFFFC8FFF00000015AFA442DF7F408A633A
10E7C929892682FFCD10AC2B192EABA99AC5279FFFFFFFFFFCAFFF00000015AFA442DF7F408A6352
10E77A2988B782FFCF10AC0D192E98A97AC503FFFFFFFFFFFC9FFF00000015AFA442DF7F408A636A
10E70329882082FFCF10AC18192E9FA9AAC403FFFFFFFFFFFC9FFF00000015AFA442DF7F408A5382
10E6F829880B82FFCB10AC4F192EC0A9DAC403FFFFFFFFFFFC9FFF00000015AFA442DF80408A539A
10E70429881382FFC810AC73192ED5A9DAC4A55FFFFFFFFFFC9FFF00000015AFA542DF80408A63B2
10E75729888782FFC510ACC3192F0AA9CAC403FFFFFFFFFFFC9FFF00000015AFA542DF80408A53CA
10E7A32988F982FFC810AD26192F59A9DAC303FFFFFFFFFFFCAFFF00000015AFA542DF80408A53E2
10E7FE29896482FFCB10ACE3192F2EA9FAC403FFFFFFFFFFFC9FFF00000015AFA542DF81408A43FA
10E8422989B482FFCE10AD35192F67A9EAC503FFFFFFFFFFFC9FFF00000015AFA642DF81408A5312
10E8542989E082FFCF10AD5A192F84A9FAC41F8FFFFFFFFFFCAFFF00000015AFA642DF81408A432A
10E8522989E782FFCE10AD6D192F94A9FAC30CCFFFFFFFFFFCAFFF00000015AFA642DF81408A4342
10E885298A2782FFCB10ADB4192FCAA9EAC403FFFFFFFFFFFC9FFF00000015AFA642DF82408A435A
10E8DA298AA982FFC310ADF3192FF7A9CAC503FFFFFFFFFFFC9FFF00000015AFA642DF82408A4372
10E92E298B1182FFC110AE2F193028A9AAC4539FFFFFFFFFFC9FFF00000015AFA742DF82408A438A
10E970298B7582FFC410AE5E193052A9BAC3526FFFFFFFFFFC9FFF00000015AFA742DF82408A43A2
10E98E298BA582FFCC10AE5419304CA99AC203FFFFFFFFFFFC9FFF00000015AFA742DF83408A33BA
10E988298B9B82FFD310AE4F19304BA9AAC203FFFFFFFFFFFCBFFF00000015AFA742DF83408A43D2
10E983298B9482FFCE10AE58193054A9BAC2047FFFFFFFFFFCAFFF00000015AFA742DF83408A43EA
10E952298B4F82FFC810AE57193051A9AAC204BFFFFFFFFFFCAFFF00000015AFA842DF83408A3302
10E982298B8C82FFC210AE6C19305EA99AC203FFFFFFFFFFFCAFFF00000015AFA842DF84408A331A
10E9A5298BC082FFC110AE88193075A98AC103FFFFFFFFFFFC9FFF00000015AFA842DF84408A3332
10E9A1298BBD82FFC410AE6319305CA98AC113BFFFFFFFFFFC9FFF00000015AFA842DF84408A334A
10E994298BA682FFC910AE2E193037A98AC1508FFFFFFFFFFCAFFF00000015AFA942DF85408A2362
10E956298B4E82FFCE10ADD9192FFBA9BAC203FFFFFFFFFFFCAFFF00000015AFA942DF85408A337A
10E910298AE282FFCE10AE0C193017A98AC203FFFFFFFFFFFCAFFF00000015AFA942DF85408A2392
10E91E298B0782FFCA10AE4B193044A99AC103FFFFFFFFFFFC9FFF00000015AFA942DF85408A23AA
10E97F298B8E82FFC510AE89193070A9AAC176DFFFFFFFFFFCAFFF00000015AFA942DF86408A23C2
10E9A8298BCC82FFC110AEB619308EA99AC303FFFFFFFFFFFCAFFF00000015AFAA42DF86408A23DA
10E9F1298C3182FFC110AED11930ACA98AC303FFFFFFFFFFFCBFFF00000015AFAA42DF86408A23F2
10EA28298C7D82FFC710AF021930D6A98AC203FFFFFFFFFFFC8FFF00000015AFAA42DF86408A230A
10EA2A298C8B82FFCD10AEFE1930D7A98AC103FFFFFFFFFFFC9FFF00000015AFAA42DF87408A2322
10EA52298CBF82FFCC10AEF41930D4A97AC00AAFFFFFFFFFFCAFFF00000015AFAA42DF87408A233A
10EA43298CA882FFC710AF82193133A97AC0064FFFFFFFFFFCAFFF00000015AFAB42DF87408A2352
10EA8B298D0E82FFBE10AFDF193176A97AC003FFFFFFFFFFFCAFFF00000015AFAB42DF87408A236A
10EACE298D7982FFBD10AFCF19317EA99AC003FFFFFFFFFFFCAFFF00000015AFAB42DF88408A2382
10EB1D298DD982FFC510AF7E19314DA98AC025BFFFFFFFFFFCAFFF00000015AFAB42DF88408A239A
10EA95298D2582FFCE10AF4D193127A97AC02C0FFFFFFFFFFCAFFF00000015AFAC42DF88408A13B2
10EA68298CE882FFCD10AF6319312DA98ABF03FFFFFFFFFFFCAFFF00000015AFAC42DF88408A13CA
10EA69298CE582FFC810B01B1931A4A98ABE03FFFFFFFFFFFCBFFF00000015AFAC42DF89408A13E2
10EA84298D1E82FFC310AFA9193160A99ABE03FFFFFFFFFFFC9FFF00000015AFAC42DF89408A13FA
10EAC6298D7782FFC010AF9919315CA9AABF03FFFFFFFFFFFC9FFF00000015AFAC42DF89408A0312
10EAD9298D8182FFBF10AF8C193151A99AC003FFFFFFFFFFFC9FFF00000015AFAD42DF89408A132A
10EAAC298D4982FFC310AF78193146A97AC003FFFFFFFFFFFCAFFF00000015AFAD42DF8A408A0342
10EAA5298D3A82FFC810AF261930FDA95AC003FFFFFFFFFFFCAFFF00000015AFAD42DF8A408A035A
10EA87298D1782FFC910AFBC19316AA99AC003FFFFFFFFFFFC9FFF00000015AFAD42DF8A408A0372
10EA73298CF982FFC610AF5E19312BA9AAC04D8FFFFFFFFFFC9FFF00000015AFAD42DF8A408A038A
10EA15298C7482FFC510AF141930EEA99AC003BFFFFFFFFFFC9FFF00000015AFAE42DF8B408A03A2
10EA05298C6082FFC110AF271930FCA98AC003FFFFFFFFFFFC9FFF00000015AFAE42DF8B408A03BA
10EA17298C7282FFC010AF111930EAA99AC003FFFFFFFFFFFC9FFF00000015AFAE42DF8B408A03D2
10EA3F298CAA82FFC110AF071930E3A98AC003FFFFFFFFFFFC9FFF00000015AFAE42DF8C408A03EA
10EA37298CA182FFC310AEE31930C7A98AC103FFFFFFFFFFFC9FFF00000015AFAF42DF8C408A0302
10EA25298C8582FFC410AEE01930C5A97AC003FFFFFFFFFFFC9FFF00000015AFAF42DF8C408A031A
10EA23298C8382FFC310AEF91930D6A96ABF040FFFFFFFFFFCAFFF00000015AFAF42DF8C408A0332
10EA32298C9F82FFC210AF111930E9A97ABF03FFFFFFFFFFFC9FFF00000015AFAF42DF8D408A034A
10EA52298CCD82FFC510AF111930ECA98AC003FFFFFFFFFFFC9FFF00000015AFAF42DF8D4089F362
10EA47298CBB82FFC410AF171930F3A97AC203FFFFFFFFFFFCAFFF00000015AFB042DF8D4089F37A
10EA3C298CAA82FFC310AF5D193122A98AC25EFFFFFFFFFFFCAFFF00000015AFB042DF8D4089F392
10EA7A298CFC82FFC010AFE0193178A97AC103AFFFFFFFFFFC9FFF00000015AFB042DF8E4089F3AA
10EB06298DCC82FFBC10B0431931D6A99AC003FFFFFFFFFFFC9FFF00000015AFB042DF8E4089F3C2
10EB81298E8082FFBE10B0D019323AA9AAC003FFFFFFFFFFFC9FFF00000015AFB042DF8E4089F3DA
10EBF0298F1C82FFC010B0E719324CA98AC003FFFFFFFFFFFC9FFF00000015AFB142DF8E4089E3F2
10ECF829909F82FFC610B1B31932E9A98AC003FFFFFFFFFFFC9FFF00000015AFB142DF8F4089E30A
10ED5129911982FFCA10B0431931F1A95AC003FFFFFFFFFFFC9FFF00000015AFB142DF8F4089E322
10EC38298FEE82FFC510B0A3193248A93AC003FFFFFFFFFFFC9FFF00000015AFB142DF8F4089E33A
10EB77298E6082FFBE10B0331931E0A96AC003FFFFFFFFFFFCAFFF00000015AFB242DF8F4089E352
10EAE9298DAE82FFBA10B0611931F7A97ABF112FFFFFFFFFFCAFFF00000015AFB242DF904089E36A
10EB5E298E4F82FFBB10B05E1931FBA96ABF4B6FFFFFFFFFFCAFFF00000015AFB242DF904089E382
10EC04298F2D82FFBD10B0CA193241A96ABE03FFFFFFFFFFFC8FFF00000015AFB242DF904089E39A
10EBE0298EF782FFC010B08E19321DA97ABE03FFFFFFFFFFFC8FFF00000015AFB242DF904089E3B2
10EBB6298EC882FFC610B0241931D8A98ABF03FFFFFFFFFFFC9FFF00000015AFB342DF914089E3CA
10EB22298DFB82FFC510B0031931BAA98AC003FFFFFFFFFFFC9FFF00000015AFB342DF914089E3E2
10EAE9298DA882FFC110AFEC1931A1A9BABF03FFFFFFFFFFFCAFFF00000015AFB342DF914089D3FA
10EAD2298D9282FFBD10B0261931C6A99AC003FFFFFFFFFFFC9FFF00000015AFB342DF924089E312
10EB0F298DE982FFB910B0AE193224A98AC003FFFFFFFFFFFC9FFF00000015AFB442DF924089D32A
10EBA5298EAA82FFB510B0E6193254A96AC003FFFFFFFFFFFC9FFF00000015AFB442DF924089D342
10EBBC298ED282FFBC10B07219320CA96ABF4B0FFFFFFFFFFCAFFF00000015AFB442DF924089D35A
10EBB4298EC882FFC010B01A1931CDA95AC01AAFFFFFFFFFFCAFFF00000015AFB442DF934089C372
10EB20298DF782FFC310AF9F193174A98ABF03FFFFFFFFFFFCAFFF00000015AFB442DF934089C38A
10EA99298D3A82FFBF10AF8A193158A9BAC003FFFFFFFFFFFCAFFF00000015AFB542DF934089D3A2
10EA5F298CE582FFBF10AF60193132A9AAC103FFFFFFFFFFFC9FFF00000015AFB542DF934089C3BA
10EA4B298CC982FFBD10AF6419312FA97AC203FFFFFFFFFFFC9FFF00000015AFB542DF944089C3D2
10EA66298CEF82FFBB10AF9B193155A97AC103FFFFFFFFFFFC9FFF00000015AFB542DF944089C3EA
10EAA6298D4582FFBC10AF9B19315AA99AC004AFFFFFFFFFFC8FFF00000015AFB642DF944089C302
10EB0A298DDC82FFBB10AFEC19319BA9AAC003FFFFFFFFFFFC8FFF00000015AFB642DF944089C31A
10EBDA298EF382FFBC10B16B1932B0A99AC003FFFFFFFFFFFCAFFF00000015AFB642DF954089C332
10ECE829907482FFBC10B223193335A98ABE03FFFFFFFFFFFCAFFF00000015AFB642DF954089C34A
10ED5F29911C82FFBD10B1BB193303A99ABE553FFFFFFFFFFC9FFF00000015AFB642DF954089C362
10ECDC29906F82FFBD10B1EB19332DA99ABE1DCFFFFFFFFFFC9FFF00000015AFB742DF954089C37A
10ED302990F282FFBF10B29B1933A9A97ABD03FFFFFFFFFFFCAFFF00000015AFB742DF964089C392
10EE0D29921182FFC110B2911933B2A94ABD03FFFFFFFFFFFCAFFF00000015AFB742DF964089B3AA
10ED4029911D82FFC010B1D619333AA93ABD03FFFFFFFFFFFC9FFF00000015AFB742DF964089B3C2
10EC89298FFB82FFBC10B1C1193313A95ABD03FFFFFFFFFFFC9FFF00000015AFB742DF964089B3DA
10EBB8298EDD82FFB710B205193340A96ABD03FFFFFFFFFFFCAFFF00000015AFB842DF974089B3F2
10EC50298FB582FFB410B223193355A97ABC03FFFFFFFFFFFC9FFF00000015AFB842DF974089B30A
10ECBB29903F82FFB810B1B619330AA95ABD03FFFFFFFFFFFC9FFF00000015AFB842DF974089B322
10EC8C298FFE82FFC110B06B193220A92ABD03FFFFFFFFFFFCAFFF00000015AFB842DF974089A33A
10EBB2298EC482FFC710B083193236A93ABD582FFFFFFFFFFCAFFF00000015AFB942DF984089A352
10EB47298E3382FFC510B01D1931D6A94ABE03FFFFFFFFFFFCAFFF00000015AFB942DF984089A36A
10EB16298DF682FFBD10B0211931CFA95ABE03FFFFFFFFFFFCAFFF00000015AFB942DF984089A382
10EAFB298DCE82FFB410B06A1931FDA97ABE03FFFFFFFFFFFCAFFF00000015AFB942DF984089A39A
10EB5F298E5A82FFAF10B0DB193258A9AABE03FFFFFFFFFFFC9FFF00000015AFB942DF994089A3B2
10EC26298F6C82FFB610B13C1932A5A98ABF03FFFFFFFFFFFCAFFF00000015AFBA42DF994089A3CA
10EBD9298EF782FFC110B01C1931DBA96ABF03FFFFFFFFFFFC9FFF00000015AFBA42DF994089A3E2
10EB34298E2082FFC710AFFF1931BEA93ABE03FFFFFFFFFFFCAFFF00000015AFBA42DF994089A3FA
10EAF1298DC082FFC210AFFA1931B2A92ABF03FFFFFFFFFFFCAFFF00000015AFBA42DF9A4089A312
10EAE5298DA682FFBD10AFEF1931A2A95ABF1AEFFFFFFFFFFC9FFF00000015AFBA42DF9A4089A32A
10EAD6298D9982FFB810B0141931BCA97AC1228FFFFFFFFFFC9FFF00000015AFBB42DF9A4089A342
10EB07298DDC82FFB510B0401931DCA99AC103FFFFFFFFFFFC9FFF00000015AFBB42DF9A4089935A
10EB8B298E8F82FFB810B093193216A98AC103FFFFFFFFFFFCAFFF00000015AFBB42DF9B40899372
10EBD2298EED82FFBB10B09019321DA99AC01C3FFFFFFFFFFCAFFF00000015AFBB42DF9B4089938A
10EB9F298EB282FFBE10B0391931DEA98ABF6DCFFFFFFFFFFC9FFF00000015AFBC42DF9B408993A2
10EB75298E7A82FFBC10B05A1931F6A98AC003FFFFFFFFFFFC9FFF00000015AFBC42DF9B408993BA
10EB8C298E9782FFBD10B071193207A97ABF03FFFFFFFFFFFC9FFF00000015AFBC42DF9C408993D2
10EB80298E8E82FFBD10B02B1931D7A96ABF03FFFFFFFFFFFC9FFF00000015AFBC42DF9C408983EA
10EB42298E3082FFBA10B07C19320FA95AC003FFFFFFFFFFFC9FFF00000015AFBC42DF9C40898302
10EB82298E8B82FFB710B0AB193231A93ABF03FFFFFFFFFFFC9FFF00000015AFBD42DF9C4089831A
10EBB8298EDF82FFB210B0C019323FA97ABF03FFFFFFFFFFFC9FFF00000015AFBD42DF9D40898332
10EBE4298F1A82FFB410B108193278A98ABE03FFFFFFFFFFFCAFFF00000015AFBD42DF9D4089834A
10EC42298F9782FFBA10B0F719326CA97ABF03FFFFFFFFFFFCAFFF00000015AFBD42DF9D40898362
10EC5C298FB482FFC110B0D6193258A96AC03B3FFFFFFFFFFC9FFF00000015AFBE42DF9D4089837A
10EBFE298F3B82FFC110B12619328FA97AC0171FFFFFFFFFFCAFFF00000015AFBE42DF9E40898392
10EC5E298FBF82FFB910B1CA193307A96ABF03FFFFFFFFFFFCAFFF00000015AFBE42DF9E408983AA
10ECAC29903082FFB110B21D193348A98ABE03FFFFFFFFFFFCAFFF00000015AFBE42DF9E408983C2
10ED7629914882FFB110B2AE1933B8A97ABE03FFFFFFFFFFFCAFFF00000015AFBE42DF9F408983DA
10EE002991EC82FFB810B2E21933E0A96ABD03FFFFFFFFFFFCAFFF00000015AFBF42DF9F408983F2
10EE4529926282FFBC10B2D21933E0A94ABE03FFFFFFFFFFFCAFFF00000015AFBF42DF9F4089830A
10EDF829921382FFBD10B22519336AA95ABE03FFFFFFFFFFFCAFFF00000015AFBF42DF9F40897322
10EDD82991E482FFBB10B22F193368A97ABE03FFFFFFFFFFFCAFFF00000015AFBF42DF9F4089733A
10EDD62991D282FFB810B2BE1933C8A98ABE03FFFFFFFFFFFCAFFF00000015AFC042DFA040897352
10EE3829926082FFB510B352193439A96ABE355FFFFFFFFFFC9FFF00000015AFC042DFA04089636A
10EEB629931182FFB110B3B9193486A97ABF03FFFFFFFFFFFC9FFF00000015AFC042DFA040897382
10EF442993DE82FFB310B459193507A97ABE03FFFFFFFFFFFC9FFF00000015AFC042DFA04089639A
10EFA829946682FFBA10B44A193505A94ABE03FFFFFFFFFFFC9FFF00000015AFC042DFA1408963B2
10EFA429946082FFBE10B4041934D4A94ABE991FFFFFFFFFFC9FFF00000015AFC142DFA1408963CA
10EF7929942A82FFB810B4161934E6A95ABE03BFFFFFFFFFFCAFFF00000015AFC142DFA1408963E2
10EF1F2993AA82FFB310B457193510A94ABC03FFFFFFFFFFFCAFFF00000015AFC142DFA1408963FA
10EF6E29941A82FFB110B4A919354DA92ABC03FFFFFFFFFFFCBFFF00000015AFC142DFA240896312
10F0032994D782FFB710B51F1935A1A93ABD03FFFFFFFFFFFC9FFF00000015AFC142DFA24089632A
10F04A29954882FFBA10B4A719355EA93ABF0DDFFFFFFFFFFCAFFF00000015AFC242DFA240896342
10F02329951D82FFB910B44819350CA93ABE12BFFFFFFFFFFC9FFF00000015AFC242DFA24089635A
10F01A29950B82FFB410B48319353BA92ABD03FFFFFFFFFFFC9FFF00000015AFC242DFA340896372
10F04829955182FFB010B51B1935A7A93ABD03FFFFFFFFFFFC9FFF00000015AFC242DFA34089638A
10F0A62995D682FFB410B598193609A91ABC194FFFFFFFFFFCAFFF00000015AFC342DFA3408963A2
10F0C629960482FFBB10B5761935F3A90ABD69BFFFFFFFFFFCAFFF00000015AFC342DFA3408963BA
10F0B52995EB82FFBE10B58C193607A91ABD03FFFFFFFFFFFCAFFF00000015AFC342DFA4408963D2
10F0E329963182FFB910B5C5193631A92ABD03FFFFFFFFFFFCAFFF00000015AFC342DFA4408963EA
10F10329965F82FFB210B5D7193643A93ABE03FFFFFFFFFFFC9FFF00000015AFC342DFA440896302
10F1472996BA82FFB010B61319366DA94ABD03FFFFFFFFFFFC9FFF00000015AFC442DFA44089531A
10F19129972482FFB110B643193695A94ABD03FFFFFFFFFFFCAFFF00000015AFC442DFA540895332
10F19729972C82FFB910B63E193695A93ABD03FFFFFFFFFFFC9FFF00000015AFC442DFA54089434A
10F0FE29965282FFBE10B59C19362BA93ABD03FFFFFFFFFFFC9FFF00000015AFC442DFA540894362
10F0BF2995F882FFC110B57A193600A95ABD03FFFFFFFFFFFC9FFF00000015AFC542DFA54089437A
10F0A82995DB82FFBC10B5801935FEA97ABC352FFFFFFFFFFC8FFF00000015AFC542DFA640894392
10F0E629963882FFB710B5DE19363DA97ABC15CFFFFFFFFFFCAFFF00000015AFC542DFA6408953AA
10F1532996C482FFAE10B5F8193657A98ABB03FFFFFFFFFFFC9FFF00000015AFC542DFA6408953C2
10F1592996D382FFAC10B5E9193650A98ABC03FFFFFFFFFFFC9FFF00000015AFC542DFA6408943DA
10F1432996B382FFB610B60E19366AA95ABC03FFFFFFFFFFFCAFFF00000015AFC642DFA7408943F2
10F1492996C182FFBE10B5FE193661A91ABC03FFFFFFFFFFFC9FFF00000015AFC642DFA74089430A
10F16C2996F582FFC010B64919369DA92ABB03FFFFFFFFFFFC9FFF00000015AFC642DFA740894322
10F18829971C82FFBD10B639193693A92ABB03FFFFFFFFFFFCAFFF00000015AFC642DFA74089433A
10F18729971F82FFBA10B634193692A92ABC046FFFFFFFFFFC9FFF00000015AFC742DFA840894352
10F14E2996C582FFB610B612193676A91ABC04BFFFFFFFFFFC9FFF00000015AFC742DFA84089436A
10F0FF29966182FFB110B5D619364CA92ABC03FFFFFFFFFFFCAFFF00000015AFC742DFA840894382
10F10129965B82FFB110B5E8193655A92ABB03FFFFFFFFFFFCAFFF00000015AFC742DFA84089439A
10F11B29967B82FFB210B5EE193657A94ABB122FFFFFFFFFFC9FFF00000015AFC742DFA9408933B2
10F1502996BF82FFBA10B5C5193634A93ABB566FFFFFFFFFFC9FFF00000015AFC842DFA9408933CA
10F0FA29965682FFC210B4FE1935B6A93ABA03FFFFFFFFFFFCAFFF00000015AFC842DFA9408933E2
10F0CA29961682FFC110B576193600A94ABA03FFFFFFFFFFFCBFFF00000015AFC842DFA9408933FA
10F0AA2995E182FFBC10B5661935EDA96ABA03FFFFFFFFFFFCBFFF00000015AFC842DFAA40893312
10F08F2995BB82FFB410B58B193607A93ABB03FFFFFFFFFFFCAFFF00000015AFC942DFAA4089232A
10F0B82995F182FFAF10B57B1935FAA90ABC03FFFFFFFFFFFCAFFF00000015AFC942DFAA40892342
10F0962995B882FFB110B5741935FBA8FABC03FFFFFFFFFFFCAFFF00000015AFC942DFAA4089235A
10F0A72995D682FFB410B59419360CA90ABC03FFFFFFFFFFFC9FFF00000015AFC942DFAB40892372
10F0F929964282FFB710B5DF19363EA90ABB03FFFFFFFFFFFCBFFF00000015AFC942DFAB4089238A
10F16E2996F082FFBA10B5F6193659A90ABB3B5FFFFFFFFFFC9FFF00000015AFCA42DFAB408923A2
10F1542996CF82FFBF10B58B19360FA90ABB184FFFFFFFFFFC9FFF00000015AFCA42DFAB408923BA
10F09C2995D182FFBD10B5721935FFA90ABB03FFFFFFFFFFFC9FFF00000015AFCA42DFAC408923D2
10F0862995A682FFB810B586193604A93ABC03FFFFFFFFFFFCAFFF00000015AFCA42DFAC408923EA
10F0932995C382FFB110B5A1193615A93ABB03FFFFFFFFFFFC9FFF00000015AFCB42DFAC40892302
10F0C329960182FFB110B5C6193632A93ABC03FFFFFFFFFFFC9FFF00000015AFCB42DFAC4089231A
10F0F729964582FFAF10B5C1193632A93ABC03FFFFFFFFFFFCAFFF00000015AFCB42DFAD40892332
10F12529968582FFB410B5E5193649A93ABB03FFFFFFFFFFFC9FFF00000015AFCB42DFAD4089234A
10F1712996ED82FFBB10B5C0193638A93ABD03FFFFFFFFFFFC9FFF00000015AFCB42DFAD40892362
10F1632996D682FFBE10B5CD19363EA94ABD03FFFFFFFFFFFC9FFF00000015AFCC42DFAD4089237A
10F1372996AE82FFBB10B60319366BA93ABD23EFFFFFFFFFFCAFFF00000015AFCC42DFAE40891392
10F11629966D82FFB410B5D3193648A94ABC03FFFFFFFFFFFC9FFF00000015AFCC42DFAE408913AA
10F0F329964782FFB210B60719366AA96ABC03FFFFFFFFFFFC9FFF00000015AFCC42DFAE408913C2
10F14E2996B282FFB310B65519369DA96ABC03FFFFFFFFFFFC9FFF00000015AFCD42DFAE408913DA
10F1A929974782FFB510B608193670A94ABDA24FFFFFFFFFFC9FFF00000015AFCD42DFAF408913F2
10F1502996C982FFB810B5C8193644A92ABD03FFFFFFFFFFFCAFFF00000015AFCD42DFAF4089130A
10F11429967382FFB710B5C3193639A92ABC03FFFFFFFFFFFC9FFF00000015AFCD42DFAF40891322
10F0C529960B82FFB510B5BB193637A92ABD03FFFFFFFFFFFC9FFF00000015AFCD42DFAF4089033A
10F0F529964882FFB610B5F0193655A93ABC04AFFFFFFFFFFC9FFF00000015AFCE42DFB040890352
10F13A2996A982FFBC10B61219366FA93ABC03FFFFFFFFFFFCAFFF00000015AFCE42DFB04089036A
10F1322996A082FFB910B61019366FA93ABC03FFFFFFFFFFFC9FFF00000015AFCE42DFB040890382
10F14C2996C282FFB210B63F193693A93ABB03FFFFFFFFFFFC9FFF00000015AFCE42DFB04089039A
10F1522996CD82FFAE10B625193684A92ABC542FFFFFFFFFFCAFFF00000015AFCF42DFB1408903B2
10F1632996E482FFB210B62A193687A94ABC20BFFFFFFFFFFCAFFF00000015AFCF42DFB1408903CA
10F18D29971D82FFBD10B61B19367CA93ABC03FFFFFFFFFFFCAFFF00000015AFCF42DFB1408903E2
10F17729970282FFBE10B622193682A91ABC03FFFFFFFFFFFC9FFF00000015AFCF42DFB1408903FA
10F1592996DF82FFB910B63019368CA90ABC03FFFFFFFFFFFC9FFF00000015AFCF42DFB140890312
10F1422996C082FFB310B63119368DA91ABD03FFFFFFFFFFFC9FFF00000015AFD042DFB24089032A
10F1602996E782FFB610B5BD193639A91ABD03FFFFFFFFFFFC9FFF00000015AFD042DFB240890342
10F10E29966D82FFB710B5D0193645A91ABC03FFFFFFFFFFFC9FFF00000015AFD042DFB24089035A
10F11529967782FFB210B5D619364BA91ABC03FFFFFFFFFFFC9FFF00000015AFD042DFB240890372
10F0E729963282FFB110B5C4193638A90ABD03FFFFFFFFFFFC9FFF00000015AFD142DFB34089038A
10F0E929963382FFB710B5721935FFA93ABC4D4FFFFFFFFFFC9FFF00000015AFD142DFB3408903A2
10F0932995C282FFBD10B5511935E4A93ABC03FFFFFFFFFFFC9FFF00000015AFD142DFB3408903BA
10F04229955082FFBA10B4DC193593A92ABC03FFFFFFFFFFFC9FFF00000015AFD142DFB34088E3D2
10EF8729944E82FFB610B4FC19359AA92ABD03FFFFFFFFFFFC9FFF00000015AFD242DFB44088E3EA
10EFB229948982FFB110B5391935C1A94ABC03FFFFFFFFFFFC9FFF00000015AFD242DFB44088E302
10F02E29952882FFB310B5651935E5A97ABB03FFFFFFFFFFFCAFFF00000015AFD242DFB44088E31A
10F04B29955A82FFB510B53A1935C6A96ABB03FFFFFFFFFFFCAFFF00000015AFD242DFB44088E332
10F06229956D82FFB910B4DB193585A94ABB04BFFFFFFFFFFCAFFF00000015AFD242DFB54088E34A
10F01C29950B82FFBB10B4D8193581A95ABC03FFFFFFFFFFFCAFFF00000015AFD342DFB54088E362
10F01029950082FFB710B4D0193580A96ABD03FFFFFFFFFFFCAFFF00000015AFD342DFB54088E37A
10EFF32994CE82FFB510B4CA193573A96ABC03FFFFFFFFFFFCAFFF00000015AFD342DFB54088E392
10EFFE2994DF82FFB810B4C319356BA93ABD64AFFFFFFFFFFC9FFF00000015AFD342DFB64088E3AA
10F0192994FF82FFBA10B4AF19355EA91ABC03FFFFFFFFFFFC9FFF00000015AFD442DFB64088E3C2
10F01329950382FFB410B4F219358EA93ABC03FFFFFFFFFFFC9FFF00000015AFD442DFB64088E3DA
10F03929954282FFAE10B5631935DAA94ABC03FFFFFFFFFFFC9FFF00000015AFD442DFB64088E3F2
10F0BB2995E282FFAE10B5781935E7A93ABD03FFFFFFFFFFFCAFFF00000015AFD442DFB74088E30A
10F0F029962B82FFB910B5551935D7A93ABE03FFFFFFFFFFFC9FFF00000015AFD442DFB74088E322
10F0BB2995EB82FFC010B5261935BBA95ABE03FFFFFFFFFFFC9FFF00000015AFD542DFB74088E33A
10F07229958882FFC010B5131935A7A96ABE03FFFFFFFFFFFC9FFF00000015AFD542DFB74088D352
10F04F29955A82FFBA10B53F1935C6A94ABD03FFFFFFFFFFFCAFFF00000015AFD542DFB84088D36A
10F06429957582FFAF10B54F1935D2A93ABD231FFFFFFFFFFC9FFF00000015AFD542DFB84088E382
10F08829959F82FFAB10B58A1935FAA94ABD30DFFFFFFFFFFCAFFF00000015AFD642DFB84088D39A
10F0D229960382FFB010B5A9193615A94ABC03FFFFFFFFFFFCAFFF00000015AFD642DFB84088D3B2
10F0D729960C82FFB810B5631935E4A93ABB03FFFFFFFFFFFC9FFF00000015AFD642DFB94088D3CA
10F0A02995C182FFBF10B52D1935BBA91ABB03FFFFFFFFFFFC9FFF00000015AFD642DFB94088D3E2
10F05F29956282FFBF10B4FD193598A90ABD03FFFFFFFFFFFC9FFF00000015AFD642DFB94088C3FA
10F00F2994F782FFBB10B4C9193571A90ABD03FFFFFFFFFFFC9FFF00000015AFD742DFB94088C312
10EFCD2994A982FFB510B4CA193570A91ABC03FFFFFFFFFFFCAFFF00000015AFD742DFBA4088C32A
10EFC929949982FFB110B4E119357EA90ABC03FFFFFFFFFFFC9FFF00000015AFD742DFBA4088C342
10EFE62994C182FFB010B4C319356CA91ABC03FFFFFFFFFFFC9FFF00000015AFD742DFBA4088C35A
10EFE72994C582FFB210B4C8193569A91ABC27BFFFFFFFFFFC9FFF00000015AFD842DFBA4088C372
10EFF12994D582FFB610B4E1193580A92ABC049FFFFFFFFFFCAFFF00000015AFD842DFBB4088C38A
10EFDB2994AC82FFBC10B4D0193571A93ABC03FFFFFFFFFFFC9FFF00000015AFD842DFBB4088C3A2
10EFE92994CF82FFBD10B4B9193563A94ABD03FFFFFFFFFFFC8FFF00000015AFD842DFBB4088C3BA
10EFB929948A82FFBB10B492193545A94ABC374FFFFFFFFFFC8FFF00000015AFD842DFBB4088C3D2
10EFA029946482FFB610B49E19354DA93ABC684FFFFFFFFFFC9FFF00000015AFD942DFBC4088C3EA
10EFB129947E82FFB110B4CC19356FA93ABC04BFFFFFFFFFFC9FFF00000015AFD942DFBC4088C302
10EFFB2994E082FFAD10B5511935CAA92ABB03FFFFFFFFFFFCAFFF00000015AFD942DFBC4088C31A
10F0B92995EC82FFB210B593193606A93ABA3D1FFFFFFFFFFC9FFF00000015AFD942DFBC4088B332
10F10E29966282FFBD10B54D1935D6A93ABBD87FFFFFFFFFFCBFFF00000015AFDA42DFBD4088B34A
10F0A62995DD82FFC410B4E419358FA92ABC048FFFFFFFFFFC9FFF00000015AFDA42DFBD4088C362
10F05229958082FFC010B4C7193572A91ABC040FFFFFFFFFFC9FFF00000015AFDA42DFBD4088B37A
10F02F29952682FFB610B4E0193582A94ABD3A0FFFFFFFFFFC9FFF00000015AFDA42DFBD4088B392
10EFB529948C82FFB010B507193595A92ABC9FCFFFFFFFFFFC9FFF00000015AFDA42DFBE4088B3AA
10F00E2994F982FFB210B4E819358BA91ABC03FFFFFFFFFFFC9FFF00000015AFDB42DFBE4088B3C2
10F01429950182FFBB10B48019353BA91ABC03FFFFFFFFFFFC9FFF00000015AFDB42DFBE4088A3DA
10EFE52994C882FFC210B455193517A93ABD03FFFFFFFFFFFC9FFF00000015AFDB42DFBE4088A3F2
10EFC229949582FFC410B43E193509A92ABD03FFFFFFFFFFFCAFFF00000015AFDB42DFBF4088B30A
10EF9729945882FFBE10B47019352AA90ABD347FFFFFFFFFFCAFFF00000015AFDC42DFBF4088A322
10EF7C29943382FFB710B4C5193562A90ABD9ACFFFFFFFFFFC9FFF00000015AFDC42DFBF4088A33A
10EFE52994C382FFB410B51A1935A2A91ABC03FFFFFFFFFFFC9FFF00000015AFDC42DFBF4088A352
10F09A2995AA82FFB610B58C1935FAA92ABD03FFFFFFFFFFFC9FFF00000015AFDC42DFC04088A36A
10F0E829961A82FFBF10B52D1935B9A92ABD03FFFFFFFFFFFCAFFF00000015AFDC42DFC04088A382
10F06F29959782FFC210B4081934E8A93ABE03FFFFFFFFFFFC9FFF00000015AFDD42DFC04088A39A
10F03229953B82FFC210B439193506A93ABE2F5FFFFFFFFFFC9FFF00000015AFDD42DFC04088A3B2
10EFED2994CE82FFBE10B454193514A93ABD9B6FFFFFFFFFFCAFFF00000015AFDD42DFC04088A3CA
10EF9429943F82FFBB10B49C193543A92ABE051FFFFFFFFFFCAFFF00000015AFDD42DFC14088A3E2
10EF8329943C82FFBB10B46F19352AA93ABD03FFFFFFFFFFFCAFFF00000015AFDE42DFC14088A3FA
10EF322993C782FFBB10B3D71934BEA94ABC03FFFFFFFFFFFCAFFF00000015AFDE42DFC14088A312
10EE8C2992E282FFBE10B2EF193413A96ABC03FFFFFFFFFFFCAFFF00000015AFDE42DFC14088A32A
10EDD62991ED82FFC010B2761933B7A97ABB326FFFFFFFFFFCAFFF00000015AFDE42DFC24088A342
10ED9D29919882FFC210B2721933A3A96ABC994FFFFFFFFFFCAFFF00000015AFDE42DFC24088A35A
10EDAA2991AD82FFC110B2AA1933CAA95ABD03FFFFFFFFFFFC9FFF00000015AFDF42DFC240889372
10EDF829920E82FFBD10B33919342EA95ABD03FFFFFFFFFFFC9FFF00000015AFDF42DFC24088938A
10EE6229929482FFBE10B3C319348FA93ABD03FFFFFFFFFFFCBFFF00000015AFDF42DFC3408883A2
10EEF529936682FFBF10B39E193482A92ABD03FFFFFFFFFFFC9FFF00000015AFDF42DFC3408893BA
10EF4B2993D782FFBD10B3EC1934BAA92ABC3BEFFFFFFFFFFC9FFF00000015AFE042DFC3408893D2
10EF5A2993F282FFBC10B43D1934F5A92ABDA4BFFFFFFFFFFC9FFF00000015AFE042DFC3408893EA
10EFE12994AD82FFC010B488193535A93ABD03FFFFFFFFFFFCAFFF00000015AFE042DFC440889302
10F02A29950382FFC310B444193507A93ABC03FFFFFFFFFFFC8FFF00000015AFE042DFC44088831A
10EFFB2994D982FFC310B478193532A94ABC03FFFFFFFFFFFC8FFF00000015AFE042DFC440888332
10EFF72994D782FFC010B484193540A93ABD0C6FFFFFFFFFFC9FFF00000015AFE142DFC44088834A
10EFA129946882FFBC10B4BF19355FA91ABD31EFFFFFFFFFFC9FFF00000015AFE142DFC540888362
10EFB129947282FFBE10B45A193517A93ABEA1BFFFFFFFFFFC9FFF00000015AFE142DFC54088837A
10EFA329945982FFC110B450193511A95ABD03FFFFFFFFFFFC9FFF00000015AFE142DFC540888392
10EF6729941382FFC610B3CC1934B5A95ABE03FFFFFFFFFFFC9FFF00000015AFE242DFC5408883AA
10EF1429939E82FFC510B32B193443A94ABE03FFFFFFFFFFFC9FFF00000015AFE242DFC5408883C2
10EE932992E382FFC310B36019345AA95ABD042FFFFFFFFFFCAFFF00000015AFE242DFC6408883DA
10EE4329927482FFC210B33219342EA93ABE3F4FFFFFFFFFFC9FFF00000015AFE242DFC6408883F2
10EE4529927582FFC410B34B193448A96ABDA3FFFFFFFFFFFC9FFF00000015AFE242DFC64088830A
10EE702992AC82FFC610B328193431A98ABD03FFFFFFFFFFFC9FFF00000015AFE342DFC640887322
10EE1729923682FFC510B2CB1933F3A96ABD03FFFFFFFFFFFC9FFF00000015AFE342DFC74088733A
10EDD22991D282FFC310B2CD1933E7A95ABE03FFFFFFFFFFFC9FFF00000015AFE342DFC740887352
10EDC12991BB82FFC110B2FD193402A95ABF042FFFFFFFFFFCAFFF00000015AFE342DFC74088836A
10EE2829924B82FFC210B321193421A95ABD437FFFFFFFFFFC9FFF00000015AFE442DFC740887382
10EE3E29926D82FFC610B33E193438A95ABEAF0FFFFFFFFFFC9FFF00000015AFE442DFC84088739A
10EE942992E082FFCC10B31E193421A93ABE0DDFFFFFFFFFFC9FFF00000015AFE442DFC8408863B2
10EE752992B982FFCD10B2F619340DA95ABE03FFFFFFFFFFFC9FFF00000015AFE442DFC8408873CA
10EE1729923D82FFC610B2C91933E8A95ABD03FFFFFFFFFFFCAFFF00000015AFE442DFC8408873E2
10EDBE2991C682FFBE10B33919342DA94ABD048FFFFFFFFFFCAFFF00000015AFE542DFC9408873FA
10EE4D29927982FFBE10B3DD1934A3A96ABD4F6FFFFFFFFFFCAFFF00000015AFE542DFC940886312
10EE6029929E82FFC510B341193447A98ABCB72FFFFFFFFFFC9FFF00000015AFE542DFC94088632A
10EE5229928082FFCB10B3CF19349CA97ABD03FFFFFFFFFFFC9FFF00000015AFE542DFC940886342
10EF0129937782FFCB10B4D819354DA94ABD045FFFFFFFFFFCAFFF00000015AFE642DFC94088635A
10F0A12995C082FFCC10B5641935D6A94ABD5A9FFFFFFFFFFCAFFF00000015AFE642DFCA40886372
10F10B29965382FFC910B5841935FAA96ABD83AFFFFFFFFFFC8FFF00000015AFE642DFCA4088638A
10F0FC29963E82FFC410B5FB193659A94ABC03FFFFFFFFFFFC8FFF00000015AFE642DFCA408863A2
10F10029963E82FFC010B612193667A90ABC03FFFFFFFFFFFCAFFF00000015AFE742DFCA408863BA
10F0FA29964482FFC210B595193612A93ABC03FFFFFFFFFFFCAFFF00000015AFE742DFCB408863D2
10F0CB2995F982FFC910B4C0193576A94ABC078FFFFFFFFFFC9FFF00000015AFE742DFCB408863EA
10EFE92994D382FFCA10B45019352EA94ABD6BBFFFFFFFFFFC9FFF00000015AFE742DFCB40886302
10EF0C29939882FFCA10B3C81934C5A93ABC8EFFFFFFFFFFFCBFFF00000015AFE742DFCB4088631A
10EE602992D482FFC510B3F11934DBA94ABC03FFFFFFFFFFFC8FFF00000015AFE842DFCC40886332
10EE9D29930082FFC410B42B1934F6A96ABE03FFFFFFFFFFFC8FFF00000015AFE842DFCC4088534A
10EF402993DF82FFC710B452193510A95ABE03FFFFFFFFFFFCAFFF00000015AFE842DFCC40885362
10EF7C29942C82FFCA10B445193508A94ABC071FFFFFFFFFFC9FFF00000015AFE842DFCC4088537A
10EF6C29942282FFC710B42B1934F7A93ABC62BFFFFFFFFFFC9FFF00000015AFE942DFCD40885392
10EFA129945C82FFBE10B4EF19357FA93ABD8B8FFFFFFFFFFC9FFF00000015AFE942DFCD408853AA
10EFE32994AD82FFC010B57A1935E8A93ABE03FFFFFFFFFFFC9FFF00000015AFE942DFCD408853C2
10F06C29957682FFC610B4E719358CA94ABD03FFFFFFFFFFFC9FFF00000015AFE942DFCD408853DA
10F01E29951982FFCC10B42419350BA96ABD03FFFFFFFFFFFC9FFF00000015AFE942DFCE408853F2
10EF4A2993F882FFCB10B4281934FCA94ABD047FFFFFFFFFFC9FFF00000015AFEA42DFCE4088530A
10EEE129935682FFC310B3E21934C4A95ABD5A6FFFFFFFFFFC9FFF00000015AFEA42DFCE40884322
10EE722992CB82FFC210B3FA1934C7A95ABC7A8FFFFFFFFFFC9FFF00000015AFEA42DFCE4088433A
10EEE929936082FFBF10B45C193512A94ABC03FFFFFFFFFFFC9FFF00000015AFEA42DFCF40884352
10EFB429947182FFC110B471193524A95ABC03FFFFFFFFFFFC9FFF00000015AFEB42DFCF4088436A
10EF8529944A82FFC410B495193545A93ABC051FFFFFFFFFFC9FFF00000015AFEB42DFCF40884382
10EFEA2994BD82FFC310B497193548A94ABD03FFFFFFFFFFFCAFFF00000015AFEB42DFCF4088439A
10F00A2994E982FFC610B4C919356CA95ABD03FFFFFFFFFFFC9FFF00000015AFEB42DFD0408843B2
10F05429955F82FFC310B4F719358EA95ABE04DFFFFFFFFFFC9FFF00000015AFEC42DFD0408843CA
10F07229959582FFC210B56F1935E7A93ABF5FDFFFFFFFFFFC9FFF00000015AFEC42DFD0408843E2
10F0B52995EA82FFBE10B5C1193625A92ABE20EFFFFFFFFFFC9FFF00000015AFEC42DFD0408843FA
10F0EA29963382FFBE10B5D919363FA93ABD03FFFFFFFFFFFC9FFF00000015AFEC42DFD040884312
10F0F729964382FFC110B5F8193656A95ABD03FFFFFFFFFFFCAFFF00000015AFEC42DFD14088432A
10F13229969982FFC310B5F5193658A94ABD03FFFFFFFFFFFCBFFF00000015AFED42DFD140884342
10F13729969482FFC410B605193665A92ABD055FFFFFFFFFFC9FFF00000015AFED42DFD14088335A
10F0FC29965382FFC010B612193670A93ABD6A3FFFFFFFFFFC9FFF00000015AFED42DFD140884372
10F0D529961982FFBE10B622193678A95ABE229FFFFFFFFFFCAFFF00000015AFED42DFD24088438A
10F12029967F82FFBF10B62619367AA94ABC03FFFFFFFFFFFCAFFF00000015AFEE42DFD2408843A2
10F17B2996F882FFC310B631193682A92ABC03FFFFFFFFFFFC9FFF00000015AFEE42DFD2408833BA
10F1722996F882FFC410B60819366BA91ABC03FFFFFFFFFFFC9FFF00000015AFEE42DFD2408833D2
10F12A29969582FFC110B60719366AA94ABC055FFFFFFFFFFC9FFF00000015AFEE42DFD3408833EA
10F0EA29964582FFC210B6571936A1A94ABD03FFFFFFFFFFFC9FFF00000015AFEF42DFD340882302
10F16B2996EF82FFC210B6681936B4A94ABD03FFFFFFFFFFFC9FFF00000015AFEF42DFD34088231A
10F1DB29979082FFC010B704193720A95ABD03FFFFFFFFFFFC9FFF00000015AFEF42DFD340882332
10F27629985B82FFC010B73E19374FA95ABC03FFFFFFFFFFFC8FFF00000015AFEF42DFD44088234A
10F28329986D82FFBF10B75F193767A93ABC03FFFFFFFFFFFC9FFF00000015AFEF42DFD440882362
10F29929988E82FFBF10B784193784A94ABC03FFFFFFFFFFFC9FFF00000015AFF042DFD44088237A
10F2CE2998D582FFC010B77319377CA93ABB03FFFFFFFFFFFCAFFF00000015AFF042DFD440882392
10F2C62998CE82FFC310B76C19377AA93ABB03FFFFFFFFFFFCAFFF00000015AFF042DFD5408823AA
10F2B12998A982FFC810B73D19375BA93ABB03FFFFFFFFFFFC9FFF00000015AFF042DFD5408823C2
10F24029981E82FFC410B72719374BA94ABB03FFFFFFFFFFFCAFFF00000015AFF142DFD5408823DA
10F2072997C382FFBD10B726193745A94ABC155FFFFFFFFFFC9FFF00000015AFF142DFD5408823F2
10F1D529978082FFB910B76019376BA94ABC215FFFFFFFFFFC8FFF00000015AFF142DFD64088230A
10F23729980882FFB910B766193770A93ABB03FFFFFFFFFFFC8FFF00000015AFF142DFD640882322
10F27129984F82FFBF10B62419369AA93ABA03FFFFFFFFFFFC9FFF00000015AFF142DFD64088233A
10F14C2996D682FFC610B4C2193583A91ABA1BAFFFFFFFFFFC9FFF00000015AFF242DFD640882352
10F04D29955E82FFC910B49219355FA95ABC702FFFFFFFFFFC9FFF00000015AFF242DFD64088236A
10EFC029949B82FFC710B48B193559A96ABC03FFFFFFFFFFFC9FFF00000015AFF242DFD740882382
10EF352993DA82FFC110B4BF19356FA95ABC03FFFFFFFFFFFCAFFF00000015AFF242DFD74088239A
10EF6029941382FFBB10B56C1935E3A94ABC03FFFFFFFFFFFCAFFF00000015AFF342DFD7408823B2
10F01B29952682FFBC10B5CD193627A94ABC03FFFFFFFFFFFC9FFF00000015AFF342DFD7408813CA
10F1412996A682FFBF10B606193655A93ABC0C6FFFFFFFFFFC9FFF00000015AFF342DFD8408813E2
10F1532996BF82FFC110B5AB193622A94ABC040FFFFFFFFFFC9FFF00000015AFF342DFD8408813FA
10F11629966D82FFC510B580193603A95ABC03FFFFFFFFFFFC9FFF00000015AFF442DFD840881312
10F0A52995D782FFC610B57C1935FDA94ABC03FFFFFFFFFFFCAFFF00000015AFF442DFD84088132A
10F07029959682FFC410B58D193605A94ABC51AFFFFFFFFFFC9FFF00000015AFF442DFD940881342
10F06729958782FFC110B5841935FEA93ABC249FFFFFFFFFFC9FFF00000015AFF442DFD94088035A
10F0972995C382FFBC10B5C6193631A94ABB03FFFFFFFFFFFC9FFF00000015AFF442DFD940881372
10F0E929963282FFBF10B5D3193639A92ABB03FFFFFFFFFFFC9FFF00000015AFF542DFD94088138A
10F0F029964582FFC810B5BB19362AA93ABC03FFFFFFFFFFFC9FFF00000015AFF542DFDA408813A2
10F11729966E82FFC810B5CF19363CA93ABC104FFFFFFFFFFCAFFF00000015AFF542DFDA408803BA
10F0F029963D82FFC110B5FB19365BA95ABC041FFFFFFFFFFCAFFF00000015AFF542DFDA408803D2
10F10029965882FFBD10B620193670A96ABC03FFFFFFFFFFFC9FFF00000015AFF642DFDA408803EA
10F15B2996D982FFC210B630193684A94ABC03FFFFFFFFFFFCAFFF00000015AFF642DFDB40880302
10F14D2996C182FFC710B5CD193642A92ABC03FFFFFFFFFFFCAFFF00000015AFF642DFDB4088031A
10F10229965982FFC510B5CC193641A94ABC577FFFFFFFFFFCAFFF00000015AFF642DFDB40880332
10F0B42995EE82FFC310B5A819361FA95ABC03FFFFFFFFFFFC9FFF00000015AFF642DFDB4088034A
10F08F2995BB82FFC410B59E193617A93ABD03FFFFFFFFFFFC9FFF00000015AFF742DFDC40880362
10F0A22995DA82FFC510B5781935FAA92ABC03FFFFFFFFFFFCAFFF00000015AFF742DFDC4088037A
10F0952995C682FFC110B58E193608A92ABC03FFFFFFFFFFFC9FFF00000015AFF742DFDC40880392
10F0962995C582FFBC10B5B119361FA92ABD03FFFFFFFFFFFC8FFF00000015AFF742DFDC408803AA
10F0DD29962282FFC210B5C9193632A93ABE03FFFFFFFFFFFC9FFF00000015AFF842DFDD408803C2
10F0EA29963482FFCB10B5501935E2A92ABD03FFFFFFFFFFFC9FFF00000015AFF842DFDD408803DA
10F06C29958E82FFD110B5021935AFA93ABD03FFFFFFFFFFFCAFFF00000015AFF842DFDD408803F2
10F00529950682FFCA10B4DA19358BA92ABD1C5FFFFFFFFFFC8FFF00000015AFF842DFDD4087F30A
10EFE22994BD82FFBF10B51B1935AFA91ABD44CFFFFFFFFFFC8FFF00000015AFF842DFDD4087F322
10EFEF2994D582FFB710B5C3193625A91ABC045FFFFFFFFFFC9FFF00000015AFF942DFDE4087F33A
10F0BA2995EF82FFB810B63B19367FA94ABC03FFFFFFFFFFFC9FFF00000015AFF942DFDE4087F352
10F1772996DE82FFC510B5AE193624A92ABD03FFFFFFFFFFFC9FFF00000015AFF942DFDE4087F36A
10F10429964F82FFD110B5611935ECA92ABE03FFFFFFFFFFFCAFFF00000015AFF942DFDE4087F382
10F0A42995D582FFCF10B53D1935D8A93ABE03FFFFFFFFFFFCAFFF00000015AFFA42DFDF4087F39A
10F0812995A082FFC610B5541935DDA90ABC03FFFFFFFFFFFCAFFF00000015AFFA42DFDF4087F3B2
10F01D29951C82FFBE10B55F1935E1A8FABC03FFFFFFFFFFFCAFFF00000015AFFA42DFDF4087E3CA
10F05729956D82FFBB10B56E1935E9A92ABB03FFFFFFFFFFFCAFFF00000015AFFA42DFDF4087E3E2
10F0912995B382FFBD10B5771935F3A94ABB3A1FFFFFFFFFFC9FFF00000015AFFA42DFE04087E3FA
10F0B32995E382FFC410B55A1935E0A92ABB04CFFFFFFFFFFC9FFF00000015AFFB42DFE04087E312
10F0B62995E682FFC610B54A1935D3A8FABC03FFFFFFFFFFFC9FFF00000015AFFB42DFE04087E32A
10F0A62995CF82FFCC10B5221935B8A90ABB03FFFFFFFFFFFC9FFF00000015AFFB42DFE04087E342
10F05729956B82FFCE10B4FC19359FA91ABB03FFFFFFFFFFFCAFFF00000015AFFB42DFE14087E35A
10F04729955482FFCA10B5121935ABA91ABB03FFFFFFFFFFFCAFFF00000015AFFC42DFE14087E372
10F03029953A82FFC110B5471935D0A93ABB13DFFFFFFFFFFC9FFF00000015AFFC42DFE14087E38A
10F05D29957782FFB810B5A619361AA94ABC043FFFFFFFFFFC8FFF00000015AFFC42DFE14087E3A2
10F0EC29963582FFBC10B60319365BA94ABC03FFFFFFFFFFFC8FFF00000015AFFC42DFE24087E3BA
10F11E29967982FFC510B585193607A96ABB06FFFFFFFFFFFC9FFF00000015AFFC42DFE24087E3D2
10F0802995A082FFCD10B4EB19359BA97ABC39BFFFFFFFFFFC9FFF00000015AFFD42DFE24087D3EA
10EFF32994EE82FFCD10B4DB193586A96ABC03FFFFFFFFFFFC9FFF00000015AFFD42DFE24087E302
10EF9229945C82FFC610B49E193558A95ABC03FFFFFFFFFFFCAFFF00000015AFFD42DFE34087D31A
10EF4829940582FFC110B4A2193555A94ABD03FFFFFFFFFFFC9FFF00000015AFFD42DFE34087E332
10EFA729947782FFBF10B50A193599A95ABE03FFFFFFFFFFFCAFFF00000015AFFE42DFE34087D34A
10F00729950282FFBF10B5311935B3A95ABD03FFFFFFFFFFFC9FFF00000015AFFE42DFE34087D362
10F0A92995D582FFC210B54B1935D2A93ABC03FFFFFFFFFFFCAFFF00000015AFFE42DFE44087D37A
10F0BF2995EE82FFC910B5111935A8A92ABB03FFFFFFFFFFFCAFFF00000015AFFE42DFE44087D392
10F07729958A82FFCE10B4DA193587A94ABB045FFFFFFFFFFCAFFF00000015AFFE42DFE44087D3AA
10F02329952482FFCC10B4C2193570A93ABB03FFFFFFFFFFFC9FFF00000015AFFF42DFE44087D3C2
10EFF32994E482FFC410B4F2193590A90ABB03FFFFFFFFFFFC9FFF00000015AFFF42DFE54087C3DA
10EFF52994EA82FFC010B5261935B2A91ABB03FFFFFFFFFFFC9FFF00000015AFFF42DFE54087D3F2
10F05429956182FFC010B5371935BDA94ABC74AFFFFFFFFFFC9FFF00000015AFFF42DFE54087C30A
10F07A29959282FFC310B53C1935C4A95ABC05FFFFFFFFFFFC9FFF00000015B00042DFE54087C322
10F07929959682FFC610B4DF193588A95ABD03FFFFFFFFFFFC9FFF00000015B00042DFE54087C33A
10EFF02994D882FFC910B422193509A92ABD03FFFFFFFFFFFCAFFF00000015B00042DFE64087C352
10EF222993D182FFC910B3ED1934D9A92ABE03FFFFFFFFFFFCAFFF00000015B00042DFE64087C36A
10EE5F2992B982FFC810B3B81934B0A93ABE03FFFFFFFFFFFC9FFF00000015B00042DFE64087C382
10EE502992AB82FFC510B3DC1934C0A96ABD03FFFFFFFFFFFC9FFF00000015B00142DFE64087C39A
10EEA829931C82FFC310B4181934E4A98ABD03FFFFFFFFFFFCAFFF00000015B00142DFE74087C3B2
10EF352993DC82FFC310B47E19352BA96ABC03FFFFFFFFFFFC9FFF00000015B00142DFE74087C3CA
10EF7E29944482FFC010B4A3193547A98ABC2A6FFFFFFFFFFC9FFF00000015B00142DFE74087C3E2
10EFCE2994A982FFC110B4E719357DA98ABD56DFFFFFFFFFFC9FFF00000015B00242DFE74087C3FA
10F0012994EF82FFC710B44F193520A96ABE03FFFFFFFFFFFCAFFF00000015B00242DFE84087C312
10EF7029942D82FFCD10B3B21934BBA93ABE03FFFFFFFFFFFCAFFF00000015B00242DFE84087C32A
10EE9B29931A82FFCD10B38B19349AA93ABD03FFFFFFFFFFFCAFFF00000015B00242DFE84087C342
10EE4D2992A082FFC810B362193467A94ABD03FFFFFFFFFFFC9FFF00000015B00242DFE84087C35A
10EE1729925E82FFC110B3AC193495A94ABD03FFFFFFFFFFFCAFFF00000015B00342DFE94087C372
10EE8F29930082FFBC10B3F81934C8A93ABD03FFFFFFFFFFFCAFFF00000015B00342DFE94087C38A
10EF332993DE82FFBB10B4331934F4A95ABD03FFFFFFFFFFFCAFFF00000015B00342DFE94087C3A2
10EFB629948582FFC010B41D1934ECA97ABB03FFFFFFFFFFFCAFFF00000015B00342DFE94087B3BA
10EF5929941382FFCB10B35119345CA96ABC36CFFFFFFFFFFC9FFF00000015B00442DFEA4087B3D2
10EEB429932F82FFD510B2781933BAA93ABD1C1FFFFFFFFFFC9FFF00000015B00442DFEA4087A3EA
10EE3629927C82FFD110B2C71933F8A91ABD03FFFFFFFFFFFCAFFF00000015B00442DFEA4087B302
10EDCF2991EB82FFC310B2E61933FEA94ABD03FFFFFFFFFFFCAFFF00000015B00442DFEA4087B31A
10EDAC2991C182FFB510B307193412A95ABD03FFFFFFFFFFFCAFFF00000015B00542DFEB4087B332
10EE5D2992A882FFB510B4081934CCA95ABC281FFFFFFFFFFCAFFF00000015B00542DFEB4087A34A
10EEDE29936582FFBF10B3AE19349BA96ABD04CFFFFFFFFFFCAFFF00000015B00542DFEB4087A362
10EEAF29932082FFCC10B305193425A97ABD03FFFFFFFFFFFCAFFF00000015B00542DFEB4087B37A
10EDE429920C82FFD510B2C41933FAA96ABC03FFFFFFFFFFFCAFFF00000015B00542DFEC4087B392
10EDBC2991D182FFD510B2AA1933DBA96ABC03FFFFFFFFFFFCAFFF00000015B00642DFEC4087A3AA
10ED9A2991A582FFC810B2E11933FFA96ABC28CFFFFFFFFFFCAFFF00000015B00642DFEC4087A3C2
10ED992991A482FFBB10B344193443A97ABB462FFFFFFFFFFCAFFF00000015B00642DFEC4087A3DA
10EDFB29922B82FFB610B3E61934BCA98ABC226FFFFFFFFFFCAFFF00000015B00642DFED4087A3F2
10EF0229937E82FFBC10B397193488A9AABC03FFFFFFFFFFFCAFFF00000015B00642DFED4087A30A
10EF0929938982FFC610B32C19343EA9AABD03FFFFFFFFFFFCAFFF00000015B00742DFED4087A322
10EEBA29933282FFCD10B2EB19340CA97ABE4EAFFFFFFFFFFC9FFF00000015B00742DFED4087A33A
10EE612992B882FFD310B2A51933D4A96ABD674FFFFFFFFFFC9FFF00000015B00742DFED4087A352
10EE2529926D82FFCC10B2D01933F4A96ABE03FFFFFFFFFFFC9FFF00000015B00742DFEE4087A36A
10EE0929923A82FFC210B2EB193404A95ABE03FFFFFFFFFFFC9FFF00000015B00842DFEE4087A382
10EDFD29922F82FFBA10B34E193442A92ABD03FFFFFFFFFFFC9FFF00000015B00842DFEE4087A39A
10EE912992EA82FFBB10B3DE1934B3A95ABD03FFFFFFFFFFFCAFFF00000015B00842DFEE408793B2
10EEFD29937E82FFBD10B3EF1934C2A95ABD11FFFFFFFFFFFC9FFF00000015B00842DFEF408793CA
10EF522993F882FFC110B3D31934B0A98ABD03FFFFFFFFFFFC9FFF00000015B00842DFEF4087A3E2
10EF2A2993CD82FFC710B39A19348EA95ABE03FFFFFFFFFFFC9FFF00000015B00942DFEF408793FA
10EECD29934482FFD010B308193426A93ABE03FFFFFFFFFFFC9FFF00000015B00942DFEF40879312
10EE742992CA82FFCF10B325193437A96ABE858FFFFFFFFFFCAFFF00000015B00942DFF04087932A
10EE552992A282FFC210B30D19341FA97ABE071FFFFFFFFFFCBFFF00000015B00942DFF040879342
10EDD22991F382FFB510B34C193446A97ABC03FFFFFFFFFFFCAFFF00000015B00A42DFF04087935A
10EE692992C182FFB610B3DA1934ACA95ABB03FFFFFFFFFFFC9FFF00000015B00A42DFF040879372
10EEE329934882FFC110B34D193452A96ABC03FFFFFFFFFFFC9FFF00000015B00A42DFF14087938A
10EEA429930F82FFCC10B2C31933ECA96ABD096FFFFFFFFFFC9FFF00000015B00A42DFF1408793A2
10EE3E29928882FFD110B2A01933D7A94ABD0F7FFFFFFFFFFC9FFF00000015B00A42DFF1408783BA
10EE1029924882FFCB10B2E11933FFA95ABD03FFFFFFFFFFFC9FFF00000015B00B42DFF1408783D2
10EDF729922282FFC210B32919342BA93ABD03FFFFFFFFFFFC9FFF00000015B00B42DFF2408793EA
10EE2229926382FFBC10B39D193477A91ABD0B2FFFFFFFFFFC9FFF00000015B00B42DFF240878302
10EECB29934582FFBA10B3B2193491A92ABE591FFFFFFFFFFC9FFF00000015B00B42DFF24087831A
10EF0029938582FFBD10B390193480A93ABE03FFFFFFFFFFFC9FFF00000015B00C42DFF240878332
10EEDB29935A82FFC410B308193423A94ABD03FFFFFFFFFFFC9FFF00000015B00C42DFF34087834A
10EE682992BD82FFCE10B2B61933DBA95ABE03FFFFFFFFFFFC9FFF00000015B00C42DFF340878362
10EE0629923A82FFD110B2B31933E2A95ABD03FFFFFFFFFFFC9FFF00000015B00C42DFF34087837A
10EE0C29923582FFC710B2DA1933FDA95ABD2DAFFFFFFFFFFC9FFF00000015B00C42DFF340878392
10EDDC2991FE82FFBC10B32C19342CA93ABE052FFFFFFFFFFC9FFF00000015B00D42DFF4408783AA
10EE712992CD82FFB910B3CC193499A94ABE03FFFFFFFFFFFC9FFF00000015B00D42DFF4408783C2
10EEF729937082FFC110B3A7193491A95ABF03FFFFFFFFFFFCAFFF00000015B00D42DFF4408783DA
10EEEE29936582FFC810B349193451A96ABE290FFFFFFFFFFC9FFF00000015B00D42DFF4408783F2
10EE902992F182FFC610B31C19342CA96ABD16EFFFFFFFFFFCAFFF00000015B00E42DFF44087830A
10EDD12991EF82FFC110B2F9193413A94ABD03FFFFFFFFFFFC8FFF00000015B00E42DFF540878322
10EE0F29923C82FFC510B31119341DA94ABE03FFFFFFFFFFFC9FFF00000015B00E42DFF54087833A
10EE4F29928D82FFCF10B2CC1933EFA94ABF03FFFFFFFFFFFC8FFF00000015B00E42DFF540878352
10EDE129920682FFCB10B2E61933FFA94ABF03FFFFFFFFFFFC8FFF00000015B00F42DFF54087736A
10EDD22991EA82FFBE10B2F8193407A94AC003FFFFFFFFFFFC9FFF00000015B00F42DFF640877382
10EDC72991D782FFB510B3A6193476A94ABF03FFFFFFFFFFFC9FFF00000015B00F42DFF64087739A
10EE832992E182FFB810B3ED1934B5A94ABE03FFFFFFFFFFFC9FFF00000015B00F42DFF6408773B2
10EEB029931682FFC410B31019341EA95ABF03FFFFFFFFFFFCAFFF00000015B00F42DFF6408773CA
10EE1029923B82FFCF10B29D1933D7A98ABF28FFFFFFFFFFFC9FFF00000015B01042DFF7408763E2
10ED7E29917D82FFD210B1FF193361A95ABE233FFFFFFFFFFCAFFF00000015B01042DFF7408773FA
10ED3C29911782FFCC10B20D193361A94ABE04EFFFFFFFFFFCAFFF00000015B01042DFF740877312
10ECF12990B282FFC210B24519337CA95ABE03FFFFFFFFFFFC9FFF00000015B01042DFF74087632A
10ED0F2990E182FFB910B251193388A94ABD930FFFFFFFFFFC8FFF00000015B01142DFF840877342
10ED8129917082FFB610B263193393A95ABD083FFFFFFFFFFCAFFF00000015B01142DFF84087635A
10ED9429918C82FFBC10B21819335FA93ABE03FFFFFFFFFFFC9FFF00000015B01142DFF840876372
10ED8329917682FFC610B1DD193336A95ABE03FFFFFFFFFFFC8FFF00000015B01142DFF84087738A
10ED5129912D82FFD010B1E9193339A94ABE03FFFFFFFFFFFC8FFF00000015B01142DFF9408763A2
10ED5429913582FFD010B221193364A92ABE091FFFFFFFFFFC9FFF00000015B01242DFF9408763BA
10ED5C29913D82FFC510B238193374A94ABF0F3FFFFFFFFFFCAFFF00000015B01242DFF9408763D2
10ED3229910882FFBD10B2921933B7A93ABE03FFFFFFFFFFFCAFFF00000015B01242DFF9408763EA
10ED6029914482FFB710B2991933B6A93ABE03FFFFFFFFFFFCAFFF00000015B01242DFFA40876302
10ED9529919382FFBA10B25719338AA93ABD11CFFFFFFFFFFCAFFF00000015B01342DFFA4087631A
10ED7729916482FFC310B1A7193310A95ABD788FFFFFFFFFFC8FFF00000015B01342DFFA40876332
10ED0A2990D182FFCC10B1701932E5A93ABF03FFFFFFFFFFFCAFFF00000015B01342DFFA4087634A
10ECBA29905E82FFCD10B1641932DBA95AC0252FFFFFFFFFFCAFFF00000015B01342DFFA40875362
10EC9929903682FFC810B1711932DEA99AC1051FFFFFFFFFFCAFFF00000015B01342DFFB4087637A
10EC8429901482FFC010B1671932D5A98AC003FFFFFFFFFFFCAFFF00000015B01442DFFB40876392
10EC8429901282FFBE10B1661932D1A97ABF188FFFFFFFFFFC8FFF00000015B01442DFFB408763AA
10ECA929903E82FFC210B1461932BBA96ABF04AFFFFFFFFFFC8FFF00000015B01442DFFB408753C2
10EC7B29900682FFC410B1451932BEA95AC003FFFFFFFFFFFC9FFF00000015B01442DFFC408753DA
10EC66298FEE82FFC110B13A1932B2A94ABF03FFFFFFFFFFFCAFFF00000015B01542DFFC408753F2
10EC67298FE682FFC010B1381932AEA96ABF526FFFFFFFFFFCAFFF00000015B01542DFFC4087530A
10EC63298FDD82FFC410B12019329FA96ABF299FFFFFFFFFFCAFFF00000015B01542DFFC40875322
10EC41298FB482FFC810B104193288A97ABF03FFFFFFFFFFFCAFFF00000015B01542DFFD4087533A
10EC2B298F9082FFCC10B0F6193279A98ABF03FFFFFFFFFFFC9FFF00000015B01542DFFD40875352
10EC1F298F8382FFCB10B0F0193273A96ABE03FFFFFFFFFFFC9FFF00000015B01642DFFD4087536A
10EC21298F8182FFC310B0E819326FA96ABE03FFFFFFFFFFFC8FFF00000015B01642DFFD40875382
10EC1E298F8282FFBB10B0FB19327BA94ABF03FFFFFFFFFFFC9FFF00000015B01642DFFE4087539A
10EC4A298FBD82FFBC10B11119328AA96ABE03FFFFFFFFFFFCAFFF00000015B01642DFFE408753B2
10EC56298FCC82FFC710B0EA193270A96ABF294FFFFFFFFFFCAFFF00000015B01742DFFE408743CA
10EC3A298FA482FFCF10B0E2193268A96ABF1EDFFFFFFFFFFC9FFF00000015B01742DFFE408743E2
10EC2A298F9182FFCF10B0EA19326FA95ABF03FFFFFFFFFFFC9FFF00000015B01742DFFF408743FA
10EC23298F8682FFC910B0E919326EA94AC003FFFFFFFFFFFC9FFF00000015B01742DFFF40874312
10EC26298F8A82FFC110B0F5193275A94ABF1A0FFFFFFFFFFCAFFF00000015B01842DFFF4087432A
10EC31298F9782FFBF10B0F6193277A96ABF93DFFFFFFFFFFCAFFF00000015B01842DFFF40874342
10EC44298FB182FFC310B0F719327AA98ABF03FFFFFFFFFFFCAFFF00000015B01842E0004087435A
10EC3F298FAA82FFC710B0F7193279A98ABF03FFFFFFFFFFFCAFFF00000015B01842E00040874372
10EC36298FA082FFC510B101193281A97ABF03FFFFFFFFFFFC9FFF00000015B01842E0004087438A
10EC39298FA382FFC310B107193283A96ABF03FFFFFFFFFFFC9FFF00000015B01942E000408743A2
10EC49298FBD82FFC710B10A193286A95AC032CFFFFFFFFFFC9FFF00000015B01942E000408743BA
10EC48298FB982FFC910B105193287A95AC005CFFFFFFFFFFC9FFF00000015B01942E001408743D2
10EC41298FB082FFC810B105193284A99ABF03FFFFFFFFFFFC9FFF00000015B01942E001408743EA
10EC3D298FAC82FFC510B108193286A99ABF03FFFFFFFFFFFC9FFF00000015B01A42E00140873302
10EC3E298FA982FFC310B109193288A97ABF6C4FFFFFFFFFFCAFFF00000015B01A42E0014087331A
10EC3F298FAD82FFBF10B10F19328BA99ABF349FFFFFFFFFFC9FFF00000015B01A42E00240874332
10EC43298FAF82FFC110B10019327FA98ABE03FFFFFFFFFFFC9FFF00000015B01A42E0024087434A
10EC36298FA182FFC710B0FA19327DA98ABF03FFFFFFFFFFFC9FFF00000015B01A42E00240873362
10EC31298F9A82FFCA10B0F6193278A96AC003FFFFFFFFFFFC9FFF00000015B01B42E0024087437A
10EC2B298F9082FFCA10B0E619326DA96AC0043FFFFFFFFFFCAFFF00000015B01B42E00340874392
10EC1E298F7E82FFC810B0E819326DA97AC0223FFFFFFFFFFCAFFF00000015B01B42E003408733AA
10EC1C298F7782FFC310B0E719326DA97AC003FFFFFFFFFFFCAFFF00000015B01B42E003408733C2
10EC1C298F7B82FFBF10B0E3193267A98AC003FFFFFFFFFFFCAFFF00000015B01C42E003408733DA
10EC1A298F7682FFBF10B0DE193264A99AC003FFFFFFFFFFFCAFFF00000015B01C42E004408733F2
10EC1E298F7782FFC510B0E2193266A9AAC08BCFFFFFFFFFFCAFFF00000015B01C42E0044087230A
10EC22298F8382FFC910B0DF193266A9AAC0399FFFFFFFFFFC9FFF00000015B01C42E00440872322
10EC1F298F8182FFCC10B0E1193267A97AC0063FFFFFFFFFFC9FFF00000015B01C42E0044087233A
10EC23298F8382FFCB10B0E2193268A97AC003FFFFFFFFFFFCAFFF00000015B01D42E00540873352
10EC26298F8782FFC410B0E619326AA9AAC003FFFFFFFFFFFC9FFF00000015B01D42E0054087236A
10EC2D298F9082FFC110B0F0193271A99AC003FFFFFFFFFFFC9FFF00000015B01D42E00540873382
10EC32298F9682FFC010B0EE193270A95ABF03FFFFFFFFFFFCAFFF00000015B01D42E0054087239A
10EC33298F9B82FFC810B0F3193273A93ABF03FFFFFFFFFFFCAFFF00000015B01E42E005408733B2
10EC33298F9B82FFCB10B0EF193273A94ABF03FFFFFFFFFFFCAFFF00000015B01E42E006408723CA
10EC33298F9982FFC610B0F0193271A96ABF206FFFFFFFFFFC9FFF00000015B01E42E006408723E2
10EC2B298F8E82FFBF10B0F1193273A96ABF380FFFFFFFFFFC9FFF00000015B01E42E006408723FA
10EC2F298F9482FFC110B0F1193272A96ABF03FFFFFFFFFFFC9FFF00000015B01F42E00640872312
10EC2D298F9282FFC910B0EB19326FA93AC003FFFFFFFFFFFCAFFF00000015B01F42E0074087232A
10EC26298F8982FFC910B0E819326EA94AC003FFFFFFFFFFFCAFFF00000015B01F42E00740872342
10EC1B298F7582FFC610B0DF193265A94AC103FFFFFFFFFFFCAFFF00000015B01F42E0074087135A
10EC1A298F7382FFC410B0E719326AA95AC103FFFFFFFFFFFCAFFF00000015B01F42E00740872372
10EC21298F7D82FFC410B0E6193269A97AC23B9FFFFFFFFFFCAFFF00000015B02042E0084087238A
10EC22298F8482FFC410B0E3193268A97AC1068FFFFFFFFFFCAFFF00000015B02042E008408713A2
10EC24298F8382FFC310B0E1193266A97AC103FFFFFFFFFFFCAFFF00000015B02042E008408713BA
10EC20298F7E82FFC610B0E1193265A96AC02D0FFFFFFFFFFCAFFF00000015B02042E008408723D2
10EC20298F7E82FFCC10B0E2193267A98AC005DFFFFFFFFFFCAFFF00000015B02142E009408723EA
10EC24298F8282FFCE10B0DF193264A9AABF03FFFFFFFFFFFC9FFF00000015B02142E00940872302
10EC20298F7C82FFC810B0E3193267A99ABF03FFFFFFFFFFFC8FFF00000015B02142E0094087131A
10EC25298F8382FFBD10B0EB19326EA97ABF74CFFFFFFFFFFC9FFF00000015B02142E00940871332
10EC2F298F9382FFBD10B0F5193275A96ABF390FFFFFFFFFFCAFFF00000015B02142E00A4087134A
10EC38298FA182FFC510B0FC19327AA94AC003FFFFFFFFFFFCAFFF00000015B02242E00A40871362
10EC37298F9F82FFCE10B0E819326EA95AC003FFFFFFFFFFFCAFFF00000015B02242E00A4087137A
10EC1C298F7B82FFCC10B0DA193262A96AC003FFFFFFFFFFFCAFFF00000015B02242E00A40871392
10EC06298F5382FFC310B0E6193269A98AC004BFFFFFFFFFFC8FFF00000015B02242E00B408703AA
10EBFB298F4982FFC010B0EE19326DA98ABF326FFFFFFFFFFC8FFF00000015B02342E00B408703C2
10EC1B298F7382FFC310B0EE19326EA97AC003FFFFFFFFFFFC9FFF00000015B02342E00B408713DA
10EC1C298F7282FFC910B0B919324BA9AAC0313FFFFFFFFFFCBFFF00000015B02342E00B408703F2
10EC0B298F5A82FFC910B0AF19323FA97AC0063FFFFFFFFFFCAFFF00000015B02342E00B4087030A
10EBEC298F2E82FFC810B0A4193235A97AC08ECFFFFFFFFFFCBFFF00000015B02342E00C40870322
10EBCE298F0A82FFC510B0AD19323AA97AC003FFFFFFFFFFFCAFFF00000015B02442E00C4087033A
10EBCD298F0282FFC310B0B019323BA98AC003FFFFFFFFFFFCAFFF00000015B02442E00C40870352
10EBE0298F1A82FFC610B08E193224A97AC103FFFFFFFFFFFC9FFF00000015B02442E00C4087036A
10EBC6298EF782FFC710B05E193201A9AAC003FFFFFFFFFFFC9FFF00000015B02442E00D40870382
10EB6C298E7982FFC610B02B1931DBA9BAC203FFFFFFFFFFFCAFFF00000015B02542E00D4087039A
10EAEC298DCA82FFC210B0051931BDA9AAC203FFFFFFFFFFFC9FFF00000015B02542E00D408703B2
10EABB298D8E82FFC110AFD2193191A9AAC203FFFFFFFFFFFC9FFF00000015B02542E00D408703CA
10EACD298D9382FFC910AF4619312FA9AAC103FFFFFFFFFFFCAFFF00000015B02542E00E408703E2
10EA5F298CFE82FFCE10AEEF1930F2A9BAC103FFFFFFFFFFFCAFFF00000015B02642E00E408703FA
10E99D298BF382FFCD10AEAD1930B3A9CAC10ECFFFFFFFFFFCAFFF00000015B02642E00E40870312
10E93D298B7D82FFC710AEA21930AAA9CAC1B38FFFFFFFFFFCAFFF00000015B02642E00E4087032A
10E931298B5C82FFBF10AED21930C4A9AAC23A2FFFFFFFFFFCBFFF00000015B02642E00F40870342
10E964298BA082FFBC10AF231930F9A9AAC2343FFFFFFFFFFC9FFF00000015B02642E00F4087035A
10E9BF298C1E82FFBF10AEEB1930D9A9DAC2068FFFFFFFFFFC9FFF00000015B02742E00F40870372
10E9DC298C3F82FFC910AE42193062A9EAC103FFFFFFFFFFFC8FFF00000015B02742E00F4087038A
10E982298BC382FFCF10AE2219304DA9FAC10D4FFFFFFFFFFC9FFF00000015B02742E00F408703A2
10E928298B4F82FFCD10AE2619304AA9EAC29D5FFFFFFFFFFCAFFF00000015B02742E010408703BA
10E916298B3582FFC910AE00193029A99AC233DFFFFFFFFFFC9FFF00000015B02842E010408703D2
10E8F7298B0F82FFC610ADFF193027A97AC203FFFFFFFFFFFC9FFF00000015B02842E010408703EA
10E919298B3182FFC710ADF419301FA99AC303FFFFFFFFFFFC9FFF00000015B02842E01040870302
10E8FD298B0B82FFC010ADF219301DA9BAC303FFFFFFFFFFFC9FFF00000015B02842E0114087031A
10E8E6298AF082FFBA10ADEF193018A9DAC204EFFFFFFFFFFC9FFF00000015B02842E0114086F332
10E910298B2382FFC010ADBB192FF2A9BAC2566FFFFFFFFFFCAFFF00000015B02942E0114087034A
10E8FF298B0D82FFCC10AD83192FC9A9AAC206BFFFFFFFFFFC9FFF00000015B02942E0114086F362
10E8CE298ACA82FFD410AD5C192FABA9AAC26D9FFFFFFFFFFC9FFF00000015B02942E0124086E37A
10E8B8298AA982FFCF10AD6E192FBBA9BAC4590FFFFFFFFFFC9FFF00000015B02942E01240870392
10E879298A5182FFC510AD7E192FBEA9AAC403FFFFFFFFFFFC9FFF00000015B02A42E0124086E3AA
10E855298A1682FFB910ADAA192FDEA9CAC403FFFFFFFFFFFCAFFF00000015B02A42E0124086E3C2
10E8A3298A8B82FFB710ADED19300FA9EAC303FFFFFFFFFFFCAFFF00000015B02A42E0134086E3DA
10E90B298B1682FFBF10ADDF19300BA9EAC303FFFFFFFFFFFCAFFF00000015B02A42E0134086E3F2
10E8EA298AEF82FFCA10AD67192FB6A9BAC24C1FFFFFFFFFFCAFFF00000015B02A42E0134086E30A
10E896298A7982FFCF10AD39192F90A9AAC24A8FFFFFFFFFFCAFFF00000015B02B42E0134086E322
10E85A298A2482FFCB10AD22192F7CA99AC303FFFFFFFFFFFCBFFF00000015B02B42E0134086E33A
10E83B2989F582FFC610AD2F192F80A99AC303FFFFFFFFFFFCAFFF00000015B02B42E0144086E352
10E8382989F282FFC210AD1B192F71A9BAC32F1FFFFFFFFFFC9FFF00000015B02B42E0144086E36A
10E840298A0782FFBF10AD23192F76A9DAC3A2FFFFFFFFFFFCAFFF00000015B02C42E0144086E382
10E851298A1382FFBF10AD0E192F67A9EAC303FFFFFFFFFFFC9FFF00000015B02C42E0144086E39A
10E8422989FF82FFC110AD00192F5DA9EAC403FFFFFFFFFFFC9FFF00000015B02C42E0154086E3B2
10E8362989F182FFC310ACF6192F54A9DAC403FFFFFFFFFFFCAFFF00000015B02C42E0154086E3CA
10E82B2989DF82FFC610ACF1192F51A9CAC303FFFFFFFFFFFCAFFF00000015B02D42E0154086E3E2
10E8212989CD82FFC710ACE7192F48A9BAC31E1FFFFFFFFFFCBFFF00000015B02D42E0154086E3FA
10E81E2989C882FFC810ACE8192F48A9AAC37B9FFFFFFFFFFCAFFF00000015B02D42E0164086E312
10E8192989BD82FFC710ACEE192F4CA9EAC4453FFFFFFFFFFC9FFF00000015B02D42E0164086E32A
10E8142989BE82FFC610ACE9192F47A9FAC407EFFFFFFFFFFC9FFF00000015B02D42E0164086E342
10E80A2989AC82FFC110AD00192F59A9EAC506BFFFFFFFFFFCAFFF00000015B02E42E0164086D35A
10E8202989CA82FFBD10AD11192F65A9EAC59ACFFFFFFFFFFCAFFF00000015B02E42E0174086E372
10E8402989F982FFBA10AD2F192F7AA9DAC5334FFFFFFFFFFC9FFF00000015B02E42E0174086E38A
10E85F298A2682FFBF10AD20192F72AA0AC3399FFFFFFFFFFC9FFF00000015B02E42E0174086D3A2
10E852298A1182FFC910ACD3192F34A9DAC4074FFFFFFFFFFC9FFF00000015B02F42E0174086E3BA
10E8202989DA82FFCE10AC9A192F0DA9CAC403FFFFFFFFFFFCAFFF00000015B02F42E0174086D3D2
10E8062989B782FFCD10AC7F192EF8A9CAC5045FFFFFFFFFFCBFFF00000015B02F42E0184086D3EA
10E7CB29895282FFC310ACA0192F09A9DAC57BBFFFFFFFFFFCAFFF00000015B02F42E0184086D302
10E79E29891482FFBD10ACC0192F20A9CAC52E1FFFFFFFFFFC9FFF00000015B02F42E0184086D31A
10E7CE29894E82FFB810ACD1192F2DA9CAC503FFFFFFFFFFFC9FFF00000015B03042E0184086C332
10E8162989BD82FFBB10ACE6192F3EA9BAC4046FFFFFFFFFFCAFFF00000015B03042E0194086D34A
10E8192989BF82FFC010ACBB192F21A9DAC44D1FFFFFFFFFFCAFFF00000015B03042E0194086C362
10E8142989BF82FFC510ACA6192F11A9CAC48C5FFFFFFFFFFCAFFF00000015B03042E0194086D37A
10E7D829896D82FFCE10AC6D192EE7A9DAC403FFFFFFFFFFFC9FFF00000015B03142E0194086C392
10E7CD29895C82FFD010AC60192EDAA9BAC403FFFFFFFFFFFC9FFF00000015B03142E01A4086C3AA
10E7C029894082FFCB10AC80192EF0A9BAC403FFFFFFFFFFFC9FFF00000015B03142E01A4086D3C2
10E7AA29891C82FFBF10AC99192F05A9DAC403FFFFFFFFFFFC9FFF00000015B03142E01A4086C3DA
10E7A829892182FFB610ACDF192F3BAA0AC5326FFFFFFFFFFC8FFF00000015B03242E01A4086C3F2
10E80D2989B382FFB710AD25192F70A9DAC56DFFFFFFFFFFFC9FFF00000015B03242E01B4086C30A
10E84F298A0882FFC110ACE5192F3FA9DAC503FFFFFFFFFFFCAFFF00000015B03242E01B4086C322
10E8192989C782FFCB10AC7B192EEFA9FAC503FFFFFFFFFFFCAFFF00000015B03242E01B4086C33A
10E7EF29899082FFCC10AC69192EE4A9EAC41E2FFFFFFFFFFCAFFF00000015B03242E01B4086C352
10E79D29891C82FFCC10AC60192ED9A9CAC4B2CFFFFFFFFFFCAFFF00000015B03342E01B4086C36A
10E7832988E982FFC510AC77192EECA9DAC50C6FFFFFFFFFFC9FFF00000015B03342E01C4086C382
10E7752988D782FFBB10ACA1192F07A9EAC403FFFFFFFFFFFC9FFF00000015B03342E01C4086C39A
10E79A29890882FFB610ACDA192F33A9FAC403FFFFFFFFFFFCAFFF00000015B03342E01C4086C3B2
10E80829899A82FFB810AD0C192F5BA9EAC403FFFFFFFFFFFCAFFF00000015B03442E01C4086C3CA
10E8492989F882FFC410ACB6192F1EA9DAC4112FFFFFFFFFFCBFFF00000015B03442E01D4086C3E2
10E7FF29899682FFCF10AC46192ECEA9EAC58DEFFFFFFFFFFCAFFF00000015B03442E01D4086C3FA
10E7CC29896A82FFCF10AC30192EBCA9DAC50B4FFFFFFFFFFCAFFF00000015B03442E01D4086C312
10E79629891682FFC510AC3E192EBBA9EAC403FFFFFFFFFFFC9FFF00000015B03542E01D4086C32A
10E74329889382FFBA10AC63192ED6A9CAC403FFFFFFFFFFFC8FFF00000015B03542E01E4086C342
10E7882988F082FFB510ACA2192F07A99AC403FFFFFFFFFFFC9FFF00000015B03542E01E4086C35A
10E7EB29896E82FFB810ACC4192F25A9BAC5093FFFFFFFFFFCAFFF00000015B03542E01E4086B372
10E7F529898A82FFC010AC8D192EFCA9EAC66BDFFFFFFFFFFCAFFF00000015B03542E01E4086B38A
10E7D329895B82FFC910AC48192EC6A9FAC49DFFFFFFFFFFFC9FFF00000015B03642E01F4086B3A2
10E79B29890C82FFCD10AC3C192EBEA9EAC303FFFFFFFFFFFC8FFF00000015B03642E01F4086B3BA
10E77B2988E982FFC910AC45192EC5A9EAC403FFFFFFFFFFFC9FFF00000015B03642E01F4086B3D2
10E7502988A682FFC110AC51192ECBA9EAC403FFFFFFFFFFFC9FFF00000015B03642E01F4086B3EA
10E7532988A382FFBE10AC72192EDFA9FAC503FFFFFFFFFFFCAFFF00000015B03742E0204086B302
10E7872988EC82FFBB10AC92192EFAA9FAC53C6FFFFFFFFFFCAFFF00000015B03742E0204086B31A
10E7BC29893682FFBC10AC9F192F04A9EAC47F7FFFFFFFFFFC9FFF00000015B03742E0204086B332
10E7FA29899282FFBC10ACC2192F25A9DAC4335FFFFFFFFFFC9FFF00000015B03742E0204086A34A
10E8192989C082FFC010ACD9192F35A9CAC4AB7FFFFFFFFFFC9FFF00000015B03842E0204086B362
10E80B2989AA82FFC910AC85192EF9A9CAC303FFFFFFFFFFFC9FFF00000015B03842E0214086A37A
10E7CE29895E82FFD010AC6C192EE6A9EAC303FFFFFFFFFFFCAFFF00000015B03842E0214086A392
10E79B29891D82FFCB10AC58192ED2A9CAC403FFFFFFFFFFFCAFFF00000015B03842E0214086B3AA
10E79D29890A82FFBD10AC77192EEAA9BAC503FFFFFFFFFFFC9FFF00000015B03842E0214086B3C2
10E79729890B82FFB110ACC2192F1CA9DAC6245FFFFFFFFFFC9FFF00000015B03942E0224086A3DA
10E8252989B482FFB210AD6E192FA2A9EAC58DEFFFFFFFFFFCAFFF00000015B03942E0224086A3F2
10E8A9298A7382FFC010ACEB192F48A9DAC31B6FFFFFFFFFFC9FFF00000015B03942E0224086A30A
10E82D2989DE82FFD010AC50192ED2A9EAC4AB0FFFFFFFFFFCAFFF00000015B03942E0224086A322
10E7B629894E82FFD310AC27192EAEA9CAC30FAFFFFFFFFFFCAFFF00000015B03A42E0234086A33A
10E7B029893682FFC610AC39192EB7A9BAC46C9FFFFFFFFFFCAFFF00000015B03A42E0234086A352
10E74829889A82FFB910AC4D192EC7A9AAC4151FFFFFFFFFFCAFFF00000015B03A42E0234086A36A
10E79B29890282FFB710ACBC192F15A9CAC5938FFFFFFFFFFCAFFF00000015B03A42E0234086A382
10E7F029897B82FFBA10ACE1192F3AAA0AC56ACFFFFFFFFFFC9FFF00000015B03B42E0244086A39A
10E7EA29897A82FFC110AC80192EF0A9FAC503FFFFFFFFFFFC9FFF00000015B03B42E0244086A3B2
10E7B029893582FFC610AC51192ECDA9EAC703FFFFFFFFFFFCAFFF00000015B03B42E0244086A3CA
10E7842988FA82FFCC10AC1F192EA8A9DAC603FFFFFFFFFFFCAFFF00000015B03B42E0244086A3E2
10E75C2988B882FFCC10AC24192EA9A9CAC603FFFFFFFFFFFCAFFF00000015B03B42E0244086A3FA
10E7632988BC82FFC410AC4D192EC4A9CAC603FFFFFFFFFFFCAFFF00000015B03C42E0254086A312
10E74429888D82FFBD10AC79192EE4A9EAC503FFFFFFFFFFFCAFFF00000015B03C42E0254086932A
10E7752988D182FFB910ACAC192F04AA0AC503FFFFFFFFFFFCAFFF00000015B03C42E0254086A342
10E7CE29895182FFBD10ACA0192F06A9EAC503FFFFFFFFFFFC9FFF00000015B03C42E0254086935A
10E7D129895382FFC710AC42192EC3A9FAC603FFFFFFFFFFFC9FFF00000015B03D42E02640869372
10E7882988F782FFCF10AC16192EA3A9FAC603FFFFFFFFFFFCAFFF00000015B03D42E0264086938A
10E76A2988CF82FFCA10AC29192EAFA9BAC703FFFFFFFFFFFCAFFF00000015B03D42E026408693A2
10E7652988BD82FFC310AC42192EBDA9CAC8452FFFFFFFFFFCAFFF00000015B03D42E026408693BA
10E77D2988D382FFBE10AC72192EE0A9EAC7090FFFFFFFFFFCAFFF00000015B03D42E027408693D2
10E7A129890C82FFC510AC88192EEEA9DAC603FFFFFFFFFFFCBFFF00000015B03E42E027408693EA
10E7BC29893682FFCD10AC42192EC3A9CAC603FFFFFFFFFFFCAFFF00000015B03E42E02740869302
10E79A29891082FFCA10AC58192ED1A9EAC503FFFFFFFFFFFC8FFF00000015B03E42E0274086931A
10E7A629891982FFC210ACB3192F15A9BAC503FFFFFFFFFFFCAFFF00000015B03E42E02740869332
10E7C529894282FFBE10AD02192F46A9BAC503FFFFFFFFFFFCBFFF00000015B03F42E0284086834A
10E82E2989D982FFC610ACB8192F1BA99AC403FFFFFFFFFFFCBFFF00000015B03F42E02840868362
10E7EA29898382FFD110AC66192EE0A9AAC45F0FFFFFFFFFFCAFFF00000015B03F42E0284086837A
10E7E329897382FFD010AC6A192EE1A9CAC303FFFFFFFFFFFC9FFF00000015B03F42E02840868392
10E7D229895582FFC710AC97192EFFA9CAC403FFFFFFFFFFFCAFFF00000015B03F42E029408683AA
10E7882988F482FFBE10ACDA192F2DA9AAC403FFFFFFFFFFFC9FFF00000015B04042E029408683C2
10E7E529897B82FFBF10AD0A192F54A9DAC503FFFFFFFFFFFC9FFF00000015B04042E029408693DA
10E81F2989BF82FFC810AC98192F06A9CAC403FFFFFFFFFFFC9FFF00000015B04042E029408683F2
10E7EB29898682FFCD10AC7F192EF4A9CAC503FFFFFFFFFFFC9FFF00000015B04042E02A4086830A
10E7DC29897182FFCE10AC72192EE8A9BAC452FFFFFFFFFFFC9FFF00000015B04142E02A40868322
10E7C129893B82FFCB10ACA0192F0AA9CAC40A4FFFFFFFFFFCAFFF00000015B04142E02A4086833A
10E7BE29893A82FFC610ACF3192F46A9EAC4154FFFFFFFFFFC9FFF00000015B04142E02A40868352
10E7F929898E82FFC510AD27192F6CA9DAC42BAFFFFFFFFFFC9FFF00000015B04142E02B4086836A
10E8352989E082FFC610AD3C192F82A9DAC303FFFFFFFFFFFC9FFF00000015B04242E02B40868382
10E862298A1E82FFC510AD20192F6FA9DAC303FFFFFFFFFFFCAFFF00000015B04242E02B4086839A
10E874298A3E82FFC710AD2C192F7BA9CAC414AFFFFFFFFFFCAFFF00000015B04242E02B408683B2
10E860298A2482FFC610AD3A192F88A9BAC49DBFFFFFFFFFFCAFFF00000015B04242E02B408683CA
10E862298A2682FFCE10ACE9192F49A9CAC503FFFFFFFFFFFCAFFF00000015B04242E02C408683E2
10E81A2989CC82FFD310ACB7192F24A9CAC503FFFFFFFFFFFCAFFF00000015B04342E02C408683FA
10E8052989A782FFD210ACC3192F2CA9CAC503FFFFFFFFFFFC9FFF00000015B04342E02C40868312
10E7DA29896682FFCA10ACCB192F2EA9EAC603FFFFFFFFFFFC9FFF00000015B04342E02C4086732A
10E7C929894F82FFC010ACE0192F3BA9DAC61A6FFFFFFFFFFCAFFF00000015B04342E02D40868342
10E8062989A682FFBE10AD0D192F5DA9CAC605FFFFFFFFFFFC9FFF00000015B04442E02D4086735A
10E88A298A4D82FFC510AD15192F66A9BAC603FFFFFFFFFFFC9FFF00000015B04442E02D40867372
10E85F298A1E82FFCF10ACC3192F2AA9BAC548BFFFFFFFFFFC9FFF00000015B04442E02D4086838A
10E8282989E682FFD510ACB3192F1BA9BAC459BFFFFFFFFFFC9FFF00000015B04442E02E408683A2
10E8102989B982FFD810AC93192F02A9CAC6316FFFFFFFFFFCAFFF00000015B04442E02E408673BA
10E7FD29899B82FFD110ACB0192F19A9BAC603FFFFFFFFFFFCAFFF00000015B04542E02E408673D2
10E7E129897482FFC810AD0B192F5DA9BAC603FFFFFFFFFFFCAFFF00000015B04542E02E408673EA
10E7EC29898182FFC210AD52192F89A9CAC503FFFFFFFFFFFCAFFF00000015B04542E02F40868302
10E879298A3C82FFBE10ADA8192FD1A9DAC503FFFFFFFFFFFC9FFF00000015B04542E02F4086731A
10E902298B0382FFC710AD94192FCAA9FAC403FFFFFFFFFFFC9FFF00000015B04642E02F40866332
10E8E5298ADB82FFD010AD28192F7CA9EAC303FFFFFFFFFFFC9FFF00000015B04642E02F4086634A
10E885298A6282FFD810ACE2192F44A9DAC203FFFFFFFFFFFCAFFF00000015B04642E02F40866362
10E84C298A1B82FFD910ACC8192F2EA9CAC303FFFFFFFFFFFCAFFF00000015B04642E0304086637A
10E859298A1C82FFCF10AD12192F63A9BAC45A3FFFFFFFFFFC9FFF00000015B04642E03040866392
10E8172989C482FFC510AD4B192F8EA9BAC503FFFFFFFFFFFC9FFF00000015B04742E030408663AA
10E89D298A7182FFC510ADB2192FD8A9CAC503FFFFFFFFFFFCBFFF00000015B04742E030408663C2
10E8E8298AD182FFC910AD9C192FCFA9DAC503FFFFFFFFFFFCBFFF00000015B04742E031408663DA
10E8E4298AE782FFCC10AD9D192FD3A9BAC558CFFFFFFFFFFC4FFF00000015B04742E031408663F2
10E8FB298B0482FFCE10ADB3192FE2A9BAC50B5FFFFFFFFFFC8FFF00000015B04842E0314086730A
10E91A298B2F82FFD210ADA8192FDFA99AC503FFFFFFFFFFFC9FFF00000015B04842E03140866322
10E91A298B2C82FFD510ADAE192FE2A9AAC503FFFFFFFFFFFCAFFF00000015B04842E0324086633A
10E90D298B1482FFD410ADC6192FF6A9BAC403FFFFFFFFFFFCAFFF00000015B04842E03240866352
10E8F2298AF982FFCC10ADFE19301BA9BAC316AFFFFFFFFFFC9FFF00000015B04942E0324086636A
10E910298B2A82FFC810AE4A193053A9AAC42F5FFFFFFFFFFC9FFF00000015B04942E03240866382
10E94A298B6F82FFC710AE65193065A9BAC403FFFFFFFFFFFCAFFF00000015B04942E0334086639A
10E9A6298BF082FFCB10AE5E193066A9BAC503FFFFFFFFFFFC9FFF00000015B04942E033408663B2
10E9AE298BF882FFD110AE3819304DA9BAC411CFFFFFFFFFFC9FFF00000015B04942E033408663CA
10E97F298BBE82FFD410AE0B19302FA9BAC3984FFFFFFFFFFC9FFF00000015B04A42E033408663E2
10E94D298B7782FFD710ADFD193024A9CAC303FFFFFFFFFFFCAFFF00000015B04A42E034408663FA
10E938298B5A82FFD510AE04193025A9DAC303FFFFFFFFFFFCAFFF00000015B04A42E03440866312
10E925298B3782FFD310AE19193034A9BAC303FFFFFFFFFFFCAFFF00000015B04A42E0344086532A
10E92F298B4E82FFCD10AE4E193058A9AAC303FFFFFFFFFFFCAFFF00000015B04B42E03440865342
10E967298B9882FFCA10AE6D19306EA9AAC35B5FFFFFFFFFFCAFFF00000015B04B42E0344086535A
10E991298BCF82FFCC10AE60193067A9AAC30BEFFFFFFFFFFC9FFF00000015B04B42E03540866372
10E990298BD082FFD310AE2E193044A9AAC303FFFFFFFFFFFC9FFF00000015B04B42E0354086538A
10E95E298B9982FFDB10ADD1193001A99AC303FFFFFFFFFFFC9FFF00000015B04B42E035408653A2
10E956298B8182FFDA10ADB1192FE5A9BAC3657FFFFFFFFFFCAFFF00000015B04C42E035408653BA
10E915298B2D82FFD710ADDF193009A9EAC23ACFFFFFFFFFFC9FFF00000015B04C42E036408653D2
10E8E3298AEC82FFD010ADF7193017A9BAC403FFFFFFFFFFFC9FFF00000015B04C42E036408653EA
10E90B298B1D82FFCD10AE1B193031A9BAC403FFFFFFFFFFFCBFFF00000015B04C42E03640865302
10E94D298B6F82FFD110AE1519302FA9EAC403FFFFFFFFFFFC9FFF00000015B04D42E0364086531A
10E93F298B6482FFD510ADE419300BA9FAC403FFFFFFFFFFFCAFFF00000015B04D42E03740865332
10E90D298B1C82FFD610ADBF192FF4A9EAC40EDFFFFFFFFFFCAFFF00000015B04D42E0374086534A
10E8DD298ADD82FFD810ADA6192FDFA9EAC403FFFFFFFFFFFC9FFF00000015B04D42E03740865362
10E8C5298AB882FFDB10AD9A192FD6A9CAC403FFFFFFFFFFFC9FFF00000015B04D42E0374086437A
10E8B4298AA382FFDA10AD73192FB4A9DAC503FFFFFFFFFFFC9FFF00000015B04E42E03840865392
10E8AC298A9382FFD510ADAF192FDDA9EAC56C6FFFFFFFFFFC9FFF00000015B04E42E038408643AA
10E8B2298A9E82FFD210ADB5192FE6A9EAC55DFFFFFFFFFFFC8FFF00000015B04E42E038408653C2
10E8D3298ABE82FFD310ADC8192FEDA9CAC40C6FFFFFFFFFFC8FFF00000015B04E42E038408643DA
10E8E5298AE082FFD610AD9A192FD3A9BAC303FFFFFFFFFFFCAFFF00000015B04F42E038408643F2
10E8D6298ACE82FFD610AD79192FB9A9AAC403FFFFFFFFFFFC9FFF00000015B04F42E0394086430A
10E8A1298A7D82FFD610AD78192FB8A9CAC403FFFFFFFFFFFCAFFF00000015B04F42E03940864322
10E86C298A3682FFDD10ACF1192F4FA9DAC403FFFFFFFFFFFCAFFF00000015B04F42E0394086433A
10E82B2989E282FFDF10ACCC192F37A9CAC403FFFFFFFFFFFC9FFF00000015B04F42E03940864352
10E8112989BD82FFDB10ACC0192F28A9CAC503FFFFFFFFFFFC9FFF00000015B05042E03A4086436A
10E7BC29893D82FFD110ACC7192F2AA9DAC41DBFFFFFFFFFFCAFFF00000015B05042E03A40864382
10E7D829896B82FFCF10AD0A192F58A9CAC53D2FFFFFFFFFFCAFFF00000015B05042E03A4086439A
10E84E2989F582FFD510AD0B192F5BA9CAC503FFFFFFFFFFFC9FFF00000015B05042E03A408643B2
10E8342989E682FFDD10ACE2192F3FA9BAC503FFFFFFFFFFFCAFFF00000015B05142E03B408643CA
10E82A2989D882FFE110ACB2192F1DA9DAC503FFFFFFFFFFFCAFFF00000015B05142E03B408643E2
10E80E2989B482FFDF10ACCA192F2AA9FAC303FFFFFFFFFFFCAFFF00000015B05142E03B408643FA
10E7F929898F82FFD610ACFE192F55A9DAC303FFFFFFFFFFFCAFFF00000015B05142E03B40864312
10E7F329898D82FFCF10AD1B192F64A9EAC3530FFFFFFFFFFCAFFF00000015B05242E03C4086432A
10E856298A1582FFD110AD34192F7AA9DAC30BBFFFFFFFFFFCAFFF00000015B05242E03C40864342
10E859298A1882FFDC10ACEA192F49A9EAC503FFFFFFFFFFFCAFFF00000015B05242E03C4086435A
10E8252989D982FFE210ACBB192F28A9DAC537EFFFFFFFFFFCAFFF00000015B05242E03C40864372
10E8122989B682FFDF10ACB2192F1FA9CAC4094FFFFFFFFFFCAFFF00000015B05242E03D4086438A
10E7E029896C82FFD510ACE6192F3EA9CAC503FFFFFFFFFFFCAFFF00000015B05342E03D408643A2
10E8062989A582FFD310AD0C192F5EA9AAC503FFFFFFFFFFFCAFFF00000015B05342E03D408643BA
10E8462989FC82FFD810AD06192F5BA9DAC4623FFFFFFFFFFC9FFF00000015B05342E03D408643D2
10E8492989FF82FFDB10ACFD192F53A9FAC33ADFFFFFFFFFFC9FFF00000015B05342E03E408633EA
10E8412989FC82FFDC10ACEB192F45A9EAC403FFFFFFFFFFFCAFFF00000015B05442E03E40863302
10E8432989FD82FFD710AD36192F7AA9CAC503FFFFFFFFFFFC9FFF00000015B05442E03E4086431A
10E87B298A4D82FFD710AD6F192FA5A9CAC503FFFFFFFFFFFC9FFF00000015B05442E03E40863332
10E8C8298AA982FFDB10AD74192FADA9EAC603FFFFFFFFFFFC9FFF00000015B05442E03F4086334A
10E8D0298ABB82FFDB10AD6F192FAFA9EAC51F9FFFFFFFFFFC9FFF00000015B05442E03F40863362
10E8BA298AA782FFD810ADC5192FEBA9DAC503FFFFFFFFFFFC9FFF00000015B05542E03F4086337A
10E8C6298AB182FFD810ADD3192FF6A9FAC654FFFFFFFFFFFC9FFF00000015B05542E03F40863392
10E8E4298ADA82FFD510ADD5192FFAA9FAC5423FFFFFFFFFFC9FFF00000015B05542E040408623AA
10E8F1298AEE82FFD210AE1C19302CA9BAC403FFFFFFFFFFFCAFFF00000015B05542E040408623C2
10E933298B4F82FFD210AE29193037A9AAC303FFFFFFFFFFFCAFFF00000015B05642E040408623DA
10E963298B8982FFD910AE1D193033A9DAC303FFFFFFFFFFFC8FFF00000015B05642E040408633F2
10E978298BA582FFDE10AE1119302CA9DAC403FFFFFFFFFFFC9FFF00000015B05642E0404086330A
10E977298BAE82FFD910AE4E193055A9DAC403FFFFFFFFFFFCAFFF00000015B05642E04140862322
10E97D298BB582FFD410AE9819308AA9EAC403FFFFFFFFFFFC9FFF00000015B05642E0414086333A
10E99F298BE082FFD010AEA219308FA9AAC303FFFFFFFFFFFC9FFF00000015B05742E04140862352
10E9F3298C5082FFD110AEC61930AFA99AC203FFFFFFFFFFFCAFFF00000015B05742E0414086236A
10E9F9298C5E82FFD410AEBF1930AFA9AAC255BFFFFFFFFFFCAFFF00000015B05742E04240862382
10E9FD298C6282FFD810AEAA1930A1A9AAC20C6FFFFFFFFFFCAFFF00000015B05742E0424086239A
10E9F4298C5982FFDB10AEA81930A2A9CAC303FFFFFFFFFFFCAFFF00000015B05842E042408623B2
10E9EB298C4A82FFDB10AE99193095A9DAC303FFFFFFFFFFFCAFFF00000015B05842E042408623CA
10E9E8298C4C82FFD410AEBB1930ACA9EAC45EEFFFFFFFFFFCAFFF00000015B05842E043408623E2
10E9D7298C3182FFD010AEB91930A9A9DAC43A3FFFFFFFFFFC9FFF00000015B05842E043408623FA
10E9EC298C4F82FFCF10AED21930BDA9BAC203FFFFFFFFFFFC9FFF00000015B05842E04340862312
10EA05298C7282FFD210AEE31930C8A9BAC203FFFFFFFFFFFCAFFF00000015B05942E0434086232A
10EA1D298C8E82FFD510AEDE1930C7A9CAC303FFFFFFFFFFFC9FFF00000015B05942E04440862342
10EA33298CAC82FFD410AEF91930D7A9BAC303FFFFFFFFFFFC8FFF00000015B05942E0444086235A
10EA3E298CBC82FFD510AF0C1930E6A9CAC41E8FFFFFFFFFFC9FFF00000015B05942E04440862372
10EA3C298CBE82FFD410AF001930E1A9CAC303FFFFFFFFFFFC8FFF00000015B05A42E0444086238A
10EA31298CAC82FFD210AF071930E6A9CAC203FFFFFFFFFFFCAFFF00000015B05A42E045408613A2
10EA37298CAE82FFD010AF121930EAA9AAC203FFFFFFFFFFFC9FFF00000015B05A42E045408623BA
10EA3F298CBB82FFD110AF131930ECA99AC386AFFFFFFFFFFCAFFF00000015B05A42E045408623D2
10EA4B298CC982FFD210AF171930F2A9AAC358BFFFFFFFFFFCAFFF00000015B05A42E045408623EA
10EA52298CD482FFCF10AF181930F2A9BAC30CFFFFFFFFFFFCAFFF00000015B05B42E04640861302
10EA53298CDA82FFD010AF161930F0A9CAC203FFFFFFFFFFFCAFFF00000015B05B42E0464086131A
10EA4D298CCE82FFD110AF101930EBA9CAC203FFFFFFFFFFFCAFFF00000015B05B42E04640861332
10EA4A298CCA82FFCF10AF1A1930F2A9AAC303FFFFFFFFFFFCAFFF00000015B05B42E0464086134A
10EA46298CCA82FFCD10AF271930FCA99AC303FFFFFFFFFFFC9FFF00000015B05C42E04740861362
10EA5D298CE382FFCC10AF38193107A9BAC303FFFFFFFFFFFC9FFF00000015B05C42E0474086137A
10EA74298D0682FFD110AF4219310FA9DAC203FFFFFFFFFFFC8FFF00000015B05C42E04740861392
10EA7F298D1582FFCF10AF44193112A9DAC31C5FFFFFFFFFFC8FFF00000015B05C42E047408613AA
10EA7D298D1182FFCD10AF5419311DA98AC33D8FFFFFFFFFFCAFFF00000015B05D42E047408613C2
10EA7E298D1782FFC910AF58193121A97AC203FFFFFFFFFFFCAFFF00000015B05D42E048408613DA
10EA98298D3782FFCB10AF66193129A98AC303FFFFFFFFFFFC9FFF00000015B05D42E048408603F2
10EAA0298D3F82FFD010AF58193124A99AC403FFFFFFFFFFFC9FFF00000015B05D42E0484086130A
10EA9B298D3B82FFCF10AF5E193127A9AAC403FFFFFFFFFFFC9FFF00000015B05D42E04840861322
10EA96298D3282FFCA10AF6219312AA99AC303FFFFFFFFFFFC9FFF00000015B05E42E0494086033A
10EA93298D2F82FFC610AF6819312EA9AAC45AEFFFFFFFFFFC9FFF00000015B05E42E04940861352
10EAA9298D4982FFC710AF77193138A99AC20D7FFFFFFFFFFCAFFF00000015B05E42E0494086136A
10EABA298D6782FFCA10AF75193137A96AC204BFFFFFFFFFFCAFFF00000015B05E42E04940860382
10EAB7298D6082FFCD10AF6719312EA97AC303FFFFFFFFFFFCAFFF00000015B05F42E04A4086139A
10EAAA298D5082FFCD10AF6319312CA97AC203FFFFFFFFFFFCAFFF00000015B05F42E04A408603B2
10EA9D298D3E82FFCC10AF6319312AA99AC303FFFFFFFFFFFC9FFF00000015B05F42E04A408603CA
10EA92298D2D82FFC810AF64193128A98AC25F3FFFFFFFFFFC9FFF00000015B05F42E04A408603E2
10EA91298D2B82FFC210AF73193135A99AC303FFFFFFFFFFFC9FFF00000015B05F42E04B408603FA
10EA9E298D4182FFC110AF85193141A99AC403FFFFFFFFFFFC8FFF00000015B06042E04B40860312
10EAB9298D6582FFC610AF7919313AA9AAC403FFFFFFFFFFFC8FFF00000015B06042E04B4086032A
10EAB7298D6182FFCD10AF6119312BA9AAC36ADFFFFFFFFFFCAFFF00000015B06042E04B40860342
10EAA4298D4D82FFD310AF49193118A99AC20F4FFFFFFFFFFC9FFF00000015B06042E04C4086035A
10EA98298D3882FFCC10AF5219311EA99AC103FFFFFFFFFFFC9FFF00000015B06142E04C40860372
10EA8F298D2A82FFC410AF7E19313CA98AC205BFFFFFFFFFFC9FFF00000015B06142E04C4086038A
10EA94298D3082FFBD10AF89193144A98AC303FFFFFFFFFFFCAFFF00000015B06142E04C408603A2
10EAC2298D6C82FFBD10AFA0193153A9AAC35E0FFFFFFFFFFCAFFF00000015B06142E04D408603BA
10EADF298D9982FFC010AFA0193157A9AAC30E2FFFFFFFFFFC9FFF00000015B06142E04D408603D2
10EAE2298D9A82FFC310AFA1193157A9AAC203FFFFFFFFFFFC9FFF00000015B06242E04D408603EA
10EAE1298D9D82FFC810AF9319314FA9AAC103FFFFFFFFFFFCAFFF00000015B06242E04D40860302
10EACD298D8282FFCD10AF7C19313DA9BAC003FFFFFFFFFFFCAFFF00000015B06242E04E4085F31A
10EABF298D6982FFD010AF6E193133A9AAC003FFFFFFFFFFFC9FFF00000015B06242E04E40860332
10EAB1298D5A82FFC710AF5E193127A9BAC003FFFFFFFFFFFCAFFF00000015B06342E04E4085F34A
10EA92298D2B82FFBB10AF6E193131A9CAC103FFFFFFFFFFFCAFFF00000015B06342E04E40860362
10EA9A298D3A82FFB610AF79193136A9AAC003FFFFFFFFFFFCAFFF00000015B06342E04F4086037A
10EAB8298D5E82FFB910AF8E193147A9AAC103FFFFFFFFFFFC9FFF00000015B06342E04F4085F392
10EACB298D7A82FFC210AF8119313EA97AC203FFFFFFFFFFFC9FFF00000015B06342E04F4085F3AA
10EAC2298D6F82FFCC10AF6819312DA98AC203FFFFFFFFFFFC9FFF00000015B06442E04F4085F3C2
10EAAD298D5882FFCD10AF49193117A9AAC203FFFFFFFFFFFC9FFF00000015B06442E0504085F3DA
10EAAD298D4C82FFC810AF3A19310CA99AC203FFFFFFFFFFFCAFFF00000015B06442E0504085F3F2
10EA68298CFC82FFC010AF4F193117A9BAC303FFFFFFFFFFFCAFFF00000015B06442E0504085F30A
10EA69298CF682FFBB10AF6719312AA9AAC36F1FFFFFFFFFFC8FFF00000015B06542E0504085F322
10EA99298D3382FFBA10AF7F19313BA97AC390BFFFFFFFFFFC9FFF00000015B06542E0514086033A
10EAB6298D5E82FFC010AF7B193139A99AC203FFFFFFFFFFFCAFFF00000015B06542E0514085F352
10EABE298D6282FFC310AF7B19313AA99AC203FFFFFFFFFFFCAFFF00000015B06542E0514085F36A
10EAB9298D6182FFC210AF72193135A98AC203FFFFFFFFFFFC8FFF00000015B06542E0514085E382
10EAB1298D5582FFC110AF7B193139A98AC203FFFFFFFFFFFC9FFF00000015B06642E0514085F39A
10EAB7298D5E82FFC110AF9119314BA9BAC20BAFFFFFFFFFFCAFFF00000015B06642E0524085F3B2
10EAC7298D7382FFC210AFB1193160A9BAC204FFFFFFFFFFFCBFFF00000015B06642E0524085F3CA
10EAED298DAB82FFC310AFBB193169A9AAC203FFFFFFFFFFFCAFFF00000015B06642E0524085E3E2
10EB07298DC982FFC310AFC6193173A9AAC103FFFFFFFFFFFC9FFF00000015B06742E0524085E3FA
10EB16298DDE82FFBE10AFCD19317BA99AC252AFFFFFFFFFFC9FFF00000015B06742E0534085F312
10EB05298DCB82FFBA10AFE719318DA98AC2366FFFFFFFFFFC9FFF00000015B06742E0534085E32A
10EB15298DE082FFBB10AFE919318FA98AC103FFFFFFFFFFFC9FFF00000015B06742E0534085E342
10EB1E298DEC82FFBF10AFE419318DA97AC103FFFFFFFFFFFC9FFF00000015B06842E0534085E35A
10EB19298DE982FFC110AFCC19317AA9AAC203FFFFFFFFFFFCAFFF00000015B06842E0544085E372
10EB06298DD182FFC210AFB919316DA9AAC1707FFFFFFFFFFC9FFF00000015B06842E0544085E38A
10EAFB298DC082FFC410AFBA19316EA99AC1147FFFFFFFFFFC9FFF00000015B06842E0544085E3A2
10EAEF298DB082FFC310AFBE19316EA98AC103FFFFFFFFFFFCAFFF00000015B06842E0544085E3BA
10EAF7298DB782FFBD10AFCE19317BA98AC003FFFFFFFFFFFCAFFF00000015B06942E0554085E3D2
10EB03298DC782FFBA10AFDE193184A99AC003FFFFFFFFFFFC9FFF00000015B06942E0554085E3EA
10EB16298DDE82FFBD10AFD019317DA97AC0872FFFFFFFFFFC9FFF00000015B06942E0554085E302
10EB08298DD182FFBC10AFBA19316EA97AC06D2FFFFFFFFFFCAFFF00000015B06942E0554085E31A
10EAF6298DB882FFBB10AFC1193172A97AC03E5FFFFFFFFFFCAFFF00000015B06A42E0564085E332
10EAFD298DBB82FFBD10AFC7193173A99AC103FFFFFFFFFFFC9FFF00000015B06A42E0564085E34A
10EAF8298DB982FFC310AFAB193161A99AC203FFFFFFFFFFFC9FFF00000015B06A42E0564085E362
10EAEC298DAB82FFC610AFA719315DA9AAC103FFFFFFFFFFFC9FFF00000015B06A42E0564085E37A
10EAEE298DAD82FFC210AFBD19316DA9BAC003FFFFFFFFFFFCAFFF00000015B06A42E0574085E392
10EAEC298DA682FFBC10AFCE19317AA99AC1129FFFFFFFFFFCBFFF00000015B06B42E0574085E3AA
10EB04298DC782FFB610AFE4193189A98AC103FFFFFFFFFFFC9FFF00000015B06B42E0574085D3C2
10EB1F298DF282FFB610AFED193192A98AC103FFFFFFFFFFFC9FFF00000015B06B42E0574085D3DA
10EB1F298DF182FFB910AFC2193176A98AC203FFFFFFFFFFFCAFFF00000015B06B42E0584085E3F2
10EB08298DD382FFBC10AFBF193177A99AC2863FFFFFFFFFFCAFFF00000015B06C42E0584085D30A
10EAF5298DB982FFC110AFC3193173A9AAC303EFFFFFFFFFFC9FFF00000015B06C42E0584085D322
10EB00298DC382FFC610AFC5193175A9CAC203FFFFFFFFFFFC9FFF00000015B06C42E0584085D33A
10EB09298DD582FFC210AFE1193189A9BAC203FFFFFFFFFFFCAFFF00000015B06C42E0594085D352
10EB14298DE482FFB910B01C1931B4A9AAC3745FFFFFFFFFFCAFFF00000015B06C42E0594085D36A
10EB47298E2882FFB010B0321931C5A9BAC2121FFFFFFFFFFCAFFF00000015B06D42E0594085D382
10EB83298E8482FFB310B0351931CAA9CAC1044FFFFFFFFFFC9FFF00000015B06D42E0594085D39A
10EB7F298E7582FFBB10B02A1931C3A9CAC103FFFFFFFFFFFC8FFF00000015B06D42E0594085C3B2
10EB6F298E6182FFC010B0171931B9A9BAC103FFFFFFFFFFFCAFFF00000015B06D42E05A4085D3CA
10EB54298E4382FFC210B0081931AAA9DAC028FFFFFFFFFFFCAFFF00000015B06D42E05A4085D3E2
10EB4C298E3382FFBB10B0141931B4A9CAC0565FFFFFFFFFFC9FFF00000015B06E42E05A4085D3FA
10EB4B298E3382FFB510B0321931C9A9AAC103FFFFFFFFFFFC9FFF00000015B06E42E05A4085D312
10EB4D298E3482FFB210B04B1931DEA98AC103FFFFFFFFFFFCAFFF00000015B06E42E05B4085C32A
10EB80298E8182FFB610B0C5193238A9AAC103FFFFFFFFFFFCAFFF00000015B06E42E05B4085D342
10EBAF298EBC82FFBF10B0351931D0A9CAC103FFFFFFFFFFFCAFFF00000015B06F42E05B4085D35A
10EB96298EA082FFC110B0401931D8A9AAC103FFFFFFFFFFFCAFFF00000015B06F42E05B4085C372
10EB87298E8D82FFBB10B04C1931E1A97AC103FFFFFFFFFFFC9FFF00000015B06F42E05C4085C38A
10EB6F298E6982FFB410B04B1931DEA97AC103FFFFFFFFFFFC9FFF00000015B06F42E05C4085C3A2
10EB79298E7382FFAD10B0461931DDA97AC103FFFFFFFFFFFCAFFF00000015B07042E05C4085D3BA
10EB6B298E5F82FFAE10B0561931E5A99AC1762FFFFFFFFFFCAFFF00000015B07042E05C4085C3D2
10EB62298E4C82FFB910B0511931DFA99AC1125FFFFFFFFFFCBFFF00000015B07042E05D4085C3EA
10EB53298E4182FFC110B0481931DCA9AAC303FFFFFFFFFFFC9FFF00000015B07042E05D4085C302
10EB80298E8482FFC210B0611931EEA98AC303FFFFFFFFFFFC9FFF00000015B07042E05D4085C31A
10EBB4298EC682FFB810B0671931F7A98AC2681FFFFFFFFFFC9FFF00000015B07142E05D4085C332
10EB84298E8082FFAE10B0651931F6A98AC1433FFFFFFFFFFCAFFF00000015B07142E05E4085C34A
10EB5C298E4A82FFAA10B04A1931E1A97AC203FFFFFFFFFFFCAFFF00000015B07142E05E4085C362
10EB6B298E6182FFAC10B0491931DBA98AC303FFFFFFFFFFFC9FFF00000015B07142E05E4085C37A
10EB98298E9B82FFB610B0451931DAA97AC203FFFFFFFFFFFC9FFF00000015B07242E05E4085C392
10EBA4298EB082FFC110B0511931E4A97AC103FFFFFFFFFFFC9FFF00000015B07242E05E4085C3AA
10EB8C298E8D82FFC210B0361931D2A95AC012DFFFFFFFFFFC8FFF00000015B07242E05F4085C3C2
10EB84298E8282FFB910B02D1931CBA96AC003FFFFFFFFFFFCAFFF00000015B07242E05F4085C3DA
10EB5E298E4E82FFAD10B02F1931C9A96AC003FFFFFFFFFFFCBFFF00000015B07242E05F4085C3F2
10EB62298E5482FFAC10B0671931F3A96AC103FFFFFFFFFFFCAFFF00000015B07342E05F4085C30A
10EB8F298E9282FFB010B084193209A99AC103FFFFFFFFFFFCAFFF00000015B07342E0604085C322
10EBB7298EC982FFB310B0701931FAA9AAC2794FFFFFFFFFFC9FFF00000015B07342E0604085C33A
10EBAE298EC182FFB710B0681931F7A9AAC175CFFFFFFFFFFC9FFF00000015B07342E0604085C352
10EBA6298EB782FFB910B05F1931F3A97AC22DCFFFFFFFFFFC9FFF00000015B07342E0604085C36A
10EB93298E9B82FFBB10B04A1931E4A97AC2AE6FFFFFFFFFFC9FFF00000015B07442E0614085C382
10EB77298E7282FFB810B0501931E5A99AC203DFFFFFFFFFFCAFFF00000015B07442E0614085C39A
10EB6D298E6582FFB110B0661931F4A9AAC203FFFFFFFFFFFC9FFF00000015B07442E0614085B3B2
10EB86298E8A82FFA910B095193212A99AC0394FFFFFFFFFFC9FFF00000015B07442E0614085C3CA
10EBDE298F0482FFAB10B0B8193233A9AAC07FDFFFFFFFFFFCAFFF00000015B07542E0624085B3E2
10EC01298F3382FFB810B091193218A9AAC0330FFFFFFFFFFCAFFF00000015B07542E0624085B3FA
10EBC4298EE882FFBF10B05E1931F4A99AC0B7DFFFFFFFFFFCBFFF00000015B07542E0624085B312
10EBB2298ECA82FFB810B05C1931EEA9AAC06B7FFFFFFFFFFCBFFF00000015B07542E0624085B32A
10EB8D298E9082FFAF10B0611931F4A9AAC0558FFFFFFFFFFCAFFF00000015B07642E0634085C342
10EB8C298E9182FFAC10B06D1931FAA99AC003FFFFFFFFFFFCAFFF00000015B07642E0634085B35A
10EBB2298EC082FFB110B06C1931FAA99AC003FFFFFFFFFFFCAFFF00000015B07642E0634085B372
10EBB4298EC282FFB710B04F1931E8A9CAC003FFFFFFFFFFFCAFFF00000015B07642E0634085B38A
10EBA2298EB482FFB510B0561931EBA99AC003FFFFFFFFFFFC9FFF00000015B07642E0634085C3A2
10EB9A298EA682FFB510B0641931F2A97AC03D9FFFFFFFFFFC9FFF00000015B07742E0644085B3BA
10EBA2298EAD82FFB210B0711931FDA97AC0CECFFFFFFFFFFC9FFF00000015B07742E0644085B3D2
10EBB8298ECC82FFB510B074193201A9AAC2171FFFFFFFFFFCAFFF00000015B07742E0644085B3EA
10EBB5298ECB82FFB810B0681931F9A99AC203FFFFFFFFFFFC9FFF00000015B07742E0644085B302
10EBA5298EB482FFB810B05D1931F1A97AC27C7FFFFFFFFFFC9FFF00000015B07842E0654085B31A
10EB98298EA682FFB210B0571931EDA97AC3142FFFFFFFFFFC9FFF00000015B07842E0654085B332
10EB86298E8782FFAF10B05C1931EDA98AC22C1FFFFFFFFFFCAFFF00000015B07842E0654085A34A
10EB8C298E8E82FFB010B0671931F6A98AC1C8EFFFFFFFFFFCAFFF00000015B07842E0654085A362
10EB9F298EAA82FFB610B05E1931F0A99AC0178FFFFFFFFFFC9FFF00000015B07842E0664085A37A
10EB99298EA482FFBA10B0571931EBA99AC103FFFFFFFFFFFC9FFF00000015B07942E0664085B392
10EB8C298E9382FFBB10B0541931E8A99AC12BFFFFFFFFFFFC9FFF00000015B07942E0664085B3AA
10EB89298E8C82FFBA10B05B1931EFA9AAC2ABAFFFFFFFFFFC9FFF00000015B07942E066408593C2
10EB7F298E8282FFB610B0591931EDA9BAC203DFFFFFFFFFFC9FFF00000015B07942E0674085A3DA
10EB82298E8382FFB510B0541931E9A9DAC103FFFFFFFFFFFC9FFF00000015B07A42E0674085A3F2
10EB7C298E8082FFB210B0561931E9A9EAC003FFFFFFFFFFFCAFFF00000015B07A42E0674085A30A
10EB83298E8382FFAF10B05F1931F0A9AAC003FFFFFFFFFFFC9FFF00000015B07A42E0674085A322
10EB96298E9C82FFB110B05C1931EEA9BAC1393FFFFFFFFFFC9FFF00000015B07A42E0674085A33A
10EB9F298EAB82FFBC10B0391931D4A99AC1B65FFFFFFFFFFC9FFF00000015B07A42E06840859352
10EB7B298E8082FFBF10B0361931D7A98AC103DFFFFFFFFFFCAFFF00000015B07B42E0684085A36A
10EB68298E5D82FFB810B0391931D3A98AC103FFFFFFFFFFFC9FFF00000015B07B42E0684085A382
10EB53298E4382FFB510B0441931D9A97AC103FFFFFFFFFFFC9FFF00000015B07B42E0684085A39A
10EB68298E6482FFB610B0401931D8A98AC003FFFFFFFFFFFC9FFF00000015B07B42E0694085A3B2
10EB67298E5A82FFB710B0221931C4A98AC0412FFFFFFFFFFC9FFF00000015B07C42E0694085A3CA
10EB4E298E3E82FFB110B0221931C1A98AC1BD2FFFFFFFFFFC9FFF00000015B07C42E0694085A3E2
10EB43298E2D82FFB110B0211931C1A98AC17F8FFFFFFFFFFC9FFF00000015B07C42E069408593FA
10EB58298E4982FFBB10B00B1931B0A98AC0152FFFFFFFFFFC8FFF00000015B07C42E06A40859312
10EB4A298E3782FFBF10AFFB1931A7A99AC003FFFFFFFFFFFC9FFF00000015B07C42E06A4085932A
10EB10298DE782FFBE10AFE3193193A98AC103FFFFFFFFFFFCAFFF00000015B07D42E06A40859342
10EB00298DCE82FFB410AFEE193198A98AC145EFFFFFFFFFFC9FFF00000015B07D42E06A4085935A
10EB0E298DE382FFB110B00F1931AFA98AC1CBCFFFFFFFFFFC9FFF00000015B07D42E06B40859372
10EB2B298E0B82FFB610B0021931A8A98AC003DFFFFFFFFFFCBFFF00000015B07D42E06B4085A38A
10EB22298DFB82FFBA10AFE4193191A9AAC0040FFFFFFFFFFC9FFF00000015B07E42E06B408593A2
10EB07298DDC82FFBA10AFD4193187A9BAC13FFFFFFFFFFFFC9FFF00000015B07E42E06B408593BA
10EB02298DD182FFB810AFD3193184A97AC0924FFFFFFFFFFC9FFF00000015B07E42E06B408593D2
10EAFF298DCD82FFB810AFD7193187A98AC003FFFFFFFFFFFCAFFF00000015B07E42E06C408593EA
10EB0C298DDF82FFBA10AFCD19317FA99AC103FFFFFFFFFFFC9FFF00000015B07E42E06C40859302
10EB0A298DDD82FFBB10AFCD193180A98AC103FFFFFFFFFFFC9FFF00000015B07F42E06C4085931A
10EB02298DD282FFBC10AFB5193171A99AC1058FFFFFFFFFFCAFFF00000015B07F42E06C40859332
10EAF0298DBA82FFB710AFAD193169A97AC2569FFFFFFFFFFC9FFF00000015B07F42E06D4085934A
10EAE4298DA782FFB110AFC1193178A99AC3A0EFFFFFFFFFFC9FFF00000015B07F42E06D40859362
10EAEE298DB682FFB110AFE219318DA9BAC203FFFFFFFFFFFCAFFF00000015B08042E06D4085937A
10EB16298DEE82FFB810AFCC19317EA9AAC203FFFFFFFFFFFCAFFF00000015B08042E06D40859392
10EB00298DCE82FFBB10AF7C193149A9AAC303FFFFFFFFFFFC9FFF00000015B08042E06E408583AA
10EAB2298D6682FFBB10AF5819312DA99AC2043FFFFFFFFFFC9FFF00000015B08042E06E408593C2
10EA84298D2282FFB810AF7B193143A9BAC2847FFFFFFFFFFCAFFF00000015B08142E06E408593DA
10EA85298D2982FFB810AF6F193137A9DAC2A23FFFFFFFFFFCAFFF00000015B08142E06E408583F2
10EAA3298D4782FFB810AF69193131A9BAC203FFFFFFFFFFFC9FFF00000015B08142E06F4085930A
10EA98298D3982FFB210AF67193132A9BAC303FFFFFFFFFFFCAFFF00000015B08142E06F40859322
10EA8A298D2882FFB010AF59193126A9AAC203FFFFFFFFFFFCAFFF00000015B08142E06F4085933A
10EA8C298D2982FFB110AF4D19311EA9BAC2078FFFFFFFFFFC9FFF00000015B08242E06F40858352
10EA83298D1A82FFB810AF2C193104A9AAC25D8FFFFFFFFFFC9FFF00000015B08242E06F4085836A
10EA68298CFB82FFBD10AF26193102A9AAC2A57FFFFFFFFFFC9FFF00000015B08242E07040859382
10EA51298CD882FFBB10AF1C1930F8A99AC303FFFFFFFFFFFC9FFF00000015B08242E0704085839A
10EA3F298CBD82FFB510AF181930F3A99AC303FFFFFFFFFFFC9FFF00000015B08342E070408583B2
10EA36298CAF82FFAF10AF121930EFA9AAC303FFFFFFFFFFFCAFFF00000015B08342E070408583CA
10EA3B298CB982FFAD10AF0E1930EBA9BAC3041FFFFFFFFFFCAFFF00000015B08342E071408583E2
10EA35298CB182FFB110AF071930E6A9CAC4463FFFFFFFFFFCAFFF00000015B08342E071408583FA
10EA3B298CB782FFB610AEFF1930DFA9CAC4962FFFFFFFFFFC9FFF00000015B08342E07140858312
10EA34298CAC82FFBA10AEF91930DBA9AAC403FFFFFFFFFFFC9FFF00000015B08442E0714085832A
10EA2C298CA782FFBB10AEFB1930DEA9AAC3856FFFFFFFFFFCAFFF00000015B08442E07240858342
10EA2C298CA582FFB610AF041930E3A9BAC3170FFFFFFFFFFCAFFF00000015B08442E0724085835A
10EA37298CB382FFB310AF141930EFA9AAC403FFFFFFFFFFFCAFFF00000015B08442E07240858372
10EA3F298CBF82FFB110AF191930F4A99AC33C4FFFFFFFFFFC9FFF00000015B08542E0724085838A
10EA43298CC482FFB210AF0F1930EDA9BAC3911FFFFFFFFFFC9FFF00000015B08542E073408583A2
10EA40298CC082FFB510AF051930E6A99AC303FFFFFFFFFFFCAFFF00000015B08542E073408583BA
10EA31298CAC82FFB410AF031930E4A97AC303FFFFFFFFFFFCAFFF00000015B08542E073408583D2
10EA30298CAE82FFB710AEF91930DDA99AC203FFFFFFFFFFFC9FFF00000015B08642E073408583EA
10EA28298C9A82FFB610AEF31930D8A99AC303FFFFFFFFFFFC9FFF00000015B08642E07340858302
10EA20298C9182FFB310AEEB1930D3A99AC438DFFFFFFFFFFC8FFF00000015B08642E0744085831A
10EA16298C8782FFB210AEDD1930C8A98AC4BF2FFFFFFFFFFC9FFF00000015B08642E07440858332
10EA09298C7482FFB710AEBF1930B1A9BAC44E1FFFFFFFFFFC9FFF00000015B08642E0744085834A
10E9F4298C5782FFBA10AEBB1930AFA9DAC3BB2FFFFFFFFFFC9FFF00000015B08742E07440858362
10E9DE298C3C82FFB510AEAD1930A4A9BAC303DFFFFFFFFFFCAFFF00000015B08742E0754085837A
10E9CA298C1E82FFB410AEB31930A6A9BAC303FFFFFFFFFFFCAFFF00000015B08742E07540858392
10E9E4298C3F82FFB310AEC61930B4A9BAC303FFFFFFFFFFFCAFFF00000015B08742E075408573AA
10E9F2298C5582FFB410AED61930BFA9AAC303FFFFFFFFFFFC9FFF00000015B08842E075408583C2
10EA09298C7882FFB210AEE11930C8A9CAC3295FFFFFFFFFFC9FFF00000015B08842E075408573DA
10EA1E298C9082FFB410AEEB1930CEA9CAC2AE4FFFFFFFFFFC9FFF00000015B08842E076408573F2
10EA22298C9A82FFB810AEE81930CFA9AAC203DFFFFFFFFFFC9FFF00000015B08842E0764085830A
10EA18298C8B82FFB710AEE91930D0A98AC203FFFFFFFFFFFCAFFF00000015B08842E07640857322
10EA19298C8C82FFB410AEED1930D2A99AC303FFFFFFFFFFFCAFFF00000015B08942E0764085733A
10EA19298C8B82FFB610AEE41930CCA99AC303FFFFFFFFFFFC8FFF00000015B08942E07740857352
10EA00298C6C82FFB510AEDB1930C5A9AAC203FFFFFFFFFFFC9FFF00000015B08942E0774085736A
10E9FD298C6382FFB110AEE31930CCA9BAC1191FFFFFFFFFFCAFFF00000015B08942E07740857382
10EA0D298C7A82FFAF10AEF11930D2A9AAC17A6FFFFFFFFFFC9FFF00000015B08A42E0774085739A
10EA28298C9E82FFB210AEFA1930DBA99AC2166FFFFFFFFFFC9FFF00000015B08A42E078408573B2
10EA39298CB882FFB910AEF71930DAA99AC303FFFFFFFFFFFCAFFF00000015B08A42E078408573CA
10EA33298CAD82FFBB10AEF21930D7A9AAC373BFFFFFFFFFFCAFFF00000015B08A42E078408563E2
10EA28298CA082FFB810AEFB1930DCA9AAC2158FFFFFFFFFFC9FFF00000015B08B42E078408573FA
10EA28298CA082FFB210AF041930E2A99AC203FFFFFFFFFFFC9FFF00000015B08B42E07940857312
10EA3A298CB882FFAB10AF181930EFA9AAC303FFFFFFFFFFFCAFFF00000015B08B42E0794085732A
10EA5A298CE782FFAF10AF33193106A9AAC303FFFFFFFFFFFC9FFF00000015B08B42E07940857342
10EA62298CF182FFB510AF1C1930F7A9AAC303FFFFFFFFFFFC9FFF00000015B08B42E0794085635A
10EA50298CDA82FFB710AF101930F1A99AC203FFFFFFFFFFFC9FFF00000015B08C42E07940857372
10EA3A298CBC82FFBA10AEFA1930DDA98AC203FFFFFFFFFFFCAFFF00000015B08C42E07A4085638A
10EA24298C9B82FFB810AEF01930D8A99AC303FFFFFFFFFFFCAFFF00000015B08C42E07A408563A2
10EA05298C6E82FFB610AEEC1930D3A9AAC303FFFFFFFFFFFCAFFF00000015B08C42E07A408563BA
10E9FC298C6482FFB010AEED1930D3A99AC436DFFFFFFFFFFCAFFF00000015B08D42E07A408573D2
10EA1B298C8E82FFAE10AF0A1930E5A97AC303FFFFFFFFFFFC9FFF00000015B08D42E07B408563EA
10EA44298CC982FFB210AF31193104A97AC17CDFFFFFFFFFFC9FFF00000015B08D42E07B40856302
10EA68298CFA82FFB510AF3A19310AA99AC1173FFFFFFFFFFCAFFF00000015B08D42E07B4085631A
10EA78298D1282FFB810AF3619310AA99AC1A50FFFFFFFFFFCAFFF00000015B08D42E07B40856332
10EA6F298D0482FFB610AF241930FEA99AC103CFFFFFFFFFFCAFFF00000015B08E42E07C4085634A
10EA41298CC782FFB410AF111930F1A99AC203FFFFFFFFFFFC9FFF00000015B08E42E07C40856362
10EA34298CB482FFB310AF0E1930EEA98AC303FFFFFFFFFFFC9FFF00000015B08E42E07C4085637A
10EA2F298CAE82FFB510AF001930E5A99AC303FFFFFFFFFFFC9FFF00000015B08E42E07C40856392
10EA32298CB182FFB510AF0E1930ECA98AC315FFFFFFFFFFFC9FFF00000015B08F42E07C408563AA
10EA42298CC982FFB510AF201930F9A98AC2141FFFFFFFFFFC9FFF00000015B08F42E07D408563C2
10EA63298CF282FFB010AF2F193104A99AC103FFFFFFFFFFFC9FFF00000015B08F42E07D408553DA
10EA7D298D1482FFAF10AF3819310CA99AC203FFFFFFFFFFFCAFFF00000015B08F42E07D408553F2
10EA85298D2382FFB510AF3819310CA99AC3307FFFFFFFFFFCAFFF00000015B09042E07D4085530A
10EA78298D0D82FFB910AF3319310AA9BAC36BFFFFFFFFFFFCAFFF00000015B09042E07E40855322
10EA6D298D0082FFB710AF3519310AA9AAC203FFFFFFFFFFFCAFFF00000015B09042E07E4085533A
10EA6B298CFC82FFAF10AF3C193110A9BAC203FFFFFFFFFFFC9FFF00000015B09042E07E40855352
10EA6E298D0482FFAF10AF4F19311AA9CAC2808FFFFFFFFFFC8FFF00000015B09042E07E4085636A
10EA79298D1682FFB210AF56193122A9DAC4183FFFFFFFFFFC9FFF00000015B09142E07F40855382
10EAA4298D4A82FFB910AF59193126A9BAC403FFFFFFFFFFFC9FFF00000015B09142E07F4085539A
10EA9C298D4382FFB910AF5F19312AA99AC403FFFFFFFFFFFC9FFF00000015B09142E07F408563B2
10EAA1298D4782FFB410AF6419312EA9AAC203FFFFFFFFFFFCAFFF00000015B09142E07F408553CA
10EA89298D2582FFAF10AF5C193128A9BAC103FFFFFFFFFFFCBFFF00000015B09242E080408553E2
10EA89298D2682FFAD10AF6B193133A9AAC15BEFFFFFFFFFFC9FFF00000015B09242E080408553FA
10EAA1298D4482FFB610AF7919313DA9AAC2130FFFFFFFFFFC9FFF00000015B09242E08040855312
10EAA9298D5382FFB910AF71193138A9AAC203FFFFFFFFFFFCAFFF00000015B09242E0804085532A
10EAA7298D5282FFB510AF7F193142A98AC103FFFFFFFFFFFCAFFF00000015B09342E08040855342
10EAB8298D6B82FFB010AF86193147A97AC103FFFFFFFFFFFCBFFF00000015B09342E0814085535A
10EACD298D7F82FFAD10AF9419314EA97AC203FFFFFFFFFFFCBFFF00000015B09342E08140855372
10EAE1298D9F82FFB710AF99193154A97AC003FFFFFFFFFFFCAFFF00000015B09342E0814085538A
10EAD3298D8D82FFBB10AF8B19314EA96AC003FFFFFFFFFFFCAFFF00000015B09342E081408543A2
10EACD298D8B82FFB710AF92193153A97AC203FFFFFFFFFFFC9FFF00000015B09442E082408553BA
10EAD1298D8982FFAE10AFA419315EA98AC190EFFFFFFFFFFC9FFF00000015B09442E082408553D2
10EAEA298DAB82FFA610AFBD19316EA9BAC2487FFFFFFFFFFCAFFF00000015B09442E082408553EA
10EB0D298DDA82FFAA10AFDE193187A9AAC303FFFFFFFFFFFCAFFF00000015B09442E08240855302
10EB14298DE282FFB410AFD7193184A99AC203FFFFFFFFFFFCAFFF00000015B09542E0834085531A
10EB01298DCD82FFBB10AFC3193176A98AC203FFFFFFFFFFFCAFFF00000015B09542E08340855332
10EAF0298DB982FFB610AFC4193177A97AC1C0AFFFFFFFFFFC9FFF00000015B09542E0834085534A
10EAF0298DB882FFAC10AFD419317FA97AC11B4FFFFFFFFFFC9FFF00000015B09542E08340855362
10EAFE298DCC82FFAA10AFE219318AA98AC203FFFFFFFFFFFC9FFF00000015B09542E0844085537A
10EB1F298DF182FFAC10AFDF19318AA98AC303FFFFFFFFFFFC9FFF00000015B09642E08440854392
10EB1E298DF282FFAE10AFD3193183A97AC1042FFFFFFFFFFC9FFF00000015B09642E084408553AA
10EB17298DEF82FFAC10AFDD19318AA98AC1840FFFFFFFFFFCAFFF00000015B09642E084408543C2
10EB1B298DF482FFAE10AFE8193191A97AC1196FFFFFFFFFFCAFFF00000015B09642E085408553DA
10EB38298E1682FFB610AFE9193193A99AC103FFFFFFFFFFFC9FFF00000015B09742E085408553F2
10EB2F298E0C82FFB610AFEC193194A99AC2582FFFFFFFFFFC9FFF00000015B09742E0854085430A
10EB2B298E0682FFAF10AFF819319DA9AAC312EFFFFFFFFFFC9FFF00000015B09742E08540854322
10EB31298E1182FFAA10B00E1931AEA99AC203FFFFFFFFFFFCAFFF00000015B09742E0864085433A
10EB5B298E4782FFA810B02A1931C2A98AC203FFFFFFFFFFFCAFFF00000015B09842E08640854352
10EB66298E5782FFA810B0391931CEA98AC203FFFFFFFFFFFC9FFF00000015B09842E0864085436A
10EB7F298E7A82FFAC10B0371931CBA98AC203FFFFFFFFFFFC9FFF00000015B09842E08640854382
10EB7E298E7A82FFB110B0361931CDA9AAC103FFFFFFFFFFFC9FFF00000015B09842E0864085439A
10EB72298E6982FFB510B0321931CBA9AAC10BBFFFFFFFFFFC9FFF00000015B09842E087408543B2
10EB70298E6482FFB210B0371931D0A99AC203FFFFFFFFFFFCAFFF00000015B09942E087408543CA
10EB6F298E6582FFAD10B04A1931D9A9AAC303FFFFFFFFFFFC9FFF00000015B09942E087408543E2
10EB7E298E7A82FFA810B05B1931E8A99AC103FFFFFFFFFFFC9FFF00000015B09942E087408543FA
10EB8F298E9682FFA710B0621931EFA97AC15AFFFFFFFFFFFC9FFF00000015B09942E08840854312
10EB9D298EA682FFA910B0631931F0A97AC1139FFFFFFFFFFC8FFF00000015B09A42E0884085432A
10EB9B298EA282FFAD10B0521931E6A97AC103FFFFFFFFFFFC8FFF00000015B09A42E08840854342
10EB95298E9A82FFAF10B0581931EBA97AC103FFFFFFFFFFFC9FFF00000015B09A42E0884085435A
10EB8F298E9582FFAF10B0521931E5A99AC103FFFFFFFFFFFC9FFF00000015B09A42E08940854372
10EB8A298E8B82FFAD10B05A1931ECA99AC203FFFFFFFFFFFC9FFF00000015B09B42E0894085438A
10EB8B298E8982FFAC10B0641931F3A98AC195BFFFFFFFFFFC9FFF00000015B09B42E089408543A2
10EB92298E9E82FFA810B06B1931F7A9AAC21C8FFFFFFFFFFCAFFF00000015B09B42E089408543BA
10EBB2298EC282FFAC10B07F193206A99AC103FFFFFFFFFFFC9FFF00000015B09B42E08A408543D2
10EBAF298EBF82FFAD10B0701931FCA97AC103FFFFFFFFFFFC8FFF00000015B09B42E08A408543EA
10EBA2298EB182FFAA10B06A1931F8A99AC0302FFFFFFFFFFCAFFF00000015B09C42E08A40854302
10EB96298E9C82FFA710B06E1931FAA9AAC003FFFFFFFFFFFC9FFF00000015B09C42E08A4085431A
10EBB7298EC782FFA710B077193201A99AC003FFFFFFFFFFFC9FFF00000015B09C42E08B40854332
10EBC3298EDA82FFAD10B0711931FDA96AC103FFFFFFFFFFFC9FFF00000015B09C42E08B4085434A
10EBBA298ECF82FFAF10B07A193206A96AC1A0EFFFFFFFFFFC9FFF00000015B09D42E08B40853362
10EBB8298ECF82FFAD10B08B193211A96AC103CFFFFFFFFFFC9FFF00000015B09D42E08B4085337A
10EBC8298EE982FFA810B09C19321DA96AC203FFFFFFFFFFFC9FFF00000015B09D42E08C40853392
10EBE1298F0382FFA610B0B019322BA97AC203FFFFFFFFFFFC9FFF00000015B09D42E08C408533AA
10EBEF298F1A82FFA610B0BB193234A96AC203FFFFFFFFFFFCAFFF00000015B09E42E08C408533C2
10EBF5298F2382FFA710B0B8193234A97AC207CFFFFFFFFFFC9FFF00000015B09E42E08C408543DA
10EBEB298F1682FFA410B0B7193234A98AC207DFFFFFFFFFFC9FFF00000015B09E42E08C408533F2
10EBFD298F2F82FFA510B0DE19324FA99AC2958FFFFFFFFFFCAFFF00000015B09E42E08D4085330A
10EC0F298F4B82FFA910B0D719324DA99AC11D0FFFFFFFFFFCAFFF00000015B09E42E08D40853322
10EC13298F4C82FFAC10B0D0193248A9BAC0230FFFFFFFFFFC9FFF00000015B09F42E08D4085333A
10EC10298F4882FFAA10B0D519324CA9AAC159DFFFFFFFFFFC9FFF00000015B09F42E08D40853352
10EC14298F5282FFA510B0E4193255A99AC103FFFFFFFFFFFCAFFF00000015B09F42E08E4085336A
10EC23298F6282FFA410B0F6193263A99AC103FFFFFFFFFFFCAFFF00000015B09F42E08E40852382
10EC2F298F7582FFA010B10519326FA96AC003FFFFFFFFFFFC9FFF00000015B0A042E08E4085339A
10EC50298FA282FFA210B126193289A97AC003FFFFFFFFFFFC9FFF00000015B0A042E08E408533B2
10EC67298FC182FFA510B11419327EA96AC003FFFFFFFFFFFC9FFF00000015B0A042E08F408533CA
10EC53298FAA82FFAA10B109193274A97AC004BFFFFFFFFFFC9FFF00000015B0A042E08F408533E2
10EC3C298F8982FFA910B11419327CA97AC004CFFFFFFFFFFCAFFF00000015B0A142E08F408533FA
10EC4D298FA182FFA110B122193287A98AC003FFFFFFFFFFFCAFFF00000015B0A142E08F40853312
10EC64298FBB82FF9E10B14E1932A8A99AC003FFFFFFFFFFFCAFFF00000015B0A142E0904085332A
10EC80298FEB82FFA110B14D1932A8A99AC01E2FFFFFFFFFFCAFFF00000015B0A142E09040852342
10EC79298FE182FFA910B137193299A98AC0514FFFFFFFFFFC9FFF00000015B0A142E0904085335A
10EC75298FDC82FFA510B1431932A1A98AC003FFFFFFFFFFFC9FFF00000015B0A242E09040853372
10EC76298FDD82FFA210B15F1932B5A99AC103FFFFFFFFFFFCAFFF00000015B0A242E0914085338A
10EC9329900482FF9F10B16A1932BDA99AC003FFFFFFFFFFFC9FFF00000015B0A242E091408523A2
10ECB429903382FFA310B17A1932CCA98AC003FFFFFFFFFFFC9FFF00000015B0A242E091408513BA
10ECBA29903D82FFA310B16A1932C2A99AC003FFFFFFFFFFFCAFFF00000015B0A342E091408523D2
10ECB129903082FF9F10B1751932CAA99AC103FFFFFFFFFFFC9FFF00000015B0A342E092408523EA
10ECAE29902982FF9E10B16C1932C3A99AC103FFFFFFFFFFFC9FFF00000015B0A342E09240852302
10ECB429903582FFA110B1711932C6A98AC103FFFFFFFFFFFCAFFF00000015B0A342E0924085231A
10ECB229903082FFA610B1611932BCA9AAC0260FFFFFFFFFFCAFFF00000015B0A342E09240851332
10EC8F29900482FFA410B1571932B4A98AC00AFFFFFFFFFFFCAFFF00000015B0A442E0934085234A
10EC73298FDB82FFA010B15A1932B5A98AC003FFFFFFFFFFFCAFFF00000015B0A442E09340852362
10EC84298FF282FF9B10B1721932C6A9AAC003FFFFFFFFFFFC9FFF00000015B0A442E0934085237A
10ECB229903682FF9D10B1AB1932EFA96AC04E1FFFFFFFFFFC7FFF00000015B0A442E09340851392
10ECEF29908682FF9D10B18C1932DEA97ABE3EEFFFFFFFFFFCAFFF00000015B0A542E093408513AA
10ECD929906782FFA010B17A1932D1A96ABF03FFFFFFFFFFFCAFFF00000015B0A542E094408513C2
10ECB829903982FFA210B17C1932D3A97AC003FFFFFFFFFFFC9FFF00000015B0A542E094408523DA
10ECAF29902A82FFA310B17B1932CFA96ABF03FFFFFFFFFFFC9FFF00000015B0A542E094408513F2
10ECA229901F82FFA210B1821932D3A96ABF03FFFFFFFFFFFC9FFF00000015B0A642E0944085130A
10ECBD29904482FF9F10B1871932D8A95AC0056FFFFFFFFFFC9FFF00000015B0A642E09540852322
10ECC129904C82FF9E10B18C1932DBA96AC003FFFFFFFFFFFC9FFF00000015B0A642E0954085133A
10ECBB29904182FF9D10B1871932D9A97AC003FFFFFFFFFFFCAFFF00000015B0A642E09540851352
10ECC029904382FF9A10B17D1932D3A99AC003FFFFFFFFFFFCAFFF00000015B0A642E0954085136A
10ECBB29904082FF9C10B17C1932D0A99AC0448FFFFFFFFFFCAFFF00000015B0A742E09640851382
10ECC529904B82FFA410B17B1932CEA98AC003DFFFFFFFFFFC9FFF00000015B0A742E0964085139A
10ECB329903682FFAE10B15F1932B9A96AC103FFFFFFFFFFFC8FFF00000015B0A742E096408513B2
10EC9E29901882FFA910B1551932B5A97AC103FFFFFFFFFFFC9FFF00000015B0A742E096408513CA
10EC9729900F82FF9910B1601932BAA98AC103FFFFFFFFFFFCAFFF00000015B0A842E097408513E2
10EC9329900882FF9510B18B1932DAA98AC103FFFFFFFFFFFCAFFF00000015B0A842E097408513FA
10ECB929903A82FF9910B1AF1932F5A95AC003FFFFFFFFFFFC9FFF00000015B0A842E09740851312
10ECE129907782FFA210B1991932E9A96ABF03FFFFFFFFFFFC9FFF00000015B0A842E0974085132A
10ECCD29905D82FFA610B1791932D1A96ABF03FFFFFFFFFFFCAFFF00000015B0A842E09840851342
10ECAA29902782FFA910B1671932C5A97ABF098FFFFFFFFFFCAFFF00000015B0A942E0984085135A
10ECA829902782FFA910B16C1932C4A98ABF1DAFFFFFFFFFFC9FFF00000015B0A942E09840851372
10ECAE29903082FFA310B1971932E4A97AC003FFFFFFFFFFFC9FFF00000015B0A942E0984085138A
10ECC829904F82FF9C10B1BC193300A97AC003FFFFFFFFFFFC9FFF00000015B0A942E099408513A2
10ECED29908B82FF9810B1E719331EA98AC0929FFFFFFFFFFC9FFF00000015B0AA42E099408513BA
10ED332990E782FF9E10B1EE19332AA98AC16AEFFFFFFFFFFC9FFF00000015B0AA42E099408513D2
10ED2A2990DD82FFA210B1CC193312A9AAC103FFFFFFFFFFFCAFFF00000015B0AA42E099408513EA
10ED042990AE82FFA510B1991932F2A98AC003FFFFFFFFFFFCAFFF00000015B0AA42E09A40851302
10ECD529906982FFA810B1811932D6A9AABF03FFFFFFFFFFFC9FFF00000015B0AA42E09A4085131A
10ECC329904C82FFA610B18E1932E1A99ABF03FFFFFFFFFFFC9FFF00000015B0AB42E09A40851332
10ECC829905582FFA010B1A61932F2A97AC003FFFFFFFFFFFCAFFF00000015B0AB42E09A4085134A
10ECE229907D82FF9910B1B51932FCA96AC003FFFFFFFFFFFCAFFF00000015B0AB42E09B40850362
10ECF629909482FF9D10B1C1193306A96AC003FFFFFFFFFFFCAFFF00000015B0AB42E09B4085037A
10ECF929909582FF9E10B1BA193300A95AC003FFFFFFFFFFFC9FFF00000015B0AC42E09B40851392
10ED022990A982FF9F10B1CB19330CA96AC003FFFFFFFFFFFC9FFF00000015B0AC42E09B408513AA
10ED112990B882FF9F10B1CB19330DA97ABF03FFFFFFFFFFFCAFFF00000015B0AC42E09B408513C2
10ED112990B982FFA210B1DF19331CA99AC048DFFFFFFFFFFCAFFF00000015B0AC42E09C408513DA
10ED232990D382FFA810B1D3193315A9AAC003FFFFFFFFFFFCAFFF00000015B0AD42E09C408503F2
10ED212990D582FFA510B1E3193321A9AAC003FFFFFFFFFFFC8FFF00000015B0AD42E09C4085030A
10ED262990D982FF9E10B1F8193330A99ABF03FFFFFFFFFFFC8FFF00000015B0AD42E09C40851322
10ED4629910482FF9410B21D193349A98ABE03FFFFFFFFFFFC9FFF00000015B0AD42E09D4085033A
10ED5229911882FF9210B227193353A96ABF03FFFFFFFFFFFC9FFF00000015B0AE42E09D40850352
10ED5729912082FF9810B221193351A97AC003FFFFFFFFFFFCAFFF00000015B0AE42E09D4085036A
10ED5C29912882FFA510B20E193345A95AC003FFFFFFFFFFFCBFFF00000015B0AE42E09D40850382
10ED4629910882FFAD10B1EA19332AA95AC004FFFFFFFFFFFCAFFF00000015B0AE42E09E4085039A
10ED3C2990FA82FFAB10B200193339A97AC003FFFFFFFFFFFC9FFF00000015B0AE42E09E408503B2
10ED5329911982FF9D10B209193341A97AC103FFFFFFFFFFFCAFFF00000015B0AF42E09E408503CA
10ED5C29912582FF9110B21619334AA97AC103FFFFFFFFFFFCBFFF00000015B0AF42E09E408503E2
10ED6029912782FF9110B21C19334EA96AC0564FFFFFFFFFFCAFFF00000015B0AF42E09F408503FA
10ED6229912D82FF9810B216193349A97ABF14EFFFFFFFFFFCBFFF00000015B0AF42E09F40850312
10ED6729913682FF9D10B21D19334FA99ABF03FFFFFFFFFFFC9FFF00000015B0B042E09F4085032A
10ED6429912E82FFA310B1E0193323A98ABF03FFFFFFFFFFFC9FFF00000015B0B042E09F40850342
10ED242990D882FFA510B1E6193325A96ABE03FFFFFFFFFFFC9FFF00000015B0B042E0A04085035A
10ED172990C582FFA210B1E6193324A97ABF03FFFFFFFFFFFCAFFF00000015B0B042E0A040850372
10ED202990D082FF9D10B1EA193327A99AC003FFFFFFFFFFFCAFFF00000015B0B142E0A04085038A
10ED2A2990D782FF9410B1F119332BA98ABF03FFFFFFFFFFFCAFFF00000015B0B142E0A0408503A2
10ED252990D682FF8F10B1EB193327A9AABF03FFFFFFFFFFFCAFFF00000015B0B142E0A1408503BA
10ED212990CC82FF8F10B1E219331FA98AC003FFFFFFFFFFFCAFFF00000015B0B142E0A1408503D2
10ED242990D282FF9910B1E119331DA97AC0374FFFFFFFFFFCAFFF00000015B0B142E0A1408503EA
10ED252990D282FFA110B1E7193321A97AC103FFFFFFFFFFFCAFFF00000015B0B242E0A140850302
10ED302990E682FFA310B1F8193330A96AC203FFFFFFFFFFFCAFFF00000015B0B242E0A24085031A
10ED352990ED82FF9E10B1FB193332A96AC103FFFFFFFFFFFC9FFF00000015B0B242E0A240850332
10ED4929910782FF9310B212193343A96AC0A1EFFFFFFFFFFC9FFF00000015B0B242E0A24085034A
10ED5D29912782FF8C10B22119334FA9AABF03BFFFFFFFFFFC9FFF00000015B0B342E0A24084F362
10ED7029913E82FF8C10B22E19335AA97AC003FFFFFFFFFFFC9FFF00000015B0B342E0A34085037A
10ED7929915382FF9210B22D19335BA95AC003FFFFFFFFFFFC9FFF00000015B0B342E0A340850392
10ED7429914582FF9A10B22E19335DA96AC103FFFFFFFFFFFC9FFF00000015B0B342E0A34084F3AA
10ED7F29915D82FF9D10B236193364A96AC003FFFFFFFFFFFC9FFF00000015B0B342E0A34084F3C2
10ED7B29915382FF9910B23A193366A99AC103FFFFFFFFFFFC9FFF00000015B0B442E0A44084F3DA
10ED8429915E82FF9210B24E193373A98AC003FFFFFFFFFFFCAFFF00000015B0B442E0A44084F3F2
10ED9A29918182FF8B10B251193376A95AC003FFFFFFFFFFFCAFFF00000015B0B442E0A44084F30A
10ED9929917B82FF8F10B23A193366A96AC01BCFFFFFFFFFFCAFFF00000015B0B442E0A440850322
10ED8429915E82FF9610B23B193367A97AC051EFFFFFFFFFFC9FFF00000015B0B542E0A54084F33A
10ED8629916182FF9B10B24019336AA97AC103FFFFFFFFFFFCAFFF00000015B0B542E0A54084F352
10ED8629916582FF9810B248193370A97AC003FFFFFFFFFFFC9FFF00000015B0B542E0A54084F36A
10ED9629917682FF8F10B25719337BA96AC003FFFFFFFFFFFC9FFF00000015B0B542E0A54084F382
10EDA929918E82FF8A10B269193387A97ABF03FFFFFFFFFFFCAFFF00000015B0B642E0A64084F39A
10EDAE29919C82FF8D10B265193386A98AC003FFFFFFFFFFFC9FFF00000015B0B642E0A64084F3B2
10EDB129919E82FF9610B26A19338BA98AC003FFFFFFFFFFFCAFFF00000015B0B642E0A64084F3CA
10EDAA29919582FF9810B264193387A96ABF03FFFFFFFFFFFCAFFF00000015B0B642E0A64084F3E2
10EDA529918A82FF9410B26A19338BA96ABF03FFFFFFFFFFFCAFFF00000015B0B742E0A74084F3FA
10EDAF29919B82FF8D10B26919338AA97ABE392FFFFFFFFFFCAFFF00000015B0B742E0A74084F312
10EDB42991A182FF8D10B262193385A97ABF100FFFFFFFFFFCAFFF00000015B0B742E0A74084F32A
10EDB029919F82FF9010B26B19338BA97ABE03FFFFFFFFFFFC9FFF00000015B0B742E0A74084F342
10EDC12991B382FF9410B2861933A0A96AC003FFFFFFFFFFFCAFFF00000015B0B742E0A84084E35A
10EDD82991D682FF9110B2901933A6A94AC05B8FFFFFFFFFFCAFFF00000015B0B842E0A84084E372
10EDE22991E382FF8E10B29A1933AFA93ABF4B1FFFFFFFFFFC9FFF00000015B0B842E0A84084F38A
10EDE52991E782FF8E10B29D1933B1A92ABF03FFFFFFFFFFFC9FFF00000015B0B842E0A84084F3A2
10EDE62991E882FF9210B29B1933B0A93ABF03FFFFFFFFFFFCAFFF00000015B0B842E0A94084F3BA
10EDE62991ED82FF9710B28D1933A5A96ABF03FFFFFFFFFFFCBFFF00000015B0B942E0A94084F3D2
10EDDD2991DD82FF9810B28E1933AAA95AC003FFFFFFFFFFFCAFFF00000015B0B942E0A94084E3EA
10EDD42991CF82FF8C10B2891933A7A96ABE163FFFFFFFFFFCAFFF00000015B0B942E0A94084E302
10EDD12991CD82FF8010B29D1933B1A98ABE03FFFFFFFFFFFCAFFF00000015B0B942E0AA4084E31A
10EDE82991EB82FF7F10B2B01933C1A95ABE03FFFFFFFFFFFCAFFF00000015B0BA42E0AA4084E332
10EDF42991FD82FF8C10B2A61933BBA95ABE03FFFFFFFFFFFCAFFF00000015B0BA42E0AA4084E34A
10EDD02991CA82FF9F10B2821933A2A96ABE7C2FFFFFFFFFFC9FFF00000015B0BA42E0AA4084F362
10EDC92991C882FFA110B28F1933ABA96ABF03BFFFFFFFFFFC9FFF00000015B0BA42E0AB4084E37A
10EDE52991E882FF9410B2981933B1A98ABE03FFFFFFFFFFFC9FFF00000015B0BA42E0AB4084E392
10EDEC2991F382FF8310B2B01933C1A98ABE03FFFFFFFFFFFC9FFF00000015B0BB42E0AB4084E3AA
10EE0529921382FF7B10B2D31933DAA9AABE03FFFFFFFFFFFC9FFF00000015B0BB42E0AB4084F3C2
10EE2529924582FF8010B2ED1933F2A9BABF03FFFFFFFFFFFC9FFF00000015B0BB42E0AC4084D3DA
10EE3429925A82FF8C10B2DF1933E6A98AC003FFFFFFFFFFFC9FFF00000015B0BB42E0AC4084E3F2
10EE2629924782FF9710B2B41933CAA97AC015DFFFFFFFFFFC8FFF00000015B0BC42E0AC4084E30A
10EDFE29921382FF9810B2BA1933CFA98ABE03FFFFFFFFFFFC8FFF00000015B0BC42E0AC4084D322
10EDF729920682FF9310B2B71933C8A94ABE03FFFFFFFFFFFC9FFF00000015B0BC42E0AD4084D33A
10EDED2991F382FF8910B2B31933C6A93ABF03FFFFFFFFFFFC9FFF00000015B0BC42E0AD4084D352
10EDF12991FB82FF8210B2B71933C7A94ABF7EEFFFFFFFFFFCAFFF00000015B0BD42E0AD4084D36A
10EDFF29920D82FF8010B2BD1933CDA95ABF03BFFFFFFFFFFCAFFF00000015B0BD42E0AD4084D382
10EE0829921982FF8610B2CA1933D6A94ABE03FFFFFFFFFFFC9FFF00000015B0BD42E0AE4084E39A
10EE0E29922682FF8E10B2ED1933EFA94ABE03FFFFFFFFFFFCAFFF00000015B0BD42E0AE4084D3B2
10EE3429925E82FF9210B2F71933FCA95ABF03FFFFFFFFFFFCAFFF00000015B0BD42E0AE4084D3CA
10EE4229927082FF9310B30E19340CA96ABF03FFFFFFFFFFFC9FFF00000015B0BE42E0AE4084D3E2
10EE5529928A82FF8F10B315193413A95ABE03FFFFFFFFFFFC9FFF00000015B0BE42E0AF4084D3FA
10EE6A2992AA82FF8910B317193415A96ABE03FFFFFFFFFFFC9FFF00000015B0BE42E0AF4084D312
10EE4A29927B82FF8410B30B19340BA95ABE03FFFFFFFFFFFCAFFF00000015B0BE42E0AF4084D32A
10EE4629927482FF8110B31E193418A96ABE105FFFFFFFFFFCAFFF00000015B0BF42E0AF4084D342
10EE6129929B82FF8510B32219341CA97ABE37BFFFFFFFFFFC9FFF00000015B0BF42E0B04084D35A
10EE752992B982FF8B10B32119341BA96ABE03FFFFFFFFFFFC9FFF00000015B0BF42E0B04084D372
10EE7E2992C282FF9410B329193424A96AC003FFFFFFFFFFFCAFFF00000015B0BF42E0B04084D38A
10EE782992C182FF9810B32B193426A97ABF046FFFFFFFFFFCAFFF00000015B0C042E0B04084D3A2
10EE742992B982FF8E10B32D193428A97ABFA47FFFFFFFFFFC9FFF00000015B0C042E0B14084D3BA
10EE6B2992A982FF7F10B32B193423A95ABF03FFFFFFFFFFFC9FFF00000015B0C042E0B14084D3D2
10EE6B2992AA82FF7A10B343193435A95ABE03FFFFFFFFFFFC9FFF00000015B0C042E0B14084D3EA
10EE842992CC82FF8110B35B193448A96ABE03FFFFFFFFFFFC9FFF00000015B0C042E0B14084D302
10EEAD29930782FF8C10B36D193458A93ABF03FFFFFFFFFFFC9FFF00000015B0C142E0B24084D31A
10EEB329931582FF9310B365193453A95AC003FFFFFFFFFFFC9FFF00000015B0C142E0B24084C332
10EEB529931582FF9410B36D193458A96AC003FFFFFFFFFFFC9FFF00000015B0C142E0B24084D34A
10EEC529932D82FF9110B37119345DA95ABF03FFFFFFFFFFFCAFFF00000015B0C142E0B24084D362
10EEC229932882FF8710B38619346CA94ABF19BFFFFFFFFFFC9FFF00000015B0C242E0B34084D37A
10EEBA29931C82FF8310B36E19345AA95ABE6B4FFFFFFFFFFC8FFF00000015B0C242E0B34084D392
10EEB229931182FF8410B38A193470A96ABD03FFFFFFFFFFFCAFFF00000015B0C242E0B34084D3AA
10EED029933882FF8910B38619346EA96ABD03FFFFFFFFFFFCAFFF00000015B0C242E0B34084D3C2
10EEDA29934A82FF8810B38719346DA95ABE03FFFFFFFFFFFC9FFF00000015B0C242E0B44084C3DA
10EED029933C82FF8A10B37B193465A95ABF03FFFFFFFFFFFCAFFF00000015B0C342E0B44084D3F2
10EEBB29931F82FF9110B369193456A94AC02D0FFFFFFFFFFC9FFF00000015B0C342E0B44084D30A
10EEAC29930482FF9410B369193457A96AC08A6FFFFFFFFFFC9FFF00000015B0C342E0B44084D322
10EEA52992FB82FF8D10B37119345CA96ABF03FFFFFFFFFFFCAFFF00000015B0C342E0B54084D33A
10EECD29933382FF8110B384193469A94ABF03FFFFFFFFFFFCAFFF00000015B0C442E0B54084D352
10EECF29933882FF7B10B38D193472A94ABF03FFFFFFFFFFFCAFFF00000015B0C442E0B54084C36A
10EEC929932B82FF7D10B38E193471A93ABE062FFFFFFFFFFCAFFF00000015B0C442E0B54084D382
10EED729934082FF8A10B397193479A93ABE539FFFFFFFFFFC9FFF00000015B0C442E0B64084C39A
10EEDE29935082FF9410B392193476A95ABFAA7FFFFFFFFFFCAFFF00000015B0C442E0B64084C3B2
10EEDD29935082FF9710B397193479A97ABF03FFFFFFFFFFFCBFFF00000015B0C542E0B64084D3CA
10EEE229935782FF9010B39D19347FA96AC004CFFFFFFFFFFCBFFF00000015B0C542E0B64084D3E2
10EEE829935C82FF7F10B3A3193482A97ABF74EFFFFFFFFFFCCFFF00000015B0C542E0B74084C3FA
10EEF029936782FF7810B3AE193489A97ABF7E9FFFFFFFFFFC9FFF00000015B0C542E0B74084C312
10EEF229936982FF7A10B3B019348DA97ABF03FFFFFFFFFFFCAFFF00000015B0C642E0B74084C32A
10EEF829937482FF8710B3AC19348AA97ABE044FFFFFFFFFFC9FFF00000015B0C642E0B74084C342
10EEF629937582FF9210B3AD19348CA98ABE95DFFFFFFFFFFC9FFF00000015B0C642E0B74084D35A
10EEF529937382FF9110B3A8193487A98ABF4CCFFFFFFFFFFCAFFF00000015B0C642E0B84084C372
10EEF129936882FF8C10B3A1193483A98ABD03FFFFFFFFFFFCAFFF00000015B0C642E0B84084C38A
10EEE229935682FF8110B3AB193488A98ABD03FFFFFFFFFFFCAFFF00000015B0C742E0B84084C3A2
10EEF229936A82FF7C10B3AE19348BA99ABD03FFFFFFFFFFFCAFFF00000015B0C742E0B94084C3BA
10EEFA29937482FF7C10B3B8193491A97ABE1F4FFFFFFFFFFC9FFF00000015B0C742E0B94084D3D2
10EF0A29938882FF8210B3C619349DA97ABF783FFFFFFFFFFC9FFF00000015B0C742E0B94084C3EA
10EF1529939882FF8510B3C719349EA96ABF03FFFFFFFFFFFCAFFF00000015B0C842E0B94084C302
10EF1B2993A782FF8910B3D41934A8A95AC003FFFFFFFFFFFCAFFF00000015B0C842E0B94084C31A
10EF292993BB82FF8910B3E41934B4A95ABF03FFFFFFFFFFFCAFFF00000015B0C842E0BA4084C332
10EF3A2993D282FF8310B3E51934B6A96ABF03FFFFFFFFFFFC9FFF00000015B0C842E0BA4084C34A
10EF3A2993CE82FF7C10B3DD1934B1A96ABE136FFFFFFFFFFC9FFF00000015B0C942E0BA4084C362
10EF2C2993BB82FF7910B3DD1934B1A96ABE676FFFFFFFFFFC9FFF00000015B0C942E0BA4084C37A
10EF232993B282FF8110B3F21934C0A95ABE03FFFFFFFFFFFC9FFF00000015B0C942E0BB4084C392
10EF392993D382FF8610B3F11934C2A94ABD03FFFFFFFFFFFC9FFF00000015B0C942E0BB4084C3AA
10EF3D2993D782FF8610B3F61934C4A94ABD03FFFFFFFFFFFC9FFF00000015B0C942E0BB4084C3C2
10EF4B2993EB82FF8110B3FD1934C9A94ABD057FFFFFFFFFFC9FFF00000015B0CA42E0BB4084C3DA
10EF572993FC82FF7F10B40B1934D4A96ABC54FFFFFFFFFFFC9FFF00000015B0CA42E0BC4084C3F2
10EF5E29940582FF8310B4151934DCA98ABCB55FFFFFFFFFFCAFFF00000015B0CA42E0BC4084C30A
10EF6329940C82FF8310B4181934DFA97ABD03FFFFFFFFFFFCAFFF00000015B0CA42E0BC4084C322
10EF6729941382FF7F10B4121934DAA95ABE03FFFFFFFFFFFC9FFF00000015B0CB42E0BC4084C33A
10EF482993E282FF7F10B3F51934C8A96ABF03FFFFFFFFFFFC9FFF00000015B0CB42E0BD4084B352
10EF332993C582FF8210B40E1934D7A98AC015DFFFFFFFFFFCAFFF00000015B0CB42E0BD4084C36A
10EF5A2993FB82FF8510B42D1934EBA96ABFC9AFFFFFFFFFFCAFFF00000015B0CB42E0BD4084B382
10EF7229941E82FF8310B4131934DDA97AC024FFFFFFFFFFFCAFFF00000015B0CB42E0BD4084C39A
10EF4F2993F082FF8110B4071934D2A98AC003FFFFFFFFFFFCAFFF00000015B0CC42E0BE4084C3B2
10EF402993D982FF7E10B4031934D0A98ABE03FFFFFFFFFFFC9FFF00000015B0CC42E0BE4084B3CA
10EF402993DC82FF8210B3F91934C8A99ABC131FFFFFFFFFFC9FFF00000015B0CC42E0BE4084B3E2
10EF3A2993D482FF8210B3F61934C5A98ABD834FFFFFFFFFFC9FFF00000015B0CC42E0BE4084B3FA
10EF3A2993D282FF8310B3CE1934A9A96ABD154FFFFFFFFFFC9FFF00000015B0CC42E0BF4084B312
10EF242993AC82FF8410B3D91934AEA95ABDC92FFFFFFFFFFCAFFF00000015B0CD42E0BF4084B32A
10EF2A2993B982FF8110B3E81934B9A94ABE252FFFFFFFFFFCAFFF00000015B0CD42E0BF4084B342
10EF3D2993D182FF7C10B3FA1934C6A95ABF03FFFFFFFFFFFCAFFF00000015B0CD42E0BF4084C35A
10EF4F2993EC82FF7F10B4111934D7A95ABE03FFFFFFFFFFFCAFFF00000015B0CD42E0C04084B372
10EF5B29940182FF8310B4151934DCA96ABF03FFFFFFFFFFFC9FFF00000015B0CE42E0C04084B38A
10EF6529941282FF8610B4231934E7A96ABE6B5FFFFFFFFFFC9FFF00000015B0CE42E0C04084B3A2
10EF6629941182FF8410B4161934DEA94ABE7FEFFFFFFFFFFC8FFF00000015B0CE42E0C04084B3BA
10EF6529940A82FF8010B4121934DAA94ABE03FFFFFFFFFFFC9FFF00000015B0CE42E0C14084B3D2
10EF5E29940282FF7E10B4021934CFA96ABD03FFFFFFFFFFFC8FFF00000015B0CF42E0C14084B3EA
10EF6029940782FF7E10B4061934D3A98ABE03FFFFFFFFFFFC8FFF00000015B0CF42E0C14084B302
10EF6E29941982FF8210B4001934CCA97ABD58AFFFFFFFFFFC9FFF00000015B0CF42E0C14084B31A
10EF432993DA82FF8410B3FF1934CDA9AABD37DFFFFFFFFFFC9FFF00000015B0CF42E0C24084B332
10EF402993D682FF8410B4021934CDA99ABE5DBFFFFFFFFFFCAFFF00000015B0CF42E0C24084B34A
10EF482993E082FF8510B3FF1934CBA96ABE03BFFFFFFFFFFC9FFF00000015B0D042E0C24084B362
10EF472993E182FF8310B4041934CDA96ABE03FFFFFFFFFFFC8FFF00000015B0D042E0C24084B37A
10EF512993ED82FF7E10B40A1934D3A95ABE03FFFFFFFFFFFC9FFF00000015B0D042E0C34084B392
10EF4A2993E682FF7810B4071934D0A95ABE03FFFFFFFFFFFC9FFF00000015B0D042E0C34084B3AA
10EF482993DE82FF7C10B40E1934D5A94ABF63DFFFFFFFFFFC9FFF00000015B0D142E0C34084B3C2
10EF522993F182FF8410B3F91934C4A93ABE405FFFFFFFFFFCAFFF00000015B0D142E0C34084A3DA
10EF4F2993EB82FF8A10B3F81934ABA93ABC03FFFFFFFFFFFCAFFF00000015B0D142E0C44084B3F2
10EF432993D982FF8910B3FF1934CCA96ABD03FFFFFFFFFFFCAFFF00000015B0D142E0C44084B30A
10EF582993F582FF8010B4091934D1A95ABE040FFFFFFFFFFC9FFF00000015B0D142E0C44084B322
10EF592993F982FF7710B4151934DAA97ABE48CFFFFFFFFFFC9FFF00000015B0D242E0C44084B33A
10EF6929941282FF7910B4291934EAA97ABEB9CFFFFFFFFFFC9FFF00000015B0D242E0C54084B352
10EF7D29942E82FF8110B43D1934F9A99ABF03FFFFFFFFFFFC9FFF00000015B0D242E0C54084B36A
10EF8E29944482FF8810B447193501A98ABE03FFFFFFFFFFFCAFFF00000015B0D242E0C54084B382
10EF8F29944282FF8510B4341934F4A97ABD03FFFFFFFFFFFCAFFF00000015B0D342E0C54084A39A
10EF8829944082FF8210B45819350DA94ABE471FFFFFFFFFFC9FFF00000015B0D342E0C64084A3B2
10EF9D29945A82FF8110B45619350EA97ABF6A1FFFFFFFFFFC9FFF00000015B0D342E0C64084B3CA
10EFAD29947582FF7C10B465193519A97ABF03FFFFFFFFFFFC9FFF00000015B0D342E0C64084A3E2
10EFB429947E82FF7810B470193522A94ABD03FFFFFFFFFFFCAFFF00000015B0D342E0C64084A3FA
10EFCB29949D82FF7A10B476193527A95ABD03FFFFFFFFFFFC9FFF00000015B0D442E0C74084A312
10EFCA29949F82FF8410B46319351BA95ABE2CFFFFFFFFFFFC9FFF00000015B0D442E0C74084A32A
10EFC429949682FF8B10B46819351EA95ABFCD6FFFFFFFFFFCAFFF00000015B0D442E0C74084A342
10EFB729948282FF8610B45E193516A96ABE03AFFFFFFFFFFCAFFF00000015B0D442E0C74084935A
10EFAF29947682FF7D10B469193520A97ABE03FFFFFFFFFFFC9FFF00000015B0D542E0C840849372
10EFBA29948682FF7310B472193523A96ABE03FFFFFFFFFFFC9FFF00000015B0D542E0C84084938A
10EFCE2994A282FF7510B48B193537A96ABF1BCFFFFFFFFFFC9FFF00000015B0D542E0C84084A3A2
10EFDB2994B682FF8010B49519353FA96ABF796FFFFFFFFFFC9FFF00000015B0D542E0C9408493BA
10EFE62994C682FF8510B493193541A96ABF03FFFFFFFFFFFC9FFF00000015B0D642E0C94084A3D2
10EFE32994C082FF8210B496193543A94ABD044FFFFFFFFFFCAFFF00000015B0D642E0C9408493EA
10EFE62994C682FF7F10B49B193547A95ABD728FFFFFFFFFFC9FFF00000015B0D642E0C940849302
10EFE32994C082FF7A10B495193541A96ABD857FFFFFFFFFFC9FFF00000015B0D642E0C94084931A
10EFE02994BD82FF7A10B48D19353BA96ABC03FFFFFFFFFFFC9FFF00000015B0D642E0CA4084A332
10EFD52994AB82FF7B10B48A19353BA94ABC03FFFFFFFFFFFC9FFF00000015B0D742E0CA4084934A
10EFD52994B382FF7A10B494193542A95ABD03FFFFFFFFFFFC8FFF00000015B0D742E0CA40849362
10EFE22994C382FF7E10B496193543A97ABE03FFFFFFFFFFFC8FFF00000015B0D742E0CB4084937A
10EFE72994CA82FF7F10B492193540A96ABD03FFFFFFFFFFFC8FFF00000015B0D742E0CB40849392
10EFDC2994BC82FF8010B47E193532A95ABE03FFFFFFFFFFFC9FFF00000015B0D842E0CB408493AA
10EFBA29948782FF7C10B46D193524A96ABF606FFFFFFFFFFC9FFF00000015B0D842E0CB408493C2
10EFAF29947A82FF7710B47E19352DA95AC055DFFFFFFFFFFCAFFF00000015B0D842E0CC408493DA
10EFC729949382FF7A10B47B19352DA94AC003FFFFFFFFFFFCAFFF00000015B0D842E0CC408493F2
10EFC029949182FF7A10B49119353BA95ABE03FFFFFFFFFFFCBFFF00000015B0D842E0CC4084930A
10EFE12994BB82FF7E10B4AB193551A95ABE03FFFFFFFFFFFCAFFF00000015B0D942E0CC40849322
10EFFA2994E282FF7D10B4B1193555A95ABE03FFFFFFFFFFFCAFFF00000015B0D942E0CD4084933A
10F01329950582FF7A10B4CE19356EA97ABF233FFFFFFFFFFC9FFF00000015B0D942E0CD40849352
10F02629952082FF7A10B4DD19357AA96ABF03FFFFFFFFFFFC9FFF00000015B0D942E0CD4084936A
10F03229953382FF7E10B4D0193570A96ABF03FFFFFFFFFFFC9FFF00000015B0DA42E0CD40849382
10F02329951E82FF7E10B4D5193574A95ABE03FFFFFFFFFFFC9FFF00000015B0DA42E0CE4084939A
10F02029951682FF7510B4E419357EA95ABE9DBFFFFFFFFFFC9FFF00000015B0DA42E0CE408493B2
10F02B29952A82FF7210B4FB193590A94ABE039FFFFFFFFFFC9FFF00000015B0DA42E0CE408493CA
10F04329955082FF7610B501193595A93ABD03FFFFFFFFFFFCAFFF00000015B0DB42E0CE408493E2
10F05229955E82FF8110B4F219358CA94ABD03FFFFFFFFFFFC9FFF00000015B0DB42E0CF408493FA
10F03829954082FF8510B4F619358FA95ABD03FFFFFFFFFFFCAFFF00000015B0DB42E0CF40849312
10F03429953682FF7F10B4EA193588A94ABD045FFFFFFFFFFC9FFF00000015B0DB42E0CF4084932A
10F02129951A82FF7410B4FB193592A94ABE047FFFFFFFFFFC9FFF00000015B0DB42E0CF40849342
10F03429953782FF6F10B5101935A0A94ABE03FFFFFFFFFFFC9FFF00000015B0DC42E0D04084935A
10F05B29956A82FF7410B50E19359FA96ABD03FFFFFFFFFFFC9FFF00000015B0DC42E0D040849372
10F05F29956E82FF7A10B4FC193596A96ABD1E8FFFFFFFFFFC9FFF00000015B0DC42E0D04084938A
10F04229954C82FF7E10B4D619357BA96ABE649FFFFFFFFFFC9FFF00000015B0DC42E0D0408493A2
10F02429952482FF8110B4D6193578A93ABF03FFFFFFFFFFFC9FFF00000015B0DD42E0D1408493BA
10F02529951F82FF7F10B4DA19357CA93ABE03FFFFFFFFFFFC8FFF00000015B0DD42E0D1408493D2
10F03229953082FF7910B4FA193591A94ABD03FFFFFFFFFFFC9FFF00000015B0DD42E0D1408493EA
10F05129955E82FF7210B50D19359FA96ABD03FFFFFFFFFFFC9FFF00000015B0DD42E0D140849302
10F07829959782FF7110B5361935BEA96ABD0C1FFFFFFFFFFC8FFF00000015B0DE42E0D24084931A
10F08C2995B282FF7110B5401935C8A97ABC03EFFFFFFFFFFC8FFF00000015B0DE42E0D240849332
10F0912995BC82FF7710B5341935C1A96ABE03FFFFFFFFFFFCAFFF00000015B0DE42E0D24084934A
10F08C2995B282FF7E10B5341935C0A95ABE03FFFFFFFFFFFCAFFF00000015B0DE42E0D240849362
10F08A2995AF82FF7E10B53F1935C9A94ABD641FFFFFFFFFFC9FFF00000015B0DE42E0D34084937A
10F08B2995B582FF7C10B55A1935DCA93ABC1D6FFFFFFFFFFC9FFF00000015B0DF42E0D340849392
10F0992995C882FF7A10B5541935D8A94ABD03FFFFFFFFFFFC8FFF00000015B0DF42E0D3408493AA
10F0992995C882FF7510B5621935E4A96ABD03FFFFFFFFFFFC8FFF00000015B0DF42E0D3408493C2
10F0932995BC82FF6D10B56B1935E8A98ABE03FFFFFFFFFFFC9FFF00000015B0DF42E0D4408493DA
10F09A2995C682FF6A10B5781935F2A95ABE03FFFFFFFFFFFCAFFF00000015B0E042E0D4408493F2
10F0C429960382FF6F10B5781935F2A93ABE03FFFFFFFFFFFC9FFF00000015B0E042E0D44084830A
10F0BB2995F582FF7C10B56F1935EDA94ABE03FFFFFFFFFFFC9FFF00000015B0E042E0D440848322
10F0AB2995DF82FF8010B5541935DEA96ABE03FFFFFFFFFFFC9FFF00000015B0E042E0D54084933A
10F0962995C982FF7910B5591935DCA94ABD03FFFFFFFFFFFC9FFF00000015B0E142E0D540849352
10F0922995B982FF6F10B56E1935EAA94ABC40FFFFFFFFFFFCAFFF00000015B0E142E0D54084836A
10F0B22995EA82FF6B10B5861935FDA96ABB03FFFFFFFFFFFCAFFF00000015B0E142E0D540848382
10F0B72995F182FF6B10B58A193602A96ABC03FFFFFFFFFFFCAFFF00000015B0E142E0D64084839A
10F0D329961782FF7010B592193608A95ABD03FFFFFFFFFFFC9FFF00000015B0E142E0D6408493B2
10F0D629961782FF7510B591193609A95ABC9ABFFFFFFFFFFCAFFF00000015B0E242E0D6408493CA
10F0D029961782FF7410B58E193607A96ABC039FFFFFFFFFFCAFFF00000015B0E242E0D6408483E2
10F0DF29962A82FF7510B590193606A97ABC03FFFFFFFFFFFCAFFF00000015B0E242E0D7408483FA
10F0E629962E82FF7310B5A6193618A94ABC03FFFFFFFFFFFCAFFF00000015B0E242E0D740848312
10F0EC29964282FF7010B5B2193621A93ABC03FFFFFFFFFFFCAFFF00000015B0E342E0D74084832A
10F0D829962182FF6D10B5A519361BA93ABC03FFFFFFFFFFFCAFFF00000015B0E342E0D740848342
10F09E2995D282FF6A10B5B6193622A92ABD03FFFFFFFFFFFCAFFF00000015B0E342E0D84084835A
10F0C929960582FF6C10B5CB193635A92ABC052FFFFFFFFFFC9FFF00000015B0E342E0D840848372
10F0F929965182FF6F10B5B6193625A92ABD03FFFFFFFFFFFC9FFF00000015B0E442E0D84084838A
10F0FC29965582FF7010B5D1193639A94ABC03FFFFFFFFFFFCAFFF00000015B0E442E0D8408483A2
10F11B29967A82FF7310B5CF193638A95ABC03FFFFFFFFFFFCAFFF00000015B0E442E0D9408483BA
10F11729967A82FF7510B5B3193624A94ABC53FFFFFFFFFFFCAFFF00000015B0E442E0D9408483D2
10F10329965B82FF7310B5BB19362BA94ABD03AFFFFFFFFFFCAFFF00000015B0E442E0D9408483EA
10F0EC29963182FF6A10B5DB193644A96ABC03FFFFFFFFFFFCAFFF00000015B0E542E0D940848302
10F0DB29962882FF6610B60419365FA96ABD03FFFFFFFFFFFC9FFF00000015B0E542E0DA4084831A
10F13229969982FF6A10B607193661A95ABD79DFFFFFFFFFFC9FFF00000015B0E542E0DA40848332
10F1372996A082FF7510B5B519362BA94ABE232FFFFFFFFFFCAFFF00000015B0E542E0DA4084834A
10F0ED29964682FF7810B583193607A92ABE03FFFFFFFFFFFCAFFF00000015B0E642E0DA40847362
10F0D629961E82FF7110B59419360DA92ABD03FFFFFFFFFFFC9FFF00000015B0E642E0DB4084837A
10F0952995C482FF6710B5CB193632A94ABD03FFFFFFFFFFFC9FFF00000015B0E642E0DB40848392
10F0D929961D82FF6410B5E6193644A96ABD03FFFFFFFFFFFC9FFF00000015B0E642E0DB408473AA
10F0F629964682FF6D10B58D19360AA95ABD03FFFFFFFFFFFCAFFF00000015B0E742E0DB408483C2
10F0D229961482FF7B10B5491935D8A96ABD03FFFFFFFFFFFCAFFF00000015B0E742E0DC408483DA
10F08E2995BD82FF7C10B5491935D5A96ABD03FFFFFFFFFFFCAFFF00000015B0E742E0DC408483F2
10F09A2995CA82FF7010B5781935F1A94ABE03FFFFFFFFFFFC9FFF00000015B0E742E0DC4084830A
10F0AD2995E782FF6610B5B7193624A94ABE42AFFFFFFFFFFC9FFF00000015B0E742E0DC40848322
10F0F629964882FF6A10B60A193663A93ABD03FFFFFFFFFFFC9FFF00000015B0E842E0DD4084733A
10F13A2996A182FF7110B5DC193646A92ABD03FFFFFFFFFFFC8FFF00000015B0E842E0DD40848352
10F11D29967C82FF7410B5AF19362AA93ABE03FFFFFFFFFFFC8FFF00000015B0E842E0DD4084836A
10F0DD29962A82FF7310B5A8193623A93ABDA04FFFFFFFFFFCAFFF00000015B0E842E0DD40847382
10F0C329960882FF7010B5AF193622A92ABD039FFFFFFFFFFC9FFF00000015B0E942E0DE4084739A
10F0D129961E82FF6D10B5C219362EA94ABE03FFFFFFFFFFFC9FFF00000015B0E942E0DE408473B2
10F10E29966A82FF6E10B60C19365FA96ABE03FFFFFFFFFFFC9FFF00000015B0E942E0DE408473CA
10F14B2996C182FF7410B5F5193656A97ABE03FFFFFFFFFFFC9FFF00000015B0E942E0DE408473E2
10F1432996B882FF7610B5EB193653A95ABD03FFFFFFFFFFFC9FFF00000015B0EA42E0DF408473FA
10F11F29968782FF6F10B5FB19365BA94ABD03FFFFFFFFFFFCAFFF00000015B0EA42E0DF40847312
10F11E29968882FF6910B5FE19365FA95ABD03FFFFFFFFFFFCAFFF00000015B0EA42E0DF4084732A
10F12529968F82FF6B10B5E719364DA93ABE03FFFFFFFFFFFCAFFF00000015B0EA42E0DF40847342
10F11529967482FF7110B5B419362AA94ABE0F2FFFFFFFFFFCAFFF00000015B0EA42E0E04084735A
10F0D029961182FF7610B5121935B3A94ABE3FBFFFFFFFFFFCAFFF00000015B0EB42E0E040847372
10F05429956C82FF7410B5331935C8A94ABD03FFFFFFFFFFFCAFFF00000015B0EB42E0E04084738A
10F05D29957982FF7110B51B1935B1A94ABD03FFFFFFFFFFFC9FFF00000015B0EB42E0E0408473A2
10F04929955B82FF6E10B5231935B9A94ABD03FFFFFFFFFFFC8FFF00000015B0EB42E0E1408473BA
10F03D29954982FF6F10B4F6193593A94ABEA3FFFFFFFFFFFC9FFF00000015B0EC42E0E1408473D2
10F03129953582FF7110B4F4193594A95ABE03FFFFFFFFFFFC9FFF00000015B0EC42E0E1408473EA
10F02729952B82FF6E10B50119359EA95ABD03FFFFFFFFFFFCAFFF00000015B0EC42E0E140847302
10F03329953D82FF6D10B5221935B0A93ABE03FFFFFFFFFFFC9FFF00000015B0EC42E0E24084731A
10F06D29958982FF7110B52B1935B9A92ABE03FFFFFFFFFFFC9FFF00000015B0EC42E0E240847332
10F06B29958882FF7510B4F919359AA95ABD03FFFFFFFFFFFC9FFF00000015B0ED42E0E24084634A
10F02129952782FF7710B4CD19357BA94ABE03FFFFFFFFFFFCAFFF00000015B0ED42E0E240847362
10EFFC2994E482FF7410B4AE19355FA93ABD03FFFFFFFFFFFCAFFF00000015B0ED42E0E34084737A
10EFD42994B982FF7210B4C519356DA96ABE03FFFFFFFFFFFC9FFF00000015B0ED42E0E340847392
10F0052994FB82FF6C10B5291935B9A97ABE1EDFFFFFFFFFFC9FFF00000015B0EE42E0E3408473AA
10F07B29959982FF6910B5471935CEA96ABE244FFFFFFFFFFCAFFF00000015B0EE42E0E3408473C2
10F06229957782FF7110B4E819358BA94ABD03FFFFFFFFFFFC9FFF00000015B0EE42E0E4408473DA
10EFFF2994F382FF7610B4B0193560A92ABC03FFFFFFFFFFFC8FFF00000015B0EE42E0E4408473F2
10EFDF2994C682FF7810B4AC19355DA91ABC203FFFFFFFFFFC9FFF00000015B0EF42E0E44084630A
10EFE62994D382FF7910B4A4193553A92ABC6ECFFFFFFFFFFC9FFF00000015B0EF42E0E440846322
10EFE92994CE82FF7910B49719354AA94ABC03FFFFFFFFFFFC9FFF00000015B0EF42E0E54084733A
10EFDE2994C882FF7510B4AE193559A92ABC03FFFFFFFFFFFC9FFF00000015B0EF42E0E540845352
10EFF42994E682FF6D10B4AE19355DA94ABC03FFFFFFFFFFFC9FFF00000015B0EF42E0E54084736A
10F0062994FF82FF6D10B4D819357AA97ABE03FFFFFFFFFFFCAFFF00000015B0F042E0E540847382
10F01829951682FF7310B4CC193573A97ABE03FFFFFFFFFFFCAFFF00000015B0F042E0E64084739A
10F01929951882FF7910B4AF19355EA96ABD03FFFFFFFFFFFCAFFF00000015B0F042E0E6408463B2
10EFF02994E082FF8010B491193545A94ABC03FFFFFFFFFFFC9FFF00000015B0F042E0E6408453CA
10EFDC2994C282FF7F10B4A3193553A92ABD03FFFFFFFFFFFC9FFF00000015B0F142E0E6408453E2
10EFE92994D482FF7610B4B619355FA92ABC298FFFFFFFFFFC9FFF00000015B0F142E0E6408473FA
10F01529951482FF7110B4B7193562A94ABC0FFFFFFFFFFFFC8FFF00000015B0F142E0E740846312
10F02629952A82FF7310B4D0193575A94ABC03FFFFFFFFFFFC8FFF00000015B0F142E0E74084732A
10F02329952982FF7710B4D1193578A94ABD03FFFFFFFFFFFC9FFF00000015B0F142E0E740845342
10F03729954382FF7410B4FA193596A97ABD4F9FFFFFFFFFFC9FFF00000015B0F242E0E74084535A
10F0742995A482FF7510B5341935C2A94ABD4FBFFFFFFFFFFC9FFF00000015B0F242E0E840845372
10F0AC2995E882FF7C10B50E1935ACA92ABD03FFFFFFFFFFFC9FFF00000015B0F242E0E84084538A
10F0812995B882FF8110B50D1935AEA93ABE03FFFFFFFFFFFC9FFF00000015B0F242E0E8408463A2
10F06E29959C82FF7F10B4F0193594A94ABD03FFFFFFFFFFFCAFFF00000015B0F342E0E8408453BA
10F05429956E82FF7610B4F8193599A95ABD03FFFFFFFFFFFCAFFF00000015B0F342E0E9408453D2
10F03129953D82FF6E10B4F8193599A95ABD03FFFFFFFFFFFCAFFF00000015B0F342E0E9408453EA
10F03729954282FF6F10B4E519358AA96ABD03FFFFFFFFFFFC9FFF00000015B0F342E0E940845302
10F03329954282FF7810B4DA193582A95ABD03FFFFFFFFFFFCAFFF00000015B0F342E0E94084531A
10F02429952D82FF7B10B4DC193582A94ABD03FFFFFFFFFFFCAFFF00000015B0F442E0EA40846332
10F02029952482FF7D10B4DC193583A93ABD327FFFFFFFFFFCBFFF00000015B0F442E0EA4084534A
10F02329952882FF7A10B4DA193580A91ABE03BFFFFFFFFFFC9FFF00000015B0F442E0EA40845362
10F02929953382FF7910B4DE193583A91ABE03FFFFFFFFFFFC9FFF00000015B0F442E0EA4084537A
10F02D29953882FF7910B4E2193587A91ABE03FFFFFFFFFFFC9FFF00000015B0F542E0EB40845392
10F03129953C82FF7710B4ED19358DA93ABE647FFFFFFFFFFC9FFF00000015B0F542E0EB408453AA
10F03829954782FF7710B4F0193590A95ABD206FFFFFFFFFFCAFFF00000015B0F542E0EB408453C2
10F03929954C82FF7810B4F1193590A95ABE03FFFFFFFFFFFCAFFF00000015B0F542E0EB408453DA
10F03F29955582FF7910B4F9193599A92ABE03FFFFFFFFFFFCAFFF00000015B0F642E0EC408453F2
10F04829956382FF7810B50019359DA93ABD03FFFFFFFFFFFCAFFF00000015B0F642E0EC4084530A
10F04F29956B82FF7C10B50319359FA94ABE03FFFFFFFFFFFC9FFF00000015B0F642E0EC40845322
10F04829956182FF7C10B50019359DA96ABD03FFFFFFFFFFFC9FFF00000015B0F642E0EC4084533A
10F04529955882FF7B10B4FF19359CA97ABD03FFFFFFFFFFFCAFFF00000015B0F642E0ED40845352
10F04A29955F82FF7A10B50219359FA94ABC03FFFFFFFFFFFCAFFF00000015B0F742E0ED4084536A
10F05129956982FF7510B5101935ABA93ABC03FFFFFFFFFFFCAFFF00000015B0F742E0ED40845382
10F05D29957C82FF7410B51C1935B2A94ABD2E7FFFFFFFFFFC9FFF00000015B0F742E0ED4084539A
10F06529958982FF7310B5201935B6A94ABC03FFFFFFFFFFFC9FFF00000015B0F742E0EE408453B2
10F06B29958F82FF7910B51C1935B5A91ABB03FFFFFFFFFFFC9FFF00000015B0F842E0EE408453CA
10F06929958E82FF8210B5141935AFA90ABD03FFFFFFFFFFFC9FFF00000015B0F842E0EE408453E2
10F06729959082FF8310B51D1935B6A91ABE854FFFFFFFFFFC9FFF00000015B0F842E0EE408453FA
10F06729959182FF7E10B51E1935B5A92ABD038FFFFFFFFFFC9FFF00000015B0F842E0EF40845312
10F06529958682FF7710B5251935BBA93ABD03FFFFFFFFFFFCAFFF00000015B0F842E0EF4084532A
10F06829958E82FF7510B52B1935BFA93ABC03FFFFFFFFFFFCAFFF00000015B0F942E0EF40845342
10F0772995A382FF7810B52C1935C1A90ABC03FFFFFFFFFFFCAFFF00000015B0F942E0EF4084535A
10F07329959C82FF7B10B5271935BCA92ABC03FFFFFFFFFFFCAFFF00000015B0F942E0F040845372
10F07229959C82FF7B10B52A1935C1A92ABD03FFFFFFFFFFFCAFFF00000015B0F942E0F04084538A
10F0792995A582FF7D10B5291935BEA92ABD03FFFFFFFFFFFCBFFF00000015B0FA42E0F0408453A2
10F07A2995A482FF8210B5231935BBA95ABD055FFFFFFFFFFCAFFF00000015B0FA42E0F0408453BA
10F07229959B82FF8310B5261935BCA97ABE047FFFFFFFFFFCAFFF00000015B0FA42E0F1408453D2
10F07129959D82FF8010B5281935BDA95ABE03FFFFFFFFFFFC9FFF00000015B0FA42E0F1408453EA
10F07029959782FF7810B5271935BBA93ABD03FFFFFFFFFFFCAFFF00000015B0FA42E0F140845302
10F07129959582FF7310B52C1935C0A92ABD1F4FFFFFFFFFFC9FFF00000015B0FB42E0F14084531A
10F0782995A082FF7510B52E1935C1A96ABE264FFFFFFFFFFC9FFF00000015B0FB42E0F240845332
10F07D2995AC82FF7710B52C1935C0A97ABF03FFFFFFFFFFFCAFFF00000015B0FB42E0F24084534A
10F07C2995A882FF7F10B52A1935BDA97ABE03FFFFFFFFFFFC9FFF00000015B0FB42E0F240845362
10F0792995A682FF8610B5281935BDA96ABD289FFFFFFFFFFC8FFF00000015B0FC42E0F24084537A
10F07129959682FF8710B5231935B8A96ABC85EFFFFFFFFFFC8FFF00000015B0FC42E0F340845392
10F07029959582FF7A10B5281935BDA94ABD03FFFFFFFFFFFC9FFF00000015B0FC42E0F3408453AA
10F07229959782FF6E10B5311935C1A92ABE03FFFFFFFFFFFCAFFF00000015B0FC42E0F3408453C2
10F07A2995A182FF6D10B53E1935CBA92ABE03FFFFFFFFFFFC9FFF00000015B0FD42E0F3408453DA
10F0882995BA82FF7910B5301935C2A91ABE03FFFFFFFFFFFCAFFF00000015B0FD42E0F4408453F2
10F07429959982FF8610B5171935AFA93ABE04BFFFFFFFFFFCAFFF00000015B0FD42E0F44084530A
10F05729957482FF8610B4F819359AA95ABD03FFFFFFFFFFFCAFFF00000015B0FD42E0F440845322
10F03929954B82FF7F10B4FC193599A95ABD03FFFFFFFFFFFCAFFF00000015B0FD42E0F44084533A
10F01E29952382FF7710B50C1935A4A96ABE03FFFFFFFFFFFC9FFF00000015B0FE42E0F540844352
10F03929954482FF7010B51D1935B0A94ABE513FFFFFFFFFFC9FFF00000015B0FE42E0F54084536A
10F06829958882FF7210B52B1935BCA92ABE1C6FFFFFFFFFFCAFFF00000015B0FE42E0F540845382
10F07929959C82FF7810B5141935ABA94ABF03FFFFFFFFFFFCAFFF00000015B0FE42E0F54084439A
10F06029957F82FF7C10B4F819359AA95ABF03FFFFFFFFFFFC9FFF00000015B0FF42E0F6408443B2
10F04129954D82FF8110B4DC193584A96ABF03FFFFFFFFFFFC9FFF00000015B0FF42E0F6408453CA
10F01B29952182FF7F10B4D319357CA96ABF03FFFFFFFFFFFCAFFF00000015B0FF42E0F6408453E2
10F00E29950982FF7E10B4E2193584A95ABE03FFFFFFFFFFFC9FFF00000015B0FF42E0F6408443FA
10F01029950D82FF7810B4FE19359AA92ABF03FFFFFFFFFFFCAFFF00000015B0FF42E0F740844312
10F03029953982FF7010B5121935A4A91ABD03FFFFFFFFFFFCAFFF00000015B10042E0F74084432A
10F05929956D82FF6F10B5211935B1A90ABC03FFFFFFFFFFFC9FFF00000015B10042E0F740845342
10F07129958E82FF7610B5211935B2A91ABC1EFFFFFFFFFFFC9FFF00000015B10042E0F74084435A
10F06429958082FF7E10B4FA19359AA90ABC03FFFFFFFFFFFCAFFF00000015B10042E0F840844372
10F03429953982FF8010B4C2193571A93ABC03FFFFFFFFFFFC9FFF00000015B10142E0F84084538A
10EFF32994E882FF7E10B4BF193570A94ABC03FFFFFFFFFFFC9FFF00000015B10142E0F8408443A2
10EFD52994BD82FF7510B4C6193572A94ABC6F2FFFFFFFFFFCAFFF00000015B10142E0F8408443BA
10EFD32994B482FF7210B4D3193578A94ABD039FFFFFFFFFFC9FFF00000015B10142E0F9408443D2
10F00A2994FC82FF7710B4CB193572A92ABD03FFFFFFFFFFFC9FFF00000015B10242E0F9408443EA
10EFFD2994F182FF7910B4B8193565A91ABC03FFFFFFFFFFFC9FFF00000015B10242E0F940845302
10EFEE2994DB82FF7910B4B8193564A92ABC03FFFFFFFFFFFC9FFF00000015B10242E0F94084431A
10EFE82994D382FF7610B4BA193564A94ABC03FFFFFFFFFFFC9FFF00000015B10242E0FA40844332
10F01529951182FF7610B4D0193575A94ABD03FFFFFFFFFFFC9FFF00000015B10242E0FA4084434A
10F01229950E82FF7810B4C219356BA95ABD03FFFFFFFFFFFC9FFF00000015B10342E0FA40844362
10F01129950D82FF7610B4C219356DA96ABC04AFFFFFFFFFFCAFFF00000015B10342E0FA4084437A
10F0022994F882FF7510B4BF19356BA95ABD043FFFFFFFFFFC9FFF00000015B10342E0FB40844392
10EFFB2994E982FF7510B4B5193562A95ABE03FFFFFFFFFFFC9FFF00000015B10342E0FB408443AA
10EFE82994D682FF7610B4AE19355CA97ABF03FFFFFFFFFFFCAFFF00000015B10442E0FB408443C2
10EFCD2994AA82FF7610B48C193541A94ABE272FFFFFFFFFFC9FFF00000015B10442E0FB408443DA
10EFAE29948982FF7210B490193544A92ABD2FAFFFFFFFFFFC9FFF00000015B10442E0FB408443F2
10EFB029948182FF7310B47E193533A95ABC03FFFFFFFFFFFCAFFF00000015B10442E0FC4084430A
10EFA429947282FF7310B478193530A95ABD03FFFFFFFFFFFCAFFF00000015B10542E0FC40844322
10EFA129946782FF7110B47C193534A95ABD22DFFFFFFFFFFCAFFF00000015B10542E0FC4084433A
10EFA329946F82FF7210B47619352EA95ABE7D0FFFFFFFFFFCAFFF00000015B10542E0FC40844352
10EFA529947482FF7310B46F193529A93ABD03FFFFFFFFFFFCAFFF00000015B10542E0FD4084436A
10EFA429947282FF7910B44F193512A94ABD03FFFFFFFFFFFCAFFF00000015B10542E0FD40844382
10EF8D29945282FF7710B450193513A94ABD03FFFFFFFFFFFC8FFF00000015B10642E0FD4084439A
10EF8929944982FF7210B45D19351AA93ABD03FFFFFFFFFFFC8FFF00000015B10642E0FD408433B2
10EF8C29944C82FF6D10B46F193526A93ABC03FFFFFFFFFFFC9FFF00000015B10642E0FE408433CA
10EFA529946D82FF6910B47E193532A93ABB03FFFFFFFFFFFCAFFF00000015B10642E0FE408433E2
10EFCC2994A882FF6E10B49A193548A94ABC03FFFFFFFFFFFCAFFF00000015B10742E0FE408433FA
10EFD12994B182FF7410B483193539A91ABD03FFFFFFFFFFFCAFFF00000015B10742E0FE40843312
10EFBA29948F82FF7610B46F193529A91ABD27BFFFFFFFFFFCAFFF00000015B10742E0FF4084332A
10EFA929947382FF7610B46A193526A92ABD10CFFFFFFFFFFCAFFF00000015B10742E0FF40844342
10EF9A29945E82FF7010B47319352BA93ABC03FFFFFFFFFFFCAFFF00000015B10842E0FF4084335A
10EFAF29947B82FF6D10B48A19353BA96ABC03FFFFFFFFFFFCAFFF00000015B10842E0FF40843372
10EFBD29949182FF6C10B499193547A95ABD4F9FFFFFFFFFFC9FFF00000015B10842E1004084338A
10EFCB29949F82FF6C10B49C193549A92ABD54CFFFFFFFFFFC8FFF00000015B10842E100408433A2
10EFD02994AE82FF6A10B499193548A93ABC03FFFFFFFFFFFC9FFF00000015B10842E100408433BA
10EFCA2994A482FF6E10B482193538A95ABC03FFFFFFFFFFFCAFFF00000015B10942E100408433D2
10EFB229948082FF7210B47319352DA94ABD03FFFFFFFFFFFCAFFF00000015B10942E101408433EA
10EFA429946C82FF7110B46119351CA92ABE03FFFFFFFFFFFC9FFF00000015B10942E10140843302
10EF9029944F82FF7010B45F19351CA94ABE03FFFFFFFFFFFC9FFF00000015B10942E1014084331A
10EF8D29944982FF6C10B46319351EA97ABE03FFFFFFFFFFFC9FFF00000015B10A42E10140843332
10EF9129945482FF6A10B46C193520A96ABD03FFFFFFFFFFFC9FFF00000015B10A42E1024084334A
10EF9929945D82FF6910B46219351CA94ABE03FFFFFFFFFFFC9FFF00000015B10A42E10240843362
10EF9B29945C82FF6C10B43F1934FEA94ABD585FFFFFFFFFFC9FFF00000015B10A42E1024084337A
10EF7629942882FF6F10B42C1934F5A94ABE03BFFFFFFFFFFCAFFF00000015B10B42E10240843392
10EF6029940782FF6E10B4251934EDA95ABE03FFFFFFFFFFFCAFFF00000015B10B42E102408433AA
10EF4A2993EB82FF6E10B4201934E7A94ABE03FFFFFFFFFFFCAFFF00000015B10B42E103408433C2
10EF482993EB82FF6D10B4121934DFA94ABE03FFFFFFFFFFFCAFFF00000015B10B42E103408433DA
10EF492993E382FF6D10B40C1934D8A94ABC03FFFFFFFFFFFCAFFF00000015B10B42E103408433F2
10EF482993E182FF6D10B40B1934D7A94ABC03FFFFFFFFFFFCAFFF00000015B10C42E1034084330A
10EF482993E582FF6E10B4011934CFA93ABC03FFFFFFFFFFFCAFFF00000015B10C42E10440843322
10EF332993C682FF6C10B4061934D3A93ABD03FFFFFFFFFFFCAFFF00000015B10C42E1044084333A
10EF422993DE82FF6B10B41C1934E1A94ABD05EFFFFFFFFFFCAFFF00000015B10C42E10440843352
10EF6229940782FF6E10B41E1934E4A96ABD1BFFFFFFFFFFFC9FFF00000015B10D42E1044084336A
10EF7229941F82FF7010B4231934E7A98ABD03FFFFFFFFFFFC9FFF00000015B10D42E10540843382
10EF7129941C82FF7210B4231934E9A98ABD03FFFFFFFFFFFC9FFF00000015B10D42E1054084339A
10EF6629940F82FF7010B42E1934F2A97ABD03FFFFFFFFFFFC9FFF00000015B10D42E105408433B2
10EF5E2993FD82FF6D10B4391934FAA97ABD7A7FFFFFFFFFFCAFFF00000015B10E42E105408433CA
10EF6329940B82FF6D10B4421934FFA97ABD03FFFFFFFFFFFC9FFF00000015B10E42E106408433E2
10EF7329942282FF6C10B446193503A96ABB03FFFFFFFFFFFC9FFF00000015B10E42E106408423FA
10EF8529943882FF6C10B44D193509A94ABC03FFFFFFFFFFFC9FFF00000015B10E42E10640843312
10EF8829943D82FF6D10B442193501A94ABD03FFFFFFFFFFFC9FFF00000015B10E42E1064084332A
10EF8029943482FF7010B43B1934FCA95ABE03FFFFFFFFFFFC9FFF00000015B10F42E10740842342
10EF8829943982FF7210B449193506A93ABD03FFFFFFFFFFFC9FFF00000015B10F42E1074084335A
10EF8429943982FF7010B45119350CA94ABE05EFFFFFFFFFFC9FFF00000015B10F42E10740843372
10EF8529943782FF6D10B45A193513A94ABD642FFFFFFFFFFC9FFF00000015B10F42E1074084338A
10EF8829943E82FF7110B445193502A92ABC1DDFFFFFFFFFFCAFFF00000015B11042E108408433A2
10EF8629943982FF7110B4391934FBA91ABD03FFFFFFFFFFFCAFFF00000015B11042E108408433BA
10EF6A29941082FF6D10B43D1934FCA94ABE03FFFFFFFFFFFCAFFF00000015B11042E108408433D2
10EF5F2993FF82FF6F10B4321934F3A94ABE03FFFFFFFFFFFC8FFF00000015B11042E108408433EA
10EF6529940382FF7110B4101934DBA94ABE04EFFFFFFFFFFC9FFF00000015B11042E10840843302
10EF3B2993CC82FF7410B3E51934BBA95ABD4DEFFFFFFFFFFC9FFF00000015B11142E1094084331A
10EF252993AD82FF7010B3E51934B8A94ABDABEFFFFFFFFFFC9FFF00000015B11142E10940842332
10EF1A29939D82FF7410B3D91934AAA92ABD03FFFFFFFFFFFC9FFF00000015B11142E1094084134A
10EF1129939282FF7210B3D81934ACA92ABC03FFFFFFFFFFFC9FFF00000015B11142E10940842362
10EF0629937D82FF7210B3D21934A5A93ABC03FFFFFFFFFFFC9FFF00000015B11242E10A4084237A
10EF0329937B82FF7410B3BE193494A92ABD03FFFFFFFFFFFC9FFF00000015B11242E10A40841392
10EF0129937782FF7210B3CC1934A0A95ABE344FFFFFFFFFFC9FFF00000015B11242E10A408413AA
10EF0029937182FF7210B3C919349BA94ABD98AFFFFFFFFFFC9FFF00000015B11242E10A408413C2
10EEFE29936E82FF6F10B3C7193499A92ABE03FFFFFFFFFFFCAFFF00000015B11342E10B408423DA
10EEFD29937082FF6F10B3BD193492A94ABF03FFFFFFFFFFFC9FFF00000015B11342E10B408413F2
10EEF529936082FF7310B3B119348CA94ABF03FFFFFFFFFFFC9FFF00000015B11342E10B4084130A
10EEDC29934082FF7510B396193479A92ABE03FFFFFFFFFFFCAFFF00000015B11342E10B40841322
10EEB629931782FF7710B379193463A92ABE234FFFFFFFFFFCAFFF00000015B11342E10C4084133A
10EE902992DA82FF7310B37119345BA94ABD802FFFFFFFFFFC9FFF00000015B11442E10C40841352
10EE952992E382FF6F10B37819345EA93ABD1F7FFFFFFFFFFC9FFF00000015B11442E10C4084136A
10EE982992EB82FF6E10B37F193462A93ABCB0DFFFFFFFFFFC9FFF00000015B11442E10C40841382
10EEBE29931982FF6F10B37A19345EA95ABC03EFFFFFFFFFFC9FFF00000015B11442E10C4084139A
10EEB429930A82FF7310B34719343BA93ABC03FFFFFFFFFFFC9FFF00000015B11542E10D408413B2
10EE9E2992EF82FF7510B34819343CA91ABC040FFFFFFFFFFC9FFF00000015B11542E10D408413CA
10EE872992D082FF7A10B317193418A97ABD03FFFFFFFFFFFC9FFF00000015B11542E10D408413E2
10EE712992AE82FF7910B30B19340BA97ABD197FFFFFFFFFFC9FFF00000015B11542E10D408413FA
10EE5B29928F82FF7410B318193414A95ABD972FFFFFFFFFFC9FFF00000015B11642E10E40841312
10EE4229926D82FF6E10B31F193418A93ABD0D6FFFFFFFFFFC7FFF00000015B11642E10E4084132A
10EE4D29928082FF6D10B332193426A92ABCAB4FFFFFFFFFFC8FFF00000015B11642E10E40841342
10EE762992B082FF7110B32B193424A93ABC2A7FFFFFFFFFFC9FFF00000015B11642E10E4084135A
10EE762992B782FF7610B313193415A94ABC03FFFFFFFFFFFC9FFF00000015B11642E10F40841372
10EE5829928782FF7B10B305193408A93ABD03FFFFFFFFFFFCAFFF00000015B11742E10F4084138A
10EE4A29927E82FF7810B30F19340FA94ABE03FFFFFFFFFFFCAFFF00000015B11742E10F408413A2
10EE4929927982FF7510B32619341DA93ABD097FFFFFFFFFFCAFFF00000015B11742E10F408413BA
10EE6A2992A182FF7710B332193427A92ABD8BFFFFFFFFFFFCAFFF00000015B11742E110408413D2
10EE662992A582FF7310B344193435A94ABE24AFFFFFFFFFFCAFFF00000015B11842E110408413EA
10EE852992C682FF7310B361193448A94ABD7C1FFFFFFFFFFCAFFF00000015B11842E11040841302
10EE9F2992EC82FF7310B355193443A93ABD50BFFFFFFFFFFCAFFF00000015B11842E1104084131A
10EE872992CC82FF7510B322193424A93ABD03FFFFFFFFFFFC9FFF00000015B11842E11140841332
10EE4129926A82FF7810B2FB193401A94ABE03FFFFFFFFFFFC9FFF00000015B11942E1114084134A
10EE1A29923182FF7510B2EA1933F7A93ABE03FFFFFFFFFFFC9FFF00000015B11942E11140841362
10EDE42991E782FF7410B2BE1933D0A91ABE03FFFFFFFFFFFC9FFF00000015B11942E1114084137A
10EDCE2991C082FF7510B2931933AFA92ABE65AFFFFFFFFFFC9FFF00000015B11942E11240841392
10ED8829916082FF7910B226193361A94ABD493FFFFFFFFFFC8FFF00000015B11942E112408413AA
10ED002990A582FF7810B1EF193337A95ABD568FFFFFFFFFFC8FFF00000015B11A42E112408413C2
10EC9A29901C82FF7010B1D319331AA95ABE7A3FFFFFFFFFFCAFFF00000015B11A42E112408413DA
10ECA329902682FF6A10B1E6193320A94ABE03FFFFFFFFFFFC9FFF00000015B11A42E112408413F2
10ECFA29909182FF7310B1BC193308A95ABE03FFFFFFFFFFFC9FFF00000015B11A42E1134084130A
10ECDA29906F82FF7B10B15D1932C2A97ABD03FFFFFFFFFFFCAFFF00000015B11B42E11340841322
10EC6F298FD382FF7E10B1421932ABA97ABC03FFFFFFFFFFFCBFFF00000015B11B42E1134084133A
10EC4C298FA282FF7710B12B193295A97ABD49CFFFFFFFFFFCAFFF00000015B11B42E11340841352
10EC3D298F8E82FF7310B12419328EA96ABC727FFFFFFFFFFCAFFF00000015B11B42E1144084136A
10EC56298FAC82FF7210B11C193286A95ABD03FFFFFFFFFFFCAFFF00000015B11C42E11440841382
10EC4E298FA382FF7310B100193273A93ABD054FFFFFFFFFFCAFFF00000015B11C42E1144084139A
10EC3B298F8E82FF7610B0FC19326FA92ABE03FFFFFFFFFFFC9FFF00000015B11C42E114408413B2
10EC2B298F7182FF7610B0F719326BA93ABF03FFFFFFFFFFFC9FFF00000015B11C42E115408413CA
10EC1A298F5782FF7410B0F4193266A95ABE2ACFFFFFFFFFFCAFFF00000015B11C42E115408413E2
10EC1A298F5982FF7110B103193270A97ABD5A5FFFFFFFFFFC9FFF00000015B11D42E115408413FA
10EC30298F7482FF7610B0ED193260A97ABC057FFFFFFFFFFC9FFF00000015B11D42E11540841312
10EC23298F6B82FF7A10B0E3193258A97ABD03FFFFFFFFFFFC9FFF00000015B11D42E1164084132A
10EC0D298F4882FF7910B0E1193257A96ABD1EDFFFFFFFFFFCAFFF00000015B11D42E11640841342
10EC05298F3B82FF7510B0DE193253A96ABEB1AFFFFFFFFFFCAFFF00000015B11E42E1164084135A
10EC0A298F3E82FF7110B0E2193254A97ABE042FFFFFFFFFFC9FFF00000015B11E42E11640841372
10EC16298F5182FF7310B0D319324AA97ABE03FFFFFFFFFFFC9FFF00000015B11E42E1174084138A
10EC0C298F4382FF7310B0CC193243A92ABF03FFFFFFFFFFFC9FFF00000015B11E42E117408413A2
10EC03298F3582FF7610B0C9193241A92ABF03FFFFFFFFFFFC9FFF00000015B11F42E117408403BA
10EBF7298F2082FF7910B0AD19322CA94ABD1A1FFFFFFFFFFCAFFF00000015B11F42E117408413D2
10EBEB298F1582FF7710B0AC19322AA94ABD997FFFFFFFFFFC9FFF00000015B11F42E118408413EA
10EBDF298F0182FF7510B0A2193222A93ABD042FFFFFFFFFFC9FFF00000015B11F42E11840841302
10EBDA298EF982FF7310B0A5193223A93ABE03FFFFFFFFFFFC9FFF00000015B11F42E1184084131A
10EBD2298EEB82FF7610B098193219A93ABE03FFFFFFFFFFFC9FFF00000015B12042E11840841332
10EBC6298EDB82FF7810B08619320CA92ABF03FFFFFFFFFFFC9FFF00000015B12042E1184084034A
10EBB3298EBB82FF7210B080193207A94AC012CFFFFFFFFFFCAFFF00000015B12042E11940841362
10EBAE298EB182FF6B10B087193209A95AC0884FFFFFFFFFFCBFFF00000015B12042E1194084137A
10EBB5298EBC82FF6F10B0761931FCA93ABF042FFFFFFFFFFCAFFF00000015B12142E11940841392
10EBB1298EB782FF7710B0611931EDA96ABE03FFFFFFFFFFFCAFFF00000015B12142E119408413AA
10EB98298E9482FF7D10B04C1931DBA97ABE03FFFFFFFFFFFC9FFF00000015B12142E11A408413C2
10EB7F298E6A82FF7B10B04C1931D9A98ABF03FFFFFFFFFFFC9FFF00000015B12142E11A408413DA
10EB7A298E6382FF7810B04C1931D8A96ABF09CFFFFFFFFFFC9FFF00000015B12242E11A408413F2
10EB76298E6282FF7310B04C1931D9A94ABE6C9FFFFFFFFFFC9FFF00000015B12242E11A4083F30A
10EB76298E5C82FF6C10B04D1931D7A95ABE887FFFFFFFFFFC9FFF00000015B12242E11B40840322
10EB7E298E6A82FF6910B04E1931D9A96ABE03FFFFFFFFFFFC9FFF00000015B12242E11B4084133A
10EB88298E7482FF7010B0451931D1A96ABE03FFFFFFFFFFFC9FFF00000015B12242E11B40841352
10EB7A298E6682FF7B10B0321931C3A97ABF03FFFFFFFFFFFC9FFF00000015B12342E11B4084036A
10EB68298E4A82FF8110B0271931BBA96ABF041FFFFFFFFFFCAFFF00000015B12342E11C40841382
10EB59298E3482FF8010B0241931B7A95ABF53AFFFFFFFFFFCAFFF00000015B12342E11C4083F39A
10EB51298E2582FF7710B02B1931BCA97ABE7A9FFFFFFFFFFC9FFF00000015B12342E11C4083F3B2
10EB5A298E3182FF6F10B02E1931BEA95ABC03FFFFFFFFFFFCAFFF00000015B12442E11C408403CA
10EB61298E3C82FF6910B0311931BEA93ABD03FFFFFFFFFFFCAFFF00000015B12442E11C408413E2
10EB6A298E4C82FF6B10B0301931BFA93ABE03FFFFFFFFFFFC9FFF00000015B12442E11D408413FA
10EB6F298E5282FF7710B0251931B6A99ABF03FFFFFFFFFFFC9FFF00000015B12442E11D4083F312
10EB5D298E3C82FF8010B0161931ADA9BAC04D1FFFFFFFFFFCAFFF00000015B12542E11D4083F32A
10EB4A298E1D82FF8210B0091931A2A9AABF763FFFFFFFFFFC9FFF00000015B12542E11D40840342
10EB44298E1182FF7A10B0131931A7A97ABD03FFFFFFFFFFFC9FFF00000015B12542E11E4083F35A
10EB3D298E0982FF7610B0141931A7A94ABD03FFFFFFFFFFFC9FFF00000015B12542E11E40840372
10EB46298E1582FF7410B0171931AAA97ABE03FFFFFFFFFFFC9FFF00000015B12542E11E4083F38A
10EB4A298E1A82FF7110B0131931A6A98ABF03FFFFFFFFFFFC9FFF00000015B12642E11E4083F3A2
10EB4A298E1982FF6F10B0171931ACA98ABF03FFFFFFFFFFFC9FFF00000015B12642E11F4083F3BA
10EB52298E2482FF7510B0151931A8A97ABF03FFFFFFFFFFFCAFFF00000015B12642E11F4083F3D2
10EB55298E2F82FF8110B00C1931A3A97ABE03FFFFFFFFFFFCAFFF00000015B12642E11F4083F3EA
10EB48298E1582FF8310B00A1931A0A95ABD03FFFFFFFFFFFCAFFF00000015B12742E11F4083F302
10EB41298E1182FF7E10B00319319AA95ABD03FFFFFFFFFFFCAFFF00000015B12742E1204083F31A
10EB3E298E0682FF7710B00B1931A0A97ABD03FFFFFFFFFFFCAFFF00000015B12742E1204083F332
10EB46298E1382FF7710B0131931A6A96ABE128FFFFFFFFFFC8FFF00000015B12742E1204084034A
10EB4A298E1882FF7710B00B19319EA96ABE03FFFFFFFFFFFC9FFF00000015B12742E1204083F362
10EB42298E0D82FF7710B001193199A96ABF22FFFFFFFFFFFCAFFF00000015B12842E1204083F37A
10EB3E298E0B82FF7D10AFF8193190A97ABF03FFFFFFFFFFFCAFFF00000015B12842E1214083F392
10EB35298DFA82FF8010AFF419318FA96ABF03FFFFFFFFFFFC9FFF00000015B12842E1214083F3AA
10EB33298DF782FF8510AFF219318BA93ABF046FFFFFFFFFFC9FFF00000015B12842E1214083F3C2
10EB32298DF582FF8110AFF7193190A93ABF03FFFFFFFFFFFCAFFF00000015B12942E1214083F3DA
10EB36298DFC82FF7A10B000193195A95ABF4D8FFFFFFFFFFC9FFF00000015B12942E1224083F3F2
10EB39298DFF82FF7710B00519319CA94ABF5B7FFFFFFFFFFC9FFF00000015B12942E1224083F30A
10EB45298E1682FF7B10B00B19319EA95ABF03FFFFFFFFFFFCAFFF00000015B12942E1224083F322
10EB42298E0E82FF8510B00419319AA95ABE03FFFFFFFFFFFC9FFF00000015B12942E1224083F33A
10EB3B298E0282FF8810AFFB193191A94ABE03FFFFFFFFFFFC9FFF00000015B12A42E1234083F352
10EB35298DFA82FF8010B000193198A95ABE03FFFFFFFFFFFCAFFF00000015B12A42E1234083F36A
10EB36298DFB82FF7B10B00819319BA94ABF03FFFFFFFFFFFC9FFF00000015B12A42E1234083F382
10EB3F298E0882FF7F10B00B19319EA94ABE03FFFFFFFFFFFC9FFF00000015B12A42E1234083F39A
10EB41298E0A82FF8410B00519319AA97ABE03FFFFFFFFFFFC9FFF00000015B12B42E1234083F3B2
10EB40298E0B82FF8810B00619319CA97ABE03FFFFFFFFFFFC9FFF00000015B12B42E1244083F3CA
10EB3C298E0482FF8610B00919319EA96ABE49CFFFFFFFFFFC9FFF00000015B12B42E1244083F3E2
10EB46298E1182FF8410B00D1931A1A97ABE043FFFFFFFFFFCAFFF00000015B12B42E1244083F3FA
10EB4D298E1E82FF8710B00C19319FA98ABE03FFFFFFFFFFFCAFFF00000015B12B42E1244083F312
10EB4A298E1A82FF8910B00C1931A1A97ABF04FFFFFFFFFFFCAFFF00000015B12C42E1254083F32A
10EB45298E1582FF8610B00C1931A1A97ABF03FFFFFFFFFFFCAFFF00000015B12C42E1254083F342
10EB44298E1082FF8310B0111931A6A96ABF03FFFFFFFFFFFC9FFF00000015B12C42E1254083F35A
10EB4C298E1D82FF8010B0151931A8A96ABF03FFFFFFFFFFFC9FFF00000015B12C42E1254083F372
10EB57298E2F82FF8910B0111931A5A95ABF03FFFFFFFFFFFC9FFF00000015B12D42E1264083F38A
10EB50298E2682FF9110B00619319DA93ABF03FFFFFFFFFFFC9FFF00000015B12D42E1264083F3A2
10EB43298E1282FF9210B001193198A96ABF053FFFFFFFFFFC9FFF00000015B12D42E1264083F3BA
10EB41298E0B82FF8C10B0131931A4A98ABE1F2FFFFFFFFFFC9FFF00000015B12D42E1264083F3D2
10EB52298E2882FF8410B01F1931AFA97ABD03FFFFFFFFFFFC9FFF00000015B12D42E1264083F3EA
10EB65298E4082FF8210B0251931B5A95ABD03FFFFFFFFFFFCAFFF00000015B12E42E1274083F302
10EB6C298E4E82FF8410B02B1931B9A95ABD03FFFFFFFFFFFCAFFF00000015B12E42E1274083F31A
10EB71298E5182FF8A10B02B1931BBA96ABE639FFFFFFFFFFC9FFF00000015B12E42E1274083F332
10EB72298E5582FF8F10B02D1931BCA97ABF03FFFFFFFFFFFCAFFF00000015B12E42E1274083F34A
10EB6F298E5582FF9210B02F1931BEA94ABF03FFFFFFFFFFFCAFFF00000015B12F42E1284083F362
10EB6F298E5182FF9110B0321931C0A93ABE03FFFFFFFFFFFCAFFF00000015B12F42E1284083F37A
10EB71298E5682FF8F10B0351931C4A98ABE05BFFFFFFFFFFC9FFF00000015B12F42E1284083F392
10EB74298E5A82FF9010B03B1931C5A96ABD03FFFFFFFFFFFC9FFF00000015B12F42E1284083F3AA
10EB77298E6382FF9110B03C1931C8A94ABE03FFFFFFFFFFFCAFFF00000015B12F42E1294083F3C2
10EB7B298E6682FF8A10B03F1931CBA97ABF03FFFFFFFFFFFCAFFF00000015B13042E1294083F3DA
10EB81298E6A82FF8510B0471931D2A96ABF03FFFFFFFFFFFCAFFF00000015B13042E1294083F3F2
10EB88298E7882FF8910B0491931D4A96ABE03FFFFFFFFFFFCAFFF00000015B13042E1294083F30A
10EB8B298E7B82FF9110B0451931D1A97ABF03FFFFFFFFFFFCAFFF00000015B13042E12A4083F322
10EB82298E7182FF9B10B03F1931CEA98AC0059FFFFFFFFFFCAFFF00000015B13042E12A4083F33A
10EB7E298E6C82FF9910B0401931CDA97AC003FFFFFFFFFFFCAFFF00000015B13142E12A4083F352
10EB7D298E6782FF9610B03E1931CBA97AC003FFFFFFFFFFFCAFFF00000015B13142E12A4083F36A
10EB7E298E6982FF9510B0401931CCA95AC003FFFFFFFFFFFCAFFF00000015B13142E12B4083F382
10EB80298E6A82FF8D10B0431931CFA96ABF633FFFFFFFFFFC9FFF00000015B13142E12B4083F39A
10EB7E298E6782FF8810B0491931D4A97ABF048FFFFFFFFFFC8FFF00000015B13242E12B4083F3B2
10EB85298E6F82FF8510B0521931D9A97ABF03FFFFFFFFFFFC9FFF00000015B13242E12B4083F3CA
10EB93298E8882FF9110B0531931DCA98ABE03FFFFFFFFFFFCAFFF00000015B13242E12B4083F3E2
10EB92298E8582FF9D10B0491931D6A98ABF03FFFFFFFFFFFCAFFF00000015B13242E12C4083F3FA
10EB7E298E6A82FFA010B0431931D2A95ABF03FFFFFFFFFFFC9FFF00000015B13242E12C4083D312
10EB79298E6482FF9B10B0461931D1A97ABF03FFFFFFFFFFFC9FFF00000015B13342E12C4083F32A
10EB7C298E6482FF8E10B04C1931D6A95ABE03FFFFFFFFFFFC9FFF00000015B13342E12C4083F342
10EB83298E7382FF8910B05A1931E1A96ABE03FFFFFFFFFFFC9FFF00000015B13342E12D4083F35A
10EB89298E7A82FF8F10B0561931DEA95ABD1AAFFFFFFFFFFCAFFF00000015B13342E12D4083F372
10EB8E298E8482FF9510B04F1931DAA94ABD183FFFFFFFFFFCAFFF00000015B13442E12D4083F38A
10EB8E298E8082FF9710B0561931DFA94ABE03FFFFFFFFFFFC9FFF00000015B13442E12D4083F3A2
10EB8C298E7E82FF9310B0531931DDA94ABE03FFFFFFFFFFFC9FFF00000015B13442E12E4083E3BA
10EB96298E9082FF9410B05C1931E2A92ABF03FFFFFFFFFFFC9FFF00000015B13442E12E4083F3D2
10EB9E298E9B82FF9C10B0541931DFA94ABE7D5FFFFFFFFFFCAFFF00000015B13442E12E4083F3EA
10EB96298E9082FFA010B0521931DBA95ABE03FFFFFFFFFFFC9FFF00000015B13542E12E4083E302
10EB90298E8482FF9D10B04D1931D9A96ABD03FFFFFFFFFFFC9FFF00000015B13542E12F4083D31A
10EB90298E8782FF9210B0571931E1A97ABF03FFFFFFFFFFFC9FFF00000015B13542E12F4083D332
10EB95298E8882FF8910B06C1931EFA97AC003FFFFFFFFFFFC9FFF00000015B13542E12F4083D34A
10EBB2298EB982FF8D10B08B19320AA99ABE03FFFFFFFFFFFC9FFF00000015B13642E12F4083F362
10EBB1298EB682FF9410B07E193201A98ABE03FFFFFFFFFFFC9FFF00000015B13642E1304083F37A
10EBA8298EA682FF9A10B06F1931F3A96AC003FFFFFFFFFFFC9FFF00000015B13642E1304083D392
10EB9F298E9E82FF9E10B0601931E9A94ABF03FFFFFFFFFFFCBFFF00000015B13642E1304083D3AA
10EB95298E8E82FF9B10B0621931EBA94ABE26CFFFFFFFFFFCAFFF00000015B13642E1304083D3C2
10EB9A298E9882FF9A10B0681931F0A94ABD4D6FFFFFFFFFFC9FFF00000015B13742E1304083D3DA
10EB98298E9482FF9510B06A1931F0A95ABD042FFFFFFFFFFC9FFF00000015B13742E1314083D3F2
10EB9F298E9C82FF8F10B082193201A93ABF03FFFFFFFFFFFC9FFF00000015B13742E1314083D30A
10EBB5298EBB82FF8F10B089193209A94ABF03FFFFFFFFFFFC9FFF00000015B13742E1314083D322
10EBBC298ECB82FF9010B089193208A97ABF03FFFFFFFFFFFC9FFF00000015B13842E1314083D33A
10EBC9298EDC82FF9B10B06F1931F6A98ABF03FFFFFFFFFFFC9FFF00000015B13842E1324083F352
10EBB5298EBE82FFA610B0681931F0A99ABF03FFFFFFFFFFFC9FFF00000015B13842E1324083F36A
10EBAB298EAF82FF9E10B0711931F7A97ABE03FFFFFFFFFFFCAFFF00000015B13842E1324083D382
10EBAC298EAF82FF9210B0741931F7A95ABE03FFFFFFFFFFFC9FFF00000015B13842E1324083D39A
10EBB3298EB782FF8C10B08D193209A93ABE21FFFFFFFFFFFC9FFF00000015B13942E1334083D3B2
10EBCE298EDE82FF8E10B0A319321BA94ABE043FFFFFFFFFFCAFFF00000015B13942E1334083D3CA
10EBF3298F1682FF9410B092193211A95ABE03FFFFFFFFFFFCBFFF00000015B13942E1334083D3E2
10EBDF298EFE82FF9810B095193216A94ABD03FFFFFFFFFFFC9FFF00000015B13942E1334083D3FA
10EBD7298EEE82FFA010B08C19320FA95ABE692FFFFFFFFFFCAFFF00000015B13A42E1344083D312
10EBC0298ED682FFA010B08C19320EA96ABE2BEFFFFFFFFFFCAFFF00000015B13A42E1344083D32A
10EBC5298ED582FF9610B099193216A93ABE1F7FFFFFFFFFFC9FFF00000015B13A42E1344083D342
10EBCF298EE682FF9010B0BB193232A93ABF043FFFFFFFFFFCAFFF00000015B13A42E1344083D35A
10EBE6298F0482FF8C10B0E4193250A92ABF03FFFFFFFFFFFCBFFF00000015B13B42E1354083D372
10EC10298F4682FF9210B0F9193262A95ABF03FFFFFFFFFFFCAFFF00000015B13B42E1354083D38A
10EC14298F4682FF9610B0D4193249A95ABF03FFFFFFFFFFFC9FFF00000015B13B42E1354083D3A2
10EC01298F2B82FF9A10B0BA193234A95ABF03FFFFFFFFFFFC9FFF00000015B13B42E1354083D3BA
10EBEC298F1782FF9E10B0AF19322BA94ABF03FFFFFFFFFFFC9FFF00000015B13B42E1364083D3D2
10EBDE298EFC82FF9B10B0B419322EA92ABE03FFFFFFFFFFFC9FFF00000015B13C42E1364083D3EA
10EBD4298EF182FF9710B0BE193235A96ABE63CFFFFFFFFFFC9FFF00000015B13C42E1364083D302
10EBE3298F0782FF8F10B0DF19324EA95ABE03FFFFFFFFFFFC9FFF00000015B13C42E1364083D31A
10EC44298F8182FF9110B10D193272A96ABF03FFFFFFFFFFFC8FFF00000015B13C42E1374083D332
10EC61298FB782FF9710B0F219325EA98ABF03FFFFFFFFFFFC8FFF00000015B13D42E1374083D34A
10EC3B298F8682FF9D10B0D4193249A97ABE03FFFFFFFFFFFC9FFF00000015B13D42E1374083D362
10EC20298F6282FFA010B0C519323FA96ABE03FFFFFFFFFFFC9FFF00000015B13D42E1374083D37A
10EC15298F4F82FF9C10B0DA19324EA96ABD03FFFFFFFFFFFC9FFF00000015B13D42E1384083D392
10EC12298F4982FF9710B0EF19325BA95ABD044FFFFFFFFFFC9FFF00000015B13D42E1384083D3AA
10EC23298F6182FF9110B11F19327FA97ABD03FFFFFFFFFFFCAFFF00000015B13E42E1384083D3C2
10EC6E298FCB82FF9310B1651932B4A97ABF03FFFFFFFFFFFC9FFF00000015B13E42E1384083D3DA
10EC90298FFA82FF9610B15C1932B1A96ABF03FFFFFFFFFFFC8FFF00000015B13E42E1394083D3F2
10ECA529901982FF9D10B14B1932A7A96ABF6EAFFFFFFFFFFC9FFF00000015B13E42E1394083D30A
10EC91298FFF82FF9E10B1481932A3A98ABE162FFFFFFFFFFCAFFF00000015B13F42E1394083D322
10EC85298FF182FF9D10B1581932B0A98ABD042FFFFFFFFFFC9FFF00000015B13F42E1394083D33A
10EC73298FD882FF9A10B1691932BEA98ABD03FFFFFFFFFFFC9FFF00000015B13F42E13A4083D352
10EC90298FFD82FF9710B1721932C3A97ABD03FFFFFFFFFFFC9FFF00000015B13F42E13A4083D36A
10ECA329901982FF9710B17C1932CCA97ABE03FFFFFFFFFFFC9FFF00000015B14042E13A4083D382
10ECB929903782FF9510B17C1932CEA97ABE03FFFFFFFFFFFC9FFF00000015B14042E13A4083D39A
10ECC429904582FF9410B1821932D2A97ABE049FFFFFFFFFFC9FFF00000015B14042E13B4083D3B2
10ECCB29905182FF9710B1881932D8A98ABD03FFFFFFFFFFFC9FFF00000015B14042E13B4083D3CA
10ECCF29905C82FF9D10B1831932D5A97ABD03FFFFFFFFFFFC9FFF00000015B14042E13B4083D3E2
10ECC329904482FFA310B17C1932CEA97ABD03FFFFFFFFFFFC9FFF00000015B14142E13B4083D3FA
10ECB129902E82FFA010B17C1932CFA96ABD694FFFFFFFFFFC9FFF00000015B14142E13C4083D312
10EC9A29900D82FF9B10B17F1932D0A97ABD03FFFFFFFFFFFCAFFF00000015B14142E13C4083D32A
10ECA129901782FF9110B1861932D4A97ABE03FFFFFFFFFFFC9FFF00000015B14142E13C4083D342
10ECBC29903B82FF9010B1911932DDA95ABF03FFFFFFFFFFFC9FFF00000015B14242E13C4083D35A
10ECCD29905782FF9610B1891932D6A95ABE03FFFFFFFFFFFC9FFF00000015B14242E13D4083D372
10ECCB29905382FFA010B17C1932CDA96ABE03FFFFFFFFFFFCAFFF00000015B14242E13D4083D38A
10ECC029904882FFA510B1691932C2A95ABF03FFFFFFFFFFFCAFFF00000015B14242E13D4083D3A2
10ECAC29902582FF9F10B1721932C6A94ABF03FFFFFFFFFFFCAFFF00000015B14242E13D4083D3BA
10EC9729900582FF9910B1751932C7A96ABE03FFFFFFFFFFFCAFFF00000015B14342E13E4083D3D2
10EC9F29901382FF9610B1761932C8A97ABE19AFFFFFFFFFFC9FFF00000015B14342E13E4083D3EA
10ECB629903382FF9710B1771932C8A95ABE479FFFFFFFFFFC9FFF00000015B14342E13E4083D302
10ECB829903682FF9610B1771932CAA95ABD046FFFFFFFFFFC9FFF00000015B14342E13E4083D31A
10ECBA29903882FF9B10B1741932C6A97ABD03FFFFFFFFFFFC9FFF00000015B14442E13F4083D332
10ECB629903582FFA110B16D1932C2A95ABC03FFFFFFFFFFFC9FFF00000015B14442E13F4083D34A
10ECAC29902382FFA210B1711932C4A95ABD03FFFFFFFFFFFC9FFF00000015B14442E13F4083D362
10ECA329901682FF9F10B16B1932C2A93ABE03FFFFFFFFFFFC8FFF00000015B14442E13F4083D37A
10ECA929902082FF9910B16D1932C1A94ABF03FFFFFFFFFFFC9FFF00000015B14442E1404083D392
10ECAC29902782FF9510B16D1932C0A96ABD03FFFFFFFFFFFCAFFF00000015B14542E1404083D3AA
10ECAE29902982FF9610B16B1932C0A96ABC03FFFFFFFFFFFCAFFF00000015B14542E1404083D3C2
10ECAD29902482FF9A10B1661932BBA96ABD161FFFFFFFFFFC9FFF00000015B14542E1404083D3DA
10ECA829901F82FFA110B15F1932B5A96ABC043FFFFFFFFFFC9FFF00000015B14542E1414083D3F2
10ECA329901A82FFA210B1621932B8A96ABD03FFFFFFFFFFFC9FFF00000015B14642E1414083D30A
10ECA029901382FFA310B15A1932B0A95ABD03FFFFFFFFFFFC9FFF00000015B14642E1414083D322
10EC9B29900B82FF9E10B1581932AFA94ABE5A8FFFFFFFFFFC9FFF00000015B14642E1414083D33A
10EC9D29900D82FF9310B1581932AFA94ABF28EFFFFFFFFFFCAFFF00000015B14642E1424083D352
10EC9A29900A82FF9210B1571932ACA92ABE28CFFFFFFFFFFC9FFF00000015B14642E1424083D36A
10ECA029900B82FF9910B1541932ABA92ABE048FFFFFFFFFFCAFFF00000015B14742E1424083D382
10EC9A29900882FFA310B1501932ABA96ABF03FFFFFFFFFFFCAFFF00000015B14742E1424083D39A
10EC94298FFF82FFA210B1531932ABA97ABF03FFFFFFFFFFFC9FFF00000015B14742E1434083D3B2
10EC91298FFA82FF9B10B1511932A8A96ABE03FFFFFFFFFFFC9FFF00000015B14742E1434083C3CA
10EC92298FFF82FF9710B1551932ABA94ABE03FFFFFFFFFFFCAFFF00000015B14842E1434083D3E2
10EC9829900382FF9D10B1511932A9A94ABD03FFFFFFFFFFFCAFFF00000015B14842E1434083D3FA
10EC9429900182FF9E10B14B1932A3A95ABC03FFFFFFFFFFFCBFFF00000015B14842E1444083D312
10EC8F298FFA82FF9910B14F1932A7A96ABD618FFFFFFFFFFCAFFF00000015B14842E1444083D32A
10EC8E298FF882FF9710B14B1932A3A95ABD03FFFFFFFFFFFC9FFF00000015B14842E1444083D342
10EC8D298FF582FF9910B1481932A2A95ABE03FFFFFFFFFFFC9FFF00000015B14942E1444083D35A
10EC8A298FF582FF9F10B14519329DA94ABE03FFFFFFFFFFFC9FFF00000015B14942E1444083C372
10EC89298FEF82FFA110B14019329AA93ABD03FFFFFFFFFFFC8FFF00000015B14942E1454083D38A
10EC89298FEF82FFA010B14119329BA93ABD03FFFFFFFFFFFCAFFF00000015B14942E1454083D3A2
10EC86298FE982FF9A10B13F19329AA93ABC03FFFFFFFFFFFC9FFF00000015B14A42E1454083D3BA
10EC84298FE682FF9610B13E193298A96ABD1E1FFFFFFFFFFC9FFF00000015B14A42E1454083D3D2
10EC81298FE182FF9510B13C193296A96ABD046FFFFFFFFFFC9FFF00000015B14A42E1464083D3EA
10EC83298FE182FF9610B13D193297A96ABD1E1FFFFFFFFFFCAFFF00000015B14A42E1464083D302
10EC82298FE482FF9D10B13C193297A95ABD2F8FFFFFFFFFFCAFFF00000015B14A42E1464083D31A
10EC7E298FDF82FFA210B13A193295A94ABE03FFFFFFFFFFFC9FFF00000015B14B42E1464083C332
10EC7C298FD982FFA110B133193290A95ABE03FFFFFFFFFFFC9FFF00000015B14B42E1474083D34A
10EC79298FD482FF9910B136193293A95ABF03FFFFFFFFFFFCAFFF00000015B14B42E1474083D362
10EC7B298FD782FF9410B13219328EA95ABF03FFFFFFFFFFFCAFFF00000015B14B42E1474083D37A
10EC76298FD582FF9610B13119328DA95ABE03FFFFFFFFFFFCAFFF00000015B14B42E1474083D392
10EC74298FD282FF9910B12E19328CA96ABF03FFFFFFFFFFFCAFFF00000015B14C42E1484083C3AA
10EC76298FD082FF9B10B133193291A95ABE03FFFFFFFFFFFC9FFF00000015B14C42E1484083C3C2
10EC6F298FC982FF9B10B115193278A95ABE03FFFFFFFFFFFC9FFF00000015B14C42E1484083C3DA
10EC5F298FB182FF9D10B12A193289A94ABD401FFFFFFFFFFCAFFF00000015B14C42E1484083D3F2
10EC61298FAE82FF9B10B11919327BA94ABE052FFFFFFFFFFCAFFF00000015B14D42E1494083C30A
10EC5A298FAA82FF9710B12119327EA94ABE03FFFFFFFFFFFCAFFF00000015B14D42E1494083D322
10EC5E298FB082FF9610B126193283A95ABF211FFFFFFFFFFCAFFF00000015B14D42E1494083D33A
10EC62298FB182FF9510B11F19327EA95ABF048FFFFFFFFFFC9FFF00000015B14D42E1494083C352
10EC58298FA482FF9C10B117193276A95ABE03FFFFFFFFFFFC9FFF00000015B14D42E14A4083C36A
10EC52298F9B82FF9E10B10719326EA93ABE03FFFFFFFFFFFC9FFF00000015B14E42E14A4083C382
10EC4B298F9982FF9D10B10519326BA95ABE03FFFFFFFFFFFCAFFF00000015B14E42E14A4083C39A
10EC4D298F9482FF9B10B10B19326FA96ABE03FFFFFFFFFFFC9FFF00000015B14E42E14A4083C3B2
10EC50298F9682FF9410B110193273A96ABD05DFFFFFFFFFFC9FFF00000015B14E42E14B4083C3CA
10EC4A298F9482FF9610B10F193270A95ABE331FFFFFFFFFFCAFFF00000015B14F42E14B4083C3E2
10EC25298F5F82FF9710B0F619325FA96ABD03FFFFFFFFFFFCAFFF00000015B14F42E14B4083C3FA
10EC2B298F6482FF9910B0E8193254A97ABD03FFFFFFFFFFFCAFFF00000015B14F42E14C4083C312
10EC1A298F4E82FF9C10B0D7193247A97ABE03FFFFFFFFFFFCAFFF00000015B14F42E14C4083C32A
10EC0E298F3D82FF9B10B0C9193241A95ABEA46FFFFFFFFFFC9FFF00000015B14F42E14C4083C342
10EBF0298F1182FF9D10B0B119322AA96ABE03FFFFFFFFFFFC9FFF00000015B15042E14C4083C35A
10EBEB298F0B82FF9B10B0CC19323BA96ABE03FFFFFFFFFFFCAFFF00000015B15042E14D4083C372
10EC13298F4382FF9D10B0EC193251A97ABE03FFFFFFFFFFFCAFFF00000015B15042E14D4083C38A
10EC3B298F7682FF9910B0F1193258A98ABD300FFFFFFFFFFCAFFF00000015B15042E14D4083C3A2
10EC51298F9582FF9410B0F719325EA98ABD142FFFFFFFFFFCAFFF00000015B15142E14D4083C3BA
10EC45298F8682FF9610B117193275A98ABE0BFFFFFFFFFFFC9FFF00000015B15142E14E4083C3D2
10EC4E298F9282FF9C10B10A19326EA96ABF03FFFFFFFFFFFCAFFF00000015B15142E14E4083C3EA
10EC4F298F9782FFA410B113193274A95ABE03FFFFFFFFFFFCAFFF00000015B15142E14E4083B302
10EC58298FA682FFA210B10F193272A94ABE3D5FFFFFFFFFFCAFFF00000015B15142E14E4083C31A
10EC56298F9F82FF9A10B10A19326DA94ABD561FFFFFFFFFFC9FFF00000015B15242E14F4083C332
10EC41298F8682FF9410B10C19326FA93ABC03FFFFFFFFFFFC9FFF00000015B15242E14F4083C34A
10EC49298F8782FF9210B10C19326FA93ABC03FFFFFFFFFFFCAFFF00000015B15242E14F4083B362
10EC50298F9A82FF9410B10F193271A94ABD03FFFFFFFFFFFCAFFF00000015B15242E14F4083C37A
10EC4E298F9582FF9910B10A19326FA93ABE03FFFFFFFFFFFCAFFF00000015B15342E1504083C392
10EC50298F9782FF9F10B0FE193265A95ABE03FFFFFFFFFFFC8FFF00000015B15342E1504083C3AA
10EC3F298F8382FFA610B0CF193244A95ABC03FFFFFFFFFFFC8FFF00000015B15342E1504083C3C2
10EC37298F7982FFA110B0F519325EA95ABC03FFFFFFFFFFFC9FFF00000015B15342E1504083B3DA
10EC38298F7482FF9610B0ED193258A96ABD03FFFFFFFFFFFC9FFF00000015B15442E1514083B3F2
10EC30298F6B82FF8D10B0F419325CA96ABE595FFFFFFFFFFC9FFF00000015B15442E1514083B30A
10EC37298F7182FF8E10B101193265A95ABE061FFFFFFFFFFC9FFF00000015B15442E1514083C322
10EC3F298F7F82FF9410B0F0193259A94ABE03FFFFFFFFFFFC9FFF00000015B15442E1514083B33A
10EC32298F6E82FF9A10B0E5193253A95ABE03FFFFFFFFFFFCAFFF00000015B15442E1524083B352
10EC21298F5582FFA410B0C4193239A95ABD03FFFFFFFFFFFCAFFF00000015B15542E1524083C36A
10EC0D298F3C82FFA010B0DC19324CA96ABE03FFFFFFFFFFFC8FFF00000015B15542E1524083B382
10EC24298F5882FF9710B10A19326AA99ABE03FFFFFFFFFFFC8FFF00000015B15542E1524083B39A
10EC4F298F9882FF8F10B110193272A98ABE03FFFFFFFFFFFC9FFF00000015B15542E1534083B3B2
10EC5E298FAD82FF8A10B111193270A94ABE03FFFFFFFFFFFCAFFF00000015B15642E1534083B3CA
10EC5D298FAA82FF9010B101193266A94ABD05FFFFFFFFFFFC9FFF00000015B15642E1534083B3E2
10EC48298F9082FF9A10B0D5193246A94ABD37CFFFFFFFFFFC9FFF00000015B15642E1534083B3FA
10EC38298F7B82FFA010B0F719325FA96ABD03FFFFFFFFFFFCAFFF00000015B15642E1544083B312
10EC36298F7582FF9C10B0FC193264A96ABD03FFFFFFFFFFFCAFFF00000015B15642E1544083B32A
10EC42298F8382FF9210B0F519325DA96ABD03FFFFFFFFFFFCAFFF00000015B15742E1544083B342
10EC35298F7282FF8C10B0F519325DA95ABE03FFFFFFFFFFFC9FFF00000015B15742E1554083B35A
10EC38298F7582FF8C10B0F7193260A95ABE34FFFFFFFFFFFC9FFF00000015B15742E1554083B372
10EC3D298F7D82FF9010B0FF193264A96ABE055FFFFFFFFFFC9FFF00000015B15742E1554083B38A
10EC49298F8E82FF9810B104193269A93ABE03FFFFFFFFFFFCAFFF00000015B15842E1554083B3A2
10EC48298F8A82FF9C10B101193268A93ABD03FFFFFFFFFFFC9FFF00000015B15842E1564083B3BA
10EC42298F8582FF9610B0F8193263A96ABE144FFFFFFFFFFC8FFF00000015B15842E1564083B3D2
10EC39298F7882FF8E10B0EA193257A93ABD0CDFFFFFFFFFFC8FFF00000015B15842E1564083B3EA
10EC23298F5B82FF8B10B0EB193256A94ABE03FFFFFFFFFFFCAFFF00000015B15942E1564083B302
10EC20298F5282FF8B10B0E3193250A95ABD03FFFFFFFFFFFC9FFF00000015B15942E1574083B31A
10EC1A298F4D82FF8C10B0DA193249A94ABC3FFFFFFFFFFFFC9FFF00000015B15942E1574083B332
10EC14298F4682FF8B10B0DC193249A95ABD5ACFFFFFFFFFFCAFFF00000015B15942E1574083B34A
10EC21298F5782FF8E10B0E319324FA95ABE03FFFFFFFFFFFCAFFF00000015B15942E1574083B362
10EC28298F5B82FF9010B0E319324FA95ABF03FFFFFFFFFFFCBFFF00000015B15A42E1584083B37A
10EC24298F5D82FF9510B0DE19324CA96ABF03FFFFFFFFFFFC9FFF00000015B15A42E1584083B392
10EC1D298F5182FF9110B0DB193248A99ABF03FFFFFFFFFFFC9FFF00000015B15A42E1584083B3AA
10EC18298F4882FF8910B0E9193253A98ABE03FFFFFFFFFFFC9FFF00000015B15A42E1584083B3C2
10EC1D298F5082FF8210B0F0193259A97ABD384FFFFFFFFFFC9FFF00000015B15B42E1594083B3DA
10EC35298F7482FF7B10B10E19326CA95ABD059FFFFFFFFFFC9FFF00000015B15B42E1594083B3F2
10EC53298F9F82FF8710B117193276A96ABD03FFFFFFFFFFFC8FFF00000015B15B42E1594083B30A
10EC54298FA082FF8F10B10619326CA97ABC03FFFFFFFFFFFC9FFF00000015B15B42E15A4083B322
10EC49298F8D82FF9110B0FD193265A96ABC03FFFFFFFFFFFCAFFF00000015B15B42E15A4083B33A
10EC40298F7F82FF8D10B0F9193262A94ABD03FFFFFFFFFFFCAFFF00000015B15C42E15A4083B352
10EC3D298F7C82FF8110B101193267A92ABE03FFFFFFFFFFFC9FFF00000015B15C42E15A4083B36A
10EC37298F7482FF7D10B10719326BA92ABF03FFFFFFFFFFFC9FFF00000015B15C42E15B4083B382
10EC3E298F7E82FF7B10B10C19326FA94ABF03FFFFFFFFFFFCAFFF00000015B15C42E15B4083B39A
10EC4A298F8D82FF7C10B112193272A94ABF52BFFFFFFFFFFCAFFF00000015B15D42E15B4083B3B2
10EC54298F9E82FF8310B10919326EA94ABF79CFFFFFFFFFFCAFFF00000015B15D42E15B4083B3CA
10EC54298F9C82FF8410B10919326EA95ABE03FFFFFFFFFFFCAFFF00000015B15D42E15C4083B3E2
10EC4D298F9482FF8410B118193278A94ABF03FFFFFFFFFFFCAFFF00000015B15D42E15C4083B3FA
10EC50298F9882FF8310B11A19327AA94ABE03FFFFFFFFFFFCAFFF00000015B15E42E15C4083B312
10EC5A298FA582FF7D10B116193277A98ABE03FFFFFFFFFFFC9FFF00000015B15E42E15C4083B32A
10EC5E298FAC82FF7610B119193278A9BABE31EFFFFFFFFFFC9FFF00000015B15E42E15D4083B342
10EC60298FAD82FF7510B11E19327CA99ABDCB7FFFFFFFFFFC9FFF00000015B15E42E15D4083B35A
10EC63298FB382FF7710B12219327FA98ABC3ABFFFFFFFFFFCAFFF00000015B15E42E15D40839372
10EC67298FB682FF7910B123193281A95ABD03FFFFFFFFFFFC9FFF00000015B15F42E15E4083B38A
10EC68298FB982FF7F10B123193281A92ABD03FFFFFFFFFFFC9FFF00000015B15F42E15E4083B3A2
10EC68298FBC82FF7E10B12019327FA95ABD03FFFFFFFFFFFC8FFF00000015B15F42E15E4083B3BA
10EC69298FB882FF7910B123193281A95ABC082FFFFFFFFFFC9FFF00000015B15F42E15E4083B3D2
10EC65298FB582FF7510B125193284A96ABCA7BFFFFFFFFFFCAFFF00000015B16042E15F4083B3EA
10EC6A298FBA82FF7210B12C193286A94ABE349FFFFFFFFFFC9FFF00000015B16042E15F40839302
10EC6E298FC582FF7510B12E193289A93ABE03FFFFFFFFFFFC9FFF00000015B16042E15F4083B31A
10EC70298FC282FF7010B13719328FA93ABF03FFFFFFFFFFFC9FFF00000015B16042E15F4083B332
10EC75298FC982FF7010B14719329BA93ABE03FFFFFFFFFFFC9FFF00000015B16142E1604083B34A
10EC80298FD982FF7610B141193298A93ABE04EFFFFFFFFFFC9FFF00000015B16142E1604083B362
10EC86298FE482FF7910B13B193296A92ABD7B4FFFFFFFFFFC9FFF00000015B16142E1604083937A
10EC75298FCD82FF7610B13F193298A92ABD2BDFFFFFFFFFFC9FFF00000015B16142E1604083B392
10EC75298FCB82FF6A10B14319329AA92ABD6FFFFFFFFFFFFC9FFF00000015B16142E1614083B3AA
10EC7B298FD882FF6610B15C1932AAA92ABE577FFFFFFFFFFCBFFF00000015B16242E1614083B3C2
10ECA529900C82FF6A10B1531932A7A95ABE03FFFFFFFFFFFCBFFF00000015B16242E161408393DA
10EC8F298FF382FF6F10B13D193295A96ABE03FFFFFFFFFFFC9FFF00000015B16242E162408393F2
10EC81298FE082FF7110B13319328EA95ABE03FFFFFFFFFFFC9FFF00000015B16242E1624083B30A
10EC7B298FDC82FF6D10B138193292A95ABE03FFFFFFFFFFFCAFFF00000015B16342E16240839322
10EC75298FCE82FF6D10B13019328CA94ABF555FFFFFFFFFFCAFFF00000015B16342E1624083B33A
10EC6F298FC382FF6C10B12D193288A95ABE4A3FFFFFFFFFFC9FFF00000015B16342E1634083B352
10EC6D298FBE82FF6A10B129193286A97ABE03FFFFFFFFFFFC9FFF00000015B16342E1634083936A
10EC68298FB782FF6510B12D193288A96ABE03FFFFFFFFFFFC9FFF00000015B16442E16340839382
10EC69298FB782FF6310B13219328BA94ABF351FFFFFFFFFFC9FFF00000015B16442E1634083939A
10EC78298FD082FF6510B13F193297A96ABFA56FFFFFFFFFFCAFFF00000015B16442E164408393B2
10EC8F298FF082FF6D10B14819329CA97ABE03FFFFFFFFFFFCAFFF00000015B16442E164408393CA
10EC93298FF782FF7210B14719329FA98ABE03FFFFFFFFFFFCAFFF00000015B16442E164408393E2
10EC8F298FF182FF6D10B1521932A6A97ABE03FFFFFFFFFFFCAFFF00000015B16542E164408393FA
10EC94298FFA82FF6310B1661932B6A93ABE327FFFFFFFFFFCAFFF00000015B16542E16540839312
10ECAA29901882FF5F10B1771932C3A94ABD245FFFFFFFFFFC9FFF00000015B16542E1654083932A
10ECCC29904982FF6310B16E1932BDA93ABE8A0FFFFFFFFFFC9FFF00000015B16542E16540839342
10ECB529902C82FF6910B1611932B4A92ABE1AEFFFFFFFFFFC9FFF00000015B16642E1654083935A
10ECA729901E82FF6A10B15C1932B0A92ABFAF0FFFFFFFFFFC9FFF00000015B16642E1664083B372
10ECA029901082FF6910B15D1932B0A94ABD095FFFFFFFFFFC9FFF00000015B16642E1664083938A
10EC9929900282FF6910B1541932AAA95ABD03FFFFFFFFFFFCAFFF00000015B16642E166408393A2
10EC96298FFE82FF6810B1551932AAA93ABE03FFFFFFFFFFFCAFFF00000015B16642E166408393BA
10EC92298FF882FF6710B1531932A9A92ABD03FFFFFFFFFFFCAFFF00000015B16742E167408393D2
10EC8B298FEE82FF6410B1591932ACA93ABD144FFFFFFFFFFCAFFF00000015B16742E167408393EA
10EC91298FF682FF6310B15E1932B0A96ABD903FFFFFFFFFFC8FFF00000015B16742E16740839302
10EC93298FF982FF6410B1591932ACA96ABD089FFFFFFFFFFCAFFF00000015B16742E1684083931A
10EC93298FFB82FF6810B1501932A5A98ABD03FFFFFFFFFFFCAFFF00000015B16842E16840839332
10EC89298FEE82FF6B10B14B1932A4A98ABD03FFFFFFFFFFFC9FFF00000015B16842E1684083934A
10EC84298FE382FF6A10B14719329FA9AABE03FFFFFFFFFFFCAFFF00000015B16842E16840839362
10EC82298FDE82FF6910B14419329DA98ABE0AAFFFFFFFFFFCAFFF00000015B16842E1694083937A
10EC83298FDF82FF6510B14319329AA96ABE70DFFFFFFFFFFC9FFF00000015B16842E16940839392
10EC85298FDE82FF6210B14519329DA96ABE893FFFFFFFFFFC9FFF00000015B16942E169408393AA
10EC86298FE582FF6210B14519329AA95ABF03FFFFFFFFFFFCAFFF00000015B16942E169408393C2
10EC89298FED82FF6510B140193299A95ABE03FFFFFFFFFFFC9FFF00000015B16942E16A408393DA
10EC87298FE582FF6E10B14719329DA97ABE03FFFFFFFFFFFC9FFF00000015B16942E16A408393F2
10EC84298FE382FF6C10B14319329CA95ABE03FFFFFFFFFFFC9FFF00000015B16A42E16A4083930A
10EC81298FDD82FF6610B14919329EA96ABD3DBFFFFFFFFFFCAFFF00000015B16A42E16A40839322
10EC8D298FEC82FF6110B1501932A5A99ABE7C8FFFFFFFFFFC9FFF00000015B16A42E16B4083933A
10EC9929900182FF6310B15C1932AEA97ABE32EFFFFFFFFFFC9FFF00000015B16A42E16B40839352
10EC9B29900782FF6610B15C1932AFA95ABEA9CFFFFFFFFFFC9FFF00000015B16A42E16B4083936A
10EC9F29900D82FF6910B15F1932B2A95ABE03FFFFFFFFFFFC9FFF00000015B16B42E16B40839382
10EC9D29900782FF6A10B15A1932AEA95ABE03FFFFFFFFFFFC9FFF00000015B16B42E16C4083939A
10ECA429901382FF6910B1681932B9A95ABD03FFFFFFFFFFFC9FFF00000015B16B42E16C408393B2
10ECA729901A82FF6B10B1701932C1A92ABD03FFFFFFFFFFFCAFFF00000015B16B42E16C408393CA
10ECAE29902082FF6810B1771932C4A93ABC2B8FFFFFFFFFFCAFFF00000015B16C42E16C408393E2
10ECB929903782FF6510B1891932D6A93ABD936FFFFFFFFFFC9FFF00000015B16C42E16D408393FA
10ECE229906382FF6410B1B11932F3A93ABD03FFFFFFFFFFFCAFFF00000015B16C42E16D40839312
10ECF829909282FF6610B1B21932F6A94ABE03FFFFFFFFFFFC9FFF00000015B16C42E16D4083932A
10ECFF29909C82FF6C10B19E1932EBA93ABF03FFFFFFFFFFFC9FFF00000015B16C42E16D40839342
10ECDB29906482FF6B10B1991932E5A96ABE453FFFFFFFFFFCAFFF00000015B16D42E16E4083935A
10ECC529904482FF6810B1941932E0A96ABD247FFFFFFFFFFC8FFF00000015B16D42E16E40839372
10ECC329904082FF6910B1951932DFA95ABD84BFFFFFFFFFFC8FFF00000015B16D42E16E4083938A
10ECB829903182FF6910B18C1932D8A96ABE03FFFFFFFFFFFC9FFF00000015B16D42E16E408393A2
10ECAC29902082FF6A10B17E1932CEA96ABE03FFFFFFFFFFFC9FFF00000015B16E42E16F408393BA
10ECAF29901F82FF6210B1861932D3A95ABE03FFFFFFFFFFFC9FFF00000015B16E42E16F408393D2
10ECC029903D82FF6010B1A51932E9A92ABD03FFFFFFFFFFFC9FFF00000015B16E42E16F408393EA
10ECF229908382FF6A10B19F1932E7A93ABD173FFFFFFFFFFC9FFF00000015B16E42E16F40839302
10ECE229906D82FF7110B1901932DDA93ABC72EFFFFFFFFFFC9FFF00000015B16E42E1704083931A
10ECC529904482FF7110B1841932D3A93ABC03FFFFFFFFFFFC9FFF00000015B16F42E17040839332
10ECB829903182FF6A10B1A21932E9A97ABC03FFFFFFFFFFFC9FFF00000015B16F42E1704083934A
10ECFD29909482FF6910B1E0193315A97ABC03FFFFFFFFFFFC9FFF00000015B16F42E17040839362
10ED1A2990B982FF6710B1FE193330A97ABC03FFFFFFFFFFFCAFFF00000015B16F42E1714083937A
10ED4B29910282FF6210B25F193374A96ABC08FFFFFFFFFFFC9FFF00000015B17042E17140839392
10ED9A29917982FF6410B2D01933C8A97ABC79EFFFFFFFFFFC9FFF00000015B17042E171408393AA
10EE2229922A82FF6910B2AD1933B7A97ABE957FFFFFFFFFFC9FFF00000015B17042E171408393C2
10EE0C29920D82FF7210B263193385A98ABE076FFFFFFFFFFCAFFF00000015B17042E172408393DA
10EDAA29919582FF7310B253193384A99ABE03FFFFFFFFFFFC9FFF00000015B17042E172408393F2
10ED6A29913382FF6E10B236193364A98ABE03FFFFFFFFFFFC9FFF00000015B17142E1724083930A
10ED222990CB82FF6810B24719336DA96ABD03FFFFFFFFFFFCAFFF00000015B17142E17240839322
10ED3D2990F382FF6210B27A19338AA98ABE505FFFFFFFFFFC9FFF00000015B17142E1734083933A
10ED8929916282FF6210B3051933F5A96ABE49EFFFFFFFFFFC9FFF00000015B17142E17340839352
10EE0329920F82FF6710B3081933FFA95ABE03FFFFFFFFFFFCAFFF00000015B17142E1734083936A
10EE5429927282FF7010B2E51933E6A94ABE03FFFFFFFFFFFC9FFF00000015B17242E17340839382
10EE2029923382FF7310B2E31933E6A94ABD03FFFFFFFFFFFCAFFF00000015B17242E1744083939A
10EE1529922C82FF6E10B2F81933F5A95ABD03FFFFFFFFFFFCAFFF00000015B17242E174408393B2
10EE3229925782FF6A10B356193439A94ABD03FFFFFFFFFFFC9FFF00000015B17242E174408393CA
10EE882992C882FF6A10B3E219349AA95ABC03FFFFFFFFFFFC9FFF00000015B17342E174408393E2
10EEEA29935182FF6810B4241934C7A93ABC03FFFFFFFFFFFCAFFF00000015B17342E175408393FA
10EF9329943982FF6510B49A193530A95ABD03FFFFFFFFFFFCAFFF00000015B17342E17540839312
10F0172994ED82FF6710B4FB193576A95ABE4AEFFFFFFFFFFC9FFF00000015B17342E1754083932A
10F07529956182FF6E10B4BA193550A92ABF56FFFFFFFFFFFC9FFF00000015B17342E17540839342
10F0212994FC82FF7510B42A1934E7A92ABF03FFFFFFFFFFFC9FFF00000015B17442E1764083935A
10EFC929948382FF7410B4351934F1A93ABE03FFFFFFFFFFFC9FFF00000015B17442E17640839372
10EF5C2993EE82FF6E10B46319350DA95ABE03FFFFFFFFFFFC9FFF00000015B17442E1764083938A
10EF322993B982FF6810B48E19352FA96ABE03FFFFFFFFFFFC9FFF00000015B17442E176408393A2
10EF8429942382FF6410B4D9193561A95ABE03FFFFFFFFFFFC9FFF00000015B17542E177408393BA
10F0092994DE82FF6810B50919358BA95ABD03FFFFFFFFFFFCAFFF00000015B17542E177408393D2
10F04229951982FF7110B48519352FA94ABC03FFFFFFFFFFFC9FFF00000015B17542E177408393EA
10EFD829948F82FF7610B486193533A95ABC03FFFFFFFFFFFC9FFF00000015B17542E17740839302
10EFA629945582FF7710B4EA193571A95ABC221FFFFFFFFFFC9FFF00000015B17542E1784083931A
10EFED2994BC82FF7510B5431935B4A93ABD159FFFFFFFFFFC9FFF00000015B17642E17840839332
10F07129957582FF6E10B5D8193629A92ABD03FFFFFFFFFFFCAFFF00000015B17642E1784083934A
10F0DA2995FE82FF6A10B667193684A95ABC03FFFFFFFFFFFCAFFF00000015B17642E17840839362
10F1722996D282FF6A10B6A01936BDA9AABC39EFFFFFFFFFFC9FFF00000015B17642E1794083937A
10F1CA29974982FF6F10B6791936A8A99ABC97AFFFFFFFFFFC8FFF00000015B17742E17940839392
10F1C229973A82FF6F10B631193676A97ABC082FFFFFFFFFFC9FFF00000015B17742E179408393AA
10F1BB29973382FF7210B65F193697A94ABC03FFFFFFFFFFFC9FFF00000015B17742E179408393C2
10F1EE29976A82FF7510B664193699A94ABC03FFFFFFFFFFFC9FFF00000015B17742E17A408393DA
10F1D929975F82FF7610B66E1936A4A93ABB03FFFFFFFFFFFC9FFF00000015B17742E17A408393F2
10F1D929976382FF7210B6D41936EEA92ABC03FFFFFFFFFFFCAFFF00000015B17842E17A4083930A
10F21A2997BB82FF6910B70E193712A92ABD03FFFFFFFFFFFC9FFF00000015B17842E17A40839322
10F2AA29988282FF6910B7BD19379EA94ABC03FFFFFFFFFFFC9FFF00000015B17842E17B4083933A
10F30329990182FF6E10B7C91937B2A96ABC03FFFFFFFFFFFC9FFF00000015B17842E17B40839352
10F2EA2998E582FF7310B7B219379FA94ABC355FFFFFFFFFFC9FFF00000015B17842E17B4083936A
10F2B229988D82FF7810B77E193779A94ABC06FFFFFFFFFFFC8FFF00000015B17942E17B40839382
10F27029984682FF7610B763193762A95ABC03FFFFFFFFFFFC8FFF00000015B17942E17C4083939A
10F23A29980482FF7110B76F19376DA94ABC03FFFFFFFFFFFC9FFF00000015B17942E17C408383B2
10F2272997E382FF6B10B78719377BA96ABC03FFFFFFFFFFFCAFFF00000015B17942E17C408383CA
10F26A29983382FF6810B7B819379FA94ABD03FFFFFFFFFFFCAFFF00000015B17A42E17C408383E2
10F2E02998DA82FF6B10B7ED1937CDA92ABC4F8FFFFFFFFFFCAFFF00000015B17A42E17D408393FA
10F34129995F82FF7310B7E51937C5A93ABC089FFFFFFFFFFCAFFF00000015B17A42E17D40839312
10F34829996E82FF7810B7C41937B0A95ABC03FFFFFFFFFFFC9FFF00000015B17A42E17D4083932A
10F31729992C82FF7910B7BD1937ADA98ABB049FFFFFFFFFFC8FFF00000015B17A42E17D40839342
10F31729992882FF7310B7D61937BEA98ABC377FFFFFFFFFFC9FFF00000015B17B42E17E4083835A
10F30829991B82FF6D10B7FA1937D6A96ABC03FFFFFFFFFFFCAFFF00000015B17B42E17E40839372
10F33029995582FF6A10B8141937EEA96ABB03FFFFFFFFFFFCAFFF00000015B17B42E17E4083938A
10F3802999C382FF6C10B836193809A93ABC03FFFFFFFFFFFCAFFF00000015B17B42E17E408393A2
10F38E2999D582FF7410B8151937F1A90ABC9D0FFFFFFFFFFC9FFF00000015B17B42E17F408383BA
10F3802999C482FF7810B8101937EFA93ABC03FFFFFFFFFFFC8FFF00000015B17C42E17F408383D2
10F36329999982FF7310B8211937FCA95ABC03FFFFFFFFFFFC9FFF00000015B17C42E17F408393EA
10F34529997482FF6D10B83719380AA96ABB03FFFFFFFFFFFC9FFF00000015B17C42E17F40838302
10F3652999A382FF6C10B853193821A97ABA03FFFFFFFFFFFCAFFF00000015B17C42E1804083831A
10F3AB2999FC82FF7010B843193815A96ABA03FFFFFFFFFFFC8FFF00000015B17D42E18040839332
10F38C2999D182FF7110B82C19380AA94ABB03FFFFFFFFFFFC9FFF00000015B17D42E1804083934A
10F36E2999AA82FF7310B81B1937FCA93ABB51DFFFFFFFFFFC9FFF00000015B17D42E18040838362
10F34F29997D82FF7410B7E71937D0A93ABB090FFFFFFFFFFC9FFF00000015B17D42E1814083837A
10F34A29996F82FF7610B7C51937B8A93ABB253FFFFFFFFFFC9FFF00000015B17D42E18140839392
10F31029992782FF7510B7B61937ADA93ABB42EFFFFFFFFFFC9FFF00000015B17E42E181408393AA
10F2E72998F282FF7210B7B91937AEA93ABB03FFFFFFFFFFFC9FFF00000015B17E42E181408383C2
10F2E42998DE82FF6F10B7D41937C1A92ABC03FFFFFFFFFFFCAFFF00000015B17E42E182408393DA
10F2ED2998F882FF6A10B7FD1937D9A92ABB03FFFFFFFFFFFCAFFF00000015B17E42E182408383F2
10F32C29994582FF6B10B84019380EA94ABC03FFFFFFFFFFFC9FFF00000015B17F42E1824083830A
10F37A2999B782FF7110B81E1937F7A94ABC03FFFFFFFFFFFC9FFF00000015B17F42E18240838322
10F34D29997A82FF7810B7DF1937CBA95ABC03FFFFFFFFFFFCAFFF00000015B17F42E1834083933A
10F2FB29990482FF7C10B79A193795A97ABD03FFFFFFFFFFFCAFFF00000015B17F42E18340839352
10F26129983282FF7710B7A0193799A94ABC03FFFFFFFFFFFCAFFF00000015B17F42E1834083836A
10F28629985A82FF6F10B7D11937BAA93ABB3B1FFFFFFFFFFCAFFF00000015B18042E18340839382
10F2AF2998A082FF6A10B7FA1937D7A94ABB07CFFFFFFFFFFCAFFF00000015B18042E1844083839A
10F33B29995C82FF6910B7FB1937D3A94ABB03FFFFFFFFFFFC9FFF00000015B18042E184408383B2
10F36929999382FF6D10B8111937ECA93ABC54FFFFFFFFFFFC9FFF00000015B18042E184408383CA
10F3752999AD82FF7010B8071937E5A94ABC6C8FFFFFFFFFFC9FFF00000015B18142E184408383E2
10F36E2999A482FF7910B7B01937A3A94ABB376FFFFFFFFFFC8FFF00000015B18142E185408383FA
10F33F29996582FF8010B76819376CA92ABB03FFFFFFFFFFFC8FFF00000015B18142E18540838312
10F30B29992282FF7710B76E193772A93ABC03FFFFFFFFFFFC9FFF00000015B18142E1854083832A
10F27529984B82FF6B10B790193784A93ABD03FFFFFFFFFFFC8FFF00000015B18142E18540837342
10F28429986682FF6310B7D91937B8A93ABE03FFFFFFFFFFFC8FFF00000015B18242E1864083835A
10F34429996B82FF6410B859193820A94ABD174FFFFFFFFFFC9FFF00000015B18242E18640838372
10F3CA299A1F82FF7210B80F1937F2A93ABD03FFFFFFFFFFFCAFFF00000015B18242E1864083838A
10F36729999C82FF7810B7D31937CBA93ABC03FFFFFFFFFFFC9FFF00000015B18242E186408383A2
10F2CA2998C482FF7B10B79D193796A93ABB03FFFFFFFFFFFC9FFF00000015B18342E187408373BA
10F29829987E82FF7510B7AF1937A2A92ABB679FFFFFFFFFFC9FFF00000015B18342E187408373D2
10F2AF29989982FF6910B8281937F8A92ABC03FFFFFFFFFFFC9FFF00000015B18342E187408383EA
10F2EF2998F682FF6610B8B1193856A90ABC03FFFFFFFFFFFC9FFF00000015B18342E18740838302
10F36D2999AF82FF6910B89A193854A90ABC03FFFFFFFFFFFC9FFF00000015B18342E1884083831A
10F3DA299A3C82FF6E10B88419384CA92ABC48AFFFFFFFFFFC9FFF00000015B18442E18840837332
10F3C0299A1C82FF6E10B88619384DA92ABC090FFFFFFFFFFC9FFF00000015B18442E1884083834A
10F3AA2999F382FF6F10B857193827A95ABB03FFFFFFFFFFFC8FFF00000015B18442E18840838362
10F3982999E282FF7010B85A193828A95ABC03FFFFFFFFFFFCAFFF00000015B18442E1894083737A
10F3912999E282FF6F10B853193825A93ABC03FFFFFFFFFFFCAFFF00000015B18542E18940837392
10F36A2999B282FF6A10B87319383CA94ABC16AFFFFFFFFFFC8FFF00000015B18542E189408383AA
10F3A92999F382FF6810B87319383AA93ABC2D2FFFFFFFFFFC9FFF00000015B18542E189408373C2
10F3B2299A0682FF6A10B89B193859A93ABC03FFFFFFFFFFFCAFFF00000015B18542E18A408373DA
10F3A72999FE82FF6B10B877193841A95ABC03FFFFFFFFFFFC9FFF00000015B18542E18A408383F2
10F3942999E082FF6A10B89E19385FA96ABC109FFFFFFFFFFC9FFF00000015B18642E18A4083830A
10F3942999E982FF6710B8C6193878A96ABC8B9FFFFFFFFFFCAFFF00000015B18642E18A40838322
10F3DC299A4582FF6610B8EC193895A94ABC03FFFFFFFFFFFCAFFF00000015B18642E18B4083733A
10F423299AA982FF6C10B8FE1938A8A93ABB03FFFFFFFFFFFCAFFF00000015B18642E18B40837352
10F434299AC182FF6C10B8FB1938A9A94ABC03FFFFFFFFFFFCAFFF00000015B18742E18B4083836A
10F435299ACB82FF6D10B90C1938B3A94ABC03FFFFFFFFFFFC9FFF00000015B18742E18B40837382
10F430299AC882FF6810B9111938BAA96ABB4B1FFFFFFFFFFC9FFF00000015B18742E18C4083839A
10F44B299AE482FF6210B9AB193923A95ABB097FFFFFFFFFFC9FFF00000015B18742E18C408383B2
10F4E7299BB782FF6510B9F3193959A91ABB03FFFFFFFFFFFC9FFF00000015B18742E18C408373CA
10F532299C2B82FF6810B9DE193952A91ABB03FFFFFFFFFFFC9FFF00000015B18842E18C408373E2
10F522299C1682FF6F10B9A019392DA91ABA3D7FFFFFFFFFFC9FFF00000015B18842E18D408373FA
10F4F1299BD682FF6D10B99F193931A95ABC258FFFFFFFFFFC9FFF00000015B18842E18D40837312
10F4B4299B8482FF6810B9FE19396CA96ABC03FFFFFFFFFFFC8FFF00000015B18842E18D4083732A
10F504299BE782FF6510BA4719399EA94ABC03FFFFFFFFFFFC8FFF00000015B18942E18D40837342
10F589299CAA82FF6510BA7C1939C5A92ABB03FFFFFFFFFFFC8FFF00000015B18942E18E4083735A
10F5E3299D1682FF6810BA4F1939AEA90ABA03FFFFFFFFFFFC9FFF00000015B18942E18E40837372
10F5D0299CFA82FF6C10BA2F19399EA93ABB03FFFFFFFFFFFCAFFF00000015B18942E18E4083738A
10F591299CB382FF6710BA461939AEA95ABC03FFFFFFFFFFFC9FFF00000015B18A42E18F408373A2
10F57B299CA182FF6210BAEC193A1CA92ABC03FFFFFFFFFFFC9FFF00000015B18A42E18F408373BA
10F600299D4B82FF6310BB39193A54A91ABB03FFFFFFFFFFFCAFFF00000015B18A42E18F408373D2
10F678299DE482FF6810BB19193A44A8FABB2C0FFFFFFFFFFC9FFF00000015B18A42E18F408373EA
10F662299DC582FF6D10BB05193A3CA8FABA4EFFFFFFFFFFFC9FFF00000015B18A42E18F40838302
10F61C299D7C82FF6D10BB1B193A4CA91ABA0A0FFFFFFFFFFCAFFF00000015B18B42E1904083731A
10F62C299D8C82FF6410BB50193A71A92ABA03FFFFFFFFFFFC9FFF00000015B18B42E19040837332
10F688299E0182FF5F10BBFD193AE6A92ABA84EFFFFFFFFFFC9FFF00000015B18B42E1904083734A
10F70D299EB682FF5C10BC15193AFBA93ABB0DEFFFFFFFFFFC9FFF00000015B18B42E19140837362
10F768299F2C82FF6110BC46193B23A93ABB03FFFFFFFFFFFC9FFF00000015B18C42E1914083737A
10F7C6299FA482FF6610BC33193B1BA94ABB03FFFFFFFFFFFC9FFF00000015B18C42E19140837392
10F7B6299F9F82FF6D10BC10193B06A92ABA03FFFFFFFFFFFCAFFF00000015B18C42E191408373AA
10F77E299F5D82FF6B10BC12193B08A92AB903FFFFFFFFFFFC9FFF00000015B18C42E192408373C2
10F781299F5C82FF6210BC3B193B23A94ABA03FFFFFFFFFFFC9FFF00000015B18C42E192408373DA
10F78F299F7782FF5710BC7D193B4EA94ABB03FFFFFFFFFFFC9FFF00000015B18D42E192408373F2
10F81429A01B82FF5A10BCF4193BA3A95ABA03FFFFFFFFFFFC9FFF00000015B18D42E1924083730A
10F87629A09482FF6710BCBD193B88A91ABA03FFFFFFFFFFFC9FFF00000015B18D42E19240837322
10F82829A04482FF6E10BC70193B57A90AB80DDFFFFFFFFFFC9FFF00000015B18D42E1934083733A
10F7FA29A00682FF6710BC83193B63A90ABA03FFFFFFFFFFFC9FFF00000015B18E42E19340837352
10F7A9299F9C82FF5C10BCDD193B9CA90ABA5DEFFFFFFFFFFC9FFF00000015B18E42E1934083736A
10F81729A02782FF5E10BD58193BF4A90AB80B7FFFFFFFFFFC8FFF00000015B18E42E19340837382
10F86B29A09A82FF5F10BD4B193BF1A91AB9209FFFFFFFFFFC8FFF00000015B18E42E1944083739A
10F8B329A0F782FF6310BD3F193BEDA91ABA03FFFFFFFFFFFCAFFF00000015B18E42E194408373B2
10F89429A0D382FF6610BD15193BD5A93ABA03FFFFFFFFFFFC9FFF00000015B18F42E194408373CA
10F87B29A0AF82FF6710BD08193BCAA94ABA03FFFFFFFFFFFC9FFF00000015B18F42E194408373E2
10F83F29A06282FF6510BCD4193BA5A92ABA03FFFFFFFFFFFCAFFF00000015B18F42E195408373FA
10F81929A03782FF5D10BD0D193BC7A8FABA03FFFFFFFFFFFCAFFF00000015B18F42E19540837312
10F84529A06B82FF5D10BD22193BD5A8FABA03FFFFFFFFFFFC9FFF00000015B19042E1954083732A
10F87F29A0B382FF6310BD07193BC9A8FABA03FFFFFFFFFFFC9FFF00000015B19042E19540837342
10F85D29A08E82FF6710BCEB193BBBA91ABB03FFFFFFFFFFFC9FFF00000015B19042E1964083735A
10F82429A04682FF6710BCFB193BC1A90ABB0C1FFFFFFFFFFC9FFF00000015B19042E19640837372
10F80229A02082FF6210BCF9193BBBA91ABB195FFFFFFFFFFCAFFF00000015B19042E1964083738A
10F82329A04582FF6110BD22193BD9A93ABB03FFFFFFFFFFFCAFFF00000015B19142E196408373A2
10F86029A09C82FF6110BD30193BE3A92ABC03FFFFFFFFFFFCAFFF00000015B19142E197408373BA
10F86E29A0AA82FF6210BD14193BCFA91ABD63DFFFFFFFFFFCAFFF00000015B19142E197408373D2
10F85329A08B82FF6310BD1F193BD7A91ABC88AFFFFFFFFFFCBFFF00000015B19142E197408373EA
10F84D29A07982FF6110BD0F193BCAA93ABB03FFFFFFFFFFFCAFFF00000015B19242E19740837302
10F83C29A06B82FF6110BD15193BD0A95ABB03FFFFFFFFFFFCAFFF00000015B19242E1984083731A
10F88629A0C482FF6010BD2B193BE2A92ABA03FFFFFFFFFFFCAFFF00000015B19242E19840837332
10F87C29A0B782FF6310BD12193BCFA92ABA03FFFFFFFFFFFCAFFF00000015B19242E1984083734A
10F87529A0B182FF6410BCF5193BBBA93ABB03FFFFFFFFFFFCAFFF00000015B19242E19840837362
10F85429A08A82FF6510BCF8193BC3A92ABB03FFFFFFFFFFFCAFFF00000015B19342E1994083537A
10F81529A04182FF6310BD08193BCDA94ABB03FFFFFFFFFFFCAFFF00000015B19342E19940837392
10F82529A05282FF6010BD33193BE4A94ABC03FFFFFFFFFFFCAFFF00000015B19342E199408373AA
10F85629A08B82FF5F10BD50193BFAA91ABB2EAFFFFFFFFFFC9FFF00000015B19342E199408373C2
10F88029A0C682FF6110BD3E193BF1A8FABA1F1FFFFFFFFFFC9FFF00000015B19442E19A408373DA
10F85D29A0A282FF6010BD4A193BF9A8FAB903FFFFFFFFFFFC9FFF00000015B19442E19A408373F2
10F85A29A09782FF6210BD41193BF5A90AB903FFFFFFFFFFFC9FFF00000015B19442E19A4083530A
10F85429A08C82FF6710BD2C193BE7A90ABA448FFFFFFFFFFCAFFF00000015B19442E19A40837322
10F84329A07782FF6610BD22193BE0A90AB9BD4FFFFFFFFFFCAFFF00000015B19442E19B4083733A
10F80429A02B82FF6610BD2F193BE7A90AB90C9FFFFFFFFFFCAFFF00000015B19542E19B40837352
10F81729A03882FF6210BD56193BFDA90AB903FFFFFFFFFFFC9FFF00000015B19542E19B4083536A
10F83C29A07C82FF5D10BDA8193C35A8EABA03FFFFFFFFFFFC9FFF00000015B19542E19B40835382
10F8C229A11182FF5E10BDD5193C5AA8EABA03FFFFFFFFFFFCAFFF00000015B19542E19C4083539A
10F90629A17082FF6410BD73193C1CA90ABA03FFFFFFFFFFFCBFFF00000015B19642E19C408373B2
10F8D929A13782FF6A10BD2B193BE8A91AB903FFFFFFFFFFFC9FFF00000015B19642E19C408353CA
10F89329A0DE82FF6810BD0C193BD7A8FAB903FFFFFFFFFFFC9FFF00000015B19642E19C408353E2
10F84B29A08482FF6310BD14193BD4A8EABA03FFFFFFFFFFFC9FFF00000015B19642E19D408353FA
10F81829A03C82FF5F10BCEF193BBDA8FAB9495FFFFFFFFFFC9FFF00000015B19642E19D40837312
10F84529A07782FF6310BCE4193BB2A8EAB90A8FFFFFFFFFFC9FFF00000015B19742E19D4083532A
10F82329A04D82FF6510BCCD193BA3A8FAB903FFFFFFFFFFFC9FFF00000015B19742E19D40837342
10F80829A02682FF5E10BD00193BC5A8FAB903FFFFFFFFFFFC9FFF00000015B19742E19E4083735A
10F7EA29A00582FF5D10BD6B193C09A91AB9716FFFFFFFFFFCBFFF00000015B19742E19E40837372
10F86529A0A882FF6310BD38193BEDA8FAB9408FFFFFFFFFFC9FFF00000015B19842E19E4083738A
10F87429A0B482FF6D10BCA2193B88A92ABA65BFFFFFFFFFFC8FFF00000015B19842E19E408353A2
10F7EC29A00D82FF6B10BC70193B67A92ABA0D1FFFFFFFFFFC9FFF00000015B19842E19F408353BA
10F7CE299FDA82FF6010BCD2193B9CA8FAB904BFFFFFFFFFFCAFFF00000015B19842E19F408373D2
10F80B29A02282FF5A10BD52193BF3A90ABA048FFFFFFFFFFCAFFF00000015B19842E19F408353EA
10F87729A0C982FF5C10BD8C193C22A90ABA03FFFFFFFFFFFCAFFF00000015B19942E19F40835302
10F92F29A19A82FF6410BD45193BF8A90ABA03FFFFFFFFFFFCAFFF00000015B19942E1A04083731A
10F8A629A10482FF6A10BCBA193B94A90ABA25BFFFFFFFFFFC9FFF00000015B19942E1A040835332
10F84A29A09082FF6A10BCBD193B96A93AB949AFFFFFFFFFFC8FFF00000015B19942E1A04083534A
10F83929A07382FF6510BCFC193BC5A93ABA03FFFFFFFFFFFCAFFF00000015B19A42E1A040835362
10F83A29A06D82FF5E10BD79193C16A92ABA03FFFFFFFFFFFC9FFF00000015B19A42E1A14083537A
10F8B929A10A82FF5F10BDFC193C71A92ABA594FFFFFFFFFFC8FFF00000015B19A42E1A140835392
10F8FB29A16982FF6110BDD0193C5CA90ABA0C3FFFFFFFFFFC9FFF00000015B19A42E1A1408353AA
10F94B29A1C582FF6410BDEB193C71A90ABA03FFFFFFFFFFFC9FFF00000015B19A42E1A1408353C2
10F97D29A21582FF6610BDED193C75A8FABA03FFFFFFFFFFFCAFFF00000015B19B42E1A2408353DA
10F97C29A21082FF6610BE32193CA5A90ABB03FFFFFFFFFFFCAFFF00000015B19B42E1A2408353F2
10F97C29A21682FF6310BE23193C9EA91ABA03FFFFFFFFFFFC9FFF00000015B19B42E1A24083530A
10F97429A21482FF6210BE57193CC2A93ABA195FFFFFFFFFFC9FFF00000015B19B42E1A240835322
10F9C729A27A82FF6310BE68193CCDA94AB9063FFFFFFFFFFC9FFF00000015B19C42E1A24083533A
10F9CB29A28982FF6510BE7B193CDDA94ABA03FFFFFFFFFFFC9FFF00000015B19C42E1A340835352
10F9EA29A2AF82FF6610BE84193CE5A90ABA03FFFFFFFFFFFC9FFF00000015B19C42E1A34083536A
10FA0229A2D782FF6210BEEE193D2FA90ABA36AFFFFFFFFFFC9FFF00000015B19C42E1A340835382
10FA6F29A35D82FF6310BF26193D56A91AB924AFFFFFFFFFFCAFFF00000015B19C42E1A34083539A
10FA9329A38F82FF6610BF2E193D62A8FABA03FFFFFFFFFFFC9FFF00000015B19D42E1A4408353B2
10FAA729A3AE82FF6810BF50193D7AA8EABA03FFFFFFFFFFFC9FFF00000015B19D42E1A4408353CA
10FAC929A3E382FF6710BF60193D87A8EABA03FFFFFFFFFFFCAFFF00000015B19D42E1A4408353E2
10FAE129A3FF82FF6110BFA0193DB6A8FAB95BDFFFFFFFFFFC9FFF00000015B19D42E1A4408353FA
10FB1829A44282FF6110BFE5193DE2A8FABA0CBFFFFFFFFFFC9FFF00000015B19E42E1A540835312
10FB4029A47C82FF6210BFD6193DE0A8FABA03FFFFFFFFFFFC9FFF00000015B19E42E1A54083532A
10FB5B29A4A282FF6610BFDB193DE4A90ABA03FFFFFFFFFFFC9FFF00000015B19E42E1A540835342
10FB4729A48682FF6B10BFCB193DDBA8FABA03FFFFFFFFFFFCAFFF00000015B19E42E1A54083535A
10FB2529A46082FF6510BFDD193DE9A8FAB9163FFFFFFFFFFCAFFF00000015B19E42E1A640835372
10FBB929A52382FF4910C039193E27A8FAB803FFFFFFFFFFFC9FFF00000015B19F42E1A64083538A
10FC7D29A63382FF1810C137193EE7A91AB803FFFFFFFFFFFC9FFF00000015B19F42E1A6408353A2
10FD1C29A6EF82FEE910C157193EF9A8FAB903FFFFFFFFFFFC9FFF00000015B19F42E1A6408353BA
10FD4929A73182FEB710C17B193F10A8FAB96A5FFFFFFFFFFC9FFF00000015B19F42E1A7408353D2
10FCDA29A69582FE8510C1E1193F5EA8FAB90E3FFFFFFFFFFC9FFF00000015B1A042E1A7408353EA
10FD8229A78382FE4310C293193FE3A90AB903FFFFFFFFFFFC9FFF00000015B1A042E1A740835302
10FF0029A9A182FDF110C3EB1940F8A8FAB803FFFFFFFFFFFC9FFF00000015B1A042E1A74083531A
1100A629ABF182FDA110C56519420DA8DAB803FFFFFFFFFFFC9FFF00000015B1A042E1A840835332
10FFD329AA8682FD6110C5AB194240A8FAB703FFFFFFFFFFFC9FFF00000015B1A042E1A84083534A
11000929AAF382FD2510C6691942DCA90AB8625FFFFFFFFFFCAFFF00000015B1A142E1A840835362
1100EF29AC1A82FCEE10C734194376A90AB80D9FFFFFFFFFFCAFFF00000015B1A142E1A84083537A
11018529AD4A82FCAD10C8EF1944D0A90AB803FFFFFFFFFFFC9FFF00000015B1A142E1A840835392
1103C729AFF782FC7610C98319453CA8DAB803FFFFFFFFFFFC9FFF00000015B1A142E1A9408353AA
11031529AF2582FC4410C9001944ACA8CAB61EDFFFFFFFFFFC9FFF00000015B1A242E1A9408353C2
11040929B0C182FC1110CA7A194637A8DAB603FFFFFFFFFFFC9FFF00000015B1A242E1A9408353DA
1109EE29B93382FBB210CFE0194A36A8CAB403FFFFFFFFFFFC9FFF00000015B1A242E1A9408353F2
110AE129B9FF82FB4E10D181194B75A8BAB303FFFFFFFFFFFCAFFF00000015B1A242E1AA4083530A
110C2829BC3D82FAE610D265194C3CA89AB26D2FFFFFFFFFFCAFFF00000015B1A242E1AA40835322
110F6929C0A082FA8310D1E6194BC6A89AB103FFFFFFFFFFFCAFFF00000015B1A342E1AA4083533A
110D1E29BD3082FA3010D3D3194D66A87AB103FFFFFFFFFFFC8FFF00000015B1A342E1AA40835352
11133229C60082F9D710D6D7194FBAA85AB003FFFFFFFFFFFC8FFF00000015B1A342E1AB4083536A
1114B229C7E182F97710D781195021A84AAF03FFFFFFFFFFFC9FFF00000015B1A342E1AB40835382
1119DE29CF6F82F91110DBD2195386A86AAE03FFFFFFFFFFFC9FFF00000015B1A442E1AB4083539A
111C9429D2DD82F8A410DB94195365A84AAD03FFFFFFFFFFFC9FFF00000015B1A442E1AB408353B2
111C7829D25482F84510DAE0195328A82AAC6D8FFFFFFFFFFC8FFF00000015B1A442E1AC408353CA
111C1D29D1F682F7F010DE25195568A81AAC0EFFFFFFFFFFFC8FFF00000015B1A442E1AC408353E2
1122D029DB6482F79A10E0C0195762A80AAD0FCFFFFFFFFFFC8FFF00000015B1A442E1AC408353FA
11260129DFE782F73D10E5E6195B60A80AAC242FFFFFFFFFFC9FFF00000015B1A542E1AC40835312
112B0129E6EB82F6D510F07A196304A82AAB03FFFFFFFFFFFCAFFF00000015B1A542E1AC4083532A
11323C29F08982F66C10EF29196234A81AA803FFFFFFFFFFFC9FFF00000015B1A542E1AD40835342
11332129F15C82F60C10EEC41961D0A7FAA7083FFFFFFFFFFC9FFF00000015B1A542E1AD4083535A
1132F129F16C82F5B210F06E196392A7EAA77A2FFFFFFFFFFC9FFF00000015B1A642E1AD40835372
113A2E29FB3A82F55610F748196883A7EAA603FFFFFFFFFFFC8FFF00000015B1A642E1AD4083538A
113B9E29FD3382F4FA10F8DC196982A80AA703FFFFFFFFFFFC8FFF00000015B1A642E1AE408353A2
113D7329FF8B82F49C10F9F2196AB3A7FAA703FFFFFFFFFFFC8FFF00000015B1A642E1AE408353BA
113D7A2A001482F44010FB03196B2FA80AA703FFFFFFFFFFFC8FFF00000015B1A642E1AE408353D2
1141F72A05C882F3DD10FFE2196EDBA82AA903FFFFFFFFFFFC8FFF00000015B1A742E1AE408353EA
1144802A094082F37C1103B3197181A84AAA044FFFFFFFFFFC7FFF00000015B1A742E1AF40835302
1145A22A0AAF82F31E1105281972EAA83AAA052FFFFFFFFFFC7FFF00000015B1A742E1AF4083531A
1146C02A0C6282F2BF1106AB19743AA86AAB03FFFFFFFFFFFC7FFF00000015B1A742E1AF40835332
114B242A11DE82F261110875197574A89AAE03FFFFFFFFFFFC7FFF00000015B1A842E1AF4083534A
114F252A179B82F204110C0B19783AA89AAF040FFFFFFFFFFC7FFF00000015B1A842E1B040835362
114D812A158B82F1A6110C6819785AA88AAF4A9FFFFFFFFFFC7FFF00000015B1A842E1B04083537A
114EFD2A176182F14B110EC51979E8A87AB003FFFFFFFFFFFC8FFF00000015B1A842E1B040835392
1153122A1C0882F0EC11151A197E93A87AB08DCFFFFFFFFFFC7FFF00000015B1A842E1B0408353AA
11550E2A1F1982F08D111546197EDBA89AB2676FFFFFFFFFFC6FFF00000015B1A942E1B0408353C2
115C8C2A285A82F02D111BC6198347A8DAB503FFFFFFFFFFFC5FFF00000015B1A942E1B1408353DA
1160832A2D2982EFCF111CB01983D3A91AB803FFFFFFFFFFFC5FFF00000015B1A942E1B1408353F2
115FCF2A2C8282EF73111D971984BAA9AABB03FFFFFFFFFFFC5FFF00000015B1A942E1B14083530A
1163A12A31F882EF15112438198920AA2ABE54AFFFFFFFFFFC5FFF00000015B1AA42E1B140835322
1164F12A330382EEBB1124491989C3AA3AC0BEDFFFFFFFFFFC4FFF00000015B1AA42E1B24083533A
1168FC2A38DB82EE60112B33198DECAA6AC303EFFFFFFFFFFC3FFF00000015B1AA42E1B240835352
1174032A467B82EE02112C7B198F7BAA3AC703FFFFFFFFFFFC3FFF00000015B1AA42E1B24083536A
117ABA2A4F0882EDA01136A21995D9AA5ACB03FFFFFFFFFFFC3FFF00000015B1AA42E1B240835382
117C512A511682ED3B1134A31994C1AAAACD881FFFFFFFFFFC3FFF00000015B1AB42E1B34083539A
11795E2A4D1E82ECDE113A1C19989CAAEACF1FCFFFFFFFFFFC3FFF00000015B1AB42E1B3408353B2
117A452A4E3282EC89113F02199C40AB1AD09A9FFFFFFFFFFC3FFF00000015B1AB42E1B3408353CA
1182072A594782EC2C1142C2199F19AB3AD2771FFFFFFFFFFC2FFF00000015B1AB42E1B3408353E2
1188392A60F982EBD0114156199F5CAB1AD403FFFFFFFFFFFC0FFF00000015B1AC42E1B4408353FA
1197102A74A982EB6F11460C19A1DFAADAD603FFFFFFFFFFFBCFFF00000015B1AC42E1B440835312
1196262A736282EB111148A319A3F4AA6AD403FFFFFFFFFFFBAFFF00000015B1AC42E1B44083532A
1195E82A73E282EAB611507D19A962AA0AD3111FFFFFFFFFFB8FFF00000015B1AC42E1B440835342
119B8F2A7B9082EA5811575D19AE3AAA0AD18E9FFFFFFFFFFB5FFF00000015B1AC42E1B44083535A
11A51C2A859C82E9FC1162A919B63AA9DACE744FFFFFFFFFFB5FFF00000015B1AD42E1B540835372
11B89F2AA0BE82E99C116D6219BDB3A96ACB03FFFFFFFFFFFB4FFF00000015B1AD42E1B54083538A
11B9F82AA27F82E93C1170A919C0D6A8FAC403FFFFFFFFFFFB1FFF00000015B1AD42E1B5408353A2
11B98B2AA14E82E8E41175DD19C418A86ABE03FFFFFFFFFFFACFFF00000015B1AD42E1B5408353BA
11BCD32AA64A82E88E1179FC19C7C1A83AB9048FFFFFFFFFFACFFF00000015B1AE42E1B6408353D2
11C1762AAC9282E8351181CA19CD0FA80AB56EBFFFFFFFFFFAAFFF00000015B1AE42E1B6408353EA
11CD862ABB1482E7D611889119D135A7EAAFDD7FFFFFFFFFFA9FFF00000015B1AE42E1B640835302
11D2432AC0A882E7721189C719D2C7A7AAAB13FFFFFFFFFFFAAFFF00000015B1AE42E1B64083531A
11D0E02ABF7E82E716118F6719D5EAA77AA703FFFFFFFFFFFA9FFF00000015B1AE42E1B740835332
11D30A2AC24682E6C01198B519DBF9A72AA503FFFFFFFFFFFA6FFF00000015B1AF42E1B74083534A
11D4DB2AC35F82E669119B6319DD84A72AA203FFFFFFFFFFFA4FFF00000015B1AF42E1B740835362
11D7392AC5F282E61311982819DCB3A72A9E5BBFFFFFFFFFFA2FFF00000015B1AF42E1B74083537A
11E8DB2ADA8D82E5BB119BFB19DEB6A6FA995C5FFFFFFFFFF9DFFF00000015B1AF42E1B840835392
11EDA12AE01A82E55F11A3AD19E367A69A9648FFFFFFFFFFF9DFFF00000015B1AF42E1B8408353AA
11F4022AE74782E4FF11A73519E66FA5DA9493DFFFFFFFFFF9CFFF00000015B1B042E1B8408353C2
11F6632AEA5582E49F11AB7E19E8EDA52A9103FFFFFFFFFFF9CFFF00000015B1B042E1B8408353DA
11F7A52AEB0582E44811B28B19ED20A4BA8B03FFFFFFFFFFF9AFFF00000015B1B042E1B8408353F2
11F3172AE6EA82E3F611B73319F034A44A8503FFFFFFFFFFF98FFF00000015B1B042E1B94083530A
11FB502AEFCE82E3A211BD9E19F38AA42A7E03FFFFFFFFFFF97FFF00000015B1B142E1B940835322
1207D22AFDC382E34B11C1EC19F72DA40A77351FFFFFFFFFF97FFF00000015B1B142E1B94083533A
1214272B0B4B82E2ED11CC0419FC20A38A6F837FFFFFFFFFF96FFF00000015B1B142E1B940835352
12187A2B102A82E28C11C86E19FAB1A2AA6603FFFFFFFFFFF95FFF00000015B1B142E1BA4083536A
121A992B12C582E22D11CDEF19FDDBA1EA5E03FFFFFFFFFFF96FFF00000015B1B242E1BA40835382
121CD72B151D82E1D011D32F1A0114A14A5A03FFFFFFFFFFF94FFF00000015B1B242E1BA4083539A
12279A2B1F4682E17F11DCD51A06B3A0FA5303FFFFFFFFFFF8EFFF00000015B1B242E1BA408353B2
121C5C2B153C82E12B11E3FB1A0AEEA0BA4C358FFFFFFFFFF8AFFF00000015B1B242E1BB408353CA
1232B42B2AF582E0D111EBAD1A0ED0A04A4182DFFFFFFFFFF84FFF00000015B1B242E1BB408353E2
123D032B32C982E07111F0091A11419FCA37304FFFFFFFFFF84FFF00000015B1B342E1BB408353FA
1241F52B366A82E01511F38F1A12169E7A2CAA5FFFFFFFFFF83FFF00000015B1B342E1BB40835312
123F272B341282DFBD11F9241A15869C4A1E03EFFFFFFFFFF80FFF00000015B1B342E1BC4083532A
12436D2B377F82DF6011F97E1A15A89ADA0E03FFFFFFFFFFF80FFF00000015B1B342E1BC40835342
1245A52B392982DF0111F9E21A167B9A3A0003FFFFFFFFFFF7BFFF00000015B1B442E1BC4083435A
124B2B2B3D9082DEA812010D1A191899A9F303FFFFFFFFFFF76FFF00000015B1B442E1BC40834372
12490F2B3BBA82DE5612059F1A1B579879EA244FFFFFFFFFF75FFF00000015B1B442E1BC4083538A
1249EF2B3C3782DE02120B541A1E199749DE9B8FFFFFFFFFF76FFF00000015B1B442E1BD408343A2
1256152B481E82DDA9120E791A202C96D9CC03EFFFFFFFFFF75FFF00000015B1B442E1BD408353BA
12661D2B594582DD4B1216351A23F99639B603FFFFFFFFFFF75FFF00000015B1B542E1BD408353D2
126CA92B606682DCEB121E091A29019469A503FFFFFFFFFFF75FFF00000015B1B542E1BD408353EA
12705F2B63B982DC8D121E7E1A283891F99603FFFFFFFFFFF6FFFF00000015B1B542E1BE40835302
126DF82B606982DC32121F971A293490297F201FFFFFFFFFF6FFFF00000015B1B542E1BE4083531A
126EA22B617F82DBDD1229921A2E3C8EE97089CFFFFFFFFFF61FFF00000015B1B642E1BE40835332
127B032B6D5D82DB88122B0C1A2FCC8EB963169FFFFFFFFFF5DFFF00000015B1B642E1BE4083534A
127CBF2B6E9382DB37122FC41A32988DE953A6CFFFFFFFFFF5DFFF00000015B1B642E1BE40835362
1287AB2B7AD482DAE0123DDC1A3A318BD93D132FFFFFFFFFF5DFFF00000015B1B642E1BF4083537A
128F652B82E982DA821243651A3D768A592403FFFFFFFFFFF5CFFF00000015B1B642E1BF40834392
128EE32B822B82DA1F124F751A442A88690203FFFFFFFFFFF5CFFF00000015B1B742E1BF408353AA
1295D92B8A3082D9BD124FBC1A44398638DF03FFFFFFFFFFF5DFFF00000015B1B742E1BF408353C2
1296AD2B8A0282D963124BAA1A423B8528B9118FFFFFFFFFF57FFF00000015B1B742E1C0408353DA
1297152B8A6D82D90F124D7C1A43358368A4999FFFFFFFFFF53FFF00000015B1B742E1C0408343F2
1295542B895882D8BD1255601A47B282B8A0134FFFFFFFFFF5BFFF00000015B1B842E1C04083530A
129FC02B93DE82D85E125A451A4A7F8228959E6FFFFFFFFFF5EFFF00000015B1B842E1C040835322
12A3A42B981F82D7FC125D341A4C5B820884401FFFFFFFFFF66FFF00000015B1B842E1C14083533A
12A8492B9D7082D7991261C61A4F1D80986F03FFFFFFFFFFF72FFF00000015B1B842E1C140835352
12A9952B9EDD82D73A1261281A4E8D7F385A03FFFFFFFFFFF7DFFF00000015B1B842E1C14083536A
12A6CE2B9BAC82D6E41260371A4DF87E284E03FFFFFFFFFFF84FFF00000015B1B942E1C140835382
12A9B02B9ECD82D68C1266121A51577D684704DFFFFFFFFFF89FFF00000015B1B942E1C14083439A
12ABB92BA0FF82D62D12684E1A52EB7DA843940FFFFFFFFFF8EFFF00000015B1B942E1C2408353B2
12AE582BA42382D5C5126BF71A55347DB8373D9FFFFFFFFFF93FFF00000015B1B942E1C2408353CA
12B08A2BA6A782D567126CDF1A55E27D282A03FFFFFFFFFFF98FFF00000015B1BA42E1C2408353E2
12AF642BA56D82D512126C741A55BC7C681E03FFFFFFFFFFF9DFFF00000015B1BA42E1C2408353FA
12B5962BAC9682D4B81272F01A59A27C081803FFFFFFFFFFFA0FFF00000015B1BA42E1C340834312
12B8EC2BB05D82D45A1273DD1A5A667B8816050FFFFFFFFFFA5FFF00000015B1BA42E1C34083432A
12B9B12BB16382D3FA1276F91A5C497AE8119E1FFFFFFFFFFA9FFF00000015B1BA42E1C340835342
12BD102BB52E82D39B1278D01A5D537A58083F3FFFFFFFFFFAAFFF00000015B1BB42E1C34083435A
12BEB52BB6F382D33D1278CE1A5D877A87FF03FFFFFFFFFFFABFFF00000015B1BB42E1C440835372
12C0852BB88682D2DD127A0B1A5E467A27FB03FFFFFFFFFFFABFFF00000015B1BB42E1C44083538A
12BF922BB7A782D27E127C0D1A5F9E7987F903FFFFFFFFFFFABFFF00000015B1BB42E1C4408343A2
12C3662BBB0882D21F127F951A613E7927F403FFFFFFFFFFFADFFF00000015B1BC42E1C4408353BA
12C3EE2BBAE582D1C5127F6C1A60F078F7EC8EDFFFFFFFFFFADFFF00000015B1BC42E1C4408343D2
12C42A2BBA2E82D16B12801B1A615C78C7E83D4FFFFFFFFFFACFFF00000015B1BC42E1C5408333EA
12C45E2BB99882D10F12820D1A61B878C7E903FFFFFFFFFFFAFFFF00000015B1BC42E1C540835302
12C5EB2BBA9C82D0AD1285281A62CA7897E303FFFFFFFFFFFB1FFF00000015B1BD42E1C54083431A
12C9D52BBF1782D0471289171A65077857DE03FFFFFFFFFFFB1FFF00000015B1BD42E1C540835332
12CFCE2BC55582CFE71287761A646D7807D903FFFFFFFFFFFB3FFF00000015B1BD42E1C64083534A
12D5282BCA2782CF881289EF1A65AF7817D3894FFFFFFFFFFB2FFF00000015B1BD42E1C640834362
12D8FB2BCDD682CF281294501A6B1A77B7D23B2FFFFFFFFFFB2FFF00000015B1BD42E1C64083437A
12DAB12BCED082CECA1293FB1A6B2D7747D203FFFFFFFFFFFB3FFF00000015B1BE42E1C640835392
12DD7C2BD1A382CE70129ABF1A6E427727D103FFFFFFFFFFFB1FFF00000015B1BE42E1C7408353AA
12E0D52BD46482CE17129B321A6EB27707D103FFFFFFFFFFFAFFFF00000015B1BE42E1C7408353C2
12E2DE2BD5B882CDB4129D361A6F8676F7CA03FFFFFFFFFFFB0FFF00000015B1BE42E1C7408353DA
12E6D82BDAB782CD4812AB011A76AC7717C891AFFFFFFFFFFB3FFF00000015B1BF42E1C7408343F2
12FAF42BEF3882CCE012AD001A788076E7C23D9FFFFFFFFFFB3FFF00000015B1BF42E1C84083330A
12F45B2BE89282CC8612A9161A75AF7697C103FFFFFFFFFFFB2FFF00000015B1BF42E1C840834322
12F7232BE99882CC3012AC511A781376A7C603FFFFFFFFFFFB2FFF00000015B1BF42E1C84083433A
130E282BFB9F82CBD612BCF21A7FC47687C403FFFFFFFFFFFB3FFF00000015B1C042E1C840834352
130C362BFB0082CB7812CB301A861D7607C003FFFFFFFFFFFB1FFF00000015B1C042E1C84083536A
1316F62C059982CB1512D3EF1A8ADA7647BD03FFFFFFFFFFFB4FFF00000015B1C042E1C940834382
131F692C0D0A82CAB012D12A1A8A097657BB03FFFFFFFFFFFACFFF00000015B1C042E1C94083539A
1325462C127A82CA4B12D1C01A8A027657BA043FFFFFFFFFFB1FFF00000015B1C042E1C9408343B2
1328E92C15E382C9EF12D7481A8D467607B9051FFFFFFFFFFB4FFF00000015B1C142E1C9408333CA
132B8B2C17C382C99812DE881A908A7607B903FFFFFFFFFFFB5FFF00000015B1C142E1CA408343E2
132FE72C1AE082C94512E81E1A95247607B903FFFFFFFFFFFB3FFF00000015B1C142E1CA408333FA
1330692C1A7C82C8E912ED571A97417617B7046FFFFFFFFFFB3FFF00000015B1C142E1CA40834312
1337232C202882C88412F3DA1A99D27627B767EFFFFFFFFFFB3FFF00000015B1C242E1CA4083432A
133CCC2C24B082C82512F40F1A99F47627B803FFFFFFFFFFFB3FFF00000015B1C242E1CB40834342
1341902C293782C7C612F9CD1A9CBA75C7B703FFFFFFFFFFFB3FFF00000015B1C242E1CB4083435A
1345F92C2D0382C76A12FE591A9F3A75E7B703FFFFFFFFFFFB3FFF00000015B1C242E1CB40834372
1347FF2C2EED82C70D1303F51AA2097597B903FFFFFFFFFFFB3FFF00000015B1C342E1CB4083338A
1351AE2C36BA82C6AF130BF21AA55875E7B903FFFFFFFFFFFB5FFF00000015B1C342E1CC408333A2
1357742C3CF482C6561311261AA86175D7B3041FFFFFFFFFFB2FFF00000015B1C342E1CC408353BA
136C282C55F282C5F61322AC1AB3F87577B2048FFFFFFFFFFB1FFF00000015B1C342E1CC408333D2
1370552C5C5B82C598132CB11ABA997527B203FFFFFFFFFFFB2FFF00000015B1C342E1CC408333EA
1381E72C713C82C537133A791AC4847527B303FFFFFFFFFFFB1FFF00000015B1C442E1CC40833302
1385932C758482C4D71339111AC3F97567B5042FFFFFFFFFFB0FFF00000015B1C442E1CD4083331A
1385CE2C761D82C47B1338491AC3257607BB637FFFFFFFFFFB0FFF00000015B1C442E1CD40834332
1387D42C787C82C41C13412F1AC90A7657BE03FFFFFFFFFFFB0FFF00000015B1C442E1CD4083434A
1387B82C787382C3BB1341731AC9547617BB03FFFFFFFFFFFAFFFF00000015B1C542E1CD40833362
1387F12C78BD82C35D1341181AC91F75D7BB03FFFFFFFFFFFAEFFF00000015B1C542E1CE4083337A
1388412C78DD82C2FD13437B1ACA847637BDA21FFFFFFFFFFADFFF00000015B1C542E1CE40833392
13897D2C7A0082C29E1342581AC9BB7657BF03DFFFFFFFFFFB0FFF00000015B1C542E1CE408333AA
138A8A2C7B9282C23E1346B11ACC967607C203FFFFFFFFFFFB2FFF00000015B1C642E1CE408343C2
1390582C831B82C1DB1349371ACEAB75D7BC058FFFFFFFFFFB1FFF00000015B1C642E1CF408343DA
1395B12C8A6982C179134D471AD1A17607B803FFFFFFFFFFFB2FFF00000015B1C642E1CF408343F2
13987C2C8E5182C1111351EB1AD50175E7BA15DFFFFFFFFFFB2FFF00000015B1C642E1CF4083430A
1399C32C901682C0B11351921AD50475E7BC12DFFFFFFFFFFB3FFF00000015B1C642E1CF40834322
1394D12C894682C065134EEE1AD3187607BE03FFFFFFFFFFFB3FFF00000015B1C742E1D04083333A
13976A2C8DE182C0301357A71AD98075B7BD03FFFFFFFFFFFB2FFF00000015B1C742E1D040833352
13A1222C99F782BFF6135B751ADC377557BC330FFFFFFFFFFB2FFF00000015B1C742E1D04083336A
13A2002C9B5582BFB6135B6D1ADC6175C7BF69FFFFFFFFFFFB3FFF00000015B1C742E1D040834382
13A14F2C9A8582BF7E1357E51ADA257607BF03FFFFFFFFFFFB3FFF00000015B1C842E1D14083439A
13A1592C9B0882BF48135AFC1ADBEA75D7BC03FFFFFFFFFFFB2FFF00000015B1C842E1D1408343B2
13A99F2CA59182BF0A1360D01AE0627577BD054FFFFFFFFFFB1FFF00000015B1C842E1D1408333CA
13ABB02CA89882BECA1362551AE17C7597BB03FFFFFFFFFFFB2FFF00000015B1C842E1D1408333E2
13ACA82CA9EF82BE851363831AE27C75E7B903FFFFFFFFFFFB3FFF00000015B1C942E1D1408333FA
13ABAC2CA86782BE4A1364C41AE39875E7BB040FFFFFFFFFFB2FFF00000015B1C942E1D240833312
13AA8D2CA74582BE161367B51AE57E75F7BD041FFFFFFFFFFB4FFF00000015B1C942E1D24083332A
13AF572CADCB82BDD61368FC1AE6A77637BB62AFFFFFFFFFFB3FFF00000015B1C942E1D240833342
13B2562CB18A82BD92136AE01AE80675C7BB041FFFFFFFFFFB3FFF00000015B1C942E1D24083335A
13B1952CB0EE82BD50136CFF1AE99C75F7B9042FFFFFFFFFFB5FFF00000015B1CA42E1D340833372
13B3402CB32E82BD13136D4F1AE9CF75B7BA03FFFFFFFFFFFB6FFF00000015B1CA42E1D34083438A
13B2CA2CB24C82BCDA136E4D1AEA997577BFB82FFFFFFFFFFB6FFF00000015B1CA42E1D3408333A2
13B1802CB0C682BC9E136E241AEAC375F7BF03DFFFFFFFFFFB6FFF00000015B1CA42E1D3408333BA
13B1A02CB11382BC5E1371831AECED75F7BB041FFFFFFFFFFB6FFF00000015B1CB42E1D4408333D2
13B65A2CB75382BC1C13708E1AECA675E7BE042FFFFFFFFFFB6FFF00000015B1CB42E1D4408333EA
13B8102CB96182BBD7136F981AEBAF75B7C1041FFFFFFFFFFB9FFF00000015B1CB42E1D440834302
13B7FC2CB97982BB931370611AEC3C7597C11BFFFFFFFFFFFBAFFF00000015B1CB42E1D44083331A
13B8E42CBA7182BB4E1372561AED9D75F7C5245FFFFFFFFFFB9FFF00000015B1CC42E1D540833332
13B7AE2CB8C182BB061371BD1AED0A75D7BF041FFFFFFFFFFB8FFF00000015B1CC42E1D54083334A
13B7E32CB90E82BABE1371FC1AED6B75B7C0040FFFFFFFFFFB8FFF00000015B1CC42E1D540833362
13B88C2CB9E182BA7A13729D1AEDF875E7BF2A9FFFFFFFFFFB9FFF00000015B1CC42E1D54083337A
13BC572CBEAE82BA2D13773B1AF1017617BF5EEFFFFFFFFFFB9FFF00000015B1CC42E1D640833392
13BDCF2CC05282B9D81375051AEF8C75B7BC041FFFFFFFFFFB9FFF00000015B1CD42E1D6408333AA
13C1AC2CC4E582B9861378EB1AF21D75D7B9042FFFFFFFFFFBAFFF00000015B1CD42E1D6408333C2
13CAC62CCEF282B92F1382471AF7C275D7B9041FFFFFFFFFFBAFFF00000015B1CD42E1D6408333DA
13CE442CD29482B8E013800D1AF69075C7B703FFFFFFFFFFFBBFFF00000015B1CD42E1D7408333F2
13D0332CD4CB82B8941381A11AF76775C7B503FFFFFFFFFFFBCFFF00000015B1CE42E1D74083330A
13D2722CD78F82B8491380681AF6E07587B703FFFFFFFFFFFBCFFF00000015B1CE42E1D740833322
13D07B2CD54C82B7FE1384341AF9937577B903FFFFFFFFFFFBCFFF00000015B1CE42E1D74083333A
13D2542CD78682B7A713903A1B00C875C7B803FFFFFFFFFFFBAFFF00000015B1CE42E1D740833352
13D2492CD75A82B75B138DC31AFF347597B8606FFFFFFFFFFBCFFF00000015B1CE42E1D84083336A
13D23A2CD76D82B7281390B81B01267567BA124FFFFFFFFFFB9FFF00000015B1CF42E1D840833382
13D8B02CDE8582B6EB13919A1B01977537B918FFFFFFFFFFFBBFFF00000015B1CF42E1D84083339A
13D4352CD9D282B6BB13916F1B018D7557B7040FFFFFFFFFFBAFFF00000015B1CF42E1D8408333B2
13D62D2CDC2282B68A1394C61B03AB75A7B5041FFFFFFFFFFBBFFF00000015B1CF42E1D9408333CA
13D63E2CDBBB82B67A1393B61B030775C7B8041FFFFFFFFFFBBFFF00000015B1D042E1D9408333E2
13D68D2CDC5882B6841394801B038A7577B9041FFFFFFFFFFBAFFF00000015B1D042E1D9408333FA
13D7972CDD8B82B6751393821B02EF75B7B9041FFFFFFFFFFBBFFF00000015B1D042E1D940833312
13D89A2CDEA982B67A1393C51B031B75B7BA041FFFFFFFFFFBBFFF00000015B1D042E1DA4083332A
13D92E2CDF5C82B67813940E1B034D7577B9041FFFFFFFFFFBBFFF00000015B1D042E1DA40833342
13D8D42CDEEE82B66E1393E71B03397527B649CFFFFFFFFFFBCFFF00000015B1D142E1DA4083335A
13D8FC2CDF1682B6741393EF1B03457527B4042FFFFFFFFFFBDFFF00000015B1D142E1DA40833372
13D8CC2CDEEF82B6781393C11B03317517B5041FFFFFFFFFFBBFFF00000015B1D142E1DB4083338A
13D8A42CDED082B67B1393CC1B03367557B8041FFFFFFFFFFBAFFF00000015B1D142E1DB408333A2
13D8D82CDF0982B68613936C1B030975F7BB9DCFFFFFFFFFFBCFFF00000015B1D242E1DB408313BA
13D8662CDE9982B67F1393291B02DE7587BA03CFFFFFFFFFFBBFFF00000015B1D242E1DB408333D2
13D83C2CDE6582B67513934C1B02F57587BA03FFFFFFFFFFFBBFFF00000015B1D242E1DC408333EA
13D82E2CDE5682B6781392FE1B02CE75D7B81C1FFFFFFFFFFBBFFF00000015B1D242E1DC40833302
13D80D2CDE3D82B6731393181B02D775E7B703EFFFFFFFFFFBBFFF00000015B1D342E1DC4083331A
13D8082CDE3882B6741393291B02E175B7B913FFFFFFFFFFFBBFFF00000015B1D342E1DC40833332
13D7E02CDE1582B67A13931E1B02DE7577BB122FFFFFFFFFFBDFFF00000015B1D342E1DD4083334A
13D7E32CDE1C82B68113931B1B02DB75A7B903FFFFFFFFFFFBCFFF00000015B1D342E1DD40833362
13D7DF2CDE1E82B68713932F1B02F075D7B603FFFFFFFFFFFBBFFF00000015B1D342E1DD4083337A
13D7D72CDE0F82B67F1393FA1B035E75C7B5231FFFFFFFFFFBAFFF00000015B1D442E1DD40833392
13D79E2CDDD382B67B13933B1B02F07607B5546FFFFFFFFFFBAFFF00000015B1D442E1DE408333AA
13D7C12CDE0382B6791393481B02F97567B403FFFFFFFFFFFBCFFF00000015B1D442E1DE408333C2
13D7962CDDCF82B66D1393301B02ED7557B503FFFFFFFFFFFBDFFF00000015B1D442E1DE408333DA
13D8252CDE6582B66F13940D1B036D7547B603FFFFFFFFFFFBDFFF00000015B1D542E1DE408333F2
13DA002CE05E82B67C13955D1B042B7507BC03FFFFFFFFFFFBDFFF00000015B1D542E1DF4083330A
