* Sea-Bird SBE 9 Data File:
* FileName = X:\CTD_Data\2023\PS23_22_Sutton_CTD\UTAH_D_CTD_261.hex
* Software Version Seasave V 7.26.7.121
* Temperature SN = 2893
* Conductivity SN = 0434
* Number of Bytes Per Scan = 40
* Number of Voltage Words = 5
* Number of Scans Averaged by the Deck Unit = 24
* System UpLoad Time = May 11 2023 07:18:27
* NMEA Latitude = 29 03.61 N
* NMEA Longitude = 088 24.06 W
* NMEA UTC (Time) = May 11 2023  12:21:08
* Store Lat/Lon Data = Append to Every Scan
* SBE 11plus V 5.2
* number of scans to average = 24
* pressure baud rate = 9600
* NMEA baud rate = 4800
* surface PAR voltage added to scan
* A/D offset = 5
* GPIB address = 1
* advance primary conductivity  0.073 seconds
* advance secondary conductivity  0.073 seconds
* autorun on power up is disabled
* S>
* System UTC = May 11 2023 12:18:27
*END*
13FB5826C3F582B74B13B62F17328592D93E060FFFFFFFFFF45FFF0002FA162BCE4371D240A6A2DC
13FB5B26D07982B74B13B616173E9F8FB947ACEFFFFFFFFFF44FFF0002FC162BCE4371D240A6B2F4
13FB2026D3D882B74813B613173CCF8CB937063FFFFFFFFFF45FFF0002EF162BCF4371D240A6B20C
13FAD626EBF282B75213B5D81752168BB92B060FFFFFFFFFF46FFF000302162BCF4371D240A6B224
13FAE926FE3082B76513B5E717481C8EF93D9D6FFFFFFFFFF44FFF0002FF162BCF4371D240A6B23C
13FB1B26E5F682B74413B65B175749921950062FFFFFFFFFF47FFF0002F2162BD04371D240A6B254
13FB2726F9F182B71713B64E17617C92D949060FFFFFFFFFF44FFF0002F1162BD04371D240A6B26C
13FB29273DE882B74713B62717BB3C929935AE5FFFFFFFFFF44FFF0002FC162BD14371D240A6C284
13FB4427055B82B76A13B653177B5A8DD917064FFFFFFFFFF42FFF0002F7162BD14371D240A6B29C
13FB28270D3682B74C13B6611775428B0902060FFFFFFFFFF3FFFF000300162BD14371D240A6B2B4
13FB3E270BD882B74813B681177BBF8C0906AE9FFFFFFFFFF3FFFF0002F5162BD24371D340A6B2CC
13FB50270B1C82B75013B67C1781DC8F691E064FFFFFFFFFF44FFF0002FB162BD24371D340A6B2E4
13FB4927115182B73513B6841787E392A93305FFFFFFFFFFF45FFF0002FB162BD34371D340A6B2FC
13FADF2729D382B74313B5B417891E923937AEFFFFFFFFFFF41FFF0002FC162BD34371D340A6B214
13FACA27210482B75E13B62D1789D2905933063FFFFFFFFFF42FFF0002F6162BD34371D340A6B22C
13FB1727191182B74A13B67A17901591592C05EFFFFFFFFFF47FFF000300162BD44371D340A6B244
13FB3527203882B73E13B68C1799F492B92C9F1FFFFFFFFFF3DFFF0002F7162BD44371D340A6B25C
13FB292726A682B75A13B679179C79951933061FFFFFFFFFF45FFF0002FD162BD54371D340A6B274
13FB2E272A9A82B75113B68617A79D96994C05CFFFFFFFFFF45FFF0002FC162BD54371D340A6B28C
13FB1A272F3682B73913B65117A44F94D948AF7FFFFFFFFFF41FFF0002FD162BD54371D440A6C2A4
13FB30274ECB82B74F13B5C917C09394693E061FFFFFFFFFF3EFFF0002FF162BD64371D440A6C2BC
13FB38273C2082B75613B5D817B78193093B05BFFFFFFFFFF3FFFF0002F6162BD64371D440A6C2D4
13FB33273B2B82B74613B5F717B29F91295BB05FFFFFFFFFF40FFF0002F5162BD74371D440A6B2EC
13FB102748D782B74713B64817B4ED913988055FFFFFFFFFF40FFF0002FE162BD74371D440A6B204
13FAE12753D882B75613B5F017C91691999104FFFFFFFFFFF42FFF0002F6162BD74371D440A6B21C
13FAFE274BE682B75113B61017B8148FF954AEBFFFFFFFFFF44FFF0002FF162BD84371D440A6B234
13FB2D27507C82B74513B64517BAE391E93D055FFFFFFFFFF42FFF0002FA162BD84371D440A6B24C
13FB2C2765DC82B74613B5EC17C52593E93F04FFFFFFFFFFF3EFFF0002F0162BD94371D440A6B264
13FAFA2761B682B74C13B5D517C0B6948961A1AFFFFFFFFFF3AFFF000300162BD94371D540A6C27C
13FB3927556882B74813B66917C871945976055FFFFFFFFFF47FFF0002FF162BD94371D540A6C294
13FB1F275E1882B74413B67217DB4B93997504FFFFFFFFFFF40FFF0002FF162BDA4371D540A6C2AC
13FB0F2760C182B74B13B5FB17D16594197CAF0FFFFFFFFFF41FFF0002F1162BDA4371D540A6C2C4
13FAEF27EF5182B74A13B5CA1839B9939989056FFFFFFFFFF40FFF000300162BDB4371D540A6D3DC
13FB142820A082B74C13B57F1868968348EF04EFFFFFFFFFF3CFFF0002FA162BDB4371D540A6D3F4
13FA9B28213982B75113B5101866DF77181BB1CFFFFFFFFFF40FFF000301162BDB4371D540A6D30C
13FA42281FED82B74813B4D11865067457CD057FFFFFFFFFF40FFF0002FF162BDC4371D540A6D324
13FA26281D0B82B74613B4CF1864A67327B504EFFFFFFFFFF3EFFF0002F8162BDC4371D540A6D33C
13FA06281B5C82B74D13B52518642672F7AAAF7FFFFFFFFFF3FFFF0002F1162BDD4371D640A6D354
13FA5F28238782B75613B53B186A9072E7A1057FFFFFFFFFF3FFFF000303162BDD4371D640A6D36C
13FA6828227882B75713B4FC1864F572D79F04EFFFFFFFFFF3CFFF000303162BDE4371D640A6D384
13FA46281C8C82B74313B4F518643E72979DA4FFFFFFFFFFF3EFFF000302162BDE4371D640A6D39C
13FA24281B6082B74113B4F118643172779F056FFFFFFFFFF31FFF000301162BDE4371D640A6E3B4
13FA4B281B0082B75013B53718646672A79E04EFFFFFFFFFF3EFFF000301162BDF4371D640A6D3CC
13FA6E281BB582B74513B5691864A372179EAE7FFFFFFFFFF42FFF0002FB162BDF4371D640A6D3E4
13FA8F281BE082B74213B5931864E17217A2057FFFFFFFFFF3FFFF000300162BE04371D640A6D3FC
13FB07281D0882B74B13B5D618652471F79E04EFFFFFFFFFF43FFF000303162BE04371D640A6D314
13FAE6281C4182B75013B5BF18650E72279AAC0FFFFFFFFFF43FFF0002FC162BE04371D640A6D32C
13FB0F281D4982B74D13B5AD18651E724796058FFFFFFFFFF44FFF000301162BE14371D740A6D344
13FABA281C7782B74813B5CA1865F572079604EFFFFFFFFFF42FFF000301162BE14371D740A6D35C
13FAE9281D9282B74C13B5DD186661723795AD6FFFFFFFFFF41FFF000301162BE24371D740A6D374
13FAFE2820BA82B74413B64918674472A797058FFFFFFFFFF45FFF000301162BE24371D740A6D38C
13FB4228201682B73B13B6351867A572279904EFFFFFFFFFF41FFF0002F8162BE24371D740A6E3A4
13FB76281FE082B74713B64118663171F79EA79FFFFFFFFFF43FFF0002F7162BE34371D740A6D3BC
13FB25281CCE82B75313B5F61865B272679A058FFFFFFFFFF47FFF0002F9162BE34371D740A6D3D4
13FA6F281BC282B75413B5901864F272779704EFFFFFFFFFF42FFF000304162BE44371D740A6E3EC
13FB19281C9982B75613B5BA1864E7726796B3FFFFFFFFFFF3DFFF0002FB162BE44371D840A6D304
13FB9D281CAA82B74613B67118655072079B05AFFFFFFFFFF39FFF000301162BE44371D840A6E31C
13FBB3281DB982B73213B6661866C471F79E04EFFFFFFFFFF3BFFF0002ED162BE54371D840A6E334
13FBC3281D9682B74413B67018661572279EAD8FFFFFFFFFF3EFFF0002FE162BE54371D840A6D34C
13FBEE281E7E82B74D13B75E18658B72479F05AFFFFFFFFFF43FFF0002F7162BE64371D840A6D364
13FC55281E1E82B74E13B6ED1865CA72579804EFFFFFFFFFF43FFF000302162BE64371D840A6D37C
13FB5528211E82B75C13B61F18669D72079304EFFFFFFFFFF40FFF000304162BE64371D840A6E394
13FBB6281F2F82B74513B67818664272079304EFFFFFFFFFF42FFF0002FA162BE74371D840A6E3AC
13FBEC281F1D82B72A13B68518660E72079104EFFFFFFFFFF43FFF000301162BE74371D940A6E3C4
13FBA8281D6582B75013B5C41866B4723792AA1FFFFFFFFFF3FFFF000302162BE84371D940A6E3DC
13FA44281EB082B76713B4B618652072A79505BFFFFFFFFFF41FFF000304162BE84371D940A6F3F4
13FA5728251282B74B13B4B818659872679504EFFFFFFFFFF41FFF000304162BE84371D940A6E30C
13FA812820C582B73113B4FD1865CB72579604EFFFFFFFFFF3AFFF0002F1162BE94371D940A6E324
13FAF4281F5582B73E13B5E018666872179804EFFFFFFFFFF39FFF000302162BE94371D940A6E33C
13FBAD281F4C82B74F13B5FE18665871C79B04EFFFFFFFFFF43FFF000303162BEA4371D940A6E354
13FB78281ED182B75313B5F61865C871C79A04EFFFFFFFFFF43FFF0002FD162BEA4371D940A6D36C
13FB34281E7A82B73D13B60A18659071C79704EFFFFFFFFFF42FFF000306162BEA4371DA40A6E384
13FB62281F2282B74013B6381865EE72179604EFFFFFFFFFF41FFF000307162BEB4371DA40A6E39C
13FBC5281E2C82B76913B6B918656C71E79504EFFFFFFFFFF40FFF0002FF162BEB4371DA40A6F3B4
13FBB3281E7382B75613B6551865B172279104EFFFFFFFFFF40FFF000307162BEC4371DA40A6F3CC
13FBF2281FCC82B72413B6BC18669D72279004EFFFFFFFFFF3CFFF000304162BEC4371DA40A6E3E4
13FBD4281D5382B73013B65E18650072079404EFFFFFFFFFF37FFF000302162BED4371DA40A6E3FC
13FB92281B1682B75513B64018643672479804EFFFFFFFFFF40FFF0002FD162BED4371DA40A6E314
13FBA7281BDC82B75713B69818644C72579504EFFFFFFFFFF3EFFF000309162BED4371DA40A6F32C
13FB9E281B5D82B74F13B6AE18642D72A79404EFFFFFFFFFF3EFFF00030C162BEE4371DA40A6E344
13FBC5281B9782B75713B61218658472B79404EFFFFFFFFFF40FFF00030C162BEE4371DB40A6E35C
13FAAA2824E782B74F13B557186DDB72179304EFFFFFFFFFF3EFFF000301162BEF4371DB40A6F374
13FAE72820DE82B73913B4EE18693772779604EFFFFFFFFFF3BFFF000306162BEF4371DB40A6E38C
13FA542825FC82B74413B4FA1869D672479904EFFFFFFFFFF3DFFF0002FE162BEF4371DB40A6E3A4
13FA64282A2682B75813B4F51869BE72479604EFFFFFFFFFF3DFFF000309162BF04371DB40A6F3BC
13FA3A2822DF82B75313B54A18664B71D79704EFFFFFFFFFF3DFFF000301162BF04371DB40A6F3D4
13FAD0281B9382B73B13B61018640B72079904EFFFFFFFFFF3EFFF000301162BF14371DB40A6F3EC
13FA57281B3A82B74D13B4CB18651372379804EFFFFFFFFFF3AFFF00030B162BF14371DB40A6F304
13FA22281D9082B75A13B4DF1863F571B79504EFFFFFFFFFF3DFFF00030D162BF14371DC40A6F31C
13FA33281C1F82B75513B50018647671F79404EFFFFFFFFFF38FFF00030C162BF24371DC40A6F334
13FB15281D2882B74F13B59F18648972079004EFFFFFFFFFF41FFF00030D162BF24371DC40A6E34C
13FADB281B8A82B74A13B5141863D271E78E04EFFFFFFFFFF42FFF00030A162BF34371DC40A6F364
13FA8C2819DF82B74013B5841863F472379004EFFFFFFFFFF41FFF0002FF162BF34371DC40A6F37C
13FA98281A2082B73013B57D1863E171D78E04EFFFFFFFFFF40FFF000308162BF34371DC40A6F394
13FAB4281AB182B74513B5C21863DE71D78F04EFFFFFFFFFF3BFFF00030B162BF44371DC40A6F3AC
13FB24281ADC82B76613B62A18641872178D04EFFFFFFFFFF3EFFF000306162BF44371DC40A6F3C4
13FB33281B3782B75813B60118647972678E04EFFFFFFFFFF43FFF000306162BF54371DC40A6F3DC
13FB14281B8982B73713B62A18646A71D78F04EFFFFFFFFFF3FFFF00030D162BF54371DD40A6F3F4
13FB13281CC582B74D13B5D118656471778E04EFFFFFFFFFF3AFFF00030A162BF54371DD40A6F30C
13F9D4281CC782B76413B49C18676A71978C04EFFFFFFFFFF3FFFF000309162BF64371DD40A6F324
13F9EE281D7582B76013B50318657D71E78F04EFFFFFFFFFF42FFF000303162BF64371DD40A6F33C
13FA41281ACA82B77B13B58418641C72279204EFFFFFFFFFF3EFFF00030C162BF74371DD40A6F354
13FADA281B2D82B78C13B5BA18643E72279804EFFFFFFFFFF3EFFF00030C162BF74371DD40A6F36C
13FA3E281BD082B78213B51118641672679204EFFFFFFFFFF3CFFF000304162BF74371DD40A6F384
13FA5B28207D82B7A813B5191868F672878F04EFFFFFFFFFF39FFF00030E162BF84371DD40A6F39C
13FADE283DC082B7CA13B5D0187C0E71F78F04EFFFFFFFFFF3EFFF000306162BF84371DE40A6F3B4
13FA53282E5282B7BB13B57418766071F79304EFFFFFFFFFF3DFFF00030D162BF94371DE40A6F3CC
13FA8B2830EF82B7C013B5CA1879AC72479304DFFFFFFFFFF3EFFF0002FA162BF94371DE40A6F3E4
13FACC283C4582B7EA13B5EB187E4572479005CFFFFFFFFFF48FFF00030C162BFA4371DE40A6F3FC
13FB02283E3982B7FD13B5FA187D6F72479105FFFFFFFFFFF51FFF000306162BFA4371DE40A6F314
13FAE3283D3E82B80613B5E1187C63727790060FFFFFFFFFF54FFF000310162BFA4371DE40A6F32C
13FBA228546582B82113B6AD188926722792060FFFFFFFFFF55FFF00030F162BFB4371DE40A6F344
13FABD2835BC82B83713B5B11873FF72B790AE4FFFFFFFFFF57FFF000305162BFB4371DF40A6F35C
13FB2728406C82B83813B56B186FC872B792076FFFFFFFFFF51FFF00030D162BFC4371DF40A6F374
13FB72284FB782B84613B62A187F9D72979105FFFFFFFFFFF46FFF000306162BFC4371DF40A6F38C
13FF0028E47682B87213B9F118D66D72378F05FFFFFFFFFFF46FFF000307162BFC4371DF40A6F3A4
1401AB29729282B89B13BC48191E0272078F060FFFFFFFFFF65FFF0002FF162BFD4371DF40A6F3BC
1402A729AB9782B8A713BD3B193CB3723793060FFFFFFFFFF7CFFF000310162BFD4371DF40A6F3D4
14025A2993A582B89B13BCD7192CBE72C798060FFFFFFFFFF80FFF000306162BFE4371DF40A6F3EC
14024829918E82B89613BCBF192BD972D799060FFFFFFFFFF7DFFF00030D162BFE4371E040A6F304
14042129E63A82B8C113BF1619637B72A79B060FFFFFFFFFF81FFF00030D162BFE4371E040A6F31C
1409CA2A49E082B8F413C582199C1072B79E060FFFFFFFFFF8FFFF00030A162BFF4371E040A6F334
140CF82A65A282B8FF13C626199D0D7327A105FFFFFFFFFFF9BFFF000310162BFF4371E040A6F34C
140CBF2A64B482B8FC13C6B019A0A87337A3060FFFFFFFFFF9BFFF000311162C004371E040A6F364
140DC92A6AF182B90E13C75F19A3AC72F7A005FFFFFFFFFFF95FFF00030E162C004371E040A6F37C
140FB82A72EB82B93113C9FE19AABE72D7A005FFFFFFFFFFFA0FFF00030E162C014371E040A6F394
14118A2A78C882B95B13CBFD19AEA37337A405FFFFFFFFFFF9FFFF0002FF162C014371E040A6F3AC
1412852A7B8C82B97D13CCB819AFC27307A4060FFFFFFFFFFA4FFF000311162C014371E040A6F3C4
1412FF2A807A82B99F13CD4019B1D272E7A7061FFFFFFFFFFA5FFF000312162C024371E140A6F3DC
1413472A839D82B9AF13CD6A19B39D72F79E061FFFFFFFFFFA2FFF000312162C024371E140A6F3F4
1413872A846B82B9B913CD9E19B45572B7A2061FFFFFFFFFF9FFFF000309162C034371E140A6F30C
1413732A855B82B9DF13CDBA19B55E72D7A4061FFFFFFFFFFA0FFF000311162C034371E140A6F324
1412C92A854182BA1913CD1A19B5707287A5060FFFFFFFFFFA2FFF000311162C034371E140A6F33C
1412402A84BD82BA4B13CC9519B5257227A4061FFFFFFFFFFA4FFF000309162C044371E140A6F354
140EDD2A804282BA5B13CBBF19B48C7277A1061FFFFFFFFFFA1FFF000313162C044371E140A6F36C
13F17E2A563482BA6413C63319AFFE72E79F060FFFFFFFFFF9AFFF000313162C054371E140A6F384
13284A29A8BC82BA8E12EAC9194C947397A2060FFFFFFFFFF89FFF000309162C054371E240A6F39C
12F67A2A0CEB82BACC12B1F419788D7957D6060FFFFFFFFFF5EFFF000313162C054371E240A6F3B4
12ED862A303F82BB0A12AA9819884C81484A060FFFFFFFFFF51FFF000314162C064371E240A6F3CC
12E1052A548A82BB3012A5D019924583588C060FFFFFFFFFF5DFFF000315162C064371E240A6F3E4
12DE792A5A5782BB39129FFE199C4A837896060FFFFFFFFFF63FFF00030B162C074371E240A6F3FC
12DBCC2A637282BB52129D95199FF482C88F061FFFFFFFFFF5AFFF00030F162C074371E240A6F314
12D48D2A817182BB8C1291C219B5A381D887060FFFFFFFFFF5DFFF000308162C074371E240A6F32C
12CDB12A93CF82BBD0128AAF19BF36818883060FFFFFFFFFF62FFF000309162C084371E240A6F344
12C7EB2A9FB282BC081285CB19C50781A883060FFFFFFFFFF63FFF000314162C084371E340A6F35C
12C5712AA62182BC2D12857119C6E682A88E060FFFFFFFFFF5CFFF00030E162C094371E340A6F374
12C33D2AABEC82BC4F1283F919C91583C89B061FFFFFFFFFF59FFF000315162C094371E340A6F38C
12C1B72AB25D82BC7E1280F719CEB384B8A3062FFFFFFFFFF67FFF00030B162C0A4371E340A6F3A4
12C3982ABD0C82BCB712823319D51984E8A9060FFFFFFFFFF6EFFF000311162C0A4371E340A6F3BC
12C27A2ABFA182BCE612816C19D5C28548A9060FFFFFFFFFF4CFFF00030C162C0A4371E340A6F3D4
12C1452AC24F82BD1612800419D74285B8B0060FFFFFFFFFE6AFFF000313162C0B4371E340A6F3EC
12BFB62AC95F82BD61127E5819DB448588B4060FFFFFFFFFF02FFF00030B162C0B4371E340A70304
12C1DA2AD1CC82BD9D12804C19DF4E8498AF061FFFFFFFFFF02FFF00030C162C0C4371E440A7031C
12C3652ADA1882BDC01281A419E2638388A1060FFFFFFFFFF30FFF00030D162C0C4371E440A6F334
12C3192ADEB582BDF41281E119E700827896061FFFFFFFFFF67FFF000315162C0C4371E440A6F34C
12C5652AE77582BE3912842819EC2381E88A061FFFFFFFFFF90FFF000314162C0D4371E440A6F364
12C8692AEE6282BE701286E519EF6B821885062FFFFFFFFFF9BFFF00030C162C0D4371E440A7037C
12CBD72AF71E82BEAB128A7B19F47182B888061FFFFFFFFFF95FFF00030B162C0E4371E440A6F394
12DC222B230582BEFC129A3A1A0C0883388D060FFFFFFFFFF98FFF000317162C0E4371E440A6F3AC
12E8E82B42E482BF3D12A7001A1D82836893061FFFFFFFFFFA2FFF000319162C0E4371E440A6F3C4
12F3AE2B5EA082BF6812AEA91A287383E897062FFFFFFFFFFA3FFF00030F162C0F4371E540A6F3DC
12FFD52B7EAC82BFA712BE301A3F3A834890060FFFFFFFFFFA1FFF000315162C0F4371E540A6F3F4
130D0E2BA5B182BFF712CB301A54FC82788A060FFFFFFFFFFA5FFF000315162C104371E540A6F30C
1317EE2BCA8682C03F12D6781A69F081587B060FFFFFFFFFF9DFFF000318162C104371E540A70324
131C072BDB8D82C07C12DA151A73747EF85C060FFFFFFFFFF96FFF00031B162C104371E540A6F33C
131D8C2BEAE982C0C612DB0F1A7A5F7CA83A062FFFFFFFFFF81FFF00030A162C114371E540A6F354
131D2A2BED5F82C11512DAA21A7B9A7B0823060FFFFFFFFFF8DFFF000319162C114371E540A6F36C
131D022BF08482C15612DA6E1A7D8B7A6813060FFFFFFFFFF95FFF000307162C124371E540A70384
131C822BF30282C19312D9F11A7ECA79F806062FFFFFFFFFF97FFF000317162C124371E640A6F39C
131B1E2BF53382C1E212D8B01A7FDE79A801060FFFFFFFFFF97FFF000318162C124371E640A703B4
1318B12BF52282C23712D62D1A7FD979A7FC060FFFFFFFFFF92FFF000311162C134371E640A703CC
1316BF2BF44882C27F12D42B1A7F5E7977FB060FFFFFFFFFF8CFFF000314162C134371E640A703E4
1315782BF37382C2CA12D3071A7EEC7977FDA8CFFFFFFFFFF8DFFF000315162C134371E640A703FC
1315662BF42482C31A12D2FB1A7F557937FE085FFFFFFFFFF8EFFF000318162C144371E640A70314
1315BE2BF51882C36112D3521A7FDE7927FD060FFFFFFFFFF8CFFF000318162C144371E640A7032C
1316862BF6A182C3A312D41A1A80B57947F7060FFFFFFFFFF93FFF000318162C154371E640A70344
1317B62BF8F882C3F612D53D1A81F578F7FB061FFFFFFFFFF8FFFF000319162C154371E740A7035C
13182E2BFA3582C45312D5B81A82A378F7FD05FFFFFFFFFFF8FFFF000309162C154371E740A70374
1318482BFAC482C49C12D5CD1A82F27957FF05FFFFFFFFFFF91FFF00031A162C164371E740A7038C
1318942BFB5E82C4D512D6291A835B79780005FFFFFFFFFFF96FFF000318162C164371E740A703A4
131A612BFEDC82C52412D7DD1A852D7927FE061FFFFFFFFFF98FFF000318162C174371E740A703BC
131B812C00F282C57F12D8F81A86527947FB05FFFFFFFFFFF98FFF000318162C174371E740A703D4
131C652C02B482C5D712D9D81A874A7947FE05FFFFFFFFFFF99FFF00031A162C174371E740A703EC
131CF92C03DF82C63212DA731A87F379B80005FFFFFFFFFFF9BFFF000315162C184371E740A70304
131D4C2C049182C68812DACC1A885F797800060FFFFFFFFFF9DFFF00031C162C184371E840A7031C
131E052C061C82C6D412DB8D1A89467977FD05FFFFFFFFFFF9CFFF00031B162C194371E840A70334
131F8D2C095782C71A12DD241A8B237947FF05FFFFFFFFFFF9FFFF000312162C194371E840A7134C
13206C2C0B1482C75F12DDE61A8BFE7937FF05FFFFFFFFFFFA4FFF000316162C194371E840A70364
13215B2C0D0082C7B812DEC51A8CED7907FD060FFFFFFFFFFA5FFF000310162C1A4371E840A7037C
1322CA2C106682C81612E01A1A8EAC78E7FD05FFFFFFFFFFFA6FFF00031B162C1A4371E840A70394
1325202C156D82C87212E26C1A917C78E7F905FFFFFFFFFFFA9FFF000315162C1B4371E840A703AC
1329502C1D1682C8CC12E68E1A95BF78E7F505FFFFFFFFFFFABFFF00031F162C1B4371E840A703C4
13297E2C1D6082C91912E6EF1A961B78F7F1060FFFFFFFFFFACFFF00031D162C1B4371E940A713DC
132A3E2C1ED082C95512E7E01A970D78E7F305EFFFFFFFFFFAEFFF000310162C1C4371E940A703F4
132BE62C21B282C9A012E9401A986778B7F605EFFFFFFFFFFB0FFF000316162C1C4371E940A7130C
132D7D2C24B682CA0712EAA91A99EC78F7F705EFFFFFFFFFFB2FFF000316162C1C4371E940A71324
132D252C24A782CA6512EA7F1A9A107917F3060FFFFFFFFFFB3FFF000312162C1D4371E940A7033C
132B2B2C220582CAA512E80D1A98427917F205EFFFFFFFFFFB4FFF00031C162C1D4371E940A71354
1329C82C203682CAEC12E70C1A978878F7F105EFFFFFFFFFFB4FFF000313162C1E4371E940A7036C
1329672C209D82CB5312E6AF1A97B178E7EE05EFFFFFFFFFFB6FFF000308162C1E4371EA40A71384
132AA92C235682CBB312E7FA1A994978B7F005FFFFFFFFFFFB7FFF00031A162C1E4371EA40A7139C
132A492C231282CBFC12E7851A991678D7F405FFFFFFFFFFFB8FFF000312162C1F4371EA40A713B4
1329872C223382CC3712E6C61A989D78C7F305EFFFFFFFFFFB8FFF00031B162C1F4371EA40A703CC
13286A2C20C982CC7312E5B41A97DF7907F105EFFFFFFFFFFB9FFF000312162C204371EA40A703E4
1321802C17D082CCD012DF4C1A93447897F305EFFFFFFFFFFB9FFF00031B162C204371EA40A713FC
131D3C2C134E82CD4912DAC91A907978F7F5060FFFFFFFFFFB6FFF00031D162C204371EA40A71314
131EE72C17F682CDA312DC7E1A932F7917F805EFFFFFFFFFFB3FFF000317162C214371EA40A7032C
1322412C1EDC82CDE412E00B1A973A7997FA05EFFFFFFFFFFB0FFF00031F162C214371EA40A70344
1323252C20E282CE1F12E09B1A97FC7987FA05EFFFFFFFFFFABFFF00031E162C224371EB40A7135C
13211B2C1F4B82CE5212DE901A96F978F7F305EFFFFFFFFFFA4FFF00031C162C224371EB40A71374
131B6E2C18A382CEA412D9351A93A378A7F405EFFFFFFFFFF9CFFF000312162C224371EB40A7038C
1310DE2C0D5782CF2912CEAC1A8D4F78E7F7060FFFFFFFFFF97FFF00031A162C234371EB40A713A4
130D252C09B882CF9912CAE11A8B4079680005EFFFFFFFFFFA2FFF00031E162C234371EB40A703BC
130C3F2C087E82CFCB12CA3E1A8AC779E80105EFFFFFFFFFF96FFF000319162C244371EB40A713D4
130BA62C07B582CFF512C9811A8A327A180005EFFFFFFFFFFA1FFF00031F162C244371EB40A703EC
130A732C060E82D04712C8301A89397A280505EFFFFFFFFFFA7FFF000312162C244371EC40A71304
1308A62C039D82D0B112C6771A87EC79F805060FFFFFFFFFFABFFF00031A162C254371EC40A7031C
12FE682BF70C82D11212BDE01A82127A780505EFFFFFFFFFFAEFFF00031E162C254371EC40A71334
12EE6C2BE3D182D16412AC921A766C7AA80B05EFFFFFFFFFFAEFFF000321162C264371EC40A7134C
12E8A62BDCD482D1A812A6521A724B7B881905EFFFFFFFFFFADFFF000319162C264371EC40A71364
12E02A2BD6CA82D1F2129E311A6F1B7C682505EFFFFFFFFFFAEFFF000320162C264371EC40A7137C
12D63F2BCFCC82D2451294A21A6B717CE83305EFFFFFFFFFFB4FFF00031F162C274371EC40A71394
12CB522BC5C082D29C128A581A662D7C4832060FFFFFFFFFFB9FFF00031F162C274371EC40A713AC
12C6002BC19082D2FF1284E31A63BF7B582605DFFFFFFFFFFBBFFF000318162C284371ED40A713C4
12C1AD2BBDCD82D35D1280851A61A67B081C05DFFFFFFFFFFBCFFF000322162C284371ED40A713DC
12C0782BBCA682D3AE127EEF1A60D57AE81305DFFFFFFFFFFBDFFF000323162C284371ED40A713F4
12BDCF2BB9C782D3E4127CE11A5F9E7A880F05DFFFFFFFFFFBDFFF00031B162C294371ED40A7130C
12B9282BB50382D4271277F31A5CC57A680E05EFFFFFFFFFFBFFFF00030E162C294371ED40A71324
12B6B12BB2D782D4A112758E1A5B9A7AC80F05EFFFFFFFFFFBFFFF000320162C2A4371ED40A7133C
12B59F2BB1A582D5171274661A5AE07B181105DFFFFFFFFFFBFFFF000313162C2A4371ED40A71354
12B56E2BB14E82D5491274751A5AE97B381305DFFFFFFFFFFBFFFF000325162C2A4371ED40A7136C
12B5492BB12E82D5771274341A5AB57AF81405DFFFFFFFFFFBFFFF00031A162C2B4371EE40A71384
12B55A2BB1C482D5DC1274291A5AF67B181705DFFFFFFFFFFBFFFF000322162C2B4371EE40A7139C
12B5732BB26E82D6481274441A5B5D7B481805FFFFFFFFFFFBFFFF00031A162C2B4371EE40A713B4
12B5702BB27B82D68D1274321A5B5E7B381805DFFFFFFFFFFC0FFF00031C162C2C4371EE40A713CC
12B5422BB2B182D6D61274111A5B7B7B981905DFFFFFFFFFFBFFFF000326162C2C4371EE40A703E4
12B5282BB2CD82D7351273FA1A5B8E7B581B05DFFFFFFFFFFBFFFF00031D162C2D4371EE40A713FC
12B5102BB2F282D7821273D81A5BA37BB81A05DFFFFFFFFFFC0FFF000324162C2D4371EE40A71314
12B43F2BB20982D7CE1273071A5B227C181805FFFFFFFFFFFC0FFF000322162C2D4371EF40A7132C
12B28E2BAFF982D8221271761A5A0D7BF81C05DFFFFFFFFFFBFFFF000308162C2E4371EF40A71344
12B1342BAE5F82D87912701A1A592B7BD81F05DFFFFFFFFFFBFFFF000323162C2E4371EF40A7235C
12AFCA2BAC8282D8CD126EBA1A58297C382305DFFFFFFFFFFBEFFF00031E162C2F4371EF40A71374
12AE032BAA4182D92B126D061A56F57C382805DFFFFFFFFFFBDFFF000328162C2F4371EF40A7138C
12AD372BA98982D97F126C1A1A567A7C982B05FFFFFFFFFFFBDFFF00031E162C2F4371EF40A713A4
12AC8D2BA8F582D9C4126B491A56187D082E05DFFFFFFFFFFBEFFF000323162C304371EF40A713BC
12ABCB2BA86982DA0C126AA61A55D67D583505DFFFFFFFFFFBDFFF000323162C304371EF40A713D4
12A9EF2BA69382DA5B1268D71A54DB7D483A05DFFFFFFFFFFBCFFF000326162C314371F040A713EC
12A8012BA49682DAB51267081A53D17D884005DFFFFFFFFFFBBFFF000328162C314371F040A71304
12A52E2BA10F82DB191264721A52097E584605DFFFFFFFFFFB9FFF000328162C314371F040A7131C
12A07F2B9B1E82DB6B125F841A4E8F7F184C05EFFFFFFFFFFB8FFF000317162C324371F040A71334
129EF62B992082DBAB125DA71A4D3B80085705DFFFFFFFFFFB6FFF000326162C324371F040A7234C
129DB82B978B82DBEE125CAE1A4C8581286205CFFFFFFFFFFB6FFF000325162C334371F040A71364
129C722B961582DC47125BA31A4BD981986C05CFFFFFFFFFFB6FFF00031B162C334371F040A7237C
129B9D2B950082DCA5125ACB1A4B4482287505DFFFFFFFFFFB6FFF000324162C334371F040A71394
129B292B946582DCEE125A341A4AD382887D05EFFFFFFFFFFB7FFF000326162C344371F140A713AC
129A482B934082DD311259581A4A3782B88105CFFFFFFFFFFB6FFF00031F162C344371F140A713C4
1296C82B8EDD82DD881256301A480E83288705CFFFFFFFFFFB6FFF00031E162C354371F140A723DC
1290A32B877D82DDE412503E1A441483588A05CFFFFFFFFFFB6FFF000326162C354371F140A713F4
128CDB2B843282DE39124C4D1A421583F89205CFFFFFFFFFFB6FFF00031D162C354371F140A7230C
1288D82B806782DE8F1248761A401D8528A005EFFFFFFFFFFB6FFF00031E162C364371F140A72324
1286352B7D7982DEE612459C1A3E568608AF05CFFFFFFFFFFB9FFF000328162C364371F140A7233C
1284C82B7BFB82DF281243651A3CFD86C8BC05CFFFFFFFFFFBAFFF000327162C374371F140A72354
1281CB2B788782DF6012401F1A3AF987C8C705CFFFFFFFFFFBAFFF000325162C374371F240A7236C
127B312B719382DFA01239D61A37558848D105CFFFFFFFFFFB9FFF00031B162C374371F240A72384
1276282B6CE882E00F1235F81A356088D8E005EFFFFFFFFFFB8FFF00031C162C384371F240A7139C
126E352B652882E089122E241A311F89F8F105CFFFFFFFFFFBAFFF000321162C384371F240A723B4
126C3A2B634A82E0CB122B731A2FB58BB90405CFFFFFFFFFFBBFFF00032A162C394371F240A723CC
126A432B614B82E0FF1229D11A2EC98D591C05CFFFFFFFFFFBBFFF00032A162C394371F240A723E4
12680D2B5F0882E14D1227E41A2DAB8E292F05CFFFFFFFFFFBBFFF000314162C394371F240A723FC
12672E2B5E2382E19E1226EF1A2D228EE93805CFFFFFFFFFFBBFFF000321162C3A4371F340A72314
1266232B5D4B82E1EB1225F41A2CB28FB93D05EFFFFFFFFFFBCFFF00031C162C3A4371F340A7132C
1263142B5A7F82E24B1223301A2B5490394405CFFFFFFFFFFBBFFF000327162C3B4371F340A72344
125DFC2B55BB82E2AC121E0F1A28AA90694905CFFFFFFFFFFBBFFF000325162C3B4371F340A7235C
125BBC2B53B282E2F2121AC01A26FF91095205CFFFFFFFFFFBCFFF000327162C3B4371F340A72374
1258662B50BE82E3361217CE1A258E91A95F05CFFFFFFFFFFBDFFF000320162C3C4371F340A7238C
12564B2B4EF982E38E12166A1A24EA92796D05EFFFFFFFFFFBCFFF000328162C3C4371F340A723A4
124F542B47BF82E3EC120FB91A211B93397905CFFFFFFFFFFBCFFF00031F162C3D4371F340A723BC
124A062B428682E42F1208951A1D3493B98205CFFFFFFFFFFBDFFF000321162C3D4371F440A723D4
1246922B3EEA82E46B1206281A1BBC94E98D05CFFFFFFFFFFBEFFF000325162C3D4371F440A723EC
12435F2B3B8E82E4BD1203B91A1A499649A005CFFFFFFFFFFC0FFF00031D162C3E4371F440A72304
1241C02B399782E5211202221A193B96F9B105DFFFFFFFFFFC0FFF000327162C3E4371F440A7231C
123F9D2B365282E57311FFC71A174997A9BC05CFFFFFFFFFFC0FFF000328162C3E4371F440A72334
123C182B310782E5BD11FC1C1A142F9839C405CFFFFFFFFFFBEFFF00031A162C3F4371F440A7234C
123A4C2B2E4782E60A11FA891A12DC98C9CB05CFFFFFFFFFFC2FFF00032B162C3F4371F440A72364
1238BE2B2C7082E65511F9171A11F29929D205CFFFFFFFFFFC2FFF000328162C404371F540A7237C
12393E2B2E3382E6A611F9AA1A12EE9959D605DFFFFFFFFFFC3FFF000326162C404371F540A72394
1238042B2D4E82E70811F87C1A127D9989D905CFFFFFFFFFFC2FFF000327162C404371F540A723AC
1237A92B2D3382E75411F7F61A125D9A09DD05CFFFFFFFFFFC2FFF000328162C414371F540A723C4
12373B2B2D2982E78811F78E1A125B9A39E105CFFFFFFFFFFC2FFF000327162C414371F540A723DC
1231C22B265A82E7CD11F20F1A0E999A79E505CFFFFFFFFFFC2FFF000315162C424371F540A723F4
122CEC2B22C482E83311ED861A0CA69AF9E905DFFFFFFFFFFC2FFF000327162C424371F540A7230C
122CCC2B246982E89811ED5F1A0D909BB9F205CFFFFFFFFFFC3FFF00031F162C424371F540A72324
122A102B219382E8F511EACC1A0C2A9C79FF05CFFFFFFFFFFC3FFF000321162C434371F640A7233C
12266B2B1E1182E93B11E6671A09C49D5A0905CFFFFFFFFFFC2FFF000327162C434371F640A72354
1223642B1A3982E96311E5561A08F49DBA1405DFFFFFFFFFFC2FFF000324162C444371F640A7236C
121EC92B141382E99911DF9A1A04C29E0A1C05CFFFFFFFFFFC4FFF000318162C444371F640A72384
1219062B0C2C82E9FF11D9FA1A00809E4A2205BFFFFFFFFFFC4FFF00031F162C444371F640A7239C
1216152B085382EA7A11D70E19FE499EBA2605BFFFFFFFFFFC4FFF00031B162C454371F640A723B4
12137D2B06E682EAD611D45919FD5E9F2A2B05CFFFFFFFFFFC4FFF000327162C454371F640A723CC
1216492B0DAD82EB1B11D7541A01759F9A2E05DFFFFFFFFFFC3FFF000320162C454371F640A723E4
1218912B133282EB5A11D9931A0479A02A3305CFFFFFFFFFFC2FFF000324162C464371F740A723FC
1216F72B133C82EB9E11D7B71A043EA06A3905BFFFFFFFFFFC2FFF000320162C464371F740A72314
1213A92B0F9A82EBF311D4D11A0272A06A3F05BFFFFFFFFFFC1FFF00031E162C474371F740A7232C
120E332B08F982EC5211CF7019FED4A0DA4405BFFFFFFFFFFC0FFF000316162C474371F740A72344
1204F12AFDE382EC9F11C5B319F87CA12A4905DFFFFFFFFFFC0FFF000321162C474371F740A7235C
11F3B82AE81582ECF111B56719ECFBA16A4B05BFFFFFFFFFFC2FFF000321162C484371F740A72374
11E5532AD4E282ED5011A7B719E2E1A1DA5505CFFFFFFFFFFC2FFF00031E162C484371F740A7238C
11D0ED2ABAD482EDA111921F19D3A0A25A5D05BFFFFFFFFFFC2FFF000311162C494371F840A723A4
11BE562AA44682EDE6117DF619C612A2CA6205DFFFFFFFFFFC1FFF00031F162C494371F840A723BC
11AE2F2A919D82EE2F116F6D19BCC9A32A6905BFFFFFFFFFFC2FFF00031D162C494371F840A723D4
11A63B2A88BA82EE7A11680919B82EA3CA7105BFFFFFFFFFFC4FFF00031C162C4A4371F840A723EC
119DDF2A7DF682EEC0115F8119B21CA45A7B05BFFFFFFFFFFC4FFF00031B162C4A4371F840A72304
1197752A765082EF16115A4719AEA2A4DA8305BFFFFFFFFFFC4FFF00031B162C4B4371F840A7231C
11906E2A6D6C82EF7411535519A9CDA55A8A05DFFFFFFFFFFC4FFF000315162C4B4371F840A72334
1187E82A62FB82EFCF114B3F19A44EA5EA9105BFFFFFFFFFFC4FFF00031E162C4B4371F840A7234C
117D072A55D782F025114061199D09A62A9605BFFFFFFFFFFC5FFF000315162C4C4371F940A72364
1173FD2A49F382F0711135F019957DA67A9B05BFFFFFFFFFFC5FFF00031B162C4C4371F940A7237C
116E662A41CF82F0B0112F2419900EA6FAA005BFFFFFFFFFFC5FFF000319162C4C4371F940A72394
1163D12A327082F0ED112546198841A72AA405DFFFFFFFFFFC5FFF000317162C4D4371F940A723AC
1152F72A1AED82F14311174E197D6CA74AA605BFFFFFFFFFFC6FFF00030E162C4D4371F940A723C4
113FCA2A027682F1AD1103CC196F79A75AA905BFFFFFFFFFFC6FFF000319162C4E4371F940A723DC
11369629F75E82F1FF10FA7B19693CA73AA805BFFFFFFFFFFC5FFF00031B162C4E4371F940A723F4
11317D29F1D182F24810F5221965FBA75AA805CFFFFFFFFFFC5FFF000313162C4E4371F940A7230C
112C9329EBA582F29A10F08E1962C7A77AAA05BFFFFFFFFFFC5FFF00031B162C4F4371FA40A72324
1129F229E80B82F2E510ED6019606EA7DAAD05BFFFFFFFFFFC7FFF000319162C4F4371FA40A7233C
1126BA29E39E82F32810EA43195E16A7FAB205BFFFFFFFFFFC8FFF000309162C4F4371FA40A72354
111FD329DA2182F38710E43919597AA81AB605CFFFFFFFFFFC7FFF000313162C504371FA40A7236C
1114E629CB7282F3ED10D968195177A82AB805BFFFFFFFFFFC7FFF00031A162C504371FA40A72384
1110AE29C5D182F42510D480194DCBA85ABA05BFFFFFFFFFFC8FFF00031C162C514371FA40A7339C
110D3029C0DA82F45910D15B194B59A87ABA05BFFFFFFFFFFC8FFF00031A162C514371FA40A723B4
11081E29B9A582F4B610CCAC1947A8A87ABB05CFFFFFFFFFFC8FFF000318162C514371FB40A723CC
1103B129B36382F51510C82C194422A88ABC05BFFFFFFFFFFC9FFF000318162C524371FB40A733E4
11007A29AEB882F55A10C457194120A8CABD05BFFFFFFFFFFC8FFF00031B162C524371FB40A723FC
10FB5829A7A382F5AE10BFFA193DBFA91ABE05BFFFFFFFFFFC7FFF000317162C534371FB40A73314
10F7D429A32382F60B10BC7C193B3DA90ABF05CFFFFFFFFFFC7FFF00031F162C534371FB40A7232C
10F65E29A10082F65210BA51193999A91AC105BFFFFFFFFFFC8FFF00031D162C534371FB40A72344
10F47B299E3482F68710B8D2193857A92AC105BFFFFFFFFFFC9FFF000311162C544371FB40A7335C
10F0982998AE82F6CE10B542193593A90AC105CFFFFFFFFFFC9FFF000319162C544371FC40A73374
10E9CF298F4282F73210AECA193098A8FAC105BFFFFFFFFFFC9FFF00031C162C544371FC40A7238C
10E6EC298B4682F79310ABBD192E35A8EAC105AFFFFFFFFFFC8FFF00031B162C554371FC40A733A4
10E63B298A2782F7DD10AAE8192D7BA8FAC105BFFFFFFFFFFC7FFF000321162C554371FC40A733BC
10E35B2985E082F82810A7CB192B06A91AC105CFFFFFFFFFFC9FFF000322162C564371FC40A723D4
10DF22297FFF82F87310A3B81927D7A90AC105AFFFFFFFFFFC9FFF000317162C564371FC40A723EC
10DAFF297A0782F8BE109FBD1924B3A94AC305BFFFFFFFFFFC9FFF00031E162C564371FC40A73304
10D6A929740982F912109BBC192198A96AC405CFFFFFFFFFFC9FFF000320162C574371FC40A7331C
10D4B629714382F9651099AA191FFBA9AAC505AFFFFFFFFFFCAFFF000322162C574371FC40A73334
10D3F429701E82F9B11098E2191F5AA9CAC705AFFFFFFFFFFC9FFF000323162C574371FD40A7334C
10D1F2296D2B82FA05109719191DE9A9BACA05CFFFFFFFFFFC8FFF000324162C584371FD40A72364
10CAC62962EE82FA631090621918A5A9CACA05AFFFFFFFFFFC8FFF000314162C584371FD40A7337C
10C5C3295BEC82FAB9108AEF191463A9CACA05AFFFFFFFFFFC9FFF000323162C594371FD40A73394
10C4E5295A8082FAFC10897819132BA9DACC05AFFFFFFFFFFCAFFF000322162C594371FD40A733AC
10C28029570182FB3F108710191143AA1ACD05CFFFFFFFFFFC9FFF000322162C594371FD40A733C4
10C00C29538482FB84108506190FA3AA2ACF05AFFFFFFFFFFC9FFF000322162C5A4371FD40A733DC
10BB9B294D4B82FBD4108111190C71AA4AD105AFFFFFFFFFFC9FFF00031A162C5A4371FE40A733F4
10B4FA29451782FC3E107A8A190754AA8AD205CFFFFFFFFFFC9FFF000322162C5A4371FE40A7330C
10B1E829407182FC9D10777A1904DAAACAD505AFFFFFFFFFFC8FFF000323162C5B4371FE40A73324
10B111293F2882FCE110760C1903B1AABAD705AFFFFFFFFFFC9FFF00031C162C5B4371FE40A7333C
10AF54293C8182FD1B107420190221AADAD805DFFFFFFFFFFC8FFF000324162C5C4371FE40A72354
10AB9729373F82FD641070FD18FFAAAAEADA05AFFFFFFFFFFC8FFF000321162C5C4371FE40A7336C
10A9CF29348A82FDB6106F8A18FE6FAB1ADC05AFFFFFFFFFFC8FFF000321162C5C4371FE40A72384
10A532292DFA82FE0D106AD718FABAAB2ADD05BFFFFFFFFFFC9FFF000322162C5D4371FF40A7339C
10A04E2926DB82FE6410664218F70EAB0ADF05CFFFFFFFFFFC9FFF00031B162C5D4371FF40A733B4
109CDC2921F782FEA910619618F368AB2AE105AFFFFFFFFFFCAFFF000323162C5D4371FF40A733CC
10994C291CA082FEE9105E8618F0EAAB8AE405AFFFFFFFFFFCAFFF00031B162C5E4371FF40A733E4
1093B129147E82FF471059A918ECFBABBAE605DFFFFFFFFFFC7FFF000322162C5E4371FF40A733FC
108F2F290E0982FFA910552418E960ABBAE705BFFFFFFFFFFC7FFF000312162C5F4371FF40A73314
108CB3290A8B82FFE310525F18E72AABBAE805BFFFFFFFFFFC8FFF000320162C5F4371FF40A7332C
1089922905F5830015104FA118E4EAABDAE805DFFFFFFFFFFC8FFF00030E162C5F43720040A73344
10871029023283006A104D2418E2E8ABFAEA05BFFFFFFFFFFC9FFF00031F162C6043720040A7335C
1085C62900498300D0104BD318E1D8AC1AEB05AFFFFFFFFFFC9FFF000319162C6043720040A73374
10848C28FE71830124104A8A18E0CAAC0AEC05CFFFFFFFFFFC9FFF000323162C6143720040A7338C
1083BF28FD3783016510498D18DFFBABFAEE05AFFFFFFFFFFC9FFF000321162C6143720040A733A4
10828728FB668301A710487B18DF1CABFAEE05AFFFFFFFFFFC9FFF000317162C6143720040A733BC
10804328F8288301F710467C18DD7FABFAEE05CFFFFFFFFFFC9FFF000320162C6243720040A733D4
107E9928F5F183024910449218DBF9AC1AEE05AFFFFFFFFFFC9FFF00031D162C6243720140A733EC
107DE828F4BA83028D1043F418DB76AC5AEE05AFFFFFFFFFFC9FFF000312162C6243720140A73304
107D1328F3718302E110434D18DAE9AC5AEF05CFFFFFFFFFFC9FFF000321162C6343720140A7331C
10793228EDCE830340103FA618D803AC6AF005BFFFFFFFFFFC8FFF000323162C6343720140A73334
10769C28EA2A83038F103CDB18D5CDAC6AF105AFFFFFFFFFFC8FFF000313162C6443720140A7334C
10750A28E7C98303D4103B2218D467AC7AF205AFFFFFFFFFFC9FFF000325162C6443720140A73364
10723528E3B383042010386518D236AC8AF405CFFFFFFFFFFC7FFF000323162C6443720140A7337C
1070CA28E1908304671036DF18D0F3AC9AF405AFFFFFFFFFFC8FFF000322162C6543720240A73394
106FB728DFFF8304AD1035EE18D02FAC9AF505AFFFFFFFFFFC8FFF000310162C6543720240A733AC
106EF328DF708304FD10354F18CFADACBAF605CFFFFFFFFFFC9FFF000322162C6543720240A733C4
106E9D28DED38305591034FA18CF67ACBAF805AFFFFFFFFFFC9FFF00031E162C6643720240A733DC
106E5D28DE6A8305B91034B418CF2CACCAF905AFFFFFFFFFFC9FFF000328162C6643720240A733F4
106E0328DDDA83060610343318CEC4ACFAFA05DFFFFFFFFFFC9FFF000323162C6743720240A7330C
106CD828DC1583063710332C18CDF2AD0AFA05AFFFFFFFFFFC9FFF000326162C6743720240A73324
106A4528D85A83067210306C18CBC3AD1AF905AFFFFFFFFFFC8FFF000323162C6743720340A7333C
1066B128D2FC8306D4102D7418C952AD2AF905AFFFFFFFFFFC8FFF000323162C6843720340A73354
10614428CB6583072B1027DE18C4F7AD2AFA05DFFFFFFFFFFC9FFF000327162C6843720340A7336C
105EF628C7E983077410259718C315AD3AFC05AFFFFFFFFFFC8FFF00032B162C6943720340A73384
105D2E28C54F8307C51023BF18C191AD5AFD05AFFFFFFFFFFCBFFF00032C162C6943720340A7339C
105CB628C48283081410234618C122ADAAFF05AFFFFFFFFFFC9FFF00032B162C6943720340A733B4
105BD528C34183085810223718C03EADBB0005CFFFFFFFFFFC9FFF000322162C6A43720440A733CC
1057FD28BDF483089F101E7818BD4CADCB0005AFFFFFFFFFFC9FFF000322162C6A43720440A733E4
10548C28B8EA8308EF101B5F18BACDADEB0105AFFFFFFFFFFC9FFF00032B162C6A43720440A733FC
1051F228B5248309441018A718B8A3ADFB0305CFFFFFFFFFFC8FFF00032B162C6B43720440A73314
10506E28B2C983099D10173918B76CAE0B0505AFFFFFFFFFFC8FFF00032C162C6B43720440A7332C
104F0F28B0BF8309E110150018B5A0AE2B0805AFFFFFFFFFFC9FFF00032D162C6B43720440A73344
104C5428AC9C830A151011B118B2FBAE7B0A05AFFFFFFFFFFC9FFF00032D162C6C43720440A7335C
10485A28A6D8830A5D100F3018B0E8AECB0D05CFFFFFFFFFFC9FFF000324162C6C43720540A73374
1046E528A494830AC4100DC018AFACAEEB1105AFFFFFFFFFFC8FFF00032C162C6D43720540A7338C
10460528A33F830B1A100CF418AF00AF3B1705AFFFFFFFFFFC8FFF000326162C6D43720540A733A4
1045FF28A31C830B51100CAC18AEBEAF9B1C05BFFFFFFFFFFCAFFF000330162C6D43720540A733BC
10446F28A0C0830B97100B5D18ADAAAFCB1F05BFFFFFFFFFFC8FFF00031F162C6E43720540A733D4
1041E8289D14830BEF1008E318ABABB00B2305AFFFFFFFFFFC8FFF00032E162C6E43720540A733EC
103F1928990F830C4910062218A981B02B2605AFFFFFFFFFFC9FFF00032F162C6E43720540A73304
103D8F2896C9830C9810049218A83CB05B2905CFFFFFFFFFFC9FFF000321162C6F43720640A7331C
103CCA2895A5830CD810036F18A74FB07B2B05AFFFFFFFFFFC9FFF000334162C6F43720640A73334
103B8A289420830D1F10028918A68EB08B2E05AFFFFFFFFFFC9FFF000332162C7043720640A7334C
10397E289122830D7610008618A4E7B0AB3005AFFFFFFFFFFC9FFF000330162C7043720640A73364
103885288FA2830DCE0FFFA018A429B0CB3105BFFFFFFFFFFC9FFF000331162C7043720640A7337C
10370E288D79830E200FFE2A18A2F9B0DB3305AFFFFFFFFFFC9FFF00032C162C7143720640A73394
103641288C3C830E750FFD7C18A267B0CB3305AFFFFFFFFFFC9FFF000337162C7143720640A733AC
103533288AB7830EBD0FFC2D18A15BB0FB3305CFFFFFFFFFFC9FFF000336162C7143720740A733C4
10347A2889A6830F030FFB9D18A0E3B0FB3305AFFFFFFFFFFC9FFF00032E162C7243720740A733DC
1034082888F6830F590FFB1618A074B0DB3405AFFFFFFFFFFC9FFF000330162C7243720740A733F4
10306628839B830FAE0FF7A0189DACB0CB3405AFFFFFFFFFFC9FFF000335162C7343720740A7330C
102DA5287FBE830FF80FF4BB189B66B0EB3405CFFFFFFFFFFC9FFF000339162C7343720740A73324
102D12287ED983104F0FF44E189B08B0EB3405AFFFFFFFFFFC9FFF000331162C7343720740A7333C
102B88287C968310A80FF2D81899D9B0DB3305AFFFFFFFFFFC9FFF000339162C7443720740A73354
102A15287A708310FA0FF15218989CB0CB3205AFFFFFFFFFFC9FFF00032F162C7443720740A7336C
1028D52878858311370FEF87189725B0CB3305CFFFFFFFFFFC9FFF000337162C7443720840A74384
1026552874D683117B0FED9118958BB0DB3405AFFFFFFFFFFC9FFF000338162C7543720840A7339C
1023312870418311D30FEA97189324B0EB3405AFFFFFFFFFFC9FFF000329162C7543720840A733B4
101FFE286B988312290FE7791890A6B0FB3505AFFFFFFFFFFC9FFF000339162C7643720840A733CC
101E262868E38312790FE594188F1AB0FB3605CFFFFFFFFFFC9FFF000329162C7643720840A743E4
101DBF2868428312CE0FE521188EB7B11B3605AFFFFFFFFFFC9FFF00033B162C7643720840A733FC
101D692867B88313100FE48D188E3AB12B3705AFFFFFFFFFFC8FFF00033C162C7743720840A73314
101C862866648313510FE3C1188D95B12B3705AFFFFFFFFFFC8FFF000333162C7743720940A7332C
101B372864708313AB0FE2B7188CB9B13B3605BFFFFFFFFFFC8FFF000339162C7743720940A73344
1019962862178314050FE10E188B65B13B3605AFFFFFFFFFFC9FFF000339162C7843720940A7335C
10190528613883144D0FE071188AE3B15B3605AFFFFFFFFFFC9FFF000332162C7843720940A73374
1018BD2860CF83148E0FE023188AA2B15B3805BFFFFFFFFFFC9FFF00033D162C7943720940A7338C
1017BE285F538314DB0FDF361889E1B14B3805AFFFFFFFFFFC9FFF00033D162C7943720940A733A4
1016BF285DCC8315360FDE46188918B13B3905AFFFFFFFFFFC8FFF00033C162C7943720940A733BC
101575285BE78315940FDD04188813B15B3905AFFFFFFFFFFC8FFF00033C162C7A43720A40A733D4
10138A2859178315DC0FDAC3188642B18B3B05CFFFFFFFFFFC9FFF000335162C7A43720A40A733EC
10128A28578C8316140FD974188531B19B3C05AFFFFFFFFFFC9FFF00033D162C7A43720A40A74304
1010F72855478316630FD88618846DB1AB3E05AFFFFFFFFFFC8FFF000334162C7B43720A40A7331C
100FA528536A8316BD0FD750188371B1BB3F05AFFFFFFFFFFC8FFF00033D162C7B43720A40A73334
100E5E28518B8317070FD5F0188256B19B3E05CFFFFFFFFFFC8FFF000335162C7C43720A40A7334C
100DCA2850A98317530FD5661881E2B18B3E05AFFFFFFFFFFC9FFF00033F162C7C43720A40A73364
100CB7284F0E8317A50FD46018810DB18B3E05AFFFFFFFFFFC8FFF000340162C7C43720A40A7437C
100B9D284D678317F20FD33A18801BB19B3D05AFFFFFFFFFFC9FFF00033F162C7D43720B40A73394
100A07284B0383183C0FD1A0187EC7B18B3D05BFFFFFFFFFFC9FFF00033F162C7D43720B40A733AC
10081528481C83188C0FCFCB187D46B17B3E05AFFFFFFFFFFC8FFF00033F162C7D43720B40A733C4
1005332843C28318E20FCD0B187B00B17B3D05AFFFFFFFFFFC8FFF00033D162C7E43720B40A743DC
1002E328405883192F0FCA721878E3B17B3E05AFFFFFFFFFFCAFFF000337162C7E43720B40A743F4
10013F283DEE8319720FC8A4187772B18B3D05BFFFFFFFFFFC9FFF00033D162C7E43720B40A7330C
0FFE8D2839F28319BC0FC66C1875A2B19B3D05AFFFFFFFFFFC8FFF00032C162C7F43720B40A73324
0FF952283259831A1C0FC145187185B18B3D05AFFFFFFFFFFC8FFF00033E162C7F43720C40A7333C
0FF754282F74831A740FBF2E186FCEB18B3D05BFFFFFFFFFFC9FFF00033F162C8043720C40A73354
0FF713282EED831AAF0FBE6A186F22B1BB3D05BFFFFFFFFFFC9FFF00033F162C8043720C40A7336C
0FF511282BD8831AF50FBD02186DF1B1AB3D05AFFFFFFFFFFC9FFF00033F162C8043720C40A73384
0FF3EE282A21831B540FBBE7186CFFB19B3D05AFFFFFFFFFFC9FFF00032F162C8143720C40A7439C
0FF2712827CE831BA40FBA73186BC3B17B3D05AFFFFFFFFFFC9FFF000338162C8143720C40A743B4
0FEDAB2820A2831BE80FB558186797B14B3B05CFFFFFFFFFFC9FFF00032B162C8143720C40A733CC
0FE98E281A9B831C2E0FB16118645CB13B3A05AFFFFFFFFFFC9FFF00033E162C8243720C40A733E4
0FE627281566831C7F0FAE711861E1B11B3905AFFFFFFFFFFC9FFF000340162C8243720D40A733FC
0FE2F9281096831CD70FAB51185F4BB0FB3805AFFFFFFFFFFC9FFF000337162C8343720D40A73314
0FDF3C280B08831D270FA776185C1EB0FB3705BFFFFFFFFFFC9FFF00033E162C8343720D40A7432C
0FDE4128098F831D6E0FA660185B34B12B3605AFFFFFFFFFFC8FFF000335162C8343720D40A74344
0FDCD8280756831DB60FA504185A13B13B3705AFFFFFFFFFFC8FFF00033C162C8443720D40A7335C
0FD9D1280305831DFE0FA1CA185785B13B3705AFFFFFFFFFFC9FFF00033E162C8443720D40A74374
0FD68927FE1D831E410F9E701854D4B13B3805AFFFFFFFFFFCAFFF000335162C8443720D40A7438C
0FD24427F7CB831E9B0F9AD41851D9B12B3905CFFFFFFFFFFC8FFF00033D162C8543720D40A733A4
0FCF8027F39D831EF30F97FA184F77B15B3A05AFFFFFFFFFFC7FFF000337162C8543720E40A733BC
0FCCFB27EFB3831F320F94D5184CD2B17B3B059FFFFFFFFFFC7FFF000340162C8643720E40A743D4
0FCB7A27ED68831F770F93CE184BECB18B3C059FFFFFFFFFFC8FFF000338162C8643720E40A743EC
0FCA8E27EBF0831FD00F930E184B44B1BB3D05AFFFFFFFFFFC8FFF000340162C8643720E40A74304
0FC83B27E87783201E0F90CE18496AB1BB3E05CFFFFFFFFFFC9FFF000337162C8743720E40A7331C
0FC6CF27E64B83205C0F8F2618480FB1CB3E05AFFFFFFFFFFC9FFF00033D162C8743720E40A74334
0FC51E27E3C58320B10F8DAC1846D2B1DB3F059FFFFFFFFFFC8FFF00033D162C8743720E40A7434C
0FC32F27E0DA83210B0F8BDF184554B1EB41059FFFFFFFFFFC8FFF000340162C8843720E40A74364
0FC21627DF2883214E0F8A151843DBB1FB4305CFFFFFFFFFFC8FFF000342162C8843720F40A7437C
0FC01B27DC358321800F87FA184228B22B45059FFFFFFFFFFC7FFF00032F162C8843720F40A74394
0FBE4727D97F8321CC0F86FE184151B24B45059FFFFFFFFFFC8FFF00033D162C8943720F40A733AC
0FBAB527D4138322350F838F183E76B24B47059FFFFFFFFFFC8FFF00033F162C8943720F40A733C4
0FB94927D2008322910F81F5183D28B25B4805CFFFFFFFFFFC8FFF00033B162C8A43720F40A743DC
0FB8D627D1428322C30F8145183C90B27B4A059FFFFFFFFFFC8FFF000341162C8A43720F40A743F4
0FB76A27CF118322F90F7FE4183B6CB29B4B059FFFFFFFFFFC8FFF000338162C8A43720F40A7430C
0FB56D27CC268323470F7E42183A15B28B4C059FFFFFFFFFFC8FFF00033B162C8B43721040A73324
0FB2C327C8298323970F7B9A1837E9B2AB4D05AFFFFFFFFFFC8FFF00033C162C8B43721040A7433C
0FB19B27C6728323EB0F7A6A1836EDB2DB4F05BFFFFFFFFFFC9FFF000342162C8B43721040A74354
0FB0B327C4F583243F0F795E183606B2FB50059FFFFFFFFFFC8FFF00033E162C8C43721040A7436C
0FACA327BEE583247D0F74EC183264B30B52059FFFFFFFFFFC7FFF000344162C8C43721040A74384
0FAA7A27BBB48324C80F7360183117B33B53059FFFFFFFFFFC7FFF000340162C8C43721040A7339C
0FA96727BA1A83251A0F7254183039B33B5505BFFFFFFFFFFC7FFF00033F162C8D43721040A743B4
0FA80327B7EB8325580F70BF182EEAB35B56059FFFFFFFFFFC8FFF00033F162C8D43721040A743CC
0FA57D27B41F8325A40F6E84182D13B37B58059FFFFFFFFFFC8FFF000333162C8E43721140A743E4
0FA32D27B0AC8326010F6C4D182B3DB38B58059FFFFFFFFFFC8FFF00033B162C8E43721140A743FC
0FA17027AE0883264C0F6A5918299CB39B5A059FFFFFFFFFFC8FFF000341162C8E43721140A75314
0FA08727AC8B8326870F6911182889B3AB5B05BFFFFFFFFFFC7FFF000337162C8F43721140A7432C
0F9E9827A9B28326D40F67A5182757B39B5D059FFFFFFFFFFC8FFF00033A162C8F43721140A74344
0F9CED27A71E8327310F6615182605B3BB5E059FFFFFFFFFFC8FFF00032E162C8F43721140A7435C
0F9B8F27A51583278F0F649D1824CCB3BB5E059FFFFFFFFFFC8FFF000342162C9043721140A74374
0F9B6227A4C98327D80F6463182499B3BB5E05BFFFFFFFFFFC8FFF000343162C9043721140A7438C
0F9B5B27A4B38328020F64771824A1B3CB5E059FFFFFFFFFFC8FFF000340162C9143721240A743A4
0F9B3627A47183283C0F6445182478B3FB5E059FFFFFFFFFFC8FFF00033C162C9143721240A743BC
0F9A2C27A2D283289E0F63541823A7B3FB60059FFFFFFFFFFC8FFF00033C162C9143721240A743D4
0F9757279E9E8329040F608F182167B3EB61059FFFFFFFFFFC9FFF000330162C9243721240A743EC
0F9632279CEB83294F0F5F5F18206BB41B6105BFFFFFFFFFFC8FFF000344162C9243721240A74304
0F9592279BEF8329950F5EBC181FE5B41B62059FFFFFFFFFFC8FFF000345162C9243721240A7431C
0F94482799F38329E10F5D85181EDCB42B62059FFFFFFFFFFC8FFF000344162C9343721240A74334
0F922F2796C5832A230F5AE6181CB3B43B63059FFFFFFFFFFC8FFF000341162C9343721240A7434C
0F8FD7279347832A5E0F58A8181AE0B45B6405AFFFFFFFFFFC9FFF000336162C9343721340A74364
0F8DA9278FF0832AB50F5701181974B44B6505AFFFFFFFFFFC9FFF00033F162C9443721340A7337C
0F8BA7278D12832B1B0F55031817D7B44B66059FFFFFFFFFFC9FFF00033A162C9443721340A74394
0F8B4C278C7F832B6B0F5496181779B45B66059FFFFFFFFFFC8FFF00033C162C9543721340A743AC
0F8B11278C1B832BAB0F5449181738B47B67059FFFFFFFFFFC7FFF000347162C9543721340A743C4
0F8AD8278BCD832BF80F542D181720B47B6805CFFFFFFFFFFC8FFF00033C162C9543721340A743DC
0F8966278990832C460F52EA181612B47B68059FFFFFFFFFFC7FFF000342162C9643721340A753F4
0F876527869B832C8E0F50AE18143FB47B69059FFFFFFFFFFC9FFF000341162C9643721440A7430C
0F866B278505832CCC0F4FAE181364B47B69059FFFFFFFFFFC9FFF000342162C9643721440A74324
0F839A2780D1832D290F4D0618112FB48B69059FFFFFFFFFFC8FFF000332162C9743721440A7433C
0F825E277F05832D940F4BCC18102BB48B6905BFFFFFFFFFFC8FFF000344162C9743721440A74354
0F811B277D0E832DD90F4A54180EEBB48B69059FFFFFFFFFFC8FFF000345162C9743721440A7436C
0F7D0E2776EA832DF80F4899180D78B4AB69059FFFFFFFFFFC7FFF000344162C9843721440A74384
0F7A0F277271832E3F0F43A118096EB4DB6B059FFFFFFFFFFC7FFF000342162C9843721440A7539C
0F78FE2770E2832EAD0F428D180883B4DB6C059FFFFFFFFFFC7FFF000342162C9843721440A743B4
0F7892277030832F0C0F4220180824B4EB6E05BFFFFFFFFFFC7FFF00033D162C9943721440A753CC
0F784B276FB4832F450F41891807A3B50B6F059FFFFFFFFFFC9FFF000347162C9943721440A753E4
0F76D6276D6F832F7B0F400318065BB51B70059FFFFFFFFFFC9FFF000345162C9A43721540A753FC
0F74482769AB832FC80F3DE818049FB50B70059FFFFFFFFFFC9FFF00033A162C9A43721540A74314
0F73A82768B58330220F3D4718041AB50B71059FFFFFFFFFFC9FFF000343162C9A43721540A7532C
0F71F02766108330780F3BA61802BDB50B7105BFFFFFFFFFFC8FFF000346162C9B43721540A74344
0F70692763DE8330C70F3A0F180172B50B72059FFFFFFFFFFC9FFF000337162C9B43721540A7335C
0F70542763A08330FE0F39BC180127B50B72059FFFFFFFFFFC7FFF000347162C9B43721540A73374
0F6FFE27632A8331420F399D18010CB52B73059FFFFFFFFFFC8FFF00033B162C9C43721540A7438C
0F6EAE27611483319B0F387B180015B54B74059FFFFFFFFFFC9FFF000342162C9C43721640A743A4
0F6D62275F278331E90F370C17FEE6B55B7405AFFFFFFFFFFC8FFF00033C162C9C43721640A743BC
0F6D03275E9283322E0F36A817FE90B57B75059FFFFFFFFFFC8FFF000347162C9D43721640A743D4
0F6CB3275E2283328B0F366317FE59B57B76059FFFFFFFFFFC8FFF000347162C9D43721640A733EC
0F6C8F275DEB8332D70F363E17FE3CB56B76059FFFFFFFFFFC9FFF000337162C9E43721640A75304
0F6C79275DBA8333050F362017FE20B57B7605BFFFFFFFFFFC9FFF000344162C9E43721640A7431C
0F6B9F275C6D83334D0F354717FD6BB59B76059FFFFFFFFFFC9FFF000345162C9E43721640A74334
0F6A4D275A7F8333B20F340117FC5EB5AB76059FFFFFFFFFFC9FFF000346162C9F43721640A7534C
0F697B2759328334080F334D17FBCAB59B77059FFFFFFFFFFC9FFF000347162C9F43721640A74364
0F69042758788334420F32A217FB3AB5AB77059FFFFFFFFFFC9FFF000347162C9F43721740A7437C
0F68C727580B8334880F328817FB25B5BB7805BFFFFFFFFFFC8FFF000346162CA043721740A75394
0F67E22756A18334DC0F31AD17FA70B5AB78059FFFFFFFFFFC8FFF000345162CA043721740A753AC
0F66C12755048335330F307C17F977B58B79059FFFFFFFFFFC8FFF000341162CA043721740A743C4
0F655F2752DE8335840F2F2A17F862B59B79059FFFFFFFFFFC9FFF000349162CA143721740A743DC
0F64EE2752378335B70F2E6F17F7C9B5BB78059FFFFFFFFFFC9FFF000340162CA143721740A743F4
0F643D27512D8335F20F2DFF17F76FB59B79059FFFFFFFFFFC9FFF000345162CA243721740A7530C
0F62BB274EE883364C0F2C9717F646B58B7905BFFFFFFFFFFC8FFF000344162CA243721740A73324
0F60EA274C448336B90F2ACD17F4D1B58B79059FFFFFFFFFFC7FFF00033F162CA243721840A7533C
0F5F6D2749EF8337080F290A17F35DB5AB7B059FFFFFFFFFFC7FFF000345162CA343721840A75354
0F5D932747358337320F275D17F1F6B5CB7C059FFFFFFFFFFC9FFF000347162CA343721840A7536C
0F5BDF27448F83376D0F25C817F0A5B5BB7B059FFFFFFFFFFC8FFF000348162CA343721840A74384
0F5871273F608337CB0F228F17EDF8B5DB7C05BFFFFFFFFFFC8FFF00033E162CA443721840A7439C
0F5738273D838338290F213217ECD1B5FB7E059FFFFFFFFFFC8FFF000347162CA443721840A733B4
0F566A273C448338720F206F17EC2EB60B7E059FFFFFFFFFFC8FFF00034A162CA443721840A753CC
0F555D273AAC8338B20F1F4517EB37B60B7D059FFFFFFFFFFC8FFF00034B162CA543721840A743E4
0F547A2739518338F50F1E7917EA8BB60B7E059FFFFFFFFFFC8FFF000338162CA543721940A743FC
0F53312737698339400F1D4117E984B61B7E05BFFFFFFFFFFC8FFF000348162CA543721940A74314
0F524227360983399F0F1C4E17E8BDB62B7E059FFFFFFFFFFC7FFF000339162CA643721940A7532C
0F52002735AC8339EA0F1C0817E882B61B7E059FFFFFFFFFFC7FFF00034C162CA643721940A74344
0F516D2734B6833A250F1B6117E7F8B61B7F059FFFFFFFFFFC9FFF00034B162CA743721940A7535C
0F50CF2733C9833A720F1ADC17E788B61B7F059FFFFFFFFFFC8FFF000341162CA743721940A74374
0F4FFE273292833ACA0F1A1A17E6EAB61B7F05BFFFFFFFFFFC8FFF000343162CA743721940A7538C
0F4F55273195833B0D0F196017E652B60B80059FFFFFFFFFFCAFFF00033F162CA843721940A743A4
0F4E9227306F833B4E0F18A417E5B5B5FB81059FFFFFFFFFFCAFFF00034C162CA843721A40A743BC
0F4E77273040833B940F188C17E59FB61B82059FFFFFFFFFFC8FFF00034C162CA843721A40A743D4
0F4E6F273033833BEE0F188617E59CB61B82059FFFFFFFFFFC8FFF000345162CA943721A40A753EC
0F4E63273026833C4A0F187A17E593B62B8205BFFFFFFFFFFC9FFF000344162CA943721A40A75304
0F4DF9272F86833C920F180E17E53CB63B83059FFFFFFFFFFC9FFF000349162CA943721A40A7431C
0F4D9A272EFF833CC90F178D17E4D3B65B83059FFFFFFFFFFC8FFF00034B162CAA43721A40A73334
0F4CD4272DD6833D050F16DE17E447B64B83059FFFFFFFFFFC7FFF00034C162CAA43721A40A7434C
0F4C30272CDA833D530F164D17E3CDB64B83059FFFFFFFFFFC7FFF000341162CAB43721B40A73364
0F4B78272BCA833DB10F159E17E33BB66B8305AFFFFFFFFFFC8FFF000342162CAB43721B40A7537C
0F4A43272A04833E070F147517E24CB67B84059FFFFFFFFFFC8FFF000347162CAB43721B40A75394
0F49B327292C833E3F0F136817E16DB66B84058FFFFFFFFFFC9FFF000354162CAC43721B40A743AC
0F48BB2727B4833E800F12D717E0F4B64B84059FFFFFFFFFFC8FFF000353162CAC43721B40A753C4
0F481B2726B8833ED10F124017E073B64B84059FFFFFFFFFFC8FFF000346162CAC43721B40A743DC
0F47642725A1833F250F119A17DFEAB65B85059FFFFFFFFFFC8FFF00034B162CAD43721B40A753F4
0F46E32724EC833F690F111D17DF81B67B8505BFFFFFFFFFFC8FFF000343162CAD43721B40A7430C
0F4668272437833FBB0F109B17DF14B67B85059FFFFFFFFFFC8FFF00034A162CAD43721C40A74324
0F466727241C833FF70F107C17DEFBB69B85059FFFFFFFFFFC8FFF000349162CAE43721C40A7433C
0F464F2723F283402B0F106F17DEF0B69B85059FFFFFFFFFFC8FFF000351162CAE43721C40A74354
0F46202723B68340870F105817DEDEB68B86059FFFFFFFFFFC7FFF000346162CAE43721C40A7336C
0F45A12722F58340FC0F0FD717DE75B67B8605BFFFFFFFFFFC8FFF00034F162CAF43721C40A74384
0F44EC2721FE8341430F0F1417DDD7B68B87059FFFFFFFFFFC8FFF000352162CAF43721C40A7339C
0F449727215E8341530F0F0817DDC4B68B87059FFFFFFFFFFC8FFF000351162CB043721C40A743B4
0F43F227206C83418D0F0E3617DD1EB69B87059FFFFFFFFFFC9FFF00034D162CB043721C40A743CC
0F42FD271EF98341EC0F0D4217DC54B6AB87059FFFFFFFFFFCAFFF00034C162CB043721D40A753E4
0F4253271DF78342450F0C9817DBC4B6BB88059FFFFFFFFFFC6FFF000348162CB143721D40A753FC
0F41E5271D5A8342A10F0C2617DB6CB6BB88059FFFFFFFFFFC7FFF000340162CB143721D40A74314
0F410D271C2E8343010F0B5717DAC6B6AB8905BFFFFFFFFFFC8FFF000356162CB143721D40A7532C
0F4062271B3283433A0F0A8517DA1BB69B89059FFFFFFFFFFC8FFF000355162CB243721D40A75344
0F4026271AC28343650F0A3F17D9DFB6AB89059FFFFFFFFFFC8FFF00033F162CB243721D40A7435C
0F3F772719B28343960F09A517D95FB6DB89059FFFFFFFFFFC8FFF00034B162CB243721D40A75374
0F3F0C2719148343E90F095A17D91DB6DB8A059FFFFFFFFFFC8FFF00034A162CB343721E40A7438C
0F3D7A27169483445A0F07BD17D7C7B6BB8A059FFFFFFFFFFC9FFF00034E162CB343721E40A753A4
0F3A542712028344C40F04BB17D555B6BB8A05BFFFFFFFFFFC9FFF00034D162CB443721E40A753BC
0F3A2F2711BB8344F60F047E17D520B6DB8B059FFFFFFFFFFC8FFF000358162CB443721E40A743D4
0F39EB2711728345250F044917D4EFB6EB8C059FFFFFFFFFFC8FFF000354162CB443721E40A753EC
0F39A427110083456F0F040B17D4BEB6FB8D059FFFFFFFFFFC8FFF00033D162CB543721E40A75304
0F396B2710A28345C80F03CD17D48EB70B8E059FFFFFFFFFFC8FFF00034D162CB543721E40A7331C
0F396027108B83460A0F03B717D47BB70B8E059FFFFFFFFFFC9FFF000342162CB543721E40A75334
0F39532710798346480F03AE17D477B6FB8E059FFFFFFFFFFC9FFF000350162CB643721F40A7534C
0F393F27106283469D0F039717D466B70B8E05BFFFFFFFFFFC8FFF000355162CB643721F40A74364
0F391E2710338346F00F037F17D456B70B8E058FFFFFFFFFFC8FFF000354162CB643721F40A7337C
0F38F3270FEE8347340F035117D430B70B8E059FFFFFFFFFFC8FFF000353162CB743721F40A74394
0F38D9270FCD8347740F033617D41AB70B8D059FFFFFFFFFFC8FFF00034A162CB743721F40A743AC
0F3885270F4A8347C50F02ED17D3E0B6FB8E059FFFFFFFFFFC8FFF000353162CB843721F40A753C4
0F3720270D3683481B0F018017D2B2B6EB8E059FFFFFFFFFFC7FFF00034B162CB843721F40A753DC
0F3639270BFC8348530F004017D1ADB6FB8F05BFFFFFFFFFFC7FFF000351162CB843721F40A753F4
0F35DF270B698348870F002717D194B70B8F059FFFFFFFFFFC8FFF000349162CB943722040A7430C
0F3590270AFF8348D90EFFFD17D172B70B8F059FFFFFFFFFFC9FFF000352162CB943722040A75324
0F34CF2709CF8349410EFF4317D0D9B70B8F059FFFFFFFFFFC8FFF00034D162CB943722040A7433C
0F33CB2708478349880EFE4017D009B72B8F058FFFFFFFFFFC8FFF000357162CBA43722040A74354
0F32E52706E78349C50EFD6217CF50B73B90059FFFFFFFFFFC9FFF000355162CBA43722040A7436C
0F32AF270699834A0B0EFD2A17CF24B73B9005BFFFFFFFFFFC8FFF000349162CBA43722040A75384
0F32AA270694834A550EFD1C17CF17B73B90058FFFFFFFFFFC9FFF000351162CBB43722040A7339C
0F32A127067F834A910EFD1917CF16B73B91059FFFFFFFFFFC9FFF000351162CBB43722140A753B4
0F31EE270567834AD90EFC8617CE98B73B91059FFFFFFFFFFC8FFF000352162CBC43722140A753CC
0F2F982701EA834B340EFA1F17CC9DB73B92058FFFFFFFFFFC9FFF000354162CBC43722140A753E4
0F2F48270176834B900EF9CA17CC58B73B92058FFFFFFFFFFC8FFF00034F162CBC43722140A733FC
0F2F0A270118834BD70EF99017CC28B74B9205BFFFFFFFFFFC8FFF000358162CBD43722140A74314
0F2E8927007D834C210EF91117CBC0B75B92058FFFFFFFFFFC8FFF00034F162CBD43722140A7532C
0F2E3B26FFFD834C5C0EF8A017CB63B74B92058FFFFFFFFFFC9FFF000352162CBD43722140A74344
0F2D9026FEEE834C920EF80317CAE0B74B92058FFFFFFFFFFC7FFF00034F162CBE43722140A7435C
0F2C1C26FCBE834CE50EF6B017C9C3B73B92058FFFFFFFFFFC7FFF00034F162CBE43722240A74374
0F25EB26F2D8834D450EF10917C4EDB72B93058FFFFFFFFFFC8FFF000349162CBE43722240A7438C
0F135E26D6BC834D930EDEFD17B60CB74B92059FFFFFFFFFFC9FFF000350162CBF43722240A743A4
0F0E2D26CF12834DE30ED91E17B119B76B9405AFFFFFFFFFFC9FFF000358162CBF43722240A733BC
0F091126C70A834E2E0ED48417AD2AB7AB97058FFFFFFFFFFC9FFF000357162CBF43722240A743D4
0F06C226C38F834E730ED1C917AAE0B7CB98058FFFFFFFFFFC9FFF000353162CC043722240A743EC
0F065626C2C6834EAE0ED13A17AA59B7EB99058FFFFFFFFFFC9FFF000351162CC043722240A73304
0F04E026C083834EF80ECFFD17A946B80B9B058FFFFFFFFFFC9FFF000350162CC043722340A7431C
0F034526BE0B834F4F0ECE6417A7E2B80B9C058FFFFFFFFFFC9FFF000351162CC143722340A74334
0F022A26BC49834FA40ECD5417A6F8B80B9E058FFFFFFFFFFC8FFF00034C162CC143722340A7434C
0F000526B8FE834FEC0ECB3817A539B81B9E05BFFFFFFFFFFC8FFF000356162CC143722340A75364
0EFF6E26B8178350330ECA8F17A4A5B82BA0058FFFFFFFFFFC7FFF00034C162CC243722340A7337C
0EFEE426B73783508E0ECA1817A43BB83BA2058FFFFFFFFFFC7FFF000353162CC243722340A73394
0EFE1826B6038350E10EC94717A391B85BA3058FFFFFFFFFFC8FFF000353162CC243722340A743AC
0EFDC826B5828351250EC8EC17A341B86BA3058FFFFFFFFFFC8FFF000353162CC343722340A753C4
0EFD3B26B49C8351680EC86717A2CFB87BA3058FFFFFFFFFFC8FFF000351162CC343722440A733DC
0EFC9F26B3B38351AF0EC7CC17A24EB88BA3058FFFFFFFFFFC8FFF000351162CC443722440A743F4
0EFC0A26B2CE8351F50EC74217A1D9B89BA405AFFFFFFFFFFC7FFF000352162CC443722440A7430C
0EFB6326B1D483524F0EC68F17A142B89BA4058FFFFFFFFFFC7FFF00034D162CC443722440A73324
0EFB3F26B1AE8352B60EC67017A129B89BA4058FFFFFFFFFFC9FFF000358162CC543722440A7333C
0EFB2926B1838353070EC63117A0F5B8ABA4058FFFFFFFFFFC9FFF000357162CC543722440A74354
0EFAEB26B1188353280EC64C17A108B8BBA5058FFFFFFFFFFC9FFF000351162CC543722440A7536C
0EFA9026B08B83535B0EC5ED17A0BBB89BA5058FFFFFFFFFFC8FFF000344162CC643722540A73384
0EF99A26AF198353BD0EC4E8179FE2B88BA505AFFFFFFFFFFC6FFF000348162CC643722540A7339C
0EF91226AE5383542C0EC44C179F62B88BA5058FFFFFFFFFFC8FFF000352162CC643722540A733B4
0EF91526AE518354730EC448179F61B88BA5058FFFFFFFFFFC8FFF00035A162CC743722540A753CC
0EF92226AE6383549D0EC458179F6DB8CBA5058FFFFFFFFFFC9FFF000358162CC743722540A743E4
0EF91B26AE628354EA0EC44F179F68B8DBA6058FFFFFFFFFFC9FFF00034A162CC743722540A733FC
0EF90E26AE5883554A0EC444179F62B8DBA6058FFFFFFFFFFC8FFF000348162CC843722540A73314
0EF8FE26AE3883559C0EC430179F55B8CBA5058FFFFFFFFFFC8FFF00034A162CC843722640A7332C
0EF90226AE458355E00EC432179F5AB8ABA605AFFFFFFFFFFC8FFF000357162CC843722640A73344
0EF8F626AE318356200EC42A179F52B8ABA6058FFFFFFFFFFC9FFF00034F162CC943722640A7335C
0EF8DE26AE148356620EC41A179F47B89BA6058FFFFFFFFFFC8FFF000354162CC943722640A73374
0EF8DA26AE178356BC0EC413179F43B89BA7058FFFFFFFFFFC8FFF000353162CC943722640A7438C
0EF8DD26AE1C8357180EC419179F4DB8ABA7058FFFFFFFFFFC9FFF000354162CCA43722640A733A4
0EF8C826ADFC8357620EC401179F3BB8BBA8058FFFFFFFFFFC8FFF00034E162CCA43722640A733BC
0EF8C026ADF98357A80EC3F2179F33B8ABA9058FFFFFFFFFFC8FFF000358162CCB43722640A733D4
0EF8BC26ADF98357F30EC3EF179F32B8ABA9058FFFFFFFFFFC8FFF00034F162CCB43722740A733EC
0EF8B526ADF183583B0EC3EA179F32B8ABA8059FFFFFFFFFFC8FFF000355162CCB43722740A73304
0EF8AE26ADEC8358830EC3E3179F2FB8ABA9058FFFFFFFFFFC7FFF000354162CCC43722740A7331C
0EF89026ADC18358D10EC3CA179F1EB8ABA8058FFFFFFFFFFC8FFF000355162CCC43722740A73334
0EF87A26ADA78359200EC3B7179F0FB8BBA7058FFFFFFFFFFC8FFF000358162CCC43722740A7334C
0EF86C26AD9D8359720EC3A2179F01B8BBA8058FFFFFFFFFFC8FFF00034A162CCD43722740A73364
0EF85526AD778359BF0EC391179EF6B8DBA8058FFFFFFFFFFC7FFF00035A162CCD43722740A7337C
0EF82026AD2F835A070EC35C179ECFB8CBA805AFFFFFFFFFFC6FFF000359162CCD43722740A73394
0EF7FD26ACFD835A570EC340179EBBB8CBA8058FFFFFFFFFFC9FFF000357162CCE43722840A733AC
0EF7A326AC7C835A9B0EC2DE179E6EB8BBA9058FFFFFFFFFFC9FFF000357162CCE43722840A733C4
0EF79426AC69835ADE0EC2C8179E5FB8BBA9058FFFFFFFFFFC9FFF000346162CCE43722840A733DC
0EF77026AC3C835B2A0EC2A6179E45B8BBA9058FFFFFFFFFFC9FFF000358162CCF43722840A733F4
0EF74C26AC0C835B8B0EC288179E2EB8CBA9058FFFFFFFFFFC6FFF00035C162CCF43722840A7330C
0EF6B926AB34835BEA0EC20C179DCCB8CBA9059FFFFFFFFFFC7FFF000355162CCF43722840A73324
0EF62326AA57835C370EC164179D46B8BBA9058FFFFFFFFFFC8FFF00035D162CD043722840A7333C
0EF5D526A9D9835C6E0EC0EB179CE1B8ABAA058FFFFFFFFFFC8FFF000351162CD043722940A73354
0EF5B126A99C835C9B0EC0CE179CC8B8ABAA058FFFFFFFFFFC7FFF000355162CD043722940A7336C
0EF54026A8F8835CE80EC087179C8DB8CBAB058FFFFFFFFFFC9FFF00034C162CD143722940A73384
0EF3BF26A69F835D520EBF1F179B60B8DBAA058FFFFFFFFFFC8FFF000359162CD143722940A7339C
0EF1F326A402835DA70EBD4F1799E8B8DBAA058FFFFFFFFFFC7FFF00035E162CD143722940A733B4
0EF17326A33A835DED0EBCC9179975B8EBAB058FFFFFFFFFFC7FFF000356162CD243722940A733CC
0EF0E126A255835E3C0EBC3A1798FEB8FBAB05AFFFFFFFFFFC9FFF00035C162CD243722940A733E4
0EF05726A185835E870EBBB117988FB90BAC058FFFFFFFFFFC9FFF000352162CD243722940A733FC
0EF00426A104835EC40EBB55179841B90BAC058FFFFFFFFFFC8FFF000358162CD343722A40A73314
0EEF34269FC8835F0A0EBA991797A5B8FBAB058FFFFFFFFFFC8FFF00034F162CD343722A40A7332C
0EEE42269E63835F610EB9A61796DDB8FBAB058FFFFFFFFFFC8FFF00035A162CD343722A40A73344
0EED86269D4A835FB50EB8E8179643B8FBAC058FFFFFFFFFFC8FFF000349162CD443722A40A7335C
0EED4B269CEE835FF90EB8A417960DB91BAC058FFFFFFFFFFC8FFF00035A162CD443722A40A73374
0EED43269CE98360400EB89E179609B92BAE05AFFFFFFFFFFC8FFF00035B162CD443722A40A7338C
0EED2B269CC383608E0EB88A1795F8B93BAD058FFFFFFFFFFC8FFF00035C162CD543722A40A733A4
0EED1E269CB58360E40EB87C1795EFB91BAE058FFFFFFFFFFC8FFF000353162CD543722B40A733BC
0EECC9269C3683613A0EB82C1795AEB90BAE058FFFFFFFFFFC8FFF00035A162CD543722B40A733D4
0EECA4269BFB8361740EB7ED17957DB91BAE058FFFFFFFFFFC6FFF000359162CD643722B40A733EC
0EEC6D269BAA8361AE0EB7C517955DB92BAF058FFFFFFFFFFC6FFF000350162CD643722B40A73304
0EEBEE269AF483620A0EB759179505B91BAE058FFFFFFFFFFC8FFF000358162CD643722B40A7331C
0EEB62269A2A8362640EB6C8179491B92BAF058FFFFFFFFFFC9FFF00034A162CD743722B40A73334
0EEB322699E28362A70EB68E179467B92BAF05AFFFFFFFFFFC8FFF00035C162CD743722B40A7334C
0EEB0526999C8362F00EB666179444B93BAF058FFFFFFFFFFC8FFF000354162CD743722B40A73364
0EEAA826991583633B0EB611179403B94BAF058FFFFFFFFFFC7FFF000344162CD843722C40A7337C
0EEA7D2698D68363820EB5E51793DEB95BAF058FFFFFFFFFFC7FFF00034C162CD843722C40A73394
0EE9992697808363D30EB50E17932EB96BAF058FFFFFFFFFFC8FFF000351162CD843722C40A733AC
0EE8CA2696458364270EB43717927CB97BAF058FFFFFFFFFFC8FFF000347162CD943722C40A733C4
0EE7B42694A183646D0EB32517919DB96BB0058FFFFFFFFFFC9FFF00031F162CD943722C40A733DC
0EE6F52693848364A90EB2581790F2B95BB0058FFFFFFFFFFC8FFF000348162CD943722C40A733F4
0EE6C62693418364FA0EB2401790DEB95BB0058FFFFFFFFFFC8FFF000359162CDA43722C40A7330C
0EE6AC2693208365610EB2241790CAB95BB005AFFFFFFFFFFC8FFF000356162CDA43722D40A73324
0EE6AF2693238365AD0EB2171790C2B95BAF058FFFFFFFFFFC7FFF0002C9162CDA43722D40A7333C
0EE6A92693178365CE0EB2221790C8B95BAF058FFFFFFFFFFC8FFF0001F8162CDB43722D40A73354
0EE6862692E98366090EB1FF1790B0B94BB0058FFFFFFFFFFC9FFF000290162CDB43722D40A7336C
0EE6582692B08366710EB1CE17908AB95BB0058FFFFFFFFFFC7FFF000351162CDB43722D40A73384
0EE62826926C8366D00EB19E179068B95BB1058FFFFFFFFFFC7FFF000359162CDC43722D40A7339C
0EE61B26925B8367130EB193179064B96BB1058FFFFFFFFFFC8FFF0002BA162CDC43722D40A733B4
0EE61226924F83674D0EB17F179054B95BB1058FFFFFFFFFFC8FFF00019D162CDC43722E40A733CC
0EE5FC2692388367960EB17117904BB95BB1057FFFFFFFFFFC8FFF00018F162CDD43722E40A733E4
0EE5EA2692268367EB0EB163179044B95BB105AFFFFFFFFFFC8FFF00029B162CDD43722E40A733FC
0EE5F22692368368370EB16617904AB96BB1058FFFFFFFFFFC9FFF00034A162CDD43722E40A73314
0EE5F226923B83687C0EB16817904EB96BB2057FFFFFFFFFFC8FFF0002F7162CDE43722E40A7332C
0EE5A52691C18368CA0EB11A179011B96BB1057FFFFFFFFFFC8FFF0001AE162CDE43722E40A73344
0EE4AD2690508369130EB011178F34B97BB1058FFFFFFFFFFC7FFF00017A162CDE43722E40A7335C
0EE409268F5A83695B0EAF8D178EC8B98BB2058FFFFFFFFFFC8FFF00020A162CDF43722E40A73374
0EE309268DD18369A80EAE91178DF8B98BB2058FFFFFFFFFFC9FFF0002AA162CDF43722F40A7338C
0EE1E6268C1F8369FC0EAD58178CF9B99BB2058FFFFFFFFFFC8FFF0001E8162CDF43722F40A733A4
0EE167268B64836A360EACB7178C74B99BB3058FFFFFFFFFFC7FFF00017F162CE043722F40A733BC
0EE04F2689AD836A7B0EABF1178BCDB99BB3059FFFFFFFFFFC7FFF0001AB162CE043722F40A733D4
0EDF202687EC836AD30EAAC0178ACFB99BB3059FFFFFFFFFFC7FFF0001F2162CE043722F40A733EC
0EDEEF2687A2836B1E0EAA7D178A9BB99BB3057FFFFFFFFFFC7FFF0001A9162CE143722F40A73304
0EDED1268776836B570EAA5E178A80B9ABB4058FFFFFFFFFFC8FFF000181162CE143722F40A7331C
0EDEA726873A836B9A0EAA3C178A64B99BB4058FFFFFFFFFFC8FFF00018D162CE143722F40A73334
0EDE6B2686E7836BEA0EA9F7178A2EB99BB4058FFFFFFFFFFC8FFF00017D162CE243723040A7334C
0EDDE026860D836C2B0EA9741789C2B98BB4057FFFFFFFFFFC8FFF000177162CE243723040A73364
0EDD6126854A836C6E0EA8F0178953B99BB4058FFFFFFFFFFC8FFF00017D162CE243723040A7337C
0EDCB1268450836CCB0EA84C1788CFB98BB5058FFFFFFFFFFC8FFF000187162CE343723040A73394
0EDC95268420836D180EA82C1788B7B99BB5057FFFFFFFFFFC8FFF0001B4162CE343723040A733AC
0EDC582683C4836D4E0EA7DC178874B99BB505AFFFFFFFFFFC8FFF00020E162CE343723040A733C4
0EDB31268201836D8D0EA6CB178794B9ABB5058FFFFFFFFFFC8FFF000240162CE443723040A733DC
0EDA9F268129836DD90EA63F178721B99BB5057FFFFFFFFFFC7FFF00021F162CE443723140A733F4
0EDA442680A1836E270EA5E31786D3B9ABB5057FFFFFFFFFFC8FFF0001FA162CE443723140A7330C
0EDA0A26804F836E720EA5AD1786A7B9ABB6057FFFFFFFFFFC8FFF0001F1162CE543723140A73324
0ED9F0268027836EBE0EA58D17868CB9BBB6058FFFFFFFFFFC8FFF000238162CE543723140A7333C
0ED98F267F99836F0B0EA532178644B9CBB6057FFFFFFFFFFC8FFF0002BE162CE543723140A73354
0ED94B267F34836F4E0EA4EA17860AB9CBB6057FFFFFFFFFFC8FFF00032D162CE643723140A7336C
0ED920267EED836F820EA4A91785D6B9CBB6057FFFFFFFFFFC8FFF00033C162CE643723140A73384
0ED8B7267E53836FCC0EA455178591B9CBB6058FFFFFFFFFFC9FFF00022E162CE643723140A7339C
0ED86D267DEE8370240EA41217855BB9BBB7059FFFFFFFFFFC9FFF0001AE162CE743723240A733B4
0ED83E267DA88370730EA3E1178537B9ABB7058FFFFFFFFFFC9FFF0002CE162CE743723240A733CC
0ED7FF267D508370BA0EA3991784FDB9BBB7057FFFFFFFFFFC7FFF00035F162CE743723240A733E4
0ED778267C828370FE0EA32C1784A6B9BBB8057FFFFFFFFFFC7FFF000361162CE843723240A733FC
0ED725267C0883713B0EA2C217844FB9BBB8058FFFFFFFFFFC7FFF000344162CE843723240A72314
0ED6C2267B7083717D0EA27D178417B9CBB7058FFFFFFFFFFC7FFF00027B162CE843723240A7332C
0ED63A267AAD8371D00EA1ED1783A0B9DBB8057FFFFFFFFFFC8FFF0002B1162CE943723240A73344
0ED614267A7F8372230EA1BB17837DB9DBB8057FFFFFFFFFFC7FFF000352162CE943723240A7335C
0ED60F267A728372630EA1B817837BB9DBB8057FFFFFFFFFFC7FFF00035A162CE943723240A73374
0ED5DD267A2A8372A10EA183178351B9DBB8057FFFFFFFFFFC7FFF00035C162CEA43723340A7338C
0ED57E26799D8372ED0EA12A178307B9EBB8057FFFFFFFFFFC7FFF0002B1162CEA43723340A723A4
0ED52C26792883733A0EA0DC1782CAB9EBB805BFFFFFFFFFFC8FFF0002CE162CEA43723340A733BC
0ED50C2678FD8373820EA0BD1782B3B9FBB8057FFFFFFFFFFC6FFF000351162CEB43723340A733D4
0ED4F32678DF8373D00EA0A61782A2B9FBB8057FFFFFFFFFFC8FFF000366162CEB43723340A733EC
0ED4F42678E583741F0EA0A21782A2BA0BB9057FFFFFFFFFFC8FFF000363162CEB43723340A72304
0ED4F82678EC8374580EA0A31782A6BA0BB9057FFFFFFFFFFC8FFF00035F162CEC43723340A7331C
0ED4F02678E78374960EA0A01782A7BA0BBA057FFFFFFFFFFC8FFF00035D162CEC43723440A72334
0ED4ED2678ED8374EB0EA09D1782A7B9EBBA058FFFFFFFFFFC8FFF00035F162CEC43723440A7334C
0ED4F02678F18375330EA09E1782ADB9EBBA058FFFFFFFFFFC7FFF000359162CED43723440A73364
0ED4EE2678F78375760EA09E1782B0BA0BBA3F0FFFFFFFFFFC7FFF000361162CED43723440A7137C
0ED4E42678F08375C20EA0961782ABBA0BBA2FCFFFFFFFFFFC9FFF000358162CED43723440A73394
0ED4E62678F783760B0EA0951782AFBA0BBA058FFFFFFFFFFC8FFF000362162CEE43723440A713AC
0ED4E82678FF83764C0EA0931782B0B9FBBA057FFFFFFFFFFC8FFF000363162CEE43723440A713C4
0ED4F02679108376820EA09A1782B8B9FBBA05AFFFFFFFFFFC8FFF000360162CEE43723440A733DC
0ED4F42679198376B40EA09F1782BEB9FBBB60CFFFFFFFFFFC9FFF00035B162CEF43723440A713F4
0ED4E726790F8376FB0EA0991782BDB9EBBB130FFFFFFFFFFC9FFF00033B162CEF43723540A7130C
0ED4DA2679098377630EA08E1782B8B9EBBB057FFFFFFFFFFC8FFF000356162CEF43723540A71324
0ED4E32679188377AC0EA08F1782BDB9EBBA640FFFFFFFFFFC7FFF000366162CF043723540A7133C
0ED4E42679148377CC0EA0931782C1B9FBBB138FFFFFFFFFFC7FFF000364162CF043723540A71354
0ED4A32678BD8378080EA04F17828DB9FBBB057FFFFFFFFFFC7FFF00034B162CF043723540A7136C
0ED48F2678A98378570EA041178286B9FBBB057FFFFFFFFFFC7FFF0002B2162CF143723540A71384
0ED48B2678A58378940EA03417827FB9EBBB057FFFFFFFFFFC8FFF000319162CF143723540A7239C
0ED4842678A18378D20EA02D17827AB9FBBB265FFFFFFFFFFC8FFF00035E162CF143723540A713B4
0ED47F2678AB8379270EA033178284BA0BBC579FFFFFFFFFFC8FFF00033B162CF243723640A713CC
0ED47B2678A88379800EA02F178285BA0BBCACBFFFFFFFFFFC9FFF0002D7162CF243723640A713E4
0ED47D2678AA8379AF0EA02C178284BA0BBC363FFFFFFFFFFC8FFF000343162CF243723640A713FC
0ED47B2678A48379CC0EA029178283BA0BBB6C5FFFFFFFFFFC8FFF00035B162CF343723640A71314
0ED468267894837A0F0EA017178279BA0BBBB0DFFFFFFFFFFC8FFF000288162CF343723640A7132C
0ED46B2678A3837A630EA01F178284BA1BBBB20FFFFFFFFFFC8FFF000172162CF343723640A71344
0ED4692678A5837AAA0EA01A178284BA2BBC5B2FFFFFFFFFFC9FFF00018D162CF443723640A7135C
0ED45326788C837AF40EA003178274BA2BBBB5DFFFFFFFFFFC8FFF000209162CF443723640A71374
0ED43E267870837B350E9FE7178262BA3BBBB6CFFFFFFFFFFC8FFF0002AC162CF443723640A7138C
0ED436267868837B640E9FD7178255BA4BBBB7CFFFFFFFFFFC7FFF00020F162CF543723740A713A4
0ED415267843837BAB0E9FC917824EBA5BBBB89FFFFFFFFFFC7FFF000189162CF543723740A713BC
0ED40F26783F837BF90E9FC317824CBA5BBCBA5FFFFFFFFFFC8FFF000182162CF543723740A713D4
0ED3EF26780F837C310E9F95178227BA5BBCBC0FFFFFFFFFFC8FFF000187162CF643723740A713EC
0ED3CA2677DA837C630E9F6B178208BA4BBCBD9FFFFFFFFFFC8FFF0001BA162CF643723740A71304
0ED39E2677A0837CA40E9F4E1781F3BA4BBCBEDFFFFFFFFFFC6FFF0001A0162CF643723740A7131C
0ED35626773D837D000E9F141781C5BA4BBDC09FFFFFFFFFFC8FFF0002B1162CF743723740A71334
0ED27F2675F0837D570E9E4117811DBA4BBDC28FFFFFFFFFFC8FFF0002C0162CF743723740A7134C
0ED1D52674FC837D8D0E9D60178063BA4BBDC3FFFFFFFFFFFC8FFF0001AF162CF743723840A71364
0ED161267446837DAF0E9D41178048BA5BBDC52FFFFFFFFFFC8FFF000180162CF843723840A7137C
0ED1062673BE837DD70E9CAA177FCDBA6BBDC5DFFFFFFFFFFC9FFF000184162CF843723840A71394
0ED0AC267342837E200E9C6B177F9BBA6BBDC6EFFFFFFFFFFC9FFF000296162CF843723840A713AC
0ED087267312837E740E9C4C177F82BA5BBEC8CFFFFFFFFFFC8FFF000329162CF843723840A713C4
0ED06A2672E1837EAF0E9C3B177F75BA6BBECA8FFFFFFFFFFC7FFF0001E5162CF943723840A713DC
0ED06A2672DC837E9B0E9C38177F6EBA7BBFCB4FFFFFFFFFFC7FFF000174162CF943723840A713F4
0ED0732672EA837E750E9C37177F6BBA7BBFCB1FFFFFFFFFFC8FFF00017A162CF943723840A7130C
0ED07F2672F8837E560E9C47177F75BA7BBFCA6FFFFFFFFFFC8FFF0001D1162CFA43723940A71324
0ED0782672E8837E5D0E9C47177F77BA6BBFCA1FFFFFFFFFFC8FFF000235162CFA43723940A7133C
0ED06B2672D7837E680E9C3B177F69BA6BBFCA4FFFFFFFFFFC6FFF0001B7162CFA43723940A71354
0ED07F2672F0837E5B0E9C3F177F6EBA6BBECA5FFFFFFFFFFC6FFF0001DE162CFB43723940A7136C
0ED06D2672D4837E460E9C45177F71BA6BBEC9FFFFFFFFFFFC7FFF000281162CFB43723940A71384
0ED0652672C8837E320E9C37177F62BA6BBFC98FFFFFFFFFFC8FFF00022F162CFB43723940A7139C
0ED0732672DA837E210E9C3D177F66BA6BBFC92FFFFFFFFFFC8FFF00018B162CFC43723940A713B4
0ED07A2672DE837E230E9C3F177F69BA6BBFC90FFFFFFFFFFC8FFF000178162CFC43723A40A713CC
0ED0762672DE837E2F0E9C35177F63BA7BC0C94FFFFFFFFFFC8FFF0001E7162CFC43723A40A713E4
0ED0812672EB837E290E9C3F177F6BBA6BC0C97FFFFFFFFFFC8FFF000322162CFD43723A40A713FC
0ED09926730C837E100E9C5D177F81BA6BBFC94FFFFFFFFFFC8FFF00035B162CFD43723A40A71314
0ED095267308837DEC0E9C56177F7ABA6BBFC8DFFFFFFFFFFC8FFF00034F162CFD43723A40A7132C
0ED097267306837DCF0E9C55177F79BA7BBEC81FFFFFFFFFFC8FFF0002E7162CFE43723A40A71344
0ED0932672FD837DD90E9C57177F7BBA6BBEC7EFFFFFFFFFFC9FFF000252162CFE43723A40A7135C
0ED0842672E8837DF20E9C47177F6FBA6BBEC80FFFFFFFFFFC8FFF0002CE162CFE43723A40A71374
0ED0812672E3837DF20E9C45177F6CBA5BBEC86FFFFFFFFFFC9FFF000361162CFF43723A40A7138C
0ED097267306837DCF0E9C5D177F80BA4BBEC83FFFFFFFFFFC9FFF000367162CFF43723B40A713A4
0ED0AA26731D837DA70E9C6B177F86BA5BBEC7AFFFFFFFFFFC7FFF00035A162CFF43723B40A713BC
0ED0B926732D837DA50E9C6E177F8ABA4BBEC76FFFFFFFFFFC7FFF000360162D0043723B40A713D4
0ED0B526732A837DAD0E9C77177F91BA5BBFC73FFFFFFFFFFC8FFF00035B162D0043723B40A713EC
0ED0DE26736A837DA00E9C96177FABBA5BBFC72FFFFFFFFFFC8FFF00035D162D0043723B40A71304
0ED16C267440837D8F0E9D1E17801EBA6BBFC70FFFFFFFFFFC7FFF000364162D0143723B40A7131C
0ED1F626750C837D890E9D8E178080BA6BBEC6DFFFFFFFFFFC6FFF000367162D0143723B40A71334
0ED241267587837D8F0E9DED1780CBBA5BBFC6EFFFFFFFFFFC8FFF00035F162D0143723C40A7134C
0ED2E4267683837D8F0E9E84178149BA5BBFC71FFFFFFFFFFC8FFF000366162D0143723C40A71364
0ED368267744837D7C0E9F301781D2BA4BBEC6DFFFFFFFFFFC9FFF000363162D0243723C40A7137C
0ED39026777A837D680E9F3E1781E0BA3BBEC68FFFFFFFFFFC7FFF00035D162D0243723C40A70394
0ED3B22677BA837D600E9F591781F6BA3BBEC61FFFFFFFFFFC8FFF00035D162D0243723C40A703AC
0ED3CD2677DF837D520E9F8417821CBA4BBEC5EFFFFFFFFFFC8FFF000361162D0343723C40A713C4
0ED3DE2677FB837D520E9F8C178224BA4BBDC60FFFFFFFFFFC8FFF000351162D0343723C40A703DC
0ED3D42677EC837D620E9F8A178223BA4BBDC61FFFFFFFFFFC8FFF000366162D0343723C40A703F4
0ED3D42677F1837D5E0E9F8E178227BA4BBEC66FFFFFFFFFFC8FFF00035F162D0443723D40A7130C
0ED3E5267808837D4A0E9F9F178234BA4BBDC66FFFFFFFFFFC8FFF000365162D0443723D40A6F324
0ED3F426781F837D380E9FAC17823CBA4BBDC61FFFFFFFFFFC9FFF000357162D0443723D40A7133C
0ED400267830837D240E9FB7178246BA5BBCC5BFFFFFFFFFFC8FFF00035C162D0443723D40A71354
0ED40B267840837D1E0E9FC017824FBA5BBCC59FFFFFFFFFFC8FFF00035D162D0543723D40A6F36C
0ED413267851837D2C0E9FC5178254BA4BBCC55FFFFFFFFFFC9FFF000361162D0543723D40A6F384
0ED41C26785C837D330E9FD117825FBA4BBCC58FFFFFFFFFFC9FFF00035D162D0543723D40A7139C
0ED43126787C837D1B0E9FE417826DBA5BBCC5AFFFFFFFFFFC8FFF000364162D0643723D40A713B4
0ED43B267889837CFD0E9FEB178273BA5BBCC54FFFFFFFFFFC9FFF00035E162D0643723E40A703CC
0ED4572678B3837CF90E9FFA17827EBA5BBCC52FFFFFFFFFFC8FFF000352162D0643723E40A6F3E4
0ED445267897837D080EA001178285BA4BBCC51FFFFFFFFFFC8FFF00035C162D0743723E40A6F3FC
0ED44D2678A5837D020EA003178287BA4BBCC55FFFFFFFFFFC7FFF000361162D0743723E40A6F314
0ED4612678C5837CE20EA01A178297BA4BBDC4FFFFFFFFFFFC7FFF00035D162D0743723E40A7132C
0ED4702678D3837CD80EA01C178298BA4BBDC4BFFFFFFFFFFC8FFF000357162D0843723E40A6F344
0ED46A2678CF837CE10EA01F17829CBA4BBDC4CFFFFFFFFFFC7FFF00035C162D0843723E40A6F35C
0ED4712678D8837CD30EA0291782A4BA5BBDC4AFFFFFFFFFFC7FFF00035C162D0843723E40A6F374
0ED4692678C8837CC40EA0291782A3BA6BBCC47FFFFFFFFFFC8FFF000355162D0943723F40A6F38C
0ED4642678C1837CD00EA019178297BA6BBCC47FFFFFFFFFFC8FFF000361162D0943723F40A6F3A4
0ED4692678CB837CCF0EA01E17829BBA6BBCC49FFFFFFFFFFC7FFF000358162D0943723F40A6F3BC
0ED4752678DD837CAD0EA0311782AABA5BBCC47FFFFFFFFFFC8FFF000355162D0943723F40A6F3D4
0ED47B2678E6837C950EA0361782AABA4BBCC3EFFFFFFFFFFC8FFF00035C162D0A43723F40A6F3EC
0ED490267900837C970EA0381782ADBA3BBCC3DFFFFFFFFFFC8FFF000354162D0A43723F40A6F304
0ED49726790D837C9A0EA04A1782BCBA2BBCC3DFFFFFFFFFFC7FFF00035E162D0A43723F40A6F31C
0ED49726790B837C970EA04E1782BEBA2BBDC3BFFFFFFFFFFC7FFF00034F162D0B43724040A6F334
0ED49E267917837C8D0EA0511782C1BA2BBCC39FFFFFFFFFFC7FFF000362162D0B43724040A6F34C
0ED49F267919837C7F0EA0541782C3BA3BBDC38FFFFFFFFFFC7FFF000361162D0B43724040A6F364
0ED4A226791C837C700EA0561782C5BA3BBDC35FFFFFFFFFFC7FFF00035E162D0C43724040A6F37C
0ED49F267915837C670EA0571782C3BA3BBDC32FFFFFFFFFFC8FFF00035D162D0C43724040A6F394
0ED4A3267916837C580EA0551782C3BA2BBDC30FFFFFFFFFFC8FFF00035E162D0C43724040A6F3AC
0ED4A726791B837C4B0EA05A1782C7BA2BBCC2DFFFFFFFFFFC9FFF000356162D0D43724040A6F3C4
0ED4A726791D837C4F0EA0581782C6BA2BBCC2AFFFFFFFFFFC9FFF000360162D0D43724040A6F3DC
0ED4A926791F837C5A0EA05B1782C9BA2BBCC2DFFFFFFFFFFC9FFF000363162D0D43724140A6F3F4
0ED4A6267921837C470EA05A1782C7BA3BBCC2EFFFFFFFFFFC8FFF00035B162D0D43724140A6F30C
0ED4AA267921837C1A0EA05D1782C7BA3BBBC24FFFFFFFFFFC9FFF000360162D0E43724140A6F324
0ED4B226792A837C170EA0601782CBBA3BBBC21FFFFFFFFFFC8FFF00035C162D0E43724140A6F33C
0ED4B1267927837C270EA0651782CEBA3BBBC1EFFFFFFFFFFC7FFF00035C162D0E43724140A6F354
0ED4B626792C837C160EA0691782D1BA2BBCC22FFFFFFFFFFC7FFF000357162D0F43724140A6F36C
0ED4C3267943837BF80EA0721782D6BA2BBCC1AFFFFFFFFFFC8FFF000362162D0F43724140A6F384
0ED4D0267953837BF70EA07A1782DCBA1BBCC16FFFFFFFFFFC8FFF000354162D0F43724240A6F39C
0ED4CF267955837C060EA0841782E5BA2BBCC1CFFFFFFFFFFC8FFF00035E162D1043724240A6F3B4
0ED4D4267959837C070EA0831782E5BA2BBBC1CFFFFFFFFFFC7FFF000361162D1043724240A6F3CC
0ED4DE26796B837BF10EA0921782F1BA3BBBC1BFFFFFFFFFFC9FFF000361162D1043724240A6F3E4
0ED4D726795E837BD40EA0911782ECBA3BBBC15FFFFFFFFFFC7FFF000356162D1143724240A6F3FC
0ED4D726795C837BC70EA08C1782E9BA3BBBC0FFFFFFFFFFFC7FFF000354162D1143724240A6F314
0ED4DB267961837BCA0EA08F1782EABA3BBBC0FFFFFFFFFFFC9FFF00035C162D1143724240A6F32C
0ED4DE267960837BC40EA0911782EEBA3BBBC0DFFFFFFFFFFC8FFF00035F162D1243724240A6D344
0ED4DE267965837BBA0EA0921782EEBA3BBBC0AFFFFFFFFFFC8FFF000363162D1243724340A6F35C
0ED4E126796A837BC70EA0931782F1BA3BBBC0CFFFFFFFFFFC8FFF00035D162D1243724340A6F374
0ED4E2267968837BCF0EA0941782F1BA2BBBC0EFFFFFFFFFFC8FFF000364162D1243724340A6F38C
0ED4EE267982837BA40EA09C1782F8BA2BBBC09FFFFFFFFFFC8FFF000357162D1343724340A6D3A4
0ED50626799C837B720EA0B2178303BA3BBBC01FFFFFFFFFFC7FFF000357162D1343724340A6F3BC
0ED4FA267988837B780EA0B1178306BA4BBCBFBFFFFFFFFFFC7FFF00034F162D1343724340A6F3D4
0ED4E426796B837B980EA09D1782F8BA4BBCBFDFFFFFFFFFFC8FFF00035E162D1443724340A6F3EC
0ED4F2267979837B9B0EA0A11782F9BA4BBCC03FFFFFFFFFFC8FFF000363162D1443724340A6F304
0ED4EF26797B837B820EA0A81782FEBA3BBCC02FFFFFFFFFFC7FFF000363162D1443724440A6F31C
0ED4EC267970837B6B0EA0A61782FBBA3BBCBFFFFFFFFFFFFC6FFF000361162D1543724440A6D334
0ED4F426797D837B560EA0AC1782FEBA2BBBBF9FFFFFFFFFFC7FFF000355162D1543724440A6F34C
0ED4FD26798B837B610EA0AE178302BA2BBCBF8FFFFFFFFFFC7FFF00035D162D1543724440A6F364
0ED4FE26798D837B6F0EA0B0178303BA2BBCBF7FFFFFFFFFFC8FFF000356162D1643724440A6D37C
0ED502267991837B5D0EA0B6178306BA3BBCBFAFFFFFFFFFFC8FFF000361162D1643724440A6D394
0ED51A2679B5837B430EA0CF17831ABA3BBCBF6FFFFFFFFFFC8FFF000362162D1643724440A6D3AC
0ED5202679BB837B340EA0D217831EBA3BBCBF3FFFFFFFFFFC8FFF000357162D1743724440A6D3C4
0ED5172679AC837B300EA0CF178319BA2BBCBEDFFFFFFFFFFC8FFF000351162D1743724540A6D3DC
0ED5242679C2837B3A0EA0D217831FBA2BBBBECFFFFFFFFFFC8FFF00034B162D1743724540A6D3F4
0ED5202679BA837B400EA0D8178322BA2BBBBF0FFFFFFFFFFC8FFF000362162D1743724540A6D30C
0ED5242679C0837B2C0EA0D7178322BA2BBCBEFFFFFFFFFFFC8FFF000363162D1843724540A6D324
0ED5272679C5837B0E0EA0DA178321BA2BBCBECFFFFFFFFFFC8FFF000358162D1843724540A6D33C
0ED52A2679C4837B0B0EA0DE178323BA2BBCBEAFFFFFFFFFFC8FFF00035E162D1843724540A6D354
0ED52B2679CA837B0E0EA0DD178322BA2BBCBEBFFFFFFFFFFC7FFF00035D162D1943724540A6D36C
0ED52B2679C7837B040EA0DF178325BA2BBCBEAFFFFFFFFFFC7FFF000359162D1943724540A6D384
0ED52F2679C8837B010EA0E1178325BA2BBCBE5FFFFFFFFFFC7FFF00035B162D1943724640A6D39C
0ED52C2679C7837AFE0EA0DF178324BA1BBCBE2FFFFFFFFFFC7FFF000363162D1A43724640A6D3B4
0ED52F2679CA837AF50EA0E1178326BA2BBCBE2FFFFFFFFFFC8FFF000361162D1A43724640A6D3CC
0ED5342679D3837AEA0EA0E817832ABA3BBCBDFFFFFFFFFFFC8FFF000356162D1A43724640A6D3E4
0ED53A2679DA837AE20EA0EC17832FBA2BBBBDDFFFFFFFFFFC8FFF000360162D1B43724640A6D3FC
0ED53C2679DB837AE30EA0EC17832FBA2BBBBDBFFFFFFFFFFC8FFF000362162D1B43724640A6D314
0ED5402679E1837AE60EA0F3178333BA2BBBBDEFFFFFFFFFFC8FFF00035B162D1B43724640A6D32C
0ED5442679EA837AD00EA0F6178336BA2BBBBDCFFFFFFFFFFC8FFF000363162D1B43724640A6D344
0ED54B2679ED837ABF0EA0FE17833CBA2BBBBDBFFFFFFFFFFC8FFF000361162D1C43724740A6D35C
0ED54F2679F7837AC70EA0FE17833CBA3BBBBDDFFFFFFFFFFC9FFF000356162D1C43724740A6D374
0ED54E2679F5837AC70EA0FE17833BBA3BBBBDEFFFFFFFFFFC9FFF000361162D1C43724740A6D38C
0ED5532679F9837AB40EA103178340BA3BBCBDEFFFFFFFFFFC9FFF000353162D1D43724740A6D3A4
0ED54E2679F3837AAA0EA10217833CBA2BBCBD9FFFFFFFFFFC8FFF000364162D1D43724740A6D3BC
0ED54C2679F1837AAD0EA0FF17833BBA2BBCBD6FFFFFFFFFFC8FFF000364162D1D43724740A6D3D4
0ED54C2679EF837AB20EA0FE17833ABA2BBC87CFFFFFFFFFFC8FFF00035E162D1E43724740A6D3EC
0ED54F2679F3837AA90EA0FD178339BA3BBB96CFFFFFFFFFFC8FFF000359162D1E43724740A6D304
0ED5532679F9837A970EA10517833FBA3BBABD8FFFFFFFFFFC8FFF000361162D1E43724840A6D31C
0ED559267A00837A870EA10A178341BA3BBABD2FFFFFFFFFFC8FFF000361162D1F43724840A6D334
0ED5592679FF837A7E0EA10D178345BA2BBB87BFFFFFFFFFFC8FFF00035F162D1F43724840A6D34C
0ED5592679FC837A860EA109178344BA1BBC282FFFFFFFFFFC8FFF000361162D1F43724840A6D364
0ED559267A02837A930EA10C178344BA1BBBBD4FFFFFFFFFFC8FFF000367162D1F43724840A6D37C
0ED55E267A07837A870EA110178349BA2BBBBD2FFFFFFFFFFC8FFF000366162D2043724840A6D394
0ED56E267A20837A690EA11D178352BA2BBB199FFFFFFFFFFC8FFF00035D162D2043724840A6D3AC
0ED577267A2C837A620EA127178359BA3BBB27EFFFFFFFFFFC8FFF00035A162D2043724840A6D3C4
0ED57D267A31837A660EA12E17835EBA5BBBBCEFFFFFFFFFFC8FFF00035B162D2143724940A6D3DC
0ED581267A38837A5C0EA132178363BA4BBBBCBFFFFFFFFFFC8FFF000364162D2143724940A6B3F4
0ED586267A40837A580EA135178365BA4BBABCBFFFFFFFFFFC8FFF00035F162D2143724940A6B30C
0ED57F267A35837A660EA131178363BA3BBABCCFFFFFFFFFFC8FFF000364162D2243724940A6D324
0ED587267A40837A660EA136178366BA3BBB87CFFFFFFFFFFC8FFF000364162D2243724940A6D33C
0ED58D267A4B837A520EA13C17836BBA2BBB951FFFFFFFFFFC8FFF00036A162D2243724940A6C354
0ED592267A50837A440EA144178370BA2BBBBCAFFFFFFFFFFC8FFF000366162D2243724940A6D36C
0ED599267A5A837A3F0EA14A178374BA2BBBBC6FFFFFFFFFFC8FFF000366162D2343724940A6B384
0ED597267A58837A360EA14A178374BA2BBBBC1FFFFFFFFFFC8FFF000356162D2343724A40A6B39C
0ED593267A50837A360EA14417836DBA1BBB5FAFFFFFFFFFFC7FFF000369162D2343724A40A6B3B4
0ED593267A50837A450EA144178370BA1BBBBB8FFFFFFFFFFC9FFF00036E162D2443724A40A6B3CC
0ED585267A3A837A4B0EA137178367BA1BBCBC4FFFFFFFFFFC9FFF000365162D2443724A40A6B3E4
0ED582267A3A837A3D0EA134178364BA2BBBBC8FFFFFFFFFFC9FFF00036C162D2443724A40A6B3FC
0ED57F267A32837A280EA134178361BA3BBCBCAFFFFFFFFFFC7FFF000369162D2543724A40A6B314
0ED589267A3F837A160EA13B178366BA2BBB87CFFFFFFFFFFC7FFF00035F162D2543724A40A6B32C
0ED583267A35837A130EA13C178366BA2BBB273FFFFFFFFFFC8FFF000367162D2543724A40A6B344
0ED57F267A36837A2A0EA12E17835FBA1BBAAC1FFFFFFFFFFC8FFF00036A162D2543724A40A6C35C
0ED589267A3C837A310EA138178366BA1BBA6FCFFFFFFFFFFC9FFF00035B162D2643724B40A6B374
0ED585267A3C837A230EA134178363BA2BBBBC4FFFFFFFFFFC8FFF00036C162D2643724B40A6B38C
0ED58A267A3C837A110EA139178363BA2BBBBC3FFFFFFFFFFC7FFF00036B162D2643724B40A6B3A4
0ED58F267A45837A0F0EA13F178369BA2BBBBC7FFFFFFFFFFC7FFF00036A162D2743724B40A6B3BC
0ED590267A46837A1B0EA14017836ABA2BBB607FFFFFFFFFFC8FFF00036A162D2743724B40A6B3D4
0ED594267A4D837A160EA14217836FBA2BBBBC3FFFFFFFFFFC8FFF000362162D2743724B40A6B3EC
0ED594267A4E8379F70EA14517836DBA2BBABC1FFFFFFFFFFC8FFF000366162D2743724B40A6B304
0ED594267A4C8379EF0EA14417836DBA2BBABBEFFFFFFFFFFC7FFF00034C162D2843724B40A6B31C
0ED59B267A57837A0D0EA146178371BA3BBBBBEFFFFFFFFFFC8FFF000325162D2843724B40A6B334
0ED596267A51837A110EA14617836FBA3BBBBC1FFFFFFFFFFC8FFF000360162D2843724C40A6B34C
0ED599267A548379F60EA149178371BA3BBBACAFFFFFFFFFFC8FFF00036B162D2943724C40A6B364
0ED5A0267A5D8379E90EA14E178375BA3BBB6EEFFFFFFFFFFC8FFF00034B162D2943724C40A6B37C
0ED59E267A5C837A0F0EA14C178378BA3BBB5FCFFFFFFFFFFC8FFF00025D162D2943724C40A6B394
0ED576267A29837A4E0EA12317835BBA2BBC632FFFFFFFFFFC8FFF0001F2162D2A43724C40A6B3AC
0ED5502679F2837A770EA104178340BA0BBC4C3FFFFFFFFFFC7FFF00028F162D2A43724C40A6B3C4
0ED5422679DC837A9E0EA0EA17832DBA2BBB619FFFFFFFFFFC6FFF000347162D2A43724C40A6B3DC
0ED52B2679BC837AC30EA0DF178325BA3BBCBF5FFFFFFFFFFC8FFF000360162D2A43724C40A6B3F4
0ED5152679A2837AE40EA0C9178317BA2BBCC04FFFFFFFFFFC9FFF00028E162D2B43724C40A6B30C
0ED4F4267972837B160EA08F1782E8BA2BBCC13FFFFFFFFFFC8FFF000186162D2B43724C40A6B324
0ED4B6267917837B4B0EA0491782B2BA2BBCC24FFFFFFFFFFC8FFF000182162D2B43724D40A6B33C
0ED4872678D2837B750EA03C1782A7BA2BBCC34FFFFFFFFFFC7FFF0001FD162D2C43724D40A6B354
0ED46E2678B3837B9A0EA026178296BA3BBCC45FFFFFFFFFFC7FFF0002C2162D2C43724D40A6B36C
0ED4662678A8837BC50EA013178289BA3BBCC56FFFFFFFFFFC8FFF00029E162D2C43724D40A6B384
0ED455267894837BF80E9FFD178279BA4BBDC69FFFFFFFFFFC8FFF0001D8162D2D43724D40A6939C
0ED44E26788A837C200E9FFF17827BBA3BBDC7CFFFFFFFFFFC8FFF00018E162D2D43724D40A6B3B4
0ED447267882837C3E0E9FFF178279BA3BBDC87FFFFFFFFFFC8FFF00017D162D2D43724D40A6B3CC
0ED444267885837C6E0E9FF4178278BA2BBCC94FFFFFFFFFFC8FFF000174162D2D43724D40A693E4
0ED43B26787C837CA60E9FE517826EBA2BBCCA8FFFFFFFFFFC7FFF0001A7162D2E43724D40A693FC
0ED42B267860837CBD0E9FEC178270BA3BBBCBAFFFFFFFFFFC7FFF0001C4162D2E43724E40A69314
0ED41D267858837CDB0E9FD017825DBA3BBBCC3FFFFFFFFFFC7FFF000183162D2E43724E40A6932C
0ED3C12677CB837D1D0E9F74178216BA2BBCCD5FFFFFFFFFFC7FFF0001CA162D2F43724E40A6B344
0ED398267788837D3B0E9F581781FBBA2BBCCE5FFFFFFFFFFC7FFF000182162D2F43724E40A6935C
0ED39F267798837D150E9F6B178207BA3BBDCE8FFFFFFFFFFC7FFF00018B162D2F43724E40A69374
0ED3D52677E6837CE90E9F8A178220BA2BBDCE0FFFFFFFFFFC7FFF000189162D3043724E40A6938C
0ED3D42677DE837CF60E9F8D178225BA2BBDCDBFFFFFFFFFFC8FFF000299162D3043724E40A693A4
0ED3B12677AB837D120E9F7B178215BA1BBCCDEFFFFFFFFFFC9FFF000364162D3043724E40A693BC
0ED3A72677A0837D0B0E9F65178200BA3BBBCE6FFFFFFFFFFC9FFF000287162D3143724E40A693D4
0ED3A82677A0837CFD0E9F6A178204BA4BBCCE2FFFFFFFFFFC9FFF000169162D3143724F40A693EC
0ED3AA2677A1837CF90E9F6B178204BA4BBCCE1FFFFFFFFFFC9FFF000173162D3143724F40A69304
0ED3C72677CA837CE70E9F7C178211BA4BBDCDCFFFFFFFFFFC8FFF000209162D3143724F40A6931C
0ED3DC2677EA837CD30E9F8917821BBA4BBCCDAFFFFFFFFFFC7FFF00035E162D3243724F40A69334
0ED3E32677F1837CE50E9F94178225BA4BBDCD9FFFFFFFFFFC8FFF000361162D3243724F40A6934C
0ED3E42677F5837CEE0E9F9B17822BBA3BBECDCFFFFFFFFFFC7FFF00026F162D3243724F40A69364
0ED3E52677F5837CDE0E9F9D17822DBA2BBECDFFFFFFFFFFFC7FFF00017C162D3343724F40A6937C
0ED3F1267806837CCF0E9FA6178232BA2BBDCDDFFFFFFFFFFC8FFF0001B6162D3343724F40A69394
0ED3EF267802837CC10E9FAC178237BA2BBDCD8FFFFFFFFFFC8FFF000321162D3343724F40A693AC
0ED400267819837CB70E9FB8178240BA3BBDCD4FFFFFFFFFFC7FFF000369162D3443725040A693C4
0ED3F2267808837CC20E9FAE17823ABA2BBCCD2FFFFFFFFFFC8FFF000369162D3443725040A693DC
0ED3F4267806837CCB0E9FAB178239BA4BBCCD9FFFFFFFFFFC8FFF000291162D3443725040A693F4
0ED3FE267815837CBE0E9FB9178242BA5BBCCDBFFFFFFFFFFC8FFF0001E5162D3543725040A6930C
0ED3EF2677FD837CAB0E9FAD178236BA4BBCCD7FFFFFFFFFFC8FFF0002EF162D3543725040A69324
0ED3F2267803837C9F0E9FAB178235BA4BBCCD4FFFFFFFFFFC8FFF00036C162D3543725040A6933C
0ED3EB2677F5837CA00E9FAA178233BA4BBCCD0FFFFFFFFFFC8FFF00036D162D3543725040A69354
0ED3E52677EA837CA50E9F9D17822ABA5BBCCD2FFFFFFFFFFC6FFF00034A162D3643725040A6936C
0ED3FA26780E837CA00E9FAD178237BA6BBCCD3FFFFFFFFFFC8FFF0002E0162D3643725040A69384
0ED400267817837C9C0E9FB817823EBA4BBDCD3FFFFFFFFFFC9FFF00035A162D3643725140A6939C
0ED415267833837C960E9FCC178250BA2BBCCD1FFFFFFFFFFC9FFF000361162D3743725140A693B4
0ED43A26786D837C8A0E9FF017826EBA1BBCCD2FFFFFFFFFFC9FFF00036C162D3743725140A693CC
0ED44A267884837C7D0E9FFB178276BA1BBBCCCFFFFFFFFFFC7FFF00036F162D3743725140A693E4
0ED46B2678B9837C810EA01417828CBA2BBBCCDFFFFFFFFFFC7FFF000367162D3843725140A693FC
0ED46D2678BB837C8A0EA022178299BA3BBACCEFFFFFFFFFFC7FFF000370162D3843725140A69314
0ED4772678CC837C7E0EA02B1782A0BA2BBBCCEFFFFFFFFFFC7FFF000363162D3843725140A6932C
0ED4892678E5837C6B0EA03D1782AEBA2BBCCCCFFFFFFFFFFC8FFF00036A162D3843725140A68344
0ED4912678F0837C690EA0431782B1BA2BBCCC8FFFFFFFFFFC8FFF00036B162D3943725240A6735C
0ED48C2678EA837C780EA0441782B4BA3BBCCCBFFFFFFFFFFC8FFF00036D162D3943725240A67374
0ED4812678D8837C740EA03A1782ACBA3BBCCCCFFFFFFFFFFC8FFF000367162D3943725240A6938C
0ED4862678DE837C600EA03B1782ABBA3BBBCCCFFFFFFFFFFC8FFF00036C162D3A43725240A673A4
0ED4972678F7837C5A0EA04A1782B7BA2BBCCC8FFFFFFFFFFC8FFF00036C162D3A43725240A693BC
0ED4A8267911837C600EA0571782C4BA2BBCCC9FFFFFFFFFFC9FFF000363162D3A43725240A673D4
0ED4A326790E837C690EA05A1782C6BA2BBCCCCFFFFFFFFFFC8FFF00036E162D3B43725240A673EC
0ED49F267904837C690EA0561782C2BA1BBCCCAFFFFFFFFFFC8FFF00035E162D3B43725240A67304
0ED49F267902837C570EA0571782C4BA3BBCCC7FFFFFFFFFFC8FFF000348162D3B43725240A6731C
0ED4982678F7837C450EA0531782BEBA3BBCCC3FFFFFFFFFFC8FFF000369162D3B43725340A67334
0ED4952678F2837C410EA04B1782B7BA2BBCCC3FFFFFFFFFFC8FFF00036B162D3C43725340A6734C
0ED48D2678E5837C4E0EA0411782B1BA2BBBCC3FFFFFFFFFFC8FFF00036E162D3C43725340A67364
0ED4882678E5837C610EA03A1782ACBA1BBBCC6FFFFFFFFFFC8FFF000372162D3C43725340A6737C
0ED4842678DB837C5A0EA0381782AABA3BBCCCAFFFFFFFFFFC7FFF00031C162D3D43725340A67394
0ED48A2678E5837C3C0EA0401782AFBA4BBCCCBFFFFFFFFFFC7FFF0001BA162D3D43725340A673AC
0ED4902678E9837C240EA0441782B0BA4BBCCC2FFFFFFFFFFC7FFF00027F162D3D43725340A673C4
0ED4932678EC837C280EA0461782B2BA3BBCCBEFFFFFFFFFFC7FFF000368162D3E43725340A673DC
0ED4962678F5837C3F0EA0481782B7BA2BBDCBFFFFFFFFFFFC6FFF00036D162D3E43725340A673F4
0ED4A1267906837C410EA0551782C0BA2BBDCC4FFFFFFFFFFC8FFF00025A162D3E43725440A6730C
0ED49E2678FE837C2C0EA0551782BEBA2BBDCC5FFFFFFFFFFC8FFF000177162D3E43725440A67324
0ED4A0267900837C220EA0541782BCBA2BBDCC0FFFFFFFFFFC8FFF00019E162D3F43725440A6733C
0ED4AC267911837C190EA05F1782C5BA1BBDCC0FFFFFFFFFFC9FFF00032C162D3F43725440A67354
0ED4AF267916837C0D0EA0631782C9BA2BBDCBDFFFFFFFFFFC8FFF000366162D3F43725440A6536C
0ED4AF267914837C190EA05F1782C8BA1BBDCBBFFFFFFFFFFC8FFF000284162D4043725440A67384
0ED4AD267910837C260EA05F1782C7BA2BBECBDFFFFFFFFFFC8FFF00017C162D4043725440A6739C
0ED4B026791A837C0C0EA0671782CEBA3BBDCBEFFFFFFFFFFC8FFF00019D162D4043725440A673B4
0ED4AE267914837BE60EA0661782CABA3BBDCB6FFFFFFFFFFC8FFF00019A162D4143725440A673CC
0ED4AF267917837BEB0EA0641782C9BA3BBCCB4FFFFFFFFFFC8FFF0002DA162D4143725540A673E4
0ED4B426791D837C050EA0651782CABA2BBCCB9FFFFFFFFFFC8FFF000258162D4143725540A653FC
0ED4B1267915837BFF0EA0671782CBBA2BBCCBAFFFFFFFFFFC7FFF00017C162D4243725540A65314
0ED4AB26790A837BE10EA0621782C6BA2BBCCB9FFFFFFFFFFC8FFF0001AF162D4243725540A6732C
0ED4AE267910837BD90EA0641782C6BA1BBCCB5FFFFFFFFFFC9FFF0001A9162D4243725540A65344
0ED4B0267912837BDF0EA0641782C7BA2BBCCB0FFFFFFFFFFC8FFF00018F162D4243725540A6535C
0ED4B3267913837BD50EA0641782C7BA3BBCCB2FFFFFFFFFFC8FFF00017C162D4343725540A65374
0ED4BB267920837BCD0EA06E1782CDBA2BBCCB2FFFFFFFFFFC7FFF000184162D4343725540A6738C
0ED4BD267923837BD60EA06F1782D1BA2BBCCB4FFFFFFFFFFC7FFF0001DB162D4343725540A653A4
0ED4BC267921837BDD0EA06F1782CFBA2BBCCB4FFFFFFFFFFC8FFF0001ED162D4443725540A653BC
0ED4BB26791D837BCD0EA0701782D1BA2BBCCB8FFFFFFFFFFC8FFF000205162D4443725640A653D4
0ED4B4267911837BB10EA06D1782CBBA3BBCCB3FFFFFFFFFFC9FFF0002E7162D4443725640A653EC
0ED4AD267909837B9B0EA0691782C9BA4BBCCAEFFFFFFFFFFC8FFF000290162D4543725640A65304
0ED49E2678F5837BB60EA0531782B8BA4BBBCAEFFFFFFFFFFC8FFF000199162D4543725640A6531C
0ED4942678E7837BDF0EA0481782B2BA2BBBCB3FFFFFFFFFFC8FFF0001EF162D4543725640A65334
0ED4952678E9837BBF0EA04B1782B3BA2BBBCBAFFFFFFFFFFC8FFF00035F162D4543725640A6534C
0ED4A32678F9837B820EA05B1782BABA1BBBCB3FFFFFFFFFFC8FFF000361162D4643725640A65364
0ED4A92678FE837B7D0EA0591782BABA1BBCCA5FFFFFFFFFFC8FFF0001E2162D4643725640A6537C
0ED4802678BD837B930EA0461782A8BA2BBCCA8FFFFFFFFFFC8FFF000233162D4643725740A65394
0ED45626787C837B930EA00F17827BBA2BBCCACFFFFFFFFFFC8FFF00019F162D4743725740A653AC
0ED463267892837B870EA01A178284BA2BBCCAFFFFFFFFFFFC8FFF0001B9162D4743725740A653C4
0ED459267884837B810EA01117827DBA2BBCCADFFFFFFFFFFC8FFF000218162D4743725740A653DC
0ED4852678C3837B740EA03917829FBA2BBCCA6FFFFFFFFFFC8FFF0001B4162D4843725740A653F4
0ED49A2678E0837B710EA04B1782AABA1BBCCA8FFFFFFFFFFC9FFF000178162D4843725740A6530C
0ED4AC2678FC837B770EA0571782B6BA1BBCCA9FFFFFFFFFFC9FFF00019D162D4843725740A65324
0ED4AF267902837B660EA0601782BCBA2BBCCA7FFFFFFFFFFC9FFF000177162D4943725740A6533C
0ED4B3267906837B540EA0671782C2BA4BBCCA2FFFFFFFFFFC8FFF000177162D4943725740A65354
0ED4972678DB837B5D0EA0501782AFBA4BBCCA7FFFFFFFFFFC8FFF000173162D4943725840A6536C
0ED4992678DD837B5C0EA0471782A8BA4BBCCA7FFFFFFFFFFC8FFF00016A162D4A43725840A65384
0ED4B826790E837B4D0EA0631782BFBA4BBCCA7FFFFFFFFFFC8FFF000175162D4A43725840A6539C
0ED4B726790A837B490EA06A1782C2BA3BBCCA4FFFFFFFFFFC8FFF0001C1162D4A43725840A653B4
0ED4CF267930837B520EA07D1782D5BA3BBCCA2FFFFFFFFFFC7FFF0001B4162D4B43725840A653CC
0ED4D426793A837B440EA0851782DCBA3BBCCA3FFFFFFFFFFC7FFF000178162D4B43725840A653E4
0ED4D2267931837B220EA0851782D9BA3BBCC9DFFFFFFFFFFC8FFF000177162D4B43725840A653FC
0ED4BC26790F837B200EA0781782CDBA2BBDC9AFFFFFFFFFFC7FFF0001DB162D4C43725840A65314
0ED4B7267907837B320EA06C1782C4BA2BBCC99FFFFFFFFFFC7FFF0002E1162D4C43725840A6532C
0ED4B5267907837B250EA06A1782C3BA4BBCC9AFFFFFFFFFFC8FFF0002F8162D4C43725940A65344
0ED4BF267914837B160EA0721782C8BA4BBCC9CFFFFFFFFFFC8FFF0002D1162D4C43725940A6535C
0ED4B8267903837B1A0EA06E1782C4BA4BBCC9DFFFFFFFFFFC8FFF0002E7162D4D43725940A65374
0ED4C0267915837B0C0EA0701782C7BA4BBDC9BFFFFFFFFFFC7FFF000336162D4D43725940A6538C
0ED4BA26790A837B030EA0731782C6BA3BBCC98FFFFFFFFFFC8FFF00035F162D4D43725940A643A4
0ED4BC26790C837B080EA06D1782C3BA3BBCC97FFFFFFFFFFC9FFF000360162D4E43725940A633BC
0ED4B9267905837AF90EA06B1782C1BA3BBCC94FFFFFFFFFFC8FFF000367162D4E43725940A643D4
0ED4B62678FD837AE60EA06C1782C2BA2BBCC93FFFFFFFFFFC8FFF000368162D4E43725940A633EC
0ED4B12678FA837AEC0EA0681782BEBA3BBDC90FFFFFFFFFFC7FFF000363162D4F43725A40A63304
0ED4B02678F9837AF80EA05F1782B8BA3BBDC93FFFFFFFFFFC7FFF00036A162D4F43725A40A6531C
0ED4B02678F6837AED0EA0641782BBBA3BBDC92FFFFFFFFFFC8FFF000362162D4F43725A40A63334
0ED4BB267907837ADC0EA06B1782C0BA3BBDC92FFFFFFFFFFC8FFF000368162D5043725A40A6334C
0ED4BC267904837AD80EA0721782C3BA3BBDC8EFFFFFFFFFFC8FFF000362162D5043725A40A63364
0ED4BB267906837AD60EA06B1782BFBA3BBCC8EFFFFFFFFFFC7FFF00036A162D5043725A40A6337C
0ED4CB267917837AD10EA07D1782CEBA2BBCC8AFFFFFFFFFFC8FFF000362162D5043725A40A63394
0ED4DD267939837AD20EA08D1782DDBA3BBCC8BFFFFFFFFFFC8FFF000364162D5143725A40A633AC
0ED4CD267921837AD90EA0871782D7BA3BBCC8BFFFFFFFFFFC8FFF00036F162D5143725B40A633C4
0ED4C3267910837AD10EA0781782CABA3BBCC91FFFFFFFFFFC8FFF00036F162D5143725B40A633DC
0ED4D0267922837ACD0EA0801782D0BA4BBCC91FFFFFFFFFFC7FFF000370162D5243725B40A633F4
0ED4D626792E837ACC0EA08E1782DCBA3BBCC93FFFFFFFFFFC7FFF000367162D5243725B40A6330C
0ED4DE267935837ABD0EA0901782DCBA2BBCC8FFFFFFFFFFFC6FFF00036F162D5243725B40A63324
0ED4E4267940837AB70EA0981782E3BA2BBCC8BFFFFFFFFFFC6FFF000367162D5343725B40A6333C
0ED50C26797D837AC10EA0B61782FEBA2BBBC8AFFFFFFFFFFC8FFF000372162D5343725B40A63354
0ED50D26797E837AC40EA0C2178306BA2BBCC91FFFFFFFFFFC8FFF000375162D5343725B40A6336C
0ED4FD267964837ABE0EA0B01782F7BA3BBBC91FFFFFFFFFFC9FFF00036D162D5343725C40A63384
0ED4FD267967837AB30EA0B51782FDBA2BBCC90FFFFFFFFFFC9FFF000374162D5443725C40A6339C
0ED50426796E837AA90EA0B81782FEBA1BBBC8DFFFFFFFFFFC8FFF00036F162D5443725C40A633B4
0ED4FB267960837AA60EA0AD1782F3BA2BBBC8BFFFFFFFFFFC8FFF00036F162D5443725C40A613CC
0ED4FF267969837AB00EA0B21782F9BA2BBBC8DFFFFFFFFFFC8FFF000377162D5543725C40A613E4
0ED4F8267962837AB30EA0AD1782F6BA2BBBC8FFFFFFFFFFFC8FFF00036F162D5543725C40A613FC
0ED512267988837AA60EA0C3178309BA2BBBC90FFFFFFFFFFC8FFF000376162D5543725C40A63314
0ED4F926795E837A9E0EA0BA1782FDBA1BBBC8FFFFFFFFFFFC8FFF000374162D5643725C40A6132C
0ED4ED267951837A970EA09A1782E4BA2BBBC8EFFFFFFFFFFC9FFF00036B162D5643725D40A61344
0ED51A26798F837A910EA0C817830BBA2BBCC8DFFFFFFFFFFC9FFF000375162D5643725D40A6135C
0ED519267990837A9F0EA0CD17830FBA3BBCC8FFFFFFFFFFFC9FFF000366162D5643725D40A61374
0ED518267990837AB20EA0C917830DBA3BBBC92FFFFFFFFFFC9FFF000379162D5743725D40A6138C
0ED50A26797B837AA20EA0BB178302BA3BBBC95FFFFFFFFFFC8FFF000378162D5743725D40A613A4
0ED513267986837A810EA0C8178309BA3BBBC90FFFFFFFFFFC7FFF000375162D5743725D40A613BC
0ED512267981837A7E0EA0C4178306BA3BBBC8AFFFFFFFFFFC8FFF00036B162D5843725D40A613D4
0ED51626798C837A910EA0C5178309BA2BBBC8AFFFFFFFFFFC8FFF000372162D5843725D40A613EC
0ED521267999837A9C0EA0CE17830FBA2BBBC8FFFFFFFFFFFC6FFF000376162D5843725E40A61304
0ED5252679A4837A9B0EA0D9178318BA2BBBC95FFFFFFFFFFC7FFF000371162D5943725E40A6131C
0ED51F267998837A8E0EA0D2178312BA3BBBC96FFFFFFFFFFC8FFF00037B162D5943725E40A61334
0ED512267980837A7E0EA0C8178308BA3BBCC93FFFFFFFFFFC8FFF000378162D5943725E40A6134C
0ED50E26797F837A830EA0C5178305BA2BBCC90FFFFFFFFFFC8FFF00036F162D5943725E40A61364
0ED51926798B837A870EA0C6178308BA2BBCC93FFFFFFFFFFC8FFF000374162D5A43725E40A6137C
0ED51926798A837A830EA0C917830BBA2BBCC94FFFFFFFFFFC8FFF000377162D5A43725E40A61394
0ED518267988837A8C0EA0CA17830CBA2BBCC94FFFFFFFFFFC5FFF000376162D5A43725E40A613AC
0ED51926798F837A8B0EA0CC17830EBA1BBCC96FFFFFFFFFFC8FFF00036A162D5B43725E40A613C4
0ED512267982837A730EA0C4178305BA2BBCC94FFFFFFFFFFC8FFF000349162D5B43725F40A613DC
0ED50D267979837A670EA0C3178303BA3BBCC90FFFFFFFFFFC7FFF000371162D5B43725F40A613F4
0ED50E26797C837A780EA0BC178301BA2BBCC8FFFFFFFFFFFC7FFF000374162D5C43725F40A6130C
0ED50F26797F837A820EA0BF178304BA3BBDC96FFFFFFFFFFC8FFF000351162D5C43725F40A61324
0ED50A267975837A7B0EA0BC1782FEBA3BBDC98FFFFFFFFFFC9FFF000202162D5C43725F40A6133C
0ED50726796E837A750EA0BA1782FCBA3BBCC94FFFFFFFFFFC8FFF000189162D5C43725F40A61354
0ED50A267970837A6F0EA0BA1782FCBA2BBDC95FFFFFFFFFFC8FFF0001E0162D5D43725F40A6136C
0ED509267972837A670EA0BC1782FEBA3BBCC91FFFFFFFFFFC9FFF0001EC162D5D43725F40A61384
0ED50726796E837A6B0EA0BA1782FEBA3BBCC92FFFFFFFFFFC8FFF0001C6162D5D43726040A6139C
0ED50A267974837A7F0EA0B71782FDBA3BBCC94FFFFFFFFFFC8FFF00022F162D5E43726040A613B4
0ED50E26797B837A840EA0BF178303BA1BBCC97FFFFFFFFFFC8FFF0001B0162D5E43726040A613CC
0ED50D267979837A6B0EA0BC178300BA1BBBC9AFFFFFFFFFFC9FFF0001D0162D5E43726040A613E4
0ED51226797D837A5B0EA0C5178304BA2BBBC97FFFFFFFFFFC7FFF000277162D5F43726040A613FC
0ED515267980837A5C0EA0C6178304BA1BBCC95FFFFFFFFFFC7FFF000190162D5F43726040A61314
0ED51B267991837A6A0EA0CB17830BBA1BBCC99FFFFFFFFFFC7FFF0001BA162D5F43726040A6132C
0ED51F267991837A730EA0D2178310BA1BBDC9DFFFFFFFFFFC7FFF000188162D5F43726040A60344
0ED51A26798F837A660EA0CD17830CBA1BBDC9CFFFFFFFFFFC8FFF0002AA162D6043726040A6035C
0ED51E267991837A630EA0D017830EBA1BBDC9DFFFFFFFFFFC9FFF00037C162D6043726140A5F374
0ED51E267991837A600EA0D017830DBA2BBCC9EFFFFFFFFFFC9FFF00033C162D6043726140A5F38C
0ED51B26798A837A520EA0CF17830CBA2BBCC9AFFFFFFFFFFC8FFF000290162D6143726140A603A4
0ED50D267976837A510EA0C5178303BA3BBCC9BFFFFFFFFFFC8FFF00025D162D6143726140A5F3BC
0ED51126797C837A5D0EA0C4178302BA2BBCC9AFFFFFFFFFFC8FFF000304162D6143726140A5F3D4
0ED50F267974837A5D0EA0C0178300BA2BBDC9DFFFFFFFFFFC8FFF000381162D6143726140A5F3EC
0ED514267981837A4D0EA0C7178306BA1BBCC9CFFFFFFFFFFC7FFF00037B162D6243726140A5F304
0ED51326797B837A400EA0C7178303BA1BBDC96FFFFFFFFFFC8FFF000382162D6243726140A5F31C
0ED51F26798D837A450EA0D117830EBA1BBDC98FFFFFFFFFFC9FFF000383162D6243726240A5F334
0ED51326797D837A540EA0CC17830ABA1BBDC9CFFFFFFFFFFC9FFF000372162D6343726240A5F34C
0ED51126797B837A5C0EA0C2178302BA1BBCCA1FFFFFFFFFFC7FFF000386162D6343726240A5F364
0ED51F267992837A4B0EA0D217830FBA1BBCCA0FFFFFFFFFFC7FFF00037F162D6343726240A5F37C
0ED52626799A837A220EA0DA178311BA2BBCC9AFFFFFFFFFFC7FFF000385162D6443726240A5F394
0ED525267997837A1B0EA0D6178311BA3BBBC93FFFFFFFFFFC7FFF00037B162D6443726240A5F3AC
0ED524267996837A3E0EA0D6178313BA2BBCC97FFFFFFFFFFC8FFF000385162D6443726240A5F3C4
0ED528267998837A470EA0D9178315BA1BBBC9AFFFFFFFFFFC7FFF000383162D6443726240A5F3DC
0ED52926799C837A390EA0DB178315BA1BBCC9CFFFFFFFFFFC6FFF000389162D6543726240A5F3F4
0ED5302679A4837A320EA0DF178317BA1BBBC9DFFFFFFFFFFC8FFF00038D162D6543726340A5F30C
0ED5352679AE837A260EA0E717831DBA2BBBC9AFFFFFFFFFFC8FFF000382162D6543726340A5D324
0ED53C2679B5837A1F0EA0EF178323BA2BBCC9AFFFFFFFFFFC8FFF000387162D6643726340A5D33C
0ED5322679A7837A2B0EA0E917831FBA1BBCC98FFFFFFFFFFC7FFF000387162D6643726340A5D354
0ED52C26799D837A310EA0DB178314BA2BBBC99FFFFFFFFFFC8FFF000383162D6643726340A5D36C
0ED53C2679B4837A230EA0EB178322BA2BBBC99FFFFFFFFFFC8FFF00038C162D6743726340A5D384
0ED53A2679AC837A100EA0F1178325BA2BBCC97FFFFFFFFFFC8FFF000386162D6743726340A5D39C
0ED5332679A8837A170EA0E417831CBA2BBCC99FFFFFFFFFFC7FFF00038E162D6743726340A5D3B4
0ED52F2679A2837A270EA0E2178319BA2BBBC99FFFFFFFFFFC7FFF00038B162D6743726440A5D3CC
0ED52D26799F837A210EA0E917831FBA2BBBC9AFFFFFFFFFFC8FFF000383162D6843726440A5D3E4
0ED5452679C3837A040EA0F3178328BA0BBBC98FFFFFFFFFFC8FFF00038C162D6843726440A5D3FC
0ED5512679D28379EB0EA106178335B9FBBCC91FFFFFFFFFFC9FFF00038A162D6843726440A5D314
0ED5612679EB8379F30EA10C17833CBA0BBBC91FFFFFFFFFFC8FFF000380162D6943726440A5D32C
0ED56D2679FD837A090EA118178347BA3BBBC92FFFFFFFFFFC8FFF00038C162D6943726440A5D344
0ED56C2679F9837A0D0EA11E17834BBA3BBBC95FFFFFFFFFFC8FFF00038E162D6943726440A5D35C
0ED56A2679FB8379FC0EA11C17834ABA2BBCC98FFFFFFFFFFC8FFF00038A162D6A43726440A5D374
0ED56B2679FD8379E40EA11F17834ABA1BBCC94FFFFFFFFFFC8FFF00038F162D6A43726440A5D38C
0ED56A2679F48379CF0EA11E178347BA0BBBC90FFFFFFFFFFC8FFF00038A162D6A43726540A5D3A4
0ED5672679EE8379D40EA11B178345BA0BBBC8EFFFFFFFFFFC8FFF00037F162D6B43726540A5D3BC
0ED5642679EA8379E50EA115178343BA1BBCC8EFFFFFFFFFFC9FFF000382162D6B43726540A5D3D4
0ED5642679E88379E20EA114178341BA2BBCC8FFFFFFFFFFFC8FFF00038D162D6B43726540A5D3EC
0ED56B2679F68379DB0EA11C178347BA3BBBC90FFFFFFFFFFC8FFF000389162D6C43726540A5D304
0ED5712679FF8379DC0EA12017834BBA3BBBC93FFFFFFFFFFC8FFF000393162D6C43726540A5D31C
0ED574267A038379D30EA12317834CBA3BBBC93FFFFFFFFFFC8FFF00038F162D6C43726540A5D334
0ED573267A008379CE0EA12517834CBA2BBBC91FFFFFFFFFFC8FFF00038A162D6C43726540A5D34C
0ED57B267A0C8379CD0EA128178350BA2BBBC8DFFFFFFFFFFC9FFF000389162D6D43726540A5D364
0ED577267A078379CF0EA126178350BA1BBCC8DFFFFFFFFFFC9FFF000382162D6D43726640A5D37C
0ED576267A038379D60EA128178351BA1BBCC8FFFFFFFFFFFC8FFF00038F162D6D43726640A5D394
0ED573267A018379DC0EA12517834FBA1BBBC91FFFFFFFFFFC8FFF000392162D6E43726640A5D3AC
0ED5712679FC8379DB0EA11F17834BBA1BBBC96FFFFFFFFFFC8FFF000389162D6E43726640A5B3C4
0ED57A267A0B8379D60EA12F178357BA1BBBC96FFFFFFFFFFC7FFF00038D162D6E43726640A5B3DC
0ED57F267A148379D00EA12F178357BA1BBBC98FFFFFFFFFFC7FFF000376162D6F43726640A5C3F4
0ED584267A1B8379C90EA13617835CBA1BBCC95FFFFFFFFFFC8FFF000388162D6F43726640A5D30C
0ED589267A228379CA0EA13917835EBA2BBBC94FFFFFFFFFFC8FFF000382162D6F43726640A5B324
0ED588267A208379D00EA139178360BA1BBBC96FFFFFFFFFFC8FFF00038D162D6F43726640A5B33C
0ED588267A208379DB0EA13817835FBA2BBBC9AFFFFFFFFFFC9FFF000384162D7043726640A5B354
0ED589267A258379DD0EA13B178361BA2BBBC9CFFFFFFFFFFC9FFF000383162D7043726740A5B36C
0ED58C267A278379D30EA13C178361BA2BBCC9CFFFFFFFFFFC8FFF00038A162D7043726740A5B384
0ED591267A2A8379CA0EA142178365BA3BBBC9AFFFFFFFFFFC7FFF00037F162D7143726740A5B39C
0ED58B267A258379C40EA13F178364BA3BBBC9CFFFFFFFFFFC8FFF000386162D7143726740A5B3B4
0ED592267A308379CA0EA142178366BA2BBCC9EFFFFFFFFFFC7FFF000385162D7143726740A5B3CC
0ED595267A338379D70EA143178369BA3BBCC9CFFFFFFFFFFC8FFF000387162D7243726740A5B3E4
0ED59A267A3E8379E10EA14717836CBA3BBBC9EFFFFFFFFFFC9FFF000378162D7243726740A5B3FC
0ED59A267A3F8379D60EA14817836CBA3BBCCA1FFFFFFFFFFC8FFF00038A162D7243726740A5B314
0ED597267A388379CD0EA14C17836FBA4BBCCA2FFFFFFFFFFC8FFF000388162D7243726740A5B32C
0ED58F267A2E8379D50EA142178367BA4BBBCA3FFFFFFFFFFC8FFF00037C162D7343726840A5B344
0ED591267A2E8379CC0EA142178368BA3BBBCA1FFFFFFFFFFC9FFF000385162D7343726840A5B35C
0ED596267A388379CE0EA142178367BA3BBBCA2FFFFFFFFFFC8FFF000386162D7343726840A5B374
0ED593267A348379E60EA14517836BBA3BBBCA8FFFFFFFFFFC8FFF000382162D7443726840A5938C
0ED595267A358379E80EA14417836DBA3BBCCAEFFFFFFFFFFC8FFF000383162D7443726840A5B3A4
0ED5A1267A478379D50EA14F178373BA5BBCCAFFFFFFFFFFFC8FFF000385162D7443726840A5B3BC
0ED59B267A3E8379CA0EA150178372BA4BBCCABFFFFFFFFFFC8FFF00037C162D7443726840A593D4
0ED593267A358379D30EA145178369BA3BBCCA8FFFFFFFFFFC8FFF000387162D7543726840A593EC
0ED597267A388379E60EA14817836FBA2BBCCACFFFFFFFFFFC8FFF000376162D7543726840A59304
0ED594267A358379E30EA14417836BBA1BBCCB1FFFFFFFFFFC8FFF000387162D7543726940A5931C
0ED591267A318379D50EA143178368BA1BBCCAEFFFFFFFFFFC8FFF000385162D7643726940A59334
0ED59F267A488379E00EA149178370BA1BBBCB0FFFFFFFFFFC7FFF000386162D7643726940A5934C
0ED59B267A408379EE0EA14D178373BA1BBBCAFFFFFFFFFFFC7FFF000388162D7643726940A59364
0ED59D267A418379DF0EA14917836FBA1BBBCB1FFFFFFFFFFC8FFF000378162D7643726940A5937C
0ED5A2267A498379D30EA154178375BA1BBBCB0FFFFFFFFFFC7FFF000388162D7743726940A59394
0ED5A2267A488379DE0EA151178375BA2BBBCB1FFFFFFFFFFC8FFF000388162D7743726940A593AC
0ED5AF267A608379E70EA15D178381BA2BBBCB5FFFFFFFFFFC8FFF000388162D7743726940A593C4
0ED5BA267A718379E40EA16B17838DBA0BBBCB6FFFFFFFFFFC8FFF00038A162D7843726940A593DC
0ED5B1267A5F8379E10EA165178387BA0BBBCB4FFFFFFFFFFC8FFF00038A162D7843726A40A593F4
0ED5A3267A4F8379ED0EA152178378BA2BBBCB6FFFFFFFFFFC8FFF00038B162D7843726A40A5930C
0ED5AA267A56837A010EA15717837BBA3BBCCBDFFFFFFFFFFC8FFF00037A162D7843726A40A59324
0ED5B4267A678379FC0EA15E178383BA3BBBCC3FFFFFFFFFFC8FFF00038D162D7943726A40A5933C
0ED5B2267A678379E00EA163178386BA3BBBCC0FFFFFFFFFFC6FFF000384162D7943726A40A59354
0ED5B4267A648379D10EA162178382BA2BBBCBBFFFFFFFFFFC7FFF000382162D7943726A40A5936C
0ED5B6267A688379DC0EA166178387BA2BBBCB9FFFFFFFFFFC8FFF000381162D7A43726A40A59384
0ED5B4267A668379EE0EA163178388BA2BBBCBAFFFFFFFFFFC7FFF00038C162D7A43726A40A5939C
0ED5BA267A71837A030EA16517838ABA1BBCCC2FFFFFFFFFFC7FFF000388162D7A43726A40A593B4
0ED5B9267A71837A030EA16717838BBA2BBCCCAFFFFFFFFFFC9FFF000393162D7B43726A40A593CC
0ED5B6267A688379DE0EA169178388BA3BBCCC8FFFFFFFFFFC8FFF00038E162D7B43726B40A593E4
0ED5B8267A6D8379C30EA16B178387BA3BBCCC0FFFFFFFFFFC8FFF00038A162D7B43726B40A593FC
0ED5BD267A708379CC0EA16C17838BBA3BBCCBBFFFFFFFFFFC8FFF00038B162D7B43726B40A59314
0ED5BC267A788379F10EA16B17838FBA3BBCCBFFFFFFFFFFFC7FFF000390162D7C43726B40A5932C
0ED5BC267A75837A080EA16817838DBA3BBCCC8FFFFFFFFFFC7FFF000396162D7C43726B40A59344
0ED5C1267A7C8379EE0EA16E178390BA2BBBCCAFFFFFFFFFFC7FFF000396162D7C43726B40A5935C
0ED5C0267A788379C80EA17317838FBA2BBBCC1FFFFFFFFFFC7FFF000389162D7D43726B40A59374
0ED5C2267A788379C20EA172178390BA3BBCCC0FFFFFFFFFFC8FFF00038D162D7D43726B40A5838C
0ED5CC267A858379CF0EA178178396BA3BBCCBFFFFFFFFFFFC7FFF00038D162D7D43726C40A593A4
0ED5C8267A848379DB0EA17A178399BA3BBCCC4FFFFFFFFFFC7FFF000388162D7E43726C40A573BC
0ED5C1267A798379EF0EA170178392BA2BBBCCCFFFFFFFFFFC8FFF000386162D7E43726C40A573D4
0ED5C4267A808379EC0EA172178391BA2BBBCD0FFFFFFFFFFC8FFF00039A162D7E43726C40A573EC
0ED5CA267A868379CC0EA179178396BA1BBBCCBFFFFFFFFFFC7FFF000395162D7E43726C40A58304
0ED5D2267A8F8379B90EA18217839BBA1BBBCC5FFFFFFFFFFC6FFF00038F162D7F43726C40A5731C
0ED5D3267A938379C80EA18117839CBA1BBBCC5FFFFFFFFFFC8FFF00038F162D7F43726C40A57334
0ED5D7267A978379DF0EA1831783A2BA1BBBCC9FFFFFFFFFFC8FFF00038C162D7F43726C40A5734C
0ED5D3267A938379DE0EA1841783A0BA2BBACCDFFFFFFFFFFC6FFF000399162D8043726C40A57364
0ED5D2267A918379C80EA18317839EBA2BBACCBFFFFFFFFFFC7FFF00039A162D8043726C40A5737C
0ED5D5267A8F8379B90EA18517839DBA1BBACC8FFFFFFFFFFC8FFF000397162D8043726C40A57394
0ED5D5267A918379BE0EA18417839EBA0BBACC6FFFFFFFFFFC9FFF00038D162D8143726D40A573AC
0ED5D5267A948379C70EA18417839EBA0BBBCC8FFFFFFFFFFC8FFF000396162D8143726D40A573C4
0ED5D8267A978379C60EA1861783A0BA1BBBCC9FFFFFFFFFFC8FFF000398162D8143726D40A573DC
0ED5D9267A998379BA0EA18A1783A2BA1BBBCC9FFFFFFFFFFC8FFF000398162D8143726D40A573F4
0ED5D9267A998379BC0EA1881783A1BA0BBBCCAFFFFFFFFFFC8FFF000398162D8243726D40A5530C
0ED5D8267A938379C10EA1881783A3BA1BBBCCDFFFFFFFFFFC8FFF000399162D8243726D40A57324
0ED5CA267A838379C00EA179178395BA1BBBCCDFFFFFFFFFFCAFFF00038C162D8243726D40A5733C
0ED5D1267A8E8379C20EA17F17839ABA3BBCCCEFFFFFFFFFFC8FFF000399162D8343726D40A55354
0ED5D3267A8C8379C60EA1891783A4BA3BBCCD0FFFFFFFFFFC8FFF00039C162D8343726D40A5536C
0ED5DA267A998379BE0EA18B1783A4BA3BBCCCEFFFFFFFFFFC8FFF00039C162D8343726D40A55384
0ED5EC267AB58379AF0EA1981783AFBA4BBBCCBFFFFFFFFFFC8FFF000393162D8443726E40A5539C
0ED5EF267AB58379AB0EA19D1783B1BA3BBBCCAFFFFFFFFFFC7FFF00039A162D8443726E40A553B4
0ED5ED267AB68379C30EA19B1783B6BA2BBBCCDFFFFFFFFFFC7FFF00039C162D8443726E40A553CC
0ED5EE267ABB8379DD0EA19B1783B6BA1BBBCD2FFFFFFFFFFC7FFF000397162D8443726E40A553E4
0ED5EF267ABF8379CF0EA19B1783B5BA1BBBCD8FFFFFFFFFFC6FFF000397162D8543726E40A553FC
0ED5EC267AB78379AC0EA19E1783B2BA1BBBCD4FFFFFFFFFFC8FFF0003A0162D8543726E40A55314
0ED5F0267AB983799D0EA1A01783B2BA2BBBCCDFFFFFFFFFFC7FFF00039F162D8543726E40A5532C
0ED5F0267ABE8379A90EA1A01783B4BA3BBBCC7FFFFFFFFFFC7FFF00039E162D8643726E40A55344
0ED5F5267AC28379BE0EA1A21783BABA2BBBCCDFFFFFFFFFFC8FFF000395162D8643726E40A5535C
0ED5F8267AC48379C30EA1A41783B9BA2BBCCD2FFFFFFFFFFC9FFF0003A0162D8643726E40A55374
0ED5F4267AC18379BD0EA1A51783BBBA1BBCCD4FFFFFFFFFFC8FFF00039F162D8743726F40A5538C
0ED5F8267AC78379B50EA1A41783B8BA2BBCCD6FFFFFFFFFFC8FFF000390162D8743726F40A553A4
0ED5F6267AC08379AA0EA1AA1783BCBA2BBCCD4FFFFFFFFFFC9FFF0003A3162D8743726F40A553BC
0ED604267AD48379AA0EA1AB1783BFBA2BBCCD3FFFFFFFFFFC8FFF0003A0162D8743726F40A553D4
0ED607267ADD8379B80EA1B51783C7BA1BBCCD7FFFFFFFFFFC8FFF00039E162D8843726F40A553EC
0ED5F4267AC08379BC0EA1A91783BDBA2BBCCDAFFFFFFFFFFC8FFF0003A1162D8843726F40A55304
0ED605267AD88379B20EA1B11783C3BA2BBBCD7FFFFFFFFFFC8FFF00039C162D8843726F40A5531C
0ED60A267AE18379A90EA1BB1783CABA2BBBCD7FFFFFFFFFFC8FFF00039C162D8943726F40A55334
0ED60E267AE68379B00EA1B91783CCBA2BBBCD7FFFFFFFFFFC9FFF0003A3162D8943726F40A5534C
0ED606267ADC8379C20EA1B71783CABA2BBBCD9FFFFFFFFFFC8FFF0003A4162D8943726F40A55364
0ED5FC267ACD8379BA0EA1AB1783C2BA1BBBCDBFFFFFFFFFFC8FFF000391162D8A43726F40A5537C
0ED5F5267ABF8379A00EA1B11783C4BA1BBBCD9FFFFFFFFFFC7FFF0003A1162D8A43727040A55394
0ED5F1267ABB8379A70EA1A71783BABA1BBBCD6FFFFFFFFFFC7FFF0003A3162D8A43727040A553AC
0ED5E1267AA78379BB0EA1921783AABA2BBBCDBFFFFFFFFFFC8FFF00039C162D8A43727040A553C4
0ED5EE267AB48379B10EA19D1783B4BA1BBBCDAFFFFFFFFFFC8FFF0003A3162D8B43727040A543DC
0ED5D1267A888379AC0EA18D1783A4BA2BBBCDBFFFFFFFFFFC8FFF0003A2162D8B43727040A533F4
0ED5D3267A8E8379BA0EA18017839BBA2BBBCDFFFFFFFFFFFC8FFF00039B162D8B43727040A5330C
0ED605267ADC8379B60EA1B01783C5BA2BBACDDFFFFFFFFFFC8FFF0003A6162D8C43727040A53324
0ED614267AEE8379B00EA1C21783D0BA2BBBCE0FFFFFFFFFFC7FFF0003A6162D8C43727040A5333C
0ED610267AE48379B40EA1C01783D0BA2BBBCE1FFFFFFFFFFC7FFF000398162D8C43727040A53354
0ED5FF267AD18379B80EA1B11783C3BA1BBBCE0FFFFFFFFFFC8FFF00039D162D8D43727040A5336C
0ED613267AEB8379AC0EA1C01783D1BA1BBBCE1FFFFFFFFFFC8FFF0003A0162D8D43727040A53384
0ED61F267B028379A70EA1CA1783D9BA1BBBCE4FFFFFFFFFFC8FFF0003A0162D8D43727140A5339C
0ED608267ADE8379C20EA1AF1783C5BA2BBBCE6FFFFFFFFFFC9FFF0003A4162D8D43727140A533B4
0ED61D267AFD8379CA0EA1CA1783DBBA1BBBCEAFFFFFFFFFFC8FFF00039D162D8E43727140A533CC
0ED623267B0B8379A80EA1D11783DFBA2BBBCE8FFFFFFFFFFC8FFF0003A4162D8E43727140A533E4
0ED625267B078379940EA1D11783DDBA2BBBCE3FFFFFFFFFFC9FFF0003A1162D8E43727140A533FC
0ED62D267B148379A90EA1D71783E4BA1BBBCE3FFFFFFFFFFC8FFF000396162D8F43727140A53314
0ED622267B058379BB0EA1D41783E3BA0BBBCE6FFFFFFFFFFC8FFF00039F162D8F43727140A5332C
0ED62F267B178379B20EA1D61783E4BA1BBBCEBFFFFFFFFFFC8FFF0003A2162D8F43727140A51344
0ED631267B1D8379A40EA1E11783EABA0BBBCE9FFFFFFFFFFC8FFF000392162D9043727140A5335C
0ED636267B208379A80EA1E41783EDBA2BBBCE7FFFFFFFFFFC8FFF0003A1162D9043727140A51374
0ED637267B298379A30EA1E51783EEBA2BBCCE8FFFFFFFFFFC8FFF00039F162D9043727140A5138C
0ED638267B278379A10EA1E61783F0BA2BBBCEAFFFFFFFFFFC7FFF00039C162D9043727240A513A4
0ED63B267B2C8379B60EA1E71783F2BA2BBBCEEFFFFFFFFFFC8FFF00039F162D9143727240A513BC
0ED63B267B2A8379B20EA1E61783F2BA2BBBCEFFFFFFFFFFFC8FFF00039A162D9143727240A513D4
0ED63B267B2983799D0EA1EB1783F5BA2BBBCEDFFFFFFFFFFC8FFF00039D162D9143727240A513EC
0ED639267B2583799A0EA1E71783F0BA2BBBCEAFFFFFFFFFFC8FFF000394162D9243727240A51304
0ED633267B1B83799E0EA1E31783EDBA1BBBCECFFFFFFFFFFC8FFF00039C162D9243727240A5131C
0ED641267B338379AD0EA1EB1783F8BA0BBBCECFFFFFFFFFFC8FFF00039D162D9243727240A51334
0ED636267B218379AD0EA1E61783EFBA1BBCCEEFFFFFFFFFFC7FFF000397162D9343727240A5134C
0ED630267B198379910EA1E11783EDBA4BBCCEFFFFFFFFFFFC7FFF00039F162D9343727240A51364
0ED630267B1683798F0EA1DF1783EABA5BBCCECFFFFFFFFFFC8FFF00038B162D9343727240A5137C
0ED635267B238379B00EA1E11783EDBA4BBBCEEFFFFFFFFFFC8FFF00039D162D9343727240A51394
0ED635267B208379AA0EA1E41783EFBA2BBBCF3FFFFFFFFFFC8FFF00039F162D9443727340A513AC
0ED633267B208379880EA1E31783EDBA1BBCCF0FFFFFFFFFFC8FFF000397162D9443727340A513C4
0ED638267B2683798E0EA1E31783ECBA1BBCCEDFFFFFFFFFFC7FFF000398162D9443727340A513DC
0ED63B267B298379A40EA1E81783F2BA2BBCCEEFFFFFFFFFFC7FFF000397162D9543727340A513F4
0ED633267B1F83799E0EA1E21783EDBA2BBBCF0FFFFFFFFFFC8FFF00039F162D9543727340A5130C
0ED632267B1D8379890EA1E31783ECBA2BBBCEDFFFFFFFFFFC8FFF000395162D9543727340A51324
0ED640267B2D8379830EA1EA1783F1BA2BBBCECFFFFFFFFFFC8FFF00039F162D9643727340A5133C
0ED640267B2C8379880EA1F01783F7BA3BBBCEDFFFFFFFFFFC8FFF0003A1162D9643727340A51354
0ED63C267B278379920EA1EB1783F2BA2BBBCF0FFFFFFFFFFC8FFF0003A2162D9643727340A5036C
0ED63C267B2C8379A50EA1E81783F3BA1BBACF4FFFFFFFFFFC8FFF000390162D9743727340A51384
0ED63F267B3083799B0EA1EC1783F7BA1BBACF7FFFFFFFFFFC8FFF00039B162D9743727440A5139C
0ED654267B4E83797D0EA203178407BA1BBBCF2FFFFFFFFFFC8FFF0003A2162D9743727440A4F3B4
0ED645267B368379770EA1FB1783FEBA1BBBCF0FFFFFFFFFFC8FFF0003A0162D9743727440A503CC
0ED642267B308379850EA1F11783F7BA2BBACF1FFFFFFFFFFC8FFF000386162D9843727440A503E4
0ED643267B338379850EA1F31783FABA2BBBCF2FFFFFFFFFFC8FFF00033C162D9843727440A503FC
0ED646267B3683797C0EA1F21783F8BA1BBBCF3FFFFFFFFFFC9FFF00034C162D9843727440A50314
0ED64D267B418379820EA1FA178401BA1BBBCF4FFFFFFFFFFC8FFF00037D162D9943727440A4F32C
0ED641267B318379950EA1F21783FABA2BBACF7FFFFFFFFFFC8FFF000379162D9943727440A4F344
0ED640267B328379960EA1ED1783F7BA2BBACF9FFFFFFFFFFC8FFF00039E162D9943727440A4F35C
0ED639267B228379760EA1EA1783F3BA2BBACF8FFFFFFFFFFC9FFF000398162D9A43727440A4F374
0ED638267B1E8379600EA1E61783EDBA1BBBCF2FFFFFFFFFFC8FFF000365162D9A43727540A4F38C
0ED648267B3B8379660EA1F61783F9BA0BBBCEDFFFFFFFFFFC8FFF0002DD162D9A43727540A4F3A4
0ED646267B318379730EA1F51783F9BA0BBBCF0FFFFFFFFFFC8FFF000311162D9B43727540A4F3BC
0ED63B267B2383797B0EA1EB1783F1BA1BBBCF4FFFFFFFFFFC8FFF00038D162D9B43727540A4F3D4
0ED639267B238379840EA1E91783F2BA1BBCCFAFFFFFFFFFFC8FFF00038E162D9B43727540A4F3EC
0ED622267AFC8379810EA1D61783E0BA2BBCCF8FFFFFFFFFFC8FFF000395162D9B43727540A4F304
0ED616267AEA83796E0EA1CA1783D7BA2BBCCF8FFFFFFFFFFC7FFF00039D162D9C43727540A4D31C
0ED616267AE983795E0EA1C81783D2BA1BBBCF7FFFFFFFFFFC7FFF0003A2162D9C43727540A4F334
0ED624267AFD83795F0EA1D81783E0BA1BBBCF4FFFFFFFFFFC8FFF0003A1162D9C43727540A4D34C
0ED627267AFF83796B0EA1E21783EABA2BBBCF5FFFFFFFFFFC8FFF000385162D9D43727540A4F364
0ED60D267ADD8379760EA1BC1783C9BA1BBBCF9FFFFFFFFFFC8FFF000397162D9D43727640A4D37C
0ED615267AE883797C0EA1C01783CEBA2BBBCFDFFFFFFFFFFC8FFF000364162D9D43727640A4D394
0ED60D267ADC8379760EA1BF1783CCBA3BBBCFCFFFFFFFFFFC8FFF000364162D9E43727640A4D3AC
0ED605267ACD8379720EA1B91783C7BA3BBBCFFFFFFFFFFFFC8FFF000399162D9E43727640A4D3C4
0ED606267AD48379640EA1B61783C3BA4BBCCFEFFFFFFFFFFC8FFF0003A3162D9E43727640A4D3DC
0ED614267AE083795C0EA1C41783CDBA4BBCCFCFFFFFFFFFFC8FFF0003A4162D9F43727640A4D3F4
0ED610267ADA83795F0EA1C31783CCBA3BBCCFCFFFFFFFFFFC7FFF00039F162D9F43727640A4D30C
0ED609267AD48379660EA1B51783C4BA3BBCCFCFFFFFFFFFFC7FFF0003A7162D9F43727640A4D324
0ED605267ACE83797E0EA1B71783C8BA2BBBCFFFFFFFFFFFFC7FFF000380162D9F43727640A4D33C
0ED5FE267AC48379850EA1AD1783BEBA1BBCD03FFFFFFFFFFC9FFF000382162DA043727640A4D354
0ED5FA267ABF83796C0EA1AF1783BFBA0BBCD05FFFFFFFFFFC9FFF0003A5162DA043727640A4D36C
0ED606267ACD8379560EA1B51783C0BA0BBCCFFFFFFFFFFFFC9FFF0003AA162DA043727740A4D384
0ED60E267AD98379600EA1BB1783C8BA0BBCCFDFFFFFFFFFFC8FFF0003A8162DA143727740A4D39C
0ED617267AE88379660EA1C41783D1BA1BBCD01FFFFFFFFFFC7FFF0003A0162DA143727740A4D3B4
0ED620267AF48379550EA1CF1783D8BA1BBBD01FFFFFFFFFFC7FFF0003AB162DA143727740A4D3CC
0ED615267AE68379600EA1C51783D0BA1BBBD01FFFFFFFFFFC8FFF0003A3162DA243727740A4D3E4
0ED609267AD383797A0EA1B81783C7BA2BBBD06FFFFFFFFFFC9FFF00037F162DA243727740A4D3FC
0ED604267ACB8379740EA1B21783C2BA2BBCD0AFFFFFFFFFFC8FFF000341162DA243727740A4D314
0ED601267ACB8379610EA1B11783C0BA1BBBD06FFFFFFFFFFC7FFF00038C162DA343727740A4D32C
0ED613267ADE8379520EA1C31783CDBA2BBCD03FFFFFFFFFFC8FFF0003A9162DA343727740A4D344
0ED615267AE08379480EA1C71783D0BA2BBBCFFFFFFFFFFFFC8FFF0003A3162DA343727740A4C35C
0ED607267ACF8379520EA1B81783C6BA1BBBD00FFFFFFFFFFC9FFF00030F162DA343727740A4D374
0ED609267AD183796D0EA1B21783C2BA2BBBD02FFFFFFFFFFC8FFF0002AA162DA443727840A4D38C
0ED605267ACC8379760EA1B61783C5BA2BBBD07FFFFFFFFFFC8FFF000367162DA443727840A4C3A4
0ED60F267ADA83795B0EA1C21783CEBA2BBCD08FFFFFFFFFFC8FFF000350162DA443727840A4C3BC
0ED617267AE58379470EA1C81783D2BA1BBCD00FFFFFFFFFFC8FFF00037B162DA543727840A4B3D4
0ED61B267AE88379510EA1CA1783D4BA0BBCD02FFFFFFFFFFC8FFF00023B162DA543727840A4B3EC
0ED616267AE383795E0EA1C51783D1BA0BBBD08FFFFFFFFFFC8FFF0001A4162DA543727840A4B304
0ED60C267AD48379620EA1BE1783CABA2BBBD0AFFFFFFFFFFC8FFF0002AB162DA643727840A4B31C
0ED60B267AD18379590EA1B91783C7BA2BBBD0AFFFFFFFFFFC8FFF0003A1162DA643727840A4B334
0ED616267AE38379420EA1C41783CEBA1BBCD07FFFFFFFFFFC8FFF0003A9162DA643727840A4B34C
0ED622267AF18379420EA1CF1783D7BA2BBCD05FFFFFFFFFFC7FFF00036B162DA743727840A4B364
0ED60E267ADA83795F0EA1BE1783CCBA3BBBD08FFFFFFFFFFC7FFF000217162DA743727840A4B37C
0ED608267AD083796D0EA1B51783C5BA2BBBD0DFFFFFFFFFFC9FFF0002D6162DA743727840A4B394
0ED611267ADD8379550EA1C11783CDBA1BBBD10FFFFFFFFFFC8FFF0003A5162DA743727940A4B3AC
0ED61C267AEA83793C0EA1CE1783D6BA1BBBD0BFFFFFFFFFFC9FFF0003A8162DA843727940A4B3C4
0ED621267AF183794C0EA1D01783D9BA2BBBD07FFFFFFFFFFC9FFF00039E162DA843727940A4B3DC
0ED629267B018379510EA1D81783E0BA1BBBD0CFFFFFFFFFFC8FFF0003A4162DA843727940A4B3F4
0ED634267B0E8379380EA1E51783E8BA1BBBD0AFFFFFFFFFFC8FFF0003A7162DA943727940A4B30C
0ED633267B0D83793B0EA1E21783E7BA1BBBD0AFFFFFFFFFFC9FFF0002C2162DA943727940A49324
0ED62D267B058379580EA1DD1783E5BA1BBCD0DFFFFFFFFFFC8FFF000183162DA943727940A4B33C
0ED629267B0183795C0EA1D31783DDBA2BBCD0FFFFFFFFFFFC8FFF000257162DAA43727940A49354
0ED631267B0E83793F0EA1DF1783E5BA2BBCD10FFFFFFFFFFC7FFF0003A4162DAA43727940A4A36C
0ED62F267B088379260EA1E21783E5BA1BBBD0BFFFFFFFFFFC7FFF0003A1162DAA43727A40A49384
0ED635267B1083792D0EA1E31783E6BA1BBBD09FFFFFFFFFFC7FFF000272162DAB43727A40A4939C
0ED638267B1783793E0EA1E51783EABA1BBBD0BFFFFFFFFFFC7FFF000177162DAB43727A40A493B4
0ED638267B1583793B0EA1E71783EBBA1BBBD0EFFFFFFFFFFC8FFF0001A5162DAB43727A40A493CC
0ED639267B1783792E0EA1E81783EBBA0BBAD0CFFFFFFFFFFC8FFF000367162DAC43727A40A493E4
0ED636267B0F8379290EA1E71783E9BA1BBBD0BFFFFFFFFFFC8FFF000374162DAC43727A40A493FC
0ED635267B0C8379310EA1E21783E7BA1BBBD0CFFFFFFFFFFC8FFF000202162DAC43727A40A49314
0ED63D267B1B83793A0EA1E81783EEBA2BBBD0EFFFFFFFFFFC9FFF000178162DAC43727A40A4932C
0ED640267B1E83792E0EA1EE1783F1BA1BBBD0DFFFFFFFFFFC8FFF0001C9162DAD43727A40A49344
0ED63D267B1A8379170EA1EB1783EEBA1BBBD09FFFFFFFFFFC8FFF000273162DAD43727A40A4935C
0ED63E267B1983790E0EA1ED1783EEBA0BBBD04FFFFFFFFFFC8FFF0001F2162DAE43727A40A49374
0ED635267B0E83791F0EA1E41783E8BA0BBBD06FFFFFFFFFFC8FFF00017A162DAE43727B40A4938C
0ED634267B0A8379320EA1E01783E7BA1BBBD0CFFFFFFFFFFC8FFF000170162DAE43727B40A493A4
0ED638267B158379310EA1E61783EABA1BBBD0CFFFFFFFFFFC7FFF000196162DAE43727B40A493BC
0ED646267B268379230EA1F41783F6B9FBBBD0DFFFFFFFFFFC7FFF0002D6162DAF43727B40A493D4
0ED657267B3F8379190EA1FE1783FDBA0BBBD10FFFFFFFFFFC8FFF000296162DAF43727B40A493EC
0ED65F267B4D83790B0EA20D178409BA1BBBD0DFFFFFFFFFFC7FFF00017C162DAF43727B40A48304
0ED65B267B408379080EA20A178405BA2BBBD0BFFFFFFFFFFC7FFF000173162DB043727B40A4931C
0ED65C267B4583791D0EA206178406BA1BBBD09FFFFFFFFFFC7FFF00016E162DB043727B40A48334
0ED658267B4583792E0EA205178404BA1BBCD0FFFFFFFFFFFC7FFF0001A7162DB043727B40A4834C
0ED657267B428379250EA203178405BA1BBCD13FFFFFFFFFFC8FFF000262162DB143727B40A48364
0ED659267B4483790D0EA207178405BA0BBBD0FFFFFFFFFFFC8FFF00020D162DB143727B40A4837C
0ED65E267B488379020EA20C178408BA0BBBD0BFFFFFFFFFFC8FFF000182162DB143727C40A48394
0ED659267B408379070EA208178402BA1BBBD0BFFFFFFFFFFC8FFF000175162DB243727C40A473AC
0ED65B267B4683791B0EA207178405BA1BBBD0FFFFFFFFFFFC7FFF000170162DB243727C40A483C4
0ED65B267B468379250EA207178405BA1BBBD14FFFFFFFFFFC9FFF0001F9162DB243727C40A483DC
0ED67F267B808379180EA228178421BA0BBBD15FFFFFFFFFFC9FFF00030C162DB343727C40A473F4
0ED69B267BA68379040EA244178436BA0BBCD11FFFFFFFFFFC8FFF000392162DB343727C40A4730C
0ED6B3267BCB8378FC0EA25E17844DBA0BBBD0FFFFFFFFFFFC8FFF0002BA162DB343727C40A47324
0ED6AD267BC18379020EA25D17844CBA1BBBD0EFFFFFFFFFFC8FFF00017C162DB443727C40A4733C
0ED697267BA083790B0EA24717843ABA1BBAD11FFFFFFFFFFC8FFF000197162DB443727C40A47354
0ED69C267BA98379150EA24717843BBA2BBBD15FFFFFFFFFFC9FFF000352162DB443727C40A4736C
0ED699267BA48379100EA24817843CBA3BBBD17FFFFFFFFFFC8FFF00035F162DB443727C40A47384
0ED69C267BAA8378FE0EA24817843ABA3BBBD16FFFFFFFFFFC8FFF00038E162DB543727D40A4739C
0ED6AD267BC28378F10EA258178448BA2BBBD10FFFFFFFFFFC8FFF00039B162DB543727D40A473B4
0ED6BC267BD98378F00EA267178452BA1BBBD0BFFFFFFFFFFC8FFF00033D162DB543727D40A473CC
0ED6B7267BD08379000EA267178453BA0BBBD11FFFFFFFFFFC7FFF000377162DB643727D40A473E4
0ED6C2267BE48379000EA26A178459BA0BBBD13FFFFFFFFFFC7FFF00039C162DB643727D40A453FC
0ED6C7267BE78378F40EA275178460BA0BBBD15FFFFFFFFFFC7FFF000357162DB643727D40A45314
0ED6C9267BE98378F70EA276178462BA0BBAD14FFFFFFFFFFC8FFF00035F162DB743727D40A4532C
0ED6C3267BE28378F20EA27117845EBA1BBAD13FFFFFFFFFFC8FFF0003AF162DB743727D40A45344
0ED6C7267BE88378F30EA27017845CBA0BBBD13FFFFFFFFFFC8FFF0003AA162DB743727D40A4535C
0ED6C2267BDF8379030EA27117845DBA0BBBD18FFFFFFFFFFC7FFF0003B3162DB843727D40A46374
0ED6B1267BCB8378FB0EA25D17844DBA0BBBD17FFFFFFFFFFC7FFF0003B2162DB843727E40A4538C
0ED6B4267BD18378DD0EA261178450BA2BBBD13FFFFFFFFFFC8FFF0003AC162DB843727E40A453A4
0ED6BB267BD88378DC0EA26A178456BA2BBAD10FFFFFFFFFFC8FFF0003AD162DB943727E40A453BC
0ED6B6267BCF8378F80EA262178451BA1BBAD13FFFFFFFFFFC7FFF000392162DB943727E40A453D4
0ED6BC267BDA8379010EA266178455BA1BBAD18FFFFFFFFFFC7FFF0003A3162DB943727E40A453EC
0ED6C7267BEA8378EF0EA278178463BA2BBAD1BFFFFFFFFFFC8FFF000398162DB943727E40A45304
0ED6BE267BDC8378EC0EA27017845ABA2BBAD18FFFFFFFFFFC8FFF000398162DBA43727E40A4531C
0ED6BF267BDA8378EC0EA26C178457BA2BBBD19FFFFFFFFFFC7FFF0003B1162DBA43727E40A45334
0ED6C6267BE48378E70EA26F17845ABA1BBBD17FFFFFFFFFFC7FFF000364162DBA43727E40A4534C
0ED6C9267BEA8378F10EA277178462BA2BBBD18FFFFFFFFFFC9FFF0002B7162DBB43727E40A45364
0ED6C0267BE28379060EA26A178458BA3BBBD1EFFFFFFFFFFC6FFF00035A162DBB43727E40A4537C
0ED6C2267BE38379030EA273178462BA3BBBD23FFFFFFFFFFC7FFF00038D162DBB43727E40A45394
0ED6D1267BF88378EF0EA27D178468BA2BBBD21FFFFFFFFFFC8FFF000377162DBC43727F40A453AC
0ED6D7267C038378ED0EA28317846ABA2BBBD20FFFFFFFFFFC8FFF000249162DBC43727F40A443C4
0ED6D9267C058378FC0EA28617846FBA1BBBD21FFFFFFFFFFC8FFF000190162DBC43727F40A443DC
0ED6DA267C068379020EA287178471BA1BBBD26FFFFFFFFFFC8FFF0001F0162DBC43727F40A443F4
0ED6E6267C1B8378F30EA291178479BA0BBBD27FFFFFFFFFFC8FFF0002C2162DBD43727F40A4430C
0ED6E6267C1C8378F10EA29617847CBA0BBBD25FFFFFFFFFFC8FFF000277162DBD43727F40A44324
0ED6E0267C0E8379080EA28F178477BA0BBBD28FFFFFFFFFFC8FFF0001AB162DBD43727F40A4433C
0ED6B6267BD083790D0EA267178458BA1BBAD2CFFFFFFFFFFC7FFF00019C162DBE43727F40A44354
0ED6C3267BE68378FC0EA26E17845CBA2BBBD2DFFFFFFFFFFC7FFF0001FA162DBE43727F40A4336C
0ED6E3267C138378FB0EA28C178475BA2BBBD2BFFFFFFFFFFC9FFF0001BC162DBE43727F40A43384
0ED6D6267C018379050EA28517846EBA2BBBD2DFFFFFFFFFFC7FFF000184162DBF43727F40A4339C
0ED6D1267BF88379010EA28B178475BA2BBBD2DFFFFFFFFFFC8FFF000176162DBF43728040A433B4
0ED6E1267C128379050EA289178472BA2BBBD2FFFFFFFFFFFC8FFF000180162DBF43728040A433CC
0ED6F4267C338379030EA29D178483BA2BBBD33FFFFFFFFFFC8FFF000199162DBF43728040A433E4
0ED6EA267C1D8378FB0EA29917847FBA2BBAD31FFFFFFFFFFC8FFF000170162DC043728040A433FC
0ED6C0267BE183790C0EA272178461BA4BBAD32FFFFFFFFFFC8FFF000196162DC043728040A41314
0ED6AD267BC48379200EA25E178451BA4BBBD38FFFFFFFFFFC8FFF000185162DC043728040A4332C
0ED69E267BAD83790F0EA24A17843FBA2BBBD3DFFFFFFFFFFC8FFF000168162DC143728040A43344
0ED6B1267BC78378F10EA25C17844ABA1BBCD36FFFFFFFFFFC8FFF000164162DC143728040A4335C
0ED694267B9B8378FB0EA24B17843EBA1BBCD34FFFFFFFFFFC8FFF0001AA162DC143728040A41374
0ED678267B7183790D0EA227178420BA2BBCD36FFFFFFFFFFC8FFF0002E5162DC243728040A4338C
0ED67B267B7983790F0EA228178422BA2BBCD3BFFFFFFFFFFC9FFF0002EF162DC243728040A413A4
0ED66C267B6883791B0EA22417841EBA2BBCD3EFFFFFFFFFFC8FFF0001C5162DC243728040A413BC
0ED660267B5483791A0EA214178413BA2BBCD3FFFFFFFFFFFC8FFF000183162DC243728140A413D4
0ED64F267B3B8379050EA20C178408BA3BBBD3EFFFFFFFFFFC9FFF0001A1162DC343728140A413EC
0ED650267B3A8379030EA203178400BA3BBBD3CFFFFFFFFFFC8FFF000271162DC343728140A41304
0ED64C267B3983790D0EA1FA1783FABA2BBBD3CFFFFFFFFFFC7FFF000351162DC343728140A4131C
0ED650267B3E8379190EA1FD1783FDBA2BBBD40FFFFFFFFFFC7FFF000375162DC443728140A41334
0ED651267B4283792A0EA1FF178400BA2BBCD46FFFFFFFFFFC7FFF000251162DC443728140A4134C
0ED660267B5A8379190EA208178408BA1BBCD48FFFFFFFFFFC7FFF00016E162DC443728140A41364
0ED663267B5A8378FD0EA20C178408BA0BBCD43FFFFFFFFFFC6FFF000215162DC543728140A4137C
0ED674267B7283790D0EA21D17841ABA0BBCD3EFFFFFFFFFFC6FFF000398162DC543728140A41394
0ED66D267B688379250EA21C178419BA1BBCD42FFFFFFFFFFC8FFF0003AC162DC543728140A413AC
0ED679267B7C8379200EA22117841EBA2BBCD49FFFFFFFFFFC8FFF000397162DC543728240A413C4
0ED678267B7783790C0EA22B178423BA2BBCD49FFFFFFFFFFC8FFF000306162DC643728240A413DC
0ED663267B5783790C0EA21C178415BA2BBCD47FFFFFFFFFFC8FFF000339162DC643728240A413F4
0ED64F267B3B83791F0EA202178401BA2BBCD4AFFFFFFFFFFC8FFF0003A8162DC643728240A4130C
0ED645267B2D8379270EA1F41783F7BA2BBCD4EFFFFFFFFFFC8FFF0003AF162DC743728240A41324
0ED64A267B3283791F0EA1F81783FABA4BBBD51FFFFFFFFFFC8FFF0003A5162DC743728240A3F33C
0ED644267B2A8379130EA1F41783F6BA4BBCD4EFFFFFFFFFFC9FFF0003AB162DC743728240A40354
0ED64A267B3083790D0EA1F81783F8BA3BBBD4BFFFFFFFFFFC8FFF0003AC162DC843728240A3F36C
0ED652267B4183791E0EA1FB1783FCBA2BBCD4CFFFFFFFFFFC7FFF0003B0162DC843728240A3F384
0ED657267B4483792C0EA209178408BA1BBCD4FFFFFFFFFFFC8FFF0003AA162DC843728240A3F39C
0ED65D267B538379240EA211178411BA1BBCD55FFFFFFFFFFC9FFF0003B1162DC843728240A3F3B4
0ED66E267B688379170EA21C178416BA3BBCD53FFFFFFFFFFC9FFF0003A5162DC943728340A3F3CC
0ED66B267B658379180EA21A178416BA3BBBD52FFFFFFFFFFC8FFF0003AC162DC943728340A3F3E4
0ED64A267B308379250EA1FF1783FEBA2BBAD53FFFFFFFFFFC7FFF0003AD162DC943728340A3F3FC
0ED63D267B208379210EA1EC1783F1BA1BBBD55FFFFFFFFFFC7FFF0003A7162DCA43728340A3F314
0ED640267B2183791F0EA1EE1783EFBA1BBBD56FFFFFFFFFFC8FFF0003B0162DCA43728340A3F32C
0ED643267B298379250EA1F11783F4BA1BBCD59FFFFFFFFFFC8FFF0003B2162DCA43728340A3F344
0ED648267B2D8379220EA1F71783F9BA1BBCD59FFFFFFFFFFC8FFF00039F162DCB43728340A3F35C
0ED651267B388379220EA204178401BA1BBCD5BFFFFFFFFFFC8FFF0003B1162DCB43728340A3F374
0ED656267B4583792A0EA204178403BA2BBCD5DFFFFFFFFFFC8FFF0003A7162DCB43728340A3F38C
0ED64B267B338379280EA1FC1783FEBA2BBCD5DFFFFFFFFFFC9FFF0003AF162DCC43728340A3F3A4
0ED674267B728379140EA22517841FBA2BBBD5BFFFFFFFFFFC9FFF0003A5162DCC43728340A3E3BC
0ED67B267B7B83790D0EA22B178423BA2BBBD5AFFFFFFFFFFC9FFF0003AE162DCC43728440A3E3D4
0ED66D267B6A8379280EA22217841DBA3BBBD5AFFFFFFFFFFCAFFF0003A8162DCC43728440A3D3EC
0ED64B267B378379370EA206178407BA3BBBD62FFFFFFFFFFC8FFF0003B3162DCD43728440A3F304
0ED65C267B4E8379240EA20F17840FBA2BBBD65FFFFFFFFFFC9FFF0003AA162DCD43728440A3D31C
0ED671267B6E83791A0EA22117841BBA2BBBD5DFFFFFFFFFFC8FFF0003B2162DCD43728440A3D334
0ED667267B608379270EA21C178418BA1BBBD5FFFFFFFFFFFC7FFF0003B0162DCE43728440A3D34C
0ED674267B708379270EA22117841DBA2BBBD63FFFFFFFFFFC7FFF0003AF162DCE43728440A3D364
0ED673267B7183790F0EA22317841CBA2BBBD60FFFFFFFFFFC8FFF0003AF162DCE43728440A3D37C
0ED683267B888379100EA22C178424BA3BBBD5EFFFFFFFFFFC8FFF0003B1162DCF43728440A3D394
0ED67C267B8083792C0EA229178425BA3BBCD61FFFFFFFFFFC8FFF0003B4162DCF43728440A3D3AC
0ED684267B898379350EA22E17842ABA1BBCD67FFFFFFFFFFC8FFF0003AC162DCF43728440A3D3C4
0ED688267B958379260EA23717842FBA1BBCD68FFFFFFFFFFC8FFF0003B3162DCF43728440A3D3DC
0ED677267B758379140EA22517841EBA0BBCD64FFFFFFFFFFC8FFF0003A7162DD043728540A3D3F4
0ED69C267BAD8379140EA24617843ABA0BBBD62FFFFFFFFFFC8FFF0003B0162DD043728540A3D30C
0ED68D267B9483791C0EA23F178434BA2BBBD65FFFFFFFFFFC8FFF0003B2162DD043728540A3C324
0ED680267B7F8379200EA22F178427BA2BBBD68FFFFFFFFFFC7FFF0003B2162DD143728540A3D33C
0ED671267B7083792B0EA22217841DBA1BBBD6AFFFFFFFFFFC6FFF0003B3162DD143728540A3C354
0ED671267B6D8379320EA21E17841CBA2BBBD6DFFFFFFFFFFC8FFF0003AD162DD143728540A3C36C
0ED67A267B7B83792A0EA227178423BA1BBCD6EFFFFFFFFFFC8FFF0003B6162DD243728540A3D384
0ED686267B9283791D0EA23117842ABA1BBBD6FFFFFFFFFFFC7FFF0003AA162DD243728540A3C39C
0ED68D267B978379190EA23C178431BA2BBBD6DFFFFFFFFFFC8FFF0003B2162DD243728540A3D3B4
0ED685267B8A8379250EA23117842ABA3BBCD6DFFFFFFFFFFC8FFF0003B2162DD343728540A3C3CC
0ED683267B778379310EA22E178428BA2BBCD71FFFFFFFFFFC7FFF0003B2162DD343728540A3C3E4
0ED675267B718379310EA225178420BA1BBBD74FFFFFFFFFFC8FFF0003B4162DD343728640A3B3FC
0ED67A267B7883792A0EA229178423BA1BBBD73FFFFFFFFFFC8FFF0003AD162DD343728640A3B314
0ED683267B878379250EA23417842CBA1BBBD71FFFFFFFFFFC9FFF0003B4162DD443728640A3C32C
0ED688267B908379300EA23517842DBA1BBCD74FFFFFFFFFFC8FFF0003AC162DD443728640A3C344
0ED682267B888379380EA23317842DBA1BBCD79FFFFFFFFFFC8FFF0003B5162DD443728640A3B35C
0ED677267B7783792D0EA225178420BA0BBCD7AFFFFFFFFFFC8FFF0003B4162DD543728640A3B374
0ED691267BA08379290EA23C178433BA0BBCD79FFFFFFFFFFC8FFF0003AE162DD543728640A3B38C
0ED691267B9E8379340EA240178436BA1BBCD7AFFFFFFFFFFC8FFF0003B0162DD543728640A3B3A4
0ED691267B9D8379310EA240178437BA1BBCD7BFFFFFFFFFFC9FFF0003B6162DD643728640A3B3BC
0ED693267BA183792E0EA244178439BA2BBCD7CFFFFFFFFFFC9FFF0003B7162DD643728640A3B3D4
0ED68F267B988379310EA23A178433BA1BBCD7EFFFFFFFFFFC8FFF0003A4162DD643728640A3B3EC
0ED689267B948379340EA238178430BA0BBCD7FFFFFFFFFFFC8FFF0003B4162DD743728640A3B304
0ED688267B908379340EA238178430BA1BBBD81FFFFFFFFFFC8FFF0003B4162DD743728740A3A31C
0ED689267B9183792C0EA23717842EBA2BBBD7FFFFFFFFFFFC7FFF0003B6162DD743728740A39334
0ED693267BA283792A0EA241178436BA1BBCD7EFFFFFFFFFFC7FFF0003AB162DD743728740A3934C
0ED69F267BB58379300EA24B17843FBA1BBBD80FFFFFFFFFFC8FFF0003B6162DD843728740A39364
0ED6AA267BC58379380EA25717844ABA0BBCD82FFFFFFFFFFC7FFF0003B6162DD843728740A3937C
0ED6AC267BC88379410EA25B17844EBA1BBCD85FFFFFFFFFFC7FFF0003AE162DD843728740A39394
0ED6C8267BF58379400EA26F178461BA1BBBD88FFFFFFFFFFC7FFF0003B2162DD943728740A393AC
0ED6D5267C078379340EA27F17846DBA1BBBD89FFFFFFFFFFC8FFF00035B162DD943728740A393C4
0ED6DC267C128379230EA288178472BA2BBBD86FFFFFFFFFFC7FFF0003AA162DD943728740A393DC
0ED6B8267BDB8379250EA277178463BA2BBBD84FFFFFFFFFFC7FFF0003B5162DDA43728740A393F4
0ED6AA267BC483793B0EA25717844DBA2BBBD87FFFFFFFFFFC8FFF0003B7162DDA43728740A3930C
0ED6B0267BD08379440EA25917844DBA3BBCD8DFFFFFFFFFFC9FFF0003A7162DDA43728840A39324
0ED6C3267BEE83793F0EA274178463BA3BBCD8EFFFFFFFFFFC8FFF0003A8162DDA43728840A3933C
0ED6D2267C008379340EA27F17846CBA2BBCD8CFFFFFFFFFFC7FFF000397162DDB43728840A39354
0ED6EA267C2883792C0EA29517847EBA2BBCD8AFFFFFFFFFFC7FFF0003B7162DDB43728840A3936C
0ED6F1267C318379310EA29A178482BA2BBCD8CFFFFFFFFFFC7FFF0003AF162DDB43728840A39384
0ED6F4267C378379390EA2A317848BBA2BBBD8DFFFFFFFFFFC9FFF0003B7162DDC43728840A3939C
0ED702267C4C8379340EA2AA178491BA2BBBD8EFFFFFFFFFFC9FFF0003B8162DDC43728840A393B4
0ED6FC267C438379320EA2AD178492BA2BBBD8EFFFFFFFFFFC7FFF0003B1162DDC43728840A393CC
0ED6FF267C4983793A0EA2AA178490BA2BBAD90FFFFFFFFFFC8FFF0003BB162DDD43728840A383E4
0ED70B267C5E83793E0EA2B517849ABA2BBAD93FFFFFFFFFFC8FFF0003BB162DDD43728840A383FC
0ED70C267C5C83793D0EA2BD1784A1BA1BBAD94FFFFFFFFFFC8FFF0003B6162DDD43728840A38314
0ED6ED267C2C8379380EA29A178482BA1BBBD95FFFFFFFFFFC8FFF0003AD162DDD43728840A3832C
0ED71E267C768379310EA2C51784A8BA1BBBD95FFFFFFFFFFC8FFF0003B3162DDE43728940A38344
0ED71E267C7783792F0EA2CD1784ADBA1BBBD94FFFFFFFFFFC8FFF0003B2162DDE43728940A3735C
0ED702267C4B83793C0EA2BD1784A1BA2BBBD95FFFFFFFFFFC9FFF0003BC162DDE43728940A38374
0ED6D0267C028379400EA284178470BA2BBBD97FFFFFFFFFFC8FFF0003B5162DDF43728940A3838C
0ED6D0267C018379490EA28217846FBA0BBBD9CFFFFFFFFFFC8FFF0003BF162DDF43728940A373A4
0ED6BB267BE483794B0EA26A17845EBA1BBBD9EFFFFFFFFFFC8FFF0003B5162DDF43728940A373BC
0ED6D1267C058379380EA28017846EBA0BBBD9AFFFFFFFFFFC9FFF0003B8162DE043728940A373D4
0ED6D9267C0B83792D0EA28D178477BA1BBBD98FFFFFFFFFFC8FFF0003B7162DE043728940A373EC
0ED6C7267BEE8379370EA27D17846ABA1BBBD98FFFFFFFFFFC8FFF0003AF162DE043728940A37304
0ED6B0267BD08379420EA25F178452BA1BBBD9CFFFFFFFFFFC8FFF0003BB162DE043728940A3731C
0ED6AE267BCA8379400EA25717844DBA1BBBD9FFFFFFFFFFFC8FFF0003BE162DE143728940A37334
0ED6B0267BCF8379330EA25F178451BA2BBCD9FFFFFFFFFFFC8FFF0003BD162DE143728940A3634C
0ED6AF267BCD8379400EA25C178450BA3BBBD9FFFFFFFFFFFC7FFF0003B7162DE143728A40A36364
0ED6B3267BD18379500EA25C178451BA2BBBDA3FFFFFFFFFFC7FFF0003BD162DE243728A40A3537C
0ED6B3267BD783793C0EA261178455BA1BBBDA4FFFFFFFFFFC8FFF0003BA162DE243728A40A35394
0ED6B1267BD183791C0EA261178453BA1BBBD9EFFFFFFFFFFC7FFF0003AF162DE243728A40A353AC
0ED6AF267BCA8379240EA25F178450BA2BBBD9CFFFFFFFFFFC7FFF0003B9162DE343728A40A353C4
0ED6AA267BCA83793C0EA25617844BBA3BBBD9EFFFFFFFFFFC9FFF0003BD162DE343728A40A353DC
0ED6AC267BC983793E0EA25817844DBA3BBBDA4FFFFFFFFFFC8FFF0003C0162DE343728A40A353F4
0ED6A8267BC18379350EA257178449BA3BBCDA3FFFFFFFFFFC8FFF0003BF162DE443728A40A3530C
0ED6AC267BC68379300EA25817844BBA3BBCDA2FFFFFFFFFFC8FFF0003B6162DE443728A40A35324
0ED6AC267BCA83792A0EA25A17844BBA2BBCDA1FFFFFFFFFFC8FFF0003B8162DE443728A40A3533C
0ED6B4267BD38379260EA260178452BA2BBCDA0FFFFFFFFFFC8FFF0003BC162DE443728B40A35354
0ED6B4267BD58379320EA261178453BA2BBDDA1FFFFFFFFFFC8FFF0003B4162DE543728B40A3536C
0ED6B5267BD68379390EA261178452BA1BBCDA5FFFFFFFFFFC8FFF0003B5162DE543728B40A35384
0ED6B6267BD48379370EA265178456BA2BBDDA6FFFFFFFFFFC8FFF0003BE162DE543728B40A3539C
0ED6AE267BCA8379360EA25C17844EBA2BBDDA8FFFFFFFFFFC8FFF0003BE162DE643728B40A353B4
0ED6AB267BC48379290EA25917844BBA2BBDDA6FFFFFFFFFFC7FFF0003BD162DE643728B40A353CC
0ED6B0267BCE8379270EA25C17844EBA3BBCDA5FFFFFFFFFFC7FFF0003B4162DE643728B40A353E4
0ED6AC267BC683792D0EA25D17844EBA1BBBDA7FFFFFFFFFFC7FFF0003BE162DE743728B40A343FC
0ED6AA267BC783792F0EA25817844BBA1BBBDA8FFFFFFFFFFC9FFF0003BF162DE743728B40A35314
0ED6A8267BC28379370EA25617844ABA1BBBDACFFFFFFFFFFC9FFF0003B6162DE743728B40A3532C
0ED6A7267BC583793F0EA254178449BA1BBBDAFFFFFFFFFFFC9FFF0003C0162DE743728B40A34344
0ED6AA267BC38379350EA25517844ABA1BBBDB0FFFFFFFFFFC8FFF0003C0162DE843728C40A3435C
0ED6AD267BC78379230EA25717844ABA1BBBDADFFFFFFFFFFC8FFF0003B5162DE843728C40A34374
0ED6AB267BC28379150EA25A17844ABA2BBBDA9FFFFFFFFFFC8FFF0003BC162DE843728C40A3438C
0ED6A9267BC88379250EA25617844ABA2BBBDA8FFFFFFFFFFC8FFF0003BD162DE943728C40A343A4
0ED6A9267BC283793D0EA25417844ABA2BBBDADFFFFFFFFFFC9FFF0003BF162DE943728C40A333BC
0ED6AB267BC48379320EA25917844EBA1BBBDB1FFFFFFFFFFC9FFF0003C3162DE943728C40A333D4
0ED6A8267BC183791C0EA25917844ABA2BBBDAEFFFFFFFFFFC9FFF0003BA162DEA43728C40A333EC
0ED6A7267BBA83791A0EA253178446BA1BBBDAAFFFFFFFFFFC8FFF0003C3162DEA43728C40A33304
0ED6A9267BBE8379250EA255178448BA0BBBDAAFFFFFFFFFFC8FFF0003B7162DEA43728C40A3431C
0ED6A7267BBD83791F0EA255178448BA1BBBDACFFFFFFFFFFC9FFF0003BE162DEB43728D40A33334
0ED6A6267BBD8379150EA255178445BA1BBBDAAFFFFFFFFFFC8FFF0003BF162DEB43728D40A3334C
0ED6AD267BC683791E0EA258178449BA1BBADACFFFFFFFFFFC8FFF0003C3162DEB43728D40A33364
0ED6AC267BC68379200EA25A17844CBA1BBADADFFFFFFFFFFC8FFF0003B4162DEC43728D40A3337C
0ED6B5267BD08379180EA25F178450BA2BBBDAEFFFFFFFFFFC7FFF0003C4162DEC43728D40A33394
0ED6BB267BDF8379060EA268178457BA2BBADADFFFFFFFFFFC8FFF0003C1162DEC43728D40A323AC
0ED6C4267BE48379050EA26F17845CBA2BBBDAAFFFFFFFFFFC9FFF0003BF162DED43728D40A333C4
0ED6B9267BD78379210EA265178457BA1BBBDADFFFFFFFFFFC8FFF0003C2162DED43728D40A313DC
0ED6B2267BCC8379280EA260178451BA0BBBDB4FFFFFFFFFFC8FFF0003C3162DED43728D40A313F4
0ED6B1267BCC8379110EA25D178450BA0BBCDB3FFFFFFFFFFC8FFF000331162DED43728D40A3230C
0ED6B3267BCE8378FB0EA266178454BA0BBCDAEFFFFFFFFFFCAFFF000352162DEE43728D40A31324
0ED6AF267BC28378F90EA26217844FBA0BBBDA9FFFFFFFFFFC8FFF0003BF162DEE43728E40A3133C
0ED6AE267BC88379060EA25B17844ABA1BBBDAAFFFFFFFFFFC8FFF0003C3162DEE43728E40A31354
0ED6AB267BBE8379110EA258178449BA2BBBDADFFFFFFFFFFC9FFF0003BD162DEF43728E40A3136C
0ED6AD267BC58379170EA25917844CBA2BBBDB1FFFFFFFFFFC8FFF0003B4162DEF43728E40A31384
0ED6BD267BDB8379130EA269178459BA1BBBDB3FFFFFFFFFFC8FFF00036C162DEF43728E40A3139C
0ED6BB267BD98379060EA26A178458BA0BBCDB1FFFFFFFFFFC8FFF00035C162DF043728E40A313B4
0ED6C1267BE18378F40EA26D17845ABA0BBCDAEFFFFFFFFFFC9FFF0003B9162DF043728E40A313CC
0ED6D3267BFD8378EE0EA27E178469BA0BBCDABFFFFFFFFFFC9FFF0003B1162DF043728E40A313E4
0ED6F0267C2A8379040EA29017847BBA0BBCDADFFFFFFFFFFC8FFF0003C3162DF143728E40A303FC
0ED6FE267C3C8379160EA2A917848FBA1BBDDB3FFFFFFFFFFC8FFF0003B4162DF143728E40A31314
0ED6EC267C2583790F0EA29B178482BA1BBCDB5FFFFFFFFFFC8FFF00027A162DF143728E40A3032C
0ED6E9267C1E8378FD0EA29717847DBA1BBBDB4FFFFFFFFFFC8FFF0001BE162DF243728F40A30344
0ED6ED267C218378EB0EA29817847DBA0BBBDAFFFFFFFFFFFC8FFF00029A162DF243728F40A3035C
0ED6F1267C278378EB0EA29C17847FBA1BBBDAEFFFFFFFFFFC7FFF000319162DF243728F40A30374
0ED6F2267C2B8378F20EA29F178483BA2BBBDAEFFFFFFFFFFC7FFF00028A162DF343728F40A3038C
0ED6F6267C328378F00EA2A1178486BA3BBBDAFFFFFFFFFFFC8FFF0002C8162DF343728F40A303A4
0ED6F6267C318378FC0EA2A2178488BA3BBBDB2FFFFFFFFFFC8FFF0002DD162DF343728F40A303BC
0ED6F2267C2E83790B0EA29C178483BA3BBBDB7FFFFFFFFFFC7FFF0001DF162DF343728F40A2F3D4
0ED6F5267C328378FA0EA2A0178487BA4BBADB9FFFFFFFFFFC8FFF000176162DF443728F40A2F3EC
0ED6F6267C318378DB0EA2A4178486BA3BBADB5FFFFFFFFFFC8FFF00017E162DF443728F40A30304
0ED6F6267C308378D50EA2A3178486BA3BBADAFFFFFFFFFFFC8FFF00025B162DF443729040A2F31C
0ED6F5267C2C8378E50EA2A2178485BA2BBBDB1FFFFFFFFFFC8FFF000326162DF543729040A2F334
0ED6F5267C2F8378EB0EA29F178484BA2BBBDB1FFFFFFFFFFC8FFF000222162DF543729040A2F34C
0ED6F5267C2E8378F60EA2A0178487BA3BBBDB4FFFFFFFFFFC8FFF00018C162DF543729040A2F364
0ED6EE267C268379020EA29A178482BA3BBCDBAFFFFFFFFFFC9FFF000182162DF643729040A2F37C
0ED6E9267C208378E10EA29817847FBA3BBCDB9FFFFFFFFFFC9FFF000183162DF643729040A2F394
0ED6F1267C278378BE0EA29D178481BA2BBCDB2FFFFFFFFFFC9FFF000302162DF643729040A2E3AC
0ED6F0267C268378D30EA29C178481BA1BBCDAEFFFFFFFFFFC9FFF0003C2162DF743729040A2E3C4
0ED6F4267C2C8378EF0EA29E178483BA1BBCDB4FFFFFFFFFFC8FFF000302162DF743729040A2D3DC
0ED6F6267C2F8378E20EA2A0178485BA0BBCDB7FFFFFFFFFFC8FFF00018E162DF743729040A2E3F4
0ED6FA267C368378C30EA2A9178489BA1BBBDB2FFFFFFFFFFC7FFF00018C162DF843729140A2D30C
0ED6FD267C368378BA0EA2AB17848ABA0BBBDACFFFFFFFFFFC7FFF00033A162DF843729140A2E324
0ED6FC267C358378CA0EA2A8178489B9FBBBDAEFFFFFFFFFFC7FFF0003C4162DF843729140A2E33C
0ED6F6267C2E8378D00EA2A3178485BA0BBBDB1FFFFFFFFFFC7FFF0003C9162DF843729140A2D354
0ED6F7267C2F8378D10EA2A3178485BA1BBBDB2FFFFFFFFFFC8FFF0002DE162DF943729140A2D36C
0ED6FF267C388378C00EA2A917848CBA1BBBDB1FFFFFFFFFFC8FFF0001AA162DF943729140A2D384
0ED6FE267C368378A00EA2A9178489BA1BBADABFFFFFFFFFFC8FFF000336162DFA43729140A2D39C
0ED700267C3A8378A80EA2AB17848BBA1BBBDA8FFFFFFFFFFC7FFF0003C5162DFA43729140A2D3B4
0ED705267C438378C10EA2AF17848EBA1BBCDABFFFFFFFFFFC7FFF0003C9162DFA43729140A2D3CC
0ED705267C408378B90EA2B1178490BA2BBCDAFFFFFFFFFFFC8FFF0003C3162DFA43729140A2D3E4
0ED6FD267C368378A90EA2AB17848CBA2BBDDAEFFFFFFFFFFC8FFF0003AB162DFB43729240A2D3FC
0ED700267C358378A40EA2AC17848BBA1BBCDABFFFFFFFFFFC8FFF0003C8162DFB43729240A2D314
0ED6FF267C398378A00EA2AD17848BBA2BBBDAAFFFFFFFFFFC8FFF0003B8162DFB43729240A2C32C
0ED702267C3B8378960EA2AF17848CBA1BBBDA7FFFFFFFFFFC8FFF0003C6162DFC43729240A2C344
0ED701267C3B8378920EA2AD17848ABA2BBBDA6FFFFFFFFFFC8FFF0003BF162DFC43729240A2D35C
0ED704267C3C8378980EA2AE17848CBA2BBBDA9FFFFFFFFFFC8FFF0003CA162DFC43729240A2C374
0ED70A267C488378A70EA2B2178492BA2BBBDACFFFFFFFFFFC8FFF0003C3162DFD43729240A2C38C
0ED717267C5C8378B10EA2C41784A1BA3BBCDB1FFFFFFFFFFC8FFF0003C3162DFD43729240A2C3A4
0ED727267C7A8378980EA2D01784AABA3BBDDB0FFFFFFFFFFC8FFF0003C9162DFD43729240A2C3BC
0ED72A267C788378650EA2D51784A9BA3BBCDA6FFFFFFFFFFC8FFF0003BC162DFE43729240A2B3D4
0ED736267C898378650EA2D81784AFBA2BBCD9FFFFFFFFFFFC9FFF0003C4162DFE43729340A2C3EC
0ED71C267C668378900EA2CD1784A8BA2BBBDA2FFFFFFFFFFC8FFF0003BF162DFE43729340A2B304
0ED718267C5C8378A00EA2C21784A0BA1BBBDABFFFFFFFFFFC7FFF0003CB162DFF43729340A2B31C
0ED718267C5D8378840EA2C91784A1BA1BBCDABFFFFFFFFFFC8FFF0003CB162DFF43729340A2B334
0ED719267C5A8378640EA2C417849BBA1BBCDA6FFFFFFFFFFC9FFF0003C7162DFF43729340A2B34C
0ED71B267C5F8378640EA2CB1784A0BA0BBBDA2FFFFFFFFFFC8FFF0003C7162E0043729340A2B364
0ED718267C598378770EA2C317849CBA0BBBDA3FFFFFFFFFFC8FFF0003CA162E0043729340A2B37C
0ED70E267C4A8378740EA2BA178494BA0BBBDA3FFFFFFFFFFC8FFF0003CA162E0043729340A2B394
0ED70E267C4783786A0EA2BA178493BA1BBBDA3FFFFFFFFFFC6FFF0003CA162E0143729340A2B3AC
0ED72B267C788378720EA2CE1784A6BA1BBBDA5FFFFFFFFFFC9FFF0003CA162E0143729340A2B3C4
0ED732267C808378750EA2DF17847EBA0BBADA8FFFFFFFFFFC8FFF0003C2162E0143729440A2B3DC
0ED737267C8B8378680EA2DE1784B3BA0BBADA6FFFFFFFFFFC9FFF0003C1162E0243729440A293F4
0ED739267C8F8378600EA2EB1784BABA0BBBDA4FFFFFFFFFFC8FFF0003C7162E0243729440A2A30C
0ED746267CA283786C0EA2E91784BDBA1BBBDA5FFFFFFFFFFC8FFF0003CA162E0243729440A2A324
0ED74E267CAF8378750EA2F81784CABA1BBBDA7FFFFFFFFFFC9FFF0003BB162E0243729440A2A33C
0ED752267CB683786C0EA2FD1784D0BA1BBADA7FFFFFFFFFFC7FFF0003CD162E0343729440A29354
0ED779267CF183785D0EA3201784E9BA2BBADA6FFFFFFFFFFC7FFF0003CA162E0343729440A2936C
0ED774267CE48378590EA3201784E7BA3BBBDA3FFFFFFFFFFC8FFF0003C8162E0343729440A29384
0ED777267CEB8378660EA3261784EFBA3BBBDA4FFFFFFFFFFC8FFF0003C9162E0443729440A2939C
0ED77B267CF583786F0EA3271784F0BA2BBBDA6FFFFFFFFFFC8FFF0003C2162E0443729440A293B4
0ED766267CD183786A0EA3121784DFBA2BBBDAAFFFFFFFFFFC8FFF0003CB162E0443729540A293CC
0ED771267CE08378620EA3191784E4BA2BBBDABFFFFFFFFFFC8FFF0003C7162E0543729540A293E4
0ED771267CE28378570EA31C1784E6BA2BBADA9FFFFFFFFFFC8FFF0003C6162E0543729540A293FC
0ED773267CE28378550EA31E1784E6BA2BBBDA7FFFFFFFFFFC8FFF0003C8162E0543729540A29314
0ED776267CEA83785D0EA3221784ECBA2BBBDA9FFFFFFFFFFC8FFF0003C8162E0643729540A2932C
0ED776267CE88378640EA3231784EDBA1BBADACFFFFFFFFFFC8FFF0003B7162E0643729540A29344
0ED76E267CDE83786A0EA31C1784E7BA1BBBDAEFFFFFFFFFFC7FFF0003C3162E0643729540A2935C
0ED759267CBB8378690EA30B1784DABA1BBBDB2FFFFFFFFFFC8FFF0003CB162E0743729540A29374
0ED74F267CAE8378630EA2FB1784CABA0BBBDB1FFFFFFFFFFC8FFF0003CA162E0743729540A2838C
0ED756267CB98378560EA3001784D0BA1BBADB0FFFFFFFFFFC8FFF0003C8162E0743729540A283A4
0ED75D267CC58378410EA30C1784D7BA2BBADAAFFFFFFFFFFC8FFF0003BF162E0843729540A283BC
0ED756267CBD83784F0EA3071784D6BA2BBADA9FFFFFFFFFFC8FFF0003BF162E0843729640A283D4
0ED74F267CB38378770EA3001784CFBA2BBBDB1FFFFFFFFFFC7FFF0003CC162E0843729640A283EC
0ED74D267CB38378660EA2FE1784D0BA2BBBDB7FFFFFFFFFFC7FFF0003CB162E0843729640A28304
0ED744267CA28378390EA2F91784C6BA3BBCDB0FFFFFFFFFFC9FFF0003C9162E0943729640A2831C
0ED743267C9D8378460EA2F61784C6BA3BBCDAAFFFFFFFFFFC9FFF0003C1162E0943729640A28334
0ED746267CA28378620EA2F31784C5BA3BBCDAEFFFFFFFFFFC7FFF0003CC162E0943729640A2734C
0ED74D267CB08378570EA2F71784CABA2BBCDB3FFFFFFFFFFC8FFF0003CC162E0A43729640A27364
0ED752267CB583783D0EA3001784CCBA2BBCDAEFFFFFFFFFFC8FFF0003C0162E0A43729640A2737C
0ED75C267CC183782F0EA3061784D2BA3BBBDA9FFFFFFFFFFC8FFF0003C8162E0A43729640A27394
0ED766267CCF8378370EA3121784DBBA2BBBDA9FFFFFFFFFFC8FFF0003CA162E0B43729640A273AC
0ED75B267CC283784A0EA3071784D5BA2BBBDACFFFFFFFFFFC7FFF0003C3162E0B43729740A273C4
0ED77D267CF88378540EA32A1784F1BA1BBADB1FFFFFFFFFFC7FFF0003C9162E0B43729740A263DC
0ED766267CD183784F0EA3161784E2BA1BBADB4FFFFFFFFFFC7FFF0003D0162E0C43729740A263F4
0ED7A2267D2F8378360EA35817851ABA2BBBDB1FFFFFFFFFFC8FFF0003CC162E0C43729740A2530C
0ED7F1267DA483781B0EA39F178550BA2BBBDAAFFFFFFFFFFC8FFF0003C5162E0C43729740A25324
0ED7F3267DAD83781B0EA39D17854FBA2BBADA6FFFFFFFFFFC7FFF0003BB162E0D43729740A2633C
0ED7F4267DA98378300EA39F178554BA2BBBDA7FFFFFFFFFFC8FFF0003CB162E0D43729740A25354
0ED7E9267D9B8378490EA39517854DBA2BBBDACFFFFFFFFFFC9FFF0003C0162E0D43729740A2536C
0ED7DF267D8E8378480EA390178548BA2BBBDB2FFFFFFFFFFC9FFF0003D3162E0E43729740A25384
0ED7F7267DB183781F0EA3A6178558BA1BBBDB0FFFFFFFFFFC8FFF0003CD162E0E43729740A2539C
0ED801267DC18377FE0EA3B3178562BA2BBCDA8FFFFFFFFFFC8FFF0003C6162E0E43729840A253B4
0ED7F9267DB083780A0EA3AA17855BBA3BBCDA3FFFFFFFFFFC7FFF0003C6162E0E43729840A253CC
0ED7CF267D728378220EA382178539BA2BBBDA6FFFFFFFFFFC8FFF0003B9162E0F43729840A253E4
0ED7C8267D648378280EA37517852FBA2BBBDACFFFFFFFFFFC9FFF0003CF162E0F43729840A253FC
0ED7C4267D6383781E0EA37317852EBA1BBBDACFFFFFFFFFFC8FFF0003D0162E0F43729840A25314
0ED7CD267D6B8378060EA37D178534BA1BBBDA9FFFFFFFFFFC8FFF0003CC162E1043729840A2532C
0ED7EF267D9F8377F70EA39917854ABA1BBBDA4FFFFFFFFFFC9FFF0003C9162E1043729840A25344
0ED7DE267D848378000EA397178548BA1BBBDA1FFFFFFFFFFC9FFF0003CA162E1043729840A2535C
0ED7BE267D5683780C0EA36E178528BA1BBCDA4FFFFFFFFFFC9FFF0003C4162E1143729840A24374
0ED7C3267D5A83780E0EA37317852EBA1BBCDA7FFFFFFFFFFC9FFF0003CE162E1143729840A2538C
0ED7C9267D678377FB0EA377178530BA2BBCDA7FFFFFFFFFFC8FFF0003CE162E1143729840A243A4
0ED7DF267D848377F10EA38817853BBA2BBBDA4FFFFFFFFFFC9FFF0003C3162E1243729940A243BC
0ED7F3267DA58377FA0EA3A1178553BA2BBBDA3FFFFFFFFFFC8FFF0003CB162E1243729940A243D4
0ED83A267E158377FA0EA3D417857FBA1BBBDA6FFFFFFFFFFC6FFF0003CB162E1243729940A243EC
0ED87B267E768377F70EA4201785BCBA2BBBDA6FFFFFFFFFFC7FFF0003C5162E1343729940A24304
0ED893267E9A8377F40EA4391785D3BA1BBBDA3FFFFFFFFFFC8FFF0003CB162E1343729940A2431C
0ED8AC267EBD8377F10EA4541785E8BA2BBBDA3FFFFFFFFFFC7FFF0003C2162E1343729940A23334
0ED8AB267EBE8377E90EA4531785E7BA2BBBDA3FFFFFFFFFFC7FFF0003C3162E1443729940A2334C
0ED8A9267EBC8377F00EA4551785EABA0BBBDA4FFFFFFFFFFC8FFF0003CD162E1443729940A23364
0ED8A8267EBE8378010EA4511785E7BA0BBBDA9FFFFFFFFFFC9FFF0003CE162E1443729940A2337C
0ED8AF267EC58377EC0EA45D1785F3B9FBBBDABFFFFFFFFFFC9FFF0003CD162E1443729940A23394
0ED8BF267EDD8377CC0EA4661785F6BA0BBADA4FFFFFFFFFFC8FFF0003C1162E1543729940A223AC
0ED8BC267ED88377D00EA4661785F6BA0BBAD9FFFFFFFFFFFC8FFF0003C8162E1543729A40A233C4
0ED8A6267EB88377EE0EA4501785E5BA0BBBDA2FFFFFFFFFFC8FFF0003CB162E1543729A40A223DC
0ED8A5267EB58377EA0EA4511785E7B9FBBBDA6FFFFFFFFFFC8FFF0003C5162E1643729A40A233F4
0ED8B5267ECE8377D30EA4681785F7BA0BBBDA2FFFFFFFFFFC8FFF0003CE162E1643729A40A2130C
0ED8AC267EBD8377D50EA4601785F1BA0BBBDA2FFFFFFFFFFC8FFF0003CD162E1643729A40A22324
0ED840267E178377DD0EA4041785A2BA1BBBDA5FFFFFFFFFFC8FFF0003C3162E1743729A40A2233C
0ED836267E118377D00EA3DD178585BA2BBADA6FFFFFFFFFFC8FFF0003C2162E1743729A40A21354
0ED8A3267EAE8377CA0EA44B1785DFBA3BBADA3FFFFFFFFFFC8FFF0003CB162E1743729A40A2136C
0ED869267E548377CF0EA44A1785DABA3BBBDA1FFFFFFFFFFC8FFF0003CB162E1843729A40A22384
0ED820267DE58377D40EA3DA178582BA2BBBDA1FFFFFFFFFFC8FFF0003C3162E1843729A40A2139C
0ED814267DD88377DA0EA3CF178578BA2BBBDA6FFFFFFFFFFC6FFF0003CE162E1843729B40A213B4
0ED83A267E0F8377D60EA3DF178589BA2BBBDA8FFFFFFFFFFC9FFF0003C7162E1943729B40A213CC
0ED8A0267EA98377C40EA44A1785DFBA1BBBDA6FFFFFFFFFFC8FFF0003CE162E1943729B40A213E4
0ED8BC267ED38377CB0EA45F1785F1BA1BBBDA5FFFFFFFFFFC8FFF0003C3162E1943729B40A213FC
0ED8AF267EC78377DA0EA4591785EDBA1BBADA9FFFFFFFFFFC7FFF0003CD162E1943729B40A21314
0ED8B5267ECB8377CB0EA45C1785F1BA0BBADAAFFFFFFFFFFC7FFF0003C3162E1A43729B40A2132C
0ED8B9267ED08377B90EA4691785F8BA0BBADA6FFFFFFFFFFC8FFF0003CB162E1A43729B40A21344
0ED8B3267EC78377BE0EA45F1785F0BA1BBBDA3FFFFFFFFFFC8FFF0003CB162E1A43729B40A2135C
0ED8B2267ECA8377C60EA4581785ECBA1BBBDA5FFFFFFFFFFC8FFF0003CC162E1B43729B40A20374
0ED8CD267EF08377C80EA46F1785FFBA0BBADA7FFFFFFFFFFC8FFF0003C6162E1B43729C40A2038C
0ED8D5267EFA8377CA0EA47B178608BA0BBADAAFFFFFFFFFFC7FFF0003D0162E1B43729C40A213A4
0ED8D8267F048377C30EA48217860EB9FBBADAAFFFFFFFFFFC7FFF0003CD162E1C43729C40A203BC
0ED8CF267EF08377B90EA47B178608B9FBBADA8FFFFFFFFFFC7FFF0003C2162E1C43729C40A203D4
0ED8D9267EFF8377B60EA48117860CB9FBBADA8FFFFFFFFFFC7FFF0003CB162E1C43729C40A1F3EC
0ED8E6267F168377B90EA48E178615B9FBBADA7FFFFFFFFFFC7FFF0003CC162E1D43729C40A20304
0ED8B1267EC48377C50EA46B1785F9B9FBBBDA9FFFFFFFFFFC6FFF0003CD162E1D43729C40A1F31C
0ED894267E998377CA0EA4421785DBB9FBBBDADFFFFFFFFFFC7FFF0003C6162E1D43729C40A20334
0ED896267E9C8377B70EA43F1785D7B9FBBBDACFFFFFFFFFFC8FFF0003CC162E1E43729C40A1F34C
0ED894267E958377A20EA4401785D4B9FBBBDA5FFFFFFFFFFC8FFF0003CA162E1E43729D40A1F364
0ED885267E818377AA0EA4351785CDBA0BBBDA5FFFFFFFFFFC7FFF0003C3162E1E43729D40A1F37C
0ED878267E6E8377C90EA4241785C3BA1BBADA9FFFFFFFFFFC7FFF0003C6162E1F43729D40A1F394
0ED88F267E918377CF0EA4361785CFBA1BBBDAFFFFFFFFFFFC7FFF0003CE162E1F43729D40A1F3AC
0ED889267E8983779F0EA4371785CEBA0BBADACFFFFFFFFFFC8FFF000383162E1F43729D40A1F3C4
0ED88E267E898377790EA4381785CABA0BBAD9FFFFFFFFFFFC9FFF0003B1162E2043729D40A1E3DC
0ED88D267E8983778E0EA4381785CEBA0BBAD9EFFFFFFFFFFC8FFF0003CA162E2043729D40A1E3F4
0ED88E267E8F8377AD0EA4381785D0BA0BBADA3FFFFFFFFFFC8FFF0003BC162E2043729D40A1D30C
0ED881267E788377AA0EA4321785CAB9FBBADA9FFFFFFFFFFC8FFF0003CA162E2143729D40A1D324
0ED85A267E398377960EA4111785AEB9EBBADA8FFFFFFFFFFC8FFF00027A162E2143729D40A1E33C
0ED891267E8D8377860EA42C1785C3B9FBBBDA4FFFFFFFFFFC8FFF0001B1162E2143729E40A1D354
0ED8A9267EB483777A0EA44E1785DEBA1BBAD9FFFFFFFFFFFC8FFF0002EF162E2243729E40A1D36C
0ED8B1267EBB83777A0EA45C1785E8BA1BBBD9DFFFFFFFFFFC8FFF0003C7162E2243729E40A1D384
0ED88E267E8B83778B0EA4431785D6BA1BBBD9FFFFFFFFFFFC8FFF0003CA162E2243729E40A1D39C
0ED883267E7C8377A00EA4281785C1BA0BBBDA6FFFFFFFFFFC7FFF00029D162E2243729E40A1D3B4
0ED89F267EA583778C0EA4451785DABA0BBBDA6FFFFFFFFFFC7FFF000186162E2343729E40A1D3CC
0ED894267E928377720EA4361785C9BA0BBADA2FFFFFFFFFFC8FFF000182162E2343729E40A1D3E4
0ED898267E8F83776A0EA4411785D1BA1BBAD9DFFFFFFFFFFC9FFF0001C0162E2343729E40A1D3FC
0ED89D267E9D8377680EA4441785D5BA0BBAD9BFFFFFFFFFFC7FFF000226162E2443729F40A1C314
0ED866267E468377730EA42C1785C1BA0BBAD9AFFFFFFFFFFC8FFF0002B8162E2443729F40A1C32C
0ED851267E2983777E0EA4051785A0BA1BBAD9FFFFFFFFFFFC9FFF000264162E2443729F40A1D344
0ED85A267E328377730EA4081785A4BA1BBBDA2FFFFFFFFFFC7FFF00018E162E2543729F40A1C35C
0ED871267E5883776C0EA4151785ADBA1BBBDA1FFFFFFFFFFC7FFF000171162E2543729F40A1C374
0ED8AD267EB48377690EA4441785D6BA1BBBD9FFFFFFFFFFFC7FFF000182162E2543729F40A1C38C
0ED8CF267EE58377680EA47B178602BA0BBAD9FFFFFFFFFFFC7FFF000178162E2643729F40A1C3A4
0ED8C1267ED383775E0EA46C1785F6B9FBBAD9CFFFFFFFFFFC7FFF000180162E2643729F40A1C3BC
0ED8D0267EE783774F0EA4771785FCBA0BBAD97FFFFFFFFFFC8FFF00017F162E2643729F40A1C3D4
0ED8B4267EBE8377550EA4671785F2BA0BBAD99FFFFFFFFFFC8FFF000177162E2743729F40A1B3EC
0ED8B0267EB48377640EA4581785E5BA0BBAD9CFFFFFFFFFFC8FFF000189162E274372A040A1C304
0ED8A9267EAD8377620EA4501785E0BA0BBADA0FFFFFFFFFFC8FFF000195162E274372A040A1C31C
0ED8AA267EB08377570EA4541785E2BA0BBADA0FFFFFFFFFFC8FFF00019F162E284372A040A1B334
0ED8BF267ECD8377550EA4631785EDBA2BBAD9FFFFFFFFFFFC8FFF0001AB162E284372A040A1B34C
0ED8C8267EDB8377550EA4701785F9BA1BBAD9FFFFFFFFFFFC7FFF0001ED162E284372A040A1B364
0ED8BE267ECC8377480EA4691785F2BA0BB9D9DFFFFFFFFFFC7FFF0001D9162E284372A040A1B37C
0ED8CD267EE08377480EA4721785F9BA1BB9D9BFFFFFFFFFFC7FFF0001A1162E294372A040A1B394
0ED8CE267EE58377570EA4731785FDBA1BB9D9EFFFFFFFFFFC7FFF00018B162E294372A040A1B3AC
0ED8CE267EE383775E0EA477178600B9FBB9DA2FFFFFFFFFFC7FFF0001AB162E294372A040A1A3C4
0ED8CC267EE48377500EA4701785F9B9FBBADA2FFFFFFFFFFC7FFF0001DF162E2A4372A040A1A3DC
0ED8D2267EE78377520EA47B178603B9FBBADA2FFFFFFFFFFC8FFF0001F8162E2A4372A140A1A3F4
0ED8C6267ED68377560EA4711785FAB9FBBADA3FFFFFFFFFFC8FFF000194162E2A4372A140A1930C
0ED8A2267E9D83774E0EA44F1785DEB9EBBADA2FFFFFFFFFFC8FFF000181162E2B4372A140A19324
0ED8AA267EAD83774D0EA4541785E1B9EBB9DA1FFFFFFFFFFC8FFF00019F162E2B4372A140A1A33C
0ED8BC267EC68377420EA46A1785F5B9FBBAD9EFFFFFFFFFFC8FFF00022F162E2B4372A140A19354
0ED8A0267E978377400EA4551785E1BA0BBAD9EFFFFFFFFFFC9FFF0001A3162E2C4372A140A1936C
0ED88C267E8383775F0EA4381785CCBA0BBBDA1FFFFFFFFFFC8FFF000221162E2C4372A140A19384
0ED88D267E8183776F0EA4371785CABA0BBADA9FFFFFFFFFFC8FFF0001E9162E2C4372A140A1939C
0ED885267E778377580EA4351785CABA0BBADABFFFFFFFFFFC6FFF0001C4162E2C4372A140A193B4
0ED88C267E7C8377360EA43F1785CEBA0BBADA6FFFFFFFFFFC6FFF000232162E2D4372A240A193CC
0ED8A0267E988377270EA43E1785CCB9FBBAD9FFFFFFFFFFFC7FFF000195162E2D4372A240A193E4
0ED8C4267ED58377350EA4651785EFB9FBBAD9DFFFFFFFFFFC8FFF0002CE162E2D4372A240A193FC
0ED8BE267ECC8377510EA4691785F4B9FBBADA2FFFFFFFFFFC8FFF000338162E2E4372A240A19314
0ED8B5267EBC8377550EA4631785EEB9FBBBDA8FFFFFFFFFFC8FFF0001CC162E2E4372A240A1832C
0ED8CE267EDE8377430EA4731785FBBA1BBADA9FFFFFFFFFFC9FFF000196162E2E4372A240A18344
0ED8D5267EEC8377360EA47F178602BA0BBADA4FFFFFFFFFFC9FFF000193162E2F4372A240A1835C
0ED8D0267EE38377270EA4781785FFBA0BBADA1FFFFFFFFFFC9FFF000183162E2F4372A240A18374
0ED8D0267EE483771F0EA47A1785FFBA1BBAD9EFFFFFFFFFFC8FFF0001B8162E2F4372A240A1838C
0ED8D2267EEB83773C0EA47A178602BA1BBADA0FFFFFFFFFFC9FFF000202162E2F4372A240A183A4
0ED8C5267ED48377560EA4721785FBBA0BBADA8FFFFFFFFFFC8FFF000193162E304372A240A183BC
0ED8CB267EDF83773F0EA477178600BA1BBADADFFFFFFFFFFC8FFF00018C162E304372A340A183D4
0ED8CE267EE08377210EA4781785FDBA1BBBDA6FFFFFFFFFFC8FFF000190162E304372A340A183EC
0ED8C0267EC783772A0EA4721785F8BA1BBBDA2FFFFFFFFFFC8FFF0001E2162E314372A340A17304
0ED8C0267ECC8377370EA4661785EFBA1BBBDA4FFFFFFFFFFC8FFF000258162E314372A340A1731C
0ED8C2267ECE8377380EA46E1785F4BA0BBADA7FFFFFFFFFFC8FFF0001A6162E314372A340A17334
0ED8CD267EDD8377390EA46F1785F6BA0BBBDA7FFFFFFFFFFC8FFF000186162E324372A340A1734C
0ED8D3267EE78377380EA47D178603BA0BBBDA8FFFFFFFFFFC7FFF000185162E324372A340A16364
0ED8D1267EE38377330EA4731785FBBA1BBBDA8FFFFFFFFFFC7FFF0001E4162E324372A340A1637C
0ED8C1267ECF83773A0EA4721785F9BA1BBBDA8FFFFFFFFFFC7FFF0002EE162E324372A340A17394
0ED8AE267EB083774A0EA45D1785E7BA1BBBDABFFFFFFFFFFC9FFF00021B162E334372A440A163AC
0ED89D267E9883774B0EA4481785D8BA1BBBDB0FFFFFFFFFFC9FFF000193162E334372A440A163C4
0ED88F267E7E83773D0EA43A1785CBBA1BBADAFFFFFFFFFFFC8FFF000202162E334372A440A163DC
0ED88B267E7A83772E0EA4361785C6BA1BB9DADFFFFFFFFFFC8FFF000197162E344372A440A163F4
0ED885267E6F8377340EA4311785C2BA1BB9DADFFFFFFFFFFC8FFF00020A162E344372A440A1630C
0ED885267E718377490EA42B1785BEBA1BBADB0FFFFFFFFFFC7FFF000224162E344372A440A15324
0ED883267E6F8377590EA42B1785BEBA0BBADB7FFFFFFFFFFC8FFF00018E162E354372A440A1533C
0ED87D267E6783775D0EA4281785BEB9FBBADBCFFFFFFFFFFC8FFF000182162E354372A440A15354
0ED891267E8583774A0EA4371785C9BA0BBADBAFFFFFFFFFFC8FFF0001CC162E354372A440A1536C
0ED895267E888377380EA4431785D3BA0BBADB5FFFFFFFFFFC8FFF000197162E354372A540A15384
0ED88D267E808377460EA43B1785CBBA0BBADB5FFFFFFFFFFC8FFF000180162E364372A540A1439C
0ED88B267E7B83774F0EA4331785C5BA0BBADB8FFFFFFFFFFC8FFF00017B162E364372A540A153B4
0ED87E267E658377490EA42B1785BDBA1BBBDB9FFFFFFFFFFC8FFF0001E5162E364372A540A153CC
0ED87B267E618377520EA42B1785C0BA1BBBDBBFFFFFFFFFFC8FFF0001F0162E374372A540A153E4
0ED867267E448377650EA4121785AABA0BBADC0FFFFFFFFFFC6FFF00018C162E374372A540A153FC
0ED870267E528377650EA4171785B0BA0BBBDC2FFFFFFFFFFC7FFF00018D162E374372A540A14314
0ED877267E5C83774F0EA4191785AFBA1BBADC0FFFFFFFFFFC8FFF0001E0162E384372A540A1432C
0ED889267E7683773E0EA4321785C2BA1BBADBFFFFFFFFFFFC8FFF00026C162E384372A540A14344
0ED886267E6F83774B0EA4301785C4BA1BB9DBDFFFFFFFFFFC8FFF000219162E384372A640A1435C
0ED87C267E658377660EA4281785BDB9FBB9DC2FFFFFFFFFFC8FFF000210162E384372A640A14374
0ED87C267E6183776C0EA4251785BCB9FBB9DC6FFFFFFFFFFC7FFF00024C162E394372A640A1438C
0ED871267E518377610EA41A1785B1B9FBBADC8FFFFFFFFFFC7FFF000253162E394372A640A143A4
0ED886267E708377580EA42C1785BEB9FBBADC7FFFFFFFFFFC8FFF0001C7162E394372A640A143BC
0ED888267E718377520EA4311785C2BA0BBADC2FFFFFFFFFFC8FFF000189162E3A4372A640A143D4
0ED875267E5C83775F0EA41C1785B1BA1BBADC5FFFFFFFFFFC9FFF000200162E3A4372A640A143EC
0ED875267E5A8377750EA4211785B7BA0BBADCBFFFFFFFFFFC7FFF0001E3162E3A4372A640A13304
0ED889267E7983776E0EA42A1785C1BA0BBADCEFFFFFFFFFFC7FFF000200162E3B4372A640A1331C
0ED892267E848377570EA4391785CABA0BBBDCAFFFFFFFFFFC8FFF0002AE162E3B4372A640A13334
0ED894267E8683774F0EA43C1785CCBA0BBBDC7FFFFFFFFFFC8FFF0001CE162E3B4372A640A1334C
0ED89A267E908377530EA4431785D3B9FBBBDC5FFFFFFFFFFC9FFF00018F162E3B4372A740A12364
0ED894267E858377620EA43E1785D1BA0BBADC9FFFFFFFFFFC9FFF00019D162E3C4372A740A1337C
0ED88C267E7D8377740EA43B1785CFB9FBBBDCFFFFFFFFFFFC8FFF000194162E3C4372A740A12394
0ED87C267E668377740EA4291785BFB9EBBBDD4FFFFFFFFFFC7FFF000194162E3C4372A740A123AC
0ED897267E8E83775F0EA4461785D6B9EBBBDD3FFFFFFFFFFC8FFF0002D3162E3D4372A740A123C4
0ED888267E7283774A0EA4351785C4B9FBBBDCDFFFFFFFFFFC8FFF00028F162E3D4372A740A113DC
0ED87A267E5C83774D0EA4331785C2B9FBBADC9FFFFFFFFFFC8FFF00019D162E3D4372A740A113F4
0ED884267E718377630EA4261785C0BA0BBADCDFFFFFFFFFFC9FFF000182162E3D4372A740A1130C
0ED86E267E4D8377700EA4291785BDBA0BBADD2FFFFFFFFFFC8FFF0001FB162E3E4372A740A11324
0ED87B267E608377690EA4321785C8B9FBBADD4FFFFFFFFFFC8FFF000194162E3E4372A740A1133C
0ED82E267DE983775F0EA3FA178595B9FBBADD4FFFFFFFFFFC8FFF0001E6162E3E4372A840A11354
0ED84B267E1C8377640EA3E6178587BA0BBADD5FFFFFFFFFFC8FFF00022C162E3F4372A840A1136C
0ED890267E848377610EA4331785C8BA0BBADD3FFFFFFFFFFC7FFF0001EF162E3F4372A840A10384
0ED89E267E9583775F0EA4461785D5BA1BBADD2FFFFFFFFFFC7FFF000328162E3F4372A840A1139C
0ED89A267E918377640EA4441785D4BA0BBADD6FFFFFFFFFFC8FFF000318162E404372A840A113B4
0ED896267E8C8377630EA4401785D2BA0BBADD7FFFFFFFFFFC8FFF000368162E404372A840A113CC
0ED898267E8C8377600EA4411785D2BA1BBADD8FFFFFFFFFFC9FFF000374162E404372A840A103E4
0ED896267E8B8377640EA4401785D1BA1BBBDD9FFFFFFFFFFC8FFF00032E162E404372A840A103FC
0ED88D267E7E8377680EA4361785C8BA1BBADDAFFFFFFFFFFC7FFF000267162E414372A840A11314
0ED89B267E8F8377610EA4421785D4BA2BBADDAFFFFFFFFFFC8FFF000215162E414372A940A1032C
0ED89C267E938377570EA4471785D4BA1BBADD7FFFFFFFFFFC8FFF000326162E414372A940A10344
0ED88F267E7F83775A0EA43B1785CCBA1BBADD3FFFFFFFFFFC8FFF000366162E424372A940A1035C
0ED89E267E968377670EA4431785D5BA0BBADD5FFFFFFFFFFC8FFF00036F162E424372A940A10374
0ED8A3267EA083776E0EA44E1785DEB9FBBADDAFFFFFFFFFFC8FFF00032B162E424372A940A1038C
0ED8B5267EBB8377680EA45A1785E8B9FBBADDBFFFFFFFFFFC7FFF0001BF162E434372A940A103A4
0ED8A6267EA383775C0EA4531785E1B9EBBADDAFFFFFFFFFFC8FFF000197162E434372A940A0F3BC
0ED8AF267EAE8377550EA4571785E4B9FBBADD7FFFFFFFFFFC7FFF0002C1162E434372A940A0F3D4
0ED8C8267ED583774B0EA4701785FABA0BBADD4FFFFFFFFFFC7FFF00038A162E444372A940A0F3EC
0ED8C2267ED083774E0EA46C1785F5BA0BBBDD3FFFFFFFFFFC8FFF000376162E444372AA40A0F304
0ED8D5267EE88377420EA47B178602BA1BBBDD0FFFFFFFFFFC8FFF00030C162E444372AA40A0F31C
0ED8DE267EF98377320EA48817860BBA1BBADCDFFFFFFFFFFC9FFF0001D0162E444372AA40A0F334
0ED8DE267EF783772C0EA48917860DBA1BBADCAFFFFFFFFFFC9FFF0001A7162E454372AA40A0E34C
0ED8E6267F038377250EA48F178612BA1BBADC7FFFFFFFFFFC9FFF0002A3162E454372AA40A0E364
0ED8FE267F2483770B0EA4A1178622BA1BBBDC1FFFFFFFFFFC7FFF00035E162E454372AA40A0E37C
0ED907267F338376F00EA4B117862BBA0BBBDB9FFFFFFFFFFC8FFF000331162E464372AA40A0E394
0ED902267F268376E60EA4AF178627BA0BBBDB4FFFFFFFFFFC7FFF000332162E464372AA40A0D3AC
0ED919267F488376DE0EA4C0178636B9FBBADB2FFFFFFFFFFC7FFF000322162E464372AA40A0D3C4
0ED90C267F348376DF0EA4B617862FB9FBBADB3FFFFFFFFFFC7FFF0002C5162E474372AA40A0D3DC
0ED91D267F4F8376DA0EA4C517863CB9FBBBDB5FFFFFFFFFFC8FFF00029A162E474372AB40A0E3F4
0ED92D267F668376C10EA4D4178646BA0BBADAFFFFFFFFFFFC8FFF0002CB162E474372AB40A0D30C
0ED930267F6983769F0EA4DB17864ABA1BBADA9FFFFFFFFFFC8FFF000308162E474372AB40A0D324
0ED93C267F788376870EA4E217864FBA0BBADA2FFFFFFFFFFC8FFF00032D162E484372AB40A0D33C
0ED93D267F768376880EA4E5178650B9FBBAD9CFFFFFFFFFFC8FFF000318162E484372AB40A0D354
0ED93A267F748376880EA4E117864FB9FBBAD9BFFFFFFFFFFC8FFF000308162E484372AB40A0D36C
0ED93F267F7A8376680EA4E517864FB9FBBAD98FFFFFFFFFFC9FFF000399162E494372AB40A0C384
0ED940267F7B8376460EA4E9178651B9FBBAD90FFFFFFFFFFC9FFF0003E2162E494372AB40A0C39C
0ED968267FB48376330EA50D17866FB9FBBAD88FFFFFFFFFFC8FFF0003DA162E494372AC40A0C3B4
0ED991267FEE8376260EA539178692BA0BB9D80FFFFFFFFFFC8FFF0003B1162E4A4372AC40A0C3CC
0ED9A92680128376170EA5511786A5BA0BB9D7BFFFFFFFFFFC7FFF00039A162E4A4372AC40A0C3E4
0ED9B326802283760F0EA55B1786B0BA0BB9D78FFFFFFFFFFC7FFF0003E4162E4A4372AC40A0C3FC
0ED9C82680418375FB0EA56C1786BFB9FBB9D75FFFFFFFFFFC8FFF0003EB162E4A4372AC40A0C314
0EDA0B2680A48375CE0EA5AA1786F1B9FBB9D6CFFFFFFFFFFC8FFF0003E6162E4B4372AC40A0C32C
0EDA462680FE83759D0EA5E8178720B9EBB9D5FFFFFFFFFFFC8FFF0003E2162E4B4372AC40A0C344
0EDA5826810D8375860EA60B17873AB9FBBAD54FFFFFFFFFFC8FFF0003DB162E4B4372AC40A0C35C
0EDA382680E18375830EA5DD178713BA0BBAD4AFFFFFFFFFFC8FFF0003EB162E4C4372AC40A0B374
0EDA8726815D83757A0EA623178753B9FBBAD49FFFFFFFFFFC8FFF0003E8162E4C4372AC40A0B38C
0EDA9B26817783755C0EA642178769B9EBBAD42FFFFFFFFFFC9FFF0003F2162E4C4372AD40A0B3A4
0EDAEA2681EE83753D0EA677178794B9EBB9D3BFFFFFFFFFFC8FFF0003ED162E4D4372AD40A0B3BC
0EDB0F2682268375180EA6B11787C4B9FBB9D32FFFFFFFFFFC8FFF0003E7162E4D4372AD40A0B3D4
0EDB282682468374EB0EA6C41787D1B9EBB9D24FFFFFFFFFFC8FFF0003E5162E4D4372AD40A0A3EC
0EDB402682668374C60EA6E41787E9B9EBB8D15FFFFFFFFFFC7FFF0003E7162E4D4372AD40A0A304
0EDB4226826C8374B50EA6E01787E5B9DBB8D0BFFFFFFFFFFC7FFF0003E4162E4E4372AD40A0A31C
0EDB492682738374AB0EA6EA1787EDB9FBB9D05FFFFFFFFFFC7FFF0003E9162E4E4372AD40A0A334
0EDB6A2682A18374890EA70C17880BB9FBB8CFEFFFFFFFFFFC6FFF0003F3162E4E4372AD40A0A34C
0EDB6B2682A383744A0EA707178801B9FBB8CF5FFFFFFFFFFC6FFF0003EF162E4F4372AD40A0A364
0EDB6026828C8374080EA6F71787F1B9FBB8CE2FFFFFFFFFFC7FFF0003E1162E4F4372AE40A0A37C
0EDB8B2682CD8373E60EA721178813B9EBB9CD2FFFFFFFFFFC7FFF0003E8162E4F4372AE40A0A394
0EDBA82682F38373CE0EA745178833B9DBB9CC4FFFFFFFFFFC7FFF0003D9162E4F4372AE40A0A3AC
0EDBAE2682FA8373A20EA76917884DB9EBB9CB7FFFFFFFFFFC8FFF0003EE162E504372AE40A093C4
0EDBB42682FF8373780EA786178864B9FBB9CABFFFFFFFFFFC8FFF0003F2162E504372AE40A0A3DC
0EDBD226832E83734E0EA79E178878B9FBB8C9DFFFFFFFFFFC8FFF0003EA162E504372AE40A093F4
0EDC342683BE83730E0EA7CE17889CB9EBB8C8EFFFFFFFFFFC8FFF0003ED162E514372AE40A0930C
0EDC2626839C8372DC0EA7C8178892B9EBB9C82FFFFFFFFFFC7FFF0003E9162E514372AE40A09324
0EDBE92683368372C40EA7A217886EB9EBB9C74FFFFFFFFFFC8FFF0003EF162E514372AE40A0933C
0EDBE026833C8372A00EA77A178854B9DBB965CFFFFFFFFFFC9FFF0003E8162E524372AF40A09354
0EDC6B26840A8372590EA7E41788A8B9EBB9C50FFFFFFFFFFC8FFF0003EF162E524372AF40A0836C
0EDD812685A383720C0EA8ED178981B9EBB8C3AFFFFFFFFFFC8FFF0003D8162E524372AF40A09384
0EDDA72685DF8371EF0EA92C1789B2B9FBB763BFFFFFFFFFFC8FFF0003EA162E524372AF40A0839C
0EDDC226860A8371E40EA94F1789D6BA0BB8C17FFFFFFFFFFC8FFF0003F0162E534372AF40A083B4
0EDE5E2686F38371BD0EAA17178A7CB9FBB8C17FFFFFFFFFFC8FFF0003F5162E534372AF40A083CC
0EDECC26879A83717A0EAA6A178ABEB9EBB87F6FFFFFFFFFFC9FFF0003F5162E534372AF40A083E4
0EDF092687F78371360EAA97178ADDB9EBB7A2DFFFFFFFFFFC9FFF0003F0162E544372AF40A083FC
0EDF2E2688278371040EAABB178AFBB9EBB7BE3FFFFFFFFFFC8FFF0003E2162E544372AF40A08314
0EDF4C2688558370D80EAACD178B0BB9DBB7602FFFFFFFFFFC8FFF0003EC162E544372B040A0832C
0EDF4826884C8370BA0EAAF3178B2DB9DBB77BAFFFFFFFFFFC7FFF0003F2162E554372B040A08344
0EDFB82688F383709F0EAB54178B78B9DBB8055FFFFFFFFFFC7FFF0003ED162E554372B040A0735C
0EE00D26898F8370680EAB5F178B84B9EBB7055FFFFFFFFFFC7FFF0003F5162E554372B040A08374
0EE216268C908370250EAD23178D00B9EBB7055FFFFFFFFFFC8FFF0003EF162E554372B040A0638C
0EE28A268D29836FF30EAE25178DCBB9FBB6055FFFFFFFFFFC8FFF0003E7162E564372B040A073A4
0EE0C0268A8C836FD30EAC63178C53B9EBB6055FFFFFFFFFFC8FFF0003F1162E564372B040A063BC
0EE295268D3F836FA80EAE03178DBCB9CBB6055FFFFFFFFFFC7FFF0003E6162E564372B040A063D4
0EE35A268E83836F6D0EAF06178E85B9BBB6055FFFFFFFFFFC6FFF0003ED162E574372B040A063EC
0EE436268FC5836F3E0EAF84178EF0B9ABB6055FFFFFFFFFFC7FFF0003F0162E574372B140A06304
0EE43F268FC8836F2A0EAFCC178F2CB9ABB5055FFFFFFFFFFC8FFF0003F1162E574372B140A0631C
0EE42B268FBE836F020EAF75178EE8B9ABB5055FFFFFFFFFFC7FFF0003EB162E574372B140A06334
0EE4CE2690B4836EBB0EB018178F69B9ABB573DFFFFFFFFFFC8FFF0003F4162E584372B140A0634C
0EE51B269116836E7A0EB094178FD1B9ABB50E5FFFFFFFFFFC8FFF0003F2162E584372B140A06364
0EE50C26910A836E590EB088178FC5B99BB5055FFFFFFFFFFC6FFF0003F1162E584372B140A0537C
0EE568269186836E340EB10A179030B99BB4717FFFFFFFFFFC7FFF0003F1162E594372B140A06394
0EE545269159836DF00EB0CD178FFCB9ABB40E4FFFFFFFFFFC8FFF0003E7162E594372B140A053AC
0EE5EB26924D836DB70EB15517906CB9BBB4055FFFFFFFFFFC8FFF0003F0162E594372B140A053C4
0EE59B2691D0836D9E0EB13717904FB9BBB4055FFFFFFFFFFC8FFF0003EB162E5A4372B240A043DC
0EE5952691C9836D6A0EB112179032B9ABB4054FFFFFFFFFFC8FFF0003F6162E5A4372B240A053F4
0EE5CC269212836D1A0EB151179060B99BB4055FFFFFFFFFFC8FFF0003F5162E5A4372B240A0530C
0EE64B2692DE836CDE0EB19A17909DB98BB4055FFFFFFFFFFC9FFF0003EA162E5A4372B240A05324
0EE7822694BF836CAC0EB263179149B98BB4054FFFFFFFFFFC8FFF0003E8162E5B4372B240A0533C
0EE9932697EA836C5F0EB4A3179333B99BB4055FFFFFFFFFFC8FFF0003EA162E5B4372B240A04354
0EEAAF269983836C170EB5FB179441B9ABB4055FFFFFFFFFFC8FFF0003DC162E5B4372B240A0436C
0EEAF22699E4836BED0EB647179481B99BB4054FFFFFFFFFFC8FFF0003F4162E5C4372B240A04384
0EEB1D269A27836BBC0EB6801794B1B9ABB3055FFFFFFFFFFC8FFF0003EF162E5C4372B240A0439C
0EEB1D269A24836B700EB6881794B5B99BB2054FFFFFFFFFFC7FFF0003F6162E5C4372B340A043B4
0EEB3F269A55836B1D0EB69F1794C5B97BB2055FFFFFFFFFFC7FFF0003F2162E5C4372B340A043CC
0EEB57269A74836ADC0EB6BE1794D9B97BB2055FFFFFFFFFFC8FFF0003E5162E5D4372B340A043E4
0EEB69269A8A836A8D0EB6CC1794E4B98BB2055FFFFFFFFFFC8FFF0003ED162E5D4372B340A033FC
0EEB60269A75836A3E0EB6C91794DDB99BB2054FFFFFFFFFFC8FFF0003EF162E5D4372B340A03314
0EEB5D269A6D836A050EB6C81794D9B99BB2054FFFFFFFFFFC8FFF0003F2162E5E4372B340A0332C
0EEB5D269A668369D10EB6C91794DBB99BB2055FFFFFFFFFFC9FFF0003EA162E5E4372B340A03344
0EEB77269A8C8369870EB6D81794E3B99BB2055FFFFFFFFFFC8FFF0003F3162E5E4372B340A0335C
0EEBA3269AC98369270EB709179506B98BB2055FFFFFFFFFFC8FFF0003EA162E5F4372B440A03374
0EEBBE269AE58368CB0EB72B17951CB97BB1055FFFFFFFFFFC7FFF0003EB162E5F4372B440A0338C
0EEBD6269B0783688A0EB74017952CB98BB1055FFFFFFFFFFC7FFF0003EA162E5F4372B440A033A4
0EEBE3269B1383684E0EB749179533B98BB0055FFFFFFFFFFC8FFF0003D6162E5F4372B440A023BC
0EEBED269B1B8367FC0EB750179535B98BB0055FFFFFFFFFFC7FFF0003E4162E604372B440A023D4
0EEBFC269B2C8367A70EB76117953EB98BB0055FFFFFFFFFFC7FFF0003E5162E604372B440A023EC
0EEC11269B4883676D0EB77317954BB97BB1055FFFFFFFFFFC8FFF00036B162E604372B440A02304
0EEC1A269B4F8367260EB781179554B96BB1055FFFFFFFFFFC8FFF000352162E604372B440A0231C
0EEC1F269B4E8366C70EB786179552B95BB1055FFFFFFFFFFC8FFF0003C7162E614372B540A02334
0EEC2B269B588366760EB793179558B94BB1055FFFFFFFFFFC8FFF0003B5162E614372B540A0134C
0EEC2F269B5A8366350EB797179559B95BB1055FFFFFFFFFFC8FFF000345162E614372B540A01364
0EEC3C269B698365E20EB7A1179560B96BB1055FFFFFFFFFFC9FFF0002F3162E624372B540A0137C
0EEC9E269BF983658E0EB7F91795A6B96BB1055FFFFFFFFFFC9FFF0002B3162E624372B540A01394
0EECEB269C6483654A0EB8481795E3B97BB1055FFFFFFFFFFC8FFF0002A1162E624372B540A013AC
0EED0C269C948364F70EB871179603B96BB1055FFFFFFFFFFC8FFF0002BF162E634372B540A013C4
0EED46269CE58364920EB8A817962CB95BB1055FFFFFFFFFFC7FFF000334162E634372B540A003DC
0EED74269D238364320EB8D3179649B95BB1055FFFFFFFFFFC8FFF00038F162E634372B640A003F4
0EED99269D4E8363E70EB8F6179662B96BB0055FFFFFFFFFFC8FFF00030F162E634372B640A0030C
0EEDA5269D5E8363B00EB90517966DB96BB0055FFFFFFFFFFC8FFF000230162E644372B640A00324
0EEDB9269D788363710EB91917967CB96BAF055FFFFFFFFFFC9FFF000261162E644372B640A0033C
0EEE46269E468363090EB9A91796EEB95BAF055FFFFFFFFFFC7FFF00032F162E644372B640A00354
0EEE7C269E8A8362910EB9D517970DB95BB0055FFFFFFFFFFC8FFF000377162E654372B640A0036C
0EEEC9269EFD8362440EBA2517974DB95BB0055FFFFFFFFFFC8FFF00036E162E654372B640A00384
0EF05826A16883620A0EBB8417987FB95BAF055FFFFFFFFFFC7FFF00034C162E654372B640A0039C
0EF14526A2BD8361C40EBC98179958B94BB0055FFFFFFFFFFC7FFF000274162E654372B640A003B4
0EF1C426A37F8361740EBD131799BAB94BAF055FFFFFFFFFFC8FFF000265162E664372B640A003CC
0EF23826A42B83611B0EBD89179A17B94BAE055FFFFFFFFFFC8FFF000232162E664372B7409FF3E4
0EF2BC26A4F08360C00EBE04179A7CB94BAE054FFFFFFFFFFC8FFF00022D162E664372B7409FF3FC
0EF35526A5D58360660EBE95179AF2B93BAE055FFFFFFFFFFC9FFF000285162E674372B7409FE314
0EF49326A7C98360120EBFBF179BF2B93BAD054FFFFFFFFFFC9FFF0002B0162E674372B7409FF32C
0EF5E726A9C6835FC70EC11E179D11B92BAD055FFFFFFFFFFC8FFF000297162E674372B7409FF344
0EF63F26AA40835F840EC17F179D61B92BAC055FFFFFFFFFFC7FFF000268162E684372B7409FE35C
0EF64926AA50835F3A0EC18C179D69B92BAC055FFFFFFFFFFC7FFF00024F162E684372B7409FE374
0EF64C26AA4C835EDF0EC18F179D66B92BAB055FFFFFFFFFFC8FFF000260162E684372B7409FE38C
0EF66A26AA72835E790EC1AC179D7BB91BAB054FFFFFFFFFFC8FFF0002A5162E684372B8409FE3A4
0EF6CA26AAFD835E250EC203179DC0B92BAB054FFFFFFFFFFC9FFF000299162E694372B8409FD3BC
0EF73C26ABA8835DE30EC27C179E24B92BAB054FFFFFFFFFFC8FFF0002EE162E694372B8409FE3D4
0EF78E26AC26835DA60EC2CD179E66B92BAB054FFFFFFFFFFC8FFF0002ED162E694372B8409FD3EC
0EF7D826AC92835D560EC311179E9CB92BAC055FFFFFFFFFFC8FFF00029B162E6A4372B8409FD304
0EF83E26AD29835CEC0EC381179EF6B90BAC054FFFFFFFFFFC9FFF0003A4162E6A4372B8409FD31C
0EF8B426ADD0835C910EC3EF179F4BB91BAB055FFFFFFFFFFC8FFF000338162E6A4372B8409FD334
0EF8BF26ADDB835C570EC3F9179F54B91BAB055FFFFFFFFFFC8FFF00028A162E6A4372B8409FD34C
0EF8DE26AE0A835C130EC410179F68B91BAA055FFFFFFFFFFC8FFF000311162E6B4372B9409FD364
0EF96B26AEDF835BB50EC49E179FDBB91BAA054FFFFFFFFFFC8FFF000336162E6B4372B9409FD37C
0EF9D126AF73835B4E0EC50817A02CB90BAA054FFFFFFFFFFC8FFF00037D162E6B4372B9409FD394
0EFA2526AFE8835AFB0EC55B17A06FB90BA9054FFFFFFFFFFC8FFF00032B162E6C4372B9409FC3AC
0EFA4F26B023835AC20EC58517A091B8FBA9055FFFFFFFFFFC8FFF0002A0162E6C4372B9409FC3C4
0EFA5626B02C835A830EC58B17A094B8EBAA054FFFFFFFFFFC9FFF0002D5162E6C4372B9409FC3DC
0EFA8926B072835A240EC5BC17A0B9B8FBAA054FFFFFFFFFFC8FFF000385162E6D4372B9409FC3F4
0EFACE26B0DB8359BD0EC60517A0F1B8EBAA054FFFFFFFFFFC8FFF0003B8162E6D4372B9409FC30C
0EFB7026B1C58359670EC69F17A16FB8FBAA054FFFFFFFFFFC8FFF0003D6162E6D4372BA409FC324
0EFB9226B1F58359230EC6BF17A187B8EBAA054FFFFFFFFFFC8FFF000381162E6E4372BA409FC33C
0EFBA326B2078358D10EC6D417A193B8EBA9054FFFFFFFFFFC8FFF0002EA162E6E4372BA409FB354
0EFBBA26B22483587F0EC6E617A1A0B8EBA9054FFFFFFFFFFC8FFF000291162E6E4372BA409FB36C
0EFBE026B25E83584A0EC70017A1B5B8DBA8053FFFFFFFFFFC8FFF000295162E6E4372BA409FB384
0EFC0326B2878358050EC73117A1D9B8DBA8053FFFFFFFFFFC8FFF000363162E6F4372BA409FB39C
0EFC0726B2878357900EC73617A1D9B8DBA7053FFFFFFFFFFC8FFF0003E4162E6F4372BA409FB3B4
0EFC2E26B2BF8357240EC75417A1EDB8DBA8053FFFFFFFFFFC8FFF0003DE162E6F4372BA409FA3CC
0EFC4E26B2E98357400EC77517A20AB8EBA8053FFFFFFFFFFC8FFF00038A162E704372BA409FA3E4
0EFC4426B2DE8357630EC76C17A207B8EBA8053FFFFFFFFFFC7FFF000311162E704372BA409FA3FC
0EFC5626B2FE8357730EC78217A21BB8EBA9053FFFFFFFFFFC7FFF000272162E704372BB409FA314
0EFC5C26B30883577B0EC78317A21CB8EBA9053FFFFFFFFFFC8FFF0003AF162E714372BB409FA32C
0EFC7626B3308357800EC79F17A232B8EBA8053FFFFFFFFFFC8FFF0003CF162E714372BB409FA344
0EFC7F26B34083577D0EC7A917A23CB8DBA8053FFFFFFFFFFC8FFF000317162E714372BB409FA35C
0EFC8226B3468357800EC7AE17A240B8EBA8053FFFFFFFFFFC8FFF000352162E714372BB409F9374
0EFC7F26B3418357980EC7B017A243B8EBA8053FFFFFFFFFFC8FFF000349162E724372BB409F938C
0EFC6126B3168357AF0EC78A17A224B8FBA8053FFFFFFFFFFC7FFF0002E6162E724372BB409FA3A4
0EFC6E26B32B8357B10EC79A17A233B8EBA8053FFFFFFFFFFC7FFF00036C162E724372BB409F93BC
0EFC5826B30D8357BD0EC78F17A22BB8EBA8053FFFFFFFFFFC9FFF0002B5162E734372BB409F93D4
0EFC4926B2F98357E00EC77717A21BB8EBA8053FFFFFFFFFFC8FFF0001AF162E734372BB409F93EC
0EFC5926B3128357E60EC77F17A224B8EBA9053FFFFFFFFFFC8FFF0001FF162E734372BC409F9304
0EFC8126B34F8357C60EC7A817A241B8EBA9053FFFFFFFFFFC8FFF00031F162E744372BC409F931C
0EFC8226B34E8357C30EC7B017A245B8FBA9053FFFFFFFFFFC9FFF00036A162E744372BC409F8334
0EFC8026B3528357EB0EC7AC17A247B8FBA9054FFFFFFFFFFC8FFF000303162E744372BC409F834C
0EFC8126B3558358050EC7AC17A24AB8EBA9054FFFFFFFFFFC9FFF0001CC162E744372BC409F8364
0EFC6F26B3388357FF0EC7A717A243B8EBA9054FFFFFFFFFFC8FFF00019C162E754372BC409F837C
0EFC8126B3548358030EC7B417A24DB8EBA9054FFFFFFFFFFC7FFF0001E5162E754372BC409F8394
0EFC8D26B3698358120EC7BD17A256B8DBA9054FFFFFFFFFFC7FFF0001C4162E754372BC409F83AC
0EFC9D26B3838358160EC7C517A25EB8DBA9054FFFFFFFFFFC8FFF0001A6162E764372BC409F83C4
0EFCAB26B39A8358190EC7D117A268B8DBA9054FFFFFFFFFFC8FFF0001CB162E764372BD409F83DC
0EFCDA26B3E38358240EC7F917A28CB8DBA8054FFFFFFFFFFC9FFF00024F162E764372BD409F83F4
0EFCAA26B3988358380EC7E717A279B8CBA7054FFFFFFFFFFC8FFF000212162E774372BD409F730C
0EFC8926B36B8358480EC7B517A257B8DBA7054FFFFFFFFFFC8FFF0001B1162E774372BD409F8324
0EFC9226B37783584B0EC7C917A264B8EBA8054FFFFFFFFFFC9FFF0001FF162E774372BD409F833C
0EFC7426B35083584D0EC79D17A242B90BA8054FFFFFFFFFFCAFFF0001DA162E774372BD409F7354
0EFCC726B3CB8358570EC7E517A27EB8FBA8054FFFFFFFFFFC9FFF00018B162E784372BD409F736C
0EFCAE26B3A583585C0EC7DA17A275B8FBA8054FFFFFFFFFFC8FFF0001F1162E784372BD409F7384
0EFD0526B43483586C0EC82217A2B8B8EBA8054FFFFFFFFFFC7FFF00020C162E784372BD409F639C
0EFD1E26B4538358810EC84F17A2D8B8EBA8054FFFFFFFFFFC7FFF00019A162E794372BE409F63B4
0EFD1026B44083587F0EC83C17A2CCB8EBA8054FFFFFFFFFFC8FFF0001A3162E794372BE409F63CC
0EFD1826B44D8358700EC84717A2D1B8DBA8054FFFFFFFFFFC8FFF0001DD162E794372BE409F63E4
0EFCFC26B4258358860EC82C17A2BDB8DBA9054FFFFFFFFFFC8FFF0002E5162E7A4372BE409F63FC
0EFCFE26B42A8358940EC82B17A2BFB8EBA8054FFFFFFFFFFC7FFF0002D6162E7A4372BE409F6314
0EFD1726B44D8358840EC84717A2D4B8FBA8054FFFFFFFFFFC7FFF000257162E7A4372BE409F632C
0EFD2726B46D8358910EC85017A2DBB8EBA7054FFFFFFFFFFC8FFF0001A5162E7A4372BE409F6344
0EFD2226B4638358B70EC85217A2DFB8EBA8054FFFFFFFFFFC9FFF0001EE162E7B4372BE409F535C
0EFD2526B4678358B90EC84E17A2DEB8FBA8054FFFFFFFFFFC8FFF0001BA162E7B4372BE409F5374
0EFD2626B46A8358A30EC85717A2E2B8FBA8054FFFFFFFFFFC7FFF0002AB162E7B4372BF409F538C
0EFD3426B4808358A30EC86317A2ECB8EBA8054FFFFFFFFFFC8FFF000222162E7C4372BF409F53A4
0EFD4226B4958358B20EC86F17A2F9B8EBA8054FFFFFFFFFFC8FFF0001D6162E7C4372BF409F53BC
0EFD5226B4B28358C50EC87B17A304B8EBA8054FFFFFFFFFFC8FFF000193162E7C4372BF409F43D4
0EFD5A26B4BD8358D70EC88717A30FB8EBA8054FFFFFFFFFFC8FFF000182162E7D4372BF409F43EC
0EFD5D26B4C48358E00EC88917A314B8EBA8054FFFFFFFFFFC8FFF000183162E7D4372BF409F5304
0EFD6926B4D78358DD0EC89517A31CB8EBA9054FFFFFFFFFFC8FFF0001AC162E7D4372BF409F431C
0EFDCE26B5718358D00EC8F317A36AB8DBA9054FFFFFFFFFFC9FFF000185162E7D4372BF409F4334
0EFDF826B5B18358DA0EC91A17A389B8DBA9054FFFFFFFFFFC8FFF000191162E7E4372BF409F434C
0EFE0A26B5CB8358EE0EC93117A39FB8DBA9054FFFFFFFFFFC8FFF0001BA162E7E4372C0409F4364
0EFE2426B5F88358EF0EC94817A3B3B8CBA8054FFFFFFFFFFC8FFF000183162E7E4372C0409F437C
0EFE2226B5F98358F80EC94B17A3B6B8BBA8054FFFFFFFFFFC8FFF000194162E7F4372C0409F4394
0EFE0026B5C48359100EC93117A39FB8CBA7054FFFFFFFFFFC8FFF0001D0162E7F4372C0409F43AC
0EFE2226B5FD83590F0EC94517A3B6B8CBA7054FFFFFFFFFFC9FFF0001B0162E7F4372C0409F33C4
0EFE5226B6408358FF0EC98017A3E3B8DBA7054FFFFFFFFFFC8FFF0001CB162E804372C0409F43DC
0EFE5926B64E8358FF0EC98117A3E3B8DBA8054FFFFFFFFFFC9FFF0001AE162E804372C0409F33F4
0EFE7126B67383590D0EC99017A3F3B8DBA8054FFFFFFFFFFC8FFF000243162E804372C0409F330C
0EFE9826B6AF8359230EC9BE17A41AB8DBA8054FFFFFFFFFFC7FFF00028C162E814372C0409F2324
0EFE9A26B6B78359300EC9C117A41EB8DBA8054FFFFFFFFFFC8FFF0001C1162E814372C1409F333C
0EFE9426B6AE8359280EC9C017A41DB8DBA9054FFFFFFFFFFC8FFF00018F162E814372C1409F2354
0EFE9926B6B48359210EC9C317A41FB8DBA9054FFFFFFFFFFC8FFF00026C162E814372C1409F236C
0EFE8D26B6A78359290EC9BE17A41AB8DBA9054FFFFFFFFFFC8FFF00037F162E824372C1409F2384
0EFE9026B6A78359310EC9B817A418B8DBA9054FFFFFFFFFFC8FFF000342162E824372C1409F239C
0EFE7226B6808359430EC99D17A401B8CBA9054FFFFFFFFFFC9FFF00026E162E824372C1409F23B4
0EFE9226B6B38359550EC9B717A41AB8BBA8054FFFFFFFFFFC8FFF00023B162E834372C1409F23CC
0EFE9226B6B083594B0EC9BB17A41BB8CBA8054FFFFFFFFFFC8FFF0001E2162E834372C1409F23E4
0EFE9026B6A98359420EC9BA17A419B8DBA8054FFFFFFFFFFC8FFF00019F162E834372C1409F13FC
0EFF0B26B7698359510ECA0C17A461B8DBA8054FFFFFFFFFFC7FFF00025B162E844372C2409F1314
0EFEC326B6F28359630ECA1A17A469B8DBA8054FFFFFFFFFFC8FFF000367162E844372C2409F132C
0EFEF626B75083596C0ECA0A17A463B8DBA8054FFFFFFFFFFC8FFF0002C6162E844372C2409F1344
0EFF2226B78B83597B0ECA4817A492B8DBA9054FFFFFFFFFFC8FFF0001A4162E854372C2409F135C
0EFECE26B70D83597E0ECA0F17A467B8DBA8054FFFFFFFFFFC8FFF00018C162E854372C2409F1374
0EFED826B7178359700ECA0E17A461B8DBA8054FFFFFFFFFFC8FFF000189162E854372C2409F138C
0EFE8D26B6A98359760EC9C817A426B8EBA8054FFFFFFFFFFC8FFF000190162E864372C2409F03A4
0EFE8626B6A38359890EC9AE17A415B8DBA8054FFFFFFFFFFC7FFF0001C7162E864372C2409F03BC
0EFE8326B69F83598F0EC9A917A411B8DBA8054FFFFFFFFFFC9FFF000190162E864372C2409F03D4
0EFE8126B69C8359880EC9A917A410B8EBA8054FFFFFFFFFFC8FFF00018B162E864372C2409F03EC
0EFE7C26B6908359840EC9AA17A40EB8EBA8054FFFFFFFFFFC8FFF00018F162E874372C3409F0304
0EFE7A26B6958359960EC9A417A40DB8CBA8054FFFFFFFFFFC8FFF000192162E874372C3409F031C
0EFE7A26B6918359AE0EC9A117A40BB8CBA9054FFFFFFFFFFC8FFF00018B162E874372C3409F0334
0EFE7826B6908359AA0EC99E17A40AB8CBA9054FFFFFFFFFFC8FFF000184162E884372C3409F034C
0EFF5F26B7F68359980ECA7A17A4C5B8DBA8054FFFFFFFFFFC8FFF00018C162E884372C3409F0364
0EFF6626B7EF8359940ECAC117A4F5B8DBA8054FFFFFFFFFFC9FFF000189162E884372C3409F037C
0EFF7A26B8238359A10ECA8D17A4D6B8DBA8054FFFFFFFFFFC8FFF0001F4162E894372C3409F0394
0EFFBC26B87A8359AB0ECAD017A508B8EBA8054FFFFFFFFFFC8FFF000184162E894372C3409EF3AC
0EFF1B26B7838359BE0ECA9317A4CEB8EBA8054FFFFFFFFFFC9FFF0001B8162E894372C3409EE3C4
0EFEC726B7108359D20EC9FA17A45AB8FBA8054FFFFFFFFFFC8FFF0003BC162E8A4372C3409EF3DC
0EFF6126B80D8359BE0ECAA417A4ECB8EBA9054FFFFFFFFFFC9FFF00035C162E8A4372C3409EE3F4
0F00F026BA598359970ECBEE17A5FBB8CBA8054FFFFFFFFFFC8FFF00028B162E8A4372C4409EE30C
0F014126BAD983599C0ECC0B17A617B8DBA8054FFFFFFFFFFC8FFF0001AD162E8B4372C4409EE324
0F003726B9438359BF0ECBA417A5C6B8EBA8054FFFFFFFFFFC7FFF000197162E8B4372C4409EE33C
0F00E026BA418359CB0ECC0317A612B8DBA8053FFFFFFFFFFC7FFF00028C162E8B4372C4409EE354
0EFFE826B8BF8359C40ECB6117A57DB8CBA8053FFFFFFFFFFC8FFF0003F4162E8C4372C4409EE36C
0F001426B9228359C00ECAF717A52FB8CBA8053FFFFFFFFFFC8FFF000323162E8C4372C4409EE384
0F00AA26B9EF8359CB0ECBCE17A5E2B8DBA8053FFFFFFFFFFC8FFF0001A3162E8C4372C4409ED39C
0EFFCF26B8A98359CF0ECB4F17A576B8DBA7054FFFFFFFFFFC8FFF000246162E8C4372C4409EE3B4
0F007226B9978359C50ECBA217A5BDB8CBA8053FFFFFFFFFFC7FFF00034B162E8D4372C5409ED3CC
0EFFEA26B8C58359C70ECB6317A57FB8CBA8054FFFFFFFFFFC6FFF0002AC162E8D4372C5409ED3E4
0EFEC026B7198359D60ECA1E17A480B8CBA8054FFFFFFFFFFC8FFF000223162E8D4372C5409ED3FC
0EFF7026B8048359DF0ECAB717A4F0B8DBA8053FFFFFFFFFFC8FFF000369162E8E4372C5409ED314
0EFE6D26B68C8359EC0EC9A617A413B8DBA8054FFFFFFFFFFC8FFF000371162E8E4372C5409EC32C
0EFE6126B6778359F10EC99117A404B8DBA8053FFFFFFFFFFC9FFF00025D162E8E4372C5409EC344
0EFE4E26B6578359DF0EC97817A3EDB8DBA8054FFFFFFFFFFC9FFF0001B5162E8F4372C5409EC35C
0EFE2A26B61E8359D80EC96417A3DBB8EBA8054FFFFFFFFFFC7FFF00022A162E8F4372C5409EC374
0EFE0A26B5EF8359E20EC93917A3B9B8DBA9054FFFFFFFFFFC7FFF0002CB162E8F4372C5409EC38C
0EFE0926B5EC8359EA0EC93717A3B7B8DBA9054FFFFFFFFFFC8FFF0001E6162E904372C6409EC3A4
0EFE0326B5E58359F30EC93117A3B2B8EBA9054FFFFFFFFFFC9FFF000288162E904372C6409EC3BC
0EFE0A26B5F0835A020EC93117A3B3B8DBA9054FFFFFFFFFFC8FFF0003A8162E904372C6409EC3D4
0EFE0D26B5F38359FA0EC93417A3B5B8EBA9054FFFFFFFFFFC7FFF0002F7162E914372C6409EC3EC
0EFE0D26B5F08359E70EC93A17A3B7B8EBA9055FFFFFFFFFFC7FFF0001BF162E914372C6409EB304
0EFE1B26B6078359EF0EC93F17A3BCB8DBA9055FFFFFFFFFFC9FFF000274162E914372C6409EC31C
0EFE1326B5FB835A070EC94217A3BFB8DBA9055FFFFFFFFFFC9FFF0001D6162E924372C6409EB334
0EFE0126B5E5835A030EC92C17A3AFB8DBA8055FFFFFFFFFFC9FFF00021D162E924372C6409EB34C
0EFE0526B5E28359E80EC92E17A3AEB8DBA8055FFFFFFFFFFC7FFF0001E0162E924372C6409EB364
0EFE1626B5FE8359EB0EC94817A3C2B8CBA8055FFFFFFFFFFC8FFF0001C7162E934372C7409EB37C
0EFDED26B5C5835A150EC91817A39EB8DBA9055FFFFFFFFFFC9FFF0001A4162E934372C7409EA394
0EFE1726B606835A120EC93B17A3BDB8EBA9055FFFFFFFFFFC7FFF0002CC162E934372C7409EB3AC
0EFE4526B6468359E00EC97217A3E5B8DBA9055FFFFFFFFFFC8FFF00022B162E944372C7409EA3C4
0EFE4726B6468359D50EC96C17A3E0B8DBA8055FFFFFFFFFFC7FFF000256162E944372C7409EA3DC
0EFE3C26B6358359F20EC96A17A3DFB8DBA8055FFFFFFFFFFC6FFF000231162E944372C7409EA3F4
0EFDFF26B5D88359FA0EC93C17A3BAB8DBA8055FFFFFFFFFFC8FFF000194162E944372C7409EA30C
0EFDF426B5CC8359F10EC93117A3ADB8DBA7054FFFFFFFFFFC9FFF000249162E954372C7409EA324
0EFE1026B5F28359F60EC92C17A3ACB8DBA7054FFFFFFFFFFC8FFF000358162E954372C7409E933C
0EFE1426B5FA8359F40EC94217A3BFB8EBA7054FFFFFFFFFFC6FFF0001E5162E954372C8409EA354
0EFE1926B5FD8359E10EC94517A3BFB8EBA8054FFFFFFFFFFC9FFF0001BF162E964372C8409E936C
0EFE1C26B6048359E60EC94517A3BFB8DBA8052FFFFFFFFFFC9FFF0001BD162E964372C8409E9384
0EFE1B26B6058359F30EC94217A3BFB8CBA8049FFFFFFFFFFC9FFF00018D162E964372C8409E939C
0EFE2926B6188359E90EC95817A3D3B8BBA8048FFFFFFFFFFC8FFF0001A3162E974372C8409E93B4
0EFE0B26B5EB8359E70EC93D17A3B8B8BBA8048FFFFFFFFFFC8FFF0001C3162E974372C8409E83CC
0EFE0526B5E38359F20EC92D17A3ADB8CBA8048FFFFFFFFFFC8FFF000361162E974372C8409E93E4
0EFE0D26B5F08359EC0EC93517A3B4B8DBA8048FFFFFFFFFFC8FFF00027C162E984372C8409E93FC
0EFE2626B6158359E60EC94D17A3C8B8DBA8048FFFFFFFFFFC8FFF0001A7162E984372C9409E8314
0EFE1726B5FB8359E90EC94617A3C1B8FBA8048FFFFFFFFFFC8FFF0001B7162E984372C9409E832C
0EFE0C26B5EB8359E40EC94117A3BDB90BA9048FFFFFFFFFFC8FFF00019E162E994372C9409E8344
0EFE2D26B6218359DF0EC95417A3CDB8EBA9048FFFFFFFFFFC8FFF00027C162E994372C9409E835C
0EFE4E26B6508359EA0EC97117A3E5B8DBA8048FFFFFFFFFFC9FFF0001D4162E994372C9409E8374
0EFE3E26B63B8359EF0EC96B17A3E0B8DBA8048FFFFFFFFFFC8FFF000194162E9A4372C9409E838C
0EFE3B26B6378359E70EC96617A3DCB8CBA8048FFFFFFFFFFC8FFF00018E162E9A4372C9409E83A4
0EFE4826B64E8359EA0EC96D17A3E2B8DBA8048FFFFFFFFFFC9FFF000279162E9A4372C9409E83BC
0EFE4C26B64E8359E90EC97717A3EAB8EBA8048FFFFFFFFFFC8FFF000316162E9B4372CA409E83D4
0EFE4226B63F8359DE0EC96C17A3E1B8DBA8048FFFFFFFFFFC8FFF0001C2162E9B4372CA409E83EC
0EFE4C26B6508359D90EC97017A3E2B8DBA7048FFFFFFFFFFC7FFF0001AC162E9B4372CA409E7304
0EFE5B26B6668359E40EC98717A3F7B8DBA8048FFFFFFFFFFC7FFF0001A6162E9C4372CA409E631C
0EFE7B26B69B8359F30EC99417A405B8DBA9048FFFFFFFFFFC8FFF0002CD162E9C4372CA409E6334
0EFE8C26B6B08359F60EC9B517A41EB8DBA9048FFFFFFFFFFC8FFF0002C2162E9C4372CA409E734C
0EFE8426B6A68359F40EC9AB17A418B8CBA9048FFFFFFFFFFC7FFF0001AF162E9D4372CA409E6364
0EFE9126B6B88359E80EC9B917A422B8EBA8048FFFFFFFFFFC7FFF000188162E9D4372CA409E637C
0EFE9A26B6C78359D70EC9BF17A426B8DBA8048FFFFFFFFFFC8FFF000189162E9D4372CB409E6394
0EFEBF26B7008359DD0EC9E017A444B8CBA8048FFFFFFFFFFC9FFF00018F162E9E4372CB409E63AC
0EFEC026B7058359FD0EC9DF17A447B8DBA8048FFFFFFFFFFC9FFF00019E162E9E4372CB409E63C4
0EFECD26B717835A0B0EC9FE17A45EB8CBA8048FFFFFFFFFFC7FFF0002C4162E9E4372CB409E63DC
0EFEDD26B7308359F70ECA0817A467B8CBA8048FFFFFFFFFFC8FFF0002AF162E9F4372CB409E53F4
0EFEDD26B72F8359DB0EC9FE17A45BB8EBA8048FFFFFFFFFFC9FFF0001B2162E9F4372CB409E530C
0EFEEC26B7448359E30ECA0F17A46BB8EBA8048FFFFFFFFFFC9FFF0001AA162E9F4372CB409E6324
0EFF0926B7758359F90ECA2617A47EB8DBA8048FFFFFFFFFFC9FFF0001DA162EA04372CB409E533C
0EFF1926B7888359F50ECA4017A496B8DBA8048FFFFFFFFFFC8FFF000199162EA04372CB409E5354
0EFEF626B74F8359EF0ECA3917A48BB8CBA8048FFFFFFFFFFC8FFF000186162EA04372CC409E436C
0EFEF826B75A8359FC0ECA1B17A474B8CBA8048FFFFFFFFFFC8FFF0002BB162EA14372CC409E4384
0EFF0926B7728359FC0ECA2917A481B8CBA7048FFFFFFFFFFC9FFF000389162EA14372CC409E539C
0EFF1526B7848359EC0ECA3A17A48EB8DBA7048FFFFFFFFFFC9FFF0002DD162EA14372CC409E53B4
0EFF0726B7708359EB0ECA2E17A483B8DBA7048FFFFFFFFFFC8FFF0001C8162EA24372CC409E43CC
0EFF1726B7878359FD0ECA3917A490B8DBA8048FFFFFFFFFFC9FFF000257162EA24372CC409E43E4
0EFEEC26B744835A060ECA1117A46CB8DBA8048FFFFFFFFFFC8FFF0001CC162EA24372CC409E43FC
0EFEE026B734835A000EC9F617A458B8DBA8048FFFFFFFFFFC8FFF00023E162EA34372CC409E4314
0EFE9726B6C58359FB0EC9DF17A441B8CBA7048FFFFFFFFFFC7FFF0002A9162EA34372CC409E432C
0EFE7E26B6A28359FF0EC9AE17A41AB8CBA7048FFFFFFFFFFC8FFF0002A4162EA34372CD409E4344
0EFE8526B6AA835A080EC9AA17A418B8CBA7048FFFFFFFFFFC8FFF000247162EA34372CD409E335C
0EFE8326B6A5835A0D0EC9A517A413B8BBA8048FFFFFFFFFFC8FFF0001CE162EA44372CD409E3374
0EFE8826B6A5835A080EC9B317A41FB8BBA7048FFFFFFFFFFC8FFF0001BB162EA44372CD409E338C
0EFEFF26B76D835A0A0EC9FC17A462B8BBA7048FFFFFFFFFFC8FFF000207162EA44372CD409E33A4
0EFF1D26B787835A070ECA3817A489B8DBA7048FFFFFFFFFFC7FFF000214162EA54372CD409E23BC
0EFEEA26B73E8359FE0ECA1517A46EB8DBA7048FFFFFFFFFFC8FFF000214162EA54372CD409E33D4
0EFEFD26B765835A100ECA0B17A46AB8DBA7048FFFFFFFFFFC8FFF0001C4162EA54372CD409E23EC
0EFF3326B7B7835A240ECA6217A4AFB8DBA7048FFFFFFFFFFC8FFF00026A162EA64372CD409E2304
0EFF4E26B7DB835A0F0ECA6917A4BEB8CBA7048FFFFFFFFFFC8FFF000244162EA64372CE409E231C
0EFF4826B7D28359EF0ECA9F17A4E5B8CBA7048FFFFFFFFFFC7FFF0001F7162EA64372CE409E2334
0EFEB126B6DB8359F70ECA4917A494B8DBA7048FFFFFFFFFFC8FFF0001B1162EA74372CE409E234C
0EFE4E26B655835A120EC98617A3FAB8DBA7048FFFFFFFFFFC8FFF000195162EA74372CE409E2364
0EFE8126B6A1835A140EC9AA17A417B8DBA7048FFFFFFFFFFC8FFF0001E7162EA74372CE409E237C
0EFEB826B6F8835A060EC9C517A42CB8CBA7048FFFFFFFFFFC8FFF000302162EA84372CE409E2394
0EFEB326B6EC835A000EC9D217A435B8CBA7048FFFFFFFFFFC8FFF00034A162EA84372CE409E13AC
0EFF0026B76E835A000EC9FC17A45CB8DBA8048FFFFFFFFFFC8FFF000308162EA84372CE409E13C4
0EFFAC26B868835A010ECAD617A510B8DBA8048FFFFFFFFFFC9FFF0001D6162EA94372CE409E13DC
0EFF4826B7CD835A020ECA7417A4BEB8CBA7048FFFFFFFFFFC9FFF000195162EA94372CF409E13F4
0EFF7C26B826835A0B0ECA9217A4DDB8DBA7048FFFFFFFFFFC8FFF00018F162EA94372CF409E130C
0EFFAB26B864835A070ECAAD17A4ECB8CBA8048FFFFFFFFFFC9FFF0002C3162EAA4372CF409E0324
0EFF3E26B7B88359F00ECA8917A4CDB8CBA9048FFFFFFFFFFC9FFF0002B9162EAA4372CF409E133C
0EFF0226B7678359EF0ECA3417A488B8CBA8048FFFFFFFFFFC8FFF0001CF162EAA4372CF409E0354
0EFF5726B7E4835A050ECA8617A4D2B8DBA8048FFFFFFFFFFC6FFF00018E162EAB4372CF409E036C
0EFF2D26B7AD835A170ECA5517A4AAB8CBA7048FFFFFFFFFFC7FFF0001E9162EAB4372CF409E0384
0EFF4226B7CB835A0E0ECA8617A4CFB8BBA7048FFFFFFFFFFC8FFF0003B8162EAB4372CF409E039C
0EFF9726B84E8359E20ECABC17A4FBB8BBA7048FFFFFFFFFFC8FFF000292162EAC4372CF409E03B4
0EFF8526B82C8359CA0ECAAC17A4EEB8CBA8048FFFFFFFFFFC8FFF000297162EAC4372D0409E03CC
0EFF8426B82D8359E20ECAA817A4EAB8CBA8048FFFFFFFFFFC9FFF0001AB162EAC4372D0409E03E4
0EFF8026B828835A010ECAA517A4EAB8BBA8048FFFFFFFFFFC8FFF0001AC162EAC4372D0409E03FC
0EFF7D26B828835A030ECA9217A4DAB89BA9048FFFFFFFFFFC8FFF000379162EAD4372D0409E0314
0EFF9E26B8568359EB0ECABB17A4FAB8ABA9048FFFFFFFFFFC8FFF0003F6162EAD4372D0409DF32C
0EFFB926B8748359D20ECAEB17A51FB8ABA8048FFFFFFFFFFC9FFF000246162EAE4372D0409DF344
0EFF5C26B7EB8359CF0ECA9C17A4DCB8CBA7048FFFFFFFFFFC7FFF0001C7162EAE4372D0409DF35C
0EFF7726B8178359DD0ECA9417A4DAB8BBA7048FFFFFFFFFFC7FFF000375162EAE4372D0409DF374
0EFF8A26B8378359ED0ECAAB17A4EEB8BBA7048FFFFFFFFFFC8FFF000287162EAE4372D0409DE38C
0EFF7926B8198359EC0ECA9E17A4E3B8CBA7048FFFFFFFFFFC8FFF00032B162EAF4372D0409DE3A4
0EFF7B26B8228359D70ECAA217A4E5B8DBA7048FFFFFFFFFFC9FFF0003E5162EAF4372D1409DE3BC
0EFFAC26B8698359CB0ECAC317A500B8CBA7048FFFFFFFFFFC9FFF0001F8162EB04372D1409DE3D4
0F000A26B8F48359CD0ECB2217A553B8CBA7048FFFFFFFFFFC9FFF000372162EB04372D1409DE3EC
0EFFC826B8888359D60ECB0A17A538B8BBA7048FFFFFFFFFFC9FFF000369162EB04372D1409DE304
0EFF6826B8058359E30ECA9217A4D8B8BBA7048FFFFFFFFFFC9FFF0001B3162EB04372D1409DE31C
0EFF4726B7C58359D90ECA7F17A4C3B8BBA7048FFFFFFFFFFC9FFF000248162EB14372D1409DD334
0EFF3F26B7BA8359C50ECA8317A4C9B8BBA7048FFFFFFFFFFC8FFF0001BB162EB14372D1409DE34C
0EFF2126B7908359CC0ECA5C17A4A3B8CBA7048FFFFFFFFFFC8FFF0002F5162EB14372D1409DD364
0EFF1D26B78A8359D80ECA4117A491B8BBA7048FFFFFFFFFFC8FFF00035E162EB24372D1409DD37C
0EFF6626B8028359CA0ECA7D17A4C9B8BBA7048FFFFFFFFFFC8FFF0001E9162EB24372D2409DD394
0EFF5C26B7DE8359C40ECAB317A4ECB8CBA8048FFFFFFFFFFC8FFF000195162EB24372D2409DC3AC
0EFF1526B77E8359D90ECA3D17A490B8DBA8048FFFFFFFFFFC8FFF00018C162EB34372D2409DD3C4
0EFF3C26B7BA8359E10ECA5517A4A4B8CBA8048FFFFFFFFFFC8FFF000196162EB34372D2409DC3DC
0EFF3726B7B28359CD0ECA6B17A4B6B8CBA7048FFFFFFFFFFC8FFF00021F162EB34372D2409DB3F4
0EFF4A26B7CE8359B20ECA7717A4BEB8CBA7048FFFFFFFFFFC7FFF0003BA162EB44372D2409DC30C
0EFF7E26B81E8359B70ECA9417A4D9B8CBA7048FFFFFFFFFFC8FFF0003F0162EB44372D2409DC324
0EFF6926B7FC8359D70ECA9517A4D9B8BBA7048FFFFFFFFFFC8FFF0003F3162EB44372D2409DC33C
0EFF6226B7F48359DD0ECA8517A4CDB8BBA6048FFFFFFFFFFC8FFF00022B162EB54372D2409DC354
0EFF2126B78D8359C60ECA7317A4BAB8CBA6048FFFFFFFFFFC8FFF000209162EB54372D2409DC36C
0EFF8A26B82F8359BE0ECAA017A4E3B8BBA6048FFFFFFFFFFC8FFF0001C7162EB54372D3409DC384
0EFF8026B8218359CD0ECAA617A4E6B8BBA6048FFFFFFFFFFC8FFF0003A1162EB64372D3409DC39C
0EFF6526B7F28359CE0ECA8F17A4D3B8CBA6048FFFFFFFFFFC9FFF0003F3162EB64372D3409DB3B4
0EFF7B26B8188359B80ECAA217A4E1B8BBA6048FFFFFFFFFFC7FFF0003F6162EB64372D3409DB3CC
0EFF5526B7DD8359B90ECA8317A4C7B8BBA6048FFFFFFFFFFC7FFF000352162EB74372D3409DB3E4
0EFF5F26B7F18359C90ECA8117A4CAB8BBA6048FFFFFFFFFFC7FFF000366162EB74372D3409DB3FC
0EFF5426B7DD8359D00ECA7B17A4C1B8BBA6048FFFFFFFFFFC8FFF00031F162EB74372D3409DA314
0EFF5B26B7EB8359CF0ECA6817A4B4B8BBA6048FFFFFFFFFFC8FFF0002C2162EB84372D3409DA32C
0EFF1826B7858359CB0ECA5A17A4A7B8BBA6048FFFFFFFFFFC8FFF0002F1162EB84372D3409DA344
0EFF9E26B8508359BD0ECAD017A50BB8BBA7048FFFFFFFFFFC8FFF0003E0162EB84372D3409DA35C
0EFFA126B8498359B20ECAD817A50DB8DBA7048FFFFFFFFFFC7FFF0003FB162EB94372D4409DA374
0EFF7126B80D8359B70ECAA017A4DDB8CBA6048FFFFFFFFFFC9FFF0003FB162EB94372D4409DA38C
0EFF9E26B8478359C40ECAC917A503B8ABA6048FFFFFFFFFFC9FFF0003FD162EB94372D4409DA3A4
0EFF2A26B79C8359D00ECA6A17A4B1B8BBA7048FFFFFFFFFFC8FFF00035A162EBA4372D4409DA3BC
0EFF3F26B7C18359D60ECA5C17A4AAB8BBA7048FFFFFFFFFFC8FFF00021E162EBA4372D4409DA3D4
0EFF5126B7E08359C50ECA6717A4B3B8BBA7048FFFFFFFFFFC8FFF00034A162EBA4372D4409DA3EC
0EFFA526B8568359AD0ECACC17A505B8CBA7048FFFFFFFFFFC8FFF0003CB162EBB4372D4409D9304
0EFFB626B8718359AC0ECAD717A50FB8CBA6048FFFFFFFFFFC8FFF0003F6162EBB4372D4409D931C
0EFFAE26B8618359BB0ECAE117A517B8CBA6048FFFFFFFFFFC8FFF0002E6162EBB4372D4409D9334
0EFFD626B8A88359C40ECAEA17A523B8CBA7048FFFFFFFFFFC8FFF000240162EBC4372D4409D934C
0EFFE726B8BD8359BE0ECB1417A541B8BBA7048FFFFFFFFFFC7FFF000249162EBC4372D4409D8364
0EFFC126B8828359BD0ECAE617A51CB8BBA7048FFFFFFFFFFC8FFF00022C162EBC4372D5409D837C
0EFF4B26B7D08359C60ECAA517A4E0B8BBA7048FFFFFFFFFFC8FFF000193162EBD4372D5409D8394
0EFF7326B80C8359C40ECAB017A4F4B8BBA7048FFFFFFFFFFC9FFF000195162EBD4372D5409D83AC
0EFF5726B7DE8359AB0ECA9617A4D7B8CBA7048FFFFFFFFFFC8FFF0001F8162EBD4372D5409D83C4
0EFF4F26B7D18359A50ECA8117A4C7B8CBA7048FFFFFFFFFFC9FFF000255162EBE4372D5409D83DC
0EFF4D26B7DA8359CB0ECA6917A4B6B8BBA7048FFFFFFFFFFC8FFF000194162EBE4372D5409D83F4
0EFFA826B85C8359CC0ECAC717A503B8BBA6048FFFFFFFFFFC8FFF000191162EBE4372D5409D830C
0EFFE326B8B78359A30ECB0517A534B8ABA7048FFFFFFFFFFC7FFF000187162EBF4372D5409D8324
0EFFDF26B8AD8359A50ECAFE17A52EB8ABA6048FFFFFFFFFFC7FFF000214162EBF4372D5409D733C
0EFFD126B8998359C00ECAF617A528B8ABA5048FFFFFFFFFFC7FFF0003C6162EBF4372D5409D8354
0EFFDC26B8A98359B60ECAF917A52AB8BBA6048FFFFFFFFFFC7FFF000400162EC04372D6409D836C
0EFFC226B8818359A80ECAE517A519B8BBA6048FFFFFFFFFFC7FFF0003E2162EC04372D6409D7384
0EFFA826B8598359AD0ECADD17A512B8CBA6048FFFFFFFFFFC8FFF00038C162EC04372D6409D739C
0EFFCD26B8918359AE0ECAED17A522B8CBA7048FFFFFFFFFFC9FFF000401162EC14372D6409D63B4
0EFFC026B87C8359A10ECAE517A51AB8DBA7048FFFFFFFFFFC8FFF000401162EC14372D6409D73CC
0EFFCB26B88D8359960ECAEC17A51DB8DBA6048FFFFFFFFFFC7FFF0003F8162EC14372D6409D63E4
0EFFD926B8A383599C0ECAFF17A52FB8CBA6048FFFFFFFFFFC7FFF000401162EC24372D6409D63FC
0EFFCF26B8978359A50ECAF417A527B8CBA6048FFFFFFFFFFC7FFF0003FB162EC24372D6409D6314
0EFFC126B87A8359A50ECAEA17A51CB8BBA5048FFFFFFFFFFC8FFF000406162EC24372D6409D632C
0EFFC326B8868359A00ECAE517A51AB8ABA5048FFFFFFFFFFC8FFF0003F4162EC34372D6409D6344
0EFFFF26B8DC8359940ECB1417A541B8ABA5048FFFFFFFFFFC8FFF000404162EC34372D7409D535C
0F000226B8DE8359830ECB3317A559B8ABA6048FFFFFFFFFFC8FFF0003F8162EC34372D7409D5374
0EFFC326B8808359840ECAF217A522B8BBA6048FFFFFFFFFFC9FFF000400162EC44372D7409D538C
0EFF8A26B82A83598F0ECABC17A4F5B8ABA6048FFFFFFFFFFC8FFF000403162EC44372D7409D53A4
0EFF9726B83D8359920ECAB917A4F5B8BBA5048FFFFFFFFFFC8FFF0003FD162EC44372D7409D53BC
0EFF9726B83C8359940ECAC417A4FCB8CBA5048FFFFFFFFFFC8FFF000408162EC54372D7409D53D4
0EFF7726B80D8359860ECAB817A4F1B8CBA5048FFFFFFFFFFCAFFF000407162EC54372D7409D43EC
0EFF5726B7D88359790ECA8917A4C8B8CBA5048FFFFFFFFFFC9FFF0003FB162EC54372D7409D5304
0EFF2A26B79283597E0ECA5B17A4A3B8BBA5048FFFFFFFFFFC8FFF0003FC162EC64372D7409D431C
0EFF2326B78B83598D0ECA4517A494B8BBA5048FFFFFFFFFFC8FFF000401162EC64372D7409D4334
0EFF3726B7A68359850ECA5D17A4A6B8BBA6048FFFFFFFFFFC8FFF000405162EC64372D8409D434C
0EFEFC26B74483596F0ECA2D17A47AB8BBA6048FFFFFFFFFFC8FFF0003FB162EC74372D8409D4364
0EFECD26B7058359790ECA0317A459B8BBA6048FFFFFFFFFFC8FFF000403162EC74372D8409D437C
0EFEAE26B6D283598D0EC9D817A437B8BBA6048FFFFFFFFFFC8FFF000404162EC74372D8409D4394
0EFEAD26B6D28359830EC9E617A443B8DBA6048FFFFFFFFFFC8FFF000405162EC84372D8409D43AC
0EFEA626B6C483596F0EC9D017A42DB8DBA6048FFFFFFFFFFC8FFF0003FC162EC84372D8409D33C4
0EFE9C26B6B48359700EC9C817A426B8DBA6048FFFFFFFFFFC8FFF000403162EC84372D8409D33DC
0EFE8E26B69E8359740EC9BA17A41CB8DBA6048FFFFFFFFFFC8FFF000403162EC94372D8409D33F4
0EFEA326B6BD8359730EC9D917A435B8DBA6048FFFFFFFFFFC9FFF000403162EC94372D8409D330C
0EFEE326B7268359700ECA0017A458B8DBA7049FFFFFFFFFFC9FFF0003FB162EC94372D9409D2324
0EFEE626B7188359710ECA3117A47AB8BBA704FFFFFFFFFFFC8FFF000405162ECA4372D9409D233C
0EFE7226B6788359740EC9B117A412B8ABA6057FFFFFFFFFFC8FFF0003FC162ECA4372D9409D3354
0EFEAE26B6D18359640EC9D617A432B8ABA6057FFFFFFFFFFC8FFF000403162ECA4372D9409D236C
0EFECC26B70083595E0EC9ED17A443B8ABA7056FFFFFFFFFFC8FFF0003F9162ECB4372D9409D3384
0EFEC026B6E98359710EC9FE17A452B8BBA7056FFFFFFFFFFC8FFF000403162ECB4372D9409D239C
0EFE8426B68F83596E0EC9BD17A41CB8CBA8056FFFFFFFFFFC9FFF0003FE162ECB4372D9409D23B4
0EFE9626B6AC83595B0EC9D117A42DB8CBA8057FFFFFFFFFFCAFFF000407162ECC4372D9409D23CC
0EFED026B7038359520EC9DE17A434B8CBA8056FFFFFFFFFFC9FFF000404162ECC4372D9409D23E4
0EFF1026B7698359590ECA2317A472B8BBA8056FFFFFFFFFFC9FFF0003FB162ECC4372DA409D23FC
0EFF7226B7F48359600ECA9617A4CEB8BBA8057FFFFFFFFFFC9FFF000401162ECD4372DA409D1314
0EFF2D26B78F83596D0ECA6717A4ACB8ABA7056FFFFFFFFFFC8FFF000408162ECD4372DA409D132C
0EFF1226B7688359770ECA4117A48CB8ABA7057FFFFFFFFFFC7FFF000402162ECD4372DA409D1344
0EFF2B26B79C83596B0ECA4717A492B8ABA7056FFFFFFFFFFC7FFF000409162ECE4372DA409D135C
0EFF7526B7FC83594F0ECA9F17A4D9B8ABA7057FFFFFFFFFFC7FFF000404162ECE4372DA409D0374
0EFF5926B7D883594A0ECA7A17A4B9B89BA7056FFFFFFFFFFC8FFF0003F8162ECE4372DA409D038C
0EFF0026B74B83596A0ECA4517A48EB8BBA6056FFFFFFFFFFC9FFF000404162ECF4372DA409D13A4
0EFEAF26B6CE83597C0EC9E917A43FB8BBA6057FFFFFFFFFFC9FFF000409162ECF4372DA409D03BC
0EFE5426B6498359650EC98717A3F2B8ABA7056FFFFFFFFFFC8FFF00040B162ECF4372DA409D03D4
0EFE4526B62C8359590EC99F17A401B8BBA7056FFFFFFFFFFC8FFF0003FF162ED04372DB409D03EC
0EFE2026B5F983596C0EC95617A3C8B8CBA6057FFFFFFFFFFC8FFF000406162ED04372DB409D0304
0EFE2026B5F28359710EC94717A3BCB8DBA6056FFFFFFFFFFC8FFF000406162ED04372DB409D031C
0EFE4F26B63F83595A0EC97D17A3E9B8EBA7057FFFFFFFFFFC8FFF000407162ED14372DB409D0334
0EFE4226B62983595A0EC98117A3E8B8DBA6057FFFFFFFFFFC8FFF000409162ED14372DB409D034C
0EFE6726B65F83597A0EC98017A3F1B8DBA6057FFFFFFFFFFC9FFF000401162ED14372DB409D0364
0EFE8826B6918359800EC9AD17A40FB8CBA6057FFFFFFFFFFC8FFF000409162ED24372DB409D037C
0EFEE626B7248359630ECA0F17A460B8CBA6057FFFFFFFFFFC9FFF0003FF162ED24372DB409D0394
0EFEF726B73D83595B0ECA1717A468B8CBA6057FFFFFFFFFFC7FFF000406162ED24372DB409CF3AC
0EFEFD26B7488359660ECA2717A474B8BBA7057FFFFFFFFFFC7FFF0003FE162ED34372DC409CF3C4
0EFEE126B71B83596F0ECA0A17A45EB8CBA7057FFFFFFFFFFC7FFF000409162ED34372DC409D03DC
0EFF0A26B76383596B0ECA2317A474B8DBA6057FFFFFFFFFFC8FFF000403162ED34372DC409CE3F4
0EFF6526B7E68359630ECAB417A4EBB8EBA6057FFFFFFFFFFC8FFF00040A162ED44372DC409CE30C
0EFF2426B7808359620ECA4B17A494B8CBA6057FFFFFFFFFFC8FFF000400162ED44372DC409CE324
0EFF0F26B76383596F0ECA5317A49CB8BBA5057FFFFFFFFFFC8FFF000408162ED44372DC409CE33C
0EFF6226B7E98359740ECA8E17A4D3B8BBA5057FFFFFFFFFFC8FFF000407162ED54372DC409CE354
0EFFFE26B8D183595C0ECB2317A549B8BBA5057FFFFFFFFFFC8FFF000403162ED54372DC409CE36C
0F001426B8F58359510ECB3917A55BB8ABA5057FFFFFFFFFFC7FFF000407162ED54372DC409CE384
0F001226B8F38359660ECB2E17A555B8ABA6057FFFFFFFFFFC8FFF000406162ED64372DC409CE39C
0EFF9326B82B8359690ECAFC17A52AB8BBA6057FFFFFFFFFFC7FFF000407162ED64372DD409CD3B4
0EFFB826B86D8359540ECAE217A514B8CBA6057FFFFFFFFFFC8FFF000408162ED64372DD409CD3CC
0EFFF026B8BC8359540ECB0717A533B8CBA6057FFFFFFFFFFC8FFF0003FF162ED74372DD409CD3E4
0EFFFD26B8D583596C0ECB2217A54AB8BBA6057FFFFFFFFFFC7FFF000376162ED74372DD409CD3FC
0F000E26B8EF8359640ECB3217A559B8BBA5057FFFFFFFFFFC7FFF0003D8162ED74372DD409CD314
0F003E26B9378359450ECB6717A584B8ABA5057FFFFFFFFFFC8FFF0003FB162ED84372DD409CD32C
0F005526B9588359410ECB7317A58EB89BA5057FFFFFFFFFFC8FFF000403162ED84372DD409CC344
0F005426B9578359510ECB7517A58EB8ABA5057FFFFFFFFFFC7FFF000405162ED84372DD409CD35C
0F001626B8F68359510ECB4417A564B8BBA5057FFFFFFFFFFC7FFF0003FF162ED94372DD409CC374
0F000726B8E38359500ECB2E17A554B8ABA5057FFFFFFFFFFC9FFF000409162ED94372DD409CC38C
0F002E26B91E8359540ECB4717A56AB89BA6057FFFFFFFFFFC9FFF00040A162ED94372DD409CC3A4
0F003526B9288359570ECB5617A577B89BA5057FFFFFFFFFFC8FFF000400162EDA4372DE409CC3BC
0F002426B90F83594C0ECB5617A575B8ABA5057FFFFFFFFFFC8FFF000406162EDA4372DE409CC3D4
0F001526B8F68359380ECB4317A567B8ABA6057FFFFFFFFFFC9FFF0003FE162EDA4372DE409CC3EC
0F002226B90C8359410ECB4A17A56CB8BBA5057FFFFFFFFFFC8FFF000400162EDB4372DE409CB304
0EFFFE26B8D18359550ECB2717A54EB8CBA5057FFFFFFFFFFC8FFF000406162EDB4372DE409CC31C
0EFFF826B8CC83594B0ECB2317A54EB8CBA5057FFFFFFFFFFC7FFF0003C4162EDB4372DE409CB334
0F000426B8E08359400ECB2017A547B8CBA6057FFFFFFFFFFC7FFF0003D0162EDC4372DE409CB34C
0F000426B8D88359480ECB3617A559B8BBA6057FFFFFFFFFFC8FFF000401162EDC4372DE409CB364
0F001126B8F283593D0ECB3017A556B8ABA5057FFFFFFFFFFC7FFF0003FC162EDC4372DF409CA37C
0F000426B8DC8359360ECB2D17A551B8ABA6057FFFFFFFFFFC7FFF0003F1162EDD4372DF409CA394
0EFFDC26B8998359460ECB1017A53BB8ABA6057FFFFFFFFFFC8FFF00030F162EDD4372DF409CA3AC
0EFFCE26B88F8359480ECAF017A520B8ABA6057FFFFFFFFFFC8FFF0001D6162EDD4372DF409CA3C4
0EFFFA26B8CB83593C0ECB2017A547B8ABA6057FFFFFFFFFFC9FFF000191162EDE4372DF409CA3DC
0EFFED26B8BA8359410ECB1417A53DB8ABA6057FFFFFFFFFFC8FFF0001AA162EDE4372DF409CA3F4
0EFFDC26B8A383593D0ECB0817A533B89BA6057FFFFFFFFFFC8FFF000269162EDE4372DF409CA30C
0EFFEF26B8B98359260ECB1317A53AB88BA5057FFFFFFFFFFC8FFF000359162EDF4372DF409CA324
0EFFF526B8C48359350ECB1617A53FB8ABA6057FFFFFFFFFFC8FFF00024E162EDF4372DF409CA33C
0EFFDE26B8A483594F0ECB0417A532B8BBA6057FFFFFFFFFFC8FFF000243162EDF4372E0409C9354
0EFFE826B8B083593E0ECB0E17A53AB8ABA6057FFFFFFFFFFC8FFF000316162EE04372E0409C936C
0EFFE726B8B08359230ECB0A17A534B8ABA6057FFFFFFFFFFC7FFF000336162EE04372E0409C9384
0EFFDC26B89F83592E0ECB0417A52FB8BBA5057FFFFFFFFFFC8FFF000271162EE04372E0409C939C
0EFFDA26B8988359390ECAFD17A52BB8ABA5057FFFFFFFFFFC9FFF000319162EE14372E0409C93B4
0EFFDB26B8A18359340ECAFF17A52BB8ABA6057FFFFFFFFFFC9FFF0001E7162EE14372E0409C83CC
0EFFE326B8A28359390ECB0817A532B8BBA6057FFFFFFFFFFC9FFF0001B0162EE14372E0409C83E4
0EFFE126B8A58359360ECB0617A531B89BA6057FFFFFFFFFFC8FFF0002C0162EE24372E0409C83FC
0EFFF926B8CD83592E0ECB1917A541B89BA6057FFFFFFFFFFC8FFF0001C8162EE24372E1409C8314
0EFFEE26B8B68359330ECB1B17A541B89BA7057FFFFFFFFFFC8FFF000193162EE24372E1409C832C
0EFFD726B8948359390ECB0417A52FB8ABA7057FFFFFFFFFFC7FFF000190162EE34372E1409C8344
0EFFDC26B89D83592E0ECAFE17A52AB8BBA7057FFFFFFFFFFC7FFF0001D4162EE34372E1409C835C
0EFFD626B8958359300ECAFD17A529B8BBA6057FFFFFFFFFFC7FFF000185162EE34372E1409C8374
0EFFD226B88B8359450ECAF917A529B8ABA6057FFFFFFFFFFC8FFF000197162EE44372E1409C838C
0EFFE326B8A983593D0ECB0617A534B8ABA6057FFFFFFFFFFC8FFF0001EA162EE44372E1409C83A4
0EFFF026B8BD8359270ECB1117A539B8BBA6057FFFFFFFFFFC8FFF000199162EE44372E1409C73BC
0EFFDE26B89F8359270ECB0B17A534B8ABA6057FFFFFFFFFFC9FFF000193162EE44372E2409C73D4
0EFFC626B87C8359350ECAF017A51EB8ABA6057FFFFFFFFFFC8FFF000189162EE54372E2409C83EC
0EFFD726B89483593E0ECAF117A521B8BBA6057FFFFFFFFFFC8FFF000192162EE54372E2409C7304
0EFFDB26B89D8359410ECAFC17A52AB8ABA6057FFFFFFFFFFC8FFF0001BA162EE54372E2409C731C
0EFFD226B88C8359330ECAF817A526B8BBA5057FFFFFFFFFFC8FFF000368162EE64372E2409C7334
0EFFED26B8B783591D0ECB0E17A538B8CBA5057FFFFFFFFFFC8FFF0003D1162EE64372E2409C634C
0F000226B8D48359220ECB2817A54DB8CBA4057FFFFFFFFFFC7FFF000372162EE64372E2409C6364
0EFFF126B8BE8359310ECB1717A53FB8DBA5057FFFFFFFFFFC8FFF000269162EE74372E2409C637C
0EFFE626B8AA83593D0ECB0F17A539B8CBA5057FFFFFFFFFFC9FFF0002C4162EE74372E3409C6394
0EFFDB26B89A8359410ECB0517A531B8ABA5057FFFFFFFFFFC9FFF0001DA162EE74372E3409C63AC
0F000D26B8EE83592A0ECB3117A557B89BA6057FFFFFFFFFFC7FFF000218162EE84372E3409C63C4
0F006226B96A8359180ECBA117A5B3B89BA6057FFFFFFFFFFC7FFF0003DA162EE84372E3409C53DC
0F000526B8D68359260ECB5517A56EB8ABA5057FFFFFFFFFFC8FFF0003F9162EE84372E3409C63F4
0EFFDB26B8998359330ECB0617A532B8ABA6057FFFFFFFFFFC9FFF000394162EE94372E3409C530C
0F000B26B8E68359300ECB3717A55DB8ABA5057FFFFFFFFFFC9FFF0002FC162EE94372E3409C5324
0F004026B9348359230ECB8C17A5A1B8ABA5057FFFFFFFFFFC9FFF00019E162EE94372E3409C533C
0F008626B99D83591D0ECBAC17A5BBB8ABA5057FFFFFFFFFFC8FFF0002B0162EEA4372E4409C5354
0F005526B95B8359290ECB7D17A591B89BA6057FFFFFFFFFFC8FFF0003F1162EEA4372E4409C436C
0EFFFF26B8D68359360ECB2D17A552B88BA6057FFFFFFFFFFC9FFF0003D8162EEA4372E4409C4384
0F003126B9218359280ECB6417A581B88BA6057FFFFFFFFFFC8FFF0001F5162EEB4372E4409C439C
0F00D826BA258359080ECBED17A5F1B88BA6058FFFFFFFFFFC8FFF0001F8162EEB4372E4409C43B4
0F017E26BB178359020ECC4A17A644B88BA6058FFFFFFFFFFC8FFF000269162EEB4372E4409C43CC
0F00B826B9E88359200ECBFE17A600B8ABA6058FFFFFFFFFFC8FFF0003F0162EEC4372E4409C43E4
0F006926B9778359310ECB9817A5ADB8ABA6058FFFFFFFFFFC8FFF000330162EEC4372E4409C43FC
0F007326B98883592A0ECBA017A5B5B89BA5057FFFFFFFFFFC7FFF00028E162EEC4372E4409C4314
0F010C26BA7983591A0ECC4F17A647B87BA5058FFFFFFFFFFC7FFF0003F7162EED4372E5409C332C
0F01D826BBA78359110ECCF717A6D1B87BA6057FFFFFFFFFFC8FFF0003AF162EED4372E5409C4344
0F01DB26BBA983590F0ECD2617A6F9B88BA5057FFFFFFFFFFC8FFF0001C9162EED4372E5409C435C
0F019126BB3183591A0ECCF017A6CAB89BA5057FFFFFFFFFFC8FFF0001A8162EEE4372E5409C2374
0F010826BA698359270ECC5617A64BB8ABA5057FFFFFFFFFFC9FFF00018E162EEE4372E5409C338C
0F010626BA6B8359260ECC6417A65AB8BBA5057FFFFFFFFFFC9FFF00027A162EEE4372E5409C23A4
0F01CB26BBA083591B0ECD3217A70AB89BA5057FFFFFFFFFFC9FFF0003B0162EEF4372E5409C23BC
0F02AB26BCE88359120ECDFD17A7B1B89BA4057FFFFFFFFFFC9FFF000377162EEF4372E5409C23D4
0F020E26BBF783591F0ECD7517A733B8BBA4057FFFFFFFFFFC9FFF0002F6162EEF4372E6409C23EC
0F010826BA6A8359310ECC6017A653B8ABA4057FFFFFFFFFFC9FFF0003AD162EEF4372E6409C2304
0F010E26BA848359290ECC4317A646B8ABA4057FFFFFFFFFFC9FFF000405162EF04372E6409C231C
0F020B26BBFA8359140ECD7117A73CB8BBA4057FFFFFFFFFFC8FFF0003B6162EF04372E6409C2334
0F024226BC4E8359150ECD7017A738B8BBA4057FFFFFFFFFFC8FFF0001EB162EF04372E6409C234C
0F017526BB0D8359250ECCDF17A6BAB8ABA4057FFFFFFFFFFC9FFF0001F1162EF14372E6409C2364
0F00C826BA1383592C0ECC0417A60AB89BA4057FFFFFFFFFFC8FFF0003DD162EF14372E6409C237C
0F00F726BA5C83591F0ECC4F17A64CB89BA5057FFFFFFFFFFC9FFF00040E162EF14372E6409C1394
0F018026BB2783590F0ECCEF17A6D1B8ABA5057FFFFFFFFFFC9FFF0003F8162EF24372E6409C13AC
0F00EF26BA3D83591C0ECC6F17A65BB8ABA5057FFFFFFFFFFCAFFF0002C3162EF24372E7409C13C4
0F008D26B9B083592A0ECBBC17A5CCB89BA5057FFFFFFFFFFC9FFF000372162EF24372E7409C13DC
0F008626B9AB8359200ECBC717A5DBB89BA5057FFFFFFFFFFC8FFF000400162EF34372E7409C13F4
0F00A726B9D483591C0ECBE817A5EFB8ABA5057FFFFFFFFFFC8FFF00040C162EF34372E7409C030C
0F009826B9C08359220ECBC517A5D4B8ABA5057FFFFFFFFFFC8FFF000401162EF34372E7409C0324
0F008926B9AC83591B0ECBB017A5C2B8ABA5057FFFFFFFFFFC8FFF000404162EF44372E7409C033C
0F007E26B99A8359160ECBA817A5B9B8BBA5057FFFFFFFFFFC9FFF000403162EF44372E7409C0354
0F009326B9B78359190ECBC417A5D4B8BBA6058FFFFFFFFFFC8FFF00040A162EF44372E7409C036C
0F008926B9A78359210ECBC117A5D0B8ABA5058FFFFFFFFFFC8FFF000405162EF54372E7409C0384
0F008226B99C8359260ECBAA17A5BDB8BBA5057FFFFFFFFFFC8FFF00040E162EF54372E8409C039C
0F007C26B9958359270ECBA217A5B6B8ABA5057FFFFFFFFFFC8FFF00040A162EF54372E8409C03B4
0F007226B9808359200ECBA217A5B6B8ABA5058FFFFFFFFFFC8FFF0003D5162EF64372E8409BF3CC
0F007726B98D83591A0ECBAC17A5BEB8BBA6057FFFFFFFFFFC8FFF0003A1162EF64372E8409BF3E4
0F00A426B9D283591F0ECBCF17A5DCB8ABA6057FFFFFFFFFFC8FFF0003E8162EF64372E8409BF3FC
0F009426B9B78359240ECBBF17A5CEB88BA5057FFFFFFFFFFC8FFF0003E9162EF74372E8409BF314
0F008026B99C83592D0ECBB017A5C2B89BA6057FFFFFFFFFFC8FFF0003C3162EF74372E8409BE32C
0F008B26B9AB8359280ECBB617A5C7B89BA6058FFFFFFFFFFC9FFF0003F4162EF74372E8409BE344
0F00BC26B9F48359150ECBE917A5F0B88BA5057FFFFFFFFFFC9FFF0003FB162EF84372E8409BE35C
0F009226B9B28359170ECBDD17A5E4B88BA5057FFFFFFFFFFC8FFF0003F1162EF84372E9409BF374
0F005726B95C8359230ECB9517A5ABB89BA5057FFFFFFFFFFC8FFF000391162EF84372E9409BE38C
0F004D26B94B8359280ECB7E17A599B89BA5058FFFFFFFFFFC9FFF000365162EF94372E9409BE3A4
0F002F26B91D83592E0ECB6917A584B89BA5058FFFFFFFFFFC8FFF0003C1162EF94372E9409BE3BC
0F003826B92D83592C0ECB6617A586B89BA5058FFFFFFFFFFC9FFF000400162EF94372E9409BE3D4
0F003B26B92C8359250ECB7417A58DB89BA4058FFFFFFFFFFC8FFF00040F162EFA4372E9409BE3EC
0F004926B93F8359270ECB7217A58CB89BA5057FFFFFFFFFFC8FFF000403162EFA4372E9409BD304
0F005926B95C8359220ECB8817A5A2B8ABA5058FFFFFFFFFFC8FFF0003A7162EFA4372E9409BE31C
0F004B26B9478359230ECB7717A592B8ABA5057FFFFFFFFFFC8FFF000314162EFB4372E9409BD334
0EFFFC26B8CA8359390ECB3A17A55BB8ABA6057FFFFFFFFFFC9FFF0003F1162EFB4372E9409BD34C
0EFFC326B87C8359450ECAE917A51DB89BA6057FFFFFFFFFFC9FFF00040E162EFB4372EA409BD364
0F002826B9138359330ECB5217A574B88BA6058FFFFFFFFFFC8FFF000415162EFC4372EA409BC37C
0F004D26B9498359210ECB8917A59FB89BA6058FFFFFFFFFFC7FFF000405162EFC4372EA409BC394
0F002F26B91A83592B0ECB5D17A57BB8ABA6058FFFFFFFFFFC8FFF0003F7162EFC4372EA409BC3AC
0EFFE826B8B38359370ECB2717A54FB8ABA6058FFFFFFFFFFC8FFF0003E0162EFC4372EA409BC3C4
0EFFE826B8AE83592D0ECB3417A559B8ABA6058FFFFFFFFFFC8FFF000409162EFD4372EA409BC3DC
0EFFD726B8928359280ECB0A17A535B8ABA5058FFFFFFFFFFC9FFF000415162EFD4372EA409BC3F4
0EFFCC26B88383593B0ECAFF17A52DB8ABA5058FFFFFFFFFFC8FFF000411162EFD4372EA409BC30C
0EFFB226B85F83594D0ECADE17A512B8ABA5058FFFFFFFFFFC8FFF000404162EFE4372EA409BC324
0EFFB726B8658359460ECADE17A512B8BBA5058FFFFFFFFFFC8FFF000416162EFE4372EB409BC33C
0EFFBB26B86B83593A0ECAED17A51EB8BBA5058FFFFFFFFFFC8FFF000413162EFE4372EB409BC354
0EFFDA26B89E8359310ECAFF17A52CB8BBA5058FFFFFFFFFFC8FFF000408162EFF4372EB409BC36C
0EFFF826B8C483592F0ECB2517A54AB8ABA6058FFFFFFFFFFC8FFF000409162EFF4372EB409BB384
0EFFDA26B8978359410ECB0517A52FB8ABA6058FFFFFFFFFFC8FFF00040F162EFF4372EB409BB39C
0F000926B8E28359480ECB2817A550B8ABA6058FFFFFFFFFFC8FFF000411162F004372EB409BB3B4
0EFFD926B89683593B0ECB0317A530B89BA5058FFFFFFFFFFC8FFF00041A162F004372EB409BB3CC
0EFFD226B88C8359370ECB0017A52CB88BA6058FFFFFFFFFFC8FFF000416162F004372EB409BA3E4
0F000D26B8E98359460ECB2517A54EB8ABA6058FFFFFFFFFFC7FFF00040B162F014372EB409BA3FC
0EFFE526B8A883594A0ECB1E17A547B8BBA6058FFFFFFFFFFC9FFF000415162F014372EC409BA314
0F000F26B8EF83593B0ECB3617A55CB8CBA5058FFFFFFFFFFC8FFF000415162F014372EC409BA32C
0F002926B9118359310ECB5817A574B8CBA5058FFFFFFFFFFC8FFF000412162F024372EC409BA344
0F000126B8D28359370ECB3517A558B8CBA5058FFFFFFFFFFC8FFF000411162F024372EC409BA35C
0EFFD526B8968359440ECAFD17A52EB8BBA5058FFFFFFFFFFC8FFF000415162F024372EC409BA374
0EFFD626B8958359550ECAF617A527B8BBA5058FFFFFFFFFFC8FFF000408162F034372EC409BA38C
0EFFD926B89783595F0ECB0B17A53AB8BBA6058FFFFFFFFFFC9FFF00041A162F034372EC409BA3A4
0EFFC726B88083595C0ECAF017A522B8BBA6058FFFFFFFFFFC8FFF000416162F034372EC409B93BC
0EFFDD26B8A38359430ECB1817A543B8CBA7058FFFFFFFFFFC8FFF000412162F044372EC409B93D4
0F001B26B8FE8359350ECB4717A567B8DBA6058FFFFFFFFFFC7FFF000410162F044372ED409B93EC
0EFFE426B8AB83594C0ECB1617A53FB8DBA6058FFFFFFFFFFC7FFF000413162F044372ED409B9304
0EFFF726B8C483595D0ECB2117A54CB8EBA6058FFFFFFFFFFC9FFF000405162F044372ED409B931C
0EFFE226B8A483595E0ECB1617A541B8EBA5058FFFFFFFFFFC9FFF000419162F054372ED409B8334
0EFFE926B8B48359620ECB0F17A53BB8CBA6058FFFFFFFFFFC9FFF000417162F054372ED409B834C
0EFFF026B8BD8359600ECB1A17A544B8BBA6058FFFFFFFFFFC9FFF00040C162F054372ED409B8364
0EFFF226B8C383595E0ECB1B17A546B8ABA6058FFFFFFFFFFC9FFF000415162F064372ED409B837C
0F000B26B8E48359630ECB2917A551B8BBA7058FFFFFFFFFFC8FFF00040D162F064372ED409B8394
0EFFFF26B8D48359630ECB2917A550B8CBA7058FFFFFFFFFFC8FFF000417162F064372ED409B83AC
0EFFE926B8B68359630ECB1117A53DB8BBA7058FFFFFFFFFFC8FFF000415162F074372ED409B83C4
0EFFF026B8BF8359760ECB1517A545B8BBA7058FFFFFFFFFFC8FFF000403162F074372EE409B83DC
0EFFFE26B8D88359880ECB1B17A549B8BBA6058FFFFFFFFFFC9FFF000417162F074372EE409B83F4
0EFFFD26B8D48359820ECB2117A54CB8ABA6058FFFFFFFFFFC9FFF000408162F084372EE409B830C
0EFFF926B8CF8359760ECB2017A54BB8ABA6058FFFFFFFFFFC9FFF00041A162F084372EE409B7324
0F000A26B8E98359780ECB2D17A557B89BA6058FFFFFFFFFFC9FFF000416162F084372EE409B733C
0EFFFC26B8D48359830ECB2A17A554B8BBA6058FFFFFFFFFFC7FFF000413162F094372EE409B7354
0F000626B8E58359830ECB3017A55BB8BBA6058FFFFFFFFFFC8FFF00040B162F094372EE409B636C
0F001926B8FB8359800ECB4F17A56FB8ABA6058FFFFFFFFFFC8FFF000417162F094372EE409B7384
0EFFDA26B8A38359900ECB0517A536B8ABA6058FFFFFFFFFFC9FFF00041A162F0A4372EE409B639C
0EFFB626B8648359940ECAF117A524B8ABA6058FFFFFFFFFFC8FFF000411162F0A4372EE409B63B4
0EFF9A26B83C8359890ECAD217A50CB8ABA6058FFFFFFFFFFC7FFF000413162F0A4372EF409B63CC
0EFF8C26B82B8359910ECAC817A500B8BBA6058FFFFFFFFFFC8FFF000413162F0A4372EF409B63E4
0EFF8326B81883599D0ECAAA17A4EAB8BBA6058FFFFFFFFFFC9FFF000417162F0B4372EF409B63FC
0EFF7B26B80F8359990ECA9D17A4DEB8BBA6058FFFFFFFFFFC8FFF000413162F0B4372EF409B6314
0EFF7F26B8148359900ECAAD17A4EBB8ABA6058FFFFFFFFFFC8FFF000414162F0B4372EF409B632C
0EFF7426B8028359920ECAA417A4E3B8ABA6058FFFFFFFFFFC9FFF000417162F0C4372EF409B5344
0EFF1B26B77283599F0ECA5E17A4A6B8ABA6058FFFFFFFFFFC9FFF000417162F0C4372EF409B535C
0EFEB526B6E28359A40EC9E617A445B8ABA6058FFFFFFFFFFC9FFF000410162F0C4372EF409B4374
0EFEBE26B6B18359A60EC9E517A445B8BBA6058FFFFFFFFFFC8FFF00041B162F0D4372EF409B538C
0EFEBD26B6EC8359AD0EC9E617A445B8CBA6058FFFFFFFFFFC8FFF00041B162F0D4372EF409B43A4
0EFECC26B7008359AC0EC9EE17A44CB8DBA6058FFFFFFFFFFC8FFF000407162F0D4372F0409B43BC
0EFED326B7088359A20ECA0C17A463B8EBA6058FFFFFFFFFFC8FFF000417162F0E4372F0409B53D4
0EFEAA26B6CD83599D0EC9DF17A43BB8EBA6058FFFFFFFFFFC8FFF000416162F0E4372F0409B43EC
0EFEA326B6BE8359A30EC9D317A433B8EBA6058FFFFFFFFFFC8FFF000418162F0E4372F0409B4304
0EFE9A26B6B38359AD0EC9C017A426B8EBA6058FFFFFFFFFFC8FFF00041B162F0F4372F0409B431C
0EFE9126B6A48359BF0EC9BC17A422B8EBA6058FFFFFFFFFFC8FFF000414162F0F4372F0409B4334
0EFE9126B6A98359C60EC9B817A41DB8EBA6058FFFFFFFFFFC8FFF00041E162F0F4372F0409B434C
0EFE7726B67D8359BE0EC9A717A40FB8FBA6058FFFFFFFFFFC8FFF000414162F104372F0409B4364
0EFE6226B65E8359BA0EC98B17A3F7B8FBA6058FFFFFFFFFFC9FFF00041B162F104372F0409B337C
0EFE5726B6468359BE0EC98717A3F3B8FBA6058FFFFFFFFFFC9FFF000419162F104372F1409B4394
0EFE3626B6188359C60EC96C17A3DFB8EBA6058FFFFFFFFFFC7FFF000407162F104372F1409B33AC
0EFE3B26B6218359C20EC96717A3DAB8EBA6058FFFFFFFFFFC7FFF000419162F114372F1409B33C4
0EFE4B26B63D8359BB0EC97517A3E6B8EBA6058FFFFFFFFFFC8FFF00041A162F114372F1409B23DC
0EFE6226B65B8359CD0EC99017A3FFB8EBA6058FFFFFFFFFFC8FFF00040A162F114372F1409B33F4
0EFE4426B6338359E70EC96E17A3E3B8EBA7059FFFFFFFFFFC8FFF000420162F124372F1409B230C
0EFE4626B63A8359E00EC97C17A3EDB8EBA7059FFFFFFFFFFC8FFF00041F162F124372F1409B2324
0EFE6A26B6688359D70EC99217A3FEB8EBA6059FFFFFFFFFFC8FFF00041A162F124372F1409B233C
0EFE6A26B66A8359DC0EC99117A3FDB8FBA7058FFFFFFFFFFC8FFF00040C162F134372F1409B2354
0EFE5726B64A8359D70EC98717A3F4B8FBA7058FFFFFFFFFFC8FFF000414162F134372F1409B236C
0EFE9726B6B68359D00EC9B017A418B8FBA7059FFFFFFFFFFC9FFF000416162F134372F1409B2384
0EFEBB26B6E68359E50EC9DA17A43DB8FBA6058FFFFFFFFFFC8FFF00041C162F144372F2409B239C
0EFEA126B6C28359FE0EC9D417A439B8FBA7059FFFFFFFFFFC7FFF000416162F144372F2409B13B4
0EFE7D26B68C835A030EC9B117A41AB8EBA7059FFFFFFFFFFC8FFF00041C162F144372F2409B23CC
0EFE8926B69E835A010EC9B617A420B8DBA7058FFFFFFFFFFC6FFF000410162F144372F2409B23E4
0EFEA426B6CA8359EB0EC9C817A42FB8DBA7059FFFFFFFFFFC8FFF000414162F154372F2409B23FC
0EFED326B70D8359D50EC9F017A44DB8FBA6059FFFFFFFFFFC9FFF000411162F154372F2409B1314
0EFF0026B7568359E40ECA0D17A469B8FBA6059FFFFFFFFFFC8FFF000412162F154372F2409B132C
0EFEF126B73A835A010ECA1F17A478B8FBA6059FFFFFFFFFFC8FFF00040E162F164372F2409B0344
0EFEE226B72B835A0F0ECA0317A462B8EBA7059FFFFFFFFFFC8FFF00041D162F164372F2409B035C
0EFEEA26B734835A130ECA1217A46DB8EBA6059FFFFFFFFFFC8FFF00041F162F164372F2409B0374
0EFEDA26B720835A0D0ECA0317A460B8EBA6058FFFFFFFFFFC8FFF000413162F174372F2409B038C
0EFEE726B72C8359F70ECA0E17A469B8FBA6059FFFFFFFFFFC7FFF00040A162F174372F3409B03A4
0EFEFA26B74A8359E90ECA1A17A472B8FBA6059FFFFFFFFFFC8FFF00040E162F174372F3409B03BC
0EFF0126B75C8359FB0ECA2317A47BB8FBA6059FFFFFFFFFFC8FFF000406162F184372F3409B03D4
0EFEEF26B73B835A110ECA1517A472B8FBA6059FFFFFFFFFFC8FFF00040E162F184372F3409B03EC
0EFEF126B742835A160ECA1817A474B8EBA7059FFFFFFFFFFC7FFF00041C162F184372F3409B0304
0EFEED26B73B835A160ECA1E17A477B8EBA7059FFFFFFFFFFC7FFF000418162F194372F3409B031C
0EFED426B719835A160EC9F417A455B8FBA8059FFFFFFFFFFC7FFF00041A162F194372F3409B0334
0EFEF126B73D835A0E0ECA2117A47AB90BA7059FFFFFFFFFFC8FFF000415162F194372F3409B034C
0EFEE126B727835A0A0ECA0C17A469B90BA7059FFFFFFFFFFC9FFF000410162F194372F3409B0364
0EFE8C26B69F835A110EC9D917A439B90BA6059FFFFFFFFFFC8FFF000409162F1A4372F3409AE37C
0EFE6F26B681835A250EC98917A400B90BA6059FFFFFFFFFFC7FFF000418162F1A4372F3409B0394
0EFEBA26B6F0835A260EC9E017A448B91BA6059FFFFFFFFFFC7FFF000412162F1A4372F3409AE3AC
0EFEC226B6FA835A1E0EC9EA17A44DB91BA6059FFFFFFFFFFC8FFF000408162F1B4372F4409AE3C4
0EFE9326B6AF835A2E0EC9CA17A434B90BA7059FFFFFFFFFFC8FFF00041A162F1B4372F4409AE3DC
0EFE4326B637835A320EC97117A3E7B8FBA8059FFFFFFFFFFC8FFF000411162F1B4372F4409AE3F4
0EFE3B26B62A835A200EC98517A3FAB8EBA7059FFFFFFFFFFC9FFF00041A162F1C4372F4409AE30C
0EFE4B26B640835A1D0EC97F17A3F1B8DBA7059FFFFFFFFFFC9FFF00040E162F1C4372F4409AE324
0EFE4C26B643835A290EC97717A3ECB8DBA7059FFFFFFFFFFC8FFF0003F7162F1C4372F4409AE33C
0EFE0726B5D6835A290EC94017A3BCB8DBA7059FFFFFFFFFFC8FFF0003F4162F1D4372F4409AE354
0EFE1F26B603835A2A0EC93F17A3BEB8DBA7059FFFFFFFFFFC8FFF000410162F1D4372F4409AE36C
0EFE1026B5E4835A3A0EC94E17A3C8B8DBA7059FFFFFFFFFFC8FFF00041F162F1D4372F4409AE384
0EFDD426B58C835A470EC90D17A392B8DBA7059FFFFFFFFFFC7FFF00041F162F1E4372F5409AD39C
0EFDD726B592835A3B0EC90A17A394B8BBA7059FFFFFFFFFFC7FFF00041B162F1E4372F5409AD3B4
0EFE1526B5F1835A2A0EC94317A3C0B8CBA7059FFFFFFFFFFC9FFF000418162F1E4372F5409AD3CC
0EFE7126B67C835A240EC98C17A3FDB8EBA6059FFFFFFFFFFC9FFF000415162F1F4372F5409AC3E4
0EFE6626B66C835A300EC99017A403B8EBA6059FFFFFFFFFFC9FFF00040B162F1F4372F5409AC3FC
0EFE5226B650835A450EC97A17A3EFB8DBA7059FFFFFFFFFFC8FFF000411162F1F4372F5409AC314
0EFE5626B653835A560EC98B17A400B8DBA7059FFFFFFFFFFC9FFF000416162F1F4372F5409AC32C
0EFE6026B666835A520EC98E17A402B8DBA7059FFFFFFFFFFC9FFF000420162F204372F5409AC344
0EFE6526B66C835A390EC99417A408B8EBA7059FFFFFFFFFFC9FFF000413162F204372F5409AC35C
0EFE9026B6AB835A2D0EC9B317A420B8EBA8059FFFFFFFFFFC8FFF000412162F204372F6409AC374
0EFEA526B6C9835A430EC9CA17A435B8FBA7059FFFFFFFFFFC8FFF0003D7162F214372F6409AC38C
0EFE6E26B67C835A5C0EC99417A409B8EBA7059FFFFFFFFFFC8FFF00040A162F214372F6409AC3A4
0EFE6226B667835A5B0EC98517A3FCB8EBA7059FFFFFFFFFFC8FFF000420162F214372F6409AB3BC
0EFE5226B654835A450EC98817A3FCB8DBA7059FFFFFFFFFFC8FFF00041F162F224372F6409AC3D4
0EFE6B26B670835A3C0EC99917A40AB8CBA6059FFFFFFFFFFC9FFF000412162F224372F6409AB3EC
0EFE7726B68C835A520EC99517A40AB8CBA6059FFFFFFFFFFC9FFF00041A162F224372F6409AC304
0EFE8126B69A835A610EC9A817A419B8CBA7059FFFFFFFFFFC9FFF000415162F234372F6409AA31C
0EFE7A26B693835A5B0EC99217A408B8DBA8059FFFFFFFFFFC8FFF000413162F234372F6409AA334
0EFE9E26B6C0835A4C0EC9D317A439B8BBA7059FFFFFFFFFFC9FFF000416162F234372F6409AA34C
0EFEA726B6D4835A3B0EC9DD17A444B8ABA6059FFFFFFFFFFC9FFF000419162F244372F6409AB364
0EFE7526B683835A360EC9B017A41DB8CBA6059FFFFFFFFFFC8FFF000414162F244372F7409AA37C
0EFE6E26B67D835A570EC99817A40EB8DBA6059FFFFFFFFFFC8FFF00041D162F244372F7409AA394
0EFE5D26B668835A710EC98517A3FDB8EBA5059FFFFFFFFFFC8FFF000424162F254372F7409AA3AC
0EFE6126B66B835A520EC98D17A403B8EBA5059FFFFFFFFFFC8FFF00041A162F254372F7409AA3C4
0EFE9F26B6C7835A230EC9C017A42AB8EBA6059FFFFFFFFFFC8FFF000414162F254372F7409AA3DC
0EFEBE26B6F2835A210EC9C117A42DB8DBA6059FFFFFFFFFFC8FFF0003BE162F264372F7409A93F4
0EFEAD26B6DA835A390EC9DA17A441B8DBA7059FFFFFFFFFFC8FFF0003F4162F264372F7409A930C
0EFE6326B668835A440EC99B17A40BB8DBA7059FFFFFFFFFFC8FFF00040F162F264372F7409AA324
0EFE6826B66C835A420EC98F17A401B8EBA7059FFFFFFFFFFC8FFF000423162F274372F7409A833C
0EFE3626B622835A3F0EC96417A3DFB8EBA6059FFFFFFFFFFC8FFF000422162F274372F7409A8354
0EFE3626B624835A3D0EC96417A3DBB8CBA6059FFFFFFFFFFC9FFF00041F162F274372F8409A936C
0EFE4D26B64A835A400EC96D17A3E5B8DBA7059FFFFFFFFFFC7FFF000412162F284372F8409A8384
0EFEAA26B6D3835A470EC9DB17A444B8DBA7059FFFFFFFFFFC7FFF000412162F284372F8409A839C
0EFE6626B66E835A440EC9CD17A435B8EBA7059FFFFFFFFFFC8FFF000419162F284372F8409A83B4
0EFEDC26B720835A340ECA0417A465B8EBA7059FFFFFFFFFFC7FFF00041B162F294372F8409A83CC
0EFEE426B72C835A310ECA1017A46DB8EBA7059FFFFFFFFFFC8FFF000414162F294372F8409A83E4
0EFF3326B7AA835A410ECA4017A49BB8EBA7059FFFFFFFFFFC8FFF00041F162F294372F8409A83FC
0EFF5E26B7E7835A560ECA7517A4C6B8DBA7059FFFFFFFFFFC7FFF000420162F294372F8409A8314
0EFF9F26B84F835A580ECABE17A506B8CBA8059FFFFFFFFFFC8FFF000415162F2A4372F8409A832C
0EFFE526B8C3835A450ECB0417A540B8CBA7059FFFFFFFFFFC7FFF000409162F2A4372F8409A7344
0F002226B91B835A350ECB3C17A56CB8CBA7059FFFFFFFFFFC7FFF000418162F2B4372F9409A835C
0F006926B98A835A2E0ECB8817A5ADB8BBA6059FFFFFFFFFFC6FFF000413162F2B4372F9409A8374
0F006326B983835A2B0ECB8E17A5B0B8CBA6059FFFFFFFFFFC9FFF0003A5162F2B4372F9409A738C
0F008326B9B0835A3B0ECBA717A5C9B8CBA5059FFFFFFFFFFC9FFF000407162F2C4372F9409A73A4
0F003526B93A835A4D0ECB6217A58FB8CBA5059FFFFFFFFFFC9FFF00040E162F2C4372F9409A63BC
0F003226B93A835A450ECB5717A586B8CBA5059FFFFFFFFFFC8FFF000420162F2C4372F9409A73D4
0F004626B954835A360ECB6717A594B8CBA5059FFFFFFFFFFC8FFF00041B162F2D4372F9409A63EC
0F004A26B959835A380ECB7017A59AB8BBA6059FFFFFFFFFFC8FFF0003FA162F2D4372F9409A6304
0F003126B937835A2E0ECB5517A584B8BBA6059FFFFFFFFFFC8FFF00036E162F2D4372F9409A631C
0F003326B938835A270ECB6617A590B8BBA6059FFFFFFFFFFC8FFF0003F2162F2E4372F9409A6334
0EFFD326B89E835A360ECB1517A54BB8BBA5059FFFFFFFFFFC7FFF00040E162F2E4372F9409A634C
0EFFAD26B86B835A340ECAD817A51CB8BBA6059FFFFFFFFFFC7FFF00041B162F2E4372FA409A6364
0EFF8426B826835A330ECAC517A509B8CBA6059FFFFFFFFFFC8FFF00041B162F2F4372FA409A637C
0EFF1F26B790835A490ECA5917A4B2B8DBA6059FFFFFFFFFFC8FFF00041B162F2F4372FA409A5394
0EFF4726B7D6835A460ECA6017A4BAB8EBA6059FFFFFFFFFFC8FFF00041A162F2F4372FA409A53AC
0EFF9426B842835A290ECAB917A501B8DBA6059FFFFFFFFFFCAFFF00040E162F2F4372FA409A63C4
0EFFF026B8CF835A210ECB0017A53AB8DBA6059FFFFFFFFFFC8FFF0003B5162F304372FA409A53DC
0EFFFA26B8E0835A2A0ECB2017A555B8DBA6059FFFFFFFFFFC8FFF0002AD162F304372FA409A53F4
0F001226B906835A360ECB3117A566B8CBA6059FFFFFFFFFFC9FFF0003BC162F304372FA409A430C
0F001826B90D835A400ECB3B17A56EB8CBA6059FFFFFFFFFFC8FFF00041B162F314372FA409A4324
0F001726B90E835A390ECB3617A56BB8DBA6059FFFFFFFFFFC8FFF00040D162F314372FA409A433C
0F000426B8EC835A2C0ECB2E17A562B8CBA6059FFFFFFFFFFC9FFF00041C162F324372FB409A4354
0EFFF826B8E0835A340ECB1A17A551B8BBA6059FFFFFFFFFFC9FFF000414162F324372FB409A436C
0F002B26B92F835A320ECB5117A584B8BBA6059FFFFFFFFFFC9FFF0003E0162F324372FB409A4384
0F015926BAFF835A1D0ECC8217A67FB8DBA6059FFFFFFFFFFC8FFF0003A5162F334372FB409A439C
0F015426BAEC835A190ECC8617A680B8DBA5059FFFFFFFFFFC8FFF000401162F334372FB409A43B4
0F009126B9C5835A2D0ECBEC17A5FFB8CBA5059FFFFFFFFFFCAFFF000417162F334372FB409A43CC
0F001426B90C835A330ECB4117A576B8CBA5059FFFFFFFFFFC9FFF00041B162F334372FB409A43E4
0F000726B8FB835A2D0ECB2917A563B8DBA5059FFFFFFFFFFC9FFF000414162F344372FB409A33FC
0EFFF126B8D6835A240ECB1917A551B8CBA6059FFFFFFFFFFC9FFF00041B162F344372FB409A4314
0EFFF026B8D3835A100ECB1817A551B8CBA6059FFFFFFFFFFC8FFF0003FD162F354372FC409A332C
0F00B626BA0F8359FE0ECBC017A5E5B8DBA6059FFFFFFFFFFC8FFF0003DB162F354372FC409A3344
0F01D026BBAA835A030ECCD117A6BFB8CBA6059FFFFFFFFFFC8FFF000413162F354372FC409A335C
0F012026BA9A835A070ECC6317A65DB8BBA6059FFFFFFFFFFC8FFF000412162F354372FC409A2374
0F005426B96C8359F70ECB9D17A5C0B8BBA5059FFFFFFFFFFC8FFF00041E162F364372FC409A238C
0F003626B93D8359E10ECB6417A591B8CBA5059FFFFFFFFFFC8FFF000414162F364372FC409A23A4
0F004726B9558359C30ECB6C17A596B8CBA5059FFFFFFFFFFC8FFF000410162F374372FC409A23BC
0F004B26B9548359AA0ECB7017A595B8BBA5059FFFFFFFFFFC8FFF000414162F374372FC409A23D4
0F007426B9978359A90ECB9917A5B7B8CBA5059FFFFFFFFFFC9FFF00040D162F374372FC409A23EC
0F006F26B98A8359AE0ECB9817A5B9B8DBA5059FFFFFFFFFFC9FFF000404162F384372FC409A2304
0F006026B9748359960ECB8217A5A4B8EBA5059FFFFFFFFFFC8FFF00041D162F384372FD409A231C
0F00B626B9FB83597A0ECBC617A5DDB8DBA5059FFFFFFFFFFC8FFF000414162F384372FD409A1334
0F014C26BAD48359640ECC6717A660B8BBA5059FFFFFFFFFFC7FFF00041A162F394372FD409A134C
0F017F26BB218359540ECCA417A690B8BBA5059FFFFFFFFFFC7FFF000416162F394372FD409A1364
0F01F326BBD98359500ECCF817A6DBB8BBA5059FFFFFFFFFFC8FFF00040E162F394372FD409A137C
0F023D26BC458359420ECD7F17A74BB8CBA5059FFFFFFFFFFC8FFF000412162F3A4372FD409A0394
0F029126BCBD8359240ECDBA17A779B8DBA5059FFFFFFFFFFC9FFF00041A162F3A4372FD409A13AC
0F026C26BC2983590F0ECD9F17A761B8CBA5059FFFFFFFFFFC8FFF00040F162F3A4372FD409A13C4
0F01F926BBD38359090ECD3617A707B8ABA5059FFFFFFFFFFC8FFF000417162F3A4372FD409A13DC
0F017E26BB198359010ECCBF17A6A5B8ABA5059FFFFFFFFFFC8FFF00041B162F3B4372FD409A03F4
0F019E26BB508358E90ECCC517A6AFB8ABA5059FFFFFFFFFFC9FFF00041D162F3B4372FD409A030C
0F024426BC4E8358CF0ECD6217A731B89BA6059FFFFFFFFFFC8FFF000411162F3C4372FE409A0324
0F034A26BDDF8358BB0ECE5C17A803B89BA6059FFFFFFFFFFC8FFF000415162F3C4372FE409A033C
0F052C26C0BA8358A30ED02C17A985B8BBA5059FFFFFFFFFFC8FFF000415162F3C4372FE409A0354
0F05A126C16883588D0ED0AD17A9EEB8CBA4059FFFFFFFFFFC8FFF000410162F3D4372FE409A036C
0F05B026C1808358810ED0C317AA00B8BBA4059FFFFFFFFFFC8FFF00041A162F3D4372FE4099F384
0F05B226C1888358740ED0C417AA03B8ABA3059FFFFFFFFFFC9FFF00041B162F3D4372FE4099F39C
0F05C126C19B8358580ED0D117AA0DB8ABA3059FFFFFFFFFFC9FFF00041A162F3D4372FE4099F3B4
0F05D026C1B38358390ED0E817AA20B8BBA3059FFFFFFFFFFC8FFF000408162F3E4372FE4099F3CC
0F05EB26C1DB83581F0ED0FF17AA33B8ABA2059FFFFFFFFFFC8FFF000419162F3E4372FE4099E3E4
0F061A26C2238358080ED13717AA63B8ABA2059FFFFFFFFFFC8FFF000417162F3E4372FF4099E3FC
0F064F26C2728357E90ED16417AA86B8ABA2059FFFFFFFFFFC7FFF000413162F3F4372FF4099E314
0F067B26C2B18357D20ED18417AAA1B8BBA3059FFFFFFFFFFC7FFF00040C162F3F4372FF4099E32C
0F069226C2D88357C30ED19F17AAB6B8ABA2059FFFFFFFFFFC8FFF00041B162F3F4372FF4099E344
0F069B26C2E68357A70ED1AA17AAC0B89BA2059FFFFFFFFFFC8FFF00041E162F404372FF4099E35C
0F06E026C35383577D0ED1EB17AAF4B87BA2059FFFFFFFFFFC8FFF00041D162F404372FF4099E374
0F072326C3AF8357630ED22B17AB26B88BA1059FFFFFFFFFFC8FFF000411162F404372FF4099E38C
0F075326C3FA8357490ED25F17AB55B88BA1059FFFFFFFFFFC7FFF000412162F414372FF4099E3A4
0F07C926C4B28357180ED2CA17ABACB89BA1059FFFFFFFFFFC7FFF000415162F414372FF4099E3BC
0F08ED26C66F8356EE0ED39617AC5EB88BA1059FFFFFFFFFFC8FFF000417162F414372FF4099E3D4
0F097626C7368356DF0ED45D17ACFFB88BA1059FFFFFFFFFFC8FFF000409162F424373004099D3EC
0F098D26C75C8356C30ED49717AD2CB87BA0059FFFFFFFFFFC9FFF00041D162F424373004099D304
0F0AEE26C9918356930ED5FA17AE62B87BA0059FFFFFFFFFFC8FFF00041E162F424373004099D31C
0F0DE526CE028356530ED8BA17B0A3B87BA0059FFFFFFFFFFC8FFF00041D162F434373004099C334
0F0F2726CFE48356140ED9EE17B1A1B86B9F059FFFFFFFFFFC8FFF000408162F434373004099C34C
0F0FAC26D0AB8355E80EDA7117B20DB86B9F059FFFFFFFFFFC7FFF000414162F434373004099C364
0F0FCB26D0DE8355D00EDABA17B249B86B9F059FFFFFFFFFFC7FFF000416162F444373004099C37C
0F0FD826D0F58355AF0EDAC917B25AB86BA0059FFFFFFFFFFC8FFF00041E162F444373004099C394
0F105E26D1CB8355700EDB5017B2CBB85B9F059FFFFFFFFFFC8FFF000420162F444373004099C3AC
0F10DD26D2848355330EDBB617B31CB85B9F059FFFFFFFFFFC7FFF00041F162F454373004099C3C4
0F113026D30283550A0EDC1317B369B84B9E059FFFFFFFFFFC7FFF00041E162F454373014099C3DC
0F117226D3628354DE0EDC5417B39FB83B9D059FFFFFFFFFFC7FFF000410162F454373014099C3F4
0F11C626D3E58354B10EDCB117B3ECB82B9C059FFFFFFFFFFC8FFF00040F162F464373014099C30C
0F121826D45F83548B0EDCF617B425B82B9C059FFFFFFFFFFC8FFF00041E162F464373014099B324
0F125626D4BF83545F0EDD4617B469B82B9C059FFFFFFFFFFC8FFF000423162F464373014099B33C
0F12E526D59B8354270EDDBC17B4CEB82B9D059FFFFFFFFFFC8FFF00041B162F474373014099B354
0F139326D69A8353F10EDE6C17B558B82B9C059FFFFFFFFFFC9FFF000420162F474373014099B36C
0F13F026D72C8353B50EDEB917B59AB82B9B059FFFFFFFFFFC8FFF000418162F474373014099B384
0F145C26D7C98353890EDF1F17B5EDB81B9B059FFFFFFFFFFC8FFF00040E162F484373014099A39C
0F148C26D8108353740EDF6517B628B81B9C059FFFFFFFFFFC8FFF000421162F484373024099A3B4
0F149D26D82B8353510EDF7117B630B82B9C059FFFFFFFFFFC8FFF000427162F484373024099A3CC
0F14CF26D87A8353180EDFA717B65CB82B9C059FFFFFFFFFFC8FFF000426162F494373024099A3E4
0F150726D8C68352D80EDFDF17B688B83B9C059FFFFFFFFFFC7FFF000417162F494373024099A3FC
0F154226D91F8352990EE01817B6B8B82B9B059FFFFFFFFFFC8FFF000416162F494373024099A314
0F157226D95F83526F0EE04F17B6E3B84B9B059FFFFFFFFFFC9FFF000416162F4A4373024099A32C
0F159126D98E8352600EE07117B6FFB84B9B059FFFFFFFFFFC8FFF000418162F4A4373024099A344
0F158426D97783523F0EE06117B6F0B84B9B059FFFFFFFFFFC8FFF000425162F4A4373024099935C
0F15BB26D9D58351EC0EE07A17B706B84B9B05CFFFFFFFFFFC8FFF000425162F4B43730240999374
0F168D26DB0B8351A00EE13F17B7A1B84B9B059FFFFFFFFFFC9FFF000415162F4B4373024099938C
0F173826DC078351880EE20B17B852B82B9B059FFFFFFFFFFC8FFF000417162F4B437302409993A4
0F173726DC098351740EE21217B858B80B9B059FFFFFFFFFFC8FFF000418162F4C4373034099A3BC
0F174C26DC2983513F0EE23617B875B80B9B059FFFFFFFFFFC8FFF000421162F4C437303409983D4
0F183526DD968351030EE31D17B938B81B9B059FFFFFFFFFFC9FFF00041D162F4C437303409983EC
0F196626DF608350CA0EE44017BA27B81B9B059FFFFFFFFFFC9FFF000424162F4D43730340998304
0F19ED26E01583509B0EE57017BB1DB81B9B059FFFFFFFFFFC9FFF00041F162F4D4373034099831C
0F1A3026E0908350760EE52D17BAEDB80B9A059FFFFFFFFFFC9FFF000412162F4D43730340998334
0F1B2526E2008350470EE63A17BBCAB80B9A059FFFFFFFFFFC8FFF000420162F4E4373034099834C
0F1BE426E31D83500F0EE6A917BC24B80B9A059FFFFFFFFFFC8FFF000425162F4E43730340998364
0F1C1F26E37C834FD20EE6DA17BC4CB80B9A059FFFFFFFFFFC8FFF000425162F4E4373034099837C
0F1C5A26E3CF834FA60EE72317BC86B7FB9A058FFFFFFFFFFC8FFF00041A162F4F43730340998394
0F1C8526E413834F820EE75017BCADB7FB99059FFFFFFFFFFC9FFF000423162F4F437303409983AC
0F1D6026E569834F430EE80317BD44B7FB98059FFFFFFFFFFC8FFF00041A162F4F437303409983C4
0F1ED226E790834EF10EE9A817BE9FB7FB98059FFFFFFFFFFC7FFF00041F162F50437304409973DC
0F204826E9C0834EB30EEAA317BF6AB7EB98059FFFFFFFFFFC7FFF00041E162F50437304409973F4
0F20C726EA79834E8A0EEB9617C031B7EB9805CFFFFFFFFFFC7FFF000424162F504373044099730C
0F20D326EA86834E480EEB9017C029B7EB9805AFFFFFFFFFFC8FFF00041A162F5143730440997324
0F20C526EA72834DFC0EEB7117C00BB80B97058FFFFFFFFFFC8FFF000422162F514373044099633C
0F20D726EA86834DCA0EEB8A17C01FB7FB98059FFFFFFFFFFC8FFF000424162F5143730440996354
0F20E226EA99834D910EEB9217C028B7FB97059FFFFFFFFFFC8FFF00041D162F524373044099636C
0F210526EAC9834D350EEBBF17C048B80B98059FFFFFFFFFFC9FFF000425162F5243730440996384
0F211826EAE2834CD90EEBD317C056B7FB97058FFFFFFFFFFC8FFF000420162F524373044099639C
0F214726EB24834CAB0EEBFE17C07DB7EB97058FFFFFFFFFFC8FFF00041E162F53437304409963B4
0F21DF26EC09834C720EEC8917C0EEB7EB97058FFFFFFFFFFC8FFF000419162F53437304409963CC
0F21B226EBB7834C200EEC6717C0CAB7DB96058FFFFFFFFFFC9FFF000425162F53437305409963E4
0F21EA26EC13834BCD0EEC9117C0EAB7DB97059FFFFFFFFFFC8FFF000425162F54437305409953FC
0F221226EC49834B810EECC717C115B7DB97058FFFFFFFFFFC9FFF000418162F5443730540995314
0F222A26EC66834B360EECDA17C124B7DB97058FFFFFFFFFFC9FFF00041F162F544373054099532C
0F223C26EC79834AE90EECF217C133B7EB96058FFFFFFFFFFC8FFF000418162F5443730540994344
0F224426EC81834A9B0EECF717C133B7EB96058FFFFFFFFFFC8FFF000424162F554373054099535C
0F22A126ED09834A5A0EED5017C17CB7DB9605CFFFFFFFFFFC8FFF000414162F5543730540995374
0F231226EDB7834A0E0EEDB617C1D1B7DB97058FFFFFFFFFFC8FFF000426162F554373054099438C
0F242226EF5E8349B40EEE9717C28AB7DB96058FFFFFFFFFFC8FFF000423162F56437305409953A4
0F266A26F2CC8349620EF0E617C47AB7CB96058FFFFFFFFFFC9FFF00041E162F56437305409943BC
0F279A26F48D83491C0EF22617C57AB7CB95058FFFFFFFFFFC9FFF00041F162F56437306409943D4
0F281026F5438348D30EF2AE17C5EEB7BB94058FFFFFFFFFFC8FFF000422162F57437306409943EC
0F290226F6BD8348810EF37117C698B7AB94058FFFFFFFFFFC8FFF000424162F5743730640994304
0F2A7A26F8EF8348320EF4DB17C7C2B7AB93058FFFFFFFFFFC8FFF00041C162F574373064099431C
0F2AD126F9768347F70EF55017C820B7BB93058FFFFFFFFFFC8FFF00041C162F5843730640994334
0F2AFA26F9AE8347B70EF58217C848B7BB93058FFFFFFFFFFC8FFF000425162F584373064099334C
0F2B3726FA0C83475C0EF5B317C86FB7AB92058FFFFFFFFFFC9FFF000423162F5843730640993364
0F2BEB26FB288347060EF65A17C8FBB79B92058FFFFFFFFFFC9FFF00040B162F594373064099337C
0F2D5626FD4A8346BB0EF7CE17CA33B78B91058FFFFFFFFFFC9FFF000412162F5943730640992394
0F2F2C27001E8346630EF98A17CBA1B79B91053FFFFFFFFFFC8FFF0003FF162F59437306409923AC
0F2FC92700FA8346160EFA4917CC40B79B91049FFFFFFFFFFC8FFF000414162F5A437306409933C4
0F30252701868345DE0EFA9B17CC84B7AB91049FFFFFFFFFFC8FFF000426162F5A437306409933DC
0F305C2701DC8345930EFAE117CCC0B79B91049FFFFFFFFFFC8FFF00041E162F5A437307409923F4
0F30F62702C78345290EFB8117CD3FB79B92049FFFFFFFFFFC8FFF000420162F5A4373074099230C
0F31A62703D18344D20EFC1817CDBCB78B91049FFFFFFFFFFC8FFF0003F9162F5B43730740992324
0F32B12705608344950EFD0E17CE8DB77B91049FFFFFFFFFFC8FFF0003D7162F5B4373074099233C
0F338C2706AC8344470EFE0417CF59B77B90049FFFFFFFFFFC9FFF000415162F5B43730740992354
0F343C2707B58343E20EFEBE17CFEBB75B91049FFFFFFFFFFC7FFF000420162F5C4373074099236C
0F349127082E8343910EFEEB17D010B74B9005BFFFFFFFFFFC9FFF000405162F5C43730740991384
0F34E42708AD8343600EFF6117D074B75B8F05AFFFFFFFFFFC9FFF000423162F5C4373074099239C
0F357727098F8343210EFFE017D0E0B75B8E059FFFFFFFFFFC9FFF000425162F5D437307409913B4
0F35AD2709DA8342C40F001C17D10CB75B8E059FFFFFFFFFFC8FFF000421162F5D437307409913CC
0F35D7270A1283425C0F004317D126B75B8F059FFFFFFFFFFC7FFF00041A162F5D437308409913E4
0F35EE270A2F8342010F005917D136B76B8F059FFFFFFFFFFC8FFF0003DD162F5E437308409903FC
0F361B270A718341BC0F008417D15BB76B8F058FFFFFFFFFFC8FFF0003C6162F5E43730840990314
0F36A5270B4D83417A0F010A17D1D1B76B8F058FFFFFFFFFFC9FFF00040A162F5E4373084099032C
0F392B270F1D8341330F037517D3CFB75B8E058FFFFFFFFFFC9FFF000423162F5E43730840990344
0F3A632710E78340F10F045817D48AB74B8E058FFFFFFFFFFC9FFF000425162F5F4373084099035C
0F3AFD2711D18340A70F054917D54BB74B8E058FFFFFFFFFFC9FFF00041E162F5F43730840990374
0F3B8F2712B08340420F05EA17D5D0B75B8D058FFFFFFFFFFC9FFF000422162F5F4373084099038C
0F3CD72714B1833FD50F073417D6E5B74B8D05DFFFFFFFFFFC9FFF00040C162F60437308409903A4
0F3EDB2717AB833F860F08EF17D853B72B8D058FFFFFFFFFFC8FFF00021C162F60437309409903BC
0F400127196E833F5B0F0A3E17D96BB72B8C058FFFFFFFFFFC8FFF000340162F60437309409903D4
0F4099271A4D833F250F0AE117D9F3B72B8C058FFFFFFFFFFC9FFF000423162F61437309409903EC
0F419D271BF3833EC70F0BDD17DAC7B70B8B059FFFFFFFFFFC8FFF000427162F6143730940990304
0F42C8271DA8833E6A0F0CE517DB9DB6EB8B059FFFFFFFFFFC7FFF00041D162F614373094099031C
0F43B4271F05833E210F0DE117DC70B6DB8B059FFFFFFFFFFC7FFF000420162F6243730940990334
0F440F271F89833DD40F0E5117DCC7B6EB8A059FFFFFFFFFFC8FFF000419162F624373094098F34C
0F4440271FD6833D870F0E8117DCEDB6EB89059FFFFFFFFFFC9FFF00040F162F624373094098E364
0F44B3272084833D430F0EED17DD46B6EB89059FFFFFFFFFFC8FFF00041E162F634373094098E37C
0F453C272151833CFC0F0F6F17DDB4B6FB88059FFFFFFFFFFC9FFF000419162F634373094098E394
0F45FE27227D833CA70F102B17DE4BB70B88059FFFFFFFFFFC8FFF000420162F634373094098E3AC
0F46EA2723D2833C580F112D17DF1EB6EB88059FFFFFFFFFFC6FFF00041A162F634373094098E3C4
0F47AA2724FD833C1D0F11B917DF96B6BB88059FFFFFFFFFFC7FFF000420162F6443730A4098E3DC
0F4810272593833BD60F124317E007B6BB87059FFFFFFFFFFC9FFF00041F162F6443730A4098E3F4
0F485E27260B833B850F127917E033B6CB86059FFFFFFFFFFC9FFF000416162F6443730A4098E30C
0F48CB2726AB833B3C0F12F917E09BB6CB85059FFFFFFFFFFC9FFF00041F162F6543730A4098D324
0F494127275B833AEA0F136A17E0F6B6CB85059FFFFFFFFFFC8FFF00041F162F6543730A4098D33C
0F497227279F833A960F139917E11AB6BB86059FFFFFFFFFFC7FFF000416162F6543730A4098D354
0F49AE2727FA833A560F13D517E14DB6BB86059FFFFFFFFFFC7FFF000414162F6643730A4098D36C
0F49F027285F833A210F140317E176B6AB8505CFFFFFFFFFFC8FFF000422162F6643730A4098D384
0F4B20272A268339D50F153917E277B6AB85059FFFFFFFFFFC8FFF000424162F6643730A4098C39C
0F4B2A272A348339800F154717E27BB6AB85059FFFFFFFFFFC8FFF000419162F6743730A4098C3B4
0F4C21272BA88339320F163717E344B6AB84059FFFFFFFFFFC8FFF00041F162F6743730B4098C3CC
0F4C9E272C678338E00F16B517E3ACB69B85059FFFFFFFFFFC8FFF000416162F6743730B4098C3E4
0F4D18272D198338910F172717E406B68B84059FFFFFFFFFFC9FFF00041A162F6743730B4098C3FC
0F4DE8272E5A83384C0F17F217E4B1B68B84059FFFFFFFFFFC9FFF000418162F6843730B4098C314
0F4FBA2731218338180F197917E605B69B84059FFFFFFFFFFC8FFF000423162F6843730B4098C32C
0F525C27351D8337D90F1C4517E851B69B83059FFFFFFFFFFC8FFF00041A162F6843730B4098B344
0F559C273A1983377E0F1F4717EACBB69B83059FFFFFFFFFFC8FFF000422162F6943730B4098C35C
0F57F7273D9B8337240F21CB17ECDEB69B82059FFFFFFFFFFC8FFF000415162F6943730B4098C374
0F5ABF2741F18336DE0F241317EED6B68B81059FFFFFFFFFFC8FFF000415162F6943730B4098B38C
0F5DCB27466D8336980F279017F1B3B66B80059FFFFFFFFFFC8FFF00041E162F6A43730C4098B3A4
0F5E3527470D8336540F27F817F203B64B80059FFFFFFFFFFC8FFF00041E162F6A43730C4098B3BC
0F5E4F27473F83361E0F281217F221B64B7F059FFFFFFFFFFC9FFF000422162F6A43730C4098A3D4
0F5E8827479A8335DF0F286517F265B64B7E059FFFFFFFFFFC8FFF000412162F6B43730C4098A3EC
0F5F322748A28335860F290D17F2EEB63B7D059FFFFFFFFFFC7FFF000425162F6B43730C4098A304
0F609F274ACA8335300F2A4B17F3F7B62B7D059FFFFFFFFFFC8FFF000423162F6B43730C4098A31C
0F62D5274E278334E70F2C7E17F5D0B63B7D059FFFFFFFFFFC8FFF00041E162F6B43730C4098A334
0F67462754FB8334990F30D617F97DB61B7C05BFFFFFFFFFFC8FFF00041B162F6C43730C4098A34C
0F6AC2275A198334540F344117FC41B60B7B059FFFFFFFFFFC8FFF000416162F6C43730D4098A364
0F6CA8275D0283341F0F35EB17FDA9B5EB79059FFFFFFFFFFC9FFF00041E162F6C43730D4098A37C
0F6DE0275EDA8333DB0F377D17FEF1B5CB78059FFFFFFFFFFC9FFF000426162F6D43730D4098A394
0F6E23275F448333870F37B017FF1BB5CB77059FFFFFFFFFFC9FFF000429162F6D43730D4098A3AC
0F6E4F275F8A8333350F37E817FF4BB5CB77059FFFFFFFFFFC9FFF00041C162F6D43730D4098A3C4
0F6F092760AF8332ED0F389D17FFE7B5CB76059FFFFFFFFFFC8FFF00041D162F6E43730D4098A3DC
0F6F742761498332A80F391E18004BB5CB76059FFFFFFFFFFC7FFF00041D162F6E43730D409893F4
0F6FB12761A68332590F3961180083B5BB76059FFFFFFFFFFC8FFF000411162F6E43730D4098930C
0F70322762658332110F39D01800DEB5AB75059FFFFFFFFFFC8FFF000425162F6E43730D40989324
0F70712762C38331DC0F3A11180112B5BB76059FFFFFFFFFFC8FFF000429162F6F43730D4098933C
0F70852762E183319C0F3A2D180128B5AB76059FFFFFFFFFFC9FFF000422162F6F43730E40988354
0F71192763C78331440F3AB918019DB5AB76059FFFFFFFFFFC9FFF000420162F6F43730E4098836C
0F72332765678330F50F3BC2180279B59B75059FFFFFFFFFFC9FFF000425162F7043730E40988384
0F72D82766628330BE0F3C661802FEB5AB74059FFFFFFFFFFC8FFF000423162F7043730E4098839C
0F72DB27666683307A0F3C87180319B5BB74059FFFFFFFFFFC9FFF000413162F7043730E409883B4
0F73302766E68330170F3CD4180358B5AB74059FFFFFFFFFFC9FFF000426162F7143730E409883CC
0F73BE2767C3832FC10F3D3E1803B6B59B7405CFFFFFFFFFFC9FFF000414162F7143730E409883E4
0F74E2276972832F9D0F3E771804B4B58B74059FFFFFFFFFFC9FFF000427162F7143730E409873FC
0F75AF276ABD832F760F3F6C18058CB57B74059FFFFFFFFFFC9FFF000429162F7143730E40987314
0F776E276D5C832F190F41171806EAB59B73059FFFFFFFFFFC8FFF00042A162F7243730F4098732C
0F7BF227745E832EA00F45E8180ADDB57B74059FFFFFFFFFFC8FFF000427162F7243730F40987344
0F80EF277BAD832E4B0F4A28180E68B57B74059FFFFFFFFFFC9FFF000424162F7243730F4098735C
0F839F277F9A832E2C0F4D041810B8B57B74059FFFFFFFFFFC8FFF00041C162F7343730F40987374
0F84402780A2832DFC0F4DB9181158B55B73059FFFFFFFFFFC8FFF000428162F7343730F4098638C
0F8555278249832D900F4EBC18122BB54B71059FFFFFFFFFFC8FFF00042C162F7343730F409863A4
0F85A02782BC832D210F4EF518125AB53B70059FFFFFFFFFFC8FFF000429162F7443730F409863BC
0F85FA278349832CE40F4F541812AFB52B70059FFFFFFFFFFC8FFF000420162F7443730F409863D4
0F86582783DC832CB60F4FBA181307B53B6F059FFFFFFFFFFC9FFF000428162F7443730F409863EC
0F86AF278460832C650F500E18134CB52B6F059FFFFFFFFFFC9FFF00041F162F7543730F40986304
0F87972785CD832C040F50E01813FAB53B70059FFFFFFFFFFC8FFF000427162F754373104098631C
0F890E2787E4832BBF0F5246181519B54B6F059FFFFFFFFFFC8FFF000429162F7543731040986334
0F89AA2788C8832B740F53011815B2B53B6E059FFFFFFFFFFC9FFF000429162F764373104098634C
0F8A2427898B832B1D0F5378181616B52B6E059FFFFFFFFFFC9FFF00041F162F7643731040986364
0F8AB5278A65832AD90F53FB181680B51B6D05DFFFFFFFFFFC9FFF000426162F764373104098537C
0F8B21278B08832A9E0F546B1816E0B51B6C059FFFFFFFFFFC8FFF000421162F7743731040986394
0F8B76278B8F832A5B0F54C0181729B51B6C059FFFFFFFFFFC8FFF000416162F77437310409853AC
0F8D67278E92832A020F569B1818B4B50B6B059FFFFFFFFFFC9FFF00042B162F77437310409853C4
0F8F4B2791538329A70F5879181A39B4EB6A059FFFFFFFFFFC9FFF000429162F78437310409843DC
0F916027947B8329610F5A68181BDAB4FB6A059FFFFFFFFFFC9FFF000425162F78437310409843F4
0F934827975E8329230F5C5B181D7AB4FB69059FFFFFFFFFFC8FFF000424162F784373104098430C
0F949227994B8328E50F5DAD181E8FB4CB69059FFFFFFFFFFC8FFF00041F162F7843731140984324
0F952E279A378328980F5E49181F0CB4AB68059FFFFFFFFFFC8FFF00042C162F794373114098433C
0F95CA279B2983284A0F5EE3181F8EB49B68059FFFFFFFFFFC9FFF000424162F7943731140984354
0F96A0279C6A8328070F5F7E18200FB4AB68059FFFFFFFFFFC7FFF00042B162F794373114098436C
0F96AE279C7383281A0F5FCC18204FB49B67059FFFFFFFFFFC8FFF000414162F7A43731140984384
0F9638279BD383283A0F5F7518200AB4AB67059FFFFFFFFFFC9FFF000423162F7A4373114098439C
0F95FF279B838328500F5F3E181FE3B4BB67059FFFFFFFFFFC9FFF000426162F7A437311409843B4
0F95DA279B5083285F0F5F15181FC4B4BB67058FFFFFFFFFFC8FFF000429162F7B437311409833CC
0F958F279AE783287B0F5ED5181F8DB4BB66059FFFFFFFFFFC8FFF00042C162F7B437311409833E4
0F9552279A8F83288F0F5E8D181F5CB4BB66059FFFFFFFFFFC9FFF00042B162F7B437311409833FC
0F954E279A8A8328900F5E85181F54B4BB66059FFFFFFFFFFC8FFF000428162F7C43731140982314
0F951E279A428328A70F5E60181F34B4AB66058FFFFFFFFFFC8FFF000427162F7C4373124098232C
0F94D32799D88328CA0F5E0B181EF3B4AB66059FFFFFFFFFFC9FFF000421162F7C43731240982344
0F94832799628328D30F5DE2181ED2B48B66059FFFFFFFFFFC9FFF00042A162F7D4373124098235C
0F94B52799AA8328D40F5DEB181ED9B47B66058FFFFFFFFFFC9FFF000429162F7D43731240982374
0F94342798EB8328F40F5D87181E85B48B66059FFFFFFFFFFC8FFF000420162F7D4373124098238C
0F93F227988883290B0F5D3D181E4DB49B65059FFFFFFFFFFC7FFF00042A162F7E437312409823A4
0F93E127986D83290F0F5D34181E44B49B66059FFFFFFFFFFC7FFF00042A162F7E437312409823BC
0F932D2797558329220F5CCB181DE2B49B66059FFFFFFFFFFC8FFF00042C162F7E437312409823D4
0F926027963183293C0F5BCA181D16B49B6605EFFFFFFFFFFC7FFF000427162F7F437312409823EC
0F920F2795B183294C0F5B77181CD4B49B67058FFFFFFFFFFC7FFF00042B162F7F43731240982304
0F91D827956283295A0F5B3D181CA5B4AB67059FFFFFFFFFFC8FFF000422162F7F4373124098231C
0F916B2794BF83296D0F5AD7181C50B4BB67059FFFFFFFFFFC8FFF00042A162F7F43731340981334
0F90AE27939F8329860F5A40181BD0B4AB68059FFFFFFFFFFC8FFF000421162F804373134098134C
0F901F2792CD8329930F597F181B35B4AB68059FFFFFFFFFFC9FFF00042B162F8043731340980364
0F8FF827928B8329990F594E181B0DB4DB68059FFFFFFFFFFC9FFF000421162F804373134098037C
0F8F7E2791CE8329B20F58EF181AB8B4DB68059FFFFFFFFFFC8FFF000418162F8143731340980394
0F8EC22790AB8329D20F5844181A28B4CB68058FFFFFFFFFFC8FFF00042E162F81437313409803AC
0F8D09278E238329E30F56C61818EBB4AB69058FFFFFFFFFFC8FFF00041C162F81437313409803C4
0F8CBC278DB28329E50F5638181882B4CB68059FFFFFFFFFFC8FFF00042C162F82437313409803DC
0F8C7F278D528329F60F55F3181844B4EB69058FFFFFFFFFFC9FFF00042A162F82437313409803F4
0F8BFF278C91832A0E0F55731817D9B4EB69058FFFFFFFFFFC9FFF000429162F824373134098030C
0F8BAD278C17832A180F551418178DB4FB6A058FFFFFFFFFFCAFFF00042A162F8343731340980324
0F8BA5278C0C832A240F54FE18177CB4CB6A059FFFFFFFFFFC9FFF00042C162F834373134097F33C
0F8B85278BD7832A3C0F54DF181761B4CB6A059FFFFFFFFFFC9FFF000425162F834373144097F354
0F8B50278B88832A530F54A6181732B4DB6A058FFFFFFFFFFC9FFF000424162F844373144097F36C
0F8B2C278B53832A5E0F548B18171BB4EB6A058FFFFFFFFFFC8FFF00042C162F8443731440980384
0F8B19278B32832A5E0F547A18170BB4EB6B058FFFFFFFFFFC8FFF000429162F844373144097E39C
0F8B01278B0C832A6E0F54621816F7B4EB6B058FFFFFFFFFFC8FFF000429162F844373144097E3B4
0F8ADE278AD9832A8B0F54361816D5B4EB6A058FFFFFFFFFFC8FFF00042A162F854373144097F3CC
0F8AC4278AB1832A9B0F54201816C4B4FB6A059FFFFFFFFFFC8FFF00042A162F854373144097E3E4
0F8AB7278A9D832AA40F54111816B6B4FB6A058FFFFFFFFFFC8FFF00041F162F854373144097F3FC
0F8AA0278A77832AAC0F53F91816A1B4FB6B058FFFFFFFFFFC9FFF000427162F864373144097E314
0F8AA0278A79832AB80F53F718169FB4EB6B058FFFFFFFFFFC9FFF000424162F864373144097E32C
0F8A92278A63832ACC0F53EC181698B4EB6B058FFFFFFFFFFC8FFF00042C162F864373144097E344
0F8A80278A4C832ADD0F53D9181688B4FB6B058FFFFFFFFFFC8FFF000425162F874373154097E35C
0F8A69278A26832AEB0F53C6181679B50B6B058FFFFFFFFFFC8FFF000421162F874373154097E374
0F8A442789F2832AF90F53A9181662B4FB6B059FFFFFFFFFFC8FFF00042B162F874373154097D38C
0F8A2F2789D1832B030F538D18164AB4EB6B058FFFFFFFFFFC8FFF000421162F884373154097D3A4
0F8A1C2789AF832B0F0F5376181637B4EB6C059FFFFFFFFFFC8FFF000429162F884373154097E3BC
0F8A05278994832B1C0F535F181624B50B6C058FFFFFFFFFFC8FFF00042D162F884373154097D3D4
0F8A0527898F832B240F5362181627B50B6D058FFFFFFFFFFC8FFF00042F162F894373154097D3EC
0F8A00278988832B350F535918161FB52B6D058FFFFFFFFFFC9FFF000425162F894373154097D304
0F89CA278939832B520F532C1815F9B52B6C058FFFFFFFFFFC8FFF00042D162F894373154097C31C
0F897B2788BA832B5F0F52F91815CFB50B6C058FFFFFFFFFFC8FFF000424162F894373154097D334
0F897F2788C5832B5C0F52F41815CCB50B6C058FFFFFFFFFFC7FFF00042E162F8A4373154097C34C
0F896627889A832B640F52EC1815BFB4FB6C058FFFFFFFFFFC7FFF000425162F8A4373154097C364
0F8883278748832B770F522E181520B4FB6C058FFFFFFFFFFC7FFF00042D162F8A4373164097C37C
0F87EF278670832B850F5168181484B4FB6C058FFFFFFFFFFC8FFF000422162F8B4373164097C394
0F87F1278674832B8E0F5151181474B4FB6C059FFFFFFFFFFC8FFF00042C162F8B4373164097C3AC
0F87FE278685832BA30F5161181482B4FB6D058FFFFFFFFFFC8FFF00042F162F8B4373164097C3C4
0F87DF27865A832BBF0F514918146FB50B6D058FFFFFFFFFFC8FFF00042A162F8C4373164097C3DC
0F87D427864C832BC60F513318145EB51B6D058FFFFFFFFFFC8FFF000428162F8C4373164097C3F4
0F87D3278646832BC50F513D181463B52B6D058FFFFFFFFFFC9FFF00042D162F8C4373164097B30C
0F87E5278660832BC30F514918146DB51B6D058FFFFFFFFFFC9FFF000429162F8D4373164097B324
0F87E9278664832BC90F514F181470B52B6D058FFFFFFFFFFC8FFF000428162F8D4373164097B33C
0F87D1278644832BE30F5137181461B52B6D058FFFFFFFFFFC8FFF000423162F8D4373164097B354
0F87CB27863F832BFD0F512C181459B52B6C058FFFFFFFFFFC9FFF000428162F8E4373164097A36C
0F87BF27862A832C0A0F5126181452B51B6D058FFFFFFFFFFC9FFF000432162F8E4373164097A384
0F87E4278667832C070F514A18146EB50B6D058FFFFFFFFFFC8FFF000433162F8E4373164097A39C
0F87F9278681832C040F5177181492B4EB6E058FFFFFFFFFFC8FFF000426162F8E4373174097A3B4
0F87C927863F832C160F513F181468B4FB6E058FFFFFFFFFFC9FFF000421162F8F4373174097A3CC
0F87A427860A832C2F0F510518143BB50B6E058FFFFFFFFFFC8FFF00042B162F8F4373174097A3E4
0F879C2785FC832C380F50FF181438B51B6E058FFFFFFFFFFC8FFF000427162F8F4373174097A3FC
0F87942785F0832C350F50F7181431B50B6D058FFFFFFFFFFC7FFF00042D162F904373174097A314
0F878C2785E1832C400F50EC181425B50B6D058FFFFFFFFFFC8FFF00042E162F904373174097A32C
0F872227853F832C5A0F50971813DEB50B6D058FFFFFFFFFFC8FFF000432162F904373174097A344
0F8701278512832C650F50751813C6B50B6D058FFFFFFFFFFC8FFF00041E162F914373174097A35C
0F8710278529832C720F50891813D8B51B6C058FFFFFFFFFFC8FFF000431162F9143731740979374
0F86FF278510832C760F507D1813CDB50B6D058FFFFFFFFFFC8FFF000430162F914373174097938C
0F874527857B832C6B0F50B31813FAB51B6D058FFFFFFFFFFC8FFF00042F162F92437317409793A4
0F873127855B832C720F50AE1813F1B53B6F058FFFFFFFFFFC8FFF00042E162F92437317409783BC
0F86BE2784B0832C920F503118138DB53B6F058FFFFFFFFFFC8FFF00041E162F92437317409783D4
0F868D278467832CA30F5000181367B55B6E059FFFFFFFFFFC8FFF000433162F93437318409783EC
0F86A327848A832C9D0F5010181374B55B6E05BFFFFFFFFFFC9FFF000433162F9343731840978304
0F86B42784A2832CA20F5024181382B54B6E058FFFFFFFFFFCAFFF000432162F934373184097831C
0F869A27847D832CC00F500218136AB53B6E058FFFFFFFFFFC9FFF000432162F9343731840978334
0F8675278447832CD30F4FE5181353B53B6F058FFFFFFFFFFC8FFF000421162F944373184097834C
0F867927844D832CD10F4FEA181357B53B6F058FFFFFFFFFFC8FFF000432162F9443731840978364
0F866727842C832CD10F4FE218134BB53B6E058FFFFFFFFFFC8FFF000430162F944373184097837C
0F86482783FF832CD50F4FB5181329B53B6F058FFFFFFFFFFC8FFF00042E162F9543731840977394
0F861D2783BA832CEB0F4F8C181305B52B6F058FFFFFFFFFFC7FFF000431162F95437318409773AC
0F85FD27838E832D140F4F631812E7B51B6E058FFFFFFFFFFC8FFF00042F162F95437318409773C4
0F85F727838A832D180F4F5B1812E1B51B6E058FFFFFFFFFFC9FFF00043A162F96437318409783DC
0F8600278390832D000F4F631812E4B51B6D058FFFFFFFFFFC9FFF00042C162F96437318409763F4
0F8600278391832D060F4F671812E6B51B6D058FFFFFFFFFFC8FFF000432162F964373194097630C
0F85F7278381832D220F4F5C1812E0B52B6E058FFFFFFFFFFC8FFF000433162F9743731940977324
0F85FC278388832D290F4F5D1812E0B52B6E058FFFFFFFFFFC9FFF000436162F974373194097633C
0F8600278394832D320F4F651812E6B52B6E058FFFFFFFFFFC9FFF000431162F9743731940976354
0F8600278392832D410F4F641812E6B52B6D058FFFFFFFFFFC9FFF000431162F984373194097636C
0F860527839B832D410F4F651812E9B50B6E058FFFFFFFFFFC8FFF000437162F9843731940976384
0F86132783AE832D3B0F4F761812F5B51B6E058FFFFFFFFFFC8FFF00042C162F984373194097639C
0F860D2783A8832D4B0F4F731812F3B51B6D058FFFFFFFFFFC8FFF000438162F98437319409763B4
0F85C7278339832D660F4F431812C9B51B6E058FFFFFFFFFFC8FFF000431162F99437319409763CC
0F85772782BD832D760F4EF3181288B50B6E058FFFFFFFFFFC8FFF00043C162F99437319409763E4
0F856C2782AC832D780F4EDE181275B51B6E058FFFFFFFFFFC9FFF000431162F99437319409753FC
0F85812782CA832D730F4EF1181285B52B6E058FFFFFFFFFFC9FFF000424162F9A43731940975314
0F857F2782C6832D7C0F4EEE18127EB51B6E058FFFFFFFFFFC8FFF000437162F9A43731A4097532C
0F851E278234832D8C0F4EB118124CB51B6E058FFFFFFFFFFC8FFF000429162F9A43731A40974344
0F8454278106832D950F4DEF1811ACB50B6D058FFFFFFFFFFC8FFF00043C162F9B43731A4097535C
0F83A2278000832DA20F4D34181116B50B6D058FFFFFFFFFFC8FFF00043A162F9B43731A40974374
0F82AB277E8C832DBB0F4C4018104AB50B6E058FFFFFFFFFFC8FFF000431162F9B43731A4097438C
0F8274277E39832DBE0F4BFB181015B51B6F058FFFFFFFFFFC8FFF000433162F9C43731A409743A4
0F8292277E61832DAA0F4C16181029B51B6F058FFFFFFFFFFC8FFF000431162F9C43731A409743BC
0F8273277E2E832DB10F4C0A18101AB52B6F058FFFFFFFFFFC7FFF000438162F9C43731A409743D4
0F815F277C81832DC70F4B44180F70B53B6F058FFFFFFFFFFC7FFF00042D162F9C43731A409743EC
0F805A277B11832DD60F4A1D180E88B52B70058FFFFFFFFFFC8FFF000439162F9D43731A40974304
0F8045277AEF832DE20F49DF180E56B52B70058FFFFFFFFFFC8FFF000430162F9D43731A4097431C
0F8087277B55832DE60F4A0F180E81B52B70058FFFFFFFFFFC8FFF000436162F9D43731B40973334
0F80BE277B9F832DE90F4A51180EB4B52B70058FFFFFFFFFFC8FFF00043E162F9E43731B4097434C
0F812D277C3F832DEE0F4ADC180F24B52B70058FFFFFFFFFFC8FFF00043C162F9E43731B40973364
0F8077277B2C832DFA0F4A50180EA7B51B70058FFFFFFFFFFC8FFF00043A162F9E43731B4097337C
0F7FEA277A5C832E0A0F4983180E08B52B70058FFFFFFFFFFC9FFF000431162F9F43731B40973394
0F7FB8277A0F832E010F4956180DE1B51B70058FFFFFFFFFFC8FFF00043A162F9F43731B409733AC
0F7FE3277A4F832DF00F4980180E02B53B71058FFFFFFFFFFC8FFF000439162F9F43731B409723C4
0F7F3127793D832E090F48F5180D8CB53B71058FFFFFFFFFFC8FFF000431162FA043731B409723DC
0F7D8A2776C5832E360F475F180C33B52B70058FFFFFFFFFFC8FFF00042B162FA043731B409723F4
0F7D4B277671832E350F46F4180BEEB52B71058FFFFFFFFFFC9FFF00043E162FA043731B4097230C
0F7E72277828832E110F47FA180CBFB53B71058FFFFFFFFFFC9FFF00043A162FA143731C40972324
0F7EDC2778C0832E090F482C180CE7B53B70058FFFFFFFFFFC9FFF000438162FA143731C4097233C
0F7ECA2778A5832E260F484C180D04B54B70058FFFFFFFFFFC8FFF000439162FA143731C40972354
0F7E78277824832E310F4811180CD2B55B71058FFFFFFFFFFC8FFF000434162FA243731C4097236C
0F7E432777D6832E330F47D9180CA1B55B71058FFFFFFFFFFC9FFF000439162FA243731C40972384
0F7DBB277704832E4A0F4779180C52B54B71058FFFFFFFFFFC9FFF00043C162FA243731C4097139C
0F7D1E277620832E550F46BE180BB9B54B71058FFFFFFFFFFCAFFF000435162FA243731C409713B4
0F7D5C277679832E3D0F470A180BF4B53B72058FFFFFFFFFFC9FFF000433162FA343731C409713CC
0F7D56277660832E340F4710180BF4B53B72058FFFFFFFFFFC9FFF00042F162FA343731C409703E4
0F7CAA277566832E530F4658180B5CB54B71058FFFFFFFFFFC8FFF000439162FA343731C409713FC
0F7C06277469832E640F45AF180AD5B55B72058FFFFFFFFFFC8FFF000432162FA443731C40970314
0F7C312774B2832E5D0F45D8180AFAB59B72058FFFFFFFFFFC9FFF000433162FA443731D4097032C
0F7C8D27753A832E540F4630180B3FB5AB72058FFFFFFFFFFC9FFF00043D162FA443731D40970344
0F7C562774DE832E600F4613180B23B58B72058FFFFFFFFFFC9FFF000433162FA543731D4097035C
0F7A412771AC832E760F447E1809CFB57B72058FFFFFFFFFFC9FFF00043A162FA543731D40970374
0F780C276E76832E7E0F42281807E8B56B72058FFFFFFFFFFC8FFF00043B162FA543731D4097038C
0F78B3276F73832E750F42B0180860B56B72058FFFFFFFFFFC8FFF00043D162FA643731D409703A4
0F79E0277127832E6E0F43E3180953B57B72058FFFFFFFFFFC8FFF00042B162FA643731D409703BC
0F78EB276FA9832E780F430218088FB56B72058FFFFFFFFFFC8FFF000438162FA643731D409703D4
0F77FE276E54832E8C0F41B6180788B55B72058FFFFFFFFFFC8FFF00043B162FA743731D409703EC
0F77E9276E35832E920F41B118078AB54B72058FFFFFFFFFFC8FFF00043D162FA743731D40970304
0F77F9276E43832E900F41C7180795B55B72058FFFFFFFFFFC8FFF00043F162FA743731D4097031C
0F776F276D6E832E920F4157180732B56B72058FFFFFFFFFFC8FFF00043F162FA843731E40970334
0F767C276BFA832E9D0F4064180665B56B72058FFFFFFFFFFC8FFF000434162FA843731E4096F34C
0F7634276B95832E9F0F3FE8180608B56B73058FFFFFFFFFFC8FFF000433162FA843731E40970364
0F7693276C21832E950F405618065EB57B73058FFFFFFFFFFC8FFF00043B162FA943731E4096E37C
0F76DF276C86832E9A0F40B71806AAB57B73058FFFFFFFFFFC8FFF00043C162FA943731E4096E394
0F7631276B86832EB00F4008180619B57B73058FFFFFFFFFFC9FFF000436162FA943731E4096E3AC
0F7617276B5F832EB60F3FDC1805FAB56B73058FFFFFFFFFFC8FFF00043F162FA943731E4096E3C4
0F7640276B9A832EB10F3FFD180612B54B73058FFFFFFFFFFC8FFF000441162FAA43731E4096E3DC
0F75EC276B1D832EBB0F3FC11805DEB55B72058FFFFFFFFFFC8FFF000438162FAA43731E4096E3F4
0F755C276A43832EC70F3F3F180572B57B72058FFFFFFFFFFC8FFF00043F162FAA43731E4096E30C
0F75CA276AEC832EBE0F3FA31805CDB56B73058FFFFFFFFFFC8FFF00043D162FAB43731F4096E324
0F75FF276B2D832EB50F3FEB1805FAB57B73058FFFFFFFFFFC9FFF00043D162FAB43731F4096D33C
0F7590276A88832EC50F3F49180571B58B74058FFFFFFFFFFC9FFF000436162FAB43731F4096D354
0F748F276900832EDD0F3E3D180494B57B73058FFFFFFFFFFC8FFF000442162FAC43731F4096C36C
0F74742768E0832EE00F3E0F180477B56B73058FFFFFFFFFFC8FFF00043A162FAC43731F4096D384
0F74AB27692A832EDC0F3E5C1804B1B57B73058FFFFFFFFFFC9FFF000442162FAC43731F4096C39C
0F74662768C2832EE40F3E1E18047CB57B73058FFFFFFFFFFC9FFF00042E162FAD43731F4096D3B4
0F74802768EF832EE00F3E26180485B58B72058FFFFFFFFFFC8FFF00043F162FAD43731F4096C3CC
0F74B027692E832ED70F3E5B1804ADB56B72058FFFFFFFFFFC9FFF00043D162FAD43731F4096C3E4
0F747C2768DF832EE80F3E3718048FB55B72058FFFFFFFFFFC8FFF00043D162FAE43731F4096C3FC
0F7449276895832F010F3DF618045AB56B72058FFFFFFFFFFC8FFF000440162FAE43731F4096C314
0F7436276877832F0A0F3DD5180441B57B72058FFFFFFFFFFC9FFF000443162FAE4373204096C32C
0F744627688D832F070F3DED180454B57B73058FFFFFFFFFFC8FFF00043B162FAF4373204096C344
0F744627688E832EFD0F3DEC180451B57B74058FFFFFFFFFFC8FFF00043E162FAF4373204096C35C
0F7447276891832EF50F3DEA180451B57B73058FFFFFFFFFFC8FFF000433162FAF4373204096C374
0F743327686E832F0C0F3DD7180442B58B73058FFFFFFFFFFC7FFF00043D162FB04373204096B38C
0F740C276837832F2D0F3DAB18041FB57B73058FFFFFFFFFFC7FFF000437162FB04373204096C3A4
0F741327683F832F2C0F3DB5180428B57B73058FFFFFFFFFFC8FFF000442162FB04373204096A3BC
0F7413276841832F190F3DB7180426B56B73058FFFFFFFFFFC9FFF000438162FB14373204096A3D4
0F73F327680E832F130F3D9C18040DB56B73058FFFFFFFFFFC8FFF000436162FB14373204096A3EC
0F73F527680F832F120F3D9F18040EB56B73058FFFFFFFFFFC7FFF000435162FB14373204096A304
0F741427683E832F210F3DB2180423B56B73058FFFFFFFFFFC8FFF00043C162FB14373214096A31C
0F73ED276809832F460F3D93180409B57B74058FFFFFFFFFFC8FFF000445162FB24373214096A334
0F73DE2767F1832F500F3D7A1803F8B57B75058FFFFFFFFFFC9FFF000447162FB24373214096A34C
0F740527682D832F2E0F3DAD18041FB57B75058FFFFFFFFFFC8FFF000438162FB24373214096A364
0F741B27684D832F1C0F3DB7180423B55B74058FFFFFFFFFFC9FFF000439162FB34373214096A37C
0F7405276828832F2F0F3DAC18041DB55B74058FFFFFFFFFFC8FFF00043B162FB34373214096A394
0F7407276829832F3C0F3DA818041CB57B74058FFFFFFFFFFC8FFF000437162FB34373214096A3AC
0F740827682E832F420F3DA6180419B58B74058FFFFFFFFFFC8FFF000441162FB4437321409693C4
0F73FD27681D832F540F3D9C180411B59B74058FFFFFFFFFFC8FFF000446162FB4437321409693DC
0F73F227680F832F600F3D91180408B59B75058FFFFFFFFFFC9FFF00043D162FB4437321409693F4
0F73FA27681E832F570F3D9418040DB58B75058FFFFFFFFFFC8FFF000443162FB54373214096930C
0F73FD27681E832F4B0F3D9D180411B56B74058FFFFFFFFFFC8FFF000436162FB543732240969324
0F73F327680C832F480F3D94180409B55B74058FFFFFFFFFFC8FFF00043C162FB54373224096933C
0F73E62767F9832F530F3D861803FDB55B74058FFFFFFFFFFC8FFF00043E162FB643732240969354
0F73E22767EE832F640F3D831803FDB56B74058FFFFFFFFFFC8FFF000441162FB64373224096836C
0F73DF2767EF832F690F3D801803FAB57B73058FFFFFFFFFFC8FFF000443162FB643732240968384
0F73E12767F0832F6B0F3D831803FDB57B73058FFFFFFFFFFC9FFF000432162FB74373224096839C
0F73D22767DB832F770F3D741803F0B56B72058FFFFFFFFFFC8FFF000444162FB7437322409683B4
0F73C92767CE832F720F3D6C1803EBB56B73058FFFFFFFFFFC8FFF000438162FB7437322409683CC
0F73DD2767EB832F6C0F3D7C1803F7B57B74058FFFFFFFFFFC9FFF00043E162FB8437322409683E4
0F73D22767DC832F710F3D7D1803F7B56B74058FFFFFFFFFFC9FFF00043F162FB8437323409683FC
0F73F227680B832F6A0F3D9718040DB57B74058FFFFFFFFFFC7FFF000437162FB843732340968314
0F73F6276814832F710F3D9418040CB58B74058FFFFFFFFFFC7FFF000438162FB94373234096832C
0F73D42767DF832F950F3D801803FBB57B74058FFFFFFFFFFC9FFF000443162FB943732340967344
0F73B32767B1832F970F3D531803D9B57B73058FFFFFFFFFFC9FFF00043B162FB94373234096735C
0F73D42767E5832F6E0F3D781803F3B55B73058FFFFFFFFFFC9FFF000440162FB943732340967374
0F73E32767F4832F630F3D7C1803F5B57B72058FFFFFFFFFFC9FFF00043E162FBA4373234096638C
0F73CB2767CF832F7C0F3D701803EDB58B72058FFFFFFFFFFC7FFF00043E162FBA437323409673A4
0F73A827679F832F900F3D4C1803D0B58B73058FFFFFFFFFFC7FFF000440162FBA437323409663BC
0F738F276773832F960F3D381803BFB57B73058FFFFFFFFFFC8FFF000444162FBB437323409663D4
0F739227677C832F850F3D321803BAB56B73058FFFFFFFFFFC7FFF00043C162FBB437323409663EC
0F738D27676F832F6D0F3D451803C6B56B73058FFFFFFFFFFC7FFF000443162FBC43732440966304
0F73B32767AB832F6B0F3D491803CAB56B73058FFFFFFFFFFC8FFF00043E162FBC4373244096631C
0F73BB2767B9832F790F3D5E1803DDB56B73058FFFFFFFFFFC9FFF00043B162FBC43732440966334
0F73B02767A4832F820F3D511803D4B57B73058FFFFFFFFFFC9FFF00043F162FBD4373244096634C
0F73AE2767A5832F8E0F3D521803D3B56B73058FFFFFFFFFFC8FFF00043D162FBD43732440966364
0F73B92767B6832F920F3D571803DAB55B73058FFFFFFFFFFC7FFF000449162FBD4373244096637C
0F73D22767DC832F820F3D6B1803EAB56B74058FFFFFFFFFFC9FFF00043E162FBE43732440966394
0F7404276828832F6F0F3DA1180415B57B74058FFFFFFFFFFC9FFF00043D162FBE437324409653AC
0F73F9276813832F6D0F3DA0180412B57B74058FFFFFFFFFFC9FFF00043B162FBE437324409653C4
0F73F727680F832F780F3D9C180411B57B74058FFFFFFFFFFC9FFF00043D162FBF437325409653DC
0F73D22767D9832F810F3D781803F4B56B74058FFFFFFFFFFC8FFF000439162FBF437325409643F4
0F73D32767DE832F820F3D731803F0B56B73058FFFFFFFFFFC8FFF000446162FBF4373254096530C
0F73DA2767E4832F810F3D7A1803F6B55B73058FFFFFFFFFFC7FFF000447162FC043732540964324
0F73D62767E0832F7E0F3D7C1803F6B55B73058FFFFFFFFFFC8FFF00043B162FC04373254096433C
0F73E62767FB832F7C0F3D861803FEB56B73058FFFFFFFFFFC9FFF000440162FC043732540964354
0F73E72767F9832F7F0F3D8B180402B56B72058FFFFFFFFFFC9FFF00043F162FC14373254096436C
0F73F427680D832F760F3D92180408B56B72058FFFFFFFFFFC9FFF00043E162FC143732540964384
0F741E27684B832F640F3DC018042EB56B72058FFFFFFFFFFC8FFF00043E162FC14373254096439C
0F741D27684A832F6D0F3DBB18042AB56B73058FFFFFFFFFFC8FFF000441162FC2437325409643B4
0F742A276865832F8C0F3DC4180437B56B72058FFFFFFFFFFCAFFF000440162FC2437325409643CC
0F7435276870832F920F3DD4180443B57B72058FFFFFFFFFFC9FFF000444162FC2437326409633E4
0F7423276856832F7C0F3DC7180437B58B72058FFFFFFFFFFC8FFF000444162FC3437326409633FC
0F742827685C832F6A0F3DCA180437B57B72058FFFFFFFFFFC8FFF000436162FC343732640963314
0F744A276891832F6F0F3DE7180450B57B73058FFFFFFFFFFC8FFF00043E162FC34373264096232C
0F740D276833832F850F3DB7180429B56B73058FFFFFFFFFFC8FFF000441162FC443732640962344
0F741B27684C832F8D0F3DBB180430B54B73058FFFFFFFFFFC8FFF000443162FC44373264096335C
0F742527685B832F7D0F3DC9180438B55B73058FFFFFFFFFFC8FFF00043A162FC443732640962374
0F742927685E832F700F3DC7180435B55B73058FFFFFFFFFFC8FFF000442162FC54373264096238C
0F743027686D832F7F0F3DD2180440B55B73058FFFFFFFFFFC8FFF00043A162FC5437326409623A4
0F740F27683F832F910F3DB418042AB55B73058FFFFFFFFFFC9FFF000445162FC5437327409623BC
0F7436276872832F920F3DDC18044AB56B73058FFFFFFFFFFC9FFF00043D162FC6437327409623D4
0F7414276845832F8D0F3DD2180441B57B73058FFFFFFFFFFC9FFF000445162FC6437327409623EC
0F7433276870832F7A0F3DE318044EB56B73058FFFFFFFFFFCAFFF00043E162FC643732740962304
0F743027686B832F730F3DD6180442B55B73058FFFFFFFFFFC9FFF000432162FC74373274096231C
0F7435276875832F8C0F3DCA18043DB56B72058FFFFFFFFFFC9FFF000440162FC743732740962334
0F7423276857832F9F0F3DD3180442B56B72058FFFFFFFFFFC9FFF000440162FC74373274096134C
0F741C276850832F990F3DBB180431B55B73058FFFFFFFFFFC9FFF000449162FC843732740961364
0F741B27684F832F970F3DC0180431B54B73058FFFFFFFFFFC8FFF000449162FC84373274096137C
0F743B27687E832F9A0F3DD6180442B55B73058FFFFFFFFFFC8FFF00043C162FC843732740961394
0F743D27687F832F970F3DDF18044BB56B73058FFFFFFFFFFC8FFF000434162FC9437328409603AC
0F7414276841832F940F3DC8180438B55B73058FFFFFFFFFFC8FFF00043F162FC9437328409603C4
0F740A276834832F980F3DAE180423B56B73058FFFFFFFFFFC8FFF000443162FC9437328409603DC
0F73FD276820832FA50F3D9D180416B55B72058FFFFFFFFFFC8FFF00043E162FCA437328409603F4
0F73FB27681C832FB50F3D9A180415B56B73058FFFFFFFFFFC9FFF00043D162FCA4373284096030C
0F73FF276823832FB80F3D9C180417B55B73058FFFFFFFFFFC9FFF000448162FCA43732840960324
0F741627684B832FAC0F3DB2180429B55B73058FFFFFFFFFFC8FFF00043D162FCB4373284096033C
0F741127683E832FAD0F3DB4180429B56B72058FFFFFFFFFFC9FFF000444162FCB43732840960354
0F7414276843832FAF0F3DB2180429B55B72058FFFFFFFFFFC8FFF000439162FCB4373284096036C
0F7409276830832FAD0F3DB0180426B55B73058FFFFFFFFFFC8FFF000441162FCC43732940960384
0F7413276840832FB90F3DAE180425B56B73058FFFFFFFFFFC8FFF000444162FCC4373294096039C
0F741127683D832FCF0F3DB218042AB57B72058FFFFFFFFFFC8FFF000440162FCC437329409603B4
0F740427682B832FCE0F3DA118041CB56B73058FFFFFFFFFFC9FFF00044A162FCD4373294095F3CC
0F73F8276817832FC40F3D9218040FB57B73058FFFFFFFFFFC8FFF000440162FCD4373294095F3E4
0F73D92767E9832FC80F3D7D1803FAB57B74058FFFFFFFFFFC7FFF000446162FCD4373294095E3FC
0F73EA276801832FCF0F3D83180402B55B74058FFFFFFFFFFC7FFF000444162FCE4373294095E314
0F73E02767F5832FD00F3D84180402B55B73058FFFFFFFFFFC8FFF000432162FCE4373294095E32C
0F73EE276809832FD00F3D8B180409B56B74058FFFFFFFFFFC8FFF000439162FCE4373294095E344
0F7401276827832FDE0F3D9D180418B57B74058FFFFFFFFFFC9FFF000447162FCE4373294095E35C
0F7413276842832FE90F3DB118042BB56B73058FFFFFFFFFFC8FFF000445162FCF43732A4095E374
0F7411276845832FEC0F3DB218042CB55B73058FFFFFFFFFFC8FFF000442162FCF43732A4095E38C
0F741827684D832FEB0F3DBF180435B55B73058FFFFFFFFFFC8FFF000449162FCF43732A4095E3A4
0F7420276859832FDF0F3DBE180434B57B73058FFFFFFFFFFC8FFF00043D162FD043732A4095E3BC
0F741727684B832FDC0F3DBC180431B57B73058FFFFFFFFFFC8FFF00043D162FD043732A4095D3D4
0F741727684E832FEF0F3DB618042EB55B73058FFFFFFFFFFC7FFF000442162FD043732A4095E3EC
0F740F2768408330000F3DB418042EB55B74058FFFFFFFFFFC7FFF000446162FD143732A4095D304
0F740C27683A8330030F3DB018042BB55B74058FFFFFFFFFFC8FFF000448162FD143732A4095D31C
0F7419276852832FFA0F3DBC180436B57B74058FFFFFFFFFFC7FFF000449162FD143732A4095D334
0F7410276842832FF90F3DB9180431B58B72058FFFFFFFFFFC7FFF000448162FD243732B4095D34C
0F73F02768128330050F3D95180413B59B72058FFFFFFFFFFC9FFF000446162FD243732B4095D364
0F73F327681783300D0F3D92180412B58B73058FFFFFFFFFFC8FFF000445162FD243732B4095D37C
0F73EF2768108330110F3D8D18040FB57B73058FFFFFFFFFFC8FFF00043E162FD343732B4095C394
0F73EC27680C8330130F3D8B18040DB58B74058FFFFFFFFFFC8FFF000448162FD343732B4095C3AC
0F740827683783300F0F3DA4180423B57B74058FFFFFFFFFFC8FFF00044B162FD343732B4095C3C4
0F741A2768518330090F3DB9180432B56B73058FFFFFFFFFFC9FFF000440162FD443732B4095C3DC
0F741C27685983300D0F3DBB180433B57B73058FFFFFFFFFFC9FFF000445162FD443732B4095C3F4
0F742927686D83301D0F3DC518043EB57B73058FFFFFFFFFFC8FFF000446162FD443732B4095C30C
0F741E27685A8330270F3DC218043BB56B72058FFFFFFFFFFC9FFF000449162FD543732C4095C324
0F741E27685983301B0F3DBF180438B55B72058FFFFFFFFFFC8FFF000442162FD543732C4095C33C
0F74112768498330160F3DB8180431B54B72058FFFFFFFFFFC8FFF00044A162FD543732C4095B354
0F741427684D8330230F3DB318042EB56B73058FFFFFFFFFFC8FFF000441162FD543732C4095C36C
0F741B27685A83302E0F3DBC180437B55B73058FFFFFFFFFFC8FFF000449162FD643732C4095B384
0F741F27685E83302E0F3DBD180437B56B73058FFFFFFFFFFC8FFF00044A162FD643732C4095A39C
0F741A27685783302B0F3DBC180435B54B72058FFFFFFFFFFC8FFF000441162FD643732C4095A3B4
0F74222768628330260F3DC018043AB53B72058FFFFFFFFFFC9FFF000444162FD743732C4095A3CC
0F74202768608330260F3DC318043BB53B72058FFFFFFFFFFC8FFF00044B162FD743732C4095A3E4
0F742127686383303A0F3DC118043BB55B72058FFFFFFFFFFC8FFF00044D162FD743732D4095A3FC
0F74222768648330490F3DC018043EB57B72058FFFFFFFFFFC8FFF000445162FD843732D4095A314
0F74322768808330440F3DCB180447B57B73058FFFFFFFFFFC8FFF00044D162FD843732D4095A32C
0F742E2768798330350F3DCF180448B56B72058FFFFFFFFFFC8FFF00044B162FD843732D4095A344
0F742F2768738330320F3DD918044EB58B73058FFFFFFFFFFC8FFF000441162FD943732D4095A35C
0F73FD27682F83303C0F3DAE18042BB58B72058FFFFFFFFFFC8FFF000440162FD943732D4095A374
0F73EC2768168330520F3D8918040FB57B73058FFFFFFFFFFC8FFF00044D162FD943732D4095A38C
0F741727685783305E0F3DBD18043EB56B73058FFFFFFFFFFC9FFF000450162FDA43732D4095A3A4
0F743C27688F8330550F3DDA180455B55B73058FFFFFFFFFFC9FFF00044F162FDA43732D409593BC
0F74552768B583304E0F3DF6180469B54B73058FFFFFFFFFFC8FFF000447162FDA43732E409593D4
0F74592768BA8330500F3DFA18046DB54B73058FFFFFFFFFFC8FFF00044D162FDB43732E409593EC
0F74572768B983304D0F3DF818046CB55B72058FFFFFFFFFFC9FFF00044D162FDB43732E40958304
0F74552768B48330530F3DF618046BB55B72058FFFFFFFFFFC9FFF00044C162FDB43732E4095831C
0F744F2768AE83306B0F3DF0180466B56B72058FFFFFFFFFFC9FFF000444162FDB43732E40959334
0F74652768CF8330750F3E0418047AB57B73058FFFFFFFFFFC8FFF00044F162FDC43732E4095834C
0F74732768E483305B0F3E13180483B56B73058FFFFFFFFFFC8FFF000446162FDC43732E40958364
0F747F2768F38330510F3E1F18048CB55B73058FFFFFFFFFFC9FFF00044E162FDC43732E4095837C
0F746E2768DD83306B0F3E0F180482B55B73058FFFFFFFFFFC9FFF000445162FDD43732E40958394
0F74642768D28330760F3E00180477B55B73058FFFFFFFFFFC9FFF00044E162FDD43732F409583AC
0F74702768DE8330700F3E0E180480B55B74058FFFFFFFFFFC9FFF00044C162FDD43732F409583C4
0F74742768E28330710F3E10180481B55B74058FFFFFFFFFFC8FFF00044C162FDE43732F409583DC
0F747B2768F08330690F3E16180489B54B73058FFFFFFFFFFC8FFF00044D162FDE43732F409583F4
0F747D2768F28330660F3E1A18048AB53B72058FFFFFFFFFFC8FFF00044F162FDE43732F4095730C
0F747F2768F883307E0F3E20180492B54B72058FFFFFFFFFFC8FFF000441162FDF43732F40958324
0F74722768E683308F0F3E10180484B54B73058FFFFFFFFFFC9FFF00044E162FDF43732F4095733C
0F74852769028330830F3E20180494B55B72058FFFFFFFFFFC9FFF00044F162FDF43732F40957354
0F748A2769098330700F3E2D18049AB55B72058FFFFFFFFFFC8FFF000445162FE04373304095736C
0F74A62769348330720F3E401804ABB55B73058FFFFFFFFFFC8FFF00044C162FE043733040956384
0F749D2769268330880F3E441804AFB55B72058FFFFFFFFFFC8FFF000443162FE04373304095639C
0F74652768D38330900F3E14180489B55B72058FFFFFFFFFFC9FFF00044C162FE0437330409563B4
0F748D27690F8330890F3E331804A0B54B73058FFFFFFFFFFC8FFF00043F162FE1437330409563CC
0F748F27691283308B0F3E331804A0B55B73058FFFFFFFFFFC9FFF00044E162FE1437330409563E4
0F74922769108330970F3E331804A2B56B73058FFFFFFFFFFC8FFF00044A162FE1437330409563FC
0F74842769018330930F3E2718049BB54B73058FFFFFFFFFFC8FFF00044F162FE243733040956314
0F74AD2769418330830F3E4C1804B7B56B73058FFFFFFFFFFC9FFF000447162FE24373314095632C
0F74D227697B8330880F3E6D1804D0B56B73058FFFFFFFFFFCAFFF000440162FE243733140956344
0F74CE27696F8330940F3E6E1804D2B56B73058FFFFFFFFFFC9FFF00044D162FE34373314095535C
0F74DC27698983308E0F3E721804D7B55B72058FFFFFFFFFFC8FFF000446162FE343733140955374
0F74F12769A78330930F3E8C1804ECB54B71058FFFFFFFFFFC8FFF00044F162FE34373314095538C
0F74EF2769A18330A70F3E8B1804EDB55B72058FFFFFFFFFFC8FFF000440162FE4437331409553A4
0F74E927699C83309E0F3E851804E9B56B72058FFFFFFFFFFC8FFF00044E162FE4437331409553BC
0F74E42769948330870F3E811804E1B56B73058FFFFFFFFFFC8FFF00044D162FE4437331409553D4
0F74EF2769A58330830F3E8C1804EBB56B73058FFFFFFFFFFC8FFF00044C162FE5437331409543EC
0F74EC27699F8330950F3E8D1804ECB56B73058FFFFFFFFFFC8FFF00044D162FE543733240954304
0F74E02769918330AA0F3E7C1804E1B56B73058FFFFFFFFFFC9FFF000450162FE54373324095431C
0F74EF2769AA8330A90F3E8B1804EFB55B73058FFFFFFFFFFC9FFF00044B162FE643733240954334
0F74F12769AA8330950F3E8D1804EEB54B74058FFFFFFFFFFC8FFF000450162FE64373324095434C
0F75132769D98330850F3EB018050BB54B73058FFFFFFFFFFC8FFF000444162FE643733240954364
0F75072769C78330850F3EAB180504B54B72058FFFFFFFFFFC9FFF00044B162FE74373324095437C
0F74F12769AC8330990F3E8D1804F0B55B72058FFFFFFFFFFC9FFF00044D162FE743733240954394
0F75032769C48330A60F3E9D1804FDB57B72058FFFFFFFFFFC9FFF000450162FE7437332409543AC
0F75062769CA83309B0F3E9E1804FFB57B72058FFFFFFFFFFC8FFF000452162FE7437332409533C4
0F75092769D18330860F3EA6180503B57B73058FFFFFFFFFFC8FFF00044F162FE8437333409533DC
0F75042769C68330850F3EA31804FEB57B73058FFFFFFFFFFC8FFF00043C162FE8437333409533F4
0F75042769C58330990F3E9F1804FFB56B73058FFFFFFFFFFCAFFF00044A162FE84373334095330C
0F74F62769AF8330A40F3E9D1804FCB56B73058FFFFFFFFFFC9FFF00044E162FE943733340953324
0F74F32769AA8330A20F3E901804F1B55B73058FFFFFFFFFFC8FFF00044E162FE94373334095233C
0F74FF2769BE83309E0F3E9E1804FDB55B74058FFFFFFFFFFC8FFF000445162FE943733340952354
0F74FA2769B38330900F3E951804F5B54B74058FFFFFFFFFFC9FFF00044C162FEA4373334095236C
0F75032769C28330890F3E9D1804FBB54B74058FFFFFFFFFFC9FFF000436162FEA43733340952384
0F74EE2769A58330A00F3E931804F5B54B73058FFFFFFFFFFC9FFF000447162FEA4373344095239C
0F74C42769628330B50F3E701804D7B55B73058FFFFFFFFFFC9FFF00044A162FEB437334409523B4
0F74DB27698A8330A60F3E691804D4B55B73058FFFFFFFFFFC8FFF000445162FEB437334409523CC
0F74CD27697183308E0F3E6C1804D1B55B73058FFFFFFFFFFC8FFF00044E162FEB437334409523E4
0F74B827694D8330950F3E591804C1B55B73058FFFFFFFFFFC8FFF00044A162FEC437334409513FC
0F74D327697B8330A50F3E6B1804D3B55B73058FFFFFFFFFFC8FFF00043C162FEC43733440951314
0F74C327695F83309F0F3E641804CEB55B72058FFFFFFFFFFC8FFF00043B162FEC4373344095132C
0F74D627697C8330930F3E761804DAB55B72058FFFFFFFFFFC9FFF000447162FED43733440951344
0F74CD27696F8330980F3E6F1804D4B58B72058FFFFFFFFFFC8FFF000442162FED4373344095135C
0F74D12769748330A90F3E6D1804D3B58B73058FFFFFFFFFFC8FFF00044D162FED43733540951374
0F74BE27695B8330A70F3E601804CBB57B72058FFFFFFFFFFC8FFF000449162FEE4373354095038C
0F74AB27693D83308F0F3E511804BCB57B73058FFFFFFFFFFC9FFF000431162FEE437335409513A4
0F74D32769798330900F3E641804CBB58B73058FFFFFFFFFFCAFFF000443162FEE437335409503BC
0F74E227698D8330A30F3E861804E9B57B72058FFFFFFFFFFC8FFF00043E162FEF437335409513D4
0F74E52769978330A70F3E7C1804E4B56B72058FFFFFFFFFFC8FFF00044A162FEF437335409503EC
0F750D2769D083309A0F3EAA180508B55B72058FFFFFFFFFFC8FFF000441162FEF43733540950304
0F74F92769B18330970F3EA01804FEB55B72058FFFFFFFFFFC8FFF00043E162FF04373354095031C
0F746E2768D683309F0F3E391804A3B55B72058FFFFFFFFFFC9FFF00043C162FF043733640950334
0F749827692C8330A60F3E08180483B55B72058FFFFFFFFFFC8FFF000447162FF04373364095034C
0F74FF2769B983309F0F3E9F180500B55B71058FFFFFFFFFFC8FFF000435162FF043733640950364
0F75002769B883309E0F3EA21804FFB56B71058FFFFFFFFFFC8FFF000448162FF14373364095037C
0F74FF2769BC8330A20F3E9A1804FAB57B72058FFFFFFFFFFC8FFF000446162FF143733640950394
0F75082769C983309C0F3EA3180503B55B72058FFFFFFFFFFC7FFF000445162FF1437336409503AC
0F74E527699283309C0F3E8F1804F0B54B71058FFFFFFFFFFC7FFF000446162FF2437336409503C4
0F74D12769768330A50F3E801804E6B55B70058FFFFFFFFFFC7FFF000449162FF2437336409503DC
0F74C127695D8330A70F3E6B1804D5B56B70058FFFFFFFFFFC8FFF000442162FF24373364094E3F4
0F749B2769228330A50F3E471804B4B56B71058FFFFFFFFFFC7FFF000449162FF34373374094E30C
0F74822769038330A60F3E0B180486B55B71058FFFFFFFFFFC7FFF000446162FF34373374094E324
0F746D2768DE83309F0F3DFD180477B55B72058FFFFFFFFFFC8FFF000443162FF34373374094E33C
0F74882769048330A40F3E2618049BB56B72058FFFFFFFFFFC8FFF00043F162FF44373374094E354
0F744227689A8330B60F3DF018046CB57B72058FFFFFFFFFFC8FFF00043E162FF44373374094E36C
0F74082768468330AA0F3DFD180476B57B72058FFFFFFFFFFC8FFF000442162FF44373374094E384
0F74A727693983309D0F3E2E1804A1B57B72058FFFFFFFFFFC8FFF000448162FF54373374094E39C
0F74B72769488330AB0F3E5E1804C5B57B73058FFFFFFFFFFC8FFF000447162FF54373374094E3B4
0F74592768BE8330AB0F3DEE18046AB56B72058FFFFFFFFFFC8FFF00043E162FF54373384094E3CC
0F74802768FA8330A40F3E1818048DB55B72058FFFFFFFFFFC8FFF000446162FF64373384094E3E4
0F74592768B28330AF0F3E21180491B56B72058FFFFFFFFFFC8FFF000448162FF64373384094D3FC
0F74772768EF8330B20F3DE8180468B57B72058FFFFFFFFFFC8FFF000440162FF64373384094D314
0F747C2768F28330A40F3E331804A3B56B72058FFFFFFFFFFC8FFF00043F162FF74373384094D32C
0F74A027692C8330A80F3E351804A6B55B73058FFFFFFFFFFC8FFF00043E162FF74373384094D344
0F748A2769098330B30F3E3A1804ACB55B72058FFFFFFFFFFC8FFF000447162FF74373384094C35C
0F746D2768DB8330A20F3E1E180493B55B72058FFFFFFFFFFC9FFF000436162FF84373384094D374
0F745B2768C58330A00F3E0818047EB57B72058FFFFFFFFFFC8FFF00043C162FF84373394094C38C
0F74732768EA8330BF0F3E1218048EB57B71058FFFFFFFFFFC8FFF000441162FF84373394094C3A4
0F748E2769118330BD0F3E371804AAB56B73058FFFFFFFFFFC7FFF000436162FF94373394094C3BC
0F74EE2769A083309D0F3E851804E9B56B73058FFFFFFFFFFC8FFF000448162FF94373394094C3D4
0F75032769C38330960F3E951804F5B56B73058FFFFFFFFFFC8FFF00043D162FF94373394094C3EC
0F75092769C78330A10F3EA4180503B54B73058FFFFFFFFFFC8FFF000442162FF94373394094C304
0F75032769C083309D0F3E9D1804FEB54B73058FFFFFFFFFFC8FFF00043B162FFA4373394094C31C
0F74F52769AB8330A30F3E981804F9B55B73058FFFFFFFFFFC8FFF000446162FFA4373394094C334
0F74DA2769808330B40F3E841804E9B55B74058FFFFFFFFFFC8FFF000437162FFA4373394094B34C
0F74B727694D8330B50F3E551804C2B54B73058FFFFFFFFFFC7FFF00044A162FFB43733A4094B364
0F74CA2769688330B10F3E7C1804E2B54B73058FFFFFFFFFFC7FFF000449162FFB43733A4094B37C
0F74CD2769758330A90F3E7A1804E1B54B72058FFFFFFFFFFC6FFF00043B162FFB43733A4094B394
0F74EE2769A283308E0F3E911804F2B55B71058FFFFFFFFFFC8FFF00043F162FFC43733A4094A3AC
0F74FC2769B18330910F3E9A1804F9B55B72058FFFFFFFFFFC8FFF000437162FFC43733A4094A3C4
0F745B2768C78330B50F3E2F1804A7B55B73058FFFFFFFFFFC7FFF000445162FFC43733A4094A3DC
0F744E2768AF8330B60F3E301804A2B56B73058FFFFFFFFFFC9FFF000448162FFD43733A4094A3F4
0F74B22769468330AE0F3E5F1804C8B57B72058FFFFFFFFFFC8FFF000441162FFD43733A4094A30C
0F74AB2769378330B80F3E5C1804C7B55B73058FFFFFFFFFFC8FFF000447162FFD43733A4094A324
0F74BE27695A8330AB0F3E651804D0B55B73058FFFFFFFFFFC9FFF000445162FFE43733B4094A33C
0F74E92769968330900F3E861804E9B55B73058FFFFFFFFFFC9FFF00042E162FFE43733B4094A354
0F74D627697783309B0F3E7D1804E2B56B73058FFFFFFFFFFC8FFF00043D162FFE43733B4094A36C
0F74922769138330B70F3E401804AEB54B74058FFFFFFFFFFC8FFF000440162FFF43733B4094A384
0F74392768908330B70F3DCD180453B54B73058FFFFFFFFFFC8FFF00043E162FFF43733B4094A39C
0F744027689A8330A90F3DEC180468B55B73058FFFFFFFFFFC8FFF000442162FFF43733B409493B4
0F746A2768D98330AA0F3E0618047EB56B73058FFFFFFFFFFC8FFF00044816300043733B409493CC
0F74662768CE8330AB0F3E12180487B56B73058FFFFFFFFFFC9FFF00044316300043733B409483E4
0F74652768CC8330A40F3E1418048AB55B73058FFFFFFFFFFC9FFF00043F16300043733C409493FC
0F74432768988330A30F3DF218046CB55B72058FFFFFFFFFFC9FFF00043616300143733C40949314
0F74422768988330AF0F3DE1180461B55B73058FFFFFFFFFFC8FFF00044316300143733C4094832C
0F74572768BB8330AA0F3DF1180471B55B73058FFFFFFFFFFC7FFF00044616300143733C40948344
0F74752768E38330A20F3E1C180490B56B73058FFFFFFFFFFC8FFF00044716300243733C4094835C
0F74612768BF8330AD0F3E1B18048FB56B73058FFFFFFFFFFC8FFF00043D16300243733C40948374
0F74322768828330B50F3DD0180453B55B74058FFFFFFFFFFC8FFF00043E16300243733C4094838C
0F74382768878330A30F3DE0180461B55B73058FFFFFFFFFFC8FFF00044316300343733C409483A4
0F744427689583309A0F3DEC180469B57B73058FFFFFFFFFFC8FFF00043B16300343733D409483BC
0F74402768908330A10F3DF418046EB57B72058FFFFFFFFFFC9FFF00044616300343733D409483D4
0F742127685F8330A20F3DC6180447B56B72058FFFFFFFFFFC8FFF00043D16300443733D409483EC
0F740827683C8330A80F3DB818043DB55B73058FFFFFFFFFFC8FFF00044616300443733D40948304
0F741327684F8330AC0F3DBD180443B55B73058FFFFFFFFFFC9FFF00044616300443733D4094731C
0F74522768AD8330990F3DF318046FB56B73058FFFFFFFFFFC9FFF00043316300543733D40947334
0F746E2768D283308E0F3E14180486B56B72058FFFFFFFFFFC9FFF00044516300543733D4094734C
0F742F27687483309D0F3DE318045FB57B72058FFFFFFFFFFC8FFF00044616300543733D40947364
0F741227684C8330A80F3DB718043CB57B72058FFFFFFFFFFC8FFF00044716300643733D4094637C
0F74532768AF8330AB0F3DEB180469B56B73058FFFFFFFFFFC8FFF00044016300643733E40946394
0F74532768AD8330AD0F3E0318047DB57B73058FFFFFFFFFFC8FFF00044A16300643733E409463AC
0F745A2768BB8330A00F3E1B180490B56B72058FFFFFFFFFFC9FFF00044716300743733E409463C4
0F749A27691783308E0F3E381804A9B56B72058FFFFFFFFFFC9FFF00043B16300743733E409463DC
0F74B027693A8330950F3E4A1804B7B55B72058FFFFFFFFFFC9FFF00044616300743733E409463F4
0F749D27691C8330A70F3E441804B4B55B72058FFFFFFFFFFC9FFF00044A16300843733E4094630C
0F74842768FA8330AC0F3E2718049BB55B72058FFFFFFFFFFC8FFF00044316300843733E40946324
0F748B2769038330A20F3E2718049DB54B72058FFFFFFFFFFC8FFF00044C16300843733E4094633C
0F74612768C18330A50F3E27180498B55B72058FFFFFFFFFFC9FFF00044216300943733F40946354
0F74402768918330AD0F3E0118047BB56B72058FFFFFFFFFFC9FFF00044916300943733F4094636C
0F74832768FB8330A20F3E301804A5B55B73058FFFFFFFFFFC9FFF00044016300943733F40946384
0F748A2769008330900F3E3B1804ABB55B74058FFFFFFFFFFC9FFF00044816300943733F4094539C
0F74602768C88330960F3E0018047AB55B73058FFFFFFFFFFC9FFF00044816300A43733F409453B4
0F746B2768CC8330A60F3E1718048CB55B73058FFFFFFFFFFC7FFF00044216300A43733F409453CC
0F74672768CB8330B20F3E12180488B55B73058FFFFFFFFFFC6FFF00044E16300A43733F409443E4
0F746C2768D68330BA0F3E1118048AB55B72058FFFFFFFFFFC8FFF00045016300B43733F409443FC
0F74722768DF8330B30F3E1718048FB56B73058FFFFFFFFFFC8FFF00044816300B43733F40944314
0F74842768F683309B0F3E26180499B56B73058FFFFFFFFFFC8FFF00044A16300B4373404094432C
0F74A02769278330900F3E3D1804ACB55B73058FFFFFFFFFFC9FFF00044816300C43734040944344
0F749C27691D83309C0F3E3E1804AEB55B72058FFFFFFFFFFC9FFF00044A16300C4373404094435C
0F749A27691F8330A80F3E391804ACB54B71058FFFFFFFFFFC9FFF00044516300C43734040944374
0F749A27691F8330B10F3E3D1804AFB54B71058FFFFFFFFFFC8FFF00045116300D4373404094438C
0F748B2769078330BD0F3E321804A5B55B72058FFFFFFFFFFC8FFF00045316300D437340409443A4
0F74832768F58330BD0F3E2A1804A1B55B72058FFFFFFFFFFC8FFF00045016300D437340409443BC
0F749B27691D8330A50F3E3B1804AFB54B72058FFFFFFFFFFC8FFF00044D16300E437340409433D4
0F74AC27693B83308B0F3E541804BFB55B72058FFFFFFFFFFC8FFF00043D16300E437341409433EC
0F74A727692D8330930F3E4B1804B8B56B73058FFFFFFFFFFC8FFF00044916300E43734140944304
0F74962769168330AD0F3E361804A9B56B73058FFFFFFFFFFC9FFF00044E16300F4373414094331C
0F748C2769078330AC0F3E2C1804A1B54B72058FFFFFFFFFFC9FFF00045216300F43734140943334
0F74B32769468330A10F3E5B1804C8B53B72058FFFFFFFFFFC8FFF00045416300F4373414094334C
0F74842768FA8330A90F3E341804A5B54B73058FFFFFFFFFFC7FFF00045616301043734140943364
0F747E2768EF8330AC0F3E2818049DB55B73058FFFFFFFFFFC8FFF00044C1630104373414094237C
0F74982769178330A50F3E431804B2B55B73058FFFFFFFFFFC8FFF00044A16301043734140942394
0F74B727694683309A0F3E521804BDB56B73058FFFFFFFFFFC8FFF00043B163011437341409423AC
0F74B527694483309E0F3E571804C3B55B73058FFFFFFFFFFC9FFF00044E163011437342409423C4
0F74892768FC8330A80F3E351804A6B56B73058FFFFFFFFFFC9FFF000441163011437342409423DC
0F74762768E18330AB0F3E1918048FB56B73058FFFFFFFFFFC9FFF000455163012437342409423F4
0F74792768E98330B40F3E1B180493B56B73058FFFFFFFFFFC9FFF0004571630124373424094230C
0F74732768DB8330B20F3E1D180492B57B73058FFFFFFFFFFC9FFF00045516301243734240942324
0F74462768978330B30F3DFC180478B57B73058FFFFFFFFFFC8FFF0004551630134373424094233C
0F73DF2767F88330BA0F3DB5180439B56B73058FFFFFFFFFFC8FFF00045516301343734240942354
0F74012768318330B80F3DBB180442B56B73058FFFFFFFFFFC7FFF00044B1630134373424094136C
0F74252768658330B30F3DE6180463B56B73058FFFFFFFFFFC7FFF00044C16301343734340942384
0F73EB2768068330BA0F3DBC18043FB57B73058FFFFFFFFFFC9FFF00043E1630144373434094139C
0F73432767078330BC0F3D451803DCB57B73058FFFFFFFFFFC8FFF000455163014437343409413B4
0F73352766FA8330BB0F3D231803BFB56B73058FFFFFFFFFFC6FFF000456163014437343409413CC
0F72C327664A8330CB0F3C8F180346B56B73058FFFFFFFFFFC8FFF000459163015437343409403E4
0F72642765B98330D90F3C2F1802F6B57B72058FFFFFFFFFFC7FFF000451163015437343409403FC
0F724C27659C8330D20F3C0F1802DEB57B73058FFFFFFFFFFC8FFF00045616301543734340940314
0F72952766078330C70F3C57180319B57B73058FFFFFFFFFFC9FFF00044A1630164373434094032C
0F72732765CE8330CC0F3C4B180308B57B73058FFFFFFFFFFC8FFF00045416301643734440940344
0F724F2765968330D30F3BFF1802CEB57B73058FFFFFFFFFFC7FFF00044E1630164373444094035C
0F72342765708330DB0F3BE71802BAB57B73058FFFFFFFFFFC9FFF00044F16301743734440940374
0F72192765458330F10F3BC618029EB57B73058FFFFFFFFFFC9FFF00045A1630174373444094038C
0F72122765398330F60F3BB9180295B56B74058FFFFFFFFFFC9FFF000448163017437344409403A4
0F72102765338330DE0F3BBE180296B57B74058FFFFFFFFFFC9FFF0004571630184373444093F3BC
0F722027654A8330DB0F3BCA18029FB58B74058FFFFFFFFFFC9FFF000456163018437344409403D4
0F720A27652A8330F00F3BB418028FB57B74058FFFFFFFFFFC8FFF0004561630184373444093F3EC
0F72092765288330FE0F3BB418028DB57B74058FFFFFFFFFFC8FFF0004581630184373444093F304
0F71FE2765158331030F3BAD180287B58B74058FFFFFFFFFFC9FFF0004591630194373444093E31C
0F71DC2764E583310F0F3B95180272B58B74058FFFFFFFFFFC8FFF0004591630194373454093E334
0F719D27648883310A0F3B6818024EB56B74058FFFFFFFFFFC8FFF00044F1630194373454093E34C
0F71E52764F28330F60F3B9F18027BB56B74058FFFFFFFFFFC8FFF00045616301A4373454093E364
0F71F02764FD8330F90F3BA018027CB56B74058FFFFFFFFFFC8FFF00044D16301A4373454093F37C
0F719C2764878331250F3B55180240B57B74058FFFFFFFFFFC7FFF00045816301A4373454093E394
0F71852764648331380F3B2E18021FB58B74058FFFFFFFFFFC8FFF00045A16301B4373454093E3AC
0F719827647D83311D0F3B4118022EB59B74058FFFFFFFFFFC9FFF00045916301B4373454093E3C4
0F71BE2764B98331110F3B60180244B59B73058FFFFFFFFFFC9FFF00044F16301B4373454093E3DC
0F71B22764A08331160F3B6B18024DB59B73058FFFFFFFFFFC9FFF00045216301B4373464093E3F4
0F71B42764AA8331210F3B5C180243B59B73058FFFFFFFFFFC9FFF00045416301C4373464093D30C
0F71A92764998331340F3B5318023CB58B74058FFFFFFFFFFC7FFF00045816301C4373464093D324
0F71912764708331430F3B4318022FB58B74058FFFFFFFFFFC8FFF00045916301C4373464093E33C
0F719427647A8331410F3B46180233B57B74058FFFFFFFFFFC8FFF00045B16301D4373464093D354
0F71BC2764B68331360F3B6318024BB58B74058FFFFFFFFFFC7FFF00045116301D4373464093D36C
0F71CB2764CA83312C0F3B7C18025EB59B74058FFFFFFFFFFC8FFF00045716301D4373464093D384
0F71D22764D38331330F3B7A18025DB58B73058FFFFFFFFFFC8FFF00045316301E4373464093C39C
0F71B32764A98331530F3B6418024DB58B73058FFFFFFFFFFC7FFF00044D16301E4373464093C3B4
0F71B82764B08331590F3B6E180256B58B74058FFFFFFFFFFC8FFF00045016301E4373464093C3CC
0F71D02764D28331460F3B71180257B58B74058FFFFFFFFFFC8FFF00045916301F4373474093C3E4
0F71D42764DC8331440F3B7D18025FB58B75058FFFFFFFFFFC8FFF00045116301F4373474093C3FC
0F71D62764DB83314B0F3B86180267B59B74058FFFFFFFFFFC8FFF00045416301F4373474093C314
0F71C92764C78331500F3B7518025BB58B75058FFFFFFFFFFC9FFF00045216301F4373474093C32C
0F71BC2764B383315A0F3B69180252B56B75058FFFFFFFFFFC7FFF0004431630204373474093C344
0F71C62764C28331590F3B80180265B57B75058FFFFFFFFFFC8FFF0004581630204373474093C35C
0F71C32764BC8331500F3B8B18026CB57B74058FFFFFFFFFFC9FFF0004481630204373474093C374
0F71B72764AD83315D0F3B6B180250B57B75058FFFFFFFFFFC7FFF00045A1630214373474093B38C
0F71AD27649C8331710F3B5F180248B58B75058FFFFFFFFFFC7FFF0004581630214373474093B3A4
0F71A827649783316B0F3B5118023EB57B75058FFFFFFFFFFC8FFF0004551630214373484093B3BC
0F71BA2764B68331620F3B6318024DB57B75058FFFFFFFFFFC8FFF0004551630224373484093B3D4
0F71B22764A883316B0F3B61180249B57B75058FFFFFFFFFFC8FFF0004561630224373484093B3EC
0F71C52764C383316B0F3B69180252B57B75058FFFFFFFFFFC8FFF0004571630224373484093B304
0F71BF2764B983317A0F3B68180252B5AB75058FFFFFFFFFFC7FFF0004511630224373484093A31C
0F719D2764848331950F3B53180242B5BB75058FFFFFFFFFFC7FFF0004521630234373484093A334
0F715F27642883319B0F3B1C180212B5AB75058FFFFFFFFFFC8FFF0004591630234373484093A34C
0F71AD2764A08331830F3B51180240B59B74058FFFFFFFFFFC8FFF0004551630234373484093A364
0F71D12764D58331710F3B7518025CB5AB74058FFFFFFFFFFC8FFF0004531630244373494093A37C
0F71B42764A78331840F3B6B180252B5AB75058FFFFFFFFFFC8FFF0004531630244373494093A394
0F713E2763EF83319C0F3B021801F7B59B74058FFFFFFFFFFC8FFF0004571630244373494093A3AC
0F71512764138331A10F3B1F180218B58B74058FFFFFFFFFFC8FFF0004521630254373494093A3C4
0F71AF2764A18331960F3B6318024FB58B75058FFFFFFFFFFC8FFF0004501630254373494093A3DC
0F719B2764888331980F3B5A180244B59B75058FFFFFFFFFFC8FFF000456163025437349409393F4
0F71B42764A88331A10F3B5D180249B5BB74058FFFFFFFFFFC8FFF0004561630254373494093930C
0F70F627637F8331B20F3AF01801E8B59B75058FFFFFFFFFFC7FFF00044516302643734940939324
0F70532762958331BB0F3A28180147B58B75058FFFFFFFFFFC7FFF0004581630264373494093933C
0F71162763C18331A80F3AEC1801EDB58B76058FFFFFFFFFFC9FFF00045816302643734940939354
0F71822764568331A30F3B3C18022CB59B77058FFFFFFFFFFC9FFF00044516302743734A4093936C
0F70872762D88331B50F3A7E180180B58B76058FFFFFFFFFFC8FFF00045616302743734A40939384
0F702527624E8331B70F39E018010EB57B75058FFFFFFFFFFC8FFF00045716302743734A4093939C
0F700E2762238331B70F39F5180118B58B75058FFFFFFFFFFC8FFF00045916302843734A409393B4
0F6FAD2761958331CA0F397D1800B9B58B75058FFFFFFFFFFC8FFF00045216302843734A409383CC
0F6F752761408331D70F3939180080B58B76058FFFFFFFFFFC9FFF00045216302843734A409383E4
0F6F8027614C8331CB0F3941180084B59B76058FFFFFFFFFFC9FFF00045A16302843734A409383FC
0F6F872761568331BF0F3947180089B59B76058FFFFFFFFFFC8FFF00044E16302943734A40938314
0F6FAD2761908331BC0F397A1800B3B59B76058FFFFFFFFFFC8FFF00044E16302943734B4093832C
0F6F832761518331CA0F3949180089B59B76058FFFFFFFFFFC8FFF00045616302943734B40938344
0F6F112760A08331E40F38DB18002EB58B76058FFFFFFFFFFC8FFF00045C16302A43734B4093835C
0F6ECE2760428331ED0F388D17FFF0B57B76058FFFFFFFFFFC8FFF00045516302A43734B40938374
0F6F0227608B8331DD0F38DC180032B57B75058FFFFFFFFFFC9FFF00045C16302A43734B4093738C
0F6F562761098331DB0F390118004EB58B76058FFFFFFFFFFC9FFF00045A16302B43734B409373A4
0F6F282760C38331E00F38EA18003BB59B75058FFFFFFFFFFC8FFF00045016302B43734B409383BC
0F6F212760B98331E00F38D818002CB5AB75058FFFFFFFFFFC7FFF00045816302B43734B409373D4
0F6EF52760718331ED0F38B618000FB5CB75058FFFFFFFFFFC8FFF00045816302C43734B409373EC
0F6EBC27601E8331FA0F387C17FFE0B5CB74058FFFFFFFFFFC9FFF00045A16302C43734B40937304
0F6E83275FC98332010F385017FFBAB5AB75058FFFFFFFFFFC9FFF00045316302C43734C4093631C
0F6E5C275F918332050F381617FF8BB5AB75058FFFFFFFFFFC8FFF00045C16302C43734C40936334
0F6E84275FCB8331FB0F384017FFAFB5AB76058FFFFFFFFFFC8FFF00045116302D43734C4093634C
0F6EA4275FFD8331F10F385F17FFC5B59B76058FFFFFFFFFFC8FFF00044416302D43734C40936364
0F6EA7275FFD8331F10F385F17FFC5B58B76058FFFFFFFFFFC6FFF00045616302D43734C4093637C
0F6E7C275FB98332000F384217FFAEB58B76058FFFFFFFFFFC7FFF00044F16302E43734C40936394
0F6E36275F5383321F0F37F317FF6EB59B76058FFFFFFFFFFCAFFF00045D16302E43734C409363AC
0F6E29275F408332200F37E217FF64B5AB77058FFFFFFFFFFC9FFF00045616302E43734C409363C4
0F6E3B275F5C8332000F37F317FF6CB5AB77058FFFFFFFFFFC9FFF00045C16302F43734D409353DC
0F6E4D275F738331FB0F380A17FF7EB59B77058FFFFFFFFFFC8FFF00045716302F43734D409353F4
0F6E2E275F4583320D0F37ED17FF67B59B76058FFFFFFFFFFC9FFF00045516302F43734D4093530C
0F6E2B275F458332150F37E417FF60B59B76058FFFFFFFFFFC8FFF00044616302F43734D40935324
0F6E27275F398332160F37E917FF64B5AB77058FFFFFFFFFFC8FFF00045B16303043734D4093433C
0F6E0A275F0E8332220F37C817FF4AB59B76058FFFFFFFFFFC8FFF00045C16303043734D40935354
0F6DE3275ED58332280F37B017FF35B5AB75058FFFFFFFFFFC8FFF00045D16303043734D4093436C
0F6DEC275EE28332200F37AB17FF32B5AB76058FFFFFFFFFFC6FFF00045C16303143734D40934384
0F6DED275EDE83321D0F37A917FF2EB59B76058FFFFFFFFFFC8FFF00045B16303143734D4093439C
0F6DAE275E7F8332250F378817FF13B58B76058FFFFFFFFFFC9FFF00045A16303143734E409343B4
0F6D56275E028332310F371E17FEBAB58B76058FFFFFFFFFFC8FFF00045216303243734E409343CC
0F6D7B275E368332290F373F17FEDAB5AB76058FFFFFFFFFFC9FFF00045416303243734E409343E4
0F6D81275E3C8332220F375D17FEEDB5BB77058FFFFFFFFFFC9FFF00045A16303243734E409343FC
0F6D44275DDF8332310F371A17FEB6B59B77058FFFFFFFFFFC8FFF00045C16303243734E40934314
0F6D04275D838332400F36C517FE72B58B77058FFFFFFFFFFC8FFF00044B16303343734E4093432C
0F6CE2275D518332420F36A617FE59B58B77058FFFFFFFFFFC8FFF00045E16303343734E40934344
0F6CFE275D788332400F36C117FE6DB59B77058FFFFFFFFFFC9FFF00045C16303343734E4093435C
0F6CDF275D488332450F36A417FE58B5AB77058FFFFFFFFFFC9FFF00045116303443734E40934374
0F6CF2275D6583323C0F36AD17FE5FB5CB77058FFFFFFFFFFC9FFF00045816303443734F4093338C
0F6CDF275D468332390F369F17FE52B5DB77058FFFFFFFFFFC8FFF00044F16303443734F409323A4
0F6CD0275D308332560F368F17FE46B5CB78058FFFFFFFFFFC8FFF00045C16303543734F409333BC
0F6C5E275C858332680F362B17FDF4B5CB77058FFFFFFFFFFCAFFF00045616303543734F409323D4
0F6C70275CA583325B0F363717FE01B5DB78058FFFFFFFFFFC8FFF00045616303543734F409323EC
0F6C7C275CB68332520F364817FE0AB5DB77058FFFFFFFFFFC9FFF00045D16303543734F40932304
0F6C63275C8F83325E0F362617FDEFB5CB76058FFFFFFFFFFC8FFF00045D16303643734F4093231C
0F6C4F275C718332610F361217FDDFB5BB77058FFFFFFFFFFC8FFF00045D16303643734F40932334
0F6C41275C558332600F360A17FDD8B5BB77058FFFFFFFFFFC9FFF00045D16303643734F4093234C
0F6C32275C468332700F35EF17FDC2B5BB77058FFFFFFFFFFC8FFF00045E16303743734F40932364
0F6C22275C278332750F35E117FDB7B5CB78058FFFFFFFFFFC8FFF00045D1630374373504093237C
0F6C10275C0F8332780F35CD17FDA5B5DB78058FFFFFFFFFFC7FFF00045416303743735040932394
0F6BE7275BCF8332850F35AA17FD88B5DB78058FFFFFFFFFFC7FFF00045F163038437350409323AC
0F6BC9275BA48332860F358817FD6DB5CB77058FFFFFFFFFFC8FFF000456163038437350409323C4
0F6BDD275BC28332790F35A217FD81B5BB77058FFFFFFFFFFC8FFF00045D163038437350409323DC
0F6BDB275BBA8332710F359A17FD79B5BB77058FFFFFFFFFFC9FFF000449163038437350409313F4
0F6BD2275BAE8332780F359017FD72B5BB77058FFFFFFFFFFC7FFF00045C1630394373504093130C
0F6BAC275B788332970F357617FD5DB5BB77058FFFFFFFFFFC8FFF00046016303943735040931324
0F6B83275B378332A90F354417FD33B5CB77058FFFFFFFFFFC8FFF0004591630394373504093133C
0F6B7D275B2C8332970F354917FD37B5CB77058FFFFFFFFFFC9FFF00045B16303A43735040930354
0F6B90275B4A83328F0F355417FD3DB5CB77058FFFFFFFFFFC9FFF00045916303A4373514093036C
0F6B63275B018332980F353617FD24B5AB77058FFFFFFFFFFC8FFF00045B16303A43735140930384
0F6B38275AC483329C0F350E17FD03B5AB76058FFFFFFFFFFC7FFF00045E16303B4373514093039C
0F6B4A275ADD8332A70F350717FD00B5AB76058FFFFFFFFFFC7FFF00045916303B437351409303B4
0F6B0B275A7F8332B20F34D217FCD3B5BB78058FFFFFFFFFFC8FFF00046516303B437351409303CC
0F6B2A275AAF8332B90F34ED17FCEAB5AB78058FFFFFFFFFFC8FFF00046416303B437351409303E4
0F6B56275AF88332990F352317FD17B5BB77058FFFFFFFFFFC8FFF00045D16303C437351409303FC
0F6BC1275B9483326D0F358117FD61B5BB77058FFFFFFFFFFC8FFF00044E16303C43735140930314
0F6BDA275BB48332700F358017FD61B5AB77058FFFFFFFFFFC9FFF00045816303C4373514093032C
0F6B87275B358332900F355017FD39B5AB77058FFFFFFFFFFC9FFF00045716303D43735140930344
0F6B7A275B258332820F354217FD30B59B78058FFFFFFFFFFC8FFF00045F16303D4373514093035C
0F6BD2275BAC8332560F357C17FD5BB5CB77058FFFFFFFFFFC8FFF00046016303D4373524092E374
0F6BF3275BD78332550F359017FD6CB5DB77058FFFFFFFFFFC8FFF00046016303D4373524093038C
0F6C19275C1383325B0F35CE17FDA1B5CB78058FFFFFFFFFFC8FFF00046016303E437352409303A4
0F6C2C275C2B8332470F35E917FDB6B5BB78058FFFFFFFFFFC7FFF00044E16303E437352409303BC
0F6C23275C218332250F35E517FDB3B5AB77058FFFFFFFFFFC7FFF00045F16303E4373524092E3D4
0F6C74275C9683320D0F363717FDF4B5AB78058FFFFFFFFFFC8FFF00045D16303F437352409303EC
0F6C87275CAC83320E0F364F17FE07B59B78058FFFFFFFFFFC8FFF00044C16303F4373524092E304
0F6C71275C918332140F363A17FDF8B59B77058FFFFFFFFFFC9FFF00046216303F4373524092E31C
0F6C89275CB28332020F365B17FE13B5AB77058FFFFFFFFFFC9FFF0004651630404373524092E334
0F6CB8275CFB8331EF0F367517FE29B5AB77058FFFFFFFFFFC8FFF0004641630404373524092E34C
0F6D08275D738331E90F36C817FE6CB5AB77058FFFFFFFFFFC7FFF0004591630404373534092E364
0F6D83275E2D8331DA0F373F17FED1B5BB76058FFFFFFFFFFC9FFF00045F1630414373534092E37C
0F6DEA275EC38331B20F37A517FF21B5CB76058FFFFFFFFFFC8FFF0004541630414373534092E394
0F6E41275F478331930F37E917FF59B5CB76058FFFFFFFFFFC8FFF00044A1630414373534092E3AC
0F6E69275F8083318C0F382217FF88B5BB76058FFFFFFFFFFC8FFF00045E1630414373534092E3C4
0F6E85275FAB8331870F383617FF9CB5BB76058FFFFFFFFFFC9FFF0004511630424373534092E3DC
0F6ECB27601383318D0F388817FFDEB59B76058FFFFFFFFFFC9FFF0004661630424373534092E3F4
0F6EC627601583317C0F387C17FFD7B59B77058FFFFFFFFFFC9FFF0004671630424373534092D30C
0F6F9E27616883314B0F391D18005CB58B78058FFFFFFFFFFC9FFF00045A1630434373534092D324
0F70E42763468331290F3A2D18013BB59B78058FFFFFFFFFFC8FFF0004551630434373534092D33C
0F717E27642B8331200F3B23180204B5AB77058FFFFFFFFFFC7FFF00045E1630434373544092C354
0F71F42764E38331090F3B96180268B5BB76058FFFFFFFFFFC7FFF0004581630444373544092C36C
0F723027653C8330F00F3BD118029AB59B75058FFFFFFFFFFC8FFF0004611630444373544092C384
0F724427655B8330EF0F3BEC1802B0B58B75058FFFFFFFFFFC9FFF00045C1630444373544092C39C
0F72662765928330DB0F3C0C1802CDB57B76058FFFFFFFFFFC9FFF0004541630444373544092C3B4
0F729E2765EB8330B90F3C5818030DB57B76058FFFFFFFFFFC9FFF0004651630454373544092C3CC
0F72E527665283309F0F3C8D180339B56B76058FFFFFFFFFFC9FFF0004521630454373544092C3E4
0F739A27677383307A0F3D391803CAB56B75058FFFFFFFFFFC9FFF0004601630454373544092C3FC
0F74C527693183304F0F3E571804B6B57B74058FFFFFFFFFFC8FFF00045D1630464373544092C314
0F751A2769B18330350F3EA01804F1B55B73058FFFFFFFFFFC8FFF00045E1630464373554092C32C
0F754D2769FC83302E0F3EE718052DB54B72058FFFFFFFFFFC8FFF00045B1630464373554092B344
0F757D276A498330170F3F1C18055CB55B73058FFFFFFFFFFC9FFF0004691630474373554092C35C
0F75C4276AB7832FF20F3F711805A1B56B73058FFFFFFFFFFC8FFF00046A1630474373554092A374
0F764F276B87832FCF0F401E180632B57B73058FFFFFFFFFFC8FFF00045D1630474373554092B38C
0F77D3276DD4832F9A0F413F18071FB56B73058FFFFFFFFFFC8FFF00044E1630474373554092B3A4
0F78C2276F2D832F670F42071807C0B56B73058FFFFFFFFFFC8FFF00045D1630484373554092B3BC
0F7931276FCB832F420F42A7180843B55B72058FFFFFFFFFFC9FFF00044E1630484373554092A3D4
0F79B5277094832F1F0F431B18089EB55B72058FFFFFFFFFFC9FFF0004651630484373554092A3EC
0F7A6D2771AC832EFC0F43EB18094CB56B71058FFFFFFFFFFC9FFF0004691630494373554092A304
0F7A772771B6832EDA0F442B18097CB55B71058FFFFFFFFFFC9FFF00046A1630494373554092A31C
0F7B06277286832EAD0F44811809C4B55B72058FFFFFFFFFFC9FFF00045E1630494373564092A334
0F7B242772AF832E7E0F44AF1809E6B55B72058FFFFFFFFFFC8FFF00046016304A4373564092A34C
0F7B6827731E832E4F0F44E3180A13B55B71058FFFFFFFFFFC7FFF00045F16304A4373564092A364
0F7BFD2773F8832E220F4588180A9BB56B71058FFFFFFFFFFC7FFF00045716304A4373564092A37C
0F7C02277401832DEF0F4586180A99B55B72058FFFFFFFFFFC8FFF00046316304A4373564092A394
0F7C43277467832DB90F45B2180ABDB54B72058FFFFFFFFFFC9FFF00046316304B4373564092A3AC
0F7C6827749B832DA80F45CD180AD3B54B71058FFFFFFFFFFC9FFF00045B16304B437356409293C4
0F7C892774D0832D8F0F4610180B0CB54B71058FFFFFFFFFFC9FFF00046616304B437356409293DC
0F7C842774C4832D4F0F4600180AFBB53B71058FFFFFFFFFFC8FFF00046416304C437356409283F4
0F7C9F2774EE832D0F0F4609180B01B52B70058FFFFFFFFFFC8FFF00046016304C4373574092930C
0F7DAA27768B832CEA0F4721180BF0B53B70058FFFFFFFFFFC8FFF00045716304C43735740929324
0F7F5B2778FC832CC70F48E3180D5BB54B70058FFFFFFFFFFC9FFF00046316304C4373574092833C
0F800B277A15832C950F4979180DE0B54B70058FFFFFFFFFFC9FFF00045D16304D43735740928354
0F8133277BC4832C700F4A9F180EC9B52B70058FFFFFFFFFFC8FFF00046816304D4373574092836C
0F8167277C17832C570F4AE0180F00B52B6F058FFFFFFFFFFC8FFF00046716304D43735740928384
0F818D277C52832C2D0F4B03180F1BB53B6E058FFFFFFFFFFC9FFF00046416304E4373574092839C
0F81CA277CB1832BE80F4B2E180F40B53B6F058FFFFFFFFFFC9FFF00045616304E437357409283B4
0F827F277DCC832BA80F4B7D180F83B54B6F058FFFFFFFFFFC7FFF00045D16304E437357409283CC
0F8443278061832B850F4D4B181101B53B6F058FFFFFFFFFFC9FFF00045C16304F437357409283E4
0F84E027814C832B6C0F4E4B1811D0B53B6F058FFFFFFFFFFC8FFF00045316304F437357409283FC
0F8622278333832B370F4F7A1812C9B52B6E058FFFFFFFFFFC8FFF00045E16304F43735740928314
0F86992783EC832B020F4FBE181304B52B6E058FFFFFFFFFFC8FFF00045416304F4373584092732C
0F86BB27841F832AEF0F501118134DB50B6E058FFFFFFFFFFC8FFF00046116305043735840927344
0F86B127840F832AC80F5016181350B51B6E058FFFFFFFFFFC8FFF0004591630504373584092735C
0F86F327847B832A730F506C181398B51B6D058FFFFFFFFFFC9FFF00045D16305043735840927374
0F876027851A832A2C0F50B21813CDB51B6C058FFFFFFFFFFC9FFF0004501630514373584092738C
0F8770278526832A1A0F50D11813E5B50B6D058FFFFFFFFFFC8FFF000453163051437358409273A4
0F8756278508832A0A0F50BC1813D8B4FB6D058FFFFFFFFFFC8FFF000453163051437358409263BC
0F87752785358329CF0F50D21813E8B4FB6D058FFFFFFFFFFC9FFF000462163051437358409273D4
0F878127854383298E0F50DB1813ECB50B6C058FFFFFFFFFFC9FFF000464163052437358409263EC
0F878A27854E8329620F50E91813F6B4FB6B058FFFFFFFFFFC9FFF00045B16305243735840926304
0F87892785458329370F50E91813F6B4EB6A058FFFFFFFFFFC9FFF0004631630524373594092631C
0F87922785578329090F50F11813FBB4FB6A058FFFFFFFFFFC9FFF00046116305343735940926334
0F87A02785698328D10F5100181405B4EB6A058FFFFFFFFFFC8FFF0004601630534373594092634C
0F87C427859B83288D0F511C18141AB4EB6A058FFFFFFFFFFC8FFF00046116305343735940925364
0F88602786838328490F51A918148AB4EB6A05BFFFFFFFFFFC8FFF0004621630544373594092637C
0F88D427872883280E0F521E1814E7B4FB6A058FFFFFFFFFFC8FFF00046316305443735940926394
0F89172787898327E60F5264181525B4EB6A058FFFFFFFFFFC8FFF000464163054437359409263AC
0F89532787E58327BD0F52BF181570B4FB69058FFFFFFFFFFC8FFF000455163054437359409253C4
0F8AD6278A408327760F542C1816A0B4EB69058FFFFFFFFFFC8FFF00045D163055437359409263DC
0F8C2E278C3B8327120F554C181784B50B69058FFFFFFFFFFC9FFF000462163055437359409243F4
0F8D43278DDC8326B60F567C181884B51B69058FFFFFFFFFFC8FFF00045D16305543735A4092530C
0F8ED227902E8326870F58041819CEB50B6B058FFFFFFFFFFC8FFF00045F16305643735A40924324
0F8FAA2791718326690F58F6181A97B4FB6A058FFFFFFFFFFC8FFF00045D16305643735A4092433C
0F90A32792F68326290F59EB181B68B4EB6A058FFFFFFFFFFC8FFF00046C16305643735A40924354
0F927F2795CA8325CD0F5B9B181CC4B4FB6B058FFFFFFFFFFC8FFF00046616305643735A4092536C
0F94AD27991C8325720F5DA4181E74B51B6B058FFFFFFFFFFC8FFF00045E16305743735A40924384
0F9705279C948325310F5FD918204CB4FB6A058FFFFFFFFFFC8FFF00046516305743735A4092439C
0F98C8279F418324F10F61CC1821EDB4BB69058FFFFFFFFFFC8FFF00046416305743735A409243B4
0F9AC527A24D8324990F63C0182383B49B67058FFFFFFFFFFC8FFF00045B16305843735A409243CC
0F9D8B27A6668324490F663F18258FB47B66058FFFFFFFFFFC8FFF00046816305843735A409243E4
0F9EB427A81C83241A0F676B182689B47B65058FFFFFFFFFFC8FFF00046316305843735A409243FC
0F9F3527A8EC8323E40F683A182737B46B65058FFFFFFFFFFC8FFF00046616305843735A40923314
0FA05A27AAB983238A0F6967182835B46B65058FFFFFFFFFFC8FFF00046B16305943735B4092332C
0FA24D27ADA183231C0F6B501829BBB47B64058FFFFFFFFFFCAFFF00046616305943735B40923344
0FA46D27B0C48322BE0F6D41182B54B46B62058FFFFFFFFFFC9FFF00046316305943735B4092335C
0FA5F027B31283227E0F6EC0182C9CB44B61058FFFFFFFFFFC9FFF00046516305A43735B40923374
0FA8B527B73E8322480F7189182EF5B43B60058FFFFFFFFFFC9FFF00046916305A43735B4092238C
0FAB2827BAD28322090F74061830EFB41B5E058FFFFFFFFFFC9FFF00046C16305A43735B409233A4
0FABFD27BC3E8321B40F747D18315AB3FB5D058FFFFFFFFFFC8FFF00046B16305B43735B409223BC
0FB28E27C6378321580F7A7618364AB3DB5C058FFFFFFFFFFC8FFF00045E16305B43735B409223D4
0FB98427D0798321110F8102183B9CB3BB5A058FFFFFFFFFFC8FFF00046616305B43735B409223EC
0FBC6E27D4D38320CD0F849B183EA6B3AB5805AFFFFFFFFFFC9FFF00045E16305B43735B40922304
0FBD9827D6B28320830F85BA183FA4B37B57058FFFFFFFFFFC8FFF00046616305C43735C4092231C
0FBFE627DA428320350F87F618417BB35B56058FFFFFFFFFFC8FFF00046716305C43735C40922334
0FC3B927E003831FE20F8BD71844BAB34B54058FFFFFFFFFFC9FFF00045416305C43735C4092234C
0FC81927E6B9831F990F8F9D1847E7B33B54058FFFFFFFFFFCAFFF00046716305D43735C40922364
0FCD7227EEB7831F650F9492184BF3B32B53058FFFFFFFFFFC9FFF00046016305D43735C4092237C
0FD7DE27FEA6831F110F9F6218550CB32B51058FFFFFFFFFFCAFFF00046916305D43735C40922394
0FDEDB280898831EA60FA654185A64B30B4F058FFFFFFFFFFC9FFF00046716305E43735C409223AC
0FE6C92814C9831E510FADC11860BBB2CB4D058FFFFFFFFFFC9FFF00045B16305E43735C409213C4
0FEA6E2819F3831E180FB25B186468B2AB4A058FFFFFFFFFFC9FFF00046616305E43735C409213DC
0FEA8B281A40831DD10FB28A186499B26B46058FFFFFFFFFFC9FFF00045716305E43735C409203F4
0FEAE4281AE0831D6B0FB2C21864D5B21B42058FFFFFFFFFFC8FFF00046916305F43735C4092130C
0FEB86281BE4831D170FB35518654FB1EB3F058FFFFFFFFFFC8FFF00046916305F43735C40920324
0FEC4C281D0D831CDC0FB43218660DB1DB3D058FFFFFFFFFFC9FFF00046A16305F43735D4092033C
0FECC2281DC7831C910FB4B818667EB1AB3C058FFFFFFFFFFC9FFF00045E16306043735D40920354
0FEEA02820AE831C2E0FB6A0186815B19B3A058FFFFFFFFFFC9FFF00046316306043735D4092036C
0FF3CB282886831BCF0FBB8E186C25B17B38058FFFFFFFFFFC9FFF00046B16306043735D40920384
0FF9FB283186831B830FC15E1870E3B15B36058FFFFFFFFFFC9FFF00046B16306143735D4092039C
0FFC8C28354E831B400FC44A187344B12B33058FFFFFFFFFFC8FFF00046316306143735D409203B4
0FFCEB2835EB831AFA0FC4B31873A1B0FB32058FFFFFFFFFFC8FFF00046D16306143735D409203CC
0FFD2F283663831AAF0FC4E91873D5B0FB32058FFFFFFFFFFC8FFF00047016306143735D409203E4
0FFD602836BA831A580FC532187413B0FB30058FFFFFFFFFFC8FFF00046516306243735D409203FC
0FFDE728378D8319FB0FC5C018748CB10B2F058FFFFFFFFFFC9FFF00046B16306243735D40920314
0FFF662839C58319B10FC6DE187573B11B2F058FFFFFFFFFFC9FFF00046A16306243735E4091F32C
1000BA283BC18319700FC84718769FB10B2F058FFFFFFFFFFC9FFF00046C16306343735E40920344
100211283DC483191F0FC9A81877BBB0EB2E058FFFFFFFFFFC8FFF00046416306343735E4091F35C
100384283FE48318C70FCB0C1878E0B0DB2E058FFFFFFFFFFC8FFF00046C16306343735E4091F374
1004C92841D08318840FCC021879B0B0CB2D058FFFFFFFFFFC9FFF00046216306443735E4091F38C
10071C2845418318400FCE72187BABB0AB2C058FFFFFFFFFFC8FFF00046C16306443735E4091F3A4
1009252848558317E70FD06F187D4DB07B2B059FFFFFFFFFFC8FFF00046C16306443735E4091E3BC
100C59284D128317920FD2FF187F5FB07B2B05AFFFFFFFFFFC8FFF00046B16306443735E4091E3D4
100F1A28511083174F0FD61C1881E9B08B2B058FFFFFFFFFFC8FFF00046A16306543735E4091E3EC
100FBA28520D8316FF0FD71F1882C0B08B2B058FFFFFFFFFFC8FFF00046916306543735E4091E304
1011572854738316AA0FD8721883D8B09B2A058FFFFFFFFFFC8FFF00046916306543735E4091E31C
10122B2855AC8316690FD95F18849BB09B29058FFFFFFFFFFC9FFF00046C16306643735E4091E334
1012D62856B58316200FDA44188557B0AB29058FFFFFFFFFFC9FFF00045C16306643735F4091E34C
1013AE2857F38315C00FDB16188600B09B29058FFFFFFFFFFC9FFF00046B16306643735F4091E364
10149F2859578315680FDC221886D9B06B28058FFFFFFFFFFC8FFF00045E16306643735F4091E37C
101531285A3583151F0FDC8F188736B05B27058FFFFFFFFFFC8FFF00046616306743735F4091E394
1015EA285B458314DE0FDD441887CAB05B26058FFFFFFFFFFC8FFF00046A16306743735F4091E3AC
101613285B7F8314950FDD90188807B06B27058FFFFFFFFFFCAFFF00046516306743735F4091D3C4
101621285B9E8314400FDD9F188813B05B27058FFFFFFFFFFCAFFF00046B16306843735F4091D3DC
1016AC285C658313E60FDE17188873B04B26058FFFFFFFFFFC8FFF00046916306843735F4091D3F4
10177C285DA083139B0FDED7188911B04B27058FFFFFFFFFFC8FFF00046816306843735F4091D30C
10186C285EFD8313470FDFD61889E0B06B2705AFFFFFFFFFFC9FFF00046916306843735F4091D324
10192A2860168312ED0FE07A188A64B07B27059FFFFFFFFFFC9FFF00046B1630694373604091D33C
1019AD2860DB8312AE0FE109188ADFB08B27058FFFFFFFFFFC9FFF00046B1630694373604091D354
101BB52863EC8312780FE2E1188C65B06B26058FFFFFFFFFFC9FFF00046E1630694373604091C36C
101E542867BE8312250FE57C188E75B07B27058FFFFFFFFFFC9FFF00045C16306A4373604091C384
1022EC286E728311C20FEA3118923AB0AB29058FFFFFFFFFFC8FFF00046916306A4373604091C39C
1024892870BA8311620FEBD918938EB0EB2F058FFFFFFFFFFC8FFF00046816306A4373604091C3B4
1025112871998311150FEC4E1893F8B15B34058FFFFFFFFFFC9FFF00046816306A4373604091C3CC
1025AB2872908310D50FECDE18947AB1CB3A05CFFFFFFFFFFCAFFF00046916306B4373604091C3E4
1026E32874688310960FEE1B189580B20B3D058FFFFFFFFFFC9FFF00046D16306B4373604091C3FC
1028BB28770B8310480FEFE01896E6B22B3F058FFFFFFFFFFCAFFF00045C16306B4373604091C314
102A1A287911830FEE0FF1191897E0B22B40058FFFFFFFFFFC8FFF00046B16306C4373614091B32C
102AE1287A33830F990FF20118989CB21B41058FFFFFFFFFFC8FFF00046716306C4373614091B344
102C40287C49830F4C0FF3561899BBB20B40058FFFFFFFFFFC9FFF00046516306C4373614091B35C
102D4A287DCA830EFD0FF46C189A99B1FB3F058FFFFFFFFFFC9FFF00046716306C4373614091A374
102E41287F44830EB80FF4FB189B12B1EB3D059FFFFFFFFFFC9FFF00046116306D4373614091B38C
102EDD28802D830E7D0FF5AB189BA7B1DB3C058FFFFFFFFFFC8FFF00046C16306D4373614091A3A4
102F8B288140830E280FF696189C6EB1AB3A058FFFFFFFFFFC8FFF00046316306D4373614091A3BC
1031D62884A3830DE20FF88E189E04B18B38058FFFFFFFFFFC8FFF00046916306E4373614091A3D4
10353C28895C830D9A0FFC0A18A0B0B13B37058FFFFFFFFFFC9FFF00046A16306E4373614091A3EC
10360D288A87830D460FFCDC18A15EB0EB33058FFFFFFFFFFC9FFF00046A16306E4373614091A304
103700288BFE830D010FFDA618A208B0AB2E058FFFFFFFFFFC9FFF00046A16306E4373624091A31C
103851288DF9830CB80FFF3B18A354B06B2A058FFFFFFFFFFCAFFF00046B16306F4373624091A334
10397C288FC7830C6D10004F18A43EB03B28058FFFFFFFFFFC9FFF00046B16306F4373624091A34C
103AD62891DC830C221001B618A56FB00B26058FFFFFFFFFFC9FFF00046D16306F4373624091A364
103DF5289648830BDA1004B418A7C5AFFB22058FFFFFFFFFFCAFFF00046C1630704373624091A37C
103EE02897A2830B891005B918A895AFCB20058FFFFFFFFFFC9FFF0004631630704373624091A394
104026289987830B3E1006AA18A961AFEB21057FFFFFFFFFFC9FFF00046C1630704373624091A3AC
104100289AC0830B0310074D18A9E1B02B23057FFFFFFFFFFC8FFF0004651630704373624091A3C4
104158289B47830AC610081F18AA8DB04B25059FFFFFFFFFFC8FFF000470163071437362409193DC
1041AC289BCB830A7110088F18AAE7B05B2605BFFFFFFFFFFC9FFF00045C163071437363409193F4
1041C3289BEF830A101008B518AB05B06B27057FFFFFFFFFFC9FFF00046A1630714373634091830C
10420C289C508309BE1008EA18AB2FB05B28057FFFFFFFFFFC9FFF00046A16307243736340919324
104243289C9883098310092C18AB5FB05B27057FFFFFFFFFFC9FFF00046D1630724373634091833C
104274289CE283094810095718AB83B07B28057FFFFFFFFFFC9FFF00046716307243736340918354
104327289DEA830900100A0418AC0DB07B28057FFFFFFFFFFC8FFF0004731630724373634091836C
10453C28A0F48308AD100BD218AD82B06B27057FFFFFFFFFFC7FFF00046A16307343736340918384
10470B28A38A830861100D8E18AEDEB06B2705DFFFFFFFFFFC9FFF0004701630734373634091839C
10484E28A56F830825100EB318AFD1B06B28057FFFFFFFFFFCAFFF00046E163073437363409183B4
1049BF28A7838307D910108718B147B07B2A057FFFFFFFFFFC9FFF00046D163074437364409183CC
104A5328A85B83078610111118B1B5B09B2A057FFFFFFFFFFC9FFF000466163074437364409183E4
104ADC28A92283073A10118A18B216B06B28057FFFFFFFFFFC9FFF000466163074437364409183FC
104B9428AA3383070110122C18B29CB03B26057FFFFFFFFFFC8FFF00047616307443736440918314
104CE328AC3F8306BE1013A818B3D9B01B22057FFFFFFFFFFC9FFF0004761630754373644091832C
1051C828B34883066410184118B77BB00B1F057FFFFFFFFFFC9FFF00046916307543736440918344
10537F28B5B383061A1019CC18B8B4AFEB1D05AFFFFFFFFFFC9FFF0004701630754373644091835C
10547F28B7328305D7101B0818B9B7AFAB1B057FFFFFFFFFFC9FFF00046B16307643736440917374
1055FA28B969830587101C8418BAEEAF5B19057FFFFFFFFFFC9FFF00046C1630764373644091738C
1057C628BC0F83052D101E2218BC38AF3B17057FFFFFFFFFFC8FFF00046E163076437365409173A4
105A6528BFF48304F510203A18BDF5AF2B15057FFFFFFFFFFC9FFF000470163076437365409163BC
105D1B28C3FE8304C210239018C0B5AF1B14057FFFFFFFFFFC9FFF00046C163077437365409173D4
10623B28CB9283046810289C18C4C8AEEB12057FFFFFFFFFFC9FFF000472163077437365409163EC
10649328CEE4830413102ADD18C68DAEAB10057FFFFFFFFFFC9FFF00047116307743736540916304
10666B28D1B68303D5102C9218C809AE9B0C05AFFFFFFFFFFCAFFF0004681630784373654091631C
1067F728D3EE830387102E5418C969AE5B0A057FFFFFFFFFFC9FFF00046416307843736540916334
1068EA28D56D830329102F2218CA19AE1B08057FFFFFFFFFFC8FFF00046C1630784373654091634C
106B0228D8808302ED1030E018CB86ADFB06057FFFFFFFFFFCAFFF00046F16307843736640916364
106CA228DAD88302BA10330118CD40ADFB04057FFFFFFFFFFC8FFF00046A1630794373664091637C
1070C928E0EB83025F10374518D096ADDB02057FFFFFFFFFFC8FFF00047216307943736640916394
1075DF28E7EE8301FD103BEA18D427ADBB00057FFFFFFFFFFC9FFF000467163079437366409153AC
10770228E9988301C0103CD618D4F3AD8AFD057FFFFFFFFFFC8FFF00046C16307A437366409153C4
10780B28EB24830184103E3118D60BAD8AFC057FFFFFFFFFFC8FFF00046E16307A437366409153DC
10794A28ED07830133103F6818D70CAD4AFB057FFFFFFFFFFC9FFF00046F16307A437366409153F4
107B4E28F0048300EF10414C18D894AD5AF9057FFFFFFFFFFC9FFF00047016307A4373664091430C
107D3828F2F08300A910432D18DA28AD4AF8057FFFFFFFFFFC9FFF00047116307B43736640915324
1080DA28F84683005410467A18DCD7AD2AF7057FFFFFFFFFFC9FFF00046F16307B4373674091433C
1087CF29025E82FFFE104D1218E218AD1AF6057FFFFFFFFFFC8FFF00046E16307B43736740915354
108DED290B1782FFB61052D218E6A9AD0AF5057FFFFFFFFFFC9FFF00046416307C4373674091436C
109034290E4582FF7E1055A518E8D8AD0AF3057FFFFFFFFFFC8FFF00046E16307C43736740914384
109090290EEB82FF3910563218E958ACFAF2057FFFFFFFFFFC8FFF00046416307C4373674091439C
1092DC29126782FEDE10583318EAFBAD0AF0057FFFFFFFFFFC8FFF00046C16307C437367409143B4
10978229192782FE8B105D1A18EEDEACEAEF057FFFFFFFFFFC8FFF00046116307D437367409143CC
109A5E291D2082FE45105F9F18F0E0ACAAED057FFFFFFFFFFC9FFF00046A16307D437367409143E4
109B6C291EB482FE0C10604F18F184AC5AEC057FFFFFFFFFFC9FFF00046316307D437367409143FC
109C7F29205382FDC610621018F2DCAC5AEA057FFFFFFFFFFC8FFF00046216307D43736840914314
109E4E29230082FD741063AA18F42DAC5AEA057FFFFFFFFFFC9FFF00046816307E4373684091432C
109F9C2924E482FD281064F218F535AC5AEA057FFFFFFFFFFC9FFF00046316307E43736840914344
10A0EC2926F182FCE410663818F649AC5AE9057FFFFFFFFFFC8FFF00046216307E4373684091335C
10A4E0292C8F82FC94106A3C18F971AC3AE8057FFFFFFFFFFC8FFF00046816307F43736840913374
10A9BA29337382FC43106E7118FCBAAC2AE7057FFFFFFFFFFC9FFF00046916307F4373684091338C
10ADF629398982FC0510722218FFB2AC3AE5057FFFFFFFFFFC9FFF00045E16307F437368409133A4
10B102293DE082FBC21075DD1902A5AC0AE4057FFFFFFFFFFC8FFF00046516307F437368409133BC
10B27429401082FB6A1077791903EFABDAE2057FFFFFFFFFFC9FFF000463163080437369409133D4
10B4CB29438082FB28107838190497ABAAE1057FFFFFFFFFFC9FFF00045D163080437369409123EC
10B7EA2947F582FAE0107D0319085BABAAE1057FFFFFFFFFFC9FFF00046216308043736940912304
10BB29294C9382FA85108042190AE8AB7AE0057FFFFFFFFFFC9FFF0004631630814373694091231C
10BEB829519982FA3A10839D190D83AB7ADF057FFFFFFFFFFC8FFF00046016308143736940912334
10C15A29556482F9FF1085F2190F67AB9ADE057FFFFFFFFFFC8FFF0004571630814373694091234C
10C3042957C082F9C01087FC191104AB7ADB057FFFFFFFFFFC9FFF00045E16308143736940912364
10C50B295ABB82F9711089ED19128AAB5AD9057FFFFFFFFFFC8FFF0004621630824373694091237C
10C69F295D0E82F914108BC7191403AB4AD7057FFFFFFFFFFC8FFF00046416308243736940912394
10C92E2960D782F8C2108DF61915D5AB3AD6057FFFFFFFFFFC9FFF00045B16308243736A409123AC
10CC2329650482F8861090A91917F8AAEAD5057FFFFFFFFFFCAFFF00046016308343736A409123C4
10CE7929685B82F84D10934E191A05AACAD3057FFFFFFFFFFC9FFF00046016308343736A409123DC
10D253296DF182F7FB1096B9191CBFAAAAD2057FFFFFFFFFFC9FFF00045716308343736A409123F4
10D4D929715882F7991099A1191EF2AAAAD1057FFFFFFFFFFC9FFF00046216308343736A4091130C
10D59729727882F74A109A4F191F81AA7ACF057FFFFFFFFFFC9FFF00046216308443736A40911324
10D63929736382F70F109B04192018AA6ACD057FFFFFFFFFFC9FFF00045916308443736A4091133C
10D80229761882F6CE109CDA19219FAA6ACC057FFFFFFFFFFC9FFF00046216308443736A40910354
10DD65297D8882F68210A2251925AFAA4ACA057FFFFFFFFFFC9FFF00046116308543736B4091036C
10E1262982EF82F63110A59B192864AA1ACA057FFFFFFFFFFC9FFF00045A16308543736B40910384
10E699298A7182F5E210AAEE192C7CA9FACA057FFFFFFFFFFC8FFF00046116308543736B4091039C
10E948298E2E82F59210ADC5192EA3A9FAC905DFFFFFFFFFFC9FFF00045A16308543736B409103B4
10EA30298F8382F54E10AE97192F57AA1AC7057FFFFFFFFFFC8FFF00045F16308643736B409103CC
10EAE22990A482F50E10AF52192FF4AA1AC6057FFFFFFFFFFC8FFF00046116308643736B409103E4
10EC8A29932482F4BF10B0E3193140AA0AC6057FFFFFFFFFFC8FFF00046216308643736B409103FC
10F03029983B82F46810B4681933F6A9EAC5057FFFFFFFFFFC9FFF00045916308743736B40910314
10F4A4299E6B82F41910B8E2193760A9EAC3057FFFFFFFFFFC9FFF00045F16308743736B4091032C
10F7B429A28182F3D610BB3E193923A9CAC3057FFFFFFFFFFC8FFF00046416308743736C40910344
10F96329A4DD82F39A10BC63193A17A9CAC105BFFFFFFFFFFC8FFF00045316308743736C4091035C
10FB7329A7E482F35910BF19193C2EA9BAC1057FFFFFFFFFFC8FFF00046516308843736C40910374
10FFEE29AE1682F30910C3EC193FDAA99AC0057FFFFFFFFFFC9FFF00046516308843736C4091038C
11064C29B72282F2B410CA591944D6A98AC1057FFFFFFFFFFC9FFF00046516308843736C409103A4
110AAE29BD2082F25A10CE591947ECA96AC0057FFFFFFFFFFC8FFF00046416308943736C409103BC
110E2F29C20A82F20E10D02E194968A94ABE057FFFFFFFFFFC8FFF00045A16308943736C409103D4
11115A29C65D82F1DB10D34B194BD6A93ABC058FFFFFFFFFFC8FFF00046516308943736C4090E3EC
1113EB29C9F882F1AA10D79D194F10A92ABA057FFFFFFFFFFC8FFF00046216308943736C4090E304
1116A029CDBA82F15610DAAB195159A92AB9057FFFFFFFFFFC9FFF00046616308A43736D4090E31C
111C4C29D50A82F0F110DF9C1954DEA91AB8057FFFFFFFFFFC7FFF00046716308A43736D4090E334
11248C29DF2082F0A310E6DF1959DBA8EAB7057FFFFFFFFFFC8FFF00045E16308A43736D4090E34C
112D5929EA8382F06410F051196090A8FAB7057FFFFFFFFFFC7FFF00045B16308B43736D4090E364
11344F29F3BE82F01710F77A1965D3A91AB805BFFFFFFFFFFC8FFF00046416308B43736D4090E37C
113F3D2A011882EFCE110054196BE1A90AB9057FFFFFFFFFFC7FFF00046716308B43736D4090E394
1145372A080F82EF95110621196FA8A8EAB7057FFFFFFFFFFC6FFF00046616308C43736D4090E3AC
114BEA2A10D582EF54110E6A197569A88AB3057FFFFFFFFFFC6FFF00046716308C43736D4090E3C4
1155A62A1D9182EF021117D4197C40A83AB1057FFFFFFFFFFC5FFF00046916308C43736D4090E3DC
1161012A2D8E82EEA8112343198505A80AAE057FFFFFFFFFFC5FFF00046716308C43736E4090E3F4
116F832A419582EE4F11310B198F9EA7FAAC05BFFFFFFFFFFC5FFF00046416308D43736E4090D30C
11786A2A4D8A82EE0F1138F719959AA80AA9057FFFFFFFFFFC4FFF00045316308D43736E4090E324
117C632A530A82EDD7113ECA1999FCA7EAA8057FFFFFFFFFFC2FFF00046A16308D43736E4090D33C
11831C2A5C1882ED911144A3199E5BA81AAA057FFFFFFFFFFC5FFF00046C16308E43736E4090D354
118A792A65F982ED4A114C0019A3AFA85AAB057FFFFFFFFFFC3FFF00046C16308E43736E4090C36C
119B302A7B3F82ECFF115BB919AEF0A86AAC057FFFFFFFFFFC4FFF00046216308E43736E4090D384
11A71B2A8A0182ECAC11681719B76EA80AAB05CFFFFFFFFFFC3FFF00046616308F43736E4090C39C
11B2B52A97CC82EC5711738519BEEEA7EAA5057FFFFFFFFFFC3FFF00046716308F43736F4090C3B4
11C08A2AA7D382EC0B1180E719C794A7CAA0057FFFFFFFFFFC3FFF00046816308F43736F4090C3CC
11C8382AB0E382EBCA11887719CC84A74A9C057FFFFFFFFFFC2FFF00046916308F43736F4090C3E4
11D8D42AC2BD82EB8F11978819D5A0A66A96057FFFFFFFFFFC2FFF00046A16309043736F4090C3FC
11DEB72AC8D182EB4D119E6919D997A5AA8C059FFFFFFFFFFC2FFF00046516309043736F4090C314
11E4772ACF1182EAF411A4DA19DD59A4FA80057FFFFFFFFFFC2FFF00046B16309043736F4090C32C
11ECDA2AD73982EAA111ABB019E11FA40A72057FFFFFFFFFFC2FFF00046116309143736F4090C344
11F3552ADF3D82EA5011B34319E60AA30A63057FFFFFFFFFFC2FFF00046C16309143736F4090C35C
11FCB12AEBFA82E9FB11BC6019ECCFA1FA56057FFFFFFFFFFC2FFF00046316309143736F4090B374
12086B2AFBCF82E9C111C56619F3D2A16A4C057FFFFFFFFFFC0FFF00046D1630924373704090C38C
1210052B064282E98E11D02819FBA3A0DA44057FFFFFFFFFFC1FFF0004631630924373704090B3A4
121AD52B148D82E93711DA961A0351A09A40057FFFFFFFFFFC2FFF0004641630924373704090B3BC
1220552B183482E8DA11E07A1A05C8A08A3C057FFFFFFFFFFC2FFF0004661630924373704090B3D4
1220AA2B139582E89011E1311A0390A05A3A057FFFFFFFFFFC1FFF0004711630934373704090B3EC
121FFD2B112B82E84E11E09C1A023DA01A37057FFFFFFFFFFC1FFF0004711630934373704090B304
1224802B149582E80911E4E51A03F09FAA32057FFFFFFFFFFC1FFF00045E1630934373704090A31C
1228D02B189482E7BC11E9201A06209F6A2D057FFFFFFFFFFC1FFF00046F1630944373704090A334
122B122B1B5E82E76111EB2F1A078B9F0A25057FFFFFFFFFFC2FFF00046D1630944373714090A34C
122D512B1DCF82E71211ECBA1A08809E8A1C057FFFFFFFFFFC2FFF0004651630944373714090A364
1231BD2B22BD82E6DC11F04D1A0AAB9E4A19057FFFFFFFFFFC2FFF0004711630954373714090A37C
1235202B25D482E69D11F55F1A0D629E3A17057FFFFFFFFFFC3FFF00046A1630954373714090A394
1239452B291482E64411F9541A0F149D9A12057FFFFFFFFFFC4FFF00046F1630954373714090A3AC
123C8F2B2C1882E5ED11FBF71A106A9CFA07057FFFFFFFFFFC3FFF00046E1630964373714090A3C4
123F142B2EF582E5A611FE631A11EC9BC9F6057FFFFFFFFFFC4FFF0004651630964373714090A3DC
1242202B330982E55E1201EA1A14579AA9EA057FFFFFFFFFFC4FFF00046F1630964373714090A3F4
1249A42B3E1282E50A1208E31A19F799D9DF057FFFFFFFFFFC3FFF00046F1630964373714090A30C
1253332B4B2782E4CF120F201A1EE79939D5057FFFFFFFFFFC3FFF00047116309743737240909324
12565E2B4F7682E4971215CE1A23D89899CA057FFFFFFFFFFC2FFF0004741630974373724090933C
1259202B52D382E43812193F1A263397A9C2057FFFFFFFFFFC1FFF00047316309743737240909354
125E152B56BE82E3D3121D6D1A27EE96A9B5057FFFFFFFFFFC0FFF0004701630984373724090936C
1262C62B5A5E82E3811222581A2A1D9609A4057FFFFFFFFFFBEFFF00046516309843737240909384
1265032B5C4F82E34912247C1A2B2E94C991055FFFFFFFFFFBCFFF0004701630984373724090839C
12664A2B5D7B82E3131226031A2BED93797F04CFFFFFFFFFFBDFFF00046A163099437372409083B4
1266D12B5DFE82E2C61226621A2C1E92B97504DFFFFFFFFFFBAFFF00046D163099437372409083CC
1268612B5F2B82E2671227CD1A2CB392696A058FFFFFFFFFFBAFFF000476163099437372409083E4
126A162B608882E21412298C1A2D7A91E963058FFFFFFFFFFBBFFF00047216309A437373409083FC
126CF42B632A82E1D4122C061A2EBF91D96005CFFFFFFFFFFB8FFF00046816309A43737340908314
126EFD2B650E82E196122E421A2FDF91B95B058FFFFFFFFFFB8FFF00047216309A4373734090832C
1271DD2B684D82E14C1230C71A3174916957057FFFFFFFFFFBAFFF00047216309A43737340908344
1274592B6AEE82E0F41233B61A3326914952057FFFFFFFFFFBAFFF00047116309B4373734090835C
1278812B6FC882E09F1236AB1A350A90B94A05BFFFFFFFFFFB9FFF00046716309B43737340908374
127B662B72EF82E0671239A81A36F28FE941058FFFFFFFFFFBBFFF00047116309B4373734090838C
127D642B74EE82E029123C981A389A8EE937057FFFFFFFFFFBCFFF00046816309C437373409083A4
127F482B76FF82DFD2123E771A39BA8DE92D057FFFFFFFFFFBBFFF00047016309C437373409073BC
1280A92B783382DF7E123FE71A3A738D5923059FFFFFFFFFFBBFFF00046F16309C437374409073D4
1281BD2B785282DF3A1241071A3AA18C991605BFFFFFFFFFFB9FFF00046716309D437374409073EC
1286B42B7CD582DEF01245C51A3CFB8B9908057FFFFFFFFFFB9FFF00046F16309D43737440907304
128CC12B83A382DEA0124B721A408C8AE8FF058FFFFFFFFFFB7FFF00047016309D4373744090631C
128FDE2B875682DE5E124E951A427C8A18EF058FFFFFFFFFFB5FFF00046716309D43737440907334
1293FA2B8BFF82DE131252DB1A453788D8DD059FFFFFFFFFFB2FFF00046816309E4373744090734C
12982F2B90F982DDBA12570F1A47F187A8CD058FFFFFFFFFFB0FFF00047216309E43737440906364
129C452B95BC82DD72125A6A1A4A378688BB058FFFFFFFFFFAEFFF00046916309E4373744090637C
129EE12B993082DD2D125D6A1A4C4585B8AB059FFFFFFFFFFAFFFF00047216309F43737440906394
12A60A2BA23782DCE21264631A512A84A89C05AFFFFFFFFFFB1FFF00046816309F437375409063AC
12A8112BA4D382DC931266951A52BB83388A058FFFFFFFFFFAEFFF00046F16309F437375409063C4
12A9552BA69382DC401268041A53CC821879058FFFFFFFFFFB0FFF0004711630A0437375409063DC
12AB452BA91082DBF81269D41A551E81686C05CFFFFFFFFFFB0FFF0004611630A0437375409063F4
12AE1B2BAC9982DBB7126C8B1A56FE811861058FFFFFFFFFFAFFFF0004761630A04373754090630C
12AF612BAE1382DB6E126E101A57FD804854058FFFFFFFFFFB2FFF0004751630A143737540906324
12AFAC2BAE3A82DB2B126E411A58077F784C058FFFFFFFFFFB2FFF0004741630A14373754090633C
12B0202BAEC082DAD8126F001A587B7EF84405AFFFFFFFFFFB3FFF00046A1630A143737540905354
12B15A2BB04482DA7E126FF81A59237EE840058FFFFFFFFFFB4FFF0004711630A24373764090536C
12B2D62BB20282DA4A12710B1A59E17E783C059FFFFFFFFFFB6FFF00046C1630A243737640905384
12B3742BB2BE82DA1012724A1A5AAE7DE83805CFFFFFFFFFFB5FFF0004761630A24373764090439C
12B4552BB3D582D9B11273251A5B427DD834058FFFFFFFFFFB5FFF0004751630A2437376409043B4
12B4B42BB41282D95E1273651A5B577D682D058FFFFFFFFFFB7FFF0004701630A3437376409043CC
12B52A2BB45C82D9231273E71A5B867D382C059FFFFFFFFFFB9FFF00046C1630A3437376409053E4
12B5972BB4AA82D8D71274681A5BBF7D882D05AFFFFFFFFFFB8FFF0004711630A3437376409043FC
12B5FA2BB4CC82D8861274B01A5BC27D382A059FFFFFFFFFFB7FFF0004691630A443737640904314
12B6412BB4E982D84B1274E91A5BD17D0824058FFFFFFFFFFB7FFF00046C1630A44373764090432C
12B6702BB50D82D80412753F1A5BF07CF82205CFFFFFFFFFFB6FFF00046D1630A443737640904344
12B6322BB47382D7AA1275071A5BA47CB826058FFFFFFFFFFB6FFF0004761630A54373774090435C
12B5C62BB38382D7551274A21A5B1F7C9824058FFFFFFFFFFB7FFF00046C1630A543737740904374
12B5AB2BB2EA82D7121274831A5ADA7C8823058FFFFFFFFFFB9FFF0004711630A54373774090438C
12B5FF2BB2D982D6DA1274C81A5ABD7CA82205AFFFFFFFFFFBAFFF0004751630A5437377409033A4
12B6F72BB3BC82D6911275B91A5B377C8821058FFFFFFFFFFB9FFF0004661630A6437377409043BC
12B8CF2BB5C582D63A1277661A5C3A7CA821058FFFFFFFFFFB9FFF0004771630A6437377409043D4
12BA062BB6FF82D5E31278B21A5CF27C581E05CFFFFFFFFFFBBFFF0004761630A6437377409043EC
12BAD12BB79082D5961279701A5D427C181A058FFFFFFFFFFBAFFF00046E1630A743737740904304
12BB572BB7D682D54F1279DE1A5D5F7C4818059FFFFFFFFFFB9FFF0004691630A74373774090331C
12BD592BB9B082D50A127B9B1A5E3B7C5814059FFFFFFFFFFB7FFF0004771630A743737740903334
12C0C02BBD3C82D4CB127EB61A60057BB811059FFFFFFFFFFB9FFF0004701630A84373784090334C
12C3392BC02A82D4811281811A61CF7B780F059FFFFFFFFFFB8FFF0004721630A843737840902364
12C47D2BC14782D4201283001A62937BB80E059FFFFFFFFFFB8FFF0004751630A84373784090337C
12C4C72BC16F82D3C81283501A62AE7BA80E059FFFFFFFFFFB9FFF0004741630A943737840902394
12C5442BC1C182D3891283A81A62CE7BC80F059FFFFFFFFFFB9FFF0004751630A9437378409023AC
12C6632BC2D082D3481284C51A63597BB80E059FFFFFFFFFFB9FFF0004791630A9437378409023C4
12CC9B2BC87C82D2F7128A8E1A664D7B9808059FFFFFFFFFFB8FFF00045C1630AA437378409023DC
12D9152BD41182D2AF1293F11A6B0E7B780A059FFFFFFFFFFB7FFF00047A1630AA437378409023F4
12E3F72BDE6582D27512A0A71A71D47AE80805AFFFFFFFFFFB8FFF0004791630AA4373784090230C
12E5CA2BE08282D21B12A3301A73527A980505CFFFFFFFFFFB6FFF00046E1630AA43737840902324
12E8222BE26382D1AD12A6A21A74F47B1804059FFFFFFFFFFB6FFF00046B1630AB4373794090133C
12EFB02BE6E882D15312AC981A76D47B4805059FFFFFFFFFFB6FFF0004741630AB43737940902354
12FC5D2BF26782D11112B7D41A7C5D7B8806059FFFFFFFFFFB5FFF00046D1630AB4373794090136C
1300F82BF7F382D0DB12BCEA1A7FA07C081005CFFFFFFFFFFB3FFF0004761630AC43737940901384
1303512BFB6D82D09C12BFE11A81CB7C881B059FFFFFFFFFFB2FFF00047B1630AC4373794090139C
13070A2C00B982D04512C44C1A85017CD81B059FFFFFFFFFFACFFF0004741630AC437379409013B4
1311142C0CB982CFD512CEBD1A8BF57CA81B059FFFFFFFFFFACFFF0004791630AD437379409013CC
1316552C116382CF6E12D3DB1A8E847C581705CFFFFFFFFFFABFFF0004741630AD437379409003E4
131D032C181B82CF4112D7191A90617BC80E059FFFFFFFFFFA9FFF0004741630AD437379409013FC
131F302C1B4D82CF0E12DC731A93DB7AF806059FFFFFFFFFFA8FFF00046D1630AE43737940900314
131FB72C1C3482CEB712DCC01A94477AA7FE5B7FFFFFFFFFFAAFFF0004781630AE43737A4090032C
131FAF2C1C1C82CE6A12DCCE1A94467A77FA487FFFFFFFFFFACFFF0004711630AE43737A40900344
131FBB2C1C2B82CE3512DD291A94807A37F905CFFFFFFFFFFAAFFF0004791630AF43737A4090035C
131FEF2C1C7F82CDF012DD5C1A94A57A17FA16FFFFFFFFFFFA9FFF0004781630AF43737A40900374
1320252C1CD682CD8E12DD9C1A94E07A57FE04EFFFFFFFFFFABFFF00046D1630AF43737A4090038C
1321062C1E1582CD3512DE531A95697A37FC055FFFFFFFFFFABFFF0004721630B043737A409003A4
13226F2C1FB582CD0012DFA91A96527A37FA05AFFFFFFFFFFA8FFF0004741630B043737A409003BC
1323F12C212082CCC212E1481A972F79F7FA05BFFFFFFFFFFA1FFF00046D1630B043737A409003D4
13243E2C212F82CC7112E19D1A973C79D7F805BFFFFFFFFFFA5FFF0004711630B143737A409003EC
1324822C20E982CC2E12E1C81A971B7A47F605DFFFFFFFFFFA7FFF0004741630B143737B40900304
1324172C1FA682CBEA12E1891A96717A37F305BFFFFFFFFFFA7FFF0004761630B143737B4090031C
1323E52C1DE682CB9512E1571A95857A47F505AFFFFFFFFFFA7FFF0004741630B243737B408FF334
1323492C1BB982CB5D12E0C71A949B7A27F905AFFFFFFFFFFA6FFF00046A1630B243737B4090034C
1323462C1B8C82CB3C12E0B51A94257A37FB05AFFFFFFFFFFA6FFF0004731630B243737B408FF364
1322912C19CF82CAED12E0021A93377A57FC05AFFFFFFFFFFA6FFF0004711630B243737B408FF37C
1320722C14D182CA8612DDF61A908A7A47FC642FFFFFFFFFFA9FFF00046F1630B343737B408FE394
131F592C101A82CA4512DD1C1A8E717A67FC4E5FFFFFFFFFFAAFFF00046F1630B343737B408FF3AC
131EB12C0E1F82CA1812DC3E1A8CD57A57FC05CFFFFFFFFFFAAFFF0004731630B343737B408FE3C4
131EAC2C0DE682C9E612DC2F1A8CAB7A97FE14EFFFFFFFFFFAAFFF0004741630B443737B408FE3DC
131EB42C0DAA82C9A512DC321A8C8D7A27FD05BFFFFFFFFFFA6FFF0004741630B443737C408FE3F4
131F352C0E1B82C96212DCAB1A8CC479B7F805BFFFFFFFFFFA7FFF0004691630B443737C408FE30C
131F282C0D3582C92412DCA81A8C7A79C7F405BFFFFFFFFFFA6FFF0004721630B543737C408FE324
131DB22C0A2182C8F112DB711A8AE379F7F505BFFFFFFFFFFA6FFF00046A1630B543737C408FE33C
131BF92C06A882C8B512D9D11A890879E7F705BFFFFFFFFFFA7FFF0004721630B543737C408FE354
131A612C037782C87612D8721A878679C7F905BFFFFFFFFFFA5FFF00046E1630B643737C408FE36C
1318F82C009482C84012D71C1A85F67A17FD05BFFFFFFFFFFA3FFF00046D1630B643737C408FE384
1318182BFEDE82C80B12D5F51A84AC7A47FB05BFFFFFFFFFF9FFFF00046C1630B643737C408FE39C
13187F2BFF3F82C7D012D6461A84E07A37F705BFFFFFFFFFF9EFFF0004731630B743737C408FE3B4
1318BC2BFF7482C7CA12D6831A85017A07F505BFFFFFFFFFF9CFFF0004701630B743737D408FD3CC
1318C72BFF5B82C7B912D6521A849B7A17F705BFFFFFFFFFF9CFFF0004681630B743737D408FD3E4
1318AB2BFF0C82C7A612D6331A846E7A77FA5FAFFFFFFFFFF9BFFF00046B1630B843737D408FD3FC
1318632BFE8182C76E12D5F71A842F7A97FB4C5FFFFFFFFFF98FFF00046C1630B843737D408FD314
1317582BFC7782C71F12D5211A834D7A37FC05CFFFFFFFFFF97FFF0004721630B843737D408FC32C
1316B82BFB3282C6EC12D4CF1A82ED7A37F8340FFFFFFFFFF93FFF00046F1630B943737D408FD344
1316A62BFAFC82C6D712D44D1A824C7A67F904DFFFFFFFFFF91FFF00046E1630B943737D408FD35C
1316832BFAC382C6A612D4221A82237A67F804EFFFFFFFFFF91FFF0004701630B943737D408FC374
1316752BFAA782C65912D41C1A821D7A97FD055FFFFFFFFFF8EFFF0004731630BA43737E408FC38C
1316792BFAAC82C61F12D4141A82107A480005CFFFFFFFFFF8CFFF00046D1630BA43737E408FC3A4
1316832BFABA82C5D612D41C1A82137A37FC2D3FFFFFFFFFF8AFFF0004761630BA43737E408FC3BC
1316C52BFB0782C56D12D4521A82397A57F805CFFFFFFFFFF8AFFF0004661630BB43737E408FC3D4
1317042BFB4A82C50A12D49E1A82657A17F905BFFFFFFFFFF92FFF0004691630BB43737E408FC3EC
1316F52BFB0682C4C612D48E1A824779D7FB05BFFFFFFFFFF88FFF00046A1630BB43737E408FC304
13169C2BFA2782C49212D43B1A81CF7A77FB05BFFFFFFFFFF85FFF00046F1630BC43737E408FC31C
1316042BF8ED82C44D12D3AB1A81247AA7FC05BFFFFFFFFFF86FFF0004671630BC43737E408FC334
1315DC2BF8A482C3EB12D3821A80FA7A17FD05BFFFFFFFFFF87FFF00046F1630BC43737E408FC34C
1314EF2BF67482C39312D2B51A7FEF7A07FC05BFFFFFFFFFF8AFFF0004721630BD43737F408FC364
1314272BF4D382C35512D2181A7F347A37FB05BFFFFFFFFFF84FFF0004701630BD43737F408FB37C
13141E2BF4B082C30F12D1CD1A7ED17A67FA05BFFFFFFFFFF7AFFF00046E1630BD43737F408FB394
1316492BF68282C2AE12D3D31A7FBC79F7FB05BFFFFFFFFFF7AFFF00046E1630BE43737F408FB3AC
1318D62BF7E082C25712D5BC1A80517997FB05BFFFFFFFFFF7DFFF00046F1630BE43737F408FB3C4
131A8D2BF8D982C22312D6D21A80A479A7FB05BFFFFFFFFFF7EFFF0004681630BE43737F408FB3DC
131B222BF84282C1E412D8A61A80B479E7FA05BFFFFFFFFFF75FFF0004711630BF43737F408FA3F4
131C5E2BF3ED82C17F12D9AE1A7E6879E7F505BFFFFFFFFFF7BFFF0004671630BF43737F408FA30C
131D122BF14682C11512DA711A7D0479F7F2394FFFFFFFFFF84FFF00046C1630BF43737F408FA324
131DE32BE9C782C0CF12DAED1A7A7A7A37F605CFFFFFFFFFF81FFF0004611630C0437380408FA33C
131B2E2BD6D482C0A012D8DF1A6F1E7A27FA05BFFFFFFFFFF7DFFF0004641630C0437380408FA354
1317D82BCBDD82C05C12D5871A68DB7B180605BFFFFFFFFFF7DFFF0004681630C0437380408FA36C
13116C2BBC5982BFF312D0D91A63727C981305BFFFFFFFFFF81FFF0004701630C1437380408FA384
1307852BA4D782BF9A12C9BB1A5A3C7D58213D6FFFFFFFFFF8CFFF0004641630C1437380408FA39C
13017D2B957582BF6412C5971A53637E982E05CFFFFFFFFFF98FFF00046A1630C1437380408FA3B4
12FE992B8E4C82BF1B12BD0F1A474E80383E05CFFFFFFFFFF9CFFF00046B1630C2437380408FA3CC
12FCD02B806982BEB012BC081A411C80F84B05BFFFFFFFFFF9AFFF00046A1630C2437380408FA3E4
12EEA92B56B482BE5912B0B81A2F2481785C05BFFFFFFFFFFA0FFF0004581630C2437380408F93FC
12DEAE2B2CCB82BE1C12A2841A198F82786C05BFFFFFFFFFFA0FFF00046D1630C3437380408FA314
12D1182B09C582BDE312911819FFE283387B05BFFFFFFFFFFA2FFF00046F1630C3437381408F932C
12C8232AF12B82BD8F12887619F2D983B88705BFFFFFFFFFF9EFFF00046E1630C3437381408F9344
12C4A32AE4B282BD3B12868519EE7684789305CFFFFFFFFFF9AFFF00046C1630C4437381408F935C
12C0FF2AD4BE82BCF512814B19E3A184989205BFFFFFFFFFF94FFF00046C1630C4437381408F9374
12BF062AC82682BCAC127F3A19DCD084488E05BFFFFFFFFFF8AFFF0004621630C4437381408F938C
12BE952AC45782BC6812813519DFC884388E04FFFFFFFFFFF88FFF00046B1630C5437381408F93A4
12BF4E2AC17282BC37127FB919DA1184788F053FFFFFFFFFF7FFFF00046D1630C5437381408F83BC
12C2202AC0FC82BBFF1280F819D71A84D89405CFFFFFFFFFF69FFF00046F1630C6437381408F83D4
12C3592ABBE282BBB812822419D4A285689705CFFFFFFFFFF5DFFF00046E1630C6437381408F83EC
12C2F02AB57782BB731281ED19D2C585D8A1476FFFFFFFFFF5EFFF0004651630C6437382408F8304
12C31B2AAF9082BB3D1281EC19D0358638AA05CFFFFFFFFFF46FFF00046E1630C7437382408F831C
12C4F82AA79D82BAFF12837519C96C85C8AD05BFFFFFFFFFF27FFF0004621630C7437382408F8334
12CB512A99D182BAA9128A2319C0728568A905BFFFFFFFFFF13FFF0004661630C7437382408F834C
12D4B22A7A1082BA61128D6C19BAF085A8A505AFFFFFFFFFED8FFF0004621630C8437382408F8364
12DDD32A590182BA2C12987919A38984689F055FFFFFFFFFF28FFF0004621630C8437382408F837C
12EA802A310682B9FA12A5EE198BFD83589005BFFFFFFFFFF2DFFF0004651630C8437382408F8394
12F3B92A02E282B9C612B03E19715483188505BFFFFFFFFFF13FFF00045F1630C9437382408F83AC
1377132A0A3982B983131FCD196BF184088805BFFFFFFFFFF2AFFF0004691630C9437382408F83C4
13E6682A712082B92B13998819AB3783988A05BFFFFFFFFFF39FFF00045E1630C9437382408F83DC
13F5AB2A7DC882B8DC138A6E19A8EE7DD85205AFFFFFFFFFF44FFF00045E1630CA437383408F83F4
1407532A7D0C82B8AC13A52E19AAAC79880905AFFFFFFFFFF58FFF00045D1630CA437383408F830C
1405272A630B82B87713C01A19A42B76D7EA05AFFFFFFFFFF65FFF0004531630CA437383408F6324
13FCDB29F8A182B83413B755196F977537CB05AFFFFFFFFFF80FFF0004661630CB437383408F733C
13FCF129A56382B7FC13B78F193E9D74D7B805EFFFFFFFFFF85FFF0004691630CB437383408F6354
13F98F29365C82B7C713B44118FCDC7477AE06DFFFFFFFFFF87FFF0004601630CB437383408F636C
13F7FF28E8D882B77913B2C218D5387487AB068FFFFFFFFFF83FFF00045B1630CC437383408F6384
13F7F728CC3782B73D13B2AC18C5037467A7067FFFFFFFFFF7DFFF0004611630CC437383408F639C
13F81128C73682B74613B2B318C42B7467A4067FFFFFFFFFF77FFF00045E1630CC437383408F63B4
13F81828D03F82B73E13B2D418C5967447A4067FFFFFFFFFF77FFF0004591630CD437384408F63CC
13F7DF28CF4782B73D13B29818C6F973B7A2067FFFFFFFFFF77FFF0004561630CD437384408F63E4
13F85628C95582B75013B2E518C4357327A5064FFFFFFFFFF7BFFF0004611630CE437384408F63FC
13F83428CA2782B75513B2C118C37D7357A2063FFFFFFFFFF7AFFF0004661630CE437384408F6314
13F88928C62782B74713B31518C0C87357A2061FFFFFFFFFF74FFF00045F1630CE437384408F632C
13F87A28C39F82B73613B34418BF6F7337A3061FFFFFFFFFF73FFF0004661630CF437384408F6344
13F85E28C4F182B73913B2FF18BFDE73979E060FFFFFFFFFF76FFF00045C1630CF437384408F535C
13F7FE28CFA082B74313B2D018C3997377A1060FFFFFFFFFF78FFF0004671630CF437384408F5374
13F7E228CC4582B74913B2A718C4A77357A1060FFFFFFFFFF74FFF00046B1630D0437384408F638C
13F7C928C94C82B74913B27218C24373A7A205FFFFFFFFFFF75FFF00046C1630D0437384408F53A4
13F77A28C96382B73913B25B18C18D73B7A005EFFFFFFFFFF77FFF0004621630D0437385408F53BC
13F80128C84F82B73F13B29118C0A973A7A2458FFFFFFFFFF7CFFF00046A1630D1437385408F53D4
13F80E28C9C382B75213B2E918BE4173F79E060FFFFFFFFFF7DFFF00046A1630D1437385408F32EC
13F7D128C3F182B74513B2B018BE417477A2062FFFFFFFFFF7BFFF0004601630D1437385408F4204
