* Sea-Bird SBE 9 Data File:
* FileName = X:\CTD_Data\2023\PS23_22_Sutton_CTD\UTAH_N_CTD_262.hex
* Software Version Seasave V 7.26.7.121
* Temperature SN = 2893
* Conductivity SN = 0434
* Number of Bytes Per Scan = 40
* Number of Voltage Words = 5
* Number of Scans Averaged by the Deck Unit = 24
* System UpLoad Time = May 11 2023 17:07:01
* NMEA Latitude = 29 03.24 N
* NMEA Longitude = 088 24.33 W
* NMEA UTC (Time) = May 11 2023  22:09:42
* Store Lat/Lon Data = Append to Every Scan
* SBE 11plus V 5.2
* number of scans to average = 24
* pressure baud rate = 9600
* NMEA baud rate = 4800
* surface PAR voltage added to scan
* A/D offset = 5
* GPIB address = 1
* advance primary conductivity  0.073 seconds
* advance secondary conductivity  0.073 seconds
* autorun on power up is disabled
* S>
* System UTC = May 11 2023 22:07:01
*END*
145460285FE582B7B114113518B48A8F9963040FFFFFFFFFF5AFFF0001E1162A9A4372B440C052AE
1455C02861CD82B7CA14112618B3D08EF962040FFFFFFFFFF5AFFF0001DA162A9A4372B440C052C6
1454BF28674A82B7CD14108A18B2248EE970040FFFFFFFFFF5BFFF0001E6162A9B4372B540C052DE
14548828751182B7AF1412C118B5178D8974040FFFFFFFFFF5BFFF0001D7162A9B4372B540C052F6
1454B7287AC082B79914134B18B54D8B9963040FFFFFFFFFF56FFF0001EB162A9C4372B540C0420E
14560528946D82B79F1412CB18BCE189B95E03FFFFFFFFFFF56FFF0001EF162A9C4372B640C05326
1458C528DC8082B7BB14128F18D11483792703FFFFFFFFFFF56FFF0001EE162A9C4372B640C0633E
14591C28DDEE82B7D114130418D13174782A03FFFFFFFFFFF5BFFF0001E7162A9D4372B640C06356
14578A28E0DA82B7CE14125F18D1757007AD210FFFFFFFFFF5DFFF0001E2162A9D4372B640C0636E
145A7E28DFC282B7BF1411EF18D2776FA77F0DDFFFFFFFFFF5AFFF0001F5162A9E4372B740C06386
145A0428DF4782B7AE1413FE18D2256FB77203FFFFFFFFFFF56FFF000204162A9E4372B740C0639E
145AF528DF9682B79F1413F518D2186F877003FFFFFFFFFFF57FFF0001FE162A9F4372B740C063B6
14582C28DFF482B7A614125F18D2656F576D03FFFFFFFFFFF59FFF000203162A9F4372B840C063CE
1456CB28E59C82B7C714100218D4766F176903FFFFFFFFFFF5AFFF000204162A9F4372B840C063E6
1458A228E45E82B7D4140FF418D5B46F276803FFFFFFFFFFF5DFFF0001FF162AA04372B840C063FE
145A8F28E0A482B7BB14123C18D3BD6F976603FFFFFFFFFFF5DFFF0001E0162AA04372B840C06316
145A3B28E08C82B79D1413C918D2CC6FC76903FFFFFFFFFFF58FFF0001E8162AA14372B940C0632E
14598B28E0A882B7AB14141B18D2BC6FA76803FFFFFFFFFFF57FFF0001E3162AA14372B940C06346
1455F128E59A82B7C814100C18D45A6F876B03FFFFFFFFFFF58FFF0001E8162AA14372B940C0535E
1458B828E30082B7BA14107818D4A76FA76803FFFFFFFFFFF60FFF0001DD162AA24372BA40C05376
145AF728E12482B7A414146018D3246F776703FFFFFFFFFFF5AFFF0001DB162AA24372BA40C0638E
145A2B28E0AD82B7B414136218D2C16F076703FFFFFFFFFFF57FFF0001C7162AA34372BA40C063A6
1458A128E06582B7C51411A918D2986EB76903FFFFFFFFFFF5BFFF0001C7162AA34372BA40C063BE
1459AF28E04C82B7AD14132018D2736E176803FFFFFFFFFFF5BFFF0001C5162AA34372BB40C053D6
14599E28E06082B79F14134218D2A16ED76503FFFFFFFFFFF58FFF0001C5162AA44372BB40C063EE
145B3428E10382B7AE1414DF18D1446F676203FFFFFFFFFFF56FFF0001B9162AA44372BB40C05306
145B3C28E13E82B7B414145C18D2836F376203FFFFFFFFFFF59FFF0001BA162AA54372BC40C0631E
145BDD28E17A82B7BE14148918D2DC6F076903FFFFFFFFFFF5BFFF0001B9162AA54372BC40C05336
145B6F28E10482B7AE1414D618D2FE6F776B03FFFFFFFFFFF5AFFF0001B4162AA64372BC40C0534E
145A5928DFF382B78E1413C818D27A6F276903FFFFFFFFFFF58FFF0001C0162AA64372BD40C05366
1459D928DFA882B7A914137918D2416F576C03FFFFFFFFFFF55FFF0001BD162AA64372BD40C0537E
145A9728E13682B7D41413BA18D2DD6F776E03FFFFFFFFFFF5AFFF0001BA162AA74372BD40C05396
145A5228E0CA82B7BF1413BC18D2976F176B03FFFFFFFFFFF5CFFF0001B2162AA74372BD40C053AE
14599628DF4582B79C14133218D1E96F5769251FFFFFFFFFF57FFF0001BF162AA84372BE40C043C6
145AF428E13A82B79514130318D2006F576C0F7FFFFFFFFFF57FFF0001C5162AA84372BE40C043DE
145A9A28E0F382B7AC1413E818D2B36F276903FFFFFFFFFFF58FFF0001BD162AA84372BE40C053F6
145A0628E0AE82B7D214134518D2806EB76803FFFFFFFFFFF5CFFF0001BB162AA94372BF40C0530E
145A3F28E0EE82B7D214131B18D2736EE76A03FFFFFFFFFFF5DFFF0001C3162AA94372BF40C05326
145A1D28E03B82B7A814140218D2B76F776503FFFFFFFFFFF5AFFF0001C9162AAA4372BF40C0533E
14594828E0A382B79A14134218D28F6F376203FFFFFFFFFFF56FFF0001C6162AAA4372C040C05356
14570928E36D82B7AF14115918D4036F476103FFFFFFFFFFF53FFF0001D3162AAA4372C040C0436E
1458AF28E22B82B7A914133918D3936F776603FFFFFFFFFFF59FFF0001D1162AAB4372C040C04386
14593D28E21382B7C214121F18D3236F076603FFFFFFFFFFF5DFFF0001B8162AAB4372C040C0539E
14586028E1CF82B7CD14115218D3846F076603FFFFFFFFFFF5EFFF0001C8162AAC4372C140C053B6
145A7028E28682B7AF1412F018D36F6E776503FFFFFFFFFFF5DFFF0001CB162AAC4372C140C043CE
145B3A28E2EA82B7971413F718D3A96E676303FFFFFFFFFFF56FFF0001D0162AAC4372C140C043E6
145C4B28E3BD82B7AF1415D618D1CA6E676203FFFFFFFFFFF58FFF0001D1162AAD4372C240C053FE
1458F128E2F482B7C814132E18CD8A6EB76303FFFFFFFFFFF59FFF0001C5162AAD4372C240C04316
14592428E31E82B7B014143418D3B56F17641C4FFFFFFFFFF5BFFF0001C5162AAE4372C240C0432E
1459B728E26782B78414152918D3AC6FA7670CBFFFFFFFFFF5AFFF0001CB162AAE4372C240C04346
1456D928E18882B79014121018D3336F276803FFFFFFFFFFF57FFF0001CB162AAF4372C340C0435E
14570E28E11082B7D214104718D3AA6ED76B8F1FFFFFFFFFF58FFF0001CB162AAF4372C340C03376
14568028E32182B7E814106318D3686EC76AC21FFFFFFFFFF5CFFF0001C0162AAF4372C340C0438E
14577F28E06C82B7A014112E18D2DA6E97662C2FFFFFFFFFF5AFFF0001CC162AB04372C340C043A6
14583128E0AF82B75914122718D3026F476390AFFFFFFFFFF57FFF0001C8162AB04372C440C043BE
14585128E0BB82B79214111018D26C6F376403FFFFFFFFFFF58FFF0001D1162AB14372C440C043D6
1454F228EBFF82B7D9140FA518D5BF6F176803FFFFFFFFFFF5AFFF0001CE162AB14372C440C043EE
14550F28EB0582B7CD140FFF18D5836F476503FFFFFFFFFFF5DFFF0001C9162AB14372C540C04306
14574128E4DC82B7A814110618D4096F8766043FFFFFFFFFF57FFF0001C0162AB24372C540C0431E
14550B28EB6482B7BF140E5618D8D96F7765045FFFFFFFFFF56FFF0001C4162AB24372C540C04336
144FDD29052E82B80714081618EA3E6F876703FFFFFFFFFFF5DFFF0001CC162AB34372C640C0334E
1445BB2939AA82B86813FF0A1903E36F576A04AFFFFFFFFFF69FFF0001CB162AB34372C640C04366
14383A297D3182B8AF13F2AC1926206F776C04CFFFFFFFFFF75FFF0001C1162AB34372C640C0437E
14212729EC3D82B8F913DC1619631F6F977026FFFFFFFFFFF80FFF0001C8162AB44372C640C04396
13FF892AA12482B99B13BA4419C7156FC777115FFFFFFFFFF8EFFF0001C5162AB44372C740C043AE
13AA1A2B00EA82BA7C13678919FB39709784051FFFFFFFFFF9AFFF0001C2162AB54372C740C033C6
13868F2B243482BB2013644A19F49771B797051FFFFFFFFFFA1FFF0001BB162AB54372C740C033DE
13CA552AAC2282BAE913A85B19B76472279C04CFFFFFFFFFFAAFFF0001C2162AB54372C840C043F6
13A0852AF7F982BADC13878019D63570D78A047FFFFFFFFFFA4FFF0001C4162AB64372C840C0430E
13774A2B36B982BAF51341781A0E3B70E789053FFFFFFFFFFA2FFF0001BC162AB64372C840C03326
1377A22B35EB82BAF613379F1A17AF71A798051FFFFFFFFFFA8FFF0001C5162AB74372C840C0433E
137B252B2FF982BACD13397E1A143571C79904CFFFFFFFFFFA9FFF0001C6162AB74372C940C03356
137C072B1E4082BAAA133AD81A111B72079804CFFFFFFFFFFA7FFF0001BF162AB84372C940C0336E
1379502B27CB82BAB813393E1A0DD071B79304CFFFFFFFFFFA7FFF0001C8162AB84372C940C03386
1377AC2B320182BACF1335B61A145471979304CFFFFFFFFFFAAFFF0001C6162AB84372C940C0339E
1377FE2B308382BACD1335AE1A14E972479204FFFFFFFFFFFADFFF0001B3162AB94372CA40C033B6
1379802B266382BAB41337501A124C72979204CFFFFFFFFFFAAFFF0001C5162AB94372CA40C033CE
137C832B16EC82BAAA133ADF1A0A7072279204CFFFFFFFFFFA6FFF0001C6162ABA4372CA40C033E6
13787F2B2BC982BAC413379C1A0E2D71F79326FFFFFFFFFFFA2FFF0001BC162ABA4372CB40C033FE
13773C2B324382BAD41334971A152571C78F117FFFFFFFFFFAEFFF0001C5162ABA4372CB40C02316
1378722B2B7D82BABE13355F1A12BD72378D04CFFFFFFFFFFAAFFF0001C5162ABB4372CB40C0332E
1384922B0B4282BA9E133A221A0ABD72678F042FFFFFFFFFFA5FFF0001C6162ABB4372CB40C03346
1384872B0CCD82BAA313418E1A034972078E03FFFFFFFFFFFA1FFF0001C7162ABC4372CC40C0335E
13786B2B2C5C82BAC21337A31A0F3171878D049FFFFFFFFFFA5FFF0001BA162ABC4372CC40C03376
1377092B32BD82BAD61334311A15D471879004EFFFFFFFFFFAAFFF0001BE162ABC4372CC40C0338E
13776D2B30AC82BAD21334651A154971E791046FFFFFFFFFFACFFF0001B7162ABD4372CC40C033A6
13786F2B2C0F82BAC313357D1A118172079403FFFFFFFFFFFA8FFF0001C2162ABD4372CD40C033BE
137A392B1E5282BAB81337D51A09C772379503FFFFFFFFFFFA6FFF0001C5162ABE4372CD40C023D6
137E982B138282BAAC133D0A1A055672579103FFFFFFFFFFFA7FFF0001BE162ABE4372CD40C033EE
137E122B15B382BAB3133C0D1A066272179003FFFFFFFFFFFA7FFF0001C4162ABE4372CE40C02306
1377AA2B2F8D82BAD81334D51A13D771578E043FFFFFFFFFFAAFFF0001C0162ABF4372CE40C0331E
1376302B351A82BAF41332A41A189C71779304FFFFFFFFFFFABFFF0001B2162ABF4372CE40C03336
13764E2B348882BAE81332E51A17F471D79504CFFFFFFFFFFA9FFF0001BA162AC04372CE40C0234E
1378272B2B4E82BAC31334D01A125B71F796287FFFFFFFFFFA7FFF0001BE162AC04372CF40C02366
137ECB2B13F382BAA4133B571A06F172379611FFFFFFFFFFFA2FFF0001C5162AC04372CF40C0237E
1380A32B130382BAA4133ECF1A050772179004CFFFFFFFFFFA1FFF0001BF162AC14372CF40C02396
1379912B254482BAC113378C1A0D1071B78C04EFFFFFFFFFFA6FFF0001B9162AC14372D040C023AE
1376F62B322D82BAE01333E71A15EE71D79004DFFFFFFFFFFAAFFF0001B0162AC24372D040C023C6
1376672B341082BAEC1333231A174E72179104EFFFFFFFFFFABFFF0001B0162AC24372D040C023DE
1377872B2F4282BAD81334261A14E772B79304CFFFFFFFFFFAAFFF0001B4162AC24372D040C033F6
137CF22B188382BAB81338951A0B0072979304EFFFFFFFFFFA7FFF0001BA162AC34372D140C0230E
13826A2B10BC82BAB31340D81A02D772679404CFFFFFFFFFFA2FFF0001B5162AC34372D140C02326
137B562B1CAF82BAC9133A071A07EE71B78E04CFFFFFFFFFFA2FFF0001B9162AC44372D140C0233E
13795F2B23C282BAD01337461A0AE671878C04DFFFFFFFFFFABFFF0001B7162AC44372D240C02356
1381B82B0EC282BABC13410B1A016A72378F04CFFFFFFFFFFA9FFF0001B3162AC54372D240C0236E
13817C2B140082BAD01340901A04CD72478C053FFFFFFFFFFA6FFF0001B0162AC54372D240C02386
1376F12B32BD82BB1C13345B1A156271E78C04FFFFFFFFFFFA8FFF0001A5162AC54372D240C0239E
13778C2B49F982BB461332FB1A21C571A78D04FFFFFFFFFFFABFFF0001AD162AC64372D340C023B6
1377352B495682BB451332A11A2239721790203FFFFFFFFFFABFFF0001A9162AC64372D340C023CE
1379E52B4F0582BB591334B41A24457297910F9FFFFFFFFFFABFFF0001AB162AC74372D340C023E6
13801C2B5B5782BBA9133D571A2EE2728793051FFFFFFFFFFAAFFF0001B4162AC74372D440C023FE
1389852B6FDF82BBFC1345741A387571F795051FFFFFFFFFFA9FFF0001A9162AC74372D440C02316
138C7F2B76F282BC2913480B1A3C4971F791052FFFFFFFFFFA8FFF0001AE162AC84372D440C0232E
138DB62B7A1882BC4A13488D1A3CE972178F050FFFFFFFFFFA7FFF0001AE162AC84372D440C02346
138F392B83BA82BC90134A411A4301720791053FFFFFFFFFFA5FFF0001A2162AC94372D540C0235E
1369712B694282BCEE1321B41A33AF723794052FFFFFFFFFFA0FFF0001A8162AC94372D540C02376
135E962B60C982BD2E131CE41A2F9B7377A0050FFFFFFFFFF78FFF0001AA162AC94372D540C0238E
1360A12B645F82BD55131C791A31BB74B7B304DFFFFFFFFFF6EFFF0001AA162ACA4372D540C023A6
1366522B6DF082BD8F13211B1A35F97537C1054FFFFFFFFFF6FFFF0001AE162ACA4372D640C023BE
136F722B80E082BDD7132AA41A40A47527C8051FFFFFFFFFF75FFF0001B1162ACB4372D640C023D6
135FDA2B78AE82BE23131EFE1A3F6374E7C6052FFFFFFFFFF7AFFF0001A5162ACB4372D640C023EE
1340412B550782BE7012FD671A2AC974C7C0053FFFFFFFFFF75FFF0001AB162ACC4372D740C02306
12FE702B0AAA82BEB812CA481A09DA7617CB050FFFFFFFFFF6BFFF0001A7162ACC4372D740C0231E
12EF7F2B063382BEE512B13C19FEB37867E7257FFFFFFFFFF61FFF00019E162ACC4372D740C02336
12F25D2B113282BF1112B21B1A039A7AC807118FFFFFFFFFF56FFF0001A6162ACD4372D840C0234E
12F7552B221982BF5C12B63D1A0F287B281C050FFFFFFFFFF47FFF00019E162ACD4372D840C02366
12FAC52B31C782BFB312B7831A16DC7AE820050FFFFFFFFFF1EFFF0001AC162ACE4372D840C0237E
12ED9C2B24B982BFFC12AC271A0FBE7A2816057FFFFFFFFFF41FFF0001AB162ACE4372D840C02396
12EBF42B26D182C03512AAD81A10777A9814048FFFFFFFFFF2DFFF0001A0162ACE4372D940C023AE
12EF232B2FC982C07C12AD0C1A15857C9827048FFFFFFFFFEF4FFF00019F162ACF4372D940C023C6
12F0592B350D82C0C712AE761A18B07DF837052FFFFFFFFFEF7FFF0001A9162ACF4372D940C023DE
12F0A12B3B4B82C10D12AEAF1A1BF47D883E052FFFFFFFFFF0EFFF0001AC162AD04372D940C023F6
12F88E2B57FF82C16112B7121A2D3A7D6841051FFFFFFFFFF21FFF0001AA162AD04372DA40C0130E
12FE322B73CA82C1B812BCB21A3CBE7C483A050FFFFFFFFFF2DFFF000196162AD04372DA40C02326
12FA662B791E82C20212B8511A3E247A481D053FFFFFFFFFF38FFF0001A4162AD14372DA40C0133E
12F4EF2B722982C24A12B31F1A3A717A180F04EFFFFFFFFFF3FFFF00019C162AD14372DB40C02356
12EE8E2B6DAD82C29312AC8D1A373C7A4813052FFFFFFFFFF1AFFF00019F162AD24372DB40C0036E
12EE402B7BD882C2D012AC431A3CDE7AD81804FFFFFFFFFFECDFFF0001A6162AD24372DB40C00386
12F0742B853782C31712AE501A44317B381A223FFFFFFFFFEFDFFF0001A7162AD24372DC40C0239E
12F2982B8D8382C37312B0981A495A7B081C108FFFFFFFFFF35FFF0001A7162AD34372DC40C003B6
12F3D52B942482C3C512B1D11A4CE07AE81C04CFFFFFFFFFEBFFFF0001A3162AD34372DC40C013CE
12F8552B9EE482C3F912B3A11A4F137AB819050FFFFFFFFFF0CFFF0001A6162AD44372DC40C023E6
13025B2BB4E282C43812BD9E1A5B627B4820043FFFFFFFFFF35FFF0001A3162AD44372DD40C013FE
1313462BD7B482C48912D0DB1A72087BF827044FFFFFFFFFF48FFF0001B2162AD44372DD40C00316
1320EE2BF3B482C4E312DEC71A81E87AF82404DFFFFFFFFFF58FFF0001AE162AD54372DD40C0032E
13240E2BFC2382C53412E1A01A865D79C818050FFFFFFFFFF4FFFF0001B8162AD54372DE40C01346
1324B72C009F82C58312E21A1A88A678F80B052FFFFFFFFFF54FFF0001BA162AD64372DE40C0035E
13243C2C01D582C5A812E12D1A88087887FD04EFFFFFFFFFF59FFF0001BD162AD64372DE40C00376
1324032C01F982C5B212E15B1A88AC77E7F1050FFFFFFFFFF44FFF0001B5162AD64372DE40C0038E
1324082C01FF82C5AA12E13A1A886B7787F004EFFFFFFFFFF45FFF0001B5162AD74372DF40C003A6
1324372C01AE82C59712E11F1A88147757EE04CFFFFFFFFFF3EFFF0001B7162AD74372DF40C003BE
13244F2C01A482C59012E0EF1A87F37767EB050FFFFFFFFFF23FFF0001C2162AD84372DF40C003D6
13241C2C022782C5A712E1741A88DC7747E904DFFFFFFFFFF27FFF0001BB162AD84372E040C003EE
1324092C029E82C5B312E1581A89487747E7170FFFFFFFFFF37FFF0001C7162AD84372E040C00306
13244F2BFFD082C58F12E2221A878B7767E60C8FFFFFFFFFF2BFFF0001D4162AD94372E040C0031E
1325A02BFC7F82C56A12E2D61A84707767E804EFFFFFFFFFF30FFF0001D9162AD94372E140C00336
1324B22C00F582C58512E25A1A87C376C7EA04CFFFFFFFFFF34FFF0001E3162ADA4372E140C0034E
1324362C028982C5B312E1D01A890B7737EB04EFFFFFFFFFF2BFFF0001D5162ADA4372E140C00366
13242E2C027A82C5AA12E1AD1A893E7757EB04DFFFFFFFFFF33FFF0001DC162ADA4372E140C0037E
1325B22BFD9082C56E12E4121A84EC7747E704CFFFFFFFFFF3AFFF0001D8162ADB4372E240C00396
1325AE2BFEA582C54A12E33F1A86887757E804DFFFFFFFFFF2AFFF0001E7162ADB4372E240BFF3AE
1324E82C00CD82C56E12E2581A888676F7EB04FFFFFFFFFFF30FFF0001E7162ADC4372E240C003C6
13242E2C023F82C5A112E1CA1A892F7737E904DFFFFFFFFFF4CFFF0001D0162ADC4372E340C003DE
13242F2C021C82C58D12E1D01A88E47737E704DFFFFFFFFFF3DFFF0001DF162ADC4372E340C003F6
1325082BFFAE82C55012E2681A873177A7E604CFFFFFFFFFF39FFF0001D0162ADD4372E340BFF30E
1325242C006382C54F12E2731A88227787E604DFFFFFFFFFF20FFF0001E3162ADD4372E340C00326
1324A22C014882C57B12E2481A88947797E504EFFFFFFFFFF30FFF0001E3162ADE4372E440C0033E
13244F2C020A82C59512E1F41A890E77C7E304DFFFFFFFFFF50FFF0001D4162ADE4372E440BFF356
1324652C01D682C58C12E1E41A891977B7E504DFFFFFFFFFF56FFF0001D9162ADE4372E440BFF36E
1324A12C012882C57412E20A1A88D77737E304BFFFFFFFFFF49FFF0001C6162ADF4372E440C00386
1324BF2C010682C57C12E21B1A88C27757E604EFFFFFFFFFF34FFF0001D8162ADF4372E540BFF39E
13244F2C022F82C5A612E1EF1A89077727E704FFFFFFFFFFF27FFF0001CF162AE04372E540C003B6
13246B2C038A82C5CE12E1BB1A89C67757E704DFFFFFFFFFF37FFF0001D4162AE04372E540BFF3CE
1324A12C03E682C5D712E1EB1A8A1B7787E521EFFFFFFFFFF58FFF0001D1162AE04372E540BFF3E6
1324802C039F82C5DB12E1DF1A89E67757E210DFFFFFFFFFF51FFF0001D1162AE14372E640BFF3FE
1324B72C041F82C5F512E1FC1A8A3E7777E004DFFFFFFFFFF43FFF0001CA162AE14372E640BFF316
13252A2C056D82C61D12E25E1A8AD477B7E46E9FFFFFFFFFF5AFFF0001CB162AE24372E640BFF32E
1325432C061282C62412E2A21A8B5A7747E6CEFFFFFFFFFFF4FFFF0001CC162AE24372E740BFF346
13251A2C04C882C61012E27D1A8ADB7717E6CE3FFFFFFFFFF4BFFF0001D9162AE24372E740BFF35E
1325272C050E82C61E12E27E1A8AEA7727E6A26FFFFFFFFFF1EFFF0001D0162AE34372E740BFF376
1323D62C04D382C66312E0E41A8AAC7717E904DFFFFFFFFFF39FFF0001D3162AE34372E840BFF38E
1321372C030A82C68F12DF9C1A8A447787EA04DFFFFFFFFFF57FFF0001CF162AE44372E840BFF3A6
1321852C036D82C68512DF361A8A437767E604DFFFFFFFFFF5AFFF0001CA162AE44372E840BFF3BE
1322702C044682C67512DFDD1A8A7476F7E404DFFFFFFFFFF43FFF0001D6162AE54372E840BFF3D6
1321CC2C03AB82C68912DFA91A8A7176E7E0046FFFFFFFFFF2EFFF0001D6162AE54372E940BFF3EE
131F472C00C182C6AC12DDD91A89577697DB041FFFFFFFFFF4AFFF0001C1162AE54372E940BFF306
131D3D2BFE7182C6D012DB5B1A87C476C7DB041FFFFFFFFFF57FFF0001D6162AE64372E940BFF31E
131C4A2BFD5682C70B12DA101A86F576B7DC042FFFFFFFFFF62FFF0001D4162AE64372EA40BFF336
131BF22BFCE582C73112D9921A86977697E6042FFFFFFFFFF73FFF0001D4162AE74372EA40BFF34E
131BF62BFCE082C72B12D9821A868B76A7E6042FFFFFFFFFF77FFF0001D0162AE74372EA40BFE366
131C0A2BFCF482C72312D9C21A86B276F7E3044FFFFFFFFFF66FFF0001DE162AE74372EB40BFE37E
131BE42BFCC582C75112D97E1A868976C7DE050FFFFFFFFFF53FFF0001E0162AE84372EB40BFF396
131BF02BFD7F82C79812D96C1A86E176A7E104EFFFFFFFFFF6BFFF0001D8162AE84372EB40BFF3AE
131C002BFDEB82C7C212D97E1A870C76F7E304EFFFFFFFFFF7BFFF0001CE162AE94372EB40BFF3C6
131BFD2BFDE382C7D112D97E1A870D7717E204CFFFFFFFFFF72FFF0001DF162AE94372EC40BFF3DE
131BFC2BFDE482C7D812D9841A87107727E5050FFFFFFFFFF67FFF0001E0162AE94372EC40BFE3F6
131C052BFDFB82C7FE12D9811A87177777E904CFFFFFFFFFF69FFF0001E1162AEA4372EC40BFE30E
131BEC2BFE8F82C83B12D97C1A874077E7E4050FFFFFFFFFF6AFFF0001E1162AEA4372ED40BFE326
131BD22BFF7F82C86B12D9521A87DD7757E504CFFFFFFFFFF61FFF0001CF162AEB4372ED40BFE33E
131BDB2BFF9482C88812D9561A87FC77A7EA04DFFFFFFFFFF7CFFF0001DE162AEB4372ED40BFF356
131BE22BFFA682C8AF12D95C1A880677A7EC04FFFFFFFFFFF7FFFF0001DC162AEC4372EE40BFE36E
131C302C003982C8E912D98D1A88387757EE04DFFFFFFFFFF7BFFF0001DA162AEC4372EE40BFF386
131CC92C017282C90B12DA0A1A88BE77B7EA04DFFFFFFFFFF7AFFF0001D1162AEC4372EE40BFE39E
131DD62C03CC82C92112DABD1A89A57787E904BFFFFFFFFFF7BFFF0001DB162AED4372EF40BFE3B6
131F022C061282C94E12DC251A8B3B7747EB04FFFFFFFFFFF7CFFF0001C1162AED4372EF40BFE3CE
131FB42C077582C99612DD331A8C647757EC04DFFFFFFFFFF80FFF0001DA162AED4372EF40BFE3E6
1321682C0B5A82C9DB12DE611A8DCC7747E904FFFFFFFFFFF86FFF0001D7162AEE4372F040BFE3FE
13233C2C0F4482C9FB12E0591A90577737E804DFFFFFFFFFF8AFFF0001D3162AEE4372F040BFE316
1323962C0FE682CA1612E0B21A90B07737E6210FFFFFFFFFF89FFF0001D6162AEF4372F040BFE32E
1323A82C101582CA4F12E1061A910E7737E610FFFFFFFFFFF8AFFF0001E3162AEF4372F140BFE346
1323ED2C10B582CA9912E1591A917677A7E604DFFFFFFFFFF8EFFF0001E4162AEF4372F140BFE35E
1324A32C120E82CAD112E1C81A91E877D7E704DFFFFFFFFFF94FFF0001E1162AF04372F140BFE376
1326AE2C169682CAFC12E35E1A93DA77D7E904CFFFFFFFFFF94FFF0001D9162AF04372F140BFE38E
13286D2C1A2E82CB3A12E59E1A96787787E904EFFFFFFFFFF8FFFF0001E7162AF14372F240BFE3A6
1329032C1B6382CB7D12E63F1A972F7797E9050FFFFFFFFFF9BFFF0001EB162AF14372F240BFE3BE
1329A62C1D5B82CBBE12E6EB1A985A7727E904FFFFFFFFFFF9DFFF0001E1162AF14372F240BFE3D6
132A552C200E82CC0512E7D41A9A207747E904DFFFFFFFFFFA1FFF0001E8162AF24372F340BFE3EE
1329452C1F5682CC4A12E6B11A99977757EC04EFFFFFFFFFFA2FFF0001E9162AF24372F340BFE306
1325FE2C1B3982CC7712E4AB1A98247797ED04CFFFFFFFFFFA4FFF0001E5162AF34372F340BFE31E
1321D32C15A782CC9112E22A1A965077C7EF04CFFFFFFFFFFA6FFF0001F5162AF34372F440BFE336
131C6F2C0F4D82CCC712DB6A1A91AF77E7F204EFFFFFFFFFFA7FFF0001F8162AF34372F440BFE34E
1318852C0B3D82CD3C12D68E1A8EE177F7F304DFFFFFFFFFFAAFFF0001EA162AF44372F540BFE366
130D5E2BFE1D82CDB712CAFF1A87337847F504FFFFFFFFFFFADFFF0001EC162AF44372F540BFE37E
1311222C05FA82CDDA12CDC61A8A3B79180004CFFFFFFFFFFB0FFF0001EE162AF44372F540BFE396
1311B62C071582CDE912CF201A8BD379380104BFFFFFFFFFFACFFF0001F6162AF54372F540BFE3AE
13105C2C055882CE2D12CDFF1A8B3179080504EFFFFFFFFFFA4FFF0001F6162AF54372F640BFE3C6
130DB72C020082CE8212CAE01A88FF78A80504CFFFFFFFFFFAEFFF0001F4162AF64372F640BFE3DE
13037E2BF41982CECD12BF861A808D78E80104EFFFFFFFFFFAFFFF000200162AF64372F640BFE3F6
12FE102BEE9782CF2412BBC21A7E8A79480104CFFFFFFFFFFB3FFF0001F4162AF74372F740BFE30E
12F89C2BE77E82CF7812B5AA1A7A2B7A180B04FFFFFFFFFFFB4FFF0001FA162AF74372F740BFE326
12F3A62BE07A82CFAC12B3281A781F7A581904CFFFFFFFFFFB4FFF0001FC162AF74372F740BFE33E
12F16A2BDD9882CFE512B0021A75BD7AC81D04EFFFFFFFFFFB4FFF000203162AF84372F840BFE356
12EDF82BD8FE82D04812AC5C1A730E7B582004DFFFFFFFFFFB5FFF000205162AF84372F840BFE36E
12E8ED2BD2C882D0B012A6D21A6F3C7BA82704EFFFFFFFFFFB7FFF0001F2162AF84372F840BFD386
12E5B42BCEE682D0E412A5351A6E197C182C04BFFFFFFFFFFB6FFF000201162AF94372F940BFE39E
12E5042BCE3782D11212A3911A6D167C882D04DFFFFFFFFFFB5FFF000204162AF94372F940BFE3B6
12E2932BCCDC82D16712A0F01A6C2D7D283404DFFFFFFFFFFB3FFF000208162AFA4372F940BFE3CE
12DD382BCA9882D1DA129BC51A6AF87D883D04EFFFFFFFFFFB4FFF000207162AFA4372FA40BFE3E6
12DA142BC83082D2391297ED1A695C7DC84504CFFFFFFFFFFB9FFF000202162AFA4372FA40BFE3FE
12D34A2BC20482D27612938D1A67487D284304DFFFFFFFFFFBBFFF0001F7162AFB4372FA40BFC316
12CCE12BBC4082D2AA128EA51A64BB7D184004DFFFFFFFFFFBCFFF000204162AFB4372FA40BFD32E
12CA272BB9CE82D2F11288B31A61B97DE84204EFFFFFFFFFFBBFFF00020B162AFC4372FB40BFD346
12C7002BB6B882D35E1285B91A60187ED84C04CFFFFFFFFFFBDFFF000202162AFC4372FB40BFE35E
12C4942BB42382D3CC1283361A5E947F485804DFFFFFFFFFFBFFFF000204162AFD4372FB40BFE376
12C3882BB34C82D4131282551A5E3C80186304DFFFFFFFFFFBFFFF000200162AFD4372FC40BFC38E
12C1912BB16182D44512813D1A5D9A80786F04CFFFFFFFFFFBFFFF000206162AFD4372FC40BFD3A6
12BFEA2BB05182D48A127E5C1A5C5E81087304DFFFFFFFFFFBFFFF000213162AFE4372FC40BFC3BE
12C00E2BB3C282D4EC127E911A5E2F81587504BFFFFFFFFFFC0FFF000212162AFE4372FD40BFC3D6
12C1102BB6D982D54D127FA11A600E80F87804EFFFFFFFFFFC2FFF000206162AFF4372FD40BFD3EE
12BF1E2BB50682D59B127D301A5EBB7FD86F04CFFFFFFFFFFC2FFF00020F162AFF4372FD40BFC306
12BACD2BB03E82D5E21278F31A5C1D7E985D04EFFFFFFFFFFC2FFF000214162AFF4372FE40BFC31E
12B4022BA8C682D63512721F1A57EA7ED85604CFFFFFFFFFFC2FFF00021A162B004372FE40BFC336
12B0F82BA4A682D687126F431A55AB7F985D04CFFFFFFFFFFC1FFF000218162B004372FE40BFC34E
12AC012B9D6E82D6CC126AAB1A51EC80B86E04CFFFFFFFFFFC1FFF000228162B014372FE40BFC366
12A53B2B942782D71B12636A1A4C7781F88204BFFFFFFFFFFC1FFF000233162B014372FF40BFC37E
12A1F02B909782D7741260D21A4AF084189D044FFFFFFFFFFC0FFF00022D162B014372FF40BFC396
12A30E2B934A82D7CE1262001A4C7D8678C0042FFFFFFFFFFC0FFF00024A162B024372FF40BFC3AE
12A1132B90DC82D826125FAD1A4AE087C8D8041FFFFFFFFFFC0FFF00025A162B0243730040BFC3C6
129C3B2B8A9D82D876125A8A1A473F87B8DD042FFFFFFFFFFC1FFF000263162B0343730040BFC3DE
1298D12B86A482D8C01257BB1A456D8868E1040FFFFFFFFFFC1FFF00027F162B0343730040BFC3F6
12984B2B86D882D90612576D1A45B189A8F1041FFFFFFFFFFC1FFF00028D162B0343730140BFC30E
12973D2B861282D9591256431A452D8AB902042FFFFFFFFFFC0FFF000291162B0443730140BFC326
12956A2B843D82D9BE1254A71A44478AD908042FFFFFFFFFFC0FFF0002AD162B0443730140BFC33E
1292842B807282DA2A1252001A425A8B090C041FFFFFFFFFFBFFFF0002C3162B0443730140BFC356
128C982B78C682DA86124B741A3DA88B490F042FFFFFFFFFFC0FFF0002C2162B0543730240BFC36E
1288AD2B753582DAB312499C1A3C9F8C091703FFFFFFFFFFFC1FFF0002E2162B0543730240BFC386
1287E62B743382DAD01248251A3BF38D392A041FFFFFFFFFFBFFFF0002F2162B0643730240BFC39E
1288252B751F82DB221247751A3BE28DE939041FFFFFFFFFFBEFFF000310162B0643730340BFC3B6
1287732B759482DBB31246E61A3C398E4940042FFFFFFFFFFBFFFF00031D162B0743730340BFC3CE
1285E32B749282DC2C12454D1A3BAC8E0942041FFFFFFFFFFC0FFF000320162B0743730340BFC3E6
12850D2B746682DC601244DA1A3BA18DD93D044FFFFFFFFFFC1FFF000339162B0743730340BFC3FE
1284BF2B744182DC7312446A1A3B8A8DC939040FFFFFFFFFFBFFFF000353162B0843730440BFC316
1283632B731482DCAA1242FF1A3AED8DF935042FFFFFFFFFFBFFFF000364162B0843730440BFB32E
1281622B71A082DD1E1240F01A3A168DF935041FFFFFFFFFFC0FFF000381162B0943730540BFC346
12805B2B70FB82DDA2123FD31A39AC8DD936041FFFFFFFFFFBEFFF00038C162B0943730540BFB35E
1280362B70E082DDEE123FC91A39AB8DD938041FFFFFFFFFFBEFFF000392162B0943730540BFC376
127F572B6FF682DE0B123FA21A398A8E5939040FFFFFFFFFFBFFFF0003B1162B0A43730540BFC38E
127E272B6E8182DE3B123E0C1A389B8E7939041FFFFFFFFFFBEFFF0003BF162B0A43730640BFC3A6
127B552B6BEE82DE9F123B151A37088E8939042FFFFFFFFFFBEFFF0003CF162B0B43730640BFC3BE
1277812B67D982DF141237381A34C38ED941043FFFFFFFFFFBFFFF0003D6162B0B43730640BFB3D6
12760F2B661F82DF6812357C1A339F8F5947041FFFFFFFFFFBFFFF0003DA162B0B43730740BFB3EE
12753F2B652282DFA112351F1A335A8FF94E042FFFFFFFFFFBFFFF0003E7162B0C43730740BFB306
1274122B63C982DFE11233AB1A3273903956041FFFFFFFFFFBFFFF0003F2162B0C43730740BFB31E
1270922B603D82E029122FCF1A304890B95C041FFFFFFFFFFBFFFF00040A162B0D43730840BFB336
126DA32B5D5382E06B122D691A2EF1911962041FFFFFFFFFFC0FFF00040C162B0D43730840BFB34E
126B732B5AE782E0C1122B271A2D9291B969046FFFFFFFFFFBFFFF0003F9162B0E43730840BFB366
1268482B577582E1351228401A2BC892497004FFFFFFFFFFFC0FFF0003E6162B0E43730940BFB37E
12655B2B544682E1841225611A2A1693097704EFFFFFFFFFFBFFFF0003CD162B0E43730940BFB396
12622C2B514382E1B51223631A28F893997E04DFFFFFFFFFFC0FFF0003B0162B0F43730940BFA3AE
1261912B50A682E1F31221821A27FE94098804DFFFFFFFFFFC1FFF00039E162B0F43730A40BFB3C6
1260512B4F4582E23B121FF71A271294799004FFFFFFFFFFFC0FFF000369162B1043730A40BFA3DE
125ECA2B4D9582E28A121E681A261E94A99704DFFFFFFFFFFC0FFF000343162B1043730A40BFA3F6
1255CD2B437082E2E21214FF1A204694C99E04EFFFFFFFFFFC0FFF000366162B1043730A40BFA30E
124DBF2B3A7882E337120D011A1B409599A3043FFFFFFFFFFC0FFF000375162B1143730B40BFA326
124C152B39B082E37A120C171A1B249669AE041FFFFFFFFFFC2FFF000376162B1143730B40BFA33E
124C9C2B3B5782E3BD120CDF1A1C5E9719BC042FFFFFFFFFFC4FFF000376162B1243730B40BFA356
124EDC2B3F5982E40B120F2C1A1EB29799C7041FFFFFFFFFFC3FFF000369162B1243730C40BFA36E
1251212B455E82E4571211541A221E97E9CB043FFFFFFFFFFC3FFF000364162B1243730C40BFA386
124E0B2B438782E4AA120DE41A209B97A9C9050FFFFFFFFFFC2FFF000351162B1343730C40BFB39E
124DAC2B43F182E502120DAB1A20EF9729C304DFFFFFFFFFFC1FFF000332162B1343730C40BFA3B6
124B2E2B418C82E540120BBE1A1FEB9739C304DFFFFFFFFFFC1FFF00032A162B1443730D40BFA3CE
1249AB2B404882E57A120A201A1F1E9799C604CFFFFFFFFFFC1FFF00031A162B1443730D40BFA3E6
1248E42B407A82E5CF12090D1A1F139809C804FFFFFFFFFFFC0FFF0002FE162B1443730D40BFA3FE
1246802B3FD382E63C1207221A1ED99889CE04FFFFFFFFFFFBFFFF0002F3162B1543730E40BFA316
123FE72B3AB182E69411FF761A1B969889D404DFFFFFFFFFFBEFFF0002E5162B1543730E40BFA32E
1239972B34D782E6D611F9CD1A18AB9929D604DFFFFFFFFFFBDFFF0002D1162B1643730E40BFA346
1234B82B301082E71F11F4B61A15D79A29E504CFFFFFFFFFFBDFFF0002CA162B1643730F40BFA35E
1232562B2D8482E77211F2601A14769B49F5050FFFFFFFFFFBEFFF0002BE162B1643730F40BFA376
12301C2B2BE982E7BF11F00E1A139A9C3A0204CFFFFFFFFFFBEFFF0002B2162B1743730F40BFA38E
122CAA2B293082E80F11ECBD1A12229C8A0B04EFFFFFFFFFFBFFFF00029F162B1743730F40BFA3A6
1226592B23DA82E86D11E6D21A0F4F9CEA1504DFFFFFFFFFFBEFFF00029D162B1843731040BFA3BE
1223BC2B216B82E8C111E3FB1A0DD79DDA2004FFFFFFFFFFFBDFFF00028A162B1843731040BFA3D6
1220672B1E2282E90411E0971A0C039EFA2E04CFFFFFFFFFFBDFFF000284162B1843731040BFA3EE
121A8E2B180682E94E11DAA41A088B9FEA3904EFFFFFFFFFFBCFFF000285162B1943731140BFA306
1217422B14C882E9A611D7FE1A0713A04A4304AFFFFFFFFFFBDFFF000281162B1943731140BFA31E
1216542B140082E9FF11D70B1A06A0A0AA4C041FFFFFFFFFFBEFFF000271162B1943731140BFA336
12152B2B12C582EA4611D5A11A05D3A10A52040FFFFFFFFFFBEFFF000271162B1A43731240BFA34E
1210DC2B0E4482EA8711D1731A0364A15A58043FFFFFFFFFFBEFFF00025D162B1A43731240BFA366
12091F2B061182EAD611C9AA19FED8A1BA5E044FFFFFFFFFFBEFFF000253162B1B43731240BFA37E
12021F2AFE4D82EB3211C31419FABDA24A64046FFFFFFFFFFBFFFF000257162B1B43731240BFA396
11FD422AF87982EB8911BDC919F738A2AA6C04DFFFFFFFFFFBEFFF000253162B1B43731340BFA3AE
11F9202AF37782EBDE11B9F019F4A2A34A7604CFFFFFFFFFFBFFFF000250162B1C43731340BFA3C6
11F5982AEF5082EC3411B65119F23FA3BA7C04FFFFFFFFFFFBFFFF000239162B1C43731340BFA3DE
11F2A82AEB8282EC6D11B4C319F117A3EA7F04CFFFFFFFFFFBFFFF000247162B1D43731440BFA3F6
11EF982AE77282EC9D11B23619EF37A42A83049FFFFFFFFFFC0FFF000244162B1D43731440BFA30E
11E7352ADCA682ECEF11A8CE19E88FA48A86041FFFFFFFFFFC0FFF000233162B1D43731440BFA326
11DC482ACFAE82ED5F119E7619E1A9A4CA89043FFFFFFFFFFC1FFF00022F162B1E43731540BFA33E
11D40E2AC53682EDC611960919DBBAA56A91040FFFFFFFFFFC2FFF000219162B1E43731540BF9356
11D06C2AC00D82EE1811918719D848A64A9A042FFFFFFFFFFC2FFF000214162B1E43731540BFA36E
11C82E2AB46482EE4C118E7219D5CEA69AA103FFFFFFFFFFFC2FFF000214162B1F43731540BFA386
11C0602AA9BF82EE7D1184C619CE50A6BAA5042FFFFFFFFFFC2FFF000219162B1F43731640BF939E
11B76A2A9D6082EEC81178D619C56AA6BAA8041FFFFFFFFFFC2FFF00021B162B2043731640BFA3B6
11A35D2A824E82EF301166DF19B7E0A6BAA8042FFFFFFFFFFC2FFF00020E162B2043731640BFA3CE
119A042A76A982EF8D115BCE19B01EA6AAA8043FFFFFFFFFFC2FFF000210162B2043731740BF93E6
1191FD2A6B2882EFD711523819A8AAA67AA5040FFFFFFFFFFC3FFF00020F162B2143731740BF93FE
11863A2A5B6D82F0241146FD19A053A65AA2041FFFFFFFFFFC4FFF000210162B2143731740BF9316
1179752A4B0A82F069113A9A199792A66AA004EFFFFFFFFFFC3FFF00020B162B2243731840BF832E
11715E2A40FD82F0AB1133C31992DBA66AA004DFFFFFFFFFFC3FFF000216162B2243731840BF9346
116DAA2A3C6F82F1051130981990A0A67AA304EFFFFFFFFFFC3FFF00020D162B2243731840BF835E
116C3F2A3A9C82F168112F13198F88A6AAA604DFFFFFFFFFFC4FFF000214162B2343731940BF8376
116BEB2A3A2382F1A8112EF4198F68A6BAA704EFFFFFFFFFFC4FFF000213162B2343731940BF838E
116B862A39AA82F1E0112E9D198F2FA6CAA6047FFFFFFFFFFC3FFF000214162B2443731940BF83A6
11660D2A32B582F23C1129F6198BF4A6BAA6042FFFFFFFFFFC5FFF000215162B2443731A40BF83BE
1154512A1C3A82F2A4111847197F81A6EAA7042FFFFFFFFFFC5FFF00020C162B2443731A40BF83D6
114A8A2A0EDC82F2F2110AE019759AA72AAB041FFFFFFFFFFC6FFF000212162B2543731A40BF83EE
113C9D29FC4582F33410FE13196C1CA77AAE042FFFFFFFFFFC6FFF000208162B2543731A40BF8306
11325A29EE7782F38210F5BB1965D5A79AB1056FFFFFFFFFFC6FFF00020C162B2543731B40BF831E
112B3529E64082F3D710EEE0196173A7CAB504FFFFFFFFFFFC4FFF00020D162B2643731B40BF8336
11268429E03482F42110E92C195D72A7EAB604DFFFFFFFFFFC7FFF000208162B2643731B40BF834E
11226C29DAB482F47010E616195B12A81AB5051FFFFFFFFFFC8FFF000204162B2743731C40BF8366
111EF129D5D182F4D210E3571958DEA82AB704CFFFFFFFFFFC7FFF000206162B2743731C40BF837E
1119F429CF1382F53010DE281954FCA80AB9050FFFFFFFFFFC6FFF000202162B2743731C40BF8396
1116EC29CACA82F57A10DA4819520DA84ABA04DFFFFFFFFFFC6FFF0001FB162B2843731D40BF83AE
110F9C29C0B882F5B310D420194D59A86ABC04EFFFFFFFFFFC7FFF0001F9162B2843731D40BF83C6
1109AB29B87582F5FC10CD98194855A84ABE04CFFFFFFFFFFC7FFF000201162B2843731D40BF83DE
11062F29B3A082F66310CAAE19460CA88ABF04DFFFFFFFFFFC8FFF000202162B2943731D40BF83F6
1102A529AED182F6BE10C6D6194328A8AAC1050FFFFFFFFFFC8FFF0001FB162B2943731E40BF830E
11003029AB4982F6FC10C439194118A8AAC104CFFFFFFFFFFC9FFF000200162B2A43731E40BF8326
10F7F929A01482F74710BC2B193B14A8AAC104EFFFFFFFFFFC7FFF0001F4162B2A43731E40BF833E
10F48A299B8482F7B310B91E1938C6A8BAC204EFFFFFFFFFFC8FFF0001FA162B2A43731F40BF8356
10F402299AA282F81A10B89F193851A89AC304EFFFFFFFFFFC8FFF0001FA162B2B43731F40BF836E
10F1612996C282F85210B7AB19377EA89AC1045FFFFFFFFFFC8FFF0001F6162B2B43731F40BF8386
10ED2C29911282F87B10B35619342DA8AABF041FFFFFFFFFFC9FFF000204162B2B43732040BF839E
10EB07298DFC82F8CA10AFBF19316EA8CAC0042FFFFFFFFFFC9FFF0001FC162B2C43732040BF73B6
10E8E7298AE182F93A10ADB5192FC7A90AC1041FFFFFFFFFFC9FFF000203162B2C43732040BF83CE
10E59A29862E82F9AA10AA99192D53A8FAC1043FFFFFFFFFFC8FFF0001F9162B2D43732040BF83E6
10E2A52981F882F9F910A759192AC9A8CAC3041FFFFFFFFFFC8FFF000206162B2D43732140BF73FE
10E04F297E9A82FA1C10A714192A7CA8DAC4043FFFFFFFFFFC8FFF000214162B2D43732140BF8316
10DE04297B5C82FA4D10A34D192791A8DAC4043FFFFFFFFFFC7FFF000218162B2E43732140BF832E
10D9C829757382FAA7109EEF192434A8FAC5050FFFFFFFFFFC7FFF00022A162B2E43732240BF7346
10D6D829714A82FB1A109BE21921CBA94AC604EFFFFFFFFFFC9FFF000225162B2E43732240BF835E
10D5A8296F7382FB7C109AC11920D6A95AC704FFFFFFFFFFFC8FFF00022F162B2F43732240BF7376
10D549296EDB82FBC1109A18192046A96AC804EFFFFFFFFFFC8FFF00022E162B2F43732340BF738E
10D4DF296E3682FBF3109A0519202BA99ACA04EFFFFFFFFFFC8FFF000243162B3043732340BF73A6
10D341296BB582FC37109863191ED3A9AACC04DFFFFFFFFFFC8FFF000246162B3043732340BF73BE
10CBFF2961A182FCA1109156191967A9DACE04EFFFFFFFFFFC7FFF000241162B3043732440BF73D6
10C840295C3B82FD05108D7719164FA9FAD104EFFFFFFFFFFC7FFF000257162B3143732440BF73EE
10C5FB2958E782FD41108AE4191442AA0AD304CFFFFFFFFFFC7FFF00025B162B3143732440BF7306
10C42D29565182FD79108960191306AA1AD404EFFFFFFFFFFC8FFF00025F162B3243732540BF731E
10C3102954A782FDCF108852191225AA2AD604EFFFFFFFFFFC7FFF00025E162B3243732540BF7336
10C1A529529882FE321086FB191113AA3AD804EFFFFFFFFFFC9FFF000258162B3243732540BF634E
10BFE229502582FE80108502190F92AA4ADA04DFFFFFFFFFFC9FFF00023E162B3343732540BF7366
10BEDD294EA482FEC8108404190EC3AA7ADB04EFFFFFFFFFFC9FFF00024A162B3343732640BF637E
10BE27294D9382FF20108377190E4AAA9ADC04DFFFFFFFFFFC9FFF000242162B3343732640BF6396
10BBAF294A1382FF7D108138190C88AA9ADC04EFFFFFFFFFFC9FFF000237162B3443732640BF63AE
10B98A29471A82FFCD107EB5190A9AAA8ADD04EFFFFFFFFFFC9FFF00022E162B3443732740BF63C6
10B86C294566830009107D8B1909A2AAAADD04EFFFFFFFFFFC9FFF00022A162B3543732740BF63DE
10B38C293E6E83004F1078AD1905D1AAAADB04EFFFFFFFFFFC7FFF000226162B3543732740BF63F6
10AFF82939678300AF10758F19035DAAAADB04CFFFFFFFFFFC7FFF000214162B3543732840BF630E
10AD4629355983010F10731119014DAAFADE04DFFFFFFFFFFC9FFF000206162B3643732840BF6326
10A53E2929FB830169106B1118FB0BAB3AE204DFFFFFFFFFFC8FFF000201162B3643732840BF633E
10A2DF29269E8301B310681718F8B7AB6AE504DFFFFFFFFFFC8FFF0001F1162B3743732840BF6356
10A1E52925268301F510674618F80AAB7AE704DFFFFFFFFFFC8FFF0001F5162B3743732940BF636E
10A0EB2923B383024810669418F771AB7AE904BFFFFFFFFFFC9FFF000202162B3743732940BF6386
109F4529214E8302A910651018F637AB8AEA04DFFFFFFFFFFC9FFF0001FA162B3843732940BF639E
109D72291EA38302F410628A18F434ABBAEB04EFFFFFFFFFFC9FFF0001F6162B3843732A40BF63B6
109A61291A3183032D105F2618F18EABDAEB04DFFFFFFFFFFC9FFF0001F8162B3943732A40BF63CE
1096FB29156F830384105CCE18EFAFABFAED04CFFFFFFFFFFC8FFF0001F9162B3943732A40BF63E6
1096082914088303F0105BDB18EEEAABDAEE04DFFFFFFFFFFC8FFF0001FA162B3943732A40BF63FE
10948F2911D7830444105A4F18EDA6ABBAEE04DFFFFFFFFFFC8FFF0001F2162B3A43732B40BF6316
1093F02910DA83047E10596218ECE0ABCAEE04CFFFFFFFFFFC9FFF0001FA162B3A43732B40BF632E
10930C290F8F8304C91058DA18EC6FABEAEF044FFFFFFFFFFC9FFF0001FA162B3A43732B40BF6346
109268290E9D83052610584B18EBF9ABEAF1043FFFFFFFFFFC9FFF0001F0162B3B43732C40BF635E
10918C290D5783057E10576F18EB43ABEAF1043FFFFFFFFFFC9FFF0001FB162B3B43732C40BF6376
108FD1290AAE8305CF1055F418EA05ABEAF0044FFFFFFFFFFC8FFF0001F4162B3C43732C40BF638E
1085FB28FCB2830621104BE718E21AABFAEF042FFFFFFFFFFC8FFF0001FE162B3C43732D40BF63A6
1081D628F6B783066F1047DA18DEE8ABFAF2044FFFFFFFFFFC9FFF0001FE162B3C43732D40BF63BE
107EF228F2798306C510451718DCA9ABFAF3048FFFFFFFFFFC8FFF0001F3162B3D43732D40BF63D6
107DEC28F0FF83072310441118DBD7AC0AF4043FFFFFFFFFFC8FFF0001F9162B3D43732D40BF63EE
107D0E28EFB283077C10433218DB21AC4AF4042FFFFFFFFFFC8FFF0001EF162B3D43732E40BF6306
107B4B28ED108307C31040EB18D948AC5AF5045FFFFFFFFFFC8FFF0001FA162B3E43732E40BF631E
10794E28EA17830801103EB718D781AC5AF6042FFFFFFFFFFC9FFF0001F7162B3E43732E40BF6336
1074E928E3A683084C103B5F18D4C2AC7AF7041FFFFFFFFFFC8FFF0001FC162B3F43732F40BF634E
106CCC28D8378308B810333E18CE67AC8AF7044FFFFFFFFFFC8FFF0001FB162B3F43732F40BF6366
106BC828D69783092410322818CD76AC7AF7043FFFFFFFFFFC9FFF0001F4162B3F43732F40BF537E
106BA628D64583096110320118CD43AC9AF8044FFFFFFFFFFC8FFF0001F4162B4043733040BF6396
1069E428D38283099C10304718CBCCACDAF9043FFFFFFFFFFC9FFF0001F8162B4043733040BF63AE
10655C28CCF08309FA102BFA18C85BACBAFA042FFFFFFFFFFC8FFF0001FC162B4043733040BF63C6
1062D228C956830A5110294118C632ACBAFD04EFFFFFFFFFFC9FFF0001FC162B4143733140BF53DE
1061B228C79B830A931027C718C4FDACCAFE04EFFFFFFFFFFC8FFF0001F2162B4143733140BF53F6
105F0C28C3B7830ADB10255418C303ACDAFF04DFFFFFFFFFFC6FFF0001FA162B4243733140BF530E
105CE828C0A0830B3710238D18C191AD0B0004EFFFFFFFFFFC9FFF0001F9162B4243733140BF4326
105ACD28BD80830BA010217718BFDEAD3B02048FFFFFFFFFFC9FFF0001E3162B4243733240BF533E
10595A28BB5D830BF8101FE718BE97AD8B05043FFFFFFFFFFC9FFF0001F5162B4343733240BF5356
1058CC28BA85830C2F101F6018BE27ADCB06045FFFFFFFFFFC8FFF0001F2162B4343733240BF436E
10583A28B9AB830C63101ED018BDB2ADBB07042FFFFFFFFFFC7FFF0001FE162B4343733340BF4386
1056DF28B7BD830CB4101D8818BCB1ADBB09049FFFFFFFFFFC9FFF0001F7162B4443733340BF439E
1054F028B4E8830D16101BC618BB46ADFB0A04EFFFFFFFFFFC8FFF0001F1162B4443733340BF43B6
1051FD28B0AA830D781018C018B8DDAE1B0C04EFFFFFFFFFFC8FFF0001F4162B4543733440BF43CE
10508B28AE6C830DD610175918B7ABAE4B0E04EFFFFFFFFFFC8FFF0001EA162B4543733440BF43E6
104DFD28AAAD830E1A10146D18B558AE7B1204DFFFFFFFFFFC8FFF0001F9162B4543733440BF43FE
104AC828A617830E4710122218B37BAEBB1504AFFFFFFFFFFC9FFF0001FF162B4643733540BF4316
10490428A361830E8C100FDF18B1A5AEFB1904EFFFFFFFFFFC7FFF000200162B4643733540BF432E
10473A28A0C3830EF5100E1618B02FAF1B1B04EFFFFFFFFFFC7FFF0001F3162B4643733540BF4346
104617289F0E830F5A100CF218AF3CAF3B1E04EFFFFFFFFFFC8FFF0001F2162B4743733540BF435E
104582289E25830F95100C6618AEC3AF4B2004EFFFFFFFFFFC8FFF0001F3162B4743733640BF4376
1044B9289CF9830FCB100B9718AE1AAF5B2204CFFFFFFFFFFC9FFF0001FE162B4843733640BF438E
1043B0289B6683102A100AAB18AD5AAF7B2404DFFFFFFFFFFC9FFF0001FD162B4843733640BF43A6
103F8728956583109610068418AA05AFBB2604CFFFFFFFFFFC9FFF0001F1162B4843733740BF43BE
103E1E2893498310CB10056F18A928AFFB2A04CFFFFFFFFFFC9FFF0001FC162B4943733740BF43D6
103D5828921C8310E810049918A866B02B2D04DFFFFFFFFFFC8FFF000202162B4943733740BF43EE
103BCA288FBA8311401002DE18A701B05B3004DFFFFFFFFFFC9FFF000204162B4943733840BF4306
10376D2889608311BE0FFE9E18A392B06B3104DFFFFFFFFFFC8FFF0001FF162B4A43733840BF431E
10357228867B83120F0FFC6A18A1D5B07B3304DFFFFFFFFFFC8FFF0001F2162B4A43733840BF4336
10339A2883C883122D0FFBC518A139B07B3404CFFFFFFFFFFC8FFF0001FC162B4B43733940BF434E
10313728803B8312660FF83B189E6AB09B3504EFFFFFFFFFFC8FFF000201162B4B43733940BF4366
102F45287D6C8312CB0FF66A189CF1B0BB3504EFFFFFFFFFFC8FFF000205162B4B43733940BF337E
102D66287AA58313270FF469189B4DB0BB3604CFFFFFFFFFFC9FFF000204162B4C43733A40BF3396
102B0A28771B8313580FF2C31899F4B0BB3504EFFFFFFFFFFC8FFF0001F9162B4C43733A40BF43AE
1027EB2872838313920FEF171896FCB0CB3504CFFFFFFFFFFC9FFF000202162B4D43733A40BF43C6
1024A5286DCA8313F30FEBFD18947DB09B3504EFFFFFFFFFFCAFFF000201162B4D43733B40BF33DE
10235B286BE08314540FEA8F189351B09B3504EFFFFFFFFFFC9FFF0001F7162B4D43733B40BF33F6
1022E9286B2D8314920FEA2D1892FBB0AB3604CFFFFFFFFFFCAFFF000201162B4E43733B40BF330E
102271286A6E8314C70FE9CA1892A8B0DB3604CFFFFFFFFFFCAFFF000204162B4E43733B40BF3326
10211C28687283150A0FE85E189179B0DB3604AFFFFFFFFFFC9FFF0001FF162B4E43733C40BF233E
1020BE2867EF8315530FE806189136B0EB3704EFFFFFFFFFFC9FFF0001EB162B4F43733C40BF3356
10204428673C8315B20FE7941890D9B0EB3604FFFFFFFFFFFC8FFF000203162B4F43733C40BF336E
101FDC2866A48316110FE73E189093B0DB3704CFFFFFFFFFFC8FFF000201162B5043733D40BF2386
101F6B2865F58316560FE68C189002B0FB3804DFFFFFFFFFFC8FFF000203162B5043733D40BF239E
101F0728656083168F0FE645188FC7B11B3904DFFFFFFFFFFC8FFF0001FF162B5043733D40BF33B6
101E8D2864AA8316D30FE5B6188F55B11B3A04CFFFFFFFFFFC8FFF00020A162B5143733E40BF33CE
101C622861878317210FE3C2188DBFB0EB3B04CFFFFFFFFFFC8FFF000203162B5143733E40BF23E6
1019B0285D8983177B0FE138188BB8B11B3B04DFFFFFFFFFFC9FFF00020D162B5243733E40BF23FE
101907285C9E8317D90FE070188B14B14B3B04DFFFFFFFFFFC9FFF000205162B5243733F40BF3316
1018D9285C4E8318220FE007188AB9B13B3C04EFFFFFFFFFFC8FFF000208162B5243733F40BF232E
1017CF285AC08318590FDEEB1889D3B15B3E04CFFFFFFFFFFC8FFF00020C162B5343733F40BF3346
1016A62859068318950FDDD41888F1B17B3F04FFFFFFFFFFFCAFFF00021B162B5343734040BF235E
10150E2856AD8318EC0FDC9C1887EEB18B3F049FFFFFFFFFFC9FFF00021F162B5343734040BF2376
1013162853B883194E0FDAF7188698B1AB4004FFFFFFFFFFFC9FFF00021A162B5443734040BF238E
10109A28503183199A0FD7D618841BB1CB4204CFFFFFFFFFFC9FFF000223162B5443734040BF23A6
10104C284FA98319D10FD7941883E1B1EB4404EFFFFFFFFFFC8FFF000225162B5543734140BF23BE
100EC1284D64831A1B0FD6561882DAB1EB4504FFFFFFFFFFFC8FFF000236162B5543734140BF23D6
100D05284AD7831A750FD4B2188185B1DB4604AFFFFFFFFFFC9FFF000234162B5543734140BF23EE
1009A52845E0831AC80FD16E187EDEB1BB4704DFFFFFFFFFFC9FFF000246162B5643734240BF2306
100870284412831B1A0FD01B187DC7B1DB4604BFFFFFFFFFFC8FFF00024F162B5643734240BF231E
1007BA2842ED831B610FCF0B187CE1B1BB4604EFFFFFFFFFFC8FFF000254162B5643734240BF2336
1007032841DA831B9D0FCE76187C61B1AB4404DFFFFFFFFFFC8FFF000270162B5743734340BF234E
10063C2840A3831BED0FCDF0187BEAB17B42047FFFFFFFFFFC8FFF00027D162B5743734340BF2366
100347283C20831C4A0FCB3A1879AAB16B41041FFFFFFFFFFCBFFF000287162B5843734340BF237E
0FFF1A28360D831CA90FC70A18764AB16B40042FFFFFFFFFFC8FFF000293162B5843734340BF2396
0FFAE4282FDC831CF70FC26218728CB16B40045FFFFFFFFFFC8FFF0002B8162B5843734440BF23AE
0FF83E282BF0831D2F0FBF64187021B16B3F042FFFFFFFFFFC8FFF0002CF162B5943734440BF23C6
0FF6D42829CF831D640FBEB4186F82B14B3D044FFFFFFFFFFC8FFF0002D9162B5943734540BF23DE
0FF6482828FA831DB90FBE16186EF9B12B3B043FFFFFFFFFFC8FFF0002F3162B5943734540BF23F6
0FF56B282791831E270FBD70186E64B0EB39043FFFFFFFFFFC9FFF0002F4162B5A43734540BF230E
0FF2CB2823A6831E820FBAC0186C2CB0CB38044FFFFFFFFFFC9FFF000312162B5A43734540BF2326
0FF15728218C831EB80FB8C6186A9CB0DB38045FFFFFFFFFFC8FFF000322162B5B43734640BF233E
0FEFE0281F5F831EF10FB78F18699FB0FB37045FFFFFFFFFFC8FFF000331162B5B43734640BF2356
0FED84281BDB831F470FB5991867FBB0EB36043FFFFFFFFFFC8FFF000330162B5B43734640BF236E
0FEC3A2819DE831FA40FB45C1866F0B0FB3604DFFFFFFFFFFC9FFF000311162B5C43734740BF2386
0FE9B42815FA831FE80FB0EB18641DB0FB3504EFFFFFFFFFFC8FFF0002ED162B5C43734740BF239E
0FE26E280B4C83202B0FAA0F185E95B0EB3604BFFFFFFFFFFC9FFF0002E1162B5C43734740BF23B6
0FDD3228037283208C0FA582185AC4B0EB3704DFFFFFFFFFFCAFFF0002D1162B5D43734840BF13CE
0FDB732800DD8320EA0FA3A9185940B0EB3804CFFFFFFFFFFC9FFF0002D8162B5D43734840BF03E6
0FDACF27FFBC8321220FA2BA18586FB0EB38047FFFFFFFFFFC6FFF0002DF162B5D43734840BF13FE
0FD99827FDEF83215F0FA1B018578EB11B38043FFFFFFFFFFC8FFF0002FF162B5E43734840BF1316
0FD56E27F7818321B30F9E501854B6B11B38041FFFFFFFFFFC8FFF000309162B5E43734940BF232E
0FCA6427E71F83220F0F9374184BD8B11B39043FFFFFFFFFFC8FFF0002FD162B5F43734940BF0346
0FC0ED27D8FF83226E0F89F3184409B13B3B042FFFFFFFFFFC7FFF0002EF162B5F43734940BF135E
0FBFA427D7098322AF0F87FD18425FB18B3E045FFFFFFFFFFC7FFF0002E9162B5F43734A40BF0376
0FBF5827D6678322DC0F87D7184224B1CB42043FFFFFFFFFFC8FFF0002F3162B6043734A40BF138E
0FBA0427CE5F83232A0F82DE183E16B20B46041FFFFFFFFFFC9FFF0002F4162B6043734A40BF03A6
0FB63027C8A783239E0F7F24183AFBB20B4A046FFFFFFFFFFC9FFF0002EF162B6043734B40BF03BE
0FB47E27C6198324000F7D53183976B23B4C043FFFFFFFFFFC8FFF0002E6162B6143734B40BF03D6
0FB3BA27C4E283242B0F7CAC183901B27B4E042FFFFFFFFFFC9FFF0002ED162B6143734B40BF03EE
0FB35327C4418324420F7C6518389CB2AB51044FFFFFFFFFFC8FFF0002FF162B6243734C40BF0306
0FB31C27C3E08324840F7BDF183832B2CB52040FFFFFFFFFFC8FFF0002F9162B6243734C40BF031E
0FB1ED27C2298324FF0F7A96183726B2DB52044FFFFFFFFFFC8FFF0002E3162B6243734C40BF0336
0FB1EB27C2248325700F7AB9183744B2DB52046FFFFFFFFFFC8FFF0002DC162B6343734C40BF034E
0FB1E027C20F8325A20F7AAB183730B2DB54043FFFFFFFFFFC8FFF0002DE162B6343734D40BF0366
0FAFE827BF018325C00F79AB183652B2FB5503FFFFFFFFFFFC8FFF0002DF162B6443734D40BF037E
0FAE0227BC498326050F76ED183426B2FB55045FFFFFFFFFFC7FFF0002CB162B6443734E40BF0396
0FADAE27BBD48326650F766A1833B7B31B56046FFFFFFFFFFC7FFF0002B1162B6443734E40BF03AE
0FAD3A27BB208326BD0F75B4183324B33B57043FFFFFFFFFFC8FFF0002BE162B6543734E40BF03C6
0FAC2727B97B83270B0F75241832AAB33B58046FFFFFFFFFFC8FFF0002BA162B6543734E40BF03DE
0FAAAA27B74A8327550F737818314EB35B59041FFFFFFFFFFC8FFF0002AD162B6543734F40BF03F6
0FAAAD27B74E8327AB0F7332183113B35B5A047FFFFFFFFFFC7FFF0002AA162B6643734F40BF030E
0FA9F627B63C8327FA0F72DE1830D0B35B5A041FFFFFFFFFFC8FFF000297162B6643735040BF0326
0FA94D27B52E8328390F71DB182FF5B36B5A047FFFFFFFFFFC9FFF000276162B6743735040BEF33E
0FA88227B3FC8328780F7132182F6AB37B5B040FFFFFFFFFFC9FFF000282162B6743735040BF0356
0FA76027B24F8328C20F7043182EA1B36B5D044FFFFFFFFFFC9FFF000282162B6743735140BF036E
0FA64727B0AE83291C0F6F37182DC6B36B5C04FFFFFFFFFFFC8FFF00027C162B6843735140BF0386
0FA58027AF748329790F6E86182D2EB36B5C04CFFFFFFFFFFC8FFF000255162B6843735140BF039E
0FA40D27AD468329C70F6CF0182BDFB36B5C04EFFFFFFFFFFC8FFF000241162B6943735140BF03B6
0FA36527AC45832A000F6C20182B2DB38B5C04CFFFFFFFFFFC8FFF00023B162B6943735240BEF3CE
0FA25327AAA9832A3A0F6B05182A48B3AB5D04EFFFFFFFFFFC8FFF000240162B6943735240BF03E6
0FA13827A903832A810F6A1E18298BB3AB5E04BFFFFFFFFFFCAFFF000253162B6A43735240BF03FE
0F9F9627A699832AD30F68A2182856B3AB5E04BFFFFFFFFFFC8FFF00024B162B6A43735340BF0316
0F9DC727A3F0832B2B0F66E11826E8B3AB5F04FFFFFFFFFFFC8FFF000256162B6A43735340BEF32E
0F9CE827A298832B740F65BF1825F4B3CB6004FFFFFFFFFFFC9FFF000250162B6B43735340BEF346
0F9BDE27A0FA832BB90F64BE18251CB3CB6104AFFFFFFFFFFC9FFF00025D162B6B43735440BF035E
0F9A47279E8E832C090F63631823FAB3DB6204DFFFFFFFFFFC9FFF000265162B6C43735440BEF376
0F9943279D0A832C550F6240182307B3DB6204CFFFFFFFFFFC9FFF000264162B6C43735440BEF38E
0F98D8279C60832C950F61C418229CB3DB62050FFFFFFFFFFC9FFF000277162B6C43735540BEF3A6
0F984E279B8E832CC70F615418223FB3CB6204BFFFFFFFFFFC8FFF000273162B6D43735540BEF3BE
0F9799279A80832D030F60961821A5B3FB6304CFFFFFFFFFFC8FFF000281162B6D43735540BEF3D6
0F963F27988E832D5B0F5F751820BFB40B6404BFFFFFFFFFFC9FFF00029A162B6E43735640BEF3EE
0F94F72796A7832DC10F5E2D181FB5B41B6504FFFFFFFFFFFC9FFF0002A8162B6E43735640BEF306
0F94542795B0832E190F5D6F181F17B42B6704DFFFFFFFFFFC9FFF0002BC162B6E43735640BEE31E
0F93E7279508832E500F5D00181EB8B40B6604DFFFFFFFFFFC9FFF0002D7162B6F43735740BEE336
0F93A427949D832E760F5CF7181EA9B41B6604FFFFFFFFFFFC8FFF000304162B6F43735740BEE34E
0F937E279460832EAB0F5CA3181E68B42B6604DFFFFFFFFFFC8FFF000317162B7043735740BEE366
0F927C2792DD832F020F5BBC181DAAB41B6604BFFFFFFFFFFC8FFF000324162B7043735840BEE37E
0F91052790A6832F5F0F5A3D181C67B41B6704DFFFFFFFFFFC8FFF00032A162B7043735840BEE396
0F8EE7278D79832FA60F57F8181A8AB42B68052FFFFFFFFFFC8FFF000331162B7143735840BEE3AE
0F8D65278B3C832FEE0F568F181964B43B69049FFFFFFFFFFC9FFF00031C162B7143735940BEE3C6
0F8C4427898A8330440F5592181896B44B6A04EFFFFFFFFFFC9FFF0002EA162B7243735940BEE3DE
0F8BB62788B38330870F54D71817F7B45B6B04BFFFFFFFFFFC9FFF0002FB162B7243735940BEE3F6
0F8B252787CE8330AB0F54C61817E0B46B6C04CFFFFFFFFFFC9FFF000323162B7243735A40BEE30E
0F89A72785858330E00F5302181672B48B6D049FFFFFFFFFFC8FFF000357162B7343735A40BEE326
0F86D727816E83314D0F503818142BB48B6D04DFFFFFFFFFFC7FFF00035A162B7343735A40BEE33E
0F85C0277FC78331BA0F4F14181339B48B6D04EFFFFFFFFFFC8FFF000347162B7343735A40BEE356
0F855F277F178331D80F4EEF181308B48B6D04CFFFFFFFFFFC7FFF000347162B7443735B40BEE36E
0F8506277E8B8331ED0F4E7E1812ABB4AB6E03FFFFFFFFFFFC7FFF00033E162B7443735B40BEE386
0F83B6277C948332420F4D27181193B4DB6E041FFFFFFFFFFC7FFF000323162B7543735C40BEE39E
0F8211277A2C8332B00F4B7B18103BB4CB6F045FFFFFFFFFFC8FFF000311162B7543735C40BEE3B6
0F811A2778AF8332EF0F4A83180F6CB4CB6F046FFFFFFFFFFC8FFF0002FB162B7643735C40BEE3CE
0F804A27776E8333100F4A2A180F15B4CB6F03FFFFFFFFFFFC8FFF0002E8162B7643735C40BEE3E6
0F7F752776228333500F48E6180E0FB4DB6F043FFFFFFFFFFC8FFF0002C8162B7643735D40BEE3FE
0F7D5B2772F48333B50F46E0180C5EB4EB70044FFFFFFFFFFC9FFF0002B9162B7743735D40BEE316
0F7CA32771E48333FF0F4610180BB3B4CB70049FFFFFFFFFFC8FFF0002A8162B7743735D40BEE32E
0F7C5A27716B8334210F460C180BA5B4CB70054FFFFFFFFFFC8FFF00029E162B7843735E40BEE346
0F7BA627704E83345B0F450D180AD3B4DB70051FFFFFFFFFFC9FFF000291162B7843735E40BEE35E
0F7977276D158334B50F430818092EB4DB7104DFFFFFFFFFFC8FFF000288162B7843735E40BED376
0F78FF276C538334FD0F42701808ACB4EB71050FFFFFFFFFFCAFFF00026D162B7943735F40BEE38E
0F7820276AFF83351F0F423F18087AB4EB7104FFFFFFFFFFFC9FFF00028B162B7943735F40BEE3A6
0F774B2769C28335570F40DA18075AB4DB7104CFFFFFFFFFFC8FFF00028E162B7A43735F40BEE3BE
0F768027689A8335B40F400D1806B4B4EB7104DFFFFFFFFFFC8FFF00028A162B7A43736040BED3D6
0F75EA2767B583360B0F3F6E18062FB50B7204FFFFFFFFFFFC7FFF00027C162B7A43736040BED3EE
0F75762767058336360F3F281805F2B4FB72045FFFFFFFFFFC8FFF000288162B7B43736040BED306
0F752B27669583364D0F3EE41805B6B4EB71046FFFFFFFFFFC8FFF000294162B7B43736040BED31E
0F747D27658983368C0F3E0C18050AB4FB71040FFFFFFFFFFC8FFF00029E162B7C43736140BEC336
0F733E2763AD8336F60F3CDA18040BB51B72046FFFFFFFFFFC8FFF000295162B7C43736140BEC34E
0F72A72762C983373E0F3C3C18038AB50B72043FFFFFFFFFFC7FFF0002A0162B7D43736140BEC366
0F71F42761AD8337580F3C15180363B4FB72046FFFFFFFFFFC9FFF0002A7162B7D43736240BEC37E
0F716A2760DC83378D0F3B0118027EB4FB7303FFFFFFFFFFFC9FFF0002AE162B7D43736240BEC396
0F6FFC275EA78337E30F39C7180177B4FB74049FFFFFFFFFFC8FFF0002AF162B7E43736240BEC3AE
0F6D72275AFB83383B0F372117FF55B4FB74046FFFFFFFFFFC8FFF0002B1162B7E43736340BEC3C6
0F6D6F275AE683386A0F373D17FF65B51B74048FFFFFFFFFFC8FFF0002B3162B7F43736340BEC3DE
0F6D56275AC183387D0F370F17FF39B51B74048FFFFFFFFFFC7FFF0002B3162B7F43736340BEC3F6
0F6D3B275A948338BC0F36CF17FF07B50B7504AFFFFFFFFFFC8FFF0002C5162B8043736440BEC30E
0F6C7D2759718339220F362B17FE7FB50B76054FFFFFFFFFFC8FFF0002C4162B8043736440BEC326
0F6BFF2758BA8339720F359017FDFFB53B76051FFFFFFFFFFC9FFF0002B9162B8043736440BEC33E
0F6BA927583983399C0F357717FDE7B52B76055FFFFFFFFFFC9FFF0002C4162B8143736440BEC356
0F6B542757B28339C90F350817FD8CB53B76042FFFFFFFFFFC8FFF0002CD162B8143736540BEC36E
0F6A8227566F833A0D0F342B17FCD7B52B76047FFFFFFFFFFC8FFF0002CC162B8243736540BEC386
0F6987275507833A590F333A17FC15B53B76042FFFFFFFFFFC8FFF0002D9162B8243736640BEC39E
0F69582754BB833A940F330617FBE6B53B76049FFFFFFFFFFC9FFF0002DD162B8243736640BEC3B6
0F69552754B3833ACD0F32FB17FBDFB52B77042FFFFFFFFFFC9FFF0002E1162B8343736640BEC3CE
0F68E6275413833B1D0F32A817FB9BB50B7704AFFFFFFFFFFC9FFF0002FA162B8343736640BEB3E6
0F68052752C0833B6E0F317617FA9DB51B77047FFFFFFFFFFC8FFF000308162B8443736740BEB3FE
0F6628274FE1833B9E0F304D17F9A8B51B7804EFFFFFFFFFFC8FFF00031B162B8443736740BEC316
0F63B8274C4B833BCB0F2DC417F791B52B7904DFFFFFFFFFFC8FFF00032B162B8543736740BEB32E
0F618D274906833BFD0F2B2D17F57AB53B79050FFFFFFFFFFC8FFF00034F162B8543736840BEB346
0F5F682745C7833C410F291E17F3BEB53B7A04CFFFFFFFFFFC8FFF000361162B8543736840BEB35E
0F5E142743A5833CA50F280E17F2CBB55B7A052FFFFFFFFFFC8FFF000378162B8643736840BEB376
0F5AFC273EF9833CF60F24AC17F003B56B7A04EFFFFFFFFFFC8FFF000394162B8643736940BEB38E
0F588F273B5F833D090F247517EFACB56B7B04DFFFFFFFFFFC8FFF0003B3162B8743736940BEB3A6
0F576A273995833D270F218517ED64B57B7B049FFFFFFFFFFC8FFF0003D5162B8743736940BEB3BE
0F52FD2732D6833D740F1D3217E9C6B59B7C04FFFFFFFFFFFC8FFF0003E7162B8743736A40BEB3D6
0F4FDB272E28833DD50F19EE17E713B5AB7D045FFFFFFFFFFCAFFF000402162B8843736A40BEB3EE
0F4F4E272D47833E240F194A17E683B5BB7F04CFFFFFFFFFFC9FFF000411162B8843736A40BEB306
0F4EC1272C56833E5B0F18B617E5FEB5BB7F040FFFFFFFFFFC9FFF000426162B8943736A40BEB31E
0F4DD9272AE0833E870F180817E55FB5CB7F049FFFFFFFFFFC8FFF00043F162B8943736B40BEB336
0F4A9C272608833EC40F144517E253B5DB80049FFFFFFFFFFC8FFF00044B162B8A43736B40BEB34E
0F48872722F3833F0C0F128A17E0E1B5FB80045FFFFFFFFFFC9FFF00045F162B8A43736C40BEA366
0F47FD272210833F530F121217E074B61B81050FFFFFFFFFFC9FFF000471162B8A43736C40BEB37E
0F47B0272195833F9D0F11D317E03BB62B8204CFFFFFFFFFFC8FFF000479162B8B43736C40BEB396
0F4768272126833FEB0F118617DFFAB62B83059FFFFFFFFFFC8FFF00047C162B8B43736C40BEA3AE
0F475627210183402D0F115017DFC9B63B8404BFFFFFFFFFFC9FFF000493162B8C43736D40BEB3C6
0F4643271F618340630F104E17DEF3B62B8504DFFFFFFFFFFC8FFF000499162B8C43736D40BEA3DE
0F4534271DC58340A40F0F2C17DE05B61B85058FFFFFFFFFFC8FFF00048A162B8C43736D40BEA3F6
0F430C271A788340E70F0CAE17DBF3B62B85053FFFFFFFFFFC7FFF000484162B8D43736E40BEA30E
0F40BF2717098341310F0AE917DA7AB65B8604BFFFFFFFFFFC8FFF000474162B8D43736E40BEA326
0F40202716198341850F0A5D17DA02B65B86054FFFFFFFFFFC9FFF00045A162B8E43736E40BEA33E
0F3FF32715C78341C30F0A2917D9D3B67B87058FFFFFFFFFFC8FFF000454162B8E43736F40BEA356
0F3FB82715658341FD0F09DC17D98FB68B88056FFFFFFFFFFC8FFF000443162B8E43736F40BEA36E
0F3EB52713DE8342450F08E917D8C7B68B89056FFFFFFFFFFC8FFF00042D162B8F43736F40BEA386
0F3C8E27108D8342880F069417D6D5B67B89058FFFFFFFFFFC8FFF000424162B8F43737040BEA39E
0F3A21270CFA8342D10F046B17D50DB67B89056FFFFFFFFFFC8FFF00042C162B8F43737040BEA3B6
0F399A270C2383431F0F03F117D4A3B67B89057FFFFFFFFFFC8FFF000424162B9043737040BEA3CE
0F3934270B848343680F037C17D43FB68B8904FFFFFFFFFFFC8FFF000436162B9043737040BEA3E6
0F38C2270AD483439F0F032217D3F1B6AB8904FFFFFFFFFFFC8FFF000448162B9143737140BEA3FE
0F38032709A38343D10F024417D336B6AB8A052FFFFFFFFFFC8FFF00045D162B9143737140BEA316
0F35B82706308344210F003217D182B6AB8B050FFFFFFFFFFC9FFF00045D162B9143737240BEA32E
0F33B827032B83447E0EFE2A17CFCFB69B8B04FFFFFFFFFFFC9FFF000465162B9243737240BEA346
0F33712702B48344C00EFDA617CF5CB6AB8B04FFFFFFFFFFFC8FFF00047C162B9243737240BEA35E
0F325B2701008344FE0EFC9217CE74B6BB8B054FFFFFFFFFFC8FFF00048E162B9343737240BE9376
0F30DF26FEC78345430EFAFA17CD25B6CB8C057FFFFFFFFFFC8FFF00049B162B9343737340BEA38E
0F2FA926FCED8345780EF9E517CC3AB6DB8D05AFFFFFFFFFFC8FFF0004BA162B9343737340BE93A6
0F2ECB26FB988345AA0EF94017CBA9B6DB8D058FFFFFFFFFFC8FFF0004C8162B9443737340BEA3BE
0F2CF726F8C68345FB0EF79417CA46B6DB8D057FFFFFFFFFFC8FFF0004D2162B9443737440BEA3D6
0F2AE326F5A58346600EF57817C882B6DB8E05CFFFFFFFFFFC8FFF0004CD162B9543737440BE93EE
0F29CB26F3F78346B80EF45B17C793B6DB8E058FFFFFFFFFFC8FFF0004DC162B9543737440BE9306
0F28DA26F2848346E40EF3A317C6FBB6FB8E058FFFFFFFFFFC8FFF0004ED162B9543737440BE931E
0F286726F1C68346FD0EF36317C6B5B6FB8E058FFFFFFFFFFC8FFF000500162B9643737540BE9336
0F26BE26EF3883472F0EF16C17C518B70B8F058FFFFFFFFFFC8FFF00050A162B9643737540BE934E
0F230026E9838347830EEDF217C233B6FB8F058FFFFFFFFFFC8FFF000513162B9743737640BE9366
0F1E6026E2808347DB0EE93617BE43B6FB90058FFFFFFFFFFC8FFF000502162B9743737640BE837E
0F1C1D26DF0C8348270EE6D917BC46B72B91058FFFFFFFFFFC8FFF000503162B9743737640BE9396
0F1A7826DC788348620EE4B917BA78B74B92058FFFFFFFFFFC8FFF000504162B9843737640BE93AE
0F178A26D7E483489C0EE1F217B821B75B94058FFFFFFFFFFC8FFF000514162B9843737740BE83C6
0F14E626D3E78348DC0EDF4417B5DEB76B95058FFFFFFFFFFC9FFF000500162B9843737740BE83DE
0F13F626D26783490F0EDE5E17B515B76B9605DFFFFFFFFFFC8FFF000486162B9943737740BE83F6
0F117226CE7C8349540EDC5517B35BB76B96060FFFFFFFFFFC8FFF000459162B9943737840BE830E
0F0DC726C8FF8349AE0ED8E917B085B76B9605BFFFFFFFFFFC8FFF00048E162B9A43737840BE8326
0F0CA126C72D8349F40ED76117AF39B77B97058FFFFFFFFFFC7FFF0004C4162B9A43737840BE833E
0F0B0E26C4BC834A240ED5EE17AE02B78B97058FFFFFFFFFFC7FFF0004D6162B9B43737840BE8356
0F097326C23D834A620ED4A417ACE5B79B98058FFFFFFFFFFC9FFF0004C8162B9B43737940BE836E
0F084126C06E834AB00ED36A17ABDEB79B99055FFFFFFFFFFC8FFF0004E3162B9B43737940BE8386
0F078E26BF5F834B000ED28C17AB22B7AB9A053FFFFFFFFFFC7FFF0004F8162B9C43737940BE839E
0F073626BECE834B450ED23717AAD7B7BB9B051FFFFFFFFFFC7FFF000509162B9C43737A40BE73B6
0F06EA26BE59834B7F0ED1BC17AA70B7DB9D051FFFFFFFFFFC8FFF0004FF162B9C43737A40BE73CE
0F069C26BDDF834BB60ED18217AA3FB7FB9E053FFFFFFFFFFC8FFF0004D2162B9D43737A40BE73E6
0F062B26BD38834BF60ED12417A9F0B7FB9F051FFFFFFFFFFC8FFF0004EE162B9D43737B40BE73FE
0F05D826BCBC834C4D0ED0E117A9B7B7EB9F051FFFFFFFFFFC8FFF000519162B9E43737B40BE7316
0F056B26BC19834CA60ED07717A960B7EB9F053FFFFFFFFFFC7FFF00051C162B9E43737B40BE732E
0F052726BBB4834CF20ED02517A91FB7FBA0058FFFFFFFFFFC8FFF00051D162B9E43737B40BE7346
0F04F226BB5F834D1A0ED01317A909B82BA1058FFFFFFFFFFC9FFF000522162B9F43737C40BE735E
0F04B426BAFE834D400ECFC917A8CCB82BA005BFFFFFFFFFFC8FFF000529162B9F43737C40BE7376
0F046126BA8E834D930ECF6D17A883B80BA005AFFFFFFFFFFC8FFF000527162BA043737D40BE738E
0F042F26BA46834E040ECF3D17A85EB7EBA105BFFFFFFFFFFC8FFF00051E162BA043737D40BE73A6
0F040726BA08834E520ECF0917A836B7FBA1058FFFFFFFFFFC8FFF00050E162BA043737D40BE73BE
0F03FB26B9F6834E700ECF1617A83DB80BA1059FFFFFFFFFFC8FFF000516162BA143737D40BE73D6
0F03F726B9EE834E9B0ECEFC17A82DB80BA1058FFFFFFFFFFC7FFF00051D162BA143737E40BE63EE
0F03D226B9C0834EEC0ECEDE17A815B81BA0059FFFFFFFFFFC8FFF000512162BA243737E40BE7306
0F036F26B92A834F480ECE8A17A7D0B82BA105BFFFFFFFFFFC8FFF00050E162BA243737E40BE631E
0F02E726B85D834F9B0ECDF217A754B82BA1059FFFFFFFFFFC7FFF000504162BA243737F40BE6336
0F02E026B854834FDA0ECDE617A74AB82BA2059FFFFFFFFFFC8FFF0004FD162BA343737F40BE734E
0F02D326B840834FF80ECDF217A752B82BA2059FFFFFFFFFFC9FFF0004F0162BA343737F40BE7366
0F028126B7AC83502A0ECD9A17A705B81BA2059FFFFFFFFFFC8FFF0004F0162BA443738040BE637E
0EFE1626B1058350900EC95217A37DB82BA205DFFFFFFFFFFC8FFF0004D1162BA443738040BE6396
0EFC0626ADE58350EC0EC73517A1BFB82BA3059FFFFFFFFFFC8FFF0004BD162BA443738040BE63AE
0EFB7726AD108351170EC68017A121B83BA3059FFFFFFFFFFCAFFF0004A4162BA543738040BE63C6
0EFAA926ABCA8351540EC5C917A088B84BA405AFFFFFFFFFFC8FFF00048E162BA543738140BE63DE
0EFA2A26AB118351AC0EC55517A027B85BA405BFFFFFFFFFFC8FFF000485162BA643738140BE63F6
0EFA2326AB068351F20EC54917A01AB85BA4059FFFFFFFFFFC9FFF000477162BA643738140BE630E
0EFA1E26AAF98352070EC56117A027B85BA5059FFFFFFFFFFC9FFF00046A162BA643738240BE6326
0EFA1226AAE48352370EC54117A013B86BA5059FFFFFFFFFFC9FFF000453162BA743738240BE633E
0EF95526A9D28352A70EC486179F7BB86BA6058FFFFFFFFFFC9FFF000449162BA743738240BE6356
0EF90B26A9698353110EC437179F3BB87BA605AFFFFFFFFFFC9FFF00043D162BA843738340BE636E
0EF90926A95F8353340EC43F179F40B87BA6053FFFFFFFFFFC8FFF000437162BA843738340BE6386
0EF90526A95A8353510EC432179F37B87BA6052FFFFFFFFFFC7FFF00040C162BA843738340BE639E
0EF8F126A93C8353870EC414179F21B87BA5052FFFFFFFFFFC7FFF0003E4162BA943738440BE63B6
0EF8C326A8FF8353D10EC3F1179F06B87BA6052FFFFFFFFFFC8FFF0003C4162BA943738440BE63CE
0EF89D26A8D18354390EC3D0179EEBB87BA6055FFFFFFFFFFC9FFF00036B162BA943738440BE63E6
0EF85426A86083548B0EC381179EB0B87BA6052FFFFFFFFFFC9FFF00034C162BAA43738540BE63FE
0EF83526A82F8354B00EC385179EB1B87BA7052FFFFFFFFFFC9FFF00032C162BAA43738540BE6316
0EF7CB26A78B8354D90EC304179E45B88BA7052FFFFFFFFFFC8FFF00033C162BAB43738540BE632E
0EF72B26A69C8355250EC25D179DBDB88BA705AFFFFFFFFFFC8FFF000375162BAB43738640BE6346
0EF5D126A49983558C0EC111179CADB88BA7059FFFFFFFFFFC8FFF000382162BAB43738640BE535E
0EF56226A3F68355D60EC0A3179C55B88BA7059FFFFFFFFFFC9FFF0003CD162BAC43738640BE5376
0EF53426A3AD8355E80EC0A3179C4EB89BA8059FFFFFFFFFFC9FFF000438162BAC43738740BE538E
0EF51B26A3878356140EC053179C12B89BA9059FFFFFFFFFFC8FFF0003AF162BAD43738740BE53A6
0EF4ED26A35283567E0EC02A179BF2B8ABA9059FFFFFFFFFFC8FFF00033D162BAD43738740BE53BE
0EF4B426A2FE8356E30EBFEE179BC5B89BAA059FFFFFFFFFFC9FFF00033E162BAD43738840BE53D6
0EF4A626A2E58357080EBFF3179BC8B89BAA059FFFFFFFFFFC9FFF000380162BAE43738840BE53EE
0EF49726A2CD83572A0EBFD5179BB0B8BBA9059FFFFFFFFFFC9FFF000412162BAE43738840BE5306
0EF47C26A2AB83576F0EBFBA179B9EB8ABA9059FFFFFFFFFFC9FFF000446162BAF43738940BE431E
0EF45426A2798357C30EBF93179B80B8ABA9059FFFFFFFFFFC9FFF00042B162BAF43738940BE4336
0EF41B26A2278358180EBF5B179B56B8ABA9059FFFFFFFFFFC7FFF00043C162BB043738940BE434E
0EF3E226A1D38358610EBF18179B20B8ABAA059FFFFFFFFFFC7FFF00044D162BB043738940BE4366
0EF3DF26A1CD8358970EBF07179B15B89BAB059FFFFFFFFFFC8FFF00044C162BB043738A40BE537E
0EF3B526A1968358D60EBEED179B00B8BBAB05DFFFFFFFFFFC7FFF0003CC162BB143738A40BE4396
0EF37F26A14C83591F0EBEBF179ADDB8BBAB059FFFFFFFFFFC7FFF000314162BB143738B40BE43AE
0EF32D26A0CF8359640EBE58179A89B8BBAA059FFFFFFFFFFC8FFF0002F9162BB243738B40BE43C6
0EF1ED269EE98359B40EBD2717998BB8CBAB05EFFFFFFFFFFC8FFF000350162BB243738B40BE43DE
0EF0D4269D458359FD0EBC0B1798A3B8CBAB059FFFFFFFFFFC7FFF0003AF162BB243738B40BE43F6
0EF045269C58835A360EBB171797D7B8BBAB059FFFFFFFFFFC6FFF0003FA162BB343738C40BE330E
0EEED9269A3C835A760EBA0B1796FBB8DBAB059FFFFFFFFFFC8FFF000441162BB343738C40BE3326
0EEE59269982835ABC0EB9A51796A5B8CBAC05CFFFFFFFFFFC8FFF00045D162BB343738C40BE433E
0EEE23269937835B080EB97217967CB8BBAC059FFFFFFFFFFC8FFF000406162BB443738D40BE3356
0EEE20269933835B600EB975179682B8DBAC059FFFFFFFFFFC8FFF0003AE162BB443738D40BE336E
0EEDF42698F3835BAB0EB94917965CB8EBAC05CFFFFFFFFFFC8FFF00037E162BB543738D40BE3386
0EEDEF2698ED835BD50EB94917965BB8DBAC059FFFFFFFFFFC6FFF0003AD162BB543738E40BE339E
0EEE08269913835C070EB954179669B8DBAB059FFFFFFFFFFC6FFF000427162BB543738E40BE33B6
0EEE09269920835C570EB958179671B8EBAC059FFFFFFFFFFC8FFF000475162BB643738E40BE33CE
0EEDE92698F9835CAC0EB93E17965EB8EBAD05CFFFFFFFFFFC8FFF000482162BB643738F40BE33E6
0EEDE72698F9835CF30EB935179659B8EBAD059FFFFFFFFFFC8FFF00048B162BB743738F40BE33FE
0EEDD82698E9835D320EB92C179655B8EBAD059FFFFFFFFFFC8FFF00048F162BB743738F40BE3316
0EEDA326989B835D770EB92017964DB90BAC059FFFFFFFFFFC8FFF0004AA162BB743738F40BE332E
0EED2B2697DE835DBC0EB88E1795D9B91BAD05BFFFFFFFFFFC8FFF0004BE162BB843739040BE3346
0EEC7E2696E5835E0A0EB7E6179550B91BAD058FFFFFFFFFFC8FFF0004C3162BB843739040BE335E
0EEBC82695DC835E5B0EB665179411B90BAD059FFFFFFFFFFC8FFF0004C9162BB943739040BE3376
0EEAF126948A835E8D0EB6461793F8B90BAD05AFFFFFFFFFFC8FFF0004D7162BB943739140BE238E
0EE98D26926C835EC20EB4E31792D1B8FBAD05AFFFFFFFFFFC7FFF0004D6162BB943739140BE23A6
0EE828269055835F1A0EB3A31791C7B8EBAE058FFFFFFFFFFC7FFF0004E2162BBA43739140BE23BE
0EE697268DE1835F7D0EB22B179088B8EBAE05AFFFFFFFFFFC8FFF0004DA162BBA43739240BE23D6
0EE498268AE4835FC30EAFF2178EB3B8FBAF058FFFFFFFFFFC8FFF0004DA162BBB43739240BE23EE
0EE45E268A87835FF00EAFCF178E90B90BB0059FFFFFFFFFFC8FFF0004E7162BBB43739240BE3306
0EE427268A2D8360200EAF89178E54B92BB1058FFFFFFFFFFC8FFF0004EF162BBB43739340BE231E
0EE3DD2689BF8360650EAF50178E28B92BB1058FFFFFFFFFFC7FFF0004F0162BBC43739340BE2336
0EE3D42689BD8360C20EAF47178E22B91BB205BFFFFFFFFFFC7FFF0004E2162BBC43739340BE234E
0EE3AC2689828361120EAF25178E06B91BB2058FFFFFFFFFFCAFFF0004F0162BBD43739340BE2366
0EE35D2689078361510EAECC178DBEB92BB2058FFFFFFFFFFCAFFF0004EB162BBD43739440BE237E
0EE2802687C28361A40EADEF178D0AB93BB1058FFFFFFFFFFC7FFF0004C6162BBD43739440BE2396
0EE2232687348361F10EAD97178CC2B92BB1058FFFFFFFFFFC7FFF000435162BBE43739440BE23AE
0EE1E62686D48362110EAD82178CAEB92BB1058FFFFFFFFFFC8FFF0003A9162BBE43739540BE23C6
0EE1A926867483623F0EAD24178C61B92BB1058FFFFFFFFFFC8FFF00033E162BBF43739540BE13DE
0EE1372685D78362900EACBB178C0EB91BB1058FFFFFFFFFFC8FFF000338162BBF43739540BE23F6
0EE1122685A28362F00EAC94178BEFB92BB105BFFFFFFFFFFC8FFF00037E162BBF43739640BE130E
0EE0D62685478363440EAC61178BC7B94BB2058FFFFFFFFFFC7FFF000345162BC043739640BE1326
0EE0C126852F8363860EAC3A178BA9B93BB3058FFFFFFFFFFC8FFF0002F7162BC043739640BE233E
0EE0A82685058363B70EAC1C178B91B93BB3058FFFFFFFFFFC8FFF000313162BC043739640BE2356
0EE09F2684FC8363E70EAC14178B8CB94BB305CFFFFFFFFFFC8FFF0002FC162BC143739740BE136E
0EE07A2684C983642F0EABFC178B7CB94BB4058FFFFFFFFFFC8FFF0002D7162BC143739740BE1386
0EE0652684B883648B0EABE3178B6AB95BB4058FFFFFFFFFFC9FFF0002C9162BC243739840BE139E
0EE0512684A18364E00EABD9178B67B97BB305AFFFFFFFFFFC8FFF0002AA162BC243739840BE13B6
0EDFB52683B183652E0EAB4E178AF5B96BB4058FFFFFFFFFFC6FFF000291162BC243739840BE03CE
0EDF7E26836683656E0EAB06178ABCB96BB4058FFFFFFFFFFC7FFF000272162BC343739840BE13E6
0EDF732683598365AF0EAAF1178AADB96BB505BFFFFFFFFFFC8FFF000277162BC343739940BE13FE
0EDF5C26833F8366010EAAE4178AA4B95BB5058FFFFFFFFFFC8FFF000268162BC343739940BE1316
0EDF072682BE8366520EAA90178A63B94BB5058FFFFFFFFFFC8FFF000258162BC443739940BE032E
0EDEAF26823E8366920EAA24178A0BB95BB5058FFFFFFFFFFC8FFF00025B162BC443739A40BE0346
0EDE072681438366D30EA98517898AB95BB4058FFFFFFFFFFC8FFF000259162BC543739A40BE135E
0EDD8426808283671F0EA921178939B97BB505AFFFFFFFFFFC8FFF000257162BC543739A40BE0376
0EDD17267FDF8367710EA8B01788DEB97BB5058FFFFFFFFFFC9FFF00024D162BC543739A40BDF38E
0EDCC0267F658367C40EA850178890B96BB6058FFFFFFFFFFC9FFF000259162BC643739B40BDF3A6
0EDC6B267EE08368140EA7EC17883FB98BB6058FFFFFFFFFFC8FFF000255162BC643739B40BDF3BE
0EDC44267EA18368190EA7F5178841B98BB605AFFFFFFFFFFC8FFF00025B162BC643739B40BE03D6
0EDC5B267EC28367F60EA7F1178838B98BB6058FFFFFFFFFFC8FFF00026C162BC743739C40BDF3EE
0EDC70267EDD8367D70EA80D17884CB98BB5058FFFFFFFFFFC8FFF000288162BC743739C40BE0306
0EDC81267EF38367C70EA819178854B97BB5058FFFFFFFFFFC8FFF0002B0162BC843739C40BDF31E
0EDC94267F0C8367C30EA82A178864B98BB5058FFFFFFFFFFC7FFF00036C162BC843739D40BDF336
0EDCAC267F308367AD0EA839178870B98BB5058FFFFFFFFFFC7FFF000476162BC843739D40BDF34E
0EDCC0267F4D8367880EA855178883B97BB5058FFFFFFFFFFC8FFF0004A7162BC943739D40BDF366
0EDCBB267F408367730EA858178884B98BB6058FFFFFFFFFFC8FFF0004AC162BC943739E40BDF37E
0EDCC2267F458367670EA85217887EB98BB6058FFFFFFFFFFC7FFF0004A9162BC943739E40BDF396
0EDCCC267F5383674F0EA86117888BB98BB6058FFFFFFFFFFC6FFF0004A0162BCA43739E40BDF3AE
0EDCC3267F458367350EA85C178883B97BB5058FFFFFFFFFFC7FFF0004A7162BCA43739E40BDF3C6
0EDD02267FA58367150EA8811788A3B96BB6058FFFFFFFFFFC7FFF0004AA162BCB43739F40BDF3DE
0EDCFA267F908366FC0EA89A1788B4B96BB5059FFFFFFFFFFC7FFF0004AE162BCB43739F40BDF3F6
0EDD24267FD28367000EA8A81788C0B97BB5058FFFFFFFFFFC8FFF0004A8162BCB43739F40BDF30E
0EDD13267FB88367060EA89D1788B7B98BB5058FFFFFFFFFFC8FFF0004B3162BCC4373A040BDF326
0EDD3C267FFB8366E80EA8C21788DAB98BB6058FFFFFFFFFFC8FFF0004B8162BCC4373A040BDF33E
0EDE182681408366AA0EA9AF178996B98BB6058FFFFFFFFFFC8FFF0004B9162BCC4373A040BDF356
0EDDED2680FA83667C0EA98B178976B97BB6058FFFFFFFFFFC8FFF0004C3162BCD4373A140BDF36E
0EDDBC2680B08366860EA95F178952B96BB5058FFFFFFFFFFC8FFF0004B9162BCD4373A140BDE386
0EDD9926807D8366950EA92F17892CB97BB5058FFFFFFFFFFC7FFF0004BA162BCD4373A140BDE39E
0EDD9B26807F8366690EA927178928B97BB6058FFFFFFFFFFC7FFF0004C0162BCE4373A140BDE3B6
0EDE3E2681798366290EA9B0178994B97BB5058FFFFFFFFFFC7FFF0004D7162BCE4373A240BDE3CE
0EDEEC26827683661C0EAA0E1789E2B97BB5058FFFFFFFFFFC7FFF0004DD162BCF4373A240BDE3E6
0EDEF726828C83662F0EAA79178A3AB96BB6058FFFFFFFFFFC8FFF0004D5162BCF4373A240BDE3FE
0EDF082682A38366110EAA93178A50B96BB5058FFFFFFFFFFC7FFF0004ED162BCF4373A340BDE316
0EDF0D2682A88365D10EAA97178A4EB96BB5058FFFFFFFFFFC6FFF0004F5162BD04373A340BDE32E
0EDF0C26829D8365A60EAA95178A4AB96BB5058FFFFFFFFFFC8FFF0004F9162BD04373A340BDE346
0EDF132682A583659E0EAA9A178A4EB96BB5058FFFFFFFFFFC8FFF0004F0162BD14373A440BDD35E
0EDF1A2682AF83659B0EAAA1178A56B95BB5058FFFFFFFFFFC8FFF0004E9162BD14373A440BDE376
0EDF1A2682AD8365890EAAA1178A56B95BB5058FFFFFFFFFFC8FFF0004EA162BD14373A440BDE38E
0EDF252682C38365600EAAB8178A6AB96BB5058FFFFFFFFFFC8FFF0004E8162BD24373A540BDD3A6
0EDF742683368365320EAAF7178A99B96BB5058FFFFFFFFFFC8FFF0004F5162BD24373A540BDD3BE
0EDF8D26835483651D0EAB19178AB3B95BB5058FFFFFFFFFFC8FFF0004F6162BD24373A540BDE3D6
0EDFA226837983651B0EAB22178ABAB96BB5058FFFFFFFFFFC8FFF0004EB162BD34373A640BDD3EE
0EDFC72683AD8364FF0EAB4A178ADFB96BB4058FFFFFFFFFFC9FFF0004F0162BD34373A640BDD306
0EDFEB2683E38364D90EAB70178AFAB96BB3058FFFFFFFFFFC8FFF0004D3162BD44373A640BDD31E
0EE01A2684278364C00EAB9D178B1FB96BB3058FFFFFFFFFFC7FFF0004D9162BD44373A740BDD336
0EE0222684358364A30EABA7178B28B95BB3058FFFFFFFFFFC7FFF0004E6162BD44373A740BDD34E
0EE0252684318364880EABAD178B2AB95BB305AFFFFFFFFFFC8FFF0004DE162BD54373A740BDD366
0EE02C26843C83647F0EABAE178B2AB95BB3058FFFFFFFFFFC8FFF0004CE162BD54373A740BDC37E
0EE03426844883646F0EABBD178B36B95BB3058FFFFFFFFFFC7FFF0004D1162BD54373A840BDC396
0EE0302684418364480EABC0178B36B95BB4058FFFFFFFFFFC7FFF0004C2162BD64373A840BDC3AE
0EE0422684588364200EABC6178B39B96BB4058FFFFFFFFFFC8FFF0004BC162BD64373A840BDC3C6
0EE04C2684638364090EABD0178B41B96BB3058FFFFFFFFFFC9FFF0004BE162BD74373A940BDC3DE
0EE04926845E8363F60EABCF178B3FB95BB3058FFFFFFFFFFC8FFF0004B9162BD74373A940BDC3F6
0EE06C2684918363E10EABF1178B5AB95BB2058FFFFFFFFFFC8FFF0004B2162BD74373A940BDC30E
0EE07B2684A68363DA0EAC08178B6BB96BB3058FFFFFFFFFFC8FFF0004A5162BD84373AA40BDC326
0EE08C2684BD8363D50EAC10178B75B95BB3058FFFFFFFFFFC8FFF0004A9162BD84373AA40BDB33E
0EE0942684CD8363A30EAC1B178B7BB96BB3058FFFFFFFFFFC9FFF0004B2162BD94373AA40BDB356
0EE0A62684E183635F0EAC23178B7DB97BB3058FFFFFFFFFFC9FFF0004B0162BD94373AB40BDB36E
0EE0C626850C83634D0EAC33178B89B96BB3058FFFFFFFFFFC8FFF0004B4162BD94373AB40BDB386
0EE0AF2684EA83635F0EAC36178B8CB95BB2058FFFFFFFFFFC8FFF0004AF162BDA4373AB40BDB39E
0EE0C02685048363540EAC42178B98B94BB3058FFFFFFFFFFC8FFF0004A3162BDA4373AB40BDB3B6
0EE0D126851B8363300EAC57178BA8B94BB3058FFFFFFFFFFC8FFF0004AC162BDA4373AC40BDB3CE
0EE0DA2685268363190EAC60178BACB94BB2058FFFFFFFFFFC7FFF0004A1162BDB4373AC40BDB3E6
0EE0DB26852B8363070EAC61178BAEB93BB2058FFFFFFFFFFC9FFF0004AA162BDB4373AC40BDB3FE
0EE0E42685348362E30EAC67178BB1B93BB2058FFFFFFFFFFC8FFF0004A4162BDC4373AD40BDB316
0EE0E92685368362B60EAC6C178BB2B93BB2058FFFFFFFFFFC8FFF000491162BDC4373AD40BDB32E
0EE0EF26853C83629F0EAC71178BB6B93BB2058FFFFFFFFFFC8FFF00048F162BDC4373AD40BDB346
0EE0F42685428362970EAC76178BB9B93BB3058FFFFFFFFFFC9FFF00047E162BDD4373AE40BDB35E
0EE10626855E8362830EAC86178BC6B94BB3058FFFFFFFFFFC7FFF00047B162BDD4373AE40BDB376
0EE11926857783625C0EAC9A178BD6B94BB3058FFFFFFFFFFC7FFF000478162BDD4373AE40BDA38E
0EE1482685C58362310EACC9178BFBB94BB3058FFFFFFFFFFC7FFF000469162BDE4373AE40BDA3A6
0EE1F42686C18362070EAD5E178C75B96BB2058FFFFFFFFFFC7FFF000480162BDE4373AF40BDA3BE
0EE2402687348361EA0EADB6178CBFB96BB3059FFFFFFFFFFC8FFF000487162BDF4373AF40BDA3D6
0EE2762687858361CD0EADFC178CF7B96BB3058FFFFFFFFFFC8FFF00048C162BDF4373AF40BDA3EE
0EE31B2688838361930EAE89178D6FB95BB3058FFFFFFFFFFC7FFF000492162BE04373B040BDA306
0EE3902689358361600EAEF1178DBFB94BB2058FFFFFFFFFFC7FFF000498162BE04373B040BDA31E
0EE3DA26899B83614B0EAF45178E08B93BB2058FFFFFFFFFFC8FFF00049C162BE04373B040BDA336
0EE3E42689A98361330EAF5C178E1BB93BB2058FFFFFFFFFFC8FFF000493162BE14373B040BDA34E
0EE3E22689A983610B0EAF5A178E17B93BB2058FFFFFFFFFFC8FFF00049F162BE14373B140BDA366
0EE3E02689A18360E00EAF5B178E17B94BB2058FFFFFFFFFFC8FFF0004AC162BE24373B140BDA37E
0EE3F52689BF8360B90EAF68178E20B94BB2058FFFFFFFFFFC9FFF0004B2162BE24373B140BDA396
0EE4022689CE8360880EAF7C178E2FB94BB2058FFFFFFFFFFC7FFF0004C0162BE34373B240BD93AE
0EE4162689ED8360410EAF8D178E38B93BB3058FFFFFFFFFFC7FFF0004BE162BE34373B240BD93C6
0EE4252689F88360090EAF9B178E40B93BB3058FFFFFFFFFFC8FFF0004B5162BE44373B240BD93DE
0EE4292689FC835FF80EAF9C178E41B93BB2058FFFFFFFFFFC8FFF0004A0162BE44373B240BD93F6
0EE42F268A04835FEB0EAFA7178E4EB93BB2058FFFFFFFFFFC8FFF00049A162BE44373B240BD930E
0EE44E268A2F835FC20EAFDB178E77B93BB2058FFFFFFFFFFC8FFF00048C162BE54373B340BD9326
0EE47E268A7A835F8B0EAFF9178E8EB92BB2058FFFFFFFFFFC8FFF000480162BE54373B340BD933E
0EE4CD268AEE835F5B0EB047178ECCB92BB2058FFFFFFFFFFC8FFF00046D162BE64373B340BD9356
0EE4F5268B22835F1C0EB079178EF0B92BB2058FFFFFFFFFFC8FFF00046D162BE64373B340BD936E
0EE4E0268AFF835ED30EB06B178EE4B92BB1058FFFFFFFFFFC7FFF00045F162BE74373B440BD9386
0EE518268B4E835EBC0EB097178F06B93BB1058FFFFFFFFFFC9FFF000440162BE74373B440BD839E
0EE4A3268A9A835EBF0EB02D178EAAB93BB1058FFFFFFFFFFC7FFF00042F162BE84373B440BD93B6
0EE503268B3F835EA30EB079178EF6B93BB1058FFFFFFFFFFC7FFF000419162BE84373B440BD93CE
0EE772268F0B835E660EB27017909DB92BB1058FFFFFFFFFFC6FFF00040E162BE84373B440BD93E6
0EE99D26924B835E1D0EB4AF179270B92BB1058FFFFFFFFFFC7FFF000405162BE94373B540BD73FE
0EEAE5269420835DDC0EB62D1793ABB91BB0058FFFFFFFFFFC7FFF00040C162BE94373B540BD8316
0EEA46269334835DAE0EB5C0179351B91BAF058FFFFFFFFFFC7FFF000414162BEA4373B540BD732E
0EEA42269331835D940EB60E179394B90BAF058FFFFFFFFFFC8FFF00041A162BEA4373B540BD8346
0EEB4D2694C9835D8F0EB6DA179449B90BAE058FFFFFFFFFFC8FFF00041D162BEB4373B540BD735E
0EEC122695FC835D760EB7A41794EFB8FBAE058FFFFFFFFFFC8FFF000422162BEB4373B540BD8376
0EECEA269752835D350EB86B179590B8FBAE058FFFFFFFFFFC7FFF000426162BEC4373B540BD738E
0EEDE82698C4835CDD0EB921179623B8FBAE058FFFFFFFFFFC9FFF000446162BEC4373B640BD73A6
0EEE0B2698F1835CAC0EB933179632B8FBAD058FFFFFFFFFFC8FFF00045C162BED4373B640BD73BE
0EEDD72698A4835CAD0EB936179635B8FBAD058FFFFFFFFFFC8FFF000459162BED4373B640BD73D6
0EEDA526985A835C9F0EB921179629B90BAD058FFFFFFFFFFC7FFF00045E162BEE4373B640BD73EE
0EEE832699BE835C530EB9BD1796ABB91BAC058FFFFFFFFFFC7FFF00045E162BEE4373B640BD7306
0EEF1E269A94835BFB0EBA6017972BB90BAC058FFFFFFFFFFC7FFF000466162BEF4373B640BD731E
0EEF8D269B34835BDB0EBAA0179764B8EBAC058FFFFFFFFFFC7FFF000463162BEF4373B740BD7336
0EEF5B269AF2835BD50EBADC179792B8EBAC058FFFFFFFFFFC8FFF00046C162BF04373B740BD734E
0EEFBC269B89835BBD0EBB1B1797CFB8EBAC058FFFFFFFFFFC9FFF000468162BF04373B740BD6366
0EEFE9269BC5835B8F0EBB7E17981AB8DBAC058FFFFFFFFFFC8FFF000463162BF04373B740BD737E
0EEFEB269BC1835B540EBB651797FFB8CBAC058FFFFFFFFFFC8FFF000465162BF14373B740BD7396
0EEFC2269B84835B0D0EBB101797BAB8BBAB058FFFFFFFFFFC9FFF00046D162BF24373B740BD73AE
0EEFED269BBE835AD30EBB541797EFB8BBAB058FFFFFFFFFFC9FFF00046D162BF24373B740BD63C6
0EF032269C25835ABB0EBB7517980BB8CBAB058FFFFFFFFFFC9FFF00045B162BF34373B740BD63DE
0EF01F269C01835ABA0EBB7517980BB8DBAB058FFFFFFFFFFC7FFF000456162BF34373B740BD63F6
0EF034269C25835AA80EBB8E17981FB8EBAB058FFFFFFFFFFC7FFF000456162BF34373B740BD630E
0EF03F269C36835A710EBB9317981FB8EBAB059FFFFFFFFFFC8FFF00045A162BF44373B840BD6326
0EF02C269C13835A2F0EBB8E179817B8EBAB059FFFFFFFFFFC8FFF00046B162BF44373B840BD633E
0EF036269C1F835A000EBB88179811B90BAB058FFFFFFFFFFC8FFF000469162BF54373B840BD6356
0EF053269C488359DF0EBB9D179826B8FBAC058FFFFFFFFFFC7FFF000479162BF54373B840BD636E
0EF068269C668359C20EBBAA17982FB8EBAC058FFFFFFFFFFC7FFF000481162BF64373B840BD6386
0EF08C269C988359B00EBBDA179854B8DBAC059FFFFFFFFFFC8FFF00048C162BF64373B840BD539E
0EF0B1269CD28359A90EBBF8179870B8EBAB058FFFFFFFFFFC8FFF000498162BF74373B840BD53B6
0EF0AD269CC68359870EBBFA17986FB8DBAB059FFFFFFFFFFC8FFF00049E162BF74373B840BD53CE
0EF0B6269CD783593B0EBC04179870B8DBAB059FFFFFFFFFFC9FFF0004A3162BF84373B840BD53E6
0EF0CF269CF48358FB0EBC0C179875B8EBAB058FFFFFFFFFFC9FFF0004A1162BF84373B840BD53FE
0EF0D9269D038359070EBC1A179882B8DBAB058FFFFFFFFFFC8FFF0004B7162BF94373B840BD5316
0EF0DB269D038359240EBC2A179893B8DBAB058FFFFFFFFFFC8FFF0004BE162BF94373B840BD532E
0EF0F2269D2D8358FF0EBC3717989FB8CBAB059FFFFFFFFFFC8FFF0004B6162BF94373B840BD5346
0EF1EC269EB18358AF0EBD1F17995DB8BBAB059FFFFFFFFFFC8FFF0004A1162BFA4373B840BD535E
0EF285269F868358820EBD65179995B8ABAA059FFFFFFFFFFC9FFF0003BC162BFA4373B840BD5376
0EF26C269F6183588D0EBDBD1799DAB8BBAA059FFFFFFFFFFC8FFF00026B162BFB4373B840BD538E
0EF235269F148358AB0EBD811799ADB8CBAB059FFFFFFFFFFC8FFF000272162BFB4373B840BD53A6
0EF22A269F078358AC0EBD781799A7B8CBAB059FFFFFFFFFFC9FFF000271162BFB4373B840BD43BE
0EF22D269F0583588B0EBD8C1799B7B8DBAB059FFFFFFFFFFC9FFF0003A3162BFC4373B840BD53D6
0EF241269F268358780EBD9D1799C0B8DBAB059FFFFFFFFFFC9FFF000486162BFC4373B840BD33EE
0EF1D0269E6A8358840EBD5A179984B8DBAA059FFFFFFFFFFC8FFF000487162BFD4373B840BD3306
0EF125269D7B83589E0EBC751798CEB8CBAB058FFFFFFFFFFC8FFF00048C162BFD4373B740BD331E
0EF11E269D678358B50EBC771798CEB8CBAC059FFFFFFFFFFC9FFF00047B162BFE4373B740BD3336
0EF114269D5D8358C30EBC611798BEB8CBAB059FFFFFFFFFFC9FFF000480162BFE4373B740BD334E
0EF112269D5D8358D80EBC5E1798BDB8BBAC059FFFFFFFFFFC7FFF000488162BFE4373B740BD3366
0EF10B269D4F8358E40EBC5B1798BBB8BBAC059FFFFFFFFFFC7FFF00048B162BFF4373B640BD337E
0EF0F5269D2F8358E70EBC441798A7B8CBAC059FFFFFFFFFFC8FFF000484162BFF4373B640BD3396
0EF11B269D6D8359020EBC601798C2B8CBAB059FFFFFFFFFFC8FFF000489162C004373B640BD33AE
0EF11D269D768359380EBC621798C6B8CBAB059FFFFFFFFFFC8FFF000492162C004373B640BD33C6
0EF10F269D668359610EBC5E1798C4B8DBAC059FFFFFFFFFFC8FFF00049F162C004373B540BD33DE
0EF10A269D5C8359690EBC591798C0B8DBAC058FFFFFFFFFFC8FFF00049C162C014373B540BD33F6
0EF10C269D658359740EBC571798BFB8EBAB058FFFFFFFFFFC7FFF0004A5162C014373B540BD330E
0EF11A269D7E8359A00EBC621798CDB8CBAB058FFFFFFFFFFC7FFF0004B1162C014373B440BD3326
0EF102269D618359E50EBC4E1798C2B8CBAA059FFFFFFFFFFC9FFF0004BE162C024373B440BD333E
0EF0D7269D23835A290EBC371798ADB8CBAA058FFFFFFFFFFC7FFF0004D4162C024373B440BD3356
0EF0F2269D51835A350EBC3B1798B3B8DBAB059FFFFFFFFFFC9FFF0004D7162C024373B440BD336E
0EF0FE269D5D835A1E0EBC4D1798BFB8DBAB059FFFFFFFFFFC8FFF0004D2162C034373B340BD3386
0EF0BF269D02835A350EBC1F17989BB8CBAB059FFFFFFFFFFC8FFF0004CF162C034373B340BD339E
0EF0CE269D21835A7B0EBC1F1798A1B8CBAC058FFFFFFFFFFC8FFF0004E4162C034373B240BD33B6
0EF0D7269D31835ACC0EBC271798ABB8CBAC059FFFFFFFFFFC8FFF0004E4162C034373B240BD23CE
0EF074269CA6835B140EBBB9179852B8DBAC059FFFFFFFFFFC8FFF0004EE162C044373B240BD23E6
0EF0B4269D03835B220EBC05179893B8CBAC059FFFFFFFFFFC8FFF0004F4162C044373B240BD23FE
0EF093269CD4835B1A0EBC0017988BB8CBAC058FFFFFFFFFFC9FFF0004EB162C044373B140BD2316
0EF0B4269D0B835B300EBBFA179889B8DBAD059FFFFFFFFFFC8FFF0004EB162C054373B140BD232E
0EF06E269C9A835B6F0EBBA0179842B8DBAD059FFFFFFFFFFC7FFF0004EF162C054373B040BD1346
0EEF7D269B37835BCA0EBAE21797AAB8EBAC059FFFFFFFFFFC8FFF0004FE162C054373B040BD135E
0EEEA42699EE835C0C0EBA081796F1B8EBAC059FFFFFFFFFFC8FFF0004F6162C054373B040BD1376
0EEE5626997A835C2E0EB9BA1796ADB8DBAC059FFFFFFFFFFC7FFF0004F1162C064373AF40BD138E
0EEE4726995E835C530EB9AB1796A4B8EBAD059FFFFFFFFFFC8FFF0004EF162C064373AF40BD13A6
0EEDC0269896835C7C0EB947179650B8FBAD059FFFFFFFFFFC9FFF0004F8162C064373AE40BD13BE
0EED15269795835CAD0EB8A71795D0B8FBAD058FFFFFFFFFFC8FFF0004F0162C074373AE40BD13D6
0EEC10269611835CEA0EB78C1794EBB8EBAD059FFFFFFFFFFC8FFF0004F0162C074373AE40BD13EE
0EEB19269499835D280EB6591793EEB8EBAD05DFFFFFFFFFFC8FFF0004EF162C074373AD40BD1306
0EE9FD2692E9835D690EB565179321B8FBAD05AFFFFFFFFFFC9FFF0004F7162C074373AD40BD131E
0EE91226917D835D9E0EB47A17925FB90BAD059FFFFFFFFFFC8FFF0004EF162C074373AC40BD1336
0EE81C26900A835DC60EB3E81791D9B91BAE059FFFFFFFFFFC7FFF0004E2162C084373AC40BD134E
0EE76F268EFE835DEF0EB322179138B91BAF059FFFFFFFFFFC7FFF0004F2162C084373AB40BD0366
0EE647268D38835E1F0EB224179066B90BAF059FFFFFFFFFFC8FFF0004EA162C084373AB40BD037E
0EE54C268BC0835E5E0EB094178F1FB90BAF059FFFFFFFFFFC8FFF0004F0162C094373AB40BD0396
0EE4AE268AD5835EAF0EB017178EB5B92BAF059FFFFFFFFFFC8FFF0004EF162C094373AA40BD03AE
0EE495268AA9835EEF0EB017178EB2B93BB0059FFFFFFFFFFC8FFF0004FC162C094373AA40BD03C6
0EE46D268A6E835F0E0EAFED178E8BB93BB0059FFFFFFFFFFC8FFF0004F3162C094373A940BCF3DE
0EE468268A66835F340EAFE1178E83B93BB1058FFFFFFFFFFC8FFF0004EB162C094373A940BCF3F6
0EE462268A60835F5E0EAFE1178E83B92BB205AFFFFFFFFFFC8FFF0004E6162C0A4373A840BCF30E
0EE45D268A5C835F960EAFD0178E7BB92BB2059FFFFFFFFFFC7FFF0004EE162C0A4373A840BCF326
0EE45A268A5D835FDE0EAFCA178E79B92BB2058FFFFFFFFFFC7FFF0004F3162C0A4373A740BCF33E
0EE449268A4B8360300EAFBE178E71B92BB1058FFFFFFFFFFC8FFF0004F6162C0A4373A740BCF356
0EE44F268A538360630EAFBF178E72B93BB2058FFFFFFFFFFC8FFF0004F3162C0A4373A740BCF36E
0EE452268A5A8360750EAFCA178E7AB94BB2059FFFFFFFFFFC9FFF0004EB162C0B4373A640BCF386
0EE456268A628360970EAFCA178E7EB93BB3059FFFFFFFFFFC9FFF0004DA162C0B4373A640BCF39E
0EE456268A698360D00EAFC7178E80B93BB205AFFFFFFFFFFC7FFF0004E8162C0B4373A540BCF3B6
0EE455268A6F83611A0EAFC8178E84B93BB2059FFFFFFFFFFC8FFF0004F4162C0B4373A540BCF3CE
0EE434268A418361650EAFA0178E64B93BB3059FFFFFFFFFFC6FFF0004F6162C0B4373A440BCF3E6
0EE42E268A3F83619F0EAF9E178E67B93BB3059FFFFFFFFFFC7FFF0004E6162C0B4373A440BCE3FE
0EE41E268A278361D00EAF97178E5FB93BB3059FFFFFFFFFFC8FFF0004E5162C0B4373A340BCE316
0EE419268A218361F00EAF93178E5BB94BB3059FFFFFFFFFFC9FFF0004EF162C0C4373A340BCF32E
0EE410268A1A83620C0EAF8E178E5CB94BB2059FFFFFFFFFFC8FFF000500162C0C4373A340BCF346
0EE3F82689F78362410EAF67178E3FB93BB2059FFFFFFFFFFC8FFF0004FD162C0C4373A240BCE35E
0EE3C82689B78362900EAF3A178E1EB93BB205BFFFFFFFFFFC8FFF0004F7162C0C4373A240BCE376
0EE3842689588362E90EAEFC178DEFB94BB2059FFFFFFFFFFC8FFF0004F8162C0C4373A140BCD38E
0EE34D26890683632F0EAEAF178DB0B93BB2059FFFFFFFFFFC8FFF000511162C0C4373A140BCD3A6
0EE2ED2688748363490EAE8B178D8CB93BB2059FFFFFFFFFFC9FFF000512162C0D4373A040BCD3BE
0EE2D726885A83636A0EAE54178D63B93BB2059FFFFFFFFFFCAFFF0004FD162C0D4373A040BCD3D6
0EE21F26873D8363AE0EAD9E178CD0B92BB2059FFFFFFFFFFC9FFF000504162C0D43739F40BCD3EE
0EE19626867B8364040EAD11178C60B92BB2059FFFFFFFFFFC9FFF000511162C0D43739F40BCD306
0EE1882686658364480EACFB178C4EB92BB2059FFFFFFFFFFC9FFF000510162C0D43739F40BCD31E
0EE16F2686448364750EACF6178C49B93BB305AFFFFFFFFFFC7FFF000501162C0D43739E40BCD336
0EE1592686238364AA0EACD1178C2EB93BB3059FFFFFFFFFFC7FFF000509162C0D43739E40BCD34E
0EE12E2685E88364F70EACAB178C14B94BB3059FFFFFFFFFFC8FFF000511162C0D43739E40BCD366
0EE1032685AC8365490EAC7D178BEFB95BB4059FFFFFFFFFFC8FFF00050B162C0D43739D40BCD37E
0EE0E326858083657F0EAC54178BCFB94BB4059FFFFFFFFFFC8FFF00050F162C0E43739D40BCD396
0EE0BB2685488365BC0EAC32178BB5B94BB5059FFFFFFFFFFC8FFF00050C162C0E43739D40BCD3AE
0EE0A226852D83660D0EAC23178BAEB94BB505BFFFFFFFFFFC8FFF000505162C0E43739C40BCD3C6
0EE09726851F83664D0EAC12178BA1B95BB4059FFFFFFFFFFC8FFF00050D162C0E43739C40BCB3DE
0EE08B26851483667C0EAC10178B9FB95BB4059FFFFFFFFFFC8FFF00050E162C0E43739B40BCD3F6
0EE08826850E8366BD0EAC05178B9BB96BB4059FFFFFFFFFFC8FFF000513162C0E43739B40BCC30E
0EE06E2684F78367180EABF0178B8EB96BB4059FFFFFFFFFFC8FFF000513162C0E43739B40BCB326
0EE04D2684CC8367730EABD2178B7AB95BB4059FFFFFFFFFFC8FFF000508162C0E43739A40BCB33E
0EE03D2684B18367AA0EABC2178B6DB95BB4059FFFFFFFFFFC8FFF00050E162C0E43739A40BCB356
0EE0132684758367D20EABAA178B5BB96BB4059FFFFFFFFFFC8FFF00050A162C0E43739A40BCB36E
0EDF8E2683B28368190EAB0D178ADEB96BB4059FFFFFFFFFFC8FFF000511162C0F43739940BCB386
0EDEC32682848368810EAA57178A49B97BB4059FFFFFFFFFFC8FFF000511162C0F43739940BCB39E
0EDE082681758368DD0EA9971789AEB97BB5059FFFFFFFFFFC8FFF000511162C0F43739940BCB3B6
0EDDFB2681598369180EA96C17898DB98BB5059FFFFFFFFFFC8FFF000507162C0F43739840BCB3CE
0EDDBB2680FB8369500EA93317895DB99BB5059FFFFFFFFFFC8FFF000500162C0F43739840BCB3E6
0EDD2226801D8369A00EA8B61788F8B98BB6059FFFFFFFFFFC8FFF0004BD162C0F43739740BCB3FE
0EDCAC267F70836A0A0EA84517889EB98BB505CFFFFFFFFFFC8FFF000482162C0F43739740BCB316
0EDC3B267ECA836A590EA7B6178829B98BB505CFFFFFFFFFFC9FFF0004D1162C0F43739740BCB32E
0EDBC6267E11836A7F0EA794178808B98BB6059FFFFFFFFFFC9FFF0004DD162C0F43739640BCB346
0EDB32267D37836AB70EA6C8178767B98BB6059FFFFFFFFFFC8FFF000412162C0F43739640BCB35E
0EDABB267C89836B090EA65917870BB99BB6059FFFFFFFFFFC8FFF0003B9162C0F43739640BCB376
0EDA63267C08836B580EA5EE1786B6B99BB7059FFFFFFFFFFC9FFF0003F7162C0F43739540BCB38E
0ED9A6267AE3836B9A0EA4F71785EAB9ABB7059FFFFFFFFFFC8FFF000382162C0F43739540BCB3A6
0ED7D8267826836BDC0EA31E178461B9ABB7059FFFFFFFFFFC8FFF00034C162C1043739540BCA3BE
0ED7082676F1836C200EA2781783D6B9ABB805AFFFFFFFFFFC8FFF000368162C1043739440BC93D6
0ED5ED267534836C5C0EA0DF178284B9ABB8059FFFFFFFFFFC8FFF0003E3162C1043739440BC93EE
0ED3E026720F836C930E9F49178131B9ABB8059FFFFFFFFFFC8FFF000469162C1043739440BCA306
0ED0C4266D36836CD90E9C95177EE7B9BBB9058FFFFFFFFFFC8FFF0004EC162C1043739340BC931E
0ECDD12668D0836D1F0E9960177C3AB9BBBA059FFFFFFFFFFC9FFF0004F7162C1043739340BC9336
0ECB9B266559836D480E986C177B64B9CBBB058FFFFFFFFFFC8FFF0004F2162C1043739340BC934E
0EC9B1266264836D830E952E1778B0B9CBBB059FFFFFFFFFFC8FFF0004E6162C1143739240BC9366
0EC89D2660C4836DC30E944B1777ECB9DBBB05BFFFFFFFFFFC8FFF0004E3162C1143739240BC937E
0EC86B26606D836DE40E946A1777FEB9EBBC058FFFFFFFFFFC8FFF0004D4162C1143739240BC9396
0EC852266046836E120E94071777ACB9FBBD059FFFFFFFFFFC8FFF0004C5162C1143739140BC93AE
0EC7D8265F8B836E530E9379177735BA0BBC059FFFFFFFFFFC8FFF0004CB162C1143739140BC93C6
0EC750265EB7836E890E92F41776C4BA1BBD059FFFFFFFFFFC8FFF0004C3162C1143739140BC93DE
0EC662265D47836E9F0E92BB17768BBA0BBE059FFFFFFFFFFC8FFF0004BB162C1243739040BC93F6
0EC6D6265DFE836EAA0E928D177665BA0BBE059FFFFFFFFFFC8FFF0004AA162C1243739040BC930E
0EC62A265CE9836EC30E9280177656BA0BBF059FFFFFFFFFFC8FFF000455162C1243738F40BC9326
0EC5D7265C70836EED0E91BB1775B9BA1BBE059FFFFFFFFFFC8FFF0003D4162C1343738F40BC733E
0EC595265C07836F140E919917759BBA2BBE059FFFFFFFFFFC8FFF0003F7162C1343738F40BC7356
0EC584265BEC836F390E917417757BBA1BBE059FFFFFFFFFFC8FFF00041B162C1343738E40BC936E
0EC57B265BDF836F5A0E916917756FBA1BBE059FFFFFFFFFFC7FFF00038D162C1343738E40BC9386
0EC54A265B91836F5A0E913A177546BA0BBE059FFFFFFFFFFC7FFF000353162C1343738E40BC739E
0EC55E265BAD836F340E9141177548BA0BBE059FFFFFFFFFFC9FFF000481162C1443738D40BC83B6
0EC563265BB2836F280E915817755BBA0BBE059FFFFFFFFFFC8FFF0004CD162C1443738D40BC73CE
0EC576265BCD836F600E914F177559BA1BBF059FFFFFFFFFFC8FFF0004E1162C1543738D40BC73E6
0EC54C265B96836FA30E912917753BBA1BBE059FFFFFFFFFFC8FFF0004EE162C1543738D40BC73FE
0EC53F265B7E836FA10E9125177534BA1BBE059FFFFFFFFFFC8FFF0004EE162C1543738C40BC7316
0EC546265B85836F650E915F177561BA1BBF05AFFFFFFFFFFC8FFF0004ED162C1543738C40BC732E
0EC555265B99836F480E917217756DBA1BBF059FFFFFFFFFFC8FFF0004E7162C1643738C40BC7346
0EC54B265B87836F600E9141177548BA2BBF059FFFFFFFFFFC6FFF0004F1162C1643738B40BC735E
0EC54F265B90836F700E9132177538BA2BBF059FFFFFFFFFFC8FFF0004FA162C1643738B40BC7376
0EC531265B5B836F6B0E911E177526BA2BBE059FFFFFFFFFFCAFFF000502162C1743738B40BC738E
0EC536265B67836F650E9120177525BA1BBF059FFFFFFFFFFC9FFF0004FB162C1743738B40BC73A6
0EC563265BA6836F5D0E913C17753EBA1BBE059FFFFFFFFFFC9FFF0004FF162C1743738B40BC63BE
0EC541265B6F836F5F0E9132177533BA3BBF059FFFFFFFFFFC9FFF0004F4162C1743738A40BC73D6
0EC549265B7F836F6B0E9122177527BA3BBF059FFFFFFFFFFC8FFF0004FE162C1843738A40BC73EE
0EC54E265B81836F6C0E912D17752FBA3BBF059FFFFFFFFFFC8FFF000506162C1843738A40BC6306
0EC53A265B64836F530E9123177527BA1BBF059FFFFFFFFFFC8FFF000508162C1843738A40BC731E
0EC53C265B62836F330E911817751ABA0BBF059FFFFFFFFFFC8FFF0004FA162C1943738A40BC5336
0EC52C265B49836F2B0E9120177520BA1BBF059FFFFFFFFFFC8FFF0004FB162C1943738A40BC534E
0EC522265B38836F350E910A17750DBA2BBF059FFFFFFFFFFC8FFF0004F3162C1943738940BC5366
0EC541265B69836F370E910B17750FBA1BBF059FFFFFFFFFFC8FFF0004F8162C1A43738940BC537E
0EC544265B6A836F340E9124177521BA0BBF059FFFFFFFFFFC8FFF0004F5162C1A43738940BC5396
0EC548265B71836F320E9122177521BA1BBF059FFFFFFFFFFC8FFF0004F9162C1A43738940BC53AE
0EC52D265B44836F2A0E912117751FBA0BBE059FFFFFFFFFFC9FFF0004FF162C1A43738940BC53C6
0EC519265B24836F1D0E90FF177502BA0BBE059FFFFFFFFFFC8FFF0004F1162C1B43738940BC53DE
0EC523265B39836F190E9108177508BA1BBF059FFFFFFFFFFC8FFF0004EA162C1B43738840BC53F6
0EC528265B3A836F210E910C17750DBA1BBF059FFFFFFFFFFC8FFF0004E8162C1B43738840BC530E
0EC515265B1D836F230E90FD177500BA1BBF059FFFFFFFFFFC8FFF0004EE162C1B43738840BC5326
0EC512265B18836F2D0E90F21774FBBA0BBF059FFFFFFFFFFC9FFF0004FA162C1C43738840BC533E
0EC50E265B1A836F4E0E90EE1774F8BA0BBE059FFFFFFFFFFC8FFF0004EA162C1C43738840BC5356
0EC4F1265AEC836F6C0E90DB1774E8BA0BBF059FFFFFFFFFFC8FFF0004F1162C1C43738840BC536E
0EC4DD265ACD836F740E90BE1774CEBA1BBF059FFFFFFFFFFC8FFF0004F6162C1C43738840BC5386
0EC4D3265ABD836F6D0E90BC1774CCBA1BBF059FFFFFFFFFFC8FFF0004F4162C1C43738840BC339E
0EC4C8265AB5836F6E0E90A51774B8BA0BBF059FFFFFFFFFFC8FFF0004E4162C1D43738740BC33B6
0EC4C8265AB0836F880E90AE1774C4BA1BBF05AFFFFFFFFFFC9FFF0004E8162C1D43738740BC53CE
0EC4B0265A8E836FB80E908D1774AFBA2BBF059FFFFFFFFFFC8FFF0004EC162C1D43738740BC33E6
0EC4A2265A83836FEB0E90841774A7BA2BBF059FFFFFFFFFFC8FFF0004E6162C1D43738740BC33FE
0EC4A2265A8283700F0E90851774A8BA3BBF059FFFFFFFFFFC8FFF0004E7162C1D43738740BC3316
0EC4A5265A8A83702B0E90831774A9BA2BBF059FFFFFFFFFFC8FFF0004E3162C1D43738740BC332E
0EC4AA265A9883705C0E90841774AEBA2BBF05AFFFFFFFFFFC7FFF0004E1162C1D43738640BC3346
0EC4A3265A9383708E0E90851774B0BA3BC0059FFFFFFFFFFC6FFF0004EC162C1D43738640BC335E
0EC49B265A818370A30E90811774AABA3BBF059FFFFFFFFFFC6FFF0004E5162C1D43738640BC3376
0EC49E265A918370C20E907C1774ACBA2BBF053FFFFFFFFFFC8FFF0004D9162C1E43738640BC338E
0EC49B265A908370FF0E906E1774A5BA1BBF053FFFFFFFFFFC8FFF0004DA162C1E43738640BC33A6
0EC4AB265AB283713E0E90821774B8BA0BBF053FFFFFFFFFFC9FFF0004DC162C1E43738640BC33BE
0EC4B1265ABD8371670E908F1774C4B9FBBF053FFFFFFFFFFCAFFF0004E6162C1E43738640BC33D6
0EC4B3265AC68371890E90951774CABA1BC0054FFFFFFFFFFC8FFF0004E0162C1E43738540BC33EE
0EC4B5265ACD8371BA0E908F1774CABA3BC0053FFFFFFFFFFC8FFF0004D8162C1E43738540BC2306
0EC4A5265ABB8371F90E90831774C3BA3BC0053FFFFFFFFFFC9FFF0004E3162C1E43738540BC331E
0EC49C265AB08372340E90771774BDBA4BC0053FFFFFFFFFFC9FFF0004E6162C1E43738540BC3336
0EC498265AB68372660E90741774BDBA3BC0053FFFFFFFFFFC8FFF0004DA162C1E43738540BC134E
0EC49A265AB983729E0E90761774C2BA2BC0053FFFFFFFFFFC8FFF0004E1162C1E43738440BC1366
0EC49D265AC38372D90E90771774C5BA2BC0053FFFFFFFFFFC8FFF0004E4162C1E43738440BC137E
0EC4A1265AD28373190E90811774D3BA2BC0054FFFFFFFFFFC7FFF0004DF162C1E43738440BC1396
0EC446265A4E83736C0E901717747DBA3BC0053FFFFFFFFFFC7FFF0004D9162C1E43738440BC13AE
0EC4102659FC8373C30E902317748BBA3BC0053FFFFFFFFFFC9FFF0004E2162C1E43738440BC13C6
0EC1F52656CD83740F0E8D8F177269BA3BC1052FFFFFFFFFFC8FFF0004EB162C1E43738340BC13DE
0EC0FB26555983744B0E8C66177175BA3BC1052FFFFFFFFFFC7FFF0004E6162C1E43738340BC13F6
0EC02826540E83747F0E8BCF1770F3BA3BC1055FFFFFFFFFFC8FFF0004E4162C1E43738340BC130E
0EBE042650C78374C10E8A08176F74BA1BC1053FFFFFFFFFFC9FFF0004D7162C1E43738240BC1326
0EBAD7264BF18375020E8689176C8FBA1BC1053FFFFFFFFFFC9FFF0004E7162C1E43738240BC133E
0EB9552649958375390E8447176AAABA3BC2053FFFFFFFFFFC9FFF0004E8162C1E43738240BC1356
0EB75F26469D8375780E835E1769E5BA4BC3052FFFFFFFFFFC9FFF0004D9162C1E43738240BC136E
0EB6DE2645D68375CA0E82DD176972BA5BC2054FFFFFFFFFFC7FFF0004DE162C1E43738140BC1386
0EB65826450A83760D0E825C176908BA5BC2053FFFFFFFFFFC7FFF0004E9162C1E43738140BBF39E
0EB68C26454D8376250E829C176936BA5BC2053FFFFFFFFFFC8FFF0004EA162C1E43738140BBF3B6
0EB66C26451B8376310E828F176929BA6BC2052FFFFFFFFFFC8FFF0004D0162C1E43738040BBF3CE
0EB6402644DC83765F0E824B1768F5BA6BC2053FFFFFFFFFFC8FFF0004D0162C1E43738040BBF3E6
0EB6332644CE8376AC0E824E1768FABA7BC2053FFFFFFFFFFC8FFF0004DD162C1E43738040BBF3FE
0EB62E2644C98376EA0E823D1768EDBA7BC2052FFFFFFFFFFC9FFF0004E0162C1E43738040BBF316
0EB6312644CB8377010E82501768F8BA7BC3053FFFFFFFFFFC8FFF0004CC162C1E43737F40BBF32E
0EB6162644A483770A0E82301768DCBA6BC3053FFFFFFFFFFC8FFF0004CB162C1E43737F40BBF346
0EB6202644B283772C0E822B1768DEBA5BC4055FFFFFFFFFFC8FFF0004CD162C1E43737F40BBF35E
0EB62E2644CC83776A0E823C1768EFBA5BC3058FFFFFFFFFFC8FFF0004C8162C1E43737E40BBF376
0EB6292644CC8377AA0E822C1768E4BA5BC3058FFFFFFFFFFC8FFF0004CF162C1E43737E40BBF38E
0EB6112644A38377C60E822F1768E4BA6BC3059FFFFFFFFFFC8FFF0004CC162C1E43737E40BBF3A6
0EB5D02644418377E40E81FF1768BDBA7BC305BFFFFFFFFFFC9FFF0004C4162C1D43737E40BBF3BE
0EB5B22644198378190E81B4176883BA7BC3059FFFFFFFFFFC9FFF0004BA162C1D43737D40BBF3D6
0EB5A02644028378590E819717686DBA6BC3059FFFFFFFFFFC8FFF0004C3162C1D43737D40BBF3EE
0EB5B32644258378870E81B9176889BA7BC4059FFFFFFFFFFC8FFF0004BF162C1D43737D40BBD306
0EB5BF2644398378B50E81D117689FBA8BC4059FFFFFFFFFFC7FFF0004BF162C1D43737D40BBF31E
0EB5912643F98378F30E81A617687FBA8BC505AFFFFFFFFFFC7FFF0004BC162C1D43737C40BBD336
0EB5632643B98379340E817517685ABA8BC4059FFFFFFFFFFC9FFF0004BD162C1D43737C40BBD34E
0EB5632643B983796B0E816E176857BA8BC4059FFFFFFFFFFC9FFF0004BF162C1D43737C40BBD366
0EB56C2643CE8379A50E817B176863BA8BC5058FFFFFFFFFFC8FFF0004B2162C1D43737C40BBD37E
0EB56C2643D38379E40E8178176865BA7BC5058FFFFFFFFFFC8FFF0004AF162C1D43737C40BBD396
0EB56B2643D7837A250E8174176865BA6BC505AFFFFFFFFFFC7FFF0004AA162C1D43737C40BBD3AE
0EB5692643DA837A650E817A17686CBA6BC5059FFFFFFFFFFC7FFF0004B2162C1D43737B40BBD3C6
0EB5792643F4837AA00E8184176878BA6BC5058FFFFFFFFFFC8FFF0004AE162C1D43737B40BBD3DE
0EB5532643CB837AEE0E816017685DBA6BC5054FFFFFFFFFFC8FFF0004A8162C1C43737B40BBD3F6
0EB54D2643C7837B450E815C176860BA7BC5053FFFFFFFFFFC8FFF0004A9162C1C43737B40BBD30E
0EB5532643CE837B7E0E8162176864BA7BC5056FFFFFFFFFFC8FFF0004B0162C1C43737B40BBD326
0EB5492643C1837BAF0E815217685ABA7BC5053FFFFFFFFFFC8FFF0004B2162C1C43737B40BBD33E
0EB44A264240837BF40E8068176798BA7BC6053FFFFFFFFFFC8FFF0004A3162C1C43737B40BBD356
0EAFB4263B26837C4D0E7BEA1763D6BA9BC6053FFFFFFFFFFC8FFF0004A5162C1C43737B40BBC36E
0EADA5263815837CA30E7A02176242BAABC6052FFFFFFFFFFC8FFF0004AC162C1C43737B40BBB386
0EAC412635FA837CD90E781F1760ABBABBC6616FFFFFFFFFFC8FFF0004AF162C1C43737B40BBD39E
0EAB812634C5837CFF0E77E7176075BACBC616DFFFFFFFFFFC9FFF0004A0162C1C43737B40BBD3B6
0EAB23263441837D4E0E776317600BBABBC6756FFFFFFFFFFC8FFF0004A0162C1B43737A40BBB3CE
0EAB0C26341F837DAF0E7743175FF1BA9BC7052FFFFFFFFFFC8FFF0004A6162C1B43737A40BBC3E6
0EAAF22633F4837DF10E7730175FE3BA9BC8994FFFFFFFFFFC8FFF0004A8162C1B43737A40BBB3FE
0EAAED2633F0837E290E771C175FD0BAABC8050FFFFFFFFFFC8FFF0004B1162C1B43737A40BBB316
0EAAB226339D837E6E0E76E3175FA5BABBC9459FFFFFFFFFFC8FFF0004AF162C1B43737A40BBB32E
0EAAA9263390837EB40E76DF175FA4BABBC93A3FFFFFFFFFFC8FFF0004AF162C1B43737A40BBB346
0EAA6F26333D837F020E76A3175F72BACBC9052FFFFFFFFFFC8FFF0004AB162C1B43737A40BBB35E
0EA9F726328B837F620E764A175F2BBADBC9B06FFFFFFFFFFC8FFF0004B7162C1B43737A40BBB376
0EA9CA263251837FB70E7605175EF7BAEBC9B4AFFFFFFFFFFC9FFF0004BC162C1A43737A40BBB38E
0EA9DB263268837FED0E7612175F02BADBC95F7FFFFFFFFFFCAFFF0004B6162C1A43737A40BBB3A6
0EA9E926328283801A0E7619175F0CBAEBC9B4CFFFFFFFFFFC8FFF0004B7162C1A43737A40BBB3BE
0EA9C026324A8380660E7600175EF8BAFBC984FFFFFFFFFFFC8FFF0004B6162C1A43737A40BBB3D6
0EA9A22632248380B50E75D5175EDABAEBCA93AFFFFFFFFFFC8FFF0004B3162C1A43737A40BBB3EE
0EA98F2632048380EA0E75B4175EBEBACBCABC3FFFFFFFFFFC8FFF0004BC162C1A43737A40BB9306
0EA99F2632298381240E75D5175EDEBACBCABD6FFFFFFFFFFC8FFF0004BA162C1A43737A40BB931E
0EA9C526326683816A0E760A175F0BBADBCBBECFFFFFFFFFFC8FFF0004B3162C1A43737940BB9336
0EA9C12632628381960E75F7175EFEBAEBCAC01FFFFFFFFFFC8FFF0004B3162C1A43737940BB934E
0EA9CC2632788381D00E7608175F12BAEBCAC15FFFFFFFFFFC8FFF0004BD162C1A43737940BB9366
0EA9D626328C8381EF0E760C175F10BAEBCAC27FFFFFFFFFFC8FFF0004BE162C1943737940BB937E
0EA9DC2632938381F20E7609175F0BBADBCAC32FFFFFFFFFFC8FFF0004B4162C1943737940BB9396
0EAA0E2632E18381F20E7624175F24BAEBCAC37FFFFFFFFFFC8FFF0004B8162C1943737940BB93AE
0EAA172632ED8381F20E764D175F44BADBCAC39FFFFFFFFFFC9FFF0004AE162C1943737940BB93C6
0EAA132632E683820D0E7647175F44BADBCAC3DFFFFFFFFFFC9FFF0004AC162C1943737940BB93DE
0EA9DD26329D83823E0E75F4175F04BADBCAC48FFFFFFFFFFC7FFF0004A5162C1943737940BB93F6
0EA9922632248382540E7614175F16BAEBCAC56FFFFFFFFFFC7FFF000499162C1943737940BB930E
0EA9DC2632998382470E7630175F30BAEBCAC5AFFFFFFFFFFC9FFF000493162C1943737940BB9326
0EA96E2631EA83823F0E7616175F16BAEBCAC5AFFFFFFFFFFC9FFF000480162C1943737940BB933E
0EA9402631AE83823F0E7593175EACBB0BCAC5AFFFFFFFFFFC8FFF000465162C1943737940BB9356
0EA9AF26324F83824A0E75E9175EF5BAFBC9C58FFFFFFFFFFC7FFF000445162C1943737940BB936E
0EA99D2632318382620E75E0175EF1BAEBCAC63FFFFFFFFFFC8FFF000438162C1943737940BB7386
0EA8A82630BB83827F0E7510175E40BACBCAC68FFFFFFFFFFC8FFF000422162C1943737940BB739E
0EA7AB262F4283828E0E7419175D6FBADBCAC6DFFFFFFFFFFC9FFF000408162C1943737840BB73B6
0EA88426308D8382AB0E748A175DD7BAEBCAC7AFFFFFFFFFFC8FFF0003E8162C1943737840BB73CE
0EA7C8262F768382D30E741D175D7CBADBCAC8AFFFFFFFFFFC8FFF0003D0162C1943737840BB73E6
0EA8A72630CC8383030E7539175E68BACBCAC97FFFFFFFFFFC8FFF0003AA162C1943737840BB73FE
0EA9002631538383330E7564175E8DBADBCACA6FFFFFFFFFFC8FFF00037E162C1943737840BB7316
0EA725262E768383640E7305175C9CBAEBCACB9FFFFFFFFFFC8FFF000368162C1943737840BB732E
0EA5E7262CB683838E0E7189175B62BAFBCBCCBFFFFFFFFFFC8FFF00034D162C1943737840BB7346
0EA736262E9A8383770E7272175C18BB0BCBCD0FFFFFFFFFFC8FFF000328162C1943737840BB735E
0EA7AE262F5583836A0E7349175CC8BAFBCBCCEFFFFFFFFFFC8FFF0002F7162C1943737740BB7376
0EA8D72631228383890E7451175DA8BAFBCBCD1FFFFFFFFFFC7FFF0002E1162C1943737740BB738E
0EA8B82630DB83838B0E74C2175E02BB0BCCCD7FFFFFFFFFFC7FFF0002CA162C1943737740BB73A6
0EA88B2630AE8383720E74DE175E1CBAFBCBCD6FFFFFFFFFFC8FFF0002A4162C1943737740BB73BE
0EA9402631BE8383660E750C175E41BAEBCBCD1FFFFFFFFFFC8FFF000294162C1943737740BB53D6
0EA8FC2631468383580E754A175E74BAFBCBCCFFFFFFFFFFFC8FFF000289162C1A43737740BB53EE
0EA8902630AB8383330E74C4175E08BAFBCBCC7FFFFFFFFFFC8FFF000279162C1A43737640BB5306
0EA8E12631228383220E74EF175E29BAFBCBCBEFFFFFFFFFFC8FFF000259162C1A43737640BB531E
0EA87126307983833C0E748C175DDBBAEBCBCBFFFFFFFFFFFC8FFF000254162C1A43737640BB5336
0EA7FE262FC58383510E747B175DC5BAEBCACC6FFFFFFFFFFC8FFF00025B162C1A43737640BB534E
0EA8272630078383190E7479175DC8BAEBCBCC3FFFFFFFFFFC8FFF000253162C1A43737640BB5366
0EA8AF2630CA8382B30E74FA175E2CBAFBCBCAFFFFFFFFFFFC8FFF000248162C1A43737640BB537E
0EA8F12631368382830E750F175E3ABAFBCAC96FFFFFFFFFFC8FFF000238162C1A43737540BB5396
0EA9382631968382B60E756D175E8EBAFBCBC92FFFFFFFFFFC9FFF000244162C1A43737540BB53AE
0EA8882630958382E10E74A8175DEABAFBCBCA0FFFFFFFFFFC8FFF000251162C1A43737540BB53C6
0EA8E72631258382A90E7509175E3CBB0BCACA1FFFFFFFFFFC8FFF00025E162C1B43737540BB53DE
0EA94D2631B68382370E75AD175EBDBB1BCAC8BFFFFFFFFFFC8FFF00024E162C1B43737540BB53F6
0EAA022632C28381FF0E75C3175ECDBB0BCAC6DFFFFFFFFFFC9FFF000252162C1B43737540BB530E
0EAA2C2633018382110E7631175F29BAFBCAC64FFFFFFFFFFC9FFF000260162C1B43737540BB5326
0EAA052632C58382130E7644175F35BAEBCAC67FFFFFFFFFFC8FFF000271162C1B43737540BB433E
0EAA042632C28381FE0E764D175F3FBAEBCAC67FFFFFFFFFFC9FFF000271162C1B43737440BB5356
0EAA272632F68381CD0E766D175F56BAEBCAC63FFFFFFFFFFC8FFF000279162C1B43737440BB336E
0EAA4B26332883818C0E767F175F61BB0BCAC4EFFFFFFFFFFC8FFF000277162C1C43737440BB3386
0EAA8426337E83816E0E7679175F5DBB1BCAC3DFFFFFFFFFFC8FFF000267162C1C43737440BB339E
0EAAB62633CD8381770E76D9175FAFBB1BCAC35FFFFFFFFFFC8FFF00027D162C1C43737440BB33B6
0EAABA2633CE8381760E76F2175FC3BB1BCAC31FFFFFFFFFFC8FFF000287162C1C43737340BB33CE
0EAAB12633C38381490E76E8175FB9BB0BCAC30FFFFFFFFFFC8FFF000289162C1C43737340BB33E6
0EAAAE2633B78380FF0E76E1175FADBAFBCAC23FFFFFFFFFFC8FFF00027C162C1C43737340BB33FE
0EAAB42633B68380C80E76E8175FB2BAFBCAC0FFFFFFFFFFFC7FFF00027C162C1C43737340BB3316
0EAAA92633A18380B50E76E5175FADBB1BCAC05FFFFFFFFFFC7FFF000276162C1C43737340BB332E
0EAA9826338783809A0E76D1175F9DBB1BCAB19FFFFFFFFFFC8FFF00026D162C1C43737240BB1346
0EAAAD2633A883806E0E76E1175FA8BB0BCA702FFFFFFFFFFC8FFF000274162C1C43737240BB335E
0EAAD12633DA8380310E770A175FC7BB1BCABE4FFFFFFFFFFC8FFF000272162C1C43737240BB3376
0EAAF02633F7837FE40E7728175FDCBB0BC9BCDFFFFFFFFFFC9FFF000267162C1D43737240BB138E
0EAAB2263397837F8C0E76E6175F9EBB0BCABB4FFFFFFFFFFC9FFF000263162C1D43737140BB13A6
0EAABE2633A3837F420E76EA175F9FBAFBC9B9FFFFFFFFFFFC9FFF00025A162C1D43737140BB13BE
0EAAFB263401837F320E7721175FCFBAEBC95E3FFFFFFFFFFC9FFF000253162C1D43737140BB13D6
0EAB0E263421837F710E7741175FEDBAEBC9B84FFFFFFFFFFC7FFF00025A162C1D43737040BB13EE
0EAAED2633ED837F6B0E7727175FD6BAFBC9B8BFFFFFFFFFFC7FFF000267162C1D43737040BB1306
0EAAF12633F3837F400E7728175FD3BAEBC9B8EFFFFFFFFFFC8FFF00025B162C1D43737040BB131E
0EAB0126340A837F200E7734175FDBBAEBC8B85FFFFFFFFFFC8FFF00025A162C1D43736F40BB1336
0EAB0726340F837F210E773F175FE5BAEBC862CFFFFFFFFFFC8FFF000256162C1D43736F40BB134E
0EAAEE2633EB837F3F0E7730175FDABAEBC9481FFFFFFFFFFC9FFF000258162C1D43736F40BB1366
0EAAD72633CA837F5E0E771A175FCBBAEBC9B85FFFFFFFFFFC9FFF000256162C1D43736E40BB137E
0EAAC22633AB837F6C0E76F5175FADBAEBC9B8FFFFFFFFFFFC7FFF000267162C1C43736E40BB1396
0EAAB1263390837F770E76F6175FAEBAEBC9B93FFFFFFFFFFC7FFF00026A162C1C43736E40BB13AE
0EAA94263363837F770E76D0175F8BBAFBC9ABEFFFFFFFFFFC8FFF000272162C1C43736D40BB13C6
0EAAB3263395837F6C0E76E4175F9DBAEBC9055FFFFFFFFFFC8FFF000274162C1C43736D40BB13DE
0EAAAA263389837F7E0E76F0175FA9BAEBC948CFFFFFFFFFFC8FFF000275162C1C43736D40BB13F6
0EAAB126339A837FB00E76E6175FA6BAFBC9BA6FFFFFFFFFFC8FFF00027B162C1C43736C40BB030E
0EAAB62633A2837FBF0E76EA175FA7BB0BCABB0FFFFFFFFFFC8FFF00027E162C1C43736C40BB0326
0EAAC42633B5837FA00E76F4175FADBB1BCABB5FFFFFFFFFFC8FFF000287162C1B43736C40BAF33E
0EAAB92633A5837F890E76FB175FB1BB0BCABAEFFFFFFFFFFC8FFF000280162C1B43736B40BAF356
0EAA8926335A837FA40E76D0175F92BAFBC9BB2FFFFFFFFFFC8FFF000277162C1B43736B40BAF36E
0EAA5C26331E837FD00E768B175F5BBB0BC9BBBFFFFFFFFFFC8FFF000281162C1B43736B40BAF386
0EAA482632FA837FE50E7688175F57BB0BC9BC3FFFFFFFFFFC8FFF00027A162C1B43736B40BAF39E
0EAA3D2632E9837FDD0E7677175F46BAFBCABC7FFFFFFFFFFC8FFF00027F162C1B43736A40BAF3B6
0EAA422632F0837FD70E767B175F4ABAFBCABCCFFFFFFFFFFC8FFF00027B162C1B43736A40BAF3CE
0EAA57263314837FED0E7686175F55BB0BC9BCEFFFFFFFFFFC8FFF000274162C1A43736A40BAF3E6
0EAA6426332A8380070E7699175F67BB0BCABD4FFFFFFFFFFC7FFF00026A162C1A43736A40BAF3FE
0EAA6326332C8380160E769D175F69BAFBCABDFFFFFFFFFFFC8FFF00026C162C1A43736A40BAF316
0EAA692633338380250E769F175F6DBAFBCABE8FFFFFFFFFFC9FFF00026C162C1A43736940BAF32E
0EAA692633368380360E76A3175F73BAFBCABEDFFFFFFFFFFC8FFF000260162C1A43736940BAD346
0EAA8426336D8380500E76AE175F7CBB0BCABF3FFFFFFFFFFC8FFF00025E162C1A43736940BAD35E
0EAABC2633BB8380680E76F0175FB8BAFBCABFDFFFFFFFFFFC8FFF00025D162C1943736940BAD376
0EAAD02633DD8380770E76FC175FC2BAFBCAC05FFFFFFFFFFC8FFF00025C162C1943736940BAD38E
0EAABE2633C48380870E7702175FC7BAFBCAC0AFFFFFFFFFFC8FFF00025B162C1943736940BAD3A6
0EAAB22633B28380830E76E7175FAFBAFBCAC12FFFFFFFFFFC9FFF000254162C1943736940BAD3BE
0EAAD72633EC8380830E7707175FCABAFBCAC11FFFFFFFFFFC8FFF000259162C1943736840BAD3D6
0EAB022634348380A80E773B175FFABAFBCAC17FFFFFFFFFFC8FFF00025F162C1943736840BAD3EE
0EAB0826343C8380CA0E7744176002BAFBCBC25FFFFFFFFFFC8FFF00026A162C1943736840BAD306
0EAB062634378380D30E773D175FFBBAFBCBC2DFFFFFFFFFFC8FFF00027E162C1843736840BAD31E
0EAB222634688380D00E775117600BBB0BCBC32FFFFFFFFFFC8FFF00027F162C1843736840BAD336
0EAB2D26347A8380D40E776017601ABB0BCAC31FFFFFFFFFFC8FFF000294162C1843736840BAD34E
0EAB212634688380F70E7758176019BB0BCAC3AFFFFFFFFFFC8FFF0002A8162C1843736840BAD366
0EAAF526342D83811D0E7737175FFCBB0BCAC44FFFFFFFFFFC7FFF0002B9162C1843736840BAD37E
0EAB292634798381240E775817601BBB0BCAC4CFFFFFFFFFFC7FFF0002C4162C1843736840BAD396
0EAB2F26348B8381380E7761176021BB0BC9C54FFFFFFFFFFC8FFF0002E4162C1843736840BAD3AE
0EAAE826341A83815D0E774117600ABAFBCAC60FFFFFFFFFFC9FFF000301162C1843736840BAB3C6
0EAA8426338783817A0E76E7175FBCBAEBCAC68FFFFFFFFFFC9FFF00031D162C1743736840BAB3DE
0EAA1C2632E48381800E766B175F55BAEBCAC72FFFFFFFFFFCAFFF000332162C1743736840BAB3F6
0EAA092632CD83817E0E764F175F3FBAFBCAC75FFFFFFFFFFC8FFF000359162C1743736840BAC30E
0EAA6126334F8381900E7678175F63BAFBCAC79FFFFFFFFFFC7FFF000377162C1743736840BAB326
0EAA162632E58381B40E7672175F5FBAEBCBC7DFFFFFFFFFFC7FFF00039D162C1743736840BAB33E
0EA9B826324C8381CA0E762B175F1FBB0BCBC84FFFFFFFFFFC8FFF0003B8162C1743736840BAB356
0EA9702631E98381D40E75B0175EC1BB1BCBC8EFFFFFFFFFFC8FFF0003D7162C1743736840BAB36E
0EAA2E26330B8381E00E7639175F36BB1BCBC95FFFFFFFFFFC8FFF0003F8162C1743736840BAB386
0EAA482633308381D20E7675175F62BB0BCBC98FFFFFFFFFFC8FFF00040B162C1643736840BAB39E
0EAA6626335F8381BD0E768D175F76BAFBCBC95FFFFFFFFFFC8FFF000424162C1643736840BA93B6
0EAA672633568381C70E7693175F7BBAEBCBC92FFFFFFFFFFC8FFF000439162C1643736840BAB3CE
0EAA022632CC8381E40E763A175F34BAEBCBC96FFFFFFFFFFC7FFF000451162C1643736840BA93E6
0EAA1D2632ED8381F60E7654175F4ABB0BCACA0FFFFFFFFFFC8FFF000476162C1643736840BA93FE
0EAA2E26330B8381F10E7660175F51BB0BCACA5FFFFFFFFFFC8FFF000484162C1643736840BA9316
0EA9F82632B88381ED0E7642175F36BAFBCACA5FFFFFFFFFFC8FFF000495162C1643736840BA932E
0EAA5726334A8381F00E765B175F4DBAFBCACA8FFFFFFFFFFC8FFF00049D162C1643736840BA9346
0EAA572633498381EF0E7686175F6FBAEBCACA9FFFFFFFFFFC8FFF0004A1162C1643736840BA935E
0EAAA52633C68381E70E76C8175FABBAFBCACA8FFFFFFFFFFC7FFF0004A2162C1543736840BA9376
0EAAA82633CF8381ED0E76D1175FB2BAFBCACA7FFFFFFFFFFC7FFF0004A4162C1543736840BA938E
0EAB332634978381F10E7762176029BB0BC9CAAFFFFFFFFFFC8FFF0004A8162C1543736840BA93A6
0EAB4D2634C68381F30E777717603DBB0BC9CABFFFFFFFFFFC8FFF0004A5162C1543736840BA93BE
0EAB352634A28382070E776D176037BB0BCACAFFFFFFFFFFFC8FFF0004A0162C1543736840BA93D6
0EAB022634538382060E776417602BBAFBC9CB4FFFFFFFFFFC9FFF0004AA162C1543736840BA93EE
0EAB402634BB8381DE0E772D175FFFBAFBC9CB1FFFFFFFFFFC9FFF0004A9162C1543736840BA9306
0EAB7D26350F8381DB0E7793176058BAFBC9CACFFFFFFFFFFC9FFF0004A5162C1543736840BA831E
0EAB772635058382020E77AB17606ABAEBC9CAFFFFFFFFFFFC8FFF0004A8162C1543736840BA9336
0EAB3B2634AD8382010E7771176037BAFBCACB5FFFFFFFFFFC8FFF0004AA162C1543736840BA834E
0EAB222634868381D30E775A176023BB0BCACB1FFFFFFFFFFC8FFF0004AF162C1443736740BA7366
0EAB172634788381AD0E774A176014BAFBCACA7FFFFFFFFFFC9FFF0004A9162C1443736740BA837E
0EAB5C2634DC8381B10E7769176030BAEBCACA1FFFFFFFFFFC7FFF0004A1162C1443736740BA7396
0EABA82635528381C60E77AF17606BBAFBCACA3FFFFFFFFFFC7FFF00049A162C1443736740BA73AE
0EABE52635AC8381BF0E78021760B1BB0BCACA7FFFFFFFFFFC8FFF0004A7162C1443736640BA73C6
0EABCA2635818381A90E78021760ADBB1BCACA5FFFFFFFFFFC8FFF0004A2162C1443736640BA73DE
0EAB8326350F83818D0E77D3176086BB1BCAC9FFFFFFFFFFFC9FFF000488162C1443736640BA73F6
0EAB9026352883817D0E77CC17607FBB2BCAC98FFFFFFFFFFC8FFF00047D162C1443736540BA530E
0EABBA26356883818D0E77E5176097BB2BCAC96FFFFFFFFFFC9FFF00046E162C1443736540BA7326
0EAB6E2634F08381AD0E77DF176092BB2BCAC9CFFFFFFFFFFC7FFF000452162C1443736540BA733E
0EAB0B2634648381CB0E7745176014BB1BCACA8FFFFFFFFFFC9FFF00043D162C1443736440BA5356
0EAB4B2634C68381F20E777E176048BB1BCACB3FFFFFFFFFFC8FFF00041D162C1443736440BA536E
0EAB362634A98381F80E778517604BBB1BC9CBDFFFFFFFFFFC8FFF000400162C1443736340BA7386
0EAB342634A38381EB0E7766176031BB0BC9CBEFFFFFFFFFFC7FFF0003DA162C1443736340BA539E
0EAB5E2634EC8382130E7789176053BAEBC9CC2FFFFFFFFFFC8FFF0003BA162C1443736340BA53B6
0EABCB26358D83822D0E77FA1760ADBAEBC9CCEFFFFFFFFFFC8FFF00038A162C1443736240BA53CE
0EABC526357E8382170E77F81760ACBAEBCACCEFFFFFFFFFFC7FFF000339162C1443736240BA53E6
0EAB6A2634FE83820A0E77C8176085BAFBC9CCBFFFFFFFFFFC8FFF00028B162C1443736240BA53FE
0EAB772635128382380E77AA176072BAFBC9CD3FFFFFFFFFFC7FFF00024D162C1543736240BA5316
0EAB652634FC83825F0E77B0176075BAFBCACE0FFFFFFFFFFC7FFF00027C162C1543736140BA532E
0EAB3E2634BB8382550E779517605FBAEBCACE5FFFFFFFFFFC8FFF00029E162C1543736140BA5346
0EAB2126348C8382360E777D176047BAFBC9CE1FFFFFFFFFFC8FFF000283162C1543736140BA535E
0EAB422634C28382170E7757176024BAFBC9CD9FFFFFFFFFFC9FFF000272162C1543736040BA5376
0EAB5C2634E183820F0E778B176050BAFBC9CD4FFFFFFFFFFC8FFF00027C162C1643736040BA538E
0EAB002634588382260E7747176019BAEBC9CD5FFFFFFFFFFC8FFF00028D162C1643736040BA33A6
0EAB552634D68382290E777017603BBAFBC9CD9FFFFFFFFFFC7FFF00025C162C1643735F40BA53BE
0EAB862635278382090E77A9176069BAEBC9CD7FFFFFFFFFFC7FFF000230162C1643735F40BA53D6
0EAB3A2634AE8381FC0E77A7176068BAFBC9CD3FFFFFFFFFFC8FFF000233162C1643735F40BA33EE
0EAACE2634068381F90E7756176020BAEBC9CCFFFFFFFFFFFC8FFF000247162C1743735F40BA3306
0EAAD026340C8381D80E7706175FDDBAEBC9CCAFFFFFFFFFFC8FFF000244162C1743735E40BA331E
0EAB372634A58381BC0E7736176004BAFBCACC2FFFFFFFFFFC8FFF000263162C1743735E40BA3336
0EAB542634C98381B60E7762176028BB0BCACBCFFFFFFFFFFC8FFF00029E162C1843735E40BA334E
0EABE12635A78381AF0E77E8176099BB0BCACBBFFFFFFFFFFC8FFF0002BA162C1843735E40BA3366
0EABE82635AF8381AC0E781F1760C4BAFBC9CBAFFFFFFFFFFC8FFF0002C6162C1843735E40BA337E
0EABFE2635CE83819B0E78361760D8BAEBC9CB7FFFFFFFFFFC9FFF0002BC162C1943735D40BA3396
0EABEB2635AF83817B0E78361760D7BAEBC9CAFFFFFFFFFFFC8FFF0002C5162C1943735D40BA33AE
0EABEB2635B083816C0E78251760C8BAEBC9CA9FFFFFFFFFFC8FFF0002D0162C1943735D40BA33C6
0EABC726357B83816F0E78131760BABAEBC9CA5FFFFFFFFFFC9FFF0002D4162C1A43735D40BA13DE
0EABFB2635C98381590E78311760D1BAEBC9CA3FFFFFFFFFFC8FFF0002DF162C1A43735D40BA13F6
0EAC012635CC8381200E78361760D3BAFBCAC9AFFFFFFFFFFC8FFF0002C9162C1A43735D40BA130E
0EABFC2635C28380ED0E782D1760C7BAFBCAC87FFFFFFFFFFC8FFF0002D3162C1B43735D40BA1326
0EABFF2635C58380EC0E78311760CFBB0BCAC7EFFFFFFFFFFC8FFF0002D0162C1B43735D40BA133E
0EABF52635B98381120E78301760CEBAFBCAC81FFFFFFFFFFC7FFF0002DE162C1B43735D40BA1356
0EABF32635B48381190E78291760C8BAFBCAC87FFFFFFFFFFC7FFF0002D8162C1B43735D40BA136E
0EAC022635C88380EA0E78321760CEBAEBC9C85FFFFFFFFFFC9FFF0002C9162C1C43735D40BA1386
0EABF52635AD8380A30E782C1760C6BAEBCAC77FFFFFFFFFFC9FFF0002D0162C1C43735D40BA139E
0EABD72635848380AA0E78201760BFBAFBCAC6DFFFFFFFFFFC9FFF0002D1162C1D43735C40BA13B6
0EABEA2635AA8380E70E78081760AEBAFBC9C73FFFFFFFFFFC8FFF0002C6162C1D43735C40BA13CE
0EAC042635DB83813C0E783E1760DFBB0BCAC89FFFFFFFFFFC7FFF0002CB162C1D43735C40BA13E6
0EABFB2635D68381970E78341760DBBAFBC9CA5FFFFFFFFFFC7FFF0002CA162C1D43735C40BA13FE
0EAC042635EB8381E10E783B1760E7BAFBC9CC0FFFFFFFFFFC8FFF0002CB162C1E43735C40BA1316
0EABAC26355B83822D0E77EB1760A2BAEBC9CDBFFFFFFFFFFC9FFF0002CE162C1E43735C40BA132E
0EA90C26317C8382830E759F175EC5BAEBCACF8FFFFFFFFFFC9FFF0002D2162C1E43735C40BA1346
0EAA2126331A8382CB0E765D175F61BAFBCAD14FFFFFFFFFFC9FFF0002CE162C1F43735C40BA135E
0EA9EC2632D18383060E761C175F2FBB0BCBD2AFFFFFFFFFFC9FFF0002D6162C1F43735C40B9F376
0EA9B926327D8383420E75BD175EE3BB0BCBD40FFFFFFFFFFC8FFF0002DF162C1F43735C40B9F38E
0EA92E2631BA8383990E7578175EABBB1BCAD59FFFFFFFFFFC8FFF0002D7162C2043735C40BA03A6
0EA81C26301083840C0E746F175DD1BB0BCBD7AFFFFFFFFFFC8FFF0002E6162C2043735B40B9F3BE
0EA5EF262CCE83847B0E7242175C0ABB0BCBD9EFFFFFFFFFFC7FFF0002FB162C2043735C40B9F3D6
0EA5A9262C5E8384B50E7209175BD7BB0BCCDBCFFFFFFFFFFC8FFF000306162C2143735C40B9F3EE
0EA56F262C0783848D0E71F4175BBFBB1BCCDC3FFFFFFFFFFC9FFF000313162C2143735C40B9F306
0EA637262D2F8384610E7315175CAEBB2BCDDBAFFFFFFFFFFC9FFF000313162C2143735B40B9F31E
0EA6B2262DE88384550E72C0175C6CBB2BCCDB1FFFFFFFFFFC9FFF00030E162C2143735B40B9F336
0EA6C1262DF78384560E7306175C9CBB1BCCDB0FFFFFFFFFFC9FFF000314162C2143735B40B9D34E
0EA573262BEC8384460E7278175C1FBB1BCCDAFFFFFFFFFFFC9FFF000315162C2243735B40B9F366
0EA54E262BCC8384320E71C0175B92BB2BCCDAAFFFFFFFFFFC9FFF00031A162C2243735B40B9D37E
0EA88226309C8384270E733B175CCCBB2BCCDA6FFFFFFFFFFC7FFF000309162C2243735B40B9D396
0EA89E2630C98384270E7492175DEBBB2BCCDA3FFFFFFFFFFC7FFF000304162C2243735B40B9D3AE
0EA87726309483842C0E74B2175E02BB2BCCDA4FFFFFFFFFFC8FFF000303162C2243735B40B9D3C6
0EA808262FEE8384320E746D175DC5BB2BCCDA6FFFFFFFFFFC8FFF0002F7162C2243735A40B9D3DE
0EA7D3262F9B83843E0E7431175D95BB2BCBDA9FFFFFFFFFFC8FFF0002F9162C2243735A40B9D3F6
0EA7A1262F518384420E73F1175D61BB1BCBDACFFFFFFFFFFC7FFF0002F6162C2243735A40B9D30E
0EA77E262F218384460E73CB175D40BB1BCBDAFFFFFFFFFFFC6FFF0002F2162C2243735A40B9D326
0EA7A2262F568384560E73A8175D2ABB1BCBDB3FFFFFFFFFFC8FFF0002E7162C2243735A40B9D33E
0EA576262BCB83847B0E70BC175AB5BB2BCBDBCFFFFFFFFFFC8FFF0002ED162C2243735A40B9D356
0EA1C32626628384AB0E6DF717586ABB3BCCDCAFFFFFFFFFFC8FFF0002ED162C2243735940B9D36E
0EA17C2625EA8384CC0E6D651757E6BB2BCDDD7FFFFFFFFFFC8FFF0002EA162C2243735940B9D386
0E9F752622CD8384DB0E6D0F1757A5BB2BCDDE2FFFFFFFFFFC8FFF0002DE162C2243735940B9D39E
0E9FD02623548384F20E6C2A1756DFBB3BCDDEAFFFFFFFFFFC8FFF0002DC162C2243735940B9C3B6
0E9F2C2622538385280E6BA117566DBB3BCEDF7FFFFFFFFFFC7FFF0002D7162C2243735940B9C3CE
0E9E7226213483855A0E6A9F175596BB3BCEE08FFFFFFFFFFC7FFF0002C8162C2243735940B9B3E6
0E9DC526204F83856D0E6A4E175550BB4BCEE13FFFFFFFFFFC7FFF0002C7162C2143735840B9B3FE
0E9CAE261E4E8385860E691A175444BB4BCFE1CFFFFFFFFFFC7FFF0002BD162C2143735840B9D316
0E93982610588385B00E5EC7174BB5BB4BCFE28FFFFFFFFFFC8FFF0002B3162C2143735840B9B32E
0E8E382608458385DE0E5A9117481ABB6BD0E37FFFFFFFFFFC8FFF0002A5162C2143735840B9B346
0E8DB02607568385FE0E59FD17478DBB7BD2E45FFFFFFFFFFC8FFF0002A5162C2143735840B9B35E
0E8CCA2605E483861F0E59541746F8BB8BD2E50FFFFFFFFFFC8FFF0002A2162C2143735840B9B376
0E8C682605488386420E58E3174697BB8BD3E5BFFFFFFFFFFC8FFF00029B162C2143735740B9B38E
0E8C6626053E83865F0E590A1746AFBB8BD3E66FFFFFFFFFFC8FFF0002A5162C2143735740B9B3A6
0E8C5F26052F83867F0E58FA1746A1BB8BD3E71FFFFFFFFFFC8FFF0002AA162C2043735740B993BE
0E8C6726053A8386B10E58FF1746A6BB7BD3E7FFFFFFFFFFFC8FFF0002AE162C2043735740B993D6
0E8C3A2604F88386EA0E58DF17468BBB7BD4E90FFFFFFFFFFC8FFF0002C4162C2043735740B9B3EE
0E8C8026055D8386D70E59201746C0BB8BD4E9AFFFFFFFFFFC8FFF0002D3162C2043735740B99306
0E8CA42605898386AD0E5AF117482EBBABD4E92FFFFFFFFFFC8FFF0002E2162C2043735640B9931E
0E8C5D26051F8386A20E59E7174757BB9BD3E8AFFFFFFFFFFC8FFF0002EA162C1F43735640B99336
0E8CAD26058F8386A70E59591746E5BB9BD3E89FFFFFFFFFFC9FFF000301162C1F43735640B9934E
0E8CB626059C83869E0E59521746DABB9BD3E89FFFFFFFFFFC8FFF00030E162C1F43735640B99366
0E8CCE2605BE83868B0E59611746E1BB9BD3E85FFFFFFFFFFC8FFF00032B162C1F43735540B9937E
0E8CAF26058A8386740E59651746E2BB9BD3E7FFFFFFFFFFFC8FFF000341162C1F43735540B99396
0E8CCB2605B18386490E59851746FCBB9BD3E76FFFFFFFFFFC8FFF000353162C1F43735540B993AE
0E8D4626066283862C0E599917470CBB9BD3E6BFFFFFFFFFFC8FFF000357162C1F43735540B993C6
0E8D4C26066B83863B0E59EA174753BB8BD3E67FFFFFFFFFFC7FFF00036C162C1F43735540B993DE
0E8D0426060083863D0E59CF174736BB9BD3E6BFFFFFFFFFFC7FFF00037F162C1E43735540B993F6
0E8DB226070F83860F0E5A13174772BB9BD3E66FFFFFFFFFFC6FFF000388162C1E43735440B9930E
0E8EE12608CE8385C80E5BDE1748E6BBABD3E55FFFFFFFFFFC6FFF000394162C1E43735440B98326
0E8FAF260A118385910E5C16174911BBABD3E40FFFFFFFFFFC7FFF00038F162C1E43735440B9833E
0E9181260CC98385860E5CEB1749D0BBBBD3E34FFFFFFFFFFC8FFF00038D162C1E43735440B99356
0E91C2260D518385940E5D90174A54BB9BD3E33FFFFFFFFFFC9FFF000394162C1E43735440B9836E
0E915C260C998385830E5DE8174AA2BB8BD3E33FFFFFFFFFFC7FFF0003AA162C1E43735440B97386
0E93D22610918385400E6158174D97BB8BD3E28FFFFFFFFFFC7FFF0003B1162C1E43735340B9739E
0E970C2615B58384EF0E64D117506ABB8BD2E11FFFFFFFFFFC6FFF0003B8162C1E43735340B973B6
0E9ABE261B258384C60E6461175020BB8BD2DFDFFFFFFFFFFC6FFF0003C1162C1E43735340B973CE
0EA05E2623BB8384B40E66D417523BBB7BD2DF2FFFFFFFFFFC6FFF0003D6162C1E43735340B973E6
0EA2502626B583849E0E6E50175861BB5BD2DEBFFFFFFFFFFC6FFF0003E4162C1E43735340B973FE
0EA35926285683848A0E6F0C17590FBB4BD1DE4FFFFFFFFFFC7FFF0003FA162C1E43735340B97316
0EA3EC26294E8384660E702D175A04BB4BD0DDBFFFFFFFFFFC8FFF000407162C1E43735340B9532E
0EA43C2629CA8384350E704C175A21BB4BCFDCFFFFFFFFFFFC8FFF000416162C1E43735240B95346
0EA494262A618384130E7023175A08BB4BCEDC1FFFFFFFFFFC8FFF000422162C1E43735240B9535E
0EA620262CC38383FB0E718A175B41BB5BCEDB7FFFFFFFFFFC8FFF000433162C1E43735240B95376
0EA688262D648383FC0E7235175BBEBB3BCEDB3FFFFFFFFFFC8FFF00042F162C1E43735240B9538E
0EA649262CF08384010E72C8175C3BBB3BCEDB3FFFFFFFFFFC8FFF00043C162C1E43735240B953A6
0EA565262BBC8384180E71A4175B50BB4BCDDB8FFFFFFFFFFC7FFF00044D162C1E43735240B953BE
0EA6A0262DA38384320E726A175C06BB2BCDDC0FFFFFFFFFFC8FFF000458162C1E43735240B953D6
0EA6D5262DEC8384480E72FC175C7EBB2BCDDC9FFFFFFFFFFC7FFF00045A162C1D43735240B953EE
0EA675262D628384500E72EC175C6DBB3BCDDCFFFFFFFFFFFC7FFF000459162C1D43735240B95306
0EA60D262CCF8384520E7296175C2DBB4BCDDD2FFFFFFFFFFC7FFF000468162C1D43735240B9531E
0EA6A0262DA98384620E72B6175C4CBB4BCDDD5FFFFFFFFFFC7FFF000462162C1D43735240B95336
0EA6A5262DB48384810E7264175C10BB5BCDDDDFFFFFFFFFFC8FFF000467162C1D43735140B9534E
0EA633262D008384970E726E175C12BB4BCDDE6FFFFFFFFFFC8FFF00046E162C1D43735140B95366
0EA608262CCA83849D0E7255175BFEBB2BCDDEDFFFFFFFFFFC9FFF00046D162C1D43735140B9437E
0EA62B262D008384A30E7268175C11BB2BCDDEFFFFFFFFFFFC8FFF000476162C1D43735140B94396
0EA5FA262CB48384C30E725E175C08BB3BCDDF5FFFFFFFFFFC9FFF00047C162C1D43735140B933AE
0EA5AC262C3C8384E30E721A175BD5BB2BCDE00FFFFFFFFFFC8FFF000484162C1D43735140B933C6
0EA449262A348384ED0E7116175AEDBB3BCDE07FFFFFFFFFFC8FFF000486162C1D43735140B933DE
0EA4332629FC8385050E7025175A32BB3BCCE0DFFFFFFFFFFC8FFF00047E162C1C43735140B933F6
0EA15926259483852F0E6BF41756B1BB2BCDE18FFFFFFFFFFC8FFF000487162C1C43735140B9330E
0E9D35261EFD8385450E6A87175555BB2BCDE24FFFFFFFFFFC8FFF000485162C1C43735140B93326
0E996426197983854A0E67301752A8BB3BCEE2AFFFFFFFFFFC8FFF000488162C1C43735140B9333E
0E993426190383856D0E659D175153BB4BCFE31FFFFFFFFFFC8FFF00047B162C1C43735140B93356
0E964B2614858385890E64A9175071BB4BCFE3CFFFFFFFFFFC8FFF000474162C1C43735140B9336E
0E9296260EE68385990E608F174D0CBB4BD0E45FFFFFFFFFFC8FFF00046B162C1B43735140B91386
0E94B926122983857F0E60B4174D31BB5BD1E45FFFFFFFFFFC8FFF00046F162C1B43735140B9139E
0E96D926155E8385650E6324174F2ABB6BD1E3EFFFFFFFFFFC8FFF000463162C1B43735140B913B6
0E96C72615128385660E636E174F7CBB7BD1E39FFFFFFFFFFC7FFF000454162C1B43735140B913CE
0E94F32612628385740E6270174EA1BB8BD1E3CFFFFFFFFFFC8FFF000444162C1B43735140B913E6
0E956726131383856E0E61CD174DFFBB8BD2E3DFFFFFFFFFFC7FFF000440162C1B43735140B913FE
0E956D2613178385580E6256174E75BB8BD1E3AFFFFFFFFFFC7FFF00042A162C1A43735140B91316
0E966B2614978385430E62CB174ED8BB7BD2E34FFFFFFFFFFC8FFF00041B162C1A43735140B9132E
0E97822616468385330E63CF174FA8BB7BD1E2EFFFFFFFFFFC8FFF000403162C1A43735140B91346
0E98832617BC83852F0E64B3175071BB7BD1E2BFFFFFFFFFFC7FFF0003E9162C1A43735140B9135E
0E97D52616C983853E0E6430175004BB7BD2E2DFFFFFFFFFFC7FFF0003CE162C1A43735140B91376
0E97FD26170083852E0E64AE17506ABB7BD2E2EFFFFFFFFFFC8FFF0003C1162C1A43735140B9138E
0E99642619288384FA0E68C21753E1BB6BD2E25FFFFFFFFFFC8FFF0003AA162C1943735140B913A6
0E9FD02622DC8384D10E6BCF175659BB6BD1E17FFFFFFFFFFC9FFF000388162C1943735140B903BE
0EA30F2627F38384CC0E6BC717566EBB7BD0E0FFFFFFFFFFFC6FFF000367162C1943735140B913D6
0EA673262D2F8384D20E6EAF175901BB6BD0E0FFFFFFFFFFFC9FFF000356162C1943735140B903EE
0EA74A262E968384BB0E736D175CC8BB6BCFE0CFFFFFFFFFFC7FFF000347162C1943735140B90306
0EA770262EDD8384860E7385175CE5BB4BCDE01FFFFFFFFFFC7FFF00032B162C1943735140B8F31E
0EA727262E668384490E72D1175C52BB3BCDDF0FFFFFFFFFFC7FFF000313162C1943735140B8F336
0EA75D262EC483843A0E7353175CC4BB4BCCDE3FFFFFFFFFFC7FFF0002FE162C1943735040B8F34E
0EA79C262F2D8384630E73D1175D33BB4BCCDE5FFFFFFFFFFC8FFF0002F5162C1943735040B8F366
0EA7C2262F6F8384520E73EF175D4FBB4BCDDEAFFFFFFFFFFC8FFF0002FC162C1943735140B8F37E
0EA7F0262FA48383F70E7466175DAEBB3BCDDDAFFFFFFFFFFC7FFF0002EA162C1943735040B8F396
0EA7F8262FAE8383AC0E7419175D6DBB3BCDDC0FFFFFFFFFFC7FFF0002D0162C1943735040B8F3AE
0EA8852630848383AA0E73F9175D55BB3BCCDB4FFFFFFFFFFC8FFF0002BB162C1943735040B8F3C6
0EA8722630778383BB0E7469175DAFBB2BCCDB4FFFFFFFFFFC8FFF0002C3162C1943735040B8D3DE
0EA9A32632448383940E75A2175EBABB1BCCDB2FFFFFFFFFFC8FFF0002B0162C1943735040B8D3F6
0EA91A26317383833E0E7578175E8EBB0BCCDA0FFFFFFFFFFC8FFF00029B162C1943735040B8D30E
0EA95C2631D58383020E751F175E47BB1BCCD8AFFFFFFFFFFC7FFF00028D162C1943735040B8D326
0EA9D62632838382DE0E7538175E58BB2BCBD79FFFFFFFFFFC7FFF00028A162C1943735040B8D33E
0EAA262632FF8382AD0E763A175F2EBB2BCBD6AFFFFFFFFFFC7FFF00028C162C1943735040B8D356
0EAA2E2633068382710E7642175F31BB2BCBD59FFFFFFFFFFC8FFF00027A162C1943734F40B8D36E
0EAA7E26337C83823F0E764A175F3ABB2BCBD47FFFFFFFFFFC7FFF000271162C1943734F40B8D386
0EAB202634708382260E7626175F19BB2BCBD39FFFFFFFFFFC7FFF000274162C1943734F40B8D39E
0EAA8F2633988382200E76B0175F8CBB2BCBD34FFFFFFFFFFC7FFF00028A162C1943734F40B8D3B6
0EAAEF26342C8382070E76E6175FB8BB1BCAD2DFFFFFFFFFFC7FFF000287162C1A43734F40B8D3CE
0EAB8D26352283820E0E775817601CBB1BCAD2AFFFFFFFFFFC8FFF00027E162C1A43734F40B8D3E6
0EAB6D2634ED8382330E7771176031BB1BCAD31FFFFFFFFFFC7FFF00027E162C1A43734F40B8C3FE
0EAAF626344183824C0E7738176004BB1BCAD3AFFFFFFFFFFC7FFF00029E162C1A43734F40B8D316
0EAB2426348A83823B0E774017600BBB1BCBD3EFFFFFFFFFFC8FFF0002A3162C1A43734F40B8D32E
0EAB432634AE83822A0E7783176044BB0BCCD3BFFFFFFFFFFC8FFF0002A4162C1A43734E40B8C346
0EAA8926339883823F0E7715175FEBBB1BCBD3CFFFFFFFFFFC8FFF0002A9162C1A43734E40B8C35E
0EAA2A26330F8382410E7664175F5DBB0BCBD40FFFFFFFFFFC8FFF0002B6162C1B43734E40B8B376
0EAAAF2633D483822A0E76E1175FBCBB0BCAD3EFFFFFFFFFFC8FFF0002BB162C1B43734E40B8B38E
0EAA3426331B8382150E76BA175F9BBB1BCAD38FFFFFFFFFFC8FFF0002B5162C1B43734E40B8B3A6
0EAA4C2633428382160E76A8175F8CBB1BCAD35FFFFFFFFFFC8FFF0002BD162C1B43734E40B8B3BE
0EAA5426334D8382320E76A5175F8DBB2BCAD39FFFFFFFFFFC8FFF0002C2162C1B43734E40B8B3D6
0EAA6526336783824B0E76B1175F98BB1BCAD41FFFFFFFFFFC8FFF0002BF162C1C43734E40B8B3EE
0EAA7326337C8382450E76BB175F9EBB0BCAD46FFFFFFFFFFC8FFF0002BC162C1C43734E40B89306
0EAA902633A783821D0E76CB175FA9BB0BCBD3FFFFFFFFFFFC9FFF0002B0162C1C43734E40B8B31E
0EAA9D2633B58381FD0E76BD175F9EBAFBCBD35FFFFFFFFFFC8FFF0002AC162C1C43734D40B89336
0EAABE2633F18382000E76CB175FAABAFBCAD2FFFFFFFFFFFC9FFF00029F162C1D43734D40B8934E
0EAAB22633DA8382180E76F2175FCCBB0BCBD33FFFFFFFFFFC9FFF000294162C1D43734D40B89366
0EAAB72633E48382290E76FE175FD8BB1BCBD3AFFFFFFFFFFC8FFF000283162C1D43734D40B8937E
0EAAD826341883821E0E76ED175FC5BB1BCBD3CFFFFFFFFFFC7FFF00027E162C1D43734D40B89396
0EAA952633B08382040E76C6175FA5BB0BCBD37FFFFFFFFFFC8FFF000274162C1E43734D40B893AE
0EAADD26341A8381FB0E76D8175FB6BB0BCBD32FFFFFFFFFFC7FFF000269162C1E43734D40B893C6
0EAAF426343C8381FD0E7700175FD4BAFBCCD31FFFFFFFFFFC7FFF000256162C1E43734D40B893DE
0EAAA22633BC8381E60E76FC175FD0BAFBCCD2FFFFFFFFFFFC7FFF000251162C1E43734D40B893F6
0EAAB62633DE8381C50E76EE175FC5BAFBCBD27FFFFFFFFFFC7FFF000246162C1F43734D40B8930E
0EAAE12634198381BD0E76F8175FCDBAFBCAD20FFFFFFFFFFC8FFF000235162C1F43734D40B89326
0EAAEB26342D8381BE0E770D175FDCBAEBCAD1FFFFFFFFFFFC8FFF000233162C1F43734D40B8933E
0EAAAB2633C78381BB0E7708175FD6BAEBCAD1EFFFFFFFFFFC8FFF000226162C1F43734C40B89356
0EAAE226341E8381B80E76EA175FC3BAEBCAD1DFFFFFFFFFFC8FFF000224162C2043734C40B8936E
0EAA6526335A8381B70E76DC175FB3BAFBCBD1CFFFFFFFFFFC7FFF000224162C2043734C40B88386
0EAA102632DB8381A30E766E175F59BAFBCBD1BFFFFFFFFFFC7FFF000229162C2043734C40B8839E
0EAA782633788381730E769F175F7FBAFBCBD12FFFFFFFFFFC7FFF000218162C2043734C40B873B6
0EAAB22633CC83814A0E76E6175FB7BAFBCBD04FFFFFFFFFFC8FFF00021E162C2143734C40B873CE
0EAB0026343D8381480E76F2175FC3BAFBCBCFCFFFFFFFFFFC7FFF000222162C2143734C40B873E6
0EAACF2633F183814E0E772F175FF2BAFBCACFBFFFFFFFFFFC7FFF000221162C2143734C40B873FE
0EAAE026341783814E0E76D9175FB2BAFBCACFCFFFFFFFFFFC7FFF000219162C2143734B40B87316
0EA9F02632978381450E7686175F61BAFBCACFBFFFFFFFFFFC7FFF000224162C2143734B40B8732E
0EA9A626322E83812B0E75E4175EE2BB1BCACF6FFFFFFFFFFC8FFF000228162C2243734B40B87346
0EAAB22633CF8381000E7699175F74BB2BCACEDFFFFFFFFFFC9FFF000221162C2243734B40B8535E
0EAB2F26348E8380DB0E76EB175FBABB1BCACE1FFFFFFFFFFC9FFF000221162C2243734B40B85376
0EAB7A2634EB8380DA0E7728175FE7BB1BCACD9FFFFFFFFFFC8FFF000222162C2243734B40B8538E
0EAB5D2634C28380E50E7772176029BB1BCBCDAFFFFFFFFFFC8FFF00022C162C2343734B40B853A6
0EAB642634D18380CF0E7796176044BB0BCACD8FFFFFFFFFFC7FFF000230162C2343734B40B853BE
0EAB6F2634E08380A60E77D5176077BAFBCACD0FFFFFFFFFFC7FFF00023C162C2343734B40B853D6
0EAAFF2634328380A00E7786176036BAFBCACC8FFFFFFFFFFC8FFF00023E162C2343734B40B853EE
0EAAF326341E8380AC0E7745176002BAFBCACC8FFFFFFFFFFC7FFF000240162C2343734B40B85306
0EAB182634558380A00E7743175FFEBAFBCACC9FFFFFFFFFFC7FFF00025A162C2443734B40B8531E
0EAB2F2634798380880E7769176019BAFBCACC4FFFFFFFFFFC8FFF00026D162C2443734B40B85336
0EAB3426347A8380810E7760176015BAFBCACBEFFFFFFFFFFC7FFF000275162C2443734B40B8534E
0EAB3526347C8380850E776717601ABAFBCBCBEFFFFFFFFFFC7FFF000283162C2443734B40B85366
0EAB452634988380830E7776176028BAFBCACBEFFFFFFFFFFC7FFF000279162C2443734B40B8537E
0EAB1526344E8380800E7766176018BAFBCACBCFFFFFFFFFFC7FFF000298162C2543734B40B85396
0EAAF92634228380810E7741175FFABAFBCACBBFFFFFFFFFFC7FFF0002BC162C2543734B40B843AE
0EAAE12634038380950E770F175FD1BB0BCACC1FFFFFFFFFFC8FFF0002BE162C2543734B40B843C6
0EAAE526340A8380A20E7720175FE1BB2BCACC8FFFFFFFFFFC8FFF0002A8162C2543734B40B833DE
0EAB0626343B8380990E772E175FEABB2BCACC8FFFFFFFFFFC8FFF0002A4162C2543734B40B843F6
0EAB202634608380920E775317600CBB0BCACC7FFFFFFFFFFC7FFF000292162C2543734B40B8330E
0EAB482634A18380A40E7758176011BAFBCBCC8FFFFFFFFFFC7FFF00025C162C2543734B40B83326
0EAB772634EA8380BA0E7795176043BAFBCBCCFFFFFFFFFFFC8FFF000234162C2543734B40B8333E
0EAB5E2634CA8380C90E77A117604FBAEBCBCD5FFFFFFFFFFC8FFF000236162C2543734B40B83356
0EAB3D2634938380D40E777917602EBAEBCACDAFFFFFFFFFFC8FFF00023D162C2643734B40B8336E
0EAB4226349F8380D70E777E176030BAEBCACDDFFFFFFFFFFC9FFF000243162C2643734B40B81386
0EAB362634898380DD0E777717602DBAEBCACDFFFFFFFFFFFC9FFF00024B162C2643734B40B8339E
0EAB3526348B8380EF0E776A176025BB0BCACE4FFFFFFFFFFC9FFF000249162C2643734B40B813B6
0EAB3D26349B8381050E777A176035BB0BCACEAFFFFFFFFFFC9FFF00023E162C2643734B40B813CE
0EAB4C2634B78381280E778017603CBB0BCBCF4FFFFFFFFFFC8FFF000229162C2643734C40B813E6
0EAB182634678381310E7779176034BAFBCACFCFFFFFFFFFFC8FFF000219162C2643734C40B813FE
0EAB342634888381200E7779176031BAFBCACFDFFFFFFFFFFC8FFF00020F162C2643734C40B81316
0EAAF726342F8381230E7754176013BAFBCACFBFFFFFFFFFFC8FFF00020A162C2643734C40B8132E
0EAAB72633D98381450E76D0175FB0BB0BCACFEFFFFFFFFFFC6FFF000206162C2643734C40B81346
0EAA352633178381730E7674175F61BB0BCAD0BFFFFFFFFFFC7FFF000206162C2643734C40B8135E
0EAA252632FF8381980E7665175F53BB1BCAD1AFFFFFFFFFFC9FFF000209162C2643734C40B81376
0EAA122632DA83819C0E7680175F65BB1BCAD22FFFFFFFFFFC8FFF000207162C2643734C40B8138E
0EA9DF2632938381960E7647175F33BB1BCAD23FFFFFFFFFFC7FFF00020F162C2643734C40B813A6
0EAA432633238381A40E766C175F5DBAFBCAD26FFFFFFFFFFC9FFF000202162C2643734C40B813BE
0EAAE02634298381CC0E7722175FF4BAEBCAD2FFFFFFFFFFFC8FFF000208162C2643734C40B813D6
0EAAF126343C8381F40E774017600FBAEBCAD3CFFFFFFFFFFC8FFF000214162C2643734D40B813EE
0EAAC92634078382050E770F175FE8BAEBCAD46FFFFFFFFFFC8FFF000222162C2643734D40B81306
0EAB532634D28382130E7726176000BB0BC9D4DFFFFFFFFFFC8FFF000221162C2643734D40B8131E
0EAB8F2635318382230E7767176031BB0BCAD53FFFFFFFFFFC8FFF000221162C2643734D40B7F336
0EABAF2635678382360E77C117607FBB0BCAD59FFFFFFFFFFC8FFF000236162C2643734D40B7F34E
0EAB892635318382510E77C7176086BAFBCAD5EFFFFFFFFFFC8FFF000264162C2643734D40B7F366
0EAB9726354983826A0E77CD17608CBB0BCAD68FFFFFFFFFFC8FFF000297162C2643734D40B7F37E
0EABA42635648382860E78031760BCBB1BCBD71FFFFFFFFFFC8FFF000290162C2643734D40B7F396
0EAB0426345C8382AD0E77B2176079BB0BCBD7DFFFFFFFFFFC7FFF000280162C2543734D40B7F3AE
0EA8F326314B8382D90E759A175EBFBAEBCBD8BFFFFFFFFFFC8FFF0002AE162C2543734D40B7F3C6
0EA9112631758382EB0E7594175ECBBAEBCBD96FFFFFFFFFFC8FFF000377162C2543734D40B7F3DE
0EA90526315E8382ED0E7596175EB5BB0BCBD9BFFFFFFFFFFC9FFF0003C0162C2543734D40B7D3F6
0EA9072631718383020E751D175E58BB0BCBD9FFFFFFFFFFFC8FFF0003CA162C2543734D40B7D30E
0EA94A2631D28383370E7561175E8CBB1BCCDAAFFFFFFFFFFC8FFF0003DF162C2443734D40B7D326
0EA86126306D8383750E74D3175E17BB1BCCDBCFFFFFFFFFFC9FFF0003EC162C2443734D40B7D33E
0EA7E6262FB88383870E7424175D8EBB1BCCDCAFFFFFFFFFFC8FFF0003F5162C2443734C40B7D356
0EA819262FFA8383760E7433175D92BB1BCCDCDFFFFFFFFFFC8FFF0003EF162C2443734C40B7D36E
0EA8F826315083837D0E7466175DBEBB1BCCDCCFFFFFFFFFFC8FFF0003D3162C2343734C40B7D386
0EA83626303B8383B30E7374175CFCBB1BCBDD6FFFFFFFFFFC8FFF0003CD162C2343734C40B7D39E
0EA7F1262FCF8383DB0E7430175D8FBB0BCCDE5FFFFFFFFFFC8FFF0003C7162C2343734C40B7D3B6
0EA7AA262F638383CE0E741F175D7FBB0BCCDECFFFFFFFFFFC8FFF0003BE162C2343734C40B7D3CE
0EA78C262F2B8383BE0E73FC175D63BB0BCCDE9FFFFFFFFFFC8FFF00039F162C2343734B40B7D3E6
0EA779262F2A8383EB0E73F0175D62BB1BCCDEDFFFFFFFFFFC7FFF000389162C2343734B40B7D3FE
0EA8B72630FD8384290E74BA175E0CBB0BCCDFEFFFFFFFFFFC7FFF00037E162C2343734B40B7C316
0EA7CD262F9283841F0E7484175DDABB0BCBE07FFFFFFFFFFC8FFF00037A162C2343734B40B7C32E
0EA7CD262F978384020E7412175D7DBAFBCBE03FFFFFFFFFFC7FFF000357162C2343734B40B7C346
0EA85C26306F83840F0E745E175DBEBB0BCBE01FFFFFFFFFFC8FFF000348162C2343734B40B7B35E
0EA6DB262E3083842B0E741A175D85BB2BCCE08FFFFFFFFFFC8FFF000346162C2343734B40B7B376
0EA51E262B838384390E727B175C19BB3BCCE0EFFFFFFFFFFC6FFF000347162C2343734B40B7B38E
0EA65E262D608384480E7267175C12BB3BCDE14FFFFFFFFFFC8FFF000338162C2343734B40B7B3A6
0EA5DB262C9F83844F0E7285175C2CBB2BCDE18FFFFFFFFFFC9FFF000338162C2443734B40B7B3BE
0EA48E262A8A83844C0E71A9175B65BB2BCDE1AFFFFFFFFFFC8FFF000337162C2443734B40B7B3D6
0EA3E82629A083844D0E7102175AEEBB3BCDE1AFFFFFFFFFFC7FFF000342162C2443734B40B7B3EE
0EA3A62629368384500E7062175A5FBB3BCDE1BFFFFFFFFFFC8FFF000344162C2443734B40B79306
0EA2E22628058384600E6FF2175A05BB3BCEE1EFFFFFFFFFFC8FFF00034B162C2443734B40B7931E
0EA2C02627D08384630E6F911759B5BB2BCEE21FFFFFFFFFFC9FFF000351162C2443734B40B79336
0EA2F126281683845B0E6F3017595EBB2BCEE21FFFFFFFFFFC9FFF00035F162C2443734B40B7934E
0EA2E42627FE83845A0E6F52175979BB3BCEE20FFFFFFFFFFC8FFF00035A162C2443734B40B79366
0EA2C32627D58384420E6F5F175983BB3BCFE1FFFFFFFFFFFC8FFF000357162C2543734A40B7937E
0EA3AA26292F8384070E6FF71759FEBB4BCFE11FFFFFFFFFFC6FFF000364162C2543734B40B79396
0EA4D0262B108383C90E716C175B38BB3BCEDFFFFFFFFFFFFC6FFF000359162C2543734A40B793AE
0EA5C4262C558383A60E719D175B58BB2BCEDEFFFFFFFFFFFC7FFF000341162C2543734A40B793C6
0EA6A4262DC28383820E720B175BB5BB2BCDDE4FFFFFFFFFFC8FFF000311162C2543734A40B793DE
0EA8A82630CE8383440E7467175DB8BB2BCDDD4FFFFFFFFFFC8FFF0002CB162C2643734A40B793F6
0EA87A2630798382F40E7538175E5BBB2BCCDBEFFFFFFFFFFC8FFF000284162C2643734A40B7930E
0EA91B2631798382A70E75CA175ED0BB3BCCDA5FFFFFFFFFFC8FFF000256162C2643734A40B79326
0EA9DC2632978382690E75E9175EECBB2BCCD8DFFFFFFFFFFC7FFF00023F162C2643734A40B7933E
0EA9FE2632C08382270E762F175F20BB1BCBD78FFFFFFFFFFC7FFF000233162C2743734A40B78356
0EAA492633398381D60E7666175F50BB0BCBD61FFFFFFFFFFC8FFF000222162C2743734A40B7836E
0EAAC02633D88381750E7727175FE9BB0BCBD44FFFFFFFFFFC8FFF000215162C2743734A40B77386
0EAAA72633A98381640E7681175F5FBB2BCBD31FFFFFFFFFFC7FFF00020A162C2743734A40B7839E
0EAADE26340D8381770E76C0175F98BB2BCBD2DFFFFFFFFFFC8FFF000201162C2843734A40B773B6
0EAAE12634198381780E76E0175FACBB1BCCD2EFFFFFFFFFFC8FFF00020A162C2843734A40B773CE
0EAAF526342E83814F0E772A175FEDBB0BCBD29FFFFFFFFFFC8FFF00020C162C2843734A40B773E6
0EAAF02634268381340E772B175FEFBB0BCBD1EFFFFFFFFFFC7FFF000206162C2843734940B773FE
0EAAE62634158381340E771D175FE3BB0BCBD1BFFFFFFFFFFC7FFF000206162C2843734940B77316
0EAB082634468381280E7734175FF5BAFBCBD19FFFFFFFFFFC8FFF000204162C2943734940B7732E
0EAAE82634218381130E772C175FECBAFBCBD15FFFFFFFFFFC8FFF00020A162C2943734940B75346
0EAAC72633ED8381080E7720175FE4BAFBCBD10FFFFFFFFFFC7FFF000202162C2943734940B7535E
0EAAC52633EB8381060E7718175FDCBB0BCBD0DFFFFFFFFFFC7FFF000206162C2943734940B75376
0EAAA32633BE8380F70E76EA175FB5BAFBCAD0AFFFFFFFFFFC9FFF00020C162C2943734840B7538E
0EAAC52633F58380DE0E770D175FD1BAEBCAD03FFFFFFFFFFC9FFF000214162C2A43734840B753A6
0EAACD2634038380CC0E770C175FD1BAEBCACFDFFFFFFFFFFC7FFF000211162C2A43734840B753BE
0EAAFC2634538380CC0E770C175FD0BAFBCACFBFFFFFFFFFFC7FFF000203162C2A43734840B753D6
0EAAFF26346A8380D30E7733175FEFBB0BCACFCFFFFFFFFFFC8FFF00020B162C2A43734840B753EE
0EAABF2634278380D70E7718175FDABB0BCACFEFFFFFFFFFFC8FFF000214162C2A43734840B75306
0EAABA2634268380D60E76FB175FC1BB0BCBD00FFFFFFFFFFC8FFF000210162C2A43734840B7531E
0EAAD12634478380CB0E7703175FC7BAFBCBCFEFFFFFFFFFFC7FFF00020F162C2A43734740B75336
0EAACD26343A8380C00E770B175FCEBB0BCACFBFFFFFFFFFFC7FFF00020C162C2A43734740B7534E
0EAABB26341C8380BD0E76FE175FC5BB0BCACF9FFFFFFFFFFC8FFF000210162C2A43734740B74366
0EAA5B2633738380BF0E76DD175FA7BB0BCBCF9FFFFFFFFFFC7FFF000208162C2B43734740B7437E
0EA9382631B78380D80E75DB175ECEBAFBCBCFCFFFFFFFFFFC8FFF00020A162C2A43734740B74396
0EA9342631B48380F20E755E175E6BBAFBCBD03FFFFFFFFFFC9FFF000207162C2B43734740B743AE
0EA9AC2632658380DE0E75D0175ECABAFBCBD08FFFFFFFFFFC9FFF000212162C2B43734740B733C6
0EAA3126331F8380C30E7645175F29BB0BCCD02FFFFFFFFFFC7FFF00020E162C2B43734740B733DE
0EAA2826330F8380D80E766E175F4DBB0BCBD01FFFFFFFFFFC8FFF000204162C2B43734740B733F6
0EA9B12632528380FF0E75F3175EE7BB1BCBD08FFFFFFFFFFC8FFF0001FF162C2B43734640B7330E
0EAA1D2632FA83810F0E7648175F31BB0BCBD13FFFFFFFFFFC8FFF00020B162C2B43734640B73326
0EAA482633398381010E765D175F3FBAFBCBD14FFFFFFFFFFC9FFF00020D162C2B43734640B7333E
0EAAA72633BC8380F70E76B5175F86BAFBCAD11FFFFFFFFFFC8FFF000201162C2B43734640B71356
0EAAB52633CC8381050E76E1175FB1BAFBCAD12FFFFFFFFFFC7FFF000203162C2B43734640B7136E
0EAA6326334E83811A0E76B5175F90BAFBCAD17FFFFFFFFFFC7FFF000207162C2B43734640B71386
0EAA782633758381320E76A9175F86BB0BCAD20FFFFFFFFFFC8FFF000201162C2B43734640B7139E
0EAAB82633D483813C0E76E0175FB2BAFBCAD27FFFFFFFFFFC9FFF000204162C2B43734640B713B6
0EAAD22633FE8381400E76EF175FC1BAFBCAD2AFFFFFFFFFFC9FFF000202162C2B43734640B713CE
0EAADE2634118381460E7710175FDABB0BCAD2CFFFFFFFFFFC9FFF0001FE162C2B43734640B713E6
0EAAEE26342A83814A0E7721175FE8BB1BC9D2DFFFFFFFFFFC9FFF000207162C2B43734640B713FE
0EAAEB2634258381500E7724175FEEBB1BCAD30FFFFFFFFFFC8FFF0001FF162C2B43734640B71316
0EAAE226341B8381670E7732175FFCBB1BCAD34FFFFFFFFFFC7FFF0001F1162C2B43734540B7132E
0EAA6A26336883818C0E76D8175FB3BB1BCAD3EFFFFFFFFFFC7FFF000200162C2B43734540B71346
0EAA222632F68381A20E7677175F65BB1BCAD48FFFFFFFFFFC8FFF00020B162C2B43734640B7035E
0EA9D526328483818E0E764B175F3DBB0BCAD49FFFFFFFFFFC8FFF000207162C2B43734540B71376
0EA9F12632AD8381700E7683175F66BB0BCBD43FFFFFFFFFFC8FFF0001FB162C2B43734540B7038E
0EAA5626334B8381840E764C175F3FBB0BCBD41FFFFFFFFFFC8FFF0001F5162C2B43734540B703A6
0EAA232632F88381B60E769F175F87BB0BCBD4CFFFFFFFFFFC7FFF000202162C2B43734540B6F3BE
0EAA1B2632F08381C70E7663175F51BB0BCBD57FFFFFFFFFFC7FFF000205162C2B43734540B6F3D6
0EA9EF2632AB8381CC0E7665175F53BB0BCBD5CFFFFFFFFFFC8FFF0001FD162C2B43734540B6F3EE
0EAA412633218381D10E7650175F42BB0BCBD5FFFFFFFFFFFC7FFF000203162C2B43734540B70306
0EAA542633478381CC0E7678175F64BB1BCBD60FFFFFFFFFFC7FFF000203162C2B43734540B6F31E
0EAA7B26337E8381CD0E7689175F73BB1BCBD60FFFFFFFFFFC9FFF0001FC162C2B43734540B6F336
0EAA362633178381D60E768E175F76BB1BCBD61FFFFFFFFFFC8FFF000202162C2B43734440B6F34E
0EA9DC2632938381D70E7667175F54BB1BCBD63FFFFFFFFFFC8FFF000200162C2B43734440B6F366
0EA9E026329B8381E90E7628175F23BB0BCBD66FFFFFFFFFFC8FFF0001F9162C2B43734440B6D37E
0EA9EE2632B68382090E7618175F18BB0BCBD6DFFFFFFFFFFC8FFF000201162C2B43734440B6F396
0EAA1E2632FE83821E0E765D175F52BB1BCBD75FFFFFFFFFFC8FFF000203162C2B43734440B6D3AE
0EA9E62632A38382040E7671175F5CBB2BCBD78FFFFFFFFFFC8FFF000207162C2B43734440B6D3C6
0EA9BC26326B8381CC0E7621175F1ABB1BCBD6CFFFFFFFFFFC7FFF000202162C2B43734440B6D3DE
0EA9A226324F8381CE0E761B175F18BB0BCBD63FFFFFFFFFFC9FFF0001F3162C2B43734340B6D3F6
0EA9BD2632A18381F80E75D1175EDFBB0BCBD6AFFFFFFFFFFC8FFF0001F7162C2B43734340B6D30E
0EA9862632628382030E75DE175EE4BB0BCBD72FFFFFFFFFFC9FFF0001FE162C2B43734340B6D326
0EA94D26320F83820B0E75E3175EE8BB1BCBD76FFFFFFFFFFC7FFF000203162C2B43734340B6D33E
0EA98C2632708382060E75C7175ED1BB1BCBD78FFFFFFFFFFC8FFF000204162C2B43734340B6D356
0EA99E26328A8381DD0E75EC175EEBBB1BCBD72FFFFFFFFFFC8FFF0001FC162C2B43734340B6D36E
0EA9A826329B8381B50E75F1175EEEBB1BCBD66FFFFFFFFFFC8FFF0001FB162C2C43734240B6C386
0EA98426326A8381C60E75E2175EE8BB0BCBD62FFFFFFFFFFC7FFF0001F5162C2C43734240B6D39E
0EA9ED26330F8381EE0E7627175F1FBB1BCBD6AFFFFFFFFFFC7FFF0001F6162C2C43734240B6C3B6
0EAA1D26334F8381EF0E762A175F24BB2BCCD71FFFFFFFFFFC7FFF0001FE162C2C43734240B6C3CE
0EAA152633448381DD0E7657175F46BB2BCBD6EFFFFFFFFFFC7FFF000202162C2C43734240B6B3E6
0EAA2726335A8381D30E7648175F3ABB2BCBD6BFFFFFFFFFFC8FFF000201162C2C43734240B6B3FE
0EAA2626335E8381CA0E7647175F3BBB2BCBD69FFFFFFFFFFC7FFF0001FA162C2C43734240B6B316
0EAA412633868381C90E7654175F43BB2BCAD68FFFFFFFFFFC7FFF0001F8162C2C43734140B6B32E
0EAA3626337D8381C70E7656175F46BB2BCAD67FFFFFFFFFFC8FFF0001FD162C2C43734140B6B346
0EAA4C26339B8381C00E766C175F55BB2BCBD66FFFFFFFFFFC5FFF0001FD162C2C43734140B6B35E
0EAA102633378381C40E7668175F55BB1BCBD66FFFFFFFFFFC7FFF000208162C2C43734140B6B376
0EA9C12632DA8381D50E760A175F0ABAFBCBD69FFFFFFFFFFC7FFF00020A162C2B43734140B6B38E
0EAA132633588381D80E7619175F11BAEBCBD6CFFFFFFFFFFC7FFF000208162C2B43734140B6B3A6
0EAA482633A68381C50E76A4175F89BAEBCBD6BFFFFFFFFFFC7FFF000209162C2B43734140B693BE
0EAA6F2633D08381AE0E76AD175F8BBAFBCBD65FFFFFFFFFFC7FFF00020A162C2B43734040B6A3D6
0EAA312633848381B20E7679175F5FBB0BCBD60FFFFFFFFFFC8FFF000206162C2B43734040B693EE
0EA96626326D8381D50E7538175E5CBB0BCBD66FFFFFFFFFFC8FFF000210162C2B43734040B69306
0EA8B82631498381E40E754E175E62BAFBCBD6FFFFFFFFFFFC7FFF000215162C2B43734040B6931E
0EA8DE2631938381CC0E7517175E3CBB0BCBD6FFFFFFFFFFFC8FFF000220162C2B43734040B69336
0EA9FA2633408381D10E75C0175ECABB0BCCD6DFFFFFFFFFFC8FFF000228162C2B43734040B6934E
0EA9FE26335E8381F90E763E175F34BB0BCCD73FFFFFFFFFFC9FFF00022B162C2B43734040B69366
0EA9DB26332E8381FE0E7613175F0FBB0BCBD7AFFFFFFFFFFC8FFF000238162C2B43734040B6937E
0EA9D12633238381E00E7613175F0CBB1BCBD79FFFFFFFFFFC9FFF000232162C2B43734040B69396
0EA9D626332D8381D30E761C175F16BB0BCBD72FFFFFFFFFFC8FFF000224162C2B43734040B693AE
0EA9DB2633418381FE0E760C175F0CBB0BCBD76FFFFFFFFFFC8FFF000226162C2B43734040B693C6
0EA9B826330A8382340E7612175F13BB1BCBD84FFFFFFFFFFC7FFF00022E162C2A43734040B683DE
0EA9B126330383823A0E75F7175EFEBB2BCBD8FFFFFFFFFFFC7FFF00021C162C2A43734040B683F6
0EA9C52633218382280E760A175F09BB2BCCD8FFFFFFFFFFFC7FFF00021D162C2A43734040B6830E
0EA9BC26331D83822F0E7608175F09BB2BCBD8EFFFFFFFFFFC8FFF00021B162C2A43734040B67326
0EA9E726335783823A0E7611175F11BB2BCBD91FFFFFFFFFFC8FFF000245162C2A43734040B6733E
0EAA052633818382410E761E175F1CBB2BCBD94FFFFFFFFFFC7FFF000280162C2A43734040B67356
0EAA0D2633A38382690E763B175F3ABB2BCBD9BFFFFFFFFFFC6FFF0002A7162C2A43734040B6736E
0EAA1C2633C283829F0E7625175F2CBB1BCBDABFFFFFFFFFFC9FFF0002B6162C2A43734040B67386
0EAA342633DE8382940E765B175F53BB1BCBDB3FFFFFFFFFFC8FFF0002CD162C2A43734040B6739E
0EAA2D2633D18382630E7660175F56BB1BCCDACFFFFFFFFFFC7FFF0002D7162C2A43734040B673B6
0EAA2E2633D883826C0E7665175F5FBB1BCBDA5FFFFFFFFFFC7FFF0002CA162C2943734040B653CE
0EA7F72630698382B90E7572175E95BB0BCBDB0FFFFFFFFFFC7FFF0002F3162C2943734040B653E6
0EA773262FB98382F00E7377175CF6BB0BCCDC5FFFFFFFFFFC8FFF000309162C2943734040B653FE
0EA753262F848382E70E745F175DB8BB1BCCDCFFFFFFFFFFFC8FFF000314162C2943734040B65316
0EA76C262FBB8382C90E74E6175E1BBB1BCCDCBFFFFFFFFFFC8FFF000312162C2943734040B6532E
0EA74F262F8E8382C10E74A6175DE5BB2BCCDC4FFFFFFFFFFC8FFF00031D162C2943734040B65346
0EA8162630BA8382DD0E742D175D86BB1BCCDC7FFFFFFFFFFC8FFF000322162C2943734040B6535E
0EA87D26315E8383100E74C8175E09BB1BCCDD4FFFFFFFFFFC7FFF000320162C2843734040B65376
0EA8112630BD83832D0E747E175DCBBB2BCCDE1FFFFFFFFFFC7FFF000333162C2843734040B6538E
0EA7E426307683832E0E7438175D93BB2BCCDE7FFFFFFFFFFC7FFF000339162C2843734040B643A6
0EA7C12630578383270E7429175D81BB3BCCDE7FFFFFFFFFFC8FFF000331162C2843734040B643BE
0EA7CB26305E8383260E7417175D73BB2BCDDE7FFFFFFFFFFC8FFF00031C162C2843734040B653D6
0EA7C526306A83833D0E73A5175D1EBB2BCDDE9FFFFFFFFFFC8FFF000320162C2843734040B643EE
0EA8632631598383610E746A175DBABB3BCCDF3FFFFFFFFFFC8FFF000322162C2843734040B64306
0EA8102630E983836D0E744D175DA2BB2BCCDFBFFFFFFFFFFC8FFF000311162C2843734040B6331E
0EA7EF2630BC83835F0E7471175DBEBB2BCCDFCFFFFFFFFFFC8FFF000307162C2843734040B63336
0EA7F72630C88383590E7430175D87BB2BCCDFAFFFFFFFFFFC7FFF0002F5162C2843734040B6334E
0EA80F2630ED8383720E73CA175D35BB3BCCDFCFFFFFFFFFFC7FFF0002E2162C2843734040B63366
0EA85E2631728383940E74D9175E18BB2BCCE06FFFFFFFFFFC8FFF0002E0162C2843734040B6337E
0EA8752631908383970E74C6175E08BB1BCBE0CFFFFFFFFFFC8FFF0002D5162C2743734040B63396
0EA80B2631268383990E7472175DC5BB0BCCE0DFFFFFFFFFFC8FFF0002C5162C2743734040B633AE
0EA83B2631778383A30E74DF175E1EBB1BCCE11FFFFFFFFFFC7FFF0002BE162C2743734040B633C6
0EA8982631EF8383A50E74C5175E0CBB1BCDE13FFFFFFFFFFC7FFF0002B5162C2743734040B623DE
0EA9862633408383AE0E751A175E52BB1BCDE15FFFFFFFFFFC8FFF0002A9162C2743733F40B613F6
0EA92B2632C78383BD0E7544175E75BB0BCCE19FFFFFFFFFFC8FFF0002A4162C2743733F40B6130E
0EA54B262D008383BF0E74FD175E30BB0BCCE1CFFFFFFFFFFC8FFF000294162C2743733F40B61326
0EA1FC26284D8383BE0E724A175BD4BB1BCCE1DFFFFFFFFFFC7FFF000285162C2743733F40B6133E
0EA19E2627468383C30E7000175A1DBB2BCCE1EFFFFFFFFFFC7FFF00026B162C2743733F40B61356
0EA19726273F8383BC0E6E881758BCBB4BCCE1EFFFFFFFFFFC8FFF00026C162C2743733F40B6136E
0EA18526273A8383B90E6E1B175872BB3BCCE1CFFFFFFFFFFC7FFF000269162C2743733E40B61386
0EA1752626F38383C80E6DD0175830BB3BCDE1EFFFFFFFFFFC7FFF000259162C2743733E40B6139E
0EA14C2626B68383DC0E6D9F175806BB3BCDE23FFFFFFFFFFC8FFF000246162C2743733E40B603B6
0EA1342626978383E40E6DCC175827BB3BCEE29FFFFFFFFFFC8FFF000244162C2743733E40B603CE
0EA1222626778383C90E6D921757F6BB2BCFE27FFFFFFFFFFC8FFF000244162C2743733E40B603E6
0EA18C2627208383AC0E6E691758A6BB3BCEE1EFFFFFFFFFFC8FFF00022E162C2743733D40B603FE
0EA1AD2627398383AF0E6E1217585FBB4BCFE1AFFFFFFFFFFC8FFF000228162C2743733D40B61316
0EA13D2626A08383C50E6DD117582ABB5BCFE1DFFFFFFFFFFC8FFF000221162C2743733D40B6032E
0EA11126265A8383C80E6DC417581DBB6BCFE20FFFFFFFFFFC8FFF00020D162C2743733D40B5F346
0EA0FE26264C8383C00E6D811757E1BB5BCFE21FFFFFFFFFFC8FFF000209162C2743733D40B5F35E
0EA10A26265C8383AD0E6D771757D7BB5BCFE1EFFFFFFFFFFC7FFF000205162C2843733D40B5F376
0EA12926268C83839A0E6D851757E4BB5BCFE18FFFFFFFFFFC7FFF000202162C2843733C40B5F38E
0EA22A2628018383920E6DB517580BBB5BCFE13FFFFFFFFFFC8FFF0001F8162C2843733C40B5E3A6
0EA1A726274C8383950E6E1A175863BB4BCFE12FFFFFFFFFFC7FFF0001E9162C2843733C40B5F3BE
0EA0F42626338383A40E6D821757E0BB4BCFE14FFFFFFFFFFC7FFF0001F6162C2843733C40B5D3D6
0EA10326265483839E0E6D821757DBBB4BCEE17FFFFFFFFFFC8FFF0001F5162C2843733C40B5D3EE
0EA1A22627438383840E6E2917586DBB4BCEE12FFFFFFFFFFC9FFF0001FD162C2843733B40B5D306
0EA2C62628DB8383770E6E4A17588FBB4BCEE0CFFFFFFFFFFC8FFF0001F8162C2843733B40B5D31E
0EA25C26286083837F0E6E4D175888BB4BCEE0BFFFFFFFFFFC6FFF0001F5162C2843733B40B5D336
0EA1E92627B28383800E6E5317588BBB4BCEE0DFFFFFFFFFFC7FFF0001EE162C2943733B40B5D34E
0EA23226281783837C0E6E4A175889BB4BCEE0CFFFFFFFFFFC8FFF0001F6162C2943733A40B5D366
0EA2352628638383800E6E3A17587BBB4BCEE0CFFFFFFFFFFC8FFF0001F1162C2943733A40B5D37E
0EA2272628518383770E6E3D175881BB2BCEE0CFFFFFFFFFFC8FFF0001FC162C2943733A40B5D396
0EA3AE262A778383550E7021175A13BB3BCEE05FFFFFFFFFFC8FFF0001FA162C2943733A40B5D3AE
0EA486262BAB8383450E7015175A02BB3BCEDFEFFFFFFFFFFC8FFF0001F1162C2943733940B5D3C6
0EA2CE26290883835F0E7030175A1CBB3BCEDFEFFFFFFFFFFC9FFF0001E9162C2943733940B5C3DE
0EA0B52625FE83837D0E6D941757F0BB2BCEE06FFFFFFFFFFC9FFF0001FB162C2943733940B5C3F6
0EA0B22625EF83837E0E6DB9175809BB2BCEE0BFFFFFFFFFFC8FFF000205162C2943733940B5C30E
0EA0B72625F78383630E6DC017580BBB2BCEE08FFFFFFFFFFC7FFF000204162C2943733840B5C326
0EA0F526265683833D0E6E60175897BB2BCEDFFFFFFFFFFFFC9FFF0001FB162C2943733840B5C33E
0EA1092626778383330E6EA41758C7BB3BCEDF8FFFFFFFFFFC7FFF000206162C2943733840B5B356
0EA09B2625D68383510E6D621757C6BB5BCEDF9FFFFFFFFFFC7FFF000209162C2943733740B5B36E
0EA07326259783836E0E6CF0175765BB5BCFE01FFFFFFFFFFC8FFF000221162C2943733740B5B386
0EA0992625DD8383620E6D3A17579ABB5BCFE06FFFFFFFFFFC8FFF00022F162C2943733740B5B39E
0EA14C2626E083833B0E6EBC1758E9BB5BCFDFEFFFFFFFFFFC8FFF000236162C2943733740B5B3B6
0EA14226270B83832B0E6EBD1758DFBB4BCEDF7FFFFFFFFFFC8FFF000234162C2943733640B5B3CE
0EA1272626BC8383390E6DA21757FABB4BCEDF5FFFFFFFFFFC8FFF000247162C2943733640B5B3E6
0EA0482625648383470E6D2C17578EBB5BCEDF9FFFFFFFFFFC8FFF00025B162C2943733640B593FE
0EA02D2625338383390E6D4D1757A6BB5BCEDFAFFFFFFFFFFC8FFF00026A162C2A43733640B59316
0EA05626256C83831E0E6CE9175759BB6BCEDF3FFFFFFFFFFC8FFF000266162C2A43733540B5932E
0EA07B2625C783830E0E6D5D1757B4BB6BCEDEEFFFFFFFFFFC7FFF000270162C2A43733540B59346
0EA01726251B83830F0E6D2B17578EBB5BCEDEBFFFFFFFFFFC7FFF00027A162C2A43733440B5935E
0EA00326250283831D0E6C791756F8BB4BCFDECFFFFFFFFFFC9FFF00027E162C2A43733440B59376
0EA1072626AD8383110E6CC617573ABB4BCFDEDFFFFFFFFFFC9FFF000287162C2A43733440B5938E
0EA16626271E8382FB0E6D4917579EBB4BCFDE8FFFFFFFFFFC8FFF00027C162C2A43733340B593A6
0EA1922627598382EA0E6D7F1757CABB3BCEDE2FFFFFFFFFFC7FFF00026C162C2A43733340B593BE
0EA2862628B88382E10E6D5B1757AEBB3BCEDDDFFFFFFFFFFC5FFF000270162C2A43733240B583D6
0EA2DD2629678382E00E6D9E1757F7BB3BCEDDBFFFFFFFFFFC7FFF000261162C2A43733240B583EE
0EA395262AA78382CA0E6EA01758C3BB3BCEDD7FFFFFFFFFFC8FFF000254162C2A43733240B58306
0EA486262BDD8382AF0E70EB175AACBB3BCDDD1FFFFFFFFFFC7FFF000245162C2A43733140B5831E
0EA50E262CD58382C20E702A175A10BB3BCDDCFFFFFFFFFFFC8FFF00023C162C2A43733140B58336
0EA58B262DA68382EE0E71DB175B7BBB3BCDDD7FFFFFFFFFFC8FFF00022B162C2A43733140B5834E
0EA52D262D198382EE0E7169175B1FBB3BCDDDFFFFFFFFFFFC8FFF00021D162C2A43733140B57366
0EA551262D658382B20E7095175A64BB4BCDDD9FFFFFFFFFFC8FFF00021A162C2A43733140B5737E
0EA537262D358382810E7153175B08BB4BCEDC7FFFFFFFFFFC9FFF000205162C2B43733040B57396
0EA523262D2283828F0E7140175AF9BB4BCDDC0FFFFFFFFFFC7FFF0001F7162C2B43733040B573AE
0EA50C262D0C8382AF0E70B0175A80BB5BCDDC5FFFFFFFFFFC8FFF0001ED162C2B43733040B573C6
0EA50F262D2E8382BB0E7165175B10BB3BCDDCCFFFFFFFFFFC9FFF0001F1162C2B43733040B563DE
0EA4C4262CA48382C60E713F175AFBBB2BCDDD0FFFFFFFFFFC9FFF0001E4162C2B43733040B553F6
0EA521262D2E8382C20E70FD175ACDBB2BCDDD2FFFFFFFFFFC9FFF0001ED162C2B43733040B5530E
0EA52B262D4683829E0E7184175B35BB2BCDDCDFFFFFFFFFFC8FFF0001E6162C2B43732F40B55326
0EA544262D5D83827B0E71C7175B69BB2BCDDC1FFFFFFFFFFC7FFF0001E5162C2B43732F40B5533E
0EA562262D978382840E718B175B3ABB3BCDDBDFFFFFFFFFFC7FFF0001DA162C2B43732F40B55356
0EA561262D9983828A0E716F175B23BB3BCDDBEFFFFFFFFFFC7FFF0001E2162C2C43732F40B5536E
0EA573262DBA83827E0E718C175B35BB3BCDDBEFFFFFFFFFFC7FFF0001E9162C2C43732F40B55386
0EA588262DD48382790E7199175B48BB2BCCDBCFFFFFFFFFFC8FFF0001DB162C2C43732F40B5539E
0EA563262DAB8382810E719A175B46BB2BCCDBCFFFFFFFFFFC8FFF0001DB162C2C43732F40B553B6
0EA438262BD48382890E7199175B3BBB2BCCDBFFFFFFFFFFFC8FFF0001DF162C2C43732F40B553CE
0EA609262E568382800E71B0175B4FBB2BCCDBEFFFFFFFFFFC9FFF0001DE162C2C43732F40B553E6
0EA576262DB683826C0E71AE175B4EBB2BCCDBCFFFFFFFFFFC9FFF0001E0162C2C43732E40B553FE
0EA5B4262E2383825C0E715F175B15BB2BCCDB5FFFFFFFFFFC8FFF0001DA162C2D43732E40B54316
0EA611262ECF8382590E71A5175B51BB2BCCDB2FFFFFFFFFFC8FFF0001D8162C2D43732E40B5332E
0EA7682630E083826B0E72EA175C69BB2BCCDB2FFFFFFFFFFC8FFF0001DC162C2D43732E40B53346
0EA8672632628382820E74D3175DF5BB3BCCDB9FFFFFFFFFFC8FFF0001D7162C2D43732E40B5335E
0EA84B26323383827A0E744C175D83BB3BCCDBDFFFFFFFFFFC8FFF0001DC162C2D43732E40B53376
0EA86A2632758382610E745C175D98BB1BCCDB9FFFFFFFFFFC8FFF0001D0162C2D43732E40B5338E
0EA87F26328D8382590E7470175DB2BB2BCCDB5FFFFFFFFFFC8FFF0001D3162C2D43732E40B533A6
0EA82C2632278382650E73EB175D4EBB1BCCDB4FFFFFFFFFFC8FFF0001D3162C2D43732E40B533BE
0EA84C2632488382750E7482175DBFBB0BCBDB9FFFFFFFFFFC8FFF0001CC162C2D43732E40B533D6
0EA5CB262E9C8382750E7460175DA0BB0BCBDBBFFFFFFFFFFC8FFF0001D3162C2D43732E40B513EE
0EA610262F6283826C0E73B1175D10BB1BCBDBAFFFFFFFFFFC8FFF0001D2162C2E43732E40B53306
0EA7392630A78382740E7375175CD9BB1BCBDBAFFFFFFFFFFC7FFF0001C9162C2E43732E40B5231E
0EA6AA262FDE8382880E7317175C90BB0BCCDBEFFFFFFFFFFC8FFF0001CE162C2E43732E40B51336
0EA63A262F3083828D0E737E175CE0BB1BCCDC2FFFFFFFFFFC8FFF0001D1162C2E43732E40B5134E
0EA695262FB58382800E7358175CC6BB2BCCDC2FFFFFFFFFFC7FFF0001D3162C2E43732E40B51366
0EA656262F638382850E7317175C8DBB2BCCDC0FFFFFFFFFFC7FFF0001D1162C2E43732E40B5237E
0EA692262FB883829E0E7304175C78BB3BCCDC4FFFFFFFFFFC8FFF0001C6162C2E43732E40B51396
0EA6B1262FED8382A20E72DF175C55BB2BCCDC8FFFFFFFFFFC7FFF0001CF162C2E43732E40B513AE
0EA4FF262DE383829C0E7300175C79BB1BCCDC9FFFFFFFFFFC7FFF0001D4162C2E43732E40B513C6
0EA6BB262FDF83829B0E72CE175C4EBB1BCCDC8FFFFFFFFFFC7FFF0001CD162C2E43732E40B513DE
0EA6B8262FF28382A70E72E2175C63BB1BCCDC9FFFFFFFFFFC8FFF0001CC162C2E43732E40B503F6
0EA689262FAC8382C80E7336175CABBB1BCCDD1FFFFFFFFFFC8FFF0001C4162C2E43732E40B5030E
0EA5EA262EBB8382E70E7365175CC8BB2BCCDDBFFFFFFFFFFC8FFF0001D7162C2E43732E40B50326
0EA55E262DFD8382D60E7286175C1ABB4BCCDDFFFFFFFFFFFC7FFF0001E0162C2E43732E40B5033E
0EA686262FA88382A80E72C2175C43BB4BCCDD6FFFFFFFFFFC7FFF0001D4162C2E43732E40B50356
0EA6A8262FDC83829E0E72C6175C49BB4BCCDCDFFFFFFFFFFC7FFF0001C8162C2E43732E40B4F36E
0EA6E726302B8382C80E72FE175C7EBB3BCCDD1FFFFFFFFFFC7FFF0001CF162C2E43732E40B4F386
0EA336262A9183830F0E7035175A31BB3BCCDE2FFFFFFFFFFC7FFF0001E0162C2E43732E40B4F39E
0EA2A62629AE8383200E6F621759AEBB4BCCDF1FFFFFFFFFFC6FFF0001E9162C2E43732E40B4E3B6
0EA474262CA88382E90E7287175C1EBB3BCDDEEFFFFFFFFFFC8FFF0001D9162C2F43732E40B4F3CE
0EA6CE262FF18382C60E73A8175D03BB3BCDDE0FFFFFFFFFFC8FFF0001D3162C2F43732E40B4E3E6
0EA5DD262E948382E30E7212175BAFBB3BCDDDEFFFFFFFFFFC8FFF0001D4162C2F43732E40B4D3FE
0EA28926299383830E0E6ED617590CBB3BCCDE7FFFFFFFFFFC8FFF0001D8162C2F43732E40B4E316
0EA1D42628AC8383180E6E0E175876BB2BCCDF0FFFFFFFFFFC9FFF0001E3162C2F43732E40B4D32E
0EA34E262AC68383070E703A175A22BB3BCCDF0FFFFFFFFFFC8FFF0001DE162C2F43732E40B4D346
0EA671262F8F8383090E709B175A7CBB4BCDDEEFFFFFFFFFFC6FFF0001D7162C2F43732D40B4D35E
0EA4FD262D8E83831B0E70C4175AB2BB3BCDDF1FFFFFFFFFFC8FFF0001D0162C2E43732D40B4D376
0EA32D262AB183831A0E701C175A0DBB3BCDDF4FFFFFFFFFFC8FFF0001DD162C2E43732D40B4D38E
0EA349262AEE83830C0E6FC31759CBBB4BCDDF2FFFFFFFFFFC8FFF0001DF162C2E43732D40B4D3A6
0EA2EF262A598383130E7031175A14BB4BCDDF1FFFFFFFFFFC7FFF0001D7162C2E43732D40B4D3BE
0EA28A2629A68383200E6F3A175953BB3BCCDF4FFFFFFFFFFC7FFF0001D8162C2E43732D40B4D3D6
0EA27126297D83831D0E6F0A175927BB2BCDDF5FFFFFFFFFFC8FFF0001D6162C2E43732D40B4C3EE
0EA23026293C83831C0E6F09175921BB2BCDDF5FFFFFFFFFFC8FFF0001D4162C2E43732C40B4C306
0EA14F2627DB8383200E6F06175920BB3BCDDF6FFFFFFFFFFC8FFF0001DD162C2E43732C40B4C31E
0EA0B42626D78383290E6E32175878BB2BCEDF8FFFFFFFFFFC7FFF0001DC162C2D43732C40B4C336
0EA09F2626C08383240E6E48175881BB2BCEDF9FFFFFFFFFFC7FFF0001D6162C2D43732C40B4B34E
0EA0E726272D8383220E6D841757E0BB3BCEDF8FFFFFFFFFFC8FFF0001D0162C2D43732C40B4B366
0EA1672627D383831A0E6E1C17585ABB3BCEDF7FFFFFFFFFFC8FFF0001DB162C2D43732B40B4B37E
0EA0C32626F38383190E6E1E175858BB4BCEDF5FFFFFFFFFFC8FFF0001D9162C2D43732B40B4B396
0EA07626266183832F0E6D09175774BB4BCDDF8FFFFFFFFFFC8FFF0001D5162C2C43732B40B4B3AE
0EA02C2625EF8383400E6C8817570BBB3BCDDFEFFFFFFFFFFC7FFF0001D1162C2C43732B40B4A3C6
0EA04226261A83833B0E6CC3175737BB3BCEE01FFFFFFFFFFC6FFF0001DB162C2C43732B40B4A3DE
0EA04726262583832A0E6CB917572EBB4BCEDFEFFFFFFFFFFC7FFF0001D1162C2C43732A40B493F6
0EA0092625D18383230E6CCB17573DBB4BCEDFAFFFFFFFFFFC8FFF0001D3162C2C43732A40B4930E
0E9F3D2624748383360E6C341756BDBB4BCEDFCFFFFFFFFFFC7FFF0001D6162C2B43732A40B49326
0E9D812621DE83834A0E69CE1754C4BB4BCEE02FFFFFFFFFFC7FFF0001D4162C2B43732A40B4933E
0E9DA126222383834C0E6AB817556ABB3BCEE06FFFFFFFFFFC7FFF0001D9162C2B43732A40B49356
0E9CF726211C8383530E6A48175526BB4BCFE08FFFFFFFFFFC8FFF0001D6162C2B43732A40B4936E
0E9C7A2620548383570E6A5517552BBB5BCFE0AFFFFFFFFFFC7FFF0001DA162C2B43732940B49386
0E9CF22621068383440E69B3175498BB4BD0E08FFFFFFFFFFC8FFF0001D7162C2B43732940B4939E
0E9DBD26222A83833F0E69ED1754C8BB4BD0E04FFFFFFFFFFC7FFF0001D3162C2B43732940B493B6
0E9C10261F928383630E690917540ABB4BCFE08FFFFFFFFFFC8FFF0001D5162C2A43732940B483CE
0E9B82261ECA83837C0E67C8175302BB5BD0E12FFFFFFFFFFC9FFF0001DB162C2A43732940B483E6
0E9BBB261F1A83836C0E68901753A9BB5BD0E15FFFFFFFFFFC9FFF0001D7162C2A43732940B483FE
0E9D3E26216D8383500E6A50175524BB5BD0E0FFFFFFFFFFFC8FFF0001D3162C2A43732940B48316
0E9E702622F883834F0E6A5A17552FBB5BCFE0AFFFFFFFFFFC7FFF0001D1162C2A43732840B4832E
0E9BE5261F2F8383730E691617540EBB5BCFE0EFFFFFFFFFFC7FFF0001D6162C2A43732840B48346
0E99E6261C448383930E669C17520FBB5BCFE19FFFFFFFFFFC7FFF0001DE162C2A43732840B4835E
0E99D4261C278383910E66AD17520DBB5BCFE1FFFFFFFFFFFC9FFF0001DE162C2A43732840B47376
0E9A1E261C948383780E67CB175305BB5BD0E1CFFFFFFFFFFC9FFF0001D4162C2A43732840B4738E
0E9AAE261D6083835E0E698D175472BB5BD0E14FFFFFFFFFFC8FFF0001D7162C2A43732840B473A6
0E9A4F261CEA8383640E68E41753EDBB5BD0E10FFFFFFFFFFC8FFF0001D1162C2A43732840B473BE
0E99B5261BDE8383870E66B6175213BB4BD0E16FFFFFFFFFFC9FFF0001DA162C2A43732740B463D6
0E9922261B1D8383A10E65E0175169BB5BD0E1FFFFFFFFFFFC8FFF0001DB162C2A43732740B463EE
0E998C261B9F83838B0E66301751A1BB6BD0E21FFFFFFFFFFC8FFF0001D9162C2A43732740B46306
0E99A2261BCE8383770E6755175288BB5BCFE1BFFFFFFFFFFC8FFF0001D1162C2A43732740B4531E
0E991A261AF383837E0E66891751E8BB5BCFE1AFFFFFFFFFFC7FFF0001DB162C2A43732740B45336
0E98F6261AC08383820E66A0175200BB6BCFE1BFFFFFFFFFFC7FFF0001DA162C2A43732740B4534E
0E9922261B0D83837B0E6608175179BB6BD0E19FFFFFFFFFFC7FFF0001D5162C2A43732740B45366
0E994E261B438383890E65E4175160BB5BD0E1BFFFFFFFFFFC8FFF0001CF162C2A43732640B4537E
0E98FA261AC68383950E65CD17514CBB6BD0E1FFFFFFFFFFFC8FFF0001DC162C2B43732640B45396
0E98D9261A8D8383860E660C17517BBB7BD1E20FFFFFFFFFFC9FFF0001D4162C2B43732640B453AE
0E994A261B368383700E65EE175165BB7BD0E1BFFFFFFFFFFC8FFF0001D6162C2B43732640B453C6
0E99A7261BC883837B0E660D17517FBB7BCFE17FFFFFFFFFFC7FFF0001D4162C2B43732640B443DE
0E98C6261A6B8383A60E6577175103BB7BD0E1FFFFFFFFFFFC7FFF0001DA162C2B43732640B443F6
0E986B2619E28383AE0E652E1750D1BB6BD0E28FFFFFFFFFFC7FFF0001D7162C2B43732640B4430E
0E9919261AFB8383870E65FB175171BB6BD0E25FFFFFFFFFFC7FFF0001DE162C2B43732640B44326
0E9A35261C9283835D0E672217525FBB6BD0E19FFFFFFFFFFC8FFF0001DE162C2B43732540B4433E
0E99E7261C258383600E66861751E4BB7BD0E12FFFFFFFFFFC8FFF0001D9162C2B43732540B43356
0E99C2261BF28383860E65E417515EBB8BD0E17FFFFFFFFFFC7FFF0001E8162C2B43732540B4336E
0E9A23261C7483838D0E663017518DBB8BD1E1EFFFFFFFFFFC8FFF0001F6162C2C43732540B43386
0E9A39261CA483837D0E668F1751E7BB7BD2E1DFFFFFFFFFFC8FFF0001FB162C2C43732540B4339E
0E9A88261D4783836B0E66FD175243BB6BD1E18FFFFFFFFFFC8FFF0001F5162C2C43732440B433B6
0E9B07261DD78383590E678C1752C5BB6BD1E12FFFFFFFFFFC8FFF000209162C2C43732440B423CE
0E9B92261E898383580E671F175260BB7BD0E0EFFFFFFFFFFC9FFF000215162C2C43732440B423E6
0E9BD3261F1D8383580E674A175281BB6BD0E0EFFFFFFFFFFC8FFF000210162C2C43732440B413FE
0E9C68261FEF8383460E67D21752F8BB6BD0E0BFFFFFFFFFFC8FFF00020B162C2C43732340B41316
0E9D932621BD8383320E68D11753C1BB5BCFE05FFFFFFFFFFC7FFF000200162C2C43732340B4132E
0E9E812622F38383320E68B51753AFBB5BCFE01FFFFFFFFFFC7FFF0001F1162C2C43732340B41346
0E9E592622F38383510E69CD175491BB5BCFE05FFFFFFFFFFC8FFF0001DF162C2D43732340B4135E
0E9E0F2622A48383560E6A0B1754DBBB5BCFE0CFFFFFFFFFFC8FFF0001E5162C2D43732340B41376
0E9EF12624028383280E6B201755BBBB5BCFE07FFFFFFFFFFC8FFF0001E0162C2D43732240B4038E
0E9F892624DE8383010E6BD2175655BB5BCFDF9FFFFFFFFFFC8FFF0001D2162C2D43732240B413A6
0E9FB02624F48383060E6B111755B9BB4BCFDF2FFFFFFFFFFC8FFF0001DC162C2D43732240B413BE
0E9F5026248B83831B0E6A9E175556BB4BCEDF6FFFFFFFFFFC8FFF0001EA162C2D43732240B403D6
0E9F9A2625138383120E6B171755B5BB4BCFDF8FFFFFFFFFFC8FFF0001FF162C2D43732240B3F3EE
0EA0A92626AA8382F70E6C801756F4BB5BCFDF2FFFFFFFFFFC8FFF000227162C2D43732240B3F306
0EA07E2626488382FE0E6C4B1756C8BB5BCFDEFFFFFFFFFFFC7FFF000231162C2D43732240B3F31E
0E9F5E2624948383140E6BB2175640BB6BCFDF3FFFFFFFFFFC7FFF00023E162C2D43732140B3F336
0E9F2D26245F8383070E6BFD175685BB5BCFDF4FFFFFFFFFFC7FFF00024B162C2E43732140B3F34E
0E9FD82625728382EE0E6C2D1756A8BB5BCFDEFFFFFFFFFFFC7FFF00023E162C2E43732140B3F366
0E9FEC26257B8382E40E6C541756C4BB4BCFDEAFFFFFFFFFFC8FFF000229162C2E43732140B3F37E
0EA0B62626AF8382E10E6C431756B4BB4BCFDE7FFFFFFFFFFC7FFF00021D162C2E43732140B3F396
0EA08926266D8382D90E6C721756E2BB4BCFDE5FFFFFFFFFFC7FFF000220162C2E43732140B3E3AE
0E9F462624998382E50E6C781756E5BB3BCFDE5FFFFFFFFFFC8FFF00021B162C2E43732140B3E3C6
0E9D8C2621D98383090E6A4C175516BB2BCEDECFFFFFFFFFFC7FFF00020A162C2E43732140B3E3DE
0E9D552621928383130E699F1754ACBB2BCEDF4FFFFFFFFFFC7FFF00020A162C2E43732140B3D3F6
0E9DB926223C8382EF0E6B8A17561EBB2BCFDF1FFFFFFFFFFC8FFF000205162C2E43732140B3D30E
0E9F552624948382D10E6C5A1756D3BB4BCEDE7FFFFFFFFFFC8FFF0001F4162C2E43732140B3D326
0E9F5C26249E8382DE0E6B70175610BB5BCFDE3FFFFFFFFFFC7FFF0001E1162C2E43732140B3D33E
0E9EE52623F88382FF0E6B0A1755BABB5BCFDE9FFFFFFFFFFC8FFF0001E9162C2E43732140B3D356
0E9E3D2622F08383190E6AA917556CBB5BCFDF2FFFFFFFFFFC7FFF0001ED162C2E43732140B3D36E
0E9DF62622958383120E6AC3175582BB4BD0DF7FFFFFFFFFFC6FFF0001E7162C2E43732140B3D386
0E9E8B26236D8382FE0E6B2C1755CEBB4BCFDF3FFFFFFFFFFC7FFF0001D9162C2E43732140B3D39E
0E9EB126239F8382FA0E6B0F1755BABB3BCFDEFFFFFFFFFFFC7FFF0001DC162C2E43732140B3D3B6
0E9D912621D583831F0E6A6917552CBB4BCFDF3FFFFFFFFFFC8FFF0001D8162C2E43732140B3C3CE
0E9C2F261FDE83833D0E6868175393BB5BD0DFDFFFFFFFFFFC8FFF0001E0162C2E43732140B3C3E6
0E9D392621818383250E6ADC175597BB6BD0E00FFFFFFFFFFC8FFF0001DE162C2E43732140B3C3FE
0E9F4E26248983830A0E6C3B1756B0BB5BD0DF9FFFFFFFFFFC9FFF0001D2162C2E43732140B3B316
0E9F922624F58383200E6B88175620BB4BCFDF7FFFFFFFFFFC9FFF0001D7162C2E43732140B3C32E
0E9D312621508383520E699C17548DBB4BCFE01FFFFFFFFFFC8FFF0001DD162C2E43732140B3B346
0E9C602620458383560E6998175499BB4BCFE0AFFFFFFFFFFC8FFF0001DA162C2E43732140B3B35E
0E9DEA26228283833E0E6AE217558DBB5BCFE08FFFFFFFFFFC8FFF0001DD162C2E43732140B3B376
0E9DB526221A8383520E6A121754E8BB5BCEE07FFFFFFFFFFC8FFF0001D7162C2E43732140B3B38E
0E9B7D261EB98383780E68D81753E9BB4BCFE10FFFFFFFFFFC8FFF0001DA162C2E43732240B3A3A6
0E9B51261E8183837A0E68E81753F8BB4BD0E17FFFFFFFFFFC7FFF0001DA162C2E43732240B3A3BE
0E9CF52621098383570E6A071754DFBB4BCFE13FFFFFFFFFFC7FFF0001DE162C2E43732240B393D6
0E9D5F26219C8383560E6A9817555ABB4BCFE0DFFFFFFFFFFC9FFF0001D5162C2E43732240B3A3EE
0E9C5C26200D8383890E68F91753FEBB4BCEE13FFFFFFFFFFC8FFF0001CD162C2E43732240B39306
0E9ABA261DA58383BE0E673917528FBB4BCEE24FFFFFFFFFFC8FFF0001DE162C2E43732240B3931E
0E9B07261E1D8383AE0E68A81753BEBB5BCFE2BFFFFFFFFFFCAFFF0001E3162C2E43732240B39336
0E9CD12620C48383880E6A1B1754EFBB6BCEE24FFFFFFFFFFC8FFF0001D6162C2E43732240B3934E
0E9CAA2620728383960E699217547CBB6BCEE20FFFFFFFFFFC9FFF0001D4162C2E43732240B39366
0E9A58261CFA8383CB0E679A1752D6BB6BCEE29FFFFFFFFFFC7FFF0001D7162C2E43732240B3937E
0E99BA261C218383D90E66681751ECBB6BCEE34FFFFFFFFFFC8FFF0001DF162C2E43732340B39396
0E9ABF261DB18383BF0E6812175346BB6BCFE34FFFFFFFFFFC8FFF0001D7162C2E43732340B383AE
0E9BE7261F538383B80E68B21753B5BB6BD0E2FFFFFFFFFFFC8FFF0001D6162C2E43732340B383C6
0E9AB6261D858383D00E6742175287BB6BD0E31FFFFFFFFFFC7FFF0001D3162C2E43732340B383DE
0E97782618958383FB0E63F3174FCABB6BD0E3AFFFFFFFFFFC7FFF0001DA162C2E43732340B383F6
0E96A926175D8384090E637C174F7FBB5BD0E43FFFFFFFFFFC8FFF0001DA162C2E43732340B3830E
0E97C32619118383EE0E64EB175098BB5BD1E43FFFFFFFFFFC8FFF0001DD162C2E43732340B38326
0E98F8261ACD8383D60E6721175269BB6BD1E3BFFFFFFFFFFC7FFF0001D2162C2E43732340B3833E
0E97DE26192F8383F10E65101750ACBB7BD1E3BFFFFFFFFFFC8FFF0001CD162C2E43732340B37356
0E975D26185F8384100E63D3174FAABB6BD1E43FFFFFFFFFFC8FFF0001DC162C2E43732340B3736E
0E97442618448384130E6416174FDEBB6BD0E48FFFFFFFFFFC9FFF0001DD162C2E43732340B37386
0E96ED2617D38384140E6426174FEFBB6BD0E4AFFFFFFFFFFC7FFF0001D2162C2E43732340B3639E
0E96BA2617988384110E644317500BBB6BD0E4AFFFFFFFFFFC7FFF0001D6162C2F43732440B373B6
0E96D22617AD8384120E640E174FD0BB5BD1E4AFFFFFFFFFFC7FFF0001D7162C2F43732440B363CE
0E96562616CB8384290E62F0174EE8BB6BD1E4DFFFFFFFFFFC8FFF0001DB162C2F43732440B363E6
0E963A2616A183843C0E62C1174EC0BB7BD1E54FFFFFFFFFFC7FFF0001D7162C2F43732440B353FE
0E963B2616A583843C0E62EE174EDFBB7BD1E58FFFFFFFFFFC7FFF0001D8162C2F43732440B35316
0E967A2616FE8384250E6304174EF2BB7BD1E55FFFFFFFFFFC7FFF0001D6162C2F43732440B3532E
0E96B32617538384240E631A174F05BB6BD0E52FFFFFFFFFFC8FFF0001CF162C2F43732440B35346
0E965D2616D783843D0E632D174F16BB6BD0E55FFFFFFFFFFC8FFF0001DA162C2F43732440B3535E
0E966C2616E683843F0E631B174F09BB7BD0E59FFFFFFFFFFC8FFF0001DB162C2F43732440B34376
0E96732617008384350E6314174F00BB8BD0E59FFFFFFFFFFC9FFF0001D7162C2F43732440B3538E
0E963A26169283844E0E62D6174ECEBB7BD0E5BFFFFFFFFFFC9FFF0001CF162C3043732540B343A6
0E95912615A78384650E6234174E49BB6BD0E63FFFFFFFFFFC8FFF0001DA162C3043732540B343BE
0E95EA26162A83844E0E62B5174EADBB6BD1E64FFFFFFFFFFC8FFF0001D3162C3043732540B343D6
0E96882617168384320E636E174F45BB6BD1E5DFFFFFFFFFFC8FFF0001D8162C3043732540B343EE
0E967F2616FA8384380E630F174EFDBB6BD1E58FFFFFFFFFFC8FFF0001D6162C3043732540B34306
0E96A52617438384550E631F174F0BBB6BD1E5CFFFFFFFFFFC8FFF0001D6162C3043732540B3431E
0E960126164E83846D0E62A2174EA9BB6BD1E65FFFFFFFFFFC8FFF0001D2162C3043732540B33336
0E95BB2615DC8384730E6238174E5CBB6BD1E6BFFFFFFFFFFC8FFF0001DA162C3043732540B3334E
0E96122616608384600E6314174F00BB6BD1E69FFFFFFFFFFC8FFF0001DC162C3043732540B33366
0E96E02617A18384450E63C3174F8CBB7BD1E63FFFFFFFFFFC7FFF0001D9162C3143732540B3337E
0E97602618568384470E6354174F37BB8BD1E5EFFFFFFFFFFC6FFF0001CD162C3143732540B32396
0E974F26183483846E0E63AE174F7FBB7BD1E64FFFFFFFFFFC9FFF0001D5162C3143732540B323AE
0E94D126148E83848F0E6161174DB3BB7BD1E6EFFFFFFFFFFC8FFF0001D5162C3143732640B323C6
0E953526152183847D0E6233174E57BB7BD1E72FFFFFFFFFFC8FFF0001DE162C3143732640B313DE
0E97052617CA8384540E642D174FEBBB7BD1E6AFFFFFFFFFFC7FFF0001DB162C3143732540B313F6
0E97362618208384530E63FF174FC3BB7BD1E64FFFFFFFFFFC7FFF0001DA162C3143732540B3130E
0E96602616DB83846B0E6332174F1EBB7BD0E67FFFFFFFFFFC7FFF0001D2162C3143732540B31326
0E95CF2615F48384740E6283174E88BB7BD0E71FFFFFFFFFFC7FFF0001D9162C3143732540B3133E
0E947D2614518384710E6292174EA0BB8BD0E70FFFFFFFFFFC6FFF0001DC162C3143732540B31356
0E942E2613D68384710E62C1174EBBBB8BD1E6EFFFFFFFFFFC6FFF0001E2162C3143732540B3136E
0E942526137783846D0E6219174E36BB7BD0E6DFFFFFFFFFFC8FFF0001DC162C3243732540B31386
0E93FF2613718384610E61CB174DF8BB7BD0E6AFFFFFFFFFFC7FFF0001E1162C3243732540B3039E
0E938E2613048384600E6174174D9CBB7BD0E6EFFFFFFFFFFC7FFF0001D8162C3243732540B303B6
0E93752612698384670E60AC174D06BB8BD1E6BFFFFFFFFFFC7FFF0001E1162C3243732540B303CE
0E953A26151B83842B0E6217174E2BBB7BD1E62FFFFFFFFFFC8FFF0001E5162C3243732540B2F3E6
0E96A12617208383F20E6397174F68BB7BD1E51FFFFFFFFFFC8FFF0001E2162C3243732540B2F3FE
0E97092617AB8383C40E6451174FF5BB8BD1E3FFFFFFFFFFFC9FFF0001EA162C3243732540B30316
0E97242617FC8383A70E6352174F2ABB8BD0E46FFFFFFFFFFC7FFF0001EC162C3243732440B2F32E
0E98B2261A868383750E6443175006BB7BD0E2FFFFFFFFFFFC7FFF0001F4162C3243732440B2F346
0E9C7026205B83830A0E68B31753BABB7BD0E10FFFFFFFFFFC8FFF0001F5162C3243732440B2F35E
0E9FD42625548382AA0E6AEE175579BB5BD0DEEFFFFFFFFFFC8FFF000201162C3243732440B2F376
0E9F9726251983825C0E6C681756E8BB6BCFDD1FFFFFFFFFFC7FFF000211162C3243732440B2E38E
0EA45A262C6C8381E60E6FC8175998BB5BCFDB2FFFFFFFFFFC7FFF000223162C3243732440B2E3A6
0EA680262F778381450E726B175BC4BB4BCED86FFFFFFFFFFC7FFF000237162C3243732440B2D3BE
0EA5C6262E778380D20E71C9175B34BB4BCDD57FFFFFFFFFFC7FFF000244162C3243732440B2D3D6
0EA4E0262CFB8380A70E7138175ACABB5BCCD3AFFFFFFFFFFC8FFF000258162C3243732440B2D3EE
0EA66D262F718380570E7158175AE1BB4BCCD26FFFFFFFFFFC8FFF000282162C3243732440B2D306
0EA79A263118837FB70E73E8175D03BB3BCCD06FFFFFFFFFFC7FFF00029A162C3243732440B2D31E
0EA8BB2632D2837F090E74C9175DB0BB2BCCCCEFFFFFFFFFFC6FFF0002A4162C3243732340B2D336
0EA8CC2632D0837E950E73CB175CDDBB2BCBC9FFFFFFFFFFFC8FFF0002B4162C3243732340B2D34E
0EA8B02632B6837E3D0E74B1175DA1BB1BCBC76FFFFFFFFFFC8FFF0002C4162C3343732340B2C366
0EA9612633B4837DDC0E7592175E4DBB1BCBC55FFFFFFFFFFC8FFF0002DF162C3343732340B2C37E
0EA9652633B4837D740E7580175E3EBB2BCAC36FFFFFFFFFFC8FFF0002EF162C3343732340B2C396
0EA97E2633D4837CF30E75A6175E5CBB1BCAC11FFFFFFFFFFC7FFF0002FC162C3343732340B2C3AE
0EA9C926343C837C640E75CD175E76BB1BCABE8FFFFFFFFFFC7FFF00030F162C3343732340B2C3C6
0EA9F6263476837BEB0E762D175EBEBB1BCA9D1FFFFFFFFFFC7FFF000331162C3343732340B2C3DE
0EAAA92635AC837B890E77AC176008BB1BCA108FFFFFFFFFFC6FFF000342162C3343732340B2C3F6
0EAF25263C91837B110E7AC717629ABB0BC9B6BFFFFFFFFFFC7FFF00035F162C3343732240B2B30E
0EB077263E6F837A8F0E7BBC176365BAFBC9746FFFFFFFFFFC7FFF000375162C3343732240B2B326
0EB167263FD6837A1A0E7D30176493BAEBC815DFFFFFFFFFFC7FFF00038A162C3343732240B2B33E
0EB2AF2641EF8379A30E7E3717657ABADBC8300FFFFFFFFFFC8FFF0003B0162C3343732240B2B356
0EB4732644798379080E805417672FBADBC8AC6FFFFFFFFFFC9FFF0003C0162C3343732240B2A36E
0EB50326454F8378800E80DD17679FBACBC78EBFFFFFFFFFFC8FFF0003C7162C3343732240B2B386
0EB51D2645868378160E808C176765BABBC7059FFFFFFFFFFC8FFF0003DC162C3343732240B2A39E
0EB71426488B83779C0E82B9176937BAABC6058FFFFFFFFFFC8FFF0003F3162C3443732240B293B6
0EB886264AB48376F70E8465176A98BA9BC66F8FFFFFFFFFFC8FFF000405162C3443732140B293CE
0EB9FD264CEE8376600E8595176B86BAABC5058FFFFFFFFFFC8FFF0003FE162C3443732140B293E6
0EBA96264DB78375FC0E849E176AD4BAABC5058FFFFFFFFFFC7FFF000413162C3443732140B293FE
0EBAC8264E148375A00E85CC176BB0BAABC4058FFFFFFFFFFC8FFF000426162C3443732140B29316
0EBD7226524C8375250E87D6176D6FBA9BC4058FFFFFFFFFFCAFFF00042C162C3443732140B2932E
0EBFFC26562A8374950E8B6F177076BA9BC3058FFFFFFFFFFC9FFF000434162C3543732040B28346
0EC21A26593783740D0E8D7C17721FBA9BC3058FFFFFFFFFFC7FFF000431162C3543732040B2835E
0EC2E6265A7583738A0E8E841772FABA7BC2061FFFFFFFFFFC7FFF000318162C3543732040B28376
0EC35D265B1B8373000E8F0217735CBA7BC1061FFFFFFFFFFC8FFF0001FC162C3543732040B2838E
0EC3AF265B9D83727A0E8F741773BABA7BC11C1FFFFFFFFFFC7FFF000219162C3543732040B283A6
0EC31C265AC383721D0E8D9117722FBA8BC1312FFFFFFFFFFC7FFF0003B1162C3643732040B283BE
0EC3B7265BAE8371B60E8EED17734FBA7BC1058FFFFFFFFFFC7FFF000439162C3643731F40B273D6
0EC427265C3C8371260E8F971773D1BA6BC0058FFFFFFFFFFC8FFF000442162C3643731F40B283EE
0EC44A265C778370A30E8FFE17741FBA6BC0060FFFFFFFFFFC8FFF000436162C3643731F40B27306
0EC385265B3D8370570E8F0B177352BA5BC005DFFFFFFFFFFC7FFF00042D162C3743731F40B2731E
0EC407265BFB83701E0E8F0B17734ABA5BC1058FFFFFFFFFFC7FFF000429162C3743731F40B27336
0EC46E265CA1836FD40E8F2D177375BA5BC1058FFFFFFFFFFC8FFF00041F162C3743731F40B2734E
0EC4F5265D63836F690E908F17748BBA5BC1058FFFFFFFFFFC8FFF000410162C3743731F40B26366
0EC565265E0A836EF60E90AC1774AABA6BC005BFFFFFFFFFFC8FFF0003FD162C3843731E40B2637E
0EC5EC265EC3836E9B0E9188177560BA7BC0061FFFFFFFFFFC8FFF0003F0162C3843731E40B26396
0EC71C2660AC836E600E911B1774E5BA6BC005AFFFFFFFFFFC8FFF0003E1162C3843731E40B253AE
0ECD68266AA1836E0E0E9516177856BA6BC0058FFFFFFFFFFC8FFF0003C8162C3943731E40B253C6
0ED29C267261836DAE0E9B79177DCFBA5BC0058FFFFFFFFFFC8FFF0003C2162C3943731E40B253DE
0ED5C9267735836D3F0E9EC2178068BA4BBF058FFFFFFFFFFC8FFF0003B4162C3943731E40B253F6
0ED5952676E6836CDB0EA0BC178225BA3BBF208FFFFFFFFFFC7FFF0003A4162C3A43731E40B2530E
0ED7B5267A57836C550EA224178361BA2BBE386FFFFFFFFFFC6FFF00038D162C3A43731E40B25326
0ED987267CE6836BB30EA496178552BA0BBD058FFFFFFFFFFC7FFF000385162C3B43731E40B2433E
0ED8CE267B62836B510EA253178378B9FBBC059FFFFFFFFFFC8FFF000371162C3B43731E40B24356
0ED858267B48836B160EA14F17829DB9EBBB059FFFFFFFFFFC8FFF000356162C3B43731E40B2436E
0EDA48267E11836A9F0EA54D1785F0B9DBBB05EFFFFFFFFFFC8FFF000350162C3C43731E40B24386
0EDB43267F98836A110EA62D1786A2B9EBBA05AFFFFFFFFFFC7FFF00033B162C3C43731E40B2339E
0EDB5F267F978369B60EA5D3178650B9EBBA059FFFFFFFFFFC7FFF000333162C3C43731E40B243B6
0EDD9F26835C83694F0EA7D917881CB9DBB9059FFFFFFFFFFC8FFF000315162C3D43731E40B243CE
0EE07426877F8368B70EAB07178AADB9DBB905BFFFFFFFFFFC8FFF0002D2162C3D43731E40B233E6
0EE1572688C483681B0EAC3B178BA8B9DBB805EFFFFFFFFFFC8FFF0002A3162C3E43731E40B233FE
0EE1242688388367AD0EAC38178BA1B9CBB8059FFFFFFFFFFC8FFF0002AD162C3E43731E40B23316
0EE12A26888E8367710EAA271789EDB9BBB7059FFFFFFFFFFC8FFF0002D0162C3E43731E40B2232E
0EE22A268A048367000EACA8178C09B9BBB705CFFFFFFFFFFC7FFF0002E0162C3F43731E40B22346
0EE296268A9A8366380EADAC178CD2B9ABB605DFFFFFFFFFFC7FFF0002FE162C3F43731E40B2235E
0EE338268B8883657E0EAE0A178D1BB9ABB520CFFFFFFFFFFC8FFF000301162C4043731E40B22376
0EE3AD268C2E8365230EADA9178CBDB9ABB539BFFFFFFFFFFC8FFF0002FE162C4043731E40B2138E
0EE410268CE68364D70EAE5F178D67B9ABB4059FFFFFFFFFFC8FFF0002F5162C4143731E40B213A6
0EE54C268EAB8364550EB070178F09B98BB405DFFFFFFFFFFC9FFF000305162C4143731E40B213BE
0EE5A9268F348363A50EB09F178F3AB99BB3059FFFFFFFFFFC8FFF0002FD162C4143731E40B213D6
0EE5E8268F7C8362F30EB11C178F97B99BB3059FFFFFFFFFFC8FFF000300162C4243731E40B213EE
0EE5EA268F788362680EB14F178FBBB98BB305EFFFFFFFFFFC8FFF000302162C4343731E40B21306
0EE5C6268F3C83620D0EB11D178F8CB97BB4059FFFFFFFFFFC8FFF0002F1162C4343731E40B2131E
0EE5F2268F778361BF0EB100178F76B98BB3059FFFFFFFFFFC8FFF0002D6162C4343731E40B20336
0EE613268FA183613C0EB176178FCFB98BB305EFFFFFFFFFFC7FFF0002C5162C4443731E40B2034E
0EE630268FBF8360B40EB177178FCEB97BB3059FFFFFFFFFFC7FFF0002C5162C4443731E40B20366
0EE62C268FB18360420EB1AE178FF2B98BB3059FFFFFFFFFFC7FFF0002C4162C4543731F40B2037E
0EE69526905D835FDA0EB23117905FB98BB205CFFFFFFFFFFC6FFF0002CE162C4543731F40B20396
0EE7D326922B835F570EB327179129B97BB2060FFFFFFFFFFC8FFF0002E5162C4643731F40B203AE
0EE8492692DD835ECD0EB39617917FB97BB2059FFFFFFFFFFC8FFF0002EB162C4643731F40B1F3C6
0EE90A2693F9835E690EB466179228B98BB2059FFFFFFFFFFC9FFF0002F1162C4743731F40B1F3DE
0EE94B269478835E130EB4D717928CB97BB1059FFFFFFFFFFC8FFF0002F9162C4743731F40B1F3F6
0EEACC2696D2835DA00EB5D4179362B95BB1061FFFFFFFFFFC8FFF00030B162C4743731F40B1E30E
0EEE8C269C62835D170EB92C179626B95BB105AFFFFFFFFFFC8FFF00030C162C4843731F40B1F326
0EEFC9269E3A835C9E0EBADE179784B93BB0059FFFFFFFFFFC8FFF000323162C4843732040B1E33E
0EF0F226A00E835C2D0EBC431798B7B92BB0059FFFFFFFFFFC8FFF000342162C4943732040B1E356
0EF28926A269835BA80EBDC11799F1B92BAF062FFFFFFFFFFC8FFF000358162C4943732040B1D36E
0EF2E826A2EB835B2A0EBDF9179A1BB92BAE061FFFFFFFFFFC7FFF00035F162C4A43732040B1D386
0EF2FB26A306835AC70EBE54179A5FB92BAD059FFFFFFFFFFC7FFF000375162C4A43732040B1D39E
0EF34426A371835A5A0EBE56179A5FB92BAC059FFFFFFFFFFC8FFF000377162C4B43732040B1D3B6
0EF37926A3BE8359E40EBE9A179A96B91BAC059FFFFFFFFFFC8FFF000380162C4B43732140B1D3CE
0EF3BA26A4138359710EBEE6179AD3B90BAB060FFFFFFFFFFC9FFF000385162C4C43732140B1D3E6
0EF40726A48D8358F60EBF66179B3AB8FBAB062FFFFFFFFFFC8FFF00038B162C4C43732140B1C3FE
0EF55D26A69083586D0EC07E179C22B8DBAB05BFFFFFFFFFFC8FFF000388162C4C43732140B1D316
0EF60226A7838357EE0EC165179CDEB8DBAB059FFFFFFFFFFC8FFF000390162C4D43732140B1C32E
0EF68426A8358357790EC1AD179D12B8DBAA059FFFFFFFFFFC7FFF000387162C4D43732240B1C346
0EF69A26A8528357120EC1E5179D3EB8EBA905EFFFFFFFFFFC8FFF00037A162C4E43732240B1C35E
0EF79926A9EC8356A30EC2DA179E0EB8DBA9062FFFFFFFFFFC7FFF00036A162C4E43732240B1C376
0EF8B726AB808356130EC3B5179EBAB8DBA905DFFFFFFFFFFC6FFF000368162C4F43732240B1B38E
0EF8C726AB918355870EC3D9179ED5B8DBA9059FFFFFFFFFFC8FFF000361162C4F43732240B1B3A6
0EF93926AC478355180EC47A179F56B8DBA9059FFFFFFFFFFC8FFF00034E162C5043732240B1B3BE
0EFA8F26AE5A83547B0EC5A517A05AB8CBA905FFFFFFFFFFFC8FFF00034A162C5043732340B1B3D6
0EFD0B26B20A8353A20EC7C317A20FB8CBA805DFFFFFFFFFFC8FFF000342162C5143732340B1A3EE
0EFD1326B2008353100EC79617A1DFB8BBA7059FFFFFFFFFFC8FFF000330162C5143732340B1A306
0EFD2C26B23C83531B0EC73F17A1A0B8ABA7059FFFFFFFFFFC9FFF00032A162C5143732340B1A31E
0EFD0726B20083532E0EC6C917A13BB8BBA8059FFFFFFFFFFC7FFF00031C162C5243732340B19336
0EFDDF26B3508352EF0EC84117A282B8BBA9059FFFFFFFFFFC7FFF000310162C5243732440B1A34E
0EFEDB26B4C58352AD0ECA1C17A3FDB8CBA9059FFFFFFFFFFC8FFF0002FF162C5343732440B1A366
0EFF7226B5A08352B00ECA3A17A41BB8CBA8059FFFFFFFFFFC9FFF0002FE162C5343732440B1937E
0EFF7126B5AC8352BA0ECA6617A43EB8CBA7059FFFFFFFFFFC9FFF0002F4162C5443732440B19396
0EFF8926B5D18352980ECAB617A480B8BBA7059FFFFFFFFFFC9FFF0002ED162C5443732440B193AE
0EFF8B26B5D08352800ECA9B17A46CB89BA7061FFFFFFFFFFC8FFF0002E2162C5543732540B193C6
0EFF9B26B5ED8352700ECA9317A465B89BA7062FFFFFFFFFFC8FFF0002E8162C5543732540B193DE
0EFFA626B5FB8352540ECABD17A486B8ABA7061FFFFFFFFFFC8FFF0002E7162C5543732540B193F6
0EFF9A26B5ED8352540ECAB517A485B8ABA705DFFFFFFFFFFC8FFF0002DB162C5643732540B1830E
0EFFB026B6118352520ECAC017A48CB8ABA7059FFFFFFFFFFCAFFF0002DE162C5643732540B18326
0EFFC026B62983521E0ECADC17A4A2B8BBA6059FFFFFFFFFFC9FFF0002E1162C5743732640B1833E
0EFFAE26B60D8351E70ECAA017A46EB8ABA6059FFFFFFFFFFC8FFF0002E6162C5743732640B18356
0EFFDF26B6508351E90ECAB517A483B89BA6059FFFFFFFFFFC8FFF0002DF162C5843732640B1836E
0EFFD526B6498351FA0ECAD417A49BB88BA5059FFFFFFFFFFC8FFF0002E2162C5843732640B17386
0EFFF226B67B8351DB0ECB2317A4DFB87BA5060FFFFFFFFFFC9FFF0002D9162C5943732740B1639E
0F00AF26B7908351A80ECBDB17A574B87BA5062FFFFFFFFFFC8FFF0002D0162C5943732740B163B6
0F013526B84C83519B0ECBE617A580B87BA5062FFFFFFFFFFC8FFF0002DB162C5943732740B163CE
0F016526B8A883519C0ECC1117A5A2B88BA5061FFFFFFFFFFC7FFF0002DC162C5A43732740B163E6
0F018026B8D28351720ECC9917A613B89BA505DFFFFFFFFFFC7FFF0002DB162C5A43732840B163FE
0F017C26B8CD8351400ECC8117A600B89BA5059FFFFFFFFFFC8FFF0002E5162C5B43732840B16316
0F01AD26B9168351430ECC9B17A617B88BA5059FFFFFFFFFFC8FFF0002DA162C5B43732840B1632E
0F01B926B9298351480ECCB817A62EB87BA5059FFFFFFFFFFC9FFF0002E8162C5C43732840B15346
0F01E126B96883511F0ECCFB17A666B87BA5059FFFFFFFFFFCAFFF0002F1162C5C43732940B1535E
0F020E26B9A58350EC0ECCF117A65CB88BA5059FFFFFFFFFFC8FFF0002FB162C5C43732940B15376
0F022D26B9C78350D50ECCE417A652B88BA5059FFFFFFFFFFC9FFF0002FC162C5D43732940B1538E
0F024626B9FA8350D20ECD0417A669B89BA505BFFFFFFFFFFC8FFF00030C162C5D43732940B153A6
0F025126BA0A8350C40ECD4017A69BB89BA5062FFFFFFFFFFC9FFF000316162C5E43732A40B143BE
0F025926BA1683509F0ECD7117A6C5B89BA6062FFFFFFFFFFC9FFF000322162C5E43732A40B143D6
0F026326BA238350820ECD6317A6BAB88BA505EFFFFFFFFFFC9FFF000328162C5F43732A40B143EE
0F028126BA5383507F0ECD6317A6B9B88BA5059FFFFFFFFFFC8FFF00033C162C5F43732B40B14306
0F028326BA508350760ECD8917A6D8B88BA5059FFFFFFFFFFC8FFF00034A162C5F43732B40B1431E
0F027D26BA498350410ECD9D17A6E6B88BA5059FFFFFFFFFFC8FFF00035B162C6043732B40B14336
0F025426BA058350040ECD7917A6C8B87BA4059FFFFFFFFFFC8FFF000368162C6043732B40B1434E
0F028F26BA5E8350040ECD7917A6CAB87BA5059FFFFFFFFFFC9FFF000380162C6143732C40B13366
0F029F26BA7A8350240ECDA917A6F0B86BA5059FFFFFFFFFFC9FFF000380162C6143732C40B1337E
0F02A126BA7A834FF70ECDB217A6F8B86BA505AFFFFFFFFFFC8FFF00038D162C6243732C40B13396
0F028C26BA55834FAA0ECDB817A6F7B87BA4063FFFFFFFFFFC8FFF0003A4162C6243732C40B123AE
0F02B626BA91834F940ECDA817A6ECB87BA4062FFFFFFFFFFC9FFF0003B9162C6243732D40B123C6
0F02BC26BA9D834FAC0ECDA917A6EFB86BA5061FFFFFFFFFFC8FFF0003C6162C6343732D40B123DE
0F02CC26BAB7834F970ECDCD17A708B86BA505AFFFFFFFFFFC8FFF0003CD162C6343732D40B123F6
0F02CB26BAAF834F550ECDEA17A71EB87BA4059FFFFFFFFFFC8FFF0003E4162C6443732D40B1230E
0F02D726BAB9834F2F0ECDD717A70DB87BA4059FFFFFFFFFFC9FFF0003F2162C6443732E40B11326
0F02EF26BADD834F280ECDD217A708B87BA3059FFFFFFFFFFC8FFF00040F162C6443732E40B1133E
0F02FA26BAF0834F200ECDE217A715B88BA3059FFFFFFFFFFC8FFF00041B162C6543732E40B11356
0F02FF26BAFA834F160ECE0A17A736B88BA3059FFFFFFFFFFC7FFF0003FB162C6543732F40B1136E
0F030B26BB08834EF00ECE2517A74BB87BA3059FFFFFFFFFFC7FFF0003FD162C6643732F40B11386
0F031226BB0E834EC70ECE1A17A73FB86BA305AFFFFFFFFFFC9FFF00042C162C6643732F40B1139E
0F031926BB1B834EBE0ECE1117A737B87BA3062FFFFFFFFFFC9FFF00043E162C6743732F40B103B6
0F031A26BB19834EA20ECE2D17A74EB86BA3062FFFFFFFFFFC9FFF00044A162C6743733040B103CE
0F032926BB2A834E750ECE3717A752B86BA3062FFFFFFFFFFC8FFF00045A162C6743733040B103E6
0F032B26BB28834E570ECE3117A74EB87BA3061FFFFFFFFFFC8FFF00045C162C6843733040B103FE
0F033926BB3C834E4C0ECE3017A74CB88BA305DFFFFFFFFFFC8FFF000455162C6843733140B10316
0F033A26BB44834E510ECE4217A75BB87BA4059FFFFFFFFFFC8FFF00045A162C6943733140B1032E
0F033526BB39834E450ECE4B17A761B88BA4059FFFFFFFFFFC8FFF00045B162C6943733140B10346
0F033726BB3F834E0C0ECE4E17A764B88BA4059FFFFFFFFFFC9FFF000455162C6943733140B1035E
0F032426BB19834DCD0ECE5517A767B89BA4059FFFFFFFFFFC9FFF000463162C6A43733240B0F376
0F035426BB5E834DBE0ECE4017A755B88BA4059FFFFFFFFFFC8FFF000467162C6A43733240B0E38E
0F035C26BB6B834DC20ECE5917A767B87BA4059FFFFFFFFFFC7FFF000465162C6B43733240B0E3A6
0F035C26BB67834D9F0ECE7817A77FB87BA4059FFFFFFFFFFCAFFF000459162C6B43733340B0E3BE
0F035A26BB66834D7B0ECE7117A779B86BA3059FFFFFFFFFFC9FFF00045D162C6B43733340B0E3D6
0F035226BB59834D880ECE6717A772B86BA3059FFFFFFFFFFC7FFF000457162C6C43733340B0E3EE
0F034C26BB4E834D810ECE6417A76FB86BA3061FFFFFFFFFFC8FFF000442162C6C43733340B0D306
0F034826BB42834D380ECE6A17A773B86BA3062FFFFFFFFFFC8FFF000456162C6D43733440B0D31E
0F036326BB64834CF20ECE8017A77FB86BA3062FFFFFFFFFFC8FFF00045A162C6D43733440B0D736
0F039326BBAD834CF00ECE7217A777B85BA3062FFFFFFFFFFC8FFF00043C162C6D43733440B0D74E
0F039426BBB4834CF70ECE8B17A789B86BA405DFFFFFFFFFFC9FFF0003E6162C6E43733540B0D366
0F03D226BC10834CD90ECEE817A7D4B85BA4059FFFFFFFFFFC8FFF00037E162C6E43733540B0C77E
0F040F26BC6A834CC80ECEF017A7DDB84BA3059FFFFFFFFFFC8FFF00036A162C6F43733540B0C396
0F042A26BC91834CC20ECF0E17A7F3B84BA3059FFFFFFFFFFC8FFF00032B162C6F43733540B0C7AE
0F048226BD1B834C880ECFA417A876B84BA3059FFFFFFFFFFC9FFF0002FB162C6F43733640B0C3C6
0F04B126BD54834C3A0ECFCB17A88DB84BA3059FFFFFFFFFFC8FFF0002F8162C7043733640B0C7DE
0F049C26BD3B834C310ECFB317A87EB84BA3059FFFFFFFFFFC8FFF0002DD162C7043733640B0C7F6
0F049626BD31834C530ECFAA17A877B84BA3059FFFFFFFFFFC7FFF0002E7162C7143733740B0B30E
0F050C26BDF2834C370ED01517A8D4B83BA305EFFFFFFFFFFC7FFF00031E162C7143733740B0B326
0F063026BFA7834BE40ED16417A9E4B83BA3062FFFFFFFFFFC8FFF000366162C7143733740B0B33E
0F06AC26C054834BB30ED14B17A9C9B83BA2062FFFFFFFFFFC9FFF00040C162C7243733740B0A356
0F070A26C0EB834BC80ED1B717AA2BB82BA1061FFFFFFFFFFC9FFF000461162C7243733840B0A36E
0F075126C154834BD40ED25717AAACB81BA105AFFFFFFFFFFC8FFF00046C162C7243733840B0A386
0F081C26C29D834B990ED34417AB75B82BA0059FFFFFFFFFFC8FFF000472162C7343733840B0A39E
0F084126C2BC834B520ED33717AB63B82BA0059FFFFFFFFFFC9FFF000472162C7343733840B0A3B6
0F084026C2C3834B390ED31417AB45B82B9F059FFFFFFFFFFC9FFF000467162C7443733940B0A3CE
0F084226C2B9834B260ED33817AB62B82B9F059FFFFFFFFFFC9FFF00045D162C7443733940B0A3E6
0F082626C292834B150ED33517AB61B82B9F059FFFFFFFFFFC8FFF000467162C7543733940B093FE
0F07D726C21B834B1A0ED30717AB3CB80B9F059FFFFFFFFFFC8FFF00045D162C7543733A40B09316
0F07AC26C1D5834B0D0ED2DB17AB15B80B9F062FFFFFFFFFFC6FFF000462162C7543733A40B0932E
0F080026C25B834AD00ED2FF17AB33B80B9F05DFFFFFFFFFFC8FFF000460162C7643733A40B09346
0F087E26C32B834A830ED37917AB9EB80B9F059FFFFFFFFFFC9FFF000472162C7643733A40B0835E
0F09C826C4FA834A550ED43917AC32B81B9F059FFFFFFFFFFC8FFF000476162C7743733B40B08376
0F0A3026C59E834A640ED4A417AC95B82B9F059FFFFFFFFFFC8FFF00046E162C7743733B40B0838E
0F0A0C26C571834A830ED51317ACEEB82B9F059FFFFFFFFFFC9FFF00045A162C7743733B40B083A6
0F0AE326C6CD834A580ED5C517AD84B81B9F059FFFFFFFFFFC8FFF00045D162C7843733B40B083BE
0F0C3A26C8D48349FB0ED7A417AF11B80B9F060FFFFFFFFFFC7FFF000465162C7843733C40B083D6
0F0C4826C8DE8349C90ED76017AED7B80B9E05AFFFFFFFFFFC9FFF000464162C7943733C40B083EE
0F0C0326C8618349D90ED71B17AE9BB80B9E059FFFFFFFFFFC9FFF000469162C7943733D40B07306
0F0C0B26C87F8349DE0ED6E817AE72B7FB9D059FFFFFFFFFFC9FFF000457162C7943733D40B0731E
0F0CAD26C9848349BB0ED78A17AEF8B7FB9E059FFFFFFFFFFC7FFF00044F162C7A43733D40B07336
0F0D8B26CAD08349770ED89017AFD8B7FB9D059FFFFFFFFFFC8FFF000453162C7A43733D40B0734E
0F0EA026CC648349350ED95E17B07DB7FB9D059FFFFFFFFFFC8FFF000449162C7B43733E40B06366
0F0F4526CD6583493C0ED9CB17B0DEB7EB9C059FFFFFFFFFFC8FFF000442162C7B43733E40B0637E
0F0F6426CD9D83495C0EDA5017B14DB7EB9C059FFFFFFFFFFC9FFF000427162C7B43733E40B06396
0F0F7F26CDD183492A0EDA6917B164B7FB9C05EFFFFFFFFFFC8FFF00041A162C7C43733E40B063AE
0F104626CF068348DF0EDB0717B1E3B80B9C061FFFFFFFFFFC8FFF000409162C7C43733F40B053C6
0F111126D0298348C50EDAD117B1B6B7FB9C059FFFFFFFFFFC8FFF00040A162C7C43733F40B053DE
0F116526D0A78348C00EDB7717B240B7FB9C059FFFFFFFFFFC8FFF0003FD162C7D43733F40B053F6
0F117E26D0D68348C30EDC5C17B305B7EB9C059FFFFFFFFFFC8FFF0003ED162C7D43734040B0530E
0F114826D0838348E70EDC3017B2E3B7EB9C059FFFFFFFFFFC8FFF0003DF162C7E43734040B04326
0F104226CEFE8349280EDB3017B216B7EB9D059FFFFFFFFFFC7FFF0003C9162C7E43734040B0433E
0F0F2926CD608349900EDA0517B120B7FB9D059FFFFFFFFFFC9FFF0003C7162C7E43734040B04356
0F0E9326CC878349C50ED98617B0B8B80B9E059FFFFFFFFFFC8FFF0003BE162C7E43734140B0436E
0F0E2826CBD18349CC0ED95817B08EB80B9D059FFFFFFFFFFC8FFF0003C9162C7F43734140B04386
0F0CA826C98A834A070ED78717AF0AB7FB9D059FFFFFFFFFFC8FFF0003C6162C7F43734240B0439E
0F0AF026C6F7834A7C0ED5C517AD9FB80B9E059FFFFFFFFFFC9FFF0003B4162C7F43734240B043B6
0F08A926C37A834AEE0ED3A917ABDEB80B9E059FFFFFFFFFFC9FFF0003A5162C8043734240B043CE
0F07CB26C23F834B260ED2BA17AB14B80B9E059FFFFFFFFFFC9FFF0003A8162C8043734240B043E6
0F073626C14D834B580ED23B17AAABB7EB9E059FFFFFFFFFFC8FFF0003AC162C8043734340B033FE
0F058226BEB1834BBF0ED06E17A92FB7FB9E059FFFFFFFFFFC8FFF0003A9162C8143734340B03316
0F041026BC9E834C1E0ECF3617A82DB80B9F059FFFFFFFFFFC8FFF0003B6162C8143734340B0232E
0F042526BCAA834C470ECEE117A7E3B81BA1059FFFFFFFFFFC9FFF0003B9162C8143734440B02346
0F037526BBA4834C8B0ECE9617A7A2B82BA1059FFFFFFFFFFC9FFF0003BD162C8143734440B0235E
0F035426BB7E834CF40ECE6117A77CB83BA2059FFFFFFFFFFC8FFF0003C3162C8243734540B02376
0F034126BB5A834D4C0ECE3C17A75DB85BA3059FFFFFFFFFFC8FFF0003C7162C8243734540B0238E
0F033E26BB56834D740ECE4317A764B85BA3059FFFFFFFFFFC8FFF0003C3162C8243734540B023A6
0F031A26BB24834DB00ECE3217A758B85BA3059FFFFFFFFFFC9FFF0003CD162C8243734640B023BE
0F030B26BB1C834E070ECE2217A74EB85BA3059FFFFFFFFFFC9FFF0003C0162C8343734640B013D6
0F030F26BB1D834E420ECE1717A747B85BA305AFFFFFFFFFFC9FFF0003BE162C8343734640B013EE
0F030026BB03834E670ECE1317A744B85BA4059FFFFFFFFFFC8FFF0003BE162C8343734740B01306
0F02BF26BAAC834EAC0ECDD817A716B85BA4059FFFFFFFFFFC8FFF0003BC162C8343734740B0031E
0F02B026BA9F834EFE0ECDC917A70CB85BA4059FFFFFFFFFFC8FFF0003A8162C8343734840B00336
0F02B326BAA0834F300ECDC517A70CB86BA4059FFFFFFFFFFC9FFF00039E162C8443734840B0034E
0F02AE26BA96834F4A0ECDC517A70BB85BA4059FFFFFFFFFFC9FFF00039F162C8443734840B00366
0F028A26BA6C834F860ECDA117A6F1B85BA5059FFFFFFFFFFC8FFF000399162C8443734940B0037E
0F025826BA26834FE10ECD7717A6D2B85BA5059FFFFFFFFFFC7FFF000392162C8443734940B00396
0F022926B9E08350160ECD3A17A6A0B86BA4059FFFFFFFFFFC8FFF000382162C8443734940B003AE
0F020E26B9B68350350ECD2117A68DB88BA4059FFFFFFFFFFC9FFF00038A162C8543734A40B003C6
0F018926B8EF83506B0ECCA417A629B87BA4059FFFFFFFFFFC8FFF00038D162C8543734A40AFF3DE
0F012826B85A8350A20ECC2117A5BDB86BA4059FFFFFFFFFFC9FFF00038C162C8543734A40AFF3F6
0F004B26B7068350CC0ECB2C17A4F0B86BA5059FFFFFFFFFFC9FFF00039C162C8543734B40AFF30E
0EFFF726B6918350F70ECAFD17A4C9B86BA5059FFFFFFFFFFC8FFF0003A3162C8643734B40AFE326
0EFF7726B5D48351400ECA8C17A46CB86BA5059FFFFFFFFFFC8FFF0003A1162C8643734C40AFE33E
0EFF1E26B55583518A0ECA4117A431B88BA6059FFFFFFFFFFC8FFF0003B0162C8643734C40AFE356
0EFF2526B55D8351AB0ECA4717A435B8ABA6059FFFFFFFFFFC8FFF0003BC162C8643734C40AFE36E
0EFF1D26B54D8351BF0ECA4417A433B8ABA6059FFFFFFFFFFC8FFF0003CC162C8743734C40AFD386
0EFF0B26B53C8352040ECA2D17A425B89BA7059FFFFFFFFFFC8FFF0003DF162C8743734D40AFD39E
0EFEB526B4BB83524B0EC9D517A3E0B88BA7059FFFFFFFFFFC8FFF0003F8162C8743734D40AFD3B6
0EFEA526B4A38352660EC9CD17A3D7B88BA7059FFFFFFFFFFC8FFF000404162C8743734D40AFD3CE
0EFE6C26B44C8352820EC99A17A3AFB88BA6059FFFFFFFFFFC8FFF000412162C8843734E40AFD3E6
0EFDFE26B3B78352C10EC92317A352B88BA6059FFFFFFFFFFC7FFF00041C162C8843734E40AFD3FE
0EFDCD26B36E83530A0EC8F117A329B89BA7059FFFFFFFFFFC7FFF000425162C8843734E40AFD316
0EFD8D26B30D83534C0EC8B317A2F8B8ABA6059FFFFFFFFFFC8FFF000427162C8843734F40AFC32E
0EFD2D26B27A8353850EC85F17A2B4B8ABA7059FFFFFFFFFFC9FFF00043A162C8843734F40AFC346
0EFCEA26B2228353C40EC81B17A27BB89BA7059FFFFFFFFFFC7FFF000444162C8843734F40AFC35E
0EFCAC26B1C18353F80EC7CD17A23EB8ABA8059FFFFFFFFFFC6FFF00043F162C8943735040AFC376
0EFC9626B19F8354230EC7A617A21FB8ABA9059FFFFFFFFFFC6FFF000448162C8943735040AFC38E
0EFC2226B0F583546F0EC75217A1DAB8ABA9059FFFFFFFFFFC8FFF000446162C8943735040AFB3A6
0EFB2326AF6E8354CD0EC65C17A110B8ABA905AFFFFFFFFFFC9FFF000438162C8943735140AFB3BE
0EFA6C26AE6783551D0EC5A217A077B8BBA9059FFFFFFFFFFC8FFF000436162C8943735140AFB3D6
0EFA5E26AE5183555C0EC58E17A069B8ABA9059FFFFFFFFFFC7FFF000429162C8943735140AFA3EE
0EFA4926AE348355940EC57C17A05CB8ABA8059FFFFFFFFFFC8FFF000417162C8943735140AFA306
0EFA3F26AE2E8355EB0EC57217A056B89BA9059FFFFFFFFFFC8FFF000401162C8943735240AFA31E
0EF9D626AD8D8356500EC50D17A007B8ABA9059FFFFFFFFFFC8FFF0003EF162C8943735240AFA336
0EF90126AC508356960EC44E179F69B8BBA9059FFFFFFFFFFC8FFF0003D9162C8943735240AFA34E
0EF88126AB928356CF0EC3B1179EE4B8BBA9059FFFFFFFFFFC8FFF0003B8162C8943735240AFA366
0EF71526A96F8357200EC25E179DD0B8BBA9059FFFFFFFFFFC8FFF0003A1162C8943735340AF937E
0EF6ED26A94183578C0EC229179DAAB8CBAA059FFFFFFFFFFC9FFF0002D5162C8943735340AF9396
0EF6D726A91F8357E40EC20D179D91B8BBAA059FFFFFFFFFFC9FFF000237162C8843735340AF93AE
0EF69D26A8CD83582C0EC1DF179D6EB8BBAA059FFFFFFFFFFC9FFF0002A6162C8843735340AF93C6
0EF66726A87C83588C0EC1BB179D54B8CBAA059FFFFFFFFFFC8FFF00025F162C8843735440AF83DE
0EF60B26A7F58358BD0EC153179CFEB8BBAA059FFFFFFFFFFC8FFF0002EC162C8843735440AF83F6
0EF61026A7F38358CF0EC171179D14B8CBAA059FFFFFFFFFFC9FFF0002E4162C8843735440AF830E
0EF55926A6E08358F40EC0A8179C6EB8DBAA059FFFFFFFFFFC9FFF0002C5162C8843735440AF8326
0EF51D26A68383591A0EC076179C46B8CBAA059FFFFFFFFFFC8FFF0002A7162C8843735540AF833E
0EF4FE26A6558359320EC055179C28B8CBAA059FFFFFFFFFFC8FFF000287162C8843735540AF8356
0EF4BA26A5F08359560EBFC4179BB4B8BBAA059FFFFFFFFFFC8FFF000276162C8843735540AF836E
0EF42B26A51583597A0EBF78179B73B8CBAA059FFFFFFFFFFC8FFF000261162C8743735540AF8386
0EF3F226A4BF8359920EBF40179B42B8DBAB059FFFFFFFFFFC8FFF000249162C8743735540AF839E
0EF3FE26A4D08359A00EBF3C179B3EB8EBAB059FFFFFFFFFFC9FFF00022E162C8743735640AF73B6
0EF3CA26A4828359C80EBEF2179B05B8EBAB059FFFFFFFFFFC8FFF000229162C8743735640AF73CE
0EF39226A4328359EE0EBEC9179AE3B8EBAB059FFFFFFFFFFC7FFF000212162C8743735640AF63E6
0EF37926A40E835A030EBED7179AEBB8EBAB059FFFFFFFFFFC8FFF00020E162C8743735640AF63FE
0EF37526A406835A080EBEC1179AD8B8EBAB059FFFFFFFFFFC8FFF000208162C8743735640AF6316
0EF37526A408835A0E0EBEBB179AD4B8FBAB059FFFFFFFFFFC8FFF000203162C8743735740AF632E
0EF36826A3F5835A3B0EBEAE179ACEB8EBAB059FFFFFFFFFFC9FFF0001F0162C8743735740AF5346
0EF35026A3D7835A6D0EBE89179AB0B8EBAC059FFFFFFFFFFC8FFF0001EE162C8743735740AF635E
0EF35126A3D6835A7C0EBEA4179AC2B8EBAC059FFFFFFFFFFC9FFF0001EA162C8743735740AF5376
0EF34126A3C0835A8A0EBE94179AB9B8CBAC059FFFFFFFFFFC8FFF0001EA162C8743735740AF538E
0EF32826A39A835A9B0EBE7D179AA3B8DBAB059FFFFFFFFFFC8FFF0001E9162C8743735840AF53A6
0EF32826A39B835AA20EBE73179A9AB8EBAB059FFFFFFFFFFC8FFF0001EF162C8743735840AF53BE
0EF32526A394835AA50EBE71179A9AB8DBAB059FFFFFFFFFFC9FFF0001E3162C8743735840AF53D6
0EF32826A39C835ACC0EBE6C179A9CB8EBAB059FFFFFFFFFFC9FFF0001EA162C8743735840AF43EE
0EF32226A399835B060EBE6A179A9BB8FBAC059FFFFFFFFFFC9FFF0001E9162C8743735840AF4306
0EF32526A39C835B150EBE6E179A9BB8FBAC059FFFFFFFFFFC9FFF0001EA162C8743735940AF431E
0EF32B26A39E835AED0EBE74179A9FB8EBAC059FFFFFFFFFFC8FFF0001EE162C8743735940AF4336
0EF32B26A3A1835AE20EBE73179A9FB8EBAC059FFFFFFFFFFC8FFF0001E7162C8743735940AF334E
0EF32426A39B835B160EBE69179A9CB8EBAC059FFFFFFFFFFC9FFF0001F0162C8743735940AF3366
0EF31B26A38D835B3E0EBE66179A99B8EBAC059FFFFFFFFFFC8FFF0001F0162C8743735A40AF337E
0EF31B26A38A835B3A0EBE66179A96B8EBAC059FFFFFFFFFFC8FFF0001E7162C8743735A40AF2396
0EF32126A398835B3A0EBE6D179A9EB8DBAC059FFFFFFFFFFC8FFF0001F1162C8743735A40AF23AE
0EF31C26A38E835B430EBE6A179A99B8DBAC059FFFFFFFFFFC8FFF0001F2162C8743735A40AF33C6
0EF31826A38F835B510EBE66179A97B8EBAC059FFFFFFFFFFC8FFF0001EC162C8743735A40AF23DE
0EF30D26A380835B660EBE5D179A91B8FBAC059FFFFFFFFFFC8FFF0001F9162C8743735B40AF23F6
0EF2FF26A363835B6B0EBE55179A88B8FBAC059FFFFFFFFFFC7FFF000200162C8743735B40AF230E
0EF2FF26A365835B690EBE44179A7CB8EBAB059FFFFFFFFFFC7FFF000204162C8743735B40AF1326
0EF2FF26A36A835B830EBE44179A7EB8EBAB059FFFFFFFFFFC8FFF000208162C8743735B40AF133E
0EF2E326A340835B9B0EBE34179A70B8FBAB059FFFFFFFFFFC8FFF000218162C8743735B40AF1356
0EF2E226A33F835B950EBE30179A6BB8FBAC059FFFFFFFFFFC9FFF000228162C8743735C40AF136E
0EF30026A36E835B7A0EBE47179A7DB8EBAC059FFFFFFFFFFC9FFF000234162C8743735C40AF0386
0EF2FD26A368835B7E0EBE45179A7EB8DBAB059FFFFFFFFFFC9FFF000251162C8743735C40AF139E
0EF2CE26A322835BB60EBE14179A59B8DBAB059FFFFFFFFFFC9FFF00025F162C8743735C40AF03B6
0EF2AD26A2F2835BCD0EBDFD179A44B8DBAB059FFFFFFFFFFC9FFF00026D162C8843735D40AF03CE
0EF2B626A2FF835BBA0EBDFF179A44B8DBAB059FFFFFFFFFFC9FFF00028A162C8843735D40AF03E6
0EF2C526A317835B930EBE13179A52B8EBAB059FFFFFFFFFFC9FFF0002AE162C8843735D40AF03FE
0EF2DC26A33D835B8F0EBE18179A59B8EBAA059FFFFFFFFFFC9FFF0002C2162C8843735D40AF0316
0EF2CE26A32B835BC90EBE1A179A5FB8FBAB059FFFFFFFFFFC8FFF0002E2162C8843735E40AF032E
0EF2B326A2FE835BEB0EBE04179A4BB8FBAB059FFFFFFFFFFC8FFF0002F4162C8843735E40AF0346
0EF2BC26A30B835BBE0EBE18179A5AB90BAB059FFFFFFFFFFC8FFF00030C162C8843735E40AEF35E
0EF2C926A31A835B990EBE1D179A5DB8FBAB059FFFFFFFFFFC8FFF00031F162C8843735E40AEF376
0EF2AF26A2F9835BC00EBDFC179A44B8FBAC059FFFFFFFFFFC9FFF00033E162C8843735F40AEE38E
0EF29626A2D6835BF70EBDE6179A34B90BAC059FFFFFFFFFFC8FFF000350162C8843735F40AEE3A6
0EF29B26A2DD835BDE0EBDE7179A30B8FBAB059FFFFFFFFFFC8FFF00034D162C8843735F40AEE3BE
0EF2B626A301835BAB0EBE0A179A4BB8EBAC059FFFFFFFFFFC8FFF00024E162C8943735F40AEE3D6
0EF2C126A312835BBB0EBE08179A4CB8EBAB059FFFFFFFFFFC8FFF0002C6162C8943735F40AEE3EE
0EF2AC26A2F5835BEB0EBDFB179A43B8FBAB059FFFFFFFFFFC8FFF00039E162C8943736040AED306
0EF2B026A2F8835BDC0EBDFD179A43B8FBAC059FFFFFFFFFFC8FFF0002F3162C8943736040AED31E
0EF2BD26A30A835BAE0EBE0A179A4CB8EBAC059FFFFFFFFFFC8FFF0003BE162C8943736040AED336
0EF2C126A310835BB80EBE08179A4EB8EBAB059FFFFFFFFFFC8FFF000346162C8943736140AED34E
0EF2A326A2E8835BF20EBDEA179A37B8DBAB059FFFFFFFFFFC7FFF000258162C8943736140AED366
0EF29E26A2DC835BEE0EBDEF179A39B8CBAB059FFFFFFFFFFC9FFF00039B162C8943736140AEC37E
0EF2A826A2ED835BBA0EBDF9179A3EB8DBAC059FFFFFFFFFFC8FFF00040B162C8943736140AEC396
0EF2B126A2F5835BB40EBDF4179A3BB8DBAB059FFFFFFFFFFC9FFF000413162C8943736240AEC3AE
0EF2A526A2E5835BCA0EBDF3179A3BB8EBAB059FFFFFFFFFFC9FFF00040B162C8A43736240AEC3C6
0EF2A626A2E7835BC90EBDF1179A37B8EBAC059FFFFFFFFFFC9FFF000418162C8A43736240AEC3DE
0EF2BD26A30B835BBC0EBDFF179A43B8EBAC059FFFFFFFFFFC8FFF000418162C8A43736240AEC3F6
0EF2B326A2F8835BC70EBE00179A46B8EBAD059FFFFFFFFFFC6FFF000425162C8A43736340AEC30E
0EF29126A2CB835BEC0EBDD9179A2AB8EBAD059FFFFFFFFFFC6FFF000427162C8A43736340AEB326
0EF28F26A2C5835BDD0EBDDB179A26B8EBAD059FFFFFFFFFFC8FFF000422162C8A43736340AEB33E
0EF2A126A2E0835BA00EBDE8179A2EB8EBAD059FFFFFFFFFFC8FFF000432162C8A43736340AEB356
0EF2C126A309835B8C0EBDF3179A37B8EBAC059FFFFFFFFFFC8FFF00043F162C8A43736440AEA36E
0EF2B426A2FC835BB80EBDFC179A42B8FBAC059FFFFFFFFFFC8FFF00043C162C8B43736440AEA386
0EF2A426A2E3835BD70EBDF1179A39B90BAC059FFFFFFFFFFC8FFF00042D162C8B43736440AEA39E
0EF2A526A2E2835BCD0EBDF2179A39B91BAC059FFFFFFFFFFC9FFF000436162C8B43736440AEA3B6
0EF2AC26A2ED835BAC0EBDFA179A3DB91BAC059FFFFFFFFFFC8FFF00043D162C8B43736540AEA3CE
0EF2BB26A303835B8F0EBDFE179A40B90BAC059FFFFFFFFFFC8FFF00043A162C8B43736540AEA3E6
0EF2C626A314835B990EBE07179A49B8FBAC059FFFFFFFFFFC8FFF00043E162C8B43736540AE93FE
0EF2B926A2FF835BB70EBE09179A4CB8FBAC059FFFFFFFFFFC8FFF000390162C8B43736640AE9316
0EF2B426A2F9835BB60EBE00179A41B8FBAC059FFFFFFFFFFC8FFF00042A162C8C43736640AE932E
0EF2B626A2FC835B9F0EBE02179A44B8FBAD059FFFFFFFFFFC8FFF000437162C8C43736640AE8346
0EF2B826A2FE835B930EBE06179A45B8FBAD059FFFFFFFFFFC8FFF00043E162C8C43736640AE835E
0EF2C026A308835B8F0EBE0B179A49B8FBAD059FFFFFFFFFFC8FFF0003BE162C8C43736740AE8376
0EF2CC26A31C835B9A0EBE15179A54B8EBAC059FFFFFFFFFFC8FFF000399162C8C43736740AE938E
0EF2BC26A305835BA40EBE0A179A4AB8EBAC059FFFFFFFFFFC8FFF000428162C8C43736740AE83A6
0EF2BA26A2FD835B990EBE08179A47B90BAB059FFFFFFFFFFC8FFF00038D162C8C43736740AE83BE
0EF2B826A2FB835B8F0EBE06179A44B91BAB059FFFFFFFFFFC8FFF0002BD162C8D43736840AE83D6
0EF2B726A2F9835B840EBE06179A43B90BAB059FFFFFFFFFFCAFFF000295162C8D43736840AE73EE
0EF2BA26A2FC835B830EBE08179A47B8FBAB059FFFFFFFFFFC7FFF0002AA162C8D43736840AE7306
0EF2B926A2FD835B8D0EBE05179A45B8EBAB059FFFFFFFFFFC6FFF0002A5162C8D43736940AE631E
0EF2BB26A2FE835B8B0EBE07179A44B8EBAB059FFFFFFFFFFC7FFF0003A0162C8D43736940AE6336
0EF2BE26A301835B8A0EBE0B179A4BB8EBAB059FFFFFFFFFFC8FFF000429162C8D43736940AE634E
0EF2BC26A305835B910EBE07179A46B8EBAA059FFFFFFFFFFC8FFF000431162C8D43736940AE6366
0EF29E26A2D2835B990EBDF9179A3EB8EBAB059FFFFFFFFFFC8FFF000427162C8E43736A40AE637E
0EF29826A2C9835B9A0EBDE2179A28B8FBAB059FFFFFFFFFFC8FFF00042C162C8E43736A40AE6396
0EF2AB26A2E5835B840EBDFD179A3EB8EBAB059FFFFFFFFFFC8FFF000426162C8E43736A40AE53AE
0EF2BE26A308835B720EBE08179A45B8DBAB059FFFFFFFFFFC8FFF000418162C8E43736A40AE53C6
0EF2B726A2FF835B8F0EBE01179A45B8EBAC059FFFFFFFFFFC8FFF00040C162C8E43736B40AE53DE
0EF2AD26A2F3835BB60EBDF8179A3EB8FBAC059FFFFFFFFFFC8FFF00040A162C8E43736B40AE53F6
0EF2AC26A2F0835BA80EBDFD179A3FB8FBAC059FFFFFFFFFFC9FFF0003FC162C8E43736B40AE430E
0EF2BE26A307835B860EBE07179A47B8FBAC059FFFFFFFFFFC7FFF0003FE162C8E43736B40AE5326
0EF2C226A30C835B8B0EBE09179A49B8EBAB059FFFFFFFFFFC7FFF0003ED162C8E43736C40AE433E
0EF2BF26A309835B970EBE0C179A4BB8EBAB059FFFFFFFFFFC8FFF0003EE162C8F43736C40AE4356
0EF2C226A308835B7A0EBE0F179A4EB8EBAB059FFFFFFFFFFC9FFF0003E0162C8F43736C40AE436E
0EF2CB26A316835B580EBE13179A4FB8EBAB059FFFFFFFFFFC9FFF0003E4162C8F43736C40AE4386
0EF2D926A327835B2F0EBE1D179A54B8EBAB059FFFFFFFFFFC9FFF0003E1162C8F43736C40AE439E
0EF2E926A33E835AEE0EBE38179A68B8EBAC059FFFFFFFFFFC8FFF0003D4162C8F43736D40AE33B6
0EF30426A35F835AB90EBE48179A71B8EBAB059FFFFFFFFFFC7FFF0003DA162C8F43736D40AE33CE
0EF30C26A368835A7B0EBE4F179A75B8EBAB059FFFFFFFFFFC8FFF0003D9162C8F43736D40AE33E6
0EF32626A382835A200EBE74179A90B8EBAB059FFFFFFFFFFC8FFF0003D4162C8F43736D40AE33FE
0EF33126A38C8359DF0EBE76179A8CB8EBAB059FFFFFFFFFFC8FFF0003DE162C8F43736E40AE2316
0EF34926A3AC8359A20EBE88179A99B8DBAB059FFFFFFFFFFC9FFF0003DA162C9043736E40AE232E
0EF3B526A4518359250EBF26179B1FB8DBAB059FFFFFFFFFFC9FFF0003DB162C9043736E40AE2346
0EF52226A66D83588E0EC077179C2CB8FBAB059FFFFFFFFFFC8FFF0003E4162C9043736E40AE235E
0EF5E226A79283582B0EC112179CA8B8FBAB059FFFFFFFFFFC8FFF0003E2162C9043736F40AE2376
0EF68126A87D8357F60EC19D179D23B8EBAB059FFFFFFFFFFC8FFF0003ED162C9043736F40AE138E
0EF77726A9F48357980EC2DA179E26B8DBAA059FFFFFFFFFFC8FFF0003DD162C9043736F40AE13A6
0EF7D226AA7083570A0EC30D179E48B8DBAA059FFFFFFFFFFC8FFF0003F2162C9043736F40AE13BE
0EF86C26AB6383568E0EC3BF179EDAB8DBA9059FFFFFFFFFFC8FFF000400162C9043737040AE13D6
0EF9A626AD338356450EC4C2179FADB8CBA9059FFFFFFFFFFC8FFF00040B162C9043737040AE13EE
0EFA3626AE018356080EC55917A029B8BBA9059FFFFFFFFFFC7FFF000407162C9043737040AE1306
0EFA6626AE458355980EC59D17A062B8BBA805CFFFFFFFFFFC8FFF00040D162C9143737040AE031E
0EFB6226AFDD83551F0EC6A517A13DB8ABA805AFFFFFFFFFFC9FFF00041D162C9143737040AE0336
0EFC9626B1978354E40EC72B17A1A6B8ABA8059FFFFFFFFFFC8FFF000414162C9143737140AE034E
0EFCF526B2248354BD0EC7B517A21FB8ABA8059FFFFFFFFFFC8FFF00041E162C9143737140AE0366
0EFD1626B2568354980EC83817A283B8BBA8059FFFFFFFFFFC8FFF000420162C9143737140AE037E
0EFD5926B2B88354800EC87F17A2C1B89BA8059FFFFFFFFFFC8FFF000423162C9143737140AE0396
0EFD5126B2B18354810EC87617A2BAB88BA8059FFFFFFFFFFC9FFF000423162C9143737240ADF3AE
0EFD3E26B29783549C0EC86C17A2B6B8ABA7059FFFFFFFFFFC8FFF000416162C9143737240ADF3C6
0EFD1026B2588354B30EC84417A296B8ABA7059FFFFFFFFFFC9FFF000419162C9143737240ADF3DE
0EFD2126B2718354AA0EC85817A2A6B8ABA7059FFFFFFFFFFC9FFF000410162C9143737240ADF3F6
0EFD4F26B2B98354950EC88717A2CEB8ABA7059FFFFFFFFFFC9FFF000419162C9243737240ADE30E
0EFD2326B2758354A60EC84F17A2A3B8ABA7059FFFFFFFFFFC8FFF00040E162C9243737340ADE326
0EFCD826B2098354D80EC7F917A261B8ABA7059FFFFFFFFFFC8FFF0003F6162C9243737340ADE33E
0EFCB926B1DA8354D50EC7EB17A250B8BBA8059FFFFFFFFFFC8FFF0003EF162C9243737340ADD356
0EFD0426B2508354940EC82A17A284B8BBA8059FFFFFFFFFFC8FFF0003DD162C9243737340ADD36E
0EFD2526B27E83548C0EC84517A29DB8BBA8059FFFFFFFFFFC8FFF0003D4162C9243737440ADD386
0EFCFA26B2448354DB0EC82E17A28CB8CBA8059FFFFFFFFFFC9FFF0003B8162C9243737440ADD39E
0EFCEC26B2338354F90EC81217A276B8CBA8059FFFFFFFFFFC9FFF0003A1162C9243737440ADD3B6
0EFCE126B2218354C20EC81B17A27BB8CBA8059FFFFFFFFFFC8FFF00038D162C9243737440ADC3CE
0EFCED26B2308354A20EC81817A276B8BBA7059FFFFFFFFFFC8FFF000381162C9343737440ADC3E6
0EFCDD26B2178354C10EC80A17A26FB8BBA7059FFFFFFFFFFC8FFF000362162C9343737540ADC3FE
0EFCA626B1C38354D60EC7F817A25DB8ABA7059FFFFFFFFFFC8FFF000357162C9343737540ADC316
0EFC7626B1808354C70EC7AD17A21EB8ABA7059FFFFFFFFFFC8FFF00034A162C9343737540ADC32E
0EFC7126B1708354C40EC7A517A219B8BBA7059FFFFFFFFFFC8FFF00034D162C9343737540ADC346
0EFC6426B1618354E20EC78B17A205B8BBA7059FFFFFFFFFFC8FFF000343162C9343737640ADC35E
0EFC5426B1438354E90EC79217A209B8ABA7059FFFFFFFFFFC7FFF00033C162C9343737640ADB376
0EFC7826B17E8354B60EC7AD17A21EB8BBA7059FFFFFFFFFFC8FFF000332162C9343737640ADB38E
0EFC9C26B1B483549D0EC7BB17A229B8ABA7059FFFFFFFFFFC8FFF000339162C9443737640ADB3A6
0EFC7426B17A8354DF0EC7AB17A221B8CBA9059FFFFFFFFFFC9FFF000326162C9443737640ADA3BE
0EFC2726B1038355060EC76117A1E4B8EBA9059FFFFFFFFFFC9FFF000329162C9443737740ADA3D6
0EFC4026B12A8354C70EC77F17A1FAB8CBA9059FFFFFFFFFFC8FFF00033C162C9443737740ADA3EE
0EFC7426B1788354920EC79817A20CB8CBA8059FFFFFFFFFFC8FFF000344162C9443737740ADA306
0EFC9026B1A98354B60EC7B717A22AB8BBA8059FFFFFFFFFFC8FFF00033C162C9443737740ADA31E
0EFC6E26B1738354F00EC79517A212B8ABA8059FFFFFFFFFFC8FFF00033E162C9443737840ADA336
0EFC4D26B1428354E30EC78C17A205B8BBA8059FFFFFFFFFFC8FFF000349162C9443737840ADA34E
0EFC5526B14C8354B40EC78917A201B8BBA8059FFFFFFFFFFC8FFF000337162C9543737840AD9366
0EFC4E26B13E8354B20EC78E17A206B8CBA8059FFFFFFFFFFC8FFF00035E162C9543737840AD937E
0EFC4526B1338354D70EC76717A1EAB8BBA7059FFFFFFFFFFC8FFF000352162C9543737940AD9396
0EFC4226B12D8354DF0EC77417A1EFB8BBA8059FFFFFFFFFFC9FFF00034A162C9543737940AD93AE
0EFC6F26B1768354BF0EC79617A20BB8BBA7059FFFFFFFFFFC8FFF00034A162C9543737940AD83C6
0EFC8826B1948354BA0EC7A417A21AB8BBA8059FFFFFFFFFFC8FFF000342162C9543737940AD83DE
0EFC3426B11A8354DB0EC77717A1F6B8CBA8059FFFFFFFFFFC8FFF00032A162C9543737940AD83F6
0EFC1226B0E78354ED0EC75517A1D7B8CBA9059FFFFFFFFFFC8FFF00031C162C9643737A40AD830E
0EFC2526B1058354E60EC74217A1CAB8ABA9059FFFFFFFFFFC8FFF000308162C9643737A40AD8326
0EFC9C26B1B78354C20EC7DB17A245B8BBA9059FFFFFFFFFFC9FFF0002FD162C9643737A40AD733E
0EFD2B26B2858354A60EC81A17A279B8CBA8059FFFFFFFFFFC9FFF0002E7162C9643737A40AD8356
0EFCD126B2008354C90EC7FD17A263B8DBA9059FFFFFFFFFFC8FFF0002A7162C9643737B40AD736E
0EFBD026B0878355000EC71B17A1AEB8BBA8059FFFFFFFFFFC8FFF0001FA162C9643737B40AD7386
0EFBB126B0578354EA0EC72B17A1B5B8ABA8059FFFFFFFFFFC8FFF000248162C9643737B40AD639E
0EFBFB26B0C88354BB0EC73317A1B9B8ABA8059FFFFFFFFFFC8FFF0002B4162C9743737B40AD63B6
0EFCAD26B1DC8354B80EC73B17A1C3B8CBA7059FFFFFFFFFFC7FFF000230162C9743737C40AD63CE
0EFC7726B17B8354C20EC78B17A1FFB8EBA7059FFFFFFFFFFC8FFF000220162C9743737C40AD63E6
0EFC4326B12B8354C80EC76317A1E2B8DBA7059FFFFFFFFFFC8FFF000201162C9743737C40AD63FE
0EFC7526B1788354CB0EC78F17A209B8CBA7059FFFFFFFFFFC8FFF0001F6162C9743737C40AD5316
0EFBC826B06F8354D30EC76817A1E4B8CBA7059FFFFFFFFFFC9FFF00026C162C9743737C40AD632E
0EFB6B26AFE48354DD0EC6C817A160B8CBA7059FFFFFFFFFFC8FFF00020D162C9843737D40AD5346
0EFB7426AFF38354C90EC6B117A14DB8ABA8059FFFFFFFFFFC8FFF0001E5162C9843737D40AD535E
0EFBE726B0A18354A40EC6FE17A189B89BA9059FFFFFFFFFFC9FFF0001E4162C9843737D40AD5376
0EFC1D26B0E68354A60EC72A17A1B0B8ABA9059FFFFFFFFFFC9FFF00027B162C9843737D40AD438E
0EFB8326B0058354D10EC6A717A149B8BBA8059FFFFFFFFFFC9FFF0002D7162C9843737E40AD43A6
0EFB3D26AF9A8354E30EC67D17A122B8BBA8059FFFFFFFFFFC9FFF0002E5162C9843737E40AD43BE
0EFB2B26AF7E8354D20EC66317A10BB8BBA8059FFFFFFFFFFC9FFF0002DD162C9843737E40AD43D6
0EFB3A26AF948354AC0EC67717A119B8BBA9059FFFFFFFFFFC9FFF000260162C9943737E40AD43EE
0EFB5226AFB78354A10EC67C17A11EB8CBA8059FFFFFFFFFFC8FFF0002CD162C9943737F40AD4306
0EFB1E26AF6C8354C40EC64B17A0F8B8BBA8059FFFFFFFFFFC9FFF0002E1162C9943737F40AD431E
0EFB1126AF558354D10EC65017A0FAB8BBA8059FFFFFFFFFFC8FFF0002DB162C9943737F40AD4336
0EFB1326AF568354B20EC64717A0F1B8BBA8059FFFFFFFFFFC8FFF0002D3162C9943737F40AD434E
0EFB2C26AF788354A60EC65317A0FCB8BBA8059FFFFFFFFFFC8FFF0002C7162C9943737F40AD3366
0EFB1626AF5E8354BE0EC64817A0F3B8ABA8059FFFFFFFFFFC8FFF0002AF162C9A43738040AD337E
0EFB0426AF428354D00EC64117A0ECB8ABA8059FFFFFFFFFFC9FFF0002A8162C9A43738040AD2396
0EFAFA26AF308354D00EC62B17A0DAB8ABA8059FFFFFFFFFFC8FFF000295162C9A43738040AD23AE
0EFAF926AF2E8354BD0EC62F17A0DBB8ABA8059FFFFFFFFFFC8FFF000286162C9A43738040AD23C6
0EFAF126AF238354B60EC62B17A0D9B8BBA8059FFFFFFFFFFC8FFF000276162C9A43738140AD23DE
0EFAE326AF0C8354CB0EC61D17A0CDB8CBA8059FFFFFFFFFFC8FFF000272162C9A43738140AD23F6
0EFAE126AF048354D20EC61317A0C5B8CBA7059FFFFFFFFFFC8FFF000257162C9B43738140AD230E
0EFAE026AF068354C20EC61217A0C4B8BBA8059FFFFFFFFFFC9FFF00024E162C9B43738140AD1326
0EFADF26AF038354BB0EC61217A0C2B8BBA8059FFFFFFFFFFC8FFF00023A162C9B43738140AD033E
0EFADA26AF048354D00EC60B17A0C0B8BBA8059FFFFFFFFFFC8FFF000222162C9B43738240AD1356
0EFACD26AEEE8354EC0EC60317A0BAB8BBA8059FFFFFFFFFFC8FFF000224162C9B43738240AD036E
0EFABF26AED78354F00EC5F217A0AAB8BBA8059FFFFFFFFFFC8FFF000217162C9B43738240AD1386
0EFAC626AEE58354D50EC5FB17A0B0B8ABA8059FFFFFFFFFFC8FFF00021F162C9B43738240AD039E
0EFAD526AEFA8354C40EC60517A0B8B8ABA8059FFFFFFFFFFC8FFF00021F162C9B43738240AD03B6
0EFACC26AEEC8354D20EC5FF17A0B6B8CBA8059FFFFFFFFFFC8FFF00021C162C9C43738340AD03CE
0EFAB526AECD8354EF0EC5EA17A0A6B8CBA8059FFFFFFFFFFC8FFF00020E162C9C43738340AD03E6
0EFAA526AEB18354F90EC5DB17A096B8BBA8059FFFFFFFFFFC8FFF000214162C9C43738340AD03FE
0EFAA326AEAD8354EB0EC5D617A092B8ABA8059FFFFFFFFFFC8FFF00021D162C9C43738340AD0316
0EFAA026AEAB8354F70EC5D117A090B8BBA8059FFFFFFFFFFC9FFF000215162C9C43738340AD032E
0EFA9E26AEA98354FE0EC5D217A08EB8BBA8059FFFFFFFFFFC9FFF00021C162C9C43738340ACE346
0EFA9F26AEA68354E70EC5D217A08FB8ABA8059FFFFFFFFFFC8FFF00021A162C9C43738440ACF35E
0EFA9B26AEA58354EE0EC5CC17A08CB8ABA8059FFFFFFFFFFC8FFF000215162C9D43738440ACE376
0EFA8126AE7D83551B0EC5AD17A075B8ABA8059FFFFFFFFFFC8FFF00020A162C9D43738440ACE38E
0EFA7826AE758355220EC5AC17A06FB8BBA9059FFFFFFFFFFC8FFF00020F162C9D43738440ACE3A6
0EFA8626AE858354FF0EC5B317A074B8ABA8059FFFFFFFFFFC8FFF000214162C9D43738440ACE3BE
0EFA8826AE888354E70EC5B817A079B8ABA8059FFFFFFFFFFC8FFF00021E162C9D43738440ACD3D6
0EFA7E26AE7A83550D0EC5AE17A074B8ABA8059FFFFFFFFFFC8FFF000214162C9D43738440ACD3EE
0EFA7526AE728355390EC5A717A06FB8BBA9059FFFFFFFFFFC8FFF000218162C9D43738540ACD306
0EFA7626AE708355200EC5AB17A070B8BBA9059FFFFFFFFFFC8FFF000228162C9E43738540ACD31E
0EFA8326AE838354F00EC5BB17A07BB8BBA9059FFFFFFFFFFC7FFF00022C162C9E43738540ACC336
0EFA8D26AE918354FA0EC5B817A07BB8BBA9059FFFFFFFFFFC7FFF000230162C9E43738540ACC34E
0EFA7826AE7483552C0EC5A517A070B8BBA9059FFFFFFFFFFC8FFF00022B162C9E43738540ACC366
0EFA7126AE698355450EC5A817A06FB8CBA9059FFFFFFFFFFC7FFF000238162C9E43738540ACC37E
0EFA7626AE6F8355320EC5A917A06FB8CBA9059FFFFFFFFFFC8FFF000244162C9E43738640ACC396
0EFA7826AE738355190EC5AF17A074B8DBA9059FFFFFFFFFFC7FFF000244162C9F43738640ACC3AE
0EFA8126AE8483551B0EC5AF17A073B8CBA8059FFFFFFFFFFC8FFF000251162C9F43738640ACC3C6
0EFA7626AE6F8355320EC5AA17A071B8CBA8059FFFFFFFFFFC9FFF000257162C9F43738640ACC3DE
0EFA6926AE628355510EC59817A066B8CBA9059FFFFFFFFFFC8FFF000257162C9F43738640ACC3F6
0EFA6926AE5F8355450EC59C17A064B8CBA9059FFFFFFFFFFC8FFF00026C162C9F43738640ACB30E
0EFA6726AE5A83553F0EC59C17A066B8CBA9059FFFFFFFFFFC8FFF000274162C9F43738740ACB326
0EFA6626AE5A83554A0EC59917A064B8CBA9059FFFFFFFFFFC8FFF000271162C9F43738740ACA33E
0EFA5B26AE4883554B0EC59317A05DB8BBAA059FFFFFFFFFFC8FFF000285162CA043738740ACA356
0EFA4926AE368355490EC58317A050B8BBA9059FFFFFFFFFFC9FFF00028E162CA043738740ACA36E
0EFA3F26AE2B8355630EC55517A02EB8BBA9059FFFFFFFFFFC8FFF00028D162CA043738740ACA386
0EFA3426AE148355720EC56017A033B8BBA9059FFFFFFFFFFC9FFF0002A0162CA043738740ACA39E
0EFA3326AE148355530EC56517A037B8BBA9059FFFFFFFFFFC8FFF0002B5162CA043738840ACA3B6
0EFA5B26AE538355420EC58017A04EB8CBAA059FFFFFFFFFFC8FFF0002C2162CA043738840AC93CE
0EFA5C26AE5683555D0EC58417A054B8CBA9059FFFFFFFFFFC8FFF0002B6162CA043738840AC93E6
0EFA5526AE518355710EC58917A058B8BBA9058FFFFFFFFFFC8FFF0002BB162CA043738840AC93FE
0EFA5A26AE558355730EC58817A057B8BBA8059FFFFFFFFFFC8FFF0002C1162CA143738840AC8316
0EFA5B26AE598355710EC58C17A059B8BBA8059FFFFFFFFFFC8FFF0002B9162CA143738840AC832E
0EFA5926AE5783557D0EC58817A057B8CBA8059FFFFFFFFFFC8FFF0002BA162CA143738940AC8346
0EFA5026AE488355820EC58717A055B8CBA9059FFFFFFFFFFC8FFF0002A7162CA143738940AC835E
0EFA5326AE4E8355790EC58417A051B8CBAA059FFFFFFFFFFC8FFF0002A7162CA143738940AC8376
0EFA5726AE568355840EC58617A059B8CBA9058FFFFFFFFFFC8FFF00028B162CA143738940AC838E
0EFA5726AE598355950EC58717A059B8CBAA059FFFFFFFFFFC8FFF000294162CA143738940AC73A6
0EFA5A26AE6083559B0EC58B17A05AB8CBAA059FFFFFFFFFFC9FFF00028A162CA243738940AC73BE
0EFA5B26AE5D83558D0EC58C17A05AB8BBAA058FFFFFFFFFFC9FFF000280162CA243738940AC73D6
0EFA6226AE6783558B0EC59217A060B8DBAA059FFFFFFFFFFC9FFF00026D162CA243738A40AC73EE
0EFA5A26AE638355AF0EC58717A05CB8CBAA059FFFFFFFFFFC9FFF000267162CA243738A40AC6306
0EFA5426AE578355C40EC58B17A05CB8CBAA059FFFFFFFFFFC9FFF000253162CA243738A40AC731E
0EFA5926AE608355B40EC58917A05AB8CBAA059FFFFFFFFFFC8FFF00025F162CA243738A40AC6336
0EFA6726AE738355AE0EC59317A062B8CBAA059FFFFFFFFFFC8FFF00025E162CA243738A40AC634E
0EFA6126AE668355C00EC59417A064B8CBA9059FFFFFFFFFFC8FFF000258162CA243738A40AC6366
0EFA6126AE6C8355C00EC59117A061B8CBA9058FFFFFFFFFFC7FFF00024C162CA343738A40AC537E
0EFA7526AE8B8355C80EC59517A068B8BBA8059FFFFFFFFFFC7FFF000254162CA343738B40AC5396
0EFA6526AE768355E30EC59617A069B8ABA9059FFFFFFFFFFC8FFF00024F162CA343738B40AC53AE
0EFA5826AE5A8355EC0EC58F17A061B8ABA9059FFFFFFFFFFC8FFF000263162CA343738B40AC53C6
0EFA6326AE6E8355E70EC59517A065B8BBA9058FFFFFFFFFFCAFFF00026E162CA343738B40AC53DE
0EFA6F26AE818355DE0EC5A017A070B8CBA9059FFFFFFFFFFC8FFF000272162CA343738B40AC43F6
0EFA7426AE8D8355E60EC5A217A072B8BBA9059FFFFFFFFFFC8FFF000283162CA343738B40AC430E
0EFA7126AE8B8355FF0EC5A317A076B8ABA9059FFFFFFFFFFC8FFF00028F162CA343738C40AC4326
0EFA6A26AE7C8356090EC59F17A070B89BA9058FFFFFFFFFFC8FFF0002A0162CA343738C40AC433E
0EFA7D26AE9C8355F30EC5AD17A07BB8BBA9059FFFFFFFFFFC8FFF0002A0162CA443738C40AC4356
0EFA8626AEA98355F90EC5B317A084B8CBA9058FFFFFFFFFFC8FFF0002BC162CA443738C40AC436E
0EFA8226AEAB8356190EC5B317A085B8CBA9058FFFFFFFFFFC8FFF0002B6162CA443738C40AC4386
0EFA8026AEA383561C0EC5B617A085B8CBA9058FFFFFFFFFFC8FFF0002C5162CA443738C40AC339E
0EFA8726AEAD8356050EC5B717A086B8BBA9059FFFFFFFFFFC8FFF0002C3162CA443738C40AC33B6
0EFA8D26AEB58356060EC5B917A08AB8ABA8058FFFFFFFFFFC8FFF0002D1162CA443738D40AC43CE
0EFA8F26AEC383562B0EC5BB17A08DB8BBA8058FFFFFFFFFFC9FFF0002D3162CA443738D40AC33E6
0EFA9526AEC68356310EC5C217A092B8CBA8058FFFFFFFFFFC6FFF0002D0162CA543738D40AC23FE
0EFAA026AED883561B0EC5D117A09CB8BBA9058FFFFFFFFFFC8FFF0002E5162CA543738D40AC2316
0EFACF26AF1D83560A0EC5E017A0AAB8ABA9058FFFFFFFFFFC8FFF0002EF162CA543738D40AC232E
0EFAB626AEFA8356270EC5DF17A0ADB89BA9058FFFFFFFFFFC8FFF0002EB162CA543738E40AC2346
0EFA9426AECD8356510EC5C017A096B89BA8058FFFFFFFFFFC7FFF0002FA162CA543738E40AC235E
0EFA9126AEC88356490EC5C917A098B8BBA9058FFFFFFFFFFC8FFF000309162CA543738E40AC1376
0EFA9E26AED98356290EC5DC17A0A8B8BBA9058FFFFFFFFFFC8FFF000319162CA543738E40AC138E
0EFA9D26AED88356250EC5D417A0A1B8DBA9058FFFFFFFFFFC8FFF000323162CA543738E40AC13A6
0EFA9326AEC883563E0EC5C417A097B8DBA9058FFFFFFFFFFC8FFF00031E162CA643738E40AC13BE
0EFA8F26AEC88356610EC5BC17A093B8DBA9058FFFFFFFFFFC8FFF00032B162CA643738E40AC03D6
0EFA8A26AEC08356610EC5C117A095B8CBA9058FFFFFFFFFFC9FFF000332162CA643738F40AC03EE
0EFA9126AEC68356490EC5C117A093B8CBA9058FFFFFFFFFFC8FFF000337162CA643738F40AC0306
0EFA8F26AEC883565B0EC5BE17A093B8DBA9058FFFFFFFFFFC9FFF00033F162CA643738F40AC031E
0EFA8326AEB68356730EC5BC17A091B8BBA8058FFFFFFFFFFC8FFF000338162CA643738F40AC0336
0EFA8726AEB98356620EC5BA17A08EB8ABA9058FFFFFFFFFFC8FFF000348162CA643738F40AC034E
0EFA8A26AEBF8356560EC5BB17A090B8ABA9058FFFFFFFFFFC8FFF000350162CA743738F40ABF366
0EFA8926AEC083566B0EC5B817A08EB8BBA9058FFFFFFFFFFC8FFF000353162CA743738F40ABF37E
0EFA6726AE8C8356940EC59617A075B8BBA9058FFFFFFFFFFC8FFF00034D162CA743739040ABF396
0EFA5C26AE7F83569C0EC59717A073B8BBA9058FFFFFFFFFFC8FFF00035F162CA743739040ABF3AE
0EFA6B26AE9483566E0EC59C17A075B8BBA9058FFFFFFFFFFC8FFF00036E162CA743739040ABE3C6
0EFA7F26AEAE8356640EC5A517A07EB8ABA9058FFFFFFFFFFC8FFF00036A162CA743739040ABE3DE
0EFA6626AE8F8356940EC59617A075B8BBAA058FFFFFFFFFFC8FFF00036E162CA743739040ABE3F6
0EFA5726AE788356B50EC58D17A06CB8BBAA058FFFFFFFFFFC8FFF00036B162CA743739040ABE30E
0EFA5E26AE838356920EC59317A070B8CBAA058FFFFFFFFFFC8FFF00036C162CA843739040ABE326
0EFA7F26AEB283567D0EC5A217A07CB8CBA9058FFFFFFFFFFC9FFF00035C162CA843739140ABD33E
0EFA6D26AE9B83569F0EC59917A078B8CBA8058FFFFFFFFFFC8FFF000352162CA843739140ABD356
0EFA6726AE958356BA0EC58E17A070B8CBA9058FFFFFFFFFFC8FFF00033B162CA843739140ABD36E
0EFA6426AE8F8356B60EC59C17A077B8BBA9058FFFFFFFFFFC9FFF00031A162CA843739140ABD386
0EFA6626AE8F8356A90EC59E17A079B8BBA8058FFFFFFFFFFC9FFF00030A162CA843739140ABD39E
0EFA6326AE8B8356B30EC59317A073B8BBA9058FFFFFFFFFFC9FFF0002F3162CA843739140ABC3B6
0EFA5F26AE888356CB0EC59517A075B8ABA9058FFFFFFFFFFC9FFF0002D8162CA943739140ABC3CE
0EFA5F26AE878356CC0EC59317A071B8ABA9058FFFFFFFFFFC8FFF0002B6162CA943739140ABC3E6
0EFA6326AE918356C90EC59517A074B8BBAA058FFFFFFFFFFC8FFF0002AA162CA943739140ABC3FE
0EFA6326AE8D8356D70EC59317A074B8CBA9058FFFFFFFFFFC8FFF000293162CA943739240ABC316
0EFA5D26AE848356E50EC59317A071B8CBA9058FFFFFFFFFFC8FFF000272162CA943739240ABC32E
0EFA6326AE8C8356E60EC59117A071B8CBA9058FFFFFFFFFFC8FFF000267162CA943739240ABC346
0EFA6626AE938356E50EC59617A076B8BBA9058FFFFFFFFFFCAFFF000250162CA943739240ABB35E
0EFA6626AE948356F10EC59817A07AB8BBA9058FFFFFFFFFFC9FFF000242162CA943739240ABB376
0EFA5826AE808357060EC59417A078B8CBAA058FFFFFFFFFFC8FFF000237162CAA43739240ABA38E
0EFA3B26AE5583570E0EC57C17A061B8BBAA058FFFFFFFFFFC9FFF00022C162CAA43739240ABB3A6
0EFA4326AE608356FF0EC57717A05EB8CBAA058FFFFFFFFFFC9FFF000226162CAA43739240ABA3BE
0EFA4426AE5E8356F70EC57B17A061B8CBA9058FFFFFFFFFFC9FFF000217162CAA43739240ABA3D6
0EFA3626AE4D83570F0EC56817A053B8BBA8058FFFFFFFFFFC9FFF00021C162CAA43739240ABA3EE
0EFA2926AE3E83573C0EC54A17A03DB8BBA9058FFFFFFFFFFC9FFF000219162CAA43739240ABA306
0EFA1C26AE2B8357390EC55D17A04BB8BBA9058FFFFFFFFFFC8FFF000210162CAA43739340ABA31E
0EFA3E26AE5A83570D0EC57217A05AB8ABAA058FFFFFFFFFFC8FFF00021C162CAB43739340ABA336
0EFA4826AE688357150EC57317A05EB8BBAA058FFFFFFFFFFC9FFF00021C162CAB43739340AB934E
0EFA2726AE3883573C0EC55517A047B8BBAA058FFFFFFFFFFC9FFF00021E162CAB43739340AB9366
0EF9FC26ADF983574E0EC54C17A03EB8ABA9057FFFFFFFFFFC9FFF00021B162CAB43739340AB937E
0EF9EC26ADDE8357520EC52717A01DB8ABA9057FFFFFFFFFFC6FFF00022C162CAB43739340AB9396
0EF9FE26ADF68357490EC52A17A01FB8ABA8057FFFFFFFFFFC8FFF000232162CAB43739340AB83AE
0EFA0D26AE108357410EC53C17A02FB8CBA9057FFFFFFFFFFC8FFF00022E162CAB43739340AB83C6
0EF9FB26ADF38357570EC52D17A026B8EBA9057FFFFFFFFFFC8FFF000237162CAC43739340AB83DE
0EF9AB26AD808357740EC4F3179FF8B8FBA9057FFFFFFFFFFC8FFF00022C162CAC43739340AB83F6
0EF94826ACE58357740EC494179FA3B8EBA9057FFFFFFFFFFC8FFF000230162CAC43739340AB830E
0EF9C126ADA08357680EC4CC179FD4B8CBAA057FFFFFFFFFFC8FFF00023E162CAC43739340AB8326
0EF9F626ADED8357730EC501179FFFB8CBAA057FFFFFFFFFFC8FFF000242162CAC43739340AB733E
0EF9E926ADDF8357820EC50E17A00DB8CBAA057FFFFFFFFFFC8FFF000238162CAC43739340AB6356
0EF9DE26ADD18357910EC51517A012B8BBA9057FFFFFFFFFFC8FFF000241162CAC43739340AB636E
0EF9CA26ADB38357A50EC50917A00AB8BBA9057FFFFFFFFFFC8FFF000241162CAD43739340AB6386
0EF9F226ADEB8357A00EC51B17A016B8BBA9057FFFFFFFFFFC8FFF00023B162CAD43739440AB639E
0EF9F226ADE88357920EC53D17A032B8BBA9057FFFFFFFFFFC8FFF000248162CAD43739440AB63B6
0EF93B26ACDA8357AE0EC485179F9DB8CBA9056FFFFFFFFFFC8FFF000248162CAD43739440AB63CE
0EF90626AC8C8357D20EC41F179F4CB8CBAA057FFFFFFFFFFC8FFF000247162CAD43739440AB63E6
0EF92426ACB58357BD0EC453179F70B8CBAA056FFFFFFFFFFC8FFF000243162CAD43739440AB63FE
0EF94726ACE88357990EC464179F7EB8CBAA056FFFFFFFFFFC7FFF000258162CAE43739440AB5316
0EF93326ACCB8357B50EC465179F84B8BBA9056FFFFFFFFFFC7FFF00025D162CAE43739440AB432E
0EF91626ACA48357EC0EC449179F6EB8CBAA056FFFFFFFFFFC7FFF00025F162CAE43739440AB5346
0EF91C26ACAB8357F40EC458179F77B8CBAA056FFFFFFFFFFC7FFF00025C162CAE43739440AB535E
0EF92F26ACC78357D40EC46D179F86B8DBAA056FFFFFFFFFFC8FFF000270162CAE43739440AB5376
0EF95026ACF68357B50EC467179F83B8DBAA056FFFFFFFFFFC8FFF00026F162CAE43739440AB438E
0EF96F26AD268357CC0EC485179FA0B8DBAA056FFFFFFFFFFC8FFF00027A162CAF43739440AB43A6
0EF8D526AC4383580F0EC416179F43B8DBA9057FFFFFFFFFFC7FFF00027B162CAF43739440AB43BE
0EF8C126AC2E8358100EC419179F45B8DBAA056FFFFFFFFFFC8FFF000280162CAF43739440AB43D6
0EF91A26ACAD8357D60EC459179F79B8DBAA056FFFFFFFFFFC8FFF00029C162CAF43739440AB33EE
0EF94726ACE88357CF0EC463179F80B8CBAA056FFFFFFFFFFC8FFF0002A4162CAF43739440AB3306
0EF90526AC8C8358000EC45B179F7EB8CBA9056FFFFFFFFFFC8FFF0002A2162CAF43739440AB331E
0EF90026AC858358180EC441179F65B8CBA9056FFFFFFFFFFC8FFF00029D162CB043739440AB3336
0EF92F26ACD18357FD0EC43C179F61B8BBA9056FFFFFFFFFFC8FFF0002B8162CB043739440AB334E
0EF94D26ACF88358000EC46B179F8AB8CBA9056FFFFFFFFFFC8FFF0002BB162CB043739440AB2366
0EF95726AD0C8358210EC47D179F9AB8DBA9056FFFFFFFFFFC9FFF0002C6162CB043739440AB237E
0EF95326AD0883580B0EC490179FA7B8DBA9056FFFFFFFFFFC9FFF0002CF162CB043739440AB2396
0EF97226AD308357EE0EC493179FAAB8DBAA056FFFFFFFFFFC8FFF0002CC162CB143739440AB23AE
0EF96B26AD2A83580E0EC49F179FB7B8CBAA056FFFFFFFFFFC8FFF0002CF162CB143739440AB23C6
0EF92C26ACCE8358460EC461179F88B8CBA9056FFFFFFFFFFC9FFF0002D6162CB143739540AB23DE
0EF90526AC9283584C0EC450179F75B8CBA9056FFFFFFFFFFC9FFF0002DC162CB143739540AB13F6
0EF94126ACF08358190EC48A179FA6B8CBA9056FFFFFFFFFFC7FFF0002DD162CB143739540AB130E
0EF96126AD108357EB0EC494179FABB8CBA9056FFFFFFFFFFC7FFF0002E1162CB143739540AB1326
0EF96A26AD268358150EC491179FADB8CBA9056FFFFFFFFFFC8FFF0002DA162CB243739540AB133E
0EF92026ACBB8358520EC469179F8CB8DBAA056FFFFFFFFFFC8FFF0002CB162CB243739540AB0356
0EF91F26ACBB8358380EC46D179F8DB8DBAA056FFFFFFFFFFC8FFF0002C4162CB243739540AB036E
0EF95026ACFE8358040EC495179FABB8DBAA056FFFFFFFFFFC9FFF0002D1162CB243739540AB0386
0EF95C26AD1083580E0EC48F179FA8B8EBA9056FFFFFFFFFFC8FFF0002C6162CB243739540AB039E
0EF92726ACC48358410EC469179F89B8DBA9056FFFFFFFFFFC7FFF0002B6162CB343739540AB03B6
0EF90426AC8E8358530EC445179F70B8DBA9056FFFFFFFFFFC9FFF0002AA162CB343739540AB03CE
0EF92C26ACCF83582A0EC477179F94B8CBAA056FFFFFFFFFFC8FFF0002BA162CB343739540AB03E6
0EF95D26AD118358060EC48A179FA1B8CBAA056FFFFFFFFFFC8FFF0002B5162CB343739540AB03FE
0EF94826ACF583581E0EC485179FA3B8DBAA056FFFFFFFFFFC9FFF0002AE162CB343739540AB0316
0EF93626ACDD83583B0EC46E179F90B8CBAA056FFFFFFFFFFC7FFF0002AA162CB443739540AAF32E
0EF94E26AD0283582B0EC477179F93B8BBA9056FFFFFFFFFFC7FFF0002AA162CB443739540AAE346
0EF96126AD1D8358220EC488179FA3B8CBA9056FFFFFFFFFFC7FFF0002A3162CB443739640AAE35E
0EF95926AD128358370EC481179F9FB8CBAA056FFFFFFFFFFC8FFF0002A9162CB443739640AAE376
0EF93F26ACE98358380EC483179F9DB8CBAA056FFFFFFFFFFC9FFF00029A162CB543739640AAE38E
0EF97426AD388358150EC4A8179FBCB8DBA9056FFFFFFFFFFC8FFF0002A3162CB543739640AAE3A6
0EF97726AD388358060EC4AD179FC1B8EBA9056FFFFFFFFFFC7FFF00029A162CB543739640AAE3BE
0EF97D26AD4583582A0EC4B0179FC6B8EBA9056FFFFFFFFFFC8FFF0002A1162CB543739640AAD3D6
0EF96D26AD2F83583E0EC4AD179FC3B8DBAA056FFFFFFFFFFC8FFF0002A1162CB543739640AAD3EE
0EF98826AD5C8358220EC4BD179FCDB8DBA9056FFFFFFFFFFC9FFF0002A4162CB643739640AAD306
0EF9A926AD898358070EC4D0179FDEB8DBA9056FFFFFFFFFFC8FFF000299162CB643739640AAD31E
0EF99626AD688358160EC4CD179FDDB8CBA9056FFFFFFFFFFC9FFF00029C162CB643739640AAC336
0EF97426AD3C8358380EC4AF179FC6B8CBA9056FFFFFFFFFFC8FFF000298162CB643739640AAC34E
0EF97D26AD4A8358350EC4B3179FC7B8BBAA056FFFFFFFFFFC9FFF000294162CB743739740AAC366
0EF98626AD5583580F0EC4C0179FD1B8BBAA056FFFFFFFFFFC8FFF0002A8162CB743739740AAC37E
0EF9B026AD8D8357EE0EC4DB179FE5B8BBA9056FFFFFFFFFFC8FFF0002AE162CB743739740AAC396
0EF9C226ADAB8357F80EC4E6179FF2B8BBA9056FFFFFFFFFFC8FFF0002A3162CB743739740AAC3AE
0EF9C026ADB18358270EC4E9179FF8B8ABA9056FFFFFFFFFFC8FFF0002A9162CB743739740AAC3C6
0EF9A826AD8A83583E0EC4E9179FF6B8ABAA056FFFFFFFFFFC8FFF0002AD162CB843739740AAB3DE
0EF97B26AD4C8358160EC4EE179FF8B8ABA9056FFFFFFFFFFC7FFF0002B4162CB843739740AAB3F6
0EF9B826AD9C8357ED0EC4F2179FF9B8CBAA056FFFFFFFFFFC7FFF0002CC162CB843739740AAB30E
0EF9AA26AD8B8357FC0EC4E4179FF1B8CBAA056FFFFFFFFFFC9FFF0002D1162CB843739740AAA326
0EF9B726ADA18358270EC4EE179FFDB8CBAA056FFFFFFFFFFC8FFF0002D0162CB843739740AAA33E
0EF99626AD708358270EC4D3179FE2B8CBAA056FFFFFFFFFFC9FFF0002EE162CB943739840AAA356
0EF9AA26AD888357F90EC4EB179FF4B8CBA9056FFFFFFFFFFCAFFF00030A162CB943739840AAA36E
0EF9AE26AD8D8357E70EC4E0179FECB8BBA9056FFFFFFFFFFC8FFF000317162CB943739840AAA386
0EF9B526ADA383580F0EC4DF179FEEB8BBAA056FFFFFFFFFFC8FFF00030F162CB943739840AAA39E
0EF9B026AD9B8358280EC4E9179FF4B8BBAA056FFFFFFFFFFC7FFF000325162CBA43739840AAA3B6
0EF9B026AD9B83580D0EC4E6179FF0B8BBAA056FFFFFFFFFFC7FFF000341162CBA43739840AA93CE
0EF9BB26ADA68358010EC4E6179FF0B8CBAA056FFFFFFFFFFC8FFF00035C162CBA43739840AA93E6
0EF9BB26ADA78358020EC4EC179FF5B8BBAA056FFFFFFFFFFC8FFF000365162CBA43739840AA83FE
0EF9BE26ADAB8357FD0EC4ED179FF5B8BBAA056FFFFFFFFFFC8FFF00037D162CBA43739840AA8316
0EF9BF26ADAB8358090EC4F3179FFDB89BAA056FFFFFFFFFFC7FFF000381162CBB43739940AA832E
0EF9BA26ADA48358160EC4EF179FF7B89BAA056FFFFFFFFFFC6FFF00039C162CBB43739940AA8346
0EF9BB26ADA78358120EC4FD17A003B8BBAA056FFFFFFFFFFC8FFF0003AF162CBB43739940AA835E
0EF9C926ADBA8358110EC4F917A003B8BBA9056FFFFFFFFFFC9FFF0003BD162CBB43739940AA8376
0EF9CE26ADC18358140EC4FD17A003B8ABA9056FFFFFFFFFFC9FFF0003C1162CBB43739940AA838E
0EF9DC26ADD28358070EC50B17A00EB8BBA9056FFFFFFFFFFC8FFF0003DA162CBC43739940AA83A6
0EF9D626ADC88357FE0EC50417A009B8CBA9056FFFFFFFFFFC8FFF0003E6162CBC43739940AA83BE
0EF9DD26ADD68358150EC50D17A014B8DBA9056FFFFFFFFFFC7FFF0003E1162CBC43739940AA73D6
0EF9D926ADD083582A0EC50D17A013B8DBA8056FFFFFFFFFFC7FFF0003EF162CBC43739940AA73EE
0EF9DC26ADCF83581C0EC50C17A011B8CBA9056FFFFFFFFFFC8FFF0003FA162CBC43739A40AA7306
0EF9DD26ADCD8358030EC51317A016B8CBA9056FFFFFFFFFFC8FFF0003FB162CBC43739A40AA631E
0EF9D726ADC48358040EC50F17A012B8BBA9056FFFFFFFFFFC8FFF000408162CBD43739A40AA6336
0EF9D426ADC28358180EC50C17A012B8BBA9056FFFFFFFFFFC8FFF000406162CBD43739A40AA634E
0EF9D426ADC48358260EC50817A011B8CBA8056FFFFFFFFFFC8FFF000407162CBD43739A40AA6366
0EF9E626ADDD8358270EC51017A015B8CBA8056FFFFFFFFFFC8FFF000400162CBD43739A40AA637E
0EF9F726ADF38358130EC52717A027B8CBA9056FFFFFFFFFFC8FFF00040D162CBD43739A40AA5396
0EFA0026ADFF8358070EC52E17A02DB8CBA9056FFFFFFFFFFC9FFF000403162CBD43739A40AA53AE
0EF9FC26AE058358250EC52F17A034B8BBA9056FFFFFFFFFFC9FFF000405162CBE43739A40AA53C6
0EFA0226AE0B8358310EC53217A032B8ABA9056FFFFFFFFFFC8FFF000404162CBE43739B40AA53DE
0EFA0926AE158358100EC53B17A038B8ABA9056FFFFFFFFFFC8FFF00040D162CBE43739B40AA43F6
0EFA0C26AE188358050EC53C17A03AB8BBA9056FFFFFFFFFFC8FFF000408162CBE43739B40AA530E
0EFA0826AE1783582E0EC53217A037B8CBAA056FFFFFFFFFFC8FFF000409162CBE43739B40AA4326
0EFA0C26AE1C8358440EC53E17A03EB8CBAA056FFFFFFFFFFC8FFF000403162CBE43739B40AA433E
0EFA0D26AE1C83582C0EC54417A041B8CBAA056FFFFFFFFFFC8FFF000405162CBF43739B40AA4356
0EFA1426AE258358230EC54417A041B8CBA9056FFFFFFFFFFC8FFF0003FD162CBF43739B40AA436E
0EFA1226AE228358300EC54117A042B8CBAA056FFFFFFFFFFC8FFF000407162CBF43739B40AA4386
0EFA0326AE078358350EC54117A040B8CBAA056FFFFFFFFFFC9FFF000405162CBF43739C40AA339E
0EFA0726AE0D83582E0EC53B17A039B8CBAA056FFFFFFFFFFCAFFF000405162CBF43739C40AA33B6
0EFA1426AE228358280EC54317A042B8DBA9056FFFFFFFFFFC9FFF0003FD162CBF43739C40AA33CE
0EFA1126AE208358420EC53E17A041B8DBAA056FFFFFFFFFFC8FFF0003FE162CBF43739C40AA33E6
0EFA0326AE0B8358570EC53817A039B8DBAA056FFFFFFFFFFC8FFF000401162CC043739C40AA23FE
0EFA0926AE148358440EC53A17A03BB8DBAA056FFFFFFFFFFC8FFF000400162CC043739C40AA2316
0EFA0526AE0D8358280EC53B17A039B8EBA9056FFFFFFFFFFC8FFF0003FE162CC043739C40AA232E
0EFA1726AE2D83582E0EC53F17A041B8DBA9056FFFFFFFFFFC8FFF0003FC162CC043739D40AA2346
0EFA2726AE478358570EC55E17A05CB8CBA9056FFFFFFFFFFC8FFF0003E4162CC043739D40AA235E
0EFA2026AE3C8358650EC55917A055B8CBA9056FFFFFFFFFFC9FFF0003EB162CC043739D40AA1376
0EFA2126AE3E8358430EC55B17A056B8DBA9056FFFFFFFFFFC8FFF0003F8162CC043739D40AA138E
0EFA2126AE3F8358290EC55717A053B8DBAA056FFFFFFFFFFC8FFF0003FD162CC143739D40AA13A6
0EFA2126AE4083584B0EC55417A056B8EBAA056FFFFFFFFFFC8FFF0003EC162CC143739D40AA03BE
0EFA2526AE4883586F0EC55817A058B8EBA9056FFFFFFFFFFC8FFF0003E9162CC143739D40AA03D6
0EFA2C26AE528358540EC55A17A058B8DBA9056FFFFFFFFFFC8FFF0003E0162CC143739D40AA03EE
0EFA3526AE5E8358350EC56317A05DB8DBA9056FFFFFFFFFFC8FFF0003EC162CC143739E40AA0306
0EFA3726AE5C8358460EC56417A061B8DBA9056FFFFFFFFFFC7FFF0003E3162CC143739E40AA031E
0EFA2A26AE528358680EC55617A058B8DBA9057FFFFFFFFFFC7FFF0003D7162CC143739E40AA0336
0EFA3026AE5A83586B0EC55F17A05DB8DBA9056FFFFFFFFFFC8FFF0003D4162CC243739E40AA034E
0EFA3626AE648358480EC56917A063B8EBA9056FFFFFFFFFFC9FFF0003CD162CC243739E40AA0366
0EFA3C26AE698358450EC56717A064B8EBA9057FFFFFFFFFFC9FFF0003CE162CC243739F40A9F37E
0EFA3526AE628358640EC56617A064B8DBA9056FFFFFFFFFFC9FFF0003B2162CC243739F40A9F396
0EFA2B26AE558358500EC56317A05EB8BBAA056FFFFFFFFFFC8FFF0003B4162CC243739F40A9F3AE
0EFA3226AE5B8358290EC56917A061B8BBAA056FFFFFFFFFFC8FFF0003B3162CC243739F40A9F3C6
0EFA3126AE618358480EC56017A05EB8CBAA056FFFFFFFFFFC9FFF00039E162CC343739F40A9F3DE
0EFA1926AE418358850EC55117A056B8CBA9057FFFFFFFFFFC8FFF000397162CC343739F40A9E3F6
0EFA1A26AE4083586F0EC55617A056B8DBA9056FFFFFFFFFFC9FFF000396162CC34373A040A9E30E
0EFA3026AE548358220EC56817A060B8CBA9057FFFFFFFFFFC9FFF000391162CC34373A040A9E326
0EFA3C26AE6583580A0EC56817A062B8CBA9057FFFFFFFFFFC9FFF000386162CC34373A040A9E33E
0EFA3926AE698358410EC56A17A068B8BBA9057FFFFFFFFFFC7FFF000367162CC34373A040A9E356
0EFA3826AE6783585E0EC56617A063B8ABA9057FFFFFFFFFFC8FFF000337162CC34373A040A9D36E
0EFA3F26AE728358420EC56B17A065B8ABA9057FFFFFFFFFFC8FFF000357162CC44373A140A9D386
0EFA4826AE7E83582F0EC57117A069B8BBAA057FFFFFFFFFFC8FFF000332162CC44373A140A9C39E
0EFA5526AE918358270EC57317A068B8CBAA057FFFFFFFFFFC8FFF000331162CC44373A140A9C3B6
0EFA5826AE9283582C0EC58017A078B8DBAA057FFFFFFFFFFC9FFF00031B162CC44373A140A9C3CE
0EFA5526AE9283584E0EC58217A07BB8DBA9057FFFFFFFFFFC8FFF0002DB162CC44373A140A9C3E6
0EFA5326AE9183584C0EC58617A07BB8DBA9057FFFFFFFFFFC8FFF0002E4162CC44373A240A9C3FE
0EFA5526AE948358110EC58817A07AB8DBA9057FFFFFFFFFFC9FFF000321162CC54373A240A9C316
0EFA5726AE8E8357ED0EC58617A079B8DBA9057FFFFFFFFFFC9FFF000312162CC54373A240A9C32E
0EFA5626AE9D8358260EC58517A07FB8DBAA057FFFFFFFFFFC8FFF00024F162CC54373A240A9C346
0EFA5326AE9283585B0EC58B17A084B8DBAA057FFFFFFFFFFC7FFF0001ED162CC54373A340A9B35E
0EFA4D26AE8C8358300EC58A17A080B8DBAA057FFFFFFFFFFC8FFF000295162CC54373A340A9C376
0EFA5726AE938357EE0EC58B17A07BB8EBAA057FFFFFFFFFFC8FFF00030D162CC64373A340A9A38E
0EFA5926AE948357F40EC58A17A07EB8DBAA057FFFFFFFFFFC8FFF0002D0162CC64373A340A9A3A6
0EFA5A26AE9B8358230EC58817A07EB8CBAA057FFFFFFFFFFC8FFF0001CE162CC64373A340A9A3BE
0EFA5026AE8B8358220EC58417A078B8CBAA057FFFFFFFFFFC9FFF0001D1162CC64373A440A9A3D6
0EFA5626AE928358010EC58917A07AB8BBA9057FFFFFFFFFFC8FFF0002AE162CC64373A440A9A3EE
0EFA5C26AE998357F80EC58717A079B8BBA9057FFFFFFFFFFC7FFF0002F8162CC64373A440A9A306
0EFA6426AEA48358020EC58917A07BB8BBA9057FFFFFFFFFFC7FFF000260162CC64373A440A9A31E
0EFA5B26AE9A83580B0EC58E17A07FB8BBA9057FFFFFFFFFFC9FFF0001D7162CC74373A540A9A336
0EFA5726AE8F8357FC0EC58B17A07CB8BBAA057FFFFFFFFFFC9FFF000233162CC74373A540A9934E
0EFA5326AE848357DE0EC58817A078B8CBAA057FFFFFFFFFFC8FFF0002E8162CC74373A540A99366
0EFA7926AEBB8357DF0EC59017A080B8DBA9057FFFFFFFFFFC8FFF000288162CC74373A540A9937E
0EFA8326AED18358090EC5B017A09EB8CBA9057FFFFFFFFFFC8FFF0001D2162CC74373A640A98396
0EFA8726AED98358100EC5B517A0A0B8BBA9057FFFFFFFFFFC8FFF000218162CC84373A640A983AE
0EFA8226AECE8357CC0EC5B217A09DB8BBA9057FFFFFFFFFFC8FFF000321162CC84373A640A983C6
0EFA8826AECC83578F0EC5B117A096B8BBA9057FFFFFFFFFFC8FFF000339162CC84373A640A983DE
0EFA9726AEE78357730EC5B517A09BB8CBA9057FFFFFFFFFFC8FFF0002DB162CC84373A740A983F6
0EFA9E26AEF18357930EC5C417A0A9B8BBA9057FFFFFFFFFFC7FFF0001D9162CC84373A740A9830E
0EFAA426AEF98357590EC5D617A0B4B8CBA9057FFFFFFFFFFC8FFF000277162CC94373A740A98326
0EFAFF26AF7D8356E00EC63217A0FFB8CBA9057FFFFFFFFFFC8FFF00036A162CC94373A740A9833E
0EFB3E26AFD08356830EC66017A11CB8DBA9057FFFFFFFFFFC8FFF000371162CC94373A740A97356
0EFB6226AFFE83566D0EC66217A120B8BBA9057FFFFFFFFFFC9FFF0002AA162CC94373A840A9636E
0EFB5E26AFFF8356600EC67A17A12FB8BBA9057FFFFFFFFFFC9FFF0001DC162CC94373A840A96386
0EFBC526B0998356160EC70A17A1A9B8CBA8057FFFFFFFFFFC8FFF000310162CCA4373A840A9639E
0EFCAC26B1F28355AB0EC7D617A249B8BBA8057FFFFFFFFFFC8FFF0003B3162CCA4373A840A963B6
0EFD0426B26A8355420EC84517A2A3B8BBA8057FFFFFFFFFFC8FFF0003C3162CCA4373A940A963CE
0EFDEE26B3D58354F90EC89D17A2EFB8BBA7058FFFFFFFFFFC8FFF000358162CCA4373A940A963E6
0EFE7F26B4A18354DB0EC8E217A320B8ABA8058FFFFFFFFFFC9FFF000270162CCA4373A940A963FE
0EFF0726B5808354A00ECA1C17A42EB8BBA8058FFFFFFFFFFC8FFF00024C162CCB4373A940A95316
0EFFE626B6C783542F0ECB2017A4FEB8BBA7058FFFFFFFFFFC8FFF00037B162CCB4373A940A9532E
0F006126B7778353AF0ECB8617A550B8BBA6058FFFFFFFFFFC8FFF0003EE162CCB4373AA40A95346
0F007D26B79E8353560ECB9817A559B8CBA6060FFFFFFFFFFC9FFF0003F3162CCB4373AA40A9535E
0F007E26B79D8353110ECB9917A557B8BBA505DFFFFFFFFFFC9FFF00026B162CCB4373AA40A94376
0F007426B7878352BD0ECB9217A550B8ABA6058FFFFFFFFFFC8FFF0001E8162CCC4373AA40A9438E
0F007626B78083524D0ECB9317A54FB89BA6058FFFFFFFFFFC8FFF00038F162CCC4373AB40A943A6
0F00E726B8308351F60ECBFC17A5A1B88BA5058FFFFFFFFFFC9FFF0003F9162CCC4373AB40A943BE
0F015A26B8D98351AD0ECC5917A5EBB88BA6058FFFFFFFFFFCAFFF000361162CCC4373AB40A943D6
0F01B926B95683514A0ECCE717A65CB88BA6058FFFFFFFFFFC8FFF000230162CCC4373AB40A943EE
0F018226B8FB8350E60ECCA017A61AB89BA5058FFFFFFFFFFC8FFF0002A5162CCC4373AC40A94306
0F01CC26B9738350870ECCE917A657B88BA5059FFFFFFFFFFC8FFF000382162CCD4373AC40A9431E
0F02A826BAB28350170ECDF117A730B87BA5061FFFFFFFFFFC8FFF0003F8162CCD4373AC40A93336
0F031E26BB5B834FB80ECE2917A755B87BA505DFFFFFFFFFFC7FFF0003E1162CCD4373AC40A9234E
0F036326BBBC834F5E0ECE7C17A799B88BA4058FFFFFFFFFFC7FFF00024D162CCD4373AD40A92366
0F038126BBDE834EF50ECEA817A7B9B89BA4058FFFFFFFFFFC9FFF0001F6162CCD4373AD40A9237E
0F037626BBC4834E710ECE8617A798B89BA3059FFFFFFFFFFC9FFF000394162CCE4373AD40A92396
0F03EB26BC7C834DEC0ECEFA17A7F4B87BA305EFFFFFFFFFFC9FFF0003F5162CCE4373AD40A923AE
0F04BF26BDB6834D9B0ECF7A17A85CB86BA2059FFFFFFFFFFC8FFF0002C7162CCE4373AD40A923C6
0F057C26BEDC834D4C0ED07817A931B85BA2059FFFFFFFFFFC7FFF0001D4162CCE4373AE40A923DE
0F06EA26C126834CE40ED24717AAB3B84BA2059FFFFFFFFFFC7FFF00026A162CCE4373AE40A923F6
0F099626C509834C700ED4FD17ACE5B84BA1059FFFFFFFFFFC8FFF0003E9162CCE4373AE40A9130E
0F0AFF26C729834C130ED5FE17ADBBB83BA0059FFFFFFFFFFC8FFF0003DB162CCF4373AE40A91326
0F0C5B26C954834BC60ED71A17AEB1B83BA0059FFFFFFFFFFC8FFF0002BA162CCF4373AF40A9133E
0F0E1426CBE5834B6E0ED90317B047B81B9F05DFFFFFFFFFFC8FFF0001DE162CCF4373AF40A91356
0F0F7526CE0D834AF60EDA9F17B1A1B80B9E05CFFFFFFFFFFC9FFF000225162CCF4373AF40A9036E
0F104126CF41834A990EDB6017B242B7FB9E059FFFFFFFFFFC9FFF0002C2162CCF4373AF40A90386
0F11AC26D169834A6D0EDBB717B29BB80B9E059FFFFFFFFFFC9FFF000255162CCF4373AF40A9039E
0F145D26D5A8834A030EDF5617B5A1B81B9E059FFFFFFFFFFC9FFF0003B2162CD04373B040A903B6
0F178026DA6383497B0EE2CB17B874B81B9E059FFFFFFFFFFC8FFF0003C3162CD04373B040A903CE
0F18E626DC558349220EE39817B916B80B9E059FFFFFFFFFFC9FFF0002B3162CD04373B040A903E6
0F194726DCFF8348D20EE3FE17B977B7FB9E05BFFFFFFFFFFC8FFF00030A162CD04373B040A903FE
0F1A8726DEF88348720EE5A217BAD9B7EB9D05EFFFFFFFFFFC8FFF0003CC162CD04373B140A90316
0F1CAC26E22B8348250EE74217BC2BB7EB9B059FFFFFFFFFFC9FFF0002EA162CD04373B140A9032E
0F1DD326E3F58347E00EE85F17BD25B7DB9B059FFFFFFFFFFC8FFF000212162CD14373B140A90346
0F1F1626E5DB8347640EE9F917BE71B7CB9905BFFFFFFFFFFC8FFF000398162CD14373B140A8E35E
0F218626E99D8346DD0EEC8F17C09CB7BB9905BFFFFFFFFFFC9FFF0003C5162CD14373B240A8E376
0F237F26EC958346980EEDDD17C1B5B7AB98059FFFFFFFFFFC8FFF0003D5162CD14373B240A9038E
0F256726EF7D83465F0EEFF117C373B7AB97059FFFFFFFFFFC8FFF00030B162CD14373B240A8E3A6
0F26E726F1C58345F10EF1B917C4ECB7AB96059FFFFFFFFFFC8FFF00039A162CD14373B240A8E3BE
0F280626F36D83456F0EF2BD17C5BBB79B95059FFFFFFFFFFC8FFF0003EE162CD24373B340A8E3D6
0F288526F4298345210EF30217C5F4B77B94059FFFFFFFFFFC9FFF0003E3162CD24373B340A8D3EE
0F296326F5A38344E60EF3E817C6CDB76B93059FFFFFFFFFFCAFFF0003E4162CD24373B340A8D306
0F2BC626F92F8344800EF66317C8D4B75B93060FFFFFFFFFFC9FFF0003EB162CD24373B340A8D31E
0F2D1E26FB678343F70EF7EF17CA27B73B93060FFFFFFFFFFC9FFF0003F3162CD24373B440A8C336
0F32242703258343750EFD0A17CE5FB70B9205AFFFFFFFFFFC8FFF0003E9162CD24373B440A8C34E
0F34D02706F38343280EFF1F17D015B70B91059FFFFFFFFFFC8FFF0003EA162CD34373B440A8C366
0F36762709B18342D80F012917D1E9B71B8F059FFFFFFFFFFC8FFF0003D9162CD34373B440A8C37E
0F3A53270F9183425A0F050617D516B71B8E05BFFFFFFFFFFC8FFF0003E7162CD34373B540A8C396
0F3D492714068341BA0F080E17D798B6FB8D05EFFFFFFFFFFC8FFF0003DA162CD34373B540A8C3AE
0F3FE72717E183411F0F0A6217D97FB6EB8D05AFFFFFFFFFFC9FFF0003C5162CD34373B540A8C3C6
0F40F72719848340B20F0B1E17DA1DB6FB8D05AFFFFFFFFFFC9FFF0003EE162CD34373B640A8B3DE
0F4177271A4983404D0F0BA617DA94B6EB8B059FFFFFFFFFFC8FFF0003DE162CD44373B640A8B3F6
0F430B271CE0833FCD0F0D9117DC37B6DB8A05AFFFFFFFFFFC8FFF0003E4162CD44373B640A8A30E
0F45B32720AC833F440F102617DE49B6BB8905AFFFFFFFFFFC9FFF0003E6162CD44373B640A8A326
0F46B927223F833ECB0F110A17DF09B6AB8905AFFFFFFFFFFC9FFF0003E0162CD44373B640A8B33E
0F47962723A0833E670F11E717DFC8B67B88060FFFFFFFFFFC9FFF0003EF162CD44373B740A8A356
0F48722724D8833DF10F12A517E061B67B88060FFFFFFFFFFC9FFF0003E6162CD44373B740A8A36E
0F49142725F8833D750F137217E113B67B88060FFFFFFFFFFC8FFF0003E4162CD54373B740A8A386
0F4B70272978833D040F15D217E302B66B8705AFFFFFFFFFFC9FFF0003EC162CD54373B740A8A39E
0F4C31272A90833CA20F164717E365B67B8605AFFFFFFFFFFC9FFF0003EF162CD54373B840A8A3B6
0F4D36272C31833C460F170F17E413B66B8605AFFFFFFFFFFC8FFF0003F0162CD54373B840A893CE
0F4E56272DCE833BD10F188717E544B66B8505DFFFFFFFFFFC8FFF0003E7162CD54373B840A893E6
0F4F14272EED833B330F195417E5EDB66B8405EFFFFFFFFFFC8FFF0003EC162CD54373B840A893FE
0F506A2730F7833AA50F1A9917E6F9B65B8405AFFFFFFFFFFC8FFF0003EF162CD54373B940A88316
0F51F527334E833A480F1BC117E7F0B63B8305AFFFFFFFFFFC8FFF0003EC162CD64373B940A8932E
0F53372735398339F50F1D2117E91BB62B8205AFFFFFFFFFFCAFFF0003E4162CD64373B940A88346
0F55682738AE83397E0F1FB717EB44B61B8205BFFFFFFFFFFC8FFF0003D3162CD64373B940A8835E
0F5858273CF38338F70F22B117EDA5B60B82061FFFFFFFFFFC9FFF0003D0162CD64373B940A88376
0F5919273E0983387D0F232117EE04B5EB8105BFFFFFFFFFFC9FFF0003DC162CD64373BA40A8838E
0F599E273EF183380C0F239617EE6FB5EB8005BFFFFFFFFFFC9FFF0003D9162CD64373BA40A883A6
0F5CD92743F18337A50F267A17F0D7B5FB8005BFFFFFFFFFFC9FFF0003CE162CD64373BA40A873BE
0F5F1C27472283373C0F28E817F2CDB60B7F060FFFFFFFFFFC8FFF0002F0162CD74373BA40A873D6
0F5FBC2748188336C10F29AE17F372B60B7E061FFFFFFFFFFC8FFF0002DC162CD74373BB40A873EE
0F60C62749B18336490F2AD417F467B5EB7D05EFFFFFFFFFFC8FFF0003B0162CD74373BB40A87306
0F62CB274CF68335E60F2C4417F5A9B5DB7C05BFFFFFFFFFFC8FFF0002D4162CD74373BB40A8631E
0F67632753C98335940F30AB17F950B5DB7C05BFFFFFFFFFFC8FFF0001CE162CD74373BB40A86336
0F693427567E8335310F32F517FB2FB5BB7B05EFFFFFFFFFFC8FFF00020F162CD74373BB40A8634E
0F6A9327589D8334B00F348417FC7BB5BB7B061FFFFFFFFFFC8FFF00038B162CD74373BC40A86366
0F6B90275A138334390F353B17FD13B5AB7A060FFFFFFFFFFC9FFF0002FB162CD74373BC40A8637E
0F6C4D275B358333F80F35BE17FD8AB58B7905BFFFFFFFFFFC9FFF0001D5162CD84373BC40A86396
0F6CF4275C388333C80F36B117FE5BB58B7805BFFFFFFFFFFC8FFF0001CC162CD84373BC40A863AE
0F6F5F275FFA83336F0F390818004FB59B7905BFFFFFFFFFFC8FFF0001D1162CD84373BC40A853C6
0F718A27633F8332F80F3B7D180252B59B78061FFFFFFFFFFC9FFF000309162CD84373BD40A853DE
0F744427675D8332990F3D7B1803F8B57B77060FFFFFFFFFFC9FFF00035E162CD84373BD40A843F6
0F76B9276B228332410F3FDC1805FEB56B7605BFFFFFFFFFFC9FFF00028B162CD84373BD40A8430E
0F7A602770BF8331E20F43A7180923B57B7605BFFFFFFFFFFC9FFF000213162CD84373BD40A84326
0F7D552775118331830F46A6180B90B56B7605BFFFFFFFFFFC9FFF0002D8162CD84373BD40A8433E
0F7EA527770A8331370F47DC180C9AB55B7605BFFFFFFFFFFC9FFF00033B162CD84373BE40A84356
0F7F492778108330DE0F48C2180D60B55B7405CFFFFFFFFFFC9FFF000336162CD94373BE40A8436E
0F80702779C683305C0F4A06180E66B53B7305EFFFFFFFFFFC9FFF000316162CD94373BE40A84386
0F821E277C5C832FE20F4B87180FA5B53B7305BFFFFFFFFFFCAFFF0002FB162CD94373BE40A8439E
0F8343277E03832FAB0F4C8318107CB53B7205BFFFFFFFFFFC8FFF00032A162CD94373BE40A843B6
0F83C3277ED5832F670F4D3D18111BB52B7205BFFFFFFFFFFC8FFF00031C162CD94373BE40A833CE
0F858327817D832EE10F4F07181292B50B7105BFFFFFFFFFFC9FFF000349162CD94373BF40A823E6
0F8760278458832E6B0F50AC1813EAB4EB7005BFFFFFFFFFFC9FFF000367162CD94373BF40A833FE
0F89232786E6832E320F5251181550B4FB6F05BFFFFFFFFFFC8FFF00035E162CD94373BF40A82316
0F8A3027888B832DDE0F5376181643B4EB6E05BFFFFFFFFFFC8FFF000371162CDA4373BF40A8232E
0F8ADB278983832D820F54211816C9B4EB6E05BFFFFFFFFFFC9FFF000369162CDA4373BF40A82346
0F8B012789BD832D650F544D1816EFB4EB6E05CFFFFFFFFFFC9FFF000337162CDA4373BF40A8235E
0F8B3D278A19832D490F548B181727B4CB6D05BFFFFFFFFFFC9FFF000359162CDA4373C040A82376
0F8B8C278A9E832D050F54ED18177CB4BB6D05BFFFFFFFFFFC9FFF00037E162CDA4373C040A8238E
0F8E17278EA1832CA80F57821819A3B4AB6D05DFFFFFFFFFFCAFFF000394162CDA4373C040A823A6
0F917A279397832C5B0F5A9B181C2EB49B6E05DFFFFFFFFFFC9FFF00039C162CDA4373C040A823BE
0F937A2796A9832C1E0F5C8E181DDAB4AB6C069FFFFFFFFFFC9FFF0003B0162CDA4373C040A813D6
0F951327991E832BD80F5E41181F47B48B6A069FFFFFFFFFFC9FFF0003B2162CDA4373C140A803EE
0F97CE279D59832B8C0F6089182138B46B69069FFFFFFFFFFC8FFF0003C5162CDB4373C140A80306
0F9AD727A1BB832B4B0F63951823A7B47B68068FFFFFFFFFFC8FFF0003C9162CDB4373C140A8031E
0F9D1827A52C832B090F65F018259AB45B66067FFFFFFFFFFC8FFF0003CA162CDB4373C140A80336
0F9E1B27A6B6832AB50F671D182696B43B65067FFFFFFFFFFC8FFF0003C6162CDB4373C140A8034E
0F9FC027A935832A650F684D182790B42B64066FFFFFFFFFFC9FFF0003D7162CDB4373C140A80366
0FA07127AA30832A180F6964182872B41B63060FFFFFFFFFFC9FFF0003D9162CDB4373C240A8037E
0FA10F27AB318329D30F69D91828DCB40B6205CFFFFFFFFFFC8FFF0003D0162CDB4373C240A80396
0FA1AF27AC1783299F0F6A98182975B3FB6205CFFFFFFFFFFC8FFF0003D8162CDB4373C240A803AE
0FA1E827AC6F83295E0F6AD51829AAB3FB6205CFFFFFFFFFFC9FFF0003D8162CDB4373C240A7F3C6
0FA20C27ACA68329070F6B0F1829D8B40B6105CFFFFFFFFFFC8FFF0003DE162CDC4373C240A7E3DE
0FA2FC27AE158328B20F6BEC182A8EB3FB61067FFFFFFFFFFC8FFF0003D8162CDC4373C240A7E3F6
0FA3D227AF4D8328680F6CBA182B36B3FB6006AFFFFFFFFFFC8FFF0003E3162CDC4373C340A7E30E
0FA42627AFCE8328260F6D17182B84B3FB60069FFFFFFFFFFC9FFF0003E1162CDC4373C340A7E326
0FA4F127B1068327E00F6DC2182C18B3DB60069FFFFFFFFFFC8FFF0003DA162CDC4373C340A7E33E
0FA81327B5EE83277A0F70F6182EB4B3AB60068FFFFFFFFFFC8FFF0003E1162CDC4373C340A7E356
0FADBE27BE9683270C0F76F21833A2B3AB60068FFFFFFFFFFC9FFF0003E7162CDC4373C340A7E36E
0FB64F27CB2A8326AF0F7E2018398AB3AB5E067FFFFFFFFFFC9FFF0003DB162CDC4373C340A7E386
0FB97927CFDC8326640F8198183C6DB39B5C05EFFFFFFFFFFC8FFF0003DB162CDC4373C340A7E39E
0FBBB227D32C83260D0F843F183E9BB3AB5B05DFFFFFFFFFFC8FFF0003DE162CDC4373C440A7D3B6
0FBD6127D5D68325A90F8605184014B38B5A05DFFFFFFFFFFC9FFF0003D8162CDD4373C440A7D3CE
0FC00A27D9C38325430F88AE184243B34B58062FFFFFFFFFFC9FFF0003E4162CDD4373C440A7C3E6
0FC14F27DBAF8324ED0F89B1184323B31B5606AFFFFFFFFFFCAFFF0003E2162CDD4373C440A7C3FE
0FC53027E1CD8324980F8D63184650B31B55069FFFFFFFFFFC9FFF0003DB162CDD4373C440A7C316
0FC96327E7EE8324290F9233184A33B30B54069FFFFFFFFFFC9FFF0003D2162CDD4373C440A7C32E
0FCCCE27ED058323D40F947A184C14B2EB52068FFFFFFFFFFC9FFF0003D7162CDD4373C440A7C346
0FCDF327EEAA8323930F9644184D89B2BB50067FFFFFFFFFFC7FFF0003D9162CDD4373C440A7C35E
0FCF2627F08F83232D0F97AE184EB7B27B4D05EFFFFFFFFFFC7FFF0003D4162CDD4373C540A7C376
0FD17227F3E98322B90F99E0185076B26B4B05DFFFFFFFFFFC8FFF0003DC162CDD4373C540A7B38E
0FD27F27F56D8322700F9AA4185122B23B4905DFFFFFFFFFFC8FFF0003CF162CDD4373C540A7B3A6
0FD37827F6E183221E0F9BB9185202B23B47066FFFFFFFFFFC8FFF0003BE162CDE4373C540A7A3BE
0FD3CF27F76F8321B40F9C2A185263B21B4506AFFFFFFFFFFC8FFF0003CD162CDE4373C540A7A3D6
0FD65A27FB5183215F0F9F171854D5B1EB43069FFFFFFFFFFC9FFF0003D1162CDE4373C540A7A3EE
0FD98927FFFC8321140FA1BD1856FCB1CB41068FFFFFFFFFFCAFFF0003C4162CDE4373C540A7A306
0FDA3F2801028320BE0FA26F185783B1AB40067FFFFFFFFFFCAFFF0003C4162CDE4373C640A7A31E
0FDB3028029B8320560FA37A185869B19B3E060FFFFFFFFFFC9FFF0003D1162CDE4373C640A7A336
0FE176280C48831FEB0FA955185D46B19B3D05DFFFFFFFFFFC9FFF0003D0162CDE4373C640A7A34E
0FEA6C28196F831F880FB1B018640EB18B3B05DFFFFFFFFFFC8FFF0003C2162CDE4373C640A7A366
0FEE0E281EDC831F340FB5C2186782B15B3A05DFFFFFFFFFFC8FFF0003C0162CDE4373C640A7937E
0FF104282341831EFC0FB8581869ADB11B3806AFFFFFFFFFFC8FFF0003C7162CDE4373C640A7A396
0FF2FE282656831EAA0FBB01186BE0B10B3606AFFFFFFFFFFC9FFF0003C9162CDF4373C640A793AE
0FF5672829E8831E170FBD86186DE8B0DB35069FFFFFFFFFFCAFFF0003C8162CDF4373C740A783C6
0FF91E282F93831DA40FC0A818707CB0DB34068FFFFFFFFFFC9FFF0003C3162CDF4373C740A793DE
0FFCA128347F831D820FC454187374B0CB34064FFFFFFFFFFC9FFF0003A2162CDF4373C740A783F6
0FFEE0283813831D440FC6E21875ADB09B3205DFFFFFFFFFFCBFFF0003AB162CDF4373C740A7830E
1002D5283DB6831CBB0FCAC21878ACB08B30068FFFFFFFFFFC9FFF0003AF162CDF4373C740A78326
10054E2841B7831C310FCCEA187A7DB08B2F06AFFFFFFFFFFC9FFF0003A6162CDF4373C740A7833E
1008FE2846F0831BFB0FD01B187D1FB09B30068FFFFFFFFFFC8FFF00037F162CDF4373C840A78356
1009D8284858831BCC0FD188187E5AB0BB32060FFFFFFFFFFC9FFF00037A162CDF4373C840A7836E
100BAF284B25831B510FD376187FEFB0EB3405EFFFFFFFFFFC9FFF0003B3162CE04373C840A77386
100DE7284E95831AC40FD5B51881C8B0FB3506AFFFFFFFFFFC9FFF0003C5162CE04373C840A7739E
1010A828528B831A810FD82D1883CCB0FB36069FFFFFFFFFFC9FFF0003AF162CE04373C840A763B6
10127D28553F831A480FD9F1188546B0FB34066FFFFFFFFFFC9FFF0003B9162CE04373C840A773CE
1014C72858BD8319CA0FDC94188767B0EB3205DFFFFFFFFFFC9FFF0003CA162CE04373C840A763E6
1016B5285B808319400FDE5C1888D0B09B2F05DFFFFFFFFFFC9FFF0003C7162CE04373C940A763FE
10179E285CE08318F60FDEF7188956B07B2E068FFFFFFFFFFC9FFF0003CE162CE14373C940A76316
1018BC285E9F8318B40FE032188A69B0BB2F069FFFFFFFFFFCBFFF0003BE162CE14373C940A7632E
101C562863EF8318620FE3DE188D4FB0EB31068FFFFFFFFFFCAFFF0003C9162CE14373C940A76346
101E4528669F8318480FE538188E72B0FB34062FFFFFFFFFFCAFFF0003CE162CE14373C940A7535E
101E0E2866558318510FE587188EA9B14B3705DFFFFFFFFFFCAFFF0003CF162CE14373C940A75376
101D9D2865AB8318660FE531188E67B17B3A05DFFFFFFFFFFC9FFF0003C3162CE24373CA40A7538E
101BE72863348318760FE3B9188D2FB17B3C05DFFFFFFFFFFC9FFF0003CD162CE24373CA40A753A6
101BEA28635283186E0FE3BD188D48B19B3C05EFFFFFFFFFFC9FFF0003D2162CE24373CA40A753BE
101D5D28656F83185B0FE4D6188E29B19B3D06BFFFFFFFFFFC9FFF0003C9162CE24373CA40A743D6
101D4C2865488318600FE4E5188E37B18B3E06AFFFFFFFFFFC9FFF0003CD162CE24373CA40A743EE
101CAC2864708318630FE45B188DCAB16B3E069FFFFFFFFFFC9FFF0003CA162CE34373CA40A74306
101D8B2865C383184D0FE519188E6CB15B3F068FFFFFFFFFFC9FFF0003CD162CE34373CB40A7431E
101DDF28663B83184F0FE576188EBBB17B3F062FFFFFFFFFFC8FFF0003C6162CE34373CB40A74336
101BA72862FB8318620FE3D8188D58B18B3F05DFFFFFFFFFFC8FFF0003CD162CE34373CB40A7434E
101BB828632C83184F0FE3C1188D5BB19B3F05DFFFFFFFFFFCBFFF0003CC162CE44373CB40A73366
101D8E2865E08318330FE4DF188E43B1AB3E05EFFFFFFFFFFC9FFF0003C2162CE44373CC40A7337E
101DDE2866498318330FE51C188E76B19B3E875FFFFFFFFFFC9FFF0003BA162CE44373CC40A73796
101E0C2866958318370FE566188EB4B16B3E05AFFFFFFFFFFC9FFF000327162CE54373CC40A723AE
101DDB28664B8318300FE58E188ED4B16B3F06BFFFFFFFFFFC8FFF00026C162CE54373CC40A727C6
101DF328666E8318290FE575188EBFB1AB3F06BFFFFFFFFFFC9FFF0001C2162CE54373CC40A723DE
101DAF28661283182C0FE52D188E86B1BB3F06AFFFFFFFFFFCAFFF0001C1162CE54373CD40A727F6
101E802867568318190FE602188F3EB19B3E069FFFFFFFFFFCAFFF0001E5162CE64373CD40A7230E
101EDE2867E48317E80FE63A188F69B1AB3E068FFFFFFFFFFC9FFF000396162CE64373CD40A72726
101EFE2868168317DE0FE648188F7AB1AB3D064FFFFFFFFFFC9FFF0003C5162CE64373CD40A7233E
101E9D28677D83180B0FE605188F46B19B3D05DFFFFFFFFFFCAFFF0003BB162CE64373CD40A72756
101E8C28676983180E0FE5E6188F2BB17B3E05DFFFFFFFFFFCAFFF0003BC162CE74373CE40A7176E
101F0A28682E8317CB0FE66F188F9CB17B3F05DFFFFFFFFFFC9FFF0003CE162CE74373CE40A70386
101F3828686A83179F0FE677188FA3B17B3F05DFFFFFFFFFFCBFFF0003C8162CE74373CE40A7139E
101F4C28688B8317A40FE67C188FA6B1AB3D068FFFFFFFFFFC9FFF0003C8162CE84373CF40A703B6
101F562868978317B10FE6B8188FD7B1AB3D06AFFFFFFFFFFC9FFF0003C0162CE84373CF40A703CE
101F3B2868738317AF0FE6A2188FC6B1BB3D069FFFFFFFFFFC9FFF00035F162CE84373CF40A703E6
101F5628689B83178F0FE6B7188FD7B18B3D069FFFFFFFFFFC9FFF0001EF162CE94373CF40A703FE
101F872868E583176C0FE6BF188FDDB17B3C067FFFFFFFFFFC9FFF0002FB162CE94373CF40A70316
101FA428690F8317680FE6D1188FEDB16B3C05EFFFFFFFFFFC9FFF0003C4162CE94373D040A7032E
101F7D2868D48317740FE6EF189004B15B3E05DFFFFFFFFFFC9FFF0003CE162CE94373D040A70346
101F9C2869098317680FE700189014B16B3E05DFFFFFFFFFFCAFFF0003C5162CEA4373D040A7035E
101FCC28694C83173B0FE73018903AB17B3E05DFFFFFFFFFFC9FFF0003D5162CEA4373D040A70376
102065286A318317270FE754189057B17B3E068FFFFFFFFFFC9FFF0003D9162CEA4373D140A7038E
102056286A1083172F0FE7B31890A2B16B3E069FFFFFFFFFFCAFFF0003D9162CEB4373D140A703A6
10207A286A558317240FE7DA1890C6B16B3E068FFFFFFFFFFCAFFF0003D9162CEB4373D140A6E3BE
102135286B688316FC0FE875189144B15B3D066FFFFFFFFFFC9FFF0003D1162CEB4373D140A6E3D6
102243286CF68316EA0FE88E18915AB16B3D05DFFFFFFFFFFC9FFF0003CF162CEC4373D240A6E3EE
1021E3286C648316F10FE94F1891EEB15B3D05DFFFFFFFFFFC9FFF0003D7162CEC4373D240A6E306
1021F0286C838316E80FE96718920DB13B3D05DFFFFFFFFFFC9FFF0003D9162CEC4373D240A6E31E
10235E286E9D8316CB0FEA9C189309B14B3E05DFFFFFFFFFFCAFFF0003DA162CED4373D240A6E336
1024662870208316AE0FEB2818937EB14B3D05FFFFFFFFFFFCAFFF0003CF162CED4373D340A6D34E
1024F12870EC8316990FEBF5189420B13B3D06AFFFFFFFFFFCAFFF0003D7162CED4373D340A6D366
1025232871368316960FEC1818943EB13B3C069FFFFFFFFFFCAFFF0003D9162CEE4373D340A6C37E
1024F22870F38316990FEC5018946BB15B3C068FFFFFFFFFFCAFFF0003D8162CEE4373D340A6C396
10251528712A8316840FEC8D18949BB14B3B067FFFFFFFFFFCAFFF0003CF162CEE4373D440A6D3AE
1025812871CA8316560FECD41894D7B14B3A05FFFFFFFFFFFCAFFF0003DC162CEF4373D440A6C3C6
1025B028720983163B0FECB51894BEB14B3905DFFFFFFFFFFC9FFF0003DD162CEF4373D440A6C3DE
1025972871EB83163F0FECDA1894DDB11B3A05CFFFFFFFFFFC9FFF0003D3162CEF4373D440A6C3F6
1025982871E88316450FECDE1894DFB10B3B05CFFFFFFFFFFC9FFF0003C7162CF04373D540A6B30E
1025A728720483162E0FED041894FEB12B3A062FFFFFFFFFFC9FFF0003CE162CF04373D540A6C326
1025EE28726A8315FA0FED33189524B11B39069FFFFFFFFFFC9FFF0002B2162CF04373D540A6B33E
1026212872B98315E60FED32189523B0FB39068FFFFFFFFFFC9FFF00025C162CF14373D640A6C356
1026662873168315FA0FED99189577B0FB39067FFFFFFFFFFC8FFF000228162CF14373D640A6B36E
1026582873018315F30FEDAB189583B12B3905DFFFFFFFFFFC8FFF000347162CF14373D640A6B386
1026602873118315B70FEDAC189582B14B3905CFFFFFFFFFFCAFFF0003CA162CF24373D640A6A39E
10266E2873218315940FEDA518957DB15B3905CFFFFFFFFFFCAFFF0003D5162CF24373D640A6A3B6
10267B2873388315A50FEDB718958BB14B3A05CFFFFFFFFFFCAFFF0003C8162CF24373D740A6A3CE
10267628732A8315AE0FEDCC18959BB11B3905CFFFFFFFFFFC9FFF0003CD162CF34373D740A6A3E6
10268628734683158A0FEDDB1895A8B10B3805CFFFFFFFFFFCAFFF0003CF162CF34373D740A6A3FE
1026A02873648315610FEDE71895B0B13B39069FFFFFFFFFFCAFFF0003D3162CF44373D840A69316
10269F2873668315510FEDD81895A3B13B39069FFFFFFFFFFCAFFF0003D6162CF44373D840A6932E
1026DE2873BF83154A0FEE1B1895D8B12B39069FFFFFFFFFFCAFFF0003CC162CF44373D840A6A346
1027592874758315360FEEA9189648B13B39068FFFFFFFFFFC9FFF0003D1162CF44373D840A6835E
1027B62874F68315270FEED018966CB12B39063FFFFFFFFFFC9FFF0003D1162CF54373D940A68376
10276128747B8315260FEEC7189661B11B3A05DFFFFFFFFFFC9FFF0003C8162CF54373D940A6838E
1027C628750F8315170FEF1018969DB12B3A05DFFFFFFFFFFC9FFF0003D2162CF64373D940A683A6
1028252875998314E90FEF6D1896E6B13B3A05DFFFFFFFFFFC8FFF0003D2162CF64373D940A683BE
1028702876068314C90FEF871896F8B15B3A05DFFFFFFFFFFC8FFF0003C8162CF64373DA40A683D6
1028812876198314D10FEF9F18970EB14B3A05DFFFFFFFFFFC9FFF0003C7162CF74373DA40A683EE
1028502875D28314D90FEF9E18970CB12B3A060FFFFFFFFFFC9FFF0003B6162CF74373DA40A68306
10287328760D8314B20FEFB518971FB10B3A06AFFFFFFFFFFCAFFF00039D162CF74373DA40A6831E
1028E22876B88314750FF025189776B13B39069FFFFFFFFFFC9FFF0003B4162CF84373DB40A68336
1029D928781C83146C0FF0761897BCB14B39068FFFFFFFFFFC9FFF0003B9162CF84373DB40A6734E
10296328776283148E0FF0B31897EAB10B39062FFFFFFFFFFC9FFF0003CB162CF84373DB40A66366
1029062876F48314760FF05E1897ACB10B3905CFFFFFFFFFFC9FFF0003CA162CF94373DB40A6637E
102A342878A383142C0FF1A11898AFB11B3805CFFFFFFFFFFC9FFF0003D8162CF94373DC40A66396
102B55287A4B8314030FF1A11898B0B12B3805CFFFFFFFFFFC9FFF0003DC162CFA4373DC40A663AE
102BD0287AFB8314160FF2AD18998DB12B3805CFFFFFFFFFFC9FFF0003D6162CFA4373DC40A663C6
102BA2287AC08314240FF2DF1899B5B11B38064FFFFFFFFFFC9FFF0003D8162CFA4373DD40A663DE
102C34287BA38313E90FF379189A36B10B38069FFFFFFFFFFC9FFF0003D9162CFB4373DD40A663F6
102D13287CEF8313970FF474189AF7B10B37068FFFFFFFFFFC9FFF0003D3162CFB4373DD40A6630E
102DF1287E1E83138B0FF48D189B13B0EB38068FFFFFFFFFFCAFFF0003D5162CFB4373DD40A65326
102DB3287DC78313B50FF504189B71B0FB38063FFFFFFFFFFC8FFF0003D1162CFC4373DE40A6533E
102DBC287DDA8313A80FF4FC189B6CB10B3705CFFFFFFFFFFCAFFF0003C7162CFC4373DE40A65356
102E69287EDA8313500FF5B0189BFBB10B36065FFFFFFFFFFC9FFF0003DB162CFD4373DE40A6436E
102EEB287F8D8313060FF5D5189C15B0EB36067FFFFFFFFFFC8FFF0003E3162CFD4373DF40A64386
102F512880158313030FF63C189C67B0FB3605EFFFFFFFFFFC8FFF0003E2162CFD4373DF40A6439E
102F24287FE18313340FF64C189C79B10B3605CFFFFFFFFFFC9FFF0003CE162CFE4373DF40A643B6
102EF7287FA28313330FF637189C66B11B3605CFFFFFFFFFFC9FFF0003CC162CFE4373DF40A643CE
102FA82880B28312DE0FF70A189D11B10B36068FFFFFFFFFFC9FFF0003D0162CFE4373DF40A633E6
10312E2882DE83128F0FF857189E0DB10B37067FFFFFFFFFFCAFFF0003DD162CFF4373E040A643FE
10328B2884BF8312800FF895189E47B11B3605EFFFFFFFFFFC9FFF0003DD162CFF4373E040A63316
10326328848F83129C0FF971189EF2B10B3805CFFFFFFFFFFC9FFF0003E3162D004373E140A6332E
1032652884978312A80FF983189F02B13B3905CFFFFFFFFFFC9FFF0003CE162D004373E140A63346
1032812884C18312740FF9AB189F24B13B3905CFFFFFFFFFFC9FFF0003D4162D004373E140A6235E
1033212885B58312290FFA65189FB4B13B3905CFFFFFFFFFFC9FFF0003D9162D014373E140A62376
10344628875683120B0FFA37189F94B11B3805DFFFFFFFFFFC9FFF0003D2162D014373E240A6238E
1034952887C68312120FFB4718A072B11B38069FFFFFFFFFFC9FFF0003D8162D024373E240A623A6
10344028874483121E0FFB7718A096B12B38068FFFFFFFFFFC9FFF0003D3162D024373E240A623BE
1034F42888638312090FFC2418A128B14B37067FFFFFFFFFFC9FFF0003D1162D024373E240A623D6
1035BB2889818311C70FFCDE18A1B7B15B38061FFFFFFFFFFC9FFF0003D6162D034373E340A623EE
103622288A1583118F0FFCE318A1BDB15B3805CFFFFFFFFFFC9FFF0003D3162D034373E340A62306
103687288AA98311980FFD4518A211B14B3705CFFFFFFFFFFC9FFF0003DD162D034373E340A6131E
103643288A4D8311B90FFD6F18A232B11B3805CFFFFFFFFFFC8FFF0003D1162D044373E340A61336
10367B288AAB8311920FFDA118A264B10B3905CFFFFFFFFFFC9FFF0003D6162D044373E440A6134E
1038F5288EA783113110007418A4B1B0FB3905CFFFFFFFFFFC9FFF0003DA162D054373E440A60366
103C7328935583110110015018A565B10B3805CFFFFFFFFFFC9FFF0003E2162D054373E440A6037E
103D7C2894E683112110044718A7BDB10B3705CFFFFFFFFFFCAFFF0003DF162D054373E540A60396
103C5128933983113E1003A118A73BB10B3605CFFFFFFFFFFC9FFF0003D2162D064373E540A603AE
103D3F2894B183111610046E18A7E9B10B36069FFFFFFFFFFC7FFF0003D5162D064373E540A603C6
103ECE2896F58310CF1005A218A8DAB10B36068FFFFFFFFFFC9FFF0003D1162D074373E540A603DE
103F2C2897768310EE1005FF18A92EB10B3505CFFFFFFFFFFC8FFF0003E2162D074373E640A603F6
103D572894BC83113010044C18A7CFB10B3405CFFFFFFFFFFC8FFF0003E4162D074373E640A5F30E
1037BD288C9983118A0FFF0318A394B0DB3505CFFFFFFFFFFC8FFF0003D7162D084373E640A5F326
103647288A808311CF0FFD1018A203B0CB3605CFFFFFFFFFFC9FFF0003DA162D084373E640A5E33E
1035BB2889A48311F70FFD1C18A203B0FB3705CFFFFFFFFFFC9FFF0003D9162D084373E640A5E356
10349D2887FC83122F0FFB8E18A0C5B10B3705CFFFFFFFFFFCAFFF0003D3162D094373E740A5E36E
1032BF28854B83127B0FF9D0189F60B11B3705CFFFFFFFFFFC9FFF0003DD162D094373E740A5E386
1030142881728312CC0FF765189D75B11B3805CFFFFFFFFFFC9FFF0003DD162D0A4373E740A5E39E
102EF8287FE48313310FF625189C7AB11B3905CFFFFFFFFFFCAFFF0003DB162D0A4373E840A5E3B6
102DB3287E0A8313BA0FF4D5189B71B12B3B062FFFFFFFFFFCAFFF0003CF162D0A4373E840A5E3CE
102BC7287B3C8314290FF2FF1899F6B11B3A066FFFFFFFFFFC9FFF0003D7162D0B4373E840A5E3E6
102A1028789F8314690FF0DF18983AB11B39062FFFFFFFFFFC9FFF0003DB162D0B4373E940A5E3FE
1028242875D38314B50FEF7D189718B10B3905CFFFFFFFFFFC9FFF0003E2162D0C4373E940A5D316
1026A92873BD8315340FEDEE1895DEB10B3805BFFFFFFFFFFCAFFF0003DB162D0C4373E940A5C32E
10267A2873868315CD0FEDC71895C6B10B3905CFFFFFFFFFFCAFFF0003DD162D0C4373E940A5D346
1025CB28727C8316550FED33189550B11B3A05BFFFFFFFFFFC9FFF0003D5162D0D4373EA40A5C35E
1022EE286E3D8316C50FEA65189308B12B3B05BFFFFFFFFFFC9FFF0003CC162D0D4373EA40A5C376
101FEE2869DB8317250FE74E189088B12B3C05CFFFFFFFFFFC9FFF0003DE162D0E4373EA40A5C38E
101F322868C68317760FE682188FE3B12B3B05CFFFFFFFFFFC9FFF0003E5162D0E4373EA40A5C3A6
101D852866278317D60FE518188EB0B14B3C05BFFFFFFFFFFCAFFF0003DE162D0E4373EB40A5C3BE
101940285FFA83183C0FE0ED188B59B15B3C05CFFFFFFFFFFC8FFF0003E4162D0F4373EB40A5C3D6
101765285D408318B40FDEE61889B6B16B3D05BFFFFFFFFFFCAFFF0003DC162D0F4373EB40A5C3EE
1016A4285C228319400FDE1F188911B14B3D05BFFFFFFFFFFCAFFF0003CE162D104373EC40A5C306
10157B285A6F8319B70FDD0118882CB11B3A05BFFFFFFFFFFC8FFF0003D7162D104373EC40A5B31E
1014CB2859628319ED0FDC5E1887A8B0EB3705CFFFFFFFFFFC9FFF0003DA162D104373EC40A5A336
1013A22857B1831A230FDB241886A9B0AB3405BFFFFFFFFFFC9FFF0003E0162D114373EC40A5B34E
1010FF2853C5831A780FD8C01884B9B09B3205CFFFFFFFFFFC9FFF0003DD162D114373ED40A5A366
100CBD284D87831AE20FD478188142B07B3005CFFFFFFFFFFC8FFF0003DF162D114373ED40A5A37E
100ADD284AC2831B510FD294187FB3B07B3005CFFFFFFFFFFC8FFF0003D7162D124373ED40A5A396
1009B32848FE831BA90FD150187EA9B06B2F05CFFFFFFFFFFC9FFF0003C8162D124373ED40A5A3AE
1008E62847BC831BEB0FD06A187DE7B06B2F05CFFFFFFFFFFC9FFF0003CC162D134373EE40A5A3C6
1007EE28463F831C270FCEFB187CB8B07B3005CFFFFFFFFFFC8FFF0003D2162D134373EE40A593DE
1004A6284160831C650FCBE1187A33B0AB3305CFFFFFFFFFFC9FFF0003D9162D134373EE40A593F6
1002C9283E95831CB10FCA8D187914B0CB3505CFFFFFFFFFFC9FFF0003D4162D144373EF40A5A30E
0FFFE3283A14831D1C0FC7CF1876C8B0CB3605CFFFFFFFFFFC9FFF0003D2162D144373EF40A59326
0FF651282C48831D980FBE46186F2DB0AB3405CFFFFFFFFFFC9FFF0003CD162D154373EF40A5933E
0FF4FF282A51831DEF0FBCDF186E03B09B3305CFFFFFFFFFFC9FFF0003C4162D154373EF40A58356
0FF59D282B23831DB70FBDB7186E97B08B3205CFFFFFFFFFFC9FFF0003D5162D154373F040A5836E
0FF61F282BCD831DA00FBED6186F72B08B3205CFFFFFFFFFFC9FFF0003DC162D164373F040A58386
0FF5C4282B3D831DB20FBDF9186EC3B0AB3105CFFFFFFFFFFC9FFF0003DB162D164373F040A5839E
0FF5E9282B6D831DA90FBDE4186EADB0AB3105CFFFFFFFFFFC9FFF0003CD162D164373F140A583B6
0FF651282BFE831D8A0FBE41186EF5B09B3105BFFFFFFFFFFC9FFF0003D5162D174373F140A583CE
0FF6CF282CB5831D6F0FBEAF186F49B09B3105CFFFFFFFFFFC9FFF0003CF162D174373F140A583E6
0FFAE22832C4831D520FC28318726FB08B3005CFFFFFFFFFFCAFFF0003DB162D184373F140A573FE
0FFE1128373D831D420FC55B1874A1B09B2F05CFFFFFFFFFFC9FFF0003DC162D184373F240A57316
0FFD79283659831D440FC5EE187515B09B2F05CFFFFFFFFFFC9FFF0003D1162D184373F240A5632E
0FFE9628381A831D370FC6C81875CEB0AB2F05CFFFFFFFFFFC9FFF0003C8162D194373F240A56346
100075283AC7831D1C0FC846187700B09B2E05BFFFFFFFFFFC9FFF0003CF162D194373F340A5635E
1000FA283B8C831D040FC8C5187767B08B2E05BFFFFFFFFFFC9FFF0003CC162D1A4373F340A56376
100151283C10831CE40FC9121877A6B07B2E05CFFFFFFFFFFC8FFF0003D9162D1A4373F340A5638E
1001D6283CD7831CD20FC97F187804B07B2E05CFFFFFFFFFFC8FFF0003CF162D1A4373F340A563A6
1001CB283CC8831CD30FC9B2187829B06B2E05BFFFFFFFFFFC9FFF0003CB162D1B4373F440A563BE
100212283D37831CC60FCA0218786DB07B2D05CFFFFFFFFFFC9FFF0003D3162D1B4373F440A563D6
1002F2283E84831CAC0FCAD818791EB08B2E05CFFFFFFFFFFC9FFF0003C9162D1B4373F440A553EE
100348283F01831C8C0FCB0218793DB09B2E05BFFFFFFFFFFCAFFF0003D2162D1C4373F540A55306
100385283F61831C770FCB3D18796EB0CB2F05CFFFFFFFFFFC9FFF0003CB162D1C4373F540A5431E
100393283F70831C750FCB5A187987B0EB3105CFFFFFFFFFFC8FFF0003D5162D1D4373F540A54336
1003A7283F8F831C690FCB72187999B0CB3105CFFFFFFFFFFCAFFF0003CF162D1D4373F540A5434E
100414284032831C4C0FCBE61879F9B0CB3205CFFFFFFFFFFC9FFF0003D3162D1D4373F640A54366
10046528409F831C380FCC2A187A2CB0DB3305CFFFFFFFFFFC9FFF0003D2162D1E4373F640A5437E
10047D2840BF831C2F0FCC5C187A57B0CB3305BFFFFFFFFFFC9FFF0003C8162D1E4373F640A54396
1004FD284186831C220FCCDD187AC1B0BB3305CFFFFFFFFFFC9FFF0003D2162D1F4373F740A543AE
10064C28437C831C0D0FCE23187BD0B0AB3305CFFFFFFFFFFC9FFF0003CC162D1F4373F740A543C6
1007AF284585831BEB0FCF70187CDDB0AB3405CFFFFFFFFFFC9FFF0003D0162D1F4373F740A533DE
10082328462D831BD80FCFCF187D27B0AB3305BFFFFFFFFFFCAFFF0003D0162D204373F740A533F6
10082328462B831BE20FCFB8187D1CB0CB3405BFFFFFFFFFFC9FFF0003C3162D204373F840A5430E
1007EF2845E7831BEB0FCF9F187D06B0EB3405BFFFFFFFFFFC8FFF0003CB162D204373F840A53326
10084228466B831BCB0FCFEB187D46B0FB3305BFFFFFFFFFFC9FFF0003CD162D214373F840A5233E
1008B9284715831B8B0FD06E187DAEB0FB3405BFFFFFFFFFFC9FFF0003D2162D214373F940A52356
1008E5284756831B610FD042187D8AB0EB3405BFFFFFFFFFFCAFFF0003D6162D224373F940A5236E
10090728478E831B6A0FD089187DC6B0CB3405BFFFFFFFFFFC9FFF0003D1162D224373F940A52386
10090D284793831B860FD0BD187DF0B0DB3305BFFFFFFFFFFC8FFF0003C2162D224373F940A5239E
1008F8284770831B7A0FD0A4187DDFB0CB3305BFFFFFFFFFFCAFFF0003CB162D234373FA40A523B6
1009282847B9831B450FD0D2187E00B0AB3305BFFFFFFFFFFC9FFF0003CC162D234373FA40A523CE
10099F284871831B1B0FD0E3187E0DB0CB3205BFFFFFFFFFFC9FFF0003C1162D244373FA40A513E6
1009E82848D5831B130FD14E187E63B0BB3205BFFFFFFFFFFC9FFF0003CE162D244373FB40A523FE
1009D62848BE831B130FD19F187EA6B0BB3205BFFFFFFFFFFC9FFF0003BF162D244373FB40A51316
100A9E2849F4831B010FD24B187F3AB08B3005BFFFFFFFFFFC8FFF0003C0162D254373FB40A5032E
100B1E284AB2831AE40FD2AA187F86B07B2F05BFFFFFFFFFFC9FFF0003BD162D254373FC40A50346
100B1F284AAF831AE70FD2AE187F8DB07B2E05BFFFFFFFFFFC8FFF0003B9162D264373FC40A5035E
100AFC284A80831AEB0FD2B0187F8EB07B2E05BFFFFFFFFFFCBFFF0003A9162D264373FC40A50376
100B4B284AFF831AC50FD2F9187FCAB07B2E05BFFFFFFFFFFC9FFF0003AC162D264373FC40A5038E
100BE2284BD2831A910FD370188028B07B2E05BFFFFFFFFFFCAFFF0003AB162D274373FD40A503A6
100C07284C09831A8C0FD36118801EB08B2D05BFFFFFFFFFFC8FFF00039F162D274373FD40A503BE
100C03284C00831A9A0FD3A5188052B08B2E05BFFFFFFFFFFC8FFF000397162D274373FD40A503D6
100C0C284C12831A900FD3AF18805DB07B2E05BFFFFFFFFFFC8FFF000395162D284373FD40A503EE
100C52284C82831A750FD3FE1880A1B06B2E05BFFFFFFFFFFC8FFF000384162D284373FE40A4F306
100D55284DFF831A590FD4B4188136B06B2E05CFFFFFFFFFFC8FFF000385162D294373FE40A4E31E
100DC4284EA2831A530FD5401881A6B05B2E05CFFFFFFFFFFC9FFF000386162D294373FE40A4E336
100DF2284EE8831A4C0FD5A21881F7B08B2E064FFFFFFFFFFC9FFF000385162D294373FF40A4E34E
100EBA285014831A350FD68A1882B8B08B2E068FFFFFFFFFFCAFFF000377162D2A4373FF40A4E366
1010972852D8831A190FD85518842CB07B2D061FFFFFFFFFFCAFFF000376162D2A4373FF40A4E37E
1011D32854A3831A0E0FD9571884F9B05B2C05CFFFFFFFFFFC9FFF00036D162D2B43740040A4E396
1011AC285468831A140FD95D188502B03B2B05BFFFFFFFFFFCAFFF00036A162D2B43740040A4E3AE
1011D62854B3831A0B0FD993188532B02B2C05BFFFFFFFFFFC9FFF000361162D2B43740040A4E3C6
10134F2856E18319EA0FDAD2188634B03B2C05BFFFFFFFFFFC7FFF000363162D2C43740140A4D3DE
10140A2857EA8319D20FDB651886AAB04B2C05BFFFFFFFFFFC8FFF00036B162D2C43740140A4E3F6
10146E2858788319B60FDBF818871CB06B2C05BFFFFFFFFFFC9FFF00036B162D2C43740140A4C30E
1014F428593D83199C0FDC55188766B06B2C05BFFFFFFFFFFCAFFF000362162D2D43740240A4C326
1015012859538319A70FDC63188776B06B2D05BFFFFFFFFFFCAFFF000365162D2D43740240A4C33E
1014B82858E58319BB0FDC5A18876CB08B2F05BFFFFFFFFFFC9FFF000351162D2D43740240A4C356
10151628597D83199F0FDCAF1887B8B09B2F05BFFFFFFFFFFC9FFF000356162D2E43740240A4C36E
101612285AE38319550FDDA4188874B09B2F05BFFFFFFFFFFC9FFF000358162D2E43740340A4C386
101659285B468319250FDD9618886BB0AB2E05BFFFFFFFFFFCAFFF00034D162D2F43740340A4C39E
101659285B488319320FDDC1188890B0AB3005BFFFFFFFFFFCAFFF000347162D2F43740440A4C3B6
101647285B368319540FDDC8188896B0BB3105BFFFFFFFFFFC9FFF000321162D2F43740440A4C3CE
10166A285B678319480FDDE31888AFB0CB3205BFFFFFFFFFFC8FFF000326162D3043740440A4C3E6
1016C3285BEB8319120FDE451888FBB0AB3205BFFFFFFFFFFC8FFF000325162D3043740440A4B3FE
101701285C468318EC0FDE481888FBB0AB3105BFFFFFFFFFFC9FFF000322162D3143740540A4B316
10174F285CB98318EC0FDEA2188945B0CB3005BFFFFFFFFFFC8FFF000317162D3143740540A4A32E
101752285CBC8318EB0FDEE2188979B0CB3005BFFFFFFFFFFC9FFF0002FF162D3143740540A4A346
101791285D1D8318C80FDF0F18899FB0CB3105BFFFFFFFFFFCAFFF0002FF162D3243740640A4A35E
10179C285D2C8318A70FDF1118899FB0EB3305BFFFFFFFFFFCAFFF0002F6162D3243740640A4A376
10179B285D2C8318A60FDF101889A0B0FB3505BFFFFFFFFFFCAFFF0002E5162D3243740640A4A38E
1017A4285D398318AC0FDF201889ACB11B3505BFFFFFFFFFFCAFFF0002F2162D3343740740A4A3A6
1017BE285D628318910FDF371889C1B10B3605CFFFFFFFFFFC9FFF0002DA162D3343740740A4A3BE
1017CC285D7283186F0FDF421889C9B0EB3405CFFFFFFFFFFC9FFF0002EB162D3443740740A4A3D6
1017DC285D8B8318660FDF4B1889D0B0FB3505CFFFFFFFFFFC8FFF0002E2162D3443740840A493EE
1017E8285D9F8318590FDF5C1889E1B11B3605BFFFFFFFFFFC8FFF0002EC162D3443740840A49306
1017EE285DA38318320FDF751889F3B10B3505BFFFFFFFFFFC8FFF0002DF162D3543740840A4931E
1017FA285DBD8318240FDF711889EFB0EB3605CFFFFFFFFFFCAFFF0002E0162D3543740940A49336
1017DD285D8D83183C0FDF5B1889E0B10B3705BFFFFFFFFFFC9FFF0002D6162D3643740940A4834E
1017DC285D938318310FDF501889D7B10B3705BFFFFFFFFFFC8FFF0002CA162D3643740940A48366
101953285FE68317F10FE0C6188B0CB10B3605CFFFFFFFFFFC8FFF0002D8162D3643740940A4837E
101C332863EE8317B90FE2EF188CC0B0FB3605BFFFFFFFFFFC8FFF0002E0162D3743740A40A48396
101DD72866508317B40FE350188D17B0FB3605BFFFFFFFFFFC9FFF0002E3162D3743740A40A473AE
101D202865398317CB0FE4D0188E44B13B3905BFFFFFFFFFFC9FFF0002DB162D3843740A40A483C6
101D772865DB8317BD0FE503188E6DB16B3A05BFFFFFFFFFFCAFFF0002E2162D3843740B40A483DE
101DEA28667C83178B0FE558188EB6B15B3A05BFFFFFFFFFFCAFFF0002DA162D3843740B40A483F6
101E172866C683176E0FE555188EB7B16B3A05BFFFFFFFFFFCAFFF0002E1162D3943740B40A4730E
101E032866A38317670FE566188EC5B17B3B05BFFFFFFFFFFC9FFF0002E3162D3943740C40A47326
101E022866A08317550FE56B188ECAB16B3B05BFFFFFFFFFFC9FFF0002E3162D3A43740C40A4633E
101E132866C48317430FE589188EE5B16B3B05BFFFFFFFFFFCAFFF0002D4162D3A43740C40A46356
101EB92867BA8317340FE62B188F6CB16B3C05BFFFFFFFFFFCAFFF0002D3162D3A43740D40A4636E
101F932869058317160FE6FB189019B18B3E05BFFFFFFFFFFC9FFF0002C7162D3B43740D40A46386
10203B2869EF8317060FE7B61890AAB17B3D05BFFFFFFFFFFC9FFF0002B7162D3B43740D40A4639E
1020072869A58317120FE79718908FB18B3C05CFFFFFFFFFFC9FFF000298162D3C43740D40A463B6
1020172869C583170B0FE7A51890A1B19B3B066FFFFFFFFFFC9FFF000280162D3C43740E40A463CE
102130286B6B8316E50FE895189163B17B3B067FFFFFFFFFFC9FFF000254162D3C43740E40A453E6
102258286D128316C10FE973189215B16B3B066FFFFFFFFFFC9FFF000216162D3D43740E40A453FE
1022A3286D868316A90FE9E018926DB16B3B065FFFFFFFFFFC9FFF000205162D3D43740F40A45316
1022C8286DBD83169C0FE9EC18927BB16B3A05BFFFFFFFFFFC9FFF0001EA162D3E43740F40A4432E
1022C2286DB283169F0FEA1718929EB15B3A05BFFFFFFFFFFC9FFF0001D7162D3E43740F40A45346
1022B9286DAB8316A10FEA1118929CB16B3A05BFFFFFFFFFFC9FFF0001C7162D3E43740F40A4435E
102320286E508316920FEAA918931DB14B3A05BFFFFFFFFFFC9FFF0001CD162D3F43741040A44376
1024C12870BD8316670FEC3718945EB13B3905BFFFFFFFFFFC9FFF0001CC162D3F43741040A4438E
1026202872B68316320FED55189542B13B3905BFFFFFFFFFFC9FFF0001C8162D4043741140A443A6
1026B528738483161B0FED6A189554B13B3905BFFFFFFFFFFC9FFF0001B4162D4043741140A433BE
10269828735D83162E0FEDC71895A2B12B3905BFFFFFFFFFFC9FFF0001B2162D4043741140A433D6
10260528728B8316350FED9A18957EB12B3905BFFFFFFFFFFC8FFF0001AB162D4143741140A433EE
1026BC2873988316150FEE0E1895DDB11B3805BFFFFFFFFFFC8FFF0001B6162D4143741140A43306
1026EC2873DF8315D40FEE361895F7B11B3805BFFFFFFFFFFC9FFF0001DE162D4243741240A4331E
1026F62873EB8315AC0FEE2D1895F0B10B3805BFFFFFFFFFFC9FFF0001FE162D4243741240A42336
1026FA2873F18315B40FEE3A1895FAB0EB3705BFFFFFFFFFFCAFFF00020D162D4243741340A4234E
1027152874178315C40FEE54189610B0FB3805BFFFFFFFFFFCAFFF000207162D4343741340A42366
10272B2874338315B00FEE73189628B10B3805BFFFFFFFFFFC9FFF000202162D4343741340A4237E
10274228745183157F0FEE86189634B10B3805BFFFFFFFFFFC9FFF0001F0162D4443741340A42396
10274D2874618315510FEE89189634B13B3705BFFFFFFFFFFC9FFF000204162D4443741440A423AE
10276128747C8315400FEE9518963DB13B3705BFFFFFFFFFFC8FFF000204162D4443741440A423C6
10275028746383154A0FEE9518963EB10B3805BFFFFFFFFFFC8FFF000202162D4543741440A423DE
1027752874978315420FEEB818965CB0EB3805BFFFFFFFFFFC9FFF0001F8162D4543741440A413F6
10278B2874B583151B0FEEC6189664B0EB3805BFFFFFFFFFFC9FFF000202162D4643741540A4130E
1027A02874CF8315040FEEDE189676B0FB3805AFFFFFFFFFFC9FFF000204162D4643741540A40326
1027AD2874E58314F90FEEF2189687B10B37059FFFFFFFFFFC9FFF000209162D4643741540A4033E
1027AE2874E88314DF0FEEF5189688B11B37059FFFFFFFFFFC9FFF00020F162D4743741640A40356
1027BD2874FC8314CB0FEF0B189699B11B37059FFFFFFFFFFC9FFF00020B162D4743741640A4036E
1027B12874EE8314C20FEEFB18968BB11B37059FFFFFFFFFFC9FFF00020A162D4843741640A40386
1027D02875178314B70FEF321896BAB11B38059FFFFFFFFFFC8FFF000212162D4843741640A4039E
10289D2876478314A30FEFF2189756B10B3805CFFFFFFFFFFC8FFF000207162D4843741740A403B6
1029112876E583149B0FF0581897A3B12B38063FFFFFFFFFFC8FFF000212162D4943741740A403CE
1028562875D48314920FEFDF18973FB13B38064FFFFFFFFFFC8FFF00020D162D4943741740A3F3E6
1028242875948314860FEF91189707B13B39065FFFFFFFFFFC8FFF00021C162D4A43741840A3F3FE
1028D328769583146B0FF029189781B15B38065FFFFFFFFFFC9FFF000216162D4A43741840A3E316
10292B28770E83144B0FF06D1897B4B14B38064FFFFFFFFFFCAFFF00021E162D4A43741840A3F32E
10292E28770D8314470FF0641897ABB14B38064FFFFFFFFFFC9FFF00021E162D4B43741940A3E346
10292C28771383145A0FF0711897B8B14B38062FFFFFFFFFFC9FFF00021E162D4B43741940A3E35E
10292C2877148314570FF06D1897B5B13B38059FFFFFFFFFFC9FFF000220162D4C43741940A3E376
10294628773A8314340FF0821897C7B11B39059FFFFFFFFFFCAFFF00021E162D4C43741940A3E38E
1029482877398314130FF0851897C6B12B39059FFFFFFFFFFC7FFF00022F162D4C43741A40A3E3A6
1029432877338314040FF0801897BFB11B38059FFFFFFFFFFCAFFF000234162D4D43741A40A3E3BE
10294B28773A8314020FF0871897C7B11B37059FFFFFFFFFFCBFFF000237162D4D43741A40A3E3D6
1029402877278314030FF0881897C7B11B37059FFFFFFFFFFCAFFF000231162D4E43741B40A3D3EE
1029172876F28313F10FF05A1897A4B13B38059FFFFFFFFFFC9FFF00023E162D4E43741B40A3D306
10295528774B8313CF0FF08C1897C8B14B38058FFFFFFFFFFC9FFF000246162D4E43741B40A3D31E
1029552877478313C10FF0911897CBB13B38055FFFFFFFFFFCAFFF000249162D4F43741B40A3C336
1029492877338313CB0FF0921897CCB11B36055FFFFFFFFFFC9FFF000257162D4F43741C40A3C34E
1029192876EF8313C80FF06D1897B0B10B36054FFFFFFFFFFC9FFF000247162D5043741C40A3C366
10295B28775483139E0FF0981897D2B11B36054FFFFFFFFFFC9FFF00025E162D5043741C40A3C37E
10297A2877768313720FF0B21897E5B11B37054FFFFFFFFFFCAFFF00026B162D5043741D40A3C396
1029812877808313740FF0B81897E8B10B38056FFFFFFFFFFC9FFF000278162D5143741D40A3C3AE
10298F28779283137E0FF0C91897FCB11B38057FFFFFFFFFFC8FFF000279162D5143741D40A3C3C6
1029972877A08313600FF0D1189801B11B39057FFFFFFFFFFC9FFF000288162D5243741D40A3B3DE
1029B42877CC8313410FF0EA189811B11B38057FFFFFFFFFFCAFFF000293162D5243741E40A3C3F6
1029A92877BE8313390FF0EA189812B13B37057FFFFFFFFFFCAFFF000299162D5243741E40A3C30E
1029BA2877D383131F0FF0F418981BB12B36057FFFFFFFFFFCAFFF0002AF162D5343741E40A3C326
102A232878718313050FF15C189873B0FB35058FFFFFFFFFFC9FFF0002B5162D5343741F40A3A33E
102A012878388313080FF163189874B0DB36058FFFFFFFFFFC8FFF00029F162D5443741F40A3B356
102A5F2878D88312F50FF1CE1898D3B0DB36058FFFFFFFFFFC8FFF0002B7162D5443741F40A3A36E
102CD3287C7B8312CB0FF3F9189A98B0CB36058FFFFFFFFFFC8FFF0002C5162D5543741F40A3A386
102DDC287DEE8312BC0FF4FB189B67B0DB36057FFFFFFFFFFC8FFF0002DA162D5543742040A3A39E
102E73287EC78312B10FF5B2189BF9B0DB37055FFFFFFFFFFC9FFF0002D3162D5543742040A3A3B6
102EE3287F6D8312990FF616189C49B0FB37054FFFFFFFFFFC9FFF0002E3162D5643742040A3A3CE
102F3C287FF383128D0FF669189C8BB0FB3605BFFFFFFFFFFC9FFF0002DB162D5643742140A3A3E6
102F772880488312810FF6A0189CB7B0FB3605EFFFFFFFFFFC8FFF0002E4162D5743742140A3A3FE
102FA828808F83126E0FF6CF189CDDB0FB37055FFFFFFFFFFC9FFF0002E7162D5743742140A39316
102FB62880AA8312690FF6E8189CEEB11B37056FFFFFFFFFFC8FFF0002FF162D5743742140A3932E
102FEC2880F583124D0FF721189D1EB10B37056FFFFFFFFFFC8FFF0002F9162D5843742240A39346
1031142882AF8312120FF7FE189DCBB10B37056FFFFFFFFFFCAFFF0002F7162D5843742240A3935E
10331928858E8311F80FF928189EC2B0FB36056FFFFFFFFFFCAFFF0002FB162D5943742340A38376
10325428845F83121B0FF9A1189F15B10B37056FFFFFFFFFFC9FFF0002FA162D5943742340A3838E
1030EF28827583122E0FF855189E18B10B37056FFFFFFFFFFCAFFF00030E162D5943742340A383A6
1032DC28854A8311FA0FFA41189F9CB11B38055FFFFFFFFFFC9FFF000316162D5A43742340A383BE
10341F2887128311B30FFAF518A028B12B38054FFFFFFFFFFC9FFF00032A162D5A43742440A383D6
1034B92887EA8311A40FFB4D18A075B12B3A05BFFFFFFFFFFCBFFF00032B162D5B43742440A383EE
1034B42887E78311AA0FFBD618A0E2B11B3A062FFFFFFFFFFC9FFF00031A162D5B43742440A38306
1034B02887E68311A30FFBD318A0E2B0FB3A05AFFFFFFFFFFC9FFF000315162D5B43742540A3831E
1034C828880B83119A0FFBE118A0EEB12B39059FFFFFFFFFFC8FFF0002E4162D5C43742540A36336
1034B52887F28311960FFBE418A0F1B13B39059FFFFFFFFFFC8FFF0002B2162D5C43742540A3634E
1034B82887F78311850FFBDD18A0EDB12B39059FFFFFFFFFFC9FFF00028A162D5D43742540A36366
1034E02888328311680FFC0118A10BB12B38059FFFFFFFFFFCAFFF000283162D5D43742640A3637E
1034E22888338311530FFC0D18A112B11B39059FFFFFFFFFFC9FFF0002AE162D5D43742640A36396
1034F228884B8311470FFC1E18A11FB11B3905AFFFFFFFFFFC8FFF0002A1162D5E43742640A363AE
10350128886483113A0FFC3C18A139B11B39059FFFFFFFFFFC9FFF00025A162D5E43742640A363C6
1034F92888558311340FFC2918A128B13B39059FFFFFFFFFFC9FFF00025E162D5F43742740A363DE
10350A28886F8311290FFC3D18A13AB14B38059FFFFFFFFFFC9FFF0002A1162D5F43742740A363F6
1035322888AB8311110FFC7C18A16BB14B36059FFFFFFFFFFC9FFF000296162D6043742740A3530E
1035312888A783110C0FFC7518A165B11B36059FFFFFFFFFFC9FFF000281162D6043742840A36326
1034F728884F8311140FFC2B18A128B11B35059FFFFFFFFFFC9FFF00026B162D6043742840A3533E
10351A28888C8311050FFC4118A13FB11B36059FFFFFFFFFFC9FFF000259162D6143742840A34356
103654288A638310DB0FFD5318A223B12B38059FFFFFFFFFFC9FFF000242162D6143742840A3436E
1037F7288CBF8310B40FFEC518A349B15B38059FFFFFFFFFFC9FFF000231162D6243742940A34386
10385C288D528310B00FFEF218A371B15B38059FFFFFFFFFFC8FFF000225162D6243742940A3439E
103924288E778310C60FFFFB18A449B13B37059FFFFFFFFFFC9FFF000208162D6243742940A343B6
1039C7288F6F8310CA1000F218A510B12B37059FFFFFFFFFFCAFFF0001F5162D6343742A40A343CE
103AF92891358310AE1001FD18A5E8B10B37059FFFFFFFFFFC9FFF0001E9162D6343742A40A343E6
103C6528935583108010032618A6DEB0FB36059FFFFFFFFFFC8FFF0001ED162D6443742A40A343FE
103DFB2895AE83106210043518A7B3B0FB37059FFFFFFFFFFC8FFF0001E8162D6443742B40A34316
103F0D28973B83107110057B18A8CAB0EB36059FFFFFFFFFFC9FFF0001D9162D6443742B40A3432E
103F7E2897E783107B10066A18A988B0CB35059FFFFFFFFFFCAFFF0001D7162D6543742B40A33346
10404628990683105C10076418AA4DB0BB3405AFFFFFFFFFFC9FFF0001CE162D6543742B40A3235E
1040FC289A1C83103210078E18AA6FB09B3505BFFFFFFFFFFC9FFF0001C1162D6643742C40A32376
104171289AC08310381007FF18AACCB0AB35060FFFFFFFFFFC9FFF0001CB162D6643742C40A3238E
1040F7289A0C83104E10080D18AAD6B0AB35063FFFFFFFFFFC9FFF0001CC162D6643742C40A323A6
10407B28996D83104110077918AA63B0AB34064FFFFFFFFFFCAFFF0001C4162D6743742D40A323BE
1040AD2899AE83101310079418AA77B0DB33064FFFFFFFFFFCAFFF0001D0162D6743742D40A323D6
104109289A38830FF01007CD18AAA5B0CB32063FFFFFFFFFFC9FFF0001D4162D6843742D40A323EE
1041A5289B1B830FFC10085318AB15B0CB33063FFFFFFFFFFCAFFF0001CA162D6843742E40A32306
104187289AEE83101310088918AB40B0BB3305FFFFFFFFFFFC9FFF0001D2162D6843742E40A3131E
1041B3289B3383100210089418AB4CB0BB32059FFFFFFFFFFCAFFF0001D2162D6943742E40A31336
104205289BAD830FD510090B18ABA8B0BB31059FFFFFFFFFFC9FFF0001D4162D6943742E40A3134E
104264289C35830FBC1008F518AB98B09B30059FFFFFFFFFFC9FFF0001CE162D6A43742F40A31366
1042DC289CF2830FCA10099418AC18B07B30059FFFFFFFFFFC9FFF0001D8162D6A43742F40A3137E
10439D289E03830FD3100A3D18ACA5B07B30059FFFFFFFFFFC9FFF0001D7162D6A43742F40A30396
1043A2289E0C830FB9100A8018ACD8B08B2F059FFFFFFFFFFC9FFF0001D0162D6B43743040A303AE
1043A7289E11830FA5100AC418AD0CB08B2F059FFFFFFFFFFC9FFF0001C8162D6B43743040A303C6
104421289ECE830FAF100ADB18AD26B07B30059FFFFFFFFFFC9FFF0001D9162D6C43743040A303DE
104383289DD7830FA2100AE218AD1FB06B2E059FFFFFFFFFFC9FFF0001D9162D6C43743040A303F6
10444E289F17830F7A100AF918AD3EB05B2E059FFFFFFFFFFCAFFF0001D9162D6C43743140A3030E
10448B289F6A830F67100B6318AD8EB05B2E059FFFFFFFFFFC9FFF0001D9162D6D43743140A30326
10444B289F0C830F7C100B4F18AD7CB06B2E059FFFFFFFFFFC8FFF0001CB162D6D43743140A3033E
104310289D31830F89100A5C18ACBBB07B2E059FFFFFFFFFFC8FFF0001CF162D6E43743240A30356
104305289D2F830F70100A3618AC9BB06B2E058FFFFFFFFFFC9FFF0001CC162D6E43743240A3036E
104367289DBD830F4E100A6818ACC4B06B2E059FFFFFFFFFFC9FFF0001CB162D6E43743240A2E386
10429D289C83830F56100A0B18AC73B07B2E059FFFFFFFFFFC9FFF0001BF162D6F43743340A2E39E
10421A289BE1830F631008FC18ABA5B06B2F059FFFFFFFFFFC9FFF0001C3162D6F43743340A2E3B6
1042A5289CAC830F3E10096118ABF5B05B2F059FFFFFFFFFFC9FFF0001B8162D7043743340A2E3CE
10434C289D90830F18100A0F18AC7AB06B2E059FFFFFFFFFFC9FFF0001BA162D7043743340A2E3E6
1042DC289CD3830F261009F318AC5EB08B2F059FFFFFFFFFFC9FFF0001BA162D7043743440A2E3FE
1040C72899ED830F481007FB18AACCB08B30059FFFFFFFFFFC9FFF0001A9162D7143743440A2E316
104115289A61830F3510081818AAEFB07B30059FFFFFFFFFFCAFFF0001A4162D7143743440A2E32E
104244289C0D830EF610092518ABBFB06B30059FFFFFFFFFFCAFFF0001A9162D7243743540A2D346
1042E5289D04830EDD10095918ABE9B07B31059FFFFFFFFFFC9FFF0001AD162D7243743540A2D35E
1043F3289E7A830EE7100AB618AD04B06B30059FFFFFFFFFFCAFFF0001AC162D7243743540A2C376
1043E4289E74830EFA100AAD18ACFDB06B30059FFFFFFFFFFCAFFF0001A4162D7343743640A2C38E
104343289D7D830F03100A7818ACCDB05B30059FFFFFFFFFFC9FFF000199162D7343743640A2C3A6
104319289D4F830EE71009F518AC6AB08B2F059FFFFFFFFFFCAFFF0001A0162D7443743640A2C3BE
104332289D68830EB7100A2A18AC8EB0BB2F059FFFFFFFFFFCAFFF0001A4162D7443743640A2C3D6
1043A4289E12830E99100A5318ACB0B0CB2E05BFFFFFFFFFFC9FFF00019D162D7443743740A2C3EE
104424289EBE830EAC100AE618AD2AB0AB2E05FFFFFFFFFFFC9FFF0001A2162D7543743740A2C306
104465289F1D830ECB100B5E18AD8DB06B2E061FFFFFFFFFFCAFFF000194162D7543743740A2C31E
1043A1289E06830EC1100AB218ACFDB07B2F062FFFFFFFFFFCAFFF000192162D7543743840A2B336
104434289EE4830E90100AF318AD32B06B2F062FFFFFFFFFFC9FFF00019C162D7643743840A2B34E
1045DE28A152830E71100B6718AD8DB06B2E062FFFFFFFFFFC9FFF0001A2162D7643743840A2B366
10458028A0C2830E82100C5118AE4FB04B2E062FFFFFFFFFFCAFFF000199162D7743743940A2B37E
10464328A1F2830E98100CFB18AEE2B04B2F061FFFFFFFFFFC9FFF00018C162D7743743940A2A396
10468328A24A830E8D100D7418AF39B04B2F05AFFFFFFFFFFC9FFF000199162D7743743940A2B3AE
10469F28A26F830E70100D6B18AF33B05B2D059FFFFFFFFFFC9FFF000190162D7843743940A2A3C6
10473128A34B830E6B100DBB18AF76B04B2C058FFFFFFFFFFC8FFF000199162D7843743A40A2A3DE
1046E728A2D5830E83100DEA18AF93B03B2B058FFFFFFFFFFC8FFF000195162D7943743A40A2A3F6
10463E28A1DF830E8A100D4918AF1CB02B2C058FFFFFFFFFFC9FFF00018A162D7943743A40A2A30E
10467A28A233830E6F100D7B18AF41B03B2B058FFFFFFFFFFCAFFF000194162D7943743B40A2A326
10463D28A1DC830E51100D3518AF05B05B2B058FFFFFFFFFFCAFFF00019A162D7A43743B40A2A33E
10468F28A25B830E5F100D5618AF23B06B2C058FFFFFFFFFFCAFFF00019B162D7A43743B40A29356
10465928A203830E73100D5A18AF25B06B2C058FFFFFFFFFFCAFFF00018C162D7B43743C40A2936E
10463428A1DB830E55100D0718AEE3B06B2C058FFFFFFFFFFC9FFF000192162D7B43743C40A29386
10466A28A222830E20100D6E18AF31B06B2B058FFFFFFFFFFC8FFF000195162D7B43743C40A2939E
10464728A1EE830E28100D2F18AF00B05B2B058FFFFFFFFFFC8FFF000197162D7C43743D40A283B6
1045ED28A16B830E5C100CEB18AECBB04B2B059FFFFFFFFFFC9FFF000196162D7C43743D40A283CE
1045EF28A17A830E55100CBB18AEA9B05B2B059FFFFFFFFFFCAFFF000196162D7C43743D40A283E6
10461E28A1B2830E14100D0218AEDAB05B2B059FFFFFFFFFFCAFFF000190162D7D43743D40A283FE
10460628A185830DEE100CEF18AEC8B04B2C059FFFFFFFFFFC9FFF0001A1162D7D43743E40A28316
10463E28A1D9830DF8100D0818AEDEB05B2D059FFFFFFFFFFC9FFF0001A6162D7E43743E40A2832E
10461728A1A0830E08100D0418AEDCB04B2D059FFFFFFFFFFC9FFF000198162D7E43743E40A28346
10464428A1E9830E0C100D1218AEE9B03B2E059FFFFFFFFFFCAFFF00019C162D7E43743F40A2835E
10466C28A222830E09100D4C18AF19B02B2E059FFFFFFFFFFC8FFF0001A5162D7F43743F40A28376
1046AB28A281830DFF100D9118AF51B02B2D059FFFFFFFFFFC8FFF0001AA162D7F43743F40A2638E
1046E528A2DF830DED100DBD18AF75B04B2B059FFFFFFFFFFC8FFF0001A4162D8043744040A263A6
10477728A3A4830DD4100E7018B003B06B2B059FFFFFFFFFFC8FFF0001B2162D8043744040A263BE
10474328A363830DCF100E0218AFACB06B2B059FFFFFFFFFFC9FFF0001B1162D8043744040A263D6
1046A728A26B830DD7100DB718AF65B04B2C058FFFFFFFFFFC9FFF0001A3162D8143744140A263EE
10458428A0D4830DD7100C7018AE6BB03B2C059FFFFFFFFFFC9FFF000193162D8143744140A26306
10456B28A0AF830DCD100C6018AE5AB04B2C058FFFFFFFFFFC8FFF000197162D8243744140A2631E
10465F28A225830DC5100CE018AEC9B06B2C058FFFFFFFFFFC9FFF000193162D8243744140A26336
10466828A225830DC2100D9918AF4FB06B2C059FFFFFFFFFFC9FFF00018F162D8243744240A2634E
10477428A3AE830DB5100E3218AFD8B04B2C058FFFFFFFFFFC9FFF00019B162D8343744240A25366
1048A028A56C830DA2100F0D18B088B02B2C058FFFFFFFFFFC9FFF0001AE162D8343744240A2537E
1048B128A533830D9810105718B176B04B2C058FFFFFFFFFFC9FFF0001CE162D8443744340A25396
10467C28A24A830D9D100D6D18AF33B05B2B058FFFFFFFFFFC9FFF0001E8162D8443744340A253AE
10475128A373830DA4100E2918AFCFB04B2B058FFFFFFFFFFC9FFF00020C162D8443744340A263C6
10477128A39D830D9D100E4918AFE8B03B2B058FFFFFFFFFFCAFFF00024B162D8543744340A243DE
1047FE28A477830D89100E9E18B02BB03B2A058FFFFFFFFFFC8FFF00026A162D8543744440A243F6
10486B28A50A830D6F100F1E18B095B02B2B058FFFFFFFFFFC9FFF000268162D8643744440A2430E
1048F528A5CD830D65100FAF18B106B02B2B058FFFFFFFFFFC9FFF00021E162D8643744440A24326
1047E728A44A830D78100EEE18B063B00B2A058FFFFFFFFFFC9FFF000209162D8643744540A2433E
10481D28A4A7830D86100EC518B053B01B2A058FFFFFFFFFFC9FFF00020B162D8743744540A24356
1049D728A742830D701010DB18B205B00B2A058FFFFFFFFFFCAFFF000225162D8743744540A2436E
104ADE28A8A9830D4A10113C18B24BB01B2A058FFFFFFFFFFC9FFF000257162D8843744540A24386
104B1228A8FA830D3A1011BE18B2AEB01B29058FFFFFFFFFFC9FFF00026C162D8843744640A2339E
104AC828A87D830D371011D218B2BFAFFB28058FFFFFFFFFFCAFFF000246162D8843744640A233B6
104AA028A849830D3F10119B18B28FAFFB27058FFFFFFFFFFCBFFF00022E162D8943744640A233CE
1049BC28A702830D4C1010AF18B1E1AFFB27059FFFFFFFFFFCAFFF00022C162D8943744640A223E6
1049BA28A6FB830D3E1010F418B20DAFFB2705AFFFFFFFFFFC9FFF00022B162D8A43744740A223FE
10494F28A666830D2610104F18B188B00B2805AFFFFFFFFFFC9FFF000237162D8A43744740A22316
104A1D28A797830D511010BD18B1EAB00B2705AFFFFFFFFFFC9FFF000260162D8A43744740A2232E
10491228A611830D7610101618B159B00B2805AFFFFFFFFFFC9FFF000281162D8B43744840A22346
10489A28A563830DA7100F8D18B0F5AFFB2805AFFFFFFFFFFCAFFF0002A0162D8B43744840A2235E
10482128A4BF830DFB100E3818AFE9B00B2805AFFFFFFFFFFC9FFF000298162D8C43744840A22376
10463528A1EF830E5F100CE018AED4B01B2905AFFFFFFFFFFC9FFF00028E162D8C43744940A2238E
10450928A02F830EB1100BA818ADDBB01B2B059FFFFFFFFFFC9FFF00029D162D8C43744940A213A6
10439C289E24830EF7100A7118ACDCB03B2C058FFFFFFFFFFC9FFF000296162D8D43744940A213BE
104211289BE0830F531008F718ABAFB05B2D058FFFFFFFFFFCAFFF00029E162D8D43744A40A213D6
103FF12898D2830FC610070D18AA28B06B2D058FFFFFFFFFFCAFFF0002A1162D8E43744A40A203EE
103D4B2894F783103110042518A7D4B07B2E058FFFFFFFFFFCAFFF0002A3162D8E43744A40A20306
103B2F2891D683109410022218A631B0BB31058FFFFFFFFFFCAFFF0002A3162D8E43744A40A2031E
1038BE288E438310FE0FFF8718A417B0CB34058FFFFFFFFFFCAFFF000290162D8F43744B40A20336
10366E288ACE8311500FFD0818A215B0AB35058FFFFFFFFFFC9FFF000271162D8F43744B40A2034E
1033C22886E68311A10FFA7E18A008B0CB35058FFFFFFFFFFC9FFF000265162D9043744B40A20366
1031AF2883EC8312090FF8DC189EB5B0FB36058FFFFFFFFFFC8FFF00026E162D9043744C40A2037E
102F072880098312730FF605189C6BB12B37058FFFFFFFFFFCAFFF00027A162D9043744C40A20396
102B87287AF08312AC0FF3AD189A85B11B38058FFFFFFFFFFC8FFF000269162D9143744C40A1F3AE
102A6F28794C8312DA0FF21E189943B0EB38058FFFFFFFFFFC9FFF000235162D9143744D40A1F3C6
102A392878F78313240FF16A1898B5B0EB36058FFFFFFFFFFC9FFF00020A162D9243744D40A1F3DE
102A2C2878E18313800FF15D1898A7B0EB36058FFFFFFFFFFC9FFF0001EE162D9243744D40A1F3F6
1029E52878768313C30FF14F189895B0DB36058FFFFFFFFFFC9FFF0001FA162D9243744E40A1E30E
1029B828783B8313E40FF107189859B0BB36058FFFFFFFFFFC9FFF000206162D9343744E40A1E326
1029A828781C8314130FF0E4189844B09B36058FFFFFFFFFFC9FFF000226162D9343744E40A1E33E
1028A628769E83146D0FEFED18977FB0BB36058FFFFFFFFFFC8FFF000237162D9443744F40A1E356
1024E52871238314D90FEC681894A5B0DB37058FFFFFFFFFFCAFFF000229162D9443744F40A1E36E
102343286EB88315230FEA7B189320B0EB38058FFFFFFFFFFCAFFF000221162D9443744F40A1E386
102228286D2083153D0FE9D5189285B0FB38058FFFFFFFFFFCAFFF000251162D9543744F40A1E39E
102207286CE18315570FE9C0189276B11B38057FFFFFFFFFFC9FFF000295162D9543745040A1E3B6
1021A6286C478315650FE953189220B12B39057FFFFFFFFFFC9FFF000270162D9643745040A1D3CE
102146286BB88315910FE8FD1891D2B12B39057FFFFFFFFFFC9FFF000239162D9643745040A1D3E6
102173286BFE8315800FE8E01891C1B13B3A057FFFFFFFFFFC9FFF000215162D9643745140A1D3FE
10229A286DAD83153E0FE9F5189294B12B3B057FFFFFFFFFFC9FFF0001F3162D9743745140A1C316
10237A286EE58315260FEA3C1892CEB11B3A057FFFFFFFFFFC9FFF0001E1162D9743745140A1C32E
10232C286E728315410FEA8C18930CB13B39057FFFFFFFFFFC8FFF0001D4162D9843745240A1C346
102306286E4483153B0FEA631892F0B13B39057FFFFFFFFFFC9FFF0001E0162D9843745240A1C35E
10245428702C8315010FEBBC189400B11B38057FFFFFFFFFFCAFFF0001D9162D9843745240A1C376
1025C02872358314D70FEC5C189482B11B38057FFFFFFFFFFC9FFF0001D6162D9943745340A1C38E
1026552873008314E20FED5E18954BB12B38057FFFFFFFFFFC9FFF0001EA162D9943745340A1C3A6
1026352872D38314F40FED8B189571B12B38057FFFFFFFFFFC9FFF000220162D9A43745340A1C3BE
1026F12873F88314D80FEE5818961EB0FB37057FFFFFFFFFFC9FFF000273162D9A43745440A1B3D6
10289F28766B8314AB0FEFB5189731B0FB37057FFFFFFFFFFC9FFF0002BA162D9A43745440A1B3EE
1028C42876AA8314A60FEF9818971EB11B37057FFFFFFFFFFC9FFF0002E6162D9B43745440A1B306
1028D72876C88314B60FF012189783B11B38057FFFFFFFFFFCAFFF0002FE162D9B43745540A1C31E
1028E02876D88314A60FF01F18978FB10B38059FFFFFFFFFFC9FFF0002FF162D9C43745540A1A336
1028FA2876FD8314790FF03C1897A4B10B36059FFFFFFFFFFC8FFF0002F7162D9C43745540A1A34E
10292A2877438314610FF05B1897BBB10B36059FFFFFFFFFFC8FFF0002FA162D9C43745640A1A366
1029392877548314630FF0791897D3B0FB3705AFFFFFFFFFFCAFFF0002F3162D9D43745640A1A37E
1029412877628314600FF0841897DEB0EB3605AFFFFFFFFFFC9FFF0002E8162D9D43745640A1A396
10294828776A8314560FF08F1897E7B0FB3605AFFFFFFFFFFC8FFF0002C0162D9E43745640A1A3AE
10295328777D8314560FF0951897E9B10B3505AFFFFFFFFFFC6FFF0002B0162D9E43745740A1A3C6
10295128777A8314540FF0A31897F6B0FB3505AFFFFFFFFFFC9FFF0002A7162D9E43745740A1A3DE
1029762877AE8314380FF0C318980FB0EB3605AFFFFFFFFFFCAFFF00029C162D9F43745740A193F6
1029AF2877FC8314120FF0E7189828B0EB3505AFFFFFFFFFFC8FFF0002DC162D9F43745840A1930E
1029D52878308313F70FF10C189843B0FB3505AFFFFFFFFFFC8FFF0002DD162DA043745840A18326
1029FD2878698313F00FF12A18985BB0FB3505AFFFFFFFFFFC9FFF0002C7162DA043745840A1833E
1029D128782A8314070FF11C189852B0FB36059FFFFFFFFFFC9FFF0002B3162DA043745940A19356
1029BC28781383140F0FF104189840B10B36059FFFFFFFFFFC9FFF0002A9162DA143745940A1836E
1029DA28783A8313E40FF11D189851B11B36058FFFFFFFFFFC9FFF0002C5162DA143745940A18386
102A052878748313BE0FF138189863B12B35057FFFFFFFFFFC9FFF0002D6162DA243745A40A1839E
102A1228788B8313C50FF149189870B0FB36057FFFFFFFFFFC8FFF0002DC162DA243745A40A183B6
102A0C28787A8313C30FF14A189874B0DB36057FFFFFFFFFFC8FFF0002BF162DA243745A40A183CE
102A2B2878A98313970FF16A189889B0DB36056FFFFFFFFFFCAFFF0002C4162DA343745B40A183E6
102A592878E98313770FF18418989DB0EB36056FFFFFFFFFFC9FFF0002B2162DA343745B40A183FE
102A522878DA8313810FF1951898ABB0FB36056FFFFFFFFFFC9FFF000271162DA443745B40A17316
102A3D2878BA83138B0FF17D189899B0FB37056FFFFFFFFFFCAFFF000246162DA443745B40A1732E
102A412878BE83137C0FF1851898A1B0FB37056FFFFFFFFFFCAFFF000242162DA443745C40A17346
102A462878C88313720FF1881898A1B0FB36056FFFFFFFFFFC9FFF000266162DA543745C40A1635E
102A492878D08313710FF18C1898A5B10B35056FFFFFFFFFFC9FFF00027C162DA543745C40A16376
102A692878FF83135E0FF1A61898BBB0EB36056FFFFFFFFFFC9FFF0002A5162DA643745D40A1638E
102AA728795B83132E0FF1E11898E7B10B36057FFFFFFFFFFC9FFF0002B5162DA643745D40A163A6
102ACF28798C8313040FF202189900B10B35057FFFFFFFFFFC9FFF0002BF162DA643745E40A163BE
102ADD2879A383130C0FF21018990DB0FB35057FFFFFFFFFFC9FFF0002BE162DA743745E40A163D6
102AA328795383133F0FF1E81898EEB0DB36057FFFFFFFFFFC9FFF0002B5162DA743745E40A163EE
102A7F28791E8313500FF1C11898D0B0BB36057FFFFFFFFFFC9FFF0002AA162DA843745E40A15306
102A9B2879428313160FF1E01898E7B0CB35057FFFFFFFFFFC9FFF0002BD162DA843745F40A1631E
102ADF2879A28312D40FF20C189908B0EB35056FFFFFFFFFFCAFFF0002D0162DA843745F40A16336
102B0F2879E98312C30FF236189929B0EB35056FFFFFFFFFFC9FFF0002D1162DA943746040A1434E
102B092879DD8312CE0FF24B18993AB0FB35056FFFFFFFFFFC9FFF0002D0162DA943746040A15366
102B152879F08312D30FF24C18993FB0FB36056FFFFFFFFFFC8FFF0002D3162DAA43746040A1437E
102B172879EC8312D70FF253189943B11B36056FFFFFFFFFFC8FFF0002CD162DAA43746040A15396
102B202879FB8312E50FF255189947B11B35056FFFFFFFFFFC9FFF0002C0162DAA43746040A143AE
102B30287A188312DC0FF269189959B0EB35056FFFFFFFFFFC9FFF0002CA162DAB43746140A143C6
102C22287B8F8312B80FF37F189A43B0EB35056FFFFFFFFFFC9FFF0002D0162DAB43746140A143DE
102DF7287E188312A20FF5D3189C0EB10B36056FFFFFFFFFFC9FFF0002CA162DAC43746240A143F6
102E65287EBD8312970FF640189C69B0EB36056FFFFFFFFFFC9FFF0002DF162DAC43746240A1430E
102EF1287F7A8312900FF6A0189CB7B0FB36056FFFFFFFFFFC9FFF0002DD162DAC43746240A14326
102C6A287BD283129C0FF48F189AF8B10B36056FFFFFFFFFFCAFFF0002D4162DAD43746240A1333E
102B3C287A3A8312B60FF282189971B10B36056FFFFFFFFFFCAFFF0002C9162DAD43746340A14356
102B5A287A658312AD0FF29C18998BB0FB37056FFFFFFFFFFC9FFF0002D1162DAD43746340A1236E
102D2D287D1A83128E0FF489189B16B0DB36056FFFFFFFFFFC8FFF0002D0162DAE43746340A12386
102FCF2880D083127C0FF6A6189CBAB0EB36056FFFFFFFFFFC8FFF0002DA162DAE43746440A1239E
1030012881138312730FF75D189D52B0EB35056FFFFFFFFFFC8FFF0002E8162DAF43746440A133B6
1030862881DE8312610FF7C8189DA8B0EB36056FFFFFFFFFFC8FFF0002E7162DAF43746440A123CE
10303B28816B83125B0FF7BF189D9DB0FB37056FFFFFFFFFFC9FFF0002DC162DAF43746540A123E6
102E8D287EEF8312790FF68D189C98B11B37056FFFFFFFFFFC9FFF0002E5162DB043746540A123FE
102B73287A918312910FF2F21899C4B0FB37056FFFFFFFFFFC9FFF0002DB162DB043746540A12316
102C2B287BB78312760FF386189A55B0FB37056FFFFFFFFFFC8FFF0002E8162DB143746540A1232E
10303228817583123B0FF729189D24B0FB36055FFFFFFFFFFC5FFF0002E8162DB143746640A12346
10315B28831383121A0FF7A5189D90B0EB35055FFFFFFFFFFC8FFF0002FA162DB143746640A1135E
10317528834083122A0FF88E189E44B0FB35055FFFFFFFFFFC8FFF0002F6162DB243746740A11376
1030F02882838312560FF827189DF4B10B35055FFFFFFFFFFC9FFF0002FC162DB243746740A1138E
1030922882058312680FF7D2189DB7B10B35055FFFFFFFFFFCAFFF0002F9162DB343746740A103A6
1031192882CD8312320FF84C189E14B11B36055FFFFFFFFFFC8FFF0002FE162DB343746740A103BE
10317A2883538311F80FF87A189E35B11B36055FFFFFFFFFFC8FFF0002F9162DB343746840A103D6
1031AE28838E8311FE0FF8AB189E5DB11B37055FFFFFFFFFFC9FFF000315162DB443746840A103EE
1031812883598312150FF8B5189E67B10B36055FFFFFFFFFFC9FFF00031A162DB443746840A10306
1031AE28839A8312080FF8DC189E88B10B36055FFFFFFFFFFC9FFF00031B162DB543746940A1031E
10321828843C8311EE0FF927189EC2B10B37055FFFFFFFFFFCAFFF000315162DB543746940A10336
1032332884638311FC0FF944189EDAB0FB37054FFFFFFFFFFC9FFF000324162DB543746940A1034E
1031F628840B8312150FF92A189EC5B0FB38054FFFFFFFFFFC9FFF000321162DB643746940A10366
10325228849A8311FC0FF979189F0BB10B38054FFFFFFFFFFCAFFF000329162DB643746A40A1037E
1034CB2888488311BB0FFB9F18A0C3B11B37054FFFFFFFFFFC9FFF00033B162DB743746A40A10396
1036DC288B368311A90FFCAC18A1A4B10B37055FFFFFFFFFFC9FFF00033F162DB743746B40A0E3AE
10365D288A708311C90FFD9118A24FB0FB36055FFFFFFFFFFC9FFF000336162DB743746B40A0E3C6
1034F028886A8311E20FFC7018A169B0EB36055FFFFFFFFFFC9FFF00033D162DB843746B40A0E3DE
1035342888DC8311DF0FFC9518A194B0FB37055FFFFFFFFFFC9FFF00033E162DB843746B40A0E3F6
1036AB288B088311AD0FFDCE18A28BB11B37055FFFFFFFFFFC8FFF000343162DB943746C40A0E30E
103824288D2883116F0FFEE618A368B11B37055FFFFFFFFFFC9FFF000356162DB943746C40A0E326
1038B3288DE68311760FFF7218A3DFB10B36055FFFFFFFFFFC9FFF00035A162DB943746D40A0E33E
10378C288C358311A90FFED918A35DB0FB36055FFFFFFFFFFC9FFF000355162DBA43746D40A0E356
103744288BDC8311A80FFE8318A325B0FB37055FFFFFFFFFFC9FFF000349162DBA43746D40A0E36E
1037FC288CE18311780FFF1318A393B0FB37055FFFFFFFFFFC9FFF00034F162DBB43746D40A0E386
1038B6288DF18311570FFF8D18A3F4B10B37055FFFFFFFFFFC9FFF000363162DBB43746E40A0D39E
103940288EB283115E10003518A47CB11B36055FFFFFFFFFFCBFFF00036B162DBB43746E40A0D3B6
10390B288E6583116D10004B18A490B0FB36055FFFFFFFFFFC9FFF000364162DBC43746E40A0D3CE
103931288EA883115E10005118A496B0EB37055FFFFFFFFFFC8FFF00036D162DBC43746E40A0C3E6
103947288EC983114A10006B18A4A9B0EB37055FFFFFFFFFFC8FFF00036F162DBD43746F40A0C3FE
10394C288ECF83114C10008D18A4C3B0DB37055FFFFFFFFFFC9FFF00036B162DBD43746F40A0C316
103944288EBB83114D10007918A4B6B0DB36055FFFFFFFFFFC9FFF000377162DBD43747040A0C32E
1039D9288F988311451000F718A51EB0EB36055FFFFFFFFFFC8FFF000370162DBE43747040A0C346
103A3328902383113D10014318A55DB10B35056FFFFFFFFFFC8FFF00037A162DBE43747040A0C35E
103AE12891208311371001F818A5EEB0FB35056FFFFFFFFFFC9FFF00037C162DBE43747040A0C376
103B3E2891B683112A10025318A63CB0FB36055FFFFFFFFFFC9FFF00036C162DBF43747140A0C38E
103BA228924A8311151002A818A681B10B36055FFFFFFFFFFC9FFF000375162DBF43747140A0B3A6
103BFA2892D283110C10030118A6CAB10B36055FFFFFFFFFFC9FFF00037B162DC043747140A0B3BE
103BF12892C883111A1002F718A6C0B0FB36055FFFFFFFFFFCBFFF000373162DC043747240A0B3D6
103BCA28929483112C1002E118A6B0B0DB36055FFFFFFFFFFCBFFF00036B162DC043747240A0A3EE
103BF52892D783112110030A18A6D5B0EB36054FFFFFFFFFFC9FFF000363162DC143747240A0A306
103C3E28934583110110033818A6F7B0EB36054FFFFFFFFFFCAFFF00036C162DC143747340A0A31E
103C752893948310FC10036018A717B0FB36054FFFFFFFFFFCAFFF00036E162DC243747340A0A336
103C522893658310FE10036A18A723B0EB36054FFFFFFFFFFC9FFF000377162DC243747340A0A34E
103CB02893E88310F01003AD18A75DB0EB36054FFFFFFFFFFC9FFF000380162DC343747440A0A366
103CBF2894028310EC1003DD18A77DB10B36054FFFFFFFFFFC9FFF00037C162DC343747440A0A37E
103CBB2894028310FB1003CC18A773B11B36054FFFFFFFFFFCAFFF00036E162DC343747440A0A396
103C792893A383110C10039118A743B0FB36054FFFFFFFFFFC9FFF000368162DC443747440A0A3AE
103C9A2893DD8310FD1003B618A766B0DB36054FFFFFFFFFFC9FFF00036C162DC443747540A0A3C6
103DC92895A38310C61004B318A835B0EB37054FFFFFFFFFFC9FFF000364162DC543747540A093DE
103E8E2896B88310AE10054D18A8ADB0FB37054FFFFFFFFFFCAFFF000355162DC543747640A093F6
103E2728961F8310C910054418A8A4B0DB35054FFFFFFFFFFCAFFF000358162DC543747640A0930E
103DB32895788310DF1004C718A844B0DB35054FFFFFFFFFFC8FFF000340162DC643747640A09326
103DD02895AE8310DA1004DB18A855B11B35054FFFFFFFFFFC8FFF000343162DC643747640A0933E
103E432896568310BB10054218A8A9B10B35054FFFFFFFFFFC9FFF000339162DC743747740A08356
103EC52897198310A11005B018A902B10B34054FFFFFFFFFFCAFFF000318162DC743747740A0836E
103EDB28973383109E1005E318A929B11B36054FFFFFFFFFFC9FFF0002C7162DC743747840A08386
103EB22896F58310AA1005D218A91FB0EB35054FFFFFFFFFFC9FFF00027F162DC843747840A0839E
103E3E28964C8310B410056318A8C4B0EB35054FFFFFFFFFFC9FFF000268162DC843747840A083B6
103E4D28965F8310AF10055918A8C0B0EB35055FFFFFFFFFFC9FFF000268162DC843747840A083CE
103EAC2896F383109C1005B418A909B0EB35055FFFFFFFFFFC9FFF000279162DC943747940A083E6
103F362897BD83108110063218A96DB0EB35055FFFFFFFFFFCAFFF000286162DC943747940A073FE
103F262897A383108110062D18A968B10B35055FFFFFFFFFFCAFFF000252162DCA43747A40A07316
103EB22896F98310A01005C918A916B0EB36055FFFFFFFFFFC8FFF00021F162DCA43747A40A0632E
103E7A2896AD8310A510058A18A8E9B0FB35055FFFFFFFFFFC9FFF00022E162DCA43747A40A06346
103EC72897228310811005C518A916B10B35055FFFFFFFFFFCAFFF00023D162DCB43747A40A0635E
103F372897C783106C1005FE18A942B10B35055FFFFFFFFFFCAFFF00021E162DCB43747B40A06376
103F1928979883107B10062318A961B0EB34055FFFFFFFFFFC9FFF000210162DCC43747B40A0638E
103F1928979F83107B10061C18A95EB0CB34055FFFFFFFFFFC9FFF000204162DCC43747B40A063A6
103F7128981D83105E10067118A9A1B0CB35055FFFFFFFFFFC9FFF0001FC162DCC43747C40A063BE
103F9728985683105610069618A9BFB0EB35055FFFFFFFFFFC9FFF000206162DCD43747C40A063D6
103F6A28981183107110067418A9A4B0EB36055FFFFFFFFFFC9FFF000214162DCD43747C40A053EE
103F6328981683106B10067918A9AEB0CB36055FFFFFFFFFFC9FFF000225162DCD43747D40A05306
10405028997283103510075718AA5EB0EB36055FFFFFFFFFFC9FFF00024C162DCE43747D40A0531E
1041BA289B75830FE810089C18AB58B0EB36054FFFFFFFFFFC8FFF00029C162DCE43747D40A05336
104272289C73830FA610094518ABDCB0BB36054FFFFFFFFFFCBFFF0002CC162DCF43747E40A0534E
10432F289D79830F71100A0618AC76B0AB36054FFFFFFFFFFCBFFF0002D7162DCF43747E40A04366
10438C289E03830F45100A7B18ACD3B0AB34054FFFFFFFFFFC9FFF00030B162DD043747E40A0437E
10447E289F6B830EF5100B6718AD8EB07B32054FFFFFFFFFFC9FFF000337162DD043747E40A04396
10458328A0DE830E74100C7B18AE65B05B30054FFFFFFFFFFC9FFF000354162DD043747F40A043AE
10468428A256830DEB100D6218AF1DB07B30054FFFFFFFFFFC8FFF00035D162DD143747F40A043C6
10480128A48F830D88100EC518B043B08B2F054FFFFFFFFFFC8FFF000359162DD143748040A043DE
104A1628A79E830D2D1010D418B1F2B06B2D053FFFFFFFFFFC8FFF000358162DD143748040A043F6
104BB228AA28830CC810128518B356B05B2C053FFFFFFFFFFC8FFF000361162DD243748040A0430E
10531528B4D9830C531019BE18B911B03B2B053FFFFFFFFFFC9FFF000362162DD243748040A04326
10570628BA84830BE6101D7D18BC1BAFEB29053FFFFFFFFFFC9FFF000364162DD343748140A0333E
105AF428C01D830B9010217F18BF51AFBB26053FFFFFFFFFFC9FFF000363162DD343748140A03356
105D1F28C36F830B301023B218C11FAF6B21053FFFFFFFFFFCAFFF000360162DD343748140A0236E
10637528CCE7830AB2102A4A18C66FAF0B1C054FFFFFFFFFFCAFFF000363162DD443748240A02386
106E3028DCA7830A0F10362718CFEDAEBB1705BFFFFFFFFFFCAFFF000363162DD443748240A0239E
1073FD28E4BB830989103A1718D316AE3B1105BFFFFFFFFFFC8FFF000371162DD543748340A023B6
1075C328E75E830933103BDA18D4A1ADDB0905BFFFFFFFFFFC8FFF00036C162DD543748340A023CE
1076D228E90B8308CE103D2218D59CAD8B0305BFFFFFFFFFFC9FFF000366162DD543748340A023E6
10798728ED01830850103FE518D7D0AD5AFF05BFFFFFFFFFFC9FFF00035D162DD643748340A023FE
107F2828F51B8307D010456E18DC2EAD2AFD059FFFFFFFFFFC8FFF00036B162DD643748440A02316
10819E28F88B8307581047B918DDFDAD0AFB054FFFFFFFFFFCAFFF00036F162DD643748440A0232E
10840128FC018306D8104A1B18DFE7ACEAF9053FFFFFFFFFFCAFFF000368162DD743748440A02346
10856D28FE26830669104B6118E0FAACEAF8053FFFFFFFFFFC8FFF00036F162DD743748540A0135E
10891D2903AB830605104F0418E3F2ACBAF7053FFFFFFFFFFC9FFF00036E162DD843748540A01376
1090B5290ECC8305951056D618EA37ACCAF7053FFFFFFFFFFC9FFF000366162DD843748540A0138E
10946729140A830521105A2C18ECDDACDAF5058FFFFFFFFFFC9FFF000369162DD843748640A013A6
1098A3291A4A8304B4105E3118F022ACBAF3060FFFFFFFFFFC8FFF000373162DD943748640A003BE
109BF2291EF48304411061B018F2DFAC7AF105FFFFFFFFFFFC8FFF000373162DD943748640A003D6
109D792921288303C610633A18F419AC4AF005FFFFFFFFFFFC9FFF000369162DDA43748740A003EE
109EBB29230283035F10643F18F4F5AC2AEE05EFFFFFFFFFFC9FFF000371162DDA43748740A00306
10A1122926578303091066B018F6E1AC2AED05AFFFFFFFFFFC9FFF00036F162DDA43748740A0031E
10A424292AC18302AC1069F118F969AC2AED053FFFFFFFFFFC8FFF00036C162DDB43748740A00336
10A8C8293157830238106E9518FD03AC0AED053FFFFFFFFFFC8FFF000364162DDB43748840A0034E
10ADB82938468301B71073561900B8AC0AEC056FFFFFFFFFFC9FFF000368162DDB43748840A00366
10AF72293AC58301401074CA1901EDAC1AEB05EFFFFFFFFFFC9FFF000372162DDC43748840A0037E
10B078293C6A8300E610760F190308AC0AEA05EFFFFFFFFFFC9FFF000367162DDC43748940A00396
10B1F0293E8683009210778219042AABFAEA05DFFFFFFFFFFC9FFF00036A162DDC437489409FE3AE
10B41E2941B583002D1079AE1905DEABFAE905CFFFFFFFFFFC8FFF000368162DDD437489409FF3C6
10B8D029486682FFC4107E38190976ABEAE905AFFFFFFFFFFC8FFF000361162DDD43748A409FE3DE
10BEFE29511482FF5B108452190E2EABAAE8051FFFFFFFFFFC9FFF00036C162DDE43748A409FE3F6
10C19D2954E182FED810871419105FAB5AE5052FFFFFFFFFFC9FFF000370162DDE43748A409FE30E
10C35129575C82FE6610886F191183AB4AE3052FFFFFFFFFFC9FFF000369162DDE43748B409FE326
10C4542958D782FE29108932191222AB7AE105CFFFFFFFFFFC9FFF000365162DDF43748B409FE33E
10C5BA295AEF82FDD9108AF619138FAB7ADF056FFFFFFFFFFC8FFF000368162DDF43748B409FE356
10C7AD295DAA82FD59108D1D191534AB5ADD052FFFFFFFFFFC8FFF00035D162DDF43748B409FE36E
10CAEB29626082FCEE108FF2191786AB3ADD052FFFFFFFFFFC9FFF000369162DE043748C409FD386
10CDFA2966B582FCB01092DD1919D6AB0ADD052FFFFFFFFFFC8FFF000362162DE043748C409FD39E
10CD9E29662582FC6D1093191919F6AAEADB053FFFFFFFFFFC8FFF00036A162DE143748D409FD3B6
10D034296A0082FC0A109574191BD6AADAD9053FFFFFFFFFFC9FFF000364162DE143748D409FC3CE
10D343296E4A82FBAA10982E191DFEAA9AD6054FFFFFFFFFFCAFFF000363162DE143748D409FC3E6
10D5E129721982FB58109B00192045AAAAD605AFFFFFFFFFFC9FFF000369162DE243748E409FD3FE
10D8692975C082FB06109D7E192242AA9AD405BFFFFFFFFFFC8FFF000368162DE243748E409FC316
10DDD4297D6E82FABB10A2F519268BAA5AD305BFFFFFFFFFFC8FFF00035D162DE243748E409FC32E
10E00729808482FA6F10A4DF192803AA0AD105DFFFFFFFFFFC8FFF000358162DE343748E409FC346
10E49C29870982FA0710A98B192B94A9EACE060FFFFFFFFFFC9FFF000357162DE343748F409FC35E
10E826298BD882F99F10ACD1192E27A9CACC065FFFFFFFFFFC8FFF000357162DE443748F409FC376
10EA7D298F5282F94F10AF0E192FF8A9BACA05FFFFFFFFFFFC8FFF00035F162DE443748F409FC38E
10EDE029942082F90C10B28C1932B9A99AC805DFFFFFFFFFFC8FFF000353162DE4437490409FB3A6
10F46D299D3E82F8B810B97A193800A98AC705FFFFFFFFFFFC9FFF00035B162DE5437490409FB3BE
10F82529A25D82F84C10BCB8193A7EA95AC6067FFFFFFFFFFC9FFF000352162DE5437490409FB3D6
10FB1329A6AA82F7E510BF49193C91A91AC5066FFFFFFFFFFC8FFF00035A162DE5437491409FA3EE
11042129B28E82F79610C862194347A8EAC4066FFFFFFFFFFC9FFF00034C162DE6437491409FA306
1108C529B8EA82F75110CD431946E9A90AC3062FFFFFFFFFFC9FFF000352162DE6437491409FA31E
110D7729BF7782F70010D1F4194A7EA91AC305DFFFFFFFFFFC9FFF00034F162DE6437492409FA336
110FF229C2FC82F6A210D43D194C46A91AC305DFFFFFFFFFFC8FFF00034D162DE7437492409FA34E
11157529CA9682F64710D96219502EA92AC305DFFFFFFFFFFC8FFF000344162DE7437492409FA366
11198029D00982F5F110DDCD19537EA94AC205CFFFFFFFFFFC8FFF00034B162DE8437493409FA37E
111B1529D22282F58310DF4A195494A92AC1063FFFFFFFFFFC6FFF000349162DE8437493409FA396
111C1429D38182F50E10E03B19554CA92AC0066FFFFFFFFFFC6FFF000344162DE8437493409FA3AE
111E6629D68182F4AD10E2601956D4A94ABF066FFFFFFFFFFC7FFF00032E162DE9437494409FA3C6
1122FE29DC5382F46110E76C195A59A93ABF066FFFFFFFFFFC6FFF00032F162DE9437494409F93DE
112A6E29E50982F40C10EE87195EEDA90ABF066FFFFFFFFFFC7FFF000337162DE9437494409F93F6
11323629EF5C82F39D10F6A01964D3A90ABF065FFFFFFFFFFC7FFF000337162DEA437494409F930E
1146582A0B7E82F321110B8F1974B1A8AABB060FFFFFFFFFFC6FFF000335162DEA437495409F9326
115A5E2A25A182F2AB111E851982A8A83AB505DFFFFFFFFFFC6FFF00032A162DEB437495409F933E
115EB02A2B7282F22E112203198554A82AB2063FFFFFFFFFFC6FFF000333162DEB437495409F8356
11635A2A31EC82F1BE1126A61988DCA81AB1066FFFFFFFFFFC5FFF000337162DEB437496409F836E
1165822A34D382F16B11290F198AB6A81AB105FFFFFFFFFFFC4FFF00032D162DEC437496409F8386
1167F02A382782F10E112B5B198C69A83AB205DFFFFFFFFFFC4FFF000330162DEC437496409F839E
116EF32A418682F09911331C1991FCA82AB205DFFFFFFFFFFC4FFF00032E162DEC437497409F83B6
1179472A4ED282F02C113C611998BFA7EAB105DFFFFFFFFFFC4FFF000334162DED437497409F83CE
117C0F2A528A82EFDF113F6E199AF9A7AAAF05DFFFFFFFFFFC4FFF00032E162DED437497409F83E6
1182522A5A5E82EF8811458E199F39A7AAAE05DFFFFFFFFFFC4FFF00033D162DED437498409F73FE
118D1F2A67AC82EF2F11513F19A736A7CAAD05DFFFFFFFFFFC3FFF00033F162DEE437498409F8316
119EF72A7EC482EEEF11601419B1E9A7BAAC05DFFFFFFFFFFC3FFF000339162DEE437498409F732E
11A6222A883982EEB811685519B7EEA76AAA05DFFFFFFFFFFC3FFF00032B162DEF437499409F7346
11AC1D2A8F7C82EE70116FA319BCD9A73AA805DFFFFFFFFFFC3FFF000335162DEF437499409F635E
11B9DC2AA16582EE13117C2019C5D1A74AA605EFFFFFFFFFFBCFFF00032E162DEF437499409F6376
11C2A52AAC0D82EDB911847219CB6EA72AA305DFFFFFFFFFFC0FFF00032D162DF043749A409F638E
11C6472AB0A582ED6611887E19CE4DA6DAA005EFFFFFFFFFFC2FFF000326162DF043749A409F63A6
11D29F2AC05D82ED2A11946F19D6B9A68A9D05DFFFFFFFFFFC1FFF00031E162DF043749A409F63BE
11DEEA2AD05382ECF711A06919DF55A65A9A063FFFFFFFFFFC1FFF000310162DF143749B409F63D6
11E8A92ADCF382ECAA11AA8019E699A60A96065FFFFFFFFFFC1FFF000302162DF143749B409F63EE
11EEB32AE52282EC5011B01519EAC2A5CA92061FFFFFFFFFFC1FFF00030B162DF143749B409F6306
11F3672AEB8B82EC0711B4C219EE4EA58A8E05EFFFFFFFFFFC1FFF000303162DF243749C409F631E
11F9092AF32E82EBBC11BA6719F283A53A8A05EFFFFFFFFFFC0FFF000300162DF243749C409F5336
11FF442AFB5F82EB7A11C07F19F6FDA51A88060FFFFFFFFFFBEFFF0002F9162DF343749C409F534E
1203572B00CA82EB4211C4BC19FA1BA55A88064FFFFFFFFFFBFFFF0002E8162DF343749D409F5366
120AA12B090782EAEF11CBFF19FE87A50A8705EFFFFFFFFFFBFFFF0002E8162DF343749D409F537E
1213E32B118A82EA8611D58B1A0361A4AA86064FFFFFFFFFFBEFFF0002DB162DF443749D409F5396
121C0C2B19AC82EA2A11DCDC1A0786A41A80066FFFFFFFFFFBFFFF0002C3162DF443749E409F43AE
1220B62B1DF582E9E811E1A31A0A09A34A75065FFFFFFFFFFBEFFF0002B3162DF443749E409F43C6
1227962B248B82E98F11E8761A0D89A26A67060FFFFFFFFFFBEFFF0002B2162DF543749E409F43DE
122AAE2B264182E91611EB7A1A0E73A1EA5B05EFFFFFFFFFFBFFFF0002AF162DF543749F409F43F6
122CE32B281282E8AD11ED7C1A0F65A13A5205EFFFFFFFFFFC1FFF0002A0162DF543749F409F430E
122DCE2B285782E85A11EE631A0F89A04A4605EFFFFFFFFFFC0FFF00028A162DF643749F409F4326
122F1C2B287A82E7F711EFBA1A0F9B9F9A3C05EFFFFFFFFFFBFFFF00026F162DF64374A0409F433E
1230872B286A82E78511F1401A0F8E9F0A32063FFFFFFFFFFC0FFF000257162DF64374A0409F4356
1230BF2B24B782E72011F1321A0D6A9E7A29065FFFFFFFFFFC0FFF000260162DF74374A0409F436E
1231362B232182E6DA11F1CF1A0CC79DBA2305FFFFFFFFFFFC2FFF000249162DF74374A1409F3386
12356D2B27F482E67B11F6791A0FA29D3A1A061FFFFFFFFFFC2FFF000240162DF84374A1409F339E
123C322B2CF382E60311FCF21A120C9CBA12061FFFFFFFFFFC2FFF000226162DF84374A1409F33B6
123E8F2B2D7A82E59E11FEDD1A125B9C1A08060FFFFFFFFFFC3FFF0001FE162DF84374A2409F23CE
1244ED2B35DB82E54912052A1A16E69B69FD05EFFFFFFFFFFC3FFF0001E0162DF94374A2409F23E6
1247DC2B399082E4EE12081A1A18F19AA9F005FFFFFFFFFFFC3FFF0001CE162DF94374A2409F23FE
1248AC2B39D582E48A1208F01A191C99D9E805FFFFFFFFFFFC4FFF0001C8162DF94374A3409F2316
124AA42B3AAE82E42D120AF91A19A49999E405EFFFFFFFFFFC4FFF0001BA162DFA4374A3409F232E
124FA52B403F82E3CE1210391A1CD79969E105EFFFFFFFFFFC3FFF0001A2162DFA4374A3409F2346
1256522B473782E3581216F31A20C09949DC05EFFFFFFFFFFC2FFF000183162DFA4374A4409F235E
125C322B4D9482E2E9121C7A1A241C98C9D605EFFFFFFFFFFC1FFF000179162DFB4374A4409F2376
125EA32B502482E2A9121EA21A25679819CC05EFFFFFFFFFFC1FFF000169162DFB4374A4409F138E
1260E62B529782E2631220EF1A26BE9789C305EFFFFFFFFFFC0FFF00016D162DFC4374A5409F13A6
1262112B53F382E1F312221C1A277A96B9BA05FFFFFFFFFFFBFFFF00016D162DFC4374A5409F13BE
1262E52B54E382E17F1222D01A27F09649B105EFFFFFFFFFFC0FFF00016B162DFC4374A5409F13D6
1263312B554082E1341223111A281E95E9AA05EFFFFFFFFFFBFFFF000167162DFD4374A6409F13EE
12635D2B556D82E0F512233E1A283595A9A705EFFFFFFFFFFBEFFF000159162DFD4374A6409F0306
1263A32B55B782E0AD1223831A285E95E9A405EFFFFFFFFFFBDFFF00015F162DFD4374A6409F031E
1264A72B56B182E04D1224A51A28F79589A4061FFFFFFFFFFBDFFF000162162DFE4374A6409F0336
1267602B598E82DFD01227B61A2ABF9579A2063FFFFFFFFFFBFFFF000161162DFE4374A7409F034E
126BA72B5E3382DF5F122B921A2D0F95599D05EFFFFFFFFFFC0FFF00016F162DFE4374A7409F0366
126E262B60B582DF2D122D851A2E3294E99905EFFFFFFFFFFBEFFF00016E162DFF4374A8409F037E
126FC52B628B82DF01122FA31A2F7D94099105EFFFFFFFFFFBEFFF000160162DFF4374A8409F0396
1271522B644882DEA312312B1A306693A988062FFFFFFFFFFBFFFF00016D162DFF4374A8409F03AE
12726B2B657782DE2D1232341A310893497F05FFFFFFFFFFFBFFFF00016D162E004374A8409F03C6
1272F82B660C82DDC51232A91A314E92E97805EFFFFFFFFFFBAFFF00017A162E004374A9409F03DE
1274DB2B67A382DD881234891A322D92697405EFFFFFFFFFFBDFFF000172162E014374A9409F03F6
1277082B696582DD4C1236D21A333892297105DFFFFFFFFFFBDFFF000176162E014374A9409EF30E
127AA52B6CB382DCE6123A6A1A350492197005EFFFFFFFFFFBDFFF000173162E014374AA409EE326
127E3A2B706682DC67123E6C1A374F92596E05DFFFFFFFFFFBFFFF00016C162E024374AA409EE33E
12810C2B735C82DC1812406F1A388A92096D05DFFFFFFFFFFBCFFF00016C162E024374AB409EE356
1281862B73F782DBEF1240F31A38E491B96A05DFFFFFFFFFFBBFFF000172162E024374AB409EE36E
1281D52B746682DBA51241631A393191396605DFFFFFFFFFFBEFFF00016F162E034374AB409EE386
1283012B75E782DB361242C01A3A1D91196105DFFFFFFFFFFBDFFF000170162E034374AB409EE39E
12853B2B783282DAD21244BA1A3B3E90795A05DFFFFFFFFFFBBFFF000171162E034374AC409EE3B6
1287472B79FB82DA801246A01A3C2A8FF95105DFFFFFFFFFFBBFFF000169162E044374AC409EE3CE
1288BF2B7B4782DA3212483E1A3CF38FC94B05DFFFFFFFFFFBCFFF000173162E044374AC409EE3E6
128B402B7D8D82D9E1124AAA1A3E348FB94705DFFFFFFFFFFBCFFF000173162E044374AD409ED3FE
128C7E2B7ED482D98E124BF71A3EF18F294405DFFFFFFFFFFBDFFF000160162E054374AD409ED316
128DF72B805682D942124D701A3FC78EE93E05DFFFFFFFFFFBEFFF00016E162E054374AD409ED32E
128F382B819E82D8FF124EB91A40798EE93605DFFFFFFFFFFBEFFF000170162E064374AE409ED346
12923A2B84BE82D8A71251E91A424A8E593105DFFFFFFFFFFBEFFF000174162E064374AE409ED35E
1294FD2B87B382D84A1254811A43E38DF93105DFFFFFFFFFFBEFFF000178162E064374AE409EC376
12969E2B894F82D8081255EC1A44A08DD92D05DFFFFFFFFFFBDFFF000170162E074374AF409EC38E
12976C2B89E982D7C21256A51A44EE8D392205DFFFFFFFFFFBBFFF000178162E074374AF409EC3A6
12981B2B8A9782D76E12576E1A45588CE91B05DFFFFFFFFFFBDFFF000166162E074374AF409EC3BE
129A322B8CE382D7281259911A46AD8C891905DFFFFFFFFFFBDFFF000176162E084374B0409EC3D6
12A04C2B941182D6EB125FD21A4AC28C191205DFFFFFFFFFFBCFFF000174162E084374B0409EC3EE
12A5772B99B482D69D1265031A4DDD8B790A05DFFFFFFFFFFBEFFF00016C162E084374B0409EC306
12AA0B2B9EB682D63712694D1A507989F8F905DFFFFFFFFFFBDFFF000168162E094374B0409EC31E
12AC352BA0E982D5D3126B511A519B88A8E305DFFFFFFFFFFBDFFF00017D162E094374B1409EC336
12AD672BA21D82D599126C3B1A522386E8CC05DFFFFFFFFFFBEFFF00017A162E094374B1409EB34E
12AF342BA3E482D567126E601A53438628BF05DFFFFFFFFFFBCFFF000175162E0A4374B1409EB366
12B36A2BA78E82D51312726F1A55318598B305DFFFFFFFFFFBEFFF000174162E0A4374B2409EB37E
12B4D72BA82F82D4B01273AE1A557984F8AC05DFFFFFFFFFFBFFFF00017C162E0B4374B2409EB396
12B6102BA8E182D4621274DD1A55E18458A905CFFFFFFFFFFBDFFF000180162E0B4374B3409EA3AE
12B8132BAB0B82D4321276BF1A57058518A605CFFFFFFFFFFBDFFF000177162E0B4374B3409EA3C6
12B97E2BAC7682D3FA12785F1A57E384E8A705CFFFFFFFFFFBDFFF00017F162E0C4374B3409EA3DE
12BB312BADF582D3A6127A121A58BB8488A005EFFFFFFFFFFBDFFF000181162E0C4374B3409EA3F6
12BD242BAFA882D33D127C011A59AC84589D062FFFFFFFFFFBEFFF00017F162E0C4374B4409EA30E
12BE6B2BB0CA82D2E8127D121A5A3483F89C05CFFFFFFFFFFBEFFF000185162E0D4374B4409EA326
12BF5B2BB1CB82D2AF127E061A5AC583B89805CFFFFFFFFFFBCFFF00018D162E0D4374B4409E933E
12BF922BB21F82D279127E4E1A5AFA83E89505CFFFFFFFFFFBEFFF000184162E0D4374B5409EA356
12C0782BB32B82D232127F4C1A5B98837891063FFFFFFFFFFBCFFF000191162E0E4374B5409E936E
12C2182BB45082D1D81280C61A5C1E83288D05CFFFFFFFFFFBDFFF00019C162E0E4374B5409EA386
12C2DB2BB42682D18912819B1A5C1382E88D05CFFFFFFFFFFBCFFF0001A6162E0E4374B6409E939E
12C4B72BB52082D1471283771A5C9E82F88C05CFFFFFFFFFFBBFFF0001A2162E0F4374B6409E83B6
12C4F22BB48B82D0F51283991A5C4983588D05CFFFFFFFFFFBBFFF0001B1162E0F4374B6409E93CE
12C42A2BB2D882D0981282C61A5B4D83C893062FFFFFFFFFFBBFFF0001BC162E104374B7409E83E6
12C34D2BB0A582D0571281F61A5A1D84289705FFFFFFFFFFFBCFFF0001BB162E104374B7409E83FE
12C26E2BAD1882D02712815D1A585A84F89E05CFFFFFFFFFFBCFFF0001C7162E104374B7409E8316
12C4A92BAD8A82CFEE12837E1A58678608AD05BFFFFFFFFFFBDFFF0001BC162E114374B7409E832E
12C6012BAC8382CF911284E91A57DE8788C405EFFFFFFFFFFBBFFF0001CB162E114374B8409E8346
12D39A2BB8F282CF251295651A606C88C8DC05CFFFFFFFFFFBDFFF0001D6162E114374B8409E835E
12EBF22BD4BA82CEDE12AA561A6E2D8988E705BFFFFFFFFFFB5FFF0001E0162E124374B9409E8376
12EFB02BD98082CEAD12AD791A70658728CD05BFFFFFFFFFFB2FFF0001BD162E124374B9409E838E
12F1762BDBDA82CE6012AFB31A71E682988F05BFFFFFFFFFFB0FFF0001BE162E124374B9409E83A6
12F67D2BE20682CE0412B4B41A75457FE86305BFFFFFFFFFFB1FFF0001CD162E134374B9409E83BE
12FADE2BE72382CDC212B8AE1A77F47E684C05BFFFFFFFFFFB3FFF0001D1162E134374BA409E73D6
12FC3E2BE8C982CD8212BA241A78E57CD83B05BFFFFFFFFFFB2FFF0001C9162E144374BA409E73EE
12FD0A2BE9D982CD2712BB251A799A7C583005BFFFFFFFFFFB3FFF0001E2162E144374BA409E6306
1301402BEF3682CCD012BF3A1A7C777C382505BFFFFFFFFFFB3FFF00020C162E144374BB409E731E
1302CA2BF0E682CC8112C0B61A7D637BC81D05BFFFFFFFFFFB2FFF000226162E154374BB409E6336
1304F32BF39A82CC3A12C3051A7EF87B981905BFFFFFFFFFFB3FFF000244162E154374BB409E634E
130A0E2BF99082CBF712C7E71A82297B381905CFFFFFFFFFFB2FFF000244162E154374BB409E6366
130F6C2BFFBD82CB9812CDA41A85C87B181A05DFFFFFFFFFFB2FFF000254162E164374BC409E637E
1319272C0C0C82CB3F12D7211A8C877B2818065FFFFFFFFFFB3FFF000262162E164374BC409E6396
131F142C137282CB0712DC871A90437B181705FFFFFFFFFFFAFFFF000266162E164374BC409E63AE
1324832C194C82CAC612E1FF1A93957AA80F05BFFFFFFFFFFAEFFF000267162E174374BD409E63C6
13286D2C1E7D82CA5812E6241A96917A080905BFFFFFFFFFFABFFF00025F162E174374BD409E63DE
132BFA2C231282C9EC12E93C1A98D279E806063FFFFFFFFFFA2FFF00026B162E184374BD409E53F6
132EBE2C267F82C9B912EB961A9A7B797805064FFFFFFFFFF9DFFF000261162E184374BE409E530E
132D5D2C233B82C98012EA851A98DA7907FE05DFFFFFFFFFF9CFFF000265162E184374BE409E5326
132AB32C1DC782C91F12E7ED1A95E87917FA063FFFFFFFFFF9AFFF000260162E194374BE409E533E
13242B2C104682C8BB12E1781A8E747907F805BFFFFFFFFFF93FFF00025B162E194374BF409E5356
13234D2C0E8382C85C12E0A61A8D697937FA05BFFFFFFFFFF8BFFF00024D162E194374BF409E536E
131F4D2C042982C80912DCB51A87C579A80205AFFFFFFFFFF82FFF000252162E1A4374BF409E4386
131EB02C01F582C7C212DC261A86947A380A05BFFFFFFFFFF7EFFF00024D162E1A4374C0409E439E
131F062C025782C77212DC7A1A86C77A480B05BFFFFFFFFFF72FFF00023E162E1A4374C0409E43B6
1322742C072282C71512E0511A89C27A680D05FFFFFFFFFFF68FFF000242162E1B4374C0409E43CE
1325632C0A9682C6C012E2B81A8B527A580D05AFFFFFFFFFF6FFFF00022C162E1B4374C0409E43E6
1323F42C069882C67D12E1491A89247A780805AFFFFFFFFFF68FFF00023A162E1C4374C1409E43FE
131F972BFE8382C63312DD101A84BE7A480705AFFFFFFFFFF61FFF000227162E1C4374C1409E4316
1315252BEC2082C5D712D31E1A7AF87A280B065FFFFFFFFFF63FFF000239162E1C4374C1409E332E
1310FD2BE44882C58012CEC81A767E7A380F05BFFFFFFFFFF67FFF00023A162E1D4374C2409E4346
1307282BD26E82C54D12C6F11A6E667B181105AFFFFFFFFFF66FFF00023C162E1D4374C2409E335E
1305DA2BD01082C51C12C41A1A6B9F7B3812059FFFFFFFFFF60FFF000236162E1D4374C2409E3376
1301572BC83182C4E812BF751A67147A981205AFFFFFFFFFF5FFFF000244162E1E4374C3409E238E
13003F2BC5A482C4AD12BE1A1A65667AB810059FFFFFFFFFF59FFF00024C162E1E4374C3409E33A6
12FEB12BC13482C47D12BCA71A63147B1813059FFFFFFFFFF67FFF00024A162E1F4374C3409E23BE
13046C2BC77982C44912C2181A663C7B181205DFFFFFFFFFF04FFF000258162E1F4374C3409E23D6
12FE3B2BB51A82C3EC12BB591A5B7C7AC811064FFFFFFFFFF50FFF000264162E1F4374C4409E23EE
12F8172BA80E82C38412B60D1A55257AA81305BFFFFFFFFFF64FFF000270162E204374C4409E2306
12F74B2BA66082C34212B56C1A545F7B1817059FFFFFFFFFF5EFFF000277162E204374C4409E231E
12F7132BA5F682C31B12B51B1A54097B2818059FFFFFFFFFF60FFF00027D162E204374C5409E2336
12F6492BA1DC82C2CB12B4421A51757B8816060FFFFFFFFFF63FFF000288162E214374C5409E134E
12F2AD2B8F6882C25412B0591A470C7BD81905BFFFFFFFFFF5BFFF00028F162E214374C5409E1366
12EEE62B810782C1F112AD181A3FE77C2825059FFFFFFFFFF3AFFF0002A3162E224374C6409E137E
12ED212B72B782C1AE12AB571A37D97BB827059FFFFFFFFFF06FFF0002A3162E224374C6409E1396
12F6352B746482C15112B47A1A38AF7B8822059FFFFFFFFFEF9FFF0002A9162E224374C6409E13AE
12F69E2B64B082C0EF12B4931A2FB17B581F058FFFFFFFFFEE8FFF0002C1162E234374C7409E03C6
12F61D2B51D882C09712B4341A25937AB81B057FFFFFFFFFEE6FFF0002CD162E234374C7409E03DE
12F8422B51E182C03B12B6441A25B27A981A057FFFFFFFFFED0FFF0002D5162E234374C7409E03F6
12FB0F2B52DE82BFD812B95C1A26367CE82D057FFFFFFFFFEADFFF0002D1162E244374C7409E030E
13025E2B54CC82BF7412C1D61A27997ED847057FFFFFFFFFEDBFFF0002D6162E244374C8409E0326
1312512B5AE182BF0D12D16B1A2AF780685D057FFFFFFFFFEF8FFF0002DE162E244374C8409E033E
1322652B608E82BEB012E22D1A2E2B80E866058FFFFFFFFFF05FFF0002D3162E254374C8409E0356
1339312B747182BE6612F7941A39107F6859057FFFFFFFFFF13FFF0002D8162E254374C9409E036E
134C492B89A482BE13130A991A451A7D083C057FFFFFFFFFF24FFF0002E7162E264374C9409E0386
1376102BA28882BD9B1334AA1A51B87A7817056FFFFFFFFFF40FFF0002EE162E264374C9409DF39E
1374212B823082BD2013308F1A3F707827EF056FFFFFFFFFF6AFFF000303162E264374CA409DF3B6
136A8A2B647182BCDC1327B91A314F7577C7056FFFFFFFFFF98FFF0002FD162E274374CA409DF3CE
1366BB2B556C82BCC41323BB1A27D17477B2056FFFFFFFFFFA0FFF000303162E274374CA409DE3E6
136AC42B575582BC851327701A287D7447B0412FFFFFFFFFFA0FFF0002FF162E274374CA409DE3FE
136C402B52F682BC1F1328BF1A25FD7417B5056FFFFFFFFFFA5FFF0002FC162E284374CB409DE316
1372372B588A82BBBE132ED41A29427407B5056FFFFFFFFFFAAFFF0002F3162E284374CB409DE32E
1373BB2B581482BB85132FC01A28F57407AE056FFFFFFFFFFABFFF0002F8162E294374CB409DE346
1375382B43C682BB4B1331F01A1D0C73D7A8055FFFFFFFFFFABFFF0002F1162E294374CB409DE35E
13B8B12AEB8782BAF71375B119ED167377A8055FFFFFFFFFFACFFF0002F9162E294374CC409DE376
13F14B2ABE4982BAAA13A87919D6F372779C055FFFFFFFFFFACFFF0002F3162E2A4374CC409DE38E
1400872A9ABB82BA7E13B4FD19C51671478F055FFFFFFFFFFA7FFF0002FA162E2A4374CC409DE3A6
1408B42A837582BA4613C25D19B4DE715790054FFFFFFFFFFA2FFF0002EB162E2A4374CD409DE3BE
1410912A64D982B9FE13CAC419A38071E78B054FFFFFFFFFFA2FFF0002E8162E2B4374CD409DD3D6
1420252A314D82B9AB13DA661986D371C789053FFFFFFFFFF9CFFF0002F8162E2B4374CD409DD3EE
142ED529F90582B96E13E701196BE9718789053FFFFFFFFFF9CFFF000304162E2B4374CE409DD306
14343E29DB8182B95313EEE6195558717789053FFFFFFFFFF95FFF000308162E2C4374CE409DD31E
143C5929A73B82B94013F31C19466F714788053FFFFFFFFFF8DFFF0002FC162E2C4374CE409DD336
14468729675182B8F413FF93191A7A711785054FFFFFFFFFF88FFF000304162E2D4374CE409DD34E
144BB22947B182B89414049E1908ED70977D4C9FFFFFFFFFF80FFF000301162E2D4374CF409DC366
144D10293FDA82B86D1405231907556FF777053FFFFFFFFFF77FFF0002EF162E2D4374CF409DC37E
144F88292C8B82B85114094B18F7836FA772053FFFFFFFFFF70FFF0002F4162E2E4374CF409DC396
145152291E1982B815140A7218F2186F5772053FFFFFFFFFF6CFFF0002F6162E2E4374D0409DC3AE
1455EF29071482B7E1140EA818E61C6F9772053FFFFFFFFFF67FFF0002F2162E2E4374D0409DC3C6
1454E029051A82B7B8140ED218E155701775053FFFFFFFFFF62FFF0002F7162E2F4374D0409DC3DE
145239291A2882B7B2140B8318F0226F6776052FFFFFFFFFF61FFF0002F6162E2F4374D1409DC3F6
1453842918DA82B7C4140CBA18ED4F6EA772052FFFFFFFFFF5EFFF000301162E304374D1409DC30E
14527E291E8882B7CD140B7918F15F6EB76E052FFFFFFFFFF60FFF0002FF162E304374D1409DC326
1450FE292ACA82B7CA140B2B18F56B6EF76D053FFFFFFFFFF61FFF0002C3162E304374D2409DB33E
145350291FA282B7C4140B3418F4E66EE76A053FFFFFFFFFF5CFFF000286162E314374D2409DB356
1450D52926FB82B7BC140C5118F05A6F176F053FFFFFFFFFF61FFF000228162E314374D2409DB36E
1450C229255A82B7C0140AEF18F2076F0776053FFFFFFFFFF61FFF0001FC162E324374D2409DB386
144EAD29353882B7D01408EC18FAC36EC772052FFFFFFFFFF63FFF0001F9162E324374D3409DB39E
14502C292AB082B7CF14092318F9016EC76E053FFFFFFFFFF67FFF000231162E324374D3409DA3B6
14517429251B82B7C11409E218F6AD6F176D52EFFFFFFFFFF67FFF00025A162E334374D3409DA3CE
1450BA29260082B7C11409C818F6F46F3773053FFFFFFFFFF65FFF00025A162E334374D4409DA3E6
1450C229258382B7CF140A1818F5966F4773052FFFFFFFFFF66FFF000252162E334374D4409DA3FE
14513D2920BD82B7BE140A6C18F3436F377005EFFFFFFFFFF66FFF000250162E344374D4409DA316
14513E29204182B7A2140A4D18F2EC6F076F060FFFFFFFFFF63FFF000292162E344374D5409D822E
1451D7291C5882B7B9140ACE18F18C6EC77105FFFFFFFFFFF60FFF0002EA162E354374D5409D8246
1451B9291A7D82B7D7140B4318F04E73479205FFFFFFFFFFF64FFF0002EB162E354374D5409D825E
